row	col	voltage	tot_avg	tot_std	toa_avg	toa_std	efficiency_tot	efficiency_toa
0	0	77	4.194	0.477	16.452	1.028	1.0	1.0
0	0	74	4.0	0.0	17.0	0.577	1.0	1.0
0	0	71	3.903	0.301	17.484	0.57	1.0	1.0
0	0	68	3.581	0.564	18.161	0.82	1.0	1.0
0	0	65	3.226	0.425	18.742	0.729	1.0	1.0
0	0	62	2.903	0.301	20.226	0.884	1.0	1.0
0	0	59	2.516	0.508	21.419	1.361	1.0	1.0
0	0	56	2.161	0.374	23.161	1.214	1.0	1.0
0	0	53	2.032	0.18	24.935	1.692	1.0	1.0
0	0	50	1.742	0.514	29.267	4.586	0.968	0.968
0	0	47	0.767	0.728	35.579	3.372	0.581	0.613
0	0	44	0.0	0.0	nan	nan	0.0	0.0
0	0	41	0.0	0.0	nan	nan	0.0	0.0
0	0	38	0.0	0.0	nan	nan	0.0	0.0
0	0	35	0.0	0.0	nan	nan	0.0	0.0
0	0	32	0.0	0.0	nan	nan	0.0	0.0
0	0	29	0.0	0.0	nan	nan	0.0	0.0
1	0	77	2.097	0.301	19.677	1.194	1.0	1.0
1	0	74	1.903	0.301	20.806	1.108	1.0	1.0
1	0	71	1.806	0.402	22.645	1.17	1.0	1.0
1	0	68	1.452	0.506	23.645	1.78	1.0	1.0
1	0	65	1.2	0.551	26.172	3.423	0.903	0.935
1	0	62	0.581	0.502	27.667	2.114	0.581	0.581
1	0	59	0.129	0.341	30.5	2.887	0.129	0.129
1	0	56	0.0	0.0	nan	nan	0.0	0.0
1	0	53	0.0	0.0	nan	nan	0.0	0.0
1	0	50	0.0	0.0	nan	nan	0.0	0.0
1	0	47	0.0	0.0	nan	nan	0.0	0.0
1	0	44	0.0	0.0	nan	nan	0.0	0.0
1	0	41	0.0	0.0	nan	nan	0.0	0.0
1	0	38	0.0	0.0	nan	nan	0.0	0.0
1	0	35	0.0	0.0	nan	nan	0.0	0.0
1	0	32	0.0	0.0	nan	nan	0.0	0.0
1	0	29	0.0	0.0	nan	nan	0.0	0.0
2	0	77	4.419	0.502	16.355	0.551	1.0	1.0
2	0	74	4.258	0.445	16.935	0.574	1.0	1.0
2	0	71	3.968	0.315	17.226	0.56	1.0	1.0
2	0	68	3.645	0.551	18.161	0.638	1.0	1.0
2	0	65	3.194	0.402	18.968	1.251	1.0	1.0
2	0	62	2.935	0.25	20.097	1.044	1.0	1.0
2	0	59	2.742	0.514	21.065	1.459	1.0	1.0
2	0	56	2.355	0.486	23.065	1.692	1.0	1.0
2	0	53	2.032	0.18	25.355	2.402	1.0	1.0
2	0	50	1.774	0.425	29.871	3.819	1.0	1.0
2	0	47	0.857	0.803	35.65	6.029	0.548	0.645
2	0	44	0.0	0.0	nan	nan	0.0	0.0
2	0	41	0.0	0.0	nan	nan	0.0	0.0
2	0	38	0.0	0.0	nan	nan	0.0	0.0
2	0	35	0.0	0.0	nan	nan	0.0	0.0
2	0	32	0.0	0.0	nan	nan	0.0	0.0
2	0	29	0.0	0.0	nan	nan	0.0	0.0
3	0	77	2.677	0.599	18.516	0.811	1.0	1.0
3	0	74	2.032	0.18	19.29	0.693	1.0	1.0
3	0	71	2.0	0.0	20.161	0.735	1.0	1.0
3	0	68	1.968	0.18	21.226	0.99	1.0	1.0
3	0	65	1.871	0.428	22.29	1.774	1.0	1.0
3	0	62	1.548	0.506	24.226	1.783	1.0	1.0
3	0	59	1.032	0.315	26.333	2.857	0.968	0.968
3	0	56	0.643	0.621	29.368	4.031	0.516	0.613
3	0	53	0.032	0.18	27.0	0.0	0.032	0.032
3	0	50	0.0	0.0	nan	nan	0.0	0.0
3	0	47	0.0	0.0	nan	nan	0.0	0.0
3	0	44	0.0	0.0	nan	nan	0.0	0.0
3	0	41	0.0	0.0	nan	nan	0.0	0.0
3	0	38	0.0	0.0	nan	nan	0.0	0.0
3	0	35	0.0	0.0	nan	nan	0.0	0.0
3	0	32	0.0	0.0	nan	nan	0.0	0.0
3	0	29	0.0	0.0	nan	nan	0.0	0.0
4	0	77	2.806	0.601	17.806	0.654	1.0	1.0
4	0	74	2.516	0.508	18.258	0.773	1.0	1.0
4	0	71	2.065	0.25	19.097	0.539	1.0	1.0
4	0	68	1.935	0.25	19.903	0.831	1.0	1.0
4	0	65	1.645	0.486	21.226	1.117	1.0	1.0
4	0	62	1.484	0.508	22.419	1.259	1.0	1.0
4	0	59	1.065	0.25	25.258	3.759	1.0	1.0
4	0	56	0.806	0.543	26.609	2.369	0.742	0.742
4	0	53	0.167	0.379	28.5	4.087	0.161	0.194
4	0	50	0.032	0.18	29.0	0.0	0.032	0.032
4	0	47	0.0	0.0	nan	nan	0.0	0.0
4	0	44	0.0	0.0	nan	nan	0.0	0.0
4	0	41	0.0	0.0	nan	nan	0.0	0.0
4	0	38	0.0	0.0	nan	nan	0.0	0.0
4	0	35	0.0	0.0	nan	nan	0.0	0.0
4	0	32	0.0	0.0	nan	nan	0.0	0.0
4	0	29	0.0	0.0	nan	nan	0.0	0.0
5	0	77	3.419	0.502	18.29	0.739	1.0	1.0
5	0	74	3.129	0.428	19.032	0.875	1.0	1.0
5	0	71	2.903	0.301	19.71	0.693	1.0	1.0
5	0	68	2.613	0.495	20.774	1.055	1.0	1.0
5	0	65	2.161	0.374	21.677	1.045	1.0	1.0
5	0	62	2.032	0.18	23.0	1.751	1.0	1.0
5	0	59	2.0	0.0	24.774	1.203	1.0	1.0
5	0	56	1.871	0.428	28.3	3.344	0.968	0.968
5	0	53	1.724	0.455	32.677	3.798	0.935	1.0
5	0	50	0.448	0.736	36.455	4.228	0.29	0.355
5	0	47	0.0	0.0	nan	nan	0.0	0.0
5	0	44	0.0	0.0	nan	nan	0.0	0.0
5	0	41	0.0	0.0	nan	nan	0.0	0.0
5	0	38	0.0	0.0	nan	nan	0.0	0.0
5	0	35	0.0	0.0	nan	nan	0.0	0.0
5	0	32	0.0	0.0	nan	nan	0.0	0.0
5	0	29	0.0	0.0	nan	nan	0.0	0.0
6	0	77	3.516	0.57	18.387	0.667	1.0	1.0
6	0	74	3.097	0.301	19.032	0.875	1.0	1.0
6	0	71	2.839	0.374	19.71	1.071	1.0	1.0
6	0	68	2.484	0.508	20.581	1.148	1.0	1.0
6	0	65	2.065	0.25	22.194	1.046	1.0	1.0
6	0	62	2.0	0.0	22.968	1.016	1.0	1.0
6	0	59	2.0	0.0	24.839	2.709	1.0	1.0
6	0	56	1.871	0.341	27.968	3.178	1.0	1.0
6	0	53	1.786	0.499	31.333	3.367	0.871	0.968
6	0	50	0.679	0.905	33.857	4.704	0.355	0.452
6	0	47	0.033	0.183	36.5	0.707	0.032	0.065
6	0	44	0.0	0.0	nan	nan	0.0	0.0
6	0	41	0.0	0.0	nan	nan	0.0	0.0
6	0	38	0.0	0.0	nan	nan	0.0	0.0
6	0	35	0.0	0.0	nan	nan	0.0	0.0
6	0	32	0.0	0.0	nan	nan	0.0	0.0
6	0	29	0.0	0.0	nan	nan	0.0	0.0
7	0	77	4.387	0.495	15.419	0.502	1.0	1.0
7	0	74	4.129	0.341	15.903	0.651	1.0	1.0
7	0	71	4.032	0.18	16.452	0.568	1.0	1.0
7	0	68	3.935	0.25	16.677	0.702	1.0	1.0
7	0	65	3.645	0.486	17.516	0.926	1.0	1.0
7	0	62	3.161	0.688	18.161	0.86	1.0	1.0
7	0	59	2.613	0.715	18.71	1.071	1.0	1.0
7	0	56	2.129	0.341	20.29	1.596	1.0	1.0
7	0	53	2.032	0.18	21.871	1.204	1.0	1.0
7	0	50	1.871	0.341	22.742	1.413	1.0	1.0
7	0	47	1.677	0.475	25.774	2.604	1.0	1.0
7	0	44	1.034	0.731	28.417	3.513	0.71	0.774
7	0	41	0.194	0.477	28.0	3.674	0.161	0.161
7	0	38	0.0	0.0	nan	nan	0.0	0.0
7	0	35	0.0	0.0	nan	nan	0.0	0.0
7	0	32	0.0	0.0	nan	nan	0.0	0.0
7	0	29	0.0	0.0	nan	nan	0.0	0.0
8	0	77	4.0	0.0	17.097	0.396	1.0	1.0
8	0	74	3.871	0.341	17.581	0.672	1.0	1.0
8	0	71	3.484	0.57	17.839	0.86	1.0	1.0
8	0	68	3.065	0.629	18.871	0.957	1.0	1.0
8	0	65	2.355	0.486	20.129	1.477	1.0	1.0
8	0	62	2.065	0.25	20.677	1.376	1.0	1.0
8	0	59	2.032	0.18	21.839	1.157	1.0	1.0
8	0	56	2.0	0.0	23.742	1.29	1.0	1.0
8	0	53	2.0	0.0	26.032	2.302	1.0	1.0
8	0	50	1.733	0.521	29.967	3.943	0.935	0.968
8	0	47	0.633	0.809	34.286	5.195	0.419	0.452
8	0	44	0.1	0.403	37.333	3.512	0.065	0.097
8	0	41	0.0	0.0	nan	nan	0.0	0.0
8	0	38	0.0	0.0	nan	nan	0.0	0.0
8	0	35	0.0	0.0	nan	nan	0.0	0.0
8	0	32	0.0	0.0	nan	nan	0.0	0.0
8	0	29	0.0	0.0	nan	nan	0.0	0.0
9	0	77	4.032	0.875	18.194	0.601	1.0	1.0
9	0	74	3.484	0.677	18.935	0.727	1.0	1.0
9	0	71	3.065	0.25	20.097	0.87	1.0	1.0
9	0	68	3.0	0.258	20.806	1.078	1.0	1.0
9	0	65	2.968	0.18	22.161	1.214	1.0	1.0
9	0	62	2.742	0.445	23.645	1.582	1.0	1.0
9	0	59	2.323	0.475	25.516	1.947	1.0	1.0
9	0	56	2.0	0.258	29.29	3.309	1.0	1.0
9	0	53	1.5	0.63	33.5	4.2	0.935	0.968
9	0	50	0.5	0.572	38.133	2.615	0.452	0.484
9	0	47	0.0	0.0	nan	nan	0.0	0.0
9	0	44	0.0	0.0	nan	nan	0.0	0.0
9	0	41	0.0	0.0	nan	nan	0.0	0.0
9	0	38	0.0	0.0	nan	nan	0.0	0.0
9	0	35	0.0	0.0	nan	nan	0.0	0.0
9	0	32	0.0	0.0	nan	nan	0.0	0.0
9	0	29	0.0	0.0	nan	nan	0.0	0.0
10	0	77	3.548	0.624	18.226	0.56	1.0	1.0
10	0	74	3.065	0.68	18.419	0.807	1.0	1.0
10	0	71	2.548	0.506	19.581	0.923	1.0	1.0
10	0	68	2.194	0.402	20.355	1.05	1.0	1.0
10	0	65	2.0	0.0	22.258	1.999	1.0	1.0
10	0	62	2.0	0.0	23.581	1.728	1.0	1.0
10	0	59	2.0	0.0	25.419	2.986	1.0	1.0
10	0	56	1.933	0.254	29.065	2.966	0.968	1.0
10	0	53	0.958	0.908	34.238	4.024	0.452	0.677
10	0	50	0.067	0.254	35.667	2.517	0.065	0.097
10	0	47	0.0	0.0	nan	nan	0.0	0.0
10	0	44	0.0	0.0	nan	nan	0.0	0.0
10	0	41	0.0	0.0	nan	nan	0.0	0.0
10	0	38	0.0	0.0	nan	nan	0.0	0.0
10	0	35	0.0	0.0	nan	nan	0.0	0.0
10	0	32	0.0	0.0	nan	nan	0.0	0.0
10	0	29	0.0	0.0	nan	nan	0.0	0.0
11	0	77	3.871	0.341	16.581	0.848	1.0	1.0
11	0	74	3.71	0.461	17.161	0.735	1.0	1.0
11	0	71	3.29	0.693	17.935	0.854	1.0	1.0
11	0	68	2.677	0.702	18.613	1.022	1.0	1.0
11	0	65	2.226	0.425	19.548	1.06	1.0	1.0
11	0	62	1.968	0.18	20.161	1.214	1.0	1.0
11	0	59	1.933	0.254	22.452	2.827	0.968	1.0
11	0	56	1.806	0.402	23.806	2.414	1.0	1.0
11	0	53	1.567	0.568	26.567	5.847	0.935	0.968
11	0	50	0.929	0.716	29.348	3.563	0.645	0.742
11	0	47	0.069	0.258	33.5	3.697	0.065	0.129
11	0	44	0.0	0.0	nan	nan	0.0	0.0
11	0	41	0.0	0.0	nan	nan	0.0	0.0
11	0	38	0.0	0.0	nan	nan	0.0	0.0
11	0	35	0.0	0.0	nan	nan	0.0	0.0
11	0	32	0.0	0.0	nan	nan	0.0	0.0
11	0	29	0.0	0.0	nan	nan	0.0	0.0
12	0	77	4.161	0.779	18.0	0.683	1.0	1.0
12	0	74	3.581	0.72	18.484	0.851	1.0	1.0
12	0	71	3.065	0.359	19.323	0.748	1.0	1.0
12	0	68	3.0	0.0	19.968	0.795	1.0	1.0
12	0	65	3.0	0.0	21.419	1.177	1.0	1.0
12	0	62	2.839	0.374	22.355	1.279	1.0	1.0
12	0	59	2.548	0.506	23.355	1.33	1.0	1.0
12	0	56	2.194	0.477	26.097	2.385	1.0	1.0
12	0	53	1.774	0.425	30.742	4.066	1.0	1.0
12	0	50	1.31	0.712	35.556	5.437	0.806	0.871
12	0	47	0.097	0.301	41.333	3.786	0.097	0.097
12	0	44	0.0	0.0	nan	nan	0.0	0.0
12	0	41	0.0	0.0	nan	nan	0.0	0.0
12	0	38	0.0	0.0	nan	nan	0.0	0.0
12	0	35	0.0	0.0	nan	nan	0.0	0.0
12	0	32	0.0	0.0	nan	nan	0.0	0.0
12	0	29	0.0	0.0	nan	nan	0.0	0.0
13	0	77	2.032	0.18	20.71	1.419	1.0	1.0
13	0	74	2.0	0.0	21.355	1.112	1.0	1.0
13	0	71	1.774	0.425	23.419	2.68	1.0	1.0
13	0	68	1.548	0.506	24.387	1.667	1.0	1.0
13	0	65	1.069	0.258	27.194	3.351	0.935	1.0
13	0	62	0.731	0.452	31.917	3.889	0.613	0.774
13	0	59	0.033	0.183	33.5	4.95	0.032	0.065
13	0	56	0.0	0.0	nan	nan	0.0	0.0
13	0	53	0.0	0.0	nan	nan	0.0	0.0
13	0	50	0.0	0.0	nan	nan	0.0	0.0
13	0	47	0.0	0.0	nan	nan	0.0	0.0
13	0	44	0.0	0.0	nan	nan	0.0	0.0
13	0	41	0.0	0.0	nan	nan	0.0	0.0
13	0	38	0.0	0.0	nan	nan	0.0	0.0
13	0	35	0.0	0.0	nan	nan	0.0	0.0
13	0	32	0.0	0.0	nan	nan	0.0	0.0
13	0	29	0.0	0.0	nan	nan	0.0	0.0
14	0	77	3.129	0.499	17.581	0.765	1.0	1.0
14	0	74	2.581	0.672	18.258	0.773	1.0	1.0
14	0	71	2.258	0.445	18.677	0.832	1.0	1.0
14	0	68	1.935	0.25	19.613	0.882	1.0	1.0
14	0	65	1.839	0.374	21.226	1.23	1.0	1.0
14	0	62	1.516	0.508	22.323	1.869	1.0	1.0
14	0	59	1.1	0.403	24.533	2.636	0.935	0.968
14	0	56	0.8	0.61	26.364	2.821	0.677	0.71
14	0	53	0.143	0.356	30.0	4.163	0.129	0.226
14	0	50	0.0	0.0	34.0	0.0	0.0	0.032
14	0	47	0.0	0.0	nan	nan	0.0	0.0
14	0	44	0.0	0.0	nan	nan	0.0	0.0
14	0	41	0.0	0.0	nan	nan	0.0	0.0
14	0	38	0.0	0.0	nan	nan	0.0	0.0
14	0	35	0.0	0.0	nan	nan	0.0	0.0
14	0	32	0.0	0.0	nan	nan	0.0	0.0
14	0	29	0.0	0.0	nan	nan	0.0	0.0
15	0	77	1.839	0.374	20.29	1.321	1.0	1.0
15	0	74	1.516	0.508	21.387	1.174	1.0	1.0
15	0	71	1.387	0.495	22.226	1.023	1.0	1.0
15	0	68	1.161	0.374	23.484	1.546	1.0	1.0
15	0	65	0.903	0.301	26.286	2.537	0.903	0.903
15	0	62	0.355	0.486	27.818	2.04	0.355	0.355
15	0	59	0.0	0.0	nan	nan	0.0	0.0
15	0	56	0.0	0.0	nan	nan	0.0	0.0
15	0	53	0.0	0.0	nan	nan	0.0	0.0
15	0	50	0.0	0.0	nan	nan	0.0	0.0
15	0	47	0.0	0.0	nan	nan	0.0	0.0
15	0	44	0.0	0.0	nan	nan	0.0	0.0
15	0	41	0.0	0.0	nan	nan	0.0	0.0
15	0	38	0.0	0.0	nan	nan	0.0	0.0
15	0	35	0.0	0.0	nan	nan	0.0	0.0
15	0	32	0.0	0.0	nan	nan	0.0	0.0
15	0	29	0.0	0.0	nan	nan	0.0	0.0
16	0	77	4.419	0.502	16.581	0.564	1.0	1.0
16	0	74	4.161	0.374	17.032	0.482	1.0	1.0
16	0	71	3.968	0.407	17.806	0.477	1.0	1.0
16	0	68	3.548	0.506	18.419	1.025	1.0	1.0
16	0	65	3.065	0.25	19.226	0.92	1.0	1.0
16	0	62	2.903	0.301	20.0	0.775	1.0	1.0
16	0	59	2.774	0.425	21.226	1.454	1.0	1.0
16	0	56	2.226	0.425	23.452	1.312	1.0	1.0
16	0	53	2.0	0.0	25.387	2.883	1.0	1.0
16	0	50	1.903	0.301	29.645	3.647	1.0	1.0
16	0	47	1.323	0.791	33.615	4.08	0.839	0.839
16	0	44	0.097	0.301	37.333	1.528	0.097	0.097
16	0	41	0.0	0.0	nan	nan	0.0	0.0
16	0	38	0.0	0.0	nan	nan	0.0	0.0
16	0	35	0.0	0.0	nan	nan	0.0	0.0
16	0	32	0.0	0.0	nan	nan	0.0	0.0
16	0	29	0.0	0.0	nan	nan	0.0	0.0
17	0	77	4.516	0.57	16.065	0.574	1.0	1.0
17	0	74	4.387	0.495	16.387	0.615	1.0	1.0
17	0	71	3.935	0.25	17.29	0.739	1.0	1.0
17	0	68	3.839	0.374	17.645	1.05	1.0	1.0
17	0	65	3.323	0.599	18.516	0.962	1.0	1.0
17	0	62	2.774	0.617	19.194	1.046	1.0	1.0
17	0	59	2.323	0.475	20.323	1.326	1.0	1.0
17	0	56	2.129	0.341	21.677	1.6	1.0	1.0
17	0	53	1.935	0.25	23.581	1.455	1.0	1.0
17	0	50	1.821	0.548	26.207	4.491	0.839	0.935
17	0	47	1.033	0.85	29.0	3.24	0.645	0.677
17	0	44	0.032	0.18	37.0	0.0	0.032	0.032
17	0	41	0.0	0.0	nan	nan	0.0	0.0
17	0	38	0.0	0.0	nan	nan	0.0	0.0
17	0	35	0.0	0.0	nan	nan	0.0	0.0
17	0	32	0.0	0.0	nan	nan	0.0	0.0
17	0	29	0.0	0.0	nan	nan	0.0	0.0
18	0	77	3.419	0.502	16.871	0.619	1.0	1.0
18	0	74	3.065	0.359	17.226	0.56	1.0	1.0
18	0	71	2.71	0.461	18.0	1.033	1.0	1.0
18	0	68	2.226	0.425	18.613	0.615	1.0	1.0
18	0	65	2.0	0.258	19.613	0.715	1.0	1.0
18	0	62	1.871	0.341	20.516	1.503	1.0	1.0
18	0	59	1.548	0.506	21.645	1.199	1.0	1.0
18	0	56	1.258	0.445	23.806	2.167	1.0	1.0
18	0	53	0.733	0.45	27.043	3.183	0.71	0.742
18	0	50	0.2	0.407	26.714	2.87	0.194	0.226
18	0	47	0.032	0.18	32.0	0.0	0.032	0.032
18	0	44	0.0	0.0	nan	nan	0.0	0.0
18	0	41	0.0	0.0	nan	nan	0.0	0.0
18	0	38	0.0	0.0	nan	nan	0.0	0.0
18	0	35	0.0	0.0	nan	nan	0.0	0.0
18	0	32	0.0	0.0	nan	nan	0.0	0.0
18	0	29	0.0	0.0	nan	nan	0.0	0.0
19	0	77	6.258	0.445	16.032	0.605	1.0	1.0
19	0	74	6.0	0.0	16.548	0.568	1.0	1.0
19	0	71	6.0	0.258	16.871	0.619	1.0	1.0
19	0	68	5.677	0.599	17.323	0.599	1.0	1.0
19	0	65	4.903	0.7	18.194	1.014	1.0	1.0
19	0	62	4.258	0.575	18.774	0.669	1.0	1.0
19	0	59	3.903	0.301	20.032	0.875	1.0	1.0
19	0	56	3.903	0.301	20.871	0.922	1.0	1.0
19	0	53	3.677	0.475	22.323	1.222	1.0	1.0
19	0	50	3.129	0.341	23.903	1.221	1.0	1.0
19	0	47	3.032	0.18	26.613	2.201	1.0	1.0
19	0	44	2.935	0.359	28.871	3.914	1.0	1.0
19	0	41	2.226	0.669	35.677	4.792	1.0	1.0
19	0	38	1.033	0.718	43.042	4.515	0.742	0.774
19	0	35	0.0	0.0	nan	nan	0.0	0.0
19	0	32	0.0	0.0	nan	nan	0.0	0.0
19	0	29	0.0	0.0	nan	nan	0.0	0.0
20	0	77	4.452	0.506	16.355	0.551	1.0	1.0
20	0	74	4.258	0.514	16.645	1.226	1.0	1.0
20	0	71	3.968	0.407	17.419	1.089	1.0	1.0
20	0	68	3.742	0.514	17.935	0.727	1.0	1.0
20	0	65	3.194	0.402	18.839	0.735	1.0	1.0
20	0	62	3.065	0.25	19.742	1.094	1.0	1.0
20	0	59	2.839	0.374	20.968	0.983	1.0	1.0
20	0	56	2.387	0.495	22.355	1.279	1.0	1.0
20	0	53	2.194	0.402	24.516	2.234	1.0	1.0
20	0	50	1.968	0.18	26.935	3.759	1.0	1.0
20	0	47	1.367	0.718	33.667	5.691	0.839	0.871
20	0	44	0.355	0.608	36.222	3.346	0.29	0.29
20	0	41	0.0	0.0	nan	nan	0.0	0.0
20	0	38	0.0	0.0	nan	nan	0.0	0.0
20	0	35	0.0	0.0	nan	nan	0.0	0.0
20	0	32	0.0	0.0	nan	nan	0.0	0.0
20	0	29	0.0	0.0	nan	nan	0.0	0.0
21	0	77	2.645	0.608	18.226	0.762	1.0	1.0
21	0	74	2.161	0.374	18.903	0.79	1.0	1.0
21	0	71	2.065	0.25	19.677	0.945	1.0	1.0
21	0	68	2.032	0.18	20.71	1.442	1.0	1.0
21	0	65	1.774	0.497	21.871	1.628	1.0	1.0
21	0	62	1.419	0.502	23.452	1.912	1.0	1.0
21	0	59	0.903	0.473	26.577	2.701	0.839	0.839
21	0	56	0.323	0.475	27.8	3.615	0.323	0.323
21	0	53	0.0	0.0	nan	nan	0.0	0.0
21	0	50	0.0	0.0	nan	nan	0.0	0.0
21	0	47	0.0	0.0	nan	nan	0.0	0.0
21	0	44	0.0	0.0	nan	nan	0.0	0.0
21	0	41	0.0	0.0	nan	nan	0.0	0.0
21	0	38	0.0	0.0	nan	nan	0.0	0.0
21	0	35	0.0	0.0	nan	nan	0.0	0.0
21	0	32	0.0	0.0	nan	nan	0.0	0.0
21	0	29	0.0	0.0	nan	nan	0.0	0.0
22	0	77	5.839	0.374	16.097	0.473	1.0	1.0
22	0	74	5.258	0.445	16.968	0.657	1.0	1.0
22	0	71	5.129	0.428	17.065	0.727	1.0	1.0
22	0	68	4.581	0.62	18.032	1.08	1.0	1.0
22	0	65	4.323	0.541	18.613	0.882	1.0	1.0
22	0	62	3.806	0.703	19.258	1.21	1.0	1.0
22	0	59	3.194	0.402	20.226	1.521	1.0	1.0
22	0	56	3.194	0.402	21.452	1.609	1.0	1.0
22	0	53	2.871	0.341	23.258	1.843	1.0	1.0
22	0	50	2.774	0.56	26.032	4.07	1.0	1.0
22	0	47	2.097	0.746	30.194	4.269	1.0	1.0
22	0	44	1.806	0.833	32.967	4.181	0.968	0.968
22	0	41	0.6	0.675	37.562	4.381	0.484	0.516
22	0	38	0.0	0.0	nan	nan	0.0	0.0
22	0	35	0.0	0.0	nan	nan	0.0	0.0
22	0	32	0.0	0.0	nan	nan	0.0	0.0
22	0	29	0.0	0.0	nan	nan	0.0	0.0
23	0	77	4.097	0.597	17.452	0.768	1.0	1.0
23	0	74	3.645	0.608	18.129	0.67	1.0	1.0
23	0	71	3.226	0.425	18.71	0.643	1.0	1.0
23	0	68	3.161	0.374	19.419	1.523	1.0	1.0
23	0	65	3.0	0.365	20.419	1.119	1.0	1.0
23	0	62	2.677	0.475	21.839	1.214	1.0	1.0
23	0	59	2.419	0.502	23.065	1.526	1.0	1.0
23	0	56	2.065	0.359	26.129	3.096	1.0	1.0
23	0	53	1.935	0.359	28.367	2.965	0.968	0.968
23	0	50	1.5	0.682	32.643	3.561	0.871	0.903
23	0	47	0.419	0.672	36.8	3.327	0.323	0.323
23	0	44	0.0	0.0	nan	nan	0.0	0.0
23	0	41	0.0	0.0	nan	nan	0.0	0.0
23	0	38	0.0	0.0	nan	nan	0.0	0.0
23	0	35	0.0	0.0	nan	nan	0.0	0.0
23	0	32	0.0	0.0	nan	nan	0.0	0.0
23	0	29	0.0	0.0	nan	nan	0.0	0.0
24	0	77	2.806	0.654	18.774	0.884	1.0	1.0
24	0	74	2.581	0.672	18.903	0.7	1.0	1.0
24	0	71	2.194	0.477	20.0	1.033	1.0	1.0
24	0	68	1.935	0.25	21.484	2.475	1.0	1.0
24	0	65	1.839	0.374	22.677	1.681	1.0	1.0
24	0	62	1.774	0.497	23.567	1.524	0.968	0.968
24	0	59	1.433	0.504	26.548	2.908	0.968	1.0
24	0	56	0.967	0.49	28.593	3.456	0.839	0.871
24	0	53	0.148	0.362	33.875	2.295	0.129	0.258
24	0	50	0.0	0.0	nan	nan	0.0	0.0
24	0	47	0.0	0.0	nan	nan	0.0	0.0
24	0	44	0.0	0.0	nan	nan	0.0	0.0
24	0	41	0.0	0.0	nan	nan	0.0	0.0
24	0	38	0.0	0.0	nan	nan	0.0	0.0
24	0	35	0.0	0.0	nan	nan	0.0	0.0
24	0	32	0.0	0.0	nan	nan	0.0	0.0
24	0	29	0.0	0.0	nan	nan	0.0	0.0
25	0	77	6.226	0.425	14.516	0.677	1.0	1.0
25	0	74	5.968	0.315	14.903	0.87	1.0	1.0
25	0	71	5.903	0.301	15.032	0.657	1.0	1.0
25	0	68	5.613	0.495	15.516	0.724	1.0	1.0
25	0	65	5.258	0.445	16.226	0.845	1.0	1.0
25	0	62	5.0	0.0	16.774	0.845	1.0	1.0
25	0	59	4.677	0.702	17.452	1.091	1.0	1.0
25	0	56	4.065	0.727	18.581	1.025	1.0	1.0
25	0	53	3.645	0.661	19.323	1.301	1.0	1.0
25	0	50	3.065	0.25	20.677	1.6	1.0	1.0
25	0	47	3.0	0.258	23.097	1.399	1.0	1.0
25	0	44	2.871	0.428	25.097	3.081	1.0	1.0
25	0	41	2.516	0.626	28.516	4.281	1.0	1.0
25	0	38	1.567	0.858	36.5	4.221	0.871	0.903
25	0	35	0.433	0.679	39.25	5.91	0.355	0.387
25	0	32	0.0	0.0	nan	nan	0.0	0.0
25	0	29	0.0	0.0	nan	nan	0.0	0.0
26	0	77	4.742	0.445	16.806	0.601	1.0	1.0
26	0	74	4.194	0.601	17.645	0.661	1.0	1.0
26	0	71	3.613	0.803	18.323	0.871	1.0	1.0
26	0	68	3.032	0.18	19.355	0.839	1.0	1.0
26	0	65	3.032	0.315	20.161	1.098	1.0	1.0
26	0	62	2.968	0.18	21.484	1.63	1.0	1.0
26	0	59	2.774	0.425	22.806	1.493	1.0	1.0
26	0	56	2.323	0.541	24.645	3.573	1.0	1.0
26	0	53	2.129	0.341	26.032	2.183	1.0	1.0
26	0	50	1.839	0.454	31.258	5.092	1.0	1.0
26	0	47	1.133	0.681	34.808	5.72	0.806	0.839
26	0	44	0.233	0.43	39.5	1.604	0.226	0.258
26	0	41	0.0	0.0	nan	nan	0.0	0.0
26	0	38	0.0	0.0	nan	nan	0.0	0.0
26	0	35	0.0	0.0	nan	nan	0.0	0.0
26	0	32	0.0	0.0	nan	nan	0.0	0.0
26	0	29	0.0	0.0	nan	nan	0.0	0.0
27	0	77	1.871	0.562	19.129	1.088	1.0	1.0
27	0	74	1.516	0.57	20.355	1.427	1.0	1.0
27	0	71	1.29	0.461	21.355	1.082	1.0	1.0
27	0	68	1.032	0.18	22.839	1.463	1.0	1.0
27	0	65	0.839	0.374	25.462	2.486	0.839	0.839
27	0	62	0.226	0.425	26.571	2.149	0.226	0.226
27	0	59	0.065	0.25	28.0	1.414	0.065	0.065
27	0	56	0.0	0.0	nan	nan	0.0	0.0
27	0	53	0.0	0.0	nan	nan	0.0	0.0
27	0	50	0.0	0.0	nan	nan	0.0	0.0
27	0	47	0.0	0.0	nan	nan	0.0	0.0
27	0	44	0.0	0.0	nan	nan	0.0	0.0
27	0	41	0.0	0.0	nan	nan	0.0	0.0
27	0	38	0.0	0.0	nan	nan	0.0	0.0
27	0	35	0.0	0.0	nan	nan	0.0	0.0
27	0	32	0.0	0.0	nan	nan	0.0	0.0
27	0	29	0.0	0.0	nan	nan	0.0	0.0
28	0	77	3.323	0.748	18.323	0.945	1.0	1.0
28	0	74	2.484	0.57	19.129	1.024	1.0	1.0
28	0	71	2.355	0.608	19.355	1.112	1.0	1.0
28	0	68	2.097	0.301	20.71	1.371	1.0	1.0
28	0	65	1.968	0.18	22.097	1.375	1.0	1.0
28	0	62	1.871	0.341	23.355	1.664	1.0	1.0
28	0	59	1.71	0.529	24.533	2.08	0.968	0.968
28	0	56	1.0	0.73	28.13	2.685	0.742	0.742
28	0	53	0.5	0.509	29.438	3.483	0.484	0.516
28	0	50	0.0	0.0	41.0	0.0	0.0	0.032
28	0	47	0.0	0.0	nan	nan	0.0	0.0
28	0	44	0.0	0.0	nan	nan	0.0	0.0
28	0	41	0.0	0.0	nan	nan	0.0	0.0
28	0	38	0.0	0.0	nan	nan	0.0	0.0
28	0	35	0.0	0.0	nan	nan	0.0	0.0
28	0	32	0.0	0.0	nan	nan	0.0	0.0
28	0	29	0.0	0.0	nan	nan	0.0	0.0
29	0	77	2.0	0.0	20.548	1.15	1.0	1.0
29	0	74	1.935	0.25	21.677	1.492	1.0	1.0
29	0	71	1.677	0.475	23.161	1.508	1.0	1.0
29	0	68	1.129	0.428	25.633	4.468	0.968	0.968
29	0	65	0.968	0.482	27.852	3.79	0.871	0.871
29	0	62	0.065	0.25	28.0	1.414	0.065	0.065
29	0	59	0.0	0.0	nan	nan	0.0	0.0
29	0	56	0.0	0.0	nan	nan	0.0	0.0
29	0	53	0.0	0.0	nan	nan	0.0	0.0
29	0	50	0.0	0.0	nan	nan	0.0	0.0
29	0	47	0.0	0.0	nan	nan	0.0	0.0
29	0	44	0.0	0.0	nan	nan	0.0	0.0
29	0	41	0.0	0.0	nan	nan	0.0	0.0
29	0	38	0.0	0.0	nan	nan	0.0	0.0
29	0	35	0.0	0.0	nan	nan	0.0	0.0
29	0	32	0.0	0.0	nan	nan	0.0	0.0
29	0	29	0.0	0.0	nan	nan	0.0	0.0
30	0	77	3.29	0.693	17.613	0.882	1.0	1.0
30	0	74	2.774	0.669	18.226	0.617	1.0	1.0
30	0	71	2.258	0.445	18.806	1.223	1.0	1.0
30	0	68	2.065	0.25	19.871	1.204	1.0	1.0
30	0	65	1.903	0.301	21.097	1.513	1.0	1.0
30	0	62	1.774	0.425	22.194	1.276	1.0	1.0
30	0	59	1.613	0.558	23.367	1.938	0.968	0.968
30	0	56	0.967	0.556	26.115	2.805	0.806	0.839
30	0	53	0.241	0.435	29.111	4.485	0.226	0.29
30	0	50	0.0	0.0	nan	nan	0.0	0.0
30	0	47	0.0	0.0	nan	nan	0.0	0.0
30	0	44	0.0	0.0	nan	nan	0.0	0.0
30	0	41	0.0	0.0	nan	nan	0.0	0.0
30	0	38	0.0	0.0	nan	nan	0.0	0.0
30	0	35	0.0	0.0	nan	nan	0.0	0.0
30	0	32	0.0	0.0	nan	nan	0.0	0.0
30	0	29	0.0	0.0	nan	nan	0.0	0.0
31	0	77	1.0	0.0	22.129	1.36	1.0	1.0
31	0	74	0.967	0.183	24.1	2.187	0.935	0.968
31	0	71	0.714	0.46	26.304	2.584	0.645	0.742
31	0	68	0.241	0.435	27.0	2.693	0.226	0.29
31	0	65	0.0	0.0	nan	nan	0.0	0.0
31	0	62	0.0	0.0	nan	nan	0.0	0.0
31	0	59	0.0	0.0	nan	nan	0.0	0.0
31	0	56	0.0	0.0	nan	nan	0.0	0.0
31	0	53	0.0	0.0	nan	nan	0.0	0.0
31	0	50	0.0	0.0	nan	nan	0.0	0.0
31	0	47	0.0	0.0	nan	nan	0.0	0.0
31	0	44	0.0	0.0	nan	nan	0.0	0.0
31	0	41	0.0	0.0	nan	nan	0.0	0.0
31	0	38	0.0	0.0	nan	nan	0.0	0.0
31	0	35	0.0	0.0	nan	nan	0.0	0.0
31	0	32	0.0	0.0	nan	nan	0.0	0.0
31	0	29	0.0	0.0	nan	nan	0.0	0.0
0	1	77	2.129	0.341	21.581	1.148	1.0	1.0
0	1	74	2.0	0.258	22.452	1.207	1.0	1.0
0	1	71	1.903	0.396	24.032	1.56	1.0	1.0
0	1	68	1.742	0.514	25.133	1.889	0.968	0.968
0	1	65	1.241	0.636	28.179	3.722	0.839	0.903
0	1	62	0.483	0.688	30.462	2.989	0.355	0.419
0	1	59	0.0	0.0	35.5	0.707	0.0	0.065
0	1	56	0.0	0.0	nan	nan	0.0	0.0
0	1	53	0.0	0.0	nan	nan	0.0	0.0
0	1	50	0.0	0.0	nan	nan	0.0	0.0
0	1	47	0.0	0.0	nan	nan	0.0	0.0
0	1	44	0.0	0.0	nan	nan	0.0	0.0
0	1	41	0.0	0.0	nan	nan	0.0	0.0
0	1	38	0.0	0.0	nan	nan	0.0	0.0
0	1	35	0.0	0.0	nan	nan	0.0	0.0
0	1	32	0.0	0.0	nan	nan	0.0	0.0
0	1	29	0.0	0.0	nan	nan	0.0	0.0
1	1	77	3.774	0.669	18.161	0.934	1.0	1.0
1	1	74	3.129	0.341	19.0	0.73	1.0	1.0
1	1	71	3.0	0.258	19.484	0.811	1.0	1.0
1	1	68	2.968	0.18	21.387	0.844	1.0	1.0
1	1	65	2.71	0.461	22.032	1.08	1.0	1.0
1	1	62	2.419	0.502	23.194	1.014	1.0	1.0
1	1	59	2.097	0.396	25.742	2.932	1.0	1.0
1	1	56	1.903	0.396	29.161	3.984	1.0	1.0
1	1	53	1.452	0.768	31.615	4.07	0.839	0.839
1	1	50	0.433	0.728	35.2	5.007	0.29	0.323
1	1	47	0.0	0.0	nan	nan	0.0	0.0
1	1	44	0.0	0.0	nan	nan	0.0	0.0
1	1	41	0.0	0.0	nan	nan	0.0	0.0
1	1	38	0.0	0.0	nan	nan	0.0	0.0
1	1	35	0.0	0.0	nan	nan	0.0	0.0
1	1	32	0.0	0.0	nan	nan	0.0	0.0
1	1	29	0.0	0.0	nan	nan	0.0	0.0
2	1	77	3.355	0.661	18.452	0.675	1.0	1.0
2	1	74	2.742	0.631	19.097	0.79	1.0	1.0
2	1	71	2.258	0.445	20.0	1.125	1.0	1.0
2	1	68	2.032	0.18	21.032	0.948	1.0	1.0
2	1	65	2.0	0.0	22.581	1.177	1.0	1.0
2	1	62	2.032	0.18	24.161	2.083	1.0	1.0
2	1	59	1.968	0.18	28.323	3.321	1.0	1.0
2	1	56	1.037	0.759	34.708	4.467	0.645	0.774
2	1	53	0.069	0.371	35.333	2.887	0.032	0.097
2	1	50	0.0	0.0	nan	nan	0.0	0.0
2	1	47	0.0	0.0	nan	nan	0.0	0.0
2	1	44	0.0	0.0	nan	nan	0.0	0.0
2	1	41	0.0	0.0	nan	nan	0.0	0.0
2	1	38	0.0	0.0	nan	nan	0.0	0.0
2	1	35	0.0	0.0	nan	nan	0.0	0.0
2	1	32	0.0	0.0	nan	nan	0.0	0.0
2	1	29	0.0	0.0	nan	nan	0.0	0.0
3	1	77	3.419	0.564	18.419	0.62	1.0	1.0
3	1	74	3.032	0.18	19.484	0.851	1.0	1.0
3	1	71	3.0	0.258	20.129	1.088	1.0	1.0
3	1	68	2.484	0.508	21.129	1.231	1.0	1.0
3	1	65	2.323	0.475	22.452	1.121	1.0	1.0
3	1	62	2.0	0.0	24.29	1.616	1.0	1.0
3	1	59	2.032	0.18	25.968	1.538	1.0	1.0
3	1	56	1.839	0.454	29.533	3.137	0.968	0.968
3	1	53	1.036	0.793	34.043	4.395	0.645	0.742
3	1	50	0.0	0.0	35.0	0.0	0.0	0.032
3	1	47	0.0	0.0	nan	nan	0.0	0.0
3	1	44	0.0	0.0	nan	nan	0.0	0.0
3	1	41	0.0	0.0	nan	nan	0.0	0.0
3	1	38	0.0	0.0	nan	nan	0.0	0.0
3	1	35	0.0	0.0	nan	nan	0.0	0.0
3	1	32	0.0	0.0	nan	nan	0.0	0.0
3	1	29	0.0	0.0	nan	nan	0.0	0.0
4	1	77	5.258	0.445	16.548	0.675	1.0	1.0
4	1	74	5.032	0.407	17.065	0.727	1.0	1.0
4	1	71	4.774	0.425	17.774	0.762	1.0	1.0
4	1	68	4.387	0.615	18.29	0.643	1.0	1.0
4	1	65	3.806	0.543	19.29	1.395	1.0	1.0
4	1	62	3.387	0.558	20.065	0.998	1.0	1.0
4	1	59	3.032	0.18	21.548	1.06	1.0	1.0
4	1	56	3.032	0.18	22.968	1.329	1.0	1.0
4	1	53	2.968	0.18	24.419	1.803	1.0	1.0
4	1	50	2.742	0.445	26.774	2.578	1.0	1.0
4	1	47	2.129	0.806	31.161	4.39	1.0	1.0
4	1	44	1.065	0.772	37.68	4.741	0.806	0.806
4	1	41	0.129	0.341	39.75	2.63	0.129	0.129
4	1	38	0.0	0.0	nan	nan	0.0	0.0
4	1	35	0.0	0.0	nan	nan	0.0	0.0
4	1	32	0.0	0.0	nan	nan	0.0	0.0
4	1	29	0.0	0.0	nan	nan	0.0	0.0
5	1	77	1.097	0.301	21.516	1.092	1.0	1.0
5	1	74	1.032	0.18	23.548	2.931	1.0	1.0
5	1	71	0.867	0.346	24.778	2.118	0.839	0.871
5	1	68	0.387	0.495	26.917	3.288	0.387	0.387
5	1	65	0.097	0.301	27.0	2.0	0.097	0.097
5	1	62	0.0	0.0	nan	nan	0.0	0.0
5	1	59	0.0	0.0	nan	nan	0.0	0.0
5	1	56	0.0	0.0	nan	nan	0.0	0.0
5	1	53	0.0	0.0	nan	nan	0.0	0.0
5	1	50	0.0	0.0	nan	nan	0.0	0.0
5	1	47	0.0	0.0	nan	nan	0.0	0.0
5	1	44	0.0	0.0	nan	nan	0.0	0.0
5	1	41	0.0	0.0	nan	nan	0.0	0.0
5	1	38	0.0	0.0	nan	nan	0.0	0.0
5	1	35	0.0	0.0	nan	nan	0.0	0.0
5	1	32	0.0	0.0	nan	nan	0.0	0.0
5	1	29	0.0	0.0	nan	nan	0.0	0.0
6	1	77	3.065	0.359	18.806	0.703	1.0	1.0
6	1	74	3.032	0.18	19.613	0.844	1.0	1.0
6	1	71	2.613	0.495	20.71	1.071	1.0	1.0
6	1	68	2.258	0.445	21.613	2.092	1.0	1.0
6	1	65	2.097	0.301	23.355	1.473	1.0	1.0
6	1	62	2.032	0.18	25.968	2.652	1.0	1.0
6	1	59	1.935	0.25	28.613	3.073	1.0	1.0
6	1	56	1.571	0.69	33.143	3.719	0.806	0.903
6	1	53	0.5	0.63	36.214	3.332	0.419	0.452
6	1	50	0.0	0.0	nan	nan	0.0	0.0
6	1	47	0.0	0.0	nan	nan	0.0	0.0
6	1	44	0.0	0.0	nan	nan	0.0	0.0
6	1	41	0.0	0.0	nan	nan	0.0	0.0
6	1	38	0.0	0.0	nan	nan	0.0	0.0
6	1	35	0.0	0.0	nan	nan	0.0	0.0
6	1	32	0.0	0.0	nan	nan	0.0	0.0
6	1	29	0.0	0.0	nan	nan	0.0	0.0
7	1	77	4.613	0.495	16.419	0.502	1.0	1.0
7	1	74	4.419	0.502	16.935	0.629	1.0	1.0
7	1	71	4.0	0.365	17.226	0.617	1.0	1.0
7	1	68	3.806	0.477	17.935	0.629	1.0	1.0
7	1	65	3.065	0.629	18.645	0.915	1.0	1.0
7	1	62	2.548	0.568	19.968	1.581	1.0	1.0
7	1	59	2.419	0.502	21.161	1.098	1.0	1.0
7	1	56	2.129	0.341	22.29	1.553	1.0	1.0
7	1	53	1.935	0.359	23.968	2.258	1.0	1.0
7	1	50	1.419	0.672	27.571	3.36	0.903	0.903
7	1	47	0.857	0.891	29.444	4.866	0.484	0.581
7	1	44	0.065	0.25	33.0	9.899	0.065	0.065
7	1	41	0.0	0.0	nan	nan	0.0	0.0
7	1	38	0.0	0.0	nan	nan	0.0	0.0
7	1	35	0.0	0.0	nan	nan	0.0	0.0
7	1	32	0.0	0.0	nan	nan	0.0	0.0
7	1	29	0.0	0.0	nan	nan	0.0	0.0
8	1	77	4.129	0.341	19.484	0.811	1.0	1.0
8	1	74	4.0	0.447	20.323	1.275	1.0	1.0
8	1	71	3.742	0.514	21.097	1.221	1.0	1.0
8	1	68	3.452	0.506	22.419	1.858	1.0	1.0
8	1	65	3.032	0.315	24.226	1.783	1.0	1.0
8	1	62	2.935	0.359	26.0	1.438	1.0	1.0
8	1	59	2.677	0.541	28.065	2.792	1.0	1.0
8	1	56	2.129	0.67	31.935	3.255	1.0	1.0
8	1	53	1.133	0.86	35.917	3.006	0.742	0.774
8	1	50	0.5	0.731	37.75	5.029	0.355	0.387
8	1	47	0.0	0.0	nan	nan	0.0	0.0
8	1	44	0.0	0.0	nan	nan	0.0	0.0
8	1	41	0.0	0.0	nan	nan	0.0	0.0
8	1	38	0.0	0.0	nan	nan	0.0	0.0
8	1	35	0.0	0.0	nan	nan	0.0	0.0
8	1	32	0.0	0.0	nan	nan	0.0	0.0
8	1	29	0.0	0.0	nan	nan	0.0	0.0
9	1	77	1.742	0.631	18.871	0.806	1.0	1.0
9	1	74	1.226	0.425	20.065	1.124	1.0	1.0
9	1	71	1.032	0.18	21.194	1.108	1.0	1.0
9	1	68	1.032	0.18	22.903	3.208	1.0	1.0
9	1	65	0.966	0.186	24.0	1.8	0.903	0.968
9	1	62	0.633	0.49	25.9	2.573	0.613	0.645
9	1	59	0.032	0.18	28.0	0.0	0.032	0.032
9	1	56	0.0	0.0	nan	nan	0.0	0.0
9	1	53	0.0	0.0	nan	nan	0.0	0.0
9	1	50	0.0	0.0	nan	nan	0.0	0.0
9	1	47	0.0	0.0	nan	nan	0.0	0.0
9	1	44	0.0	0.0	nan	nan	0.0	0.0
9	1	41	0.0	0.0	nan	nan	0.0	0.0
9	1	38	0.0	0.0	nan	nan	0.0	0.0
9	1	35	0.0	0.0	nan	nan	0.0	0.0
9	1	32	0.0	0.0	nan	nan	0.0	0.0
9	1	29	0.0	0.0	nan	nan	0.0	0.0
10	1	77	4.032	0.18	17.226	0.56	1.0	1.0
10	1	74	3.806	0.402	17.677	0.599	1.0	1.0
10	1	71	3.194	0.543	18.613	0.882	1.0	1.0
10	1	68	2.581	0.62	19.774	1.023	1.0	1.0
10	1	65	2.065	0.25	20.968	1.853	1.0	1.0
10	1	62	2.0	0.0	22.516	1.208	1.0	1.0
10	1	59	2.0	0.0	24.065	1.788	1.0	1.0
10	1	56	1.968	0.18	26.548	2.293	1.0	1.0
10	1	53	1.464	0.693	33.0	4.128	0.806	0.903
10	1	50	0.48	0.714	36.533	4.274	0.29	0.484
10	1	47	0.0	0.0	nan	nan	0.0	0.0
10	1	44	0.0	0.0	nan	nan	0.0	0.0
10	1	41	0.0	0.0	nan	nan	0.0	0.0
10	1	38	0.0	0.0	nan	nan	0.0	0.0
10	1	35	0.0	0.0	nan	nan	0.0	0.0
10	1	32	0.0	0.0	nan	nan	0.0	0.0
10	1	29	0.0	0.0	nan	nan	0.0	0.0
11	1	77	4.903	0.301	17.774	0.92	1.0	1.0
11	1	74	4.29	0.529	18.355	0.709	1.0	1.0
11	1	71	3.452	0.568	19.032	0.407	1.0	1.0
11	1	68	3.0	0.0	19.71	0.693	1.0	1.0
11	1	65	3.032	0.18	20.613	1.174	1.0	1.0
11	1	62	3.0	0.0	21.742	1.154	1.0	1.0
11	1	59	3.0	0.0	22.806	0.792	1.0	1.0
11	1	56	2.871	0.341	24.774	1.477	1.0	1.0
11	1	53	2.355	0.551	27.742	3.141	1.0	1.0
11	1	50	1.903	0.473	31.032	3.674	1.0	1.0
11	1	47	1.133	0.629	36.741	4.053	0.839	0.871
11	1	44	0.065	0.25	40.0	1.414	0.065	0.065
11	1	41	0.0	0.0	nan	nan	0.0	0.0
11	1	38	0.0	0.0	nan	nan	0.0	0.0
11	1	35	0.0	0.0	nan	nan	0.0	0.0
11	1	32	0.0	0.0	nan	nan	0.0	0.0
11	1	29	0.0	0.0	nan	nan	0.0	0.0
12	1	77	1.355	0.486	20.097	0.79	1.0	1.0
12	1	74	1.323	0.475	20.645	0.95	1.0	1.0
12	1	71	1.032	0.18	21.806	1.327	1.0	1.0
12	1	68	1.0	0.263	24.433	2.788	0.935	0.968
12	1	65	0.759	0.435	25.958	2.866	0.71	0.774
12	1	62	0.129	0.341	27.25	3.202	0.129	0.129
12	1	59	0.0	0.0	nan	nan	0.0	0.0
12	1	56	0.0	0.0	nan	nan	0.0	0.0
12	1	53	0.0	0.0	nan	nan	0.0	0.0
12	1	50	0.0	0.0	nan	nan	0.0	0.0
12	1	47	0.0	0.0	nan	nan	0.0	0.0
12	1	44	0.0	0.0	nan	nan	0.0	0.0
12	1	41	0.0	0.0	nan	nan	0.0	0.0
12	1	38	0.0	0.0	nan	nan	0.0	0.0
12	1	35	0.0	0.0	nan	nan	0.0	0.0
12	1	32	0.0	0.0	nan	nan	0.0	0.0
12	1	29	0.0	0.0	nan	nan	0.0	0.0
13	1	77	2.968	0.18	17.065	0.929	1.0	1.0
13	1	74	2.935	0.25	17.548	0.768	1.0	1.0
13	1	71	2.548	0.568	18.226	0.717	1.0	1.0
13	1	68	2.226	0.497	18.806	0.873	1.0	1.0
13	1	65	1.645	0.551	20.032	1.472	1.0	1.0
13	1	62	1.29	0.461	20.935	1.389	1.0	1.0
13	1	59	1.032	0.315	23.3	2.307	0.968	0.968
13	1	56	0.806	0.402	25.28	2.525	0.806	0.806
13	1	53	0.161	0.374	28.4	2.881	0.161	0.161
13	1	50	0.0	0.0	nan	nan	0.0	0.0
13	1	47	0.0	0.0	nan	nan	0.0	0.0
13	1	44	0.0	0.0	nan	nan	0.0	0.0
13	1	41	0.0	0.0	nan	nan	0.0	0.0
13	1	38	0.0	0.0	nan	nan	0.0	0.0
13	1	35	0.0	0.0	nan	nan	0.0	0.0
13	1	32	0.0	0.0	nan	nan	0.0	0.0
13	1	29	0.0	0.0	nan	nan	0.0	0.0
14	1	77	2.097	0.396	19.871	0.846	1.0	1.0
14	1	74	1.968	0.18	21.161	0.898	1.0	1.0
14	1	71	2.0	0.0	21.935	0.964	1.0	1.0
14	1	68	1.806	0.402	23.742	1.437	1.0	1.0
14	1	65	1.581	0.502	25.484	1.93	1.0	1.0
14	1	62	1.107	0.567	27.821	3.652	0.806	0.903
14	1	59	0.2	0.407	32.571	4.962	0.194	0.226
14	1	56	0.0	0.0	nan	nan	0.0	0.0
14	1	53	0.0	0.0	nan	nan	0.0	0.0
14	1	50	0.0	0.0	nan	nan	0.0	0.0
14	1	47	0.0	0.0	nan	nan	0.0	0.0
14	1	44	0.0	0.0	nan	nan	0.0	0.0
14	1	41	0.0	0.0	nan	nan	0.0	0.0
14	1	38	0.0	0.0	nan	nan	0.0	0.0
14	1	35	0.0	0.0	nan	nan	0.0	0.0
14	1	32	0.0	0.0	nan	nan	0.0	0.0
14	1	29	0.0	0.0	nan	nan	0.0	0.0
15	1	77	2.387	0.495	19.387	0.844	1.0	1.0
15	1	74	2.097	0.301	20.548	0.85	1.0	1.0
15	1	71	2.0	0.0	21.355	1.279	1.0	1.0
15	1	68	1.935	0.25	22.419	1.259	1.0	1.0
15	1	65	1.935	0.25	24.032	1.538	1.0	1.0
15	1	62	1.387	0.558	27.367	3.97	0.968	0.968
15	1	59	0.769	0.652	30.455	3.997	0.548	0.71
15	1	56	0.032	0.18	26.0	0.0	0.032	0.032
15	1	53	0.0	0.0	nan	nan	0.0	0.0
15	1	50	0.0	0.0	nan	nan	0.0	0.0
15	1	47	0.0	0.0	nan	nan	0.0	0.0
15	1	44	0.0	0.0	nan	nan	0.0	0.0
15	1	41	0.0	0.0	nan	nan	0.0	0.0
15	1	38	0.0	0.0	nan	nan	0.0	0.0
15	1	35	0.0	0.0	nan	nan	0.0	0.0
15	1	32	0.0	0.0	nan	nan	0.0	0.0
15	1	29	0.0	0.0	nan	nan	0.0	0.0
16	1	77	3.645	0.661	18.161	0.82	1.0	1.0
16	1	74	3.161	0.454	18.871	0.922	1.0	1.0
16	1	71	3.0	0.632	19.29	1.131	1.0	1.0
16	1	68	2.355	0.486	19.935	0.854	1.0	1.0
16	1	65	2.161	0.374	21.548	1.41	1.0	1.0
16	1	62	2.097	0.301	22.871	1.335	1.0	1.0
16	1	59	1.839	0.374	25.903	2.948	1.0	1.0
16	1	56	1.467	0.681	27.393	3.359	0.871	0.903
16	1	53	0.8	0.805	29.889	3.027	0.548	0.581
16	1	50	0.1	0.305	31.0	3.916	0.097	0.129
16	1	47	0.0	0.0	nan	nan	0.0	0.0
16	1	44	0.0	0.0	nan	nan	0.0	0.0
16	1	41	0.0	0.0	nan	nan	0.0	0.0
16	1	38	0.0	0.0	nan	nan	0.0	0.0
16	1	35	0.0	0.0	nan	nan	0.0	0.0
16	1	32	0.0	0.0	nan	nan	0.0	0.0
16	1	29	0.0	0.0	nan	nan	0.0	0.0
17	1	77	4.387	0.495	16.484	0.626	1.0	1.0
17	1	74	4.226	0.56	17.0	0.683	1.0	1.0
17	1	71	3.742	0.445	17.903	0.651	1.0	1.0
17	1	68	3.419	0.502	18.387	0.715	1.0	1.0
17	1	65	3.258	0.514	18.968	0.752	1.0	1.0
17	1	62	2.968	0.315	20.29	1.039	1.0	1.0
17	1	59	2.581	0.502	21.581	1.057	1.0	1.0
17	1	56	2.258	0.445	23.258	1.264	1.0	1.0
17	1	53	2.0	0.258	25.839	2.697	1.0	1.0
17	1	50	1.871	0.341	28.774	3.939	1.0	1.0
17	1	47	1.3	0.651	34.286	5.981	0.871	0.903
17	1	44	0.097	0.301	40.667	1.528	0.097	0.097
17	1	41	0.0	0.0	nan	nan	0.0	0.0
17	1	38	0.0	0.0	nan	nan	0.0	0.0
17	1	35	0.0	0.0	nan	nan	0.0	0.0
17	1	32	0.0	0.0	nan	nan	0.0	0.0
17	1	29	0.0	0.0	nan	nan	0.0	0.0
18	1	77	1.742	0.445	21.613	1.116	1.0	1.0
18	1	74	1.323	0.475	22.742	1.483	1.0	1.0
18	1	71	1.0	0.258	23.833	2.069	0.968	0.968
18	1	68	0.903	0.301	26.571	2.588	0.903	0.903
18	1	65	0.355	0.486	30.545	2.841	0.355	0.355
18	1	62	0.0	0.0	nan	nan	0.0	0.0
18	1	59	0.0	0.0	nan	nan	0.0	0.0
18	1	56	0.0	0.0	nan	nan	0.0	0.0
18	1	53	0.0	0.0	nan	nan	0.0	0.0
18	1	50	0.0	0.0	nan	nan	0.0	0.0
18	1	47	0.0	0.0	nan	nan	0.0	0.0
18	1	44	0.0	0.0	nan	nan	0.0	0.0
18	1	41	0.0	0.0	nan	nan	0.0	0.0
18	1	38	0.0	0.0	nan	nan	0.0	0.0
18	1	35	0.0	0.0	nan	nan	0.0	0.0
18	1	32	0.0	0.0	nan	nan	0.0	0.0
18	1	29	0.0	0.0	nan	nan	0.0	0.0
19	1	77	4.323	0.541	18.419	0.807	1.0	1.0
19	1	74	4.0	0.365	18.935	0.512	1.0	1.0
19	1	71	3.613	0.495	19.677	1.013	1.0	1.0
19	1	68	3.0	0.258	20.935	1.365	1.0	1.0
19	1	65	3.0	0.0	22.258	1.032	1.0	1.0
19	1	62	3.0	0.0	23.645	1.33	1.0	1.0
19	1	59	2.935	0.25	25.419	1.858	1.0	1.0
19	1	56	2.387	0.495	27.742	2.28	1.0	1.0
19	1	53	1.484	0.57	34.161	3.588	1.0	1.0
19	1	50	0.774	0.717	38.789	2.82	0.613	0.613
19	1	47	0.032	0.18	44.0	0.0	0.032	0.032
19	1	44	0.0	0.0	nan	nan	0.0	0.0
19	1	41	0.0	0.0	nan	nan	0.0	0.0
19	1	38	0.0	0.0	nan	nan	0.0	0.0
19	1	35	0.0	0.0	nan	nan	0.0	0.0
19	1	32	0.0	0.0	nan	nan	0.0	0.0
19	1	29	0.0	0.0	nan	nan	0.0	0.0
20	1	77	3.387	0.495	18.806	1.078	1.0	1.0
20	1	74	3.0	0.258	19.29	0.693	1.0	1.0
20	1	71	2.871	0.428	20.0	1.125	1.0	1.0
20	1	68	2.71	0.461	20.871	1.088	1.0	1.0
20	1	65	2.258	0.445	22.065	0.68	1.0	1.0
20	1	62	2.161	0.374	23.903	1.557	1.0	1.0
20	1	59	2.0	0.0	24.71	1.865	1.0	1.0
20	1	56	1.903	0.301	27.839	2.709	1.0	1.0
20	1	53	1.586	0.628	31.103	4.693	0.871	0.935
20	1	50	0.692	0.838	32.882	5.915	0.387	0.548
20	1	47	0.0	0.0	nan	nan	0.0	0.0
20	1	44	0.0	0.0	nan	nan	0.0	0.0
20	1	41	0.0	0.0	nan	nan	0.0	0.0
20	1	38	0.0	0.0	nan	nan	0.0	0.0
20	1	35	0.0	0.0	nan	nan	0.0	0.0
20	1	32	0.0	0.0	nan	nan	0.0	0.0
20	1	29	0.0	0.0	nan	nan	0.0	0.0
21	1	77	1.387	0.495	21.806	1.223	1.0	1.0
21	1	74	1.097	0.301	23.0	1.483	1.0	1.0
21	1	71	1.0	0.0	24.613	1.606	1.0	1.0
21	1	68	0.8	0.407	25.44	1.873	0.774	0.806
21	1	65	0.194	0.402	26.5	1.378	0.194	0.194
21	1	62	0.0	0.0	nan	nan	0.0	0.0
21	1	59	0.0	0.0	nan	nan	0.0	0.0
21	1	56	0.0	0.0	nan	nan	0.0	0.0
21	1	53	0.0	0.0	nan	nan	0.0	0.0
21	1	50	0.0	0.0	nan	nan	0.0	0.0
21	1	47	0.0	0.0	nan	nan	0.0	0.0
21	1	44	0.0	0.0	nan	nan	0.0	0.0
21	1	41	0.0	0.0	nan	nan	0.0	0.0
21	1	38	0.0	0.0	nan	nan	0.0	0.0
21	1	35	0.0	0.0	nan	nan	0.0	0.0
21	1	32	0.0	0.0	nan	nan	0.0	0.0
21	1	29	0.0	0.0	nan	nan	0.0	0.0
22	1	77	4.968	0.315	17.129	0.763	1.0	1.0
22	1	74	4.613	0.615	17.484	0.57	1.0	1.0
22	1	71	4.065	0.629	18.29	0.824	1.0	1.0
22	1	68	3.258	0.514	19.0	0.816	1.0	1.0
22	1	65	3.097	0.301	19.742	0.893	1.0	1.0
22	1	62	3.0	0.0	20.839	0.735	1.0	1.0
22	1	59	2.968	0.18	22.129	0.957	1.0	1.0
22	1	56	2.677	0.599	23.581	2.157	1.0	1.0
22	1	53	2.29	0.461	26.935	2.594	1.0	1.0
22	1	50	2.033	0.32	30.226	3.667	0.968	1.0
22	1	47	1.133	0.681	36.385	3.71	0.806	0.839
22	1	44	0.1	0.403	38.333	4.041	0.065	0.097
22	1	41	0.0	0.0	nan	nan	0.0	0.0
22	1	38	0.0	0.0	nan	nan	0.0	0.0
22	1	35	0.0	0.0	nan	nan	0.0	0.0
22	1	32	0.0	0.0	nan	nan	0.0	0.0
22	1	29	0.0	0.0	nan	nan	0.0	0.0
23	1	77	1.258	0.445	21.065	0.892	1.0	1.0
23	1	74	1.097	0.301	22.065	1.181	1.0	1.0
23	1	71	0.968	0.18	24.067	1.552	0.968	0.968
23	1	68	0.742	0.445	25.913	1.756	0.742	0.742
23	1	65	0.29	0.461	27.333	2.872	0.29	0.29
23	1	62	0.0	0.0	nan	nan	0.0	0.0
23	1	59	0.0	0.0	nan	nan	0.0	0.0
23	1	56	0.0	0.0	nan	nan	0.0	0.0
23	1	53	0.0	0.0	nan	nan	0.0	0.0
23	1	50	0.0	0.0	nan	nan	0.0	0.0
23	1	47	0.0	0.0	nan	nan	0.0	0.0
23	1	44	0.0	0.0	nan	nan	0.0	0.0
23	1	41	0.0	0.0	nan	nan	0.0	0.0
23	1	38	0.0	0.0	nan	nan	0.0	0.0
23	1	35	0.0	0.0	nan	nan	0.0	0.0
23	1	32	0.0	0.0	nan	nan	0.0	0.0
23	1	29	0.0	0.0	nan	nan	0.0	0.0
24	1	77	2.032	0.18	19.613	0.844	1.0	1.0
24	1	74	1.903	0.301	20.645	0.95	1.0	1.0
24	1	71	1.677	0.475	21.742	0.93	1.0	1.0
24	1	68	1.29	0.461	22.935	1.692	1.0	1.0
24	1	65	1.065	0.359	25.567	1.906	0.968	0.968
24	1	62	0.667	0.547	27.05	3.456	0.613	0.645
24	1	59	0.065	0.25	30.0	4.243	0.065	0.065
24	1	56	0.0	0.0	nan	nan	0.0	0.0
24	1	53	0.0	0.0	nan	nan	0.0	0.0
24	1	50	0.0	0.0	nan	nan	0.0	0.0
24	1	47	0.0	0.0	nan	nan	0.0	0.0
24	1	44	0.0	0.0	nan	nan	0.0	0.0
24	1	41	0.0	0.0	nan	nan	0.0	0.0
24	1	38	0.0	0.0	nan	nan	0.0	0.0
24	1	35	0.0	0.0	nan	nan	0.0	0.0
24	1	32	0.0	0.0	nan	nan	0.0	0.0
24	1	29	0.0	0.0	nan	nan	0.0	0.0
25	1	77	0.968	0.18	23.567	1.104	0.968	0.968
25	1	74	0.414	0.501	25.571	1.989	0.387	0.452
25	1	71	0.065	0.25	26.0	1.414	0.065	0.065
25	1	68	0.0	0.0	nan	nan	0.0	0.0
25	1	65	0.0	0.0	nan	nan	0.0	0.0
25	1	62	0.0	0.0	nan	nan	0.0	0.0
25	1	59	0.0	0.0	nan	nan	0.0	0.0
25	1	56	0.0	0.0	nan	nan	0.0	0.0
25	1	53	0.0	0.0	nan	nan	0.0	0.0
25	1	50	0.0	0.0	nan	nan	0.0	0.0
25	1	47	0.0	0.0	nan	nan	0.0	0.0
25	1	44	0.0	0.0	nan	nan	0.0	0.0
25	1	41	0.0	0.0	nan	nan	0.0	0.0
25	1	38	0.0	0.0	nan	nan	0.0	0.0
25	1	35	0.0	0.0	nan	nan	0.0	0.0
25	1	32	0.0	0.0	nan	nan	0.0	0.0
25	1	29	0.0	0.0	nan	nan	0.0	0.0
26	1	77	4.097	0.746	18.419	0.72	1.0	1.0
26	1	74	3.484	0.626	18.968	0.875	1.0	1.0
26	1	71	3.097	0.301	19.419	1.025	1.0	1.0
26	1	68	3.0	0.0	20.548	0.961	1.0	1.0
26	1	65	3.0	0.0	21.806	1.138	1.0	1.0
26	1	62	2.903	0.301	23.226	1.359	1.0	1.0
26	1	59	2.548	0.506	25.0	1.915	1.0	1.0
26	1	56	2.29	0.461	27.258	2.944	1.0	1.0
26	1	53	1.645	0.551	32.935	4.472	1.0	1.0
26	1	50	1.3	0.651	35.964	3.92	0.871	0.903
26	1	47	0.2	0.484	38.0	3.162	0.161	0.194
26	1	44	0.0	0.0	nan	nan	0.0	0.0
26	1	41	0.0	0.0	nan	nan	0.0	0.0
26	1	38	0.0	0.0	nan	nan	0.0	0.0
26	1	35	0.0	0.0	nan	nan	0.0	0.0
26	1	32	0.0	0.0	nan	nan	0.0	0.0
26	1	29	0.0	0.0	nan	nan	0.0	0.0
27	1	77	4.387	0.495	16.387	0.495	1.0	1.0
27	1	74	4.129	0.341	16.871	0.619	1.0	1.0
27	1	71	3.968	0.315	17.29	0.643	1.0	1.0
27	1	68	3.581	0.564	18.0	0.632	1.0	1.0
27	1	65	3.032	0.605	18.613	0.844	1.0	1.0
27	1	62	2.355	0.486	19.71	0.938	1.0	1.0
27	1	59	2.194	0.402	20.226	0.92	1.0	1.0
27	1	56	2.032	0.18	21.613	1.407	1.0	1.0
27	1	53	1.871	0.341	23.194	1.25	1.0	1.0
27	1	50	1.645	0.486	25.355	2.665	1.0	1.0
27	1	47	1.172	0.711	28.538	3.373	0.774	0.839
27	1	44	0.161	0.523	28.333	2.082	0.097	0.097
27	1	41	0.0	0.0	nan	nan	0.0	0.0
27	1	38	0.0	0.0	nan	nan	0.0	0.0
27	1	35	0.0	0.0	nan	nan	0.0	0.0
27	1	32	0.0	0.0	nan	nan	0.0	0.0
27	1	29	0.0	0.0	nan	nan	0.0	0.0
28	1	77	2.71	0.529	18.323	1.077	1.0	1.0
28	1	74	2.258	0.445	18.968	0.948	1.0	1.0
28	1	71	2.065	0.359	19.548	1.028	1.0	1.0
28	1	68	1.742	0.445	21.032	1.329	1.0	1.0
28	1	65	1.355	0.486	22.29	1.296	1.0	1.0
28	1	62	0.935	0.442	25.519	2.517	0.871	0.871
28	1	59	0.483	0.509	28.0	3.578	0.452	0.516
28	1	56	0.0	0.0	nan	nan	0.0	0.0
28	1	53	0.0	0.0	nan	nan	0.0	0.0
28	1	50	0.0	0.0	nan	nan	0.0	0.0
28	1	47	0.0	0.0	nan	nan	0.0	0.0
28	1	44	0.0	0.0	nan	nan	0.0	0.0
28	1	41	0.0	0.0	nan	nan	0.0	0.0
28	1	38	0.0	0.0	nan	nan	0.0	0.0
28	1	35	0.0	0.0	nan	nan	0.0	0.0
28	1	32	0.0	0.0	nan	nan	0.0	0.0
28	1	29	0.0	0.0	nan	nan	0.0	0.0
29	1	77	4.0	0.0	16.806	0.601	1.0	1.0
29	1	74	3.968	0.18	17.29	0.588	1.0	1.0
29	1	71	3.452	0.624	18.226	0.845	1.0	1.0
29	1	68	2.935	0.629	18.774	0.669	1.0	1.0
29	1	65	2.581	0.502	19.484	0.996	1.0	1.0
29	1	62	2.032	0.18	21.161	1.036	1.0	1.0
29	1	59	2.0	0.0	22.452	1.546	1.0	1.0
29	1	56	1.935	0.25	25.0	2.62	1.0	1.0
29	1	53	1.833	0.379	28.161	3.831	0.968	1.0
29	1	50	1.148	0.818	33.292	4.379	0.645	0.774
29	1	47	0.0	0.0	nan	nan	0.0	0.0
29	1	44	0.0	0.0	nan	nan	0.0	0.0
29	1	41	0.0	0.0	nan	nan	0.0	0.0
29	1	38	0.0	0.0	nan	nan	0.0	0.0
29	1	35	0.0	0.0	nan	nan	0.0	0.0
29	1	32	0.0	0.0	nan	nan	0.0	0.0
29	1	29	0.0	0.0	nan	nan	0.0	0.0
30	1	77	2.129	0.341	19.903	1.044	1.0	1.0
30	1	74	2.0	0.0	21.065	0.814	1.0	1.0
30	1	71	2.0	0.0	22.194	1.376	1.0	1.0
30	1	68	1.968	0.18	23.613	0.989	1.0	1.0
30	1	65	1.903	0.301	25.516	2.219	1.0	1.0
30	1	62	1.367	0.556	28.833	3.018	0.935	0.968
30	1	59	0.536	0.637	30.812	4.679	0.419	0.516
30	1	56	0.0	0.0	35.0	0.0	0.0	0.032
30	1	53	0.0	0.0	36.0	0.0	0.0	0.032
30	1	50	0.0	0.0	nan	nan	0.0	0.0
30	1	47	0.0	0.0	nan	nan	0.0	0.0
30	1	44	0.0	0.0	nan	nan	0.0	0.0
30	1	41	0.0	0.0	nan	nan	0.0	0.0
30	1	38	0.0	0.0	nan	nan	0.0	0.0
30	1	35	0.0	0.0	nan	nan	0.0	0.0
30	1	32	0.0	0.0	nan	nan	0.0	0.0
30	1	29	0.0	0.0	nan	nan	0.0	0.0
31	1	77	3.065	0.512	17.516	0.811	1.0	1.0
31	1	74	2.484	0.508	18.387	0.761	1.0	1.0
31	1	71	2.065	0.25	19.387	1.23	1.0	1.0
31	1	68	2.032	0.18	19.806	1.167	1.0	1.0
31	1	65	2.0	0.258	21.452	1.362	1.0	1.0
31	1	62	1.903	0.301	23.032	1.278	1.0	1.0
31	1	59	1.613	0.495	24.71	1.918	1.0	1.0
31	1	56	1.226	0.617	26.286	2.623	0.903	0.903
31	1	53	0.379	0.561	30.0	3.568	0.323	0.387
31	1	50	0.033	0.183	32.5	3.536	0.032	0.065
31	1	47	0.0	0.0	nan	nan	0.0	0.0
31	1	44	0.0	0.0	nan	nan	0.0	0.0
31	1	41	0.0	0.0	nan	nan	0.0	0.0
31	1	38	0.0	0.0	nan	nan	0.0	0.0
31	1	35	0.0	0.0	nan	nan	0.0	0.0
31	1	32	0.0	0.0	nan	nan	0.0	0.0
31	1	29	0.0	0.0	nan	nan	0.0	0.0
0	2	77	3.903	0.396	17.581	0.72	1.0	1.0
0	2	74	3.548	0.506	18.194	0.749	1.0	1.0
0	2	71	3.194	0.402	18.839	0.969	1.0	1.0
0	2	68	2.903	0.396	19.935	1.093	1.0	1.0
0	2	65	2.645	0.486	21.355	1.253	1.0	1.0
0	2	62	2.226	0.425	22.774	1.334	1.0	1.0
0	2	59	1.968	0.18	25.419	2.405	1.0	1.0
0	2	56	1.935	0.359	28.2	3.112	0.968	0.968
0	2	53	1.655	0.67	33.138	4.198	0.871	0.935
0	2	50	0.516	0.724	35.583	3.343	0.387	0.387
0	2	47	0.065	0.25	40.0	0.0	0.065	0.065
0	2	44	0.0	0.0	nan	nan	0.0	0.0
0	2	41	0.0	0.0	nan	nan	0.0	0.0
0	2	38	0.0	0.0	nan	nan	0.0	0.0
0	2	35	0.0	0.0	nan	nan	0.0	0.0
0	2	32	0.0	0.0	nan	nan	0.0	0.0
0	2	29	0.0	0.0	nan	nan	0.0	0.0
1	2	77	1.419	0.72	19.323	1.013	1.0	1.0
1	2	74	1.226	0.497	19.774	1.309	1.0	1.0
1	2	71	1.0	0.0	21.194	1.47	1.0	1.0
1	2	68	1.0	0.0	22.806	1.759	1.0	1.0
1	2	65	0.903	0.301	24.429	2.15	0.903	0.903
1	2	62	0.467	0.507	26.333	3.716	0.452	0.484
1	2	59	0.032	0.18	27.0	0.0	0.032	0.032
1	2	56	0.0	0.0	nan	nan	0.0	0.0
1	2	53	0.0	0.0	nan	nan	0.0	0.0
1	2	50	0.0	0.0	nan	nan	0.0	0.0
1	2	47	0.0	0.0	nan	nan	0.0	0.0
1	2	44	0.0	0.0	nan	nan	0.0	0.0
1	2	41	0.0	0.0	nan	nan	0.0	0.0
1	2	38	0.0	0.0	nan	nan	0.0	0.0
1	2	35	0.0	0.0	nan	nan	0.0	0.0
1	2	32	0.0	0.0	nan	nan	0.0	0.0
1	2	29	0.0	0.0	nan	nan	0.0	0.0
2	2	77	2.194	0.543	18.742	0.999	1.0	1.0
2	2	74	1.742	0.514	19.645	0.985	1.0	1.0
2	2	71	1.516	0.508	20.452	1.091	1.0	1.0
2	2	68	1.161	0.374	22.097	1.491	1.0	1.0
2	2	65	1.0	0.0	23.903	2.055	1.0	1.0
2	2	62	0.633	0.49	25.95	2.038	0.613	0.645
2	2	59	0.194	0.402	26.333	4.502	0.194	0.194
2	2	56	0.0	0.0	nan	nan	0.0	0.0
2	2	53	0.0	0.0	nan	nan	0.0	0.0
2	2	50	0.0	0.0	nan	nan	0.0	0.0
2	2	47	0.0	0.0	nan	nan	0.0	0.0
2	2	44	0.0	0.0	nan	nan	0.0	0.0
2	2	41	0.0	0.0	nan	nan	0.0	0.0
2	2	38	0.0	0.0	nan	nan	0.0	0.0
2	2	35	0.0	0.0	nan	nan	0.0	0.0
2	2	32	0.0	0.0	nan	nan	0.0	0.0
2	2	29	0.0	0.0	nan	nan	0.0	0.0
3	2	77	3.194	0.601	17.097	0.746	1.0	1.0
3	2	74	3.0	0.632	17.806	0.873	1.0	1.0
3	2	71	2.29	0.461	18.613	0.919	1.0	1.0
3	2	68	2.065	0.359	19.968	1.354	1.0	1.0
3	2	65	2.065	0.359	20.387	1.764	1.0	1.0
3	2	62	1.903	0.301	22.129	1.284	1.0	1.0
3	2	59	1.433	0.504	25.161	3.778	0.968	1.0
3	2	56	1.2	0.407	26.677	3.135	0.968	1.0
3	2	53	0.407	0.501	30.267	4.758	0.355	0.484
3	2	50	0.0	0.0	nan	nan	0.0	0.0
3	2	47	0.0	0.0	nan	nan	0.0	0.0
3	2	44	0.0	0.0	nan	nan	0.0	0.0
3	2	41	0.0	0.0	nan	nan	0.0	0.0
3	2	38	0.0	0.0	nan	nan	0.0	0.0
3	2	35	0.0	0.0	nan	nan	0.0	0.0
3	2	32	0.0	0.0	nan	nan	0.0	0.0
3	2	29	0.0	0.0	nan	nan	0.0	0.0
4	2	77	3.968	0.18	16.548	0.568	1.0	1.0
4	2	74	3.903	0.301	17.29	0.693	1.0	1.0
4	2	71	3.71	0.461	17.839	0.638	1.0	1.0
4	2	68	3.226	0.497	18.677	0.871	1.0	1.0
4	2	65	2.806	0.601	19.387	1.145	1.0	1.0
4	2	62	2.355	0.486	20.742	1.548	1.0	1.0
4	2	59	2.032	0.18	21.935	1.504	1.0	1.0
4	2	56	2.0	0.258	24.645	2.244	1.0	1.0
4	2	53	2.0	0.258	26.387	3.03	1.0	1.0
4	2	50	1.677	0.653	30.179	3.378	0.903	0.903
4	2	47	0.679	0.819	35.062	4.768	0.419	0.516
4	2	44	0.032	0.18	46.0	0.0	0.032	0.032
4	2	41	0.0	0.0	nan	nan	0.0	0.0
4	2	38	0.0	0.0	nan	nan	0.0	0.0
4	2	35	0.0	0.0	nan	nan	0.0	0.0
4	2	32	0.0	0.0	nan	nan	0.0	0.0
4	2	29	0.0	0.0	nan	nan	0.0	0.0
5	2	77	2.516	0.57	19.419	0.807	1.0	1.0
5	2	74	2.194	0.402	20.484	1.208	1.0	1.0
5	2	71	2.0	0.0	21.419	1.089	1.0	1.0
5	2	68	1.968	0.18	22.742	1.437	1.0	1.0
5	2	65	1.968	0.18	25.226	2.655	1.0	1.0
5	2	62	1.839	0.374	28.581	3.922	1.0	1.0
5	2	59	1.519	0.753	31.815	4.674	0.742	0.871
5	2	56	0.033	0.183	37.0	2.828	0.032	0.065
5	2	53	0.065	0.359	24.0	0.0	0.032	0.032
5	2	50	0.0	0.0	nan	nan	0.0	0.0
5	2	47	0.0	0.0	nan	nan	0.0	0.0
5	2	44	0.0	0.0	nan	nan	0.0	0.0
5	2	41	0.0	0.0	nan	nan	0.0	0.0
5	2	38	0.0	0.0	nan	nan	0.0	0.0
5	2	35	0.0	0.0	nan	nan	0.0	0.0
5	2	32	0.0	0.0	nan	nan	0.0	0.0
5	2	29	0.0	0.0	nan	nan	0.0	0.0
6	2	77	3.871	0.341	17.387	0.667	1.0	1.0
6	2	74	3.677	0.475	17.903	0.473	1.0	1.0
6	2	71	3.29	0.588	18.71	1.101	1.0	1.0
6	2	68	2.419	0.564	19.613	1.145	1.0	1.0
6	2	65	2.129	0.341	20.516	1.092	1.0	1.0
6	2	62	2.0	0.0	21.903	1.248	1.0	1.0
6	2	59	2.0	0.0	23.774	2.305	1.0	1.0
6	2	56	1.967	0.183	26.806	2.738	0.968	1.0
6	2	53	1.552	0.632	31.345	4.228	0.871	0.935
6	2	50	0.76	0.879	35.222	5.163	0.387	0.581
6	2	47	0.065	0.25	38.0	4.243	0.065	0.065
6	2	44	0.0	0.0	nan	nan	0.0	0.0
6	2	41	0.0	0.0	nan	nan	0.0	0.0
6	2	38	0.0	0.0	nan	nan	0.0	0.0
6	2	35	0.0	0.0	nan	nan	0.0	0.0
6	2	32	0.0	0.0	nan	nan	0.0	0.0
6	2	29	0.0	0.0	nan	nan	0.0	0.0
7	2	77	2.677	0.599	18.194	0.91	1.0	1.0
7	2	74	2.129	0.341	19.065	0.998	1.0	1.0
7	2	71	2.032	0.18	19.935	1.093	1.0	1.0
7	2	68	1.742	0.445	21.419	1.669	1.0	1.0
7	2	65	1.419	0.564	22.4	1.404	0.968	0.968
7	2	62	1.194	0.543	23.793	1.971	0.935	0.935
7	2	59	0.806	0.477	26.125	2.61	0.774	0.774
7	2	56	0.286	0.46	31.091	4.392	0.258	0.355
7	2	53	0.032	0.18	32.0	0.0	0.032	0.032
7	2	50	0.0	0.0	nan	nan	0.0	0.0
7	2	47	0.0	0.0	nan	nan	0.0	0.0
7	2	44	0.0	0.0	nan	nan	0.0	0.0
7	2	41	0.0	0.0	nan	nan	0.0	0.0
7	2	38	0.0	0.0	nan	nan	0.0	0.0
7	2	35	0.0	0.0	nan	nan	0.0	0.0
7	2	32	0.0	0.0	nan	nan	0.0	0.0
7	2	29	0.0	0.0	nan	nan	0.0	0.0
8	2	77	2.968	0.315	17.323	0.599	1.0	1.0
8	2	74	2.71	0.461	17.968	0.795	1.0	1.0
8	2	71	2.065	0.442	18.903	0.7	1.0	1.0
8	2	68	2.0	0.577	19.258	1.21	1.0	1.0
8	2	65	1.452	0.506	20.903	1.921	1.0	1.0
8	2	62	1.194	0.543	22.724	1.962	0.935	0.935
8	2	59	0.871	0.341	24.889	2.207	0.871	0.871
8	2	56	0.333	0.479	27.818	3.601	0.323	0.355
8	2	53	0.032	0.18	27.0	0.0	0.032	0.032
8	2	50	0.0	0.0	nan	nan	0.0	0.0
8	2	47	0.0	0.0	nan	nan	0.0	0.0
8	2	44	0.0	0.0	nan	nan	0.0	0.0
8	2	41	0.0	0.0	nan	nan	0.0	0.0
8	2	38	0.0	0.0	nan	nan	0.0	0.0
8	2	35	0.0	0.0	nan	nan	0.0	0.0
8	2	32	0.0	0.0	nan	nan	0.0	0.0
8	2	29	0.0	0.0	nan	nan	0.0	0.0
9	2	77	4.806	0.402	16.645	0.486	1.0	1.0
9	2	74	4.548	0.568	17.355	0.798	1.0	1.0
9	2	71	4.129	0.67	17.548	0.888	1.0	1.0
9	2	68	3.645	0.798	18.0	1.461	1.0	1.0
9	2	65	3.194	0.402	19.0	1.0	1.0	1.0
9	2	62	2.774	0.617	19.871	1.31	1.0	1.0
9	2	59	2.355	0.486	20.645	0.985	1.0	1.0
9	2	56	2.355	0.486	22.129	1.056	1.0	1.0
9	2	53	2.161	0.374	23.871	2.202	1.0	1.0
9	2	50	1.935	0.512	25.3	1.841	0.968	0.968
9	2	47	1.448	0.87	29.08	3.639	0.742	0.806
9	2	44	0.897	0.939	32.471	4.529	0.484	0.548
9	2	41	0.032	0.18	39.0	0.0	0.032	0.032
9	2	38	0.0	0.0	nan	nan	0.0	0.0
9	2	35	0.0	0.0	nan	nan	0.0	0.0
9	2	32	0.0	0.0	nan	nan	0.0	0.0
9	2	29	0.0	0.0	nan	nan	0.0	0.0
10	2	77	4.129	0.341	17.0	0.775	1.0	1.0
10	2	74	3.774	0.497	17.645	0.755	1.0	1.0
10	2	71	3.29	0.643	18.355	0.915	1.0	1.0
10	2	68	3.0	0.632	18.968	1.08	1.0	1.0
10	2	65	2.581	0.564	19.968	1.08	1.0	1.0
10	2	62	2.129	0.341	21.0	1.438	1.0	1.0
10	2	59	2.097	0.301	22.387	1.334	1.0	1.0
10	2	56	1.968	0.315	23.484	1.363	1.0	1.0
10	2	53	1.742	0.575	25.931	2.086	0.935	0.935
10	2	50	1.0	0.903	29.6	3.733	0.548	0.645
10	2	47	0.607	0.786	32.8	3.707	0.387	0.484
10	2	44	0.033	0.183	37.5	7.778	0.032	0.065
10	2	41	0.0	0.0	nan	nan	0.0	0.0
10	2	38	0.0	0.0	nan	nan	0.0	0.0
10	2	35	0.0	0.0	nan	nan	0.0	0.0
10	2	32	0.0	0.0	nan	nan	0.0	0.0
10	2	29	0.0	0.0	nan	nan	0.0	0.0
11	2	77	1.839	0.523	19.355	1.05	1.0	1.0
11	2	74	1.516	0.508	20.419	1.232	1.0	1.0
11	2	71	1.258	0.445	21.71	1.346	1.0	1.0
11	2	68	1.097	0.301	23.032	2.415	1.0	1.0
11	2	65	0.871	0.341	25.185	2.869	0.871	0.871
11	2	62	0.414	0.568	28.077	4.051	0.355	0.419
11	2	59	0.032	0.18	28.0	0.0	0.032	0.032
11	2	56	0.0	0.0	nan	nan	0.0	0.0
11	2	53	0.0	0.0	nan	nan	0.0	0.0
11	2	50	0.0	0.0	nan	nan	0.0	0.0
11	2	47	0.0	0.0	nan	nan	0.0	0.0
11	2	44	0.0	0.0	nan	nan	0.0	0.0
11	2	41	0.0	0.0	nan	nan	0.0	0.0
11	2	38	0.0	0.0	nan	nan	0.0	0.0
11	2	35	0.0	0.0	nan	nan	0.0	0.0
11	2	32	0.0	0.0	nan	nan	0.0	0.0
11	2	29	0.0	0.0	nan	nan	0.0	0.0
12	2	77	4.129	0.562	17.548	0.568	1.0	1.0
12	2	74	3.419	0.502	18.484	0.724	1.0	1.0
12	2	71	3.065	0.25	19.29	0.693	1.0	1.0
12	2	68	3.0	0.258	20.258	0.855	1.0	1.0
12	2	65	2.903	0.301	20.903	1.044	1.0	1.0
12	2	62	2.645	0.486	22.806	1.447	1.0	1.0
12	2	59	2.355	0.551	24.161	1.393	1.0	1.0
12	2	56	2.032	0.18	26.839	1.917	1.0	1.0
12	2	53	1.935	0.25	30.065	2.308	1.0	1.0
12	2	50	1.467	0.681	33.464	4.15	0.871	0.903
12	2	47	0.226	0.497	36.667	3.777	0.194	0.194
12	2	44	0.0	0.0	nan	nan	0.0	0.0
12	2	41	0.0	0.0	nan	nan	0.0	0.0
12	2	38	0.0	0.0	nan	nan	0.0	0.0
12	2	35	0.0	0.0	nan	nan	0.0	0.0
12	2	32	0.0	0.0	nan	nan	0.0	0.0
12	2	29	0.0	0.0	nan	nan	0.0	0.0
13	2	77	3.323	0.541	18.419	0.62	1.0	1.0
13	2	74	2.645	0.608	19.097	0.908	1.0	1.0
13	2	71	2.161	0.454	20.032	1.016	1.0	1.0
13	2	68	2.065	0.25	20.71	1.27	1.0	1.0
13	2	65	1.968	0.315	23.097	1.795	1.0	1.0
13	2	62	1.742	0.445	24.484	1.768	1.0	1.0
13	2	59	1.129	0.67	27.192	2.994	0.839	0.839
13	2	56	0.1	0.305	31.75	4.924	0.097	0.129
13	2	53	0.0	0.0	nan	nan	0.0	0.0
13	2	50	0.0	0.0	nan	nan	0.0	0.0
13	2	47	0.0	0.0	nan	nan	0.0	0.0
13	2	44	0.0	0.0	nan	nan	0.0	0.0
13	2	41	0.0	0.0	nan	nan	0.0	0.0
13	2	38	0.0	0.0	nan	nan	0.0	0.0
13	2	35	0.0	0.0	nan	nan	0.0	0.0
13	2	32	0.0	0.0	nan	nan	0.0	0.0
13	2	29	0.0	0.0	nan	nan	0.0	0.0
14	2	77	1.903	0.79	18.516	0.962	1.0	1.0
14	2	74	1.323	0.541	19.258	0.729	1.0	1.0
14	2	71	1.032	0.18	20.484	1.122	1.0	1.0
14	2	68	1.0	0.0	21.323	1.107	1.0	1.0
14	2	65	0.871	0.499	23.52	2.584	0.806	0.806
14	2	62	0.679	0.476	24.818	1.708	0.613	0.71
14	2	59	0.0	0.0	nan	nan	0.0	0.0
14	2	56	0.0	0.0	nan	nan	0.0	0.0
14	2	53	0.0	0.0	nan	nan	0.0	0.0
14	2	50	0.0	0.0	nan	nan	0.0	0.0
14	2	47	0.0	0.0	nan	nan	0.0	0.0
14	2	44	0.0	0.0	nan	nan	0.0	0.0
14	2	41	0.0	0.0	nan	nan	0.0	0.0
14	2	38	0.0	0.0	nan	nan	0.0	0.0
14	2	35	0.0	0.0	nan	nan	0.0	0.0
14	2	32	0.0	0.0	nan	nan	0.0	0.0
14	2	29	0.0	0.0	nan	nan	0.0	0.0
15	2	77	3.968	0.18	17.097	0.597	1.0	1.0
15	2	74	3.742	0.445	17.677	0.748	1.0	1.0
15	2	71	3.258	0.445	18.548	0.675	1.0	1.0
15	2	68	3.065	0.442	19.226	1.117	1.0	1.0
15	2	65	2.71	0.529	20.29	1.16	1.0	1.0
15	2	62	2.258	0.445	21.516	2.189	1.0	1.0
15	2	59	2.194	0.402	23.387	1.647	1.0	1.0
15	2	56	2.0	0.0	25.645	2.835	1.0	1.0
15	2	53	1.967	0.183	28.29	3.237	0.968	1.0
15	2	50	1.296	0.724	33.852	3.687	0.742	0.871
15	2	47	0.345	0.67	36.889	5.302	0.226	0.29
15	2	44	0.0	0.0	nan	nan	0.0	0.0
15	2	41	0.0	0.0	nan	nan	0.0	0.0
15	2	38	0.0	0.0	nan	nan	0.0	0.0
15	2	35	0.0	0.0	nan	nan	0.0	0.0
15	2	32	0.0	0.0	nan	nan	0.0	0.0
15	2	29	0.0	0.0	nan	nan	0.0	0.0
16	2	77	4.29	0.461	16.806	0.654	1.0	1.0
16	2	74	3.935	0.359	17.452	0.624	1.0	1.0
16	2	71	3.548	0.506	18.29	0.824	1.0	1.0
16	2	68	3.065	0.25	19.355	1.226	1.0	1.0
16	2	65	2.968	0.18	20.129	1.522	1.0	1.0
16	2	62	2.839	0.374	21.194	1.424	1.0	1.0
16	2	59	2.548	0.506	22.645	1.355	1.0	1.0
16	2	56	2.097	0.301	24.226	1.687	1.0	1.0
16	2	53	2.065	0.25	26.871	2.109	1.0	1.0
16	2	50	1.3	0.75	34.231	7.485	0.806	0.839
16	2	47	0.452	0.723	36.5	5.681	0.323	0.323
16	2	44	0.0	0.0	nan	nan	0.0	0.0
16	2	41	0.0	0.0	nan	nan	0.0	0.0
16	2	38	0.0	0.0	nan	nan	0.0	0.0
16	2	35	0.0	0.0	nan	nan	0.0	0.0
16	2	32	0.0	0.0	nan	nan	0.0	0.0
16	2	29	0.0	0.0	nan	nan	0.0	0.0
17	2	77	3.806	0.402	17.645	0.915	1.0	1.0
17	2	74	3.161	0.638	18.581	0.886	1.0	1.0
17	2	71	2.774	0.425	19.645	0.95	1.0	1.0
17	2	68	2.065	0.25	20.742	1.29	1.0	1.0
17	2	65	2.065	0.25	22.129	1.147	1.0	1.0
17	2	62	2.0	0.0	24.032	1.643	1.0	1.0
17	2	59	1.935	0.25	26.355	2.678	1.0	1.0
17	2	56	1.367	0.765	32.769	4.063	0.806	0.839
17	2	53	0.414	0.78	33.556	5.077	0.226	0.29
17	2	50	0.0	0.0	nan	nan	0.0	0.0
17	2	47	0.0	0.0	nan	nan	0.0	0.0
17	2	44	0.0	0.0	nan	nan	0.0	0.0
17	2	41	0.0	0.0	nan	nan	0.0	0.0
17	2	38	0.0	0.0	nan	nan	0.0	0.0
17	2	35	0.0	0.0	nan	nan	0.0	0.0
17	2	32	0.0	0.0	nan	nan	0.0	0.0
17	2	29	0.0	0.0	nan	nan	0.0	0.0
18	2	77	2.419	0.62	18.484	0.996	1.0	1.0
18	2	74	2.097	0.301	19.548	0.888	1.0	1.0
18	2	71	2.032	0.18	20.419	1.523	1.0	1.0
18	2	68	1.968	0.18	21.903	1.165	1.0	1.0
18	2	65	1.839	0.374	23.742	1.591	1.0	1.0
18	2	62	1.419	0.502	26.226	2.741	1.0	1.0
18	2	59	1.069	0.53	28.964	2.861	0.839	0.903
18	2	56	0.069	0.258	34.5	2.646	0.065	0.129
18	2	53	0.0	0.0	nan	nan	0.0	0.0
18	2	50	0.0	0.0	nan	nan	0.0	0.0
18	2	47	0.0	0.0	nan	nan	0.0	0.0
18	2	44	0.0	0.0	nan	nan	0.0	0.0
18	2	41	0.0	0.0	nan	nan	0.0	0.0
18	2	38	0.0	0.0	nan	nan	0.0	0.0
18	2	35	0.0	0.0	nan	nan	0.0	0.0
18	2	32	0.0	0.0	nan	nan	0.0	0.0
18	2	29	0.0	0.0	nan	nan	0.0	0.0
19	2	77	2.935	0.25	19.871	0.846	1.0	1.0
19	2	74	2.581	0.502	20.645	1.018	1.0	1.0
19	2	71	2.161	0.374	22.194	1.47	1.0	1.0
19	2	68	2.0	0.0	23.742	1.527	1.0	1.0
19	2	65	2.0	0.0	25.968	2.359	1.0	1.0
19	2	62	1.935	0.25	29.323	3.618	1.0	1.0
19	2	59	0.913	0.848	34.773	4.407	0.452	0.71
19	2	56	0.065	0.25	42.0	9.899	0.065	0.065
19	2	53	0.0	0.0	nan	nan	0.0	0.0
19	2	50	0.0	0.0	nan	nan	0.0	0.0
19	2	47	0.0	0.0	nan	nan	0.0	0.0
19	2	44	0.0	0.0	nan	nan	0.0	0.0
19	2	41	0.0	0.0	nan	nan	0.0	0.0
19	2	38	0.0	0.0	nan	nan	0.0	0.0
19	2	35	0.0	0.0	nan	nan	0.0	0.0
19	2	32	0.0	0.0	nan	nan	0.0	0.0
19	2	29	0.0	0.0	nan	nan	0.0	0.0
20	2	77	2.0	0.0	19.774	0.845	1.0	1.0
20	2	74	2.032	0.18	20.613	0.955	1.0	1.0
20	2	71	2.0	0.258	21.613	1.383	1.0	1.0
20	2	68	1.871	0.341	23.097	2.821	1.0	1.0
20	2	65	1.548	0.506	25.355	3.479	1.0	1.0
20	2	62	1.033	0.556	28.148	3.171	0.839	0.871
20	2	59	0.296	0.465	32.25	3.98	0.258	0.387
20	2	56	0.032	0.18	31.0	0.0	0.032	0.032
20	2	53	0.0	0.0	nan	nan	0.0	0.0
20	2	50	0.0	0.0	nan	nan	0.0	0.0
20	2	47	0.0	0.0	nan	nan	0.0	0.0
20	2	44	0.0	0.0	nan	nan	0.0	0.0
20	2	41	0.0	0.0	nan	nan	0.0	0.0
20	2	38	0.0	0.0	nan	nan	0.0	0.0
20	2	35	0.0	0.0	nan	nan	0.0	0.0
20	2	32	0.0	0.0	nan	nan	0.0	0.0
20	2	29	0.0	0.0	nan	nan	0.0	0.0
21	2	77	2.742	0.575	18.806	0.601	1.0	1.0
21	2	74	2.226	0.425	19.452	0.995	1.0	1.0
21	2	71	2.065	0.359	20.548	0.925	1.0	1.0
21	2	68	2.0	0.0	21.548	1.06	1.0	1.0
21	2	65	1.968	0.18	23.097	1.777	1.0	1.0
21	2	62	1.516	0.508	24.355	1.496	1.0	1.0
21	2	59	1.194	0.543	26.931	2.738	0.935	0.935
21	2	56	0.467	0.571	30.571	2.209	0.419	0.452
21	2	53	0.0	0.0	37.0	0.0	0.0	0.032
21	2	50	0.0	0.0	nan	nan	0.0	0.0
21	2	47	0.0	0.0	nan	nan	0.0	0.0
21	2	44	0.0	0.0	nan	nan	0.0	0.0
21	2	41	0.0	0.0	nan	nan	0.0	0.0
21	2	38	0.0	0.0	nan	nan	0.0	0.0
21	2	35	0.0	0.0	nan	nan	0.0	0.0
21	2	32	0.0	0.0	nan	nan	0.0	0.0
21	2	29	0.0	0.0	nan	nan	0.0	0.0
22	2	77	3.032	0.315	17.194	0.543	1.0	1.0
22	2	74	2.839	0.374	17.806	0.792	1.0	1.0
22	2	71	2.484	0.508	18.484	1.18	1.0	1.0
22	2	68	2.065	0.25	19.258	0.93	1.0	1.0
22	2	65	1.839	0.454	20.613	1.116	1.0	1.0
22	2	62	1.677	0.475	21.968	1.494	1.0	1.0
22	2	59	1.194	0.402	23.645	2.615	1.0	1.0
22	2	56	0.967	0.414	25.643	2.542	0.871	0.903
22	2	53	0.581	0.564	26.941	2.536	0.548	0.548
22	2	50	0.0	0.0	nan	nan	0.0	0.0
22	2	47	0.0	0.0	nan	nan	0.0	0.0
22	2	44	0.0	0.0	nan	nan	0.0	0.0
22	2	41	0.0	0.0	nan	nan	0.0	0.0
22	2	38	0.0	0.0	nan	nan	0.0	0.0
22	2	35	0.0	0.0	nan	nan	0.0	0.0
22	2	32	0.0	0.0	nan	nan	0.0	0.0
22	2	29	0.0	0.0	nan	nan	0.0	0.0
23	2	77	3.677	0.475	17.935	0.68	1.0	1.0
23	2	74	3.097	0.7	18.677	0.909	1.0	1.0
23	2	71	2.452	0.568	19.258	0.729	1.0	1.0
23	2	68	2.129	0.341	20.387	1.202	1.0	1.0
23	2	65	2.0	0.365	21.968	1.426	1.0	1.0
23	2	62	1.806	0.402	23.419	2.405	1.0	1.0
23	2	59	1.467	0.629	25.759	3.124	0.903	0.935
23	2	56	1.138	0.743	28.28	3.076	0.742	0.806
23	2	53	0.286	0.46	31.727	3.524	0.258	0.355
23	2	50	0.0	0.0	nan	nan	0.0	0.0
23	2	47	0.0	0.0	nan	nan	0.0	0.0
23	2	44	0.0	0.0	nan	nan	0.0	0.0
23	2	41	0.0	0.0	nan	nan	0.0	0.0
23	2	38	0.0	0.0	nan	nan	0.0	0.0
23	2	35	0.0	0.0	nan	nan	0.0	0.0
23	2	32	0.0	0.0	nan	nan	0.0	0.0
23	2	29	0.0	0.0	nan	nan	0.0	0.0
24	2	77	3.0	0.0	16.935	0.772	1.0	1.0
24	2	74	2.903	0.301	17.613	0.558	1.0	1.0
24	2	71	2.452	0.506	18.194	0.654	1.0	1.0
24	2	68	2.032	0.482	19.032	0.752	1.0	1.0
24	2	65	1.71	0.529	19.903	0.79	1.0	1.0
24	2	62	1.484	0.508	20.935	1.34	1.0	1.0
24	2	59	1.097	0.396	23.267	2.05	0.968	0.968
24	2	56	1.032	0.407	24.034	2.044	0.935	0.935
24	2	53	0.258	0.445	26.125	1.808	0.258	0.258
24	2	50	0.0	0.0	nan	nan	0.0	0.0
24	2	47	0.0	0.0	nan	nan	0.0	0.0
24	2	44	0.0	0.0	nan	nan	0.0	0.0
24	2	41	0.0	0.0	nan	nan	0.0	0.0
24	2	38	0.0	0.0	nan	nan	0.0	0.0
24	2	35	0.0	0.0	nan	nan	0.0	0.0
24	2	32	0.0	0.0	nan	nan	0.0	0.0
24	2	29	0.0	0.0	nan	nan	0.0	0.0
25	2	77	3.903	0.301	16.903	0.651	1.0	1.0
25	2	74	3.71	0.529	17.29	0.643	1.0	1.0
25	2	71	3.355	0.755	18.032	0.795	1.0	1.0
25	2	68	2.645	0.661	18.839	1.098	1.0	1.0
25	2	65	2.129	0.428	19.806	1.352	1.0	1.0
25	2	62	2.032	0.18	20.903	1.35	1.0	1.0
25	2	59	1.903	0.301	22.871	2.109	1.0	1.0
25	2	56	1.839	0.374	23.806	1.621	1.0	1.0
25	2	53	1.516	0.677	26.25	2.238	0.903	0.903
25	2	50	0.821	0.819	30.105	4.701	0.516	0.613
25	2	47	0.067	0.254	35.0	5.568	0.065	0.097
25	2	44	0.0	0.0	nan	nan	0.0	0.0
25	2	41	0.0	0.0	nan	nan	0.0	0.0
25	2	38	0.0	0.0	nan	nan	0.0	0.0
25	2	35	0.0	0.0	nan	nan	0.0	0.0
25	2	32	0.0	0.0	nan	nan	0.0	0.0
25	2	29	0.0	0.0	nan	nan	0.0	0.0
26	2	77	4.645	0.486	18.194	0.749	1.0	1.0
26	2	74	4.065	0.68	18.452	0.624	1.0	1.0
26	2	71	3.419	0.502	19.355	0.661	1.0	1.0
26	2	68	3.097	0.301	20.097	0.87	1.0	1.0
26	2	65	3.0	0.0	21.258	0.965	1.0	1.0
26	2	62	2.968	0.18	22.387	1.086	1.0	1.0
26	2	59	2.968	0.18	23.935	1.34	1.0	1.0
26	2	56	2.677	0.475	25.419	1.84	1.0	1.0
26	2	53	2.258	0.514	28.806	3.188	1.0	1.0
26	2	50	1.484	0.677	35.133	3.803	0.968	0.968
26	2	47	0.839	0.583	38.652	3.821	0.742	0.742
26	2	44	0.065	0.25	45.5	9.192	0.065	0.065
26	2	41	0.0	0.0	nan	nan	0.0	0.0
26	2	38	0.0	0.0	nan	nan	0.0	0.0
26	2	35	0.0	0.0	nan	nan	0.0	0.0
26	2	32	0.0	0.0	nan	nan	0.0	0.0
26	2	29	0.0	0.0	nan	nan	0.0	0.0
27	2	77	2.613	0.715	18.484	0.811	1.0	1.0
27	2	74	2.226	0.425	19.258	0.815	1.0	1.0
27	2	71	2.097	0.301	20.452	0.925	1.0	1.0
27	2	68	1.968	0.18	21.097	0.831	1.0	1.0
27	2	65	1.935	0.25	22.613	1.174	1.0	1.0
27	2	62	1.613	0.495	24.516	1.691	1.0	1.0
27	2	59	1.133	0.629	27.074	2.448	0.839	0.871
27	2	56	0.643	0.621	29.684	3.902	0.516	0.613
27	2	53	0.133	0.434	30.0	4.83	0.097	0.129
27	2	50	0.0	0.0	nan	nan	0.0	0.0
27	2	47	0.0	0.0	nan	nan	0.0	0.0
27	2	44	0.0	0.0	nan	nan	0.0	0.0
27	2	41	0.0	0.0	nan	nan	0.0	0.0
27	2	38	0.0	0.0	nan	nan	0.0	0.0
27	2	35	0.0	0.0	nan	nan	0.0	0.0
27	2	32	0.0	0.0	nan	nan	0.0	0.0
27	2	29	0.0	0.0	nan	nan	0.0	0.0
28	2	77	4.065	0.359	16.903	0.597	1.0	1.0
28	2	74	3.935	0.359	17.323	0.541	1.0	1.0
28	2	71	3.29	0.643	17.871	0.763	1.0	1.0
28	2	68	2.871	0.718	18.484	1.589	1.0	1.0
28	2	65	2.258	0.514	19.581	1.385	1.0	1.0
28	2	62	2.097	0.301	20.903	1.106	1.0	1.0
28	2	59	1.935	0.359	21.903	1.66	1.0	1.0
28	2	56	1.71	0.461	24.226	2.012	1.0	1.0
28	2	53	1.63	0.629	27.793	4.178	0.806	0.935
28	2	50	0.613	0.761	27.571	2.709	0.452	0.452
28	2	47	0.241	0.511	32.75	3.919	0.194	0.258
28	2	44	0.0	0.0	35.0	0.0	0.0	0.032
28	2	41	0.0	0.0	nan	nan	0.0	0.0
28	2	38	0.0	0.0	nan	nan	0.0	0.0
28	2	35	0.0	0.0	nan	nan	0.0	0.0
28	2	32	0.0	0.0	nan	nan	0.0	0.0
28	2	29	0.0	0.0	nan	nan	0.0	0.0
29	2	77	4.065	0.25	16.387	0.558	1.0	1.0
29	2	74	4.0	0.0	16.581	0.502	1.0	1.0
29	2	71	3.871	0.341	17.516	0.724	1.0	1.0
29	2	68	3.355	0.551	18.387	0.803	1.0	1.0
29	2	65	3.032	0.605	18.839	1.068	1.0	1.0
29	2	62	2.484	0.508	20.065	0.929	1.0	1.0
29	2	59	2.161	0.374	21.613	1.23	1.0	1.0
29	2	56	2.0	0.258	23.0	2.251	1.0	1.0
29	2	53	1.871	0.341	25.839	2.899	1.0	1.0
29	2	50	1.677	0.599	28.724	3.545	0.935	0.935
29	2	47	0.516	0.769	34.636	3.042	0.355	0.355
29	2	44	0.0	0.0	nan	nan	0.0	0.0
29	2	41	0.0	0.0	nan	nan	0.0	0.0
29	2	38	0.0	0.0	nan	nan	0.0	0.0
29	2	35	0.0	0.0	nan	nan	0.0	0.0
29	2	32	0.0	0.0	nan	nan	0.0	0.0
29	2	29	0.0	0.0	nan	nan	0.0	0.0
30	2	77	2.71	0.739	18.452	0.768	1.0	1.0
30	2	74	2.226	0.425	19.194	1.014	1.0	1.0
30	2	71	2.0	0.0	20.355	1.199	1.0	1.0
30	2	68	1.968	0.18	21.452	1.234	1.0	1.0
30	2	65	2.0	0.0	22.871	1.648	1.0	1.0
30	2	62	1.935	0.25	25.871	2.54	1.0	1.0
30	2	59	1.714	0.535	29.733	4.533	0.871	0.968
30	2	56	0.233	0.504	33.0	3.559	0.194	0.226
30	2	53	0.0	0.0	nan	nan	0.0	0.0
30	2	50	0.0	0.0	nan	nan	0.0	0.0
30	2	47	0.0	0.0	nan	nan	0.0	0.0
30	2	44	0.0	0.0	nan	nan	0.0	0.0
30	2	41	0.0	0.0	nan	nan	0.0	0.0
30	2	38	0.0	0.0	nan	nan	0.0	0.0
30	2	35	0.0	0.0	nan	nan	0.0	0.0
30	2	32	0.0	0.0	nan	nan	0.0	0.0
30	2	29	0.0	0.0	nan	nan	0.0	0.0
31	2	77	3.032	0.18	16.581	0.672	1.0	1.0
31	2	74	2.935	0.359	17.226	0.762	1.0	1.0
31	2	71	2.71	0.461	17.806	0.792	1.0	1.0
31	2	68	2.226	0.617	18.677	1.045	1.0	1.0
31	2	65	1.548	0.675	19.774	1.283	1.0	1.0
31	2	62	1.258	0.445	21.516	1.288	1.0	1.0
31	2	59	0.968	0.18	23.867	1.871	0.968	0.968
31	2	56	0.677	0.475	25.286	2.148	0.677	0.677
31	2	53	0.065	0.25	26.0	1.414	0.065	0.065
31	2	50	0.0	0.0	nan	nan	0.0	0.0
31	2	47	0.0	0.0	nan	nan	0.0	0.0
31	2	44	0.0	0.0	nan	nan	0.0	0.0
31	2	41	0.0	0.0	nan	nan	0.0	0.0
31	2	38	0.0	0.0	nan	nan	0.0	0.0
31	2	35	0.0	0.0	nan	nan	0.0	0.0
31	2	32	0.0	0.0	nan	nan	0.0	0.0
31	2	29	0.0	0.0	nan	nan	0.0	0.0
0	3	77	2.484	0.508	20.968	0.875	1.0	1.0
0	3	74	2.129	0.341	21.903	1.136	1.0	1.0
0	3	71	2.032	0.18	23.581	1.311	1.0	1.0
0	3	68	2.0	0.0	24.935	1.982	1.0	1.0
0	3	65	1.968	0.18	27.935	2.695	1.0	1.0
0	3	62	1.25	0.752	34.231	4.16	0.742	0.839
0	3	59	0.033	0.183	34.0	5.657	0.032	0.065
0	3	56	0.0	0.0	nan	nan	0.0	0.0
0	3	53	0.0	0.0	nan	nan	0.0	0.0
0	3	50	0.0	0.0	nan	nan	0.0	0.0
0	3	47	0.0	0.0	nan	nan	0.0	0.0
0	3	44	0.0	0.0	nan	nan	0.0	0.0
0	3	41	0.0	0.0	nan	nan	0.0	0.0
0	3	38	0.0	0.0	nan	nan	0.0	0.0
0	3	35	0.0	0.0	nan	nan	0.0	0.0
0	3	32	0.0	0.0	nan	nan	0.0	0.0
0	3	29	0.0	0.0	nan	nan	0.0	0.0
1	3	77	4.032	0.18	16.032	0.657	1.0	1.0
1	3	74	3.968	0.18	16.645	0.661	1.0	1.0
1	3	71	3.839	0.374	16.903	0.396	1.0	1.0
1	3	68	3.355	0.608	17.806	0.601	1.0	1.0
1	3	65	2.871	0.718	18.387	0.882	1.0	1.0
1	3	62	2.226	0.425	19.29	0.938	1.0	1.0
1	3	59	2.0	0.258	20.032	1.08	1.0	1.0
1	3	56	1.903	0.301	21.871	1.384	1.0	1.0
1	3	53	1.645	0.486	24.226	2.156	1.0	1.0
1	3	50	1.355	0.486	25.903	2.468	1.0	1.0
1	3	47	0.84	0.746	30.545	4.306	0.516	0.71
1	3	44	0.065	0.359	31.0	0.0	0.032	0.032
1	3	41	0.0	0.0	nan	nan	0.0	0.0
1	3	38	0.0	0.0	nan	nan	0.0	0.0
1	3	35	0.0	0.0	nan	nan	0.0	0.0
1	3	32	0.0	0.0	nan	nan	0.0	0.0
1	3	29	0.0	0.0	nan	nan	0.0	0.0
2	3	77	2.0	0.632	19.065	0.772	1.0	1.0
2	3	74	1.29	0.588	19.71	0.938	1.0	1.0
2	3	71	1.129	0.341	20.871	1.565	1.0	1.0
2	3	68	1.0	0.0	23.194	1.558	1.0	1.0
2	3	65	0.968	0.315	24.414	1.842	0.935	0.935
2	3	62	0.167	0.379	27.333	3.386	0.161	0.194
2	3	59	0.0	0.0	nan	nan	0.0	0.0
2	3	56	0.0	0.0	nan	nan	0.0	0.0
2	3	53	0.0	0.0	nan	nan	0.0	0.0
2	3	50	0.0	0.0	nan	nan	0.0	0.0
2	3	47	0.0	0.0	nan	nan	0.0	0.0
2	3	44	0.0	0.0	nan	nan	0.0	0.0
2	3	41	0.0	0.0	nan	nan	0.0	0.0
2	3	38	0.0	0.0	nan	nan	0.0	0.0
2	3	35	0.0	0.0	nan	nan	0.0	0.0
2	3	32	0.0	0.0	nan	nan	0.0	0.0
2	3	29	0.0	0.0	nan	nan	0.0	0.0
3	3	77	3.806	0.477	17.323	0.653	1.0	1.0
3	3	74	3.387	0.667	17.903	0.746	1.0	1.0
3	3	71	2.645	0.798	18.484	0.811	1.0	1.0
3	3	68	2.097	0.301	19.419	0.848	1.0	1.0
3	3	65	2.032	0.18	20.806	1.352	1.0	1.0
3	3	62	1.935	0.25	21.871	1.36	1.0	1.0
3	3	59	1.839	0.454	23.226	1.91	1.0	1.0
3	3	56	1.233	0.504	25.667	3.133	0.935	0.968
3	3	53	0.633	0.669	27.471	3.923	0.516	0.548
3	3	50	0.032	0.18	29.0	0.0	0.032	0.032
3	3	47	0.0	0.0	nan	nan	0.0	0.0
3	3	44	0.0	0.0	nan	nan	0.0	0.0
3	3	41	0.0	0.0	nan	nan	0.0	0.0
3	3	38	0.0	0.0	nan	nan	0.0	0.0
3	3	35	0.0	0.0	nan	nan	0.0	0.0
3	3	32	0.0	0.0	nan	nan	0.0	0.0
3	3	29	0.0	0.0	nan	nan	0.0	0.0
4	3	77	3.161	0.374	16.839	0.583	1.0	1.0
4	3	74	3.0	0.258	17.129	0.428	1.0	1.0
4	3	71	2.516	0.508	18.387	0.844	1.0	1.0
4	3	68	2.419	0.502	18.548	0.723	1.0	1.0
4	3	65	2.0	0.365	19.871	1.056	1.0	1.0
4	3	62	1.677	0.475	21.355	1.582	1.0	1.0
4	3	59	1.355	0.486	22.387	1.308	1.0	1.0
4	3	56	1.097	0.539	24.071	2.21	0.903	0.903
4	3	53	0.7	0.651	27.947	3.965	0.581	0.613
4	3	50	0.067	0.254	30.333	4.509	0.065	0.097
4	3	47	0.0	0.0	nan	nan	0.0	0.0
4	3	44	0.0	0.0	nan	nan	0.0	0.0
4	3	41	0.0	0.0	nan	nan	0.0	0.0
4	3	38	0.0	0.0	nan	nan	0.0	0.0
4	3	35	0.0	0.0	nan	nan	0.0	0.0
4	3	32	0.0	0.0	nan	nan	0.0	0.0
4	3	29	0.0	0.0	nan	nan	0.0	0.0
5	3	77	1.032	0.18	19.226	0.669	1.0	1.0
5	3	74	1.0	0.0	20.161	0.969	1.0	1.0
5	3	71	1.0	0.0	21.355	1.279	1.0	1.0
5	3	68	0.889	0.32	23.286	1.843	0.774	0.903
5	3	65	0.484	0.508	24.533	1.407	0.484	0.484
5	3	62	0.0	0.0	nan	nan	0.0	0.0
5	3	59	0.0	0.0	nan	nan	0.0	0.0
5	3	56	0.0	0.0	nan	nan	0.0	0.0
5	3	53	0.0	0.0	nan	nan	0.0	0.0
5	3	50	0.0	0.0	nan	nan	0.0	0.0
5	3	47	0.0	0.0	nan	nan	0.0	0.0
5	3	44	0.0	0.0	nan	nan	0.0	0.0
5	3	41	0.0	0.0	nan	nan	0.0	0.0
5	3	38	0.0	0.0	nan	nan	0.0	0.0
5	3	35	0.0	0.0	nan	nan	0.0	0.0
5	3	32	0.0	0.0	nan	nan	0.0	0.0
5	3	29	0.0	0.0	nan	nan	0.0	0.0
6	3	77	4.194	0.543	17.742	0.682	1.0	1.0
6	3	74	3.516	0.508	18.387	0.955	1.0	1.0
6	3	71	3.161	0.374	19.032	0.875	1.0	1.0
6	3	68	2.935	0.25	20.032	1.224	1.0	1.0
6	3	65	2.806	0.402	21.065	0.964	1.0	1.0
6	3	62	2.419	0.502	22.323	1.107	1.0	1.0
6	3	59	2.194	0.402	23.935	2.175	1.0	1.0
6	3	56	2.0	0.0	26.097	1.62	1.0	1.0
6	3	53	1.968	0.18	30.194	2.442	1.0	1.0
6	3	50	1.633	0.49	33.032	3.261	0.968	1.0
6	3	47	0.107	0.315	37.167	3.061	0.097	0.194
6	3	44	0.0	0.0	nan	nan	0.0	0.0
6	3	41	0.0	0.0	nan	nan	0.0	0.0
6	3	38	0.0	0.0	nan	nan	0.0	0.0
6	3	35	0.0	0.0	nan	nan	0.0	0.0
6	3	32	0.0	0.0	nan	nan	0.0	0.0
6	3	29	0.0	0.0	nan	nan	0.0	0.0
7	3	77	3.935	0.25	17.387	0.615	1.0	1.0
7	3	74	3.387	0.761	18.161	1.157	1.0	1.0
7	3	71	2.871	0.619	18.806	0.703	1.0	1.0
7	3	68	2.452	0.506	19.419	1.089	1.0	1.0
7	3	65	2.065	0.25	20.613	1.23	1.0	1.0
7	3	62	1.968	0.315	22.419	1.876	1.0	1.0
7	3	59	1.839	0.374	23.774	2.348	1.0	1.0
7	3	56	1.645	0.551	26.767	2.459	0.968	0.968
7	3	53	0.966	0.865	28.1	2.882	0.581	0.645
7	3	50	0.033	0.183	36.0	4.243	0.032	0.065
7	3	47	0.0	0.0	nan	nan	0.0	0.0
7	3	44	0.0	0.0	nan	nan	0.0	0.0
7	3	41	0.0	0.0	nan	nan	0.0	0.0
7	3	38	0.0	0.0	nan	nan	0.0	0.0
7	3	35	0.0	0.0	nan	nan	0.0	0.0
7	3	32	0.0	0.0	nan	nan	0.0	0.0
7	3	29	0.0	0.0	nan	nan	0.0	0.0
8	3	77	2.419	0.564	19.258	0.729	1.0	1.0
8	3	74	2.065	0.442	20.419	0.958	1.0	1.0
8	3	71	2.0	0.0	21.742	0.729	1.0	1.0
8	3	68	1.935	0.25	22.484	1.589	1.0	1.0
8	3	65	1.871	0.341	24.581	1.728	1.0	1.0
8	3	62	1.355	0.661	27.0	2.969	0.903	0.903
8	3	59	0.828	0.711	29.762	3.375	0.613	0.677
8	3	56	0.0	0.0	39.0	4.243	0.0	0.065
8	3	53	0.0	0.0	nan	nan	0.0	0.0
8	3	50	0.0	0.0	nan	nan	0.0	0.0
8	3	47	0.0	0.0	nan	nan	0.0	0.0
8	3	44	0.0	0.0	nan	nan	0.0	0.0
8	3	41	0.0	0.0	nan	nan	0.0	0.0
8	3	38	0.0	0.0	nan	nan	0.0	0.0
8	3	35	0.0	0.0	nan	nan	0.0	0.0
8	3	32	0.0	0.0	nan	nan	0.0	0.0
8	3	29	0.0	0.0	nan	nan	0.0	0.0
9	3	77	6.0	0.258	15.742	0.93	1.0	1.0
9	3	74	5.968	0.18	15.903	0.79	1.0	1.0
9	3	71	5.677	0.475	16.29	0.588	1.0	1.0
9	3	68	5.258	0.514	16.871	1.024	1.0	1.0
9	3	65	5.0	0.516	17.677	0.748	1.0	1.0
9	3	62	4.581	0.502	17.968	0.657	1.0	1.0
9	3	59	4.226	0.497	18.935	0.814	1.0	1.0
9	3	56	3.452	0.506	20.323	1.137	1.0	1.0
9	3	53	3.226	0.425	21.258	1.264	1.0	1.0
9	3	50	3.032	0.18	23.452	1.841	1.0	1.0
9	3	47	2.935	0.25	26.161	4.05	1.0	1.0
9	3	44	2.806	0.402	29.484	4.335	1.0	1.0
9	3	41	1.871	0.957	35.929	5.894	0.903	0.903
9	3	38	0.355	0.661	40.75	5.445	0.258	0.258
9	3	35	0.0	0.0	nan	nan	0.0	0.0
9	3	32	0.0	0.0	nan	nan	0.0	0.0
9	3	29	0.0	0.0	nan	nan	0.0	0.0
10	3	77	5.0	0.0	16.355	0.608	1.0	1.0
10	3	74	4.903	0.301	17.0	0.775	1.0	1.0
10	3	71	4.774	0.425	17.226	0.762	1.0	1.0
10	3	68	4.097	0.79	18.0	0.894	1.0	1.0
10	3	65	3.387	0.761	19.129	1.477	1.0	1.0
10	3	62	3.097	0.301	19.516	1.235	1.0	1.0
10	3	59	2.935	0.25	21.129	1.688	1.0	1.0
10	3	56	2.903	0.301	22.258	1.46	1.0	1.0
10	3	53	2.452	0.506	24.258	1.999	1.0	1.0
10	3	50	2.065	0.442	27.677	2.868	1.0	1.0
10	3	47	1.871	0.499	31.71	3.456	1.0	1.0
10	3	44	1.097	0.651	35.231	4.901	0.839	0.839
10	3	41	0.129	0.562	33.5	6.364	0.065	0.065
10	3	38	0.032	0.18	41.0	0.0	0.032	0.032
10	3	35	0.0	0.0	nan	nan	0.0	0.0
10	3	32	0.0	0.0	nan	nan	0.0	0.0
10	3	29	0.0	0.0	nan	nan	0.0	0.0
11	3	77	4.581	0.72	17.774	0.92	1.0	1.0
11	3	74	3.935	0.727	18.29	1.006	1.0	1.0
11	3	71	3.194	0.402	19.097	0.978	1.0	1.0
11	3	68	3.065	0.25	20.355	1.38	1.0	1.0
11	3	65	2.968	0.18	21.677	1.301	1.0	1.0
11	3	62	2.774	0.425	22.871	1.384	1.0	1.0
11	3	59	2.452	0.506	24.29	1.395	1.0	1.0
11	3	56	2.097	0.301	27.032	2.345	1.0	1.0
11	3	53	1.742	0.631	30.483	4.006	0.935	0.935
11	3	50	1.0	0.802	34.273	4.142	0.645	0.71
11	3	47	0.25	0.518	40.556	5.615	0.194	0.29
11	3	44	0.0	0.0	nan	nan	0.0	0.0
11	3	41	0.0	0.0	nan	nan	0.0	0.0
11	3	38	0.0	0.0	nan	nan	0.0	0.0
11	3	35	0.0	0.0	nan	nan	0.0	0.0
11	3	32	0.0	0.0	nan	nan	0.0	0.0
11	3	29	0.0	0.0	nan	nan	0.0	0.0
12	3	77	1.968	0.18	21.581	1.336	1.0	1.0
12	3	74	1.774	0.425	23.097	1.3	1.0	1.0
12	3	71	1.29	0.529	24.933	2.132	0.968	0.968
12	3	68	0.966	0.626	27.36	2.827	0.742	0.806
12	3	65	0.3	0.466	30.8	2.741	0.29	0.323
12	3	62	0.033	0.183	34.5	0.707	0.032	0.065
12	3	59	0.0	0.0	nan	nan	0.0	0.0
12	3	56	0.0	0.0	nan	nan	0.0	0.0
12	3	53	0.0	0.0	nan	nan	0.0	0.0
12	3	50	0.0	0.0	nan	nan	0.0	0.0
12	3	47	0.0	0.0	nan	nan	0.0	0.0
12	3	44	0.0	0.0	nan	nan	0.0	0.0
12	3	41	0.0	0.0	nan	nan	0.0	0.0
12	3	38	0.0	0.0	nan	nan	0.0	0.0
12	3	35	0.0	0.0	nan	nan	0.0	0.0
12	3	32	0.0	0.0	nan	nan	0.0	0.0
12	3	29	0.0	0.0	nan	nan	0.0	0.0
13	3	77	1.065	0.25	21.129	1.455	1.0	1.0
13	3	74	1.065	0.25	22.226	1.521	1.0	1.0
13	3	71	0.968	0.18	24.033	1.52	0.968	0.968
13	3	68	0.677	0.475	26.238	3.223	0.677	0.677
13	3	65	0.226	0.425	26.857	2.968	0.226	0.226
13	3	62	0.0	0.0	nan	nan	0.0	0.0
13	3	59	0.0	0.0	nan	nan	0.0	0.0
13	3	56	0.0	0.0	nan	nan	0.0	0.0
13	3	53	0.0	0.0	nan	nan	0.0	0.0
13	3	50	0.0	0.0	nan	nan	0.0	0.0
13	3	47	0.0	0.0	nan	nan	0.0	0.0
13	3	44	0.0	0.0	nan	nan	0.0	0.0
13	3	41	0.0	0.0	nan	nan	0.0	0.0
13	3	38	0.0	0.0	nan	nan	0.0	0.0
13	3	35	0.0	0.0	nan	nan	0.0	0.0
13	3	32	0.0	0.0	nan	nan	0.0	0.0
13	3	29	0.0	0.0	nan	nan	0.0	0.0
14	3	77	4.935	0.25	16.903	0.7	1.0	1.0
14	3	74	5.0	0.258	17.355	0.798	1.0	1.0
14	3	71	4.548	0.624	17.806	0.98	1.0	1.0
14	3	68	3.935	0.512	18.968	0.752	1.0	1.0
14	3	65	3.258	0.445	20.129	0.991	1.0	1.0
14	3	62	3.129	0.341	20.839	1.003	1.0	1.0
14	3	59	3.032	0.18	22.484	1.589	1.0	1.0
14	3	56	3.0	0.0	24.452	2.755	1.0	1.0
14	3	53	2.903	0.301	26.581	2.514	1.0	1.0
14	3	50	2.129	0.806	31.968	5.036	1.0	1.0
14	3	47	0.839	0.86	37.667	4.627	0.581	0.581
14	3	44	0.097	0.301	39.0	2.646	0.097	0.097
14	3	41	0.0	0.0	nan	nan	0.0	0.0
14	3	38	0.0	0.0	nan	nan	0.0	0.0
14	3	35	0.0	0.0	nan	nan	0.0	0.0
14	3	32	0.0	0.0	nan	nan	0.0	0.0
14	3	29	0.0	0.0	nan	nan	0.0	0.0
15	3	77	1.806	0.792	18.839	0.969	1.0	1.0
15	3	74	1.161	0.374	19.968	1.426	1.0	1.0
15	3	71	1.0	0.0	21.129	1.384	1.0	1.0
15	3	68	0.968	0.18	23.067	1.388	0.968	0.968
15	3	65	0.903	0.301	24.786	2.043	0.903	0.903
15	3	62	0.129	0.341	24.5	1.291	0.129	0.129
15	3	59	0.0	0.0	nan	nan	0.0	0.0
15	3	56	0.0	0.0	nan	nan	0.0	0.0
15	3	53	0.0	0.0	nan	nan	0.0	0.0
15	3	50	0.0	0.0	nan	nan	0.0	0.0
15	3	47	0.0	0.0	nan	nan	0.0	0.0
15	3	44	0.0	0.0	nan	nan	0.0	0.0
15	3	41	0.0	0.0	nan	nan	0.0	0.0
15	3	38	0.0	0.0	nan	nan	0.0	0.0
15	3	35	0.0	0.0	nan	nan	0.0	0.0
15	3	32	0.0	0.0	nan	nan	0.0	0.0
15	3	29	0.0	0.0	nan	nan	0.0	0.0
16	3	77	3.452	0.568	18.032	0.795	1.0	1.0
16	3	74	3.097	0.746	18.806	1.046	1.0	1.0
16	3	71	2.323	0.475	19.677	0.748	1.0	1.0
16	3	68	2.29	0.461	20.484	1.503	1.0	1.0
16	3	65	2.032	0.18	21.742	1.39	1.0	1.0
16	3	62	1.968	0.18	23.968	1.472	1.0	1.0
16	3	59	1.71	0.461	25.677	2.023	1.0	1.0
16	3	56	1.107	0.685	29.385	3.837	0.742	0.839
16	3	53	0.143	0.448	32.833	4.579	0.097	0.194
16	3	50	0.065	0.25	35.0	4.243	0.065	0.065
16	3	47	0.0	0.0	nan	nan	0.0	0.0
16	3	44	0.0	0.0	nan	nan	0.0	0.0
16	3	41	0.0	0.0	nan	nan	0.0	0.0
16	3	38	0.0	0.0	nan	nan	0.0	0.0
16	3	35	0.0	0.0	nan	nan	0.0	0.0
16	3	32	0.0	0.0	nan	nan	0.0	0.0
16	3	29	0.0	0.0	nan	nan	0.0	0.0
17	3	77	2.323	0.541	18.419	0.765	1.0	1.0
17	3	74	2.065	0.25	19.419	0.848	1.0	1.0
17	3	71	1.903	0.301	20.355	1.082	1.0	1.0
17	3	68	1.839	0.454	21.933	1.363	0.968	0.968
17	3	65	1.452	0.568	22.933	1.23	0.968	0.968
17	3	62	1.097	0.539	25.893	2.685	0.903	0.903
17	3	59	0.567	0.568	27.412	3.183	0.516	0.548
17	3	56	0.032	0.18	29.0	0.0	0.032	0.032
17	3	53	0.0	0.0	nan	nan	0.0	0.0
17	3	50	0.0	0.0	nan	nan	0.0	0.0
17	3	47	0.0	0.0	nan	nan	0.0	0.0
17	3	44	0.0	0.0	nan	nan	0.0	0.0
17	3	41	0.0	0.0	nan	nan	0.0	0.0
17	3	38	0.0	0.0	nan	nan	0.0	0.0
17	3	35	0.0	0.0	nan	nan	0.0	0.0
17	3	32	0.0	0.0	nan	nan	0.0	0.0
17	3	29	0.0	0.0	nan	nan	0.0	0.0
18	3	77	1.484	0.508	22.516	1.288	1.0	1.0
18	3	74	1.097	0.396	24.567	2.373	0.968	0.968
18	3	71	0.903	0.301	26.143	2.785	0.903	0.903
18	3	68	0.533	0.571	27.375	4.951	0.484	0.516
18	3	65	0.0	0.0	nan	nan	0.0	0.0
18	3	62	0.0	0.0	nan	nan	0.0	0.0
18	3	59	0.0	0.0	nan	nan	0.0	0.0
18	3	56	0.0	0.0	nan	nan	0.0	0.0
18	3	53	0.0	0.0	nan	nan	0.0	0.0
18	3	50	0.0	0.0	nan	nan	0.0	0.0
18	3	47	0.0	0.0	nan	nan	0.0	0.0
18	3	44	0.0	0.0	nan	nan	0.0	0.0
18	3	41	0.0	0.0	nan	nan	0.0	0.0
18	3	38	0.0	0.0	nan	nan	0.0	0.0
18	3	35	0.0	0.0	nan	nan	0.0	0.0
18	3	32	0.0	0.0	nan	nan	0.0	0.0
18	3	29	0.0	0.0	nan	nan	0.0	0.0
19	3	77	1.355	0.486	22.419	1.385	1.0	1.0
19	3	74	1.065	0.25	24.419	1.689	1.0	1.0
19	3	71	0.9	0.403	25.63	2.339	0.839	0.871
19	3	68	0.548	0.506	27.412	2.717	0.548	0.548
19	3	65	0.032	0.18	27.0	0.0	0.032	0.032
19	3	62	0.0	0.0	nan	nan	0.0	0.0
19	3	59	0.0	0.0	nan	nan	0.0	0.0
19	3	56	0.0	0.0	nan	nan	0.0	0.0
19	3	53	0.0	0.0	nan	nan	0.0	0.0
19	3	50	0.0	0.0	nan	nan	0.0	0.0
19	3	47	0.0	0.0	nan	nan	0.0	0.0
19	3	44	0.0	0.0	nan	nan	0.0	0.0
19	3	41	0.0	0.0	nan	nan	0.0	0.0
19	3	38	0.0	0.0	nan	nan	0.0	0.0
19	3	35	0.0	0.0	nan	nan	0.0	0.0
19	3	32	0.0	0.0	nan	nan	0.0	0.0
19	3	29	0.0	0.0	nan	nan	0.0	0.0
20	3	77	2.839	0.374	17.484	1.029	1.0	1.0
20	3	74	2.71	0.461	17.935	0.629	1.0	1.0
20	3	71	2.355	0.486	18.677	0.979	1.0	1.0
20	3	68	2.0	0.516	19.484	1.338	1.0	1.0
20	3	65	1.677	0.475	20.774	1.407	1.0	1.0
20	3	62	1.323	0.541	21.8	1.75	0.968	0.968
20	3	59	1.069	0.53	24.929	4.371	0.839	0.903
20	3	56	0.724	0.455	26.565	3.355	0.677	0.742
20	3	53	0.1	0.305	28.25	4.787	0.097	0.129
20	3	50	0.0	0.0	nan	nan	0.0	0.0
20	3	47	0.0	0.0	nan	nan	0.0	0.0
20	3	44	0.0	0.0	nan	nan	0.0	0.0
20	3	41	0.0	0.0	nan	nan	0.0	0.0
20	3	38	0.0	0.0	nan	nan	0.0	0.0
20	3	35	0.0	0.0	nan	nan	0.0	0.0
20	3	32	0.0	0.0	nan	nan	0.0	0.0
20	3	29	0.0	0.0	nan	nan	0.0	0.0
21	3	77	3.613	0.495	18.194	0.873	1.0	1.0
21	3	74	2.968	0.407	18.935	0.814	1.0	1.0
21	3	71	2.516	0.57	20.258	1.29	1.0	1.0
21	3	68	2.484	0.508	20.71	1.039	1.0	1.0
21	3	65	2.161	0.374	21.774	1.543	1.0	1.0
21	3	62	1.935	0.359	23.677	3.35	1.0	1.0
21	3	59	2.0	0.0	25.645	2.244	1.0	1.0
21	3	56	1.71	0.588	28.31	3.048	0.935	0.935
21	3	53	0.704	0.724	32.053	4.249	0.484	0.613
21	3	50	0.0	0.0	38.333	1.155	0.0	0.097
21	3	47	0.0	0.0	nan	nan	0.0	0.0
21	3	44	0.0	0.0	nan	nan	0.0	0.0
21	3	41	0.0	0.0	nan	nan	0.0	0.0
21	3	38	0.0	0.0	nan	nan	0.0	0.0
21	3	35	0.0	0.0	nan	nan	0.0	0.0
21	3	32	0.0	0.0	nan	nan	0.0	0.0
21	3	29	0.0	0.0	nan	nan	0.0	0.0
22	3	77	5.935	0.25	16.419	0.886	1.0	1.0
22	3	74	5.581	0.502	17.097	0.539	1.0	1.0
22	3	71	5.129	0.499	17.548	0.81	1.0	1.0
22	3	68	4.419	0.502	18.355	0.755	1.0	1.0
22	3	65	4.226	0.497	18.871	0.718	1.0	1.0
22	3	62	3.871	0.341	20.452	1.234	1.0	1.0
22	3	59	3.645	0.486	21.29	1.27	1.0	1.0
22	3	56	3.161	0.374	22.871	1.147	1.0	1.0
22	3	53	3.0	0.0	24.871	1.258	1.0	1.0
22	3	50	3.032	0.18	27.968	2.442	1.0	1.0
22	3	47	2.323	0.748	32.387	5.136	1.0	1.0
22	3	44	1.2	0.997	37.478	5.282	0.71	0.742
22	3	41	0.3	0.466	43.9	4.63	0.29	0.323
22	3	38	0.0	0.0	nan	nan	0.0	0.0
22	3	35	0.0	0.0	nan	nan	0.0	0.0
22	3	32	0.0	0.0	nan	nan	0.0	0.0
22	3	29	0.0	0.0	nan	nan	0.0	0.0
23	3	77	5.065	0.25	16.968	0.657	1.0	1.0
23	3	74	5.0	0.258	17.194	0.654	1.0	1.0
23	3	71	4.452	0.675	18.226	1.055	1.0	1.0
23	3	68	3.839	0.82	18.71	1.039	1.0	1.0
23	3	65	3.419	0.502	19.806	1.223	1.0	1.0
23	3	62	3.065	0.25	20.581	0.923	1.0	1.0
23	3	59	2.968	0.18	21.516	1.435	1.0	1.0
23	3	56	2.871	0.341	23.29	1.637	1.0	1.0
23	3	53	2.484	0.57	24.806	2.892	1.0	1.0
23	3	50	2.355	0.551	27.065	3.14	1.0	1.0
23	3	47	1.7	0.596	30.966	3.831	0.903	0.935
23	3	44	1.067	0.868	34.318	3.884	0.677	0.71
23	3	41	0.0	0.0	39.0	0.0	0.0	0.032
23	3	38	0.0	0.0	nan	nan	0.0	0.0
23	3	35	0.0	0.0	nan	nan	0.0	0.0
23	3	32	0.0	0.0	nan	nan	0.0	0.0
23	3	29	0.0	0.0	nan	nan	0.0	0.0
24	3	77	2.0	0.0	20.903	1.136	1.0	1.0
24	3	74	2.0	0.0	22.452	1.207	1.0	1.0
24	3	71	1.871	0.341	23.968	1.494	1.0	1.0
24	3	68	1.467	0.507	25.645	2.511	0.968	1.0
24	3	65	0.963	0.338	29.931	3.515	0.806	0.935
24	3	62	0.207	0.412	32.125	3.399	0.194	0.258
24	3	59	0.0	0.0	nan	nan	0.0	0.0
24	3	56	0.0	0.0	nan	nan	0.0	0.0
24	3	53	0.0	0.0	nan	nan	0.0	0.0
24	3	50	0.0	0.0	nan	nan	0.0	0.0
24	3	47	0.0	0.0	nan	nan	0.0	0.0
24	3	44	0.0	0.0	nan	nan	0.0	0.0
24	3	41	0.0	0.0	nan	nan	0.0	0.0
24	3	38	0.0	0.0	nan	nan	0.0	0.0
24	3	35	0.0	0.0	nan	nan	0.0	0.0
24	3	32	0.0	0.0	nan	nan	0.0	0.0
24	3	29	0.0	0.0	nan	nan	0.0	0.0
25	3	77	1.194	0.402	21.742	1.548	1.0	1.0
25	3	74	1.032	0.18	23.323	2.688	1.0	1.0
25	3	71	0.935	0.25	24.966	2.096	0.935	0.935
25	3	68	0.839	0.374	27.231	2.643	0.839	0.839
25	3	65	0.0	0.0	nan	nan	0.0	0.0
25	3	62	0.0	0.0	nan	nan	0.0	0.0
25	3	59	0.0	0.0	nan	nan	0.0	0.0
25	3	56	0.0	0.0	nan	nan	0.0	0.0
25	3	53	0.0	0.0	nan	nan	0.0	0.0
25	3	50	0.0	0.0	nan	nan	0.0	0.0
25	3	47	0.0	0.0	nan	nan	0.0	0.0
25	3	44	0.0	0.0	nan	nan	0.0	0.0
25	3	41	0.0	0.0	nan	nan	0.0	0.0
25	3	38	0.0	0.0	nan	nan	0.0	0.0
25	3	35	0.0	0.0	nan	nan	0.0	0.0
25	3	32	0.0	0.0	nan	nan	0.0	0.0
25	3	29	0.0	0.0	nan	nan	0.0	0.0
26	3	77	2.258	0.514	19.065	0.929	1.0	1.0
26	3	74	2.0	0.258	19.968	1.224	1.0	1.0
26	3	71	1.968	0.315	20.806	1.302	1.0	1.0
26	3	68	1.806	0.402	22.032	1.402	1.0	1.0
26	3	65	1.323	0.475	23.581	1.84	1.0	1.0
26	3	62	0.967	0.414	26.786	2.961	0.871	0.903
26	3	59	0.621	0.561	29.053	3.135	0.548	0.613
26	3	56	0.032	0.18	27.0	0.0	0.032	0.032
26	3	53	0.0	0.0	nan	nan	0.0	0.0
26	3	50	0.0	0.0	nan	nan	0.0	0.0
26	3	47	0.0	0.0	nan	nan	0.0	0.0
26	3	44	0.0	0.0	nan	nan	0.0	0.0
26	3	41	0.0	0.0	nan	nan	0.0	0.0
26	3	38	0.0	0.0	nan	nan	0.0	0.0
26	3	35	0.0	0.0	nan	nan	0.0	0.0
26	3	32	0.0	0.0	nan	nan	0.0	0.0
26	3	29	0.0	0.0	nan	nan	0.0	0.0
27	3	77	3.645	0.486	17.452	0.506	1.0	1.0
27	3	74	3.065	0.854	18.194	0.833	1.0	1.0
27	3	71	2.516	0.677	18.355	1.082	1.0	1.0
27	3	68	2.032	0.18	20.032	1.048	1.0	1.0
27	3	65	2.032	0.18	20.516	1.262	1.0	1.0
27	3	62	1.742	0.514	22.581	1.311	1.0	1.0
27	3	59	1.613	0.495	24.194	2.286	1.0	1.0
27	3	56	1.0	0.643	27.2	2.958	0.774	0.806
27	3	53	0.552	0.632	28.875	3.384	0.452	0.516
27	3	50	0.0	0.0	nan	nan	0.0	0.0
27	3	47	0.0	0.0	nan	nan	0.0	0.0
27	3	44	0.0	0.0	nan	nan	0.0	0.0
27	3	41	0.0	0.0	nan	nan	0.0	0.0
27	3	38	0.0	0.0	nan	nan	0.0	0.0
27	3	35	0.0	0.0	nan	nan	0.0	0.0
27	3	32	0.0	0.0	nan	nan	0.0	0.0
27	3	29	0.0	0.0	nan	nan	0.0	0.0
28	3	77	5.516	0.508	16.484	0.769	1.0	1.0
28	3	74	5.065	0.25	17.161	0.688	1.0	1.0
28	3	71	4.71	0.461	17.871	1.088	1.0	1.0
28	3	68	4.581	0.502	18.323	1.222	1.0	1.0
28	3	65	3.935	0.359	19.161	0.934	1.0	1.0
28	3	62	3.516	0.508	20.29	1.006	1.0	1.0
28	3	59	3.29	0.461	21.581	1.259	1.0	1.0
28	3	56	3.032	0.18	22.677	0.979	1.0	1.0
28	3	53	2.968	0.18	25.516	2.096	1.0	1.0
28	3	50	2.839	0.374	28.548	2.908	1.0	1.0
28	3	47	2.133	0.681	34.097	3.953	0.968	1.0
28	3	44	0.355	0.486	42.0	2.864	0.355	0.355
28	3	41	0.0	0.0	nan	nan	0.0	0.0
28	3	38	0.0	0.0	nan	nan	0.0	0.0
28	3	35	0.0	0.0	nan	nan	0.0	0.0
28	3	32	0.0	0.0	nan	nan	0.0	0.0
28	3	29	0.0	0.0	nan	nan	0.0	0.0
29	3	77	5.194	0.477	15.903	0.651	1.0	1.0
29	3	74	5.0	0.258	16.452	0.568	1.0	1.0
29	3	71	4.968	0.18	16.968	0.605	1.0	1.0
29	3	68	4.71	0.461	17.71	0.902	1.0	1.0
29	3	65	4.194	0.792	18.323	0.945	1.0	1.0
29	3	62	3.226	0.497	19.323	1.222	1.0	1.0
29	3	59	3.032	0.18	20.484	1.435	1.0	1.0
29	3	56	2.968	0.18	22.452	1.48	1.0	1.0
29	3	53	2.806	0.402	24.065	2.323	1.0	1.0
29	3	50	2.613	0.558	26.419	2.5	1.0	1.0
29	3	47	2.0	0.632	31.065	3.915	1.0	1.0
29	3	44	1.355	0.608	35.467	5.399	0.968	0.968
29	3	41	0.133	0.346	41.2	2.049	0.129	0.161
29	3	38	0.0	0.0	nan	nan	0.0	0.0
29	3	35	0.0	0.0	nan	nan	0.0	0.0
29	3	32	0.0	0.0	nan	nan	0.0	0.0
29	3	29	0.0	0.0	nan	nan	0.0	0.0
30	3	77	1.677	0.475	21.71	1.039	1.0	1.0
30	3	74	1.226	0.425	23.194	1.376	1.0	1.0
30	3	71	1.032	0.547	24.333	2.112	0.871	0.871
30	3	68	0.581	0.564	26.882	2.781	0.548	0.548
30	3	65	0.194	0.402	28.833	2.229	0.194	0.194
30	3	62	0.0	0.0	nan	nan	0.0	0.0
30	3	59	0.0	0.0	nan	nan	0.0	0.0
30	3	56	0.0	0.0	nan	nan	0.0	0.0
30	3	53	0.0	0.0	nan	nan	0.0	0.0
30	3	50	0.0	0.0	nan	nan	0.0	0.0
30	3	47	0.0	0.0	nan	nan	0.0	0.0
30	3	44	0.0	0.0	nan	nan	0.0	0.0
30	3	41	0.0	0.0	nan	nan	0.0	0.0
30	3	38	0.0	0.0	nan	nan	0.0	0.0
30	3	35	0.0	0.0	nan	nan	0.0	0.0
30	3	32	0.0	0.0	nan	nan	0.0	0.0
30	3	29	0.0	0.0	nan	nan	0.0	0.0
31	3	77	2.677	0.475	18.065	0.68	1.0	1.0
31	3	74	2.29	0.461	18.806	0.833	1.0	1.0
31	3	71	1.935	0.442	19.935	2.294	1.0	1.0
31	3	68	1.581	0.502	20.71	1.321	1.0	1.0
31	3	65	1.161	0.374	22.516	1.671	1.0	1.0
31	3	62	0.967	0.414	24.607	1.474	0.871	0.903
31	3	59	0.167	0.379	27.5	3.332	0.161	0.194
31	3	56	0.032	0.18	30.0	0.0	0.032	0.032
31	3	53	0.0	0.0	nan	nan	0.0	0.0
31	3	50	0.0	0.0	nan	nan	0.0	0.0
31	3	47	0.0	0.0	nan	nan	0.0	0.0
31	3	44	0.0	0.0	nan	nan	0.0	0.0
31	3	41	0.0	0.0	nan	nan	0.0	0.0
31	3	38	0.0	0.0	nan	nan	0.0	0.0
31	3	35	0.0	0.0	nan	nan	0.0	0.0
31	3	32	0.0	0.0	nan	nan	0.0	0.0
31	3	29	0.0	0.0	nan	nan	0.0	0.0
0	4	77	4.032	0.315	16.226	1.117	1.0	1.0
0	4	74	4.032	0.18	16.452	0.675	1.0	1.0
0	4	71	3.935	0.25	17.355	0.877	1.0	1.0
0	4	68	3.71	0.461	17.742	0.855	1.0	1.0
0	4	65	3.452	0.568	18.323	0.599	1.0	1.0
0	4	62	2.774	0.425	19.677	1.013	1.0	1.0
0	4	59	2.226	0.56	20.645	1.253	1.0	1.0
0	4	56	2.161	0.374	22.548	1.859	1.0	1.0
0	4	53	1.903	0.301	26.226	3.314	1.0	1.0
0	4	50	1.581	0.672	29.714	4.017	0.903	0.903
0	4	47	0.419	0.848	34.0	3.109	0.226	0.226
0	4	44	0.0	0.0	nan	nan	0.0	0.0
0	4	41	0.0	0.0	nan	nan	0.0	0.0
0	4	38	0.0	0.0	nan	nan	0.0	0.0
0	4	35	0.0	0.0	nan	nan	0.0	0.0
0	4	32	0.0	0.0	nan	nan	0.0	0.0
0	4	29	0.0	0.0	nan	nan	0.0	0.0
1	4	77	4.032	0.18	16.194	0.749	1.0	1.0
1	4	74	4.0	0.0	16.613	0.558	1.0	1.0
1	4	71	3.839	0.374	17.452	0.723	1.0	1.0
1	4	68	3.613	0.495	18.032	0.912	1.0	1.0
1	4	65	2.548	0.506	19.29	0.824	1.0	1.0
1	4	62	2.258	0.631	19.903	1.68	1.0	1.0
1	4	59	2.065	0.25	21.161	1.068	1.0	1.0
1	4	56	2.0	0.0	23.032	1.278	1.0	1.0
1	4	53	1.774	0.425	25.484	3.802	1.0	1.0
1	4	50	1.667	0.547	29.161	4.734	0.968	1.0
1	4	47	1.0	0.8	32.13	4.654	0.581	0.742
1	4	44	0.0	0.0	nan	nan	0.0	0.0
1	4	41	0.0	0.0	nan	nan	0.0	0.0
1	4	38	0.0	0.0	nan	nan	0.0	0.0
1	4	35	0.0	0.0	nan	nan	0.0	0.0
1	4	32	0.0	0.0	nan	nan	0.0	0.0
1	4	29	0.0	0.0	nan	nan	0.0	0.0
2	4	77	1.645	0.661	19.355	0.95	1.0	1.0
2	4	74	1.133	0.346	20.323	0.945	0.968	1.0
2	4	71	1.0	0.0	21.806	1.579	1.0	1.0
2	4	68	1.0	0.0	23.484	1.651	1.0	1.0
2	4	65	0.6	0.498	25.316	2.212	0.581	0.613
2	4	62	0.065	0.25	28.5	4.95	0.065	0.065
2	4	59	0.0	0.0	nan	nan	0.0	0.0
2	4	56	0.0	0.0	nan	nan	0.0	0.0
2	4	53	0.0	0.0	nan	nan	0.0	0.0
2	4	50	0.0	0.0	nan	nan	0.0	0.0
2	4	47	0.0	0.0	nan	nan	0.0	0.0
2	4	44	0.0	0.0	nan	nan	0.0	0.0
2	4	41	0.0	0.0	nan	nan	0.0	0.0
2	4	38	0.0	0.0	nan	nan	0.0	0.0
2	4	35	0.0	0.0	nan	nan	0.0	0.0
2	4	32	0.0	0.0	nan	nan	0.0	0.0
2	4	29	0.0	0.0	nan	nan	0.0	0.0
3	4	77	4.0	0.0	15.065	0.629	1.0	1.0
3	4	74	4.0	0.0	15.774	0.56	1.0	1.0
3	4	71	4.0	0.0	16.032	0.752	1.0	1.0
3	4	68	3.774	0.425	16.968	1.14	1.0	1.0
3	4	65	3.613	0.615	17.161	0.82	1.0	1.0
3	4	62	2.742	0.631	18.452	0.925	1.0	1.0
3	4	59	2.258	0.575	19.0	1.414	1.0	1.0
3	4	56	2.032	0.18	20.774	1.334	1.0	1.0
3	4	53	1.968	0.18	22.774	1.783	1.0	1.0
3	4	50	2.0	0.263	26.032	3.104	0.968	1.0
3	4	47	1.517	0.688	29.393	3.775	0.839	0.903
3	4	44	0.654	0.846	34.688	5.016	0.355	0.516
3	4	41	0.0	0.0	nan	nan	0.0	0.0
3	4	38	0.0	0.0	nan	nan	0.0	0.0
3	4	35	0.0	0.0	nan	nan	0.0	0.0
3	4	32	0.0	0.0	nan	nan	0.0	0.0
3	4	29	0.0	0.0	nan	nan	0.0	0.0
4	4	77	5.29	0.461	15.935	0.512	1.0	1.0
4	4	74	5.032	0.18	16.161	0.86	1.0	1.0
4	4	71	5.0	0.0	16.71	0.783	1.0	1.0
4	4	68	4.903	0.301	17.613	0.558	1.0	1.0
4	4	65	4.226	0.762	18.226	0.762	1.0	1.0
4	4	62	3.677	0.653	18.968	0.912	1.0	1.0
4	4	59	3.129	0.341	20.097	0.944	1.0	1.0
4	4	56	3.0	0.0	21.226	1.23	1.0	1.0
4	4	53	3.0	0.0	23.29	1.465	1.0	1.0
4	4	50	2.935	0.25	26.258	2.804	1.0	1.0
4	4	47	2.548	0.568	29.129	3.612	1.0	1.0
4	4	44	2.032	0.836	34.1	6.127	0.968	0.968
4	4	41	0.433	0.626	39.75	3.388	0.355	0.387
4	4	38	0.0	0.0	nan	nan	0.0	0.0
4	4	35	0.032	0.18	43.0	0.0	0.032	0.032
4	4	32	0.0	0.0	nan	nan	0.0	0.0
4	4	29	0.0	0.0	nan	nan	0.0	0.0
5	4	77	4.194	0.543	17.452	0.888	1.0	1.0
5	4	74	3.774	0.669	18.0	0.816	1.0	1.0
5	4	71	3.194	0.402	19.0	0.966	1.0	1.0
5	4	68	3.0	0.258	19.71	1.006	1.0	1.0
5	4	65	2.839	0.374	20.452	1.179	1.0	1.0
5	4	62	2.452	0.568	22.194	2.33	1.0	1.0
5	4	59	2.161	0.374	23.645	1.664	1.0	1.0
5	4	56	2.0	0.258	26.387	3.222	1.0	1.0
5	4	53	1.903	0.301	28.065	3.032	1.0	1.0
5	4	50	1.407	0.747	33.296	4.513	0.742	0.871
5	4	47	0.367	0.669	36.222	4.116	0.258	0.29
5	4	44	0.0	0.0	nan	nan	0.0	0.0
5	4	41	0.0	0.0	nan	nan	0.0	0.0
5	4	38	0.0	0.0	nan	nan	0.0	0.0
5	4	35	0.0	0.0	nan	nan	0.0	0.0
5	4	32	0.0	0.0	nan	nan	0.0	0.0
5	4	29	0.0	0.0	nan	nan	0.0	0.0
6	4	77	4.419	0.502	16.516	0.677	1.0	1.0
6	4	74	4.226	0.425	17.065	0.772	1.0	1.0
6	4	71	4.0	0.516	17.806	0.873	1.0	1.0
6	4	68	3.29	0.643	18.355	0.877	1.0	1.0
6	4	65	2.903	0.396	19.613	0.989	1.0	1.0
6	4	62	2.548	0.568	20.516	1.262	1.0	1.0
6	4	59	2.161	0.374	21.484	1.823	1.0	1.0
6	4	56	2.065	0.359	23.613	2.155	1.0	1.0
6	4	53	1.71	0.739	25.821	2.465	0.903	0.903
6	4	50	1.1	0.845	28.773	3.891	0.677	0.71
6	4	47	0.821	0.819	31.421	5.092	0.516	0.613
6	4	44	0.032	0.18	40.0	0.0	0.032	0.032
6	4	41	0.0	0.0	nan	nan	0.0	0.0
6	4	38	0.0	0.0	nan	nan	0.0	0.0
6	4	35	0.0	0.0	nan	nan	0.0	0.0
6	4	32	0.0	0.0	nan	nan	0.0	0.0
6	4	29	0.0	0.0	nan	nan	0.0	0.0
7	4	77	4.0	0.0	15.645	0.877	1.0	1.0
7	4	74	3.806	0.402	16.452	0.624	1.0	1.0
7	4	71	3.484	0.508	16.903	0.651	1.0	1.0
7	4	68	2.871	0.67	17.774	0.762	1.0	1.0
7	4	65	2.387	0.558	18.516	0.811	1.0	1.0
7	4	62	2.161	0.454	18.839	1.241	1.0	1.0
7	4	59	2.032	0.18	20.484	1.458	1.0	1.0
7	4	56	1.733	0.45	22.226	2.617	0.968	1.0
7	4	53	1.548	0.568	23.233	1.569	0.968	0.968
7	4	50	1.129	0.499	25.724	2.328	0.935	0.935
7	4	47	0.143	0.448	32.5	6.124	0.097	0.194
7	4	44	0.0	0.0	nan	nan	0.0	0.0
7	4	41	0.0	0.0	nan	nan	0.0	0.0
7	4	38	0.0	0.0	nan	nan	0.0	0.0
7	4	35	0.0	0.0	nan	nan	0.0	0.0
7	4	32	0.0	0.0	nan	nan	0.0	0.0
7	4	29	0.0	0.0	nan	nan	0.0	0.0
8	4	77	5.323	0.475	16.774	0.762	1.0	1.0
8	4	74	4.968	0.18	17.258	0.682	1.0	1.0
8	4	71	4.903	0.396	17.645	0.755	1.0	1.0
8	4	68	4.065	0.574	18.71	0.693	1.0	1.0
8	4	65	3.742	0.575	19.581	1.409	1.0	1.0
8	4	62	3.161	0.454	20.323	1.469	1.0	1.0
8	4	59	3.065	0.25	21.452	1.312	1.0	1.0
8	4	56	2.935	0.25	22.871	1.893	1.0	1.0
8	4	53	2.742	0.445	24.645	2.303	1.0	1.0
8	4	50	2.419	0.502	26.968	2.008	1.0	1.0
8	4	47	1.839	0.523	31.129	3.981	1.0	1.0
8	4	44	1.367	0.765	35.185	4.566	0.839	0.871
8	4	41	0.167	0.461	38.2	4.438	0.129	0.161
8	4	38	0.0	0.0	nan	nan	0.0	0.0
8	4	35	0.0	0.0	nan	nan	0.0	0.0
8	4	32	0.0	0.0	nan	nan	0.0	0.0
8	4	29	0.0	0.0	nan	nan	0.0	0.0
9	4	77	3.0	0.0	16.774	1.117	1.0	1.0
9	4	74	2.903	0.301	17.355	0.551	1.0	1.0
9	4	71	2.677	0.475	17.935	0.929	1.0	1.0
9	4	68	2.194	0.601	18.613	0.667	1.0	1.0
9	4	65	1.871	0.428	19.581	0.848	1.0	1.0
9	4	62	1.419	0.564	20.645	1.723	1.0	1.0
9	4	59	1.258	0.445	22.29	1.736	1.0	1.0
9	4	56	1.065	0.359	24.833	1.663	0.968	0.968
9	4	53	0.633	0.49	26.25	2.468	0.613	0.645
9	4	50	0.0	0.0	nan	nan	0.0	0.0
9	4	47	0.0	0.0	nan	nan	0.0	0.0
9	4	44	0.0	0.0	nan	nan	0.0	0.0
9	4	41	0.0	0.0	nan	nan	0.0	0.0
9	4	38	0.0	0.0	nan	nan	0.0	0.0
9	4	35	0.0	0.0	nan	nan	0.0	0.0
9	4	32	0.0	0.0	nan	nan	0.0	0.0
9	4	29	0.0	0.0	nan	nan	0.0	0.0
10	4	77	2.452	0.675	18.097	0.597	1.0	1.0
10	4	74	1.581	0.72	19.097	0.831	1.0	1.0
10	4	71	1.065	0.25	19.903	0.908	1.0	1.0
10	4	68	1.0	0.0	21.742	1.692	1.0	1.0
10	4	65	0.968	0.18	22.9	1.447	0.968	0.968
10	4	62	0.467	0.507	24.933	1.907	0.452	0.484
10	4	59	0.0	0.0	nan	nan	0.0	0.0
10	4	56	0.0	0.0	nan	nan	0.0	0.0
10	4	53	0.0	0.0	nan	nan	0.0	0.0
10	4	50	0.0	0.0	nan	nan	0.0	0.0
10	4	47	0.0	0.0	nan	nan	0.0	0.0
10	4	44	0.0	0.0	nan	nan	0.0	0.0
10	4	41	0.0	0.0	nan	nan	0.0	0.0
10	4	38	0.0	0.0	nan	nan	0.0	0.0
10	4	35	0.0	0.0	nan	nan	0.0	0.0
10	4	32	0.0	0.0	nan	nan	0.0	0.0
10	4	29	0.0	0.0	nan	nan	0.0	0.0
11	4	77	2.032	0.18	19.419	0.72	1.0	1.0
11	4	74	1.968	0.18	20.194	0.873	1.0	1.0
11	4	71	1.968	0.18	21.129	1.839	1.0	1.0
11	4	68	1.806	0.402	22.226	1.309	1.0	1.0
11	4	65	1.452	0.506	23.548	1.457	1.0	1.0
11	4	62	1.097	0.396	25.7	1.985	0.968	0.968
11	4	59	0.724	0.649	28.35	3.453	0.581	0.645
11	4	56	0.0	0.0	37.0	0.0	0.0	0.032
11	4	53	0.0	0.0	nan	nan	0.0	0.0
11	4	50	0.0	0.0	nan	nan	0.0	0.0
11	4	47	0.0	0.0	nan	nan	0.0	0.0
11	4	44	0.0	0.0	nan	nan	0.0	0.0
11	4	41	0.0	0.0	nan	nan	0.0	0.0
11	4	38	0.0	0.0	nan	nan	0.0	0.0
11	4	35	0.0	0.0	nan	nan	0.0	0.0
11	4	32	0.0	0.0	nan	nan	0.0	0.0
11	4	29	0.0	0.0	nan	nan	0.0	0.0
12	4	77	3.129	0.341	18.935	1.063	1.0	1.0
12	4	74	2.935	0.359	19.71	0.864	1.0	1.0
12	4	71	2.452	0.506	21.226	1.055	1.0	1.0
12	4	68	2.129	0.341	22.065	1.436	1.0	1.0
12	4	65	2.032	0.18	23.71	1.596	1.0	1.0
12	4	62	2.0	0.0	25.774	1.927	1.0	1.0
12	4	59	1.903	0.301	30.387	3.242	1.0	1.0
12	4	56	1.067	0.828	34.0	4.781	0.677	0.71
12	4	53	0.0	0.0	nan	nan	0.0	0.0
12	4	50	0.0	0.0	nan	nan	0.0	0.0
12	4	47	0.0	0.0	nan	nan	0.0	0.0
12	4	44	0.0	0.0	nan	nan	0.0	0.0
12	4	41	0.0	0.0	nan	nan	0.0	0.0
12	4	38	0.0	0.0	nan	nan	0.0	0.0
12	4	35	0.0	0.0	nan	nan	0.0	0.0
12	4	32	0.0	0.0	nan	nan	0.0	0.0
12	4	29	0.0	0.0	nan	nan	0.0	0.0
13	4	77	3.29	0.529	17.129	1.088	1.0	1.0
13	4	74	2.903	0.473	17.839	1.186	1.0	1.0
13	4	71	2.645	0.551	18.097	0.87	1.0	1.0
13	4	68	2.065	0.25	19.194	0.873	1.0	1.0
13	4	65	2.032	0.18	20.097	1.3	1.0	1.0
13	4	62	1.903	0.301	21.677	1.301	1.0	1.0
13	4	59	1.548	0.506	22.935	1.879	1.0	1.0
13	4	56	1.3	0.466	25.806	3.525	0.968	1.0
13	4	53	0.893	0.416	28.37	3.618	0.774	0.871
13	4	50	0.296	0.465	31.25	4.393	0.258	0.387
13	4	47	0.0	0.0	nan	nan	0.0	0.0
13	4	44	0.0	0.0	nan	nan	0.0	0.0
13	4	41	0.0	0.0	nan	nan	0.0	0.0
13	4	38	0.0	0.0	nan	nan	0.0	0.0
13	4	35	0.0	0.0	nan	nan	0.0	0.0
13	4	32	0.0	0.0	nan	nan	0.0	0.0
13	4	29	0.0	0.0	nan	nan	0.0	0.0
14	4	77	4.0	0.0	16.548	0.723	1.0	1.0
14	4	74	3.903	0.301	17.258	0.729	1.0	1.0
14	4	71	3.581	0.564	18.0	0.816	1.0	1.0
14	4	68	2.871	0.806	18.581	0.72	1.0	1.0
14	4	65	2.194	0.402	19.806	0.946	1.0	1.0
14	4	62	2.032	0.18	20.613	1.334	1.0	1.0
14	4	59	2.0	0.0	22.323	1.4	1.0	1.0
14	4	56	2.0	0.0	24.29	2.132	1.0	1.0
14	4	53	1.933	0.365	27.867	3.55	0.935	0.968
14	4	50	1.214	0.833	32.042	3.994	0.677	0.774
14	4	47	0.276	0.649	33.0	7.188	0.161	0.226
14	4	44	0.0	0.0	nan	nan	0.0	0.0
14	4	41	0.0	0.0	nan	nan	0.0	0.0
14	4	38	0.0	0.0	nan	nan	0.0	0.0
14	4	35	0.0	0.0	nan	nan	0.0	0.0
14	4	32	0.0	0.0	nan	nan	0.0	0.0
14	4	29	0.0	0.0	nan	nan	0.0	0.0
15	4	77	3.677	0.475	16.355	0.755	1.0	1.0
15	4	74	3.355	0.608	17.258	0.682	1.0	1.0
15	4	71	2.645	0.551	18.161	0.898	1.0	1.0
15	4	68	2.065	0.25	19.871	2.094	1.0	1.0
15	4	65	2.0	0.0	20.452	1.207	1.0	1.0
15	4	62	2.0	0.0	22.226	1.499	1.0	1.0
15	4	59	2.0	0.0	24.548	2.392	1.0	1.0
15	4	56	1.8	0.407	27.452	3.948	0.968	1.0
15	4	53	0.533	0.73	30.385	5.14	0.387	0.419
15	4	50	0.0	0.0	nan	nan	0.0	0.0
15	4	47	0.0	0.0	nan	nan	0.0	0.0
15	4	44	0.0	0.0	nan	nan	0.0	0.0
15	4	41	0.0	0.0	nan	nan	0.0	0.0
15	4	38	0.0	0.0	nan	nan	0.0	0.0
15	4	35	0.0	0.0	nan	nan	0.0	0.0
15	4	32	0.0	0.0	nan	nan	0.0	0.0
15	4	29	0.0	0.0	nan	nan	0.0	0.0
16	4	77	4.677	0.541	17.419	0.72	1.0	1.0
16	4	74	3.806	0.749	18.548	1.028	1.0	1.0
16	4	71	3.129	0.341	19.194	0.873	1.0	1.0
16	4	68	3.0	0.258	20.226	1.23	1.0	1.0
16	4	65	2.806	0.402	21.387	1.256	1.0	1.0
16	4	62	2.71	0.461	22.452	1.179	1.0	1.0
16	4	59	2.419	0.502	24.323	1.815	1.0	1.0
16	4	56	2.097	0.301	25.774	1.82	1.0	1.0
16	4	53	1.833	0.461	29.233	3.148	0.935	0.968
16	4	50	1.143	0.848	33.043	5.085	0.645	0.742
16	4	47	0.167	0.461	35.0	2.55	0.129	0.161
16	4	44	0.032	0.18	34.0	0.0	0.032	0.032
16	4	41	0.0	0.0	nan	nan	0.0	0.0
16	4	38	0.0	0.0	nan	nan	0.0	0.0
16	4	35	0.0	0.0	nan	nan	0.0	0.0
16	4	32	0.0	0.0	nan	nan	0.0	0.0
16	4	29	0.0	0.0	nan	nan	0.0	0.0
17	4	77	3.645	0.551	17.903	0.7	1.0	1.0
17	4	74	3.097	0.651	18.71	1.243	1.0	1.0
17	4	71	2.613	0.615	19.323	1.62	1.0	1.0
17	4	68	2.29	0.529	20.484	1.235	1.0	1.0
17	4	65	2.065	0.25	21.774	1.564	1.0	1.0
17	4	62	1.968	0.18	23.29	1.51	1.0	1.0
17	4	59	1.933	0.254	26.065	3.214	0.968	1.0
17	4	56	1.633	0.669	28.179	3.186	0.871	0.903
17	4	53	0.69	0.93	31.154	4.14	0.355	0.419
17	4	50	0.1	0.305	33.5	1.732	0.097	0.129
17	4	47	0.0	0.0	nan	nan	0.0	0.0
17	4	44	0.0	0.0	nan	nan	0.0	0.0
17	4	41	0.0	0.0	nan	nan	0.0	0.0
17	4	38	0.0	0.0	nan	nan	0.0	0.0
17	4	35	0.0	0.0	nan	nan	0.0	0.0
17	4	32	0.0	0.0	nan	nan	0.0	0.0
17	4	29	0.0	0.0	nan	nan	0.0	0.0
18	4	77	4.71	0.461	16.484	0.57	1.0	1.0
18	4	74	4.323	0.599	17.258	0.682	1.0	1.0
18	4	71	4.0	0.447	17.516	0.769	1.0	1.0
18	4	68	3.452	0.506	18.548	0.85	1.0	1.0
18	4	65	3.161	0.374	19.258	1.182	1.0	1.0
18	4	62	2.968	0.18	20.29	0.864	1.0	1.0
18	4	59	2.871	0.341	21.903	1.491	1.0	1.0
18	4	56	2.516	0.508	24.032	1.56	1.0	1.0
18	4	53	2.065	0.442	25.806	3.188	1.0	1.0
18	4	50	1.677	0.599	30.9	5.054	0.968	0.968
18	4	47	0.862	0.693	37.091	4.162	0.645	0.71
18	4	44	0.032	0.18	41.0	0.0	0.032	0.032
18	4	41	0.0	0.0	nan	nan	0.0	0.0
18	4	38	0.0	0.0	nan	nan	0.0	0.0
18	4	35	0.0	0.0	nan	nan	0.0	0.0
18	4	32	0.0	0.0	nan	nan	0.0	0.0
18	4	29	0.0	0.0	nan	nan	0.0	0.0
19	4	77	4.71	0.461	14.935	0.68	1.0	1.0
19	4	74	4.258	0.445	15.645	0.755	1.0	1.0
19	4	71	4.29	0.461	15.903	0.746	1.0	1.0
19	4	68	3.968	0.315	16.742	0.729	1.0	1.0
19	4	65	3.742	0.445	17.581	0.923	1.0	1.0
19	4	62	3.516	0.57	18.097	0.908	1.0	1.0
19	4	59	3.097	0.539	19.129	1.088	1.0	1.0
19	4	56	2.645	0.486	20.935	1.413	1.0	1.0
19	4	53	2.226	0.425	23.032	1.991	1.0	1.0
19	4	50	2.032	0.18	25.452	2.618	1.0	1.0
19	4	47	1.71	0.461	30.484	4.508	1.0	1.0
19	4	44	0.29	0.529	36.625	3.021	0.258	0.258
19	4	41	0.0	0.0	nan	nan	0.0	0.0
19	4	38	0.0	0.0	nan	nan	0.0	0.0
19	4	35	0.0	0.0	nan	nan	0.0	0.0
19	4	32	0.0	0.0	nan	nan	0.0	0.0
19	4	29	0.0	0.0	nan	nan	0.0	0.0
20	4	77	2.161	0.374	19.71	1.216	1.0	1.0
20	4	74	2.0	0.0	21.129	1.258	1.0	1.0
20	4	71	2.0	0.0	22.516	1.589	1.0	1.0
20	4	68	1.935	0.25	24.258	2.476	1.0	1.0
20	4	65	1.935	0.25	26.742	2.695	1.0	1.0
20	4	62	1.333	0.796	33.037	4.274	0.548	0.871
20	4	59	0.167	0.461	32.8	2.95	0.129	0.161
20	4	56	0.0	0.0	nan	nan	0.0	0.0
20	4	53	0.0	0.0	nan	nan	0.0	0.0
20	4	50	0.0	0.0	nan	nan	0.0	0.0
20	4	47	0.0	0.0	nan	nan	0.0	0.0
20	4	44	0.0	0.0	nan	nan	0.0	0.0
20	4	41	0.0	0.0	nan	nan	0.0	0.0
20	4	38	0.0	0.0	nan	nan	0.0	0.0
20	4	35	0.0	0.0	nan	nan	0.0	0.0
20	4	32	0.0	0.0	nan	nan	0.0	0.0
20	4	29	0.0	0.0	nan	nan	0.0	0.0
21	4	77	2.903	0.301	17.097	0.87	1.0	1.0
21	4	74	2.871	0.341	17.516	0.811	1.0	1.0
21	4	71	2.355	0.486	18.581	0.923	1.0	1.0
21	4	68	1.968	0.482	19.806	1.108	1.0	1.0
21	4	65	1.839	0.454	21.032	1.278	1.0	1.0
21	4	62	1.367	0.49	22.806	2.857	0.968	1.0
21	4	59	1.067	0.365	24.767	2.687	0.935	0.968
21	4	56	0.867	0.346	25.741	2.123	0.839	0.871
21	4	53	0.233	0.43	28.625	4.984	0.226	0.258
21	4	50	0.0	0.0	nan	nan	0.0	0.0
21	4	47	0.0	0.0	nan	nan	0.0	0.0
21	4	44	0.0	0.0	nan	nan	0.0	0.0
21	4	41	0.0	0.0	nan	nan	0.0	0.0
21	4	38	0.0	0.0	nan	nan	0.0	0.0
21	4	35	0.0	0.0	nan	nan	0.0	0.0
21	4	32	0.0	0.0	nan	nan	0.0	0.0
21	4	29	0.0	0.0	nan	nan	0.0	0.0
22	4	77	3.581	0.502	16.935	0.574	1.0	1.0
22	4	74	2.968	0.547	17.645	1.05	1.0	1.0
22	4	71	2.516	0.57	18.387	0.803	1.0	1.0
22	4	68	2.129	0.341	19.129	0.718	1.0	1.0
22	4	65	2.0	0.0	21.161	1.393	1.0	1.0
22	4	62	2.0	0.0	22.323	1.514	1.0	1.0
22	4	59	1.935	0.25	24.097	2.055	1.0	1.0
22	4	56	1.567	0.679	27.179	4.11	0.871	0.903
22	4	53	0.593	0.797	31.467	6.556	0.355	0.484
22	4	50	0.0	0.0	nan	nan	0.0	0.0
22	4	47	0.0	0.0	nan	nan	0.0	0.0
22	4	44	0.0	0.0	nan	nan	0.0	0.0
22	4	41	0.0	0.0	nan	nan	0.0	0.0
22	4	38	0.0	0.0	nan	nan	0.0	0.0
22	4	35	0.0	0.0	nan	nan	0.0	0.0
22	4	32	0.0	0.0	nan	nan	0.0	0.0
22	4	29	0.0	0.0	nan	nan	0.0	0.0
23	4	77	2.323	0.702	18.484	1.122	1.0	1.0
23	4	74	1.774	0.617	18.774	1.055	1.0	1.0
23	4	71	1.226	0.425	20.323	2.749	1.0	1.0
23	4	68	1.065	0.25	21.742	1.712	1.0	1.0
23	4	65	1.0	0.0	23.742	1.505	1.0	1.0
23	4	62	0.567	0.504	25.5	2.834	0.548	0.581
23	4	59	0.065	0.25	26.5	0.707	0.065	0.065
23	4	56	0.0	0.0	nan	nan	0.0	0.0
23	4	53	0.0	0.0	nan	nan	0.0	0.0
23	4	50	0.0	0.0	nan	nan	0.0	0.0
23	4	47	0.0	0.0	nan	nan	0.0	0.0
23	4	44	0.0	0.0	nan	nan	0.0	0.0
23	4	41	0.0	0.0	nan	nan	0.0	0.0
23	4	38	0.0	0.0	nan	nan	0.0	0.0
23	4	35	0.0	0.0	nan	nan	0.0	0.0
23	4	32	0.0	0.0	nan	nan	0.0	0.0
23	4	29	0.0	0.0	nan	nan	0.0	0.0
24	4	77	4.613	0.495	16.161	0.638	1.0	1.0
24	4	74	4.29	0.643	17.0	1.095	1.0	1.0
24	4	71	4.161	0.454	17.29	0.783	1.0	1.0
24	4	68	3.484	0.677	18.323	1.013	1.0	1.0
24	4	65	3.097	0.7	18.871	1.36	1.0	1.0
24	4	62	2.839	0.454	20.0	1.033	1.0	1.0
24	4	59	2.452	0.506	21.71	1.575	1.0	1.0
24	4	56	2.258	0.575	23.129	2.141	1.0	1.0
24	4	53	2.032	0.315	25.839	2.544	1.0	1.0
24	4	50	1.8	0.551	27.759	3.377	0.903	0.935
24	4	47	1.033	0.85	30.619	4.201	0.645	0.677
24	4	44	0.267	0.64	36.333	4.227	0.161	0.194
24	4	41	0.065	0.359	31.0	0.0	0.032	0.032
24	4	38	0.0	0.0	nan	nan	0.0	0.0
24	4	35	0.0	0.0	nan	nan	0.0	0.0
24	4	32	0.0	0.0	nan	nan	0.0	0.0
24	4	29	0.0	0.0	nan	nan	0.0	0.0
25	4	77	4.0	0.0	16.548	0.723	1.0	1.0
25	4	74	3.903	0.301	17.097	0.746	1.0	1.0
25	4	71	3.581	0.564	17.581	0.62	1.0	1.0
25	4	68	3.226	0.717	18.161	1.068	1.0	1.0
25	4	65	2.419	0.672	19.355	1.305	1.0	1.0
25	4	62	2.097	0.301	20.516	1.313	1.0	1.0
25	4	59	2.097	0.396	22.032	1.622	1.0	1.0
25	4	56	2.0	0.0	23.548	1.65	1.0	1.0
25	4	53	1.968	0.18	24.71	2.02	1.0	1.0
25	4	50	1.621	0.677	28.714	3.66	0.839	0.903
25	4	47	0.667	0.761	33.105	4.241	0.387	0.613
25	4	44	0.0	0.0	41.0	0.0	0.0	0.032
25	4	41	0.0	0.0	nan	nan	0.0	0.0
25	4	38	0.0	0.0	nan	nan	0.0	0.0
25	4	35	0.0	0.0	nan	nan	0.0	0.0
25	4	32	0.0	0.0	nan	nan	0.0	0.0
25	4	29	0.0	0.0	nan	nan	0.0	0.0
26	4	77	3.839	0.523	16.742	0.815	1.0	1.0
26	4	74	3.71	0.529	17.226	0.617	1.0	1.0
26	4	71	3.161	0.82	17.742	0.999	1.0	1.0
26	4	68	2.806	0.749	18.129	0.957	1.0	1.0
26	4	65	2.097	0.473	19.548	1.234	1.0	1.0
26	4	62	1.935	0.25	20.968	1.329	1.0	1.0
26	4	59	1.871	0.341	22.226	1.477	1.0	1.0
26	4	56	1.548	0.568	24.5	1.834	0.968	0.968
26	4	53	1.0	0.695	26.875	3.615	0.742	0.774
26	4	50	0.852	0.818	30.095	4.403	0.548	0.677
26	4	47	0.0	0.0	nan	nan	0.0	0.0
26	4	44	0.0	0.0	nan	nan	0.0	0.0
26	4	41	0.0	0.0	nan	nan	0.0	0.0
26	4	38	0.0	0.0	nan	nan	0.0	0.0
26	4	35	0.0	0.0	nan	nan	0.0	0.0
26	4	32	0.0	0.0	nan	nan	0.0	0.0
26	4	29	0.0	0.0	nan	nan	0.0	0.0
27	4	77	5.968	0.315	16.29	0.588	1.0	1.0
27	4	74	5.839	0.374	17.032	0.657	1.0	1.0
27	4	71	5.194	0.749	17.742	0.855	1.0	1.0
27	4	68	4.645	0.755	18.677	1.376	1.0	1.0
27	4	65	4.226	0.497	19.323	1.275	1.0	1.0
27	4	62	3.935	0.359	20.516	0.962	1.0	1.0
27	4	59	3.645	0.486	21.581	1.089	1.0	1.0
27	4	56	3.29	0.461	23.548	1.362	1.0	1.0
27	4	53	3.161	0.374	25.742	3.109	1.0	1.0
27	4	50	2.774	0.497	29.71	4.244	1.0	1.0
27	4	47	2.516	0.626	34.516	6.501	1.0	1.0
27	4	44	0.966	1.085	40.625	8.421	0.452	0.516
27	4	41	0.032	0.18	41.0	0.0	0.032	0.032
27	4	38	0.0	0.0	nan	nan	0.0	0.0
27	4	35	0.0	0.0	nan	nan	0.0	0.0
27	4	32	0.0	0.0	nan	nan	0.0	0.0
27	4	29	0.0	0.0	nan	nan	0.0	0.0
28	4	77	4.742	0.445	17.161	0.638	1.0	1.0
28	4	74	4.129	0.718	17.742	0.965	1.0	1.0
28	4	71	3.484	0.677	18.516	0.508	1.0	1.0
28	4	68	3.129	0.341	19.581	1.089	1.0	1.0
28	4	65	3.032	0.18	20.355	1.142	1.0	1.0
28	4	62	2.839	0.374	22.29	1.953	1.0	1.0
28	4	59	2.613	0.495	23.677	1.62	1.0	1.0
28	4	56	2.129	0.428	26.613	3.169	1.0	1.0
28	4	53	1.8	0.551	32.226	5.271	0.968	1.0
28	4	50	0.724	0.751	37.111	3.644	0.516	0.581
28	4	47	0.032	0.18	42.0	0.0	0.032	0.032
28	4	44	0.0	0.0	nan	nan	0.0	0.0
28	4	41	0.0	0.0	nan	nan	0.0	0.0
28	4	38	0.0	0.0	nan	nan	0.0	0.0
28	4	35	0.0	0.0	nan	nan	0.0	0.0
28	4	32	0.0	0.0	nan	nan	0.0	0.0
28	4	29	0.0	0.0	nan	nan	0.0	0.0
29	4	77	1.419	0.564	18.903	1.165	1.0	1.0
29	4	74	1.065	0.25	19.452	0.85	1.0	1.0
29	4	71	1.032	0.18	20.581	1.669	1.0	1.0
29	4	68	1.033	0.183	22.645	2.984	0.968	1.0
29	4	65	0.8	0.407	23.68	2.076	0.774	0.806
29	4	62	0.516	0.508	25.25	2.206	0.516	0.516
29	4	59	0.032	0.18	26.0	0.0	0.032	0.032
29	4	56	0.0	0.0	nan	nan	0.0	0.0
29	4	53	0.0	0.0	nan	nan	0.0	0.0
29	4	50	0.0	0.0	nan	nan	0.0	0.0
29	4	47	0.0	0.0	nan	nan	0.0	0.0
29	4	44	0.0	0.0	nan	nan	0.0	0.0
29	4	41	0.0	0.0	nan	nan	0.0	0.0
29	4	38	0.0	0.0	nan	nan	0.0	0.0
29	4	35	0.0	0.0	nan	nan	0.0	0.0
29	4	32	0.0	0.0	nan	nan	0.0	0.0
29	4	29	0.0	0.0	nan	nan	0.0	0.0
30	4	77	3.903	0.301	16.935	0.629	1.0	1.0
30	4	74	3.613	0.495	17.355	0.661	1.0	1.0
30	4	71	3.161	0.82	18.032	0.836	1.0	1.0
30	4	68	2.742	0.729	18.581	0.886	1.0	1.0
30	4	65	2.161	0.374	19.806	0.873	1.0	1.0
30	4	62	2.0	0.0	20.742	1.29	1.0	1.0
30	4	59	1.871	0.341	22.194	1.682	1.0	1.0
30	4	56	1.903	0.396	23.613	2.765	1.0	1.0
30	4	53	1.433	0.626	27.138	3.824	0.903	0.935
30	4	50	0.893	0.786	30.0	3.808	0.581	0.677
30	4	47	0.033	0.183	35.5	6.364	0.032	0.065
30	4	44	0.0	0.0	nan	nan	0.0	0.0
30	4	41	0.0	0.0	nan	nan	0.0	0.0
30	4	38	0.0	0.0	nan	nan	0.0	0.0
30	4	35	0.0	0.0	nan	nan	0.0	0.0
30	4	32	0.0	0.0	nan	nan	0.0	0.0
30	4	29	0.0	0.0	nan	nan	0.0	0.0
31	4	77	2.71	0.529	17.677	0.599	1.0	1.0
31	4	74	2.194	0.654	18.419	0.848	1.0	1.0
31	4	71	1.581	0.62	19.355	0.915	1.0	1.0
31	4	68	1.129	0.341	20.452	1.06	1.0	1.0
31	4	65	1.065	0.25	22.226	1.477	1.0	1.0
31	4	62	1.0	0.0	24.226	1.746	1.0	1.0
31	4	59	0.548	0.506	26.176	1.976	0.548	0.548
31	4	56	0.129	0.341	27.5	2.082	0.129	0.129
31	4	53	0.0	0.0	nan	nan	0.0	0.0
31	4	50	0.0	0.0	nan	nan	0.0	0.0
31	4	47	0.0	0.0	nan	nan	0.0	0.0
31	4	44	0.0	0.0	nan	nan	0.0	0.0
31	4	41	0.0	0.0	nan	nan	0.0	0.0
31	4	38	0.0	0.0	nan	nan	0.0	0.0
31	4	35	0.0	0.0	nan	nan	0.0	0.0
31	4	32	0.0	0.0	nan	nan	0.0	0.0
31	4	29	0.0	0.0	nan	nan	0.0	0.0
0	5	77	5.0	0.0	17.0	0.577	1.0	1.0
0	5	74	4.871	0.341	17.516	0.724	1.0	1.0
0	5	71	4.258	0.682	18.613	0.882	1.0	1.0
0	5	68	3.548	0.568	19.355	0.755	1.0	1.0
0	5	65	3.161	0.374	20.258	1.032	1.0	1.0
0	5	62	3.0	0.0	21.548	1.091	1.0	1.0
0	5	59	3.0	0.0	23.29	1.488	1.0	1.0
0	5	56	2.935	0.25	26.258	1.548	1.0	1.0
0	5	53	2.355	0.551	28.258	2.607	1.0	1.0
0	5	50	1.71	0.739	34.097	4.028	1.0	1.0
0	5	47	0.71	0.588	38.8	2.913	0.645	0.645
0	5	44	0.032	0.18	39.0	0.0	0.032	0.032
0	5	41	0.0	0.0	nan	nan	0.0	0.0
0	5	38	0.0	0.0	nan	nan	0.0	0.0
0	5	35	0.0	0.0	nan	nan	0.0	0.0
0	5	32	0.0	0.0	nan	nan	0.0	0.0
0	5	29	0.0	0.0	nan	nan	0.0	0.0
1	5	77	2.0	0.0	22.71	1.16	1.0	1.0
1	5	74	2.0	0.0	23.613	1.116	1.0	1.0
1	5	71	1.968	0.18	25.839	2.252	1.0	1.0
1	5	68	1.897	0.31	29.806	3.291	0.935	1.0
1	5	65	1.208	0.833	33.4	4.103	0.581	0.806
1	5	62	0.143	0.525	35.4	4.159	0.065	0.161
1	5	59	0.0	0.0	nan	nan	0.0	0.0
1	5	56	0.0	0.0	nan	nan	0.0	0.0
1	5	53	0.0	0.0	nan	nan	0.0	0.0
1	5	50	0.0	0.0	nan	nan	0.0	0.0
1	5	47	0.0	0.0	nan	nan	0.0	0.0
1	5	44	0.0	0.0	nan	nan	0.0	0.0
1	5	41	0.0	0.0	nan	nan	0.0	0.0
1	5	38	0.0	0.0	nan	nan	0.0	0.0
1	5	35	0.0	0.0	nan	nan	0.0	0.0
1	5	32	0.0	0.0	nan	nan	0.0	0.0
1	5	29	0.0	0.0	nan	nan	0.0	0.0
2	5	77	2.0	0.0	19.871	0.922	1.0	1.0
2	5	74	2.0	0.0	20.742	1.154	1.0	1.0
2	5	71	1.871	0.341	22.161	2.131	1.0	1.0
2	5	68	1.419	0.564	24.167	1.683	0.968	0.968
2	5	65	1.069	0.371	26.9	3.387	0.903	0.968
2	5	62	0.355	0.486	27.0	3.0	0.355	0.355
2	5	59	0.0	0.0	nan	nan	0.0	0.0
2	5	56	0.0	0.0	nan	nan	0.0	0.0
2	5	53	0.0	0.0	nan	nan	0.0	0.0
2	5	50	0.0	0.0	nan	nan	0.0	0.0
2	5	47	0.0	0.0	nan	nan	0.0	0.0
2	5	44	0.0	0.0	nan	nan	0.0	0.0
2	5	41	0.0	0.0	nan	nan	0.0	0.0
2	5	38	0.0	0.0	nan	nan	0.0	0.0
2	5	35	0.0	0.0	nan	nan	0.0	0.0
2	5	32	0.0	0.0	nan	nan	0.0	0.0
2	5	29	0.0	0.0	nan	nan	0.0	0.0
3	5	77	1.968	0.315	20.613	1.022	1.0	1.0
3	5	74	1.935	0.25	21.71	1.243	1.0	1.0
3	5	71	1.645	0.486	23.516	1.503	1.0	1.0
3	5	68	1.29	0.461	24.806	1.167	1.0	1.0
3	5	65	0.645	0.608	27.611	3.664	0.581	0.581
3	5	62	0.032	0.18	30.0	0.0	0.032	0.032
3	5	59	0.0	0.0	nan	nan	0.0	0.0
3	5	56	0.0	0.0	nan	nan	0.0	0.0
3	5	53	0.0	0.0	nan	nan	0.0	0.0
3	5	50	0.0	0.0	nan	nan	0.0	0.0
3	5	47	0.0	0.0	nan	nan	0.0	0.0
3	5	44	0.0	0.0	nan	nan	0.0	0.0
3	5	41	0.0	0.0	nan	nan	0.0	0.0
3	5	38	0.0	0.0	nan	nan	0.0	0.0
3	5	35	0.0	0.0	nan	nan	0.0	0.0
3	5	32	0.0	0.0	nan	nan	0.0	0.0
3	5	29	0.0	0.0	nan	nan	0.0	0.0
4	5	77	4.0	0.0	16.839	0.523	1.0	1.0
4	5	74	3.806	0.402	17.548	1.121	1.0	1.0
4	5	71	3.194	0.749	18.29	1.006	1.0	1.0
4	5	68	2.742	0.575	18.677	0.791	1.0	1.0
4	5	65	2.097	0.301	19.968	0.983	1.0	1.0
4	5	62	2.032	0.18	21.129	0.885	1.0	1.0
4	5	59	2.0	0.0	22.935	1.436	1.0	1.0
4	5	56	1.903	0.396	24.767	2.161	0.968	0.968
4	5	53	1.862	0.351	28.484	3.463	0.935	1.0
4	5	50	0.84	0.688	33.652	3.761	0.548	0.742
4	5	47	0.0	0.0	nan	nan	0.0	0.0
4	5	44	0.0	0.0	nan	nan	0.0	0.0
4	5	41	0.0	0.0	nan	nan	0.0	0.0
4	5	38	0.0	0.0	nan	nan	0.0	0.0
4	5	35	0.0	0.0	nan	nan	0.0	0.0
4	5	32	0.0	0.0	nan	nan	0.0	0.0
4	5	29	0.0	0.0	nan	nan	0.0	0.0
5	5	77	2.968	0.18	17.226	0.805	1.0	1.0
5	5	74	2.355	0.709	17.839	0.779	1.0	1.0
5	5	71	1.419	0.502	18.871	0.718	1.0	1.0
5	5	68	1.097	0.301	19.839	1.214	1.0	1.0
5	5	65	1.0	0.0	21.484	1.525	1.0	1.0
5	5	62	0.968	0.18	23.467	1.252	0.968	0.968
5	5	59	0.419	0.502	23.846	1.144	0.419	0.419
5	5	56	0.0	0.0	nan	nan	0.0	0.0
5	5	53	0.0	0.0	nan	nan	0.0	0.0
5	5	50	0.0	0.0	nan	nan	0.0	0.0
5	5	47	0.0	0.0	nan	nan	0.0	0.0
5	5	44	0.0	0.0	nan	nan	0.0	0.0
5	5	41	0.0	0.0	nan	nan	0.0	0.0
5	5	38	0.0	0.0	nan	nan	0.0	0.0
5	5	35	0.0	0.0	nan	nan	0.0	0.0
5	5	32	0.0	0.0	nan	nan	0.0	0.0
5	5	29	0.0	0.0	nan	nan	0.0	0.0
6	5	77	2.29	0.529	19.645	0.877	1.0	1.0
6	5	74	2.065	0.25	20.742	1.264	1.0	1.0
6	5	71	2.0	0.0	22.161	1.214	1.0	1.0
6	5	68	2.0	0.0	22.903	1.399	1.0	1.0
6	5	65	2.0	0.0	26.387	5.031	0.968	1.0
6	5	62	1.793	0.412	31.194	4.468	0.935	1.0
6	5	59	1.0	0.861	33.381	4.341	0.581	0.677
6	5	56	0.0	0.0	nan	nan	0.0	0.0
6	5	53	0.0	0.0	nan	nan	0.0	0.0
6	5	50	0.0	0.0	nan	nan	0.0	0.0
6	5	47	0.0	0.0	nan	nan	0.0	0.0
6	5	44	0.0	0.0	nan	nan	0.0	0.0
6	5	41	0.0	0.0	nan	nan	0.0	0.0
6	5	38	0.0	0.0	nan	nan	0.0	0.0
6	5	35	0.0	0.0	nan	nan	0.0	0.0
6	5	32	0.0	0.0	nan	nan	0.0	0.0
6	5	29	0.0	0.0	nan	nan	0.0	0.0
7	5	77	2.613	0.495	17.935	0.772	1.0	1.0
7	5	74	2.097	0.7	18.742	1.064	1.0	1.0
7	5	71	1.452	0.568	20.0	0.966	1.0	1.0
7	5	68	1.258	0.445	21.194	1.621	1.0	1.0
7	5	65	1.032	0.315	22.967	1.629	0.968	0.968
7	5	62	0.968	0.315	25.138	3.032	0.935	0.935
7	5	59	0.133	0.346	26.4	1.342	0.129	0.161
7	5	56	0.0	0.0	nan	nan	0.0	0.0
7	5	53	0.0	0.0	nan	nan	0.0	0.0
7	5	50	0.0	0.0	nan	nan	0.0	0.0
7	5	47	0.0	0.0	nan	nan	0.0	0.0
7	5	44	0.0	0.0	nan	nan	0.0	0.0
7	5	41	0.0	0.0	nan	nan	0.0	0.0
7	5	38	0.0	0.0	nan	nan	0.0	0.0
7	5	35	0.0	0.0	nan	nan	0.0	0.0
7	5	32	0.0	0.0	nan	nan	0.0	0.0
7	5	29	0.0	0.0	nan	nan	0.0	0.0
8	5	77	2.419	0.502	18.29	0.739	1.0	1.0
8	5	74	2.161	0.374	18.903	1.076	1.0	1.0
8	5	71	1.871	0.341	20.226	1.257	1.0	1.0
8	5	68	1.645	0.486	21.387	1.256	1.0	1.0
8	5	65	1.355	0.486	22.839	1.393	1.0	1.0
8	5	62	1.032	0.315	25.3	1.803	0.968	0.968
8	5	59	0.6	0.563	26.944	4.08	0.548	0.581
8	5	56	0.0	0.0	nan	nan	0.0	0.0
8	5	53	0.0	0.0	nan	nan	0.0	0.0
8	5	50	0.0	0.0	nan	nan	0.0	0.0
8	5	47	0.0	0.0	nan	nan	0.0	0.0
8	5	44	0.0	0.0	nan	nan	0.0	0.0
8	5	41	0.0	0.0	nan	nan	0.0	0.0
8	5	38	0.0	0.0	nan	nan	0.0	0.0
8	5	35	0.0	0.0	nan	nan	0.0	0.0
8	5	32	0.0	0.0	nan	nan	0.0	0.0
8	5	29	0.0	0.0	nan	nan	0.0	0.0
9	5	77	3.065	0.772	18.581	0.886	1.0	1.0
9	5	74	2.548	0.506	19.323	1.137	1.0	1.0
9	5	71	2.0	0.258	20.548	0.961	1.0	1.0
9	5	68	2.0	0.0	21.806	1.078	1.0	1.0
9	5	65	1.903	0.301	23.935	2.645	1.0	1.0
9	5	62	1.581	0.502	25.355	1.624	1.0	1.0
9	5	59	1.143	0.756	29.88	3.811	0.71	0.806
9	5	56	0.172	0.384	31.571	2.76	0.161	0.226
9	5	53	0.0	0.0	nan	nan	0.0	0.0
9	5	50	0.0	0.0	nan	nan	0.0	0.0
9	5	47	0.0	0.0	nan	nan	0.0	0.0
9	5	44	0.0	0.0	nan	nan	0.0	0.0
9	5	41	0.0	0.0	nan	nan	0.0	0.0
9	5	38	0.0	0.0	nan	nan	0.0	0.0
9	5	35	0.0	0.0	nan	nan	0.0	0.0
9	5	32	0.0	0.0	nan	nan	0.0	0.0
9	5	29	0.0	0.0	nan	nan	0.0	0.0
10	5	77	4.71	0.461	16.032	0.657	1.0	1.0
10	5	74	4.419	0.502	16.677	0.653	1.0	1.0
10	5	71	4.226	0.497	17.097	0.746	1.0	1.0
10	5	68	3.774	0.497	17.516	0.811	1.0	1.0
10	5	65	3.452	0.506	18.323	1.045	1.0	1.0
10	5	62	3.097	0.473	19.097	1.326	1.0	1.0
10	5	59	2.903	0.301	20.516	1.458	1.0	1.0
10	5	56	2.516	0.57	21.71	1.488	1.0	1.0
10	5	53	2.226	0.425	23.871	2.277	1.0	1.0
10	5	50	1.968	0.18	26.226	2.918	1.0	1.0
10	5	47	1.8	0.484	30.633	4.514	0.935	0.968
10	5	44	0.6	0.724	35.6	3.481	0.452	0.484
10	5	41	0.129	0.428	35.667	4.041	0.097	0.097
10	5	38	0.0	0.0	nan	nan	0.0	0.0
10	5	35	0.0	0.0	nan	nan	0.0	0.0
10	5	32	0.0	0.0	nan	nan	0.0	0.0
10	5	29	0.0	0.0	nan	nan	0.0	0.0
11	5	77	2.452	0.506	18.419	1.057	1.0	1.0
11	5	74	2.29	0.461	18.742	0.855	1.0	1.0
11	5	71	1.935	0.25	20.258	1.29	1.0	1.0
11	5	68	1.581	0.502	21.097	1.106	1.0	1.0
11	5	65	1.065	0.25	23.452	1.859	1.0	1.0
11	5	62	1.0	0.447	25.143	2.353	0.903	0.903
11	5	59	0.387	0.495	26.333	2.348	0.387	0.387
11	5	56	0.0	0.0	nan	nan	0.0	0.0
11	5	53	0.0	0.0	nan	nan	0.0	0.0
11	5	50	0.0	0.0	nan	nan	0.0	0.0
11	5	47	0.0	0.0	nan	nan	0.0	0.0
11	5	44	0.0	0.0	nan	nan	0.0	0.0
11	5	41	0.0	0.0	nan	nan	0.0	0.0
11	5	38	0.0	0.0	nan	nan	0.0	0.0
11	5	35	0.0	0.0	nan	nan	0.0	0.0
11	5	32	0.0	0.0	nan	nan	0.0	0.0
11	5	29	0.0	0.0	nan	nan	0.0	0.0
12	5	77	5.0	0.258	16.129	0.562	1.0	1.0
12	5	74	5.0	0.0	16.71	0.643	1.0	1.0
12	5	71	4.871	0.341	17.516	0.811	1.0	1.0
12	5	68	4.29	0.783	18.29	0.783	1.0	1.0
12	5	65	3.645	0.709	18.677	0.791	1.0	1.0
12	5	62	3.129	0.341	19.935	1.124	1.0	1.0
12	5	59	3.0	0.0	21.613	1.407	1.0	1.0
12	5	56	2.968	0.18	23.032	1.224	1.0	1.0
12	5	53	2.774	0.425	25.742	2.294	1.0	1.0
12	5	50	2.516	0.508	27.613	2.895	1.0	1.0
12	5	47	1.516	0.626	35.0	4.669	1.0	1.0
12	5	44	0.355	0.551	38.4	2.675	0.323	0.323
12	5	41	0.0	0.0	nan	nan	0.0	0.0
12	5	38	0.0	0.0	nan	nan	0.0	0.0
12	5	35	0.0	0.0	nan	nan	0.0	0.0
12	5	32	0.0	0.0	nan	nan	0.0	0.0
12	5	29	0.0	0.0	nan	nan	0.0	0.0
13	5	77	0.806	0.402	22.56	1.417	0.806	0.806
13	5	74	0.774	0.425	24.667	1.494	0.774	0.774
13	5	71	0.065	0.25	21.5	4.95	0.065	0.065
13	5	68	0.0	0.0	nan	nan	0.0	0.0
13	5	65	0.0	0.0	nan	nan	0.0	0.0
13	5	62	0.0	0.0	nan	nan	0.0	0.0
13	5	59	0.0	0.0	nan	nan	0.0	0.0
13	5	56	0.0	0.0	nan	nan	0.0	0.0
13	5	53	0.0	0.0	nan	nan	0.0	0.0
13	5	50	0.0	0.0	nan	nan	0.0	0.0
13	5	47	0.0	0.0	nan	nan	0.0	0.0
13	5	44	0.0	0.0	nan	nan	0.0	0.0
13	5	41	0.0	0.0	nan	nan	0.0	0.0
13	5	38	0.0	0.0	nan	nan	0.0	0.0
13	5	35	0.0	0.0	nan	nan	0.0	0.0
13	5	32	0.0	0.0	nan	nan	0.0	0.0
13	5	29	0.0	0.0	nan	nan	0.0	0.0
14	5	77	2.065	0.25	20.0	0.816	1.0	1.0
14	5	74	2.032	0.18	21.484	1.48	1.0	1.0
14	5	71	1.935	0.25	22.613	1.383	1.0	1.0
14	5	68	1.871	0.341	23.581	1.089	1.0	1.0
14	5	65	1.8	0.407	26.29	2.842	0.968	1.0
14	5	62	1.25	0.645	29.357	3.965	0.806	0.903
14	5	59	0.345	0.614	32.6	4.088	0.258	0.323
14	5	56	0.0	0.0	nan	nan	0.0	0.0
14	5	53	0.0	0.0	nan	nan	0.0	0.0
14	5	50	0.0	0.0	nan	nan	0.0	0.0
14	5	47	0.0	0.0	nan	nan	0.0	0.0
14	5	44	0.0	0.0	nan	nan	0.0	0.0
14	5	41	0.0	0.0	nan	nan	0.0	0.0
14	5	38	0.0	0.0	nan	nan	0.0	0.0
14	5	35	0.0	0.0	nan	nan	0.0	0.0
14	5	32	0.0	0.0	nan	nan	0.0	0.0
14	5	29	0.0	0.0	nan	nan	0.0	0.0
15	5	77	4.161	0.374	16.355	0.608	1.0	1.0
15	5	74	4.065	0.359	16.839	0.969	1.0	1.0
15	5	71	4.0	0.0	17.226	0.56	1.0	1.0
15	5	68	3.613	0.495	18.129	0.718	1.0	1.0
15	5	65	3.29	0.529	18.968	1.643	1.0	1.0
15	5	62	2.839	0.454	20.097	0.978	1.0	1.0
15	5	59	2.387	0.495	22.0	2.176	1.0	1.0
15	5	56	2.032	0.18	22.613	1.498	1.0	1.0
15	5	53	2.0	0.258	25.355	2.847	1.0	1.0
15	5	50	1.935	0.359	28.333	3.01	0.968	0.968
15	5	47	1.276	0.702	34.667	4.35	0.806	0.871
15	5	44	0.0	0.0	nan	nan	0.0	0.0
15	5	41	0.0	0.0	nan	nan	0.0	0.0
15	5	38	0.0	0.0	nan	nan	0.0	0.0
15	5	35	0.0	0.0	nan	nan	0.0	0.0
15	5	32	0.0	0.0	nan	nan	0.0	0.0
15	5	29	0.0	0.0	nan	nan	0.0	0.0
16	5	77	0.774	0.425	25.0	1.694	0.774	0.774
16	5	74	0.2	0.407	26.714	2.138	0.194	0.226
16	5	71	0.0	0.0	nan	nan	0.0	0.0
16	5	68	0.0	0.0	nan	nan	0.0	0.0
16	5	65	0.0	0.0	nan	nan	0.0	0.0
16	5	62	0.0	0.0	nan	nan	0.0	0.0
16	5	59	0.0	0.0	nan	nan	0.0	0.0
16	5	56	0.0	0.0	nan	nan	0.0	0.0
16	5	53	0.0	0.0	nan	nan	0.0	0.0
16	5	50	0.0	0.0	nan	nan	0.0	0.0
16	5	47	0.0	0.0	nan	nan	0.0	0.0
16	5	44	0.0	0.0	nan	nan	0.0	0.0
16	5	41	0.0	0.0	nan	nan	0.0	0.0
16	5	38	0.0	0.0	nan	nan	0.0	0.0
16	5	35	0.0	0.0	nan	nan	0.0	0.0
16	5	32	0.0	0.0	nan	nan	0.0	0.0
16	5	29	0.0	0.0	nan	nan	0.0	0.0
17	5	77	5.968	0.18	14.355	0.608	1.0	1.0
17	5	74	5.968	0.18	14.774	0.497	1.0	1.0
17	5	71	5.71	0.461	15.419	0.672	1.0	1.0
17	5	68	5.387	0.495	15.871	0.67	1.0	1.0
17	5	65	5.097	0.301	16.452	0.568	1.0	1.0
17	5	62	4.935	0.25	17.0	1.0	1.0	1.0
17	5	59	4.677	0.475	17.613	0.761	1.0	1.0
17	5	56	3.806	0.654	19.097	1.399	1.0	1.0
17	5	53	3.161	0.454	19.806	1.25	1.0	1.0
17	5	50	3.032	0.18	21.355	1.518	1.0	1.0
17	5	47	3.032	0.18	22.71	1.553	1.0	1.0
17	5	44	2.935	0.25	27.548	3.404	1.0	1.0
17	5	41	2.097	0.87	32.133	5.794	0.968	0.968
17	5	38	1.179	1.02	38.364	8.156	0.613	0.71
17	5	35	0.129	0.428	37.667	3.512	0.097	0.097
17	5	32	0.0	0.0	nan	nan	0.0	0.0
17	5	29	0.0	0.0	nan	nan	0.0	0.0
18	5	77	2.097	0.301	19.677	0.791	1.0	1.0
18	5	74	2.032	0.18	20.677	1.275	1.0	1.0
18	5	71	2.0	0.0	22.097	1.423	1.0	1.0
18	5	68	1.935	0.25	23.71	1.901	1.0	1.0
18	5	65	1.935	0.25	26.194	1.939	1.0	1.0
18	5	62	1.483	0.688	29.5	3.26	0.839	0.903
18	5	59	0.542	0.779	32.75	4.626	0.29	0.516
18	5	56	0.032	0.18	34.0	0.0	0.032	0.032
18	5	53	0.0	0.0	nan	nan	0.0	0.0
18	5	50	0.0	0.0	nan	nan	0.0	0.0
18	5	47	0.0	0.0	nan	nan	0.0	0.0
18	5	44	0.0	0.0	nan	nan	0.0	0.0
18	5	41	0.0	0.0	nan	nan	0.0	0.0
18	5	38	0.0	0.0	nan	nan	0.0	0.0
18	5	35	0.0	0.0	nan	nan	0.0	0.0
18	5	32	0.0	0.0	nan	nan	0.0	0.0
18	5	29	0.0	0.0	nan	nan	0.0	0.0
19	5	77	1.032	0.18	20.516	1.411	1.0	1.0
19	5	74	1.0	0.258	21.033	1.098	0.968	0.968
19	5	71	1.0	0.0	23.581	1.361	1.0	1.0
19	5	68	0.645	0.551	25.263	2.922	0.613	0.613
19	5	65	0.032	0.18	28.0	0.0	0.032	0.032
19	5	62	0.0	0.0	nan	nan	0.0	0.0
19	5	59	0.0	0.0	nan	nan	0.0	0.0
19	5	56	0.0	0.0	nan	nan	0.0	0.0
19	5	53	0.0	0.0	nan	nan	0.0	0.0
19	5	50	0.0	0.0	nan	nan	0.0	0.0
19	5	47	0.0	0.0	nan	nan	0.0	0.0
19	5	44	0.0	0.0	nan	nan	0.0	0.0
19	5	41	0.0	0.0	nan	nan	0.0	0.0
19	5	38	0.0	0.0	nan	nan	0.0	0.0
19	5	35	0.0	0.0	nan	nan	0.0	0.0
19	5	32	0.0	0.0	nan	nan	0.0	0.0
19	5	29	0.0	0.0	nan	nan	0.0	0.0
20	5	77	4.0	0.0	16.613	0.495	1.0	1.0
20	5	74	3.871	0.341	17.226	0.617	1.0	1.0
20	5	71	3.452	0.675	18.0	0.856	1.0	1.0
20	5	68	2.742	0.729	18.581	0.992	1.0	1.0
20	5	65	2.194	0.477	19.903	1.012	1.0	1.0
20	5	62	2.032	0.315	20.935	1.153	1.0	1.0
20	5	59	1.968	0.18	22.065	1.548	1.0	1.0
20	5	56	2.0	0.0	24.71	2.327	1.0	1.0
20	5	53	1.677	0.475	27.161	3.397	1.0	1.0
20	5	50	0.8	0.707	30.864	4.507	0.516	0.71
20	5	47	0.032	0.18	27.0	0.0	0.032	0.032
20	5	44	0.0	0.0	nan	nan	0.0	0.0
20	5	41	0.0	0.0	nan	nan	0.0	0.0
20	5	38	0.0	0.0	nan	nan	0.0	0.0
20	5	35	0.0	0.0	nan	nan	0.0	0.0
20	5	32	0.0	0.0	nan	nan	0.0	0.0
20	5	29	0.0	0.0	nan	nan	0.0	0.0
21	5	77	4.0	0.0	15.194	0.543	1.0	1.0
21	5	74	3.935	0.25	15.452	0.624	1.0	1.0
21	5	71	3.387	0.558	16.097	0.87	1.0	1.0
21	5	68	3.129	0.428	16.742	1.39	1.0	1.0
21	5	65	3.0	0.516	17.323	0.653	1.0	1.0
21	5	62	2.548	0.624	18.129	0.957	1.0	1.0
21	5	59	2.161	0.374	19.419	1.409	1.0	1.0
21	5	56	1.839	0.454	20.774	1.647	1.0	1.0
21	5	53	1.516	0.508	22.677	1.922	1.0	1.0
21	5	50	1.2	0.407	24.323	2.676	0.968	1.0
21	5	47	0.767	0.568	27.545	3.405	0.677	0.71
21	5	44	0.032	0.18	28.0	0.0	0.032	0.032
21	5	41	0.0	0.0	nan	nan	0.0	0.0
21	5	38	0.0	0.0	nan	nan	0.0	0.0
21	5	35	0.0	0.0	nan	nan	0.0	0.0
21	5	32	0.0	0.0	nan	nan	0.0	0.0
21	5	29	0.0	0.0	nan	nan	0.0	0.0
22	5	77	5.032	0.482	17.484	0.677	1.0	1.0
22	5	74	4.742	0.514	18.0	0.816	1.0	1.0
22	5	71	4.161	0.374	19.097	0.831	1.0	1.0
22	5	68	3.806	0.402	20.194	0.98	1.0	1.0
22	5	65	3.419	0.502	21.226	1.309	1.0	1.0
22	5	62	3.065	0.359	22.516	1.092	1.0	1.0
22	5	59	3.0	0.0	24.161	1.508	1.0	1.0
22	5	56	2.968	0.18	26.032	2.228	1.0	1.0
22	5	53	2.452	0.568	30.161	3.184	1.0	1.0
22	5	50	1.968	0.795	33.387	3.373	1.0	1.0
22	5	47	0.742	0.514	38.864	2.587	0.71	0.71
22	5	44	0.0	0.0	nan	nan	0.0	0.0
22	5	41	0.0	0.0	nan	nan	0.0	0.0
22	5	38	0.0	0.0	nan	nan	0.0	0.0
22	5	35	0.0	0.0	nan	nan	0.0	0.0
22	5	32	0.0	0.0	nan	nan	0.0	0.0
22	5	29	0.0	0.0	nan	nan	0.0	0.0
23	5	77	3.806	0.402	17.097	1.274	1.0	1.0
23	5	74	3.484	0.724	17.516	0.626	1.0	1.0
23	5	71	2.903	0.651	18.29	0.643	1.0	1.0
23	5	68	2.355	0.486	18.839	0.898	1.0	1.0
23	5	65	2.032	0.18	20.548	1.338	1.0	1.0
23	5	62	1.839	0.374	21.903	1.446	1.0	1.0
23	5	59	1.645	0.486	23.839	1.881	1.0	1.0
23	5	56	1.233	0.626	26.75	5.407	0.871	0.903
23	5	53	0.379	0.561	26.75	4.048	0.323	0.387
23	5	50	0.0	0.0	nan	nan	0.0	0.0
23	5	47	0.0	0.0	nan	nan	0.0	0.0
23	5	44	0.0	0.0	nan	nan	0.0	0.0
23	5	41	0.0	0.0	nan	nan	0.0	0.0
23	5	38	0.0	0.0	nan	nan	0.0	0.0
23	5	35	0.0	0.0	nan	nan	0.0	0.0
23	5	32	0.0	0.0	nan	nan	0.0	0.0
23	5	29	0.0	0.0	nan	nan	0.0	0.0
24	5	77	3.935	0.574	17.452	0.995	1.0	1.0
24	5	74	3.452	0.624	18.226	1.023	1.0	1.0
24	5	71	2.968	0.547	19.323	1.536	1.0	1.0
24	5	68	2.452	0.624	19.871	1.258	1.0	1.0
24	5	65	2.226	0.425	20.839	1.53	1.0	1.0
24	5	62	2.0	0.258	22.0	1.751	1.0	1.0
24	5	59	1.806	0.402	24.387	1.961	1.0	1.0
24	5	56	1.414	0.568	26.9	3.642	0.903	0.968
24	5	53	0.9	0.845	29.684	4.028	0.581	0.613
24	5	50	0.103	0.31	32.6	4.393	0.097	0.161
24	5	47	0.0	0.0	37.0	0.0	0.0	0.032
24	5	44	0.0	0.0	nan	nan	0.0	0.0
24	5	41	0.0	0.0	nan	nan	0.0	0.0
24	5	38	0.0	0.0	nan	nan	0.0	0.0
24	5	35	0.0	0.0	nan	nan	0.0	0.0
24	5	32	0.0	0.0	nan	nan	0.0	0.0
24	5	29	0.0	0.0	nan	nan	0.0	0.0
25	5	77	3.032	0.657	18.355	0.877	1.0	1.0
25	5	74	2.516	0.677	19.226	0.845	1.0	1.0
25	5	71	2.097	0.301	20.097	1.106	1.0	1.0
25	5	68	1.968	0.315	21.226	1.175	1.0	1.0
25	5	65	1.903	0.301	23.194	1.327	1.0	1.0
25	5	62	1.613	0.495	24.903	3.155	1.0	1.0
25	5	59	1.0	0.632	27.0	3.122	0.806	0.806
25	5	56	0.484	0.677	28.0	3.717	0.387	0.387
25	5	53	0.0	0.0	nan	nan	0.0	0.0
25	5	50	0.0	0.0	nan	nan	0.0	0.0
25	5	47	0.0	0.0	nan	nan	0.0	0.0
25	5	44	0.0	0.0	nan	nan	0.0	0.0
25	5	41	0.0	0.0	nan	nan	0.0	0.0
25	5	38	0.0	0.0	nan	nan	0.0	0.0
25	5	35	0.0	0.0	nan	nan	0.0	0.0
25	5	32	0.0	0.0	nan	nan	0.0	0.0
25	5	29	0.0	0.0	nan	nan	0.0	0.0
26	5	77	3.516	0.57	17.774	0.617	1.0	1.0
26	5	74	2.613	0.667	18.677	1.045	1.0	1.0
26	5	71	2.129	0.341	19.129	0.846	1.0	1.0
26	5	68	2.161	0.374	19.839	1.068	1.0	1.0
26	5	65	1.935	0.25	20.839	1.098	1.0	1.0
26	5	62	1.839	0.374	23.129	1.839	1.0	1.0
26	5	59	1.452	0.568	25.067	2.18	0.968	0.968
26	5	56	1.0	0.609	28.0	3.752	0.742	0.839
26	5	53	0.48	0.653	30.375	4.349	0.323	0.516
26	5	50	0.032	0.18	31.0	0.0	0.032	0.032
26	5	47	0.0	0.0	nan	nan	0.0	0.0
26	5	44	0.0	0.0	nan	nan	0.0	0.0
26	5	41	0.0	0.0	nan	nan	0.0	0.0
26	5	38	0.0	0.0	nan	nan	0.0	0.0
26	5	35	0.0	0.0	nan	nan	0.0	0.0
26	5	32	0.0	0.0	nan	nan	0.0	0.0
26	5	29	0.0	0.0	nan	nan	0.0	0.0
27	5	77	2.194	0.402	20.29	1.488	1.0	1.0
27	5	74	2.032	0.18	21.613	1.334	1.0	1.0
27	5	71	2.0	0.0	22.516	1.503	1.0	1.0
27	5	68	2.0	0.0	24.032	1.303	1.0	1.0
27	5	65	1.903	0.301	27.419	2.838	1.0	1.0
27	5	62	1.615	0.571	31.533	4.718	0.806	0.968
27	5	59	0.464	0.838	33.6	2.633	0.226	0.323
27	5	56	0.0	0.0	nan	nan	0.0	0.0
27	5	53	0.0	0.0	nan	nan	0.0	0.0
27	5	50	0.0	0.0	nan	nan	0.0	0.0
27	5	47	0.0	0.0	nan	nan	0.0	0.0
27	5	44	0.0	0.0	nan	nan	0.0	0.0
27	5	41	0.0	0.0	nan	nan	0.0	0.0
27	5	38	0.0	0.0	nan	nan	0.0	0.0
27	5	35	0.0	0.0	nan	nan	0.0	0.0
27	5	32	0.0	0.0	nan	nan	0.0	0.0
27	5	29	0.0	0.0	nan	nan	0.0	0.0
28	5	77	3.29	0.783	18.097	1.076	1.0	1.0
28	5	74	2.548	0.723	19.0	1.033	1.0	1.0
28	5	71	2.29	0.529	20.161	1.393	1.0	1.0
28	5	68	2.0	0.0	21.516	1.458	1.0	1.0
28	5	65	1.935	0.442	22.774	2.334	1.0	1.0
28	5	62	1.71	0.461	24.935	2.407	1.0	1.0
28	5	59	1.207	0.675	28.556	3.745	0.806	0.871
28	5	56	0.258	0.514	28.571	3.101	0.226	0.226
28	5	53	0.032	0.18	31.0	0.0	0.032	0.032
28	5	50	0.0	0.0	nan	nan	0.0	0.0
28	5	47	0.0	0.0	nan	nan	0.0	0.0
28	5	44	0.0	0.0	nan	nan	0.0	0.0
28	5	41	0.0	0.0	nan	nan	0.0	0.0
28	5	38	0.0	0.0	nan	nan	0.0	0.0
28	5	35	0.0	0.0	nan	nan	0.0	0.0
28	5	32	0.0	0.0	nan	nan	0.0	0.0
28	5	29	0.0	0.0	nan	nan	0.0	0.0
29	5	77	4.065	0.442	17.032	0.836	1.0	1.0
29	5	74	3.806	0.477	17.935	1.031	1.0	1.0
29	5	71	3.387	0.495	18.516	0.811	1.0	1.0
29	5	68	3.097	0.301	19.194	1.302	1.0	1.0
29	5	65	2.935	0.25	20.258	1.125	1.0	1.0
29	5	62	2.581	0.564	21.677	2.006	1.0	1.0
29	5	59	2.032	0.18	23.613	1.892	1.0	1.0
29	5	56	1.968	0.18	25.935	1.914	1.0	1.0
29	5	53	1.935	0.25	28.871	3.041	1.0	1.0
29	5	50	0.963	0.898	34.667	5.615	0.548	0.677
29	5	47	0.065	0.359	32.0	0.0	0.032	0.032
29	5	44	0.0	0.0	nan	nan	0.0	0.0
29	5	41	0.0	0.0	nan	nan	0.0	0.0
29	5	38	0.0	0.0	nan	nan	0.0	0.0
29	5	35	0.0	0.0	nan	nan	0.0	0.0
29	5	32	0.0	0.0	nan	nan	0.0	0.0
29	5	29	0.0	0.0	nan	nan	0.0	0.0
30	5	77	3.129	0.341	17.516	0.57	1.0	1.0
30	5	74	2.419	0.564	18.419	0.807	1.0	1.0
30	5	71	2.065	0.359	19.387	0.803	1.0	1.0
30	5	68	2.0	0.0	20.645	1.889	1.0	1.0
30	5	65	2.0	0.0	22.419	1.455	1.0	1.0
30	5	62	1.935	0.25	24.677	2.7	1.0	1.0
30	5	59	1.483	0.509	27.677	4.3	0.935	1.0
30	5	56	0.741	0.859	30.0	5.969	0.419	0.548
30	5	53	0.065	0.25	30.5	0.707	0.065	0.065
30	5	50	0.0	0.0	nan	nan	0.0	0.0
30	5	47	0.0	0.0	nan	nan	0.0	0.0
30	5	44	0.0	0.0	nan	nan	0.0	0.0
30	5	41	0.0	0.0	nan	nan	0.0	0.0
30	5	38	0.0	0.0	nan	nan	0.0	0.0
30	5	35	0.0	0.0	nan	nan	0.0	0.0
30	5	32	0.0	0.0	nan	nan	0.0	0.0
30	5	29	0.0	0.0	nan	nan	0.0	0.0
31	5	77	4.032	0.18	16.548	0.85	1.0	1.0
31	5	74	3.903	0.301	17.323	0.871	1.0	1.0
31	5	71	3.484	0.57	18.032	0.836	1.0	1.0
31	5	68	2.871	0.718	18.742	0.773	1.0	1.0
31	5	65	2.258	0.514	20.065	1.263	1.0	1.0
31	5	62	2.129	0.341	20.968	1.643	1.0	1.0
31	5	59	2.0	0.0	23.032	2.041	1.0	1.0
31	5	56	1.903	0.301	25.032	2.008	1.0	1.0
31	5	53	1.621	0.622	28.483	3.572	0.871	0.935
31	5	50	0.815	0.786	32.3	4.68	0.516	0.645
31	5	47	0.103	0.409	35.25	4.5	0.065	0.129
31	5	44	0.0	0.0	nan	nan	0.0	0.0
31	5	41	0.0	0.0	nan	nan	0.0	0.0
31	5	38	0.0	0.0	nan	nan	0.0	0.0
31	5	35	0.0	0.0	nan	nan	0.0	0.0
31	5	32	0.0	0.0	nan	nan	0.0	0.0
31	5	29	0.0	0.0	nan	nan	0.0	0.0
0	6	77	5.323	0.475	14.903	0.597	1.0	1.0
0	6	74	5.097	0.301	15.516	0.769	1.0	1.0
0	6	71	5.065	0.25	15.806	0.601	1.0	1.0
0	6	68	5.0	0.0	16.484	0.677	1.0	1.0
0	6	65	4.871	0.341	17.29	0.783	1.0	1.0
0	6	62	4.677	0.541	17.71	0.824	1.0	1.0
0	6	59	3.839	0.82	18.516	0.851	1.0	1.0
0	6	56	3.129	0.341	19.548	1.121	1.0	1.0
0	6	53	3.161	0.454	20.645	1.872	1.0	1.0
0	6	50	2.968	0.18	22.839	1.753	1.0	1.0
0	6	47	2.903	0.396	25.452	3.567	1.0	1.0
0	6	44	2.387	0.667	31.323	4.658	1.0	1.0
0	6	41	1.0	1.035	36.737	6.64	0.548	0.613
0	6	38	0.032	0.18	42.0	0.0	0.032	0.032
0	6	35	0.0	0.0	nan	nan	0.0	0.0
0	6	32	0.0	0.0	nan	nan	0.0	0.0
0	6	29	0.0	0.0	nan	nan	0.0	0.0
1	6	77	4.742	0.445	16.903	0.539	1.0	1.0
1	6	74	4.323	0.653	17.323	0.748	1.0	1.0
1	6	71	3.742	0.575	18.0	0.894	1.0	1.0
1	6	68	3.258	0.514	19.161	1.214	1.0	1.0
1	6	65	3.0	0.258	20.097	1.044	1.0	1.0
1	6	62	2.935	0.25	21.097	1.193	1.0	1.0
1	6	59	2.613	0.495	23.258	1.57	1.0	1.0
1	6	56	2.161	0.374	25.161	2.437	1.0	1.0
1	6	53	1.871	0.562	29.567	4.392	0.968	0.968
1	6	50	1.414	0.628	34.517	5.173	0.871	0.935
1	6	47	0.4	0.724	34.444	6.064	0.258	0.29
1	6	44	0.0	0.0	nan	nan	0.0	0.0
1	6	41	0.0	0.0	nan	nan	0.0	0.0
1	6	38	0.0	0.0	nan	nan	0.0	0.0
1	6	35	0.0	0.0	nan	nan	0.0	0.0
1	6	32	0.0	0.0	nan	nan	0.0	0.0
1	6	29	0.0	0.0	nan	nan	0.0	0.0
2	6	77	4.065	0.25	16.419	0.564	1.0	1.0
2	6	74	4.0	0.258	16.903	0.7	1.0	1.0
2	6	71	3.645	0.551	17.581	0.672	1.0	1.0
2	6	68	3.032	0.706	18.581	0.807	1.0	1.0
2	6	65	2.742	0.773	18.774	0.805	1.0	1.0
2	6	62	2.161	0.374	20.0	1.125	1.0	1.0
2	6	59	2.0	0.0	21.452	1.69	1.0	1.0
2	6	56	1.774	0.425	23.065	2.421	1.0	1.0
2	6	53	1.567	0.504	25.581	3.223	0.968	1.0
2	6	50	0.867	0.86	27.389	3.013	0.548	0.581
2	6	47	0.258	0.514	29.857	3.132	0.226	0.226
2	6	44	0.0	0.0	nan	nan	0.0	0.0
2	6	41	0.0	0.0	nan	nan	0.0	0.0
2	6	38	0.0	0.0	nan	nan	0.0	0.0
2	6	35	0.0	0.0	nan	nan	0.0	0.0
2	6	32	0.0	0.0	nan	nan	0.0	0.0
2	6	29	0.0	0.0	nan	nan	0.0	0.0
3	6	77	1.355	0.486	19.968	0.657	1.0	1.0
3	6	74	1.097	0.396	21.161	1.44	1.0	1.0
3	6	71	1.065	0.359	23.0	1.77	1.0	1.0
3	6	68	1.0	0.365	24.448	2.148	0.935	0.935
3	6	65	0.613	0.495	25.632	2.033	0.613	0.613
3	6	62	0.0	0.0	nan	nan	0.0	0.0
3	6	59	0.0	0.0	nan	nan	0.0	0.0
3	6	56	0.0	0.0	nan	nan	0.0	0.0
3	6	53	0.0	0.0	nan	nan	0.0	0.0
3	6	50	0.0	0.0	nan	nan	0.0	0.0
3	6	47	0.0	0.0	nan	nan	0.0	0.0
3	6	44	0.0	0.0	nan	nan	0.0	0.0
3	6	41	0.0	0.0	nan	nan	0.0	0.0
3	6	38	0.0	0.0	nan	nan	0.0	0.0
3	6	35	0.0	0.0	nan	nan	0.0	0.0
3	6	32	0.0	0.0	nan	nan	0.0	0.0
3	6	29	0.0	0.0	nan	nan	0.0	0.0
4	6	77	4.387	0.558	18.355	0.798	1.0	1.0
4	6	74	3.903	0.651	18.645	1.05	1.0	1.0
4	6	71	3.452	0.624	19.742	1.094	1.0	1.0
4	6	68	3.29	0.461	20.258	0.893	1.0	1.0
4	6	65	2.968	0.18	21.935	1.569	1.0	1.0
4	6	62	2.968	0.18	23.419	1.409	1.0	1.0
4	6	59	2.935	0.25	25.258	2.221	1.0	1.0
4	6	56	2.484	0.57	28.484	3.054	1.0	1.0
4	6	53	2.0	0.632	30.774	3.383	1.0	1.0
4	6	50	1.032	0.605	36.692	4.047	0.839	0.839
4	6	47	0.241	0.435	42.111	4.702	0.226	0.29
4	6	44	0.0	0.0	nan	nan	0.0	0.0
4	6	41	0.0	0.0	nan	nan	0.0	0.0
4	6	38	0.0	0.0	nan	nan	0.0	0.0
4	6	35	0.0	0.0	nan	nan	0.0	0.0
4	6	32	0.0	0.0	nan	nan	0.0	0.0
4	6	29	0.0	0.0	nan	nan	0.0	0.0
5	6	77	3.0	0.0	17.097	0.539	1.0	1.0
5	6	74	2.742	0.445	17.71	0.938	1.0	1.0
5	6	71	2.419	0.672	18.129	1.088	1.0	1.0
5	6	68	1.613	0.667	19.71	1.488	1.0	1.0
5	6	65	1.323	0.475	20.903	1.739	1.0	1.0
5	6	62	1.0	0.258	22.067	1.552	0.968	0.968
5	6	59	0.967	0.32	23.552	2.293	0.903	0.935
5	6	56	0.429	0.504	27.267	3.693	0.387	0.484
5	6	53	0.032	0.18	24.0	0.0	0.032	0.032
5	6	50	0.0	0.0	nan	nan	0.0	0.0
5	6	47	0.0	0.0	nan	nan	0.0	0.0
5	6	44	0.0	0.0	nan	nan	0.0	0.0
5	6	41	0.0	0.0	nan	nan	0.0	0.0
5	6	38	0.0	0.0	nan	nan	0.0	0.0
5	6	35	0.0	0.0	nan	nan	0.0	0.0
5	6	32	0.0	0.0	nan	nan	0.0	0.0
5	6	29	0.0	0.0	nan	nan	0.0	0.0
6	6	77	4.258	0.445	16.71	0.693	1.0	1.0
6	6	74	3.968	0.315	17.097	0.87	1.0	1.0
6	6	71	3.742	0.445	18.0	1.317	1.0	1.0
6	6	68	3.29	0.461	18.548	0.675	1.0	1.0
6	6	65	3.0	0.258	19.516	0.811	1.0	1.0
6	6	62	2.839	0.523	20.677	1.376	1.0	1.0
6	6	59	2.29	0.461	22.323	1.423	1.0	1.0
6	6	56	2.161	0.374	25.258	3.162	1.0	1.0
6	6	53	1.968	0.18	26.806	2.651	1.0	1.0
6	6	50	1.742	0.445	31.484	3.604	1.0	1.0
6	6	47	0.621	0.677	35.765	4.146	0.484	0.548
6	6	44	0.0	0.0	nan	nan	0.0	0.0
6	6	41	0.0	0.0	nan	nan	0.0	0.0
6	6	38	0.0	0.0	nan	nan	0.0	0.0
6	6	35	0.0	0.0	nan	nan	0.0	0.0
6	6	32	0.0	0.0	nan	nan	0.0	0.0
6	6	29	0.0	0.0	nan	nan	0.0	0.0
7	6	77	4.452	0.675	18.258	0.575	1.0	1.0
7	6	74	3.484	0.724	18.968	0.875	1.0	1.0
7	6	71	3.129	0.341	19.968	1.169	1.0	1.0
7	6	68	3.0	0.0	20.677	0.979	1.0	1.0
7	6	65	2.935	0.25	22.581	1.455	1.0	1.0
7	6	62	2.871	0.341	24.065	1.914	1.0	1.0
7	6	59	2.452	0.506	26.516	1.947	1.0	1.0
7	6	56	1.742	0.514	30.667	4.262	0.968	0.968
7	6	53	1.258	0.729	36.519	4.594	0.871	0.871
7	6	50	0.133	0.434	39.75	6.652	0.097	0.129
7	6	47	0.0	0.0	nan	nan	0.0	0.0
7	6	44	0.0	0.0	nan	nan	0.0	0.0
7	6	41	0.0	0.0	nan	nan	0.0	0.0
7	6	38	0.0	0.0	nan	nan	0.0	0.0
7	6	35	0.0	0.0	nan	nan	0.0	0.0
7	6	32	0.0	0.0	nan	nan	0.0	0.0
7	6	29	0.0	0.0	nan	nan	0.0	0.0
8	6	77	3.29	0.529	17.129	0.562	1.0	1.0
8	6	74	2.871	0.619	17.903	0.746	1.0	1.0
8	6	71	2.258	0.445	18.645	0.661	1.0	1.0
8	6	68	2.097	0.301	19.742	1.064	1.0	1.0
8	6	65	1.935	0.359	20.935	1.482	1.0	1.0
8	6	62	1.677	0.475	22.419	1.708	1.0	1.0
8	6	59	1.581	0.502	24.194	1.642	1.0	1.0
8	6	56	1.129	0.499	25.931	1.438	0.935	0.935
8	6	53	0.552	0.572	28.882	3.08	0.484	0.548
8	6	50	0.032	0.18	28.0	0.0	0.032	0.032
8	6	47	0.0	0.0	nan	nan	0.0	0.0
8	6	44	0.0	0.0	nan	nan	0.0	0.0
8	6	41	0.0	0.0	nan	nan	0.0	0.0
8	6	38	0.0	0.0	nan	nan	0.0	0.0
8	6	35	0.0	0.0	nan	nan	0.0	0.0
8	6	32	0.0	0.0	nan	nan	0.0	0.0
8	6	29	0.0	0.0	nan	nan	0.0	0.0
9	6	77	2.484	0.57	20.097	1.044	1.0	1.0
9	6	74	2.097	0.301	21.774	1.23	1.0	1.0
9	6	71	2.0	0.0	22.613	1.542	1.0	1.0
9	6	68	1.968	0.18	24.194	1.833	1.0	1.0
9	6	65	1.935	0.25	25.645	2.106	1.0	1.0
9	6	62	1.643	0.621	30.069	4.234	0.839	0.935
9	6	59	0.519	0.7	34.867	3.114	0.355	0.484
9	6	56	0.033	0.183	34.0	1.414	0.032	0.065
9	6	53	0.0	0.0	nan	nan	0.0	0.0
9	6	50	0.0	0.0	nan	nan	0.0	0.0
9	6	47	0.0	0.0	nan	nan	0.0	0.0
9	6	44	0.0	0.0	nan	nan	0.0	0.0
9	6	41	0.0	0.0	nan	nan	0.0	0.0
9	6	38	0.0	0.0	nan	nan	0.0	0.0
9	6	35	0.0	0.0	nan	nan	0.0	0.0
9	6	32	0.0	0.0	nan	nan	0.0	0.0
9	6	29	0.0	0.0	nan	nan	0.0	0.0
10	6	77	3.806	0.402	17.871	0.619	1.0	1.0
10	6	74	3.161	0.374	19.355	1.496	1.0	1.0
10	6	71	3.129	0.499	19.161	1.098	1.0	1.0
10	6	68	2.839	0.454	20.581	1.205	1.0	1.0
10	6	65	2.484	0.508	21.968	1.224	1.0	1.0
10	6	62	2.226	0.425	23.29	1.97	1.0	1.0
10	6	59	2.033	0.183	25.71	3.154	0.968	1.0
10	6	56	1.931	0.258	28.548	3.659	0.935	1.0
10	6	53	1.581	0.62	32.172	4.036	0.935	0.935
10	6	50	0.429	0.598	37.278	2.492	0.258	0.581
10	6	47	0.032	0.18	36.0	0.0	0.032	0.032
10	6	44	0.0	0.0	nan	nan	0.0	0.0
10	6	41	0.0	0.0	nan	nan	0.0	0.0
10	6	38	0.0	0.0	nan	nan	0.0	0.0
10	6	35	0.0	0.0	nan	nan	0.0	0.0
10	6	32	0.0	0.0	nan	nan	0.0	0.0
10	6	29	0.0	0.0	nan	nan	0.0	0.0
11	6	77	4.0	0.0	16.742	0.575	1.0	1.0
11	6	74	3.677	0.475	17.839	0.735	1.0	1.0
11	6	71	3.613	0.558	18.097	0.79	1.0	1.0
11	6	68	2.774	0.56	18.968	0.795	1.0	1.0
11	6	65	2.387	0.558	19.968	1.329	1.0	1.0
11	6	62	2.0	0.0	21.839	1.369	1.0	1.0
11	6	59	2.0	0.0	23.677	1.851	1.0	1.0
11	6	56	2.0	0.0	26.0	2.266	1.0	1.0
11	6	53	1.633	0.669	32.241	4.223	0.903	0.935
11	6	50	0.033	0.183	35.0	9.899	0.032	0.065
11	6	47	0.0	0.0	nan	nan	0.0	0.0
11	6	44	0.0	0.0	nan	nan	0.0	0.0
11	6	41	0.0	0.0	nan	nan	0.0	0.0
11	6	38	0.0	0.0	nan	nan	0.0	0.0
11	6	35	0.0	0.0	nan	nan	0.0	0.0
11	6	32	0.0	0.0	nan	nan	0.0	0.0
11	6	29	0.0	0.0	nan	nan	0.0	0.0
12	6	77	3.903	0.301	16.613	0.882	1.0	1.0
12	6	74	3.548	0.568	17.226	0.717	1.0	1.0
12	6	71	3.097	0.7	17.871	0.619	1.0	1.0
12	6	68	2.452	0.624	18.968	1.197	1.0	1.0
12	6	65	2.032	0.18	19.613	0.803	1.0	1.0
12	6	62	2.0	0.0	21.032	1.224	1.0	1.0
12	6	59	1.968	0.315	22.097	1.64	1.0	1.0
12	6	56	1.933	0.254	24.323	2.856	0.968	1.0
12	6	53	1.483	0.574	27.533	4.032	0.903	0.968
12	6	50	0.519	0.643	30.812	4.119	0.387	0.516
12	6	47	0.067	0.254	34.0	1.732	0.065	0.097
12	6	44	0.0	0.0	nan	nan	0.0	0.0
12	6	41	0.0	0.0	nan	nan	0.0	0.0
12	6	38	0.0	0.0	nan	nan	0.0	0.0
12	6	35	0.0	0.0	nan	nan	0.0	0.0
12	6	32	0.0	0.0	nan	nan	0.0	0.0
12	6	29	0.0	0.0	nan	nan	0.0	0.0
13	6	77	3.806	0.402	17.71	0.693	1.0	1.0
13	6	74	3.194	0.654	18.355	0.95	1.0	1.0
13	6	71	2.613	0.615	19.194	1.138	1.0	1.0
13	6	68	2.355	0.551	19.935	1.153	1.0	1.0
13	6	65	2.161	0.374	21.0	1.265	1.0	1.0
13	6	62	1.968	0.18	22.935	1.124	1.0	1.0
13	6	59	1.903	0.301	24.484	2.031	1.0	1.0
13	6	56	1.548	0.624	27.897	3.2	0.935	0.935
13	6	53	0.567	0.774	29.308	3.706	0.387	0.419
13	6	50	0.0	0.0	nan	nan	0.0	0.0
13	6	47	0.0	0.0	25.0	0.0	0.0	0.032
13	6	44	0.0	0.0	nan	nan	0.0	0.0
13	6	41	0.0	0.0	nan	nan	0.0	0.0
13	6	38	0.0	0.0	nan	nan	0.0	0.0
13	6	35	0.0	0.0	nan	nan	0.0	0.0
13	6	32	0.0	0.0	nan	nan	0.0	0.0
13	6	29	0.0	0.0	nan	nan	0.0	0.0
14	6	77	4.968	0.18	17.323	0.791	1.0	1.0
14	6	74	4.71	0.529	17.903	0.831	1.0	1.0
14	6	71	4.129	0.763	18.097	0.831	1.0	1.0
14	6	68	3.419	0.564	19.29	1.006	1.0	1.0
14	6	65	3.032	0.18	19.839	0.82	1.0	1.0
14	6	62	3.0	0.258	21.226	1.175	1.0	1.0
14	6	59	3.0	0.258	22.323	1.107	1.0	1.0
14	6	56	2.903	0.301	24.645	2.497	1.0	1.0
14	6	53	2.581	0.502	27.226	3.03	1.0	1.0
14	6	50	2.065	0.574	31.065	3.492	1.0	1.0
14	6	47	1.367	0.669	36.241	4.763	0.903	0.935
14	6	44	0.29	0.529	38.875	4.121	0.258	0.258
14	6	41	0.0	0.0	nan	nan	0.0	0.0
14	6	38	0.0	0.0	nan	nan	0.0	0.0
14	6	35	0.0	0.0	nan	nan	0.0	0.0
14	6	32	0.0	0.0	nan	nan	0.0	0.0
14	6	29	0.0	0.0	nan	nan	0.0	0.0
15	6	77	1.0	0.0	22.065	1.413	1.0	1.0
15	6	74	1.0	0.0	23.29	1.596	1.0	1.0
15	6	71	0.9	0.305	24.607	2.114	0.871	0.903
15	6	68	0.207	0.412	25.875	3.907	0.194	0.258
15	6	65	0.0	0.0	nan	nan	0.0	0.0
15	6	62	0.0	0.0	nan	nan	0.0	0.0
15	6	59	0.0	0.0	nan	nan	0.0	0.0
15	6	56	0.0	0.0	nan	nan	0.0	0.0
15	6	53	0.0	0.0	nan	nan	0.0	0.0
15	6	50	0.0	0.0	nan	nan	0.0	0.0
15	6	47	0.0	0.0	nan	nan	0.0	0.0
15	6	44	0.0	0.0	nan	nan	0.0	0.0
15	6	41	0.0	0.0	nan	nan	0.0	0.0
15	6	38	0.0	0.0	nan	nan	0.0	0.0
15	6	35	0.0	0.0	nan	nan	0.0	0.0
15	6	32	0.0	0.0	nan	nan	0.0	0.0
15	6	29	0.0	0.0	nan	nan	0.0	0.0
16	6	77	5.226	0.497	14.871	0.67	1.0	1.0
16	6	74	5.065	0.25	14.935	0.68	1.0	1.0
16	6	71	4.968	0.18	15.516	0.811	1.0	1.0
16	6	68	4.935	0.25	16.387	0.844	1.0	1.0
16	6	65	4.774	0.497	16.645	0.95	1.0	1.0
16	6	62	4.161	0.583	17.097	1.35	1.0	1.0
16	6	59	3.71	0.588	17.935	1.031	1.0	1.0
16	6	56	3.226	0.497	18.71	1.071	1.0	1.0
16	6	53	2.935	0.442	20.355	1.603	1.0	1.0
16	6	50	2.71	0.461	21.774	1.668	1.0	1.0
16	6	47	2.355	0.486	22.613	1.838	1.0	1.0
16	6	44	2.097	0.301	25.419	2.233	1.0	1.0
16	6	41	1.871	0.428	28.935	4.494	1.0	1.0
16	6	38	1.138	0.693	34.115	4.003	0.774	0.839
16	6	35	0.133	0.434	36.0	5.715	0.097	0.129
16	6	32	0.0	0.0	nan	nan	0.0	0.0
16	6	29	0.0	0.0	nan	nan	0.0	0.0
17	6	77	1.742	0.575	19.29	1.16	1.0	1.0
17	6	74	1.194	0.402	20.839	0.969	1.0	1.0
17	6	71	1.129	0.341	21.968	1.197	1.0	1.0
17	6	68	1.0	0.0	23.839	2.002	1.0	1.0
17	6	65	0.6	0.498	26.368	2.362	0.581	0.613
17	6	62	0.0	0.0	nan	nan	0.0	0.0
17	6	59	0.0	0.0	nan	nan	0.0	0.0
17	6	56	0.0	0.0	nan	nan	0.0	0.0
17	6	53	0.0	0.0	nan	nan	0.0	0.0
17	6	50	0.0	0.0	nan	nan	0.0	0.0
17	6	47	0.0	0.0	nan	nan	0.0	0.0
17	6	44	0.0	0.0	nan	nan	0.0	0.0
17	6	41	0.0	0.0	nan	nan	0.0	0.0
17	6	38	0.0	0.0	nan	nan	0.0	0.0
17	6	35	0.0	0.0	nan	nan	0.0	0.0
17	6	32	0.0	0.0	nan	nan	0.0	0.0
17	6	29	0.0	0.0	nan	nan	0.0	0.0
18	6	77	3.71	0.588	17.613	0.803	1.0	1.0
18	6	74	2.871	0.718	18.226	0.805	1.0	1.0
18	6	71	2.29	0.588	19.097	0.944	1.0	1.0
18	6	68	2.032	0.18	20.0	1.317	1.0	1.0
18	6	65	2.0	0.258	20.774	0.884	1.0	1.0
18	6	62	1.839	0.374	22.452	1.261	1.0	1.0
18	6	59	1.516	0.508	24.903	2.399	1.0	1.0
18	6	56	1.214	0.63	26.821	3.198	0.806	0.903
18	6	53	0.241	0.577	31.143	3.848	0.161	0.226
18	6	50	0.0	0.0	nan	nan	0.0	0.0
18	6	47	0.0	0.0	nan	nan	0.0	0.0
18	6	44	0.0	0.0	nan	nan	0.0	0.0
18	6	41	0.0	0.0	nan	nan	0.0	0.0
18	6	38	0.0	0.0	nan	nan	0.0	0.0
18	6	35	0.0	0.0	nan	nan	0.0	0.0
18	6	32	0.0	0.0	nan	nan	0.0	0.0
18	6	29	0.0	0.0	nan	nan	0.0	0.0
19	6	77	4.0	0.0	17.0	0.577	1.0	1.0
19	6	74	3.871	0.341	17.29	0.824	1.0	1.0
19	6	71	3.774	0.425	17.871	0.718	1.0	1.0
19	6	68	3.161	0.523	18.935	0.629	1.0	1.0
19	6	65	2.613	0.558	19.903	1.106	1.0	1.0
19	6	62	2.129	0.341	21.387	1.202	1.0	1.0
19	6	59	2.032	0.18	23.065	1.209	1.0	1.0
19	6	56	2.032	0.18	24.742	2.294	1.0	1.0
19	6	53	1.833	0.379	30.355	4.119	0.968	1.0
19	6	50	0.821	0.819	34.158	4.682	0.516	0.613
19	6	47	0.0	0.0	39.0	0.0	0.0	0.032
19	6	44	0.0	0.0	nan	nan	0.0	0.0
19	6	41	0.0	0.0	nan	nan	0.0	0.0
19	6	38	0.0	0.0	nan	nan	0.0	0.0
19	6	35	0.0	0.0	nan	nan	0.0	0.0
19	6	32	0.0	0.0	nan	nan	0.0	0.0
19	6	29	0.0	0.0	nan	nan	0.0	0.0
20	6	77	3.903	0.473	17.613	0.667	1.0	1.0
20	6	74	3.387	0.495	18.581	0.807	1.0	1.0
20	6	71	3.161	0.374	19.226	1.175	1.0	1.0
20	6	68	3.032	0.315	20.129	1.118	1.0	1.0
20	6	65	2.677	0.475	21.548	1.207	1.0	1.0
20	6	62	2.258	0.445	22.968	1.303	1.0	1.0
20	6	59	2.0	0.258	24.903	1.777	1.0	1.0
20	6	56	2.0	0.258	28.129	2.766	1.0	1.0
20	6	53	1.645	0.661	30.75	3.111	0.903	0.903
20	6	50	0.63	0.742	35.882	3.407	0.419	0.548
20	6	47	0.0	0.0	nan	nan	0.0	0.0
20	6	44	0.0	0.0	nan	nan	0.0	0.0
20	6	41	0.0	0.0	nan	nan	0.0	0.0
20	6	38	0.0	0.0	nan	nan	0.0	0.0
20	6	35	0.0	0.0	nan	nan	0.0	0.0
20	6	32	0.0	0.0	nan	nan	0.0	0.0
20	6	29	0.0	0.0	nan	nan	0.0	0.0
21	6	77	3.065	0.25	16.677	0.599	1.0	1.0
21	6	74	3.0	0.447	17.29	0.693	1.0	1.0
21	6	71	2.645	0.486	18.032	1.016	1.0	1.0
21	6	68	2.226	0.497	18.774	0.845	1.0	1.0
21	6	65	1.806	0.477	20.161	1.214	1.0	1.0
21	6	62	1.645	0.486	21.258	1.29	1.0	1.0
21	6	59	1.355	0.486	22.774	1.309	1.0	1.0
21	6	56	1.129	0.499	24.69	2.123	0.935	0.935
21	6	53	0.467	0.507	27.067	2.658	0.452	0.484
21	6	50	0.032	0.18	33.0	0.0	0.032	0.032
21	6	47	0.0	0.0	nan	nan	0.0	0.0
21	6	44	0.0	0.0	nan	nan	0.0	0.0
21	6	41	0.0	0.0	nan	nan	0.0	0.0
21	6	38	0.0	0.0	nan	nan	0.0	0.0
21	6	35	0.0	0.0	nan	nan	0.0	0.0
21	6	32	0.0	0.0	nan	nan	0.0	0.0
21	6	29	0.0	0.0	nan	nan	0.0	0.0
22	6	77	2.581	0.502	18.097	0.79	1.0	1.0
22	6	74	2.194	0.402	18.871	1.024	1.0	1.0
22	6	71	2.065	0.25	19.645	0.798	1.0	1.0
22	6	68	1.839	0.374	20.806	1.327	1.0	1.0
22	6	65	1.323	0.475	22.613	1.283	1.0	1.0
22	6	62	1.29	0.461	23.71	1.792	1.0	1.0
22	6	59	1.034	0.421	26.655	3.298	0.871	0.935
22	6	56	0.2	0.407	30.714	3.684	0.194	0.226
22	6	53	0.0	0.0	nan	nan	0.0	0.0
22	6	50	0.0	0.0	nan	nan	0.0	0.0
22	6	47	0.0	0.0	nan	nan	0.0	0.0
22	6	44	0.0	0.0	nan	nan	0.0	0.0
22	6	41	0.0	0.0	nan	nan	0.0	0.0
22	6	38	0.0	0.0	nan	nan	0.0	0.0
22	6	35	0.0	0.0	nan	nan	0.0	0.0
22	6	32	0.0	0.0	nan	nan	0.0	0.0
22	6	29	0.0	0.0	nan	nan	0.0	0.0
23	6	77	3.806	0.402	16.71	0.824	1.0	1.0
23	6	74	3.484	0.57	17.581	0.765	1.0	1.0
23	6	71	3.032	0.706	18.129	0.562	1.0	1.0
23	6	68	2.161	0.374	19.226	0.99	1.0	1.0
23	6	65	2.065	0.359	19.742	0.773	1.0	1.0
23	6	62	1.935	0.25	21.677	1.376	1.0	1.0
23	6	59	1.613	0.558	23.333	1.446	0.968	0.968
23	6	56	1.29	0.588	25.138	1.575	0.935	0.935
23	6	53	0.419	0.502	27.385	3.28	0.419	0.419
23	6	50	0.032	0.18	25.0	0.0	0.032	0.032
23	6	47	0.0	0.0	nan	nan	0.0	0.0
23	6	44	0.0	0.0	nan	nan	0.0	0.0
23	6	41	0.0	0.0	nan	nan	0.0	0.0
23	6	38	0.0	0.0	nan	nan	0.0	0.0
23	6	35	0.0	0.0	nan	nan	0.0	0.0
23	6	32	0.0	0.0	nan	nan	0.0	0.0
23	6	29	0.0	0.0	nan	nan	0.0	0.0
24	6	77	4.645	0.486	16.129	0.562	1.0	1.0
24	6	74	4.258	0.445	16.71	0.643	1.0	1.0
24	6	71	3.935	0.442	17.581	0.672	1.0	1.0
24	6	68	3.516	0.508	18.258	1.29	1.0	1.0
24	6	65	3.161	0.374	18.806	0.703	1.0	1.0
24	6	62	2.968	0.18	20.419	1.148	1.0	1.0
24	6	59	2.742	0.445	21.839	1.214	1.0	1.0
24	6	56	2.484	0.508	23.548	1.71	1.0	1.0
24	6	53	2.0	0.258	26.161	2.396	1.0	1.0
24	6	50	1.774	0.425	30.839	4.398	1.0	1.0
24	6	47	0.5	0.682	37.462	4.841	0.387	0.419
24	6	44	0.0	0.0	nan	nan	0.0	0.0
24	6	41	0.0	0.0	nan	nan	0.0	0.0
24	6	38	0.0	0.0	nan	nan	0.0	0.0
24	6	35	0.0	0.0	nan	nan	0.0	0.0
24	6	32	0.0	0.0	nan	nan	0.0	0.0
24	6	29	0.0	0.0	nan	nan	0.0	0.0
25	6	77	4.742	0.445	15.548	0.506	1.0	1.0
25	6	74	4.419	0.502	15.935	0.629	1.0	1.0
25	6	71	4.129	0.341	16.387	0.761	1.0	1.0
25	6	68	4.0	0.0	17.065	0.512	1.0	1.0
25	6	65	3.71	0.461	17.968	0.795	1.0	1.0
25	6	62	3.258	0.514	18.677	0.748	1.0	1.0
25	6	59	2.839	0.454	19.903	1.832	1.0	1.0
25	6	56	2.323	0.475	21.839	1.635	1.0	1.0
25	6	53	2.29	0.461	23.226	1.687	1.0	1.0
25	6	50	2.032	0.18	25.774	2.261	1.0	1.0
25	6	47	1.742	0.514	30.9	4.122	0.968	0.968
25	6	44	0.483	0.688	37.462	4.427	0.355	0.419
25	6	41	0.0	0.0	nan	nan	0.0	0.0
25	6	38	0.0	0.0	nan	nan	0.0	0.0
25	6	35	0.0	0.0	nan	nan	0.0	0.0
25	6	32	0.0	0.0	nan	nan	0.0	0.0
25	6	29	0.0	0.0	nan	nan	0.0	0.0
26	6	77	3.0	0.447	17.258	0.773	1.0	1.0
26	6	74	2.677	0.599	17.935	0.929	1.0	1.0
26	6	71	2.484	0.508	18.677	0.909	1.0	1.0
26	6	68	2.032	0.315	19.677	1.107	1.0	1.0
26	6	65	1.903	0.396	20.613	1.542	1.0	1.0
26	6	62	1.581	0.502	22.387	1.476	1.0	1.0
26	6	59	1.129	0.428	24.567	1.755	0.968	0.968
26	6	56	0.645	0.551	27.053	2.368	0.613	0.613
26	6	53	0.067	0.254	29.333	5.132	0.065	0.097
26	6	50	0.0	0.0	nan	nan	0.0	0.0
26	6	47	0.0	0.0	nan	nan	0.0	0.0
26	6	44	0.0	0.0	nan	nan	0.0	0.0
26	6	41	0.0	0.0	nan	nan	0.0	0.0
26	6	38	0.0	0.0	nan	nan	0.0	0.0
26	6	35	0.0	0.0	nan	nan	0.0	0.0
26	6	32	0.0	0.0	nan	nan	0.0	0.0
26	6	29	0.0	0.0	nan	nan	0.0	0.0
27	6	77	2.935	0.629	18.645	0.839	1.0	1.0
27	6	74	2.419	0.564	19.71	1.006	1.0	1.0
27	6	71	2.097	0.301	20.452	1.091	1.0	1.0
27	6	68	2.032	0.18	21.677	1.351	1.0	1.0
27	6	65	2.0	0.0	23.774	1.668	1.0	1.0
27	6	62	1.903	0.301	27.387	4.588	1.0	1.0
27	6	59	1.7	0.535	30.433	4.569	0.935	0.968
27	6	56	0.44	0.768	33.769	4.693	0.226	0.419
27	6	53	0.0	0.0	nan	nan	0.0	0.0
27	6	50	0.0	0.0	nan	nan	0.0	0.0
27	6	47	0.0	0.0	nan	nan	0.0	0.0
27	6	44	0.0	0.0	nan	nan	0.0	0.0
27	6	41	0.0	0.0	nan	nan	0.0	0.0
27	6	38	0.0	0.0	nan	nan	0.0	0.0
27	6	35	0.0	0.0	nan	nan	0.0	0.0
27	6	32	0.0	0.0	nan	nan	0.0	0.0
27	6	29	0.0	0.0	nan	nan	0.0	0.0
28	6	77	3.839	0.374	17.452	0.723	1.0	1.0
28	6	74	3.0	0.775	18.194	0.749	1.0	1.0
28	6	71	2.323	0.475	18.806	0.873	1.0	1.0
28	6	68	2.065	0.25	19.968	0.795	1.0	1.0
28	6	65	2.0	0.0	20.645	1.17	1.0	1.0
28	6	62	2.0	0.0	22.29	1.16	1.0	1.0
28	6	59	1.903	0.301	23.871	1.258	1.0	1.0
28	6	56	1.833	0.379	26.903	2.329	0.968	1.0
28	6	53	1.269	0.667	30.571	3.872	0.742	0.903
28	6	50	0.207	0.491	33.571	4.117	0.161	0.226
28	6	47	0.0	0.0	nan	nan	0.0	0.0
28	6	44	0.0	0.0	nan	nan	0.0	0.0
28	6	41	0.0	0.0	nan	nan	0.0	0.0
28	6	38	0.0	0.0	nan	nan	0.0	0.0
28	6	35	0.0	0.0	nan	nan	0.0	0.0
28	6	32	0.0	0.0	nan	nan	0.0	0.0
28	6	29	0.0	0.0	nan	nan	0.0	0.0
29	6	77	4.355	0.486	14.839	0.638	1.0	1.0
29	6	74	4.097	0.301	15.258	0.631	1.0	1.0
29	6	71	4.0	0.0	15.613	0.615	1.0	1.0
29	6	68	3.968	0.18	16.452	0.568	1.0	1.0
29	6	65	3.742	0.514	17.161	0.735	1.0	1.0
29	6	62	3.0	0.632	17.935	0.929	1.0	1.0
29	6	59	2.548	0.675	18.581	1.119	1.0	1.0
29	6	56	2.226	0.425	19.581	1.148	1.0	1.0
29	6	53	1.935	0.359	21.194	1.579	1.0	1.0
29	6	50	1.806	0.402	23.129	2.078	1.0	1.0
29	6	47	1.29	0.739	26.346	2.785	0.839	0.839
29	6	44	0.767	0.817	28.118	3.672	0.516	0.548
29	6	41	0.0	0.0	nan	nan	0.0	0.0
29	6	38	0.032	0.18	31.0	0.0	0.032	0.032
29	6	35	0.0	0.0	nan	nan	0.0	0.0
29	6	32	0.0	0.0	nan	nan	0.0	0.0
29	6	29	0.0	0.0	nan	nan	0.0	0.0
30	6	77	3.968	0.18	16.839	0.969	1.0	1.0
30	6	74	3.677	0.475	17.258	0.855	1.0	1.0
30	6	71	3.097	0.7	17.903	0.87	1.0	1.0
30	6	68	2.484	0.626	19.258	1.57	1.0	1.0
30	6	65	2.032	0.315	19.774	1.146	1.0	1.0
30	6	62	2.0	0.0	21.613	1.745	1.0	1.0
30	6	59	2.0	0.0	22.323	1.62	1.0	1.0
30	6	56	1.935	0.25	24.645	1.836	1.0	1.0
30	6	53	1.667	0.606	28.207	3.234	0.903	0.935
30	6	50	0.5	0.722	33.375	5.512	0.29	0.516
30	6	47	0.258	0.575	34.5	1.049	0.194	0.194
30	6	44	0.0	0.0	nan	nan	0.0	0.0
30	6	41	0.0	0.0	nan	nan	0.0	0.0
30	6	38	0.0	0.0	nan	nan	0.0	0.0
30	6	35	0.0	0.0	nan	nan	0.0	0.0
30	6	32	0.0	0.0	nan	nan	0.0	0.0
30	6	29	0.0	0.0	nan	nan	0.0	0.0
31	6	77	3.935	0.359	17.097	0.908	1.0	1.0
31	6	74	3.774	0.425	17.903	0.87	1.0	1.0
31	6	71	3.258	0.514	19.0	0.931	1.0	1.0
31	6	68	2.968	0.18	19.806	0.792	1.0	1.0
31	6	65	2.742	0.445	21.097	1.136	1.0	1.0
31	6	62	2.323	0.475	22.516	1.029	1.0	1.0
31	6	59	2.032	0.18	24.258	1.843	1.0	1.0
31	6	56	1.968	0.18	26.935	2.632	1.0	1.0
31	6	53	1.483	0.738	32.778	5.951	0.806	0.871
31	6	50	0.276	0.591	36.375	6.368	0.194	0.258
31	6	47	0.0	0.0	nan	nan	0.0	0.0
31	6	44	0.0	0.0	nan	nan	0.0	0.0
31	6	41	0.0	0.0	nan	nan	0.0	0.0
31	6	38	0.0	0.0	nan	nan	0.0	0.0
31	6	35	0.0	0.0	nan	nan	0.0	0.0
31	6	32	0.0	0.0	nan	nan	0.0	0.0
31	6	29	0.0	0.0	nan	nan	0.0	0.0
0	7	77	1.935	0.25	20.323	0.979	1.0	1.0
0	7	74	1.774	0.425	21.903	1.221	1.0	1.0
0	7	71	1.484	0.508	23.032	1.169	1.0	1.0
0	7	68	1.097	0.396	25.2	1.99	0.968	0.968
0	7	65	0.839	0.374	27.654	2.576	0.839	0.839
0	7	62	0.226	0.425	27.714	1.496	0.226	0.226
0	7	59	0.0	0.0	nan	nan	0.0	0.0
0	7	56	0.0	0.0	nan	nan	0.0	0.0
0	7	53	0.0	0.0	nan	nan	0.0	0.0
0	7	50	0.0	0.0	nan	nan	0.0	0.0
0	7	47	0.0	0.0	nan	nan	0.0	0.0
0	7	44	0.0	0.0	nan	nan	0.0	0.0
0	7	41	0.0	0.0	nan	nan	0.0	0.0
0	7	38	0.0	0.0	nan	nan	0.0	0.0
0	7	35	0.0	0.0	nan	nan	0.0	0.0
0	7	32	0.0	0.0	nan	nan	0.0	0.0
0	7	29	0.0	0.0	nan	nan	0.0	0.0
1	7	77	4.323	0.702	17.581	0.72	1.0	1.0
1	7	74	3.774	0.669	17.871	0.885	1.0	1.0
1	7	71	3.387	0.495	18.613	0.882	1.0	1.0
1	7	68	3.065	0.25	19.677	0.909	1.0	1.0
1	7	65	2.968	0.18	20.903	1.044	1.0	1.0
1	7	62	2.935	0.25	21.71	1.071	1.0	1.0
1	7	59	2.387	0.495	23.903	1.446	1.0	1.0
1	7	56	2.097	0.301	25.903	2.7	1.0	1.0
1	7	53	1.933	0.365	27.935	3.454	0.968	1.0
1	7	50	1.4	0.621	32.552	3.823	0.903	0.935
1	7	47	0.069	0.371	34.333	2.517	0.032	0.097
1	7	44	0.032	0.18	40.0	0.0	0.032	0.032
1	7	41	0.0	0.0	nan	nan	0.0	0.0
1	7	38	0.0	0.0	nan	nan	0.0	0.0
1	7	35	0.0	0.0	nan	nan	0.0	0.0
1	7	32	0.0	0.0	nan	nan	0.0	0.0
1	7	29	0.0	0.0	nan	nan	0.0	0.0
2	7	77	1.065	0.25	19.871	1.088	1.0	1.0
2	7	74	1.032	0.18	21.613	1.783	1.0	1.0
2	7	71	1.0	0.0	22.806	2.167	1.0	1.0
2	7	68	0.967	0.32	25.103	3.589	0.903	0.935
2	7	65	0.323	0.475	25.8	1.398	0.323	0.323
2	7	62	0.0	0.0	nan	nan	0.0	0.0
2	7	59	0.0	0.0	nan	nan	0.0	0.0
2	7	56	0.0	0.0	nan	nan	0.0	0.0
2	7	53	0.0	0.0	nan	nan	0.0	0.0
2	7	50	0.0	0.0	nan	nan	0.0	0.0
2	7	47	0.0	0.0	nan	nan	0.0	0.0
2	7	44	0.0	0.0	nan	nan	0.0	0.0
2	7	41	0.0	0.0	nan	nan	0.0	0.0
2	7	38	0.0	0.0	nan	nan	0.0	0.0
2	7	35	0.0	0.0	nan	nan	0.0	0.0
2	7	32	0.0	0.0	nan	nan	0.0	0.0
2	7	29	0.0	0.0	nan	nan	0.0	0.0
3	7	77	2.29	0.461	18.774	0.762	1.0	1.0
3	7	74	1.968	0.18	19.935	0.892	1.0	1.0
3	7	71	1.548	0.506	21.258	1.437	1.0	1.0
3	7	68	1.29	0.461	22.677	1.851	1.0	1.0
3	7	65	1.032	0.18	25.355	1.992	1.0	1.0
3	7	62	0.742	0.445	28.609	2.84	0.742	0.742
3	7	59	0.065	0.25	32.0	0.0	0.065	0.065
3	7	56	0.0	0.0	nan	nan	0.0	0.0
3	7	53	0.0	0.0	nan	nan	0.0	0.0
3	7	50	0.0	0.0	nan	nan	0.0	0.0
3	7	47	0.0	0.0	nan	nan	0.0	0.0
3	7	44	0.0	0.0	nan	nan	0.0	0.0
3	7	41	0.0	0.0	nan	nan	0.0	0.0
3	7	38	0.0	0.0	nan	nan	0.0	0.0
3	7	35	0.0	0.0	nan	nan	0.0	0.0
3	7	32	0.0	0.0	nan	nan	0.0	0.0
3	7	29	0.0	0.0	nan	nan	0.0	0.0
4	7	77	2.323	0.599	18.742	0.815	1.0	1.0
4	7	74	2.032	0.18	19.548	1.121	1.0	1.0
4	7	71	1.968	0.18	21.097	1.136	1.0	1.0
4	7	68	1.903	0.301	21.71	1.346	1.0	1.0
4	7	65	1.806	0.402	23.839	2.505	1.0	1.0
4	7	62	1.387	0.558	25.467	1.655	0.968	0.968
4	7	59	0.931	0.53	28.692	3.32	0.774	0.839
4	7	56	0.207	0.412	32.5	3.891	0.194	0.258
4	7	53	0.0	0.0	nan	nan	0.0	0.0
4	7	50	0.0	0.0	nan	nan	0.0	0.0
4	7	47	0.0	0.0	nan	nan	0.0	0.0
4	7	44	0.0	0.0	nan	nan	0.0	0.0
4	7	41	0.0	0.0	nan	nan	0.0	0.0
4	7	38	0.0	0.0	nan	nan	0.0	0.0
4	7	35	0.0	0.0	nan	nan	0.0	0.0
4	7	32	0.0	0.0	nan	nan	0.0	0.0
4	7	29	0.0	0.0	nan	nan	0.0	0.0
5	7	77	1.968	0.18	20.355	0.95	1.0	1.0
5	7	74	1.806	0.402	21.677	1.351	1.0	1.0
5	7	71	1.613	0.495	22.903	1.578	1.0	1.0
5	7	68	1.194	0.601	24.714	1.41	0.903	0.903
5	7	65	0.667	0.479	27.238	3.097	0.645	0.677
5	7	62	0.107	0.315	31.667	4.274	0.097	0.194
5	7	59	0.0	0.0	35.0	0.0	0.0	0.032
5	7	56	0.0	0.0	nan	nan	0.0	0.0
5	7	53	0.0	0.0	nan	nan	0.0	0.0
5	7	50	0.0	0.0	nan	nan	0.0	0.0
5	7	47	0.0	0.0	nan	nan	0.0	0.0
5	7	44	0.0	0.0	nan	nan	0.0	0.0
5	7	41	0.0	0.0	nan	nan	0.0	0.0
5	7	38	0.0	0.0	nan	nan	0.0	0.0
5	7	35	0.0	0.0	nan	nan	0.0	0.0
5	7	32	0.0	0.0	nan	nan	0.0	0.0
5	7	29	0.0	0.0	nan	nan	0.0	0.0
6	7	77	3.806	0.402	17.903	0.79	1.0	1.0
6	7	74	3.484	0.57	18.258	0.631	1.0	1.0
6	7	71	3.161	0.523	18.774	0.99	1.0	1.0
6	7	68	2.935	0.442	19.677	1.166	1.0	1.0
6	7	65	2.419	0.502	21.258	1.094	1.0	1.0
6	7	62	2.226	0.425	22.677	1.423	1.0	1.0
6	7	59	2.032	0.18	24.774	1.687	1.0	1.0
6	7	56	1.968	0.18	28.097	3.37	1.0	1.0
6	7	53	1.567	0.626	32.034	4.145	0.903	0.935
6	7	50	0.862	0.915	33.882	3.967	0.484	0.548
6	7	47	0.032	0.18	39.0	0.0	0.032	0.032
6	7	44	0.0	0.0	nan	nan	0.0	0.0
6	7	41	0.0	0.0	nan	nan	0.0	0.0
6	7	38	0.0	0.0	nan	nan	0.0	0.0
6	7	35	0.0	0.0	nan	nan	0.0	0.0
6	7	32	0.0	0.0	nan	nan	0.0	0.0
6	7	29	0.0	0.0	nan	nan	0.0	0.0
7	7	77	2.581	0.765	19.032	1.643	1.0	1.0
7	7	74	2.032	0.18	19.839	1.036	1.0	1.0
7	7	71	2.065	0.25	20.323	1.351	1.0	1.0
7	7	68	2.0	0.0	22.419	1.669	1.0	1.0
7	7	65	1.903	0.301	23.29	1.51	1.0	1.0
7	7	62	1.433	0.504	27.387	3.685	0.968	1.0
7	7	59	1.034	0.566	28.556	2.86	0.806	0.871
7	7	56	0.103	0.31	32.4	5.505	0.097	0.161
7	7	53	0.0	0.0	nan	nan	0.0	0.0
7	7	50	0.0	0.0	nan	nan	0.0	0.0
7	7	47	0.0	0.0	nan	nan	0.0	0.0
7	7	44	0.0	0.0	nan	nan	0.0	0.0
7	7	41	0.0	0.0	nan	nan	0.0	0.0
7	7	38	0.0	0.0	nan	nan	0.0	0.0
7	7	35	0.0	0.0	nan	nan	0.0	0.0
7	7	32	0.0	0.0	nan	nan	0.0	0.0
7	7	29	0.0	0.0	nan	nan	0.0	0.0
8	7	77	4.226	0.425	15.258	0.729	1.0	1.0
8	7	74	4.032	0.18	15.581	0.502	1.0	1.0
8	7	71	4.0	0.0	15.839	1.036	1.0	1.0
8	7	68	3.935	0.25	16.742	0.682	1.0	1.0
8	7	65	3.516	0.57	17.355	0.95	1.0	1.0
8	7	62	2.806	0.703	18.161	0.86	1.0	1.0
8	7	59	2.29	0.529	19.742	1.237	1.0	1.0
8	7	56	2.032	0.18	21.097	1.076	1.0	1.0
8	7	53	2.065	0.25	22.355	2.288	1.0	1.0
8	7	50	1.933	0.365	25.839	3.153	0.968	1.0
8	7	47	1.323	0.748	28.038	3.8	0.839	0.839
8	7	44	0.25	0.585	34.875	5.617	0.161	0.258
8	7	41	0.0	0.0	nan	nan	0.0	0.0
8	7	38	0.0	0.0	nan	nan	0.0	0.0
8	7	35	0.0	0.0	nan	nan	0.0	0.0
8	7	32	0.0	0.0	nan	nan	0.0	0.0
8	7	29	0.0	0.0	nan	nan	0.0	0.0
9	7	77	3.806	0.402	17.065	0.854	1.0	1.0
9	7	74	3.581	0.62	17.484	0.724	1.0	1.0
9	7	71	2.968	0.875	18.452	0.85	1.0	1.0
9	7	68	2.452	0.624	19.065	1.315	1.0	1.0
9	7	65	2.0	0.0	20.645	1.142	1.0	1.0
9	7	62	1.968	0.18	22.129	1.607	1.0	1.0
9	7	59	2.0	0.258	23.774	2.305	1.0	1.0
9	7	56	1.6	0.563	27.067	3.118	0.935	0.968
9	7	53	0.889	0.847	31.2	3.607	0.516	0.645
9	7	50	0.129	0.428	28.667	6.807	0.097	0.097
9	7	47	0.0	0.0	nan	nan	0.0	0.0
9	7	44	0.0	0.0	nan	nan	0.0	0.0
9	7	41	0.0	0.0	nan	nan	0.0	0.0
9	7	38	0.0	0.0	nan	nan	0.0	0.0
9	7	35	0.0	0.0	nan	nan	0.0	0.0
9	7	32	0.0	0.0	nan	nan	0.0	0.0
9	7	29	0.0	0.0	nan	nan	0.0	0.0
10	7	77	1.935	0.512	18.968	0.836	1.0	1.0
10	7	74	1.839	0.523	19.774	1.359	1.0	1.0
10	7	71	1.226	0.425	21.484	1.749	1.0	1.0
10	7	68	1.129	0.341	23.0	1.77	1.0	1.0
10	7	65	0.968	0.18	25.067	2.532	0.968	0.968
10	7	62	0.433	0.504	25.571	3.056	0.419	0.452
10	7	59	0.033	0.183	32.0	4.243	0.032	0.065
10	7	56	0.0	0.0	nan	nan	0.0	0.0
10	7	53	0.0	0.0	nan	nan	0.0	0.0
10	7	50	0.0	0.0	nan	nan	0.0	0.0
10	7	47	0.0	0.0	nan	nan	0.0	0.0
10	7	44	0.0	0.0	nan	nan	0.0	0.0
10	7	41	0.0	0.0	nan	nan	0.0	0.0
10	7	38	0.0	0.0	nan	nan	0.0	0.0
10	7	35	0.0	0.0	nan	nan	0.0	0.0
10	7	32	0.0	0.0	nan	nan	0.0	0.0
10	7	29	0.0	0.0	nan	nan	0.0	0.0
11	7	77	3.161	0.454	16.677	1.194	1.0	1.0
11	7	74	3.0	0.258	17.0	0.775	1.0	1.0
11	7	71	2.677	0.475	17.871	0.763	1.0	1.0
11	7	68	2.387	0.495	18.677	1.077	1.0	1.0
11	7	65	2.097	0.301	19.742	0.999	1.0	1.0
11	7	62	1.903	0.301	21.581	1.649	1.0	1.0
11	7	59	1.71	0.529	22.968	2.073	1.0	1.0
11	7	56	1.367	0.556	25.067	2.924	0.935	0.968
11	7	53	0.828	0.468	29.04	3.36	0.742	0.806
11	7	50	0.032	0.18	30.0	0.0	0.032	0.032
11	7	47	0.0	0.0	nan	nan	0.0	0.0
11	7	44	0.0	0.0	nan	nan	0.0	0.0
11	7	41	0.0	0.0	nan	nan	0.0	0.0
11	7	38	0.0	0.0	nan	nan	0.0	0.0
11	7	35	0.0	0.0	nan	nan	0.0	0.0
11	7	32	0.0	0.0	nan	nan	0.0	0.0
11	7	29	0.0	0.0	nan	nan	0.0	0.0
12	7	77	2.645	0.486	20.645	1.743	1.0	1.0
12	7	74	2.452	0.506	21.355	1.226	1.0	1.0
12	7	71	2.129	0.341	22.677	1.249	1.0	1.0
12	7	68	2.0	0.0	24.419	1.361	1.0	1.0
12	7	65	2.0	0.0	27.129	2.262	1.0	1.0
12	7	62	1.724	0.591	30.793	2.61	0.871	0.935
12	7	59	1.12	0.781	34.04	4.495	0.613	0.806
12	7	56	0.16	0.473	38.111	2.713	0.097	0.29
12	7	53	0.0	0.0	nan	nan	0.0	0.0
12	7	50	0.0	0.0	nan	nan	0.0	0.0
12	7	47	0.0	0.0	nan	nan	0.0	0.0
12	7	44	0.0	0.0	nan	nan	0.0	0.0
12	7	41	0.0	0.0	nan	nan	0.0	0.0
12	7	38	0.0	0.0	nan	nan	0.0	0.0
12	7	35	0.0	0.0	nan	nan	0.0	0.0
12	7	32	0.0	0.0	nan	nan	0.0	0.0
12	7	29	0.0	0.0	nan	nan	0.0	0.0
13	7	77	2.0	0.258	20.194	2.738	1.0	1.0
13	7	74	1.871	0.341	21.29	2.036	1.0	1.0
13	7	71	1.355	0.486	22.258	1.807	1.0	1.0
13	7	68	1.129	0.341	23.839	1.791	1.0	1.0
13	7	65	0.714	0.46	26.783	2.938	0.645	0.742
13	7	62	0.194	0.402	25.667	2.338	0.194	0.194
13	7	59	0.0	0.0	nan	nan	0.0	0.0
13	7	56	0.0	0.0	nan	nan	0.0	0.0
13	7	53	0.0	0.0	nan	nan	0.0	0.0
13	7	50	0.0	0.0	nan	nan	0.0	0.0
13	7	47	0.0	0.0	nan	nan	0.0	0.0
13	7	44	0.0	0.0	nan	nan	0.0	0.0
13	7	41	0.0	0.0	nan	nan	0.0	0.0
13	7	38	0.0	0.0	nan	nan	0.0	0.0
13	7	35	0.0	0.0	nan	nan	0.0	0.0
13	7	32	0.0	0.0	nan	nan	0.0	0.0
13	7	29	0.0	0.0	nan	nan	0.0	0.0
14	7	77	3.774	0.497	17.548	0.85	1.0	1.0
14	7	74	2.903	0.597	18.516	0.996	1.0	1.0
14	7	71	2.548	0.723	19.516	1.61	1.0	1.0
14	7	68	2.258	0.514	20.29	1.071	1.0	1.0
14	7	65	2.0	0.0	21.742	1.365	1.0	1.0
14	7	62	1.968	0.18	23.613	1.542	1.0	1.0
14	7	59	1.935	0.359	25.1	2.203	0.968	0.968
14	7	56	1.64	0.757	30.643	5.201	0.71	0.903
14	7	53	0.483	0.738	34.333	3.114	0.323	0.387
14	7	50	0.067	0.365	35.0	7.071	0.032	0.065
14	7	47	0.0	0.0	nan	nan	0.0	0.0
14	7	44	0.0	0.0	nan	nan	0.0	0.0
14	7	41	0.0	0.0	nan	nan	0.0	0.0
14	7	38	0.0	0.0	nan	nan	0.0	0.0
14	7	35	0.0	0.0	nan	nan	0.0	0.0
14	7	32	0.0	0.0	nan	nan	0.0	0.0
14	7	29	0.0	0.0	nan	nan	0.0	0.0
15	7	77	4.032	0.18	15.387	0.715	1.0	1.0
15	7	74	4.0	0.258	15.677	0.653	1.0	1.0
15	7	71	3.871	0.341	16.258	0.575	1.0	1.0
15	7	68	3.645	0.486	16.742	0.893	1.0	1.0
15	7	65	3.419	0.62	17.871	1.335	1.0	1.0
15	7	62	2.806	0.703	18.323	0.979	1.0	1.0
15	7	59	2.419	0.72	18.839	1.416	1.0	1.0
15	7	56	2.097	0.473	20.129	1.432	1.0	1.0
15	7	53	1.871	0.428	21.903	1.739	1.0	1.0
15	7	50	1.806	0.402	22.968	2.041	1.0	1.0
15	7	47	1.333	0.711	25.333	3.981	0.839	0.871
15	7	44	0.433	0.728	28.7	3.622	0.29	0.323
15	7	41	0.0	0.0	nan	nan	0.0	0.0
15	7	38	0.0	0.0	nan	nan	0.0	0.0
15	7	35	0.0	0.0	nan	nan	0.0	0.0
15	7	32	0.0	0.0	nan	nan	0.0	0.0
15	7	29	0.0	0.0	nan	nan	0.0	0.0
16	7	77	4.452	0.624	17.129	0.806	1.0	1.0
16	7	74	3.871	0.562	18.032	1.251	1.0	1.0
16	7	71	3.419	0.564	18.71	0.973	1.0	1.0
16	7	68	3.0	0.365	19.71	0.824	1.0	1.0
16	7	65	2.839	0.374	20.516	0.996	1.0	1.0
16	7	62	2.548	0.568	21.903	1.814	1.0	1.0
16	7	59	2.29	0.461	23.161	1.485	1.0	1.0
16	7	56	2.0	0.258	24.677	1.6	1.0	1.0
16	7	53	1.9	0.305	29.161	3.751	0.968	1.0
16	7	50	1.0	0.92	32.8	4.916	0.516	0.645
16	7	47	0.379	0.622	35.273	5.497	0.29	0.355
16	7	44	0.0	0.0	nan	nan	0.0	0.0
16	7	41	0.0	0.0	nan	nan	0.0	0.0
16	7	38	0.0	0.0	nan	nan	0.0	0.0
16	7	35	0.0	0.0	nan	nan	0.0	0.0
16	7	32	0.0	0.0	nan	nan	0.0	0.0
16	7	29	0.0	0.0	nan	nan	0.0	0.0
17	7	77	3.903	0.396	17.0	0.577	1.0	1.0
17	7	74	3.613	0.715	17.774	0.669	1.0	1.0
17	7	71	2.871	0.763	18.355	0.709	1.0	1.0
17	7	68	2.194	0.402	19.29	0.938	1.0	1.0
17	7	65	2.032	0.18	20.742	1.29	1.0	1.0
17	7	62	2.0	0.0	22.355	1.018	1.0	1.0
17	7	59	2.0	0.0	24.968	4.309	0.968	1.0
17	7	56	1.548	0.768	28.769	3.374	0.839	0.839
17	7	53	0.63	0.839	33.733	4.148	0.355	0.484
17	7	50	0.0	0.0	nan	nan	0.0	0.0
17	7	47	0.0	0.0	nan	nan	0.0	0.0
17	7	44	0.0	0.0	nan	nan	0.0	0.0
17	7	41	0.0	0.0	nan	nan	0.0	0.0
17	7	38	0.0	0.0	nan	nan	0.0	0.0
17	7	35	0.0	0.0	nan	nan	0.0	0.0
17	7	32	0.0	0.0	nan	nan	0.0	0.0
17	7	29	0.0	0.0	nan	nan	0.0	0.0
18	7	77	1.645	0.551	19.355	0.755	1.0	1.0
18	7	74	1.516	0.508	20.355	1.743	1.0	1.0
18	7	71	1.161	0.374	21.323	1.4	1.0	1.0
18	7	68	1.0	0.0	23.419	1.928	1.0	1.0
18	7	65	0.9	0.305	25.179	1.588	0.871	0.903
18	7	62	0.267	0.45	26.667	4.183	0.258	0.29
18	7	59	0.065	0.25	27.0	1.414	0.065	0.065
18	7	56	0.0	0.0	nan	nan	0.0	0.0
18	7	53	0.0	0.0	nan	nan	0.0	0.0
18	7	50	0.0	0.0	nan	nan	0.0	0.0
18	7	47	0.0	0.0	nan	nan	0.0	0.0
18	7	44	0.0	0.0	nan	nan	0.0	0.0
18	7	41	0.0	0.0	nan	nan	0.0	0.0
18	7	38	0.0	0.0	nan	nan	0.0	0.0
18	7	35	0.0	0.0	nan	nan	0.0	0.0
18	7	32	0.0	0.0	nan	nan	0.0	0.0
18	7	29	0.0	0.0	nan	nan	0.0	0.0
19	7	77	3.161	0.583	17.71	0.783	1.0	1.0
19	7	74	2.677	0.599	18.226	0.805	1.0	1.0
19	7	71	2.129	0.341	18.871	0.619	1.0	1.0
19	7	68	2.0	0.0	19.645	0.985	1.0	1.0
19	7	65	1.935	0.25	21.129	1.31	1.0	1.0
19	7	62	1.742	0.445	22.548	0.995	1.0	1.0
19	7	59	1.452	0.568	24.633	1.79	0.968	0.968
19	7	56	0.903	0.539	26.8	2.236	0.806	0.806
19	7	53	0.407	0.572	31.786	3.847	0.323	0.452
19	7	50	0.065	0.25	26.0	1.414	0.065	0.065
19	7	47	0.0	0.0	nan	nan	0.0	0.0
19	7	44	0.0	0.0	nan	nan	0.0	0.0
19	7	41	0.0	0.0	nan	nan	0.0	0.0
19	7	38	0.0	0.0	nan	nan	0.0	0.0
19	7	35	0.0	0.0	nan	nan	0.0	0.0
19	7	32	0.0	0.0	nan	nan	0.0	0.0
19	7	29	0.0	0.0	nan	nan	0.0	0.0
20	7	77	3.387	0.495	16.548	0.888	1.0	1.0
20	7	74	3.161	0.583	17.323	0.832	1.0	1.0
20	7	71	2.774	0.425	17.839	0.779	1.0	1.0
20	7	68	2.355	0.551	18.645	1.279	1.0	1.0
20	7	65	1.968	0.315	19.935	1.237	1.0	1.0
20	7	62	1.935	0.25	20.71	1.039	1.0	1.0
20	7	59	1.452	0.568	22.8	1.562	0.968	0.968
20	7	56	1.161	0.454	24.767	2.487	0.968	0.968
20	7	53	0.6	0.498	27.947	2.46	0.581	0.613
20	7	50	0.097	0.301	27.333	0.577	0.097	0.097
20	7	47	0.032	0.18	21.0	0.0	0.032	0.032
20	7	44	0.0	0.0	nan	nan	0.0	0.0
20	7	41	0.0	0.0	nan	nan	0.0	0.0
20	7	38	0.0	0.0	nan	nan	0.0	0.0
20	7	35	0.0	0.0	nan	nan	0.0	0.0
20	7	32	0.0	0.0	nan	nan	0.0	0.0
20	7	29	0.0	0.0	nan	nan	0.0	0.0
21	7	77	1.839	0.523	19.387	0.844	1.0	1.0
21	7	74	1.194	0.402	20.484	0.926	1.0	1.0
21	7	71	1.097	0.301	21.839	1.614	1.0	1.0
21	7	68	1.0	0.0	23.29	1.918	1.0	1.0
21	7	65	0.903	0.301	25.036	1.972	0.903	0.903
21	7	62	0.161	0.374	26.4	1.14	0.161	0.161
21	7	59	0.0	0.0	nan	nan	0.0	0.0
21	7	56	0.0	0.0	nan	nan	0.0	0.0
21	7	53	0.0	0.0	nan	nan	0.0	0.0
21	7	50	0.0	0.0	nan	nan	0.0	0.0
21	7	47	0.0	0.0	nan	nan	0.0	0.0
21	7	44	0.0	0.0	nan	nan	0.0	0.0
21	7	41	0.0	0.0	nan	nan	0.0	0.0
21	7	38	0.0	0.0	nan	nan	0.0	0.0
21	7	35	0.0	0.0	nan	nan	0.0	0.0
21	7	32	0.0	0.0	nan	nan	0.0	0.0
21	7	29	0.0	0.0	nan	nan	0.0	0.0
22	7	77	4.839	0.374	16.548	0.81	1.0	1.0
22	7	74	4.29	0.529	17.097	0.651	1.0	1.0
22	7	71	3.742	0.575	17.871	0.763	1.0	1.0
22	7	68	3.29	0.461	18.742	0.815	1.0	1.0
22	7	65	3.097	0.301	19.677	1.351	1.0	1.0
22	7	62	2.871	0.428	21.387	1.174	1.0	1.0
22	7	59	2.645	0.486	22.839	1.463	1.0	1.0
22	7	56	2.161	0.374	24.774	2.093	1.0	1.0
22	7	53	2.0	0.258	28.129	2.778	1.0	1.0
22	7	50	1.7	0.466	32.774	4.667	0.968	1.0
22	7	47	0.367	0.556	36.545	2.659	0.323	0.355
22	7	44	0.0	0.0	nan	nan	0.0	0.0
22	7	41	0.0	0.0	nan	nan	0.0	0.0
22	7	38	0.0	0.0	nan	nan	0.0	0.0
22	7	35	0.0	0.0	nan	nan	0.0	0.0
22	7	32	0.0	0.0	nan	nan	0.0	0.0
22	7	29	0.0	0.0	nan	nan	0.0	0.0
23	7	77	4.806	0.477	16.774	0.717	1.0	1.0
23	7	74	4.387	0.558	17.194	0.654	1.0	1.0
23	7	71	3.968	0.547	17.516	0.851	1.0	1.0
23	7	68	3.258	0.445	18.774	0.92	1.0	1.0
23	7	65	3.0	0.0	19.806	0.91	1.0	1.0
23	7	62	3.0	0.365	21.0	1.461	1.0	1.0
23	7	59	2.806	0.402	22.516	1.387	1.0	1.0
23	7	56	2.387	0.495	24.484	1.913	1.0	1.0
23	7	53	2.129	0.341	25.871	1.996	1.0	1.0
23	7	50	1.71	0.461	31.548	4.523	1.0	1.0
23	7	47	1.0	0.788	34.227	5.246	0.677	0.71
23	7	44	0.1	0.305	39.0	1.155	0.097	0.129
23	7	41	0.0	0.0	nan	nan	0.0	0.0
23	7	38	0.0	0.0	nan	nan	0.0	0.0
23	7	35	0.0	0.0	nan	nan	0.0	0.0
23	7	32	0.0	0.0	nan	nan	0.0	0.0
23	7	29	0.0	0.0	nan	nan	0.0	0.0
24	7	77	4.677	0.475	16.581	0.564	1.0	1.0
24	7	74	4.258	0.514	17.226	0.669	1.0	1.0
24	7	71	3.774	0.56	17.774	0.884	1.0	1.0
24	7	68	3.323	0.541	18.613	0.761	1.0	1.0
24	7	65	3.065	0.359	19.065	0.772	1.0	1.0
24	7	62	2.903	0.301	20.516	1.671	1.0	1.0
24	7	59	2.613	0.558	21.742	1.548	1.0	1.0
24	7	56	2.258	0.445	23.29	1.189	1.0	1.0
24	7	53	2.065	0.359	25.129	2.247	1.0	1.0
24	7	50	1.903	0.301	30.097	3.927	1.0	1.0
24	7	47	1.464	0.693	33.429	5.138	0.806	0.903
24	7	44	0.241	0.577	36.286	4.461	0.161	0.226
24	7	41	0.0	0.0	nan	nan	0.0	0.0
24	7	38	0.0	0.0	nan	nan	0.0	0.0
24	7	35	0.0	0.0	nan	nan	0.0	0.0
24	7	32	0.0	0.0	nan	nan	0.0	0.0
24	7	29	0.0	0.0	nan	nan	0.0	0.0
25	7	77	3.935	0.25	16.871	1.024	1.0	1.0
25	7	74	3.871	0.341	17.323	0.871	1.0	1.0
25	7	71	3.452	0.675	17.935	0.772	1.0	1.0
25	7	68	2.452	0.723	19.129	1.31	1.0	1.0
25	7	65	2.097	0.301	20.161	1.186	1.0	1.0
25	7	62	2.0	0.0	21.452	1.287	1.0	1.0
25	7	59	2.0	0.0	22.581	1.409	1.0	1.0
25	7	56	1.968	0.18	25.355	2.058	1.0	1.0
25	7	53	1.5	0.694	30.179	4.839	0.806	0.903
25	7	50	0.5	0.707	33.933	5.509	0.323	0.484
25	7	47	0.0	0.0	nan	nan	0.0	0.0
25	7	44	0.0	0.0	nan	nan	0.0	0.0
25	7	41	0.0	0.0	nan	nan	0.0	0.0
25	7	38	0.0	0.0	nan	nan	0.0	0.0
25	7	35	0.0	0.0	nan	nan	0.0	0.0
25	7	32	0.0	0.0	nan	nan	0.0	0.0
25	7	29	0.0	0.0	nan	nan	0.0	0.0
26	7	77	4.774	0.425	16.452	0.723	1.0	1.0
26	7	74	4.484	0.508	17.161	0.638	1.0	1.0
26	7	71	3.71	0.461	17.968	0.795	1.0	1.0
26	7	68	3.387	0.495	18.613	0.761	1.0	1.0
26	7	65	3.065	0.25	19.548	0.961	1.0	1.0
26	7	62	2.968	0.315	21.0	1.342	1.0	1.0
26	7	59	2.742	0.445	22.516	1.151	1.0	1.0
26	7	56	2.161	0.374	24.677	2.12	1.0	1.0
26	7	53	2.032	0.18	28.161	1.934	1.0	1.0
26	7	50	1.419	0.62	33.379	5.274	0.935	0.935
26	7	47	0.677	0.702	35.882	2.547	0.548	0.548
26	7	44	0.0	0.0	nan	nan	0.0	0.0
26	7	41	0.0	0.0	nan	nan	0.0	0.0
26	7	38	0.0	0.0	nan	nan	0.0	0.0
26	7	35	0.0	0.0	nan	nan	0.0	0.0
26	7	32	0.0	0.0	nan	nan	0.0	0.0
26	7	29	0.0	0.0	nan	nan	0.0	0.0
27	7	77	4.0	0.0	15.935	0.574	1.0	1.0
27	7	74	4.0	0.0	16.581	0.502	1.0	1.0
27	7	71	3.935	0.25	16.839	0.688	1.0	1.0
27	7	68	3.581	0.564	17.742	0.631	1.0	1.0
27	7	65	2.806	0.749	18.774	0.669	1.0	1.0
27	7	62	2.097	0.301	19.903	1.921	1.0	1.0
27	7	59	2.032	0.18	20.935	1.153	1.0	1.0
27	7	56	2.0	0.0	23.194	1.4	1.0	1.0
27	7	53	2.0	0.0	24.29	1.936	1.0	1.0
27	7	50	1.7	0.596	28.828	5.064	0.903	0.935
27	7	47	1.036	0.962	33.316	4.667	0.516	0.613
27	7	44	0.0	0.0	31.5	12.021	0.0	0.065
27	7	41	0.0	0.0	nan	nan	0.0	0.0
27	7	38	0.0	0.0	nan	nan	0.0	0.0
27	7	35	0.0	0.0	nan	nan	0.0	0.0
27	7	32	0.0	0.0	nan	nan	0.0	0.0
27	7	29	0.0	0.0	nan	nan	0.0	0.0
28	7	77	3.774	0.425	17.645	0.755	1.0	1.0
28	7	74	3.452	0.506	18.452	0.961	1.0	1.0
28	7	71	2.871	0.341	19.71	0.739	1.0	1.0
28	7	68	2.871	0.428	20.484	1.48	1.0	1.0
28	7	65	2.452	0.506	21.484	1.288	1.0	1.0
28	7	62	2.0	0.0	23.323	1.194	1.0	1.0
28	7	59	2.0	0.0	24.839	1.864	1.0	1.0
28	7	56	1.839	0.454	27.933	3.095	0.968	0.968
28	7	53	1.655	0.484	31.935	3.405	0.935	1.0
28	7	50	0.808	0.749	36.19	3.43	0.516	0.677
28	7	47	0.0	0.0	38.0	0.0	0.0	0.032
28	7	44	0.0	0.0	nan	nan	0.0	0.0
28	7	41	0.0	0.0	nan	nan	0.0	0.0
28	7	38	0.0	0.0	nan	nan	0.0	0.0
28	7	35	0.0	0.0	nan	nan	0.0	0.0
28	7	32	0.0	0.0	nan	nan	0.0	0.0
28	7	29	0.0	0.0	nan	nan	0.0	0.0
29	7	77	2.032	0.407	18.613	0.715	1.0	1.0
29	7	74	1.71	0.461	19.871	0.885	1.0	1.0
29	7	71	1.516	0.508	21.129	1.36	1.0	1.0
29	7	68	1.161	0.374	23.032	1.975	1.0	1.0
29	7	65	1.032	0.407	24.241	1.746	0.935	0.935
29	7	62	0.774	0.425	26.542	2.377	0.774	0.774
29	7	59	0.133	0.346	28.8	4.207	0.129	0.161
29	7	56	0.0	0.0	nan	nan	0.0	0.0
29	7	53	0.0	0.0	nan	nan	0.0	0.0
29	7	50	0.0	0.0	nan	nan	0.0	0.0
29	7	47	0.0	0.0	nan	nan	0.0	0.0
29	7	44	0.0	0.0	nan	nan	0.0	0.0
29	7	41	0.0	0.0	nan	nan	0.0	0.0
29	7	38	0.0	0.0	nan	nan	0.0	0.0
29	7	35	0.0	0.0	nan	nan	0.0	0.0
29	7	32	0.0	0.0	nan	nan	0.0	0.0
29	7	29	0.0	0.0	nan	nan	0.0	0.0
30	7	77	4.032	0.315	16.71	0.693	1.0	1.0
30	7	74	3.935	0.442	17.323	0.653	1.0	1.0
30	7	71	3.548	0.506	17.806	0.98	1.0	1.0
30	7	68	3.323	0.599	18.419	1.177	1.0	1.0
30	7	65	2.71	0.588	19.71	1.071	1.0	1.0
30	7	62	2.194	0.402	20.581	1.259	1.0	1.0
30	7	59	2.032	0.18	21.548	1.434	1.0	1.0
30	7	56	1.968	0.18	23.71	1.442	1.0	1.0
30	7	53	1.677	0.599	25.586	2.009	0.935	0.935
30	7	50	1.25	0.799	29.28	3.703	0.71	0.806
30	7	47	0.379	0.622	32.909	5.412	0.29	0.355
30	7	44	0.0	0.0	nan	nan	0.0	0.0
30	7	41	0.0	0.0	nan	nan	0.0	0.0
30	7	38	0.0	0.0	nan	nan	0.0	0.0
30	7	35	0.0	0.0	nan	nan	0.0	0.0
30	7	32	0.0	0.0	nan	nan	0.0	0.0
30	7	29	0.0	0.0	nan	nan	0.0	0.0
31	7	77	2.968	0.315	17.548	0.624	1.0	1.0
31	7	74	2.581	0.502	17.806	1.014	1.0	1.0
31	7	71	2.355	0.486	18.71	0.902	1.0	1.0
31	7	68	2.0	0.0	19.871	0.957	1.0	1.0
31	7	65	1.903	0.301	21.484	1.411	1.0	1.0
31	7	62	1.71	0.529	22.967	1.712	0.968	0.968
31	7	59	1.533	0.507	26.065	2.682	0.968	1.0
31	7	56	0.72	0.614	30.864	4.931	0.516	0.71
31	7	53	0.133	0.346	31.2	3.421	0.129	0.161
31	7	50	0.0	0.0	nan	nan	0.0	0.0
31	7	47	0.0	0.0	nan	nan	0.0	0.0
31	7	44	0.0	0.0	nan	nan	0.0	0.0
31	7	41	0.0	0.0	nan	nan	0.0	0.0
31	7	38	0.0	0.0	nan	nan	0.0	0.0
31	7	35	0.0	0.0	nan	nan	0.0	0.0
31	7	32	0.0	0.0	nan	nan	0.0	0.0
31	7	29	0.0	0.0	nan	nan	0.0	0.0
