row	col	voltage	tot_avg	tot_std	toa_avg	toa_std	efficiency_tot	efficiency_toa
0	0	97	5.0	0.0	17.097	0.301	1.0	1.0
0	0	94	4.806	0.402	17.419	0.564	1.0	1.0
0	0	91	4.516	0.57	17.581	0.672	1.0	1.0
0	0	88	3.839	0.82	18.226	0.762	1.0	1.0
0	0	85	3.29	0.461	18.484	0.724	1.0	1.0
0	0	82	3.129	0.341	19.161	0.86	1.0	1.0
0	0	79	3.0	0.0	20.065	1.237	1.0	1.0
0	0	76	3.0	0.0	20.71	0.783	1.0	1.0
0	0	73	2.71	0.461	21.839	1.186	1.0	1.0
0	0	70	2.387	0.495	23.161	1.267	1.0	1.0
0	0	67	2.032	0.18	24.194	1.167	1.0	1.0
0	0	64	2.0	0.0	27.581	2.46	1.0	1.0
0	0	61	1.71	0.529	30.567	3.971	0.968	0.968
0	0	58	0.903	0.746	35.286	3.243	0.677	0.677
0	0	55	0.032	0.18	38.0	0.0	0.032	0.032
0	0	52	0.0	0.0	nan	nan	0.0	0.0
0	0	49	0.0	0.0	nan	nan	0.0	0.0
0	0	46	0.0	0.0	nan	nan	0.0	0.0
0	0	43	0.0	0.0	nan	nan	0.0	0.0
0	0	40	0.0	0.0	nan	nan	0.0	0.0
1	0	97	2.0	0.0	22.065	0.629	1.0	1.0
1	0	94	2.0	0.0	22.581	0.72	1.0	1.0
1	0	91	2.0	0.0	23.548	0.723	1.0	1.0
1	0	88	1.968	0.18	24.29	0.739	1.0	1.0
1	0	85	1.839	0.374	25.226	0.99	1.0	1.0
1	0	82	1.516	0.508	26.484	1.546	1.0	1.0
1	0	79	0.862	0.351	29.296	2.599	0.806	0.871
1	0	76	0.214	0.418	32.778	3.232	0.194	0.29
1	0	73	0.032	0.18	33.0	0.0	0.032	0.032
1	0	70	0.0	0.0	nan	nan	0.0	0.0
1	0	67	0.0	0.0	nan	nan	0.0	0.0
1	0	64	0.0	0.0	nan	nan	0.0	0.0
1	0	61	0.0	0.0	nan	nan	0.0	0.0
1	0	58	0.0	0.0	nan	nan	0.0	0.0
1	0	55	0.0	0.0	nan	nan	0.0	0.0
1	0	52	0.0	0.0	nan	nan	0.0	0.0
1	0	49	0.0	0.0	nan	nan	0.0	0.0
1	0	46	0.0	0.0	nan	nan	0.0	0.0
1	0	43	0.0	0.0	nan	nan	0.0	0.0
1	0	40	0.0	0.0	nan	nan	0.0	0.0
2	0	97	3.645	0.486	20.226	0.56	1.0	1.0
2	0	94	3.387	0.495	20.839	0.523	1.0	1.0
2	0	91	3.032	0.18	21.548	0.85	1.0	1.0
2	0	88	3.0	0.0	22.032	0.795	1.0	1.0
2	0	85	3.0	0.0	22.387	0.761	1.0	1.0
2	0	82	3.0	0.0	23.0	0.816	1.0	1.0
2	0	79	2.903	0.301	24.097	0.944	1.0	1.0
2	0	76	2.452	0.506	24.968	0.795	1.0	1.0
2	0	73	2.129	0.341	26.516	0.851	1.0	1.0
2	0	70	2.065	0.25	28.194	1.973	1.0	1.0
2	0	67	1.935	0.25	30.71	2.179	1.0	1.0
2	0	64	1.357	0.621	35.759	4.214	0.839	0.935
2	0	61	0.345	0.614	37.8	3.615	0.258	0.323
2	0	58	0.0	0.0	nan	nan	0.0	0.0
2	0	55	0.0	0.0	nan	nan	0.0	0.0
2	0	52	0.0	0.0	nan	nan	0.0	0.0
2	0	49	0.0	0.0	nan	nan	0.0	0.0
2	0	46	0.0	0.0	nan	nan	0.0	0.0
2	0	43	0.0	0.0	nan	nan	0.0	0.0
2	0	40	0.0	0.0	nan	nan	0.0	0.0
3	0	97	3.194	0.477	18.613	0.667	1.0	1.0
3	0	94	2.742	0.514	19.258	0.631	1.0	1.0
3	0	91	2.452	0.506	19.419	0.765	1.0	1.0
3	0	88	2.065	0.25	20.29	1.006	1.0	1.0
3	0	85	2.0	0.0	21.0	0.894	1.0	1.0
3	0	82	2.032	0.18	21.581	1.259	1.0	1.0
3	0	79	1.968	0.18	23.258	1.316	1.0	1.0
3	0	76	1.871	0.341	23.935	1.124	1.0	1.0
3	0	73	1.581	0.502	25.387	1.43	1.0	1.0
3	0	70	1.233	0.43	28.355	3.158	0.968	1.0
3	0	67	0.586	0.682	30.438	3.265	0.452	0.516
3	0	64	0.032	0.18	30.0	0.0	0.032	0.032
3	0	61	0.0	0.0	nan	nan	0.0	0.0
3	0	58	0.0	0.0	nan	nan	0.0	0.0
3	0	55	0.0	0.0	nan	nan	0.0	0.0
3	0	52	0.0	0.0	nan	nan	0.0	0.0
3	0	49	0.0	0.0	nan	nan	0.0	0.0
3	0	46	0.0	0.0	nan	nan	0.0	0.0
3	0	43	0.0	0.0	nan	nan	0.0	0.0
3	0	40	0.0	0.0	nan	nan	0.0	0.0
4	0	97	2.065	0.25	22.806	0.543	1.0	1.0
4	0	94	2.0	0.0	23.194	0.749	1.0	1.0
4	0	91	2.0	0.0	23.903	0.597	1.0	1.0
4	0	88	2.0	0.0	24.903	0.978	1.0	1.0
4	0	85	1.871	0.341	25.903	0.944	1.0	1.0
4	0	82	1.645	0.486	27.226	1.892	1.0	1.0
4	0	79	1.433	0.504	29.194	1.815	0.968	1.0
4	0	76	0.607	0.567	32.263	2.446	0.516	0.613
4	0	73	0.033	0.183	34.0	1.414	0.032	0.065
4	0	70	0.0	0.0	nan	nan	0.0	0.0
4	0	67	0.0	0.0	nan	nan	0.0	0.0
4	0	64	0.0	0.0	nan	nan	0.0	0.0
4	0	61	0.0	0.0	nan	nan	0.0	0.0
4	0	58	0.0	0.0	nan	nan	0.0	0.0
4	0	55	0.0	0.0	nan	nan	0.0	0.0
4	0	52	0.0	0.0	nan	nan	0.0	0.0
4	0	49	0.0	0.0	nan	nan	0.0	0.0
4	0	46	0.0	0.0	nan	nan	0.0	0.0
4	0	43	0.0	0.0	nan	nan	0.0	0.0
4	0	40	0.0	0.0	nan	nan	0.0	0.0
5	0	97	3.032	0.18	21.774	0.56	1.0	1.0
5	0	94	3.0	0.0	22.097	0.473	1.0	1.0
5	0	91	2.968	0.18	22.774	0.617	1.0	1.0
5	0	88	2.839	0.374	23.645	0.608	1.0	1.0
5	0	85	2.71	0.461	24.129	0.718	1.0	1.0
5	0	82	2.129	0.341	25.226	1.203	1.0	1.0
5	0	79	2.032	0.18	26.161	0.898	1.0	1.0
5	0	76	2.0	0.0	27.742	1.548	1.0	1.0
5	0	73	1.968	0.18	29.742	1.949	1.0	1.0
5	0	70	1.828	0.384	32.194	2.587	0.935	1.0
5	0	67	0.8	0.696	36.25	2.658	0.419	0.774
5	0	64	0.103	0.31	38.6	2.302	0.097	0.161
5	0	61	0.0	0.0	nan	nan	0.0	0.0
5	0	58	0.0	0.0	nan	nan	0.0	0.0
5	0	55	0.0	0.0	nan	nan	0.0	0.0
5	0	52	0.0	0.0	nan	nan	0.0	0.0
5	0	49	0.0	0.0	nan	nan	0.0	0.0
5	0	46	0.0	0.0	nan	nan	0.0	0.0
5	0	43	0.0	0.0	nan	nan	0.0	0.0
5	0	40	0.0	0.0	nan	nan	0.0	0.0
6	0	97	3.0	0.0	21.065	0.442	1.0	1.0
6	0	94	3.0	0.0	21.548	0.768	1.0	1.0
6	0	91	2.968	0.18	22.0	0.73	1.0	1.0
6	0	88	2.903	0.301	22.581	0.672	1.0	1.0
6	0	85	2.645	0.486	23.452	0.81	1.0	1.0
6	0	82	2.129	0.341	24.323	0.832	1.0	1.0
6	0	79	2.0	0.0	25.0	0.966	1.0	1.0
6	0	76	2.0	0.0	26.452	0.925	1.0	1.0
6	0	73	2.0	0.0	27.774	1.146	1.0	1.0
6	0	70	1.968	0.18	30.29	2.069	1.0	1.0
6	0	67	1.704	0.542	32.8	2.091	0.839	0.968
6	0	64	0.269	0.452	35.917	2.778	0.226	0.387
6	0	61	0.0	0.0	nan	nan	0.0	0.0
6	0	58	0.0	0.0	nan	nan	0.0	0.0
6	0	55	0.0	0.0	nan	nan	0.0	0.0
6	0	52	0.0	0.0	nan	nan	0.0	0.0
6	0	49	0.0	0.0	nan	nan	0.0	0.0
6	0	46	0.0	0.0	nan	nan	0.0	0.0
6	0	43	0.0	0.0	nan	nan	0.0	0.0
6	0	40	0.0	0.0	nan	nan	0.0	0.0
7	0	97	4.774	0.425	15.871	0.619	1.0	1.0
7	0	94	4.581	0.502	16.097	0.597	1.0	1.0
7	0	91	4.355	0.486	16.548	0.506	1.0	1.0
7	0	88	4.065	0.359	16.774	0.845	1.0	1.0
7	0	85	4.0	0.0	17.129	0.562	1.0	1.0
7	0	82	3.903	0.301	17.548	0.925	1.0	1.0
7	0	79	3.645	0.486	18.097	0.79	1.0	1.0
7	0	76	2.935	0.629	18.71	0.693	1.0	1.0
7	0	73	2.516	0.57	19.548	1.15	1.0	1.0
7	0	70	2.194	0.477	20.548	1.121	1.0	1.0
7	0	67	2.0	0.258	21.516	1.288	1.0	1.0
7	0	64	2.032	0.18	22.677	1.4	1.0	1.0
7	0	61	1.871	0.341	24.29	1.774	1.0	1.0
7	0	58	1.452	0.624	27.172	2.916	0.935	0.935
7	0	55	0.567	0.626	28.5	3.077	0.484	0.516
7	0	52	0.138	0.441	32.2	6.419	0.097	0.161
7	0	49	0.0	0.0	nan	nan	0.0	0.0
7	0	46	0.0	0.0	nan	nan	0.0	0.0
7	0	43	0.0	0.0	nan	nan	0.0	0.0
7	0	40	0.0	0.0	nan	nan	0.0	0.0
8	0	97	3.032	0.18	19.387	0.615	1.0	1.0
8	0	94	3.0	0.0	19.935	0.629	1.0	1.0
8	0	91	3.032	0.18	20.29	0.783	1.0	1.0
8	0	88	2.935	0.25	20.903	0.746	1.0	1.0
8	0	85	2.645	0.486	21.355	0.877	1.0	1.0
8	0	82	2.323	0.475	21.935	1.031	1.0	1.0
8	0	79	2.129	0.341	22.839	0.934	1.0	1.0
8	0	76	2.0	0.0	23.645	0.839	1.0	1.0
8	0	73	2.0	0.0	24.742	1.527	1.0	1.0
8	0	70	2.0	0.0	27.226	1.454	1.0	1.0
8	0	67	1.903	0.301	29.097	2.675	1.0	1.0
8	0	64	1.704	0.542	32.133	2.968	0.839	0.968
8	0	61	0.846	0.881	34.421	4.439	0.452	0.613
8	0	58	0.0	0.0	nan	nan	0.0	0.0
8	0	55	0.0	0.0	nan	nan	0.0	0.0
8	0	52	0.0	0.0	nan	nan	0.0	0.0
8	0	49	0.0	0.0	nan	nan	0.0	0.0
8	0	46	0.0	0.0	nan	nan	0.0	0.0
8	0	43	0.0	0.0	nan	nan	0.0	0.0
8	0	40	0.0	0.0	nan	nan	0.0	0.0
9	0	97	4.0	0.0	20.387	0.667	1.0	1.0
9	0	94	3.968	0.18	20.774	0.669	1.0	1.0
9	0	91	3.613	0.495	21.645	0.608	1.0	1.0
9	0	88	3.129	0.341	21.968	0.657	1.0	1.0
9	0	85	3.065	0.25	22.903	0.908	1.0	1.0
9	0	82	3.0	0.0	23.613	1.145	1.0	1.0
9	0	79	2.903	0.301	24.677	1.077	1.0	1.0
9	0	76	2.742	0.445	26.29	1.657	1.0	1.0
9	0	73	2.452	0.506	27.194	1.701	1.0	1.0
9	0	70	1.968	0.18	30.0	2.049	1.0	1.0
9	0	67	1.516	0.508	33.968	2.601	1.0	1.0
9	0	64	0.767	0.728	35.789	2.78	0.581	0.613
9	0	61	0.0	0.0	42.0	0.0	0.0	0.032
9	0	58	0.0	0.0	nan	nan	0.0	0.0
9	0	55	0.0	0.0	nan	nan	0.0	0.0
9	0	52	0.0	0.0	nan	nan	0.0	0.0
9	0	49	0.0	0.0	nan	nan	0.0	0.0
9	0	46	0.0	0.0	nan	nan	0.0	0.0
9	0	43	0.0	0.0	nan	nan	0.0	0.0
9	0	40	0.0	0.0	nan	nan	0.0	0.0
10	0	97	3.0	0.0	21.0	0.683	1.0	1.0
10	0	94	3.0	0.0	21.806	0.601	1.0	1.0
10	0	91	2.935	0.25	22.194	0.946	1.0	1.0
10	0	88	2.548	0.506	23.032	1.14	1.0	1.0
10	0	85	2.226	0.425	23.645	0.877	1.0	1.0
10	0	82	2.0	0.0	24.452	1.028	1.0	1.0
10	0	79	1.968	0.18	26.097	2.3	1.0	1.0
10	0	76	1.968	0.18	27.355	1.924	1.0	1.0
10	0	73	1.968	0.18	29.129	2.277	1.0	1.0
10	0	70	1.32	0.852	32.48	3.124	0.613	0.806
10	0	67	0.458	0.658	36.625	2.825	0.29	0.516
10	0	64	0.0	0.0	37.333	1.528	0.0	0.097
10	0	61	0.0	0.0	nan	nan	0.0	0.0
10	0	58	0.0	0.0	nan	nan	0.0	0.0
10	0	55	0.0	0.0	nan	nan	0.0	0.0
10	0	52	0.0	0.0	nan	nan	0.0	0.0
10	0	49	0.0	0.0	nan	nan	0.0	0.0
10	0	46	0.0	0.0	nan	nan	0.0	0.0
10	0	43	0.0	0.0	nan	nan	0.0	0.0
10	0	40	0.0	0.0	nan	nan	0.0	0.0
11	0	97	3.484	0.57	18.677	0.653	1.0	1.0
11	0	94	3.194	0.402	19.129	0.619	1.0	1.0
11	0	91	3.065	0.442	19.484	0.89	1.0	1.0
11	0	88	2.968	0.18	20.194	0.873	1.0	1.0
11	0	85	2.677	0.475	20.581	0.765	1.0	1.0
11	0	82	2.484	0.508	21.419	0.765	1.0	1.0
11	0	79	2.129	0.341	22.032	1.08	1.0	1.0
11	0	76	2.0	0.0	23.032	1.663	1.0	1.0
11	0	73	1.935	0.359	23.935	1.063	1.0	1.0
11	0	70	1.839	0.374	25.581	1.089	1.0	1.0
11	0	67	1.516	0.508	27.806	2.713	1.0	1.0
11	0	64	1.167	0.791	28.625	2.795	0.742	0.774
11	0	61	0.36	0.638	33.538	3.799	0.226	0.419
11	0	58	0.0	0.0	nan	nan	0.0	0.0
11	0	55	0.0	0.0	nan	nan	0.0	0.0
11	0	52	0.0	0.0	nan	nan	0.0	0.0
11	0	49	0.0	0.0	nan	nan	0.0	0.0
11	0	46	0.0	0.0	nan	nan	0.0	0.0
11	0	43	0.0	0.0	nan	nan	0.0	0.0
11	0	40	0.0	0.0	nan	nan	0.0	0.0
12	0	97	3.968	0.18	20.161	0.583	1.0	1.0
12	0	94	3.742	0.445	20.806	0.601	1.0	1.0
12	0	91	3.323	0.475	21.387	0.761	1.0	1.0
12	0	88	3.097	0.301	21.71	0.739	1.0	1.0
12	0	85	3.032	0.18	22.742	0.729	1.0	1.0
12	0	82	3.0	0.0	23.129	0.718	1.0	1.0
12	0	79	3.0	0.0	24.129	0.806	1.0	1.0
12	0	76	2.581	0.502	25.355	1.199	1.0	1.0
12	0	73	2.29	0.461	26.71	1.395	1.0	1.0
12	0	70	2.0	0.258	28.968	2.213	1.0	1.0
12	0	67	1.903	0.301	30.871	2.202	1.0	1.0
12	0	64	1.267	0.583	35.862	3.226	0.903	0.935
12	0	61	0.333	0.555	38.833	3.07	0.258	0.387
12	0	58	0.0	0.0	nan	nan	0.0	0.0
12	0	55	0.0	0.0	nan	nan	0.0	0.0
12	0	52	0.0	0.0	nan	nan	0.0	0.0
12	0	49	0.0	0.0	nan	nan	0.0	0.0
12	0	46	0.0	0.0	nan	nan	0.0	0.0
12	0	43	0.0	0.0	nan	nan	0.0	0.0
12	0	40	0.0	0.0	nan	nan	0.0	0.0
13	0	97	2.032	0.18	22.29	0.783	1.0	1.0
13	0	94	2.0	0.0	22.903	0.87	1.0	1.0
13	0	91	2.0	0.0	23.839	0.779	1.0	1.0
13	0	88	1.935	0.25	25.452	1.457	1.0	1.0
13	0	85	1.806	0.477	25.967	1.245	0.968	0.968
13	0	82	1.3	0.466	28.613	3.148	0.968	1.0
13	0	79	0.923	0.272	30.621	3.245	0.774	0.935
13	0	76	0.179	0.39	32.25	3.536	0.161	0.258
13	0	73	0.0	0.0	37.0	0.0	0.0	0.032
13	0	70	0.0	0.0	nan	nan	0.0	0.0
13	0	67	0.0	0.0	nan	nan	0.0	0.0
13	0	64	0.0	0.0	nan	nan	0.0	0.0
13	0	61	0.0	0.0	nan	nan	0.0	0.0
13	0	58	0.0	0.0	nan	nan	0.0	0.0
13	0	55	0.0	0.0	nan	nan	0.0	0.0
13	0	52	0.0	0.0	nan	nan	0.0	0.0
13	0	49	0.0	0.0	nan	nan	0.0	0.0
13	0	46	0.0	0.0	nan	nan	0.0	0.0
13	0	43	0.0	0.0	nan	nan	0.0	0.0
13	0	40	0.0	0.0	nan	nan	0.0	0.0
14	0	97	3.419	0.672	18.161	0.969	1.0	1.0
14	0	94	2.935	0.629	18.742	0.773	1.0	1.0
14	0	91	2.581	0.564	19.0	0.966	1.0	1.0
14	0	88	2.419	0.502	19.452	0.768	1.0	1.0
14	0	85	2.097	0.301	20.258	0.93	1.0	1.0
14	0	82	2.065	0.25	20.968	0.912	1.0	1.0
14	0	79	1.968	0.18	21.71	1.321	1.0	1.0
14	0	76	1.645	0.486	22.871	1.432	1.0	1.0
14	0	73	1.548	0.506	24.355	1.684	1.0	1.0
14	0	70	1.097	0.473	25.793	2.274	0.935	0.935
14	0	67	0.536	0.637	29.875	3.538	0.419	0.516
14	0	64	0.032	0.18	27.0	0.0	0.032	0.032
14	0	61	0.0	0.0	nan	nan	0.0	0.0
14	0	58	0.0	0.0	nan	nan	0.0	0.0
14	0	55	0.0	0.0	nan	nan	0.0	0.0
14	0	52	0.0	0.0	nan	nan	0.0	0.0
14	0	49	0.0	0.0	nan	nan	0.0	0.0
14	0	46	0.0	0.0	nan	nan	0.0	0.0
14	0	43	0.0	0.0	nan	nan	0.0	0.0
14	0	40	0.0	0.0	nan	nan	0.0	0.0
15	0	97	2.0	0.0	22.258	1.032	1.0	1.0
15	0	94	2.0	0.0	22.806	0.98	1.0	1.0
15	0	91	1.903	0.301	23.613	0.955	1.0	1.0
15	0	88	1.645	0.486	24.548	1.028	1.0	1.0
15	0	85	1.226	0.425	25.71	1.346	1.0	1.0
15	0	82	1.032	0.315	27.467	1.456	0.968	0.968
15	0	79	0.552	0.506	30.556	2.706	0.516	0.581
15	0	76	0.067	0.254	32.333	4.041	0.065	0.097
15	0	73	0.0	0.0	nan	nan	0.0	0.0
15	0	70	0.0	0.0	nan	nan	0.0	0.0
15	0	67	0.0	0.0	nan	nan	0.0	0.0
15	0	64	0.0	0.0	nan	nan	0.0	0.0
15	0	61	0.0	0.0	nan	nan	0.0	0.0
15	0	58	0.0	0.0	nan	nan	0.0	0.0
15	0	55	0.0	0.0	nan	nan	0.0	0.0
15	0	52	0.0	0.0	nan	nan	0.0	0.0
15	0	49	0.0	0.0	nan	nan	0.0	0.0
15	0	46	0.0	0.0	nan	nan	0.0	0.0
15	0	43	0.0	0.0	nan	nan	0.0	0.0
15	0	40	0.0	0.0	nan	nan	0.0	0.0
16	0	97	4.419	0.502	18.226	0.617	1.0	1.0
16	0	94	3.806	0.543	18.806	0.601	1.0	1.0
16	0	91	3.548	0.675	19.065	0.574	1.0	1.0
16	0	88	3.032	0.18	19.742	0.729	1.0	1.0
16	0	85	3.0	0.0	20.419	0.72	1.0	1.0
16	0	82	3.0	0.0	20.806	0.98	1.0	1.0
16	0	79	3.032	0.18	21.548	0.81	1.0	1.0
16	0	76	2.871	0.341	22.355	1.279	1.0	1.0
16	0	73	2.613	0.495	23.548	1.15	1.0	1.0
16	0	70	2.065	0.25	25.194	1.701	1.0	1.0
16	0	67	2.0	0.0	26.161	1.753	1.0	1.0
16	0	64	2.032	0.18	29.355	2.214	1.0	1.0
16	0	61	1.774	0.425	31.452	3.965	1.0	1.0
16	0	58	0.767	0.728	35.684	2.162	0.581	0.613
16	0	55	0.065	0.25	43.0	0.0	0.065	0.065
16	0	52	0.0	0.0	nan	nan	0.0	0.0
16	0	49	0.0	0.0	nan	nan	0.0	0.0
16	0	46	0.0	0.0	nan	nan	0.0	0.0
16	0	43	0.0	0.0	nan	nan	0.0	0.0
16	0	40	0.0	0.0	nan	nan	0.0	0.0
17	0	97	4.871	0.428	17.032	0.875	1.0	1.0
17	0	94	4.677	0.475	17.387	0.803	1.0	1.0
17	0	91	4.323	0.791	17.806	1.014	1.0	1.0
17	0	88	3.742	0.631	18.194	1.078	1.0	1.0
17	0	85	3.419	0.62	18.645	1.05	1.0	1.0
17	0	82	3.161	0.454	19.355	1.279	1.0	1.0
17	0	79	3.032	0.407	19.935	0.854	1.0	1.0
17	0	76	2.774	0.425	20.516	1.208	1.0	1.0
17	0	73	2.419	0.502	21.839	1.267	1.0	1.0
17	0	70	2.065	0.359	22.742	2.16	1.0	1.0
17	0	67	2.032	0.315	23.935	1.548	1.0	1.0
17	0	64	1.828	0.384	25.774	3.041	0.935	1.0
17	0	61	1.4	0.724	27.889	3.226	0.839	0.871
17	0	58	0.207	0.491	34.286	6.075	0.161	0.226
17	0	55	0.067	0.365	34.5	2.121	0.032	0.065
17	0	52	0.0	0.0	nan	nan	0.0	0.0
17	0	49	0.0	0.0	nan	nan	0.0	0.0
17	0	46	0.0	0.0	nan	nan	0.0	0.0
17	0	43	0.0	0.0	nan	nan	0.0	0.0
17	0	40	0.0	0.0	nan	nan	0.0	0.0
18	0	97	2.548	0.506	20.161	0.583	1.0	1.0
18	0	94	2.452	0.506	20.516	0.626	1.0	1.0
18	0	91	2.097	0.301	21.097	0.597	1.0	1.0
18	0	88	2.0	0.0	21.484	0.769	1.0	1.0
18	0	85	1.968	0.18	22.355	0.798	1.0	1.0
18	0	82	1.968	0.18	23.161	0.82	1.0	1.0
18	0	79	1.968	0.18	23.774	0.805	1.0	1.0
18	0	76	1.516	0.508	25.581	1.089	1.0	1.0
18	0	73	1.065	0.359	26.7	2.246	0.968	0.968
18	0	70	0.806	0.543	28.217	1.976	0.742	0.742
18	0	67	0.033	0.183	29.5	4.95	0.032	0.065
18	0	64	0.0	0.0	nan	nan	0.0	0.0
18	0	61	0.0	0.0	nan	nan	0.0	0.0
18	0	58	0.0	0.0	nan	nan	0.0	0.0
18	0	55	0.0	0.0	nan	nan	0.0	0.0
18	0	52	0.0	0.0	nan	nan	0.0	0.0
18	0	49	0.0	0.0	nan	nan	0.0	0.0
18	0	46	0.0	0.0	nan	nan	0.0	0.0
18	0	43	0.0	0.0	nan	nan	0.0	0.0
18	0	40	0.0	0.0	nan	nan	0.0	0.0
19	0	97	5.742	0.575	18.871	0.562	1.0	1.0
19	0	94	5.161	0.374	19.226	0.497	1.0	1.0
19	0	91	5.032	0.18	19.645	0.661	1.0	1.0
19	0	88	5.0	0.0	20.0	0.447	1.0	1.0
19	0	85	4.71	0.461	20.645	0.661	1.0	1.0
19	0	82	4.194	0.402	21.129	0.67	1.0	1.0
19	0	79	4.0	0.0	21.419	1.025	1.0	1.0
19	0	76	4.0	0.0	22.645	0.798	1.0	1.0
19	0	73	3.774	0.425	23.613	0.882	1.0	1.0
19	0	70	3.516	0.508	24.355	1.05	1.0	1.0
19	0	67	3.032	0.18	25.645	0.915	1.0	1.0
19	0	64	3.0	0.258	27.161	1.551	1.0	1.0
19	0	61	2.903	0.301	28.968	2.302	1.0	1.0
19	0	58	2.548	0.568	32.129	2.045	1.0	1.0
19	0	55	1.387	0.715	36.767	3.07	0.968	0.968
19	0	52	0.655	0.484	39.762	2.644	0.613	0.677
19	0	49	0.032	0.18	38.0	0.0	0.032	0.032
19	0	46	0.0	0.0	nan	nan	0.0	0.0
19	0	43	0.0	0.0	nan	nan	0.0	0.0
19	0	40	0.0	0.0	nan	nan	0.0	0.0
20	0	97	3.645	0.486	19.258	0.445	1.0	1.0
20	0	94	3.419	0.502	19.742	0.631	1.0	1.0
20	0	91	3.0	0.0	20.032	0.657	1.0	1.0
20	0	88	3.0	0.0	20.548	0.675	1.0	1.0
20	0	85	3.0	0.0	21.419	0.72	1.0	1.0
20	0	82	3.0	0.0	21.935	0.772	1.0	1.0
20	0	79	2.903	0.301	22.839	0.898	1.0	1.0
20	0	76	2.677	0.475	23.742	0.729	1.0	1.0
20	0	73	2.29	0.461	24.935	1.436	1.0	1.0
20	0	70	2.0	0.258	26.0	1.506	1.0	1.0
20	0	67	2.0	0.0	28.613	1.726	1.0	1.0
20	0	64	1.774	0.497	31.7	3.007	0.968	0.968
20	0	61	0.833	0.699	35.048	3.528	0.645	0.677
20	0	58	0.067	0.254	37.0	1.0	0.065	0.097
20	0	55	0.0	0.0	nan	nan	0.0	0.0
20	0	52	0.0	0.0	nan	nan	0.0	0.0
20	0	49	0.0	0.0	nan	nan	0.0	0.0
20	0	46	0.0	0.0	nan	nan	0.0	0.0
20	0	43	0.0	0.0	nan	nan	0.0	0.0
20	0	40	0.0	0.0	nan	nan	0.0	0.0
21	0	97	2.677	0.475	20.258	0.729	1.0	1.0
21	0	94	2.452	0.506	20.742	0.575	1.0	1.0
21	0	91	2.129	0.341	21.065	0.512	1.0	1.0
21	0	88	2.097	0.301	21.645	0.755	1.0	1.0
21	0	85	2.0	0.0	22.742	0.815	1.0	1.0
21	0	82	1.968	0.18	23.548	0.81	1.0	1.0
21	0	79	1.806	0.402	24.645	0.877	1.0	1.0
21	0	76	1.5	0.572	26.933	2.518	0.935	0.968
21	0	73	1.034	0.68	29.2	3.428	0.742	0.806
21	0	70	0.448	0.572	30.643	2.818	0.387	0.452
21	0	67	0.0	0.0	nan	nan	0.0	0.0
21	0	64	0.0	0.0	nan	nan	0.0	0.0
21	0	61	0.0	0.0	nan	nan	0.0	0.0
21	0	58	0.0	0.0	nan	nan	0.0	0.0
21	0	55	0.0	0.0	nan	nan	0.0	0.0
21	0	52	0.0	0.0	nan	nan	0.0	0.0
21	0	49	0.0	0.0	nan	nan	0.0	0.0
21	0	46	0.0	0.0	nan	nan	0.0	0.0
21	0	43	0.0	0.0	nan	nan	0.0	0.0
21	0	40	0.0	0.0	nan	nan	0.0	0.0
22	0	97	5.323	0.541	18.419	0.62	1.0	1.0
22	0	94	4.903	0.597	18.71	0.693	1.0	1.0
22	0	91	4.839	0.583	19.032	0.836	1.0	1.0
22	0	88	4.097	0.301	19.71	0.693	1.0	1.0
22	0	85	4.0	0.0	20.065	0.814	1.0	1.0
22	0	82	3.968	0.18	20.742	0.729	1.0	1.0
22	0	79	3.806	0.402	21.194	1.195	1.0	1.0
22	0	76	3.452	0.506	22.323	0.832	1.0	1.0
22	0	73	3.161	0.374	23.065	1.237	1.0	1.0
22	0	70	2.935	0.25	24.258	1.064	1.0	1.0
22	0	67	2.903	0.301	25.677	1.4	1.0	1.0
22	0	64	2.548	0.506	27.29	1.575	1.0	1.0
22	0	61	2.419	0.62	29.581	2.68	1.0	1.0
22	0	58	1.645	0.486	32.903	3.798	1.0	1.0
22	0	55	0.897	0.724	36.455	3.277	0.645	0.71
22	0	52	0.097	0.301	37.667	2.082	0.097	0.097
22	0	49	0.0	0.0	nan	nan	0.0	0.0
22	0	46	0.0	0.0	nan	nan	0.0	0.0
22	0	43	0.0	0.0	nan	nan	0.0	0.0
22	0	40	0.0	0.0	nan	nan	0.0	0.0
23	0	97	3.806	0.402	20.129	0.499	1.0	1.0
23	0	94	3.516	0.508	20.677	0.599	1.0	1.0
23	0	91	3.129	0.341	21.323	0.475	1.0	1.0
23	0	88	3.0	0.0	21.903	0.597	1.0	1.0
23	0	85	3.0	0.0	22.484	0.851	1.0	1.0
23	0	82	2.935	0.25	23.29	0.739	1.0	1.0
23	0	79	2.71	0.461	24.29	0.824	1.0	1.0
23	0	76	2.29	0.461	25.613	1.116	1.0	1.0
23	0	73	2.065	0.25	27.29	1.465	1.0	1.0
23	0	70	2.0	0.0	28.71	2.003	1.0	1.0
23	0	67	1.833	0.379	32.29	2.532	0.968	1.0
23	0	64	1.036	0.637	35.962	2.49	0.742	0.839
23	0	61	0.107	0.315	36.667	4.546	0.097	0.194
23	0	58	0.0	0.0	nan	nan	0.0	0.0
23	0	55	0.0	0.0	nan	nan	0.0	0.0
23	0	52	0.0	0.0	nan	nan	0.0	0.0
23	0	49	0.0	0.0	nan	nan	0.0	0.0
23	0	46	0.0	0.0	nan	nan	0.0	0.0
23	0	43	0.0	0.0	nan	nan	0.0	0.0
23	0	40	0.0	0.0	nan	nan	0.0	0.0
24	0	97	2.968	0.18	19.452	0.81	1.0	1.0
24	0	94	2.871	0.341	20.194	0.703	1.0	1.0
24	0	91	2.806	0.402	20.677	0.599	1.0	1.0
24	0	88	2.355	0.486	21.032	0.752	1.0	1.0
24	0	85	2.129	0.341	21.968	0.752	1.0	1.0
24	0	82	2.0	0.0	22.774	1.055	1.0	1.0
24	0	79	2.032	0.18	23.677	0.979	1.0	1.0
24	0	76	1.839	0.374	24.806	1.869	1.0	1.0
24	0	73	1.613	0.558	26.433	1.755	0.968	0.968
24	0	70	0.897	0.673	29.087	2.295	0.677	0.742
24	0	67	0.448	0.572	30.357	2.649	0.387	0.452
24	0	64	0.033	0.183	33.5	2.121	0.032	0.065
24	0	61	0.0	0.0	nan	nan	0.0	0.0
24	0	58	0.0	0.0	nan	nan	0.0	0.0
24	0	55	0.0	0.0	nan	nan	0.0	0.0
24	0	52	0.0	0.0	nan	nan	0.0	0.0
24	0	49	0.0	0.0	nan	nan	0.0	0.0
24	0	46	0.0	0.0	nan	nan	0.0	0.0
24	0	43	0.0	0.0	nan	nan	0.0	0.0
24	0	40	0.0	0.0	nan	nan	0.0	0.0
25	0	97	6.032	0.18	16.71	0.693	1.0	1.0
25	0	94	6.0	0.258	17.0	0.816	1.0	1.0
25	0	91	5.839	0.374	17.323	0.832	1.0	1.0
25	0	88	5.484	0.724	17.645	0.798	1.0	1.0
25	0	85	4.935	0.772	18.161	0.735	1.0	1.0
25	0	82	4.581	0.564	18.419	0.765	1.0	1.0
25	0	79	4.129	0.341	19.194	0.98	1.0	1.0
25	0	76	4.0	0.258	19.871	1.024	1.0	1.0
25	0	73	3.645	0.486	20.613	0.761	1.0	1.0
25	0	70	3.226	0.425	21.323	1.045	1.0	1.0
25	0	67	3.065	0.25	21.903	1.326	1.0	1.0
25	0	64	3.0	0.0	23.516	1.61	1.0	1.0
25	0	61	2.968	0.18	25.226	1.875	1.0	1.0
25	0	58	2.806	0.402	26.677	2.257	1.0	1.0
25	0	55	2.129	0.718	31.067	3.667	0.968	0.968
25	0	52	1.419	0.765	34.036	3.156	0.903	0.903
25	0	49	0.276	0.528	39.444	3.812	0.226	0.29
25	0	46	0.0	0.0	nan	nan	0.0	0.0
25	0	43	0.0	0.0	nan	nan	0.0	0.0
25	0	40	0.0	0.0	nan	nan	0.0	0.0
26	0	97	4.0	0.0	19.806	0.543	1.0	1.0
26	0	94	3.871	0.341	20.323	0.599	1.0	1.0
26	0	91	3.484	0.508	20.871	0.499	1.0	1.0
26	0	88	3.129	0.341	21.323	0.791	1.0	1.0
26	0	85	3.0	0.0	22.065	0.629	1.0	1.0
26	0	82	3.0	0.0	22.806	0.543	1.0	1.0
26	0	79	3.0	0.0	23.581	0.62	1.0	1.0
26	0	76	2.839	0.374	24.677	0.871	1.0	1.0
26	0	73	2.419	0.502	25.806	0.833	1.0	1.0
26	0	70	1.968	0.18	28.161	2.192	1.0	1.0
26	0	67	2.0	0.0	29.452	1.67	1.0	1.0
26	0	64	1.767	0.43	32.968	3.125	0.968	1.0
26	0	61	1.034	0.68	35.92	3.303	0.742	0.806
26	0	58	0.172	0.384	37.571	2.07	0.161	0.226
26	0	55	0.0	0.0	nan	nan	0.0	0.0
26	0	52	0.0	0.0	nan	nan	0.0	0.0
26	0	49	0.0	0.0	nan	nan	0.0	0.0
26	0	46	0.0	0.0	nan	nan	0.0	0.0
26	0	43	0.0	0.0	nan	nan	0.0	0.0
26	0	40	0.0	0.0	nan	nan	0.0	0.0
27	0	97	2.0	0.0	19.903	0.597	1.0	1.0
27	0	94	2.0	0.0	20.452	0.568	1.0	1.0
27	0	91	1.968	0.18	21.097	0.651	1.0	1.0
27	0	88	1.806	0.402	22.097	0.79	1.0	1.0
27	0	85	1.516	0.508	22.935	0.929	1.0	1.0
27	0	82	1.097	0.301	24.097	1.446	1.0	1.0
27	0	79	0.935	0.359	25.393	1.449	0.903	0.903
27	0	76	0.6	0.498	28.474	2.653	0.581	0.613
27	0	73	0.065	0.25	27.0	1.414	0.065	0.065
27	0	70	0.0	0.0	nan	nan	0.0	0.0
27	0	67	0.0	0.0	nan	nan	0.0	0.0
27	0	64	0.0	0.0	nan	nan	0.0	0.0
27	0	61	0.0	0.0	nan	nan	0.0	0.0
27	0	58	0.0	0.0	nan	nan	0.0	0.0
27	0	55	0.0	0.0	nan	nan	0.0	0.0
27	0	52	0.0	0.0	nan	nan	0.0	0.0
27	0	49	0.0	0.0	nan	nan	0.0	0.0
27	0	46	0.0	0.0	nan	nan	0.0	0.0
27	0	43	0.0	0.0	nan	nan	0.0	0.0
27	0	40	0.0	0.0	nan	nan	0.0	0.0
28	0	97	2.903	0.301	20.968	0.657	1.0	1.0
28	0	94	2.742	0.445	21.387	0.667	1.0	1.0
28	0	91	2.516	0.508	22.226	0.845	1.0	1.0
28	0	88	2.194	0.402	22.935	0.964	1.0	1.0
28	0	85	2.0	0.0	23.935	0.814	1.0	1.0
28	0	82	1.935	0.25	24.419	0.848	1.0	1.0
28	0	79	1.871	0.341	25.871	0.922	1.0	1.0
28	0	76	1.548	0.506	27.935	2.081	1.0	1.0
28	0	73	1.136	0.834	31.16	3.749	0.516	0.806
28	0	70	0.37	0.688	32.273	2.796	0.226	0.355
28	0	67	0.0	0.0	nan	nan	0.0	0.0
28	0	64	0.0	0.0	nan	nan	0.0	0.0
28	0	61	0.0	0.0	nan	nan	0.0	0.0
28	0	58	0.0	0.0	nan	nan	0.0	0.0
28	0	55	0.0	0.0	nan	nan	0.0	0.0
28	0	52	0.0	0.0	nan	nan	0.0	0.0
28	0	49	0.0	0.0	nan	nan	0.0	0.0
28	0	46	0.0	0.0	nan	nan	0.0	0.0
28	0	43	0.0	0.0	nan	nan	0.0	0.0
28	0	40	0.0	0.0	nan	nan	0.0	0.0
29	0	97	2.194	0.402	21.226	0.845	1.0	1.0
29	0	94	2.0	0.0	21.645	0.915	1.0	1.0
29	0	91	1.968	0.18	22.387	1.145	1.0	1.0
29	0	88	1.968	0.18	23.29	1.189	1.0	1.0
29	0	85	1.806	0.402	24.452	1.179	1.0	1.0
29	0	82	1.548	0.506	25.645	1.279	1.0	1.0
29	0	79	1.323	0.541	27.033	1.829	0.968	0.968
29	0	76	0.742	0.575	29.286	2.432	0.677	0.677
29	0	73	0.032	0.18	34.0	0.0	0.032	0.032
29	0	70	0.0	0.0	nan	nan	0.0	0.0
29	0	67	0.0	0.0	nan	nan	0.0	0.0
29	0	64	0.0	0.0	nan	nan	0.0	0.0
29	0	61	0.0	0.0	nan	nan	0.0	0.0
29	0	58	0.0	0.0	nan	nan	0.0	0.0
29	0	55	0.0	0.0	nan	nan	0.0	0.0
29	0	52	0.0	0.0	nan	nan	0.0	0.0
29	0	49	0.0	0.0	nan	nan	0.0	0.0
29	0	46	0.0	0.0	nan	nan	0.0	0.0
29	0	43	0.0	0.0	nan	nan	0.0	0.0
29	0	40	0.0	0.0	nan	nan	0.0	0.0
30	0	97	2.903	0.301	20.581	0.62	1.0	1.0
30	0	94	2.806	0.402	20.839	0.583	1.0	1.0
30	0	91	2.323	0.475	21.581	0.564	1.0	1.0
30	0	88	2.065	0.25	22.29	0.643	1.0	1.0
30	0	85	2.0	0.0	22.968	0.752	1.0	1.0
30	0	82	1.935	0.25	23.71	0.902	1.0	1.0
30	0	79	1.806	0.402	24.871	1.147	1.0	1.0
30	0	76	1.533	0.571	26.733	2.828	0.935	0.968
30	0	73	1.484	0.57	28.033	2.109	0.968	0.968
30	0	70	0.4	0.621	30.727	2.76	0.323	0.355
30	0	67	0.0	0.0	36.0	0.0	0.0	0.032
30	0	64	0.0	0.0	nan	nan	0.0	0.0
30	0	61	0.0	0.0	nan	nan	0.0	0.0
30	0	58	0.0	0.0	nan	nan	0.0	0.0
30	0	55	0.0	0.0	nan	nan	0.0	0.0
30	0	52	0.0	0.0	nan	nan	0.0	0.0
30	0	49	0.0	0.0	nan	nan	0.0	0.0
30	0	46	0.0	0.0	nan	nan	0.0	0.0
30	0	43	0.0	0.0	nan	nan	0.0	0.0
30	0	40	0.0	0.0	nan	nan	0.0	0.0
31	0	97	1.0	0.0	21.71	0.938	1.0	1.0
31	0	94	1.0	0.0	22.71	1.039	1.0	1.0
31	0	91	1.032	0.18	24.194	2.587	1.0	1.0
31	0	88	1.0	0.0	25.742	2.033	1.0	1.0
31	0	85	0.6	0.498	26.947	1.747	0.581	0.613
31	0	82	0.097	0.301	25.667	2.309	0.097	0.097
31	0	79	0.0	0.0	nan	nan	0.0	0.0
31	0	76	0.0	0.0	nan	nan	0.0	0.0
31	0	73	0.0	0.0	nan	nan	0.0	0.0
31	0	70	0.0	0.0	nan	nan	0.0	0.0
31	0	67	0.0	0.0	nan	nan	0.0	0.0
31	0	64	0.0	0.0	nan	nan	0.0	0.0
31	0	61	0.0	0.0	nan	nan	0.0	0.0
31	0	58	0.0	0.0	nan	nan	0.0	0.0
31	0	55	0.0	0.0	nan	nan	0.0	0.0
31	0	52	0.0	0.0	nan	nan	0.0	0.0
31	0	49	0.0	0.0	nan	nan	0.0	0.0
31	0	46	0.0	0.0	nan	nan	0.0	0.0
31	0	43	0.0	0.0	nan	nan	0.0	0.0
31	0	40	0.0	0.0	nan	nan	0.0	0.0
0	1	97	2.71	0.461	23.194	0.703	1.0	1.0
0	1	94	2.29	0.461	24.097	0.746	1.0	1.0
0	1	91	2.226	0.425	24.548	0.995	1.0	1.0
0	1	88	2.032	0.18	25.613	0.989	1.0	1.0
0	1	85	1.968	0.18	27.065	1.459	1.0	1.0
0	1	82	1.516	0.677	28.893	1.641	0.903	0.903
0	1	79	1.4	0.707	32.036	2.808	0.71	0.903
0	1	76	0.194	0.543	30.75	0.5	0.129	0.129
0	1	73	0.0	0.0	nan	nan	0.0	0.0
0	1	70	0.0	0.0	nan	nan	0.0	0.0
0	1	67	0.0	0.0	nan	nan	0.0	0.0
0	1	64	0.0	0.0	nan	nan	0.0	0.0
0	1	61	0.0	0.0	nan	nan	0.0	0.0
0	1	58	0.0	0.0	nan	nan	0.0	0.0
0	1	55	0.0	0.0	nan	nan	0.0	0.0
0	1	52	0.0	0.0	nan	nan	0.0	0.0
0	1	49	0.0	0.0	nan	nan	0.0	0.0
0	1	46	0.0	0.0	nan	nan	0.0	0.0
0	1	43	0.0	0.0	nan	nan	0.0	0.0
0	1	40	0.0	0.0	nan	nan	0.0	0.0
1	1	97	3.742	0.445	21.258	0.575	1.0	1.0
1	1	94	3.387	0.495	21.419	0.62	1.0	1.0
1	1	91	3.161	0.374	22.194	0.601	1.0	1.0
1	1	88	3.0	0.0	23.129	0.67	1.0	1.0
1	1	85	3.0	0.0	23.645	0.877	1.0	1.0
1	1	82	2.871	0.341	24.742	0.965	1.0	1.0
1	1	79	2.677	0.475	25.677	1.351	1.0	1.0
1	1	76	2.258	0.445	26.452	0.85	1.0	1.0
1	1	73	2.0	0.0	28.323	1.796	1.0	1.0
1	1	70	1.871	0.341	31.161	2.544	1.0	1.0
1	1	67	1.467	0.629	34.276	2.852	0.903	0.935
1	1	64	0.519	0.643	37.312	2.089	0.387	0.516
1	1	61	0.0	0.0	nan	nan	0.0	0.0
1	1	58	0.0	0.0	nan	nan	0.0	0.0
1	1	55	0.0	0.0	nan	nan	0.0	0.0
1	1	52	0.0	0.0	nan	nan	0.0	0.0
1	1	49	0.0	0.0	nan	nan	0.0	0.0
1	1	46	0.0	0.0	nan	nan	0.0	0.0
1	1	43	0.0	0.0	nan	nan	0.0	0.0
1	1	40	0.0	0.0	nan	nan	0.0	0.0
2	1	97	3.0	0.0	19.71	0.529	1.0	1.0
2	1	94	3.0	0.0	20.29	0.588	1.0	1.0
2	1	91	3.0	0.0	20.871	0.846	1.0	1.0
2	1	88	2.806	0.402	21.419	0.62	1.0	1.0
2	1	85	2.484	0.508	22.226	0.762	1.0	1.0
2	1	82	2.0	0.0	23.065	1.093	1.0	1.0
2	1	79	2.0	0.0	24.387	1.145	1.0	1.0
2	1	76	2.0	0.0	25.581	0.992	1.0	1.0
2	1	73	1.968	0.18	28.581	2.907	1.0	1.0
2	1	70	1.742	0.514	31.033	2.834	0.968	0.968
2	1	67	0.682	0.716	37.048	2.906	0.387	0.677
2	1	64	0.033	0.183	35.5	4.95	0.032	0.065
2	1	61	0.0	0.0	nan	nan	0.0	0.0
2	1	58	0.0	0.0	nan	nan	0.0	0.0
2	1	55	0.0	0.0	nan	nan	0.0	0.0
2	1	52	0.0	0.0	nan	nan	0.0	0.0
2	1	49	0.0	0.0	nan	nan	0.0	0.0
2	1	46	0.0	0.0	nan	nan	0.0	0.0
2	1	43	0.0	0.0	nan	nan	0.0	0.0
2	1	40	0.0	0.0	nan	nan	0.0	0.0
3	1	97	3.161	0.374	21.161	0.454	1.0	1.0
3	1	94	3.0	0.0	21.903	0.597	1.0	1.0
3	1	91	3.0	0.0	22.387	0.615	1.0	1.0
3	1	88	2.968	0.18	23.032	0.912	1.0	1.0
3	1	85	2.968	0.18	23.742	0.893	1.0	1.0
3	1	82	2.484	0.508	24.677	0.979	1.0	1.0
3	1	79	2.097	0.301	25.613	0.955	1.0	1.0
3	1	76	2.032	0.18	27.774	1.707	1.0	1.0
3	1	73	1.935	0.25	29.484	2.488	1.0	1.0
3	1	70	1.759	0.435	32.419	2.377	0.935	1.0
3	1	67	1.091	0.75	35.923	4.185	0.548	0.839
3	1	64	0.0	0.0	nan	nan	0.0	0.0
3	1	61	0.0	0.0	nan	nan	0.0	0.0
3	1	58	0.0	0.0	nan	nan	0.0	0.0
3	1	55	0.0	0.0	nan	nan	0.0	0.0
3	1	52	0.0	0.0	nan	nan	0.0	0.0
3	1	49	0.0	0.0	nan	nan	0.0	0.0
3	1	46	0.0	0.0	nan	nan	0.0	0.0
3	1	43	0.0	0.0	nan	nan	0.0	0.0
3	1	40	0.0	0.0	nan	nan	0.0	0.0
4	1	97	5.065	0.25	18.903	0.597	1.0	1.0
4	1	94	4.452	0.506	19.387	0.558	1.0	1.0
4	1	91	4.097	0.301	20.0	0.632	1.0	1.0
4	1	88	4.032	0.18	20.097	0.539	1.0	1.0
4	1	85	4.0	0.0	20.774	0.617	1.0	1.0
4	1	82	3.935	0.25	21.484	0.677	1.0	1.0
4	1	79	3.581	0.502	22.29	0.529	1.0	1.0
4	1	76	3.097	0.301	23.032	0.706	1.0	1.0
4	1	73	3.0	0.0	24.032	1.14	1.0	1.0
4	1	70	3.0	0.0	25.129	1.147	1.0	1.0
4	1	67	2.935	0.25	26.903	1.35	1.0	1.0
4	1	64	2.581	0.502	28.613	1.764	1.0	1.0
4	1	61	1.968	0.407	31.903	2.329	1.0	1.0
4	1	58	1.5	0.63	35.167	3.505	0.935	0.968
4	1	55	0.433	0.504	40.5	2.21	0.419	0.452
4	1	52	0.0	0.0	nan	nan	0.0	0.0
4	1	49	0.0	0.0	nan	nan	0.0	0.0
4	1	46	0.0	0.0	nan	nan	0.0	0.0
4	1	43	0.0	0.0	nan	nan	0.0	0.0
4	1	40	0.0	0.0	nan	nan	0.0	0.0
5	1	97	1.645	0.486	23.032	0.706	1.0	1.0
5	1	94	1.419	0.502	24.194	0.833	1.0	1.0
5	1	91	1.0	0.258	25.367	0.999	0.968	0.968
5	1	88	0.929	0.262	27.828	2.965	0.839	0.935
5	1	85	0.5	0.509	29.312	2.915	0.484	0.516
5	1	82	0.0	0.0	nan	nan	0.0	0.0
5	1	79	0.0	0.0	nan	nan	0.0	0.0
5	1	76	0.0	0.0	nan	nan	0.0	0.0
5	1	73	0.0	0.0	nan	nan	0.0	0.0
5	1	70	0.0	0.0	nan	nan	0.0	0.0
5	1	67	0.0	0.0	nan	nan	0.0	0.0
5	1	64	0.0	0.0	nan	nan	0.0	0.0
5	1	61	0.0	0.0	nan	nan	0.0	0.0
5	1	58	0.0	0.0	nan	nan	0.0	0.0
5	1	55	0.0	0.0	nan	nan	0.0	0.0
5	1	52	0.0	0.0	nan	nan	0.0	0.0
5	1	49	0.0	0.0	nan	nan	0.0	0.0
5	1	46	0.0	0.0	nan	nan	0.0	0.0
5	1	43	0.0	0.0	nan	nan	0.0	0.0
5	1	40	0.0	0.0	nan	nan	0.0	0.0
6	1	97	3.065	0.25	19.871	0.341	1.0	1.0
6	1	94	3.0	0.0	20.484	0.626	1.0	1.0
6	1	91	3.032	0.18	20.935	0.772	1.0	1.0
6	1	88	2.968	0.18	21.742	0.855	1.0	1.0
6	1	85	2.839	0.374	22.516	1.061	1.0	1.0
6	1	82	2.484	0.508	23.258	0.893	1.0	1.0
6	1	79	2.032	0.18	24.484	1.061	1.0	1.0
6	1	76	2.0	0.0	25.516	1.151	1.0	1.0
6	1	73	2.0	0.0	27.484	1.411	1.0	1.0
6	1	70	1.9	0.305	31.71	2.819	0.968	1.0
6	1	67	1.385	0.697	34.643	3.033	0.742	0.903
6	1	64	0.2	0.407	37.286	2.215	0.194	0.226
6	1	61	0.0	0.0	nan	nan	0.0	0.0
6	1	58	0.0	0.0	nan	nan	0.0	0.0
6	1	55	0.0	0.0	nan	nan	0.0	0.0
6	1	52	0.0	0.0	nan	nan	0.0	0.0
6	1	49	0.0	0.0	nan	nan	0.0	0.0
6	1	46	0.0	0.0	nan	nan	0.0	0.0
6	1	43	0.0	0.0	nan	nan	0.0	0.0
6	1	40	0.0	0.0	nan	nan	0.0	0.0
7	1	97	3.968	0.315	18.871	0.619	1.0	1.0
7	1	94	3.742	0.514	19.29	0.739	1.0	1.0
7	1	91	3.484	0.508	19.839	0.735	1.0	1.0
7	1	88	3.29	0.461	20.161	0.735	1.0	1.0
7	1	85	3.065	0.359	20.968	0.752	1.0	1.0
7	1	82	2.968	0.18	21.226	0.845	1.0	1.0
7	1	79	2.677	0.475	22.387	1.308	1.0	1.0
7	1	76	2.419	0.564	23.0	1.033	1.0	1.0
7	1	73	2.29	0.461	24.194	0.98	1.0	1.0
7	1	70	2.097	0.301	24.968	0.948	1.0	1.0
7	1	67	1.8	0.484	27.567	3.126	0.935	0.968
7	1	64	1.6	0.675	29.214	2.74	0.871	0.903
7	1	61	0.4	0.724	30.778	2.635	0.258	0.29
7	1	58	0.0	0.0	36.0	0.0	0.0	0.032
7	1	55	0.0	0.0	nan	nan	0.0	0.0
7	1	52	0.0	0.0	nan	nan	0.0	0.0
7	1	49	0.0	0.0	nan	nan	0.0	0.0
7	1	46	0.0	0.0	nan	nan	0.0	0.0
7	1	43	0.0	0.0	nan	nan	0.0	0.0
7	1	40	0.0	0.0	nan	nan	0.0	0.0
8	1	97	4.677	0.475	22.032	0.657	1.0	1.0
8	1	94	4.29	0.461	22.806	0.946	1.0	1.0
8	1	91	3.968	0.18	23.419	0.672	1.0	1.0
8	1	88	3.968	0.315	24.29	1.039	1.0	1.0
8	1	85	3.903	0.301	24.806	0.946	1.0	1.0
8	1	82	3.226	0.425	25.903	1.193	1.0	1.0
8	1	79	3.097	0.396	27.258	1.632	1.0	1.0
8	1	76	2.774	0.425	29.129	1.586	1.0	1.0
8	1	73	2.677	0.541	30.839	1.968	1.0	1.0
8	1	70	1.871	0.763	33.968	2.415	1.0	1.0
8	1	67	1.103	0.673	36.667	2.732	0.806	0.871
8	1	64	0.161	0.374	39.2	1.789	0.161	0.161
8	1	61	0.0	0.0	nan	nan	0.0	0.0
8	1	58	0.0	0.0	nan	nan	0.0	0.0
8	1	55	0.0	0.0	nan	nan	0.0	0.0
8	1	52	0.0	0.0	nan	nan	0.0	0.0
8	1	49	0.0	0.0	nan	nan	0.0	0.0
8	1	46	0.0	0.0	nan	nan	0.0	0.0
8	1	43	0.0	0.0	nan	nan	0.0	0.0
8	1	40	0.0	0.0	nan	nan	0.0	0.0
9	1	97	2.032	0.18	19.645	0.661	1.0	1.0
9	1	94	1.968	0.18	20.0	0.632	1.0	1.0
9	1	91	1.742	0.445	20.742	0.773	1.0	1.0
9	1	88	1.484	0.508	21.548	0.768	1.0	1.0
9	1	85	1.097	0.301	22.129	0.806	1.0	1.0
9	1	82	1.032	0.18	23.419	1.455	1.0	1.0
9	1	79	1.0	0.0	24.548	1.121	1.0	1.0
9	1	76	0.839	0.374	26.769	2.582	0.839	0.839
9	1	73	0.29	0.461	28.111	2.759	0.29	0.29
9	1	70	0.0	0.0	nan	nan	0.0	0.0
9	1	67	0.0	0.0	nan	nan	0.0	0.0
9	1	64	0.0	0.0	nan	nan	0.0	0.0
9	1	61	0.0	0.0	nan	nan	0.0	0.0
9	1	58	0.0	0.0	nan	nan	0.0	0.0
9	1	55	0.0	0.0	nan	nan	0.0	0.0
9	1	52	0.0	0.0	nan	nan	0.0	0.0
9	1	49	0.0	0.0	nan	nan	0.0	0.0
9	1	46	0.0	0.0	nan	nan	0.0	0.0
9	1	43	0.0	0.0	nan	nan	0.0	0.0
9	1	40	0.0	0.0	nan	nan	0.0	0.0
10	1	97	3.226	0.497	18.839	0.523	1.0	1.0
10	1	94	3.032	0.18	19.129	0.619	1.0	1.0
10	1	91	3.032	0.18	19.806	0.792	1.0	1.0
10	1	88	3.0	0.0	20.387	0.558	1.0	1.0
10	1	85	2.903	0.301	21.129	0.67	1.0	1.0
10	1	82	2.839	0.454	21.968	1.08	1.0	1.0
10	1	79	2.129	0.341	23.032	0.752	1.0	1.0
10	1	76	2.032	0.18	23.935	1.692	1.0	1.0
10	1	73	1.935	0.25	25.645	2.457	1.0	1.0
10	1	70	1.968	0.18	26.613	2.39	1.0	1.0
10	1	67	1.9	0.305	29.871	3.008	0.968	1.0
10	1	64	1.25	0.887	32.174	3.084	0.645	0.742
10	1	61	0.103	0.31	38.2	2.588	0.097	0.161
10	1	58	0.0	0.0	41.0	0.0	0.0	0.032
10	1	55	0.0	0.0	nan	nan	0.0	0.0
10	1	52	0.0	0.0	nan	nan	0.0	0.0
10	1	49	0.0	0.0	nan	nan	0.0	0.0
10	1	46	0.0	0.0	nan	nan	0.0	0.0
10	1	43	0.0	0.0	nan	nan	0.0	0.0
10	1	40	0.0	0.0	nan	nan	0.0	0.0
11	1	97	4.0	0.0	20.387	0.715	1.0	1.0
11	1	94	4.0	0.258	20.645	0.798	1.0	1.0
11	1	91	3.935	0.25	21.226	0.617	1.0	1.0
11	1	88	3.581	0.502	21.903	0.79	1.0	1.0
11	1	85	3.258	0.445	22.419	0.848	1.0	1.0
11	1	82	3.0	0.0	23.032	0.605	1.0	1.0
11	1	79	3.0	0.0	23.677	0.791	1.0	1.0
11	1	76	3.0	0.0	24.774	1.117	1.0	1.0
11	1	73	2.935	0.25	26.032	1.016	1.0	1.0
11	1	70	2.484	0.508	27.968	1.871	1.0	1.0
11	1	67	1.935	0.359	30.065	2.462	1.0	1.0
11	1	64	1.677	0.475	32.484	2.874	1.0	1.0
11	1	61	1.067	0.365	36.967	3.113	0.935	0.968
11	1	58	0.276	0.455	40.0	3.333	0.258	0.323
11	1	55	0.0	0.0	nan	nan	0.0	0.0
11	1	52	0.0	0.0	nan	nan	0.0	0.0
11	1	49	0.0	0.0	nan	nan	0.0	0.0
11	1	46	0.0	0.0	nan	nan	0.0	0.0
11	1	43	0.0	0.0	nan	nan	0.0	0.0
11	1	40	0.0	0.0	nan	nan	0.0	0.0
12	1	97	1.613	0.495	24.258	1.032	1.0	1.0
12	1	94	1.419	0.502	25.29	1.465	1.0	1.0
12	1	91	1.032	0.407	26.448	1.502	0.935	0.935
12	1	88	0.968	0.315	28.379	2.077	0.935	0.935
12	1	85	0.581	0.502	29.389	2.429	0.581	0.581
12	1	82	0.067	0.254	33.667	1.528	0.065	0.097
12	1	79	0.0	0.0	nan	nan	0.0	0.0
12	1	76	0.0	0.0	nan	nan	0.0	0.0
12	1	73	0.0	0.0	nan	nan	0.0	0.0
12	1	70	0.0	0.0	nan	nan	0.0	0.0
12	1	67	0.0	0.0	nan	nan	0.0	0.0
12	1	64	0.0	0.0	nan	nan	0.0	0.0
12	1	61	0.0	0.0	nan	nan	0.0	0.0
12	1	58	0.0	0.0	nan	nan	0.0	0.0
12	1	55	0.0	0.0	nan	nan	0.0	0.0
12	1	52	0.0	0.0	nan	nan	0.0	0.0
12	1	49	0.0	0.0	nan	nan	0.0	0.0
12	1	46	0.0	0.0	nan	nan	0.0	0.0
12	1	43	0.0	0.0	nan	nan	0.0	0.0
12	1	40	0.0	0.0	nan	nan	0.0	0.0
13	1	97	3.258	0.682	18.387	0.761	1.0	1.0
13	1	94	2.581	0.564	18.903	0.7	1.0	1.0
13	1	91	2.226	0.497	19.419	0.765	1.0	1.0
13	1	88	2.129	0.428	19.71	1.039	1.0	1.0
13	1	85	2.0	0.0	20.355	0.755	1.0	1.0
13	1	82	1.968	0.18	21.226	0.884	1.0	1.0
13	1	79	1.871	0.341	22.548	0.925	1.0	1.0
13	1	76	1.516	0.508	23.677	0.909	1.0	1.0
13	1	73	1.129	0.341	24.935	1.482	1.0	1.0
13	1	70	0.806	0.402	27.0	2.533	0.806	0.806
13	1	67	0.355	0.486	29.0	2.569	0.355	0.355
13	1	64	0.065	0.25	29.5	2.121	0.065	0.065
13	1	61	0.0	0.0	nan	nan	0.0	0.0
13	1	58	0.0	0.0	nan	nan	0.0	0.0
13	1	55	0.0	0.0	nan	nan	0.0	0.0
13	1	52	0.0	0.0	nan	nan	0.0	0.0
13	1	49	0.0	0.0	nan	nan	0.0	0.0
13	1	46	0.0	0.0	nan	nan	0.0	0.0
13	1	43	0.0	0.0	nan	nan	0.0	0.0
13	1	40	0.0	0.0	nan	nan	0.0	0.0
14	1	97	2.355	0.486	21.935	0.629	1.0	1.0
14	1	94	2.097	0.301	22.71	0.739	1.0	1.0
14	1	91	2.032	0.18	22.968	0.752	1.0	1.0
14	1	88	1.968	0.18	24.032	1.449	1.0	1.0
14	1	85	1.871	0.341	25.065	1.181	1.0	1.0
14	1	82	1.742	0.445	26.419	1.628	1.0	1.0
14	1	79	1.516	0.508	28.581	2.203	1.0	1.0
14	1	76	0.533	0.681	30.429	2.311	0.419	0.452
14	1	73	0.194	0.402	30.667	2.805	0.194	0.194
14	1	70	0.0	0.0	nan	nan	0.0	0.0
14	1	67	0.0	0.0	nan	nan	0.0	0.0
14	1	64	0.0	0.0	nan	nan	0.0	0.0
14	1	61	0.0	0.0	nan	nan	0.0	0.0
14	1	58	0.0	0.0	nan	nan	0.0	0.0
14	1	55	0.0	0.0	nan	nan	0.0	0.0
14	1	52	0.0	0.0	nan	nan	0.0	0.0
14	1	49	0.0	0.0	nan	nan	0.0	0.0
14	1	46	0.0	0.0	nan	nan	0.0	0.0
14	1	43	0.0	0.0	nan	nan	0.0	0.0
14	1	40	0.0	0.0	nan	nan	0.0	0.0
15	1	97	2.968	0.18	21.129	0.718	1.0	1.0
15	1	94	2.742	0.445	21.968	0.657	1.0	1.0
15	1	91	2.419	0.502	22.581	0.672	1.0	1.0
15	1	88	2.129	0.341	23.645	1.112	1.0	1.0
15	1	85	2.032	0.18	24.452	1.06	1.0	1.0
15	1	82	2.0	0.0	25.839	1.485	1.0	1.0
15	1	79	1.774	0.425	27.097	2.055	1.0	1.0
15	1	76	1.433	0.679	28.607	2.91	0.871	0.903
15	1	73	0.25	0.518	33.667	2.179	0.194	0.29
15	1	70	0.0	0.0	36.0	0.0	0.0	0.065
15	1	67	0.0	0.0	nan	nan	0.0	0.0
15	1	64	0.0	0.0	nan	nan	0.0	0.0
15	1	61	0.0	0.0	nan	nan	0.0	0.0
15	1	58	0.0	0.0	nan	nan	0.0	0.0
15	1	55	0.0	0.0	nan	nan	0.0	0.0
15	1	52	0.0	0.0	nan	nan	0.0	0.0
15	1	49	0.0	0.0	nan	nan	0.0	0.0
15	1	46	0.0	0.0	nan	nan	0.0	0.0
15	1	43	0.0	0.0	nan	nan	0.0	0.0
15	1	40	0.0	0.0	nan	nan	0.0	0.0
16	1	97	3.226	0.425	20.871	0.67	1.0	1.0
16	1	94	3.161	0.374	21.355	0.839	1.0	1.0
16	1	91	3.032	0.315	21.903	0.944	1.0	1.0
16	1	88	2.871	0.341	22.548	0.675	1.0	1.0
16	1	85	2.581	0.502	23.065	0.772	1.0	1.0
16	1	82	2.355	0.486	23.968	0.875	1.0	1.0
16	1	79	2.065	0.25	25.258	1.39	1.0	1.0
16	1	76	1.968	0.315	26.548	1.65	1.0	1.0
16	1	73	1.667	0.661	28.607	2.529	0.871	0.903
16	1	70	1.214	0.787	30.4	3.175	0.71	0.806
16	1	67	0.226	0.497	32.0	1.789	0.194	0.194
16	1	64	0.032	0.18	31.0	0.0	0.032	0.032
16	1	61	0.0	0.0	nan	nan	0.0	0.0
16	1	58	0.0	0.0	nan	nan	0.0	0.0
16	1	55	0.0	0.0	nan	nan	0.0	0.0
16	1	52	0.0	0.0	nan	nan	0.0	0.0
16	1	49	0.0	0.0	nan	nan	0.0	0.0
16	1	46	0.0	0.0	nan	nan	0.0	0.0
16	1	43	0.0	0.0	nan	nan	0.0	0.0
16	1	40	0.0	0.0	nan	nan	0.0	0.0
17	1	97	4.161	0.374	18.71	0.529	1.0	1.0
17	1	94	3.839	0.523	19.097	0.746	1.0	1.0
17	1	91	3.355	0.486	19.581	0.502	1.0	1.0
17	1	88	3.097	0.301	20.129	0.499	1.0	1.0
17	1	85	3.032	0.18	20.645	0.755	1.0	1.0
17	1	82	2.968	0.18	21.323	0.791	1.0	1.0
17	1	79	3.0	0.0	21.806	1.276	1.0	1.0
17	1	76	2.935	0.25	22.806	0.91	1.0	1.0
17	1	73	2.387	0.495	24.194	1.25	1.0	1.0
17	1	70	2.161	0.374	25.097	1.62	1.0	1.0
17	1	67	1.968	0.407	27.0	1.875	0.968	0.968
17	1	64	1.968	0.18	28.613	2.552	1.0	1.0
17	1	61	1.414	0.825	33.16	3.902	0.742	0.806
17	1	58	0.414	0.568	38.154	3.051	0.355	0.419
17	1	55	0.0	0.0	nan	nan	0.0	0.0
17	1	52	0.0	0.0	nan	nan	0.0	0.0
17	1	49	0.0	0.0	nan	nan	0.0	0.0
17	1	46	0.0	0.0	nan	nan	0.0	0.0
17	1	43	0.0	0.0	nan	nan	0.0	0.0
17	1	40	0.0	0.0	nan	nan	0.0	0.0
18	1	97	2.0	0.0	23.581	0.848	1.0	1.0
18	1	94	1.935	0.25	24.452	1.028	1.0	1.0
18	1	91	1.645	0.486	25.194	0.946	1.0	1.0
18	1	88	1.29	0.461	26.548	1.362	1.0	1.0
18	1	85	0.903	0.473	28.192	1.96	0.839	0.839
18	1	82	0.733	0.521	30.182	3.049	0.677	0.71
18	1	79	0.097	0.301	30.667	2.082	0.097	0.097
18	1	76	0.0	0.0	nan	nan	0.0	0.0
18	1	73	0.0	0.0	nan	nan	0.0	0.0
18	1	70	0.0	0.0	nan	nan	0.0	0.0
18	1	67	0.0	0.0	nan	nan	0.0	0.0
18	1	64	0.0	0.0	nan	nan	0.0	0.0
18	1	61	0.0	0.0	nan	nan	0.0	0.0
18	1	58	0.0	0.0	nan	nan	0.0	0.0
18	1	55	0.0	0.0	nan	nan	0.0	0.0
18	1	52	0.0	0.0	nan	nan	0.0	0.0
18	1	49	0.0	0.0	nan	nan	0.0	0.0
18	1	46	0.0	0.0	nan	nan	0.0	0.0
18	1	43	0.0	0.0	nan	nan	0.0	0.0
18	1	40	0.0	0.0	nan	nan	0.0	0.0
19	1	97	4.129	0.341	20.516	0.677	1.0	1.0
19	1	94	3.968	0.18	21.129	0.67	1.0	1.0
19	1	91	4.032	0.18	21.677	0.909	1.0	1.0
19	1	88	3.742	0.445	22.355	0.755	1.0	1.0
19	1	85	3.516	0.508	23.355	0.661	1.0	1.0
19	1	82	3.097	0.301	24.194	1.25	1.0	1.0
19	1	79	3.032	0.18	24.871	0.957	1.0	1.0
19	1	76	2.968	0.18	25.806	1.078	1.0	1.0
19	1	73	2.935	0.25	27.516	1.029	1.0	1.0
19	1	70	2.367	0.556	30.613	2.654	0.968	1.0
19	1	67	1.677	0.599	32.806	3.301	1.0	1.0
19	1	64	0.967	0.615	36.84	2.911	0.774	0.806
19	1	61	0.172	0.384	40.857	2.41	0.161	0.226
19	1	58	0.0	0.0	nan	nan	0.0	0.0
19	1	55	0.0	0.0	nan	nan	0.0	0.0
19	1	52	0.0	0.0	nan	nan	0.0	0.0
19	1	49	0.0	0.0	nan	nan	0.0	0.0
19	1	46	0.0	0.0	nan	nan	0.0	0.0
19	1	43	0.0	0.0	nan	nan	0.0	0.0
19	1	40	0.0	0.0	nan	nan	0.0	0.0
20	1	97	3.613	0.495	19.387	0.558	1.0	1.0
20	1	94	3.194	0.402	19.968	0.912	1.0	1.0
20	1	91	3.129	0.341	20.161	1.098	1.0	1.0
20	1	88	3.0	0.0	21.065	1.031	1.0	1.0
20	1	85	2.935	0.25	21.645	1.112	1.0	1.0
20	1	82	2.806	0.402	22.323	1.107	1.0	1.0
20	1	79	2.484	0.508	23.032	1.169	1.0	1.0
20	1	76	2.097	0.301	24.323	1.4	1.0	1.0
20	1	73	2.032	0.18	25.226	1.309	1.0	1.0
20	1	70	1.935	0.359	27.0	1.857	0.968	0.968
20	1	67	1.867	0.346	29.097	2.3	0.968	1.0
20	1	64	1.36	0.7	33.036	3.339	0.71	0.903
20	1	61	0.519	0.802	34.308	2.428	0.29	0.419
20	1	58	0.0	0.0	nan	nan	0.0	0.0
20	1	55	0.0	0.0	nan	nan	0.0	0.0
20	1	52	0.0	0.0	nan	nan	0.0	0.0
20	1	49	0.0	0.0	nan	nan	0.0	0.0
20	1	46	0.0	0.0	nan	nan	0.0	0.0
20	1	43	0.0	0.0	nan	nan	0.0	0.0
20	1	40	0.0	0.0	nan	nan	0.0	0.0
21	1	97	1.968	0.18	22.806	0.98	1.0	1.0
21	1	94	1.806	0.402	23.839	0.86	1.0	1.0
21	1	91	1.419	0.502	24.71	1.296	1.0	1.0
21	1	88	0.968	0.18	26.867	2.177	0.968	0.968
21	1	85	0.71	0.461	28.182	1.943	0.71	0.71
21	1	82	0.379	0.494	31.077	3.616	0.355	0.419
21	1	79	0.067	0.254	31.333	3.215	0.065	0.097
21	1	76	0.0	0.0	nan	nan	0.0	0.0
21	1	73	0.0	0.0	nan	nan	0.0	0.0
21	1	70	0.0	0.0	nan	nan	0.0	0.0
21	1	67	0.0	0.0	nan	nan	0.0	0.0
21	1	64	0.0	0.0	nan	nan	0.0	0.0
21	1	61	0.0	0.0	nan	nan	0.0	0.0
21	1	58	0.0	0.0	nan	nan	0.0	0.0
21	1	55	0.0	0.0	nan	nan	0.0	0.0
21	1	52	0.0	0.0	nan	nan	0.0	0.0
21	1	49	0.0	0.0	nan	nan	0.0	0.0
21	1	46	0.0	0.0	nan	nan	0.0	0.0
21	1	43	0.0	0.0	nan	nan	0.0	0.0
21	1	40	0.0	0.0	nan	nan	0.0	0.0
22	1	97	4.032	0.18	19.29	0.588	1.0	1.0
22	1	94	3.968	0.18	19.677	0.541	1.0	1.0
22	1	91	4.0	0.0	19.968	0.547	1.0	1.0
22	1	88	3.903	0.301	20.742	0.631	1.0	1.0
22	1	85	3.484	0.508	21.323	0.832	1.0	1.0
22	1	82	3.065	0.25	21.871	0.885	1.0	1.0
22	1	79	3.0	0.0	22.484	0.89	1.0	1.0
22	1	76	3.0	0.0	23.806	1.515	1.0	1.0
22	1	73	2.903	0.301	24.839	1.036	1.0	1.0
22	1	70	2.516	0.508	26.129	1.088	1.0	1.0
22	1	67	2.161	0.374	27.774	1.117	1.0	1.0
22	1	64	2.0	0.0	29.968	2.258	1.0	1.0
22	1	61	1.516	0.508	34.032	2.714	1.0	1.0
22	1	58	0.931	0.651	36.792	3.243	0.71	0.774
22	1	55	0.065	0.25	41.0	2.828	0.065	0.065
22	1	52	0.0	0.0	nan	nan	0.0	0.0
22	1	49	0.0	0.0	nan	nan	0.0	0.0
22	1	46	0.0	0.0	nan	nan	0.0	0.0
22	1	43	0.0	0.0	nan	nan	0.0	0.0
22	1	40	0.0	0.0	nan	nan	0.0	0.0
23	1	97	1.935	0.25	23.161	0.688	1.0	1.0
23	1	94	1.677	0.475	23.806	0.833	1.0	1.0
23	1	91	1.258	0.445	24.935	0.814	1.0	1.0
23	1	88	1.032	0.18	26.29	1.829	1.0	1.0
23	1	85	0.903	0.301	27.821	1.565	0.903	0.903
23	1	82	0.29	0.461	29.0	1.871	0.29	0.29
23	1	79	0.0	0.0	nan	nan	0.0	0.0
23	1	76	0.0	0.0	nan	nan	0.0	0.0
23	1	73	0.0	0.0	nan	nan	0.0	0.0
23	1	70	0.0	0.0	nan	nan	0.0	0.0
23	1	67	0.0	0.0	nan	nan	0.0	0.0
23	1	64	0.0	0.0	nan	nan	0.0	0.0
23	1	61	0.0	0.0	nan	nan	0.0	0.0
23	1	58	0.0	0.0	nan	nan	0.0	0.0
23	1	55	0.0	0.0	nan	nan	0.0	0.0
23	1	52	0.0	0.0	nan	nan	0.0	0.0
23	1	49	0.0	0.0	nan	nan	0.0	0.0
23	1	46	0.0	0.0	nan	nan	0.0	0.0
23	1	43	0.0	0.0	nan	nan	0.0	0.0
23	1	40	0.0	0.0	nan	nan	0.0	0.0
24	1	97	2.0	0.0	20.903	0.651	1.0	1.0
24	1	94	2.065	0.25	21.452	0.624	1.0	1.0
24	1	91	2.0	0.0	22.129	0.806	1.0	1.0
24	1	88	2.0	0.0	22.516	0.811	1.0	1.0
24	1	85	1.839	0.374	23.71	0.864	1.0	1.0
24	1	82	1.645	0.486	24.742	1.094	1.0	1.0
24	1	79	1.323	0.475	25.581	1.501	1.0	1.0
24	1	76	0.767	0.43	29.042	2.404	0.742	0.774
24	1	73	0.3	0.466	30.4	2.716	0.29	0.323
24	1	70	0.0	0.0	nan	nan	0.0	0.0
24	1	67	0.0	0.0	nan	nan	0.0	0.0
24	1	64	0.0	0.0	nan	nan	0.0	0.0
24	1	61	0.0	0.0	nan	nan	0.0	0.0
24	1	58	0.0	0.0	nan	nan	0.0	0.0
24	1	55	0.0	0.0	nan	nan	0.0	0.0
24	1	52	0.0	0.0	nan	nan	0.0	0.0
24	1	49	0.0	0.0	nan	nan	0.0	0.0
24	1	46	0.0	0.0	nan	nan	0.0	0.0
24	1	43	0.0	0.0	nan	nan	0.0	0.0
24	1	40	0.0	0.0	nan	nan	0.0	0.0
25	1	97	1.0	0.0	23.71	0.824	1.0	1.0
25	1	94	1.0	0.0	24.613	0.955	1.0	1.0
25	1	91	1.0	0.0	26.387	1.308	1.0	1.0
25	1	88	0.355	0.486	28.273	2.76	0.355	0.355
25	1	85	0.129	0.341	28.0	2.449	0.129	0.129
25	1	82	0.0	0.0	nan	nan	0.0	0.0
25	1	79	0.0	0.0	nan	nan	0.0	0.0
25	1	76	0.0	0.0	nan	nan	0.0	0.0
25	1	73	0.0	0.0	nan	nan	0.0	0.0
25	1	70	0.0	0.0	nan	nan	0.0	0.0
25	1	67	0.0	0.0	nan	nan	0.0	0.0
25	1	64	0.0	0.0	nan	nan	0.0	0.0
25	1	61	0.0	0.0	nan	nan	0.0	0.0
25	1	58	0.0	0.0	nan	nan	0.0	0.0
25	1	55	0.0	0.0	nan	nan	0.0	0.0
25	1	52	0.0	0.0	nan	nan	0.0	0.0
25	1	49	0.0	0.0	nan	nan	0.0	0.0
25	1	46	0.0	0.0	nan	nan	0.0	0.0
25	1	43	0.0	0.0	nan	nan	0.0	0.0
25	1	40	0.0	0.0	nan	nan	0.0	0.0
26	1	97	4.0	0.0	21.387	0.667	1.0	1.0
26	1	94	3.871	0.341	21.613	0.615	1.0	1.0
26	1	91	3.452	0.506	22.258	0.729	1.0	1.0
26	1	88	3.097	0.301	23.0	0.856	1.0	1.0
26	1	85	3.0	0.0	23.774	0.56	1.0	1.0
26	1	82	3.0	0.0	24.613	0.715	1.0	1.0
26	1	79	3.0	0.258	25.742	0.893	1.0	1.0
26	1	76	2.71	0.461	26.645	1.253	1.0	1.0
26	1	73	2.29	0.461	28.194	1.701	1.0	1.0
26	1	70	1.871	0.341	30.742	2.206	1.0	1.0
26	1	67	1.516	0.57	33.833	2.394	0.968	0.968
26	1	64	0.885	0.588	38.48	2.988	0.645	0.806
26	1	61	0.129	0.428	33.0	4.583	0.097	0.097
26	1	58	0.0	0.0	nan	nan	0.0	0.0
26	1	55	0.0	0.0	nan	nan	0.0	0.0
26	1	52	0.0	0.0	nan	nan	0.0	0.0
26	1	49	0.0	0.0	nan	nan	0.0	0.0
26	1	46	0.0	0.0	nan	nan	0.0	0.0
26	1	43	0.0	0.0	nan	nan	0.0	0.0
26	1	40	0.0	0.0	nan	nan	0.0	0.0
27	1	97	3.742	0.445	19.516	0.57	1.0	1.0
27	1	94	3.452	0.506	20.0	0.632	1.0	1.0
27	1	91	3.129	0.341	20.258	0.631	1.0	1.0
27	1	88	3.0	0.0	20.774	0.617	1.0	1.0
27	1	85	2.968	0.18	21.548	0.568	1.0	1.0
27	1	82	2.871	0.341	22.032	0.795	1.0	1.0
27	1	79	2.419	0.502	23.129	1.024	1.0	1.0
27	1	76	2.129	0.341	23.516	0.724	1.0	1.0
27	1	73	2.0	0.258	24.355	1.018	1.0	1.0
27	1	70	2.0	0.0	26.0	1.461	1.0	1.0
27	1	67	1.867	0.346	28.0	2.477	0.968	1.0
27	1	64	1.444	0.641	30.621	3.267	0.806	0.935
27	1	61	0.231	0.514	32.9	5.567	0.161	0.323
27	1	58	0.032	0.18	31.0	0.0	0.032	0.032
27	1	55	0.0	0.0	nan	nan	0.0	0.0
27	1	52	0.0	0.0	nan	nan	0.0	0.0
27	1	49	0.0	0.0	nan	nan	0.0	0.0
27	1	46	0.0	0.0	nan	nan	0.0	0.0
27	1	43	0.0	0.0	nan	nan	0.0	0.0
27	1	40	0.0	0.0	nan	nan	0.0	0.0
28	1	97	2.839	0.374	20.258	0.682	1.0	1.0
28	1	94	2.387	0.495	20.71	0.693	1.0	1.0
28	1	91	2.065	0.25	21.258	0.631	1.0	1.0
28	1	88	2.0	0.0	22.129	0.922	1.0	1.0
28	1	85	2.0	0.0	22.742	1.064	1.0	1.0
28	1	82	1.968	0.18	24.355	1.199	1.0	1.0
28	1	79	1.516	0.508	25.613	1.476	1.0	1.0
28	1	76	0.964	0.508	28.741	3.928	0.774	0.871
28	1	73	0.032	0.18	28.0	0.0	0.032	0.032
28	1	70	0.0	0.0	nan	nan	0.0	0.0
28	1	67	0.0	0.0	nan	nan	0.0	0.0
28	1	64	0.0	0.0	nan	nan	0.0	0.0
28	1	61	0.0	0.0	nan	nan	0.0	0.0
28	1	58	0.0	0.0	nan	nan	0.0	0.0
28	1	55	0.0	0.0	nan	nan	0.0	0.0
28	1	52	0.0	0.0	nan	nan	0.0	0.0
28	1	49	0.0	0.0	nan	nan	0.0	0.0
28	1	46	0.0	0.0	nan	nan	0.0	0.0
28	1	43	0.0	0.0	nan	nan	0.0	0.0
28	1	40	0.0	0.0	nan	nan	0.0	0.0
29	1	97	4.065	0.359	16.839	0.523	1.0	1.0
29	1	94	3.968	0.18	17.387	0.495	1.0	1.0
29	1	91	3.903	0.301	17.516	0.769	1.0	1.0
29	1	88	3.581	0.502	18.097	0.831	1.0	1.0
29	1	85	3.323	0.599	18.484	0.57	1.0	1.0
29	1	82	2.968	0.407	19.419	1.311	1.0	1.0
29	1	79	2.516	0.57	19.935	1.413	1.0	1.0
29	1	76	2.161	0.374	21.29	1.346	1.0	1.0
29	1	73	2.032	0.18	22.161	1.319	1.0	1.0
29	1	70	2.0	0.0	23.677	1.166	1.0	1.0
29	1	67	2.065	0.25	25.387	1.82	1.0	1.0
29	1	64	2.0	0.0	28.29	2.519	1.0	1.0
29	1	61	1.481	0.753	32.444	4.07	0.742	0.871
29	1	58	0.033	0.183	35.0	2.828	0.032	0.065
29	1	55	0.0	0.0	nan	nan	0.0	0.0
29	1	52	0.0	0.0	nan	nan	0.0	0.0
29	1	49	0.0	0.0	nan	nan	0.0	0.0
29	1	46	0.0	0.0	nan	nan	0.0	0.0
29	1	43	0.0	0.0	nan	nan	0.0	0.0
29	1	40	0.0	0.0	nan	nan	0.0	0.0
30	1	97	2.935	0.25	21.355	0.486	1.0	1.0
30	1	94	2.613	0.495	21.774	0.669	1.0	1.0
30	1	91	2.161	0.374	22.645	1.018	1.0	1.0
30	1	88	2.032	0.18	23.355	0.755	1.0	1.0
30	1	85	2.0	0.0	24.29	1.189	1.0	1.0
30	1	82	2.032	0.18	25.29	1.296	1.0	1.0
30	1	79	1.871	0.341	26.484	0.962	1.0	1.0
30	1	76	1.767	0.43	28.71	2.163	0.968	1.0
30	1	73	1.32	0.557	31.567	3.277	0.774	0.968
30	1	70	0.185	0.483	34.0	3.854	0.129	0.258
30	1	67	0.032	0.18	33.0	0.0	0.032	0.032
30	1	64	0.0	0.0	nan	nan	0.0	0.0
30	1	61	0.0	0.0	nan	nan	0.0	0.0
30	1	58	0.0	0.0	nan	nan	0.0	0.0
30	1	55	0.0	0.0	nan	nan	0.0	0.0
30	1	52	0.0	0.0	nan	nan	0.0	0.0
30	1	49	0.0	0.0	nan	nan	0.0	0.0
30	1	46	0.0	0.0	nan	nan	0.0	0.0
30	1	43	0.0	0.0	nan	nan	0.0	0.0
30	1	40	0.0	0.0	nan	nan	0.0	0.0
31	1	97	2.355	0.486	21.387	0.615	1.0	1.0
31	1	94	2.032	0.18	22.194	0.792	1.0	1.0
31	1	91	2.032	0.18	22.806	0.601	1.0	1.0
31	1	88	2.0	0.0	23.387	0.715	1.0	1.0
31	1	85	2.0	0.0	24.387	1.054	1.0	1.0
31	1	82	1.968	0.18	25.581	0.992	1.0	1.0
31	1	79	1.968	0.18	26.29	1.488	1.0	1.0
31	1	76	1.516	0.508	28.516	2.234	1.0	1.0
31	1	73	1.148	0.602	31.179	2.639	0.774	0.903
31	1	70	0.28	0.542	34.417	3.118	0.194	0.387
31	1	67	0.033	0.183	35.5	3.536	0.032	0.065
31	1	64	0.0	0.0	nan	nan	0.0	0.0
31	1	61	0.0	0.0	nan	nan	0.0	0.0
31	1	58	0.0	0.0	nan	nan	0.0	0.0
31	1	55	0.0	0.0	nan	nan	0.0	0.0
31	1	52	0.0	0.0	nan	nan	0.0	0.0
31	1	49	0.0	0.0	nan	nan	0.0	0.0
31	1	46	0.0	0.0	nan	nan	0.0	0.0
31	1	43	0.0	0.0	nan	nan	0.0	0.0
31	1	40	0.0	0.0	nan	nan	0.0	0.0
0	2	97	4.355	0.755	18.129	0.499	1.0	1.0
0	2	94	3.71	0.588	18.677	0.599	1.0	1.0
0	2	91	3.097	0.301	19.581	0.62	1.0	1.0
0	2	88	3.0	0.0	19.774	0.617	1.0	1.0
0	2	85	3.032	0.18	20.548	0.624	1.0	1.0
0	2	82	3.0	0.0	21.323	0.748	1.0	1.0
0	2	79	2.742	0.445	22.419	0.923	1.0	1.0
0	2	76	2.323	0.475	23.516	0.996	1.0	1.0
0	2	73	2.032	0.18	25.065	1.093	1.0	1.0
0	2	70	2.0	0.0	26.581	1.766	1.0	1.0
0	2	67	1.903	0.301	30.677	2.574	1.0	1.0
0	2	64	1.345	0.67	34.036	2.617	0.839	0.903
0	2	61	0.1	0.305	37.0	2.944	0.097	0.129
0	2	58	0.0	0.0	nan	nan	0.0	0.0
0	2	55	0.0	0.0	nan	nan	0.0	0.0
0	2	52	0.0	0.0	nan	nan	0.0	0.0
0	2	49	0.0	0.0	nan	nan	0.0	0.0
0	2	46	0.0	0.0	nan	nan	0.0	0.0
0	2	43	0.0	0.0	nan	nan	0.0	0.0
0	2	40	0.0	0.0	nan	nan	0.0	0.0
1	2	97	2.0	0.0	20.065	0.727	1.0	1.0
1	2	94	1.968	0.18	20.742	0.682	1.0	1.0
1	2	91	1.581	0.502	21.194	0.833	1.0	1.0
1	2	88	1.258	0.445	22.323	0.945	1.0	1.0
1	2	85	1.0	0.0	23.452	1.091	1.0	1.0
1	2	82	1.0	0.0	24.097	1.469	1.0	1.0
1	2	79	0.903	0.301	26.393	1.833	0.903	0.903
1	2	76	0.548	0.506	27.941	2.106	0.548	0.548
1	2	73	0.032	0.18	29.0	0.0	0.032	0.032
1	2	70	0.0	0.0	nan	nan	0.0	0.0
1	2	67	0.0	0.0	nan	nan	0.0	0.0
1	2	64	0.0	0.0	nan	nan	0.0	0.0
1	2	61	0.0	0.0	nan	nan	0.0	0.0
1	2	58	0.0	0.0	nan	nan	0.0	0.0
1	2	55	0.0	0.0	nan	nan	0.0	0.0
1	2	52	0.0	0.0	nan	nan	0.0	0.0
1	2	49	0.0	0.0	nan	nan	0.0	0.0
1	2	46	0.0	0.0	nan	nan	0.0	0.0
1	2	43	0.0	0.0	nan	nan	0.0	0.0
1	2	40	0.0	0.0	nan	nan	0.0	0.0
2	2	97	2.0	0.0	21.161	0.779	1.0	1.0
2	2	94	2.0	0.0	21.968	0.657	1.0	1.0
2	2	91	2.0	0.0	22.516	0.851	1.0	1.0
2	2	88	1.71	0.461	23.645	1.05	1.0	1.0
2	2	85	1.355	0.486	24.323	0.945	1.0	1.0
2	2	82	1.065	0.25	26.452	1.786	1.0	1.0
2	2	79	0.929	0.378	28.786	2.82	0.806	0.903
2	2	76	0.226	0.425	29.0	1.826	0.226	0.226
2	2	73	0.0	0.0	35.0	0.0	0.0	0.032
2	2	70	0.0	0.0	nan	nan	0.0	0.0
2	2	67	0.0	0.0	nan	nan	0.0	0.0
2	2	64	0.0	0.0	nan	nan	0.0	0.0
2	2	61	0.0	0.0	nan	nan	0.0	0.0
2	2	58	0.0	0.0	nan	nan	0.0	0.0
2	2	55	0.0	0.0	nan	nan	0.0	0.0
2	2	52	0.0	0.0	nan	nan	0.0	0.0
2	2	49	0.0	0.0	nan	nan	0.0	0.0
2	2	46	0.0	0.0	nan	nan	0.0	0.0
2	2	43	0.0	0.0	nan	nan	0.0	0.0
2	2	40	0.0	0.0	nan	nan	0.0	0.0
3	2	97	2.806	0.402	19.613	0.803	1.0	1.0
3	2	94	2.484	0.508	20.065	0.574	1.0	1.0
3	2	91	2.226	0.425	20.548	0.624	1.0	1.0
3	2	88	2.0	0.0	21.323	0.832	1.0	1.0
3	2	85	2.0	0.0	22.29	0.938	1.0	1.0
3	2	82	2.0	0.0	23.129	0.846	1.0	1.0
3	2	79	1.968	0.18	24.161	1.098	1.0	1.0
3	2	76	1.871	0.341	25.29	1.488	1.0	1.0
3	2	73	1.29	0.588	26.966	1.592	0.935	0.935
3	2	70	1.033	0.414	28.828	2.674	0.903	0.935
3	2	67	0.069	0.258	33.0	6.055	0.065	0.129
3	2	64	0.032	0.18	28.0	0.0	0.032	0.032
3	2	61	0.0	0.0	nan	nan	0.0	0.0
3	2	58	0.0	0.0	nan	nan	0.0	0.0
3	2	55	0.0	0.0	nan	nan	0.0	0.0
3	2	52	0.0	0.0	nan	nan	0.0	0.0
3	2	49	0.0	0.0	nan	nan	0.0	0.0
3	2	46	0.0	0.0	nan	nan	0.0	0.0
3	2	43	0.0	0.0	nan	nan	0.0	0.0
3	2	40	0.0	0.0	nan	nan	0.0	0.0
4	2	97	3.903	0.651	17.968	0.605	1.0	1.0
4	2	94	3.484	0.57	18.355	0.709	1.0	1.0
4	2	91	3.29	0.461	18.645	0.709	1.0	1.0
4	2	88	3.0	0.0	19.548	0.568	1.0	1.0
4	2	85	3.0	0.0	19.903	0.7	1.0	1.0
4	2	82	2.968	0.18	20.387	0.667	1.0	1.0
4	2	79	2.71	0.461	21.387	0.715	1.0	1.0
4	2	76	2.258	0.445	22.129	0.991	1.0	1.0
4	2	73	2.032	0.18	23.194	1.195	1.0	1.0
4	2	70	2.0	0.258	24.677	1.701	1.0	1.0
4	2	67	2.0	0.0	26.581	1.996	1.0	1.0
4	2	64	1.933	0.254	29.645	3.996	0.968	1.0
4	2	61	1.5	0.638	32.862	4.596	0.839	0.935
4	2	58	0.103	0.409	36.25	5.315	0.065	0.129
4	2	55	0.0	0.0	nan	nan	0.0	0.0
4	2	52	0.0	0.0	nan	nan	0.0	0.0
4	2	49	0.0	0.0	nan	nan	0.0	0.0
4	2	46	0.0	0.0	nan	nan	0.0	0.0
4	2	43	0.0	0.0	nan	nan	0.0	0.0
4	2	40	0.0	0.0	nan	nan	0.0	0.0
5	2	97	3.0	0.0	19.871	0.499	1.0	1.0
5	2	94	3.0	0.0	20.387	0.558	1.0	1.0
5	2	91	2.806	0.402	21.161	0.454	1.0	1.0
5	2	88	2.355	0.486	21.806	0.749	1.0	1.0
5	2	85	2.065	0.25	22.774	0.99	1.0	1.0
5	2	82	2.0	0.0	24.097	1.012	1.0	1.0
5	2	79	2.0	0.0	25.548	0.995	1.0	1.0
5	2	76	1.935	0.25	27.806	3.219	1.0	1.0
5	2	73	1.9	0.305	29.742	3.587	0.968	1.0
5	2	70	1.333	0.796	34.259	3.437	0.548	0.871
5	2	67	0.0	0.0	nan	nan	0.0	0.0
5	2	64	0.0	0.0	nan	nan	0.0	0.0
5	2	61	0.0	0.0	nan	nan	0.0	0.0
5	2	58	0.0	0.0	nan	nan	0.0	0.0
5	2	55	0.0	0.0	nan	nan	0.0	0.0
5	2	52	0.0	0.0	nan	nan	0.0	0.0
5	2	49	0.0	0.0	nan	nan	0.0	0.0
5	2	46	0.0	0.0	nan	nan	0.0	0.0
5	2	43	0.0	0.0	nan	nan	0.0	0.0
5	2	40	0.0	0.0	nan	nan	0.0	0.0
6	2	97	3.0	0.0	19.355	0.551	1.0	1.0
6	2	94	3.0	0.0	19.613	0.558	1.0	1.0
6	2	91	3.0	0.0	20.226	0.762	1.0	1.0
6	2	88	2.903	0.301	20.677	0.702	1.0	1.0
6	2	85	2.677	0.475	21.387	0.615	1.0	1.0
6	2	82	2.258	0.445	22.613	0.955	1.0	1.0
6	2	79	2.032	0.18	23.129	0.991	1.0	1.0
6	2	76	2.0	0.0	24.548	0.961	1.0	1.0
6	2	73	2.0	0.0	26.194	1.493	1.0	1.0
6	2	70	1.968	0.18	28.355	1.854	1.0	1.0
6	2	67	1.615	0.571	32.967	3.124	0.806	0.968
6	2	64	0.652	0.832	34.333	3.835	0.323	0.581
6	2	61	0.0	0.0	37.5	0.707	0.0	0.065
6	2	58	0.0	0.0	nan	nan	0.0	0.0
6	2	55	0.0	0.0	nan	nan	0.0	0.0
6	2	52	0.0	0.0	nan	nan	0.0	0.0
6	2	49	0.0	0.0	nan	nan	0.0	0.0
6	2	46	0.0	0.0	nan	nan	0.0	0.0
6	2	43	0.0	0.0	nan	nan	0.0	0.0
6	2	40	0.0	0.0	nan	nan	0.0	0.0
7	2	97	2.29	0.461	20.0	0.816	1.0	1.0
7	2	94	2.032	0.18	20.484	0.769	1.0	1.0
7	2	91	2.0	0.0	21.065	0.68	1.0	1.0
7	2	88	2.0	0.0	22.065	1.093	1.0	1.0
7	2	85	1.968	0.18	22.677	0.748	1.0	1.0
7	2	82	1.71	0.461	23.806	0.873	1.0	1.0
7	2	79	1.29	0.461	25.355	1.305	1.0	1.0
7	2	76	0.933	0.365	27.107	2.833	0.871	0.903
7	2	73	0.571	0.504	30.368	2.629	0.516	0.613
7	2	70	0.1	0.305	31.0	3.916	0.097	0.129
7	2	67	0.0	0.0	nan	nan	0.0	0.0
7	2	64	0.0	0.0	nan	nan	0.0	0.0
7	2	61	0.0	0.0	nan	nan	0.0	0.0
7	2	58	0.0	0.0	nan	nan	0.0	0.0
7	2	55	0.0	0.0	nan	nan	0.0	0.0
7	2	52	0.0	0.0	nan	nan	0.0	0.0
7	2	49	0.0	0.0	nan	nan	0.0	0.0
7	2	46	0.0	0.0	nan	nan	0.0	0.0
7	2	43	0.0	0.0	nan	nan	0.0	0.0
7	2	40	0.0	0.0	nan	nan	0.0	0.0
8	2	97	2.323	0.475	19.452	0.624	1.0	1.0
8	2	94	2.032	0.18	19.839	0.638	1.0	1.0
8	2	91	2.032	0.18	20.581	0.923	1.0	1.0
8	2	88	1.968	0.18	21.065	0.727	1.0	1.0
8	2	85	2.0	0.0	21.871	0.846	1.0	1.0
8	2	82	1.903	0.301	22.903	1.044	1.0	1.0
8	2	79	1.516	0.508	23.355	1.199	1.0	1.0
8	2	76	1.161	0.374	24.871	1.088	1.0	1.0
8	2	73	0.742	0.445	26.304	1.82	0.742	0.742
8	2	70	0.379	0.494	29.615	3.124	0.355	0.419
8	2	67	0.0	0.0	nan	nan	0.0	0.0
8	2	64	0.0	0.0	nan	nan	0.0	0.0
8	2	61	0.0	0.0	nan	nan	0.0	0.0
8	2	58	0.0	0.0	nan	nan	0.0	0.0
8	2	55	0.0	0.0	nan	nan	0.0	0.0
8	2	52	0.0	0.0	nan	nan	0.0	0.0
8	2	49	0.0	0.0	nan	nan	0.0	0.0
8	2	46	0.0	0.0	nan	nan	0.0	0.0
8	2	43	0.0	0.0	nan	nan	0.0	0.0
8	2	40	0.0	0.0	nan	nan	0.0	0.0
9	2	97	4.355	0.486	18.903	0.7	1.0	1.0
9	2	94	3.968	0.407	19.323	0.832	1.0	1.0
9	2	91	3.968	0.315	19.71	0.824	1.0	1.0
9	2	88	3.548	0.568	20.0	1.0	1.0	1.0
9	2	85	3.419	0.502	20.516	0.811	1.0	1.0
9	2	82	3.032	0.315	21.452	0.81	1.0	1.0
9	2	79	2.968	0.18	22.161	1.267	1.0	1.0
9	2	76	2.871	0.341	23.129	1.231	1.0	1.0
9	2	73	2.419	0.502	23.613	0.919	1.0	1.0
9	2	70	2.065	0.359	24.935	1.413	1.0	1.0
9	2	67	2.161	0.454	26.387	2.124	1.0	1.0
9	2	64	1.903	0.396	28.581	2.802	1.0	1.0
9	2	61	1.185	0.879	30.652	4.119	0.613	0.742
9	2	58	0.133	0.434	34.5	2.517	0.097	0.129
9	2	55	0.032	0.18	31.0	0.0	0.032	0.032
9	2	52	0.0	0.0	nan	nan	0.0	0.0
9	2	49	0.0	0.0	nan	nan	0.0	0.0
9	2	46	0.0	0.0	nan	nan	0.0	0.0
9	2	43	0.0	0.0	nan	nan	0.0	0.0
9	2	40	0.0	0.0	nan	nan	0.0	0.0
10	2	97	3.387	0.558	19.839	0.898	1.0	1.0
10	2	94	3.194	0.402	20.516	0.626	1.0	1.0
10	2	91	3.032	0.18	20.742	0.575	1.0	1.0
10	2	88	3.0	0.0	21.484	0.626	1.0	1.0
10	2	85	2.839	0.374	22.065	0.772	1.0	1.0
10	2	82	2.581	0.502	23.387	1.086	1.0	1.0
10	2	79	2.194	0.402	23.613	0.844	1.0	1.0
10	2	76	2.032	0.18	25.129	1.544	1.0	1.0
10	2	73	2.0	0.0	26.065	1.315	1.0	1.0
10	2	70	1.935	0.25	28.129	1.746	1.0	1.0
10	2	67	1.5	0.745	30.222	2.913	0.774	0.871
10	2	64	0.615	0.852	32.533	4.086	0.323	0.484
10	2	61	0.036	0.189	36.5	3.317	0.032	0.129
10	2	58	0.0	0.0	nan	nan	0.0	0.0
10	2	55	0.0	0.0	nan	nan	0.0	0.0
10	2	52	0.0	0.0	nan	nan	0.0	0.0
10	2	49	0.0	0.0	nan	nan	0.0	0.0
10	2	46	0.0	0.0	nan	nan	0.0	0.0
10	2	43	0.0	0.0	nan	nan	0.0	0.0
10	2	40	0.0	0.0	nan	nan	0.0	0.0
11	2	97	2.0	0.0	21.065	0.772	1.0	1.0
11	2	94	2.0	0.0	21.71	0.693	1.0	1.0
11	2	91	1.935	0.25	22.29	0.643	1.0	1.0
11	2	88	1.677	0.475	23.29	0.824	1.0	1.0
11	2	85	1.258	0.445	24.226	1.023	1.0	1.0
11	2	82	1.032	0.18	25.774	2.156	1.0	1.0
11	2	79	0.871	0.341	28.074	2.286	0.871	0.871
11	2	76	0.323	0.475	27.8	1.476	0.323	0.323
11	2	73	0.0	0.0	nan	nan	0.0	0.0
11	2	70	0.0	0.0	nan	nan	0.0	0.0
11	2	67	0.0	0.0	nan	nan	0.0	0.0
11	2	64	0.0	0.0	nan	nan	0.0	0.0
11	2	61	0.0	0.0	nan	nan	0.0	0.0
11	2	58	0.0	0.0	nan	nan	0.0	0.0
11	2	55	0.0	0.0	nan	nan	0.0	0.0
11	2	52	0.0	0.0	nan	nan	0.0	0.0
11	2	49	0.0	0.0	nan	nan	0.0	0.0
11	2	46	0.0	0.0	nan	nan	0.0	0.0
11	2	43	0.0	0.0	nan	nan	0.0	0.0
11	2	40	0.0	0.0	nan	nan	0.0	0.0
12	2	97	3.774	0.425	20.355	0.551	1.0	1.0
12	2	94	3.484	0.508	20.903	0.597	1.0	1.0
12	2	91	3.097	0.301	21.387	0.558	1.0	1.0
12	2	88	3.0	0.0	22.0	0.816	1.0	1.0
12	2	85	3.0	0.0	22.968	0.983	1.0	1.0
12	2	82	2.935	0.25	23.516	0.508	1.0	1.0
12	2	79	2.774	0.425	24.548	0.995	1.0	1.0
12	2	76	2.323	0.475	25.677	1.137	1.0	1.0
12	2	73	2.097	0.301	27.355	1.959	1.0	1.0
12	2	70	2.0	0.258	29.097	1.955	1.0	1.0
12	2	67	1.806	0.402	31.71	1.953	1.0	1.0
12	2	64	1.393	0.685	34.75	3.122	0.806	0.903
12	2	61	0.28	0.614	36.818	4.262	0.161	0.355
12	2	58	0.0	0.0	nan	nan	0.0	0.0
12	2	55	0.0	0.0	nan	nan	0.0	0.0
12	2	52	0.0	0.0	nan	nan	0.0	0.0
12	2	49	0.0	0.0	nan	nan	0.0	0.0
12	2	46	0.0	0.0	nan	nan	0.0	0.0
12	2	43	0.0	0.0	nan	nan	0.0	0.0
12	2	40	0.0	0.0	nan	nan	0.0	0.0
13	2	97	3.032	0.18	20.258	0.575	1.0	1.0
13	2	94	2.968	0.315	20.871	0.562	1.0	1.0
13	2	91	2.839	0.374	21.452	0.768	1.0	1.0
13	2	88	2.452	0.506	21.806	0.98	1.0	1.0
13	2	85	2.323	0.475	22.71	1.071	1.0	1.0
13	2	82	2.0	0.0	23.839	1.157	1.0	1.0
13	2	79	1.935	0.25	24.968	1.048	1.0	1.0
13	2	76	1.8	0.407	27.29	2.623	0.968	1.0
13	2	73	1.393	0.629	29.379	2.624	0.839	0.935
13	2	70	0.241	0.435	32.111	4.729	0.226	0.29
13	2	67	0.0	0.0	34.5	0.707	0.0	0.065
13	2	64	0.0	0.0	nan	nan	0.0	0.0
13	2	61	0.0	0.0	nan	nan	0.0	0.0
13	2	58	0.0	0.0	nan	nan	0.0	0.0
13	2	55	0.0	0.0	nan	nan	0.0	0.0
13	2	52	0.0	0.0	nan	nan	0.0	0.0
13	2	49	0.0	0.0	nan	nan	0.0	0.0
13	2	46	0.0	0.0	nan	nan	0.0	0.0
13	2	43	0.0	0.0	nan	nan	0.0	0.0
13	2	40	0.0	0.0	nan	nan	0.0	0.0
14	2	97	2.0	0.0	21.903	0.978	1.0	1.0
14	2	94	1.903	0.301	22.516	0.677	1.0	1.0
14	2	91	1.484	0.508	23.516	0.851	1.0	1.0
14	2	88	1.032	0.315	24.8	1.064	0.968	0.968
14	2	85	1.097	0.301	25.806	1.515	1.0	1.0
14	2	82	0.839	0.374	27.654	2.56	0.839	0.839
14	2	79	0.161	0.374	28.8	2.864	0.161	0.161
14	2	76	0.032	0.18	31.0	0.0	0.032	0.032
14	2	73	0.0	0.0	nan	nan	0.0	0.0
14	2	70	0.0	0.0	nan	nan	0.0	0.0
14	2	67	0.0	0.0	nan	nan	0.0	0.0
14	2	64	0.0	0.0	nan	nan	0.0	0.0
14	2	61	0.0	0.0	nan	nan	0.0	0.0
14	2	58	0.0	0.0	nan	nan	0.0	0.0
14	2	55	0.0	0.0	nan	nan	0.0	0.0
14	2	52	0.0	0.0	nan	nan	0.0	0.0
14	2	49	0.0	0.0	nan	nan	0.0	0.0
14	2	46	0.0	0.0	nan	nan	0.0	0.0
14	2	43	0.0	0.0	nan	nan	0.0	0.0
14	2	40	0.0	0.0	nan	nan	0.0	0.0
15	2	97	3.194	0.402	19.484	0.677	1.0	1.0
15	2	94	3.097	0.301	19.903	0.651	1.0	1.0
15	2	91	3.065	0.25	20.355	0.709	1.0	1.0
15	2	88	3.0	0.0	21.097	0.597	1.0	1.0
15	2	85	3.0	0.0	21.516	0.769	1.0	1.0
15	2	82	2.774	0.425	22.484	0.811	1.0	1.0
15	2	79	2.484	0.508	23.226	0.884	1.0	1.0
15	2	76	2.065	0.25	24.645	1.082	1.0	1.0
15	2	73	2.0	0.0	25.742	1.21	1.0	1.0
15	2	70	2.0	0.0	28.032	2.359	1.0	1.0
15	2	67	1.903	0.301	30.226	2.486	1.0	1.0
15	2	64	1.44	0.712	33.857	3.45	0.71	0.903
15	2	61	0.348	0.573	36.4	3.203	0.226	0.484
15	2	58	0.0	0.0	nan	nan	0.0	0.0
15	2	55	0.0	0.0	nan	nan	0.0	0.0
15	2	52	0.0	0.0	nan	nan	0.0	0.0
15	2	49	0.0	0.0	nan	nan	0.0	0.0
15	2	46	0.0	0.0	nan	nan	0.0	0.0
15	2	43	0.0	0.0	nan	nan	0.0	0.0
15	2	40	0.0	0.0	nan	nan	0.0	0.0
16	2	97	3.581	0.502	20.065	0.68	1.0	1.0
16	2	94	3.032	0.18	20.645	0.551	1.0	1.0
16	2	91	3.032	0.18	21.226	0.56	1.0	1.0
16	2	88	3.0	0.0	21.774	0.762	1.0	1.0
16	2	85	3.0	0.0	22.29	0.739	1.0	1.0
16	2	82	3.0	0.0	23.129	0.846	1.0	1.0
16	2	79	2.613	0.495	24.129	1.384	1.0	1.0
16	2	76	2.29	0.461	25.742	1.46	1.0	1.0
16	2	73	2.065	0.359	27.677	2.197	1.0	1.0
16	2	70	1.967	0.183	29.871	2.277	0.968	1.0
16	2	67	1.742	0.445	32.903	3.059	1.0	1.0
16	2	64	0.862	0.581	36.625	2.481	0.71	0.774
16	2	61	0.138	0.351	38.333	2.251	0.129	0.194
16	2	58	0.0	0.0	nan	nan	0.0	0.0
16	2	55	0.0	0.0	nan	nan	0.0	0.0
16	2	52	0.0	0.0	nan	nan	0.0	0.0
16	2	49	0.0	0.0	nan	nan	0.0	0.0
16	2	46	0.0	0.0	nan	nan	0.0	0.0
16	2	43	0.0	0.0	nan	nan	0.0	0.0
16	2	40	0.0	0.0	nan	nan	0.0	0.0
17	2	97	3.0	0.0	19.968	0.482	1.0	1.0
17	2	94	3.0	0.0	20.484	0.57	1.0	1.0
17	2	91	3.032	0.18	21.097	1.012	1.0	1.0
17	2	88	2.871	0.341	21.677	0.748	1.0	1.0
17	2	85	2.548	0.506	22.226	0.762	1.0	1.0
17	2	82	2.161	0.374	23.355	1.427	1.0	1.0
17	2	79	2.065	0.25	24.581	1.119	1.0	1.0
17	2	76	2.0	0.0	26.387	2.011	1.0	1.0
17	2	73	1.967	0.183	29.774	3.775	0.968	1.0
17	2	70	1.5	0.63	33.138	3.237	0.903	0.935
17	2	67	0.48	0.714	37.067	3.674	0.29	0.484
17	2	64	0.0	0.0	38.0	0.0	0.0	0.032
17	2	61	0.0	0.0	nan	nan	0.0	0.0
17	2	58	0.0	0.0	nan	nan	0.0	0.0
17	2	55	0.0	0.0	nan	nan	0.0	0.0
17	2	52	0.0	0.0	nan	nan	0.0	0.0
17	2	49	0.0	0.0	nan	nan	0.0	0.0
17	2	46	0.0	0.0	nan	nan	0.0	0.0
17	2	43	0.0	0.0	nan	nan	0.0	0.0
17	2	40	0.0	0.0	nan	nan	0.0	0.0
18	2	97	2.548	0.506	20.871	0.763	1.0	1.0
18	2	94	2.258	0.445	21.613	0.803	1.0	1.0
18	2	91	2.0	0.0	22.323	0.748	1.0	1.0
18	2	88	2.0	0.0	23.387	0.803	1.0	1.0
18	2	85	1.935	0.25	23.903	1.66	1.0	1.0
18	2	82	1.935	0.25	25.71	1.371	1.0	1.0
18	2	79	1.516	0.57	26.7	1.685	0.968	0.968
18	2	76	1.3	0.535	28.7	2.07	0.935	0.968
18	2	73	0.333	0.555	32.083	2.875	0.258	0.387
18	2	70	0.0	0.0	nan	nan	0.0	0.0
18	2	67	0.0	0.0	nan	nan	0.0	0.0
18	2	64	0.0	0.0	nan	nan	0.0	0.0
18	2	61	0.0	0.0	nan	nan	0.0	0.0
18	2	58	0.0	0.0	nan	nan	0.0	0.0
18	2	55	0.0	0.0	nan	nan	0.0	0.0
18	2	52	0.0	0.0	nan	nan	0.0	0.0
18	2	49	0.0	0.0	nan	nan	0.0	0.0
18	2	46	0.0	0.0	nan	nan	0.0	0.0
18	2	43	0.0	0.0	nan	nan	0.0	0.0
18	2	40	0.0	0.0	nan	nan	0.0	0.0
19	2	97	3.0	0.0	20.194	0.792	1.0	1.0
19	2	94	2.968	0.18	20.742	0.729	1.0	1.0
19	2	91	2.968	0.18	21.129	0.67	1.0	1.0
19	2	88	2.774	0.425	22.097	0.79	1.0	1.0
19	2	85	2.323	0.475	23.0	0.73	1.0	1.0
19	2	82	2.032	0.18	24.387	1.23	1.0	1.0
19	2	79	2.0	0.0	26.194	1.327	1.0	1.0
19	2	76	2.032	0.18	28.194	1.922	1.0	1.0
19	2	73	1.833	0.461	30.367	2.942	0.935	0.968
19	2	70	1.231	0.815	34.92	3.201	0.645	0.806
19	2	67	0.192	0.491	37.444	2.789	0.129	0.29
19	2	64	0.0	0.0	nan	nan	0.0	0.0
19	2	61	0.0	0.0	nan	nan	0.0	0.0
19	2	58	0.0	0.0	nan	nan	0.0	0.0
19	2	55	0.0	0.0	nan	nan	0.0	0.0
19	2	52	0.0	0.0	nan	nan	0.0	0.0
19	2	49	0.0	0.0	nan	nan	0.0	0.0
19	2	46	0.0	0.0	nan	nan	0.0	0.0
19	2	43	0.0	0.0	nan	nan	0.0	0.0
19	2	40	0.0	0.0	nan	nan	0.0	0.0
20	2	97	2.129	0.341	20.581	0.672	1.0	1.0
20	2	94	2.0	0.0	21.387	1.174	1.0	1.0
20	2	91	2.065	0.25	21.839	0.86	1.0	1.0
20	2	88	2.0	0.0	22.742	1.064	1.0	1.0
20	2	85	1.935	0.25	23.645	1.142	1.0	1.0
20	2	82	1.871	0.341	24.581	1.432	1.0	1.0
20	2	79	1.548	0.506	25.806	1.4	1.0	1.0
20	2	76	1.161	0.454	28.167	2.086	0.968	0.968
20	2	73	0.786	0.568	30.783	3.397	0.645	0.742
20	2	70	0.097	0.301	32.667	1.528	0.097	0.097
20	2	67	0.0	0.0	nan	nan	0.0	0.0
20	2	64	0.0	0.0	nan	nan	0.0	0.0
20	2	61	0.0	0.0	nan	nan	0.0	0.0
20	2	58	0.0	0.0	nan	nan	0.0	0.0
20	2	55	0.0	0.0	nan	nan	0.0	0.0
20	2	52	0.0	0.0	nan	nan	0.0	0.0
20	2	49	0.0	0.0	nan	nan	0.0	0.0
20	2	46	0.0	0.0	nan	nan	0.0	0.0
20	2	43	0.0	0.0	nan	nan	0.0	0.0
20	2	40	0.0	0.0	nan	nan	0.0	0.0
21	2	97	3.032	0.18	21.0	0.632	1.0	1.0
21	2	94	2.806	0.402	21.452	0.85	1.0	1.0
21	2	91	2.484	0.508	22.323	0.791	1.0	1.0
21	2	88	2.29	0.461	22.645	0.839	1.0	1.0
21	2	85	2.065	0.25	23.548	0.995	1.0	1.0
21	2	82	2.0	0.0	24.548	1.15	1.0	1.0
21	2	79	1.839	0.374	25.452	1.567	1.0	1.0
21	2	76	1.774	0.425	27.161	1.734	1.0	1.0
21	2	73	1.2	0.714	30.0	2.698	0.806	0.839
21	2	70	0.179	0.548	33.333	2.733	0.097	0.194
21	2	67	0.065	0.25	30.5	2.121	0.065	0.065
21	2	64	0.0	0.0	nan	nan	0.0	0.0
21	2	61	0.0	0.0	nan	nan	0.0	0.0
21	2	58	0.0	0.0	nan	nan	0.0	0.0
21	2	55	0.0	0.0	nan	nan	0.0	0.0
21	2	52	0.0	0.0	nan	nan	0.0	0.0
21	2	49	0.0	0.0	nan	nan	0.0	0.0
21	2	46	0.0	0.0	nan	nan	0.0	0.0
21	2	43	0.0	0.0	nan	nan	0.0	0.0
21	2	40	0.0	0.0	nan	nan	0.0	0.0
22	2	97	2.613	0.495	19.194	0.833	1.0	1.0
22	2	94	2.323	0.475	20.0	0.683	1.0	1.0
22	2	91	2.032	0.18	20.226	0.845	1.0	1.0
22	2	88	2.0	0.0	21.097	0.87	1.0	1.0
22	2	85	1.968	0.18	21.452	0.888	1.0	1.0
22	2	82	1.871	0.341	22.258	1.316	1.0	1.0
22	2	79	1.774	0.425	23.387	1.054	1.0	1.0
22	2	76	1.581	0.502	24.161	1.293	1.0	1.0
22	2	73	1.226	0.425	25.0	1.506	1.0	1.0
22	2	70	0.933	0.365	27.679	2.763	0.871	0.903
22	2	67	0.414	0.501	28.786	3.725	0.387	0.452
22	2	64	0.0	0.0	nan	nan	0.0	0.0
22	2	61	0.0	0.0	nan	nan	0.0	0.0
22	2	58	0.0	0.0	nan	nan	0.0	0.0
22	2	55	0.0	0.0	nan	nan	0.0	0.0
22	2	52	0.0	0.0	nan	nan	0.0	0.0
22	2	49	0.0	0.0	nan	nan	0.0	0.0
22	2	46	0.0	0.0	nan	nan	0.0	0.0
22	2	43	0.0	0.0	nan	nan	0.0	0.0
22	2	40	0.0	0.0	nan	nan	0.0	0.0
23	2	97	3.065	0.25	20.581	0.502	1.0	1.0
23	2	94	3.0	0.258	20.903	0.944	1.0	1.0
23	2	91	2.935	0.359	21.645	0.608	1.0	1.0
23	2	88	2.516	0.508	22.355	1.05	1.0	1.0
23	2	85	2.323	0.475	22.839	1.214	1.0	1.0
23	2	82	2.032	0.315	24.387	1.308	1.0	1.0
23	2	79	2.0	0.0	25.065	1.063	1.0	1.0
23	2	76	1.839	0.523	26.9	2.325	0.968	0.968
23	2	73	1.231	0.71	30.259	3.727	0.71	0.871
23	2	70	0.467	0.681	30.917	4.01	0.355	0.387
23	2	67	0.0	0.0	36.0	0.0	0.0	0.032
23	2	64	0.0	0.0	nan	nan	0.0	0.0
23	2	61	0.0	0.0	nan	nan	0.0	0.0
23	2	58	0.0	0.0	nan	nan	0.0	0.0
23	2	55	0.0	0.0	nan	nan	0.0	0.0
23	2	52	0.0	0.0	nan	nan	0.0	0.0
23	2	49	0.0	0.0	nan	nan	0.0	0.0
23	2	46	0.0	0.0	nan	nan	0.0	0.0
23	2	43	0.0	0.0	nan	nan	0.0	0.0
23	2	40	0.0	0.0	nan	nan	0.0	0.0
24	2	97	2.581	0.564	18.871	0.499	1.0	1.0
24	2	94	2.323	0.475	19.0	0.931	1.0	1.0
24	2	91	2.161	0.454	19.452	0.888	1.0	1.0
24	2	88	2.032	0.18	20.355	0.915	1.0	1.0
24	2	85	2.032	0.18	20.355	0.877	1.0	1.0
24	2	82	1.903	0.301	21.194	0.946	1.0	1.0
24	2	79	1.71	0.461	22.419	1.148	1.0	1.0
24	2	76	1.29	0.461	23.129	1.176	1.0	1.0
24	2	73	1.194	0.477	24.933	1.388	0.968	0.968
24	2	70	0.839	0.454	26.8	2.843	0.806	0.806
24	2	67	0.467	0.571	27.143	3.302	0.419	0.452
24	2	64	0.0	0.0	nan	nan	0.0	0.0
24	2	61	0.0	0.0	nan	nan	0.0	0.0
24	2	58	0.0	0.0	nan	nan	0.0	0.0
24	2	55	0.0	0.0	nan	nan	0.0	0.0
24	2	52	0.0	0.0	nan	nan	0.0	0.0
24	2	49	0.0	0.0	nan	nan	0.0	0.0
24	2	46	0.0	0.0	nan	nan	0.0	0.0
24	2	43	0.0	0.0	nan	nan	0.0	0.0
24	2	40	0.0	0.0	nan	nan	0.0	0.0
25	2	97	4.161	0.374	16.742	0.575	1.0	1.0
25	2	94	4.0	0.0	17.097	0.7	1.0	1.0
25	2	91	3.871	0.341	17.677	0.702	1.0	1.0
25	2	88	3.548	0.506	18.161	0.779	1.0	1.0
25	2	85	3.226	0.497	18.452	0.624	1.0	1.0
25	2	82	2.645	0.486	19.161	0.638	1.0	1.0
25	2	79	2.226	0.425	19.677	0.832	1.0	1.0
25	2	76	2.065	0.25	20.581	0.886	1.0	1.0
25	2	73	2.0	0.0	21.677	1.107	1.0	1.0
25	2	70	1.903	0.301	22.968	1.251	1.0	1.0
25	2	67	1.806	0.402	24.194	1.47	1.0	1.0
25	2	64	1.226	0.56	26.414	2.212	0.935	0.935
25	2	61	0.714	0.6	30.143	2.833	0.581	0.677
25	2	58	0.097	0.301	32.0	1.732	0.097	0.097
25	2	55	0.0	0.0	nan	nan	0.0	0.0
25	2	52	0.0	0.0	nan	nan	0.0	0.0
25	2	49	0.0	0.0	nan	nan	0.0	0.0
25	2	46	0.0	0.0	nan	nan	0.0	0.0
25	2	43	0.0	0.0	nan	nan	0.0	0.0
25	2	40	0.0	0.0	nan	nan	0.0	0.0
26	2	97	4.0	0.0	22.226	0.56	1.0	1.0
26	2	94	3.968	0.18	23.0	0.577	1.0	1.0
26	2	91	3.355	0.486	23.516	0.724	1.0	1.0
26	2	88	3.097	0.301	24.194	0.654	1.0	1.0
26	2	85	3.0	0.0	24.613	1.054	1.0	1.0
26	2	82	3.0	0.0	25.419	0.807	1.0	1.0
26	2	79	2.968	0.18	26.645	1.404	1.0	1.0
26	2	76	2.677	0.475	28.323	1.492	1.0	1.0
26	2	73	2.129	0.619	30.839	2.437	1.0	1.0
26	2	70	1.774	0.617	32.774	2.789	1.0	1.0
26	2	67	1.2	0.61	35.929	3.042	0.871	0.903
26	2	64	0.414	0.501	40.5	2.312	0.387	0.452
26	2	61	0.0	0.0	nan	nan	0.0	0.0
26	2	58	0.0	0.0	nan	nan	0.0	0.0
26	2	55	0.0	0.0	nan	nan	0.0	0.0
26	2	52	0.0	0.0	nan	nan	0.0	0.0
26	2	49	0.0	0.0	nan	nan	0.0	0.0
26	2	46	0.0	0.0	nan	nan	0.0	0.0
26	2	43	0.0	0.0	nan	nan	0.0	0.0
26	2	40	0.0	0.0	nan	nan	0.0	0.0
27	2	97	2.935	0.25	20.226	0.617	1.0	1.0
27	2	94	2.903	0.301	20.581	0.62	1.0	1.0
27	2	91	2.387	0.495	21.452	0.768	1.0	1.0
27	2	88	2.065	0.25	22.0	0.683	1.0	1.0
27	2	85	1.968	0.18	22.871	0.499	1.0	1.0
27	2	82	2.0	0.0	23.742	1.182	1.0	1.0
27	2	79	1.935	0.25	25.032	1.472	1.0	1.0
27	2	76	1.71	0.461	26.742	1.751	1.0	1.0
27	2	73	1.433	0.568	27.9	1.971	0.935	0.968
27	2	70	0.69	0.712	31.667	2.99	0.516	0.581
27	2	67	0.0	0.0	36.0	0.0	0.0	0.032
27	2	64	0.0	0.0	nan	nan	0.0	0.0
27	2	61	0.0	0.0	nan	nan	0.0	0.0
27	2	58	0.0	0.0	nan	nan	0.0	0.0
27	2	55	0.0	0.0	nan	nan	0.0	0.0
27	2	52	0.0	0.0	nan	nan	0.0	0.0
27	2	49	0.0	0.0	nan	nan	0.0	0.0
27	2	46	0.0	0.0	nan	nan	0.0	0.0
27	2	43	0.0	0.0	nan	nan	0.0	0.0
27	2	40	0.0	0.0	nan	nan	0.0	0.0
28	2	97	3.226	0.425	19.935	0.574	1.0	1.0
28	2	94	3.032	0.315	20.355	0.608	1.0	1.0
28	2	91	3.0	0.258	20.516	0.677	1.0	1.0
28	2	88	2.871	0.341	21.226	0.845	1.0	1.0
28	2	85	2.452	0.506	21.968	1.08	1.0	1.0
28	2	82	2.226	0.425	22.774	0.884	1.0	1.0
28	2	79	2.097	0.396	23.548	1.179	1.0	1.0
28	2	76	2.032	0.18	24.742	1.032	1.0	1.0
28	2	73	1.935	0.25	25.742	1.365	1.0	1.0
28	2	70	1.613	0.558	27.733	1.837	0.968	0.968
28	2	67	1.308	0.736	31.222	3.468	0.71	0.871
28	2	64	0.214	0.568	33.143	2.673	0.129	0.226
28	2	61	0.032	0.18	31.0	0.0	0.032	0.032
28	2	58	0.0	0.0	nan	nan	0.0	0.0
28	2	55	0.0	0.0	nan	nan	0.0	0.0
28	2	52	0.0	0.0	nan	nan	0.0	0.0
28	2	49	0.0	0.0	nan	nan	0.0	0.0
28	2	46	0.0	0.0	nan	nan	0.0	0.0
28	2	43	0.0	0.0	nan	nan	0.0	0.0
28	2	40	0.0	0.0	nan	nan	0.0	0.0
29	2	97	4.839	0.374	16.097	0.539	1.0	1.0
29	2	94	4.581	0.502	16.452	0.506	1.0	1.0
29	2	91	4.161	0.374	16.71	0.461	1.0	1.0
29	2	88	3.968	0.315	17.323	0.653	1.0	1.0
29	2	85	3.742	0.445	17.968	0.795	1.0	1.0
29	2	82	3.29	0.461	18.548	0.768	1.0	1.0
29	2	79	3.032	0.482	18.968	0.836	1.0	1.0
29	2	76	2.871	0.341	19.903	0.79	1.0	1.0
29	2	73	2.29	0.461	20.839	1.214	1.0	1.0
29	2	70	2.129	0.341	22.0	1.183	1.0	1.0
29	2	67	2.032	0.18	23.581	1.608	1.0	1.0
29	2	64	1.933	0.254	26.71	3.319	0.968	1.0
29	2	61	1.966	0.186	29.129	3.284	0.935	1.0
29	2	58	1.28	0.891	32.625	4.179	0.581	0.774
29	2	55	0.2	0.484	33.5	6.656	0.161	0.194
29	2	52	0.0	0.0	nan	nan	0.0	0.0
29	2	49	0.0	0.0	nan	nan	0.0	0.0
29	2	46	0.0	0.0	nan	nan	0.0	0.0
29	2	43	0.0	0.0	nan	nan	0.0	0.0
29	2	40	0.0	0.0	nan	nan	0.0	0.0
30	2	97	2.839	0.374	20.839	0.82	1.0	1.0
30	2	94	2.419	0.502	21.742	0.729	1.0	1.0
30	2	91	2.161	0.374	22.258	0.729	1.0	1.0
30	2	88	2.0	0.0	23.29	0.588	1.0	1.0
30	2	85	2.0	0.0	24.323	0.702	1.0	1.0
30	2	82	1.968	0.18	26.194	2.442	1.0	1.0
30	2	79	2.0	0.0	27.871	2.202	1.0	1.0
30	2	76	1.742	0.445	30.032	2.287	1.0	1.0
30	2	73	1.05	0.826	35.08	3.353	0.452	0.806
30	2	70	0.0	0.0	36.5	0.707	0.0	0.065
30	2	67	0.0	0.0	nan	nan	0.0	0.0
30	2	64	0.0	0.0	nan	nan	0.0	0.0
30	2	61	0.0	0.0	nan	nan	0.0	0.0
30	2	58	0.0	0.0	nan	nan	0.0	0.0
30	2	55	0.0	0.0	nan	nan	0.0	0.0
30	2	52	0.0	0.0	nan	nan	0.0	0.0
30	2	49	0.0	0.0	nan	nan	0.0	0.0
30	2	46	0.0	0.0	nan	nan	0.0	0.0
30	2	43	0.0	0.0	nan	nan	0.0	0.0
30	2	40	0.0	0.0	nan	nan	0.0	0.0
31	2	97	3.742	0.514	17.645	0.608	1.0	1.0
31	2	94	3.258	0.682	18.097	0.79	1.0	1.0
31	2	91	2.419	0.502	18.387	0.715	1.0	1.0
31	2	88	2.032	0.18	19.258	0.631	1.0	1.0
31	2	85	2.0	0.0	19.452	0.768	1.0	1.0
31	2	82	2.0	0.0	20.452	0.995	1.0	1.0
31	2	79	1.774	0.425	21.548	1.15	1.0	1.0
31	2	76	1.226	0.425	23.0	1.238	1.0	1.0
31	2	73	1.097	0.301	24.065	1.063	1.0	1.0
31	2	70	0.733	0.45	26.696	3.197	0.71	0.742
31	2	67	0.032	0.18	34.0	0.0	0.032	0.032
31	2	64	0.0	0.0	nan	nan	0.0	0.0
31	2	61	0.0	0.0	nan	nan	0.0	0.0
31	2	58	0.0	0.0	nan	nan	0.0	0.0
31	2	55	0.0	0.0	nan	nan	0.0	0.0
31	2	52	0.0	0.0	nan	nan	0.0	0.0
31	2	49	0.0	0.0	nan	nan	0.0	0.0
31	2	46	0.0	0.0	nan	nan	0.0	0.0
31	2	43	0.0	0.0	nan	nan	0.0	0.0
31	2	40	0.0	0.0	nan	nan	0.0	0.0
0	3	97	2.968	0.18	23.161	0.779	1.0	1.0
0	3	94	2.484	0.508	24.0	0.816	1.0	1.0
0	3	91	2.097	0.301	24.839	0.969	1.0	1.0
0	3	88	2.032	0.18	26.065	1.031	1.0	1.0
0	3	85	2.0	0.0	27.742	1.29	1.0	1.0
0	3	82	1.903	0.301	30.452	2.767	1.0	1.0
0	3	79	1.655	0.484	33.258	3.596	0.935	1.0
0	3	76	1.0	0.8	36.522	3.246	0.581	0.742
0	3	73	0.033	0.183	40.5	4.95	0.032	0.065
0	3	70	0.0	0.0	nan	nan	0.0	0.0
0	3	67	0.0	0.0	nan	nan	0.0	0.0
0	3	64	0.0	0.0	nan	nan	0.0	0.0
0	3	61	0.0	0.0	nan	nan	0.0	0.0
0	3	58	0.0	0.0	nan	nan	0.0	0.0
0	3	55	0.0	0.0	nan	nan	0.0	0.0
0	3	52	0.0	0.0	nan	nan	0.0	0.0
0	3	49	0.0	0.0	nan	nan	0.0	0.0
0	3	46	0.0	0.0	nan	nan	0.0	0.0
0	3	43	0.0	0.0	nan	nan	0.0	0.0
0	3	40	0.0	0.0	nan	nan	0.0	0.0
1	3	97	4.161	0.374	17.194	0.792	1.0	1.0
1	3	94	3.903	0.473	17.645	0.709	1.0	1.0
1	3	91	3.613	0.495	18.065	0.727	1.0	1.0
1	3	88	3.548	0.568	18.323	0.748	1.0	1.0
1	3	85	3.161	0.523	18.774	0.845	1.0	1.0
1	3	82	2.581	0.564	19.387	0.844	1.0	1.0
1	3	79	2.226	0.425	20.129	0.991	1.0	1.0
1	3	76	2.065	0.25	20.968	1.08	1.0	1.0
1	3	73	2.0	0.0	21.548	0.995	1.0	1.0
1	3	70	1.968	0.18	22.581	1.025	1.0	1.0
1	3	67	1.839	0.374	24.161	1.416	1.0	1.0
1	3	64	1.613	0.495	25.516	1.411	1.0	1.0
1	3	61	0.767	0.626	28.143	3.054	0.645	0.677
1	3	58	0.1	0.305	32.75	2.754	0.097	0.129
1	3	55	0.0	0.0	39.0	0.0	0.0	0.032
1	3	52	0.0	0.0	nan	nan	0.0	0.0
1	3	49	0.0	0.0	nan	nan	0.0	0.0
1	3	46	0.0	0.0	nan	nan	0.0	0.0
1	3	43	0.0	0.0	nan	nan	0.0	0.0
1	3	40	0.0	0.0	nan	nan	0.0	0.0
2	3	97	2.0	0.0	20.452	0.624	1.0	1.0
2	3	94	2.0	0.0	21.194	0.833	1.0	1.0
2	3	91	1.968	0.18	21.903	0.79	1.0	1.0
2	3	88	1.806	0.402	22.677	0.871	1.0	1.0
2	3	85	1.258	0.445	23.968	1.224	1.0	1.0
2	3	82	1.065	0.442	25.345	1.818	0.935	0.935
2	3	79	0.774	0.425	27.083	2.244	0.774	0.774
2	3	76	0.129	0.341	29.5	1.915	0.129	0.129
2	3	73	0.0	0.0	nan	nan	0.0	0.0
2	3	70	0.0	0.0	nan	nan	0.0	0.0
2	3	67	0.0	0.0	nan	nan	0.0	0.0
2	3	64	0.0	0.0	nan	nan	0.0	0.0
2	3	61	0.0	0.0	nan	nan	0.0	0.0
2	3	58	0.0	0.0	nan	nan	0.0	0.0
2	3	55	0.0	0.0	nan	nan	0.0	0.0
2	3	52	0.0	0.0	nan	nan	0.0	0.0
2	3	49	0.0	0.0	nan	nan	0.0	0.0
2	3	46	0.0	0.0	nan	nan	0.0	0.0
2	3	43	0.0	0.0	nan	nan	0.0	0.0
2	3	40	0.0	0.0	nan	nan	0.0	0.0
3	3	97	3.0	0.0	20.29	0.588	1.0	1.0
3	3	94	3.0	0.0	20.677	0.541	1.0	1.0
3	3	91	2.871	0.341	21.0	0.632	1.0	1.0
3	3	88	2.484	0.508	22.0	0.775	1.0	1.0
3	3	85	2.355	0.486	22.387	0.715	1.0	1.0
3	3	82	2.0	0.0	23.29	0.902	1.0	1.0
3	3	79	2.0	0.0	24.452	1.234	1.0	1.0
3	3	76	1.935	0.25	25.323	1.137	1.0	1.0
3	3	73	1.733	0.45	27.323	2.508	0.968	1.0
3	3	70	1.067	0.691	30.08	3.523	0.774	0.806
3	3	67	0.071	0.262	33.4	2.408	0.065	0.161
3	3	64	0.0	0.0	nan	nan	0.0	0.0
3	3	61	0.0	0.0	nan	nan	0.0	0.0
3	3	58	0.0	0.0	nan	nan	0.0	0.0
3	3	55	0.0	0.0	nan	nan	0.0	0.0
3	3	52	0.0	0.0	nan	nan	0.0	0.0
3	3	49	0.0	0.0	nan	nan	0.0	0.0
3	3	46	0.0	0.0	nan	nan	0.0	0.0
3	3	43	0.0	0.0	nan	nan	0.0	0.0
3	3	40	0.0	0.0	nan	nan	0.0	0.0
4	3	97	2.516	0.508	19.774	0.617	1.0	1.0
4	3	94	2.419	0.502	20.29	0.461	1.0	1.0
4	3	91	2.097	0.301	20.839	1.003	1.0	1.0
4	3	88	2.0	0.0	21.323	0.653	1.0	1.0
4	3	85	2.0	0.0	22.065	0.854	1.0	1.0
4	3	82	2.0	0.0	23.065	0.929	1.0	1.0
4	3	79	1.806	0.402	24.065	1.153	1.0	1.0
4	3	76	1.484	0.508	25.129	1.335	1.0	1.0
4	3	73	1.167	0.379	27.194	2.227	0.968	1.0
4	3	70	0.793	0.491	29.167	3.06	0.71	0.774
4	3	67	0.032	0.18	29.0	0.0	0.032	0.032
4	3	64	0.0	0.0	nan	nan	0.0	0.0
4	3	61	0.0	0.0	nan	nan	0.0	0.0
4	3	58	0.0	0.0	nan	nan	0.0	0.0
4	3	55	0.0	0.0	nan	nan	0.0	0.0
4	3	52	0.0	0.0	nan	nan	0.0	0.0
4	3	49	0.0	0.0	nan	nan	0.0	0.0
4	3	46	0.0	0.0	nan	nan	0.0	0.0
4	3	43	0.0	0.0	nan	nan	0.0	0.0
4	3	40	0.0	0.0	nan	nan	0.0	0.0
5	3	97	1.194	0.402	20.226	0.717	1.0	1.0
5	3	94	1.0	0.0	20.903	1.012	1.0	1.0
5	3	91	1.0	0.0	21.452	0.925	1.0	1.0
5	3	88	1.0	0.0	22.419	1.232	1.0	1.0
5	3	85	0.931	0.258	24.31	2.929	0.871	0.935
5	3	82	0.967	0.183	25.633	2.512	0.935	0.968
5	3	79	0.323	0.475	25.9	1.101	0.323	0.323
5	3	76	0.0	0.0	nan	nan	0.0	0.0
5	3	73	0.0	0.0	nan	nan	0.0	0.0
5	3	70	0.0	0.0	nan	nan	0.0	0.0
5	3	67	0.0	0.0	nan	nan	0.0	0.0
5	3	64	0.0	0.0	nan	nan	0.0	0.0
5	3	61	0.0	0.0	nan	nan	0.0	0.0
5	3	58	0.0	0.0	nan	nan	0.0	0.0
5	3	55	0.0	0.0	nan	nan	0.0	0.0
5	3	52	0.0	0.0	nan	nan	0.0	0.0
5	3	49	0.0	0.0	nan	nan	0.0	0.0
5	3	46	0.0	0.0	nan	nan	0.0	0.0
5	3	43	0.0	0.0	nan	nan	0.0	0.0
5	3	40	0.0	0.0	nan	nan	0.0	0.0
6	3	97	4.0	0.0	19.516	0.626	1.0	1.0
6	3	94	3.677	0.475	19.935	0.512	1.0	1.0
6	3	91	3.387	0.495	20.419	0.62	1.0	1.0
6	3	88	3.065	0.25	20.935	0.727	1.0	1.0
6	3	85	3.0	0.0	21.645	0.551	1.0	1.0
6	3	82	3.0	0.0	22.194	0.98	1.0	1.0
6	3	79	2.871	0.341	23.129	1.36	1.0	1.0
6	3	76	2.742	0.445	24.774	1.203	1.0	1.0
6	3	73	2.129	0.341	25.323	0.979	1.0	1.0
6	3	70	2.065	0.25	26.742	1.341	1.0	1.0
6	3	67	1.968	0.18	28.839	2.208	1.0	1.0
6	3	64	1.828	0.384	32.097	2.675	0.935	1.0
6	3	61	1.12	0.833	35.583	4.252	0.581	0.774
6	3	58	0.133	0.434	35.75	5.123	0.097	0.129
6	3	55	0.0	0.0	nan	nan	0.0	0.0
6	3	52	0.0	0.0	nan	nan	0.0	0.0
6	3	49	0.0	0.0	nan	nan	0.0	0.0
6	3	46	0.0	0.0	nan	nan	0.0	0.0
6	3	43	0.0	0.0	nan	nan	0.0	0.0
6	3	40	0.0	0.0	nan	nan	0.0	0.0
7	3	97	3.129	0.341	20.129	0.499	1.0	1.0
7	3	94	3.0	0.0	20.484	0.57	1.0	1.0
7	3	91	3.0	0.0	21.065	0.574	1.0	1.0
7	3	88	2.774	0.425	21.677	1.013	1.0	1.0
7	3	85	2.29	0.461	22.419	0.923	1.0	1.0
7	3	82	2.194	0.402	23.258	0.999	1.0	1.0
7	3	79	2.032	0.18	24.387	1.23	1.0	1.0
7	3	76	1.968	0.18	25.968	2.008	1.0	1.0
7	3	73	1.967	0.183	26.677	2.197	0.968	1.0
7	3	70	1.323	0.702	28.63	2.186	0.871	0.871
7	3	67	0.476	0.814	34.375	3.344	0.194	0.516
7	3	64	0.0	0.0	37.0	0.0	0.0	0.032
7	3	61	0.0	0.0	nan	nan	0.0	0.0
7	3	58	0.0	0.0	nan	nan	0.0	0.0
7	3	55	0.0	0.0	nan	nan	0.0	0.0
7	3	52	0.0	0.0	nan	nan	0.0	0.0
7	3	49	0.0	0.0	nan	nan	0.0	0.0
7	3	46	0.0	0.0	nan	nan	0.0	0.0
7	3	43	0.0	0.0	nan	nan	0.0	0.0
7	3	40	0.0	0.0	nan	nan	0.0	0.0
8	3	97	2.71	0.461	21.839	0.688	1.0	1.0
8	3	94	2.194	0.402	22.323	0.791	1.0	1.0
8	3	91	2.129	0.341	23.0	0.816	1.0	1.0
8	3	88	2.032	0.18	24.0	1.033	1.0	1.0
8	3	85	2.0	0.0	25.0	0.931	1.0	1.0
8	3	82	1.935	0.25	26.161	1.715	1.0	1.0
8	3	79	1.6	0.498	28.968	2.588	0.968	1.0
8	3	76	0.913	0.596	32.192	3.774	0.581	0.839
8	3	73	0.154	0.368	35.444	4.391	0.129	0.29
8	3	70	0.0	0.0	nan	nan	0.0	0.0
8	3	67	0.0	0.0	nan	nan	0.0	0.0
8	3	64	0.0	0.0	nan	nan	0.0	0.0
8	3	61	0.0	0.0	nan	nan	0.0	0.0
8	3	58	0.0	0.0	nan	nan	0.0	0.0
8	3	55	0.0	0.0	nan	nan	0.0	0.0
8	3	52	0.0	0.0	nan	nan	0.0	0.0
8	3	49	0.0	0.0	nan	nan	0.0	0.0
8	3	46	0.0	0.0	nan	nan	0.0	0.0
8	3	43	0.0	0.0	nan	nan	0.0	0.0
8	3	40	0.0	0.0	nan	nan	0.0	0.0
9	3	97	5.0	0.0	19.516	0.508	1.0	1.0
9	3	94	4.968	0.18	19.935	0.512	1.0	1.0
9	3	91	4.806	0.402	20.323	0.599	1.0	1.0
9	3	88	4.323	0.475	20.774	0.669	1.0	1.0
9	3	85	4.0	0.0	21.258	0.631	1.0	1.0
9	3	82	4.0	0.0	21.806	0.477	1.0	1.0
9	3	79	4.0	0.0	22.677	0.791	1.0	1.0
9	3	76	3.645	0.486	23.548	0.768	1.0	1.0
9	3	73	3.355	0.486	24.097	0.79	1.0	1.0
9	3	70	3.032	0.18	25.419	1.259	1.0	1.0
9	3	67	3.0	0.0	27.065	1.153	1.0	1.0
9	3	64	3.0	0.0	28.387	1.667	1.0	1.0
9	3	61	2.677	0.541	31.806	2.725	1.0	1.0
9	3	58	1.645	0.709	34.774	3.019	1.0	1.0
9	3	55	0.29	0.529	39.375	2.326	0.258	0.258
9	3	52	0.0	0.0	nan	nan	0.0	0.0
9	3	49	0.0	0.0	nan	nan	0.0	0.0
9	3	46	0.0	0.0	nan	nan	0.0	0.0
9	3	43	0.0	0.0	nan	nan	0.0	0.0
9	3	40	0.0	0.0	nan	nan	0.0	0.0
10	3	97	5.548	0.506	16.613	0.615	1.0	1.0
10	3	94	5.194	0.477	17.097	0.539	1.0	1.0
10	3	91	4.871	0.341	17.452	0.675	1.0	1.0
10	3	88	4.839	0.374	17.516	0.851	1.0	1.0
10	3	85	4.323	0.702	18.29	0.783	1.0	1.0
10	3	82	3.806	0.703	18.71	0.783	1.0	1.0
10	3	79	3.226	0.425	19.71	0.529	1.0	1.0
10	3	76	3.032	0.18	20.677	0.832	1.0	1.0
10	3	73	3.0	0.0	21.355	0.915	1.0	1.0
10	3	70	2.903	0.301	22.29	1.006	1.0	1.0
10	3	67	2.71	0.461	23.419	1.177	1.0	1.0
10	3	64	2.258	0.445	25.129	2.187	1.0	1.0
10	3	61	2.032	0.18	27.484	2.047	1.0	1.0
10	3	58	1.935	0.359	30.806	3.351	1.0	1.0
10	3	55	1.207	0.726	35.308	3.507	0.774	0.839
10	3	52	0.0	0.0	nan	nan	0.0	0.0
10	3	49	0.0	0.0	nan	nan	0.0	0.0
10	3	46	0.0	0.0	nan	nan	0.0	0.0
10	3	43	0.0	0.0	nan	nan	0.0	0.0
10	3	40	0.0	0.0	nan	nan	0.0	0.0
11	3	97	3.935	0.25	21.452	0.723	1.0	1.0
11	3	94	3.677	0.475	22.129	0.562	1.0	1.0
11	3	91	3.258	0.445	22.71	0.693	1.0	1.0
11	3	88	3.032	0.18	23.194	0.703	1.0	1.0
11	3	85	3.0	0.0	24.194	0.98	1.0	1.0
11	3	82	3.0	0.0	24.871	0.846	1.0	1.0
11	3	79	2.871	0.341	25.71	0.938	1.0	1.0
11	3	76	2.419	0.502	27.355	1.279	1.0	1.0
11	3	73	2.065	0.359	29.194	1.4	1.0	1.0
11	3	70	2.0	0.0	31.161	1.635	1.0	1.0
11	3	67	1.655	0.553	34.567	2.75	0.903	0.968
11	3	64	0.607	0.786	35.933	3.011	0.387	0.484
11	3	61	0.065	0.25	38.0	1.414	0.065	0.065
11	3	58	0.0	0.0	nan	nan	0.0	0.0
11	3	55	0.0	0.0	nan	nan	0.0	0.0
11	3	52	0.0	0.0	nan	nan	0.0	0.0
11	3	49	0.0	0.0	nan	nan	0.0	0.0
11	3	46	0.0	0.0	nan	nan	0.0	0.0
11	3	43	0.0	0.0	nan	nan	0.0	0.0
11	3	40	0.0	0.0	nan	nan	0.0	0.0
12	3	97	2.097	0.301	21.645	0.661	1.0	1.0
12	3	94	2.032	0.18	22.677	0.871	1.0	1.0
12	3	91	2.0	0.0	23.484	0.677	1.0	1.0
12	3	88	1.935	0.25	24.355	1.112	1.0	1.0
12	3	85	1.677	0.475	25.806	1.721	1.0	1.0
12	3	82	1.533	0.507	27.032	2.47	0.968	1.0
12	3	79	0.8	0.551	29.609	1.994	0.71	0.742
12	3	76	0.2	0.407	32.857	1.864	0.194	0.226
12	3	73	0.0	0.0	nan	nan	0.0	0.0
12	3	70	0.0	0.0	nan	nan	0.0	0.0
12	3	67	0.0	0.0	nan	nan	0.0	0.0
12	3	64	0.0	0.0	nan	nan	0.0	0.0
12	3	61	0.0	0.0	nan	nan	0.0	0.0
12	3	58	0.0	0.0	nan	nan	0.0	0.0
12	3	55	0.0	0.0	nan	nan	0.0	0.0
12	3	52	0.0	0.0	nan	nan	0.0	0.0
12	3	49	0.0	0.0	nan	nan	0.0	0.0
12	3	46	0.0	0.0	nan	nan	0.0	0.0
12	3	43	0.0	0.0	nan	nan	0.0	0.0
12	3	40	0.0	0.0	nan	nan	0.0	0.0
13	3	97	1.968	0.18	21.968	0.912	1.0	1.0
13	3	94	1.742	0.445	22.968	0.948	1.0	1.0
13	3	91	1.387	0.495	23.935	1.093	1.0	1.0
13	3	88	1.161	0.374	25.581	2.433	1.0	1.0
13	3	85	0.897	0.31	27.571	2.559	0.839	0.903
13	3	82	0.367	0.49	29.167	2.29	0.355	0.387
13	3	79	0.032	0.18	30.0	0.0	0.032	0.032
13	3	76	0.0	0.0	nan	nan	0.0	0.0
13	3	73	0.0	0.0	nan	nan	0.0	0.0
13	3	70	0.0	0.0	nan	nan	0.0	0.0
13	3	67	0.0	0.0	nan	nan	0.0	0.0
13	3	64	0.0	0.0	nan	nan	0.0	0.0
13	3	61	0.0	0.0	nan	nan	0.0	0.0
13	3	58	0.0	0.0	nan	nan	0.0	0.0
13	3	55	0.0	0.0	nan	nan	0.0	0.0
13	3	52	0.0	0.0	nan	nan	0.0	0.0
13	3	49	0.0	0.0	nan	nan	0.0	0.0
13	3	46	0.0	0.0	nan	nan	0.0	0.0
13	3	43	0.0	0.0	nan	nan	0.0	0.0
13	3	40	0.0	0.0	nan	nan	0.0	0.0
14	3	97	4.516	0.57	18.903	0.473	1.0	1.0
14	3	94	4.226	0.425	19.226	0.497	1.0	1.0
14	3	91	4.0	0.258	19.645	0.839	1.0	1.0
14	3	88	3.968	0.18	20.581	0.72	1.0	1.0
14	3	85	4.0	0.0	20.774	0.669	1.0	1.0
14	3	82	3.677	0.475	21.742	0.773	1.0	1.0
14	3	79	3.097	0.301	22.452	0.85	1.0	1.0
14	3	76	3.0	0.0	23.613	0.919	1.0	1.0
14	3	73	3.0	0.0	24.71	1.039	1.0	1.0
14	3	70	2.935	0.25	25.935	1.896	1.0	1.0
14	3	67	2.774	0.425	27.806	1.6	1.0	1.0
14	3	64	2.161	0.523	30.871	2.487	1.0	1.0
14	3	61	1.194	0.654	35.571	3.202	0.903	0.903
14	3	58	0.3	0.466	41.2	1.989	0.29	0.323
14	3	55	0.0	0.0	nan	nan	0.0	0.0
14	3	52	0.0	0.0	nan	nan	0.0	0.0
14	3	49	0.0	0.0	nan	nan	0.0	0.0
14	3	46	0.0	0.0	nan	nan	0.0	0.0
14	3	43	0.0	0.0	nan	nan	0.0	0.0
14	3	40	0.0	0.0	nan	nan	0.0	0.0
15	3	97	2.0	0.0	22.258	0.729	1.0	1.0
15	3	94	1.871	0.341	23.355	0.798	1.0	1.0
15	3	91	1.645	0.486	23.806	0.749	1.0	1.0
15	3	88	1.161	0.374	24.71	1.395	1.0	1.0
15	3	85	0.967	0.183	27.633	3.264	0.935	0.968
15	3	82	0.419	0.502	29.231	2.006	0.419	0.419
15	3	79	0.0	0.0	nan	nan	0.0	0.0
15	3	76	0.0	0.0	nan	nan	0.0	0.0
15	3	73	0.0	0.0	nan	nan	0.0	0.0
15	3	70	0.0	0.0	nan	nan	0.0	0.0
15	3	67	0.0	0.0	nan	nan	0.0	0.0
15	3	64	0.0	0.0	nan	nan	0.0	0.0
15	3	61	0.0	0.0	nan	nan	0.0	0.0
15	3	58	0.0	0.0	nan	nan	0.0	0.0
15	3	55	0.0	0.0	nan	nan	0.0	0.0
15	3	52	0.0	0.0	nan	nan	0.0	0.0
15	3	49	0.0	0.0	nan	nan	0.0	0.0
15	3	46	0.0	0.0	nan	nan	0.0	0.0
15	3	43	0.0	0.0	nan	nan	0.0	0.0
15	3	40	0.0	0.0	nan	nan	0.0	0.0
16	3	97	3.548	0.568	18.323	0.702	1.0	1.0
16	3	94	3.194	0.402	18.903	0.746	1.0	1.0
16	3	91	3.032	0.18	19.71	0.902	1.0	1.0
16	3	88	2.806	0.402	20.194	0.749	1.0	1.0
16	3	85	2.677	0.475	20.774	0.884	1.0	1.0
16	3	82	2.484	0.508	21.613	1.174	1.0	1.0
16	3	79	2.032	0.18	22.452	0.925	1.0	1.0
16	3	76	2.0	0.258	23.839	1.068	1.0	1.0
16	3	73	1.968	0.18	25.032	1.449	1.0	1.0
16	3	70	1.733	0.521	27.167	2.743	0.935	0.968
16	3	67	1.333	0.661	28.964	2.252	0.871	0.903
16	3	64	0.133	0.434	31.25	6.551	0.097	0.129
16	3	61	0.0	0.0	nan	nan	0.0	0.0
16	3	58	0.0	0.0	nan	nan	0.0	0.0
16	3	55	0.0	0.0	nan	nan	0.0	0.0
16	3	52	0.0	0.0	nan	nan	0.0	0.0
16	3	49	0.0	0.0	nan	nan	0.0	0.0
16	3	46	0.0	0.0	nan	nan	0.0	0.0
16	3	43	0.0	0.0	nan	nan	0.0	0.0
16	3	40	0.0	0.0	nan	nan	0.0	0.0
17	3	97	2.645	0.486	19.581	0.564	1.0	1.0
17	3	94	2.355	0.486	19.968	0.657	1.0	1.0
17	3	91	2.032	0.18	20.355	0.661	1.0	1.0
17	3	88	1.968	0.18	21.032	0.706	1.0	1.0
17	3	85	2.0	0.0	21.677	0.979	1.0	1.0
17	3	82	1.903	0.301	23.032	1.048	1.0	1.0
17	3	79	1.806	0.402	24.323	1.194	1.0	1.0
17	3	76	1.258	0.514	26.3	2.38	0.968	0.968
17	3	73	0.8	0.484	28.167	2.869	0.742	0.774
17	3	70	0.323	0.475	29.7	1.494	0.323	0.323
17	3	67	0.0	0.0	37.0	0.0	0.0	0.032
17	3	64	0.0	0.0	nan	nan	0.0	0.0
17	3	61	0.0	0.0	nan	nan	0.0	0.0
17	3	58	0.0	0.0	nan	nan	0.0	0.0
17	3	55	0.0	0.0	nan	nan	0.0	0.0
17	3	52	0.0	0.0	nan	nan	0.0	0.0
17	3	49	0.0	0.0	nan	nan	0.0	0.0
17	3	46	0.0	0.0	nan	nan	0.0	0.0
17	3	43	0.0	0.0	nan	nan	0.0	0.0
17	3	40	0.0	0.0	nan	nan	0.0	0.0
18	3	97	2.032	0.18	23.516	0.677	1.0	1.0
18	3	94	1.9	0.305	24.71	2.355	0.968	1.0
18	3	91	1.548	0.506	25.839	1.899	1.0	1.0
18	3	88	1.194	0.402	27.065	1.731	1.0	1.0
18	3	85	0.75	0.585	28.591	3.673	0.613	0.71
18	3	82	0.2	0.407	31.286	3.302	0.194	0.226
18	3	79	0.0	0.0	nan	nan	0.0	0.0
18	3	76	0.0	0.0	nan	nan	0.0	0.0
18	3	73	0.0	0.0	nan	nan	0.0	0.0
18	3	70	0.0	0.0	nan	nan	0.0	0.0
18	3	67	0.0	0.0	nan	nan	0.0	0.0
18	3	64	0.0	0.0	nan	nan	0.0	0.0
18	3	61	0.0	0.0	nan	nan	0.0	0.0
18	3	58	0.0	0.0	nan	nan	0.0	0.0
18	3	55	0.0	0.0	nan	nan	0.0	0.0
18	3	52	0.0	0.0	nan	nan	0.0	0.0
18	3	49	0.0	0.0	nan	nan	0.0	0.0
18	3	46	0.0	0.0	nan	nan	0.0	0.0
18	3	43	0.0	0.0	nan	nan	0.0	0.0
18	3	40	0.0	0.0	nan	nan	0.0	0.0
19	3	97	1.903	0.301	24.097	1.044	1.0	1.0
19	3	94	1.71	0.461	24.871	1.088	1.0	1.0
19	3	91	1.258	0.514	26.267	2.348	0.968	0.968
19	3	88	1.065	0.25	27.226	1.606	1.0	1.0
19	3	85	0.567	0.568	29.882	2.342	0.516	0.548
19	3	82	0.138	0.351	33.167	2.317	0.129	0.194
19	3	79	0.0	0.0	nan	nan	0.0	0.0
19	3	76	0.0	0.0	nan	nan	0.0	0.0
19	3	73	0.0	0.0	nan	nan	0.0	0.0
19	3	70	0.0	0.0	nan	nan	0.0	0.0
19	3	67	0.0	0.0	nan	nan	0.0	0.0
19	3	64	0.0	0.0	nan	nan	0.0	0.0
19	3	61	0.0	0.0	nan	nan	0.0	0.0
19	3	58	0.0	0.0	nan	nan	0.0	0.0
19	3	55	0.0	0.0	nan	nan	0.0	0.0
19	3	52	0.0	0.0	nan	nan	0.0	0.0
19	3	49	0.0	0.0	nan	nan	0.0	0.0
19	3	46	0.0	0.0	nan	nan	0.0	0.0
19	3	43	0.0	0.0	nan	nan	0.0	0.0
19	3	40	0.0	0.0	nan	nan	0.0	0.0
20	3	97	2.742	0.575	18.774	0.762	1.0	1.0
20	3	94	2.161	0.374	19.355	0.877	1.0	1.0
20	3	91	2.0	0.0	19.839	0.82	1.0	1.0
20	3	88	2.0	0.0	20.065	0.629	1.0	1.0
20	3	85	2.0	0.0	20.71	0.739	1.0	1.0
20	3	82	2.0	0.0	21.774	1.203	1.0	1.0
20	3	79	1.806	0.402	22.516	0.996	1.0	1.0
20	3	76	1.323	0.475	24.194	1.833	1.0	1.0
20	3	73	1.194	0.402	25.161	1.753	1.0	1.0
20	3	70	0.931	0.258	28.103	3.374	0.871	0.935
20	3	67	0.393	0.497	28.857	3.84	0.355	0.452
20	3	64	0.097	0.301	30.667	1.528	0.097	0.097
20	3	61	0.0	0.0	39.0	0.0	0.0	0.032
20	3	58	0.0	0.0	nan	nan	0.0	0.0
20	3	55	0.0	0.0	nan	nan	0.0	0.0
20	3	52	0.0	0.0	nan	nan	0.0	0.0
20	3	49	0.0	0.0	nan	nan	0.0	0.0
20	3	46	0.0	0.0	nan	nan	0.0	0.0
20	3	43	0.0	0.0	nan	nan	0.0	0.0
20	3	40	0.0	0.0	nan	nan	0.0	0.0
21	3	97	3.161	0.374	19.419	0.72	1.0	1.0
21	3	94	3.065	0.25	19.774	1.055	1.0	1.0
21	3	91	3.0	0.0	20.29	0.739	1.0	1.0
21	3	88	2.968	0.18	21.129	0.67	1.0	1.0
21	3	85	2.71	0.461	21.258	1.064	1.0	1.0
21	3	82	2.29	0.461	22.419	0.992	1.0	1.0
21	3	79	2.032	0.18	23.065	1.209	1.0	1.0
21	3	76	2.032	0.18	24.258	1.413	1.0	1.0
21	3	73	1.935	0.25	25.903	1.274	1.0	1.0
21	3	70	1.903	0.301	27.935	1.788	1.0	1.0
21	3	67	1.379	0.622	31.069	2.738	0.871	0.935
21	3	64	0.63	0.742	34.765	4.684	0.419	0.548
21	3	61	0.071	0.378	35.75	4.5	0.032	0.129
21	3	58	0.0	0.0	nan	nan	0.0	0.0
21	3	55	0.0	0.0	nan	nan	0.0	0.0
21	3	52	0.0	0.0	nan	nan	0.0	0.0
21	3	49	0.0	0.0	nan	nan	0.0	0.0
21	3	46	0.0	0.0	nan	nan	0.0	0.0
21	3	43	0.0	0.0	nan	nan	0.0	0.0
21	3	40	0.0	0.0	nan	nan	0.0	0.0
22	3	97	5.129	0.428	18.71	0.588	1.0	1.0
22	3	94	5.161	0.374	18.839	0.583	1.0	1.0
22	3	91	4.903	0.301	19.548	0.568	1.0	1.0
22	3	88	4.548	0.568	20.065	0.772	1.0	1.0
22	3	85	4.258	0.445	20.645	0.709	1.0	1.0
22	3	82	4.0	0.258	21.387	0.615	1.0	1.0
22	3	79	3.935	0.25	21.903	1.193	1.0	1.0
22	3	76	3.677	0.475	22.71	0.938	1.0	1.0
22	3	73	3.387	0.495	23.548	0.961	1.0	1.0
22	3	70	3.0	0.0	25.194	1.276	1.0	1.0
22	3	67	3.0	0.0	26.839	1.614	1.0	1.0
22	3	64	2.871	0.341	28.71	2.452	1.0	1.0
22	3	61	2.323	0.791	32.258	2.408	1.0	1.0
22	3	58	1.419	0.765	35.867	2.825	0.968	0.968
22	3	55	0.433	0.568	38.615	8.191	0.387	0.419
22	3	52	0.0	0.0	nan	nan	0.0	0.0
22	3	49	0.0	0.0	nan	nan	0.0	0.0
22	3	46	0.0	0.0	nan	nan	0.0	0.0
22	3	43	0.0	0.0	nan	nan	0.0	0.0
22	3	40	0.0	0.0	nan	nan	0.0	0.0
23	3	97	4.484	0.626	19.129	0.885	1.0	1.0
23	3	94	4.129	0.341	19.968	0.657	1.0	1.0
23	3	91	4.097	0.301	20.032	0.836	1.0	1.0
23	3	88	3.871	0.341	20.452	1.028	1.0	1.0
23	3	85	3.774	0.425	21.129	0.806	1.0	1.0
23	3	82	3.484	0.508	21.677	0.945	1.0	1.0
23	3	79	3.065	0.25	22.742	1.094	1.0	1.0
23	3	76	2.935	0.25	23.452	0.85	1.0	1.0
23	3	73	2.968	0.18	24.387	0.989	1.0	1.0
23	3	70	2.71	0.461	25.355	1.226	1.0	1.0
23	3	67	2.484	0.508	26.935	1.769	1.0	1.0
23	3	64	2.067	0.254	29.258	3.162	0.968	1.0
23	3	61	1.833	0.379	32.065	3.255	0.968	1.0
23	3	58	1.179	0.772	35.12	4.314	0.71	0.806
23	3	55	0.097	0.396	35.0	2.828	0.065	0.065
23	3	52	0.0	0.0	nan	nan	0.0	0.0
23	3	49	0.0	0.0	nan	nan	0.0	0.0
23	3	46	0.0	0.0	nan	nan	0.0	0.0
23	3	43	0.0	0.0	nan	nan	0.0	0.0
23	3	40	0.0	0.0	nan	nan	0.0	0.0
24	3	97	2.065	0.25	22.903	0.79	1.0	1.0
24	3	94	2.0	0.0	23.419	0.992	1.0	1.0
24	3	91	2.032	0.18	24.516	0.926	1.0	1.0
24	3	88	1.968	0.18	25.516	1.151	1.0	1.0
24	3	85	1.733	0.45	28.0	4.041	0.968	1.0
24	3	82	1.5	0.572	29.367	2.553	0.935	0.968
24	3	79	0.958	0.69	32.52	3.164	0.581	0.806
24	3	76	0.143	0.448	34.333	2.338	0.097	0.194
24	3	73	0.0	0.0	nan	nan	0.0	0.0
24	3	70	0.0	0.0	nan	nan	0.0	0.0
24	3	67	0.0	0.0	nan	nan	0.0	0.0
24	3	64	0.0	0.0	nan	nan	0.0	0.0
24	3	61	0.0	0.0	nan	nan	0.0	0.0
24	3	58	0.0	0.0	nan	nan	0.0	0.0
24	3	55	0.0	0.0	nan	nan	0.0	0.0
24	3	52	0.0	0.0	nan	nan	0.0	0.0
24	3	49	0.0	0.0	nan	nan	0.0	0.0
24	3	46	0.0	0.0	nan	nan	0.0	0.0
24	3	43	0.0	0.0	nan	nan	0.0	0.0
24	3	40	0.0	0.0	nan	nan	0.0	0.0
25	3	97	1.968	0.18	23.581	1.148	1.0	1.0
25	3	94	1.484	0.508	24.871	1.024	1.0	1.0
25	3	91	1.161	0.374	25.935	1.692	1.0	1.0
25	3	88	1.032	0.315	26.833	1.783	0.968	0.968
25	3	85	0.677	0.475	28.524	2.25	0.677	0.677
25	3	82	0.097	0.301	27.667	1.528	0.097	0.097
25	3	79	0.0	0.0	nan	nan	0.0	0.0
25	3	76	0.0	0.0	nan	nan	0.0	0.0
25	3	73	0.0	0.0	nan	nan	0.0	0.0
25	3	70	0.0	0.0	nan	nan	0.0	0.0
25	3	67	0.0	0.0	nan	nan	0.0	0.0
25	3	64	0.0	0.0	nan	nan	0.0	0.0
25	3	61	0.0	0.0	nan	nan	0.0	0.0
25	3	58	0.0	0.0	nan	nan	0.0	0.0
25	3	55	0.0	0.0	nan	nan	0.0	0.0
25	3	52	0.0	0.0	nan	nan	0.0	0.0
25	3	49	0.0	0.0	nan	nan	0.0	0.0
25	3	46	0.0	0.0	nan	nan	0.0	0.0
25	3	43	0.0	0.0	nan	nan	0.0	0.0
25	3	40	0.0	0.0	nan	nan	0.0	0.0
26	3	97	2.097	0.301	21.452	0.995	1.0	1.0
26	3	94	2.0	0.0	22.0	0.577	1.0	1.0
26	3	91	2.0	0.0	22.839	1.003	1.0	1.0
26	3	88	1.935	0.25	23.871	1.088	1.0	1.0
26	3	85	1.806	0.402	24.645	1.305	1.0	1.0
26	3	82	1.533	0.571	26.133	2.874	0.935	0.968
26	3	79	1.161	0.454	27.667	1.807	0.968	0.968
26	3	76	0.655	0.484	28.952	3.324	0.613	0.677
26	3	73	0.1	0.305	32.5	2.646	0.097	0.129
26	3	70	0.0	0.0	nan	nan	0.0	0.0
26	3	67	0.0	0.0	nan	nan	0.0	0.0
26	3	64	0.032	0.18	31.0	0.0	0.032	0.032
26	3	61	0.0	0.0	nan	nan	0.0	0.0
26	3	58	0.0	0.0	nan	nan	0.0	0.0
26	3	55	0.0	0.0	nan	nan	0.0	0.0
26	3	52	0.0	0.0	nan	nan	0.0	0.0
26	3	49	0.0	0.0	nan	nan	0.0	0.0
26	3	46	0.0	0.0	nan	nan	0.0	0.0
26	3	43	0.0	0.0	nan	nan	0.0	0.0
26	3	40	0.0	0.0	nan	nan	0.0	0.0
27	3	97	3.161	0.374	19.129	0.763	1.0	1.0
27	3	94	2.935	0.25	19.645	0.798	1.0	1.0
27	3	91	3.0	0.0	19.903	0.597	1.0	1.0
27	3	88	2.484	0.508	20.613	0.803	1.0	1.0
27	3	85	2.387	0.495	21.194	1.014	1.0	1.0
27	3	82	2.065	0.25	21.871	1.335	1.0	1.0
27	3	79	2.065	0.25	23.226	1.175	1.0	1.0
27	3	76	1.871	0.341	23.516	1.387	1.0	1.0
27	3	73	1.633	0.49	25.194	2.197	0.968	1.0
27	3	70	1.241	0.689	27.444	2.764	0.806	0.871
27	3	67	0.4	0.621	29.182	3.311	0.323	0.355
27	3	64	0.032	0.18	31.0	0.0	0.032	0.032
27	3	61	0.0	0.0	nan	nan	0.0	0.0
27	3	58	0.0	0.0	nan	nan	0.0	0.0
27	3	55	0.0	0.0	nan	nan	0.0	0.0
27	3	52	0.0	0.0	nan	nan	0.0	0.0
27	3	49	0.0	0.0	nan	nan	0.0	0.0
27	3	46	0.0	0.0	nan	nan	0.0	0.0
27	3	43	0.0	0.0	nan	nan	0.0	0.0
27	3	40	0.0	0.0	nan	nan	0.0	0.0
28	3	97	5.258	0.445	18.548	0.675	1.0	1.0
28	3	94	4.968	0.605	18.903	0.651	1.0	1.0
28	3	91	4.387	0.615	19.29	0.643	1.0	1.0
28	3	88	4.032	0.18	19.645	0.608	1.0	1.0
28	3	85	4.0	0.0	20.29	0.643	1.0	1.0
28	3	82	3.935	0.25	20.71	1.039	1.0	1.0
28	3	79	3.806	0.402	21.613	0.715	1.0	1.0
28	3	76	3.323	0.475	22.71	1.321	1.0	1.0
28	3	73	3.161	0.374	23.419	1.057	1.0	1.0
28	3	70	3.032	0.18	24.645	1.33	1.0	1.0
28	3	67	3.0	0.0	25.935	1.652	1.0	1.0
28	3	64	2.871	0.341	28.419	2.157	1.0	1.0
28	3	61	2.387	0.667	32.129	2.592	1.0	1.0
28	3	58	1.419	0.72	36.633	3.479	0.968	0.968
28	3	55	0.233	0.43	43.0	6.459	0.226	0.258
28	3	52	0.032	0.18	50.0	0.0	0.032	0.032
28	3	49	0.0	0.0	nan	nan	0.0	0.0
28	3	46	0.0	0.0	nan	nan	0.0	0.0
28	3	43	0.0	0.0	nan	nan	0.0	0.0
28	3	40	0.0	0.0	nan	nan	0.0	0.0
29	3	97	5.806	0.402	16.645	0.608	1.0	1.0
29	3	94	5.613	0.495	16.935	0.68	1.0	1.0
29	3	91	5.258	0.631	17.419	0.72	1.0	1.0
29	3	88	4.742	0.445	17.871	0.763	1.0	1.0
29	3	85	4.29	0.461	18.645	0.709	1.0	1.0
29	3	82	4.097	0.396	19.065	0.68	1.0	1.0
29	3	79	3.581	0.564	19.774	0.99	1.0	1.0
29	3	76	3.387	0.558	20.419	1.148	1.0	1.0
29	3	73	3.0	0.0	21.613	0.919	1.0	1.0
29	3	70	3.0	0.0	22.71	1.071	1.0	1.0
29	3	67	2.903	0.301	23.677	1.137	1.0	1.0
29	3	64	2.581	0.502	25.742	1.914	1.0	1.0
29	3	61	2.129	0.341	28.097	2.071	1.0	1.0
29	3	58	1.667	0.479	31.71	3.734	0.968	1.0
29	3	55	0.893	0.497	37.654	3.463	0.742	0.839
29	3	52	0.0	0.0	43.0	0.0	0.0	0.032
29	3	49	0.0	0.0	nan	nan	0.0	0.0
29	3	46	0.0	0.0	nan	nan	0.0	0.0
29	3	43	0.0	0.0	nan	nan	0.0	0.0
29	3	40	0.0	0.0	nan	nan	0.0	0.0
30	3	97	2.0	0.0	23.742	0.773	1.0	1.0
30	3	94	1.774	0.425	24.484	1.029	1.0	1.0
30	3	91	1.4	0.498	25.839	2.051	0.968	1.0
30	3	88	1.161	0.454	27.233	1.888	0.968	0.968
30	3	85	0.667	0.48	30.909	3.069	0.581	0.71
30	3	82	0.233	0.43	31.375	2.774	0.226	0.258
30	3	79	0.0	0.0	nan	nan	0.0	0.0
30	3	76	0.0	0.0	nan	nan	0.0	0.0
30	3	73	0.0	0.0	nan	nan	0.0	0.0
30	3	70	0.0	0.0	nan	nan	0.0	0.0
30	3	67	0.0	0.0	nan	nan	0.0	0.0
30	3	64	0.0	0.0	nan	nan	0.0	0.0
30	3	61	0.0	0.0	nan	nan	0.0	0.0
30	3	58	0.0	0.0	nan	nan	0.0	0.0
30	3	55	0.0	0.0	nan	nan	0.0	0.0
30	3	52	0.0	0.0	nan	nan	0.0	0.0
30	3	49	0.0	0.0	nan	nan	0.0	0.0
30	3	46	0.0	0.0	nan	nan	0.0	0.0
30	3	43	0.0	0.0	nan	nan	0.0	0.0
30	3	40	0.0	0.0	nan	nan	0.0	0.0
31	3	97	2.387	0.495	19.161	0.523	1.0	1.0
31	3	94	2.161	0.374	19.839	0.82	1.0	1.0
31	3	91	2.032	0.18	20.355	0.755	1.0	1.0
31	3	88	2.0	0.0	21.097	1.012	1.0	1.0
31	3	85	1.968	0.18	21.903	1.076	1.0	1.0
31	3	82	1.645	0.486	23.226	1.309	1.0	1.0
31	3	79	1.258	0.445	25.097	1.795	1.0	1.0
31	3	76	1.097	0.301	25.903	2.241	1.0	1.0
31	3	73	0.484	0.508	28.733	2.154	0.484	0.484
31	3	70	0.065	0.25	29.0	0.0	0.065	0.065
31	3	67	0.0	0.0	nan	nan	0.0	0.0
31	3	64	0.0	0.0	nan	nan	0.0	0.0
31	3	61	0.0	0.0	nan	nan	0.0	0.0
31	3	58	0.0	0.0	nan	nan	0.0	0.0
31	3	55	0.0	0.0	nan	nan	0.0	0.0
31	3	52	0.0	0.0	nan	nan	0.0	0.0
31	3	49	0.0	0.0	nan	nan	0.0	0.0
31	3	46	0.0	0.0	nan	nan	0.0	0.0
31	3	43	0.0	0.0	nan	nan	0.0	0.0
31	3	40	0.0	0.0	nan	nan	0.0	0.0
0	4	97	4.484	0.508	17.129	0.763	1.0	1.0
0	4	94	4.097	0.539	17.484	0.508	1.0	1.0
0	4	91	3.71	0.461	17.968	0.547	1.0	1.0
0	4	88	3.581	0.502	18.355	0.709	1.0	1.0
0	4	85	3.161	0.374	18.903	0.79	1.0	1.0
0	4	82	2.968	0.18	19.677	0.945	1.0	1.0
0	4	79	2.935	0.359	20.452	1.524	1.0	1.0
0	4	76	2.645	0.486	21.065	1.031	1.0	1.0
0	4	73	2.161	0.374	22.484	1.338	1.0	1.0
0	4	70	2.0	0.0	23.71	1.131	1.0	1.0
0	4	67	2.0	0.0	25.355	1.561	1.0	1.0
0	4	64	1.871	0.341	29.323	3.439	1.0	1.0
0	4	61	1.3	0.75	33.538	3.165	0.806	0.839
0	4	58	0.2	0.551	36.4	5.128	0.129	0.161
0	4	55	0.0	0.0	nan	nan	0.0	0.0
0	4	52	0.0	0.0	nan	nan	0.0	0.0
0	4	49	0.0	0.0	nan	nan	0.0	0.0
0	4	46	0.0	0.0	nan	nan	0.0	0.0
0	4	43	0.0	0.0	nan	nan	0.0	0.0
0	4	40	0.0	0.0	nan	nan	0.0	0.0
1	4	97	3.323	0.475	19.065	0.629	1.0	1.0
1	4	94	3.0	0.0	19.484	0.57	1.0	1.0
1	4	91	3.0	0.0	20.032	0.706	1.0	1.0
1	4	88	3.0	0.0	20.387	0.667	1.0	1.0
1	4	85	2.903	0.301	21.097	0.597	1.0	1.0
1	4	82	2.645	0.486	21.742	0.631	1.0	1.0
1	4	79	2.161	0.374	22.742	0.815	1.0	1.0
1	4	76	2.097	0.301	23.71	0.693	1.0	1.0
1	4	73	2.032	0.18	25.0	0.931	1.0	1.0
1	4	70	1.935	0.25	25.484	1.363	1.0	1.0
1	4	67	2.0	0.0	29.0	2.793	0.935	1.0
1	4	64	1.414	0.682	31.179	3.465	0.839	0.903
1	4	61	0.269	0.604	35.1	3.281	0.161	0.323
1	4	58	0.033	0.183	33.5	2.121	0.032	0.065
1	4	55	0.0	0.0	nan	nan	0.0	0.0
1	4	52	0.0	0.0	nan	nan	0.0	0.0
1	4	49	0.0	0.0	nan	nan	0.0	0.0
1	4	46	0.0	0.0	nan	nan	0.0	0.0
1	4	43	0.0	0.0	nan	nan	0.0	0.0
1	4	40	0.0	0.0	nan	nan	0.0	0.0
2	4	97	2.0	0.0	20.258	0.631	1.0	1.0
2	4	94	1.806	0.402	20.71	0.739	1.0	1.0
2	4	91	1.774	0.425	21.806	0.749	1.0	1.0
2	4	88	1.29	0.461	22.323	0.945	1.0	1.0
2	4	85	1.129	0.341	23.161	1.098	1.0	1.0
2	4	82	1.0	0.0	25.194	1.579	1.0	1.0
2	4	79	0.903	0.301	26.571	1.913	0.903	0.903
2	4	76	0.4	0.498	28.077	2.871	0.387	0.419
2	4	73	0.0	0.0	nan	nan	0.0	0.0
2	4	70	0.0	0.0	nan	nan	0.0	0.0
2	4	67	0.0	0.0	nan	nan	0.0	0.0
2	4	64	0.0	0.0	nan	nan	0.0	0.0
2	4	61	0.0	0.0	nan	nan	0.0	0.0
2	4	58	0.0	0.0	nan	nan	0.0	0.0
2	4	55	0.0	0.0	nan	nan	0.0	0.0
2	4	52	0.0	0.0	nan	nan	0.0	0.0
2	4	49	0.0	0.0	nan	nan	0.0	0.0
2	4	46	0.0	0.0	nan	nan	0.0	0.0
2	4	43	0.0	0.0	nan	nan	0.0	0.0
2	4	40	0.0	0.0	nan	nan	0.0	0.0
3	4	97	4.032	0.315	17.419	0.502	1.0	1.0
3	4	94	3.871	0.428	17.903	0.597	1.0	1.0
3	4	91	3.452	0.506	18.194	0.703	1.0	1.0
3	4	88	3.161	0.374	18.677	0.599	1.0	1.0
3	4	85	2.968	0.407	19.097	0.87	1.0	1.0
3	4	82	2.871	0.428	19.71	0.902	1.0	1.0
3	4	79	2.387	0.495	20.065	1.031	1.0	1.0
3	4	76	2.129	0.341	21.194	1.078	1.0	1.0
3	4	73	2.0	0.0	22.129	1.204	1.0	1.0
3	4	70	2.0	0.0	23.387	1.202	1.0	1.0
3	4	67	1.968	0.18	25.29	1.346	1.0	1.0
3	4	64	1.839	0.374	27.258	1.999	1.0	1.0
3	4	61	1.448	0.506	30.065	2.943	0.935	1.0
3	4	58	0.034	0.186	34.667	2.309	0.032	0.097
3	4	55	0.0	0.0	35.0	0.0	0.0	0.032
3	4	52	0.0	0.0	nan	nan	0.0	0.0
3	4	49	0.0	0.0	nan	nan	0.0	0.0
3	4	46	0.0	0.0	nan	nan	0.0	0.0
3	4	43	0.0	0.0	nan	nan	0.0	0.0
3	4	40	0.0	0.0	nan	nan	0.0	0.0
4	4	97	5.806	0.543	17.484	0.508	1.0	1.0
4	4	94	5.323	0.702	18.0	0.683	1.0	1.0
4	4	91	4.645	0.798	18.452	0.723	1.0	1.0
4	4	88	4.226	0.425	18.806	0.703	1.0	1.0
4	4	85	4.032	0.18	19.484	0.677	1.0	1.0
4	4	82	4.0	0.0	19.968	0.836	1.0	1.0
4	4	79	3.677	0.475	20.355	0.915	1.0	1.0
4	4	76	3.258	0.445	21.387	1.145	1.0	1.0
4	4	73	3.0	0.0	22.097	1.076	1.0	1.0
4	4	70	3.0	0.0	23.161	1.128	1.0	1.0
4	4	67	3.0	0.0	24.71	1.006	1.0	1.0
4	4	64	2.871	0.341	25.774	1.407	1.0	1.0
4	4	61	2.355	0.486	28.613	1.874	1.0	1.0
4	4	58	1.774	0.497	32.581	3.324	1.0	1.0
4	4	55	1.032	0.605	36.115	2.79	0.839	0.839
4	4	52	0.133	0.346	40.4	4.506	0.129	0.161
4	4	49	0.0	0.0	nan	nan	0.0	0.0
4	4	46	0.0	0.0	nan	nan	0.0	0.0
4	4	43	0.0	0.0	nan	nan	0.0	0.0
4	4	40	0.0	0.0	nan	nan	0.0	0.0
5	4	97	3.613	0.495	19.935	0.512	1.0	1.0
5	4	94	3.387	0.495	20.484	0.626	1.0	1.0
5	4	91	3.129	0.499	20.742	0.773	1.0	1.0
5	4	88	3.0	0.0	21.581	0.72	1.0	1.0
5	4	85	2.968	0.18	22.226	0.762	1.0	1.0
5	4	82	2.935	0.25	22.677	0.748	1.0	1.0
5	4	79	2.613	0.495	23.742	0.815	1.0	1.0
5	4	76	2.161	0.374	24.871	1.258	1.0	1.0
5	4	73	2.0	0.0	26.097	1.739	1.0	1.0
5	4	70	1.968	0.18	27.806	1.797	1.0	1.0
5	4	67	1.733	0.45	31.258	2.476	0.968	1.0
5	4	64	0.846	0.784	35.0	2.408	0.516	0.677
5	4	61	0.0	0.0	nan	nan	0.0	0.0
5	4	58	0.0	0.0	nan	nan	0.0	0.0
5	4	55	0.0	0.0	nan	nan	0.0	0.0
5	4	52	0.0	0.0	nan	nan	0.0	0.0
5	4	49	0.0	0.0	nan	nan	0.0	0.0
5	4	46	0.0	0.0	nan	nan	0.0	0.0
5	4	43	0.0	0.0	nan	nan	0.0	0.0
5	4	40	0.0	0.0	nan	nan	0.0	0.0
6	4	97	3.613	0.495	20.516	0.677	1.0	1.0
6	4	94	3.387	0.495	20.903	0.7	1.0	1.0
6	4	91	3.097	0.301	21.355	0.877	1.0	1.0
6	4	88	3.032	0.315	21.903	1.012	1.0	1.0
6	4	85	2.742	0.445	22.419	0.672	1.0	1.0
6	4	82	2.742	0.445	23.613	1.116	1.0	1.0
6	4	79	2.355	0.486	24.355	0.915	1.0	1.0
6	4	76	2.161	0.374	25.839	1.573	1.0	1.0
6	4	73	1.935	0.512	27.333	2.233	0.968	0.968
6	4	70	1.929	0.466	28.7	3.053	0.871	0.968
6	4	67	0.793	0.902	31.812	2.562	0.452	0.516
6	4	64	0.0	0.0	nan	nan	0.0	0.0
6	4	61	0.0	0.0	nan	nan	0.0	0.0
6	4	58	0.0	0.0	nan	nan	0.0	0.0
6	4	55	0.0	0.0	nan	nan	0.0	0.0
6	4	52	0.0	0.0	nan	nan	0.0	0.0
6	4	49	0.0	0.0	nan	nan	0.0	0.0
6	4	46	0.0	0.0	nan	nan	0.0	0.0
6	4	43	0.0	0.0	nan	nan	0.0	0.0
6	4	40	0.0	0.0	nan	nan	0.0	0.0
7	4	97	3.097	0.301	18.645	0.486	1.0	1.0
7	4	94	2.968	0.18	18.903	0.473	1.0	1.0
7	4	91	2.839	0.374	19.581	0.672	1.0	1.0
7	4	88	2.516	0.508	20.032	0.706	1.0	1.0
7	4	85	2.516	0.508	20.29	0.902	1.0	1.0
7	4	82	2.032	0.18	21.129	0.957	1.0	1.0
7	4	79	2.065	0.25	21.71	0.864	1.0	1.0
7	4	76	2.0	0.0	22.871	0.922	1.0	1.0
7	4	73	1.871	0.341	24.0	1.238	1.0	1.0
7	4	70	1.677	0.475	25.226	1.454	1.0	1.0
7	4	67	1.355	0.486	26.774	1.407	1.0	1.0
7	4	64	0.704	0.669	30.15	2.978	0.516	0.645
7	4	61	0.067	0.254	34.667	4.619	0.065	0.097
7	4	58	0.0	0.0	nan	nan	0.0	0.0
7	4	55	0.0	0.0	nan	nan	0.0	0.0
7	4	52	0.0	0.0	nan	nan	0.0	0.0
7	4	49	0.0	0.0	nan	nan	0.0	0.0
7	4	46	0.0	0.0	nan	nan	0.0	0.0
7	4	43	0.0	0.0	nan	nan	0.0	0.0
7	4	40	0.0	0.0	nan	nan	0.0	0.0
8	4	97	4.484	0.508	19.581	0.62	1.0	1.0
8	4	94	4.355	0.486	19.935	0.574	1.0	1.0
8	4	91	3.968	0.315	20.484	0.769	1.0	1.0
8	4	88	3.903	0.301	21.097	0.831	1.0	1.0
8	4	85	3.871	0.341	21.484	1.029	1.0	1.0
8	4	82	3.355	0.486	22.226	0.884	1.0	1.0
8	4	79	3.097	0.396	23.065	1.34	1.0	1.0
8	4	76	2.903	0.301	23.871	0.957	1.0	1.0
8	4	73	2.935	0.25	25.129	1.147	1.0	1.0
8	4	70	2.613	0.495	26.065	1.209	1.0	1.0
8	4	67	2.355	0.486	27.516	1.651	1.0	1.0
8	4	64	2.032	0.407	29.548	2.173	1.0	1.0
8	4	61	1.467	0.73	33.286	3.441	0.871	0.903
8	4	58	0.792	0.779	36.857	3.321	0.452	0.677
8	4	55	0.0	0.0	41.0	0.0	0.0	0.032
8	4	52	0.0	0.0	nan	nan	0.0	0.0
8	4	49	0.0	0.0	nan	nan	0.0	0.0
8	4	46	0.0	0.0	nan	nan	0.0	0.0
8	4	43	0.0	0.0	nan	nan	0.0	0.0
8	4	40	0.0	0.0	nan	nan	0.0	0.0
9	4	97	2.323	0.475	19.0	0.516	1.0	1.0
9	4	94	2.097	0.301	19.387	0.615	1.0	1.0
9	4	91	2.032	0.18	20.032	0.547	1.0	1.0
9	4	88	2.0	0.0	20.71	1.039	1.0	1.0
9	4	85	2.0	0.0	21.29	0.739	1.0	1.0
9	4	82	1.871	0.341	22.097	0.831	1.0	1.0
9	4	79	1.774	0.425	23.032	1.197	1.0	1.0
9	4	76	1.452	0.506	24.226	0.884	1.0	1.0
9	4	73	1.067	0.254	25.774	1.499	0.968	1.0
9	4	70	0.774	0.425	27.333	2.334	0.774	0.774
9	4	67	0.161	0.374	28.0	1.581	0.161	0.161
9	4	64	0.0	0.0	nan	nan	0.0	0.0
9	4	61	0.0	0.0	nan	nan	0.0	0.0
9	4	58	0.0	0.0	nan	nan	0.0	0.0
9	4	55	0.0	0.0	nan	nan	0.0	0.0
9	4	52	0.0	0.0	nan	nan	0.0	0.0
9	4	49	0.0	0.0	nan	nan	0.0	0.0
9	4	46	0.0	0.0	nan	nan	0.0	0.0
9	4	43	0.0	0.0	nan	nan	0.0	0.0
9	4	40	0.0	0.0	nan	nan	0.0	0.0
10	4	97	2.0	0.0	20.129	0.763	1.0	1.0
10	4	94	2.0	0.0	20.806	0.654	1.0	1.0
10	4	91	1.968	0.18	21.71	1.039	1.0	1.0
10	4	88	1.516	0.508	22.516	1.151	1.0	1.0
10	4	85	1.032	0.18	23.355	0.95	1.0	1.0
10	4	82	1.032	0.18	24.548	1.179	1.0	1.0
10	4	79	0.897	0.31	27.679	2.816	0.839	0.903
10	4	76	0.29	0.461	28.667	2.872	0.29	0.29
10	4	73	0.032	0.18	26.0	0.0	0.032	0.032
10	4	70	0.0	0.0	nan	nan	0.0	0.0
10	4	67	0.0	0.0	nan	nan	0.0	0.0
10	4	64	0.0	0.0	nan	nan	0.0	0.0
10	4	61	0.0	0.0	nan	nan	0.0	0.0
10	4	58	0.0	0.0	nan	nan	0.0	0.0
10	4	55	0.0	0.0	nan	nan	0.0	0.0
10	4	52	0.0	0.0	nan	nan	0.0	0.0
10	4	49	0.0	0.0	nan	nan	0.0	0.0
10	4	46	0.0	0.0	nan	nan	0.0	0.0
10	4	43	0.0	0.0	nan	nan	0.0	0.0
10	4	40	0.0	0.0	nan	nan	0.0	0.0
11	4	97	2.613	0.495	19.871	0.763	1.0	1.0
11	4	94	2.194	0.402	20.548	0.675	1.0	1.0
11	4	91	2.0	0.0	21.161	0.638	1.0	1.0
11	4	88	2.032	0.18	21.839	1.036	1.0	1.0
11	4	85	1.935	0.25	22.581	0.72	1.0	1.0
11	4	82	1.839	0.374	23.419	1.089	1.0	1.0
11	4	79	1.71	0.461	25.097	1.136	1.0	1.0
11	4	76	1.355	0.486	26.548	1.748	1.0	1.0
11	4	73	1.069	0.53	29.393	3.436	0.839	0.903
11	4	70	0.25	0.441	32.2	3.12	0.226	0.323
11	4	67	0.0	0.0	nan	nan	0.0	0.0
11	4	64	0.0	0.0	nan	nan	0.0	0.0
11	4	61	0.0	0.0	nan	nan	0.0	0.0
11	4	58	0.0	0.0	nan	nan	0.0	0.0
11	4	55	0.0	0.0	nan	nan	0.0	0.0
11	4	52	0.0	0.0	nan	nan	0.0	0.0
11	4	49	0.0	0.0	nan	nan	0.0	0.0
11	4	46	0.0	0.0	nan	nan	0.0	0.0
11	4	43	0.0	0.0	nan	nan	0.0	0.0
11	4	40	0.0	0.0	nan	nan	0.0	0.0
12	4	97	3.0	0.0	23.323	0.599	1.0	1.0
12	4	94	2.935	0.25	23.839	0.82	1.0	1.0
12	4	91	2.645	0.486	24.968	0.706	1.0	1.0
12	4	88	2.29	0.461	26.065	0.964	1.0	1.0
12	4	85	2.032	0.18	27.129	0.922	1.0	1.0
12	4	82	2.0	0.0	29.032	1.472	1.0	1.0
12	4	79	2.0	0.0	31.065	1.948	1.0	1.0
12	4	76	1.567	0.568	33.933	1.964	0.935	0.968
12	4	73	0.368	0.597	38.833	2.407	0.194	0.581
12	4	70	0.0	0.0	nan	nan	0.0	0.0
12	4	67	0.0	0.0	nan	nan	0.0	0.0
12	4	64	0.0	0.0	nan	nan	0.0	0.0
12	4	61	0.0	0.0	nan	nan	0.0	0.0
12	4	58	0.0	0.0	nan	nan	0.0	0.0
12	4	55	0.0	0.0	nan	nan	0.0	0.0
12	4	52	0.0	0.0	nan	nan	0.0	0.0
12	4	49	0.0	0.0	nan	nan	0.0	0.0
12	4	46	0.0	0.0	nan	nan	0.0	0.0
12	4	43	0.0	0.0	nan	nan	0.0	0.0
12	4	40	0.0	0.0	nan	nan	0.0	0.0
13	4	97	2.29	0.461	20.742	0.445	1.0	1.0
13	4	94	2.129	0.341	21.323	0.702	1.0	1.0
13	4	91	2.032	0.18	21.71	0.739	1.0	1.0
13	4	88	2.0	0.0	22.613	0.761	1.0	1.0
13	4	85	2.0	0.0	23.452	0.85	1.0	1.0
13	4	82	1.968	0.18	24.226	0.99	1.0	1.0
13	4	79	1.968	0.18	25.548	1.841	1.0	1.0
13	4	76	1.355	0.551	27.067	1.437	0.968	0.968
13	4	73	1.129	0.341	29.032	1.871	1.0	1.0
13	4	70	0.433	0.504	30.786	3.043	0.419	0.452
13	4	67	0.033	0.183	34.0	5.657	0.032	0.065
13	4	64	0.0	0.0	35.0	0.0	0.0	0.032
13	4	61	0.0	0.0	nan	nan	0.0	0.0
13	4	58	0.0	0.0	nan	nan	0.0	0.0
13	4	55	0.0	0.0	nan	nan	0.0	0.0
13	4	52	0.0	0.0	nan	nan	0.0	0.0
13	4	49	0.0	0.0	nan	nan	0.0	0.0
13	4	46	0.0	0.0	nan	nan	0.0	0.0
13	4	43	0.0	0.0	nan	nan	0.0	0.0
13	4	40	0.0	0.0	nan	nan	0.0	0.0
14	4	97	3.355	0.486	18.484	0.626	1.0	1.0
14	4	94	3.129	0.341	18.774	0.56	1.0	1.0
14	4	91	3.0	0.0	19.258	0.575	1.0	1.0
14	4	88	2.903	0.301	19.903	0.651	1.0	1.0
14	4	85	2.613	0.495	20.355	0.661	1.0	1.0
14	4	82	2.194	0.402	21.226	0.56	1.0	1.0
14	4	79	2.032	0.18	21.839	0.934	1.0	1.0
14	4	76	2.0	0.0	23.226	1.407	1.0	1.0
14	4	73	2.0	0.0	24.839	2.018	1.0	1.0
14	4	70	2.0	0.0	25.903	1.326	1.0	1.0
14	4	67	1.966	0.186	28.806	3.209	0.935	1.0
14	4	64	1.519	0.509	32.194	3.39	0.871	1.0
14	4	61	0.174	0.491	35.727	2.867	0.097	0.355
14	4	58	0.032	0.18	34.0	0.0	0.032	0.032
14	4	55	0.0	0.0	nan	nan	0.0	0.0
14	4	52	0.0	0.0	nan	nan	0.0	0.0
14	4	49	0.0	0.0	nan	nan	0.0	0.0
14	4	46	0.0	0.0	nan	nan	0.0	0.0
14	4	43	0.0	0.0	nan	nan	0.0	0.0
14	4	40	0.0	0.0	nan	nan	0.0	0.0
15	4	97	4.0	0.0	16.226	0.56	1.0	1.0
15	4	94	4.0	0.0	16.839	0.583	1.0	1.0
15	4	91	3.903	0.301	17.161	0.454	1.0	1.0
15	4	88	3.484	0.724	17.806	0.654	1.0	1.0
15	4	85	2.516	0.677	18.484	0.724	1.0	1.0
15	4	82	2.129	0.428	19.161	0.934	1.0	1.0
15	4	79	2.097	0.473	19.806	1.352	1.0	1.0
15	4	76	2.0	0.0	21.484	1.411	1.0	1.0
15	4	73	2.0	0.0	23.226	1.961	1.0	1.0
15	4	70	1.967	0.183	24.968	2.738	0.968	1.0
15	4	67	1.767	0.504	26.871	3.948	0.968	1.0
15	4	64	1.0	0.734	30.0	3.912	0.645	0.774
15	4	61	0.1	0.403	30.0	8.544	0.065	0.097
15	4	58	0.0	0.0	nan	nan	0.0	0.0
15	4	55	0.0	0.0	nan	nan	0.0	0.0
15	4	52	0.0	0.0	nan	nan	0.0	0.0
15	4	49	0.0	0.0	nan	nan	0.0	0.0
15	4	46	0.0	0.0	nan	nan	0.0	0.0
15	4	43	0.0	0.0	nan	nan	0.0	0.0
15	4	40	0.0	0.0	nan	nan	0.0	0.0
16	4	97	4.032	0.18	19.71	0.529	1.0	1.0
16	4	94	3.742	0.445	20.097	0.746	1.0	1.0
16	4	91	3.742	0.445	20.548	0.85	1.0	1.0
16	4	88	3.29	0.461	21.0	0.683	1.0	1.0
16	4	85	3.065	0.25	21.903	0.79	1.0	1.0
16	4	82	3.0	0.0	22.71	1.189	1.0	1.0
16	4	79	2.806	0.402	23.516	1.061	1.0	1.0
16	4	76	2.484	0.508	24.355	1.279	1.0	1.0
16	4	73	2.29	0.461	25.581	1.785	1.0	1.0
16	4	70	2.065	0.359	28.065	1.931	1.0	1.0
16	4	67	1.71	0.588	30.172	3.163	0.935	0.935
16	4	64	1.0	0.98	33.842	3.06	0.452	0.613
16	4	61	0.36	0.638	35.923	2.9	0.226	0.419
16	4	58	0.0	0.0	nan	nan	0.0	0.0
16	4	55	0.0	0.0	nan	nan	0.0	0.0
16	4	52	0.0	0.0	nan	nan	0.0	0.0
16	4	49	0.0	0.0	nan	nan	0.0	0.0
16	4	46	0.0	0.0	nan	nan	0.0	0.0
16	4	43	0.0	0.0	nan	nan	0.0	0.0
16	4	40	0.0	0.0	nan	nan	0.0	0.0
17	4	97	3.0	0.0	20.871	0.806	1.0	1.0
17	4	94	2.968	0.18	21.323	0.653	1.0	1.0
17	4	91	2.742	0.445	22.065	0.727	1.0	1.0
17	4	88	2.29	0.461	22.968	0.948	1.0	1.0
17	4	85	2.097	0.301	23.839	0.779	1.0	1.0
17	4	82	2.032	0.18	24.194	0.792	1.0	1.0
17	4	79	2.0	0.0	25.742	1.316	1.0	1.0
17	4	76	2.0	0.0	27.355	1.704	1.0	1.0
17	4	73	1.786	0.418	29.484	2.475	0.903	1.0
17	4	70	1.0	0.816	32.958	2.896	0.484	0.774
17	4	67	0.129	0.428	32.667	2.309	0.097	0.097
17	4	64	0.0	0.0	nan	nan	0.0	0.0
17	4	61	0.0	0.0	nan	nan	0.0	0.0
17	4	58	0.0	0.0	nan	nan	0.0	0.0
17	4	55	0.0	0.0	nan	nan	0.0	0.0
17	4	52	0.0	0.0	nan	nan	0.0	0.0
17	4	49	0.0	0.0	nan	nan	0.0	0.0
17	4	46	0.0	0.0	nan	nan	0.0	0.0
17	4	43	0.0	0.0	nan	nan	0.0	0.0
17	4	40	0.0	0.0	nan	nan	0.0	0.0
18	4	97	3.968	0.18	19.29	0.461	1.0	1.0
18	4	94	3.871	0.428	19.645	0.551	1.0	1.0
18	4	91	3.387	0.495	20.129	0.763	1.0	1.0
18	4	88	3.194	0.402	20.742	0.682	1.0	1.0
18	4	85	3.0	0.0	21.516	0.677	1.0	1.0
18	4	82	3.0	0.0	22.161	0.779	1.0	1.0
18	4	79	2.968	0.18	23.29	0.864	1.0	1.0
18	4	76	2.871	0.341	24.161	0.898	1.0	1.0
18	4	73	2.484	0.508	25.226	0.99	1.0	1.0
18	4	70	2.065	0.25	26.613	1.43	1.0	1.0
18	4	67	1.968	0.18	29.839	2.099	1.0	1.0
18	4	64	1.71	0.461	33.194	2.892	1.0	1.0
18	4	61	0.767	0.626	37.048	3.294	0.645	0.677
18	4	58	0.0	0.0	42.0	0.0	0.0	0.032
18	4	55	0.0	0.0	nan	nan	0.0	0.0
18	4	52	0.0	0.0	nan	nan	0.0	0.0
18	4	49	0.0	0.0	nan	nan	0.0	0.0
18	4	46	0.0	0.0	nan	nan	0.0	0.0
18	4	43	0.0	0.0	nan	nan	0.0	0.0
18	4	40	0.0	0.0	nan	nan	0.0	0.0
19	4	97	5.032	0.18	17.032	0.605	1.0	1.0
19	4	94	4.935	0.25	17.065	0.574	1.0	1.0
19	4	91	4.323	0.702	17.806	0.477	1.0	1.0
19	4	88	3.581	0.672	18.258	0.773	1.0	1.0
19	4	85	3.258	0.445	18.839	0.638	1.0	1.0
19	4	82	3.129	0.341	19.194	0.91	1.0	1.0
19	4	79	3.0	0.0	20.0	0.73	1.0	1.0
19	4	76	2.935	0.25	20.774	0.92	1.0	1.0
19	4	73	2.742	0.445	21.935	0.929	1.0	1.0
19	4	70	2.097	0.301	23.452	1.434	1.0	1.0
19	4	67	2.032	0.18	24.742	1.125	1.0	1.0
19	4	64	1.968	0.18	26.645	1.644	1.0	1.0
19	4	61	1.839	0.454	30.5	3.288	0.968	0.968
19	4	58	1.034	0.823	34.136	3.796	0.645	0.71
19	4	55	0.0	0.0	nan	nan	0.0	0.0
19	4	52	0.0	0.0	nan	nan	0.0	0.0
19	4	49	0.0	0.0	nan	nan	0.0	0.0
19	4	46	0.0	0.0	nan	nan	0.0	0.0
19	4	43	0.0	0.0	nan	nan	0.0	0.0
19	4	40	0.0	0.0	nan	nan	0.0	0.0
20	4	97	2.871	0.341	20.806	1.078	1.0	1.0
20	4	94	2.581	0.502	21.226	0.717	1.0	1.0
20	4	91	2.194	0.402	22.0	0.73	1.0	1.0
20	4	88	2.0	0.0	23.29	1.006	1.0	1.0
20	4	85	2.0	0.0	24.032	1.016	1.0	1.0
20	4	82	2.0	0.0	25.097	1.136	1.0	1.0
20	4	79	2.0	0.0	27.903	1.886	1.0	1.0
20	4	76	1.7	0.535	30.767	3.181	0.935	0.968
20	4	73	1.2	0.866	32.458	3.257	0.581	0.774
20	4	70	0.0	0.0	36.5	2.121	0.0	0.065
20	4	67	0.0	0.0	nan	nan	0.0	0.0
20	4	64	0.0	0.0	nan	nan	0.0	0.0
20	4	61	0.0	0.0	nan	nan	0.0	0.0
20	4	58	0.0	0.0	nan	nan	0.0	0.0
20	4	55	0.0	0.0	nan	nan	0.0	0.0
20	4	52	0.0	0.0	nan	nan	0.0	0.0
20	4	49	0.0	0.0	nan	nan	0.0	0.0
20	4	46	0.0	0.0	nan	nan	0.0	0.0
20	4	43	0.0	0.0	nan	nan	0.0	0.0
20	4	40	0.0	0.0	nan	nan	0.0	0.0
21	4	97	2.645	0.486	18.71	0.529	1.0	1.0
21	4	94	2.194	0.402	19.258	0.575	1.0	1.0
21	4	91	2.065	0.25	19.548	0.768	1.0	1.0
21	4	88	2.0	0.0	20.387	0.844	1.0	1.0
21	4	85	2.0	0.0	20.903	0.7	1.0	1.0
21	4	82	2.0	0.0	22.355	1.603	1.0	1.0
21	4	79	1.935	0.359	22.323	1.107	1.0	1.0
21	4	76	1.452	0.506	23.935	1.436	1.0	1.0
21	4	73	1.065	0.25	26.226	2.012	1.0	1.0
21	4	70	0.871	0.341	27.63	2.273	0.871	0.871
21	4	67	0.167	0.379	30.333	3.011	0.161	0.194
21	4	64	0.0	0.0	nan	nan	0.0	0.0
21	4	61	0.0	0.0	nan	nan	0.0	0.0
21	4	58	0.0	0.0	nan	nan	0.0	0.0
21	4	55	0.0	0.0	nan	nan	0.0	0.0
21	4	52	0.0	0.0	nan	nan	0.0	0.0
21	4	49	0.0	0.0	nan	nan	0.0	0.0
21	4	46	0.0	0.0	nan	nan	0.0	0.0
21	4	43	0.0	0.0	nan	nan	0.0	0.0
21	4	40	0.0	0.0	nan	nan	0.0	0.0
22	4	97	4.0	0.0	16.742	0.575	1.0	1.0
22	4	94	3.903	0.301	17.097	0.7	1.0	1.0
22	4	91	3.452	0.723	17.839	1.068	1.0	1.0
22	4	88	2.839	0.638	18.161	0.688	1.0	1.0
22	4	85	2.161	0.374	19.161	0.934	1.0	1.0
22	4	82	2.065	0.25	19.484	0.89	1.0	1.0
22	4	79	2.0	0.0	20.871	1.231	1.0	1.0
22	4	76	2.065	0.25	21.742	1.591	1.0	1.0
22	4	73	1.935	0.25	22.839	0.969	1.0	1.0
22	4	70	1.903	0.301	25.129	1.628	1.0	1.0
22	4	67	1.5	0.583	28.567	3.431	0.806	0.968
22	4	64	0.92	0.759	32.174	4.196	0.548	0.742
22	4	61	0.103	0.31	31.6	5.814	0.097	0.161
22	4	58	0.0	0.0	nan	nan	0.0	0.0
22	4	55	0.0	0.0	nan	nan	0.0	0.0
22	4	52	0.0	0.0	nan	nan	0.0	0.0
22	4	49	0.0	0.0	nan	nan	0.0	0.0
22	4	46	0.0	0.0	nan	nan	0.0	0.0
22	4	43	0.0	0.0	nan	nan	0.0	0.0
22	4	40	0.0	0.0	nan	nan	0.0	0.0
23	4	97	2.0	0.0	19.387	0.495	1.0	1.0
23	4	94	2.0	0.0	20.161	0.82	1.0	1.0
23	4	91	1.935	0.25	20.871	0.718	1.0	1.0
23	4	88	1.613	0.495	21.258	1.094	1.0	1.0
23	4	85	1.452	0.506	22.452	1.028	1.0	1.0
23	4	82	1.226	0.425	23.71	1.006	1.0	1.0
23	4	79	1.0	0.0	25.839	2.035	1.0	1.0
23	4	76	0.806	0.402	27.32	2.056	0.806	0.806
23	4	73	0.129	0.341	29.0	2.16	0.129	0.129
23	4	70	0.0	0.0	nan	nan	0.0	0.0
23	4	67	0.0	0.0	nan	nan	0.0	0.0
23	4	64	0.0	0.0	nan	nan	0.0	0.0
23	4	61	0.0	0.0	nan	nan	0.0	0.0
23	4	58	0.0	0.0	nan	nan	0.0	0.0
23	4	55	0.0	0.0	nan	nan	0.0	0.0
23	4	52	0.0	0.0	nan	nan	0.0	0.0
23	4	49	0.0	0.0	nan	nan	0.0	0.0
23	4	46	0.0	0.0	nan	nan	0.0	0.0
23	4	43	0.0	0.0	nan	nan	0.0	0.0
23	4	40	0.0	0.0	nan	nan	0.0	0.0
24	4	97	5.032	0.18	16.29	0.588	1.0	1.0
24	4	94	4.903	0.301	16.968	0.795	1.0	1.0
24	4	91	4.71	0.529	17.129	0.718	1.0	1.0
24	4	88	4.29	0.693	17.484	0.769	1.0	1.0
24	4	85	3.677	0.791	18.29	0.783	1.0	1.0
24	4	82	3.194	0.402	18.871	0.806	1.0	1.0
24	4	79	2.871	0.428	19.968	1.354	1.0	1.0
24	4	76	2.806	0.477	20.29	1.131	1.0	1.0
24	4	73	2.71	0.461	21.194	1.682	1.0	1.0
24	4	70	2.194	0.402	22.258	1.341	1.0	1.0
24	4	67	2.194	0.402	23.677	1.777	1.0	1.0
24	4	64	2.0	0.258	25.935	2.308	1.0	1.0
24	4	61	1.548	0.675	27.536	2.589	0.903	0.903
24	4	58	1.226	0.845	30.391	2.919	0.742	0.742
24	4	55	0.129	0.499	28.0	1.414	0.065	0.065
24	4	52	0.0	0.0	nan	nan	0.0	0.0
24	4	49	0.0	0.0	nan	nan	0.0	0.0
24	4	46	0.0	0.0	nan	nan	0.0	0.0
24	4	43	0.0	0.0	nan	nan	0.0	0.0
24	4	40	0.0	0.0	nan	nan	0.0	0.0
25	4	97	3.0	0.0	19.194	0.543	1.0	1.0
25	4	94	3.032	0.18	19.903	0.7	1.0	1.0
25	4	91	2.935	0.25	20.387	0.715	1.0	1.0
25	4	88	2.839	0.374	21.258	0.773	1.0	1.0
25	4	85	2.613	0.495	21.645	1.018	1.0	1.0
25	4	82	2.226	0.425	22.645	1.05	1.0	1.0
25	4	79	2.032	0.18	23.129	0.806	1.0	1.0
25	4	76	2.0	0.0	24.742	1.365	1.0	1.0
25	4	73	1.935	0.25	25.452	1.524	1.0	1.0
25	4	70	1.935	0.25	27.032	1.472	1.0	1.0
25	4	67	1.704	0.465	30.258	3.087	0.871	1.0
25	4	64	0.923	0.796	32.591	3.39	0.548	0.71
25	4	61	0.036	0.189	36.0	2.828	0.032	0.129
25	4	58	0.0	0.0	nan	nan	0.0	0.0
25	4	55	0.0	0.0	nan	nan	0.0	0.0
25	4	52	0.0	0.0	nan	nan	0.0	0.0
25	4	49	0.0	0.0	nan	nan	0.0	0.0
25	4	46	0.0	0.0	nan	nan	0.0	0.0
25	4	43	0.0	0.0	nan	nan	0.0	0.0
25	4	40	0.0	0.0	nan	nan	0.0	0.0
26	4	97	3.0	0.0	20.097	0.831	1.0	1.0
26	4	94	2.935	0.25	20.581	0.672	1.0	1.0
26	4	91	2.677	0.475	21.161	0.688	1.0	1.0
26	4	88	2.258	0.445	21.645	0.798	1.0	1.0
26	4	85	2.065	0.25	22.516	1.208	1.0	1.0
26	4	82	2.0	0.258	23.065	0.892	1.0	1.0
26	4	79	1.968	0.18	24.419	0.958	1.0	1.0
26	4	76	1.871	0.341	25.355	1.17	1.0	1.0
26	4	73	1.655	0.484	27.226	3.364	0.935	1.0
26	4	70	1.032	0.657	29.2	1.936	0.806	0.806
26	4	67	0.233	0.504	30.571	2.76	0.194	0.226
26	4	64	0.0	0.0	nan	nan	0.0	0.0
26	4	61	0.0	0.0	nan	nan	0.0	0.0
26	4	58	0.0	0.0	nan	nan	0.0	0.0
26	4	55	0.0	0.0	nan	nan	0.0	0.0
26	4	52	0.0	0.0	nan	nan	0.0	0.0
26	4	49	0.0	0.0	nan	nan	0.0	0.0
26	4	46	0.0	0.0	nan	nan	0.0	0.0
26	4	43	0.0	0.0	nan	nan	0.0	0.0
26	4	40	0.0	0.0	nan	nan	0.0	0.0
27	4	97	6.097	0.79	17.935	0.814	1.0	1.0
27	4	94	5.355	0.608	18.387	0.803	1.0	1.0
27	4	91	5.161	0.454	18.677	0.748	1.0	1.0
27	4	88	4.968	0.482	19.129	0.885	1.0	1.0
27	4	85	4.419	0.502	19.806	0.749	1.0	1.0
27	4	82	4.161	0.374	20.484	0.962	1.0	1.0
27	4	79	4.032	0.18	21.097	1.076	1.0	1.0
27	4	76	3.935	0.25	21.839	1.293	1.0	1.0
27	4	73	3.742	0.445	23.226	1.146	1.0	1.0
27	4	70	3.29	0.461	24.032	1.224	1.0	1.0
27	4	67	3.065	0.25	26.097	1.66	1.0	1.0
27	4	64	2.871	0.341	28.355	2.627	1.0	1.0
27	4	61	2.806	0.477	31.613	3.242	1.0	1.0
27	4	58	1.903	0.831	35.516	3.424	1.0	1.0
27	4	55	0.267	0.45	43.778	6.28	0.258	0.29
27	4	52	0.0	0.0	nan	nan	0.0	0.0
27	4	49	0.0	0.0	nan	nan	0.0	0.0
27	4	46	0.0	0.0	nan	nan	0.0	0.0
27	4	43	0.0	0.0	nan	nan	0.0	0.0
27	4	40	0.0	0.0	nan	nan	0.0	0.0
28	4	97	4.419	0.564	18.226	0.56	1.0	1.0
28	4	94	4.161	0.454	18.806	0.601	1.0	1.0
28	4	91	3.903	0.473	19.452	0.768	1.0	1.0
28	4	88	3.516	0.57	19.839	0.638	1.0	1.0
28	4	85	3.161	0.374	20.645	0.709	1.0	1.0
28	4	82	3.032	0.18	21.226	1.023	1.0	1.0
28	4	79	3.032	0.18	22.484	1.288	1.0	1.0
28	4	76	2.968	0.18	23.194	1.108	1.0	1.0
28	4	73	2.774	0.425	24.871	1.607	1.0	1.0
28	4	70	2.258	0.445	26.806	1.759	1.0	1.0
28	4	67	1.968	0.18	29.645	3.261	1.0	1.0
28	4	64	1.433	0.504	34.774	3.383	0.968	1.0
28	4	61	0.467	0.571	39.0	4.977	0.419	0.452
28	4	58	0.0	0.0	nan	nan	0.0	0.0
28	4	55	0.0	0.0	nan	nan	0.0	0.0
28	4	52	0.0	0.0	nan	nan	0.0	0.0
28	4	49	0.0	0.0	nan	nan	0.0	0.0
28	4	46	0.0	0.0	nan	nan	0.0	0.0
28	4	43	0.0	0.0	nan	nan	0.0	0.0
28	4	40	0.0	0.0	nan	nan	0.0	0.0
29	4	97	1.258	0.445	22.194	0.703	1.0	1.0
29	4	94	1.0	0.0	23.065	0.727	1.0	1.0
29	4	91	1.0	0.0	24.387	0.989	1.0	1.0
29	4	88	1.0	0.0	25.194	1.721	1.0	1.0
29	4	85	0.645	0.486	26.85	1.631	0.645	0.645
29	4	82	0.387	0.495	27.583	2.575	0.387	0.387
29	4	79	0.0	0.0	nan	nan	0.0	0.0
29	4	76	0.0	0.0	nan	nan	0.0	0.0
29	4	73	0.0	0.0	nan	nan	0.0	0.0
29	4	70	0.0	0.0	nan	nan	0.0	0.0
29	4	67	0.0	0.0	nan	nan	0.0	0.0
29	4	64	0.0	0.0	nan	nan	0.0	0.0
29	4	61	0.0	0.0	nan	nan	0.0	0.0
29	4	58	0.0	0.0	nan	nan	0.0	0.0
29	4	55	0.0	0.0	nan	nan	0.0	0.0
29	4	52	0.0	0.0	nan	nan	0.0	0.0
29	4	49	0.0	0.0	nan	nan	0.0	0.0
29	4	46	0.0	0.0	nan	nan	0.0	0.0
29	4	43	0.0	0.0	nan	nan	0.0	0.0
29	4	40	0.0	0.0	nan	nan	0.0	0.0
30	4	97	4.097	0.473	17.226	0.884	1.0	1.0
30	4	94	3.839	0.374	17.516	0.724	1.0	1.0
30	4	91	3.581	0.564	18.129	1.024	1.0	1.0
30	4	88	3.161	0.583	18.581	0.958	1.0	1.0
30	4	85	2.903	0.651	19.129	1.284	1.0	1.0
30	4	82	2.484	0.57	19.806	1.138	1.0	1.0
30	4	79	2.161	0.374	20.677	1.107	1.0	1.0
30	4	76	2.032	0.18	20.903	0.831	1.0	1.0
30	4	73	1.968	0.18	22.097	1.326	1.0	1.0
30	4	70	1.71	0.461	23.871	1.384	1.0	1.0
30	4	67	1.581	0.62	24.483	1.805	0.935	0.935
30	4	64	1.5	0.572	27.2	2.219	0.935	0.968
30	4	61	0.828	0.658	28.864	3.197	0.645	0.71
30	4	58	0.034	0.186	35.333	3.512	0.032	0.097
30	4	55	0.0	0.0	nan	nan	0.0	0.0
30	4	52	0.0	0.0	nan	nan	0.0	0.0
30	4	49	0.0	0.0	nan	nan	0.0	0.0
30	4	46	0.0	0.0	nan	nan	0.0	0.0
30	4	43	0.0	0.0	nan	nan	0.0	0.0
30	4	40	0.0	0.0	nan	nan	0.0	0.0
31	4	97	2.032	0.18	19.935	0.68	1.0	1.0
31	4	94	1.968	0.18	20.581	0.765	1.0	1.0
31	4	91	1.903	0.301	21.129	0.763	1.0	1.0
31	4	88	1.677	0.475	21.839	0.898	1.0	1.0
31	4	85	1.484	0.508	22.968	1.08	1.0	1.0
31	4	82	1.065	0.359	24.033	1.426	0.968	0.968
31	4	79	1.0	0.0	25.452	1.338	1.0	1.0
31	4	76	0.774	0.425	26.333	1.659	0.774	0.774
31	4	73	0.2	0.407	28.714	4.071	0.194	0.226
31	4	70	0.0	0.0	nan	nan	0.0	0.0
31	4	67	0.0	0.0	nan	nan	0.0	0.0
31	4	64	0.0	0.0	nan	nan	0.0	0.0
31	4	61	0.0	0.0	nan	nan	0.0	0.0
31	4	58	0.0	0.0	nan	nan	0.0	0.0
31	4	55	0.0	0.0	nan	nan	0.0	0.0
31	4	52	0.0	0.0	nan	nan	0.0	0.0
31	4	49	0.0	0.0	nan	nan	0.0	0.0
31	4	46	0.0	0.0	nan	nan	0.0	0.0
31	4	43	0.0	0.0	nan	nan	0.0	0.0
31	4	40	0.0	0.0	nan	nan	0.0	0.0
0	5	97	5.419	0.672	18.032	0.752	1.0	1.0
0	5	94	4.935	0.727	18.161	0.638	1.0	1.0
0	5	91	4.29	0.529	18.71	0.529	1.0	1.0
0	5	88	4.032	0.18	19.355	0.755	1.0	1.0
0	5	85	3.806	0.402	19.774	0.762	1.0	1.0
0	5	82	3.677	0.475	20.742	0.999	1.0	1.0
0	5	79	3.226	0.425	21.226	0.884	1.0	1.0
0	5	76	3.0	0.0	22.355	1.17	1.0	1.0
0	5	73	3.032	0.18	23.645	1.427	1.0	1.0
0	5	70	2.903	0.301	25.032	1.449	1.0	1.0
0	5	67	2.806	0.402	26.71	2.224	1.0	1.0
0	5	64	2.226	0.425	28.548	2.965	1.0	1.0
0	5	61	1.677	0.653	33.833	2.614	0.968	0.968
0	5	58	0.759	0.577	38.591	2.938	0.645	0.71
0	5	55	0.0	0.0	nan	nan	0.0	0.0
0	5	52	0.0	0.0	nan	nan	0.0	0.0
0	5	49	0.0	0.0	nan	nan	0.0	0.0
0	5	46	0.0	0.0	nan	nan	0.0	0.0
0	5	43	0.0	0.0	nan	nan	0.0	0.0
0	5	40	0.0	0.0	nan	nan	0.0	0.0
1	5	97	2.71	0.461	21.806	0.98	1.0	1.0
1	5	94	2.516	0.508	22.742	0.815	1.0	1.0
1	5	91	2.129	0.341	23.419	0.765	1.0	1.0
1	5	88	2.0	0.0	24.548	0.961	1.0	1.0
1	5	85	2.0	0.0	26.065	1.692	1.0	1.0
1	5	82	2.0	0.0	27.645	1.976	1.0	1.0
1	5	79	1.9	0.305	29.645	2.288	0.968	1.0
1	5	76	1.444	0.698	32.857	2.321	0.774	0.903
1	5	73	0.0	0.0	38.833	2.317	0.0	0.194
1	5	70	0.0	0.0	nan	nan	0.0	0.0
1	5	67	0.0	0.0	nan	nan	0.0	0.0
1	5	64	0.0	0.0	nan	nan	0.0	0.0
1	5	61	0.0	0.0	nan	nan	0.0	0.0
1	5	58	0.0	0.0	nan	nan	0.0	0.0
1	5	55	0.0	0.0	nan	nan	0.0	0.0
1	5	52	0.0	0.0	nan	nan	0.0	0.0
1	5	49	0.0	0.0	nan	nan	0.0	0.0
1	5	46	0.0	0.0	nan	nan	0.0	0.0
1	5	43	0.0	0.0	nan	nan	0.0	0.0
1	5	40	0.0	0.0	nan	nan	0.0	0.0
2	5	97	2.097	0.301	21.355	0.551	1.0	1.0
2	5	94	2.0	0.0	22.355	1.45	1.0	1.0
2	5	91	2.0	0.0	23.097	0.651	1.0	1.0
2	5	88	1.968	0.18	23.742	0.815	1.0	1.0
2	5	85	1.839	0.374	25.129	0.957	1.0	1.0
2	5	82	1.613	0.558	26.067	1.388	0.968	0.968
2	5	79	1.161	0.454	28.0	2.017	0.968	0.968
2	5	76	0.379	0.561	31.667	2.188	0.323	0.387
2	5	73	0.065	0.25	33.0	0.0	0.065	0.065
2	5	70	0.0	0.0	nan	nan	0.0	0.0
2	5	67	0.0	0.0	nan	nan	0.0	0.0
2	5	64	0.0	0.0	nan	nan	0.0	0.0
2	5	61	0.0	0.0	nan	nan	0.0	0.0
2	5	58	0.0	0.0	nan	nan	0.0	0.0
2	5	55	0.0	0.0	nan	nan	0.0	0.0
2	5	52	0.0	0.0	nan	nan	0.0	0.0
2	5	49	0.0	0.0	nan	nan	0.0	0.0
2	5	46	0.0	0.0	nan	nan	0.0	0.0
2	5	43	0.0	0.0	nan	nan	0.0	0.0
2	5	40	0.0	0.0	nan	nan	0.0	0.0
3	5	97	2.032	0.18	22.419	0.564	1.0	1.0
3	5	94	2.0	0.0	22.968	0.706	1.0	1.0
3	5	91	2.0	0.0	23.806	0.654	1.0	1.0
3	5	88	1.968	0.18	25.097	1.044	1.0	1.0
3	5	85	1.548	0.624	26.931	3.741	0.935	0.935
3	5	82	1.2	0.484	28.633	2.58	0.935	0.968
3	5	79	0.464	0.508	31.438	3.999	0.419	0.516
3	5	76	0.067	0.254	32.0	4.359	0.065	0.097
3	5	73	0.0	0.0	nan	nan	0.0	0.0
3	5	70	0.0	0.0	nan	nan	0.0	0.0
3	5	67	0.0	0.0	nan	nan	0.0	0.0
3	5	64	0.0	0.0	nan	nan	0.0	0.0
3	5	61	0.0	0.0	nan	nan	0.0	0.0
3	5	58	0.0	0.0	nan	nan	0.0	0.0
3	5	55	0.0	0.0	nan	nan	0.0	0.0
3	5	52	0.0	0.0	nan	nan	0.0	0.0
3	5	49	0.0	0.0	nan	nan	0.0	0.0
3	5	46	0.0	0.0	nan	nan	0.0	0.0
3	5	43	0.0	0.0	nan	nan	0.0	0.0
3	5	40	0.0	0.0	nan	nan	0.0	0.0
4	5	97	3.097	0.301	19.097	0.651	1.0	1.0
4	5	94	3.0	0.0	19.774	0.56	1.0	1.0
4	5	91	3.0	0.0	20.161	0.779	1.0	1.0
4	5	88	2.871	0.341	20.774	0.762	1.0	1.0
4	5	85	2.645	0.486	21.419	0.765	1.0	1.0
4	5	82	2.258	0.445	22.258	0.855	1.0	1.0
4	5	79	2.065	0.25	22.903	1.165	1.0	1.0
4	5	76	2.0	0.0	24.71	1.131	1.0	1.0
4	5	73	1.968	0.18	26.0	1.342	1.0	1.0
4	5	70	1.774	0.425	27.935	2.38	1.0	1.0
4	5	67	1.571	0.69	31.0	2.854	0.806	0.903
4	5	64	0.37	0.629	34.583	2.575	0.258	0.387
4	5	61	0.0	0.0	40.0	0.0	0.0	0.065
4	5	58	0.0	0.0	nan	nan	0.0	0.0
4	5	55	0.0	0.0	nan	nan	0.0	0.0
4	5	52	0.0	0.0	nan	nan	0.0	0.0
4	5	49	0.0	0.0	nan	nan	0.0	0.0
4	5	46	0.0	0.0	nan	nan	0.0	0.0
4	5	43	0.0	0.0	nan	nan	0.0	0.0
4	5	40	0.0	0.0	nan	nan	0.0	0.0
5	5	97	2.0	0.0	19.323	0.475	1.0	1.0
5	5	94	2.032	0.18	19.774	0.669	1.0	1.0
5	5	91	2.0	0.0	20.419	0.564	1.0	1.0
5	5	88	1.935	0.25	21.29	0.864	1.0	1.0
5	5	85	1.419	0.502	22.419	1.119	1.0	1.0
5	5	82	1.097	0.301	22.968	1.08	1.0	1.0
5	5	79	1.0	0.0	25.032	1.871	1.0	1.0
5	5	76	0.806	0.402	26.24	1.739	0.806	0.806
5	5	73	0.032	0.18	29.0	0.0	0.032	0.032
5	5	70	0.0	0.0	nan	nan	0.0	0.0
5	5	67	0.0	0.0	nan	nan	0.0	0.0
5	5	64	0.0	0.0	nan	nan	0.0	0.0
5	5	61	0.0	0.0	nan	nan	0.0	0.0
5	5	58	0.0	0.0	nan	nan	0.0	0.0
5	5	55	0.0	0.0	nan	nan	0.0	0.0
5	5	52	0.0	0.0	nan	nan	0.0	0.0
5	5	49	0.0	0.0	nan	nan	0.0	0.0
5	5	46	0.0	0.0	nan	nan	0.0	0.0
5	5	43	0.0	0.0	nan	nan	0.0	0.0
5	5	40	0.0	0.0	nan	nan	0.0	0.0
6	5	97	2.903	0.301	21.71	0.864	1.0	1.0
6	5	94	2.516	0.508	22.71	0.693	1.0	1.0
6	5	91	2.065	0.25	23.677	1.077	1.0	1.0
6	5	88	2.097	0.301	24.645	0.798	1.0	1.0
6	5	85	2.0	0.0	25.71	1.216	1.0	1.0
6	5	82	2.0	0.0	27.226	1.383	1.0	1.0
6	5	79	1.968	0.18	29.645	2.153	1.0	1.0
6	5	76	1.536	0.693	32.214	2.767	0.806	0.903
6	5	73	0.875	0.797	35.455	2.807	0.484	0.71
6	5	70	0.0	0.0	nan	nan	0.0	0.0
6	5	67	0.0	0.0	nan	nan	0.0	0.0
6	5	64	0.0	0.0	nan	nan	0.0	0.0
6	5	61	0.0	0.0	nan	nan	0.0	0.0
6	5	58	0.0	0.0	nan	nan	0.0	0.0
6	5	55	0.0	0.0	nan	nan	0.0	0.0
6	5	52	0.0	0.0	nan	nan	0.0	0.0
6	5	49	0.0	0.0	nan	nan	0.0	0.0
6	5	46	0.0	0.0	nan	nan	0.0	0.0
6	5	43	0.0	0.0	nan	nan	0.0	0.0
6	5	40	0.0	0.0	nan	nan	0.0	0.0
7	5	97	2.0	0.0	19.935	0.629	1.0	1.0
7	5	94	2.0	0.0	20.645	0.661	1.0	1.0
7	5	91	1.968	0.18	21.226	0.762	1.0	1.0
7	5	88	1.71	0.461	22.387	0.667	1.0	1.0
7	5	85	1.452	0.506	22.806	1.046	1.0	1.0
7	5	82	1.0	0.258	24.167	1.44	0.968	0.968
7	5	79	0.871	0.341	26.481	2.424	0.871	0.871
7	5	76	0.516	0.508	27.812	2.401	0.516	0.516
7	5	73	0.0	0.0	nan	nan	0.0	0.0
7	5	70	0.0	0.0	nan	nan	0.0	0.0
7	5	67	0.0	0.0	nan	nan	0.0	0.0
7	5	64	0.0	0.0	nan	nan	0.0	0.0
7	5	61	0.0	0.0	nan	nan	0.0	0.0
7	5	58	0.0	0.0	nan	nan	0.0	0.0
7	5	55	0.0	0.0	nan	nan	0.0	0.0
7	5	52	0.0	0.0	nan	nan	0.0	0.0
7	5	49	0.0	0.0	nan	nan	0.0	0.0
7	5	46	0.0	0.0	nan	nan	0.0	0.0
7	5	43	0.0	0.0	nan	nan	0.0	0.0
7	5	40	0.0	0.0	nan	nan	0.0	0.0
8	5	97	2.774	0.56	18.806	0.601	1.0	1.0
8	5	94	2.161	0.374	19.516	0.626	1.0	1.0
8	5	91	2.032	0.18	20.0	0.73	1.0	1.0
8	5	88	2.0	0.0	20.581	0.672	1.0	1.0
8	5	85	2.0	0.0	21.29	0.938	1.0	1.0
8	5	82	1.903	0.301	22.129	1.455	1.0	1.0
8	5	79	1.645	0.486	23.484	1.235	1.0	1.0
8	5	76	1.258	0.445	25.419	1.628	1.0	1.0
8	5	73	1.033	0.414	27.207	3.2	0.903	0.935
8	5	70	0.226	0.425	27.143	1.864	0.226	0.226
8	5	67	0.0	0.0	nan	nan	0.0	0.0
8	5	64	0.0	0.0	nan	nan	0.0	0.0
8	5	61	0.0	0.0	nan	nan	0.0	0.0
8	5	58	0.0	0.0	nan	nan	0.0	0.0
8	5	55	0.0	0.0	nan	nan	0.0	0.0
8	5	52	0.0	0.0	nan	nan	0.0	0.0
8	5	49	0.0	0.0	nan	nan	0.0	0.0
8	5	46	0.0	0.0	nan	nan	0.0	0.0
8	5	43	0.0	0.0	nan	nan	0.0	0.0
8	5	40	0.0	0.0	nan	nan	0.0	0.0
9	5	97	3.0	0.0	20.161	0.735	1.0	1.0
9	5	94	2.935	0.25	21.065	0.629	1.0	1.0
9	5	91	2.613	0.495	21.419	0.807	1.0	1.0
9	5	88	2.29	0.461	22.29	0.643	1.0	1.0
9	5	85	2.097	0.301	23.161	0.82	1.0	1.0
9	5	82	2.032	0.18	24.581	1.119	1.0	1.0
9	5	79	1.871	0.341	25.677	1.579	1.0	1.0
9	5	76	1.677	0.475	27.677	1.99	1.0	1.0
9	5	73	0.517	0.688	30.571	2.98	0.387	0.452
9	5	70	0.067	0.254	34.333	2.517	0.065	0.097
9	5	67	0.0	0.0	nan	nan	0.0	0.0
9	5	64	0.0	0.0	nan	nan	0.0	0.0
9	5	61	0.0	0.0	nan	nan	0.0	0.0
9	5	58	0.0	0.0	nan	nan	0.0	0.0
9	5	55	0.0	0.0	nan	nan	0.0	0.0
9	5	52	0.0	0.0	nan	nan	0.0	0.0
9	5	49	0.0	0.0	nan	nan	0.0	0.0
9	5	46	0.0	0.0	nan	nan	0.0	0.0
9	5	43	0.0	0.0	nan	nan	0.0	0.0
9	5	40	0.0	0.0	nan	nan	0.0	0.0
10	5	97	4.968	0.18	17.323	0.791	1.0	1.0
10	5	94	4.645	0.486	17.935	0.998	1.0	1.0
10	5	91	4.258	0.682	18.161	0.969	1.0	1.0
10	5	88	3.742	0.631	18.677	0.702	1.0	1.0
10	5	85	3.161	0.374	19.129	0.718	1.0	1.0
10	5	82	3.032	0.18	19.742	0.855	1.0	1.0
10	5	79	3.0	0.0	20.516	0.811	1.0	1.0
10	5	76	2.935	0.359	20.839	0.735	1.0	1.0
10	5	73	2.774	0.425	22.032	1.048	1.0	1.0
10	5	70	2.452	0.506	22.806	1.046	1.0	1.0
10	5	67	2.032	0.18	24.226	1.407	1.0	1.0
10	5	64	1.968	0.18	27.065	2.421	1.0	1.0
10	5	61	1.871	0.341	29.516	3.108	1.0	1.0
10	5	58	1.667	0.62	31.586	3.561	0.806	0.935
10	5	55	0.207	0.412	34.125	4.39	0.194	0.258
10	5	52	0.033	0.183	38.0	2.828	0.032	0.065
10	5	49	0.0	0.0	nan	nan	0.0	0.0
10	5	46	0.0	0.0	nan	nan	0.0	0.0
10	5	43	0.0	0.0	nan	nan	0.0	0.0
10	5	40	0.0	0.0	nan	nan	0.0	0.0
11	5	97	2.548	0.506	19.355	0.551	1.0	1.0
11	5	94	2.226	0.425	19.645	0.661	1.0	1.0
11	5	91	2.032	0.18	20.258	0.631	1.0	1.0
11	5	88	2.0	0.0	21.032	0.912	1.0	1.0
11	5	85	2.0	0.0	21.742	1.264	1.0	1.0
11	5	82	1.903	0.301	22.645	0.915	1.0	1.0
11	5	79	1.129	0.341	24.968	1.14	1.0	1.0
11	5	76	1.033	0.32	26.067	2.803	0.935	0.968
11	5	73	0.452	0.568	28.769	2.743	0.419	0.419
11	5	70	0.129	0.341	30.5	4.359	0.129	0.129
11	5	67	0.0	0.0	nan	nan	0.0	0.0
11	5	64	0.0	0.0	nan	nan	0.0	0.0
11	5	61	0.0	0.0	nan	nan	0.0	0.0
11	5	58	0.0	0.0	nan	nan	0.0	0.0
11	5	55	0.0	0.0	nan	nan	0.0	0.0
11	5	52	0.0	0.0	nan	nan	0.0	0.0
11	5	49	0.0	0.0	nan	nan	0.0	0.0
11	5	46	0.0	0.0	nan	nan	0.0	0.0
11	5	43	0.0	0.0	nan	nan	0.0	0.0
11	5	40	0.0	0.0	nan	nan	0.0	0.0
12	5	97	4.29	0.461	19.226	0.425	1.0	1.0
12	5	94	4.129	0.341	19.613	0.715	1.0	1.0
12	5	91	4.0	0.0	20.097	0.539	1.0	1.0
12	5	88	4.0	0.0	20.581	0.72	1.0	1.0
12	5	85	3.839	0.374	21.419	0.564	1.0	1.0
12	5	82	3.581	0.502	21.871	1.118	1.0	1.0
12	5	79	3.065	0.25	22.903	0.746	1.0	1.0
12	5	76	3.032	0.18	23.645	0.915	1.0	1.0
12	5	73	3.0	0.0	24.839	1.319	1.0	1.0
12	5	70	2.903	0.301	26.484	1.503	1.0	1.0
12	5	67	2.194	0.402	29.355	2.303	1.0	1.0
12	5	64	1.742	0.445	32.903	2.663	1.0	1.0
12	5	61	1.258	0.575	36.379	3.212	0.935	0.935
12	5	58	0.065	0.25	40.0	4.243	0.065	0.065
12	5	55	0.0	0.0	nan	nan	0.0	0.0
12	5	52	0.0	0.0	nan	nan	0.0	0.0
12	5	49	0.0	0.0	nan	nan	0.0	0.0
12	5	46	0.0	0.0	nan	nan	0.0	0.0
12	5	43	0.0	0.0	nan	nan	0.0	0.0
12	5	40	0.0	0.0	nan	nan	0.0	0.0
13	5	97	1.0	0.0	23.839	1.098	1.0	1.0
13	5	94	0.968	0.18	24.9	1.398	0.968	0.968
13	5	91	0.806	0.402	25.92	1.498	0.806	0.806
13	5	88	0.161	0.374	28.0	1.581	0.161	0.161
13	5	85	0.0	0.0	nan	nan	0.0	0.0
13	5	82	0.0	0.0	nan	nan	0.0	0.0
13	5	79	0.0	0.0	nan	nan	0.0	0.0
13	5	76	0.0	0.0	nan	nan	0.0	0.0
13	5	73	0.0	0.0	nan	nan	0.0	0.0
13	5	70	0.0	0.0	nan	nan	0.0	0.0
13	5	67	0.0	0.0	nan	nan	0.0	0.0
13	5	64	0.0	0.0	nan	nan	0.0	0.0
13	5	61	0.0	0.0	nan	nan	0.0	0.0
13	5	58	0.0	0.0	nan	nan	0.0	0.0
13	5	55	0.0	0.0	nan	nan	0.0	0.0
13	5	52	0.0	0.0	nan	nan	0.0	0.0
13	5	49	0.0	0.0	nan	nan	0.0	0.0
13	5	46	0.0	0.0	nan	nan	0.0	0.0
13	5	43	0.0	0.0	nan	nan	0.0	0.0
13	5	40	0.0	0.0	nan	nan	0.0	0.0
14	5	97	2.774	0.425	20.935	0.629	1.0	1.0
14	5	94	2.29	0.461	21.839	0.82	1.0	1.0
14	5	91	2.161	0.374	22.323	0.832	1.0	1.0
14	5	88	2.0	0.0	23.419	1.025	1.0	1.0
14	5	85	2.0	0.0	24.161	1.003	1.0	1.0
14	5	82	1.968	0.18	25.355	1.142	1.0	1.0
14	5	79	1.839	0.374	27.484	2.031	1.0	1.0
14	5	76	1.4	0.621	28.69	2.173	0.903	0.935
14	5	73	0.556	0.577	32.833	3.468	0.452	0.581
14	5	70	0.033	0.183	35.5	2.121	0.032	0.065
14	5	67	0.0	0.0	nan	nan	0.0	0.0
14	5	64	0.0	0.0	nan	nan	0.0	0.0
14	5	61	0.0	0.0	nan	nan	0.0	0.0
14	5	58	0.0	0.0	nan	nan	0.0	0.0
14	5	55	0.0	0.0	nan	nan	0.0	0.0
14	5	52	0.0	0.0	nan	nan	0.0	0.0
14	5	49	0.0	0.0	nan	nan	0.0	0.0
14	5	46	0.0	0.0	nan	nan	0.0	0.0
14	5	43	0.0	0.0	nan	nan	0.0	0.0
14	5	40	0.0	0.0	nan	nan	0.0	0.0
15	5	97	4.968	0.18	16.065	0.359	1.0	1.0
15	5	94	4.935	0.25	16.387	0.558	1.0	1.0
15	5	91	4.516	0.508	16.903	0.539	1.0	1.0
15	5	88	4.0	0.365	17.516	0.851	1.0	1.0
15	5	85	3.774	0.425	17.968	0.657	1.0	1.0
15	5	82	3.323	0.475	18.323	0.541	1.0	1.0
15	5	79	3.194	0.402	18.968	0.875	1.0	1.0
15	5	76	2.903	0.301	20.194	1.138	1.0	1.0
15	5	73	2.742	0.445	20.484	0.926	1.0	1.0
15	5	70	2.323	0.475	22.194	1.352	1.0	1.0
15	5	67	2.065	0.25	23.806	1.47	1.0	1.0
15	5	64	2.0	0.0	26.097	2.071	1.0	1.0
15	5	61	1.903	0.301	29.194	3.188	1.0	1.0
15	5	58	1.267	0.74	33.731	2.987	0.806	0.839
15	5	55	0.065	0.25	37.0	1.414	0.065	0.065
15	5	52	0.0	0.0	nan	nan	0.0	0.0
15	5	49	0.0	0.0	nan	nan	0.0	0.0
15	5	46	0.0	0.0	nan	nan	0.0	0.0
15	5	43	0.0	0.0	nan	nan	0.0	0.0
15	5	40	0.0	0.0	nan	nan	0.0	0.0
16	5	97	0.903	0.396	26.63	1.214	0.871	0.871
16	5	94	0.839	0.374	29.115	2.142	0.839	0.839
16	5	91	0.0	0.0	nan	nan	0.0	0.0
16	5	88	0.032	0.18	34.0	0.0	0.032	0.032
16	5	85	0.0	0.0	nan	nan	0.0	0.0
16	5	82	0.0	0.0	nan	nan	0.0	0.0
16	5	79	0.0	0.0	nan	nan	0.0	0.0
16	5	76	0.0	0.0	nan	nan	0.0	0.0
16	5	73	0.0	0.0	nan	nan	0.0	0.0
16	5	70	0.0	0.0	nan	nan	0.0	0.0
16	5	67	0.0	0.0	nan	nan	0.0	0.0
16	5	64	0.0	0.0	nan	nan	0.0	0.0
16	5	61	0.0	0.0	nan	nan	0.0	0.0
16	5	58	0.0	0.0	nan	nan	0.0	0.0
16	5	55	0.0	0.0	nan	nan	0.0	0.0
16	5	52	0.0	0.0	nan	nan	0.0	0.0
16	5	49	0.0	0.0	nan	nan	0.0	0.0
16	5	46	0.0	0.0	nan	nan	0.0	0.0
16	5	43	0.0	0.0	nan	nan	0.0	0.0
16	5	40	0.0	0.0	nan	nan	0.0	0.0
17	5	97	6.323	0.475	15.065	0.359	1.0	1.0
17	5	94	6.0	0.0	15.161	0.454	1.0	1.0
17	5	91	6.0	0.0	15.774	0.497	1.0	1.0
17	5	88	5.903	0.301	16.161	0.374	1.0	1.0
17	5	85	5.581	0.502	16.452	0.506	1.0	1.0
17	5	82	5.194	0.402	17.097	0.651	1.0	1.0
17	5	79	4.903	0.396	17.516	0.769	1.0	1.0
17	5	76	4.677	0.475	18.097	0.597	1.0	1.0
17	5	73	4.097	0.473	18.806	0.654	1.0	1.0
17	5	70	3.645	0.608	19.516	0.89	1.0	1.0
17	5	67	3.194	0.402	21.0	0.931	1.0	1.0
17	5	64	3.065	0.25	21.774	1.23	1.0	1.0
17	5	61	3.0	0.0	23.71	1.346	1.0	1.0
17	5	58	2.839	0.374	24.774	2.045	1.0	1.0
17	5	55	2.226	0.617	28.871	3.862	1.0	1.0
17	5	52	1.452	0.675	34.767	4.183	0.968	0.968
17	5	49	0.345	0.553	40.182	3.027	0.29	0.355
17	5	46	0.032	0.18	44.0	0.0	0.032	0.032
17	5	43	0.0	0.0	nan	nan	0.0	0.0
17	5	40	0.0	0.0	nan	nan	0.0	0.0
18	5	97	2.387	0.495	21.742	0.682	1.0	1.0
18	5	94	2.097	0.301	22.355	0.709	1.0	1.0
18	5	91	2.0	0.0	23.194	1.014	1.0	1.0
18	5	88	2.032	0.18	24.548	0.888	1.0	1.0
18	5	85	2.0	0.0	25.194	0.98	1.0	1.0
18	5	82	1.968	0.18	27.129	1.91	1.0	1.0
18	5	79	1.968	0.18	28.387	1.308	1.0	1.0
18	5	76	1.304	0.765	33.333	2.801	0.613	0.871
18	5	73	0.192	0.491	34.556	3.678	0.129	0.29
18	5	70	0.032	0.18	33.0	0.0	0.032	0.032
18	5	67	0.0	0.0	nan	nan	0.0	0.0
18	5	64	0.0	0.0	nan	nan	0.0	0.0
18	5	61	0.0	0.0	nan	nan	0.0	0.0
18	5	58	0.0	0.0	nan	nan	0.0	0.0
18	5	55	0.0	0.0	nan	nan	0.0	0.0
18	5	52	0.0	0.0	nan	nan	0.0	0.0
18	5	49	0.0	0.0	nan	nan	0.0	0.0
18	5	46	0.0	0.0	nan	nan	0.0	0.0
18	5	43	0.0	0.0	nan	nan	0.0	0.0
18	5	40	0.0	0.0	nan	nan	0.0	0.0
19	5	97	1.806	0.402	21.968	1.14	1.0	1.0
19	5	94	1.516	0.508	22.548	0.995	1.0	1.0
19	5	91	1.161	0.374	24.419	3.304	1.0	1.0
19	5	88	1.065	0.25	25.419	1.544	1.0	1.0
19	5	85	0.581	0.502	27.333	2.058	0.581	0.581
19	5	82	0.233	0.43	30.625	4.534	0.226	0.258
19	5	79	0.0	0.0	nan	nan	0.0	0.0
19	5	76	0.0	0.0	nan	nan	0.0	0.0
19	5	73	0.0	0.0	nan	nan	0.0	0.0
19	5	70	0.0	0.0	nan	nan	0.0	0.0
19	5	67	0.0	0.0	nan	nan	0.0	0.0
19	5	64	0.0	0.0	nan	nan	0.0	0.0
19	5	61	0.0	0.0	nan	nan	0.0	0.0
19	5	58	0.0	0.0	nan	nan	0.0	0.0
19	5	55	0.0	0.0	nan	nan	0.0	0.0
19	5	52	0.0	0.0	nan	nan	0.0	0.0
19	5	49	0.0	0.0	nan	nan	0.0	0.0
19	5	46	0.0	0.0	nan	nan	0.0	0.0
19	5	43	0.0	0.0	nan	nan	0.0	0.0
19	5	40	0.0	0.0	nan	nan	0.0	0.0
20	5	97	3.581	0.564	18.484	0.811	1.0	1.0
20	5	94	3.258	0.445	18.742	0.815	1.0	1.0
20	5	91	3.065	0.25	19.129	0.718	1.0	1.0
20	5	88	2.935	0.359	19.613	0.761	1.0	1.0
20	5	85	2.548	0.506	20.484	1.029	1.0	1.0
20	5	82	2.516	0.508	20.839	1.157	1.0	1.0
20	5	79	2.161	0.374	21.581	1.025	1.0	1.0
20	5	76	2.0	0.0	22.871	1.056	1.0	1.0
20	5	73	2.0	0.258	23.935	0.964	1.0	1.0
20	5	70	1.742	0.445	25.419	1.336	1.0	1.0
20	5	67	1.516	0.626	27.069	2.685	0.935	0.935
20	5	64	1.138	0.693	30.038	3.34	0.774	0.839
20	5	61	0.143	0.448	33.167	4.167	0.097	0.194
20	5	58	0.0	0.0	nan	nan	0.0	0.0
20	5	55	0.0	0.0	nan	nan	0.0	0.0
20	5	52	0.0	0.0	nan	nan	0.0	0.0
20	5	49	0.0	0.0	nan	nan	0.0	0.0
20	5	46	0.0	0.0	nan	nan	0.0	0.0
20	5	43	0.0	0.0	nan	nan	0.0	0.0
20	5	40	0.0	0.0	nan	nan	0.0	0.0
21	5	97	4.226	0.425	15.419	0.502	1.0	1.0
21	5	94	4.0	0.0	15.71	0.461	1.0	1.0
21	5	91	3.935	0.25	16.161	0.735	1.0	1.0
21	5	88	3.968	0.18	16.29	0.739	1.0	1.0
21	5	85	3.774	0.425	17.0	0.516	1.0	1.0
21	5	82	3.484	0.57	17.419	0.72	1.0	1.0
21	5	79	2.806	0.543	17.935	0.727	1.0	1.0
21	5	76	2.226	0.425	18.871	0.763	1.0	1.0
21	5	73	2.129	0.341	19.742	1.527	1.0	1.0
21	5	70	1.935	0.25	20.355	1.018	1.0	1.0
21	5	67	1.806	0.402	22.129	1.708	1.0	1.0
21	5	64	1.548	0.506	23.29	1.16	1.0	1.0
21	5	61	1.129	0.499	25.759	4.059	0.935	0.935
21	5	58	0.633	0.556	29.632	2.793	0.581	0.613
21	5	55	0.0	0.0	nan	nan	0.0	0.0
21	5	52	0.0	0.0	nan	nan	0.0	0.0
21	5	49	0.0	0.0	nan	nan	0.0	0.0
21	5	46	0.0	0.0	nan	nan	0.0	0.0
21	5	43	0.0	0.0	nan	nan	0.0	0.0
21	5	40	0.0	0.0	nan	nan	0.0	0.0
22	5	97	4.968	0.315	19.065	0.727	1.0	1.0
22	5	94	4.548	0.506	19.806	0.543	1.0	1.0
22	5	91	4.258	0.445	20.129	0.718	1.0	1.0
22	5	88	4.065	0.25	20.71	0.643	1.0	1.0
22	5	85	3.968	0.18	21.355	0.709	1.0	1.0
22	5	82	3.774	0.425	22.258	0.93	1.0	1.0
22	5	79	3.258	0.445	23.065	0.814	1.0	1.0
22	5	76	3.129	0.341	24.452	1.15	1.0	1.0
22	5	73	3.0	0.0	25.613	0.989	1.0	1.0
22	5	70	2.935	0.25	27.129	1.204	1.0	1.0
22	5	67	2.516	0.57	29.258	2.744	1.0	1.0
22	5	64	2.0	0.683	33.258	3.225	1.0	1.0
22	5	61	1.034	0.566	37.407	3.445	0.806	0.871
22	5	58	0.129	0.341	39.5	2.646	0.129	0.129
22	5	55	0.0	0.0	nan	nan	0.0	0.0
22	5	52	0.0	0.0	nan	nan	0.0	0.0
22	5	49	0.0	0.0	nan	nan	0.0	0.0
22	5	46	0.0	0.0	nan	nan	0.0	0.0
22	5	43	0.0	0.0	nan	nan	0.0	0.0
22	5	40	0.0	0.0	nan	nan	0.0	0.0
23	5	97	3.806	0.543	17.806	0.749	1.0	1.0
23	5	94	3.516	0.57	18.226	0.669	1.0	1.0
23	5	91	3.129	0.499	18.806	0.833	1.0	1.0
23	5	88	2.935	0.512	19.258	0.729	1.0	1.0
23	5	85	2.71	0.529	19.871	1.118	1.0	1.0
23	5	82	2.129	0.341	20.677	0.871	1.0	1.0
23	5	79	2.032	0.315	21.065	1.153	1.0	1.0
23	5	76	2.0	0.0	22.71	1.243	1.0	1.0
23	5	73	1.903	0.301	24.065	1.965	1.0	1.0
23	5	70	1.516	0.508	25.742	1.692	1.0	1.0
23	5	67	0.966	0.68	28.792	3.176	0.71	0.774
23	5	64	0.148	0.362	31.625	4.173	0.129	0.258
23	5	61	0.0	0.0	nan	nan	0.0	0.0
23	5	58	0.0	0.0	nan	nan	0.0	0.0
23	5	55	0.0	0.0	nan	nan	0.0	0.0
23	5	52	0.0	0.0	nan	nan	0.0	0.0
23	5	49	0.0	0.0	nan	nan	0.0	0.0
23	5	46	0.0	0.0	nan	nan	0.0	0.0
23	5	43	0.0	0.0	nan	nan	0.0	0.0
23	5	40	0.0	0.0	nan	nan	0.0	0.0
24	5	97	3.742	0.514	19.097	0.7	1.0	1.0
24	5	94	3.226	0.425	19.677	0.871	1.0	1.0
24	5	91	3.097	0.301	20.452	0.925	1.0	1.0
24	5	88	3.0	0.258	20.903	0.908	1.0	1.0
24	5	85	2.839	0.374	21.387	0.955	1.0	1.0
24	5	82	2.484	0.508	22.323	1.137	1.0	1.0
24	5	79	2.323	0.475	23.161	1.098	1.0	1.0
24	5	76	2.0	0.0	24.548	1.387	1.0	1.0
24	5	73	1.935	0.25	25.355	1.38	1.0	1.0
24	5	70	1.581	0.672	27.821	2.79	0.903	0.903
24	5	67	0.483	0.738	31.833	3.762	0.323	0.387
24	5	64	0.0	0.0	39.0	0.0	0.0	0.032
24	5	61	0.0	0.0	nan	nan	0.0	0.0
24	5	58	0.0	0.0	nan	nan	0.0	0.0
24	5	55	0.0	0.0	nan	nan	0.0	0.0
24	5	52	0.0	0.0	nan	nan	0.0	0.0
24	5	49	0.0	0.0	nan	nan	0.0	0.0
24	5	46	0.0	0.0	nan	nan	0.0	0.0
24	5	43	0.0	0.0	nan	nan	0.0	0.0
24	5	40	0.0	0.0	nan	nan	0.0	0.0
25	5	97	2.903	0.301	20.226	0.617	1.0	1.0
25	5	94	2.645	0.486	20.774	0.617	1.0	1.0
25	5	91	2.387	0.495	21.161	0.82	1.0	1.0
25	5	88	2.097	0.301	22.226	0.884	1.0	1.0
25	5	85	2.065	0.25	22.935	0.727	1.0	1.0
25	5	82	2.0	0.0	23.935	1.031	1.0	1.0
25	5	79	1.935	0.25	25.161	1.463	1.0	1.0
25	5	76	1.633	0.49	27.774	3.998	0.968	1.0
25	5	73	0.893	0.737	30.318	4.247	0.613	0.71
25	5	70	0.138	0.441	33.6	4.827	0.097	0.161
25	5	67	0.0	0.0	nan	nan	0.0	0.0
25	5	64	0.0	0.0	nan	nan	0.0	0.0
25	5	61	0.0	0.0	nan	nan	0.0	0.0
25	5	58	0.0	0.0	nan	nan	0.0	0.0
25	5	55	0.0	0.0	nan	nan	0.0	0.0
25	5	52	0.0	0.0	nan	nan	0.0	0.0
25	5	49	0.0	0.0	nan	nan	0.0	0.0
25	5	46	0.0	0.0	nan	nan	0.0	0.0
25	5	43	0.0	0.0	nan	nan	0.0	0.0
25	5	40	0.0	0.0	nan	nan	0.0	0.0
26	5	97	2.968	0.18	20.677	0.541	1.0	1.0
26	5	94	2.774	0.425	21.355	0.839	1.0	1.0
26	5	91	2.419	0.502	21.806	0.749	1.0	1.0
26	5	88	2.161	0.374	22.548	1.028	1.0	1.0
26	5	85	2.032	0.18	23.742	0.815	1.0	1.0
26	5	82	2.0	0.0	24.581	1.119	1.0	1.0
26	5	79	1.935	0.25	25.548	1.48	1.0	1.0
26	5	76	1.452	0.568	27.767	2.712	0.968	0.968
26	5	73	1.071	0.604	30.889	2.621	0.774	0.871
26	5	70	0.207	0.412	32.25	2.605	0.194	0.258
26	5	67	0.0	0.0	nan	nan	0.0	0.0
26	5	64	0.0	0.0	nan	nan	0.0	0.0
26	5	61	0.0	0.0	nan	nan	0.0	0.0
26	5	58	0.0	0.0	nan	nan	0.0	0.0
26	5	55	0.0	0.0	nan	nan	0.0	0.0
26	5	52	0.0	0.0	nan	nan	0.0	0.0
26	5	49	0.0	0.0	nan	nan	0.0	0.0
26	5	46	0.0	0.0	nan	nan	0.0	0.0
26	5	43	0.0	0.0	nan	nan	0.0	0.0
26	5	40	0.0	0.0	nan	nan	0.0	0.0
27	5	97	3.0	0.0	20.903	0.7	1.0	1.0
27	5	94	2.839	0.374	21.548	0.85	1.0	1.0
27	5	91	2.581	0.502	22.226	0.762	1.0	1.0
27	5	88	2.129	0.341	23.419	0.992	1.0	1.0
27	5	85	2.0	0.0	24.452	1.091	1.0	1.0
27	5	82	2.0	0.0	25.774	1.521	1.0	1.0
27	5	79	2.0	0.0	27.516	1.546	1.0	1.0
27	5	76	1.903	0.301	29.742	2.175	1.0	1.0
27	5	73	1.238	0.831	33.5	3.114	0.516	0.839
27	5	70	0.037	0.192	35.6	2.51	0.032	0.161
27	5	67	0.0	0.0	nan	nan	0.0	0.0
27	5	64	0.0	0.0	nan	nan	0.0	0.0
27	5	61	0.0	0.0	nan	nan	0.0	0.0
27	5	58	0.0	0.0	nan	nan	0.0	0.0
27	5	55	0.0	0.0	nan	nan	0.0	0.0
27	5	52	0.0	0.0	nan	nan	0.0	0.0
27	5	49	0.0	0.0	nan	nan	0.0	0.0
27	5	46	0.0	0.0	nan	nan	0.0	0.0
27	5	43	0.0	0.0	nan	nan	0.0	0.0
27	5	40	0.0	0.0	nan	nan	0.0	0.0
28	5	97	3.387	0.558	18.452	0.768	1.0	1.0
28	5	94	3.161	0.374	18.871	0.619	1.0	1.0
28	5	91	2.935	0.25	19.581	0.886	1.0	1.0
28	5	88	2.839	0.523	20.226	1.146	1.0	1.0
28	5	85	2.258	0.445	21.097	1.044	1.0	1.0
28	5	82	2.129	0.341	21.516	1.458	1.0	1.0
28	5	79	1.968	0.18	22.645	1.253	1.0	1.0
28	5	76	1.867	0.346	24.419	2.618	0.968	1.0
28	5	73	1.581	0.62	26.345	2.109	0.935	0.935
28	5	70	1.233	0.568	28.0	2.507	0.903	0.935
28	5	67	0.367	0.556	32.0	3.066	0.323	0.355
28	5	64	0.0	0.0	41.0	0.0	0.0	0.032
28	5	61	0.0	0.0	nan	nan	0.0	0.0
28	5	58	0.0	0.0	nan	nan	0.0	0.0
28	5	55	0.0	0.0	nan	nan	0.0	0.0
28	5	52	0.0	0.0	nan	nan	0.0	0.0
28	5	49	0.0	0.0	nan	nan	0.0	0.0
28	5	46	0.0	0.0	nan	nan	0.0	0.0
28	5	43	0.0	0.0	nan	nan	0.0	0.0
28	5	40	0.0	0.0	nan	nan	0.0	0.0
29	5	97	3.613	0.495	20.194	0.654	1.0	1.0
29	5	94	3.161	0.374	21.065	0.814	1.0	1.0
29	5	91	3.065	0.25	21.419	0.672	1.0	1.0
29	5	88	3.0	0.0	22.29	0.824	1.0	1.0
29	5	85	2.935	0.25	22.871	0.846	1.0	1.0
29	5	82	2.903	0.301	23.774	0.762	1.0	1.0
29	5	79	2.645	0.486	24.516	1.151	1.0	1.0
29	5	76	2.194	0.402	25.871	1.231	1.0	1.0
29	5	73	2.032	0.315	28.194	2.442	1.0	1.0
29	5	70	1.903	0.301	30.452	3.414	1.0	1.0
29	5	67	1.613	0.558	32.567	3.53	0.968	0.968
29	5	64	0.448	0.632	36.231	3.586	0.355	0.419
29	5	61	0.0	0.0	41.0	0.0	0.0	0.032
29	5	58	0.0	0.0	nan	nan	0.0	0.0
29	5	55	0.0	0.0	nan	nan	0.0	0.0
29	5	52	0.0	0.0	nan	nan	0.0	0.0
29	5	49	0.0	0.0	nan	nan	0.0	0.0
29	5	46	0.0	0.0	nan	nan	0.0	0.0
29	5	43	0.0	0.0	nan	nan	0.0	0.0
29	5	40	0.0	0.0	nan	nan	0.0	0.0
30	5	97	2.484	0.508	20.516	0.851	1.0	1.0
30	5	94	2.129	0.341	21.29	0.864	1.0	1.0
30	5	91	2.0	0.0	22.387	1.022	1.0	1.0
30	5	88	2.0	0.0	23.161	0.86	1.0	1.0
30	5	85	2.032	0.18	23.29	0.864	1.0	1.0
30	5	82	2.0	0.0	25.258	1.341	1.0	1.0
30	5	79	2.0	0.0	26.935	1.788	1.0	1.0
30	5	76	1.581	0.564	28.8	1.955	0.968	0.968
30	5	73	1.12	0.726	32.077	2.827	0.645	0.839
30	5	70	0.032	0.18	34.0	0.0	0.032	0.032
30	5	67	0.0	0.0	nan	nan	0.0	0.0
30	5	64	0.0	0.0	nan	nan	0.0	0.0
30	5	61	0.0	0.0	nan	nan	0.0	0.0
30	5	58	0.0	0.0	nan	nan	0.0	0.0
30	5	55	0.0	0.0	nan	nan	0.0	0.0
30	5	52	0.0	0.0	nan	nan	0.0	0.0
30	5	49	0.0	0.0	nan	nan	0.0	0.0
30	5	46	0.0	0.0	nan	nan	0.0	0.0
30	5	43	0.0	0.0	nan	nan	0.0	0.0
30	5	40	0.0	0.0	nan	nan	0.0	0.0
31	5	97	3.419	0.62	18.645	0.798	1.0	1.0
31	5	94	3.032	0.18	19.226	0.56	1.0	1.0
31	5	91	3.032	0.315	19.484	0.769	1.0	1.0
31	5	88	3.032	0.315	20.032	1.08	1.0	1.0
31	5	85	2.903	0.473	20.355	1.05	1.0	1.0
31	5	82	2.548	0.506	21.742	1.094	1.0	1.0
31	5	79	2.065	0.25	22.226	1.407	1.0	1.0
31	5	76	2.032	0.18	23.645	1.018	1.0	1.0
31	5	73	2.0	0.0	24.581	2.141	1.0	1.0
31	5	70	1.935	0.25	26.484	1.823	1.0	1.0
31	5	67	1.733	0.521	28.067	2.116	0.935	0.968
31	5	64	1.345	0.721	31.63	2.648	0.806	0.871
31	5	61	0.138	0.441	34.4	4.561	0.097	0.161
31	5	58	0.0	0.0	nan	nan	0.0	0.0
31	5	55	0.0	0.0	nan	nan	0.0	0.0
31	5	52	0.0	0.0	nan	nan	0.0	0.0
31	5	49	0.0	0.0	nan	nan	0.0	0.0
31	5	46	0.0	0.0	nan	nan	0.0	0.0
31	5	43	0.0	0.0	nan	nan	0.0	0.0
31	5	40	0.0	0.0	nan	nan	0.0	0.0
0	6	97	5.935	0.25	16.742	0.855	1.0	1.0
0	6	94	5.645	0.551	17.226	0.669	1.0	1.0
0	6	91	5.0	0.577	17.548	0.675	1.0	1.0
0	6	88	4.677	0.475	17.968	0.795	1.0	1.0
0	6	85	4.613	0.495	18.129	0.718	1.0	1.0
0	6	82	4.065	0.25	19.032	0.605	1.0	1.0
0	6	79	3.742	0.514	19.355	0.798	1.0	1.0
0	6	76	3.387	0.495	20.355	0.839	1.0	1.0
0	6	73	3.097	0.301	21.129	1.176	1.0	1.0
0	6	70	3.065	0.25	22.452	1.15	1.0	1.0
0	6	67	3.0	0.0	23.097	1.012	1.0	1.0
0	6	64	2.903	0.301	25.29	1.736	1.0	1.0
0	6	61	2.484	0.508	27.323	2.903	1.0	1.0
0	6	58	1.839	0.638	32.0	4.05	1.0	1.0
0	6	55	1.065	0.629	36.269	3.874	0.839	0.839
0	6	52	0.258	0.445	39.75	2.712	0.258	0.258
0	6	49	0.0	0.0	nan	nan	0.0	0.0
0	6	46	0.0	0.0	nan	nan	0.0	0.0
0	6	43	0.0	0.0	nan	nan	0.0	0.0
0	6	40	0.0	0.0	nan	nan	0.0	0.0
1	6	97	4.645	0.486	17.968	0.605	1.0	1.0
1	6	94	4.258	0.445	18.548	0.568	1.0	1.0
1	6	91	3.968	0.407	18.968	0.547	1.0	1.0
1	6	88	3.452	0.624	19.355	0.608	1.0	1.0
1	6	85	3.032	0.18	20.065	0.727	1.0	1.0
1	6	82	3.0	0.0	20.548	1.06	1.0	1.0
1	6	79	2.968	0.18	21.968	1.14	1.0	1.0
1	6	76	2.935	0.25	22.613	1.202	1.0	1.0
1	6	73	2.71	0.461	23.774	1.23	1.0	1.0
1	6	70	2.226	0.425	25.677	1.326	1.0	1.0
1	6	67	1.935	0.25	28.903	3.037	1.0	1.0
1	6	64	1.733	0.45	31.323	3.31	0.968	1.0
1	6	61	1.207	0.726	34.538	4.188	0.774	0.839
1	6	58	0.133	0.434	37.25	2.986	0.097	0.129
1	6	55	0.0	0.0	nan	nan	0.0	0.0
1	6	52	0.0	0.0	nan	nan	0.0	0.0
1	6	49	0.0	0.0	nan	nan	0.0	0.0
1	6	46	0.0	0.0	nan	nan	0.0	0.0
1	6	43	0.0	0.0	nan	nan	0.0	0.0
1	6	40	0.0	0.0	nan	nan	0.0	0.0
2	6	97	3.806	0.654	18.677	0.702	1.0	1.0
2	6	94	3.387	0.495	18.871	0.619	1.0	1.0
2	6	91	3.032	0.315	19.548	0.675	1.0	1.0
2	6	88	3.0	0.0	19.903	0.473	1.0	1.0
2	6	85	2.871	0.428	20.548	0.888	1.0	1.0
2	6	82	2.645	0.486	21.0	0.683	1.0	1.0
2	6	79	2.258	0.445	21.806	1.195	1.0	1.0
2	6	76	2.097	0.301	22.677	1.249	1.0	1.0
2	6	73	2.032	0.18	23.452	1.207	1.0	1.0
2	6	70	1.839	0.374	25.742	2.294	1.0	1.0
2	6	67	1.387	0.715	28.148	2.685	0.871	0.871
2	6	64	0.69	0.761	29.412	3.355	0.484	0.548
2	6	61	0.167	0.461	33.2	3.493	0.129	0.161
2	6	58	0.0	0.0	nan	nan	0.0	0.0
2	6	55	0.0	0.0	nan	nan	0.0	0.0
2	6	52	0.0	0.0	nan	nan	0.0	0.0
2	6	49	0.0	0.0	nan	nan	0.0	0.0
2	6	46	0.0	0.0	nan	nan	0.0	0.0
2	6	43	0.0	0.0	nan	nan	0.0	0.0
2	6	40	0.0	0.0	nan	nan	0.0	0.0
3	6	97	1.774	0.425	23.097	0.79	1.0	1.0
3	6	94	1.548	0.506	23.677	0.945	1.0	1.0
3	6	91	1.065	0.25	24.871	0.885	1.0	1.0
3	6	88	1.0	0.0	26.323	1.579	1.0	1.0
3	6	85	0.742	0.445	28.609	1.234	0.742	0.742
3	6	82	0.067	0.254	32.667	2.517	0.065	0.097
3	6	79	0.0	0.0	nan	nan	0.0	0.0
3	6	76	0.0	0.0	nan	nan	0.0	0.0
3	6	73	0.0	0.0	nan	nan	0.0	0.0
3	6	70	0.0	0.0	nan	nan	0.0	0.0
3	6	67	0.0	0.0	nan	nan	0.0	0.0
3	6	64	0.0	0.0	nan	nan	0.0	0.0
3	6	61	0.0	0.0	nan	nan	0.0	0.0
3	6	58	0.0	0.0	nan	nan	0.0	0.0
3	6	55	0.0	0.0	nan	nan	0.0	0.0
3	6	52	0.0	0.0	nan	nan	0.0	0.0
3	6	49	0.0	0.0	nan	nan	0.0	0.0
3	6	46	0.0	0.0	nan	nan	0.0	0.0
3	6	43	0.0	0.0	nan	nan	0.0	0.0
3	6	40	0.0	0.0	nan	nan	0.0	0.0
4	6	97	4.0	0.0	20.226	0.497	1.0	1.0
4	6	94	4.0	0.0	20.677	0.541	1.0	1.0
4	6	91	3.968	0.18	21.161	0.583	1.0	1.0
4	6	88	3.839	0.374	21.806	0.749	1.0	1.0
4	6	85	3.355	0.486	22.935	1.093	1.0	1.0
4	6	82	3.065	0.25	23.516	0.996	1.0	1.0
4	6	79	3.0	0.0	24.323	0.979	1.0	1.0
4	6	76	3.0	0.0	25.581	1.544	1.0	1.0
4	6	73	2.871	0.341	27.452	1.63	1.0	1.0
4	6	70	2.484	0.508	28.806	1.74	1.0	1.0
4	6	67	1.903	0.7	31.467	2.556	0.968	0.968
4	6	64	1.138	0.516	36.483	3.247	0.871	0.935
4	6	61	0.452	0.506	39.286	2.268	0.452	0.452
4	6	58	0.032	0.18	42.0	0.0	0.032	0.032
4	6	55	0.0	0.0	nan	nan	0.0	0.0
4	6	52	0.0	0.0	nan	nan	0.0	0.0
4	6	49	0.0	0.0	nan	nan	0.0	0.0
4	6	46	0.0	0.0	nan	nan	0.0	0.0
4	6	43	0.0	0.0	nan	nan	0.0	0.0
4	6	40	0.0	0.0	nan	nan	0.0	0.0
5	6	97	2.161	0.523	18.839	0.583	1.0	1.0
5	6	94	2.129	0.341	19.226	0.497	1.0	1.0
5	6	91	2.0	0.0	19.742	0.514	1.0	1.0
5	6	88	1.968	0.18	20.581	0.72	1.0	1.0
5	6	85	1.968	0.18	21.29	0.938	1.0	1.0
5	6	82	1.581	0.502	22.323	1.137	1.0	1.0
5	6	79	1.323	0.475	23.323	1.166	1.0	1.0
5	6	76	1.097	0.301	24.29	1.553	1.0	1.0
5	6	73	0.935	0.25	25.69	1.417	0.935	0.935
5	6	70	0.31	0.471	27.818	3.516	0.29	0.355
5	6	67	0.032	0.18	28.0	0.0	0.032	0.032
5	6	64	0.0	0.0	nan	nan	0.0	0.0
5	6	61	0.0	0.0	nan	nan	0.0	0.0
5	6	58	0.0	0.0	nan	nan	0.0	0.0
5	6	55	0.0	0.0	nan	nan	0.0	0.0
5	6	52	0.0	0.0	nan	nan	0.0	0.0
5	6	49	0.0	0.0	nan	nan	0.0	0.0
5	6	46	0.0	0.0	nan	nan	0.0	0.0
5	6	43	0.0	0.0	nan	nan	0.0	0.0
5	6	40	0.0	0.0	nan	nan	0.0	0.0
6	6	97	4.484	0.677	18.226	0.497	1.0	1.0
6	6	94	4.032	0.605	18.452	0.675	1.0	1.0
6	6	91	3.355	0.551	19.0	0.577	1.0	1.0
6	6	88	3.032	0.18	19.677	0.791	1.0	1.0
6	6	85	3.0	0.0	20.161	0.583	1.0	1.0
6	6	82	3.0	0.0	20.871	0.562	1.0	1.0
6	6	79	3.0	0.0	21.548	1.121	1.0	1.0
6	6	76	2.774	0.425	22.032	1.303	1.0	1.0
6	6	73	2.323	0.475	23.71	0.739	1.0	1.0
6	6	70	2.0	0.0	24.71	1.216	1.0	1.0
6	6	67	2.0	0.0	27.452	1.964	1.0	1.0
6	6	64	1.935	0.25	30.226	2.704	1.0	1.0
6	6	61	1.517	0.688	33.429	3.605	0.839	0.903
6	6	58	0.379	0.622	36.818	2.857	0.29	0.355
6	6	55	0.0	0.0	nan	nan	0.0	0.0
6	6	52	0.0	0.0	nan	nan	0.0	0.0
6	6	49	0.0	0.0	nan	nan	0.0	0.0
6	6	46	0.0	0.0	nan	nan	0.0	0.0
6	6	43	0.0	0.0	nan	nan	0.0	0.0
6	6	40	0.0	0.0	nan	nan	0.0	0.0
7	6	97	4.0	0.0	21.0	0.683	1.0	1.0
7	6	94	3.677	0.475	21.968	0.706	1.0	1.0
7	6	91	3.484	0.508	22.516	0.724	1.0	1.0
7	6	88	3.0	0.0	23.323	0.748	1.0	1.0
7	6	85	3.032	0.18	24.161	0.82	1.0	1.0
7	6	82	3.0	0.0	25.323	1.351	1.0	1.0
7	6	79	2.806	0.402	26.677	1.222	1.0	1.0
7	6	76	2.452	0.568	28.323	2.286	1.0	1.0
7	6	73	2.097	0.301	30.065	2.032	1.0	1.0
7	6	70	1.5	0.509	34.226	2.617	0.968	1.0
7	6	67	0.516	0.57	38.0	2.36	0.484	0.484
7	6	64	0.0	0.0	45.0	0.0	0.0	0.032
7	6	61	0.0	0.0	nan	nan	0.0	0.0
7	6	58	0.0	0.0	nan	nan	0.0	0.0
7	6	55	0.0	0.0	nan	nan	0.0	0.0
7	6	52	0.0	0.0	nan	nan	0.0	0.0
7	6	49	0.0	0.0	nan	nan	0.0	0.0
7	6	46	0.0	0.0	nan	nan	0.0	0.0
7	6	43	0.0	0.0	nan	nan	0.0	0.0
7	6	40	0.0	0.0	nan	nan	0.0	0.0
8	6	97	2.968	0.18	19.645	0.608	1.0	1.0
8	6	94	2.806	0.402	20.226	0.617	1.0	1.0
8	6	91	2.613	0.495	20.419	0.672	1.0	1.0
8	6	88	2.29	0.461	21.097	0.539	1.0	1.0
8	6	85	2.161	0.374	21.774	0.717	1.0	1.0
8	6	82	2.0	0.0	22.645	0.877	1.0	1.0
8	6	79	2.0	0.0	23.613	0.919	1.0	1.0
8	6	76	1.742	0.445	24.968	1.329	1.0	1.0
8	6	73	1.452	0.506	26.29	1.847	1.0	1.0
8	6	70	1.0	0.471	29.214	2.859	0.806	0.903
8	6	67	0.321	0.548	31.091	3.239	0.258	0.355
8	6	64	0.0	0.0	nan	nan	0.0	0.0
8	6	61	0.0	0.0	nan	nan	0.0	0.0
8	6	58	0.0	0.0	nan	nan	0.0	0.0
8	6	55	0.0	0.0	nan	nan	0.0	0.0
8	6	52	0.0	0.0	nan	nan	0.0	0.0
8	6	49	0.0	0.0	nan	nan	0.0	0.0
8	6	46	0.0	0.0	nan	nan	0.0	0.0
8	6	43	0.0	0.0	nan	nan	0.0	0.0
8	6	40	0.0	0.0	nan	nan	0.0	0.0
9	6	97	2.903	0.301	22.774	0.497	1.0	1.0
9	6	94	2.516	0.508	23.774	0.717	1.0	1.0
9	6	91	2.129	0.341	24.806	1.138	1.0	1.0
9	6	88	2.032	0.18	25.097	0.831	1.0	1.0
9	6	85	2.0	0.0	26.71	1.296	1.0	1.0
9	6	82	1.968	0.18	28.548	1.67	1.0	1.0
9	6	79	1.839	0.374	31.129	2.247	1.0	1.0
9	6	76	1.125	0.797	34.72	2.894	0.581	0.806
9	6	73	0.107	0.416	37.2	3.768	0.065	0.161
9	6	70	0.0	0.0	nan	nan	0.0	0.0
9	6	67	0.0	0.0	nan	nan	0.0	0.0
9	6	64	0.0	0.0	nan	nan	0.0	0.0
9	6	61	0.0	0.0	nan	nan	0.0	0.0
9	6	58	0.0	0.0	nan	nan	0.0	0.0
9	6	55	0.0	0.0	nan	nan	0.0	0.0
9	6	52	0.0	0.0	nan	nan	0.0	0.0
9	6	49	0.0	0.0	nan	nan	0.0	0.0
9	6	46	0.0	0.0	nan	nan	0.0	0.0
9	6	43	0.0	0.0	nan	nan	0.0	0.0
9	6	40	0.0	0.0	nan	nan	0.0	0.0
10	6	97	3.097	0.301	21.677	0.541	1.0	1.0
10	6	94	3.0	0.0	22.323	0.748	1.0	1.0
10	6	91	3.032	0.18	22.935	0.727	1.0	1.0
10	6	88	2.903	0.301	23.452	0.675	1.0	1.0
10	6	85	2.71	0.461	24.548	1.207	1.0	1.0
10	6	82	2.258	0.445	25.677	0.979	1.0	1.0
10	6	79	2.065	0.25	26.387	1.086	1.0	1.0
10	6	76	2.032	0.18	27.645	1.473	1.0	1.0
10	6	73	1.903	0.396	29.867	2.33	0.968	0.968
10	6	70	1.286	0.763	33.5	2.642	0.742	0.839
10	6	67	0.385	0.697	35.5	3.0	0.226	0.387
10	6	64	0.0	0.0	41.0	0.0	0.0	0.032
10	6	61	0.0	0.0	nan	nan	0.0	0.0
10	6	58	0.0	0.0	nan	nan	0.0	0.0
10	6	55	0.0	0.0	nan	nan	0.0	0.0
10	6	52	0.0	0.0	nan	nan	0.0	0.0
10	6	49	0.0	0.0	nan	nan	0.0	0.0
10	6	46	0.0	0.0	nan	nan	0.0	0.0
10	6	43	0.0	0.0	nan	nan	0.0	0.0
10	6	40	0.0	0.0	nan	nan	0.0	0.0
11	6	97	4.387	0.558	16.613	0.803	1.0	1.0
11	6	94	4.129	0.341	16.516	0.677	1.0	1.0
11	6	91	3.968	0.18	17.226	0.669	1.0	1.0
11	6	88	3.774	0.425	17.645	0.551	1.0	1.0
11	6	85	3.484	0.508	18.548	1.06	1.0	1.0
11	6	82	3.065	0.359	19.032	0.605	1.0	1.0
11	6	79	2.677	0.475	20.194	0.749	1.0	1.0
11	6	76	2.226	0.425	21.226	0.762	1.0	1.0
11	6	73	2.097	0.301	22.258	0.999	1.0	1.0
11	6	70	2.032	0.18	24.323	1.326	1.0	1.0
11	6	67	1.968	0.18	26.419	2.487	1.0	1.0
11	6	64	1.793	0.412	29.71	3.752	0.935	1.0
11	6	61	1.231	0.815	33.88	4.126	0.645	0.806
11	6	58	0.033	0.183	39.5	2.121	0.032	0.065
11	6	55	0.0	0.0	nan	nan	0.0	0.0
11	6	52	0.0	0.0	nan	nan	0.0	0.0
11	6	49	0.0	0.0	nan	nan	0.0	0.0
11	6	46	0.0	0.0	nan	nan	0.0	0.0
11	6	43	0.0	0.0	nan	nan	0.0	0.0
11	6	40	0.0	0.0	nan	nan	0.0	0.0
12	6	97	3.161	0.374	18.677	0.475	1.0	1.0
12	6	94	2.968	0.18	19.226	0.617	1.0	1.0
12	6	91	2.774	0.425	19.613	0.667	1.0	1.0
12	6	88	2.452	0.506	20.032	0.706	1.0	1.0
12	6	85	2.29	0.461	20.419	0.765	1.0	1.0
12	6	82	2.065	0.25	21.097	0.7	1.0	1.0
12	6	79	2.032	0.18	22.226	1.023	1.0	1.0
12	6	76	1.968	0.18	23.452	1.121	1.0	1.0
12	6	73	1.903	0.301	24.581	1.232	1.0	1.0
12	6	70	1.742	0.445	25.548	1.121	1.0	1.0
12	6	67	1.571	0.504	28.419	2.986	0.903	1.0
12	6	64	0.875	0.448	31.407	3.178	0.645	0.871
12	6	61	0.097	0.301	31.0	1.732	0.097	0.097
12	6	58	0.0	0.0	nan	nan	0.0	0.0
12	6	55	0.0	0.0	nan	nan	0.0	0.0
12	6	52	0.0	0.0	nan	nan	0.0	0.0
12	6	49	0.0	0.0	nan	nan	0.0	0.0
12	6	46	0.0	0.0	nan	nan	0.0	0.0
12	6	43	0.0	0.0	nan	nan	0.0	0.0
12	6	40	0.0	0.0	nan	nan	0.0	0.0
13	6	97	3.129	0.341	19.903	0.651	1.0	1.0
13	6	94	3.0	0.0	20.29	0.588	1.0	1.0
13	6	91	2.935	0.25	20.742	0.729	1.0	1.0
13	6	88	2.774	0.425	21.645	0.839	1.0	1.0
13	6	85	2.387	0.495	22.032	0.983	1.0	1.0
13	6	82	2.129	0.341	23.032	0.948	1.0	1.0
13	6	79	2.0	0.0	24.065	1.124	1.0	1.0
13	6	76	1.935	0.25	25.774	1.407	1.0	1.0
13	6	73	1.793	0.412	27.935	3.366	0.935	1.0
13	6	70	1.393	0.786	29.0	3.237	0.742	0.839
13	6	67	0.333	0.555	34.167	3.407	0.258	0.387
13	6	64	0.0	0.0	nan	nan	0.0	0.0
13	6	61	0.0	0.0	nan	nan	0.0	0.0
13	6	58	0.0	0.0	nan	nan	0.0	0.0
13	6	55	0.0	0.0	nan	nan	0.0	0.0
13	6	52	0.0	0.0	nan	nan	0.0	0.0
13	6	49	0.0	0.0	nan	nan	0.0	0.0
13	6	46	0.0	0.0	nan	nan	0.0	0.0
13	6	43	0.0	0.0	nan	nan	0.0	0.0
13	6	40	0.0	0.0	nan	nan	0.0	0.0
14	6	97	4.032	0.18	20.226	0.497	1.0	1.0
14	6	94	4.0	0.0	20.645	0.551	1.0	1.0
14	6	91	3.774	0.425	21.452	0.568	1.0	1.0
14	6	88	3.581	0.502	21.774	0.956	1.0	1.0
14	6	85	3.226	0.425	22.323	0.791	1.0	1.0
14	6	82	3.032	0.18	23.258	0.682	1.0	1.0
14	6	79	3.0	0.0	23.903	1.012	1.0	1.0
14	6	76	2.968	0.18	25.129	1.231	1.0	1.0
14	6	73	2.871	0.341	26.548	1.06	1.0	1.0
14	6	70	2.387	0.495	27.935	1.526	1.0	1.0
14	6	67	2.129	0.428	29.839	1.635	1.0	1.0
14	6	64	1.71	0.588	33.161	2.437	1.0	1.0
14	6	61	0.793	0.559	37.174	4.282	0.677	0.742
14	6	58	0.3	0.596	38.375	5.397	0.226	0.258
14	6	55	0.0	0.0	nan	nan	0.0	0.0
14	6	52	0.0	0.0	nan	nan	0.0	0.0
14	6	49	0.0	0.0	nan	nan	0.0	0.0
14	6	46	0.0	0.0	nan	nan	0.0	0.0
14	6	43	0.0	0.0	nan	nan	0.0	0.0
14	6	40	0.0	0.0	nan	nan	0.0	0.0
15	6	97	1.29	0.461	22.161	0.898	1.0	1.0
15	6	94	1.097	0.301	22.613	1.054	1.0	1.0
15	6	91	1.0	0.0	23.968	1.14	1.0	1.0
15	6	88	1.0	0.258	24.8	1.324	0.968	0.968
15	6	85	0.871	0.341	26.519	1.369	0.871	0.871
15	6	82	0.129	0.341	26.0	3.559	0.129	0.129
15	6	79	0.0	0.0	nan	nan	0.0	0.0
15	6	76	0.0	0.0	nan	nan	0.0	0.0
15	6	73	0.0	0.0	nan	nan	0.0	0.0
15	6	70	0.0	0.0	nan	nan	0.0	0.0
15	6	67	0.0	0.0	nan	nan	0.0	0.0
15	6	64	0.0	0.0	nan	nan	0.0	0.0
15	6	61	0.0	0.0	nan	nan	0.0	0.0
15	6	58	0.0	0.0	nan	nan	0.0	0.0
15	6	55	0.0	0.0	nan	nan	0.0	0.0
15	6	52	0.0	0.0	nan	nan	0.0	0.0
15	6	49	0.0	0.0	nan	nan	0.0	0.0
15	6	46	0.0	0.0	nan	nan	0.0	0.0
15	6	43	0.0	0.0	nan	nan	0.0	0.0
15	6	40	0.0	0.0	nan	nan	0.0	0.0
16	6	97	5.452	0.506	15.645	0.709	1.0	1.0
16	6	94	5.258	0.445	16.0	0.365	1.0	1.0
16	6	91	5.0	0.0	16.29	0.739	1.0	1.0
16	6	88	5.0	0.0	16.677	0.653	1.0	1.0
16	6	85	4.871	0.341	17.065	0.772	1.0	1.0
16	6	82	4.323	0.702	17.516	0.811	1.0	1.0
16	6	79	3.871	0.67	18.194	0.833	1.0	1.0
16	6	76	3.613	0.761	18.71	0.902	1.0	1.0
16	6	73	3.0	0.365	19.548	0.888	1.0	1.0
16	6	70	2.903	0.396	20.452	1.312	1.0	1.0
16	6	67	2.71	0.461	21.548	1.06	1.0	1.0
16	6	64	2.581	0.502	22.258	1.612	1.0	1.0
16	6	61	2.161	0.374	24.355	2.09	1.0	1.0
16	6	58	2.0	0.365	25.806	2.151	1.0	1.0
16	6	55	1.774	0.497	28.733	3.483	0.968	0.968
16	6	52	1.25	0.847	32.16	4.11	0.581	0.806
16	6	49	0.448	0.736	35.091	4.158	0.29	0.355
16	6	46	0.0	0.0	nan	nan	0.0	0.0
16	6	43	0.0	0.0	nan	nan	0.0	0.0
16	6	40	0.0	0.0	nan	nan	0.0	0.0
17	6	97	2.0	0.0	19.548	0.768	1.0	1.0
17	6	94	2.0	0.0	20.065	0.574	1.0	1.0
17	6	91	1.968	0.18	20.774	0.56	1.0	1.0
17	6	88	1.774	0.425	21.774	1.023	1.0	1.0
17	6	85	1.355	0.486	22.516	0.811	1.0	1.0
17	6	82	1.129	0.341	23.871	1.544	1.0	1.0
17	6	79	1.033	0.183	26.387	2.591	0.968	1.0
17	6	76	0.433	0.504	27.857	2.931	0.419	0.452
17	6	73	0.032	0.18	28.0	0.0	0.032	0.032
17	6	70	0.0	0.0	nan	nan	0.0	0.0
17	6	67	0.0	0.0	nan	nan	0.0	0.0
17	6	64	0.0	0.0	nan	nan	0.0	0.0
17	6	61	0.0	0.0	nan	nan	0.0	0.0
17	6	58	0.0	0.0	nan	nan	0.0	0.0
17	6	55	0.0	0.0	nan	nan	0.0	0.0
17	6	52	0.0	0.0	nan	nan	0.0	0.0
17	6	49	0.0	0.0	nan	nan	0.0	0.0
17	6	46	0.0	0.0	nan	nan	0.0	0.0
17	6	43	0.0	0.0	nan	nan	0.0	0.0
17	6	40	0.0	0.0	nan	nan	0.0	0.0
18	6	97	3.0	0.0	19.742	0.815	1.0	1.0
18	6	94	3.0	0.258	19.806	0.601	1.0	1.0
18	6	91	2.774	0.425	20.677	0.599	1.0	1.0
18	6	88	2.355	0.486	21.161	0.82	1.0	1.0
18	6	85	2.194	0.402	21.935	0.854	1.0	1.0
18	6	82	2.097	0.301	22.774	1.309	1.0	1.0
18	6	79	1.935	0.359	23.806	1.078	1.0	1.0
18	6	76	1.935	0.25	24.968	0.983	1.0	1.0
18	6	73	1.774	0.497	26.767	2.096	0.968	0.968
18	6	70	1.258	0.514	29.2	2.325	0.968	0.968
18	6	67	0.207	0.412	31.375	3.462	0.194	0.258
18	6	64	0.0	0.0	34.0	0.0	0.0	0.032
18	6	61	0.0	0.0	nan	nan	0.0	0.0
18	6	58	0.0	0.0	nan	nan	0.0	0.0
18	6	55	0.0	0.0	nan	nan	0.0	0.0
18	6	52	0.0	0.0	nan	nan	0.0	0.0
18	6	49	0.0	0.0	nan	nan	0.0	0.0
18	6	46	0.0	0.0	nan	nan	0.0	0.0
18	6	43	0.0	0.0	nan	nan	0.0	0.0
18	6	40	0.0	0.0	nan	nan	0.0	0.0
19	6	97	3.032	0.18	19.71	0.461	1.0	1.0
19	6	94	3.0	0.0	20.065	0.68	1.0	1.0
19	6	91	3.0	0.0	20.548	0.568	1.0	1.0
19	6	88	3.0	0.0	21.194	0.601	1.0	1.0
19	6	85	2.871	0.341	21.935	0.772	1.0	1.0
19	6	82	2.548	0.506	22.871	0.763	1.0	1.0
19	6	79	2.161	0.374	24.161	1.53	1.0	1.0
19	6	76	2.0	0.0	24.903	0.978	1.0	1.0
19	6	73	2.0	0.0	26.548	1.877	1.0	1.0
19	6	70	1.935	0.25	28.0	2.049	1.0	1.0
19	6	67	1.586	0.628	32.241	3.366	0.871	0.935
19	6	64	0.793	0.819	34.556	2.812	0.516	0.581
19	6	61	0.0	0.0	nan	nan	0.0	0.0
19	6	58	0.0	0.0	nan	nan	0.0	0.0
19	6	55	0.0	0.0	nan	nan	0.0	0.0
19	6	52	0.0	0.0	nan	nan	0.0	0.0
19	6	49	0.0	0.0	nan	nan	0.0	0.0
19	6	46	0.0	0.0	nan	nan	0.0	0.0
19	6	43	0.0	0.0	nan	nan	0.0	0.0
19	6	40	0.0	0.0	nan	nan	0.0	0.0
20	6	97	4.839	0.374	17.355	0.661	1.0	1.0
20	6	94	4.645	0.486	17.806	0.654	1.0	1.0
20	6	91	3.71	0.643	18.484	0.677	1.0	1.0
20	6	88	3.29	0.461	18.806	0.703	1.0	1.0
20	6	85	3.097	0.301	19.419	0.765	1.0	1.0
20	6	82	3.0	0.0	20.452	0.888	1.0	1.0
20	6	79	3.0	0.0	21.355	1.561	1.0	1.0
20	6	76	2.774	0.425	22.161	1.241	1.0	1.0
20	6	73	2.355	0.486	23.581	1.336	1.0	1.0
20	6	70	2.065	0.25	25.516	1.546	1.0	1.0
20	6	67	2.0	0.0	27.194	2.197	1.0	1.0
20	6	64	1.774	0.497	30.5	3.298	0.968	0.968
20	6	61	1.345	0.721	33.333	3.385	0.806	0.871
20	6	58	0.111	0.424	36.5	3.937	0.065	0.194
20	6	55	0.0	0.0	nan	nan	0.0	0.0
20	6	52	0.0	0.0	nan	nan	0.0	0.0
20	6	49	0.0	0.0	nan	nan	0.0	0.0
20	6	46	0.0	0.0	nan	nan	0.0	0.0
20	6	43	0.0	0.0	nan	nan	0.0	0.0
20	6	40	0.0	0.0	nan	nan	0.0	0.0
21	6	97	3.0	0.447	18.774	0.617	1.0	1.0
21	6	94	2.613	0.558	19.226	0.762	1.0	1.0
21	6	91	2.129	0.341	19.677	0.702	1.0	1.0
21	6	88	2.032	0.18	20.484	0.626	1.0	1.0
21	6	85	2.0	0.0	20.613	0.803	1.0	1.0
21	6	82	2.032	0.18	21.903	0.831	1.0	1.0
21	6	79	1.839	0.374	22.645	0.985	1.0	1.0
21	6	76	1.516	0.508	23.71	1.216	1.0	1.0
21	6	73	1.161	0.454	25.533	1.889	0.968	0.968
21	6	70	0.935	0.442	27.926	2.074	0.871	0.871
21	6	67	0.172	0.468	31.667	4.179	0.129	0.194
21	6	64	0.0	0.0	nan	nan	0.0	0.0
21	6	61	0.0	0.0	nan	nan	0.0	0.0
21	6	58	0.0	0.0	nan	nan	0.0	0.0
21	6	55	0.0	0.0	nan	nan	0.0	0.0
21	6	52	0.0	0.0	nan	nan	0.0	0.0
21	6	49	0.0	0.0	nan	nan	0.0	0.0
21	6	46	0.0	0.0	nan	nan	0.0	0.0
21	6	43	0.0	0.0	nan	nan	0.0	0.0
21	6	40	0.0	0.0	nan	nan	0.0	0.0
22	6	97	2.065	0.25	20.194	0.703	1.0	1.0
22	6	94	2.032	0.18	20.903	0.651	1.0	1.0
22	6	91	2.0	0.0	21.613	0.667	1.0	1.0
22	6	88	2.0	0.0	22.161	0.583	1.0	1.0
22	6	85	1.871	0.341	23.29	0.902	1.0	1.0
22	6	82	1.677	0.475	24.452	1.06	1.0	1.0
22	6	79	1.29	0.461	25.581	1.566	1.0	1.0
22	6	76	0.968	0.407	28.429	2.821	0.903	0.903
22	6	73	0.4	0.498	29.462	2.727	0.387	0.419
22	6	70	0.032	0.18	34.0	0.0	0.032	0.032
22	6	67	0.0	0.0	nan	nan	0.0	0.0
22	6	64	0.0	0.0	nan	nan	0.0	0.0
22	6	61	0.0	0.0	nan	nan	0.0	0.0
22	6	58	0.0	0.0	nan	nan	0.0	0.0
22	6	55	0.0	0.0	nan	nan	0.0	0.0
22	6	52	0.0	0.0	nan	nan	0.0	0.0
22	6	49	0.0	0.0	nan	nan	0.0	0.0
22	6	46	0.0	0.0	nan	nan	0.0	0.0
22	6	43	0.0	0.0	nan	nan	0.0	0.0
22	6	40	0.0	0.0	nan	nan	0.0	0.0
23	6	97	3.032	0.18	19.839	0.638	1.0	1.0
23	6	94	2.968	0.18	20.258	0.773	1.0	1.0
23	6	91	2.742	0.445	20.742	0.729	1.0	1.0
23	6	88	2.258	0.445	21.387	0.715	1.0	1.0
23	6	85	2.323	0.475	22.097	0.79	1.0	1.0
23	6	82	2.065	0.25	22.839	0.82	1.0	1.0
23	6	79	1.968	0.18	24.419	1.025	1.0	1.0
23	6	76	1.767	0.43	25.935	1.931	0.968	1.0
23	6	73	1.379	0.622	28.655	3.792	0.871	0.935
23	6	70	0.444	0.577	31.467	4.155	0.355	0.484
23	6	67	0.129	0.428	32.0	1.0	0.097	0.097
23	6	64	0.0	0.0	nan	nan	0.0	0.0
23	6	61	0.0	0.0	nan	nan	0.0	0.0
23	6	58	0.0	0.0	nan	nan	0.0	0.0
23	6	55	0.0	0.0	nan	nan	0.0	0.0
23	6	52	0.0	0.0	nan	nan	0.0	0.0
23	6	49	0.0	0.0	nan	nan	0.0	0.0
23	6	46	0.0	0.0	nan	nan	0.0	0.0
23	6	43	0.0	0.0	nan	nan	0.0	0.0
23	6	40	0.0	0.0	nan	nan	0.0	0.0
24	6	97	3.968	0.18	19.516	0.724	1.0	1.0
24	6	94	3.581	0.502	19.677	0.599	1.0	1.0
24	6	91	3.258	0.445	20.097	0.597	1.0	1.0
24	6	88	3.032	0.18	20.581	0.62	1.0	1.0
24	6	85	3.0	0.0	21.355	0.755	1.0	1.0
24	6	82	3.0	0.0	22.161	0.898	1.0	1.0
24	6	79	3.0	0.0	23.032	0.948	1.0	1.0
24	6	76	2.871	0.341	24.355	1.561	1.0	1.0
24	6	73	2.258	0.445	25.419	1.336	1.0	1.0
24	6	70	2.065	0.25	27.677	1.72	1.0	1.0
24	6	67	2.0	0.0	28.871	1.784	1.0	1.0
24	6	64	1.419	0.62	33.793	3.658	0.935	0.935
24	6	61	0.214	0.418	38.556	2.877	0.194	0.29
24	6	58	0.0	0.0	nan	nan	0.0	0.0
24	6	55	0.0	0.0	nan	nan	0.0	0.0
24	6	52	0.0	0.0	nan	nan	0.0	0.0
24	6	49	0.0	0.0	nan	nan	0.0	0.0
24	6	46	0.0	0.0	nan	nan	0.0	0.0
24	6	43	0.0	0.0	nan	nan	0.0	0.0
24	6	40	0.0	0.0	nan	nan	0.0	0.0
25	6	97	5.0	0.0	15.935	0.512	1.0	1.0
25	6	94	4.935	0.25	16.452	0.723	1.0	1.0
25	6	91	4.677	0.475	16.581	0.564	1.0	1.0
25	6	88	4.387	0.495	16.968	0.706	1.0	1.0
25	6	85	3.968	0.605	17.903	0.651	1.0	1.0
25	6	82	3.645	0.486	18.129	0.67	1.0	1.0
25	6	79	3.065	0.25	19.032	0.605	1.0	1.0
25	6	76	3.0	0.0	19.677	1.013	1.0	1.0
25	6	73	2.806	0.402	20.806	1.078	1.0	1.0
25	6	70	2.516	0.508	22.161	1.267	1.0	1.0
25	6	67	2.097	0.301	23.323	1.326	1.0	1.0
25	6	64	2.0	0.0	24.806	1.579	1.0	1.0
25	6	61	1.935	0.25	28.226	3.106	1.0	1.0
25	6	58	1.586	0.568	33.5	4.776	0.903	0.968
25	6	55	0.167	0.461	36.0	4.743	0.129	0.161
25	6	52	0.0	0.0	nan	nan	0.0	0.0
25	6	49	0.0	0.0	nan	nan	0.0	0.0
25	6	46	0.0	0.0	nan	nan	0.0	0.0
25	6	43	0.0	0.0	nan	nan	0.0	0.0
25	6	40	0.0	0.0	nan	nan	0.0	0.0
26	6	97	3.0	0.516	18.871	0.562	1.0	1.0
26	6	94	2.516	0.508	19.226	0.497	1.0	1.0
26	6	91	2.226	0.425	19.677	0.871	1.0	1.0
26	6	88	2.161	0.374	20.548	0.81	1.0	1.0
26	6	85	2.0	0.0	21.516	0.769	1.0	1.0
26	6	82	2.0	0.0	21.774	0.99	1.0	1.0
26	6	79	1.903	0.301	22.677	0.979	1.0	1.0
26	6	76	1.548	0.506	24.032	1.14	1.0	1.0
26	6	73	1.323	0.475	25.484	1.48	1.0	1.0
26	6	70	0.793	0.559	28.217	3.029	0.677	0.742
26	6	67	0.286	0.46	32.091	3.7	0.258	0.355
26	6	64	0.0	0.0	nan	nan	0.0	0.0
26	6	61	0.0	0.0	nan	nan	0.0	0.0
26	6	58	0.0	0.0	nan	nan	0.0	0.0
26	6	55	0.0	0.0	nan	nan	0.0	0.0
26	6	52	0.0	0.0	nan	nan	0.0	0.0
26	6	49	0.0	0.0	nan	nan	0.0	0.0
26	6	46	0.0	0.0	nan	nan	0.0	0.0
26	6	43	0.0	0.0	nan	nan	0.0	0.0
26	6	40	0.0	0.0	nan	nan	0.0	0.0
27	6	97	3.29	0.461	18.419	0.672	1.0	1.0
27	6	94	3.129	0.341	18.935	0.574	1.0	1.0
27	6	91	3.065	0.359	19.194	1.078	1.0	1.0
27	6	88	2.613	0.495	20.097	1.012	1.0	1.0
27	6	85	2.194	0.402	20.903	0.87	1.0	1.0
27	6	82	2.129	0.341	22.226	1.023	1.0	1.0
27	6	79	2.032	0.18	23.387	1.054	1.0	1.0
27	6	76	2.0	0.0	24.29	1.792	1.0	1.0
27	6	73	2.0	0.0	26.903	2.329	0.968	1.0
27	6	70	1.714	0.46	30.548	3.828	0.903	1.0
27	6	67	0.519	0.753	34.429	3.322	0.323	0.452
27	6	64	0.0	0.0	37.0	0.0	0.0	0.032
27	6	61	0.0	0.0	nan	nan	0.0	0.0
27	6	58	0.0	0.0	nan	nan	0.0	0.0
27	6	55	0.0	0.0	nan	nan	0.0	0.0
27	6	52	0.0	0.0	nan	nan	0.0	0.0
27	6	49	0.0	0.0	nan	nan	0.0	0.0
27	6	46	0.0	0.0	nan	nan	0.0	0.0
27	6	43	0.0	0.0	nan	nan	0.0	0.0
27	6	40	0.0	0.0	nan	nan	0.0	0.0
28	6	97	3.0	0.0	19.581	0.564	1.0	1.0
28	6	94	3.0	0.0	19.935	0.68	1.0	1.0
28	6	91	2.677	0.475	20.774	0.717	1.0	1.0
28	6	88	2.355	0.486	21.129	0.806	1.0	1.0
28	6	85	2.032	0.18	21.871	0.763	1.0	1.0
28	6	82	2.032	0.18	22.774	0.99	1.0	1.0
28	6	79	2.0	0.0	23.484	0.926	1.0	1.0
28	6	76	2.0	0.0	25.484	1.208	1.0	1.0
28	6	73	1.968	0.18	26.194	1.621	1.0	1.0
28	6	70	1.677	0.541	27.9	1.882	0.968	0.968
28	6	67	1.071	0.663	31.308	2.665	0.742	0.839
28	6	64	0.25	0.585	34.25	2.605	0.161	0.258
28	6	61	0.0	0.0	nan	nan	0.0	0.0
28	6	58	0.0	0.0	nan	nan	0.0	0.0
28	6	55	0.0	0.0	nan	nan	0.0	0.0
28	6	52	0.0	0.0	nan	nan	0.0	0.0
28	6	49	0.0	0.0	nan	nan	0.0	0.0
28	6	46	0.0	0.0	nan	nan	0.0	0.0
28	6	43	0.0	0.0	nan	nan	0.0	0.0
28	6	40	0.0	0.0	nan	nan	0.0	0.0
29	6	97	4.258	0.575	17.516	0.626	1.0	1.0
29	6	94	3.742	0.631	18.194	0.543	1.0	1.0
29	6	91	3.29	0.461	18.548	0.624	1.0	1.0
29	6	88	3.065	0.359	18.742	0.631	1.0	1.0
29	6	85	3.0	0.0	19.226	0.717	1.0	1.0
29	6	82	2.774	0.425	20.0	0.73	1.0	1.0
29	6	79	2.387	0.495	21.032	0.948	1.0	1.0
29	6	76	2.129	0.341	21.452	0.85	1.0	1.0
29	6	73	2.032	0.315	22.419	1.285	1.0	1.0
29	6	70	1.968	0.18	23.484	1.208	1.0	1.0
29	6	67	1.774	0.497	25.1	1.583	0.968	0.968
29	6	64	1.333	0.711	26.667	2.201	0.839	0.871
29	6	61	0.724	0.797	29.0	3.464	0.484	0.548
29	6	58	0.214	0.418	33.444	4.475	0.194	0.29
29	6	55	0.0	0.0	nan	nan	0.0	0.0
29	6	52	0.0	0.0	nan	nan	0.0	0.0
29	6	49	0.0	0.0	nan	nan	0.0	0.0
29	6	46	0.0	0.0	nan	nan	0.0	0.0
29	6	43	0.0	0.0	nan	nan	0.0	0.0
29	6	40	0.0	0.0	nan	nan	0.0	0.0
30	6	97	3.0	0.0	20.226	0.717	1.0	1.0
30	6	94	2.871	0.341	21.0	0.816	1.0	1.0
30	6	91	2.677	0.475	21.419	0.886	1.0	1.0
30	6	88	2.258	0.445	22.097	0.87	1.0	1.0
30	6	85	2.097	0.301	22.645	0.95	1.0	1.0
30	6	82	2.0	0.0	23.419	0.992	1.0	1.0
30	6	79	2.0	0.0	24.806	1.046	1.0	1.0
30	6	76	2.0	0.0	26.581	1.911	1.0	1.0
30	6	73	1.867	0.346	28.484	2.827	0.968	1.0
30	6	70	1.8	0.408	31.774	3.095	0.806	1.0
30	6	67	1.059	0.827	34.423	3.202	0.387	0.839
30	6	64	0.0	0.0	36.5	2.121	0.0	0.065
30	6	61	0.0	0.0	nan	nan	0.0	0.0
30	6	58	0.0	0.0	nan	nan	0.0	0.0
30	6	55	0.0	0.0	nan	nan	0.0	0.0
30	6	52	0.0	0.0	nan	nan	0.0	0.0
30	6	49	0.0	0.0	nan	nan	0.0	0.0
30	6	46	0.0	0.0	nan	nan	0.0	0.0
30	6	43	0.0	0.0	nan	nan	0.0	0.0
30	6	40	0.0	0.0	nan	nan	0.0	0.0
31	6	97	4.419	0.62	17.935	0.629	1.0	1.0
31	6	94	3.806	0.792	18.452	0.568	1.0	1.0
31	6	91	3.355	0.551	18.774	0.884	1.0	1.0
31	6	88	3.097	0.301	19.258	0.773	1.0	1.0
31	6	85	3.0	0.0	19.968	0.547	1.0	1.0
31	6	82	3.032	0.18	20.355	0.798	1.0	1.0
31	6	79	2.839	0.374	21.387	0.844	1.0	1.0
31	6	76	2.323	0.475	22.903	0.978	1.0	1.0
31	6	73	2.129	0.341	23.419	2.391	1.0	1.0
31	6	70	2.0	0.0	25.71	1.97	1.0	1.0
31	6	67	1.967	0.183	28.71	3.09	0.968	1.0
31	6	64	1.593	0.501	33.355	4.029	0.871	1.0
31	6	61	0.552	0.783	37.462	4.115	0.355	0.419
31	6	58	0.0	0.0	nan	nan	0.0	0.0
31	6	55	0.0	0.0	nan	nan	0.0	0.0
31	6	52	0.0	0.0	nan	nan	0.0	0.0
31	6	49	0.0	0.0	nan	nan	0.0	0.0
31	6	46	0.0	0.0	nan	nan	0.0	0.0
31	6	43	0.0	0.0	nan	nan	0.0	0.0
31	6	40	0.0	0.0	nan	nan	0.0	0.0
0	7	97	2.097	0.301	21.258	0.729	1.0	1.0
0	7	94	2.0	0.0	21.71	0.864	1.0	1.0
0	7	91	2.0	0.0	22.355	0.915	1.0	1.0
0	7	88	1.871	0.341	23.613	1.022	1.0	1.0
0	7	85	1.71	0.461	24.742	1.29	1.0	1.0
0	7	82	1.29	0.461	25.806	1.302	1.0	1.0
0	7	79	1.129	0.428	28.433	1.906	0.968	0.968
0	7	76	0.483	0.574	30.067	2.764	0.419	0.484
0	7	73	0.0	0.0	nan	nan	0.0	0.0
0	7	70	0.0	0.0	nan	nan	0.0	0.0
0	7	67	0.0	0.0	nan	nan	0.0	0.0
0	7	64	0.0	0.0	nan	nan	0.0	0.0
0	7	61	0.0	0.0	nan	nan	0.0	0.0
0	7	58	0.0	0.0	nan	nan	0.0	0.0
0	7	55	0.0	0.0	nan	nan	0.0	0.0
0	7	52	0.0	0.0	nan	nan	0.0	0.0
0	7	49	0.0	0.0	nan	nan	0.0	0.0
0	7	46	0.0	0.0	nan	nan	0.0	0.0
0	7	43	0.0	0.0	nan	nan	0.0	0.0
0	7	40	0.0	0.0	nan	nan	0.0	0.0
1	7	97	3.935	0.25	20.161	0.638	1.0	1.0
1	7	94	3.903	0.301	20.645	0.551	1.0	1.0
1	7	91	3.613	0.495	21.129	0.718	1.0	1.0
1	7	88	3.258	0.445	21.323	0.871	1.0	1.0
1	7	85	2.968	0.18	22.484	1.18	1.0	1.0
1	7	82	3.0	0.0	23.097	0.87	1.0	1.0
1	7	79	2.935	0.25	23.71	0.739	1.0	1.0
1	7	76	2.677	0.475	24.839	1.241	1.0	1.0
1	7	73	2.226	0.425	25.968	1.329	1.0	1.0
1	7	70	2.065	0.25	27.742	2.144	1.0	1.0
1	7	67	1.867	0.507	30.633	3.577	0.935	0.968
1	7	64	1.393	0.786	33.192	3.137	0.742	0.839
1	7	61	0.818	0.853	36.524	3.172	0.387	0.677
1	7	58	0.0	0.0	nan	nan	0.0	0.0
1	7	55	0.0	0.0	nan	nan	0.0	0.0
1	7	52	0.0	0.0	nan	nan	0.0	0.0
1	7	49	0.0	0.0	nan	nan	0.0	0.0
1	7	46	0.0	0.0	nan	nan	0.0	0.0
1	7	43	0.0	0.0	nan	nan	0.0	0.0
1	7	40	0.0	0.0	nan	nan	0.0	0.0
2	7	97	1.903	0.301	21.29	0.643	1.0	1.0
2	7	94	1.677	0.475	21.742	0.815	1.0	1.0
2	7	91	1.323	0.475	23.0	1.342	1.0	1.0
2	7	88	1.129	0.341	23.452	1.15	1.0	1.0
2	7	85	1.0	0.0	25.613	1.687	1.0	1.0
2	7	82	0.71	0.461	28.045	2.645	0.71	0.71
2	7	79	0.258	0.445	28.625	1.996	0.258	0.258
2	7	76	0.0	0.0	nan	nan	0.0	0.0
2	7	73	0.0	0.0	nan	nan	0.0	0.0
2	7	70	0.0	0.0	nan	nan	0.0	0.0
2	7	67	0.0	0.0	nan	nan	0.0	0.0
2	7	64	0.0	0.0	nan	nan	0.0	0.0
2	7	61	0.0	0.0	nan	nan	0.0	0.0
2	7	58	0.0	0.0	nan	nan	0.0	0.0
2	7	55	0.0	0.0	nan	nan	0.0	0.0
2	7	52	0.0	0.0	nan	nan	0.0	0.0
2	7	49	0.0	0.0	nan	nan	0.0	0.0
2	7	46	0.0	0.0	nan	nan	0.0	0.0
2	7	43	0.0	0.0	nan	nan	0.0	0.0
2	7	40	0.0	0.0	nan	nan	0.0	0.0
3	7	97	2.0	0.0	19.516	0.677	1.0	1.0
3	7	94	2.0	0.0	20.548	0.85	1.0	1.0
3	7	91	2.0	0.0	21.0	0.816	1.0	1.0
3	7	88	1.968	0.18	21.613	0.919	1.0	1.0
3	7	85	1.774	0.425	22.774	1.146	1.0	1.0
3	7	82	1.419	0.564	24.194	2.272	1.0	1.0
3	7	79	1.032	0.18	25.839	1.828	1.0	1.0
3	7	76	0.833	0.379	28.346	2.513	0.806	0.839
3	7	73	0.586	0.501	30.737	2.023	0.548	0.613
3	7	70	0.033	0.183	33.5	3.536	0.032	0.065
3	7	67	0.0	0.0	nan	nan	0.0	0.0
3	7	64	0.0	0.0	nan	nan	0.0	0.0
3	7	61	0.0	0.0	nan	nan	0.0	0.0
3	7	58	0.0	0.0	nan	nan	0.0	0.0
3	7	55	0.0	0.0	nan	nan	0.0	0.0
3	7	52	0.0	0.0	nan	nan	0.0	0.0
3	7	49	0.0	0.0	nan	nan	0.0	0.0
3	7	46	0.0	0.0	nan	nan	0.0	0.0
3	7	43	0.0	0.0	nan	nan	0.0	0.0
3	7	40	0.0	0.0	nan	nan	0.0	0.0
4	7	97	2.677	0.475	21.0	0.632	1.0	1.0
4	7	94	2.258	0.445	21.677	0.599	1.0	1.0
4	7	91	2.065	0.25	22.387	0.955	1.0	1.0
4	7	88	2.0	0.0	23.258	0.965	1.0	1.0
4	7	85	2.0	0.0	24.323	1.077	1.0	1.0
4	7	82	1.871	0.341	25.226	1.23	1.0	1.0
4	7	79	1.548	0.506	26.645	1.854	1.0	1.0
4	7	76	1.333	0.547	29.367	2.282	0.935	0.968
4	7	73	0.655	0.553	31.8	2.587	0.581	0.645
4	7	70	0.0	0.0	35.5	0.707	0.0	0.065
4	7	67	0.0	0.0	nan	nan	0.0	0.0
4	7	64	0.0	0.0	nan	nan	0.0	0.0
4	7	61	0.0	0.0	nan	nan	0.0	0.0
4	7	58	0.0	0.0	nan	nan	0.0	0.0
4	7	55	0.0	0.0	nan	nan	0.0	0.0
4	7	52	0.0	0.0	nan	nan	0.0	0.0
4	7	49	0.0	0.0	nan	nan	0.0	0.0
4	7	46	0.0	0.0	nan	nan	0.0	0.0
4	7	43	0.0	0.0	nan	nan	0.0	0.0
4	7	40	0.0	0.0	nan	nan	0.0	0.0
5	7	97	2.161	0.374	21.742	0.729	1.0	1.0
5	7	94	2.032	0.18	22.355	1.305	1.0	1.0
5	7	91	2.0	0.0	23.71	1.395	1.0	1.0
5	7	88	1.968	0.315	24.484	1.092	1.0	1.0
5	7	85	1.71	0.461	25.323	1.194	1.0	1.0
5	7	82	1.4	0.563	27.033	1.903	0.935	0.968
5	7	79	0.483	0.634	30.357	2.56	0.387	0.452
5	7	76	0.067	0.254	32.333	4.163	0.065	0.097
5	7	73	0.0	0.0	nan	nan	0.0	0.0
5	7	70	0.0	0.0	nan	nan	0.0	0.0
5	7	67	0.0	0.0	nan	nan	0.0	0.0
5	7	64	0.0	0.0	nan	nan	0.0	0.0
5	7	61	0.0	0.0	nan	nan	0.0	0.0
5	7	58	0.0	0.0	nan	nan	0.0	0.0
5	7	55	0.0	0.0	nan	nan	0.0	0.0
5	7	52	0.0	0.0	nan	nan	0.0	0.0
5	7	49	0.0	0.0	nan	nan	0.0	0.0
5	7	46	0.0	0.0	nan	nan	0.0	0.0
5	7	43	0.0	0.0	nan	nan	0.0	0.0
5	7	40	0.0	0.0	nan	nan	0.0	0.0
6	7	97	3.065	0.25	21.516	1.029	1.0	1.0
6	7	94	3.0	0.0	22.0	0.856	1.0	1.0
6	7	91	2.968	0.18	22.774	0.845	1.0	1.0
6	7	88	2.968	0.18	23.742	0.999	1.0	1.0
6	7	85	2.806	0.402	24.226	1.203	1.0	1.0
6	7	82	2.355	0.486	25.355	0.877	1.0	1.0
6	7	79	2.032	0.315	27.226	2.334	1.0	1.0
6	7	76	2.0	0.0	28.226	2.061	1.0	1.0
6	7	73	1.903	0.301	30.258	2.113	1.0	1.0
6	7	70	1.429	0.742	33.704	2.826	0.774	0.871
6	7	67	0.667	0.877	36.133	4.274	0.355	0.484
6	7	64	0.0	0.0	nan	nan	0.0	0.0
6	7	61	0.0	0.0	nan	nan	0.0	0.0
6	7	58	0.0	0.0	nan	nan	0.0	0.0
6	7	55	0.0	0.0	nan	nan	0.0	0.0
6	7	52	0.0	0.0	nan	nan	0.0	0.0
6	7	49	0.0	0.0	nan	nan	0.0	0.0
6	7	46	0.0	0.0	nan	nan	0.0	0.0
6	7	43	0.0	0.0	nan	nan	0.0	0.0
6	7	40	0.0	0.0	nan	nan	0.0	0.0
7	7	97	2.839	0.374	20.613	0.558	1.0	1.0
7	7	94	2.645	0.486	21.097	0.651	1.0	1.0
7	7	91	2.29	0.461	21.613	0.919	1.0	1.0
7	7	88	2.0	0.258	22.677	1.013	1.0	1.0
7	7	85	2.0	0.0	23.677	1.107	1.0	1.0
7	7	82	2.0	0.0	24.516	1.61	1.0	1.0
7	7	79	1.742	0.445	25.742	1.751	1.0	1.0
7	7	76	1.548	0.568	27.233	1.96	0.968	0.968
7	7	73	1.172	0.759	30.8	2.93	0.742	0.806
7	7	70	0.414	0.682	30.909	2.982	0.29	0.355
7	7	67	0.032	0.18	31.0	0.0	0.032	0.032
7	7	64	0.0	0.0	nan	nan	0.0	0.0
7	7	61	0.0	0.0	nan	nan	0.0	0.0
7	7	58	0.0	0.0	nan	nan	0.0	0.0
7	7	55	0.0	0.0	nan	nan	0.0	0.0
7	7	52	0.0	0.0	nan	nan	0.0	0.0
7	7	49	0.0	0.0	nan	nan	0.0	0.0
7	7	46	0.0	0.0	nan	nan	0.0	0.0
7	7	43	0.0	0.0	nan	nan	0.0	0.0
7	7	40	0.0	0.0	nan	nan	0.0	0.0
8	7	97	4.806	0.402	15.097	0.473	1.0	1.0
8	7	94	4.516	0.508	15.645	0.608	1.0	1.0
8	7	91	4.194	0.402	15.871	0.718	1.0	1.0
8	7	88	3.968	0.18	16.452	0.888	1.0	1.0
8	7	85	3.968	0.18	16.742	0.682	1.0	1.0
8	7	82	3.806	0.477	17.677	1.107	1.0	1.0
8	7	79	3.71	0.529	17.903	0.746	1.0	1.0
8	7	76	2.968	0.706	18.419	0.672	1.0	1.0
8	7	73	2.323	0.475	19.548	1.15	1.0	1.0
8	7	70	2.065	0.25	20.516	1.092	1.0	1.0
8	7	67	2.0	0.0	22.194	1.352	1.0	1.0
8	7	64	1.968	0.315	23.452	2.047	1.0	1.0
8	7	61	1.742	0.445	26.452	3.863	1.0	1.0
8	7	58	1.571	0.504	29.258	3.0	0.903	1.0
8	7	55	0.103	0.31	34.0	2.739	0.097	0.161
8	7	52	0.0	0.0	nan	nan	0.0	0.0
8	7	49	0.0	0.0	nan	nan	0.0	0.0
8	7	46	0.0	0.0	nan	nan	0.0	0.0
8	7	43	0.0	0.0	nan	nan	0.0	0.0
8	7	40	0.0	0.0	nan	nan	0.0	0.0
9	7	97	3.387	0.495	18.516	0.677	1.0	1.0
9	7	94	3.129	0.341	18.903	0.473	1.0	1.0
9	7	91	3.065	0.25	19.258	0.773	1.0	1.0
9	7	88	3.0	0.258	20.065	0.772	1.0	1.0
9	7	85	2.677	0.475	20.839	0.86	1.0	1.0
9	7	82	2.226	0.425	21.355	1.142	1.0	1.0
9	7	79	2.065	0.25	22.903	1.3	1.0	1.0
9	7	76	2.0	0.0	24.0	1.317	1.0	1.0
9	7	73	1.968	0.18	25.645	2.138	1.0	1.0
9	7	70	1.742	0.445	26.387	1.82	1.0	1.0
9	7	67	1.179	0.723	30.731	3.281	0.742	0.839
9	7	64	0.08	0.277	36.0	8.519	0.065	0.258
9	7	61	0.0	0.0	nan	nan	0.0	0.0
9	7	58	0.0	0.0	nan	nan	0.0	0.0
9	7	55	0.0	0.0	nan	nan	0.0	0.0
9	7	52	0.0	0.0	nan	nan	0.0	0.0
9	7	49	0.0	0.0	nan	nan	0.0	0.0
9	7	46	0.0	0.0	nan	nan	0.0	0.0
9	7	43	0.0	0.0	nan	nan	0.0	0.0
9	7	40	0.0	0.0	nan	nan	0.0	0.0
10	7	97	2.0	0.0	19.968	0.605	1.0	1.0
10	7	94	2.032	0.18	20.323	0.871	1.0	1.0
10	7	91	2.0	0.0	21.29	0.693	1.0	1.0
10	7	88	1.871	0.341	21.871	0.846	1.0	1.0
10	7	85	1.516	0.508	22.71	1.189	1.0	1.0
10	7	82	1.355	0.486	23.935	1.315	1.0	1.0
10	7	79	1.0	0.258	25.6	1.476	0.968	0.968
10	7	76	0.871	0.341	26.704	2.267	0.871	0.871
10	7	73	0.226	0.425	28.714	2.059	0.226	0.226
10	7	70	0.0	0.0	nan	nan	0.0	0.0
10	7	67	0.0	0.0	nan	nan	0.0	0.0
10	7	64	0.0	0.0	nan	nan	0.0	0.0
10	7	61	0.0	0.0	nan	nan	0.0	0.0
10	7	58	0.0	0.0	nan	nan	0.0	0.0
10	7	55	0.0	0.0	nan	nan	0.0	0.0
10	7	52	0.0	0.0	nan	nan	0.0	0.0
10	7	49	0.0	0.0	nan	nan	0.0	0.0
10	7	46	0.0	0.0	nan	nan	0.0	0.0
10	7	43	0.0	0.0	nan	nan	0.0	0.0
10	7	40	0.0	0.0	nan	nan	0.0	0.0
11	7	97	2.194	0.402	20.516	0.57	1.0	1.0
11	7	94	2.032	0.18	21.032	0.752	1.0	1.0
11	7	91	2.0	0.0	21.677	0.791	1.0	1.0
11	7	88	2.0	0.0	22.677	1.045	1.0	1.0
11	7	85	2.0	0.0	23.226	0.92	1.0	1.0
11	7	82	1.968	0.18	24.581	0.992	1.0	1.0
11	7	79	1.871	0.341	25.484	0.962	1.0	1.0
11	7	76	1.355	0.486	27.065	1.843	1.0	1.0
11	7	73	1.133	0.346	29.129	2.473	0.968	1.0
11	7	70	0.483	0.574	30.8	2.455	0.419	0.484
11	7	67	0.069	0.258	34.5	3.873	0.065	0.129
11	7	64	0.0	0.0	nan	nan	0.0	0.0
11	7	61	0.0	0.0	nan	nan	0.0	0.0
11	7	58	0.0	0.0	nan	nan	0.0	0.0
11	7	55	0.0	0.0	nan	nan	0.0	0.0
11	7	52	0.0	0.0	nan	nan	0.0	0.0
11	7	49	0.0	0.0	nan	nan	0.0	0.0
11	7	46	0.0	0.0	nan	nan	0.0	0.0
11	7	43	0.0	0.0	nan	nan	0.0	0.0
11	7	40	0.0	0.0	nan	nan	0.0	0.0
12	7	97	3.0	0.0	20.484	0.57	1.0	1.0
12	7	94	3.0	0.0	20.935	0.892	1.0	1.0
12	7	91	2.968	0.18	21.839	0.583	1.0	1.0
12	7	88	2.839	0.374	22.742	0.893	1.0	1.0
12	7	85	2.516	0.508	23.516	0.996	1.0	1.0
12	7	82	2.097	0.301	24.645	1.082	1.0	1.0
12	7	79	2.0	0.0	25.968	1.581	1.0	1.0
12	7	76	1.968	0.18	27.387	1.174	1.0	1.0
12	7	73	1.8	0.484	31.7	2.493	0.935	0.968
12	7	70	1.0	0.877	34.286	3.258	0.548	0.677
12	7	67	0.0	0.0	39.333	3.786	0.0	0.097
12	7	64	0.0	0.0	nan	nan	0.0	0.0
12	7	61	0.0	0.0	nan	nan	0.0	0.0
12	7	58	0.0	0.0	nan	nan	0.0	0.0
12	7	55	0.0	0.0	nan	nan	0.0	0.0
12	7	52	0.0	0.0	nan	nan	0.0	0.0
12	7	49	0.0	0.0	nan	nan	0.0	0.0
12	7	46	0.0	0.0	nan	nan	0.0	0.0
12	7	43	0.0	0.0	nan	nan	0.0	0.0
12	7	40	0.0	0.0	nan	nan	0.0	0.0
13	7	97	2.065	0.25	21.645	0.839	1.0	1.0
13	7	94	2.0	0.0	22.323	1.077	1.0	1.0
13	7	91	1.968	0.18	23.0	0.894	1.0	1.0
13	7	88	1.742	0.445	24.258	1.064	1.0	1.0
13	7	85	1.387	0.495	26.258	2.309	1.0	1.0
13	7	82	1.0	0.447	28.143	2.563	0.903	0.903
13	7	79	0.333	0.661	30.375	3.021	0.226	0.258
13	7	76	0.0	0.0	34.0	0.0	0.0	0.032
13	7	73	0.0	0.0	nan	nan	0.0	0.0
13	7	70	0.0	0.0	nan	nan	0.0	0.0
13	7	67	0.0	0.0	nan	nan	0.0	0.0
13	7	64	0.0	0.0	nan	nan	0.0	0.0
13	7	61	0.0	0.0	nan	nan	0.0	0.0
13	7	58	0.0	0.0	nan	nan	0.0	0.0
13	7	55	0.0	0.0	nan	nan	0.0	0.0
13	7	52	0.0	0.0	nan	nan	0.0	0.0
13	7	49	0.0	0.0	nan	nan	0.0	0.0
13	7	46	0.0	0.0	nan	nan	0.0	0.0
13	7	43	0.0	0.0	nan	nan	0.0	0.0
13	7	40	0.0	0.0	nan	nan	0.0	0.0
14	7	97	3.065	0.25	19.355	0.608	1.0	1.0
14	7	94	3.032	0.18	19.806	0.833	1.0	1.0
14	7	91	3.0	0.0	20.194	0.543	1.0	1.0
14	7	88	2.871	0.341	21.065	0.68	1.0	1.0
14	7	85	2.581	0.502	21.806	0.873	1.0	1.0
14	7	82	2.097	0.301	22.742	1.094	1.0	1.0
14	7	79	2.065	0.25	23.839	0.969	1.0	1.0
14	7	76	2.0	0.0	24.774	1.175	1.0	1.0
14	7	73	2.0	0.0	27.0	2.082	1.0	1.0
14	7	70	1.967	0.183	29.161	2.684	0.968	1.0
14	7	67	1.185	0.879	32.826	3.857	0.613	0.742
14	7	64	0.269	0.604	36.0	3.162	0.161	0.323
14	7	61	0.0	0.0	nan	nan	0.0	0.0
14	7	58	0.0	0.0	nan	nan	0.0	0.0
14	7	55	0.0	0.0	nan	nan	0.0	0.0
14	7	52	0.0	0.0	nan	nan	0.0	0.0
14	7	49	0.0	0.0	nan	nan	0.0	0.0
14	7	46	0.0	0.0	nan	nan	0.0	0.0
14	7	43	0.0	0.0	nan	nan	0.0	0.0
14	7	40	0.0	0.0	nan	nan	0.0	0.0
15	7	97	4.161	0.583	17.097	0.746	1.0	1.0
15	7	94	3.968	0.547	17.484	0.677	1.0	1.0
15	7	91	3.581	0.564	18.097	0.7	1.0	1.0
15	7	88	3.355	0.486	18.452	0.925	1.0	1.0
15	7	85	2.935	0.442	19.0	0.966	1.0	1.0
15	7	82	2.677	0.475	19.677	0.871	1.0	1.0
15	7	79	2.419	0.502	20.258	0.815	1.0	1.0
15	7	76	2.161	0.374	20.613	1.086	1.0	1.0
15	7	73	2.032	0.18	22.032	1.016	1.0	1.0
15	7	70	1.968	0.18	22.452	1.48	1.0	1.0
15	7	67	1.871	0.341	24.226	1.543	1.0	1.0
15	7	64	1.467	0.507	26.516	2.631	0.968	1.0
15	7	61	1.034	0.68	28.44	3.927	0.742	0.806
15	7	58	0.167	0.379	31.667	3.83	0.161	0.194
15	7	55	0.0	0.0	nan	nan	0.0	0.0
15	7	52	0.0	0.0	nan	nan	0.0	0.0
15	7	49	0.0	0.0	nan	nan	0.0	0.0
15	7	46	0.0	0.0	nan	nan	0.0	0.0
15	7	43	0.0	0.0	nan	nan	0.0	0.0
15	7	40	0.0	0.0	nan	nan	0.0	0.0
16	7	97	4.097	0.301	19.065	0.727	1.0	1.0
16	7	94	3.774	0.497	19.71	0.739	1.0	1.0
16	7	91	3.484	0.508	20.258	0.682	1.0	1.0
16	7	88	3.355	0.486	20.484	0.677	1.0	1.0
16	7	85	3.065	0.25	21.581	0.848	1.0	1.0
16	7	82	3.032	0.18	22.032	0.948	1.0	1.0
16	7	79	2.871	0.341	22.774	0.845	1.0	1.0
16	7	76	2.613	0.495	23.871	1.024	1.0	1.0
16	7	73	2.387	0.495	24.484	1.092	1.0	1.0
16	7	70	2.097	0.301	26.419	1.893	1.0	1.0
16	7	67	1.968	0.18	28.548	2.127	1.0	1.0
16	7	64	1.643	0.621	32.207	3.447	0.839	0.935
16	7	61	0.826	0.834	34.048	4.455	0.419	0.677
16	7	58	0.0	0.0	41.0	0.0	0.0	0.032
16	7	55	0.0	0.0	nan	nan	0.0	0.0
16	7	52	0.0	0.0	nan	nan	0.0	0.0
16	7	49	0.0	0.0	nan	nan	0.0	0.0
16	7	46	0.0	0.0	nan	nan	0.0	0.0
16	7	43	0.0	0.0	nan	nan	0.0	0.0
16	7	40	0.0	0.0	nan	nan	0.0	0.0
17	7	97	3.871	0.341	17.452	0.624	1.0	1.0
17	7	94	3.742	0.445	17.871	0.67	1.0	1.0
17	7	91	3.452	0.506	18.194	0.543	1.0	1.0
17	7	88	3.065	0.25	18.903	0.79	1.0	1.0
17	7	85	2.645	0.551	19.871	0.991	1.0	1.0
17	7	82	2.129	0.341	20.839	1.344	1.0	1.0
17	7	79	2.0	0.0	21.355	1.018	1.0	1.0
17	7	76	2.0	0.0	23.0	1.211	1.0	1.0
17	7	73	2.0	0.0	24.516	1.387	1.0	1.0
17	7	70	1.967	0.183	27.355	2.823	0.968	1.0
17	7	67	1.714	0.659	31.107	3.436	0.806	0.903
17	7	64	0.167	0.381	36.455	1.635	0.129	0.355
17	7	61	0.0	0.0	nan	nan	0.0	0.0
17	7	58	0.0	0.0	nan	nan	0.0	0.0
17	7	55	0.0	0.0	nan	nan	0.0	0.0
17	7	52	0.0	0.0	nan	nan	0.0	0.0
17	7	49	0.0	0.0	nan	nan	0.0	0.0
17	7	46	0.0	0.0	nan	nan	0.0	0.0
17	7	43	0.0	0.0	nan	nan	0.0	0.0
17	7	40	0.0	0.0	nan	nan	0.0	0.0
18	7	97	1.968	0.18	22.0	0.73	1.0	1.0
18	7	94	1.742	0.445	22.968	0.948	1.0	1.0
18	7	91	1.484	0.508	24.129	0.922	1.0	1.0
18	7	88	1.129	0.341	25.065	1.34	1.0	1.0
18	7	85	1.032	0.18	26.935	2.568	1.0	1.0
18	7	82	0.742	0.445	28.565	1.854	0.742	0.742
18	7	79	0.032	0.18	33.0	0.0	0.032	0.032
18	7	76	0.0	0.0	nan	nan	0.0	0.0
18	7	73	0.0	0.0	nan	nan	0.0	0.0
18	7	70	0.0	0.0	nan	nan	0.0	0.0
18	7	67	0.0	0.0	nan	nan	0.0	0.0
18	7	64	0.0	0.0	nan	nan	0.0	0.0
18	7	61	0.0	0.0	nan	nan	0.0	0.0
18	7	58	0.0	0.0	nan	nan	0.0	0.0
18	7	55	0.0	0.0	nan	nan	0.0	0.0
18	7	52	0.0	0.0	nan	nan	0.0	0.0
18	7	49	0.0	0.0	nan	nan	0.0	0.0
18	7	46	0.0	0.0	nan	nan	0.0	0.0
18	7	43	0.0	0.0	nan	nan	0.0	0.0
18	7	40	0.0	0.0	nan	nan	0.0	0.0
19	7	97	2.839	0.374	19.613	0.495	1.0	1.0
19	7	94	2.452	0.506	20.323	0.791	1.0	1.0
19	7	91	2.258	0.445	20.806	0.601	1.0	1.0
19	7	88	2.032	0.18	21.581	0.765	1.0	1.0
19	7	85	2.0	0.0	21.935	0.892	1.0	1.0
19	7	82	1.871	0.341	22.677	1.013	1.0	1.0
19	7	79	1.935	0.25	23.968	0.836	1.0	1.0
19	7	76	1.742	0.445	25.677	1.376	1.0	1.0
19	7	73	1.323	0.541	26.967	1.752	0.968	0.968
19	7	70	0.839	0.583	28.739	2.005	0.742	0.742
19	7	67	0.24	0.523	33.182	2.822	0.161	0.355
19	7	64	0.0	0.0	nan	nan	0.0	0.0
19	7	61	0.0	0.0	nan	nan	0.0	0.0
19	7	58	0.0	0.0	nan	nan	0.0	0.0
19	7	55	0.0	0.0	nan	nan	0.0	0.0
19	7	52	0.0	0.0	nan	nan	0.0	0.0
19	7	49	0.0	0.0	nan	nan	0.0	0.0
19	7	46	0.0	0.0	nan	nan	0.0	0.0
19	7	43	0.0	0.0	nan	nan	0.0	0.0
19	7	40	0.0	0.0	nan	nan	0.0	0.0
20	7	97	3.194	0.477	18.613	0.615	1.0	1.0
20	7	94	2.839	0.454	19.129	0.718	1.0	1.0
20	7	91	2.355	0.486	19.355	0.608	1.0	1.0
20	7	88	2.097	0.301	20.129	0.846	1.0	1.0
20	7	85	2.0	0.0	20.581	0.765	1.0	1.0
20	7	82	2.032	0.18	21.194	0.91	1.0	1.0
20	7	79	1.968	0.18	22.065	0.929	1.0	1.0
20	7	76	1.871	0.341	23.226	0.99	1.0	1.0
20	7	73	1.484	0.508	24.484	1.435	1.0	1.0
20	7	70	1.129	0.619	26.667	2.253	0.871	0.871
20	7	67	0.68	0.476	30.043	3.586	0.548	0.742
20	7	64	0.067	0.254	31.667	3.512	0.065	0.097
20	7	61	0.0	0.0	nan	nan	0.0	0.0
20	7	58	0.0	0.0	nan	nan	0.0	0.0
20	7	55	0.0	0.0	nan	nan	0.0	0.0
20	7	52	0.0	0.0	nan	nan	0.0	0.0
20	7	49	0.0	0.0	nan	nan	0.0	0.0
20	7	46	0.0	0.0	nan	nan	0.0	0.0
20	7	43	0.0	0.0	nan	nan	0.0	0.0
20	7	40	0.0	0.0	nan	nan	0.0	0.0
21	7	97	2.0	0.0	20.71	0.693	1.0	1.0
21	7	94	1.968	0.18	21.355	0.551	1.0	1.0
21	7	91	1.935	0.25	22.194	1.25	1.0	1.0
21	7	88	1.419	0.502	23.129	1.231	1.0	1.0
21	7	85	1.258	0.445	24.032	0.983	1.0	1.0
21	7	82	1.065	0.25	25.258	1.154	1.0	1.0
21	7	79	0.903	0.301	27.25	2.012	0.903	0.903
21	7	76	0.032	0.18	27.0	0.0	0.032	0.032
21	7	73	0.0	0.0	nan	nan	0.0	0.0
21	7	70	0.0	0.0	nan	nan	0.0	0.0
21	7	67	0.0	0.0	nan	nan	0.0	0.0
21	7	64	0.0	0.0	nan	nan	0.0	0.0
21	7	61	0.0	0.0	nan	nan	0.0	0.0
21	7	58	0.0	0.0	nan	nan	0.0	0.0
21	7	55	0.0	0.0	nan	nan	0.0	0.0
21	7	52	0.0	0.0	nan	nan	0.0	0.0
21	7	49	0.0	0.0	nan	nan	0.0	0.0
21	7	46	0.0	0.0	nan	nan	0.0	0.0
21	7	43	0.0	0.0	nan	nan	0.0	0.0
21	7	40	0.0	0.0	nan	nan	0.0	0.0
22	7	97	4.452	0.506	18.161	0.583	1.0	1.0
22	7	94	4.387	0.495	18.452	0.624	1.0	1.0
22	7	91	3.968	0.482	18.935	0.512	1.0	1.0
22	7	88	3.613	0.615	19.839	0.82	1.0	1.0
22	7	85	3.032	0.18	20.258	0.815	1.0	1.0
22	7	82	2.968	0.18	20.839	0.779	1.0	1.0
22	7	79	3.0	0.0	21.581	0.807	1.0	1.0
22	7	76	2.935	0.25	22.774	1.203	1.0	1.0
22	7	73	2.71	0.461	24.258	1.39	1.0	1.0
22	7	70	2.226	0.425	25.516	1.208	1.0	1.0
22	7	67	2.0	0.0	27.097	1.972	1.0	1.0
22	7	64	1.871	0.341	30.839	2.865	1.0	1.0
22	7	61	1.179	0.67	35.111	3.203	0.774	0.871
22	7	58	0.296	0.609	38.3	4.084	0.194	0.323
22	7	55	0.0	0.0	nan	nan	0.0	0.0
22	7	52	0.0	0.0	nan	nan	0.0	0.0
22	7	49	0.0	0.0	nan	nan	0.0	0.0
22	7	46	0.0	0.0	nan	nan	0.0	0.0
22	7	43	0.0	0.0	nan	nan	0.0	0.0
22	7	40	0.0	0.0	nan	nan	0.0	0.0
23	7	97	4.097	0.396	18.742	0.682	1.0	1.0
23	7	94	4.0	0.0	18.968	0.482	1.0	1.0
23	7	91	3.774	0.425	19.452	0.568	1.0	1.0
23	7	88	3.419	0.502	20.194	0.703	1.0	1.0
23	7	85	3.161	0.374	20.677	0.748	1.0	1.0
23	7	82	3.065	0.25	21.387	0.803	1.0	1.0
23	7	79	3.0	0.0	22.161	0.934	1.0	1.0
23	7	76	2.968	0.18	23.258	1.21	1.0	1.0
23	7	73	2.742	0.445	24.161	0.82	1.0	1.0
23	7	70	2.29	0.461	25.548	1.312	1.0	1.0
23	7	67	2.0	0.0	27.742	1.527	1.0	1.0
23	7	64	1.968	0.407	29.667	2.139	0.968	0.968
23	7	61	1.613	0.558	32.933	2.677	0.968	0.968
23	7	58	0.323	0.599	36.5	4.44	0.258	0.258
23	7	55	0.0	0.0	nan	nan	0.0	0.0
23	7	52	0.0	0.0	nan	nan	0.0	0.0
23	7	49	0.0	0.0	nan	nan	0.0	0.0
23	7	46	0.0	0.0	nan	nan	0.0	0.0
23	7	43	0.0	0.0	nan	nan	0.0	0.0
23	7	40	0.0	0.0	nan	nan	0.0	0.0
24	7	97	5.0	0.0	17.065	0.68	1.0	1.0
24	7	94	4.871	0.341	17.387	0.667	1.0	1.0
24	7	91	4.258	0.729	18.097	0.831	1.0	1.0
24	7	88	3.613	0.558	18.452	0.675	1.0	1.0
24	7	85	3.355	0.486	18.968	0.875	1.0	1.0
24	7	82	3.0	0.0	19.581	0.765	1.0	1.0
24	7	79	3.0	0.0	19.968	0.752	1.0	1.0
24	7	76	2.935	0.25	21.0	0.894	1.0	1.0
24	7	73	2.645	0.486	22.194	1.493	1.0	1.0
24	7	70	2.226	0.425	23.516	1.435	1.0	1.0
24	7	67	2.032	0.18	24.839	1.614	1.0	1.0
24	7	64	1.968	0.18	27.226	2.404	1.0	1.0
24	7	61	1.821	0.476	30.6	3.802	0.871	0.968
24	7	58	1.226	0.762	33.56	3.895	0.806	0.806
24	7	55	0.1	0.305	35.75	6.946	0.097	0.129
24	7	52	0.0	0.0	nan	nan	0.0	0.0
24	7	49	0.0	0.0	nan	nan	0.0	0.0
24	7	46	0.0	0.0	nan	nan	0.0	0.0
24	7	43	0.0	0.0	nan	nan	0.0	0.0
24	7	40	0.0	0.0	nan	nan	0.0	0.0
25	7	97	3.0	0.0	20.0	0.447	1.0	1.0
25	7	94	3.0	0.0	20.677	0.541	1.0	1.0
25	7	91	2.935	0.25	21.194	0.703	1.0	1.0
25	7	88	2.903	0.301	21.742	0.631	1.0	1.0
25	7	85	2.323	0.475	22.419	0.62	1.0	1.0
25	7	82	2.097	0.301	23.548	1.06	1.0	1.0
25	7	79	2.0	0.0	24.194	0.749	1.0	1.0
25	7	76	2.0	0.0	25.742	1.413	1.0	1.0
25	7	73	1.935	0.25	27.839	3.163	1.0	1.0
25	7	70	1.862	0.351	30.161	3.023	0.935	1.0
25	7	67	1.16	0.85	33.083	3.45	0.581	0.774
25	7	64	0.179	0.476	35.286	3.592	0.129	0.226
25	7	61	0.0	0.0	nan	nan	0.0	0.0
25	7	58	0.0	0.0	nan	nan	0.0	0.0
25	7	55	0.0	0.0	nan	nan	0.0	0.0
25	7	52	0.0	0.0	nan	nan	0.0	0.0
25	7	49	0.0	0.0	nan	nan	0.0	0.0
25	7	46	0.0	0.0	nan	nan	0.0	0.0
25	7	43	0.0	0.0	nan	nan	0.0	0.0
25	7	40	0.0	0.0	nan	nan	0.0	0.0
26	7	97	4.194	0.402	18.742	0.575	1.0	1.0
26	7	94	3.935	0.25	19.161	0.638	1.0	1.0
26	7	91	3.903	0.301	20.0	0.931	1.0	1.0
26	7	88	3.452	0.506	20.323	0.599	1.0	1.0
26	7	85	3.097	0.301	21.161	0.82	1.0	1.0
26	7	82	3.0	0.0	21.355	0.877	1.0	1.0
26	7	79	2.968	0.18	22.484	1.235	1.0	1.0
26	7	76	3.0	0.0	23.677	1.6	1.0	1.0
26	7	73	2.516	0.508	24.581	1.544	1.0	1.0
26	7	70	2.194	0.402	26.032	1.581	1.0	1.0
26	7	67	2.0	0.258	29.387	2.459	1.0	1.0
26	7	64	1.7	0.466	32.806	3.701	0.968	1.0
26	7	61	1.036	0.744	36.458	2.992	0.677	0.774
26	7	58	0.033	0.183	39.0	4.243	0.032	0.065
26	7	55	0.0	0.0	nan	nan	0.0	0.0
26	7	52	0.0	0.0	nan	nan	0.0	0.0
26	7	49	0.0	0.0	nan	nan	0.0	0.0
26	7	46	0.0	0.0	nan	nan	0.0	0.0
26	7	43	0.0	0.0	nan	nan	0.0	0.0
26	7	40	0.0	0.0	nan	nan	0.0	0.0
27	7	97	3.323	0.541	18.355	0.661	1.0	1.0
27	7	94	3.258	0.445	18.645	0.661	1.0	1.0
27	7	91	3.0	0.0	19.097	0.597	1.0	1.0
27	7	88	2.968	0.18	19.806	0.601	1.0	1.0
27	7	85	2.806	0.402	20.323	0.653	1.0	1.0
27	7	82	2.484	0.508	21.0	0.816	1.0	1.0
27	7	79	2.065	0.25	21.742	1.46	1.0	1.0
27	7	76	2.0	0.0	23.097	1.248	1.0	1.0
27	7	73	2.0	0.0	23.871	1.056	1.0	1.0
27	7	70	2.0	0.0	25.29	1.006	1.0	1.0
27	7	67	1.903	0.301	28.903	2.797	1.0	1.0
27	7	64	1.593	0.636	31.103	2.833	0.806	0.935
27	7	61	0.417	0.776	34.846	3.997	0.194	0.419
27	7	58	0.0	0.0	nan	nan	0.0	0.0
27	7	55	0.0	0.0	nan	nan	0.0	0.0
27	7	52	0.0	0.0	nan	nan	0.0	0.0
27	7	49	0.0	0.0	nan	nan	0.0	0.0
27	7	46	0.0	0.0	nan	nan	0.0	0.0
27	7	43	0.0	0.0	nan	nan	0.0	0.0
27	7	40	0.0	0.0	nan	nan	0.0	0.0
28	7	97	3.065	0.25	20.323	0.653	1.0	1.0
28	7	94	3.032	0.18	20.677	0.475	1.0	1.0
28	7	91	3.0	0.0	21.161	0.735	1.0	1.0
28	7	88	2.903	0.301	21.871	0.763	1.0	1.0
28	7	85	2.839	0.374	22.645	0.755	1.0	1.0
28	7	82	2.452	0.506	23.484	0.851	1.0	1.0
28	7	79	2.065	0.25	24.774	1.407	1.0	1.0
28	7	76	2.0	0.0	25.323	1.013	1.0	1.0
28	7	73	2.0	0.0	27.097	1.399	1.0	1.0
28	7	70	2.0	0.0	30.097	2.055	1.0	1.0
28	7	67	1.808	0.402	32.839	2.596	0.839	1.0
28	7	64	0.524	0.873	36.125	3.931	0.194	0.516
28	7	61	0.0	0.0	nan	nan	0.0	0.0
28	7	58	0.0	0.0	nan	nan	0.0	0.0
28	7	55	0.0	0.0	nan	nan	0.0	0.0
28	7	52	0.0	0.0	nan	nan	0.0	0.0
28	7	49	0.0	0.0	nan	nan	0.0	0.0
28	7	46	0.0	0.0	nan	nan	0.0	0.0
28	7	43	0.0	0.0	nan	nan	0.0	0.0
28	7	40	0.0	0.0	nan	nan	0.0	0.0
29	7	97	2.097	0.301	19.387	0.615	1.0	1.0
29	7	94	2.032	0.18	19.742	0.773	1.0	1.0
29	7	91	2.0	0.0	20.516	0.677	1.0	1.0
29	7	88	1.968	0.18	21.452	0.888	1.0	1.0
29	7	85	1.774	0.425	22.226	1.087	1.0	1.0
29	7	82	1.484	0.508	23.548	2.278	1.0	1.0
29	7	79	1.032	0.407	24.621	1.321	0.935	0.935
29	7	76	0.774	0.497	26.783	2.315	0.742	0.742
29	7	73	0.407	0.501	30.733	3.751	0.355	0.484
29	7	70	0.065	0.25	29.0	0.0	0.065	0.065
29	7	67	0.0	0.0	nan	nan	0.0	0.0
29	7	64	0.0	0.0	nan	nan	0.0	0.0
29	7	61	0.0	0.0	nan	nan	0.0	0.0
29	7	58	0.0	0.0	nan	nan	0.0	0.0
29	7	55	0.0	0.0	nan	nan	0.0	0.0
29	7	52	0.0	0.0	nan	nan	0.0	0.0
29	7	49	0.0	0.0	nan	nan	0.0	0.0
29	7	46	0.0	0.0	nan	nan	0.0	0.0
29	7	43	0.0	0.0	nan	nan	0.0	0.0
29	7	40	0.0	0.0	nan	nan	0.0	0.0
30	7	97	4.839	0.374	16.548	0.506	1.0	1.0
30	7	94	4.419	0.564	16.774	0.805	1.0	1.0
30	7	91	4.065	0.512	17.323	0.832	1.0	1.0
30	7	88	3.903	0.539	17.839	0.688	1.0	1.0
30	7	85	3.419	0.502	18.29	0.824	1.0	1.0
30	7	82	3.065	0.359	19.129	0.67	1.0	1.0
30	7	79	2.806	0.402	19.839	0.779	1.0	1.0
30	7	76	2.581	0.502	20.613	0.955	1.0	1.0
30	7	73	2.161	0.374	21.613	1.145	1.0	1.0
30	7	70	2.032	0.315	22.839	1.485	1.0	1.0
30	7	67	1.871	0.341	24.419	1.822	1.0	1.0
30	7	64	1.774	0.425	26.548	2.378	1.0	1.0
30	7	61	1.464	0.637	29.31	3.152	0.839	0.935
30	7	58	0.179	0.476	33.143	4.914	0.129	0.226
30	7	55	0.0	0.0	nan	nan	0.0	0.0
30	7	52	0.0	0.0	nan	nan	0.0	0.0
30	7	49	0.0	0.0	nan	nan	0.0	0.0
30	7	46	0.0	0.0	nan	nan	0.0	0.0
30	7	43	0.0	0.0	nan	nan	0.0	0.0
30	7	40	0.0	0.0	nan	nan	0.0	0.0
31	7	97	2.774	0.56	19.0	0.816	1.0	1.0
31	7	94	2.355	0.486	19.419	0.62	1.0	1.0
31	7	91	2.032	0.18	20.065	0.727	1.0	1.0
31	7	88	2.0	0.0	20.645	0.709	1.0	1.0
31	7	85	2.0	0.0	21.226	0.762	1.0	1.0
31	7	82	2.0	0.0	22.419	0.923	1.0	1.0
31	7	79	1.968	0.18	23.484	1.029	1.0	1.0
31	7	76	1.742	0.445	25.323	3.081	1.0	1.0
31	7	73	1.452	0.506	25.935	1.731	1.0	1.0
31	7	70	1.103	0.557	29.071	3.018	0.839	0.903
31	7	67	0.304	0.47	33.6	2.501	0.226	0.484
31	7	64	0.032	0.18	28.0	0.0	0.032	0.032
31	7	61	0.0	0.0	nan	nan	0.0	0.0
31	7	58	0.0	0.0	nan	nan	0.0	0.0
31	7	55	0.0	0.0	nan	nan	0.0	0.0
31	7	52	0.0	0.0	nan	nan	0.0	0.0
31	7	49	0.0	0.0	nan	nan	0.0	0.0
31	7	46	0.0	0.0	nan	nan	0.0	0.0
31	7	43	0.0	0.0	nan	nan	0.0	0.0
31	7	40	0.0	0.0	nan	nan	0.0	0.0
