row	col	voltage	tot_avg	tot_std	toa_avg	toa_std	efficiency_tot	efficiency_toa
0	0	87	4.903	0.301	16.419	0.502	1.0	1.0
0	0	84	4.452	0.506	16.871	0.428	1.0	1.0
0	0	81	4.097	0.396	17.323	0.541	1.0	1.0
0	0	78	3.774	0.425	17.903	0.539	1.0	1.0
0	0	75	3.323	0.475	18.548	0.624	1.0	1.0
0	0	72	3.097	0.396	19.355	0.798	1.0	1.0
0	0	69	3.0	0.0	20.226	0.762	1.0	1.0
0	0	66	2.677	0.475	21.387	1.116	1.0	1.0
0	0	63	2.29	0.461	22.806	1.25	1.0	1.0
0	0	60	2.0	0.0	24.613	1.687	1.0	1.0
0	0	57	1.968	0.18	27.258	4.074	1.0	1.0
0	0	54	1.806	0.402	30.452	3.811	1.0	1.0
0	0	51	0.567	0.626	37.25	4.266	0.484	0.516
0	0	48	0.0	0.0	nan	nan	0.0	0.0
0	0	45	0.0	0.0	nan	nan	0.0	0.0
0	0	42	0.0	0.0	nan	nan	0.0	0.0
0	0	39	0.0	0.0	nan	nan	0.0	0.0
0	0	36	0.0	0.0	nan	nan	0.0	0.0
0	0	33	0.0	0.0	nan	nan	0.0	0.0
0	0	30	0.0	0.0	nan	nan	0.0	0.0
1	0	87	2.032	0.18	19.839	0.779	1.0	1.0
1	0	84	2.0	0.0	20.71	1.243	1.0	1.0
1	0	81	2.0	0.0	21.323	0.945	1.0	1.0
1	0	78	1.613	0.495	22.742	1.21	1.0	1.0
1	0	75	1.29	0.461	23.774	1.309	1.0	1.0
1	0	72	1.033	0.32	26.633	3.316	0.935	0.968
1	0	69	1.0	0.378	27.966	3.322	0.871	0.935
1	0	66	0.129	0.341	30.5	3.512	0.129	0.129
1	0	63	0.0	0.0	nan	nan	0.0	0.0
1	0	60	0.0	0.0	nan	nan	0.0	0.0
1	0	57	0.0	0.0	nan	nan	0.0	0.0
1	0	54	0.0	0.0	nan	nan	0.0	0.0
1	0	51	0.0	0.0	nan	nan	0.0	0.0
1	0	48	0.0	0.0	nan	nan	0.0	0.0
1	0	45	0.0	0.0	nan	nan	0.0	0.0
1	0	42	0.0	0.0	nan	nan	0.0	0.0
1	0	39	0.0	0.0	nan	nan	0.0	0.0
1	0	36	0.0	0.0	nan	nan	0.0	0.0
1	0	33	0.0	0.0	nan	nan	0.0	0.0
1	0	30	0.0	0.0	nan	nan	0.0	0.0
2	0	87	4.355	0.486	16.903	0.473	1.0	1.0
2	0	84	4.032	0.315	17.226	0.669	1.0	1.0
2	0	81	3.742	0.445	18.032	0.482	1.0	1.0
2	0	78	3.323	0.475	18.581	0.72	1.0	1.0
2	0	75	3.032	0.18	19.613	1.086	1.0	1.0
2	0	72	2.968	0.18	20.323	0.702	1.0	1.0
2	0	69	2.774	0.425	21.355	0.839	1.0	1.0
2	0	66	2.387	0.495	23.194	1.447	1.0	1.0
2	0	63	2.032	0.18	24.452	1.338	1.0	1.0
2	0	60	2.0	0.0	26.935	2.337	1.0	1.0
2	0	57	1.742	0.514	31.6	4.651	0.968	0.968
2	0	54	0.548	0.568	37.75	3.624	0.516	0.516
2	0	51	0.0	0.0	nan	nan	0.0	0.0
2	0	48	0.0	0.0	nan	nan	0.0	0.0
2	0	45	0.0	0.0	nan	nan	0.0	0.0
2	0	42	0.0	0.0	nan	nan	0.0	0.0
2	0	39	0.0	0.0	nan	nan	0.0	0.0
2	0	36	0.0	0.0	nan	nan	0.0	0.0
2	0	33	0.0	0.0	nan	nan	0.0	0.0
2	0	30	0.0	0.0	nan	nan	0.0	0.0
3	0	87	3.226	0.617	18.032	0.657	1.0	1.0
3	0	84	2.452	0.624	18.645	0.755	1.0	1.0
3	0	81	2.129	0.428	19.161	0.688	1.0	1.0
3	0	78	2.0	0.0	20.161	0.779	1.0	1.0
3	0	75	2.0	0.0	20.774	0.762	1.0	1.0
3	0	72	1.968	0.18	21.806	1.108	1.0	1.0
3	0	69	1.806	0.402	23.419	1.285	1.0	1.0
3	0	66	1.484	0.508	24.677	1.166	1.0	1.0
3	0	63	1.033	0.414	27.0	2.752	0.903	0.935
3	0	60	0.379	0.494	30.385	3.097	0.355	0.419
3	0	57	0.0	0.0	nan	nan	0.0	0.0
3	0	54	0.0	0.0	nan	nan	0.0	0.0
3	0	51	0.0	0.0	nan	nan	0.0	0.0
3	0	48	0.0	0.0	nan	nan	0.0	0.0
3	0	45	0.0	0.0	nan	nan	0.0	0.0
3	0	42	0.0	0.0	nan	nan	0.0	0.0
3	0	39	0.0	0.0	nan	nan	0.0	0.0
3	0	36	0.0	0.0	nan	nan	0.0	0.0
3	0	33	0.0	0.0	nan	nan	0.0	0.0
3	0	30	0.0	0.0	nan	nan	0.0	0.0
4	0	87	2.355	0.608	18.71	0.529	1.0	1.0
4	0	84	2.0	0.0	19.516	0.57	1.0	1.0
4	0	81	2.0	0.0	20.258	0.631	1.0	1.0
4	0	78	1.935	0.25	20.935	0.892	1.0	1.0
4	0	75	1.839	0.374	21.903	0.978	1.0	1.0
4	0	72	1.548	0.506	22.806	1.108	1.0	1.0
4	0	69	1.387	0.495	24.452	1.588	1.0	1.0
4	0	66	0.903	0.396	26.63	2.559	0.871	0.871
4	0	63	0.233	0.43	28.625	3.249	0.226	0.258
4	0	60	0.0	0.0	nan	nan	0.0	0.0
4	0	57	0.0	0.0	nan	nan	0.0	0.0
4	0	54	0.0	0.0	nan	nan	0.0	0.0
4	0	51	0.0	0.0	nan	nan	0.0	0.0
4	0	48	0.0	0.0	nan	nan	0.0	0.0
4	0	45	0.0	0.0	nan	nan	0.0	0.0
4	0	42	0.0	0.0	nan	nan	0.0	0.0
4	0	39	0.0	0.0	nan	nan	0.0	0.0
4	0	36	0.0	0.0	nan	nan	0.0	0.0
4	0	33	0.0	0.0	nan	nan	0.0	0.0
4	0	30	0.0	0.0	nan	nan	0.0	0.0
5	0	87	3.323	0.475	18.581	0.62	1.0	1.0
5	0	84	3.0	0.0	19.613	0.667	1.0	1.0
5	0	81	2.968	0.18	19.968	0.657	1.0	1.0
5	0	78	2.774	0.425	20.516	0.851	1.0	1.0
5	0	75	2.419	0.502	21.452	0.81	1.0	1.0
5	0	72	2.0	0.0	22.419	1.232	1.0	1.0
5	0	69	2.032	0.18	24.258	1.125	1.0	1.0
5	0	66	1.968	0.18	26.774	2.591	1.0	1.0
5	0	63	1.871	0.341	29.419	3.063	1.0	1.0
5	0	60	1.519	0.643	33.172	3.465	0.806	0.935
5	0	57	0.304	0.635	38.462	3.099	0.161	0.419
5	0	54	0.0	0.0	nan	nan	0.0	0.0
5	0	51	0.0	0.0	nan	nan	0.0	0.0
5	0	48	0.0	0.0	nan	nan	0.0	0.0
5	0	45	0.0	0.0	nan	nan	0.0	0.0
5	0	42	0.0	0.0	nan	nan	0.0	0.0
5	0	39	0.0	0.0	nan	nan	0.0	0.0
5	0	36	0.0	0.0	nan	nan	0.0	0.0
5	0	33	0.0	0.0	nan	nan	0.0	0.0
5	0	30	0.0	0.0	nan	nan	0.0	0.0
6	0	87	3.419	0.502	18.355	0.709	1.0	1.0
6	0	84	3.097	0.301	19.097	0.651	1.0	1.0
6	0	81	2.935	0.25	20.0	1.065	1.0	1.0
6	0	78	2.742	0.445	20.903	0.944	1.0	1.0
6	0	75	2.323	0.475	21.806	0.873	1.0	1.0
6	0	72	2.065	0.25	22.645	1.05	1.0	1.0
6	0	69	2.0	0.0	24.065	1.093	1.0	1.0
6	0	66	2.0	0.0	25.613	1.706	1.0	1.0
6	0	63	2.0	0.0	27.581	2.126	1.0	1.0
6	0	60	1.808	0.402	31.839	3.494	0.839	1.0
6	0	57	0.6	0.764	33.941	3.596	0.355	0.548
6	0	54	0.0	0.0	38.0	1.414	0.0	0.065
6	0	51	0.0	0.0	nan	nan	0.0	0.0
6	0	48	0.0	0.0	nan	nan	0.0	0.0
6	0	45	0.0	0.0	nan	nan	0.0	0.0
6	0	42	0.0	0.0	nan	nan	0.0	0.0
6	0	39	0.0	0.0	nan	nan	0.0	0.0
6	0	36	0.0	0.0	nan	nan	0.0	0.0
6	0	33	0.0	0.0	nan	nan	0.0	0.0
6	0	30	0.0	0.0	nan	nan	0.0	0.0
7	0	87	4.419	0.502	15.516	0.677	1.0	1.0
7	0	84	4.194	0.402	15.774	0.497	1.0	1.0
7	0	81	4.0	0.0	16.194	0.543	1.0	1.0
7	0	78	4.0	0.0	16.677	0.599	1.0	1.0
7	0	75	3.935	0.25	17.065	0.574	1.0	1.0
7	0	72	3.645	0.486	17.774	0.762	1.0	1.0
7	0	69	3.0	0.683	18.355	0.798	1.0	1.0
7	0	66	2.355	0.551	19.258	0.965	1.0	1.0
7	0	63	2.097	0.301	20.065	0.929	1.0	1.0
7	0	60	2.032	0.18	21.323	1.536	1.0	1.0
7	0	57	1.935	0.25	22.645	1.404	1.0	1.0
7	0	54	1.774	0.425	25.323	2.522	1.0	1.0
7	0	51	1.414	0.78	27.704	3.196	0.806	0.871
7	0	48	0.423	0.703	33.077	4.425	0.258	0.419
7	0	45	0.033	0.183	31.0	5.657	0.032	0.065
7	0	42	0.0	0.0	nan	nan	0.0	0.0
7	0	39	0.0	0.0	nan	nan	0.0	0.0
7	0	36	0.0	0.0	nan	nan	0.0	0.0
7	0	33	0.0	0.0	nan	nan	0.0	0.0
7	0	30	0.0	0.0	nan	nan	0.0	0.0
8	0	87	4.0	0.0	17.161	0.454	1.0	1.0
8	0	84	3.839	0.374	17.677	0.653	1.0	1.0
8	0	81	3.419	0.502	18.355	0.551	1.0	1.0
8	0	78	3.032	0.482	18.903	0.746	1.0	1.0
8	0	75	2.516	0.508	19.677	1.166	1.0	1.0
8	0	72	2.129	0.341	20.742	1.032	1.0	1.0
8	0	69	2.0	0.0	21.613	0.955	1.0	1.0
8	0	66	2.0	0.0	23.226	1.961	1.0	1.0
8	0	63	2.0	0.0	24.226	1.203	1.0	1.0
8	0	60	1.903	0.396	25.833	1.262	0.968	0.968
8	0	57	1.759	0.577	30.966	3.179	0.871	0.935
8	0	54	0.778	0.892	34.765	3.289	0.419	0.548
8	0	51	0.0	0.0	nan	nan	0.0	0.0
8	0	48	0.0	0.0	nan	nan	0.0	0.0
8	0	45	0.0	0.0	nan	nan	0.0	0.0
8	0	42	0.0	0.0	nan	nan	0.0	0.0
8	0	39	0.0	0.0	nan	nan	0.0	0.0
8	0	36	0.0	0.0	nan	nan	0.0	0.0
8	0	33	0.0	0.0	nan	nan	0.0	0.0
8	0	30	0.0	0.0	nan	nan	0.0	0.0
9	0	87	4.581	0.564	18.097	0.7	1.0	1.0
9	0	84	3.839	0.583	18.935	0.772	1.0	1.0
9	0	81	3.29	0.461	19.742	0.631	1.0	1.0
9	0	78	3.032	0.18	20.419	1.311	1.0	1.0
9	0	75	3.0	0.0	21.323	0.791	1.0	1.0
9	0	72	2.903	0.301	22.581	0.958	1.0	1.0
9	0	69	2.71	0.461	23.774	1.309	1.0	1.0
9	0	66	2.29	0.461	26.258	2.323	1.0	1.0
9	0	63	2.032	0.18	28.129	2.405	1.0	1.0
9	0	60	1.733	0.583	33.333	4.671	0.935	0.968
9	0	57	0.926	0.73	37.391	3.513	0.613	0.742
9	0	54	0.032	0.18	40.0	0.0	0.032	0.032
9	0	51	0.0	0.0	nan	nan	0.0	0.0
9	0	48	0.0	0.0	nan	nan	0.0	0.0
9	0	45	0.0	0.0	nan	nan	0.0	0.0
9	0	42	0.0	0.0	nan	nan	0.0	0.0
9	0	39	0.0	0.0	nan	nan	0.0	0.0
9	0	36	0.0	0.0	nan	nan	0.0	0.0
9	0	33	0.0	0.0	nan	nan	0.0	0.0
9	0	30	0.0	0.0	nan	nan	0.0	0.0
10	0	87	3.516	0.508	18.097	0.473	1.0	1.0
10	0	84	3.0	0.258	19.0	0.73	1.0	1.0
10	0	81	2.839	0.374	19.645	0.915	1.0	1.0
10	0	78	2.452	0.506	20.258	0.999	1.0	1.0
10	0	75	2.032	0.18	21.742	1.365	1.0	1.0
10	0	72	2.032	0.18	22.742	1.29	1.0	1.0
10	0	69	2.0	0.0	24.387	1.606	1.0	1.0
10	0	66	1.967	0.183	26.387	2.765	0.968	1.0
10	0	63	1.935	0.25	29.097	2.103	1.0	1.0
10	0	60	0.962	0.916	33.05	2.724	0.484	0.645
10	0	57	0.067	0.254	36.667	0.577	0.065	0.097
10	0	54	0.0	0.0	nan	nan	0.0	0.0
10	0	51	0.0	0.0	nan	nan	0.0	0.0
10	0	48	0.0	0.0	nan	nan	0.0	0.0
10	0	45	0.0	0.0	nan	nan	0.0	0.0
10	0	42	0.0	0.0	nan	nan	0.0	0.0
10	0	39	0.0	0.0	nan	nan	0.0	0.0
10	0	36	0.0	0.0	nan	nan	0.0	0.0
10	0	33	0.0	0.0	nan	nan	0.0	0.0
10	0	30	0.0	0.0	nan	nan	0.0	0.0
11	0	87	4.0	0.0	16.677	0.599	1.0	1.0
11	0	84	3.968	0.315	16.903	0.539	1.0	1.0
11	0	81	3.774	0.497	17.548	0.624	1.0	1.0
11	0	78	3.29	0.693	18.0	0.856	1.0	1.0
11	0	75	2.581	0.62	19.097	1.012	1.0	1.0
11	0	72	2.226	0.425	19.677	0.653	1.0	1.0
11	0	69	2.129	0.428	20.355	1.082	1.0	1.0
11	0	66	1.968	0.18	21.774	1.309	1.0	1.0
11	0	63	1.806	0.477	23.323	1.922	1.0	1.0
11	0	60	1.2	0.714	26.769	4.926	0.806	0.839
11	0	57	0.643	0.731	29.706	3.996	0.452	0.548
11	0	54	0.032	0.18	27.0	0.0	0.032	0.032
11	0	51	0.0	0.0	nan	nan	0.0	0.0
11	0	48	0.0	0.0	nan	nan	0.0	0.0
11	0	45	0.0	0.0	nan	nan	0.0	0.0
11	0	42	0.0	0.0	nan	nan	0.0	0.0
11	0	39	0.0	0.0	nan	nan	0.0	0.0
11	0	36	0.0	0.0	nan	nan	0.0	0.0
11	0	33	0.0	0.0	nan	nan	0.0	0.0
11	0	30	0.0	0.0	nan	nan	0.0	0.0
12	0	87	4.194	0.873	18.226	0.845	1.0	1.0
12	0	84	3.548	0.81	18.581	0.923	1.0	1.0
12	0	81	3.097	0.301	19.258	0.815	1.0	1.0
12	0	78	3.032	0.18	19.71	0.739	1.0	1.0
12	0	75	2.968	0.18	20.871	0.806	1.0	1.0
12	0	72	2.935	0.25	21.677	1.107	1.0	1.0
12	0	69	2.71	0.461	22.871	1.962	1.0	1.0
12	0	66	2.355	0.486	24.226	1.477	1.0	1.0
12	0	63	2.129	0.341	27.258	2.84	1.0	1.0
12	0	60	1.806	0.543	30.724	3.654	0.935	0.935
12	0	57	1.2	0.714	35.0	4.138	0.806	0.839
12	0	54	0.3	0.596	36.625	4.749	0.226	0.258
12	0	51	0.0	0.0	nan	nan	0.0	0.0
12	0	48	0.0	0.0	nan	nan	0.0	0.0
12	0	45	0.0	0.0	nan	nan	0.0	0.0
12	0	42	0.0	0.0	nan	nan	0.0	0.0
12	0	39	0.0	0.0	nan	nan	0.0	0.0
12	0	36	0.0	0.0	nan	nan	0.0	0.0
12	0	33	0.0	0.0	nan	nan	0.0	0.0
12	0	30	0.0	0.0	nan	nan	0.0	0.0
13	0	87	2.032	0.18	20.548	1.434	1.0	1.0
13	0	84	2.0	0.0	21.097	0.944	1.0	1.0
13	0	81	1.903	0.301	22.323	1.045	1.0	1.0
13	0	78	1.806	0.402	24.226	2.061	1.0	1.0
13	0	75	1.323	0.475	25.323	1.759	1.0	1.0
13	0	72	1.097	0.301	27.839	2.382	1.0	1.0
13	0	69	0.577	0.504	31.9	3.076	0.484	0.645
13	0	66	0.0	0.0	nan	nan	0.0	0.0
13	0	63	0.0	0.0	nan	nan	0.0	0.0
13	0	60	0.0	0.0	nan	nan	0.0	0.0
13	0	57	0.0	0.0	nan	nan	0.0	0.0
13	0	54	0.0	0.0	nan	nan	0.0	0.0
13	0	51	0.0	0.0	nan	nan	0.0	0.0
13	0	48	0.0	0.0	nan	nan	0.0	0.0
13	0	45	0.0	0.0	nan	nan	0.0	0.0
13	0	42	0.0	0.0	nan	nan	0.0	0.0
13	0	39	0.0	0.0	nan	nan	0.0	0.0
13	0	36	0.0	0.0	nan	nan	0.0	0.0
13	0	33	0.0	0.0	nan	nan	0.0	0.0
13	0	30	0.0	0.0	nan	nan	0.0	0.0
14	0	87	3.452	0.624	17.323	0.909	1.0	1.0
14	0	84	2.806	0.749	18.194	0.91	1.0	1.0
14	0	81	2.387	0.667	18.677	1.013	1.0	1.0
14	0	78	2.065	0.25	19.452	1.091	1.0	1.0
14	0	75	2.097	0.396	19.581	1.177	1.0	1.0
14	0	72	1.903	0.301	20.968	1.14	1.0	1.0
14	0	69	1.581	0.502	22.71	2.02	1.0	1.0
14	0	66	1.323	0.475	24.419	2.078	1.0	1.0
14	0	63	0.967	0.556	26.0	2.742	0.806	0.839
14	0	60	0.452	0.506	26.786	2.517	0.452	0.452
14	0	57	0.0	0.0	nan	nan	0.0	0.0
14	0	54	0.0	0.0	nan	nan	0.0	0.0
14	0	51	0.0	0.0	nan	nan	0.0	0.0
14	0	48	0.0	0.0	nan	nan	0.0	0.0
14	0	45	0.0	0.0	nan	nan	0.0	0.0
14	0	42	0.0	0.0	nan	nan	0.0	0.0
14	0	39	0.0	0.0	nan	nan	0.0	0.0
14	0	36	0.0	0.0	nan	nan	0.0	0.0
14	0	33	0.0	0.0	nan	nan	0.0	0.0
14	0	30	0.0	0.0	nan	nan	0.0	0.0
15	0	87	2.0	0.0	19.935	0.68	1.0	1.0
15	0	84	1.968	0.18	20.645	0.755	1.0	1.0
15	0	81	1.516	0.508	22.161	1.267	1.0	1.0
15	0	78	1.323	0.475	23.065	1.413	1.0	1.0
15	0	75	1.097	0.301	24.516	1.61	1.0	1.0
15	0	72	0.774	0.425	25.917	1.886	0.774	0.774
15	0	69	0.567	0.504	28.722	2.469	0.548	0.581
15	0	66	0.0	0.0	nan	nan	0.0	0.0
15	0	63	0.0	0.0	nan	nan	0.0	0.0
15	0	60	0.0	0.0	nan	nan	0.0	0.0
15	0	57	0.0	0.0	nan	nan	0.0	0.0
15	0	54	0.0	0.0	nan	nan	0.0	0.0
15	0	51	0.0	0.0	nan	nan	0.0	0.0
15	0	48	0.0	0.0	nan	nan	0.0	0.0
15	0	45	0.0	0.0	nan	nan	0.0	0.0
15	0	42	0.0	0.0	nan	nan	0.0	0.0
15	0	39	0.0	0.0	nan	nan	0.0	0.0
15	0	36	0.0	0.0	nan	nan	0.0	0.0
15	0	33	0.0	0.0	nan	nan	0.0	0.0
15	0	30	0.0	0.0	nan	nan	0.0	0.0
16	0	87	4.774	0.425	16.645	0.661	1.0	1.0
16	0	84	4.452	0.506	17.065	0.442	1.0	1.0
16	0	81	3.871	0.428	17.645	0.661	1.0	1.0
16	0	78	3.387	0.495	18.323	0.702	1.0	1.0
16	0	75	3.161	0.374	18.839	0.523	1.0	1.0
16	0	72	2.935	0.25	19.774	0.762	1.0	1.0
16	0	69	2.839	0.374	20.903	1.106	1.0	1.0
16	0	66	2.581	0.502	21.71	0.864	1.0	1.0
16	0	63	2.194	0.402	23.194	1.4	1.0	1.0
16	0	60	2.065	0.25	25.452	1.588	1.0	1.0
16	0	57	1.903	0.301	28.29	3.495	1.0	1.0
16	0	54	1.484	0.677	33.357	4.13	0.903	0.903
16	0	51	0.233	0.626	34.0	3.674	0.129	0.161
16	0	48	0.032	0.18	38.0	0.0	0.032	0.032
16	0	45	0.0	0.0	nan	nan	0.0	0.0
16	0	42	0.0	0.0	nan	nan	0.0	0.0
16	0	39	0.0	0.0	nan	nan	0.0	0.0
16	0	36	0.0	0.0	nan	nan	0.0	0.0
16	0	33	0.0	0.0	nan	nan	0.0	0.0
16	0	30	0.0	0.0	nan	nan	0.0	0.0
17	0	87	4.839	0.374	16.129	0.763	1.0	1.0
17	0	84	4.645	0.486	16.419	0.62	1.0	1.0
17	0	81	4.355	0.551	17.032	0.657	1.0	1.0
17	0	78	4.161	0.638	17.452	0.675	1.0	1.0
17	0	75	3.742	0.631	17.839	0.898	1.0	1.0
17	0	72	3.194	0.654	18.581	1.025	1.0	1.0
17	0	69	2.742	0.682	19.387	1.202	1.0	1.0
17	0	66	2.323	0.475	20.839	1.186	1.0	1.0
17	0	63	2.194	0.402	21.387	1.542	1.0	1.0
17	0	60	2.032	0.315	23.355	2.259	1.0	1.0
17	0	57	1.806	0.402	24.935	2.581	1.0	1.0
17	0	54	1.138	0.833	27.826	3.486	0.677	0.742
17	0	51	0.552	0.736	30.714	6.366	0.387	0.452
17	0	48	0.069	0.258	33.5	2.887	0.065	0.129
17	0	45	0.0	0.0	nan	nan	0.0	0.0
17	0	42	0.0	0.0	nan	nan	0.0	0.0
17	0	39	0.0	0.0	nan	nan	0.0	0.0
17	0	36	0.0	0.0	nan	nan	0.0	0.0
17	0	33	0.0	0.0	nan	nan	0.0	0.0
17	0	30	0.0	0.0	nan	nan	0.0	0.0
18	0	87	3.387	0.495	17.161	0.523	1.0	1.0
18	0	84	3.194	0.402	17.516	0.508	1.0	1.0
18	0	81	2.548	0.568	18.161	0.583	1.0	1.0
18	0	78	2.097	0.301	18.806	0.654	1.0	1.0
18	0	75	2.065	0.25	19.548	1.091	1.0	1.0
18	0	72	1.903	0.301	20.484	1.122	1.0	1.0
18	0	69	1.484	0.57	22.1	1.517	0.968	0.968
18	0	66	1.355	0.486	22.613	1.585	1.0	1.0
18	0	63	1.161	0.454	25.0	2.546	0.968	0.968
18	0	60	0.613	0.495	25.737	2.207	0.613	0.613
18	0	57	0.065	0.25	26.5	0.707	0.065	0.065
18	0	54	0.0	0.0	nan	nan	0.0	0.0
18	0	51	0.0	0.0	nan	nan	0.0	0.0
18	0	48	0.0	0.0	nan	nan	0.0	0.0
18	0	45	0.0	0.0	nan	nan	0.0	0.0
18	0	42	0.0	0.0	nan	nan	0.0	0.0
18	0	39	0.0	0.0	nan	nan	0.0	0.0
18	0	36	0.0	0.0	nan	nan	0.0	0.0
18	0	33	0.0	0.0	nan	nan	0.0	0.0
18	0	30	0.0	0.0	nan	nan	0.0	0.0
19	0	87	6.29	0.461	16.387	0.495	1.0	1.0
19	0	84	6.097	0.301	16.839	0.583	1.0	1.0
19	0	81	6.0	0.0	16.903	0.473	1.0	1.0
19	0	78	5.71	0.588	17.871	1.147	1.0	1.0
19	0	75	4.903	0.79	18.194	0.833	1.0	1.0
19	0	72	4.419	0.564	18.742	0.631	1.0	1.0
19	0	69	4.032	0.18	19.548	1.091	1.0	1.0
19	0	66	3.935	0.359	20.774	0.956	1.0	1.0
19	0	63	3.742	0.445	21.645	1.664	1.0	1.0
19	0	60	3.419	0.62	23.323	1.423	1.0	1.0
19	0	57	3.194	0.402	24.581	1.728	1.0	1.0
19	0	54	2.968	0.18	27.323	1.956	1.0	1.0
19	0	51	2.871	0.428	29.935	3.108	1.0	1.0
19	0	48	1.968	0.836	34.806	3.619	1.0	1.0
19	0	45	0.935	0.854	40.048	3.383	0.677	0.677
19	0	42	0.065	0.25	42.0	11.314	0.065	0.065
19	0	39	0.0	0.0	nan	nan	0.0	0.0
19	0	36	0.0	0.0	nan	nan	0.0	0.0
19	0	33	0.0	0.0	nan	nan	0.0	0.0
19	0	30	0.0	0.0	nan	nan	0.0	0.0
20	0	87	4.516	0.57	16.935	0.442	1.0	1.0
20	0	84	4.258	0.445	17.065	0.772	1.0	1.0
20	0	81	3.742	0.575	17.935	0.68	1.0	1.0
20	0	78	3.548	0.568	18.323	0.599	1.0	1.0
20	0	75	3.129	0.341	18.839	0.638	1.0	1.0
20	0	72	3.0	0.258	19.806	0.873	1.0	1.0
20	0	69	2.806	0.402	20.903	0.944	1.0	1.0
20	0	66	2.419	0.502	22.065	2.032	1.0	1.0
20	0	63	2.129	0.341	23.677	1.423	1.0	1.0
20	0	60	2.0	0.0	26.065	2.337	1.0	1.0
20	0	57	1.871	0.341	29.903	3.798	1.0	1.0
20	0	54	1.207	0.774	33.84	5.194	0.742	0.806
20	0	51	0.345	0.721	36.444	3.877	0.226	0.29
20	0	48	0.0	0.0	nan	nan	0.0	0.0
20	0	45	0.0	0.0	nan	nan	0.0	0.0
20	0	42	0.0	0.0	nan	nan	0.0	0.0
20	0	39	0.0	0.0	nan	nan	0.0	0.0
20	0	36	0.0	0.0	nan	nan	0.0	0.0
20	0	33	0.0	0.0	nan	nan	0.0	0.0
20	0	30	0.0	0.0	nan	nan	0.0	0.0
21	0	87	3.226	0.617	17.903	0.539	1.0	1.0
21	0	84	2.516	0.677	18.29	0.902	1.0	1.0
21	0	81	2.129	0.341	19.323	1.326	1.0	1.0
21	0	78	2.032	0.18	20.0	0.816	1.0	1.0
21	0	75	1.935	0.25	21.0	1.291	1.0	1.0
21	0	72	1.871	0.341	21.935	1.063	1.0	1.0
21	0	69	1.516	0.508	23.968	2.057	1.0	1.0
21	0	66	1.172	0.468	27.033	3.243	0.903	0.968
21	0	63	0.323	0.541	26.0	1.803	0.29	0.29
21	0	60	0.065	0.25	29.0	0.0	0.065	0.065
21	0	57	0.0	0.0	nan	nan	0.0	0.0
21	0	54	0.0	0.0	nan	nan	0.0	0.0
21	0	51	0.0	0.0	nan	nan	0.0	0.0
21	0	48	0.0	0.0	nan	nan	0.0	0.0
21	0	45	0.0	0.0	nan	nan	0.0	0.0
21	0	42	0.0	0.0	nan	nan	0.0	0.0
21	0	39	0.0	0.0	nan	nan	0.0	0.0
21	0	36	0.0	0.0	nan	nan	0.0	0.0
21	0	33	0.0	0.0	nan	nan	0.0	0.0
21	0	30	0.0	0.0	nan	nan	0.0	0.0
22	0	87	5.871	0.341	16.387	0.558	1.0	1.0
22	0	84	5.581	0.502	16.839	0.638	1.0	1.0
22	0	81	5.387	0.558	17.355	0.95	1.0	1.0
22	0	78	4.677	0.541	18.032	0.836	1.0	1.0
22	0	75	4.355	0.551	18.29	0.973	1.0	1.0
22	0	72	3.742	0.631	18.968	0.948	1.0	1.0
22	0	69	3.387	0.558	19.871	1.176	1.0	1.0
22	0	66	3.129	0.428	21.323	1.514	1.0	1.0
22	0	63	3.065	0.442	22.452	2.047	1.0	1.0
22	0	60	2.935	0.25	23.645	1.799	1.0	1.0
22	0	57	2.581	0.502	24.677	1.4	1.0	1.0
22	0	54	2.484	0.508	27.613	2.348	1.0	1.0
22	0	51	1.8	0.805	33.433	5.494	0.935	0.968
22	0	48	1.074	0.675	36.692	3.845	0.71	0.839
22	0	45	0.1	0.305	41.0	2.944	0.097	0.129
22	0	42	0.0	0.0	nan	nan	0.0	0.0
22	0	39	0.0	0.0	nan	nan	0.0	0.0
22	0	36	0.0	0.0	nan	nan	0.0	0.0
22	0	33	0.0	0.0	nan	nan	0.0	0.0
22	0	30	0.0	0.0	nan	nan	0.0	0.0
23	0	87	4.419	0.72	17.581	0.62	1.0	1.0
23	0	84	4.0	0.683	18.065	0.574	1.0	1.0
23	0	81	3.161	0.374	18.581	0.502	1.0	1.0
23	0	78	3.097	0.301	19.387	0.761	1.0	1.0
23	0	75	3.0	0.0	20.419	0.958	1.0	1.0
23	0	72	2.742	0.445	21.774	1.283	1.0	1.0
23	0	69	2.484	0.508	22.71	1.006	1.0	1.0
23	0	66	2.129	0.341	23.903	1.446	1.0	1.0
23	0	63	2.065	0.25	26.516	1.842	1.0	1.0
23	0	60	1.903	0.301	29.742	2.852	1.0	1.0
23	0	57	1.387	0.715	33.037	4.071	0.871	0.871
23	0	54	0.107	0.416	37.6	4.219	0.065	0.161
23	0	51	0.0	0.0	nan	nan	0.0	0.0
23	0	48	0.0	0.0	nan	nan	0.0	0.0
23	0	45	0.0	0.0	nan	nan	0.0	0.0
23	0	42	0.0	0.0	nan	nan	0.0	0.0
23	0	39	0.0	0.0	nan	nan	0.0	0.0
23	0	36	0.0	0.0	nan	nan	0.0	0.0
23	0	33	0.0	0.0	nan	nan	0.0	0.0
23	0	30	0.0	0.0	nan	nan	0.0	0.0
24	0	87	3.355	0.608	18.323	0.599	1.0	1.0
24	0	84	2.806	0.703	18.806	0.749	1.0	1.0
24	0	81	2.29	0.461	19.645	0.755	1.0	1.0
24	0	78	2.032	0.18	20.226	0.717	1.0	1.0
24	0	75	2.0	0.0	21.387	0.844	1.0	1.0
24	0	72	2.0	0.0	22.065	1.181	1.0	1.0
24	0	69	1.742	0.445	23.871	1.432	1.0	1.0
24	0	66	1.452	0.506	25.387	2.028	1.0	1.0
24	0	63	1.258	0.631	27.75	3.931	0.903	0.903
24	0	60	0.367	0.615	30.3	2.946	0.29	0.323
24	0	57	0.097	0.396	32.5	0.707	0.065	0.065
24	0	54	0.0	0.0	nan	nan	0.0	0.0
24	0	51	0.0	0.0	nan	nan	0.0	0.0
24	0	48	0.0	0.0	nan	nan	0.0	0.0
24	0	45	0.0	0.0	nan	nan	0.0	0.0
24	0	42	0.0	0.0	nan	nan	0.0	0.0
24	0	39	0.0	0.0	nan	nan	0.0	0.0
24	0	36	0.0	0.0	nan	nan	0.0	0.0
24	0	33	0.0	0.0	nan	nan	0.0	0.0
24	0	30	0.0	0.0	nan	nan	0.0	0.0
25	0	87	6.032	0.18	14.935	0.359	1.0	1.0
25	0	84	5.935	0.359	15.29	0.693	1.0	1.0
25	0	81	5.871	0.341	15.613	0.558	1.0	1.0
25	0	78	5.548	0.568	16.032	0.752	1.0	1.0
25	0	75	5.129	0.341	16.452	0.768	1.0	1.0
25	0	72	4.968	0.315	17.032	0.657	1.0	1.0
25	0	69	4.871	0.562	17.581	0.72	1.0	1.0
25	0	66	4.355	0.661	18.161	0.82	1.0	1.0
25	0	63	3.548	0.568	19.323	1.013	1.0	1.0
25	0	60	3.129	0.341	20.226	1.383	1.0	1.0
25	0	57	3.032	0.18	21.903	1.535	1.0	1.0
25	0	54	3.0	0.0	22.935	1.315	1.0	1.0
25	0	51	2.645	0.661	25.767	1.775	0.968	0.968
25	0	48	1.968	0.482	29.6	3.892	0.968	0.968
25	0	45	1.414	0.825	34.926	5.67	0.806	0.871
25	0	42	0.5	0.572	39.267	3.615	0.452	0.484
25	0	39	0.0	0.0	nan	nan	0.0	0.0
25	0	36	0.0	0.0	nan	nan	0.0	0.0
25	0	33	0.0	0.0	nan	nan	0.0	0.0
25	0	30	0.0	0.0	nan	nan	0.0	0.0
26	0	87	4.742	0.514	17.516	0.677	1.0	1.0
26	0	84	4.258	0.729	17.806	0.703	1.0	1.0
26	0	81	3.548	0.675	18.387	0.615	1.0	1.0
26	0	78	3.161	0.374	19.032	0.605	1.0	1.0
26	0	75	3.0	0.0	19.839	0.638	1.0	1.0
26	0	72	3.0	0.0	20.71	0.864	1.0	1.0
26	0	69	2.968	0.315	21.871	1.118	1.0	1.0
26	0	66	2.548	0.506	23.355	1.38	1.0	1.0
26	0	63	2.129	0.341	24.935	1.365	1.0	1.0
26	0	60	2.0	0.0	27.484	2.815	1.0	1.0
26	0	57	1.742	0.575	30.793	3.458	0.935	0.935
26	0	54	1.2	0.714	35.154	2.88	0.806	0.839
26	0	51	0.129	0.341	39.75	1.893	0.129	0.129
26	0	48	0.0	0.0	nan	nan	0.0	0.0
26	0	45	0.0	0.0	nan	nan	0.0	0.0
26	0	42	0.0	0.0	nan	nan	0.0	0.0
26	0	39	0.0	0.0	nan	nan	0.0	0.0
26	0	36	0.0	0.0	nan	nan	0.0	0.0
26	0	33	0.0	0.0	nan	nan	0.0	0.0
26	0	30	0.0	0.0	nan	nan	0.0	0.0
27	0	87	2.258	0.445	18.613	0.558	1.0	1.0
27	0	84	1.968	0.407	19.194	0.703	1.0	1.0
27	0	81	1.581	0.502	20.161	1.036	1.0	1.0
27	0	78	1.29	0.461	21.355	1.305	1.0	1.0
27	0	75	1.0	0.0	22.516	1.691	1.0	1.0
27	0	72	0.968	0.18	24.033	1.691	0.968	0.968
27	0	69	0.5	0.509	26.688	3.135	0.484	0.516
27	0	66	0.0	0.0	nan	nan	0.0	0.0
27	0	63	0.0	0.0	nan	nan	0.0	0.0
27	0	60	0.0	0.0	nan	nan	0.0	0.0
27	0	57	0.0	0.0	nan	nan	0.0	0.0
27	0	54	0.0	0.0	nan	nan	0.0	0.0
27	0	51	0.0	0.0	nan	nan	0.0	0.0
27	0	48	0.0	0.0	nan	nan	0.0	0.0
27	0	45	0.0	0.0	nan	nan	0.0	0.0
27	0	42	0.0	0.0	nan	nan	0.0	0.0
27	0	39	0.0	0.0	nan	nan	0.0	0.0
27	0	36	0.0	0.0	nan	nan	0.0	0.0
27	0	33	0.0	0.0	nan	nan	0.0	0.0
27	0	30	0.0	0.0	nan	nan	0.0	0.0
28	0	87	2.903	0.539	18.677	0.653	1.0	1.0
28	0	84	2.548	0.506	19.323	0.791	1.0	1.0
28	0	81	2.161	0.454	19.935	0.727	1.0	1.0
28	0	78	2.097	0.301	21.032	0.836	1.0	1.0
28	0	75	2.032	0.18	21.806	1.167	1.0	1.0
28	0	72	1.968	0.18	22.516	1.338	1.0	1.0
28	0	69	1.871	0.341	24.677	1.796	1.0	1.0
28	0	66	1.367	0.615	27.517	2.984	0.903	0.935
28	0	63	0.935	0.727	27.591	2.175	0.71	0.71
28	0	60	0.133	0.346	30.4	5.413	0.129	0.161
28	0	57	0.032	0.18	28.0	0.0	0.032	0.032
28	0	54	0.0	0.0	nan	nan	0.0	0.0
28	0	51	0.0	0.0	nan	nan	0.0	0.0
28	0	48	0.0	0.0	nan	nan	0.0	0.0
28	0	45	0.0	0.0	nan	nan	0.0	0.0
28	0	42	0.0	0.0	nan	nan	0.0	0.0
28	0	39	0.0	0.0	nan	nan	0.0	0.0
28	0	36	0.0	0.0	nan	nan	0.0	0.0
28	0	33	0.0	0.0	nan	nan	0.0	0.0
28	0	30	0.0	0.0	nan	nan	0.0	0.0
29	0	87	2.065	0.25	19.935	0.772	1.0	1.0
29	0	84	1.968	0.18	20.645	1.355	1.0	1.0
29	0	81	1.935	0.25	21.548	1.028	1.0	1.0
29	0	78	1.806	0.402	22.742	1.237	1.0	1.0
29	0	75	1.452	0.506	24.226	1.309	1.0	1.0
29	0	72	1.103	0.489	25.931	2.492	0.871	0.935
29	0	69	0.367	0.49	29.333	3.393	0.355	0.387
29	0	66	0.032	0.18	29.0	0.0	0.032	0.032
29	0	63	0.0	0.0	nan	nan	0.0	0.0
29	0	60	0.0	0.0	nan	nan	0.0	0.0
29	0	57	0.0	0.0	nan	nan	0.0	0.0
29	0	54	0.0	0.0	nan	nan	0.0	0.0
29	0	51	0.0	0.0	nan	nan	0.0	0.0
29	0	48	0.0	0.0	nan	nan	0.0	0.0
29	0	45	0.0	0.0	nan	nan	0.0	0.0
29	0	42	0.0	0.0	nan	nan	0.0	0.0
29	0	39	0.0	0.0	nan	nan	0.0	0.0
29	0	36	0.0	0.0	nan	nan	0.0	0.0
29	0	33	0.0	0.0	nan	nan	0.0	0.0
29	0	30	0.0	0.0	nan	nan	0.0	0.0
30	0	87	3.355	0.709	17.968	0.836	1.0	1.0
30	0	84	3.032	0.752	18.258	0.682	1.0	1.0
30	0	81	2.258	0.445	18.903	0.746	1.0	1.0
30	0	78	2.065	0.25	19.903	0.978	1.0	1.0
30	0	75	2.032	0.18	20.161	1.157	1.0	1.0
30	0	72	1.903	0.301	21.548	1.434	1.0	1.0
30	0	69	1.677	0.475	22.71	1.296	1.0	1.0
30	0	66	1.355	0.486	24.452	2.293	1.0	1.0
30	0	63	0.857	0.591	27.208	3.912	0.677	0.774
30	0	60	0.241	0.435	30.111	3.887	0.226	0.29
30	0	57	0.0	0.0	nan	nan	0.0	0.0
30	0	54	0.0	0.0	nan	nan	0.0	0.0
30	0	51	0.0	0.0	nan	nan	0.0	0.0
30	0	48	0.0	0.0	nan	nan	0.0	0.0
30	0	45	0.0	0.0	nan	nan	0.0	0.0
30	0	42	0.0	0.0	nan	nan	0.0	0.0
30	0	39	0.0	0.0	nan	nan	0.0	0.0
30	0	36	0.0	0.0	nan	nan	0.0	0.0
30	0	33	0.0	0.0	nan	nan	0.0	0.0
30	0	30	0.0	0.0	nan	nan	0.0	0.0
31	0	87	1.0	0.0	20.839	0.934	1.0	1.0
31	0	84	1.032	0.18	22.226	1.309	1.0	1.0
31	0	81	0.968	0.18	23.733	1.258	0.968	0.968
31	0	78	0.767	0.43	25.708	1.876	0.742	0.774
31	0	75	0.033	0.183	27.0	1.414	0.032	0.065
31	0	72	0.0	0.0	nan	nan	0.0	0.0
31	0	69	0.0	0.0	nan	nan	0.0	0.0
31	0	66	0.0	0.0	nan	nan	0.0	0.0
31	0	63	0.0	0.0	nan	nan	0.0	0.0
31	0	60	0.0	0.0	nan	nan	0.0	0.0
31	0	57	0.0	0.0	nan	nan	0.0	0.0
31	0	54	0.0	0.0	nan	nan	0.0	0.0
31	0	51	0.0	0.0	nan	nan	0.0	0.0
31	0	48	0.0	0.0	nan	nan	0.0	0.0
31	0	45	0.0	0.0	nan	nan	0.0	0.0
31	0	42	0.0	0.0	nan	nan	0.0	0.0
31	0	39	0.0	0.0	nan	nan	0.0	0.0
31	0	36	0.0	0.0	nan	nan	0.0	0.0
31	0	33	0.0	0.0	nan	nan	0.0	0.0
31	0	30	0.0	0.0	nan	nan	0.0	0.0
0	1	87	2.419	0.502	21.097	0.908	1.0	1.0
0	1	84	2.161	0.374	22.129	1.176	1.0	1.0
0	1	81	2.0	0.0	23.323	1.013	1.0	1.0
0	1	78	1.903	0.301	24.839	1.772	1.0	1.0
0	1	75	1.6	0.563	26.833	3.196	0.935	0.968
0	1	72	1.065	0.629	30.231	3.513	0.839	0.839
0	1	69	0.345	0.614	33.4	7.604	0.258	0.323
0	1	66	0.032	0.18	34.0	0.0	0.032	0.032
0	1	63	0.0	0.0	nan	nan	0.0	0.0
0	1	60	0.0	0.0	nan	nan	0.0	0.0
0	1	57	0.0	0.0	nan	nan	0.0	0.0
0	1	54	0.0	0.0	nan	nan	0.0	0.0
0	1	51	0.0	0.0	nan	nan	0.0	0.0
0	1	48	0.0	0.0	nan	nan	0.0	0.0
0	1	45	0.0	0.0	nan	nan	0.0	0.0
0	1	42	0.0	0.0	nan	nan	0.0	0.0
0	1	39	0.0	0.0	nan	nan	0.0	0.0
0	1	36	0.0	0.0	nan	nan	0.0	0.0
0	1	33	0.0	0.0	nan	nan	0.0	0.0
0	1	30	0.0	0.0	nan	nan	0.0	0.0
1	1	87	4.0	0.894	18.387	0.495	1.0	1.0
1	1	84	3.419	0.62	18.806	0.654	1.0	1.0
1	1	81	3.0	0.258	19.419	0.765	1.0	1.0
1	1	78	3.032	0.18	20.484	1.029	1.0	1.0
1	1	75	2.935	0.25	21.29	0.824	1.0	1.0
1	1	72	2.806	0.477	22.323	1.045	1.0	1.0
1	1	69	2.387	0.495	23.71	1.16	1.0	1.0
1	1	66	2.097	0.301	25.677	1.514	1.0	1.0
1	1	63	1.903	0.301	28.161	3.163	1.0	1.0
1	1	60	1.571	0.634	32.517	4.265	0.839	0.935
1	1	57	0.393	0.629	36.083	3.872	0.29	0.387
1	1	54	0.0	0.0	nan	nan	0.0	0.0
1	1	51	0.0	0.0	nan	nan	0.0	0.0
1	1	48	0.0	0.0	nan	nan	0.0	0.0
1	1	45	0.0	0.0	nan	nan	0.0	0.0
1	1	42	0.0	0.0	nan	nan	0.0	0.0
1	1	39	0.0	0.0	nan	nan	0.0	0.0
1	1	36	0.0	0.0	nan	nan	0.0	0.0
1	1	33	0.0	0.0	nan	nan	0.0	0.0
1	1	30	0.0	0.0	nan	nan	0.0	0.0
2	1	87	3.645	0.486	18.129	0.562	1.0	1.0
2	1	84	3.323	0.599	18.516	0.626	1.0	1.0
2	1	81	2.871	0.428	19.226	0.762	1.0	1.0
2	1	78	2.484	0.508	20.0	0.775	1.0	1.0
2	1	75	2.161	0.374	21.097	1.044	1.0	1.0
2	1	72	2.032	0.18	22.355	1.427	1.0	1.0
2	1	69	2.0	0.0	24.161	1.791	1.0	1.0
2	1	66	1.968	0.18	28.194	3.188	1.0	1.0
2	1	63	1.679	0.548	30.867	4.066	0.871	0.968
2	1	60	0.556	0.751	35.267	4.096	0.355	0.484
2	1	57	0.0	0.0	nan	nan	0.0	0.0
2	1	54	0.0	0.0	nan	nan	0.0	0.0
2	1	51	0.0	0.0	nan	nan	0.0	0.0
2	1	48	0.0	0.0	nan	nan	0.0	0.0
2	1	45	0.0	0.0	nan	nan	0.0	0.0
2	1	42	0.0	0.0	nan	nan	0.0	0.0
2	1	39	0.0	0.0	nan	nan	0.0	0.0
2	1	36	0.0	0.0	nan	nan	0.0	0.0
2	1	33	0.0	0.0	nan	nan	0.0	0.0
2	1	30	0.0	0.0	nan	nan	0.0	0.0
3	1	87	3.161	0.374	18.742	0.631	1.0	1.0
3	1	84	3.0	0.0	19.516	0.677	1.0	1.0
3	1	81	2.968	0.18	20.226	0.845	1.0	1.0
3	1	78	2.935	0.25	20.968	0.795	1.0	1.0
3	1	75	2.581	0.502	22.032	1.11	1.0	1.0
3	1	72	2.29	0.461	23.032	1.426	1.0	1.0
3	1	69	1.968	0.18	24.871	2.349	1.0	1.0
3	1	66	2.0	0.0	26.742	2.309	1.0	1.0
3	1	63	1.933	0.254	29.71	3.726	0.968	1.0
3	1	60	1.321	0.772	34.154	3.987	0.742	0.839
3	1	57	0.065	0.359	30.0	0.0	0.032	0.032
3	1	54	0.0	0.0	nan	nan	0.0	0.0
3	1	51	0.0	0.0	nan	nan	0.0	0.0
3	1	48	0.0	0.0	nan	nan	0.0	0.0
3	1	45	0.0	0.0	nan	nan	0.0	0.0
3	1	42	0.0	0.0	nan	nan	0.0	0.0
3	1	39	0.0	0.0	nan	nan	0.0	0.0
3	1	36	0.0	0.0	nan	nan	0.0	0.0
3	1	33	0.0	0.0	nan	nan	0.0	0.0
3	1	30	0.0	0.0	nan	nan	0.0	0.0
4	1	87	5.452	0.506	16.968	0.407	1.0	1.0
4	1	84	5.097	0.396	17.29	0.693	1.0	1.0
4	1	81	4.742	0.445	17.742	0.631	1.0	1.0
4	1	78	4.452	0.506	18.419	0.62	1.0	1.0
4	1	75	4.065	0.574	18.871	0.619	1.0	1.0
4	1	72	3.516	0.57	19.581	0.807	1.0	1.0
4	1	69	3.129	0.341	20.484	1.313	1.0	1.0
4	1	66	3.097	0.301	21.903	1.076	1.0	1.0
4	1	63	3.0	0.0	22.774	1.23	1.0	1.0
4	1	60	2.935	0.25	24.968	1.303	1.0	1.0
4	1	57	2.484	0.508	27.645	2.009	1.0	1.0
4	1	54	2.097	0.473	30.194	3.478	1.0	1.0
4	1	51	1.387	0.715	34.536	4.702	0.903	0.903
4	1	48	0.29	0.461	41.222	2.333	0.29	0.29
4	1	45	0.0	0.0	nan	nan	0.0	0.0
4	1	42	0.0	0.0	nan	nan	0.0	0.0
4	1	39	0.0	0.0	nan	nan	0.0	0.0
4	1	36	0.0	0.0	nan	nan	0.0	0.0
4	1	33	0.0	0.0	nan	nan	0.0	0.0
4	1	30	0.0	0.0	nan	nan	0.0	0.0
5	1	87	1.355	0.486	20.774	0.884	1.0	1.0
5	1	84	1.129	0.341	22.323	1.045	1.0	1.0
5	1	81	1.0	0.0	23.419	1.455	1.0	1.0
5	1	78	0.867	0.346	25.148	1.769	0.839	0.871
5	1	75	0.484	0.508	27.4	2.558	0.484	0.484
5	1	72	0.0	0.0	nan	nan	0.0	0.0
5	1	69	0.0	0.0	nan	nan	0.0	0.0
5	1	66	0.0	0.0	nan	nan	0.0	0.0
5	1	63	0.0	0.0	nan	nan	0.0	0.0
5	1	60	0.0	0.0	nan	nan	0.0	0.0
5	1	57	0.0	0.0	nan	nan	0.0	0.0
5	1	54	0.0	0.0	nan	nan	0.0	0.0
5	1	51	0.0	0.0	nan	nan	0.0	0.0
5	1	48	0.0	0.0	nan	nan	0.0	0.0
5	1	45	0.0	0.0	nan	nan	0.0	0.0
5	1	42	0.0	0.0	nan	nan	0.0	0.0
5	1	39	0.0	0.0	nan	nan	0.0	0.0
5	1	36	0.0	0.0	nan	nan	0.0	0.0
5	1	33	0.0	0.0	nan	nan	0.0	0.0
5	1	30	0.0	0.0	nan	nan	0.0	0.0
6	1	87	3.387	0.495	18.452	0.624	1.0	1.0
6	1	84	3.065	0.25	19.194	0.703	1.0	1.0
6	1	81	2.968	0.18	19.806	0.703	1.0	1.0
6	1	78	2.742	0.445	20.516	0.89	1.0	1.0
6	1	75	2.387	0.495	21.839	0.86	1.0	1.0
6	1	72	2.032	0.18	23.065	1.692	1.0	1.0
6	1	69	2.0	0.0	24.516	1.151	1.0	1.0
6	1	66	2.0	0.0	27.968	2.614	1.0	1.0
6	1	63	1.75	0.441	32.452	4.048	0.903	1.0
6	1	60	0.679	0.863	33.867	3.42	0.387	0.484
6	1	57	0.032	0.18	37.0	0.0	0.032	0.032
6	1	54	0.0	0.0	nan	nan	0.0	0.0
6	1	51	0.0	0.0	nan	nan	0.0	0.0
6	1	48	0.0	0.0	nan	nan	0.0	0.0
6	1	45	0.0	0.0	nan	nan	0.0	0.0
6	1	42	0.0	0.0	nan	nan	0.0	0.0
6	1	39	0.0	0.0	nan	nan	0.0	0.0
6	1	36	0.0	0.0	nan	nan	0.0	0.0
6	1	33	0.0	0.0	nan	nan	0.0	0.0
6	1	30	0.0	0.0	nan	nan	0.0	0.0
7	1	87	4.871	0.341	16.548	0.568	1.0	1.0
7	1	84	4.516	0.508	16.903	0.539	1.0	1.0
7	1	81	4.129	0.428	17.677	0.541	1.0	1.0
7	1	78	3.645	0.486	18.097	0.651	1.0	1.0
7	1	75	3.29	0.461	18.71	0.973	1.0	1.0
7	1	72	2.774	0.425	19.548	0.85	1.0	1.0
7	1	69	2.323	0.475	20.548	1.207	1.0	1.0
7	1	66	2.129	0.341	21.516	0.996	1.0	1.0
7	1	63	2.0	0.0	22.71	1.243	1.0	1.0
7	1	60	1.871	0.499	24.667	1.269	0.968	0.968
7	1	57	1.29	0.783	26.654	3.358	0.839	0.839
7	1	54	0.966	0.865	29.35	3.787	0.581	0.645
7	1	51	0.0	0.0	nan	nan	0.0	0.0
7	1	48	0.0	0.0	nan	nan	0.0	0.0
7	1	45	0.0	0.0	nan	nan	0.0	0.0
7	1	42	0.0	0.0	nan	nan	0.0	0.0
7	1	39	0.0	0.0	nan	nan	0.0	0.0
7	1	36	0.0	0.0	nan	nan	0.0	0.0
7	1	33	0.0	0.0	nan	nan	0.0	0.0
7	1	30	0.0	0.0	nan	nan	0.0	0.0
8	1	87	4.226	0.425	19.839	0.934	1.0	1.0
8	1	84	4.0	0.0	20.355	0.877	1.0	1.0
8	1	81	3.871	0.341	21.032	0.836	1.0	1.0
8	1	78	3.548	0.506	22.065	0.998	1.0	1.0
8	1	75	3.097	0.301	23.484	1.122	1.0	1.0
8	1	72	3.032	0.407	24.516	1.73	1.0	1.0
8	1	69	3.032	0.18	26.742	1.154	1.0	1.0
8	1	66	2.548	0.675	29.419	2.919	1.0	1.0
8	1	63	1.968	0.706	32.097	3.691	1.0	1.0
8	1	60	1.0	0.643	36.52	2.786	0.774	0.806
8	1	57	0.233	0.504	37.571	2.507	0.194	0.226
8	1	54	0.0	0.0	nan	nan	0.0	0.0
8	1	51	0.0	0.0	nan	nan	0.0	0.0
8	1	48	0.0	0.0	nan	nan	0.0	0.0
8	1	45	0.0	0.0	nan	nan	0.0	0.0
8	1	42	0.0	0.0	nan	nan	0.0	0.0
8	1	39	0.0	0.0	nan	nan	0.0	0.0
8	1	36	0.0	0.0	nan	nan	0.0	0.0
8	1	33	0.0	0.0	nan	nan	0.0	0.0
8	1	30	0.0	0.0	nan	nan	0.0	0.0
9	1	87	2.387	0.558	18.129	0.957	1.0	1.0
9	1	84	1.742	0.514	19.226	0.669	1.0	1.0
9	1	81	1.29	0.461	19.742	0.631	1.0	1.0
9	1	78	1.129	0.341	20.548	0.888	1.0	1.0
9	1	75	1.032	0.18	21.774	1.087	1.0	1.0
9	1	72	1.0	0.0	23.355	1.082	1.0	1.0
9	1	69	0.871	0.341	24.667	1.468	0.871	0.871
9	1	66	0.3	0.466	26.9	2.514	0.29	0.323
9	1	63	0.0	0.0	nan	nan	0.0	0.0
9	1	60	0.0	0.0	nan	nan	0.0	0.0
9	1	57	0.0	0.0	nan	nan	0.0	0.0
9	1	54	0.0	0.0	nan	nan	0.0	0.0
9	1	51	0.0	0.0	nan	nan	0.0	0.0
9	1	48	0.0	0.0	nan	nan	0.0	0.0
9	1	45	0.0	0.0	nan	nan	0.0	0.0
9	1	42	0.0	0.0	nan	nan	0.0	0.0
9	1	39	0.0	0.0	nan	nan	0.0	0.0
9	1	36	0.0	0.0	nan	nan	0.0	0.0
9	1	33	0.0	0.0	nan	nan	0.0	0.0
9	1	30	0.0	0.0	nan	nan	0.0	0.0
10	1	87	3.968	0.18	17.161	0.735	1.0	1.0
10	1	84	3.871	0.341	17.774	0.617	1.0	1.0
10	1	81	3.419	0.502	18.161	0.454	1.0	1.0
10	1	78	3.0	0.447	18.871	0.718	1.0	1.0
10	1	75	2.645	0.551	19.387	0.989	1.0	1.0
10	1	72	2.194	0.402	20.516	1.029	1.0	1.0
10	1	69	2.0	0.0	22.323	1.376	1.0	1.0
10	1	66	2.0	0.0	23.516	1.262	1.0	1.0
10	1	63	2.0	0.0	25.613	2.028	1.0	1.0
10	1	60	1.935	0.25	28.742	3.193	1.0	1.0
10	1	57	1.136	0.834	34.84	4.589	0.516	0.806
10	1	54	0.0	0.0	nan	nan	0.0	0.0
10	1	51	0.0	0.0	nan	nan	0.0	0.0
10	1	48	0.0	0.0	nan	nan	0.0	0.0
10	1	45	0.0	0.0	nan	nan	0.0	0.0
10	1	42	0.0	0.0	nan	nan	0.0	0.0
10	1	39	0.0	0.0	nan	nan	0.0	0.0
10	1	36	0.0	0.0	nan	nan	0.0	0.0
10	1	33	0.0	0.0	nan	nan	0.0	0.0
10	1	30	0.0	0.0	nan	nan	0.0	0.0
11	1	87	4.774	0.425	17.774	0.497	1.0	1.0
11	1	84	4.355	0.551	18.419	0.765	1.0	1.0
11	1	81	4.032	0.482	18.71	0.588	1.0	1.0
11	1	78	3.419	0.502	19.355	0.709	1.0	1.0
11	1	75	3.161	0.374	20.161	0.898	1.0	1.0
11	1	72	3.0	0.0	21.194	0.703	1.0	1.0
11	1	69	3.0	0.0	22.29	0.973	1.0	1.0
11	1	66	3.0	0.0	23.645	1.279	1.0	1.0
11	1	63	2.581	0.502	25.129	1.408	1.0	1.0
11	1	60	2.258	0.445	26.935	1.999	1.0	1.0
11	1	57	2.032	0.315	29.839	1.985	1.0	1.0
11	1	54	1.3	0.466	35.871	3.547	0.968	1.0
11	1	51	0.484	0.57	38.214	2.577	0.452	0.452
11	1	48	0.0	0.0	nan	nan	0.0	0.0
11	1	45	0.0	0.0	nan	nan	0.0	0.0
11	1	42	0.0	0.0	nan	nan	0.0	0.0
11	1	39	0.0	0.0	nan	nan	0.0	0.0
11	1	36	0.0	0.0	nan	nan	0.0	0.0
11	1	33	0.0	0.0	nan	nan	0.0	0.0
11	1	30	0.0	0.0	nan	nan	0.0	0.0
12	1	87	1.806	0.402	20.71	0.824	1.0	1.0
12	1	84	1.29	0.461	21.613	1.174	1.0	1.0
12	1	81	1.032	0.18	22.645	1.199	1.0	1.0
12	1	78	1.0	0.0	24.161	1.463	1.0	1.0
12	1	75	0.839	0.374	26.038	2.049	0.839	0.839
12	1	72	0.194	0.402	27.5	1.643	0.194	0.194
12	1	69	0.0	0.0	nan	nan	0.0	0.0
12	1	66	0.0	0.0	nan	nan	0.0	0.0
12	1	63	0.0	0.0	nan	nan	0.0	0.0
12	1	60	0.0	0.0	nan	nan	0.0	0.0
12	1	57	0.0	0.0	nan	nan	0.0	0.0
12	1	54	0.0	0.0	nan	nan	0.0	0.0
12	1	51	0.0	0.0	nan	nan	0.0	0.0
12	1	48	0.0	0.0	nan	nan	0.0	0.0
12	1	45	0.0	0.0	nan	nan	0.0	0.0
12	1	42	0.0	0.0	nan	nan	0.0	0.0
12	1	39	0.0	0.0	nan	nan	0.0	0.0
12	1	36	0.0	0.0	nan	nan	0.0	0.0
12	1	33	0.0	0.0	nan	nan	0.0	0.0
12	1	30	0.0	0.0	nan	nan	0.0	0.0
13	1	87	3.129	0.341	16.935	0.512	1.0	1.0
13	1	84	3.0	0.258	17.419	0.564	1.0	1.0
13	1	81	2.806	0.402	17.968	0.482	1.0	1.0
13	1	78	2.387	0.558	18.484	0.769	1.0	1.0
13	1	75	1.935	0.359	19.355	0.661	1.0	1.0
13	1	72	1.742	0.514	20.129	1.147	1.0	1.0
13	1	69	1.387	0.558	21.613	1.407	1.0	1.0
13	1	66	1.226	0.425	23.419	2.187	1.0	1.0
13	1	63	0.871	0.428	25.231	2.065	0.839	0.839
13	1	60	0.167	0.379	26.333	1.966	0.161	0.194
13	1	57	0.0	0.0	nan	nan	0.0	0.0
13	1	54	0.0	0.0	nan	nan	0.0	0.0
13	1	51	0.0	0.0	nan	nan	0.0	0.0
13	1	48	0.0	0.0	nan	nan	0.0	0.0
13	1	45	0.0	0.0	nan	nan	0.0	0.0
13	1	42	0.0	0.0	nan	nan	0.0	0.0
13	1	39	0.0	0.0	nan	nan	0.0	0.0
13	1	36	0.0	0.0	nan	nan	0.0	0.0
13	1	33	0.0	0.0	nan	nan	0.0	0.0
13	1	30	0.0	0.0	nan	nan	0.0	0.0
14	1	87	2.032	0.18	19.774	0.99	1.0	1.0
14	1	84	2.0	0.0	20.452	0.675	1.0	1.0
14	1	81	2.0	0.0	21.29	1.16	1.0	1.0
14	1	78	1.935	0.25	22.226	1.146	1.0	1.0
14	1	75	1.774	0.425	23.613	1.202	1.0	1.0
14	1	72	1.367	0.49	25.871	2.46	0.968	1.0
14	1	69	0.897	0.557	28.2	3.512	0.742	0.806
14	1	66	0.4	0.498	28.846	2.267	0.387	0.419
14	1	63	0.0	0.0	nan	nan	0.0	0.0
14	1	60	0.0	0.0	nan	nan	0.0	0.0
14	1	57	0.0	0.0	nan	nan	0.0	0.0
14	1	54	0.0	0.0	nan	nan	0.0	0.0
14	1	51	0.0	0.0	nan	nan	0.0	0.0
14	1	48	0.0	0.0	nan	nan	0.0	0.0
14	1	45	0.0	0.0	nan	nan	0.0	0.0
14	1	42	0.0	0.0	nan	nan	0.0	0.0
14	1	39	0.0	0.0	nan	nan	0.0	0.0
14	1	36	0.0	0.0	nan	nan	0.0	0.0
14	1	33	0.0	0.0	nan	nan	0.0	0.0
14	1	30	0.0	0.0	nan	nan	0.0	0.0
15	1	87	2.742	0.445	19.452	0.568	1.0	1.0
15	1	84	2.387	0.495	20.29	0.693	1.0	1.0
15	1	81	2.161	0.374	20.968	1.016	1.0	1.0
15	1	78	2.0	0.0	22.161	1.241	1.0	1.0
15	1	75	1.935	0.25	23.194	1.223	1.0	1.0
15	1	72	1.774	0.425	24.742	1.548	1.0	1.0
15	1	69	1.29	0.588	26.483	1.526	0.935	0.935
15	1	66	0.778	0.506	30.625	3.241	0.645	0.774
15	1	63	0.065	0.359	30.0	0.0	0.032	0.032
15	1	60	0.0	0.0	nan	nan	0.0	0.0
15	1	57	0.0	0.0	nan	nan	0.0	0.0
15	1	54	0.0	0.0	nan	nan	0.0	0.0
15	1	51	0.0	0.0	nan	nan	0.0	0.0
15	1	48	0.0	0.0	nan	nan	0.0	0.0
15	1	45	0.0	0.0	nan	nan	0.0	0.0
15	1	42	0.0	0.0	nan	nan	0.0	0.0
15	1	39	0.0	0.0	nan	nan	0.0	0.0
15	1	36	0.0	0.0	nan	nan	0.0	0.0
15	1	33	0.0	0.0	nan	nan	0.0	0.0
15	1	30	0.0	0.0	nan	nan	0.0	0.0
16	1	87	3.613	0.715	18.258	0.631	1.0	1.0
16	1	84	3.29	0.643	18.677	1.013	1.0	1.0
16	1	81	2.968	0.407	19.29	0.693	1.0	1.0
16	1	78	2.677	0.475	20.323	0.748	1.0	1.0
16	1	75	2.258	0.445	21.097	1.165	1.0	1.0
16	1	72	2.226	0.425	21.968	1.494	1.0	1.0
16	1	69	1.968	0.315	23.806	1.797	1.0	1.0
16	1	66	1.867	0.346	25.452	2.406	0.968	1.0
16	1	63	1.25	0.799	28.48	3.537	0.71	0.806
16	1	60	0.357	0.559	30.083	3.777	0.29	0.387
16	1	57	0.065	0.25	32.5	7.778	0.065	0.065
16	1	54	0.0	0.0	nan	nan	0.0	0.0
16	1	51	0.0	0.0	nan	nan	0.0	0.0
16	1	48	0.0	0.0	nan	nan	0.0	0.0
16	1	45	0.0	0.0	nan	nan	0.0	0.0
16	1	42	0.0	0.0	nan	nan	0.0	0.0
16	1	39	0.0	0.0	nan	nan	0.0	0.0
16	1	36	0.0	0.0	nan	nan	0.0	0.0
16	1	33	0.0	0.0	nan	nan	0.0	0.0
16	1	30	0.0	0.0	nan	nan	0.0	0.0
17	1	87	4.968	0.18	16.452	0.568	1.0	1.0
17	1	84	4.258	0.575	17.0	0.856	1.0	1.0
17	1	81	4.097	0.473	17.387	0.919	1.0	1.0
17	1	78	3.613	0.495	18.032	0.657	1.0	1.0
17	1	75	3.29	0.461	18.839	1.128	1.0	1.0
17	1	72	3.0	0.0	19.871	0.846	1.0	1.0
17	1	69	2.935	0.25	19.871	1.31	1.0	1.0
17	1	66	2.548	0.506	21.516	1.411	1.0	1.0
17	1	63	2.129	0.341	23.484	1.568	1.0	1.0
17	1	60	2.065	0.25	25.161	1.734	1.0	1.0
17	1	57	1.935	0.359	28.613	3.783	1.0	1.0
17	1	54	1.452	0.675	33.893	4.219	0.903	0.903
17	1	51	0.31	0.66	35.25	5.339	0.194	0.258
17	1	48	0.129	0.499	25.5	2.121	0.065	0.065
17	1	45	0.0	0.0	nan	nan	0.0	0.0
17	1	42	0.0	0.0	nan	nan	0.0	0.0
17	1	39	0.0	0.0	nan	nan	0.0	0.0
17	1	36	0.0	0.0	nan	nan	0.0	0.0
17	1	33	0.0	0.0	nan	nan	0.0	0.0
17	1	30	0.0	0.0	nan	nan	0.0	0.0
18	1	87	1.935	0.25	21.0	0.931	1.0	1.0
18	1	84	1.548	0.506	22.258	1.29	1.0	1.0
18	1	81	1.29	0.461	24.29	2.254	1.0	1.0
18	1	78	1.0	0.447	24.571	1.289	0.903	0.903
18	1	75	0.806	0.543	26.522	2.52	0.742	0.742
18	1	72	0.367	0.49	28.333	3.447	0.355	0.387
18	1	69	0.0	0.0	nan	nan	0.0	0.0
18	1	66	0.0	0.0	nan	nan	0.0	0.0
18	1	63	0.0	0.0	nan	nan	0.0	0.0
18	1	60	0.0	0.0	nan	nan	0.0	0.0
18	1	57	0.0	0.0	nan	nan	0.0	0.0
18	1	54	0.0	0.0	nan	nan	0.0	0.0
18	1	51	0.0	0.0	nan	nan	0.0	0.0
18	1	48	0.0	0.0	nan	nan	0.0	0.0
18	1	45	0.0	0.0	nan	nan	0.0	0.0
18	1	42	0.0	0.0	nan	nan	0.0	0.0
18	1	39	0.0	0.0	nan	nan	0.0	0.0
18	1	36	0.0	0.0	nan	nan	0.0	0.0
18	1	33	0.0	0.0	nan	nan	0.0	0.0
18	1	30	0.0	0.0	nan	nan	0.0	0.0
19	1	87	4.548	0.506	18.387	0.667	1.0	1.0
19	1	84	4.129	0.499	18.935	1.063	1.0	1.0
19	1	81	3.806	0.402	19.71	0.643	1.0	1.0
19	1	78	3.516	0.508	20.29	0.938	1.0	1.0
19	1	75	3.065	0.25	21.129	0.806	1.0	1.0
19	1	72	3.032	0.18	22.645	1.17	1.0	1.0
19	1	69	2.903	0.396	24.129	2.579	1.0	1.0
19	1	66	2.968	0.18	25.613	1.308	1.0	1.0
19	1	63	2.516	0.57	28.645	2.87	1.0	1.0
19	1	60	1.774	0.617	32.1	3.566	0.968	0.968
19	1	57	1.032	0.795	36.435	5.053	0.742	0.742
19	1	54	0.065	0.25	38.0	1.414	0.065	0.065
19	1	51	0.0	0.0	nan	nan	0.0	0.0
19	1	48	0.0	0.0	nan	nan	0.0	0.0
19	1	45	0.0	0.0	nan	nan	0.0	0.0
19	1	42	0.0	0.0	nan	nan	0.0	0.0
19	1	39	0.0	0.0	nan	nan	0.0	0.0
19	1	36	0.0	0.0	nan	nan	0.0	0.0
19	1	33	0.0	0.0	nan	nan	0.0	0.0
19	1	30	0.0	0.0	nan	nan	0.0	0.0
20	1	87	3.613	0.615	18.226	0.717	1.0	1.0
20	1	84	3.323	0.541	18.903	0.87	1.0	1.0
20	1	81	3.065	0.25	19.387	0.761	1.0	1.0
20	1	78	2.903	0.396	20.323	0.832	1.0	1.0
20	1	75	2.806	0.402	21.032	0.875	1.0	1.0
20	1	72	2.484	0.508	22.065	1.063	1.0	1.0
20	1	69	2.032	0.315	23.129	0.957	1.0	1.0
20	1	66	1.935	0.25	24.903	1.795	1.0	1.0
20	1	63	1.968	0.18	26.484	2.803	1.0	1.0
20	1	60	1.767	0.504	28.8	3.123	0.935	0.968
20	1	57	1.536	0.744	32.333	3.762	0.774	0.871
20	1	54	0.2	0.484	32.667	3.777	0.161	0.194
20	1	51	0.0	0.0	nan	nan	0.0	0.0
20	1	48	0.0	0.0	nan	nan	0.0	0.0
20	1	45	0.0	0.0	nan	nan	0.0	0.0
20	1	42	0.0	0.0	nan	nan	0.0	0.0
20	1	39	0.0	0.0	nan	nan	0.0	0.0
20	1	36	0.0	0.0	nan	nan	0.0	0.0
20	1	33	0.0	0.0	nan	nan	0.0	0.0
20	1	30	0.0	0.0	nan	nan	0.0	0.0
21	1	87	1.774	0.425	21.194	1.046	1.0	1.0
21	1	84	1.29	0.461	22.613	1.626	1.0	1.0
21	1	81	1.097	0.301	23.452	1.234	1.0	1.0
21	1	78	0.968	0.18	25.4	2.094	0.968	0.968
21	1	75	0.677	0.475	27.19	2.75	0.677	0.677
21	1	72	0.032	0.18	26.0	0.0	0.032	0.032
21	1	69	0.0	0.0	nan	nan	0.0	0.0
21	1	66	0.0	0.0	nan	nan	0.0	0.0
21	1	63	0.0	0.0	nan	nan	0.0	0.0
21	1	60	0.0	0.0	nan	nan	0.0	0.0
21	1	57	0.0	0.0	nan	nan	0.0	0.0
21	1	54	0.0	0.0	nan	nan	0.0	0.0
21	1	51	0.0	0.0	nan	nan	0.0	0.0
21	1	48	0.0	0.0	nan	nan	0.0	0.0
21	1	45	0.0	0.0	nan	nan	0.0	0.0
21	1	42	0.0	0.0	nan	nan	0.0	0.0
21	1	39	0.0	0.0	nan	nan	0.0	0.0
21	1	36	0.0	0.0	nan	nan	0.0	0.0
21	1	33	0.0	0.0	nan	nan	0.0	0.0
21	1	30	0.0	0.0	nan	nan	0.0	0.0
22	1	87	5.0	0.0	17.0	0.632	1.0	1.0
22	1	84	4.903	0.396	17.419	0.848	1.0	1.0
22	1	81	4.323	0.653	18.226	0.669	1.0	1.0
22	1	78	3.71	0.783	18.806	0.946	1.0	1.0
22	1	75	3.097	0.301	19.387	0.615	1.0	1.0
22	1	72	3.0	0.0	20.452	1.15	1.0	1.0
22	1	69	3.0	0.0	21.097	1.076	1.0	1.0
22	1	66	2.903	0.301	22.29	1.216	1.0	1.0
22	1	63	2.742	0.445	24.742	2.19	1.0	1.0
22	1	60	2.226	0.425	26.677	2.386	1.0	1.0
22	1	57	1.935	0.25	29.097	3.208	1.0	1.0
22	1	54	1.345	0.67	34.5	4.023	0.839	0.903
22	1	51	0.893	0.875	35.8	4.572	0.548	0.645
22	1	48	0.0	0.0	nan	nan	0.0	0.0
22	1	45	0.0	0.0	nan	nan	0.0	0.0
22	1	42	0.0	0.0	nan	nan	0.0	0.0
22	1	39	0.0	0.0	nan	nan	0.0	0.0
22	1	36	0.0	0.0	nan	nan	0.0	0.0
22	1	33	0.0	0.0	nan	nan	0.0	0.0
22	1	30	0.0	0.0	nan	nan	0.0	0.0
23	1	87	1.645	0.486	21.0	0.577	1.0	1.0
23	1	84	1.258	0.445	21.806	1.47	1.0	1.0
23	1	81	1.161	0.374	23.258	1.527	1.0	1.0
23	1	78	1.0	0.0	25.129	2.604	1.0	1.0
23	1	75	0.833	0.379	26.0	1.47	0.806	0.839
23	1	72	0.161	0.374	29.8	3.114	0.161	0.161
23	1	69	0.0	0.0	nan	nan	0.0	0.0
23	1	66	0.0	0.0	nan	nan	0.0	0.0
23	1	63	0.0	0.0	nan	nan	0.0	0.0
23	1	60	0.0	0.0	nan	nan	0.0	0.0
23	1	57	0.0	0.0	nan	nan	0.0	0.0
23	1	54	0.0	0.0	nan	nan	0.0	0.0
23	1	51	0.0	0.0	nan	nan	0.0	0.0
23	1	48	0.0	0.0	nan	nan	0.0	0.0
23	1	45	0.0	0.0	nan	nan	0.0	0.0
23	1	42	0.0	0.0	nan	nan	0.0	0.0
23	1	39	0.0	0.0	nan	nan	0.0	0.0
23	1	36	0.0	0.0	nan	nan	0.0	0.0
23	1	33	0.0	0.0	nan	nan	0.0	0.0
23	1	30	0.0	0.0	nan	nan	0.0	0.0
24	1	87	2.032	0.18	19.613	1.086	1.0	1.0
24	1	84	2.032	0.315	20.065	2.016	1.0	1.0
24	1	81	1.871	0.341	21.065	0.964	1.0	1.0
24	1	78	1.645	0.486	21.935	1.389	1.0	1.0
24	1	75	1.333	0.479	23.452	1.287	0.968	1.0
24	1	72	1.065	0.25	24.903	1.491	1.0	1.0
24	1	69	0.903	0.473	26.577	2.157	0.839	0.839
24	1	66	0.129	0.341	27.25	1.708	0.129	0.129
24	1	63	0.0	0.0	nan	nan	0.0	0.0
24	1	60	0.0	0.0	nan	nan	0.0	0.0
24	1	57	0.0	0.0	nan	nan	0.0	0.0
24	1	54	0.0	0.0	nan	nan	0.0	0.0
24	1	51	0.0	0.0	nan	nan	0.0	0.0
24	1	48	0.0	0.0	nan	nan	0.0	0.0
24	1	45	0.0	0.0	nan	nan	0.0	0.0
24	1	42	0.0	0.0	nan	nan	0.0	0.0
24	1	39	0.0	0.0	nan	nan	0.0	0.0
24	1	36	0.0	0.0	nan	nan	0.0	0.0
24	1	33	0.0	0.0	nan	nan	0.0	0.0
24	1	30	0.0	0.0	nan	nan	0.0	0.0
25	1	87	1.0	0.0	22.452	1.338	1.0	1.0
25	1	84	1.0	0.0	24.194	1.833	0.935	1.0
25	1	81	0.552	0.506	25.278	2.608	0.516	0.581
25	1	78	0.233	0.43	27.125	2.85	0.226	0.258
25	1	75	0.0	0.0	nan	nan	0.0	0.0
25	1	72	0.0	0.0	nan	nan	0.0	0.0
25	1	69	0.0	0.0	nan	nan	0.0	0.0
25	1	66	0.0	0.0	nan	nan	0.0	0.0
25	1	63	0.0	0.0	nan	nan	0.0	0.0
25	1	60	0.0	0.0	nan	nan	0.0	0.0
25	1	57	0.0	0.0	nan	nan	0.0	0.0
25	1	54	0.0	0.0	nan	nan	0.0	0.0
25	1	51	0.0	0.0	nan	nan	0.0	0.0
25	1	48	0.0	0.0	nan	nan	0.0	0.0
25	1	45	0.0	0.0	nan	nan	0.0	0.0
25	1	42	0.0	0.0	nan	nan	0.0	0.0
25	1	39	0.0	0.0	nan	nan	0.0	0.0
25	1	36	0.0	0.0	nan	nan	0.0	0.0
25	1	33	0.0	0.0	nan	nan	0.0	0.0
25	1	30	0.0	0.0	nan	nan	0.0	0.0
26	1	87	4.387	0.495	18.419	0.502	1.0	1.0
26	1	84	3.806	0.703	19.097	0.908	1.0	1.0
26	1	81	3.258	0.445	19.871	0.806	1.0	1.0
26	1	78	3.097	0.396	20.323	0.791	1.0	1.0
26	1	75	2.968	0.18	21.032	1.048	1.0	1.0
26	1	72	2.903	0.301	22.839	1.214	1.0	1.0
26	1	69	2.774	0.425	23.516	1.122	1.0	1.0
26	1	66	2.452	0.506	25.226	1.627	1.0	1.0
26	1	63	2.194	0.402	27.323	2.561	1.0	1.0
26	1	60	1.903	0.396	30.419	2.814	1.0	1.0
26	1	57	1.0	0.73	35.739	3.151	0.742	0.742
26	1	54	0.167	0.379	39.5	1.378	0.161	0.194
26	1	51	0.0	0.0	nan	nan	0.0	0.0
26	1	48	0.0	0.0	nan	nan	0.0	0.0
26	1	45	0.0	0.0	nan	nan	0.0	0.0
26	1	42	0.0	0.0	nan	nan	0.0	0.0
26	1	39	0.0	0.0	nan	nan	0.0	0.0
26	1	36	0.0	0.0	nan	nan	0.0	0.0
26	1	33	0.0	0.0	nan	nan	0.0	0.0
26	1	30	0.0	0.0	nan	nan	0.0	0.0
27	1	87	4.581	0.502	16.677	0.599	1.0	1.0
27	1	84	4.258	0.514	17.129	0.499	1.0	1.0
27	1	81	4.097	0.396	17.194	0.543	1.0	1.0
27	1	78	3.677	0.475	17.968	0.706	1.0	1.0
27	1	75	3.29	0.529	18.484	0.508	1.0	1.0
27	1	72	2.677	0.541	19.677	0.832	1.0	1.0
27	1	69	2.29	0.529	20.29	1.16	1.0	1.0
27	1	66	2.129	0.341	21.065	1.209	1.0	1.0
27	1	63	2.0	0.0	22.355	1.17	1.0	1.0
27	1	60	1.839	0.374	23.839	1.573	1.0	1.0
27	1	57	1.645	0.486	25.935	2.632	1.0	1.0
27	1	54	0.8	0.761	28.0	3.249	0.581	0.613
27	1	51	0.107	0.315	32.833	3.371	0.097	0.194
27	1	48	0.0	0.0	nan	nan	0.0	0.0
27	1	45	0.0	0.0	nan	nan	0.0	0.0
27	1	42	0.0	0.0	nan	nan	0.0	0.0
27	1	39	0.0	0.0	nan	nan	0.0	0.0
27	1	36	0.0	0.0	nan	nan	0.0	0.0
27	1	33	0.0	0.0	nan	nan	0.0	0.0
27	1	30	0.0	0.0	nan	nan	0.0	0.0
28	1	87	3.161	0.638	18.0	1.095	1.0	1.0
28	1	84	2.323	0.475	18.581	0.62	1.0	1.0
28	1	81	2.065	0.25	19.226	0.805	1.0	1.0
28	1	78	2.0	0.0	20.387	1.022	1.0	1.0
28	1	75	1.903	0.301	21.419	1.232	1.0	1.0
28	1	72	1.548	0.506	22.806	1.25	1.0	1.0
28	1	69	1.065	0.359	24.833	1.877	0.968	0.968
28	1	66	0.448	0.506	27.533	3.159	0.419	0.484
28	1	63	0.097	0.301	29.0	2.0	0.097	0.097
28	1	60	0.0	0.0	nan	nan	0.0	0.0
28	1	57	0.0	0.0	nan	nan	0.0	0.0
28	1	54	0.0	0.0	nan	nan	0.0	0.0
28	1	51	0.0	0.0	nan	nan	0.0	0.0
28	1	48	0.0	0.0	nan	nan	0.0	0.0
28	1	45	0.0	0.0	nan	nan	0.0	0.0
28	1	42	0.0	0.0	nan	nan	0.0	0.0
28	1	39	0.0	0.0	nan	nan	0.0	0.0
28	1	36	0.0	0.0	nan	nan	0.0	0.0
28	1	33	0.0	0.0	nan	nan	0.0	0.0
28	1	30	0.0	0.0	nan	nan	0.0	0.0
29	1	87	4.0	0.0	16.613	0.495	1.0	1.0
29	1	84	4.0	0.0	17.065	0.574	1.0	1.0
29	1	81	3.806	0.402	17.581	0.765	1.0	1.0
29	1	78	3.613	0.495	18.032	0.657	1.0	1.0
29	1	75	3.065	0.574	18.871	0.763	1.0	1.0
29	1	72	2.548	0.568	19.452	0.81	1.0	1.0
29	1	69	2.097	0.301	20.29	1.243	1.0	1.0
29	1	66	2.0	0.0	21.871	1.384	1.0	1.0
29	1	63	1.968	0.18	24.097	1.193	1.0	1.0
29	1	60	2.0	0.0	27.032	3.764	0.968	1.0
29	1	57	1.536	0.693	31.429	4.811	0.806	0.903
29	1	54	0.423	0.758	35.833	3.904	0.226	0.387
29	1	51	0.0	0.0	41.0	0.0	0.0	0.065
29	1	48	0.0	0.0	nan	nan	0.0	0.0
29	1	45	0.0	0.0	nan	nan	0.0	0.0
29	1	42	0.0	0.0	nan	nan	0.0	0.0
29	1	39	0.0	0.0	nan	nan	0.0	0.0
29	1	36	0.0	0.0	nan	nan	0.0	0.0
29	1	33	0.0	0.0	nan	nan	0.0	0.0
29	1	30	0.0	0.0	nan	nan	0.0	0.0
30	1	87	2.355	0.486	19.677	0.702	1.0	1.0
30	1	84	2.258	0.445	20.419	0.72	1.0	1.0
30	1	81	2.032	0.18	21.613	1.647	1.0	1.0
30	1	78	2.0	0.0	22.71	1.071	1.0	1.0
30	1	75	1.935	0.25	23.968	1.251	1.0	1.0
30	1	72	1.871	0.341	25.0	1.483	1.0	1.0
30	1	69	1.621	0.561	27.933	3.129	0.903	0.968
30	1	66	0.897	0.724	30.0	2.878	0.645	0.71
30	1	63	0.138	0.351	33.5	3.391	0.129	0.194
30	1	60	0.0	0.0	nan	nan	0.0	0.0
30	1	57	0.0	0.0	nan	nan	0.0	0.0
30	1	54	0.0	0.0	nan	nan	0.0	0.0
30	1	51	0.0	0.0	nan	nan	0.0	0.0
30	1	48	0.0	0.0	nan	nan	0.0	0.0
30	1	45	0.0	0.0	nan	nan	0.0	0.0
30	1	42	0.0	0.0	nan	nan	0.0	0.0
30	1	39	0.0	0.0	nan	nan	0.0	0.0
30	1	36	0.0	0.0	nan	nan	0.0	0.0
30	1	33	0.0	0.0	nan	nan	0.0	0.0
30	1	30	0.0	0.0	nan	nan	0.0	0.0
31	1	87	2.548	0.624	18.387	0.558	1.0	1.0
31	1	84	2.097	0.396	18.968	0.657	1.0	1.0
31	1	81	2.0	0.0	19.871	0.763	1.0	1.0
31	1	78	2.0	0.0	20.516	0.811	1.0	1.0
31	1	75	1.968	0.18	21.677	0.979	1.0	1.0
31	1	72	1.933	0.254	23.613	2.376	0.968	1.0
31	1	69	1.806	0.402	24.258	1.653	1.0	1.0
31	1	66	1.323	0.475	27.323	2.006	1.0	1.0
31	1	63	0.931	0.651	28.458	2.963	0.71	0.774
31	1	60	0.065	0.25	31.0	1.414	0.065	0.065
31	1	57	0.0	0.0	nan	nan	0.0	0.0
31	1	54	0.0	0.0	nan	nan	0.0	0.0
31	1	51	0.0	0.0	nan	nan	0.0	0.0
31	1	48	0.0	0.0	nan	nan	0.0	0.0
31	1	45	0.0	0.0	nan	nan	0.0	0.0
31	1	42	0.0	0.0	nan	nan	0.0	0.0
31	1	39	0.0	0.0	nan	nan	0.0	0.0
31	1	36	0.0	0.0	nan	nan	0.0	0.0
31	1	33	0.0	0.0	nan	nan	0.0	0.0
31	1	30	0.0	0.0	nan	nan	0.0	0.0
0	2	87	4.419	0.502	17.129	0.499	1.0	1.0
0	2	84	3.968	0.407	17.484	0.57	1.0	1.0
0	2	81	3.355	0.551	18.387	0.955	1.0	1.0
0	2	78	3.032	0.18	19.226	1.023	1.0	1.0
0	2	75	2.968	0.18	20.645	1.253	1.0	1.0
0	2	72	2.548	0.506	21.355	0.915	1.0	1.0
0	2	69	2.29	0.461	22.29	1.918	1.0	1.0
0	2	66	2.0	0.0	24.677	1.326	1.0	1.0
0	2	63	2.0	0.0	26.903	2.119	1.0	1.0
0	2	60	1.871	0.341	30.839	2.899	1.0	1.0
0	2	57	0.75	0.844	35.647	3.807	0.452	0.548
0	2	54	0.138	0.441	39.0	3.24	0.097	0.161
0	2	51	0.0	0.0	nan	nan	0.0	0.0
0	2	48	0.0	0.0	nan	nan	0.0	0.0
0	2	45	0.0	0.0	nan	nan	0.0	0.0
0	2	42	0.0	0.0	nan	nan	0.0	0.0
0	2	39	0.0	0.0	nan	nan	0.0	0.0
0	2	36	0.0	0.0	nan	nan	0.0	0.0
0	2	33	0.0	0.0	nan	nan	0.0	0.0
0	2	30	0.0	0.0	nan	nan	0.0	0.0
1	2	87	2.097	0.7	18.613	0.761	1.0	1.0
1	2	84	1.323	0.541	19.452	0.85	1.0	1.0
1	2	81	1.129	0.341	20.323	1.194	1.0	1.0
1	2	78	1.032	0.18	21.258	1.154	1.0	1.0
1	2	75	1.0	0.0	23.097	1.3	1.0	1.0
1	2	72	0.9	0.305	24.286	1.652	0.871	0.903
1	2	69	0.516	0.508	25.75	1.88	0.516	0.516
1	2	66	0.032	0.18	29.0	0.0	0.032	0.032
1	2	63	0.0	0.0	nan	nan	0.0	0.0
1	2	60	0.0	0.0	nan	nan	0.0	0.0
1	2	57	0.0	0.0	nan	nan	0.0	0.0
1	2	54	0.0	0.0	nan	nan	0.0	0.0
1	2	51	0.0	0.0	nan	nan	0.0	0.0
1	2	48	0.0	0.0	nan	nan	0.0	0.0
1	2	45	0.0	0.0	nan	nan	0.0	0.0
1	2	42	0.0	0.0	nan	nan	0.0	0.0
1	2	39	0.0	0.0	nan	nan	0.0	0.0
1	2	36	0.0	0.0	nan	nan	0.0	0.0
1	2	33	0.0	0.0	nan	nan	0.0	0.0
1	2	30	0.0	0.0	nan	nan	0.0	0.0
2	2	87	2.226	0.425	18.774	0.617	1.0	1.0
2	2	84	1.968	0.315	19.548	1.287	1.0	1.0
2	2	81	1.581	0.502	20.323	0.702	1.0	1.0
2	2	78	1.355	0.486	21.548	1.929	1.0	1.0
2	2	75	1.161	0.374	22.452	1.502	1.0	1.0
2	2	72	1.0	0.258	24.2	1.324	0.968	0.968
2	2	69	0.8	0.407	26.92	3.174	0.774	0.806
2	2	66	0.065	0.25	29.5	4.95	0.065	0.065
2	2	63	0.0	0.0	nan	nan	0.0	0.0
2	2	60	0.0	0.0	nan	nan	0.0	0.0
2	2	57	0.0	0.0	nan	nan	0.0	0.0
2	2	54	0.0	0.0	nan	nan	0.0	0.0
2	2	51	0.0	0.0	nan	nan	0.0	0.0
2	2	48	0.0	0.0	nan	nan	0.0	0.0
2	2	45	0.0	0.0	nan	nan	0.0	0.0
2	2	42	0.0	0.0	nan	nan	0.0	0.0
2	2	39	0.0	0.0	nan	nan	0.0	0.0
2	2	36	0.0	0.0	nan	nan	0.0	0.0
2	2	33	0.0	0.0	nan	nan	0.0	0.0
2	2	30	0.0	0.0	nan	nan	0.0	0.0
3	2	87	3.419	0.62	17.645	0.915	1.0	1.0
3	2	84	2.903	0.651	18.065	0.512	1.0	1.0
3	2	81	2.29	0.461	18.581	0.72	1.0	1.0
3	2	78	2.032	0.18	19.387	0.667	1.0	1.0
3	2	75	2.0	0.0	20.839	0.934	1.0	1.0
3	2	72	1.968	0.18	21.806	1.167	1.0	1.0
3	2	69	1.742	0.445	23.29	1.346	1.0	1.0
3	2	66	1.419	0.502	24.871	1.979	1.0	1.0
3	2	63	1.0	0.365	27.172	2.205	0.935	0.935
3	2	60	0.387	0.495	29.417	3.204	0.387	0.387
3	2	57	0.0	0.0	nan	nan	0.0	0.0
3	2	54	0.0	0.0	nan	nan	0.0	0.0
3	2	51	0.0	0.0	nan	nan	0.0	0.0
3	2	48	0.0	0.0	nan	nan	0.0	0.0
3	2	45	0.0	0.0	nan	nan	0.0	0.0
3	2	42	0.0	0.0	nan	nan	0.0	0.0
3	2	39	0.0	0.0	nan	nan	0.0	0.0
3	2	36	0.0	0.0	nan	nan	0.0	0.0
3	2	33	0.0	0.0	nan	nan	0.0	0.0
3	2	30	0.0	0.0	nan	nan	0.0	0.0
4	2	87	4.097	0.301	16.484	0.508	1.0	1.0
4	2	84	4.0	0.0	17.0	0.577	1.0	1.0
4	2	81	3.935	0.25	17.323	0.832	1.0	1.0
4	2	78	3.774	0.497	17.968	0.706	1.0	1.0
4	2	75	3.129	0.562	18.774	0.884	1.0	1.0
4	2	72	2.516	0.508	19.581	0.848	1.0	1.0
4	2	69	2.323	0.475	21.097	1.491	1.0	1.0
4	2	66	2.032	0.18	21.839	1.157	1.0	1.0
4	2	63	2.0	0.0	23.548	1.964	1.0	1.0
4	2	60	1.968	0.18	26.677	3.145	1.0	1.0
4	2	57	1.742	0.575	29.379	3.416	0.935	0.935
4	2	54	1.115	0.711	35.385	4.596	0.677	0.839
4	2	51	0.033	0.183	41.5	3.536	0.032	0.065
4	2	48	0.0	0.0	nan	nan	0.0	0.0
4	2	45	0.0	0.0	nan	nan	0.0	0.0
4	2	42	0.0	0.0	nan	nan	0.0	0.0
4	2	39	0.0	0.0	nan	nan	0.0	0.0
4	2	36	0.0	0.0	nan	nan	0.0	0.0
4	2	33	0.0	0.0	nan	nan	0.0	0.0
4	2	30	0.0	0.0	nan	nan	0.0	0.0
5	2	87	3.258	0.631	18.613	0.558	1.0	1.0
5	2	84	2.71	0.461	19.452	0.624	1.0	1.0
5	2	81	2.29	0.461	20.387	1.706	1.0	1.0
5	2	78	2.032	0.18	21.742	1.237	1.0	1.0
5	2	75	1.968	0.18	23.0	2.309	1.0	1.0
5	2	72	2.032	0.18	24.613	2.231	1.0	1.0
5	2	69	1.935	0.25	27.065	2.92	1.0	1.0
5	2	66	1.808	0.402	31.806	4.708	0.839	1.0
5	2	63	0.389	0.698	36.556	3.203	0.161	0.581
5	2	60	0.0	0.0	nan	nan	0.0	0.0
5	2	57	0.0	0.0	nan	nan	0.0	0.0
5	2	54	0.0	0.0	nan	nan	0.0	0.0
5	2	51	0.0	0.0	nan	nan	0.0	0.0
5	2	48	0.0	0.0	nan	nan	0.0	0.0
5	2	45	0.0	0.0	nan	nan	0.0	0.0
5	2	42	0.0	0.0	nan	nan	0.0	0.0
5	2	39	0.0	0.0	nan	nan	0.0	0.0
5	2	36	0.0	0.0	nan	nan	0.0	0.0
5	2	33	0.0	0.0	nan	nan	0.0	0.0
5	2	30	0.0	0.0	nan	nan	0.0	0.0
6	2	87	4.0	0.0	17.226	0.617	1.0	1.0
6	2	84	3.774	0.425	17.774	0.617	1.0	1.0
6	2	81	3.194	0.703	18.323	0.653	1.0	1.0
6	2	78	2.742	0.445	19.226	0.762	1.0	1.0
6	2	75	2.226	0.425	19.903	0.944	1.0	1.0
6	2	72	2.032	0.18	21.29	1.006	1.0	1.0
6	2	69	2.0	0.0	22.742	1.154	1.0	1.0
6	2	66	1.968	0.18	24.484	1.503	1.0	1.0
6	2	63	1.968	0.18	26.355	2.627	1.0	1.0
6	2	60	1.871	0.428	28.667	2.708	0.968	0.968
6	2	57	0.875	0.797	34.545	4.149	0.484	0.71
6	2	54	0.138	0.441	33.6	6.025	0.097	0.161
6	2	51	0.0	0.0	nan	nan	0.0	0.0
6	2	48	0.0	0.0	nan	nan	0.0	0.0
6	2	45	0.0	0.0	nan	nan	0.0	0.0
6	2	42	0.0	0.0	nan	nan	0.0	0.0
6	2	39	0.0	0.0	nan	nan	0.0	0.0
6	2	36	0.0	0.0	nan	nan	0.0	0.0
6	2	33	0.0	0.0	nan	nan	0.0	0.0
6	2	30	0.0	0.0	nan	nan	0.0	0.0
7	2	87	2.71	0.461	18.129	0.619	1.0	1.0
7	2	84	2.226	0.497	19.065	0.892	1.0	1.0
7	2	81	2.0	0.0	19.871	0.718	1.0	1.0
7	2	78	1.968	0.18	20.226	0.884	1.0	1.0
7	2	75	1.839	0.374	21.484	1.151	1.0	1.0
7	2	72	1.387	0.495	23.194	1.493	1.0	1.0
7	2	69	1.129	0.428	24.767	2.417	0.968	0.968
7	2	66	0.7	0.466	28.0	3.281	0.677	0.71
7	2	63	0.414	0.501	30.929	3.149	0.387	0.452
7	2	60	0.0	0.0	nan	nan	0.0	0.0
7	2	57	0.0	0.0	nan	nan	0.0	0.0
7	2	54	0.0	0.0	nan	nan	0.0	0.0
7	2	51	0.0	0.0	nan	nan	0.0	0.0
7	2	48	0.0	0.0	nan	nan	0.0	0.0
7	2	45	0.0	0.0	nan	nan	0.0	0.0
7	2	42	0.0	0.0	nan	nan	0.0	0.0
7	2	39	0.0	0.0	nan	nan	0.0	0.0
7	2	36	0.0	0.0	nan	nan	0.0	0.0
7	2	33	0.0	0.0	nan	nan	0.0	0.0
7	2	30	0.0	0.0	nan	nan	0.0	0.0
8	2	87	3.129	0.499	17.548	0.506	1.0	1.0
8	2	84	2.774	0.56	17.71	0.824	1.0	1.0
8	2	81	2.29	0.461	18.774	0.762	1.0	1.0
8	2	78	2.097	0.396	19.258	0.893	1.0	1.0
8	2	75	1.71	0.461	20.129	1.204	1.0	1.0
8	2	72	1.645	0.486	21.161	1.267	1.0	1.0
8	2	69	1.258	0.445	22.645	1.603	1.0	1.0
8	2	66	0.968	0.315	24.655	1.396	0.935	0.935
8	2	63	0.29	0.461	26.222	2.167	0.29	0.29
8	2	60	0.0	0.0	nan	nan	0.0	0.0
8	2	57	0.0	0.0	nan	nan	0.0	0.0
8	2	54	0.0	0.0	nan	nan	0.0	0.0
8	2	51	0.0	0.0	nan	nan	0.0	0.0
8	2	48	0.0	0.0	nan	nan	0.0	0.0
8	2	45	0.0	0.0	nan	nan	0.0	0.0
8	2	42	0.0	0.0	nan	nan	0.0	0.0
8	2	39	0.0	0.0	nan	nan	0.0	0.0
8	2	36	0.0	0.0	nan	nan	0.0	0.0
8	2	33	0.0	0.0	nan	nan	0.0	0.0
8	2	30	0.0	0.0	nan	nan	0.0	0.0
9	2	87	4.968	0.315	16.806	0.601	1.0	1.0
9	2	84	4.871	0.428	17.161	0.688	1.0	1.0
9	2	81	4.323	0.599	17.581	0.672	1.0	1.0
9	2	78	3.968	0.657	17.903	0.746	1.0	1.0
9	2	75	3.387	0.558	18.484	0.962	1.0	1.0
9	2	72	3.065	0.512	19.323	0.871	1.0	1.0
9	2	69	2.742	0.445	20.194	0.749	1.0	1.0
9	2	66	2.516	0.57	21.581	1.285	1.0	1.0
9	2	63	2.452	0.506	22.677	1.447	1.0	1.0
9	2	60	2.194	0.402	24.0	2.113	1.0	1.0
9	2	57	1.871	0.499	25.767	2.487	0.968	0.968
9	2	54	1.414	0.825	28.32	3.132	0.742	0.806
9	2	51	0.517	0.738	31.615	4.538	0.355	0.419
9	2	48	0.161	0.523	29.0	3.0	0.097	0.097
9	2	45	0.0	0.0	nan	nan	0.0	0.0
9	2	42	0.0	0.0	nan	nan	0.0	0.0
9	2	39	0.0	0.0	nan	nan	0.0	0.0
9	2	36	0.0	0.0	nan	nan	0.0	0.0
9	2	33	0.0	0.0	nan	nan	0.0	0.0
9	2	30	0.0	0.0	nan	nan	0.0	0.0
10	2	87	4.065	0.442	17.258	0.514	1.0	1.0
10	2	84	3.742	0.514	17.935	0.892	1.0	1.0
10	2	81	3.516	0.57	18.065	0.68	1.0	1.0
10	2	78	3.032	0.482	19.419	0.886	1.0	1.0
10	2	75	2.71	0.529	20.0	0.966	1.0	1.0
10	2	72	2.452	0.506	21.065	0.998	1.0	1.0
10	2	69	2.129	0.341	22.065	1.459	1.0	1.0
10	2	66	2.0	0.258	22.774	1.499	1.0	1.0
10	2	63	1.871	0.341	25.097	1.739	1.0	1.0
10	2	60	1.645	0.661	26.964	2.487	0.903	0.903
10	2	57	1.3	0.794	29.12	3.745	0.774	0.806
10	2	54	0.241	0.577	31.714	6.264	0.161	0.226
10	2	51	0.032	0.18	30.0	0.0	0.032	0.032
10	2	48	0.0	0.0	nan	nan	0.0	0.0
10	2	45	0.0	0.0	nan	nan	0.0	0.0
10	2	42	0.0	0.0	nan	nan	0.0	0.0
10	2	39	0.0	0.0	nan	nan	0.0	0.0
10	2	36	0.0	0.0	nan	nan	0.0	0.0
10	2	33	0.0	0.0	nan	nan	0.0	0.0
10	2	30	0.0	0.0	nan	nan	0.0	0.0
11	2	87	2.161	0.374	18.839	0.583	1.0	1.0
11	2	84	1.839	0.374	20.032	1.016	1.0	1.0
11	2	81	1.548	0.506	20.71	1.321	1.0	1.0
11	2	78	1.258	0.445	21.774	0.92	1.0	1.0
11	2	75	1.032	0.315	22.967	1.066	0.968	0.968
11	2	72	1.033	0.183	25.129	1.996	0.968	1.0
11	2	69	0.323	0.475	26.7	2.83	0.323	0.323
11	2	66	0.0	0.0	nan	nan	0.0	0.0
11	2	63	0.0	0.0	nan	nan	0.0	0.0
11	2	60	0.0	0.0	nan	nan	0.0	0.0
11	2	57	0.0	0.0	nan	nan	0.0	0.0
11	2	54	0.0	0.0	nan	nan	0.0	0.0
11	2	51	0.0	0.0	nan	nan	0.0	0.0
11	2	48	0.0	0.0	nan	nan	0.0	0.0
11	2	45	0.0	0.0	nan	nan	0.0	0.0
11	2	42	0.0	0.0	nan	nan	0.0	0.0
11	2	39	0.0	0.0	nan	nan	0.0	0.0
11	2	36	0.0	0.0	nan	nan	0.0	0.0
11	2	33	0.0	0.0	nan	nan	0.0	0.0
11	2	30	0.0	0.0	nan	nan	0.0	0.0
12	2	87	4.258	0.773	18.065	0.629	1.0	1.0
12	2	84	3.355	0.486	18.645	0.608	1.0	1.0
12	2	81	3.161	0.374	19.161	0.934	1.0	1.0
12	2	78	3.0	0.0	19.871	0.991	1.0	1.0
12	2	75	3.0	0.0	20.613	0.955	1.0	1.0
12	2	72	2.935	0.25	21.677	1.013	1.0	1.0
12	2	69	2.548	0.506	23.355	1.253	1.0	1.0
12	2	66	2.065	0.25	24.0	1.125	1.0	1.0
12	2	63	2.0	0.0	27.0	1.949	1.0	1.0
12	2	60	1.903	0.301	29.742	3.225	1.0	1.0
12	2	57	1.25	0.752	33.885	4.15	0.742	0.839
12	2	54	0.308	0.618	37.818	4.285	0.194	0.355
12	2	51	0.0	0.0	37.0	0.0	0.0	0.032
12	2	48	0.0	0.0	nan	nan	0.0	0.0
12	2	45	0.0	0.0	nan	nan	0.0	0.0
12	2	42	0.0	0.0	nan	nan	0.0	0.0
12	2	39	0.0	0.0	nan	nan	0.0	0.0
12	2	36	0.0	0.0	nan	nan	0.0	0.0
12	2	33	0.0	0.0	nan	nan	0.0	0.0
12	2	30	0.0	0.0	nan	nan	0.0	0.0
13	2	87	3.484	0.57	18.355	0.915	1.0	1.0
13	2	84	3.065	0.68	18.677	0.653	1.0	1.0
13	2	81	2.484	0.508	20.0	1.033	1.0	1.0
13	2	78	2.194	0.402	20.548	0.995	1.0	1.0
13	2	75	2.032	0.18	21.323	1.222	1.0	1.0
13	2	72	1.935	0.25	23.0	1.155	1.0	1.0
13	2	69	1.71	0.461	24.355	1.992	1.0	1.0
13	2	66	1.3	0.651	27.179	2.932	0.871	0.903
13	2	63	0.387	0.558	28.545	2.734	0.355	0.355
13	2	60	0.065	0.25	33.5	0.707	0.065	0.065
13	2	57	0.0	0.0	nan	nan	0.0	0.0
13	2	54	0.0	0.0	nan	nan	0.0	0.0
13	2	51	0.0	0.0	nan	nan	0.0	0.0
13	2	48	0.0	0.0	nan	nan	0.0	0.0
13	2	45	0.0	0.0	nan	nan	0.0	0.0
13	2	42	0.0	0.0	nan	nan	0.0	0.0
13	2	39	0.0	0.0	nan	nan	0.0	0.0
13	2	36	0.0	0.0	nan	nan	0.0	0.0
13	2	33	0.0	0.0	nan	nan	0.0	0.0
13	2	30	0.0	0.0	nan	nan	0.0	0.0
14	2	87	2.29	0.693	18.548	0.723	1.0	1.0
14	2	84	1.323	0.475	19.419	0.848	1.0	1.0
14	2	81	1.097	0.301	20.032	0.752	1.0	1.0
14	2	78	1.0	0.0	21.194	1.25	1.0	1.0
14	2	75	0.968	0.18	22.433	1.223	0.968	0.968
14	2	72	0.935	0.25	24.241	1.573	0.935	0.935
14	2	69	0.379	0.494	24.692	3.199	0.355	0.419
14	2	66	0.032	0.18	25.0	0.0	0.032	0.032
14	2	63	0.0	0.0	nan	nan	0.0	0.0
14	2	60	0.0	0.0	nan	nan	0.0	0.0
14	2	57	0.0	0.0	nan	nan	0.0	0.0
14	2	54	0.0	0.0	nan	nan	0.0	0.0
14	2	51	0.0	0.0	nan	nan	0.0	0.0
14	2	48	0.0	0.0	nan	nan	0.0	0.0
14	2	45	0.0	0.0	nan	nan	0.0	0.0
14	2	42	0.0	0.0	nan	nan	0.0	0.0
14	2	39	0.0	0.0	nan	nan	0.0	0.0
14	2	36	0.0	0.0	nan	nan	0.0	0.0
14	2	33	0.0	0.0	nan	nan	0.0	0.0
14	2	30	0.0	0.0	nan	nan	0.0	0.0
15	2	87	4.032	0.18	17.355	0.551	1.0	1.0
15	2	84	3.806	0.402	17.742	0.631	1.0	1.0
15	2	81	3.452	0.506	18.548	0.675	1.0	1.0
15	2	78	3.129	0.341	19.161	0.86	1.0	1.0
15	2	75	2.839	0.454	20.065	0.964	1.0	1.0
15	2	72	2.484	0.57	20.839	1.186	1.0	1.0
15	2	69	2.129	0.341	22.323	1.423	1.0	1.0
15	2	66	2.0	0.0	24.323	1.301	1.0	1.0
15	2	63	2.0	0.0	26.065	1.948	1.0	1.0
15	2	60	2.0	0.0	27.871	2.377	1.0	1.0
15	2	57	1.567	0.626	32.414	3.301	0.903	0.935
15	2	54	0.148	0.362	37.5	4.14	0.129	0.258
15	2	51	0.0	0.0	nan	nan	0.0	0.0
15	2	48	0.0	0.0	nan	nan	0.0	0.0
15	2	45	0.0	0.0	nan	nan	0.0	0.0
15	2	42	0.0	0.0	nan	nan	0.0	0.0
15	2	39	0.0	0.0	nan	nan	0.0	0.0
15	2	36	0.0	0.0	nan	nan	0.0	0.0
15	2	33	0.0	0.0	nan	nan	0.0	0.0
15	2	30	0.0	0.0	nan	nan	0.0	0.0
16	2	87	4.161	0.454	17.419	0.564	1.0	1.0
16	2	84	3.742	0.631	17.903	0.539	1.0	1.0
16	2	81	3.323	0.475	18.484	0.626	1.0	1.0
16	2	78	3.097	0.301	19.226	0.956	1.0	1.0
16	2	75	3.032	0.18	19.968	0.706	1.0	1.0
16	2	72	2.935	0.25	21.032	0.875	1.0	1.0
16	2	69	2.774	0.425	22.387	1.145	1.0	1.0
16	2	66	2.161	0.374	23.806	1.302	1.0	1.0
16	2	63	2.065	0.25	25.71	1.829	1.0	1.0
16	2	60	1.9	0.305	29.968	3.962	0.968	1.0
16	2	57	1.226	0.717	33.731	4.238	0.839	0.839
16	2	54	0.207	0.491	38.286	2.43	0.161	0.226
16	2	51	0.0	0.0	41.0	0.0	0.0	0.032
16	2	48	0.0	0.0	nan	nan	0.0	0.0
16	2	45	0.0	0.0	nan	nan	0.0	0.0
16	2	42	0.0	0.0	nan	nan	0.0	0.0
16	2	39	0.0	0.0	nan	nan	0.0	0.0
16	2	36	0.0	0.0	nan	nan	0.0	0.0
16	2	33	0.0	0.0	nan	nan	0.0	0.0
16	2	30	0.0	0.0	nan	nan	0.0	0.0
17	2	87	3.774	0.425	17.968	1.016	1.0	1.0
17	2	84	3.387	0.495	18.516	1.363	1.0	1.0
17	2	81	2.935	0.25	19.065	0.629	1.0	1.0
17	2	78	2.677	0.541	20.129	1.118	1.0	1.0
17	2	75	2.097	0.301	20.871	1.231	1.0	1.0
17	2	72	2.032	0.18	22.419	1.336	1.0	1.0
17	2	69	2.0	0.0	23.742	1.57	1.0	1.0
17	2	66	1.968	0.18	26.742	2.977	1.0	1.0
17	2	63	1.75	0.441	30.903	4.392	0.903	1.0
17	2	60	0.355	0.551	37.1	2.283	0.323	0.323
17	2	57	0.0	0.0	nan	nan	0.0	0.0
17	2	54	0.0	0.0	nan	nan	0.0	0.0
17	2	51	0.0	0.0	nan	nan	0.0	0.0
17	2	48	0.0	0.0	nan	nan	0.0	0.0
17	2	45	0.0	0.0	nan	nan	0.0	0.0
17	2	42	0.0	0.0	nan	nan	0.0	0.0
17	2	39	0.0	0.0	nan	nan	0.0	0.0
17	2	36	0.0	0.0	nan	nan	0.0	0.0
17	2	33	0.0	0.0	nan	nan	0.0	0.0
17	2	30	0.0	0.0	nan	nan	0.0	0.0
18	2	87	2.645	0.755	18.548	0.85	1.0	1.0
18	2	84	2.129	0.341	19.161	0.898	1.0	1.0
18	2	81	2.0	0.0	20.097	0.87	1.0	1.0
18	2	78	1.968	0.18	21.935	1.526	1.0	1.0
18	2	75	1.903	0.301	22.935	1.289	1.0	1.0
18	2	72	1.742	0.514	24.2	1.186	0.968	0.968
18	2	69	1.31	0.471	26.226	2.777	0.935	1.0
18	2	66	0.931	0.53	29.615	2.994	0.774	0.839
18	2	63	0.241	0.511	31.5	2.507	0.194	0.258
18	2	60	0.0	0.0	nan	nan	0.0	0.0
18	2	57	0.0	0.0	nan	nan	0.0	0.0
18	2	54	0.0	0.0	nan	nan	0.0	0.0
18	2	51	0.0	0.0	nan	nan	0.0	0.0
18	2	48	0.0	0.0	nan	nan	0.0	0.0
18	2	45	0.0	0.0	nan	nan	0.0	0.0
18	2	42	0.0	0.0	nan	nan	0.0	0.0
18	2	39	0.0	0.0	nan	nan	0.0	0.0
18	2	36	0.0	0.0	nan	nan	0.0	0.0
18	2	33	0.0	0.0	nan	nan	0.0	0.0
18	2	30	0.0	0.0	nan	nan	0.0	0.0
19	2	87	3.097	0.301	19.258	0.965	1.0	1.0
19	2	84	2.935	0.25	19.839	0.898	1.0	1.0
19	2	81	2.419	0.502	21.226	2.061	1.0	1.0
19	2	78	2.097	0.301	21.935	1.063	1.0	1.0
19	2	75	2.097	0.301	22.935	1.413	1.0	1.0
19	2	72	2.0	0.0	25.613	2.276	1.0	1.0
19	2	69	2.0	0.0	28.129	2.918	0.968	1.0
19	2	66	1.571	0.69	32.321	2.994	0.806	0.903
19	2	63	0.556	0.892	34.333	5.433	0.258	0.387
19	2	60	0.0	0.0	nan	nan	0.0	0.0
19	2	57	0.0	0.0	nan	nan	0.0	0.0
19	2	54	0.0	0.0	nan	nan	0.0	0.0
19	2	51	0.0	0.0	nan	nan	0.0	0.0
19	2	48	0.0	0.0	nan	nan	0.0	0.0
19	2	45	0.0	0.0	nan	nan	0.0	0.0
19	2	42	0.0	0.0	nan	nan	0.0	0.0
19	2	39	0.0	0.0	nan	nan	0.0	0.0
19	2	36	0.0	0.0	nan	nan	0.0	0.0
19	2	33	0.0	0.0	nan	nan	0.0	0.0
19	2	30	0.0	0.0	nan	nan	0.0	0.0
20	2	87	2.226	0.425	18.903	0.831	1.0	1.0
20	2	84	2.032	0.18	19.452	0.723	1.0	1.0
20	2	81	2.0	0.0	20.71	0.864	1.0	1.0
20	2	78	1.968	0.18	21.935	1.34	1.0	1.0
20	2	75	1.806	0.402	22.774	1.23	1.0	1.0
20	2	72	1.516	0.508	24.903	1.938	1.0	1.0
20	2	69	1.133	0.434	27.6	3.147	0.935	0.968
20	2	66	0.643	0.488	30.81	3.027	0.581	0.677
20	2	63	0.032	0.18	34.0	0.0	0.032	0.032
20	2	60	0.0	0.0	nan	nan	0.0	0.0
20	2	57	0.0	0.0	nan	nan	0.0	0.0
20	2	54	0.0	0.0	nan	nan	0.0	0.0
20	2	51	0.0	0.0	nan	nan	0.0	0.0
20	2	48	0.0	0.0	nan	nan	0.0	0.0
20	2	45	0.0	0.0	nan	nan	0.0	0.0
20	2	42	0.0	0.0	nan	nan	0.0	0.0
20	2	39	0.0	0.0	nan	nan	0.0	0.0
20	2	36	0.0	0.0	nan	nan	0.0	0.0
20	2	33	0.0	0.0	nan	nan	0.0	0.0
20	2	30	0.0	0.0	nan	nan	0.0	0.0
21	2	87	3.032	0.605	18.677	0.653	1.0	1.0
21	2	84	2.71	0.588	19.226	0.884	1.0	1.0
21	2	81	2.29	0.461	20.0	0.931	1.0	1.0
21	2	78	2.065	0.25	20.71	0.739	1.0	1.0
21	2	75	2.032	0.18	21.677	1.376	1.0	1.0
21	2	72	2.0	0.0	23.258	1.483	1.0	1.0
21	2	69	1.484	0.508	25.097	2.508	1.0	1.0
21	2	66	1.233	0.626	27.357	3.434	0.871	0.903
21	2	63	0.5	0.682	28.462	2.537	0.387	0.419
21	2	60	0.067	0.365	33.5	4.95	0.032	0.065
21	2	57	0.0	0.0	nan	nan	0.0	0.0
21	2	54	0.0	0.0	nan	nan	0.0	0.0
21	2	51	0.0	0.0	nan	nan	0.0	0.0
21	2	48	0.0	0.0	nan	nan	0.0	0.0
21	2	45	0.0	0.0	nan	nan	0.0	0.0
21	2	42	0.0	0.0	nan	nan	0.0	0.0
21	2	39	0.0	0.0	nan	nan	0.0	0.0
21	2	36	0.0	0.0	nan	nan	0.0	0.0
21	2	33	0.0	0.0	nan	nan	0.0	0.0
21	2	30	0.0	0.0	nan	nan	0.0	0.0
22	2	87	3.161	0.374	17.29	0.588	1.0	1.0
22	2	84	2.871	0.499	17.774	0.762	1.0	1.0
22	2	81	2.516	0.508	18.516	0.677	1.0	1.0
22	2	78	2.161	0.374	19.258	0.965	1.0	1.0
22	2	75	1.968	0.315	20.097	1.076	1.0	1.0
22	2	72	1.903	0.301	21.194	1.4	1.0	1.0
22	2	69	1.452	0.506	21.71	1.216	1.0	1.0
22	2	66	1.129	0.341	23.742	1.807	1.0	1.0
22	2	63	1.032	0.315	25.733	2.504	0.968	0.968
22	2	60	0.533	0.629	29.267	3.494	0.452	0.484
22	2	57	0.033	0.183	30.5	6.364	0.032	0.065
22	2	54	0.0	0.0	nan	nan	0.0	0.0
22	2	51	0.0	0.0	nan	nan	0.0	0.0
22	2	48	0.0	0.0	nan	nan	0.0	0.0
22	2	45	0.0	0.0	nan	nan	0.0	0.0
22	2	42	0.0	0.0	nan	nan	0.0	0.0
22	2	39	0.0	0.0	nan	nan	0.0	0.0
22	2	36	0.0	0.0	nan	nan	0.0	0.0
22	2	33	0.0	0.0	nan	nan	0.0	0.0
22	2	30	0.0	0.0	nan	nan	0.0	0.0
23	2	87	3.903	0.539	17.806	0.543	1.0	1.0
23	2	84	3.161	0.523	18.71	0.739	1.0	1.0
23	2	81	2.742	0.682	19.226	0.92	1.0	1.0
23	2	78	2.387	0.558	20.226	1.087	1.0	1.0
23	2	75	2.226	0.425	20.871	1.284	1.0	1.0
23	2	72	2.0	0.0	22.032	1.197	1.0	1.0
23	2	69	1.903	0.301	23.226	1.521	1.0	1.0
23	2	66	1.419	0.564	25.667	2.578	0.968	0.968
23	2	63	1.107	0.786	28.292	4.544	0.677	0.774
23	2	60	0.593	0.797	29.733	4.415	0.355	0.484
23	2	57	0.0	0.0	nan	nan	0.0	0.0
23	2	54	0.0	0.0	nan	nan	0.0	0.0
23	2	51	0.0	0.0	nan	nan	0.0	0.0
23	2	48	0.0	0.0	nan	nan	0.0	0.0
23	2	45	0.0	0.0	nan	nan	0.0	0.0
23	2	42	0.0	0.0	nan	nan	0.0	0.0
23	2	39	0.0	0.0	nan	nan	0.0	0.0
23	2	36	0.0	0.0	nan	nan	0.0	0.0
23	2	33	0.0	0.0	nan	nan	0.0	0.0
23	2	30	0.0	0.0	nan	nan	0.0	0.0
24	2	87	3.032	0.18	17.129	0.67	1.0	1.0
24	2	84	2.903	0.396	17.677	0.702	1.0	1.0
24	2	81	2.645	0.486	18.129	0.922	1.0	1.0
24	2	78	2.194	0.543	18.613	0.761	1.0	1.0
24	2	75	2.0	0.258	19.677	0.832	1.0	1.0
24	2	72	1.742	0.445	20.548	1.121	1.0	1.0
24	2	69	1.387	0.558	21.419	1.285	1.0	1.0
24	2	66	1.065	0.25	23.484	1.061	1.0	1.0
24	2	63	1.032	0.18	24.774	1.564	1.0	1.0
24	2	60	0.467	0.507	27.2	3.385	0.452	0.484
24	2	57	0.033	0.183	31.0	4.243	0.032	0.065
24	2	54	0.0	0.0	nan	nan	0.0	0.0
24	2	51	0.0	0.0	nan	nan	0.0	0.0
24	2	48	0.0	0.0	nan	nan	0.0	0.0
24	2	45	0.0	0.0	nan	nan	0.0	0.0
24	2	42	0.0	0.0	nan	nan	0.0	0.0
24	2	39	0.0	0.0	nan	nan	0.0	0.0
24	2	36	0.0	0.0	nan	nan	0.0	0.0
24	2	33	0.0	0.0	nan	nan	0.0	0.0
24	2	30	0.0	0.0	nan	nan	0.0	0.0
25	2	87	3.968	0.315	16.258	0.682	1.0	1.0
25	2	84	4.0	0.258	16.742	0.631	1.0	1.0
25	2	81	3.806	0.402	17.355	0.661	1.0	1.0
25	2	78	3.129	0.67	18.226	1.023	1.0	1.0
25	2	75	2.677	0.748	18.71	0.864	1.0	1.0
25	2	72	2.355	0.551	19.387	0.667	1.0	1.0
25	2	69	2.032	0.18	20.387	1.116	1.0	1.0
25	2	66	1.968	0.18	21.677	1.376	1.0	1.0
25	2	63	1.903	0.301	23.323	2.495	1.0	1.0
25	2	60	1.71	0.529	24.733	2.42	0.968	0.968
25	2	57	1.233	0.679	27.37	2.989	0.839	0.871
25	2	54	0.379	0.622	31.182	4.191	0.29	0.355
25	2	51	0.0	0.0	nan	nan	0.0	0.0
25	2	48	0.0	0.0	nan	nan	0.0	0.0
25	2	45	0.0	0.0	nan	nan	0.0	0.0
25	2	42	0.0	0.0	nan	nan	0.0	0.0
25	2	39	0.0	0.0	nan	nan	0.0	0.0
25	2	36	0.0	0.0	nan	nan	0.0	0.0
25	2	33	0.0	0.0	nan	nan	0.0	0.0
25	2	30	0.0	0.0	nan	nan	0.0	0.0
26	2	87	4.0	0.365	18.903	0.597	1.0	1.0
26	2	84	3.839	0.454	19.516	0.677	1.0	1.0
26	2	81	3.387	0.495	20.323	0.653	1.0	1.0
26	2	78	3.097	0.301	20.806	0.91	1.0	1.0
26	2	75	2.968	0.18	21.677	1.107	1.0	1.0
26	2	72	3.0	0.0	22.903	1.106	1.0	1.0
26	2	69	3.0	0.0	24.0	1.183	1.0	1.0
26	2	66	2.742	0.445	26.129	1.565	1.0	1.0
26	2	63	2.355	0.551	29.0	2.62	1.0	1.0
26	2	60	1.645	0.709	33.3	3.466	0.968	0.968
26	2	57	1.233	0.568	36.655	5.367	0.903	0.935
26	2	54	0.194	0.477	38.6	3.847	0.161	0.161
26	2	51	0.0	0.0	nan	nan	0.0	0.0
26	2	48	0.0	0.0	nan	nan	0.0	0.0
26	2	45	0.0	0.0	nan	nan	0.0	0.0
26	2	42	0.0	0.0	nan	nan	0.0	0.0
26	2	39	0.0	0.0	nan	nan	0.0	0.0
26	2	36	0.0	0.0	nan	nan	0.0	0.0
26	2	33	0.0	0.0	nan	nan	0.0	0.0
26	2	30	0.0	0.0	nan	nan	0.0	0.0
27	2	87	3.032	0.752	18.548	0.675	1.0	1.0
27	2	84	2.806	0.654	18.71	0.824	1.0	1.0
27	2	81	2.29	0.529	19.419	0.765	1.0	1.0
27	2	78	2.032	0.18	20.129	0.718	1.0	1.0
27	2	75	2.032	0.18	21.677	0.871	1.0	1.0
27	2	72	1.871	0.341	22.677	1.4	1.0	1.0
27	2	69	1.613	0.495	25.032	2.726	1.0	1.0
27	2	66	1.267	0.583	26.483	2.995	0.903	0.935
27	2	63	0.9	0.607	28.292	3.394	0.742	0.774
27	2	60	0.097	0.396	25.5	0.707	0.065	0.065
27	2	57	0.0	0.0	nan	nan	0.0	0.0
27	2	54	0.0	0.0	nan	nan	0.0	0.0
27	2	51	0.0	0.0	nan	nan	0.0	0.0
27	2	48	0.0	0.0	nan	nan	0.0	0.0
27	2	45	0.0	0.0	nan	nan	0.0	0.0
27	2	42	0.0	0.0	nan	nan	0.0	0.0
27	2	39	0.0	0.0	nan	nan	0.0	0.0
27	2	36	0.0	0.0	nan	nan	0.0	0.0
27	2	33	0.0	0.0	nan	nan	0.0	0.0
27	2	30	0.0	0.0	nan	nan	0.0	0.0
28	2	87	4.0	0.365	16.903	0.597	1.0	1.0
28	2	84	3.806	0.477	17.548	0.888	1.0	1.0
28	2	81	3.613	0.495	18.0	0.856	1.0	1.0
28	2	78	3.161	0.583	18.419	0.72	1.0	1.0
28	2	75	2.645	0.608	19.387	0.989	1.0	1.0
28	2	72	2.258	0.445	20.194	1.302	1.0	1.0
28	2	69	2.032	0.315	21.452	1.41	1.0	1.0
28	2	66	1.935	0.25	22.548	1.234	1.0	1.0
28	2	63	1.839	0.374	23.806	1.558	1.0	1.0
28	2	60	1.323	0.702	26.63	2.789	0.871	0.871
28	2	57	0.897	0.772	29.095	3.999	0.613	0.677
28	2	54	0.167	0.379	32.833	4.708	0.161	0.194
28	2	51	0.0	0.0	nan	nan	0.0	0.0
28	2	48	0.0	0.0	nan	nan	0.0	0.0
28	2	45	0.0	0.0	nan	nan	0.0	0.0
28	2	42	0.0	0.0	nan	nan	0.0	0.0
28	2	39	0.0	0.0	nan	nan	0.0	0.0
28	2	36	0.0	0.0	nan	nan	0.0	0.0
28	2	33	0.0	0.0	nan	nan	0.0	0.0
28	2	30	0.0	0.0	nan	nan	0.0	0.0
29	2	87	4.387	0.495	16.097	0.597	1.0	1.0
29	2	84	4.097	0.396	16.419	0.72	1.0	1.0
29	2	81	4.097	0.396	16.968	0.752	1.0	1.0
29	2	78	3.903	0.301	17.419	0.62	1.0	1.0
29	2	75	3.548	0.506	18.161	0.82	1.0	1.0
29	2	72	3.065	0.574	18.903	0.831	1.0	1.0
29	2	69	2.839	0.523	20.065	1.482	1.0	1.0
29	2	66	2.323	0.475	21.0	1.39	1.0	1.0
29	2	63	2.065	0.359	22.581	1.766	1.0	1.0
29	2	60	2.0	0.0	25.161	1.934	1.0	1.0
29	2	57	1.871	0.428	26.4	3.45	0.968	0.968
29	2	54	1.667	0.479	31.903	4.036	0.968	1.0
29	2	51	0.2	0.484	33.5	4.506	0.161	0.194
29	2	48	0.0	0.0	39.0	0.0	0.0	0.032
29	2	45	0.0	0.0	nan	nan	0.0	0.0
29	2	42	0.0	0.0	nan	nan	0.0	0.0
29	2	39	0.0	0.0	nan	nan	0.0	0.0
29	2	36	0.0	0.0	nan	nan	0.0	0.0
29	2	33	0.0	0.0	nan	nan	0.0	0.0
29	2	30	0.0	0.0	nan	nan	0.0	0.0
30	2	87	2.742	0.631	18.839	0.583	1.0	1.0
30	2	84	2.226	0.425	19.323	1.013	1.0	1.0
30	2	81	2.032	0.18	20.194	0.749	1.0	1.0
30	2	78	2.0	0.0	21.484	0.851	1.0	1.0
30	2	75	2.0	0.0	22.71	1.395	1.0	1.0
30	2	72	2.0	0.0	24.452	2.234	1.0	1.0
30	2	69	1.967	0.183	27.258	2.816	0.968	1.0
30	2	66	1.536	0.637	30.828	4.528	0.839	0.935
30	2	63	0.138	0.441	35.8	4.817	0.097	0.161
30	2	60	0.0	0.0	nan	nan	0.0	0.0
30	2	57	0.0	0.0	nan	nan	0.0	0.0
30	2	54	0.0	0.0	nan	nan	0.0	0.0
30	2	51	0.0	0.0	nan	nan	0.0	0.0
30	2	48	0.0	0.0	nan	nan	0.0	0.0
30	2	45	0.0	0.0	nan	nan	0.0	0.0
30	2	42	0.0	0.0	nan	nan	0.0	0.0
30	2	39	0.0	0.0	nan	nan	0.0	0.0
30	2	36	0.0	0.0	nan	nan	0.0	0.0
30	2	33	0.0	0.0	nan	nan	0.0	0.0
30	2	30	0.0	0.0	nan	nan	0.0	0.0
31	2	87	3.484	0.508	16.29	1.071	1.0	1.0
31	2	84	3.032	0.18	16.71	0.588	1.0	1.0
31	2	81	2.968	0.315	17.355	0.486	1.0	1.0
31	2	78	2.677	0.475	17.903	0.473	1.0	1.0
31	2	75	2.161	0.454	18.742	0.965	1.0	1.0
31	2	72	1.645	0.551	20.0	0.931	1.0	1.0
31	2	69	1.323	0.475	21.226	1.309	1.0	1.0
31	2	66	1.065	0.25	23.194	1.579	1.0	1.0
31	2	63	0.767	0.43	26.25	3.542	0.742	0.774
31	2	60	0.194	0.402	27.167	0.753	0.194	0.194
31	2	57	0.032	0.18	28.0	0.0	0.032	0.032
31	2	54	0.0	0.0	nan	nan	0.0	0.0
31	2	51	0.0	0.0	nan	nan	0.0	0.0
31	2	48	0.0	0.0	nan	nan	0.0	0.0
31	2	45	0.0	0.0	nan	nan	0.0	0.0
31	2	42	0.0	0.0	nan	nan	0.0	0.0
31	2	39	0.0	0.0	nan	nan	0.0	0.0
31	2	36	0.0	0.0	nan	nan	0.0	0.0
31	2	33	0.0	0.0	nan	nan	0.0	0.0
31	2	30	0.0	0.0	nan	nan	0.0	0.0
0	3	87	2.71	0.461	20.774	0.956	1.0	1.0
0	3	84	2.258	0.445	21.871	0.846	1.0	1.0
0	3	81	2.097	0.301	22.806	0.833	1.0	1.0
0	3	78	2.0	0.0	24.29	1.071	1.0	1.0
0	3	75	2.0	0.0	26.484	2.379	1.0	1.0
0	3	72	1.833	0.461	29.633	2.906	0.935	0.968
0	3	69	1.345	0.67	32.821	3.497	0.839	0.903
0	3	66	0.065	0.25	40.0	1.414	0.065	0.065
0	3	63	0.0	0.0	nan	nan	0.0	0.0
0	3	60	0.0	0.0	nan	nan	0.0	0.0
0	3	57	0.0	0.0	nan	nan	0.0	0.0
0	3	54	0.0	0.0	nan	nan	0.0	0.0
0	3	51	0.0	0.0	nan	nan	0.0	0.0
0	3	48	0.0	0.0	nan	nan	0.0	0.0
0	3	45	0.0	0.0	nan	nan	0.0	0.0
0	3	42	0.0	0.0	nan	nan	0.0	0.0
0	3	39	0.0	0.0	nan	nan	0.0	0.0
0	3	36	0.0	0.0	nan	nan	0.0	0.0
0	3	33	0.0	0.0	nan	nan	0.0	0.0
0	3	30	0.0	0.0	nan	nan	0.0	0.0
1	3	87	4.097	0.301	16.032	0.605	1.0	1.0
1	3	84	4.0	0.0	16.581	0.564	1.0	1.0
1	3	81	3.968	0.18	16.774	0.617	1.0	1.0
1	3	78	3.71	0.529	17.484	0.769	1.0	1.0
1	3	75	3.097	0.651	18.323	1.137	1.0	1.0
1	3	72	2.548	0.675	19.065	0.772	1.0	1.0
1	3	69	2.226	0.425	19.484	0.926	1.0	1.0
1	3	66	2.032	0.315	20.581	1.361	1.0	1.0
1	3	63	2.0	0.0	21.581	1.119	1.0	1.0
1	3	60	1.742	0.445	23.742	1.527	1.0	1.0
1	3	57	1.333	0.606	25.379	2.411	0.903	0.935
1	3	54	0.786	0.568	28.435	3.894	0.645	0.742
1	3	51	0.103	0.31	32.4	4.615	0.097	0.161
1	3	48	0.032	0.18	26.0	0.0	0.032	0.032
1	3	45	0.0	0.0	nan	nan	0.0	0.0
1	3	42	0.0	0.0	nan	nan	0.0	0.0
1	3	39	0.0	0.0	nan	nan	0.0	0.0
1	3	36	0.0	0.0	nan	nan	0.0	0.0
1	3	33	0.0	0.0	nan	nan	0.0	0.0
1	3	30	0.0	0.0	nan	nan	0.0	0.0
2	3	87	2.387	0.495	18.419	0.807	1.0	1.0
2	3	84	2.065	0.25	19.161	0.82	1.0	1.0
2	3	81	1.581	0.502	20.258	0.815	1.0	1.0
2	3	78	1.258	0.445	21.161	1.128	1.0	1.0
2	3	75	1.065	0.25	22.645	1.624	1.0	1.0
2	3	72	1.0	0.0	25.065	2.421	1.0	1.0
2	3	69	0.414	0.501	26.929	3.362	0.387	0.452
2	3	66	0.0	0.0	nan	nan	0.0	0.0
2	3	63	0.0	0.0	nan	nan	0.0	0.0
2	3	60	0.0	0.0	nan	nan	0.0	0.0
2	3	57	0.0	0.0	nan	nan	0.0	0.0
2	3	54	0.0	0.0	nan	nan	0.0	0.0
2	3	51	0.0	0.0	nan	nan	0.0	0.0
2	3	48	0.0	0.0	nan	nan	0.0	0.0
2	3	45	0.0	0.0	nan	nan	0.0	0.0
2	3	42	0.0	0.0	nan	nan	0.0	0.0
2	3	39	0.0	0.0	nan	nan	0.0	0.0
2	3	36	0.0	0.0	nan	nan	0.0	0.0
2	3	33	0.0	0.0	nan	nan	0.0	0.0
2	3	30	0.0	0.0	nan	nan	0.0	0.0
3	3	87	3.903	0.301	17.419	0.564	1.0	1.0
3	3	84	3.645	0.608	17.839	0.688	1.0	1.0
3	3	81	3.032	0.752	18.387	1.022	1.0	1.0
3	3	78	2.29	0.529	19.129	0.806	1.0	1.0
3	3	75	2.161	0.374	20.032	1.494	1.0	1.0
3	3	72	2.032	0.18	21.129	1.024	1.0	1.0
3	3	69	1.968	0.18	22.032	0.948	1.0	1.0
3	3	66	1.645	0.486	24.387	2.472	1.0	1.0
3	3	63	1.29	0.461	25.774	2.486	1.0	1.0
3	3	60	0.414	0.568	30.0	4.021	0.355	0.419
3	3	57	0.033	0.183	34.0	2.828	0.032	0.065
3	3	54	0.0	0.0	nan	nan	0.0	0.0
3	3	51	0.0	0.0	nan	nan	0.0	0.0
3	3	48	0.0	0.0	nan	nan	0.0	0.0
3	3	45	0.0	0.0	nan	nan	0.0	0.0
3	3	42	0.0	0.0	nan	nan	0.0	0.0
3	3	39	0.0	0.0	nan	nan	0.0	0.0
3	3	36	0.0	0.0	nan	nan	0.0	0.0
3	3	33	0.0	0.0	nan	nan	0.0	0.0
3	3	30	0.0	0.0	nan	nan	0.0	0.0
4	3	87	3.548	0.506	17.032	0.547	1.0	1.0
4	3	84	3.129	0.428	17.323	0.599	1.0	1.0
4	3	81	2.871	0.499	17.935	0.629	1.0	1.0
4	3	78	2.161	0.374	18.71	0.588	1.0	1.0
4	3	75	2.065	0.25	19.903	1.165	1.0	1.0
4	3	72	1.935	0.359	20.387	1.022	1.0	1.0
4	3	69	1.677	0.475	22.065	1.413	1.0	1.0
4	3	66	1.323	0.475	23.129	1.477	1.0	1.0
4	3	63	1.129	0.341	25.677	1.869	1.0	1.0
4	3	60	0.613	0.495	26.684	2.382	0.613	0.613
4	3	57	0.033	0.183	33.0	2.828	0.032	0.065
4	3	54	0.0	0.0	nan	nan	0.0	0.0
4	3	51	0.0	0.0	nan	nan	0.0	0.0
4	3	48	0.0	0.0	nan	nan	0.0	0.0
4	3	45	0.0	0.0	nan	nan	0.0	0.0
4	3	42	0.0	0.0	nan	nan	0.0	0.0
4	3	39	0.0	0.0	nan	nan	0.0	0.0
4	3	36	0.0	0.0	nan	nan	0.0	0.0
4	3	33	0.0	0.0	nan	nan	0.0	0.0
4	3	30	0.0	0.0	nan	nan	0.0	0.0
5	3	87	1.258	0.445	18.806	0.703	1.0	1.0
5	3	84	1.097	0.301	19.613	1.407	1.0	1.0
5	3	81	1.032	0.18	20.065	1.063	1.0	1.0
5	3	78	1.0	0.0	21.839	1.241	1.0	1.0
5	3	75	0.897	0.31	23.75	1.555	0.839	0.903
5	3	72	0.571	0.504	25.105	1.56	0.516	0.613
5	3	69	0.065	0.25	23.0	2.828	0.065	0.065
5	3	66	0.0	0.0	nan	nan	0.0	0.0
5	3	63	0.0	0.0	nan	nan	0.0	0.0
5	3	60	0.0	0.0	nan	nan	0.0	0.0
5	3	57	0.0	0.0	nan	nan	0.0	0.0
5	3	54	0.0	0.0	nan	nan	0.0	0.0
5	3	51	0.0	0.0	nan	nan	0.0	0.0
5	3	48	0.0	0.0	nan	nan	0.0	0.0
5	3	45	0.0	0.0	nan	nan	0.0	0.0
5	3	42	0.0	0.0	nan	nan	0.0	0.0
5	3	39	0.0	0.0	nan	nan	0.0	0.0
5	3	36	0.0	0.0	nan	nan	0.0	0.0
5	3	33	0.0	0.0	nan	nan	0.0	0.0
5	3	30	0.0	0.0	nan	nan	0.0	0.0
6	3	87	4.677	0.475	17.516	0.508	1.0	1.0
6	3	84	3.968	0.657	18.032	0.547	1.0	1.0
6	3	81	3.323	0.475	18.677	0.979	1.0	1.0
6	3	78	3.065	0.25	19.484	0.724	1.0	1.0
6	3	75	3.0	0.0	20.129	0.922	1.0	1.0
6	3	72	2.935	0.25	21.0	1.095	1.0	1.0
6	3	69	2.613	0.495	22.581	1.177	1.0	1.0
6	3	66	2.065	0.25	23.419	1.311	1.0	1.0
6	3	63	2.0	0.258	25.581	1.911	1.0	1.0
6	3	60	2.032	0.18	27.548	2.919	1.0	1.0
6	3	57	1.586	0.682	32.071	4.036	0.839	0.903
6	3	54	0.667	0.784	36.176	3.678	0.419	0.548
6	3	51	0.0	0.0	41.0	0.0	0.0	0.032
6	3	48	0.0	0.0	nan	nan	0.0	0.0
6	3	45	0.0	0.0	nan	nan	0.0	0.0
6	3	42	0.0	0.0	nan	nan	0.0	0.0
6	3	39	0.0	0.0	nan	nan	0.0	0.0
6	3	36	0.0	0.0	nan	nan	0.0	0.0
6	3	33	0.0	0.0	nan	nan	0.0	0.0
6	3	30	0.0	0.0	nan	nan	0.0	0.0
7	3	87	4.0	0.0	17.258	0.682	1.0	1.0
7	3	84	3.71	0.529	17.968	0.605	1.0	1.0
7	3	81	3.129	0.499	19.0	1.506	1.0	1.0
7	3	78	2.613	0.615	19.161	0.638	1.0	1.0
7	3	75	2.258	0.445	20.226	0.92	1.0	1.0
7	3	72	2.065	0.25	21.677	1.641	1.0	1.0
7	3	69	2.032	0.18	23.097	1.012	1.0	1.0
7	3	66	1.871	0.341	23.968	1.703	1.0	1.0
7	3	63	1.467	0.681	27.179	3.973	0.871	0.903
7	3	60	1.034	0.778	30.174	3.486	0.677	0.742
7	3	57	0.233	0.568	31.667	2.582	0.161	0.194
7	3	54	0.0	0.0	nan	nan	0.0	0.0
7	3	51	0.0	0.0	nan	nan	0.0	0.0
7	3	48	0.0	0.0	nan	nan	0.0	0.0
7	3	45	0.0	0.0	nan	nan	0.0	0.0
7	3	42	0.0	0.0	nan	nan	0.0	0.0
7	3	39	0.0	0.0	nan	nan	0.0	0.0
7	3	36	0.0	0.0	nan	nan	0.0	0.0
7	3	33	0.0	0.0	nan	nan	0.0	0.0
7	3	30	0.0	0.0	nan	nan	0.0	0.0
8	3	87	2.419	0.502	19.581	0.848	1.0	1.0
8	3	84	2.161	0.374	20.355	1.05	1.0	1.0
8	3	81	2.065	0.25	20.903	1.136	1.0	1.0
8	3	78	1.968	0.18	22.29	1.243	1.0	1.0
8	3	75	1.903	0.301	23.677	1.376	1.0	1.0
8	3	72	1.581	0.502	25.29	1.697	1.0	1.0
8	3	69	1.367	0.556	27.3	2.493	0.935	0.968
8	3	66	0.367	0.556	31.182	2.822	0.323	0.355
8	3	63	0.0	0.0	37.0	0.0	0.0	0.032
8	3	60	0.0	0.0	nan	nan	0.0	0.0
8	3	57	0.0	0.0	nan	nan	0.0	0.0
8	3	54	0.0	0.0	nan	nan	0.0	0.0
8	3	51	0.0	0.0	nan	nan	0.0	0.0
8	3	48	0.0	0.0	nan	nan	0.0	0.0
8	3	45	0.0	0.0	nan	nan	0.0	0.0
8	3	42	0.0	0.0	nan	nan	0.0	0.0
8	3	39	0.0	0.0	nan	nan	0.0	0.0
8	3	36	0.0	0.0	nan	nan	0.0	0.0
8	3	33	0.0	0.0	nan	nan	0.0	0.0
8	3	30	0.0	0.0	nan	nan	0.0	0.0
9	3	87	6.0	0.0	16.065	0.629	1.0	1.0
9	3	84	6.032	0.18	16.516	0.626	1.0	1.0
9	3	81	5.71	0.461	16.935	0.359	1.0	1.0
9	3	78	5.419	0.564	17.323	0.475	1.0	1.0
9	3	75	4.806	0.477	17.839	0.583	1.0	1.0
9	3	72	4.323	0.475	18.548	0.723	1.0	1.0
9	3	69	4.0	0.447	19.355	1.018	1.0	1.0
9	3	66	3.774	0.425	20.097	0.944	1.0	1.0
9	3	63	3.194	0.477	21.581	1.089	1.0	1.0
9	3	60	3.0	0.0	23.065	0.964	1.0	1.0
9	3	57	3.0	0.0	23.839	1.344	1.0	1.0
9	3	54	2.968	0.18	26.387	2.044	1.0	1.0
9	3	51	2.548	0.568	31.29	3.485	1.0	1.0
9	3	48	1.516	0.851	36.286	4.752	0.903	0.903
9	3	45	0.258	0.575	41.167	3.189	0.194	0.194
9	3	42	0.0	0.0	nan	nan	0.0	0.0
9	3	39	0.0	0.0	nan	nan	0.0	0.0
9	3	36	0.0	0.0	nan	nan	0.0	0.0
9	3	33	0.0	0.0	nan	nan	0.0	0.0
9	3	30	0.0	0.0	nan	nan	0.0	0.0
10	3	87	5.129	0.341	16.161	0.583	1.0	1.0
10	3	84	5.0	0.0	16.774	0.669	1.0	1.0
10	3	81	4.935	0.25	17.355	0.839	1.0	1.0
10	3	78	4.742	0.445	17.613	0.615	1.0	1.0
10	3	75	4.0	0.683	18.0	1.0	1.0	1.0
10	3	72	3.161	0.454	19.129	0.763	1.0	1.0
10	3	69	3.129	0.341	19.645	1.082	1.0	1.0
10	3	66	3.032	0.18	20.903	1.012	1.0	1.0
10	3	63	2.903	0.301	22.065	1.289	1.0	1.0
10	3	60	2.613	0.495	23.581	2.078	1.0	1.0
10	3	57	2.29	0.461	26.258	1.879	1.0	1.0
10	3	54	1.968	0.482	28.1	3.346	0.968	0.968
10	3	51	1.516	0.626	33.172	6.634	0.935	0.935
10	3	48	0.387	0.667	35.111	2.315	0.29	0.29
10	3	45	0.032	0.18	42.0	0.0	0.032	0.032
10	3	42	0.0	0.0	nan	nan	0.0	0.0
10	3	39	0.0	0.0	nan	nan	0.0	0.0
10	3	36	0.0	0.0	nan	nan	0.0	0.0
10	3	33	0.0	0.0	nan	nan	0.0	0.0
10	3	30	0.0	0.0	nan	nan	0.0	0.0
11	3	87	4.387	0.558	18.258	0.729	1.0	1.0
11	3	84	3.774	0.762	18.903	0.87	1.0	1.0
11	3	81	3.129	0.428	19.774	0.669	1.0	1.0
11	3	78	3.032	0.18	20.29	0.824	1.0	1.0
11	3	75	3.032	0.18	20.968	1.402	1.0	1.0
11	3	72	2.903	0.301	22.677	1.536	1.0	1.0
11	3	69	2.516	0.508	24.194	1.537	1.0	1.0
11	3	66	2.226	0.425	25.71	1.346	1.0	1.0
11	3	63	1.968	0.18	28.258	2.67	1.0	1.0
11	3	60	1.903	0.301	30.903	2.574	1.0	1.0
11	3	57	1.038	0.824	35.13	3.065	0.581	0.742
11	3	54	0.194	0.543	34.0	3.162	0.129	0.129
11	3	51	0.0	0.0	nan	nan	0.0	0.0
11	3	48	0.0	0.0	nan	nan	0.0	0.0
11	3	45	0.0	0.0	nan	nan	0.0	0.0
11	3	42	0.0	0.0	nan	nan	0.0	0.0
11	3	39	0.0	0.0	nan	nan	0.0	0.0
11	3	36	0.0	0.0	nan	nan	0.0	0.0
11	3	33	0.0	0.0	nan	nan	0.0	0.0
11	3	30	0.0	0.0	nan	nan	0.0	0.0
12	3	87	1.968	0.18	20.839	0.86	1.0	1.0
12	3	84	2.0	0.0	21.935	1.315	1.0	1.0
12	3	81	1.839	0.374	23.0	1.183	1.0	1.0
12	3	78	1.733	0.45	24.645	2.537	0.968	1.0
12	3	75	1.226	0.425	26.387	2.092	1.0	1.0
12	3	72	0.75	0.585	29.409	3.305	0.613	0.71
12	3	69	0.3	0.466	30.5	2.55	0.29	0.323
12	3	66	0.0	0.0	nan	nan	0.0	0.0
12	3	63	0.0	0.0	nan	nan	0.0	0.0
12	3	60	0.0	0.0	nan	nan	0.0	0.0
12	3	57	0.0	0.0	nan	nan	0.0	0.0
12	3	54	0.0	0.0	nan	nan	0.0	0.0
12	3	51	0.0	0.0	nan	nan	0.0	0.0
12	3	48	0.0	0.0	nan	nan	0.0	0.0
12	3	45	0.0	0.0	nan	nan	0.0	0.0
12	3	42	0.0	0.0	nan	nan	0.0	0.0
12	3	39	0.0	0.0	nan	nan	0.0	0.0
12	3	36	0.0	0.0	nan	nan	0.0	0.0
12	3	33	0.0	0.0	nan	nan	0.0	0.0
12	3	30	0.0	0.0	nan	nan	0.0	0.0
13	3	87	1.677	0.475	20.0	0.856	1.0	1.0
13	3	84	1.355	0.486	21.516	1.029	1.0	1.0
13	3	81	1.097	0.301	22.516	0.89	1.0	1.0
13	3	78	1.032	0.18	23.774	1.995	1.0	1.0
13	3	75	0.867	0.346	26.889	3.935	0.839	0.871
13	3	72	0.226	0.425	26.0	1.291	0.226	0.226
13	3	69	0.0	0.0	nan	nan	0.0	0.0
13	3	66	0.0	0.0	nan	nan	0.0	0.0
13	3	63	0.0	0.0	nan	nan	0.0	0.0
13	3	60	0.0	0.0	nan	nan	0.0	0.0
13	3	57	0.0	0.0	nan	nan	0.0	0.0
13	3	54	0.0	0.0	nan	nan	0.0	0.0
13	3	51	0.0	0.0	nan	nan	0.0	0.0
13	3	48	0.0	0.0	nan	nan	0.0	0.0
13	3	45	0.0	0.0	nan	nan	0.0	0.0
13	3	42	0.0	0.0	nan	nan	0.0	0.0
13	3	39	0.0	0.0	nan	nan	0.0	0.0
13	3	36	0.0	0.0	nan	nan	0.0	0.0
13	3	33	0.0	0.0	nan	nan	0.0	0.0
13	3	30	0.0	0.0	nan	nan	0.0	0.0
14	3	87	5.097	0.301	16.968	0.482	1.0	1.0
14	3	84	4.968	0.18	17.484	0.724	1.0	1.0
14	3	81	4.839	0.374	17.71	0.461	1.0	1.0
14	3	78	4.226	0.425	18.968	1.278	1.0	1.0
14	3	75	3.774	0.497	19.323	0.748	1.0	1.0
14	3	72	3.161	0.374	20.355	1.018	1.0	1.0
14	3	69	3.032	0.18	21.355	0.709	1.0	1.0
14	3	66	3.0	0.0	22.613	1.145	1.0	1.0
14	3	63	2.968	0.18	23.839	1.214	1.0	1.0
14	3	60	2.806	0.402	26.258	1.879	1.0	1.0
14	3	57	1.935	0.772	30.733	4.331	0.968	0.968
14	3	54	1.367	0.615	36.333	4.816	0.935	0.968
14	3	51	0.226	0.425	40.286	4.99	0.226	0.226
14	3	48	0.0	0.0	nan	nan	0.0	0.0
14	3	45	0.0	0.0	nan	nan	0.0	0.0
14	3	42	0.0	0.0	nan	nan	0.0	0.0
14	3	39	0.0	0.0	nan	nan	0.0	0.0
14	3	36	0.0	0.0	nan	nan	0.0	0.0
14	3	33	0.0	0.0	nan	nan	0.0	0.0
14	3	30	0.0	0.0	nan	nan	0.0	0.0
15	3	87	1.839	0.523	19.129	0.67	1.0	1.0
15	3	84	1.452	0.506	19.677	0.832	1.0	1.0
15	3	81	1.097	0.301	21.194	1.195	1.0	1.0
15	3	78	1.0	0.0	22.065	1.289	1.0	1.0
15	3	75	1.0	0.0	23.71	1.216	1.0	1.0
15	3	72	0.548	0.506	26.0	2.622	0.548	0.548
15	3	69	0.032	0.18	26.0	0.0	0.032	0.032
15	3	66	0.0	0.0	nan	nan	0.0	0.0
15	3	63	0.0	0.0	nan	nan	0.0	0.0
15	3	60	0.0	0.0	nan	nan	0.0	0.0
15	3	57	0.0	0.0	nan	nan	0.0	0.0
15	3	54	0.0	0.0	nan	nan	0.0	0.0
15	3	51	0.0	0.0	nan	nan	0.0	0.0
15	3	48	0.0	0.0	nan	nan	0.0	0.0
15	3	45	0.0	0.0	nan	nan	0.0	0.0
15	3	42	0.0	0.0	nan	nan	0.0	0.0
15	3	39	0.0	0.0	nan	nan	0.0	0.0
15	3	36	0.0	0.0	nan	nan	0.0	0.0
15	3	33	0.0	0.0	nan	nan	0.0	0.0
15	3	30	0.0	0.0	nan	nan	0.0	0.0
16	3	87	3.774	0.425	17.742	0.815	1.0	1.0
16	3	84	3.581	0.564	18.032	0.605	1.0	1.0
16	3	81	2.903	0.539	18.839	0.688	1.0	1.0
16	3	78	2.645	0.551	19.29	0.693	1.0	1.0
16	3	75	2.161	0.374	20.452	0.85	1.0	1.0
16	3	72	2.097	0.301	21.613	1.174	1.0	1.0
16	3	69	2.0	0.0	23.258	1.548	1.0	1.0
16	3	66	1.839	0.374	24.161	1.128	1.0	1.0
16	3	63	1.645	0.551	26.067	1.617	0.968	0.968
16	3	60	0.857	0.651	29.652	3.613	0.645	0.742
16	3	57	0.0	0.0	37.0	2.0	0.0	0.097
16	3	54	0.0	0.0	nan	nan	0.0	0.0
16	3	51	0.0	0.0	nan	nan	0.0	0.0
16	3	48	0.0	0.0	nan	nan	0.0	0.0
16	3	45	0.0	0.0	nan	nan	0.0	0.0
16	3	42	0.0	0.0	nan	nan	0.0	0.0
16	3	39	0.0	0.0	nan	nan	0.0	0.0
16	3	36	0.0	0.0	nan	nan	0.0	0.0
16	3	33	0.0	0.0	nan	nan	0.0	0.0
16	3	30	0.0	0.0	nan	nan	0.0	0.0
17	3	87	2.806	0.654	18.194	0.601	1.0	1.0
17	3	84	2.29	0.529	18.548	0.675	1.0	1.0
17	3	81	2.065	0.25	19.613	0.761	1.0	1.0
17	3	78	2.0	0.258	20.484	1.208	1.0	1.0
17	3	75	1.935	0.25	21.484	0.89	1.0	1.0
17	3	72	1.71	0.529	22.871	1.688	1.0	1.0
17	3	69	1.29	0.529	24.839	1.864	1.0	1.0
17	3	66	0.871	0.428	26.769	2.122	0.839	0.839
17	3	63	0.2	0.407	31.429	2.07	0.194	0.226
17	3	60	0.032	0.18	30.0	0.0	0.032	0.032
17	3	57	0.0	0.0	nan	nan	0.0	0.0
17	3	54	0.0	0.0	nan	nan	0.0	0.0
17	3	51	0.0	0.0	nan	nan	0.0	0.0
17	3	48	0.0	0.0	nan	nan	0.0	0.0
17	3	45	0.0	0.0	nan	nan	0.0	0.0
17	3	42	0.0	0.0	nan	nan	0.0	0.0
17	3	39	0.0	0.0	nan	nan	0.0	0.0
17	3	36	0.0	0.0	nan	nan	0.0	0.0
17	3	33	0.0	0.0	nan	nan	0.0	0.0
17	3	30	0.0	0.0	nan	nan	0.0	0.0
18	3	87	1.839	0.374	21.806	0.873	1.0	1.0
18	3	84	1.548	0.506	23.0	1.033	1.0	1.0
18	3	81	1.226	0.425	24.581	1.455	1.0	1.0
18	3	78	1.0	0.258	26.267	1.999	0.968	0.968
18	3	75	0.571	0.504	28.684	3.074	0.516	0.613
18	3	72	0.0	0.0	nan	nan	0.0	0.0
18	3	69	0.0	0.0	nan	nan	0.0	0.0
18	3	66	0.0	0.0	nan	nan	0.0	0.0
18	3	63	0.0	0.0	nan	nan	0.0	0.0
18	3	60	0.0	0.0	nan	nan	0.0	0.0
18	3	57	0.0	0.0	nan	nan	0.0	0.0
18	3	54	0.0	0.0	nan	nan	0.0	0.0
18	3	51	0.0	0.0	nan	nan	0.0	0.0
18	3	48	0.0	0.0	nan	nan	0.0	0.0
18	3	45	0.0	0.0	nan	nan	0.0	0.0
18	3	42	0.0	0.0	nan	nan	0.0	0.0
18	3	39	0.0	0.0	nan	nan	0.0	0.0
18	3	36	0.0	0.0	nan	nan	0.0	0.0
18	3	33	0.0	0.0	nan	nan	0.0	0.0
18	3	30	0.0	0.0	nan	nan	0.0	0.0
19	3	87	1.516	0.508	22.194	1.046	1.0	1.0
19	3	84	1.323	0.475	23.097	1.106	1.0	1.0
19	3	81	1.065	0.25	24.613	1.801	1.0	1.0
19	3	78	1.032	0.18	26.355	2.138	1.0	1.0
19	3	75	0.548	0.506	29.235	2.437	0.548	0.548
19	3	72	0.032	0.18	32.0	0.0	0.032	0.032
19	3	69	0.0	0.0	nan	nan	0.0	0.0
19	3	66	0.0	0.0	nan	nan	0.0	0.0
19	3	63	0.0	0.0	nan	nan	0.0	0.0
19	3	60	0.0	0.0	nan	nan	0.0	0.0
19	3	57	0.0	0.0	nan	nan	0.0	0.0
19	3	54	0.0	0.0	nan	nan	0.0	0.0
19	3	51	0.0	0.0	nan	nan	0.0	0.0
19	3	48	0.0	0.0	nan	nan	0.0	0.0
19	3	45	0.0	0.0	nan	nan	0.0	0.0
19	3	42	0.0	0.0	nan	nan	0.0	0.0
19	3	39	0.0	0.0	nan	nan	0.0	0.0
19	3	36	0.0	0.0	nan	nan	0.0	0.0
19	3	33	0.0	0.0	nan	nan	0.0	0.0
19	3	30	0.0	0.0	nan	nan	0.0	0.0
20	3	87	3.065	0.359	17.194	0.601	1.0	1.0
20	3	84	2.968	0.407	17.581	0.72	1.0	1.0
20	3	81	2.581	0.502	18.065	0.512	1.0	1.0
20	3	78	2.194	0.402	18.935	0.68	1.0	1.0
20	3	75	2.032	0.315	19.581	1.025	1.0	1.0
20	3	72	1.774	0.425	21.194	2.496	1.0	1.0
20	3	69	1.581	0.502	22.484	2.58	1.0	1.0
20	3	66	1.161	0.374	23.774	1.309	1.0	1.0
20	3	63	0.9	0.305	26.107	3.035	0.871	0.903
20	3	60	0.444	0.506	29.875	4.241	0.387	0.516
20	3	57	0.065	0.25	31.0	4.243	0.065	0.065
20	3	54	0.0	0.0	nan	nan	0.0	0.0
20	3	51	0.0	0.0	nan	nan	0.0	0.0
20	3	48	0.0	0.0	nan	nan	0.0	0.0
20	3	45	0.0	0.0	nan	nan	0.0	0.0
20	3	42	0.0	0.0	nan	nan	0.0	0.0
20	3	39	0.0	0.0	nan	nan	0.0	0.0
20	3	36	0.0	0.0	nan	nan	0.0	0.0
20	3	33	0.0	0.0	nan	nan	0.0	0.0
20	3	30	0.0	0.0	nan	nan	0.0	0.0
21	3	87	3.774	0.497	18.0	0.516	1.0	1.0
21	3	84	3.29	0.529	18.548	0.888	1.0	1.0
21	3	81	2.935	0.574	19.258	0.815	1.0	1.0
21	3	78	2.613	0.495	19.903	0.908	1.0	1.0
21	3	75	2.452	0.506	21.097	1.136	1.0	1.0
21	3	72	2.065	0.25	22.452	1.179	1.0	1.0
21	3	69	2.065	0.25	23.0	1.183	1.0	1.0
21	3	66	1.871	0.341	25.129	1.996	1.0	1.0
21	3	63	1.806	0.402	27.065	2.048	1.0	1.0
21	3	60	0.963	0.808	31.591	3.217	0.581	0.71
21	3	57	0.033	0.183	30.0	5.657	0.032	0.065
21	3	54	0.0	0.0	nan	nan	0.0	0.0
21	3	51	0.0	0.0	nan	nan	0.0	0.0
21	3	48	0.0	0.0	nan	nan	0.0	0.0
21	3	45	0.0	0.0	nan	nan	0.0	0.0
21	3	42	0.0	0.0	nan	nan	0.0	0.0
21	3	39	0.0	0.0	nan	nan	0.0	0.0
21	3	36	0.0	0.0	nan	nan	0.0	0.0
21	3	33	0.0	0.0	nan	nan	0.0	0.0
21	3	30	0.0	0.0	nan	nan	0.0	0.0
22	3	87	6.032	0.18	16.71	0.461	1.0	1.0
22	3	84	5.903	0.301	17.226	0.56	1.0	1.0
22	3	81	5.355	0.709	17.613	0.761	1.0	1.0
22	3	78	4.71	0.783	18.29	0.693	1.0	1.0
22	3	75	4.032	0.18	19.065	0.68	1.0	1.0
22	3	72	4.032	0.315	19.645	0.915	1.0	1.0
22	3	69	3.613	0.495	20.613	0.844	1.0	1.0
22	3	66	3.516	0.508	21.645	0.755	1.0	1.0
22	3	63	3.032	0.18	23.065	1.569	1.0	1.0
22	3	60	3.0	0.0	25.032	2.025	1.0	1.0
22	3	57	2.968	0.18	27.645	2.524	1.0	1.0
22	3	54	2.29	0.693	32.581	3.538	1.0	1.0
22	3	51	1.484	0.57	36.581	3.931	1.0	1.0
22	3	48	0.4	0.675	38.909	6.41	0.323	0.355
22	3	45	0.0	0.0	nan	nan	0.0	0.0
22	3	42	0.0	0.0	nan	nan	0.0	0.0
22	3	39	0.0	0.0	nan	nan	0.0	0.0
22	3	36	0.0	0.0	nan	nan	0.0	0.0
22	3	33	0.0	0.0	nan	nan	0.0	0.0
22	3	30	0.0	0.0	nan	nan	0.0	0.0
23	3	87	5.226	0.497	17.065	0.68	1.0	1.0
23	3	84	4.968	0.407	17.516	0.57	1.0	1.0
23	3	81	4.548	0.624	18.161	0.779	1.0	1.0
23	3	78	4.194	0.792	18.645	0.915	1.0	1.0
23	3	75	3.677	0.702	19.194	1.25	1.0	1.0
23	3	72	3.258	0.445	20.29	1.16	1.0	1.0
23	3	69	3.0	0.0	21.032	1.11	1.0	1.0
23	3	66	3.0	0.0	21.774	1.23	1.0	1.0
23	3	63	2.806	0.402	24.065	2.22	1.0	1.0
23	3	60	2.484	0.508	24.806	1.922	1.0	1.0
23	3	57	2.226	0.425	27.0	2.745	1.0	1.0
23	3	54	2.065	0.442	29.516	3.345	1.0	1.0
23	3	51	1.29	0.739	33.269	3.79	0.839	0.839
23	3	48	0.355	0.661	37.778	4.893	0.29	0.29
23	3	45	0.0	0.0	nan	nan	0.0	0.0
23	3	42	0.0	0.0	nan	nan	0.0	0.0
23	3	39	0.0	0.0	nan	nan	0.0	0.0
23	3	36	0.0	0.0	nan	nan	0.0	0.0
23	3	33	0.0	0.0	nan	nan	0.0	0.0
23	3	30	0.0	0.0	nan	nan	0.0	0.0
24	3	87	2.065	0.25	20.903	1.076	1.0	1.0
24	3	84	1.968	0.18	21.581	1.205	1.0	1.0
24	3	81	1.968	0.18	23.161	1.267	1.0	1.0
24	3	78	1.871	0.341	24.29	1.716	1.0	1.0
24	3	75	1.467	0.507	26.774	2.986	0.968	1.0
24	3	72	0.786	0.418	30.28	2.951	0.71	0.806
24	3	69	0.138	0.351	33.167	4.622	0.129	0.194
24	3	66	0.0	0.0	nan	nan	0.0	0.0
24	3	63	0.0	0.0	nan	nan	0.0	0.0
24	3	60	0.0	0.0	nan	nan	0.0	0.0
24	3	57	0.0	0.0	nan	nan	0.0	0.0
24	3	54	0.0	0.0	nan	nan	0.0	0.0
24	3	51	0.0	0.0	nan	nan	0.0	0.0
24	3	48	0.0	0.0	nan	nan	0.0	0.0
24	3	45	0.0	0.0	nan	nan	0.0	0.0
24	3	42	0.0	0.0	nan	nan	0.0	0.0
24	3	39	0.0	0.0	nan	nan	0.0	0.0
24	3	36	0.0	0.0	nan	nan	0.0	0.0
24	3	33	0.0	0.0	nan	nan	0.0	0.0
24	3	30	0.0	0.0	nan	nan	0.0	0.0
25	3	87	1.419	0.502	21.613	0.919	1.0	1.0
25	3	84	1.097	0.301	22.355	1.112	1.0	1.0
25	3	81	1.0	0.258	23.8	2.483	0.968	0.968
25	3	78	0.935	0.25	25.931	1.557	0.935	0.935
25	3	75	0.387	0.495	27.417	2.109	0.387	0.387
25	3	72	0.0	0.0	nan	nan	0.0	0.0
25	3	69	0.0	0.0	nan	nan	0.0	0.0
25	3	66	0.0	0.0	nan	nan	0.0	0.0
25	3	63	0.0	0.0	nan	nan	0.0	0.0
25	3	60	0.0	0.0	nan	nan	0.0	0.0
25	3	57	0.0	0.0	nan	nan	0.0	0.0
25	3	54	0.0	0.0	nan	nan	0.0	0.0
25	3	51	0.0	0.0	nan	nan	0.0	0.0
25	3	48	0.0	0.0	nan	nan	0.0	0.0
25	3	45	0.0	0.0	nan	nan	0.0	0.0
25	3	42	0.0	0.0	nan	nan	0.0	0.0
25	3	39	0.0	0.0	nan	nan	0.0	0.0
25	3	36	0.0	0.0	nan	nan	0.0	0.0
25	3	33	0.0	0.0	nan	nan	0.0	0.0
25	3	30	0.0	0.0	nan	nan	0.0	0.0
26	3	87	2.0	0.258	19.355	0.709	1.0	1.0
26	3	84	2.0	0.0	20.258	0.729	1.0	1.0
26	3	81	1.968	0.18	20.677	1.077	1.0	1.0
26	3	78	1.903	0.301	21.677	0.945	1.0	1.0
26	3	75	1.613	0.495	23.742	3.076	1.0	1.0
26	3	72	1.29	0.461	25.0	1.414	1.0	1.0
26	3	69	0.8	0.484	27.625	2.826	0.742	0.774
26	3	66	0.226	0.425	28.286	3.039	0.226	0.226
26	3	63	0.065	0.359	26.0	0.0	0.032	0.032
26	3	60	0.0	0.0	nan	nan	0.0	0.0
26	3	57	0.0	0.0	nan	nan	0.0	0.0
26	3	54	0.0	0.0	nan	nan	0.0	0.0
26	3	51	0.0	0.0	nan	nan	0.0	0.0
26	3	48	0.0	0.0	nan	nan	0.0	0.0
26	3	45	0.0	0.0	nan	nan	0.0	0.0
26	3	42	0.0	0.0	nan	nan	0.0	0.0
26	3	39	0.0	0.0	nan	nan	0.0	0.0
26	3	36	0.0	0.0	nan	nan	0.0	0.0
26	3	33	0.0	0.0	nan	nan	0.0	0.0
26	3	30	0.0	0.0	nan	nan	0.0	0.0
27	3	87	3.839	0.374	17.419	0.807	1.0	1.0
27	3	84	3.613	0.558	17.839	0.735	1.0	1.0
27	3	81	2.968	0.752	18.419	0.72	1.0	1.0
27	3	78	2.516	0.57	19.258	0.773	1.0	1.0
27	3	75	2.226	0.425	20.484	1.092	1.0	1.0
27	3	72	2.032	0.18	20.968	0.983	1.0	1.0
27	3	69	1.871	0.341	22.484	1.435	1.0	1.0
27	3	66	1.645	0.486	23.71	1.774	1.0	1.0
27	3	63	1.161	0.583	26.321	2.881	0.903	0.903
27	3	60	0.548	0.675	27.0	2.481	0.452	0.452
27	3	57	0.034	0.186	33.0	4.359	0.032	0.097
27	3	54	0.0	0.0	nan	nan	0.0	0.0
27	3	51	0.0	0.0	nan	nan	0.0	0.0
27	3	48	0.0	0.0	nan	nan	0.0	0.0
27	3	45	0.0	0.0	nan	nan	0.0	0.0
27	3	42	0.0	0.0	nan	nan	0.0	0.0
27	3	39	0.0	0.0	nan	nan	0.0	0.0
27	3	36	0.0	0.0	nan	nan	0.0	0.0
27	3	33	0.0	0.0	nan	nan	0.0	0.0
27	3	30	0.0	0.0	nan	nan	0.0	0.0
28	3	87	5.839	0.374	16.645	0.608	1.0	1.0
28	3	84	5.355	0.486	17.032	0.547	1.0	1.0
28	3	81	5.097	0.473	17.484	0.769	1.0	1.0
28	3	78	4.581	0.502	18.129	0.619	1.0	1.0
28	3	75	4.129	0.428	19.161	1.594	1.0	1.0
28	3	72	3.806	0.402	19.71	0.902	1.0	1.0
28	3	69	3.419	0.502	20.452	1.234	1.0	1.0
28	3	66	3.097	0.301	22.71	2.02	1.0	1.0
28	3	63	3.0	0.0	23.0	1.39	1.0	1.0
28	3	60	3.0	0.0	25.0	2.049	1.0	1.0
28	3	57	2.839	0.454	27.677	2.749	1.0	1.0
28	3	54	2.323	0.702	32.484	4.434	1.0	1.0
28	3	51	0.897	0.618	39.708	4.939	0.71	0.774
28	3	48	0.267	0.45	40.778	3.42	0.258	0.29
28	3	45	0.0	0.0	nan	nan	0.0	0.0
28	3	42	0.0	0.0	nan	nan	0.0	0.0
28	3	39	0.0	0.0	nan	nan	0.0	0.0
28	3	36	0.0	0.0	nan	nan	0.0	0.0
28	3	33	0.0	0.0	nan	nan	0.0	0.0
28	3	30	0.0	0.0	nan	nan	0.0	0.0
29	3	87	5.71	0.461	15.677	0.702	1.0	1.0
29	3	84	5.258	0.445	16.484	0.626	1.0	1.0
29	3	81	5.129	0.428	16.903	0.473	1.0	1.0
29	3	78	4.903	0.301	17.323	0.702	1.0	1.0
29	3	75	4.613	0.615	17.903	0.746	1.0	1.0
29	3	72	4.065	0.68	18.871	1.176	1.0	1.0
29	3	69	3.419	0.62	19.452	1.287	1.0	1.0
29	3	66	3.065	0.25	21.0	1.238	1.0	1.0
29	3	63	3.0	0.0	21.871	1.118	1.0	1.0
29	3	60	2.935	0.25	23.484	1.387	1.0	1.0
29	3	57	2.613	0.495	25.774	2.232	1.0	1.0
29	3	54	2.097	0.473	28.645	3.158	1.0	1.0
29	3	51	1.483	0.634	34.724	4.471	0.871	0.935
29	3	48	0.871	0.67	37.227	3.598	0.71	0.71
29	3	45	0.0	0.0	nan	nan	0.0	0.0
29	3	42	0.0	0.0	nan	nan	0.0	0.0
29	3	39	0.0	0.0	nan	nan	0.0	0.0
29	3	36	0.0	0.0	nan	nan	0.0	0.0
29	3	33	0.0	0.0	nan	nan	0.0	0.0
29	3	30	0.0	0.0	nan	nan	0.0	0.0
30	3	87	1.806	0.402	21.581	1.409	1.0	1.0
30	3	84	1.581	0.502	22.484	0.962	1.0	1.0
30	3	81	1.065	0.442	24.103	1.858	0.935	0.935
30	3	78	0.935	0.442	25.296	1.706	0.871	0.871
30	3	75	0.533	0.507	27.765	2.412	0.516	0.548
30	3	72	0.065	0.25	29.0	1.414	0.065	0.065
30	3	69	0.0	0.0	nan	nan	0.0	0.0
30	3	66	0.0	0.0	nan	nan	0.0	0.0
30	3	63	0.0	0.0	nan	nan	0.0	0.0
30	3	60	0.0	0.0	nan	nan	0.0	0.0
30	3	57	0.0	0.0	nan	nan	0.0	0.0
30	3	54	0.0	0.0	nan	nan	0.0	0.0
30	3	51	0.0	0.0	nan	nan	0.0	0.0
30	3	48	0.0	0.0	nan	nan	0.0	0.0
30	3	45	0.0	0.0	nan	nan	0.0	0.0
30	3	42	0.0	0.0	nan	nan	0.0	0.0
30	3	39	0.0	0.0	nan	nan	0.0	0.0
30	3	36	0.0	0.0	nan	nan	0.0	0.0
30	3	33	0.0	0.0	nan	nan	0.0	0.0
30	3	30	0.0	0.0	nan	nan	0.0	0.0
31	3	87	3.065	0.574	17.548	0.675	1.0	1.0
31	3	84	2.355	0.551	18.548	1.387	1.0	1.0
31	3	81	2.032	0.18	19.258	0.893	1.0	1.0
31	3	78	1.903	0.396	20.452	1.028	1.0	1.0
31	3	75	1.516	0.508	21.516	1.313	1.0	1.0
31	3	72	1.484	0.508	22.645	1.45	1.0	1.0
31	3	69	1.0	0.378	25.621	3.736	0.871	0.935
31	3	66	0.655	0.484	27.619	3.427	0.613	0.677
31	3	63	0.129	0.341	28.25	3.304	0.129	0.129
31	3	60	0.0	0.0	nan	nan	0.0	0.0
31	3	57	0.0	0.0	nan	nan	0.0	0.0
31	3	54	0.0	0.0	nan	nan	0.0	0.0
31	3	51	0.0	0.0	nan	nan	0.0	0.0
31	3	48	0.0	0.0	nan	nan	0.0	0.0
31	3	45	0.0	0.0	nan	nan	0.0	0.0
31	3	42	0.0	0.0	nan	nan	0.0	0.0
31	3	39	0.0	0.0	nan	nan	0.0	0.0
31	3	36	0.0	0.0	nan	nan	0.0	0.0
31	3	33	0.0	0.0	nan	nan	0.0	0.0
31	3	30	0.0	0.0	nan	nan	0.0	0.0
0	4	87	4.194	0.402	16.032	0.605	1.0	1.0
0	4	84	4.0	0.0	16.452	0.624	1.0	1.0
0	4	81	3.935	0.25	17.065	0.727	1.0	1.0
0	4	78	3.935	0.25	17.452	0.506	1.0	1.0
0	4	75	3.645	0.551	18.161	0.779	1.0	1.0
0	4	72	3.065	0.442	19.0	0.73	1.0	1.0
0	4	69	2.484	0.508	19.935	1.093	1.0	1.0
0	4	66	2.226	0.425	21.452	0.995	1.0	1.0
0	4	63	2.065	0.25	22.806	1.4	1.0	1.0
0	4	60	2.0	0.0	25.065	2.394	1.0	1.0
0	4	57	1.871	0.341	28.226	4.064	1.0	1.0
0	4	54	0.867	0.86	32.833	5.021	0.548	0.581
0	4	51	0.097	0.396	27.5	4.95	0.065	0.065
0	4	48	0.0	0.0	nan	nan	0.0	0.0
0	4	45	0.0	0.0	nan	nan	0.0	0.0
0	4	42	0.0	0.0	nan	nan	0.0	0.0
0	4	39	0.0	0.0	nan	nan	0.0	0.0
0	4	36	0.0	0.0	nan	nan	0.0	0.0
0	4	33	0.0	0.0	nan	nan	0.0	0.0
0	4	30	0.0	0.0	nan	nan	0.0	0.0
1	4	87	3.968	0.18	16.419	0.564	1.0	1.0
1	4	84	4.0	0.258	16.839	0.688	1.0	1.0
1	4	81	3.968	0.18	17.161	0.583	1.0	1.0
1	4	78	3.516	0.508	18.065	0.814	1.0	1.0
1	4	75	3.226	0.617	18.613	0.844	1.0	1.0
1	4	72	2.645	0.608	19.613	0.955	1.0	1.0
1	4	69	2.355	0.486	20.29	1.071	1.0	1.0
1	4	66	2.032	0.18	22.226	1.783	1.0	1.0
1	4	63	1.968	0.18	23.484	1.262	1.0	1.0
1	4	60	1.967	0.183	25.129	2.825	0.968	1.0
1	4	57	1.69	0.66	29.034	4.145	0.871	0.935
1	4	54	1.083	0.929	33.091	4.8	0.484	0.71
1	4	51	0.067	0.365	35.5	7.778	0.032	0.065
1	4	48	0.0	0.0	nan	nan	0.0	0.0
1	4	45	0.0	0.0	nan	nan	0.0	0.0
1	4	42	0.0	0.0	nan	nan	0.0	0.0
1	4	39	0.0	0.0	nan	nan	0.0	0.0
1	4	36	0.0	0.0	nan	nan	0.0	0.0
1	4	33	0.0	0.0	nan	nan	0.0	0.0
1	4	30	0.0	0.0	nan	nan	0.0	0.0
2	4	87	2.032	0.547	18.806	0.543	1.0	1.0
2	4	84	1.581	0.62	19.29	0.938	1.0	1.0
2	4	81	1.355	0.486	20.161	0.898	1.0	1.0
2	4	78	1.129	0.341	21.419	0.958	1.0	1.0
2	4	75	1.0	0.0	23.677	1.701	1.0	1.0
2	4	72	0.733	0.45	24.522	1.238	0.71	0.742
2	4	69	0.333	0.479	25.636	1.206	0.323	0.355
2	4	66	0.0	0.0	nan	nan	0.0	0.0
2	4	63	0.0	0.0	nan	nan	0.0	0.0
2	4	60	0.0	0.0	nan	nan	0.0	0.0
2	4	57	0.0	0.0	nan	nan	0.0	0.0
2	4	54	0.0	0.0	nan	nan	0.0	0.0
2	4	51	0.0	0.0	nan	nan	0.0	0.0
2	4	48	0.0	0.0	nan	nan	0.0	0.0
2	4	45	0.0	0.0	nan	nan	0.0	0.0
2	4	42	0.0	0.0	nan	nan	0.0	0.0
2	4	39	0.0	0.0	nan	nan	0.0	0.0
2	4	36	0.0	0.0	nan	nan	0.0	0.0
2	4	33	0.0	0.0	nan	nan	0.0	0.0
2	4	30	0.0	0.0	nan	nan	0.0	0.0
3	4	87	3.968	0.18	15.548	0.85	1.0	1.0
3	4	84	4.0	0.0	15.871	0.619	1.0	1.0
3	4	81	4.032	0.18	16.194	0.601	1.0	1.0
3	4	78	3.903	0.301	16.71	0.643	1.0	1.0
3	4	75	3.71	0.529	17.194	0.792	1.0	1.0
3	4	72	3.032	0.795	18.419	0.848	1.0	1.0
3	4	69	2.419	0.564	19.161	1.463	1.0	1.0
3	4	66	2.097	0.301	19.71	1.371	1.0	1.0
3	4	63	2.032	0.18	21.323	1.326	1.0	1.0
3	4	60	2.0	0.0	23.419	1.523	1.0	1.0
3	4	57	1.967	0.183	25.613	2.952	0.968	1.0
3	4	54	1.414	0.825	29.84	3.555	0.742	0.806
3	4	51	0.517	0.738	31.462	3.799	0.355	0.419
3	4	48	0.0	0.0	37.0	0.0	0.0	0.032
3	4	45	0.0	0.0	nan	nan	0.0	0.0
3	4	42	0.0	0.0	nan	nan	0.0	0.0
3	4	39	0.0	0.0	nan	nan	0.0	0.0
3	4	36	0.0	0.0	nan	nan	0.0	0.0
3	4	33	0.0	0.0	nan	nan	0.0	0.0
3	4	30	0.0	0.0	nan	nan	0.0	0.0
4	4	87	5.871	0.341	15.968	0.482	1.0	1.0
4	4	84	5.29	0.461	16.258	0.514	1.0	1.0
4	4	81	5.065	0.25	16.677	0.475	1.0	1.0
4	4	78	5.0	0.0	17.194	0.477	1.0	1.0
4	4	75	4.516	0.508	18.355	1.018	1.0	1.0
4	4	72	3.968	0.657	18.806	0.792	1.0	1.0
4	4	69	3.484	0.57	19.484	0.962	1.0	1.0
4	4	66	3.097	0.301	20.355	1.199	1.0	1.0
4	4	63	3.0	0.0	21.774	1.431	1.0	1.0
4	4	60	2.935	0.25	23.161	1.098	1.0	1.0
4	4	57	2.935	0.25	25.419	1.996	1.0	1.0
4	4	54	2.419	0.564	28.323	2.482	1.0	1.0
4	4	51	1.71	0.588	32.484	3.539	1.0	1.0
4	4	48	1.357	0.731	36.966	4.625	0.839	0.935
4	4	45	0.323	0.541	39.444	4.799	0.29	0.29
4	4	42	0.0	0.0	nan	nan	0.0	0.0
4	4	39	0.0	0.0	nan	nan	0.0	0.0
4	4	36	0.0	0.0	nan	nan	0.0	0.0
4	4	33	0.0	0.0	nan	nan	0.0	0.0
4	4	30	0.0	0.0	nan	nan	0.0	0.0
5	4	87	4.419	0.672	17.581	0.62	1.0	1.0
5	4	84	3.645	0.608	18.065	0.929	1.0	1.0
5	4	81	3.258	0.445	18.645	0.709	1.0	1.0
5	4	78	3.032	0.18	19.355	0.661	1.0	1.0
5	4	75	2.774	0.425	20.258	1.032	1.0	1.0
5	4	72	2.71	0.461	21.355	1.199	1.0	1.0
5	4	69	2.452	0.506	22.677	1.137	1.0	1.0
5	4	66	2.097	0.301	23.871	1.432	1.0	1.0
5	4	63	2.065	0.25	25.677	2.151	1.0	1.0
5	4	60	1.867	0.346	28.516	3.53	0.968	1.0
5	4	57	1.148	0.77	33.48	3.853	0.677	0.806
5	4	54	0.129	0.428	32.667	4.041	0.097	0.097
5	4	51	0.0	0.0	nan	nan	0.0	0.0
5	4	48	0.0	0.0	nan	nan	0.0	0.0
5	4	45	0.0	0.0	nan	nan	0.0	0.0
5	4	42	0.0	0.0	nan	nan	0.0	0.0
5	4	39	0.0	0.0	nan	nan	0.0	0.0
5	4	36	0.0	0.0	nan	nan	0.0	0.0
5	4	33	0.0	0.0	nan	nan	0.0	0.0
5	4	30	0.0	0.0	nan	nan	0.0	0.0
6	4	87	4.645	0.486	17.032	0.657	1.0	1.0
6	4	84	3.935	0.574	17.742	0.93	1.0	1.0
6	4	81	3.419	0.564	18.484	0.724	1.0	1.0
6	4	78	3.065	0.359	18.839	0.638	1.0	1.0
6	4	75	2.935	0.359	19.774	1.023	1.0	1.0
6	4	72	2.677	0.599	20.839	1.734	1.0	1.0
6	4	69	2.226	0.425	22.129	1.5	1.0	1.0
6	4	66	2.097	0.301	23.065	1.482	1.0	1.0
6	4	63	1.903	0.396	25.097	2.071	1.0	1.0
6	4	60	1.31	0.761	27.269	3.412	0.774	0.839
6	4	57	0.7	0.877	28.571	3.368	0.419	0.452
6	4	54	0.233	0.626	32.4	3.647	0.129	0.161
6	4	51	0.0	0.0	nan	nan	0.0	0.0
6	4	48	0.0	0.0	nan	nan	0.0	0.0
6	4	45	0.0	0.0	nan	nan	0.0	0.0
6	4	42	0.0	0.0	nan	nan	0.0	0.0
6	4	39	0.0	0.0	nan	nan	0.0	0.0
6	4	36	0.0	0.0	nan	nan	0.0	0.0
6	4	33	0.0	0.0	nan	nan	0.0	0.0
6	4	30	0.0	0.0	nan	nan	0.0	0.0
7	4	87	4.0	0.0	16.323	0.599	1.0	1.0
7	4	84	4.0	0.0	16.419	0.62	1.0	1.0
7	4	81	3.839	0.374	17.129	0.619	1.0	1.0
7	4	78	3.29	0.643	17.71	0.824	1.0	1.0
7	4	75	2.871	0.806	18.29	0.739	1.0	1.0
7	4	72	2.194	0.402	19.194	0.91	1.0	1.0
7	4	69	2.032	0.18	19.968	1.048	1.0	1.0
7	4	66	2.032	0.18	20.903	1.076	1.0	1.0
7	4	63	1.839	0.454	21.548	1.729	1.0	1.0
7	4	60	1.387	0.615	24.167	2.198	0.968	0.968
7	4	57	0.767	0.626	26.952	2.889	0.645	0.677
7	4	54	0.4	0.563	30.917	2.811	0.355	0.387
7	4	51	0.0	0.0	nan	nan	0.0	0.0
7	4	48	0.0	0.0	nan	nan	0.0	0.0
7	4	45	0.0	0.0	nan	nan	0.0	0.0
7	4	42	0.0	0.0	nan	nan	0.0	0.0
7	4	39	0.0	0.0	nan	nan	0.0	0.0
7	4	36	0.0	0.0	nan	nan	0.0	0.0
7	4	33	0.0	0.0	nan	nan	0.0	0.0
7	4	30	0.0	0.0	nan	nan	0.0	0.0
8	4	87	5.355	0.551	17.161	0.583	1.0	1.0
8	4	84	4.903	0.597	17.903	1.076	1.0	1.0
8	4	81	4.613	0.615	18.0	0.683	1.0	1.0
8	4	78	4.29	0.588	18.484	0.996	1.0	1.0
8	4	75	3.774	0.497	19.226	0.805	1.0	1.0
8	4	72	3.323	0.475	20.71	0.864	1.0	1.0
8	4	69	3.065	0.25	21.355	1.404	1.0	1.0
8	4	66	3.032	0.18	22.871	1.284	1.0	1.0
8	4	63	2.903	0.301	23.806	1.447	1.0	1.0
8	4	60	2.548	0.506	25.645	2.402	1.0	1.0
8	4	57	2.129	0.499	28.484	2.336	1.0	1.0
8	4	54	1.8	0.664	31.345	2.979	0.903	0.935
8	4	51	1.214	0.738	34.846	3.641	0.742	0.839
8	4	48	0.069	0.258	38.0	2.708	0.065	0.129
8	4	45	0.0	0.0	nan	nan	0.0	0.0
8	4	42	0.0	0.0	nan	nan	0.0	0.0
8	4	39	0.0	0.0	nan	nan	0.0	0.0
8	4	36	0.0	0.0	nan	nan	0.0	0.0
8	4	33	0.0	0.0	nan	nan	0.0	0.0
8	4	30	0.0	0.0	nan	nan	0.0	0.0
9	4	87	3.129	0.341	16.871	0.428	1.0	1.0
9	4	84	2.935	0.359	17.355	0.709	1.0	1.0
9	4	81	2.581	0.502	18.194	0.946	1.0	1.0
9	4	78	2.387	0.495	18.452	0.81	1.0	1.0
9	4	75	2.0	0.447	19.129	0.806	1.0	1.0
9	4	72	1.677	0.475	20.387	0.955	1.0	1.0
9	4	69	1.29	0.461	21.613	1.202	1.0	1.0
9	4	66	1.129	0.341	22.968	1.835	1.0	1.0
9	4	63	1.0	0.0	24.742	1.57	0.968	1.0
9	4	60	0.516	0.508	26.812	2.482	0.516	0.516
9	4	57	0.067	0.254	30.667	2.082	0.065	0.097
9	4	54	0.0	0.0	nan	nan	0.0	0.0
9	4	51	0.0	0.0	nan	nan	0.0	0.0
9	4	48	0.0	0.0	nan	nan	0.0	0.0
9	4	45	0.0	0.0	nan	nan	0.0	0.0
9	4	42	0.0	0.0	nan	nan	0.0	0.0
9	4	39	0.0	0.0	nan	nan	0.0	0.0
9	4	36	0.0	0.0	nan	nan	0.0	0.0
9	4	33	0.0	0.0	nan	nan	0.0	0.0
9	4	30	0.0	0.0	nan	nan	0.0	0.0
10	4	87	2.774	0.497	17.71	0.461	1.0	1.0
10	4	84	2.226	0.669	18.645	0.798	1.0	1.0
10	4	81	1.645	0.551	19.161	0.638	1.0	1.0
10	4	78	1.097	0.396	20.133	0.776	0.968	0.968
10	4	75	1.032	0.18	21.645	1.473	1.0	1.0
10	4	72	1.0	0.0	23.355	1.226	1.0	1.0
10	4	69	0.517	0.509	26.235	2.016	0.484	0.548
10	4	66	0.129	0.341	25.0	2.16	0.129	0.129
10	4	63	0.0	0.0	nan	nan	0.0	0.0
10	4	60	0.0	0.0	nan	nan	0.0	0.0
10	4	57	0.0	0.0	nan	nan	0.0	0.0
10	4	54	0.0	0.0	nan	nan	0.0	0.0
10	4	51	0.0	0.0	nan	nan	0.0	0.0
10	4	48	0.0	0.0	nan	nan	0.0	0.0
10	4	45	0.0	0.0	nan	nan	0.0	0.0
10	4	42	0.0	0.0	nan	nan	0.0	0.0
10	4	39	0.0	0.0	nan	nan	0.0	0.0
10	4	36	0.0	0.0	nan	nan	0.0	0.0
10	4	33	0.0	0.0	nan	nan	0.0	0.0
10	4	30	0.0	0.0	nan	nan	0.0	0.0
11	4	87	2.387	0.558	18.806	0.749	1.0	1.0
11	4	84	2.194	0.477	19.097	0.746	1.0	1.0
11	4	81	2.0	0.0	20.032	0.875	1.0	1.0
11	4	78	2.0	0.0	20.968	0.836	1.0	1.0
11	4	75	1.968	0.18	21.677	0.832	1.0	1.0
11	4	72	1.71	0.461	22.903	1.62	1.0	1.0
11	4	69	1.194	0.402	24.806	2.386	1.0	1.0
11	4	66	1.034	0.499	27.571	3.696	0.839	0.903
11	4	63	0.033	0.183	33.5	6.364	0.032	0.065
11	4	60	0.0	0.0	35.0	0.0	0.0	0.032
11	4	57	0.0	0.0	nan	nan	0.0	0.0
11	4	54	0.0	0.0	nan	nan	0.0	0.0
11	4	51	0.0	0.0	nan	nan	0.0	0.0
11	4	48	0.0	0.0	nan	nan	0.0	0.0
11	4	45	0.0	0.0	nan	nan	0.0	0.0
11	4	42	0.0	0.0	nan	nan	0.0	0.0
11	4	39	0.0	0.0	nan	nan	0.0	0.0
11	4	36	0.0	0.0	nan	nan	0.0	0.0
11	4	33	0.0	0.0	nan	nan	0.0	0.0
11	4	30	0.0	0.0	nan	nan	0.0	0.0
12	4	87	3.0	0.0	20.194	0.792	1.0	1.0
12	4	84	2.903	0.301	21.0	1.095	1.0	1.0
12	4	81	2.774	0.425	21.871	0.922	1.0	1.0
12	4	78	2.129	0.341	23.161	1.319	1.0	1.0
12	4	75	2.0	0.0	24.032	1.602	1.0	1.0
12	4	72	2.0	0.0	25.839	1.864	1.0	1.0
12	4	69	2.0	0.0	29.742	2.503	0.968	1.0
12	4	66	1.419	0.672	33.25	3.099	0.903	0.903
12	4	63	0.267	0.583	34.429	4.237	0.194	0.226
12	4	60	0.0	0.0	nan	nan	0.0	0.0
12	4	57	0.0	0.0	nan	nan	0.0	0.0
12	4	54	0.0	0.0	nan	nan	0.0	0.0
12	4	51	0.0	0.0	nan	nan	0.0	0.0
12	4	48	0.0	0.0	nan	nan	0.0	0.0
12	4	45	0.0	0.0	nan	nan	0.0	0.0
12	4	42	0.0	0.0	nan	nan	0.0	0.0
12	4	39	0.0	0.0	nan	nan	0.0	0.0
12	4	36	0.0	0.0	nan	nan	0.0	0.0
12	4	33	0.0	0.0	nan	nan	0.0	0.0
12	4	30	0.0	0.0	nan	nan	0.0	0.0
13	4	87	3.161	0.583	17.29	0.643	1.0	1.0
13	4	84	2.71	0.529	18.065	0.68	1.0	1.0
13	4	81	2.226	0.425	18.677	0.702	1.0	1.0
13	4	78	2.097	0.301	19.0	0.577	1.0	1.0
13	4	75	2.0	0.0	20.258	0.965	1.0	1.0
13	4	72	1.903	0.301	21.129	1.056	1.0	1.0
13	4	69	1.71	0.461	22.871	1.522	1.0	1.0
13	4	66	1.355	0.486	24.806	2.286	1.0	1.0
13	4	63	1.161	0.454	27.033	1.938	0.968	0.968
13	4	60	0.613	0.495	29.0	2.494	0.613	0.613
13	4	57	0.0	0.0	nan	nan	0.0	0.0
13	4	54	0.0	0.0	nan	nan	0.0	0.0
13	4	51	0.0	0.0	nan	nan	0.0	0.0
13	4	48	0.0	0.0	nan	nan	0.0	0.0
13	4	45	0.0	0.0	nan	nan	0.0	0.0
13	4	42	0.0	0.0	nan	nan	0.0	0.0
13	4	39	0.0	0.0	nan	nan	0.0	0.0
13	4	36	0.0	0.0	nan	nan	0.0	0.0
13	4	33	0.0	0.0	nan	nan	0.0	0.0
13	4	30	0.0	0.0	nan	nan	0.0	0.0
14	4	87	4.032	0.18	16.613	0.615	1.0	1.0
14	4	84	3.968	0.18	17.097	0.651	1.0	1.0
14	4	81	3.71	0.529	17.71	0.643	1.0	1.0
14	4	78	2.968	0.657	18.613	0.667	1.0	1.0
14	4	75	2.645	0.551	19.065	0.814	1.0	1.0
14	4	72	2.065	0.25	20.419	0.958	1.0	1.0
14	4	69	2.032	0.18	21.065	0.814	1.0	1.0
14	4	66	2.032	0.18	22.806	1.47	1.0	1.0
14	4	63	1.968	0.18	25.0	1.732	1.0	1.0
14	4	60	2.0	0.0	27.29	2.194	1.0	1.0
14	4	57	1.778	0.506	30.4	3.125	0.839	0.968
14	4	54	0.2	0.577	36.111	2.934	0.097	0.29
14	4	51	0.0	0.0	nan	nan	0.0	0.0
14	4	48	0.0	0.0	nan	nan	0.0	0.0
14	4	45	0.0	0.0	nan	nan	0.0	0.0
14	4	42	0.0	0.0	nan	nan	0.0	0.0
14	4	39	0.0	0.0	nan	nan	0.0	0.0
14	4	36	0.0	0.0	nan	nan	0.0	0.0
14	4	33	0.0	0.0	nan	nan	0.0	0.0
14	4	30	0.0	0.0	nan	nan	0.0	0.0
15	4	87	3.968	0.18	16.29	0.588	1.0	1.0
15	4	84	3.871	0.341	16.774	0.617	1.0	1.0
15	4	81	3.419	0.62	17.419	0.765	1.0	1.0
15	4	78	2.806	0.654	18.226	0.717	1.0	1.0
15	4	75	2.452	0.506	18.774	0.884	1.0	1.0
15	4	72	2.0	0.258	19.839	1.267	1.0	1.0
15	4	69	2.0	0.0	21.065	1.34	1.0	1.0
15	4	66	2.032	0.18	22.71	1.811	1.0	1.0
15	4	63	2.0	0.0	24.71	2.935	0.968	1.0
15	4	60	1.464	0.637	29.345	4.029	0.839	0.935
15	4	57	0.625	0.824	33.706	3.67	0.323	0.548
15	4	54	0.0	0.0	nan	nan	0.0	0.0
15	4	51	0.0	0.0	nan	nan	0.0	0.0
15	4	48	0.0	0.0	nan	nan	0.0	0.0
15	4	45	0.0	0.0	nan	nan	0.0	0.0
15	4	42	0.0	0.0	nan	nan	0.0	0.0
15	4	39	0.0	0.0	nan	nan	0.0	0.0
15	4	36	0.0	0.0	nan	nan	0.0	0.0
15	4	33	0.0	0.0	nan	nan	0.0	0.0
15	4	30	0.0	0.0	nan	nan	0.0	0.0
16	4	87	4.742	0.445	17.548	0.624	1.0	1.0
16	4	84	4.161	0.735	18.419	0.62	1.0	1.0
16	4	81	3.613	0.615	19.0	0.856	1.0	1.0
16	4	78	3.194	0.402	19.548	1.091	1.0	1.0
16	4	75	2.903	0.301	20.484	1.092	1.0	1.0
16	4	72	2.968	0.18	21.742	1.064	1.0	1.0
16	4	69	2.581	0.502	22.935	1.569	1.0	1.0
16	4	66	2.226	0.425	24.419	1.455	1.0	1.0
16	4	63	2.129	0.341	25.806	1.797	1.0	1.0
16	4	60	2.0	0.447	29.0	2.852	1.0	1.0
16	4	57	1.533	0.681	30.643	3.082	0.871	0.903
16	4	54	0.179	0.548	36.0	4.858	0.097	0.194
16	4	51	0.0	0.0	39.0	0.0	0.0	0.032
16	4	48	0.0	0.0	nan	nan	0.0	0.0
16	4	45	0.0	0.0	nan	nan	0.0	0.0
16	4	42	0.0	0.0	nan	nan	0.0	0.0
16	4	39	0.0	0.0	nan	nan	0.0	0.0
16	4	36	0.0	0.0	nan	nan	0.0	0.0
16	4	33	0.0	0.0	nan	nan	0.0	0.0
16	4	30	0.0	0.0	nan	nan	0.0	0.0
17	4	87	3.71	0.461	18.065	0.772	1.0	1.0
17	4	84	3.097	0.597	18.903	1.106	1.0	1.0
17	4	81	2.581	0.564	19.548	1.06	1.0	1.0
17	4	78	2.258	0.445	20.161	0.86	1.0	1.0
17	4	75	2.065	0.25	21.387	1.086	1.0	1.0
17	4	72	2.0	0.0	22.935	1.124	1.0	1.0
17	4	69	2.0	0.0	24.484	1.768	1.0	1.0
17	4	66	1.871	0.341	25.774	2.473	1.0	1.0
17	4	63	1.37	0.629	30.207	3.629	0.806	0.935
17	4	60	0.276	0.591	31.125	4.581	0.194	0.258
17	4	57	0.0	0.0	nan	nan	0.0	0.0
17	4	54	0.0	0.0	nan	nan	0.0	0.0
17	4	51	0.0	0.0	nan	nan	0.0	0.0
17	4	48	0.0	0.0	nan	nan	0.0	0.0
17	4	45	0.0	0.0	nan	nan	0.0	0.0
17	4	42	0.0	0.0	nan	nan	0.0	0.0
17	4	39	0.0	0.0	nan	nan	0.0	0.0
17	4	36	0.0	0.0	nan	nan	0.0	0.0
17	4	33	0.0	0.0	nan	nan	0.0	0.0
17	4	30	0.0	0.0	nan	nan	0.0	0.0
18	4	87	4.871	0.341	16.645	0.551	1.0	1.0
18	4	84	4.548	0.506	17.065	0.359	1.0	1.0
18	4	81	3.968	0.482	17.71	0.693	1.0	1.0
18	4	78	3.419	0.564	18.29	0.693	1.0	1.0
18	4	75	3.161	0.374	19.032	0.836	1.0	1.0
18	4	72	3.0	0.0	19.903	0.746	1.0	1.0
18	4	69	2.839	0.374	21.194	1.078	1.0	1.0
18	4	66	2.613	0.495	22.387	1.43	1.0	1.0
18	4	63	2.226	0.425	24.548	1.261	1.0	1.0
18	4	60	1.935	0.25	27.129	2.349	1.0	1.0
18	4	57	1.839	0.374	30.516	3.482	1.0	1.0
18	4	54	1.033	0.669	35.56	4.053	0.774	0.806
18	4	51	0.0	0.0	44.0	0.0	0.0	0.032
18	4	48	0.0	0.0	nan	nan	0.0	0.0
18	4	45	0.0	0.0	nan	nan	0.0	0.0
18	4	42	0.0	0.0	nan	nan	0.0	0.0
18	4	39	0.0	0.0	nan	nan	0.0	0.0
18	4	36	0.0	0.0	nan	nan	0.0	0.0
18	4	33	0.0	0.0	nan	nan	0.0	0.0
18	4	30	0.0	0.0	nan	nan	0.0	0.0
19	4	87	4.968	0.18	15.161	0.454	1.0	1.0
19	4	84	4.806	0.402	15.548	0.506	1.0	1.0
19	4	81	4.387	0.495	15.935	0.727	1.0	1.0
19	4	78	4.032	0.18	16.742	0.682	1.0	1.0
19	4	75	3.968	0.18	17.258	0.514	1.0	1.0
19	4	72	3.774	0.425	17.871	0.67	1.0	1.0
19	4	69	3.129	0.428	19.097	1.012	1.0	1.0
19	4	66	2.742	0.575	20.065	1.063	1.0	1.0
19	4	63	2.258	0.445	21.29	1.189	1.0	1.0
19	4	60	2.097	0.301	23.065	2.128	1.0	1.0
19	4	57	1.968	0.315	25.065	1.931	1.0	1.0
19	4	54	1.742	0.514	30.433	4.141	0.968	0.968
19	4	51	0.655	0.721	36.706	3.917	0.484	0.548
19	4	48	0.133	0.346	38.2	1.924	0.129	0.161
19	4	45	0.0	0.0	nan	nan	0.0	0.0
19	4	42	0.0	0.0	nan	nan	0.0	0.0
19	4	39	0.0	0.0	nan	nan	0.0	0.0
19	4	36	0.0	0.0	nan	nan	0.0	0.0
19	4	33	0.0	0.0	nan	nan	0.0	0.0
19	4	30	0.0	0.0	nan	nan	0.0	0.0
20	4	87	2.484	0.57	19.0	0.73	1.0	1.0
20	4	84	2.065	0.25	20.258	1.154	1.0	1.0
20	4	81	2.0	0.0	21.032	1.11	1.0	1.0
20	4	78	2.0	0.0	22.742	1.751	1.0	1.0
20	4	75	2.0	0.0	23.871	1.477	1.0	1.0
20	4	72	1.903	0.396	26.0	1.983	0.968	0.968
20	4	69	1.556	0.577	30.133	4.562	0.839	0.968
20	4	66	0.75	0.897	33.889	4.391	0.355	0.581
20	4	63	0.032	0.18	32.0	0.0	0.032	0.032
20	4	60	0.0	0.0	nan	nan	0.0	0.0
20	4	57	0.0	0.0	nan	nan	0.0	0.0
20	4	54	0.0	0.0	nan	nan	0.0	0.0
20	4	51	0.0	0.0	nan	nan	0.0	0.0
20	4	48	0.0	0.0	nan	nan	0.0	0.0
20	4	45	0.0	0.0	nan	nan	0.0	0.0
20	4	42	0.0	0.0	nan	nan	0.0	0.0
20	4	39	0.0	0.0	nan	nan	0.0	0.0
20	4	36	0.0	0.0	nan	nan	0.0	0.0
20	4	33	0.0	0.0	nan	nan	0.0	0.0
20	4	30	0.0	0.0	nan	nan	0.0	0.0
21	4	87	3.129	0.341	16.935	0.68	1.0	1.0
21	4	84	2.935	0.442	17.323	0.599	1.0	1.0
21	4	81	2.839	0.374	17.71	0.588	1.0	1.0
21	4	78	2.29	0.461	18.677	0.871	1.0	1.0
21	4	75	2.065	0.359	19.387	0.955	1.0	1.0
21	4	72	1.871	0.341	20.935	1.75	1.0	1.0
21	4	69	1.516	0.57	22.333	1.422	0.968	0.968
21	4	66	1.258	0.445	24.032	1.888	1.0	1.0
21	4	63	1.032	0.315	26.4	2.884	0.968	0.968
21	4	60	0.333	0.479	29.0	3.13	0.323	0.355
21	4	57	0.032	0.18	30.0	0.0	0.032	0.032
21	4	54	0.0	0.0	nan	nan	0.0	0.0
21	4	51	0.0	0.0	nan	nan	0.0	0.0
21	4	48	0.0	0.0	nan	nan	0.0	0.0
21	4	45	0.0	0.0	nan	nan	0.0	0.0
21	4	42	0.0	0.0	nan	nan	0.0	0.0
21	4	39	0.0	0.0	nan	nan	0.0	0.0
21	4	36	0.0	0.0	nan	nan	0.0	0.0
21	4	33	0.0	0.0	nan	nan	0.0	0.0
21	4	30	0.0	0.0	nan	nan	0.0	0.0
22	4	87	3.903	0.301	16.484	0.508	1.0	1.0
22	4	84	3.677	0.475	16.871	0.619	1.0	1.0
22	4	81	3.129	0.428	17.29	0.529	1.0	1.0
22	4	78	2.742	0.445	17.871	0.67	1.0	1.0
22	4	75	2.29	0.461	18.935	1.063	1.0	1.0
22	4	72	2.032	0.18	20.032	0.948	1.0	1.0
22	4	69	2.0	0.0	20.968	0.836	1.0	1.0
22	4	66	1.935	0.25	22.903	1.248	1.0	1.0
22	4	63	1.968	0.18	24.903	2.039	1.0	1.0
22	4	60	1.444	0.577	30.967	6.037	0.839	0.968
22	4	57	0.154	0.368	33.889	4.859	0.129	0.29
22	4	54	0.0	0.0	nan	nan	0.0	0.0
22	4	51	0.0	0.0	nan	nan	0.0	0.0
22	4	48	0.0	0.0	nan	nan	0.0	0.0
22	4	45	0.0	0.0	nan	nan	0.0	0.0
22	4	42	0.0	0.0	nan	nan	0.0	0.0
22	4	39	0.0	0.0	nan	nan	0.0	0.0
22	4	36	0.0	0.0	nan	nan	0.0	0.0
22	4	33	0.0	0.0	nan	nan	0.0	0.0
22	4	30	0.0	0.0	nan	nan	0.0	0.0
23	4	87	2.71	0.461	17.935	0.772	1.0	1.0
23	4	84	2.323	0.599	18.645	1.253	1.0	1.0
23	4	81	1.839	0.688	19.226	1.023	1.0	1.0
23	4	78	1.419	0.564	20.194	0.946	1.0	1.0
23	4	75	1.226	0.425	22.0	1.932	1.0	1.0
23	4	72	1.032	0.18	23.387	2.044	1.0	1.0
23	4	69	0.806	0.402	25.32	1.796	0.806	0.806
23	4	66	0.323	0.475	27.3	2.751	0.323	0.323
23	4	63	0.0	0.0	nan	nan	0.0	0.0
23	4	60	0.0	0.0	nan	nan	0.0	0.0
23	4	57	0.0	0.0	nan	nan	0.0	0.0
23	4	54	0.0	0.0	nan	nan	0.0	0.0
23	4	51	0.0	0.0	nan	nan	0.0	0.0
23	4	48	0.0	0.0	nan	nan	0.0	0.0
23	4	45	0.0	0.0	nan	nan	0.0	0.0
23	4	42	0.0	0.0	nan	nan	0.0	0.0
23	4	39	0.0	0.0	nan	nan	0.0	0.0
23	4	36	0.0	0.0	nan	nan	0.0	0.0
23	4	33	0.0	0.0	nan	nan	0.0	0.0
23	4	30	0.0	0.0	nan	nan	0.0	0.0
24	4	87	4.968	0.18	16.097	0.539	1.0	1.0
24	4	84	4.645	0.486	16.226	0.717	1.0	1.0
24	4	81	4.548	0.506	16.871	0.67	1.0	1.0
24	4	78	4.032	0.407	17.258	0.631	1.0	1.0
24	4	75	3.71	0.529	18.065	1.031	1.0	1.0
24	4	72	3.161	0.454	19.065	0.964	1.0	1.0
24	4	69	2.806	0.402	19.742	1.125	1.0	1.0
24	4	66	2.548	0.568	21.323	1.536	1.0	1.0
24	4	63	2.194	0.477	21.903	1.165	1.0	1.0
24	4	60	2.065	0.25	23.71	1.488	1.0	1.0
24	4	57	1.71	0.643	25.786	2.529	0.903	0.903
24	4	54	1.556	0.641	29.345	3.716	0.806	0.935
24	4	51	0.286	0.659	33.0	4.87	0.161	0.258
24	4	48	0.138	0.516	35.0	4.32	0.065	0.129
24	4	45	0.0	0.0	nan	nan	0.0	0.0
24	4	42	0.0	0.0	nan	nan	0.0	0.0
24	4	39	0.0	0.0	nan	nan	0.0	0.0
24	4	36	0.0	0.0	nan	nan	0.0	0.0
24	4	33	0.0	0.0	nan	nan	0.0	0.0
24	4	30	0.0	0.0	nan	nan	0.0	0.0
25	4	87	3.935	0.25	17.032	0.795	1.0	1.0
25	4	84	3.968	0.18	17.419	0.564	1.0	1.0
25	4	81	3.613	0.495	17.968	0.836	1.0	1.0
25	4	78	3.129	0.67	18.484	0.811	1.0	1.0
25	4	75	2.452	0.624	19.29	0.739	1.0	1.0
25	4	72	2.065	0.25	20.613	0.761	1.0	1.0
25	4	69	2.032	0.18	21.613	1.054	1.0	1.0
25	4	66	2.0	0.0	22.903	1.248	1.0	1.0
25	4	63	2.0	0.0	24.71	1.442	1.0	1.0
25	4	60	1.903	0.301	26.677	2.212	1.0	1.0
25	4	57	1.769	0.43	30.613	3.913	0.839	1.0
25	4	54	0.433	0.626	31.25	3.441	0.355	0.387
25	4	51	0.0	0.0	nan	nan	0.0	0.0
25	4	48	0.0	0.0	nan	nan	0.0	0.0
25	4	45	0.0	0.0	nan	nan	0.0	0.0
25	4	42	0.0	0.0	nan	nan	0.0	0.0
25	4	39	0.0	0.0	nan	nan	0.0	0.0
25	4	36	0.0	0.0	nan	nan	0.0	0.0
25	4	33	0.0	0.0	nan	nan	0.0	0.0
25	4	30	0.0	0.0	nan	nan	0.0	0.0
26	4	87	4.0	0.0	16.935	0.512	1.0	1.0
26	4	84	3.774	0.425	17.323	0.653	1.0	1.0
26	4	81	3.29	0.643	18.097	0.831	1.0	1.0
26	4	78	2.581	0.72	18.774	0.99	1.0	1.0
26	4	75	2.032	0.18	19.387	0.882	1.0	1.0
26	4	72	2.0	0.0	20.452	0.925	1.0	1.0
26	4	69	1.903	0.301	22.032	1.472	1.0	1.0
26	4	66	1.806	0.477	22.903	1.72	1.0	1.0
26	4	63	1.5	0.509	25.968	2.763	0.968	1.0
26	4	60	1.033	0.669	27.08	2.532	0.774	0.806
26	4	57	0.226	0.425	31.286	2.812	0.226	0.226
26	4	54	0.0	0.0	nan	nan	0.0	0.0
26	4	51	0.0	0.0	nan	nan	0.0	0.0
26	4	48	0.0	0.0	nan	nan	0.0	0.0
26	4	45	0.0	0.0	nan	nan	0.0	0.0
26	4	42	0.0	0.0	nan	nan	0.0	0.0
26	4	39	0.0	0.0	nan	nan	0.0	0.0
26	4	36	0.0	0.0	nan	nan	0.0	0.0
26	4	33	0.0	0.0	nan	nan	0.0	0.0
26	4	30	0.0	0.0	nan	nan	0.0	0.0
27	4	87	6.032	0.18	16.387	0.667	1.0	1.0
27	4	84	6.0	0.0	16.935	0.512	1.0	1.0
27	4	81	5.71	0.529	17.29	0.739	1.0	1.0
27	4	78	5.032	0.836	17.871	0.763	1.0	1.0
27	4	75	4.419	0.564	18.581	0.62	1.0	1.0
27	4	72	4.065	0.359	19.968	1.197	1.0	1.0
27	4	69	3.968	0.482	20.71	1.131	1.0	1.0
27	4	66	3.871	0.428	21.387	1.52	1.0	1.0
27	4	63	3.323	0.475	23.419	2.078	1.0	1.0
27	4	60	3.129	0.341	24.968	1.643	1.0	1.0
27	4	57	2.968	0.18	27.323	2.7	1.0	1.0
27	4	54	2.613	0.667	31.355	4.34	1.0	1.0
27	4	51	1.71	1.071	36.36	5.291	0.806	0.806
27	4	48	0.467	0.681	42.667	4.519	0.355	0.387
27	4	45	0.0	0.0	nan	nan	0.0	0.0
27	4	42	0.0	0.0	nan	nan	0.0	0.0
27	4	39	0.0	0.0	nan	nan	0.0	0.0
27	4	36	0.0	0.0	nan	nan	0.0	0.0
27	4	33	0.0	0.0	nan	nan	0.0	0.0
27	4	30	0.0	0.0	nan	nan	0.0	0.0
28	4	87	5.0	0.0	17.129	0.67	1.0	1.0
28	4	84	4.806	0.402	17.581	0.564	1.0	1.0
28	4	81	4.0	0.856	18.226	0.56	1.0	1.0
28	4	78	3.516	0.677	18.774	0.717	1.0	1.0
28	4	75	3.065	0.25	19.806	1.078	1.0	1.0
28	4	72	3.065	0.359	20.677	1.166	1.0	1.0
28	4	69	2.968	0.18	22.258	1.632	1.0	1.0
28	4	66	2.645	0.486	24.065	1.948	1.0	1.0
28	4	63	2.258	0.445	26.194	2.227	1.0	1.0
28	4	60	1.839	0.454	31.613	5.673	1.0	1.0
28	4	57	1.241	0.786	34.96	4.895	0.742	0.806
28	4	54	0.1	0.305	41.0	3.464	0.097	0.129
28	4	51	0.0	0.0	nan	nan	0.0	0.0
28	4	48	0.0	0.0	nan	nan	0.0	0.0
28	4	45	0.0	0.0	nan	nan	0.0	0.0
28	4	42	0.0	0.0	nan	nan	0.0	0.0
28	4	39	0.0	0.0	nan	nan	0.0	0.0
28	4	36	0.0	0.0	nan	nan	0.0	0.0
28	4	33	0.0	0.0	nan	nan	0.0	0.0
28	4	30	0.0	0.0	nan	nan	0.0	0.0
29	4	87	1.032	0.18	19.742	1.483	1.0	1.0
29	4	84	1.032	0.18	19.871	1.088	1.0	1.0
29	4	81	1.0	0.0	20.742	1.125	1.0	1.0
29	4	78	1.0	0.0	22.323	1.4	1.0	1.0
29	4	75	0.828	0.384	23.885	1.681	0.774	0.839
29	4	72	0.567	0.504	25.778	2.962	0.548	0.581
29	4	69	0.067	0.254	29.0	2.0	0.065	0.097
29	4	66	0.0	0.0	nan	nan	0.0	0.0
29	4	63	0.0	0.0	nan	nan	0.0	0.0
29	4	60	0.0	0.0	nan	nan	0.0	0.0
29	4	57	0.0	0.0	nan	nan	0.0	0.0
29	4	54	0.0	0.0	nan	nan	0.0	0.0
29	4	51	0.0	0.0	nan	nan	0.0	0.0
29	4	48	0.0	0.0	nan	nan	0.0	0.0
29	4	45	0.0	0.0	nan	nan	0.0	0.0
29	4	42	0.0	0.0	nan	nan	0.0	0.0
29	4	39	0.0	0.0	nan	nan	0.0	0.0
29	4	36	0.0	0.0	nan	nan	0.0	0.0
29	4	33	0.0	0.0	nan	nan	0.0	0.0
29	4	30	0.0	0.0	nan	nan	0.0	0.0
30	4	87	4.032	0.18	16.71	0.693	1.0	1.0
30	4	84	3.903	0.301	17.065	0.772	1.0	1.0
30	4	81	3.452	0.568	17.484	0.851	1.0	1.0
30	4	78	3.032	0.752	18.419	0.807	1.0	1.0
30	4	75	2.484	0.724	18.903	0.978	1.0	1.0
30	4	72	2.194	0.402	19.645	1.082	1.0	1.0
30	4	69	2.065	0.25	20.387	1.498	1.0	1.0
30	4	66	1.903	0.301	21.645	1.561	1.0	1.0
30	4	63	1.774	0.425	23.226	1.586	1.0	1.0
30	4	60	1.483	0.574	25.6	3.578	0.903	0.968
30	4	57	1.1	0.662	26.692	2.853	0.806	0.839
30	4	54	0.5	0.63	28.857	2.825	0.419	0.452
30	4	51	0.065	0.25	29.5	0.707	0.065	0.065
30	4	48	0.0	0.0	nan	nan	0.0	0.0
30	4	45	0.0	0.0	nan	nan	0.0	0.0
30	4	42	0.0	0.0	nan	nan	0.0	0.0
30	4	39	0.0	0.0	nan	nan	0.0	0.0
30	4	36	0.0	0.0	nan	nan	0.0	0.0
30	4	33	0.0	0.0	nan	nan	0.0	0.0
30	4	30	0.0	0.0	nan	nan	0.0	0.0
31	4	87	2.839	0.454	17.645	0.709	1.0	1.0
31	4	84	2.194	0.654	18.613	0.761	1.0	1.0
31	4	81	1.71	0.693	19.032	0.795	1.0	1.0
31	4	78	1.387	0.558	20.0	1.155	1.0	1.0
31	4	75	1.097	0.301	21.194	1.108	1.0	1.0
31	4	72	1.032	0.18	22.839	1.463	1.0	1.0
31	4	69	0.867	0.346	24.222	1.968	0.839	0.871
31	4	66	0.323	0.475	26.3	1.703	0.323	0.323
31	4	63	0.0	0.0	nan	nan	0.0	0.0
31	4	60	0.0	0.0	nan	nan	0.0	0.0
31	4	57	0.0	0.0	nan	nan	0.0	0.0
31	4	54	0.0	0.0	nan	nan	0.0	0.0
31	4	51	0.0	0.0	nan	nan	0.0	0.0
31	4	48	0.0	0.0	nan	nan	0.0	0.0
31	4	45	0.0	0.0	nan	nan	0.0	0.0
31	4	42	0.0	0.0	nan	nan	0.0	0.0
31	4	39	0.0	0.0	nan	nan	0.0	0.0
31	4	36	0.0	0.0	nan	nan	0.0	0.0
31	4	33	0.0	0.0	nan	nan	0.0	0.0
31	4	30	0.0	0.0	nan	nan	0.0	0.0
0	5	87	5.194	0.402	16.645	0.755	1.0	1.0
0	5	84	4.871	0.428	17.548	0.675	1.0	1.0
0	5	81	4.452	0.568	18.0	0.856	1.0	1.0
0	5	78	4.129	0.619	18.71	0.693	1.0	1.0
0	5	75	3.548	0.568	19.581	0.958	1.0	1.0
0	5	72	3.323	0.475	20.129	0.763	1.0	1.0
0	5	69	3.0	0.0	21.774	1.203	1.0	1.0
0	5	66	3.0	0.0	23.258	1.365	1.0	1.0
0	5	63	2.903	0.301	24.452	1.588	1.0	1.0
0	5	60	2.677	0.475	26.774	2.376	1.0	1.0
0	5	57	2.097	0.539	30.871	2.986	1.0	1.0
0	5	54	1.419	0.564	34.967	3.952	0.968	0.968
0	5	51	0.323	0.475	41.0	4.522	0.323	0.323
0	5	48	0.0	0.0	nan	nan	0.0	0.0
0	5	45	0.0	0.0	nan	nan	0.0	0.0
0	5	42	0.0	0.0	nan	nan	0.0	0.0
0	5	39	0.0	0.0	nan	nan	0.0	0.0
0	5	36	0.0	0.0	nan	nan	0.0	0.0
0	5	33	0.0	0.0	nan	nan	0.0	0.0
0	5	30	0.0	0.0	nan	nan	0.0	0.0
1	5	87	2.452	0.506	20.548	0.723	1.0	1.0
1	5	84	2.032	0.18	21.613	1.23	1.0	1.0
1	5	81	2.0	0.0	23.097	1.221	1.0	1.0
1	5	78	2.0	0.0	25.161	1.917	1.0	1.0
1	5	75	1.935	0.25	26.71	1.901	1.0	1.0
1	5	72	1.828	0.468	30.2	3.736	0.903	0.968
1	5	69	1.346	0.689	32.393	2.82	0.742	0.903
1	5	66	0.032	0.18	29.0	0.0	0.032	0.032
1	5	63	0.0	0.0	nan	nan	0.0	0.0
1	5	60	0.0	0.0	nan	nan	0.0	0.0
1	5	57	0.0	0.0	nan	nan	0.0	0.0
1	5	54	0.0	0.0	nan	nan	0.0	0.0
1	5	51	0.0	0.0	nan	nan	0.0	0.0
1	5	48	0.0	0.0	nan	nan	0.0	0.0
1	5	45	0.0	0.0	nan	nan	0.0	0.0
1	5	42	0.0	0.0	nan	nan	0.0	0.0
1	5	39	0.0	0.0	nan	nan	0.0	0.0
1	5	36	0.0	0.0	nan	nan	0.0	0.0
1	5	33	0.0	0.0	nan	nan	0.0	0.0
1	5	30	0.0	0.0	nan	nan	0.0	0.0
2	5	87	2.032	0.18	19.516	0.962	1.0	1.0
2	5	84	2.0	0.0	20.194	0.91	1.0	1.0
2	5	81	1.903	0.301	21.581	1.119	1.0	1.0
2	5	78	1.677	0.475	22.387	1.308	1.0	1.0
2	5	75	1.419	0.502	24.0	1.461	1.0	1.0
2	5	72	1.065	0.512	26.179	2.957	0.903	0.903
2	5	69	0.581	0.502	29.167	3.015	0.581	0.581
2	5	66	0.069	0.258	32.0	3.559	0.065	0.129
2	5	63	0.0	0.0	nan	nan	0.0	0.0
2	5	60	0.0	0.0	nan	nan	0.0	0.0
2	5	57	0.0	0.0	nan	nan	0.0	0.0
2	5	54	0.0	0.0	nan	nan	0.0	0.0
2	5	51	0.0	0.0	nan	nan	0.0	0.0
2	5	48	0.0	0.0	nan	nan	0.0	0.0
2	5	45	0.0	0.0	nan	nan	0.0	0.0
2	5	42	0.0	0.0	nan	nan	0.0	0.0
2	5	39	0.0	0.0	nan	nan	0.0	0.0
2	5	36	0.0	0.0	nan	nan	0.0	0.0
2	5	33	0.0	0.0	nan	nan	0.0	0.0
2	5	30	0.0	0.0	nan	nan	0.0	0.0
3	5	87	2.0	0.0	20.129	1.118	1.0	1.0
3	5	84	2.0	0.0	20.935	1.124	1.0	1.0
3	5	81	1.968	0.18	22.258	1.125	1.0	1.0
3	5	78	1.581	0.502	23.226	0.99	1.0	1.0
3	5	75	1.233	0.43	25.71	2.698	0.968	1.0
3	5	72	0.793	0.62	27.364	3.155	0.645	0.71
3	5	69	0.226	0.425	28.0	3.367	0.226	0.226
3	5	66	0.0	0.0	35.0	0.0	0.0	0.032
3	5	63	0.0	0.0	nan	nan	0.0	0.0
3	5	60	0.0	0.0	nan	nan	0.0	0.0
3	5	57	0.0	0.0	nan	nan	0.0	0.0
3	5	54	0.0	0.0	nan	nan	0.0	0.0
3	5	51	0.0	0.0	nan	nan	0.0	0.0
3	5	48	0.0	0.0	nan	nan	0.0	0.0
3	5	45	0.0	0.0	nan	nan	0.0	0.0
3	5	42	0.0	0.0	nan	nan	0.0	0.0
3	5	39	0.0	0.0	nan	nan	0.0	0.0
3	5	36	0.0	0.0	nan	nan	0.0	0.0
3	5	33	0.0	0.0	nan	nan	0.0	0.0
3	5	30	0.0	0.0	nan	nan	0.0	0.0
4	5	87	3.903	0.301	16.871	0.763	1.0	1.0
4	5	84	4.0	0.0	17.0	0.577	1.0	1.0
4	5	81	3.613	0.558	18.161	0.735	1.0	1.0
4	5	78	3.032	0.547	18.839	0.898	1.0	1.0
4	5	75	2.613	0.495	19.419	0.886	1.0	1.0
4	5	72	2.032	0.18	20.935	1.063	1.0	1.0
4	5	69	2.032	0.18	22.097	1.814	1.0	1.0
4	5	66	1.935	0.25	23.677	1.922	1.0	1.0
4	5	63	2.0	0.258	26.032	2.041	1.0	1.0
4	5	60	1.742	0.514	28.8	3.367	0.968	0.968
4	5	57	0.958	0.751	33.0	4.606	0.548	0.774
4	5	54	0.0	0.0	38.0	4.243	0.0	0.065
4	5	51	0.0	0.0	nan	nan	0.0	0.0
4	5	48	0.0	0.0	nan	nan	0.0	0.0
4	5	45	0.0	0.0	nan	nan	0.0	0.0
4	5	42	0.0	0.0	nan	nan	0.0	0.0
4	5	39	0.0	0.0	nan	nan	0.0	0.0
4	5	36	0.0	0.0	nan	nan	0.0	0.0
4	5	33	0.0	0.0	nan	nan	0.0	0.0
4	5	30	0.0	0.0	nan	nan	0.0	0.0
5	5	87	2.968	0.18	17.032	0.605	1.0	1.0
5	5	84	2.677	0.541	17.839	0.779	1.0	1.0
5	5	81	2.161	0.735	18.452	0.768	1.0	1.0
5	5	78	1.387	0.667	19.065	0.772	1.0	1.0
5	5	75	1.129	0.341	20.097	1.165	1.0	1.0
5	5	72	1.033	0.183	21.355	1.603	0.968	1.0
5	5	69	0.871	0.341	23.222	2.025	0.871	0.871
5	5	66	0.393	0.497	27.286	2.431	0.355	0.452
5	5	63	0.0	0.0	nan	nan	0.0	0.0
5	5	60	0.0	0.0	nan	nan	0.0	0.0
5	5	57	0.0	0.0	nan	nan	0.0	0.0
5	5	54	0.0	0.0	nan	nan	0.0	0.0
5	5	51	0.0	0.0	nan	nan	0.0	0.0
5	5	48	0.0	0.0	nan	nan	0.0	0.0
5	5	45	0.0	0.0	nan	nan	0.0	0.0
5	5	42	0.0	0.0	nan	nan	0.0	0.0
5	5	39	0.0	0.0	nan	nan	0.0	0.0
5	5	36	0.0	0.0	nan	nan	0.0	0.0
5	5	33	0.0	0.0	nan	nan	0.0	0.0
5	5	30	0.0	0.0	nan	nan	0.0	0.0
6	5	87	2.516	0.57	19.742	0.999	1.0	1.0
6	5	84	2.226	0.425	20.677	0.832	1.0	1.0
6	5	81	2.065	0.25	21.581	0.765	1.0	1.0
6	5	78	2.0	0.0	22.645	1.05	1.0	1.0
6	5	75	2.0	0.0	24.516	1.86	1.0	1.0
6	5	72	1.903	0.396	26.0	1.875	0.968	0.968
6	5	69	1.7	0.535	30.5	3.411	0.935	0.968
6	5	66	0.615	0.804	32.938	4.266	0.355	0.516
6	5	63	0.0	0.0	40.0	0.0	0.0	0.032
6	5	60	0.0	0.0	nan	nan	0.0	0.0
6	5	57	0.0	0.0	nan	nan	0.0	0.0
6	5	54	0.0	0.0	nan	nan	0.0	0.0
6	5	51	0.0	0.0	nan	nan	0.0	0.0
6	5	48	0.0	0.0	nan	nan	0.0	0.0
6	5	45	0.0	0.0	nan	nan	0.0	0.0
6	5	42	0.0	0.0	nan	nan	0.0	0.0
6	5	39	0.0	0.0	nan	nan	0.0	0.0
6	5	36	0.0	0.0	nan	nan	0.0	0.0
6	5	33	0.0	0.0	nan	nan	0.0	0.0
6	5	30	0.0	0.0	nan	nan	0.0	0.0
7	5	87	2.742	0.445	17.935	0.814	1.0	1.0
7	5	84	2.032	0.18	19.065	0.629	1.0	1.0
7	5	81	2.065	0.359	19.742	1.21	1.0	1.0
7	5	78	1.355	0.486	21.065	1.731	1.0	1.0
7	5	75	1.065	0.25	21.774	1.383	1.0	1.0
7	5	72	0.968	0.18	23.567	1.406	0.968	0.968
7	5	69	0.613	0.495	25.789	2.8	0.613	0.613
7	5	66	0.133	0.346	29.6	5.03	0.129	0.161
7	5	63	0.0	0.0	nan	nan	0.0	0.0
7	5	60	0.0	0.0	nan	nan	0.0	0.0
7	5	57	0.0	0.0	nan	nan	0.0	0.0
7	5	54	0.0	0.0	nan	nan	0.0	0.0
7	5	51	0.0	0.0	nan	nan	0.0	0.0
7	5	48	0.0	0.0	nan	nan	0.0	0.0
7	5	45	0.0	0.0	nan	nan	0.0	0.0
7	5	42	0.0	0.0	nan	nan	0.0	0.0
7	5	39	0.0	0.0	nan	nan	0.0	0.0
7	5	36	0.0	0.0	nan	nan	0.0	0.0
7	5	33	0.0	0.0	nan	nan	0.0	0.0
7	5	30	0.0	0.0	nan	nan	0.0	0.0
8	5	87	3.065	0.512	17.548	0.506	1.0	1.0
8	5	84	2.484	0.508	18.194	0.792	1.0	1.0
8	5	81	2.129	0.341	18.806	0.601	1.0	1.0
8	5	78	2.0	0.0	19.968	0.875	1.0	1.0
8	5	75	1.774	0.425	20.516	0.926	1.0	1.0
8	5	72	1.548	0.506	22.258	1.094	1.0	1.0
8	5	69	1.097	0.473	23.621	1.321	0.935	0.935
8	5	66	0.903	0.301	26.464	2.186	0.903	0.903
8	5	63	0.419	0.564	27.917	1.782	0.387	0.387
8	5	60	0.0	0.0	nan	nan	0.0	0.0
8	5	57	0.0	0.0	nan	nan	0.0	0.0
8	5	54	0.0	0.0	nan	nan	0.0	0.0
8	5	51	0.0	0.0	nan	nan	0.0	0.0
8	5	48	0.0	0.0	nan	nan	0.0	0.0
8	5	45	0.0	0.0	nan	nan	0.0	0.0
8	5	42	0.0	0.0	nan	nan	0.0	0.0
8	5	39	0.0	0.0	nan	nan	0.0	0.0
8	5	36	0.0	0.0	nan	nan	0.0	0.0
8	5	33	0.0	0.0	nan	nan	0.0	0.0
8	5	30	0.0	0.0	nan	nan	0.0	0.0
9	5	87	3.355	0.551	18.323	0.653	1.0	1.0
9	5	84	2.935	0.772	18.806	0.749	1.0	1.0
9	5	81	2.419	0.502	19.613	1.054	1.0	1.0
9	5	78	2.097	0.301	21.065	0.892	1.0	1.0
9	5	75	1.968	0.18	21.839	1.128	1.0	1.0
9	5	72	1.968	0.315	23.903	1.599	1.0	1.0
9	5	69	1.774	0.425	25.161	1.951	1.0	1.0
9	5	66	1.097	0.651	27.038	2.553	0.839	0.839
9	5	63	0.379	0.677	30.3	4.739	0.258	0.323
9	5	60	0.0	0.0	nan	nan	0.0	0.0
9	5	57	0.0	0.0	nan	nan	0.0	0.0
9	5	54	0.0	0.0	nan	nan	0.0	0.0
9	5	51	0.0	0.0	nan	nan	0.0	0.0
9	5	48	0.0	0.0	nan	nan	0.0	0.0
9	5	45	0.0	0.0	nan	nan	0.0	0.0
9	5	42	0.0	0.0	nan	nan	0.0	0.0
9	5	39	0.0	0.0	nan	nan	0.0	0.0
9	5	36	0.0	0.0	nan	nan	0.0	0.0
9	5	33	0.0	0.0	nan	nan	0.0	0.0
9	5	30	0.0	0.0	nan	nan	0.0	0.0
10	5	87	4.968	0.18	15.774	0.56	1.0	1.0
10	5	84	4.742	0.445	16.452	0.568	1.0	1.0
10	5	81	4.548	0.506	16.677	0.702	1.0	1.0
10	5	78	4.097	0.473	17.355	0.709	1.0	1.0
10	5	75	3.645	0.551	17.806	0.91	1.0	1.0
10	5	72	3.452	0.506	18.484	0.769	1.0	1.0
10	5	69	3.0	0.447	19.419	1.177	1.0	1.0
10	5	66	2.774	0.425	20.742	1.29	1.0	1.0
10	5	63	2.419	0.502	21.677	1.376	1.0	1.0
10	5	60	2.097	0.301	22.806	1.447	1.0	1.0
10	5	57	2.0	0.0	25.387	2.06	1.0	1.0
10	5	54	1.935	0.25	28.032	2.689	1.0	1.0
10	5	51	1.552	0.736	32.185	3.648	0.806	0.871
10	5	48	0.667	0.761	35.789	3.172	0.387	0.613
10	5	45	0.0	0.0	nan	nan	0.0	0.0
10	5	42	0.0	0.0	nan	nan	0.0	0.0
10	5	39	0.0	0.0	nan	nan	0.0	0.0
10	5	36	0.0	0.0	nan	nan	0.0	0.0
10	5	33	0.0	0.0	nan	nan	0.0	0.0
10	5	30	0.0	0.0	nan	nan	0.0	0.0
11	5	87	2.806	0.477	17.742	0.965	1.0	1.0
11	5	84	2.355	0.486	18.548	0.675	1.0	1.0
11	5	81	2.097	0.301	19.323	0.791	1.0	1.0
11	5	78	1.871	0.428	20.581	1.205	1.0	1.0
11	5	75	1.71	0.461	21.516	1.151	1.0	1.0
11	5	72	1.258	0.445	22.581	1.259	1.0	1.0
11	5	69	0.968	0.407	24.857	1.433	0.903	0.903
11	5	66	0.419	0.502	27.0	3.367	0.419	0.419
11	5	63	0.032	0.18	25.0	0.0	0.032	0.032
11	5	60	0.0	0.0	nan	nan	0.0	0.0
11	5	57	0.0	0.0	nan	nan	0.0	0.0
11	5	54	0.0	0.0	nan	nan	0.0	0.0
11	5	51	0.0	0.0	nan	nan	0.0	0.0
11	5	48	0.0	0.0	nan	nan	0.0	0.0
11	5	45	0.0	0.0	nan	nan	0.0	0.0
11	5	42	0.0	0.0	nan	nan	0.0	0.0
11	5	39	0.0	0.0	nan	nan	0.0	0.0
11	5	36	0.0	0.0	nan	nan	0.0	0.0
11	5	33	0.0	0.0	nan	nan	0.0	0.0
11	5	30	0.0	0.0	nan	nan	0.0	0.0
12	5	87	5.323	0.475	16.581	0.502	1.0	1.0
12	5	84	5.032	0.315	16.871	0.67	1.0	1.0
12	5	81	4.935	0.25	17.548	0.506	1.0	1.0
12	5	78	4.387	0.615	18.194	0.601	1.0	1.0
12	5	75	3.871	0.67	18.968	0.752	1.0	1.0
12	5	72	3.258	0.445	20.0	1.125	1.0	1.0
12	5	69	3.032	0.18	21.194	1.108	1.0	1.0
12	5	66	3.0	0.0	23.097	1.599	1.0	1.0
12	5	63	2.903	0.301	23.806	1.195	1.0	1.0
12	5	60	2.419	0.502	26.0	1.88	1.0	1.0
12	5	57	1.903	0.597	31.516	4.603	1.0	1.0
12	5	54	1.414	0.628	36.467	5.716	0.903	0.968
12	5	51	0.258	0.445	39.25	2.866	0.258	0.258
12	5	48	0.0	0.0	nan	nan	0.0	0.0
12	5	45	0.0	0.0	nan	nan	0.0	0.0
12	5	42	0.0	0.0	nan	nan	0.0	0.0
12	5	39	0.0	0.0	nan	nan	0.0	0.0
12	5	36	0.0	0.0	nan	nan	0.0	0.0
12	5	33	0.0	0.0	nan	nan	0.0	0.0
12	5	30	0.0	0.0	nan	nan	0.0	0.0
13	5	87	1.0	0.0	21.806	1.447	0.968	1.0
13	5	84	0.935	0.25	23.241	1.746	0.935	0.935
13	5	81	0.7	0.466	24.773	1.716	0.677	0.71
13	5	78	0.129	0.341	25.5	1.0	0.129	0.129
13	5	75	0.0	0.0	nan	nan	0.0	0.0
13	5	72	0.0	0.0	nan	nan	0.0	0.0
13	5	69	0.0	0.0	nan	nan	0.0	0.0
13	5	66	0.0	0.0	nan	nan	0.0	0.0
13	5	63	0.0	0.0	nan	nan	0.0	0.0
13	5	60	0.0	0.0	nan	nan	0.0	0.0
13	5	57	0.0	0.0	nan	nan	0.0	0.0
13	5	54	0.0	0.0	nan	nan	0.0	0.0
13	5	51	0.0	0.0	nan	nan	0.0	0.0
13	5	48	0.0	0.0	nan	nan	0.0	0.0
13	5	45	0.0	0.0	nan	nan	0.0	0.0
13	5	42	0.0	0.0	nan	nan	0.0	0.0
13	5	39	0.0	0.0	nan	nan	0.0	0.0
13	5	36	0.0	0.0	nan	nan	0.0	0.0
13	5	33	0.0	0.0	nan	nan	0.0	0.0
13	5	30	0.0	0.0	nan	nan	0.0	0.0
14	5	87	2.29	0.461	19.677	0.791	1.0	1.0
14	5	84	2.032	0.18	20.677	0.945	1.0	1.0
14	5	81	2.0	0.0	21.387	1.022	1.0	1.0
14	5	78	1.935	0.25	22.29	0.902	1.0	1.0
14	5	75	1.903	0.301	24.097	1.375	1.0	1.0
14	5	72	1.677	0.475	25.645	1.723	1.0	1.0
14	5	69	1.194	0.477	28.267	2.612	0.968	0.968
14	5	66	0.519	0.509	31.0	3.29	0.452	0.581
14	5	63	0.065	0.25	32.5	0.707	0.065	0.065
14	5	60	0.0	0.0	nan	nan	0.0	0.0
14	5	57	0.0	0.0	nan	nan	0.0	0.0
14	5	54	0.0	0.0	nan	nan	0.0	0.0
14	5	51	0.0	0.0	nan	nan	0.0	0.0
14	5	48	0.0	0.0	nan	nan	0.0	0.0
14	5	45	0.0	0.0	nan	nan	0.0	0.0
14	5	42	0.0	0.0	nan	nan	0.0	0.0
14	5	39	0.0	0.0	nan	nan	0.0	0.0
14	5	36	0.0	0.0	nan	nan	0.0	0.0
14	5	33	0.0	0.0	nan	nan	0.0	0.0
14	5	30	0.0	0.0	nan	nan	0.0	0.0
15	5	87	4.645	0.486	15.935	0.442	1.0	1.0
15	5	84	4.226	0.425	16.452	0.506	1.0	1.0
15	5	81	4.032	0.18	16.935	0.442	1.0	1.0
15	5	78	4.0	0.0	17.613	0.495	1.0	1.0
15	5	75	3.581	0.502	18.129	0.885	1.0	1.0
15	5	72	3.258	0.445	18.645	0.709	1.0	1.0
15	5	69	3.0	0.0	19.71	1.071	1.0	1.0
15	5	66	2.548	0.506	20.742	1.064	1.0	1.0
15	5	63	2.194	0.402	22.065	1.569	1.0	1.0
15	5	60	2.032	0.18	23.452	1.823	1.0	1.0
15	5	57	2.0	0.0	26.097	2.271	1.0	1.0
15	5	54	1.645	0.551	31.033	3.846	0.968	0.968
15	5	51	0.783	0.671	38.043	3.431	0.484	0.742
15	5	48	0.032	0.18	42.0	0.0	0.032	0.032
15	5	45	0.0	0.0	nan	nan	0.0	0.0
15	5	42	0.0	0.0	nan	nan	0.0	0.0
15	5	39	0.0	0.0	nan	nan	0.0	0.0
15	5	36	0.0	0.0	nan	nan	0.0	0.0
15	5	33	0.0	0.0	nan	nan	0.0	0.0
15	5	30	0.0	0.0	nan	nan	0.0	0.0
16	5	87	1.0	0.0	24.806	1.376	1.0	1.0
16	5	84	0.613	0.495	27.579	2.09	0.613	0.613
16	5	81	0.1	0.305	27.25	4.349	0.097	0.129
16	5	78	0.0	0.0	nan	nan	0.0	0.0
16	5	75	0.0	0.0	nan	nan	0.0	0.0
16	5	72	0.0	0.0	nan	nan	0.0	0.0
16	5	69	0.0	0.0	nan	nan	0.0	0.0
16	5	66	0.0	0.0	nan	nan	0.0	0.0
16	5	63	0.0	0.0	nan	nan	0.0	0.0
16	5	60	0.0	0.0	nan	nan	0.0	0.0
16	5	57	0.0	0.0	nan	nan	0.0	0.0
16	5	54	0.0	0.0	nan	nan	0.0	0.0
16	5	51	0.0	0.0	nan	nan	0.0	0.0
16	5	48	0.0	0.0	nan	nan	0.0	0.0
16	5	45	0.0	0.0	nan	nan	0.0	0.0
16	5	42	0.0	0.0	nan	nan	0.0	0.0
16	5	39	0.0	0.0	nan	nan	0.0	0.0
16	5	36	0.0	0.0	nan	nan	0.0	0.0
16	5	33	0.0	0.0	nan	nan	0.0	0.0
16	5	30	0.0	0.0	nan	nan	0.0	0.0
17	5	87	6.129	0.341	14.645	0.551	1.0	1.0
17	5	84	6.0	0.0	14.935	0.512	1.0	1.0
17	5	81	5.903	0.301	15.355	0.486	1.0	1.0
17	5	78	5.581	0.502	15.903	0.651	1.0	1.0
17	5	75	5.065	0.25	16.258	0.575	1.0	1.0
17	5	72	5.065	0.359	17.0	0.516	1.0	1.0
17	5	69	4.903	0.301	17.484	0.626	1.0	1.0
17	5	66	4.258	0.729	18.29	0.783	1.0	1.0
17	5	63	3.71	0.529	19.226	0.762	1.0	1.0
17	5	60	3.194	0.477	20.032	1.11	1.0	1.0
17	5	57	3.0	0.0	21.677	1.4	1.0	1.0
17	5	54	3.0	0.0	23.484	1.71	1.0	1.0
17	5	51	2.871	0.341	25.806	2.212	1.0	1.0
17	5	48	2.452	0.568	29.839	2.818	1.0	1.0
17	5	45	1.065	0.814	36.696	4.477	0.742	0.742
17	5	42	0.367	0.669	37.444	6.747	0.258	0.29
17	5	39	0.0	0.0	nan	nan	0.0	0.0
17	5	36	0.0	0.0	nan	nan	0.0	0.0
17	5	33	0.0	0.0	nan	nan	0.0	0.0
17	5	30	0.0	0.0	nan	nan	0.0	0.0
18	5	87	2.129	0.341	19.71	0.973	1.0	1.0
18	5	84	2.097	0.301	20.516	1.122	1.0	1.0
18	5	81	2.0	0.0	21.484	1.18	1.0	1.0
18	5	78	1.968	0.18	22.581	1.336	1.0	1.0
18	5	75	2.0	0.0	24.129	1.5	1.0	1.0
18	5	72	1.742	0.514	26.733	2.333	0.968	0.968
18	5	69	1.444	0.577	30.033	3.615	0.839	0.968
18	5	66	0.615	0.804	32.438	3.949	0.355	0.516
18	5	63	0.032	0.18	31.0	0.0	0.032	0.032
18	5	60	0.0	0.0	nan	nan	0.0	0.0
18	5	57	0.0	0.0	nan	nan	0.0	0.0
18	5	54	0.0	0.0	nan	nan	0.0	0.0
18	5	51	0.0	0.0	nan	nan	0.0	0.0
18	5	48	0.0	0.0	nan	nan	0.0	0.0
18	5	45	0.0	0.0	nan	nan	0.0	0.0
18	5	42	0.0	0.0	nan	nan	0.0	0.0
18	5	39	0.0	0.0	nan	nan	0.0	0.0
18	5	36	0.0	0.0	nan	nan	0.0	0.0
18	5	33	0.0	0.0	nan	nan	0.0	0.0
18	5	30	0.0	0.0	nan	nan	0.0	0.0
19	5	87	1.387	0.615	19.935	1.389	1.0	1.0
19	5	84	1.097	0.301	20.71	1.27	1.0	1.0
19	5	81	1.065	0.25	22.258	1.983	1.0	1.0
19	5	78	0.828	0.384	24.846	2.111	0.774	0.839
19	5	75	0.517	0.509	25.118	1.691	0.484	0.548
19	5	72	0.032	0.18	26.0	0.0	0.032	0.032
19	5	69	0.0	0.0	nan	nan	0.0	0.0
19	5	66	0.0	0.0	nan	nan	0.0	0.0
19	5	63	0.0	0.0	nan	nan	0.0	0.0
19	5	60	0.0	0.0	nan	nan	0.0	0.0
19	5	57	0.0	0.0	nan	nan	0.0	0.0
19	5	54	0.0	0.0	nan	nan	0.0	0.0
19	5	51	0.0	0.0	nan	nan	0.0	0.0
19	5	48	0.0	0.0	nan	nan	0.0	0.0
19	5	45	0.0	0.0	nan	nan	0.0	0.0
19	5	42	0.0	0.0	nan	nan	0.0	0.0
19	5	39	0.0	0.0	nan	nan	0.0	0.0
19	5	36	0.0	0.0	nan	nan	0.0	0.0
19	5	33	0.0	0.0	nan	nan	0.0	0.0
19	5	30	0.0	0.0	nan	nan	0.0	0.0
20	5	87	4.065	0.25	16.645	0.608	1.0	1.0
20	5	84	4.0	0.258	16.935	0.727	1.0	1.0
20	5	81	3.548	0.675	17.71	1.071	1.0	1.0
20	5	78	3.0	0.816	18.516	0.811	1.0	1.0
20	5	75	2.484	0.677	19.226	0.99	1.0	1.0
20	5	72	2.194	0.402	20.258	1.094	1.0	1.0
20	5	69	2.0	0.0	21.452	1.312	1.0	1.0
20	5	66	1.935	0.25	23.194	3.26	1.0	1.0
20	5	63	1.935	0.25	24.258	1.612	1.0	1.0
20	5	60	1.621	0.494	27.032	3.321	0.935	1.0
20	5	57	1.345	0.614	29.172	3.485	0.871	0.935
20	5	54	0.24	0.523	33.364	3.854	0.161	0.355
20	5	51	0.032	0.18	31.0	0.0	0.032	0.032
20	5	48	0.0	0.0	nan	nan	0.0	0.0
20	5	45	0.0	0.0	nan	nan	0.0	0.0
20	5	42	0.0	0.0	nan	nan	0.0	0.0
20	5	39	0.0	0.0	nan	nan	0.0	0.0
20	5	36	0.0	0.0	nan	nan	0.0	0.0
20	5	33	0.0	0.0	nan	nan	0.0	0.0
20	5	30	0.0	0.0	nan	nan	0.0	0.0
21	5	87	4.0	0.0	14.742	0.575	1.0	1.0
21	5	84	4.0	0.0	15.387	0.882	1.0	1.0
21	5	81	3.968	0.18	15.968	0.657	1.0	1.0
21	5	78	3.645	0.486	16.355	0.709	1.0	1.0
21	5	75	3.194	0.477	16.774	0.56	1.0	1.0
21	5	72	3.0	0.365	17.355	0.661	1.0	1.0
21	5	69	2.419	0.564	18.581	0.992	1.0	1.0
21	5	66	2.226	0.425	19.0	0.816	1.0	1.0
21	5	63	1.935	0.25	21.097	1.513	1.0	1.0
21	5	60	1.645	0.486	22.097	1.35	1.0	1.0
21	5	57	1.323	0.541	25.067	2.599	0.968	0.968
21	5	54	1.065	0.442	26.621	3.353	0.935	0.935
21	5	51	0.233	0.504	27.571	2.637	0.194	0.226
21	5	48	0.0	0.0	nan	nan	0.0	0.0
21	5	45	0.0	0.0	nan	nan	0.0	0.0
21	5	42	0.0	0.0	nan	nan	0.0	0.0
21	5	39	0.0	0.0	nan	nan	0.0	0.0
21	5	36	0.0	0.0	nan	nan	0.0	0.0
21	5	33	0.0	0.0	nan	nan	0.0	0.0
21	5	30	0.0	0.0	nan	nan	0.0	0.0
22	5	87	5.548	0.624	17.452	0.675	1.0	1.0
22	5	84	4.806	0.601	18.258	0.729	1.0	1.0
22	5	81	4.097	0.301	18.871	0.846	1.0	1.0
22	5	78	4.097	0.301	19.323	0.791	1.0	1.0
22	5	75	3.839	0.374	20.548	1.15	1.0	1.0
22	5	72	3.323	0.475	21.484	0.996	1.0	1.0
22	5	69	3.032	0.18	22.581	0.958	1.0	1.0
22	5	66	3.0	0.0	24.548	2.127	1.0	1.0
22	5	63	3.0	0.0	25.742	1.341	1.0	1.0
22	5	60	2.581	0.564	28.452	2.896	1.0	1.0
22	5	57	1.903	0.7	33.194	3.229	1.0	1.0
22	5	54	0.903	0.597	37.25	3.068	0.774	0.774
22	5	51	0.207	0.412	39.375	5.63	0.194	0.258
22	5	48	0.0	0.0	nan	nan	0.0	0.0
22	5	45	0.0	0.0	nan	nan	0.0	0.0
22	5	42	0.0	0.0	nan	nan	0.0	0.0
22	5	39	0.0	0.0	nan	nan	0.0	0.0
22	5	36	0.0	0.0	nan	nan	0.0	0.0
22	5	33	0.0	0.0	nan	nan	0.0	0.0
22	5	30	0.0	0.0	nan	nan	0.0	0.0
23	5	87	4.065	0.25	16.742	0.514	1.0	1.0
23	5	84	3.935	0.25	17.226	0.617	1.0	1.0
23	5	81	3.484	0.677	17.774	0.762	1.0	1.0
23	5	78	2.613	0.667	18.806	0.654	1.0	1.0
23	5	75	2.29	0.588	19.0	0.894	1.0	1.0
23	5	72	1.968	0.18	20.258	0.965	1.0	1.0
23	5	69	1.871	0.341	21.839	1.186	1.0	1.0
23	5	66	1.677	0.475	23.065	1.672	1.0	1.0
23	5	63	1.2	0.61	26.357	3.347	0.871	0.903
23	5	60	0.548	0.624	27.8	2.783	0.484	0.484
23	5	57	0.0	0.0	nan	nan	0.0	0.0
23	5	54	0.0	0.0	nan	nan	0.0	0.0
23	5	51	0.0	0.0	nan	nan	0.0	0.0
23	5	48	0.0	0.0	nan	nan	0.0	0.0
23	5	45	0.0	0.0	nan	nan	0.0	0.0
23	5	42	0.0	0.0	nan	nan	0.0	0.0
23	5	39	0.0	0.0	nan	nan	0.0	0.0
23	5	36	0.0	0.0	nan	nan	0.0	0.0
23	5	33	0.0	0.0	nan	nan	0.0	0.0
23	5	30	0.0	0.0	nan	nan	0.0	0.0
24	5	87	4.323	0.599	17.484	0.508	1.0	1.0
24	5	84	3.935	0.629	17.742	0.575	1.0	1.0
24	5	81	3.355	0.551	18.677	0.791	1.0	1.0
24	5	78	3.032	0.315	19.419	0.72	1.0	1.0
24	5	75	2.774	0.56	19.742	1.154	1.0	1.0
24	5	72	2.323	0.541	21.194	1.302	1.0	1.0
24	5	69	2.097	0.301	22.194	1.447	1.0	1.0
24	5	66	1.935	0.359	24.774	1.82	1.0	1.0
24	5	63	1.645	0.608	26.828	2.564	0.935	0.935
24	5	60	0.9	0.845	28.947	3.456	0.581	0.613
24	5	57	0.133	0.434	32.0	4.243	0.097	0.129
24	5	54	0.0	0.0	nan	nan	0.0	0.0
24	5	51	0.0	0.0	nan	nan	0.0	0.0
24	5	48	0.0	0.0	nan	nan	0.0	0.0
24	5	45	0.0	0.0	nan	nan	0.0	0.0
24	5	42	0.0	0.0	nan	nan	0.0	0.0
24	5	39	0.0	0.0	nan	nan	0.0	0.0
24	5	36	0.0	0.0	nan	nan	0.0	0.0
24	5	33	0.0	0.0	nan	nan	0.0	0.0
24	5	30	0.0	0.0	nan	nan	0.0	0.0
25	5	87	3.065	0.68	18.323	0.748	1.0	1.0
25	5	84	2.774	0.617	18.774	0.92	1.0	1.0
25	5	81	2.194	0.402	19.516	0.811	1.0	1.0
25	5	78	2.065	0.25	20.387	1.202	1.0	1.0
25	5	75	1.935	0.25	21.935	0.892	1.0	1.0
25	5	72	1.806	0.402	23.613	1.706	1.0	1.0
25	5	69	1.419	0.502	25.355	2.106	1.0	1.0
25	5	66	0.968	0.752	26.909	2.689	0.71	0.71
25	5	63	0.414	0.568	28.923	3.774	0.355	0.419
25	5	60	0.032	0.18	29.0	0.0	0.032	0.032
25	5	57	0.0	0.0	nan	nan	0.0	0.0
25	5	54	0.0	0.0	nan	nan	0.0	0.0
25	5	51	0.0	0.0	nan	nan	0.0	0.0
25	5	48	0.0	0.0	nan	nan	0.0	0.0
25	5	45	0.0	0.0	nan	nan	0.0	0.0
25	5	42	0.0	0.0	nan	nan	0.0	0.0
25	5	39	0.0	0.0	nan	nan	0.0	0.0
25	5	36	0.0	0.0	nan	nan	0.0	0.0
25	5	33	0.0	0.0	nan	nan	0.0	0.0
25	5	30	0.0	0.0	nan	nan	0.0	0.0
26	5	87	3.323	0.702	18.161	0.688	1.0	1.0
26	5	84	2.645	0.661	18.677	0.702	1.0	1.0
26	5	81	2.387	0.495	19.452	0.675	1.0	1.0
26	5	78	2.032	0.18	20.29	0.864	1.0	1.0
26	5	75	2.0	0.0	21.484	0.89	1.0	1.0
26	5	72	1.935	0.25	22.806	1.223	1.0	1.0
26	5	69	1.774	0.425	24.29	2.132	1.0	1.0
26	5	66	1.452	0.568	25.167	1.533	0.968	0.968
26	5	63	0.821	0.476	28.24	3.345	0.71	0.806
26	5	60	0.033	0.183	34.5	3.536	0.032	0.065
26	5	57	0.0	0.0	nan	nan	0.0	0.0
26	5	54	0.0	0.0	nan	nan	0.0	0.0
26	5	51	0.0	0.0	nan	nan	0.0	0.0
26	5	48	0.0	0.0	nan	nan	0.0	0.0
26	5	45	0.0	0.0	nan	nan	0.0	0.0
26	5	42	0.0	0.0	nan	nan	0.0	0.0
26	5	39	0.0	0.0	nan	nan	0.0	0.0
26	5	36	0.0	0.0	nan	nan	0.0	0.0
26	5	33	0.0	0.0	nan	nan	0.0	0.0
26	5	30	0.0	0.0	nan	nan	0.0	0.0
27	5	87	2.871	0.499	19.355	0.877	1.0	1.0
27	5	84	2.484	0.508	20.484	0.851	1.0	1.0
27	5	81	2.032	0.18	21.226	0.956	1.0	1.0
27	5	78	2.032	0.18	22.323	1.275	1.0	1.0
27	5	75	2.0	0.0	24.71	1.677	1.0	1.0
27	5	72	1.935	0.25	27.516	3.021	1.0	1.0
27	5	69	1.897	0.31	29.548	3.129	0.935	1.0
27	5	66	0.96	0.841	33.5	3.248	0.516	0.71
27	5	63	0.0	0.0	nan	nan	0.0	0.0
27	5	60	0.0	0.0	nan	nan	0.0	0.0
27	5	57	0.0	0.0	nan	nan	0.0	0.0
27	5	54	0.0	0.0	nan	nan	0.0	0.0
27	5	51	0.0	0.0	nan	nan	0.0	0.0
27	5	48	0.0	0.0	nan	nan	0.0	0.0
27	5	45	0.0	0.0	nan	nan	0.0	0.0
27	5	42	0.0	0.0	nan	nan	0.0	0.0
27	5	39	0.0	0.0	nan	nan	0.0	0.0
27	5	36	0.0	0.0	nan	nan	0.0	0.0
27	5	33	0.0	0.0	nan	nan	0.0	0.0
27	5	30	0.0	0.0	nan	nan	0.0	0.0
28	5	87	3.806	0.402	17.548	0.675	1.0	1.0
28	5	84	3.129	0.806	18.194	1.046	1.0	1.0
28	5	81	2.581	0.672	18.935	0.727	1.0	1.0
28	5	78	2.194	0.402	20.065	0.892	1.0	1.0
28	5	75	2.065	0.25	20.355	1.112	1.0	1.0
28	5	72	2.0	0.0	22.548	1.502	1.0	1.0
28	5	69	1.733	0.45	24.677	2.833	0.968	1.0
28	5	66	1.345	0.484	27.0	4.219	0.935	1.0
28	5	63	0.821	0.548	29.583	4.221	0.677	0.774
28	5	60	0.067	0.254	32.667	2.887	0.065	0.097
28	5	57	0.0	0.0	nan	nan	0.0	0.0
28	5	54	0.0	0.0	nan	nan	0.0	0.0
28	5	51	0.0	0.0	nan	nan	0.0	0.0
28	5	48	0.0	0.0	nan	nan	0.0	0.0
28	5	45	0.0	0.0	nan	nan	0.0	0.0
28	5	42	0.0	0.0	nan	nan	0.0	0.0
28	5	39	0.0	0.0	nan	nan	0.0	0.0
28	5	36	0.0	0.0	nan	nan	0.0	0.0
28	5	33	0.0	0.0	nan	nan	0.0	0.0
28	5	30	0.0	0.0	nan	nan	0.0	0.0
29	5	87	4.226	0.56	17.581	0.765	1.0	1.0
29	5	84	3.581	0.502	18.065	0.998	1.0	1.0
29	5	81	3.161	0.374	18.742	0.631	1.0	1.0
29	5	78	3.0	0.0	19.677	0.979	1.0	1.0
29	5	75	3.0	0.258	19.903	1.136	1.0	1.0
29	5	72	2.677	0.475	21.677	1.249	1.0	1.0
29	5	69	2.355	0.486	22.29	1.532	1.0	1.0
29	5	66	2.065	0.25	24.903	2.055	1.0	1.0
29	5	63	1.935	0.25	26.677	2.508	1.0	1.0
29	5	60	1.806	0.402	30.935	3.53	1.0	1.0
29	5	57	0.75	0.847	35.789	5.006	0.387	0.613
29	5	54	0.065	0.25	36.5	2.121	0.065	0.065
29	5	51	0.0	0.0	nan	nan	0.0	0.0
29	5	48	0.0	0.0	nan	nan	0.0	0.0
29	5	45	0.0	0.0	nan	nan	0.0	0.0
29	5	42	0.0	0.0	nan	nan	0.0	0.0
29	5	39	0.0	0.0	nan	nan	0.0	0.0
29	5	36	0.0	0.0	nan	nan	0.0	0.0
29	5	33	0.0	0.0	nan	nan	0.0	0.0
29	5	30	0.0	0.0	nan	nan	0.0	0.0
30	5	87	2.935	0.629	17.871	0.718	1.0	1.0
30	5	84	2.323	0.541	18.548	0.723	1.0	1.0
30	5	81	2.065	0.25	19.355	0.755	1.0	1.0
30	5	78	2.0	0.0	20.29	0.783	1.0	1.0
30	5	75	2.0	0.0	21.968	1.354	1.0	1.0
30	5	72	1.968	0.18	23.29	1.442	1.0	1.0
30	5	69	1.839	0.374	25.097	2.612	1.0	1.0
30	5	66	1.37	0.629	28.517	3.552	0.806	0.935
30	5	63	0.148	0.456	33.429	3.952	0.097	0.226
30	5	60	0.032	0.18	32.0	0.0	0.032	0.032
30	5	57	0.0	0.0	nan	nan	0.0	0.0
30	5	54	0.0	0.0	nan	nan	0.0	0.0
30	5	51	0.0	0.0	nan	nan	0.0	0.0
30	5	48	0.0	0.0	nan	nan	0.0	0.0
30	5	45	0.0	0.0	nan	nan	0.0	0.0
30	5	42	0.0	0.0	nan	nan	0.0	0.0
30	5	39	0.0	0.0	nan	nan	0.0	0.0
30	5	36	0.0	0.0	nan	nan	0.0	0.0
30	5	33	0.0	0.0	nan	nan	0.0	0.0
30	5	30	0.0	0.0	nan	nan	0.0	0.0
31	5	87	4.032	0.18	16.71	0.739	1.0	1.0
31	5	84	4.0	0.0	17.226	0.717	1.0	1.0
31	5	81	3.645	0.551	17.645	0.709	1.0	1.0
31	5	78	3.452	0.568	18.452	1.06	1.0	1.0
31	5	75	2.613	0.558	19.774	1.146	1.0	1.0
31	5	72	2.419	0.564	19.871	1.024	1.0	1.0
31	5	69	2.097	0.301	21.258	1.125	1.0	1.0
31	5	66	2.0	0.0	22.581	1.432	1.0	1.0
31	5	63	1.968	0.18	24.935	1.482	1.0	1.0
31	5	60	1.71	0.461	28.839	4.243	1.0	1.0
31	5	57	1.071	0.858	30.182	3.126	0.613	0.71
31	5	54	0.067	0.365	36.0	4.243	0.032	0.065
31	5	51	0.0	0.0	nan	nan	0.0	0.0
31	5	48	0.0	0.0	nan	nan	0.0	0.0
31	5	45	0.0	0.0	nan	nan	0.0	0.0
31	5	42	0.0	0.0	nan	nan	0.0	0.0
31	5	39	0.0	0.0	nan	nan	0.0	0.0
31	5	36	0.0	0.0	nan	nan	0.0	0.0
31	5	33	0.0	0.0	nan	nan	0.0	0.0
31	5	30	0.0	0.0	nan	nan	0.0	0.0
0	6	87	5.71	0.461	15.097	0.539	1.0	1.0
0	6	84	5.323	0.475	15.516	0.508	1.0	1.0
0	6	81	5.097	0.301	15.806	0.402	1.0	1.0
0	6	78	5.0	0.0	16.516	0.724	1.0	1.0
0	6	75	4.968	0.18	16.839	0.638	1.0	1.0
0	6	72	4.71	0.529	17.645	0.915	1.0	1.0
0	6	69	4.065	0.929	18.226	0.99	1.0	1.0
0	6	66	3.194	0.477	19.065	0.68	1.0	1.0
0	6	63	3.0	0.0	20.355	1.38	1.0	1.0
0	6	60	3.0	0.0	21.581	1.285	1.0	1.0
0	6	57	3.0	0.0	23.613	1.706	1.0	1.0
0	6	54	2.645	0.551	26.032	3.411	1.0	1.0
0	6	51	2.161	0.688	31.161	4.776	1.0	1.0
0	6	48	0.935	0.629	38.083	5.064	0.774	0.774
0	6	45	0.129	0.341	39.25	2.217	0.129	0.129
0	6	42	0.0	0.0	nan	nan	0.0	0.0
0	6	39	0.0	0.0	nan	nan	0.0	0.0
0	6	36	0.0	0.0	nan	nan	0.0	0.0
0	6	33	0.0	0.0	nan	nan	0.0	0.0
0	6	30	0.0	0.0	nan	nan	0.0	0.0
1	6	87	4.935	0.25	16.645	0.95	1.0	1.0
1	6	84	4.774	0.497	17.032	0.605	1.0	1.0
1	6	81	4.097	0.746	17.839	0.86	1.0	1.0
1	6	78	3.484	0.677	18.871	1.31	1.0	1.0
1	6	75	3.129	0.341	19.161	0.735	1.0	1.0
1	6	72	3.0	0.258	20.129	1.118	1.0	1.0
1	6	69	2.903	0.301	21.194	1.108	1.0	1.0
1	6	66	2.484	0.508	22.935	1.692	1.0	1.0
1	6	63	2.194	0.402	24.968	1.303	1.0	1.0
1	6	60	2.065	0.25	28.258	4.266	1.0	1.0
1	6	57	1.548	0.675	31.714	4.293	0.903	0.903
1	6	54	0.536	0.637	37.312	3.754	0.419	0.516
1	6	51	0.032	0.18	37.0	0.0	0.032	0.032
1	6	48	0.0	0.0	nan	nan	0.0	0.0
1	6	45	0.0	0.0	nan	nan	0.0	0.0
1	6	42	0.0	0.0	nan	nan	0.0	0.0
1	6	39	0.0	0.0	nan	nan	0.0	0.0
1	6	36	0.0	0.0	nan	nan	0.0	0.0
1	6	33	0.0	0.0	nan	nan	0.0	0.0
1	6	30	0.0	0.0	nan	nan	0.0	0.0
2	6	87	4.258	0.445	16.548	0.675	1.0	1.0
2	6	84	3.968	0.18	17.0	0.775	1.0	1.0
2	6	81	3.935	0.359	17.484	0.57	1.0	1.0
2	6	78	3.645	0.486	18.032	1.224	1.0	1.0
2	6	75	2.774	0.717	18.742	0.965	1.0	1.0
2	6	72	2.355	0.486	19.742	1.064	1.0	1.0
2	6	69	2.129	0.341	20.677	1.301	1.0	1.0
2	6	66	2.0	0.365	21.677	1.492	1.0	1.0
2	6	63	1.677	0.475	23.387	1.745	1.0	1.0
2	6	60	1.419	0.62	24.931	2.738	0.935	0.935
2	6	57	0.871	0.718	27.429	3.155	0.677	0.677
2	6	54	0.097	0.396	32.5	2.121	0.065	0.065
2	6	51	0.0	0.0	nan	nan	0.0	0.0
2	6	48	0.0	0.0	nan	nan	0.0	0.0
2	6	45	0.0	0.0	nan	nan	0.0	0.0
2	6	42	0.0	0.0	nan	nan	0.0	0.0
2	6	39	0.0	0.0	nan	nan	0.0	0.0
2	6	36	0.0	0.0	nan	nan	0.0	0.0
2	6	33	0.0	0.0	nan	nan	0.0	0.0
2	6	30	0.0	0.0	nan	nan	0.0	0.0
3	6	87	1.452	0.568	20.226	1.309	1.0	1.0
3	6	84	1.258	0.445	21.258	1.154	1.0	1.0
3	6	81	1.065	0.25	22.452	1.338	1.0	1.0
3	6	78	1.0	0.0	24.226	1.82	0.935	1.0
3	6	75	0.9	0.305	26.536	2.502	0.871	0.903
3	6	72	0.419	0.502	27.077	1.32	0.419	0.419
3	6	69	0.032	0.18	30.0	0.0	0.032	0.032
3	6	66	0.0	0.0	nan	nan	0.0	0.0
3	6	63	0.0	0.0	nan	nan	0.0	0.0
3	6	60	0.0	0.0	nan	nan	0.0	0.0
3	6	57	0.0	0.0	nan	nan	0.0	0.0
3	6	54	0.0	0.0	nan	nan	0.0	0.0
3	6	51	0.0	0.0	nan	nan	0.0	0.0
3	6	48	0.0	0.0	nan	nan	0.0	0.0
3	6	45	0.0	0.0	nan	nan	0.0	0.0
3	6	42	0.0	0.0	nan	nan	0.0	0.0
3	6	39	0.0	0.0	nan	nan	0.0	0.0
3	6	36	0.0	0.0	nan	nan	0.0	0.0
3	6	33	0.0	0.0	nan	nan	0.0	0.0
3	6	30	0.0	0.0	nan	nan	0.0	0.0
4	6	87	4.613	0.558	18.065	0.442	1.0	1.0
4	6	84	4.226	0.56	18.581	0.72	1.0	1.0
4	6	81	3.774	0.425	19.516	0.626	1.0	1.0
4	6	78	3.452	0.506	20.194	0.91	1.0	1.0
4	6	75	3.032	0.18	21.419	0.958	1.0	1.0
4	6	72	3.032	0.18	22.161	1.614	1.0	1.0
4	6	69	2.968	0.315	23.903	1.326	1.0	1.0
4	6	66	2.871	0.341	24.806	1.682	1.0	1.0
4	6	63	2.387	0.558	28.516	2.619	1.0	1.0
4	6	60	1.935	0.442	31.0	3.615	1.0	1.0
4	6	57	1.2	0.551	37.0	3.645	0.903	0.935
4	6	54	0.103	0.31	41.8	2.49	0.097	0.161
4	6	51	0.0	0.0	nan	nan	0.0	0.0
4	6	48	0.0	0.0	nan	nan	0.0	0.0
4	6	45	0.0	0.0	nan	nan	0.0	0.0
4	6	42	0.0	0.0	nan	nan	0.0	0.0
4	6	39	0.0	0.0	nan	nan	0.0	0.0
4	6	36	0.0	0.0	nan	nan	0.0	0.0
4	6	33	0.0	0.0	nan	nan	0.0	0.0
4	6	30	0.0	0.0	nan	nan	0.0	0.0
5	6	87	3.0	0.258	16.935	0.68	1.0	1.0
5	6	84	2.871	0.341	17.387	0.761	1.0	1.0
5	6	81	2.71	0.461	17.935	0.629	1.0	1.0
5	6	78	2.032	0.547	18.839	0.969	1.0	1.0
5	6	75	1.871	0.619	19.387	1.174	1.0	1.0
5	6	72	1.419	0.502	20.581	1.119	1.0	1.0
5	6	69	1.065	0.25	22.645	3.611	1.0	1.0
5	6	66	0.968	0.18	23.733	2.504	0.968	0.968
5	6	63	0.452	0.506	26.643	2.307	0.452	0.452
5	6	60	0.097	0.301	29.0	1.732	0.097	0.097
5	6	57	0.0	0.0	nan	nan	0.0	0.0
5	6	54	0.0	0.0	nan	nan	0.0	0.0
5	6	51	0.0	0.0	nan	nan	0.0	0.0
5	6	48	0.0	0.0	nan	nan	0.0	0.0
5	6	45	0.0	0.0	nan	nan	0.0	0.0
5	6	42	0.0	0.0	nan	nan	0.0	0.0
5	6	39	0.0	0.0	nan	nan	0.0	0.0
5	6	36	0.0	0.0	nan	nan	0.0	0.0
5	6	33	0.0	0.0	nan	nan	0.0	0.0
5	6	30	0.0	0.0	nan	nan	0.0	0.0
6	6	87	4.516	0.508	16.677	0.871	1.0	1.0
6	6	84	4.097	0.396	17.161	0.583	1.0	1.0
6	6	81	3.903	0.473	17.645	0.709	1.0	1.0
6	6	78	3.387	0.495	18.387	0.761	1.0	1.0
6	6	75	3.065	0.25	19.161	0.86	1.0	1.0
6	6	72	3.0	0.365	19.742	1.032	1.0	1.0
6	6	69	2.774	0.425	21.258	1.125	1.0	1.0
6	6	66	2.323	0.475	22.29	1.189	1.0	1.0
6	6	63	2.097	0.301	23.71	1.936	1.0	1.0
6	6	60	2.0	0.0	26.032	1.906	1.0	1.0
6	6	57	1.903	0.396	29.133	2.921	0.968	0.968
6	6	54	1.036	0.693	35.48	3.618	0.71	0.806
6	6	51	0.069	0.371	36.333	9.866	0.032	0.097
6	6	48	0.0	0.0	nan	nan	0.0	0.0
6	6	45	0.0	0.0	nan	nan	0.0	0.0
6	6	42	0.0	0.0	nan	nan	0.0	0.0
6	6	39	0.0	0.0	nan	nan	0.0	0.0
6	6	36	0.0	0.0	nan	nan	0.0	0.0
6	6	33	0.0	0.0	nan	nan	0.0	0.0
6	6	30	0.0	0.0	nan	nan	0.0	0.0
7	6	87	4.226	0.497	18.71	0.693	1.0	1.0
7	6	84	3.581	0.62	19.097	0.7	1.0	1.0
7	6	81	3.097	0.301	20.194	0.946	1.0	1.0
7	6	78	3.032	0.18	21.065	0.998	1.0	1.0
7	6	75	2.935	0.25	22.516	1.151	1.0	1.0
7	6	72	2.839	0.374	23.258	0.999	1.0	1.0
7	6	69	2.613	0.495	25.774	2.765	1.0	1.0
7	6	66	2.065	0.359	28.323	2.797	1.0	1.0
7	6	63	1.774	0.56	31.774	3.621	1.0	1.0
7	6	60	0.6	0.621	38.471	3.165	0.516	0.548
7	6	57	0.067	0.254	40.667	3.786	0.065	0.097
7	6	54	0.0	0.0	nan	nan	0.0	0.0
7	6	51	0.0	0.0	nan	nan	0.0	0.0
7	6	48	0.0	0.0	nan	nan	0.0	0.0
7	6	45	0.0	0.0	nan	nan	0.0	0.0
7	6	42	0.0	0.0	nan	nan	0.0	0.0
7	6	39	0.0	0.0	nan	nan	0.0	0.0
7	6	36	0.0	0.0	nan	nan	0.0	0.0
7	6	33	0.0	0.0	nan	nan	0.0	0.0
7	6	30	0.0	0.0	nan	nan	0.0	0.0
8	6	87	3.806	0.402	17.258	0.682	1.0	1.0
8	6	84	3.323	0.541	17.742	0.631	1.0	1.0
8	6	81	2.71	0.693	18.29	0.902	1.0	1.0
8	6	78	2.355	0.551	18.677	0.979	1.0	1.0
8	6	75	2.097	0.396	19.871	1.565	1.0	1.0
8	6	72	1.935	0.25	21.065	1.389	1.0	1.0
8	6	69	1.645	0.486	22.71	1.395	1.0	1.0
8	6	66	1.484	0.508	24.323	2.344	1.0	1.0
8	6	63	1.129	0.562	25.464	1.953	0.903	0.903
8	6	60	0.581	0.502	28.667	2.701	0.581	0.581
8	6	57	0.069	0.258	32.0	4.546	0.065	0.129
8	6	54	0.0	0.0	nan	nan	0.0	0.0
8	6	51	0.0	0.0	nan	nan	0.0	0.0
8	6	48	0.0	0.0	nan	nan	0.0	0.0
8	6	45	0.0	0.0	nan	nan	0.0	0.0
8	6	42	0.0	0.0	nan	nan	0.0	0.0
8	6	39	0.0	0.0	nan	nan	0.0	0.0
8	6	36	0.0	0.0	nan	nan	0.0	0.0
8	6	33	0.0	0.0	nan	nan	0.0	0.0
8	6	30	0.0	0.0	nan	nan	0.0	0.0
9	6	87	2.742	0.514	19.903	0.908	1.0	1.0
9	6	84	2.387	0.495	21.226	1.203	1.0	1.0
9	6	81	2.065	0.25	22.452	1.207	1.0	1.0
9	6	78	1.968	0.18	23.677	1.222	1.0	1.0
9	6	75	2.0	0.0	24.935	1.632	1.0	1.0
9	6	72	1.968	0.18	26.742	2.065	1.0	1.0
9	6	69	1.448	0.736	30.556	4.041	0.806	0.871
9	6	66	0.286	0.561	35.6	2.613	0.161	0.484
9	6	63	0.0	0.0	40.0	0.0	0.0	0.032
9	6	60	0.0	0.0	nan	nan	0.0	0.0
9	6	57	0.0	0.0	nan	nan	0.0	0.0
9	6	54	0.0	0.0	nan	nan	0.0	0.0
9	6	51	0.0	0.0	nan	nan	0.0	0.0
9	6	48	0.0	0.0	nan	nan	0.0	0.0
9	6	45	0.0	0.0	nan	nan	0.0	0.0
9	6	42	0.0	0.0	nan	nan	0.0	0.0
9	6	39	0.0	0.0	nan	nan	0.0	0.0
9	6	36	0.0	0.0	nan	nan	0.0	0.0
9	6	33	0.0	0.0	nan	nan	0.0	0.0
9	6	30	0.0	0.0	nan	nan	0.0	0.0
10	6	87	3.29	0.529	18.677	0.748	1.0	1.0
10	6	84	3.161	0.374	19.129	0.846	1.0	1.0
10	6	81	2.968	0.315	19.871	0.922	1.0	1.0
10	6	78	2.806	0.402	20.419	1.089	1.0	1.0
10	6	75	2.677	0.475	21.774	1.407	1.0	1.0
10	6	72	2.194	0.402	23.677	1.558	1.0	1.0
10	6	69	2.032	0.18	24.355	1.704	1.0	1.0
10	6	66	2.0	0.0	26.677	2.676	0.968	1.0
10	6	63	1.935	0.25	28.903	2.761	1.0	1.0
10	6	60	1.333	0.734	32.667	3.99	0.742	0.871
10	6	57	0.111	0.32	36.571	3.994	0.097	0.226
10	6	54	0.0	0.0	nan	nan	0.0	0.0
10	6	51	0.0	0.0	nan	nan	0.0	0.0
10	6	48	0.0	0.0	nan	nan	0.0	0.0
10	6	45	0.0	0.0	nan	nan	0.0	0.0
10	6	42	0.0	0.0	nan	nan	0.0	0.0
10	6	39	0.0	0.0	nan	nan	0.0	0.0
10	6	36	0.0	0.0	nan	nan	0.0	0.0
10	6	33	0.0	0.0	nan	nan	0.0	0.0
10	6	30	0.0	0.0	nan	nan	0.0	0.0
11	6	87	4.129	0.341	16.194	0.402	1.0	1.0
11	6	84	3.968	0.18	16.935	0.727	1.0	1.0
11	6	81	3.968	0.18	17.29	0.643	1.0	1.0
11	6	78	3.71	0.461	17.871	0.718	1.0	1.0
11	6	75	3.29	0.643	18.613	0.919	1.0	1.0
11	6	72	2.774	0.425	19.645	0.877	1.0	1.0
11	6	69	2.161	0.374	20.516	1.589	1.0	1.0
11	6	66	2.032	0.18	22.065	1.289	1.0	1.0
11	6	63	2.0	0.0	23.935	1.731	1.0	1.0
11	6	60	2.0	0.0	25.871	2.141	1.0	1.0
11	6	57	1.5	0.572	32.033	4.874	0.935	0.968
11	6	54	0.28	0.614	35.727	3.495	0.161	0.355
11	6	51	0.0	0.0	nan	nan	0.0	0.0
11	6	48	0.0	0.0	nan	nan	0.0	0.0
11	6	45	0.0	0.0	nan	nan	0.0	0.0
11	6	42	0.0	0.0	nan	nan	0.0	0.0
11	6	39	0.0	0.0	nan	nan	0.0	0.0
11	6	36	0.0	0.0	nan	nan	0.0	0.0
11	6	33	0.0	0.0	nan	nan	0.0	0.0
11	6	30	0.0	0.0	nan	nan	0.0	0.0
12	6	87	4.0	0.0	16.387	0.495	1.0	1.0
12	6	84	3.742	0.445	17.0	0.73	1.0	1.0
12	6	81	3.419	0.62	17.323	0.702	1.0	1.0
12	6	78	2.806	0.749	18.194	0.749	1.0	1.0
12	6	75	2.129	0.341	18.968	0.657	1.0	1.0
12	6	72	2.032	0.18	19.839	1.214	1.0	1.0
12	6	69	1.935	0.359	20.968	1.472	1.0	1.0
12	6	66	1.968	0.18	22.581	1.409	1.0	1.0
12	6	63	1.71	0.461	24.355	1.836	1.0	1.0
12	6	60	1.333	0.661	26.536	2.899	0.871	0.903
12	6	57	0.679	0.723	30.056	3.455	0.484	0.581
12	6	54	0.065	0.25	33.0	0.0	0.065	0.065
12	6	51	0.0	0.0	nan	nan	0.0	0.0
12	6	48	0.0	0.0	nan	nan	0.0	0.0
12	6	45	0.0	0.0	nan	nan	0.0	0.0
12	6	42	0.0	0.0	nan	nan	0.0	0.0
12	6	39	0.0	0.0	nan	nan	0.0	0.0
12	6	36	0.0	0.0	nan	nan	0.0	0.0
12	6	33	0.0	0.0	nan	nan	0.0	0.0
12	6	30	0.0	0.0	nan	nan	0.0	0.0
13	6	87	3.903	0.301	17.387	0.803	1.0	1.0
13	6	84	3.613	0.495	18.065	0.574	1.0	1.0
13	6	81	3.129	0.562	18.742	0.855	1.0	1.0
13	6	78	2.581	0.502	20.0	1.033	1.0	1.0
13	6	75	2.258	0.445	20.645	0.839	1.0	1.0
13	6	72	2.097	0.301	21.806	1.167	1.0	1.0
13	6	69	1.935	0.25	23.452	1.234	1.0	1.0
13	6	66	1.871	0.428	24.645	1.142	1.0	1.0
13	6	63	1.581	0.564	26.567	1.888	0.968	0.968
13	6	60	0.633	0.718	30.25	3.256	0.484	0.516
13	6	57	0.0	0.0	35.0	0.0	0.0	0.032
13	6	54	0.0	0.0	nan	nan	0.0	0.0
13	6	51	0.0	0.0	nan	nan	0.0	0.0
13	6	48	0.0	0.0	nan	nan	0.0	0.0
13	6	45	0.0	0.0	nan	nan	0.0	0.0
13	6	42	0.0	0.0	nan	nan	0.0	0.0
13	6	39	0.0	0.0	nan	nan	0.0	0.0
13	6	36	0.0	0.0	nan	nan	0.0	0.0
13	6	33	0.0	0.0	nan	nan	0.0	0.0
13	6	30	0.0	0.0	nan	nan	0.0	0.0
14	6	87	4.968	0.18	17.452	0.568	1.0	1.0
14	6	84	4.581	0.502	18.226	0.617	1.0	1.0
14	6	81	4.097	0.597	18.452	0.624	1.0	1.0
14	6	78	3.484	0.626	19.258	0.729	1.0	1.0
14	6	75	3.161	0.454	19.968	0.948	1.0	1.0
14	6	72	3.0	0.0	20.903	1.3	1.0	1.0
14	6	69	3.0	0.0	21.968	1.11	1.0	1.0
14	6	66	2.968	0.18	23.903	1.64	1.0	1.0
14	6	63	2.774	0.425	24.871	1.477	1.0	1.0
14	6	60	2.258	0.514	27.516	2.58	1.0	1.0
14	6	57	2.0	0.447	30.032	3.005	1.0	1.0
14	6	54	1.194	0.543	35.414	3.257	0.935	0.935
14	6	51	0.387	0.495	39.333	3.367	0.387	0.387
14	6	48	0.0	0.0	nan	nan	0.0	0.0
14	6	45	0.0	0.0	nan	nan	0.0	0.0
14	6	42	0.0	0.0	nan	nan	0.0	0.0
14	6	39	0.0	0.0	nan	nan	0.0	0.0
14	6	36	0.0	0.0	nan	nan	0.0	0.0
14	6	33	0.0	0.0	nan	nan	0.0	0.0
14	6	30	0.0	0.0	nan	nan	0.0	0.0
15	6	87	1.065	0.25	20.452	1.362	1.0	1.0
15	6	84	1.0	0.0	22.161	2.77	0.968	1.0
15	6	81	1.0	0.0	23.129	1.455	1.0	1.0
15	6	78	0.774	0.425	24.458	1.744	0.774	0.774
15	6	75	0.267	0.45	26.889	2.261	0.258	0.29
15	6	72	0.0	0.0	nan	nan	0.0	0.0
15	6	69	0.0	0.0	nan	nan	0.0	0.0
15	6	66	0.0	0.0	nan	nan	0.0	0.0
15	6	63	0.0	0.0	nan	nan	0.0	0.0
15	6	60	0.0	0.0	nan	nan	0.0	0.0
15	6	57	0.0	0.0	nan	nan	0.0	0.0
15	6	54	0.0	0.0	nan	nan	0.0	0.0
15	6	51	0.0	0.0	nan	nan	0.0	0.0
15	6	48	0.0	0.0	nan	nan	0.0	0.0
15	6	45	0.0	0.0	nan	nan	0.0	0.0
15	6	42	0.0	0.0	nan	nan	0.0	0.0
15	6	39	0.0	0.0	nan	nan	0.0	0.0
15	6	36	0.0	0.0	nan	nan	0.0	0.0
15	6	33	0.0	0.0	nan	nan	0.0	0.0
15	6	30	0.0	0.0	nan	nan	0.0	0.0
16	6	87	5.355	0.551	15.29	0.461	1.0	1.0
16	6	84	5.194	0.402	15.387	0.615	1.0	1.0
16	6	81	5.0	0.0	15.677	0.541	1.0	1.0
16	6	78	4.839	0.374	16.226	0.56	1.0	1.0
16	6	75	4.806	0.402	16.548	0.961	1.0	1.0
16	6	72	4.387	0.558	17.161	0.688	1.0	1.0
16	6	69	3.742	0.631	17.903	0.87	1.0	1.0
16	6	66	3.387	0.495	18.774	1.146	1.0	1.0
16	6	63	3.097	0.396	19.548	1.207	1.0	1.0
16	6	60	2.903	0.396	20.903	1.274	1.0	1.0
16	6	57	2.581	0.502	21.677	1.166	1.0	1.0
16	6	54	2.258	0.445	23.516	1.768	1.0	1.0
16	6	51	2.129	0.341	25.516	2.606	1.0	1.0
16	6	48	1.839	0.454	28.0	3.051	0.968	0.968
16	6	45	1.452	0.723	31.519	4.783	0.871	0.871
16	6	42	0.267	0.64	31.833	2.927	0.161	0.194
16	6	39	0.0	0.0	nan	nan	0.0	0.0
16	6	36	0.0	0.0	nan	nan	0.0	0.0
16	6	33	0.0	0.0	nan	nan	0.0	0.0
16	6	30	0.0	0.0	nan	nan	0.0	0.0
17	6	87	2.355	0.551	18.548	0.723	1.0	1.0
17	6	84	1.71	0.461	19.645	1.518	1.0	1.0
17	6	81	1.613	0.558	20.226	1.023	1.0	1.0
17	6	78	1.194	0.402	21.516	1.151	1.0	1.0
17	6	75	1.032	0.18	23.323	1.492	1.0	1.0
17	6	72	0.935	0.359	24.893	1.75	0.903	0.903
17	6	69	0.29	0.461	27.222	2.048	0.29	0.29
17	6	66	0.0	0.0	nan	nan	0.0	0.0
17	6	63	0.0	0.0	nan	nan	0.0	0.0
17	6	60	0.0	0.0	nan	nan	0.0	0.0
17	6	57	0.0	0.0	nan	nan	0.0	0.0
17	6	54	0.0	0.0	nan	nan	0.0	0.0
17	6	51	0.0	0.0	nan	nan	0.0	0.0
17	6	48	0.0	0.0	nan	nan	0.0	0.0
17	6	45	0.0	0.0	nan	nan	0.0	0.0
17	6	42	0.0	0.0	nan	nan	0.0	0.0
17	6	39	0.0	0.0	nan	nan	0.0	0.0
17	6	36	0.0	0.0	nan	nan	0.0	0.0
17	6	33	0.0	0.0	nan	nan	0.0	0.0
17	6	30	0.0	0.0	nan	nan	0.0	0.0
18	6	87	3.871	0.341	17.516	0.677	1.0	1.0
18	6	84	3.419	0.62	18.161	0.523	1.0	1.0
18	6	81	2.645	0.551	18.806	0.873	1.0	1.0
18	6	78	2.258	0.445	19.355	0.839	1.0	1.0
18	6	75	2.032	0.18	20.839	1.003	1.0	1.0
18	6	72	1.968	0.18	21.548	1.06	1.0	1.0
18	6	69	1.903	0.301	22.839	1.293	1.0	1.0
18	6	66	1.419	0.502	24.806	1.851	1.0	1.0
18	6	63	1.241	0.577	27.931	3.432	0.871	0.935
18	6	60	0.393	0.629	30.333	4.03	0.29	0.387
18	6	57	0.0	0.0	36.0	0.0	0.0	0.032
18	6	54	0.0	0.0	nan	nan	0.0	0.0
18	6	51	0.0	0.0	nan	nan	0.0	0.0
18	6	48	0.0	0.0	nan	nan	0.0	0.0
18	6	45	0.0	0.0	nan	nan	0.0	0.0
18	6	42	0.0	0.0	nan	nan	0.0	0.0
18	6	39	0.0	0.0	nan	nan	0.0	0.0
18	6	36	0.0	0.0	nan	nan	0.0	0.0
18	6	33	0.0	0.0	nan	nan	0.0	0.0
18	6	30	0.0	0.0	nan	nan	0.0	0.0
19	6	87	4.0	0.0	16.871	0.499	1.0	1.0
19	6	84	3.935	0.25	17.452	0.675	1.0	1.0
19	6	81	3.452	0.506	18.355	0.755	1.0	1.0
19	6	78	3.194	0.543	18.806	0.946	1.0	1.0
19	6	75	2.774	0.425	19.581	0.923	1.0	1.0
19	6	72	2.387	0.495	20.452	0.961	1.0	1.0
19	6	69	2.0	0.365	21.839	1.157	1.0	1.0
19	6	66	2.0	0.0	24.355	2.199	1.0	1.0
19	6	63	2.0	0.0	25.129	1.284	1.0	1.0
19	6	60	1.935	0.25	28.645	2.835	1.0	1.0
19	6	57	1.067	0.907	33.6	3.966	0.613	0.645
19	6	54	0.1	0.403	37.0	3.606	0.065	0.097
19	6	51	0.0	0.0	nan	nan	0.0	0.0
19	6	48	0.0	0.0	nan	nan	0.0	0.0
19	6	45	0.0	0.0	nan	nan	0.0	0.0
19	6	42	0.0	0.0	nan	nan	0.0	0.0
19	6	39	0.0	0.0	nan	nan	0.0	0.0
19	6	36	0.0	0.0	nan	nan	0.0	0.0
19	6	33	0.0	0.0	nan	nan	0.0	0.0
19	6	30	0.0	0.0	nan	nan	0.0	0.0
20	6	87	4.71	0.461	16.935	0.814	1.0	1.0
20	6	84	4.194	0.543	17.71	0.461	1.0	1.0
20	6	81	3.387	0.495	18.29	0.864	1.0	1.0
20	6	78	3.161	0.374	19.065	0.929	1.0	1.0
20	6	75	2.968	0.18	20.032	0.912	1.0	1.0
20	6	72	2.935	0.359	21.065	1.413	1.0	1.0
20	6	69	2.613	0.495	22.484	1.93	1.0	1.0
20	6	66	2.129	0.341	23.839	1.344	1.0	1.0
20	6	63	1.968	0.18	25.903	1.989	1.0	1.0
20	6	60	1.897	0.31	29.774	3.442	0.935	1.0
20	6	57	1.5	0.63	32.31	3.465	0.903	0.935
20	6	54	0.259	0.594	37.0	4.664	0.161	0.29
20	6	51	0.065	0.25	36.5	2.121	0.065	0.065
20	6	48	0.0	0.0	nan	nan	0.0	0.0
20	6	45	0.0	0.0	nan	nan	0.0	0.0
20	6	42	0.0	0.0	nan	nan	0.0	0.0
20	6	39	0.0	0.0	nan	nan	0.0	0.0
20	6	36	0.0	0.0	nan	nan	0.0	0.0
20	6	33	0.0	0.0	nan	nan	0.0	0.0
20	6	30	0.0	0.0	nan	nan	0.0	0.0
21	6	87	3.516	0.508	16.677	0.599	1.0	1.0
21	6	84	3.097	0.396	17.065	0.629	1.0	1.0
21	6	81	2.806	0.402	17.806	0.477	1.0	1.0
21	6	78	2.452	0.506	18.516	0.677	1.0	1.0
21	6	75	2.0	0.258	19.258	0.965	1.0	1.0
21	6	72	1.839	0.374	20.581	1.205	1.0	1.0
21	6	69	1.516	0.508	21.774	1.087	1.0	1.0
21	6	66	1.129	0.341	23.645	2.106	1.0	1.0
21	6	63	0.967	0.32	25.552	2.886	0.903	0.935
21	6	60	0.4	0.498	27.538	2.847	0.387	0.419
21	6	57	0.0	0.0	nan	nan	0.0	0.0
21	6	54	0.0	0.0	nan	nan	0.0	0.0
21	6	51	0.0	0.0	nan	nan	0.0	0.0
21	6	48	0.0	0.0	nan	nan	0.0	0.0
21	6	45	0.0	0.0	nan	nan	0.0	0.0
21	6	42	0.0	0.0	nan	nan	0.0	0.0
21	6	39	0.0	0.0	nan	nan	0.0	0.0
21	6	36	0.0	0.0	nan	nan	0.0	0.0
21	6	33	0.0	0.0	nan	nan	0.0	0.0
21	6	30	0.0	0.0	nan	nan	0.0	0.0
22	6	87	2.839	0.454	17.871	0.619	1.0	1.0
22	6	84	2.129	0.341	18.71	0.588	1.0	1.0
22	6	81	2.129	0.341	19.452	1.091	1.0	1.0
22	6	78	1.968	0.18	20.355	0.985	1.0	1.0
22	6	75	1.677	0.475	21.645	1.199	1.0	1.0
22	6	72	1.516	0.508	22.645	1.199	1.0	1.0
22	6	69	1.1	0.403	24.867	2.374	0.935	0.968
22	6	66	0.839	0.454	26.56	3.28	0.806	0.806
22	6	63	0.1	0.403	32.667	1.528	0.065	0.097
22	6	60	0.0	0.0	nan	nan	0.0	0.0
22	6	57	0.0	0.0	nan	nan	0.0	0.0
22	6	54	0.0	0.0	nan	nan	0.0	0.0
22	6	51	0.0	0.0	nan	nan	0.0	0.0
22	6	48	0.0	0.0	nan	nan	0.0	0.0
22	6	45	0.0	0.0	nan	nan	0.0	0.0
22	6	42	0.0	0.0	nan	nan	0.0	0.0
22	6	39	0.0	0.0	nan	nan	0.0	0.0
22	6	36	0.0	0.0	nan	nan	0.0	0.0
22	6	33	0.0	0.0	nan	nan	0.0	0.0
22	6	30	0.0	0.0	nan	nan	0.0	0.0
23	6	87	3.968	0.18	16.935	0.512	1.0	1.0
23	6	84	3.774	0.56	17.484	0.724	1.0	1.0
23	6	81	3.323	0.702	18.097	0.79	1.0	1.0
23	6	78	2.387	0.558	18.71	0.824	1.0	1.0
23	6	75	2.161	0.454	19.677	1.045	1.0	1.0
23	6	72	1.935	0.25	20.645	0.915	1.0	1.0
23	6	69	2.0	0.258	21.968	1.224	1.0	1.0
23	6	66	1.452	0.506	23.806	1.621	1.0	1.0
23	6	63	1.167	0.699	25.615	2.547	0.806	0.839
23	6	60	0.379	0.561	30.167	3.271	0.323	0.387
23	6	57	0.0	0.0	nan	nan	0.0	0.0
23	6	54	0.0	0.0	nan	nan	0.0	0.0
23	6	51	0.0	0.0	nan	nan	0.0	0.0
23	6	48	0.0	0.0	nan	nan	0.0	0.0
23	6	45	0.0	0.0	nan	nan	0.0	0.0
23	6	42	0.0	0.0	nan	nan	0.0	0.0
23	6	39	0.0	0.0	nan	nan	0.0	0.0
23	6	36	0.0	0.0	nan	nan	0.0	0.0
23	6	33	0.0	0.0	nan	nan	0.0	0.0
23	6	30	0.0	0.0	nan	nan	0.0	0.0
24	6	87	4.839	0.374	16.484	0.508	1.0	1.0
24	6	84	4.419	0.502	16.903	0.79	1.0	1.0
24	6	81	3.839	0.454	17.677	0.748	1.0	1.0
24	6	78	3.645	0.486	18.29	0.783	1.0	1.0
24	6	75	3.29	0.529	19.258	1.483	1.0	1.0
24	6	72	2.968	0.18	19.71	1.006	1.0	1.0
24	6	69	2.935	0.25	20.903	0.908	1.0	1.0
24	6	66	2.71	0.461	22.452	1.609	1.0	1.0
24	6	63	2.129	0.341	24.677	1.558	1.0	1.0
24	6	60	2.0	0.258	26.387	2.679	1.0	1.0
24	6	57	1.71	0.461	31.677	3.754	1.0	1.0
24	6	54	0.69	0.712	36.444	3.535	0.516	0.581
24	6	51	0.065	0.25	38.5	0.707	0.065	0.065
24	6	48	0.0	0.0	nan	nan	0.0	0.0
24	6	45	0.0	0.0	nan	nan	0.0	0.0
24	6	42	0.0	0.0	nan	nan	0.0	0.0
24	6	39	0.0	0.0	nan	nan	0.0	0.0
24	6	36	0.0	0.0	nan	nan	0.0	0.0
24	6	33	0.0	0.0	nan	nan	0.0	0.0
24	6	30	0.0	0.0	nan	nan	0.0	0.0
25	6	87	5.0	0.0	15.161	0.523	1.0	1.0
25	6	84	4.742	0.445	15.839	0.779	1.0	1.0
25	6	81	4.323	0.475	16.129	0.499	1.0	1.0
25	6	78	4.065	0.25	16.645	0.551	1.0	1.0
25	6	75	3.935	0.25	17.129	0.763	1.0	1.0
25	6	72	3.645	0.486	18.0	0.683	1.0	1.0
25	6	69	3.194	0.402	18.806	0.833	1.0	1.0
25	6	66	2.903	0.301	19.839	0.898	1.0	1.0
25	6	63	2.452	0.568	20.935	1.59	1.0	1.0
25	6	60	2.129	0.341	22.613	1.626	1.0	1.0
25	6	57	2.0	0.0	25.387	1.476	1.0	1.0
25	6	54	1.933	0.254	29.71	3.985	0.968	1.0
25	6	51	1.138	0.833	35.043	4.161	0.677	0.742
25	6	48	0.161	0.523	32.667	5.132	0.097	0.097
25	6	45	0.0	0.0	nan	nan	0.0	0.0
25	6	42	0.0	0.0	nan	nan	0.0	0.0
25	6	39	0.0	0.0	nan	nan	0.0	0.0
25	6	36	0.0	0.0	nan	nan	0.0	0.0
25	6	33	0.0	0.0	nan	nan	0.0	0.0
25	6	30	0.0	0.0	nan	nan	0.0	0.0
26	6	87	3.548	0.506	17.097	0.396	1.0	1.0
26	6	84	3.355	0.486	17.484	0.626	1.0	1.0
26	6	81	2.645	0.608	18.258	0.729	1.0	1.0
26	6	78	2.29	0.461	18.806	0.833	1.0	1.0
26	6	75	2.032	0.18	19.742	1.154	1.0	1.0
26	6	72	1.871	0.341	20.871	1.5	1.0	1.0
26	6	69	1.71	0.461	22.097	1.491	1.0	1.0
26	6	66	1.29	0.461	23.548	2.03	1.0	1.0
26	6	63	1.065	0.512	25.429	1.989	0.903	0.903
26	6	60	0.226	0.425	28.143	3.716	0.226	0.226
26	6	57	0.0	0.0	nan	nan	0.0	0.0
26	6	54	0.0	0.0	nan	nan	0.0	0.0
26	6	51	0.0	0.0	nan	nan	0.0	0.0
26	6	48	0.0	0.0	nan	nan	0.0	0.0
26	6	45	0.0	0.0	nan	nan	0.0	0.0
26	6	42	0.0	0.0	nan	nan	0.0	0.0
26	6	39	0.0	0.0	nan	nan	0.0	0.0
26	6	36	0.0	0.0	nan	nan	0.0	0.0
26	6	33	0.0	0.0	nan	nan	0.0	0.0
26	6	30	0.0	0.0	nan	nan	0.0	0.0
27	6	87	3.452	0.506	18.548	0.81	1.0	1.0
27	6	84	3.194	0.477	18.742	0.729	1.0	1.0
27	6	81	2.323	0.475	19.968	0.795	1.0	1.0
27	6	78	2.065	0.25	20.677	0.945	1.0	1.0
27	6	75	2.0	0.0	21.645	0.915	1.0	1.0
27	6	72	2.0	0.0	23.839	1.241	1.0	1.0
27	6	69	1.935	0.25	25.742	3.076	1.0	1.0
27	6	66	1.968	0.18	29.097	2.688	1.0	1.0
27	6	63	1.28	0.843	33.2	5.204	0.613	0.806
27	6	60	0.074	0.385	36.2	9.311	0.032	0.161
27	6	57	0.0	0.0	nan	nan	0.0	0.0
27	6	54	0.0	0.0	nan	nan	0.0	0.0
27	6	51	0.0	0.0	nan	nan	0.0	0.0
27	6	48	0.0	0.0	nan	nan	0.0	0.0
27	6	45	0.0	0.0	nan	nan	0.0	0.0
27	6	42	0.0	0.0	nan	nan	0.0	0.0
27	6	39	0.0	0.0	nan	nan	0.0	0.0
27	6	36	0.0	0.0	nan	nan	0.0	0.0
27	6	33	0.0	0.0	nan	nan	0.0	0.0
27	6	30	0.0	0.0	nan	nan	0.0	0.0
28	6	87	3.742	0.514	17.581	0.72	1.0	1.0
28	6	84	3.452	0.624	17.935	0.574	1.0	1.0
28	6	81	2.903	0.7	18.484	0.626	1.0	1.0
28	6	78	2.194	0.402	19.419	0.848	1.0	1.0
28	6	75	2.032	0.18	20.484	0.962	1.0	1.0
28	6	72	2.0	0.0	21.226	1.023	1.0	1.0
28	6	69	2.0	0.0	22.839	1.393	1.0	1.0
28	6	66	1.968	0.18	24.645	1.45	1.0	1.0
28	6	63	1.774	0.425	25.903	1.904	1.0	1.0
28	6	60	1.296	0.669	30.357	4.02	0.774	0.903
28	6	57	0.074	0.267	35.0	4.899	0.065	0.194
28	6	54	0.0	0.0	nan	nan	0.0	0.0
28	6	51	0.0	0.0	nan	nan	0.0	0.0
28	6	48	0.0	0.0	nan	nan	0.0	0.0
28	6	45	0.0	0.0	nan	nan	0.0	0.0
28	6	42	0.0	0.0	nan	nan	0.0	0.0
28	6	39	0.0	0.0	nan	nan	0.0	0.0
28	6	36	0.0	0.0	nan	nan	0.0	0.0
28	6	33	0.0	0.0	nan	nan	0.0	0.0
28	6	30	0.0	0.0	nan	nan	0.0	0.0
29	6	87	4.516	0.508	15.258	0.514	1.0	1.0
29	6	84	4.355	0.486	15.645	0.709	1.0	1.0
29	6	81	4.065	0.25	16.097	0.473	1.0	1.0
29	6	78	4.0	0.0	16.839	0.735	1.0	1.0
29	6	75	3.871	0.428	17.065	0.68	1.0	1.0
29	6	72	3.419	0.72	17.871	0.806	1.0	1.0
29	6	69	2.613	0.667	18.581	0.886	1.0	1.0
29	6	66	2.323	0.475	19.29	1.071	1.0	1.0
29	6	63	1.968	0.18	20.419	0.923	1.0	1.0
29	6	60	1.903	0.301	22.129	1.432	1.0	1.0
29	6	57	1.645	0.486	24.226	2.418	1.0	1.0
29	6	54	1.3	0.702	25.37	2.748	0.839	0.871
29	6	51	0.533	0.629	29.2	3.448	0.452	0.484
29	6	48	0.0	0.0	nan	nan	0.0	0.0
29	6	45	0.0	0.0	nan	nan	0.0	0.0
29	6	42	0.0	0.0	nan	nan	0.0	0.0
29	6	39	0.0	0.0	nan	nan	0.0	0.0
29	6	36	0.0	0.0	nan	nan	0.0	0.0
29	6	33	0.0	0.0	nan	nan	0.0	0.0
29	6	30	0.0	0.0	nan	nan	0.0	0.0
30	6	87	3.935	0.25	17.29	0.693	1.0	1.0
30	6	84	3.677	0.653	17.806	0.654	1.0	1.0
30	6	81	2.903	0.79	18.355	0.709	1.0	1.0
30	6	78	2.387	0.558	19.226	0.805	1.0	1.0
30	6	75	2.032	0.18	20.097	0.944	1.0	1.0
30	6	72	2.0	0.0	21.581	1.409	1.0	1.0
30	6	69	2.0	0.0	22.677	1.447	1.0	1.0
30	6	66	2.0	0.0	25.065	1.965	1.0	1.0
30	6	63	1.903	0.301	26.903	2.226	1.0	1.0
30	6	60	1.542	0.588	31.467	3.902	0.742	0.968
30	6	57	0.444	0.641	32.786	3.827	0.323	0.452
30	6	54	0.0	0.0	41.0	0.0	0.0	0.032
30	6	51	0.0	0.0	nan	nan	0.0	0.0
30	6	48	0.0	0.0	nan	nan	0.0	0.0
30	6	45	0.0	0.0	nan	nan	0.0	0.0
30	6	42	0.0	0.0	nan	nan	0.0	0.0
30	6	39	0.0	0.0	nan	nan	0.0	0.0
30	6	36	0.0	0.0	nan	nan	0.0	0.0
30	6	33	0.0	0.0	nan	nan	0.0	0.0
30	6	30	0.0	0.0	nan	nan	0.0	0.0
31	6	87	4.129	0.499	17.032	0.795	1.0	1.0
31	6	84	4.032	0.315	17.613	0.558	1.0	1.0
31	6	81	3.742	0.445	17.968	0.752	1.0	1.0
31	6	78	3.129	0.341	19.226	1.383	1.0	1.0
31	6	75	3.032	0.18	19.548	1.06	1.0	1.0
31	6	72	2.839	0.374	20.774	1.334	1.0	1.0
31	6	69	2.161	0.374	21.935	0.964	1.0	1.0
31	6	66	2.0	0.0	23.645	1.743	1.0	1.0
31	6	63	2.0	0.0	26.032	2.213	1.0	1.0
31	6	60	1.867	0.346	30.419	3.594	0.968	1.0
31	6	57	1.129	0.718	34.64	3.861	0.806	0.806
31	6	54	0.032	0.18	35.0	0.0	0.032	0.032
31	6	51	0.0	0.0	nan	nan	0.0	0.0
31	6	48	0.0	0.0	nan	nan	0.0	0.0
31	6	45	0.0	0.0	nan	nan	0.0	0.0
31	6	42	0.0	0.0	nan	nan	0.0	0.0
31	6	39	0.0	0.0	nan	nan	0.0	0.0
31	6	36	0.0	0.0	nan	nan	0.0	0.0
31	6	33	0.0	0.0	nan	nan	0.0	0.0
31	6	30	0.0	0.0	nan	nan	0.0	0.0
0	7	87	2.065	0.25	19.194	0.833	1.0	1.0
0	7	84	2.0	0.0	20.419	0.958	1.0	1.0
0	7	81	1.903	0.301	21.387	0.761	1.0	1.0
0	7	78	1.806	0.402	22.839	2.223	1.0	1.0
0	7	75	1.3	0.466	24.387	2.305	0.968	1.0
0	7	72	1.0	0.447	26.214	1.95	0.903	0.903
0	7	69	0.5	0.509	28.875	2.825	0.484	0.516
0	7	66	0.0	0.0	nan	nan	0.0	0.0
0	7	63	0.0	0.0	nan	nan	0.0	0.0
0	7	60	0.0	0.0	nan	nan	0.0	0.0
0	7	57	0.0	0.0	nan	nan	0.0	0.0
0	7	54	0.0	0.0	nan	nan	0.0	0.0
0	7	51	0.0	0.0	nan	nan	0.0	0.0
0	7	48	0.0	0.0	nan	nan	0.0	0.0
0	7	45	0.0	0.0	nan	nan	0.0	0.0
0	7	42	0.0	0.0	nan	nan	0.0	0.0
0	7	39	0.0	0.0	nan	nan	0.0	0.0
0	7	36	0.0	0.0	nan	nan	0.0	0.0
0	7	33	0.0	0.0	nan	nan	0.0	0.0
0	7	30	0.0	0.0	nan	nan	0.0	0.0
1	7	87	4.742	0.514	17.29	0.643	1.0	1.0
1	7	84	3.968	0.706	18.194	0.654	1.0	1.0
1	7	81	3.419	0.564	18.677	0.702	1.0	1.0
1	7	78	3.065	0.25	19.258	0.631	1.0	1.0
1	7	75	2.968	0.18	20.387	1.054	1.0	1.0
1	7	72	2.968	0.18	21.516	1.411	1.0	1.0
1	7	69	2.677	0.475	22.806	1.223	1.0	1.0
1	7	66	2.323	0.475	23.742	0.93	1.0	1.0
1	7	63	2.032	0.18	25.71	1.755	1.0	1.0
1	7	60	1.935	0.25	28.29	2.723	1.0	1.0
1	7	57	1.667	0.547	31.633	4.072	0.935	0.968
1	7	54	0.571	0.69	34.938	4.553	0.419	0.516
1	7	51	0.0	0.0	40.0	0.0	0.0	0.032
1	7	48	0.0	0.0	nan	nan	0.0	0.0
1	7	45	0.0	0.0	nan	nan	0.0	0.0
1	7	42	0.0	0.0	nan	nan	0.0	0.0
1	7	39	0.0	0.0	nan	nan	0.0	0.0
1	7	36	0.0	0.0	nan	nan	0.0	0.0
1	7	33	0.0	0.0	nan	nan	0.0	0.0
1	7	30	0.0	0.0	nan	nan	0.0	0.0
2	7	87	1.613	0.495	19.516	0.962	1.0	1.0
2	7	84	1.161	0.374	20.613	1.706	1.0	1.0
2	7	81	1.065	0.25	21.387	1.82	1.0	1.0
2	7	78	1.0	0.0	23.129	1.31	1.0	1.0
2	7	75	0.968	0.18	24.833	1.555	0.968	0.968
2	7	72	0.3	0.466	26.6	1.578	0.29	0.323
2	7	69	0.0	0.0	nan	nan	0.0	0.0
2	7	66	0.0	0.0	nan	nan	0.0	0.0
2	7	63	0.0	0.0	nan	nan	0.0	0.0
2	7	60	0.0	0.0	nan	nan	0.0	0.0
2	7	57	0.0	0.0	nan	nan	0.0	0.0
2	7	54	0.0	0.0	nan	nan	0.0	0.0
2	7	51	0.0	0.0	nan	nan	0.0	0.0
2	7	48	0.0	0.0	nan	nan	0.0	0.0
2	7	45	0.0	0.0	nan	nan	0.0	0.0
2	7	42	0.0	0.0	nan	nan	0.0	0.0
2	7	39	0.0	0.0	nan	nan	0.0	0.0
2	7	36	0.0	0.0	nan	nan	0.0	0.0
2	7	33	0.0	0.0	nan	nan	0.0	0.0
2	7	30	0.0	0.0	nan	nan	0.0	0.0
3	7	87	2.258	0.445	18.548	0.723	1.0	1.0
3	7	84	2.065	0.25	19.29	0.938	1.0	1.0
3	7	81	1.935	0.25	20.355	1.226	1.0	1.0
3	7	78	1.742	0.445	21.548	1.997	1.0	1.0
3	7	75	1.323	0.475	23.129	1.607	1.0	1.0
3	7	72	1.065	0.25	24.871	1.945	1.0	1.0
3	7	69	0.897	0.31	28.393	3.583	0.839	0.903
3	7	66	0.233	0.43	31.125	2.85	0.226	0.258
3	7	63	0.0	0.0	nan	nan	0.0	0.0
3	7	60	0.0	0.0	nan	nan	0.0	0.0
3	7	57	0.0	0.0	nan	nan	0.0	0.0
3	7	54	0.0	0.0	nan	nan	0.0	0.0
3	7	51	0.0	0.0	nan	nan	0.0	0.0
3	7	48	0.0	0.0	nan	nan	0.0	0.0
3	7	45	0.0	0.0	nan	nan	0.0	0.0
3	7	42	0.0	0.0	nan	nan	0.0	0.0
3	7	39	0.0	0.0	nan	nan	0.0	0.0
3	7	36	0.0	0.0	nan	nan	0.0	0.0
3	7	33	0.0	0.0	nan	nan	0.0	0.0
3	7	30	0.0	0.0	nan	nan	0.0	0.0
4	7	87	2.548	0.723	18.935	0.964	1.0	1.0
4	7	84	2.161	0.374	19.387	0.667	1.0	1.0
4	7	81	1.968	0.18	20.0	1.0	1.0	1.0
4	7	78	2.0	0.0	21.258	0.965	1.0	1.0
4	7	75	1.935	0.25	22.258	1.125	1.0	1.0
4	7	72	1.774	0.425	23.355	1.427	1.0	1.0
4	7	69	1.355	0.486	25.613	1.995	1.0	1.0
4	7	66	0.966	0.566	28.462	3.062	0.774	0.839
4	7	63	0.258	0.445	29.375	3.543	0.258	0.258
4	7	60	0.0	0.0	nan	nan	0.0	0.0
4	7	57	0.0	0.0	nan	nan	0.0	0.0
4	7	54	0.0	0.0	nan	nan	0.0	0.0
4	7	51	0.0	0.0	nan	nan	0.0	0.0
4	7	48	0.0	0.0	nan	nan	0.0	0.0
4	7	45	0.0	0.0	nan	nan	0.0	0.0
4	7	42	0.0	0.0	nan	nan	0.0	0.0
4	7	39	0.0	0.0	nan	nan	0.0	0.0
4	7	36	0.0	0.0	nan	nan	0.0	0.0
4	7	33	0.0	0.0	nan	nan	0.0	0.0
4	7	30	0.0	0.0	nan	nan	0.0	0.0
5	7	87	2.065	0.25	20.032	0.795	1.0	1.0
5	7	84	2.0	0.0	20.871	1.088	1.0	1.0
5	7	81	1.903	0.301	21.806	1.078	1.0	1.0
5	7	78	1.742	0.445	23.484	1.262	1.0	1.0
5	7	75	1.29	0.529	24.733	1.701	0.968	0.968
5	7	72	0.893	0.497	28.308	3.876	0.742	0.839
5	7	69	0.115	0.326	33.5	3.854	0.097	0.258
5	7	66	0.0	0.0	nan	nan	0.0	0.0
5	7	63	0.0	0.0	nan	nan	0.0	0.0
5	7	60	0.0	0.0	nan	nan	0.0	0.0
5	7	57	0.0	0.0	nan	nan	0.0	0.0
5	7	54	0.0	0.0	nan	nan	0.0	0.0
5	7	51	0.0	0.0	nan	nan	0.0	0.0
5	7	48	0.0	0.0	nan	nan	0.0	0.0
5	7	45	0.0	0.0	nan	nan	0.0	0.0
5	7	42	0.0	0.0	nan	nan	0.0	0.0
5	7	39	0.0	0.0	nan	nan	0.0	0.0
5	7	36	0.0	0.0	nan	nan	0.0	0.0
5	7	33	0.0	0.0	nan	nan	0.0	0.0
5	7	30	0.0	0.0	nan	nan	0.0	0.0
6	7	87	3.71	0.461	18.032	0.657	1.0	1.0
6	7	84	3.258	0.445	19.065	0.964	1.0	1.0
6	7	81	3.032	0.18	19.484	0.851	1.0	1.0
6	7	78	3.0	0.258	20.161	1.003	1.0	1.0
6	7	75	2.645	0.486	21.161	0.934	1.0	1.0
6	7	72	2.258	0.445	22.452	1.588	1.0	1.0
6	7	69	2.097	0.301	24.032	1.329	1.0	1.0
6	7	66	2.032	0.18	26.161	2.177	1.0	1.0
6	7	63	1.967	0.183	29.194	3.146	0.968	1.0
6	7	60	1.483	0.785	31.808	4.03	0.774	0.839
6	7	57	0.129	0.428	34.333	5.033	0.097	0.097
6	7	54	0.0	0.0	nan	nan	0.0	0.0
6	7	51	0.0	0.0	nan	nan	0.0	0.0
6	7	48	0.0	0.0	nan	nan	0.0	0.0
6	7	45	0.0	0.0	nan	nan	0.0	0.0
6	7	42	0.0	0.0	nan	nan	0.0	0.0
6	7	39	0.0	0.0	nan	nan	0.0	0.0
6	7	36	0.0	0.0	nan	nan	0.0	0.0
6	7	33	0.0	0.0	nan	nan	0.0	0.0
6	7	30	0.0	0.0	nan	nan	0.0	0.0
7	7	87	2.839	0.82	18.613	1.116	1.0	1.0
7	7	84	2.29	0.461	19.258	0.999	1.0	1.0
7	7	81	2.032	0.18	19.903	0.978	1.0	1.0
7	7	78	2.0	0.0	20.839	0.898	1.0	1.0
7	7	75	2.0	0.0	22.29	1.16	1.0	1.0
7	7	72	1.903	0.301	24.129	1.746	1.0	1.0
7	7	69	1.645	0.486	25.935	1.482	1.0	1.0
7	7	66	0.929	0.604	29.12	3.346	0.71	0.806
7	7	63	0.167	0.379	31.0	4.147	0.161	0.194
7	7	60	0.0	0.0	38.0	0.0	0.0	0.032
7	7	57	0.0	0.0	nan	nan	0.0	0.0
7	7	54	0.0	0.0	nan	nan	0.0	0.0
7	7	51	0.0	0.0	nan	nan	0.0	0.0
7	7	48	0.0	0.0	nan	nan	0.0	0.0
7	7	45	0.0	0.0	nan	nan	0.0	0.0
7	7	42	0.0	0.0	nan	nan	0.0	0.0
7	7	39	0.0	0.0	nan	nan	0.0	0.0
7	7	36	0.0	0.0	nan	nan	0.0	0.0
7	7	33	0.0	0.0	nan	nan	0.0	0.0
7	7	30	0.0	0.0	nan	nan	0.0	0.0
8	7	87	4.581	0.502	14.871	0.499	1.0	1.0
8	7	84	4.161	0.374	15.258	0.893	1.0	1.0
8	7	81	4.0	0.0	15.839	0.638	1.0	1.0
8	7	78	4.032	0.18	16.258	0.729	1.0	1.0
8	7	75	3.774	0.497	16.742	0.815	1.0	1.0
8	7	72	3.613	0.558	17.161	1.157	1.0	1.0
8	7	69	3.194	0.749	18.161	0.688	1.0	1.0
8	7	66	2.387	0.615	19.258	0.93	1.0	1.0
8	7	63	2.161	0.454	20.258	1.182	1.0	1.0
8	7	60	2.0	0.258	22.258	1.692	1.0	1.0
8	7	57	1.903	0.301	23.774	1.359	1.0	1.0
8	7	54	1.581	0.564	26.667	3.356	0.968	0.968
8	7	51	0.857	0.803	30.1	3.824	0.548	0.645
8	7	48	0.097	0.396	28.0	1.414	0.065	0.065
8	7	45	0.0	0.0	nan	nan	0.0	0.0
8	7	42	0.0	0.0	nan	nan	0.0	0.0
8	7	39	0.0	0.0	nan	nan	0.0	0.0
8	7	36	0.0	0.0	nan	nan	0.0	0.0
8	7	33	0.0	0.0	nan	nan	0.0	0.0
8	7	30	0.0	0.0	nan	nan	0.0	0.0
9	7	87	4.0	0.0	16.613	0.715	1.0	1.0
9	7	84	3.903	0.301	17.29	0.739	1.0	1.0
9	7	81	3.323	0.702	18.129	0.957	1.0	1.0
9	7	78	2.871	0.763	18.645	0.877	1.0	1.0
9	7	75	2.387	0.615	19.677	1.107	1.0	1.0
9	7	72	2.129	0.428	20.355	1.38	1.0	1.0
9	7	69	1.935	0.25	22.0	1.77	1.0	1.0
9	7	66	1.935	0.25	23.613	1.764	1.0	1.0
9	7	63	1.69	0.471	26.871	4.349	0.935	1.0
9	7	60	1.25	0.701	30.074	3.518	0.774	0.871
9	7	57	0.667	0.832	31.0	4.243	0.387	0.516
9	7	54	0.0	0.0	nan	nan	0.0	0.0
9	7	51	0.0	0.0	nan	nan	0.0	0.0
9	7	48	0.0	0.0	nan	nan	0.0	0.0
9	7	45	0.0	0.0	nan	nan	0.0	0.0
9	7	42	0.0	0.0	nan	nan	0.0	0.0
9	7	39	0.0	0.0	nan	nan	0.0	0.0
9	7	36	0.0	0.0	nan	nan	0.0	0.0
9	7	33	0.0	0.0	nan	nan	0.0	0.0
9	7	30	0.0	0.0	nan	nan	0.0	0.0
10	7	87	2.355	0.486	18.355	0.95	1.0	1.0
10	7	84	2.0	0.258	19.548	1.502	1.0	1.0
10	7	81	1.871	0.428	20.032	1.08	1.0	1.0
10	7	78	1.484	0.508	21.226	1.117	1.0	1.0
10	7	75	1.194	0.402	22.935	3.577	1.0	1.0
10	7	72	1.032	0.18	23.548	1.434	1.0	1.0
10	7	69	0.833	0.379	26.423	2.419	0.806	0.839
10	7	66	0.233	0.43	28.375	2.925	0.226	0.258
10	7	63	0.032	0.18	30.0	0.0	0.032	0.032
10	7	60	0.0	0.0	nan	nan	0.0	0.0
10	7	57	0.0	0.0	nan	nan	0.0	0.0
10	7	54	0.0	0.0	nan	nan	0.0	0.0
10	7	51	0.0	0.0	nan	nan	0.0	0.0
10	7	48	0.0	0.0	nan	nan	0.0	0.0
10	7	45	0.0	0.0	nan	nan	0.0	0.0
10	7	42	0.0	0.0	nan	nan	0.0	0.0
10	7	39	0.0	0.0	nan	nan	0.0	0.0
10	7	36	0.0	0.0	nan	nan	0.0	0.0
10	7	33	0.0	0.0	nan	nan	0.0	0.0
10	7	30	0.0	0.0	nan	nan	0.0	0.0
11	7	87	3.258	0.445	17.161	0.688	1.0	1.0
11	7	84	2.903	0.473	17.613	0.882	1.0	1.0
11	7	81	2.355	0.486	18.548	1.028	1.0	1.0
11	7	78	2.129	0.341	19.129	0.763	1.0	1.0
11	7	75	1.968	0.18	20.065	1.093	1.0	1.0
11	7	72	1.968	0.18	21.452	1.15	1.0	1.0
11	7	69	1.613	0.495	22.968	1.354	1.0	1.0
11	7	66	1.355	0.486	24.516	2.031	1.0	1.0
11	7	63	0.929	0.466	27.593	3.273	0.774	0.871
11	7	60	0.385	0.571	31.714	4.462	0.29	0.452
11	7	57	0.032	0.18	32.0	0.0	0.032	0.032
11	7	54	0.0	0.0	nan	nan	0.0	0.0
11	7	51	0.0	0.0	nan	nan	0.0	0.0
11	7	48	0.0	0.0	nan	nan	0.0	0.0
11	7	45	0.0	0.0	nan	nan	0.0	0.0
11	7	42	0.0	0.0	nan	nan	0.0	0.0
11	7	39	0.0	0.0	nan	nan	0.0	0.0
11	7	36	0.0	0.0	nan	nan	0.0	0.0
11	7	33	0.0	0.0	nan	nan	0.0	0.0
11	7	30	0.0	0.0	nan	nan	0.0	0.0
12	7	87	3.032	0.18	19.419	0.807	1.0	1.0
12	7	84	2.968	0.18	20.387	1.283	1.0	1.0
12	7	81	2.645	0.486	21.419	1.089	1.0	1.0
12	7	78	2.226	0.425	22.452	1.261	1.0	1.0
12	7	75	2.0	0.0	23.29	1.039	1.0	1.0
12	7	72	2.0	0.0	25.323	1.249	1.0	1.0
12	7	69	2.0	0.0	27.484	2.111	1.0	1.0
12	7	66	1.667	0.606	31.759	3.334	0.903	0.935
12	7	63	0.583	0.83	34.875	1.928	0.29	0.516
12	7	60	0.0	0.0	nan	nan	0.0	0.0
12	7	57	0.0	0.0	nan	nan	0.0	0.0
12	7	54	0.0	0.0	nan	nan	0.0	0.0
12	7	51	0.0	0.0	nan	nan	0.0	0.0
12	7	48	0.0	0.0	nan	nan	0.0	0.0
12	7	45	0.0	0.0	nan	nan	0.0	0.0
12	7	42	0.0	0.0	nan	nan	0.0	0.0
12	7	39	0.0	0.0	nan	nan	0.0	0.0
12	7	36	0.0	0.0	nan	nan	0.0	0.0
12	7	33	0.0	0.0	nan	nan	0.0	0.0
12	7	30	0.0	0.0	nan	nan	0.0	0.0
13	7	87	2.065	0.25	19.548	1.028	1.0	1.0
13	7	84	1.935	0.25	20.226	0.845	1.0	1.0
13	7	81	1.742	0.445	20.968	1.354	1.0	1.0
13	7	78	1.484	0.508	22.419	2.078	1.0	1.0
13	7	75	1.032	0.547	24.148	2.349	0.871	0.871
13	7	72	0.742	0.445	26.87	3.209	0.742	0.742
13	7	69	0.355	0.551	27.7	3.057	0.323	0.323
13	7	66	0.0	0.0	nan	nan	0.0	0.0
13	7	63	0.0	0.0	nan	nan	0.0	0.0
13	7	60	0.0	0.0	nan	nan	0.0	0.0
13	7	57	0.0	0.0	nan	nan	0.0	0.0
13	7	54	0.0	0.0	nan	nan	0.0	0.0
13	7	51	0.0	0.0	nan	nan	0.0	0.0
13	7	48	0.0	0.0	nan	nan	0.0	0.0
13	7	45	0.0	0.0	nan	nan	0.0	0.0
13	7	42	0.0	0.0	nan	nan	0.0	0.0
13	7	39	0.0	0.0	nan	nan	0.0	0.0
13	7	36	0.0	0.0	nan	nan	0.0	0.0
13	7	33	0.0	0.0	nan	nan	0.0	0.0
13	7	30	0.0	0.0	nan	nan	0.0	0.0
14	7	87	3.806	0.402	17.645	0.661	1.0	1.0
14	7	84	3.355	0.551	18.387	0.615	1.0	1.0
14	7	81	3.129	0.562	18.903	1.012	1.0	1.0
14	7	78	2.581	0.502	19.419	0.672	1.0	1.0
14	7	75	2.29	0.461	20.548	0.995	1.0	1.0
14	7	72	2.032	0.18	21.742	1.505	1.0	1.0
14	7	69	2.0	0.0	23.677	1.423	1.0	1.0
14	7	66	2.0	0.0	25.097	1.248	1.0	1.0
14	7	63	1.903	0.301	28.032	2.811	1.0	1.0
14	7	60	1.111	0.801	33.5	3.575	0.645	0.774
14	7	57	0.1	0.403	35.667	5.033	0.065	0.097
14	7	54	0.0	0.0	nan	nan	0.0	0.0
14	7	51	0.0	0.0	nan	nan	0.0	0.0
14	7	48	0.0	0.0	nan	nan	0.0	0.0
14	7	45	0.0	0.0	nan	nan	0.0	0.0
14	7	42	0.0	0.0	nan	nan	0.0	0.0
14	7	39	0.0	0.0	nan	nan	0.0	0.0
14	7	36	0.0	0.0	nan	nan	0.0	0.0
14	7	33	0.0	0.0	nan	nan	0.0	0.0
14	7	30	0.0	0.0	nan	nan	0.0	0.0
15	7	87	4.129	0.341	15.484	0.57	1.0	1.0
15	7	84	4.0	0.0	15.839	0.583	1.0	1.0
15	7	81	4.032	0.18	16.194	0.477	1.0	1.0
15	7	78	3.968	0.18	16.774	0.669	1.0	1.0
15	7	75	3.645	0.551	17.194	0.654	1.0	1.0
15	7	72	2.935	0.574	18.0	0.775	1.0	1.0
15	7	69	2.452	0.568	18.742	0.773	1.0	1.0
15	7	66	2.032	0.315	19.613	1.054	1.0	1.0
15	7	63	2.0	0.258	20.097	1.106	1.0	1.0
15	7	60	1.774	0.425	21.645	1.624	1.0	1.0
15	7	57	1.516	0.508	23.774	2.028	1.0	1.0
15	7	54	1.097	0.539	25.393	1.685	0.903	0.903
15	7	51	0.5	0.572	28.067	2.738	0.452	0.484
15	7	48	0.0	0.0	35.0	0.0	0.0	0.032
15	7	45	0.0	0.0	nan	nan	0.0	0.0
15	7	42	0.0	0.0	nan	nan	0.0	0.0
15	7	39	0.0	0.0	nan	nan	0.0	0.0
15	7	36	0.0	0.0	nan	nan	0.0	0.0
15	7	33	0.0	0.0	nan	nan	0.0	0.0
15	7	30	0.0	0.0	nan	nan	0.0	0.0
16	7	87	4.645	0.608	17.387	0.667	1.0	1.0
16	7	84	4.387	0.667	17.677	0.653	1.0	1.0
16	7	81	3.581	0.672	18.484	0.724	1.0	1.0
16	7	78	3.032	0.18	19.29	0.783	1.0	1.0
16	7	75	3.032	0.18	20.032	1.169	1.0	1.0
16	7	72	2.774	0.425	21.484	1.387	1.0	1.0
16	7	69	2.548	0.506	22.194	1.223	1.0	1.0
16	7	66	2.129	0.341	23.968	1.278	1.0	1.0
16	7	63	2.032	0.18	25.484	2.031	1.0	1.0
16	7	60	1.828	0.468	27.867	3.56	0.903	0.968
16	7	57	1.414	0.825	31.64	2.942	0.742	0.806
16	7	54	0.0	0.0	41.0	0.0	0.0	0.032
16	7	51	0.0	0.0	nan	nan	0.0	0.0
16	7	48	0.0	0.0	nan	nan	0.0	0.0
16	7	45	0.0	0.0	nan	nan	0.0	0.0
16	7	42	0.0	0.0	nan	nan	0.0	0.0
16	7	39	0.0	0.0	nan	nan	0.0	0.0
16	7	36	0.0	0.0	nan	nan	0.0	0.0
16	7	33	0.0	0.0	nan	nan	0.0	0.0
16	7	30	0.0	0.0	nan	nan	0.0	0.0
17	7	87	4.0	0.0	17.0	0.516	1.0	1.0
17	7	84	3.839	0.374	17.548	0.768	1.0	1.0
17	7	81	3.258	0.729	18.065	0.68	1.0	1.0
17	7	78	2.806	0.601	18.774	0.617	1.0	1.0
17	7	75	2.161	0.374	19.742	1.064	1.0	1.0
17	7	72	2.0	0.0	20.871	1.056	1.0	1.0
17	7	69	2.0	0.0	22.452	1.338	1.0	1.0
17	7	66	2.0	0.0	24.484	2.014	1.0	1.0
17	7	63	1.806	0.402	27.226	3.538	1.0	1.0
17	7	60	1.167	0.917	32.043	4.829	0.516	0.742
17	7	57	0.0	0.0	nan	nan	0.0	0.0
17	7	54	0.0	0.0	nan	nan	0.0	0.0
17	7	51	0.0	0.0	nan	nan	0.0	0.0
17	7	48	0.0	0.0	nan	nan	0.0	0.0
17	7	45	0.0	0.0	nan	nan	0.0	0.0
17	7	42	0.0	0.0	nan	nan	0.0	0.0
17	7	39	0.0	0.0	nan	nan	0.0	0.0
17	7	36	0.0	0.0	nan	nan	0.0	0.0
17	7	33	0.0	0.0	nan	nan	0.0	0.0
17	7	30	0.0	0.0	nan	nan	0.0	0.0
18	7	87	1.903	0.396	19.581	1.336	1.0	1.0
18	7	84	1.677	0.475	20.484	0.996	1.0	1.0
18	7	81	1.387	0.495	20.742	0.729	1.0	1.0
18	7	78	1.032	0.315	22.4	0.894	0.968	0.968
18	7	75	0.968	0.18	24.0	1.702	0.968	0.968
18	7	72	0.613	0.495	26.211	2.417	0.613	0.613
18	7	69	0.129	0.341	28.75	2.5	0.129	0.129
18	7	66	0.0	0.0	nan	nan	0.0	0.0
18	7	63	0.0	0.0	nan	nan	0.0	0.0
18	7	60	0.0	0.0	nan	nan	0.0	0.0
18	7	57	0.0	0.0	nan	nan	0.0	0.0
18	7	54	0.0	0.0	nan	nan	0.0	0.0
18	7	51	0.0	0.0	nan	nan	0.0	0.0
18	7	48	0.0	0.0	nan	nan	0.0	0.0
18	7	45	0.0	0.0	nan	nan	0.0	0.0
18	7	42	0.0	0.0	nan	nan	0.0	0.0
18	7	39	0.0	0.0	nan	nan	0.0	0.0
18	7	36	0.0	0.0	nan	nan	0.0	0.0
18	7	33	0.0	0.0	nan	nan	0.0	0.0
18	7	30	0.0	0.0	nan	nan	0.0	0.0
19	7	87	3.29	0.529	17.419	0.765	1.0	1.0
19	7	84	2.742	0.682	18.226	0.669	1.0	1.0
19	7	81	2.484	0.508	18.484	0.811	1.0	1.0
19	7	78	2.161	0.454	19.613	0.989	1.0	1.0
19	7	75	2.032	0.18	20.548	0.888	1.0	1.0
19	7	72	2.0	0.0	21.452	0.768	1.0	1.0
19	7	69	1.774	0.425	22.677	1.4	1.0	1.0
19	7	66	1.516	0.508	24.29	2.036	1.0	1.0
19	7	63	1.207	0.412	26.29	2.969	0.935	1.0
19	7	60	0.483	0.574	29.8	3.448	0.419	0.484
19	7	57	0.032	0.18	21.0	0.0	0.032	0.032
19	7	54	0.0	0.0	nan	nan	0.0	0.0
19	7	51	0.0	0.0	nan	nan	0.0	0.0
19	7	48	0.0	0.0	nan	nan	0.0	0.0
19	7	45	0.0	0.0	nan	nan	0.0	0.0
19	7	42	0.0	0.0	nan	nan	0.0	0.0
19	7	39	0.0	0.0	nan	nan	0.0	0.0
19	7	36	0.0	0.0	nan	nan	0.0	0.0
19	7	33	0.0	0.0	nan	nan	0.0	0.0
19	7	30	0.0	0.0	nan	nan	0.0	0.0
20	7	87	3.935	0.25	16.645	0.551	1.0	1.0
20	7	84	3.387	0.495	17.097	0.539	1.0	1.0
20	7	81	2.871	0.562	17.839	0.688	1.0	1.0
20	7	78	2.226	0.425	18.581	1.025	1.0	1.0
20	7	75	2.097	0.301	19.226	0.717	1.0	1.0
20	7	72	1.968	0.315	20.323	1.045	1.0	1.0
20	7	69	1.806	0.402	21.226	1.117	1.0	1.0
20	7	66	1.548	0.506	23.0	1.77	1.0	1.0
20	7	63	1.097	0.301	24.935	1.879	1.0	1.0
20	7	60	0.833	0.461	26.76	2.758	0.774	0.806
20	7	57	0.161	0.374	29.4	1.949	0.161	0.161
20	7	54	0.0	0.0	nan	nan	0.0	0.0
20	7	51	0.0	0.0	nan	nan	0.0	0.0
20	7	48	0.0	0.0	nan	nan	0.0	0.0
20	7	45	0.0	0.0	nan	nan	0.0	0.0
20	7	42	0.0	0.0	nan	nan	0.0	0.0
20	7	39	0.0	0.0	nan	nan	0.0	0.0
20	7	36	0.0	0.0	nan	nan	0.0	0.0
20	7	33	0.0	0.0	nan	nan	0.0	0.0
20	7	30	0.0	0.0	nan	nan	0.0	0.0
21	7	87	2.226	0.497	18.677	0.871	1.0	1.0
21	7	84	1.806	0.543	19.484	0.769	1.0	1.0
21	7	81	1.29	0.461	20.484	0.962	1.0	1.0
21	7	78	1.032	0.18	21.677	1.013	1.0	1.0
21	7	75	1.032	0.18	23.0	1.528	1.0	1.0
21	7	72	0.933	0.254	25.0	1.946	0.903	0.935
21	7	69	0.379	0.494	26.0	2.517	0.355	0.419
21	7	66	0.032	0.18	27.0	0.0	0.032	0.032
21	7	63	0.0	0.0	nan	nan	0.0	0.0
21	7	60	0.0	0.0	nan	nan	0.0	0.0
21	7	57	0.0	0.0	nan	nan	0.0	0.0
21	7	54	0.0	0.0	nan	nan	0.0	0.0
21	7	51	0.0	0.0	nan	nan	0.0	0.0
21	7	48	0.0	0.0	nan	nan	0.0	0.0
21	7	45	0.0	0.0	nan	nan	0.0	0.0
21	7	42	0.0	0.0	nan	nan	0.0	0.0
21	7	39	0.0	0.0	nan	nan	0.0	0.0
21	7	36	0.0	0.0	nan	nan	0.0	0.0
21	7	33	0.0	0.0	nan	nan	0.0	0.0
21	7	30	0.0	0.0	nan	nan	0.0	0.0
22	7	87	5.0	0.0	16.516	0.508	1.0	1.0
22	7	84	4.71	0.529	17.032	0.795	1.0	1.0
22	7	81	4.226	0.56	17.71	0.973	1.0	1.0
22	7	78	3.742	0.575	17.903	1.012	1.0	1.0
22	7	75	3.194	0.402	19.161	1.157	1.0	1.0
22	7	72	3.032	0.18	19.871	0.846	1.0	1.0
22	7	69	2.871	0.341	21.0	1.238	1.0	1.0
22	7	66	2.677	0.475	22.839	1.485	1.0	1.0
22	7	63	2.194	0.402	24.29	1.616	1.0	1.0
22	7	60	2.097	0.301	27.129	2.334	1.0	1.0
22	7	57	1.828	0.384	32.161	3.76	0.935	1.0
22	7	54	0.926	0.73	35.739	2.988	0.613	0.742
22	7	51	0.032	0.18	32.0	0.0	0.032	0.032
22	7	48	0.0	0.0	nan	nan	0.0	0.0
22	7	45	0.0	0.0	nan	nan	0.0	0.0
22	7	42	0.0	0.0	nan	nan	0.0	0.0
22	7	39	0.0	0.0	nan	nan	0.0	0.0
22	7	36	0.0	0.0	nan	nan	0.0	0.0
22	7	33	0.0	0.0	nan	nan	0.0	0.0
22	7	30	0.0	0.0	nan	nan	0.0	0.0
23	7	87	4.968	0.18	16.71	0.588	1.0	1.0
23	7	84	4.871	0.341	17.129	0.562	1.0	1.0
23	7	81	4.355	0.709	17.774	0.56	1.0	1.0
23	7	78	3.581	0.62	18.452	0.85	1.0	1.0
23	7	75	3.097	0.301	19.161	0.688	1.0	1.0
23	7	72	3.0	0.0	20.226	0.884	1.0	1.0
23	7	69	3.032	0.18	21.065	1.482	1.0	1.0
23	7	66	2.71	0.461	22.516	1.411	1.0	1.0
23	7	63	2.355	0.486	23.645	1.253	1.0	1.0
23	7	60	2.032	0.18	25.581	2.218	1.0	1.0
23	7	57	1.935	0.25	29.0	2.517	1.0	1.0
23	7	54	1.267	0.785	34.52	3.864	0.774	0.806
23	7	51	0.37	0.565	38.615	3.525	0.29	0.419
23	7	48	0.0	0.0	nan	nan	0.0	0.0
23	7	45	0.0	0.0	nan	nan	0.0	0.0
23	7	42	0.0	0.0	nan	nan	0.0	0.0
23	7	39	0.0	0.0	nan	nan	0.0	0.0
23	7	36	0.0	0.0	nan	nan	0.0	0.0
23	7	33	0.0	0.0	nan	nan	0.0	0.0
23	7	30	0.0	0.0	nan	nan	0.0	0.0
24	7	87	4.871	0.341	16.194	0.703	1.0	1.0
24	7	84	4.677	0.475	16.871	0.428	1.0	1.0
24	7	81	4.065	0.68	17.613	1.174	1.0	1.0
24	7	78	3.839	0.638	17.935	0.772	1.0	1.0
24	7	75	3.226	0.425	18.71	0.973	1.0	1.0
24	7	72	3.032	0.18	19.71	0.739	1.0	1.0
24	7	69	2.774	0.425	20.29	1.006	1.0	1.0
24	7	66	2.645	0.486	21.903	2.315	1.0	1.0
24	7	63	2.258	0.445	23.516	1.589	1.0	1.0
24	7	60	2.129	0.341	25.129	2.061	1.0	1.0
24	7	57	1.968	0.18	27.516	2.631	1.0	1.0
24	7	54	1.677	0.541	31.967	3.429	0.968	0.968
24	7	51	0.655	0.857	34.5	3.858	0.387	0.452
24	7	48	0.0	0.0	45.0	0.0	0.0	0.032
24	7	45	0.032	0.18	25.0	0.0	0.032	0.032
24	7	42	0.0	0.0	nan	nan	0.0	0.0
24	7	39	0.0	0.0	nan	nan	0.0	0.0
24	7	36	0.0	0.0	nan	nan	0.0	0.0
24	7	33	0.0	0.0	nan	nan	0.0	0.0
24	7	30	0.0	0.0	nan	nan	0.0	0.0
25	7	87	3.935	0.25	17.258	0.514	1.0	1.0
25	7	84	3.806	0.402	17.677	1.107	1.0	1.0
25	7	81	3.194	0.749	18.484	1.029	1.0	1.0
25	7	78	2.516	0.626	19.065	0.892	1.0	1.0
25	7	75	2.258	0.445	20.129	1.176	1.0	1.0
25	7	72	2.0	0.0	20.903	0.944	1.0	1.0
25	7	69	2.0	0.0	22.548	1.15	1.0	1.0
25	7	66	2.0	0.0	23.935	1.569	1.0	1.0
25	7	63	1.828	0.384	26.323	3.7	0.935	1.0
25	7	60	1.429	0.79	29.962	3.28	0.742	0.839
25	7	57	0.077	0.272	36.429	2.992	0.065	0.226
25	7	54	0.0	0.0	nan	nan	0.0	0.0
25	7	51	0.0	0.0	nan	nan	0.0	0.0
25	7	48	0.0	0.0	nan	nan	0.0	0.0
25	7	45	0.0	0.0	nan	nan	0.0	0.0
25	7	42	0.0	0.0	nan	nan	0.0	0.0
25	7	39	0.0	0.0	nan	nan	0.0	0.0
25	7	36	0.0	0.0	nan	nan	0.0	0.0
25	7	33	0.0	0.0	nan	nan	0.0	0.0
25	7	30	0.0	0.0	nan	nan	0.0	0.0
26	7	87	4.968	0.18	16.484	0.508	1.0	1.0
26	7	84	4.839	0.374	17.065	0.512	1.0	1.0
26	7	81	4.419	0.672	17.613	0.667	1.0	1.0
26	7	78	3.935	0.772	18.29	0.693	1.0	1.0
26	7	75	3.032	0.18	19.161	0.638	1.0	1.0
26	7	72	3.0	0.258	20.032	1.169	1.0	1.0
26	7	69	2.935	0.25	21.032	1.197	1.0	1.0
26	7	66	2.613	0.495	22.839	1.734	1.0	1.0
26	7	63	2.258	0.445	24.452	1.859	1.0	1.0
26	7	60	2.065	0.25	27.387	2.741	1.0	1.0
26	7	57	1.806	0.477	30.733	3.581	0.968	0.968
26	7	54	0.839	0.779	35.158	4.113	0.613	0.613
26	7	51	0.0	0.0	43.0	5.657	0.0	0.065
26	7	48	0.0	0.0	nan	nan	0.0	0.0
26	7	45	0.0	0.0	nan	nan	0.0	0.0
26	7	42	0.0	0.0	nan	nan	0.0	0.0
26	7	39	0.0	0.0	nan	nan	0.0	0.0
26	7	36	0.0	0.0	nan	nan	0.0	0.0
26	7	33	0.0	0.0	nan	nan	0.0	0.0
26	7	30	0.0	0.0	nan	nan	0.0	0.0
27	7	87	4.0	0.0	16.194	0.477	1.0	1.0
27	7	84	4.0	0.0	16.581	0.765	1.0	1.0
27	7	81	3.935	0.25	17.161	0.779	1.0	1.0
27	7	78	3.774	0.425	17.645	0.608	1.0	1.0
27	7	75	3.065	0.814	18.387	0.882	1.0	1.0
27	7	72	2.452	0.568	19.161	0.779	1.0	1.0
27	7	69	2.032	0.18	20.258	1.182	1.0	1.0
27	7	66	2.0	0.0	22.0	1.39	1.0	1.0
27	7	63	2.0	0.0	23.226	1.606	1.0	1.0
27	7	60	2.0	0.0	25.613	2.305	1.0	1.0
27	7	57	1.839	0.454	28.433	2.487	0.968	0.968
27	7	54	0.783	0.902	34.316	4.282	0.355	0.613
27	7	51	0.0	0.0	37.0	0.0	0.0	0.032
27	7	48	0.0	0.0	nan	nan	0.0	0.0
27	7	45	0.0	0.0	nan	nan	0.0	0.0
27	7	42	0.0	0.0	nan	nan	0.0	0.0
27	7	39	0.0	0.0	nan	nan	0.0	0.0
27	7	36	0.0	0.0	nan	nan	0.0	0.0
27	7	33	0.0	0.0	nan	nan	0.0	0.0
27	7	30	0.0	0.0	nan	nan	0.0	0.0
28	7	87	3.677	0.475	18.0	0.856	1.0	1.0
28	7	84	3.323	0.475	18.452	0.675	1.0	1.0
28	7	81	3.097	0.396	19.032	0.657	1.0	1.0
28	7	78	2.968	0.315	19.774	0.99	1.0	1.0
28	7	75	2.548	0.506	20.871	0.991	1.0	1.0
28	7	72	2.129	0.341	22.419	1.311	1.0	1.0
28	7	69	2.065	0.25	23.613	1.874	1.0	1.0
28	7	66	2.0	0.0	25.355	1.78	1.0	1.0
28	7	63	1.903	0.301	27.258	2.852	1.0	1.0
28	7	60	1.821	0.39	31.258	3.022	0.903	1.0
28	7	57	0.32	0.69	35.909	5.069	0.161	0.355
28	7	54	0.0	0.0	38.5	0.707	0.0	0.065
28	7	51	0.0	0.0	nan	nan	0.0	0.0
28	7	48	0.0	0.0	nan	nan	0.0	0.0
28	7	45	0.0	0.0	nan	nan	0.0	0.0
28	7	42	0.0	0.0	nan	nan	0.0	0.0
28	7	39	0.0	0.0	nan	nan	0.0	0.0
28	7	36	0.0	0.0	nan	nan	0.0	0.0
28	7	33	0.0	0.0	nan	nan	0.0	0.0
28	7	30	0.0	0.0	nan	nan	0.0	0.0
29	7	87	2.581	0.502	18.032	0.407	1.0	1.0
29	7	84	2.29	0.461	18.935	0.929	1.0	1.0
29	7	81	1.935	0.359	19.516	0.851	1.0	1.0
29	7	78	1.581	0.502	20.806	0.873	1.0	1.0
29	7	75	1.387	0.495	22.032	1.76	1.0	1.0
29	7	72	1.0	0.0	23.452	1.287	1.0	1.0
29	7	69	0.903	0.301	26.107	2.439	0.903	0.903
29	7	66	0.323	0.475	29.7	2.946	0.323	0.323
29	7	63	0.032	0.18	29.0	0.0	0.032	0.032
29	7	60	0.0	0.0	nan	nan	0.0	0.0
29	7	57	0.0	0.0	nan	nan	0.0	0.0
29	7	54	0.0	0.0	nan	nan	0.0	0.0
29	7	51	0.0	0.0	nan	nan	0.0	0.0
29	7	48	0.0	0.0	nan	nan	0.0	0.0
29	7	45	0.0	0.0	nan	nan	0.0	0.0
29	7	42	0.0	0.0	nan	nan	0.0	0.0
29	7	39	0.0	0.0	nan	nan	0.0	0.0
29	7	36	0.0	0.0	nan	nan	0.0	0.0
29	7	33	0.0	0.0	nan	nan	0.0	0.0
29	7	30	0.0	0.0	nan	nan	0.0	0.0
30	7	87	4.613	0.495	16.29	0.529	1.0	1.0
30	7	84	4.129	0.341	16.645	0.798	1.0	1.0
30	7	81	3.935	0.25	17.29	0.693	1.0	1.0
30	7	78	3.806	0.477	17.742	0.815	1.0	1.0
30	7	75	3.29	0.643	18.581	0.765	1.0	1.0
30	7	72	2.71	0.461	19.419	0.62	1.0	1.0
30	7	69	2.452	0.506	20.452	1.15	1.0	1.0
30	7	66	2.129	0.341	21.29	1.16	1.0	1.0
30	7	63	2.0	0.0	22.677	1.222	1.0	1.0
30	7	60	1.968	0.315	24.032	2.429	1.0	1.0
30	7	57	1.767	0.43	28.194	4.277	0.968	1.0
30	7	54	1.2	0.761	29.56	3.548	0.774	0.806
30	7	51	0.345	0.614	33.9	5.384	0.258	0.323
30	7	48	0.032	0.18	39.0	0.0	0.032	0.032
30	7	45	0.0	0.0	nan	nan	0.0	0.0
30	7	42	0.0	0.0	nan	nan	0.0	0.0
30	7	39	0.0	0.0	nan	nan	0.0	0.0
30	7	36	0.0	0.0	nan	nan	0.0	0.0
30	7	33	0.0	0.0	nan	nan	0.0	0.0
30	7	30	0.0	0.0	nan	nan	0.0	0.0
31	7	87	3.129	0.341	17.161	0.523	1.0	1.0
31	7	84	2.839	0.454	17.742	0.773	1.0	1.0
31	7	81	2.516	0.508	18.355	0.755	1.0	1.0
31	7	78	2.065	0.25	19.323	0.909	1.0	1.0
31	7	75	2.032	0.18	19.742	0.999	1.0	1.0
31	7	72	2.0	0.0	21.581	1.501	1.0	1.0
31	7	69	1.871	0.341	23.226	1.586	1.0	1.0
31	7	66	1.516	0.508	24.71	1.829	1.0	1.0
31	7	63	0.966	0.499	28.481	3.523	0.806	0.871
31	7	60	0.333	0.479	29.091	3.754	0.323	0.355
31	7	57	0.0	0.0	nan	nan	0.0	0.0
31	7	54	0.0	0.0	nan	nan	0.0	0.0
31	7	51	0.0	0.0	nan	nan	0.0	0.0
31	7	48	0.0	0.0	nan	nan	0.0	0.0
31	7	45	0.0	0.0	nan	nan	0.0	0.0
31	7	42	0.0	0.0	nan	nan	0.0	0.0
31	7	39	0.0	0.0	nan	nan	0.0	0.0
31	7	36	0.0	0.0	nan	nan	0.0	0.0
31	7	33	0.0	0.0	nan	nan	0.0	0.0
31	7	30	0.0	0.0	nan	nan	0.0	0.0
