row	col	voltage	tot_avg	tot_std	toa_avg	toa_std	efficiency_tot	efficiency_toa
0	0	420	18.355	0.486	9.0	0.0	1.0	1.0
0	0	380	17.226	0.425	9.0	0.0	1.0	1.0
0	0	340	16.065	0.25	9.0	0.0	1.0	1.0
0	0	300	14.839	0.374	9.0	0.0	1.0	1.0
0	0	260	13.065	0.25	9.0	0.0	1.0	1.0
0	0	220	11.29	0.461	9.0	0.0	1.0	1.0
0	0	180	9.613	0.495	9.032	0.18	1.0	1.0
0	0	140	7.355	0.486	10.0	0.0	1.0	1.0
0	0	100	5.097	0.301	11.0	0.0	1.0	1.0
0	0	77	4.0	0.0	12.258	0.445	1.0	1.0
0	0	74	4.0	0.0	12.903	0.301	1.0	1.0
0	0	71	3.871	0.341	13.161	0.374	1.0	1.0
0	0	68	3.419	0.502	13.677	0.541	1.0	1.0
0	0	65	3.0	0.0	14.129	0.341	1.0	1.0
0	0	62	3.0	0.0	14.839	0.523	1.0	1.0
0	0	59	3.0	0.0	15.839	0.638	1.0	1.0
0	0	56	2.839	0.374	16.839	0.86	1.0	1.0
0	0	53	2.097	0.79	18.968	1.888	1.0	1.0
0	0	50	1.194	0.402	22.581	2.79	1.0	1.0
0	0	47	0.643	0.559	27.2	4.086	0.548	0.645
0	0	44	0.0	0.0	nan	nan	0.0	0.0
1	0	420	15.0	0.0	10.0	0.0	1.0	1.0
1	0	380	14.0	0.0	10.0	0.0	1.0	1.0
1	0	340	12.935	0.25	10.0	0.0	1.0	1.0
1	0	300	11.71	0.461	10.0	0.0	1.0	1.0
1	0	260	10.0	0.0	10.0	0.0	1.0	1.0
1	0	220	9.0	0.0	10.0	0.0	1.0	1.0
1	0	180	7.0	0.0	10.0	0.0	1.0	1.0
1	0	140	5.194	0.402	11.0	0.0	1.0	1.0
1	0	100	3.323	0.475	12.032	0.18	1.0	1.0
1	0	77	2.129	0.341	14.452	0.568	1.0	1.0
1	0	74	2.032	0.18	15.032	0.482	1.0	1.0
1	0	71	2.0	0.0	15.903	0.7	1.0	1.0
1	0	68	2.0	0.0	16.452	0.675	1.0	1.0
1	0	65	1.63	0.492	18.226	1.499	0.871	1.0
1	0	62	1.0	0.674	20.115	1.986	0.581	0.839
1	0	59	0.273	0.456	22.067	1.624	0.194	0.484
1	0	56	0.0	0.0	26.0	0.0	0.0	0.032
1	0	53	0.0	0.0	nan	nan	0.0	0.0
1	0	50	0.0	0.0	nan	nan	0.0	0.0
1	0	47	0.0	0.0	nan	nan	0.0	0.0
1	0	44	0.0	0.0	nan	nan	0.0	0.0
2	0	420	18.323	0.475	9.0	0.0	1.0	1.0
2	0	380	17.258	0.445	9.0	0.0	1.0	1.0
2	0	340	16.0	0.0	9.0	0.0	1.0	1.0
2	0	300	14.871	0.341	9.0	0.0	1.0	1.0
2	0	260	13.129	0.341	9.0	0.0	1.0	1.0
2	0	220	11.548	0.506	9.0	0.0	1.0	1.0
2	0	180	9.806	0.402	9.0	0.0	1.0	1.0
2	0	140	7.677	0.475	10.0	0.0	1.0	1.0
2	0	100	5.161	0.374	10.839	0.374	1.0	1.0
2	0	77	4.032	0.18	12.032	0.18	1.0	1.0
2	0	74	4.0	0.0	12.581	0.502	1.0	1.0
2	0	71	4.0	0.0	12.935	0.25	1.0	1.0
2	0	68	3.839	0.374	13.323	0.475	1.0	1.0
2	0	65	3.226	0.425	13.935	0.442	1.0	1.0
2	0	62	3.032	0.18	14.645	0.608	1.0	1.0
2	0	59	3.0	0.0	15.323	0.702	1.0	1.0
2	0	56	3.0	0.0	16.323	0.871	1.0	1.0
2	0	53	2.452	0.568	18.484	1.71	1.0	1.0
2	0	50	1.548	0.568	21.677	2.197	1.0	1.0
2	0	47	1.097	0.473	25.276	3.595	0.935	0.935
2	0	44	0.129	0.341	29.75	3.304	0.129	0.129
3	0	420	16.226	0.425	9.613	0.495	1.0	1.0
3	0	380	15.29	0.461	9.742	0.445	1.0	1.0
3	0	340	14.065	0.25	9.903	0.301	1.0	1.0
3	0	300	13.0	0.0	9.968	0.18	1.0	1.0
3	0	260	11.452	0.506	10.0	0.0	1.0	1.0
3	0	220	9.968	0.18	10.0	0.0	1.0	1.0
3	0	180	7.968	0.18	10.0	0.0	1.0	1.0
3	0	140	6.032	0.18	10.129	0.341	1.0	1.0
3	0	100	4.0	0.0	11.839	0.374	1.0	1.0
3	0	77	2.968	0.18	13.548	0.506	1.0	1.0
3	0	74	2.871	0.341	13.968	0.407	1.0	1.0
3	0	71	2.613	0.495	14.613	0.615	1.0	1.0
3	0	68	2.226	0.425	15.258	0.514	1.0	1.0
3	0	65	2.032	0.18	16.0	0.775	1.0	1.0
3	0	62	1.839	0.374	17.548	0.85	1.0	1.0
3	0	59	1.323	0.475	19.452	2.095	1.0	1.0
3	0	56	1.0	0.263	21.267	1.617	0.935	0.968
3	0	53	0.207	0.412	24.625	2.134	0.194	0.258
3	0	50	0.0	0.0	nan	nan	0.0	0.0
3	0	47	0.0	0.0	nan	nan	0.0	0.0
3	0	44	0.0	0.0	nan	nan	0.0	0.0
4	0	420	15.161	0.374	9.0	0.0	1.0	1.0
4	0	380	14.161	0.374	9.0	0.0	1.0	1.0
4	0	340	13.129	0.341	9.0	0.0	1.0	1.0
4	0	300	12.0	0.0	9.0	0.0	1.0	1.0
4	0	260	11.0	0.0	9.194	0.402	1.0	1.0
4	0	220	9.032	0.18	9.806	0.402	1.0	1.0
4	0	180	7.613	0.495	10.0	0.0	1.0	1.0
4	0	140	5.935	0.25	10.0	0.0	1.0	1.0
4	0	100	4.0	0.0	11.129	0.341	1.0	1.0
4	0	77	2.935	0.25	13.065	0.359	1.0	1.0
4	0	74	2.871	0.341	13.484	0.508	1.0	1.0
4	0	71	2.258	0.445	14.097	0.473	1.0	1.0
4	0	68	2.065	0.25	14.548	0.568	1.0	1.0
4	0	65	2.0	0.0	15.355	0.551	1.0	1.0
4	0	62	2.0	0.0	16.258	0.682	1.0	1.0
4	0	59	1.867	0.346	17.323	1.166	0.968	1.0
4	0	56	1.053	0.405	20.867	2.193	0.581	0.968
4	0	53	0.529	0.717	22.571	2.541	0.226	0.677
4	0	50	0.0	0.0	nan	nan	0.0	0.0
4	0	47	0.0	0.0	nan	nan	0.0	0.0
4	0	44	0.0	0.0	nan	nan	0.0	0.0
5	0	420	16.677	0.475	9.0	0.0	1.0	1.0
5	0	380	15.581	0.502	9.0	0.0	1.0	1.0
5	0	340	14.581	0.502	9.0	0.0	1.0	1.0
5	0	300	13.226	0.425	9.065	0.25	1.0	1.0
5	0	260	12.0	0.0	9.452	0.506	1.0	1.0
5	0	220	10.129	0.341	10.0	0.0	1.0	1.0
5	0	180	8.645	0.486	10.0	0.0	1.0	1.0
5	0	140	6.871	0.341	10.0	0.0	1.0	1.0
5	0	100	4.935	0.25	11.226	0.425	1.0	1.0
5	0	77	3.677	0.475	13.258	0.445	1.0	1.0
5	0	74	3.097	0.301	13.71	0.461	1.0	1.0
5	0	71	3.0	0.0	14.161	0.374	1.0	1.0
5	0	68	3.0	0.0	14.839	0.454	1.0	1.0
5	0	65	3.0	0.0	15.613	0.615	1.0	1.0
5	0	62	2.806	0.477	16.839	1.267	1.0	1.0
5	0	59	2.323	0.748	17.581	1.089	1.0	1.0
5	0	56	1.194	0.477	19.871	1.408	1.0	1.0
5	0	53	1.0	0.0	23.548	1.841	1.0	1.0
5	0	50	0.679	0.476	28.227	4.429	0.613	0.71
5	0	47	0.0	0.0	nan	nan	0.0	0.0
5	0	44	0.0	0.0	nan	nan	0.0	0.0
6	0	420	16.645	0.486	9.0	0.0	1.0	1.0
6	0	380	15.839	0.374	9.0	0.0	1.0	1.0
6	0	340	14.484	0.508	9.0	0.0	1.0	1.0
6	0	300	13.0	0.0	9.097	0.301	1.0	1.0
6	0	260	12.0	0.0	9.774	0.425	1.0	1.0
6	0	220	10.161	0.374	10.0	0.0	1.0	1.0
6	0	180	8.677	0.475	10.0	0.0	1.0	1.0
6	0	140	6.968	0.18	10.0	0.0	1.0	1.0
6	0	100	4.871	0.341	11.742	0.445	1.0	1.0
6	0	77	3.355	0.486	13.387	0.495	1.0	1.0
6	0	74	3.032	0.18	14.129	0.562	1.0	1.0
6	0	71	3.0	0.0	14.419	0.502	1.0	1.0
6	0	68	3.0	0.0	15.065	0.359	1.0	1.0
6	0	65	3.0	0.0	15.645	0.661	1.0	1.0
6	0	62	2.871	0.341	16.903	0.746	1.0	1.0
6	0	59	1.903	0.87	18.258	0.93	1.0	1.0
6	0	56	1.129	0.428	20.516	1.691	1.0	1.0
6	0	53	1.0	0.0	23.226	1.668	1.0	1.0
6	0	50	0.484	0.508	26.2	2.111	0.484	0.484
6	0	47	0.0	0.0	nan	nan	0.0	0.0
6	0	44	0.0	0.0	nan	nan	0.0	0.0
7	0	420	18.226	0.425	9.0	0.0	1.0	1.0
7	0	380	17.129	0.341	9.0	0.0	1.0	1.0
7	0	340	16.0	0.0	9.0	0.0	1.0	1.0
7	0	300	14.839	0.374	9.0	0.0	1.0	1.0
7	0	260	13.032	0.18	9.0	0.0	1.0	1.0
7	0	220	11.226	0.425	9.0	0.0	1.0	1.0
7	0	180	9.452	0.506	9.032	0.18	1.0	1.0
7	0	140	7.29	0.461	9.968	0.18	1.0	1.0
7	0	100	5.0	0.0	10.452	0.506	1.0	1.0
7	0	77	4.0	0.0	11.871	0.341	1.0	1.0
7	0	74	3.903	0.301	12.0	0.0	1.0	1.0
7	0	71	3.452	0.506	12.226	0.425	1.0	1.0
7	0	68	3.226	0.425	12.806	0.402	1.0	1.0
7	0	65	3.0	0.0	13.194	0.477	1.0	1.0
7	0	62	3.0	0.0	13.645	0.486	1.0	1.0
7	0	59	2.968	0.18	14.516	0.57	1.0	1.0
7	0	56	2.581	0.502	15.129	0.763	1.0	1.0
7	0	53	2.194	0.477	16.032	0.875	1.0	1.0
7	0	50	1.839	0.583	17.548	1.179	1.0	1.0
7	0	47	1.172	0.384	19.903	1.814	0.935	1.0
7	0	44	0.714	0.46	23.652	2.933	0.645	0.742
8	0	420	14.065	0.25	9.387	0.495	1.0	1.0
8	0	380	13.419	0.502	9.548	0.506	1.0	1.0
8	0	340	12.71	0.461	9.677	0.475	1.0	1.0
8	0	300	11.742	0.445	9.968	0.18	1.0	1.0
8	0	260	10.355	0.486	10.0	0.0	1.0	1.0
8	0	220	9.0	0.0	10.0	0.0	1.0	1.0
8	0	180	7.935	0.25	10.0	0.0	1.0	1.0
8	0	140	6.0	0.0	10.0	0.0	1.0	1.0
8	0	100	4.677	0.475	11.097	0.301	1.0	1.0
8	0	77	3.29	0.461	13.0	0.258	1.0	1.0
8	0	74	3.032	0.18	13.065	0.25	1.0	1.0
8	0	71	3.065	0.25	13.516	0.508	1.0	1.0
8	0	68	3.0	0.0	14.161	0.523	1.0	1.0
8	0	65	3.0	0.0	14.484	0.508	1.0	1.0
8	0	62	3.0	0.0	15.387	0.615	1.0	1.0
8	0	59	2.903	0.301	16.129	0.67	1.0	1.0
8	0	56	2.387	0.615	17.645	0.709	1.0	1.0
8	0	53	1.323	0.541	19.613	2.348	1.0	1.0
8	0	50	1.0	0.0	21.903	1.513	1.0	1.0
8	0	47	0.621	0.494	27.7	3.799	0.581	0.645
8	0	44	0.0	0.0	nan	nan	0.0	0.0
9	0	420	21.871	0.341	9.0	0.0	1.0	1.0
9	0	380	20.645	0.486	9.0	0.0	1.0	1.0
9	0	340	19.0	0.258	9.0	0.0	1.0	1.0
9	0	300	17.194	0.402	9.0	0.0	1.0	1.0
9	0	260	15.161	0.374	9.0	0.0	1.0	1.0
9	0	220	13.129	0.341	9.065	0.25	1.0	1.0
9	0	180	10.935	0.25	9.968	0.18	1.0	1.0
9	0	140	8.548	0.506	10.0	0.0	1.0	1.0
9	0	100	5.935	0.25	11.065	0.25	1.0	1.0
9	0	77	4.0	0.0	13.258	0.514	1.0	1.0
9	0	74	4.0	0.0	13.71	0.461	1.0	1.0
9	0	71	4.0	0.0	14.129	0.428	1.0	1.0
9	0	68	3.581	0.502	14.903	0.597	1.0	1.0
9	0	65	3.226	0.425	15.742	0.682	1.0	1.0
9	0	62	3.032	0.18	16.548	0.723	1.0	1.0
9	0	59	2.548	0.506	18.355	1.684	1.0	1.0
9	0	56	1.742	0.445	20.871	1.5	1.0	1.0
9	0	53	1.3	0.466	25.839	3.216	0.968	1.0
9	0	50	0.633	0.49	28.9	3.11	0.613	0.645
9	0	47	0.0	0.0	nan	nan	0.0	0.0
9	0	44	0.0	0.0	nan	nan	0.0	0.0
10	0	420	16.0	0.0	9.0	0.0	1.0	1.0
10	0	380	15.032	0.18	9.0	0.0	1.0	1.0
10	0	340	14.032	0.18	9.0	0.0	1.0	1.0
10	0	300	13.0	0.0	9.0	0.0	1.0	1.0
10	0	260	11.71	0.461	9.0	0.0	1.0	1.0
10	0	220	10.0	0.0	9.29	0.461	1.0	1.0
10	0	180	8.065	0.25	10.0	0.0	1.0	1.0
10	0	140	6.581	0.502	10.0	0.0	1.0	1.0
10	0	100	4.806	0.402	11.032	0.18	1.0	1.0
10	0	77	3.097	0.301	13.194	0.402	1.0	1.0
10	0	74	3.0	0.0	13.484	0.508	1.0	1.0
10	0	71	3.0	0.0	14.194	0.477	1.0	1.0
10	0	68	3.0	0.0	14.774	0.497	1.0	1.0
10	0	65	2.968	0.18	15.677	0.599	1.0	1.0
10	0	62	2.839	0.374	16.742	0.729	1.0	1.0
10	0	59	1.903	0.746	18.194	1.376	1.0	1.0
10	0	56	1.032	0.18	20.806	1.797	1.0	1.0
10	0	53	0.931	0.258	25.931	3.515	0.871	0.935
10	0	50	0.129	0.341	29.25	2.872	0.129	0.129
10	0	47	0.0	0.0	nan	nan	0.0	0.0
10	0	44	0.0	0.0	nan	nan	0.0	0.0
11	0	420	19.0	0.0	8.935	0.25	1.0	1.0
11	0	380	17.935	0.25	8.968	0.18	1.0	1.0
11	0	340	16.419	0.502	9.0	0.0	1.0	1.0
11	0	300	15.097	0.301	9.0	0.0	1.0	1.0
11	0	260	13.194	0.402	9.0	0.0	1.0	1.0
11	0	220	11.581	0.502	9.0	0.0	1.0	1.0
11	0	180	9.355	0.486	9.0	0.0	1.0	1.0
11	0	140	7.065	0.25	9.677	0.475	1.0	1.0
11	0	100	4.968	0.18	10.484	0.508	1.0	1.0
11	0	77	3.581	0.502	12.032	0.18	1.0	1.0
11	0	74	3.226	0.425	12.387	0.495	1.0	1.0
11	0	71	3.0	0.0	12.935	0.512	1.0	1.0
11	0	68	2.968	0.18	13.29	0.529	1.0	1.0
11	0	65	2.774	0.425	14.129	0.499	1.0	1.0
11	0	62	2.29	0.461	14.806	0.654	1.0	1.0
11	0	59	2.226	0.425	15.839	0.969	1.0	1.0
11	0	56	1.903	0.473	17.161	1.508	1.0	1.0
11	0	53	1.379	0.494	19.419	2.419	0.935	1.0
11	0	50	0.931	0.371	22.036	2.457	0.839	0.903
11	0	47	0.0	0.0	24.0	0.0	0.0	0.032
11	0	44	0.0	0.0	nan	nan	0.0	0.0
12	0	420	18.968	0.18	9.0	0.0	1.0	1.0
12	0	380	17.968	0.18	9.065	0.25	1.0	1.0
12	0	340	16.774	0.425	9.032	0.18	1.0	1.0
12	0	300	15.065	0.25	9.387	0.495	1.0	1.0
12	0	260	13.742	0.445	9.968	0.18	1.0	1.0
12	0	220	11.968	0.18	10.0	0.0	1.0	1.0
12	0	180	10.0	0.0	10.0	0.0	1.0	1.0
12	0	140	7.903	0.301	10.0	0.0	1.0	1.0
12	0	100	5.484	0.508	11.226	0.425	1.0	1.0
12	0	77	4.0	0.0	13.161	0.374	1.0	1.0
12	0	74	4.0	0.0	13.452	0.506	1.0	1.0
12	0	71	4.0	0.0	14.0	0.365	1.0	1.0
12	0	68	3.677	0.475	14.645	0.551	1.0	1.0
12	0	65	3.161	0.374	15.194	0.477	1.0	1.0
12	0	62	3.0	0.0	15.935	0.574	1.0	1.0
12	0	59	2.903	0.301	17.323	0.748	1.0	1.0
12	0	56	2.419	0.502	18.935	1.436	1.0	1.0
12	0	53	1.871	0.341	22.065	1.632	1.0	1.0
12	0	50	1.414	0.501	26.29	3.495	0.935	1.0
12	0	47	0.222	0.506	32.333	4.062	0.161	0.29
12	0	44	0.0	0.0	nan	nan	0.0	0.0
13	0	420	13.323	0.475	9.0	0.0	1.0	1.0
13	0	380	12.71	0.461	9.0	0.0	1.0	1.0
13	0	340	11.871	0.341	9.0	0.0	1.0	1.0
13	0	300	10.742	0.445	9.032	0.18	1.0	1.0
13	0	260	9.129	0.341	9.613	0.495	1.0	1.0
13	0	220	8.0	0.0	10.0	0.0	1.0	1.0
13	0	180	6.806	0.402	10.0	0.0	1.0	1.0
13	0	140	5.0	0.0	10.097	0.301	1.0	1.0
13	0	100	3.452	0.506	11.903	0.301	1.0	1.0
13	0	77	2.323	0.475	14.161	0.374	1.0	1.0
13	0	74	2.0	0.0	14.871	0.562	1.0	1.0
13	0	71	2.0	0.0	15.516	0.626	1.0	1.0
13	0	68	1.903	0.301	17.032	0.912	1.0	1.0
13	0	65	1.581	0.502	18.29	1.697	1.0	1.0
13	0	62	0.935	0.442	21.963	2.377	0.871	0.871
13	0	59	0.258	0.445	24.25	1.832	0.258	0.258
13	0	56	0.0	0.0	nan	nan	0.0	0.0
13	0	53	0.0	0.0	nan	nan	0.0	0.0
13	0	50	0.0	0.0	nan	nan	0.0	0.0
13	0	47	0.0	0.0	nan	nan	0.0	0.0
13	0	44	0.0	0.0	nan	nan	0.0	0.0
14	0	420	17.968	0.18	9.0	0.0	1.0	1.0
14	0	380	16.935	0.25	9.0	0.0	1.0	1.0
14	0	340	15.258	0.445	9.0	0.0	1.0	1.0
14	0	300	14.0	0.0	9.0	0.0	1.0	1.0
14	0	260	12.161	0.374	9.0	0.0	1.0	1.0
14	0	220	10.516	0.508	9.0	0.0	1.0	1.0
14	0	180	8.613	0.495	9.903	0.301	1.0	1.0
14	0	140	6.452	0.506	10.0	0.0	1.0	1.0
14	0	100	4.065	0.25	11.032	0.18	1.0	1.0
14	0	77	2.968	0.18	13.0	0.0	1.0	1.0
14	0	74	2.839	0.374	13.645	0.608	1.0	1.0
14	0	71	2.387	0.495	14.032	0.605	1.0	1.0
14	0	68	2.097	0.301	14.645	0.551	1.0	1.0
14	0	65	2.032	0.18	15.419	0.72	1.0	1.0
14	0	62	1.968	0.18	16.161	0.779	1.0	1.0
14	0	59	1.852	0.362	17.581	1.803	0.871	1.0
14	0	56	0.92	0.702	19.208	2.021	0.581	0.774
14	0	53	0.345	0.553	21.364	2.378	0.29	0.355
14	0	50	0.0	0.0	nan	nan	0.0	0.0
14	0	47	0.0	0.0	nan	nan	0.0	0.0
14	0	44	0.0	0.0	nan	nan	0.0	0.0
15	0	420	14.065	0.25	9.71	0.461	1.0	1.0
15	0	380	13.032	0.18	9.903	0.301	1.0	1.0
15	0	340	12.032	0.18	9.871	0.341	1.0	1.0
15	0	300	11.0	0.0	10.0	0.0	1.0	1.0
15	0	260	9.935	0.25	10.0	0.0	1.0	1.0
15	0	220	8.097	0.301	10.0	0.0	1.0	1.0
15	0	180	6.935	0.25	10.0	0.0	1.0	1.0
15	0	140	4.968	0.18	10.935	0.25	1.0	1.0
15	0	100	3.161	0.374	12.032	0.18	1.0	1.0
15	0	77	2.0	0.0	14.677	0.475	1.0	1.0
15	0	74	2.0	0.0	15.419	0.502	1.0	1.0
15	0	71	2.0	0.0	16.097	0.651	1.0	1.0
15	0	68	1.903	0.301	17.194	0.833	1.0	1.0
15	0	65	1.346	0.629	18.414	1.376	0.774	0.935
15	0	62	0.667	0.724	21.875	2.419	0.258	0.774
15	0	59	0.0	0.0	23.0	0.0	0.0	0.065
15	0	56	0.0	0.0	nan	nan	0.0	0.0
15	0	53	0.0	0.0	nan	nan	0.0	0.0
15	0	50	0.0	0.0	nan	nan	0.0	0.0
15	0	47	0.0	0.0	nan	nan	0.0	0.0
15	0	44	0.0	0.0	nan	nan	0.0	0.0
16	0	420	18.129	0.341	9.0	0.0	1.0	1.0
16	0	380	17.065	0.25	9.0	0.0	1.0	1.0
16	0	340	16.065	0.25	9.0	0.0	1.0	1.0
16	0	300	14.839	0.374	9.0	0.0	1.0	1.0
16	0	260	13.0	0.0	9.0	0.0	1.0	1.0
16	0	220	11.258	0.445	9.065	0.25	1.0	1.0
16	0	180	9.581	0.502	9.871	0.341	1.0	1.0
16	0	140	7.581	0.502	10.0	0.0	1.0	1.0
16	0	100	5.065	0.25	11.0	0.0	1.0	1.0
16	0	77	4.0	0.0	12.645	0.486	1.0	1.0
16	0	74	4.0	0.0	12.968	0.18	1.0	1.0
16	0	71	3.935	0.25	13.194	0.402	1.0	1.0
16	0	68	3.71	0.461	13.516	0.508	1.0	1.0
16	0	65	3.129	0.341	14.097	0.473	1.0	1.0
16	0	62	3.0	0.0	14.774	0.425	1.0	1.0
16	0	59	3.0	0.0	15.774	0.56	1.0	1.0
16	0	56	2.903	0.301	16.871	0.718	1.0	1.0
16	0	53	2.129	0.562	18.871	1.176	1.0	1.0
16	0	50	1.452	0.568	21.677	2.056	1.0	1.0
16	0	47	1.074	0.267	27.548	4.373	0.871	1.0
16	0	44	0.138	0.351	31.833	4.665	0.129	0.194
17	0	420	22.516	0.508	9.0	0.0	1.0	1.0
17	0	380	21.0	0.258	9.0	0.0	1.0	1.0
17	0	340	19.516	0.508	9.0	0.0	1.0	1.0
17	0	300	17.806	0.402	9.0	0.0	1.0	1.0
17	0	260	15.839	0.374	9.0	0.0	1.0	1.0
17	0	220	13.516	0.508	9.0	0.0	1.0	1.0
17	0	180	11.0	0.258	9.0	0.0	1.0	1.0
17	0	140	8.419	0.564	9.968	0.18	1.0	1.0
17	0	100	5.871	0.341	10.581	0.502	1.0	1.0
17	0	77	4.065	0.359	12.032	0.315	1.0	1.0
17	0	74	4.032	0.18	12.355	0.486	1.0	1.0
17	0	71	3.806	0.402	12.839	0.454	1.0	1.0
17	0	68	3.387	0.495	13.129	0.428	1.0	1.0
17	0	65	3.065	0.25	13.613	0.495	1.0	1.0
17	0	62	2.935	0.25	14.065	0.512	1.0	1.0
17	0	59	2.71	0.461	15.258	0.729	1.0	1.0
17	0	56	2.387	0.495	16.258	0.815	1.0	1.0
17	0	53	1.871	0.67	17.7	1.208	0.968	0.968
17	0	50	1.31	0.541	20.333	3.241	0.903	0.968
17	0	47	0.433	0.504	22.714	1.816	0.419	0.452
17	0	44	0.0	0.0	nan	nan	0.0	0.0
18	0	420	15.806	0.402	9.0	0.0	1.0	1.0
18	0	380	14.903	0.301	9.0	0.0	1.0	1.0
18	0	340	13.645	0.486	9.0	0.0	1.0	1.0
18	0	300	12.226	0.425	9.0	0.0	1.0	1.0
18	0	260	11.0	0.0	9.0	0.0	1.0	1.0
18	0	220	9.161	0.374	9.0	0.0	1.0	1.0
18	0	180	7.968	0.18	9.903	0.301	1.0	1.0
18	0	140	6.0	0.0	10.0	0.0	1.0	1.0
18	0	100	4.0	0.0	11.0	0.0	1.0	1.0
18	0	77	3.0	0.0	12.645	0.486	1.0	1.0
18	0	74	2.968	0.18	12.903	0.301	1.0	1.0
18	0	71	2.548	0.506	13.29	0.461	1.0	1.0
18	0	68	2.194	0.402	13.806	0.477	1.0	1.0
18	0	65	2.032	0.18	14.323	0.541	1.0	1.0
18	0	62	2.0	0.0	15.29	0.529	1.0	1.0
18	0	59	2.0	0.0	16.032	0.752	1.0	1.0
18	0	56	1.867	0.346	17.129	1.088	0.968	1.0
18	0	53	1.333	0.73	19.25	2.066	0.581	0.903
18	0	50	0.077	0.272	21.286	2.215	0.065	0.226
18	0	47	0.0	0.0	nan	nan	0.0	0.0
18	0	44	0.0	0.0	nan	nan	0.0	0.0
19	0	420	25.742	0.445	9.0	0.0	1.0	1.0
19	0	380	24.129	0.341	9.0	0.0	1.0	1.0
19	0	340	22.548	0.506	9.0	0.0	1.0	1.0
19	0	300	20.839	0.454	9.0	0.0	1.0	1.0
19	0	260	18.581	0.502	9.0	0.0	1.0	1.0
19	0	220	16.097	0.396	9.0	0.0	1.0	1.0
19	0	180	13.645	0.486	9.129	0.341	1.0	1.0
19	0	140	10.871	0.341	10.0	0.0	1.0	1.0
19	0	100	7.839	0.374	10.742	0.445	1.0	1.0
19	0	77	5.903	0.301	12.0	0.0	1.0	1.0
19	0	74	5.839	0.374	12.161	0.374	1.0	1.0
19	0	71	5.258	0.445	12.806	0.402	1.0	1.0
19	0	68	5.032	0.18	13.032	0.18	1.0	1.0
19	0	65	4.968	0.18	13.548	0.506	1.0	1.0
19	0	62	4.806	0.402	14.194	0.477	1.0	1.0
19	0	59	4.258	0.445	14.839	0.523	1.0	1.0
19	0	56	4.032	0.18	15.871	0.562	1.0	1.0
19	0	53	3.968	0.18	16.516	0.769	1.0	1.0
19	0	50	3.355	0.661	18.129	1.36	1.0	1.0
19	0	47	2.387	0.667	20.677	1.4	1.0	1.0
19	0	44	2.032	0.18	23.968	2.008	1.0	1.0
20	0	420	17.226	0.425	9.0	0.0	1.0	1.0
20	0	380	16.323	0.475	9.0	0.0	1.0	1.0
20	0	340	15.097	0.301	9.0	0.0	1.0	1.0
20	0	300	13.968	0.18	9.0	0.0	1.0	1.0
20	0	260	12.677	0.475	9.0	0.0	1.0	1.0
20	0	220	10.968	0.18	9.0	0.0	1.0	1.0
20	0	180	9.0	0.0	9.0	0.0	1.0	1.0
20	0	140	7.0	0.0	10.0	0.0	1.0	1.0
20	0	100	5.0	0.0	10.935	0.25	1.0	1.0
20	0	77	4.0	0.0	12.194	0.402	1.0	1.0
20	0	74	4.0	0.0	12.581	0.502	1.0	1.0
20	0	71	4.0	0.0	12.903	0.301	1.0	1.0
20	0	68	3.71	0.461	13.29	0.461	1.0	1.0
20	0	65	3.129	0.341	13.968	0.547	1.0	1.0
20	0	62	3.0	0.0	14.484	0.57	1.0	1.0
20	0	59	3.0	0.0	15.452	0.624	1.0	1.0
20	0	56	3.0	0.0	16.161	0.82	1.0	1.0
20	0	53	2.677	0.541	17.71	1.071	1.0	1.0
20	0	50	1.645	0.551	21.226	2.291	1.0	1.0
20	0	47	1.138	0.581	25.393	5.065	0.839	0.903
20	0	44	0.133	0.346	31.0	3.674	0.129	0.161
21	0	420	18.0	0.0	9.0	0.0	1.0	1.0
21	0	380	16.871	0.341	9.0	0.0	1.0	1.0
21	0	340	15.355	0.486	9.0	0.0	1.0	1.0
21	0	300	13.935	0.25	9.0	0.0	1.0	1.0
21	0	260	12.0	0.0	9.0	0.0	1.0	1.0
21	0	220	10.484	0.508	9.0	0.0	1.0	1.0
21	0	180	8.581	0.502	9.258	0.445	1.0	1.0
21	0	140	6.226	0.425	10.0	0.0	1.0	1.0
21	0	100	4.0	0.0	11.032	0.18	1.0	1.0
21	0	77	2.935	0.25	13.161	0.374	1.0	1.0
21	0	74	2.581	0.502	13.613	0.558	1.0	1.0
21	0	71	2.226	0.425	14.161	0.583	1.0	1.0
21	0	68	2.032	0.18	14.839	0.688	1.0	1.0
21	0	65	2.0	0.0	15.968	0.706	1.0	1.0
21	0	62	1.967	0.183	16.871	0.885	0.968	1.0
21	0	59	1.333	0.483	19.29	1.936	0.677	1.0
21	0	56	0.222	0.506	20.111	2.759	0.161	0.29
21	0	53	0.0	0.0	nan	nan	0.0	0.0
21	0	50	0.0	0.0	nan	nan	0.0	0.0
21	0	47	0.0	0.0	nan	nan	0.0	0.0
21	0	44	0.0	0.0	nan	nan	0.0	0.0
22	0	420	24.613	0.495	9.0	0.0	1.0	1.0
22	0	380	23.194	0.402	9.0	0.0	1.0	1.0
22	0	340	21.548	0.506	9.0	0.0	1.0	1.0
22	0	300	19.935	0.25	9.0	0.0	1.0	1.0
22	0	260	17.677	0.475	9.0	0.0	1.0	1.0
22	0	220	15.323	0.475	9.0	0.0	1.0	1.0
22	0	180	12.839	0.374	9.0	0.0	1.0	1.0
22	0	140	10.032	0.18	9.935	0.25	1.0	1.0
22	0	100	6.968	0.18	10.677	0.475	1.0	1.0
22	0	77	5.29	0.461	12.065	0.25	1.0	1.0
22	0	74	5.0	0.0	12.419	0.502	1.0	1.0
22	0	71	4.935	0.25	12.871	0.341	1.0	1.0
22	0	68	4.484	0.508	13.0	0.258	1.0	1.0
22	0	65	4.194	0.402	13.581	0.564	1.0	1.0
22	0	62	4.065	0.25	14.226	0.669	1.0	1.0
22	0	59	3.871	0.341	15.097	0.7	1.0	1.0
22	0	56	3.645	0.486	15.968	1.016	1.0	1.0
22	0	53	3.097	0.7	17.258	1.094	1.0	1.0
22	0	50	2.258	0.575	19.323	1.851	1.0	1.0
22	0	47	1.968	0.407	21.968	2.345	1.0	1.0
22	0	44	1.548	0.624	25.483	3.377	0.935	0.935
23	0	420	19.097	0.301	9.0	0.0	1.0	1.0
23	0	380	18.0	0.258	9.0	0.0	1.0	1.0
23	0	340	16.903	0.301	9.0	0.0	1.0	1.0
23	0	300	15.29	0.461	9.0	0.0	1.0	1.0
23	0	260	13.839	0.374	9.0	0.0	1.0	1.0
23	0	220	12.0	0.0	9.0	0.0	1.0	1.0
23	0	180	9.968	0.18	9.032	0.18	1.0	1.0
23	0	140	7.871	0.341	10.0	0.0	1.0	1.0
23	0	100	5.387	0.495	11.0	0.0	1.0	1.0
23	0	77	4.0	0.0	12.677	0.475	1.0	1.0
23	0	74	4.0	0.0	13.065	0.25	1.0	1.0
23	0	71	3.71	0.461	13.71	0.529	1.0	1.0
23	0	68	3.258	0.445	14.129	0.499	1.0	1.0
23	0	65	3.097	0.301	14.806	0.601	1.0	1.0
23	0	62	3.0	0.0	15.71	0.693	1.0	1.0
23	0	59	2.968	0.18	16.677	0.909	1.0	1.0
23	0	56	2.387	0.761	18.484	1.73	1.0	1.0
23	0	53	1.419	0.564	21.032	2.287	1.0	1.0
23	0	50	1.032	0.407	25.69	2.579	0.935	0.935
23	0	47	0.133	0.346	31.2	3.701	0.129	0.161
23	0	44	0.0	0.0	nan	nan	0.0	0.0
24	0	420	18.452	0.506	9.613	0.495	1.0	1.0
24	0	380	17.355	0.486	9.71	0.461	1.0	1.0
24	0	340	16.0	0.0	9.903	0.301	1.0	1.0
24	0	300	14.613	0.495	9.968	0.18	1.0	1.0
24	0	260	12.839	0.374	10.0	0.0	1.0	1.0
24	0	220	10.968	0.18	10.0	0.0	1.0	1.0
24	0	180	9.0	0.258	10.0	0.0	1.0	1.0
24	0	140	6.742	0.445	10.258	0.445	1.0	1.0
24	0	100	4.29	0.461	11.742	0.445	1.0	1.0
24	0	77	3.0	0.0	13.677	0.475	1.0	1.0
24	0	74	2.903	0.301	13.968	0.482	1.0	1.0
24	0	71	2.581	0.502	14.742	0.514	1.0	1.0
24	0	68	2.419	0.502	15.387	0.495	1.0	1.0
24	0	65	2.161	0.374	16.226	0.92	1.0	1.0
24	0	62	1.806	0.402	17.516	0.724	1.0	1.0
24	0	59	1.5	0.509	18.839	1.715	0.968	1.0
24	0	56	0.808	0.491	21.6	2.141	0.645	0.806
24	0	53	0.097	0.301	23.667	2.517	0.097	0.097
24	0	50	0.0	0.0	nan	nan	0.0	0.0
24	0	47	0.0	0.0	nan	nan	0.0	0.0
24	0	44	0.0	0.0	nan	nan	0.0	0.0
25	0	420	24.387	0.495	8.0	0.0	1.0	1.0
25	0	380	23.194	0.402	8.0	0.0	1.0	1.0
25	0	340	21.645	0.551	8.0	0.0	1.0	1.0
25	0	300	19.742	0.445	8.0	0.0	1.0	1.0
25	0	260	17.871	0.341	8.032	0.18	1.0	1.0
25	0	220	15.516	0.508	8.71	0.461	1.0	1.0
25	0	180	12.903	0.301	9.0	0.0	1.0	1.0
25	0	140	10.226	0.425	9.0	0.0	1.0	1.0
25	0	100	7.323	0.475	10.0	0.0	1.0	1.0
25	0	77	5.742	0.445	10.968	0.315	1.0	1.0
25	0	74	5.258	0.445	11.0	0.0	1.0	1.0
25	0	71	5.097	0.301	11.29	0.461	1.0	1.0
25	0	68	5.032	0.18	11.839	0.374	1.0	1.0
25	0	65	4.968	0.18	12.0	0.632	1.0	1.0
25	0	62	4.419	0.502	12.677	0.653	1.0	1.0
25	0	59	4.226	0.425	13.097	0.7	1.0	1.0
25	0	56	4.0	0.0	13.839	0.583	1.0	1.0
25	0	53	3.935	0.25	14.71	0.824	1.0	1.0
25	0	50	3.613	0.495	15.742	1.788	1.0	1.0
25	0	47	3.097	0.539	16.935	1.237	1.0	1.0
25	0	44	2.258	0.514	20.323	2.386	1.0	1.0
26	0	420	19.129	0.341	9.0	0.0	1.0	1.0
26	0	380	18.032	0.18	9.0	0.0	1.0	1.0
26	0	340	17.032	0.18	9.0	0.0	1.0	1.0
26	0	300	15.419	0.502	9.0	0.0	1.0	1.0
26	0	260	13.903	0.301	9.0	0.0	1.0	1.0
26	0	220	11.968	0.18	9.0	0.0	1.0	1.0
26	0	180	10.0	0.0	9.903	0.301	1.0	1.0
26	0	140	7.935	0.25	10.0	0.0	1.0	1.0
26	0	100	5.71	0.461	11.0	0.0	1.0	1.0
26	0	77	4.0	0.0	12.903	0.301	1.0	1.0
26	0	74	4.0	0.0	13.065	0.359	1.0	1.0
26	0	71	4.0	0.0	13.484	0.57	1.0	1.0
26	0	68	3.935	0.25	14.032	0.407	1.0	1.0
26	0	65	3.258	0.445	14.806	0.477	1.0	1.0
26	0	62	3.032	0.18	15.548	0.568	1.0	1.0
26	0	59	3.0	0.0	16.452	0.85	1.0	1.0
26	0	56	2.742	0.445	17.452	1.121	1.0	1.0
26	0	53	2.065	0.359	20.097	1.578	1.0	1.0
26	0	50	1.613	0.495	24.032	2.627	1.0	1.0
26	0	47	0.929	0.262	28.414	4.205	0.839	0.935
26	0	44	0.033	0.183	34.0	8.485	0.032	0.065
27	0	420	15.387	0.495	9.0	0.0	1.0	1.0
27	0	380	14.419	0.502	9.0	0.0	1.0	1.0
27	0	340	13.032	0.18	9.0	0.0	1.0	1.0
27	0	300	12.0	0.0	9.0	0.0	1.0	1.0
27	0	260	10.613	0.495	9.0	0.0	1.0	1.0
27	0	220	9.0	0.0	9.29	0.461	1.0	1.0
27	0	180	6.968	0.18	10.0	0.0	1.0	1.0
27	0	140	5.065	0.25	10.0	0.0	1.0	1.0
27	0	100	3.29	0.461	11.161	0.374	1.0	1.0
27	0	77	2.0	0.0	13.742	0.575	1.0	1.0
27	0	74	2.0	0.0	14.161	0.374	1.0	1.0
27	0	71	2.0	0.0	15.065	0.854	1.0	1.0
27	0	68	1.935	0.25	15.871	0.763	1.0	1.0
27	0	65	1.567	0.504	16.903	0.79	0.968	1.0
27	0	62	0.875	0.619	19.556	2.154	0.387	0.871
27	0	59	0.0	0.0	nan	nan	0.0	0.0
27	0	56	0.0	0.0	nan	nan	0.0	0.0
27	0	53	0.0	0.0	nan	nan	0.0	0.0
27	0	50	0.0	0.0	nan	nan	0.0	0.0
27	0	47	0.0	0.0	nan	nan	0.0	0.0
27	0	44	0.0	0.0	nan	nan	0.0	0.0
28	0	420	19.161	0.374	9.0	0.0	1.0	1.0
28	0	380	18.0	0.0	9.0	0.0	1.0	1.0
28	0	340	16.774	0.425	9.0	0.0	1.0	1.0
28	0	300	15.032	0.18	9.0	0.0	1.0	1.0
28	0	260	13.258	0.445	9.0	0.0	1.0	1.0
28	0	220	11.258	0.445	9.452	0.506	1.0	1.0
28	0	180	9.097	0.396	10.0	0.0	1.0	1.0
28	0	140	7.032	0.18	10.0	0.0	1.0	1.0
28	0	100	4.677	0.475	11.194	0.402	1.0	1.0
28	0	77	3.097	0.301	13.323	0.475	1.0	1.0
28	0	74	3.0	0.0	13.581	0.502	1.0	1.0
28	0	71	2.935	0.25	14.194	0.601	1.0	1.0
28	0	68	2.516	0.508	14.968	0.657	1.0	1.0
28	0	65	2.323	0.475	15.387	0.615	1.0	1.0
28	0	62	2.097	0.301	16.581	0.807	1.0	1.0
28	0	59	1.645	0.486	17.71	1.189	1.0	1.0
28	0	56	1.037	0.437	20.414	1.743	0.806	0.935
28	0	53	0.321	0.476	23.167	2.25	0.29	0.387
28	0	50	0.065	0.25	24.5	0.707	0.065	0.065
28	0	47	0.0	0.0	nan	nan	0.0	0.0
28	0	44	0.0	0.0	nan	nan	0.0	0.0
29	0	420	16.871	0.341	9.839	0.374	1.0	1.0
29	0	380	15.484	0.508	10.0	0.0	1.0	1.0
29	0	340	14.129	0.341	10.0	0.0	1.0	1.0
29	0	300	13.0	0.0	10.0	0.0	1.0	1.0
29	0	260	11.419	0.502	10.0	0.0	1.0	1.0
29	0	220	9.935	0.25	10.0	0.0	1.0	1.0
29	0	180	8.0	0.0	10.0	0.0	1.0	1.0
29	0	140	6.0	0.0	10.968	0.18	1.0	1.0
29	0	100	3.903	0.301	12.032	0.18	1.0	1.0
29	0	77	2.226	0.425	14.742	0.445	1.0	1.0
29	0	74	2.032	0.18	15.355	0.608	1.0	1.0
29	0	71	2.0	0.0	16.29	0.588	1.0	1.0
29	0	68	1.903	0.301	17.097	0.7	1.0	1.0
29	0	65	1.233	0.43	19.032	1.402	0.968	1.0
29	0	62	0.611	0.502	22.625	1.929	0.355	0.774
29	0	59	0.0	0.0	23.0	0.0	0.0	0.032
29	0	56	0.0	0.0	nan	nan	0.0	0.0
29	0	53	0.0	0.0	nan	nan	0.0	0.0
29	0	50	0.0	0.0	nan	nan	0.0	0.0
29	0	47	0.0	0.0	nan	nan	0.0	0.0
29	0	44	0.0	0.0	nan	nan	0.0	0.0
30	0	420	18.226	0.497	9.0	0.0	1.0	1.0
30	0	380	17.0	0.0	9.0	0.0	1.0	1.0
30	0	340	15.806	0.402	9.0	0.0	1.0	1.0
30	0	300	14.032	0.18	9.0	0.0	1.0	1.0
30	0	260	12.613	0.495	9.0	0.0	1.0	1.0
30	0	220	10.968	0.18	9.0	0.0	1.0	1.0
30	0	180	8.839	0.374	9.0	0.0	1.0	1.0
30	0	140	6.613	0.495	10.0	0.0	1.0	1.0
30	0	100	4.323	0.475	11.0	0.0	1.0	1.0
30	0	77	2.968	0.18	12.903	0.301	1.0	1.0
30	0	74	3.0	0.0	13.323	0.475	1.0	1.0
30	0	71	2.871	0.341	13.677	0.541	1.0	1.0
30	0	68	2.387	0.495	14.226	0.56	1.0	1.0
30	0	65	2.065	0.25	15.0	0.775	1.0	1.0
30	0	62	2.032	0.18	15.935	0.772	1.0	1.0
30	0	59	1.867	0.346	17.29	1.16	0.968	1.0
30	0	56	1.63	0.492	18.194	1.662	0.871	1.0
30	0	53	0.607	0.685	21.235	2.635	0.452	0.548
30	0	50	0.04	0.2	24.857	2.41	0.032	0.226
30	0	47	0.0	0.0	nan	nan	0.0	0.0
30	0	44	0.0	0.0	nan	nan	0.0	0.0
31	0	420	10.097	0.301	9.0	0.0	1.0	1.0
31	0	380	9.871	0.341	9.0	0.0	1.0	1.0
31	0	340	9.0	0.0	9.0	0.0	1.0	1.0
31	0	300	8.0	0.0	9.0	0.0	1.0	1.0
31	0	260	7.0	0.0	9.0	0.0	1.0	1.0
31	0	220	6.0	0.0	9.0	0.0	1.0	1.0
31	0	180	4.968	0.18	9.032	0.18	1.0	1.0
31	0	140	4.0	0.0	10.0	0.0	1.0	1.0
31	0	100	2.065	0.25	11.387	0.495	1.0	1.0
31	0	77	1.968	0.18	14.452	0.568	1.0	1.0
31	0	74	1.452	0.506	15.355	0.551	1.0	1.0
31	0	71	1.167	0.379	16.806	0.91	0.968	1.0
31	0	68	0.7	0.47	18.84	2.154	0.452	0.806
31	0	65	0.0	0.0	20.5	2.121	0.0	0.065
31	0	62	0.0	0.0	nan	nan	0.0	0.0
31	0	59	0.0	0.0	nan	nan	0.0	0.0
31	0	56	0.0	0.0	nan	nan	0.0	0.0
31	0	53	0.0	0.0	nan	nan	0.0	0.0
31	0	50	0.0	0.0	nan	nan	0.0	0.0
31	0	47	0.0	0.0	nan	nan	0.0	0.0
31	0	44	0.0	0.0	nan	nan	0.0	0.0
0	1	420	20.097	0.301	10.0	0.0	1.0	1.0
0	1	380	18.871	0.341	10.0	0.0	1.0	1.0
0	1	340	17.129	0.341	10.0	0.0	1.0	1.0
0	1	300	15.484	0.508	10.0	0.0	1.0	1.0
0	1	260	13.419	0.502	10.0	0.0	1.0	1.0
0	1	220	11.129	0.341	10.0	0.0	1.0	1.0
0	1	180	9.032	0.18	10.516	0.508	1.0	1.0
0	1	140	6.903	0.301	11.0	0.0	1.0	1.0
0	1	100	4.032	0.18	12.903	0.301	1.0	1.0
0	1	77	2.742	0.445	15.419	0.502	1.0	1.0
0	1	74	2.29	0.461	16.065	0.68	1.0	1.0
0	1	71	2.065	0.25	16.968	0.836	1.0	1.0
0	1	68	1.484	0.508	18.194	0.946	1.0	1.0
0	1	65	1.143	0.356	19.871	2.012	0.903	1.0
0	1	62	0.652	0.487	22.652	1.849	0.484	0.742
0	1	59	0.0	0.0	24.5	3.536	0.0	0.065
0	1	56	0.0	0.0	nan	nan	0.0	0.0
0	1	53	0.0	0.0	nan	nan	0.0	0.0
0	1	50	0.0	0.0	nan	nan	0.0	0.0
0	1	47	0.0	0.0	nan	nan	0.0	0.0
0	1	44	0.0	0.0	nan	nan	0.0	0.0
1	1	420	21.0	0.0	9.0	0.0	1.0	1.0
1	1	380	19.645	0.486	9.0	0.0	1.0	1.0
1	1	340	18.032	0.18	9.0	0.0	1.0	1.0
1	1	300	16.226	0.425	9.032	0.18	1.0	1.0
1	1	260	14.548	0.506	9.161	0.374	1.0	1.0
1	1	220	12.226	0.425	9.968	0.18	1.0	1.0
1	1	180	10.032	0.315	10.0	0.0	1.0	1.0
1	1	140	7.968	0.18	10.0	0.0	1.0	1.0
1	1	100	5.097	0.301	11.258	0.445	1.0	1.0
1	1	77	4.0	0.0	13.161	0.374	1.0	1.0
1	1	74	3.935	0.25	13.774	0.425	1.0	1.0
1	1	71	3.645	0.486	14.226	0.425	1.0	1.0
1	1	68	3.129	0.341	14.903	0.473	1.0	1.0
1	1	65	3.032	0.18	15.613	0.667	1.0	1.0
1	1	62	3.0	0.0	16.226	0.56	1.0	1.0
1	1	59	2.548	0.675	17.774	1.283	1.0	1.0
1	1	56	1.774	0.56	19.226	1.203	1.0	1.0
1	1	53	1.167	0.379	23.581	3.107	0.968	1.0
1	1	50	0.655	0.553	26.8	3.888	0.581	0.645
1	1	47	0.0	0.0	nan	nan	0.0	0.0
1	1	44	0.0	0.0	nan	nan	0.0	0.0
2	1	420	17.0	0.0	9.0	0.0	1.0	1.0
2	1	380	16.032	0.18	9.0	0.0	1.0	1.0
2	1	340	14.968	0.18	9.0	0.0	1.0	1.0
2	1	300	13.226	0.425	9.0	0.0	1.0	1.0
2	1	260	11.968	0.18	9.0	0.0	1.0	1.0
2	1	220	10.0	0.0	9.0	0.0	1.0	1.0
2	1	180	8.29	0.461	9.29	0.461	1.0	1.0
2	1	140	6.419	0.502	10.0	0.0	1.0	1.0
2	1	100	4.548	0.506	11.0	0.0	1.0	1.0
2	1	77	3.065	0.25	13.032	0.315	1.0	1.0
2	1	74	3.0	0.0	13.581	0.502	1.0	1.0
2	1	71	3.0	0.0	14.129	0.341	1.0	1.0
2	1	68	3.0	0.0	15.161	0.454	1.0	1.0
2	1	65	2.968	0.18	15.548	0.568	1.0	1.0
2	1	62	2.484	0.508	16.774	0.805	1.0	1.0
2	1	59	1.258	0.445	19.419	1.628	1.0	1.0
2	1	56	1.032	0.18	22.548	3.097	1.0	1.0
2	1	53	0.167	0.379	27.5	4.135	0.161	0.194
2	1	50	0.0	0.0	nan	nan	0.0	0.0
2	1	47	0.0	0.0	nan	nan	0.0	0.0
2	1	44	0.0	0.0	nan	nan	0.0	0.0
3	1	420	19.806	0.402	10.0	0.0	1.0	1.0
3	1	380	18.323	0.475	10.0	0.0	1.0	1.0
3	1	340	17.032	0.18	10.0	0.0	1.0	1.0
3	1	300	15.581	0.502	10.0	0.0	1.0	1.0
3	1	260	13.839	0.374	10.0	0.0	1.0	1.0
3	1	220	11.774	0.425	10.0	0.0	1.0	1.0
3	1	180	9.806	0.402	10.0	0.0	1.0	1.0
3	1	140	7.258	0.445	11.0	0.0	1.0	1.0
3	1	100	5.0	0.258	11.968	0.18	1.0	1.0
3	1	77	3.839	0.374	13.839	0.374	1.0	1.0
3	1	74	3.452	0.506	14.129	0.499	1.0	1.0
3	1	71	3.161	0.374	14.774	0.56	1.0	1.0
3	1	68	2.968	0.18	15.387	0.803	1.0	1.0
3	1	65	2.968	0.18	16.194	0.543	1.0	1.0
3	1	62	2.871	0.428	17.129	0.922	1.0	1.0
3	1	59	2.065	0.68	18.742	1.182	1.0	1.0
3	1	56	1.29	0.461	21.742	1.712	1.0	1.0
3	1	53	0.897	0.31	25.929	3.161	0.839	0.903
3	1	50	0.033	0.183	31.0	5.657	0.032	0.065
3	1	47	0.0	0.0	nan	nan	0.0	0.0
3	1	44	0.0	0.0	nan	nan	0.0	0.0
4	1	420	23.935	0.25	9.0	0.0	1.0	1.0
4	1	380	22.484	0.508	9.0	0.0	1.0	1.0
4	1	340	20.935	0.25	9.0	0.0	1.0	1.0
4	1	300	19.0	0.0	9.0	0.0	1.0	1.0
4	1	260	17.0	0.0	9.0	0.0	1.0	1.0
4	1	220	14.581	0.502	9.0	0.0	1.0	1.0
4	1	180	12.032	0.18	9.677	0.475	1.0	1.0
4	1	140	9.258	0.445	10.0	0.0	1.0	1.0
4	1	100	6.774	0.425	11.0	0.0	1.0	1.0
4	1	77	5.0	0.0	12.419	0.502	1.0	1.0
4	1	74	4.968	0.18	12.935	0.25	1.0	1.0
4	1	71	4.71	0.461	13.194	0.402	1.0	1.0
4	1	68	4.0	0.0	13.742	0.514	1.0	1.0
4	1	65	4.032	0.18	14.097	0.396	1.0	1.0
4	1	62	4.0	0.0	14.774	0.497	1.0	1.0
4	1	59	3.903	0.301	15.581	0.564	1.0	1.0
4	1	56	3.387	0.558	16.516	0.769	1.0	1.0
4	1	53	2.452	0.506	18.613	1.256	1.0	1.0
4	1	50	2.065	0.25	20.645	1.723	1.0	1.0
4	1	47	1.935	0.25	24.548	2.234	1.0	1.0
4	1	44	1.667	0.555	30.633	3.479	0.839	0.968
5	1	420	15.065	0.25	9.0	0.0	1.0	1.0
5	1	380	14.0	0.0	9.0	0.0	1.0	1.0
5	1	340	13.032	0.18	9.0	0.0	1.0	1.0
5	1	300	11.613	0.495	9.0	0.0	1.0	1.0
5	1	260	10.0	0.0	9.032	0.18	1.0	1.0
5	1	220	8.484	0.508	9.839	0.374	1.0	1.0
5	1	180	6.903	0.301	10.0	0.0	1.0	1.0
5	1	140	4.968	0.18	10.129	0.341	1.0	1.0
5	1	100	3.0	0.0	11.903	0.301	1.0	1.0
5	1	77	2.0	0.0	14.742	0.631	1.0	1.0
5	1	74	1.968	0.18	15.516	0.57	1.0	1.0
5	1	71	1.667	0.479	16.71	0.783	0.968	1.0
5	1	68	1.0	0.333	18.733	2.406	0.581	0.968
5	1	65	0.042	0.204	20.75	1.753	0.032	0.258
5	1	62	0.0	0.0	nan	nan	0.0	0.0
5	1	59	0.0	0.0	nan	nan	0.0	0.0
5	1	56	0.0	0.0	nan	nan	0.0	0.0
5	1	53	0.0	0.0	nan	nan	0.0	0.0
5	1	50	0.0	0.0	nan	nan	0.0	0.0
5	1	47	0.0	0.0	nan	nan	0.0	0.0
5	1	44	0.0	0.0	nan	nan	0.0	0.0
6	1	420	18.097	0.301	9.0	0.0	1.0	1.0
6	1	380	16.968	0.18	9.0	0.0	1.0	1.0
6	1	340	16.0	0.0	9.0	0.0	1.0	1.0
6	1	300	14.226	0.425	9.0	0.0	1.0	1.0
6	1	260	12.968	0.18	9.0	0.0	1.0	1.0
6	1	220	11.0	0.0	9.161	0.374	1.0	1.0
6	1	180	8.968	0.18	10.0	0.0	1.0	1.0
6	1	140	7.0	0.0	10.0	0.0	1.0	1.0
6	1	100	5.0	0.0	11.097	0.301	1.0	1.0
6	1	77	3.29	0.461	13.419	0.502	1.0	1.0
6	1	74	3.0	0.0	14.032	0.482	1.0	1.0
6	1	71	3.0	0.0	14.323	0.475	1.0	1.0
6	1	68	3.0	0.0	15.323	0.541	1.0	1.0
6	1	65	3.0	0.0	16.097	0.651	1.0	1.0
6	1	62	2.645	0.551	17.29	0.783	1.0	1.0
6	1	59	1.548	0.675	19.452	1.387	1.0	1.0
6	1	56	1.032	0.18	22.903	2.385	1.0	1.0
6	1	53	0.586	0.501	27.263	4.293	0.548	0.613
6	1	50	0.032	0.18	32.0	0.0	0.032	0.032
6	1	47	0.0	0.0	nan	nan	0.0	0.0
6	1	44	0.0	0.0	nan	nan	0.0	0.0
7	1	420	23.968	0.18	9.0	0.0	1.0	1.0
7	1	380	22.258	0.445	9.0	0.0	1.0	1.0
7	1	340	20.419	0.502	9.0	0.0	1.0	1.0
7	1	300	18.419	0.502	9.0	0.0	1.0	1.0
7	1	260	16.194	0.402	9.0	0.0	1.0	1.0
7	1	220	13.903	0.301	9.0	0.0	1.0	1.0
7	1	180	11.129	0.428	9.0	0.0	1.0	1.0
7	1	140	8.677	0.475	10.0	0.0	1.0	1.0
7	1	100	5.871	0.341	10.935	0.25	1.0	1.0
7	1	77	4.0	0.0	12.032	0.315	1.0	1.0
7	1	74	3.935	0.25	12.581	0.502	1.0	1.0
7	1	71	3.774	0.425	12.935	0.512	1.0	1.0
7	1	68	3.258	0.445	13.161	0.454	1.0	1.0
7	1	65	3.065	0.25	13.774	0.717	1.0	1.0
7	1	62	2.903	0.301	14.323	0.702	1.0	1.0
7	1	59	2.645	0.486	15.032	0.605	1.0	1.0
7	1	56	2.387	0.495	16.323	1.013	1.0	1.0
7	1	53	1.677	0.541	18.194	1.6	1.0	1.0
7	1	50	1.194	0.402	19.935	1.711	1.0	1.0
7	1	47	0.519	0.58	23.588	2.123	0.419	0.548
7	1	44	0.065	0.25	26.5	0.707	0.065	0.065
8	1	420	29.226	0.425	9.0	0.0	1.0	1.0
8	1	380	27.29	0.461	9.0	0.0	1.0	1.0
8	1	340	25.032	0.407	9.0	0.0	1.0	1.0
8	1	300	22.581	0.502	9.0	0.0	1.0	1.0
8	1	260	19.839	0.374	9.097	0.301	1.0	1.0
8	1	220	17.032	0.407	9.806	0.402	1.0	1.0
8	1	180	13.742	0.445	10.0	0.0	1.0	1.0
8	1	140	10.323	0.475	10.032	0.18	1.0	1.0
8	1	100	6.935	0.25	11.774	0.425	1.0	1.0
8	1	77	4.774	0.425	13.903	0.473	1.0	1.0
8	1	74	4.419	0.502	14.484	0.508	1.0	1.0
8	1	71	4.129	0.341	15.0	0.577	1.0	1.0
8	1	68	3.806	0.402	15.71	0.864	1.0	1.0
8	1	65	3.516	0.677	17.0	1.033	1.0	1.0
8	1	62	2.871	0.67	17.935	0.772	1.0	1.0
8	1	59	2.129	0.499	20.129	1.765	1.0	1.0
8	1	56	1.839	0.374	22.581	1.747	1.0	1.0
8	1	53	1.367	0.718	26.5	4.367	0.871	0.903
8	1	50	0.3	0.466	28.2	4.185	0.29	0.323
8	1	47	0.0	0.0	nan	nan	0.0	0.0
8	1	44	0.0	0.0	nan	nan	0.0	0.0
9	1	420	14.0	0.0	9.0	0.0	1.0	1.0
9	1	380	13.0	0.0	9.0	0.0	1.0	1.0
9	1	340	12.0	0.0	9.0	0.0	1.0	1.0
9	1	300	10.839	0.374	9.0	0.0	1.0	1.0
9	1	260	9.0	0.0	9.323	0.475	1.0	1.0
9	1	220	7.968	0.18	9.968	0.18	1.0	1.0
9	1	180	6.065	0.25	10.0	0.0	1.0	1.0
9	1	140	4.968	0.18	10.0	0.0	1.0	1.0
9	1	100	3.0	0.0	11.419	0.502	1.0	1.0
9	1	77	2.0	0.0	13.516	0.508	1.0	1.0
9	1	74	2.0	0.0	14.129	0.341	1.0	1.0
9	1	71	2.0	0.0	14.871	0.718	1.0	1.0
9	1	68	1.968	0.18	15.516	0.626	1.0	1.0
9	1	65	1.516	0.508	16.516	0.811	1.0	1.0
9	1	62	0.923	0.641	18.893	1.707	0.323	0.903
9	1	59	0.067	0.258	20.765	1.985	0.032	0.548
9	1	56	0.0	0.0	nan	nan	0.0	0.0
9	1	53	0.0	0.0	nan	nan	0.0	0.0
9	1	50	0.0	0.0	nan	nan	0.0	0.0
9	1	47	0.0	0.0	nan	nan	0.0	0.0
9	1	44	0.0	0.0	nan	nan	0.0	0.0
10	1	420	18.129	0.341	9.0	0.0	1.0	1.0
10	1	380	17.0	0.0	9.0	0.0	1.0	1.0
10	1	340	15.935	0.25	9.0	0.0	1.0	1.0
10	1	300	14.065	0.25	9.0	0.0	1.0	1.0
10	1	260	12.548	0.506	9.0	0.0	1.0	1.0
10	1	220	11.0	0.0	9.0	0.0	1.0	1.0
10	1	180	9.0	0.0	9.0	0.0	1.0	1.0
10	1	140	7.0	0.0	10.0	0.0	1.0	1.0
10	1	100	5.0	0.0	11.0	0.0	1.0	1.0
10	1	77	3.387	0.495	12.484	0.508	1.0	1.0
10	1	74	3.097	0.301	13.097	0.301	1.0	1.0
10	1	71	3.0	0.0	13.484	0.508	1.0	1.0
10	1	68	3.0	0.0	14.065	0.442	1.0	1.0
10	1	65	3.0	0.0	14.935	0.574	1.0	1.0
10	1	62	2.935	0.25	15.645	0.915	1.0	1.0
10	1	59	2.323	0.653	17.065	0.854	1.0	1.0
10	1	56	1.387	0.615	18.968	1.602	1.0	1.0
10	1	53	1.0	0.0	22.0	3.13	1.0	1.0
10	1	50	0.414	0.501	27.5	4.09	0.387	0.452
10	1	47	0.0	0.0	nan	nan	0.0	0.0
10	1	44	0.0	0.0	nan	nan	0.0	0.0
11	1	420	21.258	0.445	10.0	0.0	1.0	1.0
11	1	380	20.0	0.0	10.0	0.0	1.0	1.0
11	1	340	18.581	0.502	10.0	0.0	1.0	1.0
11	1	300	16.968	0.18	10.0	0.0	1.0	1.0
11	1	260	15.0	0.0	10.0	0.0	1.0	1.0
11	1	220	12.968	0.18	10.0	0.0	1.0	1.0
11	1	180	10.839	0.374	10.0	0.0	1.0	1.0
11	1	140	8.097	0.301	10.871	0.341	1.0	1.0
11	1	100	6.0	0.0	11.968	0.18	1.0	1.0
11	1	77	4.258	0.445	13.355	0.486	1.0	1.0
11	1	74	4.065	0.25	13.71	0.461	1.0	1.0
11	1	71	4.0	0.0	14.226	0.497	1.0	1.0
11	1	68	4.0	0.0	14.613	0.495	1.0	1.0
11	1	65	3.935	0.25	15.194	0.703	1.0	1.0
11	1	62	3.226	0.425	16.226	0.425	1.0	1.0
11	1	59	2.935	0.25	17.097	0.7	1.0	1.0
11	1	56	2.323	0.475	18.677	0.832	1.0	1.0
11	1	53	2.032	0.315	20.484	1.363	1.0	1.0
11	1	50	1.903	0.301	23.452	1.69	1.0	1.0
11	1	47	1.207	0.62	28.893	3.919	0.839	0.903
11	1	44	0.033	0.183	35.0	5.657	0.032	0.065
12	1	420	14.419	0.502	9.0	0.0	1.0	1.0
12	1	380	13.29	0.461	9.0	0.0	1.0	1.0
12	1	340	12.129	0.341	9.032	0.18	1.0	1.0
12	1	300	11.0	0.0	9.097	0.301	1.0	1.0
12	1	260	9.806	0.402	9.839	0.374	1.0	1.0
12	1	220	8.0	0.0	10.0	0.0	1.0	1.0
12	1	180	6.548	0.506	10.0	0.0	1.0	1.0
12	1	140	4.968	0.18	10.258	0.445	1.0	1.0
12	1	100	3.0	0.0	12.0	0.0	1.0	1.0
12	1	77	2.0	0.0	14.065	0.25	1.0	1.0
12	1	74	2.0	0.0	14.71	0.529	1.0	1.0
12	1	71	1.968	0.18	15.419	0.502	1.0	1.0
12	1	68	1.903	0.301	16.226	0.845	1.0	1.0
12	1	65	1.44	0.507	17.774	1.839	0.806	1.0
12	1	62	0.824	0.529	19.074	1.412	0.419	0.871
12	1	59	0.0	0.0	24.0	0.0	0.0	0.032
12	1	56	0.0	0.0	nan	nan	0.0	0.0
12	1	53	0.0	0.0	nan	nan	0.0	0.0
12	1	50	0.0	0.0	nan	nan	0.0	0.0
12	1	47	0.0	0.0	nan	nan	0.0	0.0
12	1	44	0.0	0.0	nan	nan	0.0	0.0
13	1	420	18.0	0.0	8.968	0.18	1.0	1.0
13	1	380	16.968	0.18	9.0	0.0	1.0	1.0
13	1	340	15.419	0.502	9.0	0.0	1.0	1.0
13	1	300	14.0	0.0	9.0	0.0	1.0	1.0
13	1	260	12.065	0.25	9.0	0.0	1.0	1.0
13	1	220	10.29	0.461	9.0	0.0	1.0	1.0
13	1	180	8.097	0.301	9.0	0.0	1.0	1.0
13	1	140	6.032	0.18	9.71	0.461	1.0	1.0
13	1	100	4.0	0.0	10.806	0.402	1.0	1.0
13	1	77	2.968	0.18	12.29	0.461	1.0	1.0
13	1	74	2.548	0.506	12.742	0.445	1.0	1.0
13	1	71	2.161	0.374	13.161	0.523	1.0	1.0
13	1	68	2.0	0.0	13.742	0.514	1.0	1.0
13	1	65	2.0	0.0	14.581	0.72	1.0	1.0
13	1	62	2.0	0.0	15.161	0.583	1.0	1.0
13	1	59	1.839	0.374	16.065	0.814	1.0	1.0
13	1	56	1.444	0.616	18.9	2.074	0.548	0.968
13	1	53	0.0	0.0	21.75	2.121	0.0	0.258
13	1	50	0.0	0.0	24.0	0.0	0.0	0.032
13	1	47	0.0	0.0	nan	nan	0.0	0.0
13	1	44	0.0	0.0	nan	nan	0.0	0.0
14	1	420	18.065	0.25	9.032	0.18	1.0	1.0
14	1	380	16.968	0.18	9.129	0.341	1.0	1.0
14	1	340	15.387	0.495	9.419	0.502	1.0	1.0
14	1	300	13.968	0.18	9.613	0.495	1.0	1.0
14	1	260	12.065	0.25	9.968	0.18	1.0	1.0
14	1	220	10.129	0.341	10.0	0.0	1.0	1.0
14	1	180	8.161	0.374	10.0	0.0	1.0	1.0
14	1	140	6.065	0.25	10.677	0.475	1.0	1.0
14	1	100	4.0	0.0	12.0	0.0	1.0	1.0
14	1	77	2.806	0.402	14.258	0.514	1.0	1.0
14	1	74	2.29	0.461	14.968	0.605	1.0	1.0
14	1	71	2.097	0.301	15.355	0.486	1.0	1.0
14	1	68	2.0	0.258	16.258	0.631	1.0	1.0
14	1	65	1.774	0.425	17.452	1.546	1.0	1.0
14	1	62	1.111	0.424	20.067	2.196	0.839	0.968
14	1	59	0.421	0.507	23.3	2.155	0.258	0.645
14	1	56	0.067	0.254	23.0	2.646	0.065	0.097
14	1	53	0.0	0.0	nan	nan	0.0	0.0
14	1	50	0.0	0.0	nan	nan	0.0	0.0
14	1	47	0.0	0.0	nan	nan	0.0	0.0
14	1	44	0.0	0.0	nan	nan	0.0	0.0
15	1	420	20.194	0.402	9.0	0.0	1.0	1.0
15	1	380	18.871	0.341	9.0	0.0	1.0	1.0
15	1	340	17.161	0.374	9.0	0.0	1.0	1.0
15	1	300	15.516	0.508	9.097	0.301	1.0	1.0
15	1	260	13.581	0.502	9.677	0.475	1.0	1.0
15	1	220	11.613	0.495	10.0	0.0	1.0	1.0
15	1	180	9.032	0.18	10.0	0.0	1.0	1.0
15	1	140	7.0	0.0	10.0	0.0	1.0	1.0
15	1	100	4.161	0.374	11.903	0.301	1.0	1.0
15	1	77	3.0	0.0	13.968	0.482	1.0	1.0
15	1	74	2.839	0.374	14.452	0.506	1.0	1.0
15	1	71	2.516	0.508	15.161	0.454	1.0	1.0
15	1	68	2.065	0.25	15.903	0.597	1.0	1.0
15	1	65	2.0	0.258	16.677	0.832	1.0	1.0
15	1	62	1.484	0.508	18.29	1.346	1.0	1.0
15	1	59	1.042	0.204	21.065	2.279	0.774	1.0
15	1	56	0.269	0.452	23.917	2.021	0.226	0.387
15	1	53	0.0	0.0	nan	nan	0.0	0.0
15	1	50	0.0	0.0	nan	nan	0.0	0.0
15	1	47	0.0	0.0	nan	nan	0.0	0.0
15	1	44	0.0	0.0	nan	nan	0.0	0.0
16	1	420	21.968	0.315	9.0	0.0	1.0	1.0
16	1	380	20.613	0.495	9.0	0.0	1.0	1.0
16	1	340	19.032	0.315	9.0	0.0	1.0	1.0
16	1	300	17.097	0.396	9.194	0.402	1.0	1.0
16	1	260	14.903	0.301	9.71	0.461	1.0	1.0
16	1	220	12.935	0.25	10.0	0.0	1.0	1.0
16	1	180	10.387	0.495	10.0	0.0	1.0	1.0
16	1	140	7.903	0.301	10.065	0.25	1.0	1.0
16	1	100	5.0	0.0	11.548	0.506	1.0	1.0
16	1	77	3.419	0.502	13.516	0.57	1.0	1.0
16	1	74	3.161	0.374	14.0	0.516	1.0	1.0
16	1	71	3.032	0.18	14.387	0.495	1.0	1.0
16	1	68	2.871	0.341	14.871	0.562	1.0	1.0
16	1	65	2.548	0.506	15.742	0.855	1.0	1.0
16	1	62	2.355	0.486	16.581	0.672	1.0	1.0
16	1	59	1.71	0.529	18.065	1.526	1.0	1.0
16	1	56	1.034	0.186	21.452	3.234	0.935	1.0
16	1	53	0.64	0.569	22.238	2.047	0.484	0.677
16	1	50	0.1	0.305	24.5	1.291	0.097	0.129
16	1	47	0.0	0.0	nan	nan	0.0	0.0
16	1	44	0.0	0.0	nan	nan	0.0	0.0
17	1	420	19.774	0.425	9.0	0.0	1.0	1.0
17	1	380	18.516	0.508	9.0	0.0	1.0	1.0
17	1	340	17.065	0.25	9.0	0.0	1.0	1.0
17	1	300	15.645	0.486	9.0	0.0	1.0	1.0
17	1	260	14.0	0.0	9.0	0.0	1.0	1.0
17	1	220	12.0	0.0	9.0	0.0	1.0	1.0
17	1	180	9.935	0.25	9.032	0.18	1.0	1.0
17	1	140	7.903	0.301	10.0	0.0	1.0	1.0
17	1	100	5.323	0.475	10.968	0.18	1.0	1.0
17	1	77	4.0	0.0	12.161	0.374	1.0	1.0
17	1	74	4.0	0.0	12.677	0.475	1.0	1.0
17	1	71	3.935	0.25	13.129	0.428	1.0	1.0
17	1	68	3.677	0.475	13.548	0.506	1.0	1.0
17	1	65	3.226	0.425	14.0	0.516	1.0	1.0
17	1	62	3.097	0.301	14.677	0.541	1.0	1.0
17	1	59	3.0	0.0	15.516	0.57	1.0	1.0
17	1	56	2.903	0.301	16.806	1.046	1.0	1.0
17	1	53	2.323	0.541	18.323	1.045	1.0	1.0
17	1	50	1.452	0.568	22.645	2.346	1.0	1.0
17	1	47	0.69	0.604	27.6	4.07	0.581	0.645
17	1	44	0.0	0.0	35.0	0.0	0.0	0.032
18	1	420	14.871	0.341	9.516	0.508	1.0	1.0
18	1	380	13.935	0.25	9.677	0.475	1.0	1.0
18	1	340	12.645	0.486	9.903	0.301	1.0	1.0
18	1	300	11.129	0.341	10.0	0.0	1.0	1.0
18	1	260	10.0	0.0	10.0	0.0	1.0	1.0
18	1	220	8.161	0.374	10.0	0.0	1.0	1.0
18	1	180	6.935	0.25	10.0	0.0	1.0	1.0
18	1	140	5.0	0.0	10.968	0.18	1.0	1.0
18	1	100	3.0	0.0	12.097	0.301	1.0	1.0
18	1	77	2.0	0.0	15.323	0.541	1.0	1.0
18	1	74	2.0	0.0	15.903	0.7	1.0	1.0
18	1	71	1.935	0.25	16.968	0.836	1.0	1.0
18	1	68	1.654	0.485	18.161	1.594	0.839	1.0
18	1	65	0.864	0.468	20.111	1.553	0.581	0.871
18	1	62	0.069	0.258	23.0	1.826	0.065	0.129
18	1	59	0.0	0.0	nan	nan	0.0	0.0
18	1	56	0.0	0.0	nan	nan	0.0	0.0
18	1	53	0.0	0.0	nan	nan	0.0	0.0
18	1	50	0.0	0.0	nan	nan	0.0	0.0
18	1	47	0.0	0.0	nan	nan	0.0	0.0
18	1	44	0.0	0.0	nan	nan	0.0	0.0
19	1	420	23.968	0.315	9.0	0.0	1.0	1.0
19	1	380	22.419	0.502	9.065	0.25	1.0	1.0
19	1	340	20.71	0.461	9.0	0.0	1.0	1.0
19	1	300	18.903	0.301	9.258	0.445	1.0	1.0
19	1	260	16.645	0.486	9.839	0.374	1.0	1.0
19	1	220	14.097	0.301	10.0	0.0	1.0	1.0
19	1	180	11.903	0.301	10.0	0.0	1.0	1.0
19	1	140	8.968	0.18	10.065	0.25	1.0	1.0
19	1	100	6.032	0.18	11.645	0.486	1.0	1.0
19	1	77	4.29	0.461	13.548	0.506	1.0	1.0
19	1	74	4.032	0.18	13.935	0.359	1.0	1.0
19	1	71	4.0	0.0	14.548	0.506	1.0	1.0
19	1	68	3.968	0.18	15.065	0.359	1.0	1.0
19	1	65	3.645	0.486	15.903	0.746	1.0	1.0
19	1	62	3.097	0.473	17.0	0.966	1.0	1.0
19	1	59	2.484	0.57	18.516	0.962	1.0	1.0
19	1	56	1.968	0.18	21.161	1.734	1.0	1.0
19	1	53	1.935	0.25	24.516	2.475	1.0	1.0
19	1	50	0.913	0.848	32.318	3.797	0.452	0.71
19	1	47	0.0	0.0	nan	nan	0.0	0.0
19	1	44	0.0	0.0	nan	nan	0.0	0.0
20	1	420	19.935	0.25	9.0	0.0	1.0	1.0
20	1	380	18.806	0.402	9.0	0.0	1.0	1.0
20	1	340	17.097	0.301	9.0	0.0	1.0	1.0
20	1	300	15.806	0.402	9.0	0.0	1.0	1.0
20	1	260	13.968	0.18	9.032	0.18	1.0	1.0
20	1	220	11.968	0.315	9.903	0.301	1.0	1.0
20	1	180	9.806	0.402	10.0	0.0	1.0	1.0
20	1	140	7.387	0.495	10.0	0.0	1.0	1.0
20	1	100	5.0	0.0	11.613	0.495	1.0	1.0
20	1	77	3.935	0.25	13.484	0.508	1.0	1.0
20	1	74	3.355	0.486	14.258	0.445	1.0	1.0
20	1	71	3.065	0.25	14.613	0.495	1.0	1.0
20	1	68	3.0	0.0	15.194	0.477	1.0	1.0
20	1	65	2.935	0.25	16.258	0.729	1.0	1.0
20	1	62	2.806	0.402	17.129	0.806	1.0	1.0
20	1	59	1.71	0.693	18.677	1.045	1.0	1.0
20	1	56	1.129	0.341	20.258	1.807	1.0	1.0
20	1	53	1.032	0.18	23.0	2.206	1.0	1.0
20	1	50	0.714	0.46	25.957	2.884	0.645	0.742
20	1	47	0.032	0.18	26.0	0.0	0.032	0.032
20	1	44	0.0	0.0	nan	nan	0.0	0.0
21	1	420	15.0	0.0	9.0	0.0	1.0	1.0
21	1	380	14.0	0.0	9.0	0.0	1.0	1.0
21	1	340	13.0	0.0	9.0	0.0	1.0	1.0
21	1	300	11.742	0.445	9.129	0.341	1.0	1.0
21	1	260	10.0	0.0	9.742	0.445	1.0	1.0
21	1	220	8.516	0.508	10.0	0.0	1.0	1.0
21	1	180	7.0	0.0	10.0	0.0	1.0	1.0
21	1	140	5.0	0.0	10.258	0.445	1.0	1.0
21	1	100	3.0	0.0	12.0	0.0	1.0	1.0
21	1	77	2.0	0.0	14.839	0.523	1.0	1.0
21	1	74	2.0	0.0	15.871	0.619	1.0	1.0
21	1	71	1.903	0.301	16.613	0.761	1.0	1.0
21	1	68	1.48	0.51	18.484	1.503	0.806	1.0
21	1	65	0.583	0.515	21.308	1.692	0.226	0.839
21	1	62	0.0	0.0	20.5	2.121	0.0	0.065
21	1	59	0.0	0.0	nan	nan	0.0	0.0
21	1	56	0.0	0.0	nan	nan	0.0	0.0
21	1	53	0.0	0.0	nan	nan	0.0	0.0
21	1	50	0.0	0.0	nan	nan	0.0	0.0
21	1	47	0.0	0.0	nan	nan	0.0	0.0
21	1	44	0.0	0.0	nan	nan	0.0	0.0
22	1	420	22.29	0.461	9.0	0.0	1.0	1.0
22	1	380	21.032	0.18	9.0	0.0	1.0	1.0
22	1	340	19.258	0.445	9.0	0.0	1.0	1.0
22	1	300	17.774	0.425	9.0	0.0	1.0	1.0
22	1	260	15.613	0.495	9.0	0.0	1.0	1.0
22	1	220	13.355	0.486	9.0	0.0	1.0	1.0
22	1	180	11.032	0.18	9.484	0.508	1.0	1.0
22	1	140	8.677	0.475	10.0	0.0	1.0	1.0
22	1	100	5.968	0.18	11.0	0.0	1.0	1.0
22	1	77	4.355	0.486	12.677	0.475	1.0	1.0
22	1	74	4.097	0.301	12.968	0.18	1.0	1.0
22	1	71	4.0	0.0	13.323	0.475	1.0	1.0
22	1	68	3.968	0.18	13.806	0.477	1.0	1.0
22	1	65	3.742	0.445	14.452	0.506	1.0	1.0
22	1	62	3.387	0.495	15.097	0.396	1.0	1.0
22	1	59	2.968	0.18	16.355	0.985	1.0	1.0
22	1	56	2.839	0.374	17.323	1.351	1.0	1.0
22	1	53	2.194	0.402	19.387	1.054	1.0	1.0
22	1	50	1.871	0.341	22.968	1.741	1.0	1.0
22	1	47	1.25	0.585	28.241	4.356	0.839	0.935
22	1	44	0.032	0.18	31.0	0.0	0.032	0.032
23	1	420	15.0	0.0	9.0	0.0	1.0	1.0
23	1	380	13.968	0.18	9.0	0.0	1.0	1.0
23	1	340	12.871	0.341	9.0	0.0	1.0	1.0
23	1	300	11.194	0.402	9.0	0.0	1.0	1.0
23	1	260	10.0	0.0	9.0	0.0	1.0	1.0
23	1	220	8.226	0.425	9.323	0.475	1.0	1.0
23	1	180	6.742	0.445	10.0	0.0	1.0	1.0
23	1	140	4.968	0.18	10.0	0.0	1.0	1.0
23	1	100	3.0	0.0	12.0	0.0	1.0	1.0
23	1	77	2.0	0.0	14.419	0.502	1.0	1.0
23	1	74	2.0	0.0	15.065	0.442	1.0	1.0
23	1	71	1.935	0.25	15.903	0.978	1.0	1.0
23	1	68	1.483	0.509	17.355	0.877	0.935	1.0
23	1	65	0.857	0.77	19.769	1.986	0.29	0.839
23	1	62	0.071	0.378	22.0	2.708	0.032	0.129
23	1	59	0.0	0.0	nan	nan	0.0	0.0
23	1	56	0.0	0.0	nan	nan	0.0	0.0
23	1	53	0.0	0.0	nan	nan	0.0	0.0
23	1	50	0.0	0.0	nan	nan	0.0	0.0
23	1	47	0.0	0.0	nan	nan	0.0	0.0
23	1	44	0.0	0.0	nan	nan	0.0	0.0
24	1	420	16.806	0.402	9.0	0.0	1.0	1.0
24	1	380	15.548	0.506	9.0	0.0	1.0	1.0
24	1	340	14.032	0.18	9.0	0.0	1.0	1.0
24	1	300	13.0	0.0	9.032	0.18	1.0	1.0
24	1	260	11.032	0.18	9.258	0.445	1.0	1.0
24	1	220	9.516	0.508	10.0	0.0	1.0	1.0
24	1	180	7.806	0.402	10.0	0.0	1.0	1.0
24	1	140	5.935	0.25	10.0	0.0	1.0	1.0
24	1	100	3.903	0.301	11.871	0.341	1.0	1.0
24	1	77	2.29	0.461	14.032	0.605	1.0	1.0
24	1	74	2.032	0.18	14.548	0.506	1.0	1.0
24	1	71	2.0	0.0	15.355	0.608	1.0	1.0
24	1	68	2.0	0.0	16.032	0.605	1.0	1.0
24	1	65	1.767	0.43	17.097	1.044	0.968	1.0
24	1	62	1.348	0.487	19.065	1.548	0.742	1.0
24	1	59	0.652	0.487	21.609	2.017	0.484	0.742
24	1	56	0.034	0.186	24.0	1.0	0.032	0.097
24	1	53	0.0	0.0	nan	nan	0.0	0.0
24	1	50	0.0	0.0	nan	nan	0.0	0.0
24	1	47	0.0	0.0	nan	nan	0.0	0.0
24	1	44	0.0	0.0	nan	nan	0.0	0.0
25	1	420	12.968	0.18	9.0	0.0	1.0	1.0
25	1	380	12.0	0.0	9.0	0.0	1.0	1.0
25	1	340	10.903	0.301	9.0	0.0	1.0	1.0
25	1	300	9.742	0.445	9.0	0.0	1.0	1.0
25	1	260	8.097	0.301	9.226	0.425	1.0	1.0
25	1	220	7.0	0.0	10.0	0.0	1.0	1.0
25	1	180	5.71	0.461	10.0	0.0	1.0	1.0
25	1	140	4.0	0.0	10.516	0.508	1.0	1.0
25	1	100	2.355	0.486	12.065	0.25	1.0	1.0
25	1	77	1.806	0.402	15.677	0.541	1.0	1.0
25	1	74	1.069	0.371	16.733	1.617	0.903	0.968
25	1	71	0.737	0.452	18.538	1.63	0.452	0.839
25	1	68	0.036	0.189	20.75	2.63	0.032	0.129
25	1	65	0.0	0.0	nan	nan	0.0	0.0
25	1	62	0.0	0.0	nan	nan	0.0	0.0
25	1	59	0.0	0.0	nan	nan	0.0	0.0
25	1	56	0.0	0.0	nan	nan	0.0	0.0
25	1	53	0.0	0.0	nan	nan	0.0	0.0
25	1	50	0.0	0.0	nan	nan	0.0	0.0
25	1	47	0.0	0.0	nan	nan	0.0	0.0
25	1	44	0.0	0.0	nan	nan	0.0	0.0
26	1	420	21.258	0.445	9.161	0.374	1.0	1.0
26	1	380	20.032	0.18	9.129	0.341	1.0	1.0
26	1	340	18.677	0.475	9.484	0.508	1.0	1.0
26	1	300	16.968	0.18	9.742	0.445	1.0	1.0
26	1	260	14.871	0.341	9.968	0.18	1.0	1.0
26	1	220	13.0	0.0	10.0	0.0	1.0	1.0
26	1	180	10.484	0.508	10.0	0.0	1.0	1.0
26	1	140	8.0	0.258	10.129	0.341	1.0	1.0
26	1	100	5.903	0.301	11.742	0.445	1.0	1.0
26	1	77	4.0	0.0	13.516	0.508	1.0	1.0
26	1	74	4.0	0.0	13.935	0.25	1.0	1.0
26	1	71	4.0	0.0	14.419	0.62	1.0	1.0
26	1	68	3.839	0.374	14.871	0.499	1.0	1.0
26	1	65	3.258	0.445	15.71	0.693	1.0	1.0
26	1	62	3.0	0.0	16.516	0.57	1.0	1.0
26	1	59	2.71	0.461	17.581	0.886	1.0	1.0
26	1	56	2.097	0.301	19.548	1.567	1.0	1.0
26	1	53	1.903	0.301	22.452	1.729	1.0	1.0
26	1	50	1.222	0.577	28.448	4.339	0.806	0.935
26	1	47	0.167	0.461	32.4	2.702	0.129	0.161
26	1	44	0.0	0.0	nan	nan	0.0	0.0
27	1	420	22.71	0.461	9.0	0.0	1.0	1.0
27	1	380	21.065	0.25	9.0	0.0	1.0	1.0
27	1	340	19.387	0.495	9.0	0.0	1.0	1.0
27	1	300	17.581	0.502	9.0	0.0	1.0	1.0
27	1	260	15.355	0.486	9.032	0.18	1.0	1.0
27	1	220	13.032	0.18	9.0	0.0	1.0	1.0
27	1	180	10.806	0.402	9.935	0.25	1.0	1.0
27	1	140	8.0	0.258	10.0	0.0	1.0	1.0
27	1	100	5.484	0.508	11.0	0.0	1.0	1.0
27	1	77	4.0	0.0	12.226	0.425	1.0	1.0
27	1	74	3.839	0.374	12.677	0.475	1.0	1.0
27	1	71	3.452	0.506	13.032	0.407	1.0	1.0
27	1	68	3.194	0.402	13.323	0.475	1.0	1.0
27	1	65	3.065	0.25	13.645	0.551	1.0	1.0
27	1	62	3.0	0.258	14.29	0.529	1.0	1.0
27	1	59	2.71	0.461	15.129	0.619	1.0	1.0
27	1	56	2.355	0.486	15.903	0.597	1.0	1.0
27	1	53	1.968	0.482	17.29	0.783	1.0	1.0
27	1	50	1.167	0.461	19.333	1.768	0.935	0.968
27	1	47	0.565	0.507	23.095	2.663	0.419	0.677
27	1	44	0.032	0.18	25.0	0.0	0.032	0.032
28	1	420	21.355	0.486	9.0	0.0	1.0	1.0
28	1	380	19.968	0.315	9.0	0.0	1.0	1.0
28	1	340	18.065	0.25	9.0	0.0	1.0	1.0
28	1	300	16.323	0.475	9.0	0.0	1.0	1.0
28	1	260	14.097	0.301	9.0	0.0	1.0	1.0
28	1	220	11.935	0.25	9.0	0.0	1.0	1.0
28	1	180	9.548	0.506	9.0	0.0	1.0	1.0
28	1	140	6.968	0.18	10.0	0.0	1.0	1.0
28	1	100	4.161	0.374	11.0	0.0	1.0	1.0
28	1	77	2.935	0.25	12.839	0.454	1.0	1.0
28	1	74	2.581	0.502	13.129	0.341	1.0	1.0
28	1	71	2.065	0.25	13.806	0.402	1.0	1.0
28	1	68	2.0	0.0	14.258	0.575	1.0	1.0
28	1	65	2.0	0.0	15.258	0.575	1.0	1.0
28	1	62	1.968	0.18	16.581	0.886	1.0	1.0
28	1	59	1.476	0.602	18.9	2.708	0.645	0.968
28	1	56	0.0	0.0	22.5	2.429	0.0	0.194
28	1	53	0.0	0.0	nan	nan	0.0	0.0
28	1	50	0.0	0.0	nan	nan	0.0	0.0
28	1	47	0.0	0.0	nan	nan	0.0	0.0
28	1	44	0.0	0.0	nan	nan	0.0	0.0
29	1	420	17.677	0.475	9.0	0.0	1.0	1.0
29	1	380	16.548	0.506	9.0	0.0	1.0	1.0
29	1	340	15.258	0.445	9.0	0.0	1.0	1.0
29	1	300	14.0	0.0	9.0	0.0	1.0	1.0
29	1	260	12.419	0.502	9.0	0.0	1.0	1.0
29	1	220	10.839	0.374	9.0	0.0	1.0	1.0
29	1	180	8.968	0.18	9.0	0.0	1.0	1.0
29	1	140	7.0	0.0	10.0	0.0	1.0	1.0
29	1	100	5.0	0.0	11.0	0.0	1.0	1.0
29	1	77	3.677	0.475	12.323	0.475	1.0	1.0
29	1	74	3.29	0.461	12.839	0.374	1.0	1.0
29	1	71	3.0	0.0	13.032	0.18	1.0	1.0
29	1	68	3.0	0.0	13.774	0.425	1.0	1.0
29	1	65	3.0	0.0	14.226	0.497	1.0	1.0
29	1	62	3.0	0.0	14.903	0.539	1.0	1.0
29	1	59	2.742	0.445	16.355	0.877	1.0	1.0
29	1	56	1.935	0.727	17.871	1.284	1.0	1.0
29	1	53	1.2	0.407	20.677	4.206	0.968	1.0
29	1	50	0.733	0.45	24.739	3.32	0.71	0.742
29	1	47	0.032	0.18	32.0	0.0	0.032	0.032
29	1	44	0.0	0.0	nan	nan	0.0	0.0
30	1	420	17.194	0.402	10.0	0.0	1.0	1.0
30	1	380	16.065	0.25	10.0	0.0	1.0	1.0
30	1	340	14.968	0.18	10.0	0.0	1.0	1.0
30	1	300	13.29	0.461	10.0	0.0	1.0	1.0
30	1	260	11.935	0.25	10.0	0.0	1.0	1.0
30	1	220	10.0	0.0	10.0	0.0	1.0	1.0
30	1	180	8.032	0.18	10.0	0.0	1.0	1.0
30	1	140	6.0	0.0	11.0	0.0	1.0	1.0
30	1	100	4.0	0.0	12.032	0.18	1.0	1.0
30	1	77	2.968	0.18	14.355	0.551	1.0	1.0
30	1	74	2.742	0.445	15.129	0.619	1.0	1.0
30	1	71	2.226	0.425	15.871	0.562	1.0	1.0
30	1	68	2.0	0.0	16.516	0.724	1.0	1.0
30	1	65	1.806	0.402	17.581	0.848	1.0	1.0
30	1	62	1.097	0.301	19.903	1.557	1.0	1.0
30	1	59	0.88	0.332	23.143	2.256	0.71	0.903
30	1	56	0.071	0.262	24.8	1.095	0.065	0.161
30	1	53	0.0	0.0	nan	nan	0.0	0.0
30	1	50	0.0	0.0	nan	nan	0.0	0.0
30	1	47	0.0	0.0	nan	nan	0.0	0.0
30	1	44	0.0	0.0	nan	nan	0.0	0.0
31	1	420	14.935	0.25	9.0	0.0	1.0	1.0
31	1	380	13.935	0.25	9.0	0.0	1.0	1.0
31	1	340	12.968	0.18	9.0	0.0	1.0	1.0
31	1	300	11.581	0.502	9.0	0.0	1.0	1.0
31	1	260	10.0	0.0	9.0	0.0	1.0	1.0
31	1	220	8.935	0.25	9.0	0.0	1.0	1.0
31	1	180	7.065	0.25	9.677	0.475	1.0	1.0
31	1	140	5.806	0.402	10.0	0.0	1.0	1.0
31	1	100	4.0	0.0	11.0	0.0	1.0	1.0
31	1	77	3.0	0.0	12.968	0.315	1.0	1.0
31	1	74	3.0	0.0	13.129	0.428	1.0	1.0
31	1	71	2.806	0.402	14.0	0.447	1.0	1.0
31	1	68	2.419	0.502	14.387	0.615	1.0	1.0
31	1	65	2.032	0.315	15.355	0.915	1.0	1.0
31	1	62	2.0	0.0	16.323	0.791	1.0	1.0
31	1	59	1.742	0.445	17.613	0.989	1.0	1.0
31	1	56	1.355	0.486	19.065	1.504	1.0	1.0
31	1	53	0.967	0.183	23.367	1.974	0.935	0.968
31	1	50	0.1	0.305	25.0	2.16	0.097	0.129
31	1	47	0.0	0.0	nan	nan	0.0	0.0
31	1	44	0.0	0.0	nan	nan	0.0	0.0
0	2	420	19.355	0.486	8.0	0.0	1.0	1.0
0	2	380	18.129	0.341	8.0	0.0	1.0	1.0
0	2	340	17.0	0.258	8.0	0.0	1.0	1.0
0	2	300	15.484	0.508	8.0	0.0	1.0	1.0
0	2	260	13.935	0.25	8.032	0.18	1.0	1.0
0	2	220	12.0	0.0	8.806	0.402	1.0	1.0
0	2	180	9.968	0.18	9.0	0.0	1.0	1.0
0	2	140	7.806	0.402	9.0	0.0	1.0	1.0
0	2	100	5.065	0.25	10.161	0.374	1.0	1.0
0	2	77	4.0	0.0	12.323	0.475	1.0	1.0
0	2	74	3.839	0.374	12.968	0.407	1.0	1.0
0	2	71	3.258	0.445	13.452	0.506	1.0	1.0
0	2	68	3.0	0.0	14.258	0.445	1.0	1.0
0	2	65	3.0	0.0	15.258	0.631	1.0	1.0
0	2	62	2.968	0.18	15.968	0.836	1.0	1.0
0	2	59	2.645	0.661	17.677	1.166	1.0	1.0
0	2	56	1.419	0.62	20.323	1.851	1.0	1.0
0	2	53	1.0	0.365	24.069	3.674	0.935	0.935
0	2	50	0.172	0.384	31.286	3.2	0.161	0.226
0	2	47	0.0	0.0	nan	nan	0.0	0.0
0	2	44	0.0	0.0	nan	nan	0.0	0.0
1	2	420	12.355	0.486	9.0	0.0	1.0	1.0
1	2	380	11.903	0.301	9.0	0.0	1.0	1.0
1	2	340	11.0	0.0	9.0	0.0	1.0	1.0
1	2	300	9.935	0.25	9.0	0.0	1.0	1.0
1	2	260	8.419	0.502	9.0	0.0	1.0	1.0
1	2	220	7.032	0.18	9.0	0.0	1.0	1.0
1	2	180	6.0	0.0	9.032	0.18	1.0	1.0
1	2	140	4.258	0.445	10.0	0.0	1.0	1.0
1	2	100	3.0	0.0	11.032	0.18	1.0	1.0
1	2	77	2.0	0.0	13.258	0.514	1.0	1.0
1	2	74	2.0	0.0	13.871	0.499	1.0	1.0
1	2	71	2.0	0.0	14.806	0.654	1.0	1.0
1	2	68	1.903	0.301	15.581	0.672	1.0	1.0
1	2	65	1.467	0.507	16.742	0.855	0.968	1.0
1	2	62	0.867	0.64	19.333	2.32	0.355	0.871
1	2	59	0.038	0.196	20.667	2.251	0.032	0.194
1	2	56	0.0	0.0	nan	nan	0.0	0.0
1	2	53	0.0	0.0	nan	nan	0.0	0.0
1	2	50	0.0	0.0	nan	nan	0.0	0.0
1	2	47	0.0	0.0	nan	nan	0.0	0.0
1	2	44	0.0	0.0	nan	nan	0.0	0.0
2	2	420	14.871	0.341	9.0	0.0	1.0	1.0
2	2	380	13.935	0.25	9.0	0.0	1.0	1.0
2	2	340	12.839	0.374	9.0	0.0	1.0	1.0
2	2	300	11.194	0.402	9.0	0.0	1.0	1.0
2	2	260	10.0	0.0	9.0	0.0	1.0	1.0
2	2	220	8.548	0.506	9.0	0.0	1.0	1.0
2	2	180	6.968	0.18	9.0	0.0	1.0	1.0
2	2	140	5.0	0.258	10.0	0.0	1.0	1.0
2	2	100	3.161	0.374	11.0	0.0	1.0	1.0
2	2	77	2.065	0.25	13.323	0.475	1.0	1.0
2	2	74	2.0	0.0	13.935	0.442	1.0	1.0
2	2	71	2.0	0.0	14.742	0.514	1.0	1.0
2	2	68	2.0	0.0	15.419	0.62	1.0	1.0
2	2	65	1.968	0.18	16.258	0.815	1.0	1.0
2	2	62	1.478	0.511	18.677	2.072	0.742	1.0
2	2	59	0.174	0.388	20.167	2.167	0.129	0.387
2	2	56	0.0	0.0	nan	nan	0.0	0.0
2	2	53	0.0	0.0	nan	nan	0.0	0.0
2	2	50	0.0	0.0	nan	nan	0.0	0.0
2	2	47	0.0	0.0	nan	nan	0.0	0.0
2	2	44	0.0	0.0	nan	nan	0.0	0.0
3	2	420	15.032	0.18	9.0	0.0	1.0	1.0
3	2	380	14.032	0.18	9.0	0.0	1.0	1.0
3	2	340	13.097	0.301	9.0	0.0	1.0	1.0
3	2	300	12.0	0.0	9.0	0.0	1.0	1.0
3	2	260	10.871	0.341	9.0	0.0	1.0	1.0
3	2	220	9.032	0.18	9.0	0.0	1.0	1.0
3	2	180	7.774	0.425	9.0	0.0	1.0	1.0
3	2	140	5.968	0.18	10.0	0.0	1.0	1.0
3	2	100	4.0	0.0	11.0	0.0	1.0	1.0
3	2	77	3.0	0.0	12.806	0.402	1.0	1.0
3	2	74	2.935	0.25	13.0	0.258	1.0	1.0
3	2	71	2.613	0.495	13.645	0.486	1.0	1.0
3	2	68	2.161	0.374	14.097	0.539	1.0	1.0
3	2	65	2.032	0.18	15.065	0.629	1.0	1.0
3	2	62	1.968	0.18	15.935	0.892	1.0	1.0
3	2	59	1.839	0.374	17.355	1.836	1.0	1.0
3	2	56	1.379	0.494	19.968	2.562	0.935	1.0
3	2	53	0.769	0.514	22.958	2.053	0.613	0.774
3	2	50	0.0	0.0	nan	nan	0.0	0.0
3	2	47	0.0	0.0	nan	nan	0.0	0.0
3	2	44	0.0	0.0	nan	nan	0.0	0.0
4	2	420	17.0	0.0	8.968	0.18	1.0	1.0
4	2	380	16.0	0.0	8.968	0.18	1.0	1.0
4	2	340	15.0	0.0	9.0	0.0	1.0	1.0
4	2	300	13.548	0.506	9.0	0.0	1.0	1.0
4	2	260	12.097	0.301	9.0	0.0	1.0	1.0
4	2	220	10.516	0.508	9.0	0.0	1.0	1.0
4	2	180	8.903	0.301	9.0	0.0	1.0	1.0
4	2	140	7.0	0.0	9.613	0.495	1.0	1.0
4	2	100	5.0	0.0	10.516	0.508	1.0	1.0
4	2	77	3.935	0.25	12.129	0.341	1.0	1.0
4	2	74	3.548	0.506	12.548	0.568	1.0	1.0
4	2	71	3.065	0.25	13.032	0.315	1.0	1.0
4	2	68	3.0	0.0	13.548	0.624	1.0	1.0
4	2	65	3.0	0.0	14.161	0.583	1.0	1.0
4	2	62	3.0	0.0	14.935	0.629	1.0	1.0
4	2	59	2.968	0.18	15.871	0.67	1.0	1.0
4	2	56	2.548	0.624	17.258	0.93	1.0	1.0
4	2	53	1.516	0.677	20.032	2.834	1.0	1.0
4	2	50	1.0	0.258	23.8	2.295	0.968	0.968
4	2	47	0.556	0.506	28.105	4.943	0.484	0.613
4	2	44	0.0	0.0	nan	nan	0.0	0.0
5	2	420	15.903	0.301	9.0	0.0	1.0	1.0
5	2	380	15.0	0.0	9.0	0.0	1.0	1.0
5	2	340	13.968	0.18	9.0	0.0	1.0	1.0
5	2	300	12.71	0.461	9.0	0.0	1.0	1.0
5	2	260	11.032	0.18	9.0	0.0	1.0	1.0
5	2	220	9.677	0.475	9.0	0.0	1.0	1.0
5	2	180	8.0	0.0	9.226	0.425	1.0	1.0
5	2	140	6.0	0.0	10.0	0.0	1.0	1.0
5	2	100	4.0	0.0	11.032	0.18	1.0	1.0
5	2	77	3.0	0.0	13.645	0.486	1.0	1.0
5	2	74	3.0	0.0	14.097	0.473	1.0	1.0
5	2	71	3.0	0.0	15.0	0.632	1.0	1.0
5	2	68	2.806	0.402	15.71	0.643	1.0	1.0
5	2	65	2.065	0.442	16.774	0.884	1.0	1.0
5	2	62	1.258	0.445	19.194	1.276	1.0	1.0
5	2	59	1.0	0.0	23.516	3.855	0.968	1.0
5	2	56	0.483	0.509	28.062	3.732	0.452	0.516
5	2	53	0.0	0.0	nan	nan	0.0	0.0
5	2	50	0.0	0.0	nan	nan	0.0	0.0
5	2	47	0.0	0.0	nan	nan	0.0	0.0
5	2	44	0.0	0.0	nan	nan	0.0	0.0
6	2	420	15.742	0.445	9.0	0.0	1.0	1.0
6	2	380	14.774	0.425	8.968	0.18	1.0	1.0
6	2	340	13.71	0.461	9.0	0.0	1.0	1.0
6	2	300	12.548	0.506	9.0	0.0	1.0	1.0
6	2	260	11.065	0.25	9.0	0.0	1.0	1.0
6	2	220	9.774	0.425	9.0	0.0	1.0	1.0
6	2	180	8.0	0.0	9.0	0.0	1.0	1.0
6	2	140	6.194	0.402	9.581	0.502	1.0	1.0
6	2	100	4.484	0.508	10.677	0.475	1.0	1.0
6	2	77	3.194	0.402	12.645	0.486	1.0	1.0
6	2	74	3.032	0.18	12.935	0.359	1.0	1.0
6	2	71	3.0	0.0	13.355	0.486	1.0	1.0
6	2	68	3.0	0.0	13.903	0.396	1.0	1.0
6	2	65	3.0	0.0	14.613	0.615	1.0	1.0
6	2	62	2.774	0.425	15.839	1.068	1.0	1.0
6	2	59	2.226	0.56	17.032	0.795	1.0	1.0
6	2	56	1.452	0.624	19.065	1.692	1.0	1.0
6	2	53	1.065	0.25	22.29	2.239	1.0	1.0
6	2	50	0.75	0.441	27.792	4.043	0.677	0.774
6	2	47	0.032	0.18	25.0	0.0	0.032	0.032
6	2	44	0.0	0.0	nan	nan	0.0	0.0
7	2	420	16.0	0.0	9.0	0.0	1.0	1.0
7	2	380	15.032	0.18	9.0	0.0	1.0	1.0
7	2	340	13.968	0.18	9.0	0.0	1.0	1.0
7	2	300	12.71	0.461	9.0	0.0	1.0	1.0
7	2	260	11.032	0.18	9.0	0.0	1.0	1.0
7	2	220	9.516	0.508	9.0	0.0	1.0	1.0
7	2	180	7.968	0.18	9.0	0.0	1.0	1.0
7	2	140	6.0	0.0	10.0	0.0	1.0	1.0
7	2	100	3.968	0.18	10.968	0.18	1.0	1.0
7	2	77	2.677	0.475	13.065	0.359	1.0	1.0
7	2	74	2.29	0.461	13.323	0.599	1.0	1.0
7	2	71	2.129	0.341	13.806	0.477	1.0	1.0
7	2	68	2.0	0.0	14.774	0.56	1.0	1.0
7	2	65	2.0	0.0	15.774	0.762	1.0	1.0
7	2	62	1.839	0.374	16.774	0.956	1.0	1.0
7	2	59	1.44	0.507	18.806	1.662	0.806	1.0
7	2	56	0.353	0.493	22.55	2.8	0.194	0.645
7	2	53	0.0	0.0	25.0	0.0	0.0	0.032
7	2	50	0.0	0.0	nan	nan	0.0	0.0
7	2	47	0.0	0.0	nan	nan	0.0	0.0
7	2	44	0.0	0.0	nan	nan	0.0	0.0
8	2	420	16.677	0.475	9.0	0.0	1.0	1.0
8	2	380	15.29	0.461	9.0	0.0	1.0	1.0
8	2	340	14.129	0.341	9.0	0.0	1.0	1.0
8	2	300	13.0	0.0	9.0	0.0	1.0	1.0
8	2	260	11.258	0.445	9.0	0.0	1.0	1.0
8	2	220	9.871	0.341	9.0	0.0	1.0	1.0
8	2	180	7.968	0.18	9.0	0.0	1.0	1.0
8	2	140	6.0	0.0	9.935	0.25	1.0	1.0
8	2	100	4.0	0.0	10.968	0.18	1.0	1.0
8	2	77	2.903	0.301	12.839	0.454	1.0	1.0
8	2	74	2.484	0.508	13.032	0.18	1.0	1.0
8	2	71	2.129	0.341	13.613	0.615	1.0	1.0
8	2	68	2.0	0.0	14.29	0.529	1.0	1.0
8	2	65	2.0	0.0	14.935	0.629	1.0	1.0
8	2	62	2.0	0.0	16.194	0.703	1.0	1.0
8	2	59	1.7	0.466	17.581	1.285	0.968	1.0
8	2	56	1.053	0.78	19.885	2.613	0.452	0.839
8	2	53	0.032	0.18	21.0	0.0	0.032	0.032
8	2	50	0.0	0.0	nan	nan	0.0	0.0
8	2	47	0.0	0.0	nan	nan	0.0	0.0
8	2	44	0.0	0.0	nan	nan	0.0	0.0
9	2	420	23.419	0.502	9.0	0.0	1.0	1.0
9	2	380	22.0	0.0	9.0	0.0	1.0	1.0
9	2	340	20.226	0.425	9.0	0.0	1.0	1.0
9	2	300	18.452	0.506	9.0	0.0	1.0	1.0
9	2	260	16.355	0.486	9.0	0.0	1.0	1.0
9	2	220	13.968	0.18	9.0	0.0	1.0	1.0
9	2	180	11.452	0.506	9.484	0.508	1.0	1.0
9	2	140	8.968	0.18	10.0	0.0	1.0	1.0
9	2	100	6.0	0.258	11.0	0.0	1.0	1.0
9	2	77	4.226	0.425	12.323	0.475	1.0	1.0
9	2	74	4.032	0.315	12.903	0.539	1.0	1.0
9	2	71	3.871	0.341	12.935	0.442	1.0	1.0
9	2	68	3.71	0.461	13.548	0.768	1.0	1.0
9	2	65	3.29	0.461	14.097	0.746	1.0	1.0
9	2	62	3.129	0.341	14.677	0.702	1.0	1.0
9	2	59	2.871	0.428	15.355	0.877	1.0	1.0
9	2	56	2.71	0.529	16.355	0.985	1.0	1.0
9	2	53	2.0	0.683	17.645	1.45	1.0	1.0
9	2	50	1.323	0.599	19.933	1.874	0.968	0.968
9	2	47	0.767	0.568	22.409	1.992	0.677	0.71
9	2	44	0.31	0.471	24.182	2.359	0.29	0.355
10	2	420	19.419	0.502	9.0	0.0	1.0	1.0
10	2	380	18.226	0.425	9.0	0.0	1.0	1.0
10	2	340	16.968	0.315	9.0	0.0	1.0	1.0
10	2	300	15.355	0.486	9.0	0.0	1.0	1.0
10	2	260	13.871	0.341	9.0	0.0	1.0	1.0
10	2	220	11.968	0.18	9.0	0.0	1.0	1.0
10	2	180	9.903	0.301	9.0	0.0	1.0	1.0
10	2	140	7.774	0.425	9.903	0.301	1.0	1.0
10	2	100	5.065	0.25	10.839	0.374	1.0	1.0
10	2	77	3.871	0.341	12.194	0.402	1.0	1.0
10	2	74	3.581	0.502	12.677	0.475	1.0	1.0
10	2	71	3.387	0.495	13.032	0.407	1.0	1.0
10	2	68	3.097	0.301	13.71	0.529	1.0	1.0
10	2	65	2.968	0.18	14.29	0.693	1.0	1.0
10	2	62	2.871	0.341	15.226	0.845	1.0	1.0
10	2	59	2.581	0.564	15.903	0.978	1.0	1.0
10	2	56	2.097	0.7	17.355	1.199	1.0	1.0
10	2	53	1.323	0.541	19.032	1.798	1.0	1.0
10	2	50	1.033	0.32	22.2	2.797	0.935	0.968
10	2	47	0.31	0.471	24.818	1.25	0.29	0.355
10	2	44	0.0	0.0	nan	nan	0.0	0.0
11	2	420	14.0	0.0	9.0	0.0	1.0	1.0
11	2	380	13.0	0.0	9.0	0.0	1.0	1.0
11	2	340	12.0	0.0	9.0	0.0	1.0	1.0
11	2	300	11.0	0.0	9.0	0.0	1.0	1.0
11	2	260	9.806	0.402	9.0	0.0	1.0	1.0
11	2	220	8.0	0.0	9.129	0.341	1.0	1.0
11	2	180	6.935	0.25	10.0	0.0	1.0	1.0
11	2	140	5.0	0.0	10.0	0.0	1.0	1.0
11	2	100	3.161	0.374	11.29	0.461	1.0	1.0
11	2	77	2.032	0.18	13.839	0.583	1.0	1.0
11	2	74	2.0	0.0	14.194	0.543	1.0	1.0
11	2	71	2.0	0.0	15.129	0.619	1.0	1.0
11	2	68	2.0	0.0	15.903	0.7	1.0	1.0
11	2	65	1.793	0.412	17.387	0.919	0.935	1.0
11	2	62	1.154	0.555	20.4	2.415	0.387	0.968
11	2	59	0.095	0.301	22.75	2.006	0.065	0.387
11	2	56	0.0	0.0	nan	nan	0.0	0.0
11	2	53	0.0	0.0	nan	nan	0.0	0.0
11	2	50	0.0	0.0	nan	nan	0.0	0.0
11	2	47	0.0	0.0	nan	nan	0.0	0.0
11	2	44	0.0	0.0	nan	nan	0.0	0.0
12	2	420	19.0	0.0	9.0	0.0	1.0	1.0
12	2	380	18.0	0.0	9.0	0.0	1.0	1.0
12	2	340	16.774	0.425	9.0	0.0	1.0	1.0
12	2	300	15.194	0.402	9.0	0.0	1.0	1.0
12	2	260	13.774	0.425	9.0	0.0	1.0	1.0
12	2	220	12.0	0.0	9.0	0.0	1.0	1.0
12	2	180	9.935	0.25	9.194	0.402	1.0	1.0
12	2	140	7.935	0.25	10.0	0.0	1.0	1.0
12	2	100	5.258	0.445	11.0	0.0	1.0	1.0
12	2	77	4.0	0.0	13.0	0.365	1.0	1.0
12	2	74	3.935	0.25	13.29	0.461	1.0	1.0
12	2	71	3.581	0.502	13.871	0.619	1.0	1.0
12	2	68	3.226	0.425	14.548	0.568	1.0	1.0
12	2	65	3.0	0.0	15.161	0.523	1.0	1.0
12	2	62	3.0	0.0	16.419	0.72	1.0	1.0
12	2	59	2.935	0.25	17.258	0.682	1.0	1.0
12	2	56	2.097	0.651	19.032	1.449	1.0	1.0
12	2	53	1.387	0.558	22.419	2.094	1.0	1.0
12	2	50	1.032	0.18	25.71	2.597	1.0	1.0
12	2	47	0.161	0.374	29.0	1.871	0.161	0.161
12	2	44	0.0	0.0	nan	nan	0.0	0.0
13	2	420	21.387	0.495	9.0	0.0	1.0	1.0
13	2	380	20.129	0.341	9.0	0.0	1.0	1.0
13	2	340	18.677	0.475	9.0	0.0	1.0	1.0
13	2	300	16.871	0.341	9.0	0.0	1.0	1.0
13	2	260	14.871	0.341	9.0	0.0	1.0	1.0
13	2	220	12.452	0.506	9.0	0.0	1.0	1.0
13	2	180	10.032	0.315	9.0	0.0	1.0	1.0
13	2	140	7.677	0.475	10.0	0.0	1.0	1.0
13	2	100	4.968	0.18	11.0	0.0	1.0	1.0
13	2	77	3.129	0.341	13.065	0.25	1.0	1.0
13	2	74	3.032	0.18	13.581	0.502	1.0	1.0
13	2	71	2.774	0.425	14.194	0.601	1.0	1.0
13	2	68	2.516	0.508	15.0	0.577	1.0	1.0
13	2	65	2.129	0.341	15.968	0.657	1.0	1.0
13	2	62	1.839	0.374	17.387	1.383	1.0	1.0
13	2	59	1.222	0.506	19.667	2.057	0.839	0.968
13	2	56	0.172	0.384	22.429	1.902	0.161	0.226
13	2	53	0.0	0.0	nan	nan	0.0	0.0
13	2	50	0.0	0.0	nan	nan	0.0	0.0
13	2	47	0.0	0.0	nan	nan	0.0	0.0
13	2	44	0.0	0.0	nan	nan	0.0	0.0
14	2	420	13.032	0.18	9.0	0.0	1.0	1.0
14	2	380	12.323	0.475	9.0	0.0	1.0	1.0
14	2	340	11.516	0.508	9.0	0.0	1.0	1.0
14	2	300	10.097	0.301	9.0	0.0	1.0	1.0
14	2	260	9.0	0.0	9.0	0.0	1.0	1.0
14	2	220	7.968	0.18	9.0	0.0	1.0	1.0
14	2	180	6.29	0.461	9.903	0.301	1.0	1.0
14	2	140	5.0	0.0	10.0	0.0	1.0	1.0
14	2	100	3.0	0.0	11.032	0.18	1.0	1.0
14	2	77	2.0	0.0	13.097	0.396	1.0	1.0
14	2	74	2.0	0.0	13.613	0.495	1.0	1.0
14	2	71	2.0	0.0	14.226	0.617	1.0	1.0
14	2	68	2.0	0.0	15.065	0.574	1.0	1.0
14	2	65	1.774	0.425	16.258	0.855	1.0	1.0
14	2	62	1.35	0.489	17.968	1.622	0.645	1.0
14	2	59	0.211	0.535	19.867	2.1	0.097	0.484
14	2	56	0.0	0.0	nan	nan	0.0	0.0
14	2	53	0.0	0.0	nan	nan	0.0	0.0
14	2	50	0.0	0.0	nan	nan	0.0	0.0
14	2	47	0.0	0.0	nan	nan	0.0	0.0
14	2	44	0.0	0.0	nan	nan	0.0	0.0
15	2	420	17.968	0.18	9.0	0.0	1.0	1.0
15	2	380	16.839	0.374	9.0	0.0	1.0	1.0
15	2	340	15.645	0.486	9.0	0.0	1.0	1.0
15	2	300	14.129	0.341	9.0	0.0	1.0	1.0
15	2	260	13.0	0.0	9.0	0.0	1.0	1.0
15	2	220	10.968	0.18	9.0	0.0	1.0	1.0
15	2	180	9.0	0.0	9.0	0.0	1.0	1.0
15	2	140	7.0	0.0	10.0	0.0	1.0	1.0
15	2	100	5.0	0.0	10.968	0.18	1.0	1.0
15	2	77	4.0	0.0	12.742	0.445	1.0	1.0
15	2	74	3.71	0.461	13.065	0.359	1.0	1.0
15	2	71	3.032	0.18	13.581	0.502	1.0	1.0
15	2	68	3.0	0.0	13.968	0.482	1.0	1.0
15	2	65	3.0	0.0	14.613	0.558	1.0	1.0
15	2	62	3.0	0.0	15.516	0.626	1.0	1.0
15	2	59	2.871	0.341	16.742	0.893	1.0	1.0
15	2	56	2.0	0.632	18.581	0.958	1.0	1.0
15	2	53	1.161	0.374	21.097	1.955	1.0	1.0
15	2	50	1.0	0.0	25.581	2.861	0.968	1.0
15	2	47	0.138	0.351	30.5	5.089	0.129	0.194
15	2	44	0.0	0.0	nan	nan	0.0	0.0
16	2	420	18.0	0.0	9.0	0.0	1.0	1.0
16	2	380	16.968	0.18	9.0	0.0	1.0	1.0
16	2	340	15.903	0.301	9.0	0.0	1.0	1.0
16	2	300	14.419	0.502	9.0	0.0	1.0	1.0
16	2	260	12.968	0.18	9.0	0.0	1.0	1.0
16	2	220	11.032	0.18	9.0	0.0	1.0	1.0
16	2	180	9.129	0.341	9.129	0.341	1.0	1.0
16	2	140	7.161	0.374	10.0	0.0	1.0	1.0
16	2	100	5.0	0.0	10.968	0.18	1.0	1.0
16	2	77	4.0	0.0	12.548	0.506	1.0	1.0
16	2	74	3.968	0.18	13.0	0.365	1.0	1.0
16	2	71	3.871	0.341	13.258	0.514	1.0	1.0
16	2	68	3.387	0.495	13.839	0.374	1.0	1.0
16	2	65	3.097	0.301	14.677	0.541	1.0	1.0
16	2	62	3.0	0.0	15.29	0.693	1.0	1.0
16	2	59	3.0	0.0	16.194	0.833	1.0	1.0
16	2	56	2.806	0.402	17.516	1.029	1.0	1.0
16	2	53	2.0	0.447	20.0	2.309	1.0	1.0
16	2	50	1.633	0.49	25.258	3.512	0.968	1.0
16	2	47	0.345	0.484	30.167	4.324	0.323	0.387
16	2	44	0.0	0.0	nan	nan	0.0	0.0
17	2	420	16.806	0.402	8.935	0.25	1.0	1.0
17	2	380	15.774	0.425	9.0	0.0	1.0	1.0
17	2	340	14.677	0.475	9.0	0.0	1.0	1.0
17	2	300	13.194	0.402	9.0	0.0	1.0	1.0
17	2	260	12.0	0.0	9.0	0.0	1.0	1.0
17	2	220	10.032	0.18	9.0	0.0	1.0	1.0
17	2	180	8.645	0.486	9.0	0.0	1.0	1.0
17	2	140	6.871	0.341	9.839	0.374	1.0	1.0
17	2	100	4.806	0.402	10.871	0.341	1.0	1.0
17	2	77	3.484	0.508	12.774	0.425	1.0	1.0
17	2	74	3.032	0.18	13.032	0.18	1.0	1.0
17	2	71	3.0	0.0	13.774	0.497	1.0	1.0
17	2	68	3.0	0.0	14.484	0.677	1.0	1.0
17	2	65	3.0	0.0	15.129	0.619	1.0	1.0
17	2	62	2.968	0.18	15.806	0.601	1.0	1.0
17	2	59	2.0	0.73	17.677	1.222	1.0	1.0
17	2	56	1.097	0.396	20.933	2.377	0.968	0.968
17	2	53	0.567	0.504	26.056	3.702	0.548	0.581
17	2	50	0.0	0.0	27.0	0.0	0.0	0.032
17	2	47	0.0	0.0	nan	nan	0.0	0.0
17	2	44	0.0	0.0	nan	nan	0.0	0.0
18	2	420	16.0	0.0	8.0	0.0	1.0	1.0
18	2	380	15.065	0.25	8.0	0.0	1.0	1.0
18	2	340	14.0	0.0	8.032	0.18	1.0	1.0
18	2	300	13.0	0.0	8.097	0.301	1.0	1.0
18	2	260	11.194	0.402	8.742	0.445	1.0	1.0
18	2	220	9.968	0.18	9.0	0.0	1.0	1.0
18	2	180	8.0	0.0	9.0	0.0	1.0	1.0
18	2	140	6.0	0.0	9.323	0.475	1.0	1.0
18	2	100	4.0	0.0	11.032	0.18	1.0	1.0
18	2	77	2.935	0.25	13.065	0.512	1.0	1.0
18	2	74	2.839	0.374	13.71	0.529	1.0	1.0
18	2	71	2.226	0.425	14.71	0.739	1.0	1.0
18	2	68	2.097	0.301	15.323	0.702	1.0	1.0
18	2	65	1.935	0.25	16.742	0.93	1.0	1.0
18	2	62	1.387	0.558	18.433	1.695	0.968	0.968
18	2	59	0.931	0.258	22.345	1.818	0.871	0.935
18	2	56	0.464	0.508	24.0	2.251	0.419	0.516
18	2	53	0.0	0.0	nan	nan	0.0	0.0
18	2	50	0.0	0.0	nan	nan	0.0	0.0
18	2	47	0.0	0.0	nan	nan	0.0	0.0
18	2	44	0.0	0.0	nan	nan	0.0	0.0
19	2	420	17.226	0.425	9.0	0.0	1.0	1.0
19	2	380	16.097	0.301	9.0	0.0	1.0	1.0
19	2	340	15.0	0.0	9.0	0.0	1.0	1.0
19	2	300	13.774	0.425	9.0	0.0	1.0	1.0
19	2	260	12.0	0.0	9.0	0.0	1.0	1.0
19	2	220	10.387	0.495	9.0	0.0	1.0	1.0
19	2	180	8.548	0.506	9.0	0.0	1.0	1.0
19	2	140	6.71	0.461	10.0	0.0	1.0	1.0
19	2	100	4.581	0.502	11.032	0.18	1.0	1.0
19	2	77	3.0	0.0	13.871	0.499	1.0	1.0
19	2	74	2.968	0.18	14.323	0.541	1.0	1.0
19	2	71	3.0	0.0	15.161	0.638	1.0	1.0
19	2	68	2.935	0.25	16.194	0.749	1.0	1.0
19	2	65	2.226	0.762	17.581	1.025	1.0	1.0
19	2	62	1.065	0.25	21.323	2.257	1.0	1.0
19	2	59	1.0	0.0	25.0	4.195	0.903	1.0
19	2	56	0.138	0.351	30.333	5.164	0.129	0.194
19	2	53	0.0	0.0	nan	nan	0.0	0.0
19	2	50	0.0	0.0	nan	nan	0.0	0.0
19	2	47	0.0	0.0	nan	nan	0.0	0.0
19	2	44	0.0	0.0	nan	nan	0.0	0.0
20	2	420	14.774	0.425	9.0	0.0	1.0	1.0
20	2	380	13.871	0.341	9.0	0.0	1.0	1.0
20	2	340	12.742	0.445	9.0	0.0	1.0	1.0
20	2	300	11.581	0.502	9.0	0.0	1.0	1.0
20	2	260	10.194	0.402	9.0	0.0	1.0	1.0
20	2	220	8.935	0.25	9.0	0.0	1.0	1.0
20	2	180	7.161	0.374	9.161	0.374	1.0	1.0
20	2	140	5.613	0.495	10.0	0.0	1.0	1.0
20	2	100	4.0	0.0	11.032	0.18	1.0	1.0
20	2	77	2.839	0.374	13.806	0.402	1.0	1.0
20	2	74	2.161	0.374	14.452	0.506	1.0	1.0
20	2	71	2.129	0.341	15.161	0.86	1.0	1.0
20	2	68	2.0	0.0	16.129	0.806	1.0	1.0
20	2	65	1.742	0.445	17.484	0.926	1.0	1.0
20	2	62	1.129	0.341	20.516	1.93	1.0	1.0
20	2	59	0.893	0.315	23.464	2.715	0.806	0.903
20	2	56	0.0	0.0	nan	nan	0.0	0.0
20	2	53	0.0	0.0	nan	nan	0.0	0.0
20	2	50	0.0	0.0	nan	nan	0.0	0.0
20	2	47	0.0	0.0	nan	nan	0.0	0.0
20	2	44	0.0	0.0	nan	nan	0.0	0.0
21	2	420	19.194	0.402	9.0	0.0	1.0	1.0
21	2	380	18.032	0.18	9.0	0.0	1.0	1.0
21	2	340	16.903	0.301	9.0	0.0	1.0	1.0
21	2	300	15.032	0.18	9.0	0.0	1.0	1.0
21	2	260	13.194	0.402	9.0	0.0	1.0	1.0
21	2	220	11.29	0.461	9.0	0.0	1.0	1.0
21	2	180	9.161	0.374	9.968	0.18	1.0	1.0
21	2	140	6.968	0.18	10.0	0.0	1.0	1.0
21	2	100	4.645	0.486	11.226	0.425	1.0	1.0
21	2	77	3.0	0.0	13.355	0.551	1.0	1.0
21	2	74	3.0	0.0	13.774	0.425	1.0	1.0
21	2	71	2.742	0.445	14.548	0.568	1.0	1.0
21	2	68	2.387	0.495	15.226	0.669	1.0	1.0
21	2	65	2.226	0.425	16.065	0.892	1.0	1.0
21	2	62	1.839	0.374	17.387	0.955	1.0	1.0
21	2	59	1.214	0.418	19.516	2.096	0.903	1.0
21	2	56	0.571	0.507	22.636	2.361	0.387	0.71
21	2	53	0.067	0.254	24.667	0.577	0.065	0.097
21	2	50	0.0	0.0	nan	nan	0.0	0.0
21	2	47	0.0	0.0	nan	nan	0.0	0.0
21	2	44	0.0	0.0	nan	nan	0.0	0.0
22	2	420	15.032	0.18	9.0	0.0	1.0	1.0
22	2	380	14.194	0.402	9.0	0.0	1.0	1.0
22	2	340	13.065	0.25	9.0	0.0	1.0	1.0
22	2	300	11.968	0.18	9.0	0.0	1.0	1.0
22	2	260	10.871	0.341	9.0	0.0	1.0	1.0
22	2	220	9.065	0.25	9.0	0.0	1.0	1.0
22	2	180	7.548	0.506	9.0	0.0	1.0	1.0
22	2	140	5.968	0.18	9.871	0.341	1.0	1.0
22	2	100	3.968	0.18	10.871	0.341	1.0	1.0
22	2	77	2.935	0.25	12.452	0.506	1.0	1.0
22	2	74	2.677	0.475	12.903	0.539	1.0	1.0
22	2	71	2.323	0.475	13.258	0.445	1.0	1.0
22	2	68	2.161	0.374	13.968	0.482	1.0	1.0
22	2	65	2.032	0.18	14.581	0.672	1.0	1.0
22	2	62	2.0	0.0	15.323	0.599	1.0	1.0
22	2	59	1.903	0.301	16.742	1.032	1.0	1.0
22	2	56	1.724	0.455	18.452	1.859	0.935	1.0
22	2	53	0.762	0.7	21.217	2.392	0.419	0.742
22	2	50	0.0	0.0	25.25	1.258	0.0	0.129
22	2	47	0.0	0.0	nan	nan	0.0	0.0
22	2	44	0.0	0.0	nan	nan	0.0	0.0
23	2	420	21.419	0.502	9.0	0.0	1.0	1.0
23	2	380	20.032	0.18	9.0	0.0	1.0	1.0
23	2	340	18.645	0.486	9.0	0.0	1.0	1.0
23	2	300	16.968	0.18	9.0	0.0	1.0	1.0
23	2	260	14.968	0.315	9.0	0.0	1.0	1.0
23	2	220	12.677	0.475	9.0	0.0	1.0	1.0
23	2	180	10.226	0.425	9.065	0.25	1.0	1.0
23	2	140	7.871	0.341	10.0	0.0	1.0	1.0
23	2	100	5.0	0.0	11.0	0.0	1.0	1.0
23	2	77	3.419	0.502	12.677	0.475	1.0	1.0
23	2	74	3.032	0.18	13.419	0.502	1.0	1.0
23	2	71	3.032	0.18	14.0	0.73	1.0	1.0
23	2	68	2.71	0.461	14.645	0.755	1.0	1.0
23	2	65	2.194	0.402	15.452	0.81	1.0	1.0
23	2	62	2.0	0.447	16.581	1.119	1.0	1.0
23	2	59	1.567	0.504	18.613	1.995	0.968	1.0
23	2	56	1.071	0.604	20.0	1.941	0.774	0.871
23	2	53	0.5	0.648	23.812	2.762	0.355	0.516
23	2	50	0.032	0.18	23.0	0.0	0.032	0.032
23	2	47	0.0	0.0	nan	nan	0.0	0.0
23	2	44	0.0	0.0	nan	nan	0.0	0.0
24	2	420	15.129	0.341	9.0	0.0	1.0	1.0
24	2	380	14.065	0.25	9.0	0.0	1.0	1.0
24	2	340	13.032	0.18	9.0	0.0	1.0	1.0
24	2	300	12.0	0.0	9.0	0.0	1.0	1.0
24	2	260	10.677	0.475	9.0	0.0	1.0	1.0
24	2	220	9.0	0.0	9.0	0.0	1.0	1.0
24	2	180	7.323	0.475	9.129	0.341	1.0	1.0
24	2	140	5.903	0.301	9.968	0.18	1.0	1.0
24	2	100	4.0	0.0	10.968	0.18	1.0	1.0
24	2	77	2.774	0.425	12.29	0.461	1.0	1.0
24	2	74	2.419	0.502	13.032	0.315	1.0	1.0
24	2	71	2.097	0.301	13.355	0.486	1.0	1.0
24	2	68	2.0	0.0	13.968	0.482	1.0	1.0
24	2	65	2.0	0.0	14.548	0.568	1.0	1.0
24	2	62	2.0	0.0	15.226	0.617	1.0	1.0
24	2	59	1.871	0.341	16.355	0.839	1.0	1.0
24	2	56	1.391	0.656	18.621	2.194	0.677	0.935
24	2	53	0.737	0.562	20.44	2.599	0.419	0.806
24	2	50	0.0	0.0	22.0	2.828	0.0	0.065
24	2	47	0.0	0.0	nan	nan	0.0	0.0
24	2	44	0.0	0.0	nan	nan	0.0	0.0
25	2	420	17.871	0.341	9.0	0.0	1.0	1.0
25	2	380	16.806	0.402	9.0	0.0	1.0	1.0
25	2	340	15.387	0.495	9.0	0.0	1.0	1.0
25	2	300	14.097	0.301	9.0	0.0	1.0	1.0
25	2	260	12.71	0.461	9.0	0.0	1.0	1.0
25	2	220	10.935	0.25	9.0	0.0	1.0	1.0
25	2	180	8.968	0.18	9.032	0.18	1.0	1.0
25	2	140	6.935	0.25	10.0	0.0	1.0	1.0
25	2	100	4.871	0.341	10.968	0.18	1.0	1.0
25	2	77	3.258	0.445	12.516	0.508	1.0	1.0
25	2	74	3.032	0.18	12.903	0.396	1.0	1.0
25	2	71	3.032	0.18	13.097	0.396	1.0	1.0
25	2	68	2.968	0.18	13.645	0.486	1.0	1.0
25	2	65	2.677	0.475	14.387	0.495	1.0	1.0
25	2	62	2.452	0.506	15.0	0.683	1.0	1.0
25	2	59	2.065	0.25	16.194	0.91	1.0	1.0
25	2	56	1.806	0.477	17.452	1.028	1.0	1.0
25	2	53	1.226	0.425	20.097	2.329	1.0	1.0
25	2	50	0.5	0.51	23.722	2.562	0.419	0.581
25	2	47	0.032	0.18	25.0	0.0	0.032	0.032
25	2	44	0.0	0.0	nan	nan	0.0	0.0
26	2	420	19.839	0.374	9.968	0.18	1.0	1.0
26	2	380	18.387	0.495	9.968	0.18	1.0	1.0
26	2	340	17.129	0.341	9.968	0.18	1.0	1.0
26	2	300	15.968	0.18	10.0	0.0	1.0	1.0
26	2	260	14.032	0.18	10.0	0.0	1.0	1.0
26	2	220	12.097	0.301	10.0	0.0	1.0	1.0
26	2	180	10.129	0.341	10.0	0.0	1.0	1.0
26	2	140	8.032	0.18	10.613	0.495	1.0	1.0
26	2	100	5.968	0.18	11.903	0.301	1.0	1.0
26	2	77	4.258	0.445	13.355	0.486	1.0	1.0
26	2	74	4.0	0.0	14.065	0.442	1.0	1.0
26	2	71	4.0	0.0	14.258	0.445	1.0	1.0
26	2	68	4.0	0.0	15.0	0.365	1.0	1.0
26	2	65	3.806	0.402	15.484	0.57	1.0	1.0
26	2	62	3.323	0.475	16.161	0.688	1.0	1.0
26	2	59	2.871	0.341	17.355	0.608	1.0	1.0
26	2	56	2.194	0.402	19.194	1.138	1.0	1.0
26	2	53	2.0	0.0	21.71	1.616	1.0	1.0
26	2	50	1.903	0.301	25.903	2.821	1.0	1.0
26	2	47	0.778	0.847	31.5	5.491	0.452	0.581
26	2	44	0.0	0.0	nan	nan	0.0	0.0
27	2	420	18.0	0.258	9.0	0.0	1.0	1.0
27	2	380	16.903	0.301	9.032	0.18	1.0	1.0
27	2	340	15.387	0.495	9.0	0.0	1.0	1.0
27	2	300	14.0	0.0	9.129	0.341	1.0	1.0
27	2	260	12.161	0.374	9.742	0.445	1.0	1.0
27	2	220	10.71	0.461	10.0	0.0	1.0	1.0
27	2	180	8.774	0.425	10.0	0.0	1.0	1.0
27	2	140	6.677	0.475	10.032	0.18	1.0	1.0
27	2	100	4.065	0.25	11.581	0.502	1.0	1.0
27	2	77	3.0	0.0	13.548	0.506	1.0	1.0
27	2	74	2.935	0.25	14.032	0.407	1.0	1.0
27	2	71	2.71	0.461	14.355	0.486	1.0	1.0
27	2	68	2.226	0.425	15.29	0.693	1.0	1.0
27	2	65	2.065	0.25	16.194	0.792	1.0	1.0
27	2	62	1.871	0.341	17.258	0.855	1.0	1.0
27	2	59	1.29	0.529	19.233	1.716	0.968	0.968
27	2	56	0.826	0.491	22.192	2.698	0.581	0.839
27	2	53	0.103	0.31	24.2	2.28	0.097	0.161
27	2	50	0.0	0.0	nan	nan	0.0	0.0
27	2	47	0.0	0.0	nan	nan	0.0	0.0
27	2	44	0.0	0.0	nan	nan	0.0	0.0
28	2	420	20.0	0.258	9.0	0.0	1.0	1.0
28	2	380	18.935	0.25	9.0	0.0	1.0	1.0
28	2	340	17.194	0.402	9.0	0.0	1.0	1.0
28	2	300	15.903	0.301	9.0	0.0	1.0	1.0
28	2	260	14.065	0.25	9.0	0.0	1.0	1.0
28	2	220	12.032	0.18	9.0	0.0	1.0	1.0
28	2	180	9.935	0.25	9.0	0.0	1.0	1.0
28	2	140	7.71	0.461	10.0	0.0	1.0	1.0
28	2	100	5.032	0.18	10.968	0.18	1.0	1.0
28	2	77	3.677	0.475	12.419	0.502	1.0	1.0
28	2	74	3.161	0.374	12.839	0.454	1.0	1.0
28	2	71	3.0	0.0	13.258	0.445	1.0	1.0
28	2	68	3.0	0.0	13.806	0.543	1.0	1.0
28	2	65	2.903	0.301	14.419	0.502	1.0	1.0
28	2	62	2.452	0.506	15.161	0.638	1.0	1.0
28	2	59	2.097	0.301	15.903	0.746	1.0	1.0
28	2	56	1.871	0.428	17.258	0.965	1.0	1.0
28	2	53	1.387	0.615	18.867	1.456	0.968	0.968
28	2	50	0.793	0.491	22.0	2.341	0.71	0.774
28	2	47	0.097	0.301	22.667	1.155	0.097	0.097
28	2	44	0.0	0.0	nan	nan	0.0	0.0
29	2	420	18.129	0.341	8.548	0.506	1.0	1.0
29	2	380	17.065	0.25	8.613	0.495	1.0	1.0
29	2	340	16.0	0.0	8.806	0.402	1.0	1.0
29	2	300	14.774	0.425	8.968	0.18	1.0	1.0
29	2	260	12.968	0.18	9.0	0.0	1.0	1.0
29	2	220	11.161	0.374	9.0	0.0	1.0	1.0
29	2	180	9.258	0.445	9.0	0.0	1.0	1.0
29	2	140	7.258	0.445	9.032	0.18	1.0	1.0
29	2	100	5.0	0.0	10.032	0.18	1.0	1.0
29	2	77	4.0	0.0	11.903	0.396	1.0	1.0
29	2	74	3.968	0.18	12.194	0.402	1.0	1.0
29	2	71	3.516	0.508	12.71	0.461	1.0	1.0
29	2	68	3.065	0.25	12.968	0.482	1.0	1.0
29	2	65	3.0	0.0	13.677	0.541	1.0	1.0
29	2	62	3.0	0.0	14.484	0.677	1.0	1.0
29	2	59	2.968	0.18	15.548	0.81	1.0	1.0
29	2	56	2.548	0.624	16.677	1.045	1.0	1.0
29	2	53	1.419	0.62	19.613	2.445	1.0	1.0
29	2	50	1.0	0.258	22.767	2.269	0.968	0.968
29	2	47	0.276	0.455	28.5	4.223	0.258	0.323
29	2	44	0.0	0.0	nan	nan	0.0	0.0
30	2	420	14.419	0.502	9.0	0.0	1.0	1.0
30	2	380	13.71	0.461	9.0	0.0	1.0	1.0
30	2	340	12.839	0.374	9.0	0.0	1.0	1.0
30	2	300	11.71	0.461	9.0	0.0	1.0	1.0
30	2	260	10.065	0.25	9.0	0.0	1.0	1.0
30	2	220	8.968	0.18	9.0	0.0	1.0	1.0
30	2	180	7.419	0.502	9.0	0.0	1.0	1.0
30	2	140	6.0	0.0	9.968	0.18	1.0	1.0
30	2	100	4.0	0.0	10.968	0.18	1.0	1.0
30	2	77	3.0	0.0	13.0	0.258	1.0	1.0
30	2	74	3.0	0.0	13.742	0.445	1.0	1.0
30	2	71	3.0	0.0	14.194	0.543	1.0	1.0
30	2	68	2.806	0.402	15.065	0.512	1.0	1.0
30	2	65	2.194	0.402	16.032	0.875	1.0	1.0
30	2	62	1.806	0.477	17.548	1.234	1.0	1.0
30	2	59	1.097	0.301	20.871	2.156	1.0	1.0
30	2	56	0.5	0.509	24.25	3.376	0.484	0.516
30	2	53	0.0	0.0	nan	nan	0.0	0.0
30	2	50	0.0	0.0	nan	nan	0.0	0.0
30	2	47	0.0	0.0	nan	nan	0.0	0.0
30	2	44	0.0	0.0	nan	nan	0.0	0.0
31	2	420	18.129	0.341	8.0	0.0	1.0	1.0
31	2	380	17.0	0.0	8.0	0.0	1.0	1.0
31	2	340	15.903	0.301	8.0	0.0	1.0	1.0
31	2	300	14.065	0.25	8.0	0.0	1.0	1.0
31	2	260	12.839	0.374	8.0	0.0	1.0	1.0
31	2	220	10.968	0.18	8.226	0.425	1.0	1.0
31	2	180	8.903	0.301	9.0	0.0	1.0	1.0
31	2	140	6.742	0.445	9.0	0.0	1.0	1.0
31	2	100	4.032	0.18	10.0	0.0	1.0	1.0
31	2	77	2.968	0.18	11.871	0.341	1.0	1.0
31	2	74	2.71	0.461	12.129	0.341	1.0	1.0
31	2	71	2.032	0.18	12.774	0.425	1.0	1.0
31	2	68	2.0	0.0	13.355	0.608	1.0	1.0
31	2	65	2.0	0.0	14.097	0.539	1.0	1.0
31	2	62	2.0	0.0	15.0	0.931	1.0	1.0
31	2	59	1.839	0.374	15.935	0.68	1.0	1.0
31	2	56	1.056	0.236	18.161	1.917	0.581	1.0
31	2	53	0.0	0.0	24.5	0.707	0.0	0.065
31	2	50	0.0	0.0	nan	nan	0.0	0.0
31	2	47	0.0	0.0	nan	nan	0.0	0.0
31	2	44	0.0	0.0	nan	nan	0.0	0.0
0	3	420	16.065	0.25	9.0	0.0	1.0	1.0
0	3	380	15.161	0.374	9.0	0.0	1.0	1.0
0	3	340	14.0	0.0	9.0	0.0	1.0	1.0
0	3	300	12.935	0.25	9.323	0.475	1.0	1.0
0	3	260	11.129	0.341	9.903	0.301	1.0	1.0
0	3	220	9.774	0.425	10.0	0.0	1.0	1.0
0	3	180	8.0	0.0	10.0	0.0	1.0	1.0
0	3	140	6.0	0.0	10.419	0.502	1.0	1.0
0	3	100	4.0	0.0	12.0	0.0	1.0	1.0
0	3	77	3.0	0.0	14.516	0.57	1.0	1.0
0	3	74	3.0	0.0	15.258	0.514	1.0	1.0
0	3	71	3.0	0.0	16.226	0.717	1.0	1.0
0	3	68	2.548	0.568	17.355	0.839	1.0	1.0
0	3	65	1.323	0.541	19.516	1.18	1.0	1.0
0	3	62	0.933	0.254	22.966	2.146	0.903	0.935
0	3	59	0.452	0.506	26.143	1.657	0.452	0.452
0	3	56	0.0	0.0	nan	nan	0.0	0.0
0	3	53	0.0	0.0	nan	nan	0.0	0.0
0	3	50	0.0	0.0	nan	nan	0.0	0.0
0	3	47	0.0	0.0	nan	nan	0.0	0.0
0	3	44	0.0	0.0	nan	nan	0.0	0.0
1	3	420	20.097	0.301	9.0	0.0	1.0	1.0
1	3	380	18.903	0.301	9.0	0.0	1.0	1.0
1	3	340	17.161	0.374	9.0	0.0	1.0	1.0
1	3	300	15.419	0.502	9.0	0.0	1.0	1.0
1	3	260	13.742	0.445	9.0	0.0	1.0	1.0
1	3	220	11.839	0.374	9.0	0.0	1.0	1.0
1	3	180	9.645	0.486	9.0	0.0	1.0	1.0
1	3	140	7.097	0.301	9.71	0.461	1.0	1.0
1	3	100	5.0	0.0	10.258	0.445	1.0	1.0
1	3	77	3.581	0.502	11.968	0.18	1.0	1.0
1	3	74	3.258	0.445	12.29	0.529	1.0	1.0
1	3	71	3.065	0.25	12.613	0.495	1.0	1.0
1	3	68	2.968	0.18	13.0	0.365	1.0	1.0
1	3	65	2.903	0.301	13.645	0.551	1.0	1.0
1	3	62	2.71	0.461	14.29	0.643	1.0	1.0
1	3	59	2.29	0.461	14.903	0.7	1.0	1.0
1	3	56	2.032	0.18	16.032	0.657	1.0	1.0
1	3	53	1.871	0.341	17.194	1.424	1.0	1.0
1	3	50	1.31	0.471	19.419	2.157	0.935	1.0
1	3	47	0.615	0.496	22.714	3.408	0.516	0.677
1	3	44	0.033	0.183	24.5	0.707	0.032	0.065
2	3	420	17.032	0.18	9.0	0.0	1.0	1.0
2	3	380	15.903	0.301	9.0	0.0	1.0	1.0
2	3	340	14.742	0.445	9.0	0.0	1.0	1.0
2	3	300	13.032	0.18	9.0	0.0	1.0	1.0
2	3	260	11.516	0.508	9.0	0.0	1.0	1.0
2	3	220	9.871	0.341	9.0	0.0	1.0	1.0
2	3	180	7.903	0.301	9.839	0.374	1.0	1.0
2	3	140	5.968	0.18	10.0	0.0	1.0	1.0
2	3	100	3.774	0.425	11.0	0.0	1.0	1.0
2	3	77	2.065	0.25	13.161	0.454	1.0	1.0
2	3	74	2.0	0.0	13.71	0.461	1.0	1.0
2	3	71	2.0	0.0	14.194	0.543	1.0	1.0
2	3	68	2.0	0.0	15.0	0.365	1.0	1.0
2	3	65	1.9	0.305	16.452	0.888	0.968	1.0
2	3	62	1.2	0.696	18.464	2.186	0.548	0.903
2	3	59	0.0	0.0	21.5	2.777	0.0	0.258
2	3	56	0.0	0.0	nan	nan	0.0	0.0
2	3	53	0.0	0.0	nan	nan	0.0	0.0
2	3	50	0.0	0.0	nan	nan	0.0	0.0
2	3	47	0.0	0.0	nan	nan	0.0	0.0
2	3	44	0.0	0.0	nan	nan	0.0	0.0
3	3	420	20.613	0.495	9.0	0.0	1.0	1.0
3	3	380	19.194	0.402	9.0	0.0	1.0	1.0
3	3	340	17.71	0.461	9.0	0.0	1.0	1.0
3	3	300	16.032	0.18	9.0	0.0	1.0	1.0
3	3	260	14.0	0.0	9.0	0.0	1.0	1.0
3	3	220	12.0	0.258	9.0	0.0	1.0	1.0
3	3	180	9.677	0.475	9.226	0.425	1.0	1.0
3	3	140	7.129	0.341	10.0	0.0	1.0	1.0
3	3	100	4.871	0.341	11.0	0.0	1.0	1.0
3	3	77	3.097	0.301	12.71	0.461	1.0	1.0
3	3	74	3.0	0.0	13.097	0.301	1.0	1.0
3	3	71	2.968	0.18	13.516	0.508	1.0	1.0
3	3	68	2.871	0.341	14.161	0.454	1.0	1.0
3	3	65	2.29	0.461	14.968	0.605	1.0	1.0
3	3	62	2.065	0.25	15.903	0.7	1.0	1.0
3	3	59	1.903	0.301	17.097	1.165	1.0	1.0
3	3	56	1.4	0.498	18.806	1.701	0.968	1.0
3	3	53	0.357	0.488	21.154	2.035	0.323	0.419
3	3	50	0.034	0.186	23.333	1.528	0.032	0.097
3	3	47	0.0	0.0	nan	nan	0.0	0.0
3	3	44	0.0	0.0	nan	nan	0.0	0.0
4	3	420	17.355	0.486	9.0	0.0	1.0	1.0
4	3	380	16.0	0.0	8.968	0.18	1.0	1.0
4	3	340	14.935	0.25	9.0	0.0	1.0	1.0
4	3	300	13.419	0.502	9.0	0.0	1.0	1.0
4	3	260	12.0	0.0	9.0	0.0	1.0	1.0
4	3	220	10.065	0.25	9.0	0.0	1.0	1.0
4	3	180	8.0	0.0	9.0	0.0	1.0	1.0
4	3	140	6.032	0.315	9.484	0.508	1.0	1.0
4	3	100	4.032	0.18	10.484	0.508	1.0	1.0
4	3	77	3.0	0.0	12.065	0.25	1.0	1.0
4	3	74	2.968	0.18	12.581	0.502	1.0	1.0
4	3	71	2.581	0.502	13.065	0.359	1.0	1.0
4	3	68	2.258	0.445	13.452	0.506	1.0	1.0
4	3	65	2.065	0.25	14.161	0.454	1.0	1.0
4	3	62	2.0	0.0	14.968	0.605	1.0	1.0
4	3	59	2.0	0.0	15.968	0.605	1.0	1.0
4	3	56	1.839	0.374	17.258	0.93	1.0	1.0
4	3	53	1.125	0.741	20.154	2.866	0.613	0.839
4	3	50	0.038	0.196	24.333	1.211	0.032	0.194
4	3	47	0.0	0.0	nan	nan	0.0	0.0
4	3	44	0.0	0.0	nan	nan	0.0	0.0
5	3	420	12.226	0.425	9.0	0.0	1.0	1.0
5	3	380	11.581	0.502	9.0	0.0	1.0	1.0
5	3	340	10.516	0.508	9.0	0.0	1.0	1.0
5	3	300	9.387	0.495	9.0	0.0	1.0	1.0
5	3	260	8.0	0.0	9.0	0.0	1.0	1.0
5	3	220	7.0	0.0	9.0	0.0	1.0	1.0
5	3	180	5.581	0.502	9.161	0.374	1.0	1.0
5	3	140	4.032	0.18	10.0	0.0	1.0	1.0
5	3	100	2.806	0.402	11.0	0.0	1.0	1.0
5	3	77	2.0	0.0	13.355	0.608	1.0	1.0
5	3	74	1.968	0.18	13.968	0.547	1.0	1.0
5	3	71	1.484	0.508	14.71	0.643	1.0	1.0
5	3	68	1.129	0.341	15.677	0.791	1.0	1.0
5	3	65	0.926	0.267	16.828	1.167	0.806	0.935
5	3	62	0.08	0.277	19.25	1.165	0.065	0.258
5	3	59	0.0	0.0	nan	nan	0.0	0.0
5	3	56	0.0	0.0	nan	nan	0.0	0.0
5	3	53	0.0	0.0	nan	nan	0.0	0.0
5	3	50	0.0	0.0	nan	nan	0.0	0.0
5	3	47	0.0	0.0	nan	nan	0.0	0.0
5	3	44	0.0	0.0	nan	nan	0.0	0.0
6	3	420	21.065	0.25	9.0	0.0	1.0	1.0
6	3	380	19.968	0.18	9.0	0.0	1.0	1.0
6	3	340	18.161	0.374	9.0	0.0	1.0	1.0
6	3	300	16.613	0.495	9.0	0.0	1.0	1.0
6	3	260	14.677	0.475	9.0	0.0	1.0	1.0
6	3	220	12.806	0.402	9.0	0.0	1.0	1.0
6	3	180	10.258	0.445	9.065	0.25	1.0	1.0
6	3	140	8.0	0.258	10.0	0.0	1.0	1.0
6	3	100	5.613	0.495	11.0	0.0	1.0	1.0
6	3	77	4.0	0.0	12.871	0.341	1.0	1.0
6	3	74	3.968	0.18	13.323	0.475	1.0	1.0
6	3	71	3.935	0.25	13.806	0.402	1.0	1.0
6	3	68	3.29	0.461	14.419	0.62	1.0	1.0
6	3	65	3.065	0.25	15.097	0.7	1.0	1.0
6	3	62	3.0	0.0	15.806	0.601	1.0	1.0
6	3	59	2.839	0.454	16.774	0.884	1.0	1.0
6	3	56	2.226	0.497	19.032	1.538	1.0	1.0
6	3	53	1.355	0.551	21.129	1.803	1.0	1.0
6	3	50	1.1	0.305	25.323	3.4	0.968	1.0
6	3	47	0.31	0.471	30.091	3.3	0.29	0.355
6	3	44	0.0	0.0	nan	nan	0.0	0.0
7	3	420	21.871	0.341	8.935	0.25	1.0	1.0
7	3	380	20.29	0.461	9.0	0.0	1.0	1.0
7	3	340	18.806	0.402	9.0	0.0	1.0	1.0
7	3	300	16.935	0.25	9.0	0.0	1.0	1.0
7	3	260	14.935	0.25	9.0	0.0	1.0	1.0
7	3	220	12.516	0.508	9.0	0.0	1.0	1.0
7	3	180	10.129	0.341	9.0	0.0	1.0	1.0
7	3	140	7.645	0.486	9.903	0.301	1.0	1.0
7	3	100	5.032	0.18	10.871	0.341	1.0	1.0
7	3	77	3.581	0.502	12.419	0.502	1.0	1.0
7	3	74	3.161	0.374	12.839	0.374	1.0	1.0
7	3	71	3.0	0.0	13.484	0.508	1.0	1.0
7	3	68	3.0	0.0	13.935	0.512	1.0	1.0
7	3	65	2.774	0.425	14.839	0.688	1.0	1.0
7	3	62	2.419	0.502	15.452	0.624	1.0	1.0
7	3	59	2.129	0.428	16.516	0.962	1.0	1.0
7	3	56	1.613	0.495	18.226	1.359	1.0	1.0
7	3	53	0.931	0.53	21.077	2.415	0.774	0.839
7	3	50	0.2	0.407	24.0	2.517	0.194	0.226
7	3	47	0.0	0.0	nan	nan	0.0	0.0
7	3	44	0.0	0.0	nan	nan	0.0	0.0
8	3	420	19.968	0.18	9.0	0.0	1.0	1.0
8	3	380	18.355	0.486	9.0	0.0	1.0	1.0
8	3	340	16.871	0.341	9.0	0.0	1.0	1.0
8	3	300	15.065	0.25	9.0	0.0	1.0	1.0
8	3	260	13.129	0.341	9.0	0.0	1.0	1.0
8	3	220	11.129	0.341	9.0	0.0	1.0	1.0
8	3	180	9.0	0.0	9.903	0.301	1.0	1.0
8	3	140	6.806	0.402	10.0	0.0	1.0	1.0
8	3	100	4.129	0.341	11.226	0.425	1.0	1.0
8	3	77	3.0	0.0	13.742	0.445	1.0	1.0
8	3	74	2.871	0.341	14.226	0.497	1.0	1.0
8	3	71	2.516	0.508	14.806	0.654	1.0	1.0
8	3	68	2.129	0.341	15.774	0.669	1.0	1.0
8	3	65	1.935	0.359	17.032	1.251	1.0	1.0
8	3	62	1.452	0.506	18.323	1.301	1.0	1.0
8	3	59	1.0	0.4	20.966	2.353	0.774	0.935
8	3	56	0.214	0.418	24.0	1.5	0.194	0.29
8	3	53	0.0	0.0	nan	nan	0.0	0.0
8	3	50	0.0	0.0	nan	nan	0.0	0.0
8	3	47	0.0	0.0	nan	nan	0.0	0.0
8	3	44	0.0	0.0	nan	nan	0.0	0.0
9	3	420	26.323	0.475	9.0	0.0	1.0	1.0
9	3	380	25.0	0.258	9.0	0.0	1.0	1.0
9	3	340	22.968	0.18	9.0	0.0	1.0	1.0
9	3	300	20.774	0.425	9.0	0.0	1.0	1.0
9	3	260	18.548	0.506	9.0	0.0	1.0	1.0
9	3	220	16.0	0.0	9.0	0.0	1.0	1.0
9	3	180	13.097	0.301	9.0	0.0	1.0	1.0
9	3	140	10.355	0.486	9.452	0.506	1.0	1.0
9	3	100	7.419	0.502	10.097	0.301	1.0	1.0
9	3	77	5.871	0.341	11.677	0.475	1.0	1.0
9	3	74	5.452	0.506	12.0	0.0	1.0	1.0
9	3	71	5.065	0.25	12.097	0.301	1.0	1.0
9	3	68	5.0	0.0	12.742	0.445	1.0	1.0
9	3	65	4.968	0.18	13.032	0.18	1.0	1.0
9	3	62	4.355	0.486	13.645	0.486	1.0	1.0
9	3	59	4.097	0.301	14.097	0.473	1.0	1.0
9	3	56	4.0	0.0	15.29	0.529	1.0	1.0
9	3	53	4.0	0.0	15.903	0.651	1.0	1.0
9	3	50	3.387	0.715	17.581	1.285	1.0	1.0
9	3	47	2.452	0.624	19.484	1.387	1.0	1.0
9	3	44	2.097	0.301	22.774	2.473	1.0	1.0
10	3	420	23.0	0.0	9.0	0.0	1.0	1.0
10	3	380	21.645	0.486	9.0	0.0	1.0	1.0
10	3	340	19.968	0.18	9.0	0.0	1.0	1.0
10	3	300	18.032	0.18	9.0	0.0	1.0	1.0
10	3	260	16.0	0.258	9.0	0.0	1.0	1.0
10	3	220	13.935	0.25	9.0	0.0	1.0	1.0
10	3	180	11.323	0.475	9.0	0.0	1.0	1.0
10	3	140	9.0	0.0	9.677	0.475	1.0	1.0
10	3	100	6.0	0.0	10.194	0.402	1.0	1.0
10	3	77	4.871	0.341	12.0	0.0	1.0	1.0
10	3	74	4.194	0.402	12.258	0.445	1.0	1.0
10	3	71	4.0	0.0	12.935	0.442	1.0	1.0
10	3	68	4.0	0.0	13.226	0.425	1.0	1.0
10	3	65	3.968	0.18	13.742	0.445	1.0	1.0
10	3	62	3.548	0.506	14.516	0.508	1.0	1.0
10	3	59	3.226	0.425	15.161	0.583	1.0	1.0
10	3	56	2.935	0.25	16.419	0.886	1.0	1.0
10	3	53	2.548	0.506	18.161	1.128	1.0	1.0
10	3	50	1.935	0.25	21.194	1.851	1.0	1.0
10	3	47	1.419	0.502	23.29	2.194	1.0	1.0
10	3	44	0.935	0.574	27.64	3.414	0.806	0.806
11	3	420	22.613	0.495	8.032	0.18	1.0	1.0
11	3	380	21.0	0.0	8.129	0.341	1.0	1.0
11	3	340	19.484	0.508	8.323	0.475	1.0	1.0
11	3	300	17.968	0.18	8.742	0.445	1.0	1.0
11	3	260	15.774	0.425	8.968	0.18	1.0	1.0
11	3	220	13.613	0.495	9.0	0.0	1.0	1.0
11	3	180	11.032	0.18	9.0	0.0	1.0	1.0
11	3	140	8.548	0.506	9.323	0.475	1.0	1.0
11	3	100	5.968	0.18	10.774	0.425	1.0	1.0
11	3	77	4.032	0.18	12.742	0.445	1.0	1.0
11	3	74	4.0	0.0	13.065	0.359	1.0	1.0
11	3	71	4.0	0.0	13.645	0.486	1.0	1.0
11	3	68	3.806	0.402	14.258	0.514	1.0	1.0
11	3	65	3.226	0.425	14.968	0.605	1.0	1.0
11	3	62	3.032	0.315	16.065	0.964	1.0	1.0
11	3	59	2.839	0.374	16.968	1.048	1.0	1.0
11	3	56	2.29	0.529	19.355	1.427	1.0	1.0
11	3	53	1.742	0.631	21.29	2.209	1.0	1.0
11	3	50	1.065	0.442	25.966	3.62	0.935	0.935
11	3	47	0.483	0.509	29.25	3.873	0.452	0.516
11	3	44	0.0	0.0	nan	nan	0.0	0.0
12	3	420	18.0	0.0	9.0	0.0	1.0	1.0
12	3	380	16.645	0.486	9.032	0.18	1.0	1.0
12	3	340	15.0	0.0	9.226	0.425	1.0	1.0
12	3	300	13.677	0.475	9.677	0.475	1.0	1.0
12	3	260	11.968	0.18	10.0	0.0	1.0	1.0
12	3	220	10.0	0.258	10.0	0.0	1.0	1.0
12	3	180	8.0	0.0	10.0	0.0	1.0	1.0
12	3	140	5.903	0.301	10.839	0.374	1.0	1.0
12	3	100	3.806	0.402	12.097	0.301	1.0	1.0
12	3	77	2.065	0.25	15.194	0.543	1.0	1.0
12	3	74	2.0	0.0	16.161	0.638	1.0	1.0
12	3	71	1.968	0.18	17.226	0.762	1.0	1.0
12	3	68	1.645	0.486	18.323	1.194	1.0	1.0
12	3	65	0.885	0.431	21.556	2.118	0.71	0.871
12	3	62	0.25	0.441	23.1	1.449	0.226	0.323
12	3	59	0.0	0.0	nan	nan	0.0	0.0
12	3	56	0.0	0.0	nan	nan	0.0	0.0
12	3	53	0.0	0.0	nan	nan	0.0	0.0
12	3	50	0.0	0.0	nan	nan	0.0	0.0
12	3	47	0.0	0.0	nan	nan	0.0	0.0
12	3	44	0.0	0.0	nan	nan	0.0	0.0
13	3	420	15.645	0.486	9.0	0.0	1.0	1.0
13	3	380	14.516	0.508	9.0	0.0	1.0	1.0
13	3	340	13.0	0.0	9.0	0.0	1.0	1.0
13	3	300	12.0	0.0	9.0	0.0	1.0	1.0
13	3	260	10.065	0.25	9.0	0.0	1.0	1.0
13	3	220	8.71	0.461	9.0	0.0	1.0	1.0
13	3	180	6.935	0.25	9.065	0.25	1.0	1.0
13	3	140	4.968	0.18	10.0	0.0	1.0	1.0
13	3	100	3.0	0.0	11.516	0.508	1.0	1.0
13	3	77	2.0	0.0	14.194	0.477	1.0	1.0
13	3	74	2.0	0.0	14.903	0.831	1.0	1.0
13	3	71	1.935	0.25	16.0	1.155	1.0	1.0
13	3	68	1.792	0.415	17.387	1.256	0.774	1.0
13	3	65	1.0	0.632	19.643	2.112	0.419	0.903
13	3	62	0.0	0.0	22.0	2.0	0.0	0.097
13	3	59	0.0	0.0	nan	nan	0.0	0.0
13	3	56	0.0	0.0	nan	nan	0.0	0.0
13	3	53	0.0	0.0	nan	nan	0.0	0.0
13	3	50	0.0	0.0	nan	nan	0.0	0.0
13	3	47	0.0	0.0	nan	nan	0.0	0.0
13	3	44	0.0	0.0	nan	nan	0.0	0.0
14	3	420	23.0	0.258	9.0	0.0	1.0	1.0
14	3	380	21.645	0.486	9.0	0.0	1.0	1.0
14	3	340	19.968	0.18	9.0	0.0	1.0	1.0
14	3	300	18.0	0.0	9.0	0.0	1.0	1.0
14	3	260	16.129	0.428	9.0	0.0	1.0	1.0
14	3	220	13.968	0.315	9.0	0.0	1.0	1.0
14	3	180	11.484	0.508	9.0	0.0	1.0	1.0
14	3	140	8.968	0.18	9.742	0.445	1.0	1.0
14	3	100	6.194	0.402	10.774	0.425	1.0	1.0
14	3	77	4.968	0.18	12.226	0.425	1.0	1.0
14	3	74	4.613	0.495	12.581	0.502	1.0	1.0
14	3	71	4.065	0.25	13.161	0.454	1.0	1.0
14	3	68	4.0	0.0	13.677	0.475	1.0	1.0
14	3	65	3.968	0.18	14.258	0.575	1.0	1.0
14	3	62	4.0	0.0	14.935	0.629	1.0	1.0
14	3	59	3.387	0.495	16.065	0.727	1.0	1.0
14	3	56	2.968	0.482	17.129	0.806	1.0	1.0
14	3	53	2.161	0.374	19.516	1.208	1.0	1.0
14	3	50	2.0	0.0	23.516	1.525	1.0	1.0
14	3	47	1.56	0.651	31.552	6.345	0.742	0.935
14	3	44	0.034	0.186	38.333	4.509	0.032	0.097
15	3	420	16.032	0.18	9.0	0.0	1.0	1.0
15	3	380	15.0	0.0	9.0	0.0	1.0	1.0
15	3	340	14.0	0.0	9.0	0.0	1.0	1.0
15	3	300	12.065	0.25	9.0	0.0	1.0	1.0
15	3	260	10.968	0.18	9.0	0.0	1.0	1.0
15	3	220	9.0	0.0	9.0	0.0	1.0	1.0
15	3	180	7.032	0.18	9.0	0.0	1.0	1.0
15	3	140	5.258	0.445	10.0	0.0	1.0	1.0
15	3	100	3.29	0.461	10.968	0.18	1.0	1.0
15	3	77	2.0	0.0	12.968	0.407	1.0	1.0
15	3	74	2.0	0.0	13.516	0.508	1.0	1.0
15	3	71	2.0	0.0	14.226	0.497	1.0	1.0
15	3	68	2.0	0.0	15.129	0.67	1.0	1.0
15	3	65	1.935	0.25	16.097	0.944	1.0	1.0
15	3	62	1.045	0.575	18.179	1.722	0.613	0.903
15	3	59	0.136	0.351	20.417	2.151	0.097	0.387
15	3	56	0.0	0.0	nan	nan	0.0	0.0
15	3	53	0.0	0.0	nan	nan	0.0	0.0
15	3	50	0.0	0.0	nan	nan	0.0	0.0
15	3	47	0.0	0.0	nan	nan	0.0	0.0
15	3	44	0.0	0.0	nan	nan	0.0	0.0
16	3	420	21.194	0.402	9.0	0.0	1.0	1.0
16	3	380	19.871	0.341	9.0	0.0	1.0	1.0
16	3	340	18.032	0.18	9.0	0.0	1.0	1.0
16	3	300	16.323	0.475	9.0	0.0	1.0	1.0
16	3	260	14.387	0.495	9.0	0.0	1.0	1.0
16	3	220	12.161	0.374	9.0	0.0	1.0	1.0
16	3	180	9.935	0.25	9.161	0.374	1.0	1.0
16	3	140	7.484	0.508	10.0	0.0	1.0	1.0
16	3	100	4.935	0.25	11.0	0.0	1.0	1.0
16	3	77	3.419	0.502	12.935	0.25	1.0	1.0
16	3	74	3.032	0.18	13.452	0.506	1.0	1.0
16	3	71	2.968	0.18	14.032	0.407	1.0	1.0
16	3	68	2.903	0.301	14.71	0.529	1.0	1.0
16	3	65	2.516	0.508	15.452	0.675	1.0	1.0
16	3	62	2.097	0.301	16.516	0.851	1.0	1.0
16	3	59	1.548	0.506	18.097	1.136	1.0	1.0
16	3	56	1.276	0.455	20.387	2.376	0.935	1.0
16	3	53	0.481	0.509	22.706	2.365	0.419	0.548
16	3	50	0.033	0.183	26.0	1.414	0.032	0.065
16	3	47	0.0	0.0	nan	nan	0.0	0.0
16	3	44	0.0	0.0	nan	nan	0.0	0.0
17	3	420	17.839	0.374	9.0	0.0	1.0	1.0
17	3	380	16.677	0.475	9.0	0.0	1.0	1.0
17	3	340	15.161	0.374	9.0	0.0	1.0	1.0
17	3	300	13.871	0.341	9.0	0.0	1.0	1.0
17	3	260	12.0	0.0	9.0	0.0	1.0	1.0
17	3	220	10.065	0.25	9.0	0.0	1.0	1.0
17	3	180	8.065	0.25	9.0	0.0	1.0	1.0
17	3	140	6.032	0.18	10.0	0.0	1.0	1.0
17	3	100	4.0	0.0	11.0	0.0	1.0	1.0
17	3	77	2.903	0.301	13.129	0.428	1.0	1.0
17	3	74	2.355	0.486	13.774	0.56	1.0	1.0
17	3	71	2.097	0.301	14.258	0.575	1.0	1.0
17	3	68	2.032	0.18	15.032	0.752	1.0	1.0
17	3	65	2.0	0.0	16.129	0.806	1.0	1.0
17	3	62	1.8	0.407	17.452	1.434	0.968	1.0
17	3	59	1.318	0.646	19.586	1.881	0.645	0.935
17	3	56	0.148	0.456	21.571	2.936	0.097	0.226
17	3	53	0.0	0.0	nan	nan	0.0	0.0
17	3	50	0.0	0.0	nan	nan	0.0	0.0
17	3	47	0.0	0.0	nan	nan	0.0	0.0
17	3	44	0.0	0.0	nan	nan	0.0	0.0
18	3	420	16.968	0.18	9.0	0.0	1.0	1.0
18	3	380	15.645	0.486	9.0	0.0	1.0	1.0
18	3	340	14.065	0.25	9.0	0.0	1.0	1.0
18	3	300	12.806	0.402	9.0	0.0	1.0	1.0
18	3	260	11.0	0.258	9.452	0.506	1.0	1.0
18	3	220	9.0	0.0	9.968	0.18	1.0	1.0
18	3	180	7.097	0.301	10.0	0.0	1.0	1.0
18	3	140	5.194	0.402	10.581	0.502	1.0	1.0
18	3	100	3.065	0.25	12.0	0.0	1.0	1.0
18	3	77	2.0	0.0	15.516	0.57	1.0	1.0
18	3	74	1.935	0.25	16.226	0.669	1.0	1.0
18	3	71	1.677	0.541	17.5	1.167	0.968	0.968
18	3	68	1.174	0.576	19.724	2.12	0.677	0.935
18	3	65	0.087	0.288	22.8	3.12	0.065	0.323
18	3	62	0.0	0.0	nan	nan	0.0	0.0
18	3	59	0.0	0.0	nan	nan	0.0	0.0
18	3	56	0.0	0.0	nan	nan	0.0	0.0
18	3	53	0.0	0.0	nan	nan	0.0	0.0
18	3	50	0.0	0.0	nan	nan	0.0	0.0
18	3	47	0.0	0.0	nan	nan	0.0	0.0
18	3	44	0.0	0.0	nan	nan	0.0	0.0
19	3	420	14.355	0.486	10.0	0.0	1.0	1.0
19	3	380	13.258	0.445	10.0	0.0	1.0	1.0
19	3	340	12.097	0.301	10.0	0.0	1.0	1.0
19	3	300	11.0	0.0	10.0	0.0	1.0	1.0
19	3	260	9.645	0.486	10.0	0.0	1.0	1.0
19	3	220	8.0	0.0	10.0	0.0	1.0	1.0
19	3	180	6.226	0.425	10.226	0.425	1.0	1.0
19	3	140	4.968	0.18	11.0	0.0	1.0	1.0
19	3	100	3.0	0.0	12.806	0.402	1.0	1.0
19	3	77	2.0	0.0	15.677	0.702	1.0	1.0
19	3	74	1.968	0.18	16.677	0.791	1.0	1.0
19	3	71	1.733	0.45	17.742	0.773	0.968	1.0
19	3	68	1.222	0.548	19.6	1.812	0.548	0.968
19	3	65	0.107	0.315	22.167	2.137	0.097	0.194
19	3	62	0.0	0.0	nan	nan	0.0	0.0
19	3	59	0.0	0.0	nan	nan	0.0	0.0
19	3	56	0.0	0.0	nan	nan	0.0	0.0
19	3	53	0.0	0.0	nan	nan	0.0	0.0
19	3	50	0.0	0.0	nan	nan	0.0	0.0
19	3	47	0.0	0.0	nan	nan	0.0	0.0
19	3	44	0.0	0.0	nan	nan	0.0	0.0
20	3	420	15.355	0.486	9.0	0.0	1.0	1.0
20	3	380	14.129	0.341	9.0	0.0	1.0	1.0
20	3	340	13.226	0.425	9.0	0.0	1.0	1.0
20	3	300	12.0	0.0	9.0	0.0	1.0	1.0
20	3	260	10.774	0.425	9.0	0.0	1.0	1.0
20	3	220	9.0	0.0	9.0	0.0	1.0	1.0
20	3	180	7.387	0.495	9.0	0.0	1.0	1.0
20	3	140	5.774	0.425	10.0	0.0	1.0	1.0
20	3	100	3.968	0.18	11.0	0.0	1.0	1.0
20	3	77	2.871	0.341	12.774	0.617	1.0	1.0
20	3	74	2.452	0.506	12.968	0.18	1.0	1.0
20	3	71	2.097	0.301	13.548	0.506	1.0	1.0
20	3	68	2.0	0.0	14.161	0.583	1.0	1.0
20	3	65	2.0	0.0	14.839	0.735	1.0	1.0
20	3	62	2.0	0.0	15.742	0.682	1.0	1.0
20	3	59	1.871	0.341	17.129	1.176	1.0	1.0
20	3	56	1.318	0.568	19.267	2.318	0.677	0.968
20	3	53	0.158	0.501	22.143	2.598	0.065	0.452
20	3	50	0.0	0.0	26.0	0.0	0.0	0.032
20	3	47	0.0	0.0	nan	nan	0.0	0.0
20	3	44	0.0	0.0	nan	nan	0.0	0.0
21	3	420	18.742	0.445	9.0	0.0	1.0	1.0
21	3	380	17.645	0.486	9.0	0.0	1.0	1.0
21	3	340	16.097	0.301	9.0	0.0	1.0	1.0
21	3	300	14.839	0.374	9.0	0.0	1.0	1.0
21	3	260	13.0	0.0	9.0	0.0	1.0	1.0
21	3	220	10.968	0.18	9.0	0.0	1.0	1.0
21	3	180	9.032	0.18	9.677	0.475	1.0	1.0
21	3	140	7.0	0.0	10.0	0.0	1.0	1.0
21	3	100	4.871	0.341	11.0	0.0	1.0	1.0
21	3	77	3.226	0.425	13.0	0.365	1.0	1.0
21	3	74	3.065	0.25	13.419	0.502	1.0	1.0
21	3	71	2.968	0.18	14.0	0.516	1.0	1.0
21	3	68	2.968	0.18	14.645	0.608	1.0	1.0
21	3	65	2.839	0.374	15.613	0.615	1.0	1.0
21	3	62	2.323	0.541	16.419	1.025	1.0	1.0
21	3	59	1.806	0.477	17.645	1.355	1.0	1.0
21	3	56	1.161	0.454	20.452	2.158	1.0	1.0
21	3	53	0.903	0.301	23.786	2.833	0.903	0.903
21	3	50	0.333	0.479	25.364	1.12	0.323	0.355
21	3	47	0.0	0.0	nan	nan	0.0	0.0
21	3	44	0.0	0.0	nan	nan	0.0	0.0
22	3	420	27.742	0.445	8.935	0.25	1.0	1.0
22	3	380	26.0	0.365	9.0	0.0	1.0	1.0
22	3	340	24.194	0.402	9.0	0.0	1.0	1.0
22	3	300	21.871	0.341	9.0	0.0	1.0	1.0
22	3	260	19.194	0.402	9.0	0.0	1.0	1.0
22	3	220	16.516	0.508	9.0	0.0	1.0	1.0
22	3	180	13.677	0.475	9.0	0.0	1.0	1.0
22	3	140	10.677	0.475	9.29	0.461	1.0	1.0
22	3	100	7.226	0.425	10.258	0.445	1.0	1.0
22	3	77	5.548	0.506	12.032	0.18	1.0	1.0
22	3	74	5.065	0.25	12.323	0.475	1.0	1.0
22	3	71	5.0	0.0	12.742	0.445	1.0	1.0
22	3	68	4.903	0.301	13.129	0.341	1.0	1.0
22	3	65	4.516	0.508	13.871	0.562	1.0	1.0
22	3	62	4.097	0.301	14.452	0.506	1.0	1.0
22	3	59	4.0	0.0	15.097	0.396	1.0	1.0
22	3	56	3.903	0.301	16.226	0.669	1.0	1.0
22	3	53	2.968	0.752	18.161	1.214	1.0	1.0
22	3	50	2.194	0.477	20.065	1.731	1.0	1.0
22	3	47	2.0	0.0	24.355	2.346	1.0	1.0
22	3	44	1.733	0.521	31.0	4.267	0.935	0.968
23	3	420	23.903	0.396	9.0	0.0	1.0	1.0
23	3	380	22.323	0.475	9.0	0.0	1.0	1.0
23	3	340	20.742	0.445	9.0	0.0	1.0	1.0
23	3	300	18.871	0.341	9.0	0.0	1.0	1.0
23	3	260	16.806	0.402	9.0	0.0	1.0	1.0
23	3	220	14.194	0.402	9.032	0.18	1.0	1.0
23	3	180	11.935	0.25	9.774	0.425	1.0	1.0
23	3	140	9.0	0.0	10.0	0.0	1.0	1.0
23	3	100	6.29	0.461	11.0	0.0	1.0	1.0
23	3	77	4.871	0.341	12.613	0.495	1.0	1.0
23	3	74	4.548	0.506	12.871	0.428	1.0	1.0
23	3	71	4.194	0.402	13.29	0.529	1.0	1.0
23	3	68	4.0	0.0	13.742	0.514	1.0	1.0
23	3	65	3.968	0.18	14.161	0.523	1.0	1.0
23	3	62	3.742	0.445	14.839	0.583	1.0	1.0
23	3	59	3.323	0.475	15.645	0.608	1.0	1.0
23	3	56	3.0	0.516	16.935	1.263	1.0	1.0
23	3	53	2.452	0.506	18.419	1.259	1.0	1.0
23	3	50	1.968	0.407	20.484	1.71	1.0	1.0
23	3	47	1.333	0.479	25.097	2.773	0.968	1.0
23	3	44	0.767	0.626	27.381	3.413	0.645	0.677
24	3	420	15.0	0.0	9.0	0.0	1.0	1.0
24	3	380	14.0	0.0	9.0	0.0	1.0	1.0
24	3	340	13.0	0.0	9.0	0.0	1.0	1.0
24	3	300	11.806	0.402	9.0	0.0	1.0	1.0
24	3	260	10.065	0.25	9.0	0.0	1.0	1.0
24	3	220	9.0	0.0	9.161	0.374	1.0	1.0
24	3	180	7.0	0.0	10.0	0.0	1.0	1.0
24	3	140	5.226	0.425	10.0	0.0	1.0	1.0
24	3	100	3.806	0.402	11.968	0.18	1.0	1.0
24	3	77	2.71	0.461	14.484	0.57	1.0	1.0
24	3	74	2.032	0.18	15.258	0.682	1.0	1.0
24	3	71	2.0	0.0	16.323	0.599	1.0	1.0
24	3	68	1.774	0.425	17.774	1.055	1.0	1.0
24	3	65	1.194	0.402	19.645	1.518	1.0	1.0
24	3	62	0.867	0.346	23.889	1.888	0.839	0.871
24	3	59	0.033	0.183	26.0	1.414	0.032	0.065
24	3	56	0.0	0.0	nan	nan	0.0	0.0
24	3	53	0.0	0.0	nan	nan	0.0	0.0
24	3	50	0.0	0.0	nan	nan	0.0	0.0
24	3	47	0.0	0.0	nan	nan	0.0	0.0
24	3	44	0.0	0.0	nan	nan	0.0	0.0
25	3	420	15.677	0.475	9.0	0.0	1.0	1.0
25	3	380	14.194	0.402	9.0	0.0	1.0	1.0
25	3	340	13.0	0.0	9.032	0.18	1.0	1.0
25	3	300	11.839	0.374	9.258	0.445	1.0	1.0
25	3	260	10.0	0.0	9.871	0.341	1.0	1.0
25	3	220	8.29	0.461	10.0	0.0	1.0	1.0
25	3	180	6.839	0.374	10.0	0.0	1.0	1.0
25	3	140	4.968	0.18	10.645	0.486	1.0	1.0
25	3	100	3.0	0.0	12.0	0.0	1.0	1.0
25	3	77	2.0	0.0	15.0	0.365	1.0	1.0
25	3	74	2.0	0.0	15.613	0.558	1.0	1.0
25	3	71	1.935	0.25	16.645	0.661	1.0	1.0
25	3	68	1.5	0.516	18.742	1.57	0.516	1.0
25	3	65	0.385	0.65	20.227	2.224	0.129	0.71
25	3	62	0.0	0.0	nan	nan	0.0	0.0
25	3	59	0.0	0.0	nan	nan	0.0	0.0
25	3	56	0.0	0.0	nan	nan	0.0	0.0
25	3	53	0.0	0.0	nan	nan	0.0	0.0
25	3	50	0.0	0.0	nan	nan	0.0	0.0
25	3	47	0.0	0.0	nan	nan	0.0	0.0
25	3	44	0.0	0.0	nan	nan	0.0	0.0
26	3	420	15.968	0.18	9.0	0.0	1.0	1.0
26	3	380	14.968	0.18	9.0	0.0	1.0	1.0
26	3	340	13.774	0.425	9.0	0.0	1.0	1.0
26	3	300	12.129	0.341	9.0	0.0	1.0	1.0
26	3	260	10.935	0.25	9.0	0.0	1.0	1.0
26	3	220	9.129	0.341	9.0	0.0	1.0	1.0
26	3	180	7.161	0.374	9.935	0.25	1.0	1.0
26	3	140	5.871	0.341	10.0	0.0	1.0	1.0
26	3	100	3.903	0.301	11.452	0.506	1.0	1.0
26	3	77	2.355	0.486	13.742	0.514	1.0	1.0
26	3	74	2.29	0.461	14.065	0.629	1.0	1.0
26	3	71	2.032	0.18	15.0	0.577	1.0	1.0
26	3	68	2.0	0.0	15.484	0.677	1.0	1.0
26	3	65	1.968	0.18	16.742	0.999	1.0	1.0
26	3	62	1.483	0.509	18.355	1.427	0.935	1.0
26	3	59	0.889	0.506	20.808	1.898	0.71	0.839
26	3	56	0.167	0.381	23.636	2.335	0.129	0.355
26	3	53	0.0	0.0	nan	nan	0.0	0.0
26	3	50	0.0	0.0	nan	nan	0.0	0.0
26	3	47	0.0	0.0	nan	nan	0.0	0.0
26	3	44	0.0	0.0	nan	nan	0.0	0.0
27	3	420	22.065	0.25	9.0	0.0	1.0	1.0
27	3	380	20.806	0.402	9.0	0.0	1.0	1.0
27	3	340	18.935	0.359	9.0	0.0	1.0	1.0
27	3	300	16.968	0.18	9.0	0.0	1.0	1.0
27	3	260	14.839	0.374	9.0	0.0	1.0	1.0
27	3	220	12.484	0.508	9.0	0.0	1.0	1.0
27	3	180	10.0	0.0	9.0	0.0	1.0	1.0
27	3	140	7.419	0.502	10.0	0.0	1.0	1.0
27	3	100	4.903	0.301	11.0	0.0	1.0	1.0
27	3	77	3.097	0.301	12.71	0.461	1.0	1.0
27	3	74	3.0	0.0	13.161	0.374	1.0	1.0
27	3	71	2.839	0.374	13.613	0.495	1.0	1.0
27	3	68	2.548	0.506	14.032	0.605	1.0	1.0
27	3	65	2.161	0.374	15.0	0.775	1.0	1.0
27	3	62	1.968	0.18	15.742	0.773	1.0	1.0
27	3	59	1.903	0.301	17.065	0.854	1.0	1.0
27	3	56	1.231	0.587	19.31	1.984	0.774	0.935
27	3	53	0.25	0.441	22.6	2.271	0.226	0.323
27	3	50	0.0	0.0	nan	nan	0.0	0.0
27	3	47	0.0	0.0	nan	nan	0.0	0.0
27	3	44	0.0	0.0	nan	nan	0.0	0.0
28	3	420	24.194	0.402	9.0	0.0	1.0	1.0
28	3	380	23.0	0.0	9.0	0.0	1.0	1.0
28	3	340	21.097	0.301	9.0	0.0	1.0	1.0
28	3	300	19.161	0.374	9.0	0.0	1.0	1.0
28	3	260	17.129	0.341	9.0	0.0	1.0	1.0
28	3	220	14.871	0.341	9.0	0.0	1.0	1.0
28	3	180	12.161	0.374	9.0	0.0	1.0	1.0
28	3	140	9.645	0.486	10.0	0.0	1.0	1.0
28	3	100	6.968	0.18	10.806	0.402	1.0	1.0
28	3	77	5.065	0.25	12.097	0.473	1.0	1.0
28	3	74	5.0	0.0	12.645	0.486	1.0	1.0
28	3	71	4.839	0.374	13.032	0.315	1.0	1.0
28	3	68	4.29	0.461	13.258	0.445	1.0	1.0
28	3	65	4.0	0.0	14.0	0.258	1.0	1.0
28	3	62	4.0	0.0	14.677	0.475	1.0	1.0
28	3	59	3.968	0.18	15.323	0.475	1.0	1.0
28	3	56	3.613	0.495	16.613	0.803	1.0	1.0
28	3	53	2.806	0.543	17.935	0.854	1.0	1.0
28	3	50	2.0	0.258	21.871	3.519	1.0	1.0
28	3	47	2.0	0.0	24.871	2.432	1.0	1.0
28	3	44	0.571	0.879	35.083	6.171	0.29	0.387
29	3	420	25.065	0.25	8.0	0.0	1.0	1.0
29	3	380	23.516	0.508	8.0	0.0	1.0	1.0
29	3	340	21.581	0.502	8.0	0.0	1.0	1.0
29	3	300	19.871	0.341	8.032	0.18	1.0	1.0
29	3	260	17.484	0.508	8.452	0.506	1.0	1.0
29	3	220	14.968	0.18	9.0	0.0	1.0	1.0
29	3	180	12.355	0.551	9.0	0.0	1.0	1.0
29	3	140	9.613	0.495	9.0	0.0	1.0	1.0
29	3	100	6.806	0.402	10.0	0.0	1.0	1.0
29	3	77	5.0	0.0	11.581	0.502	1.0	1.0
29	3	74	4.903	0.301	11.968	0.18	1.0	1.0
29	3	71	4.29	0.461	12.097	0.396	1.0	1.0
29	3	68	4.065	0.25	12.839	0.374	1.0	1.0
29	3	65	4.0	0.0	13.355	0.486	1.0	1.0
29	3	62	4.0	0.0	14.032	0.547	1.0	1.0
29	3	59	3.645	0.486	14.581	0.62	1.0	1.0
29	3	56	3.29	0.461	15.806	0.749	1.0	1.0
29	3	53	2.935	0.25	17.161	0.779	1.0	1.0
29	3	50	2.161	0.583	19.774	2.186	1.0	1.0
29	3	47	1.871	0.341	23.194	2.301	1.0	1.0
29	3	44	1.37	0.742	28.222	4.079	0.742	0.871
30	3	420	16.032	0.18	9.0	0.0	1.0	1.0
30	3	380	15.0	0.0	9.0	0.0	1.0	1.0
30	3	340	13.935	0.25	9.0	0.0	1.0	1.0
30	3	300	12.097	0.301	9.0	0.0	1.0	1.0
30	3	260	10.871	0.341	9.0	0.0	1.0	1.0
30	3	220	8.968	0.18	9.0	0.0	1.0	1.0
30	3	180	7.0	0.0	9.0	0.0	1.0	1.0
30	3	140	5.032	0.18	10.0	0.0	1.0	1.0
30	3	100	3.0	0.0	11.548	0.506	1.0	1.0
30	3	77	2.0	0.0	14.645	0.608	1.0	1.0
30	3	74	2.0	0.0	15.419	0.564	1.0	1.0
30	3	71	2.0	0.0	16.742	0.631	0.968	1.0
30	3	68	1.538	0.508	18.419	1.708	0.839	1.0
30	3	65	0.842	0.688	21.24	2.42	0.419	0.806
30	3	62	0.0	0.0	21.4	1.517	0.0	0.161
30	3	59	0.0	0.0	nan	nan	0.0	0.0
30	3	56	0.0	0.0	nan	nan	0.0	0.0
30	3	53	0.0	0.0	nan	nan	0.0	0.0
30	3	50	0.0	0.0	nan	nan	0.0	0.0
30	3	47	0.0	0.0	nan	nan	0.0	0.0
30	3	44	0.0	0.0	nan	nan	0.0	0.0
31	3	420	20.032	0.18	8.0	0.0	1.0	1.0
31	3	380	18.355	0.486	8.097	0.301	1.0	1.0
31	3	340	16.935	0.25	8.194	0.402	1.0	1.0
31	3	300	15.0	0.0	8.452	0.506	1.0	1.0
31	3	260	13.097	0.301	8.935	0.25	1.0	1.0
31	3	220	11.032	0.18	9.0	0.0	1.0	1.0
31	3	180	9.0	0.0	9.0	0.0	1.0	1.0
31	3	140	6.613	0.495	9.065	0.25	1.0	1.0
31	3	100	4.0	0.0	10.484	0.508	1.0	1.0
31	3	77	2.677	0.475	12.645	0.486	1.0	1.0
31	3	74	2.129	0.341	13.129	0.428	1.0	1.0
31	3	71	2.0	0.0	13.871	0.428	1.0	1.0
31	3	68	2.0	0.0	14.613	0.558	1.0	1.0
31	3	65	2.0	0.0	15.806	0.946	1.0	1.0
31	3	62	1.68	0.476	17.065	2.048	0.806	1.0
31	3	59	0.688	0.793	19.957	2.099	0.258	0.742
31	3	56	0.0	0.0	26.0	0.0	0.0	0.032
31	3	53	0.0	0.0	nan	nan	0.0	0.0
31	3	50	0.0	0.0	nan	nan	0.0	0.0
31	3	47	0.0	0.0	nan	nan	0.0	0.0
31	3	44	0.0	0.0	nan	nan	0.0	0.0
0	4	420	17.0	0.0	8.0	0.0	1.0	1.0
0	4	380	15.968	0.18	8.0	0.0	1.0	1.0
0	4	340	14.935	0.25	8.0	0.0	1.0	1.0
0	4	300	13.839	0.374	8.032	0.18	1.0	1.0
0	4	260	12.0	0.0	8.452	0.506	1.0	1.0
0	4	220	10.355	0.486	9.0	0.0	1.0	1.0
0	4	180	9.0	0.0	9.0	0.0	1.0	1.0
0	4	140	6.968	0.18	9.0	0.0	1.0	1.0
0	4	100	5.0	0.0	10.0	0.0	1.0	1.0
0	4	77	4.0	0.0	11.677	0.475	1.0	1.0
0	4	74	3.935	0.25	12.0	0.258	1.0	1.0
0	4	71	3.452	0.506	12.387	0.495	1.0	1.0
0	4	68	3.097	0.301	12.806	0.477	1.0	1.0
0	4	65	3.0	0.0	13.484	0.508	1.0	1.0
0	4	62	3.0	0.0	14.097	0.79	1.0	1.0
0	4	59	3.0	0.0	14.935	0.68	1.0	1.0
0	4	56	2.968	0.18	16.452	0.888	1.0	1.0
0	4	53	2.032	0.795	18.742	1.264	1.0	1.0
0	4	50	1.233	0.568	22.033	2.371	0.935	0.968
0	4	47	0.37	0.492	26.857	3.939	0.323	0.452
0	4	44	0.0	0.0	nan	nan	0.0	0.0
1	4	420	17.645	0.486	8.0	0.0	1.0	1.0
1	4	380	16.548	0.506	8.032	0.18	1.0	1.0
1	4	340	15.419	0.502	8.097	0.301	1.0	1.0
1	4	300	14.0	0.0	8.323	0.475	1.0	1.0
1	4	260	12.677	0.475	8.806	0.402	1.0	1.0
1	4	220	10.968	0.18	9.0	0.0	1.0	1.0
1	4	180	9.065	0.25	9.0	0.0	1.0	1.0
1	4	140	7.032	0.18	9.0	0.0	1.0	1.0
1	4	100	5.0	0.0	10.0	0.0	1.0	1.0
1	4	77	3.968	0.18	11.903	0.301	1.0	1.0
1	4	74	3.774	0.425	12.097	0.301	1.0	1.0
1	4	71	3.323	0.475	12.71	0.461	1.0	1.0
1	4	68	3.129	0.341	13.032	0.482	1.0	1.0
1	4	65	3.0	0.0	13.677	0.475	1.0	1.0
1	4	62	3.0	0.0	14.355	0.755	1.0	1.0
1	4	59	2.903	0.301	15.355	0.839	1.0	1.0
1	4	56	2.677	0.475	16.613	1.022	1.0	1.0
1	4	53	1.871	0.763	18.097	1.274	1.0	1.0
1	4	50	1.129	0.341	21.129	3.128	1.0	1.0
1	4	47	0.742	0.445	24.696	3.457	0.742	0.742
1	4	44	0.097	0.301	29.667	2.309	0.097	0.097
2	4	420	14.194	0.402	9.0	0.0	1.0	1.0
2	4	380	13.161	0.374	9.0	0.0	1.0	1.0
2	4	340	12.129	0.341	9.0	0.0	1.0	1.0
2	4	300	11.0	0.0	9.0	0.0	1.0	1.0
2	4	260	9.968	0.18	9.0	0.0	1.0	1.0
2	4	220	8.0	0.0	9.0	0.0	1.0	1.0
2	4	180	6.774	0.425	9.194	0.402	1.0	1.0
2	4	140	5.0	0.0	10.0	0.0	1.0	1.0
2	4	100	3.0	0.0	11.0	0.0	1.0	1.0
2	4	77	2.0	0.0	13.581	0.564	1.0	1.0
2	4	74	2.0	0.0	14.032	0.547	1.0	1.0
2	4	71	2.0	0.0	15.065	0.512	1.0	1.0
2	4	68	1.613	0.495	16.258	0.93	1.0	1.0
2	4	65	1.148	0.534	17.483	0.911	0.806	0.935
2	4	62	0.286	0.463	19.688	2.213	0.194	0.516
2	4	59	0.0	0.0	nan	nan	0.0	0.0
2	4	56	0.0	0.0	nan	nan	0.0	0.0
2	4	53	0.0	0.0	nan	nan	0.0	0.0
2	4	50	0.0	0.0	nan	nan	0.0	0.0
2	4	47	0.0	0.0	nan	nan	0.0	0.0
2	4	44	0.0	0.0	nan	nan	0.0	0.0
3	4	420	17.032	0.18	8.0	0.0	1.0	1.0
3	4	380	16.032	0.18	8.0	0.0	1.0	1.0
3	4	340	15.0	0.0	8.0	0.0	1.0	1.0
3	4	300	13.903	0.301	8.0	0.0	1.0	1.0
3	4	260	12.129	0.341	8.0	0.0	1.0	1.0
3	4	220	10.806	0.402	8.0	0.0	1.0	1.0
3	4	180	9.0	0.0	8.258	0.445	1.0	1.0
3	4	140	7.0	0.0	9.0	0.0	1.0	1.0
3	4	100	5.0	0.0	9.903	0.301	1.0	1.0
3	4	77	3.935	0.25	10.935	0.25	1.0	1.0
3	4	74	3.645	0.486	11.29	0.461	1.0	1.0
3	4	71	3.194	0.402	11.613	0.495	1.0	1.0
3	4	68	3.065	0.25	12.129	0.428	1.0	1.0
3	4	65	3.032	0.18	12.548	0.506	1.0	1.0
3	4	62	3.0	0.0	13.194	0.402	1.0	1.0
3	4	59	2.935	0.25	14.194	0.601	1.0	1.0
3	4	56	2.677	0.475	15.194	0.749	1.0	1.0
3	4	53	2.323	0.599	16.484	0.996	1.0	1.0
3	4	50	1.613	0.495	18.226	1.746	1.0	1.0
3	4	47	1.032	0.18	22.161	2.818	1.0	1.0
3	4	44	0.5	0.509	25.75	3.992	0.484	0.516
4	4	420	22.645	0.486	8.258	0.445	1.0	1.0
4	4	380	21.065	0.25	8.452	0.506	1.0	1.0
4	4	340	19.839	0.374	8.645	0.486	1.0	1.0
4	4	300	18.032	0.18	8.968	0.18	1.0	1.0
4	4	260	16.097	0.301	9.0	0.0	1.0	1.0
4	4	220	14.032	0.18	9.0	0.0	1.0	1.0
4	4	180	12.0	0.258	9.0	0.0	1.0	1.0
4	4	140	9.065	0.25	9.032	0.18	1.0	1.0
4	4	100	6.774	0.425	10.0	0.0	1.0	1.0
4	4	77	5.0	0.0	11.742	0.445	1.0	1.0
4	4	74	5.0	0.0	12.0	0.258	1.0	1.0
4	4	71	4.806	0.402	12.355	0.486	1.0	1.0
4	4	68	4.323	0.475	12.935	0.442	1.0	1.0
4	4	65	4.0	0.0	13.516	0.508	1.0	1.0
4	4	62	4.0	0.0	13.839	0.523	1.0	1.0
4	4	59	3.968	0.18	14.677	0.653	1.0	1.0
4	4	56	3.645	0.486	15.677	0.653	1.0	1.0
4	4	53	3.032	0.407	16.935	0.892	1.0	1.0
4	4	50	2.452	0.506	18.71	1.395	1.0	1.0
4	4	47	1.968	0.18	22.323	2.151	1.0	1.0
4	4	44	1.935	0.25	25.355	2.537	1.0	1.0
5	4	420	20.323	0.475	9.0	0.0	1.0	1.0
5	4	380	19.032	0.18	9.0	0.0	1.0	1.0
5	4	340	17.871	0.341	9.0	0.0	1.0	1.0
5	4	300	16.065	0.25	9.0	0.0	1.0	1.0
5	4	260	14.29	0.461	9.0	0.0	1.0	1.0
5	4	220	12.323	0.475	9.0	0.0	1.0	1.0
5	4	180	10.161	0.374	9.129	0.341	1.0	1.0
5	4	140	8.0	0.0	10.0	0.0	1.0	1.0
5	4	100	5.419	0.502	11.0	0.0	1.0	1.0
5	4	77	4.0	0.0	12.484	0.508	1.0	1.0
5	4	74	3.839	0.374	13.226	0.497	1.0	1.0
5	4	71	3.71	0.461	13.548	0.568	1.0	1.0
5	4	68	3.194	0.402	14.194	0.477	1.0	1.0
5	4	65	3.032	0.18	14.774	0.56	1.0	1.0
5	4	62	2.968	0.18	15.516	0.769	1.0	1.0
5	4	59	2.806	0.402	16.774	0.762	1.0	1.0
5	4	56	1.935	0.68	18.71	1.575	1.0	1.0
5	4	53	1.226	0.497	21.516	2.58	1.0	1.0
5	4	50	0.897	0.409	24.815	2.909	0.806	0.871
5	4	47	0.233	0.43	27.375	4.34	0.226	0.258
5	4	44	0.0	0.0	nan	nan	0.0	0.0
6	4	420	22.839	0.374	8.968	0.18	1.0	1.0
6	4	380	21.355	0.486	9.0	0.0	1.0	1.0
6	4	340	19.871	0.341	9.0	0.0	1.0	1.0
6	4	300	17.839	0.374	9.0	0.0	1.0	1.0
6	4	260	15.935	0.25	9.0	0.0	1.0	1.0
6	4	220	13.645	0.486	9.0	0.0	1.0	1.0
6	4	180	11.065	0.25	9.0	0.0	1.0	1.0
6	4	140	8.548	0.506	9.419	0.502	1.0	1.0
6	4	100	5.935	0.25	10.452	0.506	1.0	1.0
6	4	77	4.0	0.0	12.194	0.477	1.0	1.0
6	4	74	3.839	0.374	12.387	0.495	1.0	1.0
6	4	71	3.548	0.506	13.065	0.359	1.0	1.0
6	4	68	3.29	0.461	13.548	0.506	1.0	1.0
6	4	65	3.097	0.301	14.097	0.651	1.0	1.0
6	4	62	2.968	0.18	14.871	0.67	1.0	1.0
6	4	59	2.581	0.502	15.516	0.996	1.0	1.0
6	4	56	2.226	0.56	16.806	1.195	1.0	1.0
6	4	53	1.419	0.672	18.8	1.518	0.968	0.968
6	4	50	0.857	0.756	21.143	3.366	0.581	0.677
6	4	47	0.032	0.18	28.0	0.0	0.032	0.032
6	4	44	0.0	0.0	nan	nan	0.0	0.0
7	4	420	18.032	0.18	8.0	0.0	1.0	1.0
7	4	380	17.0	0.0	8.0	0.0	1.0	1.0
7	4	340	15.968	0.18	8.0	0.0	1.0	1.0
7	4	300	14.323	0.475	8.065	0.25	1.0	1.0
7	4	260	12.839	0.374	8.258	0.445	1.0	1.0
7	4	220	11.0	0.0	8.968	0.18	1.0	1.0
7	4	180	9.065	0.25	9.0	0.0	1.0	1.0
7	4	140	7.0	0.0	9.0	0.0	1.0	1.0
7	4	100	5.0	0.0	10.0	0.0	1.0	1.0
7	4	77	3.258	0.445	11.548	0.506	1.0	1.0
7	4	74	3.065	0.25	11.774	0.425	1.0	1.0
7	4	71	3.0	0.0	12.29	0.529	1.0	1.0
7	4	68	2.968	0.18	12.742	0.514	1.0	1.0
7	4	65	2.742	0.445	13.065	0.574	1.0	1.0
7	4	62	2.548	0.506	13.581	0.502	1.0	1.0
7	4	59	2.097	0.301	14.516	0.626	1.0	1.0
7	4	56	2.0	0.0	15.548	0.85	1.0	1.0
7	4	53	1.839	0.374	16.677	1.194	1.0	1.0
7	4	50	1.286	0.535	19.033	1.45	0.871	0.968
7	4	47	0.25	0.518	23.0	2.915	0.194	0.29
7	4	44	0.0	0.0	26.0	0.0	0.0	0.032
8	4	420	24.032	0.18	9.0	0.0	1.0	1.0
8	4	380	22.774	0.425	9.0	0.0	1.0	1.0
8	4	340	21.0	0.365	9.0	0.0	1.0	1.0
8	4	300	19.129	0.341	9.0	0.0	1.0	1.0
8	4	260	17.097	0.301	9.0	0.0	1.0	1.0
8	4	220	14.903	0.396	9.0	0.0	1.0	1.0
8	4	180	12.548	0.506	9.0	0.0	1.0	1.0
8	4	140	9.806	0.402	9.645	0.486	1.0	1.0
8	4	100	7.0	0.0	10.581	0.502	1.0	1.0
8	4	77	5.032	0.18	12.065	0.359	1.0	1.0
8	4	74	4.903	0.301	12.71	0.461	1.0	1.0
8	4	71	4.548	0.506	12.871	0.428	1.0	1.0
8	4	68	4.355	0.486	13.452	0.568	1.0	1.0
8	4	65	4.032	0.18	14.065	0.727	1.0	1.0
8	4	62	3.968	0.18	14.806	0.543	1.0	1.0
8	4	59	3.742	0.445	15.742	0.815	1.0	1.0
8	4	56	3.258	0.575	16.613	0.919	1.0	1.0
8	4	53	2.484	0.57	18.452	1.41	1.0	1.0
8	4	50	2.0	0.365	20.194	1.701	1.0	1.0
8	4	47	1.774	0.425	23.71	1.918	1.0	1.0
8	4	44	1.194	0.749	27.76	3.37	0.806	0.806
9	4	420	14.871	0.341	9.0	0.0	1.0	1.0
9	4	380	14.0	0.0	9.0	0.0	1.0	1.0
9	4	340	12.935	0.25	9.0	0.0	1.0	1.0
9	4	300	11.71	0.461	9.0	0.0	1.0	1.0
9	4	260	10.194	0.402	9.0	0.0	1.0	1.0
9	4	220	9.0	0.0	9.0	0.0	1.0	1.0
9	4	180	7.097	0.301	9.0	0.0	1.0	1.0
9	4	140	5.742	0.445	9.968	0.18	1.0	1.0
9	4	100	4.0	0.0	10.742	0.445	1.0	1.0
9	4	77	2.871	0.341	12.258	0.445	1.0	1.0
9	4	74	2.613	0.495	12.903	0.396	1.0	1.0
9	4	71	2.065	0.25	13.194	0.402	1.0	1.0
9	4	68	2.032	0.18	13.71	0.529	1.0	1.0
9	4	65	2.0	0.0	14.484	0.626	1.0	1.0
9	4	62	2.0	0.0	15.29	0.739	1.0	1.0
9	4	59	1.935	0.25	16.226	0.717	1.0	1.0
9	4	56	1.464	0.508	17.839	0.969	0.903	1.0
9	4	53	0.733	0.704	21.16	3.051	0.29	0.806
9	4	50	0.0	0.0	nan	nan	0.0	0.0
9	4	47	0.0	0.0	nan	nan	0.0	0.0
9	4	44	0.0	0.0	nan	nan	0.0	0.0
10	4	420	14.323	0.475	9.0	0.0	1.0	1.0
10	4	380	13.355	0.486	9.0	0.0	1.0	1.0
10	4	340	12.29	0.461	9.0	0.0	1.0	1.0
10	4	300	11.0	0.0	9.0	0.0	1.0	1.0
10	4	260	10.0	0.0	9.0	0.0	1.0	1.0
10	4	220	8.226	0.425	9.0	0.0	1.0	1.0
10	4	180	6.968	0.18	9.0	0.0	1.0	1.0
10	4	140	5.0	0.0	9.871	0.341	1.0	1.0
10	4	100	3.0	0.0	10.935	0.25	1.0	1.0
10	4	77	2.0	0.0	12.774	0.497	1.0	1.0
10	4	74	2.0	0.0	13.194	0.402	1.0	1.0
10	4	71	2.0	0.0	13.935	0.574	1.0	1.0
10	4	68	2.0	0.0	14.742	0.773	1.0	1.0
10	4	65	1.71	0.461	16.0	0.856	1.0	1.0
10	4	62	1.192	0.491	17.233	1.501	0.806	0.968
10	4	59	0.129	0.341	17.5	0.577	0.129	0.129
10	4	56	0.0	0.0	nan	nan	0.0	0.0
10	4	53	0.0	0.0	nan	nan	0.0	0.0
10	4	50	0.0	0.0	nan	nan	0.0	0.0
10	4	47	0.0	0.0	nan	nan	0.0	0.0
10	4	44	0.0	0.0	nan	nan	0.0	0.0
11	4	420	16.032	0.18	9.0	0.0	1.0	1.0
11	4	380	15.097	0.301	9.0	0.0	1.0	1.0
11	4	340	14.0	0.0	9.0	0.0	1.0	1.0
11	4	300	12.968	0.18	9.0	0.0	1.0	1.0
11	4	260	11.161	0.374	9.0	0.0	1.0	1.0
11	4	220	9.71	0.461	9.387	0.495	1.0	1.0
11	4	180	8.0	0.0	10.0	0.0	1.0	1.0
11	4	140	5.968	0.18	10.0	0.0	1.0	1.0
11	4	100	3.935	0.25	11.258	0.445	1.0	1.0
11	4	77	2.742	0.445	13.774	0.425	1.0	1.0
11	4	74	2.323	0.475	14.323	0.541	1.0	1.0
11	4	71	2.097	0.301	14.903	0.539	1.0	1.0
11	4	68	2.0	0.0	15.581	0.62	1.0	1.0
11	4	65	1.968	0.18	16.71	0.938	1.0	1.0
11	4	62	1.677	0.475	17.839	1.098	1.0	1.0
11	4	59	1.042	0.359	21.367	2.484	0.742	0.968
11	4	56	0.179	0.39	23.125	1.642	0.161	0.258
11	4	53	0.0	0.0	nan	nan	0.0	0.0
11	4	50	0.0	0.0	nan	nan	0.0	0.0
11	4	47	0.0	0.0	nan	nan	0.0	0.0
11	4	44	0.0	0.0	nan	nan	0.0	0.0
12	4	420	16.484	0.508	9.0	0.0	1.0	1.0
12	4	380	15.645	0.486	9.0	0.0	1.0	1.0
12	4	340	14.419	0.502	9.0	0.0	1.0	1.0
12	4	300	13.065	0.25	9.0	0.0	1.0	1.0
12	4	260	12.0	0.0	9.0	0.0	1.0	1.0
12	4	220	10.032	0.18	9.0	0.0	1.0	1.0
12	4	180	8.323	0.475	9.0	0.0	1.0	1.0
12	4	140	6.774	0.425	10.0	0.0	1.0	1.0
12	4	100	4.774	0.425	11.032	0.18	1.0	1.0
12	4	77	3.226	0.425	13.194	0.402	1.0	1.0
12	4	74	3.0	0.0	14.0	0.365	1.0	1.0
12	4	71	3.0	0.0	14.516	0.508	1.0	1.0
12	4	68	3.0	0.0	15.645	0.798	1.0	1.0
12	4	65	2.903	0.396	16.677	0.909	1.0	1.0
12	4	62	2.419	0.765	18.032	1.278	1.0	1.0
12	4	59	1.387	0.558	20.097	1.989	1.0	1.0
12	4	56	0.862	0.351	26.444	4.117	0.806	0.871
12	4	53	0.069	0.258	29.75	6.076	0.065	0.129
12	4	50	0.0	0.0	nan	nan	0.0	0.0
12	4	47	0.0	0.0	nan	nan	0.0	0.0
12	4	44	0.0	0.0	nan	nan	0.0	0.0
13	4	420	14.29	0.461	9.0	0.0	1.0	1.0
13	4	380	13.613	0.495	9.0	0.0	1.0	1.0
13	4	340	12.839	0.374	9.0	0.0	1.0	1.0
13	4	300	11.516	0.508	9.0	0.0	1.0	1.0
13	4	260	10.0	0.0	9.0	0.0	1.0	1.0
13	4	220	8.968	0.18	9.0	0.0	1.0	1.0
13	4	180	7.194	0.402	9.0	0.0	1.0	1.0
13	4	140	5.871	0.341	9.613	0.495	1.0	1.0
13	4	100	4.0	0.0	10.645	0.486	1.0	1.0
13	4	77	3.0	0.0	12.29	0.461	1.0	1.0
13	4	74	2.968	0.18	12.839	0.374	1.0	1.0
13	4	71	2.839	0.374	13.194	0.402	1.0	1.0
13	4	68	2.387	0.495	13.871	0.428	1.0	1.0
13	4	65	2.0	0.0	14.387	0.715	1.0	1.0
13	4	62	2.0	0.0	15.097	0.473	1.0	1.0
13	4	59	2.0	0.0	16.323	0.832	1.0	1.0
13	4	56	1.581	0.502	18.161	1.675	1.0	1.0
13	4	53	1.034	0.499	20.679	2.465	0.839	0.903
13	4	50	0.214	0.418	23.0	2.062	0.194	0.29
13	4	47	0.0	0.0	nan	nan	0.0	0.0
13	4	44	0.0	0.0	nan	nan	0.0	0.0
14	4	420	15.839	0.374	8.129	0.341	1.0	1.0
14	4	380	14.968	0.18	8.097	0.301	1.0	1.0
14	4	340	13.968	0.18	8.323	0.475	1.0	1.0
14	4	300	12.71	0.461	8.71	0.461	1.0	1.0
14	4	260	11.097	0.301	8.968	0.18	1.0	1.0
14	4	220	9.968	0.18	9.0	0.0	1.0	1.0
14	4	180	8.0	0.0	9.0	0.0	1.0	1.0
14	4	140	6.387	0.495	9.0	0.0	1.0	1.0
14	4	100	4.742	0.445	10.0	0.0	1.0	1.0
14	4	77	3.226	0.425	12.0	0.0	1.0	1.0
14	4	74	3.065	0.25	12.387	0.495	1.0	1.0
14	4	71	3.0	0.0	12.903	0.396	1.0	1.0
14	4	68	3.0	0.0	13.452	0.624	1.0	1.0
14	4	65	3.0	0.0	14.065	0.359	1.0	1.0
14	4	62	3.0	0.0	14.742	0.575	1.0	1.0
14	4	59	2.677	0.475	16.065	1.365	1.0	1.0
14	4	56	1.935	0.359	17.452	1.338	1.0	1.0
14	4	53	1.129	0.341	20.194	2.136	1.0	1.0
14	4	50	0.935	0.25	24.345	3.792	0.935	0.935
14	4	47	0.167	0.379	29.333	3.266	0.161	0.194
14	4	44	0.0	0.0	nan	nan	0.0	0.0
15	4	420	15.0	0.0	8.0	0.0	1.0	1.0
15	4	380	14.161	0.374	8.0	0.0	1.0	1.0
15	4	340	13.065	0.25	8.0	0.0	1.0	1.0
15	4	300	12.032	0.18	8.0	0.0	1.0	1.0
15	4	260	10.968	0.18	8.0	0.0	1.0	1.0
15	4	220	9.194	0.402	8.0	0.0	1.0	1.0
15	4	180	7.968	0.18	8.0	0.0	1.0	1.0
15	4	140	6.0	0.0	8.968	0.18	1.0	1.0
15	4	100	4.032	0.18	10.032	0.18	1.0	1.0
15	4	77	3.0	0.0	11.645	0.486	1.0	1.0
15	4	74	3.0	0.0	12.032	0.407	1.0	1.0
15	4	71	3.0	0.0	12.613	0.558	1.0	1.0
15	4	68	2.839	0.374	13.452	0.506	1.0	1.0
15	4	65	2.677	0.475	13.935	0.727	1.0	1.0
15	4	62	2.161	0.374	15.258	0.729	1.0	1.0
15	4	59	1.968	0.18	16.71	0.973	1.0	1.0
15	4	56	1.516	0.508	18.871	1.979	1.0	1.0
15	4	53	0.774	0.497	22.739	3.414	0.742	0.742
15	4	50	0.0	0.0	nan	nan	0.0	0.0
15	4	47	0.0	0.0	nan	nan	0.0	0.0
15	4	44	0.0	0.0	nan	nan	0.0	0.0
16	4	420	22.774	0.425	9.0	0.0	1.0	1.0
16	4	380	21.29	0.461	9.0	0.0	1.0	1.0
16	4	340	19.935	0.25	9.0	0.0	1.0	1.0
16	4	300	18.0	0.258	9.0	0.0	1.0	1.0
16	4	260	15.935	0.25	9.0	0.0	1.0	1.0
16	4	220	13.806	0.402	9.0	0.0	1.0	1.0
16	4	180	11.194	0.477	9.0	0.0	1.0	1.0
16	4	140	8.839	0.374	10.0	0.0	1.0	1.0
16	4	100	5.871	0.341	10.935	0.25	1.0	1.0
16	4	77	4.032	0.18	12.871	0.428	1.0	1.0
16	4	74	3.935	0.25	13.258	0.631	1.0	1.0
16	4	71	3.742	0.445	13.774	0.497	1.0	1.0
16	4	68	3.484	0.508	14.387	0.558	1.0	1.0
16	4	65	3.226	0.425	14.871	0.67	1.0	1.0
16	4	62	3.065	0.25	16.097	0.831	1.0	1.0
16	4	59	2.742	0.445	17.452	0.995	1.0	1.0
16	4	56	2.032	0.706	18.548	1.338	1.0	1.0
16	4	53	1.484	0.626	21.567	2.569	0.968	0.968
16	4	50	0.933	0.365	25.643	3.477	0.871	0.903
16	4	47	0.194	0.402	27.167	1.329	0.194	0.194
16	4	44	0.0	0.0	nan	nan	0.0	0.0
17	4	420	17.129	0.341	8.645	0.486	1.0	1.0
17	4	380	16.0	0.0	8.839	0.374	1.0	1.0
17	4	340	15.0	0.0	8.935	0.25	1.0	1.0
17	4	300	13.613	0.495	8.968	0.18	1.0	1.0
17	4	260	12.129	0.341	9.0	0.0	1.0	1.0
17	4	220	10.548	0.506	9.0	0.0	1.0	1.0
17	4	180	8.71	0.461	9.0	0.0	1.0	1.0
17	4	140	6.839	0.374	9.452	0.506	1.0	1.0
17	4	100	4.774	0.425	10.677	0.475	1.0	1.0
17	4	77	3.161	0.374	12.645	0.608	1.0	1.0
17	4	74	3.032	0.18	13.194	0.477	1.0	1.0
17	4	71	2.968	0.18	13.677	0.653	1.0	1.0
17	4	68	2.839	0.374	14.355	0.551	1.0	1.0
17	4	65	2.677	0.475	15.065	0.629	1.0	1.0
17	4	62	2.29	0.461	16.032	0.752	1.0	1.0
17	4	59	1.774	0.425	17.774	1.407	1.0	1.0
17	4	56	1.097	0.396	19.767	1.96	0.968	0.968
17	4	53	0.9	0.305	22.643	2.313	0.871	0.903
17	4	50	0.033	0.183	27.0	4.243	0.032	0.065
17	4	47	0.0	0.0	nan	nan	0.0	0.0
17	4	44	0.0	0.0	nan	nan	0.0	0.0
18	4	420	19.129	0.341	8.0	0.0	1.0	1.0
18	4	380	18.161	0.374	8.0	0.0	1.0	1.0
18	4	340	17.0	0.0	8.0	0.0	1.0	1.0
18	4	300	15.484	0.508	8.032	0.18	1.0	1.0
18	4	260	13.871	0.341	8.419	0.502	1.0	1.0
18	4	220	12.032	0.18	8.806	0.402	1.0	1.0
18	4	180	10.0	0.0	9.0	0.0	1.0	1.0
18	4	140	7.968	0.18	9.0	0.0	1.0	1.0
18	4	100	5.774	0.425	10.0	0.0	1.0	1.0
18	4	77	4.032	0.18	12.032	0.18	1.0	1.0
18	4	74	4.0	0.0	12.161	0.374	1.0	1.0
18	4	71	4.0	0.0	12.645	0.486	1.0	1.0
18	4	68	3.903	0.301	13.29	0.461	1.0	1.0
18	4	65	3.419	0.502	13.677	0.541	1.0	1.0
18	4	62	3.065	0.25	14.484	0.57	1.0	1.0
18	4	59	3.0	0.0	15.355	0.709	1.0	1.0
18	4	56	2.903	0.301	16.903	0.978	1.0	1.0
18	4	53	2.323	0.475	18.806	1.25	1.0	1.0
18	4	50	1.774	0.497	22.097	2.241	1.0	1.0
18	4	47	1.0	0.577	29.037	5.192	0.677	0.871
18	4	44	0.033	0.183	31.5	4.95	0.032	0.065
19	4	420	19.065	0.25	8.0	0.0	1.0	1.0
19	4	380	18.0	0.0	8.0	0.0	1.0	1.0
19	4	340	16.903	0.301	8.0	0.0	1.0	1.0
19	4	300	15.226	0.425	8.0	0.0	1.0	1.0
19	4	260	13.935	0.25	8.0	0.0	1.0	1.0
19	4	220	12.065	0.25	8.0	0.0	1.0	1.0
19	4	180	10.032	0.18	8.0	0.0	1.0	1.0
19	4	140	8.0	0.0	8.581	0.502	1.0	1.0
19	4	100	5.774	0.425	9.29	0.461	1.0	1.0
19	4	77	4.097	0.301	10.903	0.301	1.0	1.0
19	4	74	4.0	0.0	11.097	0.301	1.0	1.0
19	4	71	4.0	0.0	11.387	0.495	1.0	1.0
19	4	68	3.903	0.301	11.935	0.442	1.0	1.0
19	4	65	3.419	0.502	12.484	0.626	1.0	1.0
19	4	62	3.129	0.341	12.903	0.473	1.0	1.0
19	4	59	3.0	0.0	13.871	0.718	1.0	1.0
19	4	56	3.0	0.0	14.71	0.529	1.0	1.0
19	4	53	2.839	0.374	16.258	1.29	1.0	1.0
19	4	50	1.968	0.752	18.839	1.753	1.0	1.0
19	4	47	1.29	0.461	22.323	3.468	1.0	1.0
19	4	44	0.552	0.506	28.5	4.962	0.516	0.581
20	4	420	14.968	0.18	8.0	0.0	1.0	1.0
20	4	380	14.0	0.0	8.0	0.0	1.0	1.0
20	4	340	13.0	0.0	8.0	0.0	1.0	1.0
20	4	300	12.0	0.0	8.065	0.25	1.0	1.0
20	4	260	10.548	0.506	8.71	0.461	1.0	1.0
20	4	220	9.0	0.0	9.0	0.0	1.0	1.0
20	4	180	7.452	0.506	9.0	0.0	1.0	1.0
20	4	140	6.0	0.0	9.097	0.301	1.0	1.0
20	4	100	4.0	0.0	10.968	0.18	1.0	1.0
20	4	77	3.0	0.0	13.516	0.508	1.0	1.0
20	4	74	2.871	0.341	14.226	0.56	1.0	1.0
20	4	71	2.516	0.508	15.194	0.543	1.0	1.0
20	4	68	2.065	0.442	16.387	0.989	1.0	1.0
20	4	65	1.581	0.502	17.903	1.399	1.0	1.0
20	4	62	1.065	0.25	21.323	1.887	1.0	1.0
20	4	59	0.724	0.455	27.435	3.941	0.677	0.742
20	4	56	0.0	0.0	nan	nan	0.0	0.0
20	4	53	0.0	0.0	nan	nan	0.0	0.0
20	4	50	0.0	0.0	nan	nan	0.0	0.0
20	4	47	0.0	0.0	nan	nan	0.0	0.0
20	4	44	0.0	0.0	nan	nan	0.0	0.0
21	4	420	15.516	0.508	8.0	0.0	1.0	1.0
21	4	380	14.903	0.301	8.032	0.18	1.0	1.0
21	4	340	13.419	0.502	8.0	0.0	1.0	1.0
21	4	300	12.032	0.18	8.097	0.301	1.0	1.0
21	4	260	11.0	0.0	8.677	0.475	1.0	1.0
21	4	220	9.097	0.301	9.0	0.0	1.0	1.0
21	4	180	7.71	0.461	9.0	0.0	1.0	1.0
21	4	140	6.0	0.0	9.0	0.0	1.0	1.0
21	4	100	4.0	0.0	10.065	0.25	1.0	1.0
21	4	77	2.935	0.25	12.097	0.301	1.0	1.0
21	4	74	2.645	0.486	12.548	0.506	1.0	1.0
21	4	71	2.387	0.495	13.032	0.482	1.0	1.0
21	4	68	2.065	0.25	13.71	0.588	1.0	1.0
21	4	65	2.097	0.301	14.452	0.568	1.0	1.0
21	4	62	2.0	0.0	15.645	0.839	1.0	1.0
21	4	59	1.871	0.341	16.903	1.193	1.0	1.0
21	4	56	1.393	0.497	19.032	2.302	0.903	1.0
21	4	53	0.375	0.495	22.875	2.363	0.29	0.516
21	4	50	0.0	0.0	nan	nan	0.0	0.0
21	4	47	0.0	0.0	nan	nan	0.0	0.0
21	4	44	0.0	0.0	nan	nan	0.0	0.0
22	4	420	14.0	0.0	8.0	0.0	1.0	1.0
22	4	380	13.065	0.25	8.0	0.0	1.0	1.0
22	4	340	12.548	0.506	8.032	0.18	1.0	1.0
22	4	300	11.129	0.341	8.065	0.25	1.0	1.0
22	4	260	10.0	0.0	8.581	0.502	1.0	1.0
22	4	220	8.968	0.18	9.0	0.0	1.0	1.0
22	4	180	7.161	0.374	9.0	0.0	1.0	1.0
22	4	140	6.0	0.0	9.0	0.0	1.0	1.0
22	4	100	4.0	0.0	10.097	0.301	1.0	1.0
22	4	77	3.0	0.0	12.065	0.25	1.0	1.0
22	4	74	3.0	0.0	12.323	0.475	1.0	1.0
22	4	71	3.0	0.0	13.032	0.18	1.0	1.0
22	4	68	2.935	0.25	13.581	0.502	1.0	1.0
22	4	65	2.516	0.508	14.613	0.667	1.0	1.0
22	4	62	2.065	0.25	15.516	0.508	1.0	1.0
22	4	59	1.935	0.25	16.968	0.912	1.0	1.0
22	4	56	1.29	0.461	19.645	2.106	1.0	1.0
22	4	53	0.759	0.435	23.917	3.729	0.71	0.774
22	4	50	0.0	0.0	nan	nan	0.0	0.0
22	4	47	0.0	0.0	nan	nan	0.0	0.0
22	4	44	0.0	0.0	nan	nan	0.0	0.0
23	4	420	15.0	0.0	8.0	0.0	1.0	1.0
23	4	380	14.0	0.0	8.0	0.0	1.0	1.0
23	4	340	12.903	0.301	8.0	0.0	1.0	1.0
23	4	300	11.677	0.475	8.0	0.0	1.0	1.0
23	4	260	10.032	0.18	8.0	0.0	1.0	1.0
23	4	220	8.806	0.402	8.258	0.445	1.0	1.0
23	4	180	6.968	0.18	9.0	0.0	1.0	1.0
23	4	140	5.065	0.25	9.032	0.18	1.0	1.0
23	4	100	3.161	0.454	10.161	0.374	1.0	1.0
23	4	77	2.032	0.18	12.645	0.551	1.0	1.0
23	4	74	2.0	0.0	13.129	0.499	1.0	1.0
23	4	71	2.0	0.0	13.903	0.539	1.0	1.0
23	4	68	2.0	0.0	14.677	0.653	1.0	1.0
23	4	65	1.935	0.25	15.742	0.729	1.0	1.0
23	4	62	1.5	0.511	17.806	1.701	0.774	1.0
23	4	59	0.5	0.707	20.65	2.681	0.226	0.645
23	4	56	0.0	0.0	nan	nan	0.0	0.0
23	4	53	0.0	0.0	nan	nan	0.0	0.0
23	4	50	0.0	0.0	nan	nan	0.0	0.0
23	4	47	0.0	0.0	nan	nan	0.0	0.0
23	4	44	0.0	0.0	nan	nan	0.0	0.0
24	4	420	21.097	0.301	8.0	0.0	1.0	1.0
24	4	380	20.0	0.365	8.0	0.0	1.0	1.0
24	4	340	18.258	0.445	8.0	0.0	1.0	1.0
24	4	300	16.903	0.301	8.0	0.0	1.0	1.0
24	4	260	15.0	0.0	8.194	0.402	1.0	1.0
24	4	220	12.871	0.341	8.774	0.425	1.0	1.0
24	4	180	10.677	0.475	9.0	0.0	1.0	1.0
24	4	140	8.129	0.341	9.0	0.0	1.0	1.0
24	4	100	5.742	0.445	10.0	0.0	1.0	1.0
24	4	77	4.065	0.25	11.742	0.445	1.0	1.0
24	4	74	3.903	0.396	12.161	0.454	1.0	1.0
24	4	71	3.806	0.402	12.452	0.568	1.0	1.0
24	4	68	3.452	0.506	13.194	0.601	1.0	1.0
24	4	65	3.097	0.301	13.903	0.597	1.0	1.0
24	4	62	2.968	0.18	14.806	0.91	1.0	1.0
24	4	59	2.774	0.425	15.484	0.962	1.0	1.0
24	4	56	2.387	0.615	16.806	1.558	1.0	1.0
24	4	53	1.935	0.727	17.774	1.687	1.0	1.0
24	4	50	1.143	0.651	21.207	2.555	0.839	0.935
24	4	47	0.677	0.541	24.5	2.875	0.645	0.645
24	4	44	0.032	0.18	23.0	0.0	0.032	0.032
25	4	420	17.0	0.0	8.0	0.0	1.0	1.0
25	4	380	16.032	0.315	8.0	0.0	1.0	1.0
25	4	340	15.0	0.0	8.0	0.0	1.0	1.0
25	4	300	13.742	0.445	8.065	0.25	1.0	1.0
25	4	260	12.032	0.18	8.419	0.502	1.0	1.0
25	4	220	10.581	0.502	8.968	0.18	1.0	1.0
25	4	180	8.935	0.25	9.0	0.0	1.0	1.0
25	4	140	7.0	0.0	9.0	0.0	1.0	1.0
25	4	100	4.968	0.18	10.032	0.18	1.0	1.0
25	4	77	3.806	0.402	11.742	0.445	1.0	1.0
25	4	74	3.323	0.475	12.194	0.402	1.0	1.0
25	4	71	3.129	0.341	12.484	0.508	1.0	1.0
25	4	68	3.0	0.0	13.065	0.359	1.0	1.0
25	4	65	3.0	0.0	13.645	0.608	1.0	1.0
25	4	62	3.0	0.0	14.484	0.724	1.0	1.0
25	4	59	2.742	0.445	15.29	0.739	1.0	1.0
25	4	56	2.258	0.575	16.774	0.845	1.0	1.0
25	4	53	1.645	0.661	18.226	1.477	1.0	1.0
25	4	50	1.065	0.25	21.387	1.783	1.0	1.0
25	4	47	0.862	0.351	24.407	3.411	0.806	0.871
25	4	44	0.129	0.341	27.25	2.872	0.129	0.129
26	4	420	17.903	0.301	8.0	0.0	1.0	1.0
26	4	380	16.871	0.341	8.0	0.0	1.0	1.0
26	4	340	15.613	0.495	8.032	0.18	1.0	1.0
26	4	300	14.065	0.25	8.065	0.25	1.0	1.0
26	4	260	12.677	0.475	8.613	0.495	1.0	1.0
26	4	220	11.0	0.0	9.0	0.0	1.0	1.0
26	4	180	9.0	0.0	9.0	0.0	1.0	1.0
26	4	140	7.0	0.0	9.0	0.0	1.0	1.0
26	4	100	4.774	0.425	10.032	0.18	1.0	1.0
26	4	77	3.226	0.425	12.032	0.315	1.0	1.0
26	4	74	3.0	0.0	12.065	0.359	1.0	1.0
26	4	71	2.968	0.18	12.806	0.477	1.0	1.0
26	4	68	2.968	0.18	13.29	0.529	1.0	1.0
26	4	65	2.613	0.495	13.774	0.497	1.0	1.0
26	4	62	2.161	0.374	14.742	0.815	1.0	1.0
26	4	59	2.097	0.301	15.581	0.72	1.0	1.0
26	4	56	1.839	0.374	17.226	1.117	1.0	1.0
26	4	53	1.44	0.583	19.9	2.644	0.774	0.968
26	4	50	0.625	0.495	22.636	2.441	0.484	0.71
26	4	47	0.0	0.0	nan	nan	0.0	0.0
26	4	44	0.0	0.0	nan	nan	0.0	0.0
27	4	420	25.903	0.301	8.968	0.18	1.0	1.0
27	4	380	24.194	0.402	9.0	0.0	1.0	1.0
27	4	340	22.806	0.402	9.0	0.0	1.0	1.0
27	4	300	20.742	0.445	9.0	0.0	1.0	1.0
27	4	260	18.677	0.475	9.0	0.0	1.0	1.0
27	4	220	16.032	0.315	9.0	0.0	1.0	1.0
27	4	180	13.452	0.506	9.0	0.0	1.0	1.0
27	4	140	10.677	0.475	9.419	0.502	1.0	1.0
27	4	100	7.355	0.486	10.29	0.461	1.0	1.0
27	4	77	5.677	0.475	12.032	0.18	1.0	1.0
27	4	74	5.355	0.486	12.194	0.402	1.0	1.0
27	4	71	5.0	0.0	12.903	0.396	1.0	1.0
27	4	68	5.0	0.0	13.226	0.425	1.0	1.0
27	4	65	4.806	0.402	13.871	0.428	1.0	1.0
27	4	62	4.161	0.374	14.581	0.564	1.0	1.0
27	4	59	4.032	0.18	15.613	0.761	1.0	1.0
27	4	56	3.903	0.301	16.742	0.815	1.0	1.0
27	4	53	3.129	0.619	18.677	1.4	1.0	1.0
27	4	50	2.29	0.461	21.452	1.729	1.0	1.0
27	4	47	1.903	0.301	26.774	3.836	1.0	1.0
27	4	44	0.714	0.854	33.938	6.371	0.419	0.516
28	4	420	21.613	0.495	8.0	0.0	1.0	1.0
28	4	380	20.129	0.341	8.0	0.0	1.0	1.0
28	4	340	18.774	0.425	8.0	0.0	1.0	1.0
28	4	300	17.0	0.258	8.097	0.301	1.0	1.0
28	4	260	15.194	0.402	8.387	0.495	1.0	1.0
28	4	220	13.097	0.301	9.0	0.0	1.0	1.0
28	4	180	10.968	0.18	9.0	0.0	1.0	1.0
28	4	140	8.29	0.461	9.0	0.0	1.0	1.0
28	4	100	5.968	0.18	10.097	0.301	1.0	1.0
28	4	77	4.097	0.301	12.129	0.341	1.0	1.0
28	4	74	4.0	0.0	12.839	0.374	1.0	1.0
28	4	71	4.0	0.0	13.194	0.402	1.0	1.0
28	4	68	3.806	0.402	13.871	0.499	1.0	1.0
28	4	65	3.258	0.445	14.581	0.564	1.0	1.0
28	4	62	3.032	0.18	15.742	0.773	1.0	1.0
28	4	59	2.806	0.402	17.194	1.078	1.0	1.0
28	4	56	2.323	0.475	19.742	1.999	1.0	1.0
28	4	53	1.677	0.475	23.161	2.77	1.0	1.0
28	4	50	0.652	0.647	30.524	4.611	0.419	0.677
28	4	47	0.0	0.0	nan	nan	0.0	0.0
28	4	44	0.0	0.0	nan	nan	0.0	0.0
29	4	420	11.0	0.0	9.0	0.0	1.0	1.0
29	4	380	10.161	0.374	9.0	0.0	1.0	1.0
29	4	340	9.677	0.475	9.0	0.0	1.0	1.0
29	4	300	8.903	0.301	9.0	0.0	1.0	1.0
29	4	260	7.968	0.18	9.0	0.0	1.0	1.0
29	4	220	6.742	0.445	9.0	0.0	1.0	1.0
29	4	180	5.097	0.301	9.0	0.0	1.0	1.0
29	4	140	4.0	0.0	9.968	0.18	1.0	1.0
29	4	100	3.0	0.0	10.968	0.18	1.0	1.0
29	4	77	2.0	0.0	13.065	0.25	1.0	1.0
29	4	74	2.0	0.0	13.484	0.508	1.0	1.0
29	4	71	1.935	0.25	14.323	0.599	1.0	1.0
29	4	68	1.742	0.445	15.161	0.638	1.0	1.0
29	4	65	1.207	0.412	16.258	0.855	0.935	1.0
29	4	62	0.786	0.426	18.643	1.85	0.355	0.903
29	4	59	0.074	0.267	21.333	3.141	0.065	0.194
29	4	56	0.0	0.0	nan	nan	0.0	0.0
29	4	53	0.0	0.0	nan	nan	0.0	0.0
29	4	50	0.0	0.0	nan	nan	0.0	0.0
29	4	47	0.0	0.0	nan	nan	0.0	0.0
29	4	44	0.0	0.0	nan	nan	0.0	0.0
30	4	420	17.935	0.25	9.0	0.0	1.0	1.0
30	4	380	16.806	0.402	9.0	0.0	1.0	1.0
30	4	340	15.387	0.495	9.0	0.0	1.0	1.0
30	4	300	14.0	0.0	9.0	0.0	1.0	1.0
30	4	260	12.581	0.502	9.0	0.0	1.0	1.0
30	4	220	10.935	0.25	9.0	0.0	1.0	1.0
30	4	180	8.871	0.341	9.0	0.0	1.0	1.0
30	4	140	6.903	0.301	9.774	0.425	1.0	1.0
30	4	100	4.839	0.374	10.581	0.502	1.0	1.0
30	4	77	3.323	0.475	12.226	0.425	1.0	1.0
30	4	74	3.161	0.374	12.613	0.495	1.0	1.0
30	4	71	3.0	0.0	13.065	0.359	1.0	1.0
30	4	68	2.935	0.25	13.71	0.588	1.0	1.0
30	4	65	2.677	0.475	14.226	0.805	1.0	1.0
30	4	62	2.226	0.425	15.065	0.68	1.0	1.0
30	4	59	2.194	0.477	16.065	0.929	1.0	1.0
30	4	56	1.774	0.497	17.645	1.518	1.0	1.0
30	4	53	1.148	0.362	20.129	2.012	0.871	1.0
30	4	50	0.607	0.497	23.1	1.41	0.548	0.645
30	4	47	0.033	0.183	24.5	2.121	0.032	0.065
30	4	44	0.0	0.0	nan	nan	0.0	0.0
31	4	420	14.968	0.18	8.0	0.0	1.0	1.0
31	4	380	14.0	0.0	8.0	0.0	1.0	1.0
31	4	340	12.935	0.25	8.0	0.0	1.0	1.0
31	4	300	11.29	0.461	8.0	0.0	1.0	1.0
31	4	260	10.0	0.0	8.0	0.0	1.0	1.0
31	4	220	8.258	0.445	8.613	0.495	1.0	1.0
31	4	180	6.968	0.18	9.0	0.0	1.0	1.0
31	4	140	5.032	0.18	9.0	0.0	1.0	1.0
31	4	100	3.161	0.374	10.129	0.341	1.0	1.0
31	4	77	2.0	0.0	12.677	0.475	1.0	1.0
31	4	74	2.032	0.18	12.968	0.482	1.0	1.0
31	4	71	2.0	0.0	13.645	0.709	1.0	1.0
31	4	68	2.0	0.0	14.29	0.693	1.0	1.0
31	4	65	1.968	0.18	15.29	0.902	1.0	1.0
31	4	62	1.667	0.479	16.613	1.116	0.968	1.0
31	4	59	1.167	0.514	18.6	2.094	0.548	0.968
31	4	56	0.0	0.0	21.6	2.413	0.0	0.323
31	4	53	0.0	0.0	nan	nan	0.0	0.0
31	4	50	0.0	0.0	nan	nan	0.0	0.0
31	4	47	0.0	0.0	nan	nan	0.0	0.0
31	4	44	0.0	0.0	nan	nan	0.0	0.0
0	5	420	23.968	0.18	8.0	0.0	1.0	1.0
0	5	380	22.323	0.475	8.0	0.0	1.0	1.0
0	5	340	20.71	0.461	8.226	0.425	1.0	1.0
0	5	300	18.839	0.374	8.677	0.475	1.0	1.0
0	5	260	16.613	0.495	9.0	0.0	1.0	1.0
0	5	220	14.129	0.341	9.0	0.0	1.0	1.0
0	5	180	11.871	0.341	9.0	0.0	1.0	1.0
0	5	140	9.032	0.18	9.097	0.301	1.0	1.0
0	5	100	6.194	0.402	10.258	0.445	1.0	1.0
0	5	77	4.613	0.495	12.355	0.551	1.0	1.0
0	5	74	4.516	0.508	12.806	0.402	1.0	1.0
0	5	71	4.032	0.18	13.258	0.445	1.0	1.0
0	5	68	4.0	0.0	13.645	0.608	1.0	1.0
0	5	65	4.0	0.0	14.645	0.551	1.0	1.0
0	5	62	3.548	0.506	15.129	0.499	1.0	1.0
0	5	59	3.065	0.359	16.484	0.724	1.0	1.0
0	5	56	2.645	0.486	18.097	1.221	1.0	1.0
0	5	53	2.032	0.18	21.161	1.828	1.0	1.0
0	5	50	1.742	0.445	25.097	1.777	1.0	1.0
0	5	47	1.0	0.679	32.12	3.516	0.677	0.806
0	5	44	0.0	0.0	nan	nan	0.0	0.0
1	5	420	17.032	0.18	9.0	0.0	1.0	1.0
1	5	380	16.065	0.25	9.0	0.0	1.0	1.0
1	5	340	14.968	0.18	9.0	0.0	1.0	1.0
1	5	300	13.258	0.445	9.0	0.0	1.0	1.0
1	5	260	11.968	0.18	9.0	0.0	1.0	1.0
1	5	220	10.0	0.0	9.0	0.0	1.0	1.0
1	5	180	8.0	0.0	9.677	0.475	1.0	1.0
1	5	140	6.032	0.18	10.0	0.0	1.0	1.0
1	5	100	4.0	0.0	11.903	0.301	1.0	1.0
1	5	77	3.0	0.0	15.0	0.447	1.0	1.0
1	5	74	2.871	0.341	16.129	0.718	1.0	1.0
1	5	71	2.129	0.619	17.129	0.806	1.0	1.0
1	5	68	1.355	0.486	18.806	1.327	1.0	1.0
1	5	65	1.032	0.18	21.806	2.104	1.0	1.0
1	5	62	0.774	0.425	25.167	1.949	0.774	0.774
1	5	59	0.032	0.18	30.0	0.0	0.032	0.032
1	5	56	0.0	0.0	nan	nan	0.0	0.0
1	5	53	0.0	0.0	nan	nan	0.0	0.0
1	5	50	0.0	0.0	nan	nan	0.0	0.0
1	5	47	0.0	0.0	nan	nan	0.0	0.0
1	5	44	0.0	0.0	nan	nan	0.0	0.0
2	5	420	18.0	0.0	9.0	0.0	1.0	1.0
2	5	380	16.903	0.301	9.0	0.0	1.0	1.0
2	5	340	15.097	0.301	9.0	0.0	1.0	1.0
2	5	300	13.839	0.374	9.0	0.0	1.0	1.0
2	5	260	11.935	0.25	9.0	0.0	1.0	1.0
2	5	220	10.032	0.18	9.0	0.0	1.0	1.0
2	5	180	7.968	0.18	9.0	0.0	1.0	1.0
2	5	140	6.0	0.0	10.0	0.0	1.0	1.0
2	5	100	4.0	0.0	10.968	0.18	1.0	1.0
2	5	77	2.355	0.486	13.71	0.461	1.0	1.0
2	5	74	2.065	0.25	14.355	0.661	1.0	1.0
2	5	71	2.0	0.0	15.29	0.693	1.0	1.0
2	5	68	2.0	0.0	16.226	0.717	1.0	1.0
2	5	65	1.567	0.504	18.0	1.155	0.968	1.0
2	5	62	1.08	0.572	20.107	2.079	0.71	0.903
2	5	59	0.179	0.476	21.857	2.854	0.129	0.226
2	5	56	0.0	0.0	nan	nan	0.0	0.0
2	5	53	0.0	0.0	nan	nan	0.0	0.0
2	5	50	0.0	0.0	nan	nan	0.0	0.0
2	5	47	0.0	0.0	nan	nan	0.0	0.0
2	5	44	0.0	0.0	nan	nan	0.0	0.0
3	5	420	18.129	0.341	9.0	0.0	1.0	1.0
3	5	380	17.0	0.0	9.0	0.0	1.0	1.0
3	5	340	15.484	0.508	9.0	0.0	1.0	1.0
3	5	300	13.935	0.25	9.0	0.0	1.0	1.0
3	5	260	12.032	0.18	9.0	0.0	1.0	1.0
3	5	220	10.065	0.25	9.0	0.0	1.0	1.0
3	5	180	8.065	0.25	9.484	0.508	1.0	1.0
3	5	140	6.0	0.0	10.0	0.0	1.0	1.0
3	5	100	4.0	0.0	11.613	0.495	1.0	1.0
3	5	77	2.226	0.425	14.355	0.486	1.0	1.0
3	5	74	2.065	0.25	14.935	0.512	1.0	1.0
3	5	71	2.0	0.0	16.0	0.816	1.0	1.0
3	5	68	1.833	0.379	17.516	1.48	0.968	1.0
3	5	65	1.44	0.507	19.258	2.265	0.806	1.0
3	5	62	0.5	0.598	22.368	2.565	0.323	0.613
3	5	59	0.0	0.0	23.0	1.414	0.0	0.065
3	5	56	0.0	0.0	nan	nan	0.0	0.0
3	5	53	0.0	0.0	nan	nan	0.0	0.0
3	5	50	0.0	0.0	nan	nan	0.0	0.0
3	5	47	0.0	0.0	nan	nan	0.0	0.0
3	5	44	0.0	0.0	nan	nan	0.0	0.0
4	5	420	18.871	0.341	8.935	0.25	1.0	1.0
4	5	380	17.774	0.425	9.0	0.0	1.0	1.0
4	5	340	16.194	0.402	8.968	0.18	1.0	1.0
4	5	300	14.839	0.374	9.0	0.0	1.0	1.0
4	5	260	13.0	0.0	9.0	0.0	1.0	1.0
4	5	220	11.032	0.315	9.0	0.0	1.0	1.0
4	5	180	9.065	0.25	9.0	0.0	1.0	1.0
4	5	140	7.0	0.0	9.194	0.402	1.0	1.0
4	5	100	5.0	0.0	10.29	0.461	1.0	1.0
4	5	77	3.581	0.502	11.968	0.315	1.0	1.0
4	5	74	3.161	0.374	12.645	0.486	1.0	1.0
4	5	71	3.0	0.0	13.0	0.258	1.0	1.0
4	5	68	3.0	0.0	13.645	0.551	1.0	1.0
4	5	65	2.968	0.18	14.129	0.562	1.0	1.0
4	5	62	2.839	0.374	15.0	0.516	1.0	1.0
4	5	59	2.387	0.495	15.839	0.898	1.0	1.0
4	5	56	1.774	0.497	17.484	1.313	1.0	1.0
4	5	53	1.097	0.301	20.645	1.976	1.0	1.0
4	5	50	0.7	0.466	25.727	3.588	0.677	0.71
4	5	47	0.0	0.0	nan	nan	0.0	0.0
4	5	44	0.0	0.0	nan	nan	0.0	0.0
5	5	420	16.516	0.508	8.0	0.0	1.0	1.0
5	5	380	15.226	0.425	8.0	0.0	1.0	1.0
5	5	340	14.0	0.0	8.0	0.0	1.0	1.0
5	5	300	12.774	0.425	8.032	0.18	1.0	1.0
5	5	260	11.0	0.0	8.419	0.502	1.0	1.0
5	5	220	9.29	0.461	9.0	0.0	1.0	1.0
5	5	180	7.516	0.508	9.0	0.0	1.0	1.0
5	5	140	5.71	0.461	9.0	0.0	1.0	1.0
5	5	100	3.774	0.425	10.129	0.341	1.0	1.0
5	5	77	2.0	0.0	12.194	0.402	1.0	1.0
5	5	74	2.0	0.0	12.645	0.661	1.0	1.0
5	5	71	2.0	0.0	13.226	0.425	1.0	1.0
5	5	68	2.0	0.0	13.806	0.477	1.0	1.0
5	5	65	1.968	0.18	14.613	0.615	1.0	1.0
5	5	62	1.355	0.486	15.968	0.836	1.0	1.0
5	5	59	1.15	0.489	17.8	2.024	0.613	0.968
5	5	56	0.0	0.0	20.0	1.0	0.0	0.097
5	5	53	0.0	0.0	nan	nan	0.0	0.0
5	5	50	0.0	0.0	nan	nan	0.0	0.0
5	5	47	0.0	0.0	nan	nan	0.0	0.0
5	5	44	0.0	0.0	nan	nan	0.0	0.0
6	5	420	16.0	0.0	9.0	0.0	1.0	1.0
6	5	380	15.0	0.0	9.0	0.0	1.0	1.0
6	5	340	14.0	0.0	9.0	0.0	1.0	1.0
6	5	300	12.71	0.461	9.0	0.0	1.0	1.0
6	5	260	11.0	0.0	9.0	0.0	1.0	1.0
6	5	220	9.484	0.508	9.0	0.0	1.0	1.0
6	5	180	7.968	0.18	9.419	0.502	1.0	1.0
6	5	140	6.0	0.0	10.0	0.0	1.0	1.0
6	5	100	4.0	0.0	11.194	0.402	1.0	1.0
6	5	77	3.0	0.0	13.806	0.402	1.0	1.0
6	5	74	3.0	0.0	14.419	0.564	1.0	1.0
6	5	71	3.0	0.0	15.065	0.574	1.0	1.0
6	5	68	2.677	0.475	16.0	0.683	1.0	1.0
6	5	65	1.903	0.539	17.742	1.39	1.0	1.0
6	5	62	1.194	0.402	19.839	1.44	1.0	1.0
6	5	59	0.903	0.301	23.857	2.915	0.903	0.903
6	5	56	0.29	0.461	26.333	3.354	0.29	0.29
6	5	53	0.0	0.0	nan	nan	0.0	0.0
6	5	50	0.0	0.0	nan	nan	0.0	0.0
6	5	47	0.0	0.0	nan	nan	0.0	0.0
6	5	44	0.0	0.0	nan	nan	0.0	0.0
7	5	420	17.097	0.301	8.0	0.0	1.0	1.0
7	5	380	16.0	0.0	8.0	0.0	1.0	1.0
7	5	340	14.677	0.475	8.0	0.0	1.0	1.0
7	5	300	13.0	0.0	8.065	0.25	1.0	1.0
7	5	260	11.226	0.425	8.581	0.502	1.0	1.0
7	5	220	9.484	0.508	9.0	0.0	1.0	1.0
7	5	180	7.71	0.461	9.0	0.0	1.0	1.0
7	5	140	5.806	0.402	9.032	0.18	1.0	1.0
7	5	100	3.581	0.502	10.484	0.508	1.0	1.0
7	5	77	2.065	0.25	12.935	0.25	1.0	1.0
7	5	74	2.032	0.18	13.355	0.486	1.0	1.0
7	5	71	2.0	0.0	14.161	0.523	1.0	1.0
7	5	68	2.0	0.0	14.903	0.597	1.0	1.0
7	5	65	1.871	0.341	15.935	0.629	1.0	1.0
7	5	62	1.476	0.512	18.0	1.732	0.677	1.0
7	5	59	0.115	0.326	20.875	2.696	0.097	0.258
7	5	56	0.0	0.0	nan	nan	0.0	0.0
7	5	53	0.0	0.0	nan	nan	0.0	0.0
7	5	50	0.0	0.0	nan	nan	0.0	0.0
7	5	47	0.0	0.0	nan	nan	0.0	0.0
7	5	44	0.0	0.0	nan	nan	0.0	0.0
8	5	420	17.161	0.374	8.0	0.0	1.0	1.0
8	5	380	15.968	0.18	8.0	0.0	1.0	1.0
8	5	340	14.839	0.374	8.0	0.0	1.0	1.0
8	5	300	13.065	0.25	8.032	0.18	1.0	1.0
8	5	260	11.774	0.425	8.355	0.486	1.0	1.0
8	5	220	10.0	0.0	9.0	0.0	1.0	1.0
8	5	180	7.968	0.18	9.0	0.0	1.0	1.0
8	5	140	6.0	0.0	9.0	0.0	1.0	1.0
8	5	100	3.968	0.18	10.387	0.495	1.0	1.0
8	5	77	2.419	0.502	12.903	0.473	1.0	1.0
8	5	74	2.29	0.461	13.0	0.516	1.0	1.0
8	5	71	2.032	0.18	13.677	0.541	1.0	1.0
8	5	68	2.0	0.0	14.774	0.617	1.0	1.0
8	5	65	2.0	0.0	15.742	0.729	1.0	1.0
8	5	62	1.871	0.341	16.806	0.792	1.0	1.0
8	5	59	1.4	0.598	19.067	1.76	0.613	0.968
8	5	56	0.13	0.344	20.364	1.69	0.097	0.355
8	5	53	0.0	0.0	nan	nan	0.0	0.0
8	5	50	0.0	0.0	nan	nan	0.0	0.0
8	5	47	0.0	0.0	nan	nan	0.0	0.0
8	5	44	0.0	0.0	nan	nan	0.0	0.0
9	5	420	21.742	0.445	8.0	0.0	1.0	1.0
9	5	380	20.065	0.25	8.0	0.0	1.0	1.0
9	5	340	18.258	0.445	8.0	0.0	1.0	1.0
9	5	300	16.645	0.486	8.032	0.18	1.0	1.0
9	5	260	14.452	0.506	8.581	0.502	1.0	1.0
9	5	220	12.097	0.301	9.0	0.0	1.0	1.0
9	5	180	9.968	0.18	9.0	0.0	1.0	1.0
9	5	140	7.194	0.402	9.161	0.374	1.0	1.0
9	5	100	4.677	0.475	10.871	0.341	1.0	1.0
9	5	77	3.065	0.25	13.161	0.374	1.0	1.0
9	5	74	2.968	0.18	13.677	0.475	1.0	1.0
9	5	71	2.806	0.402	14.419	0.564	1.0	1.0
9	5	68	2.161	0.374	15.0	0.775	1.0	1.0
9	5	65	2.0	0.258	16.516	1.18	1.0	1.0
9	5	62	1.548	0.506	18.194	1.515	1.0	1.0
9	5	59	1.033	0.556	20.333	2.287	0.839	0.871
9	5	56	0.143	0.356	23.429	2.37	0.129	0.226
9	5	53	0.0	0.0	nan	nan	0.0	0.0
9	5	50	0.0	0.0	nan	nan	0.0	0.0
9	5	47	0.0	0.0	nan	nan	0.0	0.0
9	5	44	0.0	0.0	nan	nan	0.0	0.0
10	5	420	20.839	0.374	8.0	0.0	1.0	1.0
10	5	380	19.387	0.495	8.0	0.0	1.0	1.0
10	5	340	18.0	0.0	8.0	0.0	1.0	1.0
10	5	300	16.258	0.445	8.0	0.0	1.0	1.0
10	5	260	14.645	0.486	8.0	0.0	1.0	1.0
10	5	220	12.581	0.502	8.71	0.461	1.0	1.0
10	5	180	10.129	0.341	9.0	0.0	1.0	1.0
10	5	140	8.0	0.258	9.0	0.0	1.0	1.0
10	5	100	5.742	0.445	10.0	0.0	1.0	1.0
10	5	77	4.129	0.341	11.387	0.495	1.0	1.0
10	5	74	4.0	0.0	11.968	0.315	1.0	1.0
10	5	71	4.0	0.0	12.161	0.374	1.0	1.0
10	5	68	3.71	0.461	12.516	0.508	1.0	1.0
10	5	65	3.484	0.508	13.129	0.428	1.0	1.0
10	5	62	3.194	0.402	13.806	0.543	1.0	1.0
10	5	59	3.0	0.0	14.613	0.615	1.0	1.0
10	5	56	3.0	0.0	15.581	0.807	1.0	1.0
10	5	53	2.677	0.475	17.258	1.316	1.0	1.0
10	5	50	1.742	0.815	18.774	1.857	1.0	1.0
10	5	47	1.161	0.374	22.581	2.884	1.0	1.0
10	5	44	0.786	0.418	26.68	3.705	0.71	0.806
11	5	420	19.839	0.374	8.935	0.25	1.0	1.0
11	5	380	18.29	0.461	9.0	0.0	1.0	1.0
11	5	340	16.903	0.301	9.0	0.0	1.0	1.0
11	5	300	14.968	0.18	9.0	0.0	1.0	1.0
11	5	260	13.0	0.0	9.0	0.0	1.0	1.0
11	5	220	11.0	0.0	9.0	0.0	1.0	1.0
11	5	180	8.935	0.25	9.0	0.0	1.0	1.0
11	5	140	6.484	0.508	9.613	0.495	1.0	1.0
11	5	100	4.0	0.0	10.935	0.25	1.0	1.0
11	5	77	2.645	0.486	12.871	0.499	1.0	1.0
11	5	74	2.065	0.25	13.516	0.508	1.0	1.0
11	5	71	2.032	0.18	14.0	0.577	1.0	1.0
11	5	68	2.0	0.0	14.774	0.805	1.0	1.0
11	5	65	2.0	0.0	15.935	0.854	1.0	1.0
11	5	62	1.615	0.571	17.8	1.789	0.806	0.968
11	5	59	0.65	0.875	20.526	3.186	0.258	0.613
11	5	56	0.0	0.0	nan	nan	0.0	0.0
11	5	53	0.0	0.0	nan	nan	0.0	0.0
11	5	50	0.0	0.0	nan	nan	0.0	0.0
11	5	47	0.0	0.0	nan	nan	0.0	0.0
11	5	44	0.0	0.0	nan	nan	0.0	0.0
12	5	420	24.742	0.445	8.0	0.0	1.0	1.0
12	5	380	23.097	0.301	8.0	0.0	1.0	1.0
12	5	340	21.355	0.486	8.0	0.0	1.0	1.0
12	5	300	19.355	0.486	8.0	0.0	1.0	1.0
12	5	260	17.226	0.425	8.0	0.0	1.0	1.0
12	5	220	14.903	0.301	8.258	0.445	1.0	1.0
12	5	180	12.129	0.428	8.968	0.18	1.0	1.0
12	5	140	9.387	0.495	9.0	0.0	1.0	1.0
12	5	100	6.742	0.445	10.0	0.0	1.0	1.0
12	5	77	4.935	0.25	11.71	0.461	1.0	1.0
12	5	74	4.806	0.402	11.935	0.359	1.0	1.0
12	5	71	4.29	0.461	12.484	0.508	1.0	1.0
12	5	68	4.032	0.18	12.935	0.359	1.0	1.0
12	5	65	4.0	0.0	13.452	0.506	1.0	1.0
12	5	62	4.0	0.0	14.355	0.608	1.0	1.0
12	5	59	3.484	0.508	15.0	0.73	1.0	1.0
12	5	56	3.129	0.341	16.548	0.723	1.0	1.0
12	5	53	2.677	0.541	18.129	1.432	1.0	1.0
12	5	50	2.0	0.0	21.548	1.804	1.0	1.0
12	5	47	1.621	0.561	26.767	3.98	0.903	0.968
12	5	44	0.417	0.654	31.467	4.533	0.258	0.484
13	5	420	12.581	0.502	8.226	0.425	1.0	1.0
13	5	380	11.774	0.425	8.419	0.502	1.0	1.0
13	5	340	10.742	0.445	8.935	0.25	1.0	1.0
13	5	300	9.323	0.475	9.0	0.0	1.0	1.0
13	5	260	8.0	0.0	9.0	0.0	1.0	1.0
13	5	220	7.0	0.0	9.0	0.0	1.0	1.0
13	5	180	5.194	0.402	9.0	0.0	1.0	1.0
13	5	140	4.0	0.0	10.0	0.0	1.0	1.0
13	5	100	2.032	0.18	11.194	0.402	1.0	1.0
13	5	77	1.484	0.508	14.581	0.672	1.0	1.0
13	5	74	1.032	0.18	16.065	0.854	1.0	1.0
13	5	71	0.852	0.362	17.296	1.103	0.742	0.871
13	5	68	0.125	0.338	19.1	1.524	0.097	0.323
13	5	65	0.0	0.0	nan	nan	0.0	0.0
13	5	62	0.0	0.0	nan	nan	0.0	0.0
13	5	59	0.0	0.0	nan	nan	0.0	0.0
13	5	56	0.0	0.0	nan	nan	0.0	0.0
13	5	53	0.0	0.0	nan	nan	0.0	0.0
13	5	50	0.0	0.0	nan	nan	0.0	0.0
13	5	47	0.0	0.0	nan	nan	0.0	0.0
13	5	44	0.0	0.0	nan	nan	0.0	0.0
14	5	420	17.129	0.341	9.0	0.0	1.0	1.0
14	5	380	16.065	0.25	9.0	0.0	1.0	1.0
14	5	340	14.935	0.25	9.0	0.0	1.0	1.0
14	5	300	13.29	0.461	9.0	0.0	1.0	1.0
14	5	260	11.871	0.341	9.0	0.0	1.0	1.0
14	5	220	10.0	0.0	9.613	0.495	1.0	1.0
14	5	180	8.032	0.18	10.0	0.0	1.0	1.0
14	5	140	6.0	0.0	10.032	0.18	1.0	1.0
14	5	100	4.0	0.0	11.806	0.402	1.0	1.0
14	5	77	2.935	0.25	14.355	0.608	1.0	1.0
14	5	74	2.71	0.461	14.806	0.703	1.0	1.0
14	5	71	2.323	0.475	15.742	0.682	1.0	1.0
14	5	68	2.065	0.359	16.387	1.054	1.0	1.0
14	5	65	1.484	0.508	18.419	1.177	1.0	1.0
14	5	62	1.194	0.402	20.226	1.961	1.0	1.0
14	5	59	0.857	0.448	23.346	2.348	0.742	0.839
14	5	56	0.0	0.0	28.0	0.0	0.0	0.032
14	5	53	0.0	0.0	nan	nan	0.0	0.0
14	5	50	0.0	0.0	nan	nan	0.0	0.0
14	5	47	0.0	0.0	nan	nan	0.0	0.0
14	5	44	0.0	0.0	nan	nan	0.0	0.0
15	5	420	19.968	0.18	8.032	0.18	1.0	1.0
15	5	380	18.419	0.502	8.161	0.374	1.0	1.0
15	5	340	17.032	0.18	8.323	0.475	1.0	1.0
15	5	300	15.387	0.495	8.742	0.445	1.0	1.0
15	5	260	13.968	0.18	8.935	0.25	1.0	1.0
15	5	220	12.0	0.0	9.0	0.0	1.0	1.0
15	5	180	10.0	0.0	9.0	0.0	1.0	1.0
15	5	140	7.871	0.341	9.032	0.18	1.0	1.0
15	5	100	5.161	0.374	10.0	0.0	1.0	1.0
15	5	77	4.0	0.0	11.774	0.425	1.0	1.0
15	5	74	4.0	0.0	12.226	0.425	1.0	1.0
15	5	71	4.0	0.0	12.516	0.508	1.0	1.0
15	5	68	3.581	0.502	13.065	0.25	1.0	1.0
15	5	65	3.097	0.301	13.419	0.564	1.0	1.0
15	5	62	3.0	0.0	14.419	0.62	1.0	1.0
15	5	59	3.0	0.0	15.258	0.514	1.0	1.0
15	5	56	3.0	0.0	16.516	0.851	1.0	1.0
15	5	53	2.323	0.748	18.097	1.423	1.0	1.0
15	5	50	1.516	0.57	21.387	2.813	1.0	1.0
15	5	47	1.0	0.267	26.667	4.088	0.903	0.968
15	5	44	0.032	0.18	34.0	0.0	0.032	0.032
16	5	420	15.903	0.301	9.0	0.0	1.0	1.0
16	5	380	14.419	0.502	9.0	0.0	1.0	1.0
16	5	340	13.0	0.0	9.0	0.0	1.0	1.0
16	5	300	11.677	0.475	9.0	0.0	1.0	1.0
16	5	260	10.0	0.0	9.0	0.0	1.0	1.0
16	5	220	8.097	0.301	9.161	0.374	1.0	1.0
16	5	180	6.548	0.506	10.0	0.0	1.0	1.0
16	5	140	4.871	0.341	10.0	0.0	1.0	1.0
16	5	100	3.0	0.0	12.032	0.18	1.0	1.0
16	5	77	1.806	0.402	15.839	0.735	1.0	1.0
16	5	74	1.074	0.267	17.516	0.851	0.871	1.0
16	5	71	0.318	0.477	18.688	2.024	0.226	0.516
16	5	68	0.0	0.0	nan	nan	0.0	0.0
16	5	65	0.0	0.0	nan	nan	0.0	0.0
16	5	62	0.0	0.0	nan	nan	0.0	0.0
16	5	59	0.0	0.0	nan	nan	0.0	0.0
16	5	56	0.0	0.0	nan	nan	0.0	0.0
16	5	53	0.0	0.0	nan	nan	0.0	0.0
16	5	50	0.0	0.0	nan	nan	0.0	0.0
16	5	47	0.0	0.0	nan	nan	0.0	0.0
16	5	44	0.0	0.0	nan	nan	0.0	0.0
17	5	420	25.452	0.506	8.0	0.0	1.0	1.0
17	5	380	24.0	0.258	8.0	0.0	1.0	1.0
17	5	340	22.097	0.473	8.0	0.0	1.0	1.0
17	5	300	20.129	0.341	8.0	0.0	1.0	1.0
17	5	260	18.097	0.301	8.0	0.0	1.0	1.0
17	5	220	15.806	0.402	8.0	0.0	1.0	1.0
17	5	180	13.032	0.315	8.097	0.301	1.0	1.0
17	5	140	10.129	0.341	9.0	0.0	1.0	1.0
17	5	100	7.194	0.402	9.742	0.445	1.0	1.0
17	5	77	5.677	0.475	10.774	0.425	1.0	1.0
17	5	74	5.323	0.475	11.0	0.0	1.0	1.0
17	5	71	5.097	0.301	11.29	0.461	1.0	1.0
17	5	68	5.0	0.0	11.71	0.529	1.0	1.0
17	5	65	4.71	0.461	12.065	0.359	1.0	1.0
17	5	62	4.29	0.461	12.581	0.564	1.0	1.0
17	5	59	4.0	0.0	13.258	0.445	1.0	1.0
17	5	56	4.0	0.0	13.935	0.442	1.0	1.0
17	5	53	3.968	0.18	14.774	0.717	1.0	1.0
17	5	50	3.581	0.502	15.935	0.574	1.0	1.0
17	5	47	2.742	0.631	18.0	1.211	1.0	1.0
17	5	44	2.097	0.301	20.677	2.315	1.0	1.0
18	5	420	16.0	0.0	8.419	0.502	1.0	1.0
18	5	380	14.935	0.25	8.645	0.486	1.0	1.0
18	5	340	13.806	0.402	8.742	0.445	1.0	1.0
18	5	300	12.194	0.402	8.968	0.18	1.0	1.0
18	5	260	11.0	0.0	9.0	0.0	1.0	1.0
18	5	220	9.161	0.374	9.0	0.0	1.0	1.0
18	5	180	7.742	0.445	9.0	0.0	1.0	1.0
18	5	140	5.968	0.18	9.839	0.374	1.0	1.0
18	5	100	4.0	0.0	11.032	0.18	1.0	1.0
18	5	77	3.0	0.0	13.29	0.529	1.0	1.0
18	5	74	2.903	0.301	14.0	0.447	1.0	1.0
18	5	71	2.677	0.475	14.774	0.669	1.0	1.0
18	5	68	2.032	0.18	16.0	0.775	1.0	1.0
18	5	65	1.903	0.301	16.903	0.944	1.0	1.0
18	5	62	1.226	0.425	19.516	2.111	1.0	1.0
18	5	59	1.0	0.258	23.367	2.297	0.968	0.968
18	5	56	0.097	0.301	25.667	2.082	0.097	0.097
18	5	53	0.0	0.0	nan	nan	0.0	0.0
18	5	50	0.0	0.0	nan	nan	0.0	0.0
18	5	47	0.0	0.0	nan	nan	0.0	0.0
18	5	44	0.0	0.0	nan	nan	0.0	0.0
19	5	420	16.0	0.0	8.0	0.0	1.0	1.0
19	5	380	15.0	0.0	8.0	0.0	1.0	1.0
19	5	340	13.806	0.402	8.0	0.0	1.0	1.0
19	5	300	12.0	0.0	8.0	0.0	1.0	1.0
19	5	260	10.645	0.486	8.0	0.0	1.0	1.0
19	5	220	8.935	0.25	8.129	0.341	1.0	1.0
19	5	180	7.0	0.0	9.0	0.0	1.0	1.0
19	5	140	5.0	0.0	9.032	0.18	1.0	1.0
19	5	100	3.0	0.0	10.871	0.341	1.0	1.0
19	5	77	2.0	0.0	13.613	0.558	1.0	1.0
19	5	74	1.935	0.25	14.323	0.541	1.0	1.0
19	5	71	1.633	0.49	15.484	0.996	0.968	1.0
19	5	68	1.133	0.346	16.839	0.969	0.968	1.0
19	5	65	0.375	0.495	18.875	2.446	0.29	0.516
19	5	62	0.0	0.0	19.0	0.0	0.0	0.065
19	5	59	0.0	0.0	nan	nan	0.0	0.0
19	5	56	0.0	0.0	nan	nan	0.0	0.0
19	5	53	0.0	0.0	nan	nan	0.0	0.0
19	5	50	0.0	0.0	nan	nan	0.0	0.0
19	5	47	0.0	0.0	nan	nan	0.0	0.0
19	5	44	0.0	0.0	nan	nan	0.0	0.0
20	5	420	19.613	0.495	8.0	0.0	1.0	1.0
20	5	380	18.097	0.301	8.0	0.0	1.0	1.0
20	5	340	16.968	0.18	8.0	0.0	1.0	1.0
20	5	300	15.097	0.301	8.0	0.0	1.0	1.0
20	5	260	13.484	0.508	8.0	0.0	1.0	1.0
20	5	220	11.645	0.486	8.032	0.18	1.0	1.0
20	5	180	9.484	0.508	8.935	0.25	1.0	1.0
20	5	140	7.065	0.25	9.0	0.0	1.0	1.0
20	5	100	4.935	0.25	10.0	0.0	1.0	1.0
20	5	77	3.613	0.495	11.839	0.374	1.0	1.0
20	5	74	3.129	0.341	12.226	0.425	1.0	1.0
20	5	71	3.032	0.18	12.581	0.502	1.0	1.0
20	5	68	3.0	0.0	13.258	0.729	1.0	1.0
20	5	65	2.871	0.341	13.903	0.473	1.0	1.0
20	5	62	2.71	0.461	14.806	0.654	1.0	1.0
20	5	59	2.29	0.461	16.0	0.775	1.0	1.0
20	5	56	1.968	0.482	17.161	1.068	1.0	1.0
20	5	53	1.233	0.43	19.452	2.188	0.968	1.0
20	5	50	0.8	0.407	22.96	2.835	0.774	0.806
20	5	47	0.032	0.18	26.0	0.0	0.032	0.032
20	5	44	0.0	0.0	nan	nan	0.0	0.0
21	5	420	19.065	0.25	8.0	0.0	1.0	1.0
21	5	380	18.0	0.0	8.0	0.0	1.0	1.0
21	5	340	16.774	0.425	8.0	0.0	1.0	1.0
21	5	300	15.032	0.18	8.0	0.0	1.0	1.0
21	5	260	13.129	0.341	8.0	0.0	1.0	1.0
21	5	220	11.194	0.402	8.0	0.0	1.0	1.0
21	5	180	9.065	0.25	8.0	0.0	1.0	1.0
21	5	140	7.032	0.18	9.0	0.0	1.0	1.0
21	5	100	4.968	0.18	9.774	0.425	1.0	1.0
21	5	77	3.581	0.502	11.032	0.18	1.0	1.0
21	5	74	3.032	0.18	11.129	0.428	1.0	1.0
21	5	71	3.0	0.0	11.645	0.551	1.0	1.0
21	5	68	2.935	0.25	11.935	0.25	1.0	1.0
21	5	65	2.871	0.341	12.323	0.475	1.0	1.0
21	5	62	2.452	0.506	13.29	0.588	1.0	1.0
21	5	59	2.161	0.374	13.968	0.605	1.0	1.0
21	5	56	2.0	0.0	14.935	0.727	1.0	1.0
21	5	53	1.935	0.25	16.129	1.204	1.0	1.0
21	5	50	1.586	0.568	18.1	1.807	0.903	0.968
21	5	47	0.708	0.55	22.217	2.54	0.516	0.742
21	5	44	0.033	0.183	25.0	0.0	0.032	0.065
22	5	420	26.194	0.402	8.968	0.18	1.0	1.0
22	5	380	24.742	0.445	9.0	0.0	1.0	1.0
22	5	340	22.613	0.495	9.0	0.0	1.0	1.0
22	5	300	20.645	0.486	9.0	0.0	1.0	1.0
22	5	260	18.129	0.428	9.0	0.0	1.0	1.0
22	5	220	15.613	0.495	9.0	0.0	1.0	1.0
22	5	180	12.903	0.301	9.0	0.0	1.0	1.0
22	5	140	9.935	0.359	9.71	0.461	1.0	1.0
22	5	100	6.903	0.301	10.871	0.341	1.0	1.0
22	5	77	5.0	0.0	12.645	0.486	1.0	1.0
22	5	74	4.871	0.341	13.097	0.301	1.0	1.0
22	5	71	4.387	0.495	13.548	0.568	1.0	1.0
22	5	68	4.0	0.0	14.355	0.486	1.0	1.0
22	5	65	4.0	0.0	15.032	0.657	1.0	1.0
22	5	62	3.871	0.341	16.0	0.73	1.0	1.0
22	5	59	3.419	0.502	17.097	0.746	1.0	1.0
22	5	56	2.355	0.551	19.194	1.276	1.0	1.0
22	5	53	2.032	0.18	21.742	1.932	1.0	1.0
22	5	50	1.933	0.254	26.226	2.473	0.968	1.0
22	5	47	1.0	0.885	32.955	2.984	0.484	0.71
22	5	44	0.0	0.0	nan	nan	0.0	0.0
23	5	420	23.032	0.18	8.419	0.502	1.0	1.0
23	5	380	21.323	0.475	8.484	0.508	1.0	1.0
23	5	340	19.774	0.425	8.742	0.445	1.0	1.0
23	5	300	17.516	0.508	8.903	0.301	1.0	1.0
23	5	260	15.226	0.425	9.0	0.0	1.0	1.0
23	5	220	12.968	0.18	9.0	0.0	1.0	1.0
23	5	180	10.452	0.506	9.0	0.0	1.0	1.0
23	5	140	7.903	0.301	9.032	0.18	1.0	1.0
23	5	100	4.968	0.18	10.161	0.374	1.0	1.0
23	5	77	3.484	0.508	12.129	0.341	1.0	1.0
23	5	74	3.032	0.18	12.677	0.475	1.0	1.0
23	5	71	2.968	0.18	13.065	0.512	1.0	1.0
23	5	68	2.677	0.475	13.548	0.568	1.0	1.0
23	5	65	2.355	0.486	14.484	0.57	1.0	1.0
23	5	62	2.065	0.25	15.258	0.729	1.0	1.0
23	5	59	1.903	0.301	16.452	1.67	1.0	1.0
23	5	56	1.593	0.501	18.613	2.186	0.871	1.0
23	5	53	0.44	0.651	21.733	2.658	0.29	0.484
23	5	50	0.032	0.18	19.0	0.0	0.032	0.032
23	5	47	0.0	0.0	nan	nan	0.0	0.0
23	5	44	0.0	0.0	nan	nan	0.0	0.0
24	5	420	25.097	0.301	8.129	0.341	1.0	1.0
24	5	380	23.226	0.425	8.29	0.461	1.0	1.0
24	5	340	21.452	0.506	8.484	0.508	1.0	1.0
24	5	300	19.097	0.301	8.839	0.374	1.0	1.0
24	5	260	17.0	0.447	9.0	0.0	1.0	1.0
24	5	220	14.484	0.508	9.0	0.0	1.0	1.0
24	5	180	11.677	0.475	9.0	0.0	1.0	1.0
24	5	140	8.871	0.428	9.032	0.18	1.0	1.0
24	5	100	5.71	0.461	10.484	0.508	1.0	1.0
24	5	77	3.806	0.402	12.258	0.445	1.0	1.0
24	5	74	3.516	0.508	12.806	0.543	1.0	1.0
24	5	71	3.516	0.508	13.129	0.499	1.0	1.0
24	5	68	3.032	0.18	13.774	0.717	1.0	1.0
24	5	65	2.806	0.402	14.581	0.672	1.0	1.0
24	5	62	2.516	0.508	15.29	0.973	1.0	1.0
24	5	59	2.065	0.512	16.903	1.136	1.0	1.0
24	5	56	1.5	0.572	18.935	2.407	0.968	1.0
24	5	53	0.815	0.396	22.192	2.669	0.71	0.839
24	5	50	0.0	0.0	nan	nan	0.0	0.0
24	5	47	0.0	0.0	nan	nan	0.0	0.0
24	5	44	0.0	0.0	nan	nan	0.0	0.0
25	5	420	19.774	0.425	8.903	0.301	1.0	1.0
25	5	380	18.226	0.425	8.968	0.18	1.0	1.0
25	5	340	16.935	0.25	9.0	0.0	1.0	1.0
25	5	300	15.0	0.0	9.0	0.0	1.0	1.0
25	5	260	13.194	0.402	9.0	0.0	1.0	1.0
25	5	220	11.065	0.25	9.0	0.0	1.0	1.0
25	5	180	9.032	0.315	9.0	0.0	1.0	1.0
25	5	140	6.968	0.18	9.806	0.402	1.0	1.0
25	5	100	4.226	0.425	11.0	0.0	1.0	1.0
25	5	77	3.0	0.0	13.258	0.514	1.0	1.0
25	5	74	2.903	0.301	13.742	0.514	1.0	1.0
25	5	71	2.613	0.495	14.129	0.499	1.0	1.0
25	5	68	2.194	0.402	15.065	0.574	1.0	1.0
25	5	65	2.0	0.258	16.0	1.033	1.0	1.0
25	5	62	1.774	0.425	17.194	1.302	1.0	1.0
25	5	59	1.286	0.535	19.0	1.597	0.871	0.968
25	5	56	0.692	0.549	21.727	2.354	0.548	0.71
25	5	53	0.0	0.0	23.0	0.0	0.0	0.032
25	5	50	0.0	0.0	nan	nan	0.0	0.0
25	5	47	0.0	0.0	nan	nan	0.0	0.0
25	5	44	0.0	0.0	nan	nan	0.0	0.0
26	5	420	19.968	0.18	9.0	0.0	1.0	1.0
26	5	380	18.194	0.402	9.0	0.0	1.0	1.0
26	5	340	16.968	0.18	9.0	0.0	1.0	1.0
26	5	300	15.29	0.461	9.0	0.0	1.0	1.0
26	5	260	13.387	0.495	9.0	0.0	1.0	1.0
26	5	220	11.161	0.374	9.0	0.0	1.0	1.0
26	5	180	9.065	0.25	9.0	0.0	1.0	1.0
26	5	140	7.0	0.0	9.935	0.25	1.0	1.0
26	5	100	4.484	0.508	10.935	0.25	1.0	1.0
26	5	77	3.0	0.0	12.774	0.425	1.0	1.0
26	5	74	3.0	0.0	13.194	0.402	1.0	1.0
26	5	71	2.806	0.402	13.774	0.56	1.0	1.0
26	5	68	2.742	0.445	14.29	0.588	1.0	1.0
26	5	65	2.161	0.374	15.548	0.723	1.0	1.0
26	5	62	1.935	0.25	16.161	0.735	1.0	1.0
26	5	59	1.833	0.461	17.71	1.27	0.968	1.0
26	5	56	1.107	0.416	20.433	2.063	0.871	0.968
26	5	53	0.448	0.506	22.667	2.257	0.419	0.484
26	5	50	0.0	0.0	nan	nan	0.0	0.0
26	5	47	0.0	0.0	nan	nan	0.0	0.0
26	5	44	0.0	0.0	nan	nan	0.0	0.0
27	5	420	18.0	0.0	8.419	0.502	1.0	1.0
27	5	380	17.0	0.0	8.581	0.502	1.0	1.0
27	5	340	15.581	0.502	8.903	0.301	1.0	1.0
27	5	300	14.0	0.0	9.0	0.0	1.0	1.0
27	5	260	12.323	0.475	9.0	0.0	1.0	1.0
27	5	220	10.613	0.495	9.0	0.0	1.0	1.0
27	5	180	8.484	0.508	9.0	0.0	1.0	1.0
27	5	140	6.452	0.506	9.839	0.374	1.0	1.0
27	5	100	4.097	0.301	11.032	0.18	1.0	1.0
27	5	77	3.0	0.0	13.903	0.396	1.0	1.0
27	5	74	3.0	0.0	14.581	0.502	1.0	1.0
27	5	71	2.903	0.301	15.355	0.839	1.0	1.0
27	5	68	2.484	0.508	16.581	1.177	1.0	1.0
27	5	65	1.871	0.562	17.484	1.029	1.0	1.0
27	5	62	1.065	0.25	20.581	1.822	1.0	1.0
27	5	59	0.968	0.18	24.533	2.063	0.968	0.968
27	5	56	0.065	0.25	32.0	1.414	0.065	0.065
27	5	53	0.0	0.0	nan	nan	0.0	0.0
27	5	50	0.0	0.0	nan	nan	0.0	0.0
27	5	47	0.0	0.0	nan	nan	0.0	0.0
27	5	44	0.0	0.0	nan	nan	0.0	0.0
28	5	420	20.871	0.341	8.0	0.0	1.0	1.0
28	5	380	19.323	0.475	8.0	0.0	1.0	1.0
28	5	340	17.774	0.425	8.0	0.0	1.0	1.0
28	5	300	16.0	0.0	8.0	0.0	1.0	1.0
28	5	260	13.935	0.25	8.032	0.18	1.0	1.0
28	5	220	11.871	0.341	8.742	0.445	1.0	1.0
28	5	180	9.323	0.475	9.0	0.0	1.0	1.0
28	5	140	6.968	0.315	9.0	0.0	1.0	1.0
28	5	100	4.581	0.502	10.516	0.508	1.0	1.0
28	5	77	3.065	0.25	12.71	0.461	1.0	1.0
28	5	74	2.968	0.18	13.387	0.495	1.0	1.0
28	5	71	2.742	0.445	14.065	0.574	1.0	1.0
28	5	68	2.419	0.502	14.548	0.723	1.0	1.0
28	5	65	2.129	0.341	15.774	0.99	1.0	1.0
28	5	62	1.71	0.461	17.452	1.15	1.0	1.0
28	5	59	1.207	0.559	19.931	2.267	0.871	0.935
28	5	56	0.423	0.504	23.875	2.156	0.355	0.516
28	5	53	0.0	0.0	nan	nan	0.0	0.0
28	5	50	0.0	0.0	nan	nan	0.0	0.0
28	5	47	0.0	0.0	nan	nan	0.0	0.0
28	5	44	0.0	0.0	nan	nan	0.0	0.0
29	5	420	20.129	0.341	8.968	0.18	1.0	1.0
29	5	380	19.0	0.0	9.0	0.0	1.0	1.0
29	5	340	17.774	0.425	9.0	0.0	1.0	1.0
29	5	300	16.032	0.18	9.0	0.0	1.0	1.0
29	5	260	14.0	0.0	9.0	0.0	1.0	1.0
29	5	220	12.097	0.301	9.0	0.0	1.0	1.0
29	5	180	9.968	0.18	9.0	0.0	1.0	1.0
29	5	140	7.968	0.18	9.613	0.495	1.0	1.0
29	5	100	5.129	0.341	10.677	0.475	1.0	1.0
29	5	77	4.0	0.0	12.29	0.461	1.0	1.0
29	5	74	4.0	0.0	12.742	0.445	1.0	1.0
29	5	71	3.806	0.402	13.29	0.529	1.0	1.0
29	5	68	3.387	0.495	13.581	0.502	1.0	1.0
29	5	65	3.032	0.18	14.387	0.495	1.0	1.0
29	5	62	3.0	0.0	15.419	0.564	1.0	1.0
29	5	59	2.968	0.18	16.484	0.89	1.0	1.0
29	5	56	2.419	0.62	18.097	1.599	1.0	1.0
29	5	53	1.419	0.502	21.161	2.282	1.0	1.0
29	5	50	0.893	0.416	27.222	4.098	0.774	0.871
29	5	47	0.133	0.346	30.0	3.536	0.129	0.161
29	5	44	0.0	0.0	nan	nan	0.0	0.0
30	5	420	14.71	0.461	8.0	0.0	1.0	1.0
30	5	380	13.903	0.301	8.0	0.0	1.0	1.0
30	5	340	12.871	0.341	8.0	0.0	1.0	1.0
30	5	300	11.548	0.506	8.129	0.341	1.0	1.0
30	5	260	10.032	0.18	8.581	0.502	1.0	1.0
30	5	220	9.0	0.0	9.0	0.0	1.0	1.0
30	5	180	7.065	0.25	9.0	0.0	1.0	1.0
30	5	140	5.903	0.301	9.032	0.18	1.0	1.0
30	5	100	4.0	0.0	10.323	0.475	1.0	1.0
30	5	77	3.0	0.0	12.548	0.506	1.0	1.0
30	5	74	3.0	0.0	13.097	0.396	1.0	1.0
30	5	71	2.871	0.341	13.387	0.558	1.0	1.0
30	5	68	2.548	0.506	14.258	0.514	1.0	1.0
30	5	65	2.032	0.18	15.194	0.654	1.0	1.0
30	5	62	2.0	0.0	16.258	0.815	1.0	1.0
30	5	59	1.452	0.506	18.387	1.626	1.0	1.0
30	5	56	0.967	0.183	23.1	3.604	0.935	0.968
30	5	53	0.161	0.374	24.8	1.789	0.161	0.161
30	5	50	0.0	0.0	nan	nan	0.0	0.0
30	5	47	0.0	0.0	nan	nan	0.0	0.0
30	5	44	0.0	0.0	nan	nan	0.0	0.0
31	5	420	19.548	0.506	8.0	0.0	1.0	1.0
31	5	380	18.161	0.374	8.0	0.0	1.0	1.0
31	5	340	16.903	0.301	8.0	0.0	1.0	1.0
31	5	300	15.097	0.301	8.0	0.0	1.0	1.0
31	5	260	13.452	0.506	8.0	0.0	1.0	1.0
31	5	220	11.581	0.502	8.129	0.341	1.0	1.0
31	5	180	9.355	0.486	9.0	0.0	1.0	1.0
31	5	140	7.129	0.428	9.0	0.0	1.0	1.0
31	5	100	5.0	0.0	10.0	0.0	1.0	1.0
31	5	77	3.742	0.445	12.065	0.359	1.0	1.0
31	5	74	3.387	0.495	12.194	0.477	1.0	1.0
31	5	71	3.097	0.301	12.774	0.617	1.0	1.0
31	5	68	3.0	0.0	13.484	0.57	1.0	1.0
31	5	65	3.0	0.0	14.226	0.617	1.0	1.0
31	5	62	2.774	0.425	15.032	0.875	1.0	1.0
31	5	59	2.258	0.514	16.161	1.003	1.0	1.0
31	5	56	1.677	0.599	18.161	1.594	1.0	1.0
31	5	53	1.161	0.374	20.355	2.259	1.0	1.0
31	5	50	0.897	0.31	23.821	2.074	0.839	0.903
31	5	47	0.067	0.254	28.667	5.686	0.065	0.097
31	5	44	0.0	0.0	nan	nan	0.0	0.0
0	6	420	22.129	0.341	8.0	0.0	1.0	1.0
0	6	380	21.0	0.258	8.0	0.0	1.0	1.0
0	6	340	19.452	0.506	8.0	0.0	1.0	1.0
0	6	300	17.935	0.25	8.0	0.0	1.0	1.0
0	6	260	16.0	0.0	8.0	0.0	1.0	1.0
0	6	220	14.0	0.0	8.129	0.341	1.0	1.0
0	6	180	11.935	0.25	8.935	0.25	1.0	1.0
0	6	140	9.032	0.18	9.0	0.0	1.0	1.0
0	6	100	6.839	0.374	10.0	0.0	1.0	1.0
0	6	77	5.065	0.25	11.0	0.0	1.0	1.0
0	6	74	5.0	0.0	11.129	0.341	1.0	1.0
0	6	71	4.968	0.18	11.484	0.508	1.0	1.0
0	6	68	4.548	0.506	11.903	0.396	1.0	1.0
0	6	65	4.29	0.461	12.387	0.495	1.0	1.0
0	6	62	4.032	0.18	12.871	0.428	1.0	1.0
0	6	59	4.0	0.0	13.387	0.495	1.0	1.0
0	6	56	4.0	0.0	14.194	0.654	1.0	1.0
0	6	53	3.774	0.425	15.613	0.615	1.0	1.0
0	6	50	3.194	0.402	16.323	0.791	1.0	1.0
0	6	47	2.419	0.502	18.968	2.105	1.0	1.0
0	6	44	2.032	0.18	22.194	2.386	1.0	1.0
1	6	420	20.774	0.425	8.0	0.0	1.0	1.0
1	6	380	19.323	0.475	8.0	0.0	1.0	1.0
1	6	340	18.0	0.0	8.0	0.0	1.0	1.0
1	6	300	16.484	0.508	8.161	0.374	1.0	1.0
1	6	260	14.839	0.374	8.581	0.502	1.0	1.0
1	6	220	12.871	0.341	9.0	0.0	1.0	1.0
1	6	180	10.742	0.445	9.0	0.0	1.0	1.0
1	6	140	8.065	0.25	9.0	0.0	1.0	1.0
1	6	100	5.871	0.341	10.032	0.18	1.0	1.0
1	6	77	4.0	0.0	12.032	0.315	1.0	1.0
1	6	74	4.0	0.0	12.387	0.558	1.0	1.0
1	6	71	3.935	0.25	12.806	0.477	1.0	1.0
1	6	68	3.71	0.461	13.677	0.653	1.0	1.0
1	6	65	3.323	0.475	14.226	0.497	1.0	1.0
1	6	62	3.0	0.0	15.29	0.588	1.0	1.0
1	6	59	2.935	0.25	16.355	0.709	1.0	1.0
1	6	56	2.645	0.661	17.742	1.505	1.0	1.0
1	6	53	1.806	0.601	21.065	2.449	1.0	1.0
1	6	50	1.1	0.305	27.129	4.129	0.968	1.0
1	6	47	0.133	0.346	31.8	3.271	0.129	0.161
1	6	44	0.0	0.0	nan	nan	0.0	0.0
2	6	420	21.581	0.502	9.0	0.0	1.0	1.0
2	6	380	20.097	0.301	9.0	0.0	1.0	1.0
2	6	340	18.516	0.508	9.0	0.0	1.0	1.0
2	6	300	17.032	0.18	9.0	0.0	1.0	1.0
2	6	260	15.0	0.258	9.0	0.0	1.0	1.0
2	6	220	12.935	0.25	9.0	0.0	1.0	1.0
2	6	180	10.71	0.461	9.0	0.0	1.0	1.0
2	6	140	8.032	0.18	9.452	0.506	1.0	1.0
2	6	100	5.194	0.402	10.258	0.445	1.0	1.0
2	6	77	3.871	0.341	12.065	0.359	1.0	1.0
2	6	74	3.581	0.502	12.355	0.486	1.0	1.0
2	6	71	3.29	0.461	12.677	0.475	1.0	1.0
2	6	68	3.065	0.359	13.323	0.475	1.0	1.0
2	6	65	2.935	0.25	13.742	0.682	1.0	1.0
2	6	62	2.645	0.486	14.484	0.57	1.0	1.0
2	6	59	2.387	0.495	15.419	0.886	1.0	1.0
2	6	56	2.0	0.447	16.645	1.17	1.0	1.0
2	6	53	1.5	0.509	18.677	2.072	0.968	1.0
2	6	50	0.773	0.528	22.08	2.691	0.516	0.806
2	6	47	0.214	0.418	23.333	2.121	0.194	0.29
2	6	44	0.0	0.0	nan	nan	0.0	0.0
3	6	420	13.0	0.0	9.0	0.0	1.0	1.0
3	6	380	12.129	0.341	9.0	0.0	1.0	1.0
3	6	340	11.129	0.341	9.0	0.0	1.0	1.0
3	6	300	10.0	0.0	9.0	0.0	1.0	1.0
3	6	260	9.0	0.0	9.0	0.0	1.0	1.0
3	6	220	7.968	0.18	9.0	0.0	1.0	1.0
3	6	180	6.032	0.18	9.0	0.0	1.0	1.0
3	6	140	4.968	0.18	10.0	0.0	1.0	1.0
3	6	100	3.0	0.0	11.065	0.25	1.0	1.0
3	6	77	2.0	0.0	13.806	0.601	1.0	1.0
3	6	74	2.0	0.0	14.484	0.677	1.0	1.0
3	6	71	1.968	0.18	15.355	0.661	1.0	1.0
3	6	68	1.828	0.384	16.548	0.995	0.935	1.0
3	6	65	1.389	0.608	18.3	1.055	0.548	0.968
3	6	62	0.222	0.428	20.529	2.239	0.129	0.548
3	6	59	0.0	0.0	nan	nan	0.0	0.0
3	6	56	0.0	0.0	nan	nan	0.0	0.0
3	6	53	0.0	0.0	nan	nan	0.0	0.0
3	6	50	0.0	0.0	nan	nan	0.0	0.0
3	6	47	0.0	0.0	nan	nan	0.0	0.0
3	6	44	0.0	0.0	nan	nan	0.0	0.0
4	6	420	22.032	0.18	9.0	0.0	1.0	1.0
4	6	380	20.839	0.374	9.0	0.0	1.0	1.0
4	6	340	19.065	0.359	9.0	0.0	1.0	1.0
4	6	300	17.645	0.486	9.0	0.0	1.0	1.0
4	6	260	15.871	0.341	9.0	0.0	1.0	1.0
4	6	220	13.581	0.502	9.0	0.0	1.0	1.0
4	6	180	11.032	0.315	9.903	0.301	1.0	1.0
4	6	140	8.871	0.341	10.0	0.0	1.0	1.0
4	6	100	6.0	0.0	11.0	0.0	1.0	1.0
4	6	77	4.258	0.445	13.129	0.341	1.0	1.0
4	6	74	4.065	0.25	13.645	0.486	1.0	1.0
4	6	71	4.0	0.0	14.129	0.341	1.0	1.0
4	6	68	4.0	0.0	14.774	0.56	1.0	1.0
4	6	65	3.903	0.301	15.581	0.564	1.0	1.0
4	6	62	3.258	0.445	16.645	0.709	1.0	1.0
4	6	59	2.516	0.508	18.161	1.003	1.0	1.0
4	6	56	2.032	0.18	20.29	1.296	1.0	1.0
4	6	53	1.903	0.301	24.258	2.708	1.0	1.0
4	6	50	1.607	0.497	29.0	4.066	0.903	1.0
4	6	47	0.077	0.392	36.0	4.733	0.032	0.194
4	6	44	0.0	0.0	nan	nan	0.0	0.0
5	6	420	16.806	0.402	8.0	0.0	1.0	1.0
5	6	380	15.581	0.502	8.0	0.0	1.0	1.0
5	6	340	14.194	0.402	8.0	0.0	1.0	1.0
5	6	300	12.968	0.18	8.0	0.0	1.0	1.0
5	6	260	11.161	0.374	8.258	0.445	1.0	1.0
5	6	220	9.71	0.461	8.871	0.341	1.0	1.0
5	6	180	7.968	0.18	9.0	0.0	1.0	1.0
5	6	140	6.0	0.0	9.0	0.0	1.0	1.0
5	6	100	3.968	0.18	10.065	0.25	1.0	1.0
5	6	77	2.484	0.508	12.032	0.315	1.0	1.0
5	6	74	2.0	0.0	12.323	0.541	1.0	1.0
5	6	71	2.032	0.18	13.097	0.473	1.0	1.0
5	6	68	1.968	0.18	13.677	0.541	1.0	1.0
5	6	65	2.0	0.0	14.452	0.768	1.0	1.0
5	6	62	1.935	0.25	15.452	0.723	1.0	1.0
5	6	59	1.345	0.553	16.8	1.243	0.903	0.968
5	6	56	0.688	0.793	19.13	2.282	0.258	0.742
5	6	53	0.0	0.0	nan	nan	0.0	0.0
5	6	50	0.0	0.0	nan	nan	0.0	0.0
5	6	47	0.0	0.0	nan	nan	0.0	0.0
5	6	44	0.0	0.0	nan	nan	0.0	0.0
6	6	420	18.258	0.445	9.0	0.0	1.0	1.0
6	6	380	17.226	0.425	9.0	0.0	1.0	1.0
6	6	340	16.0	0.0	9.0	0.0	1.0	1.0
6	6	300	14.774	0.425	9.0	0.0	1.0	1.0
6	6	260	13.0	0.0	9.0	0.0	1.0	1.0
6	6	220	11.355	0.486	9.0	0.0	1.0	1.0
6	6	180	9.548	0.506	9.0	0.0	1.0	1.0
6	6	140	7.581	0.502	9.742	0.445	1.0	1.0
6	6	100	5.161	0.374	10.548	0.506	1.0	1.0
6	6	77	4.0	0.0	12.194	0.402	1.0	1.0
6	6	74	4.0	0.0	12.516	0.508	1.0	1.0
6	6	71	3.903	0.301	13.0	0.365	1.0	1.0
6	6	68	3.452	0.506	13.484	0.508	1.0	1.0
6	6	65	3.032	0.18	14.29	0.588	1.0	1.0
6	6	62	3.0	0.0	14.774	0.497	1.0	1.0
6	6	59	2.968	0.18	16.226	0.884	1.0	1.0
6	6	56	2.613	0.667	17.645	1.082	1.0	1.0
6	6	53	1.774	0.717	20.194	2.104	1.0	1.0
6	6	50	1.194	0.402	23.935	2.768	1.0	1.0
6	6	47	0.393	0.497	30.143	4.959	0.355	0.452
6	6	44	0.0	0.0	nan	nan	0.0	0.0
7	6	420	23.065	0.25	8.0	0.0	1.0	1.0
7	6	380	21.548	0.506	8.032	0.18	1.0	1.0
7	6	340	19.968	0.18	8.194	0.402	1.0	1.0
7	6	300	18.065	0.359	8.645	0.486	1.0	1.0
7	6	260	16.097	0.301	9.0	0.0	1.0	1.0
7	6	220	14.0	0.0	9.0	0.0	1.0	1.0
7	6	180	11.258	0.445	9.0	0.0	1.0	1.0
7	6	140	8.806	0.402	9.161	0.374	1.0	1.0
7	6	100	6.0	0.0	10.903	0.301	1.0	1.0
7	6	77	4.065	0.25	12.903	0.473	1.0	1.0
7	6	74	4.032	0.18	13.387	0.495	1.0	1.0
7	6	71	4.0	0.0	13.839	0.523	1.0	1.0
7	6	68	3.806	0.402	14.484	0.57	1.0	1.0
7	6	65	3.129	0.341	15.484	0.57	1.0	1.0
7	6	62	2.968	0.315	16.806	0.98	1.0	1.0
7	6	59	2.355	0.486	18.871	1.586	1.0	1.0
7	6	56	1.903	0.396	21.452	2.278	1.0	1.0
7	6	53	1.333	0.547	25.9	3.546	0.935	0.968
7	6	50	0.286	0.46	31.909	3.961	0.258	0.355
7	6	47	0.0	0.0	nan	nan	0.0	0.0
7	6	44	0.0	0.0	nan	nan	0.0	0.0
8	6	420	17.968	0.18	9.0	0.0	1.0	1.0
8	6	380	16.968	0.18	9.0	0.0	1.0	1.0
8	6	340	15.613	0.495	9.0	0.0	1.0	1.0
8	6	300	14.0	0.0	9.0	0.0	1.0	1.0
8	6	260	12.258	0.445	9.0	0.0	1.0	1.0
8	6	220	10.71	0.461	9.0	0.0	1.0	1.0
8	6	180	8.742	0.445	9.0	0.0	1.0	1.0
8	6	140	6.613	0.495	9.516	0.508	1.0	1.0
8	6	100	4.194	0.402	10.613	0.495	1.0	1.0
8	6	77	3.0	0.0	12.613	0.495	1.0	1.0
8	6	74	3.0	0.0	13.032	0.547	1.0	1.0
8	6	71	2.742	0.445	13.387	0.558	1.0	1.0
8	6	68	2.419	0.502	14.194	0.601	1.0	1.0
8	6	65	2.0	0.0	14.968	0.706	1.0	1.0
8	6	62	2.0	0.258	15.774	1.023	1.0	1.0
8	6	59	1.806	0.402	17.194	1.195	1.0	1.0
8	6	56	1.333	0.48	19.032	1.197	0.871	1.0
8	6	53	0.565	0.59	22.1	2.245	0.387	0.645
8	6	50	0.0	0.0	nan	nan	0.0	0.0
8	6	47	0.0	0.0	nan	nan	0.0	0.0
8	6	44	0.0	0.0	nan	nan	0.0	0.0
9	6	420	17.968	0.18	9.0	0.0	1.0	1.0
9	6	380	16.806	0.402	9.0	0.0	1.0	1.0
9	6	340	15.355	0.486	9.0	0.0	1.0	1.0
9	6	300	14.0	0.0	9.0	0.0	1.0	1.0
9	6	260	12.097	0.301	9.0	0.0	1.0	1.0
9	6	220	10.677	0.475	9.0	0.0	1.0	1.0
9	6	180	8.806	0.402	9.0	0.0	1.0	1.0
9	6	140	6.645	0.486	9.968	0.18	1.0	1.0
9	6	100	4.226	0.425	11.032	0.18	1.0	1.0
9	6	77	3.0	0.0	13.742	0.514	1.0	1.0
9	6	74	2.968	0.18	14.323	0.599	1.0	1.0
9	6	71	2.806	0.402	14.968	0.547	1.0	1.0
9	6	68	2.71	0.529	16.194	1.138	1.0	1.0
9	6	65	1.839	0.523	17.645	1.142	1.0	1.0
9	6	62	1.161	0.374	20.323	2.257	1.0	1.0
9	6	59	0.903	0.396	24.481	3.776	0.871	0.871
9	6	56	0.194	0.402	26.833	3.312	0.194	0.194
9	6	53	0.0	0.0	nan	nan	0.0	0.0
9	6	50	0.0	0.0	nan	nan	0.0	0.0
9	6	47	0.0	0.0	nan	nan	0.0	0.0
9	6	44	0.0	0.0	nan	nan	0.0	0.0
10	6	420	18.968	0.18	9.0	0.0	1.0	1.0
10	6	380	17.871	0.341	9.0	0.0	1.0	1.0
10	6	340	16.71	0.461	9.0	0.0	1.0	1.0
10	6	300	15.0	0.0	9.0	0.0	1.0	1.0
10	6	260	13.516	0.508	9.0	0.0	1.0	1.0
10	6	220	11.871	0.341	9.0	0.0	1.0	1.0
10	6	180	9.871	0.341	9.0	0.0	1.0	1.0
10	6	140	7.645	0.486	9.806	0.402	1.0	1.0
10	6	100	5.129	0.341	11.0	0.0	1.0	1.0
10	6	77	3.871	0.341	12.871	0.499	1.0	1.0
10	6	74	3.935	0.25	13.226	0.56	1.0	1.0
10	6	71	3.355	0.486	14.032	0.482	1.0	1.0
10	6	68	3.097	0.301	14.516	0.677	1.0	1.0
10	6	65	3.0	0.0	15.258	0.514	1.0	1.0
10	6	62	2.968	0.18	16.484	0.769	1.0	1.0
10	6	59	2.613	0.495	17.387	1.23	1.0	1.0
10	6	56	1.581	0.672	19.903	1.535	1.0	1.0
10	6	53	1.065	0.359	22.867	1.961	0.968	0.968
10	6	50	0.75	0.441	28.125	3.803	0.677	0.774
10	6	47	0.032	0.18	33.0	0.0	0.032	0.032
10	6	44	0.0	0.0	nan	nan	0.0	0.0
11	6	420	17.387	0.495	8.0	0.0	1.0	1.0
11	6	380	16.129	0.341	8.0	0.0	1.0	1.0
11	6	340	15.0	0.0	8.0	0.0	1.0	1.0
11	6	300	13.968	0.18	8.0	0.0	1.0	1.0
11	6	260	12.226	0.425	8.032	0.18	1.0	1.0
11	6	220	10.839	0.374	8.774	0.425	1.0	1.0
11	6	180	8.968	0.18	9.0	0.0	1.0	1.0
11	6	140	7.0	0.0	9.0	0.0	1.0	1.0
11	6	100	5.0	0.0	10.032	0.18	1.0	1.0
11	6	77	3.71	0.461	12.0	0.365	1.0	1.0
11	6	74	3.226	0.425	12.581	0.564	1.0	1.0
11	6	71	3.065	0.25	13.129	0.499	1.0	1.0
11	6	68	3.0	0.0	13.516	0.508	1.0	1.0
11	6	65	3.0	0.0	14.452	0.568	1.0	1.0
11	6	62	3.0	0.0	15.419	0.62	1.0	1.0
11	6	59	2.484	0.57	16.645	0.839	1.0	1.0
11	6	56	1.677	0.653	18.871	1.708	1.0	1.0
11	6	53	0.968	0.18	23.6	3.519	0.968	0.968
11	6	50	0.154	0.368	31.0	5.766	0.129	0.29
11	6	47	0.0	0.0	nan	nan	0.0	0.0
11	6	44	0.0	0.0	nan	nan	0.0	0.0
12	6	420	16.0	0.0	8.0	0.0	1.0	1.0
12	6	380	15.032	0.18	8.032	0.18	1.0	1.0
12	6	340	14.0	0.0	8.0	0.0	1.0	1.0
12	6	300	13.0	0.0	8.419	0.502	1.0	1.0
12	6	260	11.419	0.502	8.645	0.486	1.0	1.0
12	6	220	10.0	0.0	9.0	0.0	1.0	1.0
12	6	180	8.0	0.0	9.0	0.0	1.0	1.0
12	6	140	6.226	0.425	9.0	0.0	1.0	1.0
12	6	100	4.323	0.475	10.032	0.18	1.0	1.0
12	6	77	3.032	0.18	11.968	0.18	1.0	1.0
12	6	74	3.0	0.0	12.29	0.529	1.0	1.0
12	6	71	2.968	0.18	12.71	0.529	1.0	1.0
12	6	68	2.903	0.301	13.387	0.495	1.0	1.0
12	6	65	2.71	0.461	14.065	0.574	1.0	1.0
12	6	62	2.323	0.475	14.968	0.752	1.0	1.0
12	6	59	2.0	0.0	15.613	0.919	1.0	1.0
12	6	56	1.645	0.486	17.742	1.341	1.0	1.0
12	6	53	1.097	0.396	19.9	2.057	0.968	0.968
12	6	50	0.867	0.434	23.269	2.601	0.806	0.839
12	6	47	0.1	0.305	25.5	3.317	0.097	0.129
12	6	44	0.0	0.0	nan	nan	0.0	0.0
13	6	420	20.226	0.425	9.0	0.0	1.0	1.0
13	6	380	19.032	0.18	9.0	0.0	1.0	1.0
13	6	340	17.774	0.425	9.0	0.0	1.0	1.0
13	6	300	16.032	0.18	9.0	0.0	1.0	1.0
13	6	260	14.161	0.374	9.0	0.0	1.0	1.0
13	6	220	12.032	0.18	9.0	0.0	1.0	1.0
13	6	180	9.903	0.301	9.0	0.0	1.0	1.0
13	6	140	7.645	0.486	9.968	0.18	1.0	1.0
13	6	100	5.0	0.0	10.839	0.374	1.0	1.0
13	6	77	3.355	0.486	12.71	0.461	1.0	1.0
13	6	74	3.161	0.374	13.032	0.18	1.0	1.0
13	6	71	3.0	0.0	13.645	0.551	1.0	1.0
13	6	68	2.935	0.25	14.258	0.514	1.0	1.0
13	6	65	2.645	0.486	15.194	0.91	1.0	1.0
13	6	62	2.065	0.442	16.129	1.088	1.0	1.0
13	6	59	1.871	0.428	17.323	1.376	1.0	1.0
13	6	56	1.323	0.541	19.226	1.978	1.0	1.0
13	6	53	0.828	0.384	22.885	2.613	0.774	0.839
13	6	50	0.1	0.305	22.75	2.63	0.097	0.129
13	6	47	0.0	0.0	nan	nan	0.0	0.0
13	6	44	0.0	0.0	nan	nan	0.0	0.0
14	6	420	19.968	0.18	9.0	0.0	1.0	1.0
14	6	380	18.935	0.25	9.0	0.0	1.0	1.0
14	6	340	17.516	0.508	9.0	0.0	1.0	1.0
14	6	300	15.968	0.18	9.0	0.0	1.0	1.0
14	6	260	14.355	0.486	9.0	0.0	1.0	1.0
14	6	220	12.645	0.486	9.0	0.0	1.0	1.0
14	6	180	10.613	0.495	9.613	0.495	1.0	1.0
14	6	140	8.097	0.301	10.0	0.0	1.0	1.0
14	6	100	6.0	0.0	11.0	0.0	1.0	1.0
14	6	77	4.516	0.508	12.645	0.486	1.0	1.0
14	6	74	4.194	0.402	12.935	0.359	1.0	1.0
14	6	71	4.032	0.18	13.387	0.495	1.0	1.0
14	6	68	4.0	0.0	13.968	0.407	1.0	1.0
14	6	65	3.968	0.18	14.581	0.62	1.0	1.0
14	6	62	3.613	0.495	15.387	0.558	1.0	1.0
14	6	59	3.097	0.301	16.323	0.599	1.0	1.0
14	6	56	2.742	0.445	17.742	0.893	1.0	1.0
14	6	53	2.129	0.341	19.548	1.287	1.0	1.0
14	6	50	1.968	0.18	22.839	2.083	1.0	1.0
14	6	47	1.679	0.548	27.633	4.499	0.871	0.968
14	6	44	0.429	0.507	33.053	4.927	0.29	0.613
15	6	420	12.0	0.0	9.0	0.0	1.0	1.0
15	6	380	11.032	0.18	9.0	0.0	1.0	1.0
15	6	340	10.097	0.301	9.0	0.0	1.0	1.0
15	6	300	9.29	0.461	9.0	0.0	1.0	1.0
15	6	260	8.032	0.18	9.0	0.0	1.0	1.0
15	6	220	7.0	0.0	9.0	0.0	1.0	1.0
15	6	180	5.935	0.25	9.0	0.0	1.0	1.0
15	6	140	4.032	0.18	10.0	0.0	1.0	1.0
15	6	100	2.935	0.25	11.355	0.486	1.0	1.0
15	6	77	1.935	0.25	14.613	0.615	1.0	1.0
15	6	74	1.903	0.301	15.419	0.672	1.0	1.0
15	6	71	1.484	0.508	16.484	0.811	1.0	1.0
15	6	68	0.882	0.485	18.393	1.663	0.452	0.903
15	6	65	0.0	0.0	21.4	3.098	0.0	0.323
15	6	62	0.0	0.0	nan	nan	0.0	0.0
15	6	59	0.0	0.0	nan	nan	0.0	0.0
15	6	56	0.0	0.0	nan	nan	0.0	0.0
15	6	53	0.0	0.0	nan	nan	0.0	0.0
15	6	50	0.0	0.0	nan	nan	0.0	0.0
15	6	47	0.0	0.0	nan	nan	0.0	0.0
15	6	44	0.0	0.0	nan	nan	0.0	0.0
16	6	420	21.032	0.315	9.0	0.0	1.0	1.0
16	6	380	19.968	0.18	9.0	0.0	1.0	1.0
16	6	340	18.613	0.495	9.0	0.0	1.0	1.0
16	6	300	17.0	0.258	9.0	0.0	1.0	1.0
16	6	260	15.258	0.445	9.0	0.0	1.0	1.0
16	6	220	13.419	0.502	9.0	0.0	1.0	1.0
16	6	180	11.161	0.374	9.0	0.0	1.0	1.0
16	6	140	8.935	0.25	9.097	0.301	1.0	1.0
16	6	100	6.29	0.461	10.0	0.0	1.0	1.0
16	6	77	4.903	0.301	11.129	0.341	1.0	1.0
16	6	74	4.806	0.402	11.516	0.508	1.0	1.0
16	6	71	4.452	0.506	11.903	0.301	1.0	1.0
16	6	68	4.419	0.502	12.161	0.523	1.0	1.0
16	6	65	4.0	0.258	12.516	0.57	1.0	1.0
16	6	62	3.871	0.341	13.032	0.752	1.0	1.0
16	6	59	3.452	0.506	13.677	0.599	1.0	1.0
16	6	56	3.226	0.425	14.516	0.811	1.0	1.0
16	6	53	3.065	0.359	15.323	0.871	1.0	1.0
16	6	50	2.839	0.374	16.097	0.831	1.0	1.0
16	6	47	2.419	0.564	17.774	1.499	1.0	1.0
16	6	44	1.452	0.506	20.871	2.202	1.0	1.0
17	6	420	15.161	0.374	8.0	0.0	1.0	1.0
17	6	380	14.161	0.374	8.0	0.0	1.0	1.0
17	6	340	13.032	0.18	8.0	0.0	1.0	1.0
17	6	300	11.968	0.18	8.065	0.25	1.0	1.0
17	6	260	10.194	0.402	8.129	0.341	1.0	1.0
17	6	220	8.935	0.25	8.968	0.18	1.0	1.0
17	6	180	7.0	0.0	9.0	0.0	1.0	1.0
17	6	140	5.0	0.0	9.0	0.0	1.0	1.0
17	6	100	3.065	0.25	10.935	0.25	1.0	1.0
17	6	77	2.0	0.0	13.387	0.558	1.0	1.0
17	6	74	2.0	0.0	14.129	0.562	1.0	1.0
17	6	71	2.0	0.0	14.968	0.706	1.0	1.0
17	6	68	1.742	0.445	16.548	1.091	1.0	1.0
17	6	65	1.261	0.689	18.071	1.562	0.645	0.903
17	6	62	0.235	0.562	20.176	2.325	0.097	0.548
17	6	59	0.0	0.0	nan	nan	0.0	0.0
17	6	56	0.0	0.0	nan	nan	0.0	0.0
17	6	53	0.0	0.0	nan	nan	0.0	0.0
17	6	50	0.0	0.0	nan	nan	0.0	0.0
17	6	47	0.0	0.0	nan	nan	0.0	0.0
17	6	44	0.0	0.0	nan	nan	0.0	0.0
18	6	420	18.71	0.461	9.0	0.0	1.0	1.0
18	6	380	17.419	0.502	9.0	0.0	1.0	1.0
18	6	340	16.032	0.18	9.0	0.0	1.0	1.0
18	6	300	14.806	0.402	9.0	0.0	1.0	1.0
18	6	260	13.065	0.25	9.0	0.0	1.0	1.0
18	6	220	11.097	0.301	9.0	0.0	1.0	1.0
18	6	180	9.032	0.18	9.0	0.0	1.0	1.0
18	6	140	7.032	0.315	9.903	0.301	1.0	1.0
18	6	100	4.677	0.475	10.935	0.25	1.0	1.0
18	6	77	3.0	0.0	12.839	0.454	1.0	1.0
18	6	74	2.968	0.18	13.161	0.374	1.0	1.0
18	6	71	2.839	0.374	13.871	0.562	1.0	1.0
18	6	68	2.484	0.508	14.484	0.57	1.0	1.0
18	6	65	2.226	0.425	15.452	0.888	1.0	1.0
18	6	62	2.0	0.258	16.355	0.839	1.0	1.0
18	6	59	1.71	0.529	17.968	1.224	1.0	1.0
18	6	56	1.0	0.471	20.464	2.219	0.806	0.903
18	6	53	0.357	0.488	22.308	2.097	0.323	0.419
18	6	50	0.0	0.0	nan	nan	0.0	0.0
18	6	47	0.0	0.0	nan	nan	0.0	0.0
18	6	44	0.0	0.0	nan	nan	0.0	0.0
19	6	420	17.097	0.301	8.0	0.0	1.0	1.0
19	6	380	16.097	0.301	8.032	0.18	1.0	1.0
19	6	340	15.032	0.18	8.032	0.18	1.0	1.0
19	6	300	13.903	0.301	8.0	0.0	1.0	1.0
19	6	260	12.194	0.402	8.548	0.506	1.0	1.0
19	6	220	10.903	0.301	9.0	0.0	1.0	1.0
19	6	180	8.968	0.18	9.0	0.0	1.0	1.0
19	6	140	7.0	0.0	9.0	0.0	1.0	1.0
19	6	100	5.0	0.0	10.0	0.0	1.0	1.0
19	6	77	3.968	0.18	12.0	0.258	1.0	1.0
19	6	74	3.806	0.402	12.226	0.425	1.0	1.0
19	6	71	3.226	0.425	12.871	0.341	1.0	1.0
19	6	68	3.0	0.0	13.387	0.495	1.0	1.0
19	6	65	3.0	0.0	14.097	0.473	1.0	1.0
19	6	62	3.0	0.0	14.935	0.68	1.0	1.0
19	6	59	2.935	0.25	16.516	1.691	1.0	1.0
19	6	56	2.0	0.683	18.226	1.477	1.0	1.0
19	6	53	1.194	0.477	21.419	2.73	1.0	1.0
19	6	50	0.742	0.445	24.609	2.039	0.742	0.742
19	6	47	0.065	0.25	31.5	2.121	0.065	0.065
19	6	44	0.0	0.0	nan	nan	0.0	0.0
20	6	420	19.677	0.475	8.0	0.0	1.0	1.0
20	6	380	18.548	0.506	8.0	0.0	1.0	1.0
20	6	340	17.129	0.341	8.0	0.0	1.0	1.0
20	6	300	15.742	0.445	8.0	0.0	1.0	1.0
20	6	260	14.0	0.0	8.194	0.402	1.0	1.0
20	6	220	12.032	0.407	8.935	0.25	1.0	1.0
20	6	180	10.0	0.0	9.0	0.0	1.0	1.0
20	6	140	8.0	0.0	9.0	0.0	1.0	1.0
20	6	100	5.355	0.486	10.065	0.25	1.0	1.0
20	6	77	4.0	0.0	12.387	0.495	1.0	1.0
20	6	74	4.0	0.0	12.871	0.428	1.0	1.0
20	6	71	3.677	0.475	13.387	0.615	1.0	1.0
20	6	68	3.161	0.374	14.226	0.497	1.0	1.0
20	6	65	3.0	0.0	15.065	0.814	1.0	1.0
20	6	62	2.968	0.18	16.129	1.31	1.0	1.0
20	6	59	2.839	0.374	17.323	1.194	1.0	1.0
20	6	56	1.645	0.661	19.355	1.17	1.0	1.0
20	6	53	1.323	0.475	22.484	2.189	1.0	1.0
20	6	50	0.815	0.396	27.385	4.473	0.71	0.839
20	6	47	0.033	0.183	32.5	3.536	0.032	0.065
20	6	44	0.0	0.0	nan	nan	0.0	0.0
21	6	420	16.871	0.341	8.0	0.0	1.0	1.0
21	6	380	15.742	0.445	8.0	0.0	1.0	1.0
21	6	340	14.548	0.506	8.0	0.0	1.0	1.0
21	6	300	13.065	0.25	8.0	0.0	1.0	1.0
21	6	260	11.903	0.301	8.0	0.0	1.0	1.0
21	6	220	10.032	0.18	8.581	0.502	1.0	1.0
21	6	180	8.032	0.18	9.0	0.0	1.0	1.0
21	6	140	6.194	0.402	9.0	0.0	1.0	1.0
21	6	100	4.065	0.25	10.0	0.0	1.0	1.0
21	6	77	3.0	0.0	11.839	0.374	1.0	1.0
21	6	74	2.871	0.341	12.258	0.445	1.0	1.0
21	6	71	2.645	0.486	12.774	0.497	1.0	1.0
21	6	68	2.258	0.445	13.194	0.543	1.0	1.0
21	6	65	2.032	0.18	13.935	0.574	1.0	1.0
21	6	62	2.0	0.0	14.806	0.703	1.0	1.0
21	6	59	2.0	0.0	16.0	0.856	1.0	1.0
21	6	56	1.724	0.455	17.355	1.17	0.935	1.0
21	6	53	0.45	0.759	19.941	2.384	0.194	0.548
21	6	50	0.0	0.0	nan	nan	0.0	0.0
21	6	47	0.0	0.0	nan	nan	0.0	0.0
21	6	44	0.0	0.0	nan	nan	0.0	0.0
22	6	420	15.935	0.25	8.871	0.341	1.0	1.0
22	6	380	14.935	0.25	8.968	0.18	1.0	1.0
22	6	340	13.903	0.301	9.0	0.0	1.0	1.0
22	6	300	12.323	0.475	9.0	0.0	1.0	1.0
22	6	260	10.968	0.18	9.0	0.0	1.0	1.0
22	6	220	9.226	0.425	9.0	0.0	1.0	1.0
22	6	180	7.677	0.475	9.0	0.0	1.0	1.0
22	6	140	5.903	0.301	9.581	0.502	1.0	1.0
22	6	100	3.968	0.18	10.774	0.425	1.0	1.0
22	6	77	2.774	0.425	12.839	0.454	1.0	1.0
22	6	74	2.29	0.461	13.387	0.495	1.0	1.0
22	6	71	2.129	0.341	13.968	0.407	1.0	1.0
22	6	68	2.0	0.0	14.742	0.575	1.0	1.0
22	6	65	2.0	0.0	15.742	0.815	1.0	1.0
22	6	62	1.903	0.301	16.968	1.11	1.0	1.0
22	6	59	1.269	0.724	19.593	3.003	0.71	0.871
22	6	56	0.44	0.507	22.294	2.519	0.355	0.548
22	6	53	0.0	0.0	nan	nan	0.0	0.0
22	6	50	0.0	0.0	nan	nan	0.0	0.0
22	6	47	0.0	0.0	nan	nan	0.0	0.0
22	6	44	0.0	0.0	nan	nan	0.0	0.0
23	6	420	21.097	0.301	8.419	0.502	1.0	1.0
23	6	380	19.935	0.25	8.548	0.506	1.0	1.0
23	6	340	18.226	0.425	8.645	0.486	1.0	1.0
23	6	300	16.677	0.475	8.903	0.301	1.0	1.0
23	6	260	14.71	0.461	9.0	0.0	1.0	1.0
23	6	220	12.355	0.486	9.0	0.0	1.0	1.0
23	6	180	10.0	0.0	9.0	0.0	1.0	1.0
23	6	140	7.71	0.461	9.032	0.18	1.0	1.0
23	6	100	5.0	0.0	10.129	0.341	1.0	1.0
23	6	77	3.258	0.445	12.194	0.402	1.0	1.0
23	6	74	3.032	0.18	12.548	0.506	1.0	1.0
23	6	71	2.935	0.25	13.065	0.442	1.0	1.0
23	6	68	2.742	0.445	13.806	0.601	1.0	1.0
23	6	65	2.323	0.475	14.29	0.588	1.0	1.0
23	6	62	2.065	0.25	15.097	0.746	1.0	1.0
23	6	59	2.0	0.0	16.29	0.783	1.0	1.0
23	6	56	1.5	0.682	18.31	1.775	0.903	0.935
23	6	53	0.68	0.627	21.667	2.708	0.484	0.677
23	6	50	0.065	0.25	23.5	3.536	0.065	0.065
23	6	47	0.0	0.0	nan	nan	0.0	0.0
23	6	44	0.0	0.0	nan	nan	0.0	0.0
24	6	420	19.065	0.25	8.0	0.0	1.0	1.0
24	6	380	18.032	0.18	8.0	0.0	1.0	1.0
24	6	340	16.806	0.402	8.0	0.0	1.0	1.0
24	6	300	15.0	0.0	8.0	0.0	1.0	1.0
24	6	260	13.677	0.475	8.0	0.0	1.0	1.0
24	6	220	12.0	0.0	8.0	0.0	1.0	1.0
24	6	180	9.935	0.25	8.581	0.502	1.0	1.0
24	6	140	7.968	0.18	9.0	0.0	1.0	1.0
24	6	100	5.484	0.508	10.0	0.0	1.0	1.0
24	6	77	4.0	0.0	11.645	0.486	1.0	1.0
24	6	74	4.0	0.0	12.0	0.365	1.0	1.0
24	6	71	4.0	0.0	12.258	0.514	1.0	1.0
24	6	68	3.871	0.341	12.903	0.473	1.0	1.0
24	6	65	3.226	0.425	13.581	0.502	1.0	1.0
24	6	62	3.0	0.0	14.581	0.62	1.0	1.0
24	6	59	3.0	0.0	15.323	0.702	1.0	1.0
24	6	56	2.935	0.25	16.548	0.995	1.0	1.0
24	6	53	2.516	0.677	18.484	2.174	1.0	1.0
24	6	50	1.8	0.484	22.871	3.344	0.968	1.0
24	6	47	0.852	0.602	29.667	4.806	0.645	0.774
24	6	44	0.032	0.18	32.0	0.0	0.032	0.032
25	6	420	18.968	0.18	8.0	0.0	1.0	1.0
25	6	380	18.0	0.258	8.0	0.0	1.0	1.0
25	6	340	16.774	0.425	8.0	0.0	1.0	1.0
25	6	300	15.0	0.0	8.0	0.0	1.0	1.0
25	6	260	13.742	0.445	8.0	0.0	1.0	1.0
25	6	220	11.968	0.18	8.0	0.0	1.0	1.0
25	6	180	10.0	0.0	8.161	0.374	1.0	1.0
25	6	140	8.0	0.0	9.0	0.0	1.0	1.0
25	6	100	5.839	0.374	9.839	0.374	1.0	1.0
25	6	77	4.065	0.25	11.0	0.0	1.0	1.0
25	6	74	4.0	0.0	11.387	0.495	1.0	1.0
25	6	71	4.0	0.0	11.742	0.445	1.0	1.0
25	6	68	4.0	0.0	12.194	0.402	1.0	1.0
25	6	65	3.419	0.502	12.839	0.583	1.0	1.0
25	6	62	3.097	0.301	13.548	0.723	1.0	1.0
25	6	59	3.032	0.18	14.419	0.502	1.0	1.0
25	6	56	3.0	0.0	15.419	0.807	1.0	1.0
25	6	53	2.871	0.341	16.839	0.934	1.0	1.0
25	6	50	1.742	0.729	19.935	2.048	1.0	1.0
25	6	47	1.355	0.486	23.839	2.758	1.0	1.0
25	6	44	0.107	0.315	32.0	3.688	0.097	0.194
26	6	420	17.097	0.301	8.0	0.0	1.0	1.0
26	6	380	16.065	0.25	8.0	0.0	1.0	1.0
26	6	340	15.0	0.0	8.0	0.0	1.0	1.0
26	6	300	13.516	0.508	8.0	0.0	1.0	1.0
26	6	260	12.0	0.0	8.097	0.301	1.0	1.0
26	6	220	10.194	0.402	8.806	0.402	1.0	1.0
26	6	180	8.29	0.461	9.0	0.0	1.0	1.0
26	6	140	6.161	0.374	9.0	0.0	1.0	1.0
26	6	100	4.065	0.25	10.032	0.18	1.0	1.0
26	6	77	2.968	0.18	12.29	0.461	1.0	1.0
26	6	74	2.742	0.445	12.645	0.551	1.0	1.0
26	6	71	2.419	0.502	13.097	0.539	1.0	1.0
26	6	68	2.258	0.445	13.871	0.67	1.0	1.0
26	6	65	2.032	0.18	14.645	0.709	1.0	1.0
26	6	62	2.0	0.0	15.419	1.025	1.0	1.0
26	6	59	1.806	0.402	17.226	1.146	1.0	1.0
26	6	56	1.08	0.572	19.857	2.305	0.71	0.903
26	6	53	0.32	0.557	23.154	2.672	0.226	0.419
26	6	50	0.0	0.0	nan	nan	0.0	0.0
26	6	47	0.0	0.0	nan	nan	0.0	0.0
26	6	44	0.0	0.0	nan	nan	0.0	0.0
27	6	420	15.129	0.341	9.0	0.0	1.0	1.0
27	6	380	14.29	0.461	9.0	0.0	1.0	1.0
27	6	340	13.194	0.402	9.0	0.0	1.0	1.0
27	6	300	12.0	0.0	9.0	0.0	1.0	1.0
27	6	260	11.0	0.0	9.0	0.0	1.0	1.0
27	6	220	9.387	0.495	9.0	0.0	1.0	1.0
27	6	180	7.968	0.18	9.258	0.445	1.0	1.0
27	6	140	5.968	0.18	10.0	0.0	1.0	1.0
27	6	100	4.032	0.18	11.0	0.0	1.0	1.0
27	6	77	3.0	0.0	13.29	0.461	1.0	1.0
27	6	74	3.0	0.0	14.0	0.447	1.0	1.0
27	6	71	3.0	0.0	14.355	0.486	1.0	1.0
27	6	68	3.0	0.0	15.355	0.661	1.0	1.0
27	6	65	2.548	0.506	16.613	1.256	1.0	1.0
27	6	62	1.742	0.514	17.613	1.054	1.0	1.0
27	6	59	1.065	0.25	20.516	2.014	1.0	1.0
27	6	56	0.733	0.45	24.696	2.512	0.71	0.742
27	6	53	0.032	0.18	32.0	0.0	0.032	0.032
27	6	50	0.0	0.0	nan	nan	0.0	0.0
27	6	47	0.0	0.0	nan	nan	0.0	0.0
27	6	44	0.0	0.0	nan	nan	0.0	0.0
28	6	420	15.161	0.374	9.0	0.0	1.0	1.0
28	6	380	14.129	0.341	9.0	0.0	1.0	1.0
28	6	340	13.194	0.402	9.0	0.0	1.0	1.0
28	6	300	12.032	0.18	9.0	0.0	1.0	1.0
28	6	260	11.0	0.0	9.0	0.0	1.0	1.0
28	6	220	9.194	0.402	9.0	0.0	1.0	1.0
28	6	180	7.935	0.25	9.0	0.0	1.0	1.0
28	6	140	6.0	0.0	10.0	0.0	1.0	1.0
28	6	100	4.032	0.18	10.968	0.18	1.0	1.0
28	6	77	3.0	0.0	12.71	0.529	1.0	1.0
28	6	74	3.0	0.0	13.065	0.359	1.0	1.0
28	6	71	3.0	0.0	13.806	0.477	1.0	1.0
28	6	68	2.935	0.25	14.258	0.575	1.0	1.0
28	6	65	2.613	0.495	15.065	0.854	1.0	1.0
28	6	62	2.258	0.445	15.806	0.601	1.0	1.0
28	6	59	1.935	0.359	17.0	0.966	1.0	1.0
28	6	56	1.226	0.497	19.29	1.371	1.0	1.0
28	6	53	1.0	0.0	23.645	2.058	1.0	1.0
28	6	50	0.194	0.402	24.333	1.966	0.194	0.194
28	6	47	0.0	0.0	nan	nan	0.0	0.0
28	6	44	0.0	0.0	nan	nan	0.0	0.0
29	6	420	20.516	0.508	8.0	0.0	1.0	1.0
29	6	380	19.323	0.475	8.0	0.0	1.0	1.0
29	6	340	18.0	0.0	8.0	0.0	1.0	1.0
29	6	300	16.29	0.461	8.0	0.0	1.0	1.0
29	6	260	14.355	0.486	8.0	0.0	1.0	1.0
29	6	220	12.516	0.508	8.0	0.0	1.0	1.0
29	6	180	10.258	0.445	8.065	0.25	1.0	1.0
29	6	140	8.0	0.258	9.0	0.0	1.0	1.0
29	6	100	5.516	0.508	9.645	0.486	1.0	1.0
29	6	77	4.0	0.0	10.935	0.25	1.0	1.0
29	6	74	3.935	0.25	11.0	0.258	1.0	1.0
29	6	71	3.677	0.475	11.226	0.497	1.0	1.0
29	6	68	3.452	0.506	11.774	0.497	1.0	1.0
29	6	65	3.032	0.18	12.161	0.523	1.0	1.0
29	6	62	3.0	0.0	12.484	0.508	1.0	1.0
29	6	59	2.903	0.301	13.419	0.564	1.0	1.0
29	6	56	2.677	0.475	14.452	0.768	1.0	1.0
29	6	53	2.258	0.445	14.903	1.012	1.0	1.0
29	6	50	1.903	0.396	16.742	2.049	1.0	1.0
29	6	47	1.452	0.506	18.806	1.905	1.0	1.0
29	6	44	0.815	0.557	22.417	2.858	0.645	0.774
30	6	420	15.226	0.425	8.0	0.0	1.0	1.0
30	6	380	14.516	0.508	8.032	0.18	1.0	1.0
30	6	340	13.419	0.502	8.0	0.0	1.0	1.0
30	6	300	12.194	0.402	8.226	0.425	1.0	1.0
30	6	260	11.0	0.0	8.871	0.341	1.0	1.0
30	6	220	9.484	0.508	9.0	0.0	1.0	1.0
30	6	180	8.0	0.0	9.0	0.0	1.0	1.0
30	6	140	6.032	0.18	9.0	0.0	1.0	1.0
30	6	100	4.29	0.461	10.129	0.341	1.0	1.0
30	6	77	3.065	0.25	12.097	0.301	1.0	1.0
30	6	74	3.0	0.0	12.548	0.506	1.0	1.0
30	6	71	3.0	0.0	12.968	0.407	1.0	1.0
30	6	68	3.0	0.0	13.581	0.502	1.0	1.0
30	6	65	2.935	0.25	14.484	0.677	1.0	1.0
30	6	62	2.419	0.502	15.161	0.583	1.0	1.0
30	6	59	2.097	0.473	16.581	0.992	1.0	1.0
30	6	56	1.548	0.506	18.548	1.457	1.0	1.0
30	6	53	1.0	0.258	22.2	2.917	0.968	0.968
30	6	50	0.645	0.486	25.3	2.577	0.645	0.645
30	6	47	0.0	0.0	nan	nan	0.0	0.0
30	6	44	0.0	0.0	nan	nan	0.0	0.0
31	6	420	18.0	0.0	9.0	0.0	1.0	1.0
31	6	380	17.032	0.18	9.0	0.0	1.0	1.0
31	6	340	16.0	0.0	8.968	0.18	1.0	1.0
31	6	300	14.677	0.475	9.0	0.0	1.0	1.0
31	6	260	13.0	0.0	9.0	0.0	1.0	1.0
31	6	220	11.097	0.301	9.0	0.0	1.0	1.0
31	6	180	9.129	0.341	9.0	0.0	1.0	1.0
31	6	140	7.129	0.341	9.29	0.461	1.0	1.0
31	6	100	5.032	0.18	10.548	0.506	1.0	1.0
31	6	77	4.0	0.0	12.129	0.341	1.0	1.0
31	6	74	3.871	0.341	12.806	0.477	1.0	1.0
31	6	71	3.452	0.506	13.29	0.461	1.0	1.0
31	6	68	3.032	0.18	13.935	0.25	1.0	1.0
31	6	65	3.0	0.0	14.71	0.529	1.0	1.0
31	6	62	3.0	0.0	15.839	0.523	1.0	1.0
31	6	59	2.935	0.25	17.129	1.408	1.0	1.0
31	6	56	2.129	0.718	18.742	1.39	1.0	1.0
31	6	53	1.226	0.425	22.581	2.68	1.0	1.0
31	6	50	0.6	0.577	29.95	4.513	0.452	0.645
31	6	47	0.0	0.0	35.0	0.0	0.0	0.032
31	6	44	0.0	0.0	nan	nan	0.0	0.0
0	7	420	17.032	0.18	9.0	0.0	1.0	1.0
0	7	380	16.0	0.0	9.0	0.0	1.0	1.0
0	7	340	14.548	0.506	9.0	0.0	1.0	1.0
0	7	300	13.0	0.0	9.0	0.0	1.0	1.0
0	7	260	11.226	0.425	9.0	0.0	1.0	1.0
0	7	220	9.677	0.475	9.0	0.0	1.0	1.0
0	7	180	7.839	0.374	9.935	0.25	1.0	1.0
0	7	140	5.806	0.402	10.0	0.0	1.0	1.0
0	7	100	3.806	0.402	11.323	0.475	1.0	1.0
0	7	77	2.161	0.374	14.387	0.667	1.0	1.0
0	7	74	2.0	0.0	14.935	0.574	1.0	1.0
0	7	71	2.0	0.0	15.774	0.669	1.0	1.0
0	7	68	1.967	0.183	16.839	0.86	0.968	1.0
0	7	65	1.379	0.561	18.333	1.295	0.903	0.968
0	7	62	0.5	0.513	21.619	2.418	0.323	0.677
0	7	59	0.0	0.0	nan	nan	0.0	0.0
0	7	56	0.0	0.0	nan	nan	0.0	0.0
0	7	53	0.0	0.0	nan	nan	0.0	0.0
0	7	50	0.0	0.0	nan	nan	0.0	0.0
0	7	47	0.0	0.0	nan	nan	0.0	0.0
0	7	44	0.0	0.0	nan	nan	0.0	0.0
1	7	420	22.581	0.502	8.484	0.508	1.0	1.0
1	7	380	21.097	0.301	8.71	0.461	1.0	1.0
1	7	340	19.516	0.508	8.871	0.341	1.0	1.0
1	7	300	17.806	0.402	8.935	0.25	1.0	1.0
1	7	260	15.677	0.475	9.0	0.0	1.0	1.0
1	7	220	13.387	0.495	9.0	0.0	1.0	1.0
1	7	180	11.0	0.0	9.0	0.0	1.0	1.0
1	7	140	8.387	0.495	9.355	0.486	1.0	1.0
1	7	100	5.935	0.25	10.774	0.425	1.0	1.0
1	7	77	4.032	0.18	12.452	0.506	1.0	1.0
1	7	74	4.0	0.0	12.968	0.315	1.0	1.0
1	7	71	3.968	0.18	13.387	0.558	1.0	1.0
1	7	68	3.677	0.475	14.032	0.407	1.0	1.0
1	7	65	3.258	0.445	14.774	0.617	1.0	1.0
1	7	62	3.0	0.0	15.645	0.709	1.0	1.0
1	7	59	3.0	0.0	16.806	0.792	1.0	1.0
1	7	56	2.387	0.615	18.516	1.546	1.0	1.0
1	7	53	1.581	0.502	20.774	1.477	1.0	1.0
1	7	50	1.129	0.341	24.806	3.535	1.0	1.0
1	7	47	0.633	0.49	27.85	3.498	0.613	0.645
1	7	44	0.0	0.0	nan	nan	0.0	0.0
2	7	420	15.0	0.0	9.0	0.0	1.0	1.0
2	7	380	14.0	0.0	9.0	0.0	1.0	1.0
2	7	340	13.0	0.0	9.0	0.0	1.0	1.0
2	7	300	11.645	0.486	9.0	0.0	1.0	1.0
2	7	260	10.0	0.0	9.0	0.0	1.0	1.0
2	7	220	8.129	0.341	9.0	0.0	1.0	1.0
2	7	180	6.935	0.25	9.0	0.0	1.0	1.0
2	7	140	5.0	0.0	10.0	0.0	1.0	1.0
2	7	100	3.0	0.0	11.032	0.18	1.0	1.0
2	7	77	2.0	0.0	13.677	0.475	1.0	1.0
2	7	74	2.0	0.0	14.387	0.558	1.0	1.0
2	7	71	1.839	0.374	15.129	0.562	1.0	1.0
2	7	68	1.516	0.508	16.161	0.688	1.0	1.0
2	7	65	1.053	0.229	18.258	1.264	0.613	1.0
2	7	62	0.037	0.192	20.0	3.0	0.032	0.161
2	7	59	0.0	0.0	nan	nan	0.0	0.0
2	7	56	0.0	0.0	nan	nan	0.0	0.0
2	7	53	0.0	0.0	nan	nan	0.0	0.0
2	7	50	0.0	0.0	nan	nan	0.0	0.0
2	7	47	0.0	0.0	nan	nan	0.0	0.0
2	7	44	0.0	0.0	nan	nan	0.0	0.0
3	7	420	13.0	0.0	8.194	0.402	1.0	1.0
3	7	380	12.0	0.0	8.516	0.508	1.0	1.0
3	7	340	11.0	0.0	8.839	0.374	1.0	1.0
3	7	300	10.0	0.0	9.0	0.0	1.0	1.0
3	7	260	9.0	0.0	9.0	0.0	1.0	1.0
3	7	220	7.806	0.402	9.0	0.0	1.0	1.0
3	7	180	6.0	0.0	9.0	0.0	1.0	1.0
3	7	140	4.968	0.18	9.452	0.506	1.0	1.0
3	7	100	3.0	0.0	10.968	0.18	1.0	1.0
3	7	77	2.065	0.25	13.194	0.402	1.0	1.0
3	7	74	2.0	0.0	13.871	0.499	1.0	1.0
3	7	71	2.0	0.0	14.742	0.815	1.0	1.0
3	7	68	1.968	0.18	15.903	0.944	1.0	1.0
3	7	65	1.903	0.301	16.871	1.147	1.0	1.0
3	7	62	1.233	0.43	19.871	2.141	0.968	1.0
3	7	59	0.704	0.542	23.0	2.488	0.581	0.71
3	7	56	0.0	0.0	nan	nan	0.0	0.0
3	7	53	0.0	0.0	nan	nan	0.0	0.0
3	7	50	0.0	0.0	nan	nan	0.0	0.0
3	7	47	0.0	0.0	nan	nan	0.0	0.0
3	7	44	0.0	0.0	nan	nan	0.0	0.0
4	7	420	17.032	0.18	9.0	0.0	1.0	1.0
4	7	380	16.0	0.0	9.0	0.0	1.0	1.0
4	7	340	14.935	0.25	9.0	0.0	1.0	1.0
4	7	300	13.129	0.341	9.0	0.0	1.0	1.0
4	7	260	11.903	0.301	9.0	0.0	1.0	1.0
4	7	220	10.0	0.0	9.0	0.0	1.0	1.0
4	7	180	7.968	0.18	9.0	0.0	1.0	1.0
4	7	140	6.0	0.0	10.0	0.0	1.0	1.0
4	7	100	4.0	0.0	10.968	0.18	1.0	1.0
4	7	77	2.968	0.18	13.226	0.425	1.0	1.0
4	7	74	2.71	0.461	13.806	0.477	1.0	1.0
4	7	71	2.194	0.402	14.452	0.506	1.0	1.0
4	7	68	2.065	0.25	15.129	0.67	1.0	1.0
4	7	65	2.0	0.0	16.129	0.763	1.0	1.0
4	7	62	1.774	0.425	17.774	1.309	1.0	1.0
4	7	59	1.069	0.458	20.172	2.156	0.871	0.935
4	7	56	0.519	0.509	23.222	2.439	0.452	0.581
4	7	53	0.0	0.0	nan	nan	0.0	0.0
4	7	50	0.0	0.0	nan	nan	0.0	0.0
4	7	47	0.0	0.0	nan	nan	0.0	0.0
4	7	44	0.0	0.0	nan	nan	0.0	0.0
5	7	420	20.0	0.0	9.0	0.0	1.0	1.0
5	7	380	18.645	0.486	8.935	0.25	1.0	1.0
5	7	340	17.0	0.0	9.0	0.0	1.0	1.0
5	7	300	15.065	0.25	9.0	0.0	1.0	1.0
5	7	260	13.032	0.18	9.0	0.0	1.0	1.0
5	7	220	11.065	0.25	9.0	0.0	1.0	1.0
5	7	180	8.935	0.25	9.0	0.0	1.0	1.0
5	7	140	6.387	0.495	9.968	0.18	1.0	1.0
5	7	100	3.968	0.18	11.161	0.374	1.0	1.0
5	7	77	2.29	0.461	13.871	0.562	1.0	1.0
5	7	74	2.065	0.25	14.516	0.57	1.0	1.0
5	7	71	2.0	0.0	15.419	0.848	1.0	1.0
5	7	68	1.968	0.18	16.484	0.89	1.0	1.0
5	7	65	1.407	0.694	18.143	1.353	0.774	0.903
5	7	62	0.571	0.756	20.957	2.306	0.194	0.742
5	7	59	0.0	0.0	22.25	2.217	0.0	0.129
5	7	56	0.0	0.0	nan	nan	0.0	0.0
5	7	53	0.0	0.0	nan	nan	0.0	0.0
5	7	50	0.0	0.0	nan	nan	0.0	0.0
5	7	47	0.0	0.0	nan	nan	0.0	0.0
5	7	44	0.0	0.0	nan	nan	0.0	0.0
6	7	420	19.0	0.0	9.0	0.0	1.0	1.0
6	7	380	17.774	0.425	9.0	0.0	1.0	1.0
6	7	340	16.194	0.402	9.0	0.0	1.0	1.0
6	7	300	15.0	0.0	9.0	0.0	1.0	1.0
6	7	260	13.097	0.301	9.0	0.0	1.0	1.0
6	7	220	11.194	0.402	9.0	0.0	1.0	1.0
6	7	180	9.258	0.445	9.0	0.0	1.0	1.0
6	7	140	7.097	0.301	9.968	0.18	1.0	1.0
6	7	100	5.0	0.0	10.968	0.18	1.0	1.0
6	7	77	3.968	0.18	12.645	0.486	1.0	1.0
6	7	74	3.806	0.402	13.0	0.365	1.0	1.0
6	7	71	3.258	0.445	13.581	0.564	1.0	1.0
6	7	68	3.065	0.25	14.29	0.588	1.0	1.0
6	7	65	3.0	0.0	14.968	0.706	1.0	1.0
6	7	62	2.968	0.18	16.032	0.706	1.0	1.0
6	7	59	2.774	0.497	17.258	1.125	1.0	1.0
6	7	56	1.548	0.723	19.258	1.673	1.0	1.0
6	7	53	1.194	0.402	22.032	1.958	1.0	1.0
6	7	50	0.7	0.466	27.045	3.671	0.677	0.71
6	7	47	0.032	0.18	33.0	0.0	0.032	0.032
6	7	44	0.0	0.0	nan	nan	0.0	0.0
7	7	420	17.806	0.402	8.032	0.18	1.0	1.0
7	7	380	16.323	0.475	8.0	0.0	1.0	1.0
7	7	340	15.0	0.0	8.226	0.425	1.0	1.0
7	7	300	13.903	0.301	8.774	0.425	1.0	1.0
7	7	260	12.032	0.18	8.968	0.18	1.0	1.0
7	7	220	10.065	0.25	9.0	0.0	1.0	1.0
7	7	180	8.258	0.445	9.0	0.0	1.0	1.0
7	7	140	6.097	0.301	9.419	0.502	1.0	1.0
7	7	100	4.065	0.25	10.935	0.25	1.0	1.0
7	7	77	2.968	0.18	13.452	0.675	1.0	1.0
7	7	74	2.935	0.25	13.839	0.583	1.0	1.0
7	7	71	2.645	0.486	14.581	0.502	1.0	1.0
7	7	68	2.258	0.445	15.387	0.667	1.0	1.0
7	7	65	1.968	0.18	16.613	0.761	1.0	1.0
7	7	62	1.548	0.506	18.097	1.076	1.0	1.0
7	7	59	1.0	0.277	21.033	2.606	0.839	0.968
7	7	56	0.536	0.508	23.611	1.975	0.484	0.581
7	7	53	0.0	0.0	25.0	0.0	0.0	0.032
7	7	50	0.0	0.0	nan	nan	0.0	0.0
7	7	47	0.0	0.0	nan	nan	0.0	0.0
7	7	44	0.0	0.0	nan	nan	0.0	0.0
8	7	420	19.258	0.445	8.0	0.0	1.0	1.0
8	7	380	18.065	0.25	8.0	0.0	1.0	1.0
8	7	340	16.968	0.18	8.0	0.0	1.0	1.0
8	7	300	15.161	0.374	8.0	0.0	1.0	1.0
8	7	260	13.742	0.445	8.0	0.0	1.0	1.0
8	7	220	11.871	0.341	8.0	0.0	1.0	1.0
8	7	180	9.839	0.374	8.0	0.0	1.0	1.0
8	7	140	7.29	0.461	8.677	0.475	1.0	1.0
8	7	100	5.065	0.25	9.194	0.402	1.0	1.0
8	7	77	4.0	0.0	10.806	0.402	1.0	1.0
8	7	74	3.968	0.18	11.032	0.315	1.0	1.0
8	7	71	3.613	0.495	11.452	0.506	1.0	1.0
8	7	68	3.097	0.301	11.968	0.482	1.0	1.0
8	7	65	3.0	0.0	12.484	0.57	1.0	1.0
8	7	62	3.0	0.0	13.258	0.575	1.0	1.0
8	7	59	2.903	0.301	14.258	0.855	1.0	1.0
8	7	56	2.742	0.445	14.806	0.792	1.0	1.0
8	7	53	2.097	0.396	16.194	1.138	1.0	1.0
8	7	50	1.516	0.508	18.774	1.91	1.0	1.0
8	7	47	1.097	0.301	22.548	2.447	1.0	1.0
8	7	44	0.161	0.374	25.4	2.702	0.161	0.161
9	7	420	20.484	0.508	8.0	0.0	1.0	1.0
9	7	380	19.097	0.301	8.0	0.0	1.0	1.0
9	7	340	17.677	0.475	8.0	0.0	1.0	1.0
9	7	300	15.968	0.18	8.0	0.0	1.0	1.0
9	7	260	13.968	0.18	8.0	0.0	1.0	1.0
9	7	220	11.935	0.25	8.0	0.0	1.0	1.0
9	7	180	9.968	0.18	8.742	0.445	1.0	1.0
9	7	140	7.355	0.486	9.0	0.0	1.0	1.0
9	7	100	5.0	0.0	10.0	0.0	1.0	1.0
9	7	77	3.323	0.475	11.903	0.301	1.0	1.0
9	7	74	3.0	0.0	12.194	0.477	1.0	1.0
9	7	71	3.0	0.0	12.806	0.402	1.0	1.0
9	7	68	2.968	0.18	13.323	0.541	1.0	1.0
9	7	65	2.774	0.425	14.258	0.631	1.0	1.0
9	7	62	2.355	0.486	15.387	0.844	1.0	1.0
9	7	59	2.097	0.396	16.774	0.884	1.0	1.0
9	7	56	1.29	0.461	20.032	1.941	1.0	1.0
9	7	53	0.828	0.384	23.154	2.618	0.774	0.839
9	7	50	0.0	0.0	nan	nan	0.0	0.0
9	7	47	0.0	0.0	nan	nan	0.0	0.0
9	7	44	0.0	0.0	nan	nan	0.0	0.0
10	7	420	15.194	0.402	9.0	0.0	1.0	1.0
10	7	380	14.0	0.0	9.0	0.0	1.0	1.0
10	7	340	13.0	0.0	9.0	0.0	1.0	1.0
10	7	300	11.871	0.341	9.0	0.0	1.0	1.0
10	7	260	10.032	0.18	9.0	0.0	1.0	1.0
10	7	220	8.871	0.341	9.0	0.0	1.0	1.0
10	7	180	7.0	0.0	9.0	0.0	1.0	1.0
10	7	140	5.065	0.25	10.0	0.0	1.0	1.0
10	7	100	3.29	0.461	11.0	0.0	1.0	1.0
10	7	77	2.129	0.341	13.258	0.514	1.0	1.0
10	7	74	2.0	0.0	13.903	0.539	1.0	1.0
10	7	71	2.0	0.0	14.484	0.57	1.0	1.0
10	7	68	2.0	0.0	15.613	0.715	1.0	1.0
10	7	65	1.903	0.301	16.71	1.039	1.0	1.0
10	7	62	1.32	0.557	19.133	2.145	0.774	0.968
10	7	59	0.2	0.414	21.579	2.652	0.097	0.613
10	7	56	0.0	0.0	nan	nan	0.0	0.0
10	7	53	0.0	0.0	nan	nan	0.0	0.0
10	7	50	0.0	0.0	nan	nan	0.0	0.0
10	7	47	0.0	0.0	nan	nan	0.0	0.0
10	7	44	0.0	0.0	nan	nan	0.0	0.0
11	7	420	14.968	0.18	8.0	0.0	1.0	1.0
11	7	380	14.032	0.18	8.0	0.0	1.0	1.0
11	7	340	13.0	0.0	8.0	0.0	1.0	1.0
11	7	300	11.968	0.18	8.0	0.0	1.0	1.0
11	7	260	10.194	0.402	8.032	0.18	1.0	1.0
11	7	220	9.0	0.0	8.677	0.475	1.0	1.0
11	7	180	7.129	0.341	9.0	0.0	1.0	1.0
11	7	140	5.935	0.25	9.0	0.0	1.0	1.0
11	7	100	4.0	0.0	10.0	0.0	1.0	1.0
11	7	77	3.0	0.0	11.968	0.315	1.0	1.0
11	7	74	3.0	0.0	12.323	0.475	1.0	1.0
11	7	71	2.903	0.301	12.903	0.396	1.0	1.0
11	7	68	2.581	0.502	13.387	0.558	1.0	1.0
11	7	65	2.258	0.445	13.935	0.574	1.0	1.0
11	7	62	2.032	0.18	14.839	0.638	1.0	1.0
11	7	59	2.0	0.0	15.774	0.717	1.0	1.0
11	7	56	1.581	0.502	18.484	1.981	1.0	1.0
11	7	53	1.172	0.468	21.067	2.741	0.903	0.968
11	7	50	0.259	0.447	24.909	1.375	0.226	0.355
11	7	47	0.0	0.0	nan	nan	0.0	0.0
11	7	44	0.0	0.0	nan	nan	0.0	0.0
12	7	420	18.645	0.486	9.0	0.0	1.0	1.0
12	7	380	17.323	0.475	9.0	0.0	1.0	1.0
12	7	340	16.032	0.18	9.0	0.0	1.0	1.0
12	7	300	14.516	0.508	9.0	0.0	1.0	1.0
12	7	260	13.0	0.0	9.0	0.0	1.0	1.0
12	7	220	11.0	0.0	9.0	0.0	1.0	1.0
12	7	180	9.0	0.0	9.194	0.402	1.0	1.0
12	7	140	6.968	0.18	10.0	0.0	1.0	1.0
12	7	100	4.677	0.475	11.258	0.445	1.0	1.0
12	7	77	3.0	0.0	14.0	0.447	1.0	1.0
12	7	74	3.0	0.0	14.677	0.475	1.0	1.0
12	7	71	3.0	0.0	15.323	0.541	1.0	1.0
12	7	68	2.935	0.25	16.581	0.72	1.0	1.0
12	7	65	2.226	0.805	17.968	1.016	1.0	1.0
12	7	62	1.129	0.341	21.032	1.741	1.0	1.0
12	7	59	1.0	0.0	24.161	2.518	1.0	1.0
12	7	56	0.533	0.507	29.824	3.45	0.516	0.548
12	7	53	0.0	0.0	nan	nan	0.0	0.0
12	7	50	0.0	0.0	nan	nan	0.0	0.0
12	7	47	0.0	0.0	nan	nan	0.0	0.0
12	7	44	0.0	0.0	nan	nan	0.0	0.0
13	7	420	19.065	0.25	8.0	0.0	1.0	1.0
13	7	380	17.935	0.25	8.0	0.0	1.0	1.0
13	7	340	16.0	0.258	8.0	0.0	1.0	1.0
13	7	300	14.226	0.425	8.0	0.0	1.0	1.0
13	7	260	12.419	0.502	8.032	0.18	1.0	1.0
13	7	220	10.323	0.475	8.871	0.341	1.0	1.0
13	7	180	8.194	0.402	9.0	0.0	1.0	1.0
13	7	140	6.032	0.18	9.129	0.341	1.0	1.0
13	7	100	3.968	0.18	11.0	0.0	1.0	1.0
13	7	77	2.129	0.341	13.742	0.575	1.0	1.0
13	7	74	2.032	0.18	14.194	0.601	1.0	1.0
13	7	71	2.0	0.0	15.29	0.824	1.0	1.0
13	7	68	1.968	0.315	15.935	1.031	1.0	1.0
13	7	65	1.524	0.68	18.69	2.173	0.613	0.935
13	7	62	0.6	0.681	20.143	2.393	0.323	0.677
13	7	59	0.0	0.0	nan	nan	0.0	0.0
13	7	56	0.0	0.0	nan	nan	0.0	0.0
13	7	53	0.0	0.0	nan	nan	0.0	0.0
13	7	50	0.0	0.0	nan	nan	0.0	0.0
13	7	47	0.0	0.0	nan	nan	0.0	0.0
13	7	44	0.0	0.0	nan	nan	0.0	0.0
14	7	420	17.548	0.506	9.0	0.0	1.0	1.0
14	7	380	16.613	0.495	9.0	0.0	1.0	1.0
14	7	340	15.065	0.25	9.0	0.0	1.0	1.0
14	7	300	13.968	0.18	9.0	0.0	1.0	1.0
14	7	260	12.0	0.0	9.0	0.0	1.0	1.0
14	7	220	10.452	0.506	9.0	0.0	1.0	1.0
14	7	180	8.871	0.341	9.0	0.0	1.0	1.0
14	7	140	6.903	0.301	10.0	0.0	1.0	1.0
14	7	100	4.806	0.402	11.0	0.0	1.0	1.0
14	7	77	3.258	0.445	12.839	0.374	1.0	1.0
14	7	74	3.0	0.0	13.161	0.374	1.0	1.0
14	7	71	3.0	0.0	13.516	0.508	1.0	1.0
14	7	68	3.0	0.0	14.355	0.551	1.0	1.0
14	7	65	2.968	0.18	15.032	0.983	1.0	1.0
14	7	62	2.774	0.425	16.065	0.68	1.0	1.0
14	7	59	2.0	0.683	17.452	0.995	1.0	1.0
14	7	56	1.226	0.425	19.613	1.874	1.0	1.0
14	7	53	0.903	0.301	24.107	3.224	0.903	0.903
14	7	50	0.097	0.301	25.667	1.528	0.097	0.097
14	7	47	0.0	0.0	nan	nan	0.0	0.0
14	7	44	0.0	0.0	nan	nan	0.0	0.0
15	7	420	20.032	0.18	8.097	0.301	1.0	1.0
15	7	380	18.387	0.495	8.194	0.402	1.0	1.0
15	7	340	17.0	0.258	8.194	0.402	1.0	1.0
15	7	300	15.452	0.506	8.806	0.402	1.0	1.0
15	7	260	13.677	0.475	8.935	0.25	1.0	1.0
15	7	220	11.71	0.461	9.0	0.0	1.0	1.0
15	7	180	9.774	0.425	9.0	0.0	1.0	1.0
15	7	140	7.29	0.461	9.0	0.0	1.0	1.0
15	7	100	5.0	0.0	10.0	0.0	1.0	1.0
15	7	77	3.742	0.445	11.161	0.374	1.0	1.0
15	7	74	3.581	0.502	11.613	0.495	1.0	1.0
15	7	71	3.161	0.374	11.903	0.301	1.0	1.0
15	7	68	3.032	0.18	12.226	0.425	1.0	1.0
15	7	65	3.0	0.0	12.871	0.562	1.0	1.0
15	7	62	2.839	0.374	13.387	0.558	1.0	1.0
15	7	59	2.645	0.486	13.774	0.717	1.0	1.0
15	7	56	2.452	0.506	14.903	0.651	1.0	1.0
15	7	53	2.0	0.0	15.839	0.82	1.0	1.0
15	7	50	1.871	0.341	16.968	1.426	1.0	1.0
15	7	47	1.036	0.508	19.893	2.266	0.806	0.903
15	7	44	0.25	0.441	22.9	1.663	0.226	0.323
16	7	420	24.355	0.486	8.968	0.18	1.0	1.0
16	7	380	22.839	0.374	9.0	0.0	1.0	1.0
16	7	340	20.935	0.359	9.0	0.0	1.0	1.0
16	7	300	18.903	0.396	9.0	0.0	1.0	1.0
16	7	260	16.677	0.475	9.0	0.0	1.0	1.0
16	7	220	14.032	0.18	9.0	0.0	1.0	1.0
16	7	180	11.484	0.508	9.0	0.0	1.0	1.0
16	7	140	8.742	0.445	9.677	0.475	1.0	1.0
16	7	100	5.968	0.18	10.839	0.374	1.0	1.0
16	7	77	4.0	0.258	12.258	0.514	1.0	1.0
16	7	74	3.935	0.359	12.839	0.374	1.0	1.0
16	7	71	3.742	0.445	13.452	0.506	1.0	1.0
16	7	68	3.419	0.502	13.903	0.539	1.0	1.0
16	7	65	3.161	0.374	14.935	0.574	1.0	1.0
16	7	62	2.935	0.25	15.903	0.944	1.0	1.0
16	7	59	2.613	0.495	16.806	1.014	1.0	1.0
16	7	56	1.806	0.749	18.677	1.222	1.0	1.0
16	7	53	1.194	0.477	22.233	3.256	0.968	0.968
16	7	50	1.0	0.258	24.6	3.081	0.968	0.968
16	7	47	0.167	0.379	28.833	4.708	0.161	0.194
16	7	44	0.0	0.0	nan	nan	0.0	0.0
17	7	420	16.677	0.475	8.129	0.341	1.0	1.0
17	7	380	15.645	0.486	8.258	0.445	1.0	1.0
17	7	340	14.226	0.425	8.613	0.495	1.0	1.0
17	7	300	13.0	0.0	8.806	0.402	1.0	1.0
17	7	260	11.839	0.374	8.968	0.18	1.0	1.0
17	7	220	10.0	0.0	9.0	0.0	1.0	1.0
17	7	180	8.032	0.18	9.0	0.0	1.0	1.0
17	7	140	6.129	0.341	9.0	0.0	1.0	1.0
17	7	100	4.419	0.502	10.194	0.402	1.0	1.0
17	7	77	3.0	0.0	12.194	0.477	1.0	1.0
17	7	74	3.0	0.0	12.839	0.454	1.0	1.0
17	7	71	3.0	0.0	13.097	0.396	1.0	1.0
17	7	68	3.0	0.0	13.871	0.562	1.0	1.0
17	7	65	2.968	0.18	14.194	0.543	1.0	1.0
17	7	62	2.742	0.445	15.71	0.783	1.0	1.0
17	7	59	2.129	0.562	16.903	1.326	1.0	1.0
17	7	56	1.355	0.486	19.032	1.426	1.0	1.0
17	7	53	0.793	0.412	23.76	3.811	0.742	0.806
17	7	50	0.0	0.0	nan	nan	0.0	0.0
17	7	47	0.0	0.0	nan	nan	0.0	0.0
17	7	44	0.0	0.0	nan	nan	0.0	0.0
18	7	420	15.097	0.301	9.0	0.0	1.0	1.0
18	7	380	14.065	0.25	9.0	0.0	1.0	1.0
18	7	340	13.0	0.0	9.0	0.0	1.0	1.0
18	7	300	11.774	0.425	9.0	0.0	1.0	1.0
18	7	260	10.0	0.0	9.0	0.0	1.0	1.0
18	7	220	8.742	0.445	9.0	0.0	1.0	1.0
18	7	180	7.0	0.0	9.0	0.0	1.0	1.0
18	7	140	5.0	0.0	10.0	0.0	1.0	1.0
18	7	100	3.0	0.0	11.0	0.0	1.0	1.0
18	7	77	2.0	0.0	13.452	0.506	1.0	1.0
18	7	74	2.0	0.0	14.161	0.523	1.0	1.0
18	7	71	2.0	0.0	14.613	0.495	1.0	1.0
18	7	68	1.935	0.25	15.871	0.957	1.0	1.0
18	7	65	1.75	0.441	17.29	1.101	0.903	1.0
18	7	62	0.588	0.618	18.87	1.546	0.29	0.742
18	7	59	0.0	0.0	21.4	1.673	0.0	0.161
18	7	56	0.0	0.0	nan	nan	0.0	0.0
18	7	53	0.0	0.0	nan	nan	0.0	0.0
18	7	50	0.0	0.0	nan	nan	0.0	0.0
18	7	47	0.0	0.0	nan	nan	0.0	0.0
18	7	44	0.0	0.0	nan	nan	0.0	0.0
19	7	420	16.935	0.25	9.0	0.0	1.0	1.0
19	7	380	15.839	0.374	9.0	0.0	1.0	1.0
19	7	340	14.355	0.486	9.0	0.0	1.0	1.0
19	7	300	13.097	0.301	9.0	0.0	1.0	1.0
19	7	260	11.742	0.445	9.0	0.0	1.0	1.0
19	7	220	9.935	0.25	9.0	0.0	1.0	1.0
19	7	180	7.968	0.18	9.0	0.0	1.0	1.0
19	7	140	6.065	0.359	9.71	0.461	1.0	1.0
19	7	100	4.0	0.0	10.871	0.341	1.0	1.0
19	7	77	3.0	0.0	12.645	0.486	1.0	1.0
19	7	74	2.903	0.301	13.0	0.447	1.0	1.0
19	7	71	2.677	0.475	13.774	0.497	1.0	1.0
19	7	68	2.355	0.486	14.194	0.477	1.0	1.0
19	7	65	2.129	0.341	15.097	0.651	1.0	1.0
19	7	62	2.0	0.0	15.839	0.583	1.0	1.0
19	7	59	1.871	0.341	17.032	1.048	1.0	1.0
19	7	56	1.138	0.516	19.966	3.469	0.871	0.935
19	7	53	0.708	0.464	21.792	2.377	0.548	0.774
19	7	50	0.033	0.183	23.0	0.0	0.032	0.065
19	7	47	0.0	0.0	nan	nan	0.0	0.0
19	7	44	0.0	0.0	nan	nan	0.0	0.0
20	7	420	17.903	0.301	8.0	0.0	1.0	1.0
20	7	380	16.71	0.461	8.0	0.0	1.0	1.0
20	7	340	15.065	0.25	8.0	0.0	1.0	1.0
20	7	300	13.871	0.428	8.194	0.402	1.0	1.0
20	7	260	12.0	0.0	8.806	0.402	1.0	1.0
20	7	220	10.194	0.402	8.968	0.18	1.0	1.0
20	7	180	8.258	0.445	9.0	0.0	1.0	1.0
20	7	140	6.161	0.374	9.0	0.0	1.0	1.0
20	7	100	4.161	0.374	10.032	0.18	1.0	1.0
20	7	77	3.0	0.0	11.968	0.18	1.0	1.0
20	7	74	2.968	0.18	12.258	0.514	1.0	1.0
20	7	71	2.839	0.374	12.806	0.402	1.0	1.0
20	7	68	2.419	0.502	13.29	0.461	1.0	1.0
20	7	65	2.194	0.402	14.065	0.512	1.0	1.0
20	7	62	2.0	0.0	15.29	0.693	1.0	1.0
20	7	59	1.968	0.18	16.0	0.966	1.0	1.0
20	7	56	1.75	0.518	17.733	1.311	0.871	0.968
20	7	53	0.84	0.554	20.88	2.088	0.613	0.806
20	7	50	0.0	0.0	nan	nan	0.0	0.0
20	7	47	0.0	0.0	nan	nan	0.0	0.0
20	7	44	0.0	0.0	nan	nan	0.0	0.0
21	7	420	15.581	0.502	8.645	0.486	1.0	1.0
21	7	380	14.323	0.475	8.516	0.508	1.0	1.0
21	7	340	13.032	0.18	8.871	0.341	1.0	1.0
21	7	300	11.903	0.301	9.0	0.0	1.0	1.0
21	7	260	10.129	0.341	9.0	0.0	1.0	1.0
21	7	220	8.903	0.301	9.0	0.0	1.0	1.0
21	7	180	7.0	0.0	9.0	0.0	1.0	1.0
21	7	140	5.0	0.0	9.645	0.486	1.0	1.0
21	7	100	3.0	0.0	10.968	0.18	1.0	1.0
21	7	77	2.0	0.0	13.161	0.454	1.0	1.0
21	7	74	2.0	0.0	13.806	0.601	1.0	1.0
21	7	71	2.0	0.0	14.581	0.564	1.0	1.0
21	7	68	2.0	0.0	15.419	0.672	1.0	1.0
21	7	65	1.643	0.488	16.968	1.08	0.903	1.0
21	7	62	0.857	0.663	19.556	2.242	0.323	0.871
21	7	59	0.071	0.262	20.2	2.28	0.065	0.161
21	7	56	0.0	0.0	nan	nan	0.0	0.0
21	7	53	0.0	0.0	nan	nan	0.0	0.0
21	7	50	0.0	0.0	nan	nan	0.0	0.0
21	7	47	0.0	0.0	nan	nan	0.0	0.0
21	7	44	0.0	0.0	nan	nan	0.0	0.0
22	7	420	22.0	0.0	8.0	0.0	1.0	1.0
22	7	380	20.839	0.374	8.0	0.0	1.0	1.0
22	7	340	19.097	0.301	8.0	0.0	1.0	1.0
22	7	300	17.323	0.475	8.0	0.0	1.0	1.0
22	7	260	15.226	0.425	8.0	0.0	1.0	1.0
22	7	220	13.0	0.0	8.0	0.0	1.0	1.0
22	7	180	10.903	0.301	8.0	0.0	1.0	1.0
22	7	140	8.129	0.341	9.0	0.0	1.0	1.0
22	7	100	6.0	0.0	10.0	0.0	1.0	1.0
22	7	77	4.065	0.25	11.613	0.495	1.0	1.0
22	7	74	4.0	0.0	12.097	0.473	1.0	1.0
22	7	71	3.968	0.18	12.677	0.541	1.0	1.0
22	7	68	3.71	0.461	13.129	0.428	1.0	1.0
22	7	65	3.161	0.374	13.903	0.597	1.0	1.0
22	7	62	3.0	0.0	14.806	0.543	1.0	1.0
22	7	59	3.0	0.0	15.677	0.832	1.0	1.0
22	7	56	2.742	0.514	17.355	1.112	1.0	1.0
22	7	53	1.935	0.629	19.516	1.568	1.0	1.0
22	7	50	1.194	0.402	24.194	3.371	1.0	1.0
22	7	47	0.742	0.445	29.783	3.717	0.742	0.742
22	7	44	0.0	0.0	nan	nan	0.0	0.0
23	7	420	21.903	0.301	8.0	0.0	1.0	1.0
23	7	380	20.323	0.475	8.0	0.0	1.0	1.0
23	7	340	18.935	0.25	8.0	0.0	1.0	1.0
23	7	300	17.097	0.301	8.0	0.0	1.0	1.0
23	7	260	15.065	0.25	8.065	0.25	1.0	1.0
23	7	220	13.0	0.0	8.871	0.341	1.0	1.0
23	7	180	10.968	0.18	9.0	0.0	1.0	1.0
23	7	140	8.097	0.396	9.0	0.0	1.0	1.0
23	7	100	5.968	0.18	10.0	0.0	1.0	1.0
23	7	77	4.097	0.301	12.0	0.365	1.0	1.0
23	7	74	4.032	0.18	12.226	0.497	1.0	1.0
23	7	71	4.0	0.0	12.871	0.341	1.0	1.0
23	7	68	3.903	0.301	13.29	0.529	1.0	1.0
23	7	65	3.484	0.508	14.065	0.574	1.0	1.0
23	7	62	3.129	0.341	14.935	0.574	1.0	1.0
23	7	59	3.0	0.0	15.742	0.855	1.0	1.0
23	7	56	2.968	0.18	17.097	1.012	1.0	1.0
23	7	53	2.161	0.583	19.194	1.869	1.0	1.0
23	7	50	1.677	0.475	22.161	2.267	1.0	1.0
23	7	47	0.778	0.577	29.652	4.468	0.613	0.742
23	7	44	0.107	0.315	31.833	4.262	0.097	0.194
24	7	420	20.903	0.301	8.677	0.475	1.0	1.0
24	7	380	19.452	0.506	8.774	0.425	1.0	1.0
24	7	340	18.065	0.25	8.968	0.18	1.0	1.0
24	7	300	16.161	0.374	9.0	0.0	1.0	1.0
24	7	260	14.355	0.486	9.0	0.0	1.0	1.0
24	7	220	12.355	0.486	9.0	0.0	1.0	1.0
24	7	180	10.0	0.258	9.0	0.0	1.0	1.0
24	7	140	8.0	0.0	9.032	0.18	1.0	1.0
24	7	100	5.548	0.506	10.161	0.374	1.0	1.0
24	7	77	4.0	0.0	12.032	0.315	1.0	1.0
24	7	74	4.0	0.0	12.29	0.461	1.0	1.0
24	7	71	3.968	0.18	12.71	0.588	1.0	1.0
24	7	68	3.71	0.461	13.29	0.461	1.0	1.0
24	7	65	3.258	0.445	13.839	0.583	1.0	1.0
24	7	62	3.0	0.0	14.677	0.702	1.0	1.0
24	7	59	3.0	0.0	15.806	0.601	1.0	1.0
24	7	56	2.806	0.402	16.806	1.014	1.0	1.0
24	7	53	2.161	0.779	18.645	1.889	1.0	1.0
24	7	50	1.29	0.529	21.258	2.921	1.0	1.0
24	7	47	0.871	0.341	25.889	2.679	0.871	0.871
24	7	44	0.194	0.402	27.667	3.559	0.194	0.194
25	7	420	17.516	0.508	8.419	0.502	1.0	1.0
25	7	380	16.29	0.461	8.419	0.502	1.0	1.0
25	7	340	15.161	0.374	8.839	0.374	1.0	1.0
25	7	300	13.968	0.18	8.968	0.18	1.0	1.0
25	7	260	12.097	0.301	9.0	0.0	1.0	1.0
25	7	220	10.645	0.486	9.0	0.0	1.0	1.0
25	7	180	8.871	0.341	9.0	0.0	1.0	1.0
25	7	140	6.935	0.25	9.0	0.0	1.0	1.0
25	7	100	4.903	0.301	10.129	0.341	1.0	1.0
25	7	77	3.194	0.402	12.129	0.341	1.0	1.0
25	7	74	3.032	0.18	12.645	0.486	1.0	1.0
25	7	71	3.0	0.0	12.871	0.562	1.0	1.0
25	7	68	3.0	0.0	13.774	0.617	1.0	1.0
25	7	65	2.774	0.425	14.516	0.57	1.0	1.0
25	7	62	2.387	0.495	15.387	0.844	1.0	1.0
25	7	59	2.032	0.547	16.419	1.119	1.0	1.0
25	7	56	1.419	0.502	19.032	1.683	1.0	1.0
25	7	53	1.033	0.183	22.258	2.645	0.968	1.0
25	7	50	0.345	0.484	25.417	1.929	0.323	0.387
25	7	47	0.032	0.18	25.0	0.0	0.032	0.032
25	7	44	0.0	0.0	nan	nan	0.0	0.0
26	7	420	22.161	0.374	8.0	0.0	1.0	1.0
26	7	380	20.968	0.18	8.0	0.0	1.0	1.0
26	7	340	19.129	0.341	8.0	0.0	1.0	1.0
26	7	300	17.548	0.506	8.0	0.0	1.0	1.0
26	7	260	15.548	0.506	8.0	0.0	1.0	1.0
26	7	220	13.226	0.425	8.0	0.0	1.0	1.0
26	7	180	11.0	0.0	8.516	0.508	1.0	1.0
26	7	140	8.355	0.486	9.0	0.0	1.0	1.0
26	7	100	6.0	0.0	10.0	0.0	1.0	1.0
26	7	77	4.065	0.25	11.742	0.514	1.0	1.0
26	7	74	4.0	0.0	12.065	0.25	1.0	1.0
26	7	71	4.0	0.0	12.548	0.506	1.0	1.0
26	7	68	3.935	0.25	13.065	0.25	1.0	1.0
26	7	65	3.387	0.495	13.806	0.477	1.0	1.0
26	7	62	3.097	0.301	14.419	0.62	1.0	1.0
26	7	59	3.0	0.0	15.613	0.844	1.0	1.0
26	7	56	2.968	0.18	17.065	1.124	1.0	1.0
26	7	53	2.194	0.543	19.613	1.726	1.0	1.0
26	7	50	1.226	0.425	24.323	2.441	1.0	1.0
26	7	47	0.808	0.402	29.654	4.137	0.677	0.839
26	7	44	0.0	0.0	nan	nan	0.0	0.0
27	7	420	16.839	0.374	8.032	0.18	1.0	1.0
27	7	380	15.871	0.341	8.0	0.0	1.0	1.0
27	7	340	14.742	0.445	8.0	0.0	1.0	1.0
27	7	300	13.194	0.402	8.226	0.425	1.0	1.0
27	7	260	12.0	0.0	8.774	0.425	1.0	1.0
27	7	220	10.161	0.374	9.0	0.0	1.0	1.0
27	7	180	8.677	0.475	9.0	0.0	1.0	1.0
27	7	140	6.968	0.18	9.0	0.0	1.0	1.0
27	7	100	4.968	0.18	10.0	0.0	1.0	1.0
27	7	77	3.806	0.402	11.742	0.445	1.0	1.0
27	7	74	3.323	0.475	11.903	0.301	1.0	1.0
27	7	71	3.065	0.25	12.355	0.486	1.0	1.0
27	7	68	3.0	0.0	12.871	0.562	1.0	1.0
27	7	65	3.0	0.0	13.419	0.502	1.0	1.0
27	7	62	3.0	0.0	14.129	0.499	1.0	1.0
27	7	59	2.935	0.25	14.839	0.523	1.0	1.0
27	7	56	2.452	0.506	16.484	0.926	1.0	1.0
27	7	53	1.742	0.514	17.871	1.147	1.0	1.0
27	7	50	1.065	0.25	21.323	2.441	1.0	1.0
27	7	47	0.767	0.43	27.292	3.665	0.742	0.774
27	7	44	0.0	0.0	nan	nan	0.0	0.0
28	7	420	18.161	0.374	8.871	0.341	1.0	1.0
28	7	380	17.0	0.0	8.903	0.301	1.0	1.0
28	7	340	15.935	0.25	8.968	0.18	1.0	1.0
28	7	300	14.323	0.475	8.968	0.18	1.0	1.0
28	7	260	12.935	0.25	9.0	0.0	1.0	1.0
28	7	220	11.0	0.0	9.0	0.0	1.0	1.0
28	7	180	9.0	0.0	9.0	0.0	1.0	1.0
28	7	140	7.0	0.0	9.677	0.475	1.0	1.0
28	7	100	5.0	0.0	10.935	0.25	1.0	1.0
28	7	77	3.581	0.502	12.613	0.495	1.0	1.0
28	7	74	3.065	0.25	13.161	0.454	1.0	1.0
28	7	71	3.0	0.0	13.871	0.67	1.0	1.0
28	7	68	3.0	0.0	14.484	0.508	1.0	1.0
28	7	65	3.0	0.0	15.194	0.477	1.0	1.0
28	7	62	2.935	0.25	16.29	0.824	1.0	1.0
28	7	59	2.226	0.762	18.065	1.124	1.0	1.0
28	7	56	1.194	0.402	19.903	1.446	1.0	1.0
28	7	53	1.0	0.0	22.774	1.927	1.0	1.0
28	7	50	0.677	0.475	27.381	2.765	0.677	0.677
28	7	47	0.0	0.0	nan	nan	0.0	0.0
28	7	44	0.0	0.0	nan	nan	0.0	0.0
29	7	420	16.677	0.475	8.129	0.341	1.0	1.0
29	7	380	15.323	0.475	8.355	0.486	1.0	1.0
29	7	340	14.032	0.18	8.548	0.506	1.0	1.0
29	7	300	12.935	0.25	8.935	0.25	1.0	1.0
29	7	260	10.968	0.18	9.0	0.0	1.0	1.0
29	7	220	9.194	0.402	9.0	0.0	1.0	1.0
29	7	180	7.613	0.495	9.0	0.0	1.0	1.0
29	7	140	5.677	0.475	9.387	0.495	1.0	1.0
29	7	100	3.742	0.445	10.903	0.301	1.0	1.0
29	7	77	2.161	0.374	13.161	0.454	1.0	1.0
29	7	74	2.0	0.0	13.774	0.56	1.0	1.0
29	7	71	2.0	0.0	14.419	0.62	1.0	1.0
29	7	68	2.0	0.0	15.323	0.702	1.0	1.0
29	7	65	1.903	0.301	16.484	0.962	1.0	1.0
29	7	62	1.115	0.588	18.571	1.476	0.742	0.903
29	7	59	0.333	0.488	20.857	2.22	0.161	0.677
29	7	56	0.0	0.0	nan	nan	0.0	0.0
29	7	53	0.0	0.0	nan	nan	0.0	0.0
29	7	50	0.0	0.0	nan	nan	0.0	0.0
29	7	47	0.0	0.0	nan	nan	0.0	0.0
29	7	44	0.0	0.0	nan	nan	0.0	0.0
30	7	420	21.161	0.374	8.258	0.445	1.0	1.0
30	7	380	19.968	0.18	8.258	0.445	1.0	1.0
30	7	340	18.452	0.506	8.419	0.502	1.0	1.0
30	7	300	16.774	0.425	8.774	0.425	1.0	1.0
30	7	260	14.613	0.495	9.0	0.0	1.0	1.0
30	7	220	12.484	0.508	9.0	0.0	1.0	1.0
30	7	180	10.065	0.25	9.0	0.0	1.0	1.0
30	7	140	7.839	0.374	9.032	0.18	1.0	1.0
30	7	100	5.161	0.374	10.032	0.18	1.0	1.0
30	7	77	3.935	0.25	12.032	0.407	1.0	1.0
30	7	74	3.419	0.502	12.323	0.475	1.0	1.0
30	7	71	3.452	0.506	12.645	0.608	1.0	1.0
30	7	68	3.065	0.25	13.355	0.486	1.0	1.0
30	7	65	3.0	0.0	13.935	0.629	1.0	1.0
30	7	62	2.968	0.18	14.484	0.626	1.0	1.0
30	7	59	2.645	0.486	15.452	0.675	1.0	1.0
30	7	56	2.226	0.425	16.774	0.99	1.0	1.0
30	7	53	1.516	0.57	18.871	1.893	1.0	1.0
30	7	50	1.034	0.325	21.367	2.341	0.903	0.968
30	7	47	0.452	0.506	25.0	3.063	0.452	0.452
30	7	44	0.0	0.0	nan	nan	0.0	0.0
31	7	420	15.032	0.18	8.0	0.0	1.0	1.0
31	7	380	14.032	0.18	8.0	0.0	1.0	1.0
31	7	340	13.0	0.0	8.0	0.0	1.0	1.0
31	7	300	12.0	0.0	8.0	0.0	1.0	1.0
31	7	260	10.71	0.461	8.0	0.0	1.0	1.0
31	7	220	9.0	0.0	8.0	0.0	1.0	1.0
31	7	180	7.226	0.425	8.903	0.301	1.0	1.0
31	7	140	6.0	0.0	9.0	0.0	1.0	1.0
31	7	100	4.0	0.0	10.0	0.0	1.0	1.0
31	7	77	3.0	0.0	12.065	0.25	1.0	1.0
31	7	74	2.968	0.18	12.548	0.506	1.0	1.0
31	7	71	2.71	0.461	13.097	0.473	1.0	1.0
31	7	68	2.226	0.425	13.774	0.56	1.0	1.0
31	7	65	2.0	0.0	14.613	0.667	1.0	1.0
31	7	62	2.0	0.0	15.613	0.803	1.0	1.0
31	7	59	1.806	0.402	17.29	1.189	1.0	1.0
31	7	56	1.258	0.445	20.065	2.097	1.0	1.0
31	7	53	0.581	0.502	23.882	2.233	0.581	0.548
31	7	50	0.0	0.0	nan	nan	0.0	0.0
31	7	47	0.0	0.0	nan	nan	0.0	0.0
31	7	44	0.0	0.0	nan	nan	0.0	0.0
