row	col	voltage	tot_avg	tot_std	toa_avg	toa_std	efficiency_tot	efficiency_toa
0	0	117	4.032	0.18	18.903	0.301	1.0	1.0
0	0	114	4.0	0.0	19.258	0.445	1.0	1.0
0	0	111	4.0	0.0	19.806	0.477	1.0	1.0
0	0	108	3.968	0.18	19.935	0.512	1.0	1.0
0	0	105	3.806	0.402	20.258	0.514	1.0	1.0
0	0	102	3.387	0.495	20.677	0.475	1.0	1.0
0	0	99	3.032	0.18	21.323	0.475	1.0	1.0
0	0	96	3.0	0.0	21.903	0.651	1.0	1.0
0	0	93	3.0	0.0	22.29	0.643	1.0	1.0
0	0	90	3.0	0.0	23.323	1.077	1.0	1.0
0	0	87	2.968	0.18	23.871	0.763	1.0	1.0
0	0	84	2.645	0.486	24.871	0.957	1.0	1.0
0	0	81	2.226	0.425	25.871	0.846	1.0	1.0
0	0	78	2.032	0.18	27.774	1.257	1.0	1.0
0	0	75	1.968	0.18	30.032	2.483	1.0	1.0
0	0	72	1.871	0.341	32.161	2.311	1.0	1.0
0	0	69	0.952	0.669	37.038	3.079	0.516	0.839
0	0	66	0.0	0.0	41.0	0.0	0.0	0.032
0	0	63	0.0	0.0	45.0	0.0	0.0	0.032
0	0	60	0.0	0.0	nan	nan	0.0	0.0
0	0	57	0.0	0.0	nan	nan	0.0	0.0
0	0	54	0.0	0.0	nan	nan	0.0	0.0
0	0	51	0.0	0.0	nan	nan	0.0	0.0
0	0	48	0.0	0.0	nan	nan	0.0	0.0
1	0	117	2.484	0.508	23.71	0.643	1.0	1.0
1	0	114	2.129	0.341	24.355	0.551	1.0	1.0
1	0	111	2.032	0.18	24.774	0.497	1.0	1.0
1	0	108	2.0	0.0	25.613	0.667	1.0	1.0
1	0	105	1.968	0.18	26.645	1.142	1.0	1.0
1	0	102	1.935	0.25	27.355	1.17	1.0	1.0
1	0	99	1.806	0.402	28.806	1.47	1.0	1.0
1	0	96	1.567	0.626	30.31	1.755	0.903	0.935
1	0	93	1.056	0.938	33.667	2.914	0.355	0.774
1	0	90	0.097	0.301	33.0	1.732	0.097	0.097
1	0	87	0.0	0.0	nan	nan	0.0	0.0
1	0	84	0.0	0.0	nan	nan	0.0	0.0
1	0	81	0.0	0.0	nan	nan	0.0	0.0
1	0	78	0.0	0.0	nan	nan	0.0	0.0
1	0	75	0.0	0.0	nan	nan	0.0	0.0
1	0	72	0.0	0.0	nan	nan	0.0	0.0
1	0	69	0.0	0.0	nan	nan	0.0	0.0
1	0	66	0.0	0.0	nan	nan	0.0	0.0
1	0	63	0.0	0.0	nan	nan	0.0	0.0
1	0	60	0.0	0.0	nan	nan	0.0	0.0
1	0	57	0.0	0.0	nan	nan	0.0	0.0
1	0	54	0.0	0.0	nan	nan	0.0	0.0
1	0	51	0.0	0.0	nan	nan	0.0	0.0
1	0	48	0.0	0.0	nan	nan	0.0	0.0
2	0	117	3.871	0.341	23.097	0.539	1.0	1.0
2	0	114	3.677	0.475	23.774	0.669	1.0	1.0
2	0	111	3.226	0.425	24.097	0.7	1.0	1.0
2	0	108	3.0	0.0	24.516	0.57	1.0	1.0
2	0	105	3.0	0.0	25.29	0.693	1.0	1.0
2	0	102	3.0	0.0	25.968	0.706	1.0	1.0
2	0	99	2.968	0.18	26.645	0.608	1.0	1.0
2	0	96	2.968	0.18	27.71	1.006	1.0	1.0
2	0	93	2.516	0.508	28.839	1.186	1.0	1.0
2	0	90	2.097	0.396	30.387	1.43	1.0	1.0
2	0	87	1.871	0.428	32.548	1.546	1.0	1.0
2	0	84	1.452	0.506	35.065	2.366	1.0	1.0
2	0	81	0.839	0.523	37.25	1.917	0.774	0.774
2	0	78	0.185	0.396	40.0	3.354	0.161	0.29
2	0	75	0.0	0.0	nan	nan	0.0	0.0
2	0	72	0.0	0.0	nan	nan	0.0	0.0
2	0	69	0.0	0.0	nan	nan	0.0	0.0
2	0	66	0.0	0.0	nan	nan	0.0	0.0
2	0	63	0.0	0.0	nan	nan	0.0	0.0
2	0	60	0.0	0.0	nan	nan	0.0	0.0
2	0	57	0.0	0.0	nan	nan	0.0	0.0
2	0	54	0.0	0.0	nan	nan	0.0	0.0
2	0	51	0.0	0.0	nan	nan	0.0	0.0
2	0	48	0.0	0.0	nan	nan	0.0	0.0
3	0	117	3.0	0.0	21.129	0.428	1.0	1.0
3	0	114	3.0	0.0	21.581	0.564	1.0	1.0
3	0	111	3.0	0.0	21.839	0.454	1.0	1.0
3	0	108	2.903	0.301	22.29	0.529	1.0	1.0
3	0	105	2.516	0.508	22.774	0.497	1.0	1.0
3	0	102	2.452	0.506	23.581	0.564	1.0	1.0
3	0	99	2.032	0.18	23.839	0.735	1.0	1.0
3	0	96	2.0	0.0	25.032	1.048	1.0	1.0
3	0	93	2.032	0.18	25.581	0.672	1.0	1.0
3	0	90	2.0	0.0	27.065	1.482	1.0	1.0
3	0	87	1.774	0.425	28.387	2.092	1.0	1.0
3	0	84	1.467	0.629	30.138	2.031	0.903	0.935
3	0	81	0.68	0.627	32.857	2.689	0.484	0.677
3	0	78	0.074	0.267	35.0	2.449	0.065	0.194
3	0	75	0.0	0.0	nan	nan	0.0	0.0
3	0	72	0.0	0.0	nan	nan	0.0	0.0
3	0	69	0.0	0.0	nan	nan	0.0	0.0
3	0	66	0.0	0.0	nan	nan	0.0	0.0
3	0	63	0.0	0.0	nan	nan	0.0	0.0
3	0	60	0.0	0.0	nan	nan	0.0	0.0
3	0	57	0.0	0.0	nan	nan	0.0	0.0
3	0	54	0.0	0.0	nan	nan	0.0	0.0
3	0	51	0.0	0.0	nan	nan	0.0	0.0
3	0	48	0.0	0.0	nan	nan	0.0	0.0
4	0	117	2.129	0.341	26.484	0.677	1.0	1.0
4	0	114	2.097	0.301	27.581	1.057	1.0	1.0
4	0	111	2.0	0.0	28.097	0.908	1.0	1.0
4	0	108	1.968	0.18	29.645	1.226	1.0	1.0
4	0	105	1.933	0.254	31.097	1.886	0.968	1.0
4	0	102	1.742	0.575	31.897	1.858	0.935	0.935
4	0	99	1.429	0.756	35.69	2.451	0.387	0.935
4	0	96	0.04	0.2	37.857	1.676	0.032	0.226
4	0	93	0.0	0.0	nan	nan	0.0	0.0
4	0	90	0.0	0.0	nan	nan	0.0	0.0
4	0	87	0.0	0.0	nan	nan	0.0	0.0
4	0	84	0.0	0.0	nan	nan	0.0	0.0
4	0	81	0.0	0.0	nan	nan	0.0	0.0
4	0	78	0.0	0.0	nan	nan	0.0	0.0
4	0	75	0.0	0.0	nan	nan	0.0	0.0
4	0	72	0.0	0.0	nan	nan	0.0	0.0
4	0	69	0.0	0.0	nan	nan	0.0	0.0
4	0	66	0.0	0.0	nan	nan	0.0	0.0
4	0	63	0.0	0.0	nan	nan	0.0	0.0
4	0	60	0.0	0.0	nan	nan	0.0	0.0
4	0	57	0.0	0.0	nan	nan	0.0	0.0
4	0	54	0.0	0.0	nan	nan	0.0	0.0
4	0	51	0.0	0.0	nan	nan	0.0	0.0
4	0	48	0.0	0.0	nan	nan	0.0	0.0
5	0	117	3.129	0.341	23.742	0.575	1.0	1.0
5	0	114	3.0	0.0	24.355	0.551	1.0	1.0
5	0	111	3.0	0.0	24.774	0.669	1.0	1.0
5	0	108	3.0	0.0	25.548	0.675	1.0	1.0
5	0	105	2.968	0.18	25.903	0.746	1.0	1.0
5	0	102	2.774	0.425	27.161	1.267	1.0	1.0
5	0	99	2.419	0.502	27.774	0.805	1.0	1.0
5	0	96	2.194	0.402	28.903	1.3	1.0	1.0
5	0	93	1.968	0.18	30.387	1.647	1.0	1.0
5	0	90	1.806	0.477	31.933	1.741	0.968	0.968
5	0	87	1.567	0.504	33.871	1.979	0.968	1.0
5	0	84	0.926	0.55	36.962	2.584	0.71	0.839
5	0	81	0.138	0.351	38.5	1.378	0.129	0.194
5	0	78	0.0	0.0	nan	nan	0.0	0.0
5	0	75	0.0	0.0	nan	nan	0.0	0.0
5	0	72	0.0	0.0	nan	nan	0.0	0.0
5	0	69	0.0	0.0	nan	nan	0.0	0.0
5	0	66	0.0	0.0	nan	nan	0.0	0.0
5	0	63	0.0	0.0	nan	nan	0.0	0.0
5	0	60	0.0	0.0	nan	nan	0.0	0.0
5	0	57	0.0	0.0	nan	nan	0.0	0.0
5	0	54	0.0	0.0	nan	nan	0.0	0.0
5	0	51	0.0	0.0	nan	nan	0.0	0.0
5	0	48	0.0	0.0	nan	nan	0.0	0.0
6	0	117	3.226	0.425	23.29	0.461	1.0	1.0
6	0	114	3.032	0.18	23.548	0.624	1.0	1.0
6	0	111	3.032	0.18	23.871	0.718	1.0	1.0
6	0	108	3.0	0.0	24.548	0.568	1.0	1.0
6	0	105	2.968	0.18	25.258	0.855	1.0	1.0
6	0	102	2.871	0.341	25.903	0.597	1.0	1.0
6	0	99	2.419	0.502	26.645	0.755	1.0	1.0
6	0	96	2.129	0.341	27.323	0.791	1.0	1.0
6	0	93	2.032	0.18	28.548	1.06	1.0	1.0
6	0	90	2.0	0.0	30.0	1.238	1.0	1.0
6	0	87	1.968	0.18	31.71	1.553	1.0	1.0
6	0	84	1.679	0.476	33.839	2.131	0.903	1.0
6	0	81	0.65	0.587	37.522	2.41	0.387	0.742
6	0	78	0.065	0.25	34.0	5.657	0.065	0.065
6	0	75	0.0	0.0	nan	nan	0.0	0.0
6	0	72	0.0	0.0	nan	nan	0.0	0.0
6	0	69	0.0	0.0	nan	nan	0.0	0.0
6	0	66	0.0	0.0	nan	nan	0.0	0.0
6	0	63	0.0	0.0	nan	nan	0.0	0.0
6	0	60	0.0	0.0	nan	nan	0.0	0.0
6	0	57	0.0	0.0	nan	nan	0.0	0.0
6	0	54	0.0	0.0	nan	nan	0.0	0.0
6	0	51	0.0	0.0	nan	nan	0.0	0.0
6	0	48	0.0	0.0	nan	nan	0.0	0.0
7	0	117	4.0	0.258	18.871	0.499	1.0	1.0
7	0	114	4.032	0.18	18.968	0.605	1.0	1.0
7	0	111	3.903	0.301	19.29	0.529	1.0	1.0
7	0	108	3.645	0.486	19.645	0.486	1.0	1.0
7	0	105	3.355	0.486	19.935	0.629	1.0	1.0
7	0	102	3.129	0.341	20.419	0.564	1.0	1.0
7	0	99	3.097	0.301	20.71	0.588	1.0	1.0
7	0	96	3.0	0.0	21.161	0.583	1.0	1.0
7	0	93	2.806	0.402	21.968	0.706	1.0	1.0
7	0	90	2.774	0.425	22.258	0.855	1.0	1.0
7	0	87	2.548	0.506	23.161	0.779	1.0	1.0
7	0	84	2.161	0.374	23.806	0.946	1.0	1.0
7	0	81	2.032	0.18	24.581	0.958	1.0	1.0
7	0	78	2.0	0.0	25.548	0.925	1.0	1.0
7	0	75	1.935	0.359	26.935	1.389	1.0	1.0
7	0	72	1.567	0.679	29.071	2.193	0.871	0.903
7	0	69	1.28	0.792	32.269	2.933	0.645	0.839
7	0	66	0.346	0.689	33.364	2.767	0.194	0.355
7	0	63	0.0	0.0	nan	nan	0.0	0.0
7	0	60	0.0	0.0	nan	nan	0.0	0.0
7	0	57	0.0	0.0	nan	nan	0.0	0.0
7	0	54	0.0	0.0	nan	nan	0.0	0.0
7	0	51	0.0	0.0	nan	nan	0.0	0.0
7	0	48	0.0	0.0	nan	nan	0.0	0.0
8	0	117	3.0	0.0	21.484	0.57	1.0	1.0
8	0	114	3.0	0.0	21.903	0.473	1.0	1.0
8	0	111	3.0	0.0	22.129	0.428	1.0	1.0
8	0	108	3.0	0.0	22.71	0.739	1.0	1.0
8	0	105	3.0	0.0	23.032	0.547	1.0	1.0
8	0	102	2.968	0.18	23.968	0.605	1.0	1.0
8	0	99	2.71	0.461	24.387	0.803	1.0	1.0
8	0	96	2.355	0.486	24.935	0.727	1.0	1.0
8	0	93	2.065	0.25	26.0	0.966	1.0	1.0
8	0	90	2.0	0.0	26.387	0.715	1.0	1.0
8	0	87	2.0	0.0	27.871	1.432	1.0	1.0
8	0	84	1.968	0.18	29.903	1.795	1.0	1.0
8	0	81	1.9	0.305	32.097	2.315	0.968	1.0
8	0	78	1.5	0.648	34.828	2.726	0.774	0.935
8	0	75	0.276	0.649	34.429	3.309	0.161	0.226
8	0	72	0.0	0.0	40.0	0.0	0.0	0.032
8	0	69	0.0	0.0	nan	nan	0.0	0.0
8	0	66	0.0	0.0	nan	nan	0.0	0.0
8	0	63	0.0	0.0	nan	nan	0.0	0.0
8	0	60	0.0	0.0	nan	nan	0.0	0.0
8	0	57	0.0	0.0	nan	nan	0.0	0.0
8	0	54	0.0	0.0	nan	nan	0.0	0.0
8	0	51	0.0	0.0	nan	nan	0.0	0.0
8	0	48	0.0	0.0	nan	nan	0.0	0.0
9	0	117	4.161	0.374	22.387	0.558	1.0	1.0
9	0	114	4.097	0.301	22.903	0.539	1.0	1.0
9	0	111	4.0	0.0	23.323	0.653	1.0	1.0
9	0	108	3.871	0.341	24.0	0.816	1.0	1.0
9	0	105	3.516	0.508	24.548	0.768	1.0	1.0
9	0	102	3.129	0.341	25.226	0.56	1.0	1.0
9	0	99	3.032	0.18	26.065	0.892	1.0	1.0
9	0	96	3.0	0.0	26.968	1.016	1.0	1.0
9	0	93	2.903	0.301	27.871	1.147	1.0	1.0
9	0	90	2.742	0.445	29.258	1.39	1.0	1.0
9	0	87	2.355	0.486	31.226	1.564	1.0	1.0
9	0	84	1.742	0.445	33.516	2.461	1.0	1.0
9	0	81	1.032	0.482	36.357	1.929	0.903	0.903
9	0	78	0.286	0.46	39.818	3.371	0.258	0.355
9	0	75	0.0	0.0	nan	nan	0.0	0.0
9	0	72	0.0	0.0	nan	nan	0.0	0.0
9	0	69	0.0	0.0	nan	nan	0.0	0.0
9	0	66	0.0	0.0	nan	nan	0.0	0.0
9	0	63	0.0	0.0	nan	nan	0.0	0.0
9	0	60	0.0	0.0	nan	nan	0.0	0.0
9	0	57	0.0	0.0	nan	nan	0.0	0.0
9	0	54	0.0	0.0	nan	nan	0.0	0.0
9	0	51	0.0	0.0	nan	nan	0.0	0.0
9	0	48	0.0	0.0	nan	nan	0.0	0.0
10	0	117	3.032	0.18	23.161	0.523	1.0	1.0
10	0	114	3.0	0.0	23.71	0.588	1.0	1.0
10	0	111	3.0	0.0	24.323	0.475	1.0	1.0
10	0	108	3.0	0.0	24.806	0.654	1.0	1.0
10	0	105	2.806	0.402	25.548	0.85	1.0	1.0
10	0	102	2.452	0.506	26.29	0.783	1.0	1.0
10	0	99	2.129	0.341	27.161	0.898	1.0	1.0
10	0	96	2.0	0.0	28.323	1.045	1.0	1.0
10	0	93	1.968	0.18	29.774	1.687	1.0	1.0
10	0	90	1.871	0.341	31.452	1.964	1.0	1.0
10	0	87	1.7	0.466	33.097	1.904	0.968	1.0
10	0	84	0.545	0.739	36.944	2.711	0.29	0.581
10	0	81	0.0	0.0	nan	nan	0.0	0.0
10	0	78	0.0	0.0	nan	nan	0.0	0.0
10	0	75	0.0	0.0	nan	nan	0.0	0.0
10	0	72	0.0	0.0	nan	nan	0.0	0.0
10	0	69	0.0	0.0	nan	nan	0.0	0.0
10	0	66	0.0	0.0	nan	nan	0.0	0.0
10	0	63	0.0	0.0	nan	nan	0.0	0.0
10	0	60	0.0	0.0	nan	nan	0.0	0.0
10	0	57	0.0	0.0	nan	nan	0.0	0.0
10	0	54	0.0	0.0	nan	nan	0.0	0.0
10	0	51	0.0	0.0	nan	nan	0.0	0.0
10	0	48	0.0	0.0	nan	nan	0.0	0.0
11	0	117	3.839	0.374	20.226	0.497	1.0	1.0
11	0	114	3.548	0.506	20.581	0.502	1.0	1.0
11	0	111	3.161	0.374	20.903	0.651	1.0	1.0
11	0	108	3.032	0.18	21.548	0.568	1.0	1.0
11	0	105	3.0	0.0	22.065	0.629	1.0	1.0
11	0	102	2.968	0.18	22.516	0.851	1.0	1.0
11	0	99	2.871	0.341	23.161	0.638	1.0	1.0
11	0	96	2.452	0.506	23.677	0.832	1.0	1.0
11	0	93	2.258	0.445	24.323	0.832	1.0	1.0
11	0	90	2.129	0.341	25.129	0.763	1.0	1.0
11	0	87	2.032	0.18	26.516	1.387	1.0	1.0
11	0	84	1.839	0.374	27.968	1.888	1.0	1.0
11	0	81	1.567	0.626	29.759	1.994	0.903	0.935
11	0	78	1.115	0.816	31.958	3.155	0.613	0.774
11	0	75	0.133	0.434	33.25	5.377	0.097	0.129
11	0	72	0.0	0.0	nan	nan	0.0	0.0
11	0	69	0.0	0.0	nan	nan	0.0	0.0
11	0	66	0.0	0.0	nan	nan	0.0	0.0
11	0	63	0.0	0.0	nan	nan	0.0	0.0
11	0	60	0.0	0.0	nan	nan	0.0	0.0
11	0	57	0.0	0.0	nan	nan	0.0	0.0
11	0	54	0.0	0.0	nan	nan	0.0	0.0
11	0	51	0.0	0.0	nan	nan	0.0	0.0
11	0	48	0.0	0.0	nan	nan	0.0	0.0
12	0	117	4.0	0.0	22.419	0.62	1.0	1.0
12	0	114	3.935	0.25	22.774	0.56	1.0	1.0
12	0	111	3.806	0.402	23.161	0.583	1.0	1.0
12	0	108	3.452	0.506	23.774	0.717	1.0	1.0
12	0	105	3.065	0.25	24.581	0.564	1.0	1.0
12	0	102	3.0	0.0	25.065	0.68	1.0	1.0
12	0	99	3.0	0.0	25.613	0.882	1.0	1.0
12	0	96	3.0	0.0	26.226	1.023	1.0	1.0
12	0	93	2.871	0.341	27.516	1.411	1.0	1.0
12	0	90	2.581	0.502	28.742	1.413	1.0	1.0
12	0	87	2.194	0.402	29.742	1.237	1.0	1.0
12	0	84	1.871	0.341	32.032	2.373	1.0	1.0
12	0	81	1.645	0.608	34.067	2.149	0.968	0.968
12	0	78	0.857	0.591	37.333	2.615	0.677	0.774
12	0	75	0.194	0.402	38.667	2.066	0.194	0.194
12	0	72	0.0	0.0	nan	nan	0.0	0.0
12	0	69	0.0	0.0	nan	nan	0.0	0.0
12	0	66	0.0	0.0	nan	nan	0.0	0.0
12	0	63	0.0	0.0	nan	nan	0.0	0.0
12	0	60	0.0	0.0	nan	nan	0.0	0.0
12	0	57	0.0	0.0	nan	nan	0.0	0.0
12	0	54	0.0	0.0	nan	nan	0.0	0.0
12	0	51	0.0	0.0	nan	nan	0.0	0.0
12	0	48	0.0	0.0	nan	nan	0.0	0.0
13	0	117	2.129	0.341	23.742	0.575	1.0	1.0
13	0	114	2.032	0.18	24.419	0.672	1.0	1.0
13	0	111	2.0	0.0	24.871	0.763	1.0	1.0
13	0	108	2.0	0.0	25.742	0.999	1.0	1.0
13	0	105	2.0	0.0	26.742	1.182	1.0	1.0
13	0	102	1.935	0.25	27.71	1.321	1.0	1.0
13	0	99	1.774	0.425	29.161	1.551	1.0	1.0
13	0	96	1.586	0.501	30.29	2.506	0.935	1.0
13	0	93	0.952	0.59	33.0	2.32	0.548	0.871
13	0	90	0.179	0.39	36.0	5.237	0.161	0.258
13	0	87	0.0	0.0	nan	nan	0.0	0.0
13	0	84	0.0	0.0	nan	nan	0.0	0.0
13	0	81	0.0	0.0	nan	nan	0.0	0.0
13	0	78	0.0	0.0	nan	nan	0.0	0.0
13	0	75	0.0	0.0	nan	nan	0.0	0.0
13	0	72	0.0	0.0	nan	nan	0.0	0.0
13	0	69	0.0	0.0	nan	nan	0.0	0.0
13	0	66	0.0	0.0	nan	nan	0.0	0.0
13	0	63	0.0	0.0	nan	nan	0.0	0.0
13	0	60	0.0	0.0	nan	nan	0.0	0.0
13	0	57	0.0	0.0	nan	nan	0.0	0.0
13	0	54	0.0	0.0	nan	nan	0.0	0.0
13	0	51	0.0	0.0	nan	nan	0.0	0.0
13	0	48	0.0	0.0	nan	nan	0.0	0.0
14	0	117	3.097	0.301	20.194	0.477	1.0	1.0
14	0	114	3.0	0.0	20.645	0.551	1.0	1.0
14	0	111	3.0	0.0	21.032	0.547	1.0	1.0
14	0	108	2.871	0.341	21.29	0.461	1.0	1.0
14	0	105	2.774	0.425	21.645	0.551	1.0	1.0
14	0	102	2.355	0.486	22.323	0.599	1.0	1.0
14	0	99	2.226	0.425	22.903	0.746	1.0	1.0
14	0	96	2.097	0.301	23.581	0.765	1.0	1.0
14	0	93	2.0	0.0	24.29	1.101	1.0	1.0
14	0	90	1.903	0.301	25.516	1.092	1.0	1.0
14	0	87	1.677	0.541	26.333	1.093	0.968	0.968
14	0	84	1.367	0.615	28.552	2.429	0.903	0.935
14	0	81	0.633	0.765	30.6	2.586	0.452	0.484
14	0	78	0.097	0.301	30.0	2.646	0.097	0.097
14	0	75	0.0	0.0	nan	nan	0.0	0.0
14	0	72	0.0	0.0	nan	nan	0.0	0.0
14	0	69	0.0	0.0	nan	nan	0.0	0.0
14	0	66	0.0	0.0	nan	nan	0.0	0.0
14	0	63	0.0	0.0	nan	nan	0.0	0.0
14	0	60	0.0	0.0	nan	nan	0.0	0.0
14	0	57	0.0	0.0	nan	nan	0.0	0.0
14	0	54	0.0	0.0	nan	nan	0.0	0.0
14	0	51	0.0	0.0	nan	nan	0.0	0.0
14	0	48	0.0	0.0	nan	nan	0.0	0.0
15	0	117	2.065	0.25	24.097	0.7	1.0	1.0
15	0	114	2.0	0.0	24.645	0.608	1.0	1.0
15	0	111	2.032	0.18	25.29	0.588	1.0	1.0
15	0	108	1.968	0.18	26.065	0.727	1.0	1.0
15	0	105	1.871	0.341	26.839	1.003	1.0	1.0
15	0	102	1.677	0.475	28.323	1.641	1.0	1.0
15	0	99	1.25	0.441	30.677	2.358	0.903	1.0
15	0	96	0.593	0.694	32.118	2.176	0.419	0.548
15	0	93	0.1	0.305	32.5	2.38	0.097	0.129
15	0	90	0.0	0.0	nan	nan	0.0	0.0
15	0	87	0.0	0.0	nan	nan	0.0	0.0
15	0	84	0.0	0.0	nan	nan	0.0	0.0
15	0	81	0.0	0.0	nan	nan	0.0	0.0
15	0	78	0.0	0.0	nan	nan	0.0	0.0
15	0	75	0.0	0.0	nan	nan	0.0	0.0
15	0	72	0.0	0.0	nan	nan	0.0	0.0
15	0	69	0.0	0.0	nan	nan	0.0	0.0
15	0	66	0.0	0.0	nan	nan	0.0	0.0
15	0	63	0.0	0.0	nan	nan	0.0	0.0
15	0	60	0.0	0.0	nan	nan	0.0	0.0
15	0	57	0.0	0.0	nan	nan	0.0	0.0
15	0	54	0.0	0.0	nan	nan	0.0	0.0
15	0	51	0.0	0.0	nan	nan	0.0	0.0
15	0	48	0.0	0.0	nan	nan	0.0	0.0
16	0	117	4.0	0.0	20.871	0.341	1.0	1.0
16	0	114	4.0	0.0	21.194	0.402	1.0	1.0
16	0	111	3.935	0.359	21.645	0.661	1.0	1.0
16	0	108	3.806	0.402	21.903	0.396	1.0	1.0
16	0	105	3.29	0.461	22.323	0.475	1.0	1.0
16	0	102	3.0	0.0	23.032	0.605	1.0	1.0
16	0	99	3.0	0.0	23.323	0.599	1.0	1.0
16	0	96	3.0	0.0	23.968	0.706	1.0	1.0
16	0	93	2.935	0.25	24.871	0.991	1.0	1.0
16	0	90	2.839	0.374	25.613	1.086	1.0	1.0
16	0	87	2.484	0.508	26.806	0.91	1.0	1.0
16	0	84	2.065	0.25	27.935	1.237	1.0	1.0
16	0	81	1.968	0.18	29.839	1.369	1.0	1.0
16	0	78	1.871	0.341	32.323	2.713	1.0	1.0
16	0	75	1.484	0.57	33.967	2.205	0.968	0.968
16	0	72	0.533	0.629	36.8	2.077	0.452	0.484
16	0	69	0.0	0.0	42.0	0.0	0.0	0.032
16	0	66	0.0	0.0	nan	nan	0.0	0.0
16	0	63	0.0	0.0	nan	nan	0.0	0.0
16	0	60	0.0	0.0	nan	nan	0.0	0.0
16	0	57	0.0	0.0	nan	nan	0.0	0.0
16	0	54	0.0	0.0	nan	nan	0.0	0.0
16	0	51	0.0	0.0	nan	nan	0.0	0.0
16	0	48	0.0	0.0	nan	nan	0.0	0.0
17	0	117	4.387	0.495	19.742	0.514	1.0	1.0
17	0	114	4.226	0.425	20.065	0.512	1.0	1.0
17	0	111	3.968	0.18	20.355	0.486	1.0	1.0
17	0	108	4.032	0.18	20.839	0.523	1.0	1.0
17	0	105	3.871	0.341	21.226	0.497	1.0	1.0
17	0	102	3.452	0.506	21.452	0.506	1.0	1.0
17	0	99	3.323	0.475	22.065	0.68	1.0	1.0
17	0	96	3.0	0.0	22.581	0.62	1.0	1.0
17	0	93	3.0	0.0	23.065	0.772	1.0	1.0
17	0	90	2.871	0.428	24.032	1.169	1.0	1.0
17	0	87	2.452	0.506	24.871	0.885	1.0	1.0
17	0	84	2.226	0.425	25.839	0.86	1.0	1.0
17	0	81	2.0	0.516	27.2	1.031	0.968	0.968
17	0	78	1.933	0.254	28.903	2.181	0.968	1.0
17	0	75	1.31	0.891	31.652	2.964	0.677	0.742
17	0	72	0.64	0.86	34.562	3.326	0.323	0.516
17	0	69	0.0	0.0	nan	nan	0.0	0.0
17	0	66	0.0	0.0	nan	nan	0.0	0.0
17	0	63	0.0	0.0	nan	nan	0.0	0.0
17	0	60	0.0	0.0	nan	nan	0.0	0.0
17	0	57	0.0	0.0	nan	nan	0.0	0.0
17	0	54	0.0	0.0	nan	nan	0.0	0.0
17	0	51	0.0	0.0	nan	nan	0.0	0.0
17	0	48	0.0	0.0	nan	nan	0.0	0.0
18	0	117	2.968	0.18	22.581	0.62	1.0	1.0
18	0	114	2.645	0.486	23.065	0.512	1.0	1.0
18	0	111	2.29	0.461	23.774	0.845	1.0	1.0
18	0	108	2.129	0.341	24.129	0.562	1.0	1.0
18	0	105	2.032	0.18	24.968	0.547	1.0	1.0
18	0	102	2.0	0.0	25.516	0.677	1.0	1.0
18	0	99	1.968	0.18	26.484	1.151	1.0	1.0
18	0	96	1.871	0.341	27.387	1.256	1.0	1.0
18	0	93	1.667	0.547	29.633	1.866	0.935	0.968
18	0	90	1.222	0.641	31.464	2.38	0.774	0.903
18	0	87	0.462	0.706	34.143	2.713	0.29	0.452
18	0	84	0.0	0.0	37.5	2.121	0.0	0.065
18	0	81	0.0	0.0	nan	nan	0.0	0.0
18	0	78	0.0	0.0	nan	nan	0.0	0.0
18	0	75	0.0	0.0	nan	nan	0.0	0.0
18	0	72	0.0	0.0	nan	nan	0.0	0.0
18	0	69	0.0	0.0	nan	nan	0.0	0.0
18	0	66	0.0	0.0	nan	nan	0.0	0.0
18	0	63	0.0	0.0	nan	nan	0.0	0.0
18	0	60	0.0	0.0	nan	nan	0.0	0.0
18	0	57	0.0	0.0	nan	nan	0.0	0.0
18	0	54	0.0	0.0	nan	nan	0.0	0.0
18	0	51	0.0	0.0	nan	nan	0.0	0.0
18	0	48	0.0	0.0	nan	nan	0.0	0.0
19	0	117	6.0	0.0	20.935	0.25	1.0	1.0
19	0	114	5.774	0.425	21.29	0.461	1.0	1.0
19	0	111	5.355	0.486	21.71	0.461	1.0	1.0
19	0	108	5.032	0.18	22.194	0.543	1.0	1.0
19	0	105	5.0	0.0	22.387	0.558	1.0	1.0
19	0	102	5.0	0.258	22.903	0.473	1.0	1.0
19	0	99	4.839	0.454	23.452	0.768	1.0	1.0
19	0	96	4.129	0.341	24.065	0.512	1.0	1.0
19	0	93	4.0	0.0	24.839	0.779	1.0	1.0
19	0	90	4.0	0.0	25.226	0.617	1.0	1.0
19	0	87	3.774	0.425	26.161	0.82	1.0	1.0
19	0	84	3.548	0.506	26.935	0.727	1.0	1.0
19	0	81	3.032	0.18	28.258	0.855	1.0	1.0
19	0	78	3.0	0.0	29.839	1.214	1.0	1.0
19	0	75	2.903	0.301	31.516	1.691	1.0	1.0
19	0	72	2.548	0.723	33.613	2.011	1.0	1.0
19	0	69	1.419	0.672	36.484	2.249	1.0	1.0
19	0	66	0.8	0.484	39.375	2.748	0.742	0.774
19	0	63	0.103	0.31	44.8	6.017	0.097	0.161
19	0	60	0.0	0.0	nan	nan	0.0	0.0
19	0	57	0.0	0.0	nan	nan	0.0	0.0
19	0	54	0.0	0.0	nan	nan	0.0	0.0
19	0	51	0.0	0.0	nan	nan	0.0	0.0
19	0	48	0.0	0.0	nan	nan	0.0	0.0
20	0	117	3.968	0.18	21.516	0.508	1.0	1.0
20	0	114	3.903	0.301	21.839	0.454	1.0	1.0
20	0	111	3.355	0.486	22.323	0.599	1.0	1.0
20	0	108	3.226	0.425	22.742	0.445	1.0	1.0
20	0	105	3.0	0.0	23.484	0.626	1.0	1.0
20	0	102	3.0	0.0	24.097	0.7	1.0	1.0
20	0	99	2.968	0.18	24.548	0.675	1.0	1.0
20	0	96	3.0	0.0	25.258	0.729	1.0	1.0
20	0	93	2.871	0.341	25.806	0.873	1.0	1.0
20	0	90	2.419	0.502	27.065	0.929	1.0	1.0
20	0	87	2.129	0.341	28.516	1.338	1.0	1.0
20	0	84	2.0	0.0	30.097	1.423	1.0	1.0
20	0	81	1.871	0.341	32.065	1.788	1.0	1.0
20	0	78	1.367	0.49	34.903	2.65	0.968	1.0
20	0	75	0.786	0.499	38.708	2.476	0.677	0.774
20	0	72	0.0	0.0	nan	nan	0.0	0.0
20	0	69	0.0	0.0	nan	nan	0.0	0.0
20	0	66	0.0	0.0	nan	nan	0.0	0.0
20	0	63	0.0	0.0	nan	nan	0.0	0.0
20	0	60	0.0	0.0	nan	nan	0.0	0.0
20	0	57	0.0	0.0	nan	nan	0.0	0.0
20	0	54	0.0	0.0	nan	nan	0.0	0.0
20	0	51	0.0	0.0	nan	nan	0.0	0.0
20	0	48	0.0	0.0	nan	nan	0.0	0.0
21	0	117	3.0	0.0	21.935	0.442	1.0	1.0
21	0	114	2.968	0.18	22.355	0.486	1.0	1.0
21	0	111	2.839	0.374	22.903	0.539	1.0	1.0
21	0	108	2.387	0.495	23.548	0.568	1.0	1.0
21	0	105	2.226	0.425	24.258	0.729	1.0	1.0
21	0	102	2.0	0.0	24.968	1.08	1.0	1.0
21	0	99	2.0	0.0	25.548	0.85	1.0	1.0
21	0	96	1.968	0.18	26.613	1.358	1.0	1.0
21	0	93	1.839	0.374	27.871	1.5	1.0	1.0
21	0	90	1.5	0.509	30.742	2.886	0.903	1.0
21	0	87	0.679	0.772	32.353	2.893	0.452	0.548
21	0	84	0.0	0.0	35.0	0.0	0.0	0.032
21	0	81	0.0	0.0	nan	nan	0.0	0.0
21	0	78	0.0	0.0	nan	nan	0.0	0.0
21	0	75	0.0	0.0	nan	nan	0.0	0.0
21	0	72	0.0	0.0	nan	nan	0.0	0.0
21	0	69	0.0	0.0	nan	nan	0.0	0.0
21	0	66	0.0	0.0	nan	nan	0.0	0.0
21	0	63	0.0	0.0	nan	nan	0.0	0.0
21	0	60	0.0	0.0	nan	nan	0.0	0.0
21	0	57	0.0	0.0	nan	nan	0.0	0.0
21	0	54	0.0	0.0	nan	nan	0.0	0.0
21	0	51	0.0	0.0	nan	nan	0.0	0.0
21	0	48	0.0	0.0	nan	nan	0.0	0.0
22	0	117	5.226	0.425	20.387	0.558	1.0	1.0
22	0	114	5.065	0.25	20.839	0.454	1.0	1.0
22	0	111	4.968	0.315	20.935	0.512	1.0	1.0
22	0	108	4.935	0.25	21.516	0.626	1.0	1.0
22	0	105	4.613	0.495	21.968	0.657	1.0	1.0
22	0	102	4.323	0.541	22.516	0.724	1.0	1.0
22	0	99	4.0	0.0	22.968	0.752	1.0	1.0
22	0	96	3.871	0.341	23.516	0.57	1.0	1.0
22	0	93	3.806	0.402	24.097	0.651	1.0	1.0
22	0	90	3.452	0.506	24.645	0.915	1.0	1.0
22	0	87	3.032	0.18	25.677	1.013	1.0	1.0
22	0	84	3.0	0.0	26.871	1.056	1.0	1.0
22	0	81	2.871	0.341	27.71	1.442	1.0	1.0
22	0	78	2.677	0.475	29.194	1.537	1.0	1.0
22	0	75	2.258	0.575	31.29	2.101	1.0	1.0
22	0	72	1.6	0.675	34.645	2.537	0.968	1.0
22	0	69	0.935	0.727	35.727	2.567	0.71	0.71
22	0	66	0.103	0.31	39.8	4.087	0.097	0.161
22	0	63	0.0	0.0	nan	nan	0.0	0.0
22	0	60	0.0	0.0	nan	nan	0.0	0.0
22	0	57	0.0	0.0	nan	nan	0.0	0.0
22	0	54	0.0	0.0	nan	nan	0.0	0.0
22	0	51	0.0	0.0	nan	nan	0.0	0.0
22	0	48	0.0	0.0	nan	nan	0.0	0.0
23	0	117	3.968	0.18	22.226	0.56	1.0	1.0
23	0	114	3.935	0.25	22.677	0.541	1.0	1.0
23	0	111	3.774	0.425	23.29	0.643	1.0	1.0
23	0	108	3.194	0.402	23.613	0.495	1.0	1.0
23	0	105	3.032	0.18	24.129	0.718	1.0	1.0
23	0	102	3.0	0.0	24.871	0.619	1.0	1.0
23	0	99	2.968	0.18	25.71	0.643	1.0	1.0
23	0	96	3.0	0.0	26.419	0.807	1.0	1.0
23	0	93	2.677	0.475	27.323	1.045	1.0	1.0
23	0	90	2.323	0.475	28.516	1.235	1.0	1.0
23	0	87	2.0	0.258	30.71	1.918	1.0	1.0
23	0	84	1.871	0.341	32.0	2.221	1.0	1.0
23	0	81	1.2	0.407	35.484	2.174	0.968	1.0
23	0	78	0.645	0.709	37.125	2.895	0.516	0.516
23	0	75	0.032	0.18	40.0	0.0	0.032	0.032
23	0	72	0.0	0.0	nan	nan	0.0	0.0
23	0	69	0.0	0.0	nan	nan	0.0	0.0
23	0	66	0.0	0.0	nan	nan	0.0	0.0
23	0	63	0.0	0.0	nan	nan	0.0	0.0
23	0	60	0.0	0.0	nan	nan	0.0	0.0
23	0	57	0.0	0.0	nan	nan	0.0	0.0
23	0	54	0.0	0.0	nan	nan	0.0	0.0
23	0	51	0.0	0.0	nan	nan	0.0	0.0
23	0	48	0.0	0.0	nan	nan	0.0	0.0
24	0	117	3.226	0.425	21.161	0.374	1.0	1.0
24	0	114	3.032	0.18	21.452	0.624	1.0	1.0
24	0	111	3.0	0.0	21.839	0.374	1.0	1.0
24	0	108	3.0	0.0	22.452	0.568	1.0	1.0
24	0	105	2.903	0.301	22.742	0.682	1.0	1.0
24	0	102	2.484	0.508	23.452	0.768	1.0	1.0
24	0	99	2.452	0.506	24.161	0.688	1.0	1.0
24	0	96	2.097	0.301	25.032	0.795	1.0	1.0
24	0	93	2.032	0.18	25.581	0.807	1.0	1.0
24	0	90	1.935	0.25	26.871	1.024	1.0	1.0
24	0	87	1.806	0.402	28.419	2.11	1.0	1.0
24	0	84	1.429	0.634	30.655	2.794	0.839	0.935
24	0	81	0.3	0.596	32.375	2.774	0.226	0.258
24	0	78	0.103	0.31	35.0	4.183	0.097	0.161
24	0	75	0.0	0.0	nan	nan	0.0	0.0
24	0	72	0.0	0.0	nan	nan	0.0	0.0
24	0	69	0.0	0.0	nan	nan	0.0	0.0
24	0	66	0.0	0.0	nan	nan	0.0	0.0
24	0	63	0.0	0.0	nan	nan	0.0	0.0
24	0	60	0.0	0.0	nan	nan	0.0	0.0
24	0	57	0.0	0.0	nan	nan	0.0	0.0
24	0	54	0.0	0.0	nan	nan	0.0	0.0
24	0	51	0.0	0.0	nan	nan	0.0	0.0
24	0	48	0.0	0.0	nan	nan	0.0	0.0
25	0	117	5.806	0.477	19.419	0.564	1.0	1.0
25	0	114	5.419	0.502	19.774	0.425	1.0	1.0
25	0	111	5.129	0.341	20.0	0.447	1.0	1.0
25	0	108	5.097	0.301	20.032	0.407	1.0	1.0
25	0	105	5.0	0.0	20.516	0.508	1.0	1.0
25	0	102	4.806	0.402	21.032	0.407	1.0	1.0
25	0	99	4.194	0.402	21.613	0.615	1.0	1.0
25	0	96	4.226	0.425	21.742	0.682	1.0	1.0
25	0	93	4.032	0.18	22.645	0.798	1.0	1.0
25	0	90	3.903	0.301	23.29	0.824	1.0	1.0
25	0	87	3.71	0.461	23.806	0.703	1.0	1.0
25	0	84	3.419	0.502	24.774	0.99	1.0	1.0
25	0	81	3.0	0.258	25.645	0.798	1.0	1.0
25	0	78	2.968	0.18	26.516	0.89	1.0	1.0
25	0	75	2.935	0.359	27.871	1.522	1.0	1.0
25	0	72	2.71	0.529	30.194	1.957	1.0	1.0
25	0	69	2.065	0.727	32.903	2.039	1.0	1.0
25	0	66	1.167	0.531	35.724	2.737	0.903	0.935
25	0	63	0.452	0.506	38.357	2.373	0.452	0.452
25	0	60	0.0	0.0	nan	nan	0.0	0.0
25	0	57	0.0	0.0	nan	nan	0.0	0.0
25	0	54	0.0	0.0	nan	nan	0.0	0.0
25	0	51	0.0	0.0	nan	nan	0.0	0.0
25	0	48	0.0	0.0	nan	nan	0.0	0.0
26	0	117	4.0	0.0	22.065	0.574	1.0	1.0
26	0	114	4.0	0.0	22.484	0.508	1.0	1.0
26	0	111	3.968	0.18	22.839	0.583	1.0	1.0
26	0	108	3.839	0.374	23.419	0.564	1.0	1.0
26	0	105	3.29	0.461	23.903	0.473	1.0	1.0
26	0	102	3.129	0.341	24.387	0.558	1.0	1.0
26	0	99	3.0	0.0	25.097	0.539	1.0	1.0
26	0	96	3.0	0.0	26.065	0.629	1.0	1.0
26	0	93	3.0	0.0	27.0	0.73	1.0	1.0
26	0	90	2.871	0.341	27.71	1.101	1.0	1.0
26	0	87	2.323	0.475	28.871	1.056	1.0	1.0
26	0	84	2.0	0.258	30.839	1.463	1.0	1.0
26	0	81	1.839	0.454	32.613	1.726	1.0	1.0
26	0	78	1.419	0.564	34.3	2.087	0.968	0.968
26	0	75	0.519	0.58	38.118	2.667	0.419	0.548
26	0	72	0.0	0.0	40.0	0.0	0.0	0.032
26	0	69	0.0	0.0	nan	nan	0.0	0.0
26	0	66	0.0	0.0	nan	nan	0.0	0.0
26	0	63	0.0	0.0	nan	nan	0.0	0.0
26	0	60	0.0	0.0	nan	nan	0.0	0.0
26	0	57	0.0	0.0	nan	nan	0.0	0.0
26	0	54	0.0	0.0	nan	nan	0.0	0.0
26	0	51	0.0	0.0	nan	nan	0.0	0.0
26	0	48	0.0	0.0	nan	nan	0.0	0.0
27	0	117	2.355	0.486	21.097	0.473	1.0	1.0
27	0	114	2.097	0.301	21.613	0.558	1.0	1.0
27	0	111	2.0	0.0	21.839	0.735	1.0	1.0
27	0	108	1.968	0.18	22.581	0.62	1.0	1.0
27	0	105	2.0	0.0	23.258	0.893	1.0	1.0
27	0	102	1.968	0.18	24.032	0.795	1.0	1.0
27	0	99	1.839	0.374	24.645	0.877	1.0	1.0
27	0	96	1.516	0.508	26.065	1.482	1.0	1.0
27	0	93	1.133	0.434	27.2	1.972	0.935	0.968
27	0	90	0.667	0.555	30.714	3.964	0.548	0.677
27	0	87	0.067	0.254	33.333	1.528	0.065	0.097
27	0	84	0.0	0.0	nan	nan	0.0	0.0
27	0	81	0.0	0.0	nan	nan	0.0	0.0
27	0	78	0.0	0.0	nan	nan	0.0	0.0
27	0	75	0.0	0.0	nan	nan	0.0	0.0
27	0	72	0.0	0.0	nan	nan	0.0	0.0
27	0	69	0.0	0.0	nan	nan	0.0	0.0
27	0	66	0.0	0.0	nan	nan	0.0	0.0
27	0	63	0.0	0.0	nan	nan	0.0	0.0
27	0	60	0.0	0.0	nan	nan	0.0	0.0
27	0	57	0.0	0.0	nan	nan	0.0	0.0
27	0	54	0.0	0.0	nan	nan	0.0	0.0
27	0	51	0.0	0.0	nan	nan	0.0	0.0
27	0	48	0.0	0.0	nan	nan	0.0	0.0
28	0	117	3.065	0.25	22.839	0.523	1.0	1.0
28	0	114	3.0	0.0	23.452	0.568	1.0	1.0
28	0	111	2.903	0.301	24.065	0.512	1.0	1.0
28	0	108	2.742	0.445	24.548	0.624	1.0	1.0
28	0	105	2.387	0.495	25.097	0.651	1.0	1.0
28	0	102	2.129	0.341	26.452	1.362	1.0	1.0
28	0	99	2.194	0.402	26.968	0.875	1.0	1.0
28	0	96	2.0	0.0	28.065	1.031	1.0	1.0
28	0	93	1.903	0.301	29.71	1.243	1.0	1.0
28	0	90	1.393	0.786	31.962	2.537	0.742	0.839
28	0	87	0.68	0.852	33.529	2.718	0.355	0.548
28	0	84	0.067	0.365	33.5	4.95	0.032	0.065
28	0	81	0.0	0.0	nan	nan	0.0	0.0
28	0	78	0.0	0.0	nan	nan	0.0	0.0
28	0	75	0.0	0.0	nan	nan	0.0	0.0
28	0	72	0.0	0.0	nan	nan	0.0	0.0
28	0	69	0.0	0.0	nan	nan	0.0	0.0
28	0	66	0.0	0.0	nan	nan	0.0	0.0
28	0	63	0.0	0.0	nan	nan	0.0	0.0
28	0	60	0.0	0.0	nan	nan	0.0	0.0
28	0	57	0.0	0.0	nan	nan	0.0	0.0
28	0	54	0.0	0.0	nan	nan	0.0	0.0
28	0	51	0.0	0.0	nan	nan	0.0	0.0
28	0	48	0.0	0.0	nan	nan	0.0	0.0
29	0	117	2.903	0.301	22.129	0.562	1.0	1.0
29	0	114	2.613	0.495	22.935	0.68	1.0	1.0
29	0	111	2.581	0.502	23.323	0.541	1.0	1.0
29	0	108	2.097	0.301	23.968	0.706	1.0	1.0
29	0	105	2.032	0.18	24.806	0.749	1.0	1.0
29	0	102	2.0	0.0	24.935	1.124	1.0	1.0
29	0	99	1.968	0.18	26.452	0.85	1.0	1.0
29	0	96	1.742	0.445	28.032	1.494	1.0	1.0
29	0	93	1.548	0.506	29.645	1.817	1.0	1.0
29	0	90	0.875	0.68	31.958	3.25	0.548	0.774
29	0	87	0.129	0.341	32.75	1.5	0.129	0.129
29	0	84	0.0	0.0	nan	nan	0.0	0.0
29	0	81	0.0	0.0	nan	nan	0.0	0.0
29	0	78	0.0	0.0	nan	nan	0.0	0.0
29	0	75	0.0	0.0	nan	nan	0.0	0.0
29	0	72	0.0	0.0	nan	nan	0.0	0.0
29	0	69	0.0	0.0	nan	nan	0.0	0.0
29	0	66	0.0	0.0	nan	nan	0.0	0.0
29	0	63	0.0	0.0	nan	nan	0.0	0.0
29	0	60	0.0	0.0	nan	nan	0.0	0.0
29	0	57	0.0	0.0	nan	nan	0.0	0.0
29	0	54	0.0	0.0	nan	nan	0.0	0.0
29	0	51	0.0	0.0	nan	nan	0.0	0.0
29	0	48	0.0	0.0	nan	nan	0.0	0.0
30	0	117	3.0	0.0	22.548	0.506	1.0	1.0
30	0	114	3.0	0.0	22.935	0.68	1.0	1.0
30	0	111	2.903	0.301	23.387	0.667	1.0	1.0
30	0	108	2.581	0.502	23.839	0.688	1.0	1.0
30	0	105	2.29	0.461	24.516	0.851	1.0	1.0
30	0	102	2.065	0.25	25.194	0.792	1.0	1.0
30	0	99	2.032	0.18	26.0	0.966	1.0	1.0
30	0	96	1.968	0.18	27.161	1.369	1.0	1.0
30	0	93	1.839	0.454	29.133	1.592	0.968	0.968
30	0	90	1.231	0.815	32.12	3.14	0.645	0.806
30	0	87	0.75	0.847	33.947	2.415	0.387	0.613
30	0	84	0.161	0.523	32.0	2.0	0.097	0.097
30	0	81	0.0	0.0	36.0	0.0	0.0	0.032
30	0	78	0.0	0.0	nan	nan	0.0	0.0
30	0	75	0.0	0.0	nan	nan	0.0	0.0
30	0	72	0.0	0.0	nan	nan	0.0	0.0
30	0	69	0.0	0.0	nan	nan	0.0	0.0
30	0	66	0.0	0.0	nan	nan	0.0	0.0
30	0	63	0.0	0.0	nan	nan	0.0	0.0
30	0	60	0.0	0.0	nan	nan	0.0	0.0
30	0	57	0.0	0.0	nan	nan	0.0	0.0
30	0	54	0.0	0.0	nan	nan	0.0	0.0
30	0	51	0.0	0.0	nan	nan	0.0	0.0
30	0	48	0.0	0.0	nan	nan	0.0	0.0
31	0	117	1.645	0.486	21.935	0.727	1.0	1.0
31	0	114	1.419	0.502	22.581	0.72	1.0	1.0
31	0	111	1.032	0.18	23.548	0.675	1.0	1.0
31	0	108	1.0	0.0	23.742	0.682	1.0	1.0
31	0	105	1.0	0.0	25.323	1.326	1.0	1.0
31	0	102	1.0	0.0	26.097	1.399	1.0	1.0
31	0	99	0.567	0.504	28.222	1.555	0.548	0.581
31	0	96	0.097	0.301	28.333	1.155	0.097	0.097
31	0	93	0.0	0.0	nan	nan	0.0	0.0
31	0	90	0.0	0.0	nan	nan	0.0	0.0
31	0	87	0.0	0.0	nan	nan	0.0	0.0
31	0	84	0.0	0.0	nan	nan	0.0	0.0
31	0	81	0.0	0.0	nan	nan	0.0	0.0
31	0	78	0.0	0.0	nan	nan	0.0	0.0
31	0	75	0.0	0.0	nan	nan	0.0	0.0
31	0	72	0.0	0.0	nan	nan	0.0	0.0
31	0	69	0.0	0.0	nan	nan	0.0	0.0
31	0	66	0.0	0.0	nan	nan	0.0	0.0
31	0	63	0.0	0.0	nan	nan	0.0	0.0
31	0	60	0.0	0.0	nan	nan	0.0	0.0
31	0	57	0.0	0.0	nan	nan	0.0	0.0
31	0	54	0.0	0.0	nan	nan	0.0	0.0
31	0	51	0.0	0.0	nan	nan	0.0	0.0
31	0	48	0.0	0.0	nan	nan	0.0	0.0
0	1	117	3.0	0.0	24.645	0.608	1.0	1.0
0	1	114	2.903	0.301	25.516	0.851	1.0	1.0
0	1	111	2.806	0.402	26.258	0.729	1.0	1.0
0	1	108	2.516	0.508	27.161	0.779	1.0	1.0
0	1	105	2.097	0.301	28.0	0.931	1.0	1.0
0	1	102	2.032	0.18	29.097	1.399	1.0	1.0
0	1	99	2.032	0.18	31.129	1.544	1.0	1.0
0	1	96	1.44	0.768	33.704	2.839	0.677	0.871
0	1	93	0.739	0.81	35.85	3.297	0.387	0.645
0	1	90	0.0	0.0	40.0	0.0	0.0	0.032
0	1	87	0.0	0.0	nan	nan	0.0	0.0
0	1	84	0.0	0.0	nan	nan	0.0	0.0
0	1	81	0.0	0.0	nan	nan	0.0	0.0
0	1	78	0.0	0.0	nan	nan	0.0	0.0
0	1	75	0.0	0.0	nan	nan	0.0	0.0
0	1	72	0.0	0.0	nan	nan	0.0	0.0
0	1	69	0.0	0.0	nan	nan	0.0	0.0
0	1	66	0.0	0.0	nan	nan	0.0	0.0
0	1	63	0.0	0.0	nan	nan	0.0	0.0
0	1	60	0.0	0.0	nan	nan	0.0	0.0
0	1	57	0.0	0.0	nan	nan	0.0	0.0
0	1	54	0.0	0.0	nan	nan	0.0	0.0
0	1	51	0.0	0.0	nan	nan	0.0	0.0
0	1	48	0.0	0.0	nan	nan	0.0	0.0
1	1	117	3.968	0.18	23.097	0.597	1.0	1.0
1	1	114	3.935	0.25	23.645	0.608	1.0	1.0
1	1	111	3.839	0.374	23.935	0.574	1.0	1.0
1	1	108	3.419	0.502	24.839	0.523	1.0	1.0
1	1	105	3.129	0.341	25.194	0.654	1.0	1.0
1	1	102	3.0	0.0	26.129	0.619	1.0	1.0
1	1	99	3.0	0.0	26.677	0.871	1.0	1.0
1	1	96	2.968	0.18	27.581	1.025	1.0	1.0
1	1	93	2.774	0.425	28.677	0.945	1.0	1.0
1	1	90	2.387	0.495	30.29	1.575	1.0	1.0
1	1	87	1.839	0.374	32.387	1.764	1.0	1.0
1	1	84	1.419	0.62	35.0	2.244	0.968	0.968
1	1	81	0.778	0.641	37.364	2.871	0.581	0.71
1	1	78	0.097	0.301	40.333	3.786	0.097	0.097
1	1	75	0.0	0.0	nan	nan	0.0	0.0
1	1	72	0.0	0.0	nan	nan	0.0	0.0
1	1	69	0.0	0.0	nan	nan	0.0	0.0
1	1	66	0.0	0.0	nan	nan	0.0	0.0
1	1	63	0.0	0.0	nan	nan	0.0	0.0
1	1	60	0.0	0.0	nan	nan	0.0	0.0
1	1	57	0.0	0.0	nan	nan	0.0	0.0
1	1	54	0.0	0.0	nan	nan	0.0	0.0
1	1	51	0.0	0.0	nan	nan	0.0	0.0
1	1	48	0.0	0.0	nan	nan	0.0	0.0
2	1	117	3.29	0.461	21.129	0.428	1.0	1.0
2	1	114	3.065	0.25	21.484	0.57	1.0	1.0
2	1	111	3.0	0.0	22.097	0.539	1.0	1.0
2	1	108	3.0	0.0	22.484	0.677	1.0	1.0
2	1	105	3.0	0.0	23.226	0.762	1.0	1.0
2	1	102	2.903	0.301	23.742	0.631	1.0	1.0
2	1	99	2.71	0.461	24.613	0.667	1.0	1.0
2	1	96	2.194	0.402	25.29	1.039	1.0	1.0
2	1	93	2.065	0.25	26.226	1.023	1.0	1.0
2	1	90	2.0	0.0	27.387	1.334	1.0	1.0
2	1	87	1.968	0.18	29.484	2.111	1.0	1.0
2	1	84	1.828	0.384	32.323	2.6	0.935	1.0
2	1	81	1.286	0.659	35.429	2.755	0.806	0.903
2	1	78	0.346	0.689	37.364	3.443	0.194	0.355
2	1	75	0.0	0.0	42.0	0.0	0.0	0.032
2	1	72	0.0	0.0	nan	nan	0.0	0.0
2	1	69	0.0	0.0	nan	nan	0.0	0.0
2	1	66	0.0	0.0	nan	nan	0.0	0.0
2	1	63	0.0	0.0	nan	nan	0.0	0.0
2	1	60	0.0	0.0	nan	nan	0.0	0.0
2	1	57	0.0	0.0	nan	nan	0.0	0.0
2	1	54	0.0	0.0	nan	nan	0.0	0.0
2	1	51	0.0	0.0	nan	nan	0.0	0.0
2	1	48	0.0	0.0	nan	nan	0.0	0.0
3	1	117	3.839	0.374	23.323	0.599	1.0	1.0
3	1	114	3.677	0.475	23.452	0.568	1.0	1.0
3	1	111	3.226	0.425	24.097	0.7	1.0	1.0
3	1	108	3.032	0.18	24.677	0.702	1.0	1.0
3	1	105	3.0	0.0	25.323	0.599	1.0	1.0
3	1	102	3.0	0.0	25.839	0.638	1.0	1.0
3	1	99	3.0	0.0	26.742	0.893	1.0	1.0
3	1	96	2.419	0.502	27.742	1.154	1.0	1.0
3	1	93	2.161	0.374	29.161	1.214	1.0	1.0
3	1	90	2.0	0.258	30.548	1.767	1.0	1.0
3	1	87	1.767	0.504	33.0	2.236	0.968	1.0
3	1	84	1.414	0.682	35.034	2.612	0.871	0.935
3	1	81	0.357	0.559	37.667	2.103	0.29	0.387
3	1	78	0.0	0.0	nan	nan	0.0	0.0
3	1	75	0.0	0.0	nan	nan	0.0	0.0
3	1	72	0.0	0.0	nan	nan	0.0	0.0
3	1	69	0.0	0.0	nan	nan	0.0	0.0
3	1	66	0.0	0.0	nan	nan	0.0	0.0
3	1	63	0.0	0.0	nan	nan	0.0	0.0
3	1	60	0.0	0.0	nan	nan	0.0	0.0
3	1	57	0.0	0.0	nan	nan	0.0	0.0
3	1	54	0.0	0.0	nan	nan	0.0	0.0
3	1	51	0.0	0.0	nan	nan	0.0	0.0
3	1	48	0.0	0.0	nan	nan	0.0	0.0
4	1	117	5.032	0.18	21.065	0.442	1.0	1.0
4	1	114	5.0	0.0	21.355	0.486	1.0	1.0
4	1	111	4.903	0.301	21.903	0.473	1.0	1.0
4	1	108	4.581	0.502	22.29	0.529	1.0	1.0
4	1	105	4.097	0.301	22.71	0.588	1.0	1.0
4	1	102	4.032	0.18	23.258	0.445	1.0	1.0
4	1	99	4.0	0.0	23.806	0.601	1.0	1.0
4	1	96	3.935	0.25	24.452	0.675	1.0	1.0
4	1	93	3.71	0.461	25.484	1.092	1.0	1.0
4	1	90	3.258	0.445	25.742	0.729	1.0	1.0
4	1	87	2.968	0.18	26.677	0.748	1.0	1.0
4	1	84	3.0	0.0	27.806	1.167	1.0	1.0
4	1	81	3.0	0.0	29.161	1.214	1.0	1.0
4	1	78	2.581	0.502	31.226	1.586	1.0	1.0
4	1	75	2.032	0.657	32.968	1.871	1.0	1.0
4	1	72	1.29	0.461	35.774	2.171	1.0	1.0
4	1	69	0.926	0.474	39.074	3.452	0.742	0.871
4	1	66	0.065	0.25	39.0	2.828	0.065	0.065
4	1	63	0.0	0.0	nan	nan	0.0	0.0
4	1	60	0.0	0.0	nan	nan	0.0	0.0
4	1	57	0.0	0.0	nan	nan	0.0	0.0
4	1	54	0.0	0.0	nan	nan	0.0	0.0
4	1	51	0.0	0.0	nan	nan	0.0	0.0
4	1	48	0.0	0.0	nan	nan	0.0	0.0
5	1	117	2.0	0.0	24.548	0.675	1.0	1.0
5	1	114	2.0	0.0	24.968	0.875	1.0	1.0
5	1	111	1.935	0.25	25.871	0.957	1.0	1.0
5	1	108	1.6	0.498	27.452	2.731	0.968	1.0
5	1	105	1.167	0.461	28.6	1.993	0.935	0.968
5	1	102	0.733	0.583	31.19	2.294	0.645	0.677
5	1	99	0.2	0.407	32.143	1.215	0.194	0.226
5	1	96	0.0	0.0	35.0	0.0	0.0	0.032
5	1	93	0.0	0.0	nan	nan	0.0	0.0
5	1	90	0.0	0.0	nan	nan	0.0	0.0
5	1	87	0.0	0.0	nan	nan	0.0	0.0
5	1	84	0.0	0.0	nan	nan	0.0	0.0
5	1	81	0.0	0.0	nan	nan	0.0	0.0
5	1	78	0.0	0.0	nan	nan	0.0	0.0
5	1	75	0.0	0.0	nan	nan	0.0	0.0
5	1	72	0.0	0.0	nan	nan	0.0	0.0
5	1	69	0.0	0.0	nan	nan	0.0	0.0
5	1	66	0.0	0.0	nan	nan	0.0	0.0
5	1	63	0.0	0.0	nan	nan	0.0	0.0
5	1	60	0.0	0.0	nan	nan	0.0	0.0
5	1	57	0.0	0.0	nan	nan	0.0	0.0
5	1	54	0.0	0.0	nan	nan	0.0	0.0
5	1	51	0.0	0.0	nan	nan	0.0	0.0
5	1	48	0.0	0.0	nan	nan	0.0	0.0
6	1	117	3.839	0.374	21.032	0.482	1.0	1.0
6	1	114	3.677	0.475	21.548	0.723	1.0	1.0
6	1	111	3.419	0.502	21.806	0.543	1.0	1.0
6	1	108	3.0	0.0	22.387	0.715	1.0	1.0
6	1	105	3.0	0.0	22.935	0.629	1.0	1.0
6	1	102	3.0	0.0	23.548	0.506	1.0	1.0
6	1	99	2.935	0.25	24.419	0.923	1.0	1.0
6	1	96	2.742	0.445	25.032	0.706	1.0	1.0
6	1	93	2.387	0.495	26.0	0.931	1.0	1.0
6	1	90	2.097	0.301	27.097	0.831	1.0	1.0
6	1	87	2.0	0.0	28.516	1.691	1.0	1.0
6	1	84	1.839	0.454	30.4	2.207	0.968	0.968
6	1	81	1.6	0.563	33.533	2.488	0.935	0.968
6	1	78	0.778	0.801	35.474	2.195	0.484	0.613
6	1	75	0.036	0.189	39.5	3.873	0.032	0.129
6	1	72	0.0	0.0	nan	nan	0.0	0.0
6	1	69	0.0	0.0	nan	nan	0.0	0.0
6	1	66	0.0	0.0	nan	nan	0.0	0.0
6	1	63	0.0	0.0	nan	nan	0.0	0.0
6	1	60	0.0	0.0	nan	nan	0.0	0.0
6	1	57	0.0	0.0	nan	nan	0.0	0.0
6	1	54	0.0	0.0	nan	nan	0.0	0.0
6	1	51	0.0	0.0	nan	nan	0.0	0.0
6	1	48	0.0	0.0	nan	nan	0.0	0.0
7	1	117	4.194	0.402	21.161	0.638	1.0	1.0
7	1	114	4.032	0.18	21.387	0.558	1.0	1.0
7	1	111	3.968	0.315	21.839	0.523	1.0	1.0
7	1	108	3.806	0.402	22.129	0.562	1.0	1.0
7	1	105	3.548	0.506	22.71	0.824	1.0	1.0
7	1	102	3.258	0.445	23.161	0.583	1.0	1.0
7	1	99	3.129	0.341	24.0	0.577	1.0	1.0
7	1	96	3.032	0.315	24.645	0.755	1.0	1.0
7	1	93	2.871	0.341	25.29	0.783	1.0	1.0
7	1	90	2.613	0.495	26.129	0.763	1.0	1.0
7	1	87	2.129	0.428	27.323	1.833	1.0	1.0
7	1	84	2.065	0.25	28.419	1.455	1.0	1.0
7	1	81	1.724	0.528	31.933	3.523	0.903	0.968
7	1	78	1.269	0.827	33.88	2.848	0.645	0.806
7	1	75	0.25	0.645	34.857	2.734	0.129	0.226
7	1	72	0.0	0.0	nan	nan	0.0	0.0
7	1	69	0.0	0.0	nan	nan	0.0	0.0
7	1	66	0.0	0.0	nan	nan	0.0	0.0
7	1	63	0.0	0.0	nan	nan	0.0	0.0
7	1	60	0.0	0.0	nan	nan	0.0	0.0
7	1	57	0.0	0.0	nan	nan	0.0	0.0
7	1	54	0.0	0.0	nan	nan	0.0	0.0
7	1	51	0.0	0.0	nan	nan	0.0	0.0
7	1	48	0.0	0.0	nan	nan	0.0	0.0
8	1	117	5.0	0.0	25.0	0.632	1.0	1.0
8	1	114	4.871	0.341	25.194	0.703	1.0	1.0
8	1	111	4.613	0.495	25.871	0.718	1.0	1.0
8	1	108	4.161	0.523	26.516	0.724	1.0	1.0
8	1	105	4.0	0.0	27.452	0.995	1.0	1.0
8	1	102	3.935	0.359	28.129	1.056	1.0	1.0
8	1	99	3.645	0.486	29.129	0.991	1.0	1.0
8	1	96	3.29	0.461	30.355	1.112	1.0	1.0
8	1	93	3.032	0.315	31.258	1.264	1.0	1.0
8	1	90	2.613	0.615	33.677	1.579	1.0	1.0
8	1	87	1.833	0.747	36.194	3.25	0.968	1.0
8	1	84	0.968	0.706	38.087	2.087	0.742	0.742
8	1	81	0.226	0.425	41.0	2.309	0.226	0.226
8	1	78	0.032	0.18	40.0	0.0	0.032	0.032
8	1	75	0.0	0.0	nan	nan	0.0	0.0
8	1	72	0.0	0.0	nan	nan	0.0	0.0
8	1	69	0.0	0.0	nan	nan	0.0	0.0
8	1	66	0.0	0.0	nan	nan	0.0	0.0
8	1	63	0.0	0.0	nan	nan	0.0	0.0
8	1	60	0.0	0.0	nan	nan	0.0	0.0
8	1	57	0.0	0.0	nan	nan	0.0	0.0
8	1	54	0.0	0.0	nan	nan	0.0	0.0
8	1	51	0.0	0.0	nan	nan	0.0	0.0
8	1	48	0.0	0.0	nan	nan	0.0	0.0
9	1	117	2.065	0.25	20.613	0.715	1.0	1.0
9	1	114	2.0	0.0	21.0	0.365	1.0	1.0
9	1	111	2.0	0.0	21.452	0.624	1.0	1.0
9	1	108	1.935	0.25	22.097	0.597	1.0	1.0
9	1	105	2.0	0.0	22.71	0.588	1.0	1.0
9	1	102	1.742	0.445	23.226	0.717	1.0	1.0
9	1	99	1.548	0.506	23.903	0.746	1.0	1.0
9	1	96	1.161	0.374	25.258	1.064	1.0	1.0
9	1	93	0.968	0.18	26.233	1.501	0.968	0.968
9	1	90	0.871	0.341	27.926	1.466	0.871	0.871
9	1	87	0.31	0.471	31.727	2.901	0.29	0.355
9	1	84	0.065	0.25	30.0	0.0	0.065	0.065
9	1	81	0.0	0.0	nan	nan	0.0	0.0
9	1	78	0.0	0.0	nan	nan	0.0	0.0
9	1	75	0.0	0.0	nan	nan	0.0	0.0
9	1	72	0.0	0.0	nan	nan	0.0	0.0
9	1	69	0.0	0.0	nan	nan	0.0	0.0
9	1	66	0.0	0.0	nan	nan	0.0	0.0
9	1	63	0.0	0.0	nan	nan	0.0	0.0
9	1	60	0.0	0.0	nan	nan	0.0	0.0
9	1	57	0.0	0.0	nan	nan	0.0	0.0
9	1	54	0.0	0.0	nan	nan	0.0	0.0
9	1	51	0.0	0.0	nan	nan	0.0	0.0
9	1	48	0.0	0.0	nan	nan	0.0	0.0
10	1	117	3.839	0.374	20.258	0.445	1.0	1.0
10	1	114	3.581	0.502	21.0	0.516	1.0	1.0
10	1	111	3.258	0.445	21.355	0.661	1.0	1.0
10	1	108	3.032	0.18	21.71	0.643	1.0	1.0
10	1	105	3.0	0.0	22.29	0.461	1.0	1.0
10	1	102	3.0	0.0	22.903	0.7	1.0	1.0
10	1	99	3.0	0.0	23.387	0.803	1.0	1.0
10	1	96	2.806	0.402	24.032	0.752	1.0	1.0
10	1	93	2.484	0.508	24.613	1.116	1.0	1.0
10	1	90	2.065	0.25	25.871	1.024	1.0	1.0
10	1	87	2.0	0.0	26.839	1.293	1.0	1.0
10	1	84	2.0	0.0	28.71	1.953	1.0	1.0
10	1	81	1.935	0.25	30.258	2.607	1.0	1.0
10	1	78	1.733	0.45	32.29	2.148	0.968	1.0
10	1	75	0.708	0.751	35.7	2.755	0.419	0.645
10	1	72	0.0	0.0	38.0	0.0	0.0	0.032
10	1	69	0.0	0.0	nan	nan	0.0	0.0
10	1	66	0.0	0.0	nan	nan	0.0	0.0
10	1	63	0.0	0.0	nan	nan	0.0	0.0
10	1	60	0.0	0.0	nan	nan	0.0	0.0
10	1	57	0.0	0.0	nan	nan	0.0	0.0
10	1	54	0.0	0.0	nan	nan	0.0	0.0
10	1	51	0.0	0.0	nan	nan	0.0	0.0
10	1	48	0.0	0.0	nan	nan	0.0	0.0
11	1	117	4.129	0.341	22.742	0.445	1.0	1.0
11	1	114	4.032	0.18	23.129	0.428	1.0	1.0
11	1	111	4.0	0.0	23.516	0.508	1.0	1.0
11	1	108	4.0	0.0	23.968	0.657	1.0	1.0
11	1	105	3.903	0.301	24.613	0.667	1.0	1.0
11	1	102	3.581	0.502	25.161	0.688	1.0	1.0
11	1	99	3.258	0.445	25.774	0.669	1.0	1.0
11	1	96	3.032	0.18	26.581	0.886	1.0	1.0
11	1	93	3.0	0.0	27.613	1.054	1.0	1.0
11	1	90	3.0	0.0	28.29	0.902	1.0	1.0
11	1	87	2.871	0.341	29.742	1.413	1.0	1.0
11	1	84	2.419	0.502	31.129	2.349	1.0	1.0
11	1	81	1.935	0.574	33.29	1.953	1.0	1.0
11	1	78	1.194	0.477	35.8	2.219	0.968	0.968
11	1	75	0.704	0.465	39.0	2.812	0.613	0.742
11	1	72	0.032	0.18	36.0	0.0	0.032	0.032
11	1	69	0.0	0.0	nan	nan	0.0	0.0
11	1	66	0.0	0.0	nan	nan	0.0	0.0
11	1	63	0.0	0.0	nan	nan	0.0	0.0
11	1	60	0.0	0.0	nan	nan	0.0	0.0
11	1	57	0.0	0.0	nan	nan	0.0	0.0
11	1	54	0.0	0.0	nan	nan	0.0	0.0
11	1	51	0.0	0.0	nan	nan	0.0	0.0
11	1	48	0.0	0.0	nan	nan	0.0	0.0
12	1	117	1.935	0.25	28.097	0.908	1.0	1.0
12	1	114	1.839	0.374	28.903	1.044	1.0	1.0
12	1	111	1.483	0.509	31.161	1.864	0.935	1.0
12	1	108	1.04	0.611	32.556	2.708	0.677	0.871
12	1	105	0.074	0.267	35.167	1.472	0.065	0.194
12	1	102	0.0	0.0	nan	nan	0.0	0.0
12	1	99	0.0	0.0	nan	nan	0.0	0.0
12	1	96	0.0	0.0	nan	nan	0.0	0.0
12	1	93	0.0	0.0	nan	nan	0.0	0.0
12	1	90	0.0	0.0	nan	nan	0.0	0.0
12	1	87	0.0	0.0	nan	nan	0.0	0.0
12	1	84	0.0	0.0	nan	nan	0.0	0.0
12	1	81	0.0	0.0	nan	nan	0.0	0.0
12	1	78	0.0	0.0	nan	nan	0.0	0.0
12	1	75	0.0	0.0	nan	nan	0.0	0.0
12	1	72	0.0	0.0	nan	nan	0.0	0.0
12	1	69	0.0	0.0	nan	nan	0.0	0.0
12	1	66	0.0	0.0	nan	nan	0.0	0.0
12	1	63	0.0	0.0	nan	nan	0.0	0.0
12	1	60	0.0	0.0	nan	nan	0.0	0.0
12	1	57	0.0	0.0	nan	nan	0.0	0.0
12	1	54	0.0	0.0	nan	nan	0.0	0.0
12	1	51	0.0	0.0	nan	nan	0.0	0.0
12	1	48	0.0	0.0	nan	nan	0.0	0.0
13	1	117	3.0	0.0	20.161	0.454	1.0	1.0
13	1	114	3.0	0.0	20.484	0.508	1.0	1.0
13	1	111	2.935	0.25	21.0	0.447	1.0	1.0
13	1	108	2.71	0.461	21.516	0.508	1.0	1.0
13	1	105	2.452	0.506	21.968	0.547	1.0	1.0
13	1	102	2.065	0.25	22.516	0.626	1.0	1.0
13	1	99	2.0	0.0	23.194	0.792	1.0	1.0
13	1	96	2.0	0.0	24.065	0.854	1.0	1.0
13	1	93	2.0	0.0	24.839	0.688	1.0	1.0
13	1	90	1.806	0.402	25.935	1.209	1.0	1.0
13	1	87	1.387	0.495	27.677	1.833	1.0	1.0
13	1	84	0.867	0.434	30.231	2.215	0.806	0.839
13	1	81	0.1	0.305	32.0	3.162	0.097	0.129
13	1	78	0.0	0.0	nan	nan	0.0	0.0
13	1	75	0.0	0.0	nan	nan	0.0	0.0
13	1	72	0.0	0.0	nan	nan	0.0	0.0
13	1	69	0.0	0.0	nan	nan	0.0	0.0
13	1	66	0.0	0.0	nan	nan	0.0	0.0
13	1	63	0.0	0.0	nan	nan	0.0	0.0
13	1	60	0.0	0.0	nan	nan	0.0	0.0
13	1	57	0.0	0.0	nan	nan	0.0	0.0
13	1	54	0.0	0.0	nan	nan	0.0	0.0
13	1	51	0.0	0.0	nan	nan	0.0	0.0
13	1	48	0.0	0.0	nan	nan	0.0	0.0
14	1	117	2.935	0.25	23.516	0.508	1.0	1.0
14	1	114	2.774	0.425	24.258	0.631	1.0	1.0
14	1	111	2.419	0.502	24.774	0.56	1.0	1.0
14	1	108	2.323	0.475	25.484	0.724	1.0	1.0
14	1	105	2.032	0.18	25.968	0.752	1.0	1.0
14	1	102	2.0	0.0	27.226	0.717	1.0	1.0
14	1	99	1.968	0.18	28.355	1.112	1.0	1.0
14	1	96	1.806	0.477	30.3	1.745	0.968	0.968
14	1	93	1.464	0.793	31.577	2.212	0.742	0.839
14	1	90	0.269	0.604	35.8	2.348	0.161	0.323
14	1	87	0.0	0.0	39.0	0.0	0.0	0.032
14	1	84	0.0	0.0	nan	nan	0.0	0.0
14	1	81	0.0	0.0	nan	nan	0.0	0.0
14	1	78	0.0	0.0	nan	nan	0.0	0.0
14	1	75	0.0	0.0	nan	nan	0.0	0.0
14	1	72	0.0	0.0	nan	nan	0.0	0.0
14	1	69	0.0	0.0	nan	nan	0.0	0.0
14	1	66	0.0	0.0	nan	nan	0.0	0.0
14	1	63	0.0	0.0	nan	nan	0.0	0.0
14	1	60	0.0	0.0	nan	nan	0.0	0.0
14	1	57	0.0	0.0	nan	nan	0.0	0.0
14	1	54	0.0	0.0	nan	nan	0.0	0.0
14	1	51	0.0	0.0	nan	nan	0.0	0.0
14	1	48	0.0	0.0	nan	nan	0.0	0.0
15	1	117	3.032	0.18	23.032	0.657	1.0	1.0
15	1	114	3.0	0.0	23.452	0.568	1.0	1.0
15	1	111	2.935	0.25	24.065	0.854	1.0	1.0
15	1	108	2.806	0.402	24.452	0.675	1.0	1.0
15	1	105	2.452	0.506	25.161	0.779	1.0	1.0
15	1	102	2.161	0.374	26.226	0.617	1.0	1.0
15	1	99	2.097	0.301	27.129	1.118	1.0	1.0
15	1	96	2.0	0.258	28.677	1.492	1.0	1.0
15	1	93	1.929	0.262	30.548	2.461	0.903	1.0
15	1	90	1.321	0.772	32.462	2.565	0.742	0.839
15	1	87	0.038	0.196	36.167	3.061	0.032	0.194
15	1	84	0.0	0.0	nan	nan	0.0	0.0
15	1	81	0.0	0.0	nan	nan	0.0	0.0
15	1	78	0.0	0.0	nan	nan	0.0	0.0
15	1	75	0.0	0.0	nan	nan	0.0	0.0
15	1	72	0.0	0.0	nan	nan	0.0	0.0
15	1	69	0.0	0.0	nan	nan	0.0	0.0
15	1	66	0.0	0.0	nan	nan	0.0	0.0
15	1	63	0.0	0.0	nan	nan	0.0	0.0
15	1	60	0.0	0.0	nan	nan	0.0	0.0
15	1	57	0.0	0.0	nan	nan	0.0	0.0
15	1	54	0.0	0.0	nan	nan	0.0	0.0
15	1	51	0.0	0.0	nan	nan	0.0	0.0
15	1	48	0.0	0.0	nan	nan	0.0	0.0
16	1	117	3.774	0.425	22.774	0.617	1.0	1.0
16	1	114	3.613	0.558	23.355	0.608	1.0	1.0
16	1	111	3.161	0.374	23.871	0.718	1.0	1.0
16	1	108	3.097	0.301	24.323	0.702	1.0	1.0
16	1	105	3.0	0.258	24.806	0.749	1.0	1.0
16	1	102	2.839	0.374	25.581	0.62	1.0	1.0
16	1	99	2.387	0.495	26.258	0.815	1.0	1.0
16	1	96	2.29	0.461	27.774	1.283	1.0	1.0
16	1	93	2.097	0.301	29.032	1.871	1.0	1.0
16	1	90	1.929	0.262	31.645	2.443	0.903	1.0
16	1	87	1.4	0.816	33.538	3.409	0.645	0.839
16	1	84	0.038	0.196	37.833	2.229	0.032	0.194
16	1	81	0.034	0.186	39.333	0.577	0.032	0.097
16	1	78	0.0	0.0	nan	nan	0.0	0.0
16	1	75	0.0	0.0	nan	nan	0.0	0.0
16	1	72	0.0	0.0	nan	nan	0.0	0.0
16	1	69	0.0	0.0	nan	nan	0.0	0.0
16	1	66	0.0	0.0	nan	nan	0.0	0.0
16	1	63	0.0	0.0	nan	nan	0.0	0.0
16	1	60	0.0	0.0	nan	nan	0.0	0.0
16	1	57	0.0	0.0	nan	nan	0.0	0.0
16	1	54	0.0	0.0	nan	nan	0.0	0.0
16	1	51	0.0	0.0	nan	nan	0.0	0.0
16	1	48	0.0	0.0	nan	nan	0.0	0.0
17	1	117	4.0	0.0	20.323	0.475	1.0	1.0
17	1	114	4.0	0.0	20.903	0.396	1.0	1.0
17	1	111	4.0	0.0	21.258	0.514	1.0	1.0
17	1	108	3.806	0.402	21.774	0.497	1.0	1.0
17	1	105	3.645	0.486	22.065	0.574	1.0	1.0
17	1	102	3.194	0.402	22.452	0.568	1.0	1.0
17	1	99	3.065	0.25	23.323	0.653	1.0	1.0
17	1	96	3.0	0.0	24.0	0.683	1.0	1.0
17	1	93	3.0	0.0	24.484	0.677	1.0	1.0
17	1	90	2.903	0.301	25.516	0.811	1.0	1.0
17	1	87	2.839	0.374	25.903	0.79	1.0	1.0
17	1	84	2.129	0.341	27.484	1.151	1.0	1.0
17	1	81	2.032	0.18	29.548	1.729	1.0	1.0
17	1	78	1.968	0.315	31.097	1.832	1.0	1.0
17	1	75	1.633	0.49	33.742	2.38	0.968	1.0
17	1	72	1.0	0.555	37.296	3.123	0.742	0.871
17	1	69	0.0	0.0	nan	nan	0.0	0.0
17	1	66	0.0	0.0	nan	nan	0.0	0.0
17	1	63	0.0	0.0	nan	nan	0.0	0.0
17	1	60	0.0	0.0	nan	nan	0.0	0.0
17	1	57	0.0	0.0	nan	nan	0.0	0.0
17	1	54	0.0	0.0	nan	nan	0.0	0.0
17	1	51	0.0	0.0	nan	nan	0.0	0.0
17	1	48	0.0	0.0	nan	nan	0.0	0.0
18	1	117	2.032	0.18	25.032	0.547	1.0	1.0
18	1	114	2.0	0.0	25.968	0.875	1.0	1.0
18	1	111	2.0	0.0	26.806	0.792	1.0	1.0
18	1	108	1.968	0.18	27.903	0.908	1.0	1.0
18	1	105	1.806	0.402	28.968	1.494	1.0	1.0
18	1	102	1.133	0.73	31.2	1.708	0.774	0.806
18	1	99	0.917	0.83	32.727	2.472	0.484	0.71
18	1	96	0.033	0.183	35.0	1.414	0.032	0.065
18	1	93	0.0	0.0	nan	nan	0.0	0.0
18	1	90	0.0	0.0	nan	nan	0.0	0.0
18	1	87	0.0	0.0	nan	nan	0.0	0.0
18	1	84	0.0	0.0	nan	nan	0.0	0.0
18	1	81	0.0	0.0	nan	nan	0.0	0.0
18	1	78	0.0	0.0	nan	nan	0.0	0.0
18	1	75	0.0	0.0	nan	nan	0.0	0.0
18	1	72	0.0	0.0	nan	nan	0.0	0.0
18	1	69	0.0	0.0	nan	nan	0.0	0.0
18	1	66	0.0	0.0	nan	nan	0.0	0.0
18	1	63	0.0	0.0	nan	nan	0.0	0.0
18	1	60	0.0	0.0	nan	nan	0.0	0.0
18	1	57	0.0	0.0	nan	nan	0.0	0.0
18	1	54	0.0	0.0	nan	nan	0.0	0.0
18	1	51	0.0	0.0	nan	nan	0.0	0.0
18	1	48	0.0	0.0	nan	nan	0.0	0.0
19	1	117	4.903	0.301	22.742	0.575	1.0	1.0
19	1	114	4.323	0.475	23.097	0.539	1.0	1.0
19	1	111	4.032	0.18	23.71	0.588	1.0	1.0
19	1	108	4.0	0.0	24.129	0.499	1.0	1.0
19	1	105	4.0	0.0	24.677	0.653	1.0	1.0
19	1	102	3.871	0.341	25.258	0.815	1.0	1.0
19	1	99	3.548	0.506	26.032	0.795	1.0	1.0
19	1	96	3.032	0.18	26.742	0.773	1.0	1.0
19	1	93	3.0	0.0	27.645	0.877	1.0	1.0
19	1	90	3.0	0.0	29.0	1.095	1.0	1.0
19	1	87	2.903	0.301	31.161	1.369	1.0	1.0
19	1	84	2.355	0.877	32.767	1.87	0.968	0.968
19	1	81	1.419	0.62	35.387	2.512	1.0	1.0
19	1	78	0.929	0.378	39.107	2.936	0.806	0.903
19	1	75	0.034	0.186	43.333	1.528	0.032	0.097
19	1	72	0.0	0.0	nan	nan	0.0	0.0
19	1	69	0.0	0.0	nan	nan	0.0	0.0
19	1	66	0.0	0.0	nan	nan	0.0	0.0
19	1	63	0.0	0.0	nan	nan	0.0	0.0
19	1	60	0.0	0.0	nan	nan	0.0	0.0
19	1	57	0.0	0.0	nan	nan	0.0	0.0
19	1	54	0.0	0.0	nan	nan	0.0	0.0
19	1	51	0.0	0.0	nan	nan	0.0	0.0
19	1	48	0.0	0.0	nan	nan	0.0	0.0
20	1	117	4.0	0.0	20.903	0.396	1.0	1.0
20	1	114	3.903	0.301	21.29	0.643	1.0	1.0
20	1	111	3.71	0.461	21.871	0.428	1.0	1.0
20	1	108	3.323	0.475	22.29	0.643	1.0	1.0
20	1	105	3.032	0.18	22.774	0.56	1.0	1.0
20	1	102	3.0	0.0	23.29	0.588	1.0	1.0
20	1	99	2.968	0.18	24.129	0.885	1.0	1.0
20	1	96	2.935	0.25	24.419	0.807	1.0	1.0
20	1	93	2.71	0.461	25.419	0.886	1.0	1.0
20	1	90	2.226	0.425	26.065	0.929	1.0	1.0
20	1	87	2.065	0.25	26.774	0.805	1.0	1.0
20	1	84	2.0	0.0	28.419	1.336	1.0	1.0
20	1	81	1.933	0.254	30.516	2.031	0.968	1.0
20	1	78	1.724	0.528	32.567	2.402	0.903	0.968
20	1	75	0.556	0.751	35.467	2.475	0.355	0.484
20	1	72	0.097	0.396	35.0	1.414	0.065	0.065
20	1	69	0.0	0.0	nan	nan	0.0	0.0
20	1	66	0.0	0.0	nan	nan	0.0	0.0
20	1	63	0.0	0.0	nan	nan	0.0	0.0
20	1	60	0.0	0.0	nan	nan	0.0	0.0
20	1	57	0.0	0.0	nan	nan	0.0	0.0
20	1	54	0.0	0.0	nan	nan	0.0	0.0
20	1	51	0.0	0.0	nan	nan	0.0	0.0
20	1	48	0.0	0.0	nan	nan	0.0	0.0
21	1	117	2.0	0.0	24.581	0.62	1.0	1.0
21	1	114	2.0	0.0	24.935	0.68	1.0	1.0
21	1	111	2.0	0.0	25.903	0.651	1.0	1.0
21	1	108	1.871	0.341	27.097	0.978	1.0	1.0
21	1	105	1.452	0.506	28.323	1.351	1.0	1.0
21	1	102	1.129	0.341	30.613	1.892	1.0	1.0
21	1	99	0.333	0.48	32.846	2.882	0.29	0.419
21	1	96	0.032	0.18	30.0	0.0	0.032	0.032
21	1	93	0.0	0.0	nan	nan	0.0	0.0
21	1	90	0.0	0.0	nan	nan	0.0	0.0
21	1	87	0.0	0.0	nan	nan	0.0	0.0
21	1	84	0.0	0.0	nan	nan	0.0	0.0
21	1	81	0.0	0.0	nan	nan	0.0	0.0
21	1	78	0.0	0.0	nan	nan	0.0	0.0
21	1	75	0.0	0.0	nan	nan	0.0	0.0
21	1	72	0.0	0.0	nan	nan	0.0	0.0
21	1	69	0.0	0.0	nan	nan	0.0	0.0
21	1	66	0.0	0.0	nan	nan	0.0	0.0
21	1	63	0.0	0.0	nan	nan	0.0	0.0
21	1	60	0.0	0.0	nan	nan	0.0	0.0
21	1	57	0.0	0.0	nan	nan	0.0	0.0
21	1	54	0.0	0.0	nan	nan	0.0	0.0
21	1	51	0.0	0.0	nan	nan	0.0	0.0
21	1	48	0.0	0.0	nan	nan	0.0	0.0
22	1	117	4.742	0.445	20.742	0.445	1.0	1.0
22	1	114	4.355	0.486	21.065	0.442	1.0	1.0
22	1	111	4.129	0.341	21.419	0.564	1.0	1.0
22	1	108	4.032	0.18	21.839	0.523	1.0	1.0
22	1	105	4.0	0.0	22.452	0.506	1.0	1.0
22	1	102	3.935	0.25	23.065	0.574	1.0	1.0
22	1	99	3.742	0.445	23.871	0.806	1.0	1.0
22	1	96	3.258	0.445	24.258	0.682	1.0	1.0
22	1	93	3.0	0.0	24.935	0.68	1.0	1.0
22	1	90	3.0	0.0	25.839	0.638	1.0	1.0
22	1	87	2.968	0.18	26.71	0.824	1.0	1.0
22	1	84	2.903	0.301	27.645	0.877	1.0	1.0
22	1	81	2.452	0.506	29.323	1.222	1.0	1.0
22	1	78	1.871	0.341	32.097	2.821	1.0	1.0
22	1	75	1.484	0.57	34.032	2.429	1.0	1.0
22	1	72	0.929	0.539	37.154	2.767	0.742	0.839
22	1	69	0.138	0.351	39.5	3.674	0.129	0.194
22	1	66	0.0	0.0	nan	nan	0.0	0.0
22	1	63	0.0	0.0	nan	nan	0.0	0.0
22	1	60	0.0	0.0	nan	nan	0.0	0.0
22	1	57	0.0	0.0	nan	nan	0.0	0.0
22	1	54	0.0	0.0	nan	nan	0.0	0.0
22	1	51	0.0	0.0	nan	nan	0.0	0.0
22	1	48	0.0	0.0	nan	nan	0.0	0.0
23	1	117	2.0	0.0	24.903	0.7	1.0	1.0
23	1	114	2.0	0.0	25.871	0.718	1.0	1.0
23	1	111	1.935	0.25	26.71	1.006	1.0	1.0
23	1	108	1.742	0.445	27.871	1.284	1.0	1.0
23	1	105	1.194	0.477	29.433	1.569	0.968	0.968
23	1	102	0.852	0.602	31.333	2.278	0.645	0.774
23	1	99	0.172	0.384	33.571	1.902	0.161	0.226
23	1	96	0.0	0.0	nan	nan	0.0	0.0
23	1	93	0.0	0.0	nan	nan	0.0	0.0
23	1	90	0.0	0.0	nan	nan	0.0	0.0
23	1	87	0.0	0.0	nan	nan	0.0	0.0
23	1	84	0.0	0.0	nan	nan	0.0	0.0
23	1	81	0.0	0.0	nan	nan	0.0	0.0
23	1	78	0.0	0.0	nan	nan	0.0	0.0
23	1	75	0.0	0.0	nan	nan	0.0	0.0
23	1	72	0.0	0.0	nan	nan	0.0	0.0
23	1	69	0.0	0.0	nan	nan	0.0	0.0
23	1	66	0.0	0.0	nan	nan	0.0	0.0
23	1	63	0.0	0.0	nan	nan	0.0	0.0
23	1	60	0.0	0.0	nan	nan	0.0	0.0
23	1	57	0.0	0.0	nan	nan	0.0	0.0
23	1	54	0.0	0.0	nan	nan	0.0	0.0
23	1	51	0.0	0.0	nan	nan	0.0	0.0
23	1	48	0.0	0.0	nan	nan	0.0	0.0
24	1	117	2.806	0.402	22.032	0.605	1.0	1.0
24	1	114	2.581	0.502	22.161	0.523	1.0	1.0
24	1	111	2.258	0.445	22.742	0.631	1.0	1.0
24	1	108	2.032	0.18	23.452	0.888	1.0	1.0
24	1	105	2.0	0.0	24.258	0.893	1.0	1.0
24	1	102	2.0	0.0	24.968	0.706	1.0	1.0
24	1	99	1.968	0.18	25.935	1.365	1.0	1.0
24	1	96	1.903	0.301	26.548	1.338	1.0	1.0
24	1	93	1.448	0.506	28.935	3.395	0.935	1.0
24	1	90	1.0	0.643	30.68	2.657	0.774	0.806
24	1	87	0.333	0.48	32.692	2.287	0.29	0.419
24	1	84	0.0	0.0	nan	nan	0.0	0.0
24	1	81	0.0	0.0	nan	nan	0.0	0.0
24	1	78	0.0	0.0	nan	nan	0.0	0.0
24	1	75	0.0	0.0	nan	nan	0.0	0.0
24	1	72	0.0	0.0	nan	nan	0.0	0.0
24	1	69	0.0	0.0	nan	nan	0.0	0.0
24	1	66	0.0	0.0	nan	nan	0.0	0.0
24	1	63	0.0	0.0	nan	nan	0.0	0.0
24	1	60	0.0	0.0	nan	nan	0.0	0.0
24	1	57	0.0	0.0	nan	nan	0.0	0.0
24	1	54	0.0	0.0	nan	nan	0.0	0.0
24	1	51	0.0	0.0	nan	nan	0.0	0.0
24	1	48	0.0	0.0	nan	nan	0.0	0.0
25	1	117	1.581	0.502	24.581	0.765	1.0	1.0
25	1	114	1.323	0.475	25.355	0.661	1.0	1.0
25	1	111	1.065	0.25	26.194	1.014	1.0	1.0
25	1	108	1.0	0.0	27.581	1.432	1.0	1.0
25	1	105	0.742	0.445	29.348	1.555	0.742	0.742
25	1	102	0.2	0.407	32.143	2.968	0.194	0.226
25	1	99	0.0	0.0	nan	nan	0.0	0.0
25	1	96	0.0	0.0	nan	nan	0.0	0.0
25	1	93	0.0	0.0	nan	nan	0.0	0.0
25	1	90	0.0	0.0	nan	nan	0.0	0.0
25	1	87	0.0	0.0	nan	nan	0.0	0.0
25	1	84	0.0	0.0	nan	nan	0.0	0.0
25	1	81	0.0	0.0	nan	nan	0.0	0.0
25	1	78	0.0	0.0	nan	nan	0.0	0.0
25	1	75	0.0	0.0	nan	nan	0.0	0.0
25	1	72	0.0	0.0	nan	nan	0.0	0.0
25	1	69	0.0	0.0	nan	nan	0.0	0.0
25	1	66	0.0	0.0	nan	nan	0.0	0.0
25	1	63	0.0	0.0	nan	nan	0.0	0.0
25	1	60	0.0	0.0	nan	nan	0.0	0.0
25	1	57	0.0	0.0	nan	nan	0.0	0.0
25	1	54	0.0	0.0	nan	nan	0.0	0.0
25	1	51	0.0	0.0	nan	nan	0.0	0.0
25	1	48	0.0	0.0	nan	nan	0.0	0.0
26	1	117	4.0	0.0	23.484	0.508	1.0	1.0
26	1	114	4.0	0.0	24.097	0.473	1.0	1.0
26	1	111	4.0	0.0	24.516	0.508	1.0	1.0
26	1	108	3.871	0.341	25.161	0.583	1.0	1.0
26	1	105	3.452	0.506	25.452	0.675	1.0	1.0
26	1	102	3.097	0.301	26.194	0.703	1.0	1.0
26	1	99	3.032	0.18	26.968	1.016	1.0	1.0
26	1	96	3.0	0.0	27.871	0.957	1.0	1.0
26	1	93	2.903	0.301	29.065	0.998	1.0	1.0
26	1	90	2.613	0.495	30.226	1.334	1.0	1.0
26	1	87	2.226	0.497	32.194	1.327	1.0	1.0
26	1	84	1.581	0.62	33.903	2.039	1.0	1.0
26	1	81	1.067	0.365	37.233	2.932	0.935	0.968
26	1	78	0.267	0.45	39.333	2.646	0.258	0.29
26	1	75	0.032	0.18	39.0	0.0	0.032	0.032
26	1	72	0.0	0.0	nan	nan	0.0	0.0
26	1	69	0.0	0.0	nan	nan	0.0	0.0
26	1	66	0.0	0.0	nan	nan	0.0	0.0
26	1	63	0.0	0.0	nan	nan	0.0	0.0
26	1	60	0.0	0.0	nan	nan	0.0	0.0
26	1	57	0.0	0.0	nan	nan	0.0	0.0
26	1	54	0.0	0.0	nan	nan	0.0	0.0
26	1	51	0.0	0.0	nan	nan	0.0	0.0
26	1	48	0.0	0.0	nan	nan	0.0	0.0
27	1	117	4.0	0.0	21.613	0.495	1.0	1.0
27	1	114	3.935	0.25	21.903	0.87	1.0	1.0
27	1	111	3.742	0.445	22.29	0.529	1.0	1.0
27	1	108	3.452	0.506	22.677	0.702	1.0	1.0
27	1	105	3.129	0.341	23.29	0.529	1.0	1.0
27	1	102	3.0	0.0	23.968	0.657	1.0	1.0
27	1	99	2.968	0.18	24.419	0.672	1.0	1.0
27	1	96	2.839	0.374	25.226	0.56	1.0	1.0
27	1	93	2.516	0.508	26.0	0.73	1.0	1.0
27	1	90	2.258	0.445	27.032	0.875	1.0	1.0
27	1	87	2.065	0.25	28.0	1.211	1.0	1.0
27	1	84	2.032	0.18	30.516	1.411	1.0	1.0
27	1	81	1.7	0.651	31.429	2.379	0.871	0.903
27	1	78	0.483	0.738	34.917	3.605	0.323	0.387
27	1	75	0.0	0.0	nan	nan	0.0	0.0
27	1	72	0.0	0.0	nan	nan	0.0	0.0
27	1	69	0.0	0.0	nan	nan	0.0	0.0
27	1	66	0.0	0.0	nan	nan	0.0	0.0
27	1	63	0.0	0.0	nan	nan	0.0	0.0
27	1	60	0.0	0.0	nan	nan	0.0	0.0
27	1	57	0.0	0.0	nan	nan	0.0	0.0
27	1	54	0.0	0.0	nan	nan	0.0	0.0
27	1	51	0.0	0.0	nan	nan	0.0	0.0
27	1	48	0.0	0.0	nan	nan	0.0	0.0
28	1	117	3.0	0.0	22.032	0.657	1.0	1.0
28	1	114	3.0	0.0	22.452	0.624	1.0	1.0
28	1	111	3.0	0.0	22.935	0.512	1.0	1.0
28	1	108	2.71	0.461	23.71	0.643	1.0	1.0
28	1	105	2.0	0.0	24.226	0.56	1.0	1.0
28	1	102	1.968	0.18	25.258	0.815	1.0	1.0
28	1	99	2.0	0.0	26.258	1.064	1.0	1.0
28	1	96	1.871	0.341	27.839	1.369	1.0	1.0
28	1	93	1.483	0.574	30.833	2.335	0.903	0.968
28	1	90	0.5	0.722	33.562	2.756	0.29	0.516
28	1	87	0.034	0.186	35.0	2.646	0.032	0.097
28	1	84	0.0	0.0	nan	nan	0.0	0.0
28	1	81	0.0	0.0	nan	nan	0.0	0.0
28	1	78	0.0	0.0	nan	nan	0.0	0.0
28	1	75	0.0	0.0	nan	nan	0.0	0.0
28	1	72	0.0	0.0	nan	nan	0.0	0.0
28	1	69	0.0	0.0	nan	nan	0.0	0.0
28	1	66	0.0	0.0	nan	nan	0.0	0.0
28	1	63	0.0	0.0	nan	nan	0.0	0.0
28	1	60	0.0	0.0	nan	nan	0.0	0.0
28	1	57	0.0	0.0	nan	nan	0.0	0.0
28	1	54	0.0	0.0	nan	nan	0.0	0.0
28	1	51	0.0	0.0	nan	nan	0.0	0.0
28	1	48	0.0	0.0	nan	nan	0.0	0.0
29	1	117	4.0	0.0	19.355	0.486	1.0	1.0
29	1	114	3.903	0.301	19.645	0.486	1.0	1.0
29	1	111	3.323	0.475	19.935	0.442	1.0	1.0
29	1	108	3.0	0.0	20.355	0.486	1.0	1.0
29	1	105	3.0	0.0	20.806	0.601	1.0	1.0
29	1	102	3.0	0.0	21.129	0.619	1.0	1.0
29	1	99	3.0	0.0	21.645	0.915	1.0	1.0
29	1	96	2.968	0.18	22.323	0.702	1.0	1.0
29	1	93	2.774	0.425	23.0	0.775	1.0	1.0
29	1	90	2.581	0.502	23.742	0.682	1.0	1.0
29	1	87	2.097	0.301	24.613	1.054	1.0	1.0
29	1	84	2.0	0.0	25.71	0.973	1.0	1.0
29	1	81	2.0	0.0	27.355	1.082	1.0	1.0
29	1	78	2.0	0.0	29.71	2.209	0.968	1.0
29	1	75	1.724	0.528	32.233	2.176	0.903	0.968
29	1	72	0.368	0.684	36.706	2.845	0.161	0.548
29	1	69	0.0	0.0	nan	nan	0.0	0.0
29	1	66	0.0	0.0	nan	nan	0.0	0.0
29	1	63	0.0	0.0	nan	nan	0.0	0.0
29	1	60	0.0	0.0	nan	nan	0.0	0.0
29	1	57	0.0	0.0	nan	nan	0.0	0.0
29	1	54	0.0	0.0	nan	nan	0.0	0.0
29	1	51	0.0	0.0	nan	nan	0.0	0.0
29	1	48	0.0	0.0	nan	nan	0.0	0.0
30	1	117	3.0	0.0	22.29	0.643	1.0	1.0
30	1	114	3.0	0.0	22.903	0.651	1.0	1.0
30	1	111	2.968	0.18	23.355	0.608	1.0	1.0
30	1	108	2.806	0.402	23.968	0.657	1.0	1.0
30	1	105	2.516	0.508	24.258	0.815	1.0	1.0
30	1	102	2.194	0.402	25.032	0.706	1.0	1.0
30	1	99	2.0	0.0	26.097	0.908	1.0	1.0
30	1	96	2.0	0.0	26.839	1.319	1.0	1.0
30	1	93	1.968	0.18	27.903	1.044	1.0	1.0
30	1	90	1.935	0.25	29.903	1.66	1.0	1.0
30	1	87	1.464	0.637	32.759	1.806	0.839	0.935
30	1	84	0.25	0.518	33.778	3.456	0.194	0.29
30	1	81	0.0	0.0	nan	nan	0.0	0.0
30	1	78	0.0	0.0	nan	nan	0.0	0.0
30	1	75	0.0	0.0	nan	nan	0.0	0.0
30	1	72	0.0	0.0	nan	nan	0.0	0.0
30	1	69	0.0	0.0	nan	nan	0.0	0.0
30	1	66	0.0	0.0	nan	nan	0.0	0.0
30	1	63	0.0	0.0	nan	nan	0.0	0.0
30	1	60	0.0	0.0	nan	nan	0.0	0.0
30	1	57	0.0	0.0	nan	nan	0.0	0.0
30	1	54	0.0	0.0	nan	nan	0.0	0.0
30	1	51	0.0	0.0	nan	nan	0.0	0.0
30	1	48	0.0	0.0	nan	nan	0.0	0.0
31	1	117	2.71	0.461	24.387	0.558	1.0	1.0
31	1	114	2.323	0.475	25.032	0.657	1.0	1.0
31	1	111	2.129	0.341	25.452	0.675	1.0	1.0
31	1	108	2.032	0.18	25.71	0.529	1.0	1.0
31	1	105	2.0	0.0	26.839	0.779	1.0	1.0
31	1	102	2.0	0.0	27.484	0.926	1.0	1.0
31	1	99	2.0	0.0	28.452	0.995	1.0	1.0
31	1	96	1.903	0.396	30.567	1.357	0.968	0.968
31	1	93	1.75	0.532	32.667	2.354	0.742	0.968
31	1	90	1.056	0.873	35.44	2.844	0.387	0.806
31	1	87	0.0	0.0	38.4	1.342	0.0	0.161
31	1	84	0.0	0.0	nan	nan	0.0	0.0
31	1	81	0.0	0.0	nan	nan	0.0	0.0
31	1	78	0.0	0.0	nan	nan	0.0	0.0
31	1	75	0.0	0.0	nan	nan	0.0	0.0
31	1	72	0.0	0.0	nan	nan	0.0	0.0
31	1	69	0.0	0.0	nan	nan	0.0	0.0
31	1	66	0.0	0.0	nan	nan	0.0	0.0
31	1	63	0.0	0.0	nan	nan	0.0	0.0
31	1	60	0.0	0.0	nan	nan	0.0	0.0
31	1	57	0.0	0.0	nan	nan	0.0	0.0
31	1	54	0.0	0.0	nan	nan	0.0	0.0
31	1	51	0.0	0.0	nan	nan	0.0	0.0
31	1	48	0.0	0.0	nan	nan	0.0	0.0
0	2	117	4.097	0.301	19.129	0.499	1.0	1.0
0	2	114	4.0	0.0	19.387	0.495	1.0	1.0
0	2	111	4.0	0.0	19.71	0.529	1.0	1.0
0	2	108	3.903	0.301	20.097	0.7	1.0	1.0
0	2	105	3.516	0.508	20.677	0.541	1.0	1.0
0	2	102	3.129	0.341	21.29	0.739	1.0	1.0
0	2	99	3.0	0.0	21.968	0.983	1.0	1.0
0	2	96	3.0	0.0	22.613	0.761	1.0	1.0
0	2	93	2.935	0.25	23.419	0.765	1.0	1.0
0	2	90	2.774	0.425	24.097	0.651	1.0	1.0
0	2	87	2.258	0.514	25.355	1.992	1.0	1.0
0	2	84	2.065	0.25	26.677	1.222	1.0	1.0
0	2	81	2.0	0.0	28.258	1.653	1.0	1.0
0	2	78	1.968	0.18	30.871	2.668	1.0	1.0
0	2	75	1.333	0.734	34.481	2.44	0.742	0.871
0	2	72	0.2	0.5	38.3	2.83	0.129	0.323
0	2	69	0.032	0.18	40.0	0.0	0.032	0.032
0	2	66	0.0	0.0	nan	nan	0.0	0.0
0	2	63	0.0	0.0	nan	nan	0.0	0.0
0	2	60	0.0	0.0	nan	nan	0.0	0.0
0	2	57	0.0	0.0	nan	nan	0.0	0.0
0	2	54	0.0	0.0	nan	nan	0.0	0.0
0	2	51	0.0	0.0	nan	nan	0.0	0.0
0	2	48	0.0	0.0	nan	nan	0.0	0.0
1	2	117	2.0	0.0	21.419	0.62	1.0	1.0
1	2	114	2.0	0.0	21.839	0.583	1.0	1.0
1	2	111	2.0	0.0	22.387	0.667	1.0	1.0
1	2	108	1.935	0.25	23.032	0.875	1.0	1.0
1	2	105	1.774	0.425	23.677	0.945	1.0	1.0
1	2	102	1.516	0.508	24.774	1.203	1.0	1.0
1	2	99	1.032	0.18	25.935	1.315	1.0	1.0
1	2	96	1.032	0.18	26.452	1.609	1.0	1.0
1	2	93	0.767	0.43	29.333	2.808	0.742	0.774
1	2	90	0.379	0.494	31.231	2.862	0.355	0.419
1	2	87	0.032	0.18	32.0	0.0	0.032	0.032
1	2	84	0.0	0.0	nan	nan	0.0	0.0
1	2	81	0.0	0.0	nan	nan	0.0	0.0
1	2	78	0.0	0.0	nan	nan	0.0	0.0
1	2	75	0.0	0.0	nan	nan	0.0	0.0
1	2	72	0.0	0.0	nan	nan	0.0	0.0
1	2	69	0.0	0.0	nan	nan	0.0	0.0
1	2	66	0.0	0.0	nan	nan	0.0	0.0
1	2	63	0.0	0.0	nan	nan	0.0	0.0
1	2	60	0.0	0.0	nan	nan	0.0	0.0
1	2	57	0.0	0.0	nan	nan	0.0	0.0
1	2	54	0.0	0.0	nan	nan	0.0	0.0
1	2	51	0.0	0.0	nan	nan	0.0	0.0
1	2	48	0.0	0.0	nan	nan	0.0	0.0
2	2	117	2.097	0.301	22.903	0.7	1.0	1.0
2	2	114	2.0	0.0	23.516	0.811	1.0	1.0
2	2	111	2.0	0.0	24.065	0.574	1.0	1.0
2	2	108	2.0	0.0	24.645	0.877	1.0	1.0
2	2	105	2.0	0.0	25.677	0.702	1.0	1.0
2	2	102	1.742	0.445	26.419	1.259	1.0	1.0
2	2	99	1.226	0.56	27.931	1.624	0.935	0.935
2	2	96	0.958	0.55	30.667	3.051	0.645	0.871
2	2	93	0.68	0.557	32.0	2.43	0.516	0.71
2	2	90	0.067	0.254	32.0	5.292	0.065	0.097
2	2	87	0.0	0.0	nan	nan	0.0	0.0
2	2	84	0.0	0.0	nan	nan	0.0	0.0
2	2	81	0.0	0.0	nan	nan	0.0	0.0
2	2	78	0.0	0.0	nan	nan	0.0	0.0
2	2	75	0.0	0.0	nan	nan	0.0	0.0
2	2	72	0.0	0.0	nan	nan	0.0	0.0
2	2	69	0.0	0.0	nan	nan	0.0	0.0
2	2	66	0.0	0.0	nan	nan	0.0	0.0
2	2	63	0.0	0.0	nan	nan	0.0	0.0
2	2	60	0.0	0.0	nan	nan	0.0	0.0
2	2	57	0.0	0.0	nan	nan	0.0	0.0
2	2	54	0.0	0.0	nan	nan	0.0	0.0
2	2	51	0.0	0.0	nan	nan	0.0	0.0
2	2	48	0.0	0.0	nan	nan	0.0	0.0
3	2	117	3.0	0.0	21.387	0.615	1.0	1.0
3	2	114	3.0	0.0	21.742	0.682	1.0	1.0
3	2	111	2.774	0.425	22.323	0.541	1.0	1.0
3	2	108	2.581	0.502	22.645	0.839	1.0	1.0
3	2	105	2.161	0.374	22.935	0.68	1.0	1.0
3	2	102	2.0	0.0	24.0	0.73	1.0	1.0
3	2	99	2.0	0.0	24.581	0.807	1.0	1.0
3	2	96	2.0	0.0	25.29	1.296	1.0	1.0
3	2	93	1.967	0.183	26.71	1.755	0.968	1.0
3	2	90	1.667	0.479	29.194	4.285	0.968	1.0
3	2	87	1.448	0.506	29.935	2.421	0.935	1.0
3	2	84	0.808	0.801	32.45	3.236	0.484	0.645
3	2	81	0.0	0.0	35.0	0.0	0.0	0.032
3	2	78	0.0	0.0	nan	nan	0.0	0.0
3	2	75	0.0	0.0	nan	nan	0.0	0.0
3	2	72	0.0	0.0	nan	nan	0.0	0.0
3	2	69	0.0	0.0	nan	nan	0.0	0.0
3	2	66	0.0	0.0	nan	nan	0.0	0.0
3	2	63	0.0	0.0	nan	nan	0.0	0.0
3	2	60	0.0	0.0	nan	nan	0.0	0.0
3	2	57	0.0	0.0	nan	nan	0.0	0.0
3	2	54	0.0	0.0	nan	nan	0.0	0.0
3	2	51	0.0	0.0	nan	nan	0.0	0.0
3	2	48	0.0	0.0	nan	nan	0.0	0.0
4	2	117	3.968	0.18	19.774	0.497	1.0	1.0
4	2	114	3.742	0.445	20.129	0.499	1.0	1.0
4	2	111	3.484	0.508	20.613	0.558	1.0	1.0
4	2	108	3.129	0.341	21.0	0.577	1.0	1.0
4	2	105	3.065	0.25	21.258	0.729	1.0	1.0
4	2	102	3.0	0.0	21.806	0.792	1.0	1.0
4	2	99	3.0	0.0	22.258	0.682	1.0	1.0
4	2	96	2.968	0.18	22.806	0.98	1.0	1.0
4	2	93	2.839	0.374	23.774	1.203	1.0	1.0
4	2	90	2.387	0.495	24.548	1.434	1.0	1.0
4	2	87	2.032	0.18	25.516	1.092	1.0	1.0
4	2	84	2.0	0.0	27.032	1.581	1.0	1.0
4	2	81	2.0	0.0	28.355	1.684	1.0	1.0
4	2	78	1.903	0.396	30.833	2.321	0.968	0.968
4	2	75	1.704	0.465	33.484	2.35	0.871	1.0
4	2	72	0.4	0.5	37.312	2.182	0.323	0.516
4	2	69	0.0	0.0	37.0	0.0	0.0	0.032
4	2	66	0.0	0.0	nan	nan	0.0	0.0
4	2	63	0.0	0.0	nan	nan	0.0	0.0
4	2	60	0.0	0.0	nan	nan	0.0	0.0
4	2	57	0.0	0.0	nan	nan	0.0	0.0
4	2	54	0.0	0.0	nan	nan	0.0	0.0
4	2	51	0.0	0.0	nan	nan	0.0	0.0
4	2	48	0.0	0.0	nan	nan	0.0	0.0
5	2	117	3.0	0.0	20.839	0.454	1.0	1.0
5	2	114	3.0	0.0	21.548	0.568	1.0	1.0
5	2	111	3.0	0.0	22.032	0.482	1.0	1.0
5	2	108	3.0	0.0	22.484	0.677	1.0	1.0
5	2	105	2.935	0.25	23.097	0.7	1.0	1.0
5	2	102	2.581	0.502	23.677	0.748	1.0	1.0
5	2	99	2.323	0.475	24.419	0.923	1.0	1.0
5	2	96	2.032	0.18	25.71	0.973	1.0	1.0
5	2	93	2.0	0.0	26.419	1.089	1.0	1.0
5	2	90	1.968	0.18	28.968	1.853	1.0	1.0
5	2	87	1.933	0.365	30.233	2.329	0.935	0.968
5	2	84	1.517	0.785	32.692	2.604	0.774	0.839
5	2	81	0.346	0.689	37.091	3.448	0.194	0.355
5	2	78	0.0	0.0	37.0	0.0	0.0	0.032
5	2	75	0.0	0.0	nan	nan	0.0	0.0
5	2	72	0.0	0.0	nan	nan	0.0	0.0
5	2	69	0.0	0.0	nan	nan	0.0	0.0
5	2	66	0.0	0.0	nan	nan	0.0	0.0
5	2	63	0.0	0.0	nan	nan	0.0	0.0
5	2	60	0.0	0.0	nan	nan	0.0	0.0
5	2	57	0.0	0.0	nan	nan	0.0	0.0
5	2	54	0.0	0.0	nan	nan	0.0	0.0
5	2	51	0.0	0.0	nan	nan	0.0	0.0
5	2	48	0.0	0.0	nan	nan	0.0	0.0
6	2	117	3.065	0.25	21.194	0.477	1.0	1.0
6	2	114	3.0	0.0	21.645	0.551	1.0	1.0
6	2	111	3.0	0.0	22.032	0.547	1.0	1.0
6	2	108	3.0	0.0	22.613	0.667	1.0	1.0
6	2	105	3.0	0.0	23.097	0.597	1.0	1.0
6	2	102	2.871	0.341	23.806	0.601	1.0	1.0
6	2	99	2.645	0.486	24.677	0.832	1.0	1.0
6	2	96	2.161	0.374	25.226	0.845	1.0	1.0
6	2	93	2.0	0.0	25.935	0.68	1.0	1.0
6	2	90	2.0	0.0	27.097	1.399	1.0	1.0
6	2	87	1.935	0.25	28.774	1.91	1.0	1.0
6	2	84	1.871	0.341	30.935	2.863	1.0	1.0
6	2	81	1.852	0.362	32.871	2.692	0.871	1.0
6	2	78	0.852	0.907	34.778	2.713	0.452	0.581
6	2	75	0.0	0.0	39.0	1.414	0.0	0.129
6	2	72	0.0	0.0	nan	nan	0.0	0.0
6	2	69	0.0	0.0	nan	nan	0.0	0.0
6	2	66	0.0	0.0	nan	nan	0.0	0.0
6	2	63	0.0	0.0	nan	nan	0.0	0.0
6	2	60	0.0	0.0	nan	nan	0.0	0.0
6	2	57	0.0	0.0	nan	nan	0.0	0.0
6	2	54	0.0	0.0	nan	nan	0.0	0.0
6	2	51	0.0	0.0	nan	nan	0.0	0.0
6	2	48	0.0	0.0	nan	nan	0.0	0.0
7	2	117	2.903	0.301	21.452	0.675	1.0	1.0
7	2	114	2.548	0.506	21.935	0.772	1.0	1.0
7	2	111	2.323	0.475	22.645	0.755	1.0	1.0
7	2	108	2.065	0.25	23.161	0.82	1.0	1.0
7	2	105	2.032	0.18	23.548	0.624	1.0	1.0
7	2	102	2.0	0.0	24.419	0.672	1.0	1.0
7	2	99	2.0	0.0	24.968	0.706	1.0	1.0
7	2	96	1.806	0.402	26.355	1.539	1.0	1.0
7	2	93	1.71	0.461	27.677	1.777	1.0	1.0
7	2	90	1.241	0.636	29.929	2.666	0.839	0.903
7	2	87	0.379	0.561	31.5	3.802	0.323	0.387
7	2	84	0.032	0.18	34.0	0.0	0.032	0.032
7	2	81	0.0	0.0	nan	nan	0.0	0.0
7	2	78	0.0	0.0	nan	nan	0.0	0.0
7	2	75	0.0	0.0	nan	nan	0.0	0.0
7	2	72	0.0	0.0	nan	nan	0.0	0.0
7	2	69	0.0	0.0	nan	nan	0.0	0.0
7	2	66	0.0	0.0	nan	nan	0.0	0.0
7	2	63	0.0	0.0	nan	nan	0.0	0.0
7	2	60	0.0	0.0	nan	nan	0.0	0.0
7	2	57	0.0	0.0	nan	nan	0.0	0.0
7	2	54	0.0	0.0	nan	nan	0.0	0.0
7	2	51	0.0	0.0	nan	nan	0.0	0.0
7	2	48	0.0	0.0	nan	nan	0.0	0.0
8	2	117	3.0	0.0	20.581	0.672	1.0	1.0
8	2	114	2.774	0.425	21.226	0.56	1.0	1.0
8	2	111	2.548	0.506	21.839	0.688	1.0	1.0
8	2	108	2.323	0.475	22.129	0.922	1.0	1.0
8	2	105	2.0	0.0	22.742	0.682	1.0	1.0
8	2	102	2.0	0.0	23.581	0.72	1.0	1.0
8	2	99	2.0	0.0	24.387	0.844	1.0	1.0
8	2	96	1.968	0.18	25.065	0.964	1.0	1.0
8	2	93	1.806	0.402	26.065	1.548	1.0	1.0
8	2	90	1.548	0.506	28.226	1.875	1.0	1.0
8	2	87	0.966	0.626	30.12	2.682	0.742	0.806
8	2	84	0.345	0.553	31.818	2.676	0.29	0.355
8	2	81	0.0	0.0	nan	nan	0.0	0.0
8	2	78	0.0	0.0	nan	nan	0.0	0.0
8	2	75	0.0	0.0	nan	nan	0.0	0.0
8	2	72	0.0	0.0	nan	nan	0.0	0.0
8	2	69	0.0	0.0	nan	nan	0.0	0.0
8	2	66	0.0	0.0	nan	nan	0.0	0.0
8	2	63	0.0	0.0	nan	nan	0.0	0.0
8	2	60	0.0	0.0	nan	nan	0.0	0.0
8	2	57	0.0	0.0	nan	nan	0.0	0.0
8	2	54	0.0	0.0	nan	nan	0.0	0.0
8	2	51	0.0	0.0	nan	nan	0.0	0.0
8	2	48	0.0	0.0	nan	nan	0.0	0.0
9	2	117	4.323	0.475	21.903	0.539	1.0	1.0
9	2	114	4.355	0.486	21.968	0.547	1.0	1.0
9	2	111	4.129	0.428	22.677	0.832	1.0	1.0
9	2	108	3.903	0.301	23.129	0.562	1.0	1.0
9	2	105	3.71	0.461	23.516	0.626	1.0	1.0
9	2	102	3.581	0.502	23.548	0.888	1.0	1.0
9	2	99	3.194	0.402	24.484	0.769	1.0	1.0
9	2	96	3.032	0.407	25.161	0.779	1.0	1.0
9	2	93	2.935	0.25	25.774	0.717	1.0	1.0
9	2	90	2.645	0.486	27.161	1.463	1.0	1.0
9	2	87	2.484	0.508	27.839	1.344	1.0	1.0
9	2	84	2.097	0.473	29.452	1.929	1.0	1.0
9	2	81	1.966	0.626	31.733	3.552	0.903	0.968
9	2	78	1.241	0.912	33.273	3.341	0.645	0.71
9	2	75	0.323	0.748	33.0	3.162	0.194	0.194
9	2	72	0.032	0.18	41.0	0.0	0.032	0.032
9	2	69	0.0	0.0	nan	nan	0.0	0.0
9	2	66	0.0	0.0	nan	nan	0.0	0.0
9	2	63	0.0	0.0	nan	nan	0.0	0.0
9	2	60	0.0	0.0	nan	nan	0.0	0.0
9	2	57	0.0	0.0	nan	nan	0.0	0.0
9	2	54	0.0	0.0	nan	nan	0.0	0.0
9	2	51	0.0	0.0	nan	nan	0.0	0.0
9	2	48	0.0	0.0	nan	nan	0.0	0.0
10	2	117	3.71	0.461	22.677	0.541	1.0	1.0
10	2	114	3.613	0.495	23.161	0.638	1.0	1.0
10	2	111	3.161	0.374	23.484	0.508	1.0	1.0
10	2	108	3.065	0.25	24.0	0.683	1.0	1.0
10	2	105	3.032	0.18	24.677	0.791	1.0	1.0
10	2	102	2.935	0.25	25.097	0.746	1.0	1.0
10	2	99	2.774	0.425	26.065	0.998	1.0	1.0
10	2	96	2.484	0.508	26.581	0.72	1.0	1.0
10	2	93	2.323	0.475	27.419	0.923	1.0	1.0
10	2	90	2.067	0.254	29.194	1.74	0.968	1.0
10	2	87	1.9	0.305	30.645	2.374	0.968	1.0
10	2	84	1.643	0.559	33.433	3.137	0.871	0.968
10	2	81	0.964	0.922	34.053	2.527	0.516	0.613
10	2	78	0.065	0.25	40.5	2.121	0.065	0.065
10	2	75	0.0	0.0	nan	nan	0.0	0.0
10	2	72	0.0	0.0	nan	nan	0.0	0.0
10	2	69	0.0	0.0	nan	nan	0.0	0.0
10	2	66	0.0	0.0	nan	nan	0.0	0.0
10	2	63	0.0	0.0	nan	nan	0.0	0.0
10	2	60	0.0	0.0	nan	nan	0.0	0.0
10	2	57	0.0	0.0	nan	nan	0.0	0.0
10	2	54	0.0	0.0	nan	nan	0.0	0.0
10	2	51	0.0	0.0	nan	nan	0.0	0.0
10	2	48	0.0	0.0	nan	nan	0.0	0.0
11	2	117	2.032	0.18	22.452	0.675	1.0	1.0
11	2	114	2.032	0.18	23.065	0.574	1.0	1.0
11	2	111	2.0	0.0	23.71	0.643	1.0	1.0
11	2	108	2.0	0.0	24.129	0.806	1.0	1.0
11	2	105	1.935	0.25	25.258	0.93	1.0	1.0
11	2	102	1.645	0.486	26.194	0.833	1.0	1.0
11	2	99	1.194	0.477	27.233	1.223	0.968	0.968
11	2	96	0.931	0.458	29.519	2.137	0.806	0.871
11	2	93	0.517	0.509	31.765	2.306	0.484	0.548
11	2	90	0.032	0.18	34.0	0.0	0.032	0.032
11	2	87	0.0	0.0	nan	nan	0.0	0.0
11	2	84	0.0	0.0	nan	nan	0.0	0.0
11	2	81	0.0	0.0	nan	nan	0.0	0.0
11	2	78	0.0	0.0	nan	nan	0.0	0.0
11	2	75	0.0	0.0	nan	nan	0.0	0.0
11	2	72	0.0	0.0	nan	nan	0.0	0.0
11	2	69	0.0	0.0	nan	nan	0.0	0.0
11	2	66	0.0	0.0	nan	nan	0.0	0.0
11	2	63	0.0	0.0	nan	nan	0.0	0.0
11	2	60	0.0	0.0	nan	nan	0.0	0.0
11	2	57	0.0	0.0	nan	nan	0.0	0.0
11	2	54	0.0	0.0	nan	nan	0.0	0.0
11	2	51	0.0	0.0	nan	nan	0.0	0.0
11	2	48	0.0	0.0	nan	nan	0.0	0.0
12	2	117	4.0	0.0	22.645	0.551	1.0	1.0
12	2	114	3.935	0.25	23.258	0.575	1.0	1.0
12	2	111	3.613	0.495	23.548	0.506	1.0	1.0
12	2	108	3.226	0.425	24.129	0.428	1.0	1.0
12	2	105	3.032	0.18	24.742	0.773	1.0	1.0
12	2	102	3.0	0.0	25.419	0.765	1.0	1.0
12	2	99	2.968	0.18	26.097	0.7	1.0	1.0
12	2	96	2.968	0.18	27.032	1.048	1.0	1.0
12	2	93	2.774	0.425	27.645	0.985	1.0	1.0
12	2	90	2.29	0.461	29.129	0.922	1.0	1.0
12	2	87	2.065	0.359	30.71	1.736	1.0	1.0
12	2	84	1.71	0.461	32.839	2.223	1.0	1.0
12	2	81	1.207	0.491	36.233	2.921	0.903	0.968
12	2	78	0.462	0.508	38.0	2.475	0.387	0.548
12	2	75	0.0	0.0	nan	nan	0.0	0.0
12	2	72	0.0	0.0	nan	nan	0.0	0.0
12	2	69	0.0	0.0	nan	nan	0.0	0.0
12	2	66	0.0	0.0	nan	nan	0.0	0.0
12	2	63	0.0	0.0	nan	nan	0.0	0.0
12	2	60	0.0	0.0	nan	nan	0.0	0.0
12	2	57	0.0	0.0	nan	nan	0.0	0.0
12	2	54	0.0	0.0	nan	nan	0.0	0.0
12	2	51	0.0	0.0	nan	nan	0.0	0.0
12	2	48	0.0	0.0	nan	nan	0.0	0.0
13	2	117	3.645	0.486	21.581	0.564	1.0	1.0
13	2	114	3.258	0.445	22.194	0.543	1.0	1.0
13	2	111	3.065	0.25	22.677	0.475	1.0	1.0
13	2	108	3.032	0.18	23.226	0.56	1.0	1.0
13	2	105	2.968	0.18	23.903	0.651	1.0	1.0
13	2	102	2.581	0.502	24.387	0.955	1.0	1.0
13	2	99	2.226	0.425	24.903	1.165	1.0	1.0
13	2	96	2.032	0.18	26.194	0.91	1.0	1.0
13	2	93	2.0	0.0	27.613	1.606	1.0	1.0
13	2	90	1.8	0.484	29.767	2.763	0.935	0.968
13	2	87	1.115	0.952	32.0	2.739	0.516	0.677
13	2	84	0.222	0.577	36.125	2.748	0.129	0.258
13	2	81	0.0	0.0	42.0	0.0	0.0	0.032
13	2	78	0.0	0.0	nan	nan	0.0	0.0
13	2	75	0.0	0.0	nan	nan	0.0	0.0
13	2	72	0.0	0.0	nan	nan	0.0	0.0
13	2	69	0.0	0.0	nan	nan	0.0	0.0
13	2	66	0.0	0.0	nan	nan	0.0	0.0
13	2	63	0.0	0.0	nan	nan	0.0	0.0
13	2	60	0.0	0.0	nan	nan	0.0	0.0
13	2	57	0.0	0.0	nan	nan	0.0	0.0
13	2	54	0.0	0.0	nan	nan	0.0	0.0
13	2	51	0.0	0.0	nan	nan	0.0	0.0
13	2	48	0.0	0.0	nan	nan	0.0	0.0
14	2	117	2.0	0.0	23.613	0.558	1.0	1.0
14	2	114	2.0	0.0	24.129	0.619	1.0	1.0
14	2	111	2.0	0.0	24.968	0.706	1.0	1.0
14	2	108	1.839	0.374	25.516	1.029	1.0	1.0
14	2	105	1.484	0.508	26.677	1.077	1.0	1.0
14	2	102	1.032	0.18	28.032	1.402	1.0	1.0
14	2	99	0.821	0.39	30.654	2.262	0.742	0.839
14	2	96	0.241	0.435	32.0	2.398	0.226	0.29
14	2	93	0.0	0.0	nan	nan	0.0	0.0
14	2	90	0.0	0.0	nan	nan	0.0	0.0
14	2	87	0.0	0.0	nan	nan	0.0	0.0
14	2	84	0.0	0.0	nan	nan	0.0	0.0
14	2	81	0.0	0.0	nan	nan	0.0	0.0
14	2	78	0.0	0.0	nan	nan	0.0	0.0
14	2	75	0.0	0.0	nan	nan	0.0	0.0
14	2	72	0.0	0.0	nan	nan	0.0	0.0
14	2	69	0.0	0.0	nan	nan	0.0	0.0
14	2	66	0.0	0.0	nan	nan	0.0	0.0
14	2	63	0.0	0.0	nan	nan	0.0	0.0
14	2	60	0.0	0.0	nan	nan	0.0	0.0
14	2	57	0.0	0.0	nan	nan	0.0	0.0
14	2	54	0.0	0.0	nan	nan	0.0	0.0
14	2	51	0.0	0.0	nan	nan	0.0	0.0
14	2	48	0.0	0.0	nan	nan	0.0	0.0
15	2	117	3.839	0.374	21.484	0.508	1.0	1.0
15	2	114	3.677	0.475	22.0	0.775	1.0	1.0
15	2	111	3.226	0.425	22.129	0.619	1.0	1.0
15	2	108	3.0	0.0	22.968	0.547	1.0	1.0
15	2	105	3.0	0.0	23.29	0.588	1.0	1.0
15	2	102	3.0	0.0	23.935	0.512	1.0	1.0
15	2	99	3.0	0.0	24.548	0.723	1.0	1.0
15	2	96	2.839	0.374	25.355	0.915	1.0	1.0
15	2	93	2.226	0.425	26.548	0.925	1.0	1.0
15	2	90	2.0	0.0	27.194	1.138	1.0	1.0
15	2	87	2.0	0.0	28.484	1.387	1.0	1.0
15	2	84	2.0	0.0	30.258	1.632	1.0	1.0
15	2	81	1.71	0.461	33.484	2.322	1.0	1.0
15	2	78	0.913	0.793	35.652	2.757	0.484	0.742
15	2	75	0.033	0.183	38.5	3.536	0.032	0.065
15	2	72	0.0	0.0	nan	nan	0.0	0.0
15	2	69	0.0	0.0	nan	nan	0.0	0.0
15	2	66	0.0	0.0	nan	nan	0.0	0.0
15	2	63	0.0	0.0	nan	nan	0.0	0.0
15	2	60	0.0	0.0	nan	nan	0.0	0.0
15	2	57	0.0	0.0	nan	nan	0.0	0.0
15	2	54	0.0	0.0	nan	nan	0.0	0.0
15	2	51	0.0	0.0	nan	nan	0.0	0.0
15	2	48	0.0	0.0	nan	nan	0.0	0.0
16	2	117	3.968	0.18	22.548	0.624	1.0	1.0
16	2	114	3.774	0.425	23.323	0.475	1.0	1.0
16	2	111	3.226	0.425	23.613	0.667	1.0	1.0
16	2	108	3.065	0.25	24.032	0.706	1.0	1.0
16	2	105	3.0	0.0	24.903	0.908	1.0	1.0
16	2	102	3.0	0.0	25.258	0.682	1.0	1.0
16	2	99	2.968	0.18	26.258	0.93	1.0	1.0
16	2	96	2.871	0.341	27.194	0.873	1.0	1.0
16	2	93	2.548	0.506	28.355	0.915	1.0	1.0
16	2	90	2.161	0.374	29.935	1.031	1.0	1.0
16	2	87	1.935	0.25	31.645	1.723	1.0	1.0
16	2	84	1.71	0.461	33.645	2.537	1.0	1.0
16	2	81	1.065	0.442	36.897	2.425	0.935	0.935
16	2	78	0.464	0.576	38.8	2.731	0.387	0.484
16	2	75	0.0	0.0	nan	nan	0.0	0.0
16	2	72	0.0	0.0	nan	nan	0.0	0.0
16	2	69	0.0	0.0	nan	nan	0.0	0.0
16	2	66	0.0	0.0	nan	nan	0.0	0.0
16	2	63	0.0	0.0	nan	nan	0.0	0.0
16	2	60	0.0	0.0	nan	nan	0.0	0.0
16	2	57	0.0	0.0	nan	nan	0.0	0.0
16	2	54	0.0	0.0	nan	nan	0.0	0.0
16	2	51	0.0	0.0	nan	nan	0.0	0.0
16	2	48	0.0	0.0	nan	nan	0.0	0.0
17	2	117	3.355	0.486	21.161	0.638	1.0	1.0
17	2	114	3.129	0.341	21.774	0.497	1.0	1.0
17	2	111	3.0	0.0	22.194	0.703	1.0	1.0
17	2	108	3.0	0.0	22.581	0.672	1.0	1.0
17	2	105	3.0	0.0	23.29	0.529	1.0	1.0
17	2	102	2.968	0.18	23.968	1.11	1.0	1.0
17	2	99	2.516	0.508	24.742	0.682	1.0	1.0
17	2	96	2.129	0.341	25.871	1.176	1.0	1.0
17	2	93	2.032	0.18	26.452	0.723	1.0	1.0
17	2	90	2.0	0.0	28.516	1.387	1.0	1.0
17	2	87	2.0	0.0	30.226	1.564	1.0	1.0
17	2	84	1.633	0.49	33.935	2.954	0.968	1.0
17	2	81	0.679	0.772	36.0	3.317	0.452	0.548
17	2	78	0.034	0.186	39.667	1.528	0.032	0.097
17	2	75	0.0	0.0	nan	nan	0.0	0.0
17	2	72	0.0	0.0	nan	nan	0.0	0.0
17	2	69	0.0	0.0	nan	nan	0.0	0.0
17	2	66	0.0	0.0	nan	nan	0.0	0.0
17	2	63	0.0	0.0	nan	nan	0.0	0.0
17	2	60	0.0	0.0	nan	nan	0.0	0.0
17	2	57	0.0	0.0	nan	nan	0.0	0.0
17	2	54	0.0	0.0	nan	nan	0.0	0.0
17	2	51	0.0	0.0	nan	nan	0.0	0.0
17	2	48	0.0	0.0	nan	nan	0.0	0.0
18	2	117	2.935	0.25	22.645	0.755	1.0	1.0
18	2	114	2.839	0.374	23.161	0.779	1.0	1.0
18	2	111	2.484	0.508	23.71	0.588	1.0	1.0
18	2	108	2.129	0.341	24.258	0.514	1.0	1.0
18	2	105	2.0	0.0	24.839	0.638	1.0	1.0
18	2	102	2.032	0.18	25.968	0.706	1.0	1.0
18	2	99	1.935	0.25	27.387	0.919	1.0	1.0
18	2	96	1.935	0.25	28.452	1.338	1.0	1.0
18	2	93	1.552	0.572	31.3	2.423	0.903	0.968
18	2	90	0.769	0.652	33.045	2.149	0.548	0.71
18	2	87	0.0	0.0	37.333	1.751	0.0	0.194
18	2	84	0.032	0.18	47.0	0.0	0.032	0.032
18	2	81	0.0	0.0	nan	nan	0.0	0.0
18	2	78	0.0	0.0	nan	nan	0.0	0.0
18	2	75	0.0	0.0	nan	nan	0.0	0.0
18	2	72	0.0	0.0	nan	nan	0.0	0.0
18	2	69	0.0	0.0	nan	nan	0.0	0.0
18	2	66	0.0	0.0	nan	nan	0.0	0.0
18	2	63	0.0	0.0	nan	nan	0.0	0.0
18	2	60	0.0	0.0	nan	nan	0.0	0.0
18	2	57	0.0	0.0	nan	nan	0.0	0.0
18	2	54	0.0	0.0	nan	nan	0.0	0.0
18	2	51	0.0	0.0	nan	nan	0.0	0.0
18	2	48	0.0	0.0	nan	nan	0.0	0.0
19	2	117	3.613	0.495	20.484	0.508	1.0	1.0
19	2	114	3.161	0.374	20.742	0.682	1.0	1.0
19	2	111	3.0	0.0	21.419	0.62	1.0	1.0
19	2	108	3.0	0.0	21.903	0.831	1.0	1.0
19	2	105	3.0	0.0	22.677	0.653	1.0	1.0
19	2	102	3.0	0.0	23.484	0.724	1.0	1.0
19	2	99	2.71	0.461	24.097	0.79	1.0	1.0
19	2	96	2.452	0.506	25.065	0.727	1.0	1.0
19	2	93	2.032	0.18	26.258	0.815	1.0	1.0
19	2	90	2.0	0.0	27.548	1.15	1.0	1.0
19	2	87	1.968	0.18	29.839	2.41	1.0	1.0
19	2	84	1.8	0.484	32.3	2.984	0.935	0.968
19	2	81	1.208	0.588	36.345	2.919	0.71	0.935
19	2	78	0.233	0.568	35.167	1.472	0.161	0.194
19	2	75	0.0	0.0	nan	nan	0.0	0.0
19	2	72	0.0	0.0	nan	nan	0.0	0.0
19	2	69	0.0	0.0	nan	nan	0.0	0.0
19	2	66	0.0	0.0	nan	nan	0.0	0.0
19	2	63	0.0	0.0	nan	nan	0.0	0.0
19	2	60	0.0	0.0	nan	nan	0.0	0.0
19	2	57	0.0	0.0	nan	nan	0.0	0.0
19	2	54	0.0	0.0	nan	nan	0.0	0.0
19	2	51	0.0	0.0	nan	nan	0.0	0.0
19	2	48	0.0	0.0	nan	nan	0.0	0.0
20	2	117	2.968	0.18	21.903	0.473	1.0	1.0
20	2	114	2.71	0.461	22.419	0.564	1.0	1.0
20	2	111	2.29	0.461	22.742	0.575	1.0	1.0
20	2	108	2.129	0.341	23.774	0.845	1.0	1.0
20	2	105	2.032	0.18	24.387	0.844	1.0	1.0
20	2	102	2.0	0.0	24.903	0.597	1.0	1.0
20	2	99	2.0	0.0	25.871	0.846	1.0	1.0
20	2	96	2.0	0.0	26.71	0.902	1.0	1.0
20	2	93	1.839	0.374	28.129	1.118	1.0	1.0
20	2	90	1.4	0.621	30.724	2.477	0.903	0.935
20	2	87	0.741	0.656	32.667	2.517	0.548	0.677
20	2	84	0.032	0.18	33.0	0.0	0.032	0.032
20	2	81	0.0	0.0	nan	nan	0.0	0.0
20	2	78	0.0	0.0	nan	nan	0.0	0.0
20	2	75	0.0	0.0	nan	nan	0.0	0.0
20	2	72	0.0	0.0	nan	nan	0.0	0.0
20	2	69	0.0	0.0	nan	nan	0.0	0.0
20	2	66	0.0	0.0	nan	nan	0.0	0.0
20	2	63	0.0	0.0	nan	nan	0.0	0.0
20	2	60	0.0	0.0	nan	nan	0.0	0.0
20	2	57	0.0	0.0	nan	nan	0.0	0.0
20	2	54	0.0	0.0	nan	nan	0.0	0.0
20	2	51	0.0	0.0	nan	nan	0.0	0.0
20	2	48	0.0	0.0	nan	nan	0.0	0.0
21	2	117	3.097	0.301	22.71	0.588	1.0	1.0
21	2	114	3.0	0.0	23.226	0.762	1.0	1.0
21	2	111	3.0	0.0	23.742	0.631	1.0	1.0
21	2	108	2.968	0.18	24.387	0.558	1.0	1.0
21	2	105	2.581	0.502	24.71	0.693	1.0	1.0
21	2	102	2.29	0.461	25.613	0.667	1.0	1.0
21	2	99	2.129	0.341	26.452	0.723	1.0	1.0
21	2	96	2.032	0.18	27.871	1.335	1.0	1.0
21	2	93	1.903	0.301	29.29	1.829	1.0	1.0
21	2	90	1.7	0.702	31.296	2.181	0.839	0.871
21	2	87	1.074	0.829	34.217	3.33	0.613	0.742
21	2	84	0.074	0.267	36.5	3.209	0.065	0.194
21	2	81	0.0	0.0	nan	nan	0.0	0.0
21	2	78	0.0	0.0	nan	nan	0.0	0.0
21	2	75	0.0	0.0	nan	nan	0.0	0.0
21	2	72	0.0	0.0	nan	nan	0.0	0.0
21	2	69	0.0	0.0	nan	nan	0.0	0.0
21	2	66	0.0	0.0	nan	nan	0.0	0.0
21	2	63	0.0	0.0	nan	nan	0.0	0.0
21	2	60	0.0	0.0	nan	nan	0.0	0.0
21	2	57	0.0	0.0	nan	nan	0.0	0.0
21	2	54	0.0	0.0	nan	nan	0.0	0.0
21	2	51	0.0	0.0	nan	nan	0.0	0.0
21	2	48	0.0	0.0	nan	nan	0.0	0.0
22	2	117	2.935	0.25	20.968	0.315	1.0	1.0
22	2	114	2.806	0.402	21.516	0.57	1.0	1.0
22	2	111	2.452	0.506	21.806	0.601	1.0	1.0
22	2	108	2.29	0.461	22.065	0.629	1.0	1.0
22	2	105	2.161	0.374	22.935	0.68	1.0	1.0
22	2	102	2.0	0.0	23.645	0.551	1.0	1.0
22	2	99	2.0	0.0	24.323	0.702	1.0	1.0
22	2	96	2.032	0.18	24.968	0.875	1.0	1.0
22	2	93	1.806	0.402	25.742	0.93	1.0	1.0
22	2	90	1.645	0.486	26.968	1.472	1.0	1.0
22	2	87	1.233	0.504	28.767	2.417	0.935	0.968
22	2	84	0.609	0.583	32.476	3.156	0.419	0.677
22	2	81	0.0	0.0	36.0	0.0	0.0	0.032
22	2	78	0.0	0.0	nan	nan	0.0	0.0
22	2	75	0.0	0.0	nan	nan	0.0	0.0
22	2	72	0.0	0.0	nan	nan	0.0	0.0
22	2	69	0.0	0.0	nan	nan	0.0	0.0
22	2	66	0.0	0.0	nan	nan	0.0	0.0
22	2	63	0.0	0.0	nan	nan	0.0	0.0
22	2	60	0.0	0.0	nan	nan	0.0	0.0
22	2	57	0.0	0.0	nan	nan	0.0	0.0
22	2	54	0.0	0.0	nan	nan	0.0	0.0
22	2	51	0.0	0.0	nan	nan	0.0	0.0
22	2	48	0.0	0.0	nan	nan	0.0	0.0
23	2	117	3.516	0.508	22.226	0.56	1.0	1.0
23	2	114	3.29	0.461	22.581	0.62	1.0	1.0
23	2	111	3.161	0.374	23.032	0.706	1.0	1.0
23	2	108	3.0	0.258	23.742	0.729	1.0	1.0
23	2	105	2.806	0.402	24.516	0.962	1.0	1.0
23	2	102	2.613	0.495	24.903	0.7	1.0	1.0
23	2	99	2.161	0.374	26.161	1.003	1.0	1.0
23	2	96	2.097	0.301	27.097	1.165	1.0	1.0
23	2	93	1.903	0.301	28.968	2.025	1.0	1.0
23	2	90	1.967	0.183	30.677	2.182	0.968	1.0
23	2	87	1.48	0.714	32.821	2.829	0.71	0.903
23	2	84	0.462	0.811	34.417	2.968	0.226	0.387
23	2	81	0.032	0.18	38.0	0.0	0.032	0.032
23	2	78	0.0	0.0	nan	nan	0.0	0.0
23	2	75	0.0	0.0	nan	nan	0.0	0.0
23	2	72	0.0	0.0	nan	nan	0.0	0.0
23	2	69	0.0	0.0	nan	nan	0.0	0.0
23	2	66	0.0	0.0	nan	nan	0.0	0.0
23	2	63	0.0	0.0	nan	nan	0.0	0.0
23	2	60	0.0	0.0	nan	nan	0.0	0.0
23	2	57	0.0	0.0	nan	nan	0.0	0.0
23	2	54	0.0	0.0	nan	nan	0.0	0.0
23	2	51	0.0	0.0	nan	nan	0.0	0.0
23	2	48	0.0	0.0	nan	nan	0.0	0.0
24	2	117	2.968	0.18	20.194	0.402	1.0	1.0
24	2	114	2.839	0.374	20.548	0.568	1.0	1.0
24	2	111	2.419	0.502	21.097	0.473	1.0	1.0
24	2	108	2.129	0.341	21.387	0.558	1.0	1.0
24	2	105	2.0	0.0	21.935	0.512	1.0	1.0
24	2	102	2.0	0.0	22.516	0.57	1.0	1.0
24	2	99	2.0	0.0	23.032	0.795	1.0	1.0
24	2	96	1.968	0.18	23.774	0.884	1.0	1.0
24	2	93	1.903	0.301	24.871	0.67	1.0	1.0
24	2	90	1.71	0.461	25.774	0.884	1.0	1.0
24	2	87	1.267	0.45	27.581	2.46	0.968	1.0
24	2	84	0.964	0.508	29.926	2.601	0.774	0.871
24	2	81	0.3	0.466	30.2	2.394	0.29	0.323
24	2	78	0.032	0.18	26.0	0.0	0.032	0.032
24	2	75	0.0	0.0	nan	nan	0.0	0.0
24	2	72	0.0	0.0	nan	nan	0.0	0.0
24	2	69	0.0	0.0	nan	nan	0.0	0.0
24	2	66	0.0	0.0	nan	nan	0.0	0.0
24	2	63	0.0	0.0	nan	nan	0.0	0.0
24	2	60	0.0	0.0	nan	nan	0.0	0.0
24	2	57	0.0	0.0	nan	nan	0.0	0.0
24	2	54	0.0	0.0	nan	nan	0.0	0.0
24	2	51	0.0	0.0	nan	nan	0.0	0.0
24	2	48	0.0	0.0	nan	nan	0.0	0.0
25	2	117	3.839	0.374	19.323	0.541	1.0	1.0
25	2	114	3.645	0.486	19.774	0.497	1.0	1.0
25	2	111	3.194	0.402	20.032	0.315	1.0	1.0
25	2	108	3.097	0.301	20.516	0.57	1.0	1.0
25	2	105	3.0	0.0	20.742	0.575	1.0	1.0
25	2	102	3.0	0.0	21.194	0.402	1.0	1.0
25	2	99	2.871	0.341	21.677	0.702	1.0	1.0
25	2	96	2.742	0.445	22.323	0.653	1.0	1.0
25	2	93	2.419	0.502	22.903	0.651	1.0	1.0
25	2	90	2.129	0.341	23.677	0.871	1.0	1.0
25	2	87	2.0	0.0	24.419	0.886	1.0	1.0
25	2	84	1.935	0.25	25.71	1.039	1.0	1.0
25	2	81	1.968	0.18	26.226	0.99	1.0	1.0
25	2	78	1.742	0.445	28.387	1.927	1.0	1.0
25	2	75	1.04	0.735	31.96	3.409	0.613	0.806
25	2	72	0.069	0.258	34.25	3.096	0.065	0.129
25	2	69	0.0	0.0	nan	nan	0.0	0.0
25	2	66	0.0	0.0	nan	nan	0.0	0.0
25	2	63	0.0	0.0	nan	nan	0.0	0.0
25	2	60	0.0	0.0	nan	nan	0.0	0.0
25	2	57	0.0	0.0	nan	nan	0.0	0.0
25	2	54	0.0	0.0	nan	nan	0.0	0.0
25	2	51	0.0	0.0	nan	nan	0.0	0.0
25	2	48	0.0	0.0	nan	nan	0.0	0.0
26	2	117	4.0	0.0	26.29	0.529	1.0	1.0
26	2	114	3.839	0.374	26.71	0.588	1.0	1.0
26	2	111	3.677	0.475	27.484	0.626	1.0	1.0
26	2	108	3.226	0.425	28.323	0.791	1.0	1.0
26	2	105	3.0	0.0	29.097	0.944	1.0	1.0
26	2	102	3.0	0.0	29.968	0.875	1.0	1.0
26	2	99	2.968	0.18	31.516	1.092	1.0	1.0
26	2	96	2.806	0.402	33.097	1.35	1.0	1.0
26	2	93	2.097	0.746	34.484	1.411	1.0	1.0
26	2	90	1.258	0.514	36.968	2.137	1.0	1.0
26	2	87	1.0	0.365	39.379	2.569	0.935	0.935
26	2	84	0.233	0.43	41.75	3.845	0.226	0.258
26	2	81	0.0	0.0	nan	nan	0.0	0.0
26	2	78	0.0	0.0	nan	nan	0.0	0.0
26	2	75	0.0	0.0	nan	nan	0.0	0.0
26	2	72	0.0	0.0	nan	nan	0.0	0.0
26	2	69	0.0	0.0	nan	nan	0.0	0.0
26	2	66	0.0	0.0	nan	nan	0.0	0.0
26	2	63	0.0	0.0	nan	nan	0.0	0.0
26	2	60	0.0	0.0	nan	nan	0.0	0.0
26	2	57	0.0	0.0	nan	nan	0.0	0.0
26	2	54	0.0	0.0	nan	nan	0.0	0.0
26	2	51	0.0	0.0	nan	nan	0.0	0.0
26	2	48	0.0	0.0	nan	nan	0.0	0.0
27	2	117	3.0	0.0	21.968	0.482	1.0	1.0
27	2	114	3.0	0.0	22.323	0.599	1.0	1.0
27	2	111	3.0	0.0	23.0	0.516	1.0	1.0
27	2	108	2.839	0.374	23.226	0.56	1.0	1.0
27	2	105	2.645	0.486	23.903	0.597	1.0	1.0
27	2	102	2.323	0.475	24.613	0.803	1.0	1.0
27	2	99	2.065	0.25	25.258	0.729	1.0	1.0
27	2	96	2.0	0.0	25.935	0.772	1.0	1.0
27	2	93	2.0	0.0	27.129	1.204	1.0	1.0
27	2	90	1.806	0.402	28.419	1.858	1.0	1.0
27	2	87	1.357	0.78	31.5	2.534	0.742	0.839
27	2	84	0.375	0.647	34.714	2.431	0.226	0.452
27	2	81	0.0	0.0	nan	nan	0.0	0.0
27	2	78	0.0	0.0	nan	nan	0.0	0.0
27	2	75	0.0	0.0	nan	nan	0.0	0.0
27	2	72	0.0	0.0	nan	nan	0.0	0.0
27	2	69	0.0	0.0	nan	nan	0.0	0.0
27	2	66	0.0	0.0	nan	nan	0.0	0.0
27	2	63	0.0	0.0	nan	nan	0.0	0.0
27	2	60	0.0	0.0	nan	nan	0.0	0.0
27	2	57	0.0	0.0	nan	nan	0.0	0.0
27	2	54	0.0	0.0	nan	nan	0.0	0.0
27	2	51	0.0	0.0	nan	nan	0.0	0.0
27	2	48	0.0	0.0	nan	nan	0.0	0.0
28	2	117	3.677	0.475	21.839	0.454	1.0	1.0
28	2	114	3.355	0.486	21.935	0.512	1.0	1.0
28	2	111	3.161	0.374	22.677	0.599	1.0	1.0
28	2	108	3.032	0.18	23.097	0.831	1.0	1.0
28	2	105	3.0	0.258	23.516	0.811	1.0	1.0
28	2	102	2.903	0.301	24.065	0.629	1.0	1.0
28	2	99	2.581	0.502	24.903	0.831	1.0	1.0
28	2	96	2.226	0.425	25.742	0.729	1.0	1.0
28	2	93	2.097	0.396	26.677	0.871	1.0	1.0
28	2	90	2.065	0.25	27.548	1.287	1.0	1.0
28	2	87	1.968	0.18	29.032	1.941	1.0	1.0
28	2	84	1.536	0.793	31.346	2.712	0.742	0.839
28	2	81	0.304	0.703	34.5	2.236	0.129	0.387
28	2	78	0.067	0.254	35.667	1.155	0.065	0.097
28	2	75	0.0	0.0	39.0	0.0	0.0	0.032
28	2	72	0.0	0.0	nan	nan	0.0	0.0
28	2	69	0.0	0.0	nan	nan	0.0	0.0
28	2	66	0.0	0.0	nan	nan	0.0	0.0
28	2	63	0.0	0.0	nan	nan	0.0	0.0
28	2	60	0.0	0.0	nan	nan	0.0	0.0
28	2	57	0.0	0.0	nan	nan	0.0	0.0
28	2	54	0.0	0.0	nan	nan	0.0	0.0
28	2	51	0.0	0.0	nan	nan	0.0	0.0
28	2	48	0.0	0.0	nan	nan	0.0	0.0
29	2	117	4.548	0.506	18.226	0.425	1.0	1.0
29	2	114	4.258	0.445	18.419	0.564	1.0	1.0
29	2	111	4.032	0.315	18.968	0.482	1.0	1.0
29	2	108	3.903	0.301	19.226	0.56	1.0	1.0
29	2	105	3.677	0.475	19.581	0.502	1.0	1.0
29	2	102	3.323	0.475	19.968	0.547	1.0	1.0
29	2	99	3.032	0.18	20.484	0.57	1.0	1.0
29	2	96	3.0	0.0	20.935	0.512	1.0	1.0
29	2	93	3.0	0.258	21.29	0.693	1.0	1.0
29	2	90	2.968	0.18	22.097	0.746	1.0	1.0
29	2	87	2.871	0.341	23.194	1.046	1.0	1.0
29	2	84	2.452	0.506	23.871	0.718	1.0	1.0
29	2	81	2.032	0.18	24.839	1.214	1.0	1.0
29	2	78	2.032	0.18	26.0	1.317	1.0	1.0
29	2	75	1.968	0.18	28.129	2.078	1.0	1.0
29	2	72	1.935	0.359	30.484	3.01	1.0	1.0
29	2	69	1.28	0.792	33.769	3.204	0.645	0.839
29	2	66	0.148	0.534	35.5	3.146	0.065	0.194
29	2	63	0.0	0.0	nan	nan	0.0	0.0
29	2	60	0.0	0.0	nan	nan	0.0	0.0
29	2	57	0.0	0.0	nan	nan	0.0	0.0
29	2	54	0.0	0.0	nan	nan	0.0	0.0
29	2	51	0.0	0.0	nan	nan	0.0	0.0
29	2	48	0.0	0.0	nan	nan	0.0	0.0
30	2	117	2.968	0.18	23.387	0.558	1.0	1.0
30	2	114	2.935	0.25	24.129	0.619	1.0	1.0
30	2	111	2.613	0.495	24.71	0.739	1.0	1.0
30	2	108	2.258	0.445	25.323	0.541	1.0	1.0
30	2	105	2.032	0.18	26.484	0.724	1.0	1.0
30	2	102	2.0	0.0	27.129	0.885	1.0	1.0
30	2	99	2.032	0.18	28.355	1.33	1.0	1.0
30	2	96	1.968	0.18	29.871	1.565	1.0	1.0
30	2	93	1.828	0.384	32.419	2.126	0.935	1.0
30	2	90	1.208	0.721	35.185	2.975	0.645	0.871
30	2	87	0.074	0.267	38.667	0.816	0.065	0.194
30	2	84	0.0	0.0	nan	nan	0.0	0.0
30	2	81	0.0	0.0	nan	nan	0.0	0.0
30	2	78	0.0	0.0	nan	nan	0.0	0.0
30	2	75	0.0	0.0	nan	nan	0.0	0.0
30	2	72	0.0	0.0	nan	nan	0.0	0.0
30	2	69	0.0	0.0	nan	nan	0.0	0.0
30	2	66	0.0	0.0	nan	nan	0.0	0.0
30	2	63	0.0	0.0	nan	nan	0.0	0.0
30	2	60	0.0	0.0	nan	nan	0.0	0.0
30	2	57	0.0	0.0	nan	nan	0.0	0.0
30	2	54	0.0	0.0	nan	nan	0.0	0.0
30	2	51	0.0	0.0	nan	nan	0.0	0.0
30	2	48	0.0	0.0	nan	nan	0.0	0.0
31	2	117	3.032	0.18	19.032	0.407	1.0	1.0
31	2	114	3.0	0.0	19.581	0.502	1.0	1.0
31	2	111	3.0	0.0	19.903	0.473	1.0	1.0
31	2	108	2.742	0.445	20.387	0.558	1.0	1.0
31	2	105	2.452	0.506	20.968	0.657	1.0	1.0
31	2	102	2.065	0.25	21.484	0.57	1.0	1.0
31	2	99	2.0	0.0	22.29	0.783	1.0	1.0
31	2	96	2.0	0.0	22.871	0.718	1.0	1.0
31	2	93	1.968	0.18	23.677	1.222	1.0	1.0
31	2	90	1.645	0.486	25.065	1.093	1.0	1.0
31	2	87	1.3	0.596	27.448	4.556	0.903	0.935
31	2	84	0.857	0.356	29.407	3.238	0.774	0.871
31	2	81	0.107	0.315	32.833	2.401	0.097	0.194
31	2	78	0.0	0.0	nan	nan	0.0	0.0
31	2	75	0.0	0.0	nan	nan	0.0	0.0
31	2	72	0.0	0.0	nan	nan	0.0	0.0
31	2	69	0.0	0.0	nan	nan	0.0	0.0
31	2	66	0.0	0.0	nan	nan	0.0	0.0
31	2	63	0.0	0.0	nan	nan	0.0	0.0
31	2	60	0.0	0.0	nan	nan	0.0	0.0
31	2	57	0.0	0.0	nan	nan	0.0	0.0
31	2	54	0.0	0.0	nan	nan	0.0	0.0
31	2	51	0.0	0.0	nan	nan	0.0	0.0
31	2	48	0.0	0.0	nan	nan	0.0	0.0
0	3	117	3.0	0.0	25.194	0.833	1.0	1.0
0	3	114	3.0	0.0	25.903	0.79	1.0	1.0
0	3	111	2.806	0.402	26.871	0.718	1.0	1.0
0	3	108	2.548	0.506	27.871	0.718	1.0	1.0
0	3	105	2.226	0.425	28.968	1.303	1.0	1.0
0	3	102	1.968	0.18	30.258	1.264	1.0	1.0
0	3	99	1.903	0.301	32.452	1.312	1.0	1.0
0	3	96	1.387	0.558	34.8	2.219	0.968	0.968
0	3	93	0.69	0.541	37.333	2.708	0.613	0.677
0	3	90	0.067	0.254	40.333	1.528	0.065	0.097
0	3	87	0.0	0.0	nan	nan	0.0	0.0
0	3	84	0.0	0.0	nan	nan	0.0	0.0
0	3	81	0.0	0.0	nan	nan	0.0	0.0
0	3	78	0.0	0.0	nan	nan	0.0	0.0
0	3	75	0.0	0.0	nan	nan	0.0	0.0
0	3	72	0.0	0.0	nan	nan	0.0	0.0
0	3	69	0.0	0.0	nan	nan	0.0	0.0
0	3	66	0.0	0.0	nan	nan	0.0	0.0
0	3	63	0.0	0.0	nan	nan	0.0	0.0
0	3	60	0.0	0.0	nan	nan	0.0	0.0
0	3	57	0.0	0.0	nan	nan	0.0	0.0
0	3	54	0.0	0.0	nan	nan	0.0	0.0
0	3	51	0.0	0.0	nan	nan	0.0	0.0
0	3	48	0.0	0.0	nan	nan	0.0	0.0
1	3	117	4.032	0.18	19.194	0.402	1.0	1.0
1	3	114	3.742	0.445	19.484	0.508	1.0	1.0
1	3	111	3.452	0.506	19.839	0.638	1.0	1.0
1	3	108	3.129	0.341	20.323	0.599	1.0	1.0
1	3	105	3.0	0.0	20.581	0.502	1.0	1.0
1	3	102	3.0	0.0	20.968	0.482	1.0	1.0
1	3	99	2.903	0.301	21.387	0.803	1.0	1.0
1	3	96	2.71	0.461	22.0	0.856	1.0	1.0
1	3	93	2.419	0.502	22.613	1.086	1.0	1.0
1	3	90	2.161	0.374	23.258	0.631	1.0	1.0
1	3	87	2.032	0.315	24.419	1.385	1.0	1.0
1	3	84	1.935	0.25	25.387	1.202	1.0	1.0
1	3	81	1.935	0.25	26.968	1.472	1.0	1.0
1	3	78	1.484	0.508	28.774	2.093	1.0	1.0
1	3	75	1.483	0.634	30.793	2.305	0.871	0.935
1	3	72	0.207	0.491	33.286	2.87	0.161	0.226
1	3	69	0.0	0.0	nan	nan	0.0	0.0
1	3	66	0.0	0.0	nan	nan	0.0	0.0
1	3	63	0.0	0.0	nan	nan	0.0	0.0
1	3	60	0.0	0.0	nan	nan	0.0	0.0
1	3	57	0.0	0.0	nan	nan	0.0	0.0
1	3	54	0.0	0.0	nan	nan	0.0	0.0
1	3	51	0.0	0.0	nan	nan	0.0	0.0
1	3	48	0.0	0.0	nan	nan	0.0	0.0
2	3	117	2.419	0.502	21.71	0.739	1.0	1.0
2	3	114	2.097	0.301	22.323	0.599	1.0	1.0
2	3	111	2.032	0.18	22.742	0.893	1.0	1.0
2	3	108	2.0	0.0	23.387	0.558	1.0	1.0
2	3	105	2.0	0.0	24.484	0.89	1.0	1.0
2	3	102	1.968	0.18	25.29	1.677	1.0	1.0
2	3	99	1.484	0.508	26.548	1.48	1.0	1.0
2	3	96	1.129	0.341	27.935	2.159	1.0	1.0
2	3	93	1.0	0.667	29.76	2.666	0.71	0.806
2	3	90	0.129	0.341	31.5	2.646	0.129	0.129
2	3	87	0.0	0.0	nan	nan	0.0	0.0
2	3	84	0.0	0.0	nan	nan	0.0	0.0
2	3	81	0.0	0.0	nan	nan	0.0	0.0
2	3	78	0.0	0.0	nan	nan	0.0	0.0
2	3	75	0.0	0.0	nan	nan	0.0	0.0
2	3	72	0.0	0.0	nan	nan	0.0	0.0
2	3	69	0.0	0.0	nan	nan	0.0	0.0
2	3	66	0.0	0.0	nan	nan	0.0	0.0
2	3	63	0.0	0.0	nan	nan	0.0	0.0
2	3	60	0.0	0.0	nan	nan	0.0	0.0
2	3	57	0.0	0.0	nan	nan	0.0	0.0
2	3	54	0.0	0.0	nan	nan	0.0	0.0
2	3	51	0.0	0.0	nan	nan	0.0	0.0
2	3	48	0.0	0.0	nan	nan	0.0	0.0
3	3	117	3.419	0.502	22.323	0.541	1.0	1.0
3	3	114	3.0	0.0	22.774	0.56	1.0	1.0
3	3	111	3.0	0.0	23.387	0.558	1.0	1.0
3	3	108	3.0	0.0	23.452	0.624	1.0	1.0
3	3	105	2.968	0.18	24.29	0.529	1.0	1.0
3	3	102	2.548	0.506	25.194	0.792	1.0	1.0
3	3	99	2.161	0.374	26.129	1.088	1.0	1.0
3	3	96	2.032	0.18	26.613	0.989	1.0	1.0
3	3	93	2.0	0.0	27.677	1.351	1.0	1.0
3	3	90	1.968	0.18	29.548	1.912	1.0	1.0
3	3	87	1.76	0.597	32.207	2.366	0.742	0.935
3	3	84	0.45	0.759	36.176	3.358	0.194	0.548
3	3	81	0.065	0.25	33.0	0.0	0.065	0.065
3	3	78	0.0	0.0	nan	nan	0.0	0.0
3	3	75	0.0	0.0	nan	nan	0.0	0.0
3	3	72	0.0	0.0	nan	nan	0.0	0.0
3	3	69	0.0	0.0	nan	nan	0.0	0.0
3	3	66	0.0	0.0	nan	nan	0.0	0.0
3	3	63	0.0	0.0	nan	nan	0.0	0.0
3	3	60	0.0	0.0	nan	nan	0.0	0.0
3	3	57	0.0	0.0	nan	nan	0.0	0.0
3	3	54	0.0	0.0	nan	nan	0.0	0.0
3	3	51	0.0	0.0	nan	nan	0.0	0.0
3	3	48	0.0	0.0	nan	nan	0.0	0.0
4	3	117	2.935	0.25	22.097	0.473	1.0	1.0
4	3	114	2.935	0.25	22.355	0.486	1.0	1.0
4	3	111	2.71	0.461	22.71	0.529	1.0	1.0
4	3	108	2.29	0.461	23.484	0.626	1.0	1.0
4	3	105	2.097	0.301	24.226	0.56	1.0	1.0
4	3	102	2.0	0.0	24.806	0.91	1.0	1.0
4	3	99	2.0	0.0	25.452	0.723	1.0	1.0
4	3	96	1.968	0.18	26.548	1.207	1.0	1.0
4	3	93	1.968	0.18	27.194	1.138	1.0	1.0
4	3	90	1.5	0.572	29.3	1.915	0.935	0.968
4	3	87	0.577	0.643	32.444	3.761	0.419	0.581
4	3	84	0.032	0.18	34.0	0.0	0.032	0.032
4	3	81	0.0	0.0	nan	nan	0.0	0.0
4	3	78	0.0	0.0	nan	nan	0.0	0.0
4	3	75	0.0	0.0	nan	nan	0.0	0.0
4	3	72	0.0	0.0	nan	nan	0.0	0.0
4	3	69	0.0	0.0	nan	nan	0.0	0.0
4	3	66	0.0	0.0	nan	nan	0.0	0.0
4	3	63	0.0	0.0	nan	nan	0.0	0.0
4	3	60	0.0	0.0	nan	nan	0.0	0.0
4	3	57	0.0	0.0	nan	nan	0.0	0.0
4	3	54	0.0	0.0	nan	nan	0.0	0.0
4	3	51	0.0	0.0	nan	nan	0.0	0.0
4	3	48	0.0	0.0	nan	nan	0.0	0.0
5	3	117	1.968	0.18	21.097	0.79	1.0	1.0
5	3	114	1.903	0.301	21.613	0.495	1.0	1.0
5	3	111	1.581	0.502	22.581	1.119	1.0	1.0
5	3	108	1.194	0.402	23.065	0.892	1.0	1.0
5	3	105	1.032	0.18	23.774	1.117	1.0	1.0
5	3	102	1.0	0.0	24.742	1.341	1.0	1.0
5	3	99	1.0	0.0	25.903	1.64	1.0	1.0
5	3	96	0.633	0.49	27.1	2.125	0.613	0.645
5	3	93	0.129	0.341	27.5	1.0	0.129	0.129
5	3	90	0.0	0.0	nan	nan	0.0	0.0
5	3	87	0.0	0.0	nan	nan	0.0	0.0
5	3	84	0.0	0.0	nan	nan	0.0	0.0
5	3	81	0.0	0.0	nan	nan	0.0	0.0
5	3	78	0.0	0.0	nan	nan	0.0	0.0
5	3	75	0.0	0.0	nan	nan	0.0	0.0
5	3	72	0.0	0.0	nan	nan	0.0	0.0
5	3	69	0.0	0.0	nan	nan	0.0	0.0
5	3	66	0.0	0.0	nan	nan	0.0	0.0
5	3	63	0.0	0.0	nan	nan	0.0	0.0
5	3	60	0.0	0.0	nan	nan	0.0	0.0
5	3	57	0.0	0.0	nan	nan	0.0	0.0
5	3	54	0.0	0.0	nan	nan	0.0	0.0
5	3	51	0.0	0.0	nan	nan	0.0	0.0
5	3	48	0.0	0.0	nan	nan	0.0	0.0
6	3	117	4.129	0.341	21.226	0.669	1.0	1.0
6	3	114	4.0	0.0	21.613	0.495	1.0	1.0
6	3	111	3.968	0.18	22.129	0.562	1.0	1.0
6	3	108	3.903	0.301	22.581	0.564	1.0	1.0
6	3	105	3.548	0.506	22.839	0.583	1.0	1.0
6	3	102	3.258	0.445	23.581	0.672	1.0	1.0
6	3	99	3.097	0.301	23.935	0.727	1.0	1.0
6	3	96	3.0	0.258	24.968	1.11	1.0	1.0
6	3	93	3.0	0.0	25.677	0.871	1.0	1.0
6	3	90	2.742	0.445	26.645	0.95	1.0	1.0
6	3	87	2.548	0.506	27.613	1.022	1.0	1.0
6	3	84	2.097	0.301	29.355	1.427	1.0	1.0
6	3	81	1.935	0.25	31.032	2.287	1.0	1.0
6	3	78	1.586	0.501	34.161	2.478	0.935	1.0
6	3	75	0.852	0.718	35.864	2.436	0.581	0.71
6	3	72	0.067	0.365	37.5	6.364	0.032	0.065
6	3	69	0.0	0.0	nan	nan	0.0	0.0
6	3	66	0.0	0.0	nan	nan	0.0	0.0
6	3	63	0.0	0.0	nan	nan	0.0	0.0
6	3	60	0.0	0.0	nan	nan	0.0	0.0
6	3	57	0.0	0.0	nan	nan	0.0	0.0
6	3	54	0.0	0.0	nan	nan	0.0	0.0
6	3	51	0.0	0.0	nan	nan	0.0	0.0
6	3	48	0.0	0.0	nan	nan	0.0	0.0
7	3	117	3.968	0.18	22.129	0.763	1.0	1.0
7	3	114	3.484	0.508	22.387	0.495	1.0	1.0
7	3	111	3.194	0.402	22.677	0.599	1.0	1.0
7	3	108	3.032	0.18	23.258	0.682	1.0	1.0
7	3	105	3.032	0.18	23.677	0.702	1.0	1.0
7	3	102	2.903	0.301	24.677	0.748	1.0	1.0
7	3	99	2.71	0.461	25.323	0.702	1.0	1.0
7	3	96	2.323	0.475	26.484	0.811	1.0	1.0
7	3	93	2.065	0.25	27.129	1.36	1.0	1.0
7	3	90	1.935	0.25	29.323	1.99	1.0	1.0
7	3	87	1.724	0.649	31.321	3.255	0.839	0.903
7	3	84	1.292	0.859	33.96	3.155	0.581	0.806
7	3	81	0.172	0.468	36.333	2.733	0.129	0.194
7	3	78	0.0	0.0	nan	nan	0.0	0.0
7	3	75	0.0	0.0	nan	nan	0.0	0.0
7	3	72	0.0	0.0	nan	nan	0.0	0.0
7	3	69	0.0	0.0	nan	nan	0.0	0.0
7	3	66	0.0	0.0	nan	nan	0.0	0.0
7	3	63	0.0	0.0	nan	nan	0.0	0.0
7	3	60	0.0	0.0	nan	nan	0.0	0.0
7	3	57	0.0	0.0	nan	nan	0.0	0.0
7	3	54	0.0	0.0	nan	nan	0.0	0.0
7	3	51	0.0	0.0	nan	nan	0.0	0.0
7	3	48	0.0	0.0	nan	nan	0.0	0.0
8	3	117	3.032	0.18	23.355	0.608	1.0	1.0
8	3	114	2.968	0.18	24.032	0.752	1.0	1.0
8	3	111	2.806	0.402	24.548	0.723	1.0	1.0
8	3	108	2.581	0.502	25.258	0.445	1.0	1.0
8	3	105	2.258	0.445	26.129	0.67	1.0	1.0
8	3	102	2.032	0.18	27.097	0.978	1.0	1.0
8	3	99	2.0	0.0	28.161	1.734	1.0	1.0
8	3	96	2.0	0.0	29.516	1.503	1.0	1.0
8	3	93	1.56	0.712	32.821	3.232	0.71	0.903
8	3	90	0.478	0.846	35.857	3.549	0.194	0.452
8	3	87	0.0	0.0	nan	nan	0.0	0.0
8	3	84	0.0	0.0	nan	nan	0.0	0.0
8	3	81	0.0	0.0	nan	nan	0.0	0.0
8	3	78	0.0	0.0	nan	nan	0.0	0.0
8	3	75	0.0	0.0	nan	nan	0.0	0.0
8	3	72	0.0	0.0	nan	nan	0.0	0.0
8	3	69	0.0	0.0	nan	nan	0.0	0.0
8	3	66	0.0	0.0	nan	nan	0.0	0.0
8	3	63	0.0	0.0	nan	nan	0.0	0.0
8	3	60	0.0	0.0	nan	nan	0.0	0.0
8	3	57	0.0	0.0	nan	nan	0.0	0.0
8	3	54	0.0	0.0	nan	nan	0.0	0.0
8	3	51	0.0	0.0	nan	nan	0.0	0.0
8	3	48	0.0	0.0	nan	nan	0.0	0.0
9	3	117	5.258	0.445	22.484	0.508	1.0	1.0
9	3	114	5.065	0.25	22.839	0.688	1.0	1.0
9	3	111	5.0	0.0	23.355	0.551	1.0	1.0
9	3	108	4.903	0.301	23.806	0.654	1.0	1.0
9	3	105	4.548	0.506	24.355	0.551	1.0	1.0
9	3	102	4.194	0.402	24.903	0.539	1.0	1.0
9	3	99	4.0	0.0	25.484	0.724	1.0	1.0
9	3	96	4.032	0.18	26.129	0.619	1.0	1.0
9	3	93	3.968	0.18	27.226	0.92	1.0	1.0
9	3	90	3.484	0.508	27.839	0.898	1.0	1.0
9	3	87	3.29	0.461	29.129	1.088	1.0	1.0
9	3	84	3.0	0.0	30.258	1.125	1.0	1.0
9	3	81	2.871	0.341	32.581	1.478	1.0	1.0
9	3	78	2.29	0.643	34.677	1.62	1.0	1.0
9	3	75	1.548	0.675	37.581	2.778	1.0	1.0
9	3	72	0.71	0.529	39.905	2.914	0.677	0.677
9	3	69	0.0	0.0	nan	nan	0.0	0.0
9	3	66	0.0	0.0	nan	nan	0.0	0.0
9	3	63	0.0	0.0	nan	nan	0.0	0.0
9	3	60	0.0	0.0	nan	nan	0.0	0.0
9	3	57	0.0	0.0	nan	nan	0.0	0.0
9	3	54	0.0	0.0	nan	nan	0.0	0.0
9	3	51	0.0	0.0	nan	nan	0.0	0.0
9	3	48	0.0	0.0	nan	nan	0.0	0.0
10	3	117	5.065	0.359	19.0	0.577	1.0	1.0
10	3	114	5.0	0.0	19.129	0.428	1.0	1.0
10	3	111	4.839	0.374	19.29	0.529	1.0	1.0
10	3	108	4.355	0.486	19.871	0.428	1.0	1.0
10	3	105	4.129	0.341	20.161	0.374	1.0	1.0
10	3	102	4.0	0.0	20.581	0.62	1.0	1.0
10	3	99	4.0	0.0	21.129	0.562	1.0	1.0
10	3	96	3.806	0.402	21.613	0.761	1.0	1.0
10	3	93	3.581	0.502	22.161	0.583	1.0	1.0
10	3	90	3.161	0.374	22.903	0.746	1.0	1.0
10	3	87	3.0	0.0	23.677	0.748	1.0	1.0
10	3	84	3.0	0.0	24.677	0.945	1.0	1.0
10	3	81	2.871	0.341	25.387	1.145	1.0	1.0
10	3	78	2.613	0.495	26.29	1.101	1.0	1.0
10	3	75	2.161	0.374	28.065	1.181	1.0	1.0
10	3	72	2.161	0.374	30.226	1.783	1.0	1.0
10	3	69	1.733	0.45	33.226	3.294	0.968	1.0
10	3	66	0.833	0.648	36.091	2.348	0.677	0.71
10	3	63	0.032	0.18	35.0	0.0	0.032	0.032
10	3	60	0.0	0.0	nan	nan	0.0	0.0
10	3	57	0.0	0.0	nan	nan	0.0	0.0
10	3	54	0.0	0.0	nan	nan	0.0	0.0
10	3	51	0.0	0.0	nan	nan	0.0	0.0
10	3	48	0.0	0.0	nan	nan	0.0	0.0
11	3	117	4.0	0.0	24.452	0.568	1.0	1.0
11	3	114	4.0	0.0	24.742	0.575	1.0	1.0
11	3	111	3.968	0.18	25.419	0.564	1.0	1.0
11	3	108	3.677	0.475	25.903	0.651	1.0	1.0
11	3	105	3.194	0.402	26.548	0.768	1.0	1.0
11	3	102	3.0	0.0	27.29	0.783	1.0	1.0
11	3	99	3.0	0.0	28.097	0.539	1.0	1.0
11	3	96	2.968	0.18	29.258	1.316	1.0	1.0
11	3	93	2.677	0.475	31.032	1.329	1.0	1.0
11	3	90	2.032	0.605	32.645	1.561	1.0	1.0
11	3	87	1.677	0.475	34.161	1.864	1.0	1.0
11	3	84	1.129	0.428	36.7	2.215	0.968	0.968
11	3	81	0.286	0.46	39.545	2.841	0.258	0.355
11	3	78	0.032	0.18	42.0	0.0	0.032	0.032
11	3	75	0.0	0.0	nan	nan	0.0	0.0
11	3	72	0.0	0.0	nan	nan	0.0	0.0
11	3	69	0.0	0.0	nan	nan	0.0	0.0
11	3	66	0.0	0.0	nan	nan	0.0	0.0
11	3	63	0.0	0.0	nan	nan	0.0	0.0
11	3	60	0.0	0.0	nan	nan	0.0	0.0
11	3	57	0.0	0.0	nan	nan	0.0	0.0
11	3	54	0.0	0.0	nan	nan	0.0	0.0
11	3	51	0.0	0.0	nan	nan	0.0	0.0
11	3	48	0.0	0.0	nan	nan	0.0	0.0
12	3	117	2.968	0.18	22.613	0.495	1.0	1.0
12	3	114	2.806	0.402	23.097	0.597	1.0	1.0
12	3	111	2.29	0.461	23.742	0.514	1.0	1.0
12	3	108	2.161	0.374	24.194	0.654	1.0	1.0
12	3	105	2.0	0.0	25.032	0.795	1.0	1.0
12	3	102	2.0	0.0	25.903	1.165	1.0	1.0
12	3	99	1.935	0.25	27.419	0.923	1.0	1.0
12	3	96	1.742	0.445	28.613	1.407	1.0	1.0
12	3	93	1.333	0.679	31.286	3.089	0.774	0.903
12	3	90	0.407	0.636	33.308	3.119	0.29	0.419
12	3	87	0.0	0.0	36.0	0.0	0.0	0.032
12	3	84	0.0	0.0	nan	nan	0.0	0.0
12	3	81	0.0	0.0	nan	nan	0.0	0.0
12	3	78	0.0	0.0	nan	nan	0.0	0.0
12	3	75	0.0	0.0	nan	nan	0.0	0.0
12	3	72	0.0	0.0	nan	nan	0.0	0.0
12	3	69	0.0	0.0	nan	nan	0.0	0.0
12	3	66	0.0	0.0	nan	nan	0.0	0.0
12	3	63	0.0	0.0	nan	nan	0.0	0.0
12	3	60	0.0	0.0	nan	nan	0.0	0.0
12	3	57	0.0	0.0	nan	nan	0.0	0.0
12	3	54	0.0	0.0	nan	nan	0.0	0.0
12	3	51	0.0	0.0	nan	nan	0.0	0.0
12	3	48	0.0	0.0	nan	nan	0.0	0.0
13	3	117	2.032	0.18	23.161	0.638	1.0	1.0
13	3	114	2.0	0.0	23.839	0.688	1.0	1.0
13	3	111	2.0	0.0	24.484	0.851	1.0	1.0
13	3	108	1.935	0.25	25.419	0.886	1.0	1.0
13	3	105	1.613	0.495	26.419	0.886	1.0	1.0
13	3	102	1.226	0.425	27.839	1.734	1.0	1.0
13	3	99	0.903	0.396	30.333	2.019	0.871	0.871
13	3	96	0.194	0.402	30.833	2.639	0.194	0.194
13	3	93	0.032	0.18	33.0	0.0	0.032	0.032
13	3	90	0.0	0.0	nan	nan	0.0	0.0
13	3	87	0.0	0.0	nan	nan	0.0	0.0
13	3	84	0.0	0.0	nan	nan	0.0	0.0
13	3	81	0.0	0.0	nan	nan	0.0	0.0
13	3	78	0.0	0.0	nan	nan	0.0	0.0
13	3	75	0.0	0.0	nan	nan	0.0	0.0
13	3	72	0.0	0.0	nan	nan	0.0	0.0
13	3	69	0.0	0.0	nan	nan	0.0	0.0
13	3	66	0.0	0.0	nan	nan	0.0	0.0
13	3	63	0.0	0.0	nan	nan	0.0	0.0
13	3	60	0.0	0.0	nan	nan	0.0	0.0
13	3	57	0.0	0.0	nan	nan	0.0	0.0
13	3	54	0.0	0.0	nan	nan	0.0	0.0
13	3	51	0.0	0.0	nan	nan	0.0	0.0
13	3	48	0.0	0.0	nan	nan	0.0	0.0
14	3	117	5.0	0.0	20.645	0.486	1.0	1.0
14	3	114	4.935	0.25	21.032	0.18	1.0	1.0
14	3	111	4.516	0.508	21.355	0.486	1.0	1.0
14	3	108	4.194	0.402	21.935	0.814	1.0	1.0
14	3	105	4.0	0.0	22.419	0.564	1.0	1.0
14	3	102	4.0	0.0	22.806	0.654	1.0	1.0
14	3	99	3.935	0.25	23.645	0.551	1.0	1.0
14	3	96	3.774	0.425	24.129	0.499	1.0	1.0
14	3	93	3.226	0.425	24.935	0.68	1.0	1.0
14	3	90	3.097	0.301	25.903	0.7	1.0	1.0
14	3	87	3.0	0.0	26.839	0.898	1.0	1.0
14	3	84	2.968	0.18	28.742	1.712	1.0	1.0
14	3	81	2.935	0.25	29.806	1.352	1.0	1.0
14	3	78	2.226	0.762	32.387	2.246	1.0	1.0
14	3	75	1.516	0.724	34.968	1.941	1.0	1.0
14	3	72	0.967	0.556	38.462	3.501	0.806	0.839
14	3	69	0.129	0.341	43.75	1.708	0.129	0.129
14	3	66	0.0	0.0	nan	nan	0.0	0.0
14	3	63	0.0	0.0	nan	nan	0.0	0.0
14	3	60	0.0	0.0	nan	nan	0.0	0.0
14	3	57	0.0	0.0	nan	nan	0.0	0.0
14	3	54	0.0	0.0	nan	nan	0.0	0.0
14	3	51	0.0	0.0	nan	nan	0.0	0.0
14	3	48	0.0	0.0	nan	nan	0.0	0.0
15	3	117	2.0	0.0	25.581	0.765	1.0	1.0
15	3	114	2.0	0.0	26.323	0.832	1.0	1.0
15	3	111	2.0	0.0	27.194	0.873	1.0	1.0
15	3	108	1.806	0.402	28.452	1.121	1.0	1.0
15	3	105	1.258	0.445	30.129	1.893	1.0	1.0
15	3	102	0.545	0.51	33.619	2.156	0.387	0.677
15	3	99	0.0	0.0	36.0	0.0	0.0	0.032
15	3	96	0.0	0.0	nan	nan	0.0	0.0
15	3	93	0.0	0.0	nan	nan	0.0	0.0
15	3	90	0.0	0.0	nan	nan	0.0	0.0
15	3	87	0.0	0.0	nan	nan	0.0	0.0
15	3	84	0.0	0.0	nan	nan	0.0	0.0
15	3	81	0.0	0.0	nan	nan	0.0	0.0
15	3	78	0.0	0.0	nan	nan	0.0	0.0
15	3	75	0.0	0.0	nan	nan	0.0	0.0
15	3	72	0.0	0.0	nan	nan	0.0	0.0
15	3	69	0.0	0.0	nan	nan	0.0	0.0
15	3	66	0.0	0.0	nan	nan	0.0	0.0
15	3	63	0.0	0.0	nan	nan	0.0	0.0
15	3	60	0.0	0.0	nan	nan	0.0	0.0
15	3	57	0.0	0.0	nan	nan	0.0	0.0
15	3	54	0.0	0.0	nan	nan	0.0	0.0
15	3	51	0.0	0.0	nan	nan	0.0	0.0
15	3	48	0.0	0.0	nan	nan	0.0	0.0
16	3	117	3.968	0.18	19.806	0.402	1.0	1.0
16	3	114	3.742	0.445	20.161	0.454	1.0	1.0
16	3	111	3.484	0.508	20.419	0.564	1.0	1.0
16	3	108	3.226	0.425	20.871	0.619	1.0	1.0
16	3	105	3.0	0.258	21.355	0.551	1.0	1.0
16	3	102	3.0	0.0	21.903	0.651	1.0	1.0
16	3	99	2.935	0.25	22.29	0.643	1.0	1.0
16	3	96	2.581	0.502	23.194	0.873	1.0	1.0
16	3	93	2.323	0.475	23.774	0.617	1.0	1.0
16	3	90	2.097	0.301	24.774	0.762	1.0	1.0
16	3	87	2.0	0.0	25.871	1.088	1.0	1.0
16	3	84	1.968	0.18	26.968	1.378	1.0	1.0
16	3	81	1.839	0.374	29.194	2.386	1.0	1.0
16	3	78	1.04	0.79	33.208	2.949	0.581	0.774
16	3	75	0.071	0.262	34.6	2.074	0.065	0.161
16	3	72	0.0	0.0	nan	nan	0.0	0.0
16	3	69	0.0	0.0	nan	nan	0.0	0.0
16	3	66	0.0	0.0	nan	nan	0.0	0.0
16	3	63	0.0	0.0	nan	nan	0.0	0.0
16	3	60	0.0	0.0	nan	nan	0.0	0.0
16	3	57	0.0	0.0	nan	nan	0.0	0.0
16	3	54	0.0	0.0	nan	nan	0.0	0.0
16	3	51	0.0	0.0	nan	nan	0.0	0.0
16	3	48	0.0	0.0	nan	nan	0.0	0.0
17	3	117	3.0	0.0	20.29	0.461	1.0	1.0
17	3	114	2.968	0.18	20.613	0.558	1.0	1.0
17	3	111	2.935	0.25	21.258	0.631	1.0	1.0
17	3	108	2.839	0.374	21.742	0.682	1.0	1.0
17	3	105	2.387	0.495	22.258	0.575	1.0	1.0
17	3	102	2.097	0.301	23.0	0.775	1.0	1.0
17	3	99	2.0	0.0	23.645	0.608	1.0	1.0
17	3	96	2.0	0.0	24.29	0.824	1.0	1.0
17	3	93	2.0	0.0	25.323	1.447	1.0	1.0
17	3	90	1.645	0.486	27.194	1.537	1.0	1.0
17	3	87	1.258	0.445	28.613	1.838	1.0	1.0
17	3	84	0.448	0.632	31.538	3.573	0.355	0.419
17	3	81	0.129	0.428	32.667	1.155	0.097	0.097
17	3	78	0.0	0.0	nan	nan	0.0	0.0
17	3	75	0.0	0.0	nan	nan	0.0	0.0
17	3	72	0.0	0.0	nan	nan	0.0	0.0
17	3	69	0.0	0.0	nan	nan	0.0	0.0
17	3	66	0.0	0.0	nan	nan	0.0	0.0
17	3	63	0.0	0.0	nan	nan	0.0	0.0
17	3	60	0.0	0.0	nan	nan	0.0	0.0
17	3	57	0.0	0.0	nan	nan	0.0	0.0
17	3	54	0.0	0.0	nan	nan	0.0	0.0
17	3	51	0.0	0.0	nan	nan	0.0	0.0
17	3	48	0.0	0.0	nan	nan	0.0	0.0
18	3	117	2.129	0.341	24.581	0.765	1.0	1.0
18	3	114	2.0	0.0	25.387	0.761	1.0	1.0
18	3	111	2.0	0.0	26.129	0.806	1.0	1.0
18	3	108	2.0	0.0	27.29	0.864	1.0	1.0
18	3	105	1.774	0.497	28.967	1.497	0.968	0.968
18	3	102	1.533	0.571	30.467	1.852	0.935	0.968
18	3	99	0.667	0.679	33.0	2.494	0.484	0.613
18	3	96	0.0	0.0	nan	nan	0.0	0.0
18	3	93	0.032	0.18	32.0	0.0	0.032	0.032
18	3	90	0.0	0.0	nan	nan	0.0	0.0
18	3	87	0.0	0.0	nan	nan	0.0	0.0
18	3	84	0.0	0.0	nan	nan	0.0	0.0
18	3	81	0.0	0.0	nan	nan	0.0	0.0
18	3	78	0.0	0.0	nan	nan	0.0	0.0
18	3	75	0.0	0.0	nan	nan	0.0	0.0
18	3	72	0.0	0.0	nan	nan	0.0	0.0
18	3	69	0.0	0.0	nan	nan	0.0	0.0
18	3	66	0.0	0.0	nan	nan	0.0	0.0
18	3	63	0.0	0.0	nan	nan	0.0	0.0
18	3	60	0.0	0.0	nan	nan	0.0	0.0
18	3	57	0.0	0.0	nan	nan	0.0	0.0
18	3	54	0.0	0.0	nan	nan	0.0	0.0
18	3	51	0.0	0.0	nan	nan	0.0	0.0
18	3	48	0.0	0.0	nan	nan	0.0	0.0
19	3	117	2.0	0.0	25.161	0.735	1.0	1.0
19	3	114	2.0	0.0	25.645	0.755	1.0	1.0
19	3	111	2.0	0.0	26.548	1.028	1.0	1.0
19	3	108	1.839	0.374	28.032	1.354	1.0	1.0
19	3	105	1.567	0.504	29.645	2.184	0.968	1.0
19	3	102	0.958	0.624	32.115	2.889	0.613	0.839
19	3	99	0.111	0.32	34.857	2.673	0.097	0.226
19	3	96	0.032	0.18	34.0	0.0	0.032	0.032
19	3	93	0.0	0.0	nan	nan	0.0	0.0
19	3	90	0.0	0.0	nan	nan	0.0	0.0
19	3	87	0.0	0.0	nan	nan	0.0	0.0
19	3	84	0.0	0.0	nan	nan	0.0	0.0
19	3	81	0.0	0.0	nan	nan	0.0	0.0
19	3	78	0.0	0.0	nan	nan	0.0	0.0
19	3	75	0.0	0.0	nan	nan	0.0	0.0
19	3	72	0.0	0.0	nan	nan	0.0	0.0
19	3	69	0.0	0.0	nan	nan	0.0	0.0
19	3	66	0.0	0.0	nan	nan	0.0	0.0
19	3	63	0.0	0.0	nan	nan	0.0	0.0
19	3	60	0.0	0.0	nan	nan	0.0	0.0
19	3	57	0.0	0.0	nan	nan	0.0	0.0
19	3	54	0.0	0.0	nan	nan	0.0	0.0
19	3	51	0.0	0.0	nan	nan	0.0	0.0
19	3	48	0.0	0.0	nan	nan	0.0	0.0
20	3	117	3.0	0.0	20.355	0.486	1.0	1.0
20	3	114	2.871	0.341	20.774	0.497	1.0	1.0
20	3	111	2.71	0.461	21.194	0.477	1.0	1.0
20	3	108	2.516	0.508	21.548	0.568	1.0	1.0
20	3	105	2.032	0.18	22.0	0.632	1.0	1.0
20	3	102	2.0	0.0	22.29	0.529	1.0	1.0
20	3	99	2.0	0.0	23.387	0.803	1.0	1.0
20	3	96	2.0	0.0	23.613	0.844	1.0	1.0
20	3	93	1.903	0.301	25.129	1.231	1.0	1.0
20	3	90	1.71	0.461	25.935	0.998	1.0	1.0
20	3	87	1.516	0.508	27.355	1.473	1.0	1.0
20	3	84	1.033	0.32	30.1	2.454	0.935	0.968
20	3	81	0.429	0.504	32.467	2.326	0.387	0.484
20	3	78	0.0	0.0	nan	nan	0.0	0.0
20	3	75	0.0	0.0	nan	nan	0.0	0.0
20	3	72	0.0	0.0	nan	nan	0.0	0.0
20	3	69	0.0	0.0	nan	nan	0.0	0.0
20	3	66	0.0	0.0	nan	nan	0.0	0.0
20	3	63	0.0	0.0	nan	nan	0.0	0.0
20	3	60	0.0	0.0	nan	nan	0.0	0.0
20	3	57	0.0	0.0	nan	nan	0.0	0.0
20	3	54	0.0	0.0	nan	nan	0.0	0.0
20	3	51	0.0	0.0	nan	nan	0.0	0.0
20	3	48	0.0	0.0	nan	nan	0.0	0.0
21	3	117	3.806	0.402	20.935	0.574	1.0	1.0
21	3	114	3.29	0.461	21.387	0.615	1.0	1.0
21	3	111	3.097	0.301	21.839	0.735	1.0	1.0
21	3	108	3.065	0.25	22.387	0.715	1.0	1.0
21	3	105	3.0	0.0	22.774	0.617	1.0	1.0
21	3	102	2.903	0.301	23.323	0.748	1.0	1.0
21	3	99	2.774	0.425	24.097	1.076	1.0	1.0
21	3	96	2.516	0.508	24.871	1.088	1.0	1.0
21	3	93	2.161	0.374	25.71	0.973	1.0	1.0
21	3	90	2.0	0.0	26.355	0.877	1.0	1.0
21	3	87	2.032	0.18	27.452	1.179	1.0	1.0
21	3	84	1.903	0.301	30.032	2.089	1.0	1.0
21	3	81	1.481	0.7	33.036	3.249	0.774	0.903
21	3	78	0.88	0.927	34.105	3.125	0.419	0.613
21	3	75	0.067	0.254	38.0	2.646	0.065	0.097
21	3	72	0.0	0.0	nan	nan	0.0	0.0
21	3	69	0.0	0.0	nan	nan	0.0	0.0
21	3	66	0.0	0.0	nan	nan	0.0	0.0
21	3	63	0.0	0.0	nan	nan	0.0	0.0
21	3	60	0.0	0.0	nan	nan	0.0	0.0
21	3	57	0.0	0.0	nan	nan	0.0	0.0
21	3	54	0.0	0.0	nan	nan	0.0	0.0
21	3	51	0.0	0.0	nan	nan	0.0	0.0
21	3	48	0.0	0.0	nan	nan	0.0	0.0
22	3	117	5.806	0.402	20.258	0.575	1.0	1.0
22	3	114	5.516	0.508	20.742	0.514	1.0	1.0
22	3	111	5.065	0.25	21.129	0.341	1.0	1.0
22	3	108	5.0	0.0	21.419	0.62	1.0	1.0
22	3	105	5.032	0.18	21.903	0.597	1.0	1.0
22	3	102	4.774	0.425	22.484	0.508	1.0	1.0
22	3	99	4.355	0.486	23.065	0.574	1.0	1.0
22	3	96	4.0	0.0	23.806	0.703	1.0	1.0
22	3	93	4.0	0.0	24.226	0.762	1.0	1.0
22	3	90	3.742	0.445	25.097	0.651	1.0	1.0
22	3	87	3.419	0.502	25.935	1.063	1.0	1.0
22	3	84	3.065	0.25	27.258	0.855	1.0	1.0
22	3	81	2.968	0.18	28.742	0.999	1.0	1.0
22	3	78	2.935	0.25	29.968	1.494	1.0	1.0
22	3	75	2.613	0.667	32.677	1.956	1.0	1.0
22	3	72	1.774	0.805	35.484	2.839	1.0	1.0
22	3	69	1.032	0.547	38.679	3.772	0.903	0.903
22	3	66	0.267	0.45	41.333	3.202	0.258	0.29
22	3	63	0.0	0.0	nan	nan	0.0	0.0
22	3	60	0.0	0.0	nan	nan	0.0	0.0
22	3	57	0.0	0.0	nan	nan	0.0	0.0
22	3	54	0.0	0.0	nan	nan	0.0	0.0
22	3	51	0.0	0.0	nan	nan	0.0	0.0
22	3	48	0.0	0.0	nan	nan	0.0	0.0
23	3	117	4.935	0.25	21.419	0.502	1.0	1.0
23	3	114	4.774	0.425	21.806	0.477	1.0	1.0
23	3	111	4.387	0.495	22.355	0.709	1.0	1.0
23	3	108	4.032	0.18	22.903	0.473	1.0	1.0
23	3	105	3.968	0.18	23.29	0.693	1.0	1.0
23	3	102	4.0	0.0	23.581	0.564	1.0	1.0
23	3	99	3.806	0.402	24.29	0.693	1.0	1.0
23	3	96	3.387	0.495	25.0	0.775	1.0	1.0
23	3	93	3.161	0.374	25.548	0.624	1.0	1.0
23	3	90	2.968	0.18	26.29	0.693	1.0	1.0
23	3	87	2.968	0.18	27.323	1.045	1.0	1.0
23	3	84	2.71	0.461	28.419	1.311	1.0	1.0
23	3	81	2.484	0.626	30.419	1.501	1.0	1.0
23	3	78	2.097	0.539	31.613	1.667	1.0	1.0
23	3	75	1.419	0.672	34.207	2.077	0.935	0.935
23	3	72	0.828	0.468	37.56	2.873	0.742	0.806
23	3	69	0.032	0.18	36.0	0.0	0.032	0.032
23	3	66	0.0	0.0	nan	nan	0.0	0.0
23	3	63	0.0	0.0	nan	nan	0.0	0.0
23	3	60	0.0	0.0	nan	nan	0.0	0.0
23	3	57	0.0	0.0	nan	nan	0.0	0.0
23	3	54	0.0	0.0	nan	nan	0.0	0.0
23	3	51	0.0	0.0	nan	nan	0.0	0.0
23	3	48	0.0	0.0	nan	nan	0.0	0.0
24	3	117	2.452	0.506	24.387	0.761	1.0	1.0
24	3	114	2.161	0.374	25.419	0.502	1.0	1.0
24	3	111	2.0	0.0	25.742	0.514	1.0	1.0
24	3	108	2.0	0.0	26.71	1.101	1.0	1.0
24	3	105	2.0	0.0	27.645	1.142	1.0	1.0
24	3	102	2.0	0.0	28.774	1.431	1.0	1.0
24	3	99	1.867	0.346	31.129	1.839	0.968	1.0
24	3	96	1.167	0.816	33.52	3.07	0.581	0.806
24	3	93	0.15	0.366	36.357	1.985	0.097	0.452
24	3	90	0.0	0.0	35.0	0.0	0.0	0.032
24	3	87	0.0	0.0	nan	nan	0.0	0.0
24	3	84	0.0	0.0	nan	nan	0.0	0.0
24	3	81	0.0	0.0	nan	nan	0.0	0.0
24	3	78	0.0	0.0	nan	nan	0.0	0.0
24	3	75	0.0	0.0	nan	nan	0.0	0.0
24	3	72	0.0	0.0	nan	nan	0.0	0.0
24	3	69	0.0	0.0	nan	nan	0.0	0.0
24	3	66	0.0	0.0	nan	nan	0.0	0.0
24	3	63	0.0	0.0	nan	nan	0.0	0.0
24	3	60	0.0	0.0	nan	nan	0.0	0.0
24	3	57	0.0	0.0	nan	nan	0.0	0.0
24	3	54	0.0	0.0	nan	nan	0.0	0.0
24	3	51	0.0	0.0	nan	nan	0.0	0.0
24	3	48	0.0	0.0	nan	nan	0.0	0.0
25	3	117	2.0	0.0	25.677	0.748	1.0	1.0
25	3	114	1.968	0.18	25.935	0.68	1.0	1.0
25	3	111	1.903	0.301	26.968	1.941	1.0	1.0
25	3	108	1.645	0.551	28.167	2.479	0.968	0.968
25	3	105	1.379	0.494	30.419	2.013	0.935	1.0
25	3	102	0.769	0.514	32.125	2.271	0.613	0.774
25	3	99	0.138	0.351	33.833	1.722	0.129	0.194
25	3	96	0.0	0.0	nan	nan	0.0	0.0
25	3	93	0.0	0.0	nan	nan	0.0	0.0
25	3	90	0.0	0.0	nan	nan	0.0	0.0
25	3	87	0.0	0.0	nan	nan	0.0	0.0
25	3	84	0.0	0.0	nan	nan	0.0	0.0
25	3	81	0.0	0.0	nan	nan	0.0	0.0
25	3	78	0.0	0.0	nan	nan	0.0	0.0
25	3	75	0.0	0.0	nan	nan	0.0	0.0
25	3	72	0.0	0.0	nan	nan	0.0	0.0
25	3	69	0.0	0.0	nan	nan	0.0	0.0
25	3	66	0.0	0.0	nan	nan	0.0	0.0
25	3	63	0.0	0.0	nan	nan	0.0	0.0
25	3	60	0.0	0.0	nan	nan	0.0	0.0
25	3	57	0.0	0.0	nan	nan	0.0	0.0
25	3	54	0.0	0.0	nan	nan	0.0	0.0
25	3	51	0.0	0.0	nan	nan	0.0	0.0
25	3	48	0.0	0.0	nan	nan	0.0	0.0
26	3	117	2.613	0.495	23.387	0.558	1.0	1.0
26	3	114	2.323	0.475	23.774	0.56	1.0	1.0
26	3	111	2.097	0.301	24.258	0.773	1.0	1.0
26	3	108	2.032	0.18	24.742	0.729	1.0	1.0
26	3	105	2.0	0.0	25.968	0.836	1.0	1.0
26	3	102	1.903	0.301	27.194	1.493	1.0	1.0
26	3	99	1.867	0.346	28.839	2.002	0.968	1.0
26	3	96	1.667	0.479	30.323	2.508	0.968	1.0
26	3	93	0.957	0.767	33.042	2.662	0.516	0.774
26	3	90	0.107	0.416	36.0	4.301	0.065	0.161
26	3	87	0.0	0.0	nan	nan	0.0	0.0
26	3	84	0.0	0.0	nan	nan	0.0	0.0
26	3	81	0.0	0.0	nan	nan	0.0	0.0
26	3	78	0.0	0.0	nan	nan	0.0	0.0
26	3	75	0.0	0.0	nan	nan	0.0	0.0
26	3	72	0.0	0.0	nan	nan	0.0	0.0
26	3	69	0.0	0.0	nan	nan	0.0	0.0
26	3	66	0.0	0.0	nan	nan	0.0	0.0
26	3	63	0.0	0.0	nan	nan	0.0	0.0
26	3	60	0.0	0.0	nan	nan	0.0	0.0
26	3	57	0.0	0.0	nan	nan	0.0	0.0
26	3	54	0.0	0.0	nan	nan	0.0	0.0
26	3	51	0.0	0.0	nan	nan	0.0	0.0
26	3	48	0.0	0.0	nan	nan	0.0	0.0
27	3	117	3.71	0.461	20.677	0.541	1.0	1.0
27	3	114	3.452	0.506	21.065	0.512	1.0	1.0
27	3	111	3.097	0.301	21.484	0.57	1.0	1.0
27	3	108	3.0	0.0	21.871	0.562	1.0	1.0
27	3	105	2.935	0.25	22.323	0.541	1.0	1.0
27	3	102	2.871	0.341	22.677	0.702	1.0	1.0
27	3	99	2.613	0.495	23.548	0.675	1.0	1.0
27	3	96	2.194	0.402	24.419	0.992	1.0	1.0
27	3	93	2.032	0.18	25.581	0.923	1.0	1.0
27	3	90	1.968	0.18	26.645	1.305	1.0	1.0
27	3	87	1.839	0.374	27.871	1.91	1.0	1.0
27	3	84	1.133	0.776	30.0	1.842	0.742	0.774
27	3	81	0.84	0.85	33.0	2.92	0.452	0.645
27	3	78	0.067	0.254	34.0	3.606	0.065	0.097
27	3	75	0.0	0.0	nan	nan	0.0	0.0
27	3	72	0.0	0.0	nan	nan	0.0	0.0
27	3	69	0.0	0.0	nan	nan	0.0	0.0
27	3	66	0.0	0.0	nan	nan	0.0	0.0
27	3	63	0.0	0.0	nan	nan	0.0	0.0
27	3	60	0.0	0.0	nan	nan	0.0	0.0
27	3	57	0.0	0.0	nan	nan	0.0	0.0
27	3	54	0.0	0.0	nan	nan	0.0	0.0
27	3	51	0.0	0.0	nan	nan	0.0	0.0
27	3	48	0.0	0.0	nan	nan	0.0	0.0
28	3	117	5.161	0.374	20.161	0.454	1.0	1.0
28	3	114	4.968	0.18	20.484	0.57	1.0	1.0
28	3	111	5.0	0.0	20.903	0.473	1.0	1.0
28	3	108	4.968	0.18	21.452	0.568	1.0	1.0
28	3	105	4.355	0.486	21.742	0.682	1.0	1.0
28	3	102	4.097	0.396	22.452	0.624	1.0	1.0
28	3	99	4.0	0.0	22.806	0.654	1.0	1.0
28	3	96	4.0	0.258	23.419	0.807	1.0	1.0
28	3	93	3.935	0.25	24.194	0.654	1.0	1.0
28	3	90	3.645	0.486	24.742	0.893	1.0	1.0
28	3	87	3.129	0.428	26.032	2.025	1.0	1.0
28	3	84	3.0	0.0	27.065	0.964	1.0	1.0
28	3	81	3.0	0.0	28.032	1.016	1.0	1.0
28	3	78	2.742	0.575	30.452	2.03	1.0	1.0
28	3	75	2.29	0.693	32.903	1.64	1.0	1.0
28	3	72	1.355	0.608	36.032	2.456	1.0	1.0
28	3	69	0.759	0.511	39.913	3.37	0.677	0.742
28	3	66	0.032	0.18	39.0	0.0	0.032	0.032
28	3	63	0.0	0.0	nan	nan	0.0	0.0
28	3	60	0.0	0.0	nan	nan	0.0	0.0
28	3	57	0.0	0.0	nan	nan	0.0	0.0
28	3	54	0.0	0.0	nan	nan	0.0	0.0
28	3	51	0.0	0.0	nan	nan	0.0	0.0
28	3	48	0.0	0.0	nan	nan	0.0	0.0
29	3	117	5.29	0.461	19.194	0.477	1.0	1.0
29	3	114	4.968	0.18	19.419	0.564	1.0	1.0
29	3	111	4.968	0.18	19.71	0.461	1.0	1.0
29	3	108	4.806	0.402	20.097	0.539	1.0	1.0
29	3	105	4.516	0.508	20.774	0.56	1.0	1.0
29	3	102	4.355	0.486	20.935	0.512	1.0	1.0
29	3	99	4.0	0.0	21.548	0.506	1.0	1.0
29	3	96	4.0	0.0	21.903	0.597	1.0	1.0
29	3	93	3.742	0.445	22.548	0.768	1.0	1.0
29	3	90	3.355	0.486	23.419	0.848	1.0	1.0
29	3	87	3.129	0.341	23.806	0.792	1.0	1.0
29	3	84	3.032	0.18	24.968	0.948	1.0	1.0
29	3	81	2.968	0.18	26.258	1.21	1.0	1.0
29	3	78	2.71	0.461	27.29	1.395	1.0	1.0
29	3	75	2.258	0.445	29.0	1.549	1.0	1.0
29	3	72	1.774	0.497	32.677	3.249	1.0	1.0
29	3	69	1.548	0.568	33.9	2.94	0.968	0.968
29	3	66	0.655	0.67	37.0	3.581	0.516	0.581
29	3	63	0.0	0.0	nan	nan	0.0	0.0
29	3	60	0.0	0.0	nan	nan	0.0	0.0
29	3	57	0.0	0.0	nan	nan	0.0	0.0
29	3	54	0.0	0.0	nan	nan	0.0	0.0
29	3	51	0.0	0.0	nan	nan	0.0	0.0
29	3	48	0.0	0.0	nan	nan	0.0	0.0
30	3	117	2.0	0.0	25.226	0.92	1.0	1.0
30	3	114	2.0	0.0	26.226	0.884	1.0	1.0
30	3	111	1.968	0.18	26.839	1.003	1.0	1.0
30	3	108	1.806	0.402	28.581	1.523	1.0	1.0
30	3	105	1.31	0.604	30.31	2.123	0.871	0.935
30	3	102	0.6	0.764	33.0	2.622	0.355	0.548
30	3	99	0.071	0.262	34.2	1.304	0.065	0.161
30	3	96	0.0	0.0	nan	nan	0.0	0.0
30	3	93	0.0	0.0	nan	nan	0.0	0.0
30	3	90	0.0	0.0	nan	nan	0.0	0.0
30	3	87	0.0	0.0	nan	nan	0.0	0.0
30	3	84	0.0	0.0	nan	nan	0.0	0.0
30	3	81	0.0	0.0	nan	nan	0.0	0.0
30	3	78	0.0	0.0	nan	nan	0.0	0.0
30	3	75	0.0	0.0	nan	nan	0.0	0.0
30	3	72	0.0	0.0	nan	nan	0.0	0.0
30	3	69	0.0	0.0	nan	nan	0.0	0.0
30	3	66	0.0	0.0	nan	nan	0.0	0.0
30	3	63	0.0	0.0	nan	nan	0.0	0.0
30	3	60	0.0	0.0	nan	nan	0.0	0.0
30	3	57	0.0	0.0	nan	nan	0.0	0.0
30	3	54	0.0	0.0	nan	nan	0.0	0.0
30	3	51	0.0	0.0	nan	nan	0.0	0.0
30	3	48	0.0	0.0	nan	nan	0.0	0.0
31	3	117	3.0	0.0	20.129	0.562	1.0	1.0
31	3	114	3.0	0.0	20.581	0.502	1.0	1.0
31	3	111	2.839	0.374	21.161	0.523	1.0	1.0
31	3	108	2.387	0.495	21.581	0.72	1.0	1.0
31	3	105	2.065	0.25	21.968	0.706	1.0	1.0
31	3	102	2.0	0.0	22.742	0.682	1.0	1.0
31	3	99	2.0	0.0	23.742	1.094	1.0	1.0
31	3	96	1.871	0.341	24.677	1.077	1.0	1.0
31	3	93	1.742	0.445	25.71	1.296	1.0	1.0
31	3	90	1.167	0.461	28.133	3.014	0.935	0.968
31	3	87	0.448	0.506	30.533	2.825	0.419	0.484
31	3	84	0.065	0.25	31.5	3.536	0.065	0.065
31	3	81	0.0	0.0	nan	nan	0.0	0.0
31	3	78	0.0	0.0	nan	nan	0.0	0.0
31	3	75	0.0	0.0	nan	nan	0.0	0.0
31	3	72	0.0	0.0	nan	nan	0.0	0.0
31	3	69	0.0	0.0	nan	nan	0.0	0.0
31	3	66	0.0	0.0	nan	nan	0.0	0.0
31	3	63	0.0	0.0	nan	nan	0.0	0.0
31	3	60	0.0	0.0	nan	nan	0.0	0.0
31	3	57	0.0	0.0	nan	nan	0.0	0.0
31	3	54	0.0	0.0	nan	nan	0.0	0.0
31	3	51	0.0	0.0	nan	nan	0.0	0.0
31	3	48	0.0	0.0	nan	nan	0.0	0.0
0	4	117	4.0	0.0	19.548	0.568	1.0	1.0
0	4	114	3.968	0.315	19.806	0.477	1.0	1.0
0	4	111	3.645	0.486	20.065	0.442	1.0	1.0
0	4	108	3.258	0.445	20.516	0.508	1.0	1.0
0	4	105	3.065	0.25	21.065	0.574	1.0	1.0
0	4	102	3.0	0.0	21.419	0.502	1.0	1.0
0	4	99	3.0	0.0	21.903	0.831	1.0	1.0
0	4	96	3.0	0.0	22.613	0.615	1.0	1.0
0	4	93	2.968	0.18	23.516	0.677	1.0	1.0
0	4	90	2.774	0.425	24.065	0.814	1.0	1.0
0	4	87	2.258	0.445	24.968	1.016	1.0	1.0
0	4	84	2.161	0.374	26.097	0.978	1.0	1.0
0	4	81	2.0	0.258	28.161	2.368	1.0	1.0
0	4	78	1.967	0.183	31.323	2.257	0.968	1.0
0	4	75	1.567	0.568	34.167	3.249	0.935	0.968
0	4	72	0.76	0.723	37.238	3.032	0.484	0.677
0	4	69	0.0	0.0	53.0	0.0	0.0	0.032
0	4	66	0.0	0.0	nan	nan	0.0	0.0
0	4	63	0.0	0.0	nan	nan	0.0	0.0
0	4	60	0.0	0.0	nan	nan	0.0	0.0
0	4	57	0.0	0.0	nan	nan	0.0	0.0
0	4	54	0.0	0.0	nan	nan	0.0	0.0
0	4	51	0.0	0.0	nan	nan	0.0	0.0
0	4	48	0.0	0.0	nan	nan	0.0	0.0
1	4	117	3.613	0.495	21.194	0.543	1.0	1.0
1	4	114	3.29	0.461	21.774	0.56	1.0	1.0
1	4	111	3.032	0.18	22.129	0.619	1.0	1.0
1	4	108	3.0	0.0	22.613	0.955	1.0	1.0
1	4	105	2.968	0.18	23.032	0.795	1.0	1.0
1	4	102	3.0	0.0	23.677	0.702	1.0	1.0
1	4	99	2.903	0.301	24.419	0.672	1.0	1.0
1	4	96	2.613	0.495	24.968	0.752	1.0	1.0
1	4	93	2.129	0.341	25.548	1.028	1.0	1.0
1	4	90	2.097	0.301	26.742	0.965	1.0	1.0
1	4	87	2.0	0.0	28.355	1.279	1.0	1.0
1	4	84	1.935	0.25	30.065	2.22	1.0	1.0
1	4	81	1.786	0.499	32.1	2.074	0.871	0.968
1	4	78	0.95	0.826	35.458	2.859	0.419	0.774
1	4	75	0.0	0.0	39.667	2.309	0.0	0.097
1	4	72	0.0	0.0	nan	nan	0.0	0.0
1	4	69	0.0	0.0	nan	nan	0.0	0.0
1	4	66	0.0	0.0	nan	nan	0.0	0.0
1	4	63	0.0	0.0	nan	nan	0.0	0.0
1	4	60	0.0	0.0	nan	nan	0.0	0.0
1	4	57	0.0	0.0	nan	nan	0.0	0.0
1	4	54	0.0	0.0	nan	nan	0.0	0.0
1	4	51	0.0	0.0	nan	nan	0.0	0.0
1	4	48	0.0	0.0	nan	nan	0.0	0.0
2	4	117	2.0	0.0	21.226	0.56	1.0	1.0
2	4	114	2.0	0.0	21.645	0.486	1.0	1.0
2	4	111	2.0	0.0	22.129	0.619	1.0	1.0
2	4	108	2.0	0.0	22.839	0.583	1.0	1.0
2	4	105	1.935	0.25	23.774	0.92	1.0	1.0
2	4	102	1.581	0.502	24.452	1.121	1.0	1.0
2	4	99	1.29	0.461	25.516	1.387	1.0	1.0
2	4	96	1.097	0.396	26.833	1.783	0.968	0.968
2	4	93	0.71	0.461	28.955	1.812	0.71	0.71
2	4	90	0.161	0.374	30.0	2.345	0.161	0.161
2	4	87	0.0	0.0	nan	nan	0.0	0.0
2	4	84	0.0	0.0	nan	nan	0.0	0.0
2	4	81	0.0	0.0	nan	nan	0.0	0.0
2	4	78	0.0	0.0	nan	nan	0.0	0.0
2	4	75	0.0	0.0	nan	nan	0.0	0.0
2	4	72	0.0	0.0	nan	nan	0.0	0.0
2	4	69	0.0	0.0	nan	nan	0.0	0.0
2	4	66	0.0	0.0	nan	nan	0.0	0.0
2	4	63	0.0	0.0	nan	nan	0.0	0.0
2	4	60	0.0	0.0	nan	nan	0.0	0.0
2	4	57	0.0	0.0	nan	nan	0.0	0.0
2	4	54	0.0	0.0	nan	nan	0.0	0.0
2	4	51	0.0	0.0	nan	nan	0.0	0.0
2	4	48	0.0	0.0	nan	nan	0.0	0.0
3	4	117	3.581	0.502	19.452	0.506	1.0	1.0
3	4	114	3.355	0.486	19.774	0.425	1.0	1.0
3	4	111	3.194	0.402	20.323	0.653	1.0	1.0
3	4	108	3.032	0.18	20.452	0.506	1.0	1.0
3	4	105	3.0	0.0	20.871	0.499	1.0	1.0
3	4	102	3.0	0.0	21.484	0.724	1.0	1.0
3	4	99	3.0	0.0	21.871	0.718	1.0	1.0
3	4	96	2.71	0.461	22.774	0.956	1.0	1.0
3	4	93	2.194	0.402	23.29	0.938	1.0	1.0
3	4	90	2.161	0.374	24.129	0.846	1.0	1.0
3	4	87	2.0	0.0	25.323	1.013	1.0	1.0
3	4	84	2.0	0.0	26.065	0.814	1.0	1.0
3	4	81	2.0	0.0	27.806	1.579	1.0	1.0
3	4	78	1.828	0.468	29.8	2.605	0.903	0.968
3	4	75	1.286	0.854	32.75	2.09	0.677	0.774
3	4	72	0.12	0.332	35.444	3.358	0.097	0.29
3	4	69	0.0	0.0	nan	nan	0.0	0.0
3	4	66	0.0	0.0	nan	nan	0.0	0.0
3	4	63	0.0	0.0	nan	nan	0.0	0.0
3	4	60	0.0	0.0	nan	nan	0.0	0.0
3	4	57	0.0	0.0	nan	nan	0.0	0.0
3	4	54	0.0	0.0	nan	nan	0.0	0.0
3	4	51	0.0	0.0	nan	nan	0.0	0.0
3	4	48	0.0	0.0	nan	nan	0.0	0.0
4	4	117	5.0	0.0	19.871	0.499	1.0	1.0
4	4	114	5.0	0.0	20.194	0.477	1.0	1.0
4	4	111	4.903	0.301	20.516	0.57	1.0	1.0
4	4	108	4.677	0.475	20.935	0.512	1.0	1.0
4	4	105	4.194	0.402	21.355	0.551	1.0	1.0
4	4	102	4.0	0.0	21.968	0.605	1.0	1.0
4	4	99	4.0	0.0	22.387	0.715	1.0	1.0
4	4	96	4.0	0.0	22.903	0.746	1.0	1.0
4	4	93	3.806	0.402	23.548	0.675	1.0	1.0
4	4	90	3.258	0.445	24.194	0.477	1.0	1.0
4	4	87	3.032	0.18	25.097	0.908	1.0	1.0
4	4	84	3.0	0.0	26.129	0.806	1.0	1.0
4	4	81	3.0	0.0	27.129	1.024	1.0	1.0
4	4	78	2.839	0.374	28.839	1.44	1.0	1.0
4	4	75	2.387	0.495	30.742	1.751	1.0	1.0
4	4	72	1.903	0.597	33.065	2.828	1.0	1.0
4	4	69	1.133	0.507	36.138	2.642	0.903	0.935
4	4	66	0.433	0.568	39.077	3.378	0.387	0.419
4	4	63	0.0	0.0	nan	nan	0.0	0.0
4	4	60	0.0	0.0	nan	nan	0.0	0.0
4	4	57	0.0	0.0	nan	nan	0.0	0.0
4	4	54	0.0	0.0	nan	nan	0.0	0.0
4	4	51	0.0	0.0	nan	nan	0.0	0.0
4	4	48	0.0	0.0	nan	nan	0.0	0.0
5	4	117	3.968	0.18	22.097	0.539	1.0	1.0
5	4	114	3.839	0.374	22.419	0.502	1.0	1.0
5	4	111	3.71	0.461	22.903	0.539	1.0	1.0
5	4	108	3.258	0.445	23.516	0.677	1.0	1.0
5	4	105	3.032	0.18	23.774	0.56	1.0	1.0
5	4	102	3.032	0.18	24.387	0.667	1.0	1.0
5	4	99	2.968	0.18	25.161	0.583	1.0	1.0
5	4	96	2.968	0.18	26.0	0.816	1.0	1.0
5	4	93	2.645	0.486	26.839	0.898	1.0	1.0
5	4	90	2.258	0.445	28.0	1.155	1.0	1.0
5	4	87	2.097	0.301	29.161	1.319	1.0	1.0
5	4	84	1.867	0.434	32.167	1.967	0.935	0.968
5	4	81	1.231	0.652	34.964	2.151	0.742	0.903
5	4	78	0.273	0.55	37.429	2.174	0.161	0.452
5	4	75	0.033	0.183	38.5	3.536	0.032	0.065
5	4	72	0.0	0.0	nan	nan	0.0	0.0
5	4	69	0.0	0.0	nan	nan	0.0	0.0
5	4	66	0.0	0.0	nan	nan	0.0	0.0
5	4	63	0.0	0.0	nan	nan	0.0	0.0
5	4	60	0.0	0.0	nan	nan	0.0	0.0
5	4	57	0.0	0.0	nan	nan	0.0	0.0
5	4	54	0.0	0.0	nan	nan	0.0	0.0
5	4	51	0.0	0.0	nan	nan	0.0	0.0
5	4	48	0.0	0.0	nan	nan	0.0	0.0
6	4	117	3.839	0.374	23.613	0.615	1.0	1.0
6	4	114	3.742	0.445	24.29	0.643	1.0	1.0
6	4	111	3.258	0.445	25.065	0.727	1.0	1.0
6	4	108	3.097	0.301	25.484	1.029	1.0	1.0
6	4	105	3.097	0.301	26.065	0.629	1.0	1.0
6	4	102	2.968	0.315	26.968	1.14	1.0	1.0
6	4	99	2.613	0.495	28.516	1.18	1.0	1.0
6	4	96	2.355	0.486	29.355	1.723	1.0	1.0
6	4	93	2.0	0.525	31.032	2.763	0.968	1.0
6	4	90	1.1	0.803	34.348	3.185	0.71	0.742
6	4	87	0.483	0.738	36.25	2.527	0.323	0.387
6	4	84	0.069	0.371	39.0	4.583	0.032	0.097
6	4	81	0.0	0.0	43.0	0.0	0.0	0.032
6	4	78	0.0	0.0	nan	nan	0.0	0.0
6	4	75	0.0	0.0	nan	nan	0.0	0.0
6	4	72	0.0	0.0	nan	nan	0.0	0.0
6	4	69	0.0	0.0	nan	nan	0.0	0.0
6	4	66	0.0	0.0	nan	nan	0.0	0.0
6	4	63	0.0	0.0	nan	nan	0.0	0.0
6	4	60	0.0	0.0	nan	nan	0.0	0.0
6	4	57	0.0	0.0	nan	nan	0.0	0.0
6	4	54	0.0	0.0	nan	nan	0.0	0.0
6	4	51	0.0	0.0	nan	nan	0.0	0.0
6	4	48	0.0	0.0	nan	nan	0.0	0.0
7	4	117	3.129	0.341	20.516	0.57	1.0	1.0
7	4	114	3.0	0.0	21.0	0.516	1.0	1.0
7	4	111	3.0	0.0	21.581	0.564	1.0	1.0
7	4	108	2.968	0.18	22.065	0.629	1.0	1.0
7	4	105	2.935	0.25	22.323	0.653	1.0	1.0
7	4	102	2.774	0.425	22.903	0.746	1.0	1.0
7	4	99	2.419	0.502	23.677	0.748	1.0	1.0
7	4	96	2.097	0.301	24.226	0.805	1.0	1.0
7	4	93	2.0	0.0	24.839	0.779	1.0	1.0
7	4	90	1.968	0.18	26.065	1.153	1.0	1.0
7	4	87	1.935	0.25	27.419	1.544	1.0	1.0
7	4	84	1.6	0.498	29.161	2.051	0.968	1.0
7	4	81	0.958	0.751	33.0	2.106	0.548	0.774
7	4	78	0.172	0.468	34.0	1.265	0.129	0.194
7	4	75	0.0	0.0	nan	nan	0.0	0.0
7	4	72	0.0	0.0	nan	nan	0.0	0.0
7	4	69	0.0	0.0	nan	nan	0.0	0.0
7	4	66	0.0	0.0	nan	nan	0.0	0.0
7	4	63	0.0	0.0	nan	nan	0.0	0.0
7	4	60	0.0	0.0	nan	nan	0.0	0.0
7	4	57	0.0	0.0	nan	nan	0.0	0.0
7	4	54	0.0	0.0	nan	nan	0.0	0.0
7	4	51	0.0	0.0	nan	nan	0.0	0.0
7	4	48	0.0	0.0	nan	nan	0.0	0.0
8	4	117	4.968	0.18	22.0	0.516	1.0	1.0
8	4	114	4.677	0.475	22.419	0.564	1.0	1.0
8	4	111	4.29	0.461	22.871	0.499	1.0	1.0
8	4	108	4.0	0.258	23.516	0.626	1.0	1.0
8	4	105	3.968	0.18	23.903	0.539	1.0	1.0
8	4	102	3.903	0.301	24.581	0.72	1.0	1.0
8	4	99	3.548	0.506	25.032	0.752	1.0	1.0
8	4	96	3.29	0.461	25.581	0.807	1.0	1.0
8	4	93	3.032	0.18	26.613	0.761	1.0	1.0
8	4	90	3.0	0.0	27.323	1.137	1.0	1.0
8	4	87	2.839	0.374	28.484	1.208	1.0	1.0
8	4	84	2.419	0.62	29.935	1.806	1.0	1.0
8	4	81	2.065	0.629	31.968	2.228	1.0	1.0
8	4	78	1.29	0.864	34.5	2.565	0.839	0.839
8	4	75	0.63	0.565	37.25	2.074	0.516	0.645
8	4	72	0.032	0.18	37.0	0.0	0.032	0.032
8	4	69	0.0	0.0	nan	nan	0.0	0.0
8	4	66	0.0	0.0	nan	nan	0.0	0.0
8	4	63	0.0	0.0	nan	nan	0.0	0.0
8	4	60	0.0	0.0	nan	nan	0.0	0.0
8	4	57	0.0	0.0	nan	nan	0.0	0.0
8	4	54	0.0	0.0	nan	nan	0.0	0.0
8	4	51	0.0	0.0	nan	nan	0.0	0.0
8	4	48	0.0	0.0	nan	nan	0.0	0.0
9	4	117	2.871	0.341	21.323	0.541	1.0	1.0
9	4	114	2.355	0.486	21.839	0.638	1.0	1.0
9	4	111	2.29	0.461	22.29	0.588	1.0	1.0
9	4	108	2.0	0.0	22.806	0.654	1.0	1.0
9	4	105	2.032	0.18	23.419	0.72	1.0	1.0
9	4	102	2.0	0.0	24.161	0.454	1.0	1.0
9	4	99	1.968	0.18	24.742	0.729	1.0	1.0
9	4	96	1.968	0.18	25.613	0.761	1.0	1.0
9	4	93	1.452	0.506	27.29	1.27	1.0	1.0
9	4	90	1.194	0.477	28.533	1.358	0.968	0.968
9	4	87	0.714	0.46	31.304	2.401	0.645	0.742
9	4	84	0.233	0.43	31.75	2.712	0.226	0.258
9	4	81	0.0	0.0	nan	nan	0.0	0.0
9	4	78	0.0	0.0	nan	nan	0.0	0.0
9	4	75	0.0	0.0	nan	nan	0.0	0.0
9	4	72	0.0	0.0	nan	nan	0.0	0.0
9	4	69	0.0	0.0	nan	nan	0.0	0.0
9	4	66	0.0	0.0	nan	nan	0.0	0.0
9	4	63	0.0	0.0	nan	nan	0.0	0.0
9	4	60	0.0	0.0	nan	nan	0.0	0.0
9	4	57	0.0	0.0	nan	nan	0.0	0.0
9	4	54	0.0	0.0	nan	nan	0.0	0.0
9	4	51	0.0	0.0	nan	nan	0.0	0.0
9	4	48	0.0	0.0	nan	nan	0.0	0.0
10	4	117	2.0	0.0	21.71	0.461	1.0	1.0
10	4	114	2.0	0.0	21.968	0.547	1.0	1.0
10	4	111	2.0	0.0	22.71	0.693	1.0	1.0
10	4	108	2.0	0.0	23.387	0.495	1.0	1.0
10	4	105	1.935	0.25	24.129	0.806	1.0	1.0
10	4	102	1.581	0.502	24.968	0.752	1.0	1.0
10	4	99	1.129	0.341	25.839	1.128	1.0	1.0
10	4	96	1.065	0.25	27.774	1.857	1.0	1.0
10	4	93	0.414	0.501	31.286	2.867	0.387	0.452
10	4	90	0.032	0.18	31.0	0.0	0.032	0.032
10	4	87	0.0	0.0	nan	nan	0.0	0.0
10	4	84	0.0	0.0	nan	nan	0.0	0.0
10	4	81	0.0	0.0	nan	nan	0.0	0.0
10	4	78	0.0	0.0	nan	nan	0.0	0.0
10	4	75	0.0	0.0	nan	nan	0.0	0.0
10	4	72	0.0	0.0	nan	nan	0.0	0.0
10	4	69	0.0	0.0	nan	nan	0.0	0.0
10	4	66	0.0	0.0	nan	nan	0.0	0.0
10	4	63	0.0	0.0	nan	nan	0.0	0.0
10	4	60	0.0	0.0	nan	nan	0.0	0.0
10	4	57	0.0	0.0	nan	nan	0.0	0.0
10	4	54	0.0	0.0	nan	nan	0.0	0.0
10	4	51	0.0	0.0	nan	nan	0.0	0.0
10	4	48	0.0	0.0	nan	nan	0.0	0.0
11	4	117	2.968	0.18	21.645	0.608	1.0	1.0
11	4	114	3.0	0.0	22.194	0.477	1.0	1.0
11	4	111	2.71	0.461	22.581	0.564	1.0	1.0
11	4	108	2.355	0.486	23.097	0.7	1.0	1.0
11	4	105	2.161	0.374	23.935	0.814	1.0	1.0
11	4	102	2.097	0.301	24.258	0.682	1.0	1.0
11	4	99	1.968	0.18	25.194	0.833	1.0	1.0
11	4	96	2.0	0.0	26.194	0.946	1.0	1.0
11	4	93	1.871	0.341	27.387	1.174	1.0	1.0
11	4	90	1.5	0.509	29.742	2.113	0.968	1.0
11	4	87	1.111	0.751	31.32	2.704	0.677	0.806
11	4	84	0.077	0.392	36.5	2.95	0.032	0.194
11	4	81	0.0	0.0	nan	nan	0.0	0.0
11	4	78	0.0	0.0	nan	nan	0.0	0.0
11	4	75	0.0	0.0	nan	nan	0.0	0.0
11	4	72	0.0	0.0	nan	nan	0.0	0.0
11	4	69	0.0	0.0	nan	nan	0.0	0.0
11	4	66	0.0	0.0	nan	nan	0.0	0.0
11	4	63	0.0	0.0	nan	nan	0.0	0.0
11	4	60	0.0	0.0	nan	nan	0.0	0.0
11	4	57	0.0	0.0	nan	nan	0.0	0.0
11	4	54	0.0	0.0	nan	nan	0.0	0.0
11	4	51	0.0	0.0	nan	nan	0.0	0.0
11	4	48	0.0	0.0	nan	nan	0.0	0.0
12	4	117	3.0	0.0	27.613	0.715	1.0	1.0
12	4	114	3.0	0.0	28.548	0.85	1.0	1.0
12	4	111	2.968	0.18	29.419	1.089	1.0	1.0
12	4	108	2.516	0.57	30.742	1.632	1.0	1.0
12	4	105	2.065	0.512	31.935	1.289	1.0	1.0
12	4	102	1.677	0.475	33.548	1.338	1.0	1.0
12	4	99	1.129	0.341	35.806	1.424	1.0	1.0
12	4	96	0.839	0.454	37.96	2.15	0.806	0.806
12	4	93	0.133	0.346	40.4	2.793	0.129	0.161
12	4	90	0.0	0.0	nan	nan	0.0	0.0
12	4	87	0.0	0.0	nan	nan	0.0	0.0
12	4	84	0.0	0.0	nan	nan	0.0	0.0
12	4	81	0.0	0.0	nan	nan	0.0	0.0
12	4	78	0.0	0.0	nan	nan	0.0	0.0
12	4	75	0.0	0.0	nan	nan	0.0	0.0
12	4	72	0.0	0.0	nan	nan	0.0	0.0
12	4	69	0.0	0.0	nan	nan	0.0	0.0
12	4	66	0.0	0.0	nan	nan	0.0	0.0
12	4	63	0.0	0.0	nan	nan	0.0	0.0
12	4	60	0.0	0.0	nan	nan	0.0	0.0
12	4	57	0.0	0.0	nan	nan	0.0	0.0
12	4	54	0.0	0.0	nan	nan	0.0	0.0
12	4	51	0.0	0.0	nan	nan	0.0	0.0
12	4	48	0.0	0.0	nan	nan	0.0	0.0
13	4	117	2.774	0.425	23.387	0.615	1.0	1.0
13	4	114	2.484	0.508	23.677	0.653	1.0	1.0
13	4	111	2.032	0.18	24.613	0.715	1.0	1.0
13	4	108	2.0	0.0	24.839	0.638	1.0	1.0
13	4	105	2.0	0.0	25.71	0.783	1.0	1.0
13	4	102	2.0	0.0	26.645	0.755	1.0	1.0
13	4	99	1.968	0.18	27.613	0.715	1.0	1.0
13	4	96	1.871	0.341	29.129	1.432	1.0	1.0
13	4	93	1.593	0.501	31.419	2.306	0.871	1.0
13	4	90	1.045	0.785	33.6	2.693	0.516	0.806
13	4	87	0.069	0.258	34.75	2.062	0.065	0.129
13	4	84	0.0	0.0	nan	nan	0.0	0.0
13	4	81	0.0	0.0	nan	nan	0.0	0.0
13	4	78	0.0	0.0	nan	nan	0.0	0.0
13	4	75	0.0	0.0	nan	nan	0.0	0.0
13	4	72	0.0	0.0	nan	nan	0.0	0.0
13	4	69	0.0	0.0	nan	nan	0.0	0.0
13	4	66	0.0	0.0	nan	nan	0.0	0.0
13	4	63	0.0	0.0	nan	nan	0.0	0.0
13	4	60	0.0	0.0	nan	nan	0.0	0.0
13	4	57	0.0	0.0	nan	nan	0.0	0.0
13	4	54	0.0	0.0	nan	nan	0.0	0.0
13	4	51	0.0	0.0	nan	nan	0.0	0.0
13	4	48	0.0	0.0	nan	nan	0.0	0.0
14	4	117	3.032	0.18	20.0	0.577	1.0	1.0
14	4	114	3.0	0.0	20.387	0.558	1.0	1.0
14	4	111	3.0	0.0	20.935	0.574	1.0	1.0
14	4	108	3.0	0.0	21.226	0.425	1.0	1.0
14	4	105	3.0	0.0	21.806	0.833	1.0	1.0
14	4	102	3.0	0.0	22.387	0.558	1.0	1.0
14	4	99	2.645	0.486	23.29	0.864	1.0	1.0
14	4	96	2.355	0.486	23.548	0.675	1.0	1.0
14	4	93	2.032	0.18	24.387	0.919	1.0	1.0
14	4	90	2.032	0.18	25.323	0.702	1.0	1.0
14	4	87	2.0	0.0	26.903	1.106	1.0	1.0
14	4	84	1.968	0.18	28.129	1.31	1.0	1.0
14	4	81	1.871	0.341	30.258	2.033	1.0	1.0
14	4	78	1.607	0.567	32.867	2.7	0.871	0.968
14	4	75	0.6	0.816	34.375	2.63	0.323	0.516
14	4	72	0.0	0.0	38.0	0.0	0.0	0.032
14	4	69	0.0	0.0	nan	nan	0.0	0.0
14	4	66	0.0	0.0	nan	nan	0.0	0.0
14	4	63	0.0	0.0	nan	nan	0.0	0.0
14	4	60	0.0	0.0	nan	nan	0.0	0.0
14	4	57	0.0	0.0	nan	nan	0.0	0.0
14	4	54	0.0	0.0	nan	nan	0.0	0.0
14	4	51	0.0	0.0	nan	nan	0.0	0.0
14	4	48	0.0	0.0	nan	nan	0.0	0.0
15	4	117	3.742	0.514	18.097	0.301	1.0	1.0
15	4	114	3.516	0.508	18.29	0.461	1.0	1.0
15	4	111	3.065	0.25	18.968	0.407	1.0	1.0
15	4	108	3.032	0.18	19.161	0.583	1.0	1.0
15	4	105	2.968	0.18	19.71	0.588	1.0	1.0
15	4	102	2.935	0.25	20.194	0.543	1.0	1.0
15	4	99	2.677	0.475	20.548	0.624	1.0	1.0
15	4	96	2.387	0.495	21.29	0.693	1.0	1.0
15	4	93	2.065	0.25	22.0	0.632	1.0	1.0
15	4	90	2.032	0.18	22.968	0.912	1.0	1.0
15	4	87	2.0	0.0	23.742	0.93	1.0	1.0
15	4	84	1.968	0.18	25.613	3.403	1.0	1.0
15	4	81	1.935	0.25	27.0	1.88	1.0	1.0
15	4	78	1.643	0.559	29.367	2.632	0.871	0.968
15	4	75	0.87	0.757	32.739	3.658	0.484	0.742
15	4	72	0.0	0.0	36.0	1.414	0.0	0.065
15	4	69	0.0	0.0	nan	nan	0.0	0.0
15	4	66	0.0	0.0	nan	nan	0.0	0.0
15	4	63	0.0	0.0	nan	nan	0.0	0.0
15	4	60	0.0	0.0	nan	nan	0.0	0.0
15	4	57	0.0	0.0	nan	nan	0.0	0.0
15	4	54	0.0	0.0	nan	nan	0.0	0.0
15	4	51	0.0	0.0	nan	nan	0.0	0.0
15	4	48	0.0	0.0	nan	nan	0.0	0.0
16	4	117	4.323	0.475	21.516	0.626	1.0	1.0
16	4	114	4.065	0.25	22.097	0.539	1.0	1.0
16	4	111	4.032	0.18	22.355	0.551	1.0	1.0
16	4	108	3.903	0.301	22.871	0.619	1.0	1.0
16	4	105	3.581	0.502	23.387	0.495	1.0	1.0
16	4	102	3.355	0.486	24.065	0.727	1.0	1.0
16	4	99	3.097	0.396	24.645	0.877	1.0	1.0
16	4	96	3.0	0.0	25.677	0.791	1.0	1.0
16	4	93	2.935	0.25	26.387	0.882	1.0	1.0
16	4	90	2.645	0.486	27.323	1.423	1.0	1.0
16	4	87	2.484	0.508	28.548	1.338	1.0	1.0
16	4	84	2.129	0.341	30.419	1.587	1.0	1.0
16	4	81	1.714	0.535	32.567	2.648	0.871	0.968
16	4	78	1.111	0.698	34.885	3.266	0.71	0.839
16	4	75	0.2	0.407	39.286	2.36	0.194	0.226
16	4	72	0.0	0.0	nan	nan	0.0	0.0
16	4	69	0.0	0.0	nan	nan	0.0	0.0
16	4	66	0.0	0.0	nan	nan	0.0	0.0
16	4	63	0.0	0.0	nan	nan	0.0	0.0
16	4	60	0.0	0.0	nan	nan	0.0	0.0
16	4	57	0.0	0.0	nan	nan	0.0	0.0
16	4	54	0.0	0.0	nan	nan	0.0	0.0
16	4	51	0.0	0.0	nan	nan	0.0	0.0
16	4	48	0.0	0.0	nan	nan	0.0	0.0
17	4	117	3.0	0.0	23.581	0.72	1.0	1.0
17	4	114	3.0	0.0	23.903	0.7	1.0	1.0
17	4	111	2.935	0.25	24.71	0.783	1.0	1.0
17	4	108	2.742	0.445	25.226	0.717	1.0	1.0
17	4	105	2.355	0.486	26.129	0.718	1.0	1.0
17	4	102	2.065	0.25	26.677	0.979	1.0	1.0
17	4	99	2.032	0.18	27.903	1.012	1.0	1.0
17	4	96	2.0	0.0	29.645	1.17	1.0	1.0
17	4	93	1.9	0.305	31.419	2.218	0.968	1.0
17	4	90	1.304	0.765	35.185	2.746	0.613	0.871
17	4	87	0.64	0.81	35.765	2.562	0.355	0.548
17	4	84	0.0	0.0	nan	nan	0.0	0.0
17	4	81	0.0	0.0	nan	nan	0.0	0.0
17	4	78	0.0	0.0	nan	nan	0.0	0.0
17	4	75	0.0	0.0	nan	nan	0.0	0.0
17	4	72	0.0	0.0	nan	nan	0.0	0.0
17	4	69	0.0	0.0	nan	nan	0.0	0.0
17	4	66	0.0	0.0	nan	nan	0.0	0.0
17	4	63	0.0	0.0	nan	nan	0.0	0.0
17	4	60	0.0	0.0	nan	nan	0.0	0.0
17	4	57	0.0	0.0	nan	nan	0.0	0.0
17	4	54	0.0	0.0	nan	nan	0.0	0.0
17	4	51	0.0	0.0	nan	nan	0.0	0.0
17	4	48	0.0	0.0	nan	nan	0.0	0.0
18	4	117	4.0	0.0	21.871	0.428	1.0	1.0
18	4	114	3.968	0.18	22.129	0.341	1.0	1.0
18	4	111	3.935	0.25	22.871	0.763	1.0	1.0
18	4	108	3.613	0.495	23.194	0.543	1.0	1.0
18	4	105	3.129	0.341	23.839	0.523	1.0	1.0
18	4	102	3.0	0.0	24.258	0.514	1.0	1.0
18	4	99	3.0	0.0	25.161	0.934	1.0	1.0
18	4	96	3.0	0.0	25.71	0.973	1.0	1.0
18	4	93	3.0	0.0	26.548	0.568	1.0	1.0
18	4	90	2.71	0.461	27.742	0.999	1.0	1.0
18	4	87	2.226	0.425	29.129	1.31	1.0	1.0
18	4	84	2.0	0.0	31.0	1.065	1.0	1.0
18	4	81	1.742	0.445	33.484	1.877	1.0	1.0
18	4	78	0.815	0.622	37.304	2.819	0.613	0.742
18	4	75	0.222	0.506	39.667	3.428	0.161	0.29
18	4	72	0.0	0.0	nan	nan	0.0	0.0
18	4	69	0.0	0.0	nan	nan	0.0	0.0
18	4	66	0.0	0.0	nan	nan	0.0	0.0
18	4	63	0.0	0.0	nan	nan	0.0	0.0
18	4	60	0.0	0.0	nan	nan	0.0	0.0
18	4	57	0.0	0.0	nan	nan	0.0	0.0
18	4	54	0.0	0.0	nan	nan	0.0	0.0
18	4	51	0.0	0.0	nan	nan	0.0	0.0
18	4	48	0.0	0.0	nan	nan	0.0	0.0
19	4	117	4.194	0.477	18.645	0.661	1.0	1.0
19	4	114	4.065	0.25	18.839	0.454	1.0	1.0
19	4	111	4.0	0.0	19.355	0.486	1.0	1.0
19	4	108	3.968	0.18	19.645	0.551	1.0	1.0
19	4	105	3.742	0.445	19.968	0.315	1.0	1.0
19	4	102	3.258	0.445	20.548	0.568	1.0	1.0
19	4	99	3.0	0.0	21.032	0.706	1.0	1.0
19	4	96	3.0	0.0	21.774	0.717	1.0	1.0
19	4	93	3.0	0.0	22.516	0.724	1.0	1.0
19	4	90	3.0	0.0	23.129	0.846	1.0	1.0
19	4	87	2.677	0.475	24.129	0.718	1.0	1.0
19	4	84	2.097	0.301	25.065	0.772	1.0	1.0
19	4	81	2.0	0.0	26.548	1.524	1.0	1.0
19	4	78	2.0	0.0	28.613	1.856	1.0	1.0
19	4	75	1.862	0.351	31.71	2.572	0.935	1.0
19	4	72	1.154	0.675	35.333	2.32	0.71	0.871
19	4	69	0.24	0.597	36.9	3.107	0.129	0.323
19	4	66	0.0	0.0	nan	nan	0.0	0.0
19	4	63	0.0	0.0	nan	nan	0.0	0.0
19	4	60	0.0	0.0	nan	nan	0.0	0.0
19	4	57	0.0	0.0	nan	nan	0.0	0.0
19	4	54	0.0	0.0	nan	nan	0.0	0.0
19	4	51	0.0	0.0	nan	nan	0.0	0.0
19	4	48	0.0	0.0	nan	nan	0.0	0.0
20	4	117	3.0	0.0	21.677	0.475	1.0	1.0
20	4	114	2.935	0.25	22.097	0.597	1.0	1.0
20	4	111	2.903	0.301	22.774	0.617	1.0	1.0
20	4	108	2.774	0.425	23.387	0.761	1.0	1.0
20	4	105	2.226	0.425	24.065	0.629	1.0	1.0
20	4	102	2.032	0.18	24.839	0.638	1.0	1.0
20	4	99	2.0	0.0	25.806	0.873	1.0	1.0
20	4	96	2.0	0.0	27.097	0.978	1.0	1.0
20	4	93	2.0	0.0	28.613	1.283	1.0	1.0
20	4	90	1.867	0.434	30.5	2.36	0.935	0.968
20	4	87	1.55	0.686	33.759	2.37	0.581	0.935
20	4	84	0.389	0.698	36.944	2.555	0.161	0.581
20	4	81	0.0	0.0	35.0	0.0	0.0	0.032
20	4	78	0.0	0.0	nan	nan	0.0	0.0
20	4	75	0.0	0.0	nan	nan	0.0	0.0
20	4	72	0.0	0.0	nan	nan	0.0	0.0
20	4	69	0.0	0.0	nan	nan	0.0	0.0
20	4	66	0.0	0.0	nan	nan	0.0	0.0
20	4	63	0.0	0.0	nan	nan	0.0	0.0
20	4	60	0.0	0.0	nan	nan	0.0	0.0
20	4	57	0.0	0.0	nan	nan	0.0	0.0
20	4	54	0.0	0.0	nan	nan	0.0	0.0
20	4	51	0.0	0.0	nan	nan	0.0	0.0
20	4	48	0.0	0.0	nan	nan	0.0	0.0
21	4	117	3.0	0.0	20.548	0.506	1.0	1.0
21	4	114	2.806	0.402	21.032	0.657	1.0	1.0
21	4	111	2.677	0.475	21.194	0.654	1.0	1.0
21	4	108	2.129	0.341	21.774	0.56	1.0	1.0
21	4	105	2.032	0.18	22.355	0.608	1.0	1.0
21	4	102	2.0	0.0	23.0	0.816	1.0	1.0
21	4	99	2.0	0.0	23.613	0.715	1.0	1.0
21	4	96	1.968	0.18	24.419	0.72	1.0	1.0
21	4	93	1.968	0.18	25.645	0.798	1.0	1.0
21	4	90	1.613	0.495	26.935	1.34	1.0	1.0
21	4	87	1.355	0.486	28.581	1.728	1.0	1.0
21	4	84	0.548	0.675	31.0	2.631	0.452	0.452
21	4	81	0.0	0.0	nan	nan	0.0	0.0
21	4	78	0.0	0.0	nan	nan	0.0	0.0
21	4	75	0.0	0.0	nan	nan	0.0	0.0
21	4	72	0.0	0.0	nan	nan	0.0	0.0
21	4	69	0.0	0.0	nan	nan	0.0	0.0
21	4	66	0.0	0.0	nan	nan	0.0	0.0
21	4	63	0.0	0.0	nan	nan	0.0	0.0
21	4	60	0.0	0.0	nan	nan	0.0	0.0
21	4	57	0.0	0.0	nan	nan	0.0	0.0
21	4	54	0.0	0.0	nan	nan	0.0	0.0
21	4	51	0.0	0.0	nan	nan	0.0	0.0
21	4	48	0.0	0.0	nan	nan	0.0	0.0
22	4	117	3.065	0.25	18.71	0.529	1.0	1.0
22	4	114	3.0	0.0	19.161	0.583	1.0	1.0
22	4	111	3.0	0.0	19.387	0.495	1.0	1.0
22	4	108	3.0	0.0	19.871	0.499	1.0	1.0
22	4	105	2.968	0.315	20.226	0.805	1.0	1.0
22	4	102	2.677	0.475	20.742	0.631	1.0	1.0
22	4	99	2.161	0.374	21.419	0.807	1.0	1.0
22	4	96	2.032	0.18	21.871	0.806	1.0	1.0
22	4	93	2.0	0.0	23.032	0.706	1.0	1.0
22	4	90	2.0	0.0	23.839	0.82	1.0	1.0
22	4	87	2.0	0.0	25.097	1.012	1.0	1.0
22	4	84	2.0	0.0	26.097	1.076	1.0	1.0
22	4	81	1.935	0.25	28.323	1.922	1.0	1.0
22	4	78	1.423	0.578	30.867	3.491	0.806	0.968
22	4	75	0.136	0.351	36.583	2.937	0.097	0.387
22	4	72	0.0	0.0	nan	nan	0.0	0.0
22	4	69	0.0	0.0	nan	nan	0.0	0.0
22	4	66	0.0	0.0	nan	nan	0.0	0.0
22	4	63	0.0	0.0	nan	nan	0.0	0.0
22	4	60	0.0	0.0	nan	nan	0.0	0.0
22	4	57	0.0	0.0	nan	nan	0.0	0.0
22	4	54	0.0	0.0	nan	nan	0.0	0.0
22	4	51	0.0	0.0	nan	nan	0.0	0.0
22	4	48	0.0	0.0	nan	nan	0.0	0.0
23	4	117	2.258	0.445	21.0	0.516	1.0	1.0
23	4	114	2.032	0.18	21.258	0.514	1.0	1.0
23	4	111	2.0	0.0	21.806	0.543	1.0	1.0
23	4	108	2.0	0.0	22.677	0.599	1.0	1.0
23	4	105	1.968	0.18	23.355	0.709	1.0	1.0
23	4	102	1.903	0.301	23.903	0.651	1.0	1.0
23	4	99	1.581	0.502	25.0	0.816	1.0	1.0
23	4	96	1.226	0.425	26.258	1.437	1.0	1.0
23	4	93	0.933	0.365	28.143	2.103	0.871	0.903
23	4	90	0.4	0.498	30.538	2.57	0.387	0.419
23	4	87	0.032	0.18	31.0	0.0	0.032	0.032
23	4	84	0.0	0.0	nan	nan	0.0	0.0
23	4	81	0.0	0.0	nan	nan	0.0	0.0
23	4	78	0.0	0.0	nan	nan	0.0	0.0
23	4	75	0.0	0.0	nan	nan	0.0	0.0
23	4	72	0.0	0.0	nan	nan	0.0	0.0
23	4	69	0.0	0.0	nan	nan	0.0	0.0
23	4	66	0.0	0.0	nan	nan	0.0	0.0
23	4	63	0.0	0.0	nan	nan	0.0	0.0
23	4	60	0.0	0.0	nan	nan	0.0	0.0
23	4	57	0.0	0.0	nan	nan	0.0	0.0
23	4	54	0.0	0.0	nan	nan	0.0	0.0
23	4	51	0.0	0.0	nan	nan	0.0	0.0
23	4	48	0.0	0.0	nan	nan	0.0	0.0
24	4	117	4.548	0.506	19.032	0.315	1.0	1.0
24	4	114	4.194	0.402	19.323	0.541	1.0	1.0
24	4	111	4.097	0.301	19.645	0.551	1.0	1.0
24	4	108	3.903	0.396	20.097	0.473	1.0	1.0
24	4	105	3.871	0.341	20.645	0.608	1.0	1.0
24	4	102	3.677	0.475	20.871	0.806	1.0	1.0
24	4	99	3.484	0.508	21.419	0.72	1.0	1.0
24	4	96	3.065	0.359	21.839	1.003	1.0	1.0
24	4	93	2.903	0.301	22.581	0.848	1.0	1.0
24	4	90	2.839	0.374	23.258	0.815	1.0	1.0
24	4	87	2.774	0.425	24.065	1.237	1.0	1.0
24	4	84	2.355	0.486	24.871	1.176	1.0	1.0
24	4	81	2.097	0.396	26.226	1.257	1.0	1.0
24	4	78	2.032	0.18	27.129	1.477	1.0	1.0
24	4	75	1.759	0.577	29.034	2.719	0.871	0.935
24	4	72	1.345	0.857	32.833	3.644	0.71	0.774
24	4	69	0.385	0.697	36.5	3.205	0.226	0.387
24	4	66	0.065	0.25	35.5	0.707	0.065	0.065
24	4	63	0.0	0.0	nan	nan	0.0	0.0
24	4	60	0.0	0.0	nan	nan	0.0	0.0
24	4	57	0.0	0.0	nan	nan	0.0	0.0
24	4	54	0.0	0.0	nan	nan	0.0	0.0
24	4	51	0.0	0.0	nan	nan	0.0	0.0
24	4	48	0.0	0.0	nan	nan	0.0	0.0
25	4	117	3.097	0.301	22.258	0.445	1.0	1.0
25	4	114	3.0	0.0	22.613	0.495	1.0	1.0
25	4	111	3.0	0.0	23.032	0.706	1.0	1.0
25	4	108	2.968	0.18	23.516	0.724	1.0	1.0
25	4	105	2.968	0.18	24.258	0.575	1.0	1.0
25	4	102	2.645	0.486	24.839	0.735	1.0	1.0
25	4	99	2.387	0.495	25.452	0.81	1.0	1.0
25	4	96	2.161	0.374	26.129	1.056	1.0	1.0
25	4	93	2.0	0.0	27.129	0.991	1.0	1.0
25	4	90	2.0	0.0	28.516	1.338	1.0	1.0
25	4	87	1.968	0.18	30.226	1.543	1.0	1.0
25	4	84	1.84	0.374	33.742	4.297	0.806	1.0
25	4	81	0.864	0.774	35.043	2.306	0.452	0.742
25	4	78	0.0	0.0	38.0	0.0	0.0	0.032
25	4	75	0.0	0.0	nan	nan	0.0	0.0
25	4	72	0.0	0.0	nan	nan	0.0	0.0
25	4	69	0.0	0.0	nan	nan	0.0	0.0
25	4	66	0.0	0.0	nan	nan	0.0	0.0
25	4	63	0.0	0.0	nan	nan	0.0	0.0
25	4	60	0.0	0.0	nan	nan	0.0	0.0
25	4	57	0.0	0.0	nan	nan	0.0	0.0
25	4	54	0.0	0.0	nan	nan	0.0	0.0
25	4	51	0.0	0.0	nan	nan	0.0	0.0
25	4	48	0.0	0.0	nan	nan	0.0	0.0
26	4	117	3.032	0.18	22.774	0.617	1.0	1.0
26	4	114	3.0	0.0	23.355	0.486	1.0	1.0
26	4	111	3.0	0.0	23.871	0.619	1.0	1.0
26	4	108	2.742	0.445	24.419	0.672	1.0	1.0
26	4	105	2.387	0.495	25.032	0.706	1.0	1.0
26	4	102	2.097	0.301	25.581	0.672	1.0	1.0
26	4	99	2.0	0.0	26.581	1.803	1.0	1.0
26	4	96	2.0	0.0	28.032	1.11	1.0	1.0
26	4	93	1.968	0.18	29.355	1.889	1.0	1.0
26	4	90	1.481	0.802	32.154	2.167	0.71	0.839
26	4	87	0.815	0.921	33.706	1.829	0.419	0.548
26	4	84	0.0	0.0	36.0	0.0	0.0	0.032
26	4	81	0.0	0.0	nan	nan	0.0	0.0
26	4	78	0.0	0.0	nan	nan	0.0	0.0
26	4	75	0.0	0.0	nan	nan	0.0	0.0
26	4	72	0.0	0.0	nan	nan	0.0	0.0
26	4	69	0.0	0.0	nan	nan	0.0	0.0
26	4	66	0.0	0.0	nan	nan	0.0	0.0
26	4	63	0.0	0.0	nan	nan	0.0	0.0
26	4	60	0.0	0.0	nan	nan	0.0	0.0
26	4	57	0.0	0.0	nan	nan	0.0	0.0
26	4	54	0.0	0.0	nan	nan	0.0	0.0
26	4	51	0.0	0.0	nan	nan	0.0	0.0
26	4	48	0.0	0.0	nan	nan	0.0	0.0
27	4	117	5.968	0.18	20.097	0.539	1.0	1.0
27	4	114	5.839	0.374	20.548	0.624	1.0	1.0
27	4	111	5.355	0.486	20.774	0.425	1.0	1.0
27	4	108	5.065	0.25	21.548	0.568	1.0	1.0
27	4	105	4.968	0.18	21.774	0.617	1.0	1.0
27	4	102	4.871	0.341	22.484	0.508	1.0	1.0
27	4	99	4.774	0.425	22.871	0.499	1.0	1.0
27	4	96	4.29	0.461	23.452	0.925	1.0	1.0
27	4	93	4.0	0.0	24.258	0.815	1.0	1.0
27	4	90	4.032	0.18	24.935	0.629	1.0	1.0
27	4	87	3.806	0.402	25.742	0.682	1.0	1.0
27	4	84	3.387	0.495	26.71	1.071	1.0	1.0
27	4	81	3.097	0.301	28.355	1.355	1.0	1.0
27	4	78	3.0	0.0	29.839	1.951	1.0	1.0
27	4	75	2.581	0.502	33.323	2.414	1.0	1.0
27	4	72	1.71	0.693	36.533	2.03	0.968	0.968
27	4	69	1.032	0.482	40.25	3.204	0.903	0.903
27	4	66	0.1	0.305	44.0	4.899	0.097	0.129
27	4	63	0.0	0.0	nan	nan	0.0	0.0
27	4	60	0.0	0.0	nan	nan	0.0	0.0
27	4	57	0.0	0.0	nan	nan	0.0	0.0
27	4	54	0.0	0.0	nan	nan	0.0	0.0
27	4	51	0.0	0.0	nan	nan	0.0	0.0
27	4	48	0.0	0.0	nan	nan	0.0	0.0
28	4	117	4.29	0.461	19.935	0.442	1.0	1.0
28	4	114	4.226	0.425	20.226	0.497	1.0	1.0
28	4	111	4.0	0.0	20.484	0.57	1.0	1.0
28	4	108	4.032	0.18	21.129	0.428	1.0	1.0
28	4	105	3.903	0.301	21.581	0.502	1.0	1.0
28	4	102	3.677	0.475	22.161	0.638	1.0	1.0
28	4	99	3.29	0.461	22.871	0.718	1.0	1.0
28	4	96	3.097	0.301	23.484	0.811	1.0	1.0
28	4	93	3.0	0.0	24.419	0.72	1.0	1.0
28	4	90	2.968	0.18	25.419	1.089	1.0	1.0
28	4	87	2.871	0.341	26.387	1.145	1.0	1.0
28	4	84	2.419	0.502	27.871	1.258	1.0	1.0
28	4	81	2.097	0.301	30.677	2.301	1.0	1.0
28	4	78	1.516	0.626	33.759	2.936	0.935	0.935
28	4	75	1.097	0.539	35.821	4.347	0.903	0.903
28	4	72	0.133	0.346	39.6	2.51	0.129	0.161
28	4	69	0.0	0.0	nan	nan	0.0	0.0
28	4	66	0.0	0.0	nan	nan	0.0	0.0
28	4	63	0.0	0.0	nan	nan	0.0	0.0
28	4	60	0.0	0.0	nan	nan	0.0	0.0
28	4	57	0.0	0.0	nan	nan	0.0	0.0
28	4	54	0.0	0.0	nan	nan	0.0	0.0
28	4	51	0.0	0.0	nan	nan	0.0	0.0
28	4	48	0.0	0.0	nan	nan	0.0	0.0
29	4	117	1.613	0.495	24.613	0.803	1.0	1.0
29	4	114	1.387	0.495	25.226	0.884	1.0	1.0
29	4	111	1.032	0.18	26.613	1.086	1.0	1.0
29	4	108	1.0	0.0	27.581	1.523	1.0	1.0
29	4	105	0.679	0.476	30.182	3.018	0.613	0.71
29	4	102	0.161	0.374	31.0	2.55	0.161	0.161
29	4	99	0.0	0.0	nan	nan	0.0	0.0
29	4	96	0.0	0.0	nan	nan	0.0	0.0
29	4	93	0.0	0.0	nan	nan	0.0	0.0
29	4	90	0.0	0.0	nan	nan	0.0	0.0
29	4	87	0.0	0.0	nan	nan	0.0	0.0
29	4	84	0.0	0.0	nan	nan	0.0	0.0
29	4	81	0.0	0.0	nan	nan	0.0	0.0
29	4	78	0.0	0.0	nan	nan	0.0	0.0
29	4	75	0.0	0.0	nan	nan	0.0	0.0
29	4	72	0.0	0.0	nan	nan	0.0	0.0
29	4	69	0.0	0.0	nan	nan	0.0	0.0
29	4	66	0.0	0.0	nan	nan	0.0	0.0
29	4	63	0.0	0.0	nan	nan	0.0	0.0
29	4	60	0.0	0.0	nan	nan	0.0	0.0
29	4	57	0.0	0.0	nan	nan	0.0	0.0
29	4	54	0.0	0.0	nan	nan	0.0	0.0
29	4	51	0.0	0.0	nan	nan	0.0	0.0
29	4	48	0.0	0.0	nan	nan	0.0	0.0
30	4	117	3.677	0.541	19.516	0.57	1.0	1.0
30	4	114	3.484	0.57	19.71	0.783	1.0	1.0
30	4	111	3.194	0.402	20.097	0.473	1.0	1.0
30	4	108	3.032	0.18	20.645	0.551	1.0	1.0
30	4	105	3.0	0.0	20.935	0.574	1.0	1.0
30	4	102	2.968	0.18	21.387	0.667	1.0	1.0
30	4	99	2.742	0.445	21.806	0.654	1.0	1.0
30	4	96	2.645	0.486	22.226	0.617	1.0	1.0
30	4	93	2.226	0.425	22.968	0.836	1.0	1.0
30	4	90	2.129	0.341	23.774	0.805	1.0	1.0
30	4	87	2.032	0.18	24.677	0.979	1.0	1.0
30	4	84	2.0	0.0	25.516	1.061	1.0	1.0
30	4	81	1.774	0.425	27.032	1.602	1.0	1.0
30	4	78	1.607	0.567	29.5	3.082	0.871	0.968
30	4	75	0.852	0.718	31.227	2.349	0.581	0.71
30	4	72	0.034	0.186	37.333	5.686	0.032	0.097
30	4	69	0.0	0.0	nan	nan	0.0	0.0
30	4	66	0.0	0.0	nan	nan	0.0	0.0
30	4	63	0.0	0.0	nan	nan	0.0	0.0
30	4	60	0.0	0.0	nan	nan	0.0	0.0
30	4	57	0.0	0.0	nan	nan	0.0	0.0
30	4	54	0.0	0.0	nan	nan	0.0	0.0
30	4	51	0.0	0.0	nan	nan	0.0	0.0
30	4	48	0.0	0.0	nan	nan	0.0	0.0
31	4	117	2.0	0.0	21.419	0.72	1.0	1.0
31	4	114	2.032	0.18	21.452	0.768	1.0	1.0
31	4	111	2.0	0.0	22.29	0.739	1.0	1.0
31	4	108	2.0	0.0	23.161	1.157	1.0	1.0
31	4	105	1.968	0.18	24.129	0.806	1.0	1.0
31	4	102	1.71	0.461	24.484	0.926	1.0	1.0
31	4	99	1.323	0.475	25.677	1.249	1.0	1.0
31	4	96	1.065	0.25	27.29	1.774	1.0	1.0
31	4	93	0.867	0.507	28.96	1.989	0.774	0.806
31	4	90	0.097	0.301	27.333	1.155	0.097	0.097
31	4	87	0.0	0.0	nan	nan	0.0	0.0
31	4	84	0.0	0.0	nan	nan	0.0	0.0
31	4	81	0.0	0.0	nan	nan	0.0	0.0
31	4	78	0.0	0.0	nan	nan	0.0	0.0
31	4	75	0.0	0.0	nan	nan	0.0	0.0
31	4	72	0.0	0.0	nan	nan	0.0	0.0
31	4	69	0.0	0.0	nan	nan	0.0	0.0
31	4	66	0.0	0.0	nan	nan	0.0	0.0
31	4	63	0.0	0.0	nan	nan	0.0	0.0
31	4	60	0.0	0.0	nan	nan	0.0	0.0
31	4	57	0.0	0.0	nan	nan	0.0	0.0
31	4	54	0.0	0.0	nan	nan	0.0	0.0
31	4	51	0.0	0.0	nan	nan	0.0	0.0
31	4	48	0.0	0.0	nan	nan	0.0	0.0
0	5	117	5.129	0.341	19.516	0.57	1.0	1.0
0	5	114	4.968	0.18	19.839	0.374	1.0	1.0
0	5	111	4.871	0.341	20.129	0.499	1.0	1.0
0	5	108	4.645	0.486	20.516	0.57	1.0	1.0
0	5	105	4.194	0.402	21.032	0.706	1.0	1.0
0	5	102	4.0	0.0	21.581	0.62	1.0	1.0
0	5	99	4.0	0.0	22.29	0.739	1.0	1.0
0	5	96	3.935	0.25	22.613	0.803	1.0	1.0
0	5	93	3.677	0.475	23.484	0.996	1.0	1.0
0	5	90	3.226	0.425	24.161	0.779	1.0	1.0
0	5	87	3.032	0.18	25.097	0.651	1.0	1.0
0	5	84	2.968	0.18	26.161	0.82	1.0	1.0
0	5	81	2.968	0.18	27.097	1.193	1.0	1.0
0	5	78	2.516	0.508	29.387	1.542	1.0	1.0
0	5	75	2.065	0.68	32.548	2.731	1.0	1.0
0	5	72	1.452	0.568	34.8	2.858	0.968	0.968
0	5	69	0.7	0.535	37.905	2.119	0.645	0.677
0	5	66	0.067	0.254	42.333	2.887	0.065	0.097
0	5	63	0.0	0.0	nan	nan	0.0	0.0
0	5	60	0.0	0.0	nan	nan	0.0	0.0
0	5	57	0.0	0.0	nan	nan	0.0	0.0
0	5	54	0.0	0.0	nan	nan	0.0	0.0
0	5	51	0.0	0.0	nan	nan	0.0	0.0
0	5	48	0.0	0.0	nan	nan	0.0	0.0
1	5	117	3.0	0.0	22.677	0.541	1.0	1.0
1	5	114	3.0	0.0	23.161	0.688	1.0	1.0
1	5	111	2.968	0.18	23.742	0.631	1.0	1.0
1	5	108	2.839	0.374	24.548	0.723	1.0	1.0
1	5	105	2.258	0.445	24.968	0.912	1.0	1.0
1	5	102	2.129	0.341	25.903	0.831	1.0	1.0
1	5	99	2.0	0.0	27.161	0.82	1.0	1.0
1	5	96	2.0	0.0	28.452	1.362	1.0	1.0
1	5	93	2.0	0.0	30.355	1.539	1.0	1.0
1	5	90	1.846	0.368	33.161	2.956	0.839	1.0
1	5	87	0.938	0.929	36.083	2.302	0.29	0.774
1	5	84	0.103	0.409	34.75	5.852	0.065	0.129
1	5	81	0.0	0.0	nan	nan	0.0	0.0
1	5	78	0.0	0.0	nan	nan	0.0	0.0
1	5	75	0.0	0.0	nan	nan	0.0	0.0
1	5	72	0.0	0.0	nan	nan	0.0	0.0
1	5	69	0.0	0.0	nan	nan	0.0	0.0
1	5	66	0.0	0.0	nan	nan	0.0	0.0
1	5	63	0.0	0.0	nan	nan	0.0	0.0
1	5	60	0.0	0.0	nan	nan	0.0	0.0
1	5	57	0.0	0.0	nan	nan	0.0	0.0
1	5	54	0.0	0.0	nan	nan	0.0	0.0
1	5	51	0.0	0.0	nan	nan	0.0	0.0
1	5	48	0.0	0.0	nan	nan	0.0	0.0
2	5	117	2.613	0.495	22.935	0.574	1.0	1.0
2	5	114	2.548	0.506	23.516	0.962	1.0	1.0
2	5	111	2.065	0.25	23.871	0.718	1.0	1.0
2	5	108	2.032	0.18	24.613	0.615	1.0	1.0
2	5	105	1.968	0.18	25.548	0.925	1.0	1.0
2	5	102	2.0	0.0	26.355	1.199	1.0	1.0
2	5	99	1.903	0.301	27.677	1.62	1.0	1.0
2	5	96	1.483	0.634	29.862	2.15	0.871	0.935
2	5	93	0.852	0.662	31.913	2.557	0.613	0.742
2	5	90	0.179	0.548	34.0	1.414	0.097	0.194
2	5	87	0.0	0.0	35.0	0.0	0.0	0.032
2	5	84	0.0	0.0	nan	nan	0.0	0.0
2	5	81	0.0	0.0	nan	nan	0.0	0.0
2	5	78	0.0	0.0	nan	nan	0.0	0.0
2	5	75	0.0	0.0	nan	nan	0.0	0.0
2	5	72	0.0	0.0	nan	nan	0.0	0.0
2	5	69	0.0	0.0	nan	nan	0.0	0.0
2	5	66	0.0	0.0	nan	nan	0.0	0.0
2	5	63	0.0	0.0	nan	nan	0.0	0.0
2	5	60	0.0	0.0	nan	nan	0.0	0.0
2	5	57	0.0	0.0	nan	nan	0.0	0.0
2	5	54	0.0	0.0	nan	nan	0.0	0.0
2	5	51	0.0	0.0	nan	nan	0.0	0.0
2	5	48	0.0	0.0	nan	nan	0.0	0.0
3	5	117	2.548	0.506	24.161	0.735	1.0	1.0
3	5	114	2.29	0.461	24.839	0.638	1.0	1.0
3	5	111	2.032	0.18	25.194	0.749	1.0	1.0
3	5	108	2.0	0.0	26.258	0.93	1.0	1.0
3	5	105	2.0	0.0	27.226	1.23	1.0	1.0
3	5	102	2.0	0.0	29.0	1.461	1.0	1.0
3	5	99	1.517	0.738	31.333	2.542	0.806	0.871
3	5	96	0.75	0.794	34.1	3.275	0.419	0.645
3	5	93	0.0	0.0	nan	nan	0.0	0.0
3	5	90	0.0	0.0	nan	nan	0.0	0.0
3	5	87	0.0	0.0	nan	nan	0.0	0.0
3	5	84	0.0	0.0	nan	nan	0.0	0.0
3	5	81	0.0	0.0	nan	nan	0.0	0.0
3	5	78	0.0	0.0	nan	nan	0.0	0.0
3	5	75	0.0	0.0	nan	nan	0.0	0.0
3	5	72	0.0	0.0	nan	nan	0.0	0.0
3	5	69	0.0	0.0	nan	nan	0.0	0.0
3	5	66	0.0	0.0	nan	nan	0.0	0.0
3	5	63	0.0	0.0	nan	nan	0.0	0.0
3	5	60	0.0	0.0	nan	nan	0.0	0.0
3	5	57	0.0	0.0	nan	nan	0.0	0.0
3	5	54	0.0	0.0	nan	nan	0.0	0.0
3	5	51	0.0	0.0	nan	nan	0.0	0.0
3	5	48	0.0	0.0	nan	nan	0.0	0.0
4	5	117	3.548	0.506	21.258	0.575	1.0	1.0
4	5	114	3.097	0.301	21.806	0.543	1.0	1.0
4	5	111	3.032	0.18	22.032	0.605	1.0	1.0
4	5	108	3.0	0.0	22.677	0.541	1.0	1.0
4	5	105	3.0	0.0	23.516	0.811	1.0	1.0
4	5	102	2.903	0.301	23.774	0.669	1.0	1.0
4	5	99	2.581	0.502	24.677	0.748	1.0	1.0
4	5	96	2.355	0.486	25.484	0.677	1.0	1.0
4	5	93	2.065	0.25	26.387	1.116	1.0	1.0
4	5	90	2.0	0.0	27.355	1.404	1.0	1.0
4	5	87	2.0	0.0	29.581	1.858	1.0	1.0
4	5	84	1.926	0.267	32.226	2.717	0.871	1.0
4	5	81	0.8	0.816	35.2	2.546	0.452	0.645
4	5	78	0.0	0.0	37.833	2.639	0.0	0.194
4	5	75	0.0	0.0	nan	nan	0.0	0.0
4	5	72	0.0	0.0	nan	nan	0.0	0.0
4	5	69	0.0	0.0	nan	nan	0.0	0.0
4	5	66	0.0	0.0	nan	nan	0.0	0.0
4	5	63	0.0	0.0	nan	nan	0.0	0.0
4	5	60	0.0	0.0	nan	nan	0.0	0.0
4	5	57	0.0	0.0	nan	nan	0.0	0.0
4	5	54	0.0	0.0	nan	nan	0.0	0.0
4	5	51	0.0	0.0	nan	nan	0.0	0.0
4	5	48	0.0	0.0	nan	nan	0.0	0.0
5	5	117	2.419	0.502	21.0	0.447	1.0	1.0
5	5	114	2.097	0.301	21.613	0.615	1.0	1.0
5	5	111	2.0	0.0	22.129	0.562	1.0	1.0
5	5	108	2.0	0.0	22.452	0.568	1.0	1.0
5	5	105	2.0	0.0	23.774	0.805	1.0	1.0
5	5	102	2.0	0.0	24.129	0.718	1.0	1.0
5	5	99	1.742	0.445	25.194	0.91	1.0	1.0
5	5	96	1.355	0.551	26.3	1.119	0.968	0.968
5	5	93	0.966	0.325	28.759	2.824	0.871	0.935
5	5	90	0.276	0.455	32.5	3.659	0.258	0.323
5	5	87	0.0	0.0	nan	nan	0.0	0.0
5	5	84	0.0	0.0	nan	nan	0.0	0.0
5	5	81	0.0	0.0	nan	nan	0.0	0.0
5	5	78	0.0	0.0	nan	nan	0.0	0.0
5	5	75	0.0	0.0	nan	nan	0.0	0.0
5	5	72	0.0	0.0	nan	nan	0.0	0.0
5	5	69	0.0	0.0	nan	nan	0.0	0.0
5	5	66	0.0	0.0	nan	nan	0.0	0.0
5	5	63	0.0	0.0	nan	nan	0.0	0.0
5	5	60	0.0	0.0	nan	nan	0.0	0.0
5	5	57	0.0	0.0	nan	nan	0.0	0.0
5	5	54	0.0	0.0	nan	nan	0.0	0.0
5	5	51	0.0	0.0	nan	nan	0.0	0.0
5	5	48	0.0	0.0	nan	nan	0.0	0.0
6	5	117	3.0	0.0	23.871	0.562	1.0	1.0
6	5	114	3.0	0.0	24.29	0.643	1.0	1.0
6	5	111	2.871	0.341	25.161	0.688	1.0	1.0
6	5	108	2.452	0.506	25.613	0.558	1.0	1.0
6	5	105	2.065	0.25	26.613	0.844	1.0	1.0
6	5	102	2.032	0.18	27.677	0.871	1.0	1.0
6	5	99	1.968	0.18	29.484	1.71	1.0	1.0
6	5	96	1.968	0.18	30.903	1.62	1.0	1.0
6	5	93	1.724	0.455	33.742	2.989	0.935	1.0
6	5	90	0.895	0.658	37.231	2.597	0.452	0.839
6	5	87	0.0	0.0	41.0	0.0	0.0	0.032
6	5	84	0.0	0.0	nan	nan	0.0	0.0
6	5	81	0.0	0.0	nan	nan	0.0	0.0
6	5	78	0.0	0.0	nan	nan	0.0	0.0
6	5	75	0.0	0.0	nan	nan	0.0	0.0
6	5	72	0.0	0.0	nan	nan	0.0	0.0
6	5	69	0.0	0.0	nan	nan	0.0	0.0
6	5	66	0.0	0.0	nan	nan	0.0	0.0
6	5	63	0.0	0.0	nan	nan	0.0	0.0
6	5	60	0.0	0.0	nan	nan	0.0	0.0
6	5	57	0.0	0.0	nan	nan	0.0	0.0
6	5	54	0.0	0.0	nan	nan	0.0	0.0
6	5	51	0.0	0.0	nan	nan	0.0	0.0
6	5	48	0.0	0.0	nan	nan	0.0	0.0
7	5	117	2.226	0.425	21.484	0.57	1.0	1.0
7	5	114	2.032	0.18	22.065	0.772	1.0	1.0
7	5	111	2.032	0.18	22.774	0.717	1.0	1.0
7	5	108	2.0	0.0	23.323	0.599	1.0	1.0
7	5	105	2.0	0.0	24.29	0.643	1.0	1.0
7	5	102	1.806	0.402	25.323	0.979	1.0	1.0
7	5	99	1.323	0.475	26.548	1.207	1.0	1.0
7	5	96	1.129	0.428	27.867	1.852	0.968	0.968
7	5	93	0.677	0.475	29.286	1.648	0.677	0.677
7	5	90	0.161	0.374	30.2	2.775	0.161	0.161
7	5	87	0.032	0.18	29.0	0.0	0.032	0.032
7	5	84	0.0	0.0	nan	nan	0.0	0.0
7	5	81	0.0	0.0	nan	nan	0.0	0.0
7	5	78	0.0	0.0	nan	nan	0.0	0.0
7	5	75	0.0	0.0	nan	nan	0.0	0.0
7	5	72	0.0	0.0	nan	nan	0.0	0.0
7	5	69	0.0	0.0	nan	nan	0.0	0.0
7	5	66	0.0	0.0	nan	nan	0.0	0.0
7	5	63	0.0	0.0	nan	nan	0.0	0.0
7	5	60	0.0	0.0	nan	nan	0.0	0.0
7	5	57	0.0	0.0	nan	nan	0.0	0.0
7	5	54	0.0	0.0	nan	nan	0.0	0.0
7	5	51	0.0	0.0	nan	nan	0.0	0.0
7	5	48	0.0	0.0	nan	nan	0.0	0.0
8	5	117	3.0	0.0	20.0	0.447	1.0	1.0
8	5	114	2.935	0.25	20.419	0.502	1.0	1.0
8	5	111	2.839	0.374	20.71	0.588	1.0	1.0
8	5	108	2.516	0.508	21.129	0.428	1.0	1.0
8	5	105	2.065	0.25	22.032	0.547	1.0	1.0
8	5	102	2.032	0.18	22.581	0.886	1.0	1.0
8	5	99	2.0	0.0	23.065	0.68	1.0	1.0
8	5	96	2.0	0.0	23.806	0.703	1.0	1.0
8	5	93	1.935	0.25	24.806	0.833	1.0	1.0
8	5	90	1.767	0.43	26.097	2.006	0.968	1.0
8	5	87	1.032	0.482	28.5	2.56	0.903	0.903
8	5	84	0.643	0.488	31.143	3.198	0.581	0.677
8	5	81	0.033	0.183	34.5	0.707	0.032	0.065
8	5	78	0.0	0.0	nan	nan	0.0	0.0
8	5	75	0.0	0.0	nan	nan	0.0	0.0
8	5	72	0.0	0.0	nan	nan	0.0	0.0
8	5	69	0.0	0.0	nan	nan	0.0	0.0
8	5	66	0.0	0.0	nan	nan	0.0	0.0
8	5	63	0.0	0.0	nan	nan	0.0	0.0
8	5	60	0.0	0.0	nan	nan	0.0	0.0
8	5	57	0.0	0.0	nan	nan	0.0	0.0
8	5	54	0.0	0.0	nan	nan	0.0	0.0
8	5	51	0.0	0.0	nan	nan	0.0	0.0
8	5	48	0.0	0.0	nan	nan	0.0	0.0
9	5	117	3.323	0.475	22.065	0.512	1.0	1.0
9	5	114	3.129	0.341	22.29	0.529	1.0	1.0
9	5	111	3.097	0.301	23.065	0.574	1.0	1.0
9	5	108	3.0	0.0	23.581	0.564	1.0	1.0
9	5	105	2.903	0.301	24.387	0.844	1.0	1.0
9	5	102	2.645	0.486	25.097	0.7	1.0	1.0
9	5	99	2.226	0.425	25.806	0.91	1.0	1.0
9	5	96	1.968	0.18	27.258	1.527	1.0	1.0
9	5	93	2.0	0.0	28.903	1.777	1.0	1.0
9	5	90	1.778	0.577	31.103	3.426	0.806	0.935
9	5	87	1.222	0.847	33.417	3.035	0.645	0.774
9	5	84	0.143	0.448	37.833	3.251	0.097	0.194
9	5	81	0.0	0.0	39.0	0.0	0.0	0.032
9	5	78	0.0	0.0	nan	nan	0.0	0.0
9	5	75	0.0	0.0	nan	nan	0.0	0.0
9	5	72	0.0	0.0	nan	nan	0.0	0.0
9	5	69	0.0	0.0	nan	nan	0.0	0.0
9	5	66	0.0	0.0	nan	nan	0.0	0.0
9	5	63	0.0	0.0	nan	nan	0.0	0.0
9	5	60	0.0	0.0	nan	nan	0.0	0.0
9	5	57	0.0	0.0	nan	nan	0.0	0.0
9	5	54	0.0	0.0	nan	nan	0.0	0.0
9	5	51	0.0	0.0	nan	nan	0.0	0.0
9	5	48	0.0	0.0	nan	nan	0.0	0.0
10	5	117	4.258	0.445	19.323	0.599	1.0	1.0
10	5	114	4.129	0.341	19.774	0.56	1.0	1.0
10	5	111	4.032	0.18	20.161	0.688	1.0	1.0
10	5	108	4.0	0.0	20.29	0.461	1.0	1.0
10	5	105	3.839	0.374	20.839	0.934	1.0	1.0
10	5	102	3.581	0.502	21.355	0.661	1.0	1.0
10	5	99	3.161	0.374	21.806	0.543	1.0	1.0
10	5	96	3.097	0.301	22.194	0.654	1.0	1.0
10	5	93	3.0	0.0	23.0	0.73	1.0	1.0
10	5	90	3.0	0.0	23.677	1.045	1.0	1.0
10	5	87	2.935	0.25	24.194	0.792	1.0	1.0
10	5	84	2.774	0.425	25.581	0.886	1.0	1.0
10	5	81	2.29	0.461	26.452	1.15	1.0	1.0
10	5	78	2.065	0.25	27.484	1.262	1.0	1.0
10	5	75	2.0	0.0	29.548	1.767	1.0	1.0
10	5	72	1.71	0.588	32.138	2.279	0.935	0.935
10	5	69	0.929	0.766	34.636	2.536	0.613	0.71
10	5	66	0.1	0.403	36.333	3.215	0.065	0.097
10	5	63	0.0	0.0	nan	nan	0.0	0.0
10	5	60	0.0	0.0	nan	nan	0.0	0.0
10	5	57	0.0	0.0	nan	nan	0.0	0.0
10	5	54	0.0	0.0	nan	nan	0.0	0.0
10	5	51	0.0	0.0	nan	nan	0.0	0.0
10	5	48	0.0	0.0	nan	nan	0.0	0.0
11	5	117	3.0	0.0	20.677	0.653	1.0	1.0
11	5	114	3.0	0.0	20.839	0.688	1.0	1.0
11	5	111	2.806	0.402	21.065	0.442	1.0	1.0
11	5	108	2.548	0.506	21.903	0.539	1.0	1.0
11	5	105	2.258	0.445	22.71	0.693	1.0	1.0
11	5	102	2.0	0.0	23.29	0.973	1.0	1.0
11	5	99	2.0	0.0	23.903	1.012	1.0	1.0
11	5	96	1.968	0.18	24.968	1.016	1.0	1.0
11	5	93	1.71	0.461	26.161	1.344	1.0	1.0
11	5	90	1.3	0.535	28.6	2.5	0.935	0.968
11	5	87	0.69	0.604	31.45	3.486	0.581	0.645
11	5	84	0.037	0.192	36.4	2.881	0.032	0.161
11	5	81	0.0	0.0	nan	nan	0.0	0.0
11	5	78	0.0	0.0	nan	nan	0.0	0.0
11	5	75	0.0	0.0	nan	nan	0.0	0.0
11	5	72	0.0	0.0	nan	nan	0.0	0.0
11	5	69	0.0	0.0	nan	nan	0.0	0.0
11	5	66	0.0	0.0	nan	nan	0.0	0.0
11	5	63	0.0	0.0	nan	nan	0.0	0.0
11	5	60	0.0	0.0	nan	nan	0.0	0.0
11	5	57	0.0	0.0	nan	nan	0.0	0.0
11	5	54	0.0	0.0	nan	nan	0.0	0.0
11	5	51	0.0	0.0	nan	nan	0.0	0.0
11	5	48	0.0	0.0	nan	nan	0.0	0.0
12	5	117	5.0	0.0	21.581	0.502	1.0	1.0
12	5	114	4.806	0.402	22.065	0.574	1.0	1.0
12	5	111	4.161	0.374	22.484	0.626	1.0	1.0
12	5	108	4.0	0.0	23.0	0.632	1.0	1.0
12	5	105	3.968	0.18	23.548	0.568	1.0	1.0
12	5	102	4.0	0.0	24.29	0.643	1.0	1.0
12	5	99	3.645	0.486	24.968	0.706	1.0	1.0
12	5	96	3.258	0.445	25.581	0.807	1.0	1.0
12	5	93	3.032	0.18	26.613	0.882	1.0	1.0
12	5	90	3.0	0.0	27.613	0.882	1.0	1.0
12	5	87	3.0	0.0	29.581	1.259	1.0	1.0
12	5	84	2.742	0.575	31.323	1.796	1.0	1.0
12	5	81	2.097	0.746	33.226	1.746	1.0	1.0
12	5	78	1.323	0.475	35.839	2.647	1.0	1.0
12	5	75	0.367	0.49	39.583	2.353	0.355	0.387
12	5	72	0.0	0.0	nan	nan	0.0	0.0
12	5	69	0.0	0.0	nan	nan	0.0	0.0
12	5	66	0.0	0.0	nan	nan	0.0	0.0
12	5	63	0.0	0.0	nan	nan	0.0	0.0
12	5	60	0.0	0.0	nan	nan	0.0	0.0
12	5	57	0.0	0.0	nan	nan	0.0	0.0
12	5	54	0.0	0.0	nan	nan	0.0	0.0
12	5	51	0.0	0.0	nan	nan	0.0	0.0
12	5	48	0.0	0.0	nan	nan	0.0	0.0
13	5	117	1.226	0.425	24.516	0.89	1.0	1.0
13	5	114	1.0	0.0	25.968	1.449	1.0	1.0
13	5	111	1.0	0.0	27.194	2.007	0.968	1.0
13	5	108	0.806	0.402	29.28	2.189	0.806	0.806
13	5	105	0.129	0.341	31.75	1.258	0.129	0.129
13	5	102	0.0	0.0	nan	nan	0.0	0.0
13	5	99	0.0	0.0	nan	nan	0.0	0.0
13	5	96	0.0	0.0	nan	nan	0.0	0.0
13	5	93	0.0	0.0	nan	nan	0.0	0.0
13	5	90	0.0	0.0	nan	nan	0.0	0.0
13	5	87	0.0	0.0	nan	nan	0.0	0.0
13	5	84	0.0	0.0	nan	nan	0.0	0.0
13	5	81	0.0	0.0	nan	nan	0.0	0.0
13	5	78	0.0	0.0	nan	nan	0.0	0.0
13	5	75	0.0	0.0	nan	nan	0.0	0.0
13	5	72	0.0	0.0	nan	nan	0.0	0.0
13	5	69	0.0	0.0	nan	nan	0.0	0.0
13	5	66	0.0	0.0	nan	nan	0.0	0.0
13	5	63	0.0	0.0	nan	nan	0.0	0.0
13	5	60	0.0	0.0	nan	nan	0.0	0.0
13	5	57	0.0	0.0	nan	nan	0.0	0.0
13	5	54	0.0	0.0	nan	nan	0.0	0.0
13	5	51	0.0	0.0	nan	nan	0.0	0.0
13	5	48	0.0	0.0	nan	nan	0.0	0.0
14	5	117	3.0	0.0	22.419	0.672	1.0	1.0
14	5	114	3.0	0.0	22.839	0.523	1.0	1.0
14	5	111	2.935	0.25	23.516	0.57	1.0	1.0
14	5	108	2.581	0.502	24.097	0.746	1.0	1.0
14	5	105	2.258	0.445	24.774	0.669	1.0	1.0
14	5	102	2.129	0.341	25.677	0.871	1.0	1.0
14	5	99	2.0	0.0	26.71	1.16	1.0	1.0
14	5	96	2.0	0.0	27.323	1.301	1.0	1.0
14	5	93	1.871	0.341	29.161	1.899	1.0	1.0
14	5	90	1.37	0.792	31.423	2.996	0.71	0.839
14	5	87	0.762	0.831	33.667	2.921	0.355	0.677
14	5	84	0.033	0.183	34.0	1.414	0.032	0.065
14	5	81	0.0	0.0	nan	nan	0.0	0.0
14	5	78	0.0	0.0	nan	nan	0.0	0.0
14	5	75	0.0	0.0	nan	nan	0.0	0.0
14	5	72	0.0	0.0	nan	nan	0.0	0.0
14	5	69	0.0	0.0	nan	nan	0.0	0.0
14	5	66	0.0	0.0	nan	nan	0.0	0.0
14	5	63	0.0	0.0	nan	nan	0.0	0.0
14	5	60	0.0	0.0	nan	nan	0.0	0.0
14	5	57	0.0	0.0	nan	nan	0.0	0.0
14	5	54	0.0	0.0	nan	nan	0.0	0.0
14	5	51	0.0	0.0	nan	nan	0.0	0.0
14	5	48	0.0	0.0	nan	nan	0.0	0.0
15	5	117	4.258	0.514	18.484	0.508	1.0	1.0
15	5	114	4.0	0.0	18.839	0.374	1.0	1.0
15	5	111	4.0	0.0	19.129	0.341	1.0	1.0
15	5	108	4.0	0.0	19.484	0.57	1.0	1.0
15	5	105	3.903	0.301	19.968	0.315	1.0	1.0
15	5	102	3.613	0.495	20.226	0.425	1.0	1.0
15	5	99	3.065	0.25	20.871	0.499	1.0	1.0
15	5	96	3.032	0.18	21.387	0.495	1.0	1.0
15	5	93	3.0	0.0	21.742	0.682	1.0	1.0
15	5	90	3.0	0.0	22.645	0.709	1.0	1.0
15	5	87	2.871	0.341	23.387	0.615	1.0	1.0
15	5	84	2.581	0.502	24.452	0.768	1.0	1.0
15	5	81	2.097	0.301	25.935	1.181	1.0	1.0
15	5	78	2.032	0.18	26.968	1.08	1.0	1.0
15	5	75	2.032	0.18	28.839	1.846	1.0	1.0
15	5	72	1.933	0.365	31.387	2.552	0.968	1.0
15	5	69	1.667	0.48	34.516	2.434	0.871	1.0
15	5	66	0.2	0.484	37.0	3.95	0.161	0.194
15	5	63	0.0	0.0	47.0	0.0	0.0	0.032
15	5	60	0.0	0.0	nan	nan	0.0	0.0
15	5	57	0.0	0.0	nan	nan	0.0	0.0
15	5	54	0.0	0.0	nan	nan	0.0	0.0
15	5	51	0.0	0.0	nan	nan	0.0	0.0
15	5	48	0.0	0.0	nan	nan	0.0	0.0
16	5	117	1.516	0.508	29.032	1.354	1.0	1.0
16	5	114	1.069	0.458	30.828	1.929	0.871	0.935
16	5	111	0.321	0.476	32.75	2.417	0.29	0.387
16	5	108	0.032	0.18	34.0	0.0	0.032	0.032
16	5	105	0.0	0.0	nan	nan	0.0	0.0
16	5	102	0.0	0.0	nan	nan	0.0	0.0
16	5	99	0.0	0.0	nan	nan	0.0	0.0
16	5	96	0.0	0.0	nan	nan	0.0	0.0
16	5	93	0.0	0.0	nan	nan	0.0	0.0
16	5	90	0.0	0.0	nan	nan	0.0	0.0
16	5	87	0.0	0.0	nan	nan	0.0	0.0
16	5	84	0.0	0.0	nan	nan	0.0	0.0
16	5	81	0.0	0.0	nan	nan	0.0	0.0
16	5	78	0.0	0.0	nan	nan	0.0	0.0
16	5	75	0.0	0.0	nan	nan	0.0	0.0
16	5	72	0.0	0.0	nan	nan	0.0	0.0
16	5	69	0.0	0.0	nan	nan	0.0	0.0
16	5	66	0.0	0.0	nan	nan	0.0	0.0
16	5	63	0.0	0.0	nan	nan	0.0	0.0
16	5	60	0.0	0.0	nan	nan	0.0	0.0
16	5	57	0.0	0.0	nan	nan	0.0	0.0
16	5	54	0.0	0.0	nan	nan	0.0	0.0
16	5	51	0.0	0.0	nan	nan	0.0	0.0
16	5	48	0.0	0.0	nan	nan	0.0	0.0
17	5	117	6.226	0.425	18.548	0.506	1.0	1.0
17	5	114	5.71	0.461	18.903	0.301	1.0	1.0
17	5	111	5.29	0.461	19.032	0.18	1.0	1.0
17	5	108	5.097	0.301	19.387	0.667	1.0	1.0
17	5	105	5.0	0.0	19.839	0.523	1.0	1.0
17	5	102	5.0	0.0	20.129	0.428	1.0	1.0
17	5	99	4.645	0.486	20.71	0.461	1.0	1.0
17	5	96	4.258	0.445	21.194	0.543	1.0	1.0
17	5	93	4.032	0.18	21.484	0.677	1.0	1.0
17	5	90	4.0	0.0	22.129	0.619	1.0	1.0
17	5	87	4.0	0.0	22.903	0.597	1.0	1.0
17	5	84	3.419	0.502	23.581	0.765	1.0	1.0
17	5	81	3.097	0.301	24.516	0.677	1.0	1.0
17	5	78	3.0	0.0	25.323	0.909	1.0	1.0
17	5	75	3.0	0.0	26.677	1.045	1.0	1.0
17	5	72	2.903	0.301	28.29	1.677	1.0	1.0
17	5	69	2.419	0.564	31.032	2.041	1.0	1.0
17	5	66	1.742	0.682	33.903	2.357	1.0	1.0
17	5	63	0.931	0.371	38.179	3.378	0.839	0.903
17	5	60	0.233	0.504	41.429	4.353	0.194	0.226
17	5	57	0.0	0.0	nan	nan	0.0	0.0
17	5	54	0.0	0.0	nan	nan	0.0	0.0
17	5	51	0.0	0.0	nan	nan	0.0	0.0
17	5	48	0.0	0.0	nan	nan	0.0	0.0
18	5	117	2.935	0.25	24.387	0.615	1.0	1.0
18	5	114	2.806	0.402	24.839	0.638	1.0	1.0
18	5	111	2.323	0.475	25.548	0.675	1.0	1.0
18	5	108	2.032	0.18	26.323	0.832	1.0	1.0
18	5	105	2.0	0.0	26.871	1.024	1.0	1.0
18	5	102	2.0	0.0	28.387	0.989	1.0	1.0
18	5	99	2.0	0.0	29.742	1.505	1.0	1.0
18	5	96	1.897	0.31	32.387	2.362	0.935	1.0
18	5	93	1.417	0.654	34.379	2.499	0.71	0.935
18	5	90	0.227	0.612	36.167	2.48	0.097	0.387
18	5	87	0.0	0.0	nan	nan	0.0	0.0
18	5	84	0.0	0.0	nan	nan	0.0	0.0
18	5	81	0.0	0.0	nan	nan	0.0	0.0
18	5	78	0.0	0.0	nan	nan	0.0	0.0
18	5	75	0.0	0.0	nan	nan	0.0	0.0
18	5	72	0.0	0.0	nan	nan	0.0	0.0
18	5	69	0.0	0.0	nan	nan	0.0	0.0
18	5	66	0.0	0.0	nan	nan	0.0	0.0
18	5	63	0.0	0.0	nan	nan	0.0	0.0
18	5	60	0.0	0.0	nan	nan	0.0	0.0
18	5	57	0.0	0.0	nan	nan	0.0	0.0
18	5	54	0.0	0.0	nan	nan	0.0	0.0
18	5	51	0.0	0.0	nan	nan	0.0	0.0
18	5	48	0.0	0.0	nan	nan	0.0	0.0
19	5	117	2.0	0.0	23.032	0.706	1.0	1.0
19	5	114	2.0	0.0	23.645	0.608	1.0	1.0
19	5	111	1.871	0.341	24.484	1.122	1.0	1.0
19	5	108	1.677	0.475	25.129	0.846	1.0	1.0
19	5	105	1.226	0.425	27.097	1.886	1.0	1.0
19	5	102	0.903	0.301	29.75	2.619	0.903	0.903
19	5	99	0.4	0.498	30.538	2.436	0.387	0.419
19	5	96	0.097	0.301	30.333	1.528	0.097	0.097
19	5	93	0.0	0.0	nan	nan	0.0	0.0
19	5	90	0.0	0.0	nan	nan	0.0	0.0
19	5	87	0.0	0.0	nan	nan	0.0	0.0
19	5	84	0.0	0.0	nan	nan	0.0	0.0
19	5	81	0.0	0.0	nan	nan	0.0	0.0
19	5	78	0.0	0.0	nan	nan	0.0	0.0
19	5	75	0.0	0.0	nan	nan	0.0	0.0
19	5	72	0.0	0.0	nan	nan	0.0	0.0
19	5	69	0.0	0.0	nan	nan	0.0	0.0
19	5	66	0.0	0.0	nan	nan	0.0	0.0
19	5	63	0.0	0.0	nan	nan	0.0	0.0
19	5	60	0.0	0.0	nan	nan	0.0	0.0
19	5	57	0.0	0.0	nan	nan	0.0	0.0
19	5	54	0.0	0.0	nan	nan	0.0	0.0
19	5	51	0.0	0.0	nan	nan	0.0	0.0
19	5	48	0.0	0.0	nan	nan	0.0	0.0
20	5	117	3.903	0.301	19.839	0.374	1.0	1.0
20	5	114	3.452	0.506	20.129	0.341	1.0	1.0
20	5	111	3.194	0.402	20.645	0.608	1.0	1.0
20	5	108	3.0	0.0	20.871	0.67	1.0	1.0
20	5	105	3.0	0.0	21.355	0.551	1.0	1.0
20	5	102	2.968	0.18	22.129	0.763	1.0	1.0
20	5	99	2.806	0.402	22.903	0.746	1.0	1.0
20	5	96	2.581	0.502	23.29	0.643	1.0	1.0
20	5	93	2.258	0.445	24.097	1.012	1.0	1.0
20	5	90	2.032	0.18	24.774	0.717	1.0	1.0
20	5	87	2.032	0.18	25.806	1.014	1.0	1.0
20	5	84	1.935	0.25	27.0	1.438	1.0	1.0
20	5	81	1.742	0.514	29.133	2.129	0.968	0.968
20	5	78	1.115	0.864	31.391	2.935	0.581	0.742
20	5	75	0.033	0.183	34.0	5.657	0.032	0.065
20	5	72	0.032	0.18	33.0	0.0	0.032	0.032
20	5	69	0.0	0.0	nan	nan	0.0	0.0
20	5	66	0.0	0.0	nan	nan	0.0	0.0
20	5	63	0.0	0.0	nan	nan	0.0	0.0
20	5	60	0.0	0.0	nan	nan	0.0	0.0
20	5	57	0.0	0.0	nan	nan	0.0	0.0
20	5	54	0.0	0.0	nan	nan	0.0	0.0
20	5	51	0.0	0.0	nan	nan	0.0	0.0
20	5	48	0.0	0.0	nan	nan	0.0	0.0
21	5	117	4.419	0.672	18.194	0.477	1.0	1.0
21	5	114	3.71	0.461	18.742	0.445	1.0	1.0
21	5	111	3.387	0.558	18.677	0.541	1.0	1.0
21	5	108	3.129	0.341	19.129	0.428	1.0	1.0
21	5	105	3.065	0.25	19.645	0.486	1.0	1.0
21	5	102	3.032	0.18	19.935	0.574	1.0	1.0
21	5	99	2.903	0.301	20.452	0.506	1.0	1.0
21	5	96	2.806	0.402	20.742	0.575	1.0	1.0
21	5	93	2.419	0.502	21.581	0.672	1.0	1.0
21	5	90	2.065	0.25	22.0	0.894	1.0	1.0
21	5	87	2.032	0.18	22.774	0.669	1.0	1.0
21	5	84	1.968	0.18	23.839	0.82	1.0	1.0
21	5	81	2.0	0.0	25.0	1.065	1.0	1.0
21	5	78	1.613	0.495	26.613	1.383	1.0	1.0
21	5	75	1.267	0.521	29.2	2.355	0.935	0.968
21	5	72	0.379	0.561	30.667	2.605	0.323	0.387
21	5	69	0.032	0.18	34.0	0.0	0.032	0.032
21	5	66	0.0	0.0	nan	nan	0.0	0.0
21	5	63	0.0	0.0	nan	nan	0.0	0.0
21	5	60	0.0	0.0	nan	nan	0.0	0.0
21	5	57	0.0	0.0	nan	nan	0.0	0.0
21	5	54	0.0	0.0	nan	nan	0.0	0.0
21	5	51	0.0	0.0	nan	nan	0.0	0.0
21	5	48	0.0	0.0	nan	nan	0.0	0.0
22	5	117	5.355	0.486	20.742	0.514	1.0	1.0
22	5	114	5.065	0.25	21.065	0.574	1.0	1.0
22	5	111	4.968	0.18	21.323	0.599	1.0	1.0
22	5	108	4.839	0.374	21.935	0.629	1.0	1.0
22	5	105	4.452	0.506	22.29	0.588	1.0	1.0
22	5	102	4.065	0.25	23.0	0.632	1.0	1.0
22	5	99	4.0	0.0	23.484	0.769	1.0	1.0
22	5	96	3.871	0.341	24.355	0.709	1.0	1.0
22	5	93	3.645	0.486	25.097	0.746	1.0	1.0
22	5	90	3.194	0.402	26.032	0.795	1.0	1.0
22	5	87	3.032	0.18	26.71	0.938	1.0	1.0
22	5	84	2.968	0.18	28.226	1.203	1.0	1.0
22	5	81	2.871	0.341	29.871	1.284	1.0	1.0
22	5	78	2.194	0.601	32.387	1.542	1.0	1.0
22	5	75	1.613	0.615	34.484	2.475	1.0	1.0
22	5	72	0.7	0.596	38.95	3.3	0.613	0.645
22	5	69	0.129	0.341	39.25	0.957	0.129	0.129
22	5	66	0.0	0.0	nan	nan	0.0	0.0
22	5	63	0.0	0.0	nan	nan	0.0	0.0
22	5	60	0.0	0.0	nan	nan	0.0	0.0
22	5	57	0.0	0.0	nan	nan	0.0	0.0
22	5	54	0.0	0.0	nan	nan	0.0	0.0
22	5	51	0.0	0.0	nan	nan	0.0	0.0
22	5	48	0.0	0.0	nan	nan	0.0	0.0
23	5	117	3.871	0.341	19.645	0.551	1.0	1.0
23	5	114	3.677	0.475	20.0	0.447	1.0	1.0
23	5	111	3.387	0.495	20.355	0.486	1.0	1.0
23	5	108	3.129	0.341	20.613	0.495	1.0	1.0
23	5	105	3.0	0.0	21.323	0.475	1.0	1.0
23	5	102	3.0	0.0	21.742	0.514	1.0	1.0
23	5	99	2.677	0.475	22.613	0.882	1.0	1.0
23	5	96	2.387	0.495	23.0	1.0	1.0	1.0
23	5	93	2.161	0.374	24.129	0.922	1.0	1.0
23	5	90	2.0	0.0	24.871	0.922	1.0	1.0
23	5	87	1.968	0.315	26.387	1.23	1.0	1.0
23	5	84	1.71	0.588	28.069	1.889	0.935	0.935
23	5	81	0.96	0.79	32.0	4.221	0.548	0.742
23	5	78	0.452	0.675	30.727	2.832	0.355	0.355
23	5	75	0.0	0.0	35.0	0.0	0.0	0.032
23	5	72	0.0	0.0	nan	nan	0.0	0.0
23	5	69	0.0	0.0	nan	nan	0.0	0.0
23	5	66	0.0	0.0	nan	nan	0.0	0.0
23	5	63	0.0	0.0	nan	nan	0.0	0.0
23	5	60	0.0	0.0	nan	nan	0.0	0.0
23	5	57	0.0	0.0	nan	nan	0.0	0.0
23	5	54	0.0	0.0	nan	nan	0.0	0.0
23	5	51	0.0	0.0	nan	nan	0.0	0.0
23	5	48	0.0	0.0	nan	nan	0.0	0.0
24	5	117	4.097	0.473	20.452	0.568	1.0	1.0
24	5	114	3.935	0.25	20.903	0.473	1.0	1.0
24	5	111	3.774	0.425	21.323	0.702	1.0	1.0
24	5	108	3.452	0.506	21.71	0.529	1.0	1.0
24	5	105	3.355	0.486	22.129	0.67	1.0	1.0
24	5	102	3.0	0.0	22.935	0.772	1.0	1.0
24	5	99	2.935	0.359	23.71	0.693	1.0	1.0
24	5	96	2.806	0.402	24.258	0.893	1.0	1.0
24	5	93	2.355	0.486	25.194	0.833	1.0	1.0
24	5	90	2.097	0.301	26.613	1.334	1.0	1.0
24	5	87	2.0	0.365	28.29	2.02	1.0	1.0
24	5	84	1.607	0.875	31.08	3.121	0.71	0.806
24	5	81	0.536	0.793	34.231	3.833	0.323	0.419
24	5	78	0.0	0.0	nan	nan	0.0	0.0
24	5	75	0.0	0.0	nan	nan	0.0	0.0
24	5	72	0.0	0.0	nan	nan	0.0	0.0
24	5	69	0.0	0.0	nan	nan	0.0	0.0
24	5	66	0.0	0.0	nan	nan	0.0	0.0
24	5	63	0.0	0.0	nan	nan	0.0	0.0
24	5	60	0.0	0.0	nan	nan	0.0	0.0
24	5	57	0.0	0.0	nan	nan	0.0	0.0
24	5	54	0.0	0.0	nan	nan	0.0	0.0
24	5	51	0.0	0.0	nan	nan	0.0	0.0
24	5	48	0.0	0.0	nan	nan	0.0	0.0
25	5	117	3.032	0.18	22.226	0.56	1.0	1.0
25	5	114	3.0	0.0	22.71	0.643	1.0	1.0
25	5	111	2.903	0.301	23.161	0.583	1.0	1.0
25	5	108	2.774	0.425	23.613	0.715	1.0	1.0
25	5	105	2.355	0.486	24.71	1.071	1.0	1.0
25	5	102	2.129	0.341	25.387	1.116	1.0	1.0
25	5	99	2.065	0.25	26.065	0.964	1.0	1.0
25	5	96	1.968	0.18	27.581	1.311	1.0	1.0
25	5	93	1.69	0.66	29.464	2.333	0.839	0.903
25	5	90	1.207	0.902	31.045	2.572	0.645	0.71
25	5	87	0.138	0.441	33.0	2.345	0.097	0.161
25	5	84	0.033	0.183	37.0	4.243	0.032	0.065
25	5	81	0.0	0.0	nan	nan	0.0	0.0
25	5	78	0.0	0.0	nan	nan	0.0	0.0
25	5	75	0.0	0.0	nan	nan	0.0	0.0
25	5	72	0.0	0.0	nan	nan	0.0	0.0
25	5	69	0.0	0.0	nan	nan	0.0	0.0
25	5	66	0.0	0.0	nan	nan	0.0	0.0
25	5	63	0.0	0.0	nan	nan	0.0	0.0
25	5	60	0.0	0.0	nan	nan	0.0	0.0
25	5	57	0.0	0.0	nan	nan	0.0	0.0
25	5	54	0.0	0.0	nan	nan	0.0	0.0
25	5	51	0.0	0.0	nan	nan	0.0	0.0
25	5	48	0.0	0.0	nan	nan	0.0	0.0
26	5	117	3.0	0.0	22.613	0.667	1.0	1.0
26	5	114	3.0	0.0	23.0	0.577	1.0	1.0
26	5	111	2.903	0.301	23.774	0.617	1.0	1.0
26	5	108	2.645	0.486	24.387	0.667	1.0	1.0
26	5	105	2.355	0.486	25.129	0.763	1.0	1.0
26	5	102	2.097	0.301	25.903	0.746	1.0	1.0
26	5	99	2.065	0.25	26.839	0.898	1.0	1.0
26	5	96	1.935	0.25	28.677	1.759	1.0	1.0
26	5	93	1.833	0.379	30.323	2.257	0.968	1.0
26	5	90	1.407	0.747	33.259	5.289	0.742	0.871
26	5	87	0.333	0.702	34.833	3.215	0.161	0.387
26	5	84	0.0	0.0	nan	nan	0.0	0.0
26	5	81	0.0	0.0	nan	nan	0.0	0.0
26	5	78	0.0	0.0	nan	nan	0.0	0.0
26	5	75	0.0	0.0	nan	nan	0.0	0.0
26	5	72	0.0	0.0	nan	nan	0.0	0.0
26	5	69	0.0	0.0	nan	nan	0.0	0.0
26	5	66	0.0	0.0	nan	nan	0.0	0.0
26	5	63	0.0	0.0	nan	nan	0.0	0.0
26	5	60	0.0	0.0	nan	nan	0.0	0.0
26	5	57	0.0	0.0	nan	nan	0.0	0.0
26	5	54	0.0	0.0	nan	nan	0.0	0.0
26	5	51	0.0	0.0	nan	nan	0.0	0.0
26	5	48	0.0	0.0	nan	nan	0.0	0.0
27	5	117	3.032	0.18	21.871	0.619	1.0	1.0
27	5	114	3.0	0.0	22.548	0.624	1.0	1.0
27	5	111	3.0	0.0	23.129	0.619	1.0	1.0
27	5	108	2.903	0.301	23.839	0.638	1.0	1.0
27	5	105	2.645	0.486	24.581	0.62	1.0	1.0
27	5	102	2.29	0.461	25.452	0.85	1.0	1.0
27	5	99	2.0	0.0	26.581	1.177	1.0	1.0
27	5	96	2.0	0.0	27.387	1.283	1.0	1.0
27	5	93	2.0	0.0	29.032	1.449	1.0	1.0
27	5	90	1.931	0.258	31.258	2.435	0.935	1.0
27	5	87	1.4	0.821	34.926	3.161	0.516	0.871
27	5	84	0.103	0.31	37.6	1.949	0.097	0.161
27	5	81	0.0	0.0	nan	nan	0.0	0.0
27	5	78	0.0	0.0	nan	nan	0.0	0.0
27	5	75	0.0	0.0	nan	nan	0.0	0.0
27	5	72	0.0	0.0	nan	nan	0.0	0.0
27	5	69	0.0	0.0	nan	nan	0.0	0.0
27	5	66	0.0	0.0	nan	nan	0.0	0.0
27	5	63	0.0	0.0	nan	nan	0.0	0.0
27	5	60	0.0	0.0	nan	nan	0.0	0.0
27	5	57	0.0	0.0	nan	nan	0.0	0.0
27	5	54	0.0	0.0	nan	nan	0.0	0.0
27	5	51	0.0	0.0	nan	nan	0.0	0.0
27	5	48	0.0	0.0	nan	nan	0.0	0.0
28	5	117	3.742	0.445	19.323	0.541	1.0	1.0
28	5	114	3.355	0.486	19.871	0.619	1.0	1.0
28	5	111	3.129	0.341	20.29	0.693	1.0	1.0
28	5	108	3.0	0.0	20.645	0.551	1.0	1.0
28	5	105	2.968	0.18	21.258	0.575	1.0	1.0
28	5	102	2.839	0.374	21.645	0.755	1.0	1.0
28	5	99	2.581	0.502	22.097	0.79	1.0	1.0
28	5	96	2.355	0.486	23.065	0.854	1.0	1.0
28	5	93	2.129	0.341	24.032	1.08	1.0	1.0
28	5	90	2.0	0.0	24.645	1.38	1.0	1.0
28	5	87	1.839	0.374	26.581	1.766	1.0	1.0
28	5	84	1.806	0.477	27.767	1.591	0.968	0.968
28	5	81	1.038	0.774	31.417	2.781	0.613	0.774
28	5	78	0.214	0.568	34.714	3.988	0.129	0.226
28	5	75	0.0	0.0	nan	nan	0.0	0.0
28	5	72	0.0	0.0	nan	nan	0.0	0.0
28	5	69	0.0	0.0	nan	nan	0.0	0.0
28	5	66	0.0	0.0	nan	nan	0.0	0.0
28	5	63	0.0	0.0	nan	nan	0.0	0.0
28	5	60	0.0	0.0	nan	nan	0.0	0.0
28	5	57	0.0	0.0	nan	nan	0.0	0.0
28	5	54	0.0	0.0	nan	nan	0.0	0.0
28	5	51	0.0	0.0	nan	nan	0.0	0.0
28	5	48	0.0	0.0	nan	nan	0.0	0.0
29	5	117	3.903	0.301	22.806	0.654	1.0	1.0
29	5	114	3.806	0.402	23.613	0.495	1.0	1.0
29	5	111	3.548	0.506	24.0	0.73	1.0	1.0
29	5	108	3.129	0.341	24.484	0.724	1.0	1.0
29	5	105	3.032	0.18	25.0	0.683	1.0	1.0
29	5	102	3.0	0.0	25.839	0.735	1.0	1.0
29	5	99	2.968	0.18	26.839	0.934	1.0	1.0
29	5	96	2.871	0.341	27.806	0.792	1.0	1.0
29	5	93	2.452	0.506	29.194	1.195	1.0	1.0
29	5	90	2.129	0.341	30.613	1.334	1.0	1.0
29	5	87	1.871	0.499	32.194	1.721	1.0	1.0
29	5	84	1.367	0.49	34.935	2.516	0.968	1.0
29	5	81	0.69	0.604	37.3	2.736	0.581	0.645
29	5	78	0.0	0.0	41.0	0.0	0.0	0.032
29	5	75	0.0	0.0	nan	nan	0.0	0.0
29	5	72	0.0	0.0	nan	nan	0.0	0.0
29	5	69	0.0	0.0	nan	nan	0.0	0.0
29	5	66	0.0	0.0	nan	nan	0.0	0.0
29	5	63	0.0	0.0	nan	nan	0.0	0.0
29	5	60	0.0	0.0	nan	nan	0.0	0.0
29	5	57	0.0	0.0	nan	nan	0.0	0.0
29	5	54	0.0	0.0	nan	nan	0.0	0.0
29	5	51	0.0	0.0	nan	nan	0.0	0.0
29	5	48	0.0	0.0	nan	nan	0.0	0.0
30	5	117	2.935	0.25	22.806	0.601	1.0	1.0
30	5	114	2.774	0.425	23.355	0.709	1.0	1.0
30	5	111	2.258	0.445	24.129	0.619	1.0	1.0
30	5	108	2.129	0.341	24.548	0.624	1.0	1.0
30	5	105	2.0	0.0	25.387	0.803	1.0	1.0
30	5	102	2.0	0.0	25.871	0.718	1.0	1.0
30	5	99	2.0	0.0	27.677	1.166	1.0	1.0
30	5	96	2.0	0.0	28.742	1.094	1.0	1.0
30	5	93	1.967	0.183	31.0	1.693	0.968	1.0
30	5	90	1.269	0.778	33.115	2.251	0.677	0.839
30	5	87	0.105	0.459	36.692	1.377	0.032	0.419
30	5	84	0.0	0.0	36.0	1.414	0.0	0.065
30	5	81	0.0	0.0	nan	nan	0.0	0.0
30	5	78	0.0	0.0	nan	nan	0.0	0.0
30	5	75	0.0	0.0	nan	nan	0.0	0.0
30	5	72	0.0	0.0	nan	nan	0.0	0.0
30	5	69	0.0	0.0	nan	nan	0.0	0.0
30	5	66	0.0	0.0	nan	nan	0.0	0.0
30	5	63	0.0	0.0	nan	nan	0.0	0.0
30	5	60	0.0	0.0	nan	nan	0.0	0.0
30	5	57	0.0	0.0	nan	nan	0.0	0.0
30	5	54	0.0	0.0	nan	nan	0.0	0.0
30	5	51	0.0	0.0	nan	nan	0.0	0.0
30	5	48	0.0	0.0	nan	nan	0.0	0.0
31	5	117	3.935	0.25	20.323	0.475	1.0	1.0
31	5	114	3.613	0.495	20.677	0.702	1.0	1.0
31	5	111	3.387	0.495	20.839	0.454	1.0	1.0
31	5	108	3.097	0.301	21.645	0.608	1.0	1.0
31	5	105	3.0	0.0	22.161	0.583	1.0	1.0
31	5	102	3.0	0.0	22.903	0.831	1.0	1.0
31	5	99	2.871	0.341	23.355	0.755	1.0	1.0
31	5	96	2.742	0.445	23.871	0.885	1.0	1.0
31	5	93	2.29	0.461	24.742	0.893	1.0	1.0
31	5	90	2.065	0.25	25.71	1.321	1.0	1.0
31	5	87	2.065	0.25	26.871	1.708	1.0	1.0
31	5	84	1.967	0.183	28.387	2.216	0.968	1.0
31	5	81	1.733	0.521	31.0	2.959	0.935	0.968
31	5	78	1.321	0.905	32.0	2.86	0.645	0.742
31	5	75	0.2	0.551	34.4	3.209	0.129	0.161
31	5	72	0.0	0.0	36.0	0.0	0.0	0.032
31	5	69	0.0	0.0	nan	nan	0.0	0.0
31	5	66	0.0	0.0	nan	nan	0.0	0.0
31	5	63	0.0	0.0	nan	nan	0.0	0.0
31	5	60	0.0	0.0	nan	nan	0.0	0.0
31	5	57	0.0	0.0	nan	nan	0.0	0.0
31	5	54	0.0	0.0	nan	nan	0.0	0.0
31	5	51	0.0	0.0	nan	nan	0.0	0.0
31	5	48	0.0	0.0	nan	nan	0.0	0.0
0	6	117	5.0	0.0	19.806	0.477	1.0	1.0
0	6	114	4.968	0.18	19.871	0.499	1.0	1.0
0	6	111	4.903	0.301	20.161	0.454	1.0	1.0
0	6	108	4.258	0.445	20.806	0.477	1.0	1.0
0	6	105	4.097	0.301	21.065	0.629	1.0	1.0
0	6	102	4.0	0.0	21.548	0.506	1.0	1.0
0	6	99	3.968	0.18	22.0	0.632	1.0	1.0
0	6	96	3.935	0.25	22.677	0.599	1.0	1.0
0	6	93	3.677	0.475	23.387	0.558	1.0	1.0
0	6	90	3.258	0.445	24.323	0.748	1.0	1.0
0	6	87	3.032	0.18	25.0	0.73	1.0	1.0
0	6	84	3.0	0.0	25.645	0.755	1.0	1.0
0	6	81	2.968	0.18	26.903	1.136	1.0	1.0
0	6	78	2.903	0.301	28.516	1.48	1.0	1.0
0	6	75	2.387	0.615	31.097	1.972	1.0	1.0
0	6	72	1.742	0.729	34.032	2.869	1.0	1.0
0	6	69	1.0	0.447	37.857	3.229	0.903	0.903
0	6	66	0.1	0.305	44.75	4.992	0.097	0.129
0	6	63	0.0	0.0	nan	nan	0.0	0.0
0	6	60	0.0	0.0	nan	nan	0.0	0.0
0	6	57	0.0	0.0	nan	nan	0.0	0.0
0	6	54	0.0	0.0	nan	nan	0.0	0.0
0	6	51	0.0	0.0	nan	nan	0.0	0.0
0	6	48	0.0	0.0	nan	nan	0.0	0.0
1	6	117	4.29	0.461	19.742	0.514	1.0	1.0
1	6	114	4.065	0.25	20.032	0.547	1.0	1.0
1	6	111	4.0	0.0	20.581	0.564	1.0	1.0
1	6	108	4.0	0.0	20.839	0.583	1.0	1.0
1	6	105	3.903	0.301	21.258	0.514	1.0	1.0
1	6	102	3.613	0.495	21.871	0.499	1.0	1.0
1	6	99	3.29	0.461	22.516	0.769	1.0	1.0
1	6	96	3.0	0.258	23.258	0.773	1.0	1.0
1	6	93	3.032	0.18	23.935	0.814	1.0	1.0
1	6	90	2.968	0.18	24.806	0.703	1.0	1.0
1	6	87	2.806	0.402	26.032	1.11	1.0	1.0
1	6	84	2.548	0.506	26.935	1.504	1.0	1.0
1	6	81	2.0	0.258	28.839	1.614	1.0	1.0
1	6	78	1.871	0.341	31.806	2.04	1.0	1.0
1	6	75	1.467	0.571	34.4	3.069	0.935	0.968
1	6	72	0.704	0.669	37.3	2.886	0.516	0.645
1	6	69	0.0	0.0	nan	nan	0.0	0.0
1	6	66	0.0	0.0	nan	nan	0.0	0.0
1	6	63	0.0	0.0	nan	nan	0.0	0.0
1	6	60	0.0	0.0	nan	nan	0.0	0.0
1	6	57	0.0	0.0	nan	nan	0.0	0.0
1	6	54	0.0	0.0	nan	nan	0.0	0.0
1	6	51	0.0	0.0	nan	nan	0.0	0.0
1	6	48	0.0	0.0	nan	nan	0.0	0.0
2	6	117	3.968	0.18	20.129	0.499	1.0	1.0
2	6	114	3.774	0.425	20.613	0.495	1.0	1.0
2	6	111	3.516	0.508	21.065	0.442	1.0	1.0
2	6	108	3.226	0.425	21.323	0.475	1.0	1.0
2	6	105	3.032	0.315	21.903	0.651	1.0	1.0
2	6	102	3.0	0.0	22.452	0.85	1.0	1.0
2	6	99	2.871	0.341	22.903	0.651	1.0	1.0
2	6	96	2.613	0.495	23.742	0.855	1.0	1.0
2	6	93	2.226	0.425	24.613	0.803	1.0	1.0
2	6	90	2.097	0.301	25.71	0.902	1.0	1.0
2	6	87	1.968	0.18	26.806	1.195	1.0	1.0
2	6	84	1.839	0.454	27.8	1.901	0.968	0.968
2	6	81	1.593	0.747	30.593	3.273	0.742	0.871
2	6	78	0.444	0.751	32.917	3.423	0.258	0.387
2	6	75	0.111	0.424	35.0	2.757	0.065	0.194
2	6	72	0.0	0.0	nan	nan	0.0	0.0
2	6	69	0.0	0.0	nan	nan	0.0	0.0
2	6	66	0.0	0.0	nan	nan	0.0	0.0
2	6	63	0.0	0.0	nan	nan	0.0	0.0
2	6	60	0.0	0.0	nan	nan	0.0	0.0
2	6	57	0.0	0.0	nan	nan	0.0	0.0
2	6	54	0.0	0.0	nan	nan	0.0	0.0
2	6	51	0.0	0.0	nan	nan	0.0	0.0
2	6	48	0.0	0.0	nan	nan	0.0	0.0
3	6	117	1.968	0.18	25.903	0.79	1.0	1.0
3	6	114	1.871	0.341	26.581	0.765	1.0	1.0
3	6	111	1.581	0.502	27.645	1.518	1.0	1.0
3	6	108	1.226	0.56	29.517	1.765	0.935	0.935
3	6	105	0.75	0.441	32.25	2.923	0.677	0.774
3	6	102	0.071	0.262	33.2	3.493	0.065	0.161
3	6	99	0.0	0.0	37.0	0.0	0.0	0.032
3	6	96	0.0	0.0	nan	nan	0.0	0.0
3	6	93	0.0	0.0	nan	nan	0.0	0.0
3	6	90	0.0	0.0	nan	nan	0.0	0.0
3	6	87	0.0	0.0	nan	nan	0.0	0.0
3	6	84	0.0	0.0	nan	nan	0.0	0.0
3	6	81	0.0	0.0	nan	nan	0.0	0.0
3	6	78	0.0	0.0	nan	nan	0.0	0.0
3	6	75	0.0	0.0	nan	nan	0.0	0.0
3	6	72	0.0	0.0	nan	nan	0.0	0.0
3	6	69	0.0	0.0	nan	nan	0.0	0.0
3	6	66	0.0	0.0	nan	nan	0.0	0.0
3	6	63	0.0	0.0	nan	nan	0.0	0.0
3	6	60	0.0	0.0	nan	nan	0.0	0.0
3	6	57	0.0	0.0	nan	nan	0.0	0.0
3	6	54	0.0	0.0	nan	nan	0.0	0.0
3	6	51	0.0	0.0	nan	nan	0.0	0.0
3	6	48	0.0	0.0	nan	nan	0.0	0.0
4	6	117	4.806	0.402	22.226	0.497	1.0	1.0
4	6	114	4.29	0.461	22.516	0.57	1.0	1.0
4	6	111	4.0	0.0	23.065	0.359	1.0	1.0
4	6	108	4.0	0.0	23.581	0.502	1.0	1.0
4	6	105	3.968	0.18	23.968	0.657	1.0	1.0
4	6	102	3.806	0.402	24.903	0.651	1.0	1.0
4	6	99	3.387	0.495	25.581	0.72	1.0	1.0
4	6	96	3.097	0.301	26.032	0.605	1.0	1.0
4	6	93	3.0	0.0	27.29	1.006	1.0	1.0
4	6	90	2.968	0.18	28.29	0.938	1.0	1.0
4	6	87	3.0	0.0	29.484	1.387	1.0	1.0
4	6	84	2.419	0.672	32.032	2.302	1.0	1.0
4	6	81	1.742	0.575	33.806	1.851	1.0	1.0
4	6	78	1.065	0.442	36.759	2.43	0.935	0.935
4	6	75	0.5	0.509	39.941	2.703	0.452	0.548
4	6	72	0.032	0.18	38.0	0.0	0.032	0.032
4	6	69	0.0	0.0	nan	nan	0.0	0.0
4	6	66	0.0	0.0	nan	nan	0.0	0.0
4	6	63	0.0	0.0	nan	nan	0.0	0.0
4	6	60	0.0	0.0	nan	nan	0.0	0.0
4	6	57	0.0	0.0	nan	nan	0.0	0.0
4	6	54	0.0	0.0	nan	nan	0.0	0.0
4	6	51	0.0	0.0	nan	nan	0.0	0.0
4	6	48	0.0	0.0	nan	nan	0.0	0.0
5	6	117	2.871	0.341	20.129	0.499	1.0	1.0
5	6	114	2.613	0.495	20.677	0.475	1.0	1.0
5	6	111	2.387	0.495	21.065	0.629	1.0	1.0
5	6	108	2.129	0.341	21.548	0.506	1.0	1.0
5	6	105	2.0	0.0	21.968	0.605	1.0	1.0
5	6	102	2.0	0.0	22.839	0.583	1.0	1.0
5	6	99	1.968	0.18	23.29	0.643	1.0	1.0
5	6	96	1.871	0.341	24.161	0.969	1.0	1.0
5	6	93	1.387	0.495	25.581	1.232	1.0	1.0
5	6	90	1.258	0.514	26.633	1.732	0.968	0.968
5	6	87	0.968	0.482	28.741	2.123	0.871	0.871
5	6	84	0.167	0.379	31.333	4.502	0.161	0.194
5	6	81	0.0	0.0	nan	nan	0.0	0.0
5	6	78	0.0	0.0	nan	nan	0.0	0.0
5	6	75	0.0	0.0	nan	nan	0.0	0.0
5	6	72	0.0	0.0	nan	nan	0.0	0.0
5	6	69	0.0	0.0	nan	nan	0.0	0.0
5	6	66	0.0	0.0	nan	nan	0.0	0.0
5	6	63	0.0	0.0	nan	nan	0.0	0.0
5	6	60	0.0	0.0	nan	nan	0.0	0.0
5	6	57	0.0	0.0	nan	nan	0.0	0.0
5	6	54	0.0	0.0	nan	nan	0.0	0.0
5	6	51	0.0	0.0	nan	nan	0.0	0.0
5	6	48	0.0	0.0	nan	nan	0.0	0.0
6	6	117	4.0	0.0	19.516	0.508	1.0	1.0
6	6	114	4.0	0.0	19.806	0.477	1.0	1.0
6	6	111	3.871	0.341	20.258	0.514	1.0	1.0
6	6	108	3.677	0.475	20.677	0.541	1.0	1.0
6	6	105	3.387	0.495	21.097	0.301	1.0	1.0
6	6	102	3.032	0.18	21.516	0.626	1.0	1.0
6	6	99	3.0	0.0	22.129	0.885	1.0	1.0
6	6	96	3.0	0.0	22.71	0.588	1.0	1.0
6	6	93	2.968	0.18	23.419	0.765	1.0	1.0
6	6	90	2.871	0.341	24.29	0.739	1.0	1.0
6	6	87	2.355	0.486	25.548	1.121	1.0	1.0
6	6	84	2.097	0.301	26.548	0.995	1.0	1.0
6	6	81	2.032	0.18	27.677	1.137	1.0	1.0
6	6	78	1.935	0.359	29.533	1.995	0.968	0.968
6	6	75	1.677	0.475	32.968	2.726	1.0	1.0
6	6	72	1.179	0.819	35.375	2.961	0.677	0.774
6	6	69	0.0	0.0	39.5	0.707	0.0	0.065
6	6	66	0.0	0.0	nan	nan	0.0	0.0
6	6	63	0.0	0.0	nan	nan	0.0	0.0
6	6	60	0.0	0.0	nan	nan	0.0	0.0
6	6	57	0.0	0.0	nan	nan	0.0	0.0
6	6	54	0.0	0.0	nan	nan	0.0	0.0
6	6	51	0.0	0.0	nan	nan	0.0	0.0
6	6	48	0.0	0.0	nan	nan	0.0	0.0
7	6	117	4.0	0.0	23.806	0.477	1.0	1.0
7	6	114	4.0	0.0	24.226	0.617	1.0	1.0
7	6	111	3.935	0.25	25.0	0.632	1.0	1.0
7	6	108	3.71	0.461	25.581	0.72	1.0	1.0
7	6	105	3.194	0.402	26.484	0.724	1.0	1.0
7	6	102	3.0	0.0	27.129	0.957	1.0	1.0
7	6	99	3.0	0.0	28.258	0.999	1.0	1.0
7	6	96	3.0	0.0	29.645	1.355	1.0	1.0
7	6	93	2.645	0.551	31.387	1.498	1.0	1.0
7	6	90	1.677	0.653	34.065	2.394	1.0	1.0
7	6	87	1.226	0.497	35.967	2.025	0.968	0.968
7	6	84	0.806	0.402	38.52	1.917	0.806	0.806
7	6	81	0.167	0.379	41.0	3.633	0.161	0.194
7	6	78	0.0	0.0	nan	nan	0.0	0.0
7	6	75	0.0	0.0	nan	nan	0.0	0.0
7	6	72	0.0	0.0	nan	nan	0.0	0.0
7	6	69	0.0	0.0	nan	nan	0.0	0.0
7	6	66	0.0	0.0	nan	nan	0.0	0.0
7	6	63	0.0	0.0	nan	nan	0.0	0.0
7	6	60	0.0	0.0	nan	nan	0.0	0.0
7	6	57	0.0	0.0	nan	nan	0.0	0.0
7	6	54	0.0	0.0	nan	nan	0.0	0.0
7	6	51	0.0	0.0	nan	nan	0.0	0.0
7	6	48	0.0	0.0	nan	nan	0.0	0.0
8	6	117	3.032	0.18	20.968	0.482	1.0	1.0
8	6	114	3.0	0.0	21.387	0.615	1.0	1.0
8	6	111	3.0	0.0	21.903	0.651	1.0	1.0
8	6	108	2.935	0.25	22.419	0.564	1.0	1.0
8	6	105	2.452	0.506	22.903	0.7	1.0	1.0
8	6	102	2.258	0.445	23.645	0.709	1.0	1.0
8	6	99	2.097	0.301	24.129	0.763	1.0	1.0
8	6	96	2.0	0.0	25.032	0.752	1.0	1.0
8	6	93	1.968	0.18	25.871	0.885	1.0	1.0
8	6	90	1.774	0.425	27.194	1.195	1.0	1.0
8	6	87	1.433	0.626	29.552	2.339	0.903	0.935
8	6	84	1.111	0.751	31.44	2.709	0.677	0.806
8	6	81	0.0	0.0	nan	nan	0.0	0.0
8	6	78	0.0	0.0	nan	nan	0.0	0.0
8	6	75	0.0	0.0	nan	nan	0.0	0.0
8	6	72	0.0	0.0	nan	nan	0.0	0.0
8	6	69	0.0	0.0	nan	nan	0.0	0.0
8	6	66	0.0	0.0	nan	nan	0.0	0.0
8	6	63	0.0	0.0	nan	nan	0.0	0.0
8	6	60	0.0	0.0	nan	nan	0.0	0.0
8	6	57	0.0	0.0	nan	nan	0.0	0.0
8	6	54	0.0	0.0	nan	nan	0.0	0.0
8	6	51	0.0	0.0	nan	nan	0.0	0.0
8	6	48	0.0	0.0	nan	nan	0.0	0.0
9	6	117	3.0	0.0	25.258	0.631	1.0	1.0
9	6	114	2.968	0.18	26.129	0.718	1.0	1.0
9	6	111	2.806	0.402	26.71	0.783	1.0	1.0
9	6	108	2.484	0.508	27.677	0.832	1.0	1.0
9	6	105	2.161	0.374	28.645	1.05	1.0	1.0
9	6	102	2.032	0.18	30.452	1.546	1.0	1.0
9	6	99	1.839	0.374	32.194	1.815	1.0	1.0
9	6	96	1.345	0.614	34.414	1.881	0.871	0.935
9	6	93	0.655	0.614	37.158	2.218	0.548	0.613
9	6	90	0.032	0.18	39.0	0.0	0.032	0.032
9	6	87	0.0	0.0	nan	nan	0.0	0.0
9	6	84	0.0	0.0	nan	nan	0.0	0.0
9	6	81	0.0	0.0	nan	nan	0.0	0.0
9	6	78	0.0	0.0	nan	nan	0.0	0.0
9	6	75	0.0	0.0	nan	nan	0.0	0.0
9	6	72	0.0	0.0	nan	nan	0.0	0.0
9	6	69	0.0	0.0	nan	nan	0.0	0.0
9	6	66	0.0	0.0	nan	nan	0.0	0.0
9	6	63	0.0	0.0	nan	nan	0.0	0.0
9	6	60	0.0	0.0	nan	nan	0.0	0.0
9	6	57	0.0	0.0	nan	nan	0.0	0.0
9	6	54	0.0	0.0	nan	nan	0.0	0.0
9	6	51	0.0	0.0	nan	nan	0.0	0.0
9	6	48	0.0	0.0	nan	nan	0.0	0.0
10	6	117	3.387	0.495	25.0	0.516	1.0	1.0
10	6	114	3.097	0.301	25.548	0.624	1.0	1.0
10	6	111	3.0	0.0	26.065	0.629	1.0	1.0
10	6	108	2.968	0.18	26.806	0.749	1.0	1.0
10	6	105	2.871	0.341	27.355	0.755	1.0	1.0
10	6	102	2.742	0.445	28.71	1.039	1.0	1.0
10	6	99	2.258	0.445	30.161	1.53	1.0	1.0
10	6	96	1.968	0.18	31.516	1.671	1.0	1.0
10	6	93	1.742	0.445	32.839	1.951	1.0	1.0
10	6	90	1.433	0.568	34.967	2.539	0.935	0.968
10	6	87	0.613	0.615	37.412	2.575	0.548	0.548
10	6	84	0.0	0.0	nan	nan	0.0	0.0
10	6	81	0.0	0.0	nan	nan	0.0	0.0
10	6	78	0.0	0.0	nan	nan	0.0	0.0
10	6	75	0.0	0.0	nan	nan	0.0	0.0
10	6	72	0.0	0.0	nan	nan	0.0	0.0
10	6	69	0.0	0.0	nan	nan	0.0	0.0
10	6	66	0.0	0.0	nan	nan	0.0	0.0
10	6	63	0.0	0.0	nan	nan	0.0	0.0
10	6	60	0.0	0.0	nan	nan	0.0	0.0
10	6	57	0.0	0.0	nan	nan	0.0	0.0
10	6	54	0.0	0.0	nan	nan	0.0	0.0
10	6	51	0.0	0.0	nan	nan	0.0	0.0
10	6	48	0.0	0.0	nan	nan	0.0	0.0
11	6	117	4.581	0.502	18.194	0.402	1.0	1.0
11	6	114	4.323	0.475	18.452	0.568	1.0	1.0
11	6	111	3.871	0.499	18.774	0.425	1.0	1.0
11	6	108	3.387	0.495	19.258	0.445	1.0	1.0
11	6	105	3.097	0.301	19.742	0.514	1.0	1.0
11	6	102	3.0	0.0	20.0	0.365	1.0	1.0
11	6	99	3.032	0.18	20.258	0.631	1.0	1.0
11	6	96	3.0	0.0	21.194	0.703	1.0	1.0
11	6	93	2.839	0.374	21.839	0.523	1.0	1.0
11	6	90	2.806	0.402	22.387	0.667	1.0	1.0
11	6	87	2.387	0.495	23.355	0.877	1.0	1.0
11	6	84	2.065	0.25	24.355	1.142	1.0	1.0
11	6	81	2.0	0.0	25.548	1.387	1.0	1.0
11	6	78	1.968	0.18	27.258	1.879	1.0	1.0
11	6	75	1.935	0.25	29.742	2.366	1.0	1.0
11	6	72	1.655	0.67	32.643	2.297	0.839	0.903
11	6	69	0.208	0.509	37.182	3.573	0.129	0.355
11	6	66	0.0	0.0	nan	nan	0.0	0.0
11	6	63	0.0	0.0	nan	nan	0.0	0.0
11	6	60	0.0	0.0	nan	nan	0.0	0.0
11	6	57	0.0	0.0	nan	nan	0.0	0.0
11	6	54	0.0	0.0	nan	nan	0.0	0.0
11	6	51	0.0	0.0	nan	nan	0.0	0.0
11	6	48	0.0	0.0	nan	nan	0.0	0.0
12	6	117	3.032	0.18	20.29	0.461	1.0	1.0
12	6	114	3.0	0.0	20.935	0.359	1.0	1.0
12	6	111	3.0	0.0	21.097	0.597	1.0	1.0
12	6	108	2.968	0.315	21.581	0.72	1.0	1.0
12	6	105	2.839	0.374	22.29	0.643	1.0	1.0
12	6	102	2.484	0.508	22.677	0.653	1.0	1.0
12	6	99	2.226	0.425	23.355	0.608	1.0	1.0
12	6	96	2.032	0.18	23.871	0.885	1.0	1.0
12	6	93	2.0	0.0	24.452	0.961	1.0	1.0
12	6	90	1.968	0.18	25.742	0.893	1.0	1.0
12	6	87	1.903	0.301	26.968	1.169	1.0	1.0
12	6	84	1.806	0.402	28.484	1.651	1.0	1.0
12	6	81	1.207	0.726	30.846	2.167	0.774	0.839
12	6	78	0.333	0.62	32.909	1.814	0.226	0.355
12	6	75	0.0	0.0	nan	nan	0.0	0.0
12	6	72	0.0	0.0	nan	nan	0.0	0.0
12	6	69	0.0	0.0	nan	nan	0.0	0.0
12	6	66	0.0	0.0	nan	nan	0.0	0.0
12	6	63	0.0	0.0	nan	nan	0.0	0.0
12	6	60	0.0	0.0	nan	nan	0.0	0.0
12	6	57	0.0	0.0	nan	nan	0.0	0.0
12	6	54	0.0	0.0	nan	nan	0.0	0.0
12	6	51	0.0	0.0	nan	nan	0.0	0.0
12	6	48	0.0	0.0	nan	nan	0.0	0.0
13	6	117	3.71	0.461	21.355	0.486	1.0	1.0
13	6	114	3.323	0.475	21.903	0.396	1.0	1.0
13	6	111	3.065	0.25	22.065	0.512	1.0	1.0
13	6	108	2.968	0.18	22.774	0.56	1.0	1.0
13	6	105	2.935	0.25	23.387	0.761	1.0	1.0
13	6	102	2.839	0.374	24.065	0.574	1.0	1.0
13	6	99	2.516	0.508	24.355	0.755	1.0	1.0
13	6	96	2.129	0.341	25.484	1.092	1.0	1.0
13	6	93	2.032	0.18	26.677	0.945	1.0	1.0
13	6	90	1.968	0.18	28.194	1.327	1.0	1.0
13	6	87	1.852	0.362	30.871	3.041	0.871	1.0
13	6	84	1.321	0.905	32.348	1.968	0.645	0.742
13	6	81	0.276	0.591	34.75	1.832	0.194	0.258
13	6	78	0.0	0.0	nan	nan	0.0	0.0
13	6	75	0.0	0.0	nan	nan	0.0	0.0
13	6	72	0.0	0.0	nan	nan	0.0	0.0
13	6	69	0.0	0.0	nan	nan	0.0	0.0
13	6	66	0.0	0.0	nan	nan	0.0	0.0
13	6	63	0.0	0.0	nan	nan	0.0	0.0
13	6	60	0.0	0.0	nan	nan	0.0	0.0
13	6	57	0.0	0.0	nan	nan	0.0	0.0
13	6	54	0.0	0.0	nan	nan	0.0	0.0
13	6	51	0.0	0.0	nan	nan	0.0	0.0
13	6	48	0.0	0.0	nan	nan	0.0	0.0
14	6	117	4.0	0.0	23.0	0.577	1.0	1.0
14	6	114	4.032	0.18	23.613	0.495	1.0	1.0
14	6	111	4.0	0.0	23.871	0.562	1.0	1.0
14	6	108	4.0	0.0	24.452	0.568	1.0	1.0
14	6	105	3.774	0.425	24.742	0.682	1.0	1.0
14	6	102	3.258	0.445	25.71	0.588	1.0	1.0
14	6	99	3.129	0.341	26.226	0.669	1.0	1.0
14	6	96	3.0	0.0	27.032	0.795	1.0	1.0
14	6	93	3.0	0.0	27.903	0.831	1.0	1.0
14	6	90	2.903	0.301	29.065	0.964	1.0	1.0
14	6	87	2.581	0.502	30.387	1.116	1.0	1.0
14	6	84	2.161	0.523	32.452	1.823	1.0	1.0
14	6	81	1.516	0.508	34.194	1.701	1.0	1.0
14	6	78	0.833	0.531	38.375	2.7	0.742	0.774
14	6	75	0.138	0.351	41.0	3.162	0.129	0.194
14	6	72	0.0	0.0	nan	nan	0.0	0.0
14	6	69	0.0	0.0	nan	nan	0.0	0.0
14	6	66	0.0	0.0	nan	nan	0.0	0.0
14	6	63	0.0	0.0	nan	nan	0.0	0.0
14	6	60	0.0	0.0	nan	nan	0.0	0.0
14	6	57	0.0	0.0	nan	nan	0.0	0.0
14	6	54	0.0	0.0	nan	nan	0.0	0.0
14	6	51	0.0	0.0	nan	nan	0.0	0.0
14	6	48	0.0	0.0	nan	nan	0.0	0.0
15	6	117	2.0	0.0	22.194	0.601	1.0	1.0
15	6	114	1.935	0.25	23.0	0.632	1.0	1.0
15	6	111	1.645	0.486	23.645	0.877	1.0	1.0
15	6	108	1.419	0.502	24.968	0.912	1.0	1.0
15	6	105	1.032	0.18	25.806	1.014	1.0	1.0
15	6	102	1.0	0.0	27.194	1.515	1.0	1.0
15	6	99	0.774	0.425	27.958	1.334	0.774	0.774
15	6	96	0.2	0.407	30.429	2.37	0.194	0.226
15	6	93	0.0	0.0	35.0	0.0	0.0	0.032
15	6	90	0.0	0.0	nan	nan	0.0	0.0
15	6	87	0.0	0.0	nan	nan	0.0	0.0
15	6	84	0.0	0.0	nan	nan	0.0	0.0
15	6	81	0.0	0.0	nan	nan	0.0	0.0
15	6	78	0.0	0.0	nan	nan	0.0	0.0
15	6	75	0.0	0.0	nan	nan	0.0	0.0
15	6	72	0.0	0.0	nan	nan	0.0	0.0
15	6	69	0.0	0.0	nan	nan	0.0	0.0
15	6	66	0.0	0.0	nan	nan	0.0	0.0
15	6	63	0.0	0.0	nan	nan	0.0	0.0
15	6	60	0.0	0.0	nan	nan	0.0	0.0
15	6	57	0.0	0.0	nan	nan	0.0	0.0
15	6	54	0.0	0.0	nan	nan	0.0	0.0
15	6	51	0.0	0.0	nan	nan	0.0	0.0
15	6	48	0.0	0.0	nan	nan	0.0	0.0
16	6	117	4.968	0.407	18.742	0.445	1.0	1.0
16	6	114	4.677	0.475	19.032	0.547	1.0	1.0
16	6	111	4.516	0.508	19.29	0.461	1.0	1.0
16	6	108	4.258	0.445	19.645	0.551	1.0	1.0
16	6	105	4.097	0.301	19.935	0.359	1.0	1.0
16	6	102	4.0	0.0	20.355	0.551	1.0	1.0
16	6	99	3.903	0.301	20.548	0.723	1.0	1.0
16	6	96	3.645	0.486	21.129	0.619	1.0	1.0
16	6	93	3.323	0.475	21.548	0.675	1.0	1.0
16	6	90	3.129	0.341	22.032	0.605	1.0	1.0
16	6	87	2.968	0.18	22.903	0.651	1.0	1.0
16	6	84	2.871	0.428	23.387	1.145	1.0	1.0
16	6	81	2.839	0.374	24.323	0.871	1.0	1.0
16	6	78	2.484	0.508	25.258	1.182	1.0	1.0
16	6	75	2.258	0.445	26.323	1.351	1.0	1.0
16	6	72	2.0	0.0	27.839	1.614	1.0	1.0
16	6	69	1.968	0.18	29.387	1.801	1.0	1.0
16	6	66	1.346	0.797	32.5	3.265	0.677	0.839
16	6	63	0.64	0.81	36.471	4.259	0.355	0.548
16	6	60	0.0	0.0	nan	nan	0.0	0.0
16	6	57	0.0	0.0	nan	nan	0.0	0.0
16	6	54	0.0	0.0	nan	nan	0.0	0.0
16	6	51	0.0	0.0	nan	nan	0.0	0.0
16	6	48	0.0	0.0	nan	nan	0.0	0.0
17	6	117	2.419	0.502	20.0	0.447	1.0	1.0
17	6	114	2.129	0.341	20.355	0.486	1.0	1.0
17	6	111	2.065	0.25	20.871	0.499	1.0	1.0
17	6	108	2.032	0.18	21.323	0.599	1.0	1.0
17	6	105	1.968	0.18	21.935	0.772	1.0	1.0
17	6	102	2.0	0.0	22.581	0.502	1.0	1.0
17	6	99	1.839	0.374	23.71	0.739	1.0	1.0
17	6	96	1.387	0.495	24.774	1.146	1.0	1.0
17	6	93	1.129	0.341	26.065	1.825	1.0	1.0
17	6	90	0.933	0.254	29.0	2.632	0.903	0.935
17	6	87	0.533	0.507	29.941	2.249	0.516	0.548
17	6	84	0.0	0.0	nan	nan	0.0	0.0
17	6	81	0.0	0.0	nan	nan	0.0	0.0
17	6	78	0.0	0.0	nan	nan	0.0	0.0
17	6	75	0.0	0.0	nan	nan	0.0	0.0
17	6	72	0.0	0.0	nan	nan	0.0	0.0
17	6	69	0.0	0.0	nan	nan	0.0	0.0
17	6	66	0.0	0.0	nan	nan	0.0	0.0
17	6	63	0.0	0.0	nan	nan	0.0	0.0
17	6	60	0.0	0.0	nan	nan	0.0	0.0
17	6	57	0.0	0.0	nan	nan	0.0	0.0
17	6	54	0.0	0.0	nan	nan	0.0	0.0
17	6	51	0.0	0.0	nan	nan	0.0	0.0
17	6	48	0.0	0.0	nan	nan	0.0	0.0
18	6	117	3.29	0.461	21.29	0.588	1.0	1.0
18	6	114	3.032	0.18	21.677	0.475	1.0	1.0
18	6	111	3.0	0.0	22.097	0.539	1.0	1.0
18	6	108	2.935	0.25	22.387	0.844	1.0	1.0
18	6	105	2.903	0.301	23.129	0.428	1.0	1.0
18	6	102	2.71	0.461	23.645	0.608	1.0	1.0
18	6	99	2.323	0.475	24.581	0.62	1.0	1.0
18	6	96	2.065	0.25	25.323	1.077	1.0	1.0
18	6	93	2.0	0.0	26.0	0.931	1.0	1.0
18	6	90	2.0	0.0	27.806	1.195	1.0	1.0
18	6	87	1.839	0.454	29.3	1.985	0.968	0.968
18	6	84	0.962	0.824	32.0	3.192	0.548	0.71
18	6	81	0.067	0.365	31.5	7.778	0.032	0.065
18	6	78	0.0	0.0	nan	nan	0.0	0.0
18	6	75	0.0	0.0	nan	nan	0.0	0.0
18	6	72	0.0	0.0	nan	nan	0.0	0.0
18	6	69	0.0	0.0	nan	nan	0.0	0.0
18	6	66	0.0	0.0	nan	nan	0.0	0.0
18	6	63	0.0	0.0	nan	nan	0.0	0.0
18	6	60	0.0	0.0	nan	nan	0.0	0.0
18	6	57	0.0	0.0	nan	nan	0.0	0.0
18	6	54	0.0	0.0	nan	nan	0.0	0.0
18	6	51	0.0	0.0	nan	nan	0.0	0.0
18	6	48	0.0	0.0	nan	nan	0.0	0.0
19	6	117	3.613	0.495	21.645	0.551	1.0	1.0
19	6	114	3.032	0.18	21.968	0.547	1.0	1.0
19	6	111	3.065	0.25	22.548	0.624	1.0	1.0
19	6	108	3.0	0.0	22.806	0.601	1.0	1.0
19	6	105	3.0	0.0	23.613	0.667	1.0	1.0
19	6	102	2.935	0.25	24.355	0.839	1.0	1.0
19	6	99	2.935	0.25	25.0	0.856	1.0	1.0
19	6	96	2.581	0.502	25.806	0.91	1.0	1.0
19	6	93	2.097	0.301	26.806	1.108	1.0	1.0
19	6	90	2.0	0.0	28.097	1.044	1.0	1.0
19	6	87	2.0	0.0	29.806	1.352	1.0	1.0
19	6	84	1.806	0.402	32.355	1.854	1.0	1.0
19	6	81	1.241	0.636	34.929	2.243	0.839	0.903
19	6	78	0.269	0.604	37.1	2.601	0.161	0.323
19	6	75	0.0	0.0	nan	nan	0.0	0.0
19	6	72	0.0	0.0	nan	nan	0.0	0.0
19	6	69	0.0	0.0	nan	nan	0.0	0.0
19	6	66	0.0	0.0	nan	nan	0.0	0.0
19	6	63	0.0	0.0	nan	nan	0.0	0.0
19	6	60	0.0	0.0	nan	nan	0.0	0.0
19	6	57	0.0	0.0	nan	nan	0.0	0.0
19	6	54	0.0	0.0	nan	nan	0.0	0.0
19	6	51	0.0	0.0	nan	nan	0.0	0.0
19	6	48	0.0	0.0	nan	nan	0.0	0.0
20	6	117	4.097	0.301	18.968	0.315	1.0	1.0
20	6	114	4.032	0.18	19.194	0.477	1.0	1.0
20	6	111	4.032	0.18	19.645	0.551	1.0	1.0
20	6	108	3.968	0.18	20.129	0.499	1.0	1.0
20	6	105	3.871	0.341	20.516	0.508	1.0	1.0
20	6	102	3.323	0.475	21.0	0.516	1.0	1.0
20	6	99	3.129	0.341	21.677	0.599	1.0	1.0
20	6	96	3.0	0.0	22.161	0.688	1.0	1.0
20	6	93	3.032	0.18	22.935	0.814	1.0	1.0
20	6	90	2.968	0.315	23.742	0.93	1.0	1.0
20	6	87	2.806	0.402	24.548	1.028	1.0	1.0
20	6	84	2.29	0.461	25.968	1.354	1.0	1.0
20	6	81	2.065	0.25	27.129	1.628	1.0	1.0
20	6	78	2.0	0.0	28.645	1.924	1.0	1.0
20	6	75	1.833	0.379	30.871	2.642	0.968	1.0
20	6	72	1.333	0.758	33.346	2.897	0.806	0.839
20	6	69	0.103	0.31	36.2	3.899	0.097	0.161
20	6	66	0.0	0.0	nan	nan	0.0	0.0
20	6	63	0.0	0.0	nan	nan	0.0	0.0
20	6	60	0.0	0.0	nan	nan	0.0	0.0
20	6	57	0.0	0.0	nan	nan	0.0	0.0
20	6	54	0.0	0.0	nan	nan	0.0	0.0
20	6	51	0.0	0.0	nan	nan	0.0	0.0
20	6	48	0.0	0.0	nan	nan	0.0	0.0
21	6	117	3.0	0.0	20.968	0.407	1.0	1.0
21	6	114	2.935	0.25	21.645	0.551	1.0	1.0
21	6	111	2.774	0.425	21.806	0.543	1.0	1.0
21	6	108	2.452	0.506	22.548	0.675	1.0	1.0
21	6	105	2.097	0.301	23.065	0.68	1.0	1.0
21	6	102	2.065	0.25	23.742	0.855	1.0	1.0
21	6	99	2.0	0.0	24.419	0.672	1.0	1.0
21	6	96	1.903	0.301	25.839	0.934	1.0	1.0
21	6	93	1.742	0.445	26.935	1.861	1.0	1.0
21	6	90	1.355	0.486	28.645	2.074	1.0	1.0
21	6	87	1.111	0.751	30.76	3.032	0.677	0.806
21	6	84	0.143	0.448	32.333	3.777	0.097	0.194
21	6	81	0.033	0.183	33.0	2.828	0.032	0.065
21	6	78	0.0	0.0	nan	nan	0.0	0.0
21	6	75	0.0	0.0	nan	nan	0.0	0.0
21	6	72	0.0	0.0	nan	nan	0.0	0.0
21	6	69	0.0	0.0	nan	nan	0.0	0.0
21	6	66	0.0	0.0	nan	nan	0.0	0.0
21	6	63	0.0	0.0	nan	nan	0.0	0.0
21	6	60	0.0	0.0	nan	nan	0.0	0.0
21	6	57	0.0	0.0	nan	nan	0.0	0.0
21	6	54	0.0	0.0	nan	nan	0.0	0.0
21	6	51	0.0	0.0	nan	nan	0.0	0.0
21	6	48	0.0	0.0	nan	nan	0.0	0.0
22	6	117	2.645	0.486	22.032	0.482	1.0	1.0
22	6	114	2.355	0.486	22.452	0.568	1.0	1.0
22	6	111	2.161	0.374	23.0	0.516	1.0	1.0
22	6	108	2.0	0.0	23.484	0.769	1.0	1.0
22	6	105	2.0	0.0	24.226	0.617	1.0	1.0
22	6	102	2.0	0.0	25.194	0.91	1.0	1.0
22	6	99	1.935	0.25	26.065	1.031	1.0	1.0
22	6	96	1.677	0.475	27.839	2.131	1.0	1.0
22	6	93	1.419	0.502	28.774	2.232	1.0	1.0
22	6	90	0.667	0.679	32.0	2.582	0.484	0.613
22	6	87	0.0	0.0	nan	nan	0.0	0.0
22	6	84	0.0	0.0	nan	nan	0.0	0.0
22	6	81	0.0	0.0	nan	nan	0.0	0.0
22	6	78	0.0	0.0	nan	nan	0.0	0.0
22	6	75	0.0	0.0	nan	nan	0.0	0.0
22	6	72	0.0	0.0	nan	nan	0.0	0.0
22	6	69	0.0	0.0	nan	nan	0.0	0.0
22	6	66	0.0	0.0	nan	nan	0.0	0.0
22	6	63	0.0	0.0	nan	nan	0.0	0.0
22	6	60	0.0	0.0	nan	nan	0.0	0.0
22	6	57	0.0	0.0	nan	nan	0.0	0.0
22	6	54	0.0	0.0	nan	nan	0.0	0.0
22	6	51	0.0	0.0	nan	nan	0.0	0.0
22	6	48	0.0	0.0	nan	nan	0.0	0.0
23	6	117	3.516	0.508	21.935	0.574	1.0	1.0
23	6	114	3.097	0.301	22.355	0.608	1.0	1.0
23	6	111	3.065	0.25	22.903	0.651	1.0	1.0
23	6	108	2.968	0.18	23.452	0.675	1.0	1.0
23	6	105	2.839	0.374	23.839	0.688	1.0	1.0
23	6	102	2.484	0.508	24.645	0.877	1.0	1.0
23	6	99	2.194	0.402	25.452	0.961	1.0	1.0
23	6	96	2.0	0.0	26.871	2.766	0.968	1.0
23	6	93	2.0	0.0	28.645	2.259	0.968	1.0
23	6	90	1.828	0.384	29.806	2.509	0.935	1.0
23	6	87	0.917	0.83	32.909	3.235	0.484	0.71
23	6	84	0.138	0.516	35.75	2.754	0.065	0.129
23	6	81	0.0	0.0	nan	nan	0.0	0.0
23	6	78	0.0	0.0	nan	nan	0.0	0.0
23	6	75	0.0	0.0	nan	nan	0.0	0.0
23	6	72	0.0	0.0	nan	nan	0.0	0.0
23	6	69	0.0	0.0	nan	nan	0.0	0.0
23	6	66	0.0	0.0	nan	nan	0.0	0.0
23	6	63	0.0	0.0	nan	nan	0.0	0.0
23	6	60	0.0	0.0	nan	nan	0.0	0.0
23	6	57	0.0	0.0	nan	nan	0.0	0.0
23	6	54	0.0	0.0	nan	nan	0.0	0.0
23	6	51	0.0	0.0	nan	nan	0.0	0.0
23	6	48	0.0	0.0	nan	nan	0.0	0.0
24	6	117	4.0	0.0	21.323	0.702	1.0	1.0
24	6	114	3.968	0.18	21.806	0.543	1.0	1.0
24	6	111	4.0	0.0	22.29	0.529	1.0	1.0
24	6	108	3.742	0.445	22.806	0.543	1.0	1.0
24	6	105	3.194	0.402	23.323	0.653	1.0	1.0
24	6	102	3.0	0.0	24.032	0.482	1.0	1.0
24	6	99	3.0	0.0	24.935	0.854	1.0	1.0
24	6	96	2.968	0.18	25.387	0.667	1.0	1.0
24	6	93	2.839	0.374	26.387	0.919	1.0	1.0
24	6	90	2.742	0.445	27.548	0.768	1.0	1.0
24	6	87	2.258	0.445	29.258	1.505	1.0	1.0
24	6	84	2.065	0.25	31.129	1.36	1.0	1.0
24	6	81	1.613	0.558	33.567	2.75	0.968	0.968
24	6	78	1.032	0.482	36.393	2.266	0.903	0.903
24	6	75	0.346	0.485	39.643	2.468	0.29	0.452
24	6	72	0.0	0.0	nan	nan	0.0	0.0
24	6	69	0.0	0.0	nan	nan	0.0	0.0
24	6	66	0.0	0.0	nan	nan	0.0	0.0
24	6	63	0.0	0.0	nan	nan	0.0	0.0
24	6	60	0.0	0.0	nan	nan	0.0	0.0
24	6	57	0.0	0.0	nan	nan	0.0	0.0
24	6	54	0.0	0.0	nan	nan	0.0	0.0
24	6	51	0.0	0.0	nan	nan	0.0	0.0
24	6	48	0.0	0.0	nan	nan	0.0	0.0
25	6	117	4.484	0.677	18.29	0.461	1.0	1.0
25	6	114	4.065	0.25	18.839	0.583	1.0	1.0
25	6	111	4.032	0.18	19.129	0.67	1.0	1.0
25	6	108	3.935	0.25	19.516	0.57	1.0	1.0
25	6	105	3.871	0.341	19.839	0.638	1.0	1.0
25	6	102	3.613	0.495	20.129	0.718	1.0	1.0
25	6	99	3.194	0.402	20.871	0.67	1.0	1.0
25	6	96	3.065	0.25	21.452	0.723	1.0	1.0
25	6	93	3.0	0.0	21.581	0.923	1.0	1.0
25	6	90	3.0	0.0	22.645	0.661	1.0	1.0
25	6	87	2.806	0.402	23.323	0.945	1.0	1.0
25	6	84	2.677	0.475	24.516	1.061	1.0	1.0
25	6	81	2.065	0.25	25.581	1.025	1.0	1.0
25	6	78	2.032	0.18	26.935	1.611	1.0	1.0
25	6	75	1.968	0.18	28.677	1.904	1.0	1.0
25	6	72	1.7	0.535	32.1	3.144	0.935	0.968
25	6	69	1.0	0.748	36.042	2.678	0.613	0.774
25	6	66	0.032	0.18	35.0	0.0	0.032	0.032
25	6	63	0.0	0.0	nan	nan	0.0	0.0
25	6	60	0.0	0.0	nan	nan	0.0	0.0
25	6	57	0.0	0.0	nan	nan	0.0	0.0
25	6	54	0.0	0.0	nan	nan	0.0	0.0
25	6	51	0.0	0.0	nan	nan	0.0	0.0
25	6	48	0.0	0.0	nan	nan	0.0	0.0
26	6	117	3.032	0.18	19.806	0.402	1.0	1.0
26	6	114	2.968	0.18	20.032	0.657	1.0	1.0
26	6	111	3.0	0.0	20.677	0.832	1.0	1.0
26	6	108	2.871	0.341	21.065	0.574	1.0	1.0
26	6	105	2.774	0.425	21.355	0.551	1.0	1.0
26	6	102	2.419	0.502	21.903	0.597	1.0	1.0
26	6	99	2.065	0.25	22.903	1.044	1.0	1.0
26	6	96	2.0	0.0	23.258	0.773	1.0	1.0
26	6	93	2.0	0.0	24.548	0.888	1.0	1.0
26	6	90	1.839	0.374	25.484	1.151	1.0	1.0
26	6	87	1.633	0.49	26.645	1.889	0.968	1.0
26	6	84	1.207	0.62	28.679	2.894	0.839	0.903
26	6	81	0.538	0.582	32.111	3.496	0.419	0.581
26	6	78	0.0	0.0	37.0	2.828	0.0	0.065
26	6	75	0.0	0.0	nan	nan	0.0	0.0
26	6	72	0.0	0.0	nan	nan	0.0	0.0
26	6	69	0.0	0.0	nan	nan	0.0	0.0
26	6	66	0.0	0.0	nan	nan	0.0	0.0
26	6	63	0.0	0.0	nan	nan	0.0	0.0
26	6	60	0.0	0.0	nan	nan	0.0	0.0
26	6	57	0.0	0.0	nan	nan	0.0	0.0
26	6	54	0.0	0.0	nan	nan	0.0	0.0
26	6	51	0.0	0.0	nan	nan	0.0	0.0
26	6	48	0.0	0.0	nan	nan	0.0	0.0
27	6	117	3.161	0.374	20.355	0.661	1.0	1.0
27	6	114	3.0	0.0	20.839	0.583	1.0	1.0
27	6	111	3.0	0.0	21.258	0.575	1.0	1.0
27	6	108	3.0	0.0	21.903	0.539	1.0	1.0
27	6	105	3.0	0.0	22.194	0.749	1.0	1.0
27	6	102	2.806	0.402	22.806	0.833	1.0	1.0
27	6	99	2.419	0.502	23.581	0.62	1.0	1.0
27	6	96	2.129	0.341	24.419	0.672	1.0	1.0
27	6	93	2.032	0.18	25.129	1.088	1.0	1.0
27	6	90	2.0	0.0	26.774	1.383	1.0	1.0
27	6	87	2.0	0.0	28.194	1.424	1.0	1.0
27	6	84	2.0	0.0	30.742	2.175	0.968	1.0
27	6	81	1.577	0.643	33.241	3.334	0.774	0.935
27	6	78	0.519	0.753	35.786	4.042	0.323	0.452
27	6	75	0.1	0.305	36.25	2.63	0.097	0.129
27	6	72	0.0	0.0	nan	nan	0.0	0.0
27	6	69	0.0	0.0	nan	nan	0.0	0.0
27	6	66	0.0	0.0	nan	nan	0.0	0.0
27	6	63	0.0	0.0	nan	nan	0.0	0.0
27	6	60	0.0	0.0	nan	nan	0.0	0.0
27	6	57	0.0	0.0	nan	nan	0.0	0.0
27	6	54	0.0	0.0	nan	nan	0.0	0.0
27	6	51	0.0	0.0	nan	nan	0.0	0.0
27	6	48	0.0	0.0	nan	nan	0.0	0.0
28	6	117	3.0	0.0	21.161	0.638	1.0	1.0
28	6	114	3.0	0.0	21.581	0.72	1.0	1.0
28	6	111	2.968	0.18	22.226	0.56	1.0	1.0
28	6	108	2.968	0.18	22.903	0.651	1.0	1.0
28	6	105	2.645	0.486	23.355	0.709	1.0	1.0
28	6	102	2.226	0.425	24.032	0.912	1.0	1.0
28	6	99	2.065	0.25	24.677	0.909	1.0	1.0
28	6	96	2.0	0.0	25.516	0.851	1.0	1.0
28	6	93	2.0	0.0	26.323	0.871	1.0	1.0
28	6	90	2.0	0.0	27.452	1.207	1.0	1.0
28	6	87	1.935	0.25	29.516	1.823	1.0	1.0
28	6	84	1.731	0.533	31.167	2.866	0.806	0.968
28	6	81	0.619	0.74	34.2	2.764	0.323	0.645
28	6	78	0.0	0.0	36.75	1.258	0.0	0.129
28	6	75	0.0	0.0	nan	nan	0.0	0.0
28	6	72	0.0	0.0	nan	nan	0.0	0.0
28	6	69	0.0	0.0	nan	nan	0.0	0.0
28	6	66	0.0	0.0	nan	nan	0.0	0.0
28	6	63	0.0	0.0	nan	nan	0.0	0.0
28	6	60	0.0	0.0	nan	nan	0.0	0.0
28	6	57	0.0	0.0	nan	nan	0.0	0.0
28	6	54	0.0	0.0	nan	nan	0.0	0.0
28	6	51	0.0	0.0	nan	nan	0.0	0.0
28	6	48	0.0	0.0	nan	nan	0.0	0.0
29	6	117	3.903	0.301	19.968	0.547	1.0	1.0
29	6	114	3.677	0.475	20.29	0.529	1.0	1.0
29	6	111	3.452	0.506	20.677	0.599	1.0	1.0
29	6	108	3.161	0.374	21.161	0.583	1.0	1.0
29	6	105	3.032	0.18	21.516	0.811	1.0	1.0
29	6	102	3.0	0.258	21.968	0.547	1.0	1.0
29	6	99	2.871	0.341	22.677	0.832	1.0	1.0
29	6	96	2.742	0.445	23.323	0.748	1.0	1.0
29	6	93	2.355	0.486	24.032	0.983	1.0	1.0
29	6	90	2.097	0.301	24.903	0.944	1.0	1.0
29	6	87	2.032	0.315	26.065	1.365	1.0	1.0
29	6	84	1.935	0.25	27.258	1.21	1.0	1.0
29	6	81	1.607	0.567	30.9	3.188	0.871	0.968
29	6	78	0.893	0.916	31.722	3.177	0.484	0.581
29	6	75	0.276	0.649	33.857	3.078	0.161	0.226
29	6	72	0.0	0.0	nan	nan	0.0	0.0
29	6	69	0.0	0.0	nan	nan	0.0	0.0
29	6	66	0.0	0.0	nan	nan	0.0	0.0
29	6	63	0.0	0.0	nan	nan	0.0	0.0
29	6	60	0.0	0.0	nan	nan	0.0	0.0
29	6	57	0.0	0.0	nan	nan	0.0	0.0
29	6	54	0.0	0.0	nan	nan	0.0	0.0
29	6	51	0.0	0.0	nan	nan	0.0	0.0
29	6	48	0.0	0.0	nan	nan	0.0	0.0
30	6	117	2.968	0.18	23.226	0.92	1.0	1.0
30	6	114	2.968	0.18	23.581	0.72	1.0	1.0
30	6	111	3.0	0.0	24.226	0.669	1.0	1.0
30	6	108	2.742	0.445	24.839	0.583	1.0	1.0
30	6	105	2.29	0.461	25.419	0.958	1.0	1.0
30	6	102	2.097	0.301	26.032	0.706	1.0	1.0
30	6	99	2.065	0.25	26.871	1.056	1.0	1.0
30	6	96	1.968	0.18	28.161	1.44	1.0	1.0
30	6	93	2.0	0.0	29.387	1.407	1.0	1.0
30	6	90	1.966	0.186	31.774	2.348	0.935	1.0
30	6	87	1.579	0.607	34.367	2.846	0.581	0.968
30	6	84	0.478	0.79	36.133	3.27	0.226	0.484
30	6	81	0.033	0.183	36.5	3.536	0.032	0.065
30	6	78	0.0	0.0	nan	nan	0.0	0.0
30	6	75	0.0	0.0	nan	nan	0.0	0.0
30	6	72	0.0	0.0	nan	nan	0.0	0.0
30	6	69	0.0	0.0	nan	nan	0.0	0.0
30	6	66	0.0	0.0	nan	nan	0.0	0.0
30	6	63	0.0	0.0	nan	nan	0.0	0.0
30	6	60	0.0	0.0	nan	nan	0.0	0.0
30	6	57	0.0	0.0	nan	nan	0.0	0.0
30	6	54	0.0	0.0	nan	nan	0.0	0.0
30	6	51	0.0	0.0	nan	nan	0.0	0.0
30	6	48	0.0	0.0	nan	nan	0.0	0.0
31	6	117	4.0	0.0	19.0	0.365	1.0	1.0
31	6	114	4.032	0.18	19.355	0.551	1.0	1.0
31	6	111	3.935	0.25	19.677	0.475	1.0	1.0
31	6	108	3.613	0.558	19.935	0.574	1.0	1.0
31	6	105	3.29	0.461	20.484	0.508	1.0	1.0
31	6	102	3.065	0.25	21.194	0.654	1.0	1.0
31	6	99	2.968	0.18	21.581	0.564	1.0	1.0
31	6	96	3.0	0.0	22.419	0.765	1.0	1.0
31	6	93	2.968	0.18	23.032	0.657	1.0	1.0
31	6	90	2.806	0.402	23.645	0.755	1.0	1.0
31	6	87	2.387	0.495	24.548	0.925	1.0	1.0
31	6	84	2.226	0.425	25.774	1.283	1.0	1.0
31	6	81	2.0	0.0	27.516	1.435	1.0	1.0
31	6	78	1.935	0.25	30.548	3.325	1.0	1.0
31	6	75	1.742	0.514	32.806	2.242	1.0	1.0
31	6	72	0.519	0.58	36.941	3.152	0.419	0.548
31	6	69	0.0	0.0	40.0	1.414	0.0	0.065
31	6	66	0.0	0.0	nan	nan	0.0	0.0
31	6	63	0.0	0.0	nan	nan	0.0	0.0
31	6	60	0.0	0.0	nan	nan	0.0	0.0
31	6	57	0.0	0.0	nan	nan	0.0	0.0
31	6	54	0.0	0.0	nan	nan	0.0	0.0
31	6	51	0.0	0.0	nan	nan	0.0	0.0
31	6	48	0.0	0.0	nan	nan	0.0	0.0
0	7	117	2.935	0.25	21.71	0.461	1.0	1.0
0	7	114	2.516	0.508	22.387	0.667	1.0	1.0
0	7	111	2.226	0.425	23.0	0.632	1.0	1.0
0	7	108	2.097	0.301	23.71	0.643	1.0	1.0
0	7	105	2.0	0.0	24.226	0.669	1.0	1.0
0	7	102	2.0	0.0	25.194	1.078	1.0	1.0
0	7	99	2.0	0.0	26.226	0.92	1.0	1.0
0	7	96	1.774	0.425	27.484	1.338	1.0	1.0
0	7	93	1.355	0.486	29.032	1.494	1.0	1.0
0	7	90	0.621	0.561	32.0	2.539	0.548	0.613
0	7	87	0.143	0.356	33.0	3.958	0.129	0.226
0	7	84	0.0	0.0	nan	nan	0.0	0.0
0	7	81	0.0	0.0	nan	nan	0.0	0.0
0	7	78	0.0	0.0	nan	nan	0.0	0.0
0	7	75	0.0	0.0	nan	nan	0.0	0.0
0	7	72	0.0	0.0	nan	nan	0.0	0.0
0	7	69	0.0	0.0	nan	nan	0.0	0.0
0	7	66	0.0	0.0	nan	nan	0.0	0.0
0	7	63	0.0	0.0	nan	nan	0.0	0.0
0	7	60	0.0	0.0	nan	nan	0.0	0.0
0	7	57	0.0	0.0	nan	nan	0.0	0.0
0	7	54	0.0	0.0	nan	nan	0.0	0.0
0	7	51	0.0	0.0	nan	nan	0.0	0.0
0	7	48	0.0	0.0	nan	nan	0.0	0.0
1	7	117	4.129	0.341	21.742	0.514	1.0	1.0
1	7	114	4.0	0.0	22.129	0.499	1.0	1.0
1	7	111	4.0	0.0	22.581	0.564	1.0	1.0
1	7	108	3.871	0.341	23.194	0.601	1.0	1.0
1	7	105	3.516	0.508	23.645	0.709	1.0	1.0
1	7	102	3.258	0.445	24.032	0.706	1.0	1.0
1	7	99	3.032	0.18	24.645	0.551	1.0	1.0
1	7	96	3.0	0.0	25.774	0.845	1.0	1.0
1	7	93	2.968	0.18	26.387	1.054	1.0	1.0
1	7	90	2.871	0.341	27.387	1.054	1.0	1.0
1	7	87	2.355	0.486	28.226	0.884	1.0	1.0
1	7	84	2.065	0.359	30.484	1.786	1.0	1.0
1	7	81	1.742	0.445	32.871	1.765	1.0	1.0
1	7	78	1.31	0.471	35.613	3.095	0.935	1.0
1	7	75	0.138	0.351	38.667	2.422	0.129	0.194
1	7	72	0.0	0.0	nan	nan	0.0	0.0
1	7	69	0.0	0.0	nan	nan	0.0	0.0
1	7	66	0.0	0.0	nan	nan	0.0	0.0
1	7	63	0.0	0.0	nan	nan	0.0	0.0
1	7	60	0.0	0.0	nan	nan	0.0	0.0
1	7	57	0.0	0.0	nan	nan	0.0	0.0
1	7	54	0.0	0.0	nan	nan	0.0	0.0
1	7	51	0.0	0.0	nan	nan	0.0	0.0
1	7	48	0.0	0.0	nan	nan	0.0	0.0
2	7	117	2.0	0.0	22.516	0.626	1.0	1.0
2	7	114	2.0	0.0	23.129	0.562	1.0	1.0
2	7	111	2.0	0.0	23.774	0.617	1.0	1.0
2	7	108	1.935	0.25	24.581	0.807	1.0	1.0
2	7	105	1.548	0.506	25.419	0.886	1.0	1.0
2	7	102	1.129	0.341	26.71	1.006	1.0	1.0
2	7	99	0.8	0.407	29.4	2.0	0.774	0.806
2	7	96	0.345	0.484	30.75	2.667	0.323	0.387
2	7	93	0.0	0.0	36.0	0.0	0.0	0.032
2	7	90	0.0	0.0	nan	nan	0.0	0.0
2	7	87	0.0	0.0	nan	nan	0.0	0.0
2	7	84	0.0	0.0	nan	nan	0.0	0.0
2	7	81	0.0	0.0	nan	nan	0.0	0.0
2	7	78	0.0	0.0	nan	nan	0.0	0.0
2	7	75	0.0	0.0	nan	nan	0.0	0.0
2	7	72	0.0	0.0	nan	nan	0.0	0.0
2	7	69	0.0	0.0	nan	nan	0.0	0.0
2	7	66	0.0	0.0	nan	nan	0.0	0.0
2	7	63	0.0	0.0	nan	nan	0.0	0.0
2	7	60	0.0	0.0	nan	nan	0.0	0.0
2	7	57	0.0	0.0	nan	nan	0.0	0.0
2	7	54	0.0	0.0	nan	nan	0.0	0.0
2	7	51	0.0	0.0	nan	nan	0.0	0.0
2	7	48	0.0	0.0	nan	nan	0.0	0.0
3	7	117	2.065	0.25	20.677	0.475	1.0	1.0
3	7	114	2.032	0.18	21.161	0.523	1.0	1.0
3	7	111	2.0	0.0	21.71	0.588	1.0	1.0
3	7	108	2.0	0.0	22.419	0.564	1.0	1.0
3	7	105	2.0	0.0	23.129	0.619	1.0	1.0
3	7	102	2.0	0.0	23.645	0.755	1.0	1.0
3	7	99	2.0	0.0	24.323	0.832	1.0	1.0
3	7	96	1.806	0.402	25.355	1.018	1.0	1.0
3	7	93	1.258	0.445	26.742	1.154	1.0	1.0
3	7	90	1.032	0.18	29.065	1.526	1.0	1.0
3	7	87	0.667	0.48	32.045	2.193	0.581	0.71
3	7	84	0.161	0.374	32.4	0.894	0.161	0.161
3	7	81	0.0	0.0	nan	nan	0.0	0.0
3	7	78	0.0	0.0	nan	nan	0.0	0.0
3	7	75	0.0	0.0	nan	nan	0.0	0.0
3	7	72	0.0	0.0	nan	nan	0.0	0.0
3	7	69	0.0	0.0	nan	nan	0.0	0.0
3	7	66	0.0	0.0	nan	nan	0.0	0.0
3	7	63	0.0	0.0	nan	nan	0.0	0.0
3	7	60	0.0	0.0	nan	nan	0.0	0.0
3	7	57	0.0	0.0	nan	nan	0.0	0.0
3	7	54	0.0	0.0	nan	nan	0.0	0.0
3	7	51	0.0	0.0	nan	nan	0.0	0.0
3	7	48	0.0	0.0	nan	nan	0.0	0.0
4	7	117	3.0	0.0	23.323	0.475	1.0	1.0
4	7	114	2.903	0.301	23.742	0.575	1.0	1.0
4	7	111	2.516	0.508	24.258	0.631	1.0	1.0
4	7	108	2.387	0.495	24.613	0.803	1.0	1.0
4	7	105	2.097	0.301	25.645	0.551	1.0	1.0
4	7	102	2.032	0.18	26.581	0.807	1.0	1.0
4	7	99	1.968	0.18	27.323	1.045	1.0	1.0
4	7	96	1.935	0.25	28.871	1.5	1.0	1.0
4	7	93	1.862	0.351	31.29	2.369	0.935	1.0
4	7	90	1.321	0.819	32.92	2.397	0.71	0.806
4	7	87	0.227	0.612	34.667	1.969	0.097	0.387
4	7	84	0.0	0.0	nan	nan	0.0	0.0
4	7	81	0.0	0.0	nan	nan	0.0	0.0
4	7	78	0.0	0.0	nan	nan	0.0	0.0
4	7	75	0.0	0.0	nan	nan	0.0	0.0
4	7	72	0.0	0.0	nan	nan	0.0	0.0
4	7	69	0.0	0.0	nan	nan	0.0	0.0
4	7	66	0.0	0.0	nan	nan	0.0	0.0
4	7	63	0.0	0.0	nan	nan	0.0	0.0
4	7	60	0.0	0.0	nan	nan	0.0	0.0
4	7	57	0.0	0.0	nan	nan	0.0	0.0
4	7	54	0.0	0.0	nan	nan	0.0	0.0
4	7	51	0.0	0.0	nan	nan	0.0	0.0
4	7	48	0.0	0.0	nan	nan	0.0	0.0
5	7	117	2.935	0.25	23.161	0.583	1.0	1.0
5	7	114	2.806	0.402	23.774	0.56	1.0	1.0
5	7	111	2.419	0.502	24.645	0.661	1.0	1.0
5	7	108	2.065	0.25	25.516	0.811	1.0	1.0
5	7	105	2.032	0.18	26.355	1.561	1.0	1.0
5	7	102	2.0	0.258	27.387	1.022	1.0	1.0
5	7	99	1.806	0.543	28.724	1.461	0.935	0.935
5	7	96	1.32	0.748	32.481	2.622	0.677	0.871
5	7	93	0.481	0.802	33.917	4.889	0.258	0.387
5	7	90	0.0	0.0	35.0	0.0	0.0	0.032
5	7	87	0.0	0.0	nan	nan	0.0	0.0
5	7	84	0.0	0.0	nan	nan	0.0	0.0
5	7	81	0.0	0.0	nan	nan	0.0	0.0
5	7	78	0.0	0.0	nan	nan	0.0	0.0
5	7	75	0.0	0.0	nan	nan	0.0	0.0
5	7	72	0.0	0.0	nan	nan	0.0	0.0
5	7	69	0.0	0.0	nan	nan	0.0	0.0
5	7	66	0.0	0.0	nan	nan	0.0	0.0
5	7	63	0.0	0.0	nan	nan	0.0	0.0
5	7	60	0.0	0.0	nan	nan	0.0	0.0
5	7	57	0.0	0.0	nan	nan	0.0	0.0
5	7	54	0.0	0.0	nan	nan	0.0	0.0
5	7	51	0.0	0.0	nan	nan	0.0	0.0
5	7	48	0.0	0.0	nan	nan	0.0	0.0
6	7	117	3.355	0.486	24.516	0.677	1.0	1.0
6	7	114	3.097	0.301	25.129	0.67	1.0	1.0
6	7	111	3.0	0.0	25.645	0.608	1.0	1.0
6	7	108	3.0	0.0	26.097	0.79	1.0	1.0
6	7	105	3.0	0.0	26.839	0.688	1.0	1.0
6	7	102	2.935	0.25	27.613	0.919	1.0	1.0
6	7	99	2.548	0.506	28.935	1.181	1.0	1.0
6	7	96	2.097	0.301	30.323	1.137	1.0	1.0
6	7	93	2.0	0.258	31.71	1.395	1.0	1.0
6	7	90	1.333	0.479	35.129	2.473	0.968	1.0
6	7	87	0.741	0.447	37.708	2.196	0.645	0.774
6	7	84	0.067	0.254	40.333	3.512	0.065	0.097
6	7	81	0.0	0.0	nan	nan	0.0	0.0
6	7	78	0.0	0.0	nan	nan	0.0	0.0
6	7	75	0.0	0.0	nan	nan	0.0	0.0
6	7	72	0.0	0.0	nan	nan	0.0	0.0
6	7	69	0.0	0.0	nan	nan	0.0	0.0
6	7	66	0.0	0.0	nan	nan	0.0	0.0
6	7	63	0.0	0.0	nan	nan	0.0	0.0
6	7	60	0.0	0.0	nan	nan	0.0	0.0
6	7	57	0.0	0.0	nan	nan	0.0	0.0
6	7	54	0.0	0.0	nan	nan	0.0	0.0
6	7	51	0.0	0.0	nan	nan	0.0	0.0
6	7	48	0.0	0.0	nan	nan	0.0	0.0
7	7	117	3.0	0.0	21.839	0.638	1.0	1.0
7	7	114	3.0	0.0	22.226	0.56	1.0	1.0
7	7	111	2.806	0.402	22.968	0.706	1.0	1.0
7	7	108	2.71	0.461	23.516	0.811	1.0	1.0
7	7	105	2.355	0.486	24.129	0.67	1.0	1.0
7	7	102	2.065	0.25	25.065	0.727	1.0	1.0
7	7	99	2.0	0.0	25.903	0.746	1.0	1.0
7	7	96	2.0	0.0	26.419	1.148	1.0	1.0
7	7	93	1.903	0.301	27.806	1.302	1.0	1.0
7	7	90	1.742	0.514	30.2	2.172	0.968	0.968
7	7	87	1.0	0.8	32.478	2.41	0.581	0.742
7	7	84	0.103	0.409	35.75	3.775	0.065	0.129
7	7	81	0.0	0.0	nan	nan	0.0	0.0
7	7	78	0.0	0.0	nan	nan	0.0	0.0
7	7	75	0.0	0.0	nan	nan	0.0	0.0
7	7	72	0.0	0.0	nan	nan	0.0	0.0
7	7	69	0.0	0.0	nan	nan	0.0	0.0
7	7	66	0.0	0.0	nan	nan	0.0	0.0
7	7	63	0.0	0.0	nan	nan	0.0	0.0
7	7	60	0.0	0.0	nan	nan	0.0	0.0
7	7	57	0.0	0.0	nan	nan	0.0	0.0
7	7	54	0.0	0.0	nan	nan	0.0	0.0
7	7	51	0.0	0.0	nan	nan	0.0	0.0
7	7	48	0.0	0.0	nan	nan	0.0	0.0
8	7	117	5.065	0.359	17.355	0.486	1.0	1.0
8	7	114	5.0	0.0	17.645	0.486	1.0	1.0
8	7	111	4.548	0.675	18.194	0.543	1.0	1.0
8	7	108	4.323	0.599	18.226	0.497	1.0	1.0
8	7	105	3.71	0.529	18.742	0.631	1.0	1.0
8	7	102	3.129	0.341	19.0	0.447	1.0	1.0
8	7	99	3.161	0.374	19.581	0.564	1.0	1.0
8	7	96	3.0	0.0	20.065	0.814	1.0	1.0
8	7	93	3.0	0.0	20.516	0.57	1.0	1.0
8	7	90	2.903	0.301	21.097	0.539	1.0	1.0
8	7	87	2.387	0.495	21.935	0.854	1.0	1.0
8	7	84	2.29	0.461	22.677	0.599	1.0	1.0
8	7	81	2.065	0.25	23.419	0.765	1.0	1.0
8	7	78	1.968	0.18	24.387	1.145	1.0	1.0
8	7	75	2.0	0.0	25.903	1.513	1.0	1.0
8	7	72	1.935	0.25	28.613	2.362	1.0	1.0
8	7	69	1.393	0.737	30.63	2.662	0.774	0.871
8	7	66	0.577	0.758	33.375	3.202	0.355	0.516
8	7	63	0.0	0.0	nan	nan	0.0	0.0
8	7	60	0.0	0.0	nan	nan	0.0	0.0
8	7	57	0.0	0.0	nan	nan	0.0	0.0
8	7	54	0.0	0.0	nan	nan	0.0	0.0
8	7	51	0.0	0.0	nan	nan	0.0	0.0
8	7	48	0.0	0.0	nan	nan	0.0	0.0
9	7	117	3.968	0.18	20.032	0.407	1.0	1.0
9	7	114	3.613	0.495	20.387	0.667	1.0	1.0
9	7	111	3.226	0.425	20.839	0.454	1.0	1.0
9	7	108	3.032	0.18	21.452	0.568	1.0	1.0
9	7	105	2.968	0.18	21.839	0.454	1.0	1.0
9	7	102	2.935	0.25	22.581	0.807	1.0	1.0
9	7	99	2.774	0.425	23.065	0.574	1.0	1.0
9	7	96	2.581	0.502	23.613	1.086	1.0	1.0
9	7	93	2.194	0.402	24.613	1.145	1.0	1.0
9	7	90	2.0	0.0	25.742	0.999	1.0	1.0
9	7	87	1.935	0.25	26.452	1.261	1.0	1.0
9	7	84	1.867	0.434	28.967	2.125	0.935	0.968
9	7	81	1.56	0.583	32.067	2.9	0.774	0.968
9	7	78	0.72	0.891	33.765	2.437	0.355	0.548
9	7	75	0.0	0.0	nan	nan	0.0	0.0
9	7	72	0.0	0.0	nan	nan	0.0	0.0
9	7	69	0.0	0.0	nan	nan	0.0	0.0
9	7	66	0.0	0.0	nan	nan	0.0	0.0
9	7	63	0.0	0.0	nan	nan	0.0	0.0
9	7	60	0.0	0.0	nan	nan	0.0	0.0
9	7	57	0.0	0.0	nan	nan	0.0	0.0
9	7	54	0.0	0.0	nan	nan	0.0	0.0
9	7	51	0.0	0.0	nan	nan	0.0	0.0
9	7	48	0.0	0.0	nan	nan	0.0	0.0
10	7	117	2.484	0.508	20.806	0.402	1.0	1.0
10	7	114	2.355	0.486	21.452	0.568	1.0	1.0
10	7	111	2.032	0.18	21.935	0.512	1.0	1.0
10	7	108	2.0	0.0	22.355	0.709	1.0	1.0
10	7	105	2.0	0.0	23.129	0.718	1.0	1.0
10	7	102	2.0	0.0	23.871	1.118	1.0	1.0
10	7	99	1.839	0.374	24.935	0.929	1.0	1.0
10	7	96	1.677	0.475	25.968	1.871	1.0	1.0
10	7	93	1.129	0.341	27.29	2.239	1.0	1.0
10	7	90	0.967	0.183	29.367	2.173	0.935	0.968
10	7	87	0.276	0.528	31.667	2.345	0.226	0.29
10	7	84	0.032	0.18	34.0	0.0	0.032	0.032
10	7	81	0.0	0.0	nan	nan	0.0	0.0
10	7	78	0.0	0.0	nan	nan	0.0	0.0
10	7	75	0.0	0.0	nan	nan	0.0	0.0
10	7	72	0.0	0.0	nan	nan	0.0	0.0
10	7	69	0.0	0.0	nan	nan	0.0	0.0
10	7	66	0.0	0.0	nan	nan	0.0	0.0
10	7	63	0.0	0.0	nan	nan	0.0	0.0
10	7	60	0.0	0.0	nan	nan	0.0	0.0
10	7	57	0.0	0.0	nan	nan	0.0	0.0
10	7	54	0.0	0.0	nan	nan	0.0	0.0
10	7	51	0.0	0.0	nan	nan	0.0	0.0
10	7	48	0.0	0.0	nan	nan	0.0	0.0
11	7	117	2.484	0.508	23.323	0.541	1.0	1.0
11	7	114	2.129	0.341	23.903	0.473	1.0	1.0
11	7	111	2.0	0.0	24.71	0.643	1.0	1.0
11	7	108	2.0	0.0	25.226	0.762	1.0	1.0
11	7	105	2.0	0.0	25.806	0.749	1.0	1.0
11	7	102	2.0	0.0	26.806	0.98	1.0	1.0
11	7	99	2.0	0.0	27.871	1.31	1.0	1.0
11	7	96	1.806	0.402	29.258	1.591	1.0	1.0
11	7	93	1.258	0.631	31.643	1.367	0.903	0.903
11	7	90	0.48	0.653	34.312	2.243	0.323	0.516
11	7	87	0.0	0.0	36.5	0.707	0.0	0.065
11	7	84	0.0	0.0	nan	nan	0.0	0.0
11	7	81	0.0	0.0	nan	nan	0.0	0.0
11	7	78	0.0	0.0	nan	nan	0.0	0.0
11	7	75	0.0	0.0	nan	nan	0.0	0.0
11	7	72	0.0	0.0	nan	nan	0.0	0.0
11	7	69	0.0	0.0	nan	nan	0.0	0.0
11	7	66	0.0	0.0	nan	nan	0.0	0.0
11	7	63	0.0	0.0	nan	nan	0.0	0.0
11	7	60	0.0	0.0	nan	nan	0.0	0.0
11	7	57	0.0	0.0	nan	nan	0.0	0.0
11	7	54	0.0	0.0	nan	nan	0.0	0.0
11	7	51	0.0	0.0	nan	nan	0.0	0.0
11	7	48	0.0	0.0	nan	nan	0.0	0.0
12	7	117	3.484	0.508	21.613	0.495	1.0	1.0
12	7	114	3.161	0.374	22.032	0.547	1.0	1.0
12	7	111	3.0	0.258	22.548	0.675	1.0	1.0
12	7	108	3.0	0.0	23.194	0.543	1.0	1.0
12	7	105	3.0	0.0	23.935	0.892	1.0	1.0
12	7	102	2.935	0.25	24.484	0.962	1.0	1.0
12	7	99	2.677	0.475	25.226	0.92	1.0	1.0
12	7	96	2.161	0.374	26.194	0.833	1.0	1.0
12	7	93	2.097	0.301	27.484	0.769	1.0	1.0
12	7	90	2.0	0.0	28.71	1.371	1.0	1.0
12	7	87	2.0	0.0	30.742	1.21	1.0	1.0
12	7	84	1.586	0.568	33.8	2.809	0.903	0.968
12	7	81	0.583	0.654	36.737	2.353	0.387	0.613
12	7	78	0.0	0.0	nan	nan	0.0	0.0
12	7	75	0.0	0.0	nan	nan	0.0	0.0
12	7	72	0.0	0.0	nan	nan	0.0	0.0
12	7	69	0.0	0.0	nan	nan	0.0	0.0
12	7	66	0.0	0.0	nan	nan	0.0	0.0
12	7	63	0.0	0.0	nan	nan	0.0	0.0
12	7	60	0.0	0.0	nan	nan	0.0	0.0
12	7	57	0.0	0.0	nan	nan	0.0	0.0
12	7	54	0.0	0.0	nan	nan	0.0	0.0
12	7	51	0.0	0.0	nan	nan	0.0	0.0
12	7	48	0.0	0.0	nan	nan	0.0	0.0
13	7	117	2.484	0.508	23.29	0.693	1.0	1.0
13	7	114	2.161	0.374	23.452	0.568	1.0	1.0
13	7	111	2.065	0.25	24.129	0.67	1.0	1.0
13	7	108	2.032	0.315	25.355	1.743	1.0	1.0
13	7	105	1.935	0.25	25.968	1.016	1.0	1.0
13	7	102	1.871	0.341	27.355	1.473	1.0	1.0
13	7	99	1.714	0.46	29.548	3.02	0.903	1.0
13	7	96	0.828	0.848	31.0	1.94	0.516	0.581
13	7	93	0.172	0.539	32.2	3.114	0.097	0.161
13	7	90	0.0	0.0	nan	nan	0.0	0.0
13	7	87	0.0	0.0	nan	nan	0.0	0.0
13	7	84	0.0	0.0	nan	nan	0.0	0.0
13	7	81	0.0	0.0	nan	nan	0.0	0.0
13	7	78	0.0	0.0	nan	nan	0.0	0.0
13	7	75	0.0	0.0	nan	nan	0.0	0.0
13	7	72	0.0	0.0	nan	nan	0.0	0.0
13	7	69	0.0	0.0	nan	nan	0.0	0.0
13	7	66	0.0	0.0	nan	nan	0.0	0.0
13	7	63	0.0	0.0	nan	nan	0.0	0.0
13	7	60	0.0	0.0	nan	nan	0.0	0.0
13	7	57	0.0	0.0	nan	nan	0.0	0.0
13	7	54	0.0	0.0	nan	nan	0.0	0.0
13	7	51	0.0	0.0	nan	nan	0.0	0.0
13	7	48	0.0	0.0	nan	nan	0.0	0.0
14	7	117	3.387	0.495	20.806	0.477	1.0	1.0
14	7	114	3.032	0.18	21.355	0.551	1.0	1.0
14	7	111	3.032	0.18	21.806	0.792	1.0	1.0
14	7	108	3.0	0.0	22.355	0.486	1.0	1.0
14	7	105	3.0	0.0	22.839	0.638	1.0	1.0
14	7	102	2.903	0.301	23.419	0.72	1.0	1.0
14	7	99	2.742	0.445	24.032	0.752	1.0	1.0
14	7	96	2.29	0.461	24.774	0.884	1.0	1.0
14	7	93	2.097	0.301	25.742	0.855	1.0	1.0
14	7	90	2.032	0.18	27.29	1.346	1.0	1.0
14	7	87	1.968	0.18	28.226	1.707	1.0	1.0
14	7	84	1.903	0.301	30.355	2.009	1.0	1.0
14	7	81	1.565	0.59	34.867	3.36	0.71	0.968
14	7	78	0.455	0.671	36.706	3.057	0.258	0.548
14	7	75	0.033	0.183	42.5	0.707	0.032	0.065
14	7	72	0.0	0.0	nan	nan	0.0	0.0
14	7	69	0.0	0.0	nan	nan	0.0	0.0
14	7	66	0.0	0.0	nan	nan	0.0	0.0
14	7	63	0.0	0.0	nan	nan	0.0	0.0
14	7	60	0.0	0.0	nan	nan	0.0	0.0
14	7	57	0.0	0.0	nan	nan	0.0	0.0
14	7	54	0.0	0.0	nan	nan	0.0	0.0
14	7	51	0.0	0.0	nan	nan	0.0	0.0
14	7	48	0.0	0.0	nan	nan	0.0	0.0
15	7	117	3.935	0.25	19.742	0.575	1.0	1.0
15	7	114	3.677	0.475	19.839	0.523	1.0	1.0
15	7	111	3.129	0.341	20.194	0.543	1.0	1.0
15	7	108	3.129	0.428	20.516	0.724	1.0	1.0
15	7	105	3.0	0.0	21.0	0.516	1.0	1.0
15	7	102	3.0	0.0	21.323	0.599	1.0	1.0
15	7	99	2.839	0.374	22.161	0.638	1.0	1.0
15	7	96	2.677	0.475	22.645	0.839	1.0	1.0
15	7	93	2.387	0.495	23.258	0.682	1.0	1.0
15	7	90	2.065	0.25	24.161	0.934	1.0	1.0
15	7	87	2.032	0.18	24.871	1.056	1.0	1.0
15	7	84	2.0	0.0	25.71	0.973	1.0	1.0
15	7	81	1.903	0.301	27.516	1.964	1.0	1.0
15	7	78	1.63	0.565	29.9	3.089	0.839	0.968
15	7	75	0.5	0.86	33.083	2.712	0.226	0.387
15	7	72	0.2	0.484	33.167	1.169	0.161	0.194
15	7	69	0.032	0.18	35.0	0.0	0.032	0.032
15	7	66	0.0	0.0	nan	nan	0.0	0.0
15	7	63	0.0	0.0	nan	nan	0.0	0.0
15	7	60	0.0	0.0	nan	nan	0.0	0.0
15	7	57	0.0	0.0	nan	nan	0.0	0.0
15	7	54	0.0	0.0	nan	nan	0.0	0.0
15	7	51	0.0	0.0	nan	nan	0.0	0.0
15	7	48	0.0	0.0	nan	nan	0.0	0.0
16	7	117	4.452	0.506	20.839	0.454	1.0	1.0
16	7	114	4.129	0.341	21.097	0.539	1.0	1.0
16	7	111	4.0	0.0	21.516	0.57	1.0	1.0
16	7	108	3.871	0.341	21.935	0.574	1.0	1.0
16	7	105	3.903	0.301	22.419	0.502	1.0	1.0
16	7	102	3.323	0.475	23.097	0.831	1.0	1.0
16	7	99	3.129	0.341	23.903	0.79	1.0	1.0
16	7	96	3.032	0.315	24.387	1.086	1.0	1.0
16	7	93	2.871	0.341	25.387	1.498	1.0	1.0
16	7	90	2.613	0.495	26.161	1.036	1.0	1.0
16	7	87	2.387	0.495	27.323	1.194	1.0	1.0
16	7	84	2.0	0.258	29.0	2.082	1.0	1.0
16	7	81	1.793	0.62	30.759	2.474	0.871	0.935
16	7	78	1.4	0.724	33.778	2.722	0.839	0.871
16	7	75	0.286	0.6	36.889	5.689	0.194	0.29
16	7	72	0.0	0.0	nan	nan	0.0	0.0
16	7	69	0.0	0.0	nan	nan	0.0	0.0
16	7	66	0.0	0.0	nan	nan	0.0	0.0
16	7	63	0.0	0.0	nan	nan	0.0	0.0
16	7	60	0.0	0.0	nan	nan	0.0	0.0
16	7	57	0.0	0.0	nan	nan	0.0	0.0
16	7	54	0.0	0.0	nan	nan	0.0	0.0
16	7	51	0.0	0.0	nan	nan	0.0	0.0
16	7	48	0.0	0.0	nan	nan	0.0	0.0
17	7	117	3.387	0.495	19.968	0.407	1.0	1.0
17	7	114	3.032	0.18	20.161	0.374	1.0	1.0
17	7	111	3.032	0.18	20.645	0.486	1.0	1.0
17	7	108	3.0	0.0	21.226	0.56	1.0	1.0
17	7	105	3.0	0.0	21.548	0.568	1.0	1.0
17	7	102	3.0	0.0	22.161	0.523	1.0	1.0
17	7	99	2.806	0.402	22.774	0.617	1.0	1.0
17	7	96	2.516	0.508	24.065	0.854	1.0	1.0
17	7	93	2.032	0.18	24.516	0.724	1.0	1.0
17	7	90	2.0	0.0	25.742	0.999	1.0	1.0
17	7	87	2.0	0.0	27.097	1.399	1.0	1.0
17	7	84	1.968	0.18	28.645	2.244	1.0	1.0
17	7	81	1.867	0.346	31.065	3.087	0.968	1.0
17	7	78	1.192	0.694	35.259	2.782	0.71	0.871
17	7	75	0.0	0.0	nan	nan	0.0	0.0
17	7	72	0.0	0.0	nan	nan	0.0	0.0
17	7	69	0.0	0.0	nan	nan	0.0	0.0
17	7	66	0.0	0.0	nan	nan	0.0	0.0
17	7	63	0.0	0.0	nan	nan	0.0	0.0
17	7	60	0.0	0.0	nan	nan	0.0	0.0
17	7	57	0.0	0.0	nan	nan	0.0	0.0
17	7	54	0.0	0.0	nan	nan	0.0	0.0
17	7	51	0.0	0.0	nan	nan	0.0	0.0
17	7	48	0.0	0.0	nan	nan	0.0	0.0
18	7	117	2.0	0.0	24.645	0.608	1.0	1.0
18	7	114	2.0	0.0	25.226	0.669	1.0	1.0
18	7	111	1.968	0.18	26.129	0.885	1.0	1.0
18	7	108	1.935	0.25	27.161	1.098	1.0	1.0
18	7	105	1.7	0.466	28.871	1.893	0.968	1.0
18	7	102	1.065	0.68	29.88	1.922	0.806	0.806
18	7	99	0.25	0.441	32.9	1.912	0.226	0.323
18	7	96	0.0	0.0	nan	nan	0.0	0.0
18	7	93	0.0	0.0	nan	nan	0.0	0.0
18	7	90	0.0	0.0	nan	nan	0.0	0.0
18	7	87	0.0	0.0	nan	nan	0.0	0.0
18	7	84	0.0	0.0	nan	nan	0.0	0.0
18	7	81	0.0	0.0	nan	nan	0.0	0.0
18	7	78	0.0	0.0	nan	nan	0.0	0.0
18	7	75	0.0	0.0	nan	nan	0.0	0.0
18	7	72	0.0	0.0	nan	nan	0.0	0.0
18	7	69	0.0	0.0	nan	nan	0.0	0.0
18	7	66	0.0	0.0	nan	nan	0.0	0.0
18	7	63	0.0	0.0	nan	nan	0.0	0.0
18	7	60	0.0	0.0	nan	nan	0.0	0.0
18	7	57	0.0	0.0	nan	nan	0.0	0.0
18	7	54	0.0	0.0	nan	nan	0.0	0.0
18	7	51	0.0	0.0	nan	nan	0.0	0.0
18	7	48	0.0	0.0	nan	nan	0.0	0.0
19	7	117	3.0	0.0	21.258	0.445	1.0	1.0
19	7	114	3.0	0.0	21.581	0.564	1.0	1.0
19	7	111	2.968	0.18	21.935	0.442	1.0	1.0
19	7	108	2.871	0.341	22.516	0.677	1.0	1.0
19	7	105	2.484	0.508	23.258	0.682	1.0	1.0
19	7	102	2.194	0.402	23.71	0.902	1.0	1.0
19	7	99	2.0	0.0	24.645	0.877	1.0	1.0
19	7	96	2.0	0.0	25.581	0.765	1.0	1.0
19	7	93	1.935	0.25	26.355	1.199	1.0	1.0
19	7	90	1.903	0.301	27.581	1.259	1.0	1.0
19	7	87	1.733	0.521	29.367	1.752	0.935	0.968
19	7	84	0.966	0.823	31.095	2.508	0.613	0.677
19	7	81	0.069	0.258	33.75	2.63	0.065	0.129
19	7	78	0.0	0.0	nan	nan	0.0	0.0
19	7	75	0.0	0.0	nan	nan	0.0	0.0
19	7	72	0.0	0.0	nan	nan	0.0	0.0
19	7	69	0.0	0.0	nan	nan	0.0	0.0
19	7	66	0.0	0.0	nan	nan	0.0	0.0
19	7	63	0.0	0.0	nan	nan	0.0	0.0
19	7	60	0.0	0.0	nan	nan	0.0	0.0
19	7	57	0.0	0.0	nan	nan	0.0	0.0
19	7	54	0.0	0.0	nan	nan	0.0	0.0
19	7	51	0.0	0.0	nan	nan	0.0	0.0
19	7	48	0.0	0.0	nan	nan	0.0	0.0
20	7	117	3.032	0.18	20.097	0.301	1.0	1.0
20	7	114	3.0	0.0	20.548	0.506	1.0	1.0
20	7	111	2.968	0.18	20.871	0.341	1.0	1.0
20	7	108	2.968	0.18	21.226	0.56	1.0	1.0
20	7	105	2.548	0.506	22.032	0.315	1.0	1.0
20	7	102	2.226	0.425	22.452	0.675	1.0	1.0
20	7	99	2.097	0.301	23.355	0.915	1.0	1.0
20	7	96	2.032	0.18	23.806	0.792	1.0	1.0
20	7	93	2.0	0.0	24.452	0.961	1.0	1.0
20	7	90	1.968	0.18	25.677	0.945	1.0	1.0
20	7	87	1.613	0.495	26.839	1.293	1.0	1.0
20	7	84	1.484	0.626	27.828	1.692	0.935	0.935
20	7	81	0.75	0.799	31.056	3.842	0.484	0.581
20	7	78	0.0	0.0	nan	nan	0.0	0.0
20	7	75	0.0	0.0	nan	nan	0.0	0.0
20	7	72	0.0	0.0	nan	nan	0.0	0.0
20	7	69	0.0	0.0	nan	nan	0.0	0.0
20	7	66	0.0	0.0	nan	nan	0.0	0.0
20	7	63	0.0	0.0	nan	nan	0.0	0.0
20	7	60	0.0	0.0	nan	nan	0.0	0.0
20	7	57	0.0	0.0	nan	nan	0.0	0.0
20	7	54	0.0	0.0	nan	nan	0.0	0.0
20	7	51	0.0	0.0	nan	nan	0.0	0.0
20	7	48	0.0	0.0	nan	nan	0.0	0.0
21	7	117	2.0	0.0	22.194	0.749	1.0	1.0
21	7	114	2.0	0.0	22.677	0.748	1.0	1.0
21	7	111	2.0	0.0	23.581	0.886	1.0	1.0
21	7	108	2.0	0.0	24.065	0.772	1.0	1.0
21	7	105	1.839	0.374	24.903	0.908	1.0	1.0
21	7	102	1.613	0.495	26.129	1.118	1.0	1.0
21	7	99	1.194	0.402	27.581	1.587	1.0	1.0
21	7	96	0.967	0.414	29.179	2.681	0.871	0.903
21	7	93	0.172	0.384	30.857	3.891	0.161	0.226
21	7	90	0.032	0.18	32.0	0.0	0.032	0.032
21	7	87	0.0	0.0	nan	nan	0.0	0.0
21	7	84	0.0	0.0	nan	nan	0.0	0.0
21	7	81	0.0	0.0	nan	nan	0.0	0.0
21	7	78	0.0	0.0	nan	nan	0.0	0.0
21	7	75	0.0	0.0	nan	nan	0.0	0.0
21	7	72	0.0	0.0	nan	nan	0.0	0.0
21	7	69	0.0	0.0	nan	nan	0.0	0.0
21	7	66	0.0	0.0	nan	nan	0.0	0.0
21	7	63	0.0	0.0	nan	nan	0.0	0.0
21	7	60	0.0	0.0	nan	nan	0.0	0.0
21	7	57	0.0	0.0	nan	nan	0.0	0.0
21	7	54	0.0	0.0	nan	nan	0.0	0.0
21	7	51	0.0	0.0	nan	nan	0.0	0.0
21	7	48	0.0	0.0	nan	nan	0.0	0.0
22	7	117	4.645	0.486	19.452	0.568	1.0	1.0
22	7	114	4.194	0.402	19.839	0.374	1.0	1.0
22	7	111	4.0	0.0	20.355	0.551	1.0	1.0
22	7	108	4.0	0.0	20.484	0.57	1.0	1.0
22	7	105	3.935	0.25	21.129	0.619	1.0	1.0
22	7	102	3.742	0.445	21.774	0.805	1.0	1.0
22	7	99	3.258	0.445	22.29	0.693	1.0	1.0
22	7	96	3.065	0.25	22.935	0.629	1.0	1.0
22	7	93	3.032	0.18	23.774	1.087	1.0	1.0
22	7	90	3.0	0.0	24.645	0.985	1.0	1.0
22	7	87	2.871	0.341	25.452	0.888	1.0	1.0
22	7	84	2.452	0.506	26.774	0.956	1.0	1.0
22	7	81	2.194	0.402	28.258	1.505	1.0	1.0
22	7	78	2.032	0.18	30.323	1.641	1.0	1.0
22	7	75	1.483	0.574	34.667	2.905	0.903	0.968
22	7	72	0.9	0.607	36.167	2.036	0.742	0.774
22	7	69	0.032	0.18	37.0	0.0	0.032	0.032
22	7	66	0.0	0.0	nan	nan	0.0	0.0
22	7	63	0.0	0.0	nan	nan	0.0	0.0
22	7	60	0.0	0.0	nan	nan	0.0	0.0
22	7	57	0.0	0.0	nan	nan	0.0	0.0
22	7	54	0.0	0.0	nan	nan	0.0	0.0
22	7	51	0.0	0.0	nan	nan	0.0	0.0
22	7	48	0.0	0.0	nan	nan	0.0	0.0
23	7	117	4.387	0.495	20.387	0.558	1.0	1.0
23	7	114	4.129	0.341	20.613	0.558	1.0	1.0
23	7	111	4.032	0.18	21.129	0.428	1.0	1.0
23	7	108	4.0	0.0	21.484	0.57	1.0	1.0
23	7	105	3.935	0.25	22.161	0.583	1.0	1.0
23	7	102	3.613	0.495	22.871	0.846	1.0	1.0
23	7	99	3.258	0.445	23.161	0.583	1.0	1.0
23	7	96	3.097	0.301	23.839	0.86	1.0	1.0
23	7	93	3.0	0.0	24.613	0.715	1.0	1.0
23	7	90	3.0	0.0	25.516	1.061	1.0	1.0
23	7	87	2.871	0.341	26.516	0.926	1.0	1.0
23	7	84	2.355	0.486	27.581	0.923	1.0	1.0
23	7	81	2.065	0.359	29.484	1.671	1.0	1.0
23	7	78	1.968	0.18	31.065	1.59	1.0	1.0
23	7	75	1.552	0.686	34.071	2.624	0.839	0.903
23	7	72	0.607	0.567	37.316	2.451	0.516	0.613
23	7	69	0.0	0.0	nan	nan	0.0	0.0
23	7	66	0.0	0.0	nan	nan	0.0	0.0
23	7	63	0.0	0.0	nan	nan	0.0	0.0
23	7	60	0.0	0.0	nan	nan	0.0	0.0
23	7	57	0.0	0.0	nan	nan	0.0	0.0
23	7	54	0.0	0.0	nan	nan	0.0	0.0
23	7	51	0.0	0.0	nan	nan	0.0	0.0
23	7	48	0.0	0.0	nan	nan	0.0	0.0
24	7	117	4.226	0.425	19.387	0.495	1.0	1.0
24	7	114	4.032	0.18	19.645	0.709	1.0	1.0
24	7	111	3.968	0.18	19.968	0.315	1.0	1.0
24	7	108	3.903	0.301	20.323	0.599	1.0	1.0
24	7	105	3.968	0.18	20.613	0.615	1.0	1.0
24	7	102	3.581	0.502	21.129	0.499	1.0	1.0
24	7	99	3.194	0.402	21.677	0.702	1.0	1.0
24	7	96	3.032	0.18	22.516	0.769	1.0	1.0
24	7	93	3.032	0.18	23.129	0.991	1.0	1.0
24	7	90	3.0	0.0	23.323	0.599	1.0	1.0
24	7	87	3.0	0.0	24.613	0.989	1.0	1.0
24	7	84	2.645	0.486	25.903	1.076	1.0	1.0
24	7	81	2.129	0.341	26.774	1.606	1.0	1.0
24	7	78	2.0	0.0	27.774	1.707	1.0	1.0
24	7	75	1.935	0.25	29.935	2.235	1.0	1.0
24	7	72	1.7	0.535	32.667	2.832	0.935	0.968
24	7	69	0.68	0.802	36.444	3.24	0.387	0.581
24	7	66	0.033	0.183	36.0	1.414	0.032	0.065
24	7	63	0.0	0.0	nan	nan	0.0	0.0
24	7	60	0.0	0.0	nan	nan	0.0	0.0
24	7	57	0.0	0.0	nan	nan	0.0	0.0
24	7	54	0.0	0.0	nan	nan	0.0	0.0
24	7	51	0.0	0.0	nan	nan	0.0	0.0
24	7	48	0.0	0.0	nan	nan	0.0	0.0
25	7	117	3.065	0.25	22.194	0.477	1.0	1.0
25	7	114	3.0	0.0	22.71	0.529	1.0	1.0
25	7	111	3.032	0.18	23.194	0.601	1.0	1.0
25	7	108	3.0	0.0	23.903	0.597	1.0	1.0
25	7	105	3.0	0.0	24.387	0.615	1.0	1.0
25	7	102	2.645	0.486	25.129	0.806	1.0	1.0
25	7	99	2.226	0.425	26.032	0.752	1.0	1.0
25	7	96	2.032	0.18	26.71	0.739	1.0	1.0
25	7	93	2.0	0.0	28.226	1.359	1.0	1.0
25	7	90	1.968	0.18	29.774	1.687	1.0	1.0
25	7	87	1.821	0.39	32.419	2.54	0.903	1.0
25	7	84	1.577	0.643	34.379	2.757	0.774	0.935
25	7	81	0.074	0.267	38.0	2.828	0.065	0.194
25	7	78	0.0	0.0	nan	nan	0.0	0.0
25	7	75	0.0	0.0	nan	nan	0.0	0.0
25	7	72	0.0	0.0	nan	nan	0.0	0.0
25	7	69	0.0	0.0	nan	nan	0.0	0.0
25	7	66	0.0	0.0	nan	nan	0.0	0.0
25	7	63	0.0	0.0	nan	nan	0.0	0.0
25	7	60	0.0	0.0	nan	nan	0.0	0.0
25	7	57	0.0	0.0	nan	nan	0.0	0.0
25	7	54	0.0	0.0	nan	nan	0.0	0.0
25	7	51	0.0	0.0	nan	nan	0.0	0.0
25	7	48	0.0	0.0	nan	nan	0.0	0.0
26	7	117	4.226	0.425	20.742	0.575	1.0	1.0
26	7	114	4.065	0.25	21.161	0.735	1.0	1.0
26	7	111	4.0	0.0	21.742	0.575	1.0	1.0
26	7	108	4.0	0.0	22.065	0.68	1.0	1.0
26	7	105	3.742	0.445	22.452	0.723	1.0	1.0
26	7	102	3.419	0.502	22.968	0.706	1.0	1.0
26	7	99	3.097	0.301	23.935	0.629	1.0	1.0
26	7	96	3.0	0.0	24.581	0.62	1.0	1.0
26	7	93	3.0	0.0	25.29	0.783	1.0	1.0
26	7	90	2.968	0.18	26.387	1.054	1.0	1.0
26	7	87	2.742	0.445	27.516	1.061	1.0	1.0
26	7	84	2.355	0.486	29.0	1.826	1.0	1.0
26	7	81	2.065	0.25	31.258	1.612	1.0	1.0
26	7	78	1.516	0.508	34.548	2.998	1.0	1.0
26	7	75	0.821	0.772	36.524	3.124	0.581	0.677
26	7	72	0.1	0.305	40.5	2.082	0.097	0.129
26	7	69	0.0	0.0	nan	nan	0.0	0.0
26	7	66	0.0	0.0	nan	nan	0.0	0.0
26	7	63	0.0	0.0	nan	nan	0.0	0.0
26	7	60	0.0	0.0	nan	nan	0.0	0.0
26	7	57	0.0	0.0	nan	nan	0.0	0.0
26	7	54	0.0	0.0	nan	nan	0.0	0.0
26	7	51	0.0	0.0	nan	nan	0.0	0.0
26	7	48	0.0	0.0	nan	nan	0.0	0.0
27	7	117	3.323	0.475	20.774	0.497	1.0	1.0
27	7	114	3.0	0.0	21.0	0.577	1.0	1.0
27	7	111	3.0	0.0	21.419	0.564	1.0	1.0
27	7	108	3.0	0.0	21.806	0.402	1.0	1.0
27	7	105	3.0	0.0	22.355	0.551	1.0	1.0
27	7	102	2.968	0.18	22.968	0.482	1.0	1.0
27	7	99	2.839	0.374	23.419	0.72	1.0	1.0
27	7	96	2.484	0.508	24.355	0.755	1.0	1.0
27	7	93	2.065	0.25	24.935	0.814	1.0	1.0
27	7	90	2.0	0.0	25.839	1.098	1.0	1.0
27	7	87	2.0	0.0	27.516	1.313	1.0	1.0
27	7	84	2.0	0.0	28.806	1.905	1.0	1.0
27	7	81	2.0	0.0	30.871	1.91	0.968	1.0
27	7	78	1.64	0.569	33.433	2.738	0.774	0.968
27	7	75	0.308	0.679	34.3	2.497	0.161	0.323
27	7	72	0.065	0.359	32.0	0.0	0.032	0.032
27	7	69	0.0	0.0	nan	nan	0.0	0.0
27	7	66	0.0	0.0	nan	nan	0.0	0.0
27	7	63	0.0	0.0	nan	nan	0.0	0.0
27	7	60	0.0	0.0	nan	nan	0.0	0.0
27	7	57	0.0	0.0	nan	nan	0.0	0.0
27	7	54	0.0	0.0	nan	nan	0.0	0.0
27	7	51	0.0	0.0	nan	nan	0.0	0.0
27	7	48	0.0	0.0	nan	nan	0.0	0.0
28	7	117	3.484	0.508	22.355	0.486	1.0	1.0
28	7	114	3.29	0.461	22.774	0.617	1.0	1.0
28	7	111	3.0	0.0	23.226	0.56	1.0	1.0
28	7	108	3.032	0.18	23.774	0.845	1.0	1.0
28	7	105	3.0	0.0	24.323	0.653	1.0	1.0
28	7	102	2.968	0.18	25.0	0.775	1.0	1.0
28	7	99	2.742	0.445	26.0	0.931	1.0	1.0
28	7	96	2.516	0.508	26.581	0.807	1.0	1.0
28	7	93	2.129	0.341	27.613	0.989	1.0	1.0
28	7	90	1.968	0.18	29.387	2.418	1.0	1.0
28	7	87	1.968	0.18	30.516	1.842	1.0	1.0
28	7	84	1.677	0.541	32.6	2.175	0.968	0.968
28	7	81	1.071	0.604	35.667	1.84	0.774	0.871
28	7	78	0.033	0.183	37.0	2.828	0.032	0.065
28	7	75	0.0	0.0	nan	nan	0.0	0.0
28	7	72	0.0	0.0	nan	nan	0.0	0.0
28	7	69	0.0	0.0	nan	nan	0.0	0.0
28	7	66	0.0	0.0	nan	nan	0.0	0.0
28	7	63	0.0	0.0	nan	nan	0.0	0.0
28	7	60	0.0	0.0	nan	nan	0.0	0.0
28	7	57	0.0	0.0	nan	nan	0.0	0.0
28	7	54	0.0	0.0	nan	nan	0.0	0.0
28	7	51	0.0	0.0	nan	nan	0.0	0.0
28	7	48	0.0	0.0	nan	nan	0.0	0.0
29	7	117	2.871	0.341	20.581	0.564	1.0	1.0
29	7	114	2.258	0.445	21.0	0.577	1.0	1.0
29	7	111	2.097	0.301	21.548	0.506	1.0	1.0
29	7	108	2.0	0.0	21.871	0.718	1.0	1.0
29	7	105	1.968	0.18	22.516	0.724	1.0	1.0
29	7	102	2.0	0.0	23.548	0.675	1.0	1.0
29	7	99	1.968	0.18	24.097	0.746	1.0	1.0
29	7	96	1.774	0.425	25.323	1.536	1.0	1.0
29	7	93	1.323	0.475	26.581	1.432	1.0	1.0
29	7	90	0.966	0.325	29.138	2.532	0.871	0.935
29	7	87	0.357	0.559	31.5	2.844	0.29	0.387
29	7	84	0.032	0.18	33.0	0.0	0.032	0.032
29	7	81	0.0	0.0	nan	nan	0.0	0.0
29	7	78	0.0	0.0	nan	nan	0.0	0.0
29	7	75	0.0	0.0	nan	nan	0.0	0.0
29	7	72	0.0	0.0	nan	nan	0.0	0.0
29	7	69	0.0	0.0	nan	nan	0.0	0.0
29	7	66	0.0	0.0	nan	nan	0.0	0.0
29	7	63	0.0	0.0	nan	nan	0.0	0.0
29	7	60	0.0	0.0	nan	nan	0.0	0.0
29	7	57	0.0	0.0	nan	nan	0.0	0.0
29	7	54	0.0	0.0	nan	nan	0.0	0.0
29	7	51	0.0	0.0	nan	nan	0.0	0.0
29	7	48	0.0	0.0	nan	nan	0.0	0.0
30	7	117	4.129	0.428	18.806	0.477	1.0	1.0
30	7	114	4.0	0.258	19.065	0.512	1.0	1.0
30	7	111	3.903	0.301	19.484	0.57	1.0	1.0
30	7	108	3.645	0.486	19.774	0.497	1.0	1.0
30	7	105	3.452	0.506	20.258	0.631	1.0	1.0
30	7	102	3.258	0.445	20.581	0.72	1.0	1.0
30	7	99	3.065	0.25	21.226	0.617	1.0	1.0
30	7	96	3.0	0.0	21.871	0.67	1.0	1.0
30	7	93	2.968	0.18	22.516	1.029	1.0	1.0
30	7	90	2.839	0.374	23.065	0.772	1.0	1.0
30	7	87	2.226	0.425	23.903	1.076	1.0	1.0
30	7	84	2.161	0.374	24.806	1.25	1.0	1.0
30	7	81	2.0	0.258	26.0	1.612	1.0	1.0
30	7	78	1.968	0.18	28.226	1.203	1.0	1.0
30	7	75	1.552	0.632	30.655	3.903	0.871	0.935
30	7	72	1.222	0.751	31.0	3.124	0.71	0.839
30	7	69	0.32	0.69	34.727	3.409	0.161	0.355
30	7	66	0.0	0.0	nan	nan	0.0	0.0
30	7	63	0.0	0.0	nan	nan	0.0	0.0
30	7	60	0.0	0.0	nan	nan	0.0	0.0
30	7	57	0.0	0.0	nan	nan	0.0	0.0
30	7	54	0.0	0.0	nan	nan	0.0	0.0
30	7	51	0.0	0.0	nan	nan	0.0	0.0
30	7	48	0.0	0.0	nan	nan	0.0	0.0
31	7	117	3.0	0.0	20.161	0.454	1.0	1.0
31	7	114	2.935	0.25	20.452	0.624	1.0	1.0
31	7	111	2.839	0.374	21.032	0.482	1.0	1.0
31	7	108	2.419	0.502	21.677	0.653	1.0	1.0
31	7	105	2.129	0.341	22.226	0.669	1.0	1.0
31	7	102	2.0	0.0	23.226	0.617	1.0	1.0
31	7	99	2.032	0.18	23.484	0.57	1.0	1.0
31	7	96	2.0	0.0	24.516	0.724	1.0	1.0
31	7	93	2.0	0.0	25.516	1.029	1.0	1.0
31	7	90	1.871	0.341	26.935	1.611	1.0	1.0
31	7	87	1.733	0.45	28.742	1.861	0.968	1.0
31	7	84	1.172	0.539	30.69	2.189	0.871	0.935
31	7	81	0.522	0.593	33.421	3.024	0.355	0.613
31	7	78	0.0	0.0	37.0	1.414	0.0	0.065
31	7	75	0.0	0.0	nan	nan	0.0	0.0
31	7	72	0.0	0.0	nan	nan	0.0	0.0
31	7	69	0.0	0.0	nan	nan	0.0	0.0
31	7	66	0.0	0.0	nan	nan	0.0	0.0
31	7	63	0.0	0.0	nan	nan	0.0	0.0
31	7	60	0.0	0.0	nan	nan	0.0	0.0
31	7	57	0.0	0.0	nan	nan	0.0	0.0
31	7	54	0.0	0.0	nan	nan	0.0	0.0
31	7	51	0.0	0.0	nan	nan	0.0	0.0
31	7	48	0.0	0.0	nan	nan	0.0	0.0
