row	col	voltage	tot_avg	tot_std	toa_avg	toa_std	efficiency_tot	efficiency_toa
0	0	62	5.0	0.0	14.581	0.672	1.0	1.0
0	0	59	5.0	0.0	15.161	0.735	1.0	1.0
0	0	56	4.903	0.301	15.484	0.57	1.0	1.0
0	0	53	4.774	0.425	16.226	0.805	1.0	1.0
0	0	50	4.226	0.497	16.903	0.831	1.0	1.0
0	0	47	3.968	0.605	17.71	0.783	1.0	1.0
0	0	44	3.452	0.506	18.484	1.122	1.0	1.0
0	0	41	3.161	0.374	19.581	1.148	1.0	1.0
0	0	38	3.0	0.0	22.032	1.703	1.0	1.0
0	0	35	2.806	0.402	24.323	2.271	1.0	1.0
0	0	32	2.29	1.039	27.407	3.4	0.871	0.871
0	0	29	1.097	1.221	32.438	6.86	0.516	0.516
0	0	26	0.065	0.359	38.0	0.0	0.032	0.032
0	0	23	0.0	0.0	nan	nan	0.0	0.0
0	0	20	0.0	0.0	nan	nan	0.0	0.0
1	0	62	3.516	0.508	16.742	0.855	1.0	1.0
1	0	59	3.258	0.631	17.645	1.082	1.0	1.0
1	0	56	2.387	0.495	18.323	0.702	1.0	1.0
1	0	53	2.387	0.558	18.806	0.873	1.0	1.0
1	0	50	2.097	0.301	19.968	1.251	1.0	1.0
1	0	47	1.968	0.315	21.129	1.258	1.0	1.0
1	0	44	1.613	0.558	23.581	2.849	1.0	1.0
1	0	41	1.226	0.617	26.5	2.618	0.903	0.903
1	0	38	0.679	0.67	30.737	3.827	0.516	0.613
1	0	35	0.0	0.0	nan	nan	0.0	0.0
1	0	32	0.0	0.0	nan	nan	0.0	0.0
1	0	29	0.0	0.0	nan	nan	0.0	0.0
1	0	26	0.0	0.0	nan	nan	0.0	0.0
1	0	23	0.0	0.0	nan	nan	0.0	0.0
1	0	20	0.0	0.0	nan	nan	0.0	0.0
2	0	62	5.839	0.898	12.677	0.599	1.0	1.0
2	0	59	5.935	0.359	13.065	0.574	1.0	1.0
2	0	56	5.742	0.514	13.226	0.669	1.0	1.0
2	0	53	5.419	0.502	13.516	0.626	1.0	1.0
2	0	50	5.548	0.506	14.29	0.783	1.0	1.0
2	0	47	5.097	0.301	14.839	0.82	1.0	1.0
2	0	44	5.097	0.301	15.484	0.677	1.0	1.0
2	0	41	5.0	0.258	15.774	1.023	1.0	1.0
2	0	38	4.806	0.792	16.645	1.082	1.0	1.0
2	0	35	4.581	0.564	17.871	0.991	1.0	1.0
2	0	32	4.258	0.682	18.452	1.457	1.0	1.0
2	0	29	3.677	0.599	20.581	1.979	1.0	1.0
2	0	26	3.323	0.653	24.419	3.354	1.0	1.0
2	0	23	2.548	1.028	28.071	4.61	0.903	0.903
2	0	20	0.467	0.973	36.571	5.593	0.194	0.226
3	0	62	3.968	0.18	15.806	0.543	1.0	1.0
3	0	59	3.871	0.341	16.645	0.661	1.0	1.0
3	0	56	3.581	0.564	17.194	0.654	1.0	1.0
3	0	53	3.065	0.68	17.839	0.934	1.0	1.0
3	0	50	2.323	0.541	19.065	0.964	1.0	1.0
3	0	47	2.0	0.0	20.0	1.438	1.0	1.0
3	0	44	1.935	0.25	21.452	1.67	1.0	1.0
3	0	41	1.871	0.341	23.548	1.67	1.0	1.0
3	0	38	1.452	0.675	27.143	3.363	0.903	0.903
3	0	35	0.5	0.793	33.0	4.369	0.29	0.387
3	0	32	0.0	0.0	nan	nan	0.0	0.0
3	0	29	0.0	0.0	nan	nan	0.0	0.0
3	0	26	0.0	0.0	nan	nan	0.0	0.0
3	0	23	0.0	0.0	nan	nan	0.0	0.0
3	0	20	0.0	0.0	nan	nan	0.0	0.0
4	0	62	4.548	0.506	13.581	0.62	1.0	1.0
4	0	59	4.355	0.486	14.097	0.473	1.0	1.0
4	0	56	4.161	0.374	14.323	0.599	1.0	1.0
4	0	53	4.129	0.341	14.903	0.944	1.0	1.0
4	0	50	3.968	0.18	15.387	0.667	1.0	1.0
4	0	47	3.935	0.25	16.0	1.033	1.0	1.0
4	0	44	3.903	0.301	16.613	0.955	1.0	1.0
4	0	41	3.645	0.551	17.484	1.235	1.0	1.0
4	0	38	2.935	0.772	18.355	1.664	1.0	1.0
4	0	35	2.419	0.564	19.645	1.762	1.0	1.0
4	0	32	2.065	0.25	22.097	2.071	1.0	1.0
4	0	29	2.032	0.18	23.548	2.501	1.0	1.0
4	0	26	1.387	0.882	27.292	3.928	0.774	0.774
4	0	23	0.433	0.774	32.222	4.577	0.258	0.29
4	0	20	0.0	0.0	nan	nan	0.0	0.0
5	0	62	5.0	0.0	14.29	0.902	1.0	1.0
5	0	59	5.032	0.18	14.935	0.629	1.0	1.0
5	0	56	4.968	0.18	15.387	0.615	1.0	1.0
5	0	53	4.806	0.402	15.968	0.752	1.0	1.0
5	0	50	4.548	0.506	16.355	0.755	1.0	1.0
5	0	47	4.065	0.512	17.355	0.915	1.0	1.0
5	0	44	3.677	0.653	18.161	0.969	1.0	1.0
5	0	41	3.226	0.425	19.161	1.655	1.0	1.0
5	0	38	3.032	0.18	21.129	1.875	1.0	1.0
5	0	35	2.903	0.301	23.548	2.896	1.0	1.0
5	0	32	2.806	0.477	24.935	3.326	1.0	1.0
5	0	29	2.129	1.056	31.0	5.349	0.871	0.871
5	0	26	0.433	0.898	34.25	7.226	0.226	0.258
5	0	23	0.0	0.0	nan	nan	0.0	0.0
5	0	20	0.0	0.0	nan	nan	0.0	0.0
6	0	62	4.935	0.25	15.032	0.605	1.0	1.0
6	0	59	4.871	0.341	15.484	0.626	1.0	1.0
6	0	56	4.548	0.506	15.935	0.772	1.0	1.0
6	0	53	4.258	0.445	16.419	0.672	1.0	1.0
6	0	50	4.0	0.516	17.161	1.098	1.0	1.0
6	0	47	3.516	0.508	18.097	0.978	1.0	1.0
6	0	44	3.355	0.486	18.968	1.449	1.0	1.0
6	0	41	2.968	0.18	20.226	1.257	1.0	1.0
6	0	38	2.871	0.341	22.0	1.438	1.0	1.0
6	0	35	2.645	0.486	24.516	2.874	1.0	1.0
6	0	32	2.323	0.599	28.839	5.38	1.0	1.0
6	0	29	1.8	0.887	33.828	5.825	0.903	0.935
6	0	26	0.097	0.396	33.0	4.243	0.065	0.065
6	0	23	0.0	0.0	nan	nan	0.0	0.0
6	0	20	0.0	0.0	nan	nan	0.0	0.0
7	0	62	5.0	0.365	13.452	0.675	1.0	1.0
7	0	59	5.0	0.258	13.806	0.654	1.0	1.0
7	0	56	4.903	0.301	14.323	0.599	1.0	1.0
7	0	53	4.581	0.502	14.613	0.844	1.0	1.0
7	0	50	4.452	0.506	14.968	0.657	1.0	1.0
7	0	47	4.226	0.425	15.613	0.919	1.0	1.0
7	0	44	4.097	0.301	16.29	0.864	1.0	1.0
7	0	41	3.871	0.341	17.226	0.956	1.0	1.0
7	0	38	3.387	0.615	18.29	0.973	1.0	1.0
7	0	35	3.032	0.547	20.0	1.751	1.0	1.0
7	0	32	2.484	0.508	22.226	2.14	1.0	1.0
7	0	29	2.355	0.551	24.129	3.233	1.0	1.0
7	0	26	1.677	0.748	28.667	4.641	0.871	0.871
7	0	23	0.667	0.959	30.167	6.073	0.355	0.387
7	0	20	0.0	0.0	41.0	0.0	0.0	0.032
8	0	62	4.935	0.25	14.226	0.56	1.0	1.0
8	0	59	4.613	0.495	14.677	0.475	1.0	1.0
8	0	56	4.677	0.475	14.903	0.87	1.0	1.0
8	0	53	4.355	0.486	15.419	0.72	1.0	1.0
8	0	50	4.129	0.341	16.129	0.718	1.0	1.0
8	0	47	4.0	0.258	17.097	0.7	1.0	1.0
8	0	44	3.839	0.374	17.355	0.95	1.0	1.0
8	0	41	3.387	0.495	18.613	0.989	1.0	1.0
8	0	38	3.097	0.301	20.097	2.181	1.0	1.0
8	0	35	3.097	0.301	21.419	1.911	1.0	1.0
8	0	32	2.871	0.341	24.516	2.619	1.0	1.0
8	0	29	2.355	0.985	25.607	4.022	0.903	0.903
8	0	26	0.419	0.886	28.0	5.292	0.194	0.194
8	0	23	0.0	0.0	nan	nan	0.0	0.0
8	0	20	0.0	0.0	nan	nan	0.0	0.0
9	0	62	5.839	0.523	14.774	0.617	1.0	1.0
9	0	59	5.452	0.506	15.516	0.626	1.0	1.0
9	0	56	5.194	0.543	15.871	0.806	1.0	1.0
9	0	53	5.032	0.18	16.161	0.638	1.0	1.0
9	0	50	4.935	0.25	17.161	0.82	1.0	1.0
9	0	47	4.516	0.508	18.0	1.033	1.0	1.0
9	0	44	4.032	0.706	19.161	1.551	1.0	1.0
9	0	41	3.387	0.495	20.742	1.788	1.0	1.0
9	0	38	3.032	0.315	23.032	1.906	1.0	1.0
9	0	35	3.0	0.0	25.258	2.732	1.0	1.0
9	0	32	2.613	0.715	31.387	7.424	1.0	1.0
9	0	29	1.724	1.162	37.75	7.814	0.71	0.774
9	0	26	0.032	0.18	40.0	0.0	0.032	0.032
9	0	23	0.0	0.0	nan	nan	0.0	0.0
9	0	20	0.0	0.0	nan	nan	0.0	0.0
10	0	62	4.935	0.25	14.677	0.475	1.0	1.0
10	0	59	4.613	0.495	15.129	0.619	1.0	1.0
10	0	56	4.419	0.502	15.548	0.675	1.0	1.0
10	0	53	4.226	0.425	16.29	0.693	1.0	1.0
10	0	50	3.935	0.25	16.935	1.289	1.0	1.0
10	0	47	3.903	0.396	17.645	0.877	1.0	1.0
10	0	44	3.419	0.502	18.677	1.013	1.0	1.0
10	0	41	3.161	0.454	19.903	1.72	1.0	1.0
10	0	38	2.903	0.301	21.0	1.673	1.0	1.0
10	0	35	2.516	0.508	24.548	2.85	1.0	1.0
10	0	32	2.226	0.762	27.033	4.767	0.968	0.968
10	0	29	0.8	1.064	33.571	7.282	0.419	0.452
10	0	26	0.065	0.25	41.0	4.243	0.065	0.065
10	0	23	0.0	0.0	nan	nan	0.0	0.0
10	0	20	0.0	0.0	nan	nan	0.0	0.0
11	0	62	4.71	0.461	14.355	0.551	1.0	1.0
11	0	59	4.516	0.508	14.71	0.588	1.0	1.0
11	0	56	4.226	0.425	15.323	0.653	1.0	1.0
11	0	53	4.129	0.428	15.839	0.779	1.0	1.0
11	0	50	3.806	0.402	16.742	1.21	1.0	1.0
11	0	47	3.742	0.445	17.065	0.892	1.0	1.0
11	0	44	3.29	0.693	18.29	1.131	1.0	1.0
11	0	41	2.613	0.558	20.161	2.934	1.0	1.0
11	0	38	2.387	0.615	21.387	2.499	1.0	1.0
11	0	35	2.129	0.428	23.742	2.38	1.0	1.0
11	0	32	1.742	0.575	26.967	3.764	0.968	0.968
11	0	29	0.714	0.854	33.75	4.892	0.419	0.516
11	0	26	0.133	0.434	33.75	4.573	0.097	0.129
11	0	23	0.0	0.0	nan	nan	0.0	0.0
11	0	20	0.0	0.0	nan	nan	0.0	0.0
12	0	62	5.645	0.486	14.581	0.564	1.0	1.0
12	0	59	5.484	0.508	14.774	0.669	1.0	1.0
12	0	56	5.226	0.425	15.194	0.601	1.0	1.0
12	0	53	5.032	0.315	16.097	1.221	1.0	1.0
12	0	50	5.097	0.301	16.355	0.755	1.0	1.0
12	0	47	4.742	0.514	17.774	1.606	1.0	1.0
12	0	44	4.29	0.902	18.032	1.197	1.0	1.0
12	0	41	3.968	0.605	19.065	1.093	1.0	1.0
12	0	38	3.29	0.461	20.194	1.797	1.0	1.0
12	0	35	3.097	0.301	22.613	1.542	1.0	1.0
12	0	32	3.032	0.18	24.581	2.029	1.0	1.0
12	0	29	2.516	0.89	29.034	7.514	0.935	0.935
12	0	26	0.839	1.068	34.214	5.686	0.452	0.452
12	0	23	0.0	0.0	nan	nan	0.0	0.0
12	0	20	0.0	0.0	nan	nan	0.0	0.0
13	0	62	3.516	0.508	16.29	0.588	1.0	1.0
13	0	59	3.387	0.495	16.516	1.18	1.0	1.0
13	0	56	2.871	0.428	17.323	1.013	1.0	1.0
13	0	53	2.419	0.502	18.581	0.886	1.0	1.0
13	0	50	2.226	0.425	19.161	1.416	1.0	1.0
13	0	47	1.968	0.18	21.484	3.01	1.0	1.0
13	0	44	2.0	0.0	22.903	2.468	1.0	1.0
13	0	41	1.828	0.468	27.233	4.066	0.903	0.968
13	0	38	0.679	0.819	29.688	4.571	0.419	0.516
13	0	35	0.065	0.359	29.0	0.0	0.032	0.032
13	0	32	0.0	0.0	nan	nan	0.0	0.0
13	0	29	0.0	0.0	nan	nan	0.0	0.0
13	0	26	0.0	0.0	nan	nan	0.0	0.0
13	0	23	0.0	0.0	nan	nan	0.0	0.0
13	0	20	0.0	0.0	nan	nan	0.0	0.0
14	0	62	3.968	0.18	15.548	0.81	1.0	1.0
14	0	59	3.903	0.301	15.806	0.703	1.0	1.0
14	0	56	3.71	0.461	16.065	0.814	1.0	1.0
14	0	53	3.419	0.564	17.387	0.882	1.0	1.0
14	0	50	2.935	0.68	18.129	1.204	1.0	1.0
14	0	47	2.516	0.57	18.516	0.996	1.0	1.0
14	0	44	2.129	0.341	19.935	1.459	1.0	1.0
14	0	41	1.839	0.374	21.968	1.722	1.0	1.0
14	0	38	1.71	0.461	23.839	2.339	1.0	1.0
14	0	35	0.967	0.765	26.0	4.276	0.677	0.71
14	0	32	0.226	0.497	29.667	3.011	0.194	0.194
14	0	29	0.0	0.0	nan	nan	0.0	0.0
14	0	26	0.0	0.0	nan	nan	0.0	0.0
14	0	23	0.0	0.0	nan	nan	0.0	0.0
14	0	20	0.0	0.0	nan	nan	0.0	0.0
15	0	62	3.194	0.402	16.194	0.749	1.0	1.0
15	0	59	2.968	0.407	17.129	1.432	1.0	1.0
15	0	56	2.742	0.514	18.0	1.366	1.0	1.0
15	0	53	2.355	0.486	18.613	1.054	1.0	1.0
15	0	50	2.0	0.365	20.097	1.044	1.0	1.0
15	0	47	2.0	0.0	21.065	1.75	1.0	1.0
15	0	44	1.548	0.506	23.613	1.706	1.0	1.0
15	0	41	1.172	0.658	25.852	3.336	0.806	0.871
15	0	38	0.607	0.737	29.0	4.017	0.419	0.516
15	0	35	0.0	0.0	nan	nan	0.0	0.0
15	0	32	0.0	0.0	nan	nan	0.0	0.0
15	0	29	0.0	0.0	nan	nan	0.0	0.0
15	0	26	0.0	0.0	nan	nan	0.0	0.0
15	0	23	0.0	0.0	nan	nan	0.0	0.0
15	0	20	0.0	0.0	nan	nan	0.0	0.0
16	0	62	5.419	0.502	13.839	0.523	1.0	1.0
16	0	59	5.065	0.25	14.097	0.473	1.0	1.0
16	0	56	5.032	0.407	14.677	1.107	1.0	1.0
16	0	53	4.968	0.315	15.129	0.67	1.0	1.0
16	0	50	4.935	0.25	15.581	0.564	1.0	1.0
16	0	47	4.871	0.341	16.065	0.964	1.0	1.0
16	0	44	4.645	0.608	17.258	2.16	1.0	1.0
16	0	41	3.935	0.68	17.806	0.946	1.0	1.0
16	0	38	3.516	0.508	19.129	1.118	1.0	1.0
16	0	35	3.161	0.374	20.774	2.109	1.0	1.0
16	0	32	3.032	0.315	23.419	3.324	1.0	1.0
16	0	29	2.645	0.608	25.581	3.284	1.0	1.0
16	0	26	2.0	1.232	31.24	5.093	0.774	0.806
16	0	23	0.0	0.0	nan	nan	0.0	0.0
16	0	20	0.0	0.0	nan	nan	0.0	0.0
17	0	62	5.516	0.508	13.806	0.477	1.0	1.0
17	0	59	5.387	0.495	14.194	0.749	1.0	1.0
17	0	56	5.129	0.341	14.645	0.839	1.0	1.0
17	0	53	4.806	0.477	15.065	0.854	1.0	1.0
17	0	50	4.71	0.461	15.774	0.717	1.0	1.0
17	0	47	4.452	0.506	16.387	0.919	1.0	1.0
17	0	44	4.097	0.473	16.903	1.136	1.0	1.0
17	0	41	3.968	0.547	17.806	1.138	1.0	1.0
17	0	38	3.065	0.574	19.419	1.361	1.0	1.0
17	0	35	2.71	0.529	20.323	1.99	1.0	1.0
17	0	32	2.452	0.888	22.871	1.945	1.0	1.0
17	0	29	1.8	1.064	27.357	5.606	0.871	0.903
17	0	26	0.742	1.032	29.667	5.176	0.387	0.387
17	0	23	0.097	0.301	38.333	3.055	0.097	0.097
17	0	20	0.032	0.18	nan	nan	0.032	0.0
18	0	62	4.0	1.291	13.516	0.851	1.0	1.0
18	0	59	4.129	0.957	14.129	0.562	1.0	1.0
18	0	56	3.806	0.98	14.452	0.624	1.0	1.0
18	0	53	3.516	1.122	15.129	0.562	1.0	1.0
18	0	50	3.29	1.27	15.194	0.792	1.0	1.0
18	0	47	3.806	0.477	15.839	1.157	1.0	1.0
18	0	44	3.613	0.667	16.871	0.991	1.0	1.0
18	0	41	3.097	1.044	17.0	1.095	1.0	1.0
18	0	38	2.548	1.06	18.097	1.35	1.0	1.0
18	0	35	2.161	0.638	20.226	1.668	1.0	1.0
18	0	32	1.935	0.442	21.645	2.153	1.0	1.0
18	0	29	1.742	0.575	24.967	3.97	0.968	0.968
18	0	26	1.167	0.791	27.364	5.187	0.742	0.71
18	0	23	0.452	0.675	30.0	4.093	0.355	0.29
18	0	20	0.129	0.341	nan	nan	0.129	0.0
19	0	62	5.742	3.346	13.194	0.654	1.0	1.0
19	0	59	6.516	2.803	13.226	0.56	1.0	1.0
19	0	56	4.839	3.338	13.645	0.915	1.0	1.0
19	0	53	4.677	3.135	14.065	0.772	1.0	1.0
19	0	50	5.742	2.633	14.71	0.864	1.0	1.0
19	0	47	4.419	2.964	14.903	0.87	1.0	1.0
19	0	44	5.161	2.531	15.903	1.136	1.0	1.0
19	0	41	4.774	2.486	16.323	0.909	1.0	1.0
19	0	38	4.129	2.432	16.968	1.402	1.0	1.0
19	0	35	3.871	2.247	18.065	0.998	1.0	1.0
19	0	32	4.129	1.839	19.935	1.982	1.0	1.0
19	0	29	3.323	1.739	21.484	1.73	1.0	1.0
19	0	26	2.935	1.843	23.968	3.093	1.0	1.0
19	0	23	2.839	1.53	29.032	5.595	1.0	1.0
19	0	20	2.516	1.411	38.567	11.343	0.968	0.968
20	0	62	3.484	2.461	13.0	0.577	1.0	1.0
20	0	59	3.839	2.325	13.226	0.762	1.0	1.0
20	0	56	3.645	1.992	13.839	0.779	1.0	1.0
20	0	53	3.387	2.231	14.387	0.667	1.0	1.0
20	0	50	3.452	1.997	14.452	0.81	1.0	1.0
20	0	47	3.161	2.002	15.032	0.912	1.0	1.0
20	0	44	3.677	1.887	15.419	0.992	1.0	1.0
20	0	41	2.806	2.024	16.645	0.95	1.0	1.0
20	0	38	2.645	1.704	17.677	1.326	1.0	1.0
20	0	35	2.452	1.546	18.774	1.783	1.0	1.0
20	0	32	2.065	1.209	19.645	1.889	1.0	1.0
20	0	29	2.323	1.166	21.774	3.201	1.0	1.0
20	0	26	1.806	0.98	25.967	4.437	0.968	0.968
20	0	23	1.379	0.903	30.2	6.325	0.774	0.806
20	0	20	0.742	0.729	32.8	3.994	0.613	0.323
21	0	62	4.0	0.258	15.226	0.956	1.0	1.0
21	0	59	3.806	0.402	15.968	0.948	1.0	1.0
21	0	56	3.613	0.495	16.774	0.884	1.0	1.0
21	0	53	3.419	0.564	17.194	0.749	1.0	1.0
21	0	50	2.645	0.661	18.323	1.107	1.0	1.0
21	0	47	2.323	0.599	19.129	1.335	1.0	1.0
21	0	44	2.129	0.428	20.065	1.914	1.0	1.0
21	0	41	1.839	0.374	22.677	1.833	1.0	1.0
21	0	38	1.633	0.615	25.724	3.624	0.903	0.935
21	0	35	0.7	0.702	28.556	4.592	0.548	0.581
21	0	32	0.2	0.551	30.6	3.782	0.129	0.161
21	0	29	0.0	0.0	nan	nan	0.0	0.0
21	0	26	0.0	0.0	nan	nan	0.0	0.0
21	0	23	0.0	0.0	nan	nan	0.0	0.0
21	0	20	0.0	0.0	nan	nan	0.0	0.0
22	0	62	6.258	2.081	13.323	0.599	1.0	1.0
22	0	59	5.677	2.372	13.516	0.769	1.0	1.0
22	0	56	6.226	1.477	13.935	0.629	1.0	1.0
22	0	53	5.968	1.426	14.71	0.739	1.0	1.0
22	0	50	5.516	1.546	15.161	0.735	1.0	1.0
22	0	47	5.29	1.774	15.548	1.028	1.0	1.0
22	0	44	5.484	1.313	15.742	0.893	1.0	1.0
22	0	41	4.355	1.817	17.0	1.915	1.0	1.0
22	0	38	4.742	1.237	17.742	1.653	1.0	1.0
22	0	35	4.065	1.526	18.484	1.749	1.0	1.0
22	0	32	3.806	1.014	21.065	1.879	1.0	1.0
22	0	29	3.516	0.89	23.871	2.692	1.0	1.0
22	0	26	3.065	1.181	27.968	4.729	1.0	1.0
22	0	23	2.516	1.18	34.533	9.562	0.968	0.968
22	0	20	1.29	1.16	41.368	12.102	0.71	0.613
23	0	62	5.548	0.506	14.097	0.651	1.0	1.0
23	0	59	5.161	0.374	14.355	0.608	1.0	1.0
23	0	56	5.032	0.18	15.0	0.73	1.0	1.0
23	0	53	4.742	0.999	15.613	0.989	1.0	1.0
23	0	50	4.839	0.374	16.0	1.265	1.0	1.0
23	0	47	4.581	0.564	16.871	0.991	1.0	1.0
23	0	44	4.516	0.57	17.452	0.995	1.0	1.0
23	0	41	3.419	0.564	18.677	1.166	1.0	1.0
23	0	38	3.29	0.588	20.097	2.211	1.0	1.0
23	0	35	3.0	0.0	22.0	1.506	1.0	1.0
23	0	32	2.935	0.25	24.645	3.666	1.0	1.0
23	0	29	2.387	0.803	30.4	6.078	0.968	0.968
23	0	26	1.258	1.21	30.278	6.163	0.581	0.581
23	0	23	0.167	0.592	43.5	12.715	0.097	0.129
23	0	20	0.0	0.0	nan	nan	0.0	0.0
24	0	62	3.903	0.396	16.226	0.805	1.0	1.0
24	0	59	3.935	0.359	16.774	0.805	1.0	1.0
24	0	56	3.677	0.599	17.452	0.675	1.0	1.0
24	0	53	3.226	0.669	17.935	0.892	1.0	1.0
24	0	50	2.581	0.672	19.29	1.131	1.0	1.0
24	0	47	2.29	0.588	19.484	1.525	1.0	1.0
24	0	44	1.935	0.25	21.677	1.579	1.0	1.0
24	0	41	1.903	0.539	23.533	1.925	0.968	0.968
24	0	38	1.6	0.563	26.6	3.42	0.935	0.968
24	0	35	0.929	0.9	30.0	4.534	0.516	0.613
24	0	32	0.097	0.396	27.5	0.707	0.065	0.065
24	0	29	0.0	0.0	nan	nan	0.0	0.0
24	0	26	0.0	0.0	nan	nan	0.0	0.0
24	0	23	0.0	0.0	nan	nan	0.0	0.0
24	0	20	0.0	0.0	nan	nan	0.0	0.0
25	0	62	1.065	0.359	11.226	0.56	1.0	1.0
25	0	59	1.258	1.125	12.032	0.706	1.0	1.0
25	0	56	1.129	0.428	12.226	0.805	1.0	1.0
25	0	53	1.032	0.18	12.677	1.045	1.0	1.0
25	0	50	1.032	0.18	12.774	1.055	1.0	1.0
25	0	47	1.0	0.0	13.71	0.864	1.0	1.0
25	0	44	1.258	0.893	13.903	0.651	1.0	1.0
25	0	41	1.0	0.0	14.613	0.989	1.0	1.0
25	0	38	1.0	0.0	14.903	0.651	1.0	1.0
25	0	35	1.226	1.087	15.839	1.44	1.0	1.0
25	0	32	1.129	0.562	16.774	0.99	1.0	1.0
25	0	29	1.032	0.18	18.935	2.568	1.0	1.0
25	0	26	1.097	0.539	19.935	2.768	1.0	1.0
25	0	23	1.097	0.539	23.581	5.032	1.0	1.0
25	0	20	1.129	0.718	27.806	6.61	1.0	1.0
26	0	62	5.452	1.261	14.032	0.547	1.0	1.0
26	0	59	5.355	0.486	14.548	0.768	1.0	1.0
26	0	56	5.129	0.885	14.968	0.706	1.0	1.0
26	0	53	4.903	0.746	15.613	0.667	1.0	1.0
26	0	50	5.032	0.18	16.194	0.946	1.0	1.0
26	0	47	4.903	0.396	16.935	1.365	1.0	1.0
26	0	44	4.581	0.72	17.419	0.848	1.0	1.0
26	0	41	3.71	0.902	18.839	1.036	1.0	1.0
26	0	38	3.452	0.675	19.968	2.073	1.0	1.0
26	0	35	3.226	0.425	21.774	2.376	1.0	1.0
26	0	32	2.935	0.442	23.839	2.518	1.0	1.0
26	0	29	2.677	0.791	30.933	7.538	0.968	0.968
26	0	26	1.839	1.036	38.04	6.798	0.806	0.806
26	0	23	0.065	0.359	29.0	0.0	0.032	0.032
26	0	20	0.0	0.0	nan	nan	0.0	0.0
27	0	62	3.065	0.25	16.226	0.717	1.0	1.0
27	0	59	2.903	0.301	17.323	0.871	1.0	1.0
27	0	56	2.548	0.568	17.839	1.614	1.0	1.0
27	0	53	2.097	0.7	19.032	1.354	1.0	1.0
27	0	50	1.548	0.568	20.258	1.632	1.0	1.0
27	0	47	1.065	0.359	21.867	1.871	0.968	0.968
27	0	44	0.968	0.407	23.964	2.516	0.903	0.903
27	0	41	0.258	0.445	24.875	1.885	0.258	0.258
27	0	38	0.065	0.25	23.5	2.121	0.065	0.065
27	0	35	0.0	0.0	nan	nan	0.0	0.0
27	0	32	0.0	0.0	nan	nan	0.0	0.0
27	0	29	0.0	0.0	nan	nan	0.0	0.0
27	0	26	0.0	0.0	nan	nan	0.0	0.0
27	0	23	0.0	0.0	nan	nan	0.0	0.0
27	0	20	0.0	0.0	nan	nan	0.0	0.0
28	0	62	4.71	0.461	14.613	0.882	1.0	1.0
28	0	59	4.581	0.502	15.129	0.806	1.0	1.0
28	0	56	4.323	0.475	15.613	0.615	1.0	1.0
28	0	53	4.065	0.359	16.226	0.956	1.0	1.0
28	0	50	4.0	0.0	16.516	1.029	1.0	1.0
28	0	47	3.645	0.608	17.645	1.05	1.0	1.0
28	0	44	3.29	0.693	18.548	1.179	1.0	1.0
28	0	41	2.645	0.608	20.032	1.779	1.0	1.0
28	0	38	2.226	0.425	21.484	2.127	1.0	1.0
28	0	35	2.0	0.447	22.581	2.078	1.0	1.0
28	0	32	1.935	0.25	26.0	4.195	1.0	1.0
28	0	29	1.259	0.903	32.609	4.175	0.613	0.742
28	0	26	0.286	0.713	32.0	4.163	0.129	0.226
28	0	23	0.0	0.0	nan	nan	0.0	0.0
28	0	20	0.0	0.0	nan	nan	0.0	0.0
29	0	62	2.742	0.682	18.161	0.735	1.0	1.0
29	0	59	2.484	0.677	18.806	1.138	1.0	1.0
29	0	56	2.032	0.315	20.065	1.315	1.0	1.0
29	0	53	1.839	0.374	21.581	1.409	1.0	1.0
29	0	50	1.613	0.495	22.774	1.627	1.0	1.0
29	0	47	1.258	0.575	25.862	3.204	0.935	0.935
29	0	44	0.556	0.641	28.118	5.29	0.419	0.548
29	0	41	0.129	0.341	28.75	4.272	0.129	0.129
29	0	38	0.0	0.0	nan	nan	0.0	0.0
29	0	35	0.0	0.0	nan	nan	0.0	0.0
29	0	32	0.0	0.0	nan	nan	0.0	0.0
29	0	29	0.0	0.0	nan	nan	0.0	0.0
29	0	26	0.0	0.0	nan	nan	0.0	0.0
29	0	23	0.0	0.0	nan	nan	0.0	0.0
29	0	20	0.0	0.0	nan	nan	0.0	0.0
30	0	62	4.129	0.718	14.839	0.82	1.0	1.0
30	0	59	4.097	0.396	15.323	1.166	1.0	1.0
30	0	56	3.871	0.562	15.613	1.086	1.0	1.0
30	0	53	3.871	0.428	16.452	0.768	1.0	1.0
30	0	50	3.645	0.709	17.129	1.024	1.0	1.0
30	0	47	3.097	0.79	17.968	1.329	1.0	1.0
30	0	44	2.323	0.599	19.323	1.107	1.0	1.0
30	0	41	2.258	0.575	20.419	3.233	1.0	1.0
30	0	38	2.0	0.0	22.258	1.632	1.0	1.0
30	0	35	1.8	0.407	25.71	3.427	0.968	1.0
30	0	32	1.0	0.91	26.263	3.462	0.581	0.613
30	0	29	0.71	0.902	29.692	4.25	0.419	0.419
30	0	26	0.0	0.0	nan	nan	0.0	0.0
30	0	23	0.0	0.0	nan	nan	0.0	0.0
30	0	20	0.0	0.0	nan	nan	0.0	0.0
31	0	62	1.581	0.672	18.613	1.334	1.0	1.0
31	0	59	1.194	0.402	19.387	1.145	1.0	1.0
31	0	56	1.065	0.25	21.419	2.062	1.0	1.0
31	0	53	0.968	0.18	23.7	1.535	0.968	0.968
31	0	50	0.5	0.509	26.059	4.13	0.452	0.548
31	0	47	0.0	0.0	nan	nan	0.0	0.0
31	0	44	0.0	0.0	nan	nan	0.0	0.0
31	0	41	0.0	0.0	nan	nan	0.0	0.0
31	0	38	0.0	0.0	nan	nan	0.0	0.0
31	0	35	0.0	0.0	nan	nan	0.0	0.0
31	0	32	0.0	0.0	nan	nan	0.0	0.0
31	0	29	0.0	0.0	nan	nan	0.0	0.0
31	0	26	0.0	0.0	nan	nan	0.0	0.0
31	0	23	0.0	0.0	nan	nan	0.0	0.0
31	0	20	0.0	0.0	nan	nan	0.0	0.0
0	1	62	3.935	0.442	17.613	0.803	1.0	1.0
0	1	59	3.516	0.508	18.129	0.718	1.0	1.0
0	1	56	3.097	0.473	18.968	1.197	1.0	1.0
0	1	53	2.581	0.502	19.903	1.326	1.0	1.0
0	1	50	2.226	0.425	20.71	1.243	1.0	1.0
0	1	47	2.0	0.258	22.452	2.541	1.0	1.0
0	1	44	1.935	0.442	24.903	2.761	1.0	1.0
0	1	41	1.552	0.686	27.857	3.875	0.839	0.903
0	1	38	0.69	0.891	32.5	3.818	0.387	0.452
0	1	35	0.1	0.403	30.0	5.196	0.065	0.097
0	1	32	0.0	0.0	nan	nan	0.0	0.0
0	1	29	0.0	0.0	nan	nan	0.0	0.0
0	1	26	0.0	0.0	nan	nan	0.0	0.0
0	1	23	0.0	0.0	nan	nan	0.0	0.0
0	1	20	0.0	0.0	nan	nan	0.0	0.0
1	1	62	5.161	0.374	15.129	0.718	1.0	1.0
1	1	59	5.032	0.18	15.548	0.624	1.0	1.0
1	1	56	5.0	0.0	16.194	0.873	1.0	1.0
1	1	53	4.935	0.25	16.677	0.702	1.0	1.0
1	1	50	4.484	0.626	17.226	0.845	1.0	1.0
1	1	47	4.065	0.772	18.258	0.965	1.0	1.0
1	1	44	3.387	0.558	19.194	1.167	1.0	1.0
1	1	41	3.097	0.301	20.0	1.653	1.0	1.0
1	1	38	2.968	0.18	21.935	1.843	1.0	1.0
1	1	35	2.903	0.301	25.29	2.397	1.0	1.0
1	1	32	2.581	0.672	28.3	4.324	0.968	0.968
1	1	29	1.133	1.106	34.579	6.301	0.581	0.613
1	1	26	0.0	0.0	51.0	0.0	0.0	0.032
1	1	23	0.0	0.0	nan	nan	0.0	0.0
1	1	20	0.0	0.0	nan	nan	0.0	0.0
2	1	62	4.032	0.18	15.419	0.886	1.0	1.0
2	1	59	4.0	0.0	16.032	0.657	1.0	1.0
2	1	56	4.0	0.258	16.903	0.79	1.0	1.0
2	1	53	3.677	0.541	17.968	1.835	1.0	1.0
2	1	50	3.258	0.514	18.548	1.06	1.0	1.0
2	1	47	2.968	0.547	19.452	1.207	1.0	1.0
2	1	44	2.774	0.425	22.065	3.723	1.0	1.0
2	1	41	2.194	0.402	23.548	1.06	1.0	1.0
2	1	38	1.806	0.601	28.414	4.272	0.935	0.935
2	1	35	0.387	0.803	32.714	4.572	0.226	0.226
2	1	32	0.032	0.18	36.0	0.0	0.032	0.032
2	1	29	0.0	0.0	nan	nan	0.0	0.0
2	1	26	0.0	0.0	nan	nan	0.0	0.0
2	1	23	0.0	0.0	nan	nan	0.0	0.0
2	1	20	0.0	0.0	nan	nan	0.0	0.0
3	1	62	4.968	0.18	15.065	0.772	1.0	1.0
3	1	59	4.968	0.18	15.581	0.886	1.0	1.0
3	1	56	4.774	0.425	15.806	0.873	1.0	1.0
3	1	53	4.548	0.506	16.452	0.723	1.0	1.0
3	1	50	4.452	0.568	17.226	0.92	1.0	1.0
3	1	47	3.903	0.539	17.581	0.848	1.0	1.0
3	1	44	3.452	0.506	18.645	1.644	1.0	1.0
3	1	41	3.0	0.0	20.387	1.145	1.0	1.0
3	1	38	2.935	0.25	21.355	1.854	1.0	1.0
3	1	35	2.677	0.475	23.645	2.09	1.0	1.0
3	1	32	2.032	0.795	29.621	4.762	0.935	0.935
3	1	29	0.929	1.016	37.053	7.137	0.516	0.613
3	1	26	0.0	0.0	nan	nan	0.0	0.0
3	1	23	0.0	0.0	nan	nan	0.0	0.0
3	1	20	0.0	0.0	nan	nan	0.0	0.0
4	1	62	6.548	0.568	13.71	0.693	1.0	1.0
4	1	59	6.29	0.461	14.258	0.631	1.0	1.0
4	1	56	6.0	0.0	14.742	0.682	1.0	1.0
4	1	53	5.935	0.25	15.161	0.779	1.0	1.0
4	1	50	5.903	0.301	15.516	1.092	1.0	1.0
4	1	47	5.677	0.475	16.194	1.108	1.0	1.0
4	1	44	5.258	0.575	17.258	0.773	1.0	1.0
4	1	41	4.645	0.608	17.935	1.031	1.0	1.0
4	1	38	4.097	0.473	19.194	1.223	1.0	1.0
4	1	35	3.903	0.301	20.613	1.606	1.0	1.0
4	1	32	3.839	0.374	22.935	2.265	1.0	1.0
4	1	29	3.581	0.62	26.097	3.259	1.0	1.0
4	1	26	3.161	0.638	31.323	5.108	1.0	1.0
4	1	23	0.933	1.23	38.538	9.36	0.387	0.419
4	1	20	0.0	0.0	35.0	0.0	0.0	0.032
5	1	62	2.871	0.341	17.419	0.765	1.0	1.0
5	1	59	2.419	0.502	18.323	0.979	1.0	1.0
5	1	56	1.677	0.541	19.677	1.013	1.0	1.0
5	1	53	1.226	0.425	20.613	1.383	1.0	1.0
5	1	50	0.968	0.18	22.433	1.612	0.968	0.968
5	1	47	0.903	0.301	24.714	1.802	0.903	0.903
5	1	44	0.2	0.484	28.833	3.656	0.161	0.194
5	1	41	0.0	0.0	nan	nan	0.0	0.0
5	1	38	0.0	0.0	nan	nan	0.0	0.0
5	1	35	0.0	0.0	nan	nan	0.0	0.0
5	1	32	0.0	0.0	nan	nan	0.0	0.0
5	1	29	0.0	0.0	nan	nan	0.0	0.0
5	1	26	0.0	0.0	nan	nan	0.0	0.0
5	1	23	0.0	0.0	nan	nan	0.0	0.0
5	1	20	0.0	0.0	nan	nan	0.0	0.0
6	1	62	4.194	0.402	16.516	0.626	1.0	1.0
6	1	59	4.0	0.365	16.774	1.023	1.0	1.0
6	1	56	3.677	0.475	17.774	0.884	1.0	1.0
6	1	53	3.226	0.497	18.742	1.182	1.0	1.0
6	1	50	3.0	0.258	19.742	1.182	1.0	1.0
6	1	47	2.742	0.445	21.194	1.621	1.0	1.0
6	1	44	2.323	0.475	23.419	1.747	1.0	1.0
6	1	41	2.129	0.341	26.226	3.64	1.0	1.0
6	1	38	1.4	0.724	33.148	5.074	0.839	0.871
6	1	35	0.129	0.499	33.5	0.707	0.065	0.065
6	1	32	0.0	0.0	nan	nan	0.0	0.0
6	1	29	0.0	0.0	nan	nan	0.0	0.0
6	1	26	0.0	0.0	nan	nan	0.0	0.0
6	1	23	0.0	0.0	nan	nan	0.0	0.0
6	1	20	0.0	0.0	nan	nan	0.0	0.0
7	1	62	5.806	0.477	13.484	0.724	1.0	1.0
7	1	59	5.548	0.506	13.806	0.703	1.0	1.0
7	1	56	5.355	0.486	14.355	0.709	1.0	1.0
7	1	53	5.097	0.473	14.806	0.946	1.0	1.0
7	1	50	5.0	0.365	15.677	0.791	1.0	1.0
7	1	47	4.613	0.558	16.097	1.165	1.0	1.0
7	1	44	4.323	0.653	16.613	1.116	1.0	1.0
7	1	41	3.935	0.629	17.871	1.607	1.0	1.0
7	1	38	3.484	0.677	18.419	1.608	1.0	1.0
7	1	35	3.129	0.562	20.161	1.864	1.0	1.0
7	1	32	2.806	0.477	21.032	2.536	1.0	1.0
7	1	29	2.484	0.57	23.097	2.271	1.0	1.0
7	1	26	2.241	0.636	27.667	6.53	0.903	0.968
7	1	23	0.724	0.922	36.0	7.416	0.419	0.484
7	1	20	0.032	0.18	26.0	0.0	0.032	0.032
8	1	62	6.935	0.359	14.903	0.597	1.0	1.0
8	1	59	6.581	0.502	15.387	0.615	1.0	1.0
8	1	56	6.226	0.425	15.484	1.338	1.0	1.0
8	1	53	6.0	0.683	16.516	0.926	1.0	1.0
8	1	50	5.903	0.396	16.839	0.82	1.0	1.0
8	1	47	5.161	0.82	17.839	1.157	1.0	1.0
8	1	44	4.645	0.709	18.677	0.979	1.0	1.0
8	1	41	3.871	0.428	20.419	1.232	1.0	1.0
8	1	38	3.871	0.428	22.097	1.868	1.0	1.0
8	1	35	3.516	0.508	24.677	2.561	1.0	1.0
8	1	32	3.065	0.629	29.065	4.809	1.0	1.0
8	1	29	2.71	0.643	31.806	6.585	1.0	1.0
8	1	26	1.387	0.919	39.833	7.305	0.774	0.774
8	1	23	0.032	0.18	38.0	0.0	0.032	0.032
8	1	20	0.0	0.0	nan	nan	0.0	0.0
9	1	62	3.0	0.0	16.742	0.682	1.0	1.0
9	1	59	2.935	0.25	17.452	0.925	1.0	1.0
9	1	56	2.387	0.615	18.226	1.023	1.0	1.0
9	1	53	1.548	0.568	19.0	1.065	1.0	1.0
9	1	50	1.161	0.374	20.484	1.651	1.0	1.0
9	1	47	1.065	0.25	22.129	2.247	1.0	1.0
9	1	44	0.968	0.315	23.931	2.235	0.935	0.935
9	1	41	0.393	0.497	27.071	2.841	0.355	0.452
9	1	38	0.0	0.0	nan	nan	0.0	0.0
9	1	35	0.0	0.0	nan	nan	0.0	0.0
9	1	32	0.0	0.0	nan	nan	0.0	0.0
9	1	29	0.0	0.0	nan	nan	0.0	0.0
9	1	26	0.0	0.0	nan	nan	0.0	0.0
9	1	23	0.0	0.0	nan	nan	0.0	0.0
9	1	20	0.0	0.0	nan	nan	0.0	0.0
10	1	62	4.516	0.508	15.0	0.577	1.0	1.0
10	1	59	4.161	0.374	15.484	0.626	1.0	1.0
10	1	56	4.0	0.258	16.0	0.683	1.0	1.0
10	1	53	3.935	0.25	16.71	1.16	1.0	1.0
10	1	50	3.839	0.454	17.29	0.824	1.0	1.0
10	1	47	3.355	0.551	18.387	1.086	1.0	1.0
10	1	44	3.032	0.547	19.581	1.822	1.0	1.0
10	1	41	2.677	0.475	21.452	1.804	1.0	1.0
10	1	38	2.355	0.486	23.581	2.277	1.0	1.0
10	1	35	1.839	0.638	29.2	4.475	0.968	0.968
10	1	32	0.5	0.82	34.2	6.68	0.29	0.323
10	1	29	0.0	0.0	nan	nan	0.0	0.0
10	1	26	0.0	0.0	nan	nan	0.0	0.0
10	1	23	0.0	0.0	nan	nan	0.0	0.0
10	1	20	0.0	0.0	nan	nan	0.0	0.0
11	1	62	6.065	0.25	14.065	0.772	1.0	1.0
11	1	59	6.0	0.0	14.548	0.624	1.0	1.0
11	1	56	5.742	0.445	15.226	0.56	1.0	1.0
11	1	53	5.677	0.475	15.484	0.724	1.0	1.0
11	1	50	5.419	0.502	16.0	0.856	1.0	1.0
11	1	47	5.065	0.442	16.903	1.221	1.0	1.0
11	1	44	4.903	0.473	17.516	1.151	1.0	1.0
11	1	41	4.677	0.541	18.129	0.991	1.0	1.0
11	1	38	4.226	0.497	19.0	1.065	1.0	1.0
11	1	35	3.839	0.523	20.581	1.822	1.0	1.0
11	1	32	3.387	0.495	23.226	2.125	1.0	1.0
11	1	29	3.387	0.495	26.161	3.588	1.0	1.0
11	1	26	2.742	0.965	30.483	6.379	0.935	0.935
11	1	23	1.414	1.211	40.476	9.6	0.613	0.677
11	1	20	0.0	0.0	nan	nan	0.0	0.0
12	1	62	3.484	0.508	15.129	0.67	1.0	1.0
12	1	59	3.323	0.475	15.484	0.962	1.0	1.0
12	1	56	3.065	0.25	15.774	0.92	1.0	1.0
12	1	53	3.0	0.258	16.806	0.749	1.0	1.0
12	1	50	2.903	0.301	17.355	0.839	1.0	1.0
12	1	47	2.581	0.502	18.032	0.912	1.0	1.0
12	1	44	2.161	0.374	18.806	1.25	1.0	1.0
12	1	41	1.806	0.402	20.323	1.492	1.0	1.0
12	1	38	1.484	0.57	22.323	3.208	1.0	1.0
12	1	35	1.065	0.629	24.423	2.043	0.839	0.839
12	1	32	0.581	0.672	25.667	3.309	0.484	0.484
12	1	29	0.065	0.25	28.5	4.95	0.065	0.065
12	1	26	0.0	0.0	nan	nan	0.0	0.0
12	1	23	0.0	0.0	nan	nan	0.0	0.0
12	1	20	0.0	0.0	nan	nan	0.0	0.0
13	1	62	3.871	0.341	14.935	0.512	1.0	1.0
13	1	59	3.613	0.495	15.548	0.506	1.0	1.0
13	1	56	3.129	0.341	16.065	0.727	1.0	1.0
13	1	53	3.097	0.301	16.613	0.667	1.0	1.0
13	1	50	2.871	0.341	17.323	0.791	1.0	1.0
13	1	47	2.387	0.495	18.774	1.499	1.0	1.0
13	1	44	2.032	0.407	19.581	1.311	1.0	1.0
13	1	41	1.548	0.506	20.71	1.575	1.0	1.0
13	1	38	1.065	0.442	23.586	2.745	0.935	0.935
13	1	35	0.613	0.558	25.556	3.294	0.581	0.581
13	1	32	0.065	0.359	25.0	0.0	0.032	0.032
13	1	29	0.0	0.0	nan	nan	0.0	0.0
13	1	26	0.0	0.0	nan	nan	0.0	0.0
13	1	23	0.0	0.0	nan	nan	0.0	0.0
13	1	20	0.0	0.0	nan	nan	0.0	0.0
14	1	62	3.935	0.25	16.452	0.568	1.0	1.0
14	1	59	3.645	0.551	17.097	0.7	1.0	1.0
14	1	56	3.161	0.638	18.065	0.727	1.0	1.0
14	1	53	2.452	0.624	18.645	1.199	1.0	1.0
14	1	50	2.161	0.374	20.226	1.23	1.0	1.0
14	1	47	2.0	0.0	21.097	1.248	1.0	1.0
14	1	44	1.968	0.18	22.871	1.284	1.0	1.0
14	1	41	1.645	0.551	25.667	2.657	0.968	0.968
14	1	38	0.607	0.737	29.812	4.608	0.419	0.516
14	1	35	0.133	0.346	28.6	3.782	0.129	0.161
14	1	32	0.0	0.0	nan	nan	0.0	0.0
14	1	29	0.0	0.0	nan	nan	0.0	0.0
14	1	26	0.0	0.0	nan	nan	0.0	0.0
14	1	23	0.0	0.0	nan	nan	0.0	0.0
14	1	20	0.0	0.0	nan	nan	0.0	0.0
15	1	62	4.097	0.396	15.839	0.638	1.0	1.0
15	1	59	3.968	0.18	16.387	0.882	1.0	1.0
15	1	56	3.935	0.25	17.0	0.931	1.0	1.0
15	1	53	3.548	0.624	17.903	0.944	1.0	1.0
15	1	50	2.839	0.688	19.0	1.238	1.0	1.0
15	1	47	2.226	0.425	20.29	1.131	1.0	1.0
15	1	44	2.161	0.523	21.548	1.63	1.0	1.0
15	1	41	1.935	0.359	23.129	2.579	1.0	1.0
15	1	38	1.871	0.341	27.258	3.13	1.0	1.0
15	1	35	1.032	0.836	30.333	3.638	0.677	0.677
15	1	32	0.065	0.25	28.5	4.95	0.065	0.065
15	1	29	0.0	0.0	nan	nan	0.0	0.0
15	1	26	0.0	0.0	nan	nan	0.0	0.0
15	1	23	0.0	0.0	nan	nan	0.0	0.0
15	1	20	0.0	0.0	nan	nan	0.0	0.0
16	1	62	5.097	0.301	15.129	0.763	1.0	1.0
16	1	59	4.968	0.407	15.548	0.568	1.0	1.0
16	1	56	4.742	0.445	16.065	0.772	1.0	1.0
16	1	53	4.516	0.508	16.774	0.92	1.0	1.0
16	1	50	4.065	0.629	17.548	0.675	1.0	1.0
16	1	47	3.516	0.57	18.161	0.735	1.0	1.0
16	1	44	3.194	0.654	19.129	1.231	1.0	1.0
16	1	41	2.806	0.543	20.548	1.65	1.0	1.0
16	1	38	2.355	0.486	21.613	1.706	1.0	1.0
16	1	35	2.161	0.454	24.258	2.828	1.0	1.0
16	1	32	1.968	0.752	27.759	4.323	0.935	0.935
16	1	29	0.857	0.848	32.053	5.421	0.516	0.613
16	1	26	0.0	0.0	nan	nan	0.0	0.0
16	1	23	0.0	0.0	nan	nan	0.0	0.0
16	1	20	0.0	0.0	nan	nan	0.0	0.0
17	1	62	5.129	0.341	14.194	0.654	1.0	1.0
17	1	59	5.032	0.18	14.677	0.541	1.0	1.0
17	1	56	5.032	0.18	15.29	0.693	1.0	1.0
17	1	53	5.0	0.258	15.484	0.769	1.0	1.0
17	1	50	4.71	0.461	16.29	0.693	1.0	1.0
17	1	47	4.452	0.568	16.774	0.805	1.0	1.0
17	1	44	3.871	0.67	17.645	0.985	1.0	1.0
17	1	41	3.452	0.506	18.677	1.013	1.0	1.0
17	1	38	3.129	0.341	20.452	1.859	1.0	1.0
17	1	35	2.968	0.407	22.194	2.88	1.0	1.0
17	1	32	2.935	0.25	25.258	2.781	1.0	1.0
17	1	29	2.0	1.089	34.185	9.149	0.774	0.871
17	1	26	0.367	0.809	35.571	5.623	0.194	0.226
17	1	23	0.0	0.0	nan	nan	0.0	0.0
17	1	20	0.0	0.0	nan	nan	0.0	0.0
18	1	62	2.742	0.445	17.806	0.792	1.0	1.0
18	1	59	2.452	0.506	18.355	0.755	1.0	1.0
18	1	56	2.032	0.315	19.226	1.023	1.0	1.0
18	1	53	1.968	0.407	20.226	1.23	1.0	1.0
18	1	50	1.806	0.402	21.871	1.727	1.0	1.0
18	1	47	1.548	0.506	23.355	2.346	1.0	1.0
18	1	44	1.097	0.597	26.222	2.207	0.871	0.871
18	1	41	0.194	0.477	27.8	3.271	0.161	0.161
18	1	38	0.0	0.0	nan	nan	0.0	0.0
18	1	35	0.0	0.0	nan	nan	0.0	0.0
18	1	32	0.0	0.0	nan	nan	0.0	0.0
18	1	29	0.0	0.0	nan	nan	0.0	0.0
18	1	26	0.0	0.0	nan	nan	0.0	0.0
18	1	23	0.0	0.0	nan	nan	0.0	0.0
18	1	20	0.0	0.0	nan	nan	0.0	0.0
19	1	62	5.968	0.18	14.935	0.629	1.0	1.0
19	1	59	5.935	0.25	15.355	0.486	1.0	1.0
19	1	56	5.613	0.495	16.129	0.718	1.0	1.0
19	1	53	5.226	0.425	16.71	0.588	1.0	1.0
19	1	50	5.097	0.473	17.194	0.703	1.0	1.0
19	1	47	4.677	0.475	18.032	0.752	1.0	1.0
19	1	44	4.032	0.315	19.419	1.057	1.0	1.0
19	1	41	3.645	0.551	21.29	2.957	1.0	1.0
19	1	38	3.355	0.486	22.71	2.648	1.0	1.0
19	1	35	3.065	0.359	26.645	3.411	1.0	1.0
19	1	32	2.677	0.599	30.419	5.277	1.0	1.0
19	1	29	1.2	1.27	38.706	8.908	0.516	0.548
19	1	26	0.0	0.0	nan	nan	0.0	0.0
19	1	23	0.0	0.0	nan	nan	0.0	0.0
19	1	20	0.0	0.0	nan	nan	0.0	0.0
20	1	62	4.742	0.445	15.968	0.605	1.0	1.0
20	1	59	4.419	0.502	16.548	0.675	1.0	1.0
20	1	56	4.194	0.601	17.355	0.877	1.0	1.0
20	1	53	3.774	0.497	17.742	0.93	1.0	1.0
20	1	50	3.258	0.445	18.774	0.92	1.0	1.0
20	1	47	3.032	0.315	20.129	1.284	1.0	1.0
20	1	44	2.677	0.541	21.774	1.454	1.0	1.0
20	1	41	2.613	0.495	23.581	2.262	1.0	1.0
20	1	38	2.161	0.374	25.613	3.041	1.0	1.0
20	1	35	1.968	0.605	29.167	3.887	0.968	0.968
20	1	32	1.129	0.718	34.24	4.437	0.806	0.806
20	1	29	0.267	0.521	38.25	3.919	0.226	0.258
20	1	26	0.0	0.0	nan	nan	0.0	0.0
20	1	23	0.0	0.0	nan	nan	0.0	0.0
20	1	20	0.0	0.0	nan	nan	0.0	0.0
21	1	62	2.871	0.341	17.29	1.006	1.0	1.0
21	1	59	2.484	0.508	18.226	0.762	1.0	1.0
21	1	56	2.161	0.454	19.226	1.146	1.0	1.0
21	1	53	1.774	0.497	20.032	1.197	1.0	1.0
21	1	50	1.419	0.502	22.065	1.711	1.0	1.0
21	1	47	1.258	0.514	23.9	2.123	0.968	0.968
21	1	44	0.742	0.514	26.045	2.478	0.71	0.71
21	1	41	0.0	0.0	nan	nan	0.0	0.0
21	1	38	0.032	0.18	29.0	0.0	0.032	0.032
21	1	35	0.0	0.0	nan	nan	0.0	0.0
21	1	32	0.0	0.0	nan	nan	0.0	0.0
21	1	29	0.0	0.0	nan	nan	0.0	0.0
21	1	26	0.0	0.0	nan	nan	0.0	0.0
21	1	23	0.0	0.0	nan	nan	0.0	0.0
21	1	20	0.0	0.0	nan	nan	0.0	0.0
22	1	62	5.613	0.495	14.774	0.669	1.0	1.0
22	1	59	5.226	0.497	15.258	0.815	1.0	1.0
22	1	56	5.065	0.25	15.871	0.763	1.0	1.0
22	1	53	5.032	0.18	16.258	0.855	1.0	1.0
22	1	50	4.935	0.25	17.0	0.816	1.0	1.0
22	1	47	4.452	0.568	18.097	1.165	1.0	1.0
22	1	44	3.613	0.615	19.194	0.873	1.0	1.0
22	1	41	3.323	0.475	20.548	1.609	1.0	1.0
22	1	38	3.032	0.18	22.29	1.575	1.0	1.0
22	1	35	3.0	0.0	24.226	1.521	1.0	1.0
22	1	32	2.581	0.765	30.133	4.925	0.968	0.968
22	1	29	1.0	1.065	35.765	5.13	0.548	0.548
22	1	26	0.161	0.638	35.0	2.828	0.065	0.065
22	1	23	0.0	0.0	nan	nan	0.0	0.0
22	1	20	0.0	0.0	nan	nan	0.0	0.0
23	1	62	2.935	0.25	16.871	0.922	1.0	1.0
23	1	59	2.903	0.301	17.516	0.769	1.0	1.0
23	1	56	2.452	0.506	18.097	0.944	1.0	1.0
23	1	53	1.871	0.67	20.452	3.686	1.0	1.0
23	1	50	1.452	0.506	21.032	1.56	1.0	1.0
23	1	47	1.065	0.512	22.714	1.697	0.903	0.903
23	1	44	0.903	0.396	24.889	2.025	0.871	0.871
23	1	41	0.323	0.475	27.1	4.408	0.323	0.323
23	1	38	0.0	0.0	nan	nan	0.0	0.0
23	1	35	0.0	0.0	nan	nan	0.0	0.0
23	1	32	0.0	0.0	nan	nan	0.0	0.0
23	1	29	0.0	0.0	nan	nan	0.0	0.0
23	1	26	0.0	0.0	nan	nan	0.0	0.0
23	1	23	0.0	0.0	nan	nan	0.0	0.0
23	1	20	0.0	0.0	nan	nan	0.0	0.0
24	1	62	3.032	0.315	17.032	0.752	1.0	1.0
24	1	59	2.548	0.568	18.097	0.944	1.0	1.0
24	1	56	2.226	0.425	19.097	1.535	1.0	1.0
24	1	53	2.032	0.315	19.903	1.012	1.0	1.0
24	1	50	1.71	0.461	21.484	1.411	1.0	1.0
24	1	47	1.516	0.508	23.258	1.653	1.0	1.0
24	1	44	1.4	0.563	25.267	2.778	0.935	0.968
24	1	41	0.355	0.608	27.222	2.863	0.29	0.29
24	1	38	0.032	0.18	20.0	0.0	0.032	0.032
24	1	35	0.0	0.0	nan	nan	0.0	0.0
24	1	32	0.0	0.0	nan	nan	0.0	0.0
24	1	29	0.0	0.0	nan	nan	0.0	0.0
24	1	26	0.0	0.0	nan	nan	0.0	0.0
24	1	23	0.0	0.0	nan	nan	0.0	0.0
24	1	20	0.0	0.0	nan	nan	0.0	0.0
25	1	62	1.452	0.568	19.129	0.885	1.0	1.0
25	1	59	1.032	0.18	20.355	1.142	1.0	1.0
25	1	56	1.0	0.0	21.774	1.309	1.0	1.0
25	1	53	0.871	0.341	24.074	1.92	0.871	0.871
25	1	50	0.467	0.507	25.467	1.407	0.452	0.484
25	1	47	0.032	0.18	32.0	0.0	0.032	0.032
25	1	44	0.0	0.0	nan	nan	0.0	0.0
25	1	41	0.0	0.0	nan	nan	0.0	0.0
25	1	38	0.0	0.0	nan	nan	0.0	0.0
25	1	35	0.0	0.0	nan	nan	0.0	0.0
25	1	32	0.0	0.0	nan	nan	0.0	0.0
25	1	29	0.0	0.0	nan	nan	0.0	0.0
25	1	26	0.0	0.0	nan	nan	0.0	0.0
25	1	23	0.0	0.0	nan	nan	0.0	0.0
25	1	20	0.0	0.0	nan	nan	0.0	0.0
26	1	62	5.677	0.475	14.839	0.583	1.0	1.0
26	1	59	5.548	0.506	15.355	0.608	1.0	1.0
26	1	56	5.226	0.425	15.935	0.772	1.0	1.0
26	1	53	5.0	0.0	16.387	0.844	1.0	1.0
26	1	50	4.903	0.301	17.355	1.33	1.0	1.0
26	1	47	4.774	0.425	17.613	0.803	1.0	1.0
26	1	44	4.194	0.654	18.516	1.18	1.0	1.0
26	1	41	3.516	0.626	19.742	1.125	1.0	1.0
26	1	38	3.226	0.425	21.194	1.682	1.0	1.0
26	1	35	3.097	0.301	23.032	1.426	1.0	1.0
26	1	32	2.935	0.359	27.871	3.334	1.0	1.0
26	1	29	2.533	0.681	33.5	5.71	0.935	0.968
26	1	26	0.172	0.539	49.4	9.317	0.097	0.161
26	1	23	0.0	0.0	nan	nan	0.0	0.0
26	1	20	0.0	0.0	nan	nan	0.0	0.0
27	1	62	5.355	0.486	13.903	0.473	1.0	1.0
27	1	59	5.097	0.301	14.129	0.67	1.0	1.0
27	1	56	5.097	0.396	14.645	0.661	1.0	1.0
27	1	53	4.968	0.18	15.065	0.629	1.0	1.0
27	1	50	4.774	0.425	15.774	0.762	1.0	1.0
27	1	47	4.452	0.568	15.903	0.944	1.0	1.0
27	1	44	4.258	0.575	17.0	0.931	1.0	1.0
27	1	41	3.839	0.374	17.516	0.926	1.0	1.0
27	1	38	3.194	0.477	19.032	1.11	1.0	1.0
27	1	35	2.903	0.539	20.258	1.413	1.0	1.0
27	1	32	2.581	0.564	21.839	2.339	1.0	1.0
27	1	29	2.233	0.43	23.71	3.227	0.968	1.0
27	1	26	1.556	0.847	29.615	5.131	0.71	0.839
27	1	23	0.9	0.885	33.222	5.14	0.548	0.581
27	1	20	0.0	0.0	nan	nan	0.0	0.0
28	1	62	4.0	0.0	14.774	0.805	1.0	1.0
28	1	59	3.903	0.301	15.613	0.882	1.0	1.0
28	1	56	3.871	0.341	16.065	0.772	1.0	1.0
28	1	53	3.452	0.506	16.677	0.791	1.0	1.0
28	1	50	3.29	0.529	17.29	0.938	1.0	1.0
28	1	47	2.484	0.508	18.516	0.851	1.0	1.0
28	1	44	2.065	0.442	19.129	1.628	1.0	1.0
28	1	41	1.806	0.402	20.71	1.575	1.0	1.0
28	1	38	1.258	0.445	23.548	2.461	1.0	1.0
28	1	35	0.645	0.551	26.158	3.731	0.613	0.613
28	1	32	0.0	0.0	nan	nan	0.0	0.0
28	1	29	0.0	0.0	nan	nan	0.0	0.0
28	1	26	0.0	0.0	nan	nan	0.0	0.0
28	1	23	0.0	0.0	nan	nan	0.0	0.0
28	1	20	0.0	0.0	nan	nan	0.0	0.0
29	1	62	4.29	0.461	14.839	0.583	1.0	1.0
29	1	59	4.161	0.374	15.194	0.703	1.0	1.0
29	1	56	4.0	0.0	15.903	0.87	1.0	1.0
29	1	53	3.903	0.301	16.645	1.082	1.0	1.0
29	1	50	3.871	0.341	17.129	0.991	1.0	1.0
29	1	47	3.548	0.506	18.097	1.193	1.0	1.0
29	1	44	3.129	0.562	19.129	1.477	1.0	1.0
29	1	41	2.677	0.541	21.032	1.76	1.0	1.0
29	1	38	2.29	0.461	23.355	2.576	1.0	1.0
29	1	35	2.032	0.657	28.067	4.472	0.968	0.968
29	1	32	0.677	1.045	28.8	4.185	0.323	0.323
29	1	29	0.0	0.0	nan	nan	0.0	0.0
29	1	26	0.0	0.0	nan	nan	0.0	0.0
29	1	23	0.0	0.0	nan	nan	0.0	0.0
29	1	20	0.0	0.0	nan	nan	0.0	0.0
30	1	62	3.903	0.301	17.226	1.383	1.0	1.0
30	1	59	3.419	0.672	18.065	0.727	1.0	1.0
30	1	56	2.935	0.68	18.71	1.189	1.0	1.0
30	1	53	2.355	0.608	19.548	1.06	1.0	1.0
30	1	50	2.161	0.374	21.387	2.319	1.0	1.0
30	1	47	2.0	0.0	22.645	1.836	1.0	1.0
30	1	44	1.935	0.25	25.677	2.7	1.0	1.0
30	1	41	1.806	0.477	27.967	3.113	0.968	0.968
30	1	38	0.828	0.928	30.625	4.689	0.452	0.516
30	1	35	0.067	0.365	34.0	4.243	0.032	0.065
30	1	32	0.0	0.0	nan	nan	0.0	0.0
30	1	29	0.0	0.0	nan	nan	0.0	0.0
30	1	26	0.0	0.0	nan	nan	0.0	0.0
30	1	23	0.0	0.0	nan	nan	0.0	0.0
30	1	20	0.0	0.0	nan	nan	0.0	0.0
31	1	62	4.226	0.425	13.645	0.661	1.0	1.0
31	1	59	4.097	0.301	13.871	1.024	1.0	1.0
31	1	56	4.0	0.0	14.323	0.909	1.0	1.0
31	1	53	3.968	0.18	15.194	0.703	1.0	1.0
31	1	50	3.968	0.18	15.0	1.065	1.0	1.0
31	1	47	3.968	0.18	16.129	0.957	1.0	1.0
31	1	44	3.806	0.402	17.0	1.183	1.0	1.0
31	1	41	3.226	0.717	18.065	1.209	1.0	1.0
31	1	38	2.645	0.661	19.097	1.513	1.0	1.0
31	1	35	2.419	0.564	20.258	1.57	1.0	1.0
31	1	32	2.161	0.454	23.065	3.366	1.0	1.0
31	1	29	2.097	0.651	27.167	4.757	0.968	0.968
31	1	26	0.483	0.871	29.889	5.255	0.226	0.29
31	1	23	0.065	0.25	39.0	2.828	0.065	0.065
31	1	20	0.0	0.0	nan	nan	0.0	0.0
0	2	62	5.0	0.0	15.161	0.638	1.0	1.0
0	2	59	4.742	0.514	16.065	1.124	1.0	1.0
0	2	56	4.548	0.506	16.613	0.844	1.0	1.0
0	2	53	4.0	0.577	17.323	1.107	1.0	1.0
0	2	50	3.419	0.502	18.419	0.72	1.0	1.0
0	2	47	3.065	0.442	20.097	1.868	1.0	1.0
0	2	44	2.839	0.523	22.355	3.21	1.0	1.0
0	2	41	2.742	0.445	23.774	2.68	1.0	1.0
0	2	38	2.433	0.504	27.226	5.673	0.968	1.0
0	2	35	1.194	1.014	34.143	5.633	0.677	0.677
0	2	32	0.129	0.341	35.75	6.752	0.129	0.129
0	2	29	0.0	0.0	nan	nan	0.0	0.0
0	2	26	0.0	0.0	nan	nan	0.0	0.0
0	2	23	0.0	0.0	nan	nan	0.0	0.0
0	2	20	0.0	0.0	nan	nan	0.0	0.0
1	2	62	2.903	0.301	16.452	0.995	1.0	1.0
1	2	59	2.903	0.396	17.097	1.221	1.0	1.0
1	2	56	2.419	0.62	18.0	1.033	1.0	1.0
1	2	53	1.903	0.79	18.516	1.208	1.0	1.0
1	2	50	1.258	0.514	20.097	1.446	1.0	1.0
1	2	47	1.226	0.425	21.613	2.011	1.0	1.0
1	2	44	0.871	0.428	23.692	2.311	0.839	0.839
1	2	41	0.613	0.558	25.5	2.618	0.581	0.581
1	2	38	0.032	0.18	25.0	0.0	0.032	0.032
1	2	35	0.032	0.18	26.0	0.0	0.032	0.032
1	2	32	0.0	0.0	nan	nan	0.0	0.0
1	2	29	0.0	0.0	nan	nan	0.0	0.0
1	2	26	0.0	0.0	nan	nan	0.0	0.0
1	2	23	0.0	0.0	nan	nan	0.0	0.0
1	2	20	0.0	0.0	nan	nan	0.0	0.0
2	2	62	3.194	0.477	15.839	0.638	1.0	1.0
2	2	59	3.0	0.365	16.29	0.693	1.0	1.0
2	2	56	2.968	0.407	17.065	0.998	1.0	1.0
2	2	53	2.581	0.564	18.032	1.835	1.0	1.0
2	2	50	2.355	0.486	18.806	1.108	1.0	1.0
2	2	47	2.0	0.447	20.419	1.608	1.0	1.0
2	2	44	1.452	0.624	22.0	2.334	0.968	0.968
2	2	41	1.129	0.499	25.138	3.303	0.935	0.935
2	2	38	0.655	0.721	27.941	3.508	0.484	0.548
2	2	35	0.0	0.0	nan	nan	0.0	0.0
2	2	32	0.0	0.0	nan	nan	0.0	0.0
2	2	29	0.0	0.0	nan	nan	0.0	0.0
2	2	26	0.0	0.0	nan	nan	0.0	0.0
2	2	23	0.0	0.0	nan	nan	0.0	0.0
2	2	20	0.0	0.0	nan	nan	0.0	0.0
3	2	62	4.065	0.25	14.387	0.615	1.0	1.0
3	2	59	4.0	0.0	14.645	0.877	1.0	1.0
3	2	56	3.968	0.18	15.194	0.601	1.0	1.0
3	2	53	3.903	0.301	15.323	1.107	1.0	1.0
3	2	50	3.677	0.475	16.677	0.909	1.0	1.0
3	2	47	3.419	0.72	17.484	1.151	1.0	1.0
3	2	44	2.613	0.558	18.484	1.18	1.0	1.0
3	2	41	2.161	0.454	19.839	2.099	1.0	1.0
3	2	38	1.968	0.315	23.161	3.634	1.0	1.0
3	2	35	1.935	0.25	24.548	3.385	1.0	1.0
3	2	32	1.714	0.713	29.138	6.457	0.839	0.935
3	2	29	0.067	0.254	34.667	3.786	0.065	0.097
3	2	26	0.0	0.0	37.5	2.121	0.0	0.065
3	2	23	0.0	0.0	nan	nan	0.0	0.0
3	2	20	0.0	0.0	nan	nan	0.0	0.0
4	2	62	4.677	0.475	14.387	0.803	1.0	1.0
4	2	59	4.548	0.506	14.935	0.629	1.0	1.0
4	2	56	4.452	0.506	15.29	1.071	1.0	1.0
4	2	53	4.226	0.425	15.839	0.898	1.0	1.0
4	2	50	4.0	0.258	16.968	0.875	1.0	1.0
4	2	47	3.839	0.454	17.097	1.193	1.0	1.0
4	2	44	3.355	0.551	18.645	1.305	1.0	1.0
4	2	41	3.161	0.454	19.903	1.72	1.0	1.0
4	2	38	2.806	0.543	22.677	3.664	1.0	1.0
4	2	35	2.567	0.626	24.581	4.595	0.968	1.0
4	2	32	2.097	1.012	29.037	5.599	0.871	0.871
4	2	29	0.429	0.836	38.6	10.319	0.226	0.323
4	2	26	0.065	0.359	27.0	0.0	0.032	0.032
4	2	23	0.0	0.0	nan	nan	0.0	0.0
4	2	20	0.0	0.0	nan	nan	0.0	0.0
5	2	62	4.0	0.0	16.774	0.717	1.0	1.0
5	2	59	4.0	0.0	17.032	0.605	1.0	1.0
5	2	56	3.806	0.402	17.645	0.877	1.0	1.0
5	2	53	2.935	0.68	18.871	1.31	1.0	1.0
5	2	50	2.548	0.506	20.355	1.142	1.0	1.0
5	2	47	2.161	0.374	22.0	1.751	1.0	1.0
5	2	44	2.0	0.447	24.6	2.472	0.968	0.968
5	2	41	1.667	0.547	31.0	5.901	0.935	0.968
5	2	38	0.581	0.886	30.3	5.034	0.323	0.323
5	2	35	0.0	0.0	nan	nan	0.0	0.0
5	2	32	0.0	0.0	nan	nan	0.0	0.0
5	2	29	0.0	0.0	nan	nan	0.0	0.0
5	2	26	0.0	0.0	nan	nan	0.0	0.0
5	2	23	0.0	0.0	nan	nan	0.0	0.0
5	2	20	0.0	0.0	nan	nan	0.0	0.0
6	2	62	4.677	0.475	13.742	0.855	1.0	1.0
6	2	59	4.677	0.475	14.355	0.608	1.0	1.0
6	2	56	4.355	0.486	15.161	0.688	1.0	1.0
6	2	53	4.226	0.425	15.452	0.81	1.0	1.0
6	2	50	4.097	0.301	16.032	0.482	1.0	1.0
6	2	47	3.839	0.374	17.129	1.204	1.0	1.0
6	2	44	3.774	0.497	17.677	0.702	1.0	1.0
6	2	41	3.032	0.605	19.516	1.503	1.0	1.0
6	2	38	3.0	0.365	21.065	1.999	1.0	1.0
6	2	35	2.71	0.461	22.903	2.959	1.0	1.0
6	2	32	2.419	0.72	27.733	3.778	0.968	0.968
6	2	29	1.267	1.048	32.636	6.821	0.677	0.71
6	2	26	0.032	0.18	37.0	0.0	0.032	0.032
6	2	23	0.0	0.0	nan	nan	0.0	0.0
6	2	20	0.0	0.0	nan	nan	0.0	0.0
7	2	62	3.935	0.25	15.097	0.651	1.0	1.0
7	2	59	3.742	0.445	15.903	1.012	1.0	1.0
7	2	56	3.484	0.508	16.161	0.735	1.0	1.0
7	2	53	3.452	0.506	16.677	0.909	1.0	1.0
7	2	50	2.806	0.477	17.613	0.803	1.0	1.0
7	2	47	2.226	0.425	19.194	1.138	1.0	1.0
7	2	44	1.935	0.25	20.903	1.557	1.0	1.0
7	2	41	1.774	0.425	22.548	2.514	1.0	1.0
7	2	38	1.667	0.479	24.935	2.732	0.968	1.0
7	2	35	0.867	0.776	27.25	3.522	0.613	0.645
7	2	32	0.033	0.183	34.0	1.414	0.032	0.065
7	2	29	0.0	0.0	nan	nan	0.0	0.0
7	2	26	0.0	0.0	nan	nan	0.0	0.0
7	2	23	0.0	0.0	nan	nan	0.0	0.0
7	2	20	0.0	0.0	nan	nan	0.0	0.0
8	2	62	3.935	0.25	14.839	0.523	1.0	1.0
8	2	59	3.742	0.445	15.452	0.768	1.0	1.0
8	2	56	3.548	0.506	15.71	0.783	1.0	1.0
8	2	53	3.129	0.341	16.484	0.926	1.0	1.0
8	2	50	3.0	0.447	17.226	0.99	1.0	1.0
8	2	47	2.548	0.624	18.226	1.283	1.0	1.0
8	2	44	2.065	0.442	20.032	1.835	1.0	1.0
8	2	41	1.71	0.529	21.161	2.018	1.0	1.0
8	2	38	1.548	0.675	23.033	2.895	0.968	0.968
8	2	35	1.032	0.795	25.773	3.463	0.71	0.71
8	2	32	0.1	0.305	30.25	3.775	0.097	0.129
8	2	29	0.032	0.18	28.0	0.0	0.032	0.032
8	2	26	0.0	0.0	nan	nan	0.0	0.0
8	2	23	0.0	0.0	nan	nan	0.0	0.0
8	2	20	0.0	0.0	nan	nan	0.0	0.0
9	2	62	2.742	2.338	13.226	0.617	1.0	1.0
9	2	59	2.484	2.308	13.355	0.755	1.0	1.0
9	2	56	2.548	2.293	13.871	0.846	1.0	1.0
9	2	53	2.839	2.325	14.226	0.845	1.0	1.0
9	2	50	2.839	2.083	14.839	0.779	1.0	1.0
9	2	47	1.839	1.675	15.613	0.761	1.0	1.0
9	2	44	2.323	1.796	15.871	1.024	1.0	1.0
9	2	41	2.387	1.764	16.968	1.197	1.0	1.0
9	2	38	1.742	1.29	17.516	1.18	1.0	1.0
9	2	35	1.903	1.423	18.71	2.239	1.0	1.0
9	2	32	1.516	0.962	20.71	2.493	1.0	1.0
9	2	29	1.581	1.089	21.871	2.419	1.0	1.0
9	2	26	1.419	0.848	26.833	4.786	0.968	0.968
9	2	23	1.323	0.599	29.9	6.392	1.0	0.968
9	2	20	1.2	0.847	34.263	8.385	0.839	0.613
10	2	62	5.032	1.472	13.452	1.207	1.0	1.0
10	2	59	4.548	1.63	13.774	0.717	1.0	1.0
10	2	56	4.29	1.657	14.065	1.063	1.0	1.0
10	2	53	4.323	1.558	14.484	1.122	1.0	1.0
10	2	50	3.806	1.662	15.032	1.048	1.0	1.0
10	2	47	4.387	1.407	15.548	1.121	1.0	1.0
10	2	44	4.0	1.265	16.355	0.755	1.0	1.0
10	2	41	3.387	1.383	17.194	1.046	1.0	1.0
10	2	38	3.0	1.125	18.548	1.748	1.0	1.0
10	2	35	3.0	0.931	19.129	1.5	1.0	1.0
10	2	32	2.548	0.85	21.161	2.451	1.0	1.0
10	2	29	2.387	0.715	24.323	3.544	1.0	1.0
10	2	26	1.839	0.934	28.63	4.789	0.903	0.871
10	2	23	1.2	0.997	32.1	6.512	0.677	0.645
10	2	20	0.484	0.724	37.667	7.746	0.355	0.29
11	2	62	3.032	0.18	16.419	0.848	1.0	1.0
11	2	59	3.032	0.315	16.484	1.092	1.0	1.0
11	2	56	2.806	0.477	17.484	1.029	1.0	1.0
11	2	53	2.548	0.506	18.129	1.803	1.0	1.0
11	2	50	2.323	0.599	18.71	1.27	1.0	1.0
11	2	47	1.774	0.56	20.903	2.055	1.0	1.0
11	2	44	1.677	0.475	22.613	1.606	1.0	1.0
11	2	41	1.129	0.562	25.071	2.26	0.903	0.903
11	2	38	0.586	0.628	28.412	3.759	0.484	0.548
11	2	35	0.097	0.301	28.667	3.786	0.097	0.097
11	2	32	0.0	0.0	nan	nan	0.0	0.0
11	2	29	0.0	0.0	nan	nan	0.0	0.0
11	2	26	0.0	0.0	nan	nan	0.0	0.0
11	2	23	0.0	0.0	nan	nan	0.0	0.0
11	2	20	0.0	0.0	nan	nan	0.0	0.0
12	2	62	5.355	0.95	14.323	0.475	1.0	1.0
12	2	59	5.29	0.461	14.645	0.798	1.0	1.0
12	2	56	4.968	0.795	15.065	0.574	1.0	1.0
12	2	53	4.935	0.442	15.774	1.875	1.0	1.0
12	2	50	4.903	0.301	16.516	0.89	1.0	1.0
12	2	47	4.548	0.624	17.355	0.915	1.0	1.0
12	2	44	4.097	0.746	17.871	1.176	1.0	1.0
12	2	41	3.548	0.995	19.548	2.03	1.0	1.0
12	2	38	3.129	0.341	20.194	1.6	1.0	1.0
12	2	35	3.129	0.341	23.226	3.041	1.0	1.0
12	2	32	3.0	0.258	24.419	2.941	1.0	1.0
12	2	29	2.806	0.477	29.742	5.471	1.0	1.0
12	2	26	1.194	1.195	36.353	7.881	0.548	0.548
12	2	23	0.355	0.709	38.429	11.103	0.226	0.226
12	2	20	0.0	0.0	nan	nan	0.0	0.0
13	2	62	4.323	0.475	16.032	0.795	1.0	1.0
13	2	59	4.065	0.359	16.323	1.194	1.0	1.0
13	2	56	3.839	0.374	16.968	1.048	1.0	1.0
13	2	53	3.645	0.551	17.613	0.919	1.0	1.0
13	2	50	2.935	0.772	18.903	1.535	1.0	1.0
13	2	47	2.452	0.624	20.355	1.582	1.0	1.0
13	2	44	2.161	0.454	21.032	2.213	1.0	1.0
13	2	41	1.968	0.482	24.467	2.047	0.968	0.968
13	2	38	1.516	0.724	26.185	3.732	0.871	0.871
13	2	35	0.419	0.72	30.111	5.578	0.29	0.29
13	2	32	0.0	0.0	nan	nan	0.0	0.0
13	2	29	0.0	0.0	nan	nan	0.0	0.0
13	2	26	0.0	0.0	nan	nan	0.0	0.0
13	2	23	0.0	0.0	nan	nan	0.0	0.0
13	2	20	0.0	0.0	nan	nan	0.0	0.0
14	2	62	3.032	0.18	15.742	0.575	1.0	1.0
14	2	59	3.0	0.0	16.323	0.599	1.0	1.0
14	2	56	2.935	0.25	17.097	0.978	1.0	1.0
14	2	53	2.806	0.402	17.419	1.544	1.0	1.0
14	2	50	1.903	0.746	19.567	3.081	0.968	0.968
14	2	47	1.419	0.564	20.032	1.906	1.0	1.0
14	2	44	1.032	0.18	21.548	1.997	1.0	1.0
14	2	41	0.867	0.629	23.917	3.189	0.742	0.774
14	2	38	0.367	0.49	25.917	1.564	0.355	0.387
14	2	35	0.032	0.18	33.0	0.0	0.032	0.032
14	2	32	0.0	0.0	nan	nan	0.0	0.0
14	2	29	0.0	0.0	nan	nan	0.0	0.0
14	2	26	0.0	0.0	nan	nan	0.0	0.0
14	2	23	0.0	0.0	nan	nan	0.0	0.0
14	2	20	0.0	0.0	nan	nan	0.0	0.0
15	2	62	5.065	0.25	13.871	0.718	1.0	1.0
15	2	59	5.032	0.18	14.129	0.619	1.0	1.0
15	2	56	5.0	0.0	14.548	0.768	1.0	1.0
15	2	53	4.968	0.18	15.0	0.816	1.0	1.0
15	2	50	4.677	0.475	15.839	0.969	1.0	1.0
15	2	47	4.323	0.475	16.548	0.768	1.0	1.0
15	2	44	4.226	0.617	17.258	0.93	1.0	1.0
15	2	41	3.613	0.495	18.419	1.177	1.0	1.0
15	2	38	3.097	0.301	19.29	0.938	1.0	1.0
15	2	35	2.935	0.25	21.258	1.653	1.0	1.0
15	2	32	2.935	0.25	24.484	1.964	1.0	1.0
15	2	29	2.484	0.677	30.032	5.902	1.0	1.0
15	2	26	1.276	1.066	36.952	8.913	0.613	0.677
15	2	23	0.032	0.18	42.0	0.0	0.032	0.032
15	2	20	0.0	0.0	nan	nan	0.0	0.0
16	2	62	5.774	0.425	13.29	0.693	1.0	1.0
16	2	59	5.71	0.461	13.452	0.568	1.0	1.0
16	2	56	5.484	0.508	13.71	0.588	1.0	1.0
16	2	53	5.194	0.402	14.29	0.693	1.0	1.0
16	2	50	5.0	0.0	15.097	0.746	1.0	1.0
16	2	47	5.0	0.258	15.516	1.288	1.0	1.0
16	2	44	4.871	0.428	16.387	1.054	1.0	1.0
16	2	41	4.71	0.529	17.129	0.922	1.0	1.0
16	2	38	4.355	0.661	18.29	1.371	1.0	1.0
16	2	35	3.806	0.601	19.613	1.647	1.0	1.0
16	2	32	3.29	0.588	21.226	3.49	1.0	1.0
16	2	29	3.29	0.529	23.839	3.184	1.0	1.0
16	2	26	2.633	0.718	28.935	6.324	0.968	1.0
16	2	23	0.621	1.147	32.0	7.071	0.258	0.323
16	2	20	0.0	0.0	nan	nan	0.0	0.0
17	2	62	4.677	0.475	15.032	0.657	1.0	1.0
17	2	59	4.258	0.445	15.355	0.486	1.0	1.0
17	2	56	4.129	0.341	15.742	0.773	1.0	1.0
17	2	53	3.968	0.18	16.677	0.791	1.0	1.0
17	2	50	3.968	0.18	17.161	0.779	1.0	1.0
17	2	47	3.548	0.506	18.452	0.81	1.0	1.0
17	2	44	3.0	0.365	19.71	1.131	1.0	1.0
17	2	41	2.903	0.301	22.258	2.863	1.0	1.0
17	2	38	2.194	0.402	24.032	1.975	1.0	1.0
17	2	35	1.276	1.066	28.7	4.269	0.581	0.645
17	2	32	0.129	0.499	26.5	0.707	0.065	0.065
17	2	29	0.0	0.0	nan	nan	0.0	0.0
17	2	26	0.0	0.0	nan	nan	0.0	0.0
17	2	23	0.0	0.0	nan	nan	0.0	0.0
17	2	20	0.0	0.0	nan	nan	0.0	0.0
18	2	62	4.032	0.18	15.226	0.92	1.0	1.0
18	2	59	4.0	0.0	15.871	0.922	1.0	1.0
18	2	56	3.935	0.25	16.258	0.682	1.0	1.0
18	2	53	3.774	0.425	16.968	0.752	1.0	1.0
18	2	50	3.0	0.683	18.129	1.408	1.0	1.0
18	2	47	2.387	0.615	19.29	1.395	1.0	1.0
18	2	44	2.065	0.25	20.677	1.326	1.0	1.0
18	2	41	2.0	0.0	24.129	2.566	1.0	1.0
18	2	38	1.871	0.428	26.467	2.501	0.968	0.968
18	2	35	1.038	0.871	34.455	4.867	0.548	0.71
18	2	32	0.065	0.359	30.0	0.0	0.032	0.032
18	2	29	0.0	0.0	nan	nan	0.0	0.0
18	2	26	0.0	0.0	nan	nan	0.0	0.0
18	2	23	0.0	0.0	nan	nan	0.0	0.0
18	2	20	0.0	0.0	nan	nan	0.0	0.0
19	2	62	3.645	0.486	17.871	0.846	1.0	1.0
19	2	59	3.097	0.473	18.903	1.248	1.0	1.0
19	2	56	2.935	0.442	20.355	1.305	1.0	1.0
19	2	53	2.71	0.461	21.516	1.435	1.0	1.0
19	2	50	2.194	0.477	24.871	3.324	1.0	1.0
19	2	47	1.968	0.18	27.161	2.888	1.0	1.0
19	2	44	1.613	0.615	31.862	4.198	0.935	0.935
19	2	41	0.161	0.454	32.0	6.377	0.129	0.129
19	2	38	0.0	0.0	nan	nan	0.0	0.0
19	2	35	0.0	0.0	nan	nan	0.0	0.0
19	2	32	0.0	0.0	nan	nan	0.0	0.0
19	2	29	0.0	0.0	nan	nan	0.0	0.0
19	2	26	0.0	0.0	nan	nan	0.0	0.0
19	2	23	0.0	0.0	nan	nan	0.0	0.0
19	2	20	0.0	0.0	nan	nan	0.0	0.0
20	2	62	3.871	0.341	15.806	0.833	1.0	1.0
20	2	59	3.548	0.506	16.581	0.72	1.0	1.0
20	2	56	3.032	0.547	17.419	0.992	1.0	1.0
20	2	53	2.871	0.428	17.903	0.79	1.0	1.0
20	2	50	2.097	0.301	19.548	1.748	1.0	1.0
20	2	47	1.935	0.25	21.323	1.869	1.0	1.0
20	2	44	1.968	0.18	23.387	1.606	1.0	1.0
20	2	41	1.9	0.305	26.774	4.752	0.968	1.0
20	2	38	1.069	0.842	31.773	4.07	0.645	0.71
20	2	35	0.097	0.396	29.0	4.243	0.065	0.065
20	2	32	0.0	0.0	nan	nan	0.0	0.0
20	2	29	0.0	0.0	nan	nan	0.0	0.0
20	2	26	0.0	0.0	nan	nan	0.0	0.0
20	2	23	0.0	0.0	nan	nan	0.0	0.0
20	2	20	0.0	0.0	nan	nan	0.0	0.0
21	2	62	4.258	0.445	15.516	0.626	1.0	1.0
21	2	59	4.161	0.374	15.839	0.735	1.0	1.0
21	2	56	4.0	0.447	16.29	0.643	1.0	1.0
21	2	53	3.774	0.425	17.226	1.117	1.0	1.0
21	2	50	3.581	0.564	17.806	0.833	1.0	1.0
21	2	47	2.839	0.688	18.581	1.148	1.0	1.0
21	2	44	2.226	0.425	20.452	1.06	1.0	1.0
21	2	41	2.065	0.25	21.29	1.553	1.0	1.0
21	2	38	1.935	0.25	23.613	1.745	1.0	1.0
21	2	35	1.621	0.622	27.897	5.199	0.871	0.935
21	2	32	0.643	0.826	33.067	5.457	0.387	0.484
21	2	29	0.032	0.18	32.0	0.0	0.032	0.032
21	2	26	0.0	0.0	nan	nan	0.0	0.0
21	2	23	0.0	0.0	nan	nan	0.0	0.0
21	2	20	0.0	0.0	nan	nan	0.0	0.0
22	2	62	4.0	0.0	14.613	0.558	1.0	1.0
22	2	59	3.871	0.341	14.903	0.746	1.0	1.0
22	2	56	3.71	0.461	15.613	0.715	1.0	1.0
22	2	53	3.387	0.495	16.097	0.7	1.0	1.0
22	2	50	3.387	0.558	16.806	0.873	1.0	1.0
22	2	47	3.0	0.447	17.355	1.05	1.0	1.0
22	2	44	2.484	0.508	18.484	1.435	1.0	1.0
22	2	41	2.032	0.407	20.355	1.427	1.0	1.0
22	2	38	1.935	0.359	21.516	1.877	1.0	1.0
22	2	35	1.767	0.43	25.581	3.854	0.968	1.0
22	2	32	1.037	0.759	28.583	5.274	0.645	0.774
22	2	29	0.167	0.461	30.8	6.723	0.129	0.161
22	2	26	0.0	0.0	nan	nan	0.0	0.0
22	2	23	0.0	0.0	nan	nan	0.0	0.0
22	2	20	0.0	0.0	nan	nan	0.0	0.0
23	2	62	4.935	0.574	14.871	0.718	1.0	1.0
23	2	59	4.548	0.506	15.194	0.91	1.0	1.0
23	2	56	4.355	0.486	15.935	0.727	1.0	1.0
23	2	53	4.129	0.428	16.645	1.018	1.0	1.0
23	2	50	3.871	0.499	17.484	1.061	1.0	1.0
23	2	47	3.419	0.62	18.258	1.032	1.0	1.0
23	2	44	2.903	0.7	19.161	1.098	1.0	1.0
23	2	41	2.484	0.508	20.452	1.502	1.0	1.0
23	2	38	2.194	0.402	23.065	2.097	1.0	1.0
23	2	35	1.9	0.403	24.935	3.577	0.968	1.0
23	2	32	1.033	0.89	29.45	4.74	0.613	0.645
23	2	29	0.483	0.785	32.182	6.765	0.29	0.355
23	2	26	0.0	0.0	29.5	10.607	0.0	0.065
23	2	23	0.0	0.0	nan	nan	0.0	0.0
23	2	20	0.0	0.0	nan	nan	0.0	0.0
24	2	62	3.935	0.25	14.742	0.729	1.0	1.0
24	2	59	3.677	0.475	15.484	1.122	1.0	1.0
24	2	56	3.419	0.502	15.742	0.93	1.0	1.0
24	2	53	3.129	0.499	16.71	0.938	1.0	1.0
24	2	50	2.968	0.407	17.194	1.046	1.0	1.0
24	2	47	2.581	0.502	17.935	1.209	1.0	1.0
24	2	44	2.097	0.473	19.645	1.305	1.0	1.0
24	2	41	1.903	0.301	20.774	1.627	1.0	1.0
24	2	38	1.548	0.506	23.355	2.214	1.0	1.0
24	2	35	1.467	0.73	25.857	4.859	0.871	0.903
24	2	32	0.267	0.45	31.444	5.457	0.258	0.29
24	2	29	0.0	0.0	nan	nan	0.0	0.0
24	2	26	0.0	0.0	nan	nan	0.0	0.0
24	2	23	0.0	0.0	nan	nan	0.0	0.0
24	2	20	0.0	0.0	nan	nan	0.0	0.0
25	2	62	4.065	0.359	15.161	0.735	1.0	1.0
25	2	59	4.065	0.25	15.613	0.844	1.0	1.0
25	2	56	4.032	0.407	16.419	0.564	1.0	1.0
25	2	53	3.839	0.374	16.903	1.076	1.0	1.0
25	2	50	3.548	0.723	17.774	1.117	1.0	1.0
25	2	47	2.71	0.643	18.452	0.995	1.0	1.0
25	2	44	2.419	0.62	20.032	1.581	1.0	1.0
25	2	41	2.097	0.301	21.742	2.175	1.0	1.0
25	2	38	2.0	0.0	23.484	1.877	1.0	1.0
25	2	35	1.69	0.66	28.759	4.315	0.871	0.935
25	2	32	0.862	0.99	31.133	6.3	0.419	0.484
25	2	29	0.0	0.0	nan	nan	0.0	0.0
25	2	26	0.0	0.0	nan	nan	0.0	0.0
25	2	23	0.0	0.0	nan	nan	0.0	0.0
25	2	20	0.0	0.0	nan	nan	0.0	0.0
26	2	62	6.935	0.25	13.194	0.543	1.0	1.0
26	2	59	6.742	0.445	13.806	0.873	1.0	1.0
26	2	56	6.387	0.558	14.032	0.407	1.0	1.0
26	2	53	6.032	1.016	14.258	0.682	1.0	1.0
26	2	50	5.935	0.359	14.871	1.024	1.0	1.0
26	2	47	5.968	0.315	15.258	0.815	1.0	1.0
26	2	44	5.806	0.543	16.032	1.472	1.0	1.0
26	2	41	5.71	0.529	16.516	0.851	1.0	1.0
26	2	38	5.0	0.632	17.419	1.232	1.0	1.0
26	2	35	4.839	1.003	17.871	1.544	1.0	1.0
26	2	32	4.387	0.558	19.226	1.477	1.0	1.0
26	2	29	4.226	0.425	21.194	1.701	1.0	1.0
26	2	26	4.097	0.396	24.0	2.582	1.0	1.0
26	2	23	3.323	0.871	29.0	5.398	1.0	1.0
26	2	20	2.419	1.177	34.821	5.437	0.903	0.903
27	2	62	4.032	0.18	15.613	0.495	1.0	1.0
27	2	59	4.0	0.0	16.226	0.56	1.0	1.0
27	2	56	3.871	0.341	17.129	0.619	1.0	1.0
27	2	53	3.71	0.529	17.29	1.006	1.0	1.0
27	2	50	2.871	0.763	18.484	1.122	1.0	1.0
27	2	47	2.419	0.62	19.323	1.681	1.0	1.0
27	2	44	2.065	0.25	20.935	1.611	1.0	1.0
27	2	41	2.0	0.258	22.581	1.963	1.0	1.0
27	2	38	1.933	0.254	25.161	2.782	0.968	1.0
27	2	35	1.3	0.794	27.24	3.527	0.774	0.806
27	2	32	0.2	0.551	31.2	4.324	0.129	0.161
27	2	29	0.0	0.0	nan	nan	0.0	0.0
27	2	26	0.0	0.0	nan	nan	0.0	0.0
27	2	23	0.0	0.0	nan	nan	0.0	0.0
27	2	20	0.0	0.0	nan	nan	0.0	0.0
28	2	62	5.0	0.258	13.903	0.7	1.0	1.0
28	2	59	4.935	0.359	14.355	0.755	1.0	1.0
28	2	56	4.742	0.445	15.0	0.683	1.0	1.0
28	2	53	4.581	0.502	15.452	0.925	1.0	1.0
28	2	50	4.355	0.486	16.0	0.683	1.0	1.0
28	2	47	3.968	0.315	16.871	1.088	1.0	1.0
28	2	44	3.613	0.495	17.903	2.006	1.0	1.0
28	2	41	3.226	0.762	18.355	0.95	1.0	1.0
28	2	38	2.742	0.631	19.806	1.797	1.0	1.0
28	2	35	2.387	0.558	21.516	2.976	1.0	1.0
28	2	32	2.0	0.683	24.8	4.506	0.968	0.968
28	2	29	1.733	0.583	27.621	4.671	0.903	0.935
28	2	26	0.6	0.814	32.308	5.202	0.387	0.419
28	2	23	0.0	0.0	36.0	0.0	0.0	0.032
28	2	20	0.0	0.0	nan	nan	0.0	0.0
29	2	62	4.839	0.374	14.613	0.615	1.0	1.0
29	2	59	4.742	0.445	14.968	0.657	1.0	1.0
29	2	56	4.226	0.425	15.677	0.702	1.0	1.0
29	2	53	4.129	0.428	16.419	1.361	1.0	1.0
29	2	50	3.903	0.301	17.129	1.204	1.0	1.0
29	2	47	3.613	0.495	17.935	1.124	1.0	1.0
29	2	44	3.355	0.551	18.484	1.029	1.0	1.0
29	2	41	2.774	0.497	20.742	2.236	1.0	1.0
29	2	38	2.548	0.506	22.161	2.672	1.0	1.0
29	2	35	2.161	0.688	26.7	4.75	0.968	0.968
29	2	32	1.516	0.962	31.04	4.962	0.806	0.806
29	2	29	0.0	0.0	nan	nan	0.0	0.0
29	2	26	0.0	0.0	nan	nan	0.0	0.0
29	2	23	0.0	0.0	nan	nan	0.0	0.0
29	2	20	0.0	0.0	nan	nan	0.0	0.0
30	2	62	4.387	0.495	14.065	0.512	1.0	1.0
30	2	59	4.065	0.25	14.419	0.72	1.0	1.0
30	2	56	4.032	0.18	14.935	0.892	1.0	1.0
30	2	53	4.0	0.365	15.806	1.108	1.0	1.0
30	2	50	3.968	0.18	16.323	0.945	1.0	1.0
30	2	47	3.935	0.25	17.194	0.833	1.0	1.0
30	2	44	3.516	0.508	18.194	1.302	1.0	1.0
30	2	41	3.097	0.597	19.161	1.128	1.0	1.0
30	2	38	2.645	0.486	21.226	2.093	1.0	1.0
30	2	35	2.067	0.365	24.548	3.749	0.968	1.0
30	2	32	1.214	1.031	27.286	5.071	0.581	0.677
30	2	29	0.0	0.0	36.0	0.0	0.0	0.032
30	2	26	0.0	0.0	36.0	0.0	0.0	0.032
30	2	23	0.0	0.0	nan	nan	0.0	0.0
30	2	20	0.0	0.0	nan	nan	0.0	0.0
31	2	62	3.903	0.301	14.161	0.523	1.0	1.0
31	2	59	3.806	0.402	14.742	0.682	1.0	1.0
31	2	56	3.419	0.502	15.323	0.871	1.0	1.0
31	2	53	3.194	0.402	16.097	0.746	1.0	1.0
31	2	50	2.968	0.315	16.581	0.848	1.0	1.0
31	2	47	2.774	0.425	17.452	1.234	1.0	1.0
31	2	44	2.258	0.631	18.871	1.118	1.0	1.0
31	2	41	1.968	0.547	20.194	2.056	1.0	1.0
31	2	38	1.133	0.346	23.645	3.479	0.968	1.0
31	2	35	0.581	0.502	24.5	1.757	0.581	0.581
31	2	32	0.161	0.374	26.2	2.168	0.161	0.161
31	2	29	0.0	0.0	nan	nan	0.0	0.0
31	2	26	0.0	0.0	nan	nan	0.0	0.0
31	2	23	0.0	0.0	nan	nan	0.0	0.0
31	2	20	0.0	0.0	nan	nan	0.0	0.0
0	3	62	4.097	0.301	16.484	0.962	1.0	1.0
0	3	59	3.968	0.18	17.129	0.763	1.0	1.0
0	3	56	3.677	0.475	17.806	0.91	1.0	1.0
0	3	53	3.194	0.477	18.903	1.35	1.0	1.0
0	3	50	3.032	0.18	20.29	1.131	1.0	1.0
0	3	47	2.839	0.374	21.161	1.635	1.0	1.0
0	3	44	2.226	0.425	23.355	1.704	1.0	1.0
0	3	41	2.032	0.315	26.839	3.76	1.0	1.0
0	3	38	0.667	0.844	30.214	5.236	0.419	0.452
0	3	35	0.161	0.523	27.0	6.928	0.097	0.097
0	3	32	0.032	0.18	40.0	0.0	0.032	0.032
0	3	29	0.0	0.0	nan	nan	0.0	0.0
0	3	26	0.0	0.0	nan	nan	0.0	0.0
0	3	23	0.0	0.0	nan	nan	0.0	0.0
0	3	20	0.0	0.0	nan	nan	0.0	0.0
1	3	62	4.774	0.425	13.742	0.631	1.0	1.0
1	3	59	4.419	0.502	14.032	0.605	1.0	1.0
1	3	56	4.355	0.486	14.645	0.551	1.0	1.0
1	3	53	4.097	0.301	15.065	0.727	1.0	1.0
1	3	50	4.0	0.0	15.645	0.798	1.0	1.0
1	3	47	3.871	0.341	16.226	0.717	1.0	1.0
1	3	44	3.645	0.551	17.258	0.965	1.0	1.0
1	3	41	3.097	0.7	18.548	1.261	1.0	1.0
1	3	38	2.645	0.661	19.194	1.47	1.0	1.0
1	3	35	2.032	0.482	21.548	2.079	1.0	1.0
1	3	32	1.903	0.301	24.032	2.915	1.0	1.0
1	3	29	1.903	0.539	27.1	3.809	0.968	0.968
1	3	26	0.92	0.812	32.318	5.618	0.516	0.71
1	3	23	0.033	0.183	36.5	4.95	0.032	0.065
1	3	20	0.0	0.0	nan	nan	0.0	0.0
2	3	62	3.0	0.0	15.968	0.482	1.0	1.0
2	3	59	2.968	0.18	16.742	0.773	1.0	1.0
2	3	56	2.871	0.341	17.452	0.81	1.0	1.0
2	3	53	2.194	0.703	18.387	1.202	1.0	1.0
2	3	50	1.71	0.693	19.581	1.628	1.0	1.0
2	3	47	1.097	0.301	21.129	1.979	1.0	1.0
2	3	44	1.032	0.315	23.267	2.258	0.968	0.968
2	3	41	0.452	0.506	24.143	3.009	0.452	0.452
2	3	38	0.0	0.0	nan	nan	0.0	0.0
2	3	35	0.0	0.0	nan	nan	0.0	0.0
2	3	32	0.0	0.0	nan	nan	0.0	0.0
2	3	29	0.0	0.0	nan	nan	0.0	0.0
2	3	26	0.0	0.0	nan	nan	0.0	0.0
2	3	23	0.0	0.0	nan	nan	0.0	0.0
2	3	20	0.0	0.0	nan	nan	0.0	0.0
3	3	62	4.516	0.508	14.71	1.006	1.0	1.0
3	3	59	4.226	0.56	15.194	0.91	1.0	1.0
3	3	56	4.097	0.301	15.774	0.669	1.0	1.0
3	3	53	4.0	0.258	16.226	0.92	1.0	1.0
3	3	50	3.935	0.25	17.065	0.68	1.0	1.0
3	3	47	3.484	0.57	17.935	0.854	1.0	1.0
3	3	44	2.645	0.661	18.903	0.978	1.0	1.0
3	3	41	2.258	0.445	20.065	1.569	1.0	1.0
3	3	38	2.032	0.18	22.484	1.998	1.0	1.0
3	3	35	1.767	0.504	24.467	3.598	0.935	0.968
3	3	32	1.481	0.7	28.929	4.118	0.774	0.903
3	3	29	0.179	0.476	31.286	5.314	0.129	0.226
3	3	26	0.0	0.0	nan	nan	0.0	0.0
3	3	23	0.0	0.0	nan	nan	0.0	0.0
3	3	20	0.0	0.0	nan	nan	0.0	0.0
4	3	62	4.29	0.529	12.903	0.597	1.0	1.0
4	3	59	4.194	0.402	13.226	0.56	1.0	1.0
4	3	56	4.032	0.18	13.903	0.651	1.0	1.0
4	3	53	3.968	0.18	14.258	1.032	1.0	1.0
4	3	50	3.935	0.25	14.839	1.186	1.0	1.0
4	3	47	3.903	0.301	15.258	0.773	1.0	1.0
4	3	44	3.645	0.486	16.161	0.82	1.0	1.0
4	3	41	3.29	0.461	17.0	0.856	1.0	1.0
4	3	38	2.839	0.688	18.161	2.325	1.0	1.0
4	3	35	2.161	0.374	19.839	1.917	1.0	1.0
4	3	32	2.032	0.407	22.097	3.249	1.0	1.0
4	3	29	1.8	0.484	24.233	4.006	0.935	0.968
4	3	26	0.5	0.777	27.091	5.281	0.323	0.355
4	3	23	0.065	0.25	30.5	0.707	0.065	0.065
4	3	20	0.0	0.0	nan	nan	0.0	0.0
5	3	62	2.516	0.508	16.258	0.773	1.0	1.0
5	3	59	2.097	0.301	17.032	0.875	1.0	1.0
5	3	56	1.774	0.497	17.742	1.21	1.0	1.0
5	3	53	1.194	0.402	19.065	1.526	1.0	1.0
5	3	50	1.097	0.301	19.774	1.606	1.0	1.0
5	3	47	0.968	0.18	21.567	1.832	0.968	0.968
5	3	44	0.5	0.509	24.375	1.628	0.484	0.516
5	3	41	0.133	0.346	26.0	1.581	0.129	0.161
5	3	38	0.0	0.0	nan	nan	0.0	0.0
5	3	35	0.0	0.0	nan	nan	0.0	0.0
5	3	32	0.0	0.0	nan	nan	0.0	0.0
5	3	29	0.0	0.0	nan	nan	0.0	0.0
5	3	26	0.0	0.0	nan	nan	0.0	0.0
5	3	23	0.0	0.0	nan	nan	0.0	0.0
5	3	20	0.0	0.0	nan	nan	0.0	0.0
6	3	62	5.032	0.18	15.194	0.654	1.0	1.0
6	3	59	4.935	0.25	15.839	0.638	1.0	1.0
6	3	56	4.871	0.341	16.258	0.855	1.0	1.0
6	3	53	4.516	0.626	17.032	0.795	1.0	1.0
6	3	50	3.968	0.547	17.613	1.145	1.0	1.0
6	3	47	3.29	0.461	18.742	1.154	1.0	1.0
6	3	44	2.968	0.18	20.323	1.376	1.0	1.0
6	3	41	2.903	0.301	22.161	1.463	1.0	1.0
6	3	38	2.677	0.475	24.161	2.368	1.0	1.0
6	3	35	2.613	0.495	26.258	2.932	1.0	1.0
6	3	32	1.774	0.956	30.692	4.602	0.839	0.839
6	3	29	0.533	0.86	37.909	5.558	0.323	0.355
6	3	26	0.0	0.0	nan	nan	0.0	0.0
6	3	23	0.0	0.0	nan	nan	0.0	0.0
6	3	20	0.0	0.0	nan	nan	0.0	0.0
7	3	62	5.032	0.18	14.0	0.577	1.0	1.0
7	3	59	4.806	0.402	14.452	0.675	1.0	1.0
7	3	56	4.645	0.486	14.806	0.98	1.0	1.0
7	3	53	4.323	0.475	15.516	0.769	1.0	1.0
7	3	50	4.194	0.402	16.161	0.779	1.0	1.0
7	3	47	3.968	0.407	16.935	0.929	1.0	1.0
7	3	44	3.581	0.502	17.71	1.189	1.0	1.0
7	3	41	3.065	0.68	18.645	0.95	1.0	1.0
7	3	38	2.645	0.551	20.419	1.747	1.0	1.0
7	3	35	2.387	0.495	22.71	3.079	1.0	1.0
7	3	32	2.0	0.587	26.2	4.475	0.935	0.968
7	3	29	1.3	0.877	29.435	5.324	0.71	0.742
7	3	26	0.065	0.359	40.0	0.0	0.032	0.032
7	3	23	0.0	0.0	nan	nan	0.0	0.0
7	3	20	0.0	0.0	nan	nan	0.0	0.0
8	3	62	4.097	0.301	15.516	0.769	1.0	1.0
8	3	59	4.032	0.18	16.194	0.654	1.0	1.0
8	3	56	4.0	0.0	16.645	0.985	1.0	1.0
8	3	53	3.742	0.445	17.516	0.89	1.0	1.0
8	3	50	3.161	0.688	18.355	1.018	1.0	1.0
8	3	47	2.581	0.72	19.645	1.253	1.0	1.0
8	3	44	2.129	0.341	21.065	1.825	1.0	1.0
8	3	41	2.032	0.18	23.355	1.45	1.0	1.0
8	3	38	1.933	0.254	26.032	3.049	0.968	1.0
8	3	35	1.393	0.916	29.625	5.867	0.677	0.774
8	3	32	0.036	0.189	37.25	5.909	0.032	0.129
8	3	29	0.0	0.0	nan	nan	0.0	0.0
8	3	26	0.0	0.0	nan	nan	0.0	0.0
8	3	23	0.0	0.0	nan	nan	0.0	0.0
8	3	20	0.0	0.0	nan	nan	0.0	0.0
9	3	62	1.0	0.0	11.645	0.661	1.0	1.0
9	3	59	1.0	0.0	11.71	0.588	1.0	1.0
9	3	56	1.0	0.0	12.323	0.475	1.0	1.0
9	3	53	1.0	0.0	12.323	0.702	1.0	1.0
9	3	50	1.0	0.0	12.935	0.629	1.0	1.0
9	3	47	1.0	0.0	13.226	0.717	1.0	1.0
9	3	44	1.0	0.0	13.613	0.615	1.0	1.0
9	3	41	1.0	0.0	14.29	0.783	1.0	1.0
9	3	38	1.0	0.0	15.161	1.098	1.0	1.0
9	3	35	1.0	0.0	15.323	1.013	1.0	1.0
9	3	32	1.0	0.0	16.097	1.136	1.0	1.0
9	3	29	1.0	0.0	17.387	1.308	1.0	1.0
9	3	26	1.0	0.0	18.677	1.759	1.0	1.0
9	3	23	1.0	0.0	20.355	2.484	1.0	1.0
9	3	20	1.0	0.0	24.194	4.07	1.0	1.0
10	3	62	5.71	0.461	14.484	0.724	1.0	1.0
10	3	59	5.452	0.506	14.613	0.667	1.0	1.0
10	3	56	5.226	0.425	15.29	0.693	1.0	1.0
10	3	53	5.097	0.301	16.032	0.836	1.0	1.0
10	3	50	4.935	0.25	16.452	1.261	1.0	1.0
10	3	47	4.742	0.445	16.935	0.892	1.0	1.0
10	3	44	4.29	0.643	18.161	1.036	1.0	1.0
10	3	41	3.419	0.564	19.742	1.341	1.0	1.0
10	3	38	3.194	0.402	21.226	1.927	1.0	1.0
10	3	35	3.0	0.0	23.129	2.617	1.0	1.0
10	3	32	2.935	0.25	26.645	4.16	1.0	1.0
10	3	29	2.414	0.78	33.233	6.897	0.903	0.968
10	3	26	1.133	1.196	39.882	8.448	0.516	0.548
10	3	23	0.0	0.0	nan	nan	0.0	0.0
10	3	20	0.0	0.0	nan	nan	0.0	0.0
11	3	62	6.0	0.0	13.581	0.923	1.0	1.0
11	3	59	5.806	0.402	14.129	0.562	1.0	1.0
11	3	56	5.774	0.425	14.677	0.653	1.0	1.0
11	3	53	5.452	0.506	15.194	0.749	1.0	1.0
11	3	50	5.032	0.315	15.774	1.283	1.0	1.0
11	3	47	5.0	0.0	16.129	1.056	1.0	1.0
11	3	44	4.742	0.514	17.097	1.423	1.0	1.0
11	3	41	4.258	0.893	18.194	1.424	1.0	1.0
11	3	38	3.516	0.508	19.903	1.513	1.0	1.0
11	3	35	3.419	0.564	21.484	2.541	1.0	1.0
11	3	32	3.226	0.425	24.161	3.297	1.0	1.0
11	3	29	2.742	0.445	29.29	6.127	1.0	1.0
11	3	26	2.097	0.944	36.929	7.292	0.903	0.903
11	3	23	0.161	0.523	45.333	5.859	0.097	0.097
11	3	20	0.0	0.0	nan	nan	0.0	0.0
12	3	62	2.29	0.461	18.839	1.098	1.0	1.0
12	3	59	2.032	0.18	19.903	1.165	1.0	1.0
12	3	56	2.032	0.18	21.161	1.734	1.0	1.0
12	3	53	1.839	0.374	22.839	1.508	1.0	1.0
12	3	50	1.5	0.572	25.2	3.357	0.935	0.968
12	3	47	1.036	0.744	28.042	3.617	0.677	0.774
12	3	44	0.067	0.254	31.667	6.11	0.065	0.097
12	3	41	0.0	0.0	nan	nan	0.0	0.0
12	3	38	0.0	0.0	nan	nan	0.0	0.0
12	3	35	0.0	0.0	nan	nan	0.0	0.0
12	3	32	0.0	0.0	nan	nan	0.0	0.0
12	3	29	0.0	0.0	nan	nan	0.0	0.0
12	3	26	0.0	0.0	nan	nan	0.0	0.0
12	3	23	0.0	0.0	nan	nan	0.0	0.0
12	3	20	0.0	0.0	nan	nan	0.0	0.0
13	3	62	3.0	0.0	16.742	1.125	1.0	1.0
13	3	59	2.774	0.425	17.645	0.839	1.0	1.0
13	3	56	2.258	0.514	18.581	0.848	1.0	1.0
13	3	53	1.774	0.497	19.71	1.039	1.0	1.0
13	3	50	1.419	0.502	21.29	1.346	1.0	1.0
13	3	47	1.161	0.374	24.161	2.634	1.0	1.0
13	3	44	0.655	0.553	25.45	3.677	0.581	0.645
13	3	41	0.1	0.305	28.5	4.796	0.097	0.129
13	3	38	0.0	0.0	nan	nan	0.0	0.0
13	3	35	0.0	0.0	nan	nan	0.0	0.0
13	3	32	0.0	0.0	nan	nan	0.0	0.0
13	3	29	0.0	0.0	nan	nan	0.0	0.0
13	3	26	0.0	0.0	nan	nan	0.0	0.0
13	3	23	0.0	0.0	nan	nan	0.0	0.0
13	3	20	0.0	0.0	nan	nan	0.0	0.0
14	3	62	6.0	0.258	14.419	0.502	1.0	1.0
14	3	59	5.839	0.374	14.806	0.703	1.0	1.0
14	3	56	5.613	0.558	15.194	0.91	1.0	1.0
14	3	53	5.452	0.506	15.645	0.798	1.0	1.0
14	3	50	5.323	0.475	16.387	0.761	1.0	1.0
14	3	47	4.968	0.407	17.129	0.718	1.0	1.0
14	3	44	4.71	0.588	18.129	0.957	1.0	1.0
14	3	41	4.194	0.543	19.129	1.118	1.0	1.0
14	3	38	3.774	0.425	20.258	1.46	1.0	1.0
14	3	35	3.516	0.508	22.355	1.854	1.0	1.0
14	3	32	3.226	0.497	25.323	2.774	1.0	1.0
14	3	29	1.935	1.181	31.52	6.734	0.806	0.806
14	3	26	0.233	0.679	38.2	4.868	0.129	0.161
14	3	23	0.0	0.0	nan	nan	0.0	0.0
14	3	20	0.0	0.0	nan	nan	0.0	0.0
15	3	62	3.194	0.402	14.548	0.568	1.0	1.0
15	3	59	3.0	0.0	15.194	0.654	1.0	1.0
15	3	56	3.0	0.0	15.516	0.677	1.0	1.0
15	3	53	3.0	0.0	16.323	0.653	1.0	1.0
15	3	50	2.968	0.18	16.71	0.783	1.0	1.0
15	3	47	2.484	0.724	17.516	1.435	1.0	1.0
15	3	44	1.742	0.773	19.355	1.305	1.0	1.0
15	3	41	1.258	0.575	20.935	2.065	1.0	1.0
15	3	38	0.968	0.18	23.833	1.931	0.968	0.968
15	3	35	0.226	0.425	25.857	3.625	0.226	0.226
15	3	32	0.0	0.0	nan	nan	0.0	0.0
15	3	29	0.0	0.0	nan	nan	0.0	0.0
15	3	26	0.0	0.0	nan	nan	0.0	0.0
15	3	23	0.0	0.0	nan	nan	0.0	0.0
15	3	20	0.0	0.0	nan	nan	0.0	0.0
16	3	62	4.161	0.374	16.0	0.966	1.0	1.0
16	3	59	4.0	0.258	16.516	0.89	1.0	1.0
16	3	56	3.774	0.497	17.484	1.61	1.0	1.0
16	3	53	3.452	0.568	18.032	1.08	1.0	1.0
16	3	50	2.613	0.615	19.258	1.653	1.0	1.0
16	3	47	2.226	0.497	20.806	2.12	1.0	1.0
16	3	44	2.097	0.396	22.258	1.843	1.0	1.0
16	3	41	1.935	0.359	24.367	2.71	0.968	0.968
16	3	38	1.581	0.848	26.32	3.881	0.806	0.806
16	3	35	0.815	0.834	31.158	4.512	0.484	0.613
16	3	32	0.0	0.0	nan	nan	0.0	0.0
16	3	29	0.0	0.0	nan	nan	0.0	0.0
16	3	26	0.0	0.0	nan	nan	0.0	0.0
16	3	23	0.0	0.0	nan	nan	0.0	0.0
16	3	20	0.0	0.0	nan	nan	0.0	0.0
17	3	62	3.742	0.445	16.516	0.724	1.0	1.0
17	3	59	3.323	0.475	16.871	1.088	1.0	1.0
17	3	56	2.871	0.562	17.677	0.832	1.0	1.0
17	3	53	2.581	0.62	18.323	0.832	1.0	1.0
17	3	50	2.097	0.396	20.387	2.076	1.0	1.0
17	3	47	1.968	0.18	21.419	1.455	1.0	1.0
17	3	44	1.774	0.425	23.129	2.513	1.0	1.0
17	3	41	1.355	0.608	26.276	2.999	0.935	0.935
17	3	38	0.393	0.629	29.75	4.654	0.29	0.387
17	3	35	0.0	0.0	nan	nan	0.0	0.0
17	3	32	0.0	0.0	nan	nan	0.0	0.0
17	3	29	0.0	0.0	nan	nan	0.0	0.0
17	3	26	0.0	0.0	nan	nan	0.0	0.0
17	3	23	0.0	0.0	nan	nan	0.0	0.0
17	3	20	0.0	0.0	nan	nan	0.0	0.0
18	3	62	2.581	0.502	18.194	1.046	1.0	1.0
18	3	59	2.097	0.396	19.452	1.234	1.0	1.0
18	3	56	1.871	0.428	20.387	1.383	1.0	1.0
18	3	53	1.71	0.461	21.839	1.44	1.0	1.0
18	3	50	1.419	0.502	23.968	1.941	1.0	1.0
18	3	47	0.742	0.575	26.81	3.027	0.677	0.677
18	3	44	0.194	0.477	25.0	2.55	0.161	0.161
18	3	41	0.0	0.0	nan	nan	0.0	0.0
18	3	38	0.0	0.0	nan	nan	0.0	0.0
18	3	35	0.0	0.0	nan	nan	0.0	0.0
18	3	32	0.0	0.0	nan	nan	0.0	0.0
18	3	29	0.0	0.0	nan	nan	0.0	0.0
18	3	26	0.0	0.0	nan	nan	0.0	0.0
18	3	23	0.0	0.0	nan	nan	0.0	0.0
18	3	20	0.0	0.0	nan	nan	0.0	0.0
19	3	62	2.355	0.551	18.452	1.091	1.0	1.0
19	3	59	1.935	0.359	19.548	0.888	1.0	1.0
19	3	56	1.871	0.341	20.29	1.071	1.0	1.0
19	3	53	1.742	0.445	22.097	2.561	1.0	1.0
19	3	50	1.258	0.514	23.645	2.627	1.0	1.0
19	3	47	0.933	0.45	25.815	2.788	0.839	0.871
19	3	44	0.323	0.541	28.778	3.153	0.29	0.29
19	3	41	0.0	0.0	nan	nan	0.0	0.0
19	3	38	0.0	0.0	nan	nan	0.0	0.0
19	3	35	0.0	0.0	nan	nan	0.0	0.0
19	3	32	0.0	0.0	nan	nan	0.0	0.0
19	3	29	0.0	0.0	nan	nan	0.0	0.0
19	3	26	0.0	0.0	nan	nan	0.0	0.0
19	3	23	0.0	0.0	nan	nan	0.0	0.0
19	3	20	0.0	0.0	nan	nan	0.0	0.0
20	3	62	3.774	0.425	15.29	0.693	1.0	1.0
20	3	59	3.484	0.508	15.71	0.824	1.0	1.0
20	3	56	3.226	0.425	16.516	0.769	1.0	1.0
20	3	53	2.903	0.301	17.323	0.945	1.0	1.0
20	3	50	2.677	0.475	17.871	1.024	1.0	1.0
20	3	47	2.258	0.445	19.032	1.449	1.0	1.0
20	3	44	2.032	0.407	20.161	1.675	1.0	1.0
20	3	41	1.806	0.402	22.355	2.09	1.0	1.0
20	3	38	1.3	0.651	24.893	3.143	0.871	0.903
20	3	35	0.464	0.637	28.929	3.562	0.355	0.452
20	3	32	0.167	0.461	28.8	7.596	0.129	0.161
20	3	29	0.0	0.0	nan	nan	0.0	0.0
20	3	26	0.0	0.0	nan	nan	0.0	0.0
20	3	23	0.0	0.0	nan	nan	0.0	0.0
20	3	20	0.0	0.0	nan	nan	0.0	0.0
21	3	62	4.613	0.495	15.0	0.856	1.0	1.0
21	3	59	4.323	0.475	15.387	0.844	1.0	1.0
21	3	56	4.129	0.341	16.258	0.729	1.0	1.0
21	3	53	4.065	0.574	16.742	1.237	1.0	1.0
21	3	50	3.935	0.359	17.226	1.383	1.0	1.0
21	3	47	3.29	0.588	18.484	1.73	1.0	1.0
21	3	44	3.032	0.605	19.387	1.726	1.0	1.0
21	3	41	2.677	0.599	20.452	1.947	1.0	1.0
21	3	38	2.452	0.506	22.839	2.876	1.0	1.0
21	3	35	2.258	0.631	25.3	2.973	0.968	0.968
21	3	32	1.633	0.809	30.0	4.28	0.806	0.839
21	3	29	0.233	0.626	32.2	4.324	0.129	0.161
21	3	26	0.0	0.0	nan	nan	0.0	0.0
21	3	23	0.0	0.0	nan	nan	0.0	0.0
21	3	20	0.0	0.0	nan	nan	0.0	0.0
22	3	62	7.032	0.18	13.774	0.669	1.0	1.0
22	3	59	6.677	0.475	14.258	0.445	1.0	1.0
22	3	56	6.419	1.119	14.484	0.626	1.0	1.0
22	3	53	5.935	0.998	15.161	0.82	1.0	1.0
22	3	50	5.935	0.964	15.516	0.89	1.0	1.0
22	3	47	5.935	0.25	16.452	0.723	1.0	1.0
22	3	44	5.548	0.675	16.968	0.983	1.0	1.0
22	3	41	5.065	0.68	17.774	0.845	1.0	1.0
22	3	38	4.452	0.675	19.419	2.487	1.0	1.0
22	3	35	4.097	0.396	21.419	2.248	1.0	1.0
22	3	32	4.032	0.315	22.161	2.223	1.0	1.0
22	3	29	3.387	0.989	26.065	4.669	1.0	1.0
22	3	26	3.097	0.944	32.733	7.665	0.968	0.968
22	3	23	1.484	1.503	40.25	9.977	0.548	0.516
22	3	20	0.0	0.0	nan	nan	0.0	0.0
23	3	62	5.226	2.362	13.387	0.882	1.0	1.0
23	3	59	5.194	2.12	13.742	0.773	1.0	1.0
23	3	56	5.419	1.747	14.581	0.765	1.0	1.0
23	3	53	5.097	1.868	15.0	0.894	1.0	1.0
23	3	50	4.871	1.803	15.258	0.815	1.0	1.0
23	3	47	4.935	1.389	15.871	0.806	1.0	1.0
23	3	44	4.258	1.825	16.355	0.839	1.0	1.0
23	3	41	4.129	1.455	17.806	1.493	1.0	1.0
23	3	38	4.097	1.165	18.097	1.446	1.0	1.0
23	3	35	3.839	1.036	19.742	2.113	1.0	1.0
23	3	32	3.355	1.142	20.968	2.787	1.0	1.0
23	3	29	2.71	0.973	25.323	4.819	1.0	1.0
23	3	26	2.645	0.839	26.742	5.086	1.0	1.0
23	3	23	2.194	0.873	35.433	7.628	0.968	0.968
23	3	20	0.581	0.848	36.444	10.829	0.387	0.29
24	3	62	3.71	0.461	16.581	0.72	1.0	1.0
24	3	59	3.323	0.702	17.355	0.915	1.0	1.0
24	3	56	2.71	0.643	18.097	1.044	1.0	1.0
24	3	53	2.194	0.477	19.452	1.15	1.0	1.0
24	3	50	2.032	0.18	20.71	1.553	1.0	1.0
24	3	47	1.968	0.18	22.581	2.078	1.0	1.0
24	3	44	1.903	0.396	24.533	2.3	0.968	0.968
24	3	41	1.414	0.867	28.28	4.826	0.742	0.806
24	3	38	0.226	0.617	30.25	5.737	0.129	0.129
24	3	35	0.0	0.0	nan	nan	0.0	0.0
24	3	32	0.0	0.0	nan	nan	0.0	0.0
24	3	29	0.0	0.0	nan	nan	0.0	0.0
24	3	26	0.0	0.0	nan	nan	0.0	0.0
24	3	23	0.0	0.0	nan	nan	0.0	0.0
24	3	20	0.0	0.0	nan	nan	0.0	0.0
25	3	62	2.71	0.461	17.419	1.025	1.0	1.0
25	3	59	2.452	0.506	18.323	1.077	1.0	1.0
25	3	56	1.968	0.407	19.226	1.087	1.0	1.0
25	3	53	1.452	0.506	20.355	1.305	1.0	1.0
25	3	50	1.097	0.301	21.871	1.384	1.0	1.0
25	3	47	0.968	0.315	23.759	1.64	0.935	0.935
25	3	44	0.484	0.508	25.867	2.031	0.484	0.484
25	3	41	0.097	0.301	27.667	3.512	0.097	0.097
25	3	38	0.0	0.0	36.0	0.0	0.0	0.032
25	3	35	0.0	0.0	nan	nan	0.0	0.0
25	3	32	0.0	0.0	nan	nan	0.0	0.0
25	3	29	0.0	0.0	nan	nan	0.0	0.0
25	3	26	0.0	0.0	nan	nan	0.0	0.0
25	3	23	0.0	0.0	nan	nan	0.0	0.0
25	3	20	0.0	0.0	nan	nan	0.0	0.0
26	3	62	3.935	0.25	15.355	0.755	1.0	1.0
26	3	59	3.806	0.402	15.839	0.735	1.0	1.0
26	3	56	3.452	0.568	16.71	0.864	1.0	1.0
26	3	53	3.097	0.473	17.194	0.873	1.0	1.0
26	3	50	2.613	0.558	18.097	1.165	1.0	1.0
26	3	47	2.333	0.547	19.613	4.279	0.968	1.0
26	3	44	1.968	0.18	20.742	1.57	1.0	1.0
26	3	41	1.871	0.341	22.903	2.135	1.0	1.0
26	3	38	1.581	0.564	25.367	2.735	0.968	0.968
26	3	35	1.25	0.752	29.269	4.477	0.742	0.839
26	3	32	0.065	0.25	33.0	7.071	0.065	0.065
26	3	29	0.065	0.359	27.0	0.0	0.032	0.032
26	3	26	0.0	0.0	nan	nan	0.0	0.0
26	3	23	0.0	0.0	nan	nan	0.0	0.0
26	3	20	0.0	0.0	nan	nan	0.0	0.0
27	3	62	4.452	0.506	15.0	0.775	1.0	1.0
27	3	59	4.258	0.445	15.29	0.783	1.0	1.0
27	3	56	4.065	0.25	15.839	0.82	1.0	1.0
27	3	53	3.839	0.454	16.613	0.955	1.0	1.0
27	3	50	3.452	0.675	17.387	1.022	1.0	1.0
27	3	47	3.258	0.815	17.935	1.093	1.0	1.0
27	3	44	2.29	0.588	19.323	1.351	1.0	1.0
27	3	41	2.065	0.359	20.581	1.478	1.0	1.0
27	3	38	1.903	0.396	23.097	2.495	1.0	1.0
27	3	35	1.633	0.615	26.414	3.747	0.903	0.935
27	3	32	0.778	0.847	29.556	3.65	0.452	0.581
27	3	29	0.0	0.0	41.0	0.0	0.0	0.032
27	3	26	0.0	0.0	nan	nan	0.0	0.0
27	3	23	0.0	0.0	nan	nan	0.0	0.0
27	3	20	0.0	0.0	nan	nan	0.0	0.0
28	3	62	6.355	1.112	14.129	0.619	1.0	1.0
28	3	59	6.161	0.374	14.387	0.615	1.0	1.0
28	3	56	6.065	0.25	14.903	0.597	1.0	1.0
28	3	53	5.742	0.514	15.548	1.179	1.0	1.0
28	3	50	5.839	0.454	15.903	0.79	1.0	1.0
28	3	47	5.355	1.018	16.742	0.729	1.0	1.0
28	3	44	5.065	0.574	17.484	0.769	1.0	1.0
28	3	41	4.323	0.541	18.968	1.329	1.0	1.0
28	3	38	4.129	0.341	19.742	1.182	1.0	1.0
28	3	35	3.968	0.407	21.742	1.825	1.0	1.0
28	3	32	3.467	0.819	25.774	6.152	0.968	1.0
28	3	29	3.032	0.657	29.355	6.721	1.0	1.0
28	3	26	1.129	1.204	34.25	8.037	0.516	0.516
28	3	23	0.0	0.0	nan	nan	0.0	0.0
28	3	20	0.0	0.0	nan	nan	0.0	0.0
29	3	62	5.935	0.964	13.548	0.723	1.0	1.0
29	3	59	6.097	0.396	13.935	0.727	1.0	1.0
29	3	56	5.839	0.374	14.419	0.992	1.0	1.0
29	3	53	5.742	0.445	14.839	0.898	1.0	1.0
29	3	50	5.29	0.938	15.548	1.06	1.0	1.0
29	3	47	5.097	0.301	16.387	0.803	1.0	1.0
29	3	44	4.871	0.428	17.065	1.153	1.0	1.0
29	3	41	4.29	0.864	18.065	1.413	1.0	1.0
29	3	38	3.935	0.629	19.903	2.166	1.0	1.0
29	3	35	3.387	0.495	21.355	1.889	1.0	1.0
29	3	32	3.065	0.359	23.774	2.125	1.0	1.0
29	3	29	2.839	0.374	29.29	5.001	1.0	1.0
29	3	26	1.897	1.081	37.923	8.639	0.774	0.839
29	3	23	0.241	0.636	47.0	10.863	0.161	0.226
29	3	20	0.0	0.0	nan	nan	0.0	0.0
30	3	62	2.871	0.341	17.226	0.956	1.0	1.0
30	3	59	2.71	0.529	17.968	1.197	1.0	1.0
30	3	56	2.194	0.402	19.194	0.98	1.0	1.0
30	3	53	1.968	0.18	20.613	1.022	1.0	1.0
30	3	50	1.613	0.495	22.484	1.786	1.0	1.0
30	3	47	1.613	0.495	24.581	2.907	1.0	1.0
30	3	44	0.8	0.664	26.238	3.463	0.645	0.677
30	3	41	0.032	0.18	26.0	0.0	0.032	0.032
30	3	38	0.0	0.0	nan	nan	0.0	0.0
30	3	35	0.0	0.0	nan	nan	0.0	0.0
30	3	32	0.0	0.0	nan	nan	0.0	0.0
30	3	29	0.0	0.0	nan	nan	0.0	0.0
30	3	26	0.0	0.0	nan	nan	0.0	0.0
30	3	23	0.0	0.0	nan	nan	0.0	0.0
30	3	20	0.0	0.0	nan	nan	0.0	0.0
31	3	62	3.484	0.508	15.742	1.125	1.0	1.0
31	3	59	3.161	0.454	16.355	0.915	1.0	1.0
31	3	56	3.032	0.407	17.194	0.833	1.0	1.0
31	3	53	2.613	0.495	17.935	1.153	1.0	1.0
31	3	50	2.226	0.617	18.903	1.165	1.0	1.0
31	3	47	2.032	0.605	19.323	1.681	1.0	1.0
31	3	44	1.323	0.475	22.806	2.613	1.0	1.0
31	3	41	1.065	0.359	25.133	2.193	0.968	0.968
31	3	38	0.258	0.445	24.625	1.996	0.258	0.258
31	3	35	0.0	0.0	nan	nan	0.0	0.0
31	3	32	0.0	0.0	nan	nan	0.0	0.0
31	3	29	0.0	0.0	nan	nan	0.0	0.0
31	3	26	0.0	0.0	nan	nan	0.0	0.0
31	3	23	0.0	0.0	nan	nan	0.0	0.0
31	3	20	0.0	0.0	nan	nan	0.0	0.0
0	4	62	5.0	0.0	13.29	0.529	1.0	1.0
0	4	59	5.0	0.0	13.839	0.454	1.0	1.0
0	4	56	4.968	0.18	14.194	0.654	1.0	1.0
0	4	53	4.742	0.445	14.677	0.653	1.0	1.0
0	4	50	4.419	0.502	15.613	1.054	1.0	1.0
0	4	47	4.129	0.341	16.194	1.014	1.0	1.0
0	4	44	4.0	0.365	17.097	1.076	1.0	1.0
0	4	41	3.806	0.543	17.452	1.028	1.0	1.0
0	4	38	3.194	0.543	18.935	1.931	1.0	1.0
0	4	35	3.065	0.25	20.581	1.523	1.0	1.0
0	4	32	2.29	0.739	24.7	4.044	0.968	0.968
0	4	29	1.448	0.985	28.875	5.811	0.71	0.774
0	4	26	0.0	0.0	35.5	0.707	0.0	0.065
0	4	23	0.0	0.0	nan	nan	0.0	0.0
0	4	20	0.0	0.0	nan	nan	0.0	0.0
1	4	62	5.032	0.18	13.161	0.82	1.0	1.0
1	4	59	4.968	0.18	13.29	0.739	1.0	1.0
1	4	56	4.968	0.18	14.0	0.894	1.0	1.0
1	4	53	4.903	0.301	14.645	0.661	1.0	1.0
1	4	50	4.71	0.461	14.968	0.657	1.0	1.0
1	4	47	4.323	0.541	15.613	1.086	1.0	1.0
1	4	44	4.129	0.428	16.613	1.174	1.0	1.0
1	4	41	4.032	0.407	17.032	1.048	1.0	1.0
1	4	38	3.645	0.551	18.29	1.901	1.0	1.0
1	4	35	2.968	0.407	20.355	2.169	1.0	1.0
1	4	32	2.871	0.428	21.677	2.809	1.0	1.0
1	4	29	2.548	0.675	26.645	5.174	1.0	1.0
1	4	26	1.968	1.016	30.222	6.483	0.871	0.871
1	4	23	0.533	0.776	35.5	5.551	0.355	0.387
1	4	20	0.0	0.0	nan	nan	0.0	0.0
2	4	62	3.032	0.18	16.387	0.558	1.0	1.0
2	4	59	2.871	0.341	17.161	0.638	1.0	1.0
2	4	56	2.323	0.832	18.032	1.08	1.0	1.0
2	4	53	1.733	0.691	19.419	3.264	0.968	1.0
2	4	50	1.097	0.301	20.71	1.553	1.0	1.0
2	4	47	0.968	0.315	22.241	1.826	0.935	0.935
2	4	44	0.793	0.412	25.04	3.034	0.742	0.806
2	4	41	0.1	0.305	29.75	4.992	0.097	0.129
2	4	38	0.0	0.0	nan	nan	0.0	0.0
2	4	35	0.0	0.0	nan	nan	0.0	0.0
2	4	32	0.0	0.0	nan	nan	0.0	0.0
2	4	29	0.0	0.0	nan	nan	0.0	0.0
2	4	26	0.0	0.0	nan	nan	0.0	0.0
2	4	23	0.0	0.0	nan	nan	0.0	0.0
2	4	20	0.0	0.0	nan	nan	0.0	0.0
3	4	62	5.032	0.18	12.032	0.605	1.0	1.0
3	4	59	4.968	0.18	12.645	0.551	1.0	1.0
3	4	56	4.935	0.25	12.968	0.605	1.0	1.0
3	4	53	4.871	0.341	13.355	0.551	1.0	1.0
3	4	50	4.581	0.502	13.935	0.727	1.0	1.0
3	4	47	4.355	0.486	14.839	0.934	1.0	1.0
3	4	44	4.355	0.486	15.065	0.892	1.0	1.0
3	4	41	4.032	0.18	15.968	0.836	1.0	1.0
3	4	38	3.968	0.407	16.968	1.11	1.0	1.0
3	4	35	3.645	0.486	17.806	1.223	1.0	1.0
3	4	32	3.097	0.396	20.0	1.844	1.0	1.0
3	4	29	2.677	0.475	22.29	3.699	1.0	1.0
3	4	26	2.161	1.003	26.185	4.123	0.871	0.871
3	4	23	0.839	1.241	30.818	3.92	0.355	0.355
3	4	20	0.065	0.359	37.0	0.0	0.032	0.032
4	4	62	6.613	0.495	13.161	0.454	1.0	1.0
4	4	59	6.194	0.402	13.355	0.661	1.0	1.0
4	4	56	6.032	0.315	14.097	0.651	1.0	1.0
4	4	53	6.097	0.301	14.194	0.91	1.0	1.0
4	4	50	5.903	0.301	15.032	0.875	1.0	1.0
4	4	47	5.613	0.495	15.581	0.807	1.0	1.0
4	4	44	5.452	0.506	16.097	0.7	1.0	1.0
4	4	41	5.129	0.562	17.0	0.856	1.0	1.0
4	4	38	4.774	0.56	17.903	0.978	1.0	1.0
4	4	35	4.0	0.365	20.129	1.231	1.0	1.0
4	4	32	4.0	0.365	21.323	1.939	1.0	1.0
4	4	29	3.548	0.506	23.387	2.231	1.0	1.0
4	4	26	3.258	0.631	27.065	6.055	1.0	1.0
4	4	23	2.129	1.204	37.808	8.886	0.839	0.839
4	4	20	0.129	0.499	49.0	16.971	0.065	0.065
5	4	62	5.548	0.506	13.806	0.543	1.0	1.0
5	4	59	5.226	0.497	14.419	0.62	1.0	1.0
5	4	56	5.065	0.359	14.742	1.032	1.0	1.0
5	4	53	5.0	0.258	15.258	0.682	1.0	1.0
5	4	50	4.806	0.402	16.129	0.846	1.0	1.0
5	4	47	4.677	0.541	16.903	1.012	1.0	1.0
5	4	44	4.226	0.762	17.548	1.312	1.0	1.0
5	4	41	3.806	0.749	18.484	1.18	1.0	1.0
5	4	38	3.129	0.341	20.194	1.352	1.0	1.0
5	4	35	3.0	0.365	21.806	2.428	1.0	1.0
5	4	32	2.742	0.514	25.032	3.351	1.0	1.0
5	4	29	2.516	0.57	28.548	4.781	1.0	1.0
5	4	26	1.267	0.785	35.038	7.691	0.806	0.839
5	4	23	0.097	0.396	37.0	4.243	0.065	0.065
5	4	20	0.0	0.0	nan	nan	0.0	0.0
6	4	62	6.161	0.374	12.645	0.709	1.0	1.0
6	4	59	5.742	0.999	13.161	0.735	1.0	1.0
6	4	56	5.419	0.958	13.387	0.844	1.0	1.0
6	4	53	5.226	0.92	14.097	0.908	1.0	1.0
6	4	50	4.806	1.327	14.516	0.811	1.0	1.0
6	4	47	4.839	0.898	15.452	0.768	1.0	1.0
6	4	44	4.806	0.543	15.871	1.432	1.0	1.0
6	4	41	4.581	0.564	16.226	0.99	1.0	1.0
6	4	38	3.871	1.335	17.516	1.313	1.0	1.0
6	4	35	3.774	0.717	18.065	1.788	1.0	1.0
6	4	32	3.161	0.523	20.032	2.041	1.0	1.0
6	4	29	2.677	0.653	22.581	2.062	1.0	1.0
6	4	26	2.323	0.979	25.0	4.158	0.935	0.935
6	4	23	1.71	1.16	30.583	5.778	0.774	0.774
6	4	20	0.533	0.937	34.0	6.074	0.29	0.323
7	4	62	4.871	0.341	12.839	0.583	1.0	1.0
7	4	59	4.871	0.341	13.194	0.749	1.0	1.0
7	4	56	4.677	0.475	13.452	0.568	1.0	1.0
7	4	53	4.387	0.558	13.839	0.779	1.0	1.0
7	4	50	4.29	0.461	14.29	0.783	1.0	1.0
7	4	47	4.032	0.18	14.742	0.855	1.0	1.0
7	4	44	3.968	0.315	15.613	1.256	1.0	1.0
7	4	41	3.903	0.301	16.387	0.989	1.0	1.0
7	4	38	3.452	0.675	17.774	1.175	1.0	1.0
7	4	35	2.935	0.727	18.548	1.387	1.0	1.0
7	4	32	2.226	0.497	20.742	2.129	1.0	1.0
7	4	29	2.129	0.499	23.129	2.604	1.0	1.0
7	4	26	1.581	0.807	28.593	6.669	0.871	0.871
7	4	23	0.786	0.995	33.0	5.278	0.387	0.484
7	4	20	0.129	0.499	30.0	5.657	0.065	0.065
8	4	62	7.0	0.365	12.774	0.762	1.0	1.0
8	4	59	6.871	0.341	13.097	0.831	1.0	1.0
8	4	56	6.581	0.502	13.839	0.638	1.0	1.0
8	4	53	6.419	0.564	14.323	0.653	1.0	1.0
8	4	50	6.161	0.454	14.71	0.783	1.0	1.0
8	4	47	5.71	0.973	14.871	0.846	1.0	1.0
8	4	44	5.871	0.341	15.677	0.748	1.0	1.0
8	4	41	5.323	0.979	16.839	1.157	1.0	1.0
8	4	38	4.935	0.629	17.903	1.62	1.0	1.0
8	4	35	4.419	0.672	18.645	1.582	1.0	1.0
8	4	32	4.129	0.763	20.065	2.449	1.0	1.0
8	4	29	3.903	0.396	21.806	1.815	1.0	1.0
8	4	26	3.71	0.529	25.032	3.321	1.0	1.0
8	4	23	3.0	0.816	31.677	6.997	1.0	1.0
8	4	20	1.742	1.341	37.476	9.918	0.677	0.677
9	4	62	3.968	0.18	13.871	0.499	1.0	1.0
9	4	59	3.968	0.18	14.161	0.688	1.0	1.0
9	4	56	3.742	0.445	15.0	1.125	1.0	1.0
9	4	53	3.613	0.495	15.29	0.824	1.0	1.0
9	4	50	3.258	0.514	15.871	0.885	1.0	1.0
9	4	47	3.065	0.512	16.742	1.154	1.0	1.0
9	4	44	2.903	0.396	17.355	0.95	1.0	1.0
9	4	41	2.323	0.541	18.935	1.526	1.0	1.0
9	4	38	2.065	0.442	19.903	1.868	1.0	1.0
9	4	35	1.935	0.359	22.387	2.654	1.0	1.0
9	4	32	1.645	0.551	24.433	2.501	0.968	0.968
9	4	29	0.933	0.785	28.143	3.692	0.645	0.677
9	4	26	0.0	0.0	nan	nan	0.0	0.0
9	4	23	0.0	0.0	nan	nan	0.0	0.0
9	4	20	0.0	0.0	nan	nan	0.0	0.0
10	4	62	3.0	0.0	15.548	0.961	1.0	1.0
10	4	59	3.0	0.0	16.226	0.617	1.0	1.0
10	4	56	3.0	0.0	16.968	0.657	1.0	1.0
10	4	53	2.71	0.529	17.613	0.761	1.0	1.0
10	4	50	1.806	0.833	18.613	1.358	1.0	1.0
10	4	47	1.355	0.608	19.323	0.945	1.0	1.0
10	4	44	1.032	0.315	21.667	1.788	0.968	0.968
10	4	41	0.839	0.374	23.692	2.635	0.839	0.839
10	4	38	0.129	0.341	26.0	1.826	0.129	0.129
10	4	35	0.032	0.18	17.0	0.0	0.032	0.032
10	4	32	0.0	0.0	nan	nan	0.0	0.0
10	4	29	0.0	0.0	nan	nan	0.0	0.0
10	4	26	0.0	0.0	nan	nan	0.0	0.0
10	4	23	0.0	0.0	nan	nan	0.0	0.0
10	4	20	0.0	0.0	nan	nan	0.0	0.0
11	4	62	3.742	0.514	16.387	0.761	1.0	1.0
11	4	59	3.613	0.495	16.581	0.765	1.0	1.0
11	4	56	3.355	0.551	17.548	0.768	1.0	1.0
11	4	53	2.516	0.677	18.645	1.082	1.0	1.0
11	4	50	2.194	0.402	19.355	1.142	1.0	1.0
11	4	47	2.0	0.0	20.645	1.38	1.0	1.0
11	4	44	1.839	0.374	22.645	1.582	1.0	1.0
11	4	41	1.677	0.475	25.194	2.786	1.0	1.0
11	4	38	0.933	0.828	27.8	3.533	0.613	0.645
11	4	35	0.0	0.0	nan	nan	0.0	0.0
11	4	32	0.0	0.0	nan	nan	0.0	0.0
11	4	29	0.0	0.0	nan	nan	0.0	0.0
11	4	26	0.0	0.0	nan	nan	0.0	0.0
11	4	23	0.0	0.0	nan	nan	0.0	0.0
11	4	20	0.0	0.0	nan	nan	0.0	0.0
12	4	62	5.065	0.25	13.71	0.529	1.0	1.0
12	4	59	5.0	0.0	14.194	0.749	1.0	1.0
12	4	56	5.0	0.0	14.774	0.717	1.0	1.0
12	4	53	4.968	0.18	15.323	0.832	1.0	1.0
12	4	50	4.903	0.301	15.742	0.575	1.0	1.0
12	4	47	4.71	0.461	16.258	0.999	1.0	1.0
12	4	44	4.323	0.599	17.355	0.95	1.0	1.0
12	4	41	3.839	0.735	17.968	1.303	1.0	1.0
12	4	38	3.194	0.402	19.613	1.358	1.0	1.0
12	4	35	3.032	0.18	21.613	1.626	1.0	1.0
12	4	32	3.0	0.258	25.097	1.955	1.0	1.0
12	4	29	2.161	0.969	28.552	4.867	0.935	0.935
12	4	26	0.29	0.739	31.6	8.355	0.161	0.161
12	4	23	0.0	0.0	nan	nan	0.0	0.0
12	4	20	0.0	0.0	nan	nan	0.0	0.0
13	4	62	4.419	0.502	13.355	0.551	1.0	1.0
13	4	59	4.226	0.425	13.452	0.506	1.0	1.0
13	4	56	4.065	0.25	14.032	0.605	1.0	1.0
13	4	53	4.065	0.25	14.484	0.811	1.0	1.0
13	4	50	4.0	0.0	14.903	1.106	1.0	1.0
13	4	47	3.968	0.18	15.548	0.85	1.0	1.0
13	4	44	3.742	0.514	16.806	0.946	1.0	1.0
13	4	41	3.419	0.672	17.032	1.08	1.0	1.0
13	4	38	3.032	0.752	18.548	1.947	1.0	1.0
13	4	35	2.581	0.62	19.323	2.056	1.0	1.0
13	4	32	2.097	0.301	21.871	2.391	1.0	1.0
13	4	29	2.129	0.428	24.452	3.802	1.0	1.0
13	4	26	0.897	0.86	31.105	6.428	0.548	0.613
13	4	23	0.167	0.531	35.25	4.992	0.097	0.129
13	4	20	0.0	0.0	nan	nan	0.0	0.0
14	4	62	4.742	0.445	13.935	0.629	1.0	1.0
14	4	59	4.194	0.477	14.613	1.022	1.0	1.0
14	4	56	4.194	0.402	14.839	0.688	1.0	1.0
14	4	53	4.065	0.25	15.355	0.709	1.0	1.0
14	4	50	4.032	0.18	16.129	0.763	1.0	1.0
14	4	47	3.968	0.18	16.581	0.923	1.0	1.0
14	4	44	3.774	0.425	17.613	1.43	1.0	1.0
14	4	41	3.194	0.543	18.839	1.214	1.0	1.0
14	4	38	2.839	0.374	21.194	2.774	1.0	1.0
14	4	35	2.806	0.477	24.0	3.204	1.0	1.0
14	4	32	2.129	0.763	26.759	3.398	0.935	0.935
14	4	29	1.097	1.136	30.529	5.293	0.548	0.548
14	4	26	0.0	0.0	nan	nan	0.0	0.0
14	4	23	0.0	0.0	nan	nan	0.0	0.0
14	4	20	0.0	0.0	nan	nan	0.0	0.0
15	4	62	4.0	0.0	15.0	0.775	1.0	1.0
15	4	59	3.935	0.25	15.935	0.854	1.0	1.0
15	4	56	3.839	0.374	16.452	0.925	1.0	1.0
15	4	53	3.387	0.667	17.484	1.18	1.0	1.0
15	4	50	2.774	0.717	18.452	1.997	1.0	1.0
15	4	47	2.129	0.341	20.29	2.673	1.0	1.0
15	4	44	2.067	0.254	22.323	3.249	0.968	1.0
15	4	41	1.767	0.626	25.214	4.324	0.871	0.903
15	4	38	0.786	0.876	31.706	5.072	0.452	0.548
15	4	35	0.032	0.18	54.0	0.0	0.032	0.032
15	4	32	0.0	0.0	nan	nan	0.0	0.0
15	4	29	0.0	0.0	nan	nan	0.0	0.0
15	4	26	0.0	0.0	nan	nan	0.0	0.0
15	4	23	0.0	0.0	nan	nan	0.0	0.0
15	4	20	0.0	0.0	nan	nan	0.0	0.0
16	4	62	5.71	0.461	14.323	0.832	1.0	1.0
16	4	59	5.419	0.502	14.774	0.762	1.0	1.0
16	4	56	5.032	0.315	15.226	0.717	1.0	1.0
16	4	53	5.194	0.477	15.774	0.805	1.0	1.0
16	4	50	4.774	0.497	16.548	1.028	1.0	1.0
16	4	47	4.645	0.551	17.258	1.094	1.0	1.0
16	4	44	4.032	0.836	18.129	1.056	1.0	1.0
16	4	41	3.29	0.588	19.581	1.649	1.0	1.0
16	4	38	3.097	0.396	20.806	1.869	1.0	1.0
16	4	35	2.903	0.396	24.645	4.144	1.0	1.0
16	4	32	2.677	0.475	26.226	3.18	1.0	1.0
16	4	29	2.167	0.791	31.767	5.425	0.935	0.968
16	4	26	1.032	1.048	38.294	5.265	0.548	0.548
16	4	23	0.032	0.18	42.0	0.0	0.032	0.032
16	4	20	0.0	0.0	nan	nan	0.0	0.0
17	4	62	5.0	0.0	13.452	0.768	1.0	1.0
17	4	59	5.032	0.18	14.0	0.632	1.0	1.0
17	4	56	4.742	0.445	14.29	0.693	1.0	1.0
17	4	53	4.613	0.495	14.71	1.216	1.0	1.0
17	4	50	4.226	0.425	15.258	1.316	1.0	1.0
17	4	47	4.065	0.25	16.419	0.848	1.0	1.0
17	4	44	3.968	0.482	17.129	1.176	1.0	1.0
17	4	41	3.516	0.508	17.935	1.209	1.0	1.0
17	4	38	3.032	0.407	19.226	1.309	1.0	1.0
17	4	35	2.774	0.497	22.194	2.056	1.0	1.0
17	4	32	2.548	0.506	24.677	3.525	1.0	1.0
17	4	29	2.1	0.712	28.467	4.377	0.935	0.968
17	4	26	0.839	0.86	34.833	5.933	0.581	0.581
17	4	23	0.0	0.0	nan	nan	0.0	0.0
17	4	20	0.0	0.0	nan	nan	0.0	0.0
18	4	62	6.0	0.0	12.774	0.56	1.0	1.0
18	4	59	5.839	0.374	13.161	1.003	1.0	1.0
18	4	56	5.452	0.506	13.516	0.57	1.0	1.0
18	4	53	5.258	0.445	13.935	0.68	1.0	1.0
18	4	50	5.097	0.301	14.581	0.62	1.0	1.0
18	4	47	5.097	0.301	15.226	0.805	1.0	1.0
18	4	44	4.935	0.25	15.613	0.989	1.0	1.0
18	4	41	4.935	0.25	16.645	0.798	1.0	1.0
18	4	38	4.516	0.626	17.71	1.553	1.0	1.0
18	4	35	3.871	0.499	19.516	2.031	1.0	1.0
18	4	32	3.516	0.508	20.71	1.488	1.0	1.0
18	4	29	3.226	0.425	23.71	2.438	1.0	1.0
18	4	26	2.258	1.125	31.111	5.487	0.871	0.871
18	4	23	0.645	1.17	35.25	4.59	0.258	0.258
18	4	20	0.0	0.0	nan	nan	0.0	0.0
19	4	62	5.742	0.445	11.968	0.605	1.0	1.0
19	4	59	5.484	0.57	12.323	0.748	1.0	1.0
19	4	56	5.258	0.445	12.774	0.805	1.0	1.0
19	4	53	5.0	0.0	13.516	0.57	1.0	1.0
19	4	50	5.0	0.0	14.0	0.816	1.0	1.0
19	4	47	4.935	0.25	14.548	0.675	1.0	1.0
19	4	44	4.774	0.425	15.29	0.864	1.0	1.0
19	4	41	4.548	0.506	16.0	0.775	1.0	1.0
19	4	38	4.419	0.564	17.032	1.329	1.0	1.0
19	4	35	3.645	0.551	18.323	1.351	1.0	1.0
19	4	32	3.29	0.461	19.935	1.711	1.0	1.0
19	4	29	2.774	0.669	23.8	2.578	0.968	0.968
19	4	26	2.387	1.054	28.963	7.628	0.871	0.871
19	4	23	0.4	0.724	38.0	5.59	0.258	0.29
19	4	20	0.0	0.0	nan	nan	0.0	0.0
20	4	62	3.968	0.18	16.613	1.054	1.0	1.0
20	4	59	3.871	0.341	17.323	0.702	1.0	1.0
20	4	56	2.903	0.746	18.484	0.926	1.0	1.0
20	4	53	2.419	0.564	19.29	1.216	1.0	1.0
20	4	50	2.097	0.301	21.516	1.411	1.0	1.0
20	4	47	2.0	0.0	24.29	2.771	1.0	1.0
20	4	44	1.724	0.528	30.133	5.776	0.903	0.968
20	4	41	0.759	0.83	34.588	5.938	0.484	0.548
20	4	38	0.032	0.18	45.0	0.0	0.032	0.032
20	4	35	0.0	0.0	nan	nan	0.0	0.0
20	4	32	0.0	0.0	nan	nan	0.0	0.0
20	4	29	0.0	0.0	nan	nan	0.0	0.0
20	4	26	0.0	0.0	nan	nan	0.0	0.0
20	4	23	0.0	0.0	nan	nan	0.0	0.0
20	4	20	0.0	0.0	nan	nan	0.0	0.0
21	4	62	3.968	0.18	14.0	0.683	1.0	1.0
21	4	59	3.935	0.25	14.452	0.925	1.0	1.0
21	4	56	3.645	0.486	14.871	1.056	1.0	1.0
21	4	53	3.484	0.508	15.613	0.844	1.0	1.0
21	4	50	3.129	0.341	16.355	0.798	1.0	1.0
21	4	47	2.871	0.428	17.29	0.902	1.0	1.0
21	4	44	2.484	0.57	18.71	1.697	1.0	1.0
21	4	41	2.0	0.516	19.806	1.424	1.0	1.0
21	4	38	1.871	0.341	22.129	2.029	1.0	1.0
21	4	35	1.586	0.568	25.467	3.803	0.903	0.968
21	4	32	0.9	0.759	27.524	2.695	0.645	0.677
21	4	29	0.032	0.18	32.0	0.0	0.032	0.032
21	4	26	0.0	0.0	nan	nan	0.0	0.0
21	4	23	0.0	0.0	nan	nan	0.0	0.0
21	4	20	0.0	0.0	nan	nan	0.0	0.0
22	4	62	4.0	0.0	14.645	0.608	1.0	1.0
22	4	59	4.0	0.0	15.226	0.617	1.0	1.0
22	4	56	3.968	0.18	15.871	0.67	1.0	1.0
22	4	53	3.839	0.374	16.419	0.765	1.0	1.0
22	4	50	3.387	0.667	17.452	1.091	1.0	1.0
22	4	47	2.613	0.667	18.613	1.358	1.0	1.0
22	4	44	2.097	0.301	20.387	1.764	1.0	1.0
22	4	41	2.065	0.25	22.226	2.093	1.0	1.0
22	4	38	1.871	0.428	25.5	2.403	0.968	0.968
22	4	35	0.5	0.812	30.846	7.151	0.258	0.419
22	4	32	0.032	0.18	35.0	0.0	0.032	0.032
22	4	29	0.0	0.0	nan	nan	0.0	0.0
22	4	26	0.0	0.0	nan	nan	0.0	0.0
22	4	23	0.0	0.0	nan	nan	0.0	0.0
22	4	20	0.0	0.0	nan	nan	0.0	0.0
23	4	62	3.129	0.341	15.065	0.727	1.0	1.0
23	4	59	2.968	0.18	16.065	0.964	1.0	1.0
23	4	56	3.0	0.0	16.71	0.693	1.0	1.0
23	4	53	2.806	0.402	17.226	1.023	1.0	1.0
23	4	50	2.323	0.653	18.419	1.232	1.0	1.0
23	4	47	1.71	0.693	19.903	1.446	1.0	1.0
23	4	44	1.452	0.506	21.516	1.86	1.0	1.0
23	4	41	0.71	0.529	23.619	1.987	0.677	0.677
23	4	38	0.345	0.484	30.667	8.206	0.323	0.387
23	4	35	0.0	0.0	nan	nan	0.0	0.0
23	4	32	0.0	0.0	nan	nan	0.0	0.0
23	4	29	0.0	0.0	nan	nan	0.0	0.0
23	4	26	0.0	0.0	nan	nan	0.0	0.0
23	4	23	0.0	0.0	nan	nan	0.0	0.0
23	4	20	0.0	0.0	nan	nan	0.0	0.0
24	4	62	5.032	0.315	14.258	0.815	1.0	1.0
24	4	59	4.968	0.18	14.71	0.693	1.0	1.0
24	4	56	4.903	0.301	15.161	0.82	1.0	1.0
24	4	53	4.774	0.425	15.548	0.995	1.0	1.0
24	4	50	4.355	0.551	16.774	1.23	1.0	1.0
24	4	47	3.935	0.772	17.484	1.313	1.0	1.0
24	4	44	3.419	0.564	18.065	1.482	1.0	1.0
24	4	41	3.097	0.651	19.516	1.503	1.0	1.0
24	4	38	2.677	0.599	21.452	1.786	1.0	1.0
24	4	35	2.484	0.677	24.323	4.077	1.0	1.0
24	4	32	2.0	0.577	28.226	4.731	1.0	1.0
24	4	29	1.179	0.905	32.739	4.836	0.645	0.742
24	4	26	0.065	0.359	27.0	0.0	0.032	0.032
24	4	23	0.0	0.0	nan	nan	0.0	0.0
24	4	20	0.0	0.0	nan	nan	0.0	0.0
25	4	62	5.194	0.402	12.258	0.773	1.0	1.0
25	4	59	5.065	0.25	12.645	0.551	1.0	1.0
25	4	56	5.0	0.0	13.065	0.964	1.0	1.0
25	4	53	4.903	0.301	13.355	0.798	1.0	1.0
25	4	50	4.677	0.475	13.968	0.706	1.0	1.0
25	4	47	4.742	0.445	14.548	0.81	1.0	1.0
25	4	44	4.323	0.475	14.71	0.938	1.0	1.0
25	4	41	4.323	0.541	15.742	1.264	1.0	1.0
25	4	38	3.903	0.396	17.161	1.003	1.0	1.0
25	4	35	3.613	0.495	17.935	1.315	1.0	1.0
25	4	32	3.226	0.497	19.677	2.271	1.0	1.0
25	4	29	3.065	0.359	21.258	2.25	1.0	1.0
25	4	26	2.774	0.425	26.29	4.968	1.0	1.0
25	4	23	2.333	1.124	31.037	6.223	0.839	0.871
25	4	20	0.655	1.111	36.909	7.231	0.29	0.355
26	4	62	4.968	0.407	12.613	0.667	1.0	1.0
26	4	59	4.903	0.301	13.065	0.574	1.0	1.0
26	4	56	4.677	0.475	13.516	0.626	1.0	1.0
26	4	53	4.452	0.506	14.161	0.583	1.0	1.0
26	4	50	4.387	0.495	14.71	1.039	1.0	1.0
26	4	47	4.065	0.359	15.258	1.094	1.0	1.0
26	4	44	3.968	0.315	16.065	0.964	1.0	1.0
26	4	41	3.806	0.402	17.0	1.211	1.0	1.0
26	4	38	3.323	0.702	17.903	1.076	1.0	1.0
26	4	35	2.774	0.617	18.774	1.726	1.0	1.0
26	4	32	2.355	0.551	21.387	2.418	1.0	1.0
26	4	29	2.065	0.25	23.581	2.306	1.0	1.0
26	4	26	1.414	0.867	28.32	4.607	0.742	0.806
26	4	23	0.161	0.583	33.333	3.055	0.097	0.097
26	4	20	0.0	0.0	nan	nan	0.0	0.0
27	4	62	7.129	0.341	13.419	0.564	1.0	1.0
27	4	59	7.032	0.18	13.806	0.601	1.0	1.0
27	4	56	6.839	0.374	14.484	0.677	1.0	1.0
27	4	53	6.645	0.486	14.968	1.14	1.0	1.0
27	4	50	6.258	0.445	15.548	0.768	1.0	1.0
27	4	47	6.032	0.407	15.935	1.124	1.0	1.0
27	4	44	5.935	0.25	16.806	0.946	1.0	1.0
27	4	41	5.548	0.624	17.806	0.873	1.0	1.0
27	4	38	4.71	0.529	19.161	1.44	1.0	1.0
27	4	35	4.323	0.475	20.806	1.424	1.0	1.0
27	4	32	4.097	0.396	23.387	3.222	1.0	1.0
27	4	29	4.0	0.365	26.613	2.679	1.0	1.0
27	4	26	2.935	0.998	33.6	6.328	0.968	0.968
27	4	23	0.484	0.926	44.25	13.328	0.258	0.258
27	4	20	0.0	0.0	nan	nan	0.0	0.0
28	4	62	5.419	0.502	14.065	0.629	1.0	1.0
28	4	59	5.129	0.341	14.806	0.601	1.0	1.0
28	4	56	4.968	0.18	15.065	0.68	1.0	1.0
28	4	53	5.0	0.0	15.871	0.806	1.0	1.0
28	4	50	4.871	0.341	16.484	0.89	1.0	1.0
28	4	47	4.452	0.723	17.774	0.717	1.0	1.0
28	4	44	3.806	0.654	19.065	2.62	1.0	1.0
28	4	41	3.161	0.374	20.032	1.278	1.0	1.0
28	4	38	3.032	0.18	22.484	1.964	1.0	1.0
28	4	35	2.935	0.442	25.387	2.836	1.0	1.0
28	4	32	2.258	0.93	32.214	5.245	0.903	0.903
28	4	29	0.233	0.626	34.4	7.369	0.129	0.161
28	4	26	0.0	0.0	nan	nan	0.0	0.0
28	4	23	0.0	0.0	nan	nan	0.0	0.0
28	4	20	0.0	0.0	nan	nan	0.0	0.0
29	4	62	3.032	0.18	14.129	0.718	1.0	1.0
29	4	59	3.0	0.0	14.645	0.608	1.0	1.0
29	4	56	3.0	0.0	15.419	0.72	1.0	1.0
29	4	53	2.935	0.25	16.097	0.746	1.0	1.0
29	4	50	2.806	0.477	16.29	1.189	1.0	1.0
29	4	47	2.29	0.739	17.419	1.119	1.0	1.0
29	4	44	1.903	0.7	18.548	1.524	1.0	1.0
29	4	41	1.419	0.62	20.226	1.783	1.0	1.0
29	4	38	0.968	0.407	22.464	2.333	0.903	0.903
29	4	35	0.8	0.551	26.043	3.323	0.71	0.742
29	4	32	0.1	0.305	31.25	6.292	0.097	0.129
29	4	29	0.0	0.0	nan	nan	0.0	0.0
29	4	26	0.0	0.0	nan	nan	0.0	0.0
29	4	23	0.0	0.0	nan	nan	0.0	0.0
29	4	20	0.0	0.0	nan	nan	0.0	0.0
30	4	62	4.323	0.475	14.871	0.806	1.0	1.0
30	4	59	4.065	0.359	15.129	0.806	1.0	1.0
30	4	56	3.935	0.25	16.032	0.836	1.0	1.0
30	4	53	3.935	0.25	16.774	0.805	1.0	1.0
30	4	50	3.581	0.62	17.548	1.338	1.0	1.0
30	4	47	3.097	0.7	18.323	1.166	1.0	1.0
30	4	44	2.355	0.486	20.0	1.571	1.0	1.0
30	4	41	2.161	0.374	21.29	1.936	1.0	1.0
30	4	38	1.968	0.315	23.29	2.053	1.0	1.0
30	4	35	1.9	0.305	26.387	3.989	0.968	1.0
30	4	32	0.742	0.855	29.333	4.761	0.484	0.484
30	4	29	0.1	0.305	35.5	0.577	0.097	0.129
30	4	26	0.0	0.0	nan	nan	0.0	0.0
30	4	23	0.0	0.0	nan	nan	0.0	0.0
30	4	20	0.0	0.0	nan	nan	0.0	0.0
31	4	62	3.258	0.445	14.935	0.854	1.0	1.0
31	4	59	3.032	0.18	15.29	0.693	1.0	1.0
31	4	56	3.0	0.258	16.129	0.718	1.0	1.0
31	4	53	2.968	0.18	16.645	1.112	1.0	1.0
31	4	50	2.613	0.495	17.806	1.014	1.0	1.0
31	4	47	2.032	0.547	19.0	1.438	1.0	1.0
31	4	44	1.71	0.461	20.194	1.47	1.0	1.0
31	4	41	1.29	0.461	21.645	1.872	1.0	1.0
31	4	38	1.032	0.407	23.897	3.132	0.935	0.935
31	4	35	0.419	0.502	25.462	2.332	0.419	0.419
31	4	32	0.036	0.189	34.5	4.041	0.032	0.129
31	4	29	0.0	0.0	nan	nan	0.0	0.0
31	4	26	0.0	0.0	nan	nan	0.0	0.0
31	4	23	0.0	0.0	nan	nan	0.0	0.0
31	4	20	0.0	0.0	nan	nan	0.0	0.0
0	5	62	5.645	0.486	15.29	0.739	1.0	1.0
0	5	59	5.452	0.506	15.419	0.72	1.0	1.0
0	5	56	5.161	0.454	16.129	1.056	1.0	1.0
0	5	53	4.903	0.396	16.774	1.055	1.0	1.0
0	5	50	4.71	0.529	17.71	1.16	1.0	1.0
0	5	47	4.419	0.672	18.774	1.961	1.0	1.0
0	5	44	3.935	0.854	20.0	2.033	1.0	1.0
0	5	41	3.258	0.445	21.903	2.055	1.0	1.0
0	5	38	3.097	0.301	24.097	2.508	1.0	1.0
0	5	35	2.968	0.407	27.419	5.898	1.0	1.0
0	5	32	2.097	0.908	34.138	7.279	0.935	0.935
0	5	29	0.29	0.739	36.0	7.071	0.161	0.161
0	5	26	0.0	0.0	nan	nan	0.0	0.0
0	5	23	0.0	0.0	nan	nan	0.0	0.0
0	5	20	0.0	0.0	nan	nan	0.0	0.0
1	5	62	3.194	0.601	18.677	1.275	1.0	1.0
1	5	59	2.452	0.624	19.806	1.108	1.0	1.0
1	5	56	2.194	0.402	21.065	1.031	1.0	1.0
1	5	53	2.065	0.25	23.161	1.864	1.0	1.0
1	5	50	2.0	0.0	26.129	2.742	1.0	1.0
1	5	47	1.5	0.731	30.815	4.105	0.839	0.871
1	5	44	0.533	0.73	34.0	5.553	0.387	0.419
1	5	41	0.0	0.0	nan	nan	0.0	0.0
1	5	38	0.0	0.0	nan	nan	0.0	0.0
1	5	35	0.0	0.0	nan	nan	0.0	0.0
1	5	32	0.0	0.0	nan	nan	0.0	0.0
1	5	29	0.0	0.0	nan	nan	0.0	0.0
1	5	26	0.0	0.0	nan	nan	0.0	0.0
1	5	23	0.0	0.0	nan	nan	0.0	0.0
1	5	20	0.0	0.0	nan	nan	0.0	0.0
2	5	62	3.452	0.506	16.968	0.948	1.0	1.0
2	5	59	2.935	0.574	17.484	0.962	1.0	1.0
2	5	56	2.677	0.599	18.065	1.209	1.0	1.0
2	5	53	2.226	0.425	19.226	0.956	1.0	1.0
2	5	50	1.903	0.301	20.71	1.755	1.0	1.0
2	5	47	1.677	0.475	22.452	1.964	1.0	1.0
2	5	44	1.613	0.495	24.774	2.629	1.0	1.0
2	5	41	0.867	0.73	26.857	4.498	0.645	0.677
2	5	38	0.0	0.0	nan	nan	0.0	0.0
2	5	35	0.0	0.0	nan	nan	0.0	0.0
2	5	32	0.0	0.0	nan	nan	0.0	0.0
2	5	29	0.0	0.0	nan	nan	0.0	0.0
2	5	26	0.0	0.0	nan	nan	0.0	0.0
2	5	23	0.0	0.0	nan	nan	0.0	0.0
2	5	20	0.0	0.0	nan	nan	0.0	0.0
3	5	62	3.613	0.558	17.032	0.752	1.0	1.0
3	5	59	3.129	0.619	17.742	0.773	1.0	1.0
3	5	56	2.419	0.564	19.032	1.251	1.0	1.0
3	5	53	2.129	0.562	19.645	1.253	1.0	1.0
3	5	50	2.032	0.315	21.065	1.931	1.0	1.0
3	5	47	1.806	0.477	22.767	2.223	0.968	0.968
3	5	44	1.71	0.461	25.903	3.239	1.0	1.0
3	5	41	0.7	0.75	29.647	4.015	0.516	0.548
3	5	38	0.065	0.25	35.0	9.899	0.065	0.065
3	5	35	0.0	0.0	nan	nan	0.0	0.0
3	5	32	0.0	0.0	nan	nan	0.0	0.0
3	5	29	0.0	0.0	nan	nan	0.0	0.0
3	5	26	0.0	0.0	nan	nan	0.0	0.0
3	5	23	0.0	0.0	nan	nan	0.0	0.0
3	5	20	0.0	0.0	nan	nan	0.0	0.0
4	5	62	4.613	1.23	13.161	0.638	1.0	1.0
4	5	59	4.871	0.718	13.419	0.72	1.0	1.0
4	5	56	4.645	0.798	13.968	0.706	1.0	1.0
4	5	53	4.226	0.99	14.839	0.779	1.0	1.0
4	5	50	4.032	0.912	15.226	1.334	1.0	1.0
4	5	47	4.065	0.25	15.484	0.996	1.0	1.0
4	5	44	4.097	0.473	16.871	1.088	1.0	1.0
4	5	41	3.548	0.675	17.903	1.076	1.0	1.0
4	5	38	3.258	0.855	18.516	1.981	1.0	1.0
4	5	35	2.71	0.643	20.645	1.704	1.0	1.0
4	5	32	2.323	0.653	23.935	3.705	1.0	1.0
4	5	29	2.069	0.753	28.621	7.028	0.903	0.935
4	5	26	0.862	1.156	31.143	10.083	0.387	0.452
4	5	23	0.1	0.403	38.0	8.485	0.065	0.065
4	5	20	0.0	0.0	nan	nan	0.0	0.0
5	5	62	3.323	0.475	14.516	1.122	1.0	1.0
5	5	59	3.0	0.258	15.194	1.138	1.0	1.0
5	5	56	3.0	0.0	15.258	0.893	1.0	1.0
5	5	53	3.0	0.365	16.516	0.811	1.0	1.0
5	5	50	2.774	0.497	16.935	1.289	1.0	1.0
5	5	47	2.161	0.779	18.065	1.289	1.0	1.0
5	5	44	1.516	0.769	20.129	2.487	1.0	1.0
5	5	41	1.065	0.359	22.2	4.27	0.968	0.968
5	5	38	0.867	0.434	23.577	2.176	0.806	0.839
5	5	35	0.103	0.31	23.8	2.95	0.097	0.161
5	5	32	0.032	0.18	21.0	0.0	0.032	0.032
5	5	29	0.0	0.0	nan	nan	0.0	0.0
5	5	26	0.0	0.0	nan	nan	0.0	0.0
5	5	23	0.0	0.0	nan	nan	0.0	0.0
5	5	20	0.0	0.0	nan	nan	0.0	0.0
6	5	62	4.0	0.0	16.0	0.894	1.0	1.0
6	5	59	4.0	0.0	16.516	0.724	1.0	1.0
6	5	56	3.871	0.428	17.29	1.101	1.0	1.0
6	5	53	3.548	0.506	18.065	1.063	1.0	1.0
6	5	50	3.097	0.539	19.516	1.458	1.0	1.0
6	5	47	2.581	0.502	20.548	1.338	1.0	1.0
6	5	44	2.29	0.529	22.581	3.191	1.0	1.0
6	5	41	1.871	0.763	25.893	3.919	0.903	0.903
6	5	38	1.548	0.888	28.96	3.867	0.806	0.806
6	5	35	0.233	0.568	35.833	2.787	0.161	0.194
6	5	32	0.0	0.0	nan	nan	0.0	0.0
6	5	29	0.0	0.0	nan	nan	0.0	0.0
6	5	26	0.0	0.0	nan	nan	0.0	0.0
6	5	23	0.0	0.0	nan	nan	0.0	0.0
6	5	20	0.0	0.0	nan	nan	0.0	0.0
7	5	62	3.387	0.495	14.71	1.039	1.0	1.0
7	5	59	3.097	0.301	15.548	0.768	1.0	1.0
7	5	56	3.0	0.258	16.29	0.938	1.0	1.0
7	5	53	2.968	0.18	16.968	0.912	1.0	1.0
7	5	50	2.387	0.667	18.226	1.175	1.0	1.0
7	5	47	2.226	0.669	18.903	1.326	1.0	1.0
7	5	44	1.516	0.57	21.267	2.612	0.968	0.968
7	5	41	1.097	0.396	23.4	2.908	0.968	0.968
7	5	38	0.871	0.619	25.391	4.142	0.742	0.742
7	5	35	0.129	0.341	29.25	5.315	0.129	0.129
7	5	32	0.0	0.0	nan	nan	0.0	0.0
7	5	29	0.0	0.0	nan	nan	0.0	0.0
7	5	26	0.0	0.0	nan	nan	0.0	0.0
7	5	23	0.0	0.0	nan	nan	0.0	0.0
7	5	20	0.0	0.0	nan	nan	0.0	0.0
8	5	62	3.355	0.486	16.419	0.923	1.0	1.0
8	5	59	3.097	0.396	16.581	0.923	1.0	1.0
8	5	56	2.903	0.473	17.355	0.839	1.0	1.0
8	5	53	2.484	0.508	18.387	1.202	1.0	1.0
8	5	50	2.0	0.0	20.516	1.338	1.0	1.0
8	5	47	1.581	0.564	22.29	4.283	1.0	1.0
8	5	44	1.355	0.551	23.0	2.491	0.968	0.968
8	5	41	1.0	0.632	26.08	2.159	0.806	0.806
8	5	38	0.1	0.305	28.75	5.56	0.097	0.129
8	5	35	0.0	0.0	nan	nan	0.0	0.0
8	5	32	0.0	0.0	nan	nan	0.0	0.0
8	5	29	0.0	0.0	nan	nan	0.0	0.0
8	5	26	0.0	0.0	nan	nan	0.0	0.0
8	5	23	0.0	0.0	nan	nan	0.0	0.0
8	5	20	0.0	0.0	nan	nan	0.0	0.0
9	5	62	4.129	0.341	15.613	0.615	1.0	1.0
9	5	59	4.032	0.315	15.806	1.046	1.0	1.0
9	5	56	3.871	0.341	16.935	0.929	1.0	1.0
9	5	53	3.677	0.541	17.645	0.915	1.0	1.0
9	5	50	2.806	0.749	18.548	1.261	1.0	1.0
9	5	47	2.258	0.445	20.194	1.701	1.0	1.0
9	5	44	2.097	0.301	22.097	2.055	1.0	1.0
9	5	41	1.806	0.477	24.167	3.611	0.968	0.968
9	5	38	1.25	0.752	29.385	3.656	0.742	0.839
9	5	35	0.345	0.721	31.375	5.397	0.194	0.258
9	5	32	0.033	0.183	27.0	11.314	0.032	0.065
9	5	29	0.0	0.0	nan	nan	0.0	0.0
9	5	26	0.0	0.0	nan	nan	0.0	0.0
9	5	23	0.0	0.0	nan	nan	0.0	0.0
9	5	20	0.0	0.0	nan	nan	0.0	0.0
10	5	62	5.452	0.568	13.323	0.871	1.0	1.0
10	5	59	5.097	0.301	13.903	0.87	1.0	1.0
10	5	56	5.0	0.258	14.871	0.763	1.0	1.0
10	5	53	4.935	0.359	15.097	0.7	1.0	1.0
10	5	50	4.839	0.523	15.742	1.21	1.0	1.0
10	5	47	4.548	0.624	16.516	1.18	1.0	1.0
10	5	44	4.194	0.543	17.0	0.931	1.0	1.0
10	5	41	3.452	0.624	18.806	1.352	1.0	1.0
10	5	38	3.0	0.577	19.677	1.514	1.0	1.0
10	5	35	2.903	0.473	22.387	3.222	1.0	1.0
10	5	32	2.581	0.62	24.484	3.365	1.0	1.0
10	5	29	2.484	0.724	28.548	5.309	1.0	1.0
10	5	26	1.467	1.074	35.478	7.089	0.71	0.742
10	5	23	0.258	0.682	40.8	8.349	0.161	0.161
10	5	20	0.032	0.18	nan	nan	0.032	0.0
11	5	62	3.613	0.495	15.516	0.724	1.0	1.0
11	5	59	3.194	0.477	16.613	1.358	1.0	1.0
11	5	56	3.0	0.365	16.968	0.706	1.0	1.0
11	5	53	2.645	0.486	18.065	0.929	1.0	1.0
11	5	50	2.387	0.558	18.742	1.29	1.0	1.0
11	5	47	1.613	0.558	20.484	1.363	1.0	1.0
11	5	44	1.516	0.57	22.333	1.729	0.968	0.968
11	5	41	0.8	0.61	24.682	2.009	0.677	0.71
11	5	38	0.194	0.402	23.333	1.966	0.194	0.194
11	5	35	0.032	0.18	33.0	0.0	0.032	0.032
11	5	32	0.0	0.0	nan	nan	0.0	0.0
11	5	29	0.0	0.0	nan	nan	0.0	0.0
11	5	26	0.0	0.0	nan	nan	0.0	0.0
11	5	23	0.0	0.0	nan	nan	0.0	0.0
11	5	20	0.0	0.0	nan	nan	0.0	0.0
12	5	62	4.742	2.84	12.194	0.749	1.0	1.0
12	5	59	4.645	2.905	12.71	0.824	1.0	1.0
12	5	56	4.742	2.658	13.065	0.68	1.0	1.0
12	5	53	4.29	2.493	13.484	0.677	1.0	1.0
12	5	50	4.0	2.608	14.0	0.894	1.0	1.0
12	5	47	3.613	2.431	14.806	0.873	1.0	1.0
12	5	44	4.452	2.063	15.258	1.264	1.0	1.0
12	5	41	4.032	2.168	15.581	0.958	1.0	1.0
12	5	38	3.968	2.121	17.0	1.915	1.0	1.0
12	5	35	3.0	1.915	17.806	1.223	1.0	1.0
12	5	32	2.968	1.703	18.968	1.622	1.0	1.0
12	5	29	2.516	1.546	22.548	3.567	1.0	1.0
12	5	26	2.613	1.52	23.226	4.41	1.0	1.0
12	5	23	2.355	1.33	33.033	9.178	1.0	0.968
12	5	20	1.29	1.131	32.9	7.011	0.806	0.645
13	5	62	2.194	0.654	17.645	1.45	1.0	1.0
13	5	59	1.452	0.568	18.677	0.871	1.0	1.0
13	5	56	1.355	0.551	19.452	1.71	1.0	1.0
13	5	53	1.0	0.258	20.8	1.789	0.968	0.968
13	5	50	0.931	0.258	23.448	2.261	0.871	0.935
13	5	47	0.519	0.509	25.389	2.253	0.452	0.581
13	5	44	0.0	0.0	nan	nan	0.0	0.0
13	5	41	0.0	0.0	nan	nan	0.0	0.0
13	5	38	0.0	0.0	nan	nan	0.0	0.0
13	5	35	0.0	0.0	nan	nan	0.0	0.0
13	5	32	0.0	0.0	nan	nan	0.0	0.0
13	5	29	0.0	0.0	nan	nan	0.0	0.0
13	5	26	0.0	0.0	nan	nan	0.0	0.0
13	5	23	0.0	0.0	nan	nan	0.0	0.0
13	5	20	0.0	0.0	nan	nan	0.0	0.0
14	5	62	3.871	0.341	16.968	0.983	1.0	1.0
14	5	59	3.742	0.514	17.29	0.739	1.0	1.0
14	5	56	2.839	0.735	18.516	0.89	1.0	1.0
14	5	53	2.452	0.568	19.097	1.193	1.0	1.0
14	5	50	2.0	0.0	20.806	1.25	1.0	1.0
14	5	47	1.968	0.18	22.065	1.75	1.0	1.0
14	5	44	1.903	0.301	24.903	3.27	1.0	1.0
14	5	41	1.581	0.672	27.929	4.371	0.903	0.903
14	5	38	1.0	0.894	31.19	4.915	0.516	0.677
14	5	35	0.161	0.523	26.333	5.686	0.097	0.097
14	5	32	0.0	0.0	nan	nan	0.0	0.0
14	5	29	0.0	0.0	nan	nan	0.0	0.0
14	5	26	0.0	0.0	nan	nan	0.0	0.0
14	5	23	0.0	0.0	nan	nan	0.0	0.0
14	5	20	0.0	0.0	nan	nan	0.0	0.0
15	5	62	5.0	0.0	14.194	0.654	1.0	1.0
15	5	59	4.806	0.402	14.871	0.619	1.0	1.0
15	5	56	4.645	0.486	15.355	0.798	1.0	1.0
15	5	53	4.419	0.502	15.71	0.739	1.0	1.0
15	5	50	4.065	0.359	16.516	0.89	1.0	1.0
15	5	47	3.742	0.445	17.71	0.902	1.0	1.0
15	5	44	3.484	0.57	18.419	0.958	1.0	1.0
15	5	41	3.161	0.374	19.71	1.918	1.0	1.0
15	5	38	2.935	0.25	22.0	2.569	1.0	1.0
15	5	35	2.613	0.495	24.613	2.667	1.0	1.0
15	5	32	2.065	1.031	27.154	3.865	0.839	0.839
15	5	29	0.724	1.032	35.538	4.521	0.355	0.419
15	5	26	0.0	0.0	nan	nan	0.0	0.0
15	5	23	0.0	0.0	nan	nan	0.0	0.0
15	5	20	0.0	0.0	nan	nan	0.0	0.0
16	5	62	2.581	0.564	18.097	1.221	1.0	1.0
16	5	59	1.839	0.735	18.742	1.21	1.0	1.0
16	5	56	1.258	0.514	19.71	1.346	1.0	1.0
16	5	53	1.097	0.396	21.645	2.653	1.0	1.0
16	5	50	0.871	0.428	23.192	1.898	0.839	0.839
16	5	47	0.429	0.504	25.733	2.463	0.387	0.484
16	5	44	0.0	0.0	27.0	0.0	0.0	0.032
16	5	41	0.0	0.0	nan	nan	0.0	0.0
16	5	38	0.0	0.0	nan	nan	0.0	0.0
16	5	35	0.0	0.0	nan	nan	0.0	0.0
16	5	32	0.0	0.0	nan	nan	0.0	0.0
16	5	29	0.0	0.0	nan	nan	0.0	0.0
16	5	26	0.0	0.0	nan	nan	0.0	0.0
16	5	23	0.0	0.0	nan	nan	0.0	0.0
16	5	20	0.0	0.0	nan	nan	0.0	0.0
17	5	62	7.226	0.497	11.774	0.717	1.0	1.0
17	5	59	7.032	0.18	12.032	0.657	1.0	1.0
17	5	56	6.903	0.301	12.194	0.703	1.0	1.0
17	5	53	6.581	1.119	12.871	0.718	1.0	1.0
17	5	50	6.516	0.508	13.194	1.046	1.0	1.0
17	5	47	6.258	0.445	13.645	0.661	1.0	1.0
17	5	44	5.903	1.012	14.065	1.124	1.0	1.0
17	5	41	5.71	0.938	15.194	1.376	1.0	1.0
17	5	38	5.839	0.454	15.806	1.046	1.0	1.0
17	5	35	5.032	0.948	16.935	1.093	1.0	1.0
17	5	32	4.935	0.68	17.581	1.409	1.0	1.0
17	5	29	4.484	0.626	19.968	2.677	1.0	1.0
17	5	26	4.065	0.359	21.871	4.433	1.0	1.0
17	5	23	3.71	0.693	26.968	4.977	1.0	1.0
17	5	20	2.0	1.509	34.261	10.784	0.71	0.742
18	5	62	3.968	0.18	14.935	1.063	1.0	1.0
18	5	59	4.0	0.0	15.613	0.615	1.0	1.0
18	5	56	4.0	0.0	16.226	0.845	1.0	1.0
18	5	53	3.903	0.301	16.774	0.99	1.0	1.0
18	5	50	3.516	0.677	17.806	0.703	1.0	1.0
18	5	47	2.548	0.568	18.774	1.087	1.0	1.0
18	5	44	2.29	0.461	20.452	1.65	1.0	1.0
18	5	41	2.226	0.425	22.226	2.486	1.0	1.0
18	5	38	1.966	0.421	27.1	5.641	0.903	0.968
18	5	35	1.231	0.863	32.833	7.124	0.613	0.774
18	5	32	0.167	0.461	34.0	6.442	0.129	0.161
18	5	29	0.0	0.0	nan	nan	0.0	0.0
18	5	26	0.0	0.0	nan	nan	0.0	0.0
18	5	23	0.0	0.0	nan	nan	0.0	0.0
18	5	20	0.0	0.0	nan	nan	0.0	0.0
19	5	62	2.968	0.18	16.355	0.709	1.0	1.0
19	5	59	2.806	0.402	17.129	1.024	1.0	1.0
19	5	56	2.032	0.752	18.387	1.022	1.0	1.0
19	5	53	1.452	0.624	19.129	1.36	1.0	1.0
19	5	50	1.097	0.301	21.032	2.213	1.0	1.0
19	5	47	1.065	0.25	23.258	2.323	1.0	1.0
19	5	44	0.367	0.49	24.917	2.234	0.355	0.387
19	5	41	0.032	0.18	26.0	0.0	0.032	0.032
19	5	38	0.0	0.0	nan	nan	0.0	0.0
19	5	35	0.0	0.0	nan	nan	0.0	0.0
19	5	32	0.0	0.0	nan	nan	0.0	0.0
19	5	29	0.0	0.0	nan	nan	0.0	0.0
19	5	26	0.0	0.0	nan	nan	0.0	0.0
19	5	23	0.0	0.0	nan	nan	0.0	0.0
19	5	20	0.0	0.0	nan	nan	0.0	0.0
20	5	62	4.613	0.495	14.581	1.148	1.0	1.0
20	5	59	4.194	0.402	14.903	0.79	1.0	1.0
20	5	56	4.129	0.428	15.419	0.72	1.0	1.0
20	5	53	4.0	0.0	16.129	0.718	1.0	1.0
20	5	50	3.839	0.454	16.516	1.061	1.0	1.0
20	5	47	3.419	0.72	17.516	0.962	1.0	1.0
20	5	44	2.742	0.682	18.806	1.6	1.0	1.0
20	5	41	2.226	0.425	20.548	1.609	1.0	1.0
20	5	38	2.097	0.473	22.387	3.106	1.0	1.0
20	5	35	2.032	0.18	25.742	3.255	1.0	1.0
20	5	32	1.379	0.82	29.52	4.891	0.742	0.806
20	5	29	0.367	0.669	33.556	4.64	0.258	0.29
20	5	26	0.0	0.0	nan	nan	0.0	0.0
20	5	23	0.0	0.0	nan	nan	0.0	0.0
20	5	20	0.0	0.0	nan	nan	0.0	0.0
21	5	62	4.484	0.508	12.839	0.523	1.0	1.0
21	5	59	4.226	0.425	13.323	0.599	1.0	1.0
21	5	56	4.065	0.25	13.742	0.514	1.0	1.0
21	5	53	4.032	0.18	14.323	0.748	1.0	1.0
21	5	50	3.903	0.301	14.774	0.845	1.0	1.0
21	5	47	3.839	0.374	15.355	0.709	1.0	1.0
21	5	44	3.677	0.475	16.355	1.018	1.0	1.0
21	5	41	3.258	0.575	17.29	1.131	1.0	1.0
21	5	38	2.548	0.624	18.677	1.973	1.0	1.0
21	5	35	2.161	0.374	21.129	2.617	1.0	1.0
21	5	32	1.968	0.18	23.323	2.212	1.0	1.0
21	5	29	1.433	0.728	27.963	4.879	0.839	0.871
21	5	26	0.172	0.539	31.6	6.804	0.097	0.161
21	5	23	0.0	0.0	nan	nan	0.0	0.0
21	5	20	0.0	0.0	nan	nan	0.0	0.0
22	5	62	6.29	0.461	14.742	0.682	1.0	1.0
22	5	59	6.065	0.359	15.032	0.836	1.0	1.0
22	5	56	5.935	0.25	15.71	0.693	1.0	1.0
22	5	53	5.677	0.475	16.065	0.727	1.0	1.0
22	5	50	5.29	0.588	17.161	0.969	1.0	1.0
22	5	47	4.839	0.523	17.839	0.82	1.0	1.0
22	5	44	4.161	0.523	19.387	1.116	1.0	1.0
22	5	41	4.065	0.25	20.806	2.903	1.0	1.0
22	5	38	3.903	0.396	22.032	1.703	1.0	1.0
22	5	35	3.323	0.541	24.548	3.254	1.0	1.0
22	5	32	3.097	0.539	28.258	3.777	1.0	1.0
22	5	29	2.065	0.964	37.25	8.855	0.903	0.903
22	5	26	0.333	0.661	45.5	8.332	0.226	0.258
22	5	23	0.0	0.0	nan	nan	0.0	0.0
22	5	20	0.0	0.0	nan	nan	0.0	0.0
23	5	62	4.387	0.495	14.645	0.709	1.0	1.0
23	5	59	4.097	0.301	14.806	0.654	1.0	1.0
23	5	56	4.032	0.18	15.516	0.851	1.0	1.0
23	5	53	3.935	0.359	16.258	0.815	1.0	1.0
23	5	50	3.645	0.551	16.742	1.032	1.0	1.0
23	5	47	3.097	0.7	17.774	0.956	1.0	1.0
23	5	44	2.452	0.624	18.806	1.6	1.0	1.0
23	5	41	2.129	0.562	20.774	1.707	1.0	1.0
23	5	38	1.742	0.445	23.097	3.627	1.0	1.0
23	5	35	1.645	0.551	24.6	3.328	0.968	0.968
23	5	32	0.3	0.702	30.167	5.981	0.161	0.194
23	5	29	0.0	0.0	nan	nan	0.0	0.0
23	5	26	0.0	0.0	nan	nan	0.0	0.0
23	5	23	0.0	0.0	nan	nan	0.0	0.0
23	5	20	0.0	0.0	nan	nan	0.0	0.0
24	5	62	5.097	0.301	14.323	0.653	1.0	1.0
24	5	59	4.935	0.359	14.29	1.296	1.0	1.0
24	5	56	4.806	0.402	15.258	0.575	1.0	1.0
24	5	53	4.516	0.508	15.935	0.892	1.0	1.0
24	5	50	4.129	0.341	16.839	0.934	1.0	1.0
24	5	47	3.839	0.523	17.484	1.122	1.0	1.0
24	5	44	3.194	0.654	18.613	1.476	1.0	1.0
24	5	41	2.774	0.56	20.258	1.46	1.0	1.0
24	5	38	2.419	0.502	22.419	1.893	1.0	1.0
24	5	35	2.133	0.507	24.645	3.747	0.968	1.0
24	5	32	1.517	0.911	29.4	4.958	0.742	0.806
24	5	29	0.724	0.922	31.143	8.384	0.387	0.452
24	5	26	0.0	0.0	36.0	0.0	0.0	0.032
24	5	23	0.0	0.0	nan	nan	0.0	0.0
24	5	20	0.0	0.0	nan	nan	0.0	0.0
25	5	62	4.161	0.374	14.452	0.568	1.0	1.0
25	5	59	4.194	0.402	15.032	0.912	1.0	1.0
25	5	56	3.903	0.301	15.742	0.815	1.0	1.0
25	5	53	3.871	0.341	16.419	1.285	1.0	1.0
25	5	50	3.677	0.475	17.065	0.998	1.0	1.0
25	5	47	3.194	0.601	17.516	1.288	1.0	1.0
25	5	44	2.581	0.62	19.161	1.098	1.0	1.0
25	5	41	2.129	0.428	20.806	1.869	1.0	1.0
25	5	38	2.0	0.365	22.581	2.277	1.0	1.0
25	5	35	1.645	0.608	25.241	2.545	0.935	0.935
25	5	32	0.733	0.868	28.867	5.462	0.452	0.484
25	5	29	0.0	0.0	nan	nan	0.0	0.0
25	5	26	0.0	0.0	nan	nan	0.0	0.0
25	5	23	0.0	0.0	nan	nan	0.0	0.0
25	5	20	0.0	0.0	nan	nan	0.0	0.0
26	5	62	4.581	0.502	14.419	0.502	1.0	1.0
26	5	59	4.194	0.402	14.677	0.702	1.0	1.0
26	5	56	4.097	0.301	15.484	0.57	1.0	1.0
26	5	53	4.0	0.0	16.097	0.746	1.0	1.0
26	5	50	3.903	0.301	17.032	0.875	1.0	1.0
26	5	47	3.355	0.486	18.065	1.031	1.0	1.0
26	5	44	2.968	0.706	18.645	0.915	1.0	1.0
26	5	41	2.419	0.502	20.387	1.283	1.0	1.0
26	5	38	2.129	0.341	22.032	2.105	1.0	1.0
26	5	35	2.0	0.365	25.032	2.575	1.0	1.0
26	5	32	1.464	0.838	28.962	5.103	0.742	0.839
26	5	29	0.533	0.819	34.727	3.165	0.323	0.355
26	5	26	0.032	0.18	38.0	0.0	0.032	0.032
26	5	23	0.0	0.0	nan	nan	0.0	0.0
26	5	20	0.0	0.0	nan	nan	0.0	0.0
27	5	62	4.032	0.18	16.548	0.675	1.0	1.0
27	5	59	3.871	0.341	17.226	0.884	1.0	1.0
27	5	56	3.613	0.495	18.0	0.894	1.0	1.0
27	5	53	3.0	0.516	18.839	1.128	1.0	1.0
27	5	50	2.452	0.506	20.548	2.321	1.0	1.0
27	5	47	2.194	0.402	22.452	1.997	1.0	1.0
27	5	44	2.0	0.258	24.871	2.986	1.0	1.0
27	5	41	1.581	0.672	30.393	4.856	0.903	0.903
27	5	38	0.467	0.73	35.455	6.023	0.323	0.355
27	5	35	0.0	0.0	nan	nan	0.0	0.0
27	5	32	0.0	0.0	nan	nan	0.0	0.0
27	5	29	0.0	0.0	nan	nan	0.0	0.0
27	5	26	0.0	0.0	nan	nan	0.0	0.0
27	5	23	0.0	0.0	nan	nan	0.0	0.0
27	5	20	0.0	0.0	nan	nan	0.0	0.0
28	5	62	3.968	0.18	16.419	0.765	1.0	1.0
28	5	59	3.548	0.624	17.355	1.17	1.0	1.0
28	5	56	3.194	0.792	17.935	1.124	1.0	1.0
28	5	53	2.258	0.445	19.806	1.4	1.0	1.0
28	5	50	2.0	0.0	21.419	1.803	1.0	1.0
28	5	47	1.968	0.18	23.065	1.965	1.0	1.0
28	5	44	1.806	0.402	25.419	3.481	1.0	1.0
28	5	41	1.069	0.842	28.409	4.239	0.645	0.71
28	5	38	0.032	0.18	27.0	0.0	0.032	0.032
28	5	35	0.0	0.0	nan	nan	0.0	0.0
28	5	32	0.0	0.0	nan	nan	0.0	0.0
28	5	29	0.0	0.0	nan	nan	0.0	0.0
28	5	26	0.0	0.0	nan	nan	0.0	0.0
28	5	23	0.0	0.0	nan	nan	0.0	0.0
28	5	20	0.0	0.0	nan	nan	0.0	0.0
29	5	62	5.387	0.495	13.258	0.855	1.0	1.0
29	5	59	5.323	0.475	13.581	0.848	1.0	1.0
29	5	56	5.032	0.18	14.194	0.703	1.0	1.0
29	5	53	5.032	0.315	14.71	0.938	1.0	1.0
29	5	50	4.968	0.18	15.323	0.599	1.0	1.0
29	5	47	4.935	0.25	16.097	0.978	1.0	1.0
29	5	44	4.645	0.486	16.613	0.955	1.0	1.0
29	5	41	3.903	0.7	17.516	1.061	1.0	1.0
29	5	38	3.323	0.541	18.742	1.032	1.0	1.0
29	5	35	3.226	0.497	19.806	1.302	1.0	1.0
29	5	32	3.032	0.18	23.194	1.973	1.0	1.0
29	5	29	2.742	0.682	26.2	3.969	0.968	0.968
29	5	26	1.581	1.311	31.8	5.396	0.645	0.645
29	5	23	0.194	0.654	35.333	12.741	0.097	0.097
29	5	20	0.0	0.0	nan	nan	0.0	0.0
30	5	62	4.0	0.0	14.097	0.473	1.0	1.0
30	5	59	4.0	0.0	14.774	0.717	1.0	1.0
30	5	56	4.0	0.0	15.29	0.973	1.0	1.0
30	5	53	3.968	0.18	16.097	0.831	1.0	1.0
30	5	50	3.774	0.425	16.742	1.182	1.0	1.0
30	5	47	3.548	0.506	17.323	0.748	1.0	1.0
30	5	44	2.742	0.682	18.419	1.336	1.0	1.0
30	5	41	2.161	0.374	20.194	1.579	1.0	1.0
30	5	38	1.967	0.183	23.194	3.582	0.968	1.0
30	5	35	1.633	0.718	25.556	3.745	0.839	0.871
30	5	32	0.226	0.617	28.75	3.5	0.129	0.129
30	5	29	0.0	0.0	nan	nan	0.0	0.0
30	5	26	0.0	0.0	nan	nan	0.0	0.0
30	5	23	0.0	0.0	nan	nan	0.0	0.0
30	5	20	0.0	0.0	nan	nan	0.0	0.0
31	5	62	4.935	0.359	14.032	0.795	1.0	1.0
31	5	59	4.613	0.495	14.548	0.624	1.0	1.0
31	5	56	4.387	0.495	15.161	0.779	1.0	1.0
31	5	53	4.097	0.301	15.548	0.768	1.0	1.0
31	5	50	4.0	0.258	16.387	0.844	1.0	1.0
31	5	47	3.871	0.341	17.258	1.032	1.0	1.0
31	5	44	3.419	0.62	17.806	1.276	1.0	1.0
31	5	41	2.774	0.56	20.194	1.682	1.0	1.0
31	5	38	2.581	0.502	20.742	2.175	1.0	1.0
31	5	35	2.258	0.575	25.097	5.042	1.0	1.0
31	5	32	1.967	0.669	29.767	6.089	0.935	0.968
31	5	29	0.867	0.776	34.3	5.939	0.613	0.645
31	5	26	0.0	0.0	nan	nan	0.0	0.0
31	5	23	0.0	0.0	nan	nan	0.0	0.0
31	5	20	0.0	0.0	nan	nan	0.0	0.0
0	6	62	6.935	0.25	11.742	0.514	1.0	1.0
0	6	59	6.774	0.425	12.194	0.703	1.0	1.0
0	6	56	6.484	0.57	12.484	0.724	1.0	1.0
0	6	53	6.323	0.541	12.806	0.654	1.0	1.0
0	6	50	6.161	0.374	13.323	0.702	1.0	1.0
0	6	47	5.871	0.341	13.71	0.783	1.0	1.0
0	6	44	5.71	0.461	14.548	0.723	1.0	1.0
0	6	41	5.774	0.425	15.065	0.998	1.0	1.0
0	6	38	5.452	0.506	15.71	0.973	1.0	1.0
0	6	35	5.194	0.601	16.903	0.908	1.0	1.0
0	6	32	4.935	0.629	18.065	1.237	1.0	1.0
0	6	29	4.387	0.761	19.355	1.603	1.0	1.0
0	6	26	3.645	0.798	21.613	2.155	1.0	1.0
0	6	23	3.0	0.632	26.903	6.347	1.0	1.0
0	6	20	1.133	1.358	33.812	13.934	0.484	0.516
1	6	62	5.677	0.599	13.871	0.718	1.0	1.0
1	6	59	5.032	0.315	14.935	0.929	1.0	1.0
1	6	56	5.0	0.258	15.0	0.775	1.0	1.0
1	6	53	4.935	0.25	15.774	0.762	1.0	1.0
1	6	50	4.677	0.475	16.355	0.839	1.0	1.0
1	6	47	4.452	0.568	17.323	0.945	1.0	1.0
1	6	44	3.968	0.752	18.194	1.046	1.0	1.0
1	6	41	3.161	0.374	19.839	1.551	1.0	1.0
1	6	38	2.968	0.315	21.452	1.895	1.0	1.0
1	6	35	2.839	0.454	24.419	2.93	1.0	1.0
1	6	32	2.613	0.715	28.367	4.319	0.968	0.968
1	6	29	0.767	1.165	34.333	10.094	0.355	0.387
1	6	26	0.0	0.0	nan	nan	0.0	0.0
1	6	23	0.0	0.0	nan	nan	0.0	0.0
1	6	20	0.0	0.0	nan	nan	0.0	0.0
2	6	62	5.323	0.475	13.387	0.844	1.0	1.0
2	6	59	5.065	0.512	13.806	0.792	1.0	1.0
2	6	56	4.871	0.428	14.323	1.013	1.0	1.0
2	6	53	4.839	0.374	14.903	0.831	1.0	1.0
2	6	50	4.581	0.502	15.161	1.068	1.0	1.0
2	6	47	4.226	0.497	16.0	1.0	1.0	1.0
2	6	44	3.968	0.407	16.839	1.214	1.0	1.0
2	6	41	3.613	0.667	17.871	1.118	1.0	1.0
2	6	38	2.935	0.68	18.645	1.305	1.0	1.0
2	6	35	2.452	0.506	20.419	1.566	1.0	1.0
2	6	32	2.226	0.56	22.323	1.973	1.0	1.0
2	6	29	1.871	0.499	24.903	3.691	1.0	1.0
2	6	26	1.036	0.962	29.105	5.858	0.516	0.613
2	6	23	0.0	0.0	nan	nan	0.0	0.0
2	6	20	0.0	0.0	nan	nan	0.0	0.0
3	6	62	3.097	0.301	15.161	0.898	1.0	1.0
3	6	59	3.0	0.0	15.806	0.873	1.0	1.0
3	6	56	2.968	0.18	16.516	0.724	1.0	1.0
3	6	53	2.935	0.25	16.871	0.922	1.0	1.0
3	6	50	2.387	0.615	18.258	1.182	1.0	1.0
3	6	47	1.935	0.68	19.387	1.874	1.0	1.0
3	6	44	1.774	0.56	20.548	1.786	1.0	1.0
3	6	41	1.2	0.407	23.871	3.471	0.968	1.0
3	6	38	0.724	0.528	27.864	4.178	0.645	0.71
3	6	35	0.129	0.341	28.25	2.872	0.129	0.129
3	6	32	0.0	0.0	nan	nan	0.0	0.0
3	6	29	0.0	0.0	nan	nan	0.0	0.0
3	6	26	0.0	0.0	nan	nan	0.0	0.0
3	6	23	0.0	0.0	nan	nan	0.0	0.0
3	6	20	0.0	0.0	nan	nan	0.0	0.0
4	6	62	6.0	0.365	14.71	0.824	1.0	1.0
4	6	59	5.839	0.374	15.065	0.512	1.0	1.0
4	6	56	5.839	0.374	15.548	0.723	1.0	1.0
4	6	53	5.387	0.495	16.032	0.795	1.0	1.0
4	6	50	5.097	0.396	16.742	0.815	1.0	1.0
4	6	47	4.968	0.407	17.516	0.677	1.0	1.0
4	6	44	4.387	0.558	18.742	0.773	1.0	1.0
4	6	41	3.903	0.396	20.226	1.431	1.0	1.0
4	6	38	3.484	0.57	21.839	2.709	1.0	1.0
4	6	35	3.29	0.461	25.032	3.507	1.0	1.0
4	6	32	3.065	0.512	29.387	5.637	1.0	1.0
4	6	29	1.935	1.063	35.962	6.372	0.839	0.839
4	6	26	0.065	0.359	43.0	0.0	0.032	0.032
4	6	23	0.0	0.0	nan	nan	0.0	0.0
4	6	20	0.0	0.0	nan	nan	0.0	0.0
5	6	62	3.677	0.475	14.387	0.882	1.0	1.0
5	6	59	3.419	0.502	15.065	0.772	1.0	1.0
5	6	56	3.065	0.25	15.613	0.803	1.0	1.0
5	6	53	3.0	0.258	16.484	1.338	1.0	1.0
5	6	50	3.032	0.18	16.71	0.902	1.0	1.0
5	6	47	2.742	0.445	17.516	0.962	1.0	1.0
5	6	44	2.161	0.583	19.032	1.278	1.0	1.0
5	6	41	1.581	0.62	20.633	1.691	0.968	0.968
5	6	38	1.129	0.428	23.567	2.75	0.968	0.968
5	6	35	0.517	0.509	27.529	4.797	0.484	0.548
5	6	32	0.065	0.25	24.5	3.536	0.065	0.065
5	6	29	0.0	0.0	nan	nan	0.0	0.0
5	6	26	0.0	0.0	nan	nan	0.0	0.0
5	6	23	0.0	0.0	nan	nan	0.0	0.0
5	6	20	0.0	0.0	nan	nan	0.0	0.0
6	6	62	5.032	0.18	14.419	0.848	1.0	1.0
6	6	59	5.0	0.0	15.032	0.706	1.0	1.0
6	6	56	4.903	0.301	15.419	0.765	1.0	1.0
6	6	53	4.613	0.495	15.774	1.117	1.0	1.0
6	6	50	4.613	0.495	16.613	0.955	1.0	1.0
6	6	47	3.871	0.499	17.71	1.371	1.0	1.0
6	6	44	3.387	0.667	18.645	1.404	1.0	1.0
6	6	41	3.097	0.301	20.29	1.918	1.0	1.0
6	6	38	2.935	0.25	22.516	3.14	1.0	1.0
6	6	35	2.806	0.477	26.097	5.918	1.0	1.0
6	6	32	2.613	0.615	28.097	4.621	1.0	1.0
6	6	29	0.897	1.081	38.312	7.068	0.452	0.516
6	6	26	0.067	0.365	41.5	12.021	0.032	0.065
6	6	23	0.0	0.0	nan	nan	0.0	0.0
6	6	20	0.0	0.0	nan	nan	0.0	0.0
7	6	62	6.032	0.18	13.839	0.454	1.0	1.0
7	6	59	5.871	0.428	14.097	0.746	1.0	1.0
7	6	56	5.613	0.495	14.774	0.617	1.0	1.0
7	6	53	5.548	0.568	15.581	1.385	1.0	1.0
7	6	50	5.161	0.374	16.129	0.67	1.0	1.0
7	6	47	5.0	0.365	16.968	1.016	1.0	1.0
7	6	44	4.71	0.461	17.548	1.121	1.0	1.0
7	6	41	4.161	0.688	19.194	1.6	1.0	1.0
7	6	38	3.548	0.568	20.742	2.081	1.0	1.0
7	6	35	3.161	0.454	22.839	3.68	1.0	1.0
7	6	32	3.097	0.301	26.645	3.392	1.0	1.0
7	6	29	2.267	1.015	32.464	8.14	0.871	0.903
7	6	26	0.367	0.765	44.0	11.364	0.226	0.258
7	6	23	0.0	0.0	nan	nan	0.0	0.0
7	6	20	0.0	0.0	nan	nan	0.0	0.0
8	6	62	4.0	0.0	15.129	0.763	1.0	1.0
8	6	59	3.968	0.18	15.581	0.72	1.0	1.0
8	6	56	3.839	0.374	16.0	0.775	1.0	1.0
8	6	53	3.613	0.558	16.871	1.088	1.0	1.0
8	6	50	2.935	0.629	18.0	1.183	1.0	1.0
8	6	47	2.645	0.755	18.677	1.275	1.0	1.0
8	6	44	2.032	0.18	20.161	0.898	1.0	1.0
8	6	41	1.935	0.359	22.032	2.47	1.0	1.0
8	6	38	1.839	0.374	24.581	2.907	1.0	1.0
8	6	35	1.069	0.799	28.391	4.031	0.677	0.742
8	6	32	0.444	0.698	32.385	5.424	0.29	0.419
8	6	29	0.032	0.18	23.0	0.0	0.032	0.032
8	6	26	0.0	0.0	nan	nan	0.0	0.0
8	6	23	0.0	0.0	nan	nan	0.0	0.0
8	6	20	0.0	0.0	nan	nan	0.0	0.0
9	6	62	4.903	0.301	14.613	0.558	1.0	1.0
9	6	59	4.452	0.506	15.194	0.792	1.0	1.0
9	6	56	4.161	0.374	15.774	0.92	1.0	1.0
9	6	53	4.0	0.258	16.581	1.177	1.0	1.0
9	6	50	3.806	0.402	17.323	1.077	1.0	1.0
9	6	47	3.548	0.506	18.129	1.056	1.0	1.0
9	6	44	3.226	0.497	19.548	1.567	1.0	1.0
9	6	41	2.613	0.495	22.194	2.04	1.0	1.0
9	6	38	2.387	0.495	23.226	1.944	1.0	1.0
9	6	35	1.806	0.601	28.0	4.683	0.935	0.935
9	6	32	0.71	0.973	31.25	4.634	0.387	0.387
9	6	29	0.0	0.0	nan	nan	0.0	0.0
9	6	26	0.0	0.0	nan	nan	0.0	0.0
9	6	23	0.0	0.0	nan	nan	0.0	0.0
9	6	20	0.0	0.0	nan	nan	0.0	0.0
10	6	62	5.71	0.461	13.387	0.844	1.0	1.0
10	6	59	5.323	0.475	13.839	0.523	1.0	1.0
10	6	56	5.129	0.341	14.419	0.923	1.0	1.0
10	6	53	5.161	0.374	14.581	0.765	1.0	1.0
10	6	50	5.032	0.18	15.29	0.783	1.0	1.0
10	6	47	4.871	0.341	16.29	0.973	1.0	1.0
10	6	44	4.645	0.486	16.903	0.978	1.0	1.0
10	6	41	3.935	0.68	18.032	1.494	1.0	1.0
10	6	38	3.419	0.62	19.613	1.606	1.0	1.0
10	6	35	3.097	0.301	20.581	1.608	1.0	1.0
10	6	32	3.032	0.315	22.774	1.978	1.0	1.0
10	6	29	2.742	0.514	26.323	4.527	1.0	1.0
10	6	26	2.258	0.855	35.207	6.842	0.935	0.935
10	6	23	0.567	0.935	43.364	12.102	0.323	0.355
10	6	20	0.0	0.0	nan	nan	0.0	0.0
11	6	62	4.194	0.402	15.29	0.588	1.0	1.0
11	6	59	4.129	0.341	15.871	0.922	1.0	1.0
11	6	56	3.903	0.301	16.839	1.036	1.0	1.0
11	6	53	3.871	0.341	17.645	1.199	1.0	1.0
11	6	50	3.129	0.619	18.581	1.311	1.0	1.0
11	6	47	3.065	0.442	20.065	1.999	1.0	1.0
11	6	44	2.387	0.495	22.194	2.04	1.0	1.0
11	6	41	2.065	0.25	25.097	2.521	1.0	1.0
11	6	38	1.567	0.858	29.963	5.854	0.839	0.871
11	6	35	0.533	0.776	34.667	6.471	0.355	0.387
11	6	32	0.0	0.0	nan	nan	0.0	0.0
11	6	29	0.0	0.0	nan	nan	0.0	0.0
11	6	26	0.0	0.0	nan	nan	0.0	0.0
11	6	23	0.0	0.0	nan	nan	0.0	0.0
11	6	20	0.0	0.0	nan	nan	0.0	0.0
12	6	62	4.161	0.374	13.839	0.523	1.0	1.0
12	6	59	4.161	0.374	14.419	0.765	1.0	1.0
12	6	56	4.129	0.341	15.065	0.814	1.0	1.0
12	6	53	4.0	0.0	15.484	0.851	1.0	1.0
12	6	50	3.968	0.18	15.968	0.706	1.0	1.0
12	6	47	3.903	0.301	16.968	0.752	1.0	1.0
12	6	44	3.419	0.564	17.516	1.122	1.0	1.0
12	6	41	2.484	0.57	19.29	1.101	1.0	1.0
12	6	38	2.161	0.374	21.161	1.614	1.0	1.0
12	6	35	2.194	0.402	24.419	3.031	1.0	1.0
12	6	32	1.903	0.597	27.034	3.224	0.935	0.935
12	6	29	0.935	0.814	33.1	6.593	0.645	0.645
12	6	26	0.032	0.18	42.0	0.0	0.032	0.032
12	6	23	0.0	0.0	nan	nan	0.0	0.0
12	6	20	0.0	0.0	nan	nan	0.0	0.0
13	6	62	4.935	0.25	14.613	0.715	1.0	1.0
13	6	59	4.742	0.445	15.258	0.575	1.0	1.0
13	6	56	4.419	0.502	15.774	0.99	1.0	1.0
13	6	53	4.097	0.301	16.484	0.811	1.0	1.0
13	6	50	3.903	0.301	17.194	1.078	1.0	1.0
13	6	47	3.387	0.667	18.226	1.359	1.0	1.0
13	6	44	2.935	0.574	19.161	1.393	1.0	1.0
13	6	41	2.419	0.502	20.194	1.701	1.0	1.0
13	6	38	2.29	0.461	22.839	2.66	1.0	1.0
13	6	35	2.0	0.258	25.839	2.934	1.0	1.0
13	6	32	1.259	0.944	31.125	5.605	0.645	0.774
13	6	29	0.29	0.693	32.0	4.733	0.194	0.194
13	6	26	0.0	0.0	nan	nan	0.0	0.0
13	6	23	0.0	0.0	nan	nan	0.0	0.0
13	6	20	0.0	0.0	nan	nan	0.0	0.0
14	6	62	6.581	0.502	12.968	0.547	1.0	1.0
14	6	59	6.258	0.445	13.581	0.72	1.0	1.0
14	6	56	6.097	0.301	13.903	0.597	1.0	1.0
14	6	53	5.968	0.18	14.323	0.871	1.0	1.0
14	6	50	5.871	0.341	15.032	0.836	1.0	1.0
14	6	47	5.645	0.551	15.742	1.182	1.0	1.0
14	6	44	5.581	0.502	16.129	0.885	1.0	1.0
14	6	41	5.032	0.605	17.226	1.407	1.0	1.0
14	6	38	4.968	0.657	17.774	1.309	1.0	1.0
14	6	35	4.194	0.402	19.355	1.644	1.0	1.0
14	6	32	4.129	0.499	20.968	2.152	1.0	1.0
14	6	29	3.806	0.402	22.903	2.315	1.0	1.0
14	6	26	3.677	0.541	26.161	3.541	1.0	1.0
14	6	23	2.742	1.094	34.464	5.667	0.903	0.903
14	6	20	0.742	1.125	45.636	11.758	0.355	0.355
15	6	62	2.0	0.73	18.742	1.064	1.0	1.0
15	6	59	1.323	0.541	19.484	1.061	1.0	1.0
15	6	56	1.065	0.25	21.032	1.816	1.0	1.0
15	6	53	1.0	0.263	22.733	2.625	0.935	0.968
15	6	50	0.767	0.43	25.333	2.531	0.742	0.774
15	6	47	0.032	0.18	25.0	0.0	0.032	0.032
15	6	44	0.032	0.18	26.0	0.0	0.032	0.032
15	6	41	0.0	0.0	nan	nan	0.0	0.0
15	6	38	0.0	0.0	nan	nan	0.0	0.0
15	6	35	0.0	0.0	nan	nan	0.0	0.0
15	6	32	0.0	0.0	nan	nan	0.0	0.0
15	6	29	0.0	0.0	nan	nan	0.0	0.0
15	6	26	0.0	0.0	nan	nan	0.0	0.0
15	6	23	0.0	0.0	nan	nan	0.0	0.0
15	6	20	0.0	0.0	nan	nan	0.0	0.0
16	6	62	1.065	0.359	12.161	0.523	1.0	1.0
16	6	59	1.387	1.358	12.323	1.013	1.0	1.0
16	6	56	1.032	0.18	12.581	0.72	1.0	1.0
16	6	53	1.29	0.973	13.355	0.877	1.0	1.0
16	6	50	1.258	1.264	13.355	0.95	1.0	1.0
16	6	47	1.0	0.0	13.839	1.128	1.0	1.0
16	6	44	1.097	0.539	14.548	1.179	1.0	1.0
16	6	41	1.0	0.0	15.258	1.064	1.0	1.0
16	6	38	1.032	0.18	15.742	1.182	1.0	1.0
16	6	35	1.0	0.0	17.0	1.789	1.0	1.0
16	6	32	1.355	1.644	18.129	2.202	1.0	1.0
16	6	29	1.065	0.25	20.129	2.952	1.0	1.0
16	6	26	1.032	0.18	21.806	2.496	1.0	1.0
16	6	23	1.226	0.805	26.839	5.361	1.0	1.0
16	6	20	1.194	0.654	30.613	8.237	1.0	1.0
17	6	62	2.839	0.374	17.226	0.956	1.0	1.0
17	6	59	2.452	0.624	18.226	1.283	1.0	1.0
17	6	56	1.935	0.727	19.968	1.703	1.0	1.0
17	6	53	1.452	0.506	20.871	1.607	1.0	1.0
17	6	50	1.032	0.407	22.724	1.486	0.935	0.935
17	6	47	0.667	0.479	26.238	3.859	0.645	0.677
17	6	44	0.032	0.18	24.0	0.0	0.032	0.032
17	6	41	0.0	0.0	nan	nan	0.0	0.0
17	6	38	0.0	0.0	nan	nan	0.0	0.0
17	6	35	0.0	0.0	nan	nan	0.0	0.0
17	6	32	0.0	0.0	nan	nan	0.0	0.0
17	6	29	0.0	0.0	nan	nan	0.0	0.0
17	6	26	0.0	0.0	nan	nan	0.0	0.0
17	6	23	0.0	0.0	nan	nan	0.0	0.0
17	6	20	0.0	0.0	nan	nan	0.0	0.0
18	6	62	4.323	0.475	14.806	0.833	1.0	1.0
18	6	59	4.161	0.374	15.419	0.564	1.0	1.0
18	6	56	3.968	0.18	15.903	1.012	1.0	1.0
18	6	53	3.871	0.341	16.613	0.989	1.0	1.0
18	6	50	3.613	0.615	17.452	0.925	1.0	1.0
18	6	47	3.419	0.672	18.0	1.065	1.0	1.0
18	6	44	2.419	0.502	19.548	1.929	1.0	1.0
18	6	41	2.097	0.539	22.033	2.684	0.968	0.968
18	6	38	1.968	0.407	23.613	2.836	1.0	1.0
18	6	35	1.6	0.621	26.931	4.044	0.903	0.935
18	6	32	0.414	0.733	33.2	5.846	0.258	0.323
18	6	29	0.033	0.183	30.0	7.071	0.032	0.065
18	6	26	0.0	0.0	nan	nan	0.0	0.0
18	6	23	0.0	0.0	nan	nan	0.0	0.0
18	6	20	0.0	0.0	nan	nan	0.0	0.0
19	6	62	5.032	0.315	13.419	0.672	1.0	1.0
19	6	59	4.968	0.18	14.065	0.68	1.0	1.0
19	6	56	4.935	0.25	14.613	0.667	1.0	1.0
19	6	53	4.645	0.551	15.129	1.147	1.0	1.0
19	6	50	4.581	0.502	15.387	0.882	1.0	1.0
19	6	47	4.226	0.425	16.29	0.902	1.0	1.0
19	6	44	3.742	0.445	17.742	1.413	1.0	1.0
19	6	41	3.548	0.506	18.258	1.316	1.0	1.0
19	6	38	3.258	0.514	19.871	2.262	1.0	1.0
19	6	35	2.935	0.25	22.065	1.672	1.0	1.0
19	6	32	2.806	0.477	25.516	3.915	1.0	1.0
19	6	29	1.871	1.176	31.417	6.086	0.774	0.774
19	6	26	0.067	0.254	34.667	3.055	0.065	0.097
19	6	23	0.0	0.0	nan	nan	0.0	0.0
19	6	20	0.0	0.0	nan	nan	0.0	0.0
20	6	62	4.871	0.341	15.258	0.729	1.0	1.0
20	6	59	4.871	0.341	15.968	0.657	1.0	1.0
20	6	56	4.548	0.568	16.581	1.089	1.0	1.0
20	6	53	3.903	0.7	17.548	1.06	1.0	1.0
20	6	50	3.484	0.57	18.677	1.077	1.0	1.0
20	6	47	3.161	0.583	19.774	1.875	1.0	1.0
20	6	44	2.968	0.407	21.032	1.941	1.0	1.0
20	6	41	2.839	0.374	23.839	2.252	1.0	1.0
20	6	38	2.29	0.529	27.065	3.932	1.0	1.0
20	6	35	1.871	0.763	31.833	4.749	0.968	0.968
20	6	32	0.548	0.723	38.615	4.805	0.419	0.419
20	6	29	0.065	0.359	26.0	0.0	0.032	0.032
20	6	26	0.0	0.0	nan	nan	0.0	0.0
20	6	23	0.0	0.0	nan	nan	0.0	0.0
20	6	20	0.0	0.0	nan	nan	0.0	0.0
21	6	62	3.742	1.125	12.839	0.638	1.0	1.0
21	6	59	4.032	0.912	13.161	0.638	1.0	1.0
21	6	56	3.806	0.749	14.0	0.856	1.0	1.0
21	6	53	3.839	0.583	14.484	0.769	1.0	1.0
21	6	50	3.903	0.301	14.71	0.938	1.0	1.0
21	6	47	3.548	0.723	15.484	0.677	1.0	1.0
21	6	44	3.258	0.631	16.258	1.064	1.0	1.0
21	6	41	2.871	0.718	17.903	1.423	1.0	1.0
21	6	38	2.581	0.564	18.097	1.3	1.0	1.0
21	6	35	2.032	0.407	20.548	2.111	1.0	1.0
21	6	32	1.774	0.56	22.839	2.758	1.0	1.0
21	6	29	1.4	0.621	25.172	4.192	0.903	0.935
21	6	26	0.323	0.599	28.5	5.976	0.258	0.258
21	6	23	0.032	0.18	nan	nan	0.032	0.0
21	6	20	0.0	0.0	nan	nan	0.0	0.0
22	6	62	3.935	0.25	14.903	0.79	1.0	1.0
22	6	59	3.677	0.475	15.484	0.89	1.0	1.0
22	6	56	3.419	0.502	16.097	0.978	1.0	1.0
22	6	53	3.226	0.497	16.613	1.23	1.0	1.0
22	6	50	2.871	0.341	17.742	1.237	1.0	1.0
22	6	47	2.355	0.486	19.258	1.825	1.0	1.0
22	6	44	2.0	0.365	20.516	2.127	1.0	1.0
22	6	41	1.903	0.396	22.065	1.879	1.0	1.0
22	6	38	1.323	0.702	24.074	2.368	0.871	0.871
22	6	35	0.7	0.794	28.625	4.113	0.484	0.516
22	6	32	0.065	0.359	29.0	0.0	0.032	0.032
22	6	29	0.0	0.0	nan	nan	0.0	0.0
22	6	26	0.0	0.0	nan	nan	0.0	0.0
22	6	23	0.0	0.0	nan	nan	0.0	0.0
22	6	20	0.0	0.0	nan	nan	0.0	0.0
23	6	62	5.032	0.315	13.387	0.667	1.0	1.0
23	6	59	4.935	0.442	13.903	0.831	1.0	1.0
23	6	56	4.677	0.475	14.29	0.693	1.0	1.0
23	6	53	4.226	0.805	14.806	1.046	1.0	1.0
23	6	50	4.226	0.425	15.516	0.677	1.0	1.0
23	6	47	3.871	0.562	15.968	0.948	1.0	1.0
23	6	44	3.839	0.523	16.839	1.267	1.0	1.0
23	6	41	3.258	0.773	17.935	1.153	1.0	1.0
23	6	38	2.516	0.677	19.806	2.197	1.0	1.0
23	6	35	2.129	0.341	21.258	2.792	1.0	1.0
23	6	32	1.9	0.481	24.967	4.013	0.935	0.968
23	6	29	0.867	0.86	28.0	5.77	0.548	0.581
23	6	26	0.194	0.601	26.333	2.517	0.097	0.097
23	6	23	0.032	0.18	nan	nan	0.032	0.0
23	6	20	0.0	0.0	nan	nan	0.0	0.0
24	6	62	5.677	0.945	12.839	0.638	1.0	1.0
24	6	59	5.581	0.502	13.226	0.669	1.0	1.0
24	6	56	5.194	0.91	13.71	0.693	1.0	1.0
24	6	53	5.0	0.632	14.097	0.79	1.0	1.0
24	6	50	4.774	1.023	14.774	0.805	1.0	1.0
24	6	47	4.548	1.234	15.613	0.803	1.0	1.0
24	6	44	4.806	0.749	16.226	1.175	1.0	1.0
24	6	41	4.452	0.85	16.935	1.063	1.0	1.0
24	6	38	4.129	0.885	17.903	1.076	1.0	1.0
24	6	35	3.419	0.923	19.29	1.596	1.0	1.0
24	6	32	3.194	0.402	22.839	3.121	1.0	1.0
24	6	29	2.968	0.836	25.933	5.687	0.968	0.968
24	6	26	1.31	1.228	31.368	6.693	0.548	0.613
24	6	23	0.233	0.774	41.75	23.128	0.097	0.129
24	6	20	0.0	0.0	nan	nan	0.0	0.0
25	6	62	5.29	0.938	12.548	0.768	1.0	1.0
25	6	59	5.29	0.461	13.161	0.583	1.0	1.0
25	6	56	5.0	0.0	13.774	0.92	1.0	1.0
25	6	53	4.774	1.023	13.968	0.706	1.0	1.0
25	6	50	4.774	0.762	15.129	0.718	1.0	1.0
25	6	47	4.645	0.798	15.677	0.832	1.0	1.0
25	6	44	4.613	0.667	16.323	1.275	1.0	1.0
25	6	41	3.968	0.912	17.323	1.351	1.0	1.0
25	6	38	3.71	0.973	18.323	1.166	1.0	1.0
25	6	35	3.161	0.374	20.419	2.094	1.0	1.0
25	6	32	3.065	0.629	21.516	3.032	1.0	1.0
25	6	29	2.806	0.792	25.867	3.55	0.968	0.968
25	6	26	1.367	1.159	35.65	8.19	0.645	0.645
25	6	23	0.0	0.0	nan	nan	0.0	0.0
25	6	20	0.032	0.18	nan	nan	0.032	0.0
26	6	62	3.935	0.25	15.065	0.772	1.0	1.0
26	6	59	3.871	0.341	15.645	0.985	1.0	1.0
26	6	56	3.613	0.495	16.032	0.875	1.0	1.0
26	6	53	3.29	0.693	16.806	1.167	1.0	1.0
26	6	50	2.71	0.643	18.129	1.231	1.0	1.0
26	6	47	2.258	0.514	19.484	1.998	1.0	1.0
26	6	44	1.968	0.547	20.516	2.111	1.0	1.0
26	6	41	1.742	0.514	22.71	2.283	1.0	1.0
26	6	38	1.633	0.556	24.833	3.64	0.935	0.968
26	6	35	0.963	0.854	29.143	5.351	0.548	0.677
26	6	32	0.0	0.0	nan	nan	0.0	0.0
26	6	29	0.0	0.0	nan	nan	0.0	0.0
26	6	26	0.0	0.0	nan	nan	0.0	0.0
26	6	23	0.0	0.0	nan	nan	0.0	0.0
26	6	20	0.0	0.0	nan	nan	0.0	0.0
27	6	62	4.0	0.0	16.194	0.601	1.0	1.0
27	6	59	3.903	0.301	16.839	0.898	1.0	1.0
27	6	56	3.677	0.475	17.774	1.146	1.0	1.0
27	6	53	3.097	0.539	19.0	0.894	1.0	1.0
27	6	50	2.742	0.514	19.774	1.407	1.0	1.0
27	6	47	2.29	0.461	21.774	2.093	1.0	1.0
27	6	44	2.097	0.301	24.323	2.914	1.0	1.0
27	6	41	1.967	0.49	26.733	3.956	0.935	0.968
27	6	38	0.742	0.965	29.75	5.479	0.387	0.387
27	6	35	0.0	0.0	nan	nan	0.0	0.0
27	6	32	0.0	0.0	nan	nan	0.0	0.0
27	6	29	0.0	0.0	nan	nan	0.0	0.0
27	6	26	0.0	0.0	nan	nan	0.0	0.0
27	6	23	0.0	0.0	nan	nan	0.0	0.0
27	6	20	0.0	0.0	nan	nan	0.0	0.0
28	6	62	4.161	0.374	14.806	0.91	1.0	1.0
28	6	59	4.097	0.301	15.032	0.657	1.0	1.0
28	6	56	4.0	0.0	15.677	0.599	1.0	1.0
28	6	53	3.968	0.18	16.258	1.094	1.0	1.0
28	6	50	3.645	0.608	17.097	1.399	1.0	1.0
28	6	47	3.548	0.568	17.871	0.991	1.0	1.0
28	6	44	2.774	0.805	18.968	1.303	1.0	1.0
28	6	41	2.548	0.568	20.29	2.02	1.0	1.0
28	6	38	2.258	0.631	22.3	2.423	0.968	0.968
28	6	35	2.032	0.407	26.484	4.675	1.0	1.0
28	6	32	1.533	0.86	29.962	5.318	0.806	0.839
28	6	29	0.367	0.718	35.125	7.376	0.226	0.258
28	6	26	0.0	0.0	nan	nan	0.0	0.0
28	6	23	0.0	0.0	nan	nan	0.0	0.0
28	6	20	0.0	0.0	nan	nan	0.0	0.0
29	6	62	1.032	0.18	11.29	0.693	1.0	1.0
29	6	59	1.323	1.077	11.516	0.677	1.0	1.0
29	6	56	1.0	0.0	11.871	0.885	1.0	1.0
29	6	53	1.032	0.18	12.419	0.72	1.0	1.0
29	6	50	1.194	0.792	12.871	0.885	1.0	1.0
29	6	47	1.032	0.18	13.194	0.833	1.0	1.0
29	6	44	1.065	0.25	13.742	1.064	1.0	1.0
29	6	41	1.516	1.842	14.355	1.05	1.0	1.0
29	6	38	1.129	0.562	14.871	1.024	1.0	1.0
29	6	35	1.452	1.823	15.806	1.4	1.0	1.0
29	6	32	1.226	0.884	17.194	1.682	1.0	1.0
29	6	29	1.226	0.669	18.645	2.274	1.0	1.0
29	6	26	1.161	0.638	20.419	3.548	1.0	1.0
29	6	23	1.258	0.855	23.903	4.118	1.0	1.0
29	6	20	1.161	0.454	28.7	5.92	1.0	0.968
30	6	62	4.935	0.25	13.032	0.605	1.0	1.0
30	6	59	4.839	0.374	13.258	0.815	1.0	1.0
30	6	56	4.645	0.486	13.935	0.964	1.0	1.0
30	6	53	4.29	0.461	14.161	1.319	1.0	1.0
30	6	50	4.129	0.341	14.871	0.922	1.0	1.0
30	6	47	4.065	0.359	15.806	1.493	1.0	1.0
30	6	44	3.903	0.396	16.581	1.259	1.0	1.0
30	6	41	3.839	0.374	17.065	1.315	1.0	1.0
30	6	38	3.419	0.502	18.742	1.807	1.0	1.0
30	6	35	3.097	0.396	20.516	1.913	1.0	1.0
30	6	32	2.742	0.514	22.871	3.128	1.0	1.0
30	6	29	2.633	0.49	25.581	3.956	0.968	1.0
30	6	26	1.452	1.179	30.524	6.369	0.677	0.677
30	6	23	0.194	0.654	30.667	8.145	0.097	0.097
30	6	20	0.0	0.0	nan	nan	0.0	0.0
31	6	62	4.742	0.445	15.387	0.615	1.0	1.0
31	6	59	4.452	0.506	15.935	0.574	1.0	1.0
31	6	56	4.387	0.558	16.548	0.568	1.0	1.0
31	6	53	4.097	0.473	17.097	0.79	1.0	1.0
31	6	50	3.677	0.475	17.742	0.773	1.0	1.0
31	6	47	3.161	0.374	19.419	1.361	1.0	1.0
31	6	44	3.0	0.0	20.968	1.472	1.0	1.0
31	6	41	2.71	0.461	23.0	3.022	1.0	1.0
31	6	38	2.452	0.675	26.71	4.36	1.0	1.0
31	6	35	1.533	1.106	33.333	5.522	0.742	0.774
31	6	32	0.0	0.0	nan	nan	0.0	0.0
31	6	29	0.0	0.0	nan	nan	0.0	0.0
31	6	26	0.0	0.0	nan	nan	0.0	0.0
31	6	23	0.0	0.0	nan	nan	0.0	0.0
31	6	20	0.0	0.0	nan	nan	0.0	0.0
0	7	62	2.645	0.486	18.194	1.046	1.0	1.0
0	7	59	2.29	0.461	18.968	1.11	1.0	1.0
0	7	56	2.065	0.25	20.129	1.176	1.0	1.0
0	7	53	1.806	0.402	21.548	1.69	1.0	1.0
0	7	50	1.516	0.508	23.516	2.631	1.0	1.0
0	7	47	0.968	0.315	25.621	2.243	0.935	0.935
0	7	44	0.414	0.568	29.692	4.151	0.355	0.419
0	7	41	0.065	0.25	30.5	3.536	0.065	0.065
0	7	38	0.0	0.0	nan	nan	0.0	0.0
0	7	35	0.0	0.0	nan	nan	0.0	0.0
0	7	32	0.0	0.0	nan	nan	0.0	0.0
0	7	29	0.0	0.0	nan	nan	0.0	0.0
0	7	26	0.0	0.0	nan	nan	0.0	0.0
0	7	23	0.0	0.0	nan	nan	0.0	0.0
0	7	20	0.0	0.0	nan	nan	0.0	0.0
1	7	62	5.484	0.508	14.581	0.807	1.0	1.0
1	7	59	5.129	0.341	14.774	1.023	1.0	1.0
1	7	56	5.032	0.18	15.645	1.05	1.0	1.0
1	7	53	4.903	0.301	16.452	1.434	1.0	1.0
1	7	50	4.839	0.374	17.0	0.931	1.0	1.0
1	7	47	4.323	0.653	17.71	1.321	1.0	1.0
1	7	44	3.742	0.631	18.452	1.338	1.0	1.0
1	7	41	3.323	0.475	20.452	1.434	1.0	1.0
1	7	38	3.032	0.407	22.645	2.927	1.0	1.0
1	7	35	2.806	0.601	25.032	3.728	1.0	1.0
1	7	32	2.806	0.402	27.516	4.154	1.0	1.0
1	7	29	2.226	0.845	34.267	7.428	0.968	0.968
1	7	26	0.414	0.78	39.778	8.599	0.226	0.29
1	7	23	0.0	0.0	nan	nan	0.0	0.0
1	7	20	0.0	0.0	nan	nan	0.0	0.0
2	7	62	2.968	0.18	16.774	0.717	1.0	1.0
2	7	59	2.71	0.461	17.387	0.715	1.0	1.0
2	7	56	2.161	0.638	18.129	0.619	1.0	1.0
2	7	53	1.323	0.475	19.871	1.544	1.0	1.0
2	7	50	1.032	0.18	21.032	1.278	1.0	1.0
2	7	47	0.9	0.481	23.462	2.611	0.806	0.839
2	7	44	0.387	0.495	24.5	1.243	0.387	0.387
2	7	41	0.0	0.0	nan	nan	0.0	0.0
2	7	38	0.0	0.0	nan	nan	0.0	0.0
2	7	35	0.0	0.0	nan	nan	0.0	0.0
2	7	32	0.0	0.0	nan	nan	0.0	0.0
2	7	29	0.0	0.0	nan	nan	0.0	0.0
2	7	26	0.0	0.0	nan	nan	0.0	0.0
2	7	23	0.0	0.0	nan	nan	0.0	0.0
2	7	20	0.0	0.0	nan	nan	0.0	0.0
3	7	62	3.0	0.0	16.452	0.624	1.0	1.0
3	7	59	2.839	0.374	17.129	1.088	1.0	1.0
3	7	56	2.581	0.502	18.161	1.036	1.0	1.0
3	7	53	2.29	0.461	18.742	1.064	1.0	1.0
3	7	50	2.065	0.359	20.548	1.48	1.0	1.0
3	7	47	1.806	0.402	22.71	2.132	1.0	1.0
3	7	44	1.367	0.615	26.241	3.572	0.903	0.935
3	7	41	0.379	0.728	29.556	5.077	0.226	0.29
3	7	38	0.0	0.0	nan	nan	0.0	0.0
3	7	35	0.0	0.0	nan	nan	0.0	0.0
3	7	32	0.0	0.0	nan	nan	0.0	0.0
3	7	29	0.0	0.0	nan	nan	0.0	0.0
3	7	26	0.0	0.0	nan	nan	0.0	0.0
3	7	23	0.0	0.0	nan	nan	0.0	0.0
3	7	20	0.0	0.0	nan	nan	0.0	0.0
4	7	62	4.032	0.315	15.29	0.643	1.0	1.0
4	7	59	3.968	0.18	15.71	0.783	1.0	1.0
4	7	56	3.839	0.374	16.129	1.056	1.0	1.0
4	7	53	3.194	0.543	17.129	0.806	1.0	1.0
4	7	50	2.742	0.631	18.258	0.855	1.0	1.0
4	7	47	2.226	0.497	19.548	1.312	1.0	1.0
4	7	44	2.065	0.25	20.387	1.43	1.0	1.0
4	7	41	2.0	0.0	22.548	2.188	1.0	1.0
4	7	38	1.733	0.45	26.194	5.588	0.968	1.0
4	7	35	1.138	0.833	27.957	4.467	0.677	0.742
4	7	32	0.036	0.189	35.0	4.082	0.032	0.129
4	7	29	0.0	0.0	nan	nan	0.0	0.0
4	7	26	0.0	0.0	nan	nan	0.0	0.0
4	7	23	0.0	0.0	nan	nan	0.0	0.0
4	7	20	0.0	0.0	nan	nan	0.0	0.0
5	7	62	3.839	0.374	16.129	0.806	1.0	1.0
5	7	59	3.452	0.568	16.968	0.983	1.0	1.0
5	7	56	2.968	0.657	17.839	1.157	1.0	1.0
5	7	53	2.387	0.495	18.548	1.234	1.0	1.0
5	7	50	2.065	0.359	19.871	1.36	1.0	1.0
5	7	47	1.903	0.301	21.839	1.675	1.0	1.0
5	7	44	1.452	0.506	24.387	2.94	1.0	1.0
5	7	41	1.207	0.726	25.615	3.086	0.774	0.839
5	7	38	0.207	0.491	30.429	6.554	0.161	0.226
5	7	35	0.0	0.0	nan	nan	0.0	0.0
5	7	32	0.0	0.0	nan	nan	0.0	0.0
5	7	29	0.0	0.0	nan	nan	0.0	0.0
5	7	26	0.0	0.0	nan	nan	0.0	0.0
5	7	23	0.0	0.0	nan	nan	0.0	0.0
5	7	20	0.0	0.0	nan	nan	0.0	0.0
6	7	62	5.71	0.461	13.032	0.836	1.0	1.0
6	7	59	5.355	0.486	13.548	0.506	1.0	1.0
6	7	56	5.097	0.396	14.419	1.057	1.0	1.0
6	7	53	5.0	0.0	14.516	0.89	1.0	1.0
6	7	50	4.903	0.301	14.903	0.597	1.0	1.0
6	7	47	4.968	0.18	15.452	1.179	1.0	1.0
6	7	44	4.742	0.445	16.323	0.871	1.0	1.0
6	7	41	4.387	0.667	17.226	1.117	1.0	1.0
6	7	38	3.806	0.703	18.548	1.207	1.0	1.0
6	7	35	3.355	0.486	19.774	1.606	1.0	1.0
6	7	32	3.097	0.301	22.29	2.163	1.0	1.0
6	7	29	3.032	0.18	25.774	3.827	1.0	1.0
6	7	26	1.968	1.329	29.364	5.542	0.71	0.71
6	7	23	0.516	1.029	34.286	9.482	0.226	0.226
6	7	20	0.0	0.0	nan	nan	0.0	0.0
7	7	62	4.0	0.0	16.129	0.562	1.0	1.0
7	7	59	3.935	0.25	16.645	0.661	1.0	1.0
7	7	56	3.613	0.667	17.71	0.783	1.0	1.0
7	7	53	3.065	0.727	18.258	0.893	1.0	1.0
7	7	50	2.548	0.624	19.581	2.11	1.0	1.0
7	7	47	2.097	0.301	21.29	1.774	1.0	1.0
7	7	44	2.0	0.0	22.968	2.456	1.0	1.0
7	7	41	1.935	0.25	26.29	2.532	1.0	1.0
7	7	38	1.63	0.688	29.429	5.117	0.774	0.903
7	7	35	0.31	0.712	34.0	3.873	0.161	0.226
7	7	32	0.0	0.0	nan	nan	0.0	0.0
7	7	29	0.0	0.0	nan	nan	0.0	0.0
7	7	26	0.0	0.0	nan	nan	0.0	0.0
7	7	23	0.0	0.0	nan	nan	0.0	0.0
7	7	20	0.0	0.0	nan	nan	0.0	0.0
8	7	62	4.774	0.425	13.355	0.608	1.0	1.0
8	7	59	4.581	0.502	13.645	0.551	1.0	1.0
8	7	56	4.29	0.461	14.0	1.155	1.0	1.0
8	7	53	4.097	0.301	14.677	1.107	1.0	1.0
8	7	50	4.065	0.359	15.645	0.661	1.0	1.0
8	7	47	3.935	0.25	16.484	0.962	1.0	1.0
8	7	44	3.645	0.551	17.258	1.125	1.0	1.0
8	7	41	2.871	0.763	18.774	2.729	1.0	1.0
8	7	38	2.548	0.624	20.613	2.14	1.0	1.0
8	7	35	2.129	0.499	23.226	3.538	1.0	1.0
8	7	32	1.968	0.407	27.774	5.965	1.0	1.0
8	7	29	1.167	0.874	33.773	5.839	0.677	0.71
8	7	26	0.032	0.18	41.0	0.0	0.032	0.032
8	7	23	0.0	0.0	nan	nan	0.0	0.0
8	7	20	0.0	0.0	nan	nan	0.0	0.0
9	7	62	4.484	0.508	14.161	0.583	1.0	1.0
9	7	59	4.29	0.461	14.548	0.768	1.0	1.0
9	7	56	4.032	0.18	15.194	0.703	1.0	1.0
9	7	53	3.935	0.25	15.839	1.128	1.0	1.0
9	7	50	3.839	0.523	16.613	0.989	1.0	1.0
9	7	47	3.452	0.723	17.742	1.032	1.0	1.0
9	7	44	2.968	0.752	18.258	1.316	1.0	1.0
9	7	41	2.258	0.445	21.032	1.663	1.0	1.0
9	7	38	2.032	0.315	23.323	3.609	1.0	1.0
9	7	35	1.862	0.441	26.533	5.231	0.903	0.968
9	7	32	0.862	0.789	31.7	5.957	0.581	0.645
9	7	29	0.065	0.359	32.0	0.0	0.032	0.032
9	7	26	0.0	0.0	nan	nan	0.0	0.0
9	7	23	0.0	0.0	nan	nan	0.0	0.0
9	7	20	0.0	0.0	nan	nan	0.0	0.0
10	7	62	2.968	0.18	16.516	0.851	1.0	1.0
10	7	59	2.871	0.341	17.387	0.844	1.0	1.0
10	7	56	2.29	0.461	18.645	0.985	1.0	1.0
10	7	53	1.968	0.605	19.355	1.33	1.0	1.0
10	7	50	1.484	0.57	21.355	1.473	1.0	1.0
10	7	47	1.258	0.514	23.065	1.711	1.0	1.0
10	7	44	0.9	0.548	26.0	3.775	0.774	0.806
10	7	41	0.161	0.374	28.6	3.578	0.161	0.161
10	7	38	0.0	0.0	nan	nan	0.0	0.0
10	7	35	0.0	0.0	nan	nan	0.0	0.0
10	7	32	0.0	0.0	nan	nan	0.0	0.0
10	7	29	0.0	0.0	nan	nan	0.0	0.0
10	7	26	0.0	0.0	nan	nan	0.0	0.0
10	7	23	0.0	0.0	nan	nan	0.0	0.0
10	7	20	0.0	0.0	nan	nan	0.0	0.0
11	7	62	4.323	0.475	12.452	0.624	1.0	1.0
11	7	59	4.194	0.402	12.871	0.619	1.0	1.0
11	7	56	4.097	0.301	13.516	0.626	1.0	1.0
11	7	53	4.032	0.18	13.71	0.739	1.0	1.0
11	7	50	4.0	0.0	14.226	0.845	1.0	1.0
11	7	47	4.0	0.0	14.871	0.922	1.0	1.0
11	7	44	3.968	0.18	15.742	0.893	1.0	1.0
11	7	41	3.742	0.575	16.548	0.961	1.0	1.0
11	7	38	3.258	0.631	17.677	1.681	1.0	1.0
11	7	35	2.903	0.651	18.548	1.767	1.0	1.0
11	7	32	2.516	0.508	20.806	2.151	1.0	1.0
11	7	29	2.065	0.512	24.3	2.938	0.968	0.968
11	7	26	1.767	0.728	28.25	4.858	0.871	0.903
11	7	23	0.258	0.631	33.6	7.503	0.161	0.161
11	7	20	0.0	0.0	nan	nan	0.0	0.0
12	7	62	4.097	0.301	16.613	0.667	1.0	1.0
12	7	59	3.742	0.445	17.581	1.311	1.0	1.0
12	7	56	3.387	0.495	18.742	0.965	1.0	1.0
12	7	53	2.968	0.18	19.742	0.815	1.0	1.0
12	7	50	2.774	0.425	20.806	1.447	1.0	1.0
12	7	47	2.484	0.508	22.516	1.998	1.0	1.0
12	7	44	2.065	0.442	26.645	4.461	1.0	1.0
12	7	41	1.677	0.653	31.6	5.289	0.968	0.968
12	7	38	0.667	0.844	33.857	6.538	0.419	0.452
12	7	35	0.0	0.0	nan	nan	0.0	0.0
12	7	32	0.0	0.0	nan	nan	0.0	0.0
12	7	29	0.0	0.0	nan	nan	0.0	0.0
12	7	26	0.0	0.0	nan	nan	0.0	0.0
12	7	23	0.0	0.0	nan	nan	0.0	0.0
12	7	20	0.0	0.0	nan	nan	0.0	0.0
13	7	62	3.258	0.514	16.516	0.962	1.0	1.0
13	7	59	3.0	0.447	17.097	1.106	1.0	1.0
13	7	56	2.581	0.502	18.0	1.317	1.0	1.0
13	7	53	2.226	0.56	19.032	1.663	1.0	1.0
13	7	50	1.774	0.425	20.871	1.803	1.0	1.0
13	7	47	1.581	0.564	22.1	1.668	0.968	0.968
13	7	44	1.161	0.638	24.778	2.665	0.871	0.871
13	7	41	0.483	0.509	26.938	3.511	0.452	0.516
13	7	38	0.0	0.0	nan	nan	0.0	0.0
13	7	35	0.0	0.0	nan	nan	0.0	0.0
13	7	32	0.0	0.0	nan	nan	0.0	0.0
13	7	29	0.0	0.0	nan	nan	0.0	0.0
13	7	26	0.0	0.0	nan	nan	0.0	0.0
13	7	23	0.0	0.0	nan	nan	0.0	0.0
13	7	20	0.0	0.0	nan	nan	0.0	0.0
14	7	62	4.419	0.502	14.516	0.626	1.0	1.0
14	7	59	4.129	0.341	15.452	0.768	1.0	1.0
14	7	56	3.968	0.315	16.0	0.931	1.0	1.0
14	7	53	4.0	0.0	16.71	0.783	1.0	1.0
14	7	50	3.839	0.374	17.161	0.82	1.0	1.0
14	7	47	3.516	0.626	18.194	0.98	1.0	1.0
14	7	44	3.0	0.577	19.194	1.376	1.0	1.0
14	7	41	2.548	0.506	20.968	2.287	1.0	1.0
14	7	38	2.258	0.445	23.774	3.008	1.0	1.0
14	7	35	1.935	0.68	26.862	4.249	0.935	0.935
14	7	32	1.0	1.033	29.375	3.631	0.516	0.516
14	7	29	0.0	0.0	nan	nan	0.0	0.0
14	7	26	0.0	0.0	nan	nan	0.0	0.0
14	7	23	0.0	0.0	nan	nan	0.0	0.0
14	7	20	0.0	0.0	nan	nan	0.0	0.0
15	7	62	4.935	0.25	12.968	0.795	1.0	1.0
15	7	59	4.935	0.25	13.194	0.601	1.0	1.0
15	7	56	4.903	0.301	13.484	0.724	1.0	1.0
15	7	53	4.71	0.461	13.935	0.772	1.0	1.0
15	7	50	4.323	0.475	15.0	0.856	1.0	1.0
15	7	47	4.129	0.341	14.871	0.846	1.0	1.0
15	7	44	3.968	0.315	15.355	1.142	1.0	1.0
15	7	41	3.774	0.425	16.613	0.989	1.0	1.0
15	7	38	3.387	0.615	17.742	1.182	1.0	1.0
15	7	35	3.194	0.601	18.387	1.801	1.0	1.0
15	7	32	2.355	0.486	19.806	2.344	1.0	1.0
15	7	29	2.194	0.402	23.226	3.452	1.0	1.0
15	7	26	1.806	0.601	26.517	3.377	0.935	0.935
15	7	23	0.759	0.912	30.812	4.916	0.452	0.516
15	7	20	0.0	0.0	nan	nan	0.0	0.0
16	7	62	5.387	0.495	14.645	0.755	1.0	1.0
16	7	59	5.161	0.454	15.032	1.11	1.0	1.0
16	7	56	5.032	0.315	15.484	1.151	1.0	1.0
16	7	53	4.871	0.341	16.129	0.846	1.0	1.0
16	7	50	4.613	0.495	16.903	0.831	1.0	1.0
16	7	47	4.097	0.7	17.71	0.864	1.0	1.0
16	7	44	3.452	0.506	18.581	1.336	1.0	1.0
16	7	41	3.258	0.514	20.226	2.012	1.0	1.0
16	7	38	2.774	0.425	22.71	2.036	1.0	1.0
16	7	35	2.839	0.374	24.742	4.115	1.0	1.0
16	7	32	2.355	0.661	28.774	4.938	1.0	1.0
16	7	29	1.226	0.956	33.591	5.413	0.71	0.71
16	7	26	0.129	0.499	33.0	1.414	0.065	0.065
16	7	23	0.0	0.0	nan	nan	0.0	0.0
16	7	20	0.0	0.0	nan	nan	0.0	0.0
17	7	62	4.161	0.374	14.323	0.599	1.0	1.0
17	7	59	4.065	0.25	15.065	0.727	1.0	1.0
17	7	56	4.032	0.18	15.129	0.619	1.0	1.0
17	7	53	4.0	0.0	16.032	1.224	1.0	1.0
17	7	50	3.935	0.25	17.129	0.806	1.0	1.0
17	7	47	3.484	0.508	18.29	1.006	1.0	1.0
17	7	44	2.774	0.617	19.355	1.112	1.0	1.0
17	7	41	2.355	0.486	20.645	1.704	1.0	1.0
17	7	38	2.129	0.562	23.194	2.845	1.0	1.0
17	7	35	1.345	0.814	28.24	6.05	0.742	0.806
17	7	32	0.065	0.359	24.0	0.0	0.032	0.032
17	7	29	0.0	0.0	nan	nan	0.0	0.0
17	7	26	0.0	0.0	nan	nan	0.0	0.0
17	7	23	0.0	0.0	nan	nan	0.0	0.0
17	7	20	0.0	0.0	nan	nan	0.0	0.0
18	7	62	3.323	0.475	14.968	0.706	1.0	1.0
18	7	59	3.097	0.301	15.387	0.919	1.0	1.0
18	7	56	3.032	0.18	16.258	0.773	1.0	1.0
18	7	53	2.968	0.18	16.871	0.806	1.0	1.0
18	7	50	2.613	0.558	17.806	1.195	1.0	1.0
18	7	47	2.194	0.543	19.032	1.798	1.0	1.0
18	7	44	1.774	0.497	20.129	1.648	1.0	1.0
18	7	41	1.355	0.608	22.367	2.042	0.968	0.968
18	7	38	1.065	0.442	24.517	1.864	0.935	0.935
18	7	35	0.233	0.504	30.0	4.32	0.194	0.226
18	7	32	0.0	0.0	nan	nan	0.0	0.0
18	7	29	0.0	0.0	nan	nan	0.0	0.0
18	7	26	0.0	0.0	nan	nan	0.0	0.0
18	7	23	0.0	0.0	nan	nan	0.0	0.0
18	7	20	0.0	0.0	nan	nan	0.0	0.0
19	7	62	4.032	0.18	15.129	0.763	1.0	1.0
19	7	59	3.968	0.18	15.581	0.72	1.0	1.0
19	7	56	3.903	0.301	16.323	0.871	1.0	1.0
19	7	53	3.581	0.502	16.839	0.86	1.0	1.0
19	7	50	3.097	0.651	18.065	1.34	1.0	1.0
19	7	47	2.548	0.624	18.903	1.193	1.0	1.0
19	7	44	2.161	0.374	20.065	1.413	1.0	1.0
19	7	41	2.032	0.18	22.0	2.757	1.0	1.0
19	7	38	1.903	0.396	24.484	2.706	1.0	1.0
19	7	35	1.345	0.814	31.2	5.809	0.742	0.806
19	7	32	0.345	0.67	33.667	3.606	0.226	0.29
19	7	29	0.0	0.0	36.0	0.0	0.0	0.032
19	7	26	0.0	0.0	nan	nan	0.0	0.0
19	7	23	0.0	0.0	nan	nan	0.0	0.0
19	7	20	0.0	0.0	nan	nan	0.0	0.0
20	7	62	4.0	0.0	14.065	0.629	1.0	1.0
20	7	59	4.0	0.0	14.548	0.568	1.0	1.0
20	7	56	3.968	0.18	15.032	0.605	1.0	1.0
20	7	53	3.806	0.402	15.968	0.752	1.0	1.0
20	7	50	3.355	0.486	16.065	1.093	1.0	1.0
20	7	47	3.0	0.632	17.355	1.17	1.0	1.0
20	7	44	2.613	0.558	18.226	1.309	1.0	1.0
20	7	41	2.129	0.341	19.613	1.283	1.0	1.0
20	7	38	1.903	0.301	22.742	2.352	1.0	1.0
20	7	35	1.581	0.564	24.433	2.402	0.968	0.968
20	7	32	1.25	0.752	27.308	4.352	0.742	0.839
20	7	29	0.1	0.305	31.75	5.679	0.097	0.129
20	7	26	0.0	0.0	nan	nan	0.0	0.0
20	7	23	0.0	0.0	nan	nan	0.0	0.0
20	7	20	0.0	0.0	nan	nan	0.0	0.0
21	7	62	3.0	0.0	15.548	0.675	1.0	1.0
21	7	59	3.0	0.0	16.258	0.815	1.0	1.0
21	7	56	3.0	0.0	16.935	0.854	1.0	1.0
21	7	53	2.419	0.672	18.29	1.296	1.0	1.0
21	7	50	1.774	0.617	19.677	1.6	1.0	1.0
21	7	47	1.452	0.624	20.323	1.492	1.0	1.0
21	7	44	1.0	0.258	22.567	2.192	0.968	0.968
21	7	41	0.633	0.49	25.8	1.989	0.613	0.645
21	7	38	0.032	0.18	31.0	0.0	0.032	0.032
21	7	35	0.0	0.0	nan	nan	0.0	0.0
21	7	32	0.0	0.0	nan	nan	0.0	0.0
21	7	29	0.0	0.0	nan	nan	0.0	0.0
21	7	26	0.0	0.0	nan	nan	0.0	0.0
21	7	23	0.0	0.0	nan	nan	0.0	0.0
21	7	20	0.0	0.0	nan	nan	0.0	0.0
22	7	62	5.065	0.25	14.226	0.717	1.0	1.0
22	7	59	5.065	0.25	14.355	0.551	1.0	1.0
22	7	56	4.935	0.25	15.161	0.583	1.0	1.0
22	7	53	4.903	0.301	15.677	0.748	1.0	1.0
22	7	50	4.484	0.57	16.452	0.961	1.0	1.0
22	7	47	4.097	0.651	17.226	1.087	1.0	1.0
22	7	44	3.71	0.783	18.387	1.606	1.0	1.0
22	7	41	3.258	0.445	19.935	2.097	1.0	1.0
22	7	38	3.0	0.258	21.258	1.527	1.0	1.0
22	7	35	2.935	0.25	24.387	2.679	1.0	1.0
22	7	32	2.29	0.824	30.433	5.661	0.968	0.968
22	7	29	0.724	1.099	37.0	9.42	0.323	0.387
22	7	26	0.032	0.18	35.0	0.0	0.032	0.032
22	7	23	0.0	0.0	nan	nan	0.0	0.0
22	7	20	0.0	0.0	nan	nan	0.0	0.0
23	7	62	5.484	0.508	14.097	0.597	1.0	1.0
23	7	59	5.226	0.425	14.581	0.848	1.0	1.0
23	7	56	5.0	0.258	14.903	0.746	1.0	1.0
23	7	53	4.968	0.18	15.935	0.772	1.0	1.0
23	7	50	4.903	0.396	16.581	0.765	1.0	1.0
23	7	47	4.613	0.558	17.065	0.814	1.0	1.0
23	7	44	3.871	0.763	18.387	0.955	1.0	1.0
23	7	41	3.194	0.402	20.0	1.414	1.0	1.0
23	7	38	3.032	0.18	21.258	1.548	1.0	1.0
23	7	35	2.935	0.25	22.806	2.428	1.0	1.0
23	7	32	2.839	0.374	28.129	3.64	1.0	1.0
23	7	29	2.032	1.169	33.04	6.031	0.806	0.806
23	7	26	0.355	0.798	37.667	5.854	0.194	0.194
23	7	23	0.0	0.0	nan	nan	0.0	0.0
23	7	20	0.0	0.0	nan	nan	0.0	0.0
24	7	62	5.032	0.18	14.548	0.568	1.0	1.0
24	7	59	5.0	0.0	14.935	0.727	1.0	1.0
24	7	56	4.968	0.18	15.355	0.709	1.0	1.0
24	7	53	4.839	0.374	15.968	0.657	1.0	1.0
24	7	50	4.323	0.475	16.774	0.884	1.0	1.0
24	7	47	4.032	0.657	17.548	1.028	1.0	1.0
24	7	44	3.419	0.502	18.484	1.235	1.0	1.0
24	7	41	3.065	0.25	20.71	2.466	1.0	1.0
24	7	38	3.0	0.258	22.323	2.271	1.0	1.0
24	7	35	2.903	0.396	25.29	3.111	1.0	1.0
24	7	32	2.355	0.608	28.387	5.097	1.0	1.0
24	7	29	1.3	0.988	32.591	7.222	0.677	0.71
24	7	26	0.0	0.0	54.0	0.0	0.0	0.032
24	7	23	0.0	0.0	nan	nan	0.0	0.0
24	7	20	0.0	0.0	nan	nan	0.0	0.0
25	7	62	4.968	0.18	13.387	0.667	1.0	1.0
25	7	59	4.839	0.374	13.71	0.783	1.0	1.0
25	7	56	4.581	0.502	14.355	1.018	1.0	1.0
25	7	53	4.452	0.506	14.871	0.718	1.0	1.0
25	7	50	4.161	0.374	15.387	0.919	1.0	1.0
25	7	47	4.097	0.301	16.097	1.106	1.0	1.0
25	7	44	3.871	0.341	16.806	1.078	1.0	1.0
25	7	41	3.613	0.558	18.0	1.183	1.0	1.0
25	7	38	2.903	0.539	19.839	1.369	1.0	1.0
25	7	35	2.903	0.473	20.677	1.99	1.0	1.0
25	7	32	2.419	0.564	24.645	4.136	1.0	1.0
25	7	29	1.71	1.101	28.64	4.339	0.806	0.806
25	7	26	0.323	0.702	35.0	4.29	0.194	0.194
25	7	23	0.032	0.18	54.0	0.0	0.032	0.032
25	7	20	0.0	0.0	nan	nan	0.0	0.0
26	7	62	5.774	0.497	13.516	0.508	1.0	1.0
26	7	59	5.323	0.541	13.903	0.539	1.0	1.0
26	7	56	5.065	0.25	14.161	0.688	1.0	1.0
26	7	53	5.032	0.18	14.903	0.651	1.0	1.0
26	7	50	5.0	0.0	15.323	0.832	1.0	1.0
26	7	47	4.839	0.374	16.613	1.054	1.0	1.0
26	7	44	4.677	0.475	17.032	0.912	1.0	1.0
26	7	41	4.032	0.605	18.0	1.065	1.0	1.0
26	7	38	3.387	0.615	19.806	1.682	1.0	1.0
26	7	35	3.065	0.25	22.097	1.739	1.0	1.0
26	7	32	2.935	0.25	24.194	2.344	1.0	1.0
26	7	29	2.226	1.203	29.56	5.679	0.806	0.806
26	7	26	0.226	0.669	33.5	15.759	0.129	0.129
26	7	23	0.0	0.0	53.0	0.0	0.0	0.032
26	7	20	0.0	0.0	nan	nan	0.0	0.0
27	7	62	5.0	0.0	12.742	0.514	1.0	1.0
27	7	59	4.968	0.18	13.032	0.657	1.0	1.0
27	7	56	4.839	0.374	13.484	0.626	1.0	1.0
27	7	53	4.774	0.425	14.032	0.795	1.0	1.0
27	7	50	4.548	0.506	14.484	0.851	1.0	1.0
27	7	47	4.29	0.529	15.065	0.772	1.0	1.0
27	7	44	4.129	0.428	16.032	1.08	1.0	1.0
27	7	41	3.871	0.428	16.677	1.222	1.0	1.0
27	7	38	3.71	0.461	17.806	1.108	1.0	1.0
27	7	35	3.355	0.486	18.774	1.802	1.0	1.0
27	7	32	3.032	0.315	20.935	1.769	1.0	1.0
27	7	29	2.867	0.346	24.516	3.811	0.968	1.0
27	7	26	1.7	1.264	28.545	5.466	0.677	0.71
27	7	23	0.226	0.617	30.5	5.0	0.129	0.129
27	7	20	0.0	0.0	nan	nan	0.0	0.0
28	7	62	4.935	0.25	14.548	0.624	1.0	1.0
28	7	59	4.806	0.402	15.032	1.224	1.0	1.0
28	7	56	4.806	0.402	15.516	0.811	1.0	1.0
28	7	53	4.452	0.506	16.032	0.795	1.0	1.0
28	7	50	4.0	0.516	16.968	1.016	1.0	1.0
28	7	47	3.71	0.588	17.871	1.056	1.0	1.0
28	7	44	3.29	0.461	18.871	1.432	1.0	1.0
28	7	41	3.032	0.315	20.645	1.624	1.0	1.0
28	7	38	2.903	0.301	22.194	1.642	1.0	1.0
28	7	35	2.452	0.506	24.516	2.779	1.0	1.0
28	7	32	1.871	0.806	31.345	5.881	0.935	0.935
28	7	29	0.903	0.87	36.895	5.109	0.613	0.613
28	7	26	0.065	0.359	33.0	0.0	0.032	0.032
28	7	23	0.0	0.0	nan	nan	0.0	0.0
28	7	20	0.0	0.0	nan	nan	0.0	0.0
29	7	62	3.097	0.301	16.258	0.815	1.0	1.0
29	7	59	2.935	0.25	16.903	0.7	1.0	1.0
29	7	56	2.742	0.445	17.581	0.958	1.0	1.0
29	7	53	2.129	0.499	19.065	1.093	1.0	1.0
29	7	50	1.645	0.551	20.355	1.889	1.0	1.0
29	7	47	1.387	0.558	21.677	1.777	1.0	1.0
29	7	44	1.161	0.454	24.5	2.316	0.968	0.968
29	7	41	0.633	0.49	26.8	4.312	0.613	0.645
29	7	38	0.129	0.341	30.25	3.096	0.129	0.129
29	7	35	0.0	0.0	nan	nan	0.0	0.0
29	7	32	0.0	0.0	nan	nan	0.0	0.0
29	7	29	0.0	0.0	nan	nan	0.0	0.0
29	7	26	0.0	0.0	nan	nan	0.0	0.0
29	7	23	0.0	0.0	nan	nan	0.0	0.0
29	7	20	0.0	0.0	nan	nan	0.0	0.0
30	7	62	4.871	0.428	14.677	0.748	1.0	1.0
30	7	59	4.742	0.445	14.839	0.934	1.0	1.0
30	7	56	4.516	0.508	15.774	0.805	1.0	1.0
30	7	53	4.161	0.454	15.839	0.86	1.0	1.0
30	7	50	4.032	0.18	16.839	0.86	1.0	1.0
30	7	47	3.677	0.541	17.484	1.092	1.0	1.0
30	7	44	2.968	0.547	19.29	1.465	1.0	1.0
30	7	41	2.548	0.506	20.323	1.077	1.0	1.0
30	7	38	2.226	0.425	22.484	2.541	1.0	1.0
30	7	35	2.065	0.359	24.968	3.209	1.0	1.0
30	7	32	1.567	0.679	30.464	5.323	0.871	0.903
30	7	29	0.778	0.974	33.267	4.773	0.355	0.484
30	7	26	0.032	0.18	34.0	0.0	0.032	0.032
30	7	23	0.0	0.0	nan	nan	0.0	0.0
30	7	20	0.0	0.0	nan	nan	0.0	0.0
31	7	62	3.935	0.25	14.968	0.657	1.0	1.0
31	7	59	3.774	0.425	15.419	0.564	1.0	1.0
31	7	56	3.452	0.506	16.032	0.706	1.0	1.0
31	7	53	3.323	0.541	16.968	1.016	1.0	1.0
31	7	50	2.742	0.445	17.806	0.98	1.0	1.0
31	7	47	2.419	0.502	18.871	1.118	1.0	1.0
31	7	44	2.129	0.341	20.161	1.344	1.0	1.0
31	7	41	2.0	0.0	22.806	2.651	1.0	1.0
31	7	38	1.5	0.82	25.96	3.646	0.774	0.806
31	7	35	0.194	0.543	28.0	1.155	0.129	0.129
31	7	32	0.065	0.359	33.0	0.0	0.032	0.032
31	7	29	0.0	0.0	nan	nan	0.0	0.0
31	7	26	0.0	0.0	nan	nan	0.0	0.0
31	7	23	0.0	0.0	nan	nan	0.0	0.0
31	7	20	0.0	0.0	nan	nan	0.0	0.0
