row	col	voltage	tot_avg	tot_std	toa_avg	toa_std	efficiency_tot	efficiency_toa
0	0	454	18.065	0.25	10.0	0.0	1.0	1.0
0	0	448	18.0	0.258	10.0	0.0	1.0	1.0
0	0	442	18.0	0.0	10.0	0.0	1.0	1.0
0	0	436	17.871	0.341	10.0	0.0	1.0	1.0
0	0	430	17.806	0.402	10.0	0.0	1.0	1.0
0	0	424	17.677	0.475	10.0	0.0	1.0	1.0
0	0	418	17.355	0.486	10.0	0.0	1.0	1.0
0	0	412	17.065	0.25	10.0	0.0	1.0	1.0
0	0	406	17.0	0.0	10.0	0.0	1.0	1.0
0	0	400	17.0	0.0	10.0	0.0	1.0	1.0
0	0	394	16.935	0.25	10.0	0.0	1.0	1.0
0	0	388	16.645	0.486	10.0	0.0	1.0	1.0
0	0	382	16.355	0.486	10.0	0.0	1.0	1.0
0	0	376	16.097	0.301	10.0	0.0	1.0	1.0
0	0	370	16.097	0.301	10.0	0.0	1.0	1.0
0	0	364	16.0	0.0	10.0	0.0	1.0	1.0
0	0	358	15.968	0.18	10.0	0.0	1.0	1.0
0	0	352	15.613	0.495	10.0	0.0	1.0	1.0
0	0	346	15.258	0.445	10.032	0.18	1.0	1.0
0	0	340	15.065	0.25	10.0	0.0	1.0	1.0
0	0	334	15.0	0.0	10.032	0.18	1.0	1.0
0	0	328	14.935	0.25	10.0	0.0	1.0	1.0
0	0	322	14.613	0.495	10.0	0.0	1.0	1.0
0	0	316	14.032	0.18	10.0	0.0	1.0	1.0
0	0	310	14.032	0.18	10.0	0.0	1.0	1.0
0	0	304	14.0	0.0	10.0	0.0	1.0	1.0
0	0	298	13.806	0.402	10.0	0.0	1.0	1.0
0	0	292	13.516	0.508	10.0	0.0	1.0	1.0
0	0	286	13.065	0.25	10.032	0.18	1.0	1.0
0	0	280	13.0	0.0	10.097	0.301	1.0	1.0
0	0	274	12.968	0.18	10.161	0.374	1.0	1.0
0	0	268	12.548	0.506	10.484	0.508	1.0	1.0
0	0	262	12.161	0.374	10.548	0.506	1.0	1.0
0	0	256	12.032	0.18	10.806	0.402	1.0	1.0
0	0	250	12.0	0.0	10.806	0.402	1.0	1.0
0	0	244	11.677	0.475	10.968	0.18	1.0	1.0
0	0	238	11.387	0.495	11.0	0.0	1.0	1.0
0	0	232	11.0	0.0	11.0	0.0	1.0	1.0
0	0	226	11.0	0.0	11.0	0.0	1.0	1.0
0	0	220	10.742	0.445	11.0	0.0	1.0	1.0
0	0	214	10.097	0.301	11.0	0.0	1.0	1.0
0	0	208	10.0	0.0	11.0	0.0	1.0	1.0
0	0	202	9.968	0.18	11.0	0.0	1.0	1.0
0	0	196	9.516	0.508	11.0	0.0	1.0	1.0
0	0	190	9.0	0.0	11.0	0.0	1.0	1.0
0	0	184	9.0	0.0	11.0	0.0	1.0	1.0
0	0	178	8.968	0.18	11.0	0.0	1.0	1.0
0	0	172	8.194	0.402	11.387	0.495	1.0	1.0
0	0	166	8.0	0.0	11.516	0.508	1.0	1.0
0	0	160	7.968	0.18	12.0	0.0	1.0	1.0
0	0	154	7.452	0.506	11.968	0.18	1.0	1.0
0	0	148	7.0	0.0	12.0	0.0	1.0	1.0
0	0	142	7.0	0.0	12.0	0.0	1.0	1.0
0	0	136	6.677	0.475	12.194	0.402	1.0	1.0
0	0	130	6.032	0.18	12.903	0.301	1.0	1.0
0	0	124	6.0	0.0	13.0	0.0	1.0	1.0
0	0	118	5.871	0.341	13.0	0.0	1.0	1.0
0	0	112	5.097	0.301	13.258	0.445	1.0	1.0
0	0	106	5.0	0.0	13.903	0.301	1.0	1.0
0	0	100	4.935	0.25	14.129	0.341	1.0	1.0
0	0	77	3.452	0.568	17.29	0.529	1.0	1.0
0	0	74	2.774	0.425	17.935	0.629	1.0	1.0
0	0	71	2.097	0.301	19.0	0.577	1.0	1.0
0	0	68	2.0	0.0	20.323	1.013	1.0	1.0
0	0	65	2.032	0.18	21.968	1.354	1.0	1.0
0	0	62	1.839	0.374	24.419	1.385	1.0	1.0
0	0	59	1.323	0.475	28.387	2.704	1.0	1.0
0	0	56	0.5	0.598	33.947	2.345	0.323	0.613
0	0	53	0.0	0.0	nan	nan	0.0	0.0
0	0	50	0.0	0.0	nan	nan	0.0	0.0
0	0	47	0.0	0.0	nan	nan	0.0	0.0
0	0	44	0.0	0.0	nan	nan	0.0	0.0
1	0	454	15.032	0.18	10.0	0.0	1.0	1.0
1	0	448	15.0	0.0	10.0	0.0	1.0	1.0
1	0	442	15.0	0.0	10.0	0.0	1.0	1.0
1	0	436	15.0	0.0	10.0	0.0	1.0	1.0
1	0	430	14.968	0.18	10.0	0.0	1.0	1.0
1	0	424	14.839	0.374	10.0	0.0	1.0	1.0
1	0	418	14.645	0.486	10.0	0.0	1.0	1.0
1	0	412	14.29	0.461	10.0	0.0	1.0	1.0
1	0	406	14.161	0.374	10.0	0.0	1.0	1.0
1	0	400	14.0	0.0	10.0	0.0	1.0	1.0
1	0	394	14.0	0.0	10.0	0.0	1.0	1.0
1	0	388	14.0	0.0	10.0	0.0	1.0	1.0
1	0	382	13.839	0.374	10.0	0.0	1.0	1.0
1	0	376	13.839	0.374	10.0	0.0	1.0	1.0
1	0	370	13.258	0.445	10.0	0.0	1.0	1.0
1	0	364	13.0	0.0	10.0	0.0	1.0	1.0
1	0	358	13.0	0.0	10.0	0.0	1.0	1.0
1	0	352	13.0	0.0	10.0	0.0	1.0	1.0
1	0	346	12.968	0.18	10.0	0.0	1.0	1.0
1	0	340	12.871	0.341	10.0	0.0	1.0	1.0
1	0	334	12.387	0.495	10.0	0.0	1.0	1.0
1	0	328	12.194	0.402	10.0	0.0	1.0	1.0
1	0	322	12.032	0.18	10.0	0.0	1.0	1.0
1	0	316	11.968	0.18	10.0	0.0	1.0	1.0
1	0	310	12.0	0.0	10.0	0.0	1.0	1.0
1	0	304	11.71	0.461	10.032	0.18	1.0	1.0
1	0	298	11.258	0.445	10.161	0.374	1.0	1.0
1	0	292	11.032	0.18	10.097	0.301	1.0	1.0
1	0	286	11.0	0.0	10.387	0.495	1.0	1.0
1	0	280	11.0	0.0	10.548	0.506	1.0	1.0
1	0	274	10.742	0.445	10.677	0.475	1.0	1.0
1	0	268	10.194	0.402	10.839	0.374	1.0	1.0
1	0	262	10.0	0.0	10.871	0.341	1.0	1.0
1	0	256	10.0	0.0	10.935	0.25	1.0	1.0
1	0	250	9.968	0.18	10.968	0.18	1.0	1.0
1	0	244	9.71	0.461	10.968	0.18	1.0	1.0
1	0	238	9.226	0.425	11.0	0.0	1.0	1.0
1	0	232	9.0	0.0	11.0	0.0	1.0	1.0
1	0	226	9.0	0.0	11.0	0.0	1.0	1.0
1	0	220	8.903	0.301	11.0	0.0	1.0	1.0
1	0	214	8.355	0.486	11.0	0.0	1.0	1.0
1	0	208	8.0	0.0	11.0	0.0	1.0	1.0
1	0	202	8.0	0.0	11.0	0.0	1.0	1.0
1	0	196	8.0	0.0	11.0	0.0	1.0	1.0
1	0	190	7.484	0.508	11.0	0.0	1.0	1.0
1	0	184	7.097	0.301	11.097	0.301	1.0	1.0
1	0	178	7.0	0.0	11.387	0.495	1.0	1.0
1	0	172	6.968	0.18	11.71	0.461	1.0	1.0
1	0	166	6.677	0.475	11.935	0.25	1.0	1.0
1	0	160	6.065	0.25	12.0	0.0	1.0	1.0
1	0	154	6.0	0.0	12.0	0.0	1.0	1.0
1	0	148	6.0	0.0	12.0	0.0	1.0	1.0
1	0	142	5.613	0.495	12.032	0.18	1.0	1.0
1	0	136	5.032	0.18	12.516	0.508	1.0	1.0
1	0	130	5.0	0.0	12.968	0.18	1.0	1.0
1	0	124	5.0	0.0	13.0	0.0	1.0	1.0
1	0	118	4.452	0.506	13.032	0.18	1.0	1.0
1	0	112	4.032	0.18	13.871	0.341	1.0	1.0
1	0	106	4.0	0.0	14.0	0.0	1.0	1.0
1	0	100	3.903	0.301	14.452	0.506	1.0	1.0
1	0	77	2.71	0.461	17.548	0.568	1.0	1.0
1	0	74	1.935	0.68	18.065	0.442	1.0	1.0
1	0	71	1.065	0.25	19.194	0.703	1.0	1.0
1	0	68	1.0	0.0	20.516	1.48	1.0	1.0
1	0	65	1.0	0.0	22.871	1.765	1.0	1.0
1	0	62	0.903	0.301	24.857	1.58	0.903	0.903
1	0	59	0.065	0.25	25.5	0.707	0.065	0.065
1	0	56	0.0	0.0	nan	nan	0.0	0.0
1	0	53	0.0	0.0	nan	nan	0.0	0.0
1	0	50	0.0	0.0	nan	nan	0.0	0.0
1	0	47	0.0	0.0	nan	nan	0.0	0.0
1	0	44	0.0	0.0	nan	nan	0.0	0.0
2	0	454	18.0	0.0	11.29	0.461	1.0	1.0
2	0	448	17.613	0.495	11.129	0.341	1.0	1.0
2	0	442	17.387	0.495	11.097	0.301	1.0	1.0
2	0	436	17.355	0.486	11.097	0.301	1.0	1.0
2	0	430	17.032	0.18	11.032	0.18	1.0	1.0
2	0	424	17.065	0.25	11.226	0.425	1.0	1.0
2	0	418	17.0	0.0	11.161	0.374	1.0	1.0
2	0	412	16.968	0.18	11.065	0.25	1.0	1.0
2	0	406	16.806	0.402	11.065	0.25	1.0	1.0
2	0	400	16.194	0.402	11.226	0.425	1.0	1.0
2	0	394	16.355	0.486	11.194	0.402	1.0	1.0
2	0	388	16.0	0.0	11.258	0.445	1.0	1.0
2	0	382	16.0	0.0	11.258	0.445	1.0	1.0
2	0	376	15.935	0.25	11.29	0.461	1.0	1.0
2	0	370	15.774	0.425	11.226	0.425	1.0	1.0
2	0	364	15.387	0.495	11.387	0.495	1.0	1.0
2	0	358	15.29	0.461	11.226	0.425	1.0	1.0
2	0	352	15.0	0.0	11.323	0.475	1.0	1.0
2	0	346	15.032	0.18	11.419	0.502	1.0	1.0
2	0	340	14.903	0.301	11.516	0.508	1.0	1.0
2	0	334	14.806	0.402	11.484	0.508	1.0	1.0
2	0	328	14.226	0.425	11.581	0.502	1.0	1.0
2	0	322	14.065	0.25	11.516	0.508	1.0	1.0
2	0	316	14.032	0.18	11.581	0.502	1.0	1.0
2	0	310	13.935	0.25	11.548	0.506	1.0	1.0
2	0	304	13.806	0.402	11.613	0.495	1.0	1.0
2	0	298	13.355	0.486	11.548	0.506	1.0	1.0
2	0	292	13.065	0.25	11.581	0.502	1.0	1.0
2	0	286	12.968	0.18	11.677	0.475	1.0	1.0
2	0	280	12.903	0.301	11.71	0.461	1.0	1.0
2	0	274	12.645	0.486	11.645	0.486	1.0	1.0
2	0	268	12.194	0.402	11.71	0.461	1.0	1.0
2	0	262	12.0	0.0	11.839	0.374	1.0	1.0
2	0	256	12.0	0.0	11.839	0.454	1.0	1.0
2	0	250	11.613	0.495	11.871	0.341	1.0	1.0
2	0	244	11.065	0.25	11.935	0.359	1.0	1.0
2	0	238	11.065	0.25	12.065	0.25	1.0	1.0
2	0	232	11.0	0.0	12.0	0.365	1.0	1.0
2	0	226	10.774	0.425	12.161	0.454	1.0	1.0
2	0	220	10.097	0.301	12.129	0.428	1.0	1.0
2	0	214	10.032	0.18	12.129	0.341	1.0	1.0
2	0	208	10.0	0.0	12.258	0.445	1.0	1.0
2	0	202	9.516	0.508	12.484	0.508	1.0	1.0
2	0	196	9.129	0.341	12.258	0.445	1.0	1.0
2	0	190	9.0	0.0	12.484	0.508	1.0	1.0
2	0	184	8.968	0.18	12.71	0.461	1.0	1.0
2	0	178	8.387	0.495	12.613	0.495	1.0	1.0
2	0	172	8.032	0.18	12.871	0.341	1.0	1.0
2	0	166	8.0	0.0	13.0	0.258	1.0	1.0
2	0	160	7.613	0.495	13.065	0.512	1.0	1.0
2	0	154	7.065	0.25	13.097	0.473	1.0	1.0
2	0	148	7.0	0.0	13.387	0.495	1.0	1.0
2	0	142	6.871	0.341	13.548	0.506	1.0	1.0
2	0	136	6.161	0.374	13.774	0.425	1.0	1.0
2	0	130	6.0	0.0	14.0	0.258	1.0	1.0
2	0	124	6.0	0.0	14.29	0.461	1.0	1.0
2	0	118	5.581	0.502	14.484	0.508	1.0	1.0
2	0	112	5.0	0.0	15.097	0.301	1.0	1.0
2	0	106	5.0	0.0	15.29	0.529	1.0	1.0
2	0	100	4.645	0.486	15.839	0.523	1.0	1.0
2	0	77	2.065	0.25	19.516	0.677	1.0	1.0
2	0	74	2.0	0.0	20.613	0.989	1.0	1.0
2	0	71	2.0	0.0	21.935	1.181	1.0	1.0
2	0	68	2.0	0.0	23.903	1.35	1.0	1.0
2	0	65	1.774	0.425	26.097	1.921	1.0	1.0
2	0	62	1.28	0.458	30.323	4.003	0.806	1.0
2	0	59	0.069	0.371	32.333	4.726	0.032	0.097
2	0	56	0.0	0.0	nan	nan	0.0	0.0
2	0	53	0.0	0.0	nan	nan	0.0	0.0
2	0	50	0.0	0.0	nan	nan	0.0	0.0
2	0	47	0.0	0.0	nan	nan	0.0	0.0
2	0	44	0.0	0.0	nan	nan	0.0	0.0
3	0	454	16.548	0.506	10.0	0.0	1.0	1.0
3	0	448	16.387	0.495	10.0	0.0	1.0	1.0
3	0	442	16.032	0.18	10.0	0.0	1.0	1.0
3	0	436	16.032	0.18	10.0	0.0	1.0	1.0
3	0	430	16.0	0.0	10.0	0.0	1.0	1.0
3	0	424	15.968	0.18	10.0	0.0	1.0	1.0
3	0	418	15.871	0.341	10.0	0.0	1.0	1.0
3	0	412	15.774	0.425	10.0	0.0	1.0	1.0
3	0	406	15.258	0.445	10.0	0.0	1.0	1.0
3	0	400	15.161	0.374	10.0	0.0	1.0	1.0
3	0	394	15.097	0.301	10.0	0.0	1.0	1.0
3	0	388	15.0	0.0	10.0	0.0	1.0	1.0
3	0	382	14.903	0.301	10.0	0.0	1.0	1.0
3	0	376	14.806	0.402	10.0	0.0	1.0	1.0
3	0	370	14.742	0.445	10.0	0.0	1.0	1.0
3	0	364	14.161	0.374	10.0	0.0	1.0	1.0
3	0	358	14.032	0.18	10.0	0.0	1.0	1.0
3	0	352	14.0	0.0	10.0	0.0	1.0	1.0
3	0	346	14.0	0.0	10.032	0.18	1.0	1.0
3	0	340	13.774	0.425	10.0	0.0	1.0	1.0
3	0	334	13.387	0.495	10.0	0.0	1.0	1.0
3	0	328	13.226	0.425	10.0	0.0	1.0	1.0
3	0	322	13.0	0.0	10.0	0.0	1.0	1.0
3	0	316	13.0	0.0	10.0	0.0	1.0	1.0
3	0	310	12.935	0.25	10.0	0.0	1.0	1.0
3	0	304	12.806	0.402	10.0	0.0	1.0	1.0
3	0	298	12.29	0.461	10.0	0.0	1.0	1.0
3	0	292	12.032	0.18	10.097	0.301	1.0	1.0
3	0	286	12.0	0.0	10.258	0.445	1.0	1.0
3	0	280	11.806	0.402	10.29	0.461	1.0	1.0
3	0	274	11.516	0.508	10.581	0.502	1.0	1.0
3	0	268	11.097	0.301	10.581	0.502	1.0	1.0
3	0	262	11.0	0.0	10.839	0.374	1.0	1.0
3	0	256	11.0	0.0	10.871	0.341	1.0	1.0
3	0	250	10.774	0.425	11.0	0.0	1.0	1.0
3	0	244	10.097	0.301	11.0	0.0	1.0	1.0
3	0	238	10.032	0.18	11.0	0.0	1.0	1.0
3	0	232	10.0	0.0	11.0	0.0	1.0	1.0
3	0	226	9.935	0.25	11.0	0.0	1.0	1.0
3	0	220	9.419	0.502	11.0	0.0	1.0	1.0
3	0	214	9.032	0.18	11.0	0.0	1.0	1.0
3	0	208	9.0	0.0	11.0	0.0	1.0	1.0
3	0	202	8.903	0.301	11.0	0.0	1.0	1.0
3	0	196	8.419	0.502	11.0	0.0	1.0	1.0
3	0	190	8.032	0.18	11.0	0.0	1.0	1.0
3	0	184	8.0	0.0	11.032	0.18	1.0	1.0
3	0	178	7.871	0.341	11.129	0.341	1.0	1.0
3	0	172	7.258	0.445	11.484	0.508	1.0	1.0
3	0	166	7.0	0.0	11.968	0.18	1.0	1.0
3	0	160	6.935	0.25	11.935	0.25	1.0	1.0
3	0	154	6.677	0.475	12.0	0.0	1.0	1.0
3	0	148	6.0	0.0	12.0	0.0	1.0	1.0
3	0	142	6.0	0.0	12.0	0.0	1.0	1.0
3	0	136	5.935	0.25	12.226	0.425	1.0	1.0
3	0	130	5.29	0.461	12.806	0.402	1.0	1.0
3	0	124	5.032	0.18	12.968	0.18	1.0	1.0
3	0	118	5.0	0.0	13.0	0.0	1.0	1.0
3	0	112	4.613	0.495	13.419	0.502	1.0	1.0
3	0	106	4.032	0.18	13.935	0.25	1.0	1.0
3	0	100	4.0	0.0	14.226	0.425	1.0	1.0
3	0	77	2.968	0.18	17.194	0.543	1.0	1.0
3	0	74	2.645	0.486	18.0	0.683	1.0	1.0
3	0	71	1.677	0.653	18.903	1.012	1.0	1.0
3	0	68	1.226	0.425	20.097	0.978	1.0	1.0
3	0	65	1.0	0.0	21.645	1.305	1.0	1.0
3	0	62	1.0	0.0	24.0	1.438	1.0	1.0
3	0	59	0.857	0.356	27.148	2.878	0.774	0.871
3	0	56	0.0	0.0	nan	nan	0.0	0.0
3	0	53	0.0	0.0	nan	nan	0.0	0.0
3	0	50	0.0	0.0	nan	nan	0.0	0.0
3	0	47	0.0	0.0	nan	nan	0.0	0.0
3	0	44	0.0	0.0	nan	nan	0.0	0.0
4	0	454	15.419	0.502	10.0	0.0	1.0	1.0
4	0	448	15.097	0.301	10.0	0.0	1.0	1.0
4	0	442	15.129	0.341	10.0	0.0	1.0	1.0
4	0	436	15.032	0.18	10.0	0.0	1.0	1.0
4	0	430	15.0	0.0	10.0	0.0	1.0	1.0
4	0	424	15.0	0.0	10.0	0.0	1.0	1.0
4	0	418	14.839	0.374	10.0	0.0	1.0	1.0
4	0	412	14.613	0.495	10.0	0.0	1.0	1.0
4	0	406	14.258	0.445	10.0	0.0	1.0	1.0
4	0	400	14.065	0.25	10.0	0.0	1.0	1.0
4	0	394	14.032	0.18	10.0	0.0	1.0	1.0
4	0	388	14.0	0.0	10.0	0.0	1.0	1.0
4	0	382	14.0	0.0	10.0	0.0	1.0	1.0
4	0	376	13.871	0.341	10.0	0.0	1.0	1.0
4	0	370	13.871	0.341	10.0	0.0	1.0	1.0
4	0	364	13.323	0.475	10.0	0.0	1.0	1.0
4	0	358	13.161	0.374	10.0	0.0	1.0	1.0
4	0	352	13.0	0.258	10.0	0.0	1.0	1.0
4	0	346	13.0	0.0	10.0	0.0	1.0	1.0
4	0	340	12.968	0.18	10.0	0.0	1.0	1.0
4	0	334	12.839	0.374	10.0	0.0	1.0	1.0
4	0	328	12.419	0.502	10.0	0.0	1.0	1.0
4	0	322	12.065	0.25	10.0	0.0	1.0	1.0
4	0	316	12.065	0.25	10.0	0.0	1.0	1.0
4	0	310	12.0	0.0	10.0	0.0	1.0	1.0
4	0	304	11.968	0.18	10.0	0.0	1.0	1.0
4	0	298	11.613	0.495	10.0	0.0	1.0	1.0
4	0	292	11.258	0.445	10.0	0.0	1.0	1.0
4	0	286	11.0	0.0	10.0	0.0	1.0	1.0
4	0	280	11.0	0.0	10.0	0.0	1.0	1.0
4	0	274	11.0	0.0	10.032	0.18	1.0	1.0
4	0	268	10.742	0.445	10.097	0.301	1.0	1.0
4	0	262	10.194	0.402	10.29	0.461	1.0	1.0
4	0	256	10.0	0.0	10.355	0.486	1.0	1.0
4	0	250	10.0	0.0	10.548	0.506	1.0	1.0
4	0	244	9.968	0.18	10.871	0.341	1.0	1.0
4	0	238	9.387	0.495	10.968	0.18	1.0	1.0
4	0	232	9.032	0.18	10.968	0.18	1.0	1.0
4	0	226	9.0	0.0	11.0	0.0	1.0	1.0
4	0	220	9.0	0.0	11.0	0.0	1.0	1.0
4	0	214	8.71	0.461	11.0	0.0	1.0	1.0
4	0	208	8.226	0.425	11.0	0.0	1.0	1.0
4	0	202	8.0	0.0	11.0	0.0	1.0	1.0
4	0	196	8.0	0.0	11.0	0.0	1.0	1.0
4	0	190	7.839	0.374	11.0	0.0	1.0	1.0
4	0	184	7.548	0.506	11.0	0.0	1.0	1.0
4	0	178	7.065	0.25	11.032	0.18	1.0	1.0
4	0	172	7.0	0.0	11.129	0.341	1.0	1.0
4	0	166	6.935	0.25	11.516	0.508	1.0	1.0
4	0	160	6.452	0.506	11.581	0.502	1.0	1.0
4	0	154	6.0	0.0	11.968	0.18	1.0	1.0
4	0	148	6.0	0.0	12.0	0.0	1.0	1.0
4	0	142	5.871	0.341	12.032	0.18	1.0	1.0
4	0	136	5.226	0.425	12.129	0.341	1.0	1.0
4	0	130	5.0	0.0	12.387	0.495	1.0	1.0
4	0	124	5.0	0.0	12.871	0.341	1.0	1.0
4	0	118	4.677	0.475	13.0	0.0	1.0	1.0
4	0	112	4.161	0.374	13.129	0.341	1.0	1.0
4	0	106	4.0	0.0	13.742	0.445	1.0	1.0
4	0	100	4.0	0.0	14.032	0.18	1.0	1.0
4	0	77	2.742	0.514	17.0	0.447	1.0	1.0
4	0	74	2.258	0.682	17.581	0.62	1.0	1.0
4	0	71	1.516	0.626	18.452	0.723	1.0	1.0
4	0	68	1.065	0.25	19.484	1.029	1.0	1.0
4	0	65	1.0	0.0	21.226	1.359	1.0	1.0
4	0	62	0.9	0.305	23.643	2.041	0.871	0.903
4	0	59	0.483	0.509	25.5	1.673	0.452	0.516
4	0	56	0.0	0.0	nan	nan	0.0	0.0
4	0	53	0.0	0.0	nan	nan	0.0	0.0
4	0	50	0.0	0.0	nan	nan	0.0	0.0
4	0	47	0.0	0.0	nan	nan	0.0	0.0
4	0	44	0.0	0.0	nan	nan	0.0	0.0
5	0	454	16.452	0.506	10.097	0.301	1.0	1.0
5	0	448	16.258	0.445	10.129	0.341	1.0	1.0
5	0	442	16.065	0.25	10.0	0.0	1.0	1.0
5	0	436	16.0	0.0	10.032	0.18	1.0	1.0
5	0	430	16.0	0.0	10.29	0.461	1.0	1.0
5	0	424	16.0	0.0	10.29	0.461	1.0	1.0
5	0	418	15.806	0.402	10.161	0.374	1.0	1.0
5	0	412	15.806	0.402	10.258	0.445	1.0	1.0
5	0	406	15.484	0.508	10.323	0.475	1.0	1.0
5	0	400	15.065	0.25	10.29	0.461	1.0	1.0
5	0	394	15.032	0.18	10.645	0.486	1.0	1.0
5	0	388	15.0	0.0	10.548	0.506	1.0	1.0
5	0	382	14.968	0.18	10.613	0.495	1.0	1.0
5	0	376	14.742	0.445	10.677	0.475	1.0	1.0
5	0	370	14.323	0.475	10.839	0.374	1.0	1.0
5	0	364	14.065	0.25	10.839	0.374	1.0	1.0
5	0	358	14.0	0.0	10.935	0.25	1.0	1.0
5	0	352	14.0	0.0	10.935	0.25	1.0	1.0
5	0	346	13.968	0.18	10.968	0.18	1.0	1.0
5	0	340	13.71	0.461	10.968	0.18	1.0	1.0
5	0	334	13.548	0.506	11.0	0.0	1.0	1.0
5	0	328	13.0	0.0	11.0	0.0	1.0	1.0
5	0	322	13.032	0.18	11.0	0.0	1.0	1.0
5	0	316	12.968	0.18	11.0	0.0	1.0	1.0
5	0	310	12.935	0.25	11.0	0.0	1.0	1.0
5	0	304	12.806	0.402	11.0	0.0	1.0	1.0
5	0	298	12.097	0.301	11.0	0.0	1.0	1.0
5	0	292	12.032	0.18	11.0	0.0	1.0	1.0
5	0	286	12.0	0.0	11.0	0.0	1.0	1.0
5	0	280	11.968	0.18	11.0	0.0	1.0	1.0
5	0	274	11.677	0.475	11.0	0.0	1.0	1.0
5	0	268	11.29	0.461	11.0	0.0	1.0	1.0
5	0	262	11.032	0.18	11.0	0.0	1.0	1.0
5	0	256	11.0	0.0	11.0	0.0	1.0	1.0
5	0	250	10.935	0.25	11.0	0.0	1.0	1.0
5	0	244	10.355	0.486	11.0	0.0	1.0	1.0
5	0	238	10.032	0.18	11.0	0.0	1.0	1.0
5	0	232	10.0	0.0	11.0	0.0	1.0	1.0
5	0	226	9.968	0.18	11.0	0.0	1.0	1.0
5	0	220	9.484	0.508	11.194	0.402	1.0	1.0
5	0	214	9.0	0.0	11.097	0.301	1.0	1.0
5	0	208	9.0	0.0	11.516	0.508	1.0	1.0
5	0	202	9.0	0.0	11.677	0.475	1.0	1.0
5	0	196	8.71	0.461	11.903	0.301	1.0	1.0
5	0	190	8.161	0.374	12.0	0.0	1.0	1.0
5	0	184	8.0	0.0	12.0	0.0	1.0	1.0
5	0	178	8.0	0.0	12.0	0.0	1.0	1.0
5	0	172	7.774	0.425	12.0	0.0	1.0	1.0
5	0	166	7.0	0.0	12.0	0.0	1.0	1.0
5	0	160	7.0	0.0	12.226	0.425	1.0	1.0
5	0	154	6.903	0.301	12.516	0.508	1.0	1.0
5	0	148	6.452	0.506	12.968	0.18	1.0	1.0
5	0	142	6.0	0.0	13.0	0.0	1.0	1.0
5	0	136	6.0	0.0	13.065	0.25	1.0	1.0
5	0	130	5.871	0.341	13.065	0.25	1.0	1.0
5	0	124	5.258	0.445	13.677	0.475	1.0	1.0
5	0	118	5.0	0.0	13.968	0.18	1.0	1.0
5	0	112	4.968	0.18	14.032	0.18	1.0	1.0
5	0	106	4.355	0.486	14.968	0.18	1.0	1.0
5	0	100	4.0	0.0	15.194	0.402	1.0	1.0
5	0	77	2.097	0.301	19.129	0.619	1.0	1.0
5	0	74	2.0	0.0	20.323	0.871	1.0	1.0
5	0	71	2.0	0.0	21.581	1.057	1.0	1.0
5	0	68	1.935	0.25	23.097	1.106	1.0	1.0
5	0	65	1.355	0.486	25.032	1.581	1.0	1.0
5	0	62	0.833	0.379	29.192	2.912	0.806	0.839
5	0	59	0.148	0.362	33.125	2.475	0.129	0.258
5	0	56	0.0	0.0	nan	nan	0.0	0.0
5	0	53	0.0	0.0	nan	nan	0.0	0.0
5	0	50	0.0	0.0	nan	nan	0.0	0.0
5	0	47	0.0	0.0	nan	nan	0.0	0.0
5	0	44	0.0	0.0	nan	nan	0.0	0.0
6	0	454	16.871	0.341	10.0	0.0	1.0	1.0
6	0	448	16.645	0.486	10.0	0.0	1.0	1.0
6	0	442	16.387	0.495	10.0	0.0	1.0	1.0
6	0	436	16.032	0.18	10.0	0.0	1.0	1.0
6	0	430	16.0	0.0	10.0	0.0	1.0	1.0
6	0	424	16.0	0.0	10.032	0.18	1.0	1.0
6	0	418	15.968	0.18	10.0	0.0	1.0	1.0
6	0	412	15.871	0.341	10.0	0.0	1.0	1.0
6	0	406	15.677	0.475	10.0	0.0	1.0	1.0
6	0	400	15.387	0.495	10.0	0.0	1.0	1.0
6	0	394	15.226	0.425	10.0	0.0	1.0	1.0
6	0	388	15.032	0.18	10.032	0.18	1.0	1.0
6	0	382	15.0	0.0	10.0	0.0	1.0	1.0
6	0	376	14.968	0.18	10.032	0.18	1.0	1.0
6	0	370	14.935	0.25	10.032	0.18	1.0	1.0
6	0	364	14.871	0.341	10.032	0.18	1.0	1.0
6	0	358	14.516	0.508	10.129	0.341	1.0	1.0
6	0	352	14.065	0.25	10.161	0.374	1.0	1.0
6	0	346	14.0	0.0	10.161	0.374	1.0	1.0
6	0	340	14.0	0.0	10.323	0.475	1.0	1.0
6	0	334	13.935	0.25	10.226	0.425	1.0	1.0
6	0	328	13.581	0.502	10.387	0.495	1.0	1.0
6	0	322	13.258	0.445	10.516	0.508	1.0	1.0
6	0	316	13.032	0.18	10.839	0.374	1.0	1.0
6	0	310	13.032	0.18	10.71	0.461	1.0	1.0
6	0	304	12.968	0.18	10.806	0.402	1.0	1.0
6	0	298	12.903	0.301	10.935	0.25	1.0	1.0
6	0	292	12.355	0.486	11.0	0.0	1.0	1.0
6	0	286	12.032	0.18	11.0	0.0	1.0	1.0
6	0	280	12.0	0.0	10.935	0.25	1.0	1.0
6	0	274	11.935	0.25	10.968	0.18	1.0	1.0
6	0	268	11.581	0.502	11.0	0.0	1.0	1.0
6	0	262	11.194	0.402	11.0	0.0	1.0	1.0
6	0	256	11.0	0.0	11.0	0.0	1.0	1.0
6	0	250	11.0	0.0	11.0	0.0	1.0	1.0
6	0	244	10.839	0.374	11.0	0.0	1.0	1.0
6	0	238	10.387	0.495	11.0	0.0	1.0	1.0
6	0	232	10.032	0.18	11.0	0.0	1.0	1.0
6	0	226	10.0	0.0	11.0	0.0	1.0	1.0
6	0	220	9.839	0.374	11.0	0.0	1.0	1.0
6	0	214	9.484	0.508	11.0	0.0	1.0	1.0
6	0	208	9.032	0.18	11.0	0.0	1.0	1.0
6	0	202	9.0	0.0	11.097	0.301	1.0	1.0
6	0	196	8.839	0.374	11.226	0.425	1.0	1.0
6	0	190	8.355	0.486	11.581	0.502	1.0	1.0
6	0	184	8.0	0.0	11.935	0.25	1.0	1.0
6	0	178	8.0	0.0	11.968	0.18	1.0	1.0
6	0	172	7.871	0.341	12.0	0.0	1.0	1.0
6	0	166	7.258	0.445	12.0	0.0	1.0	1.0
6	0	160	7.065	0.25	12.0	0.0	1.0	1.0
6	0	154	7.0	0.0	12.032	0.18	1.0	1.0
6	0	148	6.806	0.402	12.226	0.425	1.0	1.0
6	0	142	6.065	0.25	12.742	0.445	1.0	1.0
6	0	136	6.0	0.0	12.968	0.18	1.0	1.0
6	0	130	6.0	0.0	13.0	0.0	1.0	1.0
6	0	124	5.387	0.495	13.161	0.374	1.0	1.0
6	0	118	5.0	0.0	13.645	0.486	1.0	1.0
6	0	112	5.0	0.0	13.968	0.18	1.0	1.0
6	0	106	4.839	0.374	14.323	0.475	1.0	1.0
6	0	100	4.065	0.25	14.968	0.315	1.0	1.0
6	0	77	2.581	0.502	18.29	0.461	1.0	1.0
6	0	74	2.065	0.25	19.258	0.855	1.0	1.0
6	0	71	2.0	0.0	20.387	0.919	1.0	1.0
6	0	68	1.903	0.301	21.968	0.948	1.0	1.0
6	0	65	1.71	0.461	23.452	0.995	1.0	1.0
6	0	62	1.065	0.25	26.097	1.886	1.0	1.0
6	0	59	0.867	0.434	28.423	2.335	0.806	0.839
6	0	56	0.0	0.0	35.0	0.0	0.0	0.065
6	0	53	0.0	0.0	nan	nan	0.0	0.0
6	0	50	0.0	0.0	nan	nan	0.0	0.0
6	0	47	0.0	0.0	nan	nan	0.0	0.0
6	0	44	0.0	0.0	nan	nan	0.0	0.0
7	0	454	18.0	0.0	10.161	0.374	1.0	1.0
7	0	448	17.935	0.25	10.129	0.341	1.0	1.0
7	0	442	17.613	0.495	10.097	0.301	1.0	1.0
7	0	436	17.355	0.486	10.194	0.402	1.0	1.0
7	0	430	17.097	0.301	10.032	0.18	1.0	1.0
7	0	424	17.032	0.18	10.194	0.402	1.0	1.0
7	0	418	17.0	0.0	10.161	0.374	1.0	1.0
7	0	412	17.0	0.0	10.258	0.445	1.0	1.0
7	0	406	16.935	0.25	10.258	0.445	1.0	1.0
7	0	400	16.677	0.475	10.323	0.475	1.0	1.0
7	0	394	16.387	0.495	10.419	0.502	1.0	1.0
7	0	388	16.129	0.341	10.323	0.475	1.0	1.0
7	0	382	16.0	0.0	10.581	0.502	1.0	1.0
7	0	376	16.0	0.0	10.484	0.508	1.0	1.0
7	0	370	15.839	0.374	10.387	0.495	1.0	1.0
7	0	364	15.613	0.495	10.452	0.506	1.0	1.0
7	0	358	15.355	0.486	10.677	0.475	1.0	1.0
7	0	352	15.097	0.301	10.581	0.502	1.0	1.0
7	0	346	15.0	0.0	10.516	0.508	1.0	1.0
7	0	340	15.0	0.0	10.742	0.445	1.0	1.0
7	0	334	14.968	0.18	10.839	0.374	1.0	1.0
7	0	328	14.548	0.506	10.935	0.25	1.0	1.0
7	0	322	14.129	0.341	10.903	0.301	1.0	1.0
7	0	316	14.0	0.0	10.871	0.341	1.0	1.0
7	0	310	13.968	0.18	10.903	0.301	1.0	1.0
7	0	304	13.871	0.341	11.0	0.0	1.0	1.0
7	0	298	13.355	0.486	11.0	0.0	1.0	1.0
7	0	292	13.129	0.341	10.968	0.18	1.0	1.0
7	0	286	13.0	0.0	11.0	0.0	1.0	1.0
7	0	280	12.903	0.301	10.968	0.18	1.0	1.0
7	0	274	12.645	0.486	11.0	0.0	1.0	1.0
7	0	268	12.161	0.374	11.0	0.0	1.0	1.0
7	0	262	12.0	0.0	11.0	0.0	1.0	1.0
7	0	256	11.903	0.301	11.0	0.0	1.0	1.0
7	0	250	11.774	0.425	11.0	0.0	1.0	1.0
7	0	244	11.065	0.25	11.0	0.0	1.0	1.0
7	0	238	11.0	0.0	11.0	0.0	1.0	1.0
7	0	232	10.903	0.301	11.0	0.0	1.0	1.0
7	0	226	10.548	0.506	11.065	0.25	1.0	1.0
7	0	220	10.097	0.301	11.0	0.0	1.0	1.0
7	0	214	10.032	0.18	11.065	0.25	1.0	1.0
7	0	208	9.935	0.25	11.129	0.341	1.0	1.0
7	0	202	9.29	0.461	11.29	0.461	1.0	1.0
7	0	196	9.065	0.25	11.419	0.502	1.0	1.0
7	0	190	9.0	0.0	11.645	0.486	1.0	1.0
7	0	184	8.774	0.425	11.903	0.301	1.0	1.0
7	0	178	8.129	0.341	11.968	0.18	1.0	1.0
7	0	172	8.0	0.0	11.968	0.18	1.0	1.0
7	0	166	7.935	0.25	12.0	0.0	1.0	1.0
7	0	160	7.419	0.502	12.032	0.18	1.0	1.0
7	0	154	7.0	0.0	12.097	0.301	1.0	1.0
7	0	148	7.0	0.0	12.194	0.402	1.0	1.0
7	0	142	6.548	0.506	12.452	0.506	1.0	1.0
7	0	136	6.129	0.341	12.806	0.402	1.0	1.0
7	0	130	5.968	0.18	13.032	0.18	1.0	1.0
7	0	124	5.839	0.374	13.0	0.0	1.0	1.0
7	0	118	5.065	0.25	13.226	0.425	1.0	1.0
7	0	112	5.0	0.0	13.839	0.374	1.0	1.0
7	0	106	4.935	0.25	14.0	0.258	1.0	1.0
7	0	100	4.065	0.25	14.419	0.502	1.0	1.0
7	0	77	2.871	0.341	17.516	0.677	1.0	1.0
7	0	74	2.484	0.57	18.129	0.718	1.0	1.0
7	0	71	2.032	0.706	18.935	0.772	1.0	1.0
7	0	68	1.452	0.506	20.548	0.85	1.0	1.0
7	0	65	1.097	0.301	21.516	1.092	1.0	1.0
7	0	62	1.032	0.18	23.161	2.339	1.0	1.0
7	0	59	0.935	0.25	26.276	2.548	0.935	0.935
7	0	56	0.1	0.305	30.75	4.425	0.097	0.129
7	0	53	0.0	0.0	nan	nan	0.0	0.0
7	0	50	0.0	0.0	nan	nan	0.0	0.0
7	0	47	0.0	0.0	nan	nan	0.0	0.0
7	0	44	0.0	0.0	nan	nan	0.0	0.0
8	0	454	14.0	0.0	10.677	0.475	1.0	1.0
8	0	448	14.0	0.0	10.71	0.461	1.0	1.0
8	0	442	14.0	0.0	10.871	0.341	1.0	1.0
8	0	436	14.0	0.0	10.935	0.25	1.0	1.0
8	0	430	14.0	0.0	10.839	0.374	1.0	1.0
8	0	424	13.742	0.445	10.871	0.341	1.0	1.0
8	0	418	13.548	0.506	10.968	0.18	1.0	1.0
8	0	412	13.161	0.374	10.871	0.341	1.0	1.0
8	0	406	13.032	0.18	10.935	0.25	1.0	1.0
8	0	400	13.032	0.18	10.968	0.18	1.0	1.0
8	0	394	13.0	0.0	10.968	0.18	1.0	1.0
8	0	388	13.0	0.0	10.935	0.25	1.0	1.0
8	0	382	12.935	0.25	10.968	0.18	1.0	1.0
8	0	376	12.871	0.341	11.0	0.0	1.0	1.0
8	0	370	12.774	0.425	11.0	0.0	1.0	1.0
8	0	364	12.258	0.445	11.0	0.0	1.0	1.0
8	0	358	12.194	0.402	11.0	0.0	1.0	1.0
8	0	352	12.0	0.0	11.0	0.0	1.0	1.0
8	0	346	12.0	0.0	11.0	0.0	1.0	1.0
8	0	340	12.0	0.0	11.0	0.0	1.0	1.0
8	0	334	11.903	0.301	11.0	0.0	1.0	1.0
8	0	328	11.806	0.402	11.0	0.0	1.0	1.0
8	0	322	11.161	0.374	11.0	0.0	1.0	1.0
8	0	316	11.065	0.25	11.0	0.0	1.0	1.0
8	0	310	11.0	0.0	11.0	0.0	1.0	1.0
8	0	304	11.0	0.0	11.0	0.0	1.0	1.0
8	0	298	11.0	0.0	11.0	0.0	1.0	1.0
8	0	292	10.935	0.25	11.0	0.0	1.0	1.0
8	0	286	10.581	0.502	11.0	0.0	1.0	1.0
8	0	280	10.129	0.341	11.0	0.0	1.0	1.0
8	0	274	10.0	0.0	11.0	0.0	1.0	1.0
8	0	268	10.0	0.0	11.0	0.0	1.0	1.0
8	0	262	10.0	0.0	11.0	0.0	1.0	1.0
8	0	256	9.935	0.25	11.0	0.0	1.0	1.0
8	0	250	9.323	0.475	11.0	0.0	1.0	1.0
8	0	244	9.065	0.25	11.0	0.0	1.0	1.0
8	0	238	9.0	0.0	11.0	0.0	1.0	1.0
8	0	232	9.0	0.0	11.0	0.0	1.0	1.0
8	0	226	8.968	0.18	11.032	0.18	1.0	1.0
8	0	220	8.452	0.506	11.226	0.425	1.0	1.0
8	0	214	8.161	0.374	11.323	0.475	1.0	1.0
8	0	208	8.0	0.0	11.613	0.495	1.0	1.0
8	0	202	8.0	0.0	11.839	0.374	1.0	1.0
8	0	196	8.0	0.0	12.0	0.0	1.0	1.0
8	0	190	7.516	0.508	12.0	0.0	1.0	1.0
8	0	184	7.032	0.18	12.0	0.0	1.0	1.0
8	0	178	7.0	0.0	12.0	0.0	1.0	1.0
8	0	172	7.0	0.0	12.0	0.0	1.0	1.0
8	0	166	6.903	0.301	12.032	0.18	1.0	1.0
8	0	160	6.161	0.374	12.032	0.18	1.0	1.0
8	0	154	6.0	0.0	12.194	0.402	1.0	1.0
8	0	148	6.0	0.0	12.742	0.445	1.0	1.0
8	0	142	6.0	0.0	13.0	0.0	1.0	1.0
8	0	136	5.419	0.502	13.0	0.0	1.0	1.0
8	0	130	5.0	0.0	13.032	0.18	1.0	1.0
8	0	124	5.0	0.0	13.226	0.425	1.0	1.0
8	0	118	5.0	0.0	13.774	0.425	1.0	1.0
8	0	112	4.742	0.445	14.0	0.258	1.0	1.0
8	0	106	4.032	0.18	14.387	0.495	1.0	1.0
8	0	100	4.0	0.0	14.903	0.301	1.0	1.0
8	0	77	2.645	0.486	18.161	0.638	1.0	1.0
8	0	74	2.129	0.341	18.71	0.588	1.0	1.0
8	0	71	2.032	0.315	19.613	0.989	1.0	1.0
8	0	68	2.032	0.18	20.806	1.223	1.0	1.0
8	0	65	1.581	0.502	23.097	1.106	1.0	1.0
8	0	62	1.032	0.18	25.742	2.294	1.0	1.0
8	0	59	0.714	0.46	29.217	3.133	0.645	0.742
8	0	56	0.107	0.315	32.333	3.777	0.097	0.194
8	0	53	0.0	0.0	nan	nan	0.0	0.0
8	0	50	0.0	0.0	nan	nan	0.0	0.0
8	0	47	0.0	0.0	nan	nan	0.0	0.0
8	0	44	0.0	0.0	nan	nan	0.0	0.0
9	0	454	21.516	0.508	10.0	0.0	1.0	1.0
9	0	448	21.258	0.445	10.0	0.0	1.0	1.0
9	0	442	21.129	0.341	10.0	0.0	1.0	1.0
9	0	436	21.0	0.0	10.0	0.0	1.0	1.0
9	0	430	20.935	0.25	10.0	0.0	1.0	1.0
9	0	424	20.806	0.402	10.0	0.0	1.0	1.0
9	0	418	20.645	0.486	10.0	0.0	1.0	1.0
9	0	412	20.258	0.445	10.0	0.0	1.0	1.0
9	0	406	20.032	0.18	10.0	0.0	1.0	1.0
9	0	400	20.0	0.258	10.0	0.0	1.0	1.0
9	0	394	19.903	0.301	10.0	0.0	1.0	1.0
9	0	388	19.419	0.502	10.0	0.0	1.0	1.0
9	0	382	19.29	0.461	10.0	0.0	1.0	1.0
9	0	376	19.032	0.18	10.0	0.0	1.0	1.0
9	0	370	18.935	0.25	10.0	0.0	1.0	1.0
9	0	364	18.742	0.445	10.0	0.0	1.0	1.0
9	0	358	18.355	0.486	10.0	0.0	1.0	1.0
9	0	352	18.0	0.0	10.032	0.18	1.0	1.0
9	0	346	17.935	0.25	10.0	0.0	1.0	1.0
9	0	340	17.903	0.301	10.0	0.0	1.0	1.0
9	0	334	17.581	0.502	10.0	0.0	1.0	1.0
9	0	328	17.161	0.374	10.032	0.18	1.0	1.0
9	0	322	17.065	0.25	10.032	0.18	1.0	1.0
9	0	316	17.0	0.0	10.032	0.18	1.0	1.0
9	0	310	16.516	0.508	10.258	0.445	1.0	1.0
9	0	304	16.29	0.461	10.194	0.402	1.0	1.0
9	0	298	16.0	0.0	10.581	0.502	1.0	1.0
9	0	292	15.871	0.341	10.774	0.425	1.0	1.0
9	0	286	15.387	0.495	10.774	0.425	1.0	1.0
9	0	280	15.032	0.18	10.871	0.341	1.0	1.0
9	0	274	14.871	0.341	10.935	0.25	1.0	1.0
9	0	268	14.742	0.445	10.903	0.301	1.0	1.0
9	0	262	14.323	0.475	10.968	0.18	1.0	1.0
9	0	256	14.032	0.18	11.0	0.0	1.0	1.0
9	0	250	13.839	0.374	10.968	0.18	1.0	1.0
9	0	244	13.452	0.506	11.0	0.0	1.0	1.0
9	0	238	13.0	0.0	11.0	0.0	1.0	1.0
9	0	232	12.935	0.25	11.0	0.0	1.0	1.0
9	0	226	12.645	0.486	11.0	0.0	1.0	1.0
9	0	220	12.097	0.301	11.0	0.0	1.0	1.0
9	0	214	12.0	0.0	11.0	0.0	1.0	1.0
9	0	208	11.516	0.508	11.0	0.0	1.0	1.0
9	0	202	11.161	0.374	11.0	0.0	1.0	1.0
9	0	196	11.032	0.18	11.0	0.0	1.0	1.0
9	0	190	10.645	0.486	11.194	0.402	1.0	1.0
9	0	184	10.097	0.301	11.484	0.508	1.0	1.0
9	0	178	10.0	0.0	11.806	0.402	1.0	1.0
9	0	172	9.516	0.508	11.968	0.18	1.0	1.0
9	0	166	9.0	0.0	12.0	0.0	1.0	1.0
9	0	160	8.935	0.25	12.0	0.0	1.0	1.0
9	0	154	8.419	0.502	12.0	0.0	1.0	1.0
9	0	148	8.032	0.18	12.129	0.341	1.0	1.0
9	0	142	7.968	0.18	12.484	0.508	1.0	1.0
9	0	136	7.387	0.495	12.903	0.301	1.0	1.0
9	0	130	7.032	0.18	13.0	0.0	1.0	1.0
9	0	124	6.774	0.425	13.065	0.25	1.0	1.0
9	0	118	6.065	0.25	13.806	0.402	1.0	1.0
9	0	112	6.0	0.0	14.065	0.25	1.0	1.0
9	0	106	5.323	0.475	14.484	0.508	1.0	1.0
9	0	100	5.0	0.0	15.0	0.258	1.0	1.0
9	0	77	3.194	0.477	18.355	0.486	1.0	1.0
9	0	74	2.355	0.486	19.774	0.845	1.0	1.0
9	0	71	2.129	0.341	20.903	1.136	1.0	1.0
9	0	68	2.0	0.0	22.839	1.186	1.0	1.0
9	0	65	2.0	0.0	25.258	2.435	1.0	1.0
9	0	62	1.71	0.461	28.613	2.825	1.0	1.0
9	0	59	0.577	0.809	32.067	4.35	0.323	0.484
9	0	56	0.0	0.0	nan	nan	0.0	0.0
9	0	53	0.0	0.0	nan	nan	0.0	0.0
9	0	50	0.0	0.0	nan	nan	0.0	0.0
9	0	47	0.0	0.0	nan	nan	0.0	0.0
9	0	44	0.0	0.0	nan	nan	0.0	0.0
10	0	454	16.0	0.0	10.0	0.0	1.0	1.0
10	0	448	16.0	0.0	10.0	0.0	1.0	1.0
10	0	442	15.968	0.18	10.0	0.0	1.0	1.0
10	0	436	15.839	0.374	10.0	0.0	1.0	1.0
10	0	430	15.677	0.475	10.0	0.0	1.0	1.0
10	0	424	15.387	0.495	10.0	0.0	1.0	1.0
10	0	418	15.097	0.301	10.0	0.0	1.0	1.0
10	0	412	15.065	0.25	10.0	0.0	1.0	1.0
10	0	406	15.032	0.18	10.0	0.0	1.0	1.0
10	0	400	15.0	0.0	10.0	0.0	1.0	1.0
10	0	394	14.903	0.301	10.0	0.0	1.0	1.0
10	0	388	14.903	0.301	10.0	0.0	1.0	1.0
10	0	382	14.645	0.486	10.0	0.0	1.0	1.0
10	0	376	14.387	0.495	10.0	0.0	1.0	1.0
10	0	370	14.129	0.341	10.0	0.0	1.0	1.0
10	0	364	14.0	0.0	10.0	0.0	1.0	1.0
10	0	358	14.0	0.0	10.0	0.0	1.0	1.0
10	0	352	14.0	0.0	10.0	0.0	1.0	1.0
10	0	346	13.839	0.374	10.0	0.0	1.0	1.0
10	0	340	13.258	0.445	10.0	0.0	1.0	1.0
10	0	334	13.097	0.301	10.0	0.0	1.0	1.0
10	0	328	13.0	0.0	10.0	0.0	1.0	1.0
10	0	322	13.0	0.0	10.0	0.0	1.0	1.0
10	0	316	13.0	0.0	10.032	0.18	1.0	1.0
10	0	310	12.903	0.301	10.0	0.0	1.0	1.0
10	0	304	12.419	0.502	10.032	0.18	1.0	1.0
10	0	298	12.032	0.18	10.097	0.301	1.0	1.0
10	0	292	12.0	0.0	10.0	0.0	1.0	1.0
10	0	286	12.0	0.0	10.161	0.374	1.0	1.0
10	0	280	11.935	0.25	10.258	0.445	1.0	1.0
10	0	274	11.355	0.486	10.581	0.502	1.0	1.0
10	0	268	11.065	0.25	10.677	0.475	1.0	1.0
10	0	262	11.0	0.0	10.677	0.475	1.0	1.0
10	0	256	10.935	0.25	10.935	0.25	1.0	1.0
10	0	250	10.871	0.341	10.903	0.301	1.0	1.0
10	0	244	10.194	0.402	11.0	0.0	1.0	1.0
10	0	238	10.0	0.0	11.0	0.0	1.0	1.0
10	0	232	10.0	0.0	10.968	0.18	1.0	1.0
10	0	226	9.839	0.374	11.0	0.0	1.0	1.0
10	0	220	9.613	0.495	11.0	0.0	1.0	1.0
10	0	214	9.032	0.18	11.0	0.0	1.0	1.0
10	0	208	9.0	0.0	11.0	0.0	1.0	1.0
10	0	202	8.903	0.301	11.0	0.0	1.0	1.0
10	0	196	8.419	0.502	11.0	0.0	1.0	1.0
10	0	190	8.194	0.402	11.0	0.0	1.0	1.0
10	0	184	8.0	0.0	11.065	0.25	1.0	1.0
10	0	178	8.0	0.0	11.194	0.402	1.0	1.0
10	0	172	7.581	0.502	11.71	0.461	1.0	1.0
10	0	166	7.097	0.301	11.871	0.341	1.0	1.0
10	0	160	7.0	0.0	11.968	0.18	1.0	1.0
10	0	154	6.968	0.18	12.0	0.0	1.0	1.0
10	0	148	6.613	0.495	12.0	0.0	1.0	1.0
10	0	142	6.065	0.25	12.097	0.301	1.0	1.0
10	0	136	6.0	0.0	12.387	0.495	1.0	1.0
10	0	130	5.968	0.18	12.935	0.25	1.0	1.0
10	0	124	5.323	0.475	13.0	0.0	1.0	1.0
10	0	118	5.0	0.0	13.194	0.402	1.0	1.0
10	0	112	4.968	0.18	13.806	0.402	1.0	1.0
10	0	106	4.645	0.486	14.065	0.25	1.0	1.0
10	0	100	4.032	0.18	14.645	0.486	1.0	1.0
10	0	77	2.742	0.445	17.935	0.512	1.0	1.0
10	0	74	2.161	0.374	18.935	0.772	1.0	1.0
10	0	71	2.0	0.0	19.968	0.948	1.0	1.0
10	0	68	1.871	0.341	21.645	1.05	1.0	1.0
10	0	65	1.323	0.475	23.935	1.315	1.0	1.0
10	0	62	1.167	0.379	26.419	2.474	0.968	1.0
10	0	59	0.444	0.506	30.25	4.107	0.387	0.516
10	0	56	0.0	0.0	35.0	0.0	0.0	0.032
10	0	53	0.0	0.0	nan	nan	0.0	0.0
10	0	50	0.0	0.0	nan	nan	0.0	0.0
10	0	47	0.0	0.0	nan	nan	0.0	0.0
10	0	44	0.0	0.0	nan	nan	0.0	0.0
11	0	454	18.935	0.25	10.0	0.0	1.0	1.0
11	0	448	18.613	0.495	10.0	0.0	1.0	1.0
11	0	442	18.323	0.475	10.0	0.0	1.0	1.0
11	0	436	18.226	0.425	10.0	0.0	1.0	1.0
11	0	430	18.032	0.18	10.0	0.0	1.0	1.0
11	0	424	18.0	0.0	10.0	0.0	1.0	1.0
11	0	418	17.968	0.18	9.968	0.18	1.0	1.0
11	0	412	17.71	0.461	10.0	0.0	1.0	1.0
11	0	406	17.516	0.508	10.0	0.0	1.0	1.0
11	0	400	17.29	0.461	10.0	0.0	1.0	1.0
11	0	394	17.065	0.25	10.0	0.0	1.0	1.0
11	0	388	17.0	0.0	10.0	0.0	1.0	1.0
11	0	382	16.968	0.18	10.0	0.0	1.0	1.0
11	0	376	16.806	0.402	10.0	0.0	1.0	1.0
11	0	370	16.484	0.508	10.0	0.0	1.0	1.0
11	0	364	16.161	0.374	10.0	0.0	1.0	1.0
11	0	358	16.032	0.18	10.0	0.0	1.0	1.0
11	0	352	16.0	0.0	10.0	0.0	1.0	1.0
11	0	346	15.871	0.341	10.0	0.0	1.0	1.0
11	0	340	15.419	0.502	10.0	0.0	1.0	1.0
11	0	334	15.258	0.445	10.0	0.0	1.0	1.0
11	0	328	15.0	0.0	10.0	0.0	1.0	1.0
11	0	322	14.968	0.18	10.0	0.0	1.0	1.0
11	0	316	14.613	0.495	10.0	0.0	1.0	1.0
11	0	310	14.355	0.486	10.0	0.0	1.0	1.0
11	0	304	14.065	0.25	10.0	0.0	1.0	1.0
11	0	298	13.935	0.25	10.0	0.0	1.0	1.0
11	0	292	13.968	0.18	10.0	0.0	1.0	1.0
11	0	286	13.452	0.506	10.0	0.0	1.0	1.0
11	0	280	13.161	0.374	10.0	0.0	1.0	1.0
11	0	274	13.0	0.0	10.0	0.0	1.0	1.0
11	0	268	12.839	0.374	10.0	0.0	1.0	1.0
11	0	262	12.613	0.495	10.0	0.0	1.0	1.0
11	0	256	12.097	0.301	10.0	0.0	1.0	1.0
11	0	250	12.032	0.18	10.0	0.0	1.0	1.0
11	0	244	11.839	0.374	10.0	0.0	1.0	1.0
11	0	238	11.548	0.506	10.032	0.18	1.0	1.0
11	0	232	11.065	0.25	10.065	0.25	1.0	1.0
11	0	226	10.968	0.18	10.129	0.341	1.0	1.0
11	0	220	10.71	0.461	10.548	0.506	1.0	1.0
11	0	214	10.194	0.402	10.774	0.425	1.0	1.0
11	0	208	10.0	0.0	10.871	0.341	1.0	1.0
11	0	202	9.903	0.301	10.968	0.18	1.0	1.0
11	0	196	9.516	0.508	11.0	0.0	1.0	1.0
11	0	190	9.065	0.25	11.0	0.0	1.0	1.0
11	0	184	9.0	0.0	11.0	0.0	1.0	1.0
11	0	178	8.806	0.402	11.0	0.0	1.0	1.0
11	0	172	8.097	0.301	11.032	0.18	1.0	1.0
11	0	166	8.0	0.0	11.0	0.0	1.0	1.0
11	0	160	7.677	0.475	11.258	0.445	1.0	1.0
11	0	154	7.161	0.374	11.645	0.486	1.0	1.0
11	0	148	7.032	0.18	11.839	0.374	1.0	1.0
11	0	142	6.903	0.301	12.0	0.0	1.0	1.0
11	0	136	6.258	0.445	12.0	0.0	1.0	1.0
11	0	130	6.0	0.0	12.032	0.18	1.0	1.0
11	0	124	5.839	0.374	12.484	0.508	1.0	1.0
11	0	118	5.29	0.461	12.935	0.25	1.0	1.0
11	0	112	5.0	0.0	13.097	0.301	1.0	1.0
11	0	106	4.871	0.341	13.677	0.475	1.0	1.0
11	0	100	4.129	0.341	14.0	0.0	1.0	1.0
11	0	77	2.935	0.25	16.935	0.574	1.0	1.0
11	0	74	2.645	0.486	17.613	0.615	1.0	1.0
11	0	71	1.968	0.706	18.774	0.762	1.0	1.0
11	0	68	1.194	0.402	19.935	1.413	1.0	1.0
11	0	65	1.065	0.25	21.742	1.788	1.0	1.0
11	0	62	0.967	0.183	23.967	1.474	0.935	0.968
11	0	59	0.4	0.498	27.846	3.262	0.387	0.419
11	0	56	0.032	0.18	26.0	0.0	0.032	0.032
11	0	53	0.0	0.0	nan	nan	0.0	0.0
11	0	50	0.0	0.0	nan	nan	0.0	0.0
11	0	47	0.0	0.0	nan	nan	0.0	0.0
11	0	44	0.0	0.0	nan	nan	0.0	0.0
12	0	454	18.484	0.508	11.0	0.0	1.0	1.0
12	0	448	18.323	0.475	11.0	0.0	1.0	1.0
12	0	442	18.129	0.341	11.0	0.0	1.0	1.0
12	0	436	18.0	0.0	11.0	0.0	1.0	1.0
12	0	430	18.0	0.0	11.0	0.0	1.0	1.0
12	0	424	17.935	0.25	11.0	0.0	1.0	1.0
12	0	418	17.742	0.445	11.0	0.0	1.0	1.0
12	0	412	17.484	0.508	11.0	0.0	1.0	1.0
12	0	406	17.29	0.461	11.0	0.0	1.0	1.0
12	0	400	17.032	0.18	11.0	0.0	1.0	1.0
12	0	394	17.0	0.0	11.0	0.0	1.0	1.0
12	0	388	16.968	0.18	11.0	0.0	1.0	1.0
12	0	382	16.871	0.341	11.0	0.0	1.0	1.0
12	0	376	16.484	0.508	11.0	0.0	1.0	1.0
12	0	370	16.097	0.301	11.0	0.0	1.0	1.0
12	0	364	16.032	0.18	11.0	0.0	1.0	1.0
12	0	358	16.032	0.18	11.0	0.0	1.0	1.0
12	0	352	15.968	0.18	11.0	0.0	1.0	1.0
12	0	346	15.71	0.461	11.0	0.0	1.0	1.0
12	0	340	15.226	0.425	11.0	0.0	1.0	1.0
12	0	334	15.065	0.25	11.0	0.0	1.0	1.0
12	0	328	15.032	0.18	11.0	0.0	1.0	1.0
12	0	322	14.935	0.25	11.0	0.0	1.0	1.0
12	0	316	14.677	0.475	11.0	0.0	1.0	1.0
12	0	310	14.194	0.402	11.0	0.0	1.0	1.0
12	0	304	14.097	0.301	11.0	0.0	1.0	1.0
12	0	298	14.0	0.0	11.0	0.0	1.0	1.0
12	0	292	13.935	0.25	11.0	0.0	1.0	1.0
12	0	286	13.71	0.461	11.0	0.0	1.0	1.0
12	0	280	13.129	0.341	11.0	0.0	1.0	1.0
12	0	274	13.0	0.0	11.0	0.0	1.0	1.0
12	0	268	13.0	0.0	11.0	0.0	1.0	1.0
12	0	262	12.613	0.495	11.0	0.0	1.0	1.0
12	0	256	12.161	0.374	11.032	0.18	1.0	1.0
12	0	250	12.0	0.0	11.065	0.25	1.0	1.0
12	0	244	11.968	0.18	11.323	0.475	1.0	1.0
12	0	238	11.774	0.425	11.29	0.461	1.0	1.0
12	0	232	11.129	0.341	11.581	0.502	1.0	1.0
12	0	226	11.0	0.0	11.839	0.374	1.0	1.0
12	0	220	11.0	0.0	11.839	0.374	1.0	1.0
12	0	214	10.581	0.502	12.0	0.0	1.0	1.0
12	0	208	10.032	0.18	11.968	0.18	1.0	1.0
12	0	202	10.0	0.0	12.0	0.0	1.0	1.0
12	0	196	9.968	0.18	12.0	0.0	1.0	1.0
12	0	190	9.323	0.475	12.0	0.0	1.0	1.0
12	0	184	9.032	0.18	12.032	0.18	1.0	1.0
12	0	178	9.0	0.0	12.0	0.0	1.0	1.0
12	0	172	8.774	0.425	12.032	0.18	1.0	1.0
12	0	166	8.065	0.25	12.323	0.475	1.0	1.0
12	0	160	8.0	0.0	12.806	0.402	1.0	1.0
12	0	154	7.806	0.402	12.968	0.18	1.0	1.0
12	0	148	7.065	0.25	13.0	0.0	1.0	1.0
12	0	142	7.0	0.0	13.032	0.18	1.0	1.0
12	0	136	7.0	0.0	13.032	0.18	1.0	1.0
12	0	130	6.355	0.486	13.516	0.508	1.0	1.0
12	0	124	6.0	0.0	13.935	0.25	1.0	1.0
12	0	118	5.935	0.25	14.032	0.18	1.0	1.0
12	0	112	5.097	0.301	14.645	0.486	1.0	1.0
12	0	106	5.0	0.0	15.0	0.0	1.0	1.0
12	0	100	4.968	0.18	15.355	0.486	1.0	1.0
12	0	77	2.387	0.558	19.194	0.601	1.0	1.0
12	0	74	2.0	0.0	20.419	0.672	1.0	1.0
12	0	71	2.0	0.0	21.71	1.131	1.0	1.0
12	0	68	2.0	0.0	23.742	0.855	1.0	1.0
12	0	65	1.935	0.25	25.71	1.697	1.0	1.0
12	0	62	1.5	0.509	30.71	3.122	0.903	1.0
12	0	59	0.5	0.859	34.467	2.264	0.194	0.484
12	0	56	0.0	0.0	nan	nan	0.0	0.0
12	0	53	0.0	0.0	nan	nan	0.0	0.0
12	0	50	0.0	0.0	nan	nan	0.0	0.0
12	0	47	0.0	0.0	nan	nan	0.0	0.0
12	0	44	0.0	0.0	nan	nan	0.0	0.0
13	0	454	14.0	0.0	10.0	0.0	1.0	1.0
13	0	448	13.968	0.18	10.0	0.0	1.0	1.0
13	0	442	13.839	0.374	10.0	0.0	1.0	1.0
13	0	436	13.806	0.402	10.0	0.0	1.0	1.0
13	0	430	13.355	0.486	9.968	0.18	1.0	1.0
13	0	424	13.129	0.341	10.0	0.0	1.0	1.0
13	0	418	13.0	0.0	10.0	0.0	1.0	1.0
13	0	412	13.0	0.0	9.968	0.18	1.0	1.0
13	0	406	13.0	0.0	10.0	0.0	1.0	1.0
13	0	400	13.0	0.0	10.0	0.0	1.0	1.0
13	0	394	13.0	0.0	10.0	0.0	1.0	1.0
13	0	388	13.0	0.0	10.0	0.0	1.0	1.0
13	0	382	12.742	0.445	10.0	0.0	1.0	1.0
13	0	376	12.355	0.486	10.0	0.0	1.0	1.0
13	0	370	12.129	0.341	10.0	0.0	1.0	1.0
13	0	364	12.0	0.0	10.0	0.0	1.0	1.0
13	0	358	12.0	0.0	10.0	0.0	1.0	1.0
13	0	352	12.0	0.0	10.0	0.0	1.0	1.0
13	0	346	11.968	0.18	10.0	0.0	1.0	1.0
13	0	340	11.806	0.402	10.0	0.0	1.0	1.0
13	0	334	11.226	0.425	10.0	0.0	1.0	1.0
13	0	328	11.097	0.301	10.0	0.0	1.0	1.0
13	0	322	11.0	0.0	10.0	0.0	1.0	1.0
13	0	316	11.0	0.0	10.0	0.0	1.0	1.0
13	0	310	11.0	0.0	10.0	0.0	1.0	1.0
13	0	304	10.903	0.301	10.0	0.0	1.0	1.0
13	0	298	10.29	0.461	10.0	0.0	1.0	1.0
13	0	292	10.161	0.374	10.0	0.0	1.0	1.0
13	0	286	10.032	0.18	10.0	0.0	1.0	1.0
13	0	280	10.0	0.0	10.0	0.0	1.0	1.0
13	0	274	10.0	0.0	10.0	0.0	1.0	1.0
13	0	268	9.806	0.402	10.0	0.0	1.0	1.0
13	0	262	9.387	0.495	10.0	0.0	1.0	1.0
13	0	256	9.097	0.301	10.0	0.0	1.0	1.0
13	0	250	9.0	0.0	10.0	0.0	1.0	1.0
13	0	244	9.0	0.0	10.0	0.0	1.0	1.0
13	0	238	8.871	0.341	10.0	0.0	1.0	1.0
13	0	232	8.516	0.508	10.0	0.0	1.0	1.0
13	0	226	8.032	0.18	10.097	0.301	1.0	1.0
13	0	220	8.0	0.0	10.419	0.502	1.0	1.0
13	0	214	8.0	0.0	10.742	0.445	1.0	1.0
13	0	208	7.935	0.25	10.806	0.402	1.0	1.0
13	0	202	7.581	0.502	10.903	0.301	1.0	1.0
13	0	196	7.065	0.25	10.935	0.25	1.0	1.0
13	0	190	7.0	0.0	11.0	0.0	1.0	1.0
13	0	184	7.0	0.0	11.0	0.0	1.0	1.0
13	0	178	7.0	0.0	11.0	0.0	1.0	1.0
13	0	172	6.516	0.508	11.0	0.0	1.0	1.0
13	0	166	6.097	0.301	11.0	0.0	1.0	1.0
13	0	160	6.0	0.0	11.161	0.374	1.0	1.0
13	0	154	6.0	0.0	11.516	0.508	1.0	1.0
13	0	148	5.742	0.445	11.774	0.425	1.0	1.0
13	0	142	5.129	0.341	11.903	0.301	1.0	1.0
13	0	136	5.0	0.0	12.0	0.0	1.0	1.0
13	0	130	5.0	0.0	12.032	0.18	1.0	1.0
13	0	124	4.839	0.374	12.387	0.495	1.0	1.0
13	0	118	4.161	0.374	12.871	0.341	1.0	1.0
13	0	112	4.0	0.0	13.0	0.0	1.0	1.0
13	0	106	4.0	0.0	13.548	0.506	1.0	1.0
13	0	100	3.935	0.25	14.032	0.18	1.0	1.0
13	0	77	2.935	0.25	16.935	0.442	1.0	1.0
13	0	74	2.677	0.599	17.645	0.709	1.0	1.0
13	0	71	1.645	0.661	18.839	0.934	1.0	1.0
13	0	68	1.097	0.301	19.935	1.289	1.0	1.0
13	0	65	1.0	0.0	21.516	0.926	1.0	1.0
13	0	62	1.0	0.0	24.29	2.771	0.968	1.0
13	0	59	0.552	0.506	27.722	3.045	0.516	0.581
13	0	56	0.0	0.0	nan	nan	0.0	0.0
13	0	53	0.0	0.0	nan	nan	0.0	0.0
13	0	50	0.0	0.0	nan	nan	0.0	0.0
13	0	47	0.0	0.0	nan	nan	0.0	0.0
13	0	44	0.0	0.0	nan	nan	0.0	0.0
14	0	454	18.0	0.0	10.0	0.0	1.0	1.0
14	0	448	18.032	0.18	10.0	0.0	1.0	1.0
14	0	442	17.903	0.301	10.0	0.0	1.0	1.0
14	0	436	17.806	0.402	10.0	0.0	1.0	1.0
14	0	430	17.774	0.425	10.0	0.0	1.0	1.0
14	0	424	17.387	0.495	10.0	0.0	1.0	1.0
14	0	418	17.226	0.425	10.0	0.0	1.0	1.0
14	0	412	17.065	0.25	10.0	0.0	1.0	1.0
14	0	406	17.0	0.0	10.0	0.0	1.0	1.0
14	0	400	16.871	0.341	10.0	0.0	1.0	1.0
14	0	394	16.645	0.486	9.968	0.18	1.0	1.0
14	0	388	16.323	0.475	10.0	0.0	1.0	1.0
14	0	382	16.258	0.445	10.0	0.0	1.0	1.0
14	0	376	16.0	0.0	10.0	0.0	1.0	1.0
14	0	370	16.0	0.0	10.0	0.0	1.0	1.0
14	0	364	15.935	0.25	10.0	0.0	1.0	1.0
14	0	358	15.677	0.475	10.0	0.0	1.0	1.0
14	0	352	15.548	0.506	10.0	0.0	1.0	1.0
14	0	346	15.161	0.374	10.0	0.0	1.0	1.0
14	0	340	14.968	0.18	10.0	0.0	1.0	1.0
14	0	334	14.968	0.18	10.0	0.0	1.0	1.0
14	0	328	14.484	0.508	10.0	0.0	1.0	1.0
14	0	322	14.258	0.445	10.0	0.0	1.0	1.0
14	0	316	14.0	0.0	10.0	0.0	1.0	1.0
14	0	310	13.968	0.18	10.0	0.0	1.0	1.0
14	0	304	13.839	0.374	10.0	0.0	1.0	1.0
14	0	298	13.387	0.495	10.0	0.0	1.0	1.0
14	0	292	13.161	0.374	10.0	0.0	1.0	1.0
14	0	286	13.0	0.0	10.0	0.0	1.0	1.0
14	0	280	12.806	0.402	10.0	0.0	1.0	1.0
14	0	274	12.419	0.502	10.0	0.0	1.0	1.0
14	0	268	12.065	0.25	10.0	0.0	1.0	1.0
14	0	262	12.032	0.18	10.0	0.0	1.0	1.0
14	0	256	11.71	0.461	10.0	0.0	1.0	1.0
14	0	250	11.452	0.506	10.0	0.0	1.0	1.0
14	0	244	11.097	0.301	10.0	0.0	1.0	1.0
14	0	238	11.032	0.18	10.0	0.0	1.0	1.0
14	0	232	10.871	0.341	10.0	0.0	1.0	1.0
14	0	226	10.419	0.502	10.065	0.25	1.0	1.0
14	0	220	10.032	0.18	10.226	0.425	1.0	1.0
14	0	214	10.0	0.0	10.484	0.508	1.0	1.0
14	0	208	9.806	0.402	10.71	0.461	1.0	1.0
14	0	202	9.226	0.425	10.903	0.301	1.0	1.0
14	0	196	9.0	0.0	10.935	0.25	1.0	1.0
14	0	190	8.935	0.25	11.0	0.0	1.0	1.0
14	0	184	8.355	0.486	11.0	0.0	1.0	1.0
14	0	178	8.032	0.18	11.0	0.0	1.0	1.0
14	0	172	8.0	0.0	11.0	0.0	1.0	1.0
14	0	166	7.677	0.475	11.032	0.18	1.0	1.0
14	0	160	7.097	0.301	11.032	0.18	1.0	1.0
14	0	154	7.0	0.0	11.258	0.445	1.0	1.0
14	0	148	6.806	0.402	11.677	0.475	1.0	1.0
14	0	142	6.161	0.374	11.903	0.301	1.0	1.0
14	0	136	6.0	0.0	12.0	0.0	1.0	1.0
14	0	130	5.903	0.301	12.0	0.0	1.0	1.0
14	0	124	5.452	0.506	12.226	0.425	1.0	1.0
14	0	118	5.0	0.0	12.742	0.445	1.0	1.0
14	0	112	4.968	0.18	12.968	0.18	1.0	1.0
14	0	106	4.452	0.506	13.129	0.341	1.0	1.0
14	0	100	4.065	0.25	13.903	0.301	1.0	1.0
14	0	77	2.839	0.374	16.387	0.558	1.0	1.0
14	0	74	2.774	0.425	17.0	0.632	1.0	1.0
14	0	71	2.194	0.703	17.71	0.529	1.0	1.0
14	0	68	1.677	0.748	18.677	1.045	1.0	1.0
14	0	65	1.065	0.25	20.71	1.296	1.0	1.0
14	0	62	1.0	0.0	22.548	1.929	0.935	1.0
14	0	59	0.586	0.501	24.579	1.575	0.548	0.613
14	0	56	0.065	0.25	23.5	0.707	0.065	0.065
14	0	53	0.0	0.0	nan	nan	0.0	0.0
14	0	50	0.0	0.0	nan	nan	0.0	0.0
14	0	47	0.0	0.0	nan	nan	0.0	0.0
14	0	44	0.0	0.0	nan	nan	0.0	0.0
15	0	454	14.903	0.301	10.0	0.0	1.0	1.0
15	0	448	14.871	0.341	10.0	0.0	1.0	1.0
15	0	442	14.645	0.486	10.0	0.0	1.0	1.0
15	0	436	14.516	0.508	10.0	0.0	1.0	1.0
15	0	430	14.387	0.495	10.0	0.0	1.0	1.0
15	0	424	14.032	0.18	10.0	0.0	1.0	1.0
15	0	418	14.0	0.0	10.0	0.0	1.0	1.0
15	0	412	13.968	0.18	10.0	0.0	1.0	1.0
15	0	406	14.0	0.0	10.0	0.0	1.0	1.0
15	0	400	13.968	0.18	10.0	0.0	1.0	1.0
15	0	394	13.742	0.445	10.0	0.0	1.0	1.0
15	0	388	13.323	0.475	10.0	0.0	1.0	1.0
15	0	382	13.323	0.475	10.0	0.0	1.0	1.0
15	0	376	13.065	0.25	10.0	0.0	1.0	1.0
15	0	370	13.0	0.0	10.0	0.0	1.0	1.0
15	0	364	13.0	0.0	10.0	0.0	1.0	1.0
15	0	358	12.903	0.301	10.0	0.0	1.0	1.0
15	0	352	12.581	0.502	10.0	0.0	1.0	1.0
15	0	346	12.29	0.461	10.0	0.0	1.0	1.0
15	0	340	12.032	0.18	10.0	0.0	1.0	1.0
15	0	334	12.0	0.0	10.0	0.0	1.0	1.0
15	0	328	12.0	0.0	10.0	0.0	1.0	1.0
15	0	322	11.806	0.402	10.0	0.0	1.0	1.0
15	0	316	11.581	0.502	10.0	0.0	1.0	1.0
15	0	310	11.29	0.461	10.0	0.0	1.0	1.0
15	0	304	11.0	0.0	10.0	0.0	1.0	1.0
15	0	298	11.0	0.0	10.0	0.0	1.0	1.0
15	0	292	10.968	0.18	10.0	0.0	1.0	1.0
15	0	286	10.935	0.25	10.0	0.0	1.0	1.0
15	0	280	10.645	0.486	10.0	0.0	1.0	1.0
15	0	274	10.129	0.341	10.0	0.0	1.0	1.0
15	0	268	10.0	0.0	10.0	0.0	1.0	1.0
15	0	262	9.968	0.18	10.0	0.0	1.0	1.0
15	0	256	9.903	0.301	10.0	0.0	1.0	1.0
15	0	250	9.548	0.506	10.065	0.25	1.0	1.0
15	0	244	9.032	0.18	10.065	0.25	1.0	1.0
15	0	238	9.0	0.0	10.419	0.502	1.0	1.0
15	0	232	9.0	0.0	10.516	0.508	1.0	1.0
15	0	226	8.935	0.25	10.581	0.502	1.0	1.0
15	0	220	8.419	0.502	10.871	0.341	1.0	1.0
15	0	214	8.097	0.301	11.0	0.0	1.0	1.0
15	0	208	8.0	0.0	11.0	0.0	1.0	1.0
15	0	202	7.968	0.18	11.0	0.0	1.0	1.0
15	0	196	7.742	0.445	11.0	0.0	1.0	1.0
15	0	190	7.097	0.301	11.0	0.0	1.0	1.0
15	0	184	7.0	0.0	11.0	0.0	1.0	1.0
15	0	178	7.0	0.0	11.0	0.0	1.0	1.0
15	0	172	6.871	0.341	11.032	0.18	1.0	1.0
15	0	166	6.194	0.402	11.032	0.18	1.0	1.0
15	0	160	6.0	0.0	11.323	0.475	1.0	1.0
15	0	154	6.0	0.0	11.839	0.374	1.0	1.0
15	0	148	5.839	0.374	11.903	0.301	1.0	1.0
15	0	142	5.29	0.461	12.0	0.0	1.0	1.0
15	0	136	5.032	0.18	12.0	0.0	1.0	1.0
15	0	130	5.0	0.0	12.161	0.374	1.0	1.0
15	0	124	4.839	0.374	12.677	0.475	1.0	1.0
15	0	118	4.258	0.445	13.0	0.0	1.0	1.0
15	0	112	4.0	0.0	13.0	0.258	1.0	1.0
15	0	106	4.0	0.0	13.387	0.495	1.0	1.0
15	0	100	3.677	0.475	13.968	0.18	1.0	1.0
15	0	77	2.548	0.506	16.71	0.529	1.0	1.0
15	0	74	2.161	0.583	17.581	0.62	1.0	1.0
15	0	71	1.452	0.506	18.226	0.617	1.0	1.0
15	0	68	1.032	0.18	19.742	1.094	1.0	1.0
15	0	65	1.0	0.0	21.065	1.289	1.0	1.0
15	0	62	0.933	0.254	23.241	1.504	0.903	0.935
15	0	59	0.269	0.452	25.583	1.73	0.226	0.387
15	0	56	0.0	0.0	nan	nan	0.0	0.0
15	0	53	0.0	0.0	nan	nan	0.0	0.0
15	0	50	0.0	0.0	nan	nan	0.0	0.0
15	0	47	0.0	0.0	nan	nan	0.0	0.0
15	0	44	0.0	0.0	nan	nan	0.0	0.0
16	0	454	18.0	0.0	10.097	0.301	1.0	1.0
16	0	448	17.968	0.18	10.161	0.374	1.0	1.0
16	0	442	17.806	0.402	10.258	0.445	1.0	1.0
16	0	436	17.613	0.495	10.161	0.374	1.0	1.0
16	0	430	17.355	0.486	10.419	0.502	1.0	1.0
16	0	424	17.065	0.25	10.226	0.425	1.0	1.0
16	0	418	16.968	0.18	10.484	0.508	1.0	1.0
16	0	412	17.0	0.0	10.516	0.508	1.0	1.0
16	0	406	17.0	0.0	10.516	0.508	1.0	1.0
16	0	400	16.581	0.502	10.581	0.502	1.0	1.0
16	0	394	16.258	0.445	10.581	0.502	1.0	1.0
16	0	388	16.161	0.374	10.677	0.475	1.0	1.0
16	0	382	16.032	0.18	10.774	0.425	1.0	1.0
16	0	376	16.0	0.0	10.903	0.301	1.0	1.0
16	0	370	15.935	0.25	10.968	0.18	1.0	1.0
16	0	364	15.581	0.502	10.839	0.374	1.0	1.0
16	0	358	15.387	0.495	10.935	0.25	1.0	1.0
16	0	352	15.065	0.25	10.968	0.18	1.0	1.0
16	0	346	15.0	0.0	10.968	0.18	1.0	1.0
16	0	340	15.0	0.0	11.0	0.0	1.0	1.0
16	0	334	14.806	0.402	10.968	0.18	1.0	1.0
16	0	328	14.452	0.506	11.0	0.0	1.0	1.0
16	0	322	14.032	0.18	11.0	0.0	1.0	1.0
16	0	316	14.0	0.0	10.968	0.18	1.0	1.0
16	0	310	13.935	0.25	11.0	0.0	1.0	1.0
16	0	304	13.871	0.341	11.0	0.0	1.0	1.0
16	0	298	13.355	0.486	11.0	0.0	1.0	1.0
16	0	292	13.065	0.25	11.0	0.0	1.0	1.0
16	0	286	13.0	0.0	11.0	0.0	1.0	1.0
16	0	280	13.0	0.0	11.0	0.0	1.0	1.0
16	0	274	12.806	0.402	11.0	0.0	1.0	1.0
16	0	268	12.161	0.374	11.0	0.0	1.0	1.0
16	0	262	12.032	0.18	11.0	0.0	1.0	1.0
16	0	256	11.968	0.18	11.0	0.0	1.0	1.0
16	0	250	11.742	0.445	11.0	0.0	1.0	1.0
16	0	244	11.097	0.301	11.0	0.0	1.0	1.0
16	0	238	11.065	0.25	11.0	0.0	1.0	1.0
16	0	232	11.0	0.0	11.0	0.0	1.0	1.0
16	0	226	10.839	0.374	11.0	0.0	1.0	1.0
16	0	220	10.226	0.425	11.0	0.0	1.0	1.0
16	0	214	10.0	0.0	11.097	0.301	1.0	1.0
16	0	208	10.0	0.0	11.323	0.475	1.0	1.0
16	0	202	9.71	0.461	11.581	0.502	1.0	1.0
16	0	196	9.129	0.341	11.774	0.425	1.0	1.0
16	0	190	9.0	0.0	11.968	0.18	1.0	1.0
16	0	184	9.0	0.0	11.935	0.25	1.0	1.0
16	0	178	8.516	0.508	12.0	0.0	1.0	1.0
16	0	172	8.0	0.0	12.0	0.0	1.0	1.0
16	0	166	7.968	0.18	12.0	0.0	1.0	1.0
16	0	160	7.968	0.18	12.0	0.0	1.0	1.0
16	0	154	7.161	0.374	12.097	0.301	1.0	1.0
16	0	148	7.0	0.0	12.452	0.506	1.0	1.0
16	0	142	6.935	0.25	12.871	0.341	1.0	1.0
16	0	136	6.419	0.502	13.0	0.0	1.0	1.0
16	0	130	6.0	0.0	13.0	0.0	1.0	1.0
16	0	124	6.0	0.0	13.29	0.461	1.0	1.0
16	0	118	5.645	0.486	13.871	0.341	1.0	1.0
16	0	112	5.0	0.0	14.0	0.0	1.0	1.0
16	0	106	5.0	0.0	14.226	0.425	1.0	1.0
16	0	100	4.806	0.402	14.968	0.18	1.0	1.0
16	0	77	2.677	0.599	18.194	0.601	1.0	1.0
16	0	74	2.097	0.301	19.032	0.752	1.0	1.0
16	0	71	2.0	0.0	20.194	0.833	1.0	1.0
16	0	68	2.0	0.0	21.452	1.091	1.0	1.0
16	0	65	1.935	0.25	24.032	1.354	1.0	1.0
16	0	62	1.774	0.425	26.968	2.483	1.0	1.0
16	0	59	1.179	0.476	30.733	2.612	0.871	0.968
16	0	56	0.0	0.0	35.333	0.577	0.0	0.097
16	0	53	0.0	0.0	nan	nan	0.0	0.0
16	0	50	0.0	0.0	nan	nan	0.0	0.0
16	0	47	0.0	0.0	nan	nan	0.0	0.0
16	0	44	0.0	0.0	nan	nan	0.0	0.0
17	0	454	22.226	0.425	10.0	0.0	1.0	1.0
17	0	448	22.065	0.25	10.0	0.0	1.0	1.0
17	0	442	21.968	0.18	10.0	0.0	1.0	1.0
17	0	436	21.806	0.402	10.0	0.0	1.0	1.0
17	0	430	21.645	0.486	10.0	0.0	1.0	1.0
17	0	424	21.161	0.374	10.0	0.0	1.0	1.0
17	0	418	21.161	0.374	10.0	0.0	1.0	1.0
17	0	412	20.968	0.18	10.0	0.0	1.0	1.0
17	0	406	20.935	0.25	10.0	0.0	1.0	1.0
17	0	400	20.581	0.502	10.0	0.0	1.0	1.0
17	0	394	20.226	0.425	10.0	0.0	1.0	1.0
17	0	388	20.161	0.454	10.0	0.0	1.0	1.0
17	0	382	20.0	0.0	10.0	0.0	1.0	1.0
17	0	376	19.871	0.341	10.0	0.0	1.0	1.0
17	0	370	19.645	0.486	10.0	0.0	1.0	1.0
17	0	364	19.29	0.461	10.0	0.0	1.0	1.0
17	0	358	19.0	0.0	10.0	0.0	1.0	1.0
17	0	352	19.0	0.0	10.0	0.0	1.0	1.0
17	0	346	18.71	0.461	10.0	0.0	1.0	1.0
17	0	340	18.194	0.402	10.0	0.0	1.0	1.0
17	0	334	18.065	0.25	10.0	0.0	1.0	1.0
17	0	328	17.903	0.301	10.0	0.0	1.0	1.0
17	0	322	17.71	0.461	10.0	0.0	1.0	1.0
17	0	316	17.29	0.461	10.0	0.0	1.0	1.0
17	0	310	16.968	0.18	10.0	0.0	1.0	1.0
17	0	304	16.903	0.301	10.0	0.0	1.0	1.0
17	0	298	16.581	0.502	10.0	0.0	1.0	1.0
17	0	292	16.161	0.374	10.0	0.0	1.0	1.0
17	0	286	15.935	0.25	10.0	0.0	1.0	1.0
17	0	280	15.742	0.445	10.032	0.18	1.0	1.0
17	0	274	15.194	0.402	10.032	0.18	1.0	1.0
17	0	268	15.0	0.258	10.0	0.0	1.0	1.0
17	0	262	14.903	0.301	10.129	0.341	1.0	1.0
17	0	256	14.516	0.508	10.194	0.402	1.0	1.0
17	0	250	14.161	0.374	10.29	0.461	1.0	1.0
17	0	244	13.839	0.374	10.516	0.508	1.0	1.0
17	0	238	13.355	0.486	10.677	0.475	1.0	1.0
17	0	232	13.065	0.25	10.71	0.461	1.0	1.0
17	0	226	12.935	0.25	10.806	0.402	1.0	1.0
17	0	220	12.645	0.486	11.0	0.0	1.0	1.0
17	0	214	12.065	0.25	11.0	0.0	1.0	1.0
17	0	208	11.903	0.301	11.0	0.0	1.0	1.0
17	0	202	11.516	0.508	11.0	0.0	1.0	1.0
17	0	196	11.065	0.25	11.0	0.0	1.0	1.0
17	0	190	10.935	0.25	11.0	0.0	1.0	1.0
17	0	184	10.387	0.495	11.0	0.0	1.0	1.0
17	0	178	10.032	0.18	11.0	0.0	1.0	1.0
17	0	172	9.806	0.402	11.0	0.0	1.0	1.0
17	0	166	9.097	0.301	11.194	0.402	1.0	1.0
17	0	160	9.0	0.0	11.581	0.502	1.0	1.0
17	0	154	8.71	0.461	11.839	0.374	1.0	1.0
17	0	148	8.097	0.301	11.968	0.18	1.0	1.0
17	0	142	7.871	0.341	12.0	0.0	1.0	1.0
17	0	136	7.419	0.502	12.0	0.0	1.0	1.0
17	0	130	7.0	0.0	12.323	0.475	1.0	1.0
17	0	124	6.613	0.495	12.677	0.475	1.0	1.0
17	0	118	6.065	0.25	12.968	0.18	1.0	1.0
17	0	112	6.0	0.0	13.129	0.341	1.0	1.0
17	0	106	5.323	0.475	13.581	0.502	1.0	1.0
17	0	100	5.032	0.18	14.0	0.258	1.0	1.0
17	0	77	3.29	0.529	16.935	0.68	1.0	1.0
17	0	74	2.935	0.442	17.581	0.72	1.0	1.0
17	0	71	2.452	0.506	18.323	0.702	1.0	1.0
17	0	68	1.903	0.539	19.226	0.805	1.0	1.0
17	0	65	1.516	0.508	21.0	1.506	1.0	1.0
17	0	62	1.226	0.425	22.645	1.817	1.0	1.0
17	0	59	0.871	0.499	25.0	1.893	0.806	0.806
17	0	56	0.032	0.18	25.0	0.0	0.032	0.032
17	0	53	0.0	0.0	nan	nan	0.0	0.0
17	0	50	0.0	0.0	nan	nan	0.0	0.0
17	0	47	0.0	0.0	nan	nan	0.0	0.0
17	0	44	0.0	0.0	nan	nan	0.0	0.0
18	0	454	15.968	0.18	10.0	0.0	1.0	1.0
18	0	448	15.774	0.425	10.0	0.0	1.0	1.0
18	0	442	15.677	0.475	10.0	0.0	1.0	1.0
18	0	436	15.323	0.475	10.0	0.0	1.0	1.0
18	0	430	15.194	0.402	10.0	0.0	1.0	1.0
18	0	424	15.065	0.25	10.0	0.0	1.0	1.0
18	0	418	15.0	0.0	10.0	0.0	1.0	1.0
18	0	412	15.0	0.0	10.0	0.0	1.0	1.0
18	0	406	14.903	0.301	10.0	0.0	1.0	1.0
18	0	400	14.548	0.506	10.0	0.0	1.0	1.0
18	0	394	14.387	0.495	10.0	0.0	1.0	1.0
18	0	388	14.194	0.402	10.0	0.0	1.0	1.0
18	0	382	14.032	0.18	10.0	0.0	1.0	1.0
18	0	376	14.032	0.18	10.0	0.0	1.0	1.0
18	0	370	14.0	0.0	10.0	0.0	1.0	1.0
18	0	364	13.968	0.18	10.0	0.0	1.0	1.0
18	0	358	13.581	0.502	10.0	0.0	1.0	1.0
18	0	352	13.29	0.461	10.0	0.0	1.0	1.0
18	0	346	13.032	0.18	10.0	0.0	1.0	1.0
18	0	340	13.0	0.0	10.0	0.0	1.0	1.0
18	0	334	12.935	0.25	10.0	0.0	1.0	1.0
18	0	328	12.935	0.25	10.0	0.0	1.0	1.0
18	0	322	12.516	0.508	10.0	0.0	1.0	1.0
18	0	316	12.387	0.495	10.0	0.0	1.0	1.0
18	0	310	12.0	0.0	10.0	0.0	1.0	1.0
18	0	304	11.968	0.18	10.0	0.0	1.0	1.0
18	0	298	11.968	0.18	10.0	0.0	1.0	1.0
18	0	292	11.742	0.445	10.032	0.18	1.0	1.0
18	0	286	11.323	0.475	10.032	0.18	1.0	1.0
18	0	280	11.032	0.18	10.0	0.0	1.0	1.0
18	0	274	11.0	0.0	10.129	0.341	1.0	1.0
18	0	268	10.968	0.18	10.097	0.301	1.0	1.0
18	0	262	10.548	0.506	10.323	0.475	1.0	1.0
18	0	256	10.097	0.301	10.516	0.508	1.0	1.0
18	0	250	10.0	0.0	10.742	0.445	1.0	1.0
18	0	244	10.0	0.0	10.742	0.445	1.0	1.0
18	0	238	9.839	0.374	10.935	0.25	1.0	1.0
18	0	232	9.226	0.425	11.0	0.0	1.0	1.0
18	0	226	9.032	0.18	11.0	0.0	1.0	1.0
18	0	220	9.0	0.0	11.0	0.0	1.0	1.0
18	0	214	8.806	0.402	11.0	0.0	1.0	1.0
18	0	208	8.387	0.495	11.0	0.0	1.0	1.0
18	0	202	8.0	0.0	11.0	0.0	1.0	1.0
18	0	196	8.0	0.0	11.0	0.0	1.0	1.0
18	0	190	7.968	0.18	11.0	0.0	1.0	1.0
18	0	184	7.323	0.475	11.0	0.0	1.0	1.0
18	0	178	7.0	0.0	11.0	0.0	1.0	1.0
18	0	172	7.0	0.0	11.065	0.25	1.0	1.0
18	0	166	6.935	0.25	11.516	0.508	1.0	1.0
18	0	160	6.29	0.461	11.935	0.25	1.0	1.0
18	0	154	6.0	0.0	12.0	0.0	1.0	1.0
18	0	148	6.0	0.0	11.968	0.18	1.0	1.0
18	0	142	5.935	0.25	12.0	0.0	1.0	1.0
18	0	136	5.29	0.461	12.097	0.301	1.0	1.0
18	0	130	5.0	0.0	12.355	0.486	1.0	1.0
18	0	124	5.0	0.0	12.968	0.18	1.0	1.0
18	0	118	4.613	0.495	12.968	0.18	1.0	1.0
18	0	112	4.097	0.301	13.129	0.341	1.0	1.0
18	0	106	4.0	0.0	13.71	0.461	1.0	1.0
18	0	100	4.0	0.0	14.0	0.0	1.0	1.0
18	0	77	2.806	0.402	16.935	0.629	1.0	1.0
18	0	74	2.323	0.541	17.548	0.723	1.0	1.0
18	0	71	1.548	0.568	18.419	0.765	1.0	1.0
18	0	68	1.161	0.374	19.258	0.855	1.0	1.0
18	0	65	1.0	0.0	21.129	1.565	1.0	1.0
18	0	62	0.88	0.332	23.893	1.833	0.71	0.903
18	0	59	0.379	0.494	24.538	0.877	0.355	0.419
18	0	56	0.0	0.0	nan	nan	0.0	0.0
18	0	53	0.0	0.0	nan	nan	0.0	0.0
18	0	50	0.0	0.0	nan	nan	0.0	0.0
18	0	47	0.0	0.0	nan	nan	0.0	0.0
18	0	44	0.0	0.0	nan	nan	0.0	0.0
19	0	454	24.581	0.502	13.0	0.0	1.0	1.0
19	0	448	24.323	0.475	13.0	0.0	1.0	1.0
19	0	442	24.0	0.258	13.0	0.0	1.0	1.0
19	0	436	23.968	0.315	13.0	0.0	1.0	1.0
19	0	430	23.839	0.374	13.0	0.0	1.0	1.0
19	0	424	23.677	0.475	13.0	0.0	1.0	1.0
19	0	418	23.194	0.402	13.0	0.0	1.0	1.0
19	0	412	23.032	0.315	13.0	0.0	1.0	1.0
19	0	406	23.0	0.0	13.0	0.0	1.0	1.0
19	0	400	22.742	0.445	13.0	0.0	1.0	1.0
19	0	394	22.516	0.508	13.0	0.0	1.0	1.0
19	0	388	22.129	0.341	13.0	0.0	1.0	1.0
19	0	382	22.065	0.25	13.0	0.0	1.0	1.0
19	0	376	21.903	0.301	13.0	0.0	1.0	1.0
19	0	370	21.742	0.445	13.0	0.0	1.0	1.0
19	0	364	21.194	0.402	13.0	0.0	1.0	1.0
19	0	358	20.968	0.18	13.0	0.0	1.0	1.0
19	0	352	20.871	0.341	13.0	0.0	1.0	1.0
19	0	346	20.516	0.508	13.0	0.0	1.0	1.0
19	0	340	20.065	0.25	13.0	0.0	1.0	1.0
19	0	334	20.097	0.301	13.0	0.0	1.0	1.0
19	0	328	19.871	0.341	13.0	0.0	1.0	1.0
19	0	322	19.484	0.508	13.0	0.0	1.0	1.0
19	0	316	19.129	0.341	13.161	0.374	1.0	1.0
19	0	310	19.0	0.258	13.194	0.402	1.0	1.0
19	0	304	18.839	0.374	13.097	0.301	1.0	1.0
19	0	298	18.387	0.495	13.355	0.486	1.0	1.0
19	0	292	18.129	0.341	13.548	0.506	1.0	1.0
19	0	286	17.839	0.374	13.71	0.461	1.0	1.0
19	0	280	17.355	0.486	13.742	0.445	1.0	1.0
19	0	274	17.065	0.25	13.839	0.374	1.0	1.0
19	0	268	17.0	0.258	13.968	0.18	1.0	1.0
19	0	262	16.548	0.506	14.0	0.0	1.0	1.0
19	0	256	16.226	0.425	14.0	0.0	1.0	1.0
19	0	250	16.0	0.0	14.0	0.0	1.0	1.0
19	0	244	15.387	0.495	14.0	0.0	1.0	1.0
19	0	238	15.0	0.0	14.0	0.0	1.0	1.0
19	0	232	15.0	0.0	14.0	0.0	1.0	1.0
19	0	226	14.161	0.374	14.0	0.0	1.0	1.0
19	0	220	14.0	0.0	14.0	0.0	1.0	1.0
19	0	214	13.806	0.402	14.0	0.0	1.0	1.0
19	0	208	13.258	0.445	14.0	0.0	1.0	1.0
19	0	202	13.0	0.0	14.0	0.0	1.0	1.0
19	0	196	12.645	0.486	14.065	0.25	1.0	1.0
19	0	190	12.065	0.25	14.226	0.425	1.0	1.0
19	0	184	12.0	0.0	14.452	0.506	1.0	1.0
19	0	178	11.258	0.445	14.871	0.341	1.0	1.0
19	0	172	11.0	0.0	14.968	0.18	1.0	1.0
19	0	166	10.742	0.445	15.0	0.0	1.0	1.0
19	0	160	10.065	0.25	15.0	0.0	1.0	1.0
19	0	154	10.032	0.18	15.0	0.0	1.0	1.0
19	0	148	9.194	0.402	15.258	0.445	1.0	1.0
19	0	142	9.0	0.0	15.903	0.301	1.0	1.0
19	0	136	8.677	0.475	16.0	0.0	1.0	1.0
19	0	130	8.0	0.0	15.968	0.18	1.0	1.0
19	0	124	7.806	0.402	16.419	0.502	1.0	1.0
19	0	118	7.032	0.18	16.968	0.18	1.0	1.0
19	0	112	6.935	0.25	17.065	0.25	1.0	1.0
19	0	106	6.065	0.512	17.806	0.402	1.0	1.0
19	0	100	5.129	0.341	18.387	0.495	1.0	1.0
19	0	77	3.032	0.18	22.935	0.68	1.0	1.0
19	0	74	3.0	0.0	23.968	0.795	1.0	1.0
19	0	71	2.839	0.374	25.0	0.683	1.0	1.0
19	0	68	2.161	0.374	26.419	1.119	1.0	1.0
19	0	65	2.0	0.0	28.71	1.27	1.0	1.0
19	0	62	1.871	0.341	31.516	2.308	1.0	1.0
19	0	59	0.739	0.689	36.773	3.038	0.452	0.71
19	0	56	0.0	0.0	nan	nan	0.0	0.0
19	0	53	0.0	0.0	nan	nan	0.0	0.0
19	0	50	0.0	0.0	nan	nan	0.0	0.0
19	0	47	0.0	0.0	nan	nan	0.0	0.0
19	0	44	0.0	0.0	nan	nan	0.0	0.0
20	0	454	17.0	0.0	10.032	0.18	1.0	1.0
20	0	448	16.968	0.18	10.0	0.0	1.0	1.0
20	0	442	16.968	0.18	10.032	0.18	1.0	1.0
20	0	436	16.71	0.461	10.032	0.18	1.0	1.0
20	0	430	16.387	0.495	10.0	0.0	1.0	1.0
20	0	424	16.129	0.341	10.194	0.402	1.0	1.0
20	0	418	16.065	0.25	10.065	0.25	1.0	1.0
20	0	412	16.0	0.0	10.097	0.301	1.0	1.0
20	0	406	16.0	0.0	10.258	0.445	1.0	1.0
20	0	400	15.935	0.25	10.065	0.25	1.0	1.0
20	0	394	15.806	0.402	10.194	0.402	1.0	1.0
20	0	388	15.516	0.508	10.29	0.461	1.0	1.0
20	0	382	15.194	0.402	10.258	0.445	1.0	1.0
20	0	376	15.032	0.18	10.355	0.486	1.0	1.0
20	0	370	15.032	0.18	10.516	0.508	1.0	1.0
20	0	364	14.968	0.18	10.452	0.506	1.0	1.0
20	0	358	14.968	0.18	10.548	0.506	1.0	1.0
20	0	352	14.613	0.495	10.645	0.486	1.0	1.0
20	0	346	14.161	0.374	10.71	0.461	1.0	1.0
20	0	340	14.0	0.0	10.774	0.425	1.0	1.0
20	0	334	14.032	0.18	10.806	0.402	1.0	1.0
20	0	328	14.0	0.0	10.871	0.341	1.0	1.0
20	0	322	13.871	0.341	10.968	0.18	1.0	1.0
20	0	316	13.419	0.502	10.935	0.25	1.0	1.0
20	0	310	13.097	0.301	10.903	0.301	1.0	1.0
20	0	304	13.0	0.0	11.0	0.0	1.0	1.0
20	0	298	13.032	0.18	10.968	0.18	1.0	1.0
20	0	292	12.806	0.402	11.0	0.0	1.0	1.0
20	0	286	12.226	0.425	11.0	0.0	1.0	1.0
20	0	280	12.065	0.25	11.0	0.0	1.0	1.0
20	0	274	12.0	0.0	11.0	0.0	1.0	1.0
20	0	268	12.0	0.0	11.0	0.0	1.0	1.0
20	0	262	11.548	0.506	11.0	0.0	1.0	1.0
20	0	256	11.097	0.301	11.0	0.0	1.0	1.0
20	0	250	11.065	0.25	11.0	0.0	1.0	1.0
20	0	244	11.0	0.0	11.0	0.0	1.0	1.0
20	0	238	10.806	0.402	11.0	0.0	1.0	1.0
20	0	232	10.387	0.495	11.032	0.18	1.0	1.0
20	0	226	10.032	0.18	11.0	0.0	1.0	1.0
20	0	220	10.0	0.0	11.0	0.0	1.0	1.0
20	0	214	9.839	0.374	11.032	0.18	1.0	1.0
20	0	208	9.452	0.506	11.258	0.445	1.0	1.0
20	0	202	9.0	0.0	11.29	0.461	1.0	1.0
20	0	196	9.0	0.0	11.645	0.486	1.0	1.0
20	0	190	8.903	0.301	11.839	0.374	1.0	1.0
20	0	184	8.355	0.486	11.968	0.18	1.0	1.0
20	0	178	8.0	0.0	12.0	0.0	1.0	1.0
20	0	172	8.0	0.0	12.0	0.0	1.0	1.0
20	0	166	7.677	0.475	12.0	0.0	1.0	1.0
20	0	160	7.065	0.25	12.032	0.18	1.0	1.0
20	0	154	7.0	0.0	12.097	0.301	1.0	1.0
20	0	148	7.0	0.0	12.516	0.508	1.0	1.0
20	0	142	6.452	0.506	12.71	0.461	1.0	1.0
20	0	136	6.097	0.301	13.0	0.0	1.0	1.0
20	0	130	6.0	0.0	13.0	0.0	1.0	1.0
20	0	124	5.935	0.25	13.065	0.25	1.0	1.0
20	0	118	5.161	0.374	13.581	0.502	1.0	1.0
20	0	112	5.0	0.0	13.968	0.18	1.0	1.0
20	0	106	5.0	0.0	14.194	0.402	1.0	1.0
20	0	100	4.516	0.508	14.968	0.18	1.0	1.0
20	0	77	2.806	0.601	18.032	0.482	1.0	1.0
20	0	74	2.161	0.374	18.871	0.763	1.0	1.0
20	0	71	2.0	0.0	19.903	0.7	1.0	1.0
20	0	68	2.0	0.0	21.839	1.098	1.0	1.0
20	0	65	2.0	0.0	23.806	1.223	1.0	1.0
20	0	62	1.667	0.479	27.129	2.884	0.968	1.0
20	0	59	1.136	0.64	31.429	3.872	0.613	0.903
20	0	56	0.0	0.0	nan	nan	0.0	0.0
20	0	53	0.0	0.0	nan	nan	0.0	0.0
20	0	50	0.0	0.0	nan	nan	0.0	0.0
20	0	47	0.0	0.0	nan	nan	0.0	0.0
20	0	44	0.0	0.0	nan	nan	0.0	0.0
21	0	454	18.29	0.461	9.226	0.425	1.0	1.0
21	0	448	18.065	0.25	9.387	0.495	1.0	1.0
21	0	442	18.0	0.0	9.581	0.502	1.0	1.0
21	0	436	18.0	0.0	9.548	0.506	1.0	1.0
21	0	430	17.903	0.301	9.484	0.508	1.0	1.0
21	0	424	17.452	0.506	9.613	0.495	1.0	1.0
21	0	418	17.29	0.461	9.774	0.425	1.0	1.0
21	0	412	17.065	0.25	9.806	0.402	1.0	1.0
21	0	406	17.0	0.0	9.871	0.341	1.0	1.0
21	0	400	17.0	0.0	9.806	0.402	1.0	1.0
21	0	394	16.903	0.301	9.903	0.301	1.0	1.0
21	0	388	16.613	0.495	9.935	0.25	1.0	1.0
21	0	382	16.032	0.18	9.935	0.25	1.0	1.0
21	0	376	16.0	0.0	9.968	0.18	1.0	1.0
21	0	370	16.0	0.0	10.0	0.0	1.0	1.0
21	0	364	16.0	0.0	9.968	0.18	1.0	1.0
21	0	358	15.71	0.461	9.968	0.18	1.0	1.0
21	0	352	15.323	0.475	10.0	0.0	1.0	1.0
21	0	346	15.065	0.25	10.0	0.0	1.0	1.0
21	0	340	14.968	0.18	10.0	0.0	1.0	1.0
21	0	334	14.806	0.402	10.0	0.0	1.0	1.0
21	0	328	14.548	0.506	10.0	0.0	1.0	1.0
21	0	322	14.194	0.402	10.0	0.0	1.0	1.0
21	0	316	14.0	0.0	10.0	0.0	1.0	1.0
21	0	310	13.903	0.301	10.0	0.0	1.0	1.0
21	0	304	13.645	0.486	10.0	0.0	1.0	1.0
21	0	298	13.097	0.301	10.0	0.0	1.0	1.0
21	0	292	13.0	0.0	10.0	0.0	1.0	1.0
21	0	286	13.0	0.0	10.0	0.0	1.0	1.0
21	0	280	12.968	0.18	10.0	0.0	1.0	1.0
21	0	274	12.677	0.475	10.0	0.0	1.0	1.0
21	0	268	12.097	0.301	10.0	0.0	1.0	1.0
21	0	262	11.968	0.18	10.0	0.0	1.0	1.0
21	0	256	11.871	0.341	10.0	0.0	1.0	1.0
21	0	250	11.419	0.502	10.0	0.0	1.0	1.0
21	0	244	11.097	0.301	10.0	0.0	1.0	1.0
21	0	238	11.0	0.0	10.0	0.0	1.0	1.0
21	0	232	10.839	0.374	10.0	0.0	1.0	1.0
21	0	226	10.323	0.475	10.0	0.0	1.0	1.0
21	0	220	10.0	0.0	10.0	0.0	1.0	1.0
21	0	214	9.935	0.25	10.161	0.374	1.0	1.0
21	0	208	9.613	0.495	10.097	0.301	1.0	1.0
21	0	202	9.129	0.341	10.323	0.475	1.0	1.0
21	0	196	9.032	0.18	10.548	0.506	1.0	1.0
21	0	190	8.968	0.18	10.935	0.25	1.0	1.0
21	0	184	8.387	0.495	10.968	0.18	1.0	1.0
21	0	178	8.032	0.18	11.0	0.0	1.0	1.0
21	0	172	7.968	0.18	11.0	0.0	1.0	1.0
21	0	166	7.677	0.475	11.0	0.0	1.0	1.0
21	0	160	7.065	0.25	11.0	0.0	1.0	1.0
21	0	154	7.0	0.0	11.097	0.301	1.0	1.0
21	0	148	6.839	0.374	11.323	0.475	1.0	1.0
21	0	142	6.161	0.374	11.806	0.402	1.0	1.0
21	0	136	6.0	0.0	11.968	0.18	1.0	1.0
21	0	130	5.806	0.402	12.0	0.0	1.0	1.0
21	0	124	5.29	0.461	12.161	0.374	1.0	1.0
21	0	118	5.0	0.0	12.677	0.475	1.0	1.0
21	0	112	4.903	0.301	13.0	0.0	1.0	1.0
21	0	106	4.258	0.445	13.161	0.374	1.0	1.0
21	0	100	4.0	0.0	13.871	0.341	1.0	1.0
21	0	77	2.903	0.301	16.774	0.617	1.0	1.0
21	0	74	2.71	0.529	17.258	0.445	1.0	1.0
21	0	71	1.935	0.772	18.29	0.693	1.0	1.0
21	0	68	1.129	0.341	19.323	0.909	1.0	1.0
21	0	65	1.0	0.0	21.774	1.477	1.0	1.0
21	0	62	1.0	0.0	23.258	1.21	0.968	1.0
21	0	59	0.4	0.498	25.077	2.139	0.387	0.419
21	0	56	0.0	0.0	25.0	0.0	0.0	0.032
21	0	53	0.0	0.0	nan	nan	0.0	0.0
21	0	50	0.0	0.0	nan	nan	0.0	0.0
21	0	47	0.0	0.0	nan	nan	0.0	0.0
21	0	44	0.0	0.0	nan	nan	0.0	0.0
22	0	454	23.548	0.506	12.0	0.0	1.0	1.0
22	0	448	23.29	0.461	12.0	0.0	1.0	1.0
22	0	442	23.194	0.402	12.0	0.0	1.0	1.0
22	0	436	23.0	0.0	12.0	0.0	1.0	1.0
22	0	430	22.935	0.25	12.0	0.0	1.0	1.0
22	0	424	22.806	0.402	12.0	0.0	1.0	1.0
22	0	418	22.387	0.495	12.0	0.0	1.0	1.0
22	0	412	22.065	0.25	12.0	0.0	1.0	1.0
22	0	406	22.0	0.0	12.032	0.18	1.0	1.0
22	0	400	21.839	0.374	12.0	0.0	1.0	1.0
22	0	394	21.452	0.506	12.065	0.25	1.0	1.0
22	0	388	21.194	0.402	12.032	0.18	1.0	1.0
22	0	382	21.032	0.18	12.065	0.25	1.0	1.0
22	0	376	20.935	0.25	12.032	0.18	1.0	1.0
22	0	370	20.806	0.402	12.097	0.301	1.0	1.0
22	0	364	20.323	0.475	12.161	0.374	1.0	1.0
22	0	358	20.194	0.402	12.065	0.25	1.0	1.0
22	0	352	20.0	0.0	12.194	0.402	1.0	1.0
22	0	346	19.871	0.341	12.194	0.402	1.0	1.0
22	0	340	19.581	0.502	12.323	0.475	1.0	1.0
22	0	334	19.323	0.475	12.226	0.425	1.0	1.0
22	0	328	19.0	0.0	12.258	0.445	1.0	1.0
22	0	322	18.871	0.341	12.387	0.495	1.0	1.0
22	0	316	18.323	0.475	12.452	0.506	1.0	1.0
22	0	310	18.129	0.341	12.484	0.508	1.0	1.0
22	0	304	18.0	0.0	12.742	0.445	1.0	1.0
22	0	298	17.71	0.461	12.774	0.425	1.0	1.0
22	0	292	17.226	0.425	12.774	0.425	1.0	1.0
22	0	286	17.0	0.0	12.839	0.374	1.0	1.0
22	0	280	16.839	0.374	12.871	0.341	1.0	1.0
22	0	274	16.419	0.502	12.903	0.301	1.0	1.0
22	0	268	16.065	0.25	12.935	0.25	1.0	1.0
22	0	262	15.968	0.18	12.968	0.18	1.0	1.0
22	0	256	15.387	0.495	13.0	0.0	1.0	1.0
22	0	250	15.032	0.18	13.0	0.0	1.0	1.0
22	0	244	14.968	0.18	13.0	0.0	1.0	1.0
22	0	238	14.774	0.425	13.0	0.0	1.0	1.0
22	0	232	14.161	0.374	12.968	0.18	1.0	1.0
22	0	226	13.935	0.25	13.0	0.0	1.0	1.0
22	0	220	13.452	0.506	12.968	0.18	1.0	1.0
22	0	214	13.097	0.301	13.0	0.0	1.0	1.0
22	0	208	12.935	0.25	13.0	0.0	1.0	1.0
22	0	202	12.452	0.506	13.065	0.25	1.0	1.0
22	0	196	12.0	0.0	13.194	0.402	1.0	1.0
22	0	190	11.839	0.374	13.355	0.486	1.0	1.0
22	0	184	11.258	0.445	13.581	0.502	1.0	1.0
22	0	178	10.968	0.18	13.871	0.341	1.0	1.0
22	0	172	10.581	0.502	13.968	0.18	1.0	1.0
22	0	166	10.065	0.25	14.0	0.0	1.0	1.0
22	0	160	9.935	0.25	14.0	0.0	1.0	1.0
22	0	154	9.29	0.461	14.032	0.18	1.0	1.0
22	0	148	8.968	0.18	14.161	0.374	1.0	1.0
22	0	142	8.613	0.495	14.581	0.502	1.0	1.0
22	0	136	8.032	0.18	14.935	0.25	1.0	1.0
22	0	130	7.935	0.25	14.968	0.18	1.0	1.0
22	0	124	7.226	0.425	15.161	0.374	1.0	1.0
22	0	118	7.0	0.0	15.71	0.461	1.0	1.0
22	0	112	6.613	0.495	16.0	0.0	1.0	1.0
22	0	106	6.065	0.25	16.29	0.461	1.0	1.0
22	0	100	5.742	0.445	16.935	0.25	1.0	1.0
22	0	77	2.968	0.18	20.774	0.805	1.0	1.0
22	0	74	2.903	0.301	21.613	0.989	1.0	1.0
22	0	71	2.677	0.475	23.0	1.125	1.0	1.0
22	0	68	2.097	0.301	23.935	1.209	1.0	1.0
22	0	65	1.968	0.18	25.548	1.312	1.0	1.0
22	0	62	1.935	0.25	27.935	2.279	1.0	1.0
22	0	59	1.741	0.594	31.207	2.846	0.806	0.935
22	0	56	0.12	0.332	35.556	2.455	0.097	0.29
22	0	53	0.0	0.0	nan	nan	0.0	0.0
22	0	50	0.0	0.0	nan	nan	0.0	0.0
22	0	47	0.0	0.0	nan	nan	0.0	0.0
22	0	44	0.0	0.0	nan	nan	0.0	0.0
23	0	454	19.0	0.0	10.0	0.0	1.0	1.0
23	0	448	18.935	0.25	10.0	0.0	1.0	1.0
23	0	442	18.71	0.461	10.0	0.0	1.0	1.0
23	0	436	18.581	0.502	10.0	0.0	1.0	1.0
23	0	430	18.452	0.506	10.0	0.0	1.0	1.0
23	0	424	18.194	0.402	10.0	0.0	1.0	1.0
23	0	418	18.065	0.25	10.0	0.0	1.0	1.0
23	0	412	17.968	0.18	10.0	0.0	1.0	1.0
23	0	406	17.871	0.341	10.0	0.0	1.0	1.0
23	0	400	17.871	0.341	10.0	0.0	1.0	1.0
23	0	394	17.484	0.508	10.0	0.0	1.0	1.0
23	0	388	17.129	0.341	10.0	0.0	1.0	1.0
23	0	382	17.065	0.25	10.0	0.0	1.0	1.0
23	0	376	17.0	0.0	10.0	0.0	1.0	1.0
23	0	370	16.968	0.18	10.0	0.0	1.0	1.0
23	0	364	16.71	0.461	10.0	0.0	1.0	1.0
23	0	358	16.323	0.475	10.0	0.0	1.0	1.0
23	0	352	16.065	0.25	10.0	0.0	1.0	1.0
23	0	346	16.0	0.0	10.0	0.0	1.0	1.0
23	0	340	16.0	0.0	10.0	0.0	1.0	1.0
23	0	334	15.806	0.402	10.0	0.0	1.0	1.0
23	0	328	15.516	0.508	10.0	0.0	1.0	1.0
23	0	322	15.097	0.301	10.0	0.0	1.0	1.0
23	0	316	15.065	0.25	10.0	0.0	1.0	1.0
23	0	310	14.903	0.301	10.0	0.0	1.0	1.0
23	0	304	14.677	0.475	10.032	0.18	1.0	1.0
23	0	298	14.29	0.461	10.065	0.25	1.0	1.0
23	0	292	14.032	0.18	10.032	0.18	1.0	1.0
23	0	286	14.0	0.0	10.161	0.374	1.0	1.0
23	0	280	13.935	0.25	10.161	0.374	1.0	1.0
23	0	274	13.387	0.495	10.548	0.506	1.0	1.0
23	0	268	13.032	0.18	10.645	0.486	1.0	1.0
23	0	262	13.0	0.0	10.871	0.341	1.0	1.0
23	0	256	12.935	0.25	10.774	0.425	1.0	1.0
23	0	250	12.419	0.502	10.903	0.301	1.0	1.0
23	0	244	12.065	0.25	11.0	0.0	1.0	1.0
23	0	238	12.0	0.0	11.0	0.0	1.0	1.0
23	0	232	11.935	0.25	11.0	0.0	1.0	1.0
23	0	226	11.323	0.475	11.0	0.0	1.0	1.0
23	0	220	11.0	0.0	11.0	0.0	1.0	1.0
23	0	214	10.935	0.25	11.0	0.0	1.0	1.0
23	0	208	10.645	0.486	11.0	0.0	1.0	1.0
23	0	202	10.032	0.18	11.0	0.0	1.0	1.0
23	0	196	9.968	0.18	11.0	0.0	1.0	1.0
23	0	190	9.742	0.445	11.032	0.18	1.0	1.0
23	0	184	9.323	0.475	11.0	0.0	1.0	1.0
23	0	178	9.0	0.0	11.29	0.461	1.0	1.0
23	0	172	8.968	0.18	11.71	0.461	1.0	1.0
23	0	166	8.548	0.506	11.968	0.18	1.0	1.0
23	0	160	8.0	0.0	12.0	0.0	1.0	1.0
23	0	154	7.935	0.25	11.968	0.18	1.0	1.0
23	0	148	7.548	0.506	12.032	0.18	1.0	1.0
23	0	142	7.032	0.18	12.065	0.25	1.0	1.0
23	0	136	7.0	0.0	12.516	0.508	1.0	1.0
23	0	130	6.548	0.506	12.903	0.301	1.0	1.0
23	0	124	6.0	0.0	13.032	0.18	1.0	1.0
23	0	118	6.0	0.0	13.065	0.25	1.0	1.0
23	0	112	5.613	0.495	13.839	0.374	1.0	1.0
23	0	106	5.0	0.0	14.032	0.18	1.0	1.0
23	0	100	4.968	0.18	14.645	0.486	1.0	1.0
23	0	77	3.161	0.688	17.903	0.597	1.0	1.0
23	0	74	2.129	0.341	18.968	0.605	1.0	1.0
23	0	71	2.0	0.0	20.097	0.746	1.0	1.0
23	0	68	2.0	0.0	21.355	0.95	1.0	1.0
23	0	65	2.0	0.0	23.194	1.046	1.0	1.0
23	0	62	1.839	0.374	26.355	2.199	1.0	1.0
23	0	59	0.964	0.576	30.231	2.997	0.742	0.839
23	0	56	0.033	0.183	34.0	2.828	0.032	0.065
23	0	53	0.0	0.0	nan	nan	0.0	0.0
23	0	50	0.0	0.0	nan	nan	0.0	0.0
23	0	47	0.0	0.0	nan	nan	0.0	0.0
23	0	44	0.0	0.0	nan	nan	0.0	0.0
24	0	454	18.903	0.301	10.0	0.0	1.0	1.0
24	0	448	18.548	0.506	10.0	0.0	1.0	1.0
24	0	442	18.194	0.402	10.0	0.0	1.0	1.0
24	0	436	18.097	0.396	10.0	0.0	1.0	1.0
24	0	430	18.032	0.18	10.0	0.0	1.0	1.0
24	0	424	18.0	0.0	10.0	0.0	1.0	1.0
24	0	418	17.806	0.402	10.0	0.0	1.0	1.0
24	0	412	17.71	0.461	10.0	0.0	1.0	1.0
24	0	406	17.548	0.506	10.0	0.0	1.0	1.0
24	0	400	17.161	0.374	10.0	0.0	1.0	1.0
24	0	394	17.0	0.0	10.0	0.0	1.0	1.0
24	0	388	17.0	0.0	10.0	0.0	1.0	1.0
24	0	382	16.935	0.25	10.0	0.0	1.0	1.0
24	0	376	16.71	0.461	10.0	0.0	1.0	1.0
24	0	370	16.258	0.445	10.0	0.0	1.0	1.0
24	0	364	16.065	0.25	10.0	0.0	1.0	1.0
24	0	358	16.0	0.0	10.0	0.0	1.0	1.0
24	0	352	15.935	0.25	10.0	0.0	1.0	1.0
24	0	346	15.71	0.461	10.0	0.0	1.0	1.0
24	0	340	15.194	0.402	10.0	0.0	1.0	1.0
24	0	334	15.032	0.18	10.032	0.18	1.0	1.0
24	0	328	15.0	0.258	10.0	0.0	1.0	1.0
24	0	322	14.839	0.374	10.129	0.341	1.0	1.0
24	0	316	14.677	0.475	10.161	0.374	1.0	1.0
24	0	310	14.194	0.402	10.097	0.301	1.0	1.0
24	0	304	14.0	0.0	10.29	0.461	1.0	1.0
24	0	298	14.0	0.0	10.484	0.508	1.0	1.0
24	0	292	13.71	0.461	10.548	0.506	1.0	1.0
24	0	286	13.258	0.445	10.645	0.486	1.0	1.0
24	0	280	13.032	0.18	10.742	0.445	1.0	1.0
24	0	274	12.968	0.18	10.839	0.374	1.0	1.0
24	0	268	12.581	0.502	10.968	0.18	1.0	1.0
24	0	262	12.129	0.341	10.935	0.25	1.0	1.0
24	0	256	12.0	0.0	11.0	0.0	1.0	1.0
24	0	250	11.903	0.301	11.0	0.0	1.0	1.0
24	0	244	11.774	0.425	11.0	0.0	1.0	1.0
24	0	238	11.161	0.374	11.0	0.0	1.0	1.0
24	0	232	11.0	0.0	11.0	0.0	1.0	1.0
24	0	226	10.935	0.25	11.0	0.0	1.0	1.0
24	0	220	10.452	0.506	11.0	0.0	1.0	1.0
24	0	214	10.065	0.25	11.0	0.0	1.0	1.0
24	0	208	9.935	0.25	11.0	0.0	1.0	1.0
24	0	202	9.71	0.461	11.0	0.0	1.0	1.0
24	0	196	9.097	0.396	11.032	0.18	1.0	1.0
24	0	190	9.0	0.0	11.0	0.0	1.0	1.0
24	0	184	8.871	0.341	11.065	0.25	1.0	1.0
24	0	178	8.355	0.486	11.516	0.508	1.0	1.0
24	0	172	8.0	0.0	11.903	0.301	1.0	1.0
24	0	166	7.968	0.18	12.0	0.0	1.0	1.0
24	0	160	7.613	0.495	11.968	0.18	1.0	1.0
24	0	154	7.032	0.18	12.0	0.0	1.0	1.0
24	0	148	7.0	0.258	12.0	0.0	1.0	1.0
24	0	142	6.581	0.502	12.097	0.301	1.0	1.0
24	0	136	6.161	0.374	12.452	0.506	1.0	1.0
24	0	130	5.968	0.18	12.935	0.25	1.0	1.0
24	0	124	5.742	0.445	13.0	0.0	1.0	1.0
24	0	118	5.194	0.402	13.065	0.25	1.0	1.0
24	0	112	5.0	0.0	13.645	0.486	1.0	1.0
24	0	106	4.774	0.425	14.032	0.18	1.0	1.0
24	0	100	4.129	0.341	14.484	0.508	1.0	1.0
24	0	77	2.871	0.341	17.452	0.506	1.0	1.0
24	0	74	2.29	0.739	18.194	0.543	1.0	1.0
24	0	71	1.774	0.669	19.161	0.898	1.0	1.0
24	0	68	1.161	0.374	20.419	1.205	1.0	1.0
24	0	65	1.097	0.301	22.29	1.442	1.0	1.0
24	0	62	0.933	0.45	24.333	1.387	0.839	0.871
24	0	59	0.129	0.341	25.5	1.291	0.129	0.129
24	0	56	0.0	0.0	nan	nan	0.0	0.0
24	0	53	0.0	0.0	nan	nan	0.0	0.0
24	0	50	0.0	0.0	nan	nan	0.0	0.0
24	0	47	0.0	0.0	nan	nan	0.0	0.0
24	0	44	0.0	0.0	nan	nan	0.0	0.0
25	0	454	23.161	0.374	12.258	0.445	1.0	1.0
25	0	448	22.968	0.315	12.161	0.374	1.0	1.0
25	0	442	22.935	0.25	12.452	0.506	1.0	1.0
25	0	436	22.677	0.475	12.452	0.506	1.0	1.0
25	0	430	22.258	0.445	12.452	0.506	1.0	1.0
25	0	424	22.194	0.402	12.484	0.508	1.0	1.0
25	0	418	22.032	0.18	12.516	0.508	1.0	1.0
25	0	412	21.968	0.407	12.613	0.495	1.0	1.0
25	0	406	21.71	0.461	12.742	0.445	1.0	1.0
25	0	400	21.484	0.508	12.774	0.425	1.0	1.0
25	0	394	21.065	0.25	12.774	0.425	1.0	1.0
25	0	388	21.065	0.25	12.839	0.374	1.0	1.0
25	0	382	20.871	0.341	12.742	0.445	1.0	1.0
25	0	376	20.677	0.475	12.871	0.341	1.0	1.0
25	0	370	20.29	0.461	12.839	0.374	1.0	1.0
25	0	364	20.161	0.374	13.0	0.0	1.0	1.0
25	0	358	19.968	0.18	13.0	0.0	1.0	1.0
25	0	352	19.742	0.445	13.0	0.0	1.0	1.0
25	0	346	19.613	0.495	12.903	0.301	1.0	1.0
25	0	340	19.258	0.445	13.0	0.0	1.0	1.0
25	0	334	19.097	0.301	13.0	0.0	1.0	1.0
25	0	328	18.871	0.341	13.0	0.0	1.0	1.0
25	0	322	18.516	0.508	13.0	0.0	1.0	1.0
25	0	316	18.194	0.402	13.0	0.0	1.0	1.0
25	0	310	18.032	0.18	13.0	0.0	1.0	1.0
25	0	304	17.806	0.402	13.0	0.0	1.0	1.0
25	0	298	17.516	0.508	13.0	0.0	1.0	1.0
25	0	292	17.032	0.18	13.0	0.0	1.0	1.0
25	0	286	16.871	0.341	13.0	0.0	1.0	1.0
25	0	280	16.452	0.506	13.0	0.0	1.0	1.0
25	0	274	16.032	0.18	13.0	0.0	1.0	1.0
25	0	268	15.968	0.18	13.0	0.0	1.0	1.0
25	0	262	15.774	0.425	13.0	0.0	1.0	1.0
25	0	256	15.194	0.402	13.0	0.0	1.0	1.0
25	0	250	15.032	0.18	13.0	0.0	1.0	1.0
25	0	244	14.806	0.402	13.0	0.0	1.0	1.0
25	0	238	14.161	0.374	13.0	0.0	1.0	1.0
25	0	232	14.032	0.18	13.0	0.0	1.0	1.0
25	0	226	13.806	0.402	13.0	0.0	1.0	1.0
25	0	220	13.29	0.461	13.0	0.0	1.0	1.0
25	0	214	13.0	0.0	13.032	0.18	1.0	1.0
25	0	208	12.613	0.495	13.258	0.445	1.0	1.0
25	0	202	12.226	0.425	13.548	0.506	1.0	1.0
25	0	196	12.0	0.0	13.806	0.402	1.0	1.0
25	0	190	11.806	0.402	13.903	0.301	1.0	1.0
25	0	184	11.065	0.25	14.0	0.0	1.0	1.0
25	0	178	10.968	0.18	14.0	0.0	1.0	1.0
25	0	172	10.516	0.508	14.0	0.0	1.0	1.0
25	0	166	10.097	0.301	14.0	0.0	1.0	1.0
25	0	160	9.871	0.341	14.065	0.25	1.0	1.0
25	0	154	9.032	0.18	14.226	0.425	1.0	1.0
25	0	148	8.968	0.18	14.903	0.301	1.0	1.0
25	0	142	8.613	0.495	15.0	0.0	1.0	1.0
25	0	136	8.0	0.0	15.0	0.0	1.0	1.0
25	0	130	7.935	0.25	15.065	0.25	1.0	1.0
25	0	124	7.129	0.341	15.645	0.486	1.0	1.0
25	0	118	6.935	0.25	16.0	0.258	1.0	1.0
25	0	112	6.323	0.475	16.097	0.301	1.0	1.0
25	0	106	6.0	0.0	16.935	0.25	1.0	1.0
25	0	100	5.742	0.445	17.194	0.402	1.0	1.0
25	0	77	3.0	0.0	21.516	0.811	1.0	1.0
25	0	74	2.903	0.301	22.161	0.688	1.0	1.0
25	0	71	2.387	0.495	23.419	0.807	1.0	1.0
25	0	68	2.0	0.0	25.097	0.87	1.0	1.0
25	0	65	2.032	0.18	26.581	1.628	1.0	1.0
25	0	62	1.9	0.305	30.129	2.895	0.968	1.0
25	0	59	0.95	0.686	34.731	2.974	0.484	0.839
25	0	56	0.129	0.428	33.333	5.508	0.097	0.097
25	0	53	0.0	0.0	nan	nan	0.0	0.0
25	0	50	0.0	0.0	nan	nan	0.0	0.0
25	0	47	0.0	0.0	nan	nan	0.0	0.0
25	0	44	0.0	0.0	nan	nan	0.0	0.0
26	0	454	19.0	0.0	10.871	0.341	1.0	1.0
26	0	448	19.0	0.0	10.645	0.486	1.0	1.0
26	0	442	19.0	0.0	10.742	0.445	1.0	1.0
26	0	436	19.0	0.0	10.774	0.425	1.0	1.0
26	0	430	18.645	0.486	10.645	0.486	1.0	1.0
26	0	424	18.226	0.425	10.806	0.402	1.0	1.0
26	0	418	18.0	0.0	10.968	0.18	1.0	1.0
26	0	412	18.0	0.0	10.935	0.25	1.0	1.0
26	0	406	17.871	0.341	10.839	0.374	1.0	1.0
26	0	400	17.935	0.25	10.871	0.341	1.0	1.0
26	0	394	17.484	0.508	10.935	0.25	1.0	1.0
26	0	388	17.194	0.402	10.968	0.18	1.0	1.0
26	0	382	17.0	0.0	10.968	0.18	1.0	1.0
26	0	376	17.0	0.0	10.968	0.18	1.0	1.0
26	0	370	16.968	0.18	11.0	0.0	1.0	1.0
26	0	364	16.742	0.445	10.935	0.25	1.0	1.0
26	0	358	16.419	0.502	11.0	0.0	1.0	1.0
26	0	352	16.097	0.301	11.0	0.0	1.0	1.0
26	0	346	16.032	0.18	11.0	0.0	1.0	1.0
26	0	340	16.0	0.0	10.968	0.18	1.0	1.0
26	0	334	15.71	0.461	11.0	0.0	1.0	1.0
26	0	328	15.355	0.486	11.0	0.0	1.0	1.0
26	0	322	15.0	0.0	11.0	0.0	1.0	1.0
26	0	316	15.0	0.0	11.0	0.0	1.0	1.0
26	0	310	14.968	0.18	11.0	0.0	1.0	1.0
26	0	304	14.613	0.495	11.0	0.0	1.0	1.0
26	0	298	14.29	0.461	11.0	0.0	1.0	1.0
26	0	292	14.0	0.0	11.0	0.0	1.0	1.0
26	0	286	14.0	0.0	11.0	0.0	1.0	1.0
26	0	280	13.903	0.301	11.0	0.0	1.0	1.0
26	0	274	13.355	0.486	11.0	0.0	1.0	1.0
26	0	268	13.065	0.25	11.0	0.0	1.0	1.0
26	0	262	13.032	0.18	11.0	0.0	1.0	1.0
26	0	256	12.839	0.374	11.0	0.0	1.0	1.0
26	0	250	12.29	0.461	11.0	0.0	1.0	1.0
26	0	244	12.0	0.0	11.0	0.0	1.0	1.0
26	0	238	12.0	0.0	11.032	0.18	1.0	1.0
26	0	232	11.71	0.461	11.032	0.18	1.0	1.0
26	0	226	11.065	0.25	11.194	0.402	1.0	1.0
26	0	220	11.0	0.0	11.484	0.508	1.0	1.0
26	0	214	10.903	0.301	11.581	0.502	1.0	1.0
26	0	208	10.355	0.486	11.839	0.374	1.0	1.0
26	0	202	10.0	0.0	12.0	0.0	1.0	1.0
26	0	196	10.0	0.0	11.968	0.18	1.0	1.0
26	0	190	9.516	0.508	12.0	0.0	1.0	1.0
26	0	184	9.097	0.301	11.968	0.18	1.0	1.0
26	0	178	9.0	0.0	12.0	0.0	1.0	1.0
26	0	172	8.903	0.301	12.0	0.0	1.0	1.0
26	0	166	8.097	0.301	12.032	0.18	1.0	1.0
26	0	160	8.0	0.0	12.29	0.461	1.0	1.0
26	0	154	7.935	0.25	12.645	0.486	1.0	1.0
26	0	148	7.258	0.445	12.935	0.25	1.0	1.0
26	0	142	7.0	0.0	13.0	0.0	1.0	1.0
26	0	136	7.0	0.0	13.0	0.0	1.0	1.0
26	0	130	6.452	0.506	13.129	0.341	1.0	1.0
26	0	124	6.032	0.18	13.71	0.461	1.0	1.0
26	0	118	6.0	0.0	13.968	0.18	1.0	1.0
26	0	112	5.419	0.502	14.032	0.18	1.0	1.0
26	0	106	5.0	0.0	14.806	0.402	1.0	1.0
26	0	100	4.935	0.25	15.097	0.301	1.0	1.0
26	0	77	2.903	0.651	18.677	0.653	1.0	1.0
26	0	74	2.032	0.18	19.806	0.833	1.0	1.0
26	0	71	2.0	0.0	21.0	1.095	1.0	1.0
26	0	68	2.0	0.0	22.613	1.022	1.0	1.0
26	0	65	1.968	0.18	24.935	1.413	1.0	1.0
26	0	62	1.742	0.445	28.161	1.934	1.0	1.0
26	0	59	0.958	0.624	31.5	3.513	0.613	0.839
26	0	56	0.0	0.0	nan	nan	0.0	0.0
26	0	53	0.0	0.0	nan	nan	0.0	0.0
26	0	50	0.0	0.0	nan	nan	0.0	0.0
26	0	47	0.0	0.0	nan	nan	0.0	0.0
26	0	44	0.0	0.0	nan	nan	0.0	0.0
27	0	454	16.032	0.18	9.323	0.475	1.0	1.0
27	0	448	16.0	0.0	9.355	0.486	1.0	1.0
27	0	442	15.968	0.18	9.452	0.506	1.0	1.0
27	0	436	15.806	0.402	9.645	0.486	1.0	1.0
27	0	430	15.677	0.475	9.484	0.508	1.0	1.0
27	0	424	15.29	0.461	9.548	0.506	1.0	1.0
27	0	418	15.097	0.301	9.548	0.506	1.0	1.0
27	0	412	15.0	0.0	9.581	0.502	1.0	1.0
27	0	406	15.0	0.0	9.581	0.502	1.0	1.0
27	0	400	14.935	0.25	9.774	0.425	1.0	1.0
27	0	394	14.613	0.495	9.677	0.475	1.0	1.0
27	0	388	14.387	0.495	9.903	0.301	1.0	1.0
27	0	382	14.194	0.402	9.839	0.374	1.0	1.0
27	0	376	14.032	0.18	9.903	0.301	1.0	1.0
27	0	370	14.0	0.0	9.935	0.25	1.0	1.0
27	0	364	14.0	0.0	9.935	0.25	1.0	1.0
27	0	358	13.806	0.402	10.0	0.0	1.0	1.0
27	0	352	13.581	0.502	10.0	0.0	1.0	1.0
27	0	346	13.065	0.25	10.0	0.0	1.0	1.0
27	0	340	13.032	0.18	10.0	0.0	1.0	1.0
27	0	334	13.0	0.0	10.0	0.0	1.0	1.0
27	0	328	13.0	0.0	10.0	0.0	1.0	1.0
27	0	322	12.774	0.425	10.0	0.0	1.0	1.0
27	0	316	12.323	0.475	10.0	0.0	1.0	1.0
27	0	310	12.065	0.25	10.0	0.0	1.0	1.0
27	0	304	12.0	0.0	10.0	0.0	1.0	1.0
27	0	298	12.0	0.0	10.0	0.0	1.0	1.0
27	0	292	11.871	0.341	10.0	0.0	1.0	1.0
27	0	286	11.194	0.402	10.0	0.0	1.0	1.0
27	0	280	11.032	0.18	10.0	0.0	1.0	1.0
27	0	274	11.0	0.0	10.0	0.0	1.0	1.0
27	0	268	11.0	0.0	10.0	0.0	1.0	1.0
27	0	262	10.645	0.486	10.0	0.0	1.0	1.0
27	0	256	10.129	0.341	10.0	0.0	1.0	1.0
27	0	250	10.0	0.0	10.0	0.0	1.0	1.0
27	0	244	10.0	0.0	10.0	0.0	1.0	1.0
27	0	238	9.774	0.425	10.0	0.0	1.0	1.0
27	0	232	9.323	0.475	10.0	0.0	1.0	1.0
27	0	226	9.0	0.0	10.0	0.0	1.0	1.0
27	0	220	9.0	0.0	10.0	0.0	1.0	1.0
27	0	214	8.968	0.18	10.0	0.0	1.0	1.0
27	0	208	8.387	0.495	10.097	0.301	1.0	1.0
27	0	202	8.0	0.0	10.032	0.18	1.0	1.0
27	0	196	8.0	0.0	10.452	0.506	1.0	1.0
27	0	190	7.935	0.25	10.774	0.425	1.0	1.0
27	0	184	7.484	0.508	10.935	0.25	1.0	1.0
27	0	178	7.065	0.25	11.0	0.0	1.0	1.0
27	0	172	7.0	0.0	11.0	0.0	1.0	1.0
27	0	166	6.871	0.341	11.0	0.0	1.0	1.0
27	0	160	6.161	0.374	11.0	0.0	1.0	1.0
27	0	154	6.0	0.0	11.0	0.0	1.0	1.0
27	0	148	6.0	0.0	11.032	0.18	1.0	1.0
27	0	142	5.806	0.402	11.387	0.495	1.0	1.0
27	0	136	5.161	0.374	11.839	0.374	1.0	1.0
27	0	130	5.0	0.0	12.0	0.0	1.0	1.0
27	0	124	4.968	0.18	12.0	0.0	1.0	1.0
27	0	118	4.516	0.508	12.194	0.402	1.0	1.0
27	0	112	4.0	0.0	12.645	0.486	1.0	1.0
27	0	106	4.0	0.0	13.0	0.0	1.0	1.0
27	0	100	3.903	0.301	13.387	0.495	1.0	1.0
27	0	77	2.323	0.475	16.129	0.499	1.0	1.0
27	0	74	2.0	0.0	16.548	0.568	1.0	1.0
27	0	71	1.935	0.25	17.226	0.669	1.0	1.0
27	0	68	1.419	0.502	18.323	0.945	1.0	1.0
27	0	65	1.0	0.0	20.129	1.258	1.0	1.0
27	0	62	0.964	0.189	22.333	1.936	0.871	0.968
27	0	59	0.259	0.447	24.273	1.737	0.226	0.355
27	0	56	0.0	0.0	nan	nan	0.0	0.0
27	0	53	0.0	0.0	nan	nan	0.0	0.0
27	0	50	0.0	0.0	nan	nan	0.0	0.0
27	0	47	0.0	0.0	nan	nan	0.0	0.0
27	0	44	0.0	0.0	nan	nan	0.0	0.0
28	0	454	19.323	0.475	10.0	0.0	1.0	1.0
28	0	448	19.0	0.0	10.0	0.0	1.0	1.0
28	0	442	19.0	0.0	10.0	0.0	1.0	1.0
28	0	436	19.0	0.0	10.0	0.0	1.0	1.0
28	0	430	18.903	0.301	10.0	0.0	1.0	1.0
28	0	424	18.548	0.506	10.0	0.0	1.0	1.0
28	0	418	18.484	0.508	10.0	0.0	1.0	1.0
28	0	412	18.032	0.18	10.0	0.0	1.0	1.0
28	0	406	18.0	0.0	10.0	0.0	1.0	1.0
28	0	400	17.935	0.25	10.0	0.0	1.0	1.0
28	0	394	17.806	0.402	10.0	0.0	1.0	1.0
28	0	388	17.677	0.475	10.0	0.0	1.0	1.0
28	0	382	17.258	0.445	10.0	0.0	1.0	1.0
28	0	376	17.065	0.25	10.0	0.0	1.0	1.0
28	0	370	17.0	0.0	10.0	0.0	1.0	1.0
28	0	364	16.903	0.301	10.0	0.0	1.0	1.0
28	0	358	16.484	0.508	10.0	0.0	1.0	1.0
28	0	352	16.129	0.341	10.0	0.0	1.0	1.0
28	0	346	16.065	0.359	10.0	0.0	1.0	1.0
28	0	340	15.968	0.18	10.0	0.0	1.0	1.0
28	0	334	15.742	0.445	10.0	0.0	1.0	1.0
28	0	328	15.387	0.495	10.0	0.0	1.0	1.0
28	0	322	15.097	0.301	10.0	0.0	1.0	1.0
28	0	316	14.968	0.18	10.0	0.0	1.0	1.0
28	0	310	14.871	0.341	10.0	0.0	1.0	1.0
28	0	304	14.581	0.502	10.0	0.0	1.0	1.0
28	0	298	14.226	0.425	10.0	0.0	1.0	1.0
28	0	292	14.032	0.18	10.0	0.0	1.0	1.0
28	0	286	13.935	0.25	10.0	0.0	1.0	1.0
28	0	280	13.548	0.506	10.0	0.0	1.0	1.0
28	0	274	13.161	0.374	10.0	0.0	1.0	1.0
28	0	268	13.0	0.0	10.0	0.0	1.0	1.0
28	0	262	12.903	0.301	10.032	0.18	1.0	1.0
28	0	256	12.323	0.475	10.065	0.25	1.0	1.0
28	0	250	12.097	0.301	10.032	0.18	1.0	1.0
28	0	244	12.0	0.0	10.323	0.475	1.0	1.0
28	0	238	11.71	0.461	10.419	0.502	1.0	1.0
28	0	232	11.323	0.475	10.677	0.475	1.0	1.0
28	0	226	11.032	0.18	10.839	0.374	1.0	1.0
28	0	220	10.935	0.25	11.0	0.0	1.0	1.0
28	0	214	10.484	0.508	10.968	0.18	1.0	1.0
28	0	208	10.161	0.374	11.0	0.0	1.0	1.0
28	0	202	9.935	0.25	11.0	0.0	1.0	1.0
28	0	196	9.871	0.341	11.0	0.0	1.0	1.0
28	0	190	9.194	0.402	11.0	0.0	1.0	1.0
28	0	184	8.968	0.18	11.0	0.0	1.0	1.0
28	0	178	8.903	0.301	11.0	0.0	1.0	1.0
28	0	172	8.226	0.425	11.032	0.18	1.0	1.0
28	0	166	8.032	0.18	11.129	0.341	1.0	1.0
28	0	160	7.871	0.341	11.581	0.502	1.0	1.0
28	0	154	7.258	0.445	11.903	0.301	1.0	1.0
28	0	148	7.032	0.18	11.968	0.18	1.0	1.0
28	0	142	6.935	0.25	12.0	0.0	1.0	1.0
28	0	136	6.355	0.486	12.0	0.0	1.0	1.0
28	0	130	6.065	0.25	12.323	0.475	1.0	1.0
28	0	124	5.871	0.341	12.871	0.341	1.0	1.0
28	0	118	5.355	0.486	12.968	0.18	1.0	1.0
28	0	112	5.032	0.18	13.129	0.341	1.0	1.0
28	0	106	4.871	0.341	13.871	0.341	1.0	1.0
28	0	100	4.258	0.445	14.065	0.25	1.0	1.0
28	0	77	2.935	0.25	17.0	0.73	1.0	1.0
28	0	74	2.71	0.461	17.839	0.934	1.0	1.0
28	0	71	1.935	0.727	18.645	0.709	1.0	1.0
28	0	68	1.323	0.475	19.968	1.449	1.0	1.0
28	0	65	1.194	0.402	20.581	1.025	1.0	1.0
28	0	62	1.032	0.18	23.323	1.194	1.0	1.0
28	0	59	0.724	0.455	25.435	2.019	0.677	0.742
28	0	56	0.065	0.25	27.5	2.121	0.065	0.065
28	0	53	0.0	0.0	nan	nan	0.0	0.0
28	0	50	0.0	0.0	nan	nan	0.0	0.0
28	0	47	0.0	0.0	nan	nan	0.0	0.0
28	0	44	0.0	0.0	nan	nan	0.0	0.0
29	0	454	17.0	0.0	10.0	0.0	1.0	1.0
29	0	448	16.968	0.18	10.0	0.0	1.0	1.0
29	0	442	17.0	0.0	10.0	0.0	1.0	1.0
29	0	436	16.839	0.374	10.0	0.0	1.0	1.0
29	0	430	16.774	0.425	10.0	0.0	1.0	1.0
29	0	424	16.387	0.495	10.0	0.0	1.0	1.0
29	0	418	16.258	0.445	10.0	0.0	1.0	1.0
29	0	412	16.032	0.18	10.0	0.0	1.0	1.0
29	0	406	16.0	0.0	10.0	0.0	1.0	1.0
29	0	400	16.0	0.0	10.0	0.0	1.0	1.0
29	0	394	15.677	0.475	10.0	0.0	1.0	1.0
29	0	388	15.387	0.495	10.0	0.0	1.0	1.0
29	0	382	15.194	0.402	10.0	0.0	1.0	1.0
29	0	376	15.0	0.0	10.0	0.0	1.0	1.0
29	0	370	15.0	0.0	10.0	0.0	1.0	1.0
29	0	364	15.0	0.0	10.0	0.0	1.0	1.0
29	0	358	14.903	0.301	10.0	0.0	1.0	1.0
29	0	352	14.387	0.495	10.0	0.0	1.0	1.0
29	0	346	14.097	0.301	10.0	0.0	1.0	1.0
29	0	340	14.0	0.0	10.0	0.0	1.0	1.0
29	0	334	14.0	0.0	10.0	0.0	1.0	1.0
29	0	328	14.0	0.0	10.0	0.0	1.0	1.0
29	0	322	13.71	0.461	10.0	0.0	1.0	1.0
29	0	316	13.129	0.341	10.0	0.0	1.0	1.0
29	0	310	13.065	0.25	10.0	0.0	1.0	1.0
29	0	304	13.0	0.0	10.0	0.0	1.0	1.0
29	0	298	12.935	0.25	10.0	0.0	1.0	1.0
29	0	292	12.484	0.508	10.0	0.0	1.0	1.0
29	0	286	12.097	0.301	10.0	0.0	1.0	1.0
29	0	280	12.065	0.25	10.0	0.0	1.0	1.0
29	0	274	12.0	0.0	10.0	0.0	1.0	1.0
29	0	268	11.774	0.425	10.065	0.25	1.0	1.0
29	0	262	11.323	0.475	10.097	0.301	1.0	1.0
29	0	256	11.0	0.0	10.258	0.445	1.0	1.0
29	0	250	10.968	0.18	10.677	0.475	1.0	1.0
29	0	244	10.774	0.425	10.742	0.445	1.0	1.0
29	0	238	10.355	0.486	10.935	0.25	1.0	1.0
29	0	232	10.032	0.18	10.968	0.18	1.0	1.0
29	0	226	9.968	0.18	11.0	0.0	1.0	1.0
29	0	220	9.871	0.341	11.0	0.0	1.0	1.0
29	0	214	9.194	0.402	11.0	0.0	1.0	1.0
29	0	208	9.065	0.25	11.0	0.0	1.0	1.0
29	0	202	9.0	0.0	11.0	0.0	1.0	1.0
29	0	196	8.871	0.341	11.0	0.0	1.0	1.0
29	0	190	8.194	0.402	11.0	0.0	1.0	1.0
29	0	184	8.0	0.0	11.0	0.0	1.0	1.0
29	0	178	7.968	0.18	11.0	0.0	1.0	1.0
29	0	172	7.613	0.495	11.097	0.301	1.0	1.0
29	0	166	7.161	0.374	11.355	0.486	1.0	1.0
29	0	160	7.0	0.0	11.839	0.374	1.0	1.0
29	0	154	6.806	0.402	11.968	0.18	1.0	1.0
29	0	148	6.226	0.425	12.0	0.0	1.0	1.0
29	0	142	6.0	0.0	12.0	0.0	1.0	1.0
29	0	136	6.0	0.0	12.097	0.301	1.0	1.0
29	0	130	5.613	0.495	12.484	0.508	1.0	1.0
29	0	124	5.065	0.25	12.935	0.25	1.0	1.0
29	0	118	4.968	0.18	13.0	0.0	1.0	1.0
29	0	112	4.774	0.425	13.29	0.461	1.0	1.0
29	0	106	4.129	0.341	13.903	0.301	1.0	1.0
29	0	100	4.0	0.0	14.097	0.396	1.0	1.0
29	0	77	2.839	0.374	17.258	0.514	1.0	1.0
29	0	74	2.323	0.702	17.871	0.619	1.0	1.0
29	0	71	1.516	0.626	18.677	0.702	1.0	1.0
29	0	68	1.0	0.0	20.355	0.877	1.0	1.0
29	0	65	1.0	0.0	22.419	1.385	1.0	1.0
29	0	62	0.903	0.301	24.0	1.414	0.903	0.903
29	0	59	0.207	0.412	27.5	2.449	0.194	0.258
29	0	56	0.0	0.0	nan	nan	0.0	0.0
29	0	53	0.0	0.0	nan	nan	0.0	0.0
29	0	50	0.0	0.0	nan	nan	0.0	0.0
29	0	47	0.0	0.0	nan	nan	0.0	0.0
29	0	44	0.0	0.0	nan	nan	0.0	0.0
30	0	454	18.613	0.495	9.935	0.25	1.0	1.0
30	0	448	18.452	0.506	9.903	0.301	1.0	1.0
30	0	442	18.226	0.425	10.0	0.0	1.0	1.0
30	0	436	18.0	0.0	9.968	0.18	1.0	1.0
30	0	430	17.968	0.18	9.968	0.18	1.0	1.0
30	0	424	17.935	0.25	10.0	0.0	1.0	1.0
30	0	418	17.677	0.475	10.0	0.0	1.0	1.0
30	0	412	17.387	0.495	9.968	0.18	1.0	1.0
30	0	406	17.194	0.402	10.0	0.0	1.0	1.0
30	0	400	17.097	0.301	10.0	0.0	1.0	1.0
30	0	394	17.0	0.258	10.0	0.0	1.0	1.0
30	0	388	16.806	0.402	9.968	0.18	1.0	1.0
30	0	382	16.581	0.502	10.0	0.0	1.0	1.0
30	0	376	16.323	0.475	10.0	0.0	1.0	1.0
30	0	370	16.032	0.18	10.0	0.0	1.0	1.0
30	0	364	16.032	0.18	10.0	0.0	1.0	1.0
30	0	358	15.903	0.301	10.0	0.0	1.0	1.0
30	0	352	15.677	0.475	10.0	0.0	1.0	1.0
30	0	346	15.355	0.486	10.0	0.0	1.0	1.0
30	0	340	15.032	0.18	10.0	0.0	1.0	1.0
30	0	334	15.0	0.0	10.0	0.0	1.0	1.0
30	0	328	14.839	0.374	10.0	0.0	1.0	1.0
30	0	322	14.645	0.486	10.0	0.0	1.0	1.0
30	0	316	14.226	0.425	10.0	0.0	1.0	1.0
30	0	310	14.0	0.0	10.0	0.0	1.0	1.0
30	0	304	13.968	0.18	10.0	0.0	1.0	1.0
30	0	298	13.71	0.461	10.0	0.0	1.0	1.0
30	0	292	13.355	0.486	10.0	0.0	1.0	1.0
30	0	286	13.032	0.18	10.0	0.0	1.0	1.0
30	0	280	12.806	0.402	10.0	0.0	1.0	1.0
30	0	274	12.839	0.374	10.0	0.0	1.0	1.0
30	0	268	12.29	0.461	10.0	0.0	1.0	1.0
30	0	262	12.097	0.301	10.0	0.0	1.0	1.0
30	0	256	12.0	0.0	10.0	0.0	1.0	1.0
30	0	250	11.871	0.341	10.0	0.0	1.0	1.0
30	0	244	11.194	0.402	10.0	0.0	1.0	1.0
30	0	238	11.065	0.25	10.032	0.18	1.0	1.0
30	0	232	10.935	0.25	10.032	0.18	1.0	1.0
30	0	226	10.452	0.506	10.032	0.18	1.0	1.0
30	0	220	10.129	0.341	10.226	0.425	1.0	1.0
30	0	214	10.032	0.18	10.613	0.495	1.0	1.0
30	0	208	9.806	0.402	10.806	0.402	1.0	1.0
30	0	202	9.419	0.502	10.935	0.25	1.0	1.0
30	0	196	9.129	0.341	10.968	0.18	1.0	1.0
30	0	190	8.935	0.25	10.968	0.18	1.0	1.0
30	0	184	8.71	0.461	11.0	0.0	1.0	1.0
30	0	178	8.065	0.25	11.0	0.0	1.0	1.0
30	0	172	8.0	0.0	11.032	0.18	1.0	1.0
30	0	166	7.871	0.341	11.0	0.0	1.0	1.0
30	0	160	7.29	0.461	11.097	0.301	1.0	1.0
30	0	154	6.935	0.25	11.355	0.486	1.0	1.0
30	0	148	6.903	0.301	11.774	0.425	1.0	1.0
30	0	142	6.226	0.425	11.968	0.18	1.0	1.0
30	0	136	6.032	0.18	12.0	0.0	1.0	1.0
30	0	130	5.903	0.301	12.032	0.18	1.0	1.0
30	0	124	5.452	0.506	12.419	0.502	1.0	1.0
30	0	118	5.129	0.341	12.968	0.18	1.0	1.0
30	0	112	4.968	0.18	13.032	0.18	1.0	1.0
30	0	106	4.581	0.502	13.355	0.486	1.0	1.0
30	0	100	4.032	0.18	14.0	0.258	1.0	1.0
30	0	77	3.0	0.0	16.677	0.475	1.0	1.0
30	0	74	2.71	0.461	17.452	0.624	1.0	1.0
30	0	71	1.968	0.875	18.0	0.931	1.0	1.0
30	0	68	1.323	0.541	19.645	1.404	1.0	1.0
30	0	65	1.065	0.25	21.419	1.669	1.0	1.0
30	0	62	0.968	0.18	23.3	2.003	0.968	0.968
30	0	59	0.484	0.508	24.667	1.676	0.484	0.484
30	0	56	0.0	0.0	nan	nan	0.0	0.0
30	0	53	0.0	0.0	nan	nan	0.0	0.0
30	0	50	0.0	0.0	nan	nan	0.0	0.0
30	0	47	0.0	0.0	nan	nan	0.0	0.0
30	0	44	0.0	0.0	nan	nan	0.0	0.0
31	0	454	11.0	0.0	9.0	0.0	1.0	1.0
31	0	448	11.0	0.0	9.0	0.0	1.0	1.0
31	0	442	11.0	0.0	9.0	0.0	1.0	1.0
31	0	436	11.0	0.0	9.0	0.0	1.0	1.0
31	0	430	11.0	0.0	9.0	0.0	1.0	1.0
31	0	424	10.968	0.18	9.0	0.0	1.0	1.0
31	0	418	10.806	0.402	9.0	0.0	1.0	1.0
31	0	412	10.613	0.495	9.0	0.0	1.0	1.0
31	0	406	10.419	0.502	9.0	0.0	1.0	1.0
31	0	400	10.065	0.25	9.0	0.0	1.0	1.0
31	0	394	10.032	0.18	9.0	0.0	1.0	1.0
31	0	388	10.0	0.0	9.0	0.0	1.0	1.0
31	0	382	10.0	0.0	9.0	0.0	1.0	1.0
31	0	376	10.0	0.0	9.0	0.0	1.0	1.0
31	0	370	10.0	0.0	9.0	0.0	1.0	1.0
31	0	364	9.968	0.18	9.0	0.0	1.0	1.0
31	0	358	9.839	0.374	9.0	0.0	1.0	1.0
31	0	352	9.419	0.502	9.0	0.0	1.0	1.0
31	0	346	9.226	0.425	9.0	0.0	1.0	1.0
31	0	340	9.0	0.0	9.0	0.0	1.0	1.0
31	0	334	9.0	0.0	9.0	0.0	1.0	1.0
31	0	328	9.0	0.0	9.0	0.0	1.0	1.0
31	0	322	9.0	0.0	9.0	0.0	1.0	1.0
31	0	316	9.0	0.0	9.0	0.0	1.0	1.0
31	0	310	9.0	0.0	9.0	0.0	1.0	1.0
31	0	304	8.71	0.461	9.0	0.0	1.0	1.0
31	0	298	8.129	0.341	9.0	0.0	1.0	1.0
31	0	292	8.0	0.0	9.0	0.0	1.0	1.0
31	0	286	8.0	0.0	9.0	0.0	1.0	1.0
31	0	280	8.0	0.0	9.032	0.18	1.0	1.0
31	0	274	8.0	0.0	9.129	0.341	1.0	1.0
31	0	268	7.968	0.18	9.29	0.461	1.0	1.0
31	0	262	7.548	0.506	9.419	0.502	1.0	1.0
31	0	256	7.258	0.445	9.839	0.374	1.0	1.0
31	0	250	7.065	0.25	9.935	0.25	1.0	1.0
31	0	244	7.0	0.0	9.968	0.18	1.0	1.0
31	0	238	7.0	0.0	9.935	0.25	1.0	1.0
31	0	232	7.0	0.0	10.0	0.0	1.0	1.0
31	0	226	6.871	0.341	10.0	0.0	1.0	1.0
31	0	220	6.516	0.508	10.0	0.0	1.0	1.0
31	0	214	6.065	0.25	10.0	0.0	1.0	1.0
31	0	208	6.0	0.0	10.0	0.0	1.0	1.0
31	0	202	6.0	0.0	10.0	0.0	1.0	1.0
31	0	196	6.0	0.0	10.0	0.0	1.0	1.0
31	0	190	6.0	0.0	10.0	0.0	1.0	1.0
31	0	184	5.452	0.506	10.0	0.0	1.0	1.0
31	0	178	5.0	0.0	10.0	0.0	1.0	1.0
31	0	172	5.0	0.0	10.0	0.0	1.0	1.0
31	0	166	5.0	0.0	10.194	0.402	1.0	1.0
31	0	160	5.0	0.0	10.613	0.495	1.0	1.0
31	0	154	4.935	0.25	10.968	0.18	1.0	1.0
31	0	148	4.387	0.495	11.0	0.0	1.0	1.0
31	0	142	4.0	0.0	11.0	0.0	1.0	1.0
31	0	136	4.0	0.0	11.0	0.0	1.0	1.0
31	0	130	4.0	0.0	11.065	0.25	1.0	1.0
31	0	124	4.0	0.0	11.71	0.461	1.0	1.0
31	0	118	3.548	0.506	12.0	0.0	1.0	1.0
31	0	112	3.032	0.18	12.065	0.25	1.0	1.0
31	0	106	3.0	0.0	12.516	0.508	1.0	1.0
31	0	100	3.0	0.0	13.0	0.0	1.0	1.0
31	0	77	2.0	0.0	15.806	0.543	1.0	1.0
31	0	74	1.968	0.18	16.355	0.608	1.0	1.0
31	0	71	1.968	0.18	17.226	0.762	1.0	1.0
31	0	68	1.581	0.502	18.129	1.024	1.0	1.0
31	0	65	1.097	0.301	19.935	1.504	1.0	1.0
31	0	62	0.96	0.2	22.8	1.919	0.774	0.968
31	0	59	0.032	0.18	22.0	0.0	0.032	0.032
31	0	56	0.0	0.0	nan	nan	0.0	0.0
31	0	53	0.0	0.0	nan	nan	0.0	0.0
31	0	50	0.0	0.0	nan	nan	0.0	0.0
31	0	47	0.0	0.0	nan	nan	0.0	0.0
31	0	44	0.0	0.0	nan	nan	0.0	0.0
0	1	454	21.0	0.258	10.0	0.0	1.0	1.0
0	1	448	20.935	0.25	10.0	0.0	1.0	1.0
0	1	442	20.935	0.25	10.0	0.0	1.0	1.0
0	1	436	20.452	0.506	10.0	0.0	1.0	1.0
0	1	430	20.226	0.425	10.0	0.0	1.0	1.0
0	1	424	20.032	0.18	10.0	0.0	1.0	1.0
0	1	418	20.0	0.0	10.0	0.0	1.0	1.0
0	1	412	19.871	0.341	10.0	0.0	1.0	1.0
0	1	406	19.516	0.508	10.0	0.0	1.0	1.0
0	1	400	19.129	0.341	10.0	0.0	1.0	1.0
0	1	394	19.032	0.18	10.0	0.0	1.0	1.0
0	1	388	19.0	0.0	10.0	0.0	1.0	1.0
0	1	382	18.903	0.301	10.032	0.18	1.0	1.0
0	1	376	18.452	0.506	10.0	0.0	1.0	1.0
0	1	370	18.161	0.374	10.0	0.0	1.0	1.0
0	1	364	18.0	0.258	10.0	0.0	1.0	1.0
0	1	358	18.0	0.0	10.0	0.0	1.0	1.0
0	1	352	17.71	0.461	10.0	0.0	1.0	1.0
0	1	346	17.419	0.502	10.0	0.0	1.0	1.0
0	1	340	17.0	0.0	10.032	0.18	1.0	1.0
0	1	334	16.968	0.18	10.032	0.18	1.0	1.0
0	1	328	16.71	0.461	10.097	0.301	1.0	1.0
0	1	322	16.258	0.445	10.097	0.301	1.0	1.0
0	1	316	16.097	0.301	10.194	0.402	1.0	1.0
0	1	310	15.968	0.315	10.387	0.495	1.0	1.0
0	1	304	15.548	0.506	10.548	0.506	1.0	1.0
0	1	298	15.161	0.374	10.806	0.402	1.0	1.0
0	1	292	15.065	0.25	10.839	0.374	1.0	1.0
0	1	286	14.871	0.341	10.903	0.301	1.0	1.0
0	1	280	14.29	0.461	11.0	0.0	1.0	1.0
0	1	274	14.097	0.301	10.968	0.18	1.0	1.0
0	1	268	13.968	0.315	11.0	0.0	1.0	1.0
0	1	262	13.645	0.486	11.0	0.0	1.0	1.0
0	1	256	13.226	0.425	11.0	0.0	1.0	1.0
0	1	250	13.0	0.0	11.0	0.0	1.0	1.0
0	1	244	12.903	0.301	11.0	0.0	1.0	1.0
0	1	238	12.323	0.475	11.0	0.0	1.0	1.0
0	1	232	12.0	0.0	11.0	0.0	1.0	1.0
0	1	226	12.0	0.0	11.0	0.0	1.0	1.0
0	1	220	11.355	0.486	11.0	0.0	1.0	1.0
0	1	214	11.065	0.25	11.0	0.0	1.0	1.0
0	1	208	10.968	0.18	11.0	0.0	1.0	1.0
0	1	202	10.355	0.486	11.0	0.0	1.0	1.0
0	1	196	10.129	0.341	11.032	0.18	1.0	1.0
0	1	190	9.968	0.315	11.129	0.341	1.0	1.0
0	1	184	9.484	0.508	11.516	0.508	1.0	1.0
0	1	178	9.097	0.301	11.742	0.445	1.0	1.0
0	1	172	8.968	0.18	11.871	0.341	1.0	1.0
0	1	166	8.452	0.506	12.0	0.0	1.0	1.0
0	1	160	8.097	0.301	12.0	0.0	1.0	1.0
0	1	154	7.903	0.301	12.0	0.0	1.0	1.0
0	1	148	7.29	0.461	12.097	0.301	1.0	1.0
0	1	142	7.032	0.315	12.258	0.445	1.0	1.0
0	1	136	6.935	0.25	12.71	0.461	1.0	1.0
0	1	130	6.129	0.341	13.0	0.0	1.0	1.0
0	1	124	6.0	0.0	13.0	0.0	1.0	1.0
0	1	118	5.871	0.341	13.323	0.475	1.0	1.0
0	1	112	5.226	0.425	13.935	0.25	1.0	1.0
0	1	106	5.0	0.0	14.0	0.0	1.0	1.0
0	1	100	4.645	0.486	14.613	0.495	1.0	1.0
0	1	77	2.871	0.428	17.548	0.624	1.0	1.0
0	1	74	2.516	0.508	18.194	0.703	1.0	1.0
0	1	71	2.032	0.407	19.161	0.86	1.0	1.0
0	1	68	1.581	0.502	20.161	1.003	1.0	1.0
0	1	65	1.258	0.445	21.419	1.057	1.0	1.0
0	1	62	1.032	0.315	23.9	1.029	0.968	0.968
0	1	59	0.655	0.484	26.857	3.395	0.613	0.677
0	1	56	0.067	0.254	29.667	4.726	0.065	0.097
0	1	53	0.0	0.0	nan	nan	0.0	0.0
0	1	50	0.0	0.0	nan	nan	0.0	0.0
0	1	47	0.0	0.0	nan	nan	0.0	0.0
0	1	44	0.0	0.0	nan	nan	0.0	0.0
1	1	454	20.871	0.341	10.065	0.25	1.0	1.0
1	1	448	20.774	0.425	10.065	0.25	1.0	1.0
1	1	442	20.387	0.495	10.0	0.0	1.0	1.0
1	1	436	20.387	0.495	10.032	0.18	1.0	1.0
1	1	430	20.065	0.25	10.065	0.25	1.0	1.0
1	1	424	19.935	0.25	10.032	0.18	1.0	1.0
1	1	418	19.806	0.402	10.226	0.425	1.0	1.0
1	1	412	19.581	0.502	10.097	0.301	1.0	1.0
1	1	406	19.323	0.475	10.032	0.18	1.0	1.0
1	1	400	19.0	0.0	10.097	0.301	1.0	1.0
1	1	394	19.0	0.0	10.194	0.402	1.0	1.0
1	1	388	18.839	0.374	10.29	0.461	1.0	1.0
1	1	382	18.645	0.486	10.258	0.445	1.0	1.0
1	1	376	18.129	0.341	10.484	0.508	1.0	1.0
1	1	370	18.032	0.18	10.452	0.506	1.0	1.0
1	1	364	18.0	0.0	10.548	0.506	1.0	1.0
1	1	358	17.935	0.25	10.516	0.508	1.0	1.0
1	1	352	17.613	0.495	10.839	0.374	1.0	1.0
1	1	346	17.355	0.486	10.871	0.341	1.0	1.0
1	1	340	16.968	0.18	10.839	0.374	1.0	1.0
1	1	334	17.0	0.0	10.935	0.25	1.0	1.0
1	1	328	16.677	0.475	10.968	0.18	1.0	1.0
1	1	322	16.355	0.486	11.0	0.0	1.0	1.0
1	1	316	16.032	0.18	11.0	0.0	1.0	1.0
1	1	310	15.935	0.25	10.935	0.25	1.0	1.0
1	1	304	15.806	0.402	11.0	0.0	1.0	1.0
1	1	298	15.258	0.445	11.0	0.0	1.0	1.0
1	1	292	15.065	0.25	11.0	0.0	1.0	1.0
1	1	286	14.968	0.18	11.0	0.0	1.0	1.0
1	1	280	14.516	0.508	11.0	0.0	1.0	1.0
1	1	274	14.065	0.25	11.0	0.0	1.0	1.0
1	1	268	14.032	0.18	11.0	0.0	1.0	1.0
1	1	262	13.903	0.301	11.0	0.0	1.0	1.0
1	1	256	13.226	0.425	11.0	0.0	1.0	1.0
1	1	250	13.065	0.25	11.0	0.0	1.0	1.0
1	1	244	13.0	0.258	11.0	0.0	1.0	1.0
1	1	238	12.516	0.508	11.0	0.0	1.0	1.0
1	1	232	12.032	0.18	11.0	0.0	1.0	1.0
1	1	226	11.968	0.18	11.0	0.0	1.0	1.0
1	1	220	11.71	0.461	11.032	0.18	1.0	1.0
1	1	214	11.194	0.402	11.0	0.0	1.0	1.0
1	1	208	11.0	0.0	11.194	0.402	1.0	1.0
1	1	202	10.774	0.425	11.484	0.508	1.0	1.0
1	1	196	10.161	0.374	11.742	0.445	1.0	1.0
1	1	190	10.0	0.0	11.968	0.18	1.0	1.0
1	1	184	9.871	0.341	12.0	0.0	1.0	1.0
1	1	178	9.355	0.486	12.0	0.0	1.0	1.0
1	1	172	9.0	0.0	12.0	0.0	1.0	1.0
1	1	166	8.71	0.461	12.0	0.0	1.0	1.0
1	1	160	8.097	0.301	12.065	0.25	1.0	1.0
1	1	154	8.032	0.18	12.226	0.425	1.0	1.0
1	1	148	7.806	0.402	12.806	0.402	1.0	1.0
1	1	142	7.387	0.495	12.871	0.341	1.0	1.0
1	1	136	7.0	0.0	13.0	0.0	1.0	1.0
1	1	130	6.839	0.374	13.065	0.25	1.0	1.0
1	1	124	6.129	0.341	13.355	0.486	1.0	1.0
1	1	118	6.0	0.0	13.935	0.25	1.0	1.0
1	1	112	5.742	0.445	14.032	0.18	1.0	1.0
1	1	106	5.097	0.301	14.645	0.486	1.0	1.0
1	1	100	5.0	0.0	15.0	0.0	1.0	1.0
1	1	77	2.806	0.749	18.516	0.811	1.0	1.0
1	1	74	2.161	0.374	19.742	0.682	1.0	1.0
1	1	71	2.0	0.0	20.677	0.791	1.0	1.0
1	1	68	2.0	0.0	22.355	1.427	1.0	1.0
1	1	65	1.903	0.301	24.806	1.352	1.0	1.0
1	1	62	1.586	0.501	28.032	3.261	0.935	1.0
1	1	59	0.522	0.665	32.667	4.256	0.323	0.581
1	1	56	0.0	0.0	nan	nan	0.0	0.0
1	1	53	0.0	0.0	nan	nan	0.0	0.0
1	1	50	0.0	0.0	nan	nan	0.0	0.0
1	1	47	0.0	0.0	nan	nan	0.0	0.0
1	1	44	0.0	0.0	nan	nan	0.0	0.0
2	1	454	17.032	0.18	9.548	0.506	1.0	1.0
2	1	448	17.0	0.0	9.742	0.445	1.0	1.0
2	1	442	17.0	0.0	9.742	0.445	1.0	1.0
2	1	436	17.0	0.0	9.935	0.25	1.0	1.0
2	1	430	16.935	0.25	9.871	0.341	1.0	1.0
2	1	424	16.806	0.402	9.968	0.18	1.0	1.0
2	1	418	16.484	0.508	9.935	0.25	1.0	1.0
2	1	412	16.226	0.425	9.968	0.18	1.0	1.0
2	1	406	16.0	0.0	9.935	0.25	1.0	1.0
2	1	400	16.0	0.0	9.903	0.301	1.0	1.0
2	1	394	16.0	0.0	10.0	0.0	1.0	1.0
2	1	388	15.677	0.475	10.0	0.0	1.0	1.0
2	1	382	15.419	0.502	10.0	0.0	1.0	1.0
2	1	376	15.129	0.341	10.0	0.0	1.0	1.0
2	1	370	15.0	0.0	10.0	0.0	1.0	1.0
2	1	364	15.0	0.0	10.0	0.0	1.0	1.0
2	1	358	15.0	0.0	10.0	0.0	1.0	1.0
2	1	352	14.871	0.341	10.0	0.0	1.0	1.0
2	1	346	14.516	0.508	10.0	0.0	1.0	1.0
2	1	340	14.129	0.341	10.0	0.0	1.0	1.0
2	1	334	14.0	0.0	9.968	0.18	1.0	1.0
2	1	328	14.0	0.0	10.0	0.0	1.0	1.0
2	1	322	13.968	0.18	10.0	0.0	1.0	1.0
2	1	316	13.613	0.495	10.0	0.0	1.0	1.0
2	1	310	13.161	0.374	10.0	0.0	1.0	1.0
2	1	304	13.0	0.0	10.0	0.0	1.0	1.0
2	1	298	13.0	0.0	10.0	0.0	1.0	1.0
2	1	292	12.935	0.25	10.0	0.0	1.0	1.0
2	1	286	12.226	0.425	10.0	0.0	1.0	1.0
2	1	280	12.065	0.25	10.0	0.0	1.0	1.0
2	1	274	12.0	0.0	10.0	0.0	1.0	1.0
2	1	268	11.935	0.25	10.0	0.0	1.0	1.0
2	1	262	11.677	0.475	10.0	0.0	1.0	1.0
2	1	256	11.194	0.402	10.0	0.0	1.0	1.0
2	1	250	11.0	0.0	10.0	0.0	1.0	1.0
2	1	244	11.0	0.0	10.0	0.0	1.0	1.0
2	1	238	10.871	0.341	10.0	0.0	1.0	1.0
2	1	232	10.29	0.461	10.0	0.0	1.0	1.0
2	1	226	10.0	0.0	10.032	0.18	1.0	1.0
2	1	220	10.0	0.0	10.0	0.0	1.0	1.0
2	1	214	9.774	0.425	10.129	0.341	1.0	1.0
2	1	208	9.194	0.402	10.258	0.445	1.0	1.0
2	1	202	9.0	0.0	10.742	0.445	1.0	1.0
2	1	196	8.968	0.18	10.839	0.374	1.0	1.0
2	1	190	8.452	0.506	10.968	0.18	1.0	1.0
2	1	184	8.0	0.0	10.968	0.18	1.0	1.0
2	1	178	8.0	0.0	11.0	0.0	1.0	1.0
2	1	172	7.935	0.25	11.0	0.0	1.0	1.0
2	1	166	7.387	0.495	11.0	0.0	1.0	1.0
2	1	160	7.0	0.0	11.0	0.0	1.0	1.0
2	1	154	7.0	0.0	11.226	0.425	1.0	1.0
2	1	148	6.968	0.18	11.742	0.445	1.0	1.0
2	1	142	6.258	0.445	11.968	0.18	1.0	1.0
2	1	136	6.0	0.0	12.0	0.0	1.0	1.0
2	1	130	6.0	0.0	12.0	0.0	1.0	1.0
2	1	124	5.71	0.461	12.355	0.486	1.0	1.0
2	1	118	5.0	0.0	12.968	0.18	1.0	1.0
2	1	112	5.0	0.0	12.968	0.18	1.0	1.0
2	1	106	4.968	0.18	13.355	0.486	1.0	1.0
2	1	100	4.065	0.25	14.0	0.0	1.0	1.0
2	1	77	3.032	0.18	16.871	0.499	1.0	1.0
2	1	74	2.806	0.402	17.613	0.615	1.0	1.0
2	1	71	2.29	0.461	18.581	0.72	1.0	1.0
2	1	68	2.065	0.25	19.645	1.17	1.0	1.0
2	1	65	1.935	0.25	21.581	1.285	1.0	1.0
2	1	62	1.419	0.502	24.194	1.74	1.0	1.0
2	1	59	0.963	0.338	29.345	4.047	0.806	0.935
2	1	56	0.036	0.189	36.75	2.5	0.032	0.129
2	1	53	0.0	0.0	nan	nan	0.0	0.0
2	1	50	0.0	0.0	nan	nan	0.0	0.0
2	1	47	0.0	0.0	nan	nan	0.0	0.0
2	1	44	0.0	0.0	nan	nan	0.0	0.0
3	1	454	19.935	0.25	10.806	0.402	1.0	1.0
3	1	448	19.839	0.374	10.806	0.402	1.0	1.0
3	1	442	19.484	0.508	10.806	0.402	1.0	1.0
3	1	436	19.226	0.425	10.935	0.25	1.0	1.0
3	1	430	19.161	0.374	10.903	0.301	1.0	1.0
3	1	424	19.0	0.0	10.903	0.301	1.0	1.0
3	1	418	18.968	0.18	10.968	0.18	1.0	1.0
3	1	412	18.645	0.486	11.0	0.0	1.0	1.0
3	1	406	18.452	0.506	11.0	0.0	1.0	1.0
3	1	400	18.129	0.341	11.0	0.0	1.0	1.0
3	1	394	18.032	0.18	11.0	0.0	1.0	1.0
3	1	388	18.0	0.0	11.0	0.0	1.0	1.0
3	1	382	17.839	0.374	11.0	0.0	1.0	1.0
3	1	376	17.645	0.486	11.0	0.0	1.0	1.0
3	1	370	17.226	0.425	11.0	0.0	1.0	1.0
3	1	364	17.032	0.18	11.0	0.0	1.0	1.0
3	1	358	17.0	0.0	11.0	0.0	1.0	1.0
3	1	352	16.806	0.402	11.0	0.0	1.0	1.0
3	1	346	16.516	0.508	11.0	0.0	1.0	1.0
3	1	340	16.161	0.374	11.0	0.0	1.0	1.0
3	1	334	16.0	0.0	11.0	0.0	1.0	1.0
3	1	328	15.935	0.25	11.0	0.0	1.0	1.0
3	1	322	15.677	0.475	11.0	0.0	1.0	1.0
3	1	316	15.29	0.461	11.0	0.0	1.0	1.0
3	1	310	15.0	0.0	11.0	0.0	1.0	1.0
3	1	304	15.0	0.0	11.0	0.0	1.0	1.0
3	1	298	14.742	0.445	11.0	0.0	1.0	1.0
3	1	292	14.226	0.425	11.0	0.0	1.0	1.0
3	1	286	14.0	0.0	11.0	0.0	1.0	1.0
3	1	280	14.0	0.0	11.0	0.0	1.0	1.0
3	1	274	13.742	0.445	11.0	0.0	1.0	1.0
3	1	268	13.226	0.425	11.0	0.0	1.0	1.0
3	1	262	13.032	0.18	11.0	0.0	1.0	1.0
3	1	256	12.935	0.25	11.0	0.0	1.0	1.0
3	1	250	12.548	0.506	11.0	0.0	1.0	1.0
3	1	244	12.129	0.341	11.0	0.0	1.0	1.0
3	1	238	12.0	0.0	11.0	0.0	1.0	1.0
3	1	232	11.839	0.374	11.0	0.0	1.0	1.0
3	1	226	11.29	0.461	11.032	0.18	1.0	1.0
3	1	220	11.0	0.0	11.258	0.445	1.0	1.0
3	1	214	10.935	0.25	11.419	0.502	1.0	1.0
3	1	208	10.452	0.506	11.903	0.301	1.0	1.0
3	1	202	10.0	0.0	11.871	0.341	1.0	1.0
3	1	196	10.0	0.0	12.0	0.0	1.0	1.0
3	1	190	9.645	0.486	12.0	0.0	1.0	1.0
3	1	184	9.065	0.25	12.0	0.0	1.0	1.0
3	1	178	9.0	0.0	12.0	0.0	1.0	1.0
3	1	172	8.839	0.374	12.0	0.0	1.0	1.0
3	1	166	8.194	0.402	12.0	0.0	1.0	1.0
3	1	160	8.0	0.0	12.0	0.0	1.0	1.0
3	1	154	7.806	0.402	12.419	0.502	1.0	1.0
3	1	148	7.387	0.495	12.903	0.301	1.0	1.0
3	1	142	7.0	0.0	13.0	0.0	1.0	1.0
3	1	136	6.968	0.18	13.0	0.0	1.0	1.0
3	1	130	6.29	0.461	13.129	0.341	1.0	1.0
3	1	124	6.0	0.0	13.484	0.508	1.0	1.0
3	1	118	6.0	0.0	13.968	0.18	1.0	1.0
3	1	112	5.161	0.374	14.032	0.18	1.0	1.0
3	1	106	5.0	0.0	14.581	0.502	1.0	1.0
3	1	100	4.903	0.301	14.935	0.25	1.0	1.0
3	1	77	2.419	0.62	18.484	0.724	1.0	1.0
3	1	74	2.097	0.301	19.194	0.654	1.0	1.0
3	1	71	2.0	0.0	20.484	0.89	1.0	1.0
3	1	68	1.968	0.18	22.226	1.117	1.0	1.0
3	1	65	1.742	0.445	24.097	1.012	1.0	1.0
3	1	62	1.484	0.508	26.226	2.418	1.0	1.0
3	1	59	0.786	0.63	31.545	2.94	0.613	0.71
3	1	56	0.0	0.0	nan	nan	0.0	0.0
3	1	53	0.0	0.0	nan	nan	0.0	0.0
3	1	50	0.0	0.0	nan	nan	0.0	0.0
3	1	47	0.0	0.0	nan	nan	0.0	0.0
3	1	44	0.0	0.0	nan	nan	0.0	0.0
4	1	454	23.419	0.502	11.839	0.374	1.0	1.0
4	1	448	23.097	0.301	11.774	0.425	1.0	1.0
4	1	442	23.065	0.359	11.645	0.486	1.0	1.0
4	1	436	22.903	0.301	11.774	0.425	1.0	1.0
4	1	430	22.742	0.445	11.774	0.425	1.0	1.0
4	1	424	22.774	0.425	11.774	0.425	1.0	1.0
4	1	418	22.258	0.445	11.774	0.425	1.0	1.0
4	1	412	21.968	0.18	11.742	0.445	1.0	1.0
4	1	406	21.935	0.25	11.871	0.341	1.0	1.0
4	1	400	21.774	0.425	11.774	0.425	1.0	1.0
4	1	394	21.323	0.475	11.871	0.341	1.0	1.0
4	1	388	21.129	0.341	11.806	0.402	1.0	1.0
4	1	382	21.065	0.25	11.968	0.18	1.0	1.0
4	1	376	20.871	0.341	11.903	0.301	1.0	1.0
4	1	370	20.419	0.502	11.871	0.341	1.0	1.0
4	1	364	20.161	0.374	11.903	0.301	1.0	1.0
4	1	358	19.968	0.18	11.968	0.18	1.0	1.0
4	1	352	19.968	0.18	11.839	0.374	1.0	1.0
4	1	346	19.677	0.475	12.0	0.0	1.0	1.0
4	1	340	19.226	0.425	11.935	0.25	1.0	1.0
4	1	334	19.0	0.258	11.968	0.18	1.0	1.0
4	1	328	18.839	0.374	11.968	0.315	1.0	1.0
4	1	322	18.516	0.508	12.0	0.0	1.0	1.0
4	1	316	18.129	0.341	12.065	0.25	1.0	1.0
4	1	310	18.032	0.18	12.065	0.359	1.0	1.0
4	1	304	17.645	0.486	11.968	0.407	1.0	1.0
4	1	298	17.097	0.301	12.032	0.407	1.0	1.0
4	1	292	17.032	0.18	11.968	0.315	1.0	1.0
4	1	286	16.839	0.374	12.032	0.18	1.0	1.0
4	1	280	16.387	0.495	12.29	0.529	1.0	1.0
4	1	274	16.065	0.25	12.226	0.425	1.0	1.0
4	1	268	15.903	0.301	12.161	0.374	1.0	1.0
4	1	262	15.581	0.502	12.194	0.402	1.0	1.0
4	1	256	15.161	0.374	12.194	0.402	1.0	1.0
4	1	250	15.0	0.0	12.355	0.608	1.0	1.0
4	1	244	14.516	0.508	12.387	0.495	1.0	1.0
4	1	238	14.032	0.18	12.387	0.495	1.0	1.0
4	1	232	13.968	0.18	12.613	0.495	1.0	1.0
4	1	226	13.387	0.495	12.516	0.508	1.0	1.0
4	1	220	13.129	0.341	12.548	0.506	1.0	1.0
4	1	214	12.935	0.25	12.581	0.502	1.0	1.0
4	1	208	12.516	0.508	12.677	0.475	1.0	1.0
4	1	202	12.0	0.0	12.774	0.425	1.0	1.0
4	1	196	11.839	0.374	12.871	0.341	1.0	1.0
4	1	190	11.258	0.445	12.903	0.301	1.0	1.0
4	1	184	11.0	0.0	13.065	0.25	1.0	1.0
4	1	178	10.871	0.341	13.097	0.301	1.0	1.0
4	1	172	10.032	0.18	13.226	0.497	1.0	1.0
4	1	166	10.0	0.0	13.323	0.475	1.0	1.0
4	1	160	9.613	0.495	13.323	0.475	1.0	1.0
4	1	154	9.0	0.0	13.774	0.425	1.0	1.0
4	1	148	8.871	0.341	13.903	0.301	1.0	1.0
4	1	142	8.258	0.445	13.903	0.301	1.0	1.0
4	1	136	8.0	0.0	14.258	0.445	1.0	1.0
4	1	130	7.516	0.508	14.516	0.508	1.0	1.0
4	1	124	7.0	0.0	14.806	0.402	1.0	1.0
4	1	118	6.968	0.18	14.935	0.442	1.0	1.0
4	1	112	6.226	0.425	15.419	0.502	1.0	1.0
4	1	106	6.0	0.0	15.71	0.461	1.0	1.0
4	1	100	5.806	0.402	16.194	0.477	1.0	1.0
4	1	77	3.032	0.18	19.742	0.893	1.0	1.0
4	1	74	3.0	0.0	20.677	0.791	1.0	1.0
4	1	71	2.677	0.475	22.032	0.912	1.0	1.0
4	1	68	2.129	0.341	23.097	0.87	1.0	1.0
4	1	65	2.0	0.0	25.161	1.393	1.0	1.0
4	1	62	2.0	0.0	28.258	2.352	1.0	1.0
4	1	59	1.5	0.731	32.074	2.601	0.839	0.871
4	1	56	0.357	0.621	35.636	1.433	0.258	0.355
4	1	53	0.0	0.0	nan	nan	0.0	0.0
4	1	50	0.0	0.0	nan	nan	0.0	0.0
4	1	47	0.0	0.0	nan	nan	0.0	0.0
4	1	44	0.0	0.0	nan	nan	0.0	0.0
5	1	454	16.0	0.0	9.065	0.25	1.0	1.0
5	1	448	16.0	0.0	9.032	0.18	1.0	1.0
5	1	442	16.0	0.0	9.032	0.18	1.0	1.0
5	1	436	15.935	0.25	9.065	0.25	1.0	1.0
5	1	430	15.548	0.506	9.097	0.301	1.0	1.0
5	1	424	15.323	0.475	9.129	0.341	1.0	1.0
5	1	418	15.065	0.25	9.161	0.374	1.0	1.0
5	1	412	15.0	0.0	9.226	0.425	1.0	1.0
5	1	406	15.0	0.0	9.387	0.495	1.0	1.0
5	1	400	14.968	0.18	9.355	0.486	1.0	1.0
5	1	394	14.581	0.502	9.323	0.475	1.0	1.0
5	1	388	14.548	0.506	9.484	0.508	1.0	1.0
5	1	382	14.032	0.18	9.548	0.506	1.0	1.0
5	1	376	14.032	0.18	9.613	0.495	1.0	1.0
5	1	370	13.968	0.18	9.871	0.341	1.0	1.0
5	1	364	14.0	0.0	9.677	0.475	1.0	1.0
5	1	358	13.645	0.486	9.839	0.374	1.0	1.0
5	1	352	13.323	0.475	9.935	0.25	1.0	1.0
5	1	346	13.032	0.18	10.0	0.0	1.0	1.0
5	1	340	13.0	0.0	10.0	0.0	1.0	1.0
5	1	334	13.0	0.0	10.0	0.0	1.0	1.0
5	1	328	12.871	0.341	10.0	0.0	1.0	1.0
5	1	322	12.29	0.461	9.968	0.18	1.0	1.0
5	1	316	12.065	0.25	10.0	0.0	1.0	1.0
5	1	310	12.0	0.0	10.0	0.0	1.0	1.0
5	1	304	12.0	0.0	10.0	0.0	1.0	1.0
5	1	298	11.677	0.475	10.0	0.0	1.0	1.0
5	1	292	11.161	0.374	10.0	0.0	1.0	1.0
5	1	286	11.032	0.18	10.0	0.0	1.0	1.0
5	1	280	11.0	0.0	10.0	0.0	1.0	1.0
5	1	274	10.839	0.374	10.0	0.0	1.0	1.0
5	1	268	10.355	0.486	10.0	0.0	1.0	1.0
5	1	262	10.065	0.25	10.0	0.0	1.0	1.0
5	1	256	10.0	0.0	10.0	0.0	1.0	1.0
5	1	250	10.0	0.0	10.0	0.0	1.0	1.0
5	1	244	9.871	0.341	10.0	0.0	1.0	1.0
5	1	238	9.161	0.374	10.0	0.0	1.0	1.0
5	1	232	9.032	0.18	10.0	0.0	1.0	1.0
5	1	226	9.0	0.0	10.0	0.0	1.0	1.0
5	1	220	8.935	0.25	10.0	0.0	1.0	1.0
5	1	214	8.226	0.425	10.0	0.0	1.0	1.0
5	1	208	8.0	0.0	10.0	0.0	1.0	1.0
5	1	202	8.0	0.0	10.032	0.18	1.0	1.0
5	1	196	7.935	0.25	10.226	0.425	1.0	1.0
5	1	190	7.387	0.495	10.484	0.508	1.0	1.0
5	1	184	7.0	0.0	10.871	0.341	1.0	1.0
5	1	178	7.0	0.0	10.968	0.18	1.0	1.0
5	1	172	6.935	0.25	11.0	0.0	1.0	1.0
5	1	166	6.226	0.425	11.0	0.0	1.0	1.0
5	1	160	6.0	0.0	11.0	0.0	1.0	1.0
5	1	154	6.0	0.0	11.0	0.0	1.0	1.0
5	1	148	5.903	0.301	11.032	0.18	1.0	1.0
5	1	142	5.129	0.341	11.548	0.506	1.0	1.0
5	1	136	5.0	0.0	11.774	0.425	1.0	1.0
5	1	130	5.0	0.0	12.0	0.0	1.0	1.0
5	1	124	4.71	0.461	12.0	0.0	1.0	1.0
5	1	118	4.032	0.18	12.194	0.402	1.0	1.0
5	1	112	4.0	0.0	13.0	0.0	1.0	1.0
5	1	106	4.0	0.0	13.0	0.0	1.0	1.0
5	1	100	3.548	0.506	13.258	0.445	1.0	1.0
5	1	77	2.355	0.486	15.968	0.482	1.0	1.0
5	1	74	2.032	0.18	16.839	0.583	1.0	1.0
5	1	71	1.935	0.25	17.419	0.564	1.0	1.0
5	1	68	1.355	0.486	18.613	0.761	1.0	1.0
5	1	65	1.032	0.18	19.742	1.032	1.0	1.0
5	1	62	0.96	0.2	22.767	1.977	0.774	0.968
5	1	59	0.24	0.436	24.167	1.642	0.194	0.387
5	1	56	0.0	0.0	nan	nan	0.0	0.0
5	1	53	0.0	0.0	nan	nan	0.0	0.0
5	1	50	0.0	0.0	nan	nan	0.0	0.0
5	1	47	0.0	0.0	nan	nan	0.0	0.0
5	1	44	0.0	0.0	nan	nan	0.0	0.0
6	1	454	18.194	0.402	10.0	0.0	1.0	1.0
6	1	448	18.258	0.445	10.0	0.0	1.0	1.0
6	1	442	18.065	0.25	10.0	0.0	1.0	1.0
6	1	436	18.032	0.18	10.0	0.0	1.0	1.0
6	1	430	18.0	0.0	10.0	0.0	1.0	1.0
6	1	424	17.774	0.425	10.0	0.0	1.0	1.0
6	1	418	17.581	0.502	10.0	0.0	1.0	1.0
6	1	412	17.226	0.425	10.0	0.0	1.0	1.0
6	1	406	17.097	0.301	10.0	0.0	1.0	1.0
6	1	400	17.0	0.0	10.0	0.0	1.0	1.0
6	1	394	16.968	0.18	10.0	0.0	1.0	1.0
6	1	388	16.806	0.402	10.0	0.0	1.0	1.0
6	1	382	16.613	0.495	10.0	0.0	1.0	1.0
6	1	376	16.387	0.495	10.0	0.0	1.0	1.0
6	1	370	16.032	0.18	10.0	0.0	1.0	1.0
6	1	364	16.0	0.0	10.0	0.0	1.0	1.0
6	1	358	16.0	0.0	10.0	0.0	1.0	1.0
6	1	352	15.839	0.374	10.0	0.0	1.0	1.0
6	1	346	15.355	0.486	10.0	0.0	1.0	1.0
6	1	340	15.161	0.374	10.0	0.0	1.0	1.0
6	1	334	15.032	0.18	10.0	0.0	1.0	1.0
6	1	328	15.0	0.0	10.0	0.0	1.0	1.0
6	1	322	14.871	0.341	10.0	0.0	1.0	1.0
6	1	316	14.452	0.506	10.0	0.0	1.0	1.0
6	1	310	14.032	0.18	10.0	0.0	1.0	1.0
6	1	304	13.968	0.18	10.0	0.0	1.0	1.0
6	1	298	13.935	0.25	10.0	0.0	1.0	1.0
6	1	292	13.71	0.461	10.0	0.0	1.0	1.0
6	1	286	13.097	0.301	10.0	0.0	1.0	1.0
6	1	280	13.0	0.0	10.0	0.0	1.0	1.0
6	1	274	13.0	0.0	10.0	0.0	1.0	1.0
6	1	268	12.677	0.475	10.0	0.0	1.0	1.0
6	1	262	12.258	0.445	10.0	0.0	1.0	1.0
6	1	256	12.0	0.0	10.032	0.18	1.0	1.0
6	1	250	12.0	0.0	10.097	0.301	1.0	1.0
6	1	244	11.645	0.486	10.097	0.301	1.0	1.0
6	1	238	11.194	0.402	10.355	0.486	1.0	1.0
6	1	232	11.0	0.0	10.71	0.461	1.0	1.0
6	1	226	10.968	0.18	10.871	0.341	1.0	1.0
6	1	220	10.484	0.508	10.968	0.18	1.0	1.0
6	1	214	10.097	0.301	11.0	0.0	1.0	1.0
6	1	208	10.0	0.0	11.0	0.0	1.0	1.0
6	1	202	9.935	0.25	11.0	0.0	1.0	1.0
6	1	196	9.258	0.445	11.0	0.0	1.0	1.0
6	1	190	9.0	0.0	11.0	0.0	1.0	1.0
6	1	184	8.968	0.18	11.0	0.0	1.0	1.0
6	1	178	8.806	0.402	11.0	0.0	1.0	1.0
6	1	172	8.032	0.18	11.032	0.18	1.0	1.0
6	1	166	8.0	0.0	11.161	0.374	1.0	1.0
6	1	160	7.935	0.25	11.613	0.495	1.0	1.0
6	1	154	7.194	0.402	11.968	0.18	1.0	1.0
6	1	148	7.0	0.0	12.0	0.0	1.0	1.0
6	1	142	6.968	0.18	12.0	0.0	1.0	1.0
6	1	136	6.387	0.495	12.032	0.18	1.0	1.0
6	1	130	6.032	0.18	12.387	0.495	1.0	1.0
6	1	124	5.968	0.18	12.935	0.25	1.0	1.0
6	1	118	5.71	0.461	13.0	0.0	1.0	1.0
6	1	112	5.0	0.0	13.323	0.475	1.0	1.0
6	1	106	5.0	0.0	13.935	0.25	1.0	1.0
6	1	100	4.71	0.461	14.29	0.461	1.0	1.0
6	1	77	3.032	0.482	17.516	0.508	1.0	1.0
6	1	74	2.516	0.508	18.258	0.631	1.0	1.0
6	1	71	2.065	0.25	19.323	0.653	1.0	1.0
6	1	68	2.0	0.0	20.645	1.17	1.0	1.0
6	1	65	1.903	0.301	23.194	1.046	1.0	1.0
6	1	62	1.613	0.558	25.0	1.722	0.968	0.968
6	1	59	1.138	0.441	29.433	3.245	0.903	0.968
6	1	56	0.034	0.186	34.667	1.528	0.032	0.097
6	1	53	0.0	0.0	nan	nan	0.0	0.0
6	1	50	0.0	0.0	nan	nan	0.0	0.0
6	1	47	0.0	0.0	nan	nan	0.0	0.0
6	1	44	0.0	0.0	nan	nan	0.0	0.0
7	1	454	23.226	0.497	10.0	0.0	1.0	1.0
7	1	448	23.129	0.341	10.0	0.0	1.0	1.0
7	1	442	23.032	0.18	10.0	0.0	1.0	1.0
7	1	436	22.968	0.18	10.0	0.0	1.0	1.0
7	1	430	22.613	0.495	10.0	0.0	1.0	1.0
7	1	424	22.355	0.486	10.0	0.0	1.0	1.0
7	1	418	22.258	0.445	10.0	0.0	1.0	1.0
7	1	412	22.0	0.258	10.0	0.0	1.0	1.0
7	1	406	21.871	0.341	10.0	0.0	1.0	1.0
7	1	400	21.71	0.461	10.0	0.0	1.0	1.0
7	1	394	21.194	0.402	10.0	0.0	1.0	1.0
7	1	388	21.065	0.25	10.0	0.0	1.0	1.0
7	1	382	20.903	0.301	10.0	0.0	1.0	1.0
7	1	376	20.677	0.475	10.0	0.0	1.0	1.0
7	1	370	20.387	0.495	10.0	0.0	1.0	1.0
7	1	364	20.097	0.301	10.0	0.0	1.0	1.0
7	1	358	20.0	0.258	10.0	0.0	1.0	1.0
7	1	352	19.645	0.486	10.0	0.0	1.0	1.0
7	1	346	19.258	0.445	10.0	0.0	1.0	1.0
7	1	340	19.032	0.18	10.0	0.0	1.0	1.0
7	1	334	18.903	0.301	10.0	0.0	1.0	1.0
7	1	328	18.581	0.502	10.0	0.0	1.0	1.0
7	1	322	18.161	0.374	10.032	0.18	1.0	1.0
7	1	316	18.032	0.18	10.0	0.0	1.0	1.0
7	1	310	17.742	0.445	10.032	0.18	1.0	1.0
7	1	304	17.323	0.475	10.065	0.25	1.0	1.0
7	1	298	17.0	0.0	10.065	0.25	1.0	1.0
7	1	292	16.903	0.301	10.226	0.425	1.0	1.0
7	1	286	16.419	0.502	10.419	0.502	1.0	1.0
7	1	280	16.0	0.0	10.355	0.486	1.0	1.0
7	1	274	15.871	0.341	10.452	0.506	1.0	1.0
7	1	268	15.484	0.508	10.613	0.495	1.0	1.0
7	1	262	15.129	0.341	10.677	0.475	1.0	1.0
7	1	256	15.0	0.0	10.871	0.341	1.0	1.0
7	1	250	14.452	0.506	10.935	0.25	1.0	1.0
7	1	244	14.032	0.18	11.0	0.0	1.0	1.0
7	1	238	13.935	0.25	11.0	0.0	1.0	1.0
7	1	232	13.516	0.508	11.0	0.0	1.0	1.0
7	1	226	13.0	0.0	11.0	0.0	1.0	1.0
7	1	220	12.871	0.341	11.0	0.0	1.0	1.0
7	1	214	12.323	0.475	11.0	0.0	1.0	1.0
7	1	208	12.032	0.18	11.0	0.0	1.0	1.0
7	1	202	11.677	0.475	11.0	0.0	1.0	1.0
7	1	196	11.161	0.374	11.0	0.0	1.0	1.0
7	1	190	10.935	0.25	11.0	0.0	1.0	1.0
7	1	184	10.71	0.461	11.097	0.301	1.0	1.0
7	1	178	10.0	0.0	11.387	0.495	1.0	1.0
7	1	172	9.839	0.374	11.71	0.461	1.0	1.0
7	1	166	9.194	0.402	11.871	0.341	1.0	1.0
7	1	160	8.935	0.25	11.968	0.18	1.0	1.0
7	1	154	8.677	0.475	12.0	0.0	1.0	1.0
7	1	148	8.097	0.301	12.0	0.0	1.0	1.0
7	1	142	7.903	0.301	12.032	0.18	1.0	1.0
7	1	136	7.355	0.486	12.419	0.502	1.0	1.0
7	1	130	7.032	0.18	12.839	0.374	1.0	1.0
7	1	124	6.613	0.495	12.935	0.25	1.0	1.0
7	1	118	6.065	0.25	13.129	0.341	1.0	1.0
7	1	112	5.968	0.18	13.613	0.495	1.0	1.0
7	1	106	5.226	0.425	14.0	0.258	1.0	1.0
7	1	100	5.032	0.18	14.419	0.502	1.0	1.0
7	1	77	3.258	0.514	17.129	0.562	1.0	1.0
7	1	74	2.774	0.56	17.806	0.703	1.0	1.0
7	1	71	2.226	0.425	18.806	0.91	1.0	1.0
7	1	68	1.935	0.25	20.032	1.048	1.0	1.0
7	1	65	1.355	0.486	21.355	1.33	1.0	1.0
7	1	62	1.097	0.396	23.9	1.882	0.968	0.968
7	1	59	0.548	0.568	26.875	3.667	0.516	0.516
7	1	56	0.097	0.301	29.0	3.464	0.097	0.097
7	1	53	0.0	0.0	nan	nan	0.0	0.0
7	1	50	0.0	0.0	nan	nan	0.0	0.0
7	1	47	0.0	0.0	nan	nan	0.0	0.0
7	1	44	0.0	0.0	nan	nan	0.0	0.0
8	1	454	29.065	0.359	10.0	0.0	1.0	1.0
8	1	448	28.774	0.497	10.0	0.0	1.0	1.0
8	1	442	28.677	0.475	10.0	0.0	1.0	1.0
8	1	436	28.226	0.425	10.0	0.0	1.0	1.0
8	1	430	28.194	0.402	10.0	0.0	1.0	1.0
8	1	424	27.903	0.473	10.0	0.0	1.0	1.0
8	1	418	27.742	0.514	10.0	0.0	1.0	1.0
8	1	412	27.452	0.506	10.0	0.0	1.0	1.0
8	1	406	27.065	0.25	10.0	0.0	1.0	1.0
8	1	400	27.0	0.365	10.0	0.0	1.0	1.0
8	1	394	26.645	0.486	10.0	0.0	1.0	1.0
8	1	388	26.226	0.425	10.0	0.0	1.0	1.0
8	1	382	26.032	0.482	10.0	0.0	1.0	1.0
8	1	376	25.806	0.402	10.0	0.0	1.0	1.0
8	1	370	25.29	0.461	10.0	0.0	1.0	1.0
8	1	364	25.129	0.428	10.032	0.18	1.0	1.0
8	1	358	24.452	0.506	10.0	0.0	1.0	1.0
8	1	352	24.387	0.495	10.0	0.0	1.0	1.0
8	1	346	24.161	0.454	10.0	0.0	1.0	1.0
8	1	340	23.774	0.425	10.032	0.18	1.0	1.0
8	1	334	23.581	0.502	10.065	0.25	1.0	1.0
8	1	328	23.097	0.301	10.129	0.341	1.0	1.0
8	1	322	22.548	0.506	10.194	0.402	1.0	1.0
8	1	316	22.484	0.508	10.258	0.445	1.0	1.0
8	1	310	21.968	0.407	10.387	0.495	1.0	1.0
8	1	304	21.645	0.486	10.452	0.506	1.0	1.0
8	1	298	21.258	0.445	10.742	0.445	1.0	1.0
8	1	292	21.032	0.315	10.903	0.301	1.0	1.0
8	1	286	20.677	0.475	10.839	0.374	1.0	1.0
8	1	280	20.129	0.341	10.935	0.25	1.0	1.0
8	1	274	19.742	0.514	11.0	0.0	1.0	1.0
8	1	268	19.323	0.475	10.968	0.18	1.0	1.0
8	1	262	19.0	0.447	11.0	0.0	1.0	1.0
8	1	256	18.613	0.495	10.968	0.18	1.0	1.0
8	1	250	18.065	0.359	11.0	0.0	1.0	1.0
8	1	244	17.71	0.461	11.0	0.0	1.0	1.0
8	1	238	17.226	0.425	11.0	0.0	1.0	1.0
8	1	232	16.935	0.25	11.0	0.0	1.0	1.0
8	1	226	16.323	0.475	11.0	0.0	1.0	1.0
8	1	220	15.806	0.402	11.0	0.0	1.0	1.0
8	1	214	15.355	0.551	11.0	0.0	1.0	1.0
8	1	208	15.097	0.396	11.0	0.0	1.0	1.0
8	1	202	14.677	0.475	11.065	0.25	1.0	1.0
8	1	196	14.097	0.396	11.194	0.402	1.0	1.0
8	1	190	13.806	0.402	11.452	0.506	1.0	1.0
8	1	184	13.065	0.25	11.839	0.374	1.0	1.0
8	1	178	12.71	0.461	11.968	0.18	1.0	1.0
8	1	172	12.194	0.402	12.0	0.0	1.0	1.0
8	1	166	11.806	0.402	12.0	0.0	1.0	1.0
8	1	160	11.129	0.499	12.0	0.0	1.0	1.0
8	1	154	10.806	0.402	12.032	0.18	1.0	1.0
8	1	148	10.161	0.374	12.29	0.461	1.0	1.0
8	1	142	9.806	0.402	12.806	0.402	1.0	1.0
8	1	136	9.258	0.445	13.0	0.0	1.0	1.0
8	1	130	8.774	0.425	13.0	0.0	1.0	1.0
8	1	124	8.129	0.341	13.323	0.475	1.0	1.0
8	1	118	7.871	0.341	13.839	0.374	1.0	1.0
8	1	112	7.258	0.445	14.065	0.25	1.0	1.0
8	1	106	6.839	0.374	14.548	0.506	1.0	1.0
8	1	100	6.129	0.341	15.032	0.18	1.0	1.0
8	1	77	3.355	0.608	19.032	0.948	1.0	1.0
8	1	74	3.0	0.258	19.839	0.82	1.0	1.0
8	1	71	2.806	0.402	21.258	1.237	1.0	1.0
8	1	68	2.355	0.486	23.516	1.338	1.0	1.0
8	1	65	2.097	0.301	24.968	1.354	1.0	1.0
8	1	62	1.867	0.434	27.133	2.417	0.935	0.968
8	1	59	1.462	0.811	31.077	3.509	0.677	0.839
8	1	56	0.069	0.371	35.667	3.215	0.032	0.097
8	1	53	0.0	0.0	nan	nan	0.0	0.0
8	1	50	0.0	0.0	nan	nan	0.0	0.0
8	1	47	0.0	0.0	nan	nan	0.0	0.0
8	1	44	0.0	0.0	nan	nan	0.0	0.0
9	1	454	14.645	0.486	10.0	0.0	1.0	1.0
9	1	448	14.355	0.486	10.0	0.0	1.0	1.0
9	1	442	14.097	0.301	10.0	0.0	1.0	1.0
9	1	436	14.0	0.0	10.0	0.0	1.0	1.0
9	1	430	14.0	0.0	10.0	0.0	1.0	1.0
9	1	424	14.0	0.0	10.0	0.0	1.0	1.0
9	1	418	14.0	0.0	10.0	0.0	1.0	1.0
9	1	412	13.903	0.301	10.0	0.0	1.0	1.0
9	1	406	13.484	0.508	9.968	0.18	1.0	1.0
9	1	400	13.097	0.301	10.0	0.0	1.0	1.0
9	1	394	13.032	0.18	10.0	0.0	1.0	1.0
9	1	388	13.0	0.0	10.0	0.0	1.0	1.0
9	1	382	13.0	0.0	10.0	0.0	1.0	1.0
9	1	376	13.0	0.0	10.0	0.0	1.0	1.0
9	1	370	12.839	0.374	10.0	0.0	1.0	1.0
9	1	364	12.355	0.486	10.0	0.0	1.0	1.0
9	1	358	12.129	0.341	10.0	0.0	1.0	1.0
9	1	352	12.0	0.0	10.0	0.0	1.0	1.0
9	1	346	12.0	0.0	10.0	0.0	1.0	1.0
9	1	340	11.968	0.18	10.0	0.0	1.0	1.0
9	1	334	11.613	0.495	10.0	0.0	1.0	1.0
9	1	328	11.194	0.402	10.0	0.0	1.0	1.0
9	1	322	11.0	0.0	10.0	0.0	1.0	1.0
9	1	316	11.0	0.0	10.0	0.0	1.0	1.0
9	1	310	10.968	0.18	10.0	0.0	1.0	1.0
9	1	304	10.935	0.25	10.0	0.0	1.0	1.0
9	1	298	10.355	0.486	10.0	0.0	1.0	1.0
9	1	292	10.097	0.301	10.0	0.0	1.0	1.0
9	1	286	10.0	0.0	10.0	0.0	1.0	1.0
9	1	280	10.0	0.0	10.0	0.0	1.0	1.0
9	1	274	9.871	0.341	10.0	0.0	1.0	1.0
9	1	268	9.355	0.486	10.0	0.0	1.0	1.0
9	1	262	9.032	0.18	10.0	0.0	1.0	1.0
9	1	256	9.0	0.0	10.0	0.0	1.0	1.0
9	1	250	9.0	0.0	10.0	0.0	1.0	1.0
9	1	244	8.871	0.341	10.0	0.0	1.0	1.0
9	1	238	8.355	0.486	10.0	0.0	1.0	1.0
9	1	232	8.0	0.0	10.0	0.0	1.0	1.0
9	1	226	8.0	0.0	10.194	0.402	1.0	1.0
9	1	220	8.0	0.0	10.161	0.374	1.0	1.0
9	1	214	7.645	0.486	10.581	0.502	1.0	1.0
9	1	208	7.129	0.341	10.613	0.495	1.0	1.0
9	1	202	7.032	0.18	10.806	0.402	1.0	1.0
9	1	196	7.0	0.0	10.968	0.18	1.0	1.0
9	1	190	7.0	0.0	11.0	0.0	1.0	1.0
9	1	184	6.452	0.506	11.0	0.0	1.0	1.0
9	1	178	6.0	0.0	11.0	0.0	1.0	1.0
9	1	172	6.0	0.0	11.0	0.0	1.0	1.0
9	1	166	6.0	0.0	11.0	0.0	1.0	1.0
9	1	160	5.806	0.402	11.0	0.0	1.0	1.0
9	1	154	5.161	0.374	11.097	0.301	1.0	1.0
9	1	148	5.0	0.0	11.484	0.508	1.0	1.0
9	1	142	5.0	0.0	11.935	0.25	1.0	1.0
9	1	136	4.839	0.374	12.0	0.0	1.0	1.0
9	1	130	4.29	0.461	12.0	0.0	1.0	1.0
9	1	124	4.032	0.18	12.097	0.301	1.0	1.0
9	1	118	4.0	0.0	12.548	0.506	1.0	1.0
9	1	112	4.0	0.0	13.0	0.0	1.0	1.0
9	1	106	3.581	0.502	13.032	0.18	1.0	1.0
9	1	100	3.0	0.0	13.774	0.425	1.0	1.0
9	1	77	2.032	0.18	16.419	0.564	1.0	1.0
9	1	74	2.0	0.0	17.032	0.605	1.0	1.0
9	1	71	1.806	0.402	17.677	0.599	1.0	1.0
9	1	68	1.387	0.495	18.581	0.765	1.0	1.0
9	1	65	1.0	0.0	20.258	1.125	1.0	1.0
9	1	62	1.0	0.0	22.903	1.599	0.742	1.0
9	1	59	0.133	0.346	24.8	1.643	0.129	0.161
9	1	56	0.0	0.0	nan	nan	0.0	0.0
9	1	53	0.0	0.0	nan	nan	0.0	0.0
9	1	50	0.0	0.0	nan	nan	0.0	0.0
9	1	47	0.0	0.0	nan	nan	0.0	0.0
9	1	44	0.0	0.0	nan	nan	0.0	0.0
10	1	454	18.129	0.341	10.0	0.0	1.0	1.0
10	1	448	18.065	0.25	10.0	0.0	1.0	1.0
10	1	442	18.065	0.25	10.0	0.0	1.0	1.0
10	1	436	18.0	0.0	10.0	0.0	1.0	1.0
10	1	430	17.839	0.374	10.0	0.0	1.0	1.0
10	1	424	17.484	0.508	9.968	0.18	1.0	1.0
10	1	418	17.194	0.402	10.0	0.0	1.0	1.0
10	1	412	17.032	0.18	10.0	0.0	1.0	1.0
10	1	406	17.0	0.0	10.0	0.0	1.0	1.0
10	1	400	17.0	0.0	10.0	0.0	1.0	1.0
10	1	394	16.742	0.445	10.0	0.0	1.0	1.0
10	1	388	16.581	0.502	10.0	0.0	1.0	1.0
10	1	382	16.097	0.301	10.0	0.0	1.0	1.0
10	1	376	16.0	0.0	10.0	0.0	1.0	1.0
10	1	370	16.0	0.0	10.0	0.0	1.0	1.0
10	1	364	15.968	0.18	10.0	0.0	1.0	1.0
10	1	358	15.774	0.425	10.0	0.0	1.0	1.0
10	1	352	15.258	0.445	10.0	0.0	1.0	1.0
10	1	346	15.032	0.18	10.0	0.0	1.0	1.0
10	1	340	15.0	0.0	10.0	0.0	1.0	1.0
10	1	334	14.871	0.341	10.0	0.0	1.0	1.0
10	1	328	14.516	0.508	10.0	0.0	1.0	1.0
10	1	322	14.323	0.475	10.0	0.0	1.0	1.0
10	1	316	14.0	0.0	10.0	0.0	1.0	1.0
10	1	310	14.0	0.0	10.0	0.0	1.0	1.0
10	1	304	13.839	0.374	10.0	0.0	1.0	1.0
10	1	298	13.29	0.461	10.0	0.0	1.0	1.0
10	1	292	13.065	0.25	10.0	0.0	1.0	1.0
10	1	286	13.0	0.0	10.0	0.0	1.0	1.0
10	1	280	12.968	0.18	10.0	0.0	1.0	1.0
10	1	274	12.516	0.508	10.0	0.0	1.0	1.0
10	1	268	12.097	0.301	10.0	0.0	1.0	1.0
10	1	262	12.0	0.0	10.0	0.0	1.0	1.0
10	1	256	12.0	0.0	10.0	0.0	1.0	1.0
10	1	250	11.613	0.495	10.032	0.18	1.0	1.0
10	1	244	11.065	0.25	10.065	0.25	1.0	1.0
10	1	238	11.0	0.0	10.129	0.341	1.0	1.0
10	1	232	10.968	0.18	10.129	0.341	1.0	1.0
10	1	226	10.387	0.495	10.29	0.461	1.0	1.0
10	1	220	10.0	0.0	10.839	0.374	1.0	1.0
10	1	214	10.0	0.0	10.871	0.341	1.0	1.0
10	1	208	9.742	0.445	10.935	0.25	1.0	1.0
10	1	202	9.323	0.475	11.0	0.0	1.0	1.0
10	1	196	9.032	0.18	11.0	0.0	1.0	1.0
10	1	190	9.0	0.0	11.0	0.0	1.0	1.0
10	1	184	8.839	0.374	11.0	0.0	1.0	1.0
10	1	178	8.065	0.25	11.0	0.0	1.0	1.0
10	1	172	8.0	0.0	11.0	0.0	1.0	1.0
10	1	166	7.806	0.402	11.032	0.18	1.0	1.0
10	1	160	7.161	0.374	11.355	0.486	1.0	1.0
10	1	154	7.0	0.0	11.774	0.425	1.0	1.0
10	1	148	7.0	0.0	11.935	0.25	1.0	1.0
10	1	142	6.452	0.506	12.0	0.0	1.0	1.0
10	1	136	6.0	0.0	12.0	0.0	1.0	1.0
10	1	130	6.0	0.0	12.065	0.25	1.0	1.0
10	1	124	5.806	0.402	12.742	0.445	1.0	1.0
10	1	118	5.032	0.18	13.0	0.0	1.0	1.0
10	1	112	5.0	0.0	13.129	0.341	1.0	1.0
10	1	106	4.871	0.341	13.774	0.425	1.0	1.0
10	1	100	4.097	0.301	14.032	0.315	1.0	1.0
10	1	77	2.935	0.25	17.484	0.57	1.0	1.0
10	1	74	2.71	0.461	18.065	0.629	1.0	1.0
10	1	71	2.097	0.301	19.097	0.908	1.0	1.0
10	1	68	1.968	0.18	20.645	1.112	1.0	1.0
10	1	65	1.71	0.461	22.968	1.016	1.0	1.0
10	1	62	1.161	0.374	26.0	2.875	1.0	1.0
10	1	59	0.759	0.435	31.083	2.781	0.71	0.774
10	1	56	0.0	0.0	36.0	0.0	0.0	0.032
10	1	53	0.0	0.0	nan	nan	0.0	0.0
10	1	50	0.0	0.0	nan	nan	0.0	0.0
10	1	47	0.0	0.0	nan	nan	0.0	0.0
10	1	44	0.0	0.0	nan	nan	0.0	0.0
11	1	454	21.032	0.18	11.0	0.0	1.0	1.0
11	1	448	20.903	0.301	11.0	0.0	1.0	1.0
11	1	442	20.806	0.402	11.0	0.0	1.0	1.0
11	1	436	20.548	0.506	11.0	0.0	1.0	1.0
11	1	430	20.419	0.502	11.0	0.0	1.0	1.0
11	1	424	20.0	0.0	11.0	0.0	1.0	1.0
11	1	418	20.0	0.0	11.0	0.0	1.0	1.0
11	1	412	19.968	0.18	11.0	0.0	1.0	1.0
11	1	406	19.774	0.425	11.0	0.0	1.0	1.0
11	1	400	19.419	0.502	11.0	0.0	1.0	1.0
11	1	394	19.226	0.425	11.0	0.0	1.0	1.0
11	1	388	19.0	0.258	11.0	0.0	1.0	1.0
11	1	382	18.935	0.25	11.0	0.0	1.0	1.0
11	1	376	18.742	0.445	11.0	0.0	1.0	1.0
11	1	370	18.387	0.495	11.0	0.0	1.0	1.0
11	1	364	18.129	0.341	11.0	0.0	1.0	1.0
11	1	358	17.968	0.18	11.0	0.0	1.0	1.0
11	1	352	17.935	0.25	11.0	0.0	1.0	1.0
11	1	346	17.774	0.425	11.0	0.0	1.0	1.0
11	1	340	17.226	0.425	11.0	0.0	1.0	1.0
11	1	334	17.032	0.18	11.032	0.18	1.0	1.0
11	1	328	17.0	0.0	11.032	0.18	1.0	1.0
11	1	322	16.71	0.461	11.0	0.0	1.0	1.0
11	1	316	16.29	0.461	11.065	0.25	1.0	1.0
11	1	310	16.0	0.0	11.0	0.0	1.0	1.0
11	1	304	15.968	0.18	11.097	0.301	1.0	1.0
11	1	298	15.71	0.461	11.129	0.341	1.0	1.0
11	1	292	15.29	0.461	11.29	0.461	1.0	1.0
11	1	286	15.0	0.0	11.484	0.508	1.0	1.0
11	1	280	15.0	0.0	11.484	0.508	1.0	1.0
11	1	274	14.613	0.495	11.645	0.486	1.0	1.0
11	1	268	14.032	0.18	11.71	0.461	1.0	1.0
11	1	262	13.968	0.18	11.806	0.402	1.0	1.0
11	1	256	13.742	0.445	11.903	0.301	1.0	1.0
11	1	250	13.452	0.506	11.968	0.18	1.0	1.0
11	1	244	13.032	0.18	12.0	0.0	1.0	1.0
11	1	238	12.968	0.18	12.0	0.0	1.0	1.0
11	1	232	12.613	0.495	12.0	0.0	1.0	1.0
11	1	226	12.065	0.25	12.0	0.0	1.0	1.0
11	1	220	12.0	0.0	12.0	0.0	1.0	1.0
11	1	214	11.645	0.486	12.0	0.0	1.0	1.0
11	1	208	11.097	0.301	12.0	0.0	1.0	1.0
11	1	202	11.0	0.0	12.0	0.0	1.0	1.0
11	1	196	10.774	0.425	12.0	0.0	1.0	1.0
11	1	190	10.161	0.374	12.032	0.18	1.0	1.0
11	1	184	10.032	0.18	12.097	0.301	1.0	1.0
11	1	178	9.806	0.402	12.419	0.502	1.0	1.0
11	1	172	9.097	0.301	12.774	0.425	1.0	1.0
11	1	166	9.0	0.0	12.968	0.18	1.0	1.0
11	1	160	8.871	0.341	13.0	0.0	1.0	1.0
11	1	154	8.097	0.301	13.0	0.0	1.0	1.0
11	1	148	8.0	0.0	13.0	0.0	1.0	1.0
11	1	142	7.774	0.425	13.065	0.25	1.0	1.0
11	1	136	7.097	0.301	13.613	0.495	1.0	1.0
11	1	130	6.968	0.18	13.935	0.25	1.0	1.0
11	1	124	6.581	0.502	14.0	0.0	1.0	1.0
11	1	118	6.032	0.18	14.194	0.402	1.0	1.0
11	1	112	5.935	0.25	14.839	0.374	1.0	1.0
11	1	106	5.452	0.506	15.032	0.18	1.0	1.0
11	1	100	5.0	0.0	15.742	0.445	1.0	1.0
11	1	77	3.032	0.18	19.161	0.638	1.0	1.0
11	1	74	2.645	0.486	19.935	0.68	1.0	1.0
11	1	71	2.161	0.374	21.032	0.752	1.0	1.0
11	1	68	2.065	0.25	22.839	0.898	1.0	1.0
11	1	65	2.0	0.0	24.645	1.018	1.0	1.0
11	1	62	2.0	0.0	27.0	1.528	1.0	1.0
11	1	59	1.833	0.379	30.806	2.104	0.968	1.0
11	1	56	0.375	0.711	35.385	3.776	0.194	0.419
11	1	53	0.0	0.0	nan	nan	0.0	0.0
11	1	50	0.0	0.0	nan	nan	0.0	0.0
11	1	47	0.0	0.0	nan	nan	0.0	0.0
11	1	44	0.0	0.0	nan	nan	0.0	0.0
12	1	454	15.129	0.341	9.871	0.341	1.0	1.0
12	1	448	15.032	0.18	9.903	0.301	1.0	1.0
12	1	442	15.0	0.0	9.871	0.341	1.0	1.0
12	1	436	15.0	0.0	9.839	0.374	1.0	1.0
12	1	430	15.0	0.0	9.935	0.25	1.0	1.0
12	1	424	14.774	0.425	9.968	0.18	1.0	1.0
12	1	418	14.484	0.508	9.871	0.341	1.0	1.0
12	1	412	14.194	0.402	10.0	0.0	1.0	1.0
12	1	406	14.0	0.0	9.935	0.25	1.0	1.0
12	1	400	14.0	0.0	9.935	0.25	1.0	1.0
12	1	394	14.0	0.0	9.935	0.25	1.0	1.0
12	1	388	13.935	0.25	10.0	0.0	1.0	1.0
12	1	382	13.839	0.374	10.0	0.0	1.0	1.0
12	1	376	13.258	0.445	10.0	0.0	1.0	1.0
12	1	370	13.065	0.25	10.0	0.0	1.0	1.0
12	1	364	13.0	0.0	10.0	0.0	1.0	1.0
12	1	358	12.968	0.18	10.0	0.0	1.0	1.0
12	1	352	12.968	0.18	10.0	0.0	1.0	1.0
12	1	346	12.452	0.506	10.0	0.0	1.0	1.0
12	1	340	12.258	0.445	10.0	0.0	1.0	1.0
12	1	334	12.032	0.18	10.0	0.0	1.0	1.0
12	1	328	12.032	0.18	10.0	0.0	1.0	1.0
12	1	322	12.0	0.0	10.0	0.0	1.0	1.0
12	1	316	11.968	0.18	10.0	0.0	1.0	1.0
12	1	310	11.323	0.475	10.0	0.0	1.0	1.0
12	1	304	11.097	0.301	10.0	0.0	1.0	1.0
12	1	298	11.0	0.0	10.0	0.0	1.0	1.0
12	1	292	11.0	0.0	10.0	0.0	1.0	1.0
12	1	286	10.839	0.374	10.0	0.0	1.0	1.0
12	1	280	10.419	0.502	10.0	0.0	1.0	1.0
12	1	274	10.065	0.25	10.0	0.0	1.0	1.0
12	1	268	10.0	0.0	10.0	0.0	1.0	1.0
12	1	262	10.0	0.0	10.0	0.0	1.0	1.0
12	1	256	9.903	0.301	10.0	0.0	1.0	1.0
12	1	250	9.29	0.461	10.0	0.0	1.0	1.0
12	1	244	9.032	0.18	10.0	0.0	1.0	1.0
12	1	238	9.0	0.0	10.0	0.0	1.0	1.0
12	1	232	9.0	0.0	10.0	0.0	1.0	1.0
12	1	226	8.806	0.402	10.0	0.0	1.0	1.0
12	1	220	8.065	0.25	10.0	0.0	1.0	1.0
12	1	214	8.0	0.0	10.032	0.18	1.0	1.0
12	1	208	8.0	0.0	10.129	0.341	1.0	1.0
12	1	202	7.903	0.301	10.323	0.475	1.0	1.0
12	1	196	7.452	0.506	10.71	0.461	1.0	1.0
12	1	190	7.032	0.18	10.935	0.25	1.0	1.0
12	1	184	7.0	0.0	11.0	0.0	1.0	1.0
12	1	178	7.0	0.0	11.0	0.0	1.0	1.0
12	1	172	6.548	0.506	11.0	0.0	1.0	1.0
12	1	166	6.065	0.25	11.0	0.0	1.0	1.0
12	1	160	6.0	0.0	11.0	0.0	1.0	1.0
12	1	154	6.0	0.0	11.032	0.18	1.0	1.0
12	1	148	5.742	0.445	11.032	0.18	1.0	1.0
12	1	142	5.0	0.0	11.452	0.506	1.0	1.0
12	1	136	5.0	0.0	11.806	0.402	1.0	1.0
12	1	130	5.0	0.0	11.935	0.25	1.0	1.0
12	1	124	4.774	0.425	12.032	0.18	1.0	1.0
12	1	118	4.097	0.301	12.226	0.425	1.0	1.0
12	1	112	4.0	0.0	12.839	0.374	1.0	1.0
12	1	106	4.0	0.0	13.0	0.0	1.0	1.0
12	1	100	3.839	0.374	13.194	0.402	1.0	1.0
12	1	77	2.839	0.374	15.71	0.461	1.0	1.0
12	1	74	2.129	0.341	16.226	0.497	1.0	1.0
12	1	71	2.065	0.25	16.71	0.461	1.0	1.0
12	1	68	1.903	0.301	17.613	0.615	1.0	1.0
12	1	65	1.516	0.508	18.323	0.791	1.0	1.0
12	1	62	1.065	0.25	19.968	1.354	1.0	1.0
12	1	59	1.0	0.0	21.613	1.498	1.0	1.0
12	1	56	0.5	0.509	24.118	1.536	0.452	0.548
12	1	53	0.0	0.0	nan	nan	0.0	0.0
12	1	50	0.0	0.0	nan	nan	0.0	0.0
12	1	47	0.0	0.0	nan	nan	0.0	0.0
12	1	44	0.0	0.0	nan	nan	0.0	0.0
13	1	454	18.258	0.445	9.0	0.0	1.0	1.0
13	1	448	18.129	0.341	9.0	0.0	1.0	1.0
13	1	442	18.0	0.0	9.0	0.0	1.0	1.0
13	1	436	17.935	0.25	9.0	0.0	1.0	1.0
13	1	430	17.871	0.341	9.0	0.0	1.0	1.0
13	1	424	17.645	0.486	9.0	0.0	1.0	1.0
13	1	418	17.29	0.461	9.0	0.0	1.0	1.0
13	1	412	17.161	0.374	9.0	0.0	1.0	1.0
13	1	406	17.0	0.0	9.0	0.0	1.0	1.0
13	1	400	16.968	0.18	9.0	0.0	1.0	1.0
13	1	394	16.839	0.374	9.032	0.18	1.0	1.0
13	1	388	16.581	0.502	9.0	0.0	1.0	1.0
13	1	382	16.226	0.425	9.0	0.0	1.0	1.0
13	1	376	16.032	0.18	9.0	0.0	1.0	1.0
13	1	370	15.968	0.315	9.0	0.0	1.0	1.0
13	1	364	15.935	0.25	9.0	0.0	1.0	1.0
13	1	358	15.484	0.508	9.0	0.0	1.0	1.0
13	1	352	15.194	0.402	9.032	0.18	1.0	1.0
13	1	346	15.032	0.18	9.065	0.25	1.0	1.0
13	1	340	15.0	0.0	9.194	0.402	1.0	1.0
13	1	334	14.677	0.475	9.226	0.425	1.0	1.0
13	1	328	14.419	0.502	9.258	0.445	1.0	1.0
13	1	322	14.129	0.341	9.613	0.495	1.0	1.0
13	1	316	14.0	0.0	9.516	0.508	1.0	1.0
13	1	310	14.0	0.0	9.677	0.475	1.0	1.0
13	1	304	13.71	0.461	9.774	0.425	1.0	1.0
13	1	298	13.29	0.461	9.935	0.25	1.0	1.0
13	1	292	13.065	0.25	9.935	0.25	1.0	1.0
13	1	286	13.0	0.0	10.0	0.0	1.0	1.0
13	1	280	12.839	0.374	9.968	0.18	1.0	1.0
13	1	274	12.323	0.475	10.0	0.0	1.0	1.0
13	1	268	12.032	0.18	10.0	0.0	1.0	1.0
13	1	262	12.0	0.0	10.0	0.0	1.0	1.0
13	1	256	11.774	0.425	10.0	0.0	1.0	1.0
13	1	250	11.065	0.25	10.0	0.0	1.0	1.0
13	1	244	11.0	0.0	10.0	0.0	1.0	1.0
13	1	238	10.903	0.301	10.0	0.0	1.0	1.0
13	1	232	10.484	0.508	10.0	0.0	1.0	1.0
13	1	226	10.065	0.25	10.0	0.0	1.0	1.0
13	1	220	10.0	0.0	10.0	0.0	1.0	1.0
13	1	214	9.871	0.341	10.0	0.0	1.0	1.0
13	1	208	9.323	0.475	10.0	0.0	1.0	1.0
13	1	202	9.032	0.18	10.0	0.0	1.0	1.0
13	1	196	9.0	0.0	10.0	0.0	1.0	1.0
13	1	190	8.774	0.425	10.032	0.18	1.0	1.0
13	1	184	8.097	0.301	10.129	0.341	1.0	1.0
13	1	178	8.0	0.0	10.516	0.508	1.0	1.0
13	1	172	7.839	0.374	10.806	0.402	1.0	1.0
13	1	166	7.194	0.402	10.968	0.18	1.0	1.0
13	1	160	7.0	0.0	11.0	0.0	1.0	1.0
13	1	154	7.0	0.0	11.0	0.0	1.0	1.0
13	1	148	6.484	0.508	11.0	0.0	1.0	1.0
13	1	142	6.032	0.18	11.0	0.0	1.0	1.0
13	1	136	6.0	0.0	11.419	0.502	1.0	1.0
13	1	130	5.645	0.486	11.871	0.341	1.0	1.0
13	1	124	5.032	0.18	12.0	0.0	1.0	1.0
13	1	118	5.0	0.0	12.032	0.18	1.0	1.0
13	1	112	4.871	0.341	12.323	0.475	1.0	1.0
13	1	106	4.161	0.374	12.935	0.25	1.0	1.0
13	1	100	4.0	0.0	13.097	0.301	1.0	1.0
13	1	77	2.935	0.25	15.806	0.477	1.0	1.0
13	1	74	2.548	0.506	16.29	0.461	1.0	1.0
13	1	71	2.129	0.341	16.871	0.499	1.0	1.0
13	1	68	1.742	0.575	18.129	0.922	1.0	1.0
13	1	65	1.097	0.301	19.419	1.177	1.0	1.0
13	1	62	1.0	0.0	21.097	1.326	1.0	1.0
13	1	59	0.714	0.46	24.304	1.329	0.645	0.742
13	1	56	0.0	0.0	25.0	0.0	0.0	0.032
13	1	53	0.0	0.0	nan	nan	0.0	0.0
13	1	50	0.0	0.0	nan	nan	0.0	0.0
13	1	47	0.0	0.0	nan	nan	0.0	0.0
13	1	44	0.0	0.0	nan	nan	0.0	0.0
14	1	454	18.806	0.402	10.0	0.0	1.0	1.0
14	1	448	18.677	0.475	10.0	0.0	1.0	1.0
14	1	442	18.129	0.341	10.0	0.0	1.0	1.0
14	1	436	18.0	0.0	10.0	0.0	1.0	1.0
14	1	430	18.0	0.0	10.0	0.0	1.0	1.0
14	1	424	17.968	0.18	10.0	0.0	1.0	1.0
14	1	418	17.774	0.425	10.0	0.0	1.0	1.0
14	1	412	17.484	0.508	10.0	0.0	1.0	1.0
14	1	406	17.29	0.461	10.0	0.0	1.0	1.0
14	1	400	17.032	0.18	10.0	0.0	1.0	1.0
14	1	394	16.968	0.18	10.0	0.0	1.0	1.0
14	1	388	16.774	0.425	10.0	0.0	1.0	1.0
14	1	382	16.677	0.475	10.0	0.0	1.0	1.0
14	1	376	16.29	0.461	10.0	0.0	1.0	1.0
14	1	370	16.097	0.301	10.0	0.0	1.0	1.0
14	1	364	16.032	0.18	10.0	0.0	1.0	1.0
14	1	358	15.968	0.18	10.0	0.0	1.0	1.0
14	1	352	15.645	0.486	10.0	0.0	1.0	1.0
14	1	346	15.194	0.402	10.0	0.0	1.0	1.0
14	1	340	15.194	0.402	10.0	0.0	1.0	1.0
14	1	334	15.0	0.0	10.0	0.0	1.0	1.0
14	1	328	14.935	0.25	10.0	0.0	1.0	1.0
14	1	322	14.613	0.495	10.0	0.0	1.0	1.0
14	1	316	14.097	0.301	10.0	0.0	1.0	1.0
14	1	310	14.0	0.0	10.0	0.0	1.0	1.0
14	1	304	13.935	0.25	10.0	0.0	1.0	1.0
14	1	298	13.645	0.486	10.0	0.0	1.0	1.0
14	1	292	13.258	0.445	10.0	0.0	1.0	1.0
14	1	286	13.0	0.0	10.0	0.0	1.0	1.0
14	1	280	12.968	0.18	10.0	0.0	1.0	1.0
14	1	274	12.839	0.374	10.0	0.0	1.0	1.0
14	1	268	12.161	0.374	10.032	0.18	1.0	1.0
14	1	262	12.032	0.18	10.161	0.374	1.0	1.0
14	1	256	11.935	0.25	10.258	0.445	1.0	1.0
14	1	250	11.484	0.508	10.387	0.495	1.0	1.0
14	1	244	11.097	0.301	10.581	0.502	1.0	1.0
14	1	238	10.968	0.18	10.71	0.461	1.0	1.0
14	1	232	10.839	0.374	11.0	0.0	1.0	1.0
14	1	226	10.161	0.374	11.0	0.0	1.0	1.0
14	1	220	10.0	0.0	11.0	0.0	1.0	1.0
14	1	214	9.968	0.18	11.0	0.0	1.0	1.0
14	1	208	9.581	0.502	11.0	0.0	1.0	1.0
14	1	202	9.129	0.341	11.0	0.0	1.0	1.0
14	1	196	9.0	0.0	11.0	0.0	1.0	1.0
14	1	190	9.0	0.0	11.0	0.0	1.0	1.0
14	1	184	8.419	0.502	11.0	0.0	1.0	1.0
14	1	178	8.032	0.18	11.032	0.18	1.0	1.0
14	1	172	7.968	0.18	11.129	0.341	1.0	1.0
14	1	166	7.355	0.486	11.613	0.495	1.0	1.0
14	1	160	7.032	0.18	11.742	0.445	1.0	1.0
14	1	154	7.0	0.0	12.0	0.0	1.0	1.0
14	1	148	6.71	0.461	12.0	0.0	1.0	1.0
14	1	142	6.161	0.374	12.0	0.0	1.0	1.0
14	1	136	6.0	0.0	12.065	0.25	1.0	1.0
14	1	130	5.871	0.341	12.645	0.486	1.0	1.0
14	1	124	5.129	0.341	12.968	0.18	1.0	1.0
14	1	118	5.0	0.0	13.0	0.0	1.0	1.0
14	1	112	4.903	0.301	13.452	0.506	1.0	1.0
14	1	106	4.355	0.486	13.871	0.341	1.0	1.0
14	1	100	4.0	0.0	14.226	0.425	1.0	1.0
14	1	77	2.968	0.18	17.194	0.543	1.0	1.0
14	1	74	2.355	0.551	18.097	0.651	1.0	1.0
14	1	71	1.71	0.824	18.935	0.772	1.0	1.0
14	1	68	1.161	0.374	20.419	1.025	1.0	1.0
14	1	65	1.0	0.0	21.645	1.603	1.0	1.0
14	1	62	0.935	0.25	23.793	1.719	0.935	0.935
14	1	59	0.333	0.479	26.545	2.734	0.323	0.355
14	1	56	0.0	0.0	nan	nan	0.0	0.0
14	1	53	0.0	0.0	nan	nan	0.0	0.0
14	1	50	0.0	0.0	nan	nan	0.0	0.0
14	1	47	0.0	0.0	nan	nan	0.0	0.0
14	1	44	0.0	0.0	nan	nan	0.0	0.0
15	1	454	21.0	0.258	10.0	0.0	1.0	1.0
15	1	448	20.968	0.18	10.0	0.0	1.0	1.0
15	1	442	20.71	0.461	10.0	0.0	1.0	1.0
15	1	436	20.29	0.461	10.0	0.0	1.0	1.0
15	1	430	20.065	0.25	10.0	0.0	1.0	1.0
15	1	424	20.0	0.0	10.0	0.0	1.0	1.0
15	1	418	19.806	0.402	10.0	0.0	1.0	1.0
15	1	412	19.871	0.341	10.0	0.0	1.0	1.0
15	1	406	19.355	0.486	10.0	0.0	1.0	1.0
15	1	400	19.194	0.402	10.0	0.0	1.0	1.0
15	1	394	19.0	0.0	10.0	0.0	1.0	1.0
15	1	388	18.935	0.25	10.0	0.0	1.0	1.0
15	1	382	18.742	0.445	10.0	0.0	1.0	1.0
15	1	376	18.387	0.495	10.0	0.0	1.0	1.0
15	1	370	18.0	0.0	10.0	0.0	1.0	1.0
15	1	364	18.0	0.0	10.0	0.0	1.0	1.0
15	1	358	17.839	0.374	10.0	0.0	1.0	1.0
15	1	352	17.677	0.475	10.0	0.0	1.0	1.0
15	1	346	17.387	0.495	10.0	0.0	1.0	1.0
15	1	340	17.032	0.18	10.0	0.0	1.0	1.0
15	1	334	16.968	0.18	10.0	0.0	1.0	1.0
15	1	328	16.677	0.475	10.0	0.0	1.0	1.0
15	1	322	16.129	0.341	10.0	0.0	1.0	1.0
15	1	316	16.032	0.18	10.0	0.0	1.0	1.0
15	1	310	15.968	0.18	10.0	0.0	1.0	1.0
15	1	304	15.516	0.508	10.0	0.0	1.0	1.0
15	1	298	15.065	0.25	10.0	0.0	1.0	1.0
15	1	292	15.0	0.0	10.0	0.0	1.0	1.0
15	1	286	14.903	0.301	10.0	0.0	1.0	1.0
15	1	280	14.419	0.502	10.0	0.0	1.0	1.0
15	1	274	14.0	0.0	10.0	0.0	1.0	1.0
15	1	268	14.0	0.0	10.0	0.0	1.0	1.0
15	1	262	13.484	0.508	10.065	0.25	1.0	1.0
15	1	256	13.194	0.402	10.0	0.0	1.0	1.0
15	1	250	13.0	0.0	10.032	0.18	1.0	1.0
15	1	244	12.774	0.425	10.129	0.341	1.0	1.0
15	1	238	12.226	0.425	10.29	0.461	1.0	1.0
15	1	232	12.065	0.25	10.71	0.461	1.0	1.0
15	1	226	11.871	0.341	10.839	0.374	1.0	1.0
15	1	220	11.29	0.461	10.935	0.25	1.0	1.0
15	1	214	11.0	0.0	10.935	0.25	1.0	1.0
15	1	208	10.871	0.341	11.0	0.0	1.0	1.0
15	1	202	10.419	0.502	11.0	0.0	1.0	1.0
15	1	196	10.065	0.25	11.0	0.0	1.0	1.0
15	1	190	9.839	0.374	11.0	0.0	1.0	1.0
15	1	184	9.613	0.495	11.0	0.0	1.0	1.0
15	1	178	9.097	0.301	11.0	0.0	1.0	1.0
15	1	172	8.935	0.25	11.0	0.0	1.0	1.0
15	1	166	8.387	0.495	11.129	0.341	1.0	1.0
15	1	160	8.097	0.301	11.516	0.508	1.0	1.0
15	1	154	7.871	0.341	11.903	0.301	1.0	1.0
15	1	148	7.226	0.425	12.0	0.0	1.0	1.0
15	1	142	7.032	0.18	12.0	0.0	1.0	1.0
15	1	136	6.742	0.445	12.0	0.0	1.0	1.0
15	1	130	6.419	0.502	12.161	0.374	1.0	1.0
15	1	124	6.0	0.0	12.774	0.425	1.0	1.0
15	1	118	5.677	0.475	13.0	0.0	1.0	1.0
15	1	112	5.065	0.25	13.065	0.25	1.0	1.0
15	1	106	4.968	0.18	13.71	0.461	1.0	1.0
15	1	100	4.677	0.475	14.097	0.301	1.0	1.0
15	1	77	3.065	0.25	17.0	0.447	1.0	1.0
15	1	74	2.839	0.374	17.613	0.667	1.0	1.0
15	1	71	2.194	0.543	18.645	0.839	1.0	1.0
15	1	68	1.516	0.508	19.71	0.938	1.0	1.0
15	1	65	1.29	0.461	21.258	1.365	1.0	1.0
15	1	62	0.968	0.18	23.733	1.437	0.968	0.968
15	1	59	0.793	0.412	25.6	1.78	0.742	0.806
15	1	56	0.065	0.25	27.5	0.707	0.065	0.065
15	1	53	0.0	0.0	nan	nan	0.0	0.0
15	1	50	0.0	0.0	nan	nan	0.0	0.0
15	1	47	0.0	0.0	nan	nan	0.0	0.0
15	1	44	0.0	0.0	nan	nan	0.0	0.0
16	1	454	22.323	0.475	10.0	0.0	1.0	1.0
16	1	448	22.161	0.374	10.0	0.0	1.0	1.0
16	1	442	22.065	0.25	10.0	0.0	1.0	1.0
16	1	436	21.968	0.18	10.0	0.0	1.0	1.0
16	1	430	21.645	0.486	10.0	0.0	1.0	1.0
16	1	424	21.419	0.502	10.0	0.0	1.0	1.0
16	1	418	21.161	0.374	10.0	0.0	1.0	1.0
16	1	412	21.0	0.0	10.0	0.0	1.0	1.0
16	1	406	20.839	0.374	10.0	0.0	1.0	1.0
16	1	400	20.516	0.508	10.0	0.0	1.0	1.0
16	1	394	20.226	0.497	10.0	0.0	1.0	1.0
16	1	388	20.032	0.18	10.0	0.0	1.0	1.0
16	1	382	19.903	0.301	10.0	0.0	1.0	1.0
16	1	376	19.774	0.425	10.0	0.0	1.0	1.0
16	1	370	19.548	0.506	10.0	0.0	1.0	1.0
16	1	364	19.161	0.374	10.0	0.0	1.0	1.0
16	1	358	18.968	0.18	10.0	0.0	1.0	1.0
16	1	352	18.903	0.301	10.0	0.0	1.0	1.0
16	1	346	18.677	0.475	10.0	0.0	1.0	1.0
16	1	340	18.323	0.475	10.0	0.0	1.0	1.0
16	1	334	18.065	0.25	10.0	0.0	1.0	1.0
16	1	328	17.871	0.341	10.0	0.0	1.0	1.0
16	1	322	17.516	0.508	10.032	0.18	1.0	1.0
16	1	316	17.129	0.341	10.097	0.301	1.0	1.0
16	1	310	16.935	0.25	10.0	0.0	1.0	1.0
16	1	304	16.839	0.374	10.065	0.25	1.0	1.0
16	1	298	16.387	0.495	10.129	0.341	1.0	1.0
16	1	292	15.968	0.18	10.323	0.475	1.0	1.0
16	1	286	15.871	0.341	10.323	0.475	1.0	1.0
16	1	280	15.419	0.502	10.419	0.502	1.0	1.0
16	1	274	15.032	0.18	10.71	0.461	1.0	1.0
16	1	268	14.903	0.301	10.774	0.425	1.0	1.0
16	1	262	14.581	0.502	10.839	0.374	1.0	1.0
16	1	256	14.226	0.425	10.935	0.25	1.0	1.0
16	1	250	14.032	0.18	10.968	0.18	1.0	1.0
16	1	244	13.645	0.486	11.0	0.0	1.0	1.0
16	1	238	13.161	0.374	11.0	0.0	1.0	1.0
16	1	232	12.935	0.25	11.0	0.0	1.0	1.0
16	1	226	12.645	0.486	11.0	0.0	1.0	1.0
16	1	220	12.29	0.461	11.0	0.0	1.0	1.0
16	1	214	12.0	0.0	11.0	0.0	1.0	1.0
16	1	208	11.677	0.475	11.0	0.0	1.0	1.0
16	1	202	11.194	0.402	11.0	0.0	1.0	1.0
16	1	196	11.0	0.0	11.0	0.0	1.0	1.0
16	1	190	10.71	0.461	11.0	0.0	1.0	1.0
16	1	184	10.129	0.341	11.065	0.25	1.0	1.0
16	1	178	9.903	0.301	11.323	0.475	1.0	1.0
16	1	172	9.71	0.461	11.581	0.502	1.0	1.0
16	1	166	9.0	0.0	11.903	0.301	1.0	1.0
16	1	160	8.968	0.315	11.968	0.18	1.0	1.0
16	1	154	8.323	0.475	12.0	0.0	1.0	1.0
16	1	148	8.0	0.258	12.0	0.0	1.0	1.0
16	1	142	7.645	0.486	12.129	0.341	1.0	1.0
16	1	136	7.032	0.18	12.581	0.502	1.0	1.0
16	1	130	6.903	0.301	12.871	0.341	1.0	1.0
16	1	124	6.419	0.502	13.0	0.0	1.0	1.0
16	1	118	6.032	0.18	13.194	0.402	1.0	1.0
16	1	112	5.742	0.445	13.677	0.475	1.0	1.0
16	1	106	5.065	0.25	13.935	0.25	1.0	1.0
16	1	100	4.968	0.18	14.355	0.551	1.0	1.0
16	1	77	3.258	0.445	17.129	0.499	1.0	1.0
16	1	74	2.581	0.502	18.032	0.795	1.0	1.0
16	1	71	2.129	0.341	18.903	0.651	1.0	1.0
16	1	68	1.742	0.445	20.613	1.145	1.0	1.0
16	1	65	1.258	0.514	22.4	1.545	0.968	0.968
16	1	62	1.133	0.346	24.323	2.948	0.968	1.0
16	1	59	0.452	0.568	26.308	2.496	0.419	0.419
16	1	56	0.032	0.18	29.0	0.0	0.032	0.032
16	1	53	0.0	0.0	nan	nan	0.0	0.0
16	1	50	0.0	0.0	nan	nan	0.0	0.0
16	1	47	0.0	0.0	nan	nan	0.0	0.0
16	1	44	0.0	0.0	nan	nan	0.0	0.0
17	1	454	19.484	0.508	10.0	0.0	1.0	1.0
17	1	448	19.226	0.425	10.0	0.0	1.0	1.0
17	1	442	19.032	0.18	10.0	0.0	1.0	1.0
17	1	436	19.0	0.0	10.0	0.0	1.0	1.0
17	1	430	19.0	0.0	10.0	0.0	1.0	1.0
17	1	424	18.871	0.341	10.0	0.0	1.0	1.0
17	1	418	18.71	0.461	10.0	0.0	1.0	1.0
17	1	412	18.032	0.18	10.0	0.0	1.0	1.0
17	1	406	18.032	0.18	10.0	0.0	1.0	1.0
17	1	400	18.0	0.0	10.0	0.0	1.0	1.0
17	1	394	17.968	0.18	10.0	0.0	1.0	1.0
17	1	388	17.935	0.25	10.0	0.0	1.0	1.0
17	1	382	17.516	0.508	10.0	0.0	1.0	1.0
17	1	376	17.161	0.374	10.0	0.0	1.0	1.0
17	1	370	17.032	0.18	10.0	0.0	1.0	1.0
17	1	364	17.0	0.0	10.0	0.0	1.0	1.0
17	1	358	16.935	0.25	10.0	0.0	1.0	1.0
17	1	352	16.516	0.508	10.0	0.0	1.0	1.0
17	1	346	16.097	0.301	10.0	0.0	1.0	1.0
17	1	340	16.0	0.0	10.0	0.0	1.0	1.0
17	1	334	16.0	0.0	10.032	0.18	1.0	1.0
17	1	328	15.871	0.341	10.0	0.0	1.0	1.0
17	1	322	15.484	0.508	10.0	0.0	1.0	1.0
17	1	316	15.032	0.18	10.0	0.0	1.0	1.0
17	1	310	15.0	0.0	10.032	0.18	1.0	1.0
17	1	304	15.0	0.0	10.032	0.18	1.0	1.0
17	1	298	14.516	0.508	10.194	0.402	1.0	1.0
17	1	292	14.194	0.402	10.323	0.475	1.0	1.0
17	1	286	14.0	0.0	10.645	0.486	1.0	1.0
17	1	280	14.0	0.0	10.774	0.425	1.0	1.0
17	1	274	13.516	0.508	10.839	0.374	1.0	1.0
17	1	268	13.0	0.0	10.871	0.341	1.0	1.0
17	1	262	13.0	0.0	10.935	0.25	1.0	1.0
17	1	256	12.968	0.18	10.968	0.18	1.0	1.0
17	1	250	12.452	0.506	10.968	0.18	1.0	1.0
17	1	244	12.032	0.18	11.0	0.0	1.0	1.0
17	1	238	12.0	0.0	11.0	0.0	1.0	1.0
17	1	232	11.742	0.445	11.0	0.0	1.0	1.0
17	1	226	11.29	0.461	11.0	0.0	1.0	1.0
17	1	220	11.0	0.0	11.0	0.0	1.0	1.0
17	1	214	10.968	0.18	11.032	0.18	1.0	1.0
17	1	208	10.613	0.495	11.0	0.0	1.0	1.0
17	1	202	10.129	0.341	11.0	0.0	1.0	1.0
17	1	196	10.0	0.0	11.032	0.18	1.0	1.0
17	1	190	9.71	0.461	11.0	0.0	1.0	1.0
17	1	184	9.097	0.301	11.065	0.25	1.0	1.0
17	1	178	9.0	0.0	11.355	0.486	1.0	1.0
17	1	172	8.935	0.25	11.613	0.495	1.0	1.0
17	1	166	8.194	0.402	11.968	0.18	1.0	1.0
17	1	160	8.0	0.0	12.0	0.0	1.0	1.0
17	1	154	7.935	0.25	12.0	0.0	1.0	1.0
17	1	148	7.387	0.495	12.0	0.0	1.0	1.0
17	1	142	7.0	0.0	12.129	0.341	1.0	1.0
17	1	136	6.968	0.18	12.645	0.486	1.0	1.0
17	1	130	6.355	0.486	12.968	0.18	1.0	1.0
17	1	124	6.0	0.0	13.0	0.0	1.0	1.0
17	1	118	6.0	0.0	13.226	0.425	1.0	1.0
17	1	112	5.387	0.495	13.774	0.425	1.0	1.0
17	1	106	5.0	0.0	14.0	0.0	1.0	1.0
17	1	100	4.968	0.18	14.419	0.502	1.0	1.0
17	1	77	3.29	0.739	17.839	0.688	1.0	1.0
17	1	74	2.484	0.57	18.581	0.62	1.0	1.0
17	1	71	2.032	0.18	19.71	0.938	1.0	1.0
17	1	68	1.968	0.18	20.903	0.87	1.0	1.0
17	1	65	2.0	0.0	22.645	1.142	1.0	1.0
17	1	62	1.903	0.301	25.097	2.022	1.0	1.0
17	1	59	1.367	0.49	29.935	2.828	0.968	1.0
17	1	56	0.148	0.362	33.5	3.071	0.129	0.258
17	1	53	0.0	0.0	nan	nan	0.0	0.0
17	1	50	0.0	0.0	nan	nan	0.0	0.0
17	1	47	0.0	0.0	nan	nan	0.0	0.0
17	1	44	0.0	0.0	nan	nan	0.0	0.0
18	1	454	15.581	0.502	10.0	0.0	1.0	1.0
18	1	448	15.258	0.445	10.0	0.0	1.0	1.0
18	1	442	15.065	0.25	10.0	0.0	1.0	1.0
18	1	436	15.065	0.25	10.0	0.0	1.0	1.0
18	1	430	15.0	0.0	10.0	0.0	1.0	1.0
18	1	424	15.0	0.0	10.0	0.0	1.0	1.0
18	1	418	14.839	0.374	10.0	0.0	1.0	1.0
18	1	412	14.742	0.445	10.0	0.0	1.0	1.0
18	1	406	14.387	0.495	10.0	0.0	1.0	1.0
18	1	400	14.032	0.18	10.0	0.0	1.0	1.0
18	1	394	14.097	0.301	10.0	0.0	1.0	1.0
18	1	388	14.0	0.0	10.0	0.0	1.0	1.0
18	1	382	14.0	0.0	10.0	0.0	1.0	1.0
18	1	376	13.935	0.25	10.0	0.0	1.0	1.0
18	1	370	13.323	0.475	10.0	0.0	1.0	1.0
18	1	364	13.226	0.425	10.0	0.0	1.0	1.0
18	1	358	13.032	0.18	10.0	0.0	1.0	1.0
18	1	352	13.0	0.0	10.0	0.0	1.0	1.0
18	1	346	13.0	0.0	10.0	0.0	1.0	1.0
18	1	340	12.935	0.25	10.0	0.0	1.0	1.0
18	1	334	12.548	0.506	10.0	0.0	1.0	1.0
18	1	328	12.129	0.341	10.0	0.0	1.0	1.0
18	1	322	12.065	0.25	10.0	0.0	1.0	1.0
18	1	316	12.0	0.0	10.0	0.0	1.0	1.0
18	1	310	12.0	0.0	10.0	0.0	1.0	1.0
18	1	304	11.742	0.445	10.0	0.0	1.0	1.0
18	1	298	11.484	0.508	10.0	0.0	1.0	1.0
18	1	292	11.097	0.301	10.0	0.0	1.0	1.0
18	1	286	11.0	0.0	10.0	0.0	1.0	1.0
18	1	280	10.968	0.18	10.0	0.0	1.0	1.0
18	1	274	10.871	0.341	10.0	0.0	1.0	1.0
18	1	268	10.323	0.475	10.0	0.0	1.0	1.0
18	1	262	10.0	0.0	10.0	0.0	1.0	1.0
18	1	256	10.0	0.0	10.0	0.0	1.0	1.0
18	1	250	9.935	0.25	10.0	0.0	1.0	1.0
18	1	244	9.581	0.502	10.0	0.0	1.0	1.0
18	1	238	9.0	0.0	10.097	0.301	1.0	1.0
18	1	232	9.032	0.18	10.355	0.486	1.0	1.0
18	1	226	9.0	0.0	10.484	0.508	1.0	1.0
18	1	220	8.774	0.425	10.774	0.425	1.0	1.0
18	1	214	8.129	0.341	10.806	0.402	1.0	1.0
18	1	208	8.0	0.0	11.0	0.0	1.0	1.0
18	1	202	8.0	0.0	11.0	0.0	1.0	1.0
18	1	196	7.903	0.301	11.0	0.0	1.0	1.0
18	1	190	7.484	0.508	11.0	0.0	1.0	1.0
18	1	184	7.097	0.301	11.0	0.0	1.0	1.0
18	1	178	7.0	0.0	11.0	0.0	1.0	1.0
18	1	172	7.0	0.0	11.032	0.18	1.0	1.0
18	1	166	6.484	0.508	11.032	0.18	1.0	1.0
18	1	160	6.0	0.0	11.226	0.425	1.0	1.0
18	1	154	6.0	0.0	11.71	0.461	1.0	1.0
18	1	148	6.0	0.0	12.0	0.0	1.0	1.0
18	1	142	5.516	0.508	12.0	0.0	1.0	1.0
18	1	136	5.032	0.18	12.0	0.0	1.0	1.0
18	1	130	5.0	0.0	12.226	0.425	1.0	1.0
18	1	124	4.903	0.301	12.484	0.508	1.0	1.0
18	1	118	4.355	0.486	13.0	0.0	1.0	1.0
18	1	112	4.0	0.0	13.0	0.258	1.0	1.0
18	1	106	4.0	0.0	13.419	0.502	1.0	1.0
18	1	100	3.935	0.25	14.0	0.0	1.0	1.0
18	1	77	2.871	0.341	16.774	0.497	1.0	1.0
18	1	74	2.323	0.599	17.387	0.615	1.0	1.0
18	1	71	1.774	0.762	18.194	0.749	1.0	1.0
18	1	68	1.129	0.341	19.194	0.873	1.0	1.0
18	1	65	1.032	0.18	20.516	1.092	1.0	1.0
18	1	62	0.966	0.186	22.767	1.547	0.903	0.968
18	1	59	0.679	0.476	25.136	1.356	0.613	0.71
18	1	56	0.0	0.0	27.0	0.0	0.0	0.032
18	1	53	0.0	0.0	nan	nan	0.0	0.0
18	1	50	0.0	0.0	nan	nan	0.0	0.0
18	1	47	0.0	0.0	nan	nan	0.0	0.0
18	1	44	0.0	0.0	nan	nan	0.0	0.0
19	1	454	24.065	0.25	10.0	0.0	1.0	1.0
19	1	448	23.935	0.25	10.0	0.0	1.0	1.0
19	1	442	23.839	0.374	10.0	0.0	1.0	1.0
19	1	436	23.516	0.508	10.0	0.0	1.0	1.0
19	1	430	23.161	0.374	10.0	0.0	1.0	1.0
19	1	424	23.065	0.25	10.032	0.18	1.0	1.0
19	1	418	23.0	0.258	10.0	0.0	1.0	1.0
19	1	412	22.806	0.402	10.0	0.0	1.0	1.0
19	1	406	22.484	0.508	10.0	0.0	1.0	1.0
19	1	400	22.161	0.374	10.032	0.18	1.0	1.0
19	1	394	22.0	0.0	10.129	0.341	1.0	1.0
19	1	388	21.742	0.445	10.065	0.25	1.0	1.0
19	1	382	21.452	0.506	10.161	0.374	1.0	1.0
19	1	376	21.226	0.425	10.323	0.475	1.0	1.0
19	1	370	21.0	0.0	10.452	0.506	1.0	1.0
19	1	364	21.0	0.0	10.29	0.461	1.0	1.0
19	1	358	20.71	0.461	10.484	0.508	1.0	1.0
19	1	352	20.226	0.425	10.71	0.461	1.0	1.0
19	1	346	19.968	0.18	10.742	0.445	1.0	1.0
19	1	340	19.774	0.425	10.839	0.374	1.0	1.0
19	1	334	19.581	0.502	10.774	0.425	1.0	1.0
19	1	328	19.065	0.25	10.968	0.18	1.0	1.0
19	1	322	18.968	0.18	10.935	0.25	1.0	1.0
19	1	316	18.645	0.486	11.0	0.0	1.0	1.0
19	1	310	18.387	0.495	11.0	0.0	1.0	1.0
19	1	304	18.0	0.0	11.0	0.0	1.0	1.0
19	1	298	17.839	0.374	11.0	0.0	1.0	1.0
19	1	292	17.516	0.508	11.0	0.0	1.0	1.0
19	1	286	17.065	0.25	11.0	0.0	1.0	1.0
19	1	280	16.935	0.25	11.0	0.0	1.0	1.0
19	1	274	16.516	0.508	11.0	0.0	1.0	1.0
19	1	268	16.065	0.25	11.0	0.0	1.0	1.0
19	1	262	15.839	0.374	11.0	0.0	1.0	1.0
19	1	256	15.484	0.508	11.0	0.0	1.0	1.0
19	1	250	15.097	0.301	11.0	0.0	1.0	1.0
19	1	244	14.935	0.25	11.0	0.0	1.0	1.0
19	1	238	14.613	0.495	11.0	0.0	1.0	1.0
19	1	232	14.0	0.258	11.0	0.0	1.0	1.0
19	1	226	13.903	0.301	11.0	0.0	1.0	1.0
19	1	220	13.323	0.475	11.0	0.0	1.0	1.0
19	1	214	13.032	0.18	11.0	0.0	1.0	1.0
19	1	208	12.774	0.425	11.0	0.0	1.0	1.0
19	1	202	12.161	0.374	11.161	0.374	1.0	1.0
19	1	196	11.968	0.18	11.581	0.502	1.0	1.0
19	1	190	11.806	0.402	11.871	0.341	1.0	1.0
19	1	184	11.032	0.18	12.0	0.0	1.0	1.0
19	1	178	10.935	0.25	12.0	0.0	1.0	1.0
19	1	172	10.484	0.508	12.0	0.0	1.0	1.0
19	1	166	10.0	0.0	12.0	0.0	1.0	1.0
19	1	160	9.742	0.445	12.032	0.18	1.0	1.0
19	1	154	9.161	0.374	12.129	0.341	1.0	1.0
19	1	148	8.968	0.18	12.387	0.495	1.0	1.0
19	1	142	8.323	0.475	12.871	0.341	1.0	1.0
19	1	136	8.065	0.25	13.0	0.0	1.0	1.0
19	1	130	7.903	0.301	13.0	0.0	1.0	1.0
19	1	124	7.0	0.0	13.129	0.341	1.0	1.0
19	1	118	7.0	0.0	13.839	0.374	1.0	1.0
19	1	112	6.484	0.508	14.0	0.0	1.0	1.0
19	1	106	6.0	0.0	14.355	0.486	1.0	1.0
19	1	100	5.774	0.425	14.968	0.18	1.0	1.0
19	1	77	3.194	0.402	18.613	0.558	1.0	1.0
19	1	74	3.032	0.18	19.355	0.798	1.0	1.0
19	1	71	2.613	0.495	21.0	1.0	1.0	1.0
19	1	68	2.161	0.374	22.0	1.033	1.0	1.0
19	1	65	2.0	0.0	24.226	0.99	1.0	1.0
19	1	62	1.968	0.18	27.355	2.511	1.0	1.0
19	1	59	1.654	0.689	33.071	3.537	0.742	0.903
19	1	56	0.036	0.189	37.0	1.633	0.032	0.129
19	1	53	0.0	0.0	nan	nan	0.0	0.0
19	1	50	0.0	0.0	nan	nan	0.0	0.0
19	1	47	0.0	0.0	nan	nan	0.0	0.0
19	1	44	0.0	0.0	nan	nan	0.0	0.0
20	1	454	20.032	0.18	10.0	0.0	1.0	1.0
20	1	448	19.968	0.18	10.0	0.0	1.0	1.0
20	1	442	19.742	0.445	10.0	0.0	1.0	1.0
20	1	436	19.516	0.508	10.0	0.0	1.0	1.0
20	1	430	19.323	0.475	10.0	0.0	1.0	1.0
20	1	424	19.097	0.301	10.0	0.0	1.0	1.0
20	1	418	19.0	0.0	10.0	0.0	1.0	1.0
20	1	412	19.0	0.0	10.0	0.0	1.0	1.0
20	1	406	18.871	0.341	10.0	0.0	1.0	1.0
20	1	400	18.355	0.486	10.0	0.0	1.0	1.0
20	1	394	18.129	0.341	10.0	0.0	1.0	1.0
20	1	388	18.032	0.18	10.0	0.0	1.0	1.0
20	1	382	18.0	0.0	10.032	0.18	1.0	1.0
20	1	376	17.839	0.374	10.0	0.0	1.0	1.0
20	1	370	17.581	0.502	10.0	0.0	1.0	1.0
20	1	364	17.194	0.402	10.0	0.0	1.0	1.0
20	1	358	17.097	0.301	10.0	0.0	1.0	1.0
20	1	352	17.0	0.0	10.0	0.0	1.0	1.0
20	1	346	16.806	0.402	10.0	0.0	1.0	1.0
20	1	340	16.452	0.506	10.0	0.0	1.0	1.0
20	1	334	16.161	0.374	10.129	0.341	1.0	1.0
20	1	328	16.065	0.25	10.129	0.341	1.0	1.0
20	1	322	15.935	0.25	10.194	0.402	1.0	1.0
20	1	316	15.581	0.502	10.484	0.508	1.0	1.0
20	1	310	15.129	0.341	10.484	0.508	1.0	1.0
20	1	304	14.968	0.18	10.516	0.508	1.0	1.0
20	1	298	14.968	0.18	10.645	0.486	1.0	1.0
20	1	292	14.516	0.508	10.774	0.425	1.0	1.0
20	1	286	14.161	0.374	10.903	0.301	1.0	1.0
20	1	280	14.0	0.0	10.903	0.301	1.0	1.0
20	1	274	13.968	0.18	10.968	0.18	1.0	1.0
20	1	268	13.645	0.486	10.968	0.18	1.0	1.0
20	1	262	13.097	0.301	11.0	0.0	1.0	1.0
20	1	256	12.968	0.18	11.0	0.0	1.0	1.0
20	1	250	12.968	0.18	11.0	0.0	1.0	1.0
20	1	244	12.419	0.502	11.0	0.0	1.0	1.0
20	1	238	12.032	0.18	11.0	0.0	1.0	1.0
20	1	232	11.968	0.18	11.0	0.0	1.0	1.0
20	1	226	11.452	0.506	11.0	0.0	1.0	1.0
20	1	220	11.065	0.25	11.0	0.0	1.0	1.0
20	1	214	10.968	0.18	11.0	0.0	1.0	1.0
20	1	208	10.839	0.374	11.0	0.0	1.0	1.0
20	1	202	10.161	0.374	11.032	0.18	1.0	1.0
20	1	196	10.0	0.0	11.129	0.341	1.0	1.0
20	1	190	9.839	0.374	11.323	0.475	1.0	1.0
20	1	184	9.258	0.445	11.677	0.475	1.0	1.0
20	1	178	9.0	0.0	11.968	0.18	1.0	1.0
20	1	172	8.903	0.301	12.0	0.0	1.0	1.0
20	1	166	8.226	0.425	12.0	0.0	1.0	1.0
20	1	160	8.032	0.18	12.0	0.0	1.0	1.0
20	1	154	7.806	0.402	12.0	0.0	1.0	1.0
20	1	148	7.226	0.425	12.161	0.374	1.0	1.0
20	1	142	7.0	0.0	12.452	0.506	1.0	1.0
20	1	136	6.968	0.18	12.935	0.25	1.0	1.0
20	1	130	6.29	0.461	13.0	0.0	1.0	1.0
20	1	124	6.0	0.0	13.226	0.425	1.0	1.0
20	1	118	5.935	0.25	13.581	0.502	1.0	1.0
20	1	112	5.355	0.486	14.0	0.0	1.0	1.0
20	1	106	5.032	0.18	14.419	0.502	1.0	1.0
20	1	100	4.968	0.18	14.806	0.402	1.0	1.0
20	1	77	2.806	0.749	18.355	0.608	1.0	1.0
20	1	74	2.0	0.0	19.258	0.815	1.0	1.0
20	1	71	2.0	0.0	20.516	0.996	1.0	1.0
20	1	68	1.935	0.25	21.613	1.407	1.0	1.0
20	1	65	1.677	0.475	23.129	1.408	1.0	1.0
20	1	62	1.2	0.407	25.484	2.502	0.968	1.0
20	1	59	1.0	0.365	28.345	2.303	0.935	0.935
20	1	56	0.2	0.407	29.857	3.625	0.194	0.226
20	1	53	0.0	0.0	nan	nan	0.0	0.0
20	1	50	0.0	0.0	nan	nan	0.0	0.0
20	1	47	0.0	0.0	nan	nan	0.0	0.0
20	1	44	0.0	0.0	nan	nan	0.0	0.0
21	1	454	16.032	0.18	9.71	0.461	1.0	1.0
21	1	448	16.0	0.0	9.806	0.402	1.0	1.0
21	1	442	16.0	0.0	9.774	0.425	1.0	1.0
21	1	436	16.0	0.0	9.742	0.445	1.0	1.0
21	1	430	15.645	0.486	9.806	0.402	1.0	1.0
21	1	424	15.29	0.461	9.839	0.374	1.0	1.0
21	1	418	15.032	0.18	9.968	0.18	1.0	1.0
21	1	412	15.032	0.18	10.0	0.0	1.0	1.0
21	1	406	15.0	0.0	9.968	0.18	1.0	1.0
21	1	400	15.0	0.0	9.968	0.18	1.0	1.0
21	1	394	14.903	0.301	9.903	0.301	1.0	1.0
21	1	388	14.581	0.502	9.968	0.18	1.0	1.0
21	1	382	14.032	0.18	10.0	0.0	1.0	1.0
21	1	376	14.032	0.18	10.0	0.0	1.0	1.0
21	1	370	14.0	0.0	10.0	0.0	1.0	1.0
21	1	364	14.0	0.0	10.0	0.0	1.0	1.0
21	1	358	13.903	0.301	10.0	0.0	1.0	1.0
21	1	352	13.258	0.445	10.0	0.0	1.0	1.0
21	1	346	13.0	0.0	10.0	0.0	1.0	1.0
21	1	340	13.0	0.0	10.0	0.0	1.0	1.0
21	1	334	13.0	0.0	10.0	0.0	1.0	1.0
21	1	328	12.903	0.301	10.0	0.0	1.0	1.0
21	1	322	12.387	0.495	10.0	0.0	1.0	1.0
21	1	316	12.226	0.425	10.0	0.0	1.0	1.0
21	1	310	12.0	0.0	10.0	0.0	1.0	1.0
21	1	304	12.0	0.0	10.0	0.0	1.0	1.0
21	1	298	11.935	0.25	10.0	0.0	1.0	1.0
21	1	292	11.29	0.461	10.0	0.0	1.0	1.0
21	1	286	11.032	0.18	10.0	0.0	1.0	1.0
21	1	280	11.0	0.0	10.0	0.0	1.0	1.0
21	1	274	11.0	0.0	10.0	0.0	1.0	1.0
21	1	268	10.742	0.445	10.0	0.0	1.0	1.0
21	1	262	10.323	0.475	10.0	0.0	1.0	1.0
21	1	256	10.097	0.301	10.0	0.0	1.0	1.0
21	1	250	10.0	0.0	10.0	0.0	1.0	1.0
21	1	244	9.903	0.301	10.0	0.0	1.0	1.0
21	1	238	9.419	0.502	10.0	0.0	1.0	1.0
21	1	232	9.161	0.374	10.0	0.0	1.0	1.0
21	1	226	9.0	0.0	10.0	0.0	1.0	1.0
21	1	220	8.968	0.18	10.0	0.0	1.0	1.0
21	1	214	8.613	0.495	10.0	0.0	1.0	1.0
21	1	208	8.032	0.18	10.226	0.425	1.0	1.0
21	1	202	8.0	0.0	10.581	0.502	1.0	1.0
21	1	196	7.968	0.18	10.742	0.445	1.0	1.0
21	1	190	7.71	0.461	10.935	0.25	1.0	1.0
21	1	184	7.065	0.25	11.0	0.0	1.0	1.0
21	1	178	7.0	0.0	11.0	0.0	1.0	1.0
21	1	172	6.968	0.18	11.0	0.0	1.0	1.0
21	1	166	6.645	0.486	11.0	0.0	1.0	1.0
21	1	160	6.032	0.18	11.0	0.0	1.0	1.0
21	1	154	6.0	0.0	11.0	0.0	1.0	1.0
21	1	148	5.935	0.25	11.355	0.486	1.0	1.0
21	1	142	5.452	0.506	11.871	0.341	1.0	1.0
21	1	136	5.032	0.18	12.0	0.0	1.0	1.0
21	1	130	5.0	0.0	12.0	0.0	1.0	1.0
21	1	124	4.968	0.18	12.065	0.25	1.0	1.0
21	1	118	4.161	0.374	12.452	0.506	1.0	1.0
21	1	112	4.0	0.0	12.968	0.18	1.0	1.0
21	1	106	4.0	0.0	13.065	0.25	1.0	1.0
21	1	100	3.806	0.402	13.71	0.461	1.0	1.0
21	1	77	2.71	0.461	16.355	0.551	1.0	1.0
21	1	74	2.129	0.341	17.0	0.258	1.0	1.0
21	1	71	1.71	0.461	17.871	0.619	1.0	1.0
21	1	68	1.161	0.374	18.839	0.688	1.0	1.0
21	1	65	1.0	0.0	20.452	1.287	1.0	1.0
21	1	62	1.0	0.0	22.677	1.447	1.0	1.0
21	1	59	0.375	0.495	25.812	1.377	0.29	0.516
21	1	56	0.0	0.0	27.0	0.0	0.0	0.032
21	1	53	0.0	0.0	nan	nan	0.0	0.0
21	1	50	0.0	0.0	nan	nan	0.0	0.0
21	1	47	0.0	0.0	nan	nan	0.0	0.0
21	1	44	0.0	0.0	nan	nan	0.0	0.0
22	1	454	22.032	0.18	10.0	0.0	1.0	1.0
22	1	448	22.0	0.0	10.032	0.18	1.0	1.0
22	1	442	21.968	0.18	10.065	0.25	1.0	1.0
22	1	436	21.71	0.461	10.065	0.25	1.0	1.0
22	1	430	21.29	0.461	10.032	0.18	1.0	1.0
22	1	424	21.0	0.0	10.0	0.0	1.0	1.0
22	1	418	21.032	0.18	10.032	0.18	1.0	1.0
22	1	412	20.968	0.18	10.032	0.18	1.0	1.0
22	1	406	20.806	0.402	10.065	0.25	1.0	1.0
22	1	400	20.355	0.486	10.065	0.25	1.0	1.0
22	1	394	20.097	0.301	10.065	0.25	1.0	1.0
22	1	388	20.032	0.18	10.097	0.301	1.0	1.0
22	1	382	19.935	0.25	10.129	0.341	1.0	1.0
22	1	376	19.645	0.486	10.097	0.301	1.0	1.0
22	1	370	19.161	0.374	10.194	0.402	1.0	1.0
22	1	364	19.032	0.18	10.226	0.425	1.0	1.0
22	1	358	18.968	0.18	10.387	0.495	1.0	1.0
22	1	352	18.871	0.341	10.452	0.506	1.0	1.0
22	1	346	18.129	0.341	10.613	0.495	1.0	1.0
22	1	340	18.0	0.0	10.484	0.508	1.0	1.0
22	1	334	18.0	0.0	10.774	0.425	1.0	1.0
22	1	328	17.774	0.425	10.806	0.402	1.0	1.0
22	1	322	17.484	0.508	10.871	0.341	1.0	1.0
22	1	316	17.0	0.0	10.968	0.18	1.0	1.0
22	1	310	17.0	0.0	10.935	0.25	1.0	1.0
22	1	304	16.774	0.425	10.968	0.18	1.0	1.0
22	1	298	16.29	0.461	11.0	0.0	1.0	1.0
22	1	292	16.0	0.0	10.968	0.18	1.0	1.0
22	1	286	15.935	0.25	11.0	0.0	1.0	1.0
22	1	280	15.355	0.486	11.0	0.0	1.0	1.0
22	1	274	15.097	0.301	11.0	0.0	1.0	1.0
22	1	268	15.0	0.0	11.0	0.0	1.0	1.0
22	1	262	14.71	0.461	11.0	0.0	1.0	1.0
22	1	256	14.29	0.461	11.0	0.0	1.0	1.0
22	1	250	14.032	0.18	11.0	0.0	1.0	1.0
22	1	244	13.742	0.445	11.0	0.0	1.0	1.0
22	1	238	13.29	0.461	11.0	0.0	1.0	1.0
22	1	232	13.065	0.25	11.0	0.0	1.0	1.0
22	1	226	12.903	0.301	11.0	0.0	1.0	1.0
22	1	220	12.161	0.374	11.0	0.0	1.0	1.0
22	1	214	11.968	0.18	11.0	0.0	1.0	1.0
22	1	208	11.903	0.301	11.032	0.18	1.0	1.0
22	1	202	11.29	0.461	11.226	0.425	1.0	1.0
22	1	196	11.0	0.0	11.484	0.508	1.0	1.0
22	1	190	10.839	0.374	11.645	0.486	1.0	1.0
22	1	184	10.194	0.402	11.903	0.301	1.0	1.0
22	1	178	10.0	0.0	11.968	0.18	1.0	1.0
22	1	172	9.871	0.341	12.0	0.0	1.0	1.0
22	1	166	9.032	0.18	12.0	0.0	1.0	1.0
22	1	160	9.0	0.0	12.0	0.0	1.0	1.0
22	1	154	8.806	0.402	12.065	0.25	1.0	1.0
22	1	148	8.032	0.18	12.226	0.425	1.0	1.0
22	1	142	7.935	0.25	12.935	0.25	1.0	1.0
22	1	136	7.355	0.486	13.0	0.0	1.0	1.0
22	1	130	7.0	0.0	13.0	0.0	1.0	1.0
22	1	124	7.0	0.0	13.129	0.341	1.0	1.0
22	1	118	6.194	0.402	13.806	0.402	1.0	1.0
22	1	112	6.0	0.0	14.0	0.0	1.0	1.0
22	1	106	5.871	0.341	14.226	0.425	1.0	1.0
22	1	100	5.032	0.18	14.903	0.301	1.0	1.0
22	1	77	3.613	0.558	18.226	0.497	1.0	1.0
22	1	74	2.903	0.539	19.0	0.632	1.0	1.0
22	1	71	2.161	0.374	20.387	0.882	1.0	1.0
22	1	68	2.0	0.0	21.581	0.765	1.0	1.0
22	1	65	2.0	0.0	23.194	1.4	1.0	1.0
22	1	62	1.968	0.18	25.871	1.708	1.0	1.0
22	1	59	1.793	0.412	29.774	3.127	0.935	1.0
22	1	56	0.083	0.282	35.778	1.787	0.065	0.29
22	1	53	0.0	0.0	nan	nan	0.0	0.0
22	1	50	0.0	0.0	nan	nan	0.0	0.0
22	1	47	0.0	0.0	nan	nan	0.0	0.0
22	1	44	0.0	0.0	nan	nan	0.0	0.0
23	1	454	16.0	0.0	9.0	0.0	1.0	1.0
23	1	448	15.903	0.301	9.0	0.0	1.0	1.0
23	1	442	15.484	0.508	9.0	0.0	1.0	1.0
23	1	436	15.258	0.445	9.0	0.0	1.0	1.0
23	1	430	15.032	0.18	9.0	0.0	1.0	1.0
23	1	424	15.032	0.18	9.0	0.0	1.0	1.0
23	1	418	15.0	0.0	9.0	0.0	1.0	1.0
23	1	412	14.968	0.18	9.0	0.0	1.0	1.0
23	1	406	14.903	0.301	9.0	0.0	1.0	1.0
23	1	400	14.581	0.502	9.0	0.0	1.0	1.0
23	1	394	14.129	0.341	9.0	0.0	1.0	1.0
23	1	388	14.0	0.0	9.0	0.0	1.0	1.0
23	1	382	14.0	0.0	9.032	0.18	1.0	1.0
23	1	376	14.0	0.0	9.032	0.18	1.0	1.0
23	1	370	13.903	0.301	9.0	0.0	1.0	1.0
23	1	364	13.419	0.502	9.065	0.25	1.0	1.0
23	1	358	13.161	0.374	9.065	0.25	1.0	1.0
23	1	352	13.032	0.18	9.129	0.341	1.0	1.0
23	1	346	13.0	0.0	9.129	0.341	1.0	1.0
23	1	340	13.0	0.0	9.258	0.445	1.0	1.0
23	1	334	12.968	0.18	9.452	0.506	1.0	1.0
23	1	328	12.516	0.508	9.355	0.486	1.0	1.0
23	1	322	12.097	0.301	9.548	0.506	1.0	1.0
23	1	316	12.0	0.0	9.806	0.402	1.0	1.0
23	1	310	12.0	0.0	9.774	0.425	1.0	1.0
23	1	304	11.871	0.341	9.871	0.341	1.0	1.0
23	1	298	11.516	0.508	10.0	0.0	1.0	1.0
23	1	292	11.129	0.341	9.968	0.18	1.0	1.0
23	1	286	11.0	0.0	9.935	0.25	1.0	1.0
23	1	280	10.968	0.18	10.0	0.0	1.0	1.0
23	1	274	10.903	0.301	9.968	0.18	1.0	1.0
23	1	268	10.452	0.506	10.0	0.0	1.0	1.0
23	1	262	10.065	0.25	10.0	0.0	1.0	1.0
23	1	256	10.0	0.0	10.0	0.0	1.0	1.0
23	1	250	10.0	0.0	10.0	0.0	1.0	1.0
23	1	244	9.774	0.425	10.0	0.0	1.0	1.0
23	1	238	9.226	0.425	10.0	0.0	1.0	1.0
23	1	232	9.032	0.18	10.0	0.0	1.0	1.0
23	1	226	9.0	0.0	10.0	0.0	1.0	1.0
23	1	220	8.935	0.25	10.0	0.0	1.0	1.0
23	1	214	8.355	0.486	10.0	0.0	1.0	1.0
23	1	208	8.032	0.18	10.0	0.0	1.0	1.0
23	1	202	8.0	0.0	10.0	0.0	1.0	1.0
23	1	196	7.968	0.18	10.0	0.0	1.0	1.0
23	1	190	7.645	0.486	10.0	0.0	1.0	1.0
23	1	184	7.032	0.18	10.194	0.402	1.0	1.0
23	1	178	7.0	0.0	10.516	0.508	1.0	1.0
23	1	172	7.0	0.0	10.903	0.301	1.0	1.0
23	1	166	6.645	0.486	11.0	0.0	1.0	1.0
23	1	160	6.097	0.301	11.0	0.0	1.0	1.0
23	1	154	6.0	0.0	11.0	0.0	1.0	1.0
23	1	148	5.968	0.18	11.0	0.0	1.0	1.0
23	1	142	5.452	0.506	11.0	0.0	1.0	1.0
23	1	136	5.032	0.18	11.097	0.301	1.0	1.0
23	1	130	5.0	0.0	11.677	0.475	1.0	1.0
23	1	124	4.968	0.18	12.0	0.0	1.0	1.0
23	1	118	4.419	0.502	12.0	0.0	1.0	1.0
23	1	112	4.032	0.18	12.258	0.445	1.0	1.0
23	1	106	4.0	0.0	12.968	0.18	1.0	1.0
23	1	100	3.903	0.301	13.065	0.25	1.0	1.0
23	1	77	2.71	0.461	15.677	0.475	1.0	1.0
23	1	74	2.548	0.506	16.258	0.575	1.0	1.0
23	1	71	2.032	0.18	16.774	0.56	1.0	1.0
23	1	68	1.871	0.341	17.548	0.768	1.0	1.0
23	1	65	1.129	0.341	18.871	0.885	1.0	1.0
23	1	62	1.0	0.0	20.419	1.089	1.0	1.0
23	1	59	0.867	0.346	22.741	1.789	0.839	0.871
23	1	56	0.538	0.508	25.211	1.686	0.452	0.613
23	1	53	0.0	0.0	27.0	0.0	0.0	0.065
23	1	50	0.0	0.0	nan	nan	0.0	0.0
23	1	47	0.0	0.0	nan	nan	0.0	0.0
23	1	44	0.0	0.0	nan	nan	0.0	0.0
24	1	454	17.161	0.374	10.0	0.0	1.0	1.0
24	1	448	17.032	0.18	10.0	0.0	1.0	1.0
24	1	442	17.0	0.0	10.0	0.0	1.0	1.0
24	1	436	17.0	0.0	10.0	0.0	1.0	1.0
24	1	430	16.871	0.341	10.0	0.0	1.0	1.0
24	1	424	16.742	0.445	10.0	0.0	1.0	1.0
24	1	418	16.355	0.486	10.0	0.0	1.0	1.0
24	1	412	16.032	0.18	10.0	0.0	1.0	1.0
24	1	406	16.032	0.18	10.0	0.0	1.0	1.0
24	1	400	16.0	0.0	10.0	0.0	1.0	1.0
24	1	394	15.935	0.25	10.0	0.0	1.0	1.0
24	1	388	15.806	0.402	10.0	0.0	1.0	1.0
24	1	382	15.387	0.495	10.0	0.0	1.0	1.0
24	1	376	15.226	0.425	10.0	0.0	1.0	1.0
24	1	370	15.0	0.0	10.0	0.0	1.0	1.0
24	1	364	14.903	0.301	10.0	0.0	1.0	1.0
24	1	358	14.806	0.402	10.0	0.0	1.0	1.0
24	1	352	14.387	0.495	10.0	0.0	1.0	1.0
24	1	346	14.161	0.374	10.0	0.0	1.0	1.0
24	1	340	14.032	0.18	10.0	0.0	1.0	1.0
24	1	334	14.0	0.0	10.0	0.0	1.0	1.0
24	1	328	13.71	0.461	10.0	0.0	1.0	1.0
24	1	322	13.355	0.486	10.0	0.0	1.0	1.0
24	1	316	13.0	0.0	10.0	0.0	1.0	1.0
24	1	310	13.0	0.0	10.0	0.0	1.0	1.0
24	1	304	13.0	0.0	10.0	0.0	1.0	1.0
24	1	298	12.806	0.402	10.0	0.0	1.0	1.0
24	1	292	12.355	0.486	10.0	0.0	1.0	1.0
24	1	286	12.065	0.25	10.0	0.0	1.0	1.0
24	1	280	12.0	0.0	10.0	0.0	1.0	1.0
24	1	274	11.903	0.301	10.0	0.0	1.0	1.0
24	1	268	11.613	0.495	10.0	0.0	1.0	1.0
24	1	262	11.032	0.18	10.0	0.0	1.0	1.0
24	1	256	11.0	0.0	10.0	0.0	1.0	1.0
24	1	250	10.968	0.18	10.032	0.18	1.0	1.0
24	1	244	10.548	0.506	10.032	0.18	1.0	1.0
24	1	238	10.097	0.301	10.065	0.25	1.0	1.0
24	1	232	10.0	0.0	10.323	0.475	1.0	1.0
24	1	226	9.903	0.301	10.71	0.461	1.0	1.0
24	1	220	9.548	0.506	10.806	0.402	1.0	1.0
24	1	214	9.032	0.18	10.968	0.18	1.0	1.0
24	1	208	9.0	0.0	10.968	0.18	1.0	1.0
24	1	202	8.903	0.301	11.0	0.0	1.0	1.0
24	1	196	8.387	0.495	11.0	0.0	1.0	1.0
24	1	190	8.032	0.18	11.0	0.0	1.0	1.0
24	1	184	8.032	0.18	11.0	0.0	1.0	1.0
24	1	178	7.677	0.475	11.0	0.0	1.0	1.0
24	1	172	7.194	0.402	11.032	0.18	1.0	1.0
24	1	166	7.0	0.0	11.0	0.0	1.0	1.0
24	1	160	6.968	0.18	11.323	0.475	1.0	1.0
24	1	154	6.516	0.508	11.806	0.402	1.0	1.0
24	1	148	6.0	0.0	11.935	0.25	1.0	1.0
24	1	142	6.0	0.0	12.0	0.0	1.0	1.0
24	1	136	5.677	0.475	12.0	0.0	1.0	1.0
24	1	130	5.097	0.301	12.161	0.374	1.0	1.0
24	1	124	5.0	0.0	12.806	0.402	1.0	1.0
24	1	118	4.935	0.25	12.935	0.25	1.0	1.0
24	1	112	4.419	0.502	13.032	0.18	1.0	1.0
24	1	106	4.0	0.0	13.613	0.495	1.0	1.0
24	1	100	4.0	0.0	13.968	0.18	1.0	1.0
24	1	77	2.806	0.402	16.774	0.497	1.0	1.0
24	1	74	2.548	0.568	17.29	0.693	1.0	1.0
24	1	71	1.935	0.68	17.968	0.706	1.0	1.0
24	1	68	1.161	0.374	19.516	1.061	1.0	1.0
24	1	65	1.0	0.0	21.129	1.432	1.0	1.0
24	1	62	0.935	0.25	22.966	1.426	0.935	0.935
24	1	59	0.567	0.504	24.722	1.447	0.548	0.581
24	1	56	0.0	0.0	nan	nan	0.0	0.0
24	1	53	0.0	0.0	nan	nan	0.0	0.0
24	1	50	0.0	0.0	nan	nan	0.0	0.0
24	1	47	0.0	0.0	nan	nan	0.0	0.0
24	1	44	0.0	0.0	nan	nan	0.0	0.0
25	1	454	14.0	0.0	9.0	0.0	1.0	1.0
25	1	448	13.968	0.18	9.0	0.0	1.0	1.0
25	1	442	13.516	0.508	9.0	0.0	1.0	1.0
25	1	436	13.516	0.508	9.0	0.0	1.0	1.0
25	1	430	13.097	0.301	9.0	0.0	1.0	1.0
25	1	424	13.032	0.18	9.0	0.0	1.0	1.0
25	1	418	13.0	0.0	9.0	0.0	1.0	1.0
25	1	412	13.0	0.0	9.0	0.0	1.0	1.0
25	1	406	13.0	0.0	9.032	0.18	1.0	1.0
25	1	400	12.935	0.25	9.0	0.0	1.0	1.0
25	1	394	12.742	0.445	9.0	0.0	1.0	1.0
25	1	388	12.258	0.445	9.0	0.0	1.0	1.0
25	1	382	12.161	0.374	9.0	0.0	1.0	1.0
25	1	376	12.0	0.0	9.0	0.0	1.0	1.0
25	1	370	12.032	0.18	9.0	0.0	1.0	1.0
25	1	364	12.0	0.0	9.0	0.0	1.0	1.0
25	1	358	11.935	0.25	9.032	0.18	1.0	1.0
25	1	352	11.677	0.475	9.0	0.0	1.0	1.0
25	1	346	11.226	0.425	9.097	0.301	1.0	1.0
25	1	340	11.065	0.25	9.0	0.0	1.0	1.0
25	1	334	11.0	0.0	9.097	0.301	1.0	1.0
25	1	328	11.0	0.0	9.387	0.495	1.0	1.0
25	1	322	10.968	0.18	9.387	0.495	1.0	1.0
25	1	316	10.806	0.402	9.419	0.502	1.0	1.0
25	1	310	10.323	0.475	9.645	0.486	1.0	1.0
25	1	304	10.032	0.18	9.677	0.475	1.0	1.0
25	1	298	10.0	0.0	9.742	0.445	1.0	1.0
25	1	292	10.0	0.0	10.0	0.0	1.0	1.0
25	1	286	9.903	0.301	9.903	0.301	1.0	1.0
25	1	280	9.581	0.502	9.935	0.25	1.0	1.0
25	1	274	9.226	0.425	9.968	0.18	1.0	1.0
25	1	268	9.0	0.0	10.0	0.0	1.0	1.0
25	1	262	9.0	0.0	10.0	0.0	1.0	1.0
25	1	256	8.903	0.301	9.968	0.18	1.0	1.0
25	1	250	8.677	0.475	10.0	0.0	1.0	1.0
25	1	244	8.194	0.402	10.0	0.0	1.0	1.0
25	1	238	8.0	0.0	10.0	0.0	1.0	1.0
25	1	232	8.0	0.0	10.0	0.0	1.0	1.0
25	1	226	8.0	0.0	10.0	0.0	1.0	1.0
25	1	220	7.742	0.445	10.0	0.0	1.0	1.0
25	1	214	7.065	0.25	10.0	0.0	1.0	1.0
25	1	208	7.0	0.0	10.0	0.0	1.0	1.0
25	1	202	7.0	0.0	10.0	0.0	1.0	1.0
25	1	196	7.0	0.0	10.0	0.0	1.0	1.0
25	1	190	6.71	0.461	10.065	0.25	1.0	1.0
25	1	184	6.097	0.301	10.065	0.25	1.0	1.0
25	1	178	6.0	0.0	10.387	0.495	1.0	1.0
25	1	172	6.0	0.0	10.645	0.486	1.0	1.0
25	1	166	5.871	0.341	11.0	0.0	1.0	1.0
25	1	160	5.387	0.495	10.935	0.25	1.0	1.0
25	1	154	5.0	0.0	11.0	0.0	1.0	1.0
25	1	148	5.0	0.0	11.0	0.0	1.0	1.0
25	1	142	5.0	0.0	11.0	0.0	1.0	1.0
25	1	136	4.645	0.486	11.097	0.301	1.0	1.0
25	1	130	4.097	0.301	11.516	0.508	1.0	1.0
25	1	124	4.0	0.0	12.0	0.0	1.0	1.0
25	1	118	4.0	0.0	12.0	0.0	1.0	1.0
25	1	112	3.871	0.341	12.129	0.341	1.0	1.0
25	1	106	3.226	0.425	12.839	0.374	1.0	1.0
25	1	100	3.0	0.0	13.097	0.301	1.0	1.0
25	1	77	2.032	0.18	15.645	0.551	1.0	1.0
25	1	74	2.0	0.0	16.29	0.643	1.0	1.0
25	1	71	2.0	0.0	16.903	0.539	1.0	1.0
25	1	68	1.645	0.486	17.871	0.67	1.0	1.0
25	1	65	1.129	0.341	19.097	1.012	1.0	1.0
25	1	62	1.0	0.277	21.267	1.799	0.839	0.968
25	1	59	0.577	0.504	22.5	1.96	0.484	0.645
25	1	56	0.0	0.0	24.0	0.0	0.0	0.032
25	1	53	0.0	0.0	nan	nan	0.0	0.0
25	1	50	0.0	0.0	nan	nan	0.0	0.0
25	1	47	0.0	0.0	nan	nan	0.0	0.0
25	1	44	0.0	0.0	nan	nan	0.0	0.0
26	1	454	21.355	0.486	10.548	0.506	1.0	1.0
26	1	448	21.161	0.374	10.645	0.486	1.0	1.0
26	1	442	21.032	0.18	10.613	0.495	1.0	1.0
26	1	436	21.0	0.0	10.71	0.461	1.0	1.0
26	1	430	20.839	0.374	10.806	0.402	1.0	1.0
26	1	424	20.71	0.461	10.806	0.402	1.0	1.0
26	1	418	20.161	0.374	10.903	0.301	1.0	1.0
26	1	412	20.0	0.0	10.935	0.25	1.0	1.0
26	1	406	20.0	0.0	10.935	0.25	1.0	1.0
26	1	400	19.774	0.425	10.968	0.18	1.0	1.0
26	1	394	19.323	0.475	11.0	0.0	1.0	1.0
26	1	388	19.194	0.402	11.0	0.0	1.0	1.0
26	1	382	19.0	0.0	11.0	0.0	1.0	1.0
26	1	376	18.968	0.18	10.935	0.25	1.0	1.0
26	1	370	18.871	0.341	11.0	0.0	1.0	1.0
26	1	364	18.581	0.502	10.968	0.18	1.0	1.0
26	1	358	18.161	0.374	11.0	0.0	1.0	1.0
26	1	352	18.097	0.301	10.968	0.18	1.0	1.0
26	1	346	17.903	0.301	11.0	0.0	1.0	1.0
26	1	340	17.742	0.445	11.0	0.0	1.0	1.0
26	1	334	17.355	0.486	11.0	0.0	1.0	1.0
26	1	328	17.032	0.18	11.0	0.0	1.0	1.0
26	1	322	16.968	0.18	11.0	0.0	1.0	1.0
26	1	316	16.839	0.374	11.0	0.0	1.0	1.0
26	1	310	16.097	0.301	11.0	0.0	1.0	1.0
26	1	304	16.0	0.0	11.0	0.0	1.0	1.0
26	1	298	16.0	0.0	11.0	0.0	1.0	1.0
26	1	292	15.645	0.486	11.0	0.0	1.0	1.0
26	1	286	15.355	0.486	11.0	0.0	1.0	1.0
26	1	280	14.968	0.18	11.0	0.0	1.0	1.0
26	1	274	14.871	0.341	11.0	0.0	1.0	1.0
26	1	268	14.419	0.502	11.0	0.0	1.0	1.0
26	1	262	14.065	0.25	11.0	0.0	1.0	1.0
26	1	256	13.968	0.18	11.0	0.0	1.0	1.0
26	1	250	13.645	0.486	11.0	0.0	1.0	1.0
26	1	244	13.065	0.25	11.0	0.0	1.0	1.0
26	1	238	13.0	0.0	11.032	0.18	1.0	1.0
26	1	232	12.871	0.341	11.065	0.25	1.0	1.0
26	1	226	12.065	0.25	11.097	0.301	1.0	1.0
26	1	220	12.0	0.0	11.323	0.475	1.0	1.0
26	1	214	11.742	0.445	11.839	0.374	1.0	1.0
26	1	208	11.226	0.425	11.742	0.445	1.0	1.0
26	1	202	11.032	0.18	11.968	0.18	1.0	1.0
26	1	196	10.935	0.25	12.0	0.0	1.0	1.0
26	1	190	10.355	0.486	12.0	0.0	1.0	1.0
26	1	184	10.0	0.0	12.0	0.0	1.0	1.0
26	1	178	9.871	0.341	12.0	0.0	1.0	1.0
26	1	172	9.29	0.461	12.0	0.0	1.0	1.0
26	1	166	9.0	0.0	12.032	0.18	1.0	1.0
26	1	160	8.903	0.301	12.258	0.445	1.0	1.0
26	1	154	8.355	0.486	12.581	0.502	1.0	1.0
26	1	148	8.0	0.0	13.0	0.0	1.0	1.0
26	1	142	7.839	0.374	13.0	0.0	1.0	1.0
26	1	136	7.065	0.25	13.032	0.18	1.0	1.0
26	1	130	7.0	0.0	13.194	0.402	1.0	1.0
26	1	124	6.806	0.402	13.839	0.374	1.0	1.0
26	1	118	6.097	0.301	14.065	0.25	1.0	1.0
26	1	112	6.0	0.0	14.226	0.425	1.0	1.0
26	1	106	5.613	0.495	14.935	0.25	1.0	1.0
26	1	100	5.032	0.18	15.065	0.25	1.0	1.0
26	1	77	3.065	0.574	18.903	0.79	1.0	1.0
26	1	74	2.355	0.486	19.968	0.657	1.0	1.0
26	1	71	2.161	0.374	21.161	0.934	1.0	1.0
26	1	68	2.0	0.0	22.581	0.992	1.0	1.0
26	1	65	2.0	0.0	24.419	1.089	1.0	1.0
26	1	62	1.935	0.25	27.258	2.394	1.0	1.0
26	1	59	1.357	0.78	31.385	3.008	0.742	0.839
26	1	56	0.111	0.32	34.571	3.505	0.097	0.226
26	1	53	0.0	0.0	nan	nan	0.0	0.0
26	1	50	0.0	0.0	nan	nan	0.0	0.0
26	1	47	0.0	0.0	nan	nan	0.0	0.0
26	1	44	0.0	0.0	nan	nan	0.0	0.0
27	1	454	22.194	0.402	10.903	0.301	1.0	1.0
27	1	448	22.065	0.25	10.903	0.301	1.0	1.0
27	1	442	21.935	0.25	10.903	0.301	1.0	1.0
27	1	436	21.71	0.461	10.839	0.374	1.0	1.0
27	1	430	21.613	0.495	10.935	0.25	1.0	1.0
27	1	424	21.29	0.461	10.935	0.25	1.0	1.0
27	1	418	21.0	0.0	10.968	0.18	1.0	1.0
27	1	412	21.0	0.0	10.935	0.25	1.0	1.0
27	1	406	20.645	0.486	11.0	0.0	1.0	1.0
27	1	400	20.548	0.506	10.935	0.25	1.0	1.0
27	1	394	20.129	0.341	11.0	0.0	1.0	1.0
27	1	388	20.032	0.18	10.968	0.18	1.0	1.0
27	1	382	19.839	0.374	11.0	0.0	1.0	1.0
27	1	376	19.677	0.475	11.0	0.0	1.0	1.0
27	1	370	19.226	0.425	11.0	0.0	1.0	1.0
27	1	364	18.968	0.18	11.0	0.0	1.0	1.0
27	1	358	18.935	0.25	11.0	0.0	1.0	1.0
27	1	352	18.484	0.508	10.968	0.18	1.0	1.0
27	1	346	18.226	0.425	11.0	0.0	1.0	1.0
27	1	340	18.0	0.258	11.0	0.0	1.0	1.0
27	1	334	17.935	0.25	11.0	0.0	1.0	1.0
27	1	328	17.516	0.508	11.0	0.0	1.0	1.0
27	1	322	17.194	0.402	11.0	0.0	1.0	1.0
27	1	316	16.968	0.18	11.0	0.0	1.0	1.0
27	1	310	16.742	0.445	11.0	0.0	1.0	1.0
27	1	304	16.419	0.502	11.0	0.0	1.0	1.0
27	1	298	16.065	0.25	11.0	0.0	1.0	1.0
27	1	292	15.903	0.301	11.0	0.0	1.0	1.0
27	1	286	15.677	0.475	11.0	0.0	1.0	1.0
27	1	280	15.097	0.301	11.0	0.0	1.0	1.0
27	1	274	14.935	0.25	11.0	0.0	1.0	1.0
27	1	268	14.742	0.445	11.0	0.0	1.0	1.0
27	1	262	14.097	0.301	11.0	0.0	1.0	1.0
27	1	256	14.032	0.18	11.065	0.25	1.0	1.0
27	1	250	13.645	0.486	11.065	0.25	1.0	1.0
27	1	244	13.194	0.402	11.065	0.25	1.0	1.0
27	1	238	13.0	0.0	11.226	0.425	1.0	1.0
27	1	232	12.903	0.301	11.355	0.486	1.0	1.0
27	1	226	12.161	0.374	11.323	0.475	1.0	1.0
27	1	220	12.0	0.0	11.484	0.508	1.0	1.0
27	1	214	11.871	0.428	11.645	0.486	1.0	1.0
27	1	208	11.226	0.425	11.871	0.341	1.0	1.0
27	1	202	11.0	0.0	11.968	0.18	1.0	1.0
27	1	196	10.774	0.425	11.968	0.18	1.0	1.0
27	1	190	10.129	0.341	12.0	0.0	1.0	1.0
27	1	184	9.968	0.18	12.0	0.0	1.0	1.0
27	1	178	9.774	0.425	12.0	0.0	1.0	1.0
27	1	172	9.097	0.301	12.065	0.25	1.0	1.0
27	1	166	8.935	0.25	12.097	0.301	1.0	1.0
27	1	160	8.452	0.506	12.323	0.475	1.0	1.0
27	1	154	8.065	0.25	12.677	0.475	1.0	1.0
27	1	148	7.742	0.445	12.871	0.341	1.0	1.0
27	1	142	7.258	0.445	13.0	0.0	1.0	1.0
27	1	136	7.0	0.0	13.032	0.18	1.0	1.0
27	1	130	6.742	0.445	13.129	0.341	1.0	1.0
27	1	124	6.032	0.18	13.548	0.506	1.0	1.0
27	1	118	5.968	0.18	13.935	0.25	1.0	1.0
27	1	112	5.323	0.475	14.0	0.258	1.0	1.0
27	1	106	5.032	0.18	14.323	0.475	1.0	1.0
27	1	100	4.903	0.301	14.968	0.315	1.0	1.0
27	1	77	2.839	0.523	18.032	0.547	1.0	1.0
27	1	74	2.161	0.454	18.71	0.783	1.0	1.0
27	1	71	1.903	0.396	19.581	0.672	1.0	1.0
27	1	68	1.548	0.506	20.903	0.87	1.0	1.0
27	1	65	1.097	0.396	22.833	1.416	0.968	0.968
27	1	62	0.935	0.359	24.929	1.654	0.903	0.903
27	1	59	0.194	0.402	26.167	2.137	0.194	0.194
27	1	56	0.0	0.0	nan	nan	0.0	0.0
27	1	53	0.0	0.0	nan	nan	0.0	0.0
27	1	50	0.0	0.0	nan	nan	0.0	0.0
27	1	47	0.0	0.0	nan	nan	0.0	0.0
27	1	44	0.0	0.0	nan	nan	0.0	0.0
28	1	454	22.0	0.258	9.0	0.0	1.0	1.0
28	1	448	21.935	0.25	9.0	0.0	1.0	1.0
28	1	442	21.71	0.461	9.0	0.0	1.0	1.0
28	1	436	21.581	0.502	9.0	0.0	1.0	1.0
28	1	430	21.258	0.445	9.0	0.0	1.0	1.0
28	1	424	21.032	0.18	9.0	0.0	1.0	1.0
28	1	418	21.0	0.0	9.0	0.0	1.0	1.0
28	1	412	20.871	0.341	9.0	0.0	1.0	1.0
28	1	406	20.452	0.506	9.0	0.0	1.0	1.0
28	1	400	20.065	0.25	9.0	0.0	1.0	1.0
28	1	394	20.0	0.0	9.0	0.0	1.0	1.0
28	1	388	19.903	0.301	9.0	0.0	1.0	1.0
28	1	382	19.613	0.495	9.0	0.0	1.0	1.0
28	1	376	19.29	0.461	9.0	0.0	1.0	1.0
28	1	370	19.032	0.18	9.0	0.0	1.0	1.0
28	1	364	18.935	0.25	9.0	0.0	1.0	1.0
28	1	358	18.774	0.425	9.0	0.0	1.0	1.0
28	1	352	18.29	0.461	9.065	0.25	1.0	1.0
28	1	346	18.0	0.0	9.0	0.0	1.0	1.0
28	1	340	17.806	0.402	9.097	0.301	1.0	1.0
28	1	334	17.581	0.502	9.097	0.301	1.0	1.0
28	1	328	17.097	0.301	9.194	0.402	1.0	1.0
28	1	322	17.065	0.25	9.161	0.374	1.0	1.0
28	1	316	16.935	0.25	9.258	0.445	1.0	1.0
28	1	310	16.581	0.502	9.484	0.508	1.0	1.0
28	1	304	16.129	0.341	9.613	0.495	1.0	1.0
28	1	298	15.935	0.25	9.677	0.475	1.0	1.0
28	1	292	15.774	0.425	9.839	0.374	1.0	1.0
28	1	286	15.097	0.301	9.903	0.301	1.0	1.0
28	1	280	15.032	0.18	10.0	0.0	1.0	1.0
28	1	274	14.839	0.374	10.0	0.0	1.0	1.0
28	1	268	14.323	0.475	10.0	0.0	1.0	1.0
28	1	262	14.097	0.301	10.0	0.0	1.0	1.0
28	1	256	13.968	0.18	10.0	0.0	1.0	1.0
28	1	250	13.355	0.486	10.0	0.0	1.0	1.0
28	1	244	13.0	0.0	10.0	0.0	1.0	1.0
28	1	238	12.935	0.25	10.0	0.0	1.0	1.0
28	1	232	12.419	0.502	10.0	0.0	1.0	1.0
28	1	226	12.065	0.25	10.0	0.0	1.0	1.0
28	1	220	12.0	0.0	10.0	0.0	1.0	1.0
28	1	214	11.548	0.506	10.0	0.0	1.0	1.0
28	1	208	11.0	0.0	10.0	0.0	1.0	1.0
28	1	202	10.935	0.25	10.0	0.0	1.0	1.0
28	1	196	10.194	0.402	10.0	0.0	1.0	1.0
28	1	190	10.0	0.0	10.0	0.0	1.0	1.0
28	1	184	9.839	0.374	10.032	0.18	1.0	1.0
28	1	178	9.387	0.495	10.258	0.445	1.0	1.0
28	1	172	9.0	0.0	10.677	0.475	1.0	1.0
28	1	166	8.839	0.374	10.935	0.25	1.0	1.0
28	1	160	8.129	0.341	11.0	0.0	1.0	1.0
28	1	154	7.968	0.18	11.0	0.0	1.0	1.0
28	1	148	7.677	0.475	11.0	0.0	1.0	1.0
28	1	142	7.0	0.0	11.0	0.0	1.0	1.0
28	1	136	6.968	0.18	11.097	0.301	1.0	1.0
28	1	130	6.548	0.506	11.548	0.506	1.0	1.0
28	1	124	6.0	0.0	11.935	0.25	1.0	1.0
28	1	118	5.935	0.25	12.0	0.0	1.0	1.0
28	1	112	5.065	0.25	12.387	0.495	1.0	1.0
28	1	106	4.968	0.18	12.839	0.374	1.0	1.0
28	1	100	4.452	0.506	12.968	0.18	1.0	1.0
28	1	77	3.0	0.0	15.742	0.445	1.0	1.0
28	1	74	2.935	0.25	16.29	0.529	1.0	1.0
28	1	71	2.419	0.564	17.032	0.482	1.0	1.0
28	1	68	1.742	0.445	17.903	0.597	1.0	1.0
28	1	65	1.194	0.402	19.161	1.068	1.0	1.0
28	1	62	1.0	0.0	21.065	1.459	1.0	1.0
28	1	59	0.759	0.435	24.042	1.197	0.71	0.774
28	1	56	0.0	0.0	nan	nan	0.0	0.0
28	1	53	0.0	0.0	nan	nan	0.0	0.0
28	1	50	0.0	0.0	nan	nan	0.0	0.0
28	1	47	0.0	0.0	nan	nan	0.0	0.0
28	1	44	0.0	0.0	nan	nan	0.0	0.0
29	1	454	17.806	0.402	10.0	0.0	1.0	1.0
29	1	448	17.548	0.506	10.0	0.0	1.0	1.0
29	1	442	17.323	0.475	10.0	0.0	1.0	1.0
29	1	436	17.032	0.18	10.0	0.0	1.0	1.0
29	1	430	17.032	0.18	10.0	0.0	1.0	1.0
29	1	424	17.0	0.0	10.0	0.0	1.0	1.0
29	1	418	16.903	0.301	10.0	0.0	1.0	1.0
29	1	412	16.806	0.402	10.0	0.0	1.0	1.0
29	1	406	16.29	0.461	10.0	0.0	1.0	1.0
29	1	400	16.226	0.425	10.0	0.0	1.0	1.0
29	1	394	16.032	0.18	10.0	0.0	1.0	1.0
29	1	388	16.0	0.0	10.0	0.0	1.0	1.0
29	1	382	16.0	0.0	10.0	0.0	1.0	1.0
29	1	376	15.935	0.25	10.0	0.0	1.0	1.0
29	1	370	15.484	0.508	10.0	0.0	1.0	1.0
29	1	364	15.065	0.25	10.0	0.0	1.0	1.0
29	1	358	15.0	0.0	10.0	0.0	1.0	1.0
29	1	352	15.0	0.0	10.0	0.0	1.0	1.0
29	1	346	15.0	0.0	10.0	0.0	1.0	1.0
29	1	340	14.71	0.461	10.0	0.0	1.0	1.0
29	1	334	14.323	0.475	10.0	0.0	1.0	1.0
29	1	328	14.0	0.0	10.0	0.0	1.0	1.0
29	1	322	14.0	0.0	10.0	0.0	1.0	1.0
29	1	316	14.0	0.0	10.0	0.0	1.0	1.0
29	1	310	13.774	0.425	10.0	0.0	1.0	1.0
29	1	304	13.194	0.402	10.0	0.0	1.0	1.0
29	1	298	13.0	0.0	10.0	0.0	1.0	1.0
29	1	292	13.0	0.0	10.0	0.0	1.0	1.0
29	1	286	12.903	0.301	10.0	0.0	1.0	1.0
29	1	280	12.419	0.502	10.0	0.0	1.0	1.0
29	1	274	12.032	0.18	10.0	0.0	1.0	1.0
29	1	268	12.0	0.0	10.0	0.0	1.0	1.0
29	1	262	11.935	0.25	10.0	0.0	1.0	1.0
29	1	256	11.677	0.475	10.0	0.0	1.0	1.0
29	1	250	11.161	0.374	10.0	0.0	1.0	1.0
29	1	244	11.032	0.18	10.0	0.0	1.0	1.0
29	1	238	11.0	0.0	10.065	0.25	1.0	1.0
29	1	232	10.742	0.445	10.258	0.445	1.0	1.0
29	1	226	10.097	0.301	10.645	0.486	1.0	1.0
29	1	220	10.0	0.0	10.742	0.445	1.0	1.0
29	1	214	10.0	0.0	10.968	0.18	1.0	1.0
29	1	208	9.677	0.475	10.968	0.18	1.0	1.0
29	1	202	9.032	0.18	11.0	0.0	1.0	1.0
29	1	196	9.0	0.0	11.0	0.0	1.0	1.0
29	1	190	8.968	0.18	11.0	0.0	1.0	1.0
29	1	184	8.452	0.506	11.0	0.0	1.0	1.0
29	1	178	8.0	0.0	11.0	0.0	1.0	1.0
29	1	172	8.0	0.0	11.0	0.0	1.0	1.0
29	1	166	7.839	0.374	11.0	0.0	1.0	1.0
29	1	160	7.097	0.301	11.226	0.425	1.0	1.0
29	1	154	7.0	0.0	11.484	0.508	1.0	1.0
29	1	148	7.0	0.0	11.968	0.18	1.0	1.0
29	1	142	6.387	0.495	11.968	0.18	1.0	1.0
29	1	136	6.0	0.0	12.0	0.0	1.0	1.0
29	1	130	5.968	0.18	12.097	0.301	1.0	1.0
29	1	124	5.806	0.402	12.516	0.508	1.0	1.0
29	1	118	5.097	0.301	12.968	0.18	1.0	1.0
29	1	112	5.0	0.0	13.032	0.18	1.0	1.0
29	1	106	5.0	0.0	13.355	0.486	1.0	1.0
29	1	100	4.258	0.445	14.0	0.0	1.0	1.0
29	1	77	3.032	0.18	16.774	0.56	1.0	1.0
29	1	74	2.935	0.25	17.516	0.996	1.0	1.0
29	1	71	2.548	0.506	18.194	0.543	1.0	1.0
29	1	68	2.065	0.25	19.581	0.886	1.0	1.0
29	1	65	1.968	0.18	21.548	1.362	1.0	1.0
29	1	62	1.452	0.506	24.129	2.668	1.0	1.0
29	1	59	1.065	0.25	27.065	2.898	1.0	1.0
29	1	56	0.267	0.45	31.333	1.936	0.258	0.29
29	1	53	0.0	0.0	nan	nan	0.0	0.0
29	1	50	0.0	0.0	nan	nan	0.0	0.0
29	1	47	0.0	0.0	nan	nan	0.0	0.0
29	1	44	0.0	0.0	nan	nan	0.0	0.0
30	1	454	17.871	0.341	10.0	0.0	1.0	1.0
30	1	448	17.839	0.374	10.0	0.0	1.0	1.0
30	1	442	17.645	0.486	10.0	0.0	1.0	1.0
30	1	436	17.355	0.486	10.0	0.0	1.0	1.0
30	1	430	17.065	0.25	10.0	0.0	1.0	1.0
30	1	424	17.065	0.25	10.0	0.0	1.0	1.0
30	1	418	16.968	0.18	10.0	0.0	1.0	1.0
30	1	412	16.903	0.301	10.0	0.0	1.0	1.0
30	1	406	16.613	0.495	10.0	0.0	1.0	1.0
30	1	400	16.226	0.425	10.0	0.0	1.0	1.0
30	1	394	16.129	0.341	10.0	0.0	1.0	1.0
30	1	388	16.0	0.0	10.0	0.0	1.0	1.0
30	1	382	16.0	0.0	10.0	0.0	1.0	1.0
30	1	376	15.871	0.341	10.0	0.0	1.0	1.0
30	1	370	15.548	0.506	10.0	0.0	1.0	1.0
30	1	364	15.129	0.341	10.0	0.0	1.0	1.0
30	1	358	15.0	0.0	10.0	0.0	1.0	1.0
30	1	352	15.0	0.0	10.0	0.0	1.0	1.0
30	1	346	14.935	0.25	10.0	0.0	1.0	1.0
30	1	340	14.742	0.445	10.032	0.18	1.0	1.0
30	1	334	14.387	0.495	10.0	0.0	1.0	1.0
30	1	328	14.032	0.18	10.032	0.18	1.0	1.0
30	1	322	14.0	0.0	10.0	0.0	1.0	1.0
30	1	316	13.968	0.18	10.129	0.341	1.0	1.0
30	1	310	13.677	0.475	10.194	0.402	1.0	1.0
30	1	304	13.194	0.402	10.355	0.486	1.0	1.0
30	1	298	13.0	0.0	10.645	0.486	1.0	1.0
30	1	292	13.0	0.0	10.677	0.475	1.0	1.0
30	1	286	12.903	0.301	10.839	0.374	1.0	1.0
30	1	280	12.29	0.461	10.806	0.402	1.0	1.0
30	1	274	12.032	0.18	11.0	0.0	1.0	1.0
30	1	268	12.0	0.0	10.968	0.18	1.0	1.0
30	1	262	11.935	0.25	11.0	0.0	1.0	1.0
30	1	256	11.516	0.508	10.968	0.18	1.0	1.0
30	1	250	11.129	0.341	11.0	0.0	1.0	1.0
30	1	244	11.0	0.0	11.0	0.0	1.0	1.0
30	1	238	10.903	0.301	11.0	0.0	1.0	1.0
30	1	232	10.419	0.502	11.0	0.0	1.0	1.0
30	1	226	10.065	0.25	11.0	0.0	1.0	1.0
30	1	220	10.0	0.0	11.0	0.0	1.0	1.0
30	1	214	9.806	0.402	11.0	0.0	1.0	1.0
30	1	208	9.258	0.445	11.0	0.0	1.0	1.0
30	1	202	9.0	0.0	11.0	0.0	1.0	1.0
30	1	196	8.935	0.25	11.0	0.0	1.0	1.0
30	1	190	8.71	0.461	11.129	0.341	1.0	1.0
30	1	184	8.194	0.402	11.258	0.445	1.0	1.0
30	1	178	8.0	0.0	11.742	0.445	1.0	1.0
30	1	172	7.871	0.341	11.871	0.341	1.0	1.0
30	1	166	7.226	0.425	12.0	0.0	1.0	1.0
30	1	160	7.0	0.0	12.0	0.0	1.0	1.0
30	1	154	6.968	0.18	12.0	0.0	1.0	1.0
30	1	148	6.484	0.508	12.0	0.0	1.0	1.0
30	1	142	6.097	0.301	12.161	0.374	1.0	1.0
30	1	136	6.0	0.0	12.742	0.445	1.0	1.0
30	1	130	5.806	0.402	13.0	0.0	1.0	1.0
30	1	124	5.258	0.445	13.0	0.0	1.0	1.0
30	1	118	5.0	0.0	13.194	0.402	1.0	1.0
30	1	112	4.903	0.301	13.871	0.341	1.0	1.0
30	1	106	4.484	0.508	14.032	0.18	1.0	1.0
30	1	100	4.0	0.0	14.613	0.495	1.0	1.0
30	1	77	2.774	0.425	17.677	0.653	1.0	1.0
30	1	74	2.29	0.461	18.677	0.748	1.0	1.0
30	1	71	1.839	0.454	19.548	0.85	1.0	1.0
30	1	68	1.581	0.502	20.968	0.836	1.0	1.0
30	1	65	1.065	0.25	22.774	1.257	1.0	1.0
30	1	62	1.0	0.0	24.839	1.393	1.0	1.0
30	1	59	0.567	0.504	28.222	2.84	0.548	0.581
30	1	56	0.0	0.0	nan	nan	0.0	0.0
30	1	53	0.0	0.0	nan	nan	0.0	0.0
30	1	50	0.0	0.0	nan	nan	0.0	0.0
30	1	47	0.0	0.0	nan	nan	0.0	0.0
30	1	44	0.0	0.0	nan	nan	0.0	0.0
31	1	454	15.0	0.0	10.0	0.0	1.0	1.0
31	1	448	15.0	0.0	10.0	0.0	1.0	1.0
31	1	442	14.935	0.25	10.0	0.0	1.0	1.0
31	1	436	14.774	0.425	10.0	0.0	1.0	1.0
31	1	430	14.484	0.508	10.0	0.0	1.0	1.0
31	1	424	14.258	0.445	10.0	0.0	1.0	1.0
31	1	418	14.065	0.25	10.0	0.0	1.0	1.0
31	1	412	14.032	0.18	10.0	0.0	1.0	1.0
31	1	406	14.0	0.0	10.0	0.0	1.0	1.0
31	1	400	13.935	0.25	10.0	0.0	1.0	1.0
31	1	394	13.839	0.374	10.0	0.0	1.0	1.0
31	1	388	13.581	0.502	10.0	0.0	1.0	1.0
31	1	382	13.581	0.502	10.0	0.0	1.0	1.0
31	1	376	13.29	0.461	10.0	0.0	1.0	1.0
31	1	370	13.0	0.0	10.0	0.0	1.0	1.0
31	1	364	13.0	0.0	10.0	0.0	1.0	1.0
31	1	358	12.968	0.18	10.0	0.0	1.0	1.0
31	1	352	12.806	0.402	10.0	0.0	1.0	1.0
31	1	346	12.645	0.486	10.0	0.0	1.0	1.0
31	1	340	12.194	0.402	10.0	0.0	1.0	1.0
31	1	334	12.0	0.0	10.0	0.0	1.0	1.0
31	1	328	12.0	0.0	10.0	0.0	1.0	1.0
31	1	322	12.0	0.0	10.0	0.0	1.0	1.0
31	1	316	11.806	0.402	10.0	0.0	1.0	1.0
31	1	310	11.387	0.495	10.0	0.0	1.0	1.0
31	1	304	11.032	0.18	10.0	0.0	1.0	1.0
31	1	298	11.032	0.18	10.0	0.0	1.0	1.0
31	1	292	11.0	0.0	10.0	0.0	1.0	1.0
31	1	286	11.0	0.0	10.0	0.0	1.0	1.0
31	1	280	10.71	0.461	10.0	0.0	1.0	1.0
31	1	274	10.226	0.425	10.0	0.0	1.0	1.0
31	1	268	10.0	0.0	10.0	0.0	1.0	1.0
31	1	262	10.0	0.0	10.0	0.0	1.0	1.0
31	1	256	10.0	0.0	10.0	0.0	1.0	1.0
31	1	250	9.677	0.475	10.032	0.18	1.0	1.0
31	1	244	9.129	0.341	10.129	0.341	1.0	1.0
31	1	238	9.0	0.0	10.226	0.425	1.0	1.0
31	1	232	9.0	0.0	10.452	0.506	1.0	1.0
31	1	226	8.935	0.25	10.774	0.425	1.0	1.0
31	1	220	8.645	0.486	10.806	0.402	1.0	1.0
31	1	214	8.194	0.402	10.871	0.341	1.0	1.0
31	1	208	8.0	0.0	11.0	0.0	1.0	1.0
31	1	202	8.0	0.0	11.0	0.0	1.0	1.0
31	1	196	7.871	0.341	11.0	0.0	1.0	1.0
31	1	190	7.129	0.341	11.0	0.0	1.0	1.0
31	1	184	7.0	0.0	11.0	0.0	1.0	1.0
31	1	178	7.0	0.0	11.0	0.0	1.0	1.0
31	1	172	7.0	0.0	11.0	0.0	1.0	1.0
31	1	166	6.419	0.502	11.032	0.18	1.0	1.0
31	1	160	6.032	0.18	11.452	0.506	1.0	1.0
31	1	154	6.0	0.0	11.871	0.341	1.0	1.0
31	1	148	6.0	0.0	11.968	0.18	1.0	1.0
31	1	142	5.484	0.508	12.0	0.0	1.0	1.0
31	1	136	5.129	0.341	12.0	0.0	1.0	1.0
31	1	130	5.0	0.0	12.161	0.374	1.0	1.0
31	1	124	5.0	0.0	12.71	0.461	1.0	1.0
31	1	118	4.516	0.508	12.968	0.18	1.0	1.0
31	1	112	4.065	0.25	13.097	0.301	1.0	1.0
31	1	106	4.0	0.0	13.677	0.475	1.0	1.0
31	1	100	4.0	0.0	14.065	0.359	1.0	1.0
31	1	77	2.968	0.18	17.065	0.629	1.0	1.0
31	1	74	2.71	0.529	17.71	0.693	1.0	1.0
31	1	71	1.71	0.783	18.677	0.832	1.0	1.0
31	1	68	1.032	0.18	19.871	0.846	1.0	1.0
31	1	65	1.0	0.0	21.871	1.31	1.0	1.0
31	1	62	1.0	0.0	24.065	1.263	1.0	1.0
31	1	59	0.806	0.402	26.8	2.986	0.806	0.806
31	1	56	0.0	0.0	nan	nan	0.0	0.0
31	1	53	0.0	0.0	nan	nan	0.0	0.0
31	1	50	0.0	0.0	nan	nan	0.0	0.0
31	1	47	0.0	0.0	nan	nan	0.0	0.0
31	1	44	0.0	0.0	nan	nan	0.0	0.0
0	2	454	19.871	0.341	9.0	0.0	1.0	1.0
0	2	448	19.548	0.506	9.0	0.0	1.0	1.0
0	2	442	19.226	0.425	9.0	0.0	1.0	1.0
0	2	436	19.097	0.301	9.0	0.0	1.0	1.0
0	2	430	19.065	0.25	9.0	0.0	1.0	1.0
0	2	424	19.032	0.18	9.0	0.0	1.0	1.0
0	2	418	18.968	0.18	9.0	0.0	1.0	1.0
0	2	412	18.71	0.461	9.0	0.0	1.0	1.0
0	2	406	18.419	0.502	9.0	0.0	1.0	1.0
0	2	400	18.258	0.445	9.0	0.0	1.0	1.0
0	2	394	18.065	0.25	9.0	0.0	1.0	1.0
0	2	388	17.968	0.18	9.0	0.0	1.0	1.0
0	2	382	17.839	0.374	9.0	0.0	1.0	1.0
0	2	376	17.71	0.461	9.0	0.0	1.0	1.0
0	2	370	17.226	0.425	9.0	0.0	1.0	1.0
0	2	364	17.032	0.18	9.0	0.0	1.0	1.0
0	2	358	17.0	0.258	9.0	0.0	1.0	1.0
0	2	352	16.903	0.301	9.0	0.0	1.0	1.0
0	2	346	16.871	0.341	9.032	0.18	1.0	1.0
0	2	340	16.258	0.445	9.0	0.0	1.0	1.0
0	2	334	16.065	0.25	9.0	0.0	1.0	1.0
0	2	328	16.0	0.258	9.0	0.0	1.0	1.0
0	2	322	15.871	0.341	9.0	0.0	1.0	1.0
0	2	316	15.581	0.502	9.0	0.0	1.0	1.0
0	2	310	15.258	0.445	9.097	0.301	1.0	1.0
0	2	304	15.0	0.0	9.032	0.18	1.0	1.0
0	2	298	14.968	0.18	9.194	0.402	1.0	1.0
0	2	292	14.806	0.402	9.323	0.475	1.0	1.0
0	2	286	14.194	0.402	9.581	0.502	1.0	1.0
0	2	280	14.032	0.18	9.677	0.475	1.0	1.0
0	2	274	13.968	0.18	9.839	0.374	1.0	1.0
0	2	268	13.742	0.445	9.968	0.18	1.0	1.0
0	2	262	13.226	0.425	10.0	0.0	1.0	1.0
0	2	256	13.032	0.18	9.935	0.25	1.0	1.0
0	2	250	12.968	0.18	10.0	0.0	1.0	1.0
0	2	244	12.581	0.502	10.0	0.0	1.0	1.0
0	2	238	12.194	0.402	10.0	0.0	1.0	1.0
0	2	232	12.0	0.0	10.0	0.0	1.0	1.0
0	2	226	11.968	0.18	10.0	0.0	1.0	1.0
0	2	220	11.258	0.445	10.0	0.0	1.0	1.0
0	2	214	11.0	0.0	10.0	0.0	1.0	1.0
0	2	208	10.968	0.18	10.0	0.0	1.0	1.0
0	2	202	10.613	0.495	10.0	0.0	1.0	1.0
0	2	196	10.0	0.0	10.0	0.0	1.0	1.0
0	2	190	10.0	0.0	10.0	0.0	1.0	1.0
0	2	184	9.677	0.475	10.0	0.0	1.0	1.0
0	2	178	9.097	0.301	10.194	0.402	1.0	1.0
0	2	172	9.0	0.0	10.71	0.461	1.0	1.0
0	2	166	8.871	0.341	10.968	0.18	1.0	1.0
0	2	160	8.161	0.374	11.0	0.0	1.0	1.0
0	2	154	8.0	0.0	11.0	0.0	1.0	1.0
0	2	148	7.774	0.425	11.0	0.0	1.0	1.0
0	2	142	7.226	0.425	11.032	0.18	1.0	1.0
0	2	136	7.0	0.0	11.645	0.486	1.0	1.0
0	2	130	6.839	0.374	11.935	0.25	1.0	1.0
0	2	124	6.194	0.402	12.032	0.18	1.0	1.0
0	2	118	6.0	0.0	12.29	0.461	1.0	1.0
0	2	112	5.677	0.475	12.742	0.445	1.0	1.0
0	2	106	5.097	0.301	13.097	0.301	1.0	1.0
0	2	100	5.0	0.0	13.871	0.428	1.0	1.0
0	2	77	3.581	0.502	17.097	0.539	1.0	1.0
0	2	74	2.774	0.497	17.903	0.539	1.0	1.0
0	2	71	2.161	0.374	19.129	1.118	1.0	1.0
0	2	68	2.0	0.0	20.387	0.989	1.0	1.0
0	2	65	1.968	0.18	22.935	1.063	1.0	1.0
0	2	62	1.548	0.506	24.935	2.016	1.0	1.0
0	2	59	1.367	0.556	28.633	3.09	0.935	0.968
0	2	56	0.185	0.396	33.333	2.872	0.161	0.29
0	2	53	0.0	0.0	nan	nan	0.0	0.0
0	2	50	0.0	0.0	nan	nan	0.0	0.0
0	2	47	0.0	0.0	nan	nan	0.0	0.0
0	2	44	0.0	0.0	nan	nan	0.0	0.0
1	2	454	13.0	0.0	9.0	0.0	1.0	1.0
1	2	448	13.0	0.0	9.0	0.0	1.0	1.0
1	2	442	13.0	0.0	9.0	0.0	1.0	1.0
1	2	436	13.0	0.0	9.0	0.0	1.0	1.0
1	2	430	12.903	0.301	9.0	0.0	1.0	1.0
1	2	424	12.806	0.402	9.0	0.0	1.0	1.0
1	2	418	12.419	0.502	9.0	0.0	1.0	1.0
1	2	412	12.161	0.374	9.0	0.0	1.0	1.0
1	2	406	12.032	0.18	9.0	0.0	1.0	1.0
1	2	400	12.0	0.0	9.0	0.0	1.0	1.0
1	2	394	12.0	0.0	9.0	0.0	1.0	1.0
1	2	388	11.968	0.18	9.0	0.0	1.0	1.0
1	2	382	12.0	0.0	9.0	0.0	1.0	1.0
1	2	376	11.806	0.402	9.0	0.0	1.0	1.0
1	2	370	11.355	0.486	9.0	0.0	1.0	1.0
1	2	364	11.032	0.18	9.0	0.0	1.0	1.0
1	2	358	11.032	0.18	9.0	0.0	1.0	1.0
1	2	352	11.0	0.0	9.0	0.0	1.0	1.0
1	2	346	11.0	0.0	9.0	0.0	1.0	1.0
1	2	340	11.0	0.0	9.0	0.0	1.0	1.0
1	2	334	10.839	0.374	9.065	0.25	1.0	1.0
1	2	328	10.548	0.506	9.032	0.18	1.0	1.0
1	2	322	10.194	0.402	9.097	0.301	1.0	1.0
1	2	316	10.0	0.0	9.452	0.506	1.0	1.0
1	2	310	10.0	0.0	9.355	0.486	1.0	1.0
1	2	304	10.0	0.0	9.516	0.508	1.0	1.0
1	2	298	9.839	0.374	9.677	0.475	1.0	1.0
1	2	292	9.806	0.402	9.742	0.445	1.0	1.0
1	2	286	9.129	0.341	9.903	0.301	1.0	1.0
1	2	280	9.0	0.0	9.935	0.25	1.0	1.0
1	2	274	9.0	0.0	10.0	0.0	1.0	1.0
1	2	268	9.0	0.0	10.0	0.0	1.0	1.0
1	2	262	8.935	0.25	10.0	0.0	1.0	1.0
1	2	256	8.581	0.502	10.0	0.0	1.0	1.0
1	2	250	8.161	0.374	10.0	0.0	1.0	1.0
1	2	244	8.0	0.0	10.0	0.0	1.0	1.0
1	2	238	8.0	0.0	10.0	0.0	1.0	1.0
1	2	232	8.0	0.0	10.0	0.0	1.0	1.0
1	2	226	7.806	0.402	10.0	0.0	1.0	1.0
1	2	220	7.323	0.475	10.0	0.0	1.0	1.0
1	2	214	7.065	0.25	10.0	0.0	1.0	1.0
1	2	208	7.0	0.0	10.0	0.0	1.0	1.0
1	2	202	7.0	0.0	10.0	0.0	1.0	1.0
1	2	196	6.968	0.18	10.0	0.0	1.0	1.0
1	2	190	6.516	0.508	10.0	0.0	1.0	1.0
1	2	184	6.032	0.18	10.032	0.18	1.0	1.0
1	2	178	6.0	0.0	10.065	0.25	1.0	1.0
1	2	172	6.0	0.0	10.516	0.508	1.0	1.0
1	2	166	5.839	0.374	10.968	0.18	1.0	1.0
1	2	160	5.226	0.425	11.0	0.0	1.0	1.0
1	2	154	5.0	0.0	11.0	0.0	1.0	1.0
1	2	148	5.0	0.0	11.0	0.0	1.0	1.0
1	2	142	5.0	0.0	11.0	0.0	1.0	1.0
1	2	136	4.774	0.425	11.032	0.18	1.0	1.0
1	2	130	4.129	0.341	11.516	0.508	1.0	1.0
1	2	124	4.0	0.0	11.968	0.18	1.0	1.0
1	2	118	4.0	0.0	12.0	0.0	1.0	1.0
1	2	112	3.935	0.25	12.194	0.402	1.0	1.0
1	2	106	3.29	0.461	12.839	0.454	1.0	1.0
1	2	100	3.0	0.0	13.032	0.315	1.0	1.0
1	2	77	2.065	0.25	15.839	0.523	1.0	1.0
1	2	74	2.0	0.0	16.387	0.495	1.0	1.0
1	2	71	2.0	0.0	17.097	0.539	1.0	1.0
1	2	68	1.645	0.486	18.097	0.87	1.0	1.0
1	2	65	1.097	0.301	19.613	1.283	1.0	1.0
1	2	62	1.065	0.25	20.871	1.432	1.0	1.0
1	2	59	0.654	0.485	23.5	1.058	0.548	0.71
1	2	56	0.034	0.186	26.0	0.0	0.032	0.097
1	2	53	0.0	0.0	nan	nan	0.0	0.0
1	2	50	0.0	0.0	nan	nan	0.0	0.0
1	2	47	0.0	0.0	nan	nan	0.0	0.0
1	2	44	0.0	0.0	nan	nan	0.0	0.0
2	2	454	15.0	0.0	9.0	0.0	1.0	1.0
2	2	448	15.0	0.0	9.0	0.0	1.0	1.0
2	2	442	14.968	0.18	9.0	0.0	1.0	1.0
2	2	436	15.0	0.0	9.0	0.0	1.0	1.0
2	2	430	15.0	0.0	9.0	0.0	1.0	1.0
2	2	424	14.839	0.374	9.0	0.0	1.0	1.0
2	2	418	14.548	0.506	9.0	0.0	1.0	1.0
2	2	412	14.194	0.402	9.0	0.0	1.0	1.0
2	2	406	14.032	0.18	9.0	0.0	1.0	1.0
2	2	400	14.0	0.0	9.0	0.0	1.0	1.0
2	2	394	14.0	0.0	9.0	0.0	1.0	1.0
2	2	388	13.968	0.18	9.0	0.0	1.0	1.0
2	2	382	13.935	0.25	9.032	0.18	1.0	1.0
2	2	376	13.613	0.495	9.0	0.0	1.0	1.0
2	2	370	13.161	0.374	9.0	0.0	1.0	1.0
2	2	364	13.0	0.0	9.0	0.0	1.0	1.0
2	2	358	13.0	0.0	9.0	0.0	1.0	1.0
2	2	352	13.0	0.0	9.0	0.0	1.0	1.0
2	2	346	12.968	0.18	9.032	0.18	1.0	1.0
2	2	340	12.548	0.506	9.0	0.0	1.0	1.0
2	2	334	12.032	0.18	9.032	0.18	1.0	1.0
2	2	328	12.032	0.18	9.032	0.18	1.0	1.0
2	2	322	12.0	0.0	9.129	0.341	1.0	1.0
2	2	316	11.968	0.18	9.226	0.425	1.0	1.0
2	2	310	11.871	0.341	9.419	0.502	1.0	1.0
2	2	304	11.419	0.502	9.452	0.506	1.0	1.0
2	2	298	11.161	0.374	9.581	0.502	1.0	1.0
2	2	292	11.0	0.0	9.774	0.425	1.0	1.0
2	2	286	11.0	0.0	9.839	0.374	1.0	1.0
2	2	280	10.935	0.25	9.935	0.25	1.0	1.0
2	2	274	10.516	0.508	9.968	0.18	1.0	1.0
2	2	268	10.161	0.374	10.0	0.0	1.0	1.0
2	2	262	10.032	0.18	10.0	0.0	1.0	1.0
2	2	256	10.0	0.0	10.0	0.0	1.0	1.0
2	2	250	9.935	0.25	10.0	0.0	1.0	1.0
2	2	244	9.387	0.495	9.968	0.18	1.0	1.0
2	2	238	9.065	0.25	10.0	0.0	1.0	1.0
2	2	232	9.0	0.0	10.0	0.0	1.0	1.0
2	2	226	9.0	0.0	10.0	0.0	1.0	1.0
2	2	220	8.742	0.445	10.0	0.0	1.0	1.0
2	2	214	8.097	0.301	10.0	0.0	1.0	1.0
2	2	208	8.032	0.18	10.0	0.0	1.0	1.0
2	2	202	8.0	0.0	10.0	0.0	1.0	1.0
2	2	196	7.903	0.301	10.0	0.0	1.0	1.0
2	2	190	7.419	0.502	10.097	0.301	1.0	1.0
2	2	184	7.0	0.0	10.129	0.341	1.0	1.0
2	2	178	7.0	0.0	10.387	0.495	1.0	1.0
2	2	172	6.871	0.341	10.871	0.341	1.0	1.0
2	2	166	6.387	0.495	10.968	0.18	1.0	1.0
2	2	160	6.0	0.0	10.968	0.18	1.0	1.0
2	2	154	6.0	0.0	11.0	0.0	1.0	1.0
2	2	148	5.903	0.301	11.0	0.0	1.0	1.0
2	2	142	5.226	0.425	11.0	0.0	1.0	1.0
2	2	136	5.0	0.0	11.419	0.502	1.0	1.0
2	2	130	5.0	0.0	11.774	0.425	1.0	1.0
2	2	124	4.903	0.301	11.968	0.18	1.0	1.0
2	2	118	4.29	0.461	12.0	0.0	1.0	1.0
2	2	112	4.032	0.18	12.419	0.502	1.0	1.0
2	2	106	4.0	0.0	12.968	0.18	1.0	1.0
2	2	100	3.806	0.402	13.226	0.425	1.0	1.0
2	2	77	2.419	0.502	16.226	0.425	1.0	1.0
2	2	74	2.258	0.445	16.71	0.529	1.0	1.0
2	2	71	1.935	0.25	17.387	0.558	1.0	1.0
2	2	68	1.129	0.341	18.968	0.795	1.0	1.0
2	2	65	1.032	0.18	20.419	1.232	1.0	1.0
2	2	62	0.9	0.305	22.571	1.526	0.871	0.903
2	2	59	0.467	0.507	24.267	1.223	0.452	0.484
2	2	56	0.0	0.0	nan	nan	0.0	0.0
2	2	53	0.0	0.0	nan	nan	0.0	0.0
2	2	50	0.0	0.0	nan	nan	0.0	0.0
2	2	47	0.0	0.0	nan	nan	0.0	0.0
2	2	44	0.0	0.0	nan	nan	0.0	0.0
3	2	454	15.613	0.495	9.0	0.0	1.0	1.0
3	2	448	15.452	0.506	9.0	0.0	1.0	1.0
3	2	442	15.161	0.374	9.0	0.0	1.0	1.0
3	2	436	15.032	0.18	9.0	0.0	1.0	1.0
3	2	430	15.0	0.0	9.0	0.0	1.0	1.0
3	2	424	15.0	0.0	9.032	0.18	1.0	1.0
3	2	418	15.0	0.0	9.0	0.0	1.0	1.0
3	2	412	14.968	0.18	9.065	0.25	1.0	1.0
3	2	406	14.903	0.301	9.032	0.18	1.0	1.0
3	2	400	14.71	0.461	9.032	0.18	1.0	1.0
3	2	394	14.097	0.301	9.032	0.18	1.0	1.0
3	2	388	14.0	0.0	9.129	0.341	1.0	1.0
3	2	382	14.0	0.0	9.323	0.475	1.0	1.0
3	2	376	13.968	0.18	9.355	0.486	1.0	1.0
3	2	370	13.935	0.25	9.419	0.502	1.0	1.0
3	2	364	13.935	0.25	9.419	0.502	1.0	1.0
3	2	358	13.742	0.445	9.516	0.508	1.0	1.0
3	2	352	13.355	0.486	9.613	0.495	1.0	1.0
3	2	346	13.097	0.301	9.71	0.461	1.0	1.0
3	2	340	13.0	0.0	9.742	0.445	1.0	1.0
3	2	334	12.968	0.18	9.774	0.425	1.0	1.0
3	2	328	12.935	0.25	9.871	0.341	1.0	1.0
3	2	322	12.742	0.445	10.0	0.0	1.0	1.0
3	2	316	12.323	0.475	9.968	0.18	1.0	1.0
3	2	310	12.065	0.25	9.968	0.18	1.0	1.0
3	2	304	11.968	0.18	10.0	0.0	1.0	1.0
3	2	298	11.935	0.25	10.0	0.0	1.0	1.0
3	2	292	11.871	0.341	10.0	0.0	1.0	1.0
3	2	286	11.419	0.502	10.0	0.0	1.0	1.0
3	2	280	11.032	0.18	10.0	0.0	1.0	1.0
3	2	274	11.0	0.0	10.0	0.0	1.0	1.0
3	2	268	11.0	0.0	10.0	0.0	1.0	1.0
3	2	262	10.774	0.425	10.0	0.0	1.0	1.0
3	2	256	10.484	0.508	10.0	0.0	1.0	1.0
3	2	250	10.0	0.0	10.0	0.0	1.0	1.0
3	2	244	10.0	0.0	10.0	0.0	1.0	1.0
3	2	238	10.0	0.0	10.0	0.0	1.0	1.0
3	2	232	9.71	0.461	10.0	0.0	1.0	1.0
3	2	226	9.323	0.475	10.0	0.0	1.0	1.0
3	2	220	9.032	0.18	10.0	0.0	1.0	1.0
3	2	214	9.0	0.0	10.0	0.0	1.0	1.0
3	2	208	8.935	0.25	10.0	0.0	1.0	1.0
3	2	202	8.484	0.508	10.065	0.25	1.0	1.0
3	2	196	8.032	0.18	10.129	0.341	1.0	1.0
3	2	190	8.0	0.0	10.323	0.475	1.0	1.0
3	2	184	7.968	0.18	10.839	0.374	1.0	1.0
3	2	178	7.419	0.502	10.903	0.301	1.0	1.0
3	2	172	7.032	0.18	11.0	0.0	1.0	1.0
3	2	166	7.0	0.0	11.0	0.0	1.0	1.0
3	2	160	6.935	0.25	11.0	0.0	1.0	1.0
3	2	154	6.484	0.508	11.0	0.0	1.0	1.0
3	2	148	6.0	0.0	11.0	0.0	1.0	1.0
3	2	142	6.0	0.0	11.419	0.502	1.0	1.0
3	2	136	5.903	0.301	11.774	0.425	1.0	1.0
3	2	130	5.29	0.461	11.968	0.18	1.0	1.0
3	2	124	5.0	0.0	12.032	0.18	1.0	1.0
3	2	118	4.968	0.18	12.226	0.425	1.0	1.0
3	2	112	4.677	0.475	12.71	0.461	1.0	1.0
3	2	106	4.065	0.25	13.0	0.0	1.0	1.0
3	2	100	4.0	0.0	13.387	0.495	1.0	1.0
3	2	77	3.0	0.0	16.452	0.568	1.0	1.0
3	2	74	2.935	0.25	17.032	0.547	1.0	1.0
3	2	71	2.194	0.833	17.871	0.806	1.0	1.0
3	2	68	1.387	0.667	18.839	0.969	1.0	1.0
3	2	65	1.129	0.341	20.484	1.092	1.0	1.0
3	2	62	1.0	0.0	22.419	1.311	1.0	1.0
3	2	59	0.933	0.254	24.966	1.426	0.903	0.935
3	2	56	0.2	0.407	27.571	2.82	0.194	0.226
3	2	53	0.0	0.0	nan	nan	0.0	0.0
3	2	50	0.0	0.0	nan	nan	0.0	0.0
3	2	47	0.0	0.0	nan	nan	0.0	0.0
3	2	44	0.0	0.0	nan	nan	0.0	0.0
4	2	454	17.0	0.0	10.0	0.0	1.0	1.0
4	2	448	16.903	0.301	9.935	0.25	1.0	1.0
4	2	442	16.935	0.25	10.0	0.0	1.0	1.0
4	2	436	16.677	0.475	9.968	0.18	1.0	1.0
4	2	430	16.355	0.486	10.0	0.0	1.0	1.0
4	2	424	16.065	0.25	10.0	0.0	1.0	1.0
4	2	418	16.032	0.18	10.0	0.0	1.0	1.0
4	2	412	16.0	0.0	10.0	0.0	1.0	1.0
4	2	406	15.935	0.25	9.968	0.18	1.0	1.0
4	2	400	15.839	0.374	10.0	0.0	1.0	1.0
4	2	394	15.516	0.508	10.0	0.0	1.0	1.0
4	2	388	15.161	0.374	10.0	0.0	1.0	1.0
4	2	382	15.0	0.0	10.0	0.0	1.0	1.0
4	2	376	15.0	0.0	10.0	0.0	1.0	1.0
4	2	370	15.0	0.258	10.0	0.0	1.0	1.0
4	2	364	14.935	0.25	9.968	0.18	1.0	1.0
4	2	358	14.71	0.461	10.0	0.0	1.0	1.0
4	2	352	14.323	0.475	10.0	0.0	1.0	1.0
4	2	346	14.161	0.374	10.0	0.0	1.0	1.0
4	2	340	14.032	0.18	10.0	0.0	1.0	1.0
4	2	334	14.0	0.0	10.0	0.0	1.0	1.0
4	2	328	13.871	0.341	10.0	0.0	1.0	1.0
4	2	322	13.548	0.506	10.0	0.0	1.0	1.0
4	2	316	13.129	0.341	10.0	0.0	1.0	1.0
4	2	310	13.032	0.18	10.0	0.0	1.0	1.0
4	2	304	13.0	0.0	10.0	0.0	1.0	1.0
4	2	298	12.935	0.25	10.0	0.0	1.0	1.0
4	2	292	12.548	0.506	10.0	0.0	1.0	1.0
4	2	286	12.29	0.461	10.0	0.0	1.0	1.0
4	2	280	12.0	0.0	10.0	0.0	1.0	1.0
4	2	274	12.0	0.0	10.0	0.0	1.0	1.0
4	2	268	11.903	0.301	10.0	0.0	1.0	1.0
4	2	262	11.548	0.506	10.0	0.0	1.0	1.0
4	2	256	11.032	0.18	10.0	0.0	1.0	1.0
4	2	250	11.0	0.0	10.0	0.0	1.0	1.0
4	2	244	10.968	0.18	10.0	0.0	1.0	1.0
4	2	238	10.516	0.508	10.032	0.18	1.0	1.0
4	2	232	10.032	0.18	10.097	0.301	1.0	1.0
4	2	226	10.0	0.0	10.258	0.445	1.0	1.0
4	2	220	10.0	0.0	10.258	0.445	1.0	1.0
4	2	214	9.903	0.301	10.71	0.461	1.0	1.0
4	2	208	9.161	0.374	10.839	0.374	1.0	1.0
4	2	202	9.065	0.25	11.0	0.0	1.0	1.0
4	2	196	9.0	0.0	11.0	0.0	1.0	1.0
4	2	190	8.903	0.301	11.0	0.0	1.0	1.0
4	2	184	8.129	0.341	11.0	0.0	1.0	1.0
4	2	178	8.0	0.0	11.0	0.0	1.0	1.0
4	2	172	8.0	0.0	11.0	0.0	1.0	1.0
4	2	166	7.645	0.486	11.0	0.0	1.0	1.0
4	2	160	7.065	0.25	11.226	0.425	1.0	1.0
4	2	154	7.0	0.0	11.613	0.495	1.0	1.0
4	2	148	6.774	0.425	11.871	0.341	1.0	1.0
4	2	142	6.323	0.475	12.0	0.0	1.0	1.0
4	2	136	6.0	0.0	12.0	0.0	1.0	1.0
4	2	130	6.0	0.0	12.032	0.18	1.0	1.0
4	2	124	5.677	0.475	12.677	0.475	1.0	1.0
4	2	118	5.032	0.18	12.903	0.301	1.0	1.0
4	2	112	5.0	0.0	13.032	0.18	1.0	1.0
4	2	106	4.935	0.25	13.452	0.506	1.0	1.0
4	2	100	4.29	0.461	13.968	0.18	1.0	1.0
4	2	77	3.032	0.407	17.226	0.717	1.0	1.0
4	2	74	2.774	0.425	18.032	0.605	1.0	1.0
4	2	71	2.065	0.25	18.935	1.063	1.0	1.0
4	2	68	2.032	0.18	20.097	1.044	1.0	1.0
4	2	65	2.0	0.0	21.548	1.524	1.0	1.0
4	2	62	1.613	0.495	23.677	1.514	1.0	1.0
4	2	59	1.036	0.429	27.724	3.294	0.839	0.935
4	2	56	0.241	0.435	32.333	2.236	0.226	0.29
4	2	53	0.0	0.0	nan	nan	0.0	0.0
4	2	50	0.0	0.0	nan	nan	0.0	0.0
4	2	47	0.0	0.0	nan	nan	0.0	0.0
4	2	44	0.0	0.0	nan	nan	0.0	0.0
5	2	454	16.0	0.0	9.097	0.301	1.0	1.0
5	2	448	16.032	0.18	9.032	0.18	1.0	1.0
5	2	442	16.0	0.0	9.194	0.402	1.0	1.0
5	2	436	16.0	0.0	9.129	0.341	1.0	1.0
5	2	430	15.806	0.402	9.161	0.374	1.0	1.0
5	2	424	15.71	0.461	9.29	0.461	1.0	1.0
5	2	418	15.355	0.486	9.323	0.475	1.0	1.0
5	2	412	15.097	0.301	9.387	0.495	1.0	1.0
5	2	406	15.065	0.25	9.387	0.495	1.0	1.0
5	2	400	15.0	0.0	9.355	0.486	1.0	1.0
5	2	394	15.0	0.0	9.548	0.506	1.0	1.0
5	2	388	14.903	0.301	9.677	0.475	1.0	1.0
5	2	382	14.903	0.301	9.581	0.502	1.0	1.0
5	2	376	14.613	0.495	9.774	0.425	1.0	1.0
5	2	370	14.226	0.425	9.839	0.374	1.0	1.0
5	2	364	14.0	0.0	10.0	0.0	1.0	1.0
5	2	358	14.032	0.18	9.968	0.18	1.0	1.0
5	2	352	14.0	0.0	10.0	0.0	1.0	1.0
5	2	346	13.935	0.25	10.0	0.0	1.0	1.0
5	2	340	13.774	0.425	10.0	0.0	1.0	1.0
5	2	334	13.29	0.461	9.968	0.18	1.0	1.0
5	2	328	13.0	0.0	10.0	0.0	1.0	1.0
5	2	322	13.0	0.0	10.0	0.0	1.0	1.0
5	2	316	13.0	0.0	10.0	0.0	1.0	1.0
5	2	310	12.903	0.301	10.0	0.0	1.0	1.0
5	2	304	12.581	0.502	10.0	0.0	1.0	1.0
5	2	298	12.161	0.374	10.0	0.0	1.0	1.0
5	2	292	12.0	0.0	10.0	0.0	1.0	1.0
5	2	286	12.0	0.0	10.0	0.0	1.0	1.0
5	2	280	12.0	0.0	10.0	0.0	1.0	1.0
5	2	274	11.387	0.495	10.0	0.0	1.0	1.0
5	2	268	11.129	0.341	10.0	0.0	1.0	1.0
5	2	262	11.0	0.0	10.0	0.0	1.0	1.0
5	2	256	11.0	0.0	10.0	0.0	1.0	1.0
5	2	250	10.935	0.25	10.0	0.0	1.0	1.0
5	2	244	10.419	0.502	10.0	0.0	1.0	1.0
5	2	238	10.065	0.25	10.0	0.0	1.0	1.0
5	2	232	10.0	0.0	10.0	0.0	1.0	1.0
5	2	226	9.968	0.18	10.0	0.0	1.0	1.0
5	2	220	9.645	0.486	10.0	0.0	1.0	1.0
5	2	214	9.032	0.18	10.032	0.18	1.0	1.0
5	2	208	9.0	0.0	10.065	0.25	1.0	1.0
5	2	202	9.0	0.0	10.194	0.402	1.0	1.0
5	2	196	8.677	0.475	10.419	0.502	1.0	1.0
5	2	190	8.097	0.301	10.935	0.25	1.0	1.0
5	2	184	8.0	0.0	10.935	0.25	1.0	1.0
5	2	178	8.0	0.0	11.0	0.0	1.0	1.0
5	2	172	7.71	0.461	11.0	0.0	1.0	1.0
5	2	166	7.097	0.301	11.0	0.0	1.0	1.0
5	2	160	7.0	0.0	11.0	0.0	1.0	1.0
5	2	154	6.968	0.18	11.0	0.0	1.0	1.0
5	2	148	6.452	0.506	11.387	0.495	1.0	1.0
5	2	142	6.032	0.18	11.742	0.445	1.0	1.0
5	2	136	6.0	0.0	11.903	0.301	1.0	1.0
5	2	130	5.935	0.25	12.0	0.0	1.0	1.0
5	2	124	5.097	0.301	12.0	0.0	1.0	1.0
5	2	118	5.0	0.0	12.742	0.445	1.0	1.0
5	2	112	4.968	0.18	13.0	0.0	1.0	1.0
5	2	106	4.613	0.495	13.226	0.425	1.0	1.0
5	2	100	4.097	0.301	14.0	0.0	1.0	1.0
5	2	77	3.0	0.0	16.935	0.512	1.0	1.0
5	2	74	2.806	0.402	17.903	0.597	1.0	1.0
5	2	71	2.129	0.341	19.097	0.79	1.0	1.0
5	2	68	2.0	0.0	20.387	0.989	1.0	1.0
5	2	65	1.677	0.475	22.194	1.376	1.0	1.0
5	2	62	1.129	0.341	24.452	1.729	1.0	1.0
5	2	59	0.679	0.476	29.545	3.674	0.613	0.71
5	2	56	0.0	0.0	nan	nan	0.0	0.0
5	2	53	0.0	0.0	nan	nan	0.0	0.0
5	2	50	0.0	0.0	nan	nan	0.0	0.0
5	2	47	0.0	0.0	nan	nan	0.0	0.0
5	2	44	0.0	0.0	nan	nan	0.0	0.0
6	2	454	15.935	0.25	9.871	0.341	1.0	1.0
6	2	448	15.806	0.402	9.903	0.301	1.0	1.0
6	2	442	15.387	0.495	9.935	0.25	1.0	1.0
6	2	436	15.161	0.374	9.935	0.25	1.0	1.0
6	2	430	15.065	0.25	9.968	0.18	1.0	1.0
6	2	424	15.0	0.0	9.935	0.25	1.0	1.0
6	2	418	15.0	0.0	9.968	0.18	1.0	1.0
6	2	412	15.0	0.0	9.968	0.18	1.0	1.0
6	2	406	14.935	0.25	10.0	0.0	1.0	1.0
6	2	400	14.839	0.374	9.968	0.18	1.0	1.0
6	2	394	14.452	0.506	10.0	0.0	1.0	1.0
6	2	388	14.194	0.402	9.968	0.18	1.0	1.0
6	2	382	14.097	0.301	10.0	0.0	1.0	1.0
6	2	376	14.032	0.18	9.935	0.25	1.0	1.0
6	2	370	13.968	0.18	10.0	0.0	1.0	1.0
6	2	364	13.903	0.301	10.0	0.0	1.0	1.0
6	2	358	13.742	0.445	10.0	0.0	1.0	1.0
6	2	352	13.516	0.508	10.0	0.0	1.0	1.0
6	2	346	13.129	0.341	10.0	0.0	1.0	1.0
6	2	340	13.0	0.0	10.0	0.0	1.0	1.0
6	2	334	13.0	0.0	10.0	0.0	1.0	1.0
6	2	328	12.871	0.341	10.0	0.0	1.0	1.0
6	2	322	12.871	0.341	10.0	0.0	1.0	1.0
6	2	316	12.387	0.495	10.0	0.0	1.0	1.0
6	2	310	12.258	0.445	10.0	0.0	1.0	1.0
6	2	304	12.0	0.0	10.0	0.0	1.0	1.0
6	2	298	12.032	0.18	10.0	0.0	1.0	1.0
6	2	292	11.968	0.18	10.0	0.0	1.0	1.0
6	2	286	11.677	0.475	10.0	0.0	1.0	1.0
6	2	280	11.194	0.402	10.0	0.0	1.0	1.0
6	2	274	11.032	0.18	10.0	0.0	1.0	1.0
6	2	268	11.0	0.0	10.0	0.0	1.0	1.0
6	2	262	11.0	0.0	10.0	0.0	1.0	1.0
6	2	256	10.645	0.486	10.0	0.0	1.0	1.0
6	2	250	10.226	0.425	10.0	0.0	1.0	1.0
6	2	244	10.0	0.0	10.0	0.0	1.0	1.0
6	2	238	10.0	0.0	10.0	0.0	1.0	1.0
6	2	232	9.935	0.25	10.0	0.0	1.0	1.0
6	2	226	9.71	0.461	10.0	0.0	1.0	1.0
6	2	220	9.0	0.0	10.194	0.402	1.0	1.0
6	2	214	9.0	0.0	10.387	0.495	1.0	1.0
6	2	208	9.0	0.0	10.677	0.475	1.0	1.0
6	2	202	8.839	0.374	10.774	0.425	1.0	1.0
6	2	196	8.097	0.301	10.935	0.25	1.0	1.0
6	2	190	8.0	0.0	11.0	0.0	1.0	1.0
6	2	184	8.0	0.0	11.0	0.0	1.0	1.0
6	2	178	7.839	0.374	11.0	0.0	1.0	1.0
6	2	172	7.258	0.445	11.032	0.18	1.0	1.0
6	2	166	7.0	0.0	11.0	0.0	1.0	1.0
6	2	160	7.0	0.0	11.097	0.301	1.0	1.0
6	2	154	6.839	0.374	11.387	0.495	1.0	1.0
6	2	148	6.161	0.374	11.871	0.341	1.0	1.0
6	2	142	6.0	0.0	11.968	0.18	1.0	1.0
6	2	136	6.0	0.0	12.0	0.0	1.0	1.0
6	2	130	5.71	0.461	12.032	0.18	1.0	1.0
6	2	124	5.065	0.25	12.645	0.486	1.0	1.0
6	2	118	5.0	0.0	13.0	0.0	1.0	1.0
6	2	112	5.0	0.0	13.0	0.0	1.0	1.0
6	2	106	4.387	0.495	13.806	0.402	1.0	1.0
6	2	100	4.0	0.0	14.0	0.0	1.0	1.0
6	2	77	2.935	0.25	17.355	0.551	1.0	1.0
6	2	74	2.516	0.508	18.323	0.748	1.0	1.0
6	2	71	2.097	0.301	19.258	0.773	1.0	1.0
6	2	68	1.935	0.25	20.613	1.145	1.0	1.0
6	2	65	1.806	0.402	22.355	1.142	1.0	1.0
6	2	62	1.065	0.25	25.258	1.788	1.0	1.0
6	2	59	1.033	0.183	29.032	2.639	0.968	1.0
6	2	56	0.033	0.183	35.0	2.828	0.032	0.065
6	2	53	0.0	0.0	nan	nan	0.0	0.0
6	2	50	0.0	0.0	nan	nan	0.0	0.0
6	2	47	0.0	0.0	nan	nan	0.0	0.0
6	2	44	0.0	0.0	nan	nan	0.0	0.0
7	2	454	16.71	0.461	9.0	0.0	1.0	1.0
7	2	448	16.29	0.461	9.0	0.0	1.0	1.0
7	2	442	16.065	0.25	9.0	0.0	1.0	1.0
7	2	436	16.065	0.25	9.0	0.0	1.0	1.0
7	2	430	16.0	0.0	9.0	0.0	1.0	1.0
7	2	424	16.0	0.0	9.0	0.0	1.0	1.0
7	2	418	15.968	0.18	9.0	0.0	1.0	1.0
7	2	412	15.774	0.425	9.0	0.0	1.0	1.0
7	2	406	15.581	0.502	9.0	0.0	1.0	1.0
7	2	400	15.194	0.402	9.0	0.0	1.0	1.0
7	2	394	15.0	0.0	9.0	0.0	1.0	1.0
7	2	388	15.0	0.0	9.0	0.0	1.0	1.0
7	2	382	14.968	0.18	9.0	0.0	1.0	1.0
7	2	376	14.903	0.301	9.0	0.0	1.0	1.0
7	2	370	14.613	0.495	9.032	0.18	1.0	1.0
7	2	364	14.323	0.475	9.032	0.18	1.0	1.0
7	2	358	14.097	0.301	9.0	0.0	1.0	1.0
7	2	352	14.0	0.0	9.0	0.0	1.0	1.0
7	2	346	13.968	0.18	9.161	0.374	1.0	1.0
7	2	340	13.903	0.301	9.258	0.445	1.0	1.0
7	2	334	13.516	0.508	9.29	0.461	1.0	1.0
7	2	328	13.129	0.341	9.29	0.461	1.0	1.0
7	2	322	13.032	0.18	9.548	0.506	1.0	1.0
7	2	316	13.0	0.0	9.581	0.502	1.0	1.0
7	2	310	12.871	0.341	9.581	0.502	1.0	1.0
7	2	304	12.484	0.508	9.903	0.301	1.0	1.0
7	2	298	12.161	0.374	9.871	0.341	1.0	1.0
7	2	292	12.032	0.18	10.0	0.0	1.0	1.0
7	2	286	12.0	0.0	9.935	0.25	1.0	1.0
7	2	280	11.774	0.425	10.0	0.0	1.0	1.0
7	2	274	11.387	0.495	10.0	0.0	1.0	1.0
7	2	268	11.0	0.0	10.0	0.0	1.0	1.0
7	2	262	11.0	0.0	10.0	0.0	1.0	1.0
7	2	256	10.968	0.18	10.0	0.0	1.0	1.0
7	2	250	10.742	0.445	10.0	0.0	1.0	1.0
7	2	244	10.161	0.374	10.0	0.0	1.0	1.0
7	2	238	10.0	0.0	10.0	0.0	1.0	1.0
7	2	232	10.0	0.0	10.0	0.0	1.0	1.0
7	2	226	9.71	0.461	10.0	0.0	1.0	1.0
7	2	220	9.29	0.461	10.0	0.0	1.0	1.0
7	2	214	9.032	0.18	10.0	0.0	1.0	1.0
7	2	208	9.0	0.0	10.0	0.0	1.0	1.0
7	2	202	8.839	0.374	10.0	0.0	1.0	1.0
7	2	196	8.226	0.425	10.097	0.301	1.0	1.0
7	2	190	8.0	0.0	10.194	0.402	1.0	1.0
7	2	184	8.0	0.258	10.484	0.508	1.0	1.0
7	2	178	7.742	0.445	10.839	0.374	1.0	1.0
7	2	172	7.129	0.341	10.903	0.301	1.0	1.0
7	2	166	7.0	0.0	11.0	0.0	1.0	1.0
7	2	160	6.968	0.18	11.0	0.0	1.0	1.0
7	2	154	6.452	0.506	11.0	0.0	1.0	1.0
7	2	148	6.065	0.25	11.0	0.0	1.0	1.0
7	2	142	6.0	0.0	11.065	0.25	1.0	1.0
7	2	136	5.839	0.374	11.71	0.461	1.0	1.0
7	2	130	5.194	0.402	12.0	0.0	1.0	1.0
7	2	124	5.032	0.18	12.0	0.0	1.0	1.0
7	2	118	4.968	0.18	12.161	0.374	1.0	1.0
7	2	112	4.516	0.508	12.839	0.374	1.0	1.0
7	2	106	4.032	0.18	13.0	0.0	1.0	1.0
7	2	100	4.0	0.0	13.484	0.508	1.0	1.0
7	2	77	2.935	0.25	16.387	0.495	1.0	1.0
7	2	74	2.581	0.502	17.065	0.574	1.0	1.0
7	2	71	1.968	0.482	17.71	0.643	1.0	1.0
7	2	68	1.194	0.402	18.774	0.717	1.0	1.0
7	2	65	1.032	0.18	20.226	1.175	1.0	1.0
7	2	62	0.967	0.183	22.333	1.322	0.935	0.968
7	2	59	0.5	0.509	25.562	1.632	0.484	0.516
7	2	56	0.0	0.0	nan	nan	0.0	0.0
7	2	53	0.0	0.0	nan	nan	0.0	0.0
7	2	50	0.0	0.0	nan	nan	0.0	0.0
7	2	47	0.0	0.0	nan	nan	0.0	0.0
7	2	44	0.0	0.0	nan	nan	0.0	0.0
8	2	454	16.968	0.18	9.0	0.0	1.0	1.0
8	2	448	16.935	0.25	9.0	0.0	1.0	1.0
8	2	442	16.839	0.374	9.0	0.0	1.0	1.0
8	2	436	16.742	0.445	9.0	0.0	1.0	1.0
8	2	430	16.258	0.445	9.0	0.0	1.0	1.0
8	2	424	16.065	0.25	9.0	0.0	1.0	1.0
8	2	418	16.0	0.0	9.0	0.0	1.0	1.0
8	2	412	16.0	0.0	9.0	0.0	1.0	1.0
8	2	406	15.935	0.25	9.0	0.0	1.0	1.0
8	2	400	15.613	0.495	9.0	0.0	1.0	1.0
8	2	394	15.516	0.508	9.0	0.0	1.0	1.0
8	2	388	15.097	0.301	9.0	0.0	1.0	1.0
8	2	382	15.0	0.0	9.0	0.0	1.0	1.0
8	2	376	15.0	0.0	9.0	0.0	1.0	1.0
8	2	370	14.968	0.18	9.097	0.301	1.0	1.0
8	2	364	14.806	0.402	9.0	0.0	1.0	1.0
8	2	358	14.387	0.495	9.097	0.301	1.0	1.0
8	2	352	14.194	0.402	9.0	0.0	1.0	1.0
8	2	346	14.032	0.18	9.065	0.25	1.0	1.0
8	2	340	14.0	0.0	9.194	0.402	1.0	1.0
8	2	334	14.0	0.0	9.226	0.425	1.0	1.0
8	2	328	13.71	0.461	9.226	0.425	1.0	1.0
8	2	322	13.194	0.402	9.323	0.475	1.0	1.0
8	2	316	13.0	0.0	9.645	0.486	1.0	1.0
8	2	310	13.032	0.18	9.71	0.461	1.0	1.0
8	2	304	12.935	0.25	9.839	0.374	1.0	1.0
8	2	298	12.548	0.506	9.903	0.301	1.0	1.0
8	2	292	12.226	0.425	9.935	0.25	1.0	1.0
8	2	286	12.0	0.0	9.935	0.25	1.0	1.0
8	2	280	11.968	0.18	9.935	0.25	1.0	1.0
8	2	274	11.871	0.341	10.0	0.0	1.0	1.0
8	2	268	11.452	0.506	10.0	0.0	1.0	1.0
8	2	262	11.097	0.301	10.0	0.0	1.0	1.0
8	2	256	11.0	0.0	10.0	0.0	1.0	1.0
8	2	250	10.903	0.301	10.0	0.0	1.0	1.0
8	2	244	10.645	0.486	10.0	0.0	1.0	1.0
8	2	238	10.065	0.25	10.0	0.0	1.0	1.0
8	2	232	10.0	0.0	10.0	0.0	1.0	1.0
8	2	226	9.935	0.25	10.0	0.0	1.0	1.0
8	2	220	9.516	0.508	10.0	0.0	1.0	1.0
8	2	214	9.065	0.25	10.0	0.0	1.0	1.0
8	2	208	9.0	0.0	10.0	0.0	1.0	1.0
8	2	202	8.935	0.25	10.0	0.0	1.0	1.0
8	2	196	8.452	0.506	10.032	0.18	1.0	1.0
8	2	190	8.065	0.25	10.0	0.0	1.0	1.0
8	2	184	8.0	0.0	10.161	0.374	1.0	1.0
8	2	178	7.903	0.301	10.355	0.486	1.0	1.0
8	2	172	7.387	0.495	10.677	0.475	1.0	1.0
8	2	166	7.0	0.0	10.968	0.18	1.0	1.0
8	2	160	6.968	0.18	10.968	0.18	1.0	1.0
8	2	154	6.774	0.425	11.0	0.0	1.0	1.0
8	2	148	6.032	0.18	11.0	0.0	1.0	1.0
8	2	142	6.0	0.0	11.0	0.0	1.0	1.0
8	2	136	5.903	0.301	11.194	0.402	1.0	1.0
8	2	130	5.258	0.445	11.677	0.475	1.0	1.0
8	2	124	5.0	0.0	12.0	0.0	1.0	1.0
8	2	118	5.0	0.0	12.0	0.0	1.0	1.0
8	2	112	4.71	0.461	12.226	0.425	1.0	1.0
8	2	106	4.032	0.18	12.968	0.18	1.0	1.0
8	2	100	4.0	0.0	13.065	0.25	1.0	1.0
8	2	77	2.935	0.25	15.903	0.473	1.0	1.0
8	2	74	2.677	0.475	16.323	0.541	1.0	1.0
8	2	71	2.097	0.396	17.161	0.688	1.0	1.0
8	2	68	1.613	0.495	17.839	0.82	1.0	1.0
8	2	65	1.161	0.374	19.129	1.118	1.0	1.0
8	2	62	1.0	0.365	21.103	1.633	0.935	0.935
8	2	59	0.667	0.48	23.773	1.771	0.581	0.71
8	2	56	0.133	0.346	25.6	1.14	0.129	0.161
8	2	53	0.0	0.0	nan	nan	0.0	0.0
8	2	50	0.0	0.0	nan	nan	0.0	0.0
8	2	47	0.0	0.0	nan	nan	0.0	0.0
8	2	44	0.0	0.0	nan	nan	0.0	0.0
9	2	454	23.0	0.258	10.258	0.445	1.0	1.0
9	2	448	23.065	0.25	10.129	0.341	1.0	1.0
9	2	442	22.839	0.374	10.484	0.508	1.0	1.0
9	2	436	22.613	0.495	10.323	0.475	1.0	1.0
9	2	430	22.452	0.506	10.387	0.495	1.0	1.0
9	2	424	22.032	0.18	10.484	0.508	1.0	1.0
9	2	418	21.968	0.18	10.226	0.425	1.0	1.0
9	2	412	21.968	0.18	10.516	0.508	1.0	1.0
9	2	406	21.677	0.475	10.613	0.495	1.0	1.0
9	2	400	21.29	0.461	10.516	0.508	1.0	1.0
9	2	394	21.0	0.0	10.581	0.502	1.0	1.0
9	2	388	20.935	0.25	10.548	0.506	1.0	1.0
9	2	382	20.71	0.461	10.677	0.475	1.0	1.0
9	2	376	20.387	0.495	10.774	0.425	1.0	1.0
9	2	370	20.129	0.428	10.613	0.495	1.0	1.0
9	2	364	20.065	0.25	10.71	0.461	1.0	1.0
9	2	358	20.0	0.0	10.742	0.445	1.0	1.0
9	2	352	19.677	0.475	10.71	0.461	1.0	1.0
9	2	346	19.323	0.475	10.871	0.341	1.0	1.0
9	2	340	19.032	0.18	10.742	0.445	1.0	1.0
9	2	334	18.839	0.374	11.0	0.0	1.0	1.0
9	2	328	18.581	0.502	10.871	0.341	1.0	1.0
9	2	322	18.097	0.396	10.968	0.18	1.0	1.0
9	2	316	17.968	0.18	10.968	0.18	1.0	1.0
9	2	310	17.935	0.25	10.968	0.18	1.0	1.0
9	2	304	17.29	0.461	11.0	0.0	1.0	1.0
9	2	298	17.032	0.18	10.968	0.18	1.0	1.0
9	2	292	16.903	0.301	11.0	0.0	1.0	1.0
9	2	286	16.71	0.461	11.0	0.0	1.0	1.0
9	2	280	16.032	0.18	11.0	0.0	1.0	1.0
9	2	274	15.935	0.25	11.0	0.0	1.0	1.0
9	2	268	15.581	0.502	11.0	0.0	1.0	1.0
9	2	262	15.194	0.402	11.0	0.0	1.0	1.0
9	2	256	15.0	0.258	11.0	0.0	1.0	1.0
9	2	250	14.71	0.461	11.0	0.0	1.0	1.0
9	2	244	14.161	0.374	11.0	0.0	1.0	1.0
9	2	238	14.065	0.25	11.0	0.0	1.0	1.0
9	2	232	13.548	0.506	11.0	0.0	1.0	1.0
9	2	226	13.226	0.425	11.032	0.18	1.0	1.0
9	2	220	12.935	0.25	11.097	0.301	1.0	1.0
9	2	214	12.484	0.508	11.097	0.301	1.0	1.0
9	2	208	12.032	0.18	11.161	0.374	1.0	1.0
9	2	202	11.839	0.374	11.29	0.461	1.0	1.0
9	2	196	11.613	0.495	11.613	0.495	1.0	1.0
9	2	190	11.065	0.25	11.677	0.475	1.0	1.0
9	2	184	10.871	0.341	11.774	0.425	1.0	1.0
9	2	178	10.258	0.445	11.935	0.25	1.0	1.0
9	2	172	10.129	0.341	12.0	0.0	1.0	1.0
9	2	166	9.677	0.475	12.0	0.0	1.0	1.0
9	2	160	9.097	0.396	12.0	0.0	1.0	1.0
9	2	154	8.839	0.374	12.258	0.445	1.0	1.0
9	2	148	8.387	0.495	12.419	0.502	1.0	1.0
9	2	142	8.032	0.18	12.71	0.461	1.0	1.0
9	2	136	7.581	0.502	12.935	0.25	1.0	1.0
9	2	130	7.258	0.445	13.032	0.18	1.0	1.0
9	2	124	6.903	0.301	13.129	0.341	1.0	1.0
9	2	118	6.548	0.506	13.645	0.486	1.0	1.0
9	2	112	6.032	0.18	13.968	0.315	1.0	1.0
9	2	106	5.613	0.495	14.355	0.486	1.0	1.0
9	2	100	5.0	0.0	14.742	0.445	1.0	1.0
9	2	77	3.258	0.773	17.774	0.56	1.0	1.0
9	2	74	2.613	0.667	18.484	1.122	1.0	1.0
9	2	71	2.194	0.402	19.613	0.919	1.0	1.0
9	2	68	1.839	0.374	20.871	1.231	1.0	1.0
9	2	65	1.613	0.495	21.871	1.688	1.0	1.0
9	2	62	1.484	0.57	24.2	1.648	0.968	0.968
9	2	59	0.7	0.651	25.474	3.221	0.581	0.613
9	2	56	0.103	0.31	33.6	2.51	0.097	0.161
9	2	53	0.0	0.0	nan	nan	0.0	0.0
9	2	50	0.0	0.0	nan	nan	0.0	0.0
9	2	47	0.0	0.0	nan	nan	0.0	0.0
9	2	44	0.0	0.0	nan	nan	0.0	0.0
10	2	454	19.323	0.475	10.0	0.0	1.0	1.0
10	2	448	19.032	0.18	10.0	0.0	1.0	1.0
10	2	442	19.065	0.25	10.0	0.0	1.0	1.0
10	2	436	18.935	0.25	10.0	0.0	1.0	1.0
10	2	430	18.839	0.374	10.0	0.0	1.0	1.0
10	2	424	18.548	0.506	10.0	0.0	1.0	1.0
10	2	418	18.29	0.461	10.0	0.0	1.0	1.0
10	2	412	18.032	0.18	10.0	0.0	1.0	1.0
10	2	406	18.0	0.258	10.0	0.0	1.0	1.0
10	2	400	18.0	0.0	10.0	0.0	1.0	1.0
10	2	394	17.871	0.341	10.0	0.0	1.0	1.0
10	2	388	17.742	0.445	10.0	0.0	1.0	1.0
10	2	382	17.419	0.502	10.0	0.0	1.0	1.0
10	2	376	17.097	0.301	10.0	0.0	1.0	1.0
10	2	370	17.0	0.0	10.0	0.0	1.0	1.0
10	2	364	16.871	0.341	10.0	0.0	1.0	1.0
10	2	358	16.645	0.486	10.0	0.0	1.0	1.0
10	2	352	16.484	0.508	10.0	0.0	1.0	1.0
10	2	346	16.161	0.374	10.0	0.0	1.0	1.0
10	2	340	16.065	0.25	10.0	0.0	1.0	1.0
10	2	334	15.968	0.18	10.0	0.0	1.0	1.0
10	2	328	15.774	0.425	10.0	0.0	1.0	1.0
10	2	322	15.355	0.486	10.0	0.0	1.0	1.0
10	2	316	15.065	0.25	10.032	0.18	1.0	1.0
10	2	310	15.0	0.0	10.0	0.0	1.0	1.0
10	2	304	14.871	0.341	10.0	0.0	1.0	1.0
10	2	298	14.516	0.508	10.065	0.25	1.0	1.0
10	2	292	14.161	0.374	10.065	0.25	1.0	1.0
10	2	286	13.968	0.18	10.097	0.301	1.0	1.0
10	2	280	13.839	0.374	10.323	0.475	1.0	1.0
10	2	274	13.452	0.506	10.258	0.445	1.0	1.0
10	2	268	13.129	0.341	10.484	0.508	1.0	1.0
10	2	262	13.0	0.0	10.613	0.495	1.0	1.0
10	2	256	12.968	0.18	10.645	0.486	1.0	1.0
10	2	250	12.452	0.506	10.839	0.374	1.0	1.0
10	2	244	12.065	0.25	10.903	0.301	1.0	1.0
10	2	238	11.968	0.18	10.871	0.341	1.0	1.0
10	2	232	11.742	0.445	11.0	0.0	1.0	1.0
10	2	226	11.161	0.374	10.968	0.18	1.0	1.0
10	2	220	11.065	0.25	11.0	0.0	1.0	1.0
10	2	214	10.839	0.374	11.0	0.0	1.0	1.0
10	2	208	10.452	0.506	11.0	0.0	1.0	1.0
10	2	202	10.065	0.25	11.0	0.0	1.0	1.0
10	2	196	10.032	0.18	11.0	0.0	1.0	1.0
10	2	190	9.645	0.486	11.032	0.18	1.0	1.0
10	2	184	9.161	0.374	11.097	0.301	1.0	1.0
10	2	178	9.0	0.0	11.161	0.374	1.0	1.0
10	2	172	8.806	0.402	11.742	0.445	1.0	1.0
10	2	166	8.097	0.301	11.903	0.301	1.0	1.0
10	2	160	8.0	0.258	11.968	0.18	1.0	1.0
10	2	154	7.71	0.461	12.0	0.0	1.0	1.0
10	2	148	7.194	0.402	12.0	0.0	1.0	1.0
10	2	142	6.968	0.18	12.065	0.25	1.0	1.0
10	2	136	6.839	0.374	12.323	0.475	1.0	1.0
10	2	130	6.161	0.374	12.871	0.341	1.0	1.0
10	2	124	6.032	0.18	13.0	0.0	1.0	1.0
10	2	118	5.806	0.402	13.032	0.18	1.0	1.0
10	2	112	5.387	0.495	13.742	0.445	1.0	1.0
10	2	106	5.0	0.0	14.032	0.18	1.0	1.0
10	2	100	4.613	0.495	14.548	0.506	1.0	1.0
10	2	77	2.839	0.583	17.871	0.718	1.0	1.0
10	2	74	2.516	0.57	18.355	0.661	1.0	1.0
10	2	71	1.935	0.359	19.774	1.117	1.0	1.0
10	2	68	1.742	0.445	20.806	1.108	1.0	1.0
10	2	65	1.323	0.475	23.032	1.516	1.0	1.0
10	2	62	0.968	0.315	25.138	2.065	0.935	0.935
10	2	59	0.533	0.507	27.647	2.957	0.516	0.548
10	2	56	0.097	0.301	30.0	3.464	0.097	0.097
10	2	53	0.0	0.0	nan	nan	0.0	0.0
10	2	50	0.0	0.0	nan	nan	0.0	0.0
10	2	47	0.0	0.0	nan	nan	0.0	0.0
10	2	44	0.0	0.0	nan	nan	0.0	0.0
11	2	454	14.968	0.18	9.065	0.25	1.0	1.0
11	2	448	14.903	0.301	9.129	0.341	1.0	1.0
11	2	442	14.806	0.402	9.226	0.425	1.0	1.0
11	2	436	14.226	0.425	9.161	0.374	1.0	1.0
11	2	430	14.194	0.402	9.194	0.402	1.0	1.0
11	2	424	14.065	0.25	9.065	0.25	1.0	1.0
11	2	418	14.0	0.0	9.226	0.425	1.0	1.0
11	2	412	14.0	0.0	9.258	0.445	1.0	1.0
11	2	406	13.968	0.18	9.355	0.486	1.0	1.0
11	2	400	13.871	0.341	9.419	0.502	1.0	1.0
11	2	394	13.516	0.508	9.516	0.508	1.0	1.0
11	2	388	13.226	0.425	9.452	0.506	1.0	1.0
11	2	382	13.226	0.425	9.71	0.461	1.0	1.0
11	2	376	13.065	0.25	9.645	0.486	1.0	1.0
11	2	370	13.0	0.0	9.774	0.425	1.0	1.0
11	2	364	13.0	0.0	9.903	0.301	1.0	1.0
11	2	358	12.903	0.301	9.935	0.25	1.0	1.0
11	2	352	12.548	0.506	9.935	0.25	1.0	1.0
11	2	346	12.097	0.301	9.935	0.25	1.0	1.0
11	2	340	12.065	0.25	9.968	0.18	1.0	1.0
11	2	334	12.032	0.18	9.968	0.18	1.0	1.0
11	2	328	11.968	0.18	9.968	0.18	1.0	1.0
11	2	322	11.903	0.301	10.0	0.0	1.0	1.0
11	2	316	11.387	0.495	9.968	0.18	1.0	1.0
11	2	310	11.226	0.425	10.0	0.0	1.0	1.0
11	2	304	11.0	0.0	10.0	0.0	1.0	1.0
11	2	298	11.0	0.0	10.0	0.0	1.0	1.0
11	2	292	11.0	0.0	10.0	0.0	1.0	1.0
11	2	286	10.742	0.445	10.0	0.0	1.0	1.0
11	2	280	10.097	0.301	10.0	0.0	1.0	1.0
11	2	274	10.032	0.18	10.0	0.0	1.0	1.0
11	2	268	10.0	0.0	10.0	0.0	1.0	1.0
11	2	262	10.0	0.0	10.0	0.0	1.0	1.0
11	2	256	9.839	0.374	10.0	0.0	1.0	1.0
11	2	250	9.355	0.486	10.0	0.0	1.0	1.0
11	2	244	9.065	0.25	10.0	0.0	1.0	1.0
11	2	238	9.0	0.0	10.0	0.0	1.0	1.0
11	2	232	9.0	0.0	10.0	0.0	1.0	1.0
11	2	226	8.677	0.475	10.0	0.0	1.0	1.0
11	2	220	8.161	0.374	10.0	0.0	1.0	1.0
11	2	214	8.0	0.0	10.0	0.0	1.0	1.0
11	2	208	8.0	0.0	10.0	0.0	1.0	1.0
11	2	202	7.903	0.301	10.032	0.18	1.0	1.0
11	2	196	7.548	0.506	10.258	0.445	1.0	1.0
11	2	190	7.097	0.301	10.355	0.486	1.0	1.0
11	2	184	7.0	0.0	10.968	0.18	1.0	1.0
11	2	178	7.0	0.0	10.968	0.18	1.0	1.0
11	2	172	6.71	0.461	11.0	0.0	1.0	1.0
11	2	166	6.226	0.425	11.0	0.0	1.0	1.0
11	2	160	6.0	0.0	11.0	0.0	1.0	1.0
11	2	154	6.0	0.0	11.0	0.0	1.0	1.0
11	2	148	5.903	0.301	11.0	0.0	1.0	1.0
11	2	142	5.097	0.301	11.194	0.402	1.0	1.0
11	2	136	5.0	0.0	11.581	0.502	1.0	1.0
11	2	130	5.0	0.0	11.968	0.18	1.0	1.0
11	2	124	4.742	0.445	12.0	0.0	1.0	1.0
11	2	118	4.097	0.301	12.065	0.25	1.0	1.0
11	2	112	4.032	0.18	12.742	0.445	1.0	1.0
11	2	106	4.0	0.0	12.935	0.25	1.0	1.0
11	2	100	3.839	0.374	13.258	0.445	1.0	1.0
11	2	77	2.548	0.506	16.065	0.359	1.0	1.0
11	2	74	2.161	0.374	16.742	0.575	1.0	1.0
11	2	71	1.935	0.359	17.452	0.723	1.0	1.0
11	2	68	1.419	0.502	18.419	0.807	1.0	1.0
11	2	65	1.194	0.402	19.387	1.334	1.0	1.0
11	2	62	1.0	0.0	22.065	1.672	0.968	1.0
11	2	59	0.862	0.351	23.778	1.695	0.806	0.871
11	2	56	0.067	0.254	24.333	2.517	0.065	0.097
11	2	53	0.0	0.0	nan	nan	0.0	0.0
11	2	50	0.0	0.0	nan	nan	0.0	0.0
11	2	47	0.0	0.0	nan	nan	0.0	0.0
11	2	44	0.0	0.0	nan	nan	0.0	0.0
12	2	454	19.0	0.0	10.0	0.0	1.0	1.0
12	2	448	19.0	0.0	10.0	0.0	1.0	1.0
12	2	442	18.871	0.341	10.0	0.0	1.0	1.0
12	2	436	18.677	0.475	10.0	0.0	1.0	1.0
12	2	430	18.548	0.506	10.0	0.0	1.0	1.0
12	2	424	18.161	0.374	10.0	0.0	1.0	1.0
12	2	418	18.0	0.0	10.0	0.0	1.0	1.0
12	2	412	18.0	0.0	10.0	0.0	1.0	1.0
12	2	406	18.0	0.0	10.0	0.0	1.0	1.0
12	2	400	17.774	0.425	10.0	0.0	1.0	1.0
12	2	394	17.581	0.502	10.0	0.0	1.0	1.0
12	2	388	17.323	0.475	10.0	0.0	1.0	1.0
12	2	382	17.097	0.301	10.0	0.0	1.0	1.0
12	2	376	17.0	0.0	10.0	0.0	1.0	1.0
12	2	370	16.968	0.18	10.0	0.0	1.0	1.0
12	2	364	16.871	0.341	10.0	0.0	1.0	1.0
12	2	358	16.419	0.502	10.0	0.0	1.0	1.0
12	2	352	16.226	0.425	10.0	0.0	1.0	1.0
12	2	346	16.032	0.18	10.0	0.0	1.0	1.0
12	2	340	16.0	0.0	10.0	0.0	1.0	1.0
12	2	334	15.935	0.25	10.0	0.0	1.0	1.0
12	2	328	15.581	0.502	10.0	0.0	1.0	1.0
12	2	322	15.129	0.341	10.0	0.0	1.0	1.0
12	2	316	15.032	0.18	10.0	0.0	1.0	1.0
12	2	310	15.0	0.0	10.0	0.0	1.0	1.0
12	2	304	14.871	0.341	10.0	0.0	1.0	1.0
12	2	298	14.29	0.461	10.0	0.0	1.0	1.0
12	2	292	14.0	0.0	10.0	0.0	1.0	1.0
12	2	286	14.0	0.0	10.0	0.0	1.0	1.0
12	2	280	13.903	0.301	10.29	0.461	1.0	1.0
12	2	274	13.387	0.495	10.194	0.402	1.0	1.0
12	2	268	13.097	0.301	10.258	0.445	1.0	1.0
12	2	262	13.0	0.0	10.452	0.506	1.0	1.0
12	2	256	12.871	0.341	10.774	0.425	1.0	1.0
12	2	250	12.323	0.475	10.903	0.301	1.0	1.0
12	2	244	12.0	0.0	10.806	0.402	1.0	1.0
12	2	238	12.0	0.0	10.968	0.18	1.0	1.0
12	2	232	11.839	0.374	11.0	0.0	1.0	1.0
12	2	226	11.161	0.374	11.0	0.0	1.0	1.0
12	2	220	11.032	0.18	11.0	0.0	1.0	1.0
12	2	214	10.968	0.18	11.0	0.0	1.0	1.0
12	2	208	10.806	0.402	11.0	0.0	1.0	1.0
12	2	202	10.097	0.301	11.0	0.0	1.0	1.0
12	2	196	10.0	0.0	11.0	0.0	1.0	1.0
12	2	190	9.871	0.341	11.0	0.0	1.0	1.0
12	2	184	9.258	0.445	11.0	0.0	1.0	1.0
12	2	178	9.032	0.18	11.194	0.402	1.0	1.0
12	2	172	9.0	0.0	11.613	0.495	1.0	1.0
12	2	166	8.323	0.475	11.935	0.25	1.0	1.0
12	2	160	8.032	0.18	11.968	0.18	1.0	1.0
12	2	154	8.0	0.0	12.0	0.0	1.0	1.0
12	2	148	7.484	0.508	12.032	0.18	1.0	1.0
12	2	142	7.0	0.0	12.065	0.25	1.0	1.0
12	2	136	7.0	0.0	12.645	0.486	1.0	1.0
12	2	130	6.71	0.461	12.968	0.18	1.0	1.0
12	2	124	6.032	0.18	13.032	0.18	1.0	1.0
12	2	118	5.935	0.25	13.323	0.475	1.0	1.0
12	2	112	5.742	0.445	13.903	0.301	1.0	1.0
12	2	106	5.032	0.18	14.032	0.18	1.0	1.0
12	2	100	5.0	0.0	14.71	0.461	1.0	1.0
12	2	77	3.29	0.739	18.29	0.739	1.0	1.0
12	2	74	2.194	0.402	19.161	0.735	1.0	1.0
12	2	71	2.0	0.0	20.194	0.833	1.0	1.0
12	2	68	2.0	0.0	21.323	0.791	1.0	1.0
12	2	65	1.935	0.25	23.194	1.352	1.0	1.0
12	2	62	1.742	0.445	25.677	1.62	1.0	1.0
12	2	59	1.286	0.6	30.241	3.124	0.839	0.935
12	2	56	0.16	0.374	34.3	3.302	0.129	0.323
12	2	53	0.0	0.0	nan	nan	0.0	0.0
12	2	50	0.0	0.0	nan	nan	0.0	0.0
12	2	47	0.0	0.0	nan	nan	0.0	0.0
12	2	44	0.0	0.0	nan	nan	0.0	0.0
13	2	454	22.097	0.301	9.0	0.0	1.0	1.0
13	2	448	22.032	0.18	9.0	0.0	1.0	1.0
13	2	442	21.903	0.301	9.0	0.0	1.0	1.0
13	2	436	21.677	0.475	9.0	0.0	1.0	1.0
13	2	430	21.419	0.502	9.0	0.0	1.0	1.0
13	2	424	21.065	0.25	9.0	0.0	1.0	1.0
13	2	418	21.032	0.18	9.0	0.0	1.0	1.0
13	2	412	20.968	0.18	9.0	0.0	1.0	1.0
13	2	406	20.742	0.445	9.0	0.0	1.0	1.0
13	2	400	20.452	0.506	9.0	0.0	1.0	1.0
13	2	394	20.194	0.402	9.0	0.0	1.0	1.0
13	2	388	20.0	0.258	9.0	0.0	1.0	1.0
13	2	382	19.935	0.25	9.0	0.0	1.0	1.0
13	2	376	19.806	0.402	9.0	0.0	1.0	1.0
13	2	370	19.29	0.461	9.0	0.0	1.0	1.0
13	2	364	19.129	0.341	9.032	0.18	1.0	1.0
13	2	358	18.935	0.25	9.0	0.0	1.0	1.0
13	2	352	18.742	0.445	9.032	0.18	1.0	1.0
13	2	346	18.323	0.475	9.065	0.25	1.0	1.0
13	2	340	18.194	0.402	9.129	0.341	1.0	1.0
13	2	334	18.032	0.18	9.065	0.25	1.0	1.0
13	2	328	17.774	0.425	9.097	0.301	1.0	1.0
13	2	322	17.355	0.486	9.323	0.475	1.0	1.0
13	2	316	17.29	0.461	9.258	0.445	1.0	1.0
13	2	310	17.0	0.0	9.323	0.475	1.0	1.0
13	2	304	16.677	0.475	9.355	0.486	1.0	1.0
13	2	298	16.355	0.486	9.71	0.461	1.0	1.0
13	2	292	16.0	0.0	9.806	0.402	1.0	1.0
13	2	286	15.935	0.25	9.839	0.374	1.0	1.0
13	2	280	15.452	0.506	9.968	0.18	1.0	1.0
13	2	274	15.065	0.25	9.968	0.18	1.0	1.0
13	2	268	15.0	0.0	10.0	0.0	1.0	1.0
13	2	262	14.839	0.374	10.0	0.0	1.0	1.0
13	2	256	14.29	0.461	10.0	0.0	1.0	1.0
13	2	250	14.0	0.0	10.0	0.0	1.0	1.0
13	2	244	13.774	0.425	10.0	0.0	1.0	1.0
13	2	238	13.29	0.461	10.0	0.0	1.0	1.0
13	2	232	13.0	0.0	10.0	0.0	1.0	1.0
13	2	226	12.935	0.25	10.0	0.0	1.0	1.0
13	2	220	12.419	0.502	10.0	0.0	1.0	1.0
13	2	214	12.0	0.0	10.0	0.0	1.0	1.0
13	2	208	11.71	0.461	10.0	0.0	1.0	1.0
13	2	202	11.323	0.475	10.0	0.0	1.0	1.0
13	2	196	11.0	0.258	10.032	0.18	1.0	1.0
13	2	190	10.871	0.341	10.0	0.0	1.0	1.0
13	2	184	10.355	0.486	10.097	0.301	1.0	1.0
13	2	178	10.032	0.18	10.323	0.475	1.0	1.0
13	2	172	9.71	0.461	10.806	0.402	1.0	1.0
13	2	166	9.129	0.341	11.0	0.0	1.0	1.0
13	2	160	9.0	0.0	10.968	0.18	1.0	1.0
13	2	154	8.581	0.502	11.0	0.0	1.0	1.0
13	2	148	8.065	0.25	11.0	0.0	1.0	1.0
13	2	142	7.903	0.301	11.065	0.25	1.0	1.0
13	2	136	7.129	0.341	11.516	0.508	1.0	1.0
13	2	130	7.032	0.18	11.839	0.374	1.0	1.0
13	2	124	6.516	0.508	12.0	0.0	1.0	1.0
13	2	118	6.129	0.341	12.065	0.25	1.0	1.0
13	2	112	5.903	0.301	12.355	0.486	1.0	1.0
13	2	106	5.129	0.341	13.0	0.0	1.0	1.0
13	2	100	4.968	0.18	13.29	0.461	1.0	1.0
13	2	77	3.258	0.445	16.065	0.359	1.0	1.0
13	2	74	3.065	0.25	16.774	0.56	1.0	1.0
13	2	71	2.71	0.588	17.419	0.765	1.0	1.0
13	2	68	2.097	0.651	18.484	0.677	1.0	1.0
13	2	65	1.29	0.529	19.968	1.048	1.0	1.0
13	2	62	1.065	0.25	21.677	1.536	1.0	1.0
13	2	59	0.667	0.479	24.143	2.833	0.645	0.677
13	2	56	0.065	0.25	28.0	1.414	0.065	0.065
13	2	53	0.0	0.0	nan	nan	0.0	0.0
13	2	50	0.0	0.0	nan	nan	0.0	0.0
13	2	47	0.0	0.0	nan	nan	0.0	0.0
13	2	44	0.0	0.0	nan	nan	0.0	0.0
14	2	454	13.968	0.18	9.097	0.301	1.0	1.0
14	2	448	13.935	0.25	9.032	0.18	1.0	1.0
14	2	442	13.677	0.475	9.097	0.301	1.0	1.0
14	2	436	13.419	0.502	9.129	0.341	1.0	1.0
14	2	430	13.097	0.301	9.065	0.25	1.0	1.0
14	2	424	13.032	0.18	9.226	0.425	1.0	1.0
14	2	418	13.0	0.0	9.355	0.486	1.0	1.0
14	2	412	13.0	0.0	9.226	0.425	1.0	1.0
14	2	406	13.0	0.0	9.355	0.486	1.0	1.0
14	2	400	12.968	0.18	9.323	0.475	1.0	1.0
14	2	394	12.806	0.402	9.484	0.508	1.0	1.0
14	2	388	12.581	0.502	9.71	0.461	1.0	1.0
14	2	382	12.226	0.425	9.71	0.461	1.0	1.0
14	2	376	12.032	0.18	9.645	0.486	1.0	1.0
14	2	370	12.0	0.0	9.645	0.486	1.0	1.0
14	2	364	12.0	0.0	9.871	0.341	1.0	1.0
14	2	358	12.0	0.0	9.935	0.25	1.0	1.0
14	2	352	12.0	0.0	9.774	0.425	1.0	1.0
14	2	346	11.71	0.461	9.935	0.25	1.0	1.0
14	2	340	11.323	0.475	9.935	0.25	1.0	1.0
14	2	334	11.065	0.25	9.968	0.18	1.0	1.0
14	2	328	11.0	0.0	10.0	0.0	1.0	1.0
14	2	322	11.0	0.0	10.0	0.0	1.0	1.0
14	2	316	11.0	0.0	10.0	0.0	1.0	1.0
14	2	310	10.903	0.301	10.0	0.0	1.0	1.0
14	2	304	10.419	0.502	10.0	0.0	1.0	1.0
14	2	298	10.097	0.301	10.0	0.0	1.0	1.0
14	2	292	10.0	0.0	10.0	0.0	1.0	1.0
14	2	286	10.0	0.0	10.0	0.0	1.0	1.0
14	2	280	10.0	0.0	10.0	0.0	1.0	1.0
14	2	274	9.645	0.486	10.0	0.0	1.0	1.0
14	2	268	9.484	0.508	10.0	0.0	1.0	1.0
14	2	262	9.032	0.18	10.0	0.0	1.0	1.0
14	2	256	9.0	0.0	10.0	0.0	1.0	1.0
14	2	250	9.0	0.0	10.0	0.0	1.0	1.0
14	2	244	8.968	0.18	10.0	0.0	1.0	1.0
14	2	238	8.71	0.461	10.0	0.0	1.0	1.0
14	2	232	8.032	0.18	10.0	0.0	1.0	1.0
14	2	226	8.0	0.0	10.0	0.0	1.0	1.0
14	2	220	8.0	0.0	10.0	0.0	1.0	1.0
14	2	214	8.0	0.0	10.0	0.0	1.0	1.0
14	2	208	7.677	0.475	10.0	0.0	1.0	1.0
14	2	202	7.065	0.25	10.032	0.18	1.0	1.0
14	2	196	7.0	0.0	10.258	0.445	1.0	1.0
14	2	190	7.0	0.0	10.323	0.475	1.0	1.0
14	2	184	6.903	0.301	10.742	0.445	1.0	1.0
14	2	178	6.355	0.486	10.903	0.301	1.0	1.0
14	2	172	6.0	0.0	11.0	0.0	1.0	1.0
14	2	166	6.0	0.0	11.0	0.0	1.0	1.0
14	2	160	6.0	0.0	11.0	0.0	1.0	1.0
14	2	154	5.613	0.495	11.0	0.0	1.0	1.0
14	2	148	5.065	0.25	11.0	0.0	1.0	1.0
14	2	142	5.0	0.0	11.161	0.374	1.0	1.0
14	2	136	5.0	0.0	11.516	0.508	1.0	1.0
14	2	130	4.806	0.402	11.903	0.301	1.0	1.0
14	2	124	4.161	0.374	11.968	0.18	1.0	1.0
14	2	118	4.0	0.0	12.032	0.18	1.0	1.0
14	2	112	4.0	0.0	12.419	0.502	1.0	1.0
14	2	106	4.0	0.0	12.968	0.18	1.0	1.0
14	2	100	3.387	0.495	13.065	0.25	1.0	1.0
14	2	77	2.129	0.341	15.645	0.486	1.0	1.0
14	2	74	2.0	0.0	16.258	0.575	1.0	1.0
14	2	71	1.968	0.18	16.968	0.547	1.0	1.0
14	2	68	1.903	0.301	17.677	0.748	1.0	1.0
14	2	65	1.129	0.341	19.323	1.376	1.0	1.0
14	2	62	1.032	0.18	20.903	1.777	1.0	1.0
14	2	59	0.542	0.509	23.15	2.231	0.419	0.645
14	2	56	0.0	0.0	25.5	0.707	0.0	0.065
14	2	53	0.0	0.0	nan	nan	0.0	0.0
14	2	50	0.0	0.0	nan	nan	0.0	0.0
14	2	47	0.0	0.0	nan	nan	0.0	0.0
14	2	44	0.0	0.0	nan	nan	0.0	0.0
15	2	454	18.0	0.0	10.0	0.0	1.0	1.0
15	2	448	17.871	0.341	10.0	0.0	1.0	1.0
15	2	442	17.613	0.495	10.0	0.0	1.0	1.0
15	2	436	17.419	0.502	10.0	0.0	1.0	1.0
15	2	430	17.161	0.374	10.0	0.0	1.0	1.0
15	2	424	17.065	0.25	10.0	0.0	1.0	1.0
15	2	418	16.968	0.18	10.0	0.0	1.0	1.0
15	2	412	16.935	0.25	10.0	0.0	1.0	1.0
15	2	406	17.0	0.0	10.0	0.0	1.0	1.0
15	2	400	16.839	0.374	10.0	0.0	1.0	1.0
15	2	394	16.387	0.495	10.0	0.0	1.0	1.0
15	2	388	16.097	0.301	10.0	0.0	1.0	1.0
15	2	382	16.0	0.0	10.0	0.0	1.0	1.0
15	2	376	16.0	0.0	10.0	0.0	1.0	1.0
15	2	370	16.0	0.0	10.0	0.0	1.0	1.0
15	2	364	15.71	0.461	10.0	0.0	1.0	1.0
15	2	358	15.194	0.402	10.0	0.0	1.0	1.0
15	2	352	15.097	0.301	10.0	0.0	1.0	1.0
15	2	346	15.0	0.258	10.0	0.0	1.0	1.0
15	2	340	15.0	0.0	10.0	0.0	1.0	1.0
15	2	334	14.806	0.402	10.0	0.0	1.0	1.0
15	2	328	14.548	0.506	10.0	0.0	1.0	1.0
15	2	322	14.097	0.301	10.0	0.0	1.0	1.0
15	2	316	14.0	0.0	10.0	0.0	1.0	1.0
15	2	310	14.0	0.0	10.0	0.0	1.0	1.0
15	2	304	13.903	0.301	10.0	0.0	1.0	1.0
15	2	298	13.548	0.506	10.0	0.0	1.0	1.0
15	2	292	13.065	0.25	10.0	0.0	1.0	1.0
15	2	286	13.032	0.18	10.0	0.0	1.0	1.0
15	2	280	12.968	0.18	10.0	0.0	1.0	1.0
15	2	274	12.71	0.461	10.032	0.18	1.0	1.0
15	2	268	12.065	0.25	10.097	0.301	1.0	1.0
15	2	262	12.0	0.0	10.097	0.301	1.0	1.0
15	2	256	11.968	0.18	10.484	0.508	1.0	1.0
15	2	250	11.774	0.425	10.645	0.486	1.0	1.0
15	2	244	11.161	0.374	10.71	0.461	1.0	1.0
15	2	238	11.0	0.0	10.839	0.374	1.0	1.0
15	2	232	10.968	0.18	10.935	0.25	1.0	1.0
15	2	226	10.742	0.445	11.0	0.0	1.0	1.0
15	2	220	10.194	0.402	10.968	0.18	1.0	1.0
15	2	214	10.0	0.0	11.0	0.0	1.0	1.0
15	2	208	9.968	0.18	11.0	0.0	1.0	1.0
15	2	202	9.742	0.445	11.0	0.0	1.0	1.0
15	2	196	9.129	0.341	11.0	0.0	1.0	1.0
15	2	190	9.0	0.0	11.0	0.0	1.0	1.0
15	2	184	9.0	0.0	11.032	0.18	1.0	1.0
15	2	178	8.452	0.506	11.194	0.402	1.0	1.0
15	2	172	8.0	0.0	11.194	0.402	1.0	1.0
15	2	166	8.0	0.0	11.516	0.508	1.0	1.0
15	2	160	7.871	0.341	11.903	0.301	1.0	1.0
15	2	154	7.032	0.18	12.0	0.0	1.0	1.0
15	2	148	7.0	0.0	12.0	0.0	1.0	1.0
15	2	142	6.839	0.374	12.0	0.0	1.0	1.0
15	2	136	6.065	0.25	12.226	0.425	1.0	1.0
15	2	130	6.0	0.0	12.839	0.374	1.0	1.0
15	2	124	6.0	0.0	13.0	0.0	1.0	1.0
15	2	118	5.452	0.506	13.032	0.18	1.0	1.0
15	2	112	5.032	0.18	13.645	0.486	1.0	1.0
15	2	106	5.0	0.0	13.968	0.18	1.0	1.0
15	2	100	4.516	0.508	14.581	0.502	1.0	1.0
15	2	77	2.484	0.57	18.194	0.833	1.0	1.0
15	2	74	2.323	0.475	18.452	0.81	1.0	1.0
15	2	71	2.0	0.0	19.774	0.845	1.0	1.0
15	2	68	2.0	0.0	21.839	1.508	1.0	1.0
15	2	65	1.871	0.341	23.516	1.589	1.0	1.0
15	2	62	1.194	0.402	26.226	1.995	1.0	1.0
15	2	59	0.864	0.468	31.444	3.555	0.581	0.871
15	2	56	0.0	0.0	37.0	2.828	0.0	0.065
15	2	53	0.0	0.0	nan	nan	0.0	0.0
15	2	50	0.0	0.0	nan	nan	0.0	0.0
15	2	47	0.0	0.0	nan	nan	0.0	0.0
15	2	44	0.0	0.0	nan	nan	0.0	0.0
16	2	454	18.0	0.0	10.0	0.0	1.0	1.0
16	2	448	17.871	0.341	10.0	0.0	1.0	1.0
16	2	442	17.839	0.374	10.0	0.0	1.0	1.0
16	2	436	17.419	0.502	10.0	0.0	1.0	1.0
16	2	430	17.032	0.18	10.0	0.0	1.0	1.0
16	2	424	17.0	0.0	10.0	0.0	1.0	1.0
16	2	418	17.0	0.0	10.0	0.0	1.0	1.0
16	2	412	16.968	0.18	10.0	0.0	1.0	1.0
16	2	406	16.871	0.341	10.0	0.0	1.0	1.0
16	2	400	16.71	0.461	10.0	0.0	1.0	1.0
16	2	394	16.419	0.502	10.0	0.0	1.0	1.0
16	2	388	16.097	0.301	10.0	0.0	1.0	1.0
16	2	382	16.0	0.0	10.0	0.0	1.0	1.0
16	2	376	15.968	0.18	10.0	0.0	1.0	1.0
16	2	370	15.968	0.18	10.0	0.0	1.0	1.0
16	2	364	15.613	0.495	10.0	0.0	1.0	1.0
16	2	358	15.484	0.508	10.0	0.0	1.0	1.0
16	2	352	15.161	0.374	10.0	0.0	1.0	1.0
16	2	346	15.065	0.25	10.0	0.0	1.0	1.0
16	2	340	15.0	0.0	10.0	0.0	1.0	1.0
16	2	334	14.903	0.301	10.032	0.18	1.0	1.0
16	2	328	14.548	0.506	10.0	0.0	1.0	1.0
16	2	322	14.097	0.301	10.032	0.18	1.0	1.0
16	2	316	13.968	0.18	10.032	0.18	1.0	1.0
16	2	310	14.0	0.0	10.097	0.301	1.0	1.0
16	2	304	13.839	0.374	10.065	0.25	1.0	1.0
16	2	298	13.387	0.495	10.419	0.502	1.0	1.0
16	2	292	13.097	0.301	10.387	0.495	1.0	1.0
16	2	286	13.0	0.0	10.355	0.486	1.0	1.0
16	2	280	13.0	0.0	10.677	0.475	1.0	1.0
16	2	274	12.677	0.475	10.806	0.402	1.0	1.0
16	2	268	12.29	0.461	10.871	0.341	1.0	1.0
16	2	262	12.065	0.25	10.871	0.341	1.0	1.0
16	2	256	12.0	0.0	10.968	0.18	1.0	1.0
16	2	250	11.871	0.341	11.0	0.0	1.0	1.0
16	2	244	11.226	0.425	11.0	0.0	1.0	1.0
16	2	238	11.032	0.18	11.0	0.0	1.0	1.0
16	2	232	11.0	0.0	11.0	0.0	1.0	1.0
16	2	226	10.903	0.301	11.0	0.0	1.0	1.0
16	2	220	10.548	0.506	11.0	0.0	1.0	1.0
16	2	214	10.032	0.18	11.0	0.0	1.0	1.0
16	2	208	10.0	0.0	11.0	0.0	1.0	1.0
16	2	202	9.71	0.461	11.0	0.0	1.0	1.0
16	2	196	9.258	0.445	11.0	0.0	1.0	1.0
16	2	190	9.0	0.0	11.065	0.25	1.0	1.0
16	2	184	9.0	0.0	11.097	0.301	1.0	1.0
16	2	178	8.645	0.486	11.516	0.508	1.0	1.0
16	2	172	8.226	0.425	11.871	0.341	1.0	1.0
16	2	166	8.0	0.0	12.0	0.0	1.0	1.0
16	2	160	8.0	0.0	12.0	0.0	1.0	1.0
16	2	154	7.387	0.495	12.0	0.0	1.0	1.0
16	2	148	7.0	0.0	12.0	0.0	1.0	1.0
16	2	142	7.0	0.0	12.097	0.301	1.0	1.0
16	2	136	6.645	0.486	12.645	0.486	1.0	1.0
16	2	130	6.065	0.25	12.935	0.25	1.0	1.0
16	2	124	6.0	0.0	13.0	0.258	1.0	1.0
16	2	118	5.839	0.374	13.258	0.445	1.0	1.0
16	2	112	5.129	0.341	13.839	0.374	1.0	1.0
16	2	106	5.0	0.0	13.968	0.18	1.0	1.0
16	2	100	5.0	0.0	14.581	0.502	1.0	1.0
16	2	77	3.355	0.608	17.71	0.529	1.0	1.0
16	2	74	2.226	0.56	18.742	0.682	1.0	1.0
16	2	71	2.0	0.0	19.742	0.815	1.0	1.0
16	2	68	2.0	0.0	21.258	0.999	1.0	1.0
16	2	65	2.0	0.0	23.323	1.166	1.0	1.0
16	2	62	1.839	0.374	26.613	2.011	1.0	1.0
16	2	59	1.143	0.793	32.846	4.125	0.516	0.839
16	2	56	0.065	0.359	28.0	0.0	0.032	0.032
16	2	53	0.0	0.0	nan	nan	0.0	0.0
16	2	50	0.0	0.0	nan	nan	0.0	0.0
16	2	47	0.0	0.0	nan	nan	0.0	0.0
16	2	44	0.0	0.0	nan	nan	0.0	0.0
17	2	454	16.903	0.301	9.0	0.0	1.0	1.0
17	2	448	16.806	0.402	9.0	0.0	1.0	1.0
17	2	442	16.516	0.508	9.0	0.0	1.0	1.0
17	2	436	16.226	0.425	9.032	0.18	1.0	1.0
17	2	430	16.097	0.301	9.0	0.0	1.0	1.0
17	2	424	16.0	0.0	9.0	0.0	1.0	1.0
17	2	418	16.0	0.0	9.0	0.0	1.0	1.0
17	2	412	16.0	0.0	9.0	0.0	1.0	1.0
17	2	406	15.968	0.18	9.0	0.0	1.0	1.0
17	2	400	15.677	0.475	9.0	0.0	1.0	1.0
17	2	394	15.581	0.502	9.032	0.18	1.0	1.0
17	2	388	15.226	0.425	9.0	0.0	1.0	1.0
17	2	382	15.097	0.301	9.0	0.0	1.0	1.0
17	2	376	15.0	0.0	9.032	0.18	1.0	1.0
17	2	370	14.968	0.18	9.032	0.18	1.0	1.0
17	2	364	14.903	0.301	9.065	0.25	1.0	1.0
17	2	358	14.839	0.374	9.097	0.301	1.0	1.0
17	2	352	14.29	0.461	9.226	0.425	1.0	1.0
17	2	346	14.097	0.301	9.323	0.475	1.0	1.0
17	2	340	14.0	0.0	9.419	0.502	1.0	1.0
17	2	334	14.0	0.0	9.452	0.506	1.0	1.0
17	2	328	13.774	0.425	9.677	0.475	1.0	1.0
17	2	322	13.419	0.502	9.71	0.461	1.0	1.0
17	2	316	13.129	0.341	9.871	0.341	1.0	1.0
17	2	310	13.032	0.18	9.806	0.402	1.0	1.0
17	2	304	12.968	0.18	9.903	0.301	1.0	1.0
17	2	298	12.903	0.301	9.968	0.18	1.0	1.0
17	2	292	12.742	0.445	9.935	0.25	1.0	1.0
17	2	286	12.355	0.486	10.0	0.0	1.0	1.0
17	2	280	12.0	0.0	10.0	0.0	1.0	1.0
17	2	274	12.0	0.0	10.0	0.0	1.0	1.0
17	2	268	11.871	0.341	10.0	0.0	1.0	1.0
17	2	262	11.613	0.495	10.0	0.0	1.0	1.0
17	2	256	11.194	0.402	10.0	0.0	1.0	1.0
17	2	250	11.0	0.0	10.0	0.0	1.0	1.0
17	2	244	11.0	0.0	10.0	0.0	1.0	1.0
17	2	238	10.806	0.402	10.0	0.0	1.0	1.0
17	2	232	10.387	0.495	10.0	0.0	1.0	1.0
17	2	226	10.032	0.18	10.0	0.0	1.0	1.0
17	2	220	10.0	0.0	10.0	0.0	1.0	1.0
17	2	214	9.903	0.301	10.0	0.0	1.0	1.0
17	2	208	9.29	0.461	10.0	0.0	1.0	1.0
17	2	202	9.0	0.0	10.0	0.0	1.0	1.0
17	2	196	9.0	0.0	10.065	0.25	1.0	1.0
17	2	190	8.935	0.25	10.161	0.374	1.0	1.0
17	2	184	8.226	0.425	10.548	0.506	1.0	1.0
17	2	178	8.0	0.0	10.806	0.402	1.0	1.0
17	2	172	8.0	0.0	11.0	0.0	1.0	1.0
17	2	166	7.774	0.425	11.0	0.0	1.0	1.0
17	2	160	7.097	0.301	11.0	0.0	1.0	1.0
17	2	154	7.0	0.0	11.0	0.0	1.0	1.0
17	2	148	6.968	0.18	11.0	0.0	1.0	1.0
17	2	142	6.484	0.508	11.29	0.461	1.0	1.0
17	2	136	6.065	0.25	11.903	0.301	1.0	1.0
17	2	130	6.0	0.0	12.0	0.0	1.0	1.0
17	2	124	5.968	0.18	12.0	0.0	1.0	1.0
17	2	118	5.194	0.402	12.161	0.374	1.0	1.0
17	2	112	5.0	0.0	12.871	0.341	1.0	1.0
17	2	106	5.0	0.0	13.032	0.18	1.0	1.0
17	2	100	4.581	0.502	13.581	0.502	1.0	1.0
17	2	77	3.129	0.341	16.581	0.502	1.0	1.0
17	2	74	3.0	0.258	17.258	0.514	1.0	1.0
17	2	71	2.484	0.508	18.29	0.693	1.0	1.0
17	2	68	2.097	0.301	19.355	0.985	1.0	1.0
17	2	65	2.0	0.258	21.065	1.672	1.0	1.0
17	2	62	1.774	0.425	23.871	1.176	1.0	1.0
17	2	59	1.065	0.359	27.5	2.838	0.968	0.968
17	2	56	0.103	0.31	32.0	3.536	0.097	0.161
17	2	53	0.0	0.0	nan	nan	0.0	0.0
17	2	50	0.0	0.0	nan	nan	0.0	0.0
17	2	47	0.0	0.0	nan	nan	0.0	0.0
17	2	44	0.0	0.0	nan	nan	0.0	0.0
18	2	454	16.613	0.495	9.0	0.0	1.0	1.0
18	2	448	16.355	0.486	9.0	0.0	1.0	1.0
18	2	442	16.065	0.25	9.0	0.0	1.0	1.0
18	2	436	16.0	0.0	9.0	0.0	1.0	1.0
18	2	430	16.0	0.0	9.0	0.0	1.0	1.0
18	2	424	16.0	0.0	9.0	0.0	1.0	1.0
18	2	418	16.0	0.0	9.0	0.0	1.0	1.0
18	2	412	15.903	0.301	9.0	0.0	1.0	1.0
18	2	406	15.71	0.461	9.0	0.0	1.0	1.0
18	2	400	15.194	0.402	9.0	0.0	1.0	1.0
18	2	394	15.129	0.341	9.0	0.0	1.0	1.0
18	2	388	15.0	0.0	9.0	0.0	1.0	1.0
18	2	382	15.0	0.0	9.0	0.0	1.0	1.0
18	2	376	14.968	0.18	9.0	0.0	1.0	1.0
18	2	370	14.935	0.25	9.0	0.0	1.0	1.0
18	2	364	14.484	0.508	9.0	0.0	1.0	1.0
18	2	358	14.226	0.425	9.0	0.0	1.0	1.0
18	2	352	14.065	0.25	9.0	0.0	1.0	1.0
18	2	346	14.032	0.18	9.0	0.0	1.0	1.0
18	2	340	14.0	0.0	9.0	0.0	1.0	1.0
18	2	334	13.742	0.445	9.0	0.0	1.0	1.0
18	2	328	13.484	0.508	9.0	0.0	1.0	1.0
18	2	322	13.323	0.475	9.0	0.0	1.0	1.0
18	2	316	13.032	0.18	9.0	0.0	1.0	1.0
18	2	310	13.0	0.0	9.0	0.0	1.0	1.0
18	2	304	12.968	0.18	9.0	0.0	1.0	1.0
18	2	298	12.645	0.486	9.0	0.0	1.0	1.0
18	2	292	12.258	0.445	9.0	0.0	1.0	1.0
18	2	286	12.065	0.25	9.0	0.0	1.0	1.0
18	2	280	12.0	0.0	9.0	0.0	1.0	1.0
18	2	274	11.935	0.25	9.0	0.0	1.0	1.0
18	2	268	11.548	0.506	9.0	0.0	1.0	1.0
18	2	262	11.065	0.25	9.032	0.18	1.0	1.0
18	2	256	11.0	0.0	9.129	0.341	1.0	1.0
18	2	250	11.0	0.0	9.29	0.461	1.0	1.0
18	2	244	10.806	0.402	9.323	0.475	1.0	1.0
18	2	238	10.161	0.374	9.613	0.495	1.0	1.0
18	2	232	10.0	0.0	9.839	0.374	1.0	1.0
18	2	226	9.968	0.18	9.935	0.25	1.0	1.0
18	2	220	9.806	0.402	10.0	0.0	1.0	1.0
18	2	214	9.194	0.402	10.0	0.0	1.0	1.0
18	2	208	9.065	0.25	10.0	0.0	1.0	1.0
18	2	202	9.0	0.0	10.0	0.0	1.0	1.0
18	2	196	8.774	0.425	10.0	0.0	1.0	1.0
18	2	190	8.258	0.445	10.0	0.0	1.0	1.0
18	2	184	8.0	0.0	10.0	0.0	1.0	1.0
18	2	178	7.968	0.18	10.0	0.0	1.0	1.0
18	2	172	7.839	0.374	10.0	0.0	1.0	1.0
18	2	166	7.323	0.475	10.065	0.25	1.0	1.0
18	2	160	7.0	0.0	10.71	0.461	1.0	1.0
18	2	154	6.935	0.25	10.871	0.341	1.0	1.0
18	2	148	6.516	0.508	11.0	0.0	1.0	1.0
18	2	142	6.065	0.25	11.0	0.0	1.0	1.0
18	2	136	6.0	0.0	11.0	0.0	1.0	1.0
18	2	130	5.903	0.301	11.194	0.402	1.0	1.0
18	2	124	5.161	0.374	11.871	0.341	1.0	1.0
18	2	118	5.0	0.0	12.0	0.0	1.0	1.0
18	2	112	5.0	0.0	12.161	0.374	1.0	1.0
18	2	106	4.452	0.506	12.903	0.301	1.0	1.0
18	2	100	4.032	0.18	13.032	0.315	1.0	1.0
18	2	77	3.0	0.0	16.129	0.562	1.0	1.0
18	2	74	2.935	0.25	16.935	0.629	1.0	1.0
18	2	71	2.581	0.502	17.774	0.617	1.0	1.0
18	2	68	1.516	0.626	19.032	1.08	1.0	1.0
18	2	65	1.097	0.301	20.968	1.722	1.0	1.0
18	2	62	1.032	0.18	23.258	1.437	1.0	1.0
18	2	59	0.806	0.402	25.76	3.218	0.806	0.806
18	2	56	0.258	0.445	27.125	1.356	0.258	0.258
18	2	53	0.0	0.0	nan	nan	0.0	0.0
18	2	50	0.0	0.0	nan	nan	0.0	0.0
18	2	47	0.0	0.0	nan	nan	0.0	0.0
18	2	44	0.0	0.0	nan	nan	0.0	0.0
19	2	454	17.548	0.506	9.0	0.0	1.0	1.0
19	2	448	17.419	0.502	9.0	0.0	1.0	1.0
19	2	442	17.129	0.341	9.0	0.0	1.0	1.0
19	2	436	17.032	0.18	9.0	0.0	1.0	1.0
19	2	430	17.0	0.0	9.0	0.0	1.0	1.0
19	2	424	17.032	0.18	9.0	0.0	1.0	1.0
19	2	418	17.0	0.0	9.0	0.0	1.0	1.0
19	2	412	16.645	0.486	9.0	0.0	1.0	1.0
19	2	406	16.548	0.506	9.0	0.0	1.0	1.0
19	2	400	16.226	0.425	9.0	0.0	1.0	1.0
19	2	394	16.129	0.341	9.0	0.0	1.0	1.0
19	2	388	16.032	0.18	9.0	0.0	1.0	1.0
19	2	382	16.0	0.0	9.032	0.18	1.0	1.0
19	2	376	16.0	0.0	9.065	0.25	1.0	1.0
19	2	370	15.71	0.461	9.065	0.25	1.0	1.0
19	2	364	15.258	0.445	9.065	0.25	1.0	1.0
19	2	358	15.097	0.301	9.161	0.374	1.0	1.0
19	2	352	15.0	0.0	9.226	0.425	1.0	1.0
19	2	346	15.0	0.0	9.161	0.374	1.0	1.0
19	2	340	14.806	0.402	9.419	0.502	1.0	1.0
19	2	334	14.452	0.506	9.548	0.506	1.0	1.0
19	2	328	14.097	0.301	9.645	0.486	1.0	1.0
19	2	322	14.0	0.0	9.742	0.445	1.0	1.0
19	2	316	14.0	0.0	9.871	0.341	1.0	1.0
19	2	310	14.0	0.0	9.935	0.25	1.0	1.0
19	2	304	13.484	0.508	10.0	0.0	1.0	1.0
19	2	298	13.032	0.18	10.0	0.0	1.0	1.0
19	2	292	13.0	0.0	10.0	0.0	1.0	1.0
19	2	286	13.0	0.0	10.0	0.0	1.0	1.0
19	2	280	12.871	0.341	10.0	0.0	1.0	1.0
19	2	274	12.161	0.374	10.0	0.0	1.0	1.0
19	2	268	12.032	0.18	10.0	0.0	1.0	1.0
19	2	262	12.0	0.0	10.0	0.0	1.0	1.0
19	2	256	11.968	0.18	10.0	0.0	1.0	1.0
19	2	250	11.452	0.506	10.0	0.0	1.0	1.0
19	2	244	11.129	0.341	10.0	0.0	1.0	1.0
19	2	238	11.0	0.0	10.0	0.0	1.0	1.0
19	2	232	11.0	0.0	10.0	0.0	1.0	1.0
19	2	226	10.419	0.502	10.0	0.0	1.0	1.0
19	2	220	10.065	0.25	10.0	0.0	1.0	1.0
19	2	214	9.968	0.18	10.0	0.0	1.0	1.0
19	2	208	9.871	0.341	10.0	0.0	1.0	1.0
19	2	202	9.516	0.508	10.0	0.0	1.0	1.0
19	2	196	9.032	0.18	10.129	0.341	1.0	1.0
19	2	190	9.0	0.0	10.548	0.506	1.0	1.0
19	2	184	8.871	0.341	10.871	0.341	1.0	1.0
19	2	178	8.323	0.475	10.968	0.18	1.0	1.0
19	2	172	8.065	0.25	11.0	0.0	1.0	1.0
19	2	166	8.0	0.0	11.0	0.0	1.0	1.0
19	2	160	7.516	0.508	11.0	0.0	1.0	1.0
19	2	154	7.032	0.18	11.0	0.0	1.0	1.0
19	2	148	7.0	0.0	11.194	0.402	1.0	1.0
19	2	142	6.871	0.341	11.677	0.475	1.0	1.0
19	2	136	6.065	0.25	11.935	0.25	1.0	1.0
19	2	130	6.0	0.0	12.0	0.0	1.0	1.0
19	2	124	5.968	0.18	12.129	0.341	1.0	1.0
19	2	118	5.323	0.475	12.774	0.425	1.0	1.0
19	2	112	5.0	0.0	12.968	0.18	1.0	1.0
19	2	106	4.968	0.18	13.226	0.425	1.0	1.0
19	2	100	4.516	0.508	13.903	0.301	1.0	1.0
19	2	77	2.968	0.315	17.355	0.551	1.0	1.0
19	2	74	2.452	0.506	18.484	1.262	1.0	1.0
19	2	71	2.161	0.374	19.0	0.775	1.0	1.0
19	2	68	1.968	0.18	21.613	1.909	1.0	1.0
19	2	65	1.839	0.374	23.548	1.091	1.0	1.0
19	2	62	1.333	0.547	27.5	3.452	0.935	0.968
19	2	59	0.714	0.644	33.174	2.933	0.419	0.742
19	2	56	0.0	0.0	nan	nan	0.0	0.0
19	2	53	0.0	0.0	nan	nan	0.0	0.0
19	2	50	0.0	0.0	nan	nan	0.0	0.0
19	2	47	0.0	0.0	nan	nan	0.0	0.0
19	2	44	0.0	0.0	nan	nan	0.0	0.0
20	2	454	15.258	0.514	9.0	0.0	1.0	1.0
20	2	448	15.129	0.341	9.0	0.0	1.0	1.0
20	2	442	14.935	0.25	9.065	0.25	1.0	1.0
20	2	436	14.903	0.396	9.032	0.18	1.0	1.0
20	2	430	14.742	0.445	9.0	0.0	1.0	1.0
20	2	424	14.452	0.506	9.032	0.18	1.0	1.0
20	2	418	14.548	0.506	9.0	0.0	1.0	1.0
20	2	412	14.452	0.506	9.032	0.18	1.0	1.0
20	2	406	14.194	0.402	9.065	0.25	1.0	1.0
20	2	400	14.097	0.301	9.065	0.25	1.0	1.0
20	2	394	14.097	0.301	9.161	0.374	1.0	1.0
20	2	388	13.935	0.25	9.161	0.374	1.0	1.0
20	2	382	13.742	0.445	9.129	0.341	1.0	1.0
20	2	376	13.613	0.495	9.226	0.425	1.0	1.0
20	2	370	13.323	0.475	9.194	0.402	1.0	1.0
20	2	364	13.194	0.402	9.355	0.486	1.0	1.0
20	2	358	13.129	0.428	9.516	0.508	1.0	1.0
20	2	352	12.935	0.25	9.71	0.461	1.0	1.0
20	2	346	12.839	0.374	9.613	0.495	1.0	1.0
20	2	340	12.645	0.486	9.774	0.425	1.0	1.0
20	2	334	12.355	0.486	9.742	0.445	1.0	1.0
20	2	328	12.323	0.475	9.839	0.374	1.0	1.0
20	2	322	12.129	0.341	9.935	0.25	1.0	1.0
20	2	316	12.032	0.315	9.871	0.341	1.0	1.0
20	2	310	11.871	0.341	9.903	0.301	1.0	1.0
20	2	304	11.613	0.495	10.0	0.0	1.0	1.0
20	2	298	11.419	0.502	9.968	0.18	1.0	1.0
20	2	292	11.194	0.402	10.0	0.0	1.0	1.0
20	2	286	11.0	0.0	10.0	0.0	1.0	1.0
20	2	280	10.871	0.341	10.0	0.0	1.0	1.0
20	2	274	10.806	0.402	10.0	0.0	1.0	1.0
20	2	268	10.419	0.502	10.0	0.0	1.0	1.0
20	2	262	10.258	0.445	10.0	0.0	1.0	1.0
20	2	256	10.032	0.18	10.0	0.0	1.0	1.0
20	2	250	9.903	0.301	10.0	0.0	1.0	1.0
20	2	244	9.581	0.502	10.0	0.0	1.0	1.0
20	2	238	9.452	0.506	10.0	0.0	1.0	1.0
20	2	232	9.065	0.25	10.0	0.0	1.0	1.0
20	2	226	9.0	0.0	10.0	0.0	1.0	1.0
20	2	220	8.871	0.341	10.0	0.0	1.0	1.0
20	2	214	8.677	0.475	10.0	0.0	1.0	1.0
20	2	208	8.226	0.425	10.0	0.0	1.0	1.0
20	2	202	8.0	0.0	10.0	0.0	1.0	1.0
20	2	196	7.968	0.18	10.129	0.341	1.0	1.0
20	2	190	7.774	0.425	10.419	0.502	1.0	1.0
20	2	184	7.419	0.502	10.774	0.425	1.0	1.0
20	2	178	7.032	0.18	10.871	0.341	1.0	1.0
20	2	172	7.0	0.0	11.0	0.0	1.0	1.0
20	2	166	6.806	0.402	11.0	0.0	1.0	1.0
20	2	160	6.258	0.445	11.0	0.0	1.0	1.0
20	2	154	6.065	0.25	11.0	0.0	1.0	1.0
20	2	148	5.968	0.18	11.0	0.0	1.0	1.0
20	2	142	5.839	0.374	11.419	0.502	1.0	1.0
20	2	136	5.226	0.425	11.839	0.374	1.0	1.0
20	2	130	5.0	0.0	12.0	0.0	1.0	1.0
20	2	124	5.0	0.0	12.032	0.18	1.0	1.0
20	2	118	4.806	0.402	12.387	0.495	1.0	1.0
20	2	112	4.226	0.425	12.968	0.18	1.0	1.0
20	2	106	4.0	0.0	13.097	0.301	1.0	1.0
20	2	100	4.0	0.0	13.742	0.445	1.0	1.0
20	2	77	2.871	0.341	17.032	0.605	1.0	1.0
20	2	74	2.581	0.62	17.677	0.748	1.0	1.0
20	2	71	1.839	0.735	18.581	0.765	1.0	1.0
20	2	68	1.097	0.301	20.29	1.371	1.0	1.0
20	2	65	1.065	0.25	22.323	1.326	1.0	1.0
20	2	62	1.0	0.0	25.226	3.481	0.968	1.0
20	2	59	0.483	0.509	28.188	3.331	0.452	0.516
20	2	56	0.0	0.0	nan	nan	0.0	0.0
20	2	53	0.0	0.0	nan	nan	0.0	0.0
20	2	50	0.0	0.0	nan	nan	0.0	0.0
20	2	47	0.0	0.0	nan	nan	0.0	0.0
20	2	44	0.0	0.0	nan	nan	0.0	0.0
21	2	454	19.935	0.25	10.0	0.0	1.0	1.0
21	2	448	19.484	0.508	10.0	0.0	1.0	1.0
21	2	442	19.419	0.502	10.0	0.0	1.0	1.0
21	2	436	19.032	0.18	10.0	0.0	1.0	1.0
21	2	430	19.065	0.25	10.0	0.0	1.0	1.0
21	2	424	18.968	0.18	10.0	0.0	1.0	1.0
21	2	418	18.903	0.301	10.0	0.0	1.0	1.0
21	2	412	18.548	0.506	10.0	0.0	1.0	1.0
21	2	406	18.419	0.502	10.0	0.0	1.0	1.0
21	2	400	18.032	0.18	10.0	0.0	1.0	1.0
21	2	394	18.0	0.0	10.0	0.0	1.0	1.0
21	2	388	18.0	0.0	10.0	0.0	1.0	1.0
21	2	382	17.71	0.461	10.0	0.0	1.0	1.0
21	2	376	17.387	0.495	10.0	0.0	1.0	1.0
21	2	370	17.161	0.374	10.0	0.0	1.0	1.0
21	2	364	17.032	0.18	10.0	0.0	1.0	1.0
21	2	358	16.935	0.25	10.0	0.0	1.0	1.0
21	2	352	16.871	0.341	10.0	0.0	1.0	1.0
21	2	346	16.452	0.506	10.0	0.0	1.0	1.0
21	2	340	16.194	0.402	10.0	0.0	1.0	1.0
21	2	334	16.0	0.0	10.0	0.0	1.0	1.0
21	2	328	15.968	0.18	10.0	0.0	1.0	1.0
21	2	322	15.516	0.508	10.0	0.0	1.0	1.0
21	2	316	15.194	0.402	10.0	0.0	1.0	1.0
21	2	310	15.032	0.18	10.0	0.0	1.0	1.0
21	2	304	14.935	0.25	10.0	0.0	1.0	1.0
21	2	298	14.742	0.445	10.0	0.0	1.0	1.0
21	2	292	14.226	0.425	10.0	0.0	1.0	1.0
21	2	286	14.032	0.18	10.0	0.0	1.0	1.0
21	2	280	14.0	0.0	10.0	0.0	1.0	1.0
21	2	274	13.71	0.461	10.0	0.0	1.0	1.0
21	2	268	13.065	0.25	10.0	0.0	1.0	1.0
21	2	262	13.0	0.258	10.0	0.0	1.0	1.0
21	2	256	13.0	0.0	10.0	0.0	1.0	1.0
21	2	250	12.613	0.495	10.0	0.0	1.0	1.0
21	2	244	12.065	0.25	10.032	0.18	1.0	1.0
21	2	238	11.968	0.18	10.097	0.301	1.0	1.0
21	2	232	11.742	0.445	10.194	0.402	1.0	1.0
21	2	226	11.161	0.374	10.419	0.502	1.0	1.0
21	2	220	11.0	0.0	10.613	0.495	1.0	1.0
21	2	214	10.903	0.301	10.871	0.341	1.0	1.0
21	2	208	10.387	0.495	11.0	0.0	1.0	1.0
21	2	202	10.0	0.0	11.0	0.0	1.0	1.0
21	2	196	9.968	0.18	11.0	0.0	1.0	1.0
21	2	190	9.645	0.486	11.0	0.0	1.0	1.0
21	2	184	9.065	0.25	11.0	0.0	1.0	1.0
21	2	178	9.0	0.0	11.0	0.0	1.0	1.0
21	2	172	8.806	0.402	11.0	0.0	1.0	1.0
21	2	166	8.032	0.18	11.032	0.18	1.0	1.0
21	2	160	8.0	0.0	11.129	0.341	1.0	1.0
21	2	154	7.871	0.341	11.516	0.508	1.0	1.0
21	2	148	7.032	0.18	11.935	0.25	1.0	1.0
21	2	142	7.0	0.0	12.0	0.0	1.0	1.0
21	2	136	6.742	0.445	12.0	0.0	1.0	1.0
21	2	130	6.161	0.374	12.065	0.25	1.0	1.0
21	2	124	6.0	0.0	12.71	0.461	1.0	1.0
21	2	118	5.742	0.445	12.968	0.18	1.0	1.0
21	2	112	5.065	0.25	13.065	0.25	1.0	1.0
21	2	106	4.968	0.18	13.516	0.508	1.0	1.0
21	2	100	4.645	0.486	14.0	0.258	1.0	1.0
21	2	77	2.968	0.18	17.097	0.651	1.0	1.0
21	2	74	2.839	0.374	17.581	0.502	1.0	1.0
21	2	71	1.968	0.547	18.645	0.661	1.0	1.0
21	2	68	1.29	0.461	19.968	0.983	1.0	1.0
21	2	65	1.161	0.374	20.968	1.14	1.0	1.0
21	2	62	1.0	0.0	23.806	1.558	0.968	1.0
21	2	59	0.643	0.488	26.429	2.959	0.581	0.677
21	2	56	0.032	0.18	33.0	0.0	0.032	0.032
21	2	53	0.0	0.0	nan	nan	0.0	0.0
21	2	50	0.0	0.0	nan	nan	0.0	0.0
21	2	47	0.0	0.0	nan	nan	0.0	0.0
21	2	44	0.0	0.0	nan	nan	0.0	0.0
22	2	454	15.419	0.502	9.0	0.0	1.0	1.0
22	2	448	15.161	0.374	9.0	0.0	1.0	1.0
22	2	442	15.0	0.0	9.032	0.18	1.0	1.0
22	2	436	15.032	0.18	9.032	0.18	1.0	1.0
22	2	430	15.0	0.0	9.065	0.25	1.0	1.0
22	2	424	15.0	0.0	9.097	0.301	1.0	1.0
22	2	418	14.935	0.25	9.097	0.301	1.0	1.0
22	2	412	14.71	0.461	9.129	0.341	1.0	1.0
22	2	406	14.29	0.461	9.129	0.341	1.0	1.0
22	2	400	14.097	0.301	9.194	0.402	1.0	1.0
22	2	394	14.0	0.0	9.258	0.445	1.0	1.0
22	2	388	14.0	0.0	9.161	0.374	1.0	1.0
22	2	382	13.968	0.18	9.613	0.495	1.0	1.0
22	2	376	13.903	0.301	9.419	0.502	1.0	1.0
22	2	370	13.774	0.425	9.71	0.461	1.0	1.0
22	2	364	13.355	0.486	9.742	0.445	1.0	1.0
22	2	358	13.161	0.374	9.742	0.445	1.0	1.0
22	2	352	13.0	0.0	9.806	0.402	1.0	1.0
22	2	346	13.032	0.18	9.871	0.341	1.0	1.0
22	2	340	12.968	0.18	9.968	0.18	1.0	1.0
22	2	334	12.839	0.374	9.903	0.301	1.0	1.0
22	2	328	12.484	0.508	9.935	0.25	1.0	1.0
22	2	322	12.097	0.301	10.0	0.0	1.0	1.0
22	2	316	12.0	0.0	10.0	0.0	1.0	1.0
22	2	310	12.0	0.0	10.0	0.0	1.0	1.0
22	2	304	11.871	0.341	10.0	0.0	1.0	1.0
22	2	298	11.742	0.445	10.0	0.0	1.0	1.0
22	2	292	11.226	0.425	10.0	0.0	1.0	1.0
22	2	286	11.097	0.301	10.0	0.0	1.0	1.0
22	2	280	11.0	0.0	10.0	0.0	1.0	1.0
22	2	274	10.871	0.341	10.0	0.0	1.0	1.0
22	2	268	10.806	0.402	10.0	0.0	1.0	1.0
22	2	262	10.194	0.402	10.0	0.0	1.0	1.0
22	2	256	10.0	0.0	10.0	0.0	1.0	1.0
22	2	250	10.0	0.0	10.0	0.0	1.0	1.0
22	2	244	9.968	0.18	10.0	0.0	1.0	1.0
22	2	238	9.516	0.508	10.0	0.0	1.0	1.0
22	2	232	9.032	0.18	10.0	0.0	1.0	1.0
22	2	226	8.968	0.18	10.0	0.0	1.0	1.0
22	2	220	8.968	0.18	10.0	0.0	1.0	1.0
22	2	214	8.645	0.486	10.032	0.18	1.0	1.0
22	2	208	8.129	0.341	10.0	0.0	1.0	1.0
22	2	202	8.0	0.0	10.097	0.301	1.0	1.0
22	2	196	8.0	0.0	10.226	0.425	1.0	1.0
22	2	190	7.742	0.445	10.419	0.502	1.0	1.0
22	2	184	7.387	0.495	10.806	0.402	1.0	1.0
22	2	178	7.0	0.0	10.839	0.374	1.0	1.0
22	2	172	7.0	0.0	11.0	0.0	1.0	1.0
22	2	166	6.774	0.425	11.0	0.0	1.0	1.0
22	2	160	6.226	0.425	11.0	0.0	1.0	1.0
22	2	154	6.032	0.18	11.0	0.0	1.0	1.0
22	2	148	6.0	0.0	11.065	0.25	1.0	1.0
22	2	142	5.839	0.374	11.484	0.508	1.0	1.0
22	2	136	5.258	0.445	11.871	0.341	1.0	1.0
22	2	130	5.0	0.0	12.0	0.0	1.0	1.0
22	2	124	4.968	0.18	12.0	0.0	1.0	1.0
22	2	118	4.645	0.486	12.355	0.486	1.0	1.0
22	2	112	4.065	0.25	12.935	0.25	1.0	1.0
22	2	106	4.0	0.0	13.032	0.18	1.0	1.0
22	2	100	3.935	0.25	13.548	0.506	1.0	1.0
22	2	77	2.774	0.425	16.452	0.568	1.0	1.0
22	2	74	2.581	0.502	17.065	0.727	1.0	1.0
22	2	71	1.742	0.575	17.806	0.601	1.0	1.0
22	2	68	1.065	0.25	19.097	0.908	1.0	1.0
22	2	65	1.065	0.25	20.097	1.423	1.0	1.0
22	2	62	0.935	0.25	22.276	1.601	0.935	0.935
22	2	59	0.828	0.384	25.308	1.379	0.774	0.839
22	2	56	0.032	0.18	26.0	0.0	0.032	0.032
22	2	53	0.0	0.0	nan	nan	0.0	0.0
22	2	50	0.0	0.0	nan	nan	0.0	0.0
22	2	47	0.0	0.0	nan	nan	0.0	0.0
22	2	44	0.0	0.0	nan	nan	0.0	0.0
23	2	454	21.968	0.18	9.097	0.301	1.0	1.0
23	2	448	21.871	0.341	9.065	0.25	1.0	1.0
23	2	442	21.581	0.502	9.194	0.402	1.0	1.0
23	2	436	21.29	0.461	9.387	0.495	1.0	1.0
23	2	430	21.194	0.402	9.226	0.425	1.0	1.0
23	2	424	21.032	0.18	9.419	0.502	1.0	1.0
23	2	418	20.935	0.25	9.323	0.475	1.0	1.0
23	2	412	20.839	0.374	9.516	0.508	1.0	1.0
23	2	406	20.484	0.508	9.484	0.508	1.0	1.0
23	2	400	20.387	0.495	9.581	0.502	1.0	1.0
23	2	394	19.968	0.315	9.677	0.475	1.0	1.0
23	2	388	19.935	0.359	9.71	0.461	1.0	1.0
23	2	382	19.677	0.475	9.645	0.486	1.0	1.0
23	2	376	19.452	0.506	9.871	0.341	1.0	1.0
23	2	370	19.29	0.461	9.839	0.374	1.0	1.0
23	2	364	19.032	0.18	9.968	0.18	1.0	1.0
23	2	358	18.871	0.341	9.935	0.25	1.0	1.0
23	2	352	18.645	0.486	9.935	0.25	1.0	1.0
23	2	346	18.484	0.508	9.935	0.25	1.0	1.0
23	2	340	18.032	0.18	9.968	0.18	1.0	1.0
23	2	334	17.968	0.18	10.0	0.0	1.0	1.0
23	2	328	17.677	0.475	10.0	0.0	1.0	1.0
23	2	322	17.355	0.486	10.0	0.0	1.0	1.0
23	2	316	17.032	0.18	10.0	0.0	1.0	1.0
23	2	310	16.871	0.341	9.968	0.18	1.0	1.0
23	2	304	16.452	0.506	10.0	0.0	1.0	1.0
23	2	298	16.194	0.402	10.0	0.0	1.0	1.0
23	2	292	16.065	0.25	10.0	0.0	1.0	1.0
23	2	286	15.871	0.341	10.0	0.0	1.0	1.0
23	2	280	15.258	0.445	10.0	0.0	1.0	1.0
23	2	274	15.0	0.0	10.0	0.0	1.0	1.0
23	2	268	14.903	0.301	10.0	0.0	1.0	1.0
23	2	262	14.548	0.506	10.0	0.0	1.0	1.0
23	2	256	14.129	0.341	10.0	0.0	1.0	1.0
23	2	250	14.0	0.0	10.0	0.0	1.0	1.0
23	2	244	13.613	0.495	10.0	0.0	1.0	1.0
23	2	238	13.097	0.301	10.0	0.0	1.0	1.0
23	2	232	13.0	0.0	10.0	0.0	1.0	1.0
23	2	226	12.71	0.461	10.0	0.0	1.0	1.0
23	2	220	12.258	0.445	10.0	0.0	1.0	1.0
23	2	214	11.968	0.18	10.097	0.301	1.0	1.0
23	2	208	11.677	0.475	10.129	0.341	1.0	1.0
23	2	202	11.097	0.301	10.387	0.495	1.0	1.0
23	2	196	11.0	0.0	10.516	0.508	1.0	1.0
23	2	190	10.645	0.486	10.806	0.402	1.0	1.0
23	2	184	10.161	0.374	11.0	0.0	1.0	1.0
23	2	178	9.903	0.301	11.0	0.0	1.0	1.0
23	2	172	9.613	0.495	11.0	0.0	1.0	1.0
23	2	166	9.065	0.25	11.0	0.0	1.0	1.0
23	2	160	8.935	0.25	11.0	0.0	1.0	1.0
23	2	154	8.226	0.425	11.0	0.0	1.0	1.0
23	2	148	8.032	0.18	11.29	0.461	1.0	1.0
23	2	142	7.645	0.486	11.71	0.461	1.0	1.0
23	2	136	7.129	0.341	11.903	0.301	1.0	1.0
23	2	130	6.935	0.25	12.0	0.0	1.0	1.0
23	2	124	6.387	0.495	12.129	0.341	1.0	1.0
23	2	118	6.032	0.18	12.71	0.461	1.0	1.0
23	2	112	5.677	0.475	12.968	0.18	1.0	1.0
23	2	106	5.129	0.341	13.226	0.425	1.0	1.0
23	2	100	4.968	0.18	13.71	0.461	1.0	1.0
23	2	77	3.29	0.461	16.355	0.486	1.0	1.0
23	2	74	3.0	0.447	17.226	0.717	1.0	1.0
23	2	71	2.419	0.62	18.161	0.779	1.0	1.0
23	2	68	1.774	0.669	19.226	1.175	1.0	1.0
23	2	65	1.29	0.529	20.71	1.321	1.0	1.0
23	2	62	1.129	0.499	22.793	1.656	0.935	0.935
23	2	59	0.679	0.476	24.409	1.593	0.613	0.71
23	2	56	0.167	0.379	29.5	4.506	0.161	0.194
23	2	53	0.032	0.18	26.0	0.0	0.032	0.032
23	2	50	0.0	0.0	nan	nan	0.0	0.0
23	2	47	0.0	0.0	nan	nan	0.0	0.0
23	2	44	0.0	0.0	nan	nan	0.0	0.0
24	2	454	15.71	0.461	9.968	0.18	1.0	1.0
24	2	448	15.613	0.495	9.903	0.301	1.0	1.0
24	2	442	15.226	0.425	9.935	0.25	1.0	1.0
24	2	436	15.065	0.25	10.0	0.0	1.0	1.0
24	2	430	15.032	0.18	9.968	0.18	1.0	1.0
24	2	424	15.0	0.0	10.0	0.0	1.0	1.0
24	2	418	15.0	0.0	10.0	0.0	1.0	1.0
24	2	412	15.0	0.0	10.0	0.0	1.0	1.0
24	2	406	14.774	0.425	9.968	0.18	1.0	1.0
24	2	400	14.71	0.461	10.0	0.0	1.0	1.0
24	2	394	14.065	0.25	10.0	0.0	1.0	1.0
24	2	388	14.065	0.25	10.0	0.0	1.0	1.0
24	2	382	14.0	0.0	10.0	0.0	1.0	1.0
24	2	376	13.968	0.18	10.0	0.0	1.0	1.0
24	2	370	13.903	0.301	10.0	0.0	1.0	1.0
24	2	364	13.71	0.461	10.0	0.0	1.0	1.0
24	2	358	13.548	0.506	10.0	0.0	1.0	1.0
24	2	352	13.032	0.18	10.0	0.0	1.0	1.0
24	2	346	13.0	0.0	10.0	0.0	1.0	1.0
24	2	340	13.0	0.0	10.0	0.0	1.0	1.0
24	2	334	12.903	0.301	10.0	0.0	1.0	1.0
24	2	328	12.645	0.486	10.0	0.0	1.0	1.0
24	2	322	12.226	0.425	10.0	0.0	1.0	1.0
24	2	316	12.032	0.18	10.0	0.0	1.0	1.0
24	2	310	12.0	0.0	10.0	0.0	1.0	1.0
24	2	304	11.935	0.25	10.0	0.0	1.0	1.0
24	2	298	11.742	0.445	10.0	0.0	1.0	1.0
24	2	292	11.29	0.461	10.0	0.0	1.0	1.0
24	2	286	11.0	0.0	10.0	0.0	1.0	1.0
24	2	280	11.0	0.0	10.0	0.0	1.0	1.0
24	2	274	10.935	0.25	10.0	0.0	1.0	1.0
24	2	268	10.677	0.475	10.0	0.0	1.0	1.0
24	2	262	10.258	0.445	10.0	0.0	1.0	1.0
24	2	256	10.032	0.18	10.0	0.0	1.0	1.0
24	2	250	10.0	0.0	10.0	0.0	1.0	1.0
24	2	244	9.742	0.445	10.0	0.0	1.0	1.0
24	2	238	9.323	0.475	10.0	0.0	1.0	1.0
24	2	232	9.032	0.18	10.0	0.0	1.0	1.0
24	2	226	9.0	0.0	10.032	0.18	1.0	1.0
24	2	220	8.968	0.18	10.032	0.18	1.0	1.0
24	2	214	8.677	0.475	10.226	0.425	1.0	1.0
24	2	208	8.129	0.341	10.419	0.502	1.0	1.0
24	2	202	8.032	0.18	10.581	0.502	1.0	1.0
24	2	196	8.0	0.0	10.871	0.341	1.0	1.0
24	2	190	7.806	0.402	11.0	0.0	1.0	1.0
24	2	184	7.194	0.402	10.935	0.25	1.0	1.0
24	2	178	7.0	0.0	11.0	0.0	1.0	1.0
24	2	172	7.0	0.0	11.0	0.0	1.0	1.0
24	2	166	6.774	0.425	11.0	0.0	1.0	1.0
24	2	160	6.194	0.402	11.0	0.0	1.0	1.0
24	2	154	6.0	0.0	11.032	0.18	1.0	1.0
24	2	148	6.0	0.0	11.452	0.506	1.0	1.0
24	2	142	5.774	0.425	11.774	0.425	1.0	1.0
24	2	136	5.129	0.341	11.935	0.25	1.0	1.0
24	2	130	5.0	0.0	12.0	0.0	1.0	1.0
24	2	124	5.0	0.0	12.097	0.301	1.0	1.0
24	2	118	4.71	0.461	12.613	0.495	1.0	1.0
24	2	112	4.032	0.18	13.0	0.0	1.0	1.0
24	2	106	4.0	0.0	13.032	0.18	1.0	1.0
24	2	100	3.935	0.25	13.839	0.374	1.0	1.0
24	2	77	2.839	0.374	16.452	0.568	1.0	1.0
24	2	74	2.452	0.506	17.032	0.547	1.0	1.0
24	2	71	1.839	0.454	17.645	0.661	1.0	1.0
24	2	68	1.29	0.461	18.839	1.068	1.0	1.0
24	2	65	1.032	0.18	20.323	1.376	1.0	1.0
24	2	62	1.0	0.0	22.097	1.513	1.0	1.0
24	2	59	0.828	0.384	24.038	1.483	0.774	0.839
24	2	56	0.0	0.0	nan	nan	0.0	0.0
24	2	53	0.0	0.0	nan	nan	0.0	0.0
24	2	50	0.0	0.0	nan	nan	0.0	0.0
24	2	47	0.0	0.0	nan	nan	0.0	0.0
24	2	44	0.0	0.0	nan	nan	0.0	0.0
25	2	454	18.0	0.0	10.0	0.0	1.0	1.0
25	2	448	17.968	0.18	10.0	0.0	1.0	1.0
25	2	442	17.903	0.301	10.0	0.0	1.0	1.0
25	2	436	17.548	0.506	9.968	0.18	1.0	1.0
25	2	430	17.484	0.508	10.0	0.0	1.0	1.0
25	2	424	17.097	0.301	10.0	0.0	1.0	1.0
25	2	418	17.032	0.315	10.0	0.0	1.0	1.0
25	2	412	17.0	0.0	10.0	0.0	1.0	1.0
25	2	406	16.903	0.301	10.0	0.0	1.0	1.0
25	2	400	16.581	0.502	10.0	0.0	1.0	1.0
25	2	394	16.387	0.495	10.0	0.0	1.0	1.0
25	2	388	16.194	0.402	10.0	0.0	1.0	1.0
25	2	382	16.097	0.301	10.0	0.0	1.0	1.0
25	2	376	16.0	0.0	10.0	0.0	1.0	1.0
25	2	370	15.968	0.18	10.0	0.0	1.0	1.0
25	2	364	15.742	0.445	10.0	0.0	1.0	1.0
25	2	358	15.419	0.502	10.0	0.0	1.0	1.0
25	2	352	15.226	0.425	10.0	0.0	1.0	1.0
25	2	346	15.097	0.301	10.0	0.0	1.0	1.0
25	2	340	14.968	0.18	10.0	0.0	1.0	1.0
25	2	334	14.839	0.374	10.0	0.0	1.0	1.0
25	2	328	14.613	0.495	10.0	0.0	1.0	1.0
25	2	322	14.032	0.18	10.0	0.0	1.0	1.0
25	2	316	14.065	0.25	10.0	0.0	1.0	1.0
25	2	310	13.968	0.18	10.0	0.0	1.0	1.0
25	2	304	13.968	0.18	10.0	0.0	1.0	1.0
25	2	298	13.613	0.495	10.0	0.0	1.0	1.0
25	2	292	13.129	0.341	10.0	0.0	1.0	1.0
25	2	286	12.968	0.18	10.0	0.0	1.0	1.0
25	2	280	12.935	0.25	10.0	0.0	1.0	1.0
25	2	274	12.645	0.486	10.0	0.0	1.0	1.0
25	2	268	12.194	0.402	10.0	0.0	1.0	1.0
25	2	262	12.0	0.0	10.0	0.0	1.0	1.0
25	2	256	11.968	0.18	10.0	0.0	1.0	1.0
25	2	250	11.903	0.301	10.0	0.0	1.0	1.0
25	2	244	11.387	0.495	10.0	0.0	1.0	1.0
25	2	238	11.0	0.0	10.032	0.18	1.0	1.0
25	2	232	11.0	0.0	10.032	0.18	1.0	1.0
25	2	226	10.839	0.374	10.065	0.25	1.0	1.0
25	2	220	10.29	0.461	10.29	0.461	1.0	1.0
25	2	214	10.0	0.0	10.452	0.506	1.0	1.0
25	2	208	10.0	0.0	10.677	0.475	1.0	1.0
25	2	202	9.645	0.486	10.903	0.301	1.0	1.0
25	2	196	9.161	0.374	11.0	0.0	1.0	1.0
25	2	190	8.968	0.18	10.968	0.18	1.0	1.0
25	2	184	8.903	0.301	11.0	0.0	1.0	1.0
25	2	178	8.387	0.495	11.0	0.0	1.0	1.0
25	2	172	8.032	0.18	11.0	0.0	1.0	1.0
25	2	166	7.839	0.374	11.032	0.18	1.0	1.0
25	2	160	7.71	0.461	11.065	0.25	1.0	1.0
25	2	154	7.097	0.301	11.452	0.506	1.0	1.0
25	2	148	7.0	0.0	11.677	0.475	1.0	1.0
25	2	142	6.871	0.341	11.968	0.18	1.0	1.0
25	2	136	6.065	0.25	12.0	0.0	1.0	1.0
25	2	130	6.0	0.0	12.032	0.18	1.0	1.0
25	2	124	5.935	0.25	12.387	0.495	1.0	1.0
25	2	118	5.29	0.461	12.806	0.402	1.0	1.0
25	2	112	5.0	0.0	13.0	0.0	1.0	1.0
25	2	106	4.903	0.301	13.194	0.402	1.0	1.0
25	2	100	4.323	0.475	13.839	0.374	1.0	1.0
25	2	77	3.0	0.0	16.677	0.475	1.0	1.0
25	2	74	3.0	0.0	17.097	0.473	1.0	1.0
25	2	71	2.548	0.568	18.032	0.752	1.0	1.0
25	2	68	1.839	0.688	19.161	1.068	1.0	1.0
25	2	65	1.194	0.402	20.452	1.121	1.0	1.0
25	2	62	1.161	0.374	22.032	1.378	1.0	1.0
25	2	59	0.903	0.301	24.464	2.027	0.903	0.903
25	2	56	0.433	0.504	27.857	3.085	0.419	0.452
25	2	53	0.032	0.18	28.0	0.0	0.032	0.032
25	2	50	0.0	0.0	nan	nan	0.0	0.0
25	2	47	0.0	0.0	nan	nan	0.0	0.0
25	2	44	0.0	0.0	nan	nan	0.0	0.0
26	2	454	19.194	0.402	11.0	0.0	1.0	1.0
26	2	448	19.097	0.301	11.032	0.18	1.0	1.0
26	2	442	19.032	0.18	11.0	0.0	1.0	1.0
26	2	436	18.968	0.315	11.032	0.18	1.0	1.0
26	2	430	18.903	0.301	11.032	0.18	1.0	1.0
26	2	424	18.774	0.425	11.0	0.0	1.0	1.0
26	2	418	18.452	0.506	11.0	0.0	1.0	1.0
26	2	412	18.129	0.341	11.032	0.18	1.0	1.0
26	2	406	18.032	0.18	11.0	0.0	1.0	1.0
26	2	400	18.0	0.0	11.0	0.0	1.0	1.0
26	2	394	17.935	0.25	11.0	0.0	1.0	1.0
26	2	388	17.806	0.402	11.065	0.25	1.0	1.0
26	2	382	17.387	0.495	11.0	0.0	1.0	1.0
26	2	376	17.065	0.25	11.0	0.0	1.0	1.0
26	2	370	17.065	0.25	11.032	0.18	1.0	1.0
26	2	364	17.0	0.0	11.065	0.25	1.0	1.0
26	2	358	16.903	0.301	11.032	0.18	1.0	1.0
26	2	352	16.484	0.508	11.129	0.341	1.0	1.0
26	2	346	16.419	0.502	11.065	0.25	1.0	1.0
26	2	340	16.0	0.0	11.097	0.301	1.0	1.0
26	2	334	16.0	0.0	11.194	0.402	1.0	1.0
26	2	328	15.903	0.301	11.323	0.475	1.0	1.0
26	2	322	15.581	0.502	11.323	0.475	1.0	1.0
26	2	316	15.097	0.301	11.419	0.502	1.0	1.0
26	2	310	15.032	0.18	11.387	0.495	1.0	1.0
26	2	304	15.0	0.0	11.903	0.301	1.0	1.0
26	2	298	14.871	0.341	11.645	0.486	1.0	1.0
26	2	292	14.387	0.495	11.742	0.445	1.0	1.0
26	2	286	14.097	0.301	11.839	0.374	1.0	1.0
26	2	280	14.0	0.0	11.935	0.25	1.0	1.0
26	2	274	13.903	0.301	12.0	0.0	1.0	1.0
26	2	268	13.548	0.506	11.968	0.18	1.0	1.0
26	2	262	13.194	0.402	12.0	0.0	1.0	1.0
26	2	256	13.0	0.0	11.968	0.18	1.0	1.0
26	2	250	12.903	0.301	11.968	0.18	1.0	1.0
26	2	244	12.387	0.495	12.0	0.0	1.0	1.0
26	2	238	12.032	0.18	12.0	0.0	1.0	1.0
26	2	232	12.0	0.0	12.0	0.0	1.0	1.0
26	2	226	11.613	0.495	12.0	0.0	1.0	1.0
26	2	220	11.194	0.402	12.0	0.0	1.0	1.0
26	2	214	11.0	0.0	12.0	0.0	1.0	1.0
26	2	208	11.0	0.0	12.0	0.0	1.0	1.0
26	2	202	10.484	0.508	12.097	0.301	1.0	1.0
26	2	196	10.032	0.18	12.29	0.461	1.0	1.0
26	2	190	10.0	0.0	12.355	0.486	1.0	1.0
26	2	184	9.806	0.402	12.548	0.506	1.0	1.0
26	2	178	9.0	0.0	12.935	0.25	1.0	1.0
26	2	172	9.0	0.0	12.968	0.18	1.0	1.0
26	2	166	8.839	0.374	13.0	0.0	1.0	1.0
26	2	160	8.161	0.374	13.0	0.0	1.0	1.0
26	2	154	8.0	0.0	13.0	0.0	1.0	1.0
26	2	148	7.935	0.25	13.161	0.374	1.0	1.0
26	2	142	7.226	0.425	13.774	0.425	1.0	1.0
26	2	136	6.968	0.18	13.935	0.25	1.0	1.0
26	2	130	6.968	0.18	14.0	0.0	1.0	1.0
26	2	124	6.161	0.374	14.129	0.341	1.0	1.0
26	2	118	6.0	0.0	14.677	0.475	1.0	1.0
26	2	112	5.935	0.25	14.968	0.18	1.0	1.0
26	2	106	5.29	0.461	15.161	0.374	1.0	1.0
26	2	100	5.0	0.0	15.935	0.25	1.0	1.0
26	2	77	2.935	0.25	20.097	0.7	1.0	1.0
26	2	74	2.581	0.502	21.0	0.894	1.0	1.0
26	2	71	2.097	0.301	22.194	0.792	1.0	1.0
26	2	68	2.0	0.0	24.032	0.836	1.0	1.0
26	2	65	2.0	0.0	26.387	1.145	1.0	1.0
26	2	62	1.967	0.183	29.129	2.473	0.968	1.0
26	2	59	1.087	0.793	35.44	3.82	0.548	0.806
26	2	56	0.0	0.0	nan	nan	0.0	0.0
26	2	53	0.0	0.0	nan	nan	0.0	0.0
26	2	50	0.0	0.0	nan	nan	0.0	0.0
26	2	47	0.0	0.0	nan	nan	0.0	0.0
26	2	44	0.0	0.0	nan	nan	0.0	0.0
27	2	454	18.645	0.486	10.0	0.0	1.0	1.0
27	2	448	18.258	0.445	10.0	0.0	1.0	1.0
27	2	442	18.065	0.25	10.0	0.0	1.0	1.0
27	2	436	18.0	0.0	10.0	0.0	1.0	1.0
27	2	430	18.0	0.0	10.0	0.0	1.0	1.0
27	2	424	17.903	0.301	10.0	0.0	1.0	1.0
27	2	418	17.742	0.445	10.0	0.0	1.0	1.0
27	2	412	17.161	0.374	10.0	0.0	1.0	1.0
27	2	406	17.065	0.25	10.0	0.0	1.0	1.0
27	2	400	17.032	0.18	10.0	0.0	1.0	1.0
27	2	394	17.0	0.0	10.0	0.0	1.0	1.0
27	2	388	16.839	0.374	10.0	0.0	1.0	1.0
27	2	382	16.484	0.508	10.0	0.0	1.0	1.0
27	2	376	16.258	0.445	10.0	0.0	1.0	1.0
27	2	370	16.0	0.0	10.0	0.0	1.0	1.0
27	2	364	15.968	0.18	10.0	0.0	1.0	1.0
27	2	358	15.968	0.18	10.0	0.0	1.0	1.0
27	2	352	15.903	0.301	10.0	0.0	1.0	1.0
27	2	346	15.419	0.502	10.0	0.0	1.0	1.0
27	2	340	15.097	0.301	10.0	0.0	1.0	1.0
27	2	334	15.032	0.18	10.0	0.0	1.0	1.0
27	2	328	14.968	0.18	10.0	0.0	1.0	1.0
27	2	322	14.71	0.461	10.0	0.0	1.0	1.0
27	2	316	14.548	0.506	10.0	0.0	1.0	1.0
27	2	310	14.161	0.374	10.032	0.18	1.0	1.0
27	2	304	13.968	0.18	10.0	0.0	1.0	1.0
27	2	298	13.903	0.301	10.0	0.0	1.0	1.0
27	2	292	13.581	0.502	10.0	0.0	1.0	1.0
27	2	286	13.161	0.374	10.0	0.0	1.0	1.0
27	2	280	13.032	0.18	10.0	0.0	1.0	1.0
27	2	274	12.935	0.25	10.065	0.25	1.0	1.0
27	2	268	12.839	0.374	10.032	0.18	1.0	1.0
27	2	262	12.323	0.475	10.129	0.341	1.0	1.0
27	2	256	12.065	0.25	10.097	0.301	1.0	1.0
27	2	250	12.0	0.0	10.452	0.506	1.0	1.0
27	2	244	11.774	0.425	10.452	0.506	1.0	1.0
27	2	238	11.129	0.341	10.742	0.445	1.0	1.0
27	2	232	11.0	0.0	10.935	0.25	1.0	1.0
27	2	226	10.935	0.25	10.935	0.25	1.0	1.0
27	2	220	10.355	0.486	11.0	0.0	1.0	1.0
27	2	214	10.032	0.18	11.0	0.0	1.0	1.0
27	2	208	9.968	0.18	11.0	0.0	1.0	1.0
27	2	202	9.645	0.486	11.0	0.0	1.0	1.0
27	2	196	9.258	0.445	11.0	0.0	1.0	1.0
27	2	190	9.0	0.0	11.0	0.0	1.0	1.0
27	2	184	8.968	0.18	11.0	0.0	1.0	1.0
27	2	178	8.161	0.374	11.032	0.18	1.0	1.0
27	2	172	8.065	0.25	11.032	0.18	1.0	1.0
27	2	166	8.0	0.0	11.258	0.445	1.0	1.0
27	2	160	7.484	0.508	11.516	0.508	1.0	1.0
27	2	154	7.065	0.25	11.871	0.341	1.0	1.0
27	2	148	7.0	0.0	12.0	0.0	1.0	1.0
27	2	142	6.839	0.374	12.0	0.0	1.0	1.0
27	2	136	6.032	0.18	12.032	0.18	1.0	1.0
27	2	130	6.0	0.0	12.29	0.461	1.0	1.0
27	2	124	5.71	0.461	12.677	0.475	1.0	1.0
27	2	118	5.129	0.341	12.968	0.18	1.0	1.0
27	2	112	5.0	0.0	13.097	0.301	1.0	1.0
27	2	106	4.968	0.18	13.323	0.475	1.0	1.0
27	2	100	4.226	0.425	13.935	0.25	1.0	1.0
27	2	77	2.968	0.18	16.903	0.651	1.0	1.0
27	2	74	2.968	0.18	17.194	0.654	1.0	1.0
27	2	71	2.452	0.675	18.226	0.56	1.0	1.0
27	2	68	1.548	0.675	19.419	0.886	1.0	1.0
27	2	65	1.129	0.341	20.742	1.154	1.0	1.0
27	2	62	1.0	0.0	23.258	1.548	0.968	1.0
27	2	59	0.9	0.305	25.357	2.264	0.871	0.903
27	2	56	0.0	0.0	36.0	0.0	0.0	0.032
27	2	53	0.0	0.0	nan	nan	0.0	0.0
27	2	50	0.0	0.0	nan	nan	0.0	0.0
27	2	47	0.0	0.0	nan	nan	0.0	0.0
27	2	44	0.0	0.0	nan	nan	0.0	0.0
28	2	454	20.0	0.0	10.0	0.0	1.0	1.0
28	2	448	19.968	0.18	10.0	0.0	1.0	1.0
28	2	442	19.71	0.461	10.0	0.0	1.0	1.0
28	2	436	19.516	0.508	10.0	0.0	1.0	1.0
28	2	430	19.161	0.374	10.0	0.0	1.0	1.0
28	2	424	19.065	0.25	10.0	0.0	1.0	1.0
28	2	418	19.0	0.0	10.0	0.0	1.0	1.0
28	2	412	18.935	0.25	10.0	0.0	1.0	1.0
28	2	406	18.774	0.425	10.0	0.0	1.0	1.0
28	2	400	18.452	0.506	10.0	0.0	1.0	1.0
28	2	394	18.161	0.374	10.0	0.0	1.0	1.0
28	2	388	18.065	0.25	10.0	0.0	1.0	1.0
28	2	382	18.065	0.25	10.0	0.0	1.0	1.0
28	2	376	17.903	0.301	10.0	0.0	1.0	1.0
28	2	370	17.581	0.502	10.0	0.0	1.0	1.0
28	2	364	17.258	0.445	10.0	0.0	1.0	1.0
28	2	358	17.194	0.402	10.0	0.0	1.0	1.0
28	2	352	17.194	0.402	10.0	0.0	1.0	1.0
28	2	346	16.968	0.18	10.0	0.0	1.0	1.0
28	2	340	16.871	0.341	10.0	0.0	1.0	1.0
28	2	334	16.452	0.506	10.0	0.0	1.0	1.0
28	2	328	16.065	0.25	10.0	0.0	1.0	1.0
28	2	322	15.968	0.18	10.0	0.0	1.0	1.0
28	2	316	15.742	0.445	10.0	0.0	1.0	1.0
28	2	310	15.258	0.445	10.0	0.0	1.0	1.0
28	2	304	15.0	0.0	10.0	0.0	1.0	1.0
28	2	298	14.935	0.25	10.032	0.18	1.0	1.0
28	2	292	14.645	0.486	10.0	0.0	1.0	1.0
28	2	286	14.29	0.461	10.0	0.0	1.0	1.0
28	2	280	14.032	0.18	10.0	0.0	1.0	1.0
28	2	274	13.871	0.341	10.097	0.301	1.0	1.0
28	2	268	13.516	0.508	10.065	0.25	1.0	1.0
28	2	262	13.258	0.445	10.097	0.301	1.0	1.0
28	2	256	13.032	0.315	10.323	0.475	1.0	1.0
28	2	250	12.935	0.25	10.387	0.495	1.0	1.0
28	2	244	12.419	0.502	10.581	0.502	1.0	1.0
28	2	238	12.065	0.25	10.806	0.402	1.0	1.0
28	2	232	11.968	0.18	10.903	0.301	1.0	1.0
28	2	226	11.71	0.461	10.903	0.301	1.0	1.0
28	2	220	11.161	0.374	11.0	0.0	1.0	1.0
28	2	214	11.0	0.0	11.0	0.0	1.0	1.0
28	2	208	10.613	0.495	11.0	0.0	1.0	1.0
28	2	202	10.419	0.502	11.0	0.0	1.0	1.0
28	2	196	10.258	0.445	11.0	0.0	1.0	1.0
28	2	190	9.968	0.315	11.0	0.0	1.0	1.0
28	2	184	9.71	0.461	11.0	0.0	1.0	1.0
28	2	178	9.129	0.341	11.032	0.18	1.0	1.0
28	2	172	8.935	0.25	11.065	0.25	1.0	1.0
28	2	166	8.548	0.506	11.129	0.341	1.0	1.0
28	2	160	8.29	0.461	11.71	0.461	1.0	1.0
28	2	154	8.032	0.18	11.903	0.301	1.0	1.0
28	2	148	7.71	0.461	11.968	0.18	1.0	1.0
28	2	142	7.0	0.0	12.0	0.0	1.0	1.0
28	2	136	6.903	0.301	12.0	0.0	1.0	1.0
28	2	130	6.484	0.508	12.258	0.445	1.0	1.0
28	2	124	6.0	0.0	12.871	0.341	1.0	1.0
28	2	118	5.806	0.402	13.0	0.0	1.0	1.0
28	2	112	5.387	0.495	13.226	0.425	1.0	1.0
28	2	106	5.032	0.18	13.839	0.374	1.0	1.0
28	2	100	4.677	0.475	14.097	0.301	1.0	1.0
28	2	77	3.0	0.258	17.065	0.629	1.0	1.0
28	2	74	2.677	0.599	17.903	0.87	1.0	1.0
28	2	71	2.0	0.577	18.516	0.769	1.0	1.0
28	2	68	1.613	0.615	19.484	0.996	1.0	1.0
28	2	65	1.323	0.475	21.065	1.209	1.0	1.0
28	2	62	1.032	0.547	23.519	1.312	0.871	0.871
28	2	59	0.567	0.504	25.667	3.162	0.548	0.581
28	2	56	0.065	0.25	29.5	2.121	0.065	0.065
28	2	53	0.0	0.0	nan	nan	0.0	0.0
28	2	50	0.0	0.0	nan	nan	0.0	0.0
28	2	47	0.0	0.0	nan	nan	0.0	0.0
28	2	44	0.0	0.0	nan	nan	0.0	0.0
29	2	454	18.323	0.475	9.065	0.25	1.0	1.0
29	2	448	18.032	0.18	9.032	0.18	1.0	1.0
29	2	442	18.0	0.0	9.065	0.25	1.0	1.0
29	2	436	18.0	0.258	9.065	0.25	1.0	1.0
29	2	430	17.968	0.18	9.194	0.402	1.0	1.0
29	2	424	17.871	0.341	9.0	0.0	1.0	1.0
29	2	418	17.645	0.486	9.226	0.425	1.0	1.0
29	2	412	17.355	0.486	9.129	0.341	1.0	1.0
29	2	406	17.129	0.341	9.226	0.425	1.0	1.0
29	2	400	17.032	0.18	9.29	0.461	1.0	1.0
29	2	394	17.0	0.0	9.29	0.461	1.0	1.0
29	2	388	16.935	0.25	9.387	0.495	1.0	1.0
29	2	382	16.677	0.475	9.419	0.502	1.0	1.0
29	2	376	16.323	0.475	9.452	0.506	1.0	1.0
29	2	370	16.097	0.301	9.484	0.508	1.0	1.0
29	2	364	16.032	0.18	9.613	0.495	1.0	1.0
29	2	358	16.0	0.0	9.839	0.374	1.0	1.0
29	2	352	15.968	0.18	9.774	0.425	1.0	1.0
29	2	346	15.548	0.506	9.935	0.25	1.0	1.0
29	2	340	15.129	0.341	9.935	0.25	1.0	1.0
29	2	334	15.065	0.25	9.968	0.18	1.0	1.0
29	2	328	15.0	0.0	9.968	0.18	1.0	1.0
29	2	322	14.935	0.25	9.935	0.25	1.0	1.0
29	2	316	14.71	0.461	9.968	0.18	1.0	1.0
29	2	310	14.226	0.425	10.0	0.0	1.0	1.0
29	2	304	14.0	0.0	9.968	0.18	1.0	1.0
29	2	298	13.968	0.18	10.0	0.0	1.0	1.0
29	2	292	13.742	0.445	10.0	0.0	1.0	1.0
29	2	286	13.226	0.425	10.0	0.0	1.0	1.0
29	2	280	13.129	0.341	10.0	0.0	1.0	1.0
29	2	274	13.0	0.0	10.0	0.0	1.0	1.0
29	2	268	12.935	0.25	10.0	0.0	1.0	1.0
29	2	262	12.452	0.506	10.0	0.0	1.0	1.0
29	2	256	12.065	0.25	10.0	0.0	1.0	1.0
29	2	250	12.0	0.0	10.0	0.0	1.0	1.0
29	2	244	11.903	0.301	10.0	0.0	1.0	1.0
29	2	238	11.645	0.486	10.0	0.0	1.0	1.0
29	2	232	11.129	0.341	10.0	0.0	1.0	1.0
29	2	226	11.0	0.0	10.0	0.0	1.0	1.0
29	2	220	10.968	0.18	10.0	0.0	1.0	1.0
29	2	214	10.355	0.486	10.0	0.0	1.0	1.0
29	2	208	10.0	0.0	10.0	0.0	1.0	1.0
29	2	202	10.0	0.0	10.097	0.301	1.0	1.0
29	2	196	9.677	0.475	10.355	0.486	1.0	1.0
29	2	190	9.161	0.374	10.581	0.502	1.0	1.0
29	2	184	9.0	0.0	10.968	0.18	1.0	1.0
29	2	178	8.935	0.25	11.0	0.0	1.0	1.0
29	2	172	8.548	0.506	11.0	0.0	1.0	1.0
29	2	166	8.032	0.18	11.0	0.0	1.0	1.0
29	2	160	7.935	0.25	11.0	0.0	1.0	1.0
29	2	154	7.742	0.445	11.0	0.0	1.0	1.0
29	2	148	7.032	0.18	11.129	0.341	1.0	1.0
29	2	142	7.0	0.0	11.387	0.495	1.0	1.0
29	2	136	6.839	0.374	11.806	0.402	1.0	1.0
29	2	130	6.194	0.402	11.968	0.18	1.0	1.0
29	2	124	6.0	0.0	12.0	0.0	1.0	1.0
29	2	118	5.903	0.301	12.29	0.461	1.0	1.0
29	2	112	5.065	0.25	12.806	0.402	1.0	1.0
29	2	106	5.032	0.18	12.968	0.18	1.0	1.0
29	2	100	4.968	0.18	13.419	0.502	1.0	1.0
29	2	77	3.419	0.564	16.645	0.551	1.0	1.0
29	2	74	3.032	0.315	17.355	0.608	1.0	1.0
29	2	71	2.71	0.529	18.097	0.79	1.0	1.0
29	2	68	2.29	0.461	18.968	0.948	1.0	1.0
29	2	65	1.935	0.25	21.29	1.243	1.0	1.0
29	2	62	1.581	0.502	23.0	1.592	1.0	1.0
29	2	59	1.333	0.479	26.032	2.892	0.968	1.0
29	2	56	0.731	0.452	31.375	3.524	0.613	0.774
29	2	53	0.0	0.0	nan	nan	0.0	0.0
29	2	50	0.0	0.0	nan	nan	0.0	0.0
29	2	47	0.0	0.0	nan	nan	0.0	0.0
29	2	44	0.0	0.0	nan	nan	0.0	0.0
30	2	454	15.0	0.0	9.0	0.0	1.0	1.0
30	2	448	15.0	0.0	9.0	0.0	1.0	1.0
30	2	442	14.968	0.18	9.0	0.0	1.0	1.0
30	2	436	14.742	0.445	9.0	0.0	1.0	1.0
30	2	430	14.548	0.506	9.0	0.0	1.0	1.0
30	2	424	14.161	0.374	9.0	0.0	1.0	1.0
30	2	418	14.0	0.0	9.0	0.0	1.0	1.0
30	2	412	14.0	0.0	9.0	0.0	1.0	1.0
30	2	406	14.0	0.0	9.0	0.0	1.0	1.0
30	2	400	14.0	0.0	9.0	0.0	1.0	1.0
30	2	394	13.935	0.25	9.0	0.0	1.0	1.0
30	2	388	13.806	0.402	9.0	0.0	1.0	1.0
30	2	382	13.645	0.486	9.0	0.0	1.0	1.0
30	2	376	13.194	0.402	9.0	0.0	1.0	1.0
30	2	370	13.065	0.25	9.0	0.0	1.0	1.0
30	2	364	13.0	0.0	9.0	0.0	1.0	1.0
30	2	358	13.0	0.0	9.0	0.0	1.0	1.0
30	2	352	13.0	0.0	9.0	0.0	1.0	1.0
30	2	346	12.871	0.341	9.0	0.0	1.0	1.0
30	2	340	12.548	0.506	9.0	0.0	1.0	1.0
30	2	334	12.097	0.301	9.0	0.0	1.0	1.0
30	2	328	12.0	0.0	9.0	0.0	1.0	1.0
30	2	322	12.0	0.0	9.0	0.0	1.0	1.0
30	2	316	12.0	0.0	9.065	0.25	1.0	1.0
30	2	310	11.935	0.25	9.032	0.18	1.0	1.0
30	2	304	11.581	0.502	9.258	0.445	1.0	1.0
30	2	298	11.29	0.461	9.258	0.445	1.0	1.0
30	2	292	11.0	0.0	9.516	0.508	1.0	1.0
30	2	286	11.0	0.0	9.774	0.425	1.0	1.0
30	2	280	11.0	0.0	9.774	0.425	1.0	1.0
30	2	274	10.839	0.374	9.742	0.445	1.0	1.0
30	2	268	10.355	0.486	9.903	0.301	1.0	1.0
30	2	262	10.129	0.341	9.968	0.18	1.0	1.0
30	2	256	10.0	0.0	10.0	0.0	1.0	1.0
30	2	250	10.0	0.0	10.0	0.0	1.0	1.0
30	2	244	9.968	0.18	10.0	0.0	1.0	1.0
30	2	238	9.645	0.486	10.0	0.0	1.0	1.0
30	2	232	9.097	0.301	10.0	0.0	1.0	1.0
30	2	226	9.0	0.0	10.0	0.0	1.0	1.0
30	2	220	9.0	0.0	10.0	0.0	1.0	1.0
30	2	214	8.968	0.18	10.0	0.0	1.0	1.0
30	2	208	8.613	0.495	10.0	0.0	1.0	1.0
30	2	202	8.0	0.0	10.0	0.0	1.0	1.0
30	2	196	8.0	0.0	10.0	0.0	1.0	1.0
30	2	190	8.0	0.0	10.0	0.0	1.0	1.0
30	2	184	7.968	0.18	10.0	0.0	1.0	1.0
30	2	178	7.194	0.402	10.161	0.374	1.0	1.0
30	2	172	7.0	0.0	10.323	0.475	1.0	1.0
30	2	166	6.968	0.18	10.774	0.425	1.0	1.0
30	2	160	6.903	0.301	11.0	0.0	1.0	1.0
30	2	154	6.226	0.425	11.0	0.0	1.0	1.0
30	2	148	6.0	0.0	11.0	0.0	1.0	1.0
30	2	142	6.0	0.0	11.0	0.0	1.0	1.0
30	2	136	6.0	0.0	11.065	0.25	1.0	1.0
30	2	130	5.355	0.486	11.806	0.402	1.0	1.0
30	2	124	5.032	0.18	11.968	0.18	1.0	1.0
30	2	118	5.0	0.0	11.968	0.18	1.0	1.0
30	2	112	4.968	0.18	12.452	0.506	1.0	1.0
30	2	106	4.226	0.425	13.0	0.0	1.0	1.0
30	2	100	4.0	0.0	13.065	0.25	1.0	1.0
30	2	77	3.0	0.0	16.355	0.486	1.0	1.0
30	2	74	2.968	0.18	17.065	0.359	1.0	1.0
30	2	71	2.774	0.425	17.903	0.597	1.0	1.0
30	2	68	2.097	0.301	19.161	0.779	1.0	1.0
30	2	65	1.903	0.301	20.871	1.36	1.0	1.0
30	2	62	1.323	0.475	23.645	1.684	1.0	1.0
30	2	59	0.839	0.374	27.385	3.163	0.839	0.839
30	2	56	0.207	0.412	30.875	3.871	0.194	0.258
30	2	53	0.0	0.0	nan	nan	0.0	0.0
30	2	50	0.0	0.0	nan	nan	0.0	0.0
30	2	47	0.0	0.0	nan	nan	0.0	0.0
30	2	44	0.0	0.0	nan	nan	0.0	0.0
31	2	454	18.903	0.301	9.0	0.0	1.0	1.0
31	2	448	18.355	0.486	9.0	0.0	1.0	1.0
31	2	442	18.323	0.475	9.0	0.0	1.0	1.0
31	2	436	18.097	0.301	9.0	0.0	1.0	1.0
31	2	430	18.0	0.0	9.0	0.0	1.0	1.0
31	2	424	18.0	0.0	9.0	0.0	1.0	1.0
31	2	418	17.935	0.25	9.0	0.0	1.0	1.0
31	2	412	17.806	0.402	9.0	0.0	1.0	1.0
31	2	406	17.355	0.486	9.0	0.0	1.0	1.0
31	2	400	17.226	0.425	9.0	0.0	1.0	1.0
31	2	394	17.032	0.18	9.0	0.0	1.0	1.0
31	2	388	17.0	0.0	9.0	0.0	1.0	1.0
31	2	382	16.935	0.25	9.0	0.0	1.0	1.0
31	2	376	16.581	0.502	9.0	0.0	1.0	1.0
31	2	370	16.387	0.495	9.0	0.0	1.0	1.0
31	2	364	16.097	0.301	9.0	0.0	1.0	1.0
31	2	358	16.0	0.0	9.0	0.0	1.0	1.0
31	2	352	15.935	0.25	9.0	0.0	1.0	1.0
31	2	346	15.742	0.445	9.0	0.0	1.0	1.0
31	2	340	15.484	0.508	9.0	0.0	1.0	1.0
31	2	334	15.065	0.25	9.0	0.0	1.0	1.0
31	2	328	15.0	0.0	9.0	0.0	1.0	1.0
31	2	322	15.0	0.0	9.0	0.0	1.0	1.0
31	2	316	14.774	0.425	9.0	0.0	1.0	1.0
31	2	310	14.258	0.445	9.0	0.0	1.0	1.0
31	2	304	14.032	0.18	9.0	0.0	1.0	1.0
31	2	298	14.0	0.0	9.0	0.0	1.0	1.0
31	2	292	13.935	0.25	9.0	0.0	1.0	1.0
31	2	286	13.323	0.475	9.0	0.0	1.0	1.0
31	2	280	13.032	0.18	9.0	0.0	1.0	1.0
31	2	274	13.0	0.0	9.0	0.0	1.0	1.0
31	2	268	12.839	0.374	9.0	0.0	1.0	1.0
31	2	262	12.323	0.475	9.0	0.0	1.0	1.0
31	2	256	12.065	0.25	9.0	0.0	1.0	1.0
31	2	250	12.0	0.0	9.0	0.0	1.0	1.0
31	2	244	11.774	0.425	9.0	0.0	1.0	1.0
31	2	238	11.129	0.341	9.0	0.0	1.0	1.0
31	2	232	11.0	0.0	9.0	0.0	1.0	1.0
31	2	226	11.0	0.0	9.194	0.402	1.0	1.0
31	2	220	10.452	0.506	9.419	0.502	1.0	1.0
31	2	214	10.129	0.341	9.581	0.502	1.0	1.0
31	2	208	10.0	0.0	9.742	0.445	1.0	1.0
31	2	202	9.871	0.341	10.0	0.0	1.0	1.0
31	2	196	9.129	0.341	10.0	0.0	1.0	1.0
31	2	190	9.0	0.0	10.0	0.0	1.0	1.0
31	2	184	8.968	0.18	10.0	0.0	1.0	1.0
31	2	178	8.581	0.502	10.0	0.0	1.0	1.0
31	2	172	8.0	0.0	10.0	0.0	1.0	1.0
31	2	166	8.0	0.0	10.0	0.0	1.0	1.0
31	2	160	7.677	0.475	10.0	0.0	1.0	1.0
31	2	154	7.0	0.0	10.129	0.341	1.0	1.0
31	2	148	7.0	0.0	10.581	0.502	1.0	1.0
31	2	142	6.806	0.402	10.806	0.402	1.0	1.0
31	2	136	6.065	0.25	11.0	0.0	1.0	1.0
31	2	130	6.0	0.0	11.0	0.0	1.0	1.0
31	2	124	5.839	0.374	11.0	0.0	1.0	1.0
31	2	118	5.097	0.301	11.484	0.508	1.0	1.0
31	2	112	5.0	0.0	11.839	0.374	1.0	1.0
31	2	106	4.581	0.502	12.065	0.25	1.0	1.0
31	2	100	4.0	0.0	12.452	0.506	1.0	1.0
31	2	77	3.0	0.0	15.161	0.374	1.0	1.0
31	2	74	2.806	0.402	15.839	0.523	1.0	1.0
31	2	71	2.226	0.425	16.323	0.599	1.0	1.0
31	2	68	1.935	0.25	17.29	0.643	1.0	1.0
31	2	65	1.516	0.508	18.161	0.898	1.0	1.0
31	2	62	1.065	0.25	20.355	1.561	1.0	1.0
31	2	59	0.862	0.351	22.704	1.938	0.806	0.871
31	2	56	0.067	0.254	23.333	4.041	0.065	0.097
31	2	53	0.0	0.0	25.0	0.0	0.0	0.032
31	2	50	0.0	0.0	nan	nan	0.0	0.0
31	2	47	0.0	0.0	nan	nan	0.0	0.0
31	2	44	0.0	0.0	nan	nan	0.0	0.0
0	3	454	17.032	0.18	10.0	0.0	1.0	1.0
0	3	448	17.0	0.0	9.968	0.18	1.0	1.0
0	3	442	17.0	0.0	10.0	0.0	1.0	1.0
0	3	436	16.903	0.301	10.0	0.0	1.0	1.0
0	3	430	16.839	0.374	10.0	0.0	1.0	1.0
0	3	424	16.645	0.486	10.0	0.0	1.0	1.0
0	3	418	16.258	0.445	10.0	0.0	1.0	1.0
0	3	412	16.0	0.0	10.0	0.0	1.0	1.0
0	3	406	16.032	0.18	10.0	0.0	1.0	1.0
0	3	400	16.0	0.0	10.0	0.0	1.0	1.0
0	3	394	15.968	0.18	10.0	0.0	1.0	1.0
0	3	388	15.645	0.486	10.0	0.0	1.0	1.0
0	3	382	15.355	0.486	10.0	0.0	1.0	1.0
0	3	376	15.065	0.25	10.0	0.0	1.0	1.0
0	3	370	15.0	0.0	10.0	0.0	1.0	1.0
0	3	364	15.0	0.0	10.0	0.0	1.0	1.0
0	3	358	15.0	0.0	10.0	0.0	1.0	1.0
0	3	352	14.806	0.402	10.0	0.0	1.0	1.0
0	3	346	14.419	0.502	10.0	0.0	1.0	1.0
0	3	340	14.065	0.25	10.0	0.0	1.0	1.0
0	3	334	14.032	0.18	10.0	0.0	1.0	1.0
0	3	328	13.968	0.18	10.0	0.0	1.0	1.0
0	3	322	13.742	0.445	10.0	0.0	1.0	1.0
0	3	316	13.355	0.486	10.0	0.0	1.0	1.0
0	3	310	13.065	0.25	10.0	0.0	1.0	1.0
0	3	304	13.0	0.0	10.0	0.0	1.0	1.0
0	3	298	13.0	0.0	10.0	0.0	1.0	1.0
0	3	292	12.742	0.445	10.0	0.0	1.0	1.0
0	3	286	12.355	0.486	10.0	0.0	1.0	1.0
0	3	280	12.0	0.0	10.0	0.0	1.0	1.0
0	3	274	12.0	0.0	10.0	0.0	1.0	1.0
0	3	268	11.968	0.18	10.0	0.0	1.0	1.0
0	3	262	11.71	0.461	10.0	0.0	1.0	1.0
0	3	256	11.129	0.341	10.0	0.0	1.0	1.0
0	3	250	11.0	0.0	10.0	0.0	1.0	1.0
0	3	244	10.968	0.18	10.0	0.0	1.0	1.0
0	3	238	10.774	0.425	10.0	0.0	1.0	1.0
0	3	232	10.097	0.301	10.032	0.18	1.0	1.0
0	3	226	10.0	0.0	10.194	0.402	1.0	1.0
0	3	220	9.968	0.18	10.452	0.506	1.0	1.0
0	3	214	9.871	0.341	10.645	0.486	1.0	1.0
0	3	208	9.129	0.341	10.935	0.25	1.0	1.0
0	3	202	9.0	0.0	10.968	0.18	1.0	1.0
0	3	196	9.0	0.0	10.968	0.18	1.0	1.0
0	3	190	8.645	0.486	10.968	0.18	1.0	1.0
0	3	184	8.065	0.25	11.0	0.0	1.0	1.0
0	3	178	8.0	0.0	10.968	0.18	1.0	1.0
0	3	172	8.0	0.0	11.0	0.0	1.0	1.0
0	3	166	7.581	0.502	11.0	0.0	1.0	1.0
0	3	160	7.161	0.374	11.097	0.301	1.0	1.0
0	3	154	7.0	0.0	11.613	0.495	1.0	1.0
0	3	148	6.935	0.25	11.935	0.25	1.0	1.0
0	3	142	6.29	0.461	12.0	0.0	1.0	1.0
0	3	136	6.032	0.18	12.0	0.0	1.0	1.0
0	3	130	6.0	0.0	12.097	0.301	1.0	1.0
0	3	124	5.935	0.25	12.484	0.508	1.0	1.0
0	3	118	5.032	0.18	13.0	0.0	1.0	1.0
0	3	112	5.0	0.0	13.0	0.0	1.0	1.0
0	3	106	5.0	0.0	13.548	0.506	1.0	1.0
0	3	100	4.774	0.425	13.968	0.18	1.0	1.0
0	3	77	3.258	0.445	16.968	0.315	1.0	1.0
0	3	74	2.935	0.25	17.484	0.626	1.0	1.0
0	3	71	2.29	0.461	18.581	0.848	1.0	1.0
0	3	68	2.032	0.18	19.29	0.643	1.0	1.0
0	3	65	1.968	0.18	21.548	1.261	1.0	1.0
0	3	62	1.871	0.341	23.548	1.15	1.0	1.0
0	3	59	1.581	0.564	26.367	3.548	0.968	0.968
0	3	56	0.154	0.543	34.571	4.237	0.065	0.226
0	3	53	0.0	0.0	nan	nan	0.0	0.0
0	3	50	0.0	0.0	nan	nan	0.0	0.0
0	3	47	0.0	0.0	nan	nan	0.0	0.0
0	3	44	0.0	0.0	nan	nan	0.0	0.0
1	3	454	20.0	0.0	10.0	0.0	1.0	1.0
1	3	448	20.0	0.0	10.0	0.0	1.0	1.0
1	3	442	19.871	0.341	10.0	0.0	1.0	1.0
1	3	436	19.581	0.502	10.0	0.0	1.0	1.0
1	3	430	19.129	0.341	10.0	0.0	1.0	1.0
1	3	424	19.097	0.301	10.0	0.0	1.0	1.0
1	3	418	18.968	0.18	10.0	0.0	1.0	1.0
1	3	412	19.0	0.258	10.0	0.0	1.0	1.0
1	3	406	18.839	0.374	10.0	0.0	1.0	1.0
1	3	400	18.548	0.506	10.0	0.0	1.0	1.0
1	3	394	18.258	0.445	10.0	0.0	1.0	1.0
1	3	388	18.065	0.25	10.0	0.0	1.0	1.0
1	3	382	18.0	0.0	10.0	0.0	1.0	1.0
1	3	376	17.903	0.301	10.0	0.0	1.0	1.0
1	3	370	17.613	0.495	10.0	0.0	1.0	1.0
1	3	364	17.097	0.301	10.0	0.0	1.0	1.0
1	3	358	17.0	0.0	10.0	0.0	1.0	1.0
1	3	352	16.903	0.301	10.0	0.0	1.0	1.0
1	3	346	16.806	0.402	10.0	0.0	1.0	1.0
1	3	340	16.226	0.425	10.0	0.0	1.0	1.0
1	3	334	16.129	0.341	10.0	0.0	1.0	1.0
1	3	328	16.0	0.0	10.0	0.0	1.0	1.0
1	3	322	15.806	0.402	10.0	0.0	1.0	1.0
1	3	316	15.419	0.502	10.0	0.0	1.0	1.0
1	3	310	15.097	0.301	10.0	0.0	1.0	1.0
1	3	304	14.968	0.18	10.0	0.0	1.0	1.0
1	3	298	14.806	0.402	10.0	0.0	1.0	1.0
1	3	292	14.516	0.508	10.0	0.0	1.0	1.0
1	3	286	14.032	0.18	10.0	0.0	1.0	1.0
1	3	280	14.032	0.18	10.0	0.0	1.0	1.0
1	3	274	13.71	0.461	10.0	0.0	1.0	1.0
1	3	268	13.161	0.374	10.0	0.0	1.0	1.0
1	3	262	12.968	0.18	10.0	0.0	1.0	1.0
1	3	256	12.806	0.402	10.032	0.18	1.0	1.0
1	3	250	12.355	0.486	10.0	0.0	1.0	1.0
1	3	244	12.0	0.0	10.0	0.0	1.0	1.0
1	3	238	12.0	0.0	10.065	0.25	1.0	1.0
1	3	232	11.903	0.301	10.29	0.461	1.0	1.0
1	3	226	11.355	0.486	10.387	0.495	1.0	1.0
1	3	220	10.935	0.25	10.516	0.508	1.0	1.0
1	3	214	10.903	0.301	10.742	0.445	1.0	1.0
1	3	208	10.387	0.495	10.839	0.374	1.0	1.0
1	3	202	10.0	0.0	10.935	0.25	1.0	1.0
1	3	196	9.871	0.341	11.0	0.0	1.0	1.0
1	3	190	9.581	0.502	11.0	0.0	1.0	1.0
1	3	184	9.065	0.25	11.0	0.0	1.0	1.0
1	3	178	8.903	0.301	11.032	0.18	1.0	1.0
1	3	172	8.484	0.508	11.0	0.0	1.0	1.0
1	3	166	8.0	0.0	11.032	0.18	1.0	1.0
1	3	160	7.839	0.374	11.161	0.374	1.0	1.0
1	3	154	7.484	0.508	11.484	0.508	1.0	1.0
1	3	148	7.032	0.18	11.806	0.402	1.0	1.0
1	3	142	6.935	0.25	12.0	0.0	1.0	1.0
1	3	136	6.419	0.502	12.0	0.0	1.0	1.0
1	3	130	6.0	0.0	12.065	0.25	1.0	1.0
1	3	124	5.903	0.301	12.387	0.495	1.0	1.0
1	3	118	5.323	0.475	12.871	0.341	1.0	1.0
1	3	112	5.0	0.0	13.0	0.0	1.0	1.0
1	3	106	4.968	0.18	13.323	0.475	1.0	1.0
1	3	100	4.548	0.506	13.968	0.18	1.0	1.0
1	3	77	3.032	0.18	16.742	0.514	1.0	1.0
1	3	74	2.903	0.301	17.161	0.779	1.0	1.0
1	3	71	2.613	0.558	18.065	0.629	1.0	1.0
1	3	68	1.774	0.669	19.129	1.024	1.0	1.0
1	3	65	1.161	0.374	20.226	1.087	1.0	1.0
1	3	62	1.065	0.25	22.032	1.449	1.0	1.0
1	3	59	1.0	0.0	24.516	1.913	1.0	1.0
1	3	56	0.333	0.479	25.636	0.809	0.323	0.355
1	3	53	0.0	0.0	nan	nan	0.0	0.0
1	3	50	0.0	0.0	nan	nan	0.0	0.0
1	3	47	0.0	0.0	nan	nan	0.0	0.0
1	3	44	0.0	0.0	nan	nan	0.0	0.0
2	3	454	17.968	0.18	9.0	0.0	1.0	1.0
2	3	448	17.774	0.425	9.0	0.0	1.0	1.0
2	3	442	17.581	0.502	9.0	0.0	1.0	1.0
2	3	436	17.065	0.25	9.0	0.0	1.0	1.0
2	3	430	17.129	0.341	9.0	0.0	1.0	1.0
2	3	424	17.0	0.0	9.0	0.0	1.0	1.0
2	3	418	17.0	0.0	9.0	0.0	1.0	1.0
2	3	412	16.774	0.425	9.0	0.0	1.0	1.0
2	3	406	16.613	0.495	9.0	0.0	1.0	1.0
2	3	400	16.226	0.425	9.0	0.0	1.0	1.0
2	3	394	16.0	0.0	9.032	0.18	1.0	1.0
2	3	388	16.0	0.0	9.0	0.0	1.0	1.0
2	3	382	15.968	0.18	9.0	0.0	1.0	1.0
2	3	376	15.677	0.475	9.032	0.18	1.0	1.0
2	3	370	15.419	0.502	9.065	0.25	1.0	1.0
2	3	364	15.129	0.341	9.097	0.301	1.0	1.0
2	3	358	15.0	0.0	9.194	0.402	1.0	1.0
2	3	352	15.0	0.0	9.29	0.461	1.0	1.0
2	3	346	14.774	0.425	9.387	0.495	1.0	1.0
2	3	340	14.452	0.506	9.484	0.508	1.0	1.0
2	3	334	14.129	0.341	9.548	0.506	1.0	1.0
2	3	328	14.0	0.0	9.677	0.475	1.0	1.0
2	3	322	13.935	0.25	9.548	0.506	1.0	1.0
2	3	316	13.806	0.402	9.71	0.461	1.0	1.0
2	3	310	13.387	0.495	9.903	0.301	1.0	1.0
2	3	304	13.0	0.0	9.871	0.341	1.0	1.0
2	3	298	13.0	0.0	10.0	0.0	1.0	1.0
2	3	292	13.0	0.0	9.968	0.18	1.0	1.0
2	3	286	12.419	0.502	10.0	0.0	1.0	1.0
2	3	280	12.065	0.25	9.968	0.18	1.0	1.0
2	3	274	12.0	0.0	10.0	0.0	1.0	1.0
2	3	268	12.0	0.0	10.0	0.0	1.0	1.0
2	3	262	11.613	0.495	10.0	0.0	1.0	1.0
2	3	256	11.065	0.25	10.0	0.0	1.0	1.0
2	3	250	11.0	0.0	10.0	0.0	1.0	1.0
2	3	244	10.968	0.18	10.0	0.0	1.0	1.0
2	3	238	10.484	0.508	10.0	0.0	1.0	1.0
2	3	232	10.032	0.18	10.0	0.0	1.0	1.0
2	3	226	10.0	0.0	10.0	0.0	1.0	1.0
2	3	220	10.0	0.0	10.0	0.0	1.0	1.0
2	3	214	9.419	0.502	10.0	0.0	1.0	1.0
2	3	208	9.0	0.0	10.0	0.0	1.0	1.0
2	3	202	8.968	0.18	10.0	0.0	1.0	1.0
2	3	196	8.935	0.25	10.0	0.0	1.0	1.0
2	3	190	8.161	0.374	10.0	0.0	1.0	1.0
2	3	184	8.065	0.25	10.194	0.402	1.0	1.0
2	3	178	8.0	0.0	10.258	0.445	1.0	1.0
2	3	172	7.581	0.502	10.774	0.425	1.0	1.0
2	3	166	7.0	0.0	10.968	0.18	1.0	1.0
2	3	160	7.0	0.0	10.968	0.18	1.0	1.0
2	3	154	6.645	0.486	11.0	0.0	1.0	1.0
2	3	148	6.097	0.301	11.0	0.0	1.0	1.0
2	3	142	6.0	0.0	11.0	0.0	1.0	1.0
2	3	136	5.839	0.374	11.097	0.301	1.0	1.0
2	3	130	5.323	0.475	11.452	0.506	1.0	1.0
2	3	124	5.0	0.0	11.968	0.18	1.0	1.0
2	3	118	5.0	0.0	11.968	0.18	1.0	1.0
2	3	112	4.484	0.508	12.097	0.301	1.0	1.0
2	3	106	4.032	0.18	12.774	0.425	1.0	1.0
2	3	100	4.0	0.0	12.968	0.18	1.0	1.0
2	3	77	2.935	0.25	15.452	0.506	1.0	1.0
2	3	74	2.677	0.475	15.935	0.512	1.0	1.0
2	3	71	2.161	0.374	16.645	0.551	1.0	1.0
2	3	68	1.968	0.18	17.355	0.551	1.0	1.0
2	3	65	1.484	0.508	18.613	0.882	1.0	1.0
2	3	62	1.032	0.18	19.452	1.179	1.0	1.0
2	3	59	0.963	0.192	22.833	1.913	0.839	0.968
2	3	56	0.0	0.0	nan	nan	0.0	0.0
2	3	53	0.0	0.0	nan	nan	0.0	0.0
2	3	50	0.0	0.0	nan	nan	0.0	0.0
2	3	47	0.0	0.0	nan	nan	0.0	0.0
2	3	44	0.0	0.0	nan	nan	0.0	0.0
3	3	454	21.0	0.258	9.839	0.374	1.0	1.0
3	3	448	20.871	0.341	9.839	0.374	1.0	1.0
3	3	442	20.806	0.402	9.903	0.301	1.0	1.0
3	3	436	20.645	0.486	9.871	0.341	1.0	1.0
3	3	430	20.484	0.508	9.839	0.374	1.0	1.0
3	3	424	20.129	0.341	9.968	0.18	1.0	1.0
3	3	418	20.0	0.0	9.935	0.25	1.0	1.0
3	3	412	20.0	0.258	10.0	0.0	1.0	1.0
3	3	406	19.774	0.425	9.839	0.374	1.0	1.0
3	3	400	19.484	0.508	10.0	0.0	1.0	1.0
3	3	394	19.097	0.301	10.0	0.0	1.0	1.0
3	3	388	19.0	0.258	9.968	0.18	1.0	1.0
3	3	382	18.871	0.341	9.968	0.18	1.0	1.0
3	3	376	18.71	0.461	10.0	0.0	1.0	1.0
3	3	370	18.355	0.486	9.968	0.18	1.0	1.0
3	3	364	18.0	0.0	10.0	0.0	1.0	1.0
3	3	358	17.968	0.18	10.0	0.0	1.0	1.0
3	3	352	17.71	0.461	10.0	0.0	1.0	1.0
3	3	346	17.452	0.506	10.0	0.0	1.0	1.0
3	3	340	17.065	0.25	10.0	0.0	1.0	1.0
3	3	334	16.968	0.18	10.0	0.0	1.0	1.0
3	3	328	16.839	0.374	10.0	0.0	1.0	1.0
3	3	322	16.355	0.486	10.0	0.0	1.0	1.0
3	3	316	16.097	0.301	10.0	0.0	1.0	1.0
3	3	310	15.968	0.18	10.0	0.0	1.0	1.0
3	3	304	15.903	0.301	10.0	0.0	1.0	1.0
3	3	298	15.29	0.461	10.0	0.0	1.0	1.0
3	3	292	15.032	0.18	10.0	0.0	1.0	1.0
3	3	286	14.968	0.18	10.0	0.0	1.0	1.0
3	3	280	14.387	0.495	10.0	0.0	1.0	1.0
3	3	274	14.194	0.402	10.0	0.0	1.0	1.0
3	3	268	14.0	0.0	10.0	0.0	1.0	1.0
3	3	262	13.871	0.341	10.0	0.0	1.0	1.0
3	3	256	13.419	0.502	10.0	0.0	1.0	1.0
3	3	250	13.0	0.0	10.0	0.0	1.0	1.0
3	3	244	12.903	0.301	10.0	0.0	1.0	1.0
3	3	238	12.452	0.506	10.0	0.0	1.0	1.0
3	3	232	12.065	0.25	10.0	0.0	1.0	1.0
3	3	226	12.0	0.0	10.0	0.0	1.0	1.0
3	3	220	11.774	0.425	10.032	0.18	1.0	1.0
3	3	214	11.129	0.341	10.065	0.25	1.0	1.0
3	3	208	11.0	0.0	10.258	0.445	1.0	1.0
3	3	202	10.774	0.425	10.484	0.508	1.0	1.0
3	3	196	10.065	0.25	10.742	0.445	1.0	1.0
3	3	190	10.0	0.0	10.935	0.25	1.0	1.0
3	3	184	9.806	0.402	10.968	0.18	1.0	1.0
3	3	178	9.194	0.402	11.0	0.0	1.0	1.0
3	3	172	9.0	0.0	11.0	0.0	1.0	1.0
3	3	166	8.581	0.502	11.0	0.0	1.0	1.0
3	3	160	8.29	0.461	11.0	0.0	1.0	1.0
3	3	154	7.968	0.18	11.032	0.18	1.0	1.0
3	3	148	7.581	0.502	11.194	0.402	1.0	1.0
3	3	142	7.032	0.18	11.742	0.445	1.0	1.0
3	3	136	7.0	0.0	11.968	0.18	1.0	1.0
3	3	130	6.452	0.506	12.0	0.0	1.0	1.0
3	3	124	6.0	0.0	12.065	0.25	1.0	1.0
3	3	118	6.0	0.0	12.484	0.508	1.0	1.0
3	3	112	5.161	0.374	12.935	0.25	1.0	1.0
3	3	106	5.0	0.0	13.032	0.18	1.0	1.0
3	3	100	4.903	0.301	13.581	0.502	1.0	1.0
3	3	77	3.032	0.18	16.387	0.495	1.0	1.0
3	3	74	3.0	0.0	16.871	0.67	1.0	1.0
3	3	71	3.0	0.0	17.355	0.486	1.0	1.0
3	3	68	2.097	0.831	18.484	0.724	1.0	1.0
3	3	65	1.258	0.514	19.677	1.222	1.0	1.0
3	3	62	1.097	0.301	21.258	1.483	1.0	1.0
3	3	59	0.767	0.43	24.042	1.805	0.742	0.774
3	3	56	0.194	0.402	24.833	1.472	0.194	0.194
3	3	53	0.0	0.0	nan	nan	0.0	0.0
3	3	50	0.0	0.0	nan	nan	0.0	0.0
3	3	47	0.0	0.0	nan	nan	0.0	0.0
3	3	44	0.0	0.0	nan	nan	0.0	0.0
4	3	454	17.774	0.425	9.0	0.0	1.0	1.0
4	3	448	17.355	0.486	9.0	0.0	1.0	1.0
4	3	442	17.161	0.374	9.0	0.0	1.0	1.0
4	3	436	17.032	0.18	9.0	0.0	1.0	1.0
4	3	430	17.0	0.0	9.0	0.0	1.0	1.0
4	3	424	16.935	0.25	9.0	0.0	1.0	1.0
4	3	418	16.903	0.301	9.032	0.18	1.0	1.0
4	3	412	16.516	0.508	9.032	0.18	1.0	1.0
4	3	406	16.355	0.486	9.0	0.0	1.0	1.0
4	3	400	16.0	0.0	9.0	0.0	1.0	1.0
4	3	394	16.0	0.0	9.032	0.18	1.0	1.0
4	3	388	15.968	0.18	9.129	0.341	1.0	1.0
4	3	382	15.677	0.475	9.129	0.341	1.0	1.0
4	3	376	15.613	0.495	9.129	0.341	1.0	1.0
4	3	370	15.161	0.374	9.194	0.402	1.0	1.0
4	3	364	15.0	0.0	9.226	0.425	1.0	1.0
4	3	358	14.968	0.18	9.29	0.461	1.0	1.0
4	3	352	14.903	0.301	9.548	0.506	1.0	1.0
4	3	346	14.387	0.495	9.516	0.508	1.0	1.0
4	3	340	14.097	0.301	9.613	0.495	1.0	1.0
4	3	334	14.0	0.0	9.71	0.461	1.0	1.0
4	3	328	13.968	0.18	9.839	0.374	1.0	1.0
4	3	322	13.742	0.445	9.871	0.341	1.0	1.0
4	3	316	13.29	0.461	9.935	0.25	1.0	1.0
4	3	310	13.065	0.25	9.968	0.18	1.0	1.0
4	3	304	13.0	0.0	10.0	0.0	1.0	1.0
4	3	298	12.903	0.301	10.0	0.0	1.0	1.0
4	3	292	12.742	0.445	10.0	0.0	1.0	1.0
4	3	286	12.097	0.301	10.0	0.0	1.0	1.0
4	3	280	12.0	0.0	10.0	0.0	1.0	1.0
4	3	274	11.968	0.18	10.0	0.0	1.0	1.0
4	3	268	11.742	0.445	10.0	0.0	1.0	1.0
4	3	262	11.194	0.402	10.0	0.0	1.0	1.0
4	3	256	11.032	0.18	10.0	0.0	1.0	1.0
4	3	250	11.0	0.0	10.0	0.0	1.0	1.0
4	3	244	10.806	0.402	10.0	0.0	1.0	1.0
4	3	238	10.29	0.461	10.0	0.0	1.0	1.0
4	3	232	10.0	0.0	10.0	0.0	1.0	1.0
4	3	226	10.0	0.0	10.0	0.0	1.0	1.0
4	3	220	9.677	0.475	10.0	0.0	1.0	1.0
4	3	214	9.258	0.445	10.0	0.0	1.0	1.0
4	3	208	9.032	0.18	10.0	0.0	1.0	1.0
4	3	202	8.935	0.25	10.0	0.0	1.0	1.0
4	3	196	8.677	0.475	10.0	0.0	1.0	1.0
4	3	190	8.032	0.18	10.129	0.341	1.0	1.0
4	3	184	8.0	0.0	10.387	0.495	1.0	1.0
4	3	178	7.903	0.301	10.806	0.402	1.0	1.0
4	3	172	7.452	0.506	11.0	0.0	1.0	1.0
4	3	166	7.032	0.18	11.0	0.0	1.0	1.0
4	3	160	7.0	0.0	11.0	0.0	1.0	1.0
4	3	154	6.806	0.402	11.0	0.0	1.0	1.0
4	3	148	6.161	0.374	11.0	0.0	1.0	1.0
4	3	142	6.0	0.0	11.129	0.341	1.0	1.0
4	3	136	5.871	0.341	11.548	0.506	1.0	1.0
4	3	130	5.323	0.475	12.0	0.0	1.0	1.0
4	3	124	5.065	0.25	11.935	0.25	1.0	1.0
4	3	118	5.0	0.0	12.065	0.25	1.0	1.0
4	3	112	4.581	0.502	12.355	0.486	1.0	1.0
4	3	106	4.032	0.18	12.968	0.18	1.0	1.0
4	3	100	4.0	0.0	13.097	0.301	1.0	1.0
4	3	77	2.935	0.25	16.0	0.447	1.0	1.0
4	3	74	2.71	0.461	16.484	0.57	1.0	1.0
4	3	71	2.387	0.495	17.226	0.56	1.0	1.0
4	3	68	1.613	0.715	18.161	0.82	1.0	1.0
4	3	65	1.097	0.301	19.613	1.23	1.0	1.0
4	3	62	0.968	0.18	21.833	1.392	0.968	0.968
4	3	59	0.967	0.183	23.2	1.937	0.935	0.968
4	3	56	0.161	0.374	27.0	4.183	0.161	0.161
4	3	53	0.0	0.0	nan	nan	0.0	0.0
4	3	50	0.0	0.0	nan	nan	0.0	0.0
4	3	47	0.0	0.0	nan	nan	0.0	0.0
4	3	44	0.0	0.0	nan	nan	0.0	0.0
5	3	454	13.0	0.0	9.0	0.0	1.0	1.0
5	3	448	13.0	0.0	9.0	0.0	1.0	1.0
5	3	442	13.0	0.0	9.0	0.0	1.0	1.0
5	3	436	13.0	0.0	9.0	0.0	1.0	1.0
5	3	430	12.903	0.301	9.0	0.0	1.0	1.0
5	3	424	12.645	0.486	9.0	0.0	1.0	1.0
5	3	418	12.387	0.495	9.0	0.0	1.0	1.0
5	3	412	12.0	0.0	9.0	0.0	1.0	1.0
5	3	406	12.0	0.0	9.0	0.0	1.0	1.0
5	3	400	12.0	0.0	9.0	0.0	1.0	1.0
5	3	394	12.0	0.0	9.0	0.0	1.0	1.0
5	3	388	11.968	0.18	9.0	0.0	1.0	1.0
5	3	382	11.935	0.25	9.0	0.0	1.0	1.0
5	3	376	11.452	0.506	9.0	0.0	1.0	1.0
5	3	370	11.065	0.25	9.0	0.0	1.0	1.0
5	3	364	11.065	0.25	9.0	0.0	1.0	1.0
5	3	358	11.0	0.0	9.0	0.0	1.0	1.0
5	3	352	11.0	0.0	9.0	0.0	1.0	1.0
5	3	346	10.968	0.18	9.0	0.0	1.0	1.0
5	3	340	10.645	0.486	9.0	0.0	1.0	1.0
5	3	334	10.452	0.506	9.0	0.0	1.0	1.0
5	3	328	10.129	0.341	9.0	0.0	1.0	1.0
5	3	322	10.0	0.0	9.0	0.0	1.0	1.0
5	3	316	10.0	0.0	9.032	0.18	1.0	1.0
5	3	310	10.0	0.0	9.065	0.25	1.0	1.0
5	3	304	9.839	0.374	9.226	0.425	1.0	1.0
5	3	298	9.419	0.502	9.323	0.475	1.0	1.0
5	3	292	9.032	0.18	9.258	0.445	1.0	1.0
5	3	286	9.0	0.0	9.613	0.495	1.0	1.0
5	3	280	9.0	0.0	9.677	0.475	1.0	1.0
5	3	274	9.0	0.0	9.871	0.341	1.0	1.0
5	3	268	8.839	0.374	9.839	0.374	1.0	1.0
5	3	262	8.226	0.425	9.968	0.18	1.0	1.0
5	3	256	8.065	0.25	9.968	0.18	1.0	1.0
5	3	250	8.0	0.0	9.935	0.25	1.0	1.0
5	3	244	8.0	0.0	10.0	0.0	1.0	1.0
5	3	238	7.968	0.18	10.0	0.0	1.0	1.0
5	3	232	7.645	0.486	10.0	0.0	1.0	1.0
5	3	226	7.129	0.341	10.0	0.0	1.0	1.0
5	3	220	7.0	0.0	10.0	0.0	1.0	1.0
5	3	214	7.0	0.0	10.0	0.0	1.0	1.0
5	3	208	7.0	0.0	10.0	0.0	1.0	1.0
5	3	202	6.71	0.461	10.0	0.0	1.0	1.0
5	3	196	6.194	0.402	10.0	0.0	1.0	1.0
5	3	190	6.0	0.0	10.0	0.0	1.0	1.0
5	3	184	6.0	0.0	10.0	0.0	1.0	1.0
5	3	178	6.0	0.0	10.0	0.0	1.0	1.0
5	3	172	5.645	0.486	10.258	0.445	1.0	1.0
5	3	166	5.032	0.18	10.484	0.508	1.0	1.0
5	3	160	5.0	0.0	10.903	0.301	1.0	1.0
5	3	154	5.0	0.0	10.968	0.18	1.0	1.0
5	3	148	4.968	0.18	11.0	0.0	1.0	1.0
5	3	142	4.581	0.502	11.0	0.0	1.0	1.0
5	3	136	4.065	0.25	11.0	0.0	1.0	1.0
5	3	130	4.0	0.0	11.097	0.301	1.0	1.0
5	3	124	4.0	0.0	11.677	0.475	1.0	1.0
5	3	118	3.968	0.18	12.0	0.0	1.0	1.0
5	3	112	3.226	0.425	12.0	0.0	1.0	1.0
5	3	106	3.0	0.0	12.226	0.425	1.0	1.0
5	3	100	3.0	0.0	12.935	0.25	1.0	1.0
5	3	77	2.0	0.0	15.419	0.502	1.0	1.0
5	3	74	2.0	0.0	15.839	0.454	1.0	1.0
5	3	71	1.968	0.18	16.613	0.715	1.0	1.0
5	3	68	1.871	0.341	17.355	0.877	1.0	1.0
5	3	65	1.345	0.484	18.516	0.926	0.935	1.0
5	3	62	1.13	0.458	20.467	2.08	0.71	0.968
5	3	59	0.2	0.41	22.4	1.765	0.129	0.484
5	3	56	0.0	0.0	24.0	0.0	0.0	0.032
5	3	53	0.0	0.0	nan	nan	0.0	0.0
5	3	50	0.0	0.0	nan	nan	0.0	0.0
5	3	47	0.0	0.0	nan	nan	0.0	0.0
5	3	44	0.0	0.0	nan	nan	0.0	0.0
6	3	454	21.032	0.18	10.0	0.0	1.0	1.0
6	3	448	21.0	0.0	10.0	0.0	1.0	1.0
6	3	442	20.935	0.25	10.0	0.0	1.0	1.0
6	3	436	20.387	0.495	10.0	0.0	1.0	1.0
6	3	430	20.29	0.461	10.0	0.0	1.0	1.0
6	3	424	20.097	0.301	10.0	0.0	1.0	1.0
6	3	418	20.0	0.0	10.0	0.0	1.0	1.0
6	3	412	19.968	0.18	10.0	0.0	1.0	1.0
6	3	406	19.71	0.461	10.0	0.0	1.0	1.0
6	3	400	19.516	0.508	10.0	0.0	1.0	1.0
6	3	394	19.065	0.25	10.0	0.0	1.0	1.0
6	3	388	19.0	0.0	10.0	0.0	1.0	1.0
6	3	382	18.903	0.301	10.0	0.0	1.0	1.0
6	3	376	18.806	0.402	10.0	0.0	1.0	1.0
6	3	370	18.29	0.461	10.0	0.0	1.0	1.0
6	3	364	18.097	0.301	10.0	0.0	1.0	1.0
6	3	358	17.968	0.18	10.0	0.0	1.0	1.0
6	3	352	17.935	0.25	10.0	0.0	1.0	1.0
6	3	346	17.548	0.506	10.0	0.0	1.0	1.0
6	3	340	17.194	0.402	10.0	0.0	1.0	1.0
6	3	334	17.032	0.18	10.0	0.0	1.0	1.0
6	3	328	16.968	0.18	10.0	0.0	1.0	1.0
6	3	322	16.774	0.425	10.0	0.0	1.0	1.0
6	3	316	16.258	0.445	10.0	0.0	1.0	1.0
6	3	310	16.0	0.0	10.032	0.18	1.0	1.0
6	3	304	15.839	0.374	10.065	0.25	1.0	1.0
6	3	298	15.613	0.495	10.032	0.18	1.0	1.0
6	3	292	15.258	0.445	10.032	0.18	1.0	1.0
6	3	286	15.0	0.0	10.032	0.18	1.0	1.0
6	3	280	14.839	0.374	10.129	0.341	1.0	1.0
6	3	274	14.419	0.502	10.323	0.475	1.0	1.0
6	3	268	14.065	0.25	10.548	0.506	1.0	1.0
6	3	262	14.032	0.18	10.71	0.461	1.0	1.0
6	3	256	13.839	0.374	10.742	0.445	1.0	1.0
6	3	250	13.226	0.425	10.871	0.341	1.0	1.0
6	3	244	13.0	0.0	10.935	0.25	1.0	1.0
6	3	238	12.806	0.402	10.968	0.18	1.0	1.0
6	3	232	12.258	0.445	11.0	0.0	1.0	1.0
6	3	226	12.065	0.25	11.0	0.0	1.0	1.0
6	3	220	11.903	0.301	11.0	0.0	1.0	1.0
6	3	214	11.452	0.506	11.0	0.0	1.0	1.0
6	3	208	11.0	0.0	11.0	0.0	1.0	1.0
6	3	202	10.935	0.25	11.0	0.0	1.0	1.0
6	3	196	10.548	0.506	11.0	0.0	1.0	1.0
6	3	190	10.0	0.0	11.0	0.0	1.0	1.0
6	3	184	9.968	0.18	11.065	0.25	1.0	1.0
6	3	178	9.677	0.475	11.387	0.495	1.0	1.0
6	3	172	9.0	0.0	11.774	0.425	1.0	1.0
6	3	166	8.968	0.18	12.0	0.0	1.0	1.0
6	3	160	8.484	0.508	11.968	0.18	1.0	1.0
6	3	154	8.0	0.0	12.0	0.0	1.0	1.0
6	3	148	8.0	0.0	12.0	0.0	1.0	1.0
6	3	142	7.452	0.506	12.129	0.341	1.0	1.0
6	3	136	7.0	0.0	12.581	0.502	1.0	1.0
6	3	130	6.968	0.18	12.968	0.18	1.0	1.0
6	3	124	6.194	0.402	13.0	0.0	1.0	1.0
6	3	118	6.0	0.0	13.194	0.402	1.0	1.0
6	3	112	5.903	0.301	13.935	0.25	1.0	1.0
6	3	106	5.258	0.445	14.0	0.0	1.0	1.0
6	3	100	5.0	0.0	14.774	0.425	1.0	1.0
6	3	77	3.0	0.775	18.323	0.832	1.0	1.0
6	3	74	2.29	0.461	19.0	0.966	1.0	1.0
6	3	71	2.0	0.0	20.097	0.87	1.0	1.0
6	3	68	2.0	0.0	21.29	1.216	1.0	1.0
6	3	65	2.0	0.0	23.194	1.138	1.0	1.0
6	3	62	1.742	0.445	25.452	2.188	1.0	1.0
6	3	59	1.172	0.539	28.862	3.43	0.871	0.935
6	3	56	0.241	0.435	31.111	2.522	0.226	0.29
6	3	53	0.0	0.0	nan	nan	0.0	0.0
6	3	50	0.0	0.0	nan	nan	0.0	0.0
6	3	47	0.0	0.0	nan	nan	0.0	0.0
6	3	44	0.0	0.0	nan	nan	0.0	0.0
7	3	454	21.935	0.25	9.032	0.18	1.0	1.0
7	3	448	21.968	0.18	9.0	0.0	1.0	1.0
7	3	442	21.71	0.461	9.032	0.18	1.0	1.0
7	3	436	21.419	0.502	9.032	0.18	1.0	1.0
7	3	430	21.129	0.341	9.065	0.25	1.0	1.0
7	3	424	20.968	0.18	9.097	0.301	1.0	1.0
7	3	418	20.935	0.25	9.065	0.25	1.0	1.0
7	3	412	20.806	0.402	9.097	0.301	1.0	1.0
7	3	406	20.323	0.475	9.161	0.374	1.0	1.0
7	3	400	20.161	0.374	9.097	0.301	1.0	1.0
7	3	394	20.065	0.25	9.258	0.445	1.0	1.0
7	3	388	19.968	0.18	9.387	0.495	1.0	1.0
7	3	382	19.677	0.475	9.194	0.402	1.0	1.0
7	3	376	19.258	0.445	9.323	0.475	1.0	1.0
7	3	370	19.0	0.0	9.516	0.508	1.0	1.0
7	3	364	19.0	0.0	9.484	0.508	1.0	1.0
7	3	358	18.71	0.461	9.548	0.506	1.0	1.0
7	3	352	18.387	0.495	9.774	0.425	1.0	1.0
7	3	346	18.032	0.315	9.806	0.402	1.0	1.0
7	3	340	18.0	0.258	9.839	0.374	1.0	1.0
7	3	334	17.774	0.425	9.968	0.18	1.0	1.0
7	3	328	17.29	0.461	9.968	0.18	1.0	1.0
7	3	322	17.065	0.25	10.0	0.0	1.0	1.0
7	3	316	16.871	0.428	9.935	0.25	1.0	1.0
7	3	310	16.71	0.461	10.0	0.0	1.0	1.0
7	3	304	16.226	0.425	10.0	0.0	1.0	1.0
7	3	298	16.0	0.258	10.0	0.0	1.0	1.0
7	3	292	15.903	0.301	10.0	0.0	1.0	1.0
7	3	286	15.452	0.506	10.0	0.0	1.0	1.0
7	3	280	15.032	0.18	10.0	0.0	1.0	1.0
7	3	274	15.0	0.258	10.0	0.0	1.0	1.0
7	3	268	14.581	0.502	10.0	0.0	1.0	1.0
7	3	262	14.194	0.402	10.0	0.0	1.0	1.0
7	3	256	14.097	0.301	10.0	0.0	1.0	1.0
7	3	250	13.839	0.374	10.0	0.0	1.0	1.0
7	3	244	13.419	0.502	10.0	0.0	1.0	1.0
7	3	238	13.0	0.0	10.0	0.0	1.0	1.0
7	3	232	12.806	0.402	10.0	0.0	1.0	1.0
7	3	226	12.226	0.425	10.0	0.0	1.0	1.0
7	3	220	12.0	0.0	10.065	0.25	1.0	1.0
7	3	214	11.774	0.425	10.0	0.0	1.0	1.0
7	3	208	11.29	0.461	10.032	0.18	1.0	1.0
7	3	202	11.0	0.0	10.032	0.18	1.0	1.0
7	3	196	10.71	0.461	10.29	0.461	1.0	1.0
7	3	190	10.161	0.374	10.645	0.486	1.0	1.0
7	3	184	9.968	0.18	10.742	0.445	1.0	1.0
7	3	178	9.71	0.461	11.0	0.0	1.0	1.0
7	3	172	9.161	0.374	10.968	0.18	1.0	1.0
7	3	166	9.0	0.0	10.968	0.18	1.0	1.0
7	3	160	8.581	0.502	11.0	0.0	1.0	1.0
7	3	154	8.129	0.341	11.0	0.0	1.0	1.0
7	3	148	7.935	0.25	11.097	0.301	1.0	1.0
7	3	142	7.419	0.502	11.419	0.502	1.0	1.0
7	3	136	7.032	0.18	11.871	0.341	1.0	1.0
7	3	130	6.806	0.402	12.0	0.0	1.0	1.0
7	3	124	6.194	0.402	12.0	0.0	1.0	1.0
7	3	118	6.0	0.0	12.387	0.495	1.0	1.0
7	3	112	5.774	0.425	12.935	0.25	1.0	1.0
7	3	106	5.032	0.18	13.0	0.0	1.0	1.0
7	3	100	4.968	0.18	13.677	0.475	1.0	1.0
7	3	77	3.226	0.425	16.581	0.502	1.0	1.0
7	3	74	3.097	0.301	17.129	0.562	1.0	1.0
7	3	71	2.742	0.445	17.839	0.779	1.0	1.0
7	3	68	1.871	0.562	18.806	0.98	1.0	1.0
7	3	65	1.548	0.568	20.548	1.234	1.0	1.0
7	3	62	1.194	0.402	22.516	1.235	1.0	1.0
7	3	59	0.933	0.254	25.448	2.823	0.903	0.935
7	3	56	0.323	0.475	26.2	1.549	0.323	0.323
7	3	53	0.0	0.0	nan	nan	0.0	0.0
7	3	50	0.0	0.0	nan	nan	0.0	0.0
7	3	47	0.0	0.0	nan	nan	0.0	0.0
7	3	44	0.0	0.0	nan	nan	0.0	0.0
8	3	454	20.645	0.486	9.065	0.25	1.0	1.0
8	3	448	20.258	0.445	9.097	0.301	1.0	1.0
8	3	442	20.194	0.402	9.161	0.374	1.0	1.0
8	3	436	20.097	0.301	9.065	0.25	1.0	1.0
8	3	430	19.935	0.359	9.258	0.445	1.0	1.0
8	3	424	19.871	0.341	9.355	0.486	1.0	1.0
8	3	418	19.613	0.495	9.226	0.425	1.0	1.0
8	3	412	19.258	0.445	9.323	0.475	1.0	1.0
8	3	406	19.065	0.25	9.355	0.486	1.0	1.0
8	3	400	19.032	0.18	9.484	0.508	1.0	1.0
8	3	394	19.0	0.0	9.548	0.506	1.0	1.0
8	3	388	18.516	0.508	9.677	0.475	1.0	1.0
8	3	382	18.194	0.402	9.484	0.508	1.0	1.0
8	3	376	18.065	0.25	9.581	0.502	1.0	1.0
8	3	370	17.968	0.18	9.839	0.374	1.0	1.0
8	3	364	17.839	0.374	9.903	0.301	1.0	1.0
8	3	358	17.355	0.486	9.903	0.301	1.0	1.0
8	3	352	17.065	0.25	9.968	0.18	1.0	1.0
8	3	346	17.032	0.18	10.0	0.0	1.0	1.0
8	3	340	16.935	0.25	9.935	0.25	1.0	1.0
8	3	334	16.677	0.475	9.968	0.18	1.0	1.0
8	3	328	16.258	0.445	10.0	0.0	1.0	1.0
8	3	322	16.032	0.18	10.0	0.0	1.0	1.0
8	3	316	15.968	0.18	10.0	0.0	1.0	1.0
8	3	310	15.516	0.508	10.0	0.0	1.0	1.0
8	3	304	15.194	0.402	10.0	0.0	1.0	1.0
8	3	298	15.0	0.0	10.0	0.0	1.0	1.0
8	3	292	14.774	0.425	10.0	0.0	1.0	1.0
8	3	286	14.355	0.486	10.0	0.0	1.0	1.0
8	3	280	14.097	0.301	10.0	0.0	1.0	1.0
8	3	274	13.935	0.25	10.0	0.0	1.0	1.0
8	3	268	13.645	0.486	10.0	0.0	1.0	1.0
8	3	262	13.323	0.475	10.0	0.0	1.0	1.0
8	3	256	13.032	0.18	10.0	0.0	1.0	1.0
8	3	250	13.0	0.0	10.0	0.0	1.0	1.0
8	3	244	12.71	0.461	10.0	0.0	1.0	1.0
8	3	238	12.129	0.341	10.0	0.0	1.0	1.0
8	3	232	12.0	0.0	10.0	0.0	1.0	1.0
8	3	226	11.613	0.495	10.0	0.0	1.0	1.0
8	3	220	11.097	0.301	10.0	0.0	1.0	1.0
8	3	214	11.0	0.0	10.0	0.0	1.0	1.0
8	3	208	10.774	0.425	10.0	0.0	1.0	1.0
8	3	202	10.226	0.425	10.161	0.374	1.0	1.0
8	3	196	10.0	0.0	10.29	0.461	1.0	1.0
8	3	190	9.871	0.341	10.839	0.374	1.0	1.0
8	3	184	9.161	0.374	10.968	0.18	1.0	1.0
8	3	178	9.0	0.0	11.0	0.0	1.0	1.0
8	3	172	8.839	0.374	11.0	0.0	1.0	1.0
8	3	166	8.226	0.425	11.0	0.0	1.0	1.0
8	3	160	8.0	0.0	11.0	0.0	1.0	1.0
8	3	154	7.839	0.374	11.032	0.18	1.0	1.0
8	3	148	7.323	0.475	11.129	0.341	1.0	1.0
8	3	142	7.0	0.0	11.581	0.502	1.0	1.0
8	3	136	6.71	0.461	11.968	0.18	1.0	1.0
8	3	130	6.097	0.301	11.968	0.18	1.0	1.0
8	3	124	6.0	0.0	12.0	0.0	1.0	1.0
8	3	118	5.742	0.445	12.419	0.502	1.0	1.0
8	3	112	5.29	0.461	12.968	0.18	1.0	1.0
8	3	106	4.968	0.18	13.097	0.301	1.0	1.0
8	3	100	4.677	0.475	13.71	0.461	1.0	1.0
8	3	77	3.032	0.18	16.548	0.624	1.0	1.0
8	3	74	2.968	0.315	17.194	0.543	1.0	1.0
8	3	71	2.71	0.529	18.129	0.67	1.0	1.0
8	3	68	1.71	0.693	19.161	1.068	1.0	1.0
8	3	65	1.258	0.445	20.548	1.261	1.0	1.0
8	3	62	1.032	0.18	22.581	1.708	1.0	1.0
8	3	59	0.935	0.25	24.483	1.09	0.935	0.935
8	3	56	0.065	0.25	27.5	2.121	0.065	0.065
8	3	53	0.0	0.0	nan	nan	0.0	0.0
8	3	50	0.0	0.0	nan	nan	0.0	0.0
8	3	47	0.0	0.0	nan	nan	0.0	0.0
8	3	44	0.0	0.0	nan	nan	0.0	0.0
9	3	454	25.097	0.301	13.032	0.18	1.0	1.0
9	3	448	25.0	0.258	13.032	0.18	1.0	1.0
9	3	442	24.935	0.442	13.0	0.0	1.0	1.0
9	3	436	24.581	0.502	13.097	0.301	1.0	1.0
9	3	430	24.258	0.445	13.161	0.374	1.0	1.0
9	3	424	24.226	0.425	13.129	0.341	1.0	1.0
9	3	418	24.032	0.18	13.161	0.374	1.0	1.0
9	3	412	23.806	0.402	13.194	0.402	1.0	1.0
9	3	406	23.645	0.486	13.323	0.475	1.0	1.0
9	3	400	23.258	0.445	13.226	0.425	1.0	1.0
9	3	394	23.032	0.18	13.355	0.486	1.0	1.0
9	3	388	22.935	0.25	13.452	0.506	1.0	1.0
9	3	382	22.452	0.506	13.71	0.461	1.0	1.0
9	3	376	22.161	0.374	13.419	0.502	1.0	1.0
9	3	370	21.968	0.18	13.645	0.486	1.0	1.0
9	3	364	21.903	0.301	13.581	0.502	1.0	1.0
9	3	358	21.516	0.508	13.742	0.445	1.0	1.0
9	3	352	21.065	0.25	13.903	0.301	1.0	1.0
9	3	346	21.0	0.0	13.806	0.402	1.0	1.0
9	3	340	20.677	0.475	13.871	0.341	1.0	1.0
9	3	334	20.258	0.445	13.871	0.341	1.0	1.0
9	3	328	20.0	0.0	13.968	0.18	1.0	1.0
9	3	322	19.935	0.25	13.935	0.25	1.0	1.0
9	3	316	19.419	0.502	14.0	0.0	1.0	1.0
9	3	310	19.194	0.402	14.0	0.0	1.0	1.0
9	3	304	18.903	0.301	14.0	0.0	1.0	1.0
9	3	298	18.677	0.475	14.0	0.0	1.0	1.0
9	3	292	18.355	0.486	14.0	0.0	1.0	1.0
9	3	286	17.968	0.18	14.0	0.0	1.0	1.0
9	3	280	17.677	0.475	14.0	0.0	1.0	1.0
9	3	274	17.323	0.475	14.0	0.0	1.0	1.0
9	3	268	16.935	0.25	14.0	0.0	1.0	1.0
9	3	262	16.645	0.486	14.0	0.0	1.0	1.0
9	3	256	16.065	0.25	14.0	0.0	1.0	1.0
9	3	250	15.935	0.25	14.0	0.0	1.0	1.0
9	3	244	15.419	0.502	14.0	0.0	1.0	1.0
9	3	238	15.065	0.25	14.0	0.0	1.0	1.0
9	3	232	14.903	0.301	14.0	0.0	1.0	1.0
9	3	226	14.323	0.475	14.0	0.0	1.0	1.0
9	3	220	14.032	0.18	14.0	0.0	1.0	1.0
9	3	214	13.71	0.461	14.032	0.18	1.0	1.0
9	3	208	13.065	0.25	14.065	0.25	1.0	1.0
9	3	202	12.935	0.25	14.29	0.461	1.0	1.0
9	3	196	12.516	0.508	14.581	0.502	1.0	1.0
9	3	190	12.0	0.258	14.935	0.25	1.0	1.0
9	3	184	11.871	0.341	15.0	0.0	1.0	1.0
9	3	178	11.097	0.301	15.0	0.0	1.0	1.0
9	3	172	11.0	0.0	15.0	0.0	1.0	1.0
9	3	166	10.29	0.461	15.0	0.0	1.0	1.0
9	3	160	10.0	0.0	15.032	0.18	1.0	1.0
9	3	154	9.774	0.425	15.226	0.425	1.0	1.0
9	3	148	9.0	0.0	15.742	0.445	1.0	1.0
9	3	142	8.935	0.25	15.968	0.18	1.0	1.0
9	3	136	8.161	0.374	16.0	0.0	1.0	1.0
9	3	130	8.0	0.0	16.065	0.25	1.0	1.0
9	3	124	7.258	0.445	16.742	0.445	1.0	1.0
9	3	118	7.0	0.0	17.0	0.0	1.0	1.0
9	3	112	6.581	0.502	17.387	0.495	1.0	1.0
9	3	106	5.935	0.512	17.935	0.359	1.0	1.0
9	3	100	4.968	0.315	18.581	0.502	1.0	1.0
9	3	77	3.0	0.0	23.194	0.654	1.0	1.0
9	3	74	2.968	0.18	24.323	0.702	1.0	1.0
9	3	71	2.645	0.486	25.452	0.768	1.0	1.0
9	3	68	2.194	0.402	26.871	1.056	1.0	1.0
9	3	65	2.0	0.0	29.129	1.628	1.0	1.0
9	3	62	1.667	0.479	33.387	1.995	0.968	1.0
9	3	59	0.286	0.535	38.9	3.542	0.226	0.323
9	3	56	0.0	0.0	nan	nan	0.0	0.0
9	3	53	0.0	0.0	nan	nan	0.0	0.0
9	3	50	0.0	0.0	nan	nan	0.0	0.0
9	3	47	0.0	0.0	nan	nan	0.0	0.0
9	3	44	0.0	0.0	nan	nan	0.0	0.0
10	3	454	22.484	0.508	10.0	0.0	1.0	1.0
10	3	448	22.419	0.502	10.0	0.0	1.0	1.0
10	3	442	22.032	0.18	10.0	0.0	1.0	1.0
10	3	436	22.065	0.25	10.0	0.0	1.0	1.0
10	3	430	22.0	0.0	10.0	0.0	1.0	1.0
10	3	424	21.903	0.301	10.0	0.0	1.0	1.0
10	3	418	21.645	0.486	10.0	0.0	1.0	1.0
10	3	412	21.29	0.461	10.0	0.0	1.0	1.0
10	3	406	21.161	0.374	10.0	0.0	1.0	1.0
10	3	400	20.968	0.18	10.0	0.0	1.0	1.0
10	3	394	20.935	0.25	10.0	0.0	1.0	1.0
10	3	388	20.677	0.475	10.0	0.0	1.0	1.0
10	3	382	20.29	0.461	10.0	0.0	1.0	1.0
10	3	376	20.0	0.0	10.0	0.0	1.0	1.0
10	3	370	19.935	0.25	10.0	0.0	1.0	1.0
10	3	364	19.806	0.402	10.0	0.0	1.0	1.0
10	3	358	19.484	0.508	10.0	0.0	1.0	1.0
10	3	352	19.032	0.18	10.0	0.0	1.0	1.0
10	3	346	18.903	0.301	10.0	0.0	1.0	1.0
10	3	340	18.645	0.486	10.0	0.0	1.0	1.0
10	3	334	18.226	0.425	10.0	0.0	1.0	1.0
10	3	328	18.097	0.301	10.0	0.0	1.0	1.0
10	3	322	17.935	0.25	10.0	0.0	1.0	1.0
10	3	316	17.613	0.495	10.0	0.0	1.0	1.0
10	3	310	17.097	0.301	10.032	0.18	1.0	1.0
10	3	304	17.032	0.18	10.065	0.25	1.0	1.0
10	3	298	16.871	0.341	10.226	0.425	1.0	1.0
10	3	292	16.323	0.475	10.129	0.341	1.0	1.0
10	3	286	16.032	0.18	10.161	0.374	1.0	1.0
10	3	280	15.935	0.25	10.516	0.508	1.0	1.0
10	3	274	15.645	0.486	10.355	0.486	1.0	1.0
10	3	268	15.129	0.341	10.613	0.495	1.0	1.0
10	3	262	14.968	0.18	10.613	0.495	1.0	1.0
10	3	256	14.71	0.461	10.935	0.25	1.0	1.0
10	3	250	14.194	0.402	11.0	0.0	1.0	1.0
10	3	244	14.032	0.18	11.0	0.0	1.0	1.0
10	3	238	13.806	0.402	11.0	0.0	1.0	1.0
10	3	232	13.29	0.461	11.0	0.0	1.0	1.0
10	3	226	13.0	0.0	11.0	0.0	1.0	1.0
10	3	220	12.935	0.25	11.0	0.0	1.0	1.0
10	3	214	12.161	0.374	11.0	0.0	1.0	1.0
10	3	208	12.0	0.0	11.0	0.0	1.0	1.0
10	3	202	11.806	0.402	11.0	0.0	1.0	1.0
10	3	196	11.129	0.341	11.0	0.0	1.0	1.0
10	3	190	10.968	0.18	11.032	0.18	1.0	1.0
10	3	184	10.71	0.461	11.161	0.374	1.0	1.0
10	3	178	10.161	0.374	11.258	0.445	1.0	1.0
10	3	172	9.968	0.18	11.581	0.502	1.0	1.0
10	3	166	9.419	0.502	11.871	0.341	1.0	1.0
10	3	160	9.065	0.25	12.0	0.0	1.0	1.0
10	3	154	8.839	0.374	11.968	0.18	1.0	1.0
10	3	148	8.323	0.475	12.0	0.0	1.0	1.0
10	3	142	8.0	0.0	12.129	0.341	1.0	1.0
10	3	136	7.839	0.374	12.548	0.506	1.0	1.0
10	3	130	7.129	0.341	12.968	0.18	1.0	1.0
10	3	124	6.968	0.18	13.0	0.0	1.0	1.0
10	3	118	6.71	0.461	13.161	0.374	1.0	1.0
10	3	112	6.0	0.0	13.871	0.341	1.0	1.0
10	3	106	5.903	0.301	14.0	0.0	1.0	1.0
10	3	100	5.032	0.18	14.71	0.461	1.0	1.0
10	3	77	3.774	0.425	17.613	0.715	1.0	1.0
10	3	74	3.097	0.7	18.548	0.624	1.0	1.0
10	3	71	2.581	0.564	19.484	0.89	1.0	1.0
10	3	68	2.065	0.25	20.71	1.189	1.0	1.0
10	3	65	2.0	0.0	22.258	1.182	1.0	1.0
10	3	62	2.0	0.0	24.032	1.224	1.0	1.0
10	3	59	1.806	0.402	27.742	2.422	1.0	1.0
10	3	56	1.259	0.813	31.44	2.945	0.677	0.806
10	3	53	0.107	0.315	34.0	1.673	0.097	0.194
10	3	50	0.0	0.0	nan	nan	0.0	0.0
10	3	47	0.0	0.0	nan	nan	0.0	0.0
10	3	44	0.0	0.0	nan	nan	0.0	0.0
11	3	454	22.097	0.301	10.0	0.0	1.0	1.0
11	3	448	22.065	0.25	10.0	0.0	1.0	1.0
11	3	442	22.0	0.0	10.0	0.0	1.0	1.0
11	3	436	21.806	0.402	10.0	0.0	1.0	1.0
11	3	430	21.548	0.506	10.0	0.0	1.0	1.0
11	3	424	21.323	0.475	10.0	0.0	1.0	1.0
11	3	418	21.032	0.18	10.0	0.0	1.0	1.0
11	3	412	21.032	0.18	10.0	0.0	1.0	1.0
11	3	406	20.903	0.301	10.0	0.0	1.0	1.0
11	3	400	20.774	0.425	10.0	0.0	1.0	1.0
11	3	394	20.29	0.461	10.0	0.0	1.0	1.0
11	3	388	20.129	0.341	10.0	0.0	1.0	1.0
11	3	382	20.0	0.0	10.0	0.0	1.0	1.0
11	3	376	19.839	0.374	10.0	0.0	1.0	1.0
11	3	370	19.548	0.506	10.0	0.0	1.0	1.0
11	3	364	19.065	0.25	10.0	0.0	1.0	1.0
11	3	358	19.0	0.0	10.0	0.0	1.0	1.0
11	3	352	18.935	0.25	10.0	0.0	1.0	1.0
11	3	346	18.677	0.475	10.0	0.0	1.0	1.0
11	3	340	18.258	0.445	10.0	0.0	1.0	1.0
11	3	334	18.065	0.25	10.0	0.0	1.0	1.0
11	3	328	17.871	0.341	10.0	0.0	1.0	1.0
11	3	322	17.645	0.486	10.0	0.0	1.0	1.0
11	3	316	17.161	0.374	10.0	0.0	1.0	1.0
11	3	310	17.0	0.0	10.0	0.0	1.0	1.0
11	3	304	16.806	0.402	10.032	0.18	1.0	1.0
11	3	298	16.581	0.502	10.0	0.0	1.0	1.0
11	3	292	16.065	0.25	10.0	0.0	1.0	1.0
11	3	286	16.032	0.18	10.0	0.0	1.0	1.0
11	3	280	15.677	0.475	10.0	0.0	1.0	1.0
11	3	274	15.226	0.425	10.0	0.0	1.0	1.0
11	3	268	15.0	0.0	10.097	0.301	1.0	1.0
11	3	262	14.871	0.341	10.387	0.495	1.0	1.0
11	3	256	14.226	0.425	10.258	0.445	1.0	1.0
11	3	250	14.0	0.0	10.387	0.495	1.0	1.0
11	3	244	13.968	0.18	10.645	0.486	1.0	1.0
11	3	238	13.323	0.475	10.968	0.18	1.0	1.0
11	3	232	13.0	0.0	10.968	0.18	1.0	1.0
11	3	226	12.968	0.18	10.968	0.18	1.0	1.0
11	3	220	12.452	0.506	11.0	0.0	1.0	1.0
11	3	214	12.032	0.18	11.0	0.0	1.0	1.0
11	3	208	11.935	0.25	11.0	0.0	1.0	1.0
11	3	202	11.355	0.486	11.0	0.0	1.0	1.0
11	3	196	11.0	0.0	11.0	0.0	1.0	1.0
11	3	190	10.935	0.25	11.0	0.0	1.0	1.0
11	3	184	10.355	0.486	11.032	0.18	1.0	1.0
11	3	178	10.0	0.0	11.226	0.425	1.0	1.0
11	3	172	9.839	0.374	11.452	0.506	1.0	1.0
11	3	166	9.161	0.374	11.871	0.341	1.0	1.0
11	3	160	9.0	0.0	12.0	0.0	1.0	1.0
11	3	154	8.71	0.461	12.0	0.0	1.0	1.0
11	3	148	8.065	0.25	12.032	0.18	1.0	1.0
11	3	142	8.0	0.0	12.161	0.374	1.0	1.0
11	3	136	7.452	0.506	12.581	0.502	1.0	1.0
11	3	130	7.0	0.0	12.935	0.25	1.0	1.0
11	3	124	6.839	0.374	13.0	0.0	1.0	1.0
11	3	118	6.032	0.18	13.419	0.502	1.0	1.0
11	3	112	6.0	0.0	13.839	0.374	1.0	1.0
11	3	106	5.613	0.495	14.161	0.374	1.0	1.0
11	3	100	5.0	0.0	14.71	0.461	1.0	1.0
11	3	77	3.226	0.617	18.548	0.768	1.0	1.0
11	3	74	2.355	0.551	19.71	1.039	1.0	1.0
11	3	71	2.0	0.0	20.839	0.898	1.0	1.0
11	3	68	2.0	0.0	22.355	0.877	1.0	1.0
11	3	65	2.0	0.0	24.742	1.437	1.0	1.0
11	3	62	1.677	0.541	27.067	2.318	0.968	0.968
11	3	59	1.037	0.649	31.654	3.174	0.71	0.839
11	3	56	0.065	0.25	31.5	3.536	0.065	0.065
11	3	53	0.0	0.0	nan	nan	0.0	0.0
11	3	50	0.0	0.0	nan	nan	0.0	0.0
11	3	47	0.0	0.0	nan	nan	0.0	0.0
11	3	44	0.0	0.0	nan	nan	0.0	0.0
12	3	454	19.032	0.18	9.968	0.18	1.0	1.0
12	3	448	18.935	0.25	10.0	0.0	1.0	1.0
12	3	442	18.903	0.301	10.0	0.0	1.0	1.0
12	3	436	18.516	0.508	10.0	0.0	1.0	1.0
12	3	430	18.194	0.402	10.0	0.0	1.0	1.0
12	3	424	18.032	0.18	10.0	0.0	1.0	1.0
12	3	418	18.0	0.0	10.0	0.0	1.0	1.0
12	3	412	17.935	0.25	10.0	0.0	1.0	1.0
12	3	406	17.645	0.486	10.0	0.0	1.0	1.0
12	3	400	17.29	0.461	10.0	0.0	1.0	1.0
12	3	394	17.161	0.374	10.0	0.0	1.0	1.0
12	3	388	17.0	0.0	10.0	0.0	1.0	1.0
12	3	382	16.968	0.18	10.0	0.0	1.0	1.0
12	3	376	16.774	0.425	10.0	0.0	1.0	1.0
12	3	370	16.29	0.461	10.0	0.0	1.0	1.0
12	3	364	16.0	0.0	10.0	0.0	1.0	1.0
12	3	358	16.0	0.0	10.0	0.0	1.0	1.0
12	3	352	15.935	0.25	9.968	0.18	1.0	1.0
12	3	346	15.774	0.425	10.0	0.0	1.0	1.0
12	3	340	15.258	0.445	10.0	0.0	1.0	1.0
12	3	334	15.032	0.18	10.0	0.0	1.0	1.0
12	3	328	14.968	0.18	10.0	0.0	1.0	1.0
12	3	322	14.774	0.425	10.0	0.0	1.0	1.0
12	3	316	14.226	0.425	10.0	0.0	1.0	1.0
12	3	310	14.0	0.0	10.0	0.0	1.0	1.0
12	3	304	14.0	0.258	10.0	0.0	1.0	1.0
12	3	298	13.774	0.425	10.0	0.0	1.0	1.0
12	3	292	13.323	0.475	10.0	0.0	1.0	1.0
12	3	286	13.065	0.25	10.0	0.0	1.0	1.0
12	3	280	13.0	0.0	10.0	0.0	1.0	1.0
12	3	274	12.613	0.495	10.0	0.0	1.0	1.0
12	3	268	12.29	0.461	10.0	0.0	1.0	1.0
12	3	262	12.032	0.18	10.0	0.0	1.0	1.0
12	3	256	11.968	0.18	10.0	0.0	1.0	1.0
12	3	250	11.677	0.475	10.0	0.0	1.0	1.0
12	3	244	11.161	0.374	10.0	0.0	1.0	1.0
12	3	238	11.0	0.0	10.0	0.0	1.0	1.0
12	3	232	10.968	0.18	10.0	0.0	1.0	1.0
12	3	226	10.516	0.508	10.226	0.425	1.0	1.0
12	3	220	10.032	0.18	10.194	0.402	1.0	1.0
12	3	214	10.0	0.0	10.484	0.508	1.0	1.0
12	3	208	9.903	0.301	10.839	0.374	1.0	1.0
12	3	202	9.226	0.425	10.935	0.25	1.0	1.0
12	3	196	9.0	0.0	11.0	0.0	1.0	1.0
12	3	190	8.871	0.341	11.0	0.0	1.0	1.0
12	3	184	8.516	0.508	11.0	0.0	1.0	1.0
12	3	178	8.097	0.301	11.0	0.0	1.0	1.0
12	3	172	7.968	0.18	11.0	0.0	1.0	1.0
12	3	166	7.645	0.486	11.032	0.18	1.0	1.0
12	3	160	7.032	0.18	11.032	0.18	1.0	1.0
12	3	154	7.0	0.0	11.548	0.506	1.0	1.0
12	3	148	6.581	0.502	11.871	0.341	1.0	1.0
12	3	142	6.032	0.18	12.0	0.0	1.0	1.0
12	3	136	6.0	0.0	12.0	0.0	1.0	1.0
12	3	130	5.871	0.341	12.032	0.18	1.0	1.0
12	3	124	5.065	0.25	12.581	0.502	1.0	1.0
12	3	118	5.0	0.0	12.968	0.18	1.0	1.0
12	3	112	4.968	0.18	13.032	0.18	1.0	1.0
12	3	106	4.258	0.445	13.581	0.502	1.0	1.0
12	3	100	4.032	0.18	14.032	0.315	1.0	1.0
12	3	77	2.968	0.18	17.065	0.574	1.0	1.0
12	3	74	2.516	0.724	17.774	0.805	1.0	1.0
12	3	71	1.774	0.669	18.806	0.833	1.0	1.0
12	3	68	1.323	0.475	19.71	1.16	1.0	1.0
12	3	65	1.0	0.0	21.581	1.336	1.0	1.0
12	3	62	0.967	0.183	23.767	1.547	0.935	0.968
12	3	59	0.29	0.461	26.111	1.537	0.29	0.29
12	3	56	0.065	0.25	26.5	0.707	0.065	0.065
12	3	53	0.0	0.0	nan	nan	0.0	0.0
12	3	50	0.0	0.0	nan	nan	0.0	0.0
12	3	47	0.0	0.0	nan	nan	0.0	0.0
12	3	44	0.0	0.0	nan	nan	0.0	0.0
13	3	454	16.71	0.461	9.0	0.0	1.0	1.0
13	3	448	16.452	0.506	9.0	0.0	1.0	1.0
13	3	442	16.065	0.25	9.0	0.0	1.0	1.0
13	3	436	16.065	0.25	9.0	0.0	1.0	1.0
13	3	430	16.0	0.0	9.0	0.0	1.0	1.0
13	3	424	15.968	0.18	9.0	0.0	1.0	1.0
13	3	418	15.903	0.301	9.0	0.0	1.0	1.0
13	3	412	15.581	0.502	9.0	0.0	1.0	1.0
13	3	406	15.161	0.374	9.0	0.0	1.0	1.0
13	3	400	15.065	0.25	9.0	0.0	1.0	1.0
13	3	394	15.0	0.0	9.0	0.0	1.0	1.0
13	3	388	15.0	0.0	9.0	0.0	1.0	1.0
13	3	382	14.839	0.374	9.0	0.0	1.0	1.0
13	3	376	14.419	0.502	9.0	0.0	1.0	1.0
13	3	370	14.258	0.445	9.0	0.0	1.0	1.0
13	3	364	14.032	0.18	9.0	0.0	1.0	1.0
13	3	358	14.0	0.0	9.0	0.0	1.0	1.0
13	3	352	13.903	0.301	9.0	0.0	1.0	1.0
13	3	346	13.71	0.461	9.0	0.0	1.0	1.0
13	3	340	13.032	0.18	9.0	0.0	1.0	1.0
13	3	334	13.0	0.0	9.0	0.0	1.0	1.0
13	3	328	13.0	0.0	9.0	0.0	1.0	1.0
13	3	322	12.806	0.402	9.0	0.0	1.0	1.0
13	3	316	12.677	0.475	9.0	0.0	1.0	1.0
13	3	310	12.161	0.374	9.032	0.18	1.0	1.0
13	3	304	12.032	0.18	9.032	0.18	1.0	1.0
13	3	298	12.0	0.0	9.032	0.18	1.0	1.0
13	3	292	11.71	0.461	9.065	0.25	1.0	1.0
13	3	286	11.613	0.495	9.194	0.402	1.0	1.0
13	3	280	11.0	0.0	9.355	0.486	1.0	1.0
13	3	274	11.0	0.0	9.516	0.508	1.0	1.0
13	3	268	11.0	0.0	9.581	0.502	1.0	1.0
13	3	262	10.71	0.461	9.839	0.374	1.0	1.0
13	3	256	10.129	0.341	9.903	0.301	1.0	1.0
13	3	250	10.0	0.0	9.935	0.25	1.0	1.0
13	3	244	9.935	0.25	9.968	0.18	1.0	1.0
13	3	238	9.806	0.402	10.0	0.0	1.0	1.0
13	3	232	9.065	0.25	10.0	0.0	1.0	1.0
13	3	226	9.0	0.0	10.0	0.0	1.0	1.0
13	3	220	8.968	0.18	10.0	0.0	1.0	1.0
13	3	214	8.806	0.402	10.0	0.0	1.0	1.0
13	3	208	8.258	0.445	10.0	0.0	1.0	1.0
13	3	202	8.0	0.0	10.0	0.0	1.0	1.0
13	3	196	8.0	0.0	10.0	0.0	1.0	1.0
13	3	190	7.871	0.341	10.0	0.0	1.0	1.0
13	3	184	7.129	0.341	10.0	0.0	1.0	1.0
13	3	178	7.0	0.0	10.032	0.18	1.0	1.0
13	3	172	6.968	0.18	10.161	0.374	1.0	1.0
13	3	166	6.516	0.508	10.71	0.461	1.0	1.0
13	3	160	6.097	0.301	11.0	0.0	1.0	1.0
13	3	154	6.0	0.0	10.968	0.18	1.0	1.0
13	3	148	5.903	0.301	11.0	0.0	1.0	1.0
13	3	142	5.613	0.495	11.032	0.18	1.0	1.0
13	3	136	5.097	0.301	11.097	0.301	1.0	1.0
13	3	130	5.0	0.0	11.452	0.506	1.0	1.0
13	3	124	4.935	0.25	11.935	0.25	1.0	1.0
13	3	118	4.258	0.445	11.968	0.18	1.0	1.0
13	3	112	4.0	0.0	12.226	0.425	1.0	1.0
13	3	106	4.0	0.0	12.774	0.425	1.0	1.0
13	3	100	3.774	0.425	13.065	0.25	1.0	1.0
13	3	77	2.548	0.506	15.806	0.477	1.0	1.0
13	3	74	2.355	0.486	16.387	0.495	1.0	1.0
13	3	71	1.871	0.428	17.323	0.945	1.0	1.0
13	3	68	1.677	0.475	18.161	0.779	1.0	1.0
13	3	65	1.161	0.374	19.226	1.055	1.0	1.0
13	3	62	0.967	0.183	21.333	1.882	0.935	0.968
13	3	59	0.875	0.338	24.036	1.666	0.677	0.903
13	3	56	0.0	0.0	26.0	0.0	0.0	0.032
13	3	53	0.0	0.0	nan	nan	0.0	0.0
13	3	50	0.0	0.0	nan	nan	0.0	0.0
13	3	47	0.0	0.0	nan	nan	0.0	0.0
13	3	44	0.0	0.0	nan	nan	0.0	0.0
14	3	454	23.194	0.402	10.0	0.0	1.0	1.0
14	3	448	23.032	0.18	10.0	0.0	1.0	1.0
14	3	442	22.968	0.315	10.0	0.0	1.0	1.0
14	3	436	22.677	0.475	10.0	0.0	1.0	1.0
14	3	430	22.548	0.506	10.0	0.0	1.0	1.0
14	3	424	22.258	0.445	10.0	0.0	1.0	1.0
14	3	418	22.097	0.301	10.0	0.0	1.0	1.0
14	3	412	21.968	0.315	10.0	0.0	1.0	1.0
14	3	406	21.742	0.445	10.0	0.0	1.0	1.0
14	3	400	21.452	0.506	10.0	0.0	1.0	1.0
14	3	394	21.29	0.461	10.0	0.0	1.0	1.0
14	3	388	21.097	0.301	10.0	0.0	1.0	1.0
14	3	382	20.968	0.18	10.0	0.0	1.0	1.0
14	3	376	20.677	0.475	10.0	0.0	1.0	1.0
14	3	370	20.323	0.475	10.0	0.0	1.0	1.0
14	3	364	20.032	0.18	10.0	0.0	1.0	1.0
14	3	358	20.065	0.25	10.0	0.0	1.0	1.0
14	3	352	19.742	0.445	10.0	0.0	1.0	1.0
14	3	346	19.387	0.495	10.0	0.0	1.0	1.0
14	3	340	19.161	0.374	10.0	0.0	1.0	1.0
14	3	334	19.032	0.18	10.0	0.0	1.0	1.0
14	3	328	18.742	0.445	10.0	0.0	1.0	1.0
14	3	322	18.194	0.402	10.0	0.0	1.0	1.0
14	3	316	18.129	0.341	10.0	0.0	1.0	1.0
14	3	310	17.968	0.18	10.0	0.0	1.0	1.0
14	3	304	17.613	0.495	10.0	0.0	1.0	1.0
14	3	298	17.258	0.445	10.0	0.0	1.0	1.0
14	3	292	17.0	0.0	10.0	0.0	1.0	1.0
14	3	286	16.71	0.461	10.0	0.0	1.0	1.0
14	3	280	16.387	0.495	10.0	0.0	1.0	1.0
14	3	274	16.129	0.341	10.0	0.0	1.0	1.0
14	3	268	16.0	0.0	10.0	0.0	1.0	1.0
14	3	262	15.677	0.475	10.0	0.0	1.0	1.0
14	3	256	15.065	0.25	10.0	0.0	1.0	1.0
14	3	250	15.0	0.0	10.0	0.0	1.0	1.0
14	3	244	14.645	0.486	10.097	0.301	1.0	1.0
14	3	238	14.161	0.374	10.355	0.486	1.0	1.0
14	3	232	14.0	0.0	10.548	0.506	1.0	1.0
14	3	226	13.774	0.425	10.677	0.475	1.0	1.0
14	3	220	13.065	0.25	10.903	0.301	1.0	1.0
14	3	214	13.0	0.0	10.968	0.18	1.0	1.0
14	3	208	12.581	0.502	10.968	0.18	1.0	1.0
14	3	202	12.0	0.0	11.0	0.0	1.0	1.0
14	3	196	11.968	0.18	10.968	0.18	1.0	1.0
14	3	190	11.355	0.486	11.0	0.0	1.0	1.0
14	3	184	11.0	0.0	11.0	0.0	1.0	1.0
14	3	178	11.0	0.0	11.0	0.0	1.0	1.0
14	3	172	10.355	0.486	11.0	0.0	1.0	1.0
14	3	166	10.0	0.0	11.226	0.425	1.0	1.0
14	3	160	9.742	0.445	11.742	0.445	1.0	1.0
14	3	154	9.161	0.374	11.903	0.301	1.0	1.0
14	3	148	9.0	0.0	12.0	0.0	1.0	1.0
14	3	142	8.516	0.508	12.0	0.0	1.0	1.0
14	3	136	8.0	0.0	12.0	0.0	1.0	1.0
14	3	130	7.968	0.18	12.323	0.475	1.0	1.0
14	3	124	7.161	0.374	12.839	0.374	1.0	1.0
14	3	118	7.0	0.0	13.0	0.0	1.0	1.0
14	3	112	6.613	0.495	13.161	0.374	1.0	1.0
14	3	106	6.0	0.0	13.968	0.18	1.0	1.0
14	3	100	5.935	0.25	14.065	0.25	1.0	1.0
14	3	77	3.935	0.25	17.226	0.617	1.0	1.0
14	3	74	3.581	0.502	18.29	0.588	1.0	1.0
14	3	71	3.065	0.359	19.065	0.68	1.0	1.0
14	3	68	2.968	0.315	20.065	0.964	1.0	1.0
14	3	65	2.29	0.461	22.0	1.065	1.0	1.0
14	3	62	2.0	0.0	24.29	1.189	1.0	1.0
14	3	59	2.0	0.0	27.839	2.557	1.0	1.0
14	3	56	1.586	0.568	33.233	4.174	0.903	0.968
14	3	53	0.033	0.183	41.0	1.414	0.032	0.065
14	3	50	0.0	0.0	nan	nan	0.0	0.0
14	3	47	0.0	0.0	nan	nan	0.0	0.0
14	3	44	0.0	0.0	nan	nan	0.0	0.0
15	3	454	17.0	0.0	9.0	0.0	1.0	1.0
15	3	448	17.0	0.0	9.0	0.0	1.0	1.0
15	3	442	16.935	0.25	9.0	0.0	1.0	1.0
15	3	436	16.645	0.486	9.0	0.0	1.0	1.0
15	3	430	16.29	0.461	9.0	0.0	1.0	1.0
15	3	424	16.032	0.18	9.0	0.0	1.0	1.0
15	3	418	16.0	0.0	9.0	0.0	1.0	1.0
15	3	412	16.032	0.18	9.0	0.0	1.0	1.0
15	3	406	16.0	0.0	9.0	0.0	1.0	1.0
15	3	400	15.903	0.301	9.0	0.0	1.0	1.0
15	3	394	15.452	0.506	9.0	0.0	1.0	1.0
15	3	388	15.226	0.425	9.0	0.0	1.0	1.0
15	3	382	15.065	0.25	9.0	0.0	1.0	1.0
15	3	376	15.0	0.0	9.0	0.0	1.0	1.0
15	3	370	15.0	0.0	9.0	0.0	1.0	1.0
15	3	364	14.613	0.495	9.0	0.0	1.0	1.0
15	3	358	14.194	0.402	9.0	0.0	1.0	1.0
15	3	352	14.0	0.0	9.0	0.0	1.0	1.0
15	3	346	14.0	0.0	9.0	0.0	1.0	1.0
15	3	340	13.968	0.18	9.0	0.0	1.0	1.0
15	3	334	13.677	0.475	9.0	0.0	1.0	1.0
15	3	328	13.355	0.486	9.0	0.0	1.0	1.0
15	3	322	13.065	0.25	9.0	0.0	1.0	1.0
15	3	316	13.0	0.0	9.0	0.0	1.0	1.0
15	3	310	12.968	0.18	9.032	0.18	1.0	1.0
15	3	304	12.774	0.425	9.0	0.0	1.0	1.0
15	3	298	12.226	0.425	9.0	0.0	1.0	1.0
15	3	292	12.0	0.0	9.0	0.0	1.0	1.0
15	3	286	12.0	0.0	9.0	0.0	1.0	1.0
15	3	280	11.935	0.25	9.0	0.0	1.0	1.0
15	3	274	11.29	0.461	9.032	0.18	1.0	1.0
15	3	268	11.0	0.0	9.097	0.301	1.0	1.0
15	3	262	11.0	0.0	9.161	0.374	1.0	1.0
15	3	256	10.935	0.25	9.161	0.374	1.0	1.0
15	3	250	10.484	0.508	9.452	0.506	1.0	1.0
15	3	244	10.065	0.25	9.645	0.486	1.0	1.0
15	3	238	10.0	0.0	9.935	0.25	1.0	1.0
15	3	232	10.0	0.0	10.0	0.0	1.0	1.0
15	3	226	9.484	0.508	10.0	0.0	1.0	1.0
15	3	220	9.065	0.25	10.0	0.0	1.0	1.0
15	3	214	9.0	0.0	10.0	0.0	1.0	1.0
15	3	208	8.968	0.18	10.0	0.0	1.0	1.0
15	3	202	8.581	0.502	10.0	0.0	1.0	1.0
15	3	196	8.032	0.18	10.0	0.0	1.0	1.0
15	3	190	8.0	0.0	10.0	0.0	1.0	1.0
15	3	184	7.968	0.18	10.0	0.0	1.0	1.0
15	3	178	7.419	0.502	10.0	0.0	1.0	1.0
15	3	172	7.0	0.0	10.0	0.0	1.0	1.0
15	3	166	7.0	0.0	10.032	0.18	1.0	1.0
15	3	160	6.903	0.301	10.161	0.374	1.0	1.0
15	3	154	6.258	0.445	10.516	0.508	1.0	1.0
15	3	148	6.0	0.0	10.903	0.301	1.0	1.0
15	3	142	6.0	0.0	11.0	0.0	1.0	1.0
15	3	136	5.742	0.445	11.0	0.0	1.0	1.0
15	3	130	5.0	0.0	11.0	0.0	1.0	1.0
15	3	124	5.0	0.0	11.129	0.341	1.0	1.0
15	3	118	5.0	0.0	11.548	0.506	1.0	1.0
15	3	112	4.387	0.495	12.0	0.0	1.0	1.0
15	3	106	4.0	0.0	12.032	0.18	1.0	1.0
15	3	100	4.0	0.0	12.452	0.506	1.0	1.0
15	3	77	3.0	0.0	14.903	0.597	1.0	1.0
15	3	74	2.871	0.341	15.161	0.374	1.0	1.0
15	3	71	2.258	0.445	15.839	0.523	1.0	1.0
15	3	68	2.0	0.0	16.419	0.564	1.0	1.0
15	3	65	1.871	0.341	17.387	0.715	1.0	1.0
15	3	62	1.258	0.445	18.806	1.25	1.0	1.0
15	3	59	1.0	0.0	20.516	1.262	1.0	1.0
15	3	56	0.87	0.344	23.179	1.786	0.645	0.903
15	3	53	0.0	0.0	nan	nan	0.0	0.0
15	3	50	0.0	0.0	nan	nan	0.0	0.0
15	3	47	0.0	0.0	nan	nan	0.0	0.0
15	3	44	0.0	0.0	nan	nan	0.0	0.0
16	3	454	21.645	0.486	9.839	0.374	1.0	1.0
16	3	448	21.323	0.475	9.774	0.425	1.0	1.0
16	3	442	21.194	0.402	9.806	0.402	1.0	1.0
16	3	436	21.097	0.301	9.871	0.341	1.0	1.0
16	3	430	20.968	0.18	9.871	0.341	1.0	1.0
16	3	424	20.774	0.425	9.935	0.25	1.0	1.0
16	3	418	20.516	0.508	9.968	0.18	1.0	1.0
16	3	412	20.097	0.301	9.903	0.301	1.0	1.0
16	3	406	20.0	0.0	9.935	0.25	1.0	1.0
16	3	400	19.903	0.301	9.968	0.18	1.0	1.0
16	3	394	19.806	0.402	10.0	0.0	1.0	1.0
16	3	388	19.387	0.495	9.968	0.18	1.0	1.0
16	3	382	19.161	0.374	10.0	0.0	1.0	1.0
16	3	376	19.0	0.0	10.0	0.0	1.0	1.0
16	3	370	18.903	0.301	10.0	0.0	1.0	1.0
16	3	364	18.645	0.486	10.0	0.0	1.0	1.0
16	3	358	18.355	0.486	10.0	0.0	1.0	1.0
16	3	352	18.032	0.18	10.0	0.0	1.0	1.0
16	3	346	17.903	0.301	10.0	0.0	1.0	1.0
16	3	340	17.613	0.495	10.0	0.0	1.0	1.0
16	3	334	17.226	0.425	10.0	0.0	1.0	1.0
16	3	328	17.097	0.301	10.0	0.0	1.0	1.0
16	3	322	16.935	0.25	10.0	0.0	1.0	1.0
16	3	316	16.839	0.374	10.0	0.0	1.0	1.0
16	3	310	16.258	0.445	10.0	0.0	1.0	1.0
16	3	304	16.065	0.25	10.0	0.0	1.0	1.0
16	3	298	16.0	0.0	10.0	0.0	1.0	1.0
16	3	292	15.613	0.495	10.0	0.0	1.0	1.0
16	3	286	15.29	0.461	10.0	0.0	1.0	1.0
16	3	280	14.968	0.18	10.0	0.0	1.0	1.0
16	3	274	14.839	0.374	10.0	0.0	1.0	1.0
16	3	268	14.194	0.402	10.0	0.0	1.0	1.0
16	3	262	14.0	0.0	10.0	0.0	1.0	1.0
16	3	256	13.806	0.402	10.0	0.0	1.0	1.0
16	3	250	13.452	0.506	10.0	0.0	1.0	1.0
16	3	244	13.097	0.301	10.0	0.0	1.0	1.0
16	3	238	12.935	0.25	10.0	0.0	1.0	1.0
16	3	232	12.677	0.475	10.0	0.0	1.0	1.0
16	3	226	12.129	0.341	10.0	0.0	1.0	1.0
16	3	220	11.968	0.18	10.032	0.18	1.0	1.0
16	3	214	11.548	0.506	10.0	0.0	1.0	1.0
16	3	208	11.161	0.374	10.355	0.486	1.0	1.0
16	3	202	10.968	0.18	10.71	0.461	1.0	1.0
16	3	196	10.387	0.495	10.806	0.402	1.0	1.0
16	3	190	10.032	0.315	10.935	0.25	1.0	1.0
16	3	184	9.935	0.25	11.0	0.0	1.0	1.0
16	3	178	9.516	0.508	11.0	0.0	1.0	1.0
16	3	172	9.065	0.25	11.0	0.0	1.0	1.0
16	3	166	8.935	0.25	11.0	0.0	1.0	1.0
16	3	160	8.387	0.495	11.0	0.0	1.0	1.0
16	3	154	8.032	0.18	11.258	0.445	1.0	1.0
16	3	148	7.806	0.402	11.419	0.502	1.0	1.0
16	3	142	7.258	0.445	11.903	0.301	1.0	1.0
16	3	136	7.0	0.0	12.0	0.0	1.0	1.0
16	3	130	6.742	0.445	12.0	0.0	1.0	1.0
16	3	124	6.065	0.25	12.258	0.445	1.0	1.0
16	3	118	5.968	0.18	12.742	0.445	1.0	1.0
16	3	112	5.516	0.508	13.0	0.0	1.0	1.0
16	3	106	5.065	0.25	13.387	0.495	1.0	1.0
16	3	100	4.935	0.25	13.968	0.18	1.0	1.0
16	3	77	3.097	0.301	16.903	0.473	1.0	1.0
16	3	74	2.839	0.454	17.645	0.755	1.0	1.0
16	3	71	2.387	0.615	18.452	0.768	1.0	1.0
16	3	68	1.839	0.454	19.516	0.996	1.0	1.0
16	3	65	1.29	0.461	21.419	1.089	1.0	1.0
16	3	62	1.161	0.374	23.29	1.553	1.0	1.0
16	3	59	0.857	0.448	25.923	3.224	0.742	0.839
16	3	56	0.161	0.374	27.8	2.387	0.161	0.161
16	3	53	0.0	0.0	nan	nan	0.0	0.0
16	3	50	0.0	0.0	nan	nan	0.0	0.0
16	3	47	0.0	0.0	nan	nan	0.0	0.0
16	3	44	0.0	0.0	nan	nan	0.0	0.0
17	3	454	18.484	0.508	9.0	0.0	1.0	1.0
17	3	448	18.161	0.374	9.0	0.0	1.0	1.0
17	3	442	18.097	0.301	9.032	0.18	1.0	1.0
17	3	436	18.0	0.0	9.032	0.18	1.0	1.0
17	3	430	18.0	0.0	9.0	0.0	1.0	1.0
17	3	424	17.774	0.425	9.0	0.0	1.0	1.0
17	3	418	17.613	0.495	9.0	0.0	1.0	1.0
17	3	412	17.29	0.461	9.0	0.0	1.0	1.0
17	3	406	17.032	0.18	9.0	0.0	1.0	1.0
17	3	400	17.0	0.0	9.032	0.18	1.0	1.0
17	3	394	16.903	0.301	9.0	0.0	1.0	1.0
17	3	388	16.839	0.374	9.065	0.25	1.0	1.0
17	3	382	16.387	0.495	9.032	0.18	1.0	1.0
17	3	376	16.065	0.25	9.161	0.374	1.0	1.0
17	3	370	16.0	0.0	9.161	0.374	1.0	1.0
17	3	364	16.0	0.0	9.226	0.425	1.0	1.0
17	3	358	15.871	0.341	9.387	0.495	1.0	1.0
17	3	352	15.613	0.495	9.419	0.502	1.0	1.0
17	3	346	15.0	0.0	9.452	0.506	1.0	1.0
17	3	340	15.032	0.18	9.581	0.502	1.0	1.0
17	3	334	15.0	0.0	9.774	0.425	1.0	1.0
17	3	328	14.645	0.486	9.839	0.374	1.0	1.0
17	3	322	14.355	0.486	9.871	0.341	1.0	1.0
17	3	316	14.065	0.25	9.903	0.301	1.0	1.0
17	3	310	14.0	0.0	10.0	0.0	1.0	1.0
17	3	304	13.935	0.25	9.935	0.25	1.0	1.0
17	3	298	13.516	0.508	9.968	0.18	1.0	1.0
17	3	292	13.194	0.402	10.0	0.0	1.0	1.0
17	3	286	13.0	0.0	10.0	0.0	1.0	1.0
17	3	280	13.0	0.0	10.0	0.0	1.0	1.0
17	3	274	12.71	0.461	10.0	0.0	1.0	1.0
17	3	268	12.032	0.18	10.0	0.0	1.0	1.0
17	3	262	12.032	0.18	10.0	0.0	1.0	1.0
17	3	256	12.0	0.0	10.0	0.0	1.0	1.0
17	3	250	11.71	0.461	10.0	0.0	1.0	1.0
17	3	244	11.097	0.301	10.0	0.0	1.0	1.0
17	3	238	11.0	0.0	10.0	0.0	1.0	1.0
17	3	232	10.968	0.18	10.0	0.0	1.0	1.0
17	3	226	10.516	0.508	10.0	0.0	1.0	1.0
17	3	220	10.032	0.18	10.0	0.0	1.0	1.0
17	3	214	10.0	0.0	10.0	0.0	1.0	1.0
17	3	208	9.871	0.341	10.0	0.0	1.0	1.0
17	3	202	9.161	0.374	10.0	0.0	1.0	1.0
17	3	196	9.0	0.0	10.0	0.0	1.0	1.0
17	3	190	8.935	0.25	10.194	0.402	1.0	1.0
17	3	184	8.387	0.495	10.419	0.502	1.0	1.0
17	3	178	8.032	0.18	10.774	0.425	1.0	1.0
17	3	172	8.0	0.0	10.935	0.25	1.0	1.0
17	3	166	7.774	0.425	11.0	0.0	1.0	1.0
17	3	160	7.097	0.301	11.0	0.0	1.0	1.0
17	3	154	7.0	0.0	11.0	0.0	1.0	1.0
17	3	148	6.742	0.445	11.0	0.0	1.0	1.0
17	3	142	6.194	0.402	11.226	0.425	1.0	1.0
17	3	136	6.0	0.0	11.645	0.486	1.0	1.0
17	3	130	6.0	0.0	11.935	0.25	1.0	1.0
17	3	124	5.387	0.495	12.0	0.0	1.0	1.0
17	3	118	5.0	0.0	12.129	0.341	1.0	1.0
17	3	112	4.968	0.18	12.581	0.502	1.0	1.0
17	3	106	4.452	0.506	13.032	0.18	1.0	1.0
17	3	100	4.065	0.25	13.548	0.506	1.0	1.0
17	3	77	3.0	0.0	16.258	0.631	1.0	1.0
17	3	74	2.968	0.18	16.935	0.574	1.0	1.0
17	3	71	2.194	0.703	17.613	0.715	1.0	1.0
17	3	68	1.452	0.568	18.806	0.749	1.0	1.0
17	3	65	1.032	0.18	20.194	1.167	1.0	1.0
17	3	62	0.967	0.183	22.533	1.57	0.935	0.968
17	3	59	0.667	0.479	24.286	1.521	0.645	0.677
17	3	56	0.032	0.18	25.0	0.0	0.032	0.032
17	3	53	0.0	0.0	nan	nan	0.0	0.0
17	3	50	0.0	0.0	nan	nan	0.0	0.0
17	3	47	0.0	0.0	nan	nan	0.0	0.0
17	3	44	0.0	0.0	nan	nan	0.0	0.0
18	3	454	17.935	0.25	9.065	0.25	1.0	1.0
18	3	448	18.0	0.0	9.032	0.18	1.0	1.0
18	3	442	17.806	0.402	9.065	0.25	1.0	1.0
18	3	436	17.387	0.495	9.065	0.25	1.0	1.0
18	3	430	17.129	0.341	9.097	0.301	1.0	1.0
18	3	424	17.0	0.0	9.129	0.341	1.0	1.0
18	3	418	16.968	0.18	9.161	0.374	1.0	1.0
18	3	412	16.839	0.374	9.355	0.486	1.0	1.0
18	3	406	16.677	0.475	9.355	0.486	1.0	1.0
18	3	400	16.355	0.486	9.194	0.402	1.0	1.0
18	3	394	16.032	0.18	9.387	0.495	1.0	1.0
18	3	388	16.0	0.0	9.677	0.475	1.0	1.0
18	3	382	15.968	0.18	9.613	0.495	1.0	1.0
18	3	376	15.645	0.486	9.71	0.461	1.0	1.0
18	3	370	15.355	0.486	9.871	0.341	1.0	1.0
18	3	364	15.032	0.18	9.871	0.341	1.0	1.0
18	3	358	15.0	0.0	9.935	0.25	1.0	1.0
18	3	352	15.0	0.0	9.935	0.25	1.0	1.0
18	3	346	14.806	0.402	9.968	0.18	1.0	1.0
18	3	340	14.194	0.402	10.0	0.0	1.0	1.0
18	3	334	14.032	0.18	10.0	0.0	1.0	1.0
18	3	328	14.0	0.0	10.0	0.0	1.0	1.0
18	3	322	13.968	0.18	10.0	0.0	1.0	1.0
18	3	316	13.516	0.508	10.0	0.0	1.0	1.0
18	3	310	13.161	0.374	10.0	0.0	1.0	1.0
18	3	304	13.0	0.0	10.0	0.0	1.0	1.0
18	3	298	12.968	0.18	10.0	0.0	1.0	1.0
18	3	292	12.742	0.445	10.0	0.0	1.0	1.0
18	3	286	12.032	0.18	10.0	0.0	1.0	1.0
18	3	280	12.0	0.0	10.0	0.0	1.0	1.0
18	3	274	11.968	0.18	10.0	0.0	1.0	1.0
18	3	268	11.774	0.425	10.0	0.0	1.0	1.0
18	3	262	11.065	0.25	10.0	0.0	1.0	1.0
18	3	256	11.0	0.0	10.0	0.0	1.0	1.0
18	3	250	11.0	0.0	10.0	0.0	1.0	1.0
18	3	244	10.645	0.486	10.0	0.0	1.0	1.0
18	3	238	10.129	0.341	10.0	0.0	1.0	1.0
18	3	232	10.0	0.0	10.0	0.0	1.0	1.0
18	3	226	9.903	0.301	10.0	0.0	1.0	1.0
18	3	220	9.677	0.475	10.0	0.0	1.0	1.0
18	3	214	9.097	0.301	10.032	0.18	1.0	1.0
18	3	208	9.0	0.0	10.032	0.18	1.0	1.0
18	3	202	9.0	0.0	10.194	0.402	1.0	1.0
18	3	196	8.516	0.508	10.355	0.486	1.0	1.0
18	3	190	8.0	0.0	10.677	0.475	1.0	1.0
18	3	184	8.0	0.0	10.968	0.18	1.0	1.0
18	3	178	7.871	0.341	11.0	0.0	1.0	1.0
18	3	172	7.226	0.425	11.0	0.0	1.0	1.0
18	3	166	7.0	0.0	11.0	0.0	1.0	1.0
18	3	160	6.968	0.18	11.0	0.0	1.0	1.0
18	3	154	6.452	0.506	11.0	0.0	1.0	1.0
18	3	148	6.0	0.0	11.032	0.18	1.0	1.0
18	3	142	6.0	0.0	11.484	0.508	1.0	1.0
18	3	136	5.903	0.301	11.871	0.341	1.0	1.0
18	3	130	5.129	0.341	11.968	0.18	1.0	1.0
18	3	124	5.0	0.0	12.065	0.25	1.0	1.0
18	3	118	4.935	0.25	12.29	0.461	1.0	1.0
18	3	112	4.355	0.486	12.903	0.301	1.0	1.0
18	3	106	4.032	0.18	13.032	0.18	1.0	1.0
18	3	100	3.968	0.18	13.774	0.425	1.0	1.0
18	3	77	2.903	0.301	16.355	0.551	1.0	1.0
18	3	74	2.548	0.506	17.194	0.601	1.0	1.0
18	3	71	1.71	0.529	17.968	0.795	1.0	1.0
18	3	68	1.065	0.25	19.194	1.046	1.0	1.0
18	3	65	1.0	0.0	20.806	1.537	1.0	1.0
18	3	62	0.968	0.18	22.833	1.464	0.968	0.968
18	3	59	0.567	0.504	24.222	1.437	0.548	0.581
18	3	56	0.0	0.0	nan	nan	0.0	0.0
18	3	53	0.0	0.0	nan	nan	0.0	0.0
18	3	50	0.0	0.0	nan	nan	0.0	0.0
18	3	47	0.0	0.0	nan	nan	0.0	0.0
18	3	44	0.0	0.0	nan	nan	0.0	0.0
19	3	454	15.194	0.402	10.0	0.0	1.0	1.0
19	3	448	15.161	0.374	10.0	0.0	1.0	1.0
19	3	442	15.0	0.0	10.0	0.0	1.0	1.0
19	3	436	15.0	0.0	10.0	0.0	1.0	1.0
19	3	430	15.0	0.0	10.0	0.0	1.0	1.0
19	3	424	15.0	0.0	10.0	0.0	1.0	1.0
19	3	418	14.645	0.486	10.0	0.0	1.0	1.0
19	3	412	14.323	0.475	10.0	0.0	1.0	1.0
19	3	406	14.032	0.18	10.0	0.0	1.0	1.0
19	3	400	14.0	0.0	10.0	0.0	1.0	1.0
19	3	394	14.0	0.0	10.0	0.0	1.0	1.0
19	3	388	14.0	0.0	10.0	0.0	1.0	1.0
19	3	382	13.968	0.18	10.0	0.0	1.0	1.0
19	3	376	13.613	0.495	10.0	0.0	1.0	1.0
19	3	370	13.258	0.445	10.0	0.0	1.0	1.0
19	3	364	13.0	0.0	10.0	0.0	1.0	1.0
19	3	358	13.0	0.0	10.0	0.0	1.0	1.0
19	3	352	13.0	0.0	10.0	0.0	1.0	1.0
19	3	346	13.0	0.0	10.0	0.0	1.0	1.0
19	3	340	12.645	0.486	10.0	0.0	1.0	1.0
19	3	334	12.194	0.402	10.0	0.0	1.0	1.0
19	3	328	12.032	0.18	10.0	0.0	1.0	1.0
19	3	322	12.0	0.0	10.0	0.0	1.0	1.0
19	3	316	11.968	0.18	10.0	0.0	1.0	1.0
19	3	310	11.806	0.402	10.0	0.0	1.0	1.0
19	3	304	11.258	0.445	10.032	0.18	1.0	1.0
19	3	298	11.032	0.18	10.0	0.0	1.0	1.0
19	3	292	11.0	0.0	10.0	0.0	1.0	1.0
19	3	286	11.0	0.0	10.0	0.0	1.0	1.0
19	3	280	10.806	0.402	10.0	0.0	1.0	1.0
19	3	274	10.581	0.502	10.0	0.0	1.0	1.0
19	3	268	10.097	0.301	10.0	0.0	1.0	1.0
19	3	262	10.0	0.0	10.032	0.18	1.0	1.0
19	3	256	9.968	0.18	10.129	0.341	1.0	1.0
19	3	250	9.839	0.374	10.323	0.475	1.0	1.0
19	3	244	9.226	0.425	10.387	0.495	1.0	1.0
19	3	238	9.0	0.0	10.645	0.486	1.0	1.0
19	3	232	9.0	0.0	10.742	0.445	1.0	1.0
19	3	226	8.935	0.25	10.968	0.18	1.0	1.0
19	3	220	8.484	0.508	11.0	0.0	1.0	1.0
19	3	214	8.161	0.374	11.0	0.0	1.0	1.0
19	3	208	8.0	0.0	11.0	0.0	1.0	1.0
19	3	202	8.0	0.0	11.0	0.0	1.0	1.0
19	3	196	7.806	0.402	11.0	0.0	1.0	1.0
19	3	190	7.161	0.374	11.0	0.0	1.0	1.0
19	3	184	7.0	0.0	11.0	0.0	1.0	1.0
19	3	178	7.0	0.0	11.0	0.0	1.0	1.0
19	3	172	6.806	0.402	11.097	0.301	1.0	1.0
19	3	166	6.129	0.341	11.097	0.301	1.0	1.0
19	3	160	6.0	0.0	11.548	0.506	1.0	1.0
19	3	154	6.0	0.0	11.839	0.374	1.0	1.0
19	3	148	5.774	0.425	12.0	0.0	1.0	1.0
19	3	142	5.258	0.445	12.0	0.0	1.0	1.0
19	3	136	5.0	0.0	12.0	0.0	1.0	1.0
19	3	130	5.0	0.0	12.129	0.341	1.0	1.0
19	3	124	4.839	0.374	12.71	0.461	1.0	1.0
19	3	118	4.194	0.402	12.968	0.18	1.0	1.0
19	3	112	4.032	0.18	13.032	0.18	1.0	1.0
19	3	106	4.0	0.0	13.581	0.502	1.0	1.0
19	3	100	3.903	0.301	13.968	0.315	1.0	1.0
19	3	77	2.677	0.475	16.71	0.529	1.0	1.0
19	3	74	2.194	0.402	17.29	0.588	1.0	1.0
19	3	71	1.581	0.502	17.871	0.619	1.0	1.0
19	3	68	1.129	0.341	19.129	0.885	1.0	1.0
19	3	65	1.032	0.18	20.355	0.839	1.0	1.0
19	3	62	1.0	0.0	22.548	1.312	1.0	1.0
19	3	59	0.857	0.356	24.37	1.801	0.774	0.871
19	3	56	0.071	0.262	26.6	1.817	0.065	0.161
19	3	53	0.0	0.0	nan	nan	0.0	0.0
19	3	50	0.0	0.0	nan	nan	0.0	0.0
19	3	47	0.0	0.0	nan	nan	0.0	0.0
19	3	44	0.0	0.0	nan	nan	0.0	0.0
20	3	454	15.968	0.18	9.0	0.0	1.0	1.0
20	3	448	15.968	0.18	9.0	0.0	1.0	1.0
20	3	442	15.839	0.374	9.0	0.0	1.0	1.0
20	3	436	15.516	0.508	9.065	0.25	1.0	1.0
20	3	430	15.0	0.0	9.065	0.25	1.0	1.0
20	3	424	15.065	0.25	9.0	0.0	1.0	1.0
20	3	418	15.0	0.0	9.032	0.18	1.0	1.0
20	3	412	14.968	0.18	9.065	0.25	1.0	1.0
20	3	406	15.0	0.0	9.065	0.25	1.0	1.0
20	3	400	14.71	0.461	9.161	0.374	1.0	1.0
20	3	394	14.387	0.495	9.032	0.18	1.0	1.0
20	3	388	14.065	0.25	9.065	0.25	1.0	1.0
20	3	382	14.0	0.0	9.323	0.475	1.0	1.0
20	3	376	13.968	0.18	9.355	0.486	1.0	1.0
20	3	370	13.968	0.18	9.548	0.506	1.0	1.0
20	3	364	13.903	0.301	9.355	0.486	1.0	1.0
20	3	358	13.419	0.502	9.613	0.495	1.0	1.0
20	3	352	13.226	0.425	9.581	0.502	1.0	1.0
20	3	346	13.032	0.18	9.774	0.425	1.0	1.0
20	3	340	13.0	0.0	9.806	0.402	1.0	1.0
20	3	334	12.968	0.18	9.806	0.402	1.0	1.0
20	3	328	12.903	0.301	9.935	0.25	1.0	1.0
20	3	322	12.484	0.508	9.935	0.25	1.0	1.0
20	3	316	12.065	0.25	9.968	0.18	1.0	1.0
20	3	310	12.0	0.0	9.968	0.18	1.0	1.0
20	3	304	12.0	0.0	9.935	0.25	1.0	1.0
20	3	298	11.968	0.18	9.968	0.18	1.0	1.0
20	3	292	11.613	0.495	9.968	0.18	1.0	1.0
20	3	286	11.129	0.341	10.0	0.0	1.0	1.0
20	3	280	11.0	0.0	10.0	0.0	1.0	1.0
20	3	274	11.0	0.0	10.0	0.0	1.0	1.0
20	3	268	10.839	0.374	10.0	0.0	1.0	1.0
20	3	262	10.71	0.461	10.0	0.0	1.0	1.0
20	3	256	10.032	0.18	10.0	0.0	1.0	1.0
20	3	250	10.0	0.0	10.0	0.0	1.0	1.0
20	3	244	9.968	0.18	10.0	0.0	1.0	1.0
20	3	238	9.903	0.301	10.0	0.0	1.0	1.0
20	3	232	9.323	0.475	10.0	0.0	1.0	1.0
20	3	226	9.032	0.18	10.0	0.0	1.0	1.0
20	3	220	9.0	0.0	10.0	0.0	1.0	1.0
20	3	214	8.935	0.25	10.0	0.0	1.0	1.0
20	3	208	8.645	0.486	10.0	0.0	1.0	1.0
20	3	202	8.065	0.25	10.0	0.0	1.0	1.0
20	3	196	8.0	0.0	10.065	0.25	1.0	1.0
20	3	190	7.968	0.18	10.355	0.486	1.0	1.0
20	3	184	7.581	0.502	10.484	0.508	1.0	1.0
20	3	178	7.032	0.18	10.839	0.374	1.0	1.0
20	3	172	6.968	0.18	10.935	0.25	1.0	1.0
20	3	166	6.903	0.301	11.0	0.0	1.0	1.0
20	3	160	6.516	0.508	11.0	0.0	1.0	1.0
20	3	154	6.032	0.18	11.0	0.0	1.0	1.0
20	3	148	6.0	0.0	11.0	0.0	1.0	1.0
20	3	142	5.935	0.25	11.065	0.25	1.0	1.0
20	3	136	5.29	0.461	11.581	0.502	1.0	1.0
20	3	130	5.0	0.0	11.968	0.18	1.0	1.0
20	3	124	5.0	0.0	12.0	0.0	1.0	1.0
20	3	118	4.935	0.25	12.065	0.25	1.0	1.0
20	3	112	4.355	0.486	12.548	0.506	1.0	1.0
20	3	106	4.0	0.0	12.935	0.25	1.0	1.0
20	3	100	4.0	0.0	13.097	0.301	1.0	1.0
20	3	77	2.871	0.341	16.097	0.301	1.0	1.0
20	3	74	2.71	0.461	16.419	0.502	1.0	1.0
20	3	71	2.065	0.359	17.29	0.461	1.0	1.0
20	3	68	1.742	0.631	18.161	0.523	1.0	1.0
20	3	65	1.258	0.445	19.0	1.0	1.0	1.0
20	3	62	1.0	0.0	21.065	1.153	1.0	1.0
20	3	59	0.9	0.305	23.107	1.912	0.871	0.903
20	3	56	0.185	0.396	26.0	1.732	0.161	0.29
20	3	53	0.0	0.0	nan	nan	0.0	0.0
20	3	50	0.0	0.0	nan	nan	0.0	0.0
20	3	47	0.0	0.0	nan	nan	0.0	0.0
20	3	44	0.0	0.0	nan	nan	0.0	0.0
21	3	454	18.935	0.25	10.0	0.0	1.0	1.0
21	3	448	18.903	0.301	10.0	0.0	1.0	1.0
21	3	442	18.71	0.461	10.0	0.0	1.0	1.0
21	3	436	18.355	0.486	10.0	0.0	1.0	1.0
21	3	430	18.29	0.461	10.0	0.0	1.0	1.0
21	3	424	18.226	0.425	10.0	0.0	1.0	1.0
21	3	418	18.0	0.0	10.0	0.0	1.0	1.0
21	3	412	17.935	0.25	10.0	0.0	1.0	1.0
21	3	406	17.903	0.301	10.0	0.0	1.0	1.0
21	3	400	17.484	0.508	10.0	0.0	1.0	1.0
21	3	394	17.097	0.301	10.0	0.0	1.0	1.0
21	3	388	17.129	0.341	10.0	0.0	1.0	1.0
21	3	382	17.0	0.0	10.0	0.0	1.0	1.0
21	3	376	16.806	0.402	10.0	0.0	1.0	1.0
21	3	370	16.774	0.425	10.0	0.0	1.0	1.0
21	3	364	16.581	0.502	10.0	0.0	1.0	1.0
21	3	358	16.097	0.301	10.0	0.0	1.0	1.0
21	3	352	16.0	0.0	10.0	0.0	1.0	1.0
21	3	346	15.968	0.18	10.0	0.0	1.0	1.0
21	3	340	15.742	0.445	10.0	0.0	1.0	1.0
21	3	334	15.419	0.502	10.0	0.0	1.0	1.0
21	3	328	15.065	0.25	10.0	0.0	1.0	1.0
21	3	322	15.0	0.0	10.0	0.0	1.0	1.0
21	3	316	14.903	0.301	10.0	0.0	1.0	1.0
21	3	310	14.71	0.461	10.0	0.0	1.0	1.0
21	3	304	14.129	0.341	10.0	0.0	1.0	1.0
21	3	298	14.0	0.0	10.0	0.0	1.0	1.0
21	3	292	13.968	0.18	10.0	0.0	1.0	1.0
21	3	286	13.645	0.486	10.0	0.0	1.0	1.0
21	3	280	13.161	0.374	10.0	0.0	1.0	1.0
21	3	274	13.097	0.301	10.0	0.0	1.0	1.0
21	3	268	13.0	0.0	10.0	0.0	1.0	1.0
21	3	262	12.677	0.475	10.0	0.0	1.0	1.0
21	3	256	12.29	0.461	10.0	0.0	1.0	1.0
21	3	250	12.065	0.25	10.097	0.301	1.0	1.0
21	3	244	11.935	0.25	10.129	0.341	1.0	1.0
21	3	238	11.645	0.486	10.29	0.461	1.0	1.0
21	3	232	11.161	0.374	10.355	0.486	1.0	1.0
21	3	226	11.032	0.18	10.774	0.425	1.0	1.0
21	3	220	10.903	0.301	10.935	0.25	1.0	1.0
21	3	214	10.548	0.506	10.903	0.301	1.0	1.0
21	3	208	10.161	0.374	11.0	0.0	1.0	1.0
21	3	202	10.0	0.0	11.0	0.0	1.0	1.0
21	3	196	9.613	0.495	11.0	0.0	1.0	1.0
21	3	190	9.0	0.0	11.0	0.0	1.0	1.0
21	3	184	9.0	0.0	11.0	0.0	1.0	1.0
21	3	178	8.71	0.461	11.032	0.18	1.0	1.0
21	3	172	8.387	0.495	11.0	0.0	1.0	1.0
21	3	166	8.032	0.18	11.194	0.402	1.0	1.0
21	3	160	8.0	0.0	11.581	0.502	1.0	1.0
21	3	154	7.387	0.495	11.903	0.301	1.0	1.0
21	3	148	7.0	0.0	12.0	0.0	1.0	1.0
21	3	142	6.935	0.25	12.0	0.0	1.0	1.0
21	3	136	6.516	0.508	12.032	0.18	1.0	1.0
21	3	130	6.032	0.18	12.452	0.506	1.0	1.0
21	3	124	6.0	0.0	13.0	0.0	1.0	1.0
21	3	118	5.581	0.502	13.0	0.0	1.0	1.0
21	3	112	5.097	0.301	13.226	0.425	1.0	1.0
21	3	106	4.968	0.18	13.935	0.25	1.0	1.0
21	3	100	4.645	0.486	14.29	0.529	1.0	1.0
21	3	77	3.0	0.365	17.452	0.568	1.0	1.0
21	3	74	2.645	0.486	18.032	0.605	1.0	1.0
21	3	71	2.129	0.499	19.161	1.036	1.0	1.0
21	3	68	1.968	0.18	20.71	1.189	1.0	1.0
21	3	65	1.645	0.486	21.839	1.267	1.0	1.0
21	3	62	1.258	0.445	24.613	1.927	1.0	1.0
21	3	59	0.968	0.315	26.138	2.183	0.935	0.935
21	3	56	0.258	0.445	28.75	3.576	0.258	0.258
21	3	53	0.0	0.0	nan	nan	0.0	0.0
21	3	50	0.0	0.0	nan	nan	0.0	0.0
21	3	47	0.0	0.0	nan	nan	0.0	0.0
21	3	44	0.0	0.0	nan	nan	0.0	0.0
22	3	454	27.258	0.445	11.161	0.374	1.0	1.0
22	3	448	27.032	0.18	11.161	0.454	1.0	1.0
22	3	442	26.968	0.315	11.161	0.374	1.0	1.0
22	3	436	26.774	0.425	11.161	0.374	1.0	1.0
22	3	430	26.387	0.495	11.065	0.25	1.0	1.0
22	3	424	26.161	0.454	11.323	0.475	1.0	1.0
22	3	418	26.0	0.365	11.097	0.301	1.0	1.0
22	3	412	25.71	0.461	11.258	0.445	1.0	1.0
22	3	406	25.548	0.506	11.226	0.425	1.0	1.0
22	3	400	25.226	0.425	11.161	0.374	1.0	1.0
22	3	394	25.032	0.315	11.484	0.508	1.0	1.0
22	3	388	24.871	0.341	11.29	0.461	1.0	1.0
22	3	382	24.452	0.506	11.355	0.486	1.0	1.0
22	3	376	24.065	0.25	11.419	0.502	1.0	1.0
22	3	370	23.935	0.25	11.484	0.508	1.0	1.0
22	3	364	23.71	0.461	11.484	0.508	1.0	1.0
22	3	358	23.226	0.425	11.548	0.506	1.0	1.0
22	3	352	22.968	0.18	11.581	0.502	1.0	1.0
22	3	346	22.839	0.374	11.484	0.508	1.0	1.0
22	3	340	22.323	0.475	11.516	0.508	1.0	1.0
22	3	334	22.0	0.258	11.613	0.495	1.0	1.0
22	3	328	21.806	0.402	11.452	0.506	1.0	1.0
22	3	322	21.548	0.506	11.774	0.425	1.0	1.0
22	3	316	21.097	0.301	11.645	0.486	1.0	1.0
22	3	310	20.839	0.374	11.871	0.341	1.0	1.0
22	3	304	20.355	0.486	11.839	0.374	1.0	1.0
22	3	298	20.032	0.18	11.806	0.402	1.0	1.0
22	3	292	19.871	0.341	11.774	0.425	1.0	1.0
22	3	286	19.355	0.486	11.774	0.425	1.0	1.0
22	3	280	19.032	0.315	11.806	0.402	1.0	1.0
22	3	274	18.806	0.402	12.0	0.0	1.0	1.0
22	3	268	18.226	0.425	11.871	0.341	1.0	1.0
22	3	262	18.0	0.0	11.935	0.25	1.0	1.0
22	3	256	17.548	0.506	11.968	0.18	1.0	1.0
22	3	250	17.129	0.341	11.968	0.18	1.0	1.0
22	3	244	16.839	0.374	12.0	0.0	1.0	1.0
22	3	238	16.323	0.475	12.0	0.0	1.0	1.0
22	3	232	16.0	0.0	12.0	0.0	1.0	1.0
22	3	226	15.581	0.502	12.065	0.25	1.0	1.0
22	3	220	15.065	0.25	12.129	0.341	1.0	1.0
22	3	214	14.806	0.402	12.194	0.402	1.0	1.0
22	3	208	14.226	0.425	12.355	0.486	1.0	1.0
22	3	202	13.968	0.18	12.452	0.506	1.0	1.0
22	3	196	13.581	0.502	12.613	0.495	1.0	1.0
22	3	190	13.065	0.25	12.742	0.445	1.0	1.0
22	3	184	12.839	0.374	12.871	0.341	1.0	1.0
22	3	178	12.129	0.341	12.903	0.301	1.0	1.0
22	3	172	11.935	0.25	12.968	0.18	1.0	1.0
22	3	166	11.419	0.502	12.968	0.18	1.0	1.0
22	3	160	10.935	0.25	13.161	0.374	1.0	1.0
22	3	154	10.419	0.502	13.355	0.486	1.0	1.0
22	3	148	10.0	0.0	13.645	0.486	1.0	1.0
22	3	142	9.613	0.495	13.806	0.402	1.0	1.0
22	3	136	9.0	0.0	13.903	0.301	1.0	1.0
22	3	130	8.71	0.461	14.065	0.359	1.0	1.0
22	3	124	8.0	0.0	14.29	0.461	1.0	1.0
22	3	118	7.871	0.341	14.677	0.475	1.0	1.0
22	3	112	7.0	0.0	15.065	0.25	1.0	1.0
22	3	106	6.871	0.341	15.548	0.506	1.0	1.0
22	3	100	6.161	0.374	16.0	0.258	1.0	1.0
22	3	77	3.323	0.475	19.387	0.495	1.0	1.0
22	3	74	3.032	0.18	20.097	0.597	1.0	1.0
22	3	71	3.0	0.0	21.29	0.938	1.0	1.0
22	3	68	2.871	0.341	22.355	0.95	1.0	1.0
22	3	65	2.323	0.475	24.387	1.145	1.0	1.0
22	3	62	2.032	0.18	26.677	1.661	1.0	1.0
22	3	59	1.935	0.25	30.645	3.158	1.0	1.0
22	3	56	1.25	0.676	35.893	3.359	0.677	0.903
22	3	53	0.032	0.18	36.0	0.0	0.032	0.032
22	3	50	0.0	0.0	nan	nan	0.0	0.0
22	3	47	0.0	0.0	nan	nan	0.0	0.0
22	3	44	0.0	0.0	nan	nan	0.0	0.0
23	3	454	23.677	0.475	10.903	0.301	1.0	1.0
23	3	448	23.258	0.445	10.935	0.25	1.0	1.0
23	3	442	23.129	0.428	10.968	0.18	1.0	1.0
23	3	436	23.065	0.359	10.903	0.301	1.0	1.0
23	3	430	22.903	0.301	10.968	0.18	1.0	1.0
23	3	424	22.806	0.402	10.968	0.18	1.0	1.0
23	3	418	22.452	0.506	10.935	0.25	1.0	1.0
23	3	412	22.226	0.425	10.903	0.301	1.0	1.0
23	3	406	22.097	0.301	10.968	0.18	1.0	1.0
23	3	400	21.968	0.18	11.0	0.0	1.0	1.0
23	3	394	21.581	0.502	10.968	0.18	1.0	1.0
23	3	388	21.387	0.495	10.968	0.18	1.0	1.0
23	3	382	21.065	0.25	11.0	0.0	1.0	1.0
23	3	376	20.935	0.25	10.935	0.25	1.0	1.0
23	3	370	20.839	0.374	11.0	0.0	1.0	1.0
23	3	364	20.355	0.486	10.968	0.18	1.0	1.0
23	3	358	20.129	0.341	11.0	0.0	1.0	1.0
23	3	352	19.935	0.25	10.935	0.25	1.0	1.0
23	3	346	19.806	0.402	11.0	0.0	1.0	1.0
23	3	340	19.387	0.495	11.0	0.0	1.0	1.0
23	3	334	19.032	0.18	11.0	0.0	1.0	1.0
23	3	328	19.0	0.0	11.0	0.0	1.0	1.0
23	3	322	18.516	0.508	11.0	0.0	1.0	1.0
23	3	316	18.194	0.402	11.032	0.18	1.0	1.0
23	3	310	18.0	0.258	11.0	0.0	1.0	1.0
23	3	304	17.903	0.301	11.0	0.0	1.0	1.0
23	3	298	17.516	0.508	11.0	0.0	1.0	1.0
23	3	292	17.194	0.402	11.0	0.0	1.0	1.0
23	3	286	17.0	0.258	11.0	0.0	1.0	1.0
23	3	280	16.871	0.341	11.032	0.18	1.0	1.0
23	3	274	16.258	0.445	11.065	0.25	1.0	1.0
23	3	268	16.032	0.18	11.0	0.0	1.0	1.0
23	3	262	15.742	0.445	11.032	0.18	1.0	1.0
23	3	256	15.226	0.425	11.097	0.301	1.0	1.0
23	3	250	14.968	0.18	11.226	0.425	1.0	1.0
23	3	244	14.742	0.445	11.161	0.374	1.0	1.0
23	3	238	14.258	0.445	11.29	0.461	1.0	1.0
23	3	232	14.0	0.258	11.226	0.425	1.0	1.0
23	3	226	13.516	0.508	11.419	0.502	1.0	1.0
23	3	220	13.161	0.374	11.677	0.475	1.0	1.0
23	3	214	12.968	0.18	11.581	0.502	1.0	1.0
23	3	208	12.484	0.508	11.871	0.341	1.0	1.0
23	3	202	12.097	0.301	11.968	0.18	1.0	1.0
23	3	196	11.935	0.25	12.0	0.0	1.0	1.0
23	3	190	11.419	0.502	12.0	0.0	1.0	1.0
23	3	184	11.032	0.18	12.0	0.0	1.0	1.0
23	3	178	10.742	0.445	12.0	0.0	1.0	1.0
23	3	172	10.226	0.497	12.161	0.374	1.0	1.0
23	3	166	10.0	0.0	12.355	0.486	1.0	1.0
23	3	160	9.484	0.508	12.452	0.506	1.0	1.0
23	3	154	9.097	0.301	12.613	0.495	1.0	1.0
23	3	148	8.935	0.25	12.839	0.374	1.0	1.0
23	3	142	8.258	0.445	13.0	0.258	1.0	1.0
23	3	136	8.0	0.0	13.0	0.0	1.0	1.0
23	3	130	7.581	0.502	13.129	0.341	1.0	1.0
23	3	124	7.065	0.25	13.742	0.445	1.0	1.0
23	3	118	6.839	0.374	13.935	0.25	1.0	1.0
23	3	112	6.194	0.402	14.161	0.374	1.0	1.0
23	3	106	5.968	0.18	14.742	0.445	1.0	1.0
23	3	100	5.581	0.502	15.194	0.477	1.0	1.0
23	3	77	3.387	0.495	18.516	0.851	1.0	1.0
23	3	74	3.0	0.516	19.129	0.957	1.0	1.0
23	3	71	2.484	0.508	20.161	0.82	1.0	1.0
23	3	68	2.161	0.374	21.484	1.122	1.0	1.0
23	3	65	1.968	0.18	22.806	1.046	1.0	1.0
23	3	62	1.968	0.18	25.323	2.344	1.0	1.0
23	3	59	1.733	0.45	27.484	2.719	0.968	1.0
23	3	56	0.84	0.898	32.0	3.367	0.419	0.613
23	3	53	0.067	0.365	33.5	2.121	0.032	0.065
23	3	50	0.0	0.0	nan	nan	0.0	0.0
23	3	47	0.0	0.0	nan	nan	0.0	0.0
23	3	44	0.0	0.0	nan	nan	0.0	0.0
24	3	454	16.0	0.0	9.0	0.0	1.0	1.0
24	3	448	16.0	0.0	9.032	0.18	1.0	1.0
24	3	442	15.903	0.301	9.032	0.18	1.0	1.0
24	3	436	15.645	0.486	9.129	0.341	1.0	1.0
24	3	430	15.097	0.301	9.032	0.18	1.0	1.0
24	3	424	15.161	0.374	9.129	0.341	1.0	1.0
24	3	418	15.032	0.18	9.129	0.341	1.0	1.0
24	3	412	15.0	0.0	9.194	0.402	1.0	1.0
24	3	406	15.0	0.0	9.258	0.445	1.0	1.0
24	3	400	14.806	0.402	9.194	0.402	1.0	1.0
24	3	394	14.452	0.506	9.484	0.508	1.0	1.0
24	3	388	14.323	0.475	9.452	0.506	1.0	1.0
24	3	382	14.032	0.18	9.484	0.508	1.0	1.0
24	3	376	14.0	0.0	9.581	0.502	1.0	1.0
24	3	370	14.0	0.0	9.613	0.495	1.0	1.0
24	3	364	13.903	0.301	9.806	0.402	1.0	1.0
24	3	358	13.774	0.425	9.774	0.425	1.0	1.0
24	3	352	13.387	0.495	9.935	0.25	1.0	1.0
24	3	346	13.032	0.18	9.968	0.18	1.0	1.0
24	3	340	13.0	0.0	9.903	0.301	1.0	1.0
24	3	334	13.0	0.0	10.0	0.0	1.0	1.0
24	3	328	12.968	0.18	10.0	0.0	1.0	1.0
24	3	322	12.581	0.502	10.0	0.0	1.0	1.0
24	3	316	12.258	0.445	10.0	0.0	1.0	1.0
24	3	310	12.097	0.301	10.0	0.0	1.0	1.0
24	3	304	12.0	0.0	10.0	0.0	1.0	1.0
24	3	298	12.0	0.0	10.0	0.0	1.0	1.0
24	3	292	11.903	0.301	10.0	0.0	1.0	1.0
24	3	286	11.516	0.508	10.0	0.0	1.0	1.0
24	3	280	11.032	0.18	10.0	0.0	1.0	1.0
24	3	274	11.0	0.0	10.0	0.0	1.0	1.0
24	3	268	11.0	0.0	10.0	0.0	1.0	1.0
24	3	262	10.806	0.402	10.0	0.0	1.0	1.0
24	3	256	10.161	0.374	10.0	0.0	1.0	1.0
24	3	250	10.065	0.25	10.0	0.0	1.0	1.0
24	3	244	10.0	0.0	10.0	0.0	1.0	1.0
24	3	238	9.903	0.301	10.0	0.0	1.0	1.0
24	3	232	9.548	0.506	10.0	0.0	1.0	1.0
24	3	226	9.032	0.18	10.0	0.0	1.0	1.0
24	3	220	9.0	0.0	10.032	0.18	1.0	1.0
24	3	214	8.968	0.18	10.0	0.0	1.0	1.0
24	3	208	8.742	0.445	10.0	0.0	1.0	1.0
24	3	202	8.161	0.374	10.065	0.25	1.0	1.0
24	3	196	8.0	0.0	10.419	0.502	1.0	1.0
24	3	190	8.0	0.0	10.613	0.495	1.0	1.0
24	3	184	7.839	0.374	10.871	0.341	1.0	1.0
24	3	178	7.097	0.301	11.0	0.0	1.0	1.0
24	3	172	7.0	0.0	11.0	0.0	1.0	1.0
24	3	166	7.0	0.0	11.0	0.0	1.0	1.0
24	3	160	6.742	0.445	11.0	0.0	1.0	1.0
24	3	154	6.032	0.18	11.0	0.0	1.0	1.0
24	3	148	6.0	0.0	11.0	0.0	1.0	1.0
24	3	142	6.0	0.0	11.581	0.502	1.0	1.0
24	3	136	5.613	0.495	11.903	0.301	1.0	1.0
24	3	130	5.0	0.0	12.0	0.0	1.0	1.0
24	3	124	5.0	0.0	12.032	0.18	1.0	1.0
24	3	118	5.0	0.0	12.226	0.425	1.0	1.0
24	3	112	4.613	0.495	12.903	0.301	1.0	1.0
24	3	106	4.032	0.18	13.032	0.18	1.0	1.0
24	3	100	4.0	0.0	13.613	0.495	1.0	1.0
24	3	77	3.0	0.0	16.516	0.508	1.0	1.0
24	3	74	2.968	0.18	17.129	0.562	1.0	1.0
24	3	71	2.645	0.551	18.032	0.836	1.0	1.0
24	3	68	1.71	0.643	19.29	0.973	1.0	1.0
24	3	65	1.194	0.402	20.774	1.087	1.0	1.0
24	3	62	1.065	0.25	23.387	2.011	1.0	1.0
24	3	59	0.931	0.258	26.0	3.391	0.871	0.935
24	3	56	0.129	0.341	27.75	3.775	0.129	0.129
24	3	53	0.0	0.0	nan	nan	0.0	0.0
24	3	50	0.0	0.0	nan	nan	0.0	0.0
24	3	47	0.0	0.0	nan	nan	0.0	0.0
24	3	44	0.0	0.0	nan	nan	0.0	0.0
25	3	454	16.71	0.461	9.645	0.486	1.0	1.0
25	3	448	16.387	0.495	9.742	0.445	1.0	1.0
25	3	442	16.0	0.0	9.839	0.374	1.0	1.0
25	3	436	16.032	0.18	9.742	0.445	1.0	1.0
25	3	430	16.0	0.0	9.903	0.301	1.0	1.0
25	3	424	15.968	0.18	9.903	0.301	1.0	1.0
25	3	418	15.871	0.341	9.806	0.402	1.0	1.0
25	3	412	15.484	0.508	9.903	0.301	1.0	1.0
25	3	406	15.097	0.301	9.871	0.341	1.0	1.0
25	3	400	15.097	0.301	9.935	0.25	1.0	1.0
25	3	394	15.0	0.0	9.935	0.25	1.0	1.0
25	3	388	15.0	0.0	9.968	0.18	1.0	1.0
25	3	382	14.903	0.301	10.0	0.0	1.0	1.0
25	3	376	14.355	0.486	10.0	0.0	1.0	1.0
25	3	370	14.258	0.445	10.0	0.0	1.0	1.0
25	3	364	14.065	0.25	10.0	0.0	1.0	1.0
25	3	358	13.968	0.18	10.0	0.0	1.0	1.0
25	3	352	14.0	0.0	10.0	0.0	1.0	1.0
25	3	346	13.71	0.461	10.0	0.0	1.0	1.0
25	3	340	13.129	0.341	10.0	0.0	1.0	1.0
25	3	334	13.0	0.0	10.0	0.0	1.0	1.0
25	3	328	13.0	0.0	9.968	0.18	1.0	1.0
25	3	322	12.968	0.18	10.0	0.0	1.0	1.0
25	3	316	12.742	0.445	10.0	0.0	1.0	1.0
25	3	310	12.032	0.18	10.0	0.0	1.0	1.0
25	3	304	12.0	0.0	10.0	0.0	1.0	1.0
25	3	298	12.0	0.0	10.0	0.0	1.0	1.0
25	3	292	11.935	0.25	10.0	0.0	1.0	1.0
25	3	286	11.355	0.486	10.0	0.0	1.0	1.0
25	3	280	11.0	0.0	10.0	0.0	1.0	1.0
25	3	274	11.0	0.0	10.0	0.0	1.0	1.0
25	3	268	10.968	0.18	10.0	0.0	1.0	1.0
25	3	262	10.484	0.508	10.0	0.0	1.0	1.0
25	3	256	10.032	0.18	10.0	0.0	1.0	1.0
25	3	250	10.0	0.0	10.0	0.0	1.0	1.0
25	3	244	9.935	0.25	10.0	0.0	1.0	1.0
25	3	238	9.677	0.475	10.0	0.0	1.0	1.0
25	3	232	9.065	0.25	10.0	0.0	1.0	1.0
25	3	226	9.0	0.0	10.0	0.0	1.0	1.0
25	3	220	9.0	0.0	10.0	0.0	1.0	1.0
25	3	214	8.806	0.402	10.0	0.0	1.0	1.0
25	3	208	8.355	0.486	10.097	0.301	1.0	1.0
25	3	202	8.032	0.18	10.258	0.445	1.0	1.0
25	3	196	8.0	0.0	10.548	0.506	1.0	1.0
25	3	190	7.871	0.341	10.935	0.25	1.0	1.0
25	3	184	7.226	0.425	10.968	0.18	1.0	1.0
25	3	178	7.0	0.0	11.0	0.0	1.0	1.0
25	3	172	7.0	0.0	11.0	0.0	1.0	1.0
25	3	166	6.839	0.374	11.0	0.0	1.0	1.0
25	3	160	6.129	0.341	11.0	0.0	1.0	1.0
25	3	154	6.0	0.0	11.0	0.0	1.0	1.0
25	3	148	6.0	0.0	11.065	0.25	1.0	1.0
25	3	142	5.516	0.508	11.645	0.486	1.0	1.0
25	3	136	5.0	0.0	11.935	0.25	1.0	1.0
25	3	130	5.0	0.0	12.0	0.0	1.0	1.0
25	3	124	4.968	0.18	12.065	0.25	1.0	1.0
25	3	118	4.355	0.486	12.161	0.374	1.0	1.0
25	3	112	4.0	0.0	12.935	0.25	1.0	1.0
25	3	106	4.0	0.0	13.032	0.18	1.0	1.0
25	3	100	3.935	0.25	13.355	0.486	1.0	1.0
25	3	77	2.774	0.425	16.0	0.447	1.0	1.0
25	3	74	2.258	0.445	16.548	0.568	1.0	1.0
25	3	71	2.032	0.18	17.194	0.477	1.0	1.0
25	3	68	1.516	0.508	18.323	0.653	1.0	1.0
25	3	65	1.065	0.25	19.548	1.06	1.0	1.0
25	3	62	1.032	0.18	21.0	1.571	1.0	1.0
25	3	59	0.8	0.407	23.84	1.65	0.774	0.806
25	3	56	0.065	0.25	25.0	0.0	0.065	0.065
25	3	53	0.0	0.0	nan	nan	0.0	0.0
25	3	50	0.0	0.0	nan	nan	0.0	0.0
25	3	47	0.0	0.0	nan	nan	0.0	0.0
25	3	44	0.0	0.0	nan	nan	0.0	0.0
26	3	454	16.935	0.25	9.484	0.508	1.0	1.0
26	3	448	16.677	0.475	9.419	0.502	1.0	1.0
26	3	442	16.419	0.502	9.323	0.475	1.0	1.0
26	3	436	16.226	0.425	9.613	0.495	1.0	1.0
26	3	430	16.161	0.374	9.581	0.502	1.0	1.0
26	3	424	16.0	0.0	9.581	0.502	1.0	1.0
26	3	418	16.0	0.0	9.742	0.445	1.0	1.0
26	3	412	15.903	0.301	9.774	0.425	1.0	1.0
26	3	406	15.613	0.495	9.806	0.402	1.0	1.0
26	3	400	15.258	0.445	9.806	0.402	1.0	1.0
26	3	394	15.065	0.25	9.839	0.374	1.0	1.0
26	3	388	15.032	0.18	9.935	0.25	1.0	1.0
26	3	382	15.0	0.0	10.0	0.0	1.0	1.0
26	3	376	14.968	0.18	9.935	0.25	1.0	1.0
26	3	370	14.871	0.341	10.0	0.0	1.0	1.0
26	3	364	14.161	0.374	10.0	0.0	1.0	1.0
26	3	358	14.032	0.18	10.0	0.0	1.0	1.0
26	3	352	14.0	0.0	9.968	0.18	1.0	1.0
26	3	346	13.968	0.18	10.0	0.0	1.0	1.0
26	3	340	13.581	0.502	10.0	0.0	1.0	1.0
26	3	334	13.226	0.425	10.0	0.0	1.0	1.0
26	3	328	13.032	0.18	10.0	0.0	1.0	1.0
26	3	322	13.0	0.0	10.0	0.0	1.0	1.0
26	3	316	13.0	0.0	10.0	0.0	1.0	1.0
26	3	310	12.903	0.301	10.0	0.0	1.0	1.0
26	3	304	12.452	0.506	10.0	0.0	1.0	1.0
26	3	298	12.097	0.301	10.0	0.0	1.0	1.0
26	3	292	11.968	0.18	10.0	0.0	1.0	1.0
26	3	286	11.935	0.25	10.0	0.0	1.0	1.0
26	3	280	11.806	0.402	10.0	0.0	1.0	1.0
26	3	274	11.097	0.301	10.0	0.0	1.0	1.0
26	3	268	11.0	0.0	10.0	0.0	1.0	1.0
26	3	262	11.0	0.258	10.0	0.0	1.0	1.0
26	3	256	10.871	0.341	10.0	0.0	1.0	1.0
26	3	250	10.548	0.506	10.0	0.0	1.0	1.0
26	3	244	10.161	0.374	10.0	0.0	1.0	1.0
26	3	238	10.0	0.0	10.0	0.0	1.0	1.0
26	3	232	9.968	0.18	10.0	0.0	1.0	1.0
26	3	226	9.71	0.461	10.0	0.0	1.0	1.0
26	3	220	9.129	0.341	10.0	0.0	1.0	1.0
26	3	214	9.0	0.0	10.0	0.0	1.0	1.0
26	3	208	9.0	0.0	10.097	0.301	1.0	1.0
26	3	202	8.806	0.402	10.226	0.425	1.0	1.0
26	3	196	8.097	0.301	10.548	0.506	1.0	1.0
26	3	190	8.0	0.0	11.0	0.0	1.0	1.0
26	3	184	7.968	0.18	10.903	0.301	1.0	1.0
26	3	178	7.548	0.506	11.0	0.0	1.0	1.0
26	3	172	7.065	0.25	10.968	0.18	1.0	1.0
26	3	166	7.0	0.0	11.0	0.0	1.0	1.0
26	3	160	6.935	0.25	11.0	0.0	1.0	1.0
26	3	154	6.387	0.495	11.0	0.0	1.0	1.0
26	3	148	6.0	0.0	11.194	0.402	1.0	1.0
26	3	142	6.0	0.0	11.452	0.506	1.0	1.0
26	3	136	5.613	0.495	11.839	0.374	1.0	1.0
26	3	130	5.226	0.425	12.0	0.0	1.0	1.0
26	3	124	5.0	0.0	12.097	0.301	1.0	1.0
26	3	118	5.0	0.0	12.387	0.495	1.0	1.0
26	3	112	4.516	0.508	12.903	0.301	1.0	1.0
26	3	106	4.032	0.18	13.065	0.25	1.0	1.0
26	3	100	4.032	0.18	13.613	0.495	1.0	1.0
26	3	77	2.968	0.18	16.419	0.502	1.0	1.0
26	3	74	2.806	0.477	17.065	0.359	1.0	1.0
26	3	71	2.452	0.675	17.871	0.718	1.0	1.0
26	3	68	1.194	0.477	18.968	0.948	1.0	1.0
26	3	65	1.097	0.301	20.452	1.434	1.0	1.0
26	3	62	1.0	0.0	21.871	1.31	1.0	1.0
26	3	59	0.903	0.301	24.179	1.492	0.903	0.903
26	3	56	0.032	0.18	27.0	0.0	0.032	0.032
26	3	53	0.0	0.0	nan	nan	0.0	0.0
26	3	50	0.0	0.0	nan	nan	0.0	0.0
26	3	47	0.0	0.0	nan	nan	0.0	0.0
26	3	44	0.0	0.0	nan	nan	0.0	0.0
27	3	454	22.581	0.502	9.194	0.402	1.0	1.0
27	3	448	22.581	0.502	9.226	0.425	1.0	1.0
27	3	442	22.097	0.301	9.129	0.341	1.0	1.0
27	3	436	22.0	0.258	9.29	0.461	1.0	1.0
27	3	430	21.903	0.301	9.484	0.508	1.0	1.0
27	3	424	21.71	0.461	9.29	0.461	1.0	1.0
27	3	418	21.548	0.506	9.355	0.486	1.0	1.0
27	3	412	21.097	0.301	9.484	0.508	1.0	1.0
27	3	406	20.968	0.18	9.548	0.506	1.0	1.0
27	3	400	20.871	0.341	9.613	0.495	1.0	1.0
27	3	394	20.645	0.486	9.71	0.461	1.0	1.0
27	3	388	20.484	0.508	9.742	0.445	1.0	1.0
27	3	382	20.032	0.18	9.806	0.402	1.0	1.0
27	3	376	19.839	0.374	9.71	0.461	1.0	1.0
27	3	370	19.613	0.495	9.774	0.425	1.0	1.0
27	3	364	19.323	0.475	9.774	0.425	1.0	1.0
27	3	358	19.0	0.0	9.968	0.18	1.0	1.0
27	3	352	19.0	0.258	9.903	0.301	1.0	1.0
27	3	346	18.419	0.502	10.0	0.0	1.0	1.0
27	3	340	18.29	0.461	10.0	0.0	1.0	1.0
27	3	334	17.968	0.18	10.0	0.0	1.0	1.0
27	3	328	17.935	0.25	9.968	0.18	1.0	1.0
27	3	322	17.581	0.502	10.0	0.0	1.0	1.0
27	3	316	17.0	0.258	10.0	0.0	1.0	1.0
27	3	310	16.968	0.18	10.0	0.0	1.0	1.0
27	3	304	16.645	0.486	10.0	0.0	1.0	1.0
27	3	298	16.323	0.475	10.0	0.0	1.0	1.0
27	3	292	16.065	0.25	10.0	0.0	1.0	1.0
27	3	286	15.839	0.374	10.0	0.0	1.0	1.0
27	3	280	15.387	0.495	10.0	0.0	1.0	1.0
27	3	274	15.097	0.301	10.0	0.0	1.0	1.0
27	3	268	14.871	0.341	10.0	0.0	1.0	1.0
27	3	262	14.258	0.445	10.0	0.0	1.0	1.0
27	3	256	14.032	0.18	10.0	0.0	1.0	1.0
27	3	250	13.903	0.301	10.0	0.0	1.0	1.0
27	3	244	13.452	0.506	10.0	0.0	1.0	1.0
27	3	238	13.065	0.25	10.0	0.0	1.0	1.0
27	3	232	12.935	0.25	10.0	0.0	1.0	1.0
27	3	226	12.194	0.402	10.0	0.0	1.0	1.0
27	3	220	12.129	0.341	10.0	0.0	1.0	1.0
27	3	214	11.806	0.402	10.0	0.0	1.0	1.0
27	3	208	11.355	0.486	10.065	0.25	1.0	1.0
27	3	202	11.032	0.18	10.194	0.402	1.0	1.0
27	3	196	10.774	0.425	10.548	0.506	1.0	1.0
27	3	190	10.161	0.374	10.742	0.445	1.0	1.0
27	3	184	10.0	0.0	10.903	0.301	1.0	1.0
27	3	178	9.548	0.506	10.968	0.18	1.0	1.0
27	3	172	9.097	0.301	11.0	0.0	1.0	1.0
27	3	166	8.968	0.18	11.0	0.0	1.0	1.0
27	3	160	8.71	0.461	11.0	0.0	1.0	1.0
27	3	154	8.065	0.25	11.032	0.18	1.0	1.0
27	3	148	7.903	0.301	11.032	0.18	1.0	1.0
27	3	142	7.29	0.461	11.419	0.502	1.0	1.0
27	3	136	7.0	0.0	11.774	0.425	1.0	1.0
27	3	130	6.839	0.374	12.0	0.0	1.0	1.0
27	3	124	6.129	0.341	12.0	0.0	1.0	1.0
27	3	118	5.968	0.18	12.387	0.495	1.0	1.0
27	3	112	5.419	0.502	12.839	0.374	1.0	1.0
27	3	106	5.0	0.0	13.0	0.0	1.0	1.0
27	3	100	4.839	0.374	13.516	0.508	1.0	1.0
27	3	77	3.097	0.301	16.161	0.583	1.0	1.0
27	3	74	3.032	0.407	16.935	0.68	1.0	1.0
27	3	71	2.613	0.558	17.742	0.682	1.0	1.0
27	3	68	1.677	0.702	18.742	0.93	1.0	1.0
27	3	65	1.355	0.486	19.581	1.432	1.0	1.0
27	3	62	1.067	0.365	21.667	1.446	0.935	0.968
27	3	59	0.867	0.346	24.444	2.359	0.839	0.871
27	3	56	0.033	0.183	27.0	2.828	0.032	0.065
27	3	53	0.0	0.0	nan	nan	0.0	0.0
27	3	50	0.0	0.0	nan	nan	0.0	0.0
27	3	47	0.0	0.0	nan	nan	0.0	0.0
27	3	44	0.0	0.0	nan	nan	0.0	0.0
28	3	454	24.065	0.25	10.194	0.402	1.0	1.0
28	3	448	23.903	0.301	10.129	0.341	1.0	1.0
28	3	442	23.645	0.486	10.129	0.341	1.0	1.0
28	3	436	23.29	0.461	10.129	0.341	1.0	1.0
28	3	430	23.161	0.374	10.0	0.0	1.0	1.0
28	3	424	23.032	0.18	10.097	0.301	1.0	1.0
28	3	418	22.903	0.301	10.161	0.374	1.0	1.0
28	3	412	22.742	0.445	10.097	0.301	1.0	1.0
28	3	406	22.419	0.502	10.065	0.25	1.0	1.0
28	3	400	22.097	0.396	10.161	0.374	1.0	1.0
28	3	394	21.903	0.301	10.194	0.402	1.0	1.0
28	3	388	21.903	0.301	10.258	0.445	1.0	1.0
28	3	382	21.806	0.402	10.29	0.461	1.0	1.0
28	3	376	21.29	0.461	10.419	0.502	1.0	1.0
28	3	370	21.065	0.25	10.387	0.495	1.0	1.0
28	3	364	20.968	0.18	10.548	0.506	1.0	1.0
28	3	358	20.774	0.425	10.548	0.506	1.0	1.0
28	3	352	20.387	0.495	10.452	0.506	1.0	1.0
28	3	346	20.097	0.301	10.419	0.502	1.0	1.0
28	3	340	19.903	0.301	10.71	0.461	1.0	1.0
28	3	334	19.548	0.506	10.742	0.445	1.0	1.0
28	3	328	19.065	0.25	10.71	0.461	1.0	1.0
28	3	322	19.065	0.25	10.839	0.374	1.0	1.0
28	3	316	18.903	0.301	10.968	0.18	1.0	1.0
28	3	310	18.645	0.486	10.935	0.25	1.0	1.0
28	3	304	18.129	0.341	10.871	0.341	1.0	1.0
28	3	298	17.968	0.18	10.968	0.18	1.0	1.0
28	3	292	17.71	0.461	10.968	0.18	1.0	1.0
28	3	286	17.226	0.425	11.0	0.0	1.0	1.0
28	3	280	17.032	0.18	11.0	0.0	1.0	1.0
28	3	274	16.903	0.301	11.0	0.0	1.0	1.0
28	3	268	16.258	0.445	11.0	0.0	1.0	1.0
28	3	262	16.0	0.0	10.968	0.18	1.0	1.0
28	3	256	15.839	0.454	11.0	0.0	1.0	1.0
28	3	250	15.323	0.475	11.0	0.0	1.0	1.0
28	3	244	15.0	0.0	11.0	0.0	1.0	1.0
28	3	238	14.903	0.301	11.0	0.0	1.0	1.0
28	3	232	14.452	0.506	11.0	0.0	1.0	1.0
28	3	226	14.0	0.258	11.0	0.0	1.0	1.0
28	3	220	13.903	0.301	11.0	0.0	1.0	1.0
28	3	214	13.194	0.402	11.097	0.301	1.0	1.0
28	3	208	13.0	0.0	11.129	0.341	1.0	1.0
28	3	202	12.774	0.425	11.226	0.425	1.0	1.0
28	3	196	12.161	0.374	11.452	0.506	1.0	1.0
28	3	190	12.0	0.0	11.677	0.475	1.0	1.0
28	3	184	11.613	0.495	11.871	0.341	1.0	1.0
28	3	178	11.097	0.301	12.0	0.0	1.0	1.0
28	3	172	10.871	0.341	12.0	0.0	1.0	1.0
28	3	166	10.129	0.341	12.0	0.0	1.0	1.0
28	3	160	10.032	0.18	12.0	0.0	1.0	1.0
28	3	154	9.613	0.495	12.194	0.402	1.0	1.0
28	3	148	9.032	0.18	12.484	0.508	1.0	1.0
28	3	142	8.935	0.25	12.903	0.301	1.0	1.0
28	3	136	8.258	0.445	12.968	0.18	1.0	1.0
28	3	130	8.0	0.0	13.0	0.0	1.0	1.0
28	3	124	7.548	0.506	13.194	0.402	1.0	1.0
28	3	118	7.0	0.0	13.645	0.486	1.0	1.0
28	3	112	6.968	0.18	14.032	0.18	1.0	1.0
28	3	106	6.226	0.425	14.323	0.475	1.0	1.0
28	3	100	6.0	0.0	14.935	0.25	1.0	1.0
28	3	77	3.71	0.693	18.097	0.473	1.0	1.0
28	3	74	3.097	0.301	18.968	0.605	1.0	1.0
28	3	71	2.968	0.18	20.032	0.795	1.0	1.0
28	3	68	2.806	0.402	21.548	0.961	1.0	1.0
28	3	65	2.258	0.445	23.323	0.945	1.0	1.0
28	3	62	2.0	0.0	25.452	1.457	1.0	1.0
28	3	59	1.968	0.18	30.194	2.562	1.0	1.0
28	3	56	1.433	0.679	34.75	3.384	0.871	0.903
28	3	53	0.0	0.0	nan	nan	0.0	0.0
28	3	50	0.0	0.0	nan	nan	0.0	0.0
28	3	47	0.0	0.0	nan	nan	0.0	0.0
28	3	44	0.0	0.0	nan	nan	0.0	0.0
29	3	454	24.774	0.425	10.0	0.0	1.0	1.0
29	3	448	24.484	0.508	10.0	0.0	1.0	1.0
29	3	442	24.387	0.495	10.0	0.0	1.0	1.0
29	3	436	24.032	0.18	10.0	0.0	1.0	1.0
29	3	430	23.935	0.25	10.0	0.0	1.0	1.0
29	3	424	23.806	0.477	10.0	0.0	1.0	1.0
29	3	418	23.645	0.486	10.0	0.0	1.0	1.0
29	3	412	23.355	0.486	10.0	0.0	1.0	1.0
29	3	406	23.097	0.301	10.0	0.0	1.0	1.0
29	3	400	22.871	0.341	10.0	0.0	1.0	1.0
29	3	394	22.613	0.495	10.0	0.0	1.0	1.0
29	3	388	22.226	0.425	10.0	0.0	1.0	1.0
29	3	382	22.097	0.301	10.0	0.0	1.0	1.0
29	3	376	21.903	0.396	10.0	0.0	1.0	1.0
29	3	370	21.742	0.445	10.0	0.0	1.0	1.0
29	3	364	21.161	0.374	10.0	0.0	1.0	1.0
29	3	358	21.032	0.407	10.0	0.0	1.0	1.0
29	3	352	21.0	0.0	10.0	0.0	1.0	1.0
29	3	346	20.677	0.475	10.0	0.0	1.0	1.0
29	3	340	20.355	0.486	10.0	0.0	1.0	1.0
29	3	334	20.065	0.25	10.0	0.0	1.0	1.0
29	3	328	19.871	0.341	10.0	0.0	1.0	1.0
29	3	322	19.419	0.502	10.0	0.0	1.0	1.0
29	3	316	19.129	0.341	10.0	0.0	1.0	1.0
29	3	310	19.0	0.0	10.0	0.0	1.0	1.0
29	3	304	18.645	0.486	10.0	0.0	1.0	1.0
29	3	298	18.129	0.341	10.0	0.0	1.0	1.0
29	3	292	18.0	0.0	10.0	0.0	1.0	1.0
29	3	286	17.806	0.402	10.0	0.0	1.0	1.0
29	3	280	17.194	0.402	10.0	0.0	1.0	1.0
29	3	274	17.0	0.0	10.0	0.0	1.0	1.0
29	3	268	16.742	0.445	10.0	0.0	1.0	1.0
29	3	262	16.29	0.461	10.097	0.301	1.0	1.0
29	3	256	15.968	0.18	10.065	0.25	1.0	1.0
29	3	250	15.71	0.461	10.161	0.374	1.0	1.0
29	3	244	15.226	0.425	10.194	0.402	1.0	1.0
29	3	238	14.968	0.18	10.355	0.486	1.0	1.0
29	3	232	14.613	0.495	10.355	0.486	1.0	1.0
29	3	226	14.065	0.25	10.774	0.425	1.0	1.0
29	3	220	13.968	0.18	10.71	0.461	1.0	1.0
29	3	214	13.548	0.506	10.968	0.18	1.0	1.0
29	3	208	13.0	0.0	10.968	0.18	1.0	1.0
29	3	202	12.903	0.301	10.968	0.18	1.0	1.0
29	3	196	12.355	0.486	10.935	0.25	1.0	1.0
29	3	190	11.968	0.18	11.0	0.0	1.0	1.0
29	3	184	11.774	0.425	11.0	0.0	1.0	1.0
29	3	178	11.097	0.301	11.0	0.0	1.0	1.0
29	3	172	10.968	0.18	11.032	0.18	1.0	1.0
29	3	166	10.258	0.445	11.194	0.402	1.0	1.0
29	3	160	10.0	0.0	11.419	0.502	1.0	1.0
29	3	154	9.645	0.486	11.774	0.425	1.0	1.0
29	3	148	9.0	0.0	12.0	0.0	1.0	1.0
29	3	142	8.806	0.402	11.968	0.18	1.0	1.0
29	3	136	8.161	0.374	12.032	0.18	1.0	1.0
29	3	130	7.968	0.18	12.226	0.425	1.0	1.0
29	3	124	7.484	0.508	12.71	0.461	1.0	1.0
29	3	118	7.0	0.258	12.935	0.25	1.0	1.0
29	3	112	6.935	0.25	13.065	0.25	1.0	1.0
29	3	106	6.097	0.301	13.839	0.374	1.0	1.0
29	3	100	6.0	0.0	14.097	0.301	1.0	1.0
29	3	77	4.0	0.258	17.129	0.562	1.0	1.0
29	3	74	3.774	0.425	18.032	0.547	1.0	1.0
29	3	71	3.097	0.539	19.032	0.912	1.0	1.0
29	3	68	2.581	0.564	20.226	1.146	1.0	1.0
29	3	65	2.032	0.18	21.903	0.908	1.0	1.0
29	3	62	2.0	0.0	23.774	1.23	1.0	1.0
29	3	59	2.0	0.0	26.903	2.495	1.0	1.0
29	3	56	1.76	0.523	31.633	3.917	0.774	0.968
29	3	53	0.0	0.0	38.0	2.0	0.0	0.097
29	3	50	0.0	0.0	nan	nan	0.0	0.0
29	3	47	0.0	0.0	nan	nan	0.0	0.0
29	3	44	0.0	0.0	nan	nan	0.0	0.0
30	3	454	17.194	0.402	9.0	0.0	1.0	1.0
30	3	448	17.065	0.25	9.0	0.0	1.0	1.0
30	3	442	17.0	0.0	9.0	0.0	1.0	1.0
30	3	436	17.0	0.0	9.0	0.0	1.0	1.0
30	3	430	16.935	0.25	9.0	0.0	1.0	1.0
30	3	424	16.839	0.374	9.0	0.0	1.0	1.0
30	3	418	16.419	0.502	9.0	0.0	1.0	1.0
30	3	412	16.258	0.445	9.0	0.0	1.0	1.0
30	3	406	16.0	0.0	9.0	0.0	1.0	1.0
30	3	400	16.032	0.18	9.0	0.0	1.0	1.0
30	3	394	15.903	0.301	9.0	0.0	1.0	1.0
30	3	388	15.613	0.495	9.0	0.0	1.0	1.0
30	3	382	15.29	0.461	9.0	0.0	1.0	1.0
30	3	376	15.032	0.18	9.0	0.0	1.0	1.0
30	3	370	15.0	0.0	9.0	0.0	1.0	1.0
30	3	364	15.0	0.0	9.0	0.0	1.0	1.0
30	3	358	14.839	0.374	9.0	0.0	1.0	1.0
30	3	352	14.323	0.475	9.0	0.0	1.0	1.0
30	3	346	14.097	0.301	9.0	0.0	1.0	1.0
30	3	340	14.0	0.0	9.0	0.0	1.0	1.0
30	3	334	13.968	0.18	9.0	0.0	1.0	1.0
30	3	328	13.839	0.374	9.0	0.0	1.0	1.0
30	3	322	13.484	0.508	9.0	0.0	1.0	1.0
30	3	316	13.097	0.301	9.0	0.0	1.0	1.0
30	3	310	13.0	0.0	9.0	0.0	1.0	1.0
30	3	304	13.0	0.0	9.0	0.0	1.0	1.0
30	3	298	12.613	0.495	9.0	0.0	1.0	1.0
30	3	292	12.258	0.445	9.0	0.0	1.0	1.0
30	3	286	12.065	0.25	9.0	0.0	1.0	1.0
30	3	280	12.0	0.0	9.0	0.0	1.0	1.0
30	3	274	11.71	0.461	9.0	0.0	1.0	1.0
30	3	268	11.226	0.425	9.0	0.0	1.0	1.0
30	3	262	11.032	0.18	9.0	0.0	1.0	1.0
30	3	256	11.0	0.0	9.0	0.0	1.0	1.0
30	3	250	10.903	0.301	9.032	0.18	1.0	1.0
30	3	244	10.355	0.486	9.129	0.341	1.0	1.0
30	3	238	10.0	0.0	9.258	0.445	1.0	1.0
30	3	232	10.0	0.0	9.581	0.502	1.0	1.0
30	3	226	9.839	0.374	9.742	0.445	1.0	1.0
30	3	220	9.226	0.425	9.935	0.25	1.0	1.0
30	3	214	9.097	0.301	10.0	0.0	1.0	1.0
30	3	208	9.0	0.0	10.0	0.0	1.0	1.0
30	3	202	8.742	0.445	10.0	0.0	1.0	1.0
30	3	196	8.258	0.445	10.0	0.0	1.0	1.0
30	3	190	8.032	0.18	10.0	0.0	1.0	1.0
30	3	184	7.968	0.18	10.0	0.0	1.0	1.0
30	3	178	7.742	0.445	10.0	0.0	1.0	1.0
30	3	172	7.194	0.402	10.0	0.0	1.0	1.0
30	3	166	7.0	0.0	10.097	0.301	1.0	1.0
30	3	160	6.935	0.25	10.29	0.461	1.0	1.0
30	3	154	6.645	0.486	10.774	0.425	1.0	1.0
30	3	148	6.032	0.18	10.935	0.25	1.0	1.0
30	3	142	6.0	0.0	11.0	0.0	1.0	1.0
30	3	136	5.774	0.425	11.032	0.18	1.0	1.0
30	3	130	5.258	0.445	11.032	0.18	1.0	1.0
30	3	124	5.0	0.0	11.419	0.502	1.0	1.0
30	3	118	5.0	0.0	11.935	0.25	1.0	1.0
30	3	112	4.548	0.506	12.0	0.0	1.0	1.0
30	3	106	4.0	0.0	12.484	0.508	1.0	1.0
30	3	100	4.0	0.0	13.032	0.18	1.0	1.0
30	3	77	3.0	0.0	15.645	0.486	1.0	1.0
30	3	74	2.839	0.374	16.419	0.564	1.0	1.0
30	3	71	2.355	0.486	16.903	0.651	1.0	1.0
30	3	68	1.871	0.562	17.581	0.848	1.0	1.0
30	3	65	1.194	0.402	19.129	1.056	1.0	1.0
30	3	62	1.0	0.0	20.903	1.423	1.0	1.0
30	3	59	0.9	0.305	23.357	1.704	0.871	0.903
30	3	56	0.321	0.476	24.583	1.73	0.29	0.387
30	3	53	0.0	0.0	nan	nan	0.0	0.0
30	3	50	0.0	0.0	nan	nan	0.0	0.0
30	3	47	0.0	0.0	nan	nan	0.0	0.0
30	3	44	0.0	0.0	nan	nan	0.0	0.0
31	3	454	20.903	0.301	9.0	0.0	1.0	1.0
31	3	448	20.71	0.461	9.0	0.0	1.0	1.0
31	3	442	20.355	0.486	9.0	0.0	1.0	1.0
31	3	436	20.161	0.374	9.0	0.0	1.0	1.0
31	3	430	20.129	0.341	9.0	0.0	1.0	1.0
31	3	424	20.0	0.0	9.0	0.0	1.0	1.0
31	3	418	19.71	0.461	9.0	0.0	1.0	1.0
31	3	412	19.516	0.508	9.0	0.0	1.0	1.0
31	3	406	19.194	0.402	9.0	0.0	1.0	1.0
31	3	400	19.065	0.25	9.0	0.0	1.0	1.0
31	3	394	19.0	0.0	9.0	0.0	1.0	1.0
31	3	388	18.968	0.18	9.0	0.0	1.0	1.0
31	3	382	18.355	0.486	9.0	0.0	1.0	1.0
31	3	376	18.065	0.25	9.0	0.0	1.0	1.0
31	3	370	18.032	0.18	9.0	0.0	1.0	1.0
31	3	364	17.871	0.341	9.0	0.0	1.0	1.0
31	3	358	17.516	0.508	9.0	0.0	1.0	1.0
31	3	352	17.097	0.301	9.0	0.0	1.0	1.0
31	3	346	17.0	0.0	9.0	0.0	1.0	1.0
31	3	340	16.935	0.25	9.0	0.0	1.0	1.0
31	3	334	16.774	0.425	9.0	0.0	1.0	1.0
31	3	328	16.194	0.402	9.0	0.0	1.0	1.0
31	3	322	16.032	0.18	9.0	0.0	1.0	1.0
31	3	316	15.935	0.25	9.0	0.0	1.0	1.0
31	3	310	15.71	0.461	9.0	0.0	1.0	1.0
31	3	304	15.161	0.374	9.0	0.0	1.0	1.0
31	3	298	15.032	0.18	9.0	0.0	1.0	1.0
31	3	292	14.968	0.18	9.0	0.0	1.0	1.0
31	3	286	14.323	0.475	9.0	0.0	1.0	1.0
31	3	280	14.032	0.18	9.0	0.0	1.0	1.0
31	3	274	13.935	0.25	9.0	0.0	1.0	1.0
31	3	268	13.613	0.495	9.0	0.0	1.0	1.0
31	3	262	13.097	0.301	9.0	0.0	1.0	1.0
31	3	256	13.0	0.258	9.032	0.18	1.0	1.0
31	3	250	12.839	0.374	9.161	0.374	1.0	1.0
31	3	244	12.194	0.402	9.226	0.425	1.0	1.0
31	3	238	12.032	0.18	9.29	0.461	1.0	1.0
31	3	232	11.871	0.341	9.484	0.508	1.0	1.0
31	3	226	11.355	0.486	9.645	0.486	1.0	1.0
31	3	220	11.065	0.25	9.871	0.341	1.0	1.0
31	3	214	11.0	0.0	9.968	0.18	1.0	1.0
31	3	208	10.581	0.502	10.0	0.0	1.0	1.0
31	3	202	10.065	0.25	10.0	0.0	1.0	1.0
31	3	196	10.0	0.0	10.0	0.0	1.0	1.0
31	3	190	9.29	0.461	10.0	0.0	1.0	1.0
31	3	184	9.0	0.0	10.0	0.0	1.0	1.0
31	3	178	8.935	0.25	10.0	0.0	1.0	1.0
31	3	172	8.516	0.508	10.0	0.0	1.0	1.0
31	3	166	8.0	0.0	10.0	0.0	1.0	1.0
31	3	160	7.903	0.301	10.161	0.374	1.0	1.0
31	3	154	7.419	0.502	10.323	0.475	1.0	1.0
31	3	148	7.065	0.25	10.935	0.25	1.0	1.0
31	3	142	6.903	0.301	11.0	0.0	1.0	1.0
31	3	136	6.161	0.374	11.0	0.0	1.0	1.0
31	3	130	6.0	0.0	11.0	0.0	1.0	1.0
31	3	124	6.0	0.0	11.129	0.341	1.0	1.0
31	3	118	5.097	0.301	11.839	0.374	1.0	1.0
31	3	112	5.0	0.0	12.0	0.0	1.0	1.0
31	3	106	4.871	0.341	12.258	0.445	1.0	1.0
31	3	100	4.097	0.301	12.871	0.341	1.0	1.0
31	3	77	3.0	0.0	15.484	0.508	1.0	1.0
31	3	74	2.742	0.445	16.194	0.601	1.0	1.0
31	3	71	2.419	0.502	16.871	0.499	1.0	1.0
31	3	68	1.871	0.499	17.742	0.631	1.0	1.0
31	3	65	1.194	0.402	19.387	1.174	1.0	1.0
31	3	62	0.871	0.341	21.556	1.805	0.871	0.871
31	3	59	0.536	0.508	24.222	1.309	0.484	0.581
31	3	56	0.097	0.301	24.333	1.528	0.097	0.097
31	3	53	0.0	0.0	nan	nan	0.0	0.0
31	3	50	0.0	0.0	nan	nan	0.0	0.0
31	3	47	0.0	0.0	nan	nan	0.0	0.0
31	3	44	0.0	0.0	nan	nan	0.0	0.0
0	4	454	17.0	0.0	9.0	0.0	1.0	1.0
0	4	448	16.968	0.18	9.0	0.0	1.0	1.0
0	4	442	17.0	0.0	9.0	0.0	1.0	1.0
0	4	436	16.871	0.341	9.032	0.18	1.0	1.0
0	4	430	16.613	0.495	9.032	0.18	1.0	1.0
0	4	424	16.226	0.425	9.065	0.25	1.0	1.0
0	4	418	16.129	0.341	9.0	0.0	1.0	1.0
0	4	412	16.032	0.18	9.0	0.0	1.0	1.0
0	4	406	16.0	0.0	9.065	0.25	1.0	1.0
0	4	400	15.968	0.18	9.097	0.301	1.0	1.0
0	4	394	15.839	0.374	9.032	0.18	1.0	1.0
0	4	388	15.516	0.508	9.129	0.341	1.0	1.0
0	4	382	15.194	0.402	9.097	0.301	1.0	1.0
0	4	376	15.0	0.0	9.161	0.374	1.0	1.0
0	4	370	15.0	0.0	9.29	0.461	1.0	1.0
0	4	364	15.0	0.0	9.29	0.461	1.0	1.0
0	4	358	14.903	0.301	9.323	0.475	1.0	1.0
0	4	352	14.774	0.425	9.484	0.508	1.0	1.0
0	4	346	14.419	0.502	9.548	0.506	1.0	1.0
0	4	340	14.032	0.18	9.484	0.508	1.0	1.0
0	4	334	14.0	0.0	9.742	0.445	1.0	1.0
0	4	328	14.0	0.0	9.71	0.461	1.0	1.0
0	4	322	13.806	0.402	9.871	0.341	1.0	1.0
0	4	316	13.613	0.495	9.871	0.341	1.0	1.0
0	4	310	13.097	0.301	9.968	0.18	1.0	1.0
0	4	304	13.032	0.18	9.968	0.18	1.0	1.0
0	4	298	13.0	0.0	10.0	0.0	1.0	1.0
0	4	292	12.968	0.18	10.0	0.0	1.0	1.0
0	4	286	12.645	0.486	10.0	0.0	1.0	1.0
0	4	280	12.032	0.18	10.0	0.0	1.0	1.0
0	4	274	12.0	0.0	9.968	0.18	1.0	1.0
0	4	268	12.0	0.0	10.0	0.0	1.0	1.0
0	4	262	11.871	0.341	10.0	0.0	1.0	1.0
0	4	256	11.29	0.461	10.0	0.0	1.0	1.0
0	4	250	11.032	0.18	10.0	0.0	1.0	1.0
0	4	244	11.0	0.0	10.0	0.0	1.0	1.0
0	4	238	10.871	0.341	10.0	0.0	1.0	1.0
0	4	232	10.387	0.495	10.0	0.0	1.0	1.0
0	4	226	10.065	0.25	10.0	0.0	1.0	1.0
0	4	220	10.0	0.0	10.0	0.0	1.0	1.0
0	4	214	10.0	0.0	10.0	0.0	1.0	1.0
0	4	208	9.516	0.508	10.0	0.0	1.0	1.0
0	4	202	9.097	0.301	10.0	0.0	1.0	1.0
0	4	196	9.0	0.0	10.065	0.25	1.0	1.0
0	4	190	8.968	0.18	10.355	0.486	1.0	1.0
0	4	184	8.484	0.508	10.581	0.502	1.0	1.0
0	4	178	8.0	0.0	10.871	0.341	1.0	1.0
0	4	172	8.0	0.0	10.968	0.18	1.0	1.0
0	4	166	7.968	0.18	11.0	0.0	1.0	1.0
0	4	160	7.194	0.402	11.0	0.0	1.0	1.0
0	4	154	7.0	0.0	11.0	0.0	1.0	1.0
0	4	148	7.0	0.0	11.0	0.0	1.0	1.0
0	4	142	6.806	0.402	11.161	0.374	1.0	1.0
0	4	136	6.097	0.301	11.71	0.461	1.0	1.0
0	4	130	6.0	0.0	12.0	0.0	1.0	1.0
0	4	124	6.0	0.0	12.0	0.0	1.0	1.0
0	4	118	5.613	0.495	12.194	0.402	1.0	1.0
0	4	112	5.0	0.0	12.935	0.25	1.0	1.0
0	4	106	5.0	0.0	13.0	0.0	1.0	1.0
0	4	100	4.903	0.301	13.548	0.568	1.0	1.0
0	4	77	3.484	0.508	16.355	0.551	1.0	1.0
0	4	74	3.032	0.18	17.032	0.407	1.0	1.0
0	4	71	2.774	0.497	17.839	0.82	1.0	1.0
0	4	68	2.226	0.425	18.839	0.779	1.0	1.0
0	4	65	2.0	0.0	20.484	0.926	1.0	1.0
0	4	62	1.968	0.18	22.452	1.312	1.0	1.0
0	4	59	1.613	0.495	26.935	2.72	1.0	1.0
0	4	56	0.25	0.608	34.545	3.778	0.129	0.355
0	4	53	0.0	0.0	nan	nan	0.0	0.0
0	4	50	0.0	0.0	nan	nan	0.0	0.0
0	4	47	0.0	0.0	nan	nan	0.0	0.0
0	4	44	0.0	0.0	nan	nan	0.0	0.0
1	4	454	17.645	0.486	9.968	0.18	1.0	1.0
1	4	448	17.484	0.508	10.0	0.0	1.0	1.0
1	4	442	17.194	0.402	10.0	0.0	1.0	1.0
1	4	436	17.032	0.18	10.0	0.0	1.0	1.0
1	4	430	17.032	0.18	9.968	0.18	1.0	1.0
1	4	424	17.0	0.0	10.0	0.0	1.0	1.0
1	4	418	16.935	0.25	10.0	0.0	1.0	1.0
1	4	412	16.613	0.495	10.0	0.0	1.0	1.0
1	4	406	16.484	0.508	10.0	0.0	1.0	1.0
1	4	400	16.161	0.374	10.0	0.0	1.0	1.0
1	4	394	16.097	0.301	10.0	0.0	1.0	1.0
1	4	388	16.0	0.0	10.0	0.0	1.0	1.0
1	4	382	15.968	0.18	10.0	0.0	1.0	1.0
1	4	376	15.774	0.425	10.0	0.0	1.0	1.0
1	4	370	15.452	0.506	10.0	0.0	1.0	1.0
1	4	364	15.258	0.445	10.0	0.0	1.0	1.0
1	4	358	15.065	0.25	10.0	0.0	1.0	1.0
1	4	352	15.0	0.0	10.0	0.0	1.0	1.0
1	4	346	14.903	0.301	10.0	0.0	1.0	1.0
1	4	340	14.71	0.461	10.0	0.0	1.0	1.0
1	4	334	14.548	0.506	10.0	0.0	1.0	1.0
1	4	328	14.129	0.341	10.0	0.0	1.0	1.0
1	4	322	14.0	0.258	10.0	0.0	1.0	1.0
1	4	316	13.968	0.18	10.0	0.0	1.0	1.0
1	4	310	13.806	0.402	10.0	0.0	1.0	1.0
1	4	304	13.452	0.506	10.0	0.0	1.0	1.0
1	4	298	13.161	0.374	10.0	0.0	1.0	1.0
1	4	292	13.032	0.18	10.0	0.0	1.0	1.0
1	4	286	12.968	0.18	10.0	0.0	1.0	1.0
1	4	280	12.806	0.402	10.0	0.0	1.0	1.0
1	4	274	12.194	0.402	10.0	0.0	1.0	1.0
1	4	268	12.0	0.0	10.0	0.0	1.0	1.0
1	4	262	12.0	0.0	10.0	0.0	1.0	1.0
1	4	256	11.935	0.25	10.0	0.0	1.0	1.0
1	4	250	11.355	0.486	10.0	0.0	1.0	1.0
1	4	244	11.097	0.301	10.032	0.18	1.0	1.0
1	4	238	11.0	0.0	10.097	0.301	1.0	1.0
1	4	232	10.903	0.301	10.387	0.495	1.0	1.0
1	4	226	10.484	0.508	10.516	0.508	1.0	1.0
1	4	220	10.032	0.18	10.71	0.461	1.0	1.0
1	4	214	10.0	0.0	10.806	0.402	1.0	1.0
1	4	208	9.871	0.341	10.935	0.25	1.0	1.0
1	4	202	9.419	0.502	10.935	0.25	1.0	1.0
1	4	196	9.0	0.0	11.0	0.0	1.0	1.0
1	4	190	9.0	0.0	10.968	0.18	1.0	1.0
1	4	184	8.839	0.374	11.0	0.0	1.0	1.0
1	4	178	8.323	0.475	11.0	0.0	1.0	1.0
1	4	172	8.065	0.25	11.032	0.18	1.0	1.0
1	4	166	7.935	0.25	11.032	0.18	1.0	1.0
1	4	160	7.581	0.502	11.387	0.495	1.0	1.0
1	4	154	7.065	0.25	11.677	0.475	1.0	1.0
1	4	148	7.0	0.0	11.839	0.374	1.0	1.0
1	4	142	6.774	0.425	12.0	0.0	1.0	1.0
1	4	136	6.194	0.402	12.0	0.0	1.0	1.0
1	4	130	6.0	0.0	12.097	0.301	1.0	1.0
1	4	124	5.968	0.18	12.774	0.425	1.0	1.0
1	4	118	5.29	0.461	12.968	0.18	1.0	1.0
1	4	112	5.0	0.0	13.097	0.396	1.0	1.0
1	4	106	5.0	0.0	13.548	0.506	1.0	1.0
1	4	100	4.323	0.475	14.065	0.25	1.0	1.0
1	4	77	3.032	0.18	17.065	0.512	1.0	1.0
1	4	74	2.613	0.558	18.032	0.547	1.0	1.0
1	4	71	2.194	0.477	18.871	0.991	1.0	1.0
1	4	68	2.0	0.0	20.548	0.925	1.0	1.0
1	4	65	1.645	0.486	22.097	1.221	1.0	1.0
1	4	62	1.3	0.466	24.839	3.216	0.968	1.0
1	4	59	0.897	0.409	27.333	3.637	0.806	0.871
1	4	56	0.3	0.466	31.0	3.859	0.29	0.323
1	4	53	0.0	0.0	nan	nan	0.0	0.0
1	4	50	0.0	0.0	nan	nan	0.0	0.0
1	4	47	0.0	0.0	nan	nan	0.0	0.0
1	4	44	0.0	0.0	nan	nan	0.0	0.0
2	4	454	15.0	0.0	9.0	0.0	1.0	1.0
2	4	448	15.032	0.18	9.0	0.0	1.0	1.0
2	4	442	15.0	0.0	9.0	0.0	1.0	1.0
2	4	436	14.968	0.18	9.0	0.0	1.0	1.0
2	4	430	14.903	0.301	9.0	0.0	1.0	1.0
2	4	424	14.548	0.506	9.0	0.0	1.0	1.0
2	4	418	14.258	0.445	9.0	0.0	1.0	1.0
2	4	412	14.0	0.0	9.0	0.0	1.0	1.0
2	4	406	14.0	0.0	9.0	0.0	1.0	1.0
2	4	400	14.0	0.0	9.0	0.0	1.0	1.0
2	4	394	14.0	0.0	9.0	0.0	1.0	1.0
2	4	388	13.871	0.341	9.0	0.0	1.0	1.0
2	4	382	13.516	0.508	9.0	0.0	1.0	1.0
2	4	376	13.387	0.495	9.0	0.0	1.0	1.0
2	4	370	13.065	0.25	9.0	0.0	1.0	1.0
2	4	364	13.0	0.0	9.032	0.18	1.0	1.0
2	4	358	13.0	0.0	9.0	0.0	1.0	1.0
2	4	352	12.968	0.18	9.032	0.18	1.0	1.0
2	4	346	12.839	0.374	9.0	0.0	1.0	1.0
2	4	340	12.194	0.402	9.0	0.0	1.0	1.0
2	4	334	12.065	0.25	9.032	0.18	1.0	1.0
2	4	328	12.0	0.0	9.065	0.25	1.0	1.0
2	4	322	12.0	0.0	9.097	0.301	1.0	1.0
2	4	316	11.968	0.18	9.032	0.18	1.0	1.0
2	4	310	11.613	0.495	9.226	0.425	1.0	1.0
2	4	304	11.097	0.301	9.355	0.486	1.0	1.0
2	4	298	11.0	0.0	9.484	0.508	1.0	1.0
2	4	292	11.0	0.0	9.548	0.506	1.0	1.0
2	4	286	11.0	0.0	9.742	0.445	1.0	1.0
2	4	280	10.742	0.445	9.871	0.341	1.0	1.0
2	4	274	10.194	0.402	9.968	0.18	1.0	1.0
2	4	268	10.0	0.0	9.968	0.18	1.0	1.0
2	4	262	10.0	0.0	9.968	0.18	1.0	1.0
2	4	256	10.0	0.0	10.0	0.0	1.0	1.0
2	4	250	9.516	0.508	10.0	0.0	1.0	1.0
2	4	244	9.194	0.402	10.0	0.0	1.0	1.0
2	4	238	9.032	0.18	10.0	0.0	1.0	1.0
2	4	232	9.0	0.0	10.0	0.0	1.0	1.0
2	4	226	8.935	0.25	10.0	0.0	1.0	1.0
2	4	220	8.387	0.495	10.0	0.0	1.0	1.0
2	4	214	8.0	0.0	10.0	0.0	1.0	1.0
2	4	208	8.0	0.0	10.0	0.0	1.0	1.0
2	4	202	8.0	0.0	10.0	0.0	1.0	1.0
2	4	196	7.548	0.506	10.0	0.0	1.0	1.0
2	4	190	7.032	0.18	10.0	0.0	1.0	1.0
2	4	184	7.0	0.0	10.0	0.0	1.0	1.0
2	4	178	7.0	0.0	10.129	0.341	1.0	1.0
2	4	172	6.677	0.475	10.548	0.506	1.0	1.0
2	4	166	6.194	0.402	10.742	0.445	1.0	1.0
2	4	160	6.0	0.0	11.0	0.0	1.0	1.0
2	4	154	6.0	0.0	11.0	0.0	1.0	1.0
2	4	148	5.71	0.461	11.0	0.0	1.0	1.0
2	4	142	5.129	0.341	11.0	0.0	1.0	1.0
2	4	136	5.0	0.0	11.129	0.341	1.0	1.0
2	4	130	4.968	0.18	11.355	0.486	1.0	1.0
2	4	124	4.516	0.508	11.935	0.25	1.0	1.0
2	4	118	4.032	0.18	12.0	0.0	1.0	1.0
2	4	112	4.0	0.0	12.226	0.425	1.0	1.0
2	4	106	3.968	0.18	12.839	0.374	1.0	1.0
2	4	100	3.355	0.486	13.0	0.0	1.0	1.0
2	4	77	2.129	0.341	15.742	0.514	1.0	1.0
2	4	74	2.032	0.18	16.323	0.475	1.0	1.0
2	4	71	1.968	0.18	17.161	0.523	1.0	1.0
2	4	68	1.71	0.461	18.097	0.7	1.0	1.0
2	4	65	1.033	0.183	19.935	1.861	0.968	1.0
2	4	62	0.964	0.189	21.733	1.837	0.871	0.968
2	4	59	0.269	0.452	23.917	1.929	0.226	0.387
2	4	56	0.0	0.0	nan	nan	0.0	0.0
2	4	53	0.0	0.0	nan	nan	0.0	0.0
2	4	50	0.0	0.0	nan	nan	0.0	0.0
2	4	47	0.0	0.0	nan	nan	0.0	0.0
2	4	44	0.0	0.0	nan	nan	0.0	0.0
3	4	454	17.0	0.0	9.677	0.475	1.0	1.0
3	4	448	17.0	0.0	9.742	0.445	1.0	1.0
3	4	442	16.742	0.445	9.71	0.461	1.0	1.0
3	4	436	16.613	0.495	9.774	0.425	1.0	1.0
3	4	430	16.419	0.502	9.645	0.486	1.0	1.0
3	4	424	16.032	0.18	9.871	0.341	1.0	1.0
3	4	418	16.0	0.0	9.871	0.341	1.0	1.0
3	4	412	16.0	0.0	9.839	0.374	1.0	1.0
3	4	406	16.0	0.0	9.935	0.25	1.0	1.0
3	4	400	15.903	0.301	9.839	0.374	1.0	1.0
3	4	394	15.516	0.508	9.774	0.425	1.0	1.0
3	4	388	15.323	0.475	9.774	0.425	1.0	1.0
3	4	382	15.0	0.0	9.968	0.18	1.0	1.0
3	4	376	15.032	0.18	10.0	0.0	1.0	1.0
3	4	370	15.0	0.0	9.968	0.18	1.0	1.0
3	4	364	14.968	0.18	9.935	0.25	1.0	1.0
3	4	358	14.774	0.425	9.968	0.18	1.0	1.0
3	4	352	14.258	0.445	10.0	0.0	1.0	1.0
3	4	346	14.226	0.425	10.0	0.0	1.0	1.0
3	4	340	14.032	0.18	10.0	0.0	1.0	1.0
3	4	334	14.0	0.0	10.0	0.0	1.0	1.0
3	4	328	13.935	0.25	10.0	0.0	1.0	1.0
3	4	322	13.613	0.495	10.0	0.0	1.0	1.0
3	4	316	13.387	0.495	10.0	0.0	1.0	1.0
3	4	310	13.032	0.315	10.0	0.0	1.0	1.0
3	4	304	13.0	0.0	10.0	0.0	1.0	1.0
3	4	298	12.871	0.341	10.0	0.0	1.0	1.0
3	4	292	12.645	0.486	10.0	0.0	1.0	1.0
3	4	286	12.097	0.301	10.0	0.0	1.0	1.0
3	4	280	12.0	0.0	10.0	0.0	1.0	1.0
3	4	274	12.0	0.0	10.0	0.0	1.0	1.0
3	4	268	12.0	0.0	10.0	0.0	1.0	1.0
3	4	262	11.355	0.486	10.0	0.0	1.0	1.0
3	4	256	11.097	0.301	10.0	0.0	1.0	1.0
3	4	250	11.032	0.18	10.032	0.18	1.0	1.0
3	4	244	10.968	0.18	10.065	0.25	1.0	1.0
3	4	238	10.774	0.425	10.032	0.18	1.0	1.0
3	4	232	10.097	0.301	10.129	0.341	1.0	1.0
3	4	226	10.0	0.0	10.258	0.445	1.0	1.0
3	4	220	9.968	0.18	10.194	0.402	1.0	1.0
3	4	214	9.613	0.495	10.484	0.508	1.0	1.0
3	4	208	9.258	0.445	10.548	0.506	1.0	1.0
3	4	202	9.0	0.0	10.645	0.486	1.0	1.0
3	4	196	8.968	0.18	10.935	0.25	1.0	1.0
3	4	190	8.774	0.425	11.0	0.0	1.0	1.0
3	4	184	8.065	0.25	11.0	0.0	1.0	1.0
3	4	178	8.0	0.0	11.0	0.0	1.0	1.0
3	4	172	7.968	0.18	11.0	0.0	1.0	1.0
3	4	166	7.452	0.506	11.032	0.18	1.0	1.0
3	4	160	7.0	0.0	11.194	0.402	1.0	1.0
3	4	154	6.968	0.18	11.387	0.495	1.0	1.0
3	4	148	6.903	0.301	11.613	0.495	1.0	1.0
3	4	142	6.355	0.486	11.903	0.301	1.0	1.0
3	4	136	6.0	0.0	11.935	0.25	1.0	1.0
3	4	130	6.0	0.0	12.097	0.301	1.0	1.0
3	4	124	5.29	0.461	12.387	0.495	1.0	1.0
3	4	118	5.032	0.18	12.774	0.425	1.0	1.0
3	4	112	4.968	0.18	13.0	0.258	1.0	1.0
3	4	106	4.903	0.301	13.355	0.486	1.0	1.0
3	4	100	4.0	0.0	13.935	0.359	1.0	1.0
3	4	77	3.0	0.0	16.839	0.454	1.0	1.0
3	4	74	2.677	0.475	17.871	0.763	1.0	1.0
3	4	71	2.258	0.514	18.71	0.864	1.0	1.0
3	4	68	1.806	0.402	20.129	0.957	1.0	1.0
3	4	65	1.419	0.502	22.194	1.957	1.0	1.0
3	4	62	1.0	0.0	24.419	2.433	1.0	1.0
3	4	59	0.966	0.186	27.667	3.575	0.903	0.968
3	4	56	0.167	0.379	29.333	3.386	0.161	0.194
3	4	53	0.0	0.0	nan	nan	0.0	0.0
3	4	50	0.0	0.0	nan	nan	0.0	0.0
3	4	47	0.0	0.0	nan	nan	0.0	0.0
3	4	44	0.0	0.0	nan	nan	0.0	0.0
4	4	454	22.129	0.341	11.613	0.495	1.0	1.0
4	4	448	22.0	0.0	11.839	0.374	1.0	1.0
4	4	442	21.935	0.25	11.774	0.425	1.0	1.0
4	4	436	21.742	0.445	11.806	0.402	1.0	1.0
4	4	430	21.581	0.502	11.742	0.445	1.0	1.0
4	4	424	21.323	0.475	11.742	0.445	1.0	1.0
4	4	418	21.032	0.18	11.742	0.445	1.0	1.0
4	4	412	20.968	0.18	11.645	0.486	1.0	1.0
4	4	406	20.871	0.341	11.839	0.374	1.0	1.0
4	4	400	20.677	0.475	11.774	0.425	1.0	1.0
4	4	394	20.484	0.508	11.774	0.425	1.0	1.0
4	4	388	20.097	0.301	11.839	0.374	1.0	1.0
4	4	382	19.968	0.18	11.774	0.425	1.0	1.0
4	4	376	19.806	0.402	11.871	0.341	1.0	1.0
4	4	370	19.742	0.445	11.903	0.301	1.0	1.0
4	4	364	19.419	0.502	11.871	0.341	1.0	1.0
4	4	358	19.129	0.341	11.935	0.25	1.0	1.0
4	4	352	19.032	0.18	11.903	0.301	1.0	1.0
4	4	346	18.774	0.425	11.968	0.18	1.0	1.0
4	4	340	18.581	0.502	11.935	0.25	1.0	1.0
4	4	334	18.194	0.402	11.968	0.18	1.0	1.0
4	4	328	18.0	0.0	11.968	0.18	1.0	1.0
4	4	322	18.0	0.0	11.968	0.18	1.0	1.0
4	4	316	17.677	0.475	11.968	0.18	1.0	1.0
4	4	310	17.161	0.374	11.968	0.18	1.0	1.0
4	4	304	17.032	0.18	11.968	0.18	1.0	1.0
4	4	298	16.935	0.25	11.968	0.18	1.0	1.0
4	4	292	16.548	0.506	12.0	0.0	1.0	1.0
4	4	286	16.032	0.18	11.968	0.18	1.0	1.0
4	4	280	16.032	0.18	11.968	0.18	1.0	1.0
4	4	274	15.839	0.374	11.968	0.18	1.0	1.0
4	4	268	15.355	0.486	12.0	0.0	1.0	1.0
4	4	262	15.065	0.25	12.0	0.0	1.0	1.0
4	4	256	14.935	0.25	12.032	0.18	1.0	1.0
4	4	250	14.613	0.495	12.0	0.0	1.0	1.0
4	4	244	14.097	0.301	12.032	0.18	1.0	1.0
4	4	238	14.0	0.0	12.097	0.301	1.0	1.0
4	4	232	13.645	0.486	12.194	0.402	1.0	1.0
4	4	226	13.129	0.341	12.355	0.486	1.0	1.0
4	4	220	13.0	0.0	12.323	0.475	1.0	1.0
4	4	214	12.774	0.425	12.613	0.495	1.0	1.0
4	4	208	12.129	0.341	12.645	0.486	1.0	1.0
4	4	202	12.0	0.0	12.774	0.425	1.0	1.0
4	4	196	11.839	0.374	12.968	0.18	1.0	1.0
4	4	190	11.065	0.25	12.935	0.25	1.0	1.0
4	4	184	11.0	0.0	12.935	0.25	1.0	1.0
4	4	178	10.677	0.475	13.0	0.0	1.0	1.0
4	4	172	10.097	0.301	13.032	0.18	1.0	1.0
4	4	166	9.968	0.18	13.097	0.301	1.0	1.0
4	4	160	9.452	0.506	13.226	0.425	1.0	1.0
4	4	154	9.0	0.0	13.452	0.506	1.0	1.0
4	4	148	8.935	0.25	13.839	0.374	1.0	1.0
4	4	142	8.226	0.425	14.0	0.0	1.0	1.0
4	4	136	8.0	0.0	13.968	0.18	1.0	1.0
4	4	130	7.839	0.374	14.161	0.374	1.0	1.0
4	4	124	7.032	0.18	14.645	0.486	1.0	1.0
4	4	118	7.0	0.0	14.903	0.301	1.0	1.0
4	4	112	6.452	0.506	15.097	0.301	1.0	1.0
4	4	106	6.0	0.0	15.774	0.425	1.0	1.0
4	4	100	5.903	0.301	16.097	0.473	1.0	1.0
4	4	77	3.0	0.0	19.161	0.638	1.0	1.0
4	4	74	3.0	0.0	20.258	0.729	1.0	1.0
4	4	71	2.968	0.18	21.29	0.824	1.0	1.0
4	4	68	2.323	0.475	22.548	1.028	1.0	1.0
4	4	65	2.161	0.374	24.065	1.093	1.0	1.0
4	4	62	2.0	0.0	25.677	1.077	1.0	1.0
4	4	59	2.0	0.0	28.742	1.712	1.0	1.0
4	4	56	1.708	0.55	33.633	3.124	0.742	0.968
4	4	53	0.069	0.258	37.0	2.708	0.065	0.129
4	4	50	0.0	0.0	nan	nan	0.0	0.0
4	4	47	0.0	0.0	nan	nan	0.0	0.0
4	4	44	0.0	0.0	nan	nan	0.0	0.0
5	4	454	20.226	0.425	10.0	0.0	1.0	1.0
5	4	448	20.129	0.341	10.0	0.0	1.0	1.0
5	4	442	20.0	0.0	10.0	0.0	1.0	1.0
5	4	436	19.935	0.25	10.0	0.0	1.0	1.0
5	4	430	19.774	0.425	10.0	0.0	1.0	1.0
5	4	424	19.677	0.475	10.0	0.0	1.0	1.0
5	4	418	19.323	0.475	10.0	0.0	1.0	1.0
5	4	412	19.161	0.374	10.0	0.0	1.0	1.0
5	4	406	19.0	0.0	10.0	0.0	1.0	1.0
5	4	400	18.968	0.18	10.0	0.0	1.0	1.0
5	4	394	18.774	0.425	10.0	0.0	1.0	1.0
5	4	388	18.516	0.508	10.0	0.0	1.0	1.0
5	4	382	18.129	0.341	10.0	0.0	1.0	1.0
5	4	376	18.0	0.0	10.0	0.0	1.0	1.0
5	4	370	18.0	0.0	10.0	0.0	1.0	1.0
5	4	364	17.71	0.461	10.0	0.0	1.0	1.0
5	4	358	17.71	0.461	10.0	0.0	1.0	1.0
5	4	352	17.355	0.486	10.0	0.0	1.0	1.0
5	4	346	17.194	0.402	10.0	0.0	1.0	1.0
5	4	340	16.968	0.18	10.0	0.0	1.0	1.0
5	4	334	16.935	0.25	10.0	0.0	1.0	1.0
5	4	328	16.677	0.475	10.0	0.0	1.0	1.0
5	4	322	16.161	0.374	10.0	0.0	1.0	1.0
5	4	316	16.032	0.18	10.0	0.0	1.0	1.0
5	4	310	15.968	0.18	10.0	0.0	1.0	1.0
5	4	304	15.839	0.374	10.0	0.0	1.0	1.0
5	4	298	15.419	0.502	10.0	0.0	1.0	1.0
5	4	292	15.065	0.25	10.0	0.0	1.0	1.0
5	4	286	15.0	0.0	10.032	0.18	1.0	1.0
5	4	280	14.581	0.502	10.0	0.0	1.0	1.0
5	4	274	14.161	0.374	10.0	0.0	1.0	1.0
5	4	268	14.0	0.0	10.0	0.0	1.0	1.0
5	4	262	13.774	0.425	10.097	0.301	1.0	1.0
5	4	256	13.387	0.495	10.097	0.301	1.0	1.0
5	4	250	13.0	0.0	10.355	0.486	1.0	1.0
5	4	244	12.935	0.25	10.484	0.508	1.0	1.0
5	4	238	12.645	0.486	10.645	0.486	1.0	1.0
5	4	232	12.29	0.461	10.806	0.402	1.0	1.0
5	4	226	12.0	0.0	10.903	0.301	1.0	1.0
5	4	220	11.839	0.374	11.0	0.0	1.0	1.0
5	4	214	11.419	0.502	11.0	0.0	1.0	1.0
5	4	208	11.0	0.0	11.0	0.0	1.0	1.0
5	4	202	10.968	0.18	11.0	0.0	1.0	1.0
5	4	196	10.581	0.502	11.0	0.0	1.0	1.0
5	4	190	10.065	0.25	11.0	0.0	1.0	1.0
5	4	184	9.968	0.18	11.0	0.0	1.0	1.0
5	4	178	9.613	0.495	11.0	0.0	1.0	1.0
5	4	172	9.226	0.425	11.097	0.301	1.0	1.0
5	4	166	9.0	0.0	11.452	0.506	1.0	1.0
5	4	160	8.581	0.502	11.677	0.475	1.0	1.0
5	4	154	8.065	0.25	11.935	0.25	1.0	1.0
5	4	148	7.935	0.25	12.0	0.0	1.0	1.0
5	4	142	7.548	0.506	12.032	0.18	1.0	1.0
5	4	136	7.065	0.25	12.065	0.25	1.0	1.0
5	4	130	6.903	0.301	12.452	0.506	1.0	1.0
5	4	124	6.419	0.502	12.968	0.18	1.0	1.0
5	4	118	6.0	0.258	12.968	0.18	1.0	1.0
5	4	112	5.839	0.374	13.516	0.508	1.0	1.0
5	4	106	5.161	0.374	13.839	0.374	1.0	1.0
5	4	100	5.0	0.0	14.097	0.301	1.0	1.0
5	4	77	3.742	0.514	17.355	0.551	1.0	1.0
5	4	74	2.839	0.688	18.065	0.629	1.0	1.0
5	4	71	2.161	0.454	19.097	0.87	1.0	1.0
5	4	68	2.0	0.0	21.065	1.59	1.0	1.0
5	4	65	1.935	0.25	22.355	1.45	1.0	1.0
5	4	62	1.581	0.502	24.677	1.661	1.0	1.0
5	4	59	1.3	0.651	27.75	3.087	0.871	0.903
5	4	56	0.481	0.58	31.812	3.291	0.387	0.516
5	4	53	0.065	0.25	32.5	0.707	0.065	0.065
5	4	50	0.0	0.0	nan	nan	0.0	0.0
5	4	47	0.0	0.0	nan	nan	0.0	0.0
5	4	44	0.0	0.0	nan	nan	0.0	0.0
6	4	454	22.871	0.341	10.0	0.0	1.0	1.0
6	4	448	22.774	0.425	10.0	0.0	1.0	1.0
6	4	442	22.258	0.445	10.0	0.0	1.0	1.0
6	4	436	22.032	0.18	10.0	0.0	1.0	1.0
6	4	430	22.032	0.18	10.0	0.0	1.0	1.0
6	4	424	21.839	0.374	10.0	0.0	1.0	1.0
6	4	418	21.613	0.495	10.0	0.0	1.0	1.0
6	4	412	21.516	0.508	10.0	0.0	1.0	1.0
6	4	406	21.161	0.374	10.0	0.0	1.0	1.0
6	4	400	21.0	0.0	10.0	0.0	1.0	1.0
6	4	394	20.871	0.341	10.0	0.0	1.0	1.0
6	4	388	20.677	0.541	10.0	0.0	1.0	1.0
6	4	382	20.355	0.486	10.0	0.0	1.0	1.0
6	4	376	20.161	0.374	10.0	0.0	1.0	1.0
6	4	370	20.032	0.315	10.0	0.0	1.0	1.0
6	4	364	19.839	0.374	10.0	0.0	1.0	1.0
6	4	358	19.516	0.508	10.0	0.0	1.0	1.0
6	4	352	19.194	0.402	10.0	0.0	1.0	1.0
6	4	346	18.968	0.18	10.0	0.0	1.0	1.0
6	4	340	18.903	0.301	10.0	0.0	1.0	1.0
6	4	334	18.581	0.502	10.0	0.0	1.0	1.0
6	4	328	18.258	0.445	10.0	0.0	1.0	1.0
6	4	322	17.903	0.301	10.0	0.0	1.0	1.0
6	4	316	17.71	0.461	10.0	0.0	1.0	1.0
6	4	310	17.323	0.475	10.0	0.0	1.0	1.0
6	4	304	17.226	0.425	10.0	0.0	1.0	1.0
6	4	298	17.0	0.258	10.0	0.0	1.0	1.0
6	4	292	16.677	0.475	10.0	0.0	1.0	1.0
6	4	286	16.226	0.425	10.0	0.0	1.0	1.0
6	4	280	15.968	0.18	10.0	0.0	1.0	1.0
6	4	274	15.742	0.445	10.0	0.0	1.0	1.0
6	4	268	15.194	0.402	10.0	0.0	1.0	1.0
6	4	262	15.097	0.301	10.0	0.0	1.0	1.0
6	4	256	14.871	0.341	10.0	0.0	1.0	1.0
6	4	250	14.387	0.495	10.0	0.0	1.0	1.0
6	4	244	14.065	0.25	10.129	0.341	1.0	1.0
6	4	238	13.903	0.301	10.032	0.18	1.0	1.0
6	4	232	13.484	0.508	10.29	0.461	1.0	1.0
6	4	226	13.065	0.25	10.387	0.495	1.0	1.0
6	4	220	12.871	0.341	10.806	0.402	1.0	1.0
6	4	214	12.452	0.506	10.806	0.402	1.0	1.0
6	4	208	12.097	0.301	10.903	0.301	1.0	1.0
6	4	202	11.839	0.374	10.968	0.18	1.0	1.0
6	4	196	11.29	0.461	11.0	0.0	1.0	1.0
6	4	190	11.032	0.18	10.935	0.25	1.0	1.0
6	4	184	10.871	0.341	11.0	0.0	1.0	1.0
6	4	178	10.226	0.425	11.0	0.0	1.0	1.0
6	4	172	9.903	0.301	11.0	0.0	1.0	1.0
6	4	166	9.516	0.508	11.226	0.425	1.0	1.0
6	4	160	9.097	0.301	11.258	0.445	1.0	1.0
6	4	154	8.935	0.25	11.645	0.486	1.0	1.0
6	4	148	8.226	0.425	11.774	0.425	1.0	1.0
6	4	142	8.0	0.0	11.968	0.18	1.0	1.0
6	4	136	7.581	0.502	12.0	0.0	1.0	1.0
6	4	130	7.129	0.428	12.194	0.402	1.0	1.0
6	4	124	6.839	0.374	12.71	0.461	1.0	1.0
6	4	118	6.355	0.486	12.935	0.359	1.0	1.0
6	4	112	6.097	0.301	13.032	0.18	1.0	1.0
6	4	106	5.613	0.495	13.742	0.445	1.0	1.0
6	4	100	5.194	0.402	14.032	0.407	1.0	1.0
6	4	77	3.452	0.568	17.097	0.597	1.0	1.0
6	4	74	3.065	0.629	17.645	0.608	1.0	1.0
6	4	71	2.355	0.551	18.484	0.626	1.0	1.0
6	4	68	2.0	0.258	19.742	1.032	1.0	1.0
6	4	65	1.645	0.551	21.548	1.804	1.0	1.0
6	4	62	1.323	0.475	22.935	1.843	1.0	1.0
6	4	59	0.483	0.574	26.867	3.758	0.419	0.484
6	4	56	0.233	0.43	28.5	4.504	0.226	0.258
6	4	53	0.0	0.0	nan	nan	0.0	0.0
6	4	50	0.0	0.0	nan	nan	0.0	0.0
6	4	47	0.0	0.0	nan	nan	0.0	0.0
6	4	44	0.0	0.0	nan	nan	0.0	0.0
7	4	454	18.29	0.461	9.194	0.402	1.0	1.0
7	4	448	18.065	0.25	9.226	0.425	1.0	1.0
7	4	442	18.0	0.0	9.29	0.461	1.0	1.0
7	4	436	17.968	0.18	9.194	0.402	1.0	1.0
7	4	430	17.774	0.425	9.387	0.495	1.0	1.0
7	4	424	17.581	0.502	9.484	0.508	1.0	1.0
7	4	418	17.387	0.495	9.548	0.506	1.0	1.0
7	4	412	17.097	0.301	9.387	0.495	1.0	1.0
7	4	406	17.0	0.0	9.548	0.506	1.0	1.0
7	4	400	16.968	0.18	9.581	0.502	1.0	1.0
7	4	394	16.871	0.341	9.677	0.475	1.0	1.0
7	4	388	16.71	0.461	9.71	0.461	1.0	1.0
7	4	382	16.258	0.445	9.677	0.475	1.0	1.0
7	4	376	16.129	0.341	9.871	0.341	1.0	1.0
7	4	370	16.0	0.0	9.806	0.402	1.0	1.0
7	4	364	16.0	0.0	9.903	0.301	1.0	1.0
7	4	358	15.774	0.425	9.935	0.25	1.0	1.0
7	4	352	15.548	0.506	9.935	0.25	1.0	1.0
7	4	346	15.161	0.374	9.968	0.18	1.0	1.0
7	4	340	15.0	0.0	9.968	0.18	1.0	1.0
7	4	334	15.0	0.0	10.0	0.0	1.0	1.0
7	4	328	14.839	0.374	10.0	0.0	1.0	1.0
7	4	322	14.323	0.475	9.968	0.18	1.0	1.0
7	4	316	14.097	0.301	10.0	0.0	1.0	1.0
7	4	310	14.0	0.0	10.0	0.0	1.0	1.0
7	4	304	13.935	0.25	10.0	0.0	1.0	1.0
7	4	298	13.677	0.475	10.0	0.0	1.0	1.0
7	4	292	13.161	0.374	10.0	0.0	1.0	1.0
7	4	286	13.129	0.341	10.0	0.0	1.0	1.0
7	4	280	12.968	0.18	10.0	0.0	1.0	1.0
7	4	274	12.71	0.461	10.0	0.0	1.0	1.0
7	4	268	12.323	0.475	10.0	0.0	1.0	1.0
7	4	262	12.065	0.25	10.0	0.0	1.0	1.0
7	4	256	11.935	0.25	10.0	0.0	1.0	1.0
7	4	250	11.806	0.402	10.0	0.0	1.0	1.0
7	4	244	11.29	0.461	10.0	0.0	1.0	1.0
7	4	238	11.032	0.18	10.0	0.0	1.0	1.0
7	4	232	10.968	0.18	10.0	0.0	1.0	1.0
7	4	226	10.71	0.461	10.0	0.0	1.0	1.0
7	4	220	10.129	0.341	10.032	0.18	1.0	1.0
7	4	214	10.0	0.0	10.0	0.0	1.0	1.0
7	4	208	9.839	0.374	10.194	0.402	1.0	1.0
7	4	202	9.355	0.486	10.452	0.506	1.0	1.0
7	4	196	9.0	0.0	10.484	0.508	1.0	1.0
7	4	190	9.0	0.0	10.742	0.445	1.0	1.0
7	4	184	8.774	0.425	10.935	0.25	1.0	1.0
7	4	178	8.258	0.445	11.0	0.0	1.0	1.0
7	4	172	8.0	0.0	11.0	0.0	1.0	1.0
7	4	166	7.871	0.341	11.0	0.0	1.0	1.0
7	4	160	7.323	0.475	11.0	0.0	1.0	1.0
7	4	154	7.0	0.0	11.032	0.18	1.0	1.0
7	4	148	7.0	0.0	11.323	0.475	1.0	1.0
7	4	142	6.71	0.461	11.613	0.495	1.0	1.0
7	4	136	6.0	0.0	12.0	0.0	1.0	1.0
7	4	130	6.0	0.0	12.0	0.0	1.0	1.0
7	4	124	5.613	0.495	12.065	0.359	1.0	1.0
7	4	118	5.129	0.341	12.645	0.486	1.0	1.0
7	4	112	5.0	0.0	12.968	0.18	1.0	1.0
7	4	106	4.742	0.445	13.097	0.301	1.0	1.0
7	4	100	4.0	0.0	13.774	0.425	1.0	1.0
7	4	77	3.032	0.18	16.387	0.615	1.0	1.0
7	4	74	2.903	0.301	17.0	0.632	1.0	1.0
7	4	71	2.419	0.72	17.71	0.693	1.0	1.0
7	4	68	1.548	0.675	18.839	0.898	1.0	1.0
7	4	65	1.129	0.428	20.484	1.691	1.0	1.0
7	4	62	1.0	0.0	22.258	1.612	1.0	1.0
7	4	59	0.742	0.445	24.043	1.665	0.742	0.742
7	4	56	0.129	0.341	25.5	2.517	0.129	0.129
7	4	53	0.0	0.0	nan	nan	0.0	0.0
7	4	50	0.0	0.0	nan	nan	0.0	0.0
7	4	47	0.0	0.0	nan	nan	0.0	0.0
7	4	44	0.0	0.0	nan	nan	0.0	0.0
8	4	454	23.226	0.425	12.226	0.425	1.0	1.0
8	4	448	23.129	0.428	12.29	0.461	1.0	1.0
8	4	442	23.032	0.18	12.129	0.341	1.0	1.0
8	4	436	22.871	0.341	12.097	0.301	1.0	1.0
8	4	430	22.774	0.425	12.226	0.425	1.0	1.0
8	4	424	22.516	0.508	12.226	0.425	1.0	1.0
8	4	418	22.194	0.402	12.258	0.445	1.0	1.0
8	4	412	22.032	0.18	12.226	0.425	1.0	1.0
8	4	406	21.968	0.18	12.258	0.445	1.0	1.0
8	4	400	21.871	0.341	12.419	0.502	1.0	1.0
8	4	394	21.516	0.508	12.484	0.508	1.0	1.0
8	4	388	21.161	0.374	12.419	0.502	1.0	1.0
8	4	382	20.968	0.18	12.387	0.495	1.0	1.0
8	4	376	20.903	0.301	12.516	0.508	1.0	1.0
8	4	370	20.774	0.425	12.452	0.506	1.0	1.0
8	4	364	20.419	0.502	12.742	0.445	1.0	1.0
8	4	358	20.032	0.18	12.613	0.495	1.0	1.0
8	4	352	20.0	0.258	12.71	0.461	1.0	1.0
8	4	346	19.903	0.301	12.742	0.445	1.0	1.0
8	4	340	19.323	0.475	12.806	0.402	1.0	1.0
8	4	334	19.097	0.301	12.839	0.374	1.0	1.0
8	4	328	18.968	0.18	12.903	0.301	1.0	1.0
8	4	322	18.742	0.445	12.871	0.341	1.0	1.0
8	4	316	18.226	0.425	13.0	0.0	1.0	1.0
8	4	310	17.935	0.25	12.935	0.25	1.0	1.0
8	4	304	17.774	0.425	12.968	0.18	1.0	1.0
8	4	298	17.419	0.502	13.0	0.0	1.0	1.0
8	4	292	17.065	0.25	13.0	0.0	1.0	1.0
8	4	286	17.032	0.18	13.0	0.0	1.0	1.0
8	4	280	16.774	0.425	13.0	0.0	1.0	1.0
8	4	274	16.387	0.495	13.0	0.0	1.0	1.0
8	4	268	16.032	0.18	13.0	0.0	1.0	1.0
8	4	262	15.774	0.425	13.0	0.0	1.0	1.0
8	4	256	15.387	0.495	13.0	0.0	1.0	1.0
8	4	250	15.032	0.18	13.0	0.0	1.0	1.0
8	4	244	14.871	0.341	13.0	0.0	1.0	1.0
8	4	238	14.419	0.502	13.0	0.0	1.0	1.0
8	4	232	14.0	0.0	13.0	0.0	1.0	1.0
8	4	226	13.839	0.374	13.0	0.0	1.0	1.0
8	4	220	13.161	0.374	13.032	0.18	1.0	1.0
8	4	214	13.0	0.0	13.032	0.18	1.0	1.0
8	4	208	12.806	0.402	13.29	0.461	1.0	1.0
8	4	202	12.355	0.486	13.581	0.502	1.0	1.0
8	4	196	12.0	0.0	13.548	0.506	1.0	1.0
8	4	190	11.645	0.486	13.871	0.341	1.0	1.0
8	4	184	11.097	0.301	14.0	0.0	1.0	1.0
8	4	178	10.935	0.25	13.968	0.18	1.0	1.0
8	4	172	10.71	0.461	13.968	0.18	1.0	1.0
8	4	166	10.065	0.25	14.0	0.0	1.0	1.0
8	4	160	9.871	0.341	14.032	0.18	1.0	1.0
8	4	154	9.323	0.541	14.129	0.428	1.0	1.0
8	4	148	9.032	0.18	14.645	0.486	1.0	1.0
8	4	142	8.548	0.506	14.839	0.374	1.0	1.0
8	4	136	8.0	0.0	14.871	0.341	1.0	1.0
8	4	130	7.742	0.445	15.032	0.18	1.0	1.0
8	4	124	7.097	0.301	15.516	0.508	1.0	1.0
8	4	118	6.968	0.18	15.839	0.374	1.0	1.0
8	4	112	6.161	0.374	16.097	0.301	1.0	1.0
8	4	106	6.0	0.0	16.645	0.486	1.0	1.0
8	4	100	5.645	0.486	17.097	0.396	1.0	1.0
8	4	77	2.935	0.25	21.258	1.032	1.0	1.0
8	4	74	2.677	0.475	21.968	0.948	1.0	1.0
8	4	71	2.323	0.475	23.452	1.091	1.0	1.0
8	4	68	2.032	0.18	24.645	1.253	1.0	1.0
8	4	65	2.0	0.0	25.968	1.56	1.0	1.0
8	4	62	1.931	0.258	28.71	2.493	0.935	1.0
8	4	59	0.833	0.834	31.5	2.176	0.548	0.581
8	4	56	0.065	0.25	34.5	0.707	0.065	0.065
8	4	53	0.0	0.0	nan	nan	0.0	0.0
8	4	50	0.0	0.0	nan	nan	0.0	0.0
8	4	47	0.0	0.0	nan	nan	0.0	0.0
8	4	44	0.0	0.0	nan	nan	0.0	0.0
9	4	454	15.032	0.18	9.065	0.25	1.0	1.0
9	4	448	15.032	0.18	9.032	0.18	1.0	1.0
9	4	442	15.0	0.0	9.032	0.18	1.0	1.0
9	4	436	14.903	0.301	9.065	0.25	1.0	1.0
9	4	430	14.677	0.475	9.129	0.341	1.0	1.0
9	4	424	14.581	0.502	9.065	0.25	1.0	1.0
9	4	418	14.29	0.461	9.032	0.18	1.0	1.0
9	4	412	14.032	0.18	9.323	0.475	1.0	1.0
9	4	406	14.0	0.0	9.129	0.341	1.0	1.0
9	4	400	14.0	0.0	9.065	0.25	1.0	1.0
9	4	394	13.968	0.18	9.387	0.495	1.0	1.0
9	4	388	13.806	0.402	9.387	0.495	1.0	1.0
9	4	382	13.774	0.425	9.419	0.502	1.0	1.0
9	4	376	13.226	0.425	9.516	0.508	1.0	1.0
9	4	370	13.129	0.341	9.484	0.508	1.0	1.0
9	4	364	13.0	0.0	9.677	0.475	1.0	1.0
9	4	358	13.0	0.0	9.581	0.502	1.0	1.0
9	4	352	12.968	0.18	9.774	0.425	1.0	1.0
9	4	346	12.871	0.341	9.839	0.374	1.0	1.0
9	4	340	12.419	0.502	9.774	0.425	1.0	1.0
9	4	334	12.129	0.341	9.903	0.301	1.0	1.0
9	4	328	12.0	0.0	10.0	0.0	1.0	1.0
9	4	322	12.0	0.0	9.935	0.25	1.0	1.0
9	4	316	12.0	0.0	9.968	0.18	1.0	1.0
9	4	310	11.806	0.402	9.935	0.25	1.0	1.0
9	4	304	11.484	0.508	10.0	0.0	1.0	1.0
9	4	298	11.129	0.341	10.0	0.0	1.0	1.0
9	4	292	11.0	0.0	9.968	0.18	1.0	1.0
9	4	286	11.0	0.0	9.968	0.18	1.0	1.0
9	4	280	10.935	0.25	10.0	0.0	1.0	1.0
9	4	274	10.484	0.508	10.0	0.0	1.0	1.0
9	4	268	10.065	0.25	10.0	0.0	1.0	1.0
9	4	262	10.032	0.18	10.0	0.0	1.0	1.0
9	4	256	10.0	0.0	10.0	0.0	1.0	1.0
9	4	250	10.0	0.0	10.0	0.0	1.0	1.0
9	4	244	9.484	0.508	10.0	0.0	1.0	1.0
9	4	238	9.097	0.301	10.0	0.0	1.0	1.0
9	4	232	9.0	0.0	10.0	0.0	1.0	1.0
9	4	226	8.968	0.18	10.0	0.0	1.0	1.0
9	4	220	8.871	0.341	10.0	0.0	1.0	1.0
9	4	214	8.258	0.445	10.0	0.0	1.0	1.0
9	4	208	8.032	0.18	10.0	0.0	1.0	1.0
9	4	202	8.0	0.0	10.0	0.0	1.0	1.0
9	4	196	8.0	0.0	10.0	0.0	1.0	1.0
9	4	190	7.742	0.445	10.129	0.341	1.0	1.0
9	4	184	7.226	0.425	10.419	0.502	1.0	1.0
9	4	178	7.0	0.0	10.839	0.374	1.0	1.0
9	4	172	7.0	0.0	10.935	0.25	1.0	1.0
9	4	166	6.871	0.341	11.0	0.0	1.0	1.0
9	4	160	6.032	0.18	11.0	0.0	1.0	1.0
9	4	154	6.0	0.0	11.0	0.0	1.0	1.0
9	4	148	6.0	0.0	11.0	0.0	1.0	1.0
9	4	142	5.71	0.461	11.032	0.18	1.0	1.0
9	4	136	5.065	0.25	11.613	0.495	1.0	1.0
9	4	130	5.0	0.0	11.871	0.341	1.0	1.0
9	4	124	5.0	0.0	12.0	0.0	1.0	1.0
9	4	118	4.677	0.475	12.0	0.0	1.0	1.0
9	4	112	4.032	0.18	12.71	0.461	1.0	1.0
9	4	106	4.0	0.0	12.968	0.18	1.0	1.0
9	4	100	3.968	0.18	13.194	0.402	1.0	1.0
9	4	77	2.903	0.301	15.839	0.454	1.0	1.0
9	4	74	2.452	0.506	16.548	0.568	1.0	1.0
9	4	71	2.129	0.428	17.194	0.543	1.0	1.0
9	4	68	1.645	0.486	17.903	0.746	1.0	1.0
9	4	65	1.129	0.341	19.194	0.873	1.0	1.0
9	4	62	1.0	0.0	21.226	1.927	0.968	1.0
9	4	59	0.929	0.262	23.655	1.818	0.839	0.935
9	4	56	0.067	0.254	24.0	2.646	0.065	0.097
9	4	53	0.0	0.0	nan	nan	0.0	0.0
9	4	50	0.0	0.0	nan	nan	0.0	0.0
9	4	47	0.0	0.0	nan	nan	0.0	0.0
9	4	44	0.0	0.0	nan	nan	0.0	0.0
10	4	454	15.161	0.374	9.0	0.0	1.0	1.0
10	4	448	15.0	0.0	9.0	0.0	1.0	1.0
10	4	442	15.0	0.0	9.0	0.0	1.0	1.0
10	4	436	15.0	0.0	9.0	0.0	1.0	1.0
10	4	430	15.0	0.0	9.0	0.0	1.0	1.0
10	4	424	14.871	0.341	9.0	0.0	1.0	1.0
10	4	418	14.742	0.445	9.0	0.0	1.0	1.0
10	4	412	14.355	0.486	9.0	0.0	1.0	1.0
10	4	406	14.065	0.25	9.0	0.0	1.0	1.0
10	4	400	14.0	0.0	9.0	0.0	1.0	1.0
10	4	394	14.0	0.0	9.0	0.0	1.0	1.0
10	4	388	14.0	0.0	9.0	0.0	1.0	1.0
10	4	382	13.839	0.374	9.0	0.0	1.0	1.0
10	4	376	13.548	0.506	9.0	0.0	1.0	1.0
10	4	370	13.355	0.486	9.0	0.0	1.0	1.0
10	4	364	13.194	0.402	9.0	0.0	1.0	1.0
10	4	358	13.0	0.0	9.0	0.0	1.0	1.0
10	4	352	13.0	0.0	9.0	0.0	1.0	1.0
10	4	346	12.968	0.18	9.0	0.0	1.0	1.0
10	4	340	12.71	0.461	9.0	0.0	1.0	1.0
10	4	334	12.258	0.445	9.0	0.0	1.0	1.0
10	4	328	12.065	0.25	9.0	0.0	1.0	1.0
10	4	322	12.0	0.0	9.0	0.0	1.0	1.0
10	4	316	12.0	0.0	9.0	0.0	1.0	1.0
10	4	310	11.935	0.25	9.0	0.0	1.0	1.0
10	4	304	11.548	0.506	9.0	0.0	1.0	1.0
10	4	298	11.129	0.341	9.0	0.0	1.0	1.0
10	4	292	11.0	0.0	9.0	0.0	1.0	1.0
10	4	286	11.0	0.0	9.0	0.0	1.0	1.0
10	4	280	10.968	0.18	9.0	0.0	1.0	1.0
10	4	274	10.677	0.475	9.032	0.18	1.0	1.0
10	4	268	10.065	0.25	9.323	0.475	1.0	1.0
10	4	262	10.0	0.0	9.355	0.486	1.0	1.0
10	4	256	10.0	0.0	9.516	0.508	1.0	1.0
10	4	250	9.968	0.18	9.742	0.445	1.0	1.0
10	4	244	9.645	0.486	9.806	0.402	1.0	1.0
10	4	238	9.032	0.18	10.0	0.0	1.0	1.0
10	4	232	9.0	0.0	10.0	0.0	1.0	1.0
10	4	226	8.968	0.18	10.0	0.0	1.0	1.0
10	4	220	8.71	0.461	10.0	0.0	1.0	1.0
10	4	214	8.258	0.445	10.0	0.0	1.0	1.0
10	4	208	8.0	0.0	10.0	0.0	1.0	1.0
10	4	202	8.0	0.0	10.0	0.0	1.0	1.0
10	4	196	7.968	0.18	10.0	0.0	1.0	1.0
10	4	190	7.258	0.445	10.0	0.0	1.0	1.0
10	4	184	7.0	0.0	10.0	0.0	1.0	1.0
10	4	178	7.0	0.0	10.0	0.0	1.0	1.0
10	4	172	7.0	0.0	10.0	0.0	1.0	1.0
10	4	166	6.452	0.506	10.097	0.301	1.0	1.0
10	4	160	6.0	0.0	10.613	0.495	1.0	1.0
10	4	154	6.0	0.0	10.935	0.25	1.0	1.0
10	4	148	5.935	0.25	11.0	0.0	1.0	1.0
10	4	142	5.323	0.475	11.0	0.0	1.0	1.0
10	4	136	5.0	0.0	11.0	0.0	1.0	1.0
10	4	130	5.0	0.0	11.129	0.341	1.0	1.0
10	4	124	5.0	0.0	11.387	0.495	1.0	1.0
10	4	118	4.161	0.374	11.968	0.18	1.0	1.0
10	4	112	4.0	0.0	12.0	0.0	1.0	1.0
10	4	106	4.0	0.0	12.194	0.402	1.0	1.0
10	4	100	3.806	0.402	12.871	0.341	1.0	1.0
10	4	77	2.387	0.495	15.484	0.508	1.0	1.0
10	4	74	1.968	0.18	16.097	0.597	1.0	1.0
10	4	71	2.0	0.0	16.613	0.615	1.0	1.0
10	4	68	1.935	0.25	17.387	0.803	1.0	1.0
10	4	65	1.258	0.445	18.839	1.157	1.0	1.0
10	4	62	1.032	0.18	21.0	1.807	1.0	1.0
10	4	59	0.292	0.464	23.286	1.069	0.226	0.452
10	4	56	0.0	0.0	nan	nan	0.0	0.0
10	4	53	0.0	0.0	nan	nan	0.0	0.0
10	4	50	0.0	0.0	nan	nan	0.0	0.0
10	4	47	0.0	0.0	nan	nan	0.0	0.0
10	4	44	0.0	0.0	nan	nan	0.0	0.0
11	4	454	17.0	0.0	9.839	0.374	1.0	1.0
11	4	448	16.935	0.25	9.968	0.18	1.0	1.0
11	4	442	16.806	0.402	9.968	0.18	1.0	1.0
11	4	436	16.548	0.506	9.968	0.18	1.0	1.0
11	4	430	16.161	0.374	9.968	0.18	1.0	1.0
11	4	424	16.0	0.0	10.0	0.0	1.0	1.0
11	4	418	16.0	0.0	9.968	0.18	1.0	1.0
11	4	412	15.968	0.18	9.968	0.18	1.0	1.0
11	4	406	15.903	0.301	10.0	0.0	1.0	1.0
11	4	400	15.516	0.508	10.0	0.0	1.0	1.0
11	4	394	15.258	0.445	10.0	0.0	1.0	1.0
11	4	388	15.032	0.18	10.0	0.0	1.0	1.0
11	4	382	15.0	0.0	10.0	0.0	1.0	1.0
11	4	376	15.0	0.0	10.0	0.0	1.0	1.0
11	4	370	14.903	0.301	10.0	0.0	1.0	1.0
11	4	364	14.677	0.475	10.0	0.0	1.0	1.0
11	4	358	14.258	0.445	10.0	0.0	1.0	1.0
11	4	352	14.065	0.25	10.0	0.0	1.0	1.0
11	4	346	14.032	0.18	10.0	0.0	1.0	1.0
11	4	340	14.0	0.0	10.0	0.0	1.0	1.0
11	4	334	14.0	0.0	10.0	0.0	1.0	1.0
11	4	328	13.677	0.475	10.0	0.0	1.0	1.0
11	4	322	13.258	0.445	10.0	0.0	1.0	1.0
11	4	316	13.032	0.18	10.0	0.0	1.0	1.0
11	4	310	13.0	0.0	10.0	0.0	1.0	1.0
11	4	304	13.0	0.0	10.0	0.0	1.0	1.0
11	4	298	12.742	0.445	10.0	0.0	1.0	1.0
11	4	292	12.452	0.506	10.0	0.0	1.0	1.0
11	4	286	12.0	0.0	10.0	0.0	1.0	1.0
11	4	280	11.968	0.18	10.0	0.0	1.0	1.0
11	4	274	11.774	0.425	10.0	0.0	1.0	1.0
11	4	268	11.516	0.508	10.0	0.0	1.0	1.0
11	4	262	11.065	0.25	10.0	0.0	1.0	1.0
11	4	256	11.032	0.18	10.0	0.0	1.0	1.0
11	4	250	10.935	0.25	10.0	0.0	1.0	1.0
11	4	244	10.677	0.475	10.0	0.0	1.0	1.0
11	4	238	10.129	0.341	10.0	0.0	1.0	1.0
11	4	232	10.0	0.0	10.0	0.0	1.0	1.0
11	4	226	10.0	0.0	10.032	0.18	1.0	1.0
11	4	220	9.645	0.486	10.097	0.301	1.0	1.0
11	4	214	9.29	0.461	10.129	0.341	1.0	1.0
11	4	208	9.032	0.18	10.323	0.475	1.0	1.0
11	4	202	9.0	0.0	10.645	0.486	1.0	1.0
11	4	196	8.613	0.495	10.871	0.341	1.0	1.0
11	4	190	8.323	0.475	10.935	0.25	1.0	1.0
11	4	184	8.0	0.0	11.0	0.0	1.0	1.0
11	4	178	7.968	0.18	11.0	0.0	1.0	1.0
11	4	172	7.323	0.475	11.0	0.0	1.0	1.0
11	4	166	7.065	0.25	11.0	0.0	1.0	1.0
11	4	160	7.0	0.0	11.0	0.0	1.0	1.0
11	4	154	6.903	0.301	11.032	0.18	1.0	1.0
11	4	148	6.323	0.475	11.419	0.502	1.0	1.0
11	4	142	6.032	0.18	11.903	0.301	1.0	1.0
11	4	136	6.0	0.0	12.0	0.0	1.0	1.0
11	4	130	5.645	0.486	12.0	0.0	1.0	1.0
11	4	124	5.065	0.25	12.065	0.25	1.0	1.0
11	4	118	5.0	0.0	12.613	0.495	1.0	1.0
11	4	112	4.903	0.301	12.968	0.18	1.0	1.0
11	4	106	4.194	0.402	13.226	0.425	1.0	1.0
11	4	100	4.0	0.0	13.806	0.402	1.0	1.0
11	4	77	2.968	0.18	16.516	0.57	1.0	1.0
11	4	74	2.71	0.529	17.323	0.541	1.0	1.0
11	4	71	2.226	0.762	18.161	0.735	1.0	1.0
11	4	68	1.258	0.445	19.194	0.873	1.0	1.0
11	4	65	1.032	0.18	20.806	1.327	1.0	1.0
11	4	62	0.935	0.25	22.793	1.497	0.935	0.935
11	4	59	0.516	0.508	24.5	1.673	0.516	0.516
11	4	56	0.065	0.25	23.0	1.414	0.065	0.065
11	4	53	0.0	0.0	nan	nan	0.0	0.0
11	4	50	0.0	0.0	nan	nan	0.0	0.0
11	4	47	0.0	0.0	nan	nan	0.0	0.0
11	4	44	0.0	0.0	nan	nan	0.0	0.0
12	4	454	17.0	0.0	9.0	0.0	1.0	1.0
12	4	448	17.0	0.0	9.0	0.0	1.0	1.0
12	4	442	16.968	0.18	9.0	0.0	1.0	1.0
12	4	436	16.903	0.301	9.0	0.0	1.0	1.0
12	4	430	16.742	0.445	9.0	0.0	1.0	1.0
12	4	424	16.677	0.475	9.0	0.0	1.0	1.0
12	4	418	16.226	0.425	9.0	0.0	1.0	1.0
12	4	412	16.065	0.25	9.0	0.0	1.0	1.0
12	4	406	16.032	0.18	9.0	0.0	1.0	1.0
12	4	400	16.0	0.0	9.0	0.0	1.0	1.0
12	4	394	15.935	0.25	9.0	0.0	1.0	1.0
12	4	388	15.903	0.301	9.0	0.0	1.0	1.0
12	4	382	15.516	0.508	9.0	0.0	1.0	1.0
12	4	376	15.129	0.341	9.0	0.0	1.0	1.0
12	4	370	15.161	0.374	9.0	0.0	1.0	1.0
12	4	364	15.0	0.0	9.065	0.25	1.0	1.0
12	4	358	15.0	0.0	9.097	0.301	1.0	1.0
12	4	352	14.903	0.301	9.0	0.0	1.0	1.0
12	4	346	14.677	0.475	9.032	0.18	1.0	1.0
12	4	340	14.323	0.475	9.032	0.18	1.0	1.0
12	4	334	14.065	0.25	9.194	0.402	1.0	1.0
12	4	328	14.0	0.0	9.194	0.402	1.0	1.0
12	4	322	14.0	0.0	9.387	0.495	1.0	1.0
12	4	316	13.806	0.402	9.516	0.508	1.0	1.0
12	4	310	13.387	0.495	9.71	0.461	1.0	1.0
12	4	304	13.032	0.18	9.806	0.402	1.0	1.0
12	4	298	13.0	0.0	9.935	0.25	1.0	1.0
12	4	292	12.968	0.18	9.968	0.18	1.0	1.0
12	4	286	12.839	0.374	10.0	0.0	1.0	1.0
12	4	280	12.452	0.506	9.968	0.18	1.0	1.0
12	4	274	12.032	0.18	10.0	0.0	1.0	1.0
12	4	268	11.968	0.18	10.0	0.0	1.0	1.0
12	4	262	11.968	0.18	10.0	0.0	1.0	1.0
12	4	256	11.774	0.425	10.0	0.0	1.0	1.0
12	4	250	11.097	0.301	10.0	0.0	1.0	1.0
12	4	244	11.0	0.0	10.0	0.0	1.0	1.0
12	4	238	11.0	0.0	10.0	0.0	1.0	1.0
12	4	232	10.742	0.445	10.0	0.0	1.0	1.0
12	4	226	10.323	0.475	10.0	0.0	1.0	1.0
12	4	220	10.032	0.18	10.0	0.0	1.0	1.0
12	4	214	10.0	0.0	10.0	0.0	1.0	1.0
12	4	208	9.935	0.25	10.0	0.0	1.0	1.0
12	4	202	9.323	0.475	10.0	0.0	1.0	1.0
12	4	196	9.032	0.18	10.032	0.18	1.0	1.0
12	4	190	9.0	0.0	10.29	0.461	1.0	1.0
12	4	184	8.935	0.25	10.484	0.508	1.0	1.0
12	4	178	8.194	0.402	10.806	0.402	1.0	1.0
12	4	172	8.032	0.18	10.903	0.301	1.0	1.0
12	4	166	8.0	0.0	11.0	0.0	1.0	1.0
12	4	160	7.677	0.475	11.0	0.0	1.0	1.0
12	4	154	7.065	0.25	11.0	0.0	1.0	1.0
12	4	148	7.0	0.0	11.065	0.25	1.0	1.0
12	4	142	6.935	0.25	11.258	0.445	1.0	1.0
12	4	136	6.194	0.402	11.774	0.425	1.0	1.0
12	4	130	6.0	0.0	11.968	0.18	1.0	1.0
12	4	124	6.0	0.0	12.0	0.0	1.0	1.0
12	4	118	5.581	0.502	12.323	0.475	1.0	1.0
12	4	112	5.065	0.25	12.935	0.25	1.0	1.0
12	4	106	5.0	0.0	13.032	0.18	1.0	1.0
12	4	100	4.968	0.18	13.677	0.475	1.0	1.0
12	4	77	3.516	0.57	16.903	0.651	1.0	1.0
12	4	74	2.871	0.562	17.516	0.677	1.0	1.0
12	4	71	2.419	0.502	18.419	0.672	1.0	1.0
12	4	68	2.097	0.301	19.323	0.945	1.0	1.0
12	4	65	2.0	0.0	21.387	0.882	1.0	1.0
12	4	62	2.0	0.0	23.613	1.687	1.0	1.0
12	4	59	1.733	0.521	27.3	2.926	0.935	0.968
12	4	56	0.85	0.671	33.52	3.721	0.452	0.806
12	4	53	0.0	0.0	nan	nan	0.0	0.0
12	4	50	0.0	0.0	nan	nan	0.0	0.0
12	4	47	0.0	0.0	nan	nan	0.0	0.0
12	4	44	0.0	0.0	nan	nan	0.0	0.0
13	4	454	14.968	0.18	9.097	0.301	1.0	1.0
13	4	448	14.806	0.402	9.097	0.301	1.0	1.0
13	4	442	14.581	0.502	9.065	0.25	1.0	1.0
13	4	436	14.387	0.495	9.161	0.374	1.0	1.0
13	4	430	14.129	0.341	9.323	0.475	1.0	1.0
13	4	424	14.032	0.18	9.129	0.341	1.0	1.0
13	4	418	14.0	0.0	9.161	0.374	1.0	1.0
13	4	412	14.0	0.0	9.29	0.461	1.0	1.0
13	4	406	14.0	0.0	9.387	0.495	1.0	1.0
13	4	400	13.935	0.25	9.419	0.502	1.0	1.0
13	4	394	13.677	0.475	9.419	0.502	1.0	1.0
13	4	388	13.258	0.445	9.452	0.506	1.0	1.0
13	4	382	13.129	0.341	9.548	0.506	1.0	1.0
13	4	376	13.0	0.0	9.645	0.486	1.0	1.0
13	4	370	13.032	0.18	9.839	0.374	1.0	1.0
13	4	364	13.0	0.0	9.806	0.402	1.0	1.0
13	4	358	13.0	0.0	9.774	0.425	1.0	1.0
13	4	352	12.71	0.461	9.871	0.341	1.0	1.0
13	4	346	12.226	0.425	9.903	0.301	1.0	1.0
13	4	340	12.161	0.374	9.968	0.18	1.0	1.0
13	4	334	12.0	0.0	9.968	0.18	1.0	1.0
13	4	328	12.0	0.0	10.0	0.0	1.0	1.0
13	4	322	12.0	0.0	10.0	0.0	1.0	1.0
13	4	316	11.742	0.445	10.0	0.0	1.0	1.0
13	4	310	11.323	0.475	10.0	0.0	1.0	1.0
13	4	304	11.0	0.0	10.0	0.0	1.0	1.0
13	4	298	11.0	0.0	10.0	0.0	1.0	1.0
13	4	292	11.0	0.0	10.0	0.0	1.0	1.0
13	4	286	10.935	0.25	10.0	0.0	1.0	1.0
13	4	280	10.387	0.495	10.0	0.0	1.0	1.0
13	4	274	10.226	0.425	10.0	0.0	1.0	1.0
13	4	268	10.0	0.0	10.0	0.0	1.0	1.0
13	4	262	10.0	0.0	10.0	0.0	1.0	1.0
13	4	256	10.0	0.0	10.0	0.0	1.0	1.0
13	4	250	9.613	0.495	10.0	0.0	1.0	1.0
13	4	244	9.194	0.402	10.0	0.0	1.0	1.0
13	4	238	9.032	0.18	10.0	0.0	1.0	1.0
13	4	232	9.0	0.0	10.0	0.0	1.0	1.0
13	4	226	8.968	0.18	10.0	0.0	1.0	1.0
13	4	220	8.742	0.445	10.0	0.0	1.0	1.0
13	4	214	8.097	0.301	10.0	0.0	1.0	1.0
13	4	208	8.0	0.0	10.032	0.18	1.0	1.0
13	4	202	8.0	0.0	10.161	0.374	1.0	1.0
13	4	196	8.0	0.0	10.355	0.486	1.0	1.0
13	4	190	7.484	0.508	10.613	0.495	1.0	1.0
13	4	184	7.032	0.18	10.935	0.25	1.0	1.0
13	4	178	7.0	0.0	10.968	0.18	1.0	1.0
13	4	172	7.0	0.0	11.0	0.0	1.0	1.0
13	4	166	6.516	0.508	11.0	0.0	1.0	1.0
13	4	160	6.097	0.301	11.0	0.0	1.0	1.0
13	4	154	6.0	0.0	11.0	0.0	1.0	1.0
13	4	148	6.0	0.0	11.161	0.374	1.0	1.0
13	4	142	5.613	0.495	11.613	0.495	1.0	1.0
13	4	136	5.161	0.374	11.903	0.301	1.0	1.0
13	4	130	5.0	0.0	12.0	0.0	1.0	1.0
13	4	124	4.903	0.301	12.032	0.18	1.0	1.0
13	4	118	4.613	0.495	12.516	0.508	1.0	1.0
13	4	112	4.065	0.25	12.968	0.18	1.0	1.0
13	4	106	4.0	0.0	13.097	0.301	1.0	1.0
13	4	100	4.0	0.0	13.806	0.402	1.0	1.0
13	4	77	3.0	0.0	16.581	0.502	1.0	1.0
13	4	74	2.774	0.425	17.258	0.575	1.0	1.0
13	4	71	1.935	0.727	18.0	0.683	1.0	1.0
13	4	68	1.226	0.425	19.065	0.892	1.0	1.0
13	4	65	1.0	0.0	20.742	1.316	1.0	1.0
13	4	62	0.935	0.25	23.103	1.839	0.935	0.935
13	4	59	0.833	0.379	24.962	1.509	0.806	0.839
13	4	56	0.065	0.25	29.0	4.243	0.065	0.065
13	4	53	0.0	0.0	nan	nan	0.0	0.0
13	4	50	0.0	0.0	nan	nan	0.0	0.0
13	4	47	0.0	0.0	nan	nan	0.0	0.0
13	4	44	0.0	0.0	nan	nan	0.0	0.0
14	4	454	15.968	0.18	9.0	0.0	1.0	1.0
14	4	448	16.0	0.0	9.0	0.0	1.0	1.0
14	4	442	15.903	0.301	9.0	0.0	1.0	1.0
14	4	436	15.774	0.425	9.0	0.0	1.0	1.0
14	4	430	15.387	0.495	9.0	0.0	1.0	1.0
14	4	424	15.097	0.301	9.0	0.0	1.0	1.0
14	4	418	15.0	0.0	9.0	0.0	1.0	1.0
14	4	412	15.0	0.0	9.0	0.0	1.0	1.0
14	4	406	15.0	0.0	9.0	0.0	1.0	1.0
14	4	400	14.935	0.25	9.0	0.0	1.0	1.0
14	4	394	14.71	0.461	9.0	0.0	1.0	1.0
14	4	388	14.516	0.508	9.0	0.0	1.0	1.0
14	4	382	14.194	0.402	9.0	0.0	1.0	1.0
14	4	376	14.032	0.18	9.097	0.301	1.0	1.0
14	4	370	14.0	0.0	9.065	0.25	1.0	1.0
14	4	364	14.0	0.0	9.097	0.301	1.0	1.0
14	4	358	13.968	0.18	9.097	0.301	1.0	1.0
14	4	352	13.71	0.461	9.065	0.25	1.0	1.0
14	4	346	13.323	0.475	9.258	0.445	1.0	1.0
14	4	340	13.0	0.0	9.194	0.402	1.0	1.0
14	4	334	13.0	0.0	9.355	0.486	1.0	1.0
14	4	328	13.0	0.0	9.484	0.508	1.0	1.0
14	4	322	13.0	0.0	9.742	0.445	1.0	1.0
14	4	316	12.774	0.425	9.71	0.461	1.0	1.0
14	4	310	12.419	0.502	9.839	0.374	1.0	1.0
14	4	304	12.129	0.341	9.935	0.25	1.0	1.0
14	4	298	12.0	0.0	9.968	0.18	1.0	1.0
14	4	292	11.968	0.18	10.0	0.0	1.0	1.0
14	4	286	11.871	0.341	10.0	0.0	1.0	1.0
14	4	280	11.484	0.508	10.0	0.0	1.0	1.0
14	4	274	11.129	0.341	10.0	0.0	1.0	1.0
14	4	268	11.0	0.0	10.0	0.0	1.0	1.0
14	4	262	11.0	0.0	10.0	0.0	1.0	1.0
14	4	256	10.903	0.301	10.0	0.0	1.0	1.0
14	4	250	10.323	0.475	10.0	0.0	1.0	1.0
14	4	244	10.032	0.18	10.0	0.0	1.0	1.0
14	4	238	10.0	0.0	10.0	0.0	1.0	1.0
14	4	232	10.0	0.0	10.0	0.0	1.0	1.0
14	4	226	9.742	0.445	10.0	0.0	1.0	1.0
14	4	220	9.29	0.461	10.0	0.0	1.0	1.0
14	4	214	9.0	0.0	10.0	0.0	1.0	1.0
14	4	208	8.968	0.18	10.0	0.0	1.0	1.0
14	4	202	8.968	0.18	10.065	0.25	1.0	1.0
14	4	196	8.258	0.445	10.0	0.0	1.0	1.0
14	4	190	8.0	0.0	10.097	0.301	1.0	1.0
14	4	184	8.0	0.0	10.355	0.486	1.0	1.0
14	4	178	8.0	0.0	10.71	0.461	1.0	1.0
14	4	172	7.484	0.508	11.0	0.0	1.0	1.0
14	4	166	7.0	0.0	11.0	0.0	1.0	1.0
14	4	160	7.0	0.0	11.0	0.0	1.0	1.0
14	4	154	7.0	0.0	11.0	0.0	1.0	1.0
14	4	148	6.161	0.374	11.0	0.0	1.0	1.0
14	4	142	6.0	0.0	11.387	0.495	1.0	1.0
14	4	136	6.0	0.0	11.871	0.341	1.0	1.0
14	4	130	5.839	0.374	12.0	0.0	1.0	1.0
14	4	124	5.194	0.402	12.0	0.0	1.0	1.0
14	4	118	5.0	0.0	12.097	0.301	1.0	1.0
14	4	112	5.0	0.0	12.839	0.374	1.0	1.0
14	4	106	4.774	0.425	13.032	0.18	1.0	1.0
14	4	100	4.065	0.25	13.419	0.502	1.0	1.0
14	4	77	3.032	0.18	16.452	0.568	1.0	1.0
14	4	74	2.968	0.18	17.226	0.497	1.0	1.0
14	4	71	2.677	0.475	17.935	0.68	1.0	1.0
14	4	68	2.097	0.396	19.194	0.946	1.0	1.0
14	4	65	1.871	0.341	20.774	1.175	1.0	1.0
14	4	62	1.484	0.508	22.742	1.125	1.0	1.0
14	4	59	1.0	0.0	26.613	2.404	1.0	1.0
14	4	56	0.567	0.504	30.111	3.513	0.548	0.581
14	4	53	0.0	0.0	35.5	0.707	0.0	0.065
14	4	50	0.0	0.0	nan	nan	0.0	0.0
14	4	47	0.0	0.0	nan	nan	0.0	0.0
14	4	44	0.0	0.0	nan	nan	0.0	0.0
15	4	454	15.548	0.506	8.323	0.475	1.0	1.0
15	4	448	15.516	0.508	8.29	0.461	1.0	1.0
15	4	442	15.355	0.486	8.452	0.506	1.0	1.0
15	4	436	15.129	0.341	8.548	0.506	1.0	1.0
15	4	430	15.032	0.18	8.355	0.486	1.0	1.0
15	4	424	15.0	0.0	8.516	0.508	1.0	1.0
15	4	418	15.0	0.0	8.742	0.445	1.0	1.0
15	4	412	14.968	0.18	8.645	0.486	1.0	1.0
15	4	406	14.871	0.341	8.677	0.475	1.0	1.0
15	4	400	14.387	0.495	8.871	0.341	1.0	1.0
15	4	394	14.226	0.425	8.806	0.402	1.0	1.0
15	4	388	14.032	0.18	8.806	0.402	1.0	1.0
15	4	382	14.0	0.0	8.871	0.341	1.0	1.0
15	4	376	14.0	0.0	8.968	0.18	1.0	1.0
15	4	370	13.968	0.18	9.0	0.0	1.0	1.0
15	4	364	13.742	0.445	9.0	0.0	1.0	1.0
15	4	358	13.581	0.502	8.968	0.18	1.0	1.0
15	4	352	13.194	0.402	9.0	0.0	1.0	1.0
15	4	346	13.032	0.18	9.0	0.0	1.0	1.0
15	4	340	13.0	0.0	9.0	0.0	1.0	1.0
15	4	334	12.968	0.18	9.0	0.0	1.0	1.0
15	4	328	12.935	0.25	9.0	0.0	1.0	1.0
15	4	322	12.774	0.425	9.0	0.0	1.0	1.0
15	4	316	12.419	0.502	9.0	0.0	1.0	1.0
15	4	310	12.065	0.25	9.0	0.0	1.0	1.0
15	4	304	12.0	0.0	9.0	0.0	1.0	1.0
15	4	298	12.0	0.0	9.0	0.0	1.0	1.0
15	4	292	11.871	0.341	9.0	0.0	1.0	1.0
15	4	286	11.581	0.502	9.0	0.0	1.0	1.0
15	4	280	11.097	0.301	9.0	0.0	1.0	1.0
15	4	274	11.0	0.0	9.0	0.0	1.0	1.0
15	4	268	11.0	0.0	9.0	0.0	1.0	1.0
15	4	262	10.742	0.445	9.0	0.0	1.0	1.0
15	4	256	10.516	0.508	9.0	0.0	1.0	1.0
15	4	250	10.065	0.25	9.0	0.0	1.0	1.0
15	4	244	10.0	0.0	9.0	0.0	1.0	1.0
15	4	238	10.0	0.0	9.0	0.0	1.0	1.0
15	4	232	9.839	0.374	9.0	0.0	1.0	1.0
15	4	226	9.097	0.301	9.0	0.0	1.0	1.0
15	4	220	9.032	0.18	9.0	0.0	1.0	1.0
15	4	214	9.0	0.0	9.032	0.18	1.0	1.0
15	4	208	8.903	0.301	9.226	0.425	1.0	1.0
15	4	202	8.419	0.502	9.484	0.508	1.0	1.0
15	4	196	8.0	0.0	9.839	0.374	1.0	1.0
15	4	190	8.0	0.0	9.935	0.25	1.0	1.0
15	4	184	7.968	0.18	10.0	0.0	1.0	1.0
15	4	178	7.613	0.495	10.0	0.0	1.0	1.0
15	4	172	7.032	0.18	10.0	0.0	1.0	1.0
15	4	166	7.0	0.0	10.0	0.0	1.0	1.0
15	4	160	6.968	0.18	10.0	0.0	1.0	1.0
15	4	154	6.581	0.502	10.0	0.0	1.0	1.0
15	4	148	6.032	0.18	10.097	0.301	1.0	1.0
15	4	142	6.0	0.0	10.645	0.486	1.0	1.0
15	4	136	5.968	0.18	10.968	0.18	1.0	1.0
15	4	130	5.677	0.475	11.0	0.0	1.0	1.0
15	4	124	5.0	0.0	11.032	0.18	1.0	1.0
15	4	118	5.0	0.0	11.484	0.508	1.0	1.0
15	4	112	5.0	0.0	11.968	0.18	1.0	1.0
15	4	106	4.323	0.475	12.065	0.25	1.0	1.0
15	4	100	4.0	0.0	12.839	0.374	1.0	1.0
15	4	77	3.0	0.0	15.581	0.502	1.0	1.0
15	4	74	3.0	0.0	16.226	0.425	1.0	1.0
15	4	71	3.0	0.0	16.935	0.512	1.0	1.0
15	4	68	2.581	0.502	18.194	0.833	1.0	1.0
15	4	65	1.613	0.715	19.355	1.199	1.0	1.0
15	4	62	1.161	0.374	21.871	1.648	1.0	1.0
15	4	59	0.968	0.18	24.867	2.921	0.968	0.968
15	4	56	0.143	0.356	30.286	4.923	0.129	0.226
15	4	53	0.0	0.0	nan	nan	0.0	0.0
15	4	50	0.0	0.0	nan	nan	0.0	0.0
15	4	47	0.0	0.0	nan	nan	0.0	0.0
15	4	44	0.0	0.0	nan	nan	0.0	0.0
16	4	454	22.968	0.315	10.0	0.0	1.0	1.0
16	4	448	22.71	0.461	10.0	0.0	1.0	1.0
16	4	442	22.548	0.506	9.968	0.18	1.0	1.0
16	4	436	22.194	0.402	10.0	0.0	1.0	1.0
16	4	430	22.032	0.18	10.0	0.0	1.0	1.0
16	4	424	22.0	0.0	10.0	0.0	1.0	1.0
16	4	418	21.839	0.374	10.0	0.0	1.0	1.0
16	4	412	21.484	0.508	10.0	0.0	1.0	1.0
16	4	406	21.226	0.425	10.0	0.0	1.0	1.0
16	4	400	21.065	0.25	10.0	0.0	1.0	1.0
16	4	394	20.871	0.341	10.0	0.0	1.0	1.0
16	4	388	20.806	0.402	10.0	0.0	1.0	1.0
16	4	382	20.516	0.508	10.0	0.0	1.0	1.0
16	4	376	20.194	0.402	10.0	0.0	1.0	1.0
16	4	370	20.032	0.18	10.0	0.0	1.0	1.0
16	4	364	19.968	0.18	10.0	0.0	1.0	1.0
16	4	358	19.677	0.475	10.0	0.0	1.0	1.0
16	4	352	19.258	0.445	10.0	0.0	1.0	1.0
16	4	346	19.097	0.301	10.0	0.0	1.0	1.0
16	4	340	18.871	0.341	10.0	0.0	1.0	1.0
16	4	334	18.806	0.402	10.0	0.0	1.0	1.0
16	4	328	18.226	0.425	10.0	0.0	1.0	1.0
16	4	322	18.065	0.25	10.0	0.0	1.0	1.0
16	4	316	17.903	0.301	10.0	0.0	1.0	1.0
16	4	310	17.581	0.502	10.0	0.0	1.0	1.0
16	4	304	17.355	0.486	10.0	0.0	1.0	1.0
16	4	298	17.032	0.18	10.0	0.0	1.0	1.0
16	4	292	17.0	0.0	10.0	0.0	1.0	1.0
16	4	286	16.516	0.508	10.0	0.0	1.0	1.0
16	4	280	16.194	0.402	10.0	0.0	1.0	1.0
16	4	274	16.0	0.258	10.0	0.0	1.0	1.0
16	4	268	15.774	0.425	10.0	0.0	1.0	1.0
16	4	262	15.161	0.374	10.0	0.0	1.0	1.0
16	4	256	15.0	0.0	10.065	0.25	1.0	1.0
16	4	250	14.806	0.402	10.0	0.0	1.0	1.0
16	4	244	14.419	0.502	10.129	0.341	1.0	1.0
16	4	238	14.0	0.0	10.097	0.301	1.0	1.0
16	4	232	13.806	0.402	10.226	0.425	1.0	1.0
16	4	226	13.226	0.425	10.516	0.508	1.0	1.0
16	4	220	12.935	0.25	10.645	0.486	1.0	1.0
16	4	214	12.903	0.301	10.839	0.374	1.0	1.0
16	4	208	12.161	0.374	10.968	0.18	1.0	1.0
16	4	202	11.968	0.18	11.0	0.0	1.0	1.0
16	4	196	11.581	0.502	11.0	0.0	1.0	1.0
16	4	190	11.194	0.402	11.0	0.0	1.0	1.0
16	4	184	10.968	0.18	11.0	0.0	1.0	1.0
16	4	178	10.645	0.486	11.0	0.0	1.0	1.0
16	4	172	10.032	0.18	11.0	0.0	1.0	1.0
16	4	166	9.871	0.341	11.194	0.402	1.0	1.0
16	4	160	9.29	0.461	11.29	0.461	1.0	1.0
16	4	154	9.0	0.0	11.903	0.301	1.0	1.0
16	4	148	8.774	0.425	11.968	0.18	1.0	1.0
16	4	142	8.097	0.396	12.0	0.0	1.0	1.0
16	4	136	7.839	0.374	12.129	0.341	1.0	1.0
16	4	130	7.323	0.475	12.516	0.508	1.0	1.0
16	4	124	7.0	0.0	12.871	0.341	1.0	1.0
16	4	118	6.71	0.461	13.0	0.258	1.0	1.0
16	4	112	6.032	0.18	13.452	0.506	1.0	1.0
16	4	106	5.935	0.25	13.774	0.497	1.0	1.0
16	4	100	5.258	0.445	14.323	0.475	1.0	1.0
16	4	77	3.935	0.25	17.548	0.568	1.0	1.0
16	4	74	2.935	0.727	18.516	0.811	1.0	1.0
16	4	71	2.097	0.301	19.581	1.025	1.0	1.0
16	4	68	2.032	0.18	21.0	1.291	1.0	1.0
16	4	65	1.903	0.301	22.581	1.523	1.0	1.0
16	4	62	1.548	0.506	24.29	1.616	1.0	1.0
16	4	59	1.367	0.556	26.933	3.016	0.935	0.968
16	4	56	0.733	0.64	30.35	3.15	0.613	0.645
16	4	53	0.0	0.0	nan	nan	0.0	0.0
16	4	50	0.0	0.0	nan	nan	0.0	0.0
16	4	47	0.0	0.0	nan	nan	0.0	0.0
16	4	44	0.0	0.0	nan	nan	0.0	0.0
17	4	454	17.258	0.445	9.0	0.0	1.0	1.0
17	4	448	17.097	0.301	9.0	0.0	1.0	1.0
17	4	442	17.0	0.0	9.0	0.0	1.0	1.0
17	4	436	17.0	0.0	9.0	0.0	1.0	1.0
17	4	430	16.935	0.25	9.0	0.0	1.0	1.0
17	4	424	16.839	0.374	9.0	0.0	1.0	1.0
17	4	418	16.71	0.461	9.0	0.0	1.0	1.0
17	4	412	16.194	0.402	9.0	0.0	1.0	1.0
17	4	406	16.258	0.445	9.0	0.0	1.0	1.0
17	4	400	16.0	0.0	9.0	0.0	1.0	1.0
17	4	394	15.968	0.18	9.0	0.0	1.0	1.0
17	4	388	15.968	0.315	9.0	0.0	1.0	1.0
17	4	382	15.935	0.25	9.0	0.0	1.0	1.0
17	4	376	15.613	0.495	9.0	0.0	1.0	1.0
17	4	370	15.258	0.445	9.0	0.0	1.0	1.0
17	4	364	15.097	0.301	9.065	0.25	1.0	1.0
17	4	358	15.0	0.0	9.065	0.25	1.0	1.0
17	4	352	14.968	0.18	9.0	0.0	1.0	1.0
17	4	346	14.806	0.402	9.097	0.301	1.0	1.0
17	4	340	14.516	0.508	9.161	0.374	1.0	1.0
17	4	334	14.065	0.25	9.097	0.301	1.0	1.0
17	4	328	14.0	0.0	9.387	0.495	1.0	1.0
17	4	322	14.0	0.0	9.419	0.502	1.0	1.0
17	4	316	13.935	0.25	9.677	0.475	1.0	1.0
17	4	310	13.806	0.402	9.774	0.425	1.0	1.0
17	4	304	13.258	0.445	9.774	0.425	1.0	1.0
17	4	298	13.032	0.18	9.935	0.25	1.0	1.0
17	4	292	13.0	0.0	10.0	0.0	1.0	1.0
17	4	286	12.968	0.18	9.935	0.25	1.0	1.0
17	4	280	12.581	0.502	10.0	0.0	1.0	1.0
17	4	274	12.258	0.445	10.0	0.0	1.0	1.0
17	4	268	12.032	0.18	10.0	0.0	1.0	1.0
17	4	262	12.0	0.0	10.0	0.0	1.0	1.0
17	4	256	11.806	0.402	10.0	0.0	1.0	1.0
17	4	250	11.323	0.475	10.0	0.0	1.0	1.0
17	4	244	11.097	0.301	10.0	0.0	1.0	1.0
17	4	238	11.0	0.0	10.0	0.0	1.0	1.0
17	4	232	10.871	0.341	10.0	0.0	1.0	1.0
17	4	226	10.419	0.502	10.0	0.0	1.0	1.0
17	4	220	10.032	0.18	10.0	0.0	1.0	1.0
17	4	214	10.0	0.0	10.032	0.18	1.0	1.0
17	4	208	9.742	0.445	10.0	0.0	1.0	1.0
17	4	202	9.258	0.445	10.0	0.0	1.0	1.0
17	4	196	9.032	0.18	10.0	0.0	1.0	1.0
17	4	190	9.0	0.0	10.129	0.341	1.0	1.0
17	4	184	8.742	0.445	10.419	0.502	1.0	1.0
17	4	178	8.097	0.301	10.71	0.461	1.0	1.0
17	4	172	8.032	0.18	10.935	0.25	1.0	1.0
17	4	166	7.968	0.18	10.968	0.18	1.0	1.0
17	4	160	7.258	0.445	11.0	0.0	1.0	1.0
17	4	154	7.0	0.0	11.0	0.0	1.0	1.0
17	4	148	7.0	0.0	11.0	0.0	1.0	1.0
17	4	142	6.71	0.461	11.323	0.475	1.0	1.0
17	4	136	6.097	0.301	11.742	0.445	1.0	1.0
17	4	130	6.0	0.0	11.968	0.18	1.0	1.0
17	4	124	5.839	0.374	12.0	0.0	1.0	1.0
17	4	118	5.226	0.425	12.419	0.502	1.0	1.0
17	4	112	5.0	0.0	12.839	0.374	1.0	1.0
17	4	106	4.968	0.18	13.065	0.25	1.0	1.0
17	4	100	4.323	0.475	13.677	0.475	1.0	1.0
17	4	77	3.0	0.0	16.839	0.638	1.0	1.0
17	4	74	2.871	0.428	17.548	0.675	1.0	1.0
17	4	71	2.548	0.506	18.355	0.877	1.0	1.0
17	4	68	1.613	0.615	19.839	0.898	1.0	1.0
17	4	65	1.452	0.506	21.742	1.264	1.0	1.0
17	4	62	1.065	0.25	23.774	1.875	1.0	1.0
17	4	59	0.806	0.402	25.96	2.169	0.806	0.806
17	4	56	0.194	0.402	27.167	1.941	0.194	0.194
17	4	53	0.0	0.0	nan	nan	0.0	0.0
17	4	50	0.0	0.0	nan	nan	0.0	0.0
17	4	47	0.0	0.0	nan	nan	0.0	0.0
17	4	44	0.0	0.0	nan	nan	0.0	0.0
18	4	454	19.032	0.18	10.0	0.0	1.0	1.0
18	4	448	18.968	0.18	9.871	0.341	1.0	1.0
18	4	442	18.935	0.25	9.968	0.18	1.0	1.0
18	4	436	18.806	0.402	10.0	0.0	1.0	1.0
18	4	430	18.677	0.475	10.0	0.0	1.0	1.0
18	4	424	18.258	0.445	10.0	0.0	1.0	1.0
18	4	418	18.097	0.301	9.968	0.18	1.0	1.0
18	4	412	18.0	0.0	9.968	0.18	1.0	1.0
18	4	406	18.0	0.0	9.968	0.18	1.0	1.0
18	4	400	17.903	0.301	10.0	0.0	1.0	1.0
18	4	394	17.613	0.495	10.0	0.0	1.0	1.0
18	4	388	17.097	0.301	10.0	0.0	1.0	1.0
18	4	382	17.032	0.18	10.0	0.0	1.0	1.0
18	4	376	17.032	0.18	10.0	0.0	1.0	1.0
18	4	370	16.903	0.301	10.0	0.0	1.0	1.0
18	4	364	16.839	0.374	10.0	0.0	1.0	1.0
18	4	358	16.452	0.506	10.0	0.0	1.0	1.0
18	4	352	16.355	0.486	10.0	0.0	1.0	1.0
18	4	346	16.0	0.0	10.0	0.0	1.0	1.0
18	4	340	16.0	0.0	10.0	0.0	1.0	1.0
18	4	334	15.968	0.18	10.0	0.0	1.0	1.0
18	4	328	15.742	0.445	10.0	0.0	1.0	1.0
18	4	322	15.355	0.486	10.0	0.0	1.0	1.0
18	4	316	15.032	0.18	10.0	0.0	1.0	1.0
18	4	310	15.0	0.0	10.0	0.0	1.0	1.0
18	4	304	14.935	0.25	10.0	0.0	1.0	1.0
18	4	298	14.548	0.506	10.0	0.0	1.0	1.0
18	4	292	14.129	0.341	10.0	0.0	1.0	1.0
18	4	286	14.0	0.258	10.0	0.0	1.0	1.0
18	4	280	13.968	0.18	10.0	0.0	1.0	1.0
18	4	274	13.871	0.341	10.0	0.0	1.0	1.0
18	4	268	13.032	0.18	10.0	0.0	1.0	1.0
18	4	262	13.0	0.0	10.0	0.0	1.0	1.0
18	4	256	12.935	0.25	10.0	0.0	1.0	1.0
18	4	250	12.613	0.495	10.0	0.0	1.0	1.0
18	4	244	12.032	0.18	10.0	0.0	1.0	1.0
18	4	238	12.0	0.0	10.065	0.25	1.0	1.0
18	4	232	12.0	0.0	10.032	0.18	1.0	1.0
18	4	226	11.581	0.502	10.194	0.402	1.0	1.0
18	4	220	11.0	0.0	10.548	0.506	1.0	1.0
18	4	214	11.0	0.0	10.645	0.486	1.0	1.0
18	4	208	10.935	0.25	10.903	0.301	1.0	1.0
18	4	202	10.194	0.402	10.968	0.18	1.0	1.0
18	4	196	10.032	0.18	11.0	0.0	1.0	1.0
18	4	190	9.968	0.18	11.0	0.0	1.0	1.0
18	4	184	9.516	0.508	11.0	0.0	1.0	1.0
18	4	178	9.0	0.0	11.0	0.0	1.0	1.0
18	4	172	9.0	0.0	11.0	0.0	1.0	1.0
18	4	166	8.677	0.475	11.0	0.0	1.0	1.0
18	4	160	8.097	0.301	11.129	0.341	1.0	1.0
18	4	154	8.0	0.0	11.548	0.506	1.0	1.0
18	4	148	7.806	0.402	11.903	0.301	1.0	1.0
18	4	142	7.065	0.25	12.0	0.0	1.0	1.0
18	4	136	7.0	0.0	12.0	0.0	1.0	1.0
18	4	130	6.871	0.341	12.129	0.341	1.0	1.0
18	4	124	6.097	0.301	12.71	0.461	1.0	1.0
18	4	118	6.0	0.0	12.968	0.18	1.0	1.0
18	4	112	5.839	0.374	13.129	0.341	1.0	1.0
18	4	106	5.065	0.25	13.839	0.374	1.0	1.0
18	4	100	5.0	0.0	14.065	0.25	1.0	1.0
18	4	77	3.903	0.301	17.419	0.502	1.0	1.0
18	4	74	2.839	0.779	18.29	0.588	1.0	1.0
18	4	71	2.0	0.0	19.452	0.85	1.0	1.0
18	4	68	2.0	0.0	20.935	1.031	1.0	1.0
18	4	65	2.0	0.0	22.903	0.978	1.0	1.0
18	4	62	2.0	0.0	25.323	1.62	1.0	1.0
18	4	59	1.567	0.568	30.0	3.474	0.935	0.968
18	4	56	0.083	0.282	37.111	2.934	0.065	0.29
18	4	53	0.0	0.0	nan	nan	0.0	0.0
18	4	50	0.0	0.0	nan	nan	0.0	0.0
18	4	47	0.0	0.0	nan	nan	0.0	0.0
18	4	44	0.0	0.0	nan	nan	0.0	0.0
19	4	454	19.065	0.25	9.0	0.0	1.0	1.0
19	4	448	19.0	0.258	9.0	0.0	1.0	1.0
19	4	442	18.935	0.25	9.0	0.0	1.0	1.0
19	4	436	18.71	0.461	9.0	0.0	1.0	1.0
19	4	430	18.484	0.508	9.0	0.0	1.0	1.0
19	4	424	18.387	0.495	9.0	0.0	1.0	1.0
19	4	418	18.129	0.341	9.0	0.0	1.0	1.0
19	4	412	18.065	0.25	9.0	0.0	1.0	1.0
19	4	406	17.968	0.315	9.0	0.0	1.0	1.0
19	4	400	17.903	0.301	9.0	0.0	1.0	1.0
19	4	394	17.452	0.506	9.032	0.18	1.0	1.0
19	4	388	17.323	0.475	9.0	0.0	1.0	1.0
19	4	382	17.065	0.359	9.0	0.0	1.0	1.0
19	4	376	17.129	0.341	9.0	0.0	1.0	1.0
19	4	370	16.935	0.25	9.0	0.0	1.0	1.0
19	4	364	16.742	0.445	9.065	0.25	1.0	1.0
19	4	358	16.548	0.506	9.032	0.18	1.0	1.0
19	4	352	16.065	0.25	9.032	0.18	1.0	1.0
19	4	346	16.032	0.18	9.065	0.25	1.0	1.0
19	4	340	16.0	0.0	9.032	0.18	1.0	1.0
19	4	334	15.742	0.445	9.097	0.301	1.0	1.0
19	4	328	15.419	0.502	9.258	0.445	1.0	1.0
19	4	322	15.065	0.359	9.065	0.25	1.0	1.0
19	4	316	15.0	0.0	9.194	0.402	1.0	1.0
19	4	310	14.968	0.18	9.323	0.475	1.0	1.0
19	4	304	14.806	0.402	9.452	0.506	1.0	1.0
19	4	298	14.194	0.402	9.548	0.506	1.0	1.0
19	4	292	14.065	0.25	9.677	0.475	1.0	1.0
19	4	286	13.935	0.25	9.774	0.425	1.0	1.0
19	4	280	13.871	0.341	9.774	0.425	1.0	1.0
19	4	274	13.29	0.461	9.839	0.374	1.0	1.0
19	4	268	13.129	0.341	9.935	0.25	1.0	1.0
19	4	262	13.0	0.0	10.0	0.0	1.0	1.0
19	4	256	12.806	0.402	10.0	0.0	1.0	1.0
19	4	250	12.419	0.502	10.0	0.0	1.0	1.0
19	4	244	12.032	0.18	10.0	0.0	1.0	1.0
19	4	238	12.0	0.0	10.0	0.0	1.0	1.0
19	4	232	11.581	0.502	10.0	0.0	1.0	1.0
19	4	226	11.129	0.341	10.0	0.0	1.0	1.0
19	4	220	11.0	0.0	10.0	0.0	1.0	1.0
19	4	214	10.935	0.25	10.0	0.0	1.0	1.0
19	4	208	10.613	0.495	10.0	0.0	1.0	1.0
19	4	202	10.065	0.25	10.0	0.0	1.0	1.0
19	4	196	10.0	0.0	10.065	0.25	1.0	1.0
19	4	190	9.839	0.374	10.161	0.374	1.0	1.0
19	4	184	9.194	0.402	10.226	0.425	1.0	1.0
19	4	178	9.032	0.18	10.419	0.502	1.0	1.0
19	4	172	9.0	0.0	10.645	0.486	1.0	1.0
19	4	166	8.484	0.508	10.935	0.25	1.0	1.0
19	4	160	8.032	0.18	10.968	0.18	1.0	1.0
19	4	154	8.0	0.0	11.0	0.0	1.0	1.0
19	4	148	7.548	0.506	11.0	0.0	1.0	1.0
19	4	142	7.032	0.18	11.032	0.18	1.0	1.0
19	4	136	7.0	0.0	11.452	0.506	1.0	1.0
19	4	130	6.677	0.475	11.871	0.341	1.0	1.0
19	4	124	6.032	0.18	12.0	0.0	1.0	1.0
19	4	118	6.0	0.0	12.258	0.445	1.0	1.0
19	4	112	5.677	0.475	12.419	0.502	1.0	1.0
19	4	106	5.0	0.0	13.0	0.0	1.0	1.0
19	4	100	4.968	0.18	13.419	0.502	1.0	1.0
19	4	77	3.613	0.495	16.484	0.508	1.0	1.0
19	4	74	3.032	0.482	17.226	0.56	1.0	1.0
19	4	71	2.645	0.486	18.129	0.619	1.0	1.0
19	4	68	2.097	0.301	19.29	0.864	1.0	1.0
19	4	65	2.032	0.18	20.935	1.365	1.0	1.0
19	4	62	1.935	0.25	23.065	1.504	1.0	1.0
19	4	59	1.323	0.475	26.71	1.865	1.0	1.0
19	4	56	0.556	0.577	31.111	3.445	0.452	0.581
19	4	53	0.0	0.0	nan	nan	0.0	0.0
19	4	50	0.0	0.0	nan	nan	0.0	0.0
19	4	47	0.0	0.0	nan	nan	0.0	0.0
19	4	44	0.0	0.0	nan	nan	0.0	0.0
20	4	454	15.903	0.301	9.0	0.0	1.0	1.0
20	4	448	15.806	0.402	9.0	0.0	1.0	1.0
20	4	442	15.677	0.475	9.0	0.0	1.0	1.0
20	4	436	15.355	0.486	9.0	0.0	1.0	1.0
20	4	430	15.065	0.25	9.0	0.0	1.0	1.0
20	4	424	15.0	0.0	9.0	0.0	1.0	1.0
20	4	418	15.0	0.0	9.0	0.0	1.0	1.0
20	4	412	15.0	0.0	9.0	0.0	1.0	1.0
20	4	406	14.968	0.18	9.0	0.0	1.0	1.0
20	4	400	14.968	0.18	9.0	0.0	1.0	1.0
20	4	394	14.71	0.461	9.0	0.0	1.0	1.0
20	4	388	14.387	0.495	9.0	0.0	1.0	1.0
20	4	382	14.065	0.25	9.0	0.0	1.0	1.0
20	4	376	14.032	0.18	9.0	0.0	1.0	1.0
20	4	370	14.0	0.0	9.0	0.0	1.0	1.0
20	4	364	14.0	0.0	9.0	0.0	1.0	1.0
20	4	358	13.806	0.402	9.0	0.0	1.0	1.0
20	4	352	13.516	0.508	9.0	0.0	1.0	1.0
20	4	346	13.161	0.374	9.0	0.0	1.0	1.0
20	4	340	13.032	0.18	9.0	0.0	1.0	1.0
20	4	334	13.0	0.0	9.0	0.0	1.0	1.0
20	4	328	13.0	0.0	9.0	0.0	1.0	1.0
20	4	322	12.935	0.25	9.0	0.0	1.0	1.0
20	4	316	12.548	0.506	9.0	0.0	1.0	1.0
20	4	310	12.161	0.374	9.0	0.0	1.0	1.0
20	4	304	12.0	0.0	9.0	0.0	1.0	1.0
20	4	298	12.0	0.0	9.0	0.0	1.0	1.0
20	4	292	12.0	0.0	9.0	0.0	1.0	1.0
20	4	286	11.871	0.341	9.0	0.0	1.0	1.0
20	4	280	11.452	0.506	9.0	0.0	1.0	1.0
20	4	274	11.194	0.402	9.0	0.0	1.0	1.0
20	4	268	11.0	0.0	9.0	0.0	1.0	1.0
20	4	262	11.0	0.0	9.0	0.0	1.0	1.0
20	4	256	10.581	0.502	9.032	0.18	1.0	1.0
20	4	250	10.097	0.301	9.0	0.0	1.0	1.0
20	4	244	10.0	0.0	9.0	0.0	1.0	1.0
20	4	238	10.0	0.0	9.032	0.18	1.0	1.0
20	4	232	9.871	0.341	9.032	0.18	1.0	1.0
20	4	226	9.581	0.502	9.452	0.506	1.0	1.0
20	4	220	9.065	0.25	9.839	0.374	1.0	1.0
20	4	214	9.0	0.0	9.871	0.341	1.0	1.0
20	4	208	9.0	0.0	9.968	0.18	1.0	1.0
20	4	202	8.774	0.425	10.0	0.0	1.0	1.0
20	4	196	8.097	0.301	10.0	0.0	1.0	1.0
20	4	190	8.0	0.0	10.0	0.0	1.0	1.0
20	4	184	8.0	0.0	10.0	0.0	1.0	1.0
20	4	178	7.839	0.374	10.0	0.0	1.0	1.0
20	4	172	7.161	0.374	10.0	0.0	1.0	1.0
20	4	166	7.0	0.0	10.0	0.0	1.0	1.0
20	4	160	7.0	0.0	10.032	0.18	1.0	1.0
20	4	154	6.71	0.461	10.452	0.506	1.0	1.0
20	4	148	6.097	0.301	10.935	0.25	1.0	1.0
20	4	142	6.0	0.0	11.0	0.0	1.0	1.0
20	4	136	6.0	0.0	11.0	0.0	1.0	1.0
20	4	130	5.742	0.445	11.097	0.301	1.0	1.0
20	4	124	5.129	0.341	11.581	0.502	1.0	1.0
20	4	118	5.0	0.0	12.0	0.0	1.0	1.0
20	4	112	5.0	0.0	12.0	0.0	1.0	1.0
20	4	106	4.516	0.508	12.806	0.402	1.0	1.0
20	4	100	4.0	0.0	13.0	0.0	1.0	1.0
20	4	77	3.0	0.0	16.161	0.374	1.0	1.0
20	4	74	3.0	0.0	16.935	0.512	1.0	1.0
20	4	71	2.71	0.461	17.774	0.669	1.0	1.0
20	4	68	2.161	0.374	19.032	0.912	1.0	1.0
20	4	65	1.968	0.315	20.581	1.285	1.0	1.0
20	4	62	1.452	0.506	23.581	1.478	1.0	1.0
20	4	59	1.0	0.263	27.267	3.571	0.935	0.968
20	4	56	0.138	0.351	32.167	4.535	0.129	0.194
20	4	53	0.0	0.0	nan	nan	0.0	0.0
20	4	50	0.0	0.0	nan	nan	0.0	0.0
20	4	47	0.0	0.0	nan	nan	0.0	0.0
20	4	44	0.0	0.0	nan	nan	0.0	0.0
21	4	454	16.0	0.0	9.0	0.0	1.0	1.0
21	4	448	15.968	0.18	9.0	0.0	1.0	1.0
21	4	442	15.935	0.25	9.0	0.0	1.0	1.0
21	4	436	15.839	0.374	9.0	0.0	1.0	1.0
21	4	430	15.645	0.486	9.0	0.0	1.0	1.0
21	4	424	15.419	0.502	9.0	0.0	1.0	1.0
21	4	418	15.097	0.301	9.0	0.0	1.0	1.0
21	4	412	15.032	0.18	9.0	0.0	1.0	1.0
21	4	406	15.032	0.18	9.0	0.0	1.0	1.0
21	4	400	15.0	0.0	9.0	0.0	1.0	1.0
21	4	394	14.871	0.341	9.0	0.0	1.0	1.0
21	4	388	14.806	0.402	9.0	0.0	1.0	1.0
21	4	382	14.29	0.461	9.0	0.0	1.0	1.0
21	4	376	14.097	0.301	9.0	0.0	1.0	1.0
21	4	370	14.032	0.18	9.0	0.0	1.0	1.0
21	4	364	14.0	0.0	9.0	0.0	1.0	1.0
21	4	358	13.968	0.18	9.0	0.0	1.0	1.0
21	4	352	13.71	0.461	9.0	0.0	1.0	1.0
21	4	346	13.419	0.502	9.0	0.0	1.0	1.0
21	4	340	13.161	0.374	9.0	0.0	1.0	1.0
21	4	334	13.032	0.18	9.0	0.0	1.0	1.0
21	4	328	13.0	0.0	9.0	0.0	1.0	1.0
21	4	322	12.968	0.18	9.0	0.0	1.0	1.0
21	4	316	12.774	0.425	9.0	0.0	1.0	1.0
21	4	310	12.419	0.502	9.0	0.0	1.0	1.0
21	4	304	12.032	0.18	9.0	0.0	1.0	1.0
21	4	298	12.0	0.0	9.0	0.0	1.0	1.0
21	4	292	12.0	0.0	9.0	0.0	1.0	1.0
21	4	286	11.839	0.374	9.0	0.0	1.0	1.0
21	4	280	11.194	0.402	9.0	0.0	1.0	1.0
21	4	274	11.032	0.18	9.0	0.0	1.0	1.0
21	4	268	11.0	0.0	9.0	0.0	1.0	1.0
21	4	262	10.903	0.301	9.0	0.0	1.0	1.0
21	4	256	10.774	0.425	9.097	0.301	1.0	1.0
21	4	250	10.161	0.374	9.065	0.25	1.0	1.0
21	4	244	10.032	0.18	9.258	0.445	1.0	1.0
21	4	238	10.0	0.0	9.452	0.506	1.0	1.0
21	4	232	9.839	0.374	9.645	0.486	1.0	1.0
21	4	226	9.387	0.495	9.774	0.425	1.0	1.0
21	4	220	9.0	0.0	9.968	0.18	1.0	1.0
21	4	214	9.0	0.0	10.0	0.0	1.0	1.0
21	4	208	8.903	0.301	10.0	0.0	1.0	1.0
21	4	202	8.258	0.445	10.0	0.0	1.0	1.0
21	4	196	8.0	0.0	10.0	0.0	1.0	1.0
21	4	190	8.0	0.0	10.0	0.0	1.0	1.0
21	4	184	7.968	0.18	10.0	0.0	1.0	1.0
21	4	178	7.355	0.486	10.032	0.18	1.0	1.0
21	4	172	7.0	0.0	10.0	0.0	1.0	1.0
21	4	166	7.0	0.0	10.0	0.0	1.0	1.0
21	4	160	6.871	0.341	10.065	0.25	1.0	1.0
21	4	154	6.355	0.486	10.548	0.506	1.0	1.0
21	4	148	6.0	0.0	10.806	0.402	1.0	1.0
21	4	142	6.0	0.0	11.0	0.0	1.0	1.0
21	4	136	5.581	0.502	11.0	0.0	1.0	1.0
21	4	130	5.129	0.341	11.032	0.18	1.0	1.0
21	4	124	5.0	0.0	11.581	0.502	1.0	1.0
21	4	118	4.968	0.18	11.806	0.402	1.0	1.0
21	4	112	4.548	0.506	12.0	0.0	1.0	1.0
21	4	106	4.032	0.18	12.355	0.486	1.0	1.0
21	4	100	4.0	0.0	12.935	0.25	1.0	1.0
21	4	77	3.0	0.0	15.484	0.508	1.0	1.0
21	4	74	2.806	0.402	16.129	0.499	1.0	1.0
21	4	71	2.645	0.486	16.774	0.56	1.0	1.0
21	4	68	1.903	0.539	18.097	0.473	1.0	1.0
21	4	65	1.226	0.425	19.484	1.313	1.0	1.0
21	4	62	1.0	0.0	21.097	1.513	1.0	1.0
21	4	59	0.8	0.407	22.08	1.352	0.774	0.806
21	4	56	0.323	0.475	25.8	1.317	0.323	0.323
21	4	53	0.0	0.0	nan	nan	0.0	0.0
21	4	50	0.0	0.0	nan	nan	0.0	0.0
21	4	47	0.0	0.0	nan	nan	0.0	0.0
21	4	44	0.0	0.0	nan	nan	0.0	0.0
22	4	454	14.613	0.495	9.0	0.0	1.0	1.0
22	4	448	14.29	0.461	9.0	0.0	1.0	1.0
22	4	442	14.065	0.25	9.0	0.0	1.0	1.0
22	4	436	14.032	0.18	9.0	0.0	1.0	1.0
22	4	430	14.0	0.0	9.0	0.0	1.0	1.0
22	4	424	14.0	0.0	9.0	0.0	1.0	1.0
22	4	418	14.0	0.0	9.0	0.0	1.0	1.0
22	4	412	13.968	0.18	9.0	0.0	1.0	1.0
22	4	406	13.968	0.18	9.0	0.0	1.0	1.0
22	4	400	13.71	0.461	9.0	0.0	1.0	1.0
22	4	394	13.419	0.502	9.0	0.0	1.0	1.0
22	4	388	13.097	0.301	9.0	0.0	1.0	1.0
22	4	382	13.032	0.18	9.0	0.0	1.0	1.0
22	4	376	13.0	0.0	9.0	0.0	1.0	1.0
22	4	370	13.0	0.0	9.0	0.0	1.0	1.0
22	4	364	13.0	0.0	9.0	0.0	1.0	1.0
22	4	358	12.774	0.425	9.0	0.0	1.0	1.0
22	4	352	12.484	0.508	9.0	0.0	1.0	1.0
22	4	346	12.226	0.425	9.0	0.0	1.0	1.0
22	4	340	12.097	0.301	9.0	0.0	1.0	1.0
22	4	334	12.0	0.0	9.0	0.0	1.0	1.0
22	4	328	12.0	0.0	9.0	0.0	1.0	1.0
22	4	322	12.0	0.0	9.0	0.0	1.0	1.0
22	4	316	11.935	0.25	9.0	0.0	1.0	1.0
22	4	310	11.548	0.506	9.0	0.0	1.0	1.0
22	4	304	11.097	0.301	9.0	0.0	1.0	1.0
22	4	298	11.0	0.0	9.0	0.0	1.0	1.0
22	4	292	11.0	0.0	9.0	0.0	1.0	1.0
22	4	286	10.935	0.25	9.0	0.0	1.0	1.0
22	4	280	10.871	0.341	9.0	0.0	1.0	1.0
22	4	274	10.258	0.445	9.0	0.0	1.0	1.0
22	4	268	10.032	0.18	9.0	0.0	1.0	1.0
22	4	262	10.0	0.0	9.065	0.25	1.0	1.0
22	4	256	10.0	0.0	9.0	0.0	1.0	1.0
22	4	250	9.968	0.18	9.065	0.25	1.0	1.0
22	4	244	9.613	0.495	9.226	0.425	1.0	1.0
22	4	238	9.0	0.0	9.548	0.506	1.0	1.0
22	4	232	9.0	0.0	9.71	0.461	1.0	1.0
22	4	226	9.0	0.0	9.839	0.374	1.0	1.0
22	4	220	8.935	0.25	9.968	0.18	1.0	1.0
22	4	214	8.548	0.506	10.0	0.0	1.0	1.0
22	4	208	8.0	0.0	10.0	0.0	1.0	1.0
22	4	202	8.0	0.0	10.0	0.0	1.0	1.0
22	4	196	8.0	0.0	10.0	0.0	1.0	1.0
22	4	190	7.903	0.301	10.0	0.0	1.0	1.0
22	4	184	7.226	0.425	10.0	0.0	1.0	1.0
22	4	178	7.0	0.0	10.0	0.0	1.0	1.0
22	4	172	7.0	0.0	10.0	0.0	1.0	1.0
22	4	166	6.968	0.18	10.032	0.18	1.0	1.0
22	4	160	6.419	0.502	10.161	0.374	1.0	1.0
22	4	154	6.0	0.0	10.677	0.475	1.0	1.0
22	4	148	6.0	0.0	10.903	0.301	1.0	1.0
22	4	142	6.0	0.0	10.968	0.18	1.0	1.0
22	4	136	5.742	0.445	11.0	0.0	1.0	1.0
22	4	130	5.065	0.25	11.0	0.0	1.0	1.0
22	4	124	5.0	0.0	11.129	0.341	1.0	1.0
22	4	118	5.0	0.0	11.968	0.18	1.0	1.0
22	4	112	4.839	0.374	12.0	0.0	1.0	1.0
22	4	106	4.032	0.18	12.323	0.475	1.0	1.0
22	4	100	4.0	0.0	12.935	0.25	1.0	1.0
22	4	77	3.0	0.0	15.742	0.514	1.0	1.0
22	4	74	3.0	0.0	16.387	0.495	1.0	1.0
22	4	71	2.968	0.18	17.0	0.632	1.0	1.0
22	4	68	2.226	0.717	18.613	1.358	1.0	1.0
22	4	65	1.645	0.486	20.032	1.494	1.0	1.0
22	4	62	1.129	0.341	21.903	1.64	1.0	1.0
22	4	59	0.968	0.18	25.0	2.639	0.968	0.968
22	4	56	0.552	0.506	30.222	3.782	0.516	0.581
22	4	53	0.0	0.0	nan	nan	0.0	0.0
22	4	50	0.0	0.0	nan	nan	0.0	0.0
22	4	47	0.0	0.0	nan	nan	0.0	0.0
22	4	44	0.0	0.0	nan	nan	0.0	0.0
23	4	454	15.839	0.374	8.194	0.402	1.0	1.0
23	4	448	15.581	0.502	8.323	0.475	1.0	1.0
23	4	442	15.452	0.506	8.355	0.486	1.0	1.0
23	4	436	15.194	0.402	8.323	0.475	1.0	1.0
23	4	430	15.0	0.0	8.355	0.486	1.0	1.0
23	4	424	15.0	0.0	8.548	0.506	1.0	1.0
23	4	418	15.0	0.0	8.645	0.486	1.0	1.0
23	4	412	14.968	0.18	8.645	0.486	1.0	1.0
23	4	406	14.903	0.301	8.516	0.508	1.0	1.0
23	4	400	14.548	0.506	8.677	0.475	1.0	1.0
23	4	394	14.194	0.402	8.71	0.461	1.0	1.0
23	4	388	14.129	0.341	8.774	0.425	1.0	1.0
23	4	382	14.0	0.0	8.871	0.341	1.0	1.0
23	4	376	14.0	0.0	8.903	0.301	1.0	1.0
23	4	370	13.935	0.25	8.903	0.301	1.0	1.0
23	4	364	13.71	0.461	8.903	0.301	1.0	1.0
23	4	358	13.355	0.486	8.968	0.18	1.0	1.0
23	4	352	13.097	0.301	9.0	0.0	1.0	1.0
23	4	346	13.0	0.0	8.968	0.18	1.0	1.0
23	4	340	12.968	0.18	9.0	0.0	1.0	1.0
23	4	334	12.968	0.18	9.0	0.0	1.0	1.0
23	4	328	12.839	0.374	9.0	0.0	1.0	1.0
23	4	322	12.419	0.502	9.0	0.0	1.0	1.0
23	4	316	12.032	0.18	9.0	0.0	1.0	1.0
23	4	310	12.0	0.0	9.0	0.0	1.0	1.0
23	4	304	12.0	0.0	9.0	0.0	1.0	1.0
23	4	298	11.871	0.341	9.0	0.0	1.0	1.0
23	4	292	11.516	0.508	9.0	0.0	1.0	1.0
23	4	286	11.065	0.25	9.0	0.0	1.0	1.0
23	4	280	11.0	0.0	9.0	0.0	1.0	1.0
23	4	274	11.0	0.0	9.0	0.0	1.0	1.0
23	4	268	10.806	0.402	9.0	0.0	1.0	1.0
23	4	262	10.323	0.475	9.0	0.0	1.0	1.0
23	4	256	10.032	0.18	9.0	0.0	1.0	1.0
23	4	250	10.0	0.0	9.0	0.0	1.0	1.0
23	4	244	9.935	0.25	9.0	0.0	1.0	1.0
23	4	238	9.677	0.475	9.0	0.0	1.0	1.0
23	4	232	9.065	0.25	9.0	0.0	1.0	1.0
23	4	226	9.0	0.0	9.0	0.0	1.0	1.0
23	4	220	9.0	0.0	9.0	0.0	1.0	1.0
23	4	214	8.71	0.461	9.0	0.0	1.0	1.0
23	4	208	8.29	0.461	9.032	0.18	1.0	1.0
23	4	202	8.0	0.0	9.065	0.25	1.0	1.0
23	4	196	8.0	0.0	9.355	0.486	1.0	1.0
23	4	190	7.871	0.341	9.484	0.508	1.0	1.0
23	4	184	7.258	0.445	9.806	0.402	1.0	1.0
23	4	178	7.032	0.18	10.0	0.0	1.0	1.0
23	4	172	7.0	0.0	10.0	0.0	1.0	1.0
23	4	166	6.903	0.301	10.0	0.0	1.0	1.0
23	4	160	6.194	0.402	10.0	0.0	1.0	1.0
23	4	154	6.0	0.0	10.0	0.0	1.0	1.0
23	4	148	6.0	0.0	10.0	0.0	1.0	1.0
23	4	142	5.71	0.461	10.097	0.301	1.0	1.0
23	4	136	5.097	0.301	10.581	0.502	1.0	1.0
23	4	130	5.0	0.0	10.935	0.25	1.0	1.0
23	4	124	5.0	0.0	10.968	0.18	1.0	1.0
23	4	118	4.839	0.374	11.032	0.18	1.0	1.0
23	4	112	4.065	0.25	11.452	0.506	1.0	1.0
23	4	106	4.0	0.0	11.968	0.18	1.0	1.0
23	4	100	3.903	0.301	12.226	0.425	1.0	1.0
23	4	77	2.806	0.402	15.129	0.499	1.0	1.0
23	4	74	2.452	0.506	15.516	0.57	1.0	1.0
23	4	71	2.129	0.341	16.323	0.541	1.0	1.0
23	4	68	1.935	0.25	17.0	0.775	1.0	1.0
23	4	65	1.548	0.506	18.097	0.79	1.0	1.0
23	4	62	1.097	0.301	19.516	1.262	1.0	1.0
23	4	59	0.933	0.254	22.69	1.391	0.903	0.935
23	4	56	0.269	0.452	24.0	2.0	0.226	0.387
23	4	53	0.0	0.0	nan	nan	0.0	0.0
23	4	50	0.0	0.0	nan	nan	0.0	0.0
23	4	47	0.0	0.0	nan	nan	0.0	0.0
23	4	44	0.0	0.0	nan	nan	0.0	0.0
24	4	454	21.194	0.402	9.0	0.0	1.0	1.0
24	4	448	21.0	0.258	9.0	0.0	1.0	1.0
24	4	442	20.968	0.18	9.0	0.0	1.0	1.0
24	4	436	20.903	0.301	9.0	0.0	1.0	1.0
24	4	430	20.71	0.461	9.0	0.0	1.0	1.0
24	4	424	20.516	0.508	9.0	0.0	1.0	1.0
24	4	418	20.226	0.425	9.0	0.0	1.0	1.0
24	4	412	20.032	0.18	9.032	0.18	1.0	1.0
24	4	406	20.0	0.0	9.032	0.18	1.0	1.0
24	4	400	19.903	0.301	9.0	0.0	1.0	1.0
24	4	394	19.806	0.402	9.032	0.18	1.0	1.0
24	4	388	19.258	0.445	9.032	0.18	1.0	1.0
24	4	382	19.258	0.445	9.0	0.0	1.0	1.0
24	4	376	18.968	0.18	9.032	0.18	1.0	1.0
24	4	370	18.871	0.341	9.032	0.18	1.0	1.0
24	4	364	18.516	0.508	9.032	0.18	1.0	1.0
24	4	358	18.387	0.495	9.032	0.18	1.0	1.0
24	4	352	18.097	0.301	9.097	0.301	1.0	1.0
24	4	346	17.935	0.25	9.29	0.461	1.0	1.0
24	4	340	17.71	0.461	9.258	0.445	1.0	1.0
24	4	334	17.226	0.425	9.29	0.461	1.0	1.0
24	4	328	17.097	0.301	9.452	0.506	1.0	1.0
24	4	322	16.903	0.301	9.484	0.508	1.0	1.0
24	4	316	16.871	0.341	9.581	0.502	1.0	1.0
24	4	310	16.484	0.508	9.71	0.461	1.0	1.0
24	4	304	16.097	0.301	9.645	0.486	1.0	1.0
24	4	298	16.0	0.258	9.871	0.341	1.0	1.0
24	4	292	15.903	0.301	9.903	0.301	1.0	1.0
24	4	286	15.355	0.486	9.903	0.301	1.0	1.0
24	4	280	15.0	0.0	10.0	0.0	1.0	1.0
24	4	274	14.903	0.301	9.968	0.18	1.0	1.0
24	4	268	14.581	0.564	10.0	0.0	1.0	1.0
24	4	262	14.194	0.402	10.0	0.0	1.0	1.0
24	4	256	14.0	0.0	10.0	0.0	1.0	1.0
24	4	250	13.903	0.301	10.0	0.0	1.0	1.0
24	4	244	13.258	0.445	10.0	0.0	1.0	1.0
24	4	238	13.032	0.18	10.0	0.0	1.0	1.0
24	4	232	12.968	0.18	10.0	0.0	1.0	1.0
24	4	226	12.613	0.495	10.0	0.0	1.0	1.0
24	4	220	12.226	0.425	10.0	0.0	1.0	1.0
24	4	214	12.0	0.0	10.0	0.0	1.0	1.0
24	4	208	11.839	0.374	10.0	0.0	1.0	1.0
24	4	202	11.226	0.425	10.032	0.18	1.0	1.0
24	4	196	11.0	0.258	10.032	0.18	1.0	1.0
24	4	190	10.71	0.461	10.097	0.301	1.0	1.0
24	4	184	10.129	0.341	10.484	0.508	1.0	1.0
24	4	178	9.968	0.18	10.742	0.445	1.0	1.0
24	4	172	9.613	0.495	10.839	0.374	1.0	1.0
24	4	166	9.129	0.341	10.968	0.18	1.0	1.0
24	4	160	8.968	0.315	11.0	0.0	1.0	1.0
24	4	154	8.548	0.506	11.0	0.0	1.0	1.0
24	4	148	8.129	0.341	11.032	0.18	1.0	1.0
24	4	142	7.871	0.341	11.226	0.425	1.0	1.0
24	4	136	7.258	0.445	11.903	0.301	1.0	1.0
24	4	130	7.032	0.18	11.903	0.301	1.0	1.0
24	4	124	6.871	0.341	12.0	0.0	1.0	1.0
24	4	118	6.097	0.396	12.161	0.374	1.0	1.0
24	4	112	5.935	0.359	12.806	0.402	1.0	1.0
24	4	106	5.677	0.475	13.065	0.25	1.0	1.0
24	4	100	5.065	0.25	13.581	0.502	1.0	1.0
24	4	77	3.645	0.486	16.29	0.693	1.0	1.0
24	4	74	3.387	0.615	17.065	0.727	1.0	1.0
24	4	71	2.839	0.688	18.097	0.908	1.0	1.0
24	4	68	2.323	0.599	18.548	0.888	1.0	1.0
24	4	65	1.839	0.583	20.452	1.567	1.0	1.0
24	4	62	1.484	0.57	21.8	1.584	0.968	0.968
24	4	59	1.194	0.477	23.9	2.171	0.968	0.968
24	4	56	0.828	0.711	27.0	3.421	0.613	0.677
24	4	53	0.129	0.341	28.5	1.915	0.129	0.129
24	4	50	0.0	0.0	nan	nan	0.0	0.0
24	4	47	0.0	0.0	nan	nan	0.0	0.0
24	4	44	0.0	0.0	nan	nan	0.0	0.0
25	4	454	17.0	0.0	9.774	0.425	1.0	1.0
25	4	448	16.935	0.25	9.935	0.25	1.0	1.0
25	4	442	16.774	0.425	9.806	0.402	1.0	1.0
25	4	436	16.677	0.475	9.839	0.374	1.0	1.0
25	4	430	16.581	0.502	9.871	0.341	1.0	1.0
25	4	424	16.161	0.374	9.806	0.402	1.0	1.0
25	4	418	16.065	0.25	9.968	0.18	1.0	1.0
25	4	412	15.968	0.18	9.935	0.25	1.0	1.0
25	4	406	16.0	0.0	9.935	0.25	1.0	1.0
25	4	400	15.968	0.18	9.935	0.25	1.0	1.0
25	4	394	15.871	0.341	9.968	0.18	1.0	1.0
25	4	388	15.645	0.486	9.968	0.18	1.0	1.0
25	4	382	15.194	0.402	10.0	0.0	1.0	1.0
25	4	376	15.0	0.0	10.0	0.0	1.0	1.0
25	4	370	15.0	0.0	10.0	0.0	1.0	1.0
25	4	364	15.0	0.0	10.0	0.0	1.0	1.0
25	4	358	15.0	0.0	10.0	0.0	1.0	1.0
25	4	352	14.645	0.486	10.0	0.0	1.0	1.0
25	4	346	14.161	0.374	10.0	0.0	1.0	1.0
25	4	340	14.065	0.25	10.0	0.0	1.0	1.0
25	4	334	14.0	0.0	10.0	0.0	1.0	1.0
25	4	328	14.0	0.0	10.0	0.0	1.0	1.0
25	4	322	13.839	0.374	10.0	0.0	1.0	1.0
25	4	316	13.258	0.445	10.0	0.0	1.0	1.0
25	4	310	13.032	0.18	10.0	0.0	1.0	1.0
25	4	304	13.0	0.0	10.0	0.0	1.0	1.0
25	4	298	13.0	0.0	10.0	0.0	1.0	1.0
25	4	292	12.903	0.301	10.0	0.0	1.0	1.0
25	4	286	12.258	0.445	10.0	0.0	1.0	1.0
25	4	280	12.065	0.25	10.0	0.0	1.0	1.0
25	4	274	12.0	0.0	10.0	0.0	1.0	1.0
25	4	268	12.0	0.0	10.0	0.0	1.0	1.0
25	4	262	11.774	0.425	10.0	0.0	1.0	1.0
25	4	256	11.129	0.341	10.0	0.0	1.0	1.0
25	4	250	11.0	0.0	10.0	0.0	1.0	1.0
25	4	244	10.968	0.18	10.0	0.0	1.0	1.0
25	4	238	10.839	0.374	10.0	0.0	1.0	1.0
25	4	232	10.226	0.425	10.0	0.0	1.0	1.0
25	4	226	10.0	0.0	10.097	0.301	1.0	1.0
25	4	220	10.0	0.0	10.129	0.341	1.0	1.0
25	4	214	9.839	0.374	10.323	0.475	1.0	1.0
25	4	208	9.484	0.508	10.677	0.475	1.0	1.0
25	4	202	9.065	0.25	10.742	0.445	1.0	1.0
25	4	196	9.0	0.0	10.903	0.301	1.0	1.0
25	4	190	8.903	0.301	11.0	0.0	1.0	1.0
25	4	184	8.258	0.445	11.0	0.0	1.0	1.0
25	4	178	8.032	0.18	11.0	0.0	1.0	1.0
25	4	172	7.968	0.18	11.0	0.0	1.0	1.0
25	4	166	7.71	0.461	11.032	0.18	1.0	1.0
25	4	160	7.097	0.301	11.097	0.301	1.0	1.0
25	4	154	7.0	0.0	11.484	0.508	1.0	1.0
25	4	148	7.0	0.0	11.774	0.425	1.0	1.0
25	4	142	6.355	0.486	11.968	0.18	1.0	1.0
25	4	136	6.0	0.0	12.0	0.0	1.0	1.0
25	4	130	6.0	0.0	12.065	0.25	1.0	1.0
25	4	124	5.677	0.475	12.452	0.506	1.0	1.0
25	4	118	5.032	0.18	12.935	0.25	1.0	1.0
25	4	112	5.0	0.0	13.032	0.18	1.0	1.0
25	4	106	4.839	0.374	13.581	0.502	1.0	1.0
25	4	100	4.194	0.402	14.032	0.18	1.0	1.0
25	4	77	2.968	0.18	17.323	0.541	1.0	1.0
25	4	74	2.613	0.495	18.129	0.763	1.0	1.0
25	4	71	2.097	0.539	19.129	0.957	1.0	1.0
25	4	68	1.839	0.374	20.161	1.036	1.0	1.0
25	4	65	1.387	0.495	22.161	1.319	1.0	1.0
25	4	62	1.032	0.18	24.0	1.633	1.0	1.0
25	4	59	1.0	0.0	27.097	2.868	0.968	1.0
25	4	56	0.345	0.484	30.333	2.807	0.323	0.387
25	4	53	0.0	0.0	nan	nan	0.0	0.0
25	4	50	0.0	0.0	nan	nan	0.0	0.0
25	4	47	0.0	0.0	nan	nan	0.0	0.0
25	4	44	0.0	0.0	nan	nan	0.0	0.0
26	4	454	18.0	0.0	9.0	0.0	1.0	1.0
26	4	448	18.0	0.0	9.0	0.0	1.0	1.0
26	4	442	17.613	0.495	9.0	0.0	1.0	1.0
26	4	436	17.677	0.475	9.0	0.0	1.0	1.0
26	4	430	17.484	0.508	9.0	0.0	1.0	1.0
26	4	424	17.323	0.475	9.0	0.0	1.0	1.0
26	4	418	17.194	0.402	9.0	0.0	1.0	1.0
26	4	412	17.0	0.0	9.0	0.0	1.0	1.0
26	4	406	17.0	0.0	9.0	0.0	1.0	1.0
26	4	400	16.871	0.341	9.0	0.0	1.0	1.0
26	4	394	16.742	0.445	9.0	0.0	1.0	1.0
26	4	388	16.29	0.461	9.0	0.0	1.0	1.0
26	4	382	16.065	0.25	9.0	0.0	1.0	1.0
26	4	376	16.032	0.18	9.032	0.18	1.0	1.0
26	4	370	16.0	0.0	9.0	0.0	1.0	1.0
26	4	364	15.968	0.315	9.0	0.0	1.0	1.0
26	4	358	15.581	0.502	9.0	0.0	1.0	1.0
26	4	352	15.226	0.425	9.0	0.0	1.0	1.0
26	4	346	15.0	0.0	9.032	0.18	1.0	1.0
26	4	340	15.0	0.0	9.0	0.0	1.0	1.0
26	4	334	15.0	0.0	9.0	0.0	1.0	1.0
26	4	328	14.452	0.506	9.032	0.18	1.0	1.0
26	4	322	14.419	0.502	9.0	0.0	1.0	1.0
26	4	316	14.032	0.18	9.032	0.18	1.0	1.0
26	4	310	14.0	0.0	9.097	0.301	1.0	1.0
26	4	304	13.935	0.25	9.097	0.301	1.0	1.0
26	4	298	13.516	0.508	9.355	0.486	1.0	1.0
26	4	292	13.258	0.445	9.387	0.495	1.0	1.0
26	4	286	13.0	0.0	9.516	0.508	1.0	1.0
26	4	280	13.0	0.0	9.806	0.402	1.0	1.0
26	4	274	12.774	0.425	9.839	0.374	1.0	1.0
26	4	268	12.419	0.502	9.903	0.301	1.0	1.0
26	4	262	12.065	0.25	9.968	0.18	1.0	1.0
26	4	256	12.0	0.0	9.968	0.18	1.0	1.0
26	4	250	11.935	0.25	10.0	0.0	1.0	1.0
26	4	244	11.452	0.506	10.0	0.0	1.0	1.0
26	4	238	11.161	0.374	10.0	0.0	1.0	1.0
26	4	232	10.968	0.18	10.0	0.0	1.0	1.0
26	4	226	10.903	0.301	10.0	0.0	1.0	1.0
26	4	220	10.226	0.425	10.0	0.0	1.0	1.0
26	4	214	10.032	0.18	10.0	0.0	1.0	1.0
26	4	208	10.0	0.0	10.0	0.0	1.0	1.0
26	4	202	9.645	0.486	10.0	0.0	1.0	1.0
26	4	196	9.097	0.301	10.0	0.0	1.0	1.0
26	4	190	9.0	0.0	10.0	0.0	1.0	1.0
26	4	184	9.0	0.0	10.0	0.0	1.0	1.0
26	4	178	8.226	0.425	10.258	0.445	1.0	1.0
26	4	172	8.032	0.18	10.419	0.502	1.0	1.0
26	4	166	8.0	0.0	10.774	0.425	1.0	1.0
26	4	160	7.677	0.475	11.0	0.0	1.0	1.0
26	4	154	7.161	0.374	11.0	0.0	1.0	1.0
26	4	148	7.0	0.0	11.0	0.0	1.0	1.0
26	4	142	6.871	0.341	11.0	0.0	1.0	1.0
26	4	136	6.29	0.461	11.258	0.445	1.0	1.0
26	4	130	6.0	0.0	11.839	0.374	1.0	1.0
26	4	124	5.903	0.301	11.968	0.18	1.0	1.0
26	4	118	5.258	0.445	12.0	0.0	1.0	1.0
26	4	112	5.032	0.18	12.29	0.461	1.0	1.0
26	4	106	4.839	0.374	12.935	0.25	1.0	1.0
26	4	100	4.226	0.425	13.129	0.341	1.0	1.0
26	4	77	3.0	0.0	16.0	0.258	1.0	1.0
26	4	74	2.968	0.18	16.387	0.558	1.0	1.0
26	4	71	2.806	0.402	17.226	0.717	1.0	1.0
26	4	68	2.065	0.814	18.419	0.765	1.0	1.0
26	4	65	1.097	0.301	19.645	1.279	1.0	1.0
26	4	62	1.065	0.25	21.645	1.518	1.0	1.0
26	4	59	0.931	0.258	23.931	1.85	0.871	0.935
26	4	56	0.129	0.341	25.5	1.0	0.129	0.129
26	4	53	0.0	0.0	nan	nan	0.0	0.0
26	4	50	0.0	0.0	nan	nan	0.0	0.0
26	4	47	0.0	0.0	nan	nan	0.0	0.0
26	4	44	0.0	0.0	nan	nan	0.0	0.0
27	4	454	25.419	0.502	10.0	0.0	1.0	1.0
27	4	448	25.0	0.0	10.0	0.0	1.0	1.0
27	4	442	25.129	0.341	10.0	0.0	1.0	1.0
27	4	436	24.968	0.18	10.0	0.0	1.0	1.0
27	4	430	24.677	0.475	10.0	0.0	1.0	1.0
27	4	424	24.323	0.475	10.0	0.0	1.0	1.0
27	4	418	24.161	0.374	10.0	0.0	1.0	1.0
27	4	412	24.032	0.315	10.0	0.0	1.0	1.0
27	4	406	24.0	0.258	10.0	0.0	1.0	1.0
27	4	400	23.871	0.428	10.0	0.0	1.0	1.0
27	4	394	23.484	0.508	10.0	0.0	1.0	1.0
27	4	388	23.161	0.374	10.0	0.0	1.0	1.0
27	4	382	23.032	0.18	10.0	0.0	1.0	1.0
27	4	376	22.903	0.301	10.0	0.0	1.0	1.0
27	4	370	22.419	0.502	10.0	0.0	1.0	1.0
27	4	364	22.129	0.341	10.0	0.0	1.0	1.0
27	4	358	22.0	0.258	10.0	0.0	1.0	1.0
27	4	352	21.903	0.301	10.0	0.0	1.0	1.0
27	4	346	21.387	0.495	10.0	0.0	1.0	1.0
27	4	340	21.129	0.341	10.0	0.0	1.0	1.0
27	4	334	21.0	0.0	10.0	0.0	1.0	1.0
27	4	328	20.742	0.445	10.0	0.0	1.0	1.0
27	4	322	20.194	0.402	10.032	0.18	1.0	1.0
27	4	316	20.032	0.18	10.0	0.0	1.0	1.0
27	4	310	19.935	0.25	10.032	0.18	1.0	1.0
27	4	304	19.452	0.506	10.129	0.341	1.0	1.0
27	4	298	19.097	0.301	10.032	0.18	1.0	1.0
27	4	292	18.968	0.18	10.0	0.0	1.0	1.0
27	4	286	18.548	0.506	10.097	0.301	1.0	1.0
27	4	280	18.129	0.341	10.194	0.402	1.0	1.0
27	4	274	17.968	0.18	10.129	0.341	1.0	1.0
27	4	268	17.677	0.475	10.355	0.486	1.0	1.0
27	4	262	17.194	0.402	10.645	0.486	1.0	1.0
27	4	256	17.0	0.258	10.613	0.495	1.0	1.0
27	4	250	16.839	0.374	10.839	0.374	1.0	1.0
27	4	244	16.065	0.25	10.903	0.301	1.0	1.0
27	4	238	16.0	0.0	10.935	0.25	1.0	1.0
27	4	232	15.71	0.461	11.0	0.0	1.0	1.0
27	4	226	15.032	0.18	11.0	0.0	1.0	1.0
27	4	220	14.806	0.402	11.0	0.0	1.0	1.0
27	4	214	14.516	0.508	11.0	0.0	1.0	1.0
27	4	208	14.097	0.301	11.0	0.0	1.0	1.0
27	4	202	13.839	0.374	11.0	0.0	1.0	1.0
27	4	196	13.226	0.425	11.0	0.0	1.0	1.0
27	4	190	12.935	0.25	11.032	0.18	1.0	1.0
27	4	184	12.484	0.508	11.129	0.341	1.0	1.0
27	4	178	12.032	0.18	11.29	0.461	1.0	1.0
27	4	172	11.935	0.25	11.484	0.508	1.0	1.0
27	4	166	11.161	0.374	11.806	0.402	1.0	1.0
27	4	160	10.968	0.18	11.935	0.25	1.0	1.0
27	4	154	10.581	0.502	12.0	0.0	1.0	1.0
27	4	148	10.032	0.18	12.0	0.0	1.0	1.0
27	4	142	9.839	0.374	12.065	0.25	1.0	1.0
27	4	136	9.097	0.301	12.355	0.486	1.0	1.0
27	4	130	9.0	0.0	12.903	0.301	1.0	1.0
27	4	124	8.258	0.445	12.968	0.18	1.0	1.0
27	4	118	8.0	0.0	13.129	0.341	1.0	1.0
27	4	112	7.323	0.475	13.839	0.374	1.0	1.0
27	4	106	7.0	0.0	14.0	0.0	1.0	1.0
27	4	100	6.742	0.445	14.323	0.475	1.0	1.0
27	4	77	4.581	0.672	17.806	0.477	1.0	1.0
27	4	74	3.935	0.68	18.323	0.599	1.0	1.0
27	4	71	3.161	0.374	19.548	0.85	1.0	1.0
27	4	68	3.032	0.18	20.677	0.909	1.0	1.0
27	4	65	2.935	0.25	22.903	1.248	1.0	1.0
27	4	62	2.581	0.502	25.258	1.29	1.0	1.0
27	4	59	2.129	0.341	27.71	2.572	1.0	1.0
27	4	56	1.548	0.568	33.5	3.511	0.968	0.968
27	4	53	0.133	0.434	39.0	4.397	0.097	0.129
27	4	50	0.0	0.0	nan	nan	0.0	0.0
27	4	47	0.0	0.0	nan	nan	0.0	0.0
27	4	44	0.0	0.0	nan	nan	0.0	0.0
28	4	454	21.935	0.25	9.0	0.0	1.0	1.0
28	4	448	21.871	0.341	9.0	0.0	1.0	1.0
28	4	442	21.419	0.502	9.0	0.0	1.0	1.0
28	4	436	21.194	0.402	9.0	0.0	1.0	1.0
28	4	430	21.226	0.425	9.0	0.0	1.0	1.0
28	4	424	21.032	0.18	9.0	0.0	1.0	1.0
28	4	418	21.0	0.0	9.0	0.0	1.0	1.0
28	4	412	20.839	0.374	9.0	0.0	1.0	1.0
28	4	406	20.548	0.506	9.0	0.0	1.0	1.0
28	4	400	20.161	0.374	9.0	0.0	1.0	1.0
28	4	394	20.0	0.0	9.0	0.0	1.0	1.0
28	4	388	19.968	0.18	9.0	0.0	1.0	1.0
28	4	382	19.742	0.445	9.0	0.0	1.0	1.0
28	4	376	19.387	0.495	9.0	0.0	1.0	1.0
28	4	370	19.161	0.374	9.0	0.0	1.0	1.0
28	4	364	19.065	0.25	9.0	0.0	1.0	1.0
28	4	358	19.0	0.0	9.0	0.0	1.0	1.0
28	4	352	18.806	0.402	9.0	0.0	1.0	1.0
28	4	346	18.323	0.475	9.0	0.0	1.0	1.0
28	4	340	18.032	0.18	9.0	0.0	1.0	1.0
28	4	334	18.0	0.0	9.0	0.0	1.0	1.0
28	4	328	17.806	0.402	9.0	0.0	1.0	1.0
28	4	322	17.677	0.475	9.0	0.0	1.0	1.0
28	4	316	17.226	0.425	9.0	0.0	1.0	1.0
28	4	310	17.0	0.0	9.0	0.0	1.0	1.0
28	4	304	16.774	0.425	9.065	0.25	1.0	1.0
28	4	298	16.419	0.502	9.0	0.0	1.0	1.0
28	4	292	16.065	0.25	9.097	0.301	1.0	1.0
28	4	286	15.968	0.18	9.387	0.495	1.0	1.0
28	4	280	15.806	0.402	9.355	0.486	1.0	1.0
28	4	274	15.29	0.461	9.548	0.506	1.0	1.0
28	4	268	15.097	0.301	9.774	0.425	1.0	1.0
28	4	262	14.968	0.18	9.968	0.18	1.0	1.0
28	4	256	14.581	0.502	9.935	0.25	1.0	1.0
28	4	250	14.129	0.341	10.0	0.0	1.0	1.0
28	4	244	13.935	0.25	10.0	0.0	1.0	1.0
28	4	238	13.742	0.445	10.0	0.0	1.0	1.0
28	4	232	13.097	0.301	10.0	0.0	1.0	1.0
28	4	226	13.032	0.18	10.0	0.0	1.0	1.0
28	4	220	12.806	0.402	10.0	0.0	1.0	1.0
28	4	214	12.258	0.445	10.0	0.0	1.0	1.0
28	4	208	12.0	0.0	10.0	0.0	1.0	1.0
28	4	202	11.903	0.301	10.0	0.0	1.0	1.0
28	4	196	11.129	0.341	10.0	0.0	1.0	1.0
28	4	190	11.0	0.0	10.0	0.0	1.0	1.0
28	4	184	10.774	0.425	10.0	0.0	1.0	1.0
28	4	178	10.129	0.341	10.065	0.25	1.0	1.0
28	4	172	10.0	0.0	10.452	0.506	1.0	1.0
28	4	166	9.806	0.402	10.839	0.374	1.0	1.0
28	4	160	9.129	0.341	11.0	0.0	1.0	1.0
28	4	154	8.968	0.18	11.0	0.0	1.0	1.0
28	4	148	8.355	0.486	11.0	0.0	1.0	1.0
28	4	142	8.032	0.18	11.0	0.0	1.0	1.0
28	4	136	7.935	0.25	11.355	0.486	1.0	1.0
28	4	130	7.258	0.445	11.871	0.341	1.0	1.0
28	4	124	7.0	0.0	11.968	0.18	1.0	1.0
28	4	118	6.742	0.445	12.032	0.18	1.0	1.0
28	4	112	6.032	0.18	12.613	0.495	1.0	1.0
28	4	106	5.968	0.18	12.935	0.25	1.0	1.0
28	4	100	5.581	0.502	13.226	0.425	1.0	1.0
28	4	77	4.0	0.0	16.516	0.508	1.0	1.0
28	4	74	4.0	0.0	17.0	0.516	1.0	1.0
28	4	71	3.452	0.723	18.129	0.619	1.0	1.0
28	4	68	2.29	0.529	19.484	0.926	1.0	1.0
28	4	65	2.0	0.0	21.129	0.991	1.0	1.0
28	4	62	2.0	0.0	24.065	1.389	1.0	1.0
28	4	59	1.933	0.254	27.29	2.935	0.968	1.0
28	4	56	1.471	0.8	35.0	4.414	0.452	0.903
28	4	53	0.0	0.0	34.0	0.0	0.0	0.032
28	4	50	0.0	0.0	nan	nan	0.0	0.0
28	4	47	0.0	0.0	nan	nan	0.0	0.0
28	4	44	0.0	0.0	nan	nan	0.0	0.0
29	4	454	12.0	0.0	9.0	0.0	1.0	1.0
29	4	448	12.0	0.0	9.0	0.0	1.0	1.0
29	4	442	12.0	0.0	9.0	0.0	1.0	1.0
29	4	436	11.806	0.402	9.0	0.0	1.0	1.0
29	4	430	11.516	0.508	9.0	0.0	1.0	1.0
29	4	424	11.194	0.402	9.0	0.0	1.0	1.0
29	4	418	11.065	0.25	9.0	0.0	1.0	1.0
29	4	412	11.065	0.25	9.0	0.0	1.0	1.0
29	4	406	11.0	0.0	9.0	0.0	1.0	1.0
29	4	400	11.0	0.0	9.0	0.0	1.0	1.0
29	4	394	11.0	0.0	9.0	0.0	1.0	1.0
29	4	388	11.0	0.0	9.0	0.0	1.0	1.0
29	4	382	10.968	0.18	9.0	0.0	1.0	1.0
29	4	376	10.645	0.486	9.0	0.0	1.0	1.0
29	4	370	10.258	0.445	9.0	0.0	1.0	1.0
29	4	364	10.161	0.374	9.0	0.0	1.0	1.0
29	4	358	10.0	0.0	9.0	0.0	1.0	1.0
29	4	352	10.0	0.0	9.0	0.0	1.0	1.0
29	4	346	10.0	0.0	9.0	0.0	1.0	1.0
29	4	340	10.0	0.0	9.0	0.0	1.0	1.0
29	4	334	9.935	0.25	9.0	0.0	1.0	1.0
29	4	328	9.839	0.374	9.0	0.0	1.0	1.0
29	4	322	9.387	0.495	9.0	0.0	1.0	1.0
29	4	316	9.097	0.301	9.0	0.0	1.0	1.0
29	4	310	9.0	0.0	9.0	0.0	1.0	1.0
29	4	304	9.0	0.0	9.0	0.0	1.0	1.0
29	4	298	9.0	0.0	9.0	0.0	1.0	1.0
29	4	292	9.0	0.0	9.0	0.0	1.0	1.0
29	4	286	8.806	0.402	9.0	0.0	1.0	1.0
29	4	280	8.323	0.475	9.0	0.0	1.0	1.0
29	4	274	8.032	0.18	9.0	0.0	1.0	1.0
29	4	268	8.0	0.0	9.0	0.0	1.0	1.0
29	4	262	8.0	0.0	9.0	0.0	1.0	1.0
29	4	256	8.0	0.0	9.0	0.0	1.0	1.0
29	4	250	7.935	0.25	9.032	0.18	1.0	1.0
29	4	244	7.516	0.508	9.097	0.301	1.0	1.0
29	4	238	7.129	0.341	9.323	0.475	1.0	1.0
29	4	232	7.0	0.0	9.581	0.502	1.0	1.0
29	4	226	7.0	0.0	9.71	0.461	1.0	1.0
29	4	220	7.0	0.0	9.774	0.425	1.0	1.0
29	4	214	6.935	0.25	9.839	0.374	1.0	1.0
29	4	208	6.516	0.508	10.0	0.0	1.0	1.0
29	4	202	6.161	0.374	10.0	0.0	1.0	1.0
29	4	196	6.0	0.0	10.0	0.0	1.0	1.0
29	4	190	6.0	0.0	10.0	0.0	1.0	1.0
29	4	184	6.0	0.0	10.0	0.0	1.0	1.0
29	4	178	5.935	0.25	10.0	0.0	1.0	1.0
29	4	172	5.323	0.475	10.0	0.0	1.0	1.0
29	4	166	5.0	0.0	10.0	0.0	1.0	1.0
29	4	160	5.0	0.0	10.0	0.0	1.0	1.0
29	4	154	5.0	0.0	10.194	0.402	1.0	1.0
29	4	148	5.0	0.0	10.71	0.461	1.0	1.0
29	4	142	4.581	0.502	10.871	0.341	1.0	1.0
29	4	136	4.0	0.0	11.0	0.0	1.0	1.0
29	4	130	4.0	0.0	11.0	0.0	1.0	1.0
29	4	124	4.0	0.0	11.097	0.301	1.0	1.0
29	4	118	3.968	0.18	11.452	0.506	1.0	1.0
29	4	112	3.613	0.495	11.903	0.301	1.0	1.0
29	4	106	3.065	0.25	12.0	0.0	1.0	1.0
29	4	100	3.0	0.0	12.484	0.508	1.0	1.0
29	4	77	2.032	0.18	15.032	0.315	1.0	1.0
29	4	74	2.0	0.0	15.484	0.57	1.0	1.0
29	4	71	2.0	0.0	16.226	0.497	1.0	1.0
29	4	68	2.0	0.0	16.839	0.688	1.0	1.0
29	4	65	1.742	0.445	17.774	0.717	1.0	1.0
29	4	62	1.129	0.341	19.323	1.045	1.0	1.0
29	4	59	0.92	0.277	21.724	1.688	0.742	0.935
29	4	56	0.261	0.449	23.857	1.512	0.194	0.452
29	4	53	0.0	0.0	nan	nan	0.0	0.0
29	4	50	0.0	0.0	nan	nan	0.0	0.0
29	4	47	0.0	0.0	nan	nan	0.0	0.0
29	4	44	0.0	0.0	nan	nan	0.0	0.0
30	4	454	18.0	0.0	9.452	0.506	1.0	1.0
30	4	448	17.839	0.374	9.419	0.502	1.0	1.0
30	4	442	17.806	0.402	9.677	0.475	1.0	1.0
30	4	436	17.484	0.508	9.806	0.402	1.0	1.0
30	4	430	17.387	0.495	9.806	0.402	1.0	1.0
30	4	424	17.226	0.425	9.645	0.486	1.0	1.0
30	4	418	17.0	0.0	9.71	0.461	1.0	1.0
30	4	412	17.032	0.18	9.742	0.445	1.0	1.0
30	4	406	16.935	0.25	9.903	0.301	1.0	1.0
30	4	400	16.806	0.402	9.871	0.341	1.0	1.0
30	4	394	16.677	0.475	9.871	0.341	1.0	1.0
30	4	388	16.097	0.301	9.968	0.18	1.0	1.0
30	4	382	16.032	0.18	9.903	0.301	1.0	1.0
30	4	376	16.032	0.18	10.0	0.0	1.0	1.0
30	4	370	16.0	0.0	9.935	0.25	1.0	1.0
30	4	364	15.871	0.341	9.903	0.301	1.0	1.0
30	4	358	15.677	0.475	10.0	0.0	1.0	1.0
30	4	352	15.161	0.374	9.968	0.18	1.0	1.0
30	4	346	15.032	0.18	9.968	0.18	1.0	1.0
30	4	340	15.0	0.0	10.0	0.0	1.0	1.0
30	4	334	14.806	0.402	10.0	0.0	1.0	1.0
30	4	328	14.645	0.486	10.0	0.0	1.0	1.0
30	4	322	14.129	0.341	10.0	0.0	1.0	1.0
30	4	316	14.065	0.25	10.0	0.0	1.0	1.0
30	4	310	14.0	0.0	10.0	0.0	1.0	1.0
30	4	304	13.935	0.25	10.0	0.0	1.0	1.0
30	4	298	13.613	0.495	10.0	0.0	1.0	1.0
30	4	292	13.226	0.425	10.0	0.0	1.0	1.0
30	4	286	13.0	0.0	10.0	0.0	1.0	1.0
30	4	280	13.0	0.0	10.0	0.0	1.0	1.0
30	4	274	12.806	0.402	10.0	0.0	1.0	1.0
30	4	268	12.323	0.475	10.0	0.0	1.0	1.0
30	4	262	12.065	0.25	10.0	0.0	1.0	1.0
30	4	256	12.0	0.0	10.0	0.0	1.0	1.0
30	4	250	11.839	0.374	10.0	0.0	1.0	1.0
30	4	244	11.226	0.425	10.0	0.0	1.0	1.0
30	4	238	11.032	0.18	10.0	0.0	1.0	1.0
30	4	232	11.0	0.0	10.0	0.0	1.0	1.0
30	4	226	10.581	0.502	10.0	0.0	1.0	1.0
30	4	220	10.161	0.374	10.0	0.0	1.0	1.0
30	4	214	10.0	0.0	10.129	0.341	1.0	1.0
30	4	208	10.0	0.0	10.129	0.341	1.0	1.0
30	4	202	9.677	0.475	10.484	0.508	1.0	1.0
30	4	196	9.258	0.445	10.516	0.508	1.0	1.0
30	4	190	8.968	0.18	10.839	0.374	1.0	1.0
30	4	184	8.839	0.374	10.935	0.25	1.0	1.0
30	4	178	8.516	0.508	10.968	0.18	1.0	1.0
30	4	172	8.0	0.0	11.0	0.0	1.0	1.0
30	4	166	8.0	0.0	11.0	0.0	1.0	1.0
30	4	160	7.71	0.461	11.0	0.0	1.0	1.0
30	4	154	7.097	0.301	11.065	0.25	1.0	1.0
30	4	148	7.0	0.0	11.258	0.445	1.0	1.0
30	4	142	6.71	0.461	11.742	0.445	1.0	1.0
30	4	136	6.258	0.445	12.0	0.0	1.0	1.0
30	4	130	6.065	0.25	12.0	0.0	1.0	1.0
30	4	124	5.774	0.425	12.097	0.301	1.0	1.0
30	4	118	5.226	0.425	12.516	0.508	1.0	1.0
30	4	112	5.097	0.301	12.968	0.18	1.0	1.0
30	4	106	4.871	0.341	13.097	0.301	1.0	1.0
30	4	100	4.323	0.475	13.677	0.475	1.0	1.0
30	4	77	3.032	0.18	16.452	0.506	1.0	1.0
30	4	74	2.968	0.18	17.032	0.657	1.0	1.0
30	4	71	2.581	0.62	17.903	0.79	1.0	1.0
30	4	68	2.0	0.632	18.645	0.755	1.0	1.0
30	4	65	1.516	0.57	20.0	1.065	1.0	1.0
30	4	62	1.0	0.0	22.0	1.633	1.0	1.0
30	4	59	1.0	0.365	23.276	1.791	0.935	0.935
30	4	56	0.323	0.475	25.7	1.494	0.323	0.323
30	4	53	0.0	0.0	nan	nan	0.0	0.0
30	4	50	0.0	0.0	nan	nan	0.0	0.0
30	4	47	0.0	0.0	nan	nan	0.0	0.0
30	4	44	0.0	0.0	nan	nan	0.0	0.0
31	4	454	15.935	0.25	8.968	0.18	1.0	1.0
31	4	448	15.968	0.18	8.968	0.18	1.0	1.0
31	4	442	15.645	0.486	8.968	0.18	1.0	1.0
31	4	436	15.258	0.445	9.0	0.0	1.0	1.0
31	4	430	15.194	0.402	9.0	0.0	1.0	1.0
31	4	424	15.0	0.0	9.0	0.0	1.0	1.0
31	4	418	15.032	0.18	9.0	0.0	1.0	1.0
31	4	412	15.0	0.0	9.0	0.0	1.0	1.0
31	4	406	14.968	0.18	9.0	0.0	1.0	1.0
31	4	400	14.774	0.425	9.0	0.0	1.0	1.0
31	4	394	14.29	0.461	9.0	0.0	1.0	1.0
31	4	388	14.032	0.18	9.0	0.0	1.0	1.0
31	4	382	14.0	0.0	9.0	0.0	1.0	1.0
31	4	376	14.0	0.0	9.0	0.0	1.0	1.0
31	4	370	14.0	0.0	9.0	0.0	1.0	1.0
31	4	364	13.806	0.402	9.0	0.0	1.0	1.0
31	4	358	13.323	0.475	9.0	0.0	1.0	1.0
31	4	352	13.129	0.341	9.0	0.0	1.0	1.0
31	4	346	13.0	0.0	9.0	0.0	1.0	1.0
31	4	340	13.0	0.0	9.0	0.0	1.0	1.0
31	4	334	12.935	0.25	9.0	0.0	1.0	1.0
31	4	328	12.645	0.486	9.0	0.0	1.0	1.0
31	4	322	12.129	0.341	9.0	0.0	1.0	1.0
31	4	316	12.065	0.25	9.0	0.0	1.0	1.0
31	4	310	12.0	0.0	9.0	0.0	1.0	1.0
31	4	304	11.935	0.25	9.0	0.0	1.0	1.0
31	4	298	11.806	0.402	9.0	0.0	1.0	1.0
31	4	292	11.194	0.402	9.0	0.0	1.0	1.0
31	4	286	11.0	0.0	9.0	0.0	1.0	1.0
31	4	280	11.0	0.0	9.0	0.0	1.0	1.0
31	4	274	10.935	0.25	9.0	0.0	1.0	1.0
31	4	268	10.645	0.486	9.0	0.0	1.0	1.0
31	4	262	10.065	0.25	9.0	0.0	1.0	1.0
31	4	256	10.0	0.0	9.0	0.0	1.0	1.0
31	4	250	10.0	0.0	9.0	0.0	1.0	1.0
31	4	244	9.839	0.374	9.0	0.0	1.0	1.0
31	4	238	9.194	0.402	9.0	0.0	1.0	1.0
31	4	232	9.0	0.0	9.0	0.0	1.0	1.0
31	4	226	9.0	0.0	9.0	0.0	1.0	1.0
31	4	220	8.968	0.18	9.097	0.301	1.0	1.0
31	4	214	8.484	0.508	9.355	0.486	1.0	1.0
31	4	208	8.065	0.25	9.484	0.508	1.0	1.0
31	4	202	8.0	0.0	9.871	0.341	1.0	1.0
31	4	196	8.0	0.0	9.903	0.301	1.0	1.0
31	4	190	7.387	0.495	10.0	0.0	1.0	1.0
31	4	184	7.129	0.341	10.0	0.0	1.0	1.0
31	4	178	7.0	0.0	10.0	0.0	1.0	1.0
31	4	172	6.935	0.25	10.0	0.0	1.0	1.0
31	4	166	6.613	0.495	10.0	0.0	1.0	1.0
31	4	160	6.065	0.25	10.0	0.0	1.0	1.0
31	4	154	6.0	0.0	10.032	0.18	1.0	1.0
31	4	148	5.935	0.25	10.161	0.374	1.0	1.0
31	4	142	5.581	0.502	10.742	0.445	1.0	1.0
31	4	136	5.097	0.301	10.903	0.301	1.0	1.0
31	4	130	5.0	0.0	11.0	0.0	1.0	1.0
31	4	124	5.0	0.0	11.032	0.18	1.0	1.0
31	4	118	4.484	0.508	11.258	0.445	1.0	1.0
31	4	112	4.0	0.0	11.935	0.25	1.0	1.0
31	4	106	4.0	0.0	12.0	0.0	1.0	1.0
31	4	100	3.839	0.374	12.452	0.506	1.0	1.0
31	4	77	2.613	0.495	15.194	0.477	1.0	1.0
31	4	74	2.387	0.495	15.548	0.568	1.0	1.0
31	4	71	2.032	0.18	16.323	0.541	1.0	1.0
31	4	68	2.0	0.0	16.871	0.718	1.0	1.0
31	4	65	1.581	0.502	18.0	0.73	1.0	1.0
31	4	62	1.161	0.374	19.129	0.922	1.0	1.0
31	4	59	0.903	0.301	21.321	1.588	0.903	0.903
31	4	56	0.276	0.455	25.1	0.738	0.258	0.323
31	4	53	0.0	0.0	nan	nan	0.0	0.0
31	4	50	0.0	0.0	nan	nan	0.0	0.0
31	4	47	0.0	0.0	nan	nan	0.0	0.0
31	4	44	0.0	0.0	nan	nan	0.0	0.0
0	5	454	24.065	0.25	9.0	0.0	1.0	1.0
0	5	448	23.903	0.301	9.032	0.18	1.0	1.0
0	5	442	23.903	0.301	9.161	0.374	1.0	1.0
0	5	436	23.613	0.495	9.065	0.25	1.0	1.0
0	5	430	23.355	0.486	9.032	0.18	1.0	1.0
0	5	424	23.097	0.301	9.065	0.25	1.0	1.0
0	5	418	22.968	0.18	9.161	0.374	1.0	1.0
0	5	412	22.71	0.461	9.194	0.402	1.0	1.0
0	5	406	22.419	0.502	9.323	0.475	1.0	1.0
0	5	400	22.29	0.461	9.323	0.475	1.0	1.0
0	5	394	22.032	0.18	9.516	0.508	1.0	1.0
0	5	388	21.871	0.341	9.419	0.502	1.0	1.0
0	5	382	21.677	0.475	9.484	0.508	1.0	1.0
0	5	376	21.323	0.475	9.806	0.402	1.0	1.0
0	5	370	21.032	0.18	9.742	0.445	1.0	1.0
0	5	364	20.968	0.18	9.839	0.374	1.0	1.0
0	5	358	20.774	0.425	9.839	0.374	1.0	1.0
0	5	352	20.613	0.495	9.839	0.374	1.0	1.0
0	5	346	20.032	0.18	9.935	0.25	1.0	1.0
0	5	340	19.903	0.301	9.968	0.18	1.0	1.0
0	5	334	19.871	0.341	10.0	0.0	1.0	1.0
0	5	328	19.355	0.486	10.0	0.0	1.0	1.0
0	5	322	19.032	0.18	10.0	0.0	1.0	1.0
0	5	316	18.903	0.301	10.0	0.0	1.0	1.0
0	5	310	18.581	0.502	10.0	0.0	1.0	1.0
0	5	304	18.161	0.374	9.968	0.18	1.0	1.0
0	5	298	18.0	0.258	10.0	0.0	1.0	1.0
0	5	292	17.774	0.425	10.0	0.0	1.0	1.0
0	5	286	17.129	0.341	10.0	0.0	1.0	1.0
0	5	280	17.032	0.18	10.0	0.0	1.0	1.0
0	5	274	16.677	0.475	10.0	0.0	1.0	1.0
0	5	268	16.226	0.425	10.0	0.0	1.0	1.0
0	5	262	16.0	0.258	10.0	0.0	1.0	1.0
0	5	256	15.903	0.301	10.0	0.0	1.0	1.0
0	5	250	15.194	0.402	10.0	0.0	1.0	1.0
0	5	244	15.0	0.258	10.0	0.0	1.0	1.0
0	5	238	14.774	0.425	10.0	0.0	1.0	1.0
0	5	232	14.129	0.341	10.0	0.0	1.0	1.0
0	5	226	14.0	0.0	10.0	0.0	1.0	1.0
0	5	220	13.677	0.475	10.0	0.0	1.0	1.0
0	5	214	13.097	0.301	10.0	0.0	1.0	1.0
0	5	208	13.032	0.18	10.226	0.425	1.0	1.0
0	5	202	12.645	0.486	10.387	0.495	1.0	1.0
0	5	196	12.0	0.0	10.677	0.475	1.0	1.0
0	5	190	11.903	0.301	10.935	0.25	1.0	1.0
0	5	184	11.452	0.506	11.0	0.0	1.0	1.0
0	5	178	11.0	0.0	11.0	0.0	1.0	1.0
0	5	172	10.871	0.341	11.0	0.0	1.0	1.0
0	5	166	10.065	0.25	11.0	0.0	1.0	1.0
0	5	160	10.0	0.0	11.0	0.0	1.0	1.0
0	5	154	9.452	0.506	11.097	0.301	1.0	1.0
0	5	148	9.0	0.0	11.484	0.508	1.0	1.0
0	5	142	8.903	0.301	11.903	0.301	1.0	1.0
0	5	136	8.065	0.25	12.0	0.0	1.0	1.0
0	5	130	8.0	0.0	12.0	0.0	1.0	1.0
0	5	124	7.548	0.506	12.323	0.475	1.0	1.0
0	5	118	7.0	0.0	12.71	0.461	1.0	1.0
0	5	112	6.774	0.425	13.0	0.0	1.0	1.0
0	5	106	6.065	0.25	13.419	0.502	1.0	1.0
0	5	100	6.0	0.0	14.032	0.18	1.0	1.0
0	5	77	3.935	0.25	17.032	0.547	1.0	1.0
0	5	74	3.806	0.402	17.677	0.599	1.0	1.0
0	5	71	3.226	0.425	18.839	0.779	1.0	1.0
0	5	68	2.806	0.402	20.065	0.772	1.0	1.0
0	5	65	2.226	0.425	21.71	1.071	1.0	1.0
0	5	62	2.0	0.0	23.968	1.703	1.0	1.0
0	5	59	2.0	0.0	26.419	2.172	1.0	1.0
0	5	56	1.929	0.262	31.806	3.341	0.903	1.0
0	5	53	0.269	0.604	37.3	4.191	0.161	0.323
0	5	50	0.0	0.0	nan	nan	0.0	0.0
0	5	47	0.0	0.0	nan	nan	0.0	0.0
0	5	44	0.0	0.0	nan	nan	0.0	0.0
1	5	454	18.032	0.18	9.0	0.0	1.0	1.0
1	5	448	18.0	0.0	9.0	0.0	1.0	1.0
1	5	442	18.0	0.0	9.0	0.0	1.0	1.0
1	5	436	17.935	0.25	9.0	0.0	1.0	1.0
1	5	430	17.71	0.461	9.0	0.0	1.0	1.0
1	5	424	17.387	0.495	9.0	0.0	1.0	1.0
1	5	418	17.065	0.25	9.0	0.0	1.0	1.0
1	5	412	17.0	0.0	9.0	0.0	1.0	1.0
1	5	406	17.0	0.0	9.0	0.0	1.0	1.0
1	5	400	16.935	0.25	9.032	0.18	1.0	1.0
1	5	394	16.71	0.461	9.0	0.0	1.0	1.0
1	5	388	16.323	0.475	9.0	0.0	1.0	1.0
1	5	382	16.097	0.301	9.0	0.0	1.0	1.0
1	5	376	16.0	0.0	9.0	0.0	1.0	1.0
1	5	370	16.0	0.0	9.0	0.0	1.0	1.0
1	5	364	15.839	0.374	9.0	0.0	1.0	1.0
1	5	358	15.613	0.495	9.0	0.0	1.0	1.0
1	5	352	15.194	0.402	9.0	0.0	1.0	1.0
1	5	346	15.0	0.0	9.065	0.25	1.0	1.0
1	5	340	15.0	0.0	9.097	0.301	1.0	1.0
1	5	334	15.0	0.0	9.097	0.301	1.0	1.0
1	5	328	14.774	0.425	9.226	0.425	1.0	1.0
1	5	322	14.194	0.402	9.355	0.486	1.0	1.0
1	5	316	14.0	0.0	9.677	0.475	1.0	1.0
1	5	310	13.968	0.18	9.677	0.475	1.0	1.0
1	5	304	13.903	0.301	9.839	0.374	1.0	1.0
1	5	298	13.581	0.502	9.903	0.301	1.0	1.0
1	5	292	13.065	0.25	9.968	0.18	1.0	1.0
1	5	286	13.0	0.0	10.0	0.0	1.0	1.0
1	5	280	12.935	0.25	10.0	0.0	1.0	1.0
1	5	274	12.581	0.502	9.968	0.18	1.0	1.0
1	5	268	12.097	0.301	10.0	0.0	1.0	1.0
1	5	262	12.0	0.0	10.0	0.0	1.0	1.0
1	5	256	11.935	0.25	10.0	0.0	1.0	1.0
1	5	250	11.71	0.461	10.0	0.0	1.0	1.0
1	5	244	11.129	0.341	10.0	0.0	1.0	1.0
1	5	238	11.0	0.0	10.0	0.0	1.0	1.0
1	5	232	10.935	0.25	10.0	0.0	1.0	1.0
1	5	226	10.548	0.506	10.0	0.0	1.0	1.0
1	5	220	10.097	0.301	10.0	0.0	1.0	1.0
1	5	214	10.0	0.0	10.0	0.0	1.0	1.0
1	5	208	9.968	0.18	10.0	0.0	1.0	1.0
1	5	202	9.387	0.495	10.0	0.0	1.0	1.0
1	5	196	9.032	0.18	10.0	0.0	1.0	1.0
1	5	190	9.0	0.0	10.065	0.25	1.0	1.0
1	5	184	8.839	0.374	10.387	0.495	1.0	1.0
1	5	178	8.194	0.402	10.677	0.475	1.0	1.0
1	5	172	8.0	0.0	11.0	0.0	1.0	1.0
1	5	166	7.968	0.18	11.0	0.0	1.0	1.0
1	5	160	7.452	0.506	11.0	0.0	1.0	1.0
1	5	154	7.065	0.25	11.0	0.0	1.0	1.0
1	5	148	7.0	0.0	11.032	0.18	1.0	1.0
1	5	142	6.484	0.508	11.419	0.502	1.0	1.0
1	5	136	6.0	0.0	11.806	0.402	1.0	1.0
1	5	130	6.0	0.0	12.0	0.0	1.0	1.0
1	5	124	5.839	0.374	12.0	0.0	1.0	1.0
1	5	118	5.226	0.425	12.355	0.486	1.0	1.0
1	5	112	5.032	0.18	12.935	0.25	1.0	1.0
1	5	106	4.968	0.18	13.258	0.445	1.0	1.0
1	5	100	4.129	0.341	13.806	0.402	1.0	1.0
1	5	77	2.935	0.25	17.323	0.475	1.0	1.0
1	5	74	2.419	0.502	18.419	0.72	1.0	1.0
1	5	71	2.065	0.25	19.226	0.762	1.0	1.0
1	5	68	2.0	0.258	20.71	1.419	1.0	1.0
1	5	65	1.71	0.461	23.129	1.147	1.0	1.0
1	5	62	1.065	0.25	26.032	2.345	1.0	1.0
1	5	59	0.621	0.494	29.7	3.262	0.581	0.645
1	5	56	0.0	0.0	36.0	0.0	0.0	0.032
1	5	53	0.0	0.0	nan	nan	0.0	0.0
1	5	50	0.0	0.0	nan	nan	0.0	0.0
1	5	47	0.0	0.0	nan	nan	0.0	0.0
1	5	44	0.0	0.0	nan	nan	0.0	0.0
2	5	454	19.129	0.341	9.0	0.0	1.0	1.0
2	5	448	19.032	0.18	9.0	0.0	1.0	1.0
2	5	442	19.0	0.0	9.0	0.0	1.0	1.0
2	5	436	18.903	0.301	9.0	0.0	1.0	1.0
2	5	430	18.645	0.486	9.0	0.0	1.0	1.0
2	5	424	18.387	0.495	9.0	0.0	1.0	1.0
2	5	418	18.097	0.301	9.0	0.0	1.0	1.0
2	5	412	18.0	0.0	9.0	0.0	1.0	1.0
2	5	406	18.0	0.0	9.0	0.0	1.0	1.0
2	5	400	17.903	0.301	9.0	0.0	1.0	1.0
2	5	394	17.548	0.506	9.0	0.0	1.0	1.0
2	5	388	17.161	0.374	9.0	0.0	1.0	1.0
2	5	382	17.065	0.25	9.0	0.0	1.0	1.0
2	5	376	16.839	0.374	9.0	0.0	1.0	1.0
2	5	370	16.839	0.374	9.0	0.0	1.0	1.0
2	5	364	16.387	0.495	9.0	0.0	1.0	1.0
2	5	358	16.097	0.301	9.0	0.0	1.0	1.0
2	5	352	16.0	0.0	9.0	0.0	1.0	1.0
2	5	346	15.806	0.402	9.0	0.0	1.0	1.0
2	5	340	15.613	0.495	9.0	0.0	1.0	1.0
2	5	334	15.194	0.402	9.0	0.0	1.0	1.0
2	5	328	15.0	0.0	9.0	0.0	1.0	1.0
2	5	322	14.968	0.18	9.0	0.0	1.0	1.0
2	5	316	14.516	0.508	9.0	0.0	1.0	1.0
2	5	310	14.194	0.402	9.0	0.0	1.0	1.0
2	5	304	14.129	0.341	9.0	0.0	1.0	1.0
2	5	298	13.968	0.18	9.0	0.0	1.0	1.0
2	5	292	13.839	0.374	9.032	0.18	1.0	1.0
2	5	286	13.323	0.475	9.0	0.0	1.0	1.0
2	5	280	13.032	0.18	9.065	0.25	1.0	1.0
2	5	274	13.0	0.0	9.097	0.301	1.0	1.0
2	5	268	12.548	0.506	9.29	0.461	1.0	1.0
2	5	262	12.097	0.301	9.355	0.486	1.0	1.0
2	5	256	12.0	0.0	9.677	0.475	1.0	1.0
2	5	250	11.742	0.445	9.871	0.341	1.0	1.0
2	5	244	11.452	0.506	10.0	0.0	1.0	1.0
2	5	238	11.032	0.18	10.0	0.0	1.0	1.0
2	5	232	10.968	0.18	10.0	0.0	1.0	1.0
2	5	226	10.581	0.502	10.0	0.0	1.0	1.0
2	5	220	10.161	0.374	10.0	0.0	1.0	1.0
2	5	214	10.032	0.18	10.0	0.0	1.0	1.0
2	5	208	9.968	0.18	10.0	0.0	1.0	1.0
2	5	202	9.29	0.461	10.0	0.0	1.0	1.0
2	5	196	9.032	0.18	10.0	0.0	1.0	1.0
2	5	190	9.0	0.0	10.0	0.0	1.0	1.0
2	5	184	8.548	0.506	10.0	0.0	1.0	1.0
2	5	178	8.129	0.341	10.0	0.0	1.0	1.0
2	5	172	8.0	0.0	10.161	0.374	1.0	1.0
2	5	166	7.839	0.374	10.548	0.506	1.0	1.0
2	5	160	7.129	0.341	10.903	0.301	1.0	1.0
2	5	154	7.0	0.0	10.968	0.18	1.0	1.0
2	5	148	6.903	0.301	11.0	0.0	1.0	1.0
2	5	142	6.323	0.475	11.0	0.0	1.0	1.0
2	5	136	6.0	0.0	11.032	0.18	1.0	1.0
2	5	130	5.935	0.25	11.387	0.495	1.0	1.0
2	5	124	5.452	0.506	11.774	0.425	1.0	1.0
2	5	118	5.0	0.0	12.0	0.0	1.0	1.0
2	5	112	4.968	0.18	12.097	0.301	1.0	1.0
2	5	106	4.548	0.506	12.774	0.425	1.0	1.0
2	5	100	4.065	0.25	13.032	0.18	1.0	1.0
2	5	77	3.0	0.0	15.871	0.428	1.0	1.0
2	5	74	2.903	0.301	16.323	0.541	1.0	1.0
2	5	71	2.613	0.495	17.484	0.626	1.0	1.0
2	5	68	1.839	0.638	18.0	0.966	1.0	1.0
2	5	65	1.161	0.374	19.194	0.946	1.0	1.0
2	5	62	1.032	0.18	21.097	1.326	1.0	1.0
2	5	59	1.0	0.0	24.29	2.597	0.903	1.0
2	5	56	0.433	0.504	25.429	1.284	0.419	0.452
2	5	53	0.0	0.0	nan	nan	0.0	0.0
2	5	50	0.0	0.0	nan	nan	0.0	0.0
2	5	47	0.0	0.0	nan	nan	0.0	0.0
2	5	44	0.0	0.0	nan	nan	0.0	0.0
3	5	454	19.065	0.25	9.0	0.0	1.0	1.0
3	5	448	19.0	0.0	9.0	0.0	1.0	1.0
3	5	442	19.0	0.0	9.0	0.0	1.0	1.0
3	5	436	18.871	0.341	9.0	0.0	1.0	1.0
3	5	430	18.581	0.502	9.0	0.0	1.0	1.0
3	5	424	18.355	0.486	9.0	0.0	1.0	1.0
3	5	418	18.129	0.341	9.0	0.0	1.0	1.0
3	5	412	18.0	0.258	9.0	0.0	1.0	1.0
3	5	406	18.0	0.0	9.0	0.0	1.0	1.0
3	5	400	17.903	0.301	9.0	0.0	1.0	1.0
3	5	394	17.677	0.475	9.0	0.0	1.0	1.0
3	5	388	17.29	0.461	9.0	0.0	1.0	1.0
3	5	382	17.065	0.25	9.0	0.0	1.0	1.0
3	5	376	17.032	0.18	9.0	0.0	1.0	1.0
3	5	370	16.935	0.25	9.0	0.0	1.0	1.0
3	5	364	16.677	0.475	9.0	0.0	1.0	1.0
3	5	358	16.419	0.502	9.0	0.0	1.0	1.0
3	5	352	16.032	0.18	9.0	0.0	1.0	1.0
3	5	346	16.0	0.0	9.0	0.0	1.0	1.0
3	5	340	15.935	0.25	9.0	0.0	1.0	1.0
3	5	334	15.355	0.486	9.0	0.0	1.0	1.0
3	5	328	15.194	0.402	9.0	0.0	1.0	1.0
3	5	322	15.0	0.0	9.065	0.25	1.0	1.0
3	5	316	15.0	0.0	9.032	0.18	1.0	1.0
3	5	310	14.581	0.502	9.226	0.425	1.0	1.0
3	5	304	14.323	0.475	9.161	0.374	1.0	1.0
3	5	298	14.0	0.0	9.29	0.461	1.0	1.0
3	5	292	13.968	0.18	9.677	0.475	1.0	1.0
3	5	286	13.613	0.495	9.71	0.461	1.0	1.0
3	5	280	13.032	0.18	9.677	0.475	1.0	1.0
3	5	274	13.0	0.0	9.903	0.301	1.0	1.0
3	5	268	12.935	0.25	10.0	0.0	1.0	1.0
3	5	262	12.355	0.486	10.0	0.0	1.0	1.0
3	5	256	12.129	0.341	10.0	0.0	1.0	1.0
3	5	250	12.0	0.0	10.0	0.0	1.0	1.0
3	5	244	11.903	0.301	10.0	0.0	1.0	1.0
3	5	238	11.323	0.475	10.0	0.0	1.0	1.0
3	5	232	11.0	0.0	10.0	0.0	1.0	1.0
3	5	226	10.968	0.18	10.0	0.0	1.0	1.0
3	5	220	10.581	0.502	10.0	0.0	1.0	1.0
3	5	214	10.065	0.25	10.0	0.0	1.0	1.0
3	5	208	10.0	0.0	10.0	0.0	1.0	1.0
3	5	202	9.903	0.301	10.0	0.0	1.0	1.0
3	5	196	9.387	0.495	10.0	0.0	1.0	1.0
3	5	190	9.0	0.0	10.0	0.0	1.0	1.0
3	5	184	8.935	0.25	10.0	0.0	1.0	1.0
3	5	178	8.484	0.508	10.548	0.506	1.0	1.0
3	5	172	8.032	0.18	10.484	0.508	1.0	1.0
3	5	166	8.0	0.0	11.0	0.0	1.0	1.0
3	5	160	7.548	0.506	10.968	0.18	1.0	1.0
3	5	154	7.0	0.0	10.968	0.18	1.0	1.0
3	5	148	6.935	0.25	11.0	0.0	1.0	1.0
3	5	142	6.677	0.475	11.065	0.25	1.0	1.0
3	5	136	6.032	0.18	11.29	0.461	1.0	1.0
3	5	130	6.0	0.0	11.839	0.374	1.0	1.0
3	5	124	5.645	0.486	12.0	0.0	1.0	1.0
3	5	118	5.129	0.341	12.065	0.25	1.0	1.0
3	5	112	5.0	0.0	12.516	0.508	1.0	1.0
3	5	106	4.839	0.374	13.0	0.258	1.0	1.0
3	5	100	4.065	0.25	13.29	0.461	1.0	1.0
3	5	77	3.0	0.0	16.0	0.632	1.0	1.0
3	5	74	2.968	0.18	16.774	0.805	1.0	1.0
3	5	71	2.613	0.495	17.548	0.768	1.0	1.0
3	5	68	1.839	0.82	18.677	1.107	1.0	1.0
3	5	65	1.065	0.25	19.968	1.016	1.0	1.0
3	5	62	1.0	0.0	22.323	1.579	1.0	1.0
3	5	59	0.893	0.315	24.607	2.2	0.806	0.903
3	5	56	0.161	0.374	26.6	3.647	0.161	0.161
3	5	53	0.0	0.0	nan	nan	0.0	0.0
3	5	50	0.0	0.0	nan	nan	0.0	0.0
3	5	47	0.0	0.0	nan	nan	0.0	0.0
3	5	44	0.0	0.0	nan	nan	0.0	0.0
4	5	454	19.032	0.18	9.032	0.18	1.0	1.0
4	5	448	19.032	0.18	9.129	0.341	1.0	1.0
4	5	442	19.0	0.0	9.161	0.374	1.0	1.0
4	5	436	18.774	0.425	9.161	0.374	1.0	1.0
4	5	430	18.516	0.508	9.226	0.425	1.0	1.0
4	5	424	18.355	0.486	9.161	0.374	1.0	1.0
4	5	418	18.032	0.18	9.258	0.445	1.0	1.0
4	5	412	17.968	0.18	9.226	0.425	1.0	1.0
4	5	406	17.968	0.18	9.226	0.425	1.0	1.0
4	5	400	17.871	0.341	9.355	0.486	1.0	1.0
4	5	394	17.452	0.506	9.484	0.508	1.0	1.0
4	5	388	17.161	0.374	9.71	0.461	1.0	1.0
4	5	382	17.0	0.0	9.806	0.402	1.0	1.0
4	5	376	16.968	0.315	9.774	0.425	1.0	1.0
4	5	370	16.839	0.374	9.839	0.374	1.0	1.0
4	5	364	16.581	0.502	9.968	0.18	1.0	1.0
4	5	358	16.129	0.341	9.903	0.301	1.0	1.0
4	5	352	16.032	0.18	10.0	0.0	1.0	1.0
4	5	346	16.0	0.0	10.0	0.0	1.0	1.0
4	5	340	15.839	0.374	9.903	0.301	1.0	1.0
4	5	334	15.71	0.461	10.0	0.0	1.0	1.0
4	5	328	15.129	0.341	10.0	0.0	1.0	1.0
4	5	322	15.032	0.18	10.0	0.0	1.0	1.0
4	5	316	14.935	0.25	10.0	0.0	1.0	1.0
4	5	310	14.71	0.461	10.0	0.0	1.0	1.0
4	5	304	14.194	0.402	10.0	0.0	1.0	1.0
4	5	298	14.0	0.0	10.0	0.0	1.0	1.0
4	5	292	14.0	0.0	10.0	0.0	1.0	1.0
4	5	286	13.71	0.461	10.0	0.0	1.0	1.0
4	5	280	13.226	0.425	10.0	0.0	1.0	1.0
4	5	274	13.032	0.18	10.0	0.0	1.0	1.0
4	5	268	13.0	0.0	10.0	0.0	1.0	1.0
4	5	262	12.903	0.301	10.0	0.0	1.0	1.0
4	5	256	12.29	0.461	10.0	0.0	1.0	1.0
4	5	250	12.0	0.0	10.0	0.0	1.0	1.0
4	5	244	11.935	0.25	10.0	0.0	1.0	1.0
4	5	238	11.645	0.486	10.0	0.0	1.0	1.0
4	5	232	11.032	0.18	10.0	0.0	1.0	1.0
4	5	226	11.032	0.18	10.0	0.0	1.0	1.0
4	5	220	10.742	0.445	10.0	0.0	1.0	1.0
4	5	214	10.355	0.486	10.0	0.0	1.0	1.0
4	5	208	10.032	0.315	10.032	0.18	1.0	1.0
4	5	202	10.0	0.0	10.129	0.341	1.0	1.0
4	5	196	9.774	0.425	10.484	0.508	1.0	1.0
4	5	190	9.032	0.18	10.677	0.475	1.0	1.0
4	5	184	9.0	0.0	10.903	0.301	1.0	1.0
4	5	178	8.806	0.402	11.0	0.0	1.0	1.0
4	5	172	8.097	0.301	11.0	0.0	1.0	1.0
4	5	166	7.968	0.18	11.0	0.0	1.0	1.0
4	5	160	7.968	0.18	11.0	0.0	1.0	1.0
4	5	154	7.258	0.445	11.0	0.0	1.0	1.0
4	5	148	7.0	0.0	11.258	0.445	1.0	1.0
4	5	142	7.0	0.0	11.613	0.495	1.0	1.0
4	5	136	6.387	0.495	12.0	0.0	1.0	1.0
4	5	130	6.0	0.0	12.0	0.0	1.0	1.0
4	5	124	6.0	0.0	12.032	0.18	1.0	1.0
4	5	118	5.581	0.502	12.613	0.495	1.0	1.0
4	5	112	5.0	0.0	12.968	0.18	1.0	1.0
4	5	106	4.935	0.25	13.129	0.341	1.0	1.0
4	5	100	4.581	0.502	13.645	0.551	1.0	1.0
4	5	77	3.0	0.0	16.774	0.497	1.0	1.0
4	5	74	2.903	0.301	17.484	0.677	1.0	1.0
4	5	71	2.452	0.506	18.29	0.588	1.0	1.0
4	5	68	1.968	0.315	19.419	0.848	1.0	1.0
4	5	65	1.677	0.475	21.194	1.25	1.0	1.0
4	5	62	1.355	0.486	23.387	1.909	1.0	1.0
4	5	59	1.0	0.455	27.393	3.594	0.871	0.903
4	5	56	0.207	0.412	30.5	3.586	0.194	0.258
4	5	53	0.0	0.0	nan	nan	0.0	0.0
4	5	50	0.0	0.0	nan	nan	0.0	0.0
4	5	47	0.0	0.0	nan	nan	0.0	0.0
4	5	44	0.0	0.0	nan	nan	0.0	0.0
5	5	454	17.161	0.374	9.0	0.0	1.0	1.0
5	5	448	17.065	0.25	9.0	0.0	1.0	1.0
5	5	442	17.0	0.0	9.0	0.0	1.0	1.0
5	5	436	16.968	0.18	9.0	0.0	1.0	1.0
5	5	430	16.71	0.461	9.0	0.0	1.0	1.0
5	5	424	16.677	0.475	9.0	0.0	1.0	1.0
5	5	418	16.226	0.425	9.0	0.0	1.0	1.0
5	5	412	16.0	0.0	9.0	0.0	1.0	1.0
5	5	406	16.0	0.0	9.0	0.0	1.0	1.0
5	5	400	15.968	0.18	9.0	0.0	1.0	1.0
5	5	394	15.968	0.18	9.0	0.0	1.0	1.0
5	5	388	15.645	0.486	9.0	0.0	1.0	1.0
5	5	382	15.387	0.495	9.0	0.0	1.0	1.0
5	5	376	15.0	0.0	9.0	0.0	1.0	1.0
5	5	370	15.0	0.0	9.0	0.0	1.0	1.0
5	5	364	14.968	0.18	9.0	0.0	1.0	1.0
5	5	358	14.839	0.374	9.0	0.0	1.0	1.0
5	5	352	14.581	0.502	9.0	0.0	1.0	1.0
5	5	346	14.161	0.374	9.0	0.0	1.0	1.0
5	5	340	14.065	0.25	9.0	0.0	1.0	1.0
5	5	334	14.0	0.0	9.0	0.0	1.0	1.0
5	5	328	13.968	0.18	9.0	0.0	1.0	1.0
5	5	322	13.581	0.502	9.0	0.0	1.0	1.0
5	5	316	13.065	0.25	9.0	0.0	1.0	1.0
5	5	310	13.0	0.0	9.0	0.0	1.0	1.0
5	5	304	12.968	0.18	9.0	0.0	1.0	1.0
5	5	298	12.742	0.445	9.0	0.0	1.0	1.0
5	5	292	12.258	0.445	9.0	0.0	1.0	1.0
5	5	286	12.0	0.0	9.0	0.0	1.0	1.0
5	5	280	12.0	0.0	9.0	0.0	1.0	1.0
5	5	274	11.871	0.341	9.0	0.0	1.0	1.0
5	5	268	11.484	0.508	9.0	0.0	1.0	1.0
5	5	262	11.032	0.18	9.0	0.0	1.0	1.0
5	5	256	11.0	0.0	9.0	0.0	1.0	1.0
5	5	250	11.0	0.0	9.0	0.0	1.0	1.0
5	5	244	10.548	0.506	9.032	0.18	1.0	1.0
5	5	238	10.065	0.25	9.0	0.0	1.0	1.0
5	5	232	10.0	0.0	9.0	0.0	1.0	1.0
5	5	226	9.968	0.18	9.129	0.341	1.0	1.0
5	5	220	9.677	0.475	9.29	0.461	1.0	1.0
5	5	214	9.097	0.301	9.452	0.506	1.0	1.0
5	5	208	9.0	0.0	9.71	0.461	1.0	1.0
5	5	202	8.903	0.301	9.871	0.341	1.0	1.0
5	5	196	8.161	0.374	9.968	0.18	1.0	1.0
5	5	190	8.0	0.0	10.0	0.0	1.0	1.0
5	5	184	8.0	0.0	10.0	0.0	1.0	1.0
5	5	178	7.645	0.486	10.0	0.0	1.0	1.0
5	5	172	7.097	0.301	10.0	0.0	1.0	1.0
5	5	166	7.0	0.0	10.0	0.0	1.0	1.0
5	5	160	7.0	0.0	10.0	0.0	1.0	1.0
5	5	154	6.452	0.506	10.0	0.0	1.0	1.0
5	5	148	6.0	0.0	10.129	0.341	1.0	1.0
5	5	142	6.0	0.0	10.484	0.508	1.0	1.0
5	5	136	5.613	0.495	11.0	0.0	1.0	1.0
5	5	130	5.032	0.18	11.0	0.0	1.0	1.0
5	5	124	4.968	0.18	11.0	0.0	1.0	1.0
5	5	118	4.968	0.18	11.194	0.402	1.0	1.0
5	5	112	4.29	0.461	11.548	0.506	1.0	1.0
5	5	106	4.0	0.0	12.0	0.0	1.0	1.0
5	5	100	4.0	0.0	12.355	0.486	1.0	1.0
5	5	77	2.839	0.374	14.935	0.442	1.0	1.0
5	5	74	2.355	0.486	15.258	0.514	1.0	1.0
5	5	71	2.0	0.0	16.032	0.547	1.0	1.0
5	5	68	2.0	0.0	16.71	0.588	1.0	1.0
5	5	65	1.774	0.425	17.71	1.131	1.0	1.0
5	5	62	1.097	0.301	19.742	1.39	1.0	1.0
5	5	59	1.0	0.0	22.29	2.179	0.839	1.0
5	5	56	0.172	0.384	24.0	1.633	0.161	0.226
5	5	53	0.0	0.0	nan	nan	0.0	0.0
5	5	50	0.0	0.0	nan	nan	0.0	0.0
5	5	47	0.0	0.0	nan	nan	0.0	0.0
5	5	44	0.0	0.0	nan	nan	0.0	0.0
6	5	454	17.0	0.0	9.0	0.0	1.0	1.0
6	5	448	16.806	0.402	9.0	0.0	1.0	1.0
6	5	442	16.742	0.445	9.0	0.0	1.0	1.0
6	5	436	16.484	0.508	9.0	0.0	1.0	1.0
6	5	430	16.226	0.425	9.0	0.0	1.0	1.0
6	5	424	16.0	0.0	9.0	0.0	1.0	1.0
6	5	418	16.0	0.0	9.0	0.0	1.0	1.0
6	5	412	16.0	0.0	9.0	0.0	1.0	1.0
6	5	406	15.774	0.425	9.0	0.0	1.0	1.0
6	5	400	15.806	0.402	9.0	0.0	1.0	1.0
6	5	394	15.581	0.502	9.0	0.0	1.0	1.0
6	5	388	15.226	0.425	9.0	0.0	1.0	1.0
6	5	382	15.0	0.0	9.032	0.18	1.0	1.0
6	5	376	15.0	0.0	9.0	0.0	1.0	1.0
6	5	370	14.968	0.18	9.0	0.0	1.0	1.0
6	5	364	14.968	0.18	9.097	0.301	1.0	1.0
6	5	358	14.452	0.506	9.097	0.301	1.0	1.0
6	5	352	14.065	0.25	9.161	0.374	1.0	1.0
6	5	346	14.032	0.18	9.129	0.341	1.0	1.0
6	5	340	14.0	0.0	9.226	0.425	1.0	1.0
6	5	334	13.968	0.18	9.419	0.502	1.0	1.0
6	5	328	13.581	0.502	9.516	0.508	1.0	1.0
6	5	322	13.194	0.402	9.484	0.508	1.0	1.0
6	5	316	13.0	0.0	9.645	0.486	1.0	1.0
6	5	310	13.0	0.0	9.839	0.374	1.0	1.0
6	5	304	12.968	0.18	9.871	0.341	1.0	1.0
6	5	298	12.71	0.461	9.903	0.301	1.0	1.0
6	5	292	12.323	0.475	10.0	0.0	1.0	1.0
6	5	286	12.0	0.0	9.903	0.301	1.0	1.0
6	5	280	12.0	0.0	10.0	0.0	1.0	1.0
6	5	274	11.935	0.25	10.0	0.0	1.0	1.0
6	5	268	11.677	0.475	10.0	0.0	1.0	1.0
6	5	262	11.258	0.445	10.0	0.0	1.0	1.0
6	5	256	11.032	0.18	10.0	0.0	1.0	1.0
6	5	250	10.968	0.18	10.0	0.0	1.0	1.0
6	5	244	10.774	0.425	10.0	0.0	1.0	1.0
6	5	238	10.097	0.301	10.0	0.0	1.0	1.0
6	5	232	10.0	0.0	10.0	0.0	1.0	1.0
6	5	226	10.0	0.0	10.0	0.0	1.0	1.0
6	5	220	9.806	0.402	10.0	0.0	1.0	1.0
6	5	214	9.323	0.475	10.0	0.0	1.0	1.0
6	5	208	9.032	0.18	10.0	0.0	1.0	1.0
6	5	202	9.0	0.0	10.0	0.0	1.0	1.0
6	5	196	8.968	0.18	10.032	0.18	1.0	1.0
6	5	190	8.452	0.506	10.065	0.25	1.0	1.0
6	5	184	8.0	0.0	10.548	0.506	1.0	1.0
6	5	178	8.0	0.0	10.774	0.425	1.0	1.0
6	5	172	7.935	0.25	10.935	0.25	1.0	1.0
6	5	166	7.258	0.445	10.968	0.18	1.0	1.0
6	5	160	7.0	0.0	11.0	0.0	1.0	1.0
6	5	154	7.0	0.0	11.0	0.0	1.0	1.0
6	5	148	6.903	0.301	11.0	0.0	1.0	1.0
6	5	142	6.097	0.301	11.161	0.374	1.0	1.0
6	5	136	6.0	0.0	11.71	0.461	1.0	1.0
6	5	130	6.0	0.0	11.968	0.18	1.0	1.0
6	5	124	5.613	0.495	12.0	0.0	1.0	1.0
6	5	118	5.0	0.0	12.194	0.402	1.0	1.0
6	5	112	5.0	0.0	12.774	0.425	1.0	1.0
6	5	106	5.0	0.0	13.032	0.18	1.0	1.0
6	5	100	4.387	0.495	13.548	0.506	1.0	1.0
6	5	77	3.065	0.25	16.452	0.506	1.0	1.0
6	5	74	3.0	0.258	17.097	0.396	1.0	1.0
6	5	71	2.645	0.486	17.968	0.605	1.0	1.0
6	5	68	2.161	0.374	18.935	0.772	1.0	1.0
6	5	65	2.0	0.258	20.71	1.371	1.0	1.0
6	5	62	1.806	0.402	22.645	1.199	1.0	1.0
6	5	59	1.323	0.475	27.032	2.726	1.0	1.0
6	5	56	0.667	0.606	29.526	3.762	0.581	0.613
6	5	53	0.0	0.0	nan	nan	0.0	0.0
6	5	50	0.0	0.0	nan	nan	0.0	0.0
6	5	47	0.0	0.0	nan	nan	0.0	0.0
6	5	44	0.0	0.0	nan	nan	0.0	0.0
7	5	454	18.065	0.25	9.0	0.0	1.0	1.0
7	5	448	18.032	0.18	9.0	0.0	1.0	1.0
7	5	442	18.0	0.0	9.0	0.0	1.0	1.0
7	5	436	17.935	0.359	9.0	0.0	1.0	1.0
7	5	430	17.71	0.461	9.0	0.0	1.0	1.0
7	5	424	17.29	0.461	9.0	0.0	1.0	1.0
7	5	418	17.065	0.25	9.0	0.0	1.0	1.0
7	5	412	17.0	0.0	9.0	0.0	1.0	1.0
7	5	406	16.968	0.18	9.0	0.0	1.0	1.0
7	5	400	16.71	0.461	9.0	0.0	1.0	1.0
7	5	394	16.387	0.495	9.0	0.0	1.0	1.0
7	5	388	16.226	0.425	9.0	0.0	1.0	1.0
7	5	382	16.0	0.0	9.0	0.0	1.0	1.0
7	5	376	15.935	0.25	9.0	0.0	1.0	1.0
7	5	370	15.871	0.341	9.0	0.0	1.0	1.0
7	5	364	15.419	0.502	9.0	0.0	1.0	1.0
7	5	358	15.0	0.0	9.0	0.0	1.0	1.0
7	5	352	14.968	0.18	9.0	0.0	1.0	1.0
7	5	346	15.0	0.0	9.0	0.0	1.0	1.0
7	5	340	14.839	0.374	9.0	0.0	1.0	1.0
7	5	334	14.29	0.461	9.0	0.0	1.0	1.0
7	5	328	14.129	0.341	9.0	0.0	1.0	1.0
7	5	322	14.0	0.0	9.0	0.0	1.0	1.0
7	5	316	13.968	0.18	9.0	0.0	1.0	1.0
7	5	310	13.323	0.475	9.0	0.0	1.0	1.0
7	5	304	13.194	0.402	9.0	0.0	1.0	1.0
7	5	298	13.0	0.0	9.0	0.0	1.0	1.0
7	5	292	13.0	0.0	9.0	0.0	1.0	1.0
7	5	286	12.71	0.461	9.0	0.0	1.0	1.0
7	5	280	12.097	0.301	9.0	0.0	1.0	1.0
7	5	274	12.0	0.0	9.0	0.0	1.0	1.0
7	5	268	11.903	0.301	9.0	0.0	1.0	1.0
7	5	262	11.71	0.461	9.0	0.0	1.0	1.0
7	5	256	11.065	0.25	9.0	0.0	1.0	1.0
7	5	250	11.0	0.0	9.0	0.0	1.0	1.0
7	5	244	10.871	0.341	9.0	0.0	1.0	1.0
7	5	238	10.323	0.475	9.0	0.0	1.0	1.0
7	5	232	10.032	0.18	9.0	0.0	1.0	1.0
7	5	226	10.0	0.0	9.097	0.301	1.0	1.0
7	5	220	9.968	0.18	9.323	0.475	1.0	1.0
7	5	214	9.258	0.445	9.677	0.475	1.0	1.0
7	5	208	9.0	0.0	9.871	0.341	1.0	1.0
7	5	202	9.0	0.0	10.0	0.0	1.0	1.0
7	5	196	8.645	0.486	10.0	0.0	1.0	1.0
7	5	190	8.097	0.301	10.0	0.0	1.0	1.0
7	5	184	8.0	0.0	10.0	0.0	1.0	1.0
7	5	178	7.839	0.374	10.0	0.0	1.0	1.0
7	5	172	7.323	0.475	10.0	0.0	1.0	1.0
7	5	166	7.0	0.0	10.0	0.0	1.0	1.0
7	5	160	7.0	0.0	10.0	0.0	1.0	1.0
7	5	154	6.548	0.506	10.065	0.25	1.0	1.0
7	5	148	6.0	0.0	10.452	0.506	1.0	1.0
7	5	142	6.0	0.0	10.839	0.374	1.0	1.0
7	5	136	5.71	0.461	11.0	0.0	1.0	1.0
7	5	130	5.065	0.25	11.0	0.0	1.0	1.0
7	5	124	5.0	0.0	11.0	0.0	1.0	1.0
7	5	118	4.968	0.18	11.581	0.502	1.0	1.0
7	5	112	4.387	0.495	11.935	0.25	1.0	1.0
7	5	106	4.0	0.0	12.097	0.301	1.0	1.0
7	5	100	4.0	0.0	12.677	0.475	1.0	1.0
7	5	77	2.806	0.402	15.258	0.445	1.0	1.0
7	5	74	2.387	0.495	16.0	0.516	1.0	1.0
7	5	71	2.097	0.301	16.484	0.57	1.0	1.0
7	5	68	1.935	0.25	17.194	0.703	1.0	1.0
7	5	65	1.419	0.502	18.645	1.279	1.0	1.0
7	5	62	1.0	0.0	20.323	1.376	1.0	1.0
7	5	59	0.828	0.384	23.154	2.073	0.774	0.839
7	5	56	0.0	0.0	nan	nan	0.0	0.0
7	5	53	0.0	0.0	nan	nan	0.0	0.0
7	5	50	0.0	0.0	nan	nan	0.0	0.0
7	5	47	0.0	0.0	nan	nan	0.0	0.0
7	5	44	0.0	0.0	nan	nan	0.0	0.0
8	5	454	18.065	0.25	9.0	0.0	1.0	1.0
8	5	448	18.0	0.0	9.0	0.0	1.0	1.0
8	5	442	17.935	0.25	9.0	0.0	1.0	1.0
8	5	436	18.0	0.0	9.0	0.0	1.0	1.0
8	5	430	17.387	0.495	9.0	0.0	1.0	1.0
8	5	424	17.194	0.402	9.0	0.0	1.0	1.0
8	5	418	17.0	0.0	9.0	0.0	1.0	1.0
8	5	412	17.0	0.0	9.0	0.0	1.0	1.0
8	5	406	16.935	0.25	9.0	0.0	1.0	1.0
8	5	400	16.806	0.402	9.0	0.0	1.0	1.0
8	5	394	16.419	0.502	9.0	0.0	1.0	1.0
8	5	388	16.161	0.374	9.0	0.0	1.0	1.0
8	5	382	16.032	0.18	9.0	0.0	1.0	1.0
8	5	376	16.0	0.0	9.0	0.0	1.0	1.0
8	5	370	15.806	0.402	9.0	0.0	1.0	1.0
8	5	364	15.645	0.486	9.0	0.0	1.0	1.0
8	5	358	15.323	0.475	9.0	0.0	1.0	1.0
8	5	352	15.032	0.18	9.0	0.0	1.0	1.0
8	5	346	15.0	0.0	9.0	0.0	1.0	1.0
8	5	340	14.935	0.25	9.0	0.0	1.0	1.0
8	5	334	14.516	0.508	9.0	0.0	1.0	1.0
8	5	328	14.161	0.374	9.0	0.0	1.0	1.0
8	5	322	14.0	0.0	9.0	0.0	1.0	1.0
8	5	316	14.0	0.0	9.0	0.0	1.0	1.0
8	5	310	13.806	0.402	9.0	0.0	1.0	1.0
8	5	304	13.258	0.445	9.0	0.0	1.0	1.0
8	5	298	13.0	0.0	9.0	0.0	1.0	1.0
8	5	292	13.0	0.0	9.0	0.0	1.0	1.0
8	5	286	12.871	0.341	9.0	0.0	1.0	1.0
8	5	280	12.226	0.425	9.0	0.0	1.0	1.0
8	5	274	12.0	0.0	9.0	0.0	1.0	1.0
8	5	268	12.0	0.0	9.0	0.0	1.0	1.0
8	5	262	11.871	0.341	9.0	0.0	1.0	1.0
8	5	256	11.484	0.508	9.0	0.0	1.0	1.0
8	5	250	11.065	0.25	9.032	0.18	1.0	1.0
8	5	244	11.0	0.0	9.032	0.18	1.0	1.0
8	5	238	10.839	0.374	9.226	0.425	1.0	1.0
8	5	232	10.194	0.402	9.29	0.461	1.0	1.0
8	5	226	10.0	0.0	9.806	0.402	1.0	1.0
8	5	220	9.968	0.18	9.806	0.402	1.0	1.0
8	5	214	9.613	0.495	9.968	0.18	1.0	1.0
8	5	208	9.161	0.374	10.0	0.0	1.0	1.0
8	5	202	9.0	0.0	10.0	0.0	1.0	1.0
8	5	196	9.0	0.0	10.0	0.0	1.0	1.0
8	5	190	8.323	0.475	10.0	0.0	1.0	1.0
8	5	184	8.0	0.0	10.0	0.0	1.0	1.0
8	5	178	8.0	0.0	10.0	0.0	1.0	1.0
8	5	172	7.613	0.495	10.0	0.0	1.0	1.0
8	5	166	7.194	0.402	10.065	0.25	1.0	1.0
8	5	160	7.0	0.0	10.129	0.341	1.0	1.0
8	5	154	6.871	0.341	10.581	0.502	1.0	1.0
8	5	148	6.387	0.495	10.774	0.425	1.0	1.0
8	5	142	6.032	0.18	10.968	0.18	1.0	1.0
8	5	136	5.968	0.18	11.0	0.0	1.0	1.0
8	5	130	5.677	0.475	11.032	0.18	1.0	1.0
8	5	124	5.032	0.18	11.452	0.506	1.0	1.0
8	5	118	5.0	0.0	11.935	0.25	1.0	1.0
8	5	112	4.839	0.374	12.0	0.0	1.0	1.0
8	5	106	4.129	0.341	12.452	0.506	1.0	1.0
8	5	100	4.0	0.0	13.0	0.258	1.0	1.0
8	5	77	2.903	0.301	15.806	0.477	1.0	1.0
8	5	74	2.613	0.495	16.258	0.631	1.0	1.0
8	5	71	2.258	0.445	17.129	0.499	1.0	1.0
8	5	68	1.71	0.588	18.226	0.956	1.0	1.0
8	5	65	1.129	0.341	19.581	1.432	1.0	1.0
8	5	62	1.0	0.0	21.742	1.653	1.0	1.0
8	5	59	0.63	0.492	24.143	1.824	0.548	0.677
8	5	56	0.0	0.0	nan	nan	0.0	0.0
8	5	53	0.0	0.0	nan	nan	0.0	0.0
8	5	50	0.0	0.0	nan	nan	0.0	0.0
8	5	47	0.0	0.0	nan	nan	0.0	0.0
8	5	44	0.0	0.0	nan	nan	0.0	0.0
9	5	454	23.0	0.258	9.0	0.0	1.0	1.0
9	5	448	22.613	0.495	9.0	0.0	1.0	1.0
9	5	442	22.581	0.502	9.0	0.0	1.0	1.0
9	5	436	22.097	0.301	9.0	0.0	1.0	1.0
9	5	430	22.0	0.365	9.0	0.0	1.0	1.0
9	5	424	21.839	0.374	9.0	0.0	1.0	1.0
9	5	418	21.71	0.461	9.0	0.0	1.0	1.0
9	5	412	21.516	0.508	9.0	0.0	1.0	1.0
9	5	406	21.129	0.341	9.0	0.0	1.0	1.0
9	5	400	20.935	0.25	9.0	0.0	1.0	1.0
9	5	394	20.968	0.18	9.0	0.0	1.0	1.0
9	5	388	20.484	0.508	9.0	0.0	1.0	1.0
9	5	382	20.29	0.461	9.0	0.0	1.0	1.0
9	5	376	20.0	0.258	9.0	0.0	1.0	1.0
9	5	370	19.935	0.25	9.0	0.0	1.0	1.0
9	5	364	19.742	0.445	9.0	0.0	1.0	1.0
9	5	358	19.29	0.461	9.0	0.0	1.0	1.0
9	5	352	19.0	0.258	9.0	0.0	1.0	1.0
9	5	346	18.871	0.341	9.0	0.0	1.0	1.0
9	5	340	18.645	0.486	9.0	0.0	1.0	1.0
9	5	334	18.516	0.508	9.0	0.0	1.0	1.0
9	5	328	18.065	0.25	9.0	0.0	1.0	1.0
9	5	322	18.0	0.0	9.0	0.0	1.0	1.0
9	5	316	17.839	0.374	9.0	0.0	1.0	1.0
9	5	310	17.258	0.445	9.0	0.0	1.0	1.0
9	5	304	17.032	0.18	9.0	0.0	1.0	1.0
9	5	298	16.774	0.425	9.0	0.0	1.0	1.0
9	5	292	16.355	0.486	9.0	0.0	1.0	1.0
9	5	286	16.0	0.0	9.0	0.0	1.0	1.0
9	5	280	15.935	0.25	9.0	0.0	1.0	1.0
9	5	274	15.323	0.475	9.0	0.0	1.0	1.0
9	5	268	15.065	0.25	9.0	0.0	1.0	1.0
9	5	262	14.903	0.301	9.0	0.0	1.0	1.0
9	5	256	14.581	0.502	9.0	0.0	1.0	1.0
9	5	250	14.065	0.25	9.032	0.18	1.0	1.0
9	5	244	13.935	0.25	9.226	0.425	1.0	1.0
9	5	238	13.419	0.502	9.355	0.486	1.0	1.0
9	5	232	13.032	0.18	9.452	0.506	1.0	1.0
9	5	226	13.0	0.0	9.645	0.486	1.0	1.0
9	5	220	12.484	0.508	9.871	0.341	1.0	1.0
9	5	214	12.032	0.18	9.968	0.18	1.0	1.0
9	5	208	11.903	0.301	10.0	0.0	1.0	1.0
9	5	202	11.355	0.486	10.0	0.0	1.0	1.0
9	5	196	11.0	0.258	10.0	0.0	1.0	1.0
9	5	190	10.806	0.402	10.0	0.0	1.0	1.0
9	5	184	10.129	0.341	10.0	0.0	1.0	1.0
9	5	178	9.968	0.18	10.0	0.0	1.0	1.0
9	5	172	9.677	0.475	10.065	0.25	1.0	1.0
9	5	166	9.129	0.341	10.0	0.0	1.0	1.0
9	5	160	8.968	0.18	10.194	0.402	1.0	1.0
9	5	154	8.355	0.486	10.645	0.486	1.0	1.0
9	5	148	7.935	0.25	10.968	0.18	1.0	1.0
9	5	142	7.774	0.425	11.0	0.0	1.0	1.0
9	5	136	7.194	0.402	11.0	0.0	1.0	1.0
9	5	130	7.0	0.0	11.065	0.25	1.0	1.0
9	5	124	6.355	0.486	11.806	0.402	1.0	1.0
9	5	118	6.032	0.18	12.0	0.0	1.0	1.0
9	5	112	5.903	0.301	12.097	0.301	1.0	1.0
9	5	106	5.161	0.374	12.581	0.502	1.0	1.0
9	5	100	4.968	0.18	13.032	0.315	1.0	1.0
9	5	77	3.161	0.374	15.968	0.547	1.0	1.0
9	5	74	3.032	0.18	16.613	0.615	1.0	1.0
9	5	71	2.774	0.497	17.516	0.677	1.0	1.0
9	5	68	2.129	0.562	18.387	0.803	1.0	1.0
9	5	65	1.677	0.599	19.903	1.375	1.0	1.0
9	5	62	1.194	0.402	21.452	1.67	1.0	1.0
9	5	59	0.9	0.305	23.857	1.995	0.871	0.903
9	5	56	0.258	0.445	27.125	2.85	0.258	0.258
9	5	53	0.0	0.0	nan	nan	0.0	0.0
9	5	50	0.0	0.0	nan	nan	0.0	0.0
9	5	47	0.0	0.0	nan	nan	0.0	0.0
9	5	44	0.0	0.0	nan	nan	0.0	0.0
10	5	454	20.903	0.301	9.903	0.301	1.0	1.0
10	5	448	20.677	0.475	9.935	0.25	1.0	1.0
10	5	442	20.452	0.506	9.968	0.18	1.0	1.0
10	5	436	20.258	0.445	9.935	0.25	1.0	1.0
10	5	430	20.129	0.341	10.0	0.0	1.0	1.0
10	5	424	19.935	0.25	10.0	0.0	1.0	1.0
10	5	418	19.839	0.374	9.903	0.301	1.0	1.0
10	5	412	19.516	0.508	10.0	0.0	1.0	1.0
10	5	406	19.29	0.461	10.0	0.0	1.0	1.0
10	5	400	19.0	0.0	10.0	0.0	1.0	1.0
10	5	394	19.0	0.0	9.968	0.18	1.0	1.0
10	5	388	18.774	0.497	10.0	0.0	1.0	1.0
10	5	382	18.323	0.475	9.968	0.18	1.0	1.0
10	5	376	18.097	0.301	10.0	0.0	1.0	1.0
10	5	370	18.032	0.18	10.0	0.0	1.0	1.0
10	5	364	17.935	0.25	10.0	0.0	1.0	1.0
10	5	358	17.806	0.402	10.0	0.0	1.0	1.0
10	5	352	17.548	0.506	10.0	0.0	1.0	1.0
10	5	346	17.194	0.402	10.0	0.0	1.0	1.0
10	5	340	17.032	0.315	10.0	0.0	1.0	1.0
10	5	334	16.677	0.475	10.0	0.0	1.0	1.0
10	5	328	16.613	0.495	10.0	0.0	1.0	1.0
10	5	322	16.226	0.425	10.0	0.0	1.0	1.0
10	5	316	16.032	0.315	10.0	0.0	1.0	1.0
10	5	310	15.968	0.18	10.0	0.0	1.0	1.0
10	5	304	15.806	0.402	10.0	0.0	1.0	1.0
10	5	298	15.194	0.402	10.0	0.0	1.0	1.0
10	5	292	15.032	0.18	10.0	0.0	1.0	1.0
10	5	286	14.871	0.341	10.0	0.0	1.0	1.0
10	5	280	14.516	0.508	10.0	0.0	1.0	1.0
10	5	274	14.032	0.18	10.0	0.0	1.0	1.0
10	5	268	14.065	0.25	10.0	0.0	1.0	1.0
10	5	262	13.774	0.425	10.0	0.0	1.0	1.0
10	5	256	13.29	0.461	10.032	0.18	1.0	1.0
10	5	250	13.065	0.25	10.032	0.18	1.0	1.0
10	5	244	12.968	0.18	10.129	0.341	1.0	1.0
10	5	238	12.613	0.495	10.129	0.341	1.0	1.0
10	5	232	12.129	0.341	10.258	0.445	1.0	1.0
10	5	226	12.0	0.0	10.355	0.486	1.0	1.0
10	5	220	11.903	0.301	10.613	0.495	1.0	1.0
10	5	214	11.29	0.461	10.774	0.425	1.0	1.0
10	5	208	11.0	0.0	10.903	0.301	1.0	1.0
10	5	202	10.903	0.301	10.935	0.25	1.0	1.0
10	5	196	10.29	0.461	11.0	0.0	1.0	1.0
10	5	190	10.0	0.0	11.0	0.0	1.0	1.0
10	5	184	9.968	0.18	11.0	0.0	1.0	1.0
10	5	178	9.452	0.506	11.0	0.0	1.0	1.0
10	5	172	9.0	0.0	11.032	0.18	1.0	1.0
10	5	166	8.968	0.18	11.129	0.341	1.0	1.0
10	5	160	8.452	0.506	11.484	0.508	1.0	1.0
10	5	154	8.0	0.0	11.645	0.486	1.0	1.0
10	5	148	7.935	0.25	11.935	0.25	1.0	1.0
10	5	142	7.387	0.495	12.0	0.0	1.0	1.0
10	5	136	7.0	0.0	12.0	0.0	1.0	1.0
10	5	130	6.935	0.25	12.323	0.475	1.0	1.0
10	5	124	6.323	0.475	12.645	0.486	1.0	1.0
10	5	118	6.0	0.0	13.0	0.0	1.0	1.0
10	5	112	5.903	0.301	13.097	0.301	1.0	1.0
10	5	106	5.29	0.461	13.613	0.495	1.0	1.0
10	5	100	4.968	0.18	14.129	0.341	1.0	1.0
10	5	77	3.645	0.486	17.194	0.543	1.0	1.0
10	5	74	3.032	0.605	17.774	0.669	1.0	1.0
10	5	71	2.29	0.461	18.742	0.729	1.0	1.0
10	5	68	2.032	0.18	19.935	0.929	1.0	1.0
10	5	65	1.968	0.18	21.645	1.05	1.0	1.0
10	5	62	1.71	0.461	23.484	1.235	1.0	1.0
10	5	59	1.581	0.502	25.903	2.166	1.0	1.0
10	5	56	0.964	0.576	29.192	3.544	0.742	0.839
10	5	53	0.133	0.346	33.4	3.912	0.129	0.161
10	5	50	0.0	0.0	nan	nan	0.0	0.0
10	5	47	0.0	0.0	nan	nan	0.0	0.0
10	5	44	0.0	0.0	nan	nan	0.0	0.0
11	5	454	21.0	0.0	9.0	0.0	1.0	1.0
11	5	448	20.677	0.475	9.0	0.0	1.0	1.0
11	5	442	20.355	0.486	9.0	0.0	1.0	1.0
11	5	436	20.097	0.301	9.0	0.0	1.0	1.0
11	5	430	20.0	0.0	9.0	0.0	1.0	1.0
11	5	424	19.968	0.18	9.0	0.0	1.0	1.0
11	5	418	19.613	0.495	9.0	0.0	1.0	1.0
11	5	412	19.323	0.475	9.0	0.0	1.0	1.0
11	5	406	19.065	0.25	9.0	0.0	1.0	1.0
11	5	400	18.968	0.18	9.0	0.0	1.0	1.0
11	5	394	18.903	0.301	9.0	0.0	1.0	1.0
11	5	388	18.387	0.495	9.0	0.0	1.0	1.0
11	5	382	18.129	0.341	9.0	0.0	1.0	1.0
11	5	376	18.032	0.18	9.0	0.0	1.0	1.0
11	5	370	18.0	0.0	9.0	0.0	1.0	1.0
11	5	364	17.903	0.301	9.0	0.0	1.0	1.0
11	5	358	17.355	0.486	9.0	0.0	1.0	1.0
11	5	352	17.032	0.18	9.0	0.0	1.0	1.0
11	5	346	17.032	0.18	9.0	0.0	1.0	1.0
11	5	340	16.839	0.374	9.0	0.0	1.0	1.0
11	5	334	16.484	0.508	9.0	0.0	1.0	1.0
11	5	328	16.032	0.18	9.0	0.0	1.0	1.0
11	5	322	16.032	0.18	9.0	0.0	1.0	1.0
11	5	316	15.839	0.374	9.0	0.0	1.0	1.0
11	5	310	15.613	0.495	9.0	0.0	1.0	1.0
11	5	304	15.161	0.374	9.0	0.0	1.0	1.0
11	5	298	15.0	0.0	9.0	0.0	1.0	1.0
11	5	292	14.774	0.425	9.0	0.0	1.0	1.0
11	5	286	14.258	0.445	9.0	0.0	1.0	1.0
11	5	280	14.065	0.25	9.065	0.25	1.0	1.0
11	5	274	13.935	0.25	9.0	0.0	1.0	1.0
11	5	268	13.484	0.508	9.0	0.0	1.0	1.0
11	5	262	13.097	0.301	9.226	0.425	1.0	1.0
11	5	256	13.0	0.0	9.226	0.425	1.0	1.0
11	5	250	12.774	0.425	9.677	0.475	1.0	1.0
11	5	244	12.065	0.25	9.71	0.461	1.0	1.0
11	5	238	12.032	0.18	9.871	0.341	1.0	1.0
11	5	232	11.903	0.301	9.935	0.25	1.0	1.0
11	5	226	11.161	0.374	9.968	0.18	1.0	1.0
11	5	220	11.0	0.0	10.0	0.0	1.0	1.0
11	5	214	10.903	0.301	10.0	0.0	1.0	1.0
11	5	208	10.452	0.506	10.0	0.0	1.0	1.0
11	5	202	10.0	0.0	10.0	0.0	1.0	1.0
11	5	196	9.903	0.301	10.0	0.0	1.0	1.0
11	5	190	9.387	0.495	10.0	0.0	1.0	1.0
11	5	184	9.0	0.0	10.0	0.0	1.0	1.0
11	5	178	8.935	0.25	10.0	0.0	1.0	1.0
11	5	172	8.355	0.486	10.032	0.18	1.0	1.0
11	5	166	8.032	0.18	10.097	0.301	1.0	1.0
11	5	160	8.0	0.0	10.355	0.486	1.0	1.0
11	5	154	7.194	0.402	10.742	0.445	1.0	1.0
11	5	148	7.0	0.0	10.935	0.25	1.0	1.0
11	5	142	6.968	0.18	11.0	0.0	1.0	1.0
11	5	136	6.419	0.502	11.0	0.0	1.0	1.0
11	5	130	6.0	0.0	11.129	0.341	1.0	1.0
11	5	124	5.806	0.402	11.774	0.497	1.0	1.0
11	5	118	5.194	0.402	11.935	0.25	1.0	1.0
11	5	112	5.0	0.0	12.032	0.18	1.0	1.0
11	5	106	4.774	0.425	12.452	0.506	1.0	1.0
11	5	100	4.065	0.25	13.0	0.0	1.0	1.0
11	5	77	2.935	0.25	15.742	0.514	1.0	1.0
11	5	74	2.839	0.374	16.226	0.617	1.0	1.0
11	5	71	2.355	0.486	16.774	0.669	1.0	1.0
11	5	68	1.806	0.402	17.613	0.844	1.0	1.0
11	5	65	1.194	0.402	19.258	1.237	1.0	1.0
11	5	62	0.935	0.25	20.931	1.624	0.935	0.935
11	5	59	0.857	0.356	23.741	1.852	0.774	0.871
11	5	56	0.032	0.18	24.0	0.0	0.032	0.032
11	5	53	0.0	0.0	nan	nan	0.0	0.0
11	5	50	0.0	0.0	nan	nan	0.0	0.0
11	5	47	0.0	0.0	nan	nan	0.0	0.0
11	5	44	0.0	0.0	nan	nan	0.0	0.0
12	5	454	24.871	0.341	10.0	0.0	1.0	1.0
12	5	448	24.258	0.445	10.0	0.0	1.0	1.0
12	5	442	24.065	0.25	10.0	0.0	1.0	1.0
12	5	436	24.032	0.18	10.0	0.0	1.0	1.0
12	5	430	23.903	0.301	10.0	0.0	1.0	1.0
12	5	424	23.839	0.374	10.0	0.0	1.0	1.0
12	5	418	23.355	0.486	10.0	0.0	1.0	1.0
12	5	412	23.032	0.18	10.0	0.0	1.0	1.0
12	5	406	23.0	0.258	10.0	0.0	1.0	1.0
12	5	400	22.935	0.25	10.0	0.0	1.0	1.0
12	5	394	22.452	0.506	10.0	0.0	1.0	1.0
12	5	388	22.194	0.402	10.0	0.0	1.0	1.0
12	5	382	22.0	0.0	10.0	0.0	1.0	1.0
12	5	376	21.839	0.374	10.0	0.0	1.0	1.0
12	5	370	21.419	0.502	10.0	0.0	1.0	1.0
12	5	364	21.226	0.425	10.0	0.0	1.0	1.0
12	5	358	20.968	0.18	10.0	0.0	1.0	1.0
12	5	352	20.903	0.301	10.0	0.0	1.0	1.0
12	5	346	20.387	0.495	10.0	0.0	1.0	1.0
12	5	340	20.161	0.374	10.0	0.0	1.0	1.0
12	5	334	19.968	0.18	10.0	0.0	1.0	1.0
12	5	328	19.774	0.425	10.0	0.0	1.0	1.0
12	5	322	19.419	0.502	10.032	0.18	1.0	1.0
12	5	316	19.065	0.25	10.0	0.0	1.0	1.0
12	5	310	19.0	0.0	10.0	0.0	1.0	1.0
12	5	304	18.71	0.461	10.0	0.0	1.0	1.0
12	5	298	18.097	0.301	10.0	0.0	1.0	1.0
12	5	292	17.935	0.25	10.032	0.18	1.0	1.0
12	5	286	17.677	0.475	10.032	0.18	1.0	1.0
12	5	280	17.226	0.425	10.0	0.0	1.0	1.0
12	5	274	17.032	0.315	10.065	0.25	1.0	1.0
12	5	268	16.581	0.502	10.032	0.18	1.0	1.0
12	5	262	16.194	0.402	10.065	0.25	1.0	1.0
12	5	256	15.968	0.18	10.226	0.425	1.0	1.0
12	5	250	15.806	0.402	10.355	0.486	1.0	1.0
12	5	244	15.129	0.341	10.226	0.425	1.0	1.0
12	5	238	14.935	0.25	10.452	0.506	1.0	1.0
12	5	232	14.613	0.495	10.677	0.475	1.0	1.0
12	5	226	14.032	0.18	10.677	0.475	1.0	1.0
12	5	220	13.935	0.25	10.903	0.301	1.0	1.0
12	5	214	13.516	0.508	10.935	0.25	1.0	1.0
12	5	208	13.032	0.18	11.0	0.0	1.0	1.0
12	5	202	12.839	0.374	11.0	0.0	1.0	1.0
12	5	196	12.032	0.18	11.0	0.0	1.0	1.0
12	5	190	12.032	0.18	11.0	0.0	1.0	1.0
12	5	184	11.355	0.486	11.0	0.0	1.0	1.0
12	5	178	11.0	0.0	11.129	0.341	1.0	1.0
12	5	172	10.903	0.301	11.161	0.374	1.0	1.0
12	5	166	10.097	0.301	11.355	0.486	1.0	1.0
12	5	160	9.968	0.18	11.677	0.475	1.0	1.0
12	5	154	9.29	0.461	12.0	0.0	1.0	1.0
12	5	148	9.0	0.258	12.0	0.0	1.0	1.0
12	5	142	8.774	0.425	12.065	0.25	1.0	1.0
12	5	136	8.097	0.301	12.226	0.425	1.0	1.0
12	5	130	7.968	0.18	12.645	0.486	1.0	1.0
12	5	124	7.355	0.486	12.935	0.25	1.0	1.0
12	5	118	6.968	0.18	13.032	0.18	1.0	1.0
12	5	112	6.613	0.495	13.355	0.486	1.0	1.0
12	5	106	6.032	0.18	14.032	0.18	1.0	1.0
12	5	100	5.968	0.18	14.29	0.461	1.0	1.0
12	5	77	3.806	0.402	17.645	0.486	1.0	1.0
12	5	74	3.226	0.497	18.677	1.013	1.0	1.0
12	5	71	2.935	0.25	19.742	0.93	1.0	1.0
12	5	68	2.355	0.486	21.129	1.176	1.0	1.0
12	5	65	2.032	0.18	22.903	1.248	1.0	1.0
12	5	62	2.0	0.0	25.097	1.423	1.0	1.0
12	5	59	1.931	0.258	29.806	3.092	0.935	1.0
12	5	56	0.714	0.845	36.0	4.052	0.323	0.645
12	5	53	0.0	0.0	nan	nan	0.0	0.0
12	5	50	0.0	0.0	nan	nan	0.0	0.0
12	5	47	0.0	0.0	nan	nan	0.0	0.0
12	5	44	0.0	0.0	nan	nan	0.0	0.0
13	5	454	14.0	0.0	8.129	0.341	1.0	1.0
13	5	448	14.0	0.0	8.161	0.374	1.0	1.0
13	5	442	13.935	0.25	8.129	0.341	1.0	1.0
13	5	436	13.742	0.445	8.258	0.445	1.0	1.0
13	5	430	13.516	0.508	8.29	0.461	1.0	1.0
13	5	424	13.194	0.402	8.29	0.461	1.0	1.0
13	5	418	13.0	0.0	8.29	0.461	1.0	1.0
13	5	412	13.0	0.0	8.323	0.475	1.0	1.0
13	5	406	13.0	0.0	8.613	0.495	1.0	1.0
13	5	400	12.903	0.301	8.548	0.506	1.0	1.0
13	5	394	12.645	0.486	8.613	0.495	1.0	1.0
13	5	388	12.29	0.461	8.839	0.374	1.0	1.0
13	5	382	12.065	0.25	8.774	0.425	1.0	1.0
13	5	376	12.032	0.18	8.839	0.374	1.0	1.0
13	5	370	12.0	0.0	8.774	0.425	1.0	1.0
13	5	364	12.0	0.0	8.935	0.25	1.0	1.0
13	5	358	12.0	0.0	8.935	0.25	1.0	1.0
13	5	352	11.677	0.475	9.0	0.0	1.0	1.0
13	5	346	11.065	0.25	8.968	0.18	1.0	1.0
13	5	340	11.032	0.18	9.0	0.0	1.0	1.0
13	5	334	11.0	0.0	8.968	0.18	1.0	1.0
13	5	328	11.0	0.0	8.968	0.18	1.0	1.0
13	5	322	10.903	0.301	9.0	0.0	1.0	1.0
13	5	316	10.742	0.445	9.0	0.0	1.0	1.0
13	5	310	10.29	0.461	9.0	0.0	1.0	1.0
13	5	304	10.065	0.25	9.0	0.0	1.0	1.0
13	5	298	10.0	0.0	9.0	0.0	1.0	1.0
13	5	292	10.0	0.0	9.0	0.0	1.0	1.0
13	5	286	9.871	0.341	9.0	0.0	1.0	1.0
13	5	280	9.355	0.486	9.0	0.0	1.0	1.0
13	5	274	9.032	0.18	9.0	0.0	1.0	1.0
13	5	268	9.0	0.0	9.0	0.0	1.0	1.0
13	5	262	9.0	0.0	9.0	0.0	1.0	1.0
13	5	256	9.0	0.0	9.0	0.0	1.0	1.0
13	5	250	8.613	0.495	9.0	0.0	1.0	1.0
13	5	244	8.129	0.341	9.0	0.0	1.0	1.0
13	5	238	8.0	0.0	9.0	0.0	1.0	1.0
13	5	232	8.0	0.0	9.0	0.0	1.0	1.0
13	5	226	8.0	0.0	9.0	0.0	1.0	1.0
13	5	220	7.677	0.475	9.0	0.0	1.0	1.0
13	5	214	7.032	0.18	9.0	0.0	1.0	1.0
13	5	208	7.0	0.0	9.0	0.0	1.0	1.0
13	5	202	7.0	0.0	9.0	0.0	1.0	1.0
13	5	196	7.0	0.0	9.161	0.374	1.0	1.0
13	5	190	6.581	0.502	9.29	0.461	1.0	1.0
13	5	184	6.032	0.18	9.71	0.461	1.0	1.0
13	5	178	6.0	0.0	9.935	0.25	1.0	1.0
13	5	172	5.968	0.18	10.0	0.0	1.0	1.0
13	5	166	5.871	0.341	10.0	0.0	1.0	1.0
13	5	160	5.226	0.425	10.0	0.0	1.0	1.0
13	5	154	5.0	0.0	10.0	0.0	1.0	1.0
13	5	148	5.0	0.0	10.0	0.0	1.0	1.0
13	5	142	5.0	0.0	10.097	0.301	1.0	1.0
13	5	136	4.548	0.506	10.387	0.495	1.0	1.0
13	5	130	4.161	0.374	10.806	0.402	1.0	1.0
13	5	124	4.0	0.0	10.935	0.25	1.0	1.0
13	5	118	4.0	0.0	11.032	0.18	1.0	1.0
13	5	112	3.935	0.25	11.258	0.445	1.0	1.0
13	5	106	3.161	0.374	11.774	0.425	1.0	1.0
13	5	100	3.0	0.0	12.065	0.25	1.0	1.0
13	5	77	2.097	0.301	14.677	0.475	1.0	1.0
13	5	74	1.968	0.18	15.387	0.844	1.0	1.0
13	5	71	2.0	0.0	15.742	0.575	1.0	1.0
13	5	68	2.0	0.0	16.581	0.886	1.0	1.0
13	5	65	1.968	0.18	17.194	0.654	1.0	1.0
13	5	62	1.548	0.506	18.323	0.832	1.0	1.0
13	5	59	1.04	0.351	20.6	1.632	0.774	0.968
13	5	56	0.708	0.464	22.125	2.05	0.548	0.774
13	5	53	0.0	0.0	24.5	0.707	0.0	0.065
13	5	50	0.0	0.0	nan	nan	0.0	0.0
13	5	47	0.0	0.0	nan	nan	0.0	0.0
13	5	44	0.0	0.0	nan	nan	0.0	0.0
14	5	454	18.0	0.0	9.71	0.461	1.0	1.0
14	5	448	18.065	0.25	9.742	0.445	1.0	1.0
14	5	442	18.032	0.18	9.871	0.341	1.0	1.0
14	5	436	17.968	0.18	9.839	0.374	1.0	1.0
14	5	430	17.774	0.425	9.871	0.341	1.0	1.0
14	5	424	17.387	0.495	9.806	0.402	1.0	1.0
14	5	418	17.226	0.425	9.935	0.25	1.0	1.0
14	5	412	17.065	0.25	9.935	0.25	1.0	1.0
14	5	406	17.065	0.25	9.968	0.18	1.0	1.0
14	5	400	17.0	0.0	9.968	0.18	1.0	1.0
14	5	394	16.806	0.402	9.968	0.18	1.0	1.0
14	5	388	16.71	0.461	9.935	0.25	1.0	1.0
14	5	382	16.226	0.425	10.0	0.0	1.0	1.0
14	5	376	16.226	0.425	10.0	0.0	1.0	1.0
14	5	370	16.0	0.0	10.0	0.0	1.0	1.0
14	5	364	15.968	0.18	10.0	0.0	1.0	1.0
14	5	358	15.677	0.475	10.0	0.0	1.0	1.0
14	5	352	15.226	0.425	10.0	0.0	1.0	1.0
14	5	346	15.032	0.18	10.0	0.0	1.0	1.0
14	5	340	15.0	0.0	10.0	0.0	1.0	1.0
14	5	334	14.935	0.25	10.0	0.0	1.0	1.0
14	5	328	14.742	0.445	10.0	0.0	1.0	1.0
14	5	322	14.71	0.461	10.0	0.0	1.0	1.0
14	5	316	14.097	0.301	10.0	0.0	1.0	1.0
14	5	310	14.0	0.0	10.0	0.0	1.0	1.0
14	5	304	13.968	0.18	10.0	0.0	1.0	1.0
14	5	298	13.774	0.425	10.0	0.0	1.0	1.0
14	5	292	13.161	0.374	10.0	0.0	1.0	1.0
14	5	286	13.0	0.0	10.0	0.0	1.0	1.0
14	5	280	13.0	0.0	10.0	0.0	1.0	1.0
14	5	274	12.677	0.475	10.0	0.0	1.0	1.0
14	5	268	12.194	0.402	10.0	0.0	1.0	1.0
14	5	262	12.0	0.0	10.0	0.0	1.0	1.0
14	5	256	12.0	0.0	10.0	0.0	1.0	1.0
14	5	250	11.677	0.475	10.0	0.0	1.0	1.0
14	5	244	11.194	0.402	10.0	0.0	1.0	1.0
14	5	238	11.0	0.0	10.0	0.0	1.0	1.0
14	5	232	10.935	0.25	10.0	0.0	1.0	1.0
14	5	226	10.548	0.506	10.0	0.0	1.0	1.0
14	5	220	10.032	0.18	10.032	0.18	1.0	1.0
14	5	214	10.0	0.0	10.129	0.341	1.0	1.0
14	5	208	9.774	0.425	10.226	0.425	1.0	1.0
14	5	202	9.29	0.461	10.742	0.445	1.0	1.0
14	5	196	9.032	0.18	10.71	0.461	1.0	1.0
14	5	190	9.0	0.0	11.0	0.0	1.0	1.0
14	5	184	8.839	0.374	11.0	0.0	1.0	1.0
14	5	178	8.097	0.301	11.0	0.0	1.0	1.0
14	5	172	8.0	0.0	11.0	0.0	1.0	1.0
14	5	166	7.903	0.301	11.0	0.0	1.0	1.0
14	5	160	7.323	0.475	11.0	0.0	1.0	1.0
14	5	154	7.0	0.0	11.194	0.402	1.0	1.0
14	5	148	6.935	0.25	11.581	0.502	1.0	1.0
14	5	142	6.323	0.475	11.871	0.341	1.0	1.0
14	5	136	6.065	0.25	12.0	0.0	1.0	1.0
14	5	130	6.032	0.18	12.032	0.18	1.0	1.0
14	5	124	5.548	0.506	12.258	0.445	1.0	1.0
14	5	118	5.129	0.341	12.806	0.402	1.0	1.0
14	5	112	5.0	0.0	12.968	0.18	1.0	1.0
14	5	106	4.839	0.374	13.323	0.475	1.0	1.0
14	5	100	4.129	0.341	13.871	0.341	1.0	1.0
14	5	77	2.968	0.18	16.903	0.651	1.0	1.0
14	5	74	2.935	0.25	17.516	0.57	1.0	1.0
14	5	71	2.387	0.495	18.452	0.81	1.0	1.0
14	5	68	1.935	0.442	19.581	0.992	1.0	1.0
14	5	65	1.452	0.506	21.258	1.673	1.0	1.0
14	5	62	1.032	0.18	22.71	1.657	1.0	1.0
14	5	59	1.034	0.186	26.097	3.037	0.935	1.0
14	5	56	0.323	0.475	29.1	2.923	0.323	0.323
14	5	53	0.0	0.0	nan	nan	0.0	0.0
14	5	50	0.0	0.0	nan	nan	0.0	0.0
14	5	47	0.0	0.0	nan	nan	0.0	0.0
14	5	44	0.0	0.0	nan	nan	0.0	0.0
15	5	454	19.903	0.301	9.0	0.0	1.0	1.0
15	5	448	19.806	0.402	9.0	0.0	1.0	1.0
15	5	442	19.387	0.495	9.0	0.0	1.0	1.0
15	5	436	19.097	0.301	9.0	0.0	1.0	1.0
15	5	430	19.032	0.18	9.032	0.18	1.0	1.0
15	5	424	19.032	0.18	9.032	0.18	1.0	1.0
15	5	418	19.0	0.0	9.0	0.0	1.0	1.0
15	5	412	18.806	0.402	9.032	0.18	1.0	1.0
15	5	406	18.387	0.495	9.0	0.0	1.0	1.0
15	5	400	18.129	0.341	9.065	0.25	1.0	1.0
15	5	394	18.032	0.18	9.065	0.25	1.0	1.0
15	5	388	18.032	0.18	9.065	0.25	1.0	1.0
15	5	382	17.774	0.425	9.29	0.461	1.0	1.0
15	5	376	17.516	0.508	9.161	0.374	1.0	1.0
15	5	370	17.129	0.341	9.29	0.461	1.0	1.0
15	5	364	17.0	0.0	9.452	0.506	1.0	1.0
15	5	358	16.968	0.18	9.387	0.495	1.0	1.0
15	5	352	16.903	0.301	9.548	0.506	1.0	1.0
15	5	346	16.452	0.506	9.548	0.506	1.0	1.0
15	5	340	16.161	0.374	9.645	0.486	1.0	1.0
15	5	334	16.0	0.0	9.71	0.461	1.0	1.0
15	5	328	15.903	0.301	9.871	0.341	1.0	1.0
15	5	322	15.871	0.341	9.968	0.18	1.0	1.0
15	5	316	15.226	0.425	10.0	0.0	1.0	1.0
15	5	310	15.0	0.0	9.968	0.18	1.0	1.0
15	5	304	14.968	0.18	10.0	0.0	1.0	1.0
15	5	298	14.903	0.301	9.935	0.25	1.0	1.0
15	5	292	14.484	0.508	10.0	0.0	1.0	1.0
15	5	286	14.097	0.301	10.0	0.0	1.0	1.0
15	5	280	14.0	0.0	10.0	0.0	1.0	1.0
15	5	274	13.871	0.341	10.0	0.0	1.0	1.0
15	5	268	13.516	0.508	10.0	0.0	1.0	1.0
15	5	262	13.032	0.18	10.0	0.0	1.0	1.0
15	5	256	13.0	0.0	10.0	0.0	1.0	1.0
15	5	250	12.742	0.445	10.0	0.0	1.0	1.0
15	5	244	12.226	0.425	10.0	0.0	1.0	1.0
15	5	238	12.0	0.0	10.0	0.0	1.0	1.0
15	5	232	11.968	0.18	10.0	0.0	1.0	1.0
15	5	226	11.516	0.508	10.0	0.0	1.0	1.0
15	5	220	11.0	0.0	10.0	0.0	1.0	1.0
15	5	214	11.0	0.0	10.0	0.0	1.0	1.0
15	5	208	10.903	0.301	10.0	0.0	1.0	1.0
15	5	202	10.097	0.301	10.0	0.0	1.0	1.0
15	5	196	10.0	0.0	10.097	0.301	1.0	1.0
15	5	190	9.968	0.18	10.097	0.301	1.0	1.0
15	5	184	9.29	0.461	10.645	0.486	1.0	1.0
15	5	178	9.032	0.18	10.742	0.445	1.0	1.0
15	5	172	9.0	0.0	10.935	0.25	1.0	1.0
15	5	166	8.484	0.508	11.0	0.0	1.0	1.0
15	5	160	8.0	0.0	11.0	0.0	1.0	1.0
15	5	154	8.0	0.0	11.0	0.0	1.0	1.0
15	5	148	7.484	0.508	11.032	0.18	1.0	1.0
15	5	142	7.0	0.0	11.29	0.461	1.0	1.0
15	5	136	7.0	0.0	11.71	0.461	1.0	1.0
15	5	130	6.742	0.445	11.968	0.18	1.0	1.0
15	5	124	6.032	0.18	12.0	0.0	1.0	1.0
15	5	118	6.0	0.0	12.129	0.341	1.0	1.0
15	5	112	5.742	0.445	12.839	0.374	1.0	1.0
15	5	106	5.0	0.0	13.0	0.0	1.0	1.0
15	5	100	5.0	0.0	13.355	0.486	1.0	1.0
15	5	77	3.935	0.25	16.097	0.473	1.0	1.0
15	5	74	3.484	0.508	16.903	0.396	1.0	1.0
15	5	71	3.0	0.258	17.484	0.508	1.0	1.0
15	5	68	2.355	0.486	18.548	0.85	1.0	1.0
15	5	65	2.065	0.25	19.613	1.022	1.0	1.0
15	5	62	2.0	0.0	21.742	1.154	1.0	1.0
15	5	59	1.871	0.341	24.452	2.173	1.0	1.0
15	5	56	1.233	0.504	28.033	2.965	0.935	0.968
15	5	53	0.407	0.572	32.286	3.73	0.323	0.452
15	5	50	0.0	0.0	nan	nan	0.0	0.0
15	5	47	0.0	0.0	nan	nan	0.0	0.0
15	5	44	0.0	0.0	nan	nan	0.0	0.0
16	5	454	17.516	0.508	9.0	0.0	1.0	1.0
16	5	448	17.161	0.374	9.0	0.0	1.0	1.0
16	5	442	17.032	0.18	9.0	0.0	1.0	1.0
16	5	436	17.0	0.0	9.0	0.0	1.0	1.0
16	5	430	16.903	0.301	9.0	0.0	1.0	1.0
16	5	424	16.677	0.475	9.0	0.0	1.0	1.0
16	5	418	16.355	0.486	9.0	0.0	1.0	1.0
16	5	412	16.065	0.25	9.0	0.0	1.0	1.0
16	5	406	16.0	0.0	9.0	0.0	1.0	1.0
16	5	400	15.968	0.18	9.0	0.0	1.0	1.0
16	5	394	15.968	0.18	9.0	0.0	1.0	1.0
16	5	388	15.645	0.486	9.0	0.0	1.0	1.0
16	5	382	15.226	0.425	9.0	0.0	1.0	1.0
16	5	376	15.0	0.0	9.0	0.0	1.0	1.0
16	5	370	15.0	0.0	9.0	0.0	1.0	1.0
16	5	364	14.839	0.374	9.0	0.0	1.0	1.0
16	5	358	14.742	0.445	9.0	0.0	1.0	1.0
16	5	352	14.161	0.374	9.0	0.0	1.0	1.0
16	5	346	14.032	0.18	9.0	0.0	1.0	1.0
16	5	340	14.0	0.0	9.0	0.0	1.0	1.0
16	5	334	14.0	0.0	9.0	0.0	1.0	1.0
16	5	328	13.645	0.486	9.0	0.0	1.0	1.0
16	5	322	13.355	0.486	9.0	0.0	1.0	1.0
16	5	316	13.0	0.0	9.0	0.0	1.0	1.0
16	5	310	13.0	0.0	9.0	0.0	1.0	1.0
16	5	304	12.935	0.25	9.0	0.0	1.0	1.0
16	5	298	12.548	0.506	9.0	0.0	1.0	1.0
16	5	292	12.065	0.25	9.0	0.0	1.0	1.0
16	5	286	12.0	0.0	9.0	0.0	1.0	1.0
16	5	280	12.0	0.0	9.0	0.0	1.0	1.0
16	5	274	11.71	0.461	9.0	0.0	1.0	1.0
16	5	268	11.129	0.341	9.0	0.0	1.0	1.0
16	5	262	11.0	0.0	9.0	0.0	1.0	1.0
16	5	256	10.968	0.18	9.0	0.0	1.0	1.0
16	5	250	10.806	0.402	9.032	0.18	1.0	1.0
16	5	244	10.29	0.461	9.0	0.0	1.0	1.0
16	5	238	10.0	0.0	9.0	0.0	1.0	1.0
16	5	232	10.0	0.0	9.032	0.18	1.0	1.0
16	5	226	9.839	0.374	9.129	0.341	1.0	1.0
16	5	220	9.194	0.402	9.452	0.506	1.0	1.0
16	5	214	9.032	0.18	9.677	0.475	1.0	1.0
16	5	208	9.0	0.0	9.806	0.402	1.0	1.0
16	5	202	8.581	0.502	9.968	0.18	1.0	1.0
16	5	196	8.065	0.25	10.0	0.0	1.0	1.0
16	5	190	8.0	0.0	10.0	0.0	1.0	1.0
16	5	184	7.968	0.18	10.0	0.0	1.0	1.0
16	5	178	7.484	0.508	10.0	0.0	1.0	1.0
16	5	172	7.032	0.18	10.0	0.0	1.0	1.0
16	5	166	7.0	0.0	10.0	0.0	1.0	1.0
16	5	160	7.0	0.0	10.032	0.18	1.0	1.0
16	5	154	6.355	0.486	10.032	0.18	1.0	1.0
16	5	148	6.0	0.0	10.355	0.486	1.0	1.0
16	5	142	6.0	0.0	10.419	0.502	1.0	1.0
16	5	136	5.935	0.25	10.935	0.25	1.0	1.0
16	5	130	5.194	0.402	11.0	0.0	1.0	1.0
16	5	124	5.0	0.0	11.0	0.0	1.0	1.0
16	5	118	5.0	0.0	11.097	0.301	1.0	1.0
16	5	112	4.613	0.495	11.581	0.502	1.0	1.0
16	5	106	4.0	0.0	11.968	0.18	1.0	1.0
16	5	100	4.0	0.0	12.097	0.301	1.0	1.0
16	5	77	3.0	0.0	14.452	0.506	1.0	1.0
16	5	74	2.968	0.18	14.839	0.454	1.0	1.0
16	5	71	2.742	0.445	15.29	0.529	1.0	1.0
16	5	68	2.29	0.461	15.839	0.638	1.0	1.0
16	5	65	2.065	0.25	16.452	0.568	1.0	1.0
16	5	62	1.806	0.402	17.484	0.851	1.0	1.0
16	5	59	1.29	0.461	18.548	1.091	1.0	1.0
16	5	56	1.032	0.315	21.033	1.866	0.968	0.968
16	5	53	0.833	0.381	23.333	1.881	0.645	0.871
16	5	50	0.067	0.254	25.333	1.155	0.065	0.097
16	5	47	0.0	0.0	nan	nan	0.0	0.0
16	5	44	0.0	0.0	nan	nan	0.0	0.0
17	5	454	25.161	0.374	11.032	0.18	1.0	1.0
17	5	448	24.935	0.359	11.097	0.301	1.0	1.0
17	5	442	24.806	0.402	11.129	0.341	1.0	1.0
17	5	436	24.677	0.475	11.129	0.341	1.0	1.0
17	5	430	24.355	0.486	11.129	0.341	1.0	1.0
17	5	424	24.129	0.341	11.129	0.341	1.0	1.0
17	5	418	23.871	0.341	11.419	0.502	1.0	1.0
17	5	412	23.742	0.445	11.29	0.461	1.0	1.0
17	5	406	23.355	0.486	11.194	0.402	1.0	1.0
17	5	400	23.032	0.18	11.29	0.461	1.0	1.0
17	5	394	23.0	0.0	11.29	0.461	1.0	1.0
17	5	388	22.871	0.341	11.323	0.475	1.0	1.0
17	5	382	22.774	0.425	11.387	0.495	1.0	1.0
17	5	376	22.323	0.475	11.29	0.461	1.0	1.0
17	5	370	22.097	0.301	11.387	0.495	1.0	1.0
17	5	364	21.871	0.341	11.355	0.486	1.0	1.0
17	5	358	21.645	0.486	11.613	0.495	1.0	1.0
17	5	352	21.129	0.341	11.419	0.502	1.0	1.0
17	5	346	21.065	0.25	11.774	0.425	1.0	1.0
17	5	340	20.806	0.402	11.516	0.508	1.0	1.0
17	5	334	20.613	0.495	11.581	0.502	1.0	1.0
17	5	328	20.032	0.18	11.71	0.461	1.0	1.0
17	5	322	20.0	0.0	11.613	0.495	1.0	1.0
17	5	316	19.645	0.486	11.71	0.461	1.0	1.0
17	5	310	19.258	0.445	11.806	0.402	1.0	1.0
17	5	304	19.0	0.0	11.935	0.25	1.0	1.0
17	5	298	18.839	0.374	11.935	0.25	1.0	1.0
17	5	292	18.226	0.425	11.871	0.341	1.0	1.0
17	5	286	18.065	0.25	11.935	0.25	1.0	1.0
17	5	280	17.903	0.301	11.968	0.18	1.0	1.0
17	5	274	17.484	0.508	11.871	0.341	1.0	1.0
17	5	268	17.0	0.0	11.968	0.18	1.0	1.0
17	5	262	16.968	0.18	11.968	0.18	1.0	1.0
17	5	256	16.581	0.502	11.968	0.18	1.0	1.0
17	5	250	16.065	0.25	11.968	0.18	1.0	1.0
17	5	244	15.71	0.461	11.968	0.18	1.0	1.0
17	5	238	15.129	0.341	11.968	0.18	1.0	1.0
17	5	232	15.065	0.25	12.0	0.0	1.0	1.0
17	5	226	14.839	0.374	12.0	0.0	1.0	1.0
17	5	220	14.161	0.374	12.0	0.0	1.0	1.0
17	5	214	13.935	0.25	12.0	0.258	1.0	1.0
17	5	208	13.645	0.486	12.032	0.18	1.0	1.0
17	5	202	13.0	0.0	12.097	0.301	1.0	1.0
17	5	196	12.871	0.341	12.161	0.374	1.0	1.0
17	5	190	12.29	0.461	12.516	0.508	1.0	1.0
17	5	184	11.968	0.18	12.677	0.475	1.0	1.0
17	5	178	11.452	0.506	12.871	0.341	1.0	1.0
17	5	172	11.194	0.402	12.935	0.25	1.0	1.0
17	5	166	10.806	0.402	13.0	0.0	1.0	1.0
17	5	160	10.355	0.486	12.935	0.25	1.0	1.0
17	5	154	10.0	0.0	13.0	0.0	1.0	1.0
17	5	148	9.613	0.495	13.161	0.374	1.0	1.0
17	5	142	9.032	0.18	13.484	0.508	1.0	1.0
17	5	136	8.871	0.341	13.71	0.461	1.0	1.0
17	5	130	8.161	0.374	13.903	0.301	1.0	1.0
17	5	124	7.968	0.18	14.0	0.0	1.0	1.0
17	5	118	7.258	0.445	14.258	0.445	1.0	1.0
17	5	112	7.0	0.0	14.71	0.461	1.0	1.0
17	5	106	6.677	0.475	14.935	0.25	1.0	1.0
17	5	100	6.032	0.18	15.452	0.506	1.0	1.0
17	5	77	3.71	0.739	18.323	0.475	1.0	1.0
17	5	74	3.0	0.0	19.129	0.67	1.0	1.0
17	5	71	2.968	0.18	20.097	0.597	1.0	1.0
17	5	68	3.0	0.0	21.129	0.922	1.0	1.0
17	5	65	2.677	0.475	22.194	0.91	1.0	1.0
17	5	62	2.032	0.18	24.548	1.06	1.0	1.0
17	5	59	2.0	0.0	26.452	1.121	1.0	1.0
17	5	56	1.867	0.434	30.3	2.793	0.935	0.968
17	5	53	0.913	0.848	35.727	3.269	0.452	0.71
17	5	50	0.0	0.0	nan	nan	0.0	0.0
17	5	47	0.0	0.0	nan	nan	0.0	0.0
17	5	44	0.0	0.0	nan	nan	0.0	0.0
18	5	454	16.871	0.341	9.0	0.0	1.0	1.0
18	5	448	16.742	0.445	9.0	0.0	1.0	1.0
18	5	442	16.419	0.502	9.0	0.0	1.0	1.0
18	5	436	16.258	0.445	9.0	0.0	1.0	1.0
18	5	430	16.032	0.18	9.0	0.0	1.0	1.0
18	5	424	16.032	0.18	9.0	0.0	1.0	1.0
18	5	418	16.0	0.0	9.0	0.0	1.0	1.0
18	5	412	15.935	0.25	9.0	0.0	1.0	1.0
18	5	406	15.581	0.502	9.0	0.0	1.0	1.0
18	5	400	15.452	0.506	9.0	0.0	1.0	1.0
18	5	394	15.097	0.301	9.0	0.0	1.0	1.0
18	5	388	15.097	0.301	9.0	0.0	1.0	1.0
18	5	382	15.0	0.0	9.0	0.0	1.0	1.0
18	5	376	15.0	0.0	9.0	0.0	1.0	1.0
18	5	370	14.839	0.374	9.0	0.0	1.0	1.0
18	5	364	14.419	0.502	9.0	0.0	1.0	1.0
18	5	358	14.097	0.301	9.0	0.0	1.0	1.0
18	5	352	14.0	0.0	9.0	0.0	1.0	1.0
18	5	346	14.0	0.0	9.0	0.0	1.0	1.0
18	5	340	13.968	0.18	9.0	0.0	1.0	1.0
18	5	334	13.645	0.486	9.0	0.0	1.0	1.0
18	5	328	13.226	0.425	9.0	0.0	1.0	1.0
18	5	322	13.032	0.18	9.0	0.0	1.0	1.0
18	5	316	13.0	0.0	9.0	0.0	1.0	1.0
18	5	310	13.0	0.0	9.0	0.0	1.0	1.0
18	5	304	12.806	0.402	9.0	0.0	1.0	1.0
18	5	298	12.194	0.402	9.0	0.0	1.0	1.0
18	5	292	12.065	0.25	9.0	0.0	1.0	1.0
18	5	286	12.0	0.0	9.0	0.0	1.0	1.0
18	5	280	11.968	0.18	9.097	0.301	1.0	1.0
18	5	274	11.742	0.445	9.0	0.0	1.0	1.0
18	5	268	11.065	0.25	9.097	0.301	1.0	1.0
18	5	262	11.032	0.18	9.161	0.374	1.0	1.0
18	5	256	11.0	0.0	9.355	0.486	1.0	1.0
18	5	250	10.968	0.18	9.645	0.486	1.0	1.0
18	5	244	10.355	0.486	9.839	0.374	1.0	1.0
18	5	238	10.032	0.18	9.871	0.341	1.0	1.0
18	5	232	10.0	0.0	9.935	0.25	1.0	1.0
18	5	226	9.935	0.25	10.0	0.0	1.0	1.0
18	5	220	9.323	0.475	10.0	0.0	1.0	1.0
18	5	214	9.0	0.0	10.0	0.0	1.0	1.0
18	5	208	9.0	0.0	10.0	0.0	1.0	1.0
18	5	202	9.0	0.0	10.0	0.0	1.0	1.0
18	5	196	8.548	0.506	10.0	0.0	1.0	1.0
18	5	190	8.0	0.0	10.0	0.0	1.0	1.0
18	5	184	8.0	0.0	10.0	0.0	1.0	1.0
18	5	178	7.968	0.18	10.032	0.18	1.0	1.0
18	5	172	7.452	0.506	10.129	0.341	1.0	1.0
18	5	166	7.032	0.18	10.484	0.508	1.0	1.0
18	5	160	7.0	0.0	10.871	0.341	1.0	1.0
18	5	154	6.839	0.374	11.0	0.0	1.0	1.0
18	5	148	6.29	0.461	11.0	0.0	1.0	1.0
18	5	142	6.0	0.0	11.0	0.0	1.0	1.0
18	5	136	6.0	0.0	11.032	0.18	1.0	1.0
18	5	130	5.613	0.495	11.516	0.508	1.0	1.0
18	5	124	5.032	0.18	11.935	0.25	1.0	1.0
18	5	118	5.0	0.0	12.0	0.0	1.0	1.0
18	5	112	5.0	0.0	12.323	0.475	1.0	1.0
18	5	106	4.581	0.502	12.968	0.18	1.0	1.0
18	5	100	4.0	0.0	13.194	0.402	1.0	1.0
18	5	77	3.0	0.0	16.484	0.508	1.0	1.0
18	5	74	2.935	0.25	17.29	0.588	1.0	1.0
18	5	71	2.613	0.495	18.065	0.772	1.0	1.0
18	5	68	2.129	0.562	19.29	1.216	1.0	1.0
18	5	65	1.581	0.502	20.806	1.108	1.0	1.0
18	5	62	1.194	0.402	24.065	2.394	1.0	1.0
18	5	59	0.931	0.258	26.414	3.134	0.871	0.935
18	5	56	0.333	0.48	30.462	3.666	0.29	0.419
18	5	53	0.0	0.0	nan	nan	0.0	0.0
18	5	50	0.0	0.0	nan	nan	0.0	0.0
18	5	47	0.0	0.0	nan	nan	0.0	0.0
18	5	44	0.0	0.0	nan	nan	0.0	0.0
19	5	454	17.452	0.506	8.0	0.0	1.0	1.0
19	5	448	17.129	0.341	8.0	0.0	1.0	1.0
19	5	442	17.032	0.18	8.0	0.0	1.0	1.0
19	5	436	16.968	0.18	8.0	0.0	1.0	1.0
19	5	430	16.903	0.301	8.0	0.0	1.0	1.0
19	5	424	16.774	0.425	8.0	0.0	1.0	1.0
19	5	418	16.484	0.508	8.0	0.0	1.0	1.0
19	5	412	16.129	0.341	8.032	0.18	1.0	1.0
19	5	406	16.032	0.18	8.0	0.0	1.0	1.0
19	5	400	16.0	0.0	8.0	0.0	1.0	1.0
19	5	394	15.903	0.301	8.0	0.0	1.0	1.0
19	5	388	15.71	0.461	8.032	0.18	1.0	1.0
19	5	382	15.419	0.502	8.032	0.18	1.0	1.0
19	5	376	15.032	0.18	8.032	0.18	1.0	1.0
19	5	370	15.0	0.0	8.032	0.18	1.0	1.0
19	5	364	15.0	0.0	8.0	0.0	1.0	1.0
19	5	358	14.839	0.374	8.065	0.25	1.0	1.0
19	5	352	14.323	0.475	8.065	0.25	1.0	1.0
19	5	346	14.194	0.402	8.065	0.25	1.0	1.0
19	5	340	14.0	0.0	8.194	0.402	1.0	1.0
19	5	334	13.968	0.18	8.29	0.461	1.0	1.0
19	5	328	13.742	0.445	8.548	0.506	1.0	1.0
19	5	322	13.387	0.495	8.581	0.502	1.0	1.0
19	5	316	13.032	0.18	8.452	0.506	1.0	1.0
19	5	310	13.0	0.0	8.742	0.445	1.0	1.0
19	5	304	12.968	0.18	8.839	0.374	1.0	1.0
19	5	298	12.677	0.475	8.839	0.374	1.0	1.0
19	5	292	12.194	0.402	8.935	0.25	1.0	1.0
19	5	286	12.0	0.0	8.968	0.18	1.0	1.0
19	5	280	12.0	0.0	9.0	0.0	1.0	1.0
19	5	274	11.742	0.445	9.0	0.0	1.0	1.0
19	5	268	11.387	0.495	9.0	0.0	1.0	1.0
19	5	262	11.0	0.0	9.0	0.0	1.0	1.0
19	5	256	11.0	0.0	9.0	0.0	1.0	1.0
19	5	250	10.71	0.461	9.0	0.0	1.0	1.0
19	5	244	10.194	0.402	9.0	0.0	1.0	1.0
19	5	238	10.0	0.0	9.0	0.0	1.0	1.0
19	5	232	10.0	0.0	9.0	0.0	1.0	1.0
19	5	226	9.871	0.341	9.0	0.0	1.0	1.0
19	5	220	9.258	0.445	9.0	0.0	1.0	1.0
19	5	214	9.0	0.0	9.0	0.0	1.0	1.0
19	5	208	8.968	0.18	9.0	0.0	1.0	1.0
19	5	202	8.613	0.495	9.032	0.18	1.0	1.0
19	5	196	8.194	0.402	9.0	0.0	1.0	1.0
19	5	190	8.0	0.0	9.0	0.0	1.0	1.0
19	5	184	7.968	0.18	9.161	0.374	1.0	1.0
19	5	178	7.387	0.495	9.581	0.502	1.0	1.0
19	5	172	7.032	0.18	9.806	0.402	1.0	1.0
19	5	166	7.0	0.0	10.0	0.0	1.0	1.0
19	5	160	6.806	0.402	10.0	0.0	1.0	1.0
19	5	154	6.097	0.301	10.0	0.0	1.0	1.0
19	5	148	6.032	0.18	10.0	0.0	1.0	1.0
19	5	142	5.968	0.18	10.0	0.0	1.0	1.0
19	5	136	5.645	0.486	10.258	0.445	1.0	1.0
19	5	130	5.0	0.0	10.613	0.495	1.0	1.0
19	5	124	5.0	0.0	10.871	0.341	1.0	1.0
19	5	118	4.806	0.402	11.0	0.0	1.0	1.0
19	5	112	4.161	0.374	11.194	0.402	1.0	1.0
19	5	106	4.0	0.0	11.645	0.486	1.0	1.0
19	5	100	4.0	0.0	11.968	0.18	1.0	1.0
19	5	77	2.806	0.402	14.548	0.506	1.0	1.0
19	5	74	2.226	0.425	15.194	0.477	1.0	1.0
19	5	71	2.032	0.18	15.935	0.574	1.0	1.0
19	5	68	1.968	0.18	16.71	0.902	1.0	1.0
19	5	65	1.613	0.495	17.968	0.875	1.0	1.0
19	5	62	1.3	0.466	19.387	1.667	0.968	1.0
19	5	59	0.64	0.49	22.182	2.383	0.516	0.71
19	5	56	0.138	0.351	24.333	0.816	0.129	0.194
19	5	53	0.0	0.0	nan	nan	0.0	0.0
19	5	50	0.0	0.0	nan	nan	0.0	0.0
19	5	47	0.0	0.0	nan	nan	0.0	0.0
19	5	44	0.0	0.0	nan	nan	0.0	0.0
20	5	454	19.871	0.341	9.0	0.0	1.0	1.0
20	5	448	19.387	0.495	9.0	0.0	1.0	1.0
20	5	442	19.194	0.402	9.0	0.0	1.0	1.0
20	5	436	19.194	0.402	9.0	0.0	1.0	1.0
20	5	430	19.0	0.0	9.0	0.0	1.0	1.0
20	5	424	18.968	0.18	9.0	0.0	1.0	1.0
20	5	418	18.839	0.374	9.0	0.0	1.0	1.0
20	5	412	18.516	0.508	9.0	0.0	1.0	1.0
20	5	406	18.29	0.461	9.0	0.0	1.0	1.0
20	5	400	18.065	0.25	9.0	0.0	1.0	1.0
20	5	394	18.0	0.0	9.0	0.0	1.0	1.0
20	5	388	17.968	0.18	9.0	0.0	1.0	1.0
20	5	382	17.774	0.425	9.0	0.0	1.0	1.0
20	5	376	17.452	0.506	9.0	0.0	1.0	1.0
20	5	370	17.065	0.25	9.0	0.0	1.0	1.0
20	5	364	17.0	0.0	9.0	0.0	1.0	1.0
20	5	358	16.935	0.25	9.0	0.0	1.0	1.0
20	5	352	16.871	0.341	9.0	0.0	1.0	1.0
20	5	346	16.452	0.506	9.032	0.18	1.0	1.0
20	5	340	16.065	0.25	9.0	0.0	1.0	1.0
20	5	334	16.065	0.25	9.0	0.0	1.0	1.0
20	5	328	15.806	0.402	9.0	0.0	1.0	1.0
20	5	322	15.484	0.508	9.0	0.0	1.0	1.0
20	5	316	15.161	0.374	9.0	0.0	1.0	1.0
20	5	310	15.0	0.0	9.0	0.0	1.0	1.0
20	5	304	15.0	0.0	9.032	0.18	1.0	1.0
20	5	298	14.839	0.374	9.097	0.301	1.0	1.0
20	5	292	14.226	0.425	9.226	0.425	1.0	1.0
20	5	286	14.0	0.0	9.161	0.374	1.0	1.0
20	5	280	13.839	0.374	9.387	0.495	1.0	1.0
20	5	274	13.581	0.502	9.645	0.486	1.0	1.0
20	5	268	13.097	0.301	9.645	0.486	1.0	1.0
20	5	262	13.032	0.18	9.613	0.495	1.0	1.0
20	5	256	12.839	0.374	9.903	0.301	1.0	1.0
20	5	250	12.484	0.508	10.0	0.0	1.0	1.0
20	5	244	12.0	0.0	9.968	0.18	1.0	1.0
20	5	238	12.0	0.0	9.968	0.18	1.0	1.0
20	5	232	11.677	0.475	10.0	0.0	1.0	1.0
20	5	226	11.194	0.402	10.0	0.0	1.0	1.0
20	5	220	11.032	0.18	10.0	0.0	1.0	1.0
20	5	214	10.903	0.301	10.0	0.0	1.0	1.0
20	5	208	10.419	0.502	10.0	0.0	1.0	1.0
20	5	202	10.032	0.18	10.0	0.0	1.0	1.0
20	5	196	9.968	0.18	10.0	0.0	1.0	1.0
20	5	190	9.677	0.475	10.0	0.0	1.0	1.0
20	5	184	9.097	0.301	10.065	0.25	1.0	1.0
20	5	178	8.903	0.301	10.097	0.301	1.0	1.0
20	5	172	8.71	0.461	10.419	0.502	1.0	1.0
20	5	166	8.097	0.301	10.71	0.461	1.0	1.0
20	5	160	8.0	0.0	10.871	0.341	1.0	1.0
20	5	154	7.742	0.445	11.0	0.0	1.0	1.0
20	5	148	7.161	0.374	11.0	0.0	1.0	1.0
20	5	142	7.0	0.0	11.097	0.301	1.0	1.0
20	5	136	6.839	0.374	11.323	0.475	1.0	1.0
20	5	130	6.129	0.341	11.677	0.475	1.0	1.0
20	5	124	6.0	0.0	12.0	0.0	1.0	1.0
20	5	118	5.71	0.461	12.065	0.25	1.0	1.0
20	5	112	5.129	0.341	12.516	0.508	1.0	1.0
20	5	106	5.0	0.0	13.032	0.18	1.0	1.0
20	5	100	4.742	0.445	13.258	0.445	1.0	1.0
20	5	77	3.129	0.341	16.161	0.523	1.0	1.0
20	5	74	3.0	0.258	16.774	0.669	1.0	1.0
20	5	71	2.484	0.508	18.065	0.814	1.0	1.0
20	5	68	1.806	0.654	19.194	0.946	1.0	1.0
20	5	65	1.613	0.558	20.29	1.216	1.0	1.0
20	5	62	1.233	0.43	22.452	1.261	0.968	1.0
20	5	59	1.067	0.365	24.4	2.472	0.935	0.968
20	5	56	0.448	0.506	27.867	3.833	0.419	0.484
20	5	53	0.0	0.0	35.0	0.0	0.0	0.032
20	5	50	0.0	0.0	nan	nan	0.0	0.0
20	5	47	0.0	0.0	nan	nan	0.0	0.0
20	5	44	0.0	0.0	nan	nan	0.0	0.0
21	5	454	19.355	0.486	9.0	0.0	1.0	1.0
21	5	448	19.258	0.445	9.0	0.0	1.0	1.0
21	5	442	19.0	0.0	9.0	0.0	1.0	1.0
21	5	436	19.0	0.0	9.0	0.0	1.0	1.0
21	5	430	18.774	0.425	9.0	0.0	1.0	1.0
21	5	424	18.452	0.506	9.0	0.0	1.0	1.0
21	5	418	18.323	0.475	9.0	0.0	1.0	1.0
21	5	412	18.097	0.301	9.0	0.0	1.0	1.0
21	5	406	18.0	0.258	9.0	0.0	1.0	1.0
21	5	400	17.968	0.18	9.0	0.0	1.0	1.0
21	5	394	17.774	0.425	9.0	0.0	1.0	1.0
21	5	388	17.516	0.508	9.0	0.0	1.0	1.0
21	5	382	17.258	0.445	9.0	0.0	1.0	1.0
21	5	376	17.0	0.258	9.0	0.0	1.0	1.0
21	5	370	17.0	0.0	9.0	0.0	1.0	1.0
21	5	364	16.806	0.402	9.0	0.0	1.0	1.0
21	5	358	16.452	0.506	9.0	0.0	1.0	1.0
21	5	352	16.129	0.341	9.0	0.0	1.0	1.0
21	5	346	16.0	0.0	9.0	0.0	1.0	1.0
21	5	340	15.968	0.18	9.0	0.0	1.0	1.0
21	5	334	15.71	0.461	9.0	0.0	1.0	1.0
21	5	328	15.258	0.445	9.0	0.0	1.0	1.0
21	5	322	15.129	0.341	9.0	0.0	1.0	1.0
21	5	316	15.0	0.0	9.0	0.0	1.0	1.0
21	5	310	14.71	0.461	9.0	0.0	1.0	1.0
21	5	304	14.452	0.506	9.0	0.0	1.0	1.0
21	5	298	14.161	0.374	9.0	0.0	1.0	1.0
21	5	292	13.968	0.18	9.0	0.0	1.0	1.0
21	5	286	13.871	0.341	9.0	0.0	1.0	1.0
21	5	280	13.419	0.502	9.0	0.0	1.0	1.0
21	5	274	13.097	0.301	9.0	0.0	1.0	1.0
21	5	268	12.968	0.18	9.032	0.18	1.0	1.0
21	5	262	12.839	0.374	9.032	0.18	1.0	1.0
21	5	256	12.194	0.402	9.097	0.301	1.0	1.0
21	5	250	12.0	0.0	9.387	0.495	1.0	1.0
21	5	244	11.968	0.18	9.677	0.475	1.0	1.0
21	5	238	11.516	0.508	9.742	0.445	1.0	1.0
21	5	232	11.065	0.25	9.871	0.341	1.0	1.0
21	5	226	11.0	0.0	10.0	0.0	1.0	1.0
21	5	220	10.903	0.301	10.0	0.0	1.0	1.0
21	5	214	10.258	0.445	9.968	0.18	1.0	1.0
21	5	208	10.0	0.0	10.0	0.0	1.0	1.0
21	5	202	9.968	0.18	10.0	0.0	1.0	1.0
21	5	196	9.613	0.495	10.0	0.0	1.0	1.0
21	5	190	9.065	0.25	10.0	0.0	1.0	1.0
21	5	184	9.0	0.0	10.0	0.0	1.0	1.0
21	5	178	8.774	0.425	10.0	0.0	1.0	1.0
21	5	172	8.097	0.301	10.0	0.0	1.0	1.0
21	5	166	8.0	0.0	10.065	0.25	1.0	1.0
21	5	160	7.903	0.301	10.226	0.425	1.0	1.0
21	5	154	7.097	0.301	10.742	0.445	1.0	1.0
21	5	148	6.968	0.18	10.935	0.25	1.0	1.0
21	5	142	6.71	0.461	11.0	0.0	1.0	1.0
21	5	136	6.097	0.301	11.0	0.0	1.0	1.0
21	5	130	5.968	0.18	11.032	0.18	1.0	1.0
21	5	124	5.903	0.301	11.355	0.486	1.0	1.0
21	5	118	5.194	0.402	11.839	0.374	1.0	1.0
21	5	112	5.0	0.0	11.968	0.18	1.0	1.0
21	5	106	4.871	0.341	12.452	0.506	1.0	1.0
21	5	100	4.194	0.402	12.774	0.425	1.0	1.0
21	5	77	3.032	0.18	15.419	0.502	1.0	1.0
21	5	74	3.0	0.0	15.774	0.497	1.0	1.0
21	5	71	2.903	0.301	16.29	0.529	1.0	1.0
21	5	68	2.452	0.568	17.323	0.791	1.0	1.0
21	5	65	1.645	0.661	18.452	0.768	1.0	1.0
21	5	62	1.065	0.25	20.0	1.183	1.0	1.0
21	5	59	1.0	0.0	22.548	1.387	1.0	1.0
21	5	56	0.759	0.435	24.5	1.615	0.71	0.774
21	5	53	0.0	0.0	26.5	2.121	0.0	0.065
21	5	50	0.0	0.0	nan	nan	0.0	0.0
21	5	47	0.0	0.0	nan	nan	0.0	0.0
21	5	44	0.0	0.0	nan	nan	0.0	0.0
22	5	454	26.097	0.396	10.0	0.0	1.0	1.0
22	5	448	25.968	0.315	10.0	0.0	1.0	1.0
22	5	442	25.968	0.315	10.0	0.0	1.0	1.0
22	5	436	25.548	0.506	10.0	0.0	1.0	1.0
22	5	430	25.484	0.508	10.0	0.0	1.0	1.0
22	5	424	25.129	0.341	10.0	0.0	1.0	1.0
22	5	418	24.935	0.25	10.0	0.0	1.0	1.0
22	5	412	24.742	0.445	10.0	0.0	1.0	1.0
22	5	406	24.516	0.508	10.0	0.0	1.0	1.0
22	5	400	24.065	0.25	10.0	0.0	1.0	1.0
22	5	394	24.0	0.258	10.0	0.0	1.0	1.0
22	5	388	23.774	0.425	10.0	0.0	1.0	1.0
22	5	382	23.355	0.486	10.0	0.0	1.0	1.0
22	5	376	23.032	0.18	10.0	0.0	1.0	1.0
22	5	370	23.0	0.0	10.0	0.0	1.0	1.0
22	5	364	22.839	0.374	10.0	0.0	1.0	1.0
22	5	358	22.355	0.486	10.0	0.0	1.0	1.0
22	5	352	22.194	0.402	10.0	0.0	1.0	1.0
22	5	346	22.032	0.18	10.0	0.0	1.0	1.0
22	5	340	21.677	0.475	10.0	0.0	1.0	1.0
22	5	334	21.29	0.461	10.0	0.0	1.0	1.0
22	5	328	21.0	0.258	10.0	0.0	1.0	1.0
22	5	322	20.774	0.425	10.0	0.0	1.0	1.0
22	5	316	20.226	0.425	10.0	0.0	1.0	1.0
22	5	310	20.065	0.25	10.0	0.0	1.0	1.0
22	5	304	19.903	0.301	10.0	0.0	1.0	1.0
22	5	298	19.355	0.486	10.0	0.0	1.0	1.0
22	5	292	19.0	0.0	10.0	0.0	1.0	1.0
22	5	286	18.871	0.341	10.0	0.0	1.0	1.0
22	5	280	18.484	0.508	10.0	0.0	1.0	1.0
22	5	274	17.968	0.18	10.0	0.0	1.0	1.0
22	5	268	17.806	0.402	10.0	0.0	1.0	1.0
22	5	262	17.226	0.425	10.0	0.0	1.0	1.0
22	5	256	17.0	0.0	10.0	0.0	1.0	1.0
22	5	250	16.645	0.486	10.0	0.0	1.0	1.0
22	5	244	16.161	0.374	10.032	0.18	1.0	1.0
22	5	238	16.0	0.0	10.129	0.341	1.0	1.0
22	5	232	15.613	0.495	10.129	0.341	1.0	1.0
22	5	226	15.065	0.25	10.387	0.495	1.0	1.0
22	5	220	14.806	0.402	10.806	0.402	1.0	1.0
22	5	214	14.194	0.402	10.968	0.18	1.0	1.0
22	5	208	13.935	0.25	11.0	0.0	1.0	1.0
22	5	202	13.387	0.495	10.968	0.18	1.0	1.0
22	5	196	12.968	0.18	11.0	0.0	1.0	1.0
22	5	190	12.839	0.374	11.0	0.0	1.0	1.0
22	5	184	12.129	0.341	11.0	0.0	1.0	1.0
22	5	178	12.0	0.0	11.0	0.0	1.0	1.0
22	5	172	11.387	0.495	11.032	0.18	1.0	1.0
22	5	166	11.032	0.18	11.129	0.341	1.0	1.0
22	5	160	10.581	0.502	11.613	0.495	1.0	1.0
22	5	154	10.032	0.18	11.935	0.25	1.0	1.0
22	5	148	9.903	0.301	12.0	0.0	1.0	1.0
22	5	142	9.194	0.402	12.032	0.18	1.0	1.0
22	5	136	8.903	0.301	12.032	0.18	1.0	1.0
22	5	130	8.194	0.402	12.516	0.508	1.0	1.0
22	5	124	8.032	0.18	12.968	0.18	1.0	1.0
22	5	118	7.484	0.508	13.0	0.0	1.0	1.0
22	5	112	7.0	0.0	13.516	0.508	1.0	1.0
22	5	106	6.806	0.402	13.935	0.25	1.0	1.0
22	5	100	6.032	0.18	14.258	0.514	1.0	1.0
22	5	77	3.935	0.68	17.935	0.772	1.0	1.0
22	5	74	3.194	0.402	18.774	0.762	1.0	1.0
22	5	71	2.968	0.18	19.903	0.87	1.0	1.0
22	5	68	2.903	0.301	21.742	1.125	1.0	1.0
22	5	65	2.323	0.475	23.452	1.567	1.0	1.0
22	5	62	2.0	0.0	25.871	1.607	1.0	1.0
22	5	59	1.968	0.18	28.968	2.442	1.0	1.0
22	5	56	1.308	0.736	34.259	3.008	0.71	0.871
22	5	53	0.065	0.359	34.0	0.0	0.032	0.032
22	5	50	0.0	0.0	nan	nan	0.0	0.0
22	5	47	0.0	0.0	nan	nan	0.0	0.0
22	5	44	0.0	0.0	nan	nan	0.0	0.0
23	5	454	23.645	0.486	9.0	0.0	1.0	1.0
23	5	448	23.323	0.475	9.0	0.0	1.0	1.0
23	5	442	23.0	0.0	9.0	0.0	1.0	1.0
23	5	436	22.903	0.301	9.0	0.0	1.0	1.0
23	5	430	22.871	0.341	9.0	0.0	1.0	1.0
23	5	424	22.613	0.495	9.0	0.0	1.0	1.0
23	5	418	22.323	0.475	9.0	0.0	1.0	1.0
23	5	412	22.097	0.301	9.0	0.0	1.0	1.0
23	5	406	22.032	0.18	9.0	0.0	1.0	1.0
23	5	400	21.839	0.374	9.0	0.0	1.0	1.0
23	5	394	21.419	0.502	9.0	0.0	1.0	1.0
23	5	388	21.065	0.25	9.0	0.0	1.0	1.0
23	5	382	21.0	0.0	9.0	0.0	1.0	1.0
23	5	376	20.677	0.475	9.0	0.0	1.0	1.0
23	5	370	20.548	0.506	9.0	0.0	1.0	1.0
23	5	364	20.29	0.461	9.0	0.0	1.0	1.0
23	5	358	20.0	0.0	9.0	0.0	1.0	1.0
23	5	352	19.677	0.475	9.0	0.0	1.0	1.0
23	5	346	19.516	0.508	9.0	0.0	1.0	1.0
23	5	340	19.0	0.0	9.0	0.0	1.0	1.0
23	5	334	18.871	0.341	9.0	0.0	1.0	1.0
23	5	328	18.452	0.506	9.0	0.0	1.0	1.0
23	5	322	18.194	0.402	9.0	0.0	1.0	1.0
23	5	316	17.935	0.25	9.0	0.0	1.0	1.0
23	5	310	17.839	0.374	9.0	0.0	1.0	1.0
23	5	304	17.419	0.502	9.0	0.0	1.0	1.0
23	5	298	17.129	0.341	9.032	0.18	1.0	1.0
23	5	292	16.871	0.341	9.065	0.25	1.0	1.0
23	5	286	16.29	0.461	9.0	0.0	1.0	1.0
23	5	280	16.032	0.18	9.323	0.475	1.0	1.0
23	5	274	15.968	0.18	9.355	0.486	1.0	1.0
23	5	268	15.484	0.508	9.484	0.508	1.0	1.0
23	5	262	15.065	0.25	9.774	0.425	1.0	1.0
23	5	256	14.968	0.18	9.806	0.402	1.0	1.0
23	5	250	14.29	0.461	9.935	0.25	1.0	1.0
23	5	244	14.032	0.18	10.0	0.0	1.0	1.0
23	5	238	13.839	0.374	9.903	0.301	1.0	1.0
23	5	232	13.452	0.506	10.0	0.0	1.0	1.0
23	5	226	13.032	0.315	9.968	0.18	1.0	1.0
23	5	220	12.742	0.445	10.0	0.0	1.0	1.0
23	5	214	12.129	0.341	10.0	0.0	1.0	1.0
23	5	208	11.968	0.18	10.0	0.0	1.0	1.0
23	5	202	11.452	0.506	10.0	0.0	1.0	1.0
23	5	196	11.129	0.341	10.0	0.0	1.0	1.0
23	5	190	10.968	0.18	10.0	0.0	1.0	1.0
23	5	184	10.387	0.495	10.0	0.0	1.0	1.0
23	5	178	10.032	0.18	10.032	0.18	1.0	1.0
23	5	172	9.71	0.461	10.097	0.301	1.0	1.0
23	5	166	9.226	0.425	10.387	0.495	1.0	1.0
23	5	160	9.0	0.0	10.806	0.402	1.0	1.0
23	5	154	8.419	0.502	10.935	0.25	1.0	1.0
23	5	148	8.0	0.0	11.0	0.0	1.0	1.0
23	5	142	7.774	0.425	10.968	0.18	1.0	1.0
23	5	136	7.194	0.402	11.0	0.0	1.0	1.0
23	5	130	6.903	0.301	11.355	0.486	1.0	1.0
23	5	124	6.355	0.486	11.839	0.374	1.0	1.0
23	5	118	6.097	0.301	12.032	0.18	1.0	1.0
23	5	112	5.871	0.341	12.065	0.25	1.0	1.0
23	5	106	5.097	0.301	12.71	0.461	1.0	1.0
23	5	100	5.0	0.0	12.968	0.315	1.0	1.0
23	5	77	3.194	0.402	15.516	0.57	1.0	1.0
23	5	74	3.032	0.18	16.323	0.599	1.0	1.0
23	5	71	2.903	0.301	17.194	0.601	1.0	1.0
23	5	68	2.097	0.87	17.968	1.016	1.0	1.0
23	5	65	1.484	0.677	19.161	1.003	1.0	1.0
23	5	62	1.0	0.0	21.452	1.804	1.0	1.0
23	5	59	0.667	0.479	23.762	1.546	0.645	0.677
23	5	56	0.2	0.407	25.286	1.254	0.194	0.226
23	5	53	0.032	0.18	26.0	0.0	0.032	0.032
23	5	50	0.0	0.0	nan	nan	0.0	0.0
23	5	47	0.0	0.0	nan	nan	0.0	0.0
23	5	44	0.0	0.0	nan	nan	0.0	0.0
24	5	454	25.645	0.486	9.0	0.0	1.0	1.0
24	5	448	25.29	0.529	9.0	0.0	1.0	1.0
24	5	442	25.226	0.425	9.0	0.0	1.0	1.0
24	5	436	25.0	0.258	9.0	0.0	1.0	1.0
24	5	430	24.871	0.428	9.0	0.0	1.0	1.0
24	5	424	24.452	0.506	9.0	0.0	1.0	1.0
24	5	418	24.226	0.425	9.0	0.0	1.0	1.0
24	5	412	24.032	0.315	9.0	0.0	1.0	1.0
24	5	406	23.935	0.25	9.0	0.0	1.0	1.0
24	5	400	23.516	0.508	9.0	0.0	1.0	1.0
24	5	394	23.194	0.402	9.0	0.0	1.0	1.0
24	5	388	23.065	0.25	9.0	0.0	1.0	1.0
24	5	382	22.839	0.374	9.0	0.0	1.0	1.0
24	5	376	22.484	0.508	9.0	0.0	1.0	1.0
24	5	370	22.129	0.341	9.0	0.0	1.0	1.0
24	5	364	22.0	0.365	9.0	0.0	1.0	1.0
24	5	358	21.71	0.461	9.0	0.0	1.0	1.0
24	5	352	21.387	0.495	9.0	0.0	1.0	1.0
24	5	346	21.065	0.25	9.0	0.0	1.0	1.0
24	5	340	20.871	0.341	9.0	0.0	1.0	1.0
24	5	334	20.484	0.508	9.0	0.0	1.0	1.0
24	5	328	20.194	0.402	9.0	0.0	1.0	1.0
24	5	322	19.871	0.341	9.032	0.18	1.0	1.0
24	5	316	19.677	0.475	9.0	0.0	1.0	1.0
24	5	310	19.194	0.402	9.0	0.0	1.0	1.0
24	5	304	19.032	0.315	9.032	0.18	1.0	1.0
24	5	298	18.645	0.486	9.161	0.374	1.0	1.0
24	5	292	18.323	0.475	9.065	0.25	1.0	1.0
24	5	286	17.968	0.18	9.194	0.402	1.0	1.0
24	5	280	17.806	0.477	9.323	0.475	1.0	1.0
24	5	274	17.194	0.402	9.452	0.506	1.0	1.0
24	5	268	17.0	0.258	9.613	0.495	1.0	1.0
24	5	262	16.581	0.564	9.806	0.402	1.0	1.0
24	5	256	16.097	0.301	9.871	0.341	1.0	1.0
24	5	250	15.871	0.428	9.968	0.18	1.0	1.0
24	5	244	15.548	0.506	9.935	0.25	1.0	1.0
24	5	238	15.161	0.374	10.0	0.0	1.0	1.0
24	5	232	14.903	0.396	10.0	0.0	1.0	1.0
24	5	226	14.194	0.402	10.0	0.0	1.0	1.0
24	5	220	13.935	0.442	10.0	0.0	1.0	1.0
24	5	214	13.452	0.506	10.0	0.0	1.0	1.0
24	5	208	13.129	0.341	10.0	0.0	1.0	1.0
24	5	202	12.839	0.374	10.0	0.0	1.0	1.0
24	5	196	12.387	0.495	10.0	0.0	1.0	1.0
24	5	190	11.968	0.18	10.0	0.0	1.0	1.0
24	5	184	11.645	0.486	10.032	0.18	1.0	1.0
24	5	178	11.129	0.341	10.065	0.25	1.0	1.0
24	5	172	10.71	0.461	10.387	0.495	1.0	1.0
24	5	166	10.29	0.461	10.645	0.486	1.0	1.0
24	5	160	10.0	0.258	10.903	0.301	1.0	1.0
24	5	154	9.355	0.486	11.0	0.0	1.0	1.0
24	5	148	9.065	0.25	11.0	0.0	1.0	1.0
24	5	142	8.613	0.495	11.032	0.18	1.0	1.0
24	5	136	8.097	0.301	11.097	0.301	1.0	1.0
24	5	130	7.806	0.402	11.581	0.502	1.0	1.0
24	5	124	7.129	0.341	11.935	0.25	1.0	1.0
24	5	118	6.871	0.341	12.065	0.25	1.0	1.0
24	5	112	6.194	0.402	12.29	0.461	1.0	1.0
24	5	106	5.935	0.359	12.839	0.374	1.0	1.0
24	5	100	5.548	0.506	13.226	0.497	1.0	1.0
24	5	77	3.484	0.508	16.097	0.396	1.0	1.0
24	5	74	3.323	0.599	16.742	0.893	1.0	1.0
24	5	71	3.097	0.539	17.258	0.631	1.0	1.0
24	5	68	2.581	0.502	18.484	0.851	1.0	1.0
24	5	65	1.677	0.599	19.903	1.106	1.0	1.0
24	5	62	1.258	0.445	22.355	1.992	1.0	1.0
24	5	59	0.967	0.414	25.107	3.178	0.871	0.903
24	5	56	0.533	0.629	28.067	3.575	0.452	0.484
24	5	53	0.097	0.301	26.0	1.0	0.097	0.097
24	5	50	0.0	0.0	nan	nan	0.0	0.0
24	5	47	0.0	0.0	nan	nan	0.0	0.0
24	5	44	0.0	0.0	nan	nan	0.0	0.0
25	5	454	20.516	0.508	9.0	0.0	1.0	1.0
25	5	448	20.129	0.341	9.0	0.0	1.0	1.0
25	5	442	20.065	0.25	9.0	0.0	1.0	1.0
25	5	436	19.968	0.18	9.0	0.0	1.0	1.0
25	5	430	19.935	0.25	9.0	0.0	1.0	1.0
25	5	424	19.645	0.486	9.0	0.0	1.0	1.0
25	5	418	19.323	0.475	9.0	0.0	1.0	1.0
25	5	412	19.065	0.25	9.0	0.0	1.0	1.0
25	5	406	19.032	0.18	9.0	0.0	1.0	1.0
25	5	400	18.968	0.18	9.0	0.0	1.0	1.0
25	5	394	18.613	0.495	9.0	0.0	1.0	1.0
25	5	388	18.419	0.502	9.0	0.0	1.0	1.0
25	5	382	18.129	0.341	9.0	0.0	1.0	1.0
25	5	376	18.097	0.301	9.0	0.0	1.0	1.0
25	5	370	17.903	0.301	9.0	0.0	1.0	1.0
25	5	364	17.742	0.445	9.0	0.0	1.0	1.0
25	5	358	17.548	0.506	9.0	0.0	1.0	1.0
25	5	352	17.129	0.341	9.0	0.0	1.0	1.0
25	5	346	16.968	0.18	9.0	0.0	1.0	1.0
25	5	340	16.806	0.402	9.0	0.0	1.0	1.0
25	5	334	16.581	0.502	9.0	0.0	1.0	1.0
25	5	328	16.097	0.301	9.0	0.0	1.0	1.0
25	5	322	15.968	0.18	9.0	0.0	1.0	1.0
25	5	316	15.935	0.25	9.0	0.0	1.0	1.0
25	5	310	15.452	0.506	9.0	0.0	1.0	1.0
25	5	304	15.194	0.402	9.032	0.18	1.0	1.0
25	5	298	15.0	0.0	9.0	0.0	1.0	1.0
25	5	292	14.742	0.445	9.032	0.18	1.0	1.0
25	5	286	14.581	0.502	9.065	0.25	1.0	1.0
25	5	280	14.065	0.25	9.097	0.301	1.0	1.0
25	5	274	14.0	0.0	9.065	0.25	1.0	1.0
25	5	268	13.839	0.374	9.226	0.425	1.0	1.0
25	5	262	13.548	0.506	9.355	0.486	1.0	1.0
25	5	256	13.065	0.25	9.613	0.495	1.0	1.0
25	5	250	13.0	0.0	9.774	0.425	1.0	1.0
25	5	244	12.581	0.502	9.903	0.301	1.0	1.0
25	5	238	12.097	0.301	10.0	0.0	1.0	1.0
25	5	232	11.968	0.18	10.0	0.0	1.0	1.0
25	5	226	11.613	0.495	10.0	0.0	1.0	1.0
25	5	220	11.097	0.301	10.0	0.0	1.0	1.0
25	5	214	11.065	0.25	10.0	0.0	1.0	1.0
25	5	208	11.0	0.0	10.0	0.0	1.0	1.0
25	5	202	10.226	0.425	10.0	0.0	1.0	1.0
25	5	196	10.032	0.18	10.0	0.0	1.0	1.0
25	5	190	9.806	0.402	10.0	0.0	1.0	1.0
25	5	184	9.387	0.495	10.0	0.0	1.0	1.0
25	5	178	9.032	0.18	10.0	0.0	1.0	1.0
25	5	172	8.903	0.301	10.097	0.301	1.0	1.0
25	5	166	8.387	0.495	10.355	0.486	1.0	1.0
25	5	160	8.0	0.0	10.645	0.486	1.0	1.0
25	5	154	7.903	0.301	10.935	0.25	1.0	1.0
25	5	148	7.29	0.461	11.0	0.0	1.0	1.0
25	5	142	7.032	0.18	11.0	0.0	1.0	1.0
25	5	136	6.806	0.402	11.0	0.0	1.0	1.0
25	5	130	6.484	0.508	11.161	0.374	1.0	1.0
25	5	124	6.0	0.0	11.871	0.341	1.0	1.0
25	5	118	5.871	0.341	12.0	0.0	1.0	1.0
25	5	112	5.29	0.461	12.194	0.402	1.0	1.0
25	5	106	5.0	0.0	12.774	0.425	1.0	1.0
25	5	100	4.645	0.486	13.097	0.396	1.0	1.0
25	5	77	3.032	0.18	16.0	0.577	1.0	1.0
25	5	74	3.0	0.0	16.387	0.558	1.0	1.0
25	5	71	2.806	0.402	17.032	0.706	1.0	1.0
25	5	68	2.161	0.735	18.097	0.908	1.0	1.0
25	5	65	1.71	0.693	18.968	1.048	1.0	1.0
25	5	62	1.355	0.551	20.935	1.75	1.0	1.0
25	5	59	1.069	0.258	23.581	2.233	0.935	1.0
25	5	56	0.379	0.494	25.231	1.787	0.355	0.419
25	5	53	0.129	0.341	28.25	4.031	0.129	0.129
25	5	50	0.0	0.0	nan	nan	0.0	0.0
25	5	47	0.0	0.0	nan	nan	0.0	0.0
25	5	44	0.0	0.0	nan	nan	0.0	0.0
26	5	454	20.516	0.508	9.0	0.0	1.0	1.0
26	5	448	20.258	0.445	9.0	0.0	1.0	1.0
26	5	442	20.065	0.25	9.0	0.0	1.0	1.0
26	5	436	20.0	0.0	9.0	0.0	1.0	1.0
26	5	430	19.935	0.25	9.0	0.0	1.0	1.0
26	5	424	19.71	0.461	9.0	0.0	1.0	1.0
26	5	418	19.516	0.508	9.0	0.0	1.0	1.0
26	5	412	19.065	0.25	9.0	0.0	1.0	1.0
26	5	406	19.0	0.0	9.0	0.0	1.0	1.0
26	5	400	18.903	0.301	9.0	0.0	1.0	1.0
26	5	394	18.839	0.374	9.0	0.0	1.0	1.0
26	5	388	18.29	0.461	9.0	0.0	1.0	1.0
26	5	382	18.097	0.301	9.0	0.0	1.0	1.0
26	5	376	18.0	0.0	9.0	0.0	1.0	1.0
26	5	370	17.968	0.18	9.0	0.0	1.0	1.0
26	5	364	17.677	0.475	9.0	0.0	1.0	1.0
26	5	358	17.194	0.402	9.0	0.0	1.0	1.0
26	5	352	17.065	0.25	9.0	0.0	1.0	1.0
26	5	346	17.0	0.0	9.0	0.0	1.0	1.0
26	5	340	16.806	0.402	9.0	0.0	1.0	1.0
26	5	334	16.387	0.495	9.032	0.18	1.0	1.0
26	5	328	16.129	0.341	9.194	0.402	1.0	1.0
26	5	322	16.0	0.0	9.194	0.402	1.0	1.0
26	5	316	15.806	0.402	9.258	0.445	1.0	1.0
26	5	310	15.387	0.495	9.419	0.502	1.0	1.0
26	5	304	15.065	0.25	9.581	0.502	1.0	1.0
26	5	298	15.032	0.315	9.71	0.461	1.0	1.0
26	5	292	14.806	0.402	9.806	0.402	1.0	1.0
26	5	286	14.194	0.402	9.871	0.341	1.0	1.0
26	5	280	14.032	0.18	9.903	0.301	1.0	1.0
26	5	274	13.968	0.18	10.0	0.0	1.0	1.0
26	5	268	13.839	0.374	9.968	0.18	1.0	1.0
26	5	262	13.323	0.475	9.968	0.18	1.0	1.0
26	5	256	13.0	0.0	10.0	0.0	1.0	1.0
26	5	250	12.839	0.374	10.0	0.0	1.0	1.0
26	5	244	12.29	0.461	10.0	0.0	1.0	1.0
26	5	238	12.032	0.18	10.0	0.0	1.0	1.0
26	5	232	12.0	0.0	10.0	0.0	1.0	1.0
26	5	226	11.645	0.486	10.0	0.0	1.0	1.0
26	5	220	11.161	0.374	10.0	0.0	1.0	1.0
26	5	214	11.0	0.0	10.0	0.0	1.0	1.0
26	5	208	10.71	0.461	10.0	0.0	1.0	1.0
26	5	202	10.194	0.402	10.0	0.0	1.0	1.0
26	5	196	10.0	0.258	10.0	0.0	1.0	1.0
26	5	190	9.839	0.374	10.0	0.0	1.0	1.0
26	5	184	9.129	0.341	10.065	0.25	1.0	1.0
26	5	178	9.0	0.0	10.548	0.506	1.0	1.0
26	5	172	8.613	0.495	10.839	0.374	1.0	1.0
26	5	166	8.161	0.374	10.968	0.18	1.0	1.0
26	5	160	8.0	0.0	11.0	0.0	1.0	1.0
26	5	154	7.742	0.445	11.0	0.0	1.0	1.0
26	5	148	7.194	0.402	11.0	0.0	1.0	1.0
26	5	142	7.0	0.0	11.0	0.0	1.0	1.0
26	5	136	6.677	0.475	11.387	0.495	1.0	1.0
26	5	130	6.194	0.402	11.839	0.374	1.0	1.0
26	5	124	6.032	0.18	11.968	0.18	1.0	1.0
26	5	118	5.742	0.445	12.032	0.18	1.0	1.0
26	5	112	5.065	0.25	12.484	0.508	1.0	1.0
26	5	106	5.0	0.0	13.0	0.0	1.0	1.0
26	5	100	4.581	0.502	13.226	0.425	1.0	1.0
26	5	77	3.065	0.25	16.0	0.516	1.0	1.0
26	5	74	3.032	0.18	16.71	0.588	1.0	1.0
26	5	71	2.806	0.477	17.419	0.765	1.0	1.0
26	5	68	2.226	0.762	18.355	0.839	1.0	1.0
26	5	65	1.613	0.615	19.516	1.029	1.0	1.0
26	5	62	1.167	0.379	21.613	1.892	0.968	1.0
26	5	59	0.935	0.25	23.414	2.096	0.935	0.935
26	5	56	0.433	0.504	26.429	2.623	0.419	0.452
26	5	53	0.0	0.0	nan	nan	0.0	0.0
26	5	50	0.0	0.0	nan	nan	0.0	0.0
26	5	47	0.0	0.0	nan	nan	0.0	0.0
26	5	44	0.0	0.0	nan	nan	0.0	0.0
27	5	454	18.903	0.301	9.0	0.0	1.0	1.0
27	5	448	18.935	0.25	9.0	0.0	1.0	1.0
27	5	442	18.677	0.475	9.0	0.0	1.0	1.0
27	5	436	18.355	0.486	9.0	0.0	1.0	1.0
27	5	430	18.129	0.341	9.0	0.0	1.0	1.0
27	5	424	18.0	0.0	9.0	0.0	1.0	1.0
27	5	418	18.0	0.0	9.0	0.0	1.0	1.0
27	5	412	17.968	0.18	9.0	0.0	1.0	1.0
27	5	406	17.839	0.374	9.0	0.0	1.0	1.0
27	5	400	17.323	0.475	9.0	0.0	1.0	1.0
27	5	394	17.161	0.374	9.0	0.0	1.0	1.0
27	5	388	17.032	0.18	9.0	0.0	1.0	1.0
27	5	382	17.0	0.0	9.0	0.0	1.0	1.0
27	5	376	16.935	0.25	9.0	0.0	1.0	1.0
27	5	370	16.323	0.475	9.0	0.0	1.0	1.0
27	5	364	16.29	0.461	9.0	0.0	1.0	1.0
27	5	358	16.0	0.0	9.0	0.0	1.0	1.0
27	5	352	16.0	0.0	9.0	0.0	1.0	1.0
27	5	346	15.871	0.341	9.0	0.0	1.0	1.0
27	5	340	15.548	0.506	9.0	0.0	1.0	1.0
27	5	334	15.097	0.301	9.0	0.0	1.0	1.0
27	5	328	15.032	0.18	9.0	0.0	1.0	1.0
27	5	322	15.0	0.0	9.0	0.0	1.0	1.0
27	5	316	14.806	0.402	9.0	0.0	1.0	1.0
27	5	310	14.452	0.506	9.0	0.0	1.0	1.0
27	5	304	14.0	0.0	9.0	0.0	1.0	1.0
27	5	298	14.0	0.0	9.0	0.0	1.0	1.0
27	5	292	13.903	0.301	9.0	0.0	1.0	1.0
27	5	286	13.387	0.495	9.0	0.0	1.0	1.0
27	5	280	13.097	0.301	9.032	0.18	1.0	1.0
27	5	274	13.0	0.0	9.032	0.18	1.0	1.0
27	5	268	12.935	0.25	9.194	0.402	1.0	1.0
27	5	262	12.484	0.508	9.161	0.374	1.0	1.0
27	5	256	12.065	0.25	9.452	0.506	1.0	1.0
27	5	250	12.0	0.0	9.613	0.495	1.0	1.0
27	5	244	11.903	0.301	9.677	0.475	1.0	1.0
27	5	238	11.29	0.461	9.968	0.18	1.0	1.0
27	5	232	11.032	0.18	10.0	0.0	1.0	1.0
27	5	226	11.0	0.0	10.0	0.0	1.0	1.0
27	5	220	10.71	0.461	9.968	0.18	1.0	1.0
27	5	214	10.065	0.25	10.0	0.0	1.0	1.0
27	5	208	10.0	0.0	10.0	0.0	1.0	1.0
27	5	202	10.0	0.0	10.0	0.0	1.0	1.0
27	5	196	9.323	0.475	10.0	0.0	1.0	1.0
27	5	190	9.032	0.18	10.0	0.0	1.0	1.0
27	5	184	8.968	0.18	10.032	0.18	1.0	1.0
27	5	178	8.613	0.495	10.0	0.0	1.0	1.0
27	5	172	8.129	0.341	10.161	0.374	1.0	1.0
27	5	166	8.0	0.0	10.613	0.495	1.0	1.0
27	5	160	7.806	0.402	10.935	0.25	1.0	1.0
27	5	154	7.129	0.341	11.0	0.0	1.0	1.0
27	5	148	7.0	0.0	11.0	0.0	1.0	1.0
27	5	142	6.968	0.18	11.0	0.0	1.0	1.0
27	5	136	6.355	0.486	11.194	0.402	1.0	1.0
27	5	130	6.0	0.0	11.806	0.402	1.0	1.0
27	5	124	6.0	0.0	11.903	0.301	1.0	1.0
27	5	118	5.613	0.495	12.032	0.18	1.0	1.0
27	5	112	5.0	0.0	12.452	0.506	1.0	1.0
27	5	106	5.0	0.0	13.0	0.0	1.0	1.0
27	5	100	4.742	0.445	13.29	0.461	1.0	1.0
27	5	77	3.032	0.18	16.548	0.506	1.0	1.0
27	5	74	2.968	0.18	17.226	0.56	1.0	1.0
27	5	71	2.548	0.506	18.258	0.855	1.0	1.0
27	5	68	2.097	0.301	19.355	1.142	1.0	1.0
27	5	65	1.935	0.25	21.097	1.248	1.0	1.0
27	5	62	1.548	0.506	24.097	1.535	1.0	1.0
27	5	59	1.103	0.31	28.129	3.085	0.935	1.0
27	5	56	0.345	0.484	30.583	3.605	0.323	0.387
27	5	53	0.0	0.0	nan	nan	0.0	0.0
27	5	50	0.0	0.0	nan	nan	0.0	0.0
27	5	47	0.0	0.0	nan	nan	0.0	0.0
27	5	44	0.0	0.0	nan	nan	0.0	0.0
28	5	454	21.452	0.506	9.0	0.0	1.0	1.0
28	5	448	21.129	0.341	9.0	0.0	1.0	1.0
28	5	442	21.032	0.315	9.0	0.0	1.0	1.0
28	5	436	20.871	0.341	9.0	0.0	1.0	1.0
28	5	430	20.677	0.475	9.0	0.0	1.0	1.0
28	5	424	20.645	0.486	9.0	0.0	1.0	1.0
28	5	418	20.161	0.374	9.0	0.0	1.0	1.0
28	5	412	20.0	0.0	9.0	0.0	1.0	1.0
28	5	406	20.032	0.18	9.0	0.0	1.0	1.0
28	5	400	19.806	0.402	9.0	0.0	1.0	1.0
28	5	394	19.387	0.495	9.0	0.0	1.0	1.0
28	5	388	19.161	0.374	9.0	0.0	1.0	1.0
28	5	382	19.032	0.18	9.0	0.0	1.0	1.0
28	5	376	18.903	0.301	9.0	0.0	1.0	1.0
28	5	370	18.516	0.508	9.0	0.0	1.0	1.0
28	5	364	18.194	0.402	9.0	0.0	1.0	1.0
28	5	358	17.968	0.18	9.0	0.0	1.0	1.0
28	5	352	17.839	0.374	9.0	0.0	1.0	1.0
28	5	346	17.484	0.508	9.0	0.0	1.0	1.0
28	5	340	17.355	0.486	9.0	0.0	1.0	1.0
28	5	334	17.065	0.25	9.0	0.0	1.0	1.0
28	5	328	17.0	0.0	9.0	0.0	1.0	1.0
28	5	322	16.677	0.475	9.0	0.0	1.0	1.0
28	5	316	16.355	0.486	9.0	0.0	1.0	1.0
28	5	310	16.0	0.0	9.0	0.0	1.0	1.0
28	5	304	15.935	0.25	9.0	0.0	1.0	1.0
28	5	298	15.484	0.508	9.0	0.0	1.0	1.0
28	5	292	15.097	0.301	9.0	0.0	1.0	1.0
28	5	286	15.0	0.0	9.0	0.0	1.0	1.0
28	5	280	14.645	0.486	9.0	0.0	1.0	1.0
28	5	274	14.419	0.502	9.0	0.0	1.0	1.0
28	5	268	13.968	0.18	9.0	0.0	1.0	1.0
28	5	262	13.968	0.18	9.032	0.18	1.0	1.0
28	5	256	13.516	0.508	9.0	0.0	1.0	1.0
28	5	250	13.161	0.374	9.161	0.374	1.0	1.0
28	5	244	12.968	0.18	9.129	0.341	1.0	1.0
28	5	238	12.677	0.475	9.387	0.495	1.0	1.0
28	5	232	12.161	0.374	9.806	0.402	1.0	1.0
28	5	226	12.0	0.0	9.935	0.25	1.0	1.0
28	5	220	11.677	0.475	10.0	0.0	1.0	1.0
28	5	214	11.161	0.374	9.968	0.18	1.0	1.0
28	5	208	11.032	0.18	10.0	0.0	1.0	1.0
28	5	202	10.742	0.445	10.0	0.0	1.0	1.0
28	5	196	10.29	0.461	10.0	0.0	1.0	1.0
28	5	190	10.0	0.0	10.0	0.0	1.0	1.0
28	5	184	9.774	0.425	10.0	0.0	1.0	1.0
28	5	178	9.226	0.425	10.0	0.0	1.0	1.0
28	5	172	9.032	0.18	10.032	0.18	1.0	1.0
28	5	166	8.71	0.461	10.032	0.18	1.0	1.0
28	5	160	8.032	0.18	10.484	0.508	1.0	1.0
28	5	154	7.968	0.18	10.935	0.25	1.0	1.0
28	5	148	7.387	0.495	10.968	0.18	1.0	1.0
28	5	142	7.065	0.25	11.0	0.0	1.0	1.0
28	5	136	6.935	0.25	11.0	0.0	1.0	1.0
28	5	130	6.419	0.502	11.323	0.475	1.0	1.0
28	5	124	6.0	0.0	11.839	0.374	1.0	1.0
28	5	118	5.871	0.341	12.0	0.0	1.0	1.0
28	5	112	5.129	0.341	12.419	0.502	1.0	1.0
28	5	106	4.968	0.18	12.903	0.301	1.0	1.0
28	5	100	4.645	0.486	13.226	0.425	1.0	1.0
28	5	77	3.0	0.0	16.516	0.724	1.0	1.0
28	5	74	2.968	0.18	17.065	0.629	1.0	1.0
28	5	71	2.548	0.624	18.032	0.836	1.0	1.0
28	5	68	1.613	0.667	19.742	1.182	1.0	1.0
28	5	65	1.226	0.425	21.355	1.45	1.0	1.0
28	5	62	1.0	0.258	23.267	1.596	0.968	0.968
28	5	59	0.548	0.506	26.529	2.695	0.548	0.548
28	5	56	0.065	0.25	30.0	2.828	0.065	0.065
28	5	53	0.0	0.0	nan	nan	0.0	0.0
28	5	50	0.0	0.0	nan	nan	0.0	0.0
28	5	47	0.0	0.0	nan	nan	0.0	0.0
28	5	44	0.0	0.0	nan	nan	0.0	0.0
29	5	454	20.484	0.508	9.839	0.374	1.0	1.0
29	5	448	20.194	0.402	9.839	0.374	1.0	1.0
29	5	442	20.097	0.301	9.839	0.374	1.0	1.0
29	5	436	20.0	0.0	9.968	0.18	1.0	1.0
29	5	430	19.968	0.18	9.935	0.25	1.0	1.0
29	5	424	19.903	0.301	9.903	0.301	1.0	1.0
29	5	418	19.548	0.506	9.968	0.18	1.0	1.0
29	5	412	19.161	0.374	10.0	0.0	1.0	1.0
29	5	406	19.0	0.0	10.0	0.0	1.0	1.0
29	5	400	19.0	0.0	9.968	0.18	1.0	1.0
29	5	394	19.0	0.0	10.0	0.0	1.0	1.0
29	5	388	18.774	0.425	10.0	0.0	1.0	1.0
29	5	382	18.323	0.475	10.0	0.0	1.0	1.0
29	5	376	18.065	0.25	10.0	0.0	1.0	1.0
29	5	370	18.0	0.0	10.0	0.0	1.0	1.0
29	5	364	17.968	0.315	10.0	0.0	1.0	1.0
29	5	358	17.645	0.486	10.0	0.0	1.0	1.0
29	5	352	17.194	0.402	10.0	0.0	1.0	1.0
29	5	346	17.0	0.0	10.0	0.0	1.0	1.0
29	5	340	17.0	0.0	10.0	0.0	1.0	1.0
29	5	334	16.806	0.402	10.0	0.0	1.0	1.0
29	5	328	16.419	0.502	10.0	0.0	1.0	1.0
29	5	322	16.065	0.25	10.0	0.0	1.0	1.0
29	5	316	16.032	0.18	10.0	0.0	1.0	1.0
29	5	310	15.871	0.341	10.0	0.0	1.0	1.0
29	5	304	15.516	0.508	10.0	0.0	1.0	1.0
29	5	298	15.065	0.25	10.0	0.0	1.0	1.0
29	5	292	15.0	0.0	10.0	0.0	1.0	1.0
29	5	286	14.903	0.301	10.0	0.0	1.0	1.0
29	5	280	14.484	0.508	10.0	0.0	1.0	1.0
29	5	274	14.065	0.25	10.0	0.0	1.0	1.0
29	5	268	14.0	0.0	10.0	0.0	1.0	1.0
29	5	262	13.774	0.425	10.0	0.0	1.0	1.0
29	5	256	13.194	0.402	10.0	0.0	1.0	1.0
29	5	250	13.0	0.0	10.0	0.0	1.0	1.0
29	5	244	12.968	0.18	10.0	0.0	1.0	1.0
29	5	238	12.581	0.502	10.0	0.0	1.0	1.0
29	5	232	12.032	0.18	10.0	0.0	1.0	1.0
29	5	226	11.968	0.18	10.097	0.301	1.0	1.0
29	5	220	11.871	0.341	10.097	0.301	1.0	1.0
29	5	214	11.065	0.25	10.226	0.425	1.0	1.0
29	5	208	11.0	0.0	10.484	0.508	1.0	1.0
29	5	202	10.871	0.341	10.742	0.445	1.0	1.0
29	5	196	10.194	0.402	10.935	0.25	1.0	1.0
29	5	190	10.0	0.0	10.968	0.18	1.0	1.0
29	5	184	9.935	0.25	11.0	0.0	1.0	1.0
29	5	178	9.258	0.445	11.0	0.0	1.0	1.0
29	5	172	9.0	0.0	11.0	0.0	1.0	1.0
29	5	166	8.839	0.374	11.0	0.0	1.0	1.0
29	5	160	8.355	0.486	11.0	0.0	1.0	1.0
29	5	154	8.0	0.0	11.194	0.402	1.0	1.0
29	5	148	7.935	0.25	11.548	0.506	1.0	1.0
29	5	142	7.29	0.461	12.0	0.0	1.0	1.0
29	5	136	7.032	0.18	12.0	0.0	1.0	1.0
29	5	130	7.0	0.0	12.032	0.18	1.0	1.0
29	5	124	6.258	0.445	12.29	0.461	1.0	1.0
29	5	118	6.0	0.0	12.903	0.301	1.0	1.0
29	5	112	5.903	0.301	13.0	0.0	1.0	1.0
29	5	106	5.194	0.402	13.226	0.425	1.0	1.0
29	5	100	5.0	0.0	13.968	0.18	1.0	1.0
29	5	77	3.935	0.25	17.032	0.482	1.0	1.0
29	5	74	3.387	0.615	17.71	0.864	1.0	1.0
29	5	71	2.613	0.667	18.355	0.661	1.0	1.0
29	5	68	2.0	0.0	19.806	0.792	1.0	1.0
29	5	65	2.0	0.0	21.903	1.578	1.0	1.0
29	5	62	2.0	0.0	23.516	1.387	1.0	1.0
29	5	59	1.71	0.529	27.267	2.791	0.968	0.968
29	5	56	0.6	0.707	33.167	3.382	0.387	0.581
29	5	53	0.0	0.0	nan	nan	0.0	0.0
29	5	50	0.0	0.0	nan	nan	0.0	0.0
29	5	47	0.0	0.0	nan	nan	0.0	0.0
29	5	44	0.0	0.0	nan	nan	0.0	0.0
30	5	454	15.0	0.0	9.0	0.0	1.0	1.0
30	5	448	15.0	0.0	9.0	0.0	1.0	1.0
30	5	442	15.0	0.0	9.0	0.0	1.0	1.0
30	5	436	14.935	0.25	9.0	0.0	1.0	1.0
30	5	430	14.774	0.425	9.0	0.0	1.0	1.0
30	5	424	14.387	0.495	9.0	0.0	1.0	1.0
30	5	418	14.129	0.341	9.0	0.0	1.0	1.0
30	5	412	14.065	0.25	9.0	0.0	1.0	1.0
30	5	406	14.0	0.0	9.0	0.0	1.0	1.0
30	5	400	14.0	0.0	9.0	0.0	1.0	1.0
30	5	394	14.0	0.0	9.0	0.0	1.0	1.0
30	5	388	13.903	0.301	9.0	0.0	1.0	1.0
30	5	382	13.548	0.506	9.0	0.0	1.0	1.0
30	5	376	13.194	0.402	9.0	0.0	1.0	1.0
30	5	370	13.032	0.18	9.0	0.0	1.0	1.0
30	5	364	13.0	0.0	9.0	0.0	1.0	1.0
30	5	358	13.0	0.0	9.0	0.0	1.0	1.0
30	5	352	13.0	0.0	9.0	0.0	1.0	1.0
30	5	346	12.806	0.402	9.0	0.0	1.0	1.0
30	5	340	12.548	0.506	9.0	0.0	1.0	1.0
30	5	334	12.097	0.301	9.0	0.0	1.0	1.0
30	5	328	12.0	0.0	9.0	0.0	1.0	1.0
30	5	322	12.0	0.0	9.0	0.0	1.0	1.0
30	5	316	12.0	0.0	9.0	0.0	1.0	1.0
30	5	310	11.71	0.461	9.0	0.0	1.0	1.0
30	5	304	11.29	0.461	9.0	0.0	1.0	1.0
30	5	298	11.032	0.18	9.0	0.0	1.0	1.0
30	5	292	11.0	0.0	9.0	0.0	1.0	1.0
30	5	286	11.0	0.0	9.0	0.0	1.0	1.0
30	5	280	10.903	0.301	9.0	0.0	1.0	1.0
30	5	274	10.516	0.508	9.0	0.0	1.0	1.0
30	5	268	10.032	0.18	9.0	0.0	1.0	1.0
30	5	262	10.0	0.0	9.032	0.18	1.0	1.0
30	5	256	10.0	0.0	9.065	0.25	1.0	1.0
30	5	250	9.968	0.18	9.194	0.402	1.0	1.0
30	5	244	9.29	0.461	9.323	0.475	1.0	1.0
30	5	238	9.097	0.301	9.355	0.486	1.0	1.0
30	5	232	9.0	0.0	9.645	0.486	1.0	1.0
30	5	226	9.0	0.0	9.839	0.374	1.0	1.0
30	5	220	8.968	0.18	9.968	0.18	1.0	1.0
30	5	214	8.29	0.461	10.0	0.0	1.0	1.0
30	5	208	8.032	0.18	10.0	0.0	1.0	1.0
30	5	202	8.0	0.0	10.0	0.0	1.0	1.0
30	5	196	8.0	0.0	10.0	0.0	1.0	1.0
30	5	190	7.71	0.461	10.0	0.0	1.0	1.0
30	5	184	7.097	0.301	10.0	0.0	1.0	1.0
30	5	178	7.0	0.0	10.0	0.0	1.0	1.0
30	5	172	7.0	0.0	10.0	0.0	1.0	1.0
30	5	166	6.903	0.301	10.065	0.25	1.0	1.0
30	5	160	6.387	0.495	10.355	0.486	1.0	1.0
30	5	154	6.0	0.0	10.774	0.425	1.0	1.0
30	5	148	6.0	0.0	11.0	0.0	1.0	1.0
30	5	142	6.0	0.0	11.0	0.0	1.0	1.0
30	5	136	5.419	0.502	11.0	0.0	1.0	1.0
30	5	130	5.0	0.0	11.0	0.0	1.0	1.0
30	5	124	5.0	0.0	11.581	0.502	1.0	1.0
30	5	118	4.935	0.25	11.935	0.25	1.0	1.0
30	5	112	4.548	0.506	12.0	0.0	1.0	1.0
30	5	106	4.0	0.0	12.355	0.486	1.0	1.0
30	5	100	4.0	0.0	13.032	0.407	1.0	1.0
30	5	77	3.0	0.0	15.871	0.499	1.0	1.0
30	5	74	3.0	0.0	16.613	0.495	1.0	1.0
30	5	71	2.871	0.341	17.29	0.693	1.0	1.0
30	5	68	2.484	0.677	18.129	0.957	1.0	1.0
30	5	65	1.613	0.667	19.419	0.923	1.0	1.0
30	5	62	1.097	0.301	21.935	2.966	1.0	1.0
30	5	59	0.967	0.183	25.333	3.252	0.935	0.968
30	5	56	0.367	0.49	28.5	3.754	0.355	0.387
30	5	53	0.0	0.0	nan	nan	0.0	0.0
30	5	50	0.0	0.0	nan	nan	0.0	0.0
30	5	47	0.0	0.0	nan	nan	0.0	0.0
30	5	44	0.0	0.0	nan	nan	0.0	0.0
31	5	454	19.677	0.475	9.0	0.0	1.0	1.0
31	5	448	19.419	0.502	9.0	0.0	1.0	1.0
31	5	442	19.194	0.402	9.0	0.0	1.0	1.0
31	5	436	19.032	0.18	9.0	0.0	1.0	1.0
31	5	430	19.0	0.0	9.0	0.0	1.0	1.0
31	5	424	18.903	0.396	9.0	0.0	1.0	1.0
31	5	418	18.839	0.374	9.0	0.0	1.0	1.0
31	5	412	18.613	0.495	9.0	0.0	1.0	1.0
31	5	406	18.258	0.445	9.0	0.0	1.0	1.0
31	5	400	18.0	0.0	9.0	0.0	1.0	1.0
31	5	394	18.0	0.0	9.0	0.0	1.0	1.0
31	5	388	17.968	0.18	9.0	0.0	1.0	1.0
31	5	382	17.677	0.475	9.0	0.0	1.0	1.0
31	5	376	17.226	0.425	9.0	0.0	1.0	1.0
31	5	370	16.968	0.18	9.0	0.0	1.0	1.0
31	5	364	17.0	0.0	9.0	0.0	1.0	1.0
31	5	358	16.935	0.25	9.0	0.0	1.0	1.0
31	5	352	16.871	0.341	9.0	0.0	1.0	1.0
31	5	346	16.194	0.402	9.0	0.0	1.0	1.0
31	5	340	16.0	0.0	9.032	0.18	1.0	1.0
31	5	334	16.0	0.0	9.0	0.0	1.0	1.0
31	5	328	15.871	0.341	9.032	0.18	1.0	1.0
31	5	322	15.581	0.502	9.0	0.0	1.0	1.0
31	5	316	15.065	0.25	9.0	0.0	1.0	1.0
31	5	310	15.0	0.0	9.097	0.301	1.0	1.0
31	5	304	14.935	0.25	9.161	0.374	1.0	1.0
31	5	298	14.581	0.502	9.194	0.402	1.0	1.0
31	5	292	14.097	0.301	9.29	0.461	1.0	1.0
31	5	286	14.0	0.0	9.452	0.506	1.0	1.0
31	5	280	13.968	0.18	9.581	0.502	1.0	1.0
31	5	274	13.71	0.461	9.742	0.445	1.0	1.0
31	5	268	13.226	0.425	9.839	0.374	1.0	1.0
31	5	262	13.032	0.18	9.903	0.301	1.0	1.0
31	5	256	12.742	0.445	9.968	0.18	1.0	1.0
31	5	250	12.516	0.508	10.0	0.0	1.0	1.0
31	5	244	12.065	0.25	9.968	0.18	1.0	1.0
31	5	238	12.0	0.0	10.0	0.0	1.0	1.0
31	5	232	11.645	0.486	10.0	0.0	1.0	1.0
31	5	226	11.226	0.425	10.0	0.0	1.0	1.0
31	5	220	11.0	0.0	10.0	0.0	1.0	1.0
31	5	214	10.935	0.25	10.0	0.0	1.0	1.0
31	5	208	10.355	0.486	10.0	0.0	1.0	1.0
31	5	202	10.032	0.18	10.0	0.0	1.0	1.0
31	5	196	9.968	0.18	10.0	0.0	1.0	1.0
31	5	190	9.484	0.508	10.032	0.18	1.0	1.0
31	5	184	9.032	0.18	10.097	0.301	1.0	1.0
31	5	178	9.0	0.0	10.194	0.402	1.0	1.0
31	5	172	8.677	0.475	10.806	0.402	1.0	1.0
31	5	166	8.032	0.18	10.871	0.341	1.0	1.0
31	5	160	8.0	0.0	11.0	0.0	1.0	1.0
31	5	154	7.806	0.402	11.0	0.0	1.0	1.0
31	5	148	7.194	0.402	11.032	0.18	1.0	1.0
31	5	142	7.0	0.0	11.032	0.18	1.0	1.0
31	5	136	6.935	0.25	11.258	0.445	1.0	1.0
31	5	130	6.129	0.341	11.968	0.18	1.0	1.0
31	5	124	6.0	0.0	11.903	0.301	1.0	1.0
31	5	118	5.839	0.374	12.032	0.18	1.0	1.0
31	5	112	5.29	0.461	12.419	0.502	1.0	1.0
31	5	106	5.0	0.0	13.0	0.258	1.0	1.0
31	5	100	4.903	0.301	13.29	0.461	1.0	1.0
31	5	77	3.226	0.425	16.742	0.514	1.0	1.0
31	5	74	2.968	0.18	17.258	0.682	1.0	1.0
31	5	71	2.806	0.402	17.774	0.805	1.0	1.0
31	5	68	2.194	0.402	19.0	1.033	1.0	1.0
31	5	65	1.774	0.425	20.935	1.181	1.0	1.0
31	5	62	1.419	0.502	22.581	1.608	1.0	1.0
31	5	59	1.065	0.359	25.867	2.788	0.968	0.968
31	5	56	0.839	0.374	28.192	3.073	0.839	0.839
31	5	53	0.0	0.0	35.0	0.0	0.0	0.032
31	5	50	0.0	0.0	nan	nan	0.0	0.0
31	5	47	0.0	0.0	nan	nan	0.0	0.0
31	5	44	0.0	0.0	nan	nan	0.0	0.0
0	6	454	21.935	0.25	12.0	0.0	1.0	1.0
0	6	448	21.806	0.402	11.903	0.301	1.0	1.0
0	6	442	21.355	0.486	12.0	0.0	1.0	1.0
0	6	436	21.194	0.402	12.0	0.0	1.0	1.0
0	6	430	21.032	0.18	11.968	0.18	1.0	1.0
0	6	424	21.0	0.0	12.0	0.0	1.0	1.0
0	6	418	20.903	0.301	11.968	0.18	1.0	1.0
0	6	412	20.645	0.486	12.0	0.0	1.0	1.0
0	6	406	20.226	0.425	11.968	0.18	1.0	1.0
0	6	400	20.129	0.341	11.968	0.18	1.0	1.0
0	6	394	20.032	0.18	12.0	0.0	1.0	1.0
0	6	388	19.935	0.25	12.0	0.0	1.0	1.0
0	6	382	19.871	0.341	12.0	0.0	1.0	1.0
0	6	376	19.419	0.502	12.0	0.0	1.0	1.0
0	6	370	19.161	0.374	12.0	0.0	1.0	1.0
0	6	364	19.0	0.0	11.968	0.18	1.0	1.0
0	6	358	18.968	0.18	12.0	0.0	1.0	1.0
0	6	352	18.613	0.495	12.0	0.0	1.0	1.0
0	6	346	18.323	0.475	12.0	0.0	1.0	1.0
0	6	340	18.032	0.18	12.0	0.0	1.0	1.0
0	6	334	17.935	0.25	12.0	0.0	1.0	1.0
0	6	328	17.903	0.301	12.0	0.0	1.0	1.0
0	6	322	17.355	0.486	12.0	0.0	1.0	1.0
0	6	316	17.032	0.18	12.0	0.0	1.0	1.0
0	6	310	17.032	0.18	12.0	0.0	1.0	1.0
0	6	304	16.935	0.25	12.0	0.0	1.0	1.0
0	6	298	16.581	0.502	12.0	0.0	1.0	1.0
0	6	292	16.065	0.25	12.0	0.0	1.0	1.0
0	6	286	16.032	0.18	12.0	0.0	1.0	1.0
0	6	280	15.71	0.461	12.0	0.0	1.0	1.0
0	6	274	15.516	0.508	12.0	0.0	1.0	1.0
0	6	268	15.032	0.18	12.0	0.0	1.0	1.0
0	6	262	15.0	0.0	12.032	0.18	1.0	1.0
0	6	256	14.516	0.508	12.032	0.18	1.0	1.0
0	6	250	14.065	0.25	12.0	0.0	1.0	1.0
0	6	244	14.0	0.0	12.258	0.445	1.0	1.0
0	6	238	13.806	0.402	12.581	0.502	1.0	1.0
0	6	232	13.194	0.402	12.484	0.508	1.0	1.0
0	6	226	13.0	0.0	12.839	0.374	1.0	1.0
0	6	220	12.968	0.18	12.839	0.374	1.0	1.0
0	6	214	12.323	0.475	12.935	0.25	1.0	1.0
0	6	208	12.032	0.18	12.935	0.25	1.0	1.0
0	6	202	11.871	0.341	12.968	0.18	1.0	1.0
0	6	196	11.323	0.475	12.968	0.18	1.0	1.0
0	6	190	11.032	0.18	13.0	0.0	1.0	1.0
0	6	184	10.968	0.18	13.0	0.0	1.0	1.0
0	6	178	10.419	0.502	13.0	0.0	1.0	1.0
0	6	172	10.0	0.0	13.0	0.0	1.0	1.0
0	6	166	9.935	0.25	13.032	0.18	1.0	1.0
0	6	160	9.065	0.25	13.323	0.475	1.0	1.0
0	6	154	9.0	0.0	13.645	0.486	1.0	1.0
0	6	148	8.742	0.445	13.903	0.301	1.0	1.0
0	6	142	8.097	0.301	14.0	0.0	1.0	1.0
0	6	136	8.0	0.0	14.0	0.0	1.0	1.0
0	6	130	7.581	0.502	14.129	0.341	1.0	1.0
0	6	124	7.0	0.0	14.581	0.502	1.0	1.0
0	6	118	6.903	0.301	15.0	0.0	1.0	1.0
0	6	112	6.258	0.445	15.129	0.341	1.0	1.0
0	6	106	6.0	0.0	15.871	0.341	1.0	1.0
0	6	100	5.71	0.461	16.032	0.18	1.0	1.0
0	6	77	3.0	0.0	19.29	0.529	1.0	1.0
0	6	74	3.0	0.0	20.161	0.523	1.0	1.0
0	6	71	2.903	0.301	21.258	0.773	1.0	1.0
0	6	68	2.581	0.502	22.613	0.919	1.0	1.0
0	6	65	2.065	0.25	24.065	0.998	1.0	1.0
0	6	62	2.0	0.0	26.194	1.167	1.0	1.0
0	6	59	1.871	0.341	30.806	2.892	1.0	1.0
0	6	56	1.208	0.721	35.926	4.393	0.645	0.871
0	6	53	0.0	0.0	nan	nan	0.0	0.0
0	6	50	0.0	0.0	nan	nan	0.0	0.0
0	6	47	0.0	0.0	nan	nan	0.0	0.0
0	6	44	0.0	0.0	nan	nan	0.0	0.0
1	6	454	20.968	0.18	9.0	0.0	1.0	1.0
1	6	448	20.774	0.425	9.032	0.18	1.0	1.0
1	6	442	20.452	0.506	9.0	0.0	1.0	1.0
1	6	436	20.226	0.425	9.097	0.301	1.0	1.0
1	6	430	20.032	0.18	9.0	0.0	1.0	1.0
1	6	424	20.0	0.0	9.065	0.25	1.0	1.0
1	6	418	20.0	0.0	9.226	0.425	1.0	1.0
1	6	412	19.806	0.402	9.097	0.301	1.0	1.0
1	6	406	19.548	0.506	9.226	0.425	1.0	1.0
1	6	400	19.323	0.475	9.194	0.402	1.0	1.0
1	6	394	19.0	0.0	9.097	0.301	1.0	1.0
1	6	388	19.0	0.0	9.387	0.495	1.0	1.0
1	6	382	18.903	0.301	9.323	0.475	1.0	1.0
1	6	376	18.677	0.475	9.29	0.461	1.0	1.0
1	6	370	18.355	0.486	9.484	0.508	1.0	1.0
1	6	364	18.129	0.341	9.548	0.506	1.0	1.0
1	6	358	18.032	0.18	9.677	0.475	1.0	1.0
1	6	352	17.935	0.25	9.677	0.475	1.0	1.0
1	6	346	17.613	0.495	9.935	0.25	1.0	1.0
1	6	340	17.194	0.402	9.903	0.301	1.0	1.0
1	6	334	17.032	0.18	9.935	0.25	1.0	1.0
1	6	328	16.968	0.18	9.935	0.25	1.0	1.0
1	6	322	16.677	0.475	9.968	0.18	1.0	1.0
1	6	316	16.323	0.475	9.968	0.18	1.0	1.0
1	6	310	16.032	0.18	10.0	0.0	1.0	1.0
1	6	304	16.0	0.0	10.0	0.0	1.0	1.0
1	6	298	15.903	0.301	10.0	0.0	1.0	1.0
1	6	292	15.613	0.495	10.0	0.0	1.0	1.0
1	6	286	15.161	0.374	10.0	0.0	1.0	1.0
1	6	280	15.0	0.0	10.0	0.0	1.0	1.0
1	6	274	14.871	0.341	10.0	0.0	1.0	1.0
1	6	268	14.452	0.506	10.0	0.0	1.0	1.0
1	6	262	14.032	0.18	10.0	0.0	1.0	1.0
1	6	256	13.935	0.25	10.0	0.0	1.0	1.0
1	6	250	13.742	0.445	10.0	0.0	1.0	1.0
1	6	244	13.226	0.425	10.0	0.0	1.0	1.0
1	6	238	13.0	0.0	10.0	0.0	1.0	1.0
1	6	232	12.839	0.374	10.0	0.0	1.0	1.0
1	6	226	12.452	0.506	10.0	0.0	1.0	1.0
1	6	220	12.0	0.0	10.0	0.0	1.0	1.0
1	6	214	12.0	0.0	10.0	0.0	1.0	1.0
1	6	208	11.452	0.506	10.065	0.25	1.0	1.0
1	6	202	11.032	0.18	10.097	0.301	1.0	1.0
1	6	196	11.0	0.0	10.323	0.475	1.0	1.0
1	6	190	10.677	0.475	10.516	0.508	1.0	1.0
1	6	184	10.097	0.301	10.935	0.25	1.0	1.0
1	6	178	10.0	0.0	11.0	0.0	1.0	1.0
1	6	172	9.645	0.486	11.0	0.0	1.0	1.0
1	6	166	9.0	0.0	11.0	0.0	1.0	1.0
1	6	160	8.935	0.25	11.0	0.0	1.0	1.0
1	6	154	8.581	0.502	11.065	0.25	1.0	1.0
1	6	148	8.065	0.25	11.29	0.461	1.0	1.0
1	6	142	7.935	0.25	11.645	0.486	1.0	1.0
1	6	136	7.355	0.486	11.935	0.25	1.0	1.0
1	6	130	7.0	0.0	12.0	0.0	1.0	1.0
1	6	124	6.903	0.301	12.129	0.341	1.0	1.0
1	6	118	6.29	0.461	12.548	0.506	1.0	1.0
1	6	112	5.968	0.18	12.968	0.18	1.0	1.0
1	6	106	5.839	0.374	13.194	0.402	1.0	1.0
1	6	100	5.0	0.0	13.935	0.25	1.0	1.0
1	6	77	3.935	0.25	16.903	0.539	1.0	1.0
1	6	74	3.323	0.791	18.0	0.73	1.0	1.0
1	6	71	2.548	0.568	18.903	0.978	1.0	1.0
1	6	68	2.0	0.0	20.71	1.189	1.0	1.0
1	6	65	2.0	0.0	22.29	1.16	1.0	1.0
1	6	62	1.935	0.25	24.387	1.383	1.0	1.0
1	6	59	1.533	0.507	28.452	3.02	0.968	1.0
1	6	56	0.611	0.778	34.0	2.646	0.258	0.677
1	6	53	0.0	0.0	nan	nan	0.0	0.0
1	6	50	0.0	0.0	nan	nan	0.0	0.0
1	6	47	0.0	0.0	nan	nan	0.0	0.0
1	6	44	0.0	0.0	nan	nan	0.0	0.0
2	6	454	21.871	0.341	9.71	0.461	1.0	1.0
2	6	448	21.774	0.425	9.871	0.341	1.0	1.0
2	6	442	21.645	0.486	9.968	0.18	1.0	1.0
2	6	436	21.258	0.445	9.839	0.374	1.0	1.0
2	6	430	21.129	0.341	9.903	0.301	1.0	1.0
2	6	424	20.968	0.315	9.839	0.374	1.0	1.0
2	6	418	20.806	0.402	9.806	0.402	1.0	1.0
2	6	412	20.548	0.506	9.968	0.18	1.0	1.0
2	6	406	20.323	0.475	9.935	0.25	1.0	1.0
2	6	400	20.097	0.301	9.935	0.25	1.0	1.0
2	6	394	20.0	0.0	10.0	0.0	1.0	1.0
2	6	388	19.839	0.374	10.0	0.0	1.0	1.0
2	6	382	19.677	0.475	10.0	0.0	1.0	1.0
2	6	376	19.194	0.402	9.968	0.18	1.0	1.0
2	6	370	18.935	0.25	10.0	0.0	1.0	1.0
2	6	364	18.935	0.25	9.968	0.18	1.0	1.0
2	6	358	18.516	0.508	10.0	0.0	1.0	1.0
2	6	352	18.452	0.506	10.0	0.0	1.0	1.0
2	6	346	18.032	0.18	10.0	0.0	1.0	1.0
2	6	340	17.968	0.18	10.0	0.0	1.0	1.0
2	6	334	17.839	0.374	10.0	0.0	1.0	1.0
2	6	328	17.355	0.486	10.0	0.0	1.0	1.0
2	6	322	17.097	0.301	10.0	0.0	1.0	1.0
2	6	316	16.968	0.18	10.0	0.0	1.0	1.0
2	6	310	16.871	0.341	10.0	0.0	1.0	1.0
2	6	304	16.387	0.495	10.0	0.0	1.0	1.0
2	6	298	16.032	0.18	10.0	0.0	1.0	1.0
2	6	292	15.935	0.359	10.0	0.0	1.0	1.0
2	6	286	15.839	0.374	10.0	0.0	1.0	1.0
2	6	280	15.097	0.301	10.0	0.0	1.0	1.0
2	6	274	15.032	0.315	10.0	0.0	1.0	1.0
2	6	268	14.871	0.341	10.0	0.0	1.0	1.0
2	6	262	14.226	0.425	10.0	0.0	1.0	1.0
2	6	256	14.097	0.301	10.0	0.0	1.0	1.0
2	6	250	13.806	0.402	10.0	0.0	1.0	1.0
2	6	244	13.387	0.495	10.0	0.0	1.0	1.0
2	6	238	13.065	0.25	10.0	0.0	1.0	1.0
2	6	232	12.839	0.374	10.0	0.0	1.0	1.0
2	6	226	12.226	0.425	10.0	0.0	1.0	1.0
2	6	220	12.032	0.315	10.0	0.0	1.0	1.0
2	6	214	11.968	0.18	10.097	0.301	1.0	1.0
2	6	208	11.484	0.508	10.226	0.425	1.0	1.0
2	6	202	11.097	0.301	10.419	0.502	1.0	1.0
2	6	196	10.903	0.301	10.548	0.506	1.0	1.0
2	6	190	10.613	0.495	10.935	0.25	1.0	1.0
2	6	184	10.226	0.425	10.935	0.25	1.0	1.0
2	6	178	9.935	0.359	11.0	0.0	1.0	1.0
2	6	172	9.452	0.506	11.0	0.0	1.0	1.0
2	6	166	9.097	0.301	11.0	0.0	1.0	1.0
2	6	160	8.806	0.402	11.0	0.0	1.0	1.0
2	6	154	8.258	0.445	11.032	0.18	1.0	1.0
2	6	148	8.032	0.18	11.194	0.402	1.0	1.0
2	6	142	7.677	0.475	11.613	0.495	1.0	1.0
2	6	136	7.129	0.341	11.903	0.301	1.0	1.0
2	6	130	7.0	0.365	11.968	0.18	1.0	1.0
2	6	124	6.387	0.495	12.0	0.0	1.0	1.0
2	6	118	6.097	0.301	12.516	0.508	1.0	1.0
2	6	112	5.871	0.341	12.806	0.402	1.0	1.0
2	6	106	5.258	0.445	13.0	0.0	1.0	1.0
2	6	100	4.935	0.25	13.645	0.486	1.0	1.0
2	6	77	3.258	0.445	16.419	0.62	1.0	1.0
2	6	74	3.065	0.359	16.935	0.574	1.0	1.0
2	6	71	2.71	0.461	17.645	0.877	1.0	1.0
2	6	68	2.194	0.703	18.548	0.81	1.0	1.0
2	6	65	1.581	0.672	19.581	1.259	1.0	1.0
2	6	62	1.161	0.374	21.452	1.823	1.0	1.0
2	6	59	0.9	0.403	23.407	1.526	0.839	0.871
2	6	56	0.226	0.425	24.571	1.718	0.226	0.226
2	6	53	0.0	0.0	nan	nan	0.0	0.0
2	6	50	0.0	0.0	nan	nan	0.0	0.0
2	6	47	0.0	0.0	nan	nan	0.0	0.0
2	6	44	0.0	0.0	nan	nan	0.0	0.0
3	6	454	14.0	0.0	9.0	0.0	1.0	1.0
3	6	448	14.0	0.0	9.0	0.0	1.0	1.0
3	6	442	14.0	0.0	9.0	0.0	1.0	1.0
3	6	436	14.0	0.0	9.0	0.0	1.0	1.0
3	6	430	13.806	0.402	9.0	0.0	1.0	1.0
3	6	424	13.484	0.508	9.0	0.0	1.0	1.0
3	6	418	13.355	0.486	9.0	0.0	1.0	1.0
3	6	412	13.065	0.25	9.0	0.0	1.0	1.0
3	6	406	13.032	0.18	9.0	0.0	1.0	1.0
3	6	400	13.0	0.0	9.0	0.0	1.0	1.0
3	6	394	13.0	0.0	9.0	0.0	1.0	1.0
3	6	388	12.935	0.25	9.0	0.0	1.0	1.0
3	6	382	12.677	0.475	9.0	0.0	1.0	1.0
3	6	376	12.645	0.486	9.0	0.0	1.0	1.0
3	6	370	12.161	0.374	9.0	0.0	1.0	1.0
3	6	364	12.032	0.18	9.0	0.0	1.0	1.0
3	6	358	12.0	0.0	9.0	0.0	1.0	1.0
3	6	352	12.0	0.0	9.0	0.0	1.0	1.0
3	6	346	12.0	0.0	9.0	0.0	1.0	1.0
3	6	340	11.871	0.341	9.0	0.0	1.0	1.0
3	6	334	11.677	0.475	9.0	0.0	1.0	1.0
3	6	328	11.226	0.425	9.0	0.0	1.0	1.0
3	6	322	11.0	0.0	9.0	0.0	1.0	1.0
3	6	316	11.0	0.0	9.0	0.0	1.0	1.0
3	6	310	11.0	0.0	9.0	0.0	1.0	1.0
3	6	304	10.935	0.25	9.0	0.0	1.0	1.0
3	6	298	10.71	0.461	9.0	0.0	1.0	1.0
3	6	292	10.065	0.25	9.0	0.0	1.0	1.0
3	6	286	10.0	0.0	9.0	0.0	1.0	1.0
3	6	280	10.0	0.0	9.0	0.0	1.0	1.0
3	6	274	10.0	0.0	9.0	0.0	1.0	1.0
3	6	268	9.839	0.374	9.0	0.0	1.0	1.0
3	6	262	9.258	0.445	9.0	0.0	1.0	1.0
3	6	256	9.097	0.301	9.0	0.0	1.0	1.0
3	6	250	9.0	0.0	9.032	0.18	1.0	1.0
3	6	244	8.968	0.18	9.097	0.301	1.0	1.0
3	6	238	8.935	0.25	9.258	0.445	1.0	1.0
3	6	232	8.548	0.506	9.29	0.461	1.0	1.0
3	6	226	8.0	0.0	9.484	0.508	1.0	1.0
3	6	220	8.0	0.0	9.871	0.341	1.0	1.0
3	6	214	8.0	0.0	9.968	0.18	1.0	1.0
3	6	208	7.871	0.341	9.935	0.25	1.0	1.0
3	6	202	7.581	0.502	10.0	0.0	1.0	1.0
3	6	196	7.032	0.18	10.0	0.0	1.0	1.0
3	6	190	7.0	0.0	10.0	0.0	1.0	1.0
3	6	184	7.0	0.0	10.0	0.0	1.0	1.0
3	6	178	7.0	0.0	10.0	0.0	1.0	1.0
3	6	172	6.161	0.374	10.0	0.0	1.0	1.0
3	6	166	6.0	0.0	10.0	0.0	1.0	1.0
3	6	160	6.0	0.0	10.032	0.18	1.0	1.0
3	6	154	5.935	0.25	10.258	0.445	1.0	1.0
3	6	148	5.452	0.506	10.613	0.495	1.0	1.0
3	6	142	5.032	0.18	10.968	0.18	1.0	1.0
3	6	136	5.0	0.0	11.0	0.0	1.0	1.0
3	6	130	5.0	0.0	11.0	0.0	1.0	1.0
3	6	124	4.419	0.502	11.032	0.18	1.0	1.0
3	6	118	4.032	0.18	11.581	0.502	1.0	1.0
3	6	112	4.0	0.0	11.903	0.301	1.0	1.0
3	6	106	4.0	0.0	12.032	0.18	1.0	1.0
3	6	100	3.71	0.461	12.677	0.541	1.0	1.0
3	6	77	2.742	0.445	15.032	0.547	1.0	1.0
3	6	74	2.323	0.475	15.677	0.475	1.0	1.0
3	6	71	2.0	0.0	16.161	0.583	1.0	1.0
3	6	68	2.032	0.315	16.935	0.574	1.0	1.0
3	6	65	1.548	0.506	18.258	0.893	1.0	1.0
3	6	62	1.226	0.425	19.032	0.983	1.0	1.0
3	6	59	1.0	0.0	21.484	1.671	1.0	1.0
3	6	56	0.692	0.471	23.783	1.347	0.581	0.742
3	6	53	0.097	0.301	25.0	0.0	0.097	0.097
3	6	50	0.0	0.0	nan	nan	0.0	0.0
3	6	47	0.0	0.0	nan	nan	0.0	0.0
3	6	44	0.0	0.0	nan	nan	0.0	0.0
4	6	454	22.323	0.475	10.0	0.0	1.0	1.0
4	6	448	22.065	0.25	10.0	0.0	1.0	1.0
4	6	442	21.968	0.18	10.0	0.0	1.0	1.0
4	6	436	21.903	0.301	10.0	0.0	1.0	1.0
4	6	430	21.71	0.461	10.0	0.0	1.0	1.0
4	6	424	21.419	0.564	10.0	0.0	1.0	1.0
4	6	418	21.194	0.402	10.0	0.0	1.0	1.0
4	6	412	21.032	0.18	10.0	0.0	1.0	1.0
4	6	406	20.968	0.18	10.0	0.0	1.0	1.0
4	6	400	20.935	0.25	10.0	0.0	1.0	1.0
4	6	394	20.71	0.461	10.0	0.0	1.0	1.0
4	6	388	20.323	0.475	10.0	0.0	1.0	1.0
4	6	382	20.065	0.25	10.0	0.0	1.0	1.0
4	6	376	19.935	0.25	10.0	0.0	1.0	1.0
4	6	370	19.871	0.341	10.0	0.0	1.0	1.0
4	6	364	19.581	0.502	10.0	0.0	1.0	1.0
4	6	358	19.161	0.374	10.0	0.0	1.0	1.0
4	6	352	19.032	0.18	10.0	0.0	1.0	1.0
4	6	346	18.935	0.25	10.0	0.0	1.0	1.0
4	6	340	18.677	0.475	10.0	0.0	1.0	1.0
4	6	334	18.29	0.461	10.0	0.0	1.0	1.0
4	6	328	18.097	0.301	10.0	0.0	1.0	1.0
4	6	322	17.935	0.25	10.0	0.0	1.0	1.0
4	6	316	17.871	0.341	10.0	0.0	1.0	1.0
4	6	310	17.258	0.445	10.0	0.0	1.0	1.0
4	6	304	17.065	0.25	10.0	0.0	1.0	1.0
4	6	298	16.839	0.374	10.0	0.0	1.0	1.0
4	6	292	16.452	0.506	10.032	0.18	1.0	1.0
4	6	286	16.032	0.18	10.032	0.18	1.0	1.0
4	6	280	16.0	0.0	10.161	0.374	1.0	1.0
4	6	274	15.806	0.402	10.323	0.475	1.0	1.0
4	6	268	15.323	0.475	10.323	0.475	1.0	1.0
4	6	262	15.0	0.0	10.452	0.506	1.0	1.0
4	6	256	15.0	0.0	10.677	0.475	1.0	1.0
4	6	250	14.419	0.502	10.935	0.25	1.0	1.0
4	6	244	14.032	0.18	10.935	0.25	1.0	1.0
4	6	238	13.935	0.25	11.0	0.0	1.0	1.0
4	6	232	13.484	0.508	11.0	0.0	1.0	1.0
4	6	226	13.0	0.0	11.0	0.0	1.0	1.0
4	6	220	13.0	0.0	11.0	0.0	1.0	1.0
4	6	214	12.452	0.506	11.0	0.0	1.0	1.0
4	6	208	12.032	0.18	11.0	0.0	1.0	1.0
4	6	202	12.0	0.0	11.0	0.0	1.0	1.0
4	6	196	11.839	0.374	11.0	0.0	1.0	1.0
4	6	190	11.097	0.301	11.0	0.0	1.0	1.0
4	6	184	10.968	0.18	11.0	0.0	1.0	1.0
4	6	178	10.613	0.495	11.129	0.341	1.0	1.0
4	6	172	10.097	0.301	11.581	0.502	1.0	1.0
4	6	166	10.0	0.0	11.871	0.341	1.0	1.0
4	6	160	9.29	0.461	12.0	0.0	1.0	1.0
4	6	154	9.0	0.0	12.0	0.0	1.0	1.0
4	6	148	8.871	0.341	12.0	0.0	1.0	1.0
4	6	142	8.065	0.25	12.032	0.18	1.0	1.0
4	6	136	8.0	0.0	12.677	0.475	1.0	1.0
4	6	130	7.645	0.486	12.903	0.301	1.0	1.0
4	6	124	7.032	0.18	13.0	0.0	1.0	1.0
4	6	118	6.968	0.18	13.097	0.301	1.0	1.0
4	6	112	6.226	0.425	13.742	0.445	1.0	1.0
4	6	106	6.0	0.0	14.0	0.258	1.0	1.0
4	6	100	5.871	0.341	14.645	0.486	1.0	1.0
4	6	77	3.581	0.502	18.097	0.651	1.0	1.0
4	6	74	3.097	0.301	18.677	0.541	1.0	1.0
4	6	71	2.871	0.341	19.968	0.706	1.0	1.0
4	6	68	2.323	0.475	21.484	1.029	1.0	1.0
4	6	65	2.032	0.18	23.097	0.978	1.0	1.0
4	6	62	2.0	0.0	25.742	1.46	1.0	1.0
4	6	59	2.0	0.0	29.0	2.098	1.0	1.0
4	6	56	1.16	0.8	35.16	3.145	0.613	0.806
4	6	53	0.0	0.0	nan	nan	0.0	0.0
4	6	50	0.0	0.0	nan	nan	0.0	0.0
4	6	47	0.0	0.0	nan	nan	0.0	0.0
4	6	44	0.0	0.0	nan	nan	0.0	0.0
5	6	454	17.258	0.445	9.0	0.0	1.0	1.0
5	6	448	17.129	0.341	9.0	0.0	1.0	1.0
5	6	442	17.0	0.0	9.0	0.0	1.0	1.0
5	6	436	17.0	0.0	9.0	0.0	1.0	1.0
5	6	430	16.968	0.18	9.0	0.0	1.0	1.0
5	6	424	16.839	0.374	9.0	0.0	1.0	1.0
5	6	418	16.387	0.495	9.0	0.0	1.0	1.0
5	6	412	16.065	0.25	9.0	0.0	1.0	1.0
5	6	406	16.032	0.18	9.0	0.0	1.0	1.0
5	6	400	16.0	0.0	9.0	0.0	1.0	1.0
5	6	394	15.806	0.402	9.0	0.0	1.0	1.0
5	6	388	15.645	0.486	9.0	0.0	1.0	1.0
5	6	382	15.226	0.425	9.0	0.0	1.0	1.0
5	6	376	15.0	0.0	9.0	0.0	1.0	1.0
5	6	370	15.032	0.18	9.0	0.0	1.0	1.0
5	6	364	15.0	0.0	9.0	0.0	1.0	1.0
5	6	358	14.806	0.402	9.0	0.0	1.0	1.0
5	6	352	14.452	0.506	9.0	0.0	1.0	1.0
5	6	346	14.194	0.402	9.0	0.0	1.0	1.0
5	6	340	14.065	0.25	9.0	0.0	1.0	1.0
5	6	334	14.0	0.0	9.0	0.0	1.0	1.0
5	6	328	14.0	0.0	9.0	0.0	1.0	1.0
5	6	322	13.548	0.506	9.0	0.0	1.0	1.0
5	6	316	13.097	0.301	9.0	0.0	1.0	1.0
5	6	310	13.0	0.0	9.0	0.0	1.0	1.0
5	6	304	13.0	0.0	9.0	0.0	1.0	1.0
5	6	298	12.903	0.301	9.0	0.0	1.0	1.0
5	6	292	12.29	0.461	9.0	0.0	1.0	1.0
5	6	286	12.065	0.25	9.0	0.0	1.0	1.0
5	6	280	12.0	0.0	9.0	0.0	1.0	1.0
5	6	274	11.968	0.18	9.0	0.0	1.0	1.0
5	6	268	11.548	0.506	9.0	0.0	1.0	1.0
5	6	262	11.0	0.0	9.0	0.0	1.0	1.0
5	6	256	11.0	0.0	9.032	0.18	1.0	1.0
5	6	250	10.903	0.301	9.032	0.18	1.0	1.0
5	6	244	10.323	0.475	9.097	0.301	1.0	1.0
5	6	238	10.032	0.18	9.226	0.425	1.0	1.0
5	6	232	10.0	0.0	9.323	0.475	1.0	1.0
5	6	226	9.903	0.301	9.581	0.502	1.0	1.0
5	6	220	9.419	0.502	9.839	0.374	1.0	1.0
5	6	214	9.065	0.25	9.935	0.25	1.0	1.0
5	6	208	9.0	0.0	10.0	0.0	1.0	1.0
5	6	202	8.968	0.18	10.0	0.0	1.0	1.0
5	6	196	8.419	0.502	10.0	0.0	1.0	1.0
5	6	190	8.0	0.0	10.0	0.0	1.0	1.0
5	6	184	8.0	0.0	10.0	0.0	1.0	1.0
5	6	178	7.742	0.445	10.0	0.0	1.0	1.0
5	6	172	7.161	0.374	10.0	0.0	1.0	1.0
5	6	166	7.0	0.0	10.0	0.0	1.0	1.0
5	6	160	6.935	0.25	10.032	0.18	1.0	1.0
5	6	154	6.355	0.486	10.323	0.475	1.0	1.0
5	6	148	6.065	0.25	10.71	0.461	1.0	1.0
5	6	142	6.0	0.0	10.968	0.18	1.0	1.0
5	6	136	5.774	0.425	11.0	0.0	1.0	1.0
5	6	130	5.097	0.301	11.0	0.0	1.0	1.0
5	6	124	5.0	0.0	11.065	0.25	1.0	1.0
5	6	118	4.968	0.18	11.581	0.502	1.0	1.0
5	6	112	4.355	0.486	12.0	0.0	1.0	1.0
5	6	106	4.0	0.0	12.065	0.25	1.0	1.0
5	6	100	4.0	0.0	12.613	0.495	1.0	1.0
5	6	77	2.839	0.374	15.226	0.56	1.0	1.0
5	6	74	2.484	0.508	15.806	0.543	1.0	1.0
5	6	71	2.032	0.315	16.452	0.81	1.0	1.0
5	6	68	2.0	0.0	17.29	0.529	1.0	1.0
5	6	65	1.419	0.502	18.387	0.955	1.0	1.0
5	6	62	1.032	0.18	20.484	1.503	1.0	1.0
5	6	59	0.852	0.362	23.407	1.927	0.742	0.871
5	6	56	0.033	0.183	24.0	2.828	0.032	0.065
5	6	53	0.0	0.0	nan	nan	0.0	0.0
5	6	50	0.0	0.0	nan	nan	0.0	0.0
5	6	47	0.0	0.0	nan	nan	0.0	0.0
5	6	44	0.0	0.0	nan	nan	0.0	0.0
6	6	454	18.452	0.506	10.0	0.0	1.0	1.0
6	6	448	18.226	0.425	10.0	0.0	1.0	1.0
6	6	442	18.097	0.301	10.0	0.0	1.0	1.0
6	6	436	18.0	0.258	10.0	0.0	1.0	1.0
6	6	430	17.968	0.18	9.968	0.18	1.0	1.0
6	6	424	17.968	0.18	10.0	0.0	1.0	1.0
6	6	418	17.677	0.475	10.0	0.0	1.0	1.0
6	6	412	17.452	0.506	10.0	0.0	1.0	1.0
6	6	406	17.129	0.341	10.0	0.0	1.0	1.0
6	6	400	17.0	0.0	10.0	0.0	1.0	1.0
6	6	394	17.032	0.18	10.0	0.0	1.0	1.0
6	6	388	17.0	0.0	10.0	0.0	1.0	1.0
6	6	382	16.774	0.425	10.0	0.0	1.0	1.0
6	6	376	16.581	0.502	10.0	0.0	1.0	1.0
6	6	370	16.097	0.301	10.0	0.0	1.0	1.0
6	6	364	16.065	0.25	10.0	0.0	1.0	1.0
6	6	358	16.0	0.0	10.0	0.0	1.0	1.0
6	6	352	15.968	0.18	10.0	0.0	1.0	1.0
6	6	346	15.742	0.445	10.0	0.0	1.0	1.0
6	6	340	15.258	0.445	10.0	0.0	1.0	1.0
6	6	334	15.097	0.301	10.0	0.0	1.0	1.0
6	6	328	15.0	0.0	10.0	0.0	1.0	1.0
6	6	322	14.935	0.25	10.0	0.0	1.0	1.0
6	6	316	14.839	0.374	10.0	0.0	1.0	1.0
6	6	310	14.419	0.502	10.0	0.0	1.0	1.0
6	6	304	14.129	0.341	10.0	0.0	1.0	1.0
6	6	298	14.0	0.0	10.0	0.0	1.0	1.0
6	6	292	13.968	0.18	10.0	0.0	1.0	1.0
6	6	286	13.613	0.495	10.0	0.0	1.0	1.0
6	6	280	13.194	0.402	10.0	0.0	1.0	1.0
6	6	274	13.032	0.18	10.0	0.0	1.0	1.0
6	6	268	13.0	0.0	10.0	0.0	1.0	1.0
6	6	262	12.839	0.374	10.0	0.0	1.0	1.0
6	6	256	12.29	0.461	10.065	0.25	1.0	1.0
6	6	250	12.0	0.0	10.0	0.0	1.0	1.0
6	6	244	12.0	0.0	10.032	0.18	1.0	1.0
6	6	238	11.71	0.461	10.065	0.25	1.0	1.0
6	6	232	11.323	0.475	10.194	0.402	1.0	1.0
6	6	226	11.032	0.18	10.29	0.461	1.0	1.0
6	6	220	11.0	0.0	10.516	0.508	1.0	1.0
6	6	214	10.677	0.475	10.774	0.425	1.0	1.0
6	6	208	10.194	0.402	10.903	0.301	1.0	1.0
6	6	202	10.0	0.0	11.0	0.0	1.0	1.0
6	6	196	9.968	0.18	11.0	0.0	1.0	1.0
6	6	190	9.452	0.506	11.0	0.0	1.0	1.0
6	6	184	9.032	0.18	11.0	0.0	1.0	1.0
6	6	178	9.0	0.0	11.0	0.0	1.0	1.0
6	6	172	8.774	0.425	11.0	0.0	1.0	1.0
6	6	166	8.161	0.374	11.0	0.0	1.0	1.0
6	6	160	8.0	0.0	11.129	0.341	1.0	1.0
6	6	154	7.935	0.25	11.323	0.475	1.0	1.0
6	6	148	7.355	0.486	11.871	0.341	1.0	1.0
6	6	142	7.032	0.18	12.0	0.0	1.0	1.0
6	6	136	6.968	0.18	12.0	0.0	1.0	1.0
6	6	130	6.355	0.486	12.161	0.374	1.0	1.0
6	6	124	6.0	0.0	12.742	0.445	1.0	1.0
6	6	118	5.968	0.18	12.935	0.25	1.0	1.0
6	6	112	5.355	0.486	13.065	0.25	1.0	1.0
6	6	106	5.0	0.0	13.516	0.508	1.0	1.0
6	6	100	5.0	0.0	14.0	0.258	1.0	1.0
6	6	77	3.742	0.445	17.065	0.512	1.0	1.0
6	6	74	3.0	0.73	17.903	0.746	1.0	1.0
6	6	71	2.387	0.558	18.645	0.877	1.0	1.0
6	6	68	2.0	0.0	20.0	0.894	1.0	1.0
6	6	65	1.968	0.18	21.548	0.995	1.0	1.0
6	6	62	1.968	0.18	24.194	1.515	1.0	1.0
6	6	59	1.742	0.445	25.742	1.949	1.0	1.0
6	6	56	0.607	0.497	31.7	3.114	0.548	0.645
6	6	53	0.0	0.0	nan	nan	0.0	0.0
6	6	50	0.0	0.0	nan	nan	0.0	0.0
6	6	47	0.0	0.0	nan	nan	0.0	0.0
6	6	44	0.0	0.0	nan	nan	0.0	0.0
7	6	454	23.032	0.18	9.0	0.0	1.0	1.0
7	6	448	23.032	0.18	9.0	0.0	1.0	1.0
7	6	442	22.935	0.25	9.0	0.0	1.0	1.0
7	6	436	22.645	0.486	9.0	0.0	1.0	1.0
7	6	430	22.323	0.475	9.0	0.0	1.0	1.0
7	6	424	22.065	0.25	9.032	0.18	1.0	1.0
7	6	418	22.065	0.359	9.065	0.25	1.0	1.0
7	6	412	21.968	0.18	9.065	0.25	1.0	1.0
7	6	406	21.903	0.301	9.032	0.18	1.0	1.0
7	6	400	21.452	0.506	9.097	0.301	1.0	1.0
7	6	394	21.097	0.301	9.097	0.301	1.0	1.0
7	6	388	21.0	0.0	9.194	0.402	1.0	1.0
7	6	382	21.0	0.0	9.226	0.425	1.0	1.0
7	6	376	20.935	0.25	9.355	0.486	1.0	1.0
7	6	370	20.387	0.495	9.516	0.508	1.0	1.0
7	6	364	20.032	0.18	9.484	0.508	1.0	1.0
7	6	358	19.903	0.301	9.581	0.502	1.0	1.0
7	6	352	19.903	0.301	9.71	0.461	1.0	1.0
7	6	346	19.355	0.486	9.839	0.374	1.0	1.0
7	6	340	19.097	0.301	10.0	0.0	1.0	1.0
7	6	334	18.968	0.18	10.0	0.0	1.0	1.0
7	6	328	18.71	0.529	9.935	0.25	1.0	1.0
7	6	322	18.29	0.461	9.968	0.18	1.0	1.0
7	6	316	18.032	0.18	9.903	0.301	1.0	1.0
7	6	310	17.968	0.18	10.0	0.0	1.0	1.0
7	6	304	17.774	0.425	9.968	0.18	1.0	1.0
7	6	298	17.194	0.402	10.0	0.0	1.0	1.0
7	6	292	17.032	0.18	10.0	0.0	1.0	1.0
7	6	286	16.903	0.301	10.0	0.0	1.0	1.0
7	6	280	16.548	0.506	10.0	0.0	1.0	1.0
7	6	274	16.032	0.18	10.0	0.0	1.0	1.0
7	6	268	15.968	0.18	10.0	0.0	1.0	1.0
7	6	262	15.516	0.508	10.0	0.0	1.0	1.0
7	6	256	15.065	0.25	10.0	0.0	1.0	1.0
7	6	250	15.0	0.258	10.0	0.0	1.0	1.0
7	6	244	14.742	0.445	10.0	0.0	1.0	1.0
7	6	238	14.065	0.25	10.0	0.0	1.0	1.0
7	6	232	13.968	0.18	10.0	0.0	1.0	1.0
7	6	226	13.548	0.506	10.0	0.0	1.0	1.0
7	6	220	13.032	0.18	10.0	0.0	1.0	1.0
7	6	214	12.935	0.25	10.0	0.0	1.0	1.0
7	6	208	12.452	0.506	10.065	0.25	1.0	1.0
7	6	202	12.0	0.0	10.29	0.461	1.0	1.0
7	6	196	11.903	0.301	10.645	0.486	1.0	1.0
7	6	190	11.258	0.445	10.839	0.374	1.0	1.0
7	6	184	11.065	0.25	10.968	0.18	1.0	1.0
7	6	178	10.839	0.374	11.0	0.0	1.0	1.0
7	6	172	10.161	0.374	11.0	0.0	1.0	1.0
7	6	166	10.0	0.0	11.0	0.0	1.0	1.0
7	6	160	9.645	0.486	11.0	0.0	1.0	1.0
7	6	154	9.032	0.18	11.032	0.18	1.0	1.0
7	6	148	9.0	0.0	11.355	0.486	1.0	1.0
7	6	142	8.258	0.445	11.903	0.301	1.0	1.0
7	6	136	8.0	0.0	12.0	0.0	1.0	1.0
7	6	130	7.613	0.495	12.032	0.18	1.0	1.0
7	6	124	7.032	0.18	12.452	0.506	1.0	1.0
7	6	118	6.935	0.25	12.968	0.18	1.0	1.0
7	6	112	6.129	0.341	13.0	0.0	1.0	1.0
7	6	106	6.0	0.0	13.742	0.445	1.0	1.0
7	6	100	5.645	0.486	14.032	0.18	1.0	1.0
7	6	77	3.968	0.18	17.71	0.938	1.0	1.0
7	6	74	3.226	0.56	18.613	0.803	1.0	1.0
7	6	71	2.71	0.588	19.839	1.003	1.0	1.0
7	6	68	2.161	0.374	21.677	1.973	1.0	1.0
7	6	65	2.032	0.18	23.71	1.101	1.0	1.0
7	6	62	2.0	0.0	27.839	2.83	1.0	1.0
7	6	59	1.464	0.693	32.321	3.611	0.806	0.903
7	6	56	0.065	0.359	33.0	0.0	0.032	0.032
7	6	53	0.0	0.0	nan	nan	0.0	0.0
7	6	50	0.0	0.0	nan	nan	0.0	0.0
7	6	47	0.0	0.0	nan	nan	0.0	0.0
7	6	44	0.0	0.0	nan	nan	0.0	0.0
8	6	454	18.645	0.486	9.0	0.0	1.0	1.0
8	6	448	18.581	0.502	9.0	0.0	1.0	1.0
8	6	442	18.258	0.445	9.0	0.0	1.0	1.0
8	6	436	18.065	0.25	9.0	0.0	1.0	1.0
8	6	430	18.0	0.0	9.032	0.18	1.0	1.0
8	6	424	18.0	0.0	9.0	0.0	1.0	1.0
8	6	418	17.935	0.25	9.0	0.0	1.0	1.0
8	6	412	17.613	0.495	9.0	0.0	1.0	1.0
8	6	406	17.226	0.425	9.0	0.0	1.0	1.0
8	6	400	17.032	0.315	9.0	0.0	1.0	1.0
8	6	394	17.032	0.18	9.0	0.0	1.0	1.0
8	6	388	16.935	0.25	9.0	0.0	1.0	1.0
8	6	382	16.903	0.301	9.0	0.0	1.0	1.0
8	6	376	16.645	0.486	9.0	0.0	1.0	1.0
8	6	370	16.129	0.341	9.0	0.0	1.0	1.0
8	6	364	16.032	0.18	9.0	0.0	1.0	1.0
8	6	358	15.968	0.18	9.0	0.0	1.0	1.0
8	6	352	15.839	0.374	9.0	0.0	1.0	1.0
8	6	346	15.387	0.495	9.0	0.0	1.0	1.0
8	6	340	15.226	0.425	9.0	0.0	1.0	1.0
8	6	334	15.032	0.18	9.032	0.18	1.0	1.0
8	6	328	15.0	0.0	9.0	0.0	1.0	1.0
8	6	322	14.774	0.425	9.065	0.25	1.0	1.0
8	6	316	14.387	0.495	9.032	0.18	1.0	1.0
8	6	310	14.097	0.301	9.032	0.18	1.0	1.0
8	6	304	14.032	0.18	9.258	0.445	1.0	1.0
8	6	298	13.935	0.25	9.226	0.425	1.0	1.0
8	6	292	13.806	0.402	9.581	0.502	1.0	1.0
8	6	286	13.129	0.341	9.774	0.425	1.0	1.0
8	6	280	13.0	0.0	9.935	0.25	1.0	1.0
8	6	274	12.968	0.18	9.871	0.341	1.0	1.0
8	6	268	12.452	0.506	9.871	0.341	1.0	1.0
8	6	262	12.065	0.25	10.0	0.0	1.0	1.0
8	6	256	12.0	0.0	10.0	0.0	1.0	1.0
8	6	250	11.935	0.25	10.0	0.0	1.0	1.0
8	6	244	11.516	0.508	10.0	0.0	1.0	1.0
8	6	238	11.097	0.301	10.0	0.0	1.0	1.0
8	6	232	11.0	0.0	10.0	0.0	1.0	1.0
8	6	226	10.871	0.341	10.0	0.0	1.0	1.0
8	6	220	10.323	0.475	10.0	0.0	1.0	1.0
8	6	214	10.0	0.0	10.0	0.0	1.0	1.0
8	6	208	10.0	0.0	10.0	0.0	1.0	1.0
8	6	202	9.677	0.475	10.0	0.0	1.0	1.0
8	6	196	9.161	0.374	10.0	0.0	1.0	1.0
8	6	190	9.0	0.0	10.0	0.0	1.0	1.0
8	6	184	8.871	0.341	10.065	0.25	1.0	1.0
8	6	178	8.355	0.486	10.161	0.374	1.0	1.0
8	6	172	8.0	0.0	10.645	0.486	1.0	1.0
8	6	166	8.0	0.258	10.839	0.374	1.0	1.0
8	6	160	7.71	0.461	10.968	0.18	1.0	1.0
8	6	154	7.097	0.301	11.0	0.0	1.0	1.0
8	6	148	6.968	0.18	11.0	0.0	1.0	1.0
8	6	142	6.871	0.341	11.0	0.0	1.0	1.0
8	6	136	6.097	0.301	11.097	0.301	1.0	1.0
8	6	130	6.0	0.0	11.613	0.495	1.0	1.0
8	6	124	5.806	0.402	12.0	0.0	1.0	1.0
8	6	118	5.129	0.341	12.0	0.0	1.0	1.0
8	6	112	5.0	0.0	12.387	0.495	1.0	1.0
8	6	106	4.935	0.25	12.806	0.402	1.0	1.0
8	6	100	4.161	0.374	13.032	0.18	1.0	1.0
8	6	77	3.0	0.0	16.129	0.499	1.0	1.0
8	6	74	3.0	0.0	16.71	0.643	1.0	1.0
8	6	71	2.742	0.514	17.355	0.608	1.0	1.0
8	6	68	1.903	0.746	18.194	0.601	1.0	1.0
8	6	65	1.387	0.615	19.226	0.99	1.0	1.0
8	6	62	1.0	0.0	21.355	1.279	1.0	1.0
8	6	59	0.967	0.183	23.633	1.351	0.935	0.968
8	6	56	0.241	0.435	26.0	1.118	0.226	0.29
8	6	53	0.0	0.0	nan	nan	0.0	0.0
8	6	50	0.0	0.0	nan	nan	0.0	0.0
8	6	47	0.0	0.0	nan	nan	0.0	0.0
8	6	44	0.0	0.0	nan	nan	0.0	0.0
9	6	454	18.677	0.475	9.0	0.0	1.0	1.0
9	6	448	18.419	0.502	9.0	0.0	1.0	1.0
9	6	442	18.097	0.301	9.0	0.0	1.0	1.0
9	6	436	18.0	0.0	9.0	0.0	1.0	1.0
9	6	430	18.0	0.0	9.0	0.0	1.0	1.0
9	6	424	17.968	0.18	9.0	0.0	1.0	1.0
9	6	418	17.806	0.402	9.0	0.0	1.0	1.0
9	6	412	17.516	0.508	9.0	0.0	1.0	1.0
9	6	406	17.29	0.461	9.0	0.0	1.0	1.0
9	6	400	17.097	0.301	9.0	0.0	1.0	1.0
9	6	394	17.0	0.0	9.0	0.0	1.0	1.0
9	6	388	16.968	0.18	9.0	0.0	1.0	1.0
9	6	382	16.839	0.374	9.0	0.0	1.0	1.0
9	6	376	16.355	0.486	9.0	0.0	1.0	1.0
9	6	370	16.129	0.341	9.0	0.0	1.0	1.0
9	6	364	16.065	0.25	9.0	0.0	1.0	1.0
9	6	358	16.0	0.0	9.0	0.0	1.0	1.0
9	6	352	15.935	0.25	9.0	0.0	1.0	1.0
9	6	346	15.548	0.506	9.0	0.0	1.0	1.0
9	6	340	15.387	0.495	9.0	0.0	1.0	1.0
9	6	334	15.065	0.25	9.0	0.0	1.0	1.0
9	6	328	15.0	0.0	9.0	0.0	1.0	1.0
9	6	322	14.935	0.25	9.0	0.0	1.0	1.0
9	6	316	14.516	0.508	9.0	0.0	1.0	1.0
9	6	310	14.258	0.445	9.032	0.18	1.0	1.0
9	6	304	14.032	0.18	9.032	0.18	1.0	1.0
9	6	298	14.0	0.0	9.0	0.0	1.0	1.0
9	6	292	13.903	0.301	9.032	0.18	1.0	1.0
9	6	286	13.484	0.508	9.161	0.374	1.0	1.0
9	6	280	13.194	0.402	9.323	0.475	1.0	1.0
9	6	274	13.0	0.0	9.613	0.495	1.0	1.0
9	6	268	12.871	0.341	9.613	0.495	1.0	1.0
9	6	262	12.613	0.495	9.871	0.341	1.0	1.0
9	6	256	12.129	0.341	9.935	0.25	1.0	1.0
9	6	250	12.0	0.0	10.0	0.0	1.0	1.0
9	6	244	11.871	0.341	10.0	0.0	1.0	1.0
9	6	238	11.581	0.502	10.0	0.0	1.0	1.0
9	6	232	11.065	0.25	10.0	0.0	1.0	1.0
9	6	226	11.0	0.0	10.0	0.0	1.0	1.0
9	6	220	10.935	0.25	10.0	0.0	1.0	1.0
9	6	214	10.323	0.475	10.0	0.0	1.0	1.0
9	6	208	10.0	0.0	10.0	0.0	1.0	1.0
9	6	202	9.968	0.18	10.0	0.0	1.0	1.0
9	6	196	9.677	0.475	10.0	0.0	1.0	1.0
9	6	190	9.097	0.301	10.0	0.0	1.0	1.0
9	6	184	9.0	0.0	10.0	0.0	1.0	1.0
9	6	178	8.903	0.301	10.097	0.301	1.0	1.0
9	6	172	8.387	0.495	10.387	0.495	1.0	1.0
9	6	166	8.0	0.0	10.839	0.374	1.0	1.0
9	6	160	7.935	0.25	10.968	0.18	1.0	1.0
9	6	154	7.548	0.506	11.0	0.0	1.0	1.0
9	6	148	7.032	0.18	11.0	0.0	1.0	1.0
9	6	142	7.0	0.0	11.065	0.25	1.0	1.0
9	6	136	6.581	0.502	11.194	0.402	1.0	1.0
9	6	130	6.0	0.0	11.839	0.374	1.0	1.0
9	6	124	6.0	0.0	12.0	0.0	1.0	1.0
9	6	118	5.871	0.341	12.129	0.341	1.0	1.0
9	6	112	5.097	0.301	12.581	0.502	1.0	1.0
9	6	106	5.0	0.0	13.0	0.0	1.0	1.0
9	6	100	4.839	0.374	13.581	0.564	1.0	1.0
9	6	77	3.226	0.425	16.645	0.661	1.0	1.0
9	6	74	3.032	0.315	17.387	0.558	1.0	1.0
9	6	71	2.613	0.558	18.161	0.898	1.0	1.0
9	6	68	2.032	0.315	19.452	1.091	1.0	1.0
9	6	65	1.871	0.341	21.516	1.288	1.0	1.0
9	6	62	1.613	0.495	23.677	1.72	1.0	1.0
9	6	59	1.103	0.409	26.833	2.925	0.903	0.968
9	6	56	0.103	0.31	33.0	4.183	0.097	0.161
9	6	53	0.0	0.0	nan	nan	0.0	0.0
9	6	50	0.0	0.0	nan	nan	0.0	0.0
9	6	47	0.0	0.0	nan	nan	0.0	0.0
9	6	44	0.0	0.0	nan	nan	0.0	0.0
10	6	454	18.968	0.18	9.968	0.18	1.0	1.0
10	6	448	18.806	0.402	9.968	0.18	1.0	1.0
10	6	442	18.613	0.495	10.0	0.0	1.0	1.0
10	6	436	18.452	0.506	9.935	0.25	1.0	1.0
10	6	430	18.097	0.301	10.0	0.0	1.0	1.0
10	6	424	18.0	0.0	10.0	0.0	1.0	1.0
10	6	418	18.0	0.0	10.0	0.0	1.0	1.0
10	6	412	18.032	0.18	10.0	0.0	1.0	1.0
10	6	406	17.935	0.25	10.0	0.0	1.0	1.0
10	6	400	17.742	0.445	10.0	0.0	1.0	1.0
10	6	394	17.355	0.486	10.0	0.0	1.0	1.0
10	6	388	17.194	0.402	10.0	0.0	1.0	1.0
10	6	382	17.032	0.18	10.0	0.0	1.0	1.0
10	6	376	16.968	0.18	10.0	0.0	1.0	1.0
10	6	370	16.935	0.25	10.0	0.0	1.0	1.0
10	6	364	16.548	0.506	10.0	0.0	1.0	1.0
10	6	358	16.355	0.486	10.0	0.0	1.0	1.0
10	6	352	16.097	0.301	10.0	0.0	1.0	1.0
10	6	346	16.032	0.18	10.0	0.0	1.0	1.0
10	6	340	15.968	0.18	10.0	0.0	1.0	1.0
10	6	334	15.548	0.506	10.0	0.0	1.0	1.0
10	6	328	15.258	0.445	10.0	0.0	1.0	1.0
10	6	322	15.097	0.301	10.0	0.0	1.0	1.0
10	6	316	14.935	0.25	10.0	0.0	1.0	1.0
10	6	310	14.903	0.301	10.0	0.0	1.0	1.0
10	6	304	14.677	0.475	10.0	0.0	1.0	1.0
10	6	298	14.226	0.425	10.0	0.0	1.0	1.0
10	6	292	14.0	0.0	10.0	0.0	1.0	1.0
10	6	286	13.968	0.18	10.0	0.0	1.0	1.0
10	6	280	13.774	0.425	10.0	0.0	1.0	1.0
10	6	274	13.29	0.461	10.0	0.0	1.0	1.0
10	6	268	13.032	0.18	10.0	0.0	1.0	1.0
10	6	262	12.968	0.18	10.0	0.0	1.0	1.0
10	6	256	12.71	0.461	10.0	0.0	1.0	1.0
10	6	250	12.355	0.486	10.0	0.0	1.0	1.0
10	6	244	12.065	0.25	10.032	0.18	1.0	1.0
10	6	238	12.0	0.0	10.065	0.25	1.0	1.0
10	6	232	11.903	0.301	10.226	0.425	1.0	1.0
10	6	226	11.129	0.341	10.355	0.486	1.0	1.0
10	6	220	11.0	0.0	10.516	0.508	1.0	1.0
10	6	214	10.968	0.18	10.677	0.475	1.0	1.0
10	6	208	10.29	0.461	10.935	0.25	1.0	1.0
10	6	202	10.097	0.301	10.968	0.18	1.0	1.0
10	6	196	9.968	0.18	11.0	0.0	1.0	1.0
10	6	190	9.774	0.425	10.968	0.18	1.0	1.0
10	6	184	9.194	0.402	11.0	0.0	1.0	1.0
10	6	178	9.0	0.0	11.0	0.0	1.0	1.0
10	6	172	8.871	0.341	11.0	0.0	1.0	1.0
10	6	166	8.161	0.374	11.065	0.25	1.0	1.0
10	6	160	8.032	0.18	11.323	0.475	1.0	1.0
10	6	154	7.935	0.25	11.839	0.374	1.0	1.0
10	6	148	7.645	0.486	11.935	0.25	1.0	1.0
10	6	142	7.032	0.18	11.968	0.18	1.0	1.0
10	6	136	6.968	0.18	12.0	0.0	1.0	1.0
10	6	130	6.452	0.506	12.387	0.495	1.0	1.0
10	6	124	6.032	0.18	12.806	0.402	1.0	1.0
10	6	118	6.0	0.0	13.032	0.18	1.0	1.0
10	6	112	5.452	0.506	13.452	0.506	1.0	1.0
10	6	106	5.0	0.0	13.935	0.25	1.0	1.0
10	6	100	4.968	0.18	14.129	0.428	1.0	1.0
10	6	77	3.161	0.688	17.935	0.574	1.0	1.0
10	6	74	2.258	0.445	18.645	0.798	1.0	1.0
10	6	71	2.032	0.18	19.871	0.957	1.0	1.0
10	6	68	2.0	0.0	21.161	0.86	1.0	1.0
10	6	65	1.935	0.25	23.419	1.544	1.0	1.0
10	6	62	1.419	0.502	25.613	2.14	1.0	1.0
10	6	59	0.862	0.581	29.625	3.347	0.71	0.774
10	6	56	0.033	0.183	36.0	8.485	0.032	0.065
10	6	53	0.0	0.0	nan	nan	0.0	0.0
10	6	50	0.0	0.0	nan	nan	0.0	0.0
10	6	47	0.0	0.0	nan	nan	0.0	0.0
10	6	44	0.0	0.0	nan	nan	0.0	0.0
11	6	454	17.839	0.374	9.0	0.0	1.0	1.0
11	6	448	17.806	0.402	9.0	0.0	1.0	1.0
11	6	442	17.419	0.502	9.0	0.0	1.0	1.0
11	6	436	17.0	0.0	9.0	0.0	1.0	1.0
11	6	430	17.097	0.301	9.0	0.0	1.0	1.0
11	6	424	17.0	0.0	9.0	0.0	1.0	1.0
11	6	418	17.0	0.0	9.0	0.0	1.0	1.0
11	6	412	16.871	0.341	9.0	0.0	1.0	1.0
11	6	406	16.742	0.445	9.0	0.0	1.0	1.0
11	6	400	16.516	0.508	9.0	0.0	1.0	1.0
11	6	394	16.129	0.341	9.0	0.0	1.0	1.0
11	6	388	16.0	0.0	9.0	0.0	1.0	1.0
11	6	382	16.0	0.0	9.0	0.0	1.0	1.0
11	6	376	15.935	0.25	9.0	0.0	1.0	1.0
11	6	370	15.839	0.374	9.0	0.0	1.0	1.0
11	6	364	15.452	0.506	9.0	0.0	1.0	1.0
11	6	358	15.097	0.301	9.0	0.0	1.0	1.0
11	6	352	15.0	0.0	9.0	0.0	1.0	1.0
11	6	346	15.032	0.18	9.0	0.0	1.0	1.0
11	6	340	14.871	0.341	9.0	0.0	1.0	1.0
11	6	334	14.677	0.475	9.0	0.0	1.0	1.0
11	6	328	14.161	0.374	9.0	0.0	1.0	1.0
11	6	322	14.032	0.18	9.0	0.0	1.0	1.0
11	6	316	14.0	0.0	9.0	0.0	1.0	1.0
11	6	310	14.0	0.0	9.0	0.0	1.0	1.0
11	6	304	13.742	0.445	9.0	0.0	1.0	1.0
11	6	298	13.226	0.425	9.0	0.0	1.0	1.0
11	6	292	13.065	0.25	9.0	0.0	1.0	1.0
11	6	286	13.0	0.0	9.0	0.0	1.0	1.0
11	6	280	12.935	0.25	9.032	0.18	1.0	1.0
11	6	274	12.452	0.506	9.097	0.301	1.0	1.0
11	6	268	12.032	0.18	9.161	0.374	1.0	1.0
11	6	262	12.0	0.0	9.097	0.301	1.0	1.0
11	6	256	12.0	0.0	9.355	0.486	1.0	1.0
11	6	250	11.839	0.374	9.613	0.495	1.0	1.0
11	6	244	11.226	0.425	9.871	0.341	1.0	1.0
11	6	238	11.065	0.25	9.871	0.341	1.0	1.0
11	6	232	11.0	0.0	9.968	0.18	1.0	1.0
11	6	226	10.742	0.445	10.0	0.0	1.0	1.0
11	6	220	10.258	0.445	10.0	0.0	1.0	1.0
11	6	214	10.0	0.0	10.0	0.0	1.0	1.0
11	6	208	10.0	0.0	10.0	0.0	1.0	1.0
11	6	202	9.774	0.425	10.0	0.0	1.0	1.0
11	6	196	9.097	0.301	10.0	0.0	1.0	1.0
11	6	190	9.0	0.0	10.0	0.0	1.0	1.0
11	6	184	8.935	0.25	10.0	0.0	1.0	1.0
11	6	178	8.548	0.506	10.0	0.0	1.0	1.0
11	6	172	8.032	0.18	10.0	0.0	1.0	1.0
11	6	166	8.0	0.0	10.29	0.461	1.0	1.0
11	6	160	7.871	0.341	10.742	0.445	1.0	1.0
11	6	154	7.129	0.341	10.871	0.341	1.0	1.0
11	6	148	7.0	0.0	11.0	0.0	1.0	1.0
11	6	142	6.968	0.18	11.0	0.0	1.0	1.0
11	6	136	6.258	0.445	11.0	0.0	1.0	1.0
11	6	130	6.0	0.0	11.258	0.445	1.0	1.0
11	6	124	6.0	0.0	11.968	0.18	1.0	1.0
11	6	118	5.613	0.495	12.0	0.0	1.0	1.0
11	6	112	5.032	0.18	12.097	0.301	1.0	1.0
11	6	106	5.0	0.0	12.806	0.402	1.0	1.0
11	6	100	4.871	0.341	13.032	0.18	1.0	1.0
11	6	77	3.226	0.425	16.161	0.374	1.0	1.0
11	6	74	3.0	0.0	17.0	0.632	1.0	1.0
11	6	71	2.71	0.461	17.839	0.688	1.0	1.0
11	6	68	2.161	0.454	18.935	1.031	1.0	1.0
11	6	65	2.0	0.0	20.323	1.301	1.0	1.0
11	6	62	1.677	0.475	23.0	1.39	1.0	1.0
11	6	59	1.241	0.435	26.806	2.926	0.935	1.0
11	6	56	0.5	0.511	32.0	3.682	0.387	0.613
11	6	53	0.0	0.0	nan	nan	0.0	0.0
11	6	50	0.0	0.0	nan	nan	0.0	0.0
11	6	47	0.0	0.0	nan	nan	0.0	0.0
11	6	44	0.0	0.0	nan	nan	0.0	0.0
12	6	454	16.032	0.18	9.0	0.0	1.0	1.0
12	6	448	16.0	0.0	9.0	0.0	1.0	1.0
12	6	442	16.0	0.0	9.0	0.0	1.0	1.0
12	6	436	16.0	0.0	9.0	0.0	1.0	1.0
12	6	430	15.935	0.25	9.0	0.0	1.0	1.0
12	6	424	15.677	0.475	9.0	0.0	1.0	1.0
12	6	418	15.484	0.508	9.0	0.0	1.0	1.0
12	6	412	15.258	0.445	9.0	0.0	1.0	1.0
12	6	406	15.258	0.445	9.0	0.0	1.0	1.0
12	6	400	15.065	0.25	9.0	0.0	1.0	1.0
12	6	394	15.0	0.0	9.0	0.0	1.0	1.0
12	6	388	15.0	0.0	9.0	0.0	1.0	1.0
12	6	382	14.935	0.25	9.0	0.0	1.0	1.0
12	6	376	14.548	0.506	9.0	0.0	1.0	1.0
12	6	370	14.097	0.301	9.0	0.0	1.0	1.0
12	6	364	14.065	0.25	9.065	0.25	1.0	1.0
12	6	358	14.0	0.0	9.129	0.341	1.0	1.0
12	6	352	13.968	0.18	9.065	0.25	1.0	1.0
12	6	346	13.903	0.301	9.032	0.18	1.0	1.0
12	6	340	13.484	0.508	9.097	0.301	1.0	1.0
12	6	334	13.29	0.461	9.355	0.486	1.0	1.0
12	6	328	13.0	0.0	9.226	0.425	1.0	1.0
12	6	322	13.0	0.258	9.484	0.508	1.0	1.0
12	6	316	12.935	0.25	9.742	0.445	1.0	1.0
12	6	310	12.839	0.374	9.71	0.461	1.0	1.0
12	6	304	12.581	0.502	9.677	0.475	1.0	1.0
12	6	298	12.419	0.502	9.806	0.402	1.0	1.0
12	6	292	12.032	0.18	9.903	0.301	1.0	1.0
12	6	286	12.0	0.0	9.935	0.25	1.0	1.0
12	6	280	11.968	0.18	9.968	0.18	1.0	1.0
12	6	274	11.387	0.495	10.0	0.0	1.0	1.0
12	6	268	11.161	0.374	10.0	0.0	1.0	1.0
12	6	262	10.968	0.18	10.0	0.0	1.0	1.0
12	6	256	10.968	0.18	10.0	0.0	1.0	1.0
12	6	250	10.806	0.402	10.0	0.0	1.0	1.0
12	6	244	10.161	0.374	10.0	0.0	1.0	1.0
12	6	238	10.0	0.0	10.0	0.0	1.0	1.0
12	6	232	10.0	0.0	10.0	0.0	1.0	1.0
12	6	226	9.871	0.341	10.0	0.0	1.0	1.0
12	6	220	9.419	0.502	10.0	0.0	1.0	1.0
12	6	214	9.032	0.18	10.0	0.0	1.0	1.0
12	6	208	9.0	0.0	10.0	0.0	1.0	1.0
12	6	202	9.0	0.0	10.0	0.0	1.0	1.0
12	6	196	8.516	0.508	10.0	0.0	1.0	1.0
12	6	190	8.0	0.0	10.032	0.18	1.0	1.0
12	6	184	8.0	0.0	10.161	0.374	1.0	1.0
12	6	178	7.903	0.301	10.677	0.475	1.0	1.0
12	6	172	7.419	0.502	10.903	0.301	1.0	1.0
12	6	166	7.129	0.341	11.0	0.0	1.0	1.0
12	6	160	6.968	0.18	11.0	0.0	1.0	1.0
12	6	154	6.71	0.461	11.0	0.0	1.0	1.0
12	6	148	6.129	0.341	11.0	0.0	1.0	1.0
12	6	142	6.0	0.0	11.0	0.0	1.0	1.0
12	6	136	5.968	0.18	11.742	0.445	1.0	1.0
12	6	130	5.548	0.506	11.903	0.301	1.0	1.0
12	6	124	5.129	0.341	12.0	0.0	1.0	1.0
12	6	118	5.0	0.0	12.161	0.374	1.0	1.0
12	6	112	4.935	0.25	12.645	0.486	1.0	1.0
12	6	106	4.323	0.475	13.0	0.0	1.0	1.0
12	6	100	4.0	0.0	13.484	0.508	1.0	1.0
12	6	77	3.0	0.0	16.548	0.568	1.0	1.0
12	6	74	2.968	0.18	17.097	0.597	1.0	1.0
12	6	71	2.258	0.631	18.226	0.762	1.0	1.0
12	6	68	1.613	0.615	19.258	1.094	1.0	1.0
12	6	65	1.194	0.402	21.032	1.378	1.0	1.0
12	6	62	0.968	0.18	22.9	1.373	0.968	0.968
12	6	59	0.767	0.43	26.125	3.518	0.742	0.774
12	6	56	0.233	0.43	27.375	1.685	0.226	0.258
12	6	53	0.0	0.0	nan	nan	0.0	0.0
12	6	50	0.0	0.0	nan	nan	0.0	0.0
12	6	47	0.0	0.0	nan	nan	0.0	0.0
12	6	44	0.0	0.0	nan	nan	0.0	0.0
13	6	454	20.871	0.341	9.032	0.18	1.0	1.0
13	6	448	20.613	0.495	9.065	0.25	1.0	1.0
13	6	442	20.258	0.445	9.032	0.18	1.0	1.0
13	6	436	20.032	0.18	9.161	0.374	1.0	1.0
13	6	430	20.065	0.25	9.129	0.341	1.0	1.0
13	6	424	20.0	0.0	9.194	0.402	1.0	1.0
13	6	418	19.871	0.341	9.29	0.461	1.0	1.0
13	6	412	19.645	0.486	9.226	0.425	1.0	1.0
13	6	406	19.484	0.508	9.484	0.508	1.0	1.0
13	6	400	19.161	0.374	9.548	0.506	1.0	1.0
13	6	394	19.065	0.25	9.613	0.495	1.0	1.0
13	6	388	18.935	0.25	9.516	0.508	1.0	1.0
13	6	382	18.613	0.495	9.742	0.445	1.0	1.0
13	6	376	18.581	0.502	9.774	0.425	1.0	1.0
13	6	370	18.065	0.25	9.774	0.425	1.0	1.0
13	6	364	18.0	0.0	9.742	0.445	1.0	1.0
13	6	358	17.935	0.25	9.774	0.425	1.0	1.0
13	6	352	17.645	0.486	9.903	0.301	1.0	1.0
13	6	346	17.452	0.506	9.968	0.18	1.0	1.0
13	6	340	17.0	0.0	10.0	0.0	1.0	1.0
13	6	334	16.839	0.454	9.935	0.25	1.0	1.0
13	6	328	16.871	0.341	10.0	0.0	1.0	1.0
13	6	322	16.581	0.502	10.0	0.0	1.0	1.0
13	6	316	16.065	0.25	10.0	0.0	1.0	1.0
13	6	310	15.935	0.25	10.0	0.0	1.0	1.0
13	6	304	15.871	0.341	10.0	0.0	1.0	1.0
13	6	298	15.452	0.506	10.0	0.0	1.0	1.0
13	6	292	15.065	0.25	10.0	0.0	1.0	1.0
13	6	286	14.935	0.25	10.0	0.0	1.0	1.0
13	6	280	14.71	0.461	10.0	0.0	1.0	1.0
13	6	274	14.129	0.341	10.0	0.0	1.0	1.0
13	6	268	14.0	0.0	10.0	0.0	1.0	1.0
13	6	262	13.935	0.25	10.0	0.0	1.0	1.0
13	6	256	13.484	0.508	10.0	0.0	1.0	1.0
13	6	250	13.097	0.301	10.0	0.0	1.0	1.0
13	6	244	12.968	0.18	10.0	0.0	1.0	1.0
13	6	238	12.871	0.341	10.0	0.0	1.0	1.0
13	6	232	12.226	0.425	10.0	0.0	1.0	1.0
13	6	226	12.065	0.25	10.0	0.0	1.0	1.0
13	6	220	11.839	0.374	10.0	0.0	1.0	1.0
13	6	214	11.161	0.374	10.0	0.0	1.0	1.0
13	6	208	11.032	0.18	10.0	0.0	1.0	1.0
13	6	202	10.871	0.341	10.097	0.301	1.0	1.0
13	6	196	10.419	0.502	10.323	0.475	1.0	1.0
13	6	190	10.032	0.18	10.839	0.374	1.0	1.0
13	6	184	9.968	0.18	10.935	0.25	1.0	1.0
13	6	178	9.258	0.445	10.968	0.18	1.0	1.0
13	6	172	9.032	0.18	10.968	0.18	1.0	1.0
13	6	166	8.935	0.25	11.0	0.0	1.0	1.0
13	6	160	8.29	0.461	11.0	0.0	1.0	1.0
13	6	154	8.0	0.0	11.0	0.0	1.0	1.0
13	6	148	7.839	0.374	11.226	0.425	1.0	1.0
13	6	142	7.194	0.402	11.677	0.475	1.0	1.0
13	6	136	7.0	0.0	11.903	0.301	1.0	1.0
13	6	130	6.871	0.341	12.0	0.0	1.0	1.0
13	6	124	6.097	0.301	12.032	0.18	1.0	1.0
13	6	118	5.968	0.18	12.677	0.475	1.0	1.0
13	6	112	5.484	0.508	12.935	0.25	1.0	1.0
13	6	106	5.065	0.25	13.226	0.425	1.0	1.0
13	6	100	4.935	0.25	13.839	0.374	1.0	1.0
13	6	77	3.194	0.477	16.677	0.653	1.0	1.0
13	6	74	2.806	0.402	17.581	0.72	1.0	1.0
13	6	71	2.548	0.624	18.258	0.93	1.0	1.0
13	6	68	1.774	0.56	19.323	0.832	1.0	1.0
13	6	65	1.387	0.495	21.065	1.504	1.0	1.0
13	6	62	1.129	0.428	23.467	2.501	0.968	0.968
13	6	59	0.724	0.455	26.783	3.63	0.677	0.742
13	6	56	0.097	0.396	28.0	0.0	0.065	0.065
13	6	53	0.0	0.0	nan	nan	0.0	0.0
13	6	50	0.0	0.0	nan	nan	0.0	0.0
13	6	47	0.0	0.0	nan	nan	0.0	0.0
13	6	44	0.0	0.0	nan	nan	0.0	0.0
14	6	454	19.355	0.486	11.968	0.18	1.0	1.0
14	6	448	19.129	0.341	11.871	0.341	1.0	1.0
14	6	442	19.065	0.25	11.935	0.359	1.0	1.0
14	6	436	19.0	0.0	11.839	0.454	1.0	1.0
14	6	430	19.0	0.0	11.935	0.359	1.0	1.0
14	6	424	18.935	0.25	11.839	0.374	1.0	1.0
14	6	418	18.581	0.502	11.903	0.301	1.0	1.0
14	6	412	18.29	0.461	11.968	0.315	1.0	1.0
14	6	406	18.29	0.461	12.0	0.258	1.0	1.0
14	6	400	18.065	0.25	11.871	0.341	1.0	1.0
14	6	394	18.065	0.25	12.0	0.0	1.0	1.0
14	6	388	17.935	0.25	12.0	0.365	1.0	1.0
14	6	382	17.71	0.461	12.129	0.341	1.0	1.0
14	6	376	17.29	0.461	12.097	0.301	1.0	1.0
14	6	370	17.161	0.374	12.065	0.25	1.0	1.0
14	6	364	17.0	0.0	12.032	0.18	1.0	1.0
14	6	358	17.0	0.258	12.097	0.396	1.0	1.0
14	6	352	16.935	0.25	12.194	0.543	1.0	1.0
14	6	346	16.677	0.475	12.032	0.18	1.0	1.0
14	6	340	16.29	0.461	12.032	0.18	1.0	1.0
14	6	334	16.032	0.18	12.0	0.365	1.0	1.0
14	6	328	15.968	0.18	12.226	0.497	1.0	1.0
14	6	322	15.871	0.341	12.194	0.402	1.0	1.0
14	6	316	15.419	0.502	12.161	0.523	1.0	1.0
14	6	310	15.355	0.486	12.032	0.315	1.0	1.0
14	6	304	15.0	0.0	12.161	0.454	1.0	1.0
14	6	298	14.935	0.25	12.194	0.543	1.0	1.0
14	6	292	14.839	0.374	12.097	0.396	1.0	1.0
14	6	286	14.548	0.506	12.194	0.402	1.0	1.0
14	6	280	14.032	0.18	12.194	0.402	1.0	1.0
14	6	274	14.0	0.0	12.452	0.506	1.0	1.0
14	6	268	13.871	0.341	12.452	0.506	1.0	1.0
14	6	262	13.387	0.495	12.516	0.508	1.0	1.0
14	6	256	13.0	0.0	12.645	0.486	1.0	1.0
14	6	250	13.032	0.18	12.581	0.502	1.0	1.0
14	6	244	12.871	0.341	12.581	0.502	1.0	1.0
14	6	238	12.419	0.502	12.742	0.445	1.0	1.0
14	6	232	12.065	0.25	12.806	0.402	1.0	1.0
14	6	226	12.0	0.0	12.774	0.425	1.0	1.0
14	6	220	11.645	0.486	12.871	0.341	1.0	1.0
14	6	214	11.129	0.341	12.774	0.425	1.0	1.0
14	6	208	11.0	0.0	12.903	0.301	1.0	1.0
14	6	202	10.968	0.18	12.871	0.428	1.0	1.0
14	6	196	10.323	0.475	12.935	0.359	1.0	1.0
14	6	190	10.032	0.18	13.194	0.543	1.0	1.0
14	6	184	9.935	0.25	13.226	0.425	1.0	1.0
14	6	178	9.613	0.495	13.226	0.497	1.0	1.0
14	6	172	9.0	0.0	13.581	0.502	1.0	1.0
14	6	166	8.968	0.18	13.581	0.502	1.0	1.0
14	6	160	8.484	0.508	13.806	0.402	1.0	1.0
14	6	154	8.032	0.18	13.806	0.402	1.0	1.0
14	6	148	7.968	0.18	14.0	0.447	1.0	1.0
14	6	142	7.581	0.502	14.452	0.506	1.0	1.0
14	6	136	7.0	0.0	14.419	0.62	1.0	1.0
14	6	130	7.0	0.0	14.71	0.461	1.0	1.0
14	6	124	6.419	0.502	15.097	0.301	1.0	1.0
14	6	118	6.0	0.0	15.258	0.514	1.0	1.0
14	6	112	5.968	0.18	15.71	0.461	1.0	1.0
14	6	106	5.452	0.506	16.194	0.477	1.0	1.0
14	6	100	5.0	0.0	16.806	0.402	1.0	1.0
14	6	77	2.968	0.18	20.677	0.599	1.0	1.0
14	6	74	2.548	0.506	21.71	0.783	1.0	1.0
14	6	71	2.129	0.341	22.516	1.122	1.0	1.0
14	6	68	2.0	0.0	23.968	1.11	1.0	1.0
14	6	65	2.0	0.0	25.839	1.157	1.0	1.0
14	6	62	1.935	0.25	29.258	1.966	1.0	1.0
14	6	59	0.952	0.921	34.0	4.106	0.387	0.71
14	6	56	0.0	0.0	36.0	1.0	0.0	0.097
14	6	53	0.0	0.0	nan	nan	0.0	0.0
14	6	50	0.0	0.0	nan	nan	0.0	0.0
14	6	47	0.0	0.0	nan	nan	0.0	0.0
14	6	44	0.0	0.0	nan	nan	0.0	0.0
15	6	454	13.0	0.0	9.0	0.0	1.0	1.0
15	6	448	13.0	0.0	9.0	0.0	1.0	1.0
15	6	442	12.968	0.18	9.0	0.0	1.0	1.0
15	6	436	12.903	0.301	9.0	0.0	1.0	1.0
15	6	430	12.645	0.486	9.0	0.0	1.0	1.0
15	6	424	12.484	0.508	9.0	0.0	1.0	1.0
15	6	418	12.29	0.461	9.0	0.0	1.0	1.0
15	6	412	12.0	0.0	9.0	0.0	1.0	1.0
15	6	406	12.0	0.0	9.0	0.0	1.0	1.0
15	6	400	12.0	0.0	9.0	0.0	1.0	1.0
15	6	394	12.0	0.0	9.0	0.0	1.0	1.0
15	6	388	12.0	0.0	9.0	0.0	1.0	1.0
15	6	382	11.935	0.25	9.0	0.0	1.0	1.0
15	6	376	11.677	0.475	9.0	0.0	1.0	1.0
15	6	370	11.484	0.508	9.0	0.0	1.0	1.0
15	6	364	11.065	0.25	9.0	0.0	1.0	1.0
15	6	358	11.0	0.0	9.0	0.0	1.0	1.0
15	6	352	11.0	0.0	9.0	0.0	1.0	1.0
15	6	346	11.0	0.0	9.0	0.0	1.0	1.0
15	6	340	11.0	0.0	9.0	0.0	1.0	1.0
15	6	334	10.839	0.374	9.0	0.0	1.0	1.0
15	6	328	10.581	0.502	9.0	0.0	1.0	1.0
15	6	322	10.194	0.402	9.0	0.0	1.0	1.0
15	6	316	10.032	0.18	9.0	0.0	1.0	1.0
15	6	310	10.0	0.0	9.0	0.0	1.0	1.0
15	6	304	10.0	0.0	9.0	0.0	1.0	1.0
15	6	298	9.968	0.18	9.0	0.0	1.0	1.0
15	6	292	9.645	0.486	9.0	0.0	1.0	1.0
15	6	286	9.226	0.425	9.0	0.0	1.0	1.0
15	6	280	9.065	0.25	9.0	0.0	1.0	1.0
15	6	274	9.0	0.0	9.0	0.0	1.0	1.0
15	6	268	9.0	0.0	9.032	0.18	1.0	1.0
15	6	262	8.935	0.25	9.0	0.0	1.0	1.0
15	6	256	8.806	0.402	9.097	0.301	1.0	1.0
15	6	250	8.258	0.445	9.097	0.301	1.0	1.0
15	6	244	8.032	0.18	9.419	0.502	1.0	1.0
15	6	238	8.0	0.0	9.548	0.506	1.0	1.0
15	6	232	8.0	0.0	9.806	0.402	1.0	1.0
15	6	226	7.903	0.301	9.871	0.341	1.0	1.0
15	6	220	7.419	0.502	10.0	0.0	1.0	1.0
15	6	214	7.097	0.301	10.0	0.0	1.0	1.0
15	6	208	7.0	0.0	10.0	0.0	1.0	1.0
15	6	202	6.968	0.18	10.0	0.0	1.0	1.0
15	6	196	6.871	0.341	10.0	0.0	1.0	1.0
15	6	190	6.387	0.495	10.0	0.0	1.0	1.0
15	6	184	6.065	0.25	10.0	0.0	1.0	1.0
15	6	178	6.0	0.0	10.0	0.0	1.0	1.0
15	6	172	6.0	0.0	10.0	0.0	1.0	1.0
15	6	166	5.871	0.341	10.161	0.374	1.0	1.0
15	6	160	5.452	0.506	10.323	0.475	1.0	1.0
15	6	154	5.0	0.0	10.742	0.445	1.0	1.0
15	6	148	5.0	0.0	10.968	0.18	1.0	1.0
15	6	142	5.0	0.0	11.0	0.0	1.0	1.0
15	6	136	4.742	0.445	11.0	0.0	1.0	1.0
15	6	130	4.065	0.25	11.0	0.0	1.0	1.0
15	6	124	4.0	0.0	11.387	0.495	1.0	1.0
15	6	118	4.0	0.0	11.968	0.18	1.0	1.0
15	6	112	4.0	0.0	12.0	0.0	1.0	1.0
15	6	106	3.355	0.486	12.355	0.486	1.0	1.0
15	6	100	3.032	0.18	12.968	0.18	1.0	1.0
15	6	77	2.065	0.25	15.968	0.547	1.0	1.0
15	6	74	2.0	0.0	16.419	0.62	1.0	1.0
15	6	71	1.903	0.301	17.194	0.873	1.0	1.0
15	6	68	1.71	0.461	17.871	0.991	1.0	1.0
15	6	65	1.065	0.25	19.71	0.973	1.0	1.0
15	6	62	1.0	0.0	22.0	1.789	0.839	1.0
15	6	59	0.409	0.503	23.722	1.841	0.29	0.581
15	6	56	0.0	0.0	nan	nan	0.0	0.0
15	6	53	0.0	0.0	nan	nan	0.0	0.0
15	6	50	0.0	0.0	nan	nan	0.0	0.0
15	6	47	0.0	0.0	nan	nan	0.0	0.0
15	6	44	0.0	0.0	nan	nan	0.0	0.0
16	6	454	20.258	0.445	12.0	0.0	1.0	1.0
16	6	448	20.258	0.445	12.0	0.0	1.0	1.0
16	6	442	20.0	0.0	12.0	0.0	1.0	1.0
16	6	436	19.968	0.315	12.032	0.18	1.0	1.0
16	6	430	19.935	0.25	12.065	0.25	1.0	1.0
16	6	424	19.839	0.374	12.0	0.0	1.0	1.0
16	6	418	19.613	0.495	12.0	0.0	1.0	1.0
16	6	412	19.161	0.374	12.032	0.18	1.0	1.0
16	6	406	19.0	0.0	12.065	0.25	1.0	1.0
16	6	400	19.0	0.0	12.097	0.301	1.0	1.0
16	6	394	18.71	0.461	12.032	0.18	1.0	1.0
16	6	388	18.645	0.486	12.032	0.18	1.0	1.0
16	6	382	18.355	0.486	12.161	0.374	1.0	1.0
16	6	376	18.097	0.301	12.065	0.25	1.0	1.0
16	6	370	18.032	0.18	12.226	0.425	1.0	1.0
16	6	364	17.935	0.25	12.258	0.445	1.0	1.0
16	6	358	17.806	0.402	12.161	0.374	1.0	1.0
16	6	352	17.387	0.495	12.161	0.374	1.0	1.0
16	6	346	17.226	0.425	12.323	0.475	1.0	1.0
16	6	340	16.968	0.18	12.452	0.506	1.0	1.0
16	6	334	16.806	0.402	12.419	0.502	1.0	1.0
16	6	328	16.548	0.506	12.387	0.495	1.0	1.0
16	6	322	16.194	0.402	12.71	0.461	1.0	1.0
16	6	316	16.032	0.18	12.613	0.495	1.0	1.0
16	6	310	15.968	0.18	12.742	0.445	1.0	1.0
16	6	304	15.742	0.445	12.871	0.341	1.0	1.0
16	6	298	15.452	0.506	12.677	0.475	1.0	1.0
16	6	292	15.065	0.25	12.839	0.374	1.0	1.0
16	6	286	15.0	0.0	12.871	0.341	1.0	1.0
16	6	280	14.839	0.374	12.968	0.18	1.0	1.0
16	6	274	14.323	0.475	12.935	0.25	1.0	1.0
16	6	268	14.032	0.315	12.935	0.25	1.0	1.0
16	6	262	14.0	0.0	13.0	0.0	1.0	1.0
16	6	256	13.581	0.502	12.935	0.25	1.0	1.0
16	6	250	13.226	0.425	13.0	0.0	1.0	1.0
16	6	244	13.0	0.0	12.968	0.18	1.0	1.0
16	6	238	12.839	0.374	13.0	0.0	1.0	1.0
16	6	232	12.387	0.495	13.0	0.0	1.0	1.0
16	6	226	12.032	0.18	13.0	0.0	1.0	1.0
16	6	220	11.935	0.25	13.0	0.0	1.0	1.0
16	6	214	11.645	0.486	13.0	0.0	1.0	1.0
16	6	208	11.129	0.341	13.0	0.0	1.0	1.0
16	6	202	10.968	0.18	13.032	0.18	1.0	1.0
16	6	196	10.774	0.425	13.065	0.25	1.0	1.0
16	6	190	10.194	0.402	13.161	0.374	1.0	1.0
16	6	184	9.968	0.18	13.581	0.502	1.0	1.0
16	6	178	9.774	0.425	13.645	0.551	1.0	1.0
16	6	172	9.129	0.341	13.806	0.402	1.0	1.0
16	6	166	9.0	0.0	13.968	0.18	1.0	1.0
16	6	160	8.839	0.374	14.0	0.0	1.0	1.0
16	6	154	8.161	0.374	14.0	0.0	1.0	1.0
16	6	148	8.0	0.0	14.032	0.18	1.0	1.0
16	6	142	7.645	0.486	14.419	0.502	1.0	1.0
16	6	136	7.097	0.301	14.774	0.425	1.0	1.0
16	6	130	6.935	0.25	14.935	0.25	1.0	1.0
16	6	124	6.613	0.495	15.097	0.301	1.0	1.0
16	6	118	6.161	0.374	15.258	0.445	1.0	1.0
16	6	112	5.968	0.18	15.903	0.301	1.0	1.0
16	6	106	5.484	0.508	16.097	0.301	1.0	1.0
16	6	100	5.032	0.18	16.581	0.502	1.0	1.0
16	6	77	2.806	0.402	19.871	0.67	1.0	1.0
16	6	74	2.355	0.486	20.355	0.608	1.0	1.0
16	6	71	2.129	0.341	21.129	0.806	1.0	1.0
16	6	68	2.0	0.0	22.806	0.792	1.0	1.0
16	6	65	1.903	0.301	23.516	1.208	1.0	1.0
16	6	62	1.645	0.486	25.355	1.427	1.0	1.0
16	6	59	1.452	0.568	27.667	1.539	0.968	0.968
16	6	56	0.577	0.703	31.941	3.132	0.387	0.548
16	6	53	0.034	0.186	35.667	3.512	0.032	0.097
16	6	50	0.0	0.0	nan	nan	0.0	0.0
16	6	47	0.0	0.0	nan	nan	0.0	0.0
16	6	44	0.0	0.0	nan	nan	0.0	0.0
17	6	454	16.29	0.461	8.935	0.25	1.0	1.0
17	6	448	16.065	0.25	8.935	0.25	1.0	1.0
17	6	442	16.0	0.0	8.935	0.25	1.0	1.0
17	6	436	16.0	0.0	9.0	0.0	1.0	1.0
17	6	430	16.0	0.0	9.0	0.0	1.0	1.0
17	6	424	15.903	0.301	8.935	0.25	1.0	1.0
17	6	418	15.742	0.445	9.0	0.0	1.0	1.0
17	6	412	15.355	0.486	9.0	0.0	1.0	1.0
17	6	406	15.097	0.301	9.0	0.0	1.0	1.0
17	6	400	15.0	0.0	9.0	0.0	1.0	1.0
17	6	394	15.0	0.0	9.0	0.0	1.0	1.0
17	6	388	14.935	0.25	8.968	0.18	1.0	1.0
17	6	382	14.903	0.301	9.0	0.0	1.0	1.0
17	6	376	14.548	0.506	9.0	0.0	1.0	1.0
17	6	370	14.194	0.402	9.0	0.0	1.0	1.0
17	6	364	14.0	0.0	9.0	0.0	1.0	1.0
17	6	358	14.0	0.0	9.0	0.0	1.0	1.0
17	6	352	13.968	0.18	9.0	0.0	1.0	1.0
17	6	346	13.613	0.495	9.0	0.0	1.0	1.0
17	6	340	13.355	0.486	9.0	0.0	1.0	1.0
17	6	334	13.032	0.18	9.0	0.0	1.0	1.0
17	6	328	13.0	0.0	9.0	0.0	1.0	1.0
17	6	322	12.968	0.18	9.0	0.0	1.0	1.0
17	6	316	12.516	0.508	9.0	0.0	1.0	1.0
17	6	310	12.355	0.486	9.0	0.0	1.0	1.0
17	6	304	12.0	0.0	9.0	0.0	1.0	1.0
17	6	298	12.0	0.0	9.0	0.0	1.0	1.0
17	6	292	11.968	0.18	9.0	0.0	1.0	1.0
17	6	286	11.677	0.475	9.0	0.0	1.0	1.0
17	6	280	11.161	0.374	9.0	0.0	1.0	1.0
17	6	274	11.0	0.0	9.0	0.0	1.0	1.0
17	6	268	11.0	0.0	9.0	0.0	1.0	1.0
17	6	262	10.871	0.341	9.0	0.0	1.0	1.0
17	6	256	10.484	0.508	9.0	0.0	1.0	1.0
17	6	250	10.065	0.25	9.0	0.0	1.0	1.0
17	6	244	10.0	0.0	9.0	0.0	1.0	1.0
17	6	238	9.968	0.18	9.0	0.0	1.0	1.0
17	6	232	9.71	0.461	9.0	0.0	1.0	1.0
17	6	226	9.161	0.374	9.0	0.0	1.0	1.0
17	6	220	9.0	0.0	9.0	0.0	1.0	1.0
17	6	214	8.935	0.25	9.194	0.402	1.0	1.0
17	6	208	8.71	0.461	9.613	0.495	1.0	1.0
17	6	202	8.032	0.18	9.774	0.425	1.0	1.0
17	6	196	8.0	0.0	9.968	0.18	1.0	1.0
17	6	190	8.0	0.0	9.968	0.18	1.0	1.0
17	6	184	7.645	0.486	9.968	0.18	1.0	1.0
17	6	178	7.161	0.374	10.0	0.0	1.0	1.0
17	6	172	7.0	0.0	10.0	0.0	1.0	1.0
17	6	166	6.871	0.341	10.0	0.0	1.0	1.0
17	6	160	6.29	0.461	10.0	0.0	1.0	1.0
17	6	154	6.0	0.0	10.194	0.402	1.0	1.0
17	6	148	6.0	0.0	10.387	0.495	1.0	1.0
17	6	142	5.742	0.445	10.839	0.374	1.0	1.0
17	6	136	5.226	0.425	11.0	0.0	1.0	1.0
17	6	130	5.0	0.0	11.0	0.0	1.0	1.0
17	6	124	4.968	0.18	11.323	0.475	1.0	1.0
17	6	118	4.581	0.502	11.774	0.425	1.0	1.0
17	6	112	4.065	0.25	12.0	0.0	1.0	1.0
17	6	106	4.0	0.0	12.323	0.475	1.0	1.0
17	6	100	3.968	0.18	12.806	0.402	1.0	1.0
17	6	77	2.355	0.486	15.935	0.512	1.0	1.0
17	6	74	2.032	0.18	16.452	0.568	1.0	1.0
17	6	71	1.903	0.301	17.226	0.669	1.0	1.0
17	6	68	1.516	0.57	18.323	1.045	1.0	1.0
17	6	65	1.032	0.18	20.226	1.334	1.0	1.0
17	6	62	0.926	0.267	23.276	1.83	0.806	0.935
17	6	59	0.107	0.315	24.833	0.753	0.097	0.194
17	6	56	0.0	0.0	nan	nan	0.0	0.0
17	6	53	0.0	0.0	nan	nan	0.0	0.0
17	6	50	0.0	0.0	nan	nan	0.0	0.0
17	6	47	0.0	0.0	nan	nan	0.0	0.0
17	6	44	0.0	0.0	nan	nan	0.0	0.0
18	6	454	19.032	0.18	9.0	0.0	1.0	1.0
18	6	448	19.032	0.18	9.0	0.0	1.0	1.0
18	6	442	19.0	0.0	9.0	0.0	1.0	1.0
18	6	436	18.968	0.18	9.0	0.0	1.0	1.0
18	6	430	18.806	0.402	9.0	0.0	1.0	1.0
18	6	424	18.548	0.506	9.0	0.0	1.0	1.0
18	6	418	18.323	0.475	9.0	0.0	1.0	1.0
18	6	412	18.129	0.341	9.0	0.0	1.0	1.0
18	6	406	18.032	0.18	9.0	0.0	1.0	1.0
18	6	400	18.0	0.0	9.0	0.0	1.0	1.0
18	6	394	17.774	0.425	9.0	0.0	1.0	1.0
18	6	388	17.548	0.506	9.0	0.0	1.0	1.0
18	6	382	17.194	0.402	9.0	0.0	1.0	1.0
18	6	376	17.0	0.0	9.0	0.0	1.0	1.0
18	6	370	16.968	0.18	9.0	0.0	1.0	1.0
18	6	364	16.871	0.341	9.0	0.0	1.0	1.0
18	6	358	16.548	0.506	9.097	0.301	1.0	1.0
18	6	352	16.29	0.461	9.065	0.25	1.0	1.0
18	6	346	16.032	0.18	9.065	0.25	1.0	1.0
18	6	340	16.0	0.0	9.194	0.402	1.0	1.0
18	6	334	15.935	0.25	9.323	0.475	1.0	1.0
18	6	328	15.548	0.506	9.323	0.475	1.0	1.0
18	6	322	15.226	0.425	9.548	0.506	1.0	1.0
18	6	316	15.032	0.18	9.613	0.495	1.0	1.0
18	6	310	14.968	0.18	9.71	0.461	1.0	1.0
18	6	304	14.871	0.341	9.806	0.402	1.0	1.0
18	6	298	14.516	0.508	9.903	0.301	1.0	1.0
18	6	292	14.29	0.461	10.0	0.0	1.0	1.0
18	6	286	14.0	0.0	10.0	0.0	1.0	1.0
18	6	280	13.903	0.301	10.0	0.0	1.0	1.0
18	6	274	13.516	0.508	10.0	0.0	1.0	1.0
18	6	268	13.194	0.402	9.968	0.18	1.0	1.0
18	6	262	13.0	0.0	10.0	0.0	1.0	1.0
18	6	256	12.774	0.425	10.0	0.0	1.0	1.0
18	6	250	12.258	0.445	10.0	0.0	1.0	1.0
18	6	244	12.065	0.25	10.0	0.0	1.0	1.0
18	6	238	11.935	0.25	10.0	0.0	1.0	1.0
18	6	232	11.677	0.475	10.0	0.0	1.0	1.0
18	6	226	11.226	0.425	10.0	0.0	1.0	1.0
18	6	220	11.032	0.18	10.0	0.0	1.0	1.0
18	6	214	10.903	0.301	10.0	0.0	1.0	1.0
18	6	208	10.258	0.445	10.0	0.0	1.0	1.0
18	6	202	10.0	0.0	10.0	0.0	1.0	1.0
18	6	196	10.0	0.0	10.0	0.0	1.0	1.0
18	6	190	9.613	0.495	10.065	0.25	1.0	1.0
18	6	184	9.065	0.25	10.129	0.341	1.0	1.0
18	6	178	9.0	0.0	10.645	0.486	1.0	1.0
18	6	172	8.613	0.495	10.871	0.341	1.0	1.0
18	6	166	8.194	0.402	10.968	0.18	1.0	1.0
18	6	160	8.0	0.0	11.0	0.0	1.0	1.0
18	6	154	7.742	0.445	11.0	0.0	1.0	1.0
18	6	148	7.258	0.445	11.0	0.0	1.0	1.0
18	6	142	7.0	0.0	11.097	0.301	1.0	1.0
18	6	136	6.613	0.495	11.71	0.461	1.0	1.0
18	6	130	6.129	0.341	11.903	0.301	1.0	1.0
18	6	124	6.032	0.18	11.968	0.18	1.0	1.0
18	6	118	5.677	0.475	12.032	0.18	1.0	1.0
18	6	112	5.129	0.341	12.645	0.486	1.0	1.0
18	6	106	4.968	0.18	12.968	0.18	1.0	1.0
18	6	100	4.742	0.445	13.226	0.425	1.0	1.0
18	6	77	3.032	0.18	16.548	0.568	1.0	1.0
18	6	74	3.0	0.0	17.0	0.577	1.0	1.0
18	6	71	2.355	0.755	17.871	0.806	1.0	1.0
18	6	68	1.742	0.682	18.774	0.884	1.0	1.0
18	6	65	1.226	0.425	19.935	0.998	1.0	1.0
18	6	62	1.097	0.301	22.226	1.564	1.0	1.0
18	6	59	0.871	0.428	23.808	1.744	0.839	0.839
18	6	56	0.233	0.43	27.125	3.314	0.226	0.258
18	6	53	0.0	0.0	nan	nan	0.0	0.0
18	6	50	0.0	0.0	nan	nan	0.0	0.0
18	6	47	0.0	0.0	nan	nan	0.0	0.0
18	6	44	0.0	0.0	nan	nan	0.0	0.0
19	6	454	17.032	0.18	9.0	0.0	1.0	1.0
19	6	448	17.0	0.0	9.0	0.0	1.0	1.0
19	6	442	17.0	0.0	9.0	0.0	1.0	1.0
19	6	436	16.968	0.18	9.0	0.0	1.0	1.0
19	6	430	16.806	0.402	9.0	0.0	1.0	1.0
19	6	424	16.484	0.508	9.0	0.0	1.0	1.0
19	6	418	16.29	0.461	9.0	0.0	1.0	1.0
19	6	412	16.0	0.0	9.0	0.0	1.0	1.0
19	6	406	16.0	0.0	9.0	0.0	1.0	1.0
19	6	400	16.0	0.0	9.0	0.0	1.0	1.0
19	6	394	15.935	0.25	9.0	0.0	1.0	1.0
19	6	388	15.839	0.374	9.0	0.0	1.0	1.0
19	6	382	15.452	0.506	9.0	0.0	1.0	1.0
19	6	376	15.194	0.402	9.032	0.18	1.0	1.0
19	6	370	15.065	0.25	9.0	0.0	1.0	1.0
19	6	364	15.0	0.0	9.032	0.18	1.0	1.0
19	6	358	14.968	0.18	9.129	0.341	1.0	1.0
19	6	352	14.839	0.374	9.129	0.341	1.0	1.0
19	6	346	14.581	0.502	9.065	0.25	1.0	1.0
19	6	340	14.258	0.445	9.226	0.425	1.0	1.0
19	6	334	14.0	0.0	9.452	0.506	1.0	1.0
19	6	328	14.0	0.0	9.419	0.502	1.0	1.0
19	6	322	13.935	0.25	9.742	0.445	1.0	1.0
19	6	316	13.645	0.486	9.742	0.445	1.0	1.0
19	6	310	13.29	0.461	9.903	0.301	1.0	1.0
19	6	304	13.065	0.25	9.903	0.301	1.0	1.0
19	6	298	13.0	0.0	10.0	0.0	1.0	1.0
19	6	292	13.0	0.0	10.0	0.0	1.0	1.0
19	6	286	12.581	0.502	10.0	0.0	1.0	1.0
19	6	280	12.226	0.425	10.0	0.0	1.0	1.0
19	6	274	12.032	0.18	10.0	0.0	1.0	1.0
19	6	268	12.0	0.0	10.0	0.0	1.0	1.0
19	6	262	11.839	0.374	10.0	0.0	1.0	1.0
19	6	256	11.355	0.486	10.0	0.0	1.0	1.0
19	6	250	11.097	0.301	10.0	0.0	1.0	1.0
19	6	244	11.0	0.0	10.0	0.0	1.0	1.0
19	6	238	10.968	0.18	10.0	0.0	1.0	1.0
19	6	232	10.742	0.445	10.0	0.0	1.0	1.0
19	6	226	10.129	0.341	10.0	0.0	1.0	1.0
19	6	220	10.0	0.0	10.0	0.0	1.0	1.0
19	6	214	9.968	0.18	10.0	0.0	1.0	1.0
19	6	208	9.677	0.475	10.0	0.0	1.0	1.0
19	6	202	9.065	0.25	10.032	0.18	1.0	1.0
19	6	196	9.0	0.0	10.032	0.18	1.0	1.0
19	6	190	9.0	0.0	10.194	0.402	1.0	1.0
19	6	184	8.645	0.486	10.645	0.486	1.0	1.0
19	6	178	8.065	0.25	10.806	0.402	1.0	1.0
19	6	172	8.0	0.0	11.0	0.0	1.0	1.0
19	6	166	7.935	0.25	11.0	0.0	1.0	1.0
19	6	160	7.355	0.486	11.0	0.0	1.0	1.0
19	6	154	7.0	0.0	11.0	0.0	1.0	1.0
19	6	148	7.0	0.0	11.097	0.301	1.0	1.0
19	6	142	6.71	0.461	11.484	0.508	1.0	1.0
19	6	136	6.065	0.25	11.903	0.301	1.0	1.0
19	6	130	6.0	0.0	12.0	0.0	1.0	1.0
19	6	124	5.968	0.18	12.032	0.18	1.0	1.0
19	6	118	5.258	0.445	12.419	0.502	1.0	1.0
19	6	112	5.0	0.0	12.935	0.25	1.0	1.0
19	6	106	5.0	0.0	13.129	0.341	1.0	1.0
19	6	100	4.516	0.508	13.871	0.341	1.0	1.0
19	6	77	3.129	0.341	17.0	0.447	1.0	1.0
19	6	74	2.903	0.301	17.774	0.56	1.0	1.0
19	6	71	2.161	0.374	18.903	0.746	1.0	1.0
19	6	68	2.0	0.0	20.419	1.057	1.0	1.0
19	6	65	1.968	0.18	22.097	1.012	1.0	1.0
19	6	62	1.548	0.506	24.71	1.395	1.0	1.0
19	6	59	0.9	0.305	28.786	3.247	0.871	0.903
19	6	56	0.0	0.0	35.0	0.0	0.0	0.032
19	6	53	0.0	0.0	nan	nan	0.0	0.0
19	6	50	0.0	0.0	nan	nan	0.0	0.0
19	6	47	0.0	0.0	nan	nan	0.0	0.0
19	6	44	0.0	0.0	nan	nan	0.0	0.0
20	6	454	19.871	0.341	9.0	0.0	1.0	1.0
20	6	448	19.419	0.502	9.0	0.0	1.0	1.0
20	6	442	19.323	0.475	9.0	0.0	1.0	1.0
20	6	436	19.161	0.374	9.0	0.0	1.0	1.0
20	6	430	19.0	0.0	9.0	0.0	1.0	1.0
20	6	424	18.903	0.301	9.0	0.0	1.0	1.0
20	6	418	18.968	0.18	9.0	0.0	1.0	1.0
20	6	412	18.677	0.475	9.0	0.0	1.0	1.0
20	6	406	18.548	0.506	9.0	0.0	1.0	1.0
20	6	400	18.258	0.445	9.0	0.0	1.0	1.0
20	6	394	18.032	0.18	9.0	0.0	1.0	1.0
20	6	388	18.0	0.0	9.0	0.0	1.0	1.0
20	6	382	18.0	0.0	9.0	0.0	1.0	1.0
20	6	376	17.774	0.425	9.0	0.0	1.0	1.0
20	6	370	17.548	0.506	9.0	0.0	1.0	1.0
20	6	364	17.065	0.25	9.0	0.0	1.0	1.0
20	6	358	17.0	0.0	9.0	0.0	1.0	1.0
20	6	352	16.968	0.18	9.0	0.0	1.0	1.0
20	6	346	16.871	0.341	9.0	0.0	1.0	1.0
20	6	340	16.419	0.502	9.0	0.0	1.0	1.0
20	6	334	16.097	0.301	9.0	0.0	1.0	1.0
20	6	328	16.032	0.18	9.0	0.0	1.0	1.0
20	6	322	16.0	0.0	9.032	0.18	1.0	1.0
20	6	316	15.774	0.425	9.032	0.18	1.0	1.0
20	6	310	15.355	0.486	9.129	0.341	1.0	1.0
20	6	304	15.032	0.18	9.129	0.341	1.0	1.0
20	6	298	14.968	0.18	9.323	0.475	1.0	1.0
20	6	292	14.871	0.341	9.452	0.506	1.0	1.0
20	6	286	14.419	0.502	9.548	0.506	1.0	1.0
20	6	280	14.032	0.18	9.71	0.461	1.0	1.0
20	6	274	14.032	0.18	9.645	0.486	1.0	1.0
20	6	268	13.871	0.341	9.968	0.18	1.0	1.0
20	6	262	13.323	0.475	9.935	0.25	1.0	1.0
20	6	256	13.032	0.18	10.0	0.0	1.0	1.0
20	6	250	12.968	0.18	9.968	0.18	1.0	1.0
20	6	244	12.839	0.374	10.0	0.0	1.0	1.0
20	6	238	12.387	0.495	10.0	0.0	1.0	1.0
20	6	232	12.0	0.0	10.0	0.0	1.0	1.0
20	6	226	11.935	0.25	10.0	0.0	1.0	1.0
20	6	220	11.742	0.445	10.0	0.0	1.0	1.0
20	6	214	11.097	0.301	10.0	0.0	1.0	1.0
20	6	208	11.0	0.0	10.0	0.0	1.0	1.0
20	6	202	10.806	0.402	10.0	0.0	1.0	1.0
20	6	196	10.29	0.461	10.0	0.0	1.0	1.0
20	6	190	10.0	0.0	10.0	0.0	1.0	1.0
20	6	184	9.742	0.445	10.129	0.341	1.0	1.0
20	6	178	9.419	0.502	10.452	0.506	1.0	1.0
20	6	172	9.032	0.18	10.71	0.461	1.0	1.0
20	6	166	8.903	0.301	11.0	0.0	1.0	1.0
20	6	160	8.419	0.502	11.0	0.0	1.0	1.0
20	6	154	8.0	0.0	11.0	0.0	1.0	1.0
20	6	148	7.968	0.18	11.0	0.0	1.0	1.0
20	6	142	7.452	0.506	11.161	0.374	1.0	1.0
20	6	136	7.032	0.18	11.677	0.475	1.0	1.0
20	6	130	6.935	0.25	11.935	0.25	1.0	1.0
20	6	124	6.29	0.461	12.065	0.25	1.0	1.0
20	6	118	6.0	0.0	12.194	0.402	1.0	1.0
20	6	112	6.0	0.0	12.903	0.301	1.0	1.0
20	6	106	5.226	0.425	13.129	0.341	1.0	1.0
20	6	100	5.0	0.0	13.839	0.454	1.0	1.0
20	6	77	3.806	0.402	17.129	0.499	1.0	1.0
20	6	74	2.613	0.615	18.194	0.703	1.0	1.0
20	6	71	2.161	0.374	19.097	0.944	1.0	1.0
20	6	68	2.0	0.0	20.0	0.931	1.0	1.0
20	6	65	2.0	0.0	22.194	1.327	1.0	1.0
20	6	62	1.806	0.402	24.613	1.358	1.0	1.0
20	6	59	1.133	0.346	27.935	2.67	0.968	1.0
20	6	56	0.5	0.51	32.333	3.694	0.419	0.581
20	6	53	0.0	0.0	35.0	0.0	0.0	0.032
20	6	50	0.0	0.0	nan	nan	0.0	0.0
20	6	47	0.0	0.0	nan	nan	0.0	0.0
20	6	44	0.0	0.0	nan	nan	0.0	0.0
21	6	454	17.0	0.0	9.0	0.0	1.0	1.0
21	6	448	17.0	0.0	9.0	0.0	1.0	1.0
21	6	442	16.935	0.25	9.0	0.0	1.0	1.0
21	6	436	16.871	0.341	9.0	0.0	1.0	1.0
21	6	430	16.516	0.508	9.0	0.0	1.0	1.0
21	6	424	16.29	0.461	9.0	0.0	1.0	1.0
21	6	418	16.097	0.301	9.0	0.0	1.0	1.0
21	6	412	16.0	0.0	9.0	0.0	1.0	1.0
21	6	406	15.968	0.18	9.0	0.0	1.0	1.0
21	6	400	16.0	0.0	9.0	0.0	1.0	1.0
21	6	394	15.613	0.495	9.0	0.0	1.0	1.0
21	6	388	15.419	0.502	9.0	0.0	1.0	1.0
21	6	382	15.258	0.445	9.0	0.0	1.0	1.0
21	6	376	15.065	0.25	9.0	0.0	1.0	1.0
21	6	370	15.0	0.0	9.0	0.0	1.0	1.0
21	6	364	15.0	0.0	9.0	0.0	1.0	1.0
21	6	358	14.742	0.445	9.0	0.0	1.0	1.0
21	6	352	14.452	0.506	9.0	0.0	1.0	1.0
21	6	346	14.161	0.374	9.0	0.0	1.0	1.0
21	6	340	14.0	0.0	9.0	0.0	1.0	1.0
21	6	334	13.968	0.18	9.0	0.0	1.0	1.0
21	6	328	13.871	0.341	9.0	0.0	1.0	1.0
21	6	322	13.742	0.445	9.0	0.0	1.0	1.0
21	6	316	13.226	0.425	9.0	0.0	1.0	1.0
21	6	310	13.032	0.18	9.0	0.0	1.0	1.0
21	6	304	13.0	0.0	9.0	0.0	1.0	1.0
21	6	298	13.0	0.0	9.0	0.0	1.0	1.0
21	6	292	12.645	0.486	9.0	0.0	1.0	1.0
21	6	286	12.226	0.425	9.0	0.0	1.0	1.0
21	6	280	12.032	0.18	9.0	0.0	1.0	1.0
21	6	274	12.0	0.0	9.0	0.0	1.0	1.0
21	6	268	11.839	0.374	9.032	0.18	1.0	1.0
21	6	262	11.323	0.475	9.032	0.18	1.0	1.0
21	6	256	11.097	0.301	9.0	0.0	1.0	1.0
21	6	250	11.0	0.0	9.032	0.18	1.0	1.0
21	6	244	10.935	0.25	9.258	0.445	1.0	1.0
21	6	238	10.613	0.495	9.258	0.445	1.0	1.0
21	6	232	10.161	0.374	9.645	0.486	1.0	1.0
21	6	226	10.0	0.0	9.871	0.341	1.0	1.0
21	6	220	9.968	0.18	9.903	0.301	1.0	1.0
21	6	214	9.387	0.495	9.935	0.25	1.0	1.0
21	6	208	9.032	0.18	10.0	0.0	1.0	1.0
21	6	202	9.0	0.0	10.0	0.0	1.0	1.0
21	6	196	8.806	0.402	10.0	0.0	1.0	1.0
21	6	190	8.452	0.506	10.0	0.0	1.0	1.0
21	6	184	8.032	0.18	10.0	0.0	1.0	1.0
21	6	178	8.0	0.0	10.0	0.0	1.0	1.0
21	6	172	7.806	0.402	10.0	0.0	1.0	1.0
21	6	166	7.194	0.402	10.032	0.18	1.0	1.0
21	6	160	7.0	0.0	10.129	0.341	1.0	1.0
21	6	154	6.935	0.25	10.516	0.508	1.0	1.0
21	6	148	6.452	0.506	10.935	0.25	1.0	1.0
21	6	142	6.032	0.18	10.968	0.18	1.0	1.0
21	6	136	5.935	0.25	11.032	0.18	1.0	1.0
21	6	130	5.774	0.425	11.032	0.18	1.0	1.0
21	6	124	5.097	0.301	11.387	0.495	1.0	1.0
21	6	118	5.0	0.0	11.968	0.18	1.0	1.0
21	6	112	4.613	0.495	12.0	0.0	1.0	1.0
21	6	106	4.29	0.461	12.419	0.502	1.0	1.0
21	6	100	4.0	0.0	12.935	0.25	1.0	1.0
21	6	77	2.935	0.25	15.839	0.583	1.0	1.0
21	6	74	2.742	0.445	16.194	0.543	1.0	1.0
21	6	71	2.419	0.564	17.0	0.577	1.0	1.0
21	6	68	1.71	0.461	18.129	1.284	1.0	1.0
21	6	65	1.161	0.374	19.452	1.179	1.0	1.0
21	6	62	1.0	0.0	22.065	1.75	1.0	1.0
21	6	59	0.714	0.46	23.957	1.796	0.645	0.742
21	6	56	0.034	0.186	26.667	1.528	0.032	0.097
21	6	53	0.0	0.0	nan	nan	0.0	0.0
21	6	50	0.0	0.0	nan	nan	0.0	0.0
21	6	47	0.0	0.0	nan	nan	0.0	0.0
21	6	44	0.0	0.0	nan	nan	0.0	0.0
22	6	454	16.0	0.0	9.0	0.0	1.0	1.0
22	6	448	16.0	0.0	9.0	0.0	1.0	1.0
22	6	442	15.968	0.18	9.0	0.0	1.0	1.0
22	6	436	15.806	0.402	9.0	0.0	1.0	1.0
22	6	430	15.71	0.461	9.0	0.0	1.0	1.0
22	6	424	15.387	0.495	9.0	0.0	1.0	1.0
22	6	418	15.097	0.301	9.0	0.0	1.0	1.0
22	6	412	15.0	0.0	9.0	0.0	1.0	1.0
22	6	406	15.0	0.0	9.0	0.0	1.0	1.0
22	6	400	15.0	0.0	9.0	0.0	1.0	1.0
22	6	394	14.806	0.402	9.0	0.0	1.0	1.0
22	6	388	14.581	0.502	9.0	0.0	1.0	1.0
22	6	382	14.097	0.301	9.0	0.0	1.0	1.0
22	6	376	14.065	0.25	9.0	0.0	1.0	1.0
22	6	370	14.0	0.0	9.0	0.0	1.0	1.0
22	6	364	14.0	0.0	9.0	0.0	1.0	1.0
22	6	358	13.871	0.341	9.0	0.0	1.0	1.0
22	6	352	13.71	0.461	9.0	0.0	1.0	1.0
22	6	346	13.581	0.502	9.0	0.0	1.0	1.0
22	6	340	13.29	0.461	9.0	0.0	1.0	1.0
22	6	334	13.065	0.25	9.0	0.0	1.0	1.0
22	6	328	13.0	0.0	9.0	0.0	1.0	1.0
22	6	322	12.935	0.25	9.0	0.0	1.0	1.0
22	6	316	12.806	0.402	9.0	0.0	1.0	1.0
22	6	310	12.323	0.475	9.0	0.0	1.0	1.0
22	6	304	12.161	0.374	9.0	0.0	1.0	1.0
22	6	298	12.0	0.0	9.0	0.0	1.0	1.0
22	6	292	12.0	0.0	9.065	0.25	1.0	1.0
22	6	286	11.871	0.341	9.0	0.0	1.0	1.0
22	6	280	11.194	0.402	9.0	0.0	1.0	1.0
22	6	274	11.0	0.0	9.065	0.25	1.0	1.0
22	6	268	11.0	0.0	9.419	0.502	1.0	1.0
22	6	262	10.903	0.301	9.419	0.502	1.0	1.0
22	6	256	10.645	0.486	9.548	0.506	1.0	1.0
22	6	250	10.129	0.341	9.806	0.402	1.0	1.0
22	6	244	10.0	0.0	9.903	0.301	1.0	1.0
22	6	238	10.0	0.0	10.0	0.0	1.0	1.0
22	6	232	9.903	0.301	10.0	0.0	1.0	1.0
22	6	226	9.387	0.495	10.0	0.0	1.0	1.0
22	6	220	9.032	0.18	10.0	0.0	1.0	1.0
22	6	214	9.0	0.0	10.0	0.0	1.0	1.0
22	6	208	8.968	0.18	10.0	0.0	1.0	1.0
22	6	202	8.516	0.508	10.0	0.0	1.0	1.0
22	6	196	8.065	0.25	10.0	0.0	1.0	1.0
22	6	190	8.0	0.0	10.0	0.0	1.0	1.0
22	6	184	7.903	0.301	10.0	0.0	1.0	1.0
22	6	178	7.516	0.508	10.0	0.0	1.0	1.0
22	6	172	7.032	0.18	10.032	0.18	1.0	1.0
22	6	166	7.0	0.0	10.387	0.495	1.0	1.0
22	6	160	6.774	0.425	10.839	0.374	1.0	1.0
22	6	154	6.323	0.475	11.0	0.0	1.0	1.0
22	6	148	6.0	0.0	11.0	0.0	1.0	1.0
22	6	142	6.0	0.0	11.0	0.0	1.0	1.0
22	6	136	5.548	0.506	11.0	0.0	1.0	1.0
22	6	130	5.0	0.0	11.29	0.461	1.0	1.0
22	6	124	5.0	0.0	11.71	0.461	1.0	1.0
22	6	118	5.0	0.0	11.968	0.18	1.0	1.0
22	6	112	4.581	0.502	12.032	0.18	1.0	1.0
22	6	106	4.032	0.18	12.742	0.445	1.0	1.0
22	6	100	4.0	0.0	13.065	0.25	1.0	1.0
22	6	77	3.0	0.0	15.935	0.442	1.0	1.0
22	6	74	2.742	0.445	16.581	0.62	1.0	1.0
22	6	71	2.161	0.735	17.548	0.85	1.0	1.0
22	6	68	1.645	0.551	17.968	0.605	1.0	1.0
22	6	65	1.097	0.301	19.645	1.142	1.0	1.0
22	6	62	1.0	0.0	22.065	1.806	1.0	1.0
22	6	59	0.815	0.396	24.385	1.699	0.71	0.839
22	6	56	0.355	0.486	25.545	1.214	0.355	0.355
22	6	53	0.0	0.0	nan	nan	0.0	0.0
22	6	50	0.0	0.0	nan	nan	0.0	0.0
22	6	47	0.0	0.0	nan	nan	0.0	0.0
22	6	44	0.0	0.0	nan	nan	0.0	0.0
23	6	454	21.419	0.502	9.0	0.0	1.0	1.0
23	6	448	21.258	0.445	9.0	0.0	1.0	1.0
23	6	442	21.065	0.25	9.0	0.0	1.0	1.0
23	6	436	21.0	0.258	9.0	0.0	1.0	1.0
23	6	430	20.677	0.475	9.0	0.0	1.0	1.0
23	6	424	20.516	0.508	9.0	0.0	1.0	1.0
23	6	418	20.516	0.508	9.0	0.0	1.0	1.0
23	6	412	20.065	0.25	9.0	0.0	1.0	1.0
23	6	406	19.968	0.18	9.0	0.0	1.0	1.0
23	6	400	19.903	0.301	9.0	0.0	1.0	1.0
23	6	394	19.677	0.475	9.0	0.0	1.0	1.0
23	6	388	19.258	0.445	9.0	0.0	1.0	1.0
23	6	382	19.032	0.18	9.0	0.0	1.0	1.0
23	6	376	18.935	0.25	9.0	0.0	1.0	1.0
23	6	370	18.774	0.425	9.0	0.0	1.0	1.0
23	6	364	18.484	0.508	9.0	0.0	1.0	1.0
23	6	358	18.161	0.374	9.0	0.0	1.0	1.0
23	6	352	18.0	0.0	9.0	0.0	1.0	1.0
23	6	346	17.935	0.25	9.0	0.0	1.0	1.0
23	6	340	17.581	0.502	9.0	0.0	1.0	1.0
23	6	334	17.226	0.425	9.0	0.0	1.0	1.0
23	6	328	17.032	0.18	9.065	0.25	1.0	1.0
23	6	322	17.0	0.258	9.032	0.18	1.0	1.0
23	6	316	16.742	0.445	9.065	0.25	1.0	1.0
23	6	310	16.258	0.445	9.129	0.341	1.0	1.0
23	6	304	16.032	0.18	9.194	0.402	1.0	1.0
23	6	298	16.032	0.18	9.161	0.374	1.0	1.0
23	6	292	15.484	0.508	9.29	0.461	1.0	1.0
23	6	286	15.29	0.461	9.548	0.506	1.0	1.0
23	6	280	15.0	0.0	9.645	0.486	1.0	1.0
23	6	274	14.839	0.374	9.871	0.341	1.0	1.0
23	6	268	14.194	0.402	9.839	0.374	1.0	1.0
23	6	262	14.097	0.301	9.871	0.341	1.0	1.0
23	6	256	13.774	0.425	9.968	0.18	1.0	1.0
23	6	250	13.323	0.475	10.0	0.0	1.0	1.0
23	6	244	13.065	0.25	10.0	0.0	1.0	1.0
23	6	238	12.968	0.18	9.968	0.18	1.0	1.0
23	6	232	12.581	0.502	10.0	0.0	1.0	1.0
23	6	226	12.161	0.374	10.0	0.0	1.0	1.0
23	6	220	11.968	0.18	10.0	0.0	1.0	1.0
23	6	214	11.645	0.486	10.0	0.0	1.0	1.0
23	6	208	11.065	0.25	10.0	0.0	1.0	1.0
23	6	202	10.968	0.18	10.0	0.0	1.0	1.0
23	6	196	10.419	0.502	10.0	0.0	1.0	1.0
23	6	190	10.097	0.301	10.0	0.0	1.0	1.0
23	6	184	9.935	0.25	10.065	0.25	1.0	1.0
23	6	178	9.581	0.502	10.065	0.25	1.0	1.0
23	6	172	9.097	0.301	10.226	0.425	1.0	1.0
23	6	166	8.903	0.301	10.677	0.475	1.0	1.0
23	6	160	8.387	0.495	11.0	0.0	1.0	1.0
23	6	154	8.0	0.0	11.0	0.0	1.0	1.0
23	6	148	7.839	0.374	11.0	0.0	1.0	1.0
23	6	142	7.323	0.475	11.0	0.0	1.0	1.0
23	6	136	7.0	0.0	11.194	0.402	1.0	1.0
23	6	130	6.742	0.445	11.677	0.475	1.0	1.0
23	6	124	6.032	0.18	11.968	0.18	1.0	1.0
23	6	118	5.903	0.301	11.968	0.18	1.0	1.0
23	6	112	5.323	0.475	12.419	0.502	1.0	1.0
23	6	106	5.065	0.25	12.903	0.301	1.0	1.0
23	6	100	4.935	0.25	13.097	0.301	1.0	1.0
23	6	77	3.0	0.0	16.032	0.482	1.0	1.0
23	6	74	3.0	0.0	16.645	0.551	1.0	1.0
23	6	71	2.613	0.615	17.548	0.81	1.0	1.0
23	6	68	1.839	0.779	18.355	0.709	1.0	1.0
23	6	65	1.129	0.341	20.226	1.283	1.0	1.0
23	6	62	0.968	0.18	22.1	1.768	0.968	0.968
23	6	59	0.414	0.568	25.077	3.427	0.355	0.419
23	6	56	0.032	0.18	29.0	0.0	0.032	0.032
23	6	53	0.0	0.0	nan	nan	0.0	0.0
23	6	50	0.0	0.0	nan	nan	0.0	0.0
23	6	47	0.0	0.0	nan	nan	0.0	0.0
23	6	44	0.0	0.0	nan	nan	0.0	0.0
24	6	454	18.968	0.18	9.0	0.0	1.0	1.0
24	6	448	19.0	0.0	9.0	0.0	1.0	1.0
24	6	442	18.871	0.341	9.0	0.0	1.0	1.0
24	6	436	18.677	0.475	9.0	0.0	1.0	1.0
24	6	430	18.387	0.495	9.032	0.18	1.0	1.0
24	6	424	18.032	0.18	9.0	0.0	1.0	1.0
24	6	418	18.065	0.25	9.0	0.0	1.0	1.0
24	6	412	18.0	0.0	9.032	0.18	1.0	1.0
24	6	406	18.0	0.0	9.0	0.0	1.0	1.0
24	6	400	17.839	0.374	9.032	0.18	1.0	1.0
24	6	394	17.452	0.506	9.0	0.0	1.0	1.0
24	6	388	17.129	0.341	9.032	0.18	1.0	1.0
24	6	382	17.032	0.18	9.032	0.18	1.0	1.0
24	6	376	17.0	0.0	9.065	0.25	1.0	1.0
24	6	370	17.0	0.0	9.129	0.341	1.0	1.0
24	6	364	16.806	0.402	9.161	0.374	1.0	1.0
24	6	358	16.452	0.506	9.129	0.341	1.0	1.0
24	6	352	16.032	0.18	9.323	0.475	1.0	1.0
24	6	346	16.0	0.0	9.323	0.475	1.0	1.0
24	6	340	15.968	0.18	9.419	0.502	1.0	1.0
24	6	334	15.71	0.461	9.581	0.502	1.0	1.0
24	6	328	15.484	0.508	9.613	0.495	1.0	1.0
24	6	322	15.065	0.25	9.677	0.475	1.0	1.0
24	6	316	14.968	0.18	9.839	0.374	1.0	1.0
24	6	310	14.968	0.18	9.935	0.25	1.0	1.0
24	6	304	14.677	0.475	9.903	0.301	1.0	1.0
24	6	298	14.194	0.402	9.903	0.301	1.0	1.0
24	6	292	14.065	0.25	9.968	0.18	1.0	1.0
24	6	286	14.0	0.0	10.0	0.0	1.0	1.0
24	6	280	13.806	0.402	10.0	0.0	1.0	1.0
24	6	274	13.387	0.495	10.0	0.0	1.0	1.0
24	6	268	13.0	0.0	10.0	0.0	1.0	1.0
24	6	262	12.903	0.301	10.0	0.0	1.0	1.0
24	6	256	12.903	0.301	10.0	0.0	1.0	1.0
24	6	250	12.419	0.502	10.0	0.0	1.0	1.0
24	6	244	12.0	0.0	10.0	0.0	1.0	1.0
24	6	238	12.0	0.0	10.0	0.0	1.0	1.0
24	6	232	11.774	0.425	10.0	0.0	1.0	1.0
24	6	226	11.194	0.402	10.0	0.0	1.0	1.0
24	6	220	11.032	0.18	10.0	0.0	1.0	1.0
24	6	214	11.0	0.0	10.0	0.0	1.0	1.0
24	6	208	10.581	0.502	10.0	0.0	1.0	1.0
24	6	202	10.065	0.25	10.032	0.18	1.0	1.0
24	6	196	10.0	0.0	10.161	0.374	1.0	1.0
24	6	190	9.871	0.341	10.387	0.495	1.0	1.0
24	6	184	9.161	0.374	10.677	0.475	1.0	1.0
24	6	178	9.0	0.0	10.968	0.18	1.0	1.0
24	6	172	9.0	0.0	11.0	0.0	1.0	1.0
24	6	166	8.484	0.508	11.0	0.0	1.0	1.0
24	6	160	8.032	0.18	11.0	0.0	1.0	1.0
24	6	154	8.0	0.0	11.0	0.0	1.0	1.0
24	6	148	7.516	0.508	11.258	0.445	1.0	1.0
24	6	142	7.0	0.0	11.645	0.486	1.0	1.0
24	6	136	7.0	0.0	11.935	0.25	1.0	1.0
24	6	130	6.742	0.445	12.0	0.0	1.0	1.0
24	6	124	6.0	0.0	12.161	0.374	1.0	1.0
24	6	118	6.0	0.0	12.742	0.445	1.0	1.0
24	6	112	5.774	0.425	13.0	0.0	1.0	1.0
24	6	106	5.032	0.18	13.226	0.425	1.0	1.0
24	6	100	5.0	0.0	13.935	0.25	1.0	1.0
24	6	77	3.935	0.25	17.065	0.574	1.0	1.0
24	6	74	3.097	0.7	17.903	0.539	1.0	1.0
24	6	71	2.194	0.601	19.129	0.806	1.0	1.0
24	6	68	2.0	0.0	20.452	0.81	1.0	1.0
24	6	65	2.0	0.0	22.677	1.447	1.0	1.0
24	6	62	1.968	0.18	25.323	2.809	1.0	1.0
24	6	59	1.56	0.583	30.667	3.942	0.774	0.968
24	6	56	0.143	0.478	36.333	3.055	0.065	0.387
24	6	53	0.0	0.0	37.0	0.0	0.0	0.032
24	6	50	0.0	0.0	nan	nan	0.0	0.0
24	6	47	0.0	0.0	nan	nan	0.0	0.0
24	6	44	0.0	0.0	nan	nan	0.0	0.0
25	6	454	18.806	0.402	9.0	0.0	1.0	1.0
25	6	448	18.613	0.495	9.0	0.0	1.0	1.0
25	6	442	18.226	0.425	9.0	0.0	1.0	1.0
25	6	436	18.097	0.301	9.0	0.0	1.0	1.0
25	6	430	18.0	0.0	9.032	0.18	1.0	1.0
25	6	424	17.968	0.18	9.0	0.0	1.0	1.0
25	6	418	17.968	0.18	9.0	0.0	1.0	1.0
25	6	412	17.839	0.374	9.0	0.0	1.0	1.0
25	6	406	17.419	0.502	9.0	0.0	1.0	1.0
25	6	400	17.226	0.425	9.0	0.0	1.0	1.0
25	6	394	17.0	0.0	9.032	0.18	1.0	1.0
25	6	388	17.0	0.0	9.032	0.18	1.0	1.0
25	6	382	16.935	0.25	9.032	0.18	1.0	1.0
25	6	376	16.806	0.402	9.032	0.18	1.0	1.0
25	6	370	16.419	0.502	9.0	0.0	1.0	1.0
25	6	364	16.258	0.445	9.032	0.18	1.0	1.0
25	6	358	16.032	0.18	9.129	0.341	1.0	1.0
25	6	352	16.0	0.0	9.129	0.341	1.0	1.0
25	6	346	16.0	0.0	9.097	0.301	1.0	1.0
25	6	340	15.645	0.486	9.161	0.374	1.0	1.0
25	6	334	15.161	0.374	9.258	0.445	1.0	1.0
25	6	328	15.065	0.25	9.226	0.425	1.0	1.0
25	6	322	15.0	0.0	9.419	0.502	1.0	1.0
25	6	316	14.871	0.341	9.548	0.506	1.0	1.0
25	6	310	14.581	0.502	9.581	0.502	1.0	1.0
25	6	304	14.194	0.402	9.645	0.486	1.0	1.0
25	6	298	14.0	0.0	9.71	0.461	1.0	1.0
25	6	292	14.0	0.0	9.677	0.475	1.0	1.0
25	6	286	13.806	0.402	9.871	0.341	1.0	1.0
25	6	280	13.258	0.445	9.968	0.18	1.0	1.0
25	6	274	13.032	0.18	9.968	0.18	1.0	1.0
25	6	268	13.0	0.0	10.0	0.0	1.0	1.0
25	6	262	12.871	0.341	10.0	0.0	1.0	1.0
25	6	256	12.355	0.486	10.0	0.0	1.0	1.0
25	6	250	12.097	0.301	10.0	0.0	1.0	1.0
25	6	244	12.0	0.0	10.0	0.0	1.0	1.0
25	6	238	11.903	0.301	10.0	0.0	1.0	1.0
25	6	232	11.387	0.495	10.0	0.0	1.0	1.0
25	6	226	11.0	0.0	10.0	0.0	1.0	1.0
25	6	220	11.0	0.0	10.0	0.0	1.0	1.0
25	6	214	10.871	0.341	10.0	0.0	1.0	1.0
25	6	208	10.258	0.445	10.0	0.0	1.0	1.0
25	6	202	10.0	0.0	10.0	0.0	1.0	1.0
25	6	196	9.968	0.18	10.0	0.0	1.0	1.0
25	6	190	9.645	0.486	10.0	0.0	1.0	1.0
25	6	184	9.0	0.0	10.452	0.506	1.0	1.0
25	6	178	9.0	0.0	10.742	0.445	1.0	1.0
25	6	172	8.871	0.341	10.806	0.402	1.0	1.0
25	6	166	8.323	0.475	10.968	0.18	1.0	1.0
25	6	160	8.0	0.0	11.0	0.0	1.0	1.0
25	6	154	7.935	0.25	11.0	0.0	1.0	1.0
25	6	148	7.355	0.486	11.097	0.301	1.0	1.0
25	6	142	7.032	0.18	11.065	0.25	1.0	1.0
25	6	136	6.968	0.18	11.71	0.461	1.0	1.0
25	6	130	6.548	0.506	11.968	0.18	1.0	1.0
25	6	124	6.032	0.18	12.0	0.0	1.0	1.0
25	6	118	6.0	0.0	12.097	0.301	1.0	1.0
25	6	112	5.742	0.445	12.742	0.445	1.0	1.0
25	6	106	5.0	0.0	13.0	0.0	1.0	1.0
25	6	100	5.0	0.0	13.484	0.508	1.0	1.0
25	6	77	3.677	0.475	16.677	0.541	1.0	1.0
25	6	74	3.226	0.425	17.258	0.575	1.0	1.0
25	6	71	2.71	0.529	18.097	0.87	1.0	1.0
25	6	68	2.065	0.25	19.323	0.871	1.0	1.0
25	6	65	2.0	0.0	21.516	1.363	1.0	1.0
25	6	62	1.871	0.341	23.258	1.264	1.0	1.0
25	6	59	1.429	0.504	27.935	3.723	0.903	1.0
25	6	56	0.875	0.448	31.815	3.638	0.645	0.871
25	6	53	0.0	0.0	nan	nan	0.0	0.0
25	6	50	0.0	0.0	nan	nan	0.0	0.0
25	6	47	0.0	0.0	nan	nan	0.0	0.0
25	6	44	0.0	0.0	nan	nan	0.0	0.0
26	6	454	17.677	0.475	9.0	0.0	1.0	1.0
26	6	448	17.355	0.486	9.0	0.0	1.0	1.0
26	6	442	17.258	0.445	9.0	0.0	1.0	1.0
26	6	436	17.0	0.0	9.0	0.0	1.0	1.0
26	6	430	17.0	0.0	9.0	0.0	1.0	1.0
26	6	424	17.0	0.0	9.0	0.0	1.0	1.0
26	6	418	16.871	0.341	9.0	0.0	1.0	1.0
26	6	412	16.774	0.425	9.0	0.0	1.0	1.0
26	6	406	16.29	0.461	9.0	0.0	1.0	1.0
26	6	400	16.161	0.374	9.0	0.0	1.0	1.0
26	6	394	16.032	0.315	9.0	0.0	1.0	1.0
26	6	388	15.968	0.18	9.0	0.0	1.0	1.0
26	6	382	15.935	0.25	9.0	0.0	1.0	1.0
26	6	376	15.806	0.402	9.0	0.0	1.0	1.0
26	6	370	15.613	0.495	9.0	0.0	1.0	1.0
26	6	364	15.323	0.475	9.0	0.0	1.0	1.0
26	6	358	15.065	0.25	9.0	0.0	1.0	1.0
26	6	352	15.0	0.0	9.0	0.0	1.0	1.0
26	6	346	15.0	0.0	9.0	0.0	1.0	1.0
26	6	340	14.742	0.445	9.0	0.0	1.0	1.0
26	6	334	14.355	0.486	9.0	0.0	1.0	1.0
26	6	328	14.065	0.25	9.0	0.0	1.0	1.0
26	6	322	14.0	0.0	9.0	0.0	1.0	1.0
26	6	316	13.903	0.301	9.0	0.0	1.0	1.0
26	6	310	13.484	0.508	9.0	0.0	1.0	1.0
26	6	304	13.355	0.486	9.0	0.0	1.0	1.0
26	6	298	13.0	0.0	9.0	0.0	1.0	1.0
26	6	292	12.968	0.18	9.0	0.0	1.0	1.0
26	6	286	12.774	0.425	9.0	0.0	1.0	1.0
26	6	280	12.581	0.502	9.0	0.0	1.0	1.0
26	6	274	12.097	0.301	9.0	0.0	1.0	1.0
26	6	268	12.0	0.0	9.0	0.0	1.0	1.0
26	6	262	11.935	0.25	9.0	0.0	1.0	1.0
26	6	256	11.613	0.495	9.065	0.25	1.0	1.0
26	6	250	11.161	0.374	9.161	0.374	1.0	1.0
26	6	244	11.0	0.0	9.258	0.445	1.0	1.0
26	6	238	10.968	0.18	9.548	0.506	1.0	1.0
26	6	232	10.71	0.461	9.548	0.506	1.0	1.0
26	6	226	10.226	0.425	9.71	0.461	1.0	1.0
26	6	220	10.0	0.0	9.968	0.18	1.0	1.0
26	6	214	9.968	0.18	10.0	0.0	1.0	1.0
26	6	208	9.258	0.445	10.0	0.0	1.0	1.0
26	6	202	9.0	0.0	10.0	0.0	1.0	1.0
26	6	196	9.0	0.0	10.0	0.0	1.0	1.0
26	6	190	8.806	0.402	10.0	0.0	1.0	1.0
26	6	184	8.194	0.402	10.0	0.0	1.0	1.0
26	6	178	8.0	0.258	10.0	0.0	1.0	1.0
26	6	172	7.968	0.18	10.0	0.0	1.0	1.0
26	6	166	7.677	0.475	10.032	0.18	1.0	1.0
26	6	160	7.032	0.18	10.387	0.495	1.0	1.0
26	6	154	6.968	0.18	10.806	0.402	1.0	1.0
26	6	148	6.677	0.475	10.968	0.18	1.0	1.0
26	6	142	6.323	0.475	11.0	0.0	1.0	1.0
26	6	136	6.0	0.0	11.0	0.0	1.0	1.0
26	6	130	5.839	0.374	11.226	0.425	1.0	1.0
26	6	124	5.419	0.502	11.613	0.495	1.0	1.0
26	6	118	5.0	0.0	11.968	0.18	1.0	1.0
26	6	112	4.935	0.25	12.065	0.25	1.0	1.0
26	6	106	4.419	0.502	12.548	0.506	1.0	1.0
26	6	100	4.0	0.0	12.935	0.25	1.0	1.0
26	6	77	2.968	0.18	15.903	0.539	1.0	1.0
26	6	74	2.774	0.425	16.419	0.564	1.0	1.0
26	6	71	2.484	0.57	17.129	0.619	1.0	1.0
26	6	68	1.452	0.506	18.548	0.995	1.0	1.0
26	6	65	1.065	0.25	19.935	1.063	1.0	1.0
26	6	62	0.968	0.18	21.8	1.71	0.968	0.968
26	6	59	0.8	0.407	24.0	1.893	0.774	0.806
26	6	56	0.097	0.301	25.333	1.528	0.097	0.097
26	6	53	0.0	0.0	nan	nan	0.0	0.0
26	6	50	0.0	0.0	nan	nan	0.0	0.0
26	6	47	0.0	0.0	nan	nan	0.0	0.0
26	6	44	0.0	0.0	nan	nan	0.0	0.0
27	6	454	15.935	0.25	9.129	0.341	1.0	1.0
27	6	448	15.71	0.461	9.161	0.374	1.0	1.0
27	6	442	15.419	0.502	9.226	0.425	1.0	1.0
27	6	436	15.097	0.301	9.258	0.445	1.0	1.0
27	6	430	15.032	0.18	9.226	0.425	1.0	1.0
27	6	424	15.0	0.0	9.355	0.486	1.0	1.0
27	6	418	15.0	0.0	9.548	0.506	1.0	1.0
27	6	412	15.0	0.0	9.548	0.506	1.0	1.0
27	6	406	14.903	0.301	9.484	0.508	1.0	1.0
27	6	400	14.839	0.374	9.645	0.486	1.0	1.0
27	6	394	14.452	0.506	9.774	0.425	1.0	1.0
27	6	388	14.129	0.341	9.645	0.486	1.0	1.0
27	6	382	14.097	0.301	9.806	0.402	1.0	1.0
27	6	376	14.0	0.0	9.968	0.18	1.0	1.0
27	6	370	14.0	0.0	9.839	0.374	1.0	1.0
27	6	364	13.903	0.301	9.968	0.18	1.0	1.0
27	6	358	13.774	0.425	9.935	0.25	1.0	1.0
27	6	352	13.677	0.475	9.935	0.25	1.0	1.0
27	6	346	13.097	0.301	10.0	0.0	1.0	1.0
27	6	340	13.0	0.0	10.0	0.0	1.0	1.0
27	6	334	12.968	0.18	10.0	0.0	1.0	1.0
27	6	328	13.0	0.0	10.0	0.0	1.0	1.0
27	6	322	12.871	0.341	10.0	0.0	1.0	1.0
27	6	316	12.387	0.495	10.0	0.0	1.0	1.0
27	6	310	12.065	0.25	10.0	0.0	1.0	1.0
27	6	304	12.032	0.18	10.0	0.0	1.0	1.0
27	6	298	12.0	0.0	10.0	0.0	1.0	1.0
27	6	292	12.0	0.0	10.0	0.0	1.0	1.0
27	6	286	11.742	0.445	10.0	0.0	1.0	1.0
27	6	280	11.355	0.486	10.0	0.0	1.0	1.0
27	6	274	11.032	0.18	10.0	0.0	1.0	1.0
27	6	268	11.0	0.0	10.0	0.0	1.0	1.0
27	6	262	11.0	0.0	10.0	0.0	1.0	1.0
27	6	256	10.871	0.341	10.0	0.0	1.0	1.0
27	6	250	10.194	0.402	10.0	0.0	1.0	1.0
27	6	244	10.032	0.18	10.0	0.0	1.0	1.0
27	6	238	10.0	0.0	10.0	0.0	1.0	1.0
27	6	232	10.0	0.0	10.0	0.0	1.0	1.0
27	6	226	9.613	0.495	10.0	0.0	1.0	1.0
27	6	220	9.065	0.25	10.0	0.0	1.0	1.0
27	6	214	9.0	0.0	10.0	0.0	1.0	1.0
27	6	208	9.0	0.0	10.097	0.301	1.0	1.0
27	6	202	8.742	0.445	10.161	0.374	1.0	1.0
27	6	196	8.097	0.301	10.548	0.506	1.0	1.0
27	6	190	8.0	0.0	10.742	0.445	1.0	1.0
27	6	184	8.0	0.0	10.935	0.25	1.0	1.0
27	6	178	7.903	0.301	11.0	0.0	1.0	1.0
27	6	172	7.194	0.402	11.0	0.0	1.0	1.0
27	6	166	7.0	0.0	11.0	0.0	1.0	1.0
27	6	160	7.0	0.0	11.0	0.0	1.0	1.0
27	6	154	6.935	0.25	11.0	0.0	1.0	1.0
27	6	148	6.226	0.425	11.097	0.301	1.0	1.0
27	6	142	6.0	0.0	11.742	0.445	1.0	1.0
27	6	136	6.0	0.0	12.0	0.0	1.0	1.0
27	6	130	5.903	0.301	12.0	0.0	1.0	1.0
27	6	124	5.129	0.341	12.097	0.301	1.0	1.0
27	6	118	5.0	0.0	12.613	0.495	1.0	1.0
27	6	112	5.0	0.0	13.0	0.0	1.0	1.0
27	6	106	4.871	0.341	13.065	0.25	1.0	1.0
27	6	100	4.065	0.25	13.839	0.374	1.0	1.0
27	6	77	3.0	0.0	16.935	0.629	1.0	1.0
27	6	74	2.774	0.425	17.968	0.657	1.0	1.0
27	6	71	2.29	0.461	18.774	0.92	1.0	1.0
27	6	68	2.0	0.0	20.452	1.338	1.0	1.0
27	6	65	1.839	0.374	21.742	1.29	1.0	1.0
27	6	62	1.333	0.479	25.097	3.166	0.968	1.0
27	6	59	0.75	0.518	28.739	4.266	0.645	0.742
27	6	56	0.032	0.18	32.0	0.0	0.032	0.032
27	6	53	0.0	0.0	nan	nan	0.0	0.0
27	6	50	0.0	0.0	nan	nan	0.0	0.0
27	6	47	0.0	0.0	nan	nan	0.0	0.0
27	6	44	0.0	0.0	nan	nan	0.0	0.0
28	6	454	15.258	0.445	9.968	0.18	1.0	1.0
28	6	448	15.258	0.445	9.968	0.18	1.0	1.0
28	6	442	15.032	0.18	9.968	0.18	1.0	1.0
28	6	436	15.0	0.0	9.968	0.18	1.0	1.0
28	6	430	15.0	0.0	10.0	0.0	1.0	1.0
28	6	424	14.968	0.18	10.0	0.0	1.0	1.0
28	6	418	14.871	0.341	10.0	0.0	1.0	1.0
28	6	412	14.839	0.374	10.0	0.0	1.0	1.0
28	6	406	14.645	0.486	10.0	0.0	1.0	1.0
28	6	400	14.065	0.25	10.0	0.0	1.0	1.0
28	6	394	14.065	0.25	10.0	0.0	1.0	1.0
28	6	388	14.0	0.0	10.0	0.0	1.0	1.0
28	6	382	14.0	0.0	10.0	0.0	1.0	1.0
28	6	376	13.839	0.374	10.0	0.0	1.0	1.0
28	6	370	13.871	0.341	10.0	0.0	1.0	1.0
28	6	364	13.387	0.495	10.0	0.0	1.0	1.0
28	6	358	13.194	0.402	10.0	0.0	1.0	1.0
28	6	352	13.0	0.0	10.0	0.0	1.0	1.0
28	6	346	13.0	0.0	10.0	0.0	1.0	1.0
28	6	340	13.0	0.0	10.0	0.0	1.0	1.0
28	6	334	12.935	0.25	10.0	0.0	1.0	1.0
28	6	328	12.613	0.495	10.0	0.0	1.0	1.0
28	6	322	12.258	0.445	10.0	0.0	1.0	1.0
28	6	316	12.0	0.0	10.0	0.0	1.0	1.0
28	6	310	12.0	0.0	10.0	0.0	1.0	1.0
28	6	304	12.0	0.0	10.0	0.0	1.0	1.0
28	6	298	11.903	0.301	10.0	0.0	1.0	1.0
28	6	292	11.387	0.495	10.0	0.0	1.0	1.0
28	6	286	11.032	0.18	10.0	0.0	1.0	1.0
28	6	280	11.0	0.0	10.0	0.0	1.0	1.0
28	6	274	11.0	0.0	10.0	0.0	1.0	1.0
28	6	268	10.968	0.18	10.0	0.0	1.0	1.0
28	6	262	10.548	0.506	10.0	0.0	1.0	1.0
28	6	256	10.065	0.25	10.0	0.0	1.0	1.0
28	6	250	10.0	0.0	10.0	0.0	1.0	1.0
28	6	244	10.0	0.0	10.0	0.0	1.0	1.0
28	6	238	9.903	0.301	10.0	0.0	1.0	1.0
28	6	232	9.323	0.475	10.0	0.0	1.0	1.0
28	6	226	9.032	0.18	10.0	0.0	1.0	1.0
28	6	220	9.0	0.0	10.194	0.402	1.0	1.0
28	6	214	8.935	0.25	10.452	0.506	1.0	1.0
28	6	208	8.645	0.486	10.742	0.445	1.0	1.0
28	6	202	8.258	0.445	10.935	0.25	1.0	1.0
28	6	196	8.0	0.0	10.935	0.25	1.0	1.0
28	6	190	8.0	0.0	10.968	0.18	1.0	1.0
28	6	184	7.903	0.301	11.0	0.0	1.0	1.0
28	6	178	7.355	0.486	11.0	0.0	1.0	1.0
28	6	172	7.0	0.0	11.0	0.0	1.0	1.0
28	6	166	7.0	0.0	11.0	0.0	1.0	1.0
28	6	160	6.871	0.341	11.097	0.301	1.0	1.0
28	6	154	6.355	0.486	11.226	0.425	1.0	1.0
28	6	148	6.0	0.0	11.774	0.425	1.0	1.0
28	6	142	6.0	0.0	11.968	0.18	1.0	1.0
28	6	136	5.774	0.425	12.0	0.0	1.0	1.0
28	6	130	5.161	0.374	12.065	0.25	1.0	1.0
28	6	124	5.0	0.0	12.613	0.495	1.0	1.0
28	6	118	5.0	0.0	12.903	0.301	1.0	1.0
28	6	112	4.742	0.445	13.032	0.18	1.0	1.0
28	6	106	4.065	0.25	13.613	0.495	1.0	1.0
28	6	100	4.0	0.0	14.0	0.258	1.0	1.0
28	6	77	2.871	0.341	17.387	0.667	1.0	1.0
28	6	74	2.71	0.461	17.968	0.706	1.0	1.0
28	6	71	2.0	0.447	19.097	0.831	1.0	1.0
28	6	68	1.774	0.497	20.484	0.89	1.0	1.0
28	6	65	1.129	0.341	22.065	1.209	1.0	1.0
28	6	62	1.097	0.301	24.29	2.148	1.0	1.0
28	6	59	0.862	0.351	28.111	3.577	0.806	0.871
28	6	56	0.065	0.25	27.5	0.707	0.065	0.065
28	6	53	0.0	0.0	nan	nan	0.0	0.0
28	6	50	0.0	0.0	nan	nan	0.0	0.0
28	6	47	0.0	0.0	nan	nan	0.0	0.0
28	6	44	0.0	0.0	nan	nan	0.0	0.0
29	6	454	20.097	0.301	10.839	0.374	1.0	1.0
29	6	448	20.0	0.0	10.968	0.18	1.0	1.0
29	6	442	19.774	0.425	10.903	0.301	1.0	1.0
29	6	436	19.774	0.425	10.935	0.25	1.0	1.0
29	6	430	19.613	0.495	10.871	0.341	1.0	1.0
29	6	424	19.258	0.445	10.935	0.25	1.0	1.0
29	6	418	19.097	0.301	10.968	0.18	1.0	1.0
29	6	412	19.065	0.25	10.871	0.341	1.0	1.0
29	6	406	18.968	0.18	10.935	0.25	1.0	1.0
29	6	400	18.516	0.508	10.968	0.18	1.0	1.0
29	6	394	18.387	0.495	10.968	0.18	1.0	1.0
29	6	388	18.194	0.402	10.968	0.18	1.0	1.0
29	6	382	18.0	0.0	10.968	0.18	1.0	1.0
29	6	376	17.903	0.301	10.935	0.25	1.0	1.0
29	6	370	17.806	0.402	11.0	0.258	1.0	1.0
29	6	364	17.355	0.486	10.968	0.18	1.0	1.0
29	6	358	17.097	0.301	10.968	0.18	1.0	1.0
29	6	352	17.0	0.0	10.968	0.315	1.0	1.0
29	6	346	16.903	0.301	10.968	0.18	1.0	1.0
29	6	340	16.581	0.502	11.0	0.365	1.0	1.0
29	6	334	16.194	0.402	10.968	0.18	1.0	1.0
29	6	328	16.032	0.18	11.0	0.0	1.0	1.0
29	6	322	15.968	0.18	11.097	0.301	1.0	1.0
29	6	316	15.581	0.502	11.097	0.301	1.0	1.0
29	6	310	15.419	0.502	11.0	0.258	1.0	1.0
29	6	304	15.0	0.0	11.161	0.374	1.0	1.0
29	6	298	15.0	0.0	11.065	0.25	1.0	1.0
29	6	292	14.839	0.374	11.226	0.425	1.0	1.0
29	6	286	14.355	0.486	11.129	0.428	1.0	1.0
29	6	280	14.0	0.0	11.129	0.428	1.0	1.0
29	6	274	13.968	0.18	11.419	0.502	1.0	1.0
29	6	268	13.484	0.508	11.355	0.486	1.0	1.0
29	6	262	13.194	0.402	11.484	0.508	1.0	1.0
29	6	256	13.032	0.18	11.548	0.506	1.0	1.0
29	6	250	12.871	0.341	11.548	0.506	1.0	1.0
29	6	244	12.484	0.508	11.645	0.486	1.0	1.0
29	6	238	12.032	0.18	11.613	0.495	1.0	1.0
29	6	232	12.0	0.0	11.903	0.301	1.0	1.0
29	6	226	11.71	0.461	11.774	0.425	1.0	1.0
29	6	220	11.065	0.25	11.935	0.25	1.0	1.0
29	6	214	10.968	0.18	11.71	0.461	1.0	1.0
29	6	208	10.645	0.486	11.903	0.301	1.0	1.0
29	6	202	10.161	0.374	11.903	0.301	1.0	1.0
29	6	196	10.0	0.0	11.968	0.18	1.0	1.0
29	6	190	9.839	0.374	11.968	0.18	1.0	1.0
29	6	184	9.323	0.475	12.0	0.258	1.0	1.0
29	6	178	9.0	0.0	12.194	0.402	1.0	1.0
29	6	172	8.935	0.25	12.452	0.506	1.0	1.0
29	6	166	8.452	0.506	12.774	0.425	1.0	1.0
29	6	160	8.032	0.18	12.677	0.475	1.0	1.0
29	6	154	7.774	0.425	12.871	0.341	1.0	1.0
29	6	148	7.129	0.341	13.0	0.258	1.0	1.0
29	6	142	7.0	0.0	13.065	0.25	1.0	1.0
29	6	136	6.677	0.475	13.258	0.514	1.0	1.0
29	6	130	6.194	0.402	13.71	0.461	1.0	1.0
29	6	124	6.0	0.258	13.742	0.445	1.0	1.0
29	6	118	5.581	0.502	13.968	0.315	1.0	1.0
29	6	112	5.065	0.25	14.452	0.506	1.0	1.0
29	6	106	4.968	0.18	14.742	0.445	1.0	1.0
29	6	100	4.452	0.506	15.226	0.497	1.0	1.0
29	6	77	2.452	0.506	18.516	0.724	1.0	1.0
29	6	74	1.968	0.407	19.097	0.79	1.0	1.0
29	6	71	1.645	0.608	20.0	0.931	1.0	1.0
29	6	68	1.323	0.475	21.387	1.23	1.0	1.0
29	6	65	1.194	0.402	23.419	1.385	1.0	1.0
29	6	62	0.966	0.186	25.533	2.945	0.903	0.968
29	6	59	0.133	0.346	27.4	1.673	0.129	0.161
29	6	56	0.0	0.0	nan	nan	0.0	0.0
29	6	53	0.0	0.0	nan	nan	0.0	0.0
29	6	50	0.0	0.0	nan	nan	0.0	0.0
29	6	47	0.0	0.0	nan	nan	0.0	0.0
29	6	44	0.0	0.0	nan	nan	0.0	0.0
30	6	454	15.774	0.425	9.0	0.0	1.0	1.0
30	6	448	15.323	0.475	9.0	0.0	1.0	1.0
30	6	442	15.065	0.25	9.0	0.0	1.0	1.0
30	6	436	15.097	0.301	9.0	0.0	1.0	1.0
30	6	430	15.032	0.18	9.0	0.0	1.0	1.0
30	6	424	15.0	0.0	9.0	0.0	1.0	1.0
30	6	418	14.968	0.18	9.0	0.0	1.0	1.0
30	6	412	14.903	0.301	9.0	0.0	1.0	1.0
30	6	406	14.742	0.445	9.0	0.0	1.0	1.0
30	6	400	14.581	0.502	9.0	0.0	1.0	1.0
30	6	394	14.032	0.18	9.0	0.0	1.0	1.0
30	6	388	14.032	0.18	9.0	0.0	1.0	1.0
30	6	382	14.032	0.18	9.0	0.0	1.0	1.0
30	6	376	14.0	0.0	9.0	0.0	1.0	1.0
30	6	370	13.903	0.301	9.0	0.0	1.0	1.0
30	6	364	13.806	0.402	9.032	0.18	1.0	1.0
30	6	358	13.258	0.445	9.065	0.25	1.0	1.0
30	6	352	13.065	0.25	9.032	0.18	1.0	1.0
30	6	346	13.032	0.18	9.032	0.18	1.0	1.0
30	6	340	13.0	0.0	9.194	0.402	1.0	1.0
30	6	334	13.0	0.0	9.194	0.402	1.0	1.0
30	6	328	12.645	0.486	9.258	0.445	1.0	1.0
30	6	322	12.355	0.486	9.194	0.402	1.0	1.0
30	6	316	12.129	0.341	9.355	0.486	1.0	1.0
30	6	310	12.0	0.0	9.419	0.502	1.0	1.0
30	6	304	12.0	0.0	9.516	0.508	1.0	1.0
30	6	298	11.935	0.25	9.774	0.425	1.0	1.0
30	6	292	11.613	0.495	9.903	0.301	1.0	1.0
30	6	286	11.097	0.301	9.903	0.301	1.0	1.0
30	6	280	11.0	0.0	9.968	0.18	1.0	1.0
30	6	274	11.0	0.0	10.0	0.0	1.0	1.0
30	6	268	11.0	0.0	10.0	0.0	1.0	1.0
30	6	262	10.839	0.374	10.0	0.0	1.0	1.0
30	6	256	10.194	0.402	10.0	0.0	1.0	1.0
30	6	250	10.065	0.25	9.968	0.18	1.0	1.0
30	6	244	10.0	0.0	10.0	0.0	1.0	1.0
30	6	238	9.968	0.18	10.0	0.0	1.0	1.0
30	6	232	9.516	0.508	10.0	0.0	1.0	1.0
30	6	226	9.194	0.402	10.0	0.0	1.0	1.0
30	6	220	9.032	0.18	10.0	0.0	1.0	1.0
30	6	214	9.0	0.0	10.0	0.0	1.0	1.0
30	6	208	8.903	0.301	10.0	0.0	1.0	1.0
30	6	202	8.258	0.445	10.0	0.0	1.0	1.0
30	6	196	8.0	0.0	10.0	0.0	1.0	1.0
30	6	190	8.0	0.0	10.032	0.18	1.0	1.0
30	6	184	7.935	0.25	10.226	0.425	1.0	1.0
30	6	178	7.645	0.486	10.677	0.475	1.0	1.0
30	6	172	7.0	0.0	10.903	0.301	1.0	1.0
30	6	166	7.0	0.0	10.935	0.25	1.0	1.0
30	6	160	6.968	0.18	11.0	0.0	1.0	1.0
30	6	154	6.387	0.495	11.0	0.0	1.0	1.0
30	6	148	6.032	0.18	11.0	0.0	1.0	1.0
30	6	142	6.0	0.0	11.194	0.402	1.0	1.0
30	6	136	6.0	0.0	11.613	0.495	1.0	1.0
30	6	130	5.258	0.445	11.968	0.18	1.0	1.0
30	6	124	5.0	0.0	12.0	0.0	1.0	1.0
30	6	118	5.0	0.0	12.129	0.341	1.0	1.0
30	6	112	4.903	0.301	12.581	0.502	1.0	1.0
30	6	106	4.097	0.301	13.032	0.18	1.0	1.0
30	6	100	4.032	0.18	13.548	0.506	1.0	1.0
30	6	77	3.0	0.0	16.677	0.653	1.0	1.0
30	6	74	2.968	0.18	17.258	0.445	1.0	1.0
30	6	71	2.677	0.541	17.935	0.727	1.0	1.0
30	6	68	2.032	0.407	19.484	0.89	1.0	1.0
30	6	65	1.516	0.508	21.226	1.359	1.0	1.0
30	6	62	1.161	0.374	23.355	1.854	1.0	1.0
30	6	59	1.0	0.0	27.065	2.977	1.0	1.0
30	6	56	0.333	0.48	30.923	3.685	0.29	0.419
30	6	53	0.0	0.0	nan	nan	0.0	0.0
30	6	50	0.0	0.0	nan	nan	0.0	0.0
30	6	47	0.0	0.0	nan	nan	0.0	0.0
30	6	44	0.0	0.0	nan	nan	0.0	0.0
31	6	454	18.129	0.341	9.0	0.0	1.0	1.0
31	6	448	18.0	0.0	9.0	0.0	1.0	1.0
31	6	442	18.0	0.0	9.0	0.0	1.0	1.0
31	6	436	17.871	0.341	9.0	0.0	1.0	1.0
31	6	430	17.839	0.374	9.0	0.0	1.0	1.0
31	6	424	17.452	0.506	9.0	0.0	1.0	1.0
31	6	418	17.226	0.425	9.0	0.0	1.0	1.0
31	6	412	17.161	0.374	9.0	0.0	1.0	1.0
31	6	406	17.065	0.25	9.0	0.0	1.0	1.0
31	6	400	17.0	0.0	9.032	0.18	1.0	1.0
31	6	394	16.806	0.402	9.065	0.25	1.0	1.0
31	6	388	16.677	0.475	9.065	0.25	1.0	1.0
31	6	382	16.452	0.506	9.097	0.301	1.0	1.0
31	6	376	16.258	0.445	9.129	0.341	1.0	1.0
31	6	370	16.032	0.18	9.226	0.425	1.0	1.0
31	6	364	16.0	0.0	9.484	0.508	1.0	1.0
31	6	358	15.968	0.18	9.419	0.502	1.0	1.0
31	6	352	15.903	0.301	9.613	0.495	1.0	1.0
31	6	346	15.355	0.486	9.613	0.495	1.0	1.0
31	6	340	15.161	0.374	9.645	0.486	1.0	1.0
31	6	334	15.0	0.0	9.806	0.402	1.0	1.0
31	6	328	15.0	0.0	9.839	0.374	1.0	1.0
31	6	322	14.839	0.374	9.968	0.18	1.0	1.0
31	6	316	14.29	0.461	10.0	0.0	1.0	1.0
31	6	310	14.258	0.445	10.0	0.0	1.0	1.0
31	6	304	14.0	0.0	10.0	0.0	1.0	1.0
31	6	298	13.871	0.341	10.0	0.0	1.0	1.0
31	6	292	13.71	0.461	10.0	0.0	1.0	1.0
31	6	286	13.323	0.475	10.0	0.0	1.0	1.0
31	6	280	13.065	0.25	10.0	0.0	1.0	1.0
31	6	274	12.968	0.18	10.0	0.0	1.0	1.0
31	6	268	12.935	0.25	10.0	0.0	1.0	1.0
31	6	262	12.548	0.506	10.0	0.0	1.0	1.0
31	6	256	12.032	0.18	10.0	0.0	1.0	1.0
31	6	250	12.0	0.258	10.0	0.0	1.0	1.0
31	6	244	11.935	0.25	10.0	0.0	1.0	1.0
31	6	238	11.516	0.508	10.0	0.0	1.0	1.0
31	6	232	11.065	0.25	10.0	0.0	1.0	1.0
31	6	226	11.0	0.0	10.0	0.0	1.0	1.0
31	6	220	10.935	0.25	10.0	0.0	1.0	1.0
31	6	214	10.452	0.506	10.0	0.0	1.0	1.0
31	6	208	10.032	0.18	10.0	0.0	1.0	1.0
31	6	202	10.0	0.0	10.065	0.25	1.0	1.0
31	6	196	9.871	0.341	10.129	0.341	1.0	1.0
31	6	190	9.194	0.402	10.355	0.486	1.0	1.0
31	6	184	9.0	0.0	10.71	0.461	1.0	1.0
31	6	178	8.903	0.301	10.871	0.341	1.0	1.0
31	6	172	8.452	0.506	11.0	0.0	1.0	1.0
31	6	166	8.0	0.0	11.0	0.0	1.0	1.0
31	6	160	8.0	0.0	11.0	0.0	1.0	1.0
31	6	154	7.742	0.445	11.0	0.0	1.0	1.0
31	6	148	7.097	0.301	11.097	0.301	1.0	1.0
31	6	142	7.0	0.0	11.419	0.502	1.0	1.0
31	6	136	6.968	0.18	11.935	0.25	1.0	1.0
31	6	130	6.194	0.402	12.0	0.0	1.0	1.0
31	6	124	6.0	0.0	12.0	0.0	1.0	1.0
31	6	118	6.0	0.0	12.355	0.486	1.0	1.0
31	6	112	5.323	0.475	12.968	0.18	1.0	1.0
31	6	106	5.032	0.18	13.032	0.18	1.0	1.0
31	6	100	5.0	0.0	13.806	0.402	1.0	1.0
31	6	77	3.645	0.486	16.839	0.454	1.0	1.0
31	6	74	3.097	0.473	17.581	0.62	1.0	1.0
31	6	71	2.323	0.541	18.645	0.755	1.0	1.0
31	6	68	2.032	0.18	19.677	0.979	1.0	1.0
31	6	65	2.0	0.0	21.935	1.093	1.0	1.0
31	6	62	2.0	0.0	23.613	1.687	1.0	1.0
31	6	59	1.571	0.504	28.613	3.676	0.903	1.0
31	6	56	0.591	0.734	32.263	3.856	0.323	0.613
31	6	53	0.0	0.0	nan	nan	0.0	0.0
31	6	50	0.0	0.0	nan	nan	0.0	0.0
31	6	47	0.0	0.0	nan	nan	0.0	0.0
31	6	44	0.0	0.0	nan	nan	0.0	0.0
0	7	454	18.0	0.0	9.0	0.0	1.0	1.0
0	7	448	17.935	0.25	9.0	0.0	1.0	1.0
0	7	442	17.742	0.445	9.0	0.0	1.0	1.0
0	7	436	17.355	0.486	9.0	0.0	1.0	1.0
0	7	430	17.097	0.301	9.0	0.0	1.0	1.0
0	7	424	17.032	0.18	9.0	0.0	1.0	1.0
0	7	418	17.0	0.0	9.0	0.0	1.0	1.0
0	7	412	16.903	0.301	9.032	0.18	1.0	1.0
0	7	406	16.839	0.374	9.032	0.18	1.0	1.0
0	7	400	16.355	0.486	9.0	0.0	1.0	1.0
0	7	394	16.129	0.341	9.0	0.0	1.0	1.0
0	7	388	16.0	0.0	9.032	0.18	1.0	1.0
0	7	382	16.0	0.0	9.032	0.18	1.0	1.0
0	7	376	15.742	0.445	9.161	0.374	1.0	1.0
0	7	370	15.323	0.475	9.065	0.25	1.0	1.0
0	7	364	15.032	0.18	9.258	0.445	1.0	1.0
0	7	358	15.0	0.0	9.355	0.486	1.0	1.0
0	7	352	15.0	0.0	9.29	0.461	1.0	1.0
0	7	346	14.806	0.402	9.484	0.508	1.0	1.0
0	7	340	14.452	0.506	9.742	0.445	1.0	1.0
0	7	334	14.032	0.18	9.645	0.486	1.0	1.0
0	7	328	14.0	0.0	9.71	0.461	1.0	1.0
0	7	322	13.871	0.341	9.871	0.341	1.0	1.0
0	7	316	13.935	0.25	9.871	0.341	1.0	1.0
0	7	310	13.323	0.475	9.968	0.18	1.0	1.0
0	7	304	13.065	0.25	9.968	0.18	1.0	1.0
0	7	298	13.0	0.0	9.968	0.18	1.0	1.0
0	7	292	12.871	0.341	10.0	0.0	1.0	1.0
0	7	286	12.258	0.445	10.0	0.0	1.0	1.0
0	7	280	12.065	0.25	10.0	0.0	1.0	1.0
0	7	274	12.0	0.0	10.0	0.0	1.0	1.0
0	7	268	11.903	0.301	10.0	0.0	1.0	1.0
0	7	262	11.548	0.506	10.0	0.0	1.0	1.0
0	7	256	11.032	0.18	10.0	0.0	1.0	1.0
0	7	250	11.0	0.0	10.0	0.0	1.0	1.0
0	7	244	10.839	0.374	10.0	0.0	1.0	1.0
0	7	238	10.355	0.486	10.0	0.0	1.0	1.0
0	7	232	10.0	0.0	10.0	0.0	1.0	1.0
0	7	226	10.0	0.0	10.0	0.0	1.0	1.0
0	7	220	9.839	0.374	10.0	0.0	1.0	1.0
0	7	214	9.129	0.341	10.0	0.0	1.0	1.0
0	7	208	9.032	0.18	10.0	0.0	1.0	1.0
0	7	202	9.0	0.0	10.0	0.0	1.0	1.0
0	7	196	8.806	0.402	10.129	0.341	1.0	1.0
0	7	190	8.097	0.301	10.29	0.461	1.0	1.0
0	7	184	8.0	0.0	10.548	0.506	1.0	1.0
0	7	178	8.0	0.0	10.839	0.374	1.0	1.0
0	7	172	7.419	0.502	10.968	0.18	1.0	1.0
0	7	166	7.032	0.18	11.0	0.0	1.0	1.0
0	7	160	7.0	0.0	11.0	0.0	1.0	1.0
0	7	154	6.645	0.486	11.0	0.0	1.0	1.0
0	7	148	6.0	0.0	11.032	0.18	1.0	1.0
0	7	142	6.0	0.0	11.355	0.486	1.0	1.0
0	7	136	5.871	0.341	11.806	0.402	1.0	1.0
0	7	130	5.258	0.445	12.0	0.0	1.0	1.0
0	7	124	5.0	0.0	12.0	0.0	1.0	1.0
0	7	118	5.0	0.0	12.194	0.402	1.0	1.0
0	7	112	4.581	0.502	12.839	0.374	1.0	1.0
0	7	106	4.0	0.0	13.065	0.25	1.0	1.0
0	7	100	4.0	0.0	13.516	0.508	1.0	1.0
0	7	77	2.806	0.402	16.935	0.442	1.0	1.0
0	7	74	2.323	0.748	17.645	0.839	1.0	1.0
0	7	71	1.71	0.693	18.226	0.805	1.0	1.0
0	7	68	1.065	0.25	19.387	0.761	1.0	1.0
0	7	65	1.0	0.0	21.032	1.378	1.0	1.0
0	7	62	0.963	0.192	24.167	1.51	0.839	0.968
0	7	59	0.143	0.356	25.571	0.976	0.129	0.226
0	7	56	0.0	0.0	nan	nan	0.0	0.0
0	7	53	0.0	0.0	nan	nan	0.0	0.0
0	7	50	0.0	0.0	nan	nan	0.0	0.0
0	7	47	0.0	0.0	nan	nan	0.0	0.0
0	7	44	0.0	0.0	nan	nan	0.0	0.0
1	7	454	22.645	0.486	10.0	0.0	1.0	1.0
1	7	448	22.129	0.341	9.968	0.18	1.0	1.0
1	7	442	22.097	0.301	10.0	0.0	1.0	1.0
1	7	436	22.0	0.0	9.968	0.18	1.0	1.0
1	7	430	21.968	0.315	9.968	0.18	1.0	1.0
1	7	424	21.613	0.495	10.0	0.0	1.0	1.0
1	7	418	21.516	0.508	10.0	0.0	1.0	1.0
1	7	412	21.032	0.18	10.0	0.0	1.0	1.0
1	7	406	21.0	0.258	10.0	0.0	1.0	1.0
1	7	400	20.871	0.341	10.0	0.0	1.0	1.0
1	7	394	20.71	0.461	10.0	0.0	1.0	1.0
1	7	388	20.355	0.486	9.968	0.18	1.0	1.0
1	7	382	20.097	0.301	10.0	0.0	1.0	1.0
1	7	376	20.032	0.18	10.0	0.0	1.0	1.0
1	7	370	19.871	0.341	10.0	0.0	1.0	1.0
1	7	364	19.548	0.506	10.0	0.0	1.0	1.0
1	7	358	19.129	0.341	10.0	0.0	1.0	1.0
1	7	352	19.0	0.0	10.0	0.0	1.0	1.0
1	7	346	18.903	0.301	10.0	0.0	1.0	1.0
1	7	340	18.452	0.506	10.0	0.0	1.0	1.0
1	7	334	18.129	0.341	10.0	0.0	1.0	1.0
1	7	328	18.032	0.18	10.0	0.0	1.0	1.0
1	7	322	17.871	0.341	10.0	0.0	1.0	1.0
1	7	316	17.387	0.495	10.0	0.0	1.0	1.0
1	7	310	17.161	0.374	10.0	0.0	1.0	1.0
1	7	304	16.871	0.341	10.0	0.0	1.0	1.0
1	7	298	16.516	0.508	10.0	0.0	1.0	1.0
1	7	292	16.387	0.495	10.0	0.0	1.0	1.0
1	7	286	15.968	0.18	10.0	0.0	1.0	1.0
1	7	280	15.935	0.25	10.0	0.0	1.0	1.0
1	7	274	15.29	0.461	10.0	0.0	1.0	1.0
1	7	268	14.968	0.18	10.0	0.0	1.0	1.0
1	7	262	14.839	0.374	10.0	0.0	1.0	1.0
1	7	256	14.355	0.486	10.0	0.0	1.0	1.0
1	7	250	14.0	0.0	10.097	0.301	1.0	1.0
1	7	244	14.0	0.0	10.032	0.18	1.0	1.0
1	7	238	13.323	0.475	10.258	0.445	1.0	1.0
1	7	232	13.065	0.25	10.355	0.486	1.0	1.0
1	7	226	12.968	0.18	10.581	0.502	1.0	1.0
1	7	220	12.581	0.502	10.806	0.402	1.0	1.0
1	7	214	12.065	0.25	10.871	0.341	1.0	1.0
1	7	208	11.903	0.301	11.0	0.0	1.0	1.0
1	7	202	11.323	0.475	11.0	0.0	1.0	1.0
1	7	196	11.097	0.301	11.0	0.0	1.0	1.0
1	7	190	10.968	0.18	11.0	0.0	1.0	1.0
1	7	184	10.323	0.475	10.968	0.18	1.0	1.0
1	7	178	10.0	0.0	11.0	0.0	1.0	1.0
1	7	172	9.839	0.374	11.097	0.301	1.0	1.0
1	7	166	9.129	0.341	11.29	0.461	1.0	1.0
1	7	160	9.0	0.0	11.742	0.445	1.0	1.0
1	7	154	8.742	0.445	11.903	0.301	1.0	1.0
1	7	148	8.032	0.18	12.0	0.0	1.0	1.0
1	7	142	8.0	0.0	12.0	0.0	1.0	1.0
1	7	136	7.516	0.508	12.065	0.25	1.0	1.0
1	7	130	7.0	0.0	12.742	0.445	1.0	1.0
1	7	124	6.871	0.341	12.968	0.18	1.0	1.0
1	7	118	6.161	0.374	13.065	0.25	1.0	1.0
1	7	112	6.0	0.0	13.677	0.475	1.0	1.0
1	7	106	5.71	0.461	14.0	0.258	1.0	1.0
1	7	100	5.065	0.25	14.419	0.502	1.0	1.0
1	7	77	3.323	0.748	18.129	0.763	1.0	1.0
1	7	74	2.419	0.564	19.065	0.512	1.0	1.0
1	7	71	2.032	0.18	19.871	0.763	1.0	1.0
1	7	68	2.0	0.0	21.355	1.38	1.0	1.0
1	7	65	1.968	0.18	23.161	1.344	1.0	1.0
1	7	62	1.677	0.475	25.742	1.527	1.0	1.0
1	7	59	1.3	0.535	28.6	2.908	0.935	0.968
1	7	56	0.346	0.485	33.714	1.978	0.29	0.452
1	7	53	0.0	0.0	nan	nan	0.0	0.0
1	7	50	0.0	0.0	nan	nan	0.0	0.0
1	7	47	0.0	0.0	nan	nan	0.0	0.0
1	7	44	0.0	0.0	nan	nan	0.0	0.0
2	7	454	16.0	0.0	9.0	0.0	1.0	1.0
2	7	448	15.968	0.18	9.0	0.0	1.0	1.0
2	7	442	15.839	0.374	9.0	0.0	1.0	1.0
2	7	436	15.129	0.341	9.0	0.0	1.0	1.0
2	7	430	15.032	0.18	9.0	0.0	1.0	1.0
2	7	424	15.032	0.18	9.0	0.0	1.0	1.0
2	7	418	15.0	0.0	9.0	0.0	1.0	1.0
2	7	412	15.0	0.0	9.0	0.0	1.0	1.0
2	7	406	14.839	0.374	9.0	0.0	1.0	1.0
2	7	400	14.581	0.502	9.0	0.0	1.0	1.0
2	7	394	14.226	0.425	9.0	0.0	1.0	1.0
2	7	388	14.065	0.25	9.0	0.0	1.0	1.0
2	7	382	14.032	0.18	9.0	0.0	1.0	1.0
2	7	376	14.0	0.0	9.0	0.0	1.0	1.0
2	7	370	13.935	0.25	9.0	0.0	1.0	1.0
2	7	364	13.742	0.445	9.0	0.0	1.0	1.0
2	7	358	13.355	0.486	9.0	0.0	1.0	1.0
2	7	352	13.097	0.301	9.0	0.0	1.0	1.0
2	7	346	13.0	0.0	9.0	0.0	1.0	1.0
2	7	340	13.0	0.0	9.0	0.0	1.0	1.0
2	7	334	12.871	0.341	9.0	0.0	1.0	1.0
2	7	328	12.516	0.508	9.0	0.0	1.0	1.0
2	7	322	12.097	0.301	9.0	0.0	1.0	1.0
2	7	316	12.032	0.18	9.0	0.0	1.0	1.0
2	7	310	12.0	0.0	9.0	0.0	1.0	1.0
2	7	304	11.903	0.301	9.0	0.0	1.0	1.0
2	7	298	11.548	0.506	9.0	0.0	1.0	1.0
2	7	292	11.226	0.425	9.0	0.0	1.0	1.0
2	7	286	11.0	0.0	9.0	0.0	1.0	1.0
2	7	280	11.0	0.0	9.0	0.0	1.0	1.0
2	7	274	10.935	0.25	9.0	0.0	1.0	1.0
2	7	268	10.387	0.495	9.0	0.0	1.0	1.0
2	7	262	10.065	0.25	9.0	0.0	1.0	1.0
2	7	256	10.0	0.0	9.0	0.0	1.0	1.0
2	7	250	9.968	0.18	9.065	0.25	1.0	1.0
2	7	244	9.613	0.495	9.161	0.374	1.0	1.0
2	7	238	9.129	0.341	9.323	0.475	1.0	1.0
2	7	232	9.0	0.0	9.516	0.508	1.0	1.0
2	7	226	9.0	0.0	9.774	0.425	1.0	1.0
2	7	220	8.839	0.374	9.903	0.301	1.0	1.0
2	7	214	8.323	0.475	10.0	0.0	1.0	1.0
2	7	208	8.0	0.0	10.0	0.0	1.0	1.0
2	7	202	8.0	0.0	10.0	0.0	1.0	1.0
2	7	196	7.968	0.18	10.0	0.0	1.0	1.0
2	7	190	7.161	0.374	10.0	0.0	1.0	1.0
2	7	184	7.0	0.0	10.0	0.0	1.0	1.0
2	7	178	7.0	0.0	10.0	0.0	1.0	1.0
2	7	172	6.968	0.18	10.0	0.0	1.0	1.0
2	7	166	6.226	0.425	10.0	0.0	1.0	1.0
2	7	160	6.0	0.0	10.258	0.445	1.0	1.0
2	7	154	6.0	0.0	10.516	0.508	1.0	1.0
2	7	148	5.935	0.25	10.903	0.301	1.0	1.0
2	7	142	5.032	0.18	11.0	0.0	1.0	1.0
2	7	136	5.0	0.0	11.0	0.0	1.0	1.0
2	7	130	5.0	0.0	11.032	0.18	1.0	1.0
2	7	124	4.645	0.486	11.161	0.374	1.0	1.0
2	7	118	4.032	0.18	11.839	0.374	1.0	1.0
2	7	112	4.0	0.0	12.0	0.0	1.0	1.0
2	7	106	4.0	0.0	12.194	0.402	1.0	1.0
2	7	100	3.516	0.508	12.968	0.18	1.0	1.0
2	7	77	2.29	0.461	15.484	0.508	1.0	1.0
2	7	74	2.032	0.18	16.0	0.516	1.0	1.0
2	7	71	2.0	0.0	16.839	0.688	1.0	1.0
2	7	68	1.742	0.445	17.871	0.67	1.0	1.0
2	7	65	1.258	0.445	19.065	1.124	1.0	1.0
2	7	62	1.0	0.263	21.0	1.875	0.935	0.968
2	7	59	0.478	0.511	23.526	2.412	0.355	0.613
2	7	56	0.0	0.0	nan	nan	0.0	0.0
2	7	53	0.0	0.0	nan	nan	0.0	0.0
2	7	50	0.0	0.0	nan	nan	0.0	0.0
2	7	47	0.0	0.0	nan	nan	0.0	0.0
2	7	44	0.0	0.0	nan	nan	0.0	0.0
3	7	454	13.032	0.18	9.0	0.0	1.0	1.0
3	7	448	13.0	0.0	9.0	0.0	1.0	1.0
3	7	442	13.0	0.0	9.0	0.0	1.0	1.0
3	7	436	13.0	0.0	9.0	0.0	1.0	1.0
3	7	430	13.0	0.0	9.0	0.0	1.0	1.0
3	7	424	12.968	0.18	9.0	0.0	1.0	1.0
3	7	418	12.935	0.25	9.0	0.0	1.0	1.0
3	7	412	12.645	0.486	9.0	0.0	1.0	1.0
3	7	406	12.387	0.495	9.0	0.0	1.0	1.0
3	7	400	12.161	0.374	9.0	0.0	1.0	1.0
3	7	394	12.0	0.0	9.0	0.0	1.0	1.0
3	7	388	12.0	0.0	9.0	0.0	1.0	1.0
3	7	382	12.0	0.0	9.0	0.0	1.0	1.0
3	7	376	12.0	0.0	9.0	0.0	1.0	1.0
3	7	370	11.839	0.374	9.0	0.0	1.0	1.0
3	7	364	11.516	0.508	9.0	0.0	1.0	1.0
3	7	358	11.258	0.445	9.0	0.0	1.0	1.0
3	7	352	11.032	0.18	9.0	0.0	1.0	1.0
3	7	346	11.0	0.0	9.0	0.0	1.0	1.0
3	7	340	11.0	0.0	9.0	0.0	1.0	1.0
3	7	334	11.0	0.0	9.0	0.0	1.0	1.0
3	7	328	10.968	0.18	9.0	0.0	1.0	1.0
3	7	322	10.581	0.502	9.0	0.0	1.0	1.0
3	7	316	10.097	0.301	9.0	0.0	1.0	1.0
3	7	310	10.0	0.0	9.0	0.0	1.0	1.0
3	7	304	10.0	0.0	9.0	0.0	1.0	1.0
3	7	298	10.0	0.0	9.0	0.0	1.0	1.0
3	7	292	9.935	0.25	9.0	0.0	1.0	1.0
3	7	286	9.839	0.374	9.0	0.0	1.0	1.0
3	7	280	9.226	0.425	9.0	0.0	1.0	1.0
3	7	274	9.065	0.25	9.0	0.0	1.0	1.0
3	7	268	9.0	0.0	9.0	0.0	1.0	1.0
3	7	262	9.0	0.0	9.0	0.0	1.0	1.0
3	7	256	8.968	0.18	9.0	0.0	1.0	1.0
3	7	250	8.677	0.475	9.129	0.341	1.0	1.0
3	7	244	8.065	0.25	9.226	0.425	1.0	1.0
3	7	238	8.0	0.0	9.419	0.502	1.0	1.0
3	7	232	8.0	0.0	9.516	0.508	1.0	1.0
3	7	226	8.0	0.0	9.903	0.301	1.0	1.0
3	7	220	7.903	0.301	9.935	0.25	1.0	1.0
3	7	214	7.226	0.425	10.0	0.0	1.0	1.0
3	7	208	7.0	0.0	10.0	0.0	1.0	1.0
3	7	202	7.0	0.0	10.0	0.0	1.0	1.0
3	7	196	7.0	0.0	10.0	0.0	1.0	1.0
3	7	190	6.871	0.341	10.0	0.0	1.0	1.0
3	7	184	6.194	0.402	10.0	0.0	1.0	1.0
3	7	178	6.0	0.0	10.0	0.0	1.0	1.0
3	7	172	6.0	0.0	10.0	0.0	1.0	1.0
3	7	166	5.968	0.18	10.032	0.18	1.0	1.0
3	7	160	5.774	0.425	10.161	0.374	1.0	1.0
3	7	154	5.129	0.341	10.645	0.486	1.0	1.0
3	7	148	5.0	0.0	10.968	0.18	1.0	1.0
3	7	142	5.0	0.0	11.0	0.0	1.0	1.0
3	7	136	5.0	0.0	11.0	0.0	1.0	1.0
3	7	130	4.645	0.486	11.032	0.18	1.0	1.0
3	7	124	4.0	0.0	11.387	0.495	1.0	1.0
3	7	118	4.0	0.0	11.903	0.301	1.0	1.0
3	7	112	4.0	0.0	12.032	0.18	1.0	1.0
3	7	106	4.0	0.0	12.613	0.495	1.0	1.0
3	7	100	3.29	0.461	13.032	0.18	1.0	1.0
3	7	77	2.806	0.402	15.968	0.407	1.0	1.0
3	7	74	2.29	0.461	16.71	0.588	1.0	1.0
3	7	71	1.968	0.315	17.419	0.564	1.0	1.0
3	7	68	1.355	0.486	18.774	1.023	1.0	1.0
3	7	65	1.0	0.0	20.258	1.692	1.0	1.0
3	7	62	1.0	0.0	23.806	2.344	1.0	1.0
3	7	59	0.767	0.43	27.0	3.162	0.742	0.774
3	7	56	0.0	0.0	nan	nan	0.0	0.0
3	7	53	0.0	0.0	nan	nan	0.0	0.0
3	7	50	0.0	0.0	nan	nan	0.0	0.0
3	7	47	0.0	0.0	nan	nan	0.0	0.0
3	7	44	0.0	0.0	nan	nan	0.0	0.0
4	7	454	17.871	0.341	9.0	0.0	1.0	1.0
4	7	448	17.484	0.508	9.0	0.0	1.0	1.0
4	7	442	17.387	0.495	9.0	0.0	1.0	1.0
4	7	436	17.065	0.25	9.0	0.0	1.0	1.0
4	7	430	17.0	0.0	9.0	0.0	1.0	1.0
4	7	424	17.0	0.0	9.0	0.0	1.0	1.0
4	7	418	16.871	0.341	9.0	0.0	1.0	1.0
4	7	412	16.839	0.374	9.0	0.0	1.0	1.0
4	7	406	16.484	0.508	9.0	0.0	1.0	1.0
4	7	400	16.129	0.341	9.0	0.0	1.0	1.0
4	7	394	16.0	0.0	9.0	0.0	1.0	1.0
4	7	388	16.0	0.0	9.0	0.0	1.0	1.0
4	7	382	15.839	0.374	9.0	0.0	1.0	1.0
4	7	376	15.71	0.461	9.0	0.0	1.0	1.0
4	7	370	15.323	0.475	9.0	0.0	1.0	1.0
4	7	364	15.194	0.402	9.0	0.0	1.0	1.0
4	7	358	15.032	0.18	9.0	0.0	1.0	1.0
4	7	352	15.0	0.0	9.0	0.0	1.0	1.0
4	7	346	14.871	0.341	9.0	0.0	1.0	1.0
4	7	340	14.581	0.502	9.032	0.18	1.0	1.0
4	7	334	14.129	0.341	9.0	0.0	1.0	1.0
4	7	328	14.065	0.25	9.032	0.18	1.0	1.0
4	7	322	14.0	0.0	9.0	0.0	1.0	1.0
4	7	316	13.871	0.341	9.0	0.0	1.0	1.0
4	7	310	13.548	0.506	9.032	0.18	1.0	1.0
4	7	304	13.065	0.25	9.032	0.18	1.0	1.0
4	7	298	13.032	0.315	9.065	0.25	1.0	1.0
4	7	292	12.968	0.18	9.194	0.402	1.0	1.0
4	7	286	12.806	0.402	9.129	0.341	1.0	1.0
4	7	280	12.355	0.486	9.484	0.508	1.0	1.0
4	7	274	12.0	0.0	9.613	0.495	1.0	1.0
4	7	268	11.968	0.18	9.774	0.425	1.0	1.0
4	7	262	11.806	0.402	9.935	0.25	1.0	1.0
4	7	256	11.645	0.486	9.871	0.341	1.0	1.0
4	7	250	11.032	0.18	10.0	0.0	1.0	1.0
4	7	244	10.968	0.18	9.968	0.18	1.0	1.0
4	7	238	10.871	0.341	10.0	0.0	1.0	1.0
4	7	232	10.258	0.445	10.0	0.0	1.0	1.0
4	7	226	10.032	0.18	10.0	0.0	1.0	1.0
4	7	220	10.0	0.0	10.0	0.0	1.0	1.0
4	7	214	9.774	0.425	10.0	0.0	1.0	1.0
4	7	208	9.226	0.425	10.0	0.0	1.0	1.0
4	7	202	9.0	0.0	10.0	0.0	1.0	1.0
4	7	196	8.968	0.18	10.0	0.0	1.0	1.0
4	7	190	8.677	0.475	10.0	0.0	1.0	1.0
4	7	184	8.161	0.374	10.032	0.18	1.0	1.0
4	7	178	8.0	0.0	10.226	0.425	1.0	1.0
4	7	172	7.968	0.18	10.516	0.508	1.0	1.0
4	7	166	7.419	0.502	10.839	0.374	1.0	1.0
4	7	160	7.032	0.18	10.968	0.18	1.0	1.0
4	7	154	7.0	0.0	11.0	0.0	1.0	1.0
4	7	148	6.742	0.445	11.0	0.0	1.0	1.0
4	7	142	6.129	0.341	11.0	0.0	1.0	1.0
4	7	136	6.0	0.0	11.129	0.341	1.0	1.0
4	7	130	6.0	0.0	11.806	0.402	1.0	1.0
4	7	124	5.161	0.374	11.968	0.18	1.0	1.0
4	7	118	5.0	0.0	12.032	0.18	1.0	1.0
4	7	112	5.0	0.0	12.387	0.495	1.0	1.0
4	7	106	4.581	0.502	12.935	0.25	1.0	1.0
4	7	100	4.032	0.18	13.129	0.428	1.0	1.0
4	7	77	3.0	0.0	16.226	0.56	1.0	1.0
4	7	74	2.968	0.18	16.742	0.514	1.0	1.0
4	7	71	2.839	0.374	17.516	0.57	1.0	1.0
4	7	68	1.968	0.836	18.548	0.81	1.0	1.0
4	7	65	1.161	0.374	19.677	0.832	1.0	1.0
4	7	62	1.032	0.18	21.645	1.33	1.0	1.0
4	7	59	0.935	0.25	23.862	1.06	0.935	0.935
4	7	56	0.367	0.49	26.917	3.343	0.355	0.387
4	7	53	0.0	0.0	nan	nan	0.0	0.0
4	7	50	0.0	0.0	nan	nan	0.0	0.0
4	7	47	0.0	0.0	nan	nan	0.0	0.0
4	7	44	0.0	0.0	nan	nan	0.0	0.0
5	7	454	21.032	0.18	9.0	0.0	1.0	1.0
5	7	448	21.032	0.18	9.0	0.0	1.0	1.0
5	7	442	20.613	0.495	9.0	0.0	1.0	1.0
5	7	436	20.226	0.425	9.0	0.0	1.0	1.0
5	7	430	20.065	0.25	9.0	0.0	1.0	1.0
5	7	424	20.097	0.301	9.0	0.0	1.0	1.0
5	7	418	19.871	0.341	9.0	0.0	1.0	1.0
5	7	412	19.839	0.374	9.0	0.0	1.0	1.0
5	7	406	19.387	0.495	9.0	0.0	1.0	1.0
5	7	400	19.097	0.301	9.0	0.0	1.0	1.0
5	7	394	18.935	0.25	9.0	0.0	1.0	1.0
5	7	388	18.903	0.301	9.0	0.0	1.0	1.0
5	7	382	18.742	0.445	9.0	0.0	1.0	1.0
5	7	376	18.258	0.445	9.0	0.0	1.0	1.0
5	7	370	18.0	0.258	9.0	0.0	1.0	1.0
5	7	364	18.032	0.18	9.0	0.0	1.0	1.0
5	7	358	17.839	0.374	9.0	0.0	1.0	1.0
5	7	352	17.613	0.495	9.0	0.0	1.0	1.0
5	7	346	17.032	0.18	9.0	0.0	1.0	1.0
5	7	340	16.968	0.18	9.0	0.0	1.0	1.0
5	7	334	16.839	0.374	9.0	0.0	1.0	1.0
5	7	328	16.194	0.402	9.0	0.0	1.0	1.0
5	7	322	16.065	0.359	9.0	0.0	1.0	1.0
5	7	316	16.0	0.0	9.0	0.0	1.0	1.0
5	7	310	16.0	0.0	9.0	0.0	1.0	1.0
5	7	304	15.323	0.475	9.0	0.0	1.0	1.0
5	7	298	15.0	0.0	9.0	0.0	1.0	1.0
5	7	292	14.935	0.25	9.0	0.0	1.0	1.0
5	7	286	14.419	0.502	9.0	0.0	1.0	1.0
5	7	280	14.097	0.301	9.0	0.0	1.0	1.0
5	7	274	14.0	0.0	9.0	0.0	1.0	1.0
5	7	268	13.871	0.341	9.0	0.0	1.0	1.0
5	7	262	13.355	0.486	9.0	0.0	1.0	1.0
5	7	256	13.129	0.341	9.0	0.0	1.0	1.0
5	7	250	12.839	0.374	9.0	0.0	1.0	1.0
5	7	244	12.484	0.508	9.161	0.374	1.0	1.0
5	7	238	12.032	0.18	9.226	0.425	1.0	1.0
5	7	232	12.0	0.0	9.548	0.506	1.0	1.0
5	7	226	11.839	0.374	9.71	0.461	1.0	1.0
5	7	220	11.129	0.341	9.968	0.18	1.0	1.0
5	7	214	10.968	0.18	10.0	0.0	1.0	1.0
5	7	208	10.613	0.495	10.0	0.0	1.0	1.0
5	7	202	10.065	0.25	10.0	0.0	1.0	1.0
5	7	196	9.968	0.18	10.0	0.0	1.0	1.0
5	7	190	9.903	0.301	10.0	0.0	1.0	1.0
5	7	184	9.226	0.425	10.0	0.0	1.0	1.0
5	7	178	9.0	0.258	10.0	0.0	1.0	1.0
5	7	172	8.903	0.301	10.0	0.0	1.0	1.0
5	7	166	8.065	0.25	10.0	0.0	1.0	1.0
5	7	160	8.0	0.0	10.29	0.461	1.0	1.0
5	7	154	7.645	0.486	10.613	0.495	1.0	1.0
5	7	148	7.065	0.25	10.935	0.25	1.0	1.0
5	7	142	6.968	0.18	11.0	0.0	1.0	1.0
5	7	136	6.645	0.486	11.0	0.0	1.0	1.0
5	7	130	6.0	0.0	11.032	0.18	1.0	1.0
5	7	124	5.968	0.18	11.29	0.461	1.0	1.0
5	7	118	5.516	0.508	11.935	0.25	1.0	1.0
5	7	112	5.0	0.0	12.0	0.0	1.0	1.0
5	7	106	5.0	0.0	12.516	0.508	1.0	1.0
5	7	100	4.452	0.506	13.065	0.25	1.0	1.0
5	7	77	3.0	0.0	15.742	0.575	1.0	1.0
5	7	74	2.903	0.301	16.387	0.615	1.0	1.0
5	7	71	2.742	0.445	17.226	0.717	1.0	1.0
5	7	68	1.968	0.706	18.097	0.746	1.0	1.0
5	7	65	1.226	0.425	19.323	1.013	1.0	1.0
5	7	62	1.0	0.258	21.433	1.654	0.968	0.968
5	7	59	0.793	0.412	23.36	1.997	0.742	0.806
5	7	56	0.067	0.254	26.333	1.528	0.065	0.097
5	7	53	0.0	0.0	nan	nan	0.0	0.0
5	7	50	0.0	0.0	nan	nan	0.0	0.0
5	7	47	0.0	0.0	nan	nan	0.0	0.0
5	7	44	0.0	0.0	nan	nan	0.0	0.0
6	7	454	19.0	0.0	9.935	0.25	1.0	1.0
6	7	448	19.0	0.0	9.935	0.25	1.0	1.0
6	7	442	18.871	0.341	9.935	0.25	1.0	1.0
6	7	436	18.645	0.486	9.968	0.18	1.0	1.0
6	7	430	18.226	0.425	9.968	0.18	1.0	1.0
6	7	424	18.129	0.341	9.935	0.25	1.0	1.0
6	7	418	18.0	0.0	9.935	0.25	1.0	1.0
6	7	412	18.0	0.0	9.968	0.18	1.0	1.0
6	7	406	17.935	0.25	10.0	0.0	1.0	1.0
6	7	400	17.71	0.461	10.0	0.0	1.0	1.0
6	7	394	17.419	0.502	10.0	0.0	1.0	1.0
6	7	388	17.097	0.301	10.0	0.0	1.0	1.0
6	7	382	17.0	0.0	10.0	0.0	1.0	1.0
6	7	376	16.968	0.18	10.0	0.0	1.0	1.0
6	7	370	16.806	0.402	10.0	0.0	1.0	1.0
6	7	364	16.484	0.508	10.0	0.0	1.0	1.0
6	7	358	16.129	0.428	10.0	0.0	1.0	1.0
6	7	352	16.0	0.0	10.0	0.0	1.0	1.0
6	7	346	15.968	0.18	10.0	0.0	1.0	1.0
6	7	340	15.839	0.374	10.0	0.0	1.0	1.0
6	7	334	15.355	0.486	10.0	0.0	1.0	1.0
6	7	328	15.065	0.25	10.0	0.0	1.0	1.0
6	7	322	15.0	0.0	10.0	0.0	1.0	1.0
6	7	316	14.903	0.301	10.0	0.0	1.0	1.0
6	7	310	14.774	0.425	10.0	0.0	1.0	1.0
6	7	304	14.258	0.445	10.0	0.0	1.0	1.0
6	7	298	14.032	0.18	10.0	0.0	1.0	1.0
6	7	292	13.968	0.18	10.0	0.0	1.0	1.0
6	7	286	13.903	0.301	10.0	0.0	1.0	1.0
6	7	280	13.419	0.502	10.0	0.0	1.0	1.0
6	7	274	13.0	0.0	10.0	0.0	1.0	1.0
6	7	268	13.0	0.0	10.0	0.0	1.0	1.0
6	7	262	12.742	0.445	10.0	0.0	1.0	1.0
6	7	256	12.323	0.475	10.0	0.0	1.0	1.0
6	7	250	12.065	0.25	10.0	0.0	1.0	1.0
6	7	244	12.0	0.0	10.0	0.0	1.0	1.0
6	7	238	11.742	0.445	10.0	0.0	1.0	1.0
6	7	232	11.29	0.461	10.0	0.0	1.0	1.0
6	7	226	11.0	0.0	10.097	0.301	1.0	1.0
6	7	220	10.935	0.25	10.194	0.402	1.0	1.0
6	7	214	10.548	0.506	10.452	0.506	1.0	1.0
6	7	208	10.032	0.18	10.742	0.445	1.0	1.0
6	7	202	9.968	0.18	10.935	0.25	1.0	1.0
6	7	196	9.839	0.374	10.968	0.18	1.0	1.0
6	7	190	9.065	0.25	11.0	0.0	1.0	1.0
6	7	184	9.0	0.0	11.0	0.0	1.0	1.0
6	7	178	8.871	0.341	11.0	0.0	1.0	1.0
6	7	172	8.194	0.402	11.0	0.0	1.0	1.0
6	7	166	8.032	0.18	11.032	0.18	1.0	1.0
6	7	160	8.0	0.0	11.097	0.301	1.0	1.0
6	7	154	7.613	0.495	11.516	0.508	1.0	1.0
6	7	148	7.065	0.25	11.935	0.25	1.0	1.0
6	7	142	7.0	0.0	11.968	0.18	1.0	1.0
6	7	136	6.774	0.425	12.0	0.0	1.0	1.0
6	7	130	6.129	0.341	12.129	0.341	1.0	1.0
6	7	124	6.0	0.0	12.774	0.425	1.0	1.0
6	7	118	5.871	0.341	13.0	0.0	1.0	1.0
6	7	112	5.065	0.25	13.065	0.25	1.0	1.0
6	7	106	5.0	0.0	13.839	0.374	1.0	1.0
6	7	100	4.968	0.18	14.097	0.396	1.0	1.0
6	7	77	3.161	0.638	17.613	0.615	1.0	1.0
6	7	74	2.452	0.506	18.419	0.502	1.0	1.0
6	7	71	2.097	0.301	19.645	0.915	1.0	1.0
6	7	68	2.0	0.0	21.452	1.207	1.0	1.0
6	7	65	2.0	0.0	23.129	1.586	1.0	1.0
6	7	62	1.677	0.475	25.452	1.567	1.0	1.0
6	7	59	0.885	0.516	30.731	3.329	0.677	0.839
6	7	56	0.097	0.301	30.0	3.0	0.097	0.097
6	7	53	0.0	0.0	nan	nan	0.0	0.0
6	7	50	0.0	0.0	nan	nan	0.0	0.0
6	7	47	0.0	0.0	nan	nan	0.0	0.0
6	7	44	0.0	0.0	nan	nan	0.0	0.0
7	7	454	18.161	0.374	9.0	0.0	1.0	1.0
7	7	448	18.065	0.25	9.0	0.0	1.0	1.0
7	7	442	18.032	0.18	9.0	0.0	1.0	1.0
7	7	436	18.0	0.0	9.0	0.0	1.0	1.0
7	7	430	17.903	0.301	9.0	0.0	1.0	1.0
7	7	424	17.742	0.445	9.0	0.0	1.0	1.0
7	7	418	17.29	0.461	9.0	0.0	1.0	1.0
7	7	412	17.032	0.18	9.0	0.0	1.0	1.0
7	7	406	17.032	0.18	9.0	0.0	1.0	1.0
7	7	400	17.0	0.0	9.0	0.0	1.0	1.0
7	7	394	16.839	0.374	9.0	0.0	1.0	1.0
7	7	388	16.581	0.502	9.0	0.0	1.0	1.0
7	7	382	16.323	0.475	9.0	0.0	1.0	1.0
7	7	376	16.065	0.25	9.0	0.0	1.0	1.0
7	7	370	16.032	0.18	9.0	0.0	1.0	1.0
7	7	364	15.968	0.18	9.0	0.0	1.0	1.0
7	7	358	15.677	0.475	9.0	0.0	1.0	1.0
7	7	352	15.258	0.445	9.0	0.0	1.0	1.0
7	7	346	15.129	0.341	9.0	0.0	1.0	1.0
7	7	340	15.032	0.18	9.0	0.0	1.0	1.0
7	7	334	15.0	0.0	9.0	0.0	1.0	1.0
7	7	328	14.774	0.425	9.0	0.0	1.0	1.0
7	7	322	14.355	0.486	9.0	0.0	1.0	1.0
7	7	316	14.065	0.25	9.0	0.0	1.0	1.0
7	7	310	14.0	0.0	9.0	0.0	1.0	1.0
7	7	304	13.968	0.18	9.0	0.0	1.0	1.0
7	7	298	13.581	0.502	9.032	0.18	1.0	1.0
7	7	292	13.258	0.445	9.0	0.0	1.0	1.0
7	7	286	12.968	0.18	9.032	0.18	1.0	1.0
7	7	280	13.0	0.0	9.065	0.25	1.0	1.0
7	7	274	12.677	0.475	9.032	0.18	1.0	1.0
7	7	268	12.097	0.301	9.065	0.25	1.0	1.0
7	7	262	12.0	0.0	9.032	0.18	1.0	1.0
7	7	256	11.903	0.301	9.29	0.461	1.0	1.0
7	7	250	11.677	0.475	9.645	0.486	1.0	1.0
7	7	244	11.226	0.425	9.581	0.502	1.0	1.0
7	7	238	11.065	0.25	9.935	0.25	1.0	1.0
7	7	232	10.935	0.25	9.935	0.25	1.0	1.0
7	7	226	10.71	0.461	10.0	0.0	1.0	1.0
7	7	220	10.097	0.301	10.0	0.0	1.0	1.0
7	7	214	10.0	0.0	10.0	0.0	1.0	1.0
7	7	208	9.871	0.341	10.0	0.0	1.0	1.0
7	7	202	9.387	0.495	10.0	0.0	1.0	1.0
7	7	196	9.032	0.18	10.0	0.0	1.0	1.0
7	7	190	9.0	0.0	10.0	0.0	1.0	1.0
7	7	184	8.742	0.445	10.0	0.0	1.0	1.0
7	7	178	8.161	0.374	10.0	0.0	1.0	1.0
7	7	172	8.0	0.0	10.097	0.301	1.0	1.0
7	7	166	7.968	0.18	10.323	0.475	1.0	1.0
7	7	160	7.355	0.486	10.806	0.402	1.0	1.0
7	7	154	7.0	0.0	10.968	0.18	1.0	1.0
7	7	148	7.0	0.0	11.0	0.0	1.0	1.0
7	7	142	6.484	0.508	11.0	0.0	1.0	1.0
7	7	136	6.065	0.25	11.0	0.0	1.0	1.0
7	7	130	6.0	0.0	11.645	0.486	1.0	1.0
7	7	124	5.774	0.425	11.968	0.18	1.0	1.0
7	7	118	5.097	0.301	12.0	0.0	1.0	1.0
7	7	112	4.968	0.18	12.355	0.486	1.0	1.0
7	7	106	4.806	0.402	13.032	0.18	1.0	1.0
7	7	100	4.194	0.402	13.387	0.495	1.0	1.0
7	7	77	3.0	0.0	16.452	0.568	1.0	1.0
7	7	74	2.903	0.301	17.323	0.702	1.0	1.0
7	7	71	2.581	0.502	18.129	0.619	1.0	1.0
7	7	68	1.71	0.693	19.516	1.061	1.0	1.0
7	7	65	1.258	0.445	20.774	1.203	1.0	1.0
7	7	62	1.0	0.0	22.968	1.683	1.0	1.0
7	7	59	0.9	0.305	25.607	2.726	0.871	0.903
7	7	56	0.194	0.402	28.333	2.16	0.194	0.194
7	7	53	0.0	0.0	nan	nan	0.0	0.0
7	7	50	0.0	0.0	nan	nan	0.0	0.0
7	7	47	0.0	0.0	nan	nan	0.0	0.0
7	7	44	0.0	0.0	nan	nan	0.0	0.0
8	7	454	19.29	0.461	9.0	0.0	1.0	1.0
8	7	448	19.161	0.374	9.0	0.0	1.0	1.0
8	7	442	19.0	0.0	9.0	0.0	1.0	1.0
8	7	436	19.0	0.0	9.0	0.0	1.0	1.0
8	7	430	18.903	0.301	9.0	0.0	1.0	1.0
8	7	424	18.677	0.475	9.0	0.0	1.0	1.0
8	7	418	18.355	0.486	9.0	0.0	1.0	1.0
8	7	412	18.161	0.374	9.0	0.0	1.0	1.0
8	7	406	18.032	0.18	9.0	0.0	1.0	1.0
8	7	400	17.968	0.18	9.0	0.0	1.0	1.0
8	7	394	17.968	0.18	9.0	0.0	1.0	1.0
8	7	388	17.645	0.486	9.0	0.0	1.0	1.0
8	7	382	17.258	0.445	9.0	0.0	1.0	1.0
8	7	376	17.065	0.25	9.0	0.0	1.0	1.0
8	7	370	17.0	0.0	9.0	0.0	1.0	1.0
8	7	364	16.839	0.374	9.0	0.0	1.0	1.0
8	7	358	16.452	0.506	9.0	0.0	1.0	1.0
8	7	352	16.29	0.461	9.0	0.0	1.0	1.0
8	7	346	16.0	0.0	9.0	0.0	1.0	1.0
8	7	340	16.0	0.0	9.0	0.0	1.0	1.0
8	7	334	15.903	0.301	9.0	0.0	1.0	1.0
8	7	328	15.645	0.486	9.0	0.0	1.0	1.0
8	7	322	15.161	0.374	9.0	0.0	1.0	1.0
8	7	316	15.032	0.18	9.0	0.0	1.0	1.0
8	7	310	14.839	0.374	9.0	0.0	1.0	1.0
8	7	304	14.71	0.461	9.0	0.0	1.0	1.0
8	7	298	14.258	0.445	9.0	0.0	1.0	1.0
8	7	292	14.065	0.25	9.0	0.0	1.0	1.0
8	7	286	13.968	0.18	9.0	0.0	1.0	1.0
8	7	280	13.71	0.461	9.0	0.0	1.0	1.0
8	7	274	13.29	0.461	9.0	0.0	1.0	1.0
8	7	268	13.0	0.0	9.0	0.0	1.0	1.0
8	7	262	13.0	0.0	9.032	0.18	1.0	1.0
8	7	256	12.548	0.506	9.032	0.18	1.0	1.0
8	7	250	12.194	0.402	9.0	0.0	1.0	1.0
8	7	244	12.0	0.0	9.129	0.341	1.0	1.0
8	7	238	11.903	0.301	9.129	0.341	1.0	1.0
8	7	232	11.387	0.495	9.194	0.402	1.0	1.0
8	7	226	11.032	0.18	9.677	0.475	1.0	1.0
8	7	220	11.0	0.0	9.677	0.475	1.0	1.0
8	7	214	10.839	0.374	9.903	0.301	1.0	1.0
8	7	208	10.355	0.486	9.968	0.18	1.0	1.0
8	7	202	10.032	0.18	10.0	0.0	1.0	1.0
8	7	196	9.968	0.18	10.0	0.0	1.0	1.0
8	7	190	9.484	0.508	10.0	0.0	1.0	1.0
8	7	184	9.0	0.0	10.0	0.0	1.0	1.0
8	7	178	8.968	0.18	10.0	0.0	1.0	1.0
8	7	172	8.516	0.508	10.032	0.18	1.0	1.0
8	7	166	8.065	0.25	10.032	0.18	1.0	1.0
8	7	160	8.0	0.0	10.097	0.301	1.0	1.0
8	7	154	7.742	0.445	10.613	0.495	1.0	1.0
8	7	148	7.032	0.18	10.871	0.341	1.0	1.0
8	7	142	7.0	0.0	10.968	0.18	1.0	1.0
8	7	136	6.871	0.341	11.0	0.0	1.0	1.0
8	7	130	6.194	0.402	11.032	0.18	1.0	1.0
8	7	124	6.0	0.258	11.387	0.495	1.0	1.0
8	7	118	5.968	0.18	11.903	0.301	1.0	1.0
8	7	112	5.161	0.374	12.0	0.0	1.0	1.0
8	7	106	5.0	0.0	12.419	0.502	1.0	1.0
8	7	100	4.839	0.374	12.968	0.18	1.0	1.0
8	7	77	3.097	0.301	15.452	0.624	1.0	1.0
8	7	74	3.0	0.0	16.355	0.486	1.0	1.0
8	7	71	2.968	0.18	17.097	0.79	1.0	1.0
8	7	68	2.774	0.425	17.968	0.657	1.0	1.0
8	7	65	2.0	0.577	19.581	1.432	1.0	1.0
8	7	62	1.387	0.495	21.774	1.978	1.0	1.0
8	7	59	1.065	0.25	23.968	1.538	1.0	1.0
8	7	56	0.821	0.39	28.077	3.643	0.742	0.839
8	7	53	0.129	0.341	31.75	1.258	0.129	0.129
8	7	50	0.0	0.0	nan	nan	0.0	0.0
8	7	47	0.0	0.0	nan	nan	0.0	0.0
8	7	44	0.0	0.0	nan	nan	0.0	0.0
9	7	454	20.839	0.374	9.0	0.0	1.0	1.0
9	7	448	20.839	0.374	9.0	0.0	1.0	1.0
9	7	442	20.452	0.506	9.0	0.0	1.0	1.0
9	7	436	20.258	0.445	9.0	0.0	1.0	1.0
9	7	430	20.0	0.0	9.0	0.0	1.0	1.0
9	7	424	20.0	0.0	9.0	0.0	1.0	1.0
9	7	418	19.968	0.18	9.0	0.0	1.0	1.0
9	7	412	19.613	0.495	9.0	0.0	1.0	1.0
9	7	406	19.226	0.425	9.0	0.0	1.0	1.0
9	7	400	19.0	0.0	9.0	0.0	1.0	1.0
9	7	394	19.0	0.0	9.0	0.0	1.0	1.0
9	7	388	18.903	0.301	9.0	0.0	1.0	1.0
9	7	382	18.581	0.502	9.0	0.0	1.0	1.0
9	7	376	18.194	0.402	9.0	0.0	1.0	1.0
9	7	370	18.032	0.18	9.0	0.0	1.0	1.0
9	7	364	17.968	0.18	9.0	0.0	1.0	1.0
9	7	358	17.677	0.475	9.0	0.0	1.0	1.0
9	7	352	17.29	0.461	9.0	0.0	1.0	1.0
9	7	346	17.032	0.18	9.0	0.0	1.0	1.0
9	7	340	17.032	0.18	9.0	0.0	1.0	1.0
9	7	334	16.935	0.25	9.0	0.0	1.0	1.0
9	7	328	16.387	0.495	9.0	0.0	1.0	1.0
9	7	322	16.161	0.374	9.0	0.0	1.0	1.0
9	7	316	16.0	0.0	9.0	0.0	1.0	1.0
9	7	310	15.871	0.341	9.0	0.0	1.0	1.0
9	7	304	15.452	0.506	9.0	0.0	1.0	1.0
9	7	298	15.226	0.425	9.0	0.0	1.0	1.0
9	7	292	15.0	0.0	9.0	0.0	1.0	1.0
9	7	286	14.581	0.502	9.0	0.0	1.0	1.0
9	7	280	14.387	0.495	9.0	0.0	1.0	1.0
9	7	274	14.032	0.18	9.0	0.0	1.0	1.0
9	7	268	14.0	0.0	9.0	0.0	1.0	1.0
9	7	262	13.516	0.508	9.0	0.0	1.0	1.0
9	7	256	13.161	0.374	9.0	0.0	1.0	1.0
9	7	250	13.0	0.0	9.0	0.0	1.0	1.0
9	7	244	12.774	0.425	9.065	0.25	1.0	1.0
9	7	238	12.258	0.445	9.065	0.25	1.0	1.0
9	7	232	12.065	0.25	9.323	0.475	1.0	1.0
9	7	226	11.903	0.301	9.452	0.506	1.0	1.0
9	7	220	11.516	0.508	9.613	0.495	1.0	1.0
9	7	214	11.129	0.341	9.871	0.341	1.0	1.0
9	7	208	10.903	0.301	9.935	0.25	1.0	1.0
9	7	202	10.452	0.506	10.0	0.0	1.0	1.0
9	7	196	10.032	0.18	10.0	0.0	1.0	1.0
9	7	190	9.968	0.18	10.0	0.0	1.0	1.0
9	7	184	9.452	0.506	10.0	0.0	1.0	1.0
9	7	178	9.032	0.18	10.0	0.0	1.0	1.0
9	7	172	8.935	0.25	10.0	0.0	1.0	1.0
9	7	166	8.419	0.502	10.0	0.0	1.0	1.0
9	7	160	8.032	0.18	10.129	0.341	1.0	1.0
9	7	154	8.0	0.0	10.452	0.506	1.0	1.0
9	7	148	7.452	0.506	10.839	0.374	1.0	1.0
9	7	142	7.0	0.0	11.0	0.0	1.0	1.0
9	7	136	6.871	0.341	10.968	0.18	1.0	1.0
9	7	130	6.419	0.502	11.0	0.0	1.0	1.0
9	7	124	6.0	0.0	11.387	0.495	1.0	1.0
9	7	118	5.968	0.18	11.935	0.25	1.0	1.0
9	7	112	5.355	0.486	12.032	0.18	1.0	1.0
9	7	106	5.0	0.0	12.355	0.486	1.0	1.0
9	7	100	4.903	0.301	12.968	0.18	1.0	1.0
9	7	77	3.161	0.374	16.065	0.442	1.0	1.0
9	7	74	3.0	0.0	16.645	0.661	1.0	1.0
9	7	71	2.774	0.425	17.484	0.769	1.0	1.0
9	7	68	2.161	0.638	18.516	0.926	1.0	1.0
9	7	65	1.581	0.502	20.129	1.056	1.0	1.0
9	7	62	1.161	0.374	22.742	1.413	1.0	1.0
9	7	59	0.897	0.31	26.643	3.54	0.839	0.903
9	7	56	0.129	0.341	29.5	3.697	0.129	0.129
9	7	53	0.0	0.0	nan	nan	0.0	0.0
9	7	50	0.0	0.0	nan	nan	0.0	0.0
9	7	47	0.0	0.0	nan	nan	0.0	0.0
9	7	44	0.0	0.0	nan	nan	0.0	0.0
10	7	454	15.968	0.18	9.0	0.0	1.0	1.0
10	7	448	15.968	0.18	9.0	0.0	1.0	1.0
10	7	442	15.774	0.425	9.0	0.0	1.0	1.0
10	7	436	15.258	0.445	9.0	0.0	1.0	1.0
10	7	430	15.065	0.25	9.0	0.0	1.0	1.0
10	7	424	15.0	0.0	9.0	0.0	1.0	1.0
10	7	418	15.0	0.0	9.0	0.0	1.0	1.0
10	7	412	15.0	0.0	9.0	0.0	1.0	1.0
10	7	406	14.871	0.341	9.0	0.0	1.0	1.0
10	7	400	14.548	0.506	9.0	0.0	1.0	1.0
10	7	394	14.258	0.445	9.0	0.0	1.0	1.0
10	7	388	14.0	0.0	9.0	0.0	1.0	1.0
10	7	382	14.0	0.0	9.0	0.0	1.0	1.0
10	7	376	13.935	0.25	9.0	0.0	1.0	1.0
10	7	370	13.903	0.301	9.0	0.0	1.0	1.0
10	7	364	13.516	0.508	9.0	0.0	1.0	1.0
10	7	358	13.194	0.402	9.0	0.0	1.0	1.0
10	7	352	13.032	0.18	9.0	0.0	1.0	1.0
10	7	346	13.0	0.0	9.0	0.0	1.0	1.0
10	7	340	12.968	0.18	9.0	0.0	1.0	1.0
10	7	334	12.742	0.445	9.032	0.18	1.0	1.0
10	7	328	12.548	0.506	9.032	0.18	1.0	1.0
10	7	322	12.065	0.25	9.032	0.18	1.0	1.0
10	7	316	12.032	0.18	9.065	0.25	1.0	1.0
10	7	310	12.0	0.0	9.0	0.0	1.0	1.0
10	7	304	11.903	0.301	9.194	0.402	1.0	1.0
10	7	298	11.613	0.495	9.355	0.486	1.0	1.0
10	7	292	11.161	0.374	9.516	0.508	1.0	1.0
10	7	286	11.0	0.0	9.613	0.495	1.0	1.0
10	7	280	11.0	0.0	9.677	0.475	1.0	1.0
10	7	274	10.774	0.425	9.903	0.301	1.0	1.0
10	7	268	10.484	0.508	9.839	0.374	1.0	1.0
10	7	262	10.032	0.18	9.935	0.25	1.0	1.0
10	7	256	10.0	0.0	10.0	0.0	1.0	1.0
10	7	250	9.968	0.18	9.968	0.18	1.0	1.0
10	7	244	9.645	0.486	10.0	0.0	1.0	1.0
10	7	238	9.226	0.425	10.0	0.0	1.0	1.0
10	7	232	9.0	0.0	10.0	0.0	1.0	1.0
10	7	226	8.968	0.18	10.0	0.0	1.0	1.0
10	7	220	8.806	0.402	10.0	0.0	1.0	1.0
10	7	214	8.258	0.445	10.0	0.0	1.0	1.0
10	7	208	8.032	0.18	10.0	0.0	1.0	1.0
10	7	202	8.0	0.0	10.0	0.0	1.0	1.0
10	7	196	7.968	0.18	10.0	0.0	1.0	1.0
10	7	190	7.323	0.475	10.0	0.0	1.0	1.0
10	7	184	7.032	0.18	10.0	0.0	1.0	1.0
10	7	178	7.0	0.0	10.097	0.301	1.0	1.0
10	7	172	6.839	0.374	10.516	0.508	1.0	1.0
10	7	166	6.355	0.486	10.806	0.402	1.0	1.0
10	7	160	6.0	0.0	10.968	0.18	1.0	1.0
10	7	154	6.0	0.0	11.0	0.0	1.0	1.0
10	7	148	5.871	0.341	11.0	0.0	1.0	1.0
10	7	142	5.355	0.486	11.0	0.0	1.0	1.0
10	7	136	5.0	0.0	11.258	0.445	1.0	1.0
10	7	130	5.0	0.0	11.645	0.486	1.0	1.0
10	7	124	4.935	0.25	11.968	0.18	1.0	1.0
10	7	118	4.194	0.402	12.032	0.18	1.0	1.0
10	7	112	4.0	0.0	12.484	0.508	1.0	1.0
10	7	106	4.0	0.0	12.968	0.18	1.0	1.0
10	7	100	3.839	0.374	13.226	0.425	1.0	1.0
10	7	77	2.452	0.506	16.355	0.486	1.0	1.0
10	7	74	2.258	0.445	16.742	0.514	1.0	1.0
10	7	71	1.742	0.514	17.774	0.845	1.0	1.0
10	7	68	1.29	0.461	18.774	0.669	1.0	1.0
10	7	65	1.065	0.25	20.065	1.153	1.0	1.0
10	7	62	1.0	0.0	22.0	1.713	0.968	1.0
10	7	59	0.429	0.504	24.867	1.598	0.387	0.484
10	7	56	0.0	0.0	27.0	0.0	0.0	0.032
10	7	53	0.0	0.0	nan	nan	0.0	0.0
10	7	50	0.0	0.0	nan	nan	0.0	0.0
10	7	47	0.0	0.0	nan	nan	0.0	0.0
10	7	44	0.0	0.0	nan	nan	0.0	0.0
11	7	454	15.0	0.0	9.0	0.0	1.0	1.0
11	7	448	15.0	0.0	9.0	0.0	1.0	1.0
11	7	442	14.903	0.301	9.0	0.0	1.0	1.0
11	7	436	14.71	0.461	9.0	0.0	1.0	1.0
11	7	430	14.484	0.508	9.0	0.0	1.0	1.0
11	7	424	14.194	0.402	9.0	0.0	1.0	1.0
11	7	418	14.065	0.25	9.0	0.0	1.0	1.0
11	7	412	14.0	0.0	9.0	0.0	1.0	1.0
11	7	406	14.0	0.0	9.0	0.0	1.0	1.0
11	7	400	13.968	0.18	9.0	0.0	1.0	1.0
11	7	394	13.871	0.341	9.0	0.0	1.0	1.0
11	7	388	13.581	0.502	9.0	0.0	1.0	1.0
11	7	382	13.258	0.445	9.0	0.0	1.0	1.0
11	7	376	13.065	0.25	9.0	0.0	1.0	1.0
11	7	370	13.032	0.18	9.0	0.0	1.0	1.0
11	7	364	13.0	0.0	9.0	0.0	1.0	1.0
11	7	358	13.0	0.0	9.0	0.0	1.0	1.0
11	7	352	12.806	0.402	9.0	0.0	1.0	1.0
11	7	346	12.484	0.508	9.0	0.0	1.0	1.0
11	7	340	12.194	0.402	9.0	0.0	1.0	1.0
11	7	334	12.032	0.18	9.0	0.0	1.0	1.0
11	7	328	12.0	0.0	9.0	0.0	1.0	1.0
11	7	322	12.0	0.0	9.0	0.0	1.0	1.0
11	7	316	11.871	0.341	9.0	0.0	1.0	1.0
11	7	310	11.613	0.495	9.0	0.0	1.0	1.0
11	7	304	11.129	0.341	9.032	0.18	1.0	1.0
11	7	298	11.032	0.18	9.0	0.0	1.0	1.0
11	7	292	11.0	0.0	9.032	0.18	1.0	1.0
11	7	286	10.903	0.301	9.161	0.374	1.0	1.0
11	7	280	10.613	0.495	9.097	0.301	1.0	1.0
11	7	274	10.161	0.374	9.323	0.475	1.0	1.0
11	7	268	10.032	0.18	9.484	0.508	1.0	1.0
11	7	262	10.0	0.0	9.613	0.495	1.0	1.0
11	7	256	10.0	0.0	9.806	0.402	1.0	1.0
11	7	250	9.71	0.461	9.935	0.25	1.0	1.0
11	7	244	9.129	0.341	10.0	0.0	1.0	1.0
11	7	238	9.0	0.0	9.968	0.18	1.0	1.0
11	7	232	9.0	0.0	10.0	0.0	1.0	1.0
11	7	226	8.968	0.18	10.0	0.0	1.0	1.0
11	7	220	8.581	0.502	10.0	0.0	1.0	1.0
11	7	214	8.097	0.301	10.0	0.0	1.0	1.0
11	7	208	8.0	0.0	10.0	0.0	1.0	1.0
11	7	202	7.935	0.25	10.0	0.0	1.0	1.0
11	7	196	7.903	0.301	10.0	0.0	1.0	1.0
11	7	190	7.323	0.475	10.0	0.0	1.0	1.0
11	7	184	7.0	0.0	10.0	0.0	1.0	1.0
11	7	178	6.968	0.18	10.032	0.18	1.0	1.0
11	7	172	6.871	0.341	10.387	0.495	1.0	1.0
11	7	166	6.323	0.475	10.613	0.495	1.0	1.0
11	7	160	6.0	0.0	10.968	0.18	1.0	1.0
11	7	154	6.0	0.0	11.0	0.0	1.0	1.0
11	7	148	5.968	0.18	11.0	0.0	1.0	1.0
11	7	142	5.419	0.502	11.0	0.0	1.0	1.0
11	7	136	5.032	0.18	11.129	0.341	1.0	1.0
11	7	130	5.0	0.0	11.645	0.486	1.0	1.0
11	7	124	5.0	0.0	11.935	0.25	1.0	1.0
11	7	118	4.419	0.502	12.0	0.0	1.0	1.0
11	7	112	4.0	0.0	12.419	0.502	1.0	1.0
11	7	106	4.0	0.0	12.871	0.341	1.0	1.0
11	7	100	4.0	0.0	13.258	0.445	1.0	1.0
11	7	77	2.968	0.18	16.452	0.506	1.0	1.0
11	7	74	2.839	0.374	17.0	0.577	1.0	1.0
11	7	71	2.065	0.892	18.0	1.125	1.0	1.0
11	7	68	1.29	0.461	19.097	1.399	1.0	1.0
11	7	65	1.0	0.0	21.097	2.006	1.0	1.0
11	7	62	0.968	0.18	23.4	2.061	0.968	0.968
11	7	59	0.677	0.475	25.095	1.841	0.677	0.677
11	7	56	0.0	0.0	nan	nan	0.0	0.0
11	7	53	0.0	0.0	nan	nan	0.0	0.0
11	7	50	0.0	0.0	nan	nan	0.0	0.0
11	7	47	0.0	0.0	nan	nan	0.0	0.0
11	7	44	0.0	0.0	nan	nan	0.0	0.0
12	7	454	19.0	0.0	9.0	0.0	1.0	1.0
12	7	448	18.968	0.18	9.0	0.0	1.0	1.0
12	7	442	18.839	0.374	9.0	0.0	1.0	1.0
12	7	436	18.613	0.495	9.0	0.0	1.0	1.0
12	7	430	18.323	0.475	9.0	0.0	1.0	1.0
12	7	424	18.258	0.445	9.032	0.18	1.0	1.0
12	7	418	18.0	0.0	9.0	0.0	1.0	1.0
12	7	412	18.0	0.0	9.032	0.18	1.0	1.0
12	7	406	17.935	0.25	9.032	0.18	1.0	1.0
12	7	400	17.677	0.475	9.097	0.301	1.0	1.0
12	7	394	17.355	0.486	9.161	0.374	1.0	1.0
12	7	388	17.129	0.341	9.161	0.374	1.0	1.0
12	7	382	17.032	0.18	9.161	0.374	1.0	1.0
12	7	376	16.968	0.18	9.129	0.341	1.0	1.0
12	7	370	16.871	0.341	9.29	0.461	1.0	1.0
12	7	364	16.613	0.495	9.452	0.506	1.0	1.0
12	7	358	16.194	0.402	9.581	0.502	1.0	1.0
12	7	352	16.065	0.25	9.677	0.475	1.0	1.0
12	7	346	15.968	0.18	9.677	0.475	1.0	1.0
12	7	340	15.903	0.301	9.806	0.402	1.0	1.0
12	7	334	15.548	0.506	9.935	0.25	1.0	1.0
12	7	328	15.0	0.0	9.903	0.301	1.0	1.0
12	7	322	15.0	0.0	9.968	0.18	1.0	1.0
12	7	316	14.935	0.25	10.0	0.0	1.0	1.0
12	7	310	14.806	0.402	10.0	0.0	1.0	1.0
12	7	304	14.452	0.506	10.0	0.0	1.0	1.0
12	7	298	14.097	0.301	10.0	0.0	1.0	1.0
12	7	292	14.0	0.0	10.0	0.0	1.0	1.0
12	7	286	13.903	0.301	10.0	0.0	1.0	1.0
12	7	280	13.258	0.445	10.0	0.0	1.0	1.0
12	7	274	13.065	0.25	10.0	0.0	1.0	1.0
12	7	268	13.0	0.0	10.0	0.0	1.0	1.0
12	7	262	12.839	0.374	10.0	0.0	1.0	1.0
12	7	256	12.258	0.445	10.0	0.0	1.0	1.0
12	7	250	12.032	0.18	10.0	0.0	1.0	1.0
12	7	244	11.968	0.18	10.0	0.0	1.0	1.0
12	7	238	11.71	0.461	10.0	0.0	1.0	1.0
12	7	232	11.258	0.445	10.0	0.0	1.0	1.0
12	7	226	11.0	0.0	10.0	0.0	1.0	1.0
12	7	220	11.0	0.0	10.0	0.0	1.0	1.0
12	7	214	10.581	0.502	10.0	0.0	1.0	1.0
12	7	208	10.065	0.25	10.097	0.301	1.0	1.0
12	7	202	10.0	0.0	10.161	0.374	1.0	1.0
12	7	196	9.806	0.402	10.323	0.475	1.0	1.0
12	7	190	9.161	0.374	10.774	0.425	1.0	1.0
12	7	184	9.0	0.0	11.0	0.0	1.0	1.0
12	7	178	8.968	0.18	10.968	0.18	1.0	1.0
12	7	172	8.355	0.486	11.0	0.0	1.0	1.0
12	7	166	8.0	0.0	11.0	0.0	1.0	1.0
12	7	160	8.0	0.0	11.0	0.0	1.0	1.0
12	7	154	7.677	0.475	11.032	0.18	1.0	1.0
12	7	148	7.032	0.18	11.323	0.475	1.0	1.0
12	7	142	7.0	0.0	11.839	0.374	1.0	1.0
12	7	136	6.774	0.425	12.0	0.0	1.0	1.0
12	7	130	6.065	0.25	12.0	0.0	1.0	1.0
12	7	124	6.0	0.0	12.258	0.445	1.0	1.0
12	7	118	5.742	0.445	12.839	0.374	1.0	1.0
12	7	112	5.065	0.25	13.0	0.0	1.0	1.0
12	7	106	5.0	0.0	13.484	0.508	1.0	1.0
12	7	100	4.903	0.301	13.935	0.25	1.0	1.0
12	7	77	3.065	0.574	17.613	0.615	1.0	1.0
12	7	74	2.226	0.425	18.645	0.798	1.0	1.0
12	7	71	2.0	0.0	19.935	0.854	1.0	1.0
12	7	68	2.0	0.0	21.323	1.326	1.0	1.0
12	7	65	1.903	0.301	23.968	1.426	1.0	1.0
12	7	62	1.4	0.498	26.806	2.372	0.968	1.0
12	7	59	0.808	0.567	30.583	3.67	0.613	0.774
12	7	56	0.032	0.18	34.0	0.0	0.032	0.032
12	7	53	0.0	0.0	nan	nan	0.0	0.0
12	7	50	0.0	0.0	nan	nan	0.0	0.0
12	7	47	0.0	0.0	nan	nan	0.0	0.0
12	7	44	0.0	0.0	nan	nan	0.0	0.0
13	7	454	19.903	0.396	8.613	0.495	1.0	1.0
13	7	448	19.774	0.425	8.613	0.495	1.0	1.0
13	7	442	19.516	0.508	8.742	0.445	1.0	1.0
13	7	436	19.226	0.425	8.71	0.461	1.0	1.0
13	7	430	19.065	0.25	8.935	0.25	1.0	1.0
13	7	424	18.968	0.18	8.871	0.341	1.0	1.0
13	7	418	18.806	0.402	8.935	0.25	1.0	1.0
13	7	412	18.484	0.508	8.871	0.341	1.0	1.0
13	7	406	18.129	0.341	8.903	0.301	1.0	1.0
13	7	400	18.065	0.25	8.935	0.25	1.0	1.0
13	7	394	18.0	0.0	9.0	0.0	1.0	1.0
13	7	388	17.806	0.402	8.935	0.25	1.0	1.0
13	7	382	17.516	0.508	8.968	0.18	1.0	1.0
13	7	376	17.032	0.18	9.0	0.0	1.0	1.0
13	7	370	17.065	0.25	9.0	0.0	1.0	1.0
13	7	364	16.935	0.25	9.0	0.0	1.0	1.0
13	7	358	16.742	0.445	9.0	0.0	1.0	1.0
13	7	352	16.355	0.486	9.0	0.0	1.0	1.0
13	7	346	16.129	0.341	9.0	0.0	1.0	1.0
13	7	340	16.0	0.0	9.0	0.0	1.0	1.0
13	7	334	15.871	0.341	9.0	0.0	1.0	1.0
13	7	328	15.516	0.508	9.0	0.0	1.0	1.0
13	7	322	15.097	0.301	9.0	0.0	1.0	1.0
13	7	316	15.0	0.0	9.0	0.0	1.0	1.0
13	7	310	14.871	0.341	9.0	0.0	1.0	1.0
13	7	304	14.323	0.475	9.0	0.0	1.0	1.0
13	7	298	14.097	0.301	9.0	0.0	1.0	1.0
13	7	292	14.0	0.0	9.0	0.0	1.0	1.0
13	7	286	13.839	0.374	9.0	0.0	1.0	1.0
13	7	280	13.419	0.502	9.0	0.0	1.0	1.0
13	7	274	13.032	0.18	9.0	0.0	1.0	1.0
13	7	268	13.0	0.0	9.0	0.0	1.0	1.0
13	7	262	12.581	0.502	9.0	0.0	1.0	1.0
13	7	256	12.226	0.425	9.0	0.0	1.0	1.0
13	7	250	12.0	0.0	9.0	0.0	1.0	1.0
13	7	244	11.774	0.425	9.0	0.0	1.0	1.0
13	7	238	11.419	0.502	9.0	0.0	1.0	1.0
13	7	232	11.065	0.25	9.0	0.0	1.0	1.0
13	7	226	10.968	0.18	9.0	0.0	1.0	1.0
13	7	220	10.613	0.495	9.032	0.18	1.0	1.0
13	7	214	10.129	0.341	9.29	0.461	1.0	1.0
13	7	208	10.0	0.0	9.419	0.502	1.0	1.0
13	7	202	9.774	0.425	9.742	0.445	1.0	1.0
13	7	196	9.226	0.425	9.871	0.341	1.0	1.0
13	7	190	9.0	0.0	10.0	0.0	1.0	1.0
13	7	184	8.839	0.374	10.0	0.0	1.0	1.0
13	7	178	8.355	0.486	10.0	0.0	1.0	1.0
13	7	172	8.032	0.18	10.0	0.0	1.0	1.0
13	7	166	7.968	0.18	10.0	0.0	1.0	1.0
13	7	160	7.419	0.502	10.065	0.25	1.0	1.0
13	7	154	7.032	0.18	10.161	0.374	1.0	1.0
13	7	148	7.0	0.0	10.484	0.508	1.0	1.0
13	7	142	6.387	0.495	10.806	0.402	1.0	1.0
13	7	136	6.032	0.18	10.968	0.18	1.0	1.0
13	7	130	5.903	0.301	11.0	0.0	1.0	1.0
13	7	124	5.387	0.495	11.161	0.374	1.0	1.0
13	7	118	5.0	0.0	11.645	0.486	1.0	1.0
13	7	112	4.968	0.18	12.0	0.365	1.0	1.0
13	7	106	4.323	0.475	12.355	0.486	1.0	1.0
13	7	100	4.032	0.18	12.839	0.374	1.0	1.0
13	7	77	3.0	0.0	15.871	0.562	1.0	1.0
13	7	74	2.645	0.486	16.194	0.477	1.0	1.0
13	7	71	2.161	0.523	17.161	0.583	1.0	1.0
13	7	68	1.613	0.667	18.194	1.078	1.0	1.0
13	7	65	1.032	0.18	20.226	1.82	1.0	1.0
13	7	62	0.933	0.254	21.931	1.731	0.903	0.935
13	7	59	0.704	0.465	24.261	1.356	0.613	0.742
13	7	56	0.032	0.18	25.0	0.0	0.032	0.032
13	7	53	0.0	0.0	nan	nan	0.0	0.0
13	7	50	0.0	0.0	nan	nan	0.0	0.0
13	7	47	0.0	0.0	nan	nan	0.0	0.0
13	7	44	0.0	0.0	nan	nan	0.0	0.0
14	7	454	17.935	0.25	9.839	0.374	1.0	1.0
14	7	448	17.742	0.445	9.839	0.374	1.0	1.0
14	7	442	17.452	0.506	9.742	0.445	1.0	1.0
14	7	436	17.097	0.301	9.935	0.25	1.0	1.0
14	7	430	17.065	0.25	9.935	0.25	1.0	1.0
14	7	424	17.032	0.18	9.935	0.25	1.0	1.0
14	7	418	16.968	0.18	9.968	0.18	1.0	1.0
14	7	412	16.903	0.301	9.903	0.301	1.0	1.0
14	7	406	16.677	0.475	9.968	0.18	1.0	1.0
14	7	400	16.355	0.486	9.968	0.18	1.0	1.0
14	7	394	16.032	0.18	10.0	0.0	1.0	1.0
14	7	388	16.0	0.0	10.0	0.0	1.0	1.0
14	7	382	16.0	0.0	10.0	0.0	1.0	1.0
14	7	376	15.871	0.341	10.0	0.0	1.0	1.0
14	7	370	15.548	0.506	10.0	0.0	1.0	1.0
14	7	364	15.258	0.445	10.0	0.0	1.0	1.0
14	7	358	15.0	0.0	10.0	0.0	1.0	1.0
14	7	352	15.0	0.0	10.0	0.0	1.0	1.0
14	7	346	14.935	0.25	10.0	0.0	1.0	1.0
14	7	340	14.581	0.502	10.0	0.0	1.0	1.0
14	7	334	14.29	0.461	10.0	0.0	1.0	1.0
14	7	328	14.0	0.0	10.0	0.0	1.0	1.0
14	7	322	13.968	0.18	10.0	0.0	1.0	1.0
14	7	316	13.935	0.25	10.0	0.0	1.0	1.0
14	7	310	13.677	0.475	10.0	0.0	1.0	1.0
14	7	304	13.226	0.425	10.0	0.0	1.0	1.0
14	7	298	13.032	0.18	10.0	0.0	1.0	1.0
14	7	292	13.0	0.0	10.0	0.0	1.0	1.0
14	7	286	12.935	0.25	10.0	0.0	1.0	1.0
14	7	280	12.516	0.508	10.0	0.0	1.0	1.0
14	7	274	12.032	0.18	10.0	0.0	1.0	1.0
14	7	268	12.0	0.0	10.0	0.0	1.0	1.0
14	7	262	12.0	0.0	10.0	0.0	1.0	1.0
14	7	256	11.677	0.475	10.0	0.0	1.0	1.0
14	7	250	11.065	0.25	10.0	0.0	1.0	1.0
14	7	244	11.0	0.0	10.0	0.0	1.0	1.0
14	7	238	11.0	0.0	10.0	0.0	1.0	1.0
14	7	232	10.742	0.445	10.0	0.0	1.0	1.0
14	7	226	10.161	0.374	10.0	0.0	1.0	1.0
14	7	220	10.0	0.0	10.032	0.18	1.0	1.0
14	7	214	10.0	0.0	10.065	0.25	1.0	1.0
14	7	208	9.419	0.502	10.323	0.475	1.0	1.0
14	7	202	9.097	0.301	10.355	0.486	1.0	1.0
14	7	196	9.0	0.0	10.71	0.461	1.0	1.0
14	7	190	8.968	0.18	10.935	0.25	1.0	1.0
14	7	184	8.323	0.475	11.0	0.0	1.0	1.0
14	7	178	8.065	0.25	11.0	0.0	1.0	1.0
14	7	172	8.0	0.0	11.0	0.0	1.0	1.0
14	7	166	7.71	0.461	11.0	0.0	1.0	1.0
14	7	160	7.065	0.25	11.0	0.0	1.0	1.0
14	7	154	7.0	0.0	11.129	0.341	1.0	1.0
14	7	148	6.968	0.18	11.484	0.508	1.0	1.0
14	7	142	6.323	0.475	11.871	0.341	1.0	1.0
14	7	136	6.0	0.0	12.0	0.0	1.0	1.0
14	7	130	5.968	0.18	12.032	0.18	1.0	1.0
14	7	124	5.645	0.486	12.323	0.475	1.0	1.0
14	7	118	5.032	0.18	12.839	0.374	1.0	1.0
14	7	112	5.0	0.0	13.0	0.0	1.0	1.0
14	7	106	4.839	0.374	13.226	0.425	1.0	1.0
14	7	100	4.258	0.445	14.0	0.258	1.0	1.0
14	7	77	3.0	0.0	16.968	0.547	1.0	1.0
14	7	74	2.677	0.475	17.742	0.773	1.0	1.0
14	7	71	2.323	0.475	18.581	0.72	1.0	1.0
14	7	68	2.032	0.18	19.935	1.153	1.0	1.0
14	7	65	1.903	0.301	21.806	1.046	1.0	1.0
14	7	62	1.3	0.466	24.548	2.606	0.968	1.0
14	7	59	0.963	0.338	29.276	4.985	0.806	0.935
14	7	56	0.08	0.277	34.25	3.284	0.065	0.258
14	7	53	0.0	0.0	nan	nan	0.0	0.0
14	7	50	0.0	0.0	nan	nan	0.0	0.0
14	7	47	0.0	0.0	nan	nan	0.0	0.0
14	7	44	0.0	0.0	nan	nan	0.0	0.0
15	7	454	19.129	0.341	10.0	0.0	1.0	1.0
15	7	448	19.194	0.402	10.0	0.0	1.0	1.0
15	7	442	19.0	0.0	10.0	0.0	1.0	1.0
15	7	436	18.935	0.25	10.0	0.0	1.0	1.0
15	7	430	18.903	0.301	10.0	0.0	1.0	1.0
15	7	424	18.355	0.486	10.0	0.0	1.0	1.0
15	7	418	18.419	0.502	10.0	0.0	1.0	1.0
15	7	412	18.032	0.18	10.0	0.0	1.0	1.0
15	7	406	17.968	0.18	10.0	0.0	1.0	1.0
15	7	400	18.0	0.0	10.0	0.0	1.0	1.0
15	7	394	17.742	0.445	10.0	0.0	1.0	1.0
15	7	388	17.484	0.508	10.0	0.0	1.0	1.0
15	7	382	17.129	0.341	10.0	0.0	1.0	1.0
15	7	376	17.065	0.25	10.032	0.18	1.0	1.0
15	7	370	16.935	0.25	10.0	0.0	1.0	1.0
15	7	364	16.806	0.402	10.0	0.0	1.0	1.0
15	7	358	16.226	0.425	10.0	0.0	1.0	1.0
15	7	352	16.161	0.374	10.0	0.0	1.0	1.0
15	7	346	16.0	0.0	10.0	0.0	1.0	1.0
15	7	340	15.968	0.18	10.0	0.0	1.0	1.0
15	7	334	15.677	0.475	10.0	0.0	1.0	1.0
15	7	328	15.226	0.425	10.0	0.0	1.0	1.0
15	7	322	15.032	0.18	10.0	0.0	1.0	1.0
15	7	316	15.0	0.0	10.0	0.0	1.0	1.0
15	7	310	14.742	0.445	10.0	0.0	1.0	1.0
15	7	304	14.29	0.461	10.0	0.0	1.0	1.0
15	7	298	14.032	0.18	10.0	0.0	1.0	1.0
15	7	292	14.0	0.0	10.0	0.0	1.0	1.0
15	7	286	13.839	0.374	10.0	0.0	1.0	1.0
15	7	280	13.355	0.486	10.032	0.18	1.0	1.0
15	7	274	13.0	0.0	10.065	0.25	1.0	1.0
15	7	268	12.935	0.25	10.097	0.301	1.0	1.0
15	7	262	12.871	0.341	10.258	0.445	1.0	1.0
15	7	256	12.161	0.374	10.29	0.461	1.0	1.0
15	7	250	12.032	0.18	10.258	0.445	1.0	1.0
15	7	244	11.935	0.25	10.613	0.495	1.0	1.0
15	7	238	11.387	0.495	10.548	0.506	1.0	1.0
15	7	232	11.097	0.301	10.581	0.502	1.0	1.0
15	7	226	10.968	0.18	10.871	0.341	1.0	1.0
15	7	220	10.613	0.495	11.0	0.0	1.0	1.0
15	7	214	10.226	0.425	11.0	0.0	1.0	1.0
15	7	208	10.0	0.0	11.0	0.0	1.0	1.0
15	7	202	9.935	0.25	11.0	0.0	1.0	1.0
15	7	196	9.323	0.475	11.0	0.0	1.0	1.0
15	7	190	9.0	0.0	11.0	0.0	1.0	1.0
15	7	184	9.0	0.0	11.0	0.0	1.0	1.0
15	7	178	8.452	0.506	11.097	0.301	1.0	1.0
15	7	172	8.065	0.25	11.194	0.402	1.0	1.0
15	7	166	7.935	0.25	11.452	0.506	1.0	1.0
15	7	160	7.484	0.508	11.645	0.486	1.0	1.0
15	7	154	7.097	0.301	11.935	0.25	1.0	1.0
15	7	148	7.0	0.0	12.0	0.258	1.0	1.0
15	7	142	6.484	0.508	12.032	0.18	1.0	1.0
15	7	136	6.065	0.25	12.161	0.374	1.0	1.0
15	7	130	6.0	0.0	12.613	0.495	1.0	1.0
15	7	124	5.839	0.374	12.903	0.301	1.0	1.0
15	7	118	5.097	0.301	13.065	0.25	1.0	1.0
15	7	112	4.968	0.18	13.355	0.486	1.0	1.0
15	7	106	4.71	0.461	13.71	0.461	1.0	1.0
15	7	100	4.065	0.25	14.194	0.402	1.0	1.0
15	7	77	3.0	0.0	17.161	0.454	1.0	1.0
15	7	74	2.806	0.477	17.548	0.568	1.0	1.0
15	7	71	1.806	0.749	18.613	0.667	1.0	1.0
15	7	68	1.226	0.425	19.968	0.948	1.0	1.0
15	7	65	1.065	0.25	21.194	1.4	1.0	1.0
15	7	62	1.0	0.0	23.29	1.296	1.0	1.0
15	7	59	0.548	0.506	25.588	1.873	0.548	0.548
15	7	56	0.0	0.0	nan	nan	0.0	0.0
15	7	53	0.0	0.0	nan	nan	0.0	0.0
15	7	50	0.0	0.0	nan	nan	0.0	0.0
15	7	47	0.0	0.0	nan	nan	0.0	0.0
15	7	44	0.0	0.0	nan	nan	0.0	0.0
16	7	454	24.032	0.315	9.839	0.374	1.0	1.0
16	7	448	23.935	0.359	9.871	0.341	1.0	1.0
16	7	442	23.613	0.495	9.935	0.25	1.0	1.0
16	7	436	23.645	0.486	9.935	0.25	1.0	1.0
16	7	430	23.226	0.425	9.903	0.301	1.0	1.0
16	7	424	23.032	0.18	9.968	0.18	1.0	1.0
16	7	418	22.871	0.341	9.968	0.18	1.0	1.0
16	7	412	22.645	0.486	9.968	0.18	1.0	1.0
16	7	406	22.323	0.475	10.0	0.0	1.0	1.0
16	7	400	22.097	0.301	9.968	0.18	1.0	1.0
16	7	394	22.032	0.18	10.0	0.0	1.0	1.0
16	7	388	21.677	0.475	9.968	0.18	1.0	1.0
16	7	382	21.677	0.475	9.968	0.18	1.0	1.0
16	7	376	21.194	0.402	10.0	0.0	1.0	1.0
16	7	370	21.0	0.258	10.0	0.0	1.0	1.0
16	7	364	20.774	0.425	10.0	0.0	1.0	1.0
16	7	358	20.484	0.508	10.0	0.0	1.0	1.0
16	7	352	20.097	0.301	10.0	0.0	1.0	1.0
16	7	346	19.774	0.425	10.0	0.0	1.0	1.0
16	7	340	19.71	0.461	10.0	0.0	1.0	1.0
16	7	334	19.29	0.461	10.0	0.0	1.0	1.0
16	7	328	19.032	0.407	10.0	0.0	1.0	1.0
16	7	322	18.935	0.25	10.0	0.0	1.0	1.0
16	7	316	18.581	0.502	10.0	0.0	1.0	1.0
16	7	310	18.065	0.25	10.0	0.0	1.0	1.0
16	7	304	17.935	0.25	10.0	0.0	1.0	1.0
16	7	298	17.645	0.486	10.0	0.0	1.0	1.0
16	7	292	17.258	0.445	10.0	0.0	1.0	1.0
16	7	286	16.968	0.315	10.0	0.0	1.0	1.0
16	7	280	16.806	0.402	10.0	0.0	1.0	1.0
16	7	274	16.194	0.402	10.0	0.0	1.0	1.0
16	7	268	15.903	0.301	10.0	0.0	1.0	1.0
16	7	262	15.452	0.506	10.0	0.0	1.0	1.0
16	7	256	15.032	0.18	10.0	0.0	1.0	1.0
16	7	250	14.935	0.25	10.0	0.0	1.0	1.0
16	7	244	14.645	0.486	10.0	0.0	1.0	1.0
16	7	238	14.194	0.402	10.0	0.0	1.0	1.0
16	7	232	13.968	0.18	10.032	0.18	1.0	1.0
16	7	226	13.452	0.506	10.129	0.341	1.0	1.0
16	7	220	12.968	0.18	10.129	0.341	1.0	1.0
16	7	214	12.742	0.445	10.419	0.502	1.0	1.0
16	7	208	12.29	0.461	10.452	0.506	1.0	1.0
16	7	202	12.0	0.365	10.806	0.402	1.0	1.0
16	7	196	11.774	0.425	10.968	0.18	1.0	1.0
16	7	190	11.161	0.374	11.0	0.0	1.0	1.0
16	7	184	11.0	0.0	11.0	0.0	1.0	1.0
16	7	178	10.194	0.402	11.0	0.0	1.0	1.0
16	7	172	10.032	0.18	11.0	0.0	1.0	1.0
16	7	166	9.806	0.402	11.032	0.18	1.0	1.0
16	7	160	9.226	0.425	11.065	0.25	1.0	1.0
16	7	154	9.0	0.0	11.452	0.506	1.0	1.0
16	7	148	8.355	0.486	11.935	0.25	1.0	1.0
16	7	142	8.032	0.18	12.0	0.0	1.0	1.0
16	7	136	7.903	0.301	12.0	0.0	1.0	1.0
16	7	130	7.161	0.374	12.226	0.425	1.0	1.0
16	7	124	6.871	0.341	12.71	0.461	1.0	1.0
16	7	118	6.323	0.475	12.968	0.18	1.0	1.0
16	7	112	6.032	0.18	13.129	0.341	1.0	1.0
16	7	106	5.581	0.502	13.839	0.374	1.0	1.0
16	7	100	5.129	0.341	14.258	0.445	1.0	1.0
16	7	77	3.452	0.723	17.774	0.717	1.0	1.0
16	7	74	2.516	0.57	18.484	0.769	1.0	1.0
16	7	71	2.129	0.341	19.774	0.845	1.0	1.0
16	7	68	2.0	0.258	21.0	1.265	1.0	1.0
16	7	65	1.871	0.341	22.677	1.194	1.0	1.0
16	7	62	1.516	0.57	24.6	2.191	0.968	0.968
16	7	59	0.9	0.607	28.833	3.807	0.742	0.774
16	7	56	0.032	0.18	25.0	0.0	0.032	0.032
16	7	53	0.0	0.0	nan	nan	0.0	0.0
16	7	50	0.0	0.0	nan	nan	0.0	0.0
16	7	47	0.0	0.0	nan	nan	0.0	0.0
16	7	44	0.0	0.0	nan	nan	0.0	0.0
17	7	454	16.935	0.25	9.0	0.0	1.0	1.0
17	7	448	16.968	0.18	9.0	0.0	1.0	1.0
17	7	442	16.774	0.425	9.0	0.0	1.0	1.0
17	7	436	16.581	0.502	9.0	0.0	1.0	1.0
17	7	430	16.129	0.341	9.0	0.0	1.0	1.0
17	7	424	16.032	0.18	9.0	0.0	1.0	1.0
17	7	418	16.0	0.0	9.0	0.0	1.0	1.0
17	7	412	16.0	0.0	9.0	0.0	1.0	1.0
17	7	406	15.935	0.25	9.0	0.0	1.0	1.0
17	7	400	15.581	0.502	9.0	0.0	1.0	1.0
17	7	394	15.452	0.506	9.0	0.0	1.0	1.0
17	7	388	15.097	0.301	9.0	0.0	1.0	1.0
17	7	382	15.0	0.0	9.0	0.0	1.0	1.0
17	7	376	15.0	0.0	9.0	0.0	1.0	1.0
17	7	370	14.968	0.18	9.0	0.0	1.0	1.0
17	7	364	14.839	0.374	9.0	0.0	1.0	1.0
17	7	358	14.419	0.502	9.0	0.0	1.0	1.0
17	7	352	14.065	0.25	9.0	0.0	1.0	1.0
17	7	346	14.0	0.0	9.0	0.0	1.0	1.0
17	7	340	14.0	0.0	9.0	0.0	1.0	1.0
17	7	334	13.968	0.18	9.0	0.0	1.0	1.0
17	7	328	13.613	0.495	9.0	0.0	1.0	1.0
17	7	322	13.097	0.301	9.0	0.0	1.0	1.0
17	7	316	13.0	0.0	9.0	0.0	1.0	1.0
17	7	310	13.0	0.0	9.0	0.0	1.0	1.0
17	7	304	12.968	0.18	9.0	0.0	1.0	1.0
17	7	298	12.516	0.508	9.0	0.0	1.0	1.0
17	7	292	12.065	0.25	9.065	0.25	1.0	1.0
17	7	286	12.0	0.0	9.129	0.341	1.0	1.0
17	7	280	12.0	0.0	9.29	0.461	1.0	1.0
17	7	274	11.839	0.374	9.516	0.508	1.0	1.0
17	7	268	11.71	0.461	9.581	0.502	1.0	1.0
17	7	262	11.129	0.341	9.774	0.425	1.0	1.0
17	7	256	11.0	0.0	9.903	0.301	1.0	1.0
17	7	250	10.968	0.18	9.968	0.18	1.0	1.0
17	7	244	10.806	0.402	9.935	0.25	1.0	1.0
17	7	238	10.097	0.301	10.0	0.0	1.0	1.0
17	7	232	10.0	0.0	10.0	0.0	1.0	1.0
17	7	226	10.0	0.0	10.0	0.0	1.0	1.0
17	7	220	9.903	0.301	10.0	0.0	1.0	1.0
17	7	214	9.258	0.445	10.0	0.0	1.0	1.0
17	7	208	9.0	0.0	10.0	0.0	1.0	1.0
17	7	202	9.0	0.0	10.0	0.0	1.0	1.0
17	7	196	8.806	0.402	10.0	0.0	1.0	1.0
17	7	190	8.258	0.445	10.0	0.0	1.0	1.0
17	7	184	8.0	0.0	10.0	0.0	1.0	1.0
17	7	178	8.0	0.0	10.032	0.18	1.0	1.0
17	7	172	7.871	0.341	10.097	0.301	1.0	1.0
17	7	166	7.097	0.301	10.548	0.506	1.0	1.0
17	7	160	7.0	0.0	10.839	0.374	1.0	1.0
17	7	154	7.0	0.0	11.0	0.0	1.0	1.0
17	7	148	6.581	0.502	11.0	0.0	1.0	1.0
17	7	142	6.0	0.0	11.0	0.0	1.0	1.0
17	7	136	6.0	0.0	11.0	0.0	1.0	1.0
17	7	130	5.935	0.25	11.516	0.508	1.0	1.0
17	7	124	5.226	0.425	11.935	0.25	1.0	1.0
17	7	118	5.0	0.0	12.0	0.0	1.0	1.0
17	7	112	5.0	0.0	12.29	0.461	1.0	1.0
17	7	106	4.677	0.475	12.968	0.18	1.0	1.0
17	7	100	4.0	0.0	13.194	0.402	1.0	1.0
17	7	77	3.0	0.0	16.226	0.617	1.0	1.0
17	7	74	3.0	0.0	16.871	0.499	1.0	1.0
17	7	71	2.677	0.475	18.0	0.683	1.0	1.0
17	7	68	2.097	0.396	19.097	0.746	1.0	1.0
17	7	65	1.903	0.301	20.581	1.361	1.0	1.0
17	7	62	1.226	0.425	23.903	1.578	1.0	1.0
17	7	59	0.862	0.351	27.963	3.535	0.806	0.871
17	7	56	0.138	0.351	31.667	4.082	0.129	0.194
17	7	53	0.0	0.0	nan	nan	0.0	0.0
17	7	50	0.0	0.0	nan	nan	0.0	0.0
17	7	47	0.0	0.0	nan	nan	0.0	0.0
17	7	44	0.0	0.0	nan	nan	0.0	0.0
18	7	454	16.0	0.0	9.0	0.0	1.0	1.0
18	7	448	16.032	0.18	9.0	0.0	1.0	1.0
18	7	442	15.968	0.18	9.0	0.0	1.0	1.0
18	7	436	15.871	0.341	9.0	0.0	1.0	1.0
18	7	430	15.548	0.506	9.0	0.0	1.0	1.0
18	7	424	15.194	0.402	9.0	0.0	1.0	1.0
18	7	418	15.032	0.18	9.0	0.0	1.0	1.0
18	7	412	15.0	0.0	9.0	0.0	1.0	1.0
18	7	406	15.0	0.0	9.0	0.0	1.0	1.0
18	7	400	14.903	0.301	9.0	0.0	1.0	1.0
18	7	394	14.71	0.461	9.0	0.0	1.0	1.0
18	7	388	14.323	0.475	9.0	0.0	1.0	1.0
18	7	382	14.0	0.0	9.0	0.0	1.0	1.0
18	7	376	14.0	0.0	9.0	0.0	1.0	1.0
18	7	370	14.0	0.0	9.0	0.0	1.0	1.0
18	7	364	13.839	0.374	9.0	0.0	1.0	1.0
18	7	358	13.548	0.506	9.0	0.0	1.0	1.0
18	7	352	13.129	0.341	9.0	0.0	1.0	1.0
18	7	346	13.0	0.0	9.0	0.0	1.0	1.0
18	7	340	13.0	0.0	9.0	0.0	1.0	1.0
18	7	334	13.0	0.0	9.0	0.0	1.0	1.0
18	7	328	12.839	0.374	9.0	0.0	1.0	1.0
18	7	322	12.548	0.506	9.0	0.0	1.0	1.0
18	7	316	12.065	0.25	9.0	0.0	1.0	1.0
18	7	310	12.0	0.0	9.0	0.0	1.0	1.0
18	7	304	11.968	0.18	9.0	0.0	1.0	1.0
18	7	298	11.903	0.301	9.0	0.0	1.0	1.0
18	7	292	11.419	0.502	9.0	0.0	1.0	1.0
18	7	286	11.032	0.18	9.0	0.0	1.0	1.0
18	7	280	11.0	0.0	9.0	0.0	1.0	1.0
18	7	274	11.0	0.0	9.0	0.0	1.0	1.0
18	7	268	10.452	0.506	9.0	0.0	1.0	1.0
18	7	262	10.323	0.475	9.032	0.18	1.0	1.0
18	7	256	10.0	0.0	9.065	0.25	1.0	1.0
18	7	250	10.0	0.0	9.097	0.301	1.0	1.0
18	7	244	9.968	0.18	9.323	0.475	1.0	1.0
18	7	238	9.29	0.461	9.355	0.486	1.0	1.0
18	7	232	9.0	0.0	9.613	0.495	1.0	1.0
18	7	226	9.0	0.0	9.839	0.374	1.0	1.0
18	7	220	8.903	0.301	10.0	0.0	1.0	1.0
18	7	214	8.452	0.506	9.968	0.18	1.0	1.0
18	7	208	8.0	0.0	10.0	0.0	1.0	1.0
18	7	202	8.0	0.0	10.0	0.0	1.0	1.0
18	7	196	7.968	0.18	10.0	0.0	1.0	1.0
18	7	190	7.613	0.495	10.0	0.0	1.0	1.0
18	7	184	7.032	0.18	10.0	0.0	1.0	1.0
18	7	178	7.0	0.0	10.0	0.0	1.0	1.0
18	7	172	7.0	0.0	10.0	0.0	1.0	1.0
18	7	166	6.355	0.486	10.0	0.0	1.0	1.0
18	7	160	6.065	0.25	10.161	0.374	1.0	1.0
18	7	154	6.0	0.0	10.419	0.502	1.0	1.0
18	7	148	5.935	0.25	10.968	0.18	1.0	1.0
18	7	142	5.613	0.495	11.0	0.0	1.0	1.0
18	7	136	5.032	0.18	11.0	0.0	1.0	1.0
18	7	130	5.0	0.0	11.032	0.18	1.0	1.0
18	7	124	5.0	0.0	11.258	0.445	1.0	1.0
18	7	118	4.323	0.475	11.935	0.25	1.0	1.0
18	7	112	4.0	0.0	12.0	0.0	1.0	1.0
18	7	106	4.0	0.0	12.194	0.402	1.0	1.0
18	7	100	3.935	0.25	12.903	0.301	1.0	1.0
18	7	77	2.71	0.461	15.581	0.62	1.0	1.0
18	7	74	2.323	0.475	16.065	0.512	1.0	1.0
18	7	71	2.097	0.301	16.774	0.717	1.0	1.0
18	7	68	1.903	0.301	17.581	0.564	1.0	1.0
18	7	65	1.419	0.502	18.645	0.985	1.0	1.0
18	7	62	1.097	0.301	20.097	1.446	1.0	1.0
18	7	59	0.929	0.262	22.897	2.11	0.839	0.935
18	7	56	0.241	0.435	23.889	2.472	0.226	0.29
18	7	53	0.0	0.0	nan	nan	0.0	0.0
18	7	50	0.0	0.0	nan	nan	0.0	0.0
18	7	47	0.0	0.0	nan	nan	0.0	0.0
18	7	44	0.0	0.0	nan	nan	0.0	0.0
19	7	454	17.0	0.0	9.0	0.0	1.0	1.0
19	7	448	17.0	0.0	9.0	0.0	1.0	1.0
19	7	442	16.839	0.374	9.0	0.0	1.0	1.0
19	7	436	16.613	0.495	9.0	0.0	1.0	1.0
19	7	430	16.29	0.461	9.0	0.0	1.0	1.0
19	7	424	16.129	0.341	9.0	0.0	1.0	1.0
19	7	418	16.032	0.18	9.0	0.0	1.0	1.0
19	7	412	15.968	0.18	9.0	0.0	1.0	1.0
19	7	406	16.0	0.0	9.0	0.0	1.0	1.0
19	7	400	15.871	0.341	9.0	0.0	1.0	1.0
19	7	394	15.71	0.461	9.0	0.0	1.0	1.0
19	7	388	15.226	0.425	9.0	0.0	1.0	1.0
19	7	382	15.065	0.25	9.0	0.0	1.0	1.0
19	7	376	15.0	0.0	9.032	0.18	1.0	1.0
19	7	370	15.0	0.0	9.032	0.18	1.0	1.0
19	7	364	14.903	0.301	9.0	0.0	1.0	1.0
19	7	358	14.71	0.461	9.097	0.301	1.0	1.0
19	7	352	14.194	0.402	9.032	0.18	1.0	1.0
19	7	346	14.0	0.0	9.129	0.341	1.0	1.0
19	7	340	14.0	0.0	9.032	0.18	1.0	1.0
19	7	334	13.935	0.25	9.161	0.374	1.0	1.0
19	7	328	13.677	0.475	9.323	0.475	1.0	1.0
19	7	322	13.323	0.475	9.419	0.502	1.0	1.0
19	7	316	13.0	0.0	9.516	0.508	1.0	1.0
19	7	310	13.0	0.0	9.677	0.475	1.0	1.0
19	7	304	12.839	0.374	9.806	0.402	1.0	1.0
19	7	298	12.645	0.486	9.839	0.374	1.0	1.0
19	7	292	12.226	0.425	9.968	0.18	1.0	1.0
19	7	286	12.032	0.18	10.0	0.0	1.0	1.0
19	7	280	12.0	0.0	10.0	0.0	1.0	1.0
19	7	274	11.774	0.425	10.0	0.0	1.0	1.0
19	7	268	11.419	0.502	10.0	0.0	1.0	1.0
19	7	262	11.0	0.0	10.0	0.0	1.0	1.0
19	7	256	11.0	0.0	10.0	0.0	1.0	1.0
19	7	250	10.903	0.301	10.0	0.0	1.0	1.0
19	7	244	10.677	0.475	10.0	0.0	1.0	1.0
19	7	238	10.065	0.25	10.0	0.0	1.0	1.0
19	7	232	10.0	0.0	10.0	0.0	1.0	1.0
19	7	226	9.935	0.25	10.0	0.0	1.0	1.0
19	7	220	9.548	0.506	10.0	0.0	1.0	1.0
19	7	214	9.097	0.301	10.0	0.0	1.0	1.0
19	7	208	9.0	0.0	10.0	0.0	1.0	1.0
19	7	202	8.903	0.301	10.0	0.0	1.0	1.0
19	7	196	8.452	0.506	10.0	0.0	1.0	1.0
19	7	190	8.065	0.25	10.0	0.0	1.0	1.0
19	7	184	8.0	0.0	10.323	0.475	1.0	1.0
19	7	178	7.935	0.25	10.484	0.508	1.0	1.0
19	7	172	7.258	0.445	10.903	0.301	1.0	1.0
19	7	166	7.0	0.0	10.968	0.18	1.0	1.0
19	7	160	7.0	0.0	11.0	0.0	1.0	1.0
19	7	154	6.774	0.425	11.0	0.0	1.0	1.0
19	7	148	6.258	0.445	11.0	0.0	1.0	1.0
19	7	142	6.032	0.18	11.032	0.18	1.0	1.0
19	7	136	5.871	0.341	11.613	0.495	1.0	1.0
19	7	130	5.258	0.445	12.0	0.0	1.0	1.0
19	7	124	5.032	0.18	12.0	0.0	1.0	1.0
19	7	118	4.968	0.18	12.226	0.425	1.0	1.0
19	7	112	4.645	0.486	12.774	0.425	1.0	1.0
19	7	106	4.194	0.402	13.0	0.0	1.0	1.0
19	7	100	4.0	0.0	13.355	0.486	1.0	1.0
19	7	77	2.871	0.341	16.581	0.62	1.0	1.0
19	7	74	2.871	0.428	17.129	0.499	1.0	1.0
19	7	71	2.065	0.629	18.097	1.076	1.0	1.0
19	7	68	1.613	0.715	19.032	0.983	1.0	1.0
19	7	65	1.0	0.0	21.0	1.238	1.0	1.0
19	7	62	1.0	0.0	22.935	1.436	1.0	1.0
19	7	59	0.857	0.356	25.111	2.082	0.774	0.871
19	7	56	0.194	0.402	26.167	1.329	0.194	0.194
19	7	53	0.0	0.0	nan	nan	0.0	0.0
19	7	50	0.0	0.0	nan	nan	0.0	0.0
19	7	47	0.0	0.0	nan	nan	0.0	0.0
19	7	44	0.0	0.0	nan	nan	0.0	0.0
20	7	454	18.0	0.0	9.0	0.0	1.0	1.0
20	7	448	18.032	0.18	9.0	0.0	1.0	1.0
20	7	442	17.839	0.374	9.0	0.0	1.0	1.0
20	7	436	17.742	0.445	9.0	0.0	1.0	1.0
20	7	430	17.355	0.486	9.0	0.0	1.0	1.0
20	7	424	17.129	0.341	9.0	0.0	1.0	1.0
20	7	418	17.097	0.301	9.0	0.0	1.0	1.0
20	7	412	17.065	0.25	9.0	0.0	1.0	1.0
20	7	406	16.935	0.25	9.0	0.0	1.0	1.0
20	7	400	16.742	0.445	9.0	0.0	1.0	1.0
20	7	394	16.355	0.486	9.0	0.0	1.0	1.0
20	7	388	16.097	0.301	9.0	0.0	1.0	1.0
20	7	382	16.0	0.0	9.0	0.0	1.0	1.0
20	7	376	16.0	0.0	9.0	0.0	1.0	1.0
20	7	370	15.839	0.374	9.0	0.0	1.0	1.0
20	7	364	15.645	0.486	9.0	0.0	1.0	1.0
20	7	358	15.226	0.425	9.0	0.0	1.0	1.0
20	7	352	15.0	0.0	9.0	0.0	1.0	1.0
20	7	346	15.0	0.0	9.0	0.0	1.0	1.0
20	7	340	14.968	0.18	9.0	0.0	1.0	1.0
20	7	334	14.581	0.502	9.0	0.0	1.0	1.0
20	7	328	14.194	0.402	9.0	0.0	1.0	1.0
20	7	322	14.032	0.18	9.0	0.0	1.0	1.0
20	7	316	14.0	0.0	9.0	0.0	1.0	1.0
20	7	310	13.935	0.25	9.032	0.18	1.0	1.0
20	7	304	13.452	0.506	9.0	0.0	1.0	1.0
20	7	298	13.129	0.341	9.0	0.0	1.0	1.0
20	7	292	13.0	0.0	9.032	0.18	1.0	1.0
20	7	286	12.871	0.341	9.097	0.301	1.0	1.0
20	7	280	12.806	0.402	9.032	0.18	1.0	1.0
20	7	274	12.032	0.18	9.161	0.374	1.0	1.0
20	7	268	12.032	0.18	9.29	0.461	1.0	1.0
20	7	262	11.935	0.25	9.323	0.475	1.0	1.0
20	7	256	11.677	0.475	9.774	0.425	1.0	1.0
20	7	250	11.161	0.374	9.935	0.25	1.0	1.0
20	7	244	11.032	0.18	9.935	0.25	1.0	1.0
20	7	238	11.0	0.0	9.903	0.301	1.0	1.0
20	7	232	10.613	0.495	10.0	0.0	1.0	1.0
20	7	226	10.065	0.25	10.0	0.0	1.0	1.0
20	7	220	10.0	0.0	10.0	0.0	1.0	1.0
20	7	214	9.903	0.301	10.0	0.0	1.0	1.0
20	7	208	9.387	0.495	10.0	0.0	1.0	1.0
20	7	202	9.065	0.25	10.0	0.0	1.0	1.0
20	7	196	9.0	0.0	10.0	0.0	1.0	1.0
20	7	190	8.71	0.461	10.0	0.0	1.0	1.0
20	7	184	8.032	0.18	10.0	0.0	1.0	1.0
20	7	178	8.0	0.0	10.0	0.0	1.0	1.0
20	7	172	7.871	0.341	10.032	0.18	1.0	1.0
20	7	166	7.323	0.475	10.484	0.508	1.0	1.0
20	7	160	7.032	0.18	10.806	0.402	1.0	1.0
20	7	154	7.0	0.0	10.935	0.25	1.0	1.0
20	7	148	6.613	0.495	11.0	0.0	1.0	1.0
20	7	142	6.0	0.0	11.0	0.0	1.0	1.0
20	7	136	6.0	0.0	11.032	0.18	1.0	1.0
20	7	130	5.806	0.402	11.323	0.475	1.0	1.0
20	7	124	5.161	0.374	11.935	0.25	1.0	1.0
20	7	118	5.0	0.0	12.0	0.0	1.0	1.0
20	7	112	4.935	0.25	12.226	0.425	1.0	1.0
20	7	106	4.355	0.486	12.742	0.445	1.0	1.0
20	7	100	4.0	0.0	13.0	0.0	1.0	1.0
20	7	77	3.0	0.0	16.161	0.523	1.0	1.0
20	7	74	2.742	0.445	16.677	0.599	1.0	1.0
20	7	71	2.161	0.638	17.548	0.723	1.0	1.0
20	7	68	1.548	0.568	18.226	0.884	1.0	1.0
20	7	65	1.032	0.18	20.226	1.564	1.0	1.0
20	7	62	1.0	0.0	21.968	1.76	1.0	1.0
20	7	59	0.767	0.43	24.458	1.668	0.742	0.774
20	7	56	0.032	0.18	24.0	0.0	0.032	0.032
20	7	53	0.0	0.0	nan	nan	0.0	0.0
20	7	50	0.0	0.0	nan	nan	0.0	0.0
20	7	47	0.0	0.0	nan	nan	0.0	0.0
20	7	44	0.0	0.0	nan	nan	0.0	0.0
21	7	454	16.097	0.301	9.0	0.0	1.0	1.0
21	7	448	16.032	0.18	9.0	0.0	1.0	1.0
21	7	442	16.0	0.0	9.0	0.0	1.0	1.0
21	7	436	16.0	0.0	9.0	0.0	1.0	1.0
21	7	430	15.903	0.301	9.0	0.0	1.0	1.0
21	7	424	15.581	0.502	9.0	0.0	1.0	1.0
21	7	418	15.226	0.425	9.0	0.0	1.0	1.0
21	7	412	15.065	0.25	9.0	0.0	1.0	1.0
21	7	406	15.0	0.0	9.0	0.0	1.0	1.0
21	7	400	15.0	0.0	9.0	0.0	1.0	1.0
21	7	394	14.871	0.341	9.0	0.0	1.0	1.0
21	7	388	14.613	0.495	9.0	0.0	1.0	1.0
21	7	382	14.097	0.301	9.0	0.0	1.0	1.0
21	7	376	14.097	0.301	9.0	0.0	1.0	1.0
21	7	370	14.032	0.18	9.0	0.0	1.0	1.0
21	7	364	14.0	0.0	9.0	0.0	1.0	1.0
21	7	358	13.935	0.25	9.0	0.0	1.0	1.0
21	7	352	13.452	0.506	9.0	0.0	1.0	1.0
21	7	346	13.129	0.341	9.0	0.0	1.0	1.0
21	7	340	13.032	0.18	9.0	0.0	1.0	1.0
21	7	334	13.0	0.0	9.0	0.0	1.0	1.0
21	7	328	12.903	0.301	9.0	0.0	1.0	1.0
21	7	322	12.516	0.508	9.0	0.0	1.0	1.0
21	7	316	12.097	0.301	9.0	0.0	1.0	1.0
21	7	310	12.097	0.301	9.0	0.0	1.0	1.0
21	7	304	12.0	0.0	9.0	0.0	1.0	1.0
21	7	298	11.806	0.402	9.0	0.0	1.0	1.0
21	7	292	11.484	0.508	9.0	0.0	1.0	1.0
21	7	286	11.097	0.301	9.0	0.0	1.0	1.0
21	7	280	11.0	0.0	9.0	0.0	1.0	1.0
21	7	274	11.0	0.0	9.0	0.0	1.0	1.0
21	7	268	10.645	0.486	9.0	0.0	1.0	1.0
21	7	262	10.194	0.402	9.0	0.0	1.0	1.0
21	7	256	10.032	0.18	9.0	0.0	1.0	1.0
21	7	250	10.0	0.0	9.0	0.0	1.0	1.0
21	7	244	9.903	0.301	9.129	0.341	1.0	1.0
21	7	238	9.452	0.506	9.161	0.374	1.0	1.0
21	7	232	9.032	0.18	9.323	0.475	1.0	1.0
21	7	226	9.0	0.0	9.516	0.508	1.0	1.0
21	7	220	8.903	0.301	9.71	0.461	1.0	1.0
21	7	214	8.452	0.506	9.806	0.402	1.0	1.0
21	7	208	8.032	0.18	9.968	0.18	1.0	1.0
21	7	202	8.0	0.0	10.0	0.0	1.0	1.0
21	7	196	8.0	0.0	10.0	0.0	1.0	1.0
21	7	190	7.581	0.502	10.0	0.0	1.0	1.0
21	7	184	7.0	0.0	10.0	0.0	1.0	1.0
21	7	178	7.0	0.0	10.0	0.0	1.0	1.0
21	7	172	6.935	0.25	10.0	0.0	1.0	1.0
21	7	166	6.548	0.506	10.0	0.0	1.0	1.0
21	7	160	6.032	0.18	10.065	0.25	1.0	1.0
21	7	154	6.0	0.0	10.323	0.475	1.0	1.0
21	7	148	5.935	0.25	10.839	0.374	1.0	1.0
21	7	142	5.323	0.475	10.935	0.25	1.0	1.0
21	7	136	5.0	0.0	11.0	0.0	1.0	1.0
21	7	130	4.968	0.18	11.032	0.18	1.0	1.0
21	7	124	4.871	0.341	11.323	0.475	1.0	1.0
21	7	118	4.065	0.25	11.839	0.374	1.0	1.0
21	7	112	4.0	0.0	12.032	0.18	1.0	1.0
21	7	106	4.0	0.0	12.323	0.475	1.0	1.0
21	7	100	3.581	0.502	12.839	0.374	1.0	1.0
21	7	77	2.355	0.486	15.677	0.541	1.0	1.0
21	7	74	2.194	0.402	16.29	0.588	1.0	1.0
21	7	71	2.0	0.0	16.839	0.583	1.0	1.0
21	7	68	1.613	0.495	18.0	0.816	1.0	1.0
21	7	65	1.161	0.374	19.194	0.873	1.0	1.0
21	7	62	0.966	0.186	22.033	1.771	0.903	0.968
21	7	59	0.577	0.504	24.55	1.605	0.484	0.645
21	7	56	0.0	0.0	nan	nan	0.0	0.0
21	7	53	0.0	0.0	nan	nan	0.0	0.0
21	7	50	0.0	0.0	nan	nan	0.0	0.0
21	7	47	0.0	0.0	nan	nan	0.0	0.0
21	7	44	0.0	0.0	nan	nan	0.0	0.0
22	7	454	21.935	0.25	9.0	0.0	1.0	1.0
22	7	448	21.774	0.425	9.0	0.0	1.0	1.0
22	7	442	21.484	0.508	9.0	0.0	1.0	1.0
22	7	436	21.258	0.445	9.0	0.0	1.0	1.0
22	7	430	21.161	0.374	9.0	0.0	1.0	1.0
22	7	424	21.0	0.0	9.0	0.0	1.0	1.0
22	7	418	20.968	0.18	9.0	0.0	1.0	1.0
22	7	412	20.645	0.486	9.0	0.0	1.0	1.0
22	7	406	20.355	0.486	9.0	0.0	1.0	1.0
22	7	400	20.065	0.25	9.0	0.0	1.0	1.0
22	7	394	20.0	0.0	9.0	0.0	1.0	1.0
22	7	388	19.903	0.301	9.0	0.0	1.0	1.0
22	7	382	19.581	0.502	9.0	0.0	1.0	1.0
22	7	376	19.226	0.425	9.0	0.0	1.0	1.0
22	7	370	19.0	0.0	9.0	0.0	1.0	1.0
22	7	364	18.935	0.25	9.0	0.0	1.0	1.0
22	7	358	18.452	0.506	9.0	0.0	1.0	1.0
22	7	352	18.323	0.475	9.0	0.0	1.0	1.0
22	7	346	18.065	0.25	9.0	0.0	1.0	1.0
22	7	340	17.968	0.18	9.0	0.0	1.0	1.0
22	7	334	17.806	0.402	9.0	0.0	1.0	1.0
22	7	328	17.161	0.374	9.0	0.0	1.0	1.0
22	7	322	17.0	0.0	9.0	0.0	1.0	1.0
22	7	316	16.968	0.18	9.0	0.0	1.0	1.0
22	7	310	16.645	0.486	9.0	0.0	1.0	1.0
22	7	304	16.226	0.425	9.0	0.0	1.0	1.0
22	7	298	16.0	0.0	9.0	0.0	1.0	1.0
22	7	292	16.0	0.0	9.032	0.18	1.0	1.0
22	7	286	15.581	0.502	9.032	0.18	1.0	1.0
22	7	280	15.065	0.25	9.258	0.445	1.0	1.0
22	7	274	15.0	0.0	9.258	0.445	1.0	1.0
22	7	268	14.677	0.475	9.387	0.495	1.0	1.0
22	7	262	14.065	0.25	9.516	0.508	1.0	1.0
22	7	256	14.032	0.18	9.839	0.374	1.0	1.0
22	7	250	13.968	0.18	9.774	0.425	1.0	1.0
22	7	244	13.419	0.502	10.0	0.0	1.0	1.0
22	7	238	13.065	0.25	9.968	0.18	1.0	1.0
22	7	232	12.935	0.25	10.0	0.0	1.0	1.0
22	7	226	12.613	0.495	10.0	0.0	1.0	1.0
22	7	220	12.032	0.18	10.0	0.0	1.0	1.0
22	7	214	11.968	0.18	10.0	0.0	1.0	1.0
22	7	208	11.613	0.495	10.0	0.0	1.0	1.0
22	7	202	11.0	0.0	10.0	0.0	1.0	1.0
22	7	196	10.968	0.18	10.032	0.18	1.0	1.0
22	7	190	10.452	0.506	10.0	0.0	1.0	1.0
22	7	184	10.0	0.0	10.032	0.18	1.0	1.0
22	7	178	10.0	0.0	10.129	0.341	1.0	1.0
22	7	172	9.387	0.495	10.516	0.508	1.0	1.0
22	7	166	9.032	0.18	10.903	0.301	1.0	1.0
22	7	160	8.968	0.18	10.935	0.25	1.0	1.0
22	7	154	8.452	0.506	11.0	0.0	1.0	1.0
22	7	148	8.032	0.18	11.0	0.0	1.0	1.0
22	7	142	7.839	0.374	11.097	0.301	1.0	1.0
22	7	136	7.226	0.425	11.581	0.502	1.0	1.0
22	7	130	7.0	0.0	11.871	0.341	1.0	1.0
22	7	124	6.71	0.461	12.0	0.0	1.0	1.0
22	7	118	6.097	0.301	12.226	0.425	1.0	1.0
22	7	112	6.0	0.0	12.774	0.425	1.0	1.0
22	7	106	5.548	0.506	13.032	0.18	1.0	1.0
22	7	100	5.0	0.0	13.677	0.475	1.0	1.0
22	7	77	3.806	0.477	17.129	0.562	1.0	1.0
22	7	74	2.968	0.752	17.968	0.706	1.0	1.0
22	7	71	2.129	0.341	19.161	0.779	1.0	1.0
22	7	68	2.0	0.0	20.581	1.478	1.0	1.0
22	7	65	2.0	0.0	22.742	1.125	1.0	1.0
22	7	62	1.871	0.341	24.71	1.575	1.0	1.0
22	7	59	1.37	0.688	29.357	3.302	0.774	0.903
22	7	56	0.261	0.541	34.154	1.864	0.161	0.419
22	7	53	0.0	0.0	nan	nan	0.0	0.0
22	7	50	0.0	0.0	nan	nan	0.0	0.0
22	7	47	0.0	0.0	nan	nan	0.0	0.0
22	7	44	0.0	0.0	nan	nan	0.0	0.0
23	7	454	21.226	0.425	9.806	0.402	1.0	1.0
23	7	448	21.097	0.301	9.71	0.461	1.0	1.0
23	7	442	21.065	0.25	9.935	0.25	1.0	1.0
23	7	436	20.968	0.18	9.839	0.374	1.0	1.0
23	7	430	20.774	0.425	9.968	0.18	1.0	1.0
23	7	424	20.355	0.486	9.839	0.374	1.0	1.0
23	7	418	20.194	0.402	9.968	0.18	1.0	1.0
23	7	412	20.032	0.18	9.968	0.18	1.0	1.0
23	7	406	20.0	0.0	9.968	0.18	1.0	1.0
23	7	400	19.871	0.341	9.968	0.18	1.0	1.0
23	7	394	19.581	0.502	10.0	0.0	1.0	1.0
23	7	388	19.29	0.461	10.0	0.0	1.0	1.0
23	7	382	19.032	0.18	10.0	0.0	1.0	1.0
23	7	376	19.0	0.258	9.968	0.18	1.0	1.0
23	7	370	18.871	0.341	10.0	0.0	1.0	1.0
23	7	364	18.645	0.486	10.0	0.0	1.0	1.0
23	7	358	18.161	0.374	10.0	0.0	1.0	1.0
23	7	352	18.0	0.0	10.0	0.0	1.0	1.0
23	7	346	17.903	0.301	10.0	0.0	1.0	1.0
23	7	340	17.774	0.425	10.0	0.0	1.0	1.0
23	7	334	17.258	0.445	10.0	0.0	1.0	1.0
23	7	328	16.968	0.18	10.0	0.0	1.0	1.0
23	7	322	16.935	0.25	10.0	0.0	1.0	1.0
23	7	316	16.677	0.475	10.0	0.0	1.0	1.0
23	7	310	16.29	0.461	10.0	0.0	1.0	1.0
23	7	304	16.0	0.0	10.0	0.0	1.0	1.0
23	7	298	15.968	0.18	10.0	0.0	1.0	1.0
23	7	292	15.613	0.495	10.0	0.0	1.0	1.0
23	7	286	15.129	0.341	10.0	0.0	1.0	1.0
23	7	280	15.0	0.0	10.0	0.0	1.0	1.0
23	7	274	14.871	0.341	10.0	0.0	1.0	1.0
23	7	268	14.355	0.486	10.0	0.0	1.0	1.0
23	7	262	14.032	0.18	10.0	0.0	1.0	1.0
23	7	256	14.0	0.0	10.0	0.0	1.0	1.0
23	7	250	13.419	0.502	10.0	0.0	1.0	1.0
23	7	244	13.032	0.18	10.0	0.0	1.0	1.0
23	7	238	12.968	0.18	10.0	0.0	1.0	1.0
23	7	232	12.871	0.341	10.097	0.301	1.0	1.0
23	7	226	12.258	0.445	10.29	0.461	1.0	1.0
23	7	220	12.0	0.0	10.516	0.508	1.0	1.0
23	7	214	11.839	0.374	10.516	0.508	1.0	1.0
23	7	208	11.226	0.425	10.839	0.374	1.0	1.0
23	7	202	11.0	0.0	11.0	0.0	1.0	1.0
23	7	196	10.903	0.301	11.0	0.0	1.0	1.0
23	7	190	10.129	0.341	11.0	0.0	1.0	1.0
23	7	184	10.0	0.0	11.0	0.0	1.0	1.0
23	7	178	9.806	0.402	11.0	0.0	1.0	1.0
23	7	172	9.129	0.341	11.0	0.0	1.0	1.0
23	7	166	8.968	0.18	11.065	0.25	1.0	1.0
23	7	160	8.774	0.425	11.323	0.475	1.0	1.0
23	7	154	8.065	0.25	11.774	0.425	1.0	1.0
23	7	148	8.0	0.0	11.903	0.301	1.0	1.0
23	7	142	7.613	0.495	12.0	0.0	1.0	1.0
23	7	136	7.032	0.18	12.032	0.18	1.0	1.0
23	7	130	7.0	0.0	12.484	0.508	1.0	1.0
23	7	124	6.548	0.506	12.935	0.25	1.0	1.0
23	7	118	6.0	0.0	13.0	0.0	1.0	1.0
23	7	112	6.0	0.0	13.452	0.506	1.0	1.0
23	7	106	5.097	0.301	13.871	0.341	1.0	1.0
23	7	100	5.0	0.0	14.29	0.461	1.0	1.0
23	7	77	3.645	0.608	17.871	0.718	1.0	1.0
23	7	74	2.645	0.709	18.806	0.792	1.0	1.0
23	7	71	2.0	0.0	19.806	0.873	1.0	1.0
23	7	68	2.0	0.0	21.645	1.253	1.0	1.0
23	7	65	2.0	0.0	23.645	1.496	1.0	1.0
23	7	62	1.871	0.341	26.0	1.342	1.0	1.0
23	7	59	1.032	0.407	29.655	2.609	0.935	0.935
23	7	56	0.143	0.356	33.571	2.299	0.129	0.226
23	7	53	0.0	0.0	nan	nan	0.0	0.0
23	7	50	0.0	0.0	nan	nan	0.0	0.0
23	7	47	0.0	0.0	nan	nan	0.0	0.0
23	7	44	0.0	0.0	nan	nan	0.0	0.0
24	7	454	20.355	0.486	9.968	0.18	1.0	1.0
24	7	448	20.226	0.425	10.0	0.0	1.0	1.0
24	7	442	20.097	0.301	9.935	0.25	1.0	1.0
24	7	436	19.968	0.18	9.968	0.18	1.0	1.0
24	7	430	19.935	0.25	10.0	0.0	1.0	1.0
24	7	424	19.645	0.486	10.0	0.0	1.0	1.0
24	7	418	19.355	0.486	10.0	0.0	1.0	1.0
24	7	412	19.097	0.301	10.0	0.0	1.0	1.0
24	7	406	19.097	0.301	10.0	0.0	1.0	1.0
24	7	400	18.968	0.18	10.0	0.0	1.0	1.0
24	7	394	18.806	0.402	10.0	0.0	1.0	1.0
24	7	388	18.548	0.506	10.0	0.0	1.0	1.0
24	7	382	18.226	0.425	10.0	0.0	1.0	1.0
24	7	376	18.065	0.25	10.0	0.0	1.0	1.0
24	7	370	17.968	0.18	10.0	0.0	1.0	1.0
24	7	364	17.839	0.374	10.0	0.0	1.0	1.0
24	7	358	17.452	0.506	10.0	0.0	1.0	1.0
24	7	352	17.258	0.445	10.0	0.0	1.0	1.0
24	7	346	17.065	0.25	10.0	0.0	1.0	1.0
24	7	340	16.968	0.18	10.0	0.0	1.0	1.0
24	7	334	16.742	0.445	10.0	0.0	1.0	1.0
24	7	328	16.226	0.425	10.0	0.0	1.0	1.0
24	7	322	16.032	0.18	10.0	0.0	1.0	1.0
24	7	316	16.0	0.0	10.0	0.0	1.0	1.0
24	7	310	15.774	0.425	10.0	0.0	1.0	1.0
24	7	304	15.226	0.425	10.0	0.0	1.0	1.0
24	7	298	15.097	0.301	10.0	0.0	1.0	1.0
24	7	292	15.0	0.0	10.0	0.0	1.0	1.0
24	7	286	14.774	0.425	10.0	0.0	1.0	1.0
24	7	280	14.452	0.506	10.0	0.0	1.0	1.0
24	7	274	14.065	0.25	10.0	0.0	1.0	1.0
24	7	268	13.968	0.18	10.0	0.0	1.0	1.0
24	7	262	13.774	0.425	10.0	0.0	1.0	1.0
24	7	256	13.194	0.402	10.0	0.0	1.0	1.0
24	7	250	13.032	0.18	10.0	0.0	1.0	1.0
24	7	244	12.903	0.301	10.0	0.0	1.0	1.0
24	7	238	12.419	0.502	10.032	0.18	1.0	1.0
24	7	232	12.0	0.0	10.032	0.18	1.0	1.0
24	7	226	11.903	0.301	10.355	0.486	1.0	1.0
24	7	220	11.677	0.475	10.484	0.508	1.0	1.0
24	7	214	11.097	0.301	10.71	0.461	1.0	1.0
24	7	208	11.0	0.0	10.806	0.402	1.0	1.0
24	7	202	10.645	0.486	10.968	0.18	1.0	1.0
24	7	196	10.194	0.402	11.0	0.0	1.0	1.0
24	7	190	10.0	0.0	11.0	0.0	1.0	1.0
24	7	184	9.742	0.445	11.0	0.0	1.0	1.0
24	7	178	9.065	0.25	11.0	0.0	1.0	1.0
24	7	172	9.0	0.0	11.0	0.0	1.0	1.0
24	7	166	8.935	0.25	11.065	0.25	1.0	1.0
24	7	160	8.194	0.402	11.258	0.445	1.0	1.0
24	7	154	8.0	0.0	11.71	0.461	1.0	1.0
24	7	148	7.71	0.461	12.0	0.0	1.0	1.0
24	7	142	7.065	0.25	12.0	0.0	1.0	1.0
24	7	136	7.0	0.0	12.0	0.0	1.0	1.0
24	7	130	6.71	0.461	12.29	0.461	1.0	1.0
24	7	124	6.097	0.301	12.871	0.341	1.0	1.0
24	7	118	6.0	0.0	13.0	0.0	1.0	1.0
24	7	112	5.71	0.461	13.161	0.374	1.0	1.0
24	7	106	5.032	0.18	13.806	0.402	1.0	1.0
24	7	100	5.0	0.0	14.161	0.374	1.0	1.0
24	7	77	3.484	0.626	17.581	0.62	1.0	1.0
24	7	74	2.613	0.667	18.323	0.871	1.0	1.0
24	7	71	2.065	0.25	19.29	0.693	1.0	1.0
24	7	68	2.0	0.0	20.742	1.125	1.0	1.0
24	7	65	1.968	0.18	22.516	0.926	1.0	1.0
24	7	62	1.71	0.461	24.935	1.672	1.0	1.0
24	7	59	1.161	0.374	27.0	2.671	1.0	1.0
24	7	56	0.32	0.476	31.929	3.583	0.258	0.452
24	7	53	0.0	0.0	nan	nan	0.0	0.0
24	7	50	0.0	0.0	nan	nan	0.0	0.0
24	7	47	0.0	0.0	nan	nan	0.0	0.0
24	7	44	0.0	0.0	nan	nan	0.0	0.0
25	7	454	17.71	0.461	9.0	0.0	1.0	1.0
25	7	448	17.645	0.486	9.0	0.0	1.0	1.0
25	7	442	17.226	0.425	9.0	0.0	1.0	1.0
25	7	436	17.097	0.301	9.0	0.0	1.0	1.0
25	7	430	17.0	0.0	9.0	0.0	1.0	1.0
25	7	424	16.968	0.18	9.0	0.0	1.0	1.0
25	7	418	16.935	0.25	9.0	0.0	1.0	1.0
25	7	412	16.806	0.402	9.0	0.0	1.0	1.0
25	7	406	16.581	0.502	9.0	0.0	1.0	1.0
25	7	400	16.097	0.301	9.032	0.18	1.0	1.0
25	7	394	16.0	0.0	9.0	0.0	1.0	1.0
25	7	388	16.0	0.0	9.0	0.0	1.0	1.0
25	7	382	15.935	0.25	9.065	0.25	1.0	1.0
25	7	376	15.968	0.18	9.0	0.0	1.0	1.0
25	7	370	15.194	0.402	9.0	0.0	1.0	1.0
25	7	364	15.194	0.402	9.097	0.301	1.0	1.0
25	7	358	15.0	0.0	9.0	0.0	1.0	1.0
25	7	352	15.0	0.0	9.065	0.25	1.0	1.0
25	7	346	14.903	0.301	9.097	0.301	1.0	1.0
25	7	340	14.516	0.508	9.258	0.445	1.0	1.0
25	7	334	14.194	0.402	9.355	0.486	1.0	1.0
25	7	328	14.0	0.0	9.419	0.502	1.0	1.0
25	7	322	14.0	0.0	9.613	0.495	1.0	1.0
25	7	316	13.806	0.402	9.742	0.445	1.0	1.0
25	7	310	13.516	0.508	9.774	0.425	1.0	1.0
25	7	304	13.032	0.18	9.935	0.25	1.0	1.0
25	7	298	13.0	0.0	9.903	0.301	1.0	1.0
25	7	292	13.0	0.0	9.968	0.18	1.0	1.0
25	7	286	12.806	0.402	9.935	0.25	1.0	1.0
25	7	280	12.226	0.425	10.0	0.0	1.0	1.0
25	7	274	12.065	0.25	9.968	0.18	1.0	1.0
25	7	268	12.0	0.0	10.0	0.0	1.0	1.0
25	7	262	11.871	0.341	10.0	0.0	1.0	1.0
25	7	256	11.258	0.445	10.0	0.0	1.0	1.0
25	7	250	11.032	0.18	10.0	0.0	1.0	1.0
25	7	244	11.0	0.0	10.0	0.0	1.0	1.0
25	7	238	10.968	0.18	10.0	0.0	1.0	1.0
25	7	232	10.419	0.502	10.0	0.0	1.0	1.0
25	7	226	10.032	0.18	10.0	0.0	1.0	1.0
25	7	220	10.0	0.0	10.0	0.0	1.0	1.0
25	7	214	9.903	0.301	10.0	0.0	1.0	1.0
25	7	208	9.226	0.425	10.0	0.0	1.0	1.0
25	7	202	9.097	0.301	10.0	0.0	1.0	1.0
25	7	196	9.0	0.0	10.032	0.18	1.0	1.0
25	7	190	8.806	0.402	10.129	0.341	1.0	1.0
25	7	184	8.097	0.301	10.548	0.506	1.0	1.0
25	7	178	8.0	0.0	10.774	0.425	1.0	1.0
25	7	172	8.0	0.0	10.968	0.18	1.0	1.0
25	7	166	7.452	0.506	10.968	0.18	1.0	1.0
25	7	160	7.032	0.18	11.032	0.18	1.0	1.0
25	7	154	7.0	0.0	11.0	0.0	1.0	1.0
25	7	148	6.935	0.25	11.032	0.18	1.0	1.0
25	7	142	6.097	0.301	11.355	0.486	1.0	1.0
25	7	136	6.0	0.0	11.839	0.374	1.0	1.0
25	7	130	6.0	0.0	12.0	0.0	1.0	1.0
25	7	124	5.516	0.508	12.032	0.18	1.0	1.0
25	7	118	5.065	0.25	12.323	0.475	1.0	1.0
25	7	112	5.0	0.0	12.968	0.18	1.0	1.0
25	7	106	4.774	0.425	13.0	0.0	1.0	1.0
25	7	100	4.032	0.18	13.71	0.461	1.0	1.0
25	7	77	2.968	0.18	16.968	0.605	1.0	1.0
25	7	74	2.839	0.374	17.645	0.608	1.0	1.0
25	7	71	2.355	0.551	18.419	0.672	1.0	1.0
25	7	68	2.0	0.0	19.677	1.045	1.0	1.0
25	7	65	1.419	0.502	21.677	1.301	1.0	1.0
25	7	62	1.065	0.25	24.258	1.949	1.0	1.0
25	7	59	0.821	0.39	29.0	3.544	0.742	0.839
25	7	56	0.107	0.315	33.0	3.286	0.097	0.194
25	7	53	0.0	0.0	nan	nan	0.0	0.0
25	7	50	0.0	0.0	nan	nan	0.0	0.0
25	7	47	0.0	0.0	nan	nan	0.0	0.0
25	7	44	0.0	0.0	nan	nan	0.0	0.0
26	7	454	21.968	0.18	9.0	0.0	1.0	1.0
26	7	448	21.935	0.25	9.0	0.0	1.0	1.0
26	7	442	21.645	0.486	9.0	0.0	1.0	1.0
26	7	436	21.258	0.445	9.0	0.0	1.0	1.0
26	7	430	21.032	0.18	9.0	0.0	1.0	1.0
26	7	424	21.0	0.0	9.0	0.0	1.0	1.0
26	7	418	20.903	0.301	9.0	0.0	1.0	1.0
26	7	412	20.742	0.445	9.0	0.0	1.0	1.0
26	7	406	20.387	0.495	9.0	0.0	1.0	1.0
26	7	400	20.097	0.301	9.0	0.0	1.0	1.0
26	7	394	19.968	0.18	9.0	0.0	1.0	1.0
26	7	388	19.839	0.374	9.0	0.0	1.0	1.0
26	7	382	19.548	0.506	9.0	0.0	1.0	1.0
26	7	376	19.258	0.445	9.0	0.0	1.0	1.0
26	7	370	19.032	0.18	9.0	0.0	1.0	1.0
26	7	364	19.0	0.0	9.032	0.18	1.0	1.0
26	7	358	18.871	0.341	9.0	0.0	1.0	1.0
26	7	352	18.29	0.461	9.032	0.18	1.0	1.0
26	7	346	18.097	0.301	9.0	0.0	1.0	1.0
26	7	340	18.0	0.258	9.161	0.374	1.0	1.0
26	7	334	17.935	0.25	9.161	0.374	1.0	1.0
26	7	328	17.452	0.506	9.323	0.475	1.0	1.0
26	7	322	17.097	0.301	9.419	0.502	1.0	1.0
26	7	316	17.0	0.0	9.323	0.475	1.0	1.0
26	7	310	16.548	0.506	9.645	0.486	1.0	1.0
26	7	304	16.258	0.445	9.645	0.486	1.0	1.0
26	7	298	16.065	0.25	9.71	0.461	1.0	1.0
26	7	292	15.968	0.18	9.968	0.18	1.0	1.0
26	7	286	15.516	0.508	9.935	0.25	1.0	1.0
26	7	280	15.129	0.341	10.0	0.0	1.0	1.0
26	7	274	15.0	0.0	10.0	0.0	1.0	1.0
26	7	268	14.903	0.301	10.0	0.0	1.0	1.0
26	7	262	14.194	0.402	9.968	0.18	1.0	1.0
26	7	256	14.065	0.25	10.0	0.0	1.0	1.0
26	7	250	13.935	0.25	10.0	0.0	1.0	1.0
26	7	244	13.484	0.508	10.0	0.0	1.0	1.0
26	7	238	13.032	0.18	10.0	0.0	1.0	1.0
26	7	232	13.0	0.0	10.0	0.0	1.0	1.0
26	7	226	12.613	0.495	10.0	0.0	1.0	1.0
26	7	220	12.032	0.18	10.0	0.0	1.0	1.0
26	7	214	12.0	0.0	10.0	0.0	1.0	1.0
26	7	208	11.548	0.506	10.032	0.18	1.0	1.0
26	7	202	11.065	0.25	10.032	0.18	1.0	1.0
26	7	196	11.0	0.0	10.065	0.25	1.0	1.0
26	7	190	10.839	0.374	10.29	0.461	1.0	1.0
26	7	184	10.032	0.18	10.677	0.475	1.0	1.0
26	7	178	10.0	0.0	10.968	0.18	1.0	1.0
26	7	172	9.516	0.508	10.968	0.18	1.0	1.0
26	7	166	9.0	0.0	11.0	0.0	1.0	1.0
26	7	160	8.935	0.25	11.0	0.0	1.0	1.0
26	7	154	8.452	0.506	11.0	0.0	1.0	1.0
26	7	148	8.0	0.0	11.097	0.301	1.0	1.0
26	7	142	7.935	0.25	11.516	0.508	1.0	1.0
26	7	136	7.065	0.25	11.968	0.18	1.0	1.0
26	7	130	7.0	0.0	12.0	0.0	1.0	1.0
26	7	124	6.645	0.486	12.194	0.402	1.0	1.0
26	7	118	6.032	0.18	12.645	0.486	1.0	1.0
26	7	112	6.0	0.0	13.032	0.18	1.0	1.0
26	7	106	5.548	0.506	13.226	0.425	1.0	1.0
26	7	100	5.0	0.0	13.968	0.18	1.0	1.0
26	7	77	3.839	0.374	17.387	0.495	1.0	1.0
26	7	74	2.903	0.831	18.226	0.669	1.0	1.0
26	7	71	2.032	0.18	19.677	1.013	1.0	1.0
26	7	68	2.0	0.0	21.0	1.095	1.0	1.0
26	7	65	2.0	0.0	23.387	1.334	1.0	1.0
26	7	62	1.968	0.18	25.29	1.532	1.0	1.0
26	7	59	1.185	0.622	30.036	3.085	0.774	0.903
26	7	56	0.133	0.346	33.0	2.236	0.129	0.161
26	7	53	0.0	0.0	nan	nan	0.0	0.0
26	7	50	0.0	0.0	nan	nan	0.0	0.0
26	7	47	0.0	0.0	nan	nan	0.0	0.0
26	7	44	0.0	0.0	nan	nan	0.0	0.0
27	7	454	16.484	0.508	9.323	0.475	1.0	1.0
27	7	448	16.129	0.341	9.194	0.402	1.0	1.0
27	7	442	16.032	0.18	9.323	0.475	1.0	1.0
27	7	436	16.0	0.0	9.194	0.402	1.0	1.0
27	7	430	16.032	0.18	9.258	0.445	1.0	1.0
27	7	424	15.968	0.18	9.161	0.374	1.0	1.0
27	7	418	15.742	0.445	9.355	0.486	1.0	1.0
27	7	412	15.613	0.495	9.516	0.508	1.0	1.0
27	7	406	15.29	0.461	9.677	0.475	1.0	1.0
27	7	400	15.0	0.0	9.484	0.508	1.0	1.0
27	7	394	15.0	0.0	9.516	0.508	1.0	1.0
27	7	388	15.0	0.0	9.677	0.475	1.0	1.0
27	7	382	14.968	0.18	9.581	0.502	1.0	1.0
27	7	376	14.871	0.341	9.806	0.402	1.0	1.0
27	7	370	14.581	0.502	9.903	0.301	1.0	1.0
27	7	364	14.129	0.341	9.903	0.301	1.0	1.0
27	7	358	14.032	0.18	9.935	0.25	1.0	1.0
27	7	352	14.0	0.0	9.968	0.18	1.0	1.0
27	7	346	13.968	0.18	9.968	0.18	1.0	1.0
27	7	340	13.645	0.486	10.0	0.0	1.0	1.0
27	7	334	13.194	0.402	10.0	0.0	1.0	1.0
27	7	328	13.0	0.0	10.0	0.0	1.0	1.0
27	7	322	13.0	0.0	10.0	0.0	1.0	1.0
27	7	316	12.968	0.18	10.0	0.0	1.0	1.0
27	7	310	12.871	0.341	10.0	0.0	1.0	1.0
27	7	304	12.452	0.506	10.0	0.0	1.0	1.0
27	7	298	12.065	0.25	10.0	0.0	1.0	1.0
27	7	292	12.0	0.0	10.0	0.0	1.0	1.0
27	7	286	11.968	0.18	10.0	0.0	1.0	1.0
27	7	280	11.871	0.341	10.0	0.0	1.0	1.0
27	7	274	11.258	0.445	10.0	0.0	1.0	1.0
27	7	268	11.032	0.18	10.0	0.0	1.0	1.0
27	7	262	11.0	0.0	10.0	0.0	1.0	1.0
27	7	256	11.0	0.0	10.0	0.0	1.0	1.0
27	7	250	10.774	0.425	10.0	0.0	1.0	1.0
27	7	244	10.258	0.445	10.0	0.0	1.0	1.0
27	7	238	10.0	0.0	10.0	0.0	1.0	1.0
27	7	232	10.0	0.0	10.0	0.0	1.0	1.0
27	7	226	9.871	0.341	10.0	0.0	1.0	1.0
27	7	220	9.194	0.402	10.0	0.0	1.0	1.0
27	7	214	9.0	0.0	10.032	0.18	1.0	1.0
27	7	208	9.0	0.0	10.258	0.445	1.0	1.0
27	7	202	8.935	0.25	10.452	0.506	1.0	1.0
27	7	196	8.29	0.461	10.677	0.475	1.0	1.0
27	7	190	8.0	0.0	10.806	0.402	1.0	1.0
27	7	184	8.0	0.0	11.0	0.0	1.0	1.0
27	7	178	7.871	0.341	11.0	0.0	1.0	1.0
27	7	172	7.387	0.495	11.0	0.0	1.0	1.0
27	7	166	7.0	0.0	11.0	0.0	1.0	1.0
27	7	160	7.0	0.0	11.032	0.18	1.0	1.0
27	7	154	6.742	0.445	11.032	0.18	1.0	1.0
27	7	148	6.0	0.0	11.323	0.475	1.0	1.0
27	7	142	6.0	0.0	11.806	0.402	1.0	1.0
27	7	136	6.0	0.0	12.0	0.0	1.0	1.0
27	7	130	5.742	0.445	12.0	0.0	1.0	1.0
27	7	124	5.032	0.18	12.161	0.374	1.0	1.0
27	7	118	5.0	0.0	12.71	0.461	1.0	1.0
27	7	112	5.0	0.0	13.032	0.18	1.0	1.0
27	7	106	4.258	0.445	13.161	0.374	1.0	1.0
27	7	100	4.0	0.0	13.903	0.301	1.0	1.0
27	7	77	3.0	0.0	17.129	0.562	1.0	1.0
27	7	74	2.71	0.461	17.839	0.688	1.0	1.0
27	7	71	2.129	0.341	18.968	0.795	1.0	1.0
27	7	68	1.871	0.341	20.194	0.91	1.0	1.0
27	7	65	1.419	0.502	22.161	1.416	1.0	1.0
27	7	62	1.0	0.0	25.032	1.643	1.0	1.0
27	7	59	0.862	0.351	29.074	3.269	0.806	0.871
27	7	56	0.0	0.0	35.0	0.0	0.0	0.032
27	7	53	0.0	0.0	nan	nan	0.0	0.0
27	7	50	0.0	0.0	nan	nan	0.0	0.0
27	7	47	0.0	0.0	nan	nan	0.0	0.0
27	7	44	0.0	0.0	nan	nan	0.0	0.0
28	7	454	18.258	0.445	9.032	0.18	1.0	1.0
28	7	448	18.032	0.18	9.032	0.18	1.0	1.0
28	7	442	18.0	0.0	9.032	0.18	1.0	1.0
28	7	436	18.0	0.0	9.065	0.25	1.0	1.0
28	7	430	17.968	0.18	9.032	0.18	1.0	1.0
28	7	424	17.806	0.402	9.129	0.341	1.0	1.0
28	7	418	17.355	0.486	9.129	0.341	1.0	1.0
28	7	412	17.161	0.374	9.258	0.445	1.0	1.0
28	7	406	17.032	0.18	9.129	0.341	1.0	1.0
28	7	400	17.0	0.0	9.226	0.425	1.0	1.0
28	7	394	16.903	0.301	9.355	0.486	1.0	1.0
28	7	388	16.774	0.425	9.387	0.495	1.0	1.0
28	7	382	16.29	0.461	9.677	0.475	1.0	1.0
28	7	376	16.161	0.374	9.613	0.495	1.0	1.0
28	7	370	16.0	0.0	9.484	0.508	1.0	1.0
28	7	364	15.903	0.301	9.613	0.495	1.0	1.0
28	7	358	15.677	0.475	9.968	0.18	1.0	1.0
28	7	352	15.355	0.486	9.871	0.341	1.0	1.0
28	7	346	15.065	0.25	9.903	0.301	1.0	1.0
28	7	340	15.0	0.0	9.935	0.25	1.0	1.0
28	7	334	14.968	0.18	10.0	0.0	1.0	1.0
28	7	328	14.839	0.374	10.0	0.0	1.0	1.0
28	7	322	14.516	0.508	10.0	0.0	1.0	1.0
28	7	316	14.129	0.341	10.0	0.0	1.0	1.0
28	7	310	14.0	0.0	10.0	0.0	1.0	1.0
28	7	304	14.0	0.0	10.0	0.0	1.0	1.0
28	7	298	13.806	0.402	10.0	0.0	1.0	1.0
28	7	292	13.387	0.495	10.0	0.0	1.0	1.0
28	7	286	13.0	0.0	10.0	0.0	1.0	1.0
28	7	280	13.0	0.0	10.0	0.0	1.0	1.0
28	7	274	12.903	0.301	10.0	0.0	1.0	1.0
28	7	268	12.452	0.506	10.0	0.0	1.0	1.0
28	7	262	12.097	0.301	10.0	0.0	1.0	1.0
28	7	256	12.0	0.0	10.0	0.0	1.0	1.0
28	7	250	11.839	0.374	10.0	0.0	1.0	1.0
28	7	244	11.194	0.402	10.0	0.0	1.0	1.0
28	7	238	11.032	0.18	10.0	0.0	1.0	1.0
28	7	232	11.0	0.0	10.0	0.0	1.0	1.0
28	7	226	10.839	0.374	10.0	0.0	1.0	1.0
28	7	220	10.355	0.486	10.0	0.0	1.0	1.0
28	7	214	10.0	0.0	10.0	0.0	1.0	1.0
28	7	208	10.0	0.0	10.161	0.374	1.0	1.0
28	7	202	9.581	0.502	10.387	0.495	1.0	1.0
28	7	196	9.065	0.25	10.774	0.425	1.0	1.0
28	7	190	9.0	0.0	10.903	0.301	1.0	1.0
28	7	184	8.935	0.25	11.0	0.0	1.0	1.0
28	7	178	8.387	0.495	11.0	0.0	1.0	1.0
28	7	172	8.0	0.0	11.0	0.0	1.0	1.0
28	7	166	8.0	0.0	11.0	0.0	1.0	1.0
28	7	160	7.71	0.461	11.032	0.18	1.0	1.0
28	7	154	7.065	0.25	11.226	0.425	1.0	1.0
28	7	148	7.0	0.0	11.742	0.445	1.0	1.0
28	7	142	6.903	0.301	12.0	0.0	1.0	1.0
28	7	136	6.194	0.402	12.0	0.0	1.0	1.0
28	7	130	6.0	0.0	12.0	0.0	1.0	1.0
28	7	124	5.968	0.18	12.419	0.502	1.0	1.0
28	7	118	5.419	0.502	12.935	0.25	1.0	1.0
28	7	112	5.0	0.0	13.065	0.25	1.0	1.0
28	7	106	5.0	0.0	13.645	0.486	1.0	1.0
28	7	100	4.645	0.486	14.065	0.25	1.0	1.0
28	7	77	2.774	0.56	17.71	0.739	1.0	1.0
28	7	74	2.355	0.486	18.516	0.769	1.0	1.0
28	7	71	2.032	0.18	19.419	0.848	1.0	1.0
28	7	68	2.032	0.18	20.935	1.181	1.0	1.0
28	7	65	1.742	0.445	23.226	1.334	1.0	1.0
28	7	62	1.161	0.454	25.5	1.526	0.968	0.968
28	7	59	0.828	0.384	29.192	2.638	0.774	0.839
28	7	56	0.129	0.341	32.5	0.577	0.129	0.129
28	7	53	0.0	0.0	nan	nan	0.0	0.0
28	7	50	0.0	0.0	nan	nan	0.0	0.0
28	7	47	0.0	0.0	nan	nan	0.0	0.0
28	7	44	0.0	0.0	nan	nan	0.0	0.0
29	7	454	17.0	0.0	9.0	0.0	1.0	1.0
29	7	448	17.0	0.0	9.0	0.0	1.0	1.0
29	7	442	17.0	0.0	9.0	0.0	1.0	1.0
29	7	436	16.839	0.374	9.0	0.0	1.0	1.0
29	7	430	16.645	0.486	9.0	0.0	1.0	1.0
29	7	424	16.29	0.461	9.0	0.0	1.0	1.0
29	7	418	16.097	0.301	9.0	0.0	1.0	1.0
29	7	412	16.032	0.18	9.0	0.0	1.0	1.0
29	7	406	16.0	0.0	9.0	0.0	1.0	1.0
29	7	400	15.968	0.18	9.0	0.0	1.0	1.0
29	7	394	15.645	0.486	9.0	0.0	1.0	1.0
29	7	388	15.29	0.461	9.0	0.0	1.0	1.0
29	7	382	15.065	0.25	9.0	0.0	1.0	1.0
29	7	376	15.032	0.18	9.0	0.0	1.0	1.0
29	7	370	14.935	0.25	9.0	0.0	1.0	1.0
29	7	364	14.903	0.301	9.0	0.0	1.0	1.0
29	7	358	14.548	0.506	9.0	0.0	1.0	1.0
29	7	352	14.258	0.445	9.0	0.0	1.0	1.0
29	7	346	14.032	0.18	9.0	0.0	1.0	1.0
29	7	340	14.0	0.0	9.0	0.0	1.0	1.0
29	7	334	13.871	0.341	9.0	0.0	1.0	1.0
29	7	328	13.419	0.502	9.0	0.0	1.0	1.0
29	7	322	13.161	0.374	9.0	0.0	1.0	1.0
29	7	316	13.0	0.0	9.0	0.0	1.0	1.0
29	7	310	12.968	0.18	9.0	0.0	1.0	1.0
29	7	304	12.839	0.374	9.0	0.0	1.0	1.0
29	7	298	12.484	0.508	9.0	0.0	1.0	1.0
29	7	292	12.032	0.18	9.0	0.0	1.0	1.0
29	7	286	12.0	0.0	9.0	0.0	1.0	1.0
29	7	280	11.935	0.25	9.0	0.0	1.0	1.0
29	7	274	11.645	0.486	9.0	0.0	1.0	1.0
29	7	268	11.161	0.374	9.0	0.0	1.0	1.0
29	7	262	11.0	0.0	9.0	0.0	1.0	1.0
29	7	256	10.935	0.25	9.032	0.18	1.0	1.0
29	7	250	10.677	0.475	9.0	0.0	1.0	1.0
29	7	244	10.258	0.445	9.097	0.301	1.0	1.0
29	7	238	10.0	0.0	9.387	0.495	1.0	1.0
29	7	232	9.903	0.301	9.645	0.486	1.0	1.0
29	7	226	9.581	0.502	9.871	0.341	1.0	1.0
29	7	220	9.065	0.25	9.903	0.301	1.0	1.0
29	7	214	9.0	0.0	9.968	0.18	1.0	1.0
29	7	208	9.0	0.258	10.0	0.0	1.0	1.0
29	7	202	8.548	0.506	10.0	0.0	1.0	1.0
29	7	196	8.065	0.25	10.0	0.0	1.0	1.0
29	7	190	8.0	0.0	10.0	0.0	1.0	1.0
29	7	184	7.935	0.25	10.0	0.0	1.0	1.0
29	7	178	7.355	0.486	10.0	0.0	1.0	1.0
29	7	172	7.032	0.18	10.0	0.0	1.0	1.0
29	7	166	7.0	0.0	10.0	0.0	1.0	1.0
29	7	160	6.677	0.475	10.29	0.461	1.0	1.0
29	7	154	6.065	0.25	10.71	0.461	1.0	1.0
29	7	148	6.0	0.0	10.935	0.25	1.0	1.0
29	7	142	6.0	0.0	11.0	0.0	1.0	1.0
29	7	136	5.387	0.495	11.0	0.0	1.0	1.0
29	7	130	5.032	0.18	11.065	0.25	1.0	1.0
29	7	124	5.0	0.0	11.516	0.508	1.0	1.0
29	7	118	4.935	0.25	11.968	0.18	1.0	1.0
29	7	112	4.258	0.445	12.032	0.18	1.0	1.0
29	7	106	4.0	0.0	12.742	0.445	1.0	1.0
29	7	100	3.903	0.301	12.935	0.25	1.0	1.0
29	7	77	2.548	0.506	15.968	0.547	1.0	1.0
29	7	74	2.161	0.374	16.645	0.551	1.0	1.0
29	7	71	2.032	0.18	17.226	0.497	1.0	1.0
29	7	68	1.29	0.461	18.613	0.882	1.0	1.0
29	7	65	1.065	0.25	20.226	1.334	1.0	1.0
29	7	62	0.967	0.32	22.069	1.87	0.903	0.935
29	7	59	0.333	0.479	24.909	1.7	0.323	0.355
29	7	56	0.0	0.0	nan	nan	0.0	0.0
29	7	53	0.0	0.0	nan	nan	0.0	0.0
29	7	50	0.0	0.0	nan	nan	0.0	0.0
29	7	47	0.0	0.0	nan	nan	0.0	0.0
29	7	44	0.0	0.0	nan	nan	0.0	0.0
30	7	454	21.0	0.0	9.194	0.402	1.0	1.0
30	7	448	20.935	0.25	9.194	0.402	1.0	1.0
30	7	442	20.839	0.374	9.226	0.425	1.0	1.0
30	7	436	20.548	0.506	9.258	0.445	1.0	1.0
30	7	430	20.161	0.374	9.194	0.402	1.0	1.0
30	7	424	20.097	0.301	9.258	0.445	1.0	1.0
30	7	418	20.0	0.0	9.387	0.495	1.0	1.0
30	7	412	19.903	0.301	9.323	0.475	1.0	1.0
30	7	406	19.71	0.461	9.516	0.508	1.0	1.0
30	7	400	19.29	0.461	9.581	0.502	1.0	1.0
30	7	394	19.065	0.25	9.645	0.486	1.0	1.0
30	7	388	19.0	0.258	9.645	0.486	1.0	1.0
30	7	382	18.839	0.374	9.774	0.425	1.0	1.0
30	7	376	18.742	0.445	9.742	0.445	1.0	1.0
30	7	370	18.29	0.461	9.774	0.425	1.0	1.0
30	7	364	18.129	0.341	9.806	0.402	1.0	1.0
30	7	358	18.0	0.0	9.903	0.301	1.0	1.0
30	7	352	17.742	0.445	9.968	0.18	1.0	1.0
30	7	346	17.516	0.508	9.935	0.25	1.0	1.0
30	7	340	17.194	0.402	9.968	0.18	1.0	1.0
30	7	334	17.0	0.258	9.968	0.18	1.0	1.0
30	7	328	16.742	0.445	10.0	0.0	1.0	1.0
30	7	322	16.484	0.508	10.0	0.0	1.0	1.0
30	7	316	16.129	0.341	10.0	0.0	1.0	1.0
30	7	310	16.032	0.18	10.0	0.0	1.0	1.0
30	7	304	15.839	0.374	10.0	0.0	1.0	1.0
30	7	298	15.387	0.495	10.0	0.0	1.0	1.0
30	7	292	15.129	0.341	10.0	0.0	1.0	1.0
30	7	286	14.935	0.25	10.0	0.0	1.0	1.0
30	7	280	14.355	0.486	10.0	0.0	1.0	1.0
30	7	274	14.161	0.374	10.0	0.0	1.0	1.0
30	7	268	14.0	0.258	10.0	0.0	1.0	1.0
30	7	262	13.774	0.425	10.0	0.0	1.0	1.0
30	7	256	13.355	0.486	10.0	0.0	1.0	1.0
30	7	250	13.065	0.25	10.0	0.0	1.0	1.0
30	7	244	12.968	0.18	10.0	0.0	1.0	1.0
30	7	238	12.355	0.486	10.0	0.0	1.0	1.0
30	7	232	12.097	0.301	10.0	0.0	1.0	1.0
30	7	226	11.903	0.301	10.0	0.0	1.0	1.0
30	7	220	11.742	0.445	10.065	0.25	1.0	1.0
30	7	214	11.097	0.301	10.065	0.25	1.0	1.0
30	7	208	11.0	0.0	10.258	0.445	1.0	1.0
30	7	202	10.581	0.502	10.484	0.508	1.0	1.0
30	7	196	10.194	0.402	10.581	0.502	1.0	1.0
30	7	190	9.968	0.18	10.903	0.301	1.0	1.0
30	7	184	9.742	0.445	10.968	0.18	1.0	1.0
30	7	178	9.29	0.461	11.0	0.0	1.0	1.0
30	7	172	9.0	0.0	11.0	0.0	1.0	1.0
30	7	166	8.71	0.461	11.0	0.0	1.0	1.0
30	7	160	8.129	0.341	11.032	0.18	1.0	1.0
30	7	154	8.0	0.0	11.226	0.425	1.0	1.0
30	7	148	7.613	0.495	11.452	0.506	1.0	1.0
30	7	142	7.032	0.18	11.903	0.301	1.0	1.0
30	7	136	6.871	0.341	12.0	0.0	1.0	1.0
30	7	130	6.419	0.502	12.032	0.18	1.0	1.0
30	7	124	6.032	0.18	12.419	0.502	1.0	1.0
30	7	118	5.968	0.18	12.871	0.341	1.0	1.0
30	7	112	5.323	0.475	13.0	0.258	1.0	1.0
30	7	106	5.0	0.0	13.419	0.502	1.0	1.0
30	7	100	4.774	0.425	13.903	0.301	1.0	1.0
30	7	77	3.0	0.258	16.968	0.752	1.0	1.0
30	7	74	2.645	0.551	17.968	0.657	1.0	1.0
30	7	71	2.29	0.461	18.677	0.871	1.0	1.0
30	7	68	1.806	0.543	19.968	1.251	1.0	1.0
30	7	65	1.484	0.508	21.452	1.234	1.0	1.0
30	7	62	1.0	0.263	24.067	2.728	0.935	0.968
30	7	59	0.839	0.454	27.08	2.465	0.806	0.806
30	7	56	0.133	0.346	31.0	2.915	0.129	0.161
30	7	53	0.0	0.0	nan	nan	0.0	0.0
30	7	50	0.0	0.0	nan	nan	0.0	0.0
30	7	47	0.0	0.0	nan	nan	0.0	0.0
30	7	44	0.0	0.0	nan	nan	0.0	0.0
31	7	454	15.258	0.445	9.0	0.0	1.0	1.0
31	7	448	15.097	0.301	8.968	0.18	1.0	1.0
31	7	442	15.032	0.18	9.0	0.0	1.0	1.0
31	7	436	15.0	0.0	9.0	0.0	1.0	1.0
31	7	430	15.0	0.0	9.0	0.0	1.0	1.0
31	7	424	15.0	0.0	9.0	0.0	1.0	1.0
31	7	418	14.903	0.301	9.0	0.0	1.0	1.0
31	7	412	14.484	0.508	9.0	0.0	1.0	1.0
31	7	406	14.097	0.301	9.0	0.0	1.0	1.0
31	7	400	14.032	0.18	9.0	0.0	1.0	1.0
31	7	394	14.032	0.18	9.0	0.0	1.0	1.0
31	7	388	14.0	0.0	9.0	0.0	1.0	1.0
31	7	382	13.968	0.18	9.0	0.0	1.0	1.0
31	7	376	13.774	0.425	9.0	0.0	1.0	1.0
31	7	370	13.419	0.502	9.0	0.0	1.0	1.0
31	7	364	13.194	0.402	9.0	0.0	1.0	1.0
31	7	358	13.0	0.0	9.0	0.0	1.0	1.0
31	7	352	13.0	0.0	9.0	0.0	1.0	1.0
31	7	346	12.968	0.18	9.0	0.0	1.0	1.0
31	7	340	12.903	0.301	9.0	0.0	1.0	1.0
31	7	334	12.484	0.508	9.0	0.0	1.0	1.0
31	7	328	12.032	0.18	9.0	0.0	1.0	1.0
31	7	322	12.0	0.0	9.0	0.0	1.0	1.0
31	7	316	12.0	0.0	9.0	0.0	1.0	1.0
31	7	310	12.0	0.0	9.0	0.0	1.0	1.0
31	7	304	11.484	0.508	9.0	0.0	1.0	1.0
31	7	298	11.097	0.301	9.0	0.0	1.0	1.0
31	7	292	11.0	0.0	9.0	0.0	1.0	1.0
31	7	286	11.0	0.0	9.0	0.0	1.0	1.0
31	7	280	11.0	0.0	9.0	0.0	1.0	1.0
31	7	274	10.871	0.341	9.0	0.0	1.0	1.0
31	7	268	10.129	0.341	9.0	0.0	1.0	1.0
31	7	262	10.0	0.0	9.0	0.0	1.0	1.0
31	7	256	10.0	0.0	9.0	0.0	1.0	1.0
31	7	250	10.0	0.0	9.0	0.0	1.0	1.0
31	7	244	9.774	0.425	9.0	0.0	1.0	1.0
31	7	238	9.129	0.341	9.0	0.0	1.0	1.0
31	7	232	9.0	0.0	9.097	0.301	1.0	1.0
31	7	226	9.0	0.0	9.387	0.495	1.0	1.0
31	7	220	8.968	0.18	9.774	0.425	1.0	1.0
31	7	214	8.29	0.461	9.968	0.18	1.0	1.0
31	7	208	8.0	0.0	10.0	0.0	1.0	1.0
31	7	202	8.0	0.0	10.0	0.0	1.0	1.0
31	7	196	8.0	0.0	10.0	0.0	1.0	1.0
31	7	190	7.516	0.508	10.0	0.0	1.0	1.0
31	7	184	7.065	0.25	10.0	0.0	1.0	1.0
31	7	178	7.0	0.0	10.0	0.0	1.0	1.0
31	7	172	7.0	0.0	10.0	0.0	1.0	1.0
31	7	166	6.774	0.425	10.065	0.25	1.0	1.0
31	7	160	6.032	0.18	10.194	0.402	1.0	1.0
31	7	154	6.0	0.0	10.484	0.508	1.0	1.0
31	7	148	6.0	0.0	10.968	0.18	1.0	1.0
31	7	142	5.871	0.341	11.0	0.0	1.0	1.0
31	7	136	5.065	0.25	11.0	0.0	1.0	1.0
31	7	130	5.0	0.0	11.065	0.25	1.0	1.0
31	7	124	5.0	0.0	11.548	0.506	1.0	1.0
31	7	118	4.774	0.425	11.968	0.18	1.0	1.0
31	7	112	4.097	0.301	12.065	0.25	1.0	1.0
31	7	106	4.0	0.0	12.548	0.506	1.0	1.0
31	7	100	3.968	0.18	12.968	0.18	1.0	1.0
31	7	77	3.0	0.0	16.226	0.497	1.0	1.0
31	7	74	2.774	0.497	16.903	0.7	1.0	1.0
31	7	71	2.032	0.752	18.032	0.912	1.0	1.0
31	7	68	1.29	0.588	18.968	1.016	1.0	1.0
31	7	65	1.0	0.0	21.29	1.189	1.0	1.0
31	7	62	1.0	0.0	23.871	1.979	1.0	1.0
31	7	59	0.633	0.49	26.2	2.913	0.613	0.645
31	7	56	0.0	0.0	nan	nan	0.0	0.0
31	7	53	0.0	0.0	nan	nan	0.0	0.0
31	7	50	0.0	0.0	nan	nan	0.0	0.0
31	7	47	0.0	0.0	nan	nan	0.0	0.0
31	7	44	0.0	0.0	nan	nan	0.0	0.0
