row	col	voltage	tot_avg	tot_std	toa_avg	toa_std	efficiency_tot	efficiency_toa
0	0	420	15.6	0.516	10.0	0.0	1.0	1.0
0	0	380	15.0	0.0	10.0	0.0	1.0	1.0
0	0	340	14.0	0.0	10.0	0.0	1.0	1.0
0	0	300	12.9	0.316	10.0	0.0	1.0	1.0
0	0	260	11.6	0.516	10.0	0.0	1.0	1.0
0	0	220	10.0	0.0	10.0	0.0	1.0	1.0
0	0	180	8.0	0.0	10.0	0.0	1.0	1.0
0	0	140	6.1	0.316	11.0	0.0	1.0	1.0
0	0	100	4.1	0.316	12.0	0.0	1.0	1.0
0	0	77	3.0	0.0	14.2	0.422	1.0	1.0
0	0	74	3.0	0.0	14.9	0.316	1.0	1.0
0	0	71	3.0	0.0	15.8	0.422	1.0	1.0
0	0	68	2.9	0.316	16.5	0.527	1.0	1.0
0	0	65	2.4	0.843	17.6	0.699	1.0	1.0
0	0	62	1.1	0.316	18.9	0.876	1.0	1.0
0	0	59	1.0	0.0	21.6	1.506	1.0	1.0
0	0	56	0.8	0.422	25.375	1.847	0.8	0.8
0	0	53	0.1	0.316	31.0	0.0	0.1	0.1
0	0	50	0.0	0.0	nan	nan	0.0	0.0
0	0	47	0.0	0.0	nan	nan	0.0	0.0
0	0	44	0.0	0.0	nan	nan	0.0	0.0
1	0	420	13.0	0.0	10.0	0.0	1.0	1.0
1	0	380	12.0	0.0	10.0	0.0	1.0	1.0
1	0	340	11.5	0.527	10.0	0.0	1.0	1.0
1	0	300	10.4	0.516	10.0	0.0	1.0	1.0
1	0	260	9.6	0.516	10.0	0.0	1.0	1.0
1	0	220	8.0	0.0	10.0	0.0	1.0	1.0
1	0	180	6.8	0.422	10.1	0.316	1.0	1.0
1	0	140	5.0	0.0	11.0	0.0	1.0	1.0
1	0	100	3.1	0.316	12.1	0.316	1.0	1.0
1	0	77	2.1	0.316	14.3	0.483	1.0	1.0
1	0	74	2.0	0.0	15.2	0.422	1.0	1.0
1	0	71	2.0	0.0	15.7	0.483	1.0	1.0
1	0	68	2.0	0.0	16.2	0.422	1.0	1.0
1	0	65	1.556	0.527	18.1	0.568	0.9	1.0
1	0	62	1.2	0.422	19.2	1.549	1.0	1.0
1	0	59	0.5	0.577	22.25	1.982	0.2	0.8
1	0	56	0.0	0.0	nan	nan	0.0	0.0
1	0	53	0.0	0.0	nan	nan	0.0	0.0
1	0	50	0.0	0.0	nan	nan	0.0	0.0
1	0	47	0.0	0.0	nan	nan	0.0	0.0
1	0	44	0.0	0.0	nan	nan	0.0	0.0
2	0	420	15.0	0.0	11.4	0.516	1.0	1.0
2	0	380	14.1	0.316	11.5	0.527	1.0	1.0
2	0	340	13.4	0.516	11.3	0.483	1.0	1.0
2	0	300	12.6	0.516	11.6	0.516	1.0	1.0
2	0	260	11.1	0.316	11.6	0.516	1.0	1.0
2	0	220	10.0	0.0	11.8	0.422	1.0	1.0
2	0	180	8.0	0.0	11.8	0.422	1.0	1.0
2	0	140	6.0	0.0	12.6	0.516	1.0	1.0
2	0	100	4.0	0.0	14.4	0.516	1.0	1.0
2	0	77	3.0	0.0	16.8	0.632	1.0	1.0
2	0	74	2.8	0.422	17.7	0.483	1.0	1.0
2	0	71	2.0	0.471	18.8	0.789	1.0	1.0
2	0	68	1.8	0.422	19.7	0.949	1.0	1.0
2	0	65	1.1	0.316	22.0	1.563	1.0	1.0
2	0	62	1.0	0.0	25.1	1.729	1.0	1.0
2	0	59	0.889	0.333	27.889	4.285	0.8	0.9
2	0	56	0.0	0.0	nan	nan	0.0	0.0
2	0	53	0.0	0.0	nan	nan	0.0	0.0
2	0	50	0.0	0.0	nan	nan	0.0	0.0
2	0	47	0.0	0.0	nan	nan	0.0	0.0
2	0	44	0.0	0.0	nan	nan	0.0	0.0
3	0	420	14.0	0.0	10.0	0.0	1.0	1.0
3	0	380	13.1	0.316	10.0	0.0	1.0	1.0
3	0	340	12.0	0.0	10.0	0.0	1.0	1.0
3	0	300	11.2	0.422	10.0	0.0	1.0	1.0
3	0	260	10.0	0.0	10.0	0.0	1.0	1.0
3	0	220	8.9	0.316	10.0	0.0	1.0	1.0
3	0	180	7.0	0.0	10.1	0.316	1.0	1.0
3	0	140	5.6	0.516	11.0	0.0	1.0	1.0
3	0	100	3.8	0.422	12.0	0.0	1.0	1.0
3	0	77	2.6	0.516	14.4	0.516	1.0	1.0
3	0	74	2.1	0.316	15.0	0.0	1.0	1.0
3	0	71	2.0	0.0	15.8	0.422	1.0	1.0
3	0	68	2.0	0.0	16.3	0.483	1.0	1.0
3	0	65	1.9	0.316	17.2	0.632	1.0	1.0
3	0	62	1.2	0.422	19.2	1.398	1.0	1.0
3	0	59	0.833	0.408	22.556	1.014	0.5	0.9
3	0	56	0.1	0.316	23.0	0.0	0.1	0.1
3	0	53	0.0	0.0	nan	nan	0.0	0.0
3	0	50	0.0	0.0	nan	nan	0.0	0.0
3	0	47	0.0	0.0	nan	nan	0.0	0.0
3	0	44	0.0	0.0	nan	nan	0.0	0.0
4	0	420	13.0	0.0	10.0	0.0	1.0	1.0
4	0	380	12.4	0.516	10.0	0.0	1.0	1.0
4	0	340	11.9	0.316	10.0	0.0	1.0	1.0
4	0	300	11.0	0.0	10.0	0.0	1.0	1.0
4	0	260	9.8	0.422	10.0	0.0	1.0	1.0
4	0	220	8.1	0.316	10.0	0.0	1.0	1.0
4	0	180	6.9	0.316	10.0	0.0	1.0	1.0
4	0	140	5.0	0.0	11.0	0.0	1.0	1.0
4	0	100	3.6	0.516	12.0	0.0	1.0	1.0
4	0	77	2.1	0.316	14.3	0.483	1.0	1.0
4	0	74	2.1	0.316	14.6	0.699	1.0	1.0
4	0	71	2.0	0.0	15.3	0.483	1.0	1.0
4	0	68	2.0	0.0	16.3	0.675	1.0	1.0
4	0	65	1.9	0.316	17.1	0.738	1.0	1.0
4	0	62	1.667	0.5	18.0	1.054	0.9	1.0
4	0	59	1.0	0.0	20.8	1.687	0.4	1.0
4	0	56	0.0	0.0	nan	nan	0.0	0.0
4	0	53	0.0	0.0	nan	nan	0.0	0.0
4	0	50	0.0	0.0	nan	nan	0.0	0.0
4	0	47	0.0	0.0	nan	nan	0.0	0.0
4	0	44	0.0	0.0	nan	nan	0.0	0.0
5	0	420	14.0	0.0	10.0	0.0	1.0	1.0
5	0	380	13.1	0.316	10.0	0.0	1.0	1.0
5	0	340	12.5	0.527	10.0	0.0	1.0	1.0
5	0	300	11.9	0.316	10.0	0.0	1.0	1.0
5	0	260	10.4	0.516	10.0	0.0	1.0	1.0
5	0	220	9.0	0.0	10.6	0.516	1.0	1.0
5	0	180	7.6	0.516	11.0	0.0	1.0	1.0
5	0	140	5.9	0.316	11.3	0.483	1.0	1.0
5	0	100	4.0	0.0	13.0	0.0	1.0	1.0
5	0	77	3.0	0.0	15.7	0.675	1.0	1.0
5	0	74	2.9	0.316	16.1	0.316	1.0	1.0
5	0	71	2.3	0.483	17.2	0.422	1.0	1.0
5	0	68	1.4	0.516	18.1	0.738	1.0	1.0
5	0	65	1.3	0.483	19.7	1.636	1.0	1.0
5	0	62	1.0	0.0	22.6	2.171	1.0	1.0
5	0	59	1.0	0.0	25.1	2.514	1.0	1.0
5	0	56	0.0	0.0	nan	nan	0.0	0.0
5	0	53	0.0	0.0	nan	nan	0.0	0.0
5	0	50	0.0	0.0	nan	nan	0.0	0.0
5	0	47	0.0	0.0	nan	nan	0.0	0.0
5	0	44	0.0	0.0	nan	nan	0.0	0.0
6	0	420	14.0	0.0	10.0	0.0	1.0	1.0
6	0	380	13.3	0.483	10.0	0.0	1.0	1.0
6	0	340	13.0	0.0	10.0	0.0	1.0	1.0
6	0	300	12.0	0.0	10.0	0.0	1.0	1.0
6	0	260	10.7	0.483	10.0	0.0	1.0	1.0
6	0	220	9.1	0.316	10.0	0.0	1.0	1.0
6	0	180	7.9	0.316	11.0	0.0	1.0	1.0
6	0	140	6.0	0.0	11.0	0.0	1.0	1.0
6	0	100	4.0	0.0	12.6	0.516	1.0	1.0
6	0	77	2.9	0.316	15.2	0.422	1.0	1.0
6	0	74	3.0	0.0	15.7	0.483	1.0	1.0
6	0	71	2.9	0.316	16.0	0.471	1.0	1.0
6	0	68	2.0	0.0	17.3	0.823	1.0	1.0
6	0	65	1.4	0.516	18.3	0.823	1.0	1.0
6	0	62	1.1	0.316	20.0	1.247	1.0	1.0
6	0	59	1.0	0.0	22.5	1.434	1.0	1.0
6	0	56	0.9	0.316	24.889	1.453	0.9	0.9
6	0	53	0.0	0.0	nan	nan	0.0	0.0
6	0	50	0.0	0.0	nan	nan	0.0	0.0
6	0	47	0.0	0.0	nan	nan	0.0	0.0
6	0	44	0.0	0.0	nan	nan	0.0	0.0
7	0	420	15.2	0.422	10.0	0.0	1.0	1.0
7	0	380	14.6	0.516	10.0	0.0	1.0	1.0
7	0	340	13.8	0.422	10.1	0.316	1.0	1.0
7	0	300	12.8	0.422	10.1	0.316	1.0	1.0
7	0	260	11.2	0.422	10.3	0.483	1.0	1.0
7	0	220	9.9	0.316	10.7	0.483	1.0	1.0
7	0	180	7.9	0.316	11.0	0.0	1.0	1.0
7	0	140	6.2	0.422	11.2	0.422	1.0	1.0
7	0	100	4.0	0.0	12.8	0.422	1.0	1.0
7	0	77	3.0	0.0	14.8	0.632	1.0	1.0
7	0	74	2.8	0.422	15.1	0.316	1.0	1.0
7	0	71	2.5	0.527	15.7	0.483	1.0	1.0
7	0	68	2.1	0.316	16.3	0.483	1.0	1.0
7	0	65	1.7	0.483	17.7	0.949	1.0	1.0
7	0	62	1.4	0.516	18.5	0.85	1.0	1.0
7	0	59	1.0	0.0	21.8	2.15	0.8	1.0
7	0	56	0.556	0.527	23.333	0.816	0.5	0.6
7	0	53	0.1	0.316	22.0	0.0	0.1	0.1
7	0	50	0.0	0.0	nan	nan	0.0	0.0
7	0	47	0.0	0.0	nan	nan	0.0	0.0
7	0	44	0.0	0.0	nan	nan	0.0	0.0
8	0	420	12.0	0.0	10.1	0.316	1.0	1.0
8	0	380	11.5	0.527	10.2	0.422	1.0	1.0
8	0	340	11.0	0.0	10.2	0.422	1.0	1.0
8	0	300	10.0	0.0	10.2	0.422	1.0	1.0
8	0	260	9.0	0.0	10.6	0.516	1.0	1.0
8	0	220	8.0	0.0	11.0	0.0	1.0	1.0
8	0	180	7.0	0.0	11.0	0.0	1.0	1.0
8	0	140	5.1	0.316	11.3	0.483	1.0	1.0
8	0	100	4.0	0.0	12.9	0.316	1.0	1.0
8	0	77	3.0	0.0	14.9	0.316	1.0	1.0
8	0	74	3.0	0.0	15.3	0.483	1.0	1.0
8	0	71	2.7	0.483	16.1	0.316	1.0	1.0
8	0	68	2.2	0.422	16.9	0.568	1.0	1.0
8	0	65	1.8	0.422	17.8	0.789	1.0	1.0
8	0	62	1.3	0.483	18.9	0.876	1.0	1.0
8	0	59	1.0	0.0	23.3	1.703	1.0	1.0
8	0	56	0.444	0.527	26.4	3.209	0.4	0.5
8	0	53	0.0	0.0	nan	nan	0.0	0.0
8	0	50	0.0	0.0	nan	nan	0.0	0.0
8	0	47	0.0	0.0	nan	nan	0.0	0.0
8	0	44	0.0	0.0	nan	nan	0.0	0.0
9	0	420	18.1	0.316	10.0	0.0	1.0	1.0
9	0	380	17.2	0.422	10.0	0.0	1.0	1.0
9	0	340	16.5	0.527	10.0	0.0	1.0	1.0
9	0	300	15.0	0.0	10.0	0.0	1.0	1.0
9	0	260	13.4	0.516	10.0	0.0	1.0	1.0
9	0	220	11.8	0.422	10.0	0.0	1.0	1.0
9	0	180	9.6	0.516	10.5	0.527	1.0	1.0
9	0	140	7.0	0.0	11.0	0.0	1.0	1.0
9	0	100	5.0	0.0	12.6	0.516	1.0	1.0
9	0	77	3.0	0.0	15.4	0.699	1.0	1.0
9	0	74	3.0	0.0	16.1	0.316	1.0	1.0
9	0	71	3.0	0.0	16.5	0.527	1.0	1.0
9	0	68	2.5	0.707	17.8	0.919	1.0	1.0
9	0	65	1.7	0.675	19.6	1.075	1.0	1.0
9	0	62	1.1	0.316	22.6	1.647	1.0	1.0
9	0	59	0.8	0.422	24.25	1.488	0.8	0.8
9	0	56	0.1	0.316	30.0	0.0	0.1	0.1
9	0	53	0.0	0.0	nan	nan	0.0	0.0
9	0	50	0.0	0.0	nan	nan	0.0	0.0
9	0	47	0.0	0.0	nan	nan	0.0	0.0
9	0	44	0.0	0.0	nan	nan	0.0	0.0
10	0	420	13.6	0.516	10.0	0.0	1.0	1.0
10	0	380	13.0	0.0	10.0	0.0	1.0	1.0
10	0	340	12.0	0.0	10.0	0.0	1.0	1.0
10	0	300	11.2	0.422	10.0	0.0	1.0	1.0
10	0	260	10.1	0.316	10.0	0.0	1.0	1.0
10	0	220	9.0	0.0	10.0	0.0	1.0	1.0
10	0	180	7.2	0.422	10.2	0.422	1.0	1.0
10	0	140	5.9	0.316	11.0	0.0	1.0	1.0
10	0	100	4.0	0.0	12.4	0.516	1.0	1.0
10	0	77	3.0	0.0	14.7	0.483	1.0	1.0
10	0	74	2.9	0.316	15.6	0.516	1.0	1.0
10	0	71	2.3	0.483	16.2	0.632	1.0	1.0
10	0	68	2.0	0.0	16.9	0.316	1.0	1.0
10	0	65	1.2	0.422	18.8	0.919	1.0	1.0
10	0	62	1.0	0.0	20.3	1.636	1.0	1.0
10	0	59	1.0	0.0	23.9	1.729	1.0	1.0
10	0	56	0.1	0.316	26.0	0.0	0.1	0.1
10	0	53	0.0	0.0	nan	nan	0.0	0.0
10	0	50	0.0	0.0	nan	nan	0.0	0.0
10	0	47	0.0	0.0	nan	nan	0.0	0.0
10	0	44	0.0	0.0	nan	nan	0.0	0.0
11	0	420	16.0	0.0	9.7	0.483	1.0	1.0
11	0	380	15.1	0.316	9.9	0.316	1.0	1.0
11	0	340	14.1	0.316	9.8	0.422	1.0	1.0
11	0	300	13.0	0.0	9.7	0.483	1.0	1.0
11	0	260	11.8	0.422	10.0	0.0	1.0	1.0
11	0	220	10.1	0.316	10.0	0.0	1.0	1.0
11	0	180	8.3	0.483	10.0	0.0	1.0	1.0
11	0	140	6.2	0.422	10.6	0.516	1.0	1.0
11	0	100	4.0	0.0	12.0	0.0	1.0	1.0
11	0	77	2.9	0.316	14.2	0.422	1.0	1.0
11	0	74	2.3	0.483	14.8	0.422	1.0	1.0
11	0	71	2.1	0.316	15.3	0.483	1.0	1.0
11	0	68	2.0	0.0	16.0	0.471	1.0	1.0
11	0	65	2.0	0.0	17.0	0.667	1.0	1.0
11	0	62	1.125	0.354	19.8	1.751	0.8	1.0
11	0	59	0.9	0.568	20.75	2.375	0.8	0.8
11	0	56	0.222	0.441	25.667	0.577	0.2	0.3
11	0	53	0.0	0.0	nan	nan	0.0	0.0
11	0	50	0.0	0.0	nan	nan	0.0	0.0
11	0	47	0.0	0.0	nan	nan	0.0	0.0
11	0	44	0.0	0.0	nan	nan	0.0	0.0
12	0	420	15.9	0.316	10.9	0.316	1.0	1.0
12	0	380	15.0	0.0	11.0	0.0	1.0	1.0
12	0	340	14.0	0.0	10.9	0.316	1.0	1.0
12	0	300	13.0	0.0	11.0	0.0	1.0	1.0
12	0	260	12.0	0.0	11.0	0.0	1.0	1.0
12	0	220	10.0	0.0	11.0	0.0	1.0	1.0
12	0	180	8.9	0.316	11.0	0.0	1.0	1.0
12	0	140	6.9	0.316	11.9	0.316	1.0	1.0
12	0	100	4.4	0.516	13.1	0.316	1.0	1.0
12	0	77	3.0	0.0	16.0	0.0	1.0	1.0
12	0	74	3.0	0.0	16.5	0.527	1.0	1.0
12	0	71	2.8	0.422	17.8	0.632	1.0	1.0
12	0	68	2.1	0.568	18.4	0.516	1.0	1.0
12	0	65	1.5	0.527	21.0	1.7	1.0	1.0
12	0	62	1.0	0.0	23.0	1.633	1.0	1.0
12	0	59	0.889	0.333	25.778	1.302	0.8	0.9
12	0	56	0.2	0.422	31.5	2.121	0.2	0.2
12	0	53	0.0	0.0	nan	nan	0.0	0.0
12	0	50	0.0	0.0	nan	nan	0.0	0.0
12	0	47	0.0	0.0	nan	nan	0.0	0.0
12	0	44	0.0	0.0	nan	nan	0.0	0.0
13	0	420	11.6	0.516	9.9	0.316	1.0	1.0
13	0	380	11.0	0.0	10.0	0.0	1.0	1.0
13	0	340	10.2	0.422	10.0	0.0	1.0	1.0
13	0	300	9.8	0.422	10.0	0.0	1.0	1.0
13	0	260	8.9	0.316	10.0	0.0	1.0	1.0
13	0	220	7.9	0.316	10.0	0.0	1.0	1.0
13	0	180	6.1	0.316	10.0	0.0	1.0	1.0
13	0	140	5.0	0.0	10.5	0.527	1.0	1.0
13	0	100	3.3	0.483	12.0	0.0	1.0	1.0
13	0	77	2.2	0.422	14.2	0.422	1.0	1.0
13	0	74	2.1	0.316	14.3	0.483	1.0	1.0
13	0	71	2.0	0.0	15.2	0.789	1.0	1.0
13	0	68	2.0	0.0	15.7	0.675	1.0	1.0
13	0	65	2.0	0.0	16.8	0.789	1.0	1.0
13	0	62	1.5	0.527	18.1	0.994	1.0	1.0
13	0	59	0.9	0.316	20.556	0.882	0.9	0.9
13	0	56	0.3	0.483	24.333	0.577	0.3	0.3
13	0	53	0.0	0.0	nan	nan	0.0	0.0
13	0	50	0.0	0.0	nan	nan	0.0	0.0
13	0	47	0.0	0.0	nan	nan	0.0	0.0
13	0	44	0.0	0.0	nan	nan	0.0	0.0
14	0	420	15.0	0.0	9.8	0.422	1.0	1.0
14	0	380	14.8	0.422	9.8	0.422	1.0	1.0
14	0	340	13.9	0.316	9.9	0.316	1.0	1.0
14	0	300	12.7	0.483	10.0	0.0	1.0	1.0
14	0	260	11.2	0.422	10.0	0.0	1.0	1.0
14	0	220	9.9	0.316	10.0	0.0	1.0	1.0
14	0	180	7.9	0.316	10.0	0.0	1.0	1.0
14	0	140	5.9	0.316	10.2	0.422	1.0	1.0
14	0	100	4.0	0.0	12.0	0.0	1.0	1.0
14	0	77	2.7	0.483	13.7	0.483	1.0	1.0
14	0	74	2.3	0.483	14.3	0.483	1.0	1.0
14	0	71	2.2	0.422	14.7	0.675	1.0	1.0
14	0	68	2.0	0.0	15.5	0.707	1.0	1.0
14	0	65	2.0	0.0	15.4	0.516	1.0	1.0
14	0	62	1.889	0.333	17.5	1.78	0.9	1.0
14	0	59	1.286	0.488	19.2	1.814	0.7	1.0
14	0	56	0.111	0.333	22.0	1.414	0.1	0.2
14	0	53	0.0	0.0	24.0	0.0	0.0	0.1
14	0	50	0.0	0.0	nan	nan	0.0	0.0
14	0	47	0.0	0.0	nan	nan	0.0	0.0
14	0	44	0.0	0.0	nan	nan	0.0	0.0
15	0	420	12.7	0.483	10.0	0.0	1.0	1.0
15	0	380	12.0	0.0	10.0	0.0	1.0	1.0
15	0	340	11.1	0.316	10.0	0.0	1.0	1.0
15	0	300	10.1	0.316	10.0	0.0	1.0	1.0
15	0	260	9.2	0.422	10.0	0.0	1.0	1.0
15	0	220	8.0	0.0	10.0	0.0	1.0	1.0
15	0	180	6.7	0.483	10.0	0.0	1.0	1.0
15	0	140	5.0	0.0	10.9	0.316	1.0	1.0
15	0	100	3.1	0.316	12.1	0.316	1.0	1.0
15	0	77	2.0	0.0	14.1	0.568	1.0	1.0
15	0	74	2.0	0.0	14.6	0.516	1.0	1.0
15	0	71	2.0	0.0	14.8	0.422	1.0	1.0
15	0	68	2.0	0.0	15.7	0.483	1.0	1.0
15	0	65	2.0	0.0	16.5	0.527	1.0	1.0
15	0	62	1.667	0.5	18.1	1.595	0.9	1.0
15	0	59	1.167	0.408	20.0	1.633	0.6	1.0
15	0	56	0.0	0.0	22.0	2.646	0.0	0.3
15	0	53	0.0	0.0	nan	nan	0.0	0.0
15	0	50	0.0	0.0	nan	nan	0.0	0.0
15	0	47	0.0	0.0	nan	nan	0.0	0.0
15	0	44	0.0	0.0	nan	nan	0.0	0.0
16	0	420	15.0	0.0	10.0	0.0	1.0	1.0
16	0	380	14.7	0.483	10.0	0.0	1.0	1.0
16	0	340	13.6	0.516	10.0	0.0	1.0	1.0
16	0	300	12.8	0.422	10.1	0.316	1.0	1.0
16	0	260	11.1	0.316	10.5	0.527	1.0	1.0
16	0	220	10.0	0.0	11.0	0.0	1.0	1.0
16	0	180	8.0	0.0	11.0	0.0	1.0	1.0
16	0	140	6.1	0.316	11.4	0.516	1.0	1.0
16	0	100	4.2	0.422	13.0	0.0	1.0	1.0
16	0	77	3.0	0.0	15.4	0.516	1.0	1.0
16	0	74	3.0	0.0	15.7	0.675	1.0	1.0
16	0	71	3.0	0.0	16.7	0.483	1.0	1.0
16	0	68	2.7	0.675	17.6	0.699	1.0	1.0
16	0	65	1.4	0.699	18.7	0.949	1.0	1.0
16	0	62	1.0	0.0	21.4	1.647	1.0	1.0
16	0	59	1.0	0.0	25.4	1.578	1.0	1.0
16	0	56	0.778	0.441	28.0	3.117	0.7	0.8
16	0	53	0.0	0.0	nan	nan	0.0	0.0
16	0	50	0.0	0.0	nan	nan	0.0	0.0
16	0	47	0.0	0.0	nan	nan	0.0	0.0
16	0	44	0.0	0.0	nan	nan	0.0	0.0
17	0	420	19.1	0.316	10.0	0.0	1.0	1.0
17	0	380	18.0	0.0	10.0	0.0	1.0	1.0
17	0	340	17.0	0.0	10.0	0.0	1.0	1.0
17	0	300	15.9	0.316	10.0	0.0	1.0	1.0
17	0	260	14.0	0.0	10.0	0.0	1.0	1.0
17	0	220	12.0	0.471	10.0	0.0	1.0	1.0
17	0	180	9.6	0.516	10.0	0.0	1.0	1.0
17	0	140	7.3	0.675	10.9	0.316	1.0	1.0
17	0	100	5.0	0.0	12.0	0.0	1.0	1.0
17	0	77	3.0	0.0	14.1	0.568	1.0	1.0
17	0	74	3.0	0.0	15.1	0.738	1.0	1.0
17	0	71	3.0	0.0	15.0	0.667	1.0	1.0
17	0	68	2.3	0.483	15.7	0.483	1.0	1.0
17	0	65	2.1	0.316	16.3	0.823	1.0	1.0
17	0	62	1.7	0.675	18.2	0.919	1.0	1.0
17	0	59	1.222	0.441	20.1	1.729	0.9	1.0
17	0	56	0.7	0.483	22.143	1.464	0.7	0.7
17	0	53	0.222	0.441	24.667	0.577	0.2	0.3
17	0	50	0.0	0.0	nan	nan	0.0	0.0
17	0	47	0.0	0.0	nan	nan	0.0	0.0
17	0	44	0.0	0.0	nan	nan	0.0	0.0
18	0	420	13.0	0.0	10.0	0.0	1.0	1.0
18	0	380	13.0	0.0	10.0	0.0	1.0	1.0
18	0	340	12.0	0.0	10.0	0.0	1.0	1.0
18	0	300	11.0	0.0	10.0	0.0	1.0	1.0
18	0	260	9.9	0.316	10.0	0.0	1.0	1.0
18	0	220	8.2	0.422	10.0	0.0	1.0	1.0
18	0	180	6.9	0.316	10.0	0.0	1.0	1.0
18	0	140	5.0	0.0	11.0	0.0	1.0	1.0
18	0	100	3.4	0.516	12.0	0.0	1.0	1.0
18	0	77	2.1	0.316	14.1	0.316	1.0	1.0
18	0	74	2.0	0.0	14.6	0.516	1.0	1.0
18	0	71	2.0	0.0	15.2	0.422	1.0	1.0
18	0	68	2.0	0.0	16.3	0.483	1.0	1.0
18	0	65	2.0	0.0	16.5	0.85	1.0	1.0
18	0	62	1.5	0.548	19.0	1.054	0.6	1.0
18	0	59	0.6	0.548	19.625	0.744	0.3	0.8
18	0	56	0.0	0.0	23.0	0.0	0.0	0.1
18	0	53	0.0	0.0	nan	nan	0.0	0.0
18	0	50	0.0	0.0	nan	nan	0.0	0.0
18	0	47	0.0	0.0	nan	nan	0.0	0.0
18	0	44	0.0	0.0	nan	nan	0.0	0.0
19	0	420	21.0	0.0	13.0	0.0	1.0	1.0
19	0	380	20.0	0.0	13.0	0.0	1.0	1.0
19	0	340	19.0	0.0	13.0	0.0	1.0	1.0
19	0	300	17.1	0.316	13.0	0.0	1.0	1.0
19	0	260	15.4	0.516	13.0	0.0	1.0	1.0
19	0	220	13.5	0.527	13.0	0.0	1.0	1.0
19	0	180	11.0	0.0	13.9	0.316	1.0	1.0
19	0	140	8.3	0.483	14.0	0.0	1.0	1.0
19	0	100	5.8	0.422	16.0	0.0	1.0	1.0
19	0	77	3.0	0.0	19.3	0.483	1.0	1.0
19	0	74	2.5	0.527	20.2	0.632	1.0	1.0
19	0	71	2.0	0.0	21.6	0.699	1.0	1.0
19	0	68	2.0	0.0	23.0	0.816	1.0	1.0
19	0	65	2.0	0.0	24.7	0.675	1.0	1.0
19	0	62	1.9	0.316	25.7	0.823	1.0	1.0
19	0	59	1.111	0.601	30.222	2.333	0.8	0.9
19	0	56	0.1	0.316	34.0	0.0	0.1	0.1
19	0	53	0.0	0.0	nan	nan	0.0	0.0
19	0	50	0.0	0.0	nan	nan	0.0	0.0
19	0	47	0.0	0.0	nan	nan	0.0	0.0
19	0	44	0.0	0.0	nan	nan	0.0	0.0
20	0	420	14.4	0.516	10.0	0.0	1.0	1.0
20	0	380	13.8	0.422	10.0	0.0	1.0	1.0
20	0	340	13.0	0.0	10.0	0.0	1.0	1.0
20	0	300	12.0	0.0	10.0	0.0	1.0	1.0
20	0	260	11.0	0.0	10.1	0.316	1.0	1.0
20	0	220	9.2	0.422	10.7	0.483	1.0	1.0
20	0	180	8.0	0.0	11.0	0.0	1.0	1.0
20	0	140	6.0	0.0	11.1	0.316	1.0	1.0
20	0	100	4.0	0.0	13.0	0.0	1.0	1.0
20	0	77	3.0	0.0	14.9	0.316	1.0	1.0
20	0	74	3.0	0.0	15.7	0.483	1.0	1.0
20	0	71	3.0	0.0	16.8	0.422	1.0	1.0
20	0	68	2.8	0.422	17.4	0.699	1.0	1.0
20	0	65	1.6	0.843	18.7	1.252	1.0	1.0
20	0	62	1.0	0.0	20.3	1.252	1.0	1.0
20	0	59	1.0	0.0	23.8	1.229	1.0	1.0
20	0	56	0.667	0.5	28.286	3.402	0.6	0.7
20	0	53	0.0	0.0	nan	nan	0.0	0.0
20	0	50	0.0	0.0	nan	nan	0.0	0.0
20	0	47	0.0	0.0	nan	nan	0.0	0.0
20	0	44	0.0	0.0	nan	nan	0.0	0.0
21	0	420	15.8	0.422	9.0	0.0	1.0	1.0
21	0	380	15.0	0.0	9.0	0.0	1.0	1.0
21	0	340	14.0	0.0	9.0	0.0	1.0	1.0
21	0	300	12.9	0.316	9.0	0.0	1.0	1.0
21	0	260	11.1	0.316	9.7	0.483	1.0	1.0
21	0	220	10.0	0.0	10.0	0.0	1.0	1.0
21	0	180	8.0	0.0	10.0	0.0	1.0	1.0
21	0	140	6.0	0.0	10.1	0.316	1.0	1.0
21	0	100	4.0	0.0	11.9	0.316	1.0	1.0
21	0	77	2.5	0.527	14.1	0.316	1.0	1.0
21	0	74	2.0	0.0	14.2	0.422	1.0	1.0
21	0	71	2.0	0.0	15.0	0.471	1.0	1.0
21	0	68	2.0	0.0	15.8	0.422	1.0	1.0
21	0	65	1.9	0.316	17.0	0.816	1.0	1.0
21	0	62	1.778	0.441	18.4	2.119	0.9	1.0
21	0	59	1.0	0.577	20.333	2.693	0.6	0.9
21	0	56	0.0	0.0	23.75	1.5	0.0	0.4
21	0	53	0.0	0.0	nan	nan	0.0	0.0
21	0	50	0.0	0.0	nan	nan	0.0	0.0
21	0	47	0.0	0.0	nan	nan	0.0	0.0
21	0	44	0.0	0.0	nan	nan	0.0	0.0
22	0	420	20.0	0.0	12.0	0.0	1.0	1.0
22	0	380	19.1	0.316	12.0	0.0	1.0	1.0
22	0	340	18.0	0.0	12.0	0.0	1.0	1.0
22	0	300	16.7	0.483	12.0	0.0	1.0	1.0
22	0	260	15.0	0.0	12.0	0.0	1.0	1.0
22	0	220	13.0	0.0	12.0	0.0	1.0	1.0
22	0	180	10.8	0.422	12.7	0.483	1.0	1.0
22	0	140	8.0	0.0	13.0	0.0	1.0	1.0
22	0	100	5.0	0.0	15.1	0.316	1.0	1.0
22	0	77	3.6	0.699	17.4	0.699	1.0	1.0
22	0	74	2.7	0.823	18.3	0.675	1.0	1.0
22	0	71	2.0	0.0	18.9	0.568	1.0	1.0
22	0	68	2.0	0.0	20.7	1.337	1.0	1.0
22	0	65	1.9	0.316	21.5	1.08	1.0	1.0
22	0	62	1.4	0.516	24.0	1.247	1.0	1.0
22	0	59	1.1	0.316	27.3	4.855	1.0	1.0
22	0	56	0.75	0.463	31.625	3.378	0.6	0.8
22	0	53	0.0	0.0	nan	nan	0.0	0.0
22	0	50	0.0	0.0	nan	nan	0.0	0.0
22	0	47	0.0	0.0	nan	nan	0.0	0.0
22	0	44	0.0	0.0	nan	nan	0.0	0.0
23	0	420	16.0	0.0	10.0	0.0	1.0	1.0
23	0	380	15.5	0.527	10.0	0.0	1.0	1.0
23	0	340	14.7	0.483	10.0	0.0	1.0	1.0
23	0	300	13.8	0.422	10.0	0.0	1.0	1.0
23	0	260	12.1	0.316	10.0	0.0	1.0	1.0
23	0	220	10.8	0.422	10.0	0.0	1.0	1.0
23	0	180	8.9	0.316	10.1	0.316	1.0	1.0
23	0	140	6.8	0.422	11.0	0.0	1.0	1.0
23	0	100	4.9	0.316	12.3	0.483	1.0	1.0
23	0	77	3.0	0.0	14.8	0.632	1.0	1.0
23	0	74	3.0	0.0	15.2	0.422	1.0	1.0
23	0	71	3.0	0.0	16.1	0.316	1.0	1.0
23	0	68	3.0	0.0	17.3	0.483	1.0	1.0
23	0	65	1.7	0.675	18.3	0.675	1.0	1.0
23	0	62	1.1	0.316	20.4	1.43	1.0	1.0
23	0	59	1.0	0.0	23.5	2.014	1.0	1.0
23	0	56	0.4	0.516	26.0	2.16	0.4	0.4
23	0	53	0.0	0.0	nan	nan	0.0	0.0
23	0	50	0.0	0.0	nan	nan	0.0	0.0
23	0	47	0.0	0.0	nan	nan	0.0	0.0
23	0	44	0.0	0.0	nan	nan	0.0	0.0
24	0	420	15.8	0.422	10.0	0.0	1.0	1.0
24	0	380	15.0	0.0	10.0	0.0	1.0	1.0
24	0	340	14.0	0.0	10.0	0.0	1.0	1.0
24	0	300	12.8	0.422	10.0	0.0	1.0	1.0
24	0	260	11.5	0.527	10.0	0.0	1.0	1.0
24	0	220	9.7	0.483	10.0	0.0	1.0	1.0
24	0	180	8.0	0.0	10.5	0.527	1.0	1.0
24	0	140	5.9	0.316	11.0	0.0	1.0	1.0
24	0	100	4.0	0.0	12.1	0.316	1.0	1.0
24	0	77	2.9	0.316	14.7	0.483	1.0	1.0
24	0	74	2.3	0.483	15.0	0.0	1.0	1.0
24	0	71	2.0	0.0	15.9	0.568	1.0	1.0
24	0	68	2.0	0.0	16.6	0.516	1.0	1.0
24	0	65	1.9	0.316	17.4	0.516	1.0	1.0
24	0	62	1.3	0.483	18.8	1.398	1.0	1.0
24	0	59	0.714	0.488	20.75	2.252	0.5	0.8
24	0	56	0.4	0.516	22.5	2.38	0.4	0.4
24	0	53	0.0	0.0	nan	nan	0.0	0.0
24	0	50	0.0	0.0	nan	nan	0.0	0.0
24	0	47	0.0	0.0	nan	nan	0.0	0.0
24	0	44	0.0	0.0	nan	nan	0.0	0.0
25	0	420	19.9	0.316	12.0	0.0	1.0	1.0
25	0	380	19.0	0.0	12.0	0.0	1.0	1.0
25	0	340	17.8	0.422	12.0	0.0	1.0	1.0
25	0	300	16.3	0.483	12.0	0.0	1.0	1.0
25	0	260	14.8	0.422	12.2	0.422	1.0	1.0
25	0	220	12.9	0.316	12.8	0.422	1.0	1.0
25	0	180	10.5	0.527	13.0	0.0	1.0	1.0
25	0	140	8.0	0.0	13.5	0.527	1.0	1.0
25	0	100	5.0	0.0	15.1	0.316	1.0	1.0
25	0	77	3.3	0.675	18.2	0.422	1.0	1.0
25	0	74	2.1	0.316	19.4	0.699	1.0	1.0
25	0	71	2.1	0.316	20.1	0.568	1.0	1.0
25	0	68	2.0	0.0	21.1	0.876	1.0	1.0
25	0	65	2.0	0.0	22.7	0.483	1.0	1.0
25	0	62	1.7	0.483	24.9	1.524	1.0	1.0
25	0	59	1.2	0.422	27.3	1.947	1.0	1.0
25	0	56	0.667	0.516	32.375	3.583	0.4	0.8
25	0	53	0.0	0.0	nan	nan	0.0	0.0
25	0	50	0.0	0.0	nan	nan	0.0	0.0
25	0	47	0.0	0.0	nan	nan	0.0	0.0
25	0	44	0.0	0.0	nan	nan	0.0	0.0
26	0	420	16.2	0.422	10.2	0.422	1.0	1.0
26	0	380	15.6	0.516	10.4	0.516	1.0	1.0
26	0	340	14.8	0.422	10.4	0.516	1.0	1.0
26	0	300	13.4	0.516	10.6	0.516	1.0	1.0
26	0	260	12.0	0.0	10.9	0.316	1.0	1.0
26	0	220	10.2	0.422	11.0	0.0	1.0	1.0
26	0	180	8.7	0.483	11.0	0.0	1.0	1.0
26	0	140	6.9	0.316	12.0	0.0	1.0	1.0
26	0	100	4.4	0.516	13.0	0.0	1.0	1.0
26	0	77	3.0	0.0	15.8	0.422	1.0	1.0
26	0	74	3.0	0.0	16.0	0.471	1.0	1.0
26	0	71	3.0	0.0	17.0	0.471	1.0	1.0
26	0	68	2.4	0.516	18.3	0.483	1.0	1.0
26	0	65	1.5	0.527	19.2	1.033	1.0	1.0
26	0	62	1.0	0.0	22.0	1.247	1.0	1.0
26	0	59	1.0	0.0	24.8	1.398	1.0	1.0
26	0	56	0.4	0.516	30.5	2.887	0.4	0.4
26	0	53	0.0	0.0	nan	nan	0.0	0.0
26	0	50	0.0	0.0	nan	nan	0.0	0.0
26	0	47	0.0	0.0	nan	nan	0.0	0.0
26	0	44	0.0	0.0	nan	nan	0.0	0.0
27	0	420	13.2	0.422	9.0	0.0	1.0	1.0
27	0	380	13.0	0.0	9.0	0.0	1.0	1.0
27	0	340	12.0	0.0	9.0	0.0	1.0	1.0
27	0	300	11.0	0.0	9.1	0.316	1.0	1.0
27	0	260	10.0	0.0	9.4	0.516	1.0	1.0
27	0	220	8.0	0.0	10.0	0.0	1.0	1.0
27	0	180	6.9	0.316	10.0	0.0	1.0	1.0
27	0	140	5.0	0.0	10.0	0.0	1.0	1.0
27	0	100	3.0	0.0	11.2	0.422	1.0	1.0
27	0	77	2.0	0.0	13.7	0.483	1.0	1.0
27	0	74	2.0	0.0	14.0	0.0	1.0	1.0
27	0	71	2.0	0.0	14.4	0.516	1.0	1.0
27	0	68	2.0	0.0	15.3	0.483	1.0	1.0
27	0	65	2.0	0.0	16.0	0.471	1.0	1.0
27	0	62	1.5	0.535	17.8	0.919	0.8	1.0
27	0	59	1.0	0.0	21.1	2.601	0.2	1.0
27	0	56	0.0	0.0	nan	nan	0.0	0.0
27	0	53	0.0	0.0	nan	nan	0.0	0.0
27	0	50	0.0	0.0	nan	nan	0.0	0.0
27	0	47	0.0	0.0	nan	nan	0.0	0.0
27	0	44	0.0	0.0	nan	nan	0.0	0.0
28	0	420	16.3	0.483	10.0	0.0	1.0	1.0
28	0	380	15.4	0.516	10.0	0.0	1.0	1.0
28	0	340	14.9	0.316	10.0	0.0	1.0	1.0
28	0	300	13.2	0.422	10.0	0.0	1.0	1.0
28	0	260	12.0	0.0	10.0	0.0	1.0	1.0
28	0	220	10.0	0.0	10.0	0.0	1.0	1.0
28	0	180	8.1	0.316	10.0	0.0	1.0	1.0
28	0	140	6.1	0.316	11.0	0.0	1.0	1.0
28	0	100	4.0	0.0	12.0	0.0	1.0	1.0
28	0	77	2.9	0.316	14.0	0.471	1.0	1.0
28	0	74	2.8	0.422	14.5	0.527	1.0	1.0
28	0	71	2.1	0.316	15.1	0.316	1.0	1.0
28	0	68	2.0	0.0	16.2	0.422	1.0	1.0
28	0	65	1.9	0.316	17.1	0.876	1.0	1.0
28	0	62	1.556	0.527	18.3	1.16	0.9	1.0
28	0	59	1.0	0.0	20.9	2.331	0.9	1.0
28	0	56	0.1	0.316	23.0	0.0	0.1	0.1
28	0	53	0.0	0.0	nan	nan	0.0	0.0
28	0	50	0.0	0.0	nan	nan	0.0	0.0
28	0	47	0.0	0.0	nan	nan	0.0	0.0
28	0	44	0.0	0.0	nan	nan	0.0	0.0
29	0	420	14.9	0.316	10.0	0.0	1.0	1.0
29	0	380	14.0	0.0	10.0	0.0	1.0	1.0
29	0	340	13.0	0.0	10.0	0.0	1.0	1.0
29	0	300	12.0	0.0	10.0	0.0	1.0	1.0
29	0	260	10.9	0.316	10.0	0.0	1.0	1.0
29	0	220	9.0	0.0	10.0	0.0	1.0	1.0
29	0	180	7.4	0.516	10.0	0.0	1.0	1.0
29	0	140	6.0	0.0	11.0	0.0	1.0	1.0
29	0	100	3.9	0.316	12.0	0.0	1.0	1.0
29	0	77	2.1	0.316	14.2	0.422	1.0	1.0
29	0	74	2.1	0.316	15.0	0.471	1.0	1.0
29	0	71	2.0	0.0	15.9	0.568	1.0	1.0
29	0	68	2.0	0.0	16.4	0.699	1.0	1.0
29	0	65	1.8	0.422	17.7	0.483	1.0	1.0
29	0	62	1.5	0.527	19.0	1.7	1.0	1.0
29	0	59	0.444	0.527	20.8	2.28	0.4	0.5
29	0	56	0.0	0.0	nan	nan	0.0	0.0
29	0	53	0.0	0.0	nan	nan	0.0	0.0
29	0	50	0.0	0.0	nan	nan	0.0	0.0
29	0	47	0.0	0.0	nan	nan	0.0	0.0
29	0	44	0.0	0.0	nan	nan	0.0	0.0
30	0	420	15.4	0.516	9.3	0.483	1.0	1.0
30	0	380	14.9	0.316	9.2	0.422	1.0	1.0
30	0	340	13.7	0.483	9.4	0.516	1.0	1.0
30	0	300	12.6	0.516	9.8	0.422	1.0	1.0
30	0	260	11.2	0.422	10.0	0.0	1.0	1.0
30	0	220	9.7	0.483	10.0	0.0	1.0	1.0
30	0	180	8.0	0.0	10.0	0.0	1.0	1.0
30	0	140	6.0	0.0	10.3	0.483	1.0	1.0
30	0	100	4.0	0.0	11.9	0.316	1.0	1.0
30	0	77	2.5	0.527	14.0	0.471	1.0	1.0
30	0	74	2.2	0.422	14.8	0.422	1.0	1.0
30	0	71	2.2	0.422	15.2	0.422	1.0	1.0
30	0	68	2.0	0.0	15.8	0.632	1.0	1.0
30	0	65	2.0	0.0	16.7	0.483	1.0	1.0
30	0	62	1.2	0.422	18.6	1.174	1.0	1.0
30	0	59	0.857	0.69	20.5	1.773	0.5	0.8
30	0	56	0.0	0.0	23.0	2.0	0.0	0.3
30	0	53	0.0	0.0	nan	nan	0.0	0.0
30	0	50	0.0	0.0	nan	nan	0.0	0.0
30	0	47	0.0	0.0	nan	nan	0.0	0.0
30	0	44	0.0	0.0	nan	nan	0.0	0.0
31	0	420	9.0	0.0	9.0	0.0	1.0	1.0
31	0	380	9.0	0.0	9.0	0.0	1.0	1.0
31	0	340	8.0	0.0	9.0	0.0	1.0	1.0
31	0	300	7.9	0.316	9.0	0.0	1.0	1.0
31	0	260	7.0	0.0	9.0	0.0	1.0	1.0
31	0	220	6.0	0.0	9.0	0.0	1.0	1.0
31	0	180	5.0	0.0	9.0	0.0	1.0	1.0
31	0	140	4.0	0.0	10.0	0.0	1.0	1.0
31	0	100	3.0	0.0	11.0	0.0	1.0	1.0
31	0	77	2.0	0.0	13.1	0.316	1.0	1.0
31	0	74	2.0	0.0	13.5	0.527	1.0	1.0
31	0	71	2.0	0.0	14.1	0.316	1.0	1.0
31	0	68	1.8	0.422	15.0	0.816	1.0	1.0
31	0	65	1.375	0.518	16.4	1.43	0.8	1.0
31	0	62	1.0	0.0	17.6	1.647	0.9	1.0
31	0	59	0.5	0.548	19.429	2.149	0.3	0.7
31	0	56	0.0	0.0	nan	nan	0.0	0.0
31	0	53	0.0	0.0	nan	nan	0.0	0.0
31	0	50	0.0	0.0	nan	nan	0.0	0.0
31	0	47	0.0	0.0	nan	nan	0.0	0.0
31	0	44	0.0	0.0	nan	nan	0.0	0.0
0	1	420	18.0	0.0	10.0	0.0	1.0	1.0
0	1	380	16.9	0.316	10.0	0.0	1.0	1.0
0	1	340	16.0	0.0	10.0	0.0	1.0	1.0
0	1	300	14.5	0.527	10.0	0.0	1.0	1.0
0	1	260	12.9	0.316	10.0	0.0	1.0	1.0
0	1	220	10.9	0.316	10.0	0.0	1.0	1.0
0	1	180	8.9	0.316	10.9	0.316	1.0	1.0
0	1	140	6.8	0.422	11.0	0.0	1.0	1.0
0	1	100	4.1	0.316	12.6	0.516	1.0	1.0
0	1	77	3.0	0.0	14.6	0.516	1.0	1.0
0	1	74	2.7	0.483	15.3	0.483	1.0	1.0
0	1	71	2.7	0.483	15.7	0.483	1.0	1.0
0	1	68	2.1	0.316	16.5	0.527	1.0	1.0
0	1	65	2.0	0.0	17.1	0.738	1.0	1.0
0	1	62	1.5	0.527	18.4	1.174	1.0	1.0
0	1	59	0.889	0.333	20.667	1.871	0.8	0.9
0	1	56	0.375	0.518	24.0	0.707	0.3	0.5
0	1	53	0.0	0.0	nan	nan	0.0	0.0
0	1	50	0.0	0.0	nan	nan	0.0	0.0
0	1	47	0.0	0.0	nan	nan	0.0	0.0
0	1	44	0.0	0.0	nan	nan	0.0	0.0
1	1	420	17.9	0.316	10.0	0.0	1.0	1.0
1	1	380	17.0	0.0	10.0	0.0	1.0	1.0
1	1	340	16.0	0.0	10.0	0.0	1.0	1.0
1	1	300	14.1	0.316	10.0	0.0	1.0	1.0
1	1	260	12.9	0.316	10.0	0.0	1.0	1.0
1	1	220	10.9	0.316	10.6	0.516	1.0	1.0
1	1	180	9.0	0.0	11.0	0.0	1.0	1.0
1	1	140	7.0	0.0	11.1	0.316	1.0	1.0
1	1	100	4.6	0.516	13.0	0.0	1.0	1.0
1	1	77	3.0	0.0	15.8	0.422	1.0	1.0
1	1	74	3.0	0.0	16.2	0.422	1.0	1.0
1	1	71	2.9	0.316	16.7	0.823	1.0	1.0
1	1	68	2.5	0.527	18.0	0.667	1.0	1.0
1	1	65	1.5	0.85	19.1	0.738	1.0	1.0
1	1	62	1.1	0.316	21.5	1.65	1.0	1.0
1	1	59	1.0	0.0	25.4	1.578	1.0	1.0
1	1	56	0.0	0.0	nan	nan	0.0	0.0
1	1	53	0.0	0.0	nan	nan	0.0	0.0
1	1	50	0.0	0.0	nan	nan	0.0	0.0
1	1	47	0.0	0.0	nan	nan	0.0	0.0
1	1	44	0.0	0.0	nan	nan	0.0	0.0
2	1	420	14.2	0.422	9.3	0.483	1.0	1.0
2	1	380	13.9	0.316	9.2	0.422	1.0	1.0
2	1	340	12.9	0.316	9.0	0.0	1.0	1.0
2	1	300	12.0	0.0	9.6	0.516	1.0	1.0
2	1	260	10.7	0.483	9.9	0.316	1.0	1.0
2	1	220	9.0	0.0	10.0	0.0	1.0	1.0
2	1	180	7.9	0.316	10.0	0.0	1.0	1.0
2	1	140	5.9	0.316	10.5	0.527	1.0	1.0
2	1	100	4.0	0.0	11.9	0.316	1.0	1.0
2	1	77	3.0	0.0	14.1	0.316	1.0	1.0
2	1	74	3.0	0.0	14.4	0.516	1.0	1.0
2	1	71	3.0	0.0	14.8	0.789	1.0	1.0
2	1	68	2.6	0.516	15.9	0.316	1.0	1.0
2	1	65	2.1	0.316	17.1	0.738	1.0	1.0
2	1	62	1.1	0.316	18.7	1.059	1.0	1.0
2	1	59	1.1	0.316	21.0	1.764	1.0	1.0
2	1	56	0.8	0.422	25.25	2.55	0.8	0.8
2	1	53	0.0	0.0	nan	nan	0.0	0.0
2	1	50	0.0	0.0	nan	nan	0.0	0.0
2	1	47	0.0	0.0	nan	nan	0.0	0.0
2	1	44	0.0	0.0	nan	nan	0.0	0.0
3	1	420	16.5	0.527	10.4	0.516	1.0	1.0
3	1	380	15.9	0.316	10.3	0.483	1.0	1.0
3	1	340	14.9	0.316	10.1	0.316	1.0	1.0
3	1	300	13.7	0.483	10.6	0.516	1.0	1.0
3	1	260	12.0	0.0	10.9	0.316	1.0	1.0
3	1	220	10.5	0.527	11.0	0.0	1.0	1.0
3	1	180	8.9	0.316	11.0	0.0	1.0	1.0
3	1	140	6.3	0.483	11.9	0.316	1.0	1.0
3	1	100	4.2	0.422	13.0	0.0	1.0	1.0
3	1	77	3.0	0.0	15.1	0.316	1.0	1.0
3	1	74	3.0	0.0	16.0	0.471	1.0	1.0
3	1	71	3.0	0.0	16.8	0.422	1.0	1.0
3	1	68	2.4	0.699	18.0	0.816	1.0	1.0
3	1	65	1.3	0.483	19.2	1.874	1.0	1.0
3	1	62	1.0	0.0	21.5	1.716	1.0	1.0
3	1	59	1.0	0.0	25.1	2.331	1.0	1.0
3	1	56	0.0	0.0	nan	nan	0.0	0.0
3	1	53	0.0	0.0	nan	nan	0.0	0.0
3	1	50	0.0	0.0	nan	nan	0.0	0.0
3	1	47	0.0	0.0	nan	nan	0.0	0.0
3	1	44	0.0	0.0	nan	nan	0.0	0.0
4	1	420	20.0	0.0	12.0	0.0	1.0	1.0
4	1	380	19.0	0.0	12.0	0.0	1.0	1.0
4	1	340	18.0	0.0	12.0	0.0	1.0	1.0
4	1	300	16.2	0.422	12.0	0.0	1.0	1.0
4	1	260	14.4	0.516	12.0	0.0	1.0	1.0
4	1	220	12.6	0.516	12.0	0.0	1.0	1.0
4	1	180	10.1	0.316	12.4	0.516	1.0	1.0
4	1	140	7.9	0.316	13.0	0.0	1.0	1.0
4	1	100	5.0	0.0	14.9	0.316	1.0	1.0
4	1	77	3.8	0.422	17.5	0.527	1.0	1.0
4	1	74	3.0	0.816	18.1	0.568	1.0	1.0
4	1	71	2.1	0.316	18.9	0.568	1.0	1.0
4	1	68	2.0	0.0	19.8	1.033	1.0	1.0
4	1	65	2.0	0.0	21.3	0.675	1.0	1.0
4	1	62	1.8	0.422	23.7	0.675	1.0	1.0
4	1	59	1.1	0.316	25.6	1.43	1.0	1.0
4	1	56	1.0	0.0	32.0	2.789	0.9	1.0
4	1	53	0.0	0.0	nan	nan	0.0	0.0
4	1	50	0.0	0.0	nan	nan	0.0	0.0
4	1	47	0.0	0.0	nan	nan	0.0	0.0
4	1	44	0.0	0.0	nan	nan	0.0	0.0
5	1	420	13.7	0.483	9.0	0.0	1.0	1.0
5	1	380	13.0	0.0	9.0	0.0	1.0	1.0
5	1	340	12.0	0.0	9.0	0.0	1.0	1.0
5	1	300	11.0	0.0	9.0	0.0	1.0	1.0
5	1	260	9.7	0.483	9.0	0.0	1.0	1.0
5	1	220	8.0	0.0	9.6	0.516	1.0	1.0
5	1	180	6.8	0.422	10.0	0.0	1.0	1.0
5	1	140	5.0	0.0	10.0	0.0	1.0	1.0
5	1	100	3.0	0.0	11.5	0.527	1.0	1.0
5	1	77	2.0	0.0	13.2	0.422	1.0	1.0
5	1	74	2.0	0.0	14.0	0.0	1.0	1.0
5	1	71	2.0	0.0	14.4	0.516	1.0	1.0
5	1	68	2.0	0.0	15.0	0.471	1.0	1.0
5	1	65	2.0	0.0	16.1	0.568	1.0	1.0
5	1	62	1.778	0.441	17.3	0.949	0.9	1.0
5	1	59	0.625	0.744	18.0	1.095	0.4	0.6
5	1	56	0.0	0.0	nan	nan	0.0	0.0
5	1	53	0.0	0.0	nan	nan	0.0	0.0
5	1	50	0.0	0.0	nan	nan	0.0	0.0
5	1	47	0.0	0.0	nan	nan	0.0	0.0
5	1	44	0.0	0.0	nan	nan	0.0	0.0
6	1	420	15.3	0.483	10.0	0.0	1.0	1.0
6	1	380	14.9	0.316	10.0	0.0	1.0	1.0
6	1	340	14.0	0.0	10.0	0.0	1.0	1.0
6	1	300	13.0	0.0	10.0	0.0	1.0	1.0
6	1	260	11.4	0.516	10.0	0.0	1.0	1.0
6	1	220	10.0	0.0	10.0	0.0	1.0	1.0
6	1	180	8.0	0.0	10.0	0.0	1.0	1.0
6	1	140	6.0	0.0	11.0	0.0	1.0	1.0
6	1	100	4.1	0.316	12.0	0.0	1.0	1.0
6	1	77	3.0	0.0	14.1	0.316	1.0	1.0
6	1	74	3.0	0.0	14.9	0.568	1.0	1.0
6	1	71	3.0	0.0	15.7	0.483	1.0	1.0
6	1	68	2.8	0.422	16.3	0.675	1.0	1.0
6	1	65	1.9	0.316	17.3	0.483	1.0	1.0
6	1	62	1.1	0.316	19.4	1.075	1.0	1.0
6	1	59	1.0	0.0	22.6	2.413	1.0	1.0
6	1	56	0.667	0.5	27.857	3.671	0.6	0.7
6	1	53	0.0	0.0	nan	nan	0.0	0.0
6	1	50	0.0	0.0	nan	nan	0.0	0.0
6	1	47	0.0	0.0	nan	nan	0.0	0.0
6	1	44	0.0	0.0	nan	nan	0.0	0.0
7	1	420	20.0	0.0	10.0	0.0	1.0	1.0
7	1	380	18.9	0.316	10.0	0.0	1.0	1.0
7	1	340	17.6	0.516	10.0	0.0	1.0	1.0
7	1	300	16.0	0.0	10.0	0.0	1.0	1.0
7	1	260	14.0	0.0	10.0	0.0	1.0	1.0
7	1	220	12.0	0.0	10.0	0.0	1.0	1.0
7	1	180	9.9	0.316	10.4	0.516	1.0	1.0
7	1	140	7.4	0.516	11.0	0.0	1.0	1.0
7	1	100	4.8	0.422	12.2	0.422	1.0	1.0
7	1	77	2.9	0.316	14.6	0.516	1.0	1.0
7	1	74	3.0	0.0	14.8	0.422	1.0	1.0
7	1	71	2.9	0.316	15.4	0.516	1.0	1.0
7	1	68	2.3	0.483	16.6	0.516	1.0	1.0
7	1	65	2.0	0.0	17.1	0.568	1.0	1.0
7	1	62	1.5	0.527	18.9	1.524	1.0	1.0
7	1	59	1.0	0.0	21.0	2.16	0.8	1.0
7	1	56	0.556	0.527	22.833	2.229	0.5	0.6
7	1	53	0.0	0.0	nan	nan	0.0	0.0
7	1	50	0.0	0.0	nan	nan	0.0	0.0
7	1	47	0.0	0.0	nan	nan	0.0	0.0
7	1	44	0.0	0.0	nan	nan	0.0	0.0
8	1	420	24.6	0.516	10.0	0.0	1.0	1.0
8	1	380	23.4	0.516	10.0	0.0	1.0	1.0
8	1	340	21.9	0.316	10.0	0.0	1.0	1.0
8	1	300	19.9	0.316	10.0	0.0	1.0	1.0
8	1	260	17.8	0.422	10.0	0.0	1.0	1.0
8	1	220	15.2	0.422	10.0	0.0	1.0	1.0
8	1	180	12.0	0.0	10.9	0.316	1.0	1.0
8	1	140	8.9	0.316	11.0	0.0	1.0	1.0
8	1	100	5.9	0.316	13.0	0.0	1.0	1.0
8	1	77	4.0	0.0	15.5	0.527	1.0	1.0
8	1	74	3.6	0.516	16.4	0.516	1.0	1.0
8	1	71	3.4	0.516	16.4	0.516	1.0	1.0
8	1	68	2.6	0.516	18.4	0.966	1.0	1.0
8	1	65	2.0	0.0	20.0	1.054	1.0	1.0
8	1	62	1.4	0.516	22.6	2.319	1.0	1.0
8	1	59	1.1	0.568	24.889	2.028	0.9	0.9
8	1	56	0.1	0.316	28.0	0.0	0.1	0.1
8	1	53	0.0	0.0	nan	nan	0.0	0.0
8	1	50	0.0	0.0	nan	nan	0.0	0.0
8	1	47	0.0	0.0	nan	nan	0.0	0.0
8	1	44	0.0	0.0	nan	nan	0.0	0.0
9	1	420	12.0	0.0	9.9	0.316	1.0	1.0
9	1	380	11.5	0.527	10.0	0.0	1.0	1.0
9	1	340	10.9	0.316	10.0	0.0	1.0	1.0
9	1	300	10.0	0.0	10.0	0.0	1.0	1.0
9	1	260	9.0	0.0	10.0	0.0	1.0	1.0
9	1	220	7.3	0.483	10.0	0.0	1.0	1.0
9	1	180	5.9	0.316	10.0	0.0	1.0	1.0
9	1	140	4.8	0.422	10.4	0.516	1.0	1.0
9	1	100	3.0	0.0	11.9	0.316	1.0	1.0
9	1	77	2.0	0.0	13.8	0.422	1.0	1.0
9	1	74	2.0	0.0	14.4	0.516	1.0	1.0
9	1	71	2.0	0.0	14.9	0.568	1.0	1.0
9	1	68	1.9	0.316	15.3	0.675	1.0	1.0
9	1	65	1.5	0.527	16.3	0.483	1.0	1.0
9	1	62	1.333	0.516	17.8	1.033	0.6	1.0
9	1	59	0.5	0.577	19.0	1.195	0.2	0.8
9	1	56	0.0	0.0	nan	nan	0.0	0.0
9	1	53	0.0	0.0	nan	nan	0.0	0.0
9	1	50	0.0	0.0	nan	nan	0.0	0.0
9	1	47	0.0	0.0	nan	nan	0.0	0.0
9	1	44	0.0	0.0	nan	nan	0.0	0.0
10	1	420	15.3	0.483	10.0	0.0	1.0	1.0
10	1	380	14.6	0.516	10.0	0.0	1.0	1.0
10	1	340	14.0	0.0	9.9	0.316	1.0	1.0
10	1	300	12.6	0.516	9.9	0.316	1.0	1.0
10	1	260	11.1	0.316	10.0	0.0	1.0	1.0
10	1	220	9.7	0.483	10.0	0.0	1.0	1.0
10	1	180	8.0	0.0	10.0	0.0	1.0	1.0
10	1	140	6.0	0.0	10.9	0.316	1.0	1.0
10	1	100	4.0	0.0	12.0	0.0	1.0	1.0
10	1	77	3.0	0.0	14.2	0.422	1.0	1.0
10	1	74	3.0	0.0	15.0	0.0	1.0	1.0
10	1	71	2.9	0.316	15.7	0.483	1.0	1.0
10	1	68	2.1	0.316	16.4	0.516	1.0	1.0
10	1	65	1.8	0.422	17.5	0.707	1.0	1.0
10	1	62	1.0	0.0	21.0	2.055	1.0	1.0
10	1	59	0.9	0.316	24.444	3.432	0.9	0.9
10	1	56	0.4	0.516	27.5	3.512	0.4	0.4
10	1	53	0.0	0.0	nan	nan	0.0	0.0
10	1	50	0.0	0.0	nan	nan	0.0	0.0
10	1	47	0.0	0.0	nan	nan	0.0	0.0
10	1	44	0.0	0.0	nan	nan	0.0	0.0
11	1	420	17.9	0.316	11.0	0.0	1.0	1.0
11	1	380	17.0	0.0	11.0	0.0	1.0	1.0
11	1	340	15.8	0.422	11.0	0.0	1.0	1.0
11	1	300	14.4	0.516	11.0	0.0	1.0	1.0
11	1	260	13.0	0.0	11.0	0.0	1.0	1.0
11	1	220	11.1	0.316	11.0	0.0	1.0	1.0
11	1	180	9.0	0.0	11.3	0.483	1.0	1.0
11	1	140	7.0	0.0	12.0	0.0	1.0	1.0
11	1	100	4.9	0.316	13.8	0.422	1.0	1.0
11	1	77	3.2	0.422	15.8	0.422	1.0	1.0
11	1	74	3.0	0.0	16.4	0.699	1.0	1.0
11	1	71	3.0	0.0	17.1	0.316	1.0	1.0
11	1	68	2.8	0.422	18.2	0.422	1.0	1.0
11	1	65	1.9	0.316	20.2	0.632	1.0	1.0
11	1	62	1.3	0.483	21.7	1.059	1.0	1.0
11	1	59	1.0	0.0	24.7	1.567	1.0	1.0
11	1	56	0.7	0.483	28.0	3.317	0.7	0.7
11	1	53	0.0	0.0	nan	nan	0.0	0.0
11	1	50	0.0	0.0	nan	nan	0.0	0.0
11	1	47	0.0	0.0	nan	nan	0.0	0.0
11	1	44	0.0	0.0	nan	nan	0.0	0.0
12	1	420	13.0	0.0	9.6	0.516	1.0	1.0
12	1	380	12.0	0.0	9.5	0.527	1.0	1.0
12	1	340	11.0	0.0	9.3	0.483	1.0	1.0
12	1	300	10.1	0.316	9.6	0.516	1.0	1.0
12	1	260	9.0	0.0	9.9	0.316	1.0	1.0
12	1	220	8.0	0.0	10.0	0.0	1.0	1.0
12	1	180	6.3	0.483	10.0	0.0	1.0	1.0
12	1	140	5.0	0.0	10.1	0.316	1.0	1.0
12	1	100	3.0	0.0	11.6	0.516	1.0	1.0
12	1	77	2.0	0.0	13.2	0.422	1.0	1.0
12	1	74	2.0	0.0	13.6	0.516	1.0	1.0
12	1	71	2.0	0.0	14.1	0.738	1.0	1.0
12	1	68	2.0	0.0	14.8	0.422	1.0	1.0
12	1	65	2.0	0.0	15.2	0.632	1.0	1.0
12	1	62	2.0	0.0	16.2	0.422	1.0	1.0
12	1	59	1.571	0.535	18.0	1.333	0.7	1.0
12	1	56	0.25	0.5	19.714	2.138	0.1	0.7
12	1	53	0.0	0.0	21.0	0.0	0.0	0.1
12	1	50	0.0	0.0	nan	nan	0.0	0.0
12	1	47	0.0	0.0	nan	nan	0.0	0.0
12	1	44	0.0	0.0	nan	nan	0.0	0.0
13	1	420	15.3	0.483	9.0	0.0	1.0	1.0
13	1	380	14.4	0.516	9.0	0.0	1.0	1.0
13	1	340	13.6	0.516	9.0	0.0	1.0	1.0
13	1	300	12.1	0.316	9.0	0.0	1.0	1.0
13	1	260	11.0	0.0	9.0	0.0	1.0	1.0
13	1	220	9.1	0.316	9.0	0.0	1.0	1.0
13	1	180	7.9	0.316	10.0	0.0	1.0	1.0
13	1	140	5.9	0.316	10.0	0.0	1.0	1.0
13	1	100	3.9	0.316	11.0	0.0	1.0	1.0
13	1	77	2.2	0.422	13.0	0.0	1.0	1.0
13	1	74	2.0	0.0	13.6	0.516	1.0	1.0
13	1	71	2.0	0.0	14.3	0.483	1.0	1.0
13	1	68	2.0	0.0	14.9	0.316	1.0	1.0
13	1	65	2.0	0.0	15.7	0.675	1.0	1.0
13	1	62	1.889	0.333	16.7	0.675	0.9	1.0
13	1	59	1.333	0.516	18.8	1.398	0.6	1.0
13	1	56	0.167	0.408	20.8	2.049	0.1	0.5
13	1	53	0.0	0.0	nan	nan	0.0	0.0
13	1	50	0.0	0.0	nan	nan	0.0	0.0
13	1	47	0.0	0.0	nan	nan	0.0	0.0
13	1	44	0.0	0.0	nan	nan	0.0	0.0
14	1	420	15.8	0.422	10.0	0.0	1.0	1.0
14	1	380	14.9	0.316	10.0	0.0	1.0	1.0
14	1	340	14.0	0.0	10.0	0.0	1.0	1.0
14	1	300	12.7	0.483	10.0	0.0	1.0	1.0
14	1	260	11.1	0.316	10.0	0.0	1.0	1.0
14	1	220	9.6	0.516	10.0	0.0	1.0	1.0
14	1	180	7.7	0.483	10.0	0.0	1.0	1.0
14	1	140	5.9	0.316	11.0	0.0	1.0	1.0
14	1	100	4.0	0.0	12.0	0.0	1.0	1.0
14	1	77	3.0	0.0	14.3	0.483	1.0	1.0
14	1	74	2.3	0.483	14.7	0.483	1.0	1.0
14	1	71	2.0	0.0	15.6	0.516	1.0	1.0
14	1	68	2.0	0.0	16.3	0.483	1.0	1.0
14	1	65	1.8	0.422	17.6	0.843	1.0	1.0
14	1	62	1.3	0.483	18.7	0.949	1.0	1.0
14	1	59	1.0	0.535	21.667	2.398	0.7	0.9
14	1	56	0.0	0.0	nan	nan	0.0	0.0
14	1	53	0.0	0.0	nan	nan	0.0	0.0
14	1	50	0.0	0.0	nan	nan	0.0	0.0
14	1	47	0.0	0.0	nan	nan	0.0	0.0
14	1	44	0.0	0.0	nan	nan	0.0	0.0
15	1	420	17.1	0.316	10.0	0.0	1.0	1.0
15	1	380	16.5	0.527	10.0	0.0	1.0	1.0
15	1	340	15.3	0.483	10.0	0.0	1.0	1.0
15	1	300	14.0	0.0	10.0	0.0	1.0	1.0
15	1	260	12.3	0.483	10.0	0.0	1.0	1.0
15	1	220	10.7	0.483	10.0	0.0	1.0	1.0
15	1	180	8.8	0.422	10.0	0.0	1.0	1.0
15	1	140	6.4	0.516	11.0	0.0	1.0	1.0
15	1	100	4.1	0.316	12.0	0.0	1.0	1.0
15	1	77	2.8	0.422	14.5	0.527	1.0	1.0
15	1	74	2.7	0.483	14.9	0.568	1.0	1.0
15	1	71	2.0	0.0	15.9	0.568	1.0	1.0
15	1	68	2.0	0.0	16.1	0.568	1.0	1.0
15	1	65	1.7	0.483	17.2	0.789	1.0	1.0
15	1	62	1.4	0.516	18.8	1.033	1.0	1.0
15	1	59	1.0	0.0	22.1	1.912	0.6	1.0
15	1	56	0.2	0.422	23.0	1.414	0.2	0.2
15	1	53	0.0	0.0	nan	nan	0.0	0.0
15	1	50	0.0	0.0	nan	nan	0.0	0.0
15	1	47	0.0	0.0	nan	nan	0.0	0.0
15	1	44	0.0	0.0	nan	nan	0.0	0.0
16	1	420	19.0	0.0	10.0	0.0	1.0	1.0
16	1	380	17.9	0.316	10.0	0.0	1.0	1.0
16	1	340	16.9	0.316	10.0	0.0	1.0	1.0
16	1	300	15.1	0.316	10.0	0.0	1.0	1.0
16	1	260	13.8	0.422	10.0	0.0	1.0	1.0
16	1	220	11.7	0.483	10.0	0.0	1.0	1.0
16	1	180	9.1	0.316	10.5	0.527	1.0	1.0
16	1	140	6.7	0.483	11.0	0.0	1.0	1.0
16	1	100	4.3	0.483	12.2	0.422	1.0	1.0
16	1	77	3.0	0.0	14.5	0.527	1.0	1.0
16	1	74	2.8	0.422	15.2	0.422	1.0	1.0
16	1	71	2.3	0.483	15.6	0.699	1.0	1.0
16	1	68	2.3	0.483	16.2	0.789	1.0	1.0
16	1	65	2.2	0.632	17.8	1.229	1.0	1.0
16	1	62	1.5	0.527	18.6	0.699	1.0	1.0
16	1	59	0.778	0.667	20.143	2.734	0.6	0.7
16	1	56	0.111	0.333	25.0	1.414	0.1	0.2
16	1	53	0.0	0.0	nan	nan	0.0	0.0
16	1	50	0.0	0.0	nan	nan	0.0	0.0
16	1	47	0.0	0.0	nan	nan	0.0	0.0
16	1	44	0.0	0.0	nan	nan	0.0	0.0
17	1	420	16.1	0.316	10.0	0.0	1.0	1.0
17	1	380	15.5	0.527	10.0	0.0	1.0	1.0
17	1	340	14.5	0.527	10.0	0.0	1.0	1.0
17	1	300	13.6	0.516	10.0	0.0	1.0	1.0
17	1	260	12.0	0.0	10.0	0.0	1.0	1.0
17	1	220	10.0	0.0	10.0	0.0	1.0	1.0
17	1	180	8.8	0.422	10.3	0.483	1.0	1.0
17	1	140	6.6	0.516	11.0	0.0	1.0	1.0
17	1	100	4.3	0.483	12.3	0.483	1.0	1.0
17	1	77	3.0	0.0	14.9	0.316	1.0	1.0
17	1	74	3.0	0.0	15.4	0.699	1.0	1.0
17	1	71	3.0	0.0	16.0	0.471	1.0	1.0
17	1	68	3.0	0.0	16.9	0.568	1.0	1.0
17	1	65	1.8	0.789	18.1	0.876	1.0	1.0
17	1	62	1.4	0.699	19.8	1.932	1.0	1.0
17	1	59	1.0	0.0	23.9	1.969	1.0	1.0
17	1	56	0.7	0.483	25.0	1.915	0.7	0.7
17	1	53	0.0	0.0	nan	nan	0.0	0.0
17	1	50	0.0	0.0	nan	nan	0.0	0.0
17	1	47	0.0	0.0	nan	nan	0.0	0.0
17	1	44	0.0	0.0	nan	nan	0.0	0.0
18	1	420	12.9	0.316	10.0	0.0	1.0	1.0
18	1	380	12.1	0.316	9.9	0.316	1.0	1.0
18	1	340	11.3	0.483	9.9	0.316	1.0	1.0
18	1	300	10.8	0.422	10.0	0.0	1.0	1.0
18	1	260	9.0	0.0	10.0	0.0	1.0	1.0
18	1	220	8.0	0.0	10.0	0.0	1.0	1.0
18	1	180	6.6	0.516	10.0	0.0	1.0	1.0
18	1	140	5.0	0.0	10.6	0.516	1.0	1.0
18	1	100	3.0	0.0	12.0	0.0	1.0	1.0
18	1	77	2.1	0.316	14.1	0.316	1.0	1.0
18	1	74	2.0	0.0	14.8	0.632	1.0	1.0
18	1	71	2.0	0.0	15.0	0.471	1.0	1.0
18	1	68	2.0	0.0	15.4	0.516	1.0	1.0
18	1	65	2.0	0.0	16.7	0.675	1.0	1.0
18	1	62	1.556	0.527	17.9	1.37	0.9	1.0
18	1	59	1.0	0.707	20.0	1.871	0.4	0.9
18	1	56	0.0	0.0	24.0	1.826	0.0	0.4
18	1	53	0.0	0.0	nan	nan	0.0	0.0
18	1	50	0.0	0.0	nan	nan	0.0	0.0
18	1	47	0.0	0.0	nan	nan	0.0	0.0
18	1	44	0.0	0.0	nan	nan	0.0	0.0
19	1	420	20.0	0.0	10.0	0.0	1.0	1.0
19	1	380	19.0	0.0	10.0	0.0	1.0	1.0
19	1	340	18.0	0.0	10.0	0.0	1.0	1.0
19	1	300	16.3	0.483	10.0	0.0	1.0	1.0
19	1	260	14.8	0.422	10.0	0.0	1.0	1.0
19	1	220	12.7	0.483	10.5	0.527	1.0	1.0
19	1	180	10.0	0.0	11.0	0.0	1.0	1.0
19	1	140	8.0	0.0	11.0	0.0	1.0	1.0
19	1	100	5.1	0.316	13.0	0.0	1.0	1.0
19	1	77	4.0	0.0	15.5	0.527	1.0	1.0
19	1	74	3.1	0.316	16.3	0.483	1.0	1.0
19	1	71	2.9	0.316	17.1	1.197	1.0	1.0
19	1	68	2.6	0.516	18.4	1.075	1.0	1.0
19	1	65	2.1	0.316	19.4	0.966	1.0	1.0
19	1	62	1.5	0.527	22.1	1.197	1.0	1.0
19	1	59	1.1	0.316	25.7	1.494	1.0	1.0
19	1	56	0.2	0.422	29.0	0.0	0.2	0.2
19	1	53	0.0	0.0	nan	nan	0.0	0.0
19	1	50	0.0	0.0	nan	nan	0.0	0.0
19	1	47	0.0	0.0	nan	nan	0.0	0.0
19	1	44	0.0	0.0	nan	nan	0.0	0.0
20	1	420	16.9	0.316	10.0	0.0	1.0	1.0
20	1	380	16.1	0.316	10.0	0.0	1.0	1.0
20	1	340	15.0	0.0	10.0	0.0	1.0	1.0
20	1	300	13.9	0.316	10.0	0.0	1.0	1.0
20	1	260	12.1	0.316	10.0	0.0	1.0	1.0
20	1	220	10.6	0.516	10.0	0.0	1.0	1.0
20	1	180	8.5	0.527	11.0	0.0	1.0	1.0
20	1	140	6.6	0.516	11.0	0.0	1.0	1.0
20	1	100	4.0	0.0	12.9	0.316	1.0	1.0
20	1	77	3.0	0.0	15.2	0.422	1.0	1.0
20	1	74	3.0	0.0	15.8	0.422	1.0	1.0
20	1	71	2.9	0.316	16.3	0.483	1.0	1.0
20	1	68	2.1	0.316	17.4	0.516	1.0	1.0
20	1	65	1.4	0.699	18.5	0.707	1.0	1.0
20	1	62	1.0	0.0	20.2	1.549	1.0	1.0
20	1	59	1.0	0.0	23.5	1.9	0.9	1.0
20	1	56	0.7	0.483	24.143	1.215	0.7	0.7
20	1	53	0.0	0.0	nan	nan	0.0	0.0
20	1	50	0.0	0.0	nan	nan	0.0	0.0
20	1	47	0.0	0.0	nan	nan	0.0	0.0
20	1	44	0.0	0.0	nan	nan	0.0	0.0
21	1	420	13.4	0.516	9.0	0.0	1.0	1.0
21	1	380	13.0	0.0	9.0	0.0	1.0	1.0
21	1	340	12.0	0.0	9.3	0.483	1.0	1.0
21	1	300	11.0	0.0	9.3	0.483	1.0	1.0
21	1	260	9.8	0.422	9.8	0.422	1.0	1.0
21	1	220	8.0	0.0	10.0	0.0	1.0	1.0
21	1	180	6.8	0.422	10.0	0.0	1.0	1.0
21	1	140	4.9	0.316	10.2	0.422	1.0	1.0
21	1	100	3.2	0.422	11.9	0.316	1.0	1.0
21	1	77	2.2	0.422	13.8	0.632	1.0	1.0
21	1	74	2.0	0.0	14.1	0.316	1.0	1.0
21	1	71	2.0	0.0	15.0	0.0	1.0	1.0
21	1	68	2.0	0.0	15.7	0.483	1.0	1.0
21	1	65	1.8	0.422	17.1	1.197	1.0	1.0
21	1	62	1.5	0.535	18.2	0.919	0.8	1.0
21	1	59	1.2	0.447	20.0	2.055	0.5	1.0
21	1	56	0.0	0.0	20.5	0.707	0.0	0.2
21	1	53	0.0	0.0	nan	nan	0.0	0.0
21	1	50	0.0	0.0	nan	nan	0.0	0.0
21	1	47	0.0	0.0	nan	nan	0.0	0.0
21	1	44	0.0	0.0	nan	nan	0.0	0.0
22	1	420	18.6	0.516	10.0	0.0	1.0	1.0
22	1	380	17.9	0.316	10.0	0.0	1.0	1.0
22	1	340	16.8	0.422	10.0	0.0	1.0	1.0
22	1	300	15.0	0.0	10.0	0.0	1.0	1.0
22	1	260	13.8	0.422	10.0	0.0	1.0	1.0
22	1	220	12.0	0.0	10.6	0.516	1.0	1.0
22	1	180	9.5	0.527	11.0	0.0	1.0	1.0
22	1	140	7.3	0.483	11.2	0.422	1.0	1.0
22	1	100	5.0	0.0	12.9	0.316	1.0	1.0
22	1	77	3.2	0.422	15.1	0.316	1.0	1.0
22	1	74	3.0	0.0	15.9	0.316	1.0	1.0
22	1	71	3.0	0.0	16.5	0.707	1.0	1.0
22	1	68	3.0	0.0	17.6	0.516	1.0	1.0
22	1	65	2.1	0.316	18.9	0.316	1.0	1.0
22	1	62	1.3	0.483	20.7	1.059	1.0	1.0
22	1	59	1.0	0.0	24.1	2.685	1.0	1.0
22	1	56	0.8	0.422	28.875	2.031	0.8	0.8
22	1	53	0.0	0.0	nan	nan	0.0	0.0
22	1	50	0.0	0.0	nan	nan	0.0	0.0
22	1	47	0.0	0.0	nan	nan	0.0	0.0
22	1	44	0.0	0.0	nan	nan	0.0	0.0
23	1	420	13.0	0.0	9.0	0.0	1.0	1.0
23	1	380	12.5	0.527	9.0	0.0	1.0	1.0
23	1	340	12.0	0.0	9.0	0.0	1.0	1.0
23	1	300	11.0	0.0	9.0	0.0	1.0	1.0
23	1	260	9.3	0.483	9.0	0.0	1.0	1.0
23	1	220	8.0	0.0	9.3	0.483	1.0	1.0
23	1	180	6.9	0.316	10.0	0.0	1.0	1.0
23	1	140	5.0	0.0	10.0	0.0	1.0	1.0
23	1	100	3.1	0.316	11.1	0.316	1.0	1.0
23	1	77	2.1	0.316	13.0	0.0	1.0	1.0
23	1	74	2.0	0.0	13.3	0.675	1.0	1.0
23	1	71	2.0	0.0	13.9	0.568	1.0	1.0
23	1	68	2.0	0.0	14.6	0.516	1.0	1.0
23	1	65	2.0	0.0	15.4	0.699	1.0	1.0
23	1	62	1.8	0.422	16.5	1.08	1.0	1.0
23	1	59	1.571	0.535	18.3	2.003	0.7	1.0
23	1	56	0.333	0.577	20.875	1.727	0.1	0.8
23	1	53	0.0	0.0	24.5	0.707	0.0	0.2
23	1	50	0.0	0.0	nan	nan	0.0	0.0
23	1	47	0.0	0.0	nan	nan	0.0	0.0
23	1	44	0.0	0.0	nan	nan	0.0	0.0
24	1	420	14.1	0.316	10.0	0.0	1.0	1.0
24	1	380	13.6	0.516	10.0	0.0	1.0	1.0
24	1	340	12.8	0.422	10.0	0.0	1.0	1.0
24	1	300	11.6	0.516	10.0	0.0	1.0	1.0
24	1	260	10.1	0.316	10.0	0.0	1.0	1.0
24	1	220	8.9	0.316	10.0	0.0	1.0	1.0
24	1	180	7.0	0.0	10.0	0.0	1.0	1.0
24	1	140	5.1	0.316	10.8	0.422	1.0	1.0
24	1	100	3.9	0.316	12.1	0.316	1.0	1.0
24	1	77	2.2	0.422	13.9	0.316	1.0	1.0
24	1	74	2.0	0.0	14.6	0.516	1.0	1.0
24	1	71	2.0	0.0	15.1	0.316	1.0	1.0
24	1	68	2.0	0.0	15.7	0.483	1.0	1.0
24	1	65	2.0	0.0	16.9	0.876	0.9	1.0
24	1	62	1.375	0.518	18.6	0.966	0.8	1.0
24	1	59	0.5	0.548	20.429	2.573	0.3	0.7
24	1	56	0.0	0.0	25.0	0.0	0.0	0.1
24	1	53	0.0	0.0	nan	nan	0.0	0.0
24	1	50	0.0	0.0	nan	nan	0.0	0.0
24	1	47	0.0	0.0	nan	nan	0.0	0.0
24	1	44	0.0	0.0	nan	nan	0.0	0.0
25	1	420	11.3	0.483	9.0	0.0	1.0	1.0
25	1	380	11.0	0.0	9.0	0.0	1.0	1.0
25	1	340	10.0	0.0	9.0	0.0	1.0	1.0
25	1	300	9.0	0.0	9.0	0.0	1.0	1.0
25	1	260	8.0	0.0	9.0	0.0	1.0	1.0
25	1	220	7.0	0.0	9.0	0.0	1.0	1.0
25	1	180	6.0	0.0	10.0	0.0	1.0	1.0
25	1	140	4.0	0.0	10.0	0.0	1.0	1.0
25	1	100	3.0	0.0	11.2	0.422	1.0	1.0
25	1	77	2.0	0.0	13.0	0.0	1.0	1.0
25	1	74	2.0	0.0	13.6	0.516	1.0	1.0
25	1	71	2.0	0.0	14.1	0.568	1.0	1.0
25	1	68	2.0	0.0	14.5	0.527	1.0	1.0
25	1	65	1.7	0.483	15.8	0.919	1.0	1.0
25	1	62	1.1	0.316	16.8	0.632	1.0	1.0
25	1	59	1.4	0.548	18.6	0.966	0.5	1.0
25	1	56	0.0	0.0	21.667	2.082	0.0	0.3
25	1	53	0.0	0.0	nan	nan	0.0	0.0
25	1	50	0.0	0.0	nan	nan	0.0	0.0
25	1	47	0.0	0.0	nan	nan	0.0	0.0
25	1	44	0.0	0.0	nan	nan	0.0	0.0
26	1	420	18.0	0.0	10.0	0.0	1.0	1.0
26	1	380	17.0	0.0	10.2	0.422	1.0	1.0
26	1	340	16.0	0.0	10.3	0.483	1.0	1.0
26	1	300	14.8	0.422	10.3	0.483	1.0	1.0
26	1	260	12.9	0.316	11.0	0.0	1.0	1.0
26	1	220	11.1	0.316	11.0	0.0	1.0	1.0
26	1	180	9.1	0.316	11.0	0.0	1.0	1.0
26	1	140	7.0	0.0	11.7	0.483	1.0	1.0
26	1	100	4.9	0.316	13.0	0.0	1.0	1.0
26	1	77	3.1	0.316	15.6	0.516	1.0	1.0
26	1	74	3.0	0.0	16.1	0.316	1.0	1.0
26	1	71	3.0	0.0	17.0	0.471	1.0	1.0
26	1	68	2.8	0.422	18.2	0.422	1.0	1.0
26	1	65	1.9	0.316	19.6	0.699	1.0	1.0
26	1	62	1.4	0.516	21.8	1.398	1.0	1.0
26	1	59	1.1	0.316	24.3	2.058	1.0	1.0
26	1	56	0.5	0.527	28.6	2.51	0.5	0.5
26	1	53	0.0	0.0	nan	nan	0.0	0.0
26	1	50	0.0	0.0	nan	nan	0.0	0.0
26	1	47	0.0	0.0	nan	nan	0.0	0.0
26	1	44	0.0	0.0	nan	nan	0.0	0.0
27	1	420	18.9	0.316	10.8	0.422	1.0	1.0
27	1	380	17.9	0.316	10.6	0.516	1.0	1.0
27	1	340	16.5	0.527	10.8	0.422	1.0	1.0
27	1	300	15.0	0.0	10.9	0.316	1.0	1.0
27	1	260	13.2	0.422	10.9	0.316	1.0	1.0
27	1	220	11.1	0.316	11.0	0.0	1.0	1.0
27	1	180	8.9	0.316	11.1	0.316	1.0	1.0
27	1	140	6.9	0.316	12.0	0.0	1.0	1.0
27	1	100	4.1	0.316	13.1	0.316	1.0	1.0
27	1	77	3.0	0.0	15.4	0.516	1.0	1.0
27	1	74	2.8	0.422	15.8	0.422	1.0	1.0
27	1	71	2.3	0.483	16.6	0.699	1.0	1.0
27	1	68	1.8	0.422	17.6	0.843	1.0	1.0
27	1	65	1.2	0.422	18.9	0.738	1.0	1.0
27	1	62	1.0	0.0	21.4	1.578	0.9	1.0
27	1	59	0.4	0.516	21.75	1.708	0.4	0.4
27	1	56	0.0	0.0	nan	nan	0.0	0.0
27	1	53	0.0	0.0	nan	nan	0.0	0.0
27	1	50	0.0	0.0	nan	nan	0.0	0.0
27	1	47	0.0	0.0	nan	nan	0.0	0.0
27	1	44	0.0	0.0	nan	nan	0.0	0.0
28	1	420	18.4	0.516	9.0	0.0	1.0	1.0
28	1	380	17.8	0.422	9.0	0.0	1.0	1.0
28	1	340	16.3	0.483	9.0	0.0	1.0	1.0
28	1	300	14.9	0.316	9.0	0.0	1.0	1.0
28	1	260	13.0	0.0	9.0	0.0	1.0	1.0
28	1	220	11.1	0.316	9.0	0.0	1.0	1.0
28	1	180	9.0	0.0	10.0	0.0	1.0	1.0
28	1	140	6.7	0.483	10.0	0.0	1.0	1.0
28	1	100	4.0	0.0	11.0	0.0	1.0	1.0
28	1	77	2.8	0.422	13.0	0.0	1.0	1.0
28	1	74	2.2	0.422	13.5	0.527	1.0	1.0
28	1	71	2.0	0.0	14.3	0.483	1.0	1.0
28	1	68	2.0	0.0	14.6	0.699	1.0	1.0
28	1	65	2.0	0.0	15.6	0.516	1.0	1.0
28	1	62	2.0	0.0	16.7	0.675	1.0	1.0
28	1	59	0.8	1.095	19.286	1.799	0.2	0.7
28	1	56	0.0	0.0	nan	nan	0.0	0.0
28	1	53	0.0	0.0	nan	nan	0.0	0.0
28	1	50	0.0	0.0	nan	nan	0.0	0.0
28	1	47	0.0	0.0	nan	nan	0.0	0.0
28	1	44	0.0	0.0	nan	nan	0.0	0.0
29	1	420	15.0	0.0	10.0	0.0	1.0	1.0
29	1	380	14.0	0.0	10.0	0.0	1.0	1.0
29	1	340	13.0	0.0	10.0	0.0	1.0	1.0
29	1	300	12.0	0.0	10.0	0.0	1.0	1.0
29	1	260	11.0	0.0	10.0	0.0	1.0	1.0
29	1	220	9.4	0.516	10.0	0.0	1.0	1.0
29	1	180	8.0	0.0	10.0	0.0	1.0	1.0
29	1	140	6.0	0.0	10.9	0.316	1.0	1.0
29	1	100	4.0	0.0	12.0	0.0	1.0	1.0
29	1	77	3.0	0.0	14.0	0.0	1.0	1.0
29	1	74	3.0	0.0	14.6	0.516	1.0	1.0
29	1	71	2.8	0.422	15.0	0.471	1.0	1.0
29	1	68	2.1	0.316	16.2	0.422	1.0	1.0
29	1	65	2.0	0.0	17.0	0.667	1.0	1.0
29	1	62	1.6	0.516	18.0	0.943	1.0	1.0
29	1	59	1.0	0.0	22.3	1.567	1.0	1.0
29	1	56	0.7	0.483	25.143	1.215	0.7	0.7
29	1	53	0.0	0.0	nan	nan	0.0	0.0
29	1	50	0.0	0.0	nan	nan	0.0	0.0
29	1	47	0.0	0.0	nan	nan	0.0	0.0
29	1	44	0.0	0.0	nan	nan	0.0	0.0
30	1	420	15.0	0.0	10.0	0.0	1.0	1.0
30	1	380	14.1	0.316	10.0	0.0	1.0	1.0
30	1	340	13.4	0.516	10.0	0.0	1.0	1.0
30	1	300	12.0	0.0	10.0	0.0	1.0	1.0
30	1	260	11.0	0.0	10.0	0.0	1.0	1.0
30	1	220	9.0	0.0	10.0	0.0	1.0	1.0
30	1	180	7.7	0.483	10.9	0.316	1.0	1.0
30	1	140	5.9	0.316	11.0	0.0	1.0	1.0
30	1	100	4.0	0.0	12.3	0.483	1.0	1.0
30	1	77	2.9	0.316	14.8	0.422	1.0	1.0
30	1	74	2.6	0.516	15.0	0.0	1.0	1.0
30	1	71	2.1	0.316	15.9	0.316	1.0	1.0
30	1	68	2.0	0.0	16.9	0.316	1.0	1.0
30	1	65	1.4	0.516	18.2	0.789	1.0	1.0
30	1	62	1.0	0.0	20.4	1.506	1.0	1.0
30	1	59	0.889	0.333	22.667	1.323	0.8	0.9
30	1	56	0.111	0.333	26.0	0.0	0.1	0.2
30	1	53	0.0	0.0	nan	nan	0.0	0.0
30	1	50	0.0	0.0	nan	nan	0.0	0.0
30	1	47	0.0	0.0	nan	nan	0.0	0.0
30	1	44	0.0	0.0	nan	nan	0.0	0.0
31	1	420	12.2	0.422	10.0	0.0	1.0	1.0
31	1	380	12.0	0.0	10.0	0.0	1.0	1.0
31	1	340	11.0	0.0	10.0	0.0	1.0	1.0
31	1	300	10.0	0.0	10.0	0.0	1.0	1.0
31	1	260	9.0	0.0	10.0	0.0	1.0	1.0
31	1	220	8.0	0.0	10.0	0.0	1.0	1.0
31	1	180	6.4	0.516	10.0	0.0	1.0	1.0
31	1	140	5.0	0.0	10.9	0.316	1.0	1.0
31	1	100	3.5	0.527	12.0	0.0	1.0	1.0
31	1	77	2.2	0.422	14.4	0.516	1.0	1.0
31	1	74	2.0	0.0	14.9	0.316	1.0	1.0
31	1	71	2.0	0.0	15.3	0.483	1.0	1.0
31	1	68	2.0	0.0	16.2	0.632	1.0	1.0
31	1	65	1.8	0.422	17.4	0.843	1.0	1.0
31	1	62	1.4	0.516	18.5	1.08	1.0	1.0
31	1	59	1.0	0.0	21.5	1.958	0.9	1.0
31	1	56	0.125	0.354	24.667	2.309	0.1	0.3
31	1	53	0.0	0.0	nan	nan	0.0	0.0
31	1	50	0.0	0.0	nan	nan	0.0	0.0
31	1	47	0.0	0.0	nan	nan	0.0	0.0
31	1	44	0.0	0.0	nan	nan	0.0	0.0
0	2	420	16.4	0.516	9.0	0.0	1.0	1.0
0	2	380	15.8	0.422	9.0	0.0	1.0	1.0
0	2	340	15.0	0.0	9.0	0.0	1.0	1.0
0	2	300	14.0	0.0	9.0	0.0	1.0	1.0
0	2	260	12.2	0.422	9.0	0.0	1.0	1.0
0	2	220	11.0	0.0	9.0	0.0	1.0	1.0
0	2	180	8.8	0.422	9.6	0.516	1.0	1.0
0	2	140	6.9	0.316	10.0	0.0	1.0	1.0
0	2	100	4.6	0.516	11.4	0.516	1.0	1.0
0	2	77	3.0	0.0	14.3	0.483	1.0	1.0
0	2	74	3.0	0.0	14.6	0.516	1.0	1.0
0	2	71	3.0	0.0	15.4	0.516	1.0	1.0
0	2	68	2.6	0.516	16.2	0.789	1.0	1.0
0	2	65	1.8	0.422	18.1	0.994	1.0	1.0
0	2	62	1.3	0.483	19.5	1.509	1.0	1.0
0	2	59	1.0	0.0	25.0	2.944	1.0	1.0
0	2	56	0.6	0.516	27.667	3.266	0.6	0.6
0	2	53	0.0	0.0	nan	nan	0.0	0.0
0	2	50	0.0	0.0	nan	nan	0.0	0.0
0	2	47	0.0	0.0	nan	nan	0.0	0.0
0	2	44	0.0	0.0	nan	nan	0.0	0.0
1	2	420	11.0	0.0	9.0	0.0	1.0	1.0
1	2	380	10.4	0.516	9.0	0.0	1.0	1.0
1	2	340	10.0	0.0	9.0	0.0	1.0	1.0
1	2	300	9.0	0.0	9.0	0.0	1.0	1.0
1	2	260	8.0	0.0	9.0	0.0	1.0	1.0
1	2	220	7.0	0.0	9.0	0.0	1.0	1.0
1	2	180	5.9	0.316	9.9	0.316	1.0	1.0
1	2	140	4.2	0.422	10.0	0.0	1.0	1.0
1	2	100	3.0	0.0	11.0	0.0	1.0	1.0
1	2	77	2.0	0.0	13.2	0.422	1.0	1.0
1	2	74	2.0	0.0	14.0	0.0	1.0	1.0
1	2	71	2.0	0.0	14.3	0.483	1.0	1.0
1	2	68	1.9	0.316	14.5	0.85	1.0	1.0
1	2	65	1.9	0.316	15.5	0.527	1.0	1.0
1	2	62	1.778	0.441	16.8	0.919	0.9	1.0
1	2	59	1.0	0.0	19.2	1.549	0.1	1.0
1	2	56	0.0	0.0	nan	nan	0.0	0.0
1	2	53	0.0	0.0	nan	nan	0.0	0.0
1	2	50	0.0	0.0	nan	nan	0.0	0.0
1	2	47	0.0	0.0	nan	nan	0.0	0.0
1	2	44	0.0	0.0	nan	nan	0.0	0.0
2	2	420	12.8	0.422	9.0	0.0	1.0	1.0
2	2	380	12.0	0.0	9.0	0.0	1.0	1.0
2	2	340	11.4	0.516	9.0	0.0	1.0	1.0
2	2	300	10.6	0.516	9.0	0.0	1.0	1.0
2	2	260	9.0	0.0	9.0	0.0	1.0	1.0
2	2	220	8.0	0.0	9.0	0.0	1.0	1.0
2	2	180	6.8	0.422	9.9	0.316	1.0	1.0
2	2	140	5.0	0.0	10.0	0.0	1.0	1.0
2	2	100	3.0	0.0	11.3	0.483	1.0	1.0
2	2	77	2.0	0.0	13.6	0.516	1.0	1.0
2	2	74	2.0	0.0	14.1	0.316	1.0	1.0
2	2	71	2.0	0.0	14.7	0.675	1.0	1.0
2	2	68	2.0	0.0	15.4	0.516	1.0	1.0
2	2	65	2.0	0.0	17.1	0.738	1.0	1.0
2	2	62	2.0	0.0	18.0	2.16	0.8	1.0
2	2	59	0.222	0.441	20.667	1.528	0.2	0.3
2	2	56	0.0	0.0	nan	nan	0.0	0.0
2	2	53	0.0	0.0	nan	nan	0.0	0.0
2	2	50	0.0	0.0	nan	nan	0.0	0.0
2	2	47	0.0	0.0	nan	nan	0.0	0.0
2	2	44	0.0	0.0	nan	nan	0.0	0.0
3	2	420	13.0	0.0	9.0	0.0	1.0	1.0
3	2	380	12.1	0.316	9.0	0.0	1.0	1.0
3	2	340	12.0	0.0	9.0	0.0	1.0	1.0
3	2	300	10.9	0.316	9.0	0.0	1.0	1.0
3	2	260	9.9	0.316	9.0	0.0	1.0	1.0
3	2	220	8.4	0.516	9.6	0.516	1.0	1.0
3	2	180	7.0	0.0	10.0	0.0	1.0	1.0
3	2	140	5.1	0.316	10.0	0.0	1.0	1.0
3	2	100	3.9	0.316	11.3	0.483	1.0	1.0
3	2	77	2.3	0.483	13.7	0.483	1.0	1.0
3	2	74	2.2	0.422	14.2	0.422	1.0	1.0
3	2	71	2.0	0.0	14.8	0.632	1.0	1.0
3	2	68	2.0	0.0	15.6	0.516	1.0	1.0
3	2	65	1.9	0.316	16.4	0.699	1.0	1.0
3	2	62	1.8	0.422	17.2	0.919	1.0	1.0
3	2	59	1.125	0.354	21.5	2.55	0.8	1.0
3	2	56	0.111	0.333	24.5	0.707	0.1	0.2
3	2	53	0.0	0.0	nan	nan	0.0	0.0
3	2	50	0.0	0.0	nan	nan	0.0	0.0
3	2	47	0.0	0.0	nan	nan	0.0	0.0
3	2	44	0.0	0.0	nan	nan	0.0	0.0
4	2	420	14.0	0.0	9.9	0.316	1.0	1.0
4	2	380	13.8	0.422	9.9	0.316	1.0	1.0
4	2	340	13.0	0.0	10.0	0.0	1.0	1.0
4	2	300	11.6	0.516	10.0	0.0	1.0	1.0
4	2	260	10.8	0.422	10.0	0.0	1.0	1.0
4	2	220	9.0	0.0	10.0	0.0	1.0	1.0
4	2	180	7.8	0.422	10.0	0.0	1.0	1.0
4	2	140	6.0	0.0	10.8	0.422	1.0	1.0
4	2	100	4.0	0.0	12.0	0.0	1.0	1.0
4	2	77	3.0	0.0	14.2	0.422	1.0	1.0
4	2	74	2.9	0.316	15.0	0.471	1.0	1.0
4	2	71	2.9	0.316	15.7	0.483	1.0	1.0
4	2	68	2.3	0.483	16.5	0.707	1.0	1.0
4	2	65	1.8	0.422	17.9	0.994	1.0	1.0
4	2	62	1.2	0.422	19.5	1.08	1.0	1.0
4	2	59	1.0	0.0	22.8	1.874	1.0	1.0
4	2	56	0.556	0.527	27.667	3.724	0.5	0.6
4	2	53	0.0	0.0	nan	nan	0.0	0.0
4	2	50	0.0	0.0	nan	nan	0.0	0.0
4	2	47	0.0	0.0	nan	nan	0.0	0.0
4	2	44	0.0	0.0	nan	nan	0.0	0.0
5	2	420	13.8	0.422	9.0	0.0	1.0	1.0
5	2	380	13.0	0.0	9.0	0.0	1.0	1.0
5	2	340	12.0	0.0	9.0	0.0	1.0	1.0
5	2	300	11.2	0.422	9.0	0.0	1.0	1.0
5	2	260	10.0	0.0	9.2	0.422	1.0	1.0
5	2	220	9.0	0.0	9.9	0.316	1.0	1.0
5	2	180	7.2	0.422	10.0	0.0	1.0	1.0
5	2	140	5.9	0.316	10.0	0.0	1.0	1.0
5	2	100	4.0	0.0	11.9	0.316	1.0	1.0
5	2	77	3.0	0.0	14.0	0.0	1.0	1.0
5	2	74	3.0	0.0	14.7	0.483	1.0	1.0
5	2	71	2.8	0.422	15.5	0.527	1.0	1.0
5	2	68	2.2	0.422	16.2	0.789	1.0	1.0
5	2	65	1.6	0.516	17.9	0.738	1.0	1.0
5	2	62	1.3	0.483	19.4	1.35	1.0	1.0
5	2	59	1.0	0.0	24.4	3.406	1.0	1.0
5	2	56	0.2	0.422	30.5	3.536	0.2	0.2
5	2	53	0.0	0.0	nan	nan	0.0	0.0
5	2	50	0.0	0.0	nan	nan	0.0	0.0
5	2	47	0.0	0.0	nan	nan	0.0	0.0
5	2	44	0.0	0.0	nan	nan	0.0	0.0
6	2	420	13.0	0.0	9.6	0.516	1.0	1.0
6	2	380	12.7	0.483	9.5	0.527	1.0	1.0
6	2	340	12.0	0.0	9.5	0.527	1.0	1.0
6	2	300	11.0	0.0	9.9	0.316	1.0	1.0
6	2	260	10.0	0.0	9.9	0.316	1.0	1.0
6	2	220	8.8	0.422	10.0	0.0	1.0	1.0
6	2	180	7.0	0.0	10.0	0.0	1.0	1.0
6	2	140	5.8	0.422	10.5	0.527	1.0	1.0
6	2	100	4.0	0.0	12.1	0.316	1.0	1.0
6	2	77	3.0	0.0	14.5	0.527	1.0	1.0
6	2	74	2.9	0.316	15.1	0.316	1.0	1.0
6	2	71	2.6	0.516	15.7	0.483	1.0	1.0
6	2	68	2.0	0.0	16.4	0.699	1.0	1.0
6	2	65	1.6	0.516	18.3	0.675	1.0	1.0
6	2	62	1.0	0.0	20.4	1.578	1.0	1.0
6	2	59	1.0	0.0	23.8	2.15	1.0	1.0
6	2	56	0.4	0.516	26.25	2.217	0.4	0.4
6	2	53	0.0	0.0	nan	nan	0.0	0.0
6	2	50	0.0	0.0	nan	nan	0.0	0.0
6	2	47	0.0	0.0	nan	nan	0.0	0.0
6	2	44	0.0	0.0	nan	nan	0.0	0.0
7	2	420	13.9	0.316	9.0	0.0	1.0	1.0
7	2	380	13.0	0.0	9.0	0.0	1.0	1.0
7	2	340	12.2	0.422	9.0	0.0	1.0	1.0
7	2	300	11.0	0.0	9.0	0.0	1.0	1.0
7	2	260	10.0	0.0	9.0	0.0	1.0	1.0
7	2	220	8.9	0.316	9.1	0.316	1.0	1.0
7	2	180	7.0	0.0	10.0	0.0	1.0	1.0
7	2	140	5.2	0.422	10.0	0.0	1.0	1.0
7	2	100	3.7	0.483	11.4	0.516	1.0	1.0
7	2	77	2.5	0.527	13.6	0.516	1.0	1.0
7	2	74	2.0	0.0	14.3	0.483	1.0	1.0
7	2	71	2.0	0.0	14.8	0.789	1.0	1.0
7	2	68	2.0	0.0	15.6	0.843	1.0	1.0
7	2	65	2.0	0.0	16.6	0.699	1.0	1.0
7	2	62	1.5	0.535	19.0	3.333	0.8	1.0
7	2	59	0.5	0.548	21.143	2.61	0.3	0.7
7	2	56	0.0	0.0	24.667	1.155	0.0	0.3
7	2	53	0.0	0.0	nan	nan	0.0	0.0
7	2	50	0.0	0.0	nan	nan	0.0	0.0
7	2	47	0.0	0.0	nan	nan	0.0	0.0
7	2	44	0.0	0.0	nan	nan	0.0	0.0
8	2	420	14.0	0.0	9.0	0.0	1.0	1.0
8	2	380	13.2	0.422	9.0	0.0	1.0	1.0
8	2	340	12.8	0.422	9.0	0.0	1.0	1.0
8	2	300	11.5	0.527	9.0	0.0	1.0	1.0
8	2	260	10.0	0.0	9.0	0.0	1.0	1.0
8	2	220	9.0	0.0	9.0	0.0	1.0	1.0
8	2	180	7.0	0.0	9.9	0.316	1.0	1.0
8	2	140	5.3	0.483	10.1	0.316	1.0	1.0
8	2	100	3.6	0.516	11.2	0.422	1.0	1.0
8	2	77	2.3	0.483	13.3	0.483	1.0	1.0
8	2	74	2.0	0.0	13.8	0.422	1.0	1.0
8	2	71	2.0	0.0	14.4	0.516	1.0	1.0
8	2	68	2.0	0.0	15.1	0.316	1.0	1.0
8	2	65	2.0	0.0	15.5	0.527	1.0	1.0
8	2	62	1.5	0.535	18.0	1.054	0.8	1.0
8	2	59	0.667	0.577	19.667	1.323	0.2	0.9
8	2	56	0.0	0.0	22.0	2.582	0.0	0.4
8	2	53	0.0	0.0	nan	nan	0.0	0.0
8	2	50	0.0	0.0	nan	nan	0.0	0.0
8	2	47	0.0	0.0	nan	nan	0.0	0.0
8	2	44	0.0	0.0	nan	nan	0.0	0.0
9	2	420	19.1	0.316	10.0	0.0	1.0	1.0
9	2	380	18.6	0.516	10.2	0.422	1.0	1.0
9	2	340	17.1	0.316	10.2	0.422	1.0	1.0
9	2	300	15.9	0.316	10.5	0.527	1.0	1.0
9	2	260	14.1	0.316	10.7	0.483	1.0	1.0
9	2	220	12.0	0.0	10.8	0.422	1.0	1.0
9	2	180	10.0	0.0	11.0	0.0	1.0	1.0
9	2	140	7.1	0.316	11.4	0.516	1.0	1.0
9	2	100	4.8	0.422	13.0	0.0	1.0	1.0
9	2	77	3.1	0.316	15.1	0.316	1.0	1.0
9	2	74	3.0	0.0	15.8	0.422	1.0	1.0
9	2	71	2.8	0.422	16.5	0.85	1.0	1.0
9	2	68	2.0	0.471	17.3	0.949	1.0	1.0
9	2	65	2.1	0.568	17.6	0.966	1.0	1.0
9	2	62	1.0	0.0	20.5	2.068	0.9	1.0
9	2	59	1.1	0.316	21.9	2.079	1.0	1.0
9	2	56	0.444	0.527	24.0	2.0	0.4	0.5
9	2	53	0.0	0.0	nan	nan	0.0	0.0
9	2	50	0.0	0.0	nan	nan	0.0	0.0
9	2	47	0.0	0.0	nan	nan	0.0	0.0
9	2	44	0.0	0.0	nan	nan	0.0	0.0
10	2	420	16.1	0.316	10.0	0.0	1.0	1.0
10	2	380	15.3	0.483	10.0	0.0	1.0	1.0
10	2	340	14.2	0.422	10.0	0.0	1.0	1.0
10	2	300	13.1	0.316	10.0	0.0	1.0	1.0
10	2	260	12.0	0.0	10.0	0.0	1.0	1.0
10	2	220	10.1	0.316	10.0	0.0	1.0	1.0
10	2	180	8.1	0.316	10.2	0.422	1.0	1.0
10	2	140	6.5	0.527	11.0	0.0	1.0	1.0
10	2	100	4.0	0.0	12.3	0.483	1.0	1.0
10	2	77	2.8	0.422	15.0	0.667	1.0	1.0
10	2	74	2.8	0.422	15.4	0.699	1.0	1.0
10	2	71	2.2	0.422	16.1	0.568	1.0	1.0
10	2	68	2.1	0.316	17.1	0.568	1.0	1.0
10	2	65	1.5	0.527	18.5	1.08	1.0	1.0
10	2	62	1.0	0.0	22.4	3.373	0.8	1.0
10	2	59	0.889	0.333	23.222	1.093	0.8	0.9
10	2	56	0.0	0.0	26.0	0.0	0.0	0.1
10	2	53	0.0	0.0	nan	nan	0.0	0.0
10	2	50	0.0	0.0	nan	nan	0.0	0.0
10	2	47	0.0	0.0	nan	nan	0.0	0.0
10	2	44	0.0	0.0	nan	nan	0.0	0.0
11	2	420	12.0	0.0	9.0	0.0	1.0	1.0
11	2	380	11.7	0.483	9.0	0.0	1.0	1.0
11	2	340	11.0	0.0	9.0	0.0	1.0	1.0
11	2	300	10.0	0.0	9.0	0.0	1.0	1.0
11	2	260	9.0	0.0	9.4	0.516	1.0	1.0
11	2	220	8.0	0.0	10.0	0.0	1.0	1.0
11	2	180	6.1	0.316	10.0	0.0	1.0	1.0
11	2	140	5.0	0.0	10.0	0.0	1.0	1.0
11	2	100	3.0	0.0	11.4	0.516	1.0	1.0
11	2	77	2.0	0.0	13.7	0.483	1.0	1.0
11	2	74	2.0	0.0	14.0	0.471	1.0	1.0
11	2	71	2.0	0.0	14.5	0.527	1.0	1.0
11	2	68	2.0	0.0	15.5	0.527	1.0	1.0
11	2	65	2.0	0.0	16.6	0.699	1.0	1.0
11	2	62	1.429	0.535	17.9	0.876	0.7	1.0
11	2	59	1.0	1.0	20.333	1.732	0.2	0.9
11	2	56	0.0	0.0	23.5	3.536	0.0	0.2
11	2	53	0.0	0.0	nan	nan	0.0	0.0
11	2	50	0.0	0.0	nan	nan	0.0	0.0
11	2	47	0.0	0.0	nan	nan	0.0	0.0
11	2	44	0.0	0.0	nan	nan	0.0	0.0
12	2	420	16.0	0.0	10.0	0.0	1.0	1.0
12	2	380	15.1	0.316	10.0	0.0	1.0	1.0
12	2	340	14.2	0.422	10.0	0.0	1.0	1.0
12	2	300	13.2	0.422	10.0	0.0	1.0	1.0
12	2	260	12.0	0.0	10.0	0.0	1.0	1.0
12	2	220	10.4	0.516	10.0	0.0	1.0	1.0
12	2	180	8.8	0.422	10.0	0.0	1.0	1.0
12	2	140	6.9	0.316	11.0	0.0	1.0	1.0
12	2	100	4.6	0.516	12.4	0.516	1.0	1.0
12	2	77	3.0	0.0	15.1	0.316	1.0	1.0
12	2	74	3.0	0.0	16.1	0.738	1.0	1.0
12	2	71	3.0	0.0	16.1	0.316	1.0	1.0
12	2	68	2.9	0.316	17.3	0.949	1.0	1.0
12	2	65	1.3	0.675	19.5	1.434	1.0	1.0
12	2	62	1.0	0.0	20.9	1.197	1.0	1.0
12	2	59	1.0	0.0	23.1	1.37	1.0	1.0
12	2	56	0.6	0.516	27.333	4.633	0.6	0.6
12	2	53	0.0	0.0	nan	nan	0.0	0.0
12	2	50	0.0	0.0	nan	nan	0.0	0.0
12	2	47	0.0	0.0	nan	nan	0.0	0.0
12	2	44	0.0	0.0	nan	nan	0.0	0.0
13	2	420	18.5	0.527	9.0	0.0	1.0	1.0
13	2	380	17.7	0.483	9.0	0.0	1.0	1.0
13	2	340	16.0	0.0	9.0	0.0	1.0	1.0
13	2	300	14.9	0.316	9.0	0.0	1.0	1.0
13	2	260	13.4	0.516	9.0	0.0	1.0	1.0
13	2	220	11.6	0.516	9.0	0.0	1.0	1.0
13	2	180	9.2	0.422	10.0	0.0	1.0	1.0
13	2	140	7.1	0.316	10.0	0.0	1.0	1.0
13	2	100	4.5	0.527	11.0	0.0	1.0	1.0
13	2	77	3.0	0.0	13.6	0.516	1.0	1.0
13	2	74	3.0	0.0	13.9	0.316	1.0	1.0
13	2	71	2.7	0.483	14.4	0.699	1.0	1.0
13	2	68	2.3	0.483	15.0	0.471	1.0	1.0
13	2	65	2.0	0.0	16.6	0.843	1.0	1.0
13	2	62	1.7	0.483	17.8	0.632	1.0	1.0
13	2	59	1.0	0.577	20.556	2.242	0.6	0.9
13	2	56	0.143	0.378	24.0	1.155	0.1	0.4
13	2	53	0.0	0.0	nan	nan	0.0	0.0
13	2	50	0.0	0.0	nan	nan	0.0	0.0
13	2	47	0.0	0.0	nan	nan	0.0	0.0
13	2	44	0.0	0.0	nan	nan	0.0	0.0
14	2	420	11.1	0.316	9.0	0.0	1.0	1.0
14	2	380	11.0	0.0	9.0	0.0	1.0	1.0
14	2	340	10.0	0.0	9.0	0.0	1.0	1.0
14	2	300	9.1	0.316	9.0	0.0	1.0	1.0
14	2	260	8.1	0.316	9.2	0.422	1.0	1.0
14	2	220	7.0	0.0	10.0	0.0	1.0	1.0
14	2	180	6.0	0.0	10.0	0.0	1.0	1.0
14	2	140	4.9	0.316	10.0	0.0	1.0	1.0
14	2	100	3.0	0.0	11.1	0.316	1.0	1.0
14	2	77	2.0	0.0	13.3	0.483	1.0	1.0
14	2	74	2.0	0.0	14.0	0.0	1.0	1.0
14	2	71	2.0	0.0	14.2	0.422	1.0	1.0
14	2	68	2.0	0.0	15.4	0.516	1.0	1.0
14	2	65	2.0	0.0	16.3	0.675	1.0	1.0
14	2	62	1.25	0.463	17.4	0.966	0.8	1.0
14	2	59	0.333	0.5	18.25	1.893	0.3	0.4
14	2	56	0.0	0.0	21.5	0.707	0.0	0.2
14	2	53	0.0	0.0	nan	nan	0.0	0.0
14	2	50	0.0	0.0	nan	nan	0.0	0.0
14	2	47	0.0	0.0	nan	nan	0.0	0.0
14	2	44	0.0	0.0	nan	nan	0.0	0.0
15	2	420	15.0	0.0	10.0	0.0	1.0	1.0
15	2	380	14.0	0.0	10.0	0.0	1.0	1.0
15	2	340	13.0	0.0	10.0	0.0	1.0	1.0
15	2	300	12.2	0.422	10.0	0.0	1.0	1.0
15	2	260	11.0	0.0	10.0	0.0	1.0	1.0
15	2	220	9.5	0.527	10.0	0.0	1.0	1.0
15	2	180	8.0	0.0	10.0	0.0	1.0	1.0
15	2	140	6.0	0.0	11.0	0.0	1.0	1.0
15	2	100	4.0	0.0	12.4	0.516	1.0	1.0
15	2	77	3.0	0.0	15.0	0.0	1.0	1.0
15	2	74	3.0	0.0	15.3	0.483	1.0	1.0
15	2	71	2.4	0.516	16.6	0.516	1.0	1.0
15	2	68	2.0	0.471	17.5	0.707	1.0	1.0
15	2	65	1.4	0.516	18.7	1.059	1.0	1.0
15	2	62	1.0	0.0	21.9	1.449	1.0	1.0
15	2	59	1.0	0.0	24.3	2.406	1.0	1.0
15	2	56	0.1	0.316	26.0	0.0	0.1	0.1
15	2	53	0.0	0.0	nan	nan	0.0	0.0
15	2	50	0.0	0.0	nan	nan	0.0	0.0
15	2	47	0.0	0.0	nan	nan	0.0	0.0
15	2	44	0.0	0.0	nan	nan	0.0	0.0
16	2	420	15.0	0.0	10.0	0.0	1.0	1.0
16	2	380	14.2	0.422	10.0	0.0	1.0	1.0
16	2	340	13.2	0.422	10.0	0.0	1.0	1.0
16	2	300	12.3	0.483	10.0	0.0	1.0	1.0
16	2	260	11.0	0.0	10.0	0.0	1.0	1.0
16	2	220	10.0	0.0	10.0	0.0	1.0	1.0
16	2	180	8.0	0.0	11.0	0.0	1.0	1.0
16	2	140	6.0	0.0	11.1	0.316	1.0	1.0
16	2	100	4.0	0.0	12.8	0.422	1.0	1.0
16	2	77	3.0	0.0	15.1	0.316	1.0	1.0
16	2	74	3.0	0.0	15.5	0.527	1.0	1.0
16	2	71	2.9	0.316	16.9	1.524	1.0	1.0
16	2	68	2.9	0.316	17.4	0.516	1.0	1.0
16	2	65	1.3	0.483	18.9	0.738	1.0	1.0
16	2	62	1.1	0.316	20.8	1.814	1.0	1.0
16	2	59	1.0	0.0	25.3	1.767	1.0	1.0
16	2	56	0.0	0.0	nan	nan	0.0	0.0
16	2	53	0.0	0.0	nan	nan	0.0	0.0
16	2	50	0.0	0.0	nan	nan	0.0	0.0
16	2	47	0.0	0.0	nan	nan	0.0	0.0
16	2	44	0.0	0.0	nan	nan	0.0	0.0
17	2	420	14.1	0.316	9.0	0.0	1.0	1.0
17	2	380	13.1	0.316	9.0	0.0	1.0	1.0
17	2	340	12.7	0.483	9.0	0.0	1.0	1.0
17	2	300	11.6	0.516	9.0	0.0	1.0	1.0
17	2	260	10.7	0.483	9.0	0.0	1.0	1.0
17	2	220	9.0	0.0	9.2	0.422	1.0	1.0
17	2	180	7.7	0.483	10.0	0.0	1.0	1.0
17	2	140	5.9	0.316	10.0	0.0	1.0	1.0
17	2	100	4.0	0.0	11.5	0.527	1.0	1.0
17	2	77	3.0	0.0	13.7	0.483	1.0	1.0
17	2	74	2.9	0.316	14.4	0.516	1.0	1.0
17	2	71	2.9	0.316	15.0	0.0	1.0	1.0
17	2	68	2.4	0.516	16.4	1.075	1.0	1.0
17	2	65	2.1	0.316	16.6	0.699	1.0	1.0
17	2	62	1.7	0.483	18.4	0.966	1.0	1.0
17	2	59	1.0	0.0	22.9	1.197	1.0	1.0
17	2	56	0.3	0.483	25.667	1.155	0.3	0.3
17	2	53	0.0	0.0	nan	nan	0.0	0.0
17	2	50	0.0	0.0	nan	nan	0.0	0.0
17	2	47	0.0	0.0	nan	nan	0.0	0.0
17	2	44	0.0	0.0	nan	nan	0.0	0.0
18	2	420	14.0	0.0	9.0	0.0	1.0	1.0
18	2	380	13.2	0.422	9.0	0.0	1.0	1.0
18	2	340	12.6	0.516	9.0	0.0	1.0	1.0
18	2	300	11.6	0.516	9.0	0.0	1.0	1.0
18	2	260	10.3	0.483	9.0	0.0	1.0	1.0
18	2	220	9.0	0.0	9.0	0.0	1.0	1.0
18	2	180	7.3	0.483	9.1	0.316	1.0	1.0
18	2	140	5.9	0.316	10.0	0.0	1.0	1.0
18	2	100	4.0	0.0	11.0	0.0	1.0	1.0
18	2	77	3.0	0.0	13.6	1.075	1.0	1.0
18	2	74	2.6	0.516	13.9	0.876	1.0	1.0
18	2	71	2.3	0.483	14.8	0.422	1.0	1.0
18	2	68	2.0	0.0	15.6	0.699	1.0	1.0
18	2	65	1.9	0.316	17.0	0.667	1.0	1.0
18	2	62	1.5	0.527	18.5	0.707	1.0	1.0
18	2	59	1.1	0.316	21.3	2.111	1.0	1.0
18	2	56	0.222	0.441	24.0	2.0	0.2	0.3
18	2	53	0.0	0.0	nan	nan	0.0	0.0
18	2	50	0.0	0.0	nan	nan	0.0	0.0
18	2	47	0.0	0.0	nan	nan	0.0	0.0
18	2	44	0.0	0.0	nan	nan	0.0	0.0
19	2	420	14.8	0.422	9.0	0.0	1.0	1.0
19	2	380	14.0	0.0	9.0	0.0	1.0	1.0
19	2	340	13.0	0.0	9.0	0.0	1.0	1.0
19	2	300	12.0	0.0	9.0	0.0	1.0	1.0
19	2	260	11.0	0.0	9.0	0.0	1.0	1.0
19	2	220	9.5	0.527	9.1	0.316	1.0	1.0
19	2	180	8.0	0.0	10.0	0.0	1.0	1.0
19	2	140	6.0	0.0	10.0	0.0	1.0	1.0
19	2	100	4.0	0.0	11.8	0.422	1.0	1.0
19	2	77	3.0	0.0	14.4	0.516	1.0	1.0
19	2	74	3.0	0.0	15.0	0.667	1.0	1.0
19	2	71	3.0	0.0	15.7	0.483	1.0	1.0
19	2	68	2.3	0.483	16.9	0.738	1.0	1.0
19	2	65	1.7	0.483	17.6	0.843	1.0	1.0
19	2	62	1.0	0.0	21.8	2.53	1.0	1.0
19	2	59	0.9	0.316	24.556	2.007	0.9	0.9
19	2	56	0.222	0.441	31.667	2.887	0.2	0.3
19	2	53	0.0	0.0	nan	nan	0.0	0.0
19	2	50	0.0	0.0	nan	nan	0.0	0.0
19	2	47	0.0	0.0	nan	nan	0.0	0.0
19	2	44	0.0	0.0	nan	nan	0.0	0.0
20	2	420	12.5	0.527	9.0	0.0	1.0	1.0
20	2	380	12.2	0.422	9.0	0.0	1.0	1.0
20	2	340	11.5	0.527	9.0	0.0	1.0	1.0
20	2	300	10.5	0.527	9.1	0.316	1.0	1.0
20	2	260	9.1	0.316	9.0	0.0	1.0	1.0
20	2	220	8.1	0.316	9.8	0.422	1.0	1.0
20	2	180	7.0	0.0	10.0	0.0	1.0	1.0
20	2	140	5.0	0.0	10.1	0.316	1.0	1.0
20	2	100	3.6	0.516	11.8	0.422	1.0	1.0
20	2	77	2.2	0.422	14.3	0.675	1.0	1.0
20	2	74	2.1	0.316	14.9	0.316	1.0	1.0
20	2	71	2.0	0.0	15.4	0.699	1.0	1.0
20	2	68	1.9	0.316	17.0	0.667	1.0	1.0
20	2	65	1.8	0.422	17.4	1.075	1.0	1.0
20	2	62	1.1	0.316	20.5	1.841	1.0	1.0
20	2	59	0.714	0.488	24.125	1.642	0.5	0.8
20	2	56	0.0	0.0	24.5	3.536	0.0	0.2
20	2	53	0.0	0.0	nan	nan	0.0	0.0
20	2	50	0.0	0.0	nan	nan	0.0	0.0
20	2	47	0.0	0.0	nan	nan	0.0	0.0
20	2	44	0.0	0.0	nan	nan	0.0	0.0
21	2	420	16.3	0.483	10.0	0.0	1.0	1.0
21	2	380	15.8	0.422	10.0	0.0	1.0	1.0
21	2	340	14.9	0.316	10.0	0.0	1.0	1.0
21	2	300	13.2	0.422	10.0	0.0	1.0	1.0
21	2	260	12.1	0.316	10.0	0.0	1.0	1.0
21	2	220	10.1	0.316	10.0	0.0	1.0	1.0
21	2	180	8.4	0.516	10.0	0.0	1.0	1.0
21	2	140	6.0	0.0	10.8	0.422	1.0	1.0
21	2	100	4.0	0.0	12.0	0.0	1.0	1.0
21	2	77	2.8	0.422	14.4	0.516	1.0	1.0
21	2	74	2.2	0.422	14.8	0.422	1.0	1.0
21	2	71	2.1	0.316	15.3	0.483	1.0	1.0
21	2	68	2.0	0.0	16.1	0.738	1.0	1.0
21	2	65	1.7	0.483	17.4	1.43	1.0	1.0
21	2	62	1.222	0.441	19.2	1.549	0.9	1.0
21	2	59	0.8	0.447	21.889	2.088	0.4	0.9
21	2	56	0.1	0.316	22.0	0.0	0.1	0.1
21	2	53	0.0	0.0	nan	nan	0.0	0.0
21	2	50	0.0	0.0	nan	nan	0.0	0.0
21	2	47	0.0	0.0	nan	nan	0.0	0.0
21	2	44	0.0	0.0	nan	nan	0.0	0.0
22	2	420	13.0	0.0	9.0	0.0	1.0	1.0
22	2	380	12.1	0.316	9.0	0.0	1.0	1.0
22	2	340	11.7	0.483	9.0	0.0	1.0	1.0
22	2	300	10.8	0.422	9.0	0.0	1.0	1.0
22	2	260	9.6	0.516	9.0	0.0	1.0	1.0
22	2	220	8.0	0.0	9.9	0.316	1.0	1.0
22	2	180	6.9	0.316	10.0	0.0	1.0	1.0
22	2	140	5.0	0.0	10.1	0.316	1.0	1.0
22	2	100	3.7	0.483	11.4	0.516	1.0	1.0
22	2	77	2.3	0.483	14.0	0.0	1.0	1.0
22	2	74	2.0	0.0	14.3	0.483	1.0	1.0
22	2	71	2.0	0.0	15.0	0.471	1.0	1.0
22	2	68	2.0	0.0	15.6	0.516	1.0	1.0
22	2	65	2.0	0.0	16.6	0.843	1.0	1.0
22	2	62	1.75	0.463	17.7	1.059	0.8	1.0
22	2	59	1.0	0.577	20.333	2.646	0.6	0.9
22	2	56	0.143	0.378	23.5	1.732	0.1	0.4
22	2	53	0.0	0.0	nan	nan	0.0	0.0
22	2	50	0.0	0.0	nan	nan	0.0	0.0
22	2	47	0.0	0.0	nan	nan	0.0	0.0
22	2	44	0.0	0.0	nan	nan	0.0	0.0
23	2	420	18.1	0.316	9.0	0.0	1.0	1.0
23	2	380	17.8	0.422	9.0	0.0	1.0	1.0
23	2	340	16.3	0.483	9.0	0.0	1.0	1.0
23	2	300	15.0	0.0	9.2	0.422	1.0	1.0
23	2	260	13.4	0.516	9.7	0.483	1.0	1.0
23	2	220	11.7	0.483	9.9	0.316	1.0	1.0
23	2	180	9.3	0.483	10.0	0.0	1.0	1.0
23	2	140	6.9	0.316	10.0	0.0	1.0	1.0
23	2	100	4.4	0.516	11.7	0.483	1.0	1.0
23	2	77	3.0	0.0	13.8	0.422	1.0	1.0
23	2	74	2.8	0.422	14.5	0.527	1.0	1.0
23	2	71	2.3	0.483	15.1	0.738	1.0	1.0
23	2	68	2.5	0.707	15.9	0.994	1.0	1.0
23	2	65	1.9	0.316	17.1	0.876	1.0	1.0
23	2	62	1.7	0.483	18.0	0.943	1.0	1.0
23	2	59	0.714	0.488	21.25	1.581	0.5	0.8
23	2	56	0.0	0.0	nan	nan	0.0	0.0
23	2	53	0.0	0.0	nan	nan	0.0	0.0
23	2	50	0.0	0.0	nan	nan	0.0	0.0
23	2	47	0.0	0.0	nan	nan	0.0	0.0
23	2	44	0.0	0.0	nan	nan	0.0	0.0
24	2	420	13.0	0.0	9.9	0.316	1.0	1.0
24	2	380	12.0	0.0	9.8	0.422	1.0	1.0
24	2	340	11.3	0.483	9.8	0.422	1.0	1.0
24	2	300	10.5	0.527	10.0	0.0	1.0	1.0
24	2	260	9.3	0.483	10.0	0.0	1.0	1.0
24	2	220	8.0	0.0	10.0	0.0	1.0	1.0
24	2	180	6.9	0.316	10.0	0.0	1.0	1.0
24	2	140	4.9	0.316	10.4	0.516	1.0	1.0
24	2	100	3.1	0.316	12.0	0.0	1.0	1.0
24	2	77	2.0	0.0	13.8	0.422	1.0	1.0
24	2	74	1.9	0.316	14.3	0.483	1.0	1.0
24	2	71	2.0	0.0	14.8	0.632	1.0	1.0
24	2	68	2.0	0.0	15.5	0.707	1.0	1.0
24	2	65	1.9	0.316	16.3	0.675	1.0	1.0
24	2	62	1.6	0.516	17.2	0.789	1.0	1.0
24	2	59	1.0	0.707	19.333	1.5	0.4	0.9
24	2	56	0.0	0.0	23.5	0.707	0.0	0.2
24	2	53	0.0	0.0	nan	nan	0.0	0.0
24	2	50	0.0	0.0	nan	nan	0.0	0.0
24	2	47	0.0	0.0	nan	nan	0.0	0.0
24	2	44	0.0	0.0	nan	nan	0.0	0.0
25	2	420	15.0	0.0	9.8	0.422	1.0	1.0
25	2	380	14.3	0.483	10.0	0.0	1.0	1.0
25	2	340	13.7	0.483	9.8	0.422	1.0	1.0
25	2	300	12.3	0.483	10.0	0.0	1.0	1.0
25	2	260	11.0	0.0	10.0	0.0	1.0	1.0
25	2	220	9.8	0.422	10.0	0.0	1.0	1.0
25	2	180	7.8	0.422	10.0	0.0	1.0	1.0
25	2	140	5.9	0.316	10.6	0.516	1.0	1.0
25	2	100	4.0	0.0	12.1	0.316	1.0	1.0
25	2	77	2.8	0.422	13.9	0.316	1.0	1.0
25	2	74	2.9	0.316	14.5	0.707	1.0	1.0
25	2	71	2.3	0.483	15.0	0.471	1.0	1.0
25	2	68	2.1	0.316	15.9	0.568	1.0	1.0
25	2	65	2.0	0.0	16.6	0.516	1.0	1.0
25	2	62	1.7	0.483	18.0	0.667	1.0	1.0
25	2	59	1.111	0.333	20.4	1.713	0.9	1.0
25	2	56	0.125	0.354	24.0	0.0	0.1	0.3
25	2	53	0.0	0.0	nan	nan	0.0	0.0
25	2	50	0.0	0.0	nan	nan	0.0	0.0
25	2	47	0.0	0.0	nan	nan	0.0	0.0
25	2	44	0.0	0.0	nan	nan	0.0	0.0
26	2	420	16.1	0.316	11.0	0.0	1.0	1.0
26	2	380	15.8	0.422	11.0	0.0	1.0	1.0
26	2	340	14.9	0.316	11.0	0.0	1.0	1.0
26	2	300	13.8	0.422	11.0	0.0	1.0	1.0
26	2	260	12.0	0.0	11.0	0.0	1.0	1.0
26	2	220	10.8	0.422	11.1	0.316	1.0	1.0
26	2	180	8.9	0.316	12.0	0.0	1.0	1.0
26	2	140	7.0	0.0	12.2	0.422	1.0	1.0
26	2	100	4.8	0.422	14.0	0.0	1.0	1.0
26	2	77	3.0	0.0	17.0	0.0	1.0	1.0
26	2	74	2.9	0.316	17.6	0.516	1.0	1.0
26	2	71	2.2	0.422	18.4	0.516	1.0	1.0
26	2	68	2.0	0.0	19.8	0.632	1.0	1.0
26	2	65	2.0	0.0	21.2	1.398	1.0	1.0
26	2	62	1.0	0.0	25.3	2.452	1.0	1.0
26	2	59	0.9	0.316	28.333	3.0	0.9	0.9
26	2	56	0.0	0.0	nan	nan	0.0	0.0
26	2	53	0.0	0.0	nan	nan	0.0	0.0
26	2	50	0.0	0.0	nan	nan	0.0	0.0
26	2	47	0.0	0.0	nan	nan	0.0	0.0
26	2	44	0.0	0.0	nan	nan	0.0	0.0
27	2	420	15.4	0.516	10.0	0.0	1.0	1.0
27	2	380	14.8	0.422	10.0	0.0	1.0	1.0
27	2	340	13.9	0.316	10.0	0.0	1.0	1.0
27	2	300	12.9	0.316	10.0	0.0	1.0	1.0
27	2	260	11.0	0.0	10.0	0.0	1.0	1.0
27	2	220	10.0	0.0	10.0	0.0	1.0	1.0
27	2	180	8.0	0.0	10.0	0.0	1.0	1.0
27	2	140	6.0	0.0	11.0	0.0	1.0	1.0
27	2	100	4.0	0.0	12.0	0.0	1.0	1.0
27	2	77	3.0	0.0	14.1	0.316	1.0	1.0
27	2	74	2.8	0.422	14.7	0.483	1.0	1.0
27	2	71	2.0	0.0	15.4	0.516	1.0	1.0
27	2	68	2.0	0.0	16.3	0.823	1.0	1.0
27	2	65	1.9	0.316	17.0	0.816	1.0	1.0
27	2	62	1.333	0.5	18.7	2.111	0.9	1.0
27	2	59	0.889	0.601	20.125	2.357	0.7	0.8
27	2	56	0.375	0.518	23.0	2.0	0.3	0.5
27	2	53	0.0	0.0	nan	nan	0.0	0.0
27	2	50	0.0	0.0	nan	nan	0.0	0.0
27	2	47	0.0	0.0	nan	nan	0.0	0.0
27	2	44	0.0	0.0	nan	nan	0.0	0.0
28	2	420	16.8	0.422	10.0	0.0	1.0	1.0
28	2	380	16.0	0.0	10.0	0.0	1.0	1.0
28	2	340	15.0	0.0	10.0	0.0	1.0	1.0
28	2	300	13.9	0.316	10.0	0.0	1.0	1.0
28	2	260	12.1	0.316	10.0	0.0	1.0	1.0
28	2	220	10.4	0.516	10.0	0.0	1.0	1.0
28	2	180	8.8	0.422	10.0	0.0	1.0	1.0
28	2	140	6.1	0.316	11.0	0.0	1.0	1.0
28	2	100	4.1	0.316	12.1	0.316	1.0	1.0
28	2	77	2.9	0.316	14.9	0.568	1.0	1.0
28	2	74	2.4	0.516	15.1	0.568	1.0	1.0
28	2	71	2.2	0.422	16.0	0.471	1.0	1.0
28	2	68	1.9	0.316	17.0	0.667	1.0	1.0
28	2	65	1.8	0.422	17.5	0.527	1.0	1.0
28	2	62	1.222	0.441	19.8	1.619	0.9	1.0
28	2	59	0.667	0.5	21.571	2.507	0.6	0.7
28	2	56	0.1	0.316	23.0	0.0	0.1	0.1
28	2	53	0.0	0.0	nan	nan	0.0	0.0
28	2	50	0.0	0.0	nan	nan	0.0	0.0
28	2	47	0.0	0.0	nan	nan	0.0	0.0
28	2	44	0.0	0.0	nan	nan	0.0	0.0
29	2	420	15.3	0.483	9.0	0.0	1.0	1.0
29	2	380	14.8	0.422	9.0	0.0	1.0	1.0
29	2	340	14.0	0.0	9.0	0.0	1.0	1.0
29	2	300	12.9	0.316	9.0	0.0	1.0	1.0
29	2	260	11.4	0.516	9.2	0.422	1.0	1.0
29	2	220	10.0	0.0	9.9	0.316	1.0	1.0
29	2	180	8.0	0.0	10.0	0.0	1.0	1.0
29	2	140	6.1	0.316	10.0	0.0	1.0	1.0
29	2	100	4.2	0.422	11.6	0.516	1.0	1.0
29	2	77	3.0	0.0	13.8	0.422	1.0	1.0
29	2	74	3.0	0.0	14.8	0.789	1.0	1.0
29	2	71	3.0	0.0	15.6	0.699	1.0	1.0
29	2	68	2.1	0.568	16.4	0.843	1.0	1.0
29	2	65	2.0	0.0	16.8	0.422	1.0	1.0
29	2	62	1.2	0.422	18.5	1.08	1.0	1.0
29	2	59	1.0	0.0	22.1	1.912	1.0	1.0
29	2	56	0.6	0.516	25.667	3.983	0.6	0.6
29	2	53	0.0	0.0	nan	nan	0.0	0.0
29	2	50	0.0	0.0	nan	nan	0.0	0.0
29	2	47	0.0	0.0	nan	nan	0.0	0.0
29	2	44	0.0	0.0	nan	nan	0.0	0.0
30	2	420	12.3	0.483	9.0	0.0	1.0	1.0
30	2	380	12.0	0.0	9.0	0.0	1.0	1.0
30	2	340	11.2	0.422	9.0	0.0	1.0	1.0
30	2	300	10.4	0.516	9.0	0.0	1.0	1.0
30	2	260	9.5	0.527	9.0	0.0	1.0	1.0
30	2	220	8.1	0.316	9.0	0.0	1.0	1.0
30	2	180	7.0	0.0	9.8	0.422	1.0	1.0
30	2	140	5.2	0.422	10.0	0.0	1.0	1.0
30	2	100	4.0	0.0	11.0	0.0	1.0	1.0
30	2	77	3.0	0.0	13.7	0.483	1.0	1.0
30	2	74	3.0	0.0	14.1	0.316	1.0	1.0
30	2	71	2.6	0.516	14.9	0.316	1.0	1.0
30	2	68	2.0	0.0	15.8	0.422	1.0	1.0
30	2	65	1.9	0.316	16.8	0.632	1.0	1.0
30	2	62	1.4	0.516	18.9	1.197	1.0	1.0
30	2	59	1.0	0.0	22.0	2.494	1.0	1.0
30	2	56	0.2	0.422	26.0	0.0	0.2	0.2
30	2	53	0.0	0.0	nan	nan	0.0	0.0
30	2	50	0.0	0.0	nan	nan	0.0	0.0
30	2	47	0.0	0.0	nan	nan	0.0	0.0
30	2	44	0.0	0.0	nan	nan	0.0	0.0
31	2	420	15.4	0.516	9.0	0.0	1.0	1.0
31	2	380	14.8	0.422	9.0	0.0	1.0	1.0
31	2	340	14.0	0.0	9.0	0.0	1.0	1.0
31	2	300	13.0	0.0	9.0	0.0	1.0	1.0
31	2	260	11.1	0.316	9.0	0.0	1.0	1.0
31	2	220	10.0	0.0	9.0	0.0	1.0	1.0
31	2	180	7.9	0.316	9.0	0.0	1.0	1.0
31	2	140	6.0	0.0	9.8	0.422	1.0	1.0
31	2	100	4.0	0.0	10.9	0.316	1.0	1.0
31	2	77	2.5	0.527	12.7	0.483	1.0	1.0
31	2	74	2.0	0.0	13.0	0.0	1.0	1.0
31	2	71	2.0	0.0	13.8	0.422	1.0	1.0
31	2	68	2.0	0.0	14.5	1.08	1.0	1.0
31	2	65	2.0	0.0	15.3	0.823	1.0	1.0
31	2	62	1.9	0.316	16.3	0.483	1.0	1.0
31	2	59	1.5	1.0	19.667	3.041	0.3	0.9
31	2	56	0.0	0.0	nan	nan	0.0	0.0
31	2	53	0.0	0.0	nan	nan	0.0	0.0
31	2	50	0.0	0.0	nan	nan	0.0	0.0
31	2	47	0.0	0.0	nan	nan	0.0	0.0
31	2	44	0.0	0.0	nan	nan	0.0	0.0
0	3	420	14.0	0.0	10.0	0.0	1.0	1.0
0	3	380	13.2	0.422	10.0	0.0	1.0	1.0
0	3	340	12.9	0.316	10.0	0.0	1.0	1.0
0	3	300	11.9	0.316	10.0	0.0	1.0	1.0
0	3	260	10.5	0.527	10.0	0.0	1.0	1.0
0	3	220	9.0	0.0	10.0	0.0	1.0	1.0
0	3	180	7.6	0.516	10.0	0.0	1.0	1.0
0	3	140	6.0	0.0	10.6	0.516	1.0	1.0
0	3	100	4.0	0.0	12.0	0.0	1.0	1.0
0	3	77	3.0	0.0	14.8	0.632	1.0	1.0
0	3	74	3.0	0.0	14.9	0.316	1.0	1.0
0	3	71	3.0	0.0	15.5	0.527	1.0	1.0
0	3	68	3.0	0.0	16.1	0.316	1.0	1.0
0	3	65	2.2	0.422	17.6	0.516	1.0	1.0
0	3	62	1.0	0.0	19.6	0.699	1.0	1.0
0	3	59	1.0	0.0	22.7	2.312	1.0	1.0
0	3	56	0.2	0.422	23.5	0.707	0.2	0.2
0	3	53	0.0	0.0	nan	nan	0.0	0.0
0	3	50	0.0	0.0	nan	nan	0.0	0.0
0	3	47	0.0	0.0	nan	nan	0.0	0.0
0	3	44	0.0	0.0	nan	nan	0.0	0.0
1	3	420	16.7	0.483	10.0	0.0	1.0	1.0
1	3	380	15.8	0.422	10.0	0.0	1.0	1.0
1	3	340	14.7	0.483	10.0	0.0	1.0	1.0
1	3	300	13.4	0.516	10.0	0.0	1.0	1.0
1	3	260	12.0	0.0	10.0	0.0	1.0	1.0
1	3	220	10.1	0.316	10.0	0.0	1.0	1.0
1	3	180	8.0	0.0	10.0	0.0	1.0	1.0
1	3	140	6.0	0.0	11.0	0.0	1.0	1.0
1	3	100	3.9	0.316	12.0	0.0	1.0	1.0
1	3	77	2.9	0.316	14.1	0.316	1.0	1.0
1	3	74	2.1	0.316	14.9	0.316	1.0	1.0
1	3	71	2.2	0.422	15.2	0.422	1.0	1.0
1	3	68	2.0	0.0	15.8	0.422	1.0	1.0
1	3	65	2.0	0.0	16.7	0.675	1.0	1.0
1	3	62	1.556	0.527	18.0	1.054	0.9	1.0
1	3	59	0.875	0.354	20.667	1.871	0.7	0.9
1	3	56	0.0	0.0	21.333	2.309	0.0	0.3
1	3	53	0.0	0.0	nan	nan	0.0	0.0
1	3	50	0.0	0.0	nan	nan	0.0	0.0
1	3	47	0.0	0.0	nan	nan	0.0	0.0
1	3	44	0.0	0.0	nan	nan	0.0	0.0
2	3	420	14.2	0.422	9.0	0.0	1.0	1.0
2	3	380	13.8	0.422	9.0	0.0	1.0	1.0
2	3	340	13.0	0.0	9.0	0.0	1.0	1.0
2	3	300	11.9	0.316	9.0	0.0	1.0	1.0
2	3	260	10.1	0.316	9.0	0.0	1.0	1.0
2	3	220	9.0	0.0	9.1	0.316	1.0	1.0
2	3	180	7.0	0.0	10.0	0.0	1.0	1.0
2	3	140	5.0	0.0	10.0	0.0	1.0	1.0
2	3	100	3.1	0.316	11.0	0.0	1.0	1.0
2	3	77	2.0	0.0	13.1	0.316	1.0	1.0
2	3	74	2.0	0.0	13.5	0.527	1.0	1.0
2	3	71	2.0	0.0	13.9	0.316	1.0	1.0
2	3	68	2.0	0.0	14.8	0.632	1.0	1.0
2	3	65	1.9	0.316	15.9	0.738	1.0	1.0
2	3	62	1.222	0.667	18.222	2.279	0.8	0.9
2	3	59	1.0	0.0	19.1	1.663	0.4	1.0
2	3	56	0.0	0.0	nan	nan	0.0	0.0
2	3	53	0.0	0.0	nan	nan	0.0	0.0
2	3	50	0.0	0.0	nan	nan	0.0	0.0
2	3	47	0.0	0.0	nan	nan	0.0	0.0
2	3	44	0.0	0.0	nan	nan	0.0	0.0
3	3	420	17.3	0.483	9.1	0.316	1.0	1.0
3	3	380	16.9	0.316	9.1	0.316	1.0	1.0
3	3	340	15.4	0.516	9.5	0.527	1.0	1.0
3	3	300	14.0	0.0	9.7	0.483	1.0	1.0
3	3	260	12.6	0.516	9.9	0.316	1.0	1.0
3	3	220	10.8	0.422	10.0	0.0	1.0	1.0
3	3	180	8.8	0.422	10.0	0.0	1.0	1.0
3	3	140	6.6	0.516	10.2	0.422	1.0	1.0
3	3	100	4.0	0.0	11.7	0.483	1.0	1.0
3	3	77	3.0	0.0	13.9	0.316	1.0	1.0
3	3	74	2.6	0.516	14.0	0.0	1.0	1.0
3	3	71	2.3	0.483	14.9	0.316	1.0	1.0
3	3	68	2.1	0.316	15.3	0.483	1.0	1.0
3	3	65	2.0	0.0	16.5	0.527	1.0	1.0
3	3	62	1.7	0.483	17.9	0.738	1.0	1.0
3	3	59	1.125	0.354	20.3	2.003	0.8	1.0
3	3	56	0.111	0.333	24.5	2.121	0.1	0.2
3	3	53	0.0	0.0	nan	nan	0.0	0.0
3	3	50	0.0	0.0	nan	nan	0.0	0.0
3	3	47	0.0	0.0	nan	nan	0.0	0.0
3	3	44	0.0	0.0	nan	nan	0.0	0.0
4	3	420	14.9	0.316	9.0	0.0	1.0	1.0
4	3	380	14.0	0.0	9.0	0.0	1.0	1.0
4	3	340	12.8	0.422	9.0	0.0	1.0	1.0
4	3	300	12.0	0.0	9.0	0.0	1.0	1.0
4	3	260	10.5	0.527	9.0	0.0	1.0	1.0
4	3	220	9.0	0.0	9.5	0.527	1.0	1.0
4	3	180	7.1	0.316	10.0	0.0	1.0	1.0
4	3	140	5.7	0.483	10.0	0.0	1.0	1.0
4	3	100	3.7	0.483	11.2	0.422	1.0	1.0
4	3	77	2.5	0.527	13.4	0.516	1.0	1.0
4	3	74	2.0	0.0	13.9	0.568	1.0	1.0
4	3	71	2.0	0.0	14.4	0.516	1.0	1.0
4	3	68	2.0	0.0	15.2	0.422	1.0	1.0
4	3	65	2.0	0.0	16.5	0.527	1.0	1.0
4	3	62	1.8	0.422	17.5	0.527	1.0	1.0
4	3	59	1.2	0.447	20.1	2.514	0.5	1.0
4	3	56	0.111	0.333	21.0	1.414	0.1	0.2
4	3	53	0.0	0.0	nan	nan	0.0	0.0
4	3	50	0.0	0.0	nan	nan	0.0	0.0
4	3	47	0.0	0.0	nan	nan	0.0	0.0
4	3	44	0.0	0.0	nan	nan	0.0	0.0
5	3	420	10.8	0.422	9.0	0.0	1.0	1.0
5	3	380	10.0	0.0	9.0	0.0	1.0	1.0
5	3	340	9.1	0.316	9.0	0.0	1.0	1.0
5	3	300	8.9	0.316	9.0	0.0	1.0	1.0
5	3	260	8.0	0.0	9.0	0.0	1.0	1.0
5	3	220	6.4	0.516	9.0	0.0	1.0	1.0
5	3	180	5.1	0.316	9.8	0.422	1.0	1.0
5	3	140	4.0	0.0	10.0	0.0	1.0	1.0
5	3	100	2.9	0.316	11.0	0.0	1.0	1.0
5	3	77	2.0	0.0	13.1	0.316	1.0	1.0
5	3	74	2.0	0.0	13.3	0.483	1.0	1.0
5	3	71	2.0	0.0	14.1	0.316	1.0	1.0
5	3	68	1.5	0.527	14.7	0.675	1.0	1.0
5	3	65	1.3	0.483	15.6	0.843	1.0	1.0
5	3	62	1.0	0.0	16.6	0.843	1.0	1.0
5	3	59	0.3	0.483	17.333	0.577	0.3	0.3
5	3	56	0.0	0.0	nan	nan	0.0	0.0
5	3	53	0.0	0.0	nan	nan	0.0	0.0
5	3	50	0.0	0.0	nan	nan	0.0	0.0
5	3	47	0.0	0.0	nan	nan	0.0	0.0
5	3	44	0.0	0.0	nan	nan	0.0	0.0
6	3	420	17.4	0.516	10.0	0.0	1.0	1.0
6	3	380	16.8	0.422	10.0	0.0	1.0	1.0
6	3	340	15.6	0.516	10.0	0.0	1.0	1.0
6	3	300	14.2	0.422	10.0	0.0	1.0	1.0
6	3	260	12.9	0.316	10.0	0.0	1.0	1.0
6	3	220	11.0	0.0	10.0	0.0	1.0	1.0
6	3	180	8.8	0.422	10.4	0.516	1.0	1.0
6	3	140	6.8	0.422	11.0	0.0	1.0	1.0
6	3	100	4.1	0.316	12.9	0.316	1.0	1.0
6	3	77	3.0	0.0	15.4	0.516	1.0	1.0
6	3	74	3.0	0.0	16.0	0.0	1.0	1.0
6	3	71	2.9	0.316	16.8	0.632	1.0	1.0
6	3	68	2.6	0.699	17.6	0.699	1.0	1.0
6	3	65	1.5	0.527	19.3	1.252	1.0	1.0
6	3	62	1.1	0.316	21.3	0.949	1.0	1.0
6	3	59	1.0	0.0	24.6	2.836	1.0	1.0
6	3	56	0.1	0.316	29.0	0.0	0.1	0.1
6	3	53	0.0	0.0	nan	nan	0.0	0.0
6	3	50	0.0	0.0	nan	nan	0.0	0.0
6	3	47	0.0	0.0	nan	nan	0.0	0.0
6	3	44	0.0	0.0	nan	nan	0.0	0.0
7	3	420	18.0	0.0	9.0	0.0	1.0	1.0
7	3	380	17.1	0.316	9.0	0.0	1.0	1.0
7	3	340	16.0	0.0	9.0	0.0	1.0	1.0
7	3	300	14.9	0.316	9.0	0.0	1.0	1.0
7	3	260	13.0	0.0	9.0	0.0	1.0	1.0
7	3	220	11.1	0.316	9.9	0.316	1.0	1.0
7	3	180	8.9	0.316	10.0	0.0	1.0	1.0
7	3	140	6.7	0.483	10.0	0.0	1.0	1.0
7	3	100	4.2	0.422	11.6	0.516	1.0	1.0
7	3	77	3.0	0.0	13.8	0.422	1.0	1.0
7	3	74	2.9	0.316	14.4	0.516	1.0	1.0
7	3	71	2.8	0.422	15.2	0.422	1.0	1.0
7	3	68	2.2	0.422	16.2	0.422	1.0	1.0
7	3	65	2.1	0.316	17.2	0.422	1.0	1.0
7	3	62	1.2	0.422	18.6	0.966	1.0	1.0
7	3	59	1.0	0.0	22.2	2.348	0.9	1.0
7	3	56	0.222	0.441	24.333	1.528	0.2	0.3
7	3	53	0.0	0.0	nan	nan	0.0	0.0
7	3	50	0.0	0.0	nan	nan	0.0	0.0
7	3	47	0.0	0.0	nan	nan	0.0	0.0
7	3	44	0.0	0.0	nan	nan	0.0	0.0
8	3	420	17.0	0.0	9.0	0.0	1.0	1.0
8	3	380	16.0	0.0	9.0	0.0	1.0	1.0
8	3	340	15.1	0.316	9.0	0.0	1.0	1.0
8	3	300	13.8	0.422	9.0	0.0	1.0	1.0
8	3	260	12.1	0.316	9.3	0.483	1.0	1.0
8	3	220	10.5	0.527	10.0	0.0	1.0	1.0
8	3	180	8.3	0.483	10.0	0.0	1.0	1.0
8	3	140	6.4	0.516	10.1	0.316	1.0	1.0
8	3	100	4.0	0.0	11.8	0.422	1.0	1.0
8	3	77	2.9	0.316	14.0	0.0	1.0	1.0
8	3	74	2.6	0.516	14.7	0.483	1.0	1.0
8	3	71	2.1	0.316	15.1	0.568	1.0	1.0
8	3	68	2.0	0.0	16.0	0.667	1.0	1.0
8	3	65	2.0	0.0	17.0	0.471	1.0	1.0
8	3	62	1.3	0.483	18.9	1.197	1.0	1.0
8	3	59	1.0	0.0	21.4	2.119	0.8	1.0
8	3	56	0.111	0.333	25.0	1.414	0.1	0.2
8	3	53	0.0	0.0	nan	nan	0.0	0.0
8	3	50	0.0	0.0	nan	nan	0.0	0.0
8	3	47	0.0	0.0	nan	nan	0.0	0.0
8	3	44	0.0	0.0	nan	nan	0.0	0.0
9	3	420	21.0	0.0	13.0	0.0	1.0	1.0
9	3	380	20.0	0.0	13.0	0.0	1.0	1.0
9	3	340	18.9	0.316	13.0	0.0	1.0	1.0
9	3	300	17.0	0.0	13.0	0.0	1.0	1.0
9	3	260	15.2	0.422	13.0	0.0	1.0	1.0
9	3	220	13.0	0.0	13.3	0.483	1.0	1.0
9	3	180	10.6	0.516	14.0	0.0	1.0	1.0
9	3	140	8.0	0.0	14.3	0.483	1.0	1.0
9	3	100	5.1	0.316	16.2	0.422	1.0	1.0
9	3	77	3.0	0.0	20.0	0.0	1.0	1.0
9	3	74	2.4	0.516	20.6	0.843	1.0	1.0
9	3	71	2.0	0.0	22.2	0.789	1.0	1.0
9	3	68	2.0	0.0	23.5	1.08	1.0	1.0
9	3	65	1.9	0.316	25.7	1.636	1.0	1.0
9	3	62	1.556	0.527	30.2	2.821	0.9	1.0
9	3	59	0.4	0.699	31.667	1.528	0.3	0.3
9	3	56	0.0	0.0	nan	nan	0.0	0.0
9	3	53	0.0	0.0	nan	nan	0.0	0.0
9	3	50	0.0	0.0	nan	nan	0.0	0.0
9	3	47	0.0	0.0	nan	nan	0.0	0.0
9	3	44	0.0	0.0	nan	nan	0.0	0.0
10	3	420	19.0	0.0	10.0	0.0	1.0	1.0
10	3	380	18.0	0.0	10.0	0.0	1.0	1.0
10	3	340	17.0	0.0	10.0	0.0	1.0	1.0
10	3	300	15.6	0.516	10.0	0.0	1.0	1.0
10	3	260	14.0	0.0	10.0	0.0	1.0	1.0
10	3	220	12.0	0.0	10.0	0.0	1.0	1.0
10	3	180	9.8	0.422	10.6	0.516	1.0	1.0
10	3	140	7.4	0.516	11.0	0.0	1.0	1.0
10	3	100	5.0	0.0	12.4	0.516	1.0	1.0
10	3	77	3.4	0.516	15.2	0.789	1.0	1.0
10	3	74	3.0	0.0	15.5	0.527	1.0	1.0
10	3	71	3.0	0.0	16.0	0.471	1.0	1.0
10	3	68	3.0	0.0	17.3	0.483	1.0	1.0
10	3	65	2.5	0.527	18.3	0.823	1.0	1.0
10	3	62	1.6	0.699	19.5	1.08	1.0	1.0
10	3	59	1.0	0.0	22.7	1.337	1.0	1.0
10	3	56	0.7	0.483	27.143	2.734	0.7	0.7
10	3	53	0.1	0.316	25.0	0.0	0.1	0.1
10	3	50	0.0	0.0	nan	nan	0.0	0.0
10	3	47	0.0	0.0	nan	nan	0.0	0.0
10	3	44	0.0	0.0	nan	nan	0.0	0.0
11	3	420	18.7	0.483	10.0	0.0	1.0	1.0
11	3	380	17.7	0.483	10.0	0.0	1.0	1.0
11	3	340	16.8	0.422	10.0	0.0	1.0	1.0
11	3	300	15.1	0.316	10.0	0.0	1.0	1.0
11	3	260	13.6	0.516	10.0	0.0	1.0	1.0
11	3	220	11.6	0.516	10.0	0.0	1.0	1.0
11	3	180	9.7	0.483	10.1	0.316	1.0	1.0
11	3	140	6.9	0.316	11.0	0.0	1.0	1.0
11	3	100	4.8	0.422	12.8	0.422	1.0	1.0
11	3	77	3.0	0.0	15.6	0.516	1.0	1.0
11	3	74	3.0	0.0	16.3	0.483	1.0	1.0
11	3	71	2.9	0.316	17.2	0.632	1.0	1.0
11	3	68	2.2	0.789	18.6	0.966	1.0	1.0
11	3	65	1.2	0.422	21.0	1.155	1.0	1.0
11	3	62	1.0	0.0	22.6	1.174	1.0	1.0
11	3	59	0.7	0.483	25.429	1.618	0.7	0.7
11	3	56	0.0	0.0	nan	nan	0.0	0.0
11	3	53	0.0	0.0	nan	nan	0.0	0.0
11	3	50	0.0	0.0	nan	nan	0.0	0.0
11	3	47	0.0	0.0	nan	nan	0.0	0.0
11	3	44	0.0	0.0	nan	nan	0.0	0.0
12	3	420	15.7	0.483	9.9	0.316	1.0	1.0
12	3	380	15.0	0.0	9.8	0.422	1.0	1.0
12	3	340	13.8	0.422	10.0	0.0	1.0	1.0
12	3	300	12.4	0.516	9.9	0.316	1.0	1.0
12	3	260	11.0	0.0	10.0	0.0	1.0	1.0
12	3	220	9.2	0.422	10.0	0.0	1.0	1.0
12	3	180	7.5	0.527	10.0	0.0	1.0	1.0
12	3	140	5.8	0.422	10.7	0.483	1.0	1.0
12	3	100	3.9	0.316	12.1	0.316	1.0	1.0
12	3	77	2.6	0.516	14.2	0.422	1.0	1.0
12	3	74	2.1	0.316	15.0	0.471	1.0	1.0
12	3	71	2.0	0.0	15.6	0.516	1.0	1.0
12	3	68	2.0	0.0	16.6	0.516	1.0	1.0
12	3	65	1.9	0.316	17.4	1.075	1.0	1.0
12	3	62	1.111	0.333	20.1	1.449	0.9	1.0
12	3	59	0.4	0.516	22.25	0.957	0.4	0.4
12	3	56	0.0	0.0	nan	nan	0.0	0.0
12	3	53	0.0	0.0	nan	nan	0.0	0.0
12	3	50	0.0	0.0	nan	nan	0.0	0.0
12	3	47	0.0	0.0	nan	nan	0.0	0.0
12	3	44	0.0	0.0	nan	nan	0.0	0.0
13	3	420	14.0	0.0	9.0	0.0	1.0	1.0
13	3	380	13.0	0.0	9.0	0.0	1.0	1.0
13	3	340	12.0	0.0	9.0	0.0	1.0	1.0
13	3	300	11.0	0.0	9.0	0.0	1.0	1.0
13	3	260	9.8	0.422	9.0	0.0	1.0	1.0
13	3	220	8.0	0.0	9.0	0.0	1.0	1.0
13	3	180	6.9	0.316	9.3	0.483	1.0	1.0
13	3	140	4.9	0.316	10.0	0.0	1.0	1.0
13	3	100	3.0	0.0	11.2	0.422	1.0	1.0
13	3	77	2.0	0.0	13.4	0.516	1.0	1.0
13	3	74	2.0	0.0	13.8	0.422	1.0	1.0
13	3	71	2.0	0.0	14.5	0.527	1.0	1.0
13	3	68	2.0	0.0	15.1	0.738	1.0	1.0
13	3	65	1.9	0.316	15.9	0.738	1.0	1.0
13	3	62	1.889	0.333	17.4	1.838	0.9	1.0
13	3	59	0.667	1.155	20.5	2.39	0.1	0.8
13	3	56	0.0	0.0	23.0	0.0	0.0	0.1
13	3	53	0.0	0.0	nan	nan	0.0	0.0
13	3	50	0.0	0.0	nan	nan	0.0	0.0
13	3	47	0.0	0.0	nan	nan	0.0	0.0
13	3	44	0.0	0.0	nan	nan	0.0	0.0
14	3	420	19.2	0.422	10.0	0.0	1.0	1.0
14	3	380	18.2	0.422	10.0	0.0	1.0	1.0
14	3	340	17.1	0.316	10.0	0.0	1.0	1.0
14	3	300	15.9	0.316	10.0	0.0	1.0	1.0
14	3	260	14.0	0.0	10.0	0.0	1.0	1.0
14	3	220	11.9	0.316	10.0	0.0	1.0	1.0
14	3	180	10.0	0.0	10.0	0.0	1.0	1.0
14	3	140	7.8	0.422	11.0	0.0	1.0	1.0
14	3	100	5.0	0.0	12.0	0.0	1.0	1.0
14	3	77	4.0	0.0	14.8	0.422	1.0	1.0
14	3	74	3.8	0.422	15.2	0.422	1.0	1.0
14	3	71	3.1	0.316	16.2	0.422	1.0	1.0
14	3	68	3.0	0.0	16.8	0.422	1.0	1.0
14	3	65	2.5	0.527	18.3	0.483	1.0	1.0
14	3	62	1.9	0.316	19.7	1.418	1.0	1.0
14	3	59	1.8	0.422	21.8	1.317	1.0	1.0
14	3	56	1.0	0.0	26.8	3.521	1.0	1.0
14	3	53	0.0	0.0	nan	nan	0.0	0.0
14	3	50	0.0	0.0	nan	nan	0.0	0.0
14	3	47	0.0	0.0	nan	nan	0.0	0.0
14	3	44	0.0	0.0	nan	nan	0.0	0.0
15	3	420	14.0	0.0	9.0	0.0	1.0	1.0
15	3	380	13.0	0.0	9.0	0.0	1.0	1.0
15	3	340	12.0	0.0	9.0	0.0	1.0	1.0
15	3	300	11.0	0.0	9.0	0.0	1.0	1.0
15	3	260	10.0	0.0	9.0	0.0	1.0	1.0
15	3	220	8.0	0.0	9.0	0.0	1.0	1.0
15	3	180	6.9	0.316	9.0	0.0	1.0	1.0
15	3	140	5.0	0.0	10.0	0.0	1.0	1.0
15	3	100	3.0	0.0	11.0	0.0	1.0	1.0
15	3	77	2.0	0.0	12.8	0.422	1.0	1.0
15	3	74	2.0	0.0	13.1	0.568	1.0	1.0
15	3	71	2.0	0.0	13.7	0.483	1.0	1.0
15	3	68	2.0	0.0	14.2	0.422	1.0	1.0
15	3	65	2.0	0.0	15.0	0.471	1.0	1.0
15	3	62	1.9	0.316	16.3	0.823	1.0	1.0
15	3	59	1.286	0.488	17.4	0.699	0.7	1.0
15	3	56	0.0	0.0	20.0	1.0	0.0	0.3
15	3	53	0.0	0.0	nan	nan	0.0	0.0
15	3	50	0.0	0.0	nan	nan	0.0	0.0
15	3	47	0.0	0.0	nan	nan	0.0	0.0
15	3	44	0.0	0.0	nan	nan	0.0	0.0
16	3	420	17.8	0.422	9.6	0.516	1.0	1.0
16	3	380	17.0	0.0	9.2	0.422	1.0	1.0
16	3	340	16.0	0.0	9.4	0.516	1.0	1.0
16	3	300	14.4	0.516	9.5	0.527	1.0	1.0
16	3	260	12.9	0.316	10.0	0.0	1.0	1.0
16	3	220	10.8	0.422	10.0	0.0	1.0	1.0
16	3	180	8.9	0.316	10.0	0.0	1.0	1.0
16	3	140	6.7	0.483	10.3	0.483	1.0	1.0
16	3	100	4.1	0.316	12.0	0.0	1.0	1.0
16	3	77	2.9	0.316	14.3	0.483	1.0	1.0
16	3	74	2.6	0.516	14.8	0.422	1.0	1.0
16	3	71	2.2	0.422	15.3	0.675	1.0	1.0
16	3	68	2.1	0.316	16.4	0.516	1.0	1.0
16	3	65	1.8	0.422	17.4	0.699	1.0	1.0
16	3	62	1.4	0.516	19.4	1.578	1.0	1.0
16	3	59	0.889	0.333	21.222	2.167	0.8	0.9
16	3	56	0.2	0.422	22.5	0.707	0.2	0.2
16	3	53	0.0	0.0	nan	nan	0.0	0.0
16	3	50	0.0	0.0	nan	nan	0.0	0.0
16	3	47	0.0	0.0	nan	nan	0.0	0.0
16	3	44	0.0	0.0	nan	nan	0.0	0.0
17	3	420	15.1	0.316	9.0	0.0	1.0	1.0
17	3	380	14.8	0.422	9.0	0.0	1.0	1.0
17	3	340	13.6	0.516	9.0	0.0	1.0	1.0
17	3	300	12.3	0.483	9.0	0.0	1.0	1.0
17	3	260	11.0	0.0	9.0	0.0	1.0	1.0
17	3	220	9.5	0.527	9.2	0.422	1.0	1.0
17	3	180	7.8	0.422	10.0	0.0	1.0	1.0
17	3	140	6.0	0.0	10.0	0.0	1.0	1.0
17	3	100	4.0	0.0	11.5	0.527	1.0	1.0
17	3	77	2.6	0.516	13.9	0.316	1.0	1.0
17	3	74	2.0	0.0	14.3	0.483	1.0	1.0
17	3	71	2.1	0.316	14.8	0.422	1.0	1.0
17	3	68	2.0	0.0	15.3	0.675	1.0	1.0
17	3	65	1.9	0.316	17.1	0.568	1.0	1.0
17	3	62	1.286	0.488	19.0	1.886	0.7	1.0
17	3	59	1.0	0.707	21.556	1.74	0.4	0.9
17	3	56	0.0	0.0	nan	nan	0.0	0.0
17	3	53	0.0	0.0	nan	nan	0.0	0.0
17	3	50	0.0	0.0	nan	nan	0.0	0.0
17	3	47	0.0	0.0	nan	nan	0.0	0.0
17	3	44	0.0	0.0	nan	nan	0.0	0.0
18	3	420	15.0	0.0	9.0	0.0	1.0	1.0
18	3	380	14.0	0.0	9.0	0.0	1.0	1.0
18	3	340	13.0	0.0	9.0	0.0	1.0	1.0
18	3	300	12.0	0.0	9.0	0.0	1.0	1.0
18	3	260	10.4	0.516	9.1	0.316	1.0	1.0
18	3	220	8.9	0.316	10.0	0.0	1.0	1.0
18	3	180	7.0	0.0	10.0	0.0	1.0	1.0
18	3	140	5.2	0.422	10.0	0.0	1.0	1.0
18	3	100	3.4	0.516	11.9	0.316	1.0	1.0
18	3	77	2.0	0.0	13.9	0.316	1.0	1.0
18	3	74	2.0	0.0	14.2	0.422	1.0	1.0
18	3	71	2.0	0.0	15.2	0.422	1.0	1.0
18	3	68	2.0	0.0	16.0	0.471	1.0	1.0
18	3	65	2.0	0.0	17.1	0.568	1.0	1.0
18	3	62	1.714	0.488	18.2	0.422	0.7	1.0
18	3	59	0.25	0.5	22.143	1.574	0.1	0.7
18	3	56	0.0	0.0	nan	nan	0.0	0.0
18	3	53	0.0	0.0	nan	nan	0.0	0.0
18	3	50	0.0	0.0	nan	nan	0.0	0.0
18	3	47	0.0	0.0	nan	nan	0.0	0.0
18	3	44	0.0	0.0	nan	nan	0.0	0.0
19	3	420	12.6	0.516	10.0	0.0	1.0	1.0
19	3	380	12.0	0.0	10.0	0.0	1.0	1.0
19	3	340	11.0	0.0	10.0	0.0	1.0	1.0
19	3	300	10.1	0.316	10.0	0.0	1.0	1.0
19	3	260	9.0	0.0	10.0	0.0	1.0	1.0
19	3	220	7.9	0.316	10.0	0.0	1.0	1.0
19	3	180	6.0	0.0	10.0	0.0	1.0	1.0
19	3	140	5.0	0.0	11.0	0.0	1.0	1.0
19	3	100	3.0	0.0	12.0	0.0	1.0	1.0
19	3	77	2.0	0.0	14.1	0.316	1.0	1.0
19	3	74	2.0	0.0	14.6	0.516	1.0	1.0
19	3	71	2.0	0.0	15.2	0.422	1.0	1.0
19	3	68	2.0	0.0	15.9	0.568	1.0	1.0
19	3	65	2.0	0.0	16.9	0.568	1.0	1.0
19	3	62	1.625	0.518	17.9	0.568	0.8	1.0
19	3	59	0.4	0.548	20.714	0.756	0.2	0.7
19	3	56	0.0	0.0	23.0	0.0	0.0	0.1
19	3	53	0.0	0.0	nan	nan	0.0	0.0
19	3	50	0.0	0.0	nan	nan	0.0	0.0
19	3	47	0.0	0.0	nan	nan	0.0	0.0
19	3	44	0.0	0.0	nan	nan	0.0	0.0
20	3	420	13.0	0.0	9.0	0.0	1.0	1.0
20	3	380	12.6	0.516	9.0	0.0	1.0	1.0
20	3	340	11.9	0.316	9.0	0.0	1.0	1.0
20	3	300	11.0	0.0	9.0	0.0	1.0	1.0
20	3	260	9.8	0.422	9.2	0.422	1.0	1.0
20	3	220	8.1	0.316	9.7	0.483	1.0	1.0
20	3	180	6.9	0.316	10.0	0.0	1.0	1.0
20	3	140	5.0	0.0	10.0	0.0	1.0	1.0
20	3	100	3.5	0.527	11.1	0.316	1.0	1.0
20	3	77	2.3	0.483	13.4	0.516	1.0	1.0
20	3	74	2.0	0.0	14.1	0.316	1.0	1.0
20	3	71	2.0	0.0	14.7	0.483	1.0	1.0
20	3	68	2.0	0.0	15.1	0.568	1.0	1.0
20	3	65	2.0	0.0	15.9	0.568	1.0	1.0
20	3	62	1.6	0.516	18.0	0.943	1.0	1.0
20	3	59	1.4	0.548	19.8	2.044	0.5	1.0
20	3	56	0.0	0.0	22.833	1.602	0.0	0.6
20	3	53	0.0	0.0	nan	nan	0.0	0.0
20	3	50	0.0	0.0	nan	nan	0.0	0.0
20	3	47	0.0	0.0	nan	nan	0.0	0.0
20	3	44	0.0	0.0	nan	nan	0.0	0.0
21	3	420	16.0	0.0	10.0	0.0	1.0	1.0
21	3	380	15.0	0.0	10.0	0.0	1.0	1.0
21	3	340	14.0	0.0	10.0	0.0	1.0	1.0
21	3	300	13.0	0.0	10.0	0.0	1.0	1.0
21	3	260	11.8	0.422	10.0	0.0	1.0	1.0
21	3	220	10.0	0.0	10.0	0.0	1.0	1.0
21	3	180	8.0	0.0	10.0	0.0	1.0	1.0
21	3	140	5.9	0.316	10.9	0.316	1.0	1.0
21	3	100	4.0	0.0	12.1	0.316	1.0	1.0
21	3	77	3.0	0.0	14.6	0.516	1.0	1.0
21	3	74	2.8	0.422	15.2	0.422	1.0	1.0
21	3	71	2.5	0.527	15.9	0.738	1.0	1.0
21	3	68	2.1	0.316	16.7	0.483	1.0	1.0
21	3	65	1.6	0.516	17.8	0.789	1.0	1.0
21	3	62	1.0	0.0	20.2	0.632	1.0	1.0
21	3	59	1.0	0.0	22.0	1.414	1.0	1.0
21	3	56	0.222	0.441	26.667	3.055	0.2	0.3
21	3	53	0.0	0.0	nan	nan	0.0	0.0
21	3	50	0.0	0.0	nan	nan	0.0	0.0
21	3	47	0.0	0.0	nan	nan	0.0	0.0
21	3	44	0.0	0.0	nan	nan	0.0	0.0
22	3	420	22.7	0.483	11.2	0.422	1.0	1.0
22	3	380	21.4	0.516	11.2	0.422	1.0	1.0
22	3	340	20.2	0.422	11.2	0.422	1.0	1.0
22	3	300	18.5	0.527	11.6	0.516	1.0	1.0
22	3	260	16.6	0.516	11.6	0.516	1.0	1.0
22	3	220	14.1	0.316	12.0	0.0	1.0	1.0
22	3	180	11.6	0.516	12.0	0.0	1.0	1.0
22	3	140	8.7	0.483	13.0	0.0	1.0	1.0
22	3	100	5.9	0.316	14.2	0.422	1.0	1.0
22	3	77	4.0	0.0	16.9	0.568	1.0	1.0
22	3	74	3.7	0.483	17.9	0.316	1.0	1.0
22	3	71	2.8	0.632	18.3	0.483	1.0	1.0
22	3	68	2.0	0.0	19.3	0.823	1.0	1.0
22	3	65	2.0	0.0	21.0	0.943	1.0	1.0
22	3	62	1.9	0.316	22.9	1.101	1.0	1.0
22	3	59	1.6	0.516	26.3	2.003	1.0	1.0
22	3	56	0.667	0.5	31.143	2.911	0.6	0.7
22	3	53	0.0	0.0	nan	nan	0.0	0.0
22	3	50	0.0	0.0	nan	nan	0.0	0.0
22	3	47	0.0	0.0	nan	nan	0.0	0.0
22	3	44	0.0	0.0	nan	nan	0.0	0.0
23	3	420	19.8	0.422	11.0	0.0	1.0	1.0
23	3	380	18.4	0.516	11.0	0.0	1.0	1.0
23	3	340	17.3	0.483	11.0	0.0	1.0	1.0
23	3	300	16.0	0.0	11.0	0.0	1.0	1.0
23	3	260	14.2	0.422	11.0	0.0	1.0	1.0
23	3	220	12.0	0.0	11.0	0.0	1.0	1.0
23	3	180	9.9	0.316	11.4	0.516	1.0	1.0
23	3	140	7.6	0.516	12.0	0.0	1.0	1.0
23	3	100	5.0	0.0	13.5	0.527	1.0	1.0
23	3	77	3.1	0.316	15.9	0.568	1.0	1.0
23	3	74	3.1	0.316	16.8	0.632	1.0	1.0
23	3	71	2.9	0.316	16.9	0.316	1.0	1.0
23	3	68	2.4	0.516	18.6	1.35	1.0	1.0
23	3	65	1.9	0.568	19.3	0.823	1.0	1.0
23	3	62	1.2	0.422	21.2	1.033	1.0	1.0
23	3	59	1.0	0.0	24.0	2.357	1.0	1.0
23	3	56	0.9	0.316	27.333	1.803	0.9	0.9
23	3	53	0.0	0.0	nan	nan	0.0	0.0
23	3	50	0.0	0.0	nan	nan	0.0	0.0
23	3	47	0.0	0.0	nan	nan	0.0	0.0
23	3	44	0.0	0.0	nan	nan	0.0	0.0
24	3	420	13.0	0.0	9.0	0.0	1.0	1.0
24	3	380	12.2	0.422	9.0	0.0	1.0	1.0
24	3	340	12.0	0.0	9.0	0.0	1.0	1.0
24	3	300	10.9	0.316	9.0	0.0	1.0	1.0
24	3	260	9.8	0.422	9.1	0.316	1.0	1.0
24	3	220	8.0	0.0	9.9	0.316	1.0	1.0
24	3	180	7.0	0.0	10.0	0.0	1.0	1.0
24	3	140	5.0	0.0	10.0	0.0	1.0	1.0
24	3	100	3.9	0.316	11.7	0.483	1.0	1.0
24	3	77	2.7	0.483	14.0	0.0	1.0	1.0
24	3	74	2.3	0.483	14.3	0.483	1.0	1.0
24	3	71	2.2	0.422	14.9	0.316	1.0	1.0
24	3	68	2.0	0.0	15.9	0.568	1.0	1.0
24	3	65	1.9	0.316	17.2	1.229	1.0	1.0
24	3	62	1.4	0.516	18.5	1.581	1.0	1.0
24	3	59	1.0	0.0	22.2	3.19	0.8	1.0
24	3	56	0.111	0.333	22.0	7.071	0.1	0.2
24	3	53	0.0	0.0	nan	nan	0.0	0.0
24	3	50	0.0	0.0	nan	nan	0.0	0.0
24	3	47	0.0	0.0	nan	nan	0.0	0.0
24	3	44	0.0	0.0	nan	nan	0.0	0.0
25	3	420	14.0	0.0	9.0	0.0	1.0	1.0
25	3	380	13.0	0.0	9.1	0.316	1.0	1.0
25	3	340	12.0	0.0	9.2	0.422	1.0	1.0
25	3	300	11.0	0.0	9.4	0.516	1.0	1.0
25	3	260	9.9	0.316	9.8	0.422	1.0	1.0
25	3	220	8.2	0.422	9.9	0.316	1.0	1.0
25	3	180	6.8	0.422	10.0	0.0	1.0	1.0
25	3	140	5.0	0.0	10.0	0.0	1.0	1.0
25	3	100	3.2	0.422	11.8	0.422	1.0	1.0
25	3	77	2.0	0.0	13.5	0.527	1.0	1.0
25	3	74	2.0	0.0	14.0	0.0	1.0	1.0
25	3	71	2.0	0.0	14.8	0.632	1.0	1.0
25	3	68	2.0	0.0	15.3	0.483	1.0	1.0
25	3	65	2.0	0.0	16.2	0.919	1.0	1.0
25	3	62	1.667	0.5	17.4	0.516	0.9	1.0
25	3	59	0.667	0.816	19.143	1.069	0.3	0.7
25	3	56	0.0	0.0	23.667	2.517	0.0	0.3
25	3	53	0.0	0.0	nan	nan	0.0	0.0
25	3	50	0.0	0.0	nan	nan	0.0	0.0
25	3	47	0.0	0.0	nan	nan	0.0	0.0
25	3	44	0.0	0.0	nan	nan	0.0	0.0
26	3	420	13.7	0.483	9.5	0.527	1.0	1.0
26	3	380	13.0	0.0	9.1	0.316	1.0	1.0
26	3	340	12.1	0.316	9.0	0.0	1.0	1.0
26	3	300	11.0	0.0	9.0	0.0	1.0	1.0
26	3	260	10.0	0.0	9.6	0.516	1.0	1.0
26	3	220	8.6	0.516	9.9	0.316	1.0	1.0
26	3	180	6.9	0.316	10.0	0.0	1.0	1.0
26	3	140	5.0	0.0	10.1	0.316	1.0	1.0
26	3	100	3.5	0.527	11.8	0.422	1.0	1.0
26	3	77	2.3	0.483	13.9	0.316	1.0	1.0
26	3	74	2.0	0.0	14.4	0.516	1.0	1.0
26	3	71	2.0	0.0	15.2	0.422	1.0	1.0
26	3	68	2.0	0.0	15.7	0.675	1.0	1.0
26	3	65	2.0	0.0	16.8	0.789	1.0	1.0
26	3	62	1.556	0.527	18.0	0.816	0.9	1.0
26	3	59	1.0	0.707	21.111	2.472	0.4	0.9
26	3	56	0.0	0.0	22.0	0.0	0.0	0.1
26	3	53	0.0	0.0	24.0	0.0	0.0	0.1
26	3	50	0.0	0.0	nan	nan	0.0	0.0
26	3	47	0.0	0.0	nan	nan	0.0	0.0
26	3	44	0.0	0.0	nan	nan	0.0	0.0
27	3	420	18.9	0.316	9.0	0.0	1.0	1.0
27	3	380	18.0	0.0	9.0	0.0	1.0	1.0
27	3	340	16.8	0.422	9.0	0.0	1.0	1.0
27	3	300	15.0	0.0	9.1	0.316	1.0	1.0
27	3	260	13.1	0.316	9.3	0.483	1.0	1.0
27	3	220	11.3	0.483	9.9	0.316	1.0	1.0
27	3	180	9.0	0.471	10.0	0.0	1.0	1.0
27	3	140	6.7	0.483	10.1	0.316	1.0	1.0
27	3	100	4.2	0.422	11.8	0.422	1.0	1.0
27	3	77	2.8	0.422	13.5	0.527	1.0	1.0
27	3	74	2.6	0.516	14.4	0.516	1.0	1.0
27	3	71	2.2	0.422	14.9	0.316	1.0	1.0
27	3	68	2.0	0.0	15.4	0.516	1.0	1.0
27	3	65	1.9	0.316	16.7	0.823	1.0	1.0
27	3	62	1.9	0.316	17.5	1.434	1.0	1.0
27	3	59	1.125	0.835	19.25	1.909	0.6	0.8
27	3	56	0.1	0.316	21.0	0.0	0.1	0.1
27	3	53	0.0	0.0	nan	nan	0.0	0.0
27	3	50	0.0	0.0	nan	nan	0.0	0.0
27	3	47	0.0	0.0	nan	nan	0.0	0.0
27	3	44	0.0	0.0	nan	nan	0.0	0.0
28	3	420	20.0	0.0	10.5	0.527	1.0	1.0
28	3	380	19.1	0.316	10.2	0.422	1.0	1.0
28	3	340	18.0	0.0	10.7	0.483	1.0	1.0
28	3	300	16.4	0.516	10.8	0.422	1.0	1.0
28	3	260	14.7	0.483	10.8	0.422	1.0	1.0
28	3	220	12.8	0.422	11.0	0.0	1.0	1.0
28	3	180	10.2	0.422	11.0	0.0	1.0	1.0
28	3	140	7.9	0.316	12.0	0.0	1.0	1.0
28	3	100	5.2	0.422	13.1	0.316	1.0	1.0
28	3	77	4.0	0.0	15.8	0.422	1.0	1.0
28	3	74	3.7	0.483	16.5	0.527	1.0	1.0
28	3	71	3.1	0.316	17.2	0.789	1.0	1.0
28	3	68	2.6	0.516	17.9	0.876	1.0	1.0
28	3	65	2.0	0.0	19.1	0.738	1.0	1.0
28	3	62	2.1	0.316	20.9	1.792	1.0	1.0
28	3	59	1.6	0.516	24.7	1.947	1.0	1.0
28	3	56	0.857	0.378	32.222	3.492	0.6	0.9
28	3	53	0.0	0.0	nan	nan	0.0	0.0
28	3	50	0.0	0.0	nan	nan	0.0	0.0
28	3	47	0.0	0.0	nan	nan	0.0	0.0
28	3	44	0.0	0.0	nan	nan	0.0	0.0
29	3	420	20.3	0.483	10.0	0.0	1.0	1.0
29	3	380	19.8	0.422	10.0	0.0	1.0	1.0
29	3	340	18.1	0.316	10.0	0.0	1.0	1.0
29	3	300	16.9	0.316	10.0	0.0	1.0	1.0
29	3	260	15.0	0.0	10.0	0.0	1.0	1.0
29	3	220	13.0	0.0	10.0	0.0	1.0	1.0
29	3	180	10.6	0.516	10.2	0.422	1.0	1.0
29	3	140	7.9	0.316	11.0	0.0	1.0	1.0
29	3	100	5.1	0.316	12.1	0.316	1.0	1.0
29	3	77	3.8	0.422	14.7	0.483	1.0	1.0
29	3	74	3.5	0.527	15.4	0.699	1.0	1.0
29	3	71	3.0	0.0	16.4	0.516	1.0	1.0
29	3	68	2.9	0.316	17.2	0.789	1.0	1.0
29	3	65	2.9	0.316	17.6	0.699	1.0	1.0
29	3	62	2.1	0.316	19.3	1.059	1.0	1.0
29	3	59	1.1	0.316	22.5	1.9	1.0	1.0
29	3	56	0.9	0.316	25.778	1.202	0.9	0.9
29	3	53	0.3	0.483	31.0	2.646	0.3	0.3
29	3	50	0.0	0.0	nan	nan	0.0	0.0
29	3	47	0.0	0.0	nan	nan	0.0	0.0
29	3	44	0.0	0.0	nan	nan	0.0	0.0
30	3	420	14.0	0.0	9.0	0.0	1.0	1.0
30	3	380	13.4	0.516	9.0	0.0	1.0	1.0
30	3	340	12.8	0.422	9.0	0.0	1.0	1.0
30	3	300	11.5	0.527	9.0	0.0	1.0	1.0
30	3	260	10.0	0.0	9.0	0.0	1.0	1.0
30	3	220	8.9	0.316	9.0	0.0	1.0	1.0
30	3	180	7.0	0.0	9.0	0.0	1.0	1.0
30	3	140	5.1	0.316	9.9	0.316	1.0	1.0
30	3	100	3.2	0.422	11.0	0.0	1.0	1.0
30	3	77	2.4	0.516	13.2	0.422	1.0	1.0
30	3	74	2.0	0.0	13.5	0.527	1.0	1.0
30	3	71	2.0	0.0	14.2	0.422	1.0	1.0
30	3	68	2.0	0.0	15.3	0.483	1.0	1.0
30	3	65	2.0	0.0	15.6	0.966	1.0	1.0
30	3	62	1.667	0.5	17.6	0.699	0.9	1.0
30	3	59	1.25	0.707	18.667	1.118	0.7	0.9
30	3	56	0.2	0.447	23.0	1.789	0.1	0.6
30	3	53	0.0	0.0	nan	nan	0.0	0.0
30	3	50	0.0	0.0	nan	nan	0.0	0.0
30	3	47	0.0	0.0	nan	nan	0.0	0.0
30	3	44	0.0	0.0	nan	nan	0.0	0.0
31	3	420	17.0	0.0	9.0	0.0	1.0	1.0
31	3	380	16.1	0.316	9.0	0.0	1.0	1.0
31	3	340	15.0	0.0	9.0	0.0	1.0	1.0
31	3	300	13.7	0.483	9.0	0.0	1.0	1.0
31	3	260	12.0	0.0	9.0	0.0	1.0	1.0
31	3	220	10.0	0.0	9.0	0.0	1.0	1.0
31	3	180	8.1	0.316	9.0	0.0	1.0	1.0
31	3	140	6.0	0.0	10.0	0.0	1.0	1.0
31	3	100	4.0	0.0	11.0	0.0	1.0	1.0
31	3	77	2.1	0.316	13.3	0.483	1.0	1.0
31	3	74	2.0	0.0	13.5	0.707	1.0	1.0
31	3	71	2.0	0.0	14.0	0.471	1.0	1.0
31	3	68	2.0	0.0	14.9	0.568	1.0	1.0
31	3	65	2.0	0.0	15.8	0.632	1.0	1.0
31	3	62	1.714	0.488	17.5	1.179	0.7	1.0
31	3	59	0.625	0.744	18.833	2.714	0.4	0.6
31	3	56	0.0	0.0	nan	nan	0.0	0.0
31	3	53	0.0	0.0	22.0	0.0	0.0	0.1
31	3	50	0.0	0.0	nan	nan	0.0	0.0
31	3	47	0.0	0.0	nan	nan	0.0	0.0
31	3	44	0.0	0.0	nan	nan	0.0	0.0
0	4	420	14.0	0.0	9.0	0.0	1.0	1.0
0	4	380	13.2	0.422	9.0	0.0	1.0	1.0
0	4	340	12.7	0.483	9.0	0.0	1.0	1.0
0	4	300	11.6	0.516	9.0	0.0	1.0	1.0
0	4	260	10.5	0.527	9.0	0.0	1.0	1.0
0	4	220	9.0	0.0	9.8	0.422	1.0	1.0
0	4	180	7.9	0.316	10.0	0.0	1.0	1.0
0	4	140	5.9	0.316	10.0	0.0	1.0	1.0
0	4	100	4.0	0.0	11.8	0.422	1.0	1.0
0	4	77	3.0	0.0	14.0	0.471	1.0	1.0
0	4	74	3.0	0.0	14.5	0.527	1.0	1.0
0	4	71	3.0	0.0	15.1	0.316	1.0	1.0
0	4	68	2.5	0.527	15.9	0.316	1.0	1.0
0	4	65	2.2	0.632	17.3	0.949	1.0	1.0
0	4	62	1.4	0.516	18.9	1.449	1.0	1.0
0	4	59	1.0	0.0	23.1	1.729	1.0	1.0
0	4	56	0.375	0.518	29.4	4.827	0.3	0.5
0	4	53	0.0	0.0	nan	nan	0.0	0.0
0	4	50	0.0	0.0	nan	nan	0.0	0.0
0	4	47	0.0	0.0	nan	nan	0.0	0.0
0	4	44	0.0	0.0	nan	nan	0.0	0.0
1	4	420	14.7	0.483	9.9	0.316	1.0	1.0
1	4	380	14.0	0.0	10.0	0.0	1.0	1.0
1	4	340	13.0	0.0	10.0	0.0	1.0	1.0
1	4	300	12.0	0.0	10.0	0.0	1.0	1.0
1	4	260	11.0	0.0	10.0	0.0	1.0	1.0
1	4	220	9.4	0.516	10.0	0.0	1.0	1.0
1	4	180	7.8	0.422	10.0	0.0	1.0	1.0
1	4	140	6.0	0.0	11.0	0.0	1.0	1.0
1	4	100	4.0	0.0	12.1	0.316	1.0	1.0
1	4	77	3.0	0.0	14.9	0.316	1.0	1.0
1	4	74	3.0	0.0	15.3	0.483	1.0	1.0
1	4	71	2.3	0.483	16.4	0.699	1.0	1.0
1	4	68	1.8	0.422	17.6	0.699	1.0	1.0
1	4	65	1.6	0.516	18.1	0.994	1.0	1.0
1	4	62	1.0	0.0	20.9	1.101	1.0	1.0
1	4	59	0.5	0.527	22.8	0.837	0.5	0.5
1	4	56	0.1	0.316	26.0	0.0	0.1	0.1
1	4	53	0.0	0.0	nan	nan	0.0	0.0
1	4	50	0.0	0.0	nan	nan	0.0	0.0
1	4	47	0.0	0.0	nan	nan	0.0	0.0
1	4	44	0.0	0.0	nan	nan	0.0	0.0
2	4	420	12.2	0.422	9.0	0.0	1.0	1.0
2	4	380	12.0	0.0	9.0	0.0	1.0	1.0
2	4	340	11.0	0.0	9.0	0.0	1.0	1.0
2	4	300	10.0	0.0	9.0	0.0	1.0	1.0
2	4	260	9.0	0.0	9.0	0.0	1.0	1.0
2	4	220	8.0	0.0	9.0	0.0	1.0	1.0
2	4	180	6.1	0.316	9.8	0.422	1.0	1.0
2	4	140	4.9	0.316	10.0	0.0	1.0	1.0
2	4	100	3.0	0.0	11.0	0.0	1.0	1.0
2	4	77	2.0	0.0	13.6	0.516	1.0	1.0
2	4	74	2.0	0.0	14.2	0.422	1.0	1.0
2	4	71	2.0	0.0	14.4	0.516	1.0	1.0
2	4	68	1.8	0.422	15.6	0.699	1.0	1.0
2	4	65	1.6	0.516	16.6	0.843	1.0	1.0
2	4	62	1.0	0.0	18.7	1.636	0.5	1.0
2	4	59	0.0	0.0	20.333	3.215	0.0	0.3
2	4	56	0.0	0.0	nan	nan	0.0	0.0
2	4	53	0.0	0.0	nan	nan	0.0	0.0
2	4	50	0.0	0.0	nan	nan	0.0	0.0
2	4	47	0.0	0.0	nan	nan	0.0	0.0
2	4	44	0.0	0.0	nan	nan	0.0	0.0
3	4	420	14.0	0.0	10.0	0.0	1.0	1.0
3	4	380	13.4	0.516	10.0	0.0	1.0	1.0
3	4	340	12.8	0.422	10.0	0.0	1.0	1.0
3	4	300	11.7	0.483	10.0	0.0	1.0	1.0
3	4	260	10.3	0.483	10.1	0.316	1.0	1.0
3	4	220	9.0	0.0	10.1	0.316	1.0	1.0
3	4	180	7.5	0.527	10.4	0.516	1.0	1.0
3	4	140	5.8	0.422	11.0	0.0	1.0	1.0
3	4	100	4.0	0.0	12.5	0.527	1.0	1.0
3	4	77	3.0	0.0	14.9	0.316	1.0	1.0
3	4	74	2.4	0.516	15.8	0.632	1.0	1.0
3	4	71	2.0	0.0	16.4	0.516	1.0	1.0
3	4	68	1.8	0.422	17.7	0.949	1.0	1.0
3	4	65	1.1	0.316	18.9	0.568	1.0	1.0
3	4	62	1.1	0.316	20.5	1.269	1.0	1.0
3	4	59	0.8	0.422	23.5	2.0	0.8	0.8
3	4	56	0.0	0.0	27.0	0.0	0.0	0.1
3	4	53	0.0	0.0	nan	nan	0.0	0.0
3	4	50	0.0	0.0	nan	nan	0.0	0.0
3	4	47	0.0	0.0	nan	nan	0.0	0.0
3	4	44	0.0	0.0	nan	nan	0.0	0.0
4	4	420	18.1	0.316	11.9	0.316	1.0	1.0
4	4	380	17.4	0.516	11.9	0.316	1.0	1.0
4	4	340	16.5	0.527	11.9	0.316	1.0	1.0
4	4	300	15.0	0.0	12.0	0.0	1.0	1.0
4	4	260	13.9	0.316	12.0	0.0	1.0	1.0
4	4	220	11.9	0.316	12.0	0.0	1.0	1.0
4	4	180	9.9	0.316	12.0	0.0	1.0	1.0
4	4	140	7.6	0.516	13.0	0.0	1.0	1.0
4	4	100	5.0	0.0	14.7	0.483	1.0	1.0
4	4	77	3.8	0.422	17.4	0.516	1.0	1.0
4	4	74	2.7	0.675	17.9	0.738	1.0	1.0
4	4	71	2.2	0.422	18.4	0.516	1.0	1.0
4	4	68	2.0	0.0	19.9	0.316	1.0	1.0
4	4	65	2.0	0.0	21.3	0.949	1.0	1.0
4	4	62	1.7	0.483	22.8	0.789	1.0	1.0
4	4	59	1.0	0.0	26.4	1.174	1.0	1.0
4	4	56	0.5	0.535	33.5	2.588	0.4	0.6
4	4	53	0.0	0.0	nan	nan	0.0	0.0
4	4	50	0.0	0.0	nan	nan	0.0	0.0
4	4	47	0.0	0.0	nan	nan	0.0	0.0
4	4	44	0.0	0.0	nan	nan	0.0	0.0
5	4	420	17.0	0.0	10.0	0.0	1.0	1.0
5	4	380	16.1	0.316	10.0	0.0	1.0	1.0
5	4	340	15.1	0.316	10.0	0.0	1.0	1.0
5	4	300	14.0	0.0	10.0	0.0	1.0	1.0
5	4	260	12.7	0.483	10.0	0.0	1.0	1.0
5	4	220	11.0	0.0	10.0	0.0	1.0	1.0
5	4	180	9.0	0.0	10.0	0.0	1.0	1.0
5	4	140	6.9	0.316	11.0	0.0	1.0	1.0
5	4	100	4.7	0.483	12.2	0.422	1.0	1.0
5	4	77	3.0	0.0	14.7	0.483	1.0	1.0
5	4	74	3.0	0.0	15.4	0.516	1.0	1.0
5	4	71	2.9	0.316	16.4	0.516	1.0	1.0
5	4	68	2.6	0.516	17.2	0.632	1.0	1.0
5	4	65	1.7	0.483	18.2	1.398	1.0	1.0
5	4	62	1.0	0.0	20.7	1.252	1.0	1.0
5	4	59	0.8	0.422	23.125	1.553	0.8	0.8
5	4	56	0.111	0.333	26.0	0.0	0.1	0.2
5	4	53	0.0	0.0	nan	nan	0.0	0.0
5	4	50	0.0	0.0	nan	nan	0.0	0.0
5	4	47	0.0	0.0	nan	nan	0.0	0.0
5	4	44	0.0	0.0	nan	nan	0.0	0.0
6	4	420	18.9	0.316	10.0	0.0	1.0	1.0
6	4	380	18.0	0.0	10.0	0.0	1.0	1.0
6	4	340	16.6	0.516	10.0	0.0	1.0	1.0
6	4	300	15.4	0.516	10.0	0.0	1.0	1.0
6	4	260	13.6	0.516	10.0	0.0	1.0	1.0
6	4	220	12.0	0.0	10.0	0.0	1.0	1.0
6	4	180	9.7	0.483	10.0	0.0	1.0	1.0
6	4	140	7.1	0.316	11.0	0.0	1.0	1.0
6	4	100	4.4	0.516	12.1	0.316	1.0	1.0
6	4	77	3.2	0.422	14.9	0.316	1.0	1.0
6	4	74	2.9	0.316	15.1	0.738	1.0	1.0
6	4	71	2.5	0.527	16.2	0.789	1.0	1.0
6	4	68	2.4	0.516	16.5	0.707	1.0	1.0
6	4	65	2.2	0.422	16.8	0.789	1.0	1.0
6	4	62	1.1	0.316	20.0	1.414	1.0	1.0
6	4	59	0.5	0.527	21.8	1.924	0.5	0.5
6	4	56	0.0	0.0	nan	nan	0.0	0.0
6	4	53	0.0	0.0	nan	nan	0.0	0.0
6	4	50	0.0	0.0	nan	nan	0.0	0.0
6	4	47	0.0	0.0	nan	nan	0.0	0.0
6	4	44	0.0	0.0	nan	nan	0.0	0.0
7	4	420	15.0	0.0	9.0	0.0	1.0	1.0
7	4	380	14.1	0.316	9.1	0.316	1.0	1.0
7	4	340	13.5	0.527	9.0	0.0	1.0	1.0
7	4	300	12.3	0.483	9.1	0.316	1.0	1.0
7	4	260	11.0	0.0	9.6	0.516	1.0	1.0
7	4	220	9.5	0.527	10.0	0.0	1.0	1.0
7	4	180	8.0	0.0	10.0	0.0	1.0	1.0
7	4	140	5.9	0.316	10.2	0.422	1.0	1.0
7	4	100	4.0	0.0	11.9	0.316	1.0	1.0
7	4	77	2.3	0.483	14.0	0.471	1.0	1.0
7	4	74	2.3	0.483	15.0	0.816	1.0	1.0
7	4	71	2.0	0.0	15.4	0.516	1.0	1.0
7	4	68	1.9	0.316	16.2	1.476	1.0	1.0
7	4	65	2.0	0.0	17.0	0.471	1.0	1.0
7	4	62	1.2	0.422	18.5	0.707	1.0	1.0
7	4	59	1.25	0.957	22.444	3.678	0.3	0.9
7	4	56	0.0	0.0	26.0	0.0	0.0	0.1
7	4	53	0.0	0.0	nan	nan	0.0	0.0
7	4	50	0.0	0.0	nan	nan	0.0	0.0
7	4	47	0.0	0.0	nan	nan	0.0	0.0
7	4	44	0.0	0.0	nan	nan	0.0	0.0
8	4	420	19.3	0.483	12.0	0.0	1.0	1.0
8	4	380	18.7	0.483	12.0	0.0	1.0	1.0
8	4	340	17.4	0.516	12.0	0.0	1.0	1.0
8	4	300	16.0	0.0	12.0	0.0	1.0	1.0
8	4	260	14.2	0.422	12.2	0.422	1.0	1.0
8	4	220	12.2	0.422	13.0	0.0	1.0	1.0
8	4	180	10.1	0.568	13.0	0.0	1.0	1.0
8	4	140	7.7	0.483	13.6	0.516	1.0	1.0
8	4	100	4.9	0.316	15.1	0.316	1.0	1.0
8	4	77	2.6	0.699	18.4	0.516	1.0	1.0
8	4	74	2.0	0.0	19.3	0.823	1.0	1.0
8	4	71	1.9	0.316	20.5	0.707	1.0	1.0
8	4	68	1.9	0.316	21.5	1.841	1.0	1.0
8	4	65	1.4	0.516	22.7	0.675	1.0	1.0
8	4	62	1.0	0.667	25.875	2.232	0.8	0.8
8	4	59	0.333	0.5	29.25	3.202	0.3	0.4
8	4	56	0.0	0.0	nan	nan	0.0	0.0
8	4	53	0.0	0.0	nan	nan	0.0	0.0
8	4	50	0.0	0.0	nan	nan	0.0	0.0
8	4	47	0.0	0.0	nan	nan	0.0	0.0
8	4	44	0.0	0.0	nan	nan	0.0	0.0
9	4	420	12.3	0.483	9.0	0.0	1.0	1.0
9	4	380	12.0	0.0	9.0	0.0	1.0	1.0
9	4	340	11.0	0.0	9.0	0.0	1.0	1.0
9	4	300	10.1	0.316	9.0	0.0	1.0	1.0
9	4	260	9.0	0.0	9.2	0.422	1.0	1.0
9	4	220	8.0	0.0	9.9	0.316	1.0	1.0
9	4	180	6.4	0.516	10.0	0.0	1.0	1.0
9	4	140	5.0	0.0	10.0	0.0	1.0	1.0
9	4	100	3.0	0.0	11.3	0.483	1.0	1.0
9	4	77	2.0	0.0	13.6	0.516	1.0	1.0
9	4	74	2.0	0.0	13.9	0.316	1.0	1.0
9	4	71	2.0	0.0	14.9	0.876	1.0	1.0
9	4	68	2.0	0.0	15.3	0.675	1.0	1.0
9	4	65	2.0	0.0	16.2	0.632	1.0	1.0
9	4	62	1.9	0.316	17.5	1.354	1.0	1.0
9	4	59	1.0	0.816	20.556	2.068	0.3	0.9
9	4	56	0.0	0.0	24.5	2.121	0.0	0.2
9	4	53	0.0	0.0	nan	nan	0.0	0.0
9	4	50	0.0	0.0	nan	nan	0.0	0.0
9	4	47	0.0	0.0	nan	nan	0.0	0.0
9	4	44	0.0	0.0	nan	nan	0.0	0.0
10	4	420	12.5	0.527	9.0	0.0	1.0	1.0
10	4	380	12.0	0.0	9.0	0.0	1.0	1.0
10	4	340	11.1	0.316	9.0	0.0	1.0	1.0
10	4	300	10.0	0.0	9.0	0.0	1.0	1.0
10	4	260	9.0	0.0	9.0	0.0	1.0	1.0
10	4	220	8.0	0.0	9.0	0.0	1.0	1.0
10	4	180	6.2	0.422	9.0	0.0	1.0	1.0
10	4	140	5.0	0.0	10.0	0.0	1.0	1.0
10	4	100	3.0	0.0	11.0	0.0	1.0	1.0
10	4	77	2.0	0.0	13.1	0.316	1.0	1.0
10	4	74	2.0	0.0	13.5	0.527	1.0	1.0
10	4	71	2.0	0.0	14.2	0.789	1.0	1.0
10	4	68	2.0	0.0	15.1	0.568	1.0	1.0
10	4	65	1.8	0.422	15.8	0.632	1.0	1.0
10	4	62	1.0	0.0	17.5	0.85	0.8	1.0
10	4	59	0.0	0.0	23.0	0.0	0.0	0.1
10	4	56	0.0	0.0	nan	nan	0.0	0.0
10	4	53	0.0	0.0	nan	nan	0.0	0.0
10	4	50	0.0	0.0	nan	nan	0.0	0.0
10	4	47	0.0	0.0	nan	nan	0.0	0.0
10	4	44	0.0	0.0	nan	nan	0.0	0.0
11	4	420	13.9	0.316	9.8	0.422	1.0	1.0
11	4	380	13.2	0.422	9.9	0.316	1.0	1.0
11	4	340	12.0	0.0	9.9	0.316	1.0	1.0
11	4	300	11.3	0.483	10.0	0.0	1.0	1.0
11	4	260	10.0	0.0	10.0	0.0	1.0	1.0
11	4	220	8.9	0.316	10.0	0.0	1.0	1.0
11	4	180	7.0	0.0	10.0	0.0	1.0	1.0
11	4	140	5.3	0.483	10.1	0.316	1.0	1.0
11	4	100	3.8	0.422	12.0	0.0	1.0	1.0
11	4	77	2.4	0.516	14.0	0.0	1.0	1.0
11	4	74	2.0	0.0	14.8	0.632	1.0	1.0
11	4	71	2.0	0.0	15.4	0.966	1.0	1.0
11	4	68	2.0	0.0	16.0	0.471	1.0	1.0
11	4	65	1.6	0.516	17.8	0.632	1.0	1.0
11	4	62	1.125	0.354	19.7	1.767	0.8	1.0
11	4	59	0.571	0.535	21.571	1.272	0.4	0.7
11	4	56	0.0	0.0	nan	nan	0.0	0.0
11	4	53	0.0	0.0	nan	nan	0.0	0.0
11	4	50	0.0	0.0	nan	nan	0.0	0.0
11	4	47	0.0	0.0	nan	nan	0.0	0.0
11	4	44	0.0	0.0	nan	nan	0.0	0.0
12	4	420	14.2	0.422	9.0	0.0	1.0	1.0
12	4	380	13.6	0.516	9.0	0.0	1.0	1.0
12	4	340	12.9	0.316	9.0	0.0	1.0	1.0
12	4	300	12.0	0.0	9.0	0.0	1.0	1.0
12	4	260	10.9	0.316	9.0	0.0	1.0	1.0
12	4	220	9.1	0.316	9.0	0.0	1.0	1.0
12	4	180	7.9	0.316	10.0	0.0	1.0	1.0
12	4	140	6.0	0.0	10.0	0.0	1.0	1.0
12	4	100	4.0	0.0	12.0	0.471	1.0	1.0
12	4	77	3.0	0.0	14.0	0.0	1.0	1.0
12	4	74	3.0	0.0	14.8	0.422	1.0	1.0
12	4	71	3.0	0.0	15.7	1.059	1.0	1.0
12	4	68	3.0	0.0	16.3	0.823	1.0	1.0
12	4	65	2.3	0.675	17.2	0.919	1.0	1.0
12	4	62	1.4	0.516	19.0	2.055	1.0	1.0
12	4	59	1.0	0.0	23.1	2.846	1.0	1.0
12	4	56	0.556	0.527	28.667	5.317	0.5	0.6
12	4	53	0.0	0.0	nan	nan	0.0	0.0
12	4	50	0.0	0.0	nan	nan	0.0	0.0
12	4	47	0.0	0.0	nan	nan	0.0	0.0
12	4	44	0.0	0.0	nan	nan	0.0	0.0
13	4	420	12.0	0.0	9.0	0.0	1.0	1.0
13	4	380	11.7	0.483	9.0	0.0	1.0	1.0
13	4	340	11.0	0.0	9.0	0.0	1.0	1.0
13	4	300	10.0	0.0	9.0	0.0	1.0	1.0
13	4	260	9.0	0.0	9.3	0.483	1.0	1.0
13	4	220	8.0	0.0	10.0	0.0	1.0	1.0
13	4	180	6.1	0.316	10.0	0.0	1.0	1.0
13	4	140	5.0	0.0	10.1	0.316	1.0	1.0
13	4	100	3.0	0.0	12.0	0.0	1.0	1.0
13	4	77	2.2	0.422	14.0	0.471	1.0	1.0
13	4	74	2.0	0.0	14.7	0.675	1.0	1.0
13	4	71	2.0	0.0	15.4	0.516	1.0	1.0
13	4	68	2.0	0.0	16.2	0.632	1.0	1.0
13	4	65	1.8	0.422	17.3	0.675	1.0	1.0
13	4	62	1.111	0.333	19.3	1.418	0.9	1.0
13	4	59	0.6	0.548	22.75	2.053	0.3	0.8
13	4	56	0.2	0.422	24.5	0.707	0.2	0.2
13	4	53	0.0	0.0	nan	nan	0.0	0.0
13	4	50	0.0	0.0	nan	nan	0.0	0.0
13	4	47	0.0	0.0	nan	nan	0.0	0.0
13	4	44	0.0	0.0	nan	nan	0.0	0.0
14	4	420	13.0	0.0	9.0	0.0	1.0	1.0
14	4	380	12.6	0.516	9.0	0.0	1.0	1.0
14	4	340	12.0	0.0	9.0	0.0	1.0	1.0
14	4	300	11.0	0.0	9.1	0.316	1.0	1.0
14	4	260	10.0	0.0	9.0	0.0	1.0	1.0
14	4	220	8.9	0.316	9.4	0.516	1.0	1.0
14	4	180	7.0	0.0	10.0	0.0	1.0	1.0
14	4	140	5.8	0.422	10.0	0.0	1.0	1.0
14	4	100	4.0	0.0	11.7	0.483	1.0	1.0
14	4	77	3.0	0.0	14.0	0.471	1.0	1.0
14	4	74	3.0	0.0	14.6	0.699	1.0	1.0
14	4	71	2.2	0.422	15.1	0.316	1.0	1.0
14	4	68	2.0	0.471	16.6	1.955	1.0	1.0
14	4	65	2.0	0.0	17.0	0.471	1.0	1.0
14	4	62	1.5	0.527	18.4	1.174	1.0	1.0
14	4	59	1.1	0.316	22.1	2.885	1.0	1.0
14	4	56	0.6	0.516	24.0	1.549	0.6	0.6
14	4	53	0.0	0.0	nan	nan	0.0	0.0
14	4	50	0.0	0.0	nan	nan	0.0	0.0
14	4	47	0.0	0.0	nan	nan	0.0	0.0
14	4	44	0.0	0.0	nan	nan	0.0	0.0
15	4	420	13.0	0.0	8.1	0.316	1.0	1.0
15	4	380	12.1	0.316	8.0	0.0	1.0	1.0
15	4	340	11.6	0.516	8.1	0.316	1.0	1.0
15	4	300	10.9	0.316	8.1	0.316	1.0	1.0
15	4	260	10.0	0.0	8.6	0.516	1.0	1.0
15	4	220	8.1	0.316	8.9	0.316	1.0	1.0
15	4	180	7.0	0.0	9.0	0.0	1.0	1.0
15	4	140	5.1	0.316	9.3	0.483	1.0	1.0
15	4	100	4.0	0.0	10.9	0.316	1.0	1.0
15	4	77	3.0	0.0	13.1	0.316	1.0	1.0
15	4	74	2.9	0.316	13.4	0.516	1.0	1.0
15	4	71	2.0	0.0	14.3	0.675	1.0	1.0
15	4	68	2.0	0.0	15.3	0.483	1.0	1.0
15	4	65	2.0	0.0	15.8	0.919	1.0	1.0
15	4	62	1.5	0.527	18.0	0.943	1.0	1.0
15	4	59	1.1	0.316	21.1	2.025	1.0	1.0
15	4	56	0.2	0.422	24.5	0.707	0.2	0.2
15	4	53	0.0	0.0	nan	nan	0.0	0.0
15	4	50	0.0	0.0	nan	nan	0.0	0.0
15	4	47	0.0	0.0	nan	nan	0.0	0.0
15	4	44	0.0	0.0	nan	nan	0.0	0.0
16	4	420	19.0	0.0	9.9	0.316	1.0	1.0
16	4	380	18.0	0.0	9.8	0.422	1.0	1.0
16	4	340	16.9	0.316	10.0	0.0	1.0	1.0
16	4	300	15.4	0.516	10.0	0.0	1.0	1.0
16	4	260	14.0	0.0	10.0	0.0	1.0	1.0
16	4	220	11.9	0.316	10.0	0.0	1.0	1.0
16	4	180	9.6	0.516	10.0	0.0	1.0	1.0
16	4	140	7.2	0.632	11.0	0.0	1.0	1.0
16	4	100	4.9	0.316	12.2	0.422	1.0	1.0
16	4	77	3.0	0.0	15.1	0.316	1.0	1.0
16	4	74	3.0	0.0	15.7	0.675	1.0	1.0
16	4	71	3.0	0.0	16.3	0.675	1.0	1.0
16	4	68	2.6	0.699	17.6	0.843	1.0	1.0
16	4	65	1.8	0.789	18.4	1.35	1.0	1.0
16	4	62	1.2	0.422	20.4	1.43	1.0	1.0
16	4	59	0.7	0.483	23.143	1.345	0.7	0.7
16	4	56	0.4	0.516	26.5	1.915	0.4	0.4
16	4	53	0.0	0.0	nan	nan	0.0	0.0
16	4	50	0.0	0.0	nan	nan	0.0	0.0
16	4	47	0.0	0.0	nan	nan	0.0	0.0
16	4	44	0.0	0.0	nan	nan	0.0	0.0
17	4	420	14.5	0.527	9.0	0.0	1.0	1.0
17	4	380	14.0	0.0	9.0	0.0	1.0	1.0
17	4	340	13.0	0.0	9.0	0.0	1.0	1.0
17	4	300	12.0	0.0	9.0	0.0	1.0	1.0
17	4	260	10.9	0.316	9.0	0.0	1.0	1.0
17	4	220	9.5	0.527	9.0	0.0	1.0	1.0
17	4	180	7.9	0.316	9.9	0.316	1.0	1.0
17	4	140	6.0	0.0	10.0	0.0	1.0	1.0
17	4	100	4.0	0.0	11.8	0.422	1.0	1.0
17	4	77	3.0	0.0	13.9	0.568	1.0	1.0
17	4	74	2.8	0.422	14.6	0.516	1.0	1.0
17	4	71	2.3	0.483	15.4	0.516	1.0	1.0
17	4	68	2.0	0.0	16.3	0.483	1.0	1.0
17	4	65	1.9	0.316	17.6	0.699	1.0	1.0
17	4	62	1.2	0.422	19.5	1.434	1.0	1.0
17	4	59	1.0	0.0	21.8	1.989	0.9	1.0
17	4	56	0.222	0.441	24.333	1.528	0.2	0.3
17	4	53	0.0	0.0	nan	nan	0.0	0.0
17	4	50	0.0	0.0	nan	nan	0.0	0.0
17	4	47	0.0	0.0	nan	nan	0.0	0.0
17	4	44	0.0	0.0	nan	nan	0.0	0.0
18	4	420	16.0	0.0	10.0	0.0	1.0	1.0
18	4	380	15.0	0.0	10.0	0.0	1.0	1.0
18	4	340	14.1	0.316	9.9	0.316	1.0	1.0
18	4	300	13.1	0.316	10.0	0.0	1.0	1.0
18	4	260	12.0	0.0	10.0	0.0	1.0	1.0
18	4	220	10.0	0.0	10.0	0.0	1.0	1.0
18	4	180	8.7	0.483	10.0	0.0	1.0	1.0
18	4	140	6.9	0.316	11.0	0.0	1.0	1.0
18	4	100	4.5	0.527	12.1	0.316	1.0	1.0
18	4	77	3.0	0.0	14.9	0.316	1.0	1.0
18	4	74	3.0	0.0	15.5	0.527	1.0	1.0
18	4	71	3.0	0.0	16.3	0.483	1.0	1.0
18	4	68	2.9	0.316	17.0	0.667	1.0	1.0
18	4	65	1.5	0.707	19.1	0.994	1.0	1.0
18	4	62	1.1	0.316	21.7	1.567	1.0	1.0
18	4	59	1.0	0.0	24.4	0.843	1.0	1.0
18	4	56	0.111	0.333	31.5	3.536	0.1	0.2
18	4	53	0.0	0.0	nan	nan	0.0	0.0
18	4	50	0.0	0.0	nan	nan	0.0	0.0
18	4	47	0.0	0.0	nan	nan	0.0	0.0
18	4	44	0.0	0.0	nan	nan	0.0	0.0
19	4	420	16.0	0.0	9.1	0.316	1.0	1.0
19	4	380	15.1	0.316	9.1	0.316	1.0	1.0
19	4	340	14.1	0.316	9.2	0.422	1.0	1.0
19	4	300	13.3	0.483	9.1	0.316	1.0	1.0
19	4	260	11.9	0.316	9.2	0.422	1.0	1.0
19	4	220	10.0	0.0	9.7	0.483	1.0	1.0
19	4	180	8.3	0.483	10.0	0.0	1.0	1.0
19	4	140	6.8	0.422	10.3	0.483	1.0	1.0
19	4	100	4.0	0.0	11.9	0.316	1.0	1.0
19	4	77	3.0	0.0	14.2	0.789	1.0	1.0
19	4	74	3.0	0.0	15.0	0.471	1.0	1.0
19	4	71	3.0	0.0	15.5	0.85	1.0	1.0
19	4	68	2.6	0.516	16.7	0.675	1.0	1.0
19	4	65	2.3	0.483	17.1	0.876	1.0	1.0
19	4	62	1.1	0.316	19.9	1.37	1.0	1.0
19	4	59	1.0	0.0	22.2	1.398	1.0	1.0
19	4	56	0.6	0.516	28.167	3.488	0.6	0.6
19	4	53	0.0	0.0	nan	nan	0.0	0.0
19	4	50	0.0	0.0	nan	nan	0.0	0.0
19	4	47	0.0	0.0	nan	nan	0.0	0.0
19	4	44	0.0	0.0	nan	nan	0.0	0.0
20	4	420	13.0	0.0	9.0	0.0	1.0	1.0
20	4	380	12.2	0.422	9.0	0.0	1.0	1.0
20	4	340	12.0	0.0	9.0	0.0	1.0	1.0
20	4	300	11.0	0.0	9.0	0.0	1.0	1.0
20	4	260	10.0	0.0	9.0	0.0	1.0	1.0
20	4	220	8.7	0.483	9.0	0.0	1.0	1.0
20	4	180	7.0	0.0	9.0	0.0	1.0	1.0
20	4	140	5.5	0.527	10.0	0.0	1.0	1.0
20	4	100	4.0	0.0	11.0	0.0	1.0	1.0
20	4	77	3.0	0.0	13.6	0.516	1.0	1.0
20	4	74	3.0	0.0	14.0	0.0	1.0	1.0
20	4	71	2.4	0.516	14.7	0.483	1.0	1.0
20	4	68	2.0	0.0	15.7	0.483	1.0	1.0
20	4	65	1.8	0.422	17.3	1.16	1.0	1.0
20	4	62	1.4	0.516	19.3	2.003	1.0	1.0
20	4	59	0.9	0.316	22.889	1.269	0.9	0.9
20	4	56	0.4	0.516	25.5	1.732	0.4	0.4
20	4	53	0.0	0.0	nan	nan	0.0	0.0
20	4	50	0.0	0.0	nan	nan	0.0	0.0
20	4	47	0.0	0.0	nan	nan	0.0	0.0
20	4	44	0.0	0.0	nan	nan	0.0	0.0
21	4	420	13.0	0.0	9.0	0.0	1.0	1.0
21	4	380	12.8	0.422	9.0	0.0	1.0	1.0
21	4	340	12.0	0.0	9.0	0.0	1.0	1.0
21	4	300	11.0	0.0	9.0	0.0	1.0	1.0
21	4	260	10.0	0.0	9.0	0.0	1.0	1.0
21	4	220	8.3	0.483	9.0	0.0	1.0	1.0
21	4	180	7.0	0.0	9.0	0.0	1.0	1.0
21	4	140	5.0	0.0	10.0	0.0	1.0	1.0
21	4	100	3.3	0.483	11.0	0.0	1.0	1.0
21	4	77	2.1	0.316	13.1	0.316	1.0	1.0
21	4	74	2.1	0.316	13.4	0.516	1.0	1.0
21	4	71	2.0	0.0	14.5	0.707	1.0	1.0
21	4	68	2.0	0.0	15.1	0.738	1.0	1.0
21	4	65	2.0	0.0	15.6	0.699	1.0	1.0
21	4	62	1.7	0.483	17.5	0.85	1.0	1.0
21	4	59	1.4	0.548	20.8	2.44	0.5	1.0
21	4	56	0.286	0.488	22.6	1.517	0.2	0.5
21	4	53	0.0	0.0	nan	nan	0.0	0.0
21	4	50	0.0	0.0	nan	nan	0.0	0.0
21	4	47	0.0	0.0	nan	nan	0.0	0.0
21	4	44	0.0	0.0	nan	nan	0.0	0.0
22	4	420	12.0	0.0	9.0	0.0	1.0	1.0
22	4	380	11.7	0.483	9.0	0.0	1.0	1.0
22	4	340	11.0	0.0	9.0	0.0	1.0	1.0
22	4	300	10.0	0.0	9.0	0.0	1.0	1.0
22	4	260	9.0	0.0	9.0	0.0	1.0	1.0
22	4	220	8.0	0.0	9.0	0.0	1.0	1.0
22	4	180	6.8	0.422	9.0	0.0	1.0	1.0
22	4	140	5.0	0.0	10.0	0.0	1.0	1.0
22	4	100	4.0	0.0	11.0	0.0	1.0	1.0
22	4	77	3.0	0.0	13.2	0.422	1.0	1.0
22	4	74	2.8	0.422	13.5	0.527	1.0	1.0
22	4	71	2.0	0.0	14.5	0.527	1.0	1.0
22	4	68	2.0	0.0	15.2	0.632	1.0	1.0
22	4	65	2.0	0.0	16.3	0.483	1.0	1.0
22	4	62	1.7	0.483	17.7	0.949	1.0	1.0
22	4	59	1.2	0.422	20.7	1.829	1.0	1.0
22	4	56	0.444	0.527	24.0	2.236	0.4	0.5
22	4	53	0.0	0.0	nan	nan	0.0	0.0
22	4	50	0.0	0.0	nan	nan	0.0	0.0
22	4	47	0.0	0.0	nan	nan	0.0	0.0
22	4	44	0.0	0.0	nan	nan	0.0	0.0
23	4	420	12.9	0.316	8.1	0.316	1.0	1.0
23	4	380	12.1	0.316	8.1	0.316	1.0	1.0
23	4	340	11.4	0.516	8.2	0.422	1.0	1.0
23	4	300	10.2	0.422	8.2	0.422	1.0	1.0
23	4	260	9.2	0.422	8.9	0.316	1.0	1.0
23	4	220	7.9	0.316	9.0	0.0	1.0	1.0
23	4	180	6.8	0.422	9.0	0.0	1.0	1.0
23	4	140	5.0	0.0	9.0	0.0	1.0	1.0
23	4	100	3.0	0.0	10.4	0.516	1.0	1.0
23	4	77	2.0	0.0	12.5	0.707	1.0	1.0
23	4	74	2.0	0.0	13.0	0.471	1.0	1.0
23	4	71	2.0	0.0	13.6	0.699	1.0	1.0
23	4	68	2.0	0.0	14.5	0.527	1.0	1.0
23	4	65	2.0	0.0	15.5	0.527	1.0	1.0
23	4	62	1.375	0.518	17.8	1.619	0.8	1.0
23	4	59	1.2	0.447	18.7	1.703	0.5	1.0
23	4	56	0.0	0.0	22.0	0.0	0.0	0.1
23	4	53	0.0	0.0	nan	nan	0.0	0.0
23	4	50	0.0	0.0	nan	nan	0.0	0.0
23	4	47	0.0	0.0	nan	nan	0.0	0.0
23	4	44	0.0	0.0	nan	nan	0.0	0.0
24	4	420	17.8	0.422	9.0	0.0	1.0	1.0
24	4	380	17.0	0.0	9.0	0.0	1.0	1.0
24	4	340	16.0	0.0	9.0	0.0	1.0	1.0
24	4	300	14.8	0.422	9.0	0.0	1.0	1.0
24	4	260	13.0	0.0	9.0	0.0	1.0	1.0
24	4	220	11.0	0.0	9.2	0.422	1.0	1.0
24	4	180	9.5	0.527	9.9	0.316	1.0	1.0
24	4	140	7.1	0.316	10.0	0.0	1.0	1.0
24	4	100	4.7	0.483	11.5	0.527	1.0	1.0
24	4	77	3.1	0.316	13.8	0.422	1.0	1.0
24	4	74	2.8	0.422	14.7	0.675	1.0	1.0
24	4	71	2.7	0.483	14.8	0.422	1.0	1.0
24	4	68	2.4	0.516	15.6	0.516	1.0	1.0
24	4	65	2.3	0.483	16.6	0.966	1.0	1.0
24	4	62	1.667	0.866	18.5	2.506	0.9	1.0
24	4	59	0.9	0.316	21.111	3.06	0.9	0.9
24	4	56	0.7	0.483	23.571	1.618	0.7	0.7
24	4	53	0.3	0.483	24.0	1.0	0.3	0.3
24	4	50	0.0	0.0	nan	nan	0.0	0.0
24	4	47	0.0	0.0	nan	nan	0.0	0.0
24	4	44	0.0	0.0	nan	nan	0.0	0.0
25	4	420	14.0	0.0	9.7	0.483	1.0	1.0
25	4	380	13.2	0.422	9.6	0.516	1.0	1.0
25	4	340	12.9	0.316	10.0	0.0	1.0	1.0
25	4	300	11.8	0.422	9.8	0.422	1.0	1.0
25	4	260	10.3	0.483	10.0	0.0	1.0	1.0
25	4	220	9.0	0.0	10.0	0.0	1.0	1.0
25	4	180	7.4	0.516	10.0	0.0	1.0	1.0
25	4	140	5.9	0.316	10.9	0.316	1.0	1.0
25	4	100	4.0	0.0	12.0	0.0	1.0	1.0
25	4	77	3.0	0.0	14.5	0.527	1.0	1.0
25	4	74	2.6	0.516	15.4	0.516	1.0	1.0
25	4	71	2.0	0.0	16.1	0.568	1.0	1.0
25	4	68	2.0	0.0	16.7	0.483	1.0	1.0
25	4	65	1.8	0.422	17.7	0.949	1.0	1.0
25	4	62	1.0	0.0	19.8	0.919	1.0	1.0
25	4	59	1.0	0.0	23.5	1.78	0.9	1.0
25	4	56	0.222	0.441	24.0	1.732	0.2	0.3
25	4	53	0.0	0.0	nan	nan	0.0	0.0
25	4	50	0.0	0.0	nan	nan	0.0	0.0
25	4	47	0.0	0.0	nan	nan	0.0	0.0
25	4	44	0.0	0.0	nan	nan	0.0	0.0
26	4	420	15.0	0.0	9.0	0.0	1.0	1.0
26	4	380	14.0	0.0	9.0	0.0	1.0	1.0
26	4	340	13.3	0.483	9.0	0.0	1.0	1.0
26	4	300	12.0	0.0	9.0	0.0	1.0	1.0
26	4	260	11.0	0.0	9.0	0.0	1.0	1.0
26	4	220	9.5	0.527	9.0	0.0	1.0	1.0
26	4	180	8.0	0.0	9.9	0.316	1.0	1.0
26	4	140	6.0	0.0	10.0	0.0	1.0	1.0
26	4	100	4.0	0.0	11.2	0.422	1.0	1.0
26	4	77	3.0	0.0	13.7	0.675	1.0	1.0
26	4	74	2.6	0.516	13.9	0.316	1.0	1.0
26	4	71	2.3	0.483	14.8	0.632	1.0	1.0
26	4	68	2.0	0.0	15.2	0.919	1.0	1.0
26	4	65	1.9	0.316	17.1	0.876	1.0	1.0
26	4	62	1.4	0.516	18.6	1.35	1.0	1.0
26	4	59	0.778	0.667	20.143	1.345	0.6	0.7
26	4	56	0.5	0.535	23.667	1.211	0.4	0.6
26	4	53	0.0	0.0	nan	nan	0.0	0.0
26	4	50	0.0	0.0	nan	nan	0.0	0.0
26	4	47	0.0	0.0	nan	nan	0.0	0.0
26	4	44	0.0	0.0	nan	nan	0.0	0.0
27	4	420	21.0	0.0	10.0	0.0	1.0	1.0
27	4	380	20.1	0.316	10.0	0.0	1.0	1.0
27	4	340	19.0	0.0	10.0	0.0	1.0	1.0
27	4	300	17.5	0.527	10.0	0.0	1.0	1.0
27	4	260	15.9	0.316	10.0	0.0	1.0	1.0
27	4	220	13.8	0.422	10.0	0.0	1.0	1.0
27	4	180	11.1	0.316	10.6	0.516	1.0	1.0
27	4	140	8.5	0.527	11.0	0.0	1.0	1.0
27	4	100	6.0	0.0	12.9	0.316	1.0	1.0
27	4	77	4.0	0.0	15.1	0.316	1.0	1.0
27	4	74	4.0	0.0	16.0	0.471	1.0	1.0
27	4	71	3.9	0.316	16.7	0.483	1.0	1.0
27	4	68	3.1	0.876	17.7	0.675	1.0	1.0
27	4	65	2.2	0.422	18.9	0.994	1.0	1.0
27	4	62	2.0	0.0	21.2	1.476	1.0	1.0
27	4	59	1.9	0.316	24.5	1.08	1.0	1.0
27	4	56	1.5	0.756	30.667	3.674	0.7	0.9
27	4	53	0.0	0.0	nan	nan	0.0	0.0
27	4	50	0.0	0.0	nan	nan	0.0	0.0
27	4	47	0.0	0.0	nan	nan	0.0	0.0
27	4	44	0.0	0.0	nan	nan	0.0	0.0
28	4	420	18.0	0.0	9.0	0.0	1.0	1.0
28	4	380	17.0	0.0	9.0	0.0	1.0	1.0
28	4	340	16.2	0.422	9.0	0.0	1.0	1.0
28	4	300	15.0	0.0	9.0	0.0	1.0	1.0
28	4	260	13.3	0.483	9.0	0.0	1.0	1.0
28	4	220	11.7	0.483	9.0	0.0	1.0	1.0
28	4	180	9.6	0.516	9.7	0.483	1.0	1.0
28	4	140	7.2	0.422	10.0	0.0	1.0	1.0
28	4	100	5.0	0.0	11.5	0.527	1.0	1.0
28	4	77	3.2	0.422	14.0	0.0	1.0	1.0
28	4	74	3.0	0.0	14.7	0.483	1.0	1.0
28	4	71	3.0	0.0	15.3	0.483	1.0	1.0
28	4	68	2.9	0.316	16.7	1.252	1.0	1.0
28	4	65	2.6	0.516	18.3	1.16	1.0	1.0
28	4	62	1.6	0.699	19.3	0.823	1.0	1.0
28	4	59	1.1	0.316	23.4	1.174	1.0	1.0
28	4	56	0.75	0.463	30.125	4.324	0.6	0.8
28	4	53	0.0	0.0	nan	nan	0.0	0.0
28	4	50	0.0	0.0	nan	nan	0.0	0.0
28	4	47	0.0	0.0	nan	nan	0.0	0.0
28	4	44	0.0	0.0	nan	nan	0.0	0.0
29	4	420	10.0	0.0	9.0	0.0	1.0	1.0
29	4	380	9.0	0.0	9.0	0.0	1.0	1.0
29	4	340	9.0	0.0	9.0	0.0	1.0	1.0
29	4	300	8.0	0.0	9.0	0.0	1.0	1.0
29	4	260	7.0	0.0	9.0	0.0	1.0	1.0
29	4	220	6.0	0.0	9.0	0.0	1.0	1.0
29	4	180	5.0	0.0	9.0	0.0	1.0	1.0
29	4	140	4.0	0.0	10.0	0.0	1.0	1.0
29	4	100	3.0	0.0	11.0	0.0	1.0	1.0
29	4	77	2.0	0.0	12.9	0.316	1.0	1.0
29	4	74	2.0	0.0	13.1	0.316	1.0	1.0
29	4	71	2.0	0.0	13.7	0.483	1.0	1.0
29	4	68	1.9	0.316	14.6	0.516	1.0	1.0
29	4	65	1.9	0.316	14.9	0.738	1.0	1.0
29	4	62	1.3	0.483	16.4	0.843	1.0	1.0
29	4	59	1.0	0.0	18.0	1.633	0.6	1.0
29	4	56	0.25	0.463	20.25	2.872	0.2	0.4
29	4	53	0.0	0.0	nan	nan	0.0	0.0
29	4	50	0.0	0.0	nan	nan	0.0	0.0
29	4	47	0.0	0.0	nan	nan	0.0	0.0
29	4	44	0.0	0.0	nan	nan	0.0	0.0
30	4	420	15.0	0.0	9.3	0.483	1.0	1.0
30	4	380	14.0	0.0	9.2	0.422	1.0	1.0
30	4	340	13.0	0.0	9.3	0.483	1.0	1.0
30	4	300	12.2	0.422	9.2	0.422	1.0	1.0
30	4	260	11.0	0.0	9.9	0.316	1.0	1.0
30	4	220	9.4	0.516	10.0	0.0	1.0	1.0
30	4	180	8.0	0.0	10.0	0.0	1.0	1.0
30	4	140	6.0	0.0	10.1	0.316	1.0	1.0
30	4	100	4.0	0.0	11.8	0.422	1.0	1.0
30	4	77	3.0	0.0	13.9	0.316	1.0	1.0
30	4	74	2.8	0.422	14.3	0.823	1.0	1.0
30	4	71	2.1	0.316	15.2	0.632	1.0	1.0
30	4	68	2.1	0.316	15.7	0.483	1.0	1.0
30	4	65	2.0	0.0	16.8	0.632	1.0	1.0
30	4	62	1.5	0.527	18.2	0.919	1.0	1.0
30	4	59	0.8	0.422	20.875	1.458	0.8	0.8
30	4	56	0.25	0.463	24.0	2.16	0.2	0.4
30	4	53	0.0	0.0	nan	nan	0.0	0.0
30	4	50	0.0	0.0	nan	nan	0.0	0.0
30	4	47	0.0	0.0	nan	nan	0.0	0.0
30	4	44	0.0	0.0	nan	nan	0.0	0.0
31	4	420	13.0	0.0	9.0	0.0	1.0	1.0
31	4	380	12.0	0.0	8.9	0.316	1.0	1.0
31	4	340	11.4	0.516	9.0	0.0	1.0	1.0
31	4	300	10.1	0.316	9.0	0.0	1.0	1.0
31	4	260	9.0	0.0	9.0	0.0	1.0	1.0
31	4	220	8.0	0.0	9.0	0.0	1.0	1.0
31	4	180	6.1	0.316	9.0	0.0	1.0	1.0
31	4	140	5.0	0.0	9.8	0.422	1.0	1.0
31	4	100	3.0	0.0	11.0	0.0	1.0	1.0
31	4	77	2.0	0.0	13.0	0.0	1.0	1.0
31	4	74	2.0	0.0	13.3	0.675	1.0	1.0
31	4	71	2.0	0.0	13.8	0.422	1.0	1.0
31	4	68	2.0	0.0	14.7	0.483	1.0	1.0
31	4	65	2.0	0.0	15.4	0.699	1.0	1.0
31	4	62	1.667	0.5	16.6	0.699	0.9	1.0
31	4	59	1.143	0.378	18.0	1.333	0.7	1.0
31	4	56	0.0	0.0	24.5	0.707	0.0	0.2
31	4	53	0.0	0.0	nan	nan	0.0	0.0
31	4	50	0.0	0.0	nan	nan	0.0	0.0
31	4	47	0.0	0.0	nan	nan	0.0	0.0
31	4	44	0.0	0.0	nan	nan	0.0	0.0
0	5	420	20.0	0.0	9.0	0.0	1.0	1.0
0	5	380	19.0	0.0	9.0	0.0	1.0	1.0
0	5	340	18.0	0.0	9.1	0.316	1.0	1.0
0	5	300	16.3	0.483	9.0	0.0	1.0	1.0
0	5	260	14.6	0.516	9.1	0.316	1.0	1.0
0	5	220	12.4	0.516	10.0	0.0	1.0	1.0
0	5	180	10.1	0.316	10.0	0.0	1.0	1.0
0	5	140	8.0	0.0	10.2	0.422	1.0	1.0
0	5	100	5.0	0.0	12.0	0.0	1.0	1.0
0	5	77	3.9	0.316	14.5	0.527	1.0	1.0
0	5	74	3.3	0.483	15.2	0.422	1.0	1.0
0	5	71	3.0	0.0	15.9	0.568	1.0	1.0
0	5	68	3.0	0.0	16.9	0.738	1.0	1.0
0	5	65	2.7	0.483	17.6	0.843	1.0	1.0
0	5	62	2.0	0.471	19.9	1.37	1.0	1.0
0	5	59	1.2	0.422	22.2	1.549	1.0	1.0
0	5	56	1.0	0.0	26.1	2.644	1.0	1.0
0	5	53	0.1	0.316	33.0	0.0	0.1	0.1
0	5	50	0.0	0.0	nan	nan	0.0	0.0
0	5	47	0.0	0.0	nan	nan	0.0	0.0
0	5	44	0.0	0.0	nan	nan	0.0	0.0
1	5	420	15.0	0.0	9.0	0.0	1.0	1.0
1	5	380	14.2	0.422	9.0	0.0	1.0	1.0
1	5	340	13.1	0.316	9.0	0.0	1.0	1.0
1	5	300	12.0	0.0	9.0	0.0	1.0	1.0
1	5	260	11.0	0.0	9.0	0.0	1.0	1.0
1	5	220	9.0	0.0	9.1	0.316	1.0	1.0
1	5	180	8.0	0.0	10.0	0.0	1.0	1.0
1	5	140	5.9	0.316	10.1	0.316	1.0	1.0
1	5	100	4.0	0.0	11.9	0.316	1.0	1.0
1	5	77	3.0	0.0	14.2	0.632	1.0	1.0
1	5	74	3.0	0.0	15.2	0.422	1.0	1.0
1	5	71	2.5	0.527	16.3	0.675	1.0	1.0
1	5	68	2.0	0.471	17.7	1.703	1.0	1.0
1	5	65	1.4	0.516	18.9	1.595	1.0	1.0
1	5	62	1.0	0.0	22.8	1.476	1.0	1.0
1	5	59	0.5	0.527	24.8	2.28	0.5	0.5
1	5	56	0.0	0.0	nan	nan	0.0	0.0
1	5	53	0.0	0.0	nan	nan	0.0	0.0
1	5	50	0.0	0.0	nan	nan	0.0	0.0
1	5	47	0.0	0.0	nan	nan	0.0	0.0
1	5	44	0.0	0.0	nan	nan	0.0	0.0
2	5	420	16.0	0.0	9.0	0.0	1.0	1.0
2	5	380	15.0	0.0	9.0	0.0	1.0	1.0
2	5	340	14.0	0.0	9.0	0.0	1.0	1.0
2	5	300	12.7	0.483	9.0	0.0	1.0	1.0
2	5	260	11.0	0.0	9.0	0.0	1.0	1.0
2	5	220	9.7	0.483	9.0	0.0	1.0	1.0
2	5	180	7.9	0.316	9.1	0.316	1.0	1.0
2	5	140	5.9	0.316	10.0	0.0	1.0	1.0
2	5	100	4.0	0.0	11.0	0.0	1.0	1.0
2	5	77	2.8	0.422	13.2	0.422	1.0	1.0
2	5	74	2.3	0.483	13.8	0.632	1.0	1.0
2	5	71	2.0	0.0	14.5	0.527	1.0	1.0
2	5	68	2.0	0.0	15.2	0.422	1.0	1.0
2	5	65	2.0	0.0	16.1	0.568	1.0	1.0
2	5	62	1.8	0.422	17.4	0.843	1.0	1.0
2	5	59	1.0	0.535	20.0	2.236	0.7	0.9
2	5	56	0.0	0.0	23.0	2.0	0.0	0.3
2	5	53	0.0	0.0	nan	nan	0.0	0.0
2	5	50	0.0	0.0	nan	nan	0.0	0.0
2	5	47	0.0	0.0	nan	nan	0.0	0.0
2	5	44	0.0	0.0	nan	nan	0.0	0.0
3	5	420	15.9	0.316	9.0	0.0	1.0	1.0
3	5	380	15.0	0.0	9.0	0.0	1.0	1.0
3	5	340	14.0	0.0	9.0	0.0	1.0	1.0
3	5	300	13.0	0.0	9.0	0.0	1.0	1.0
3	5	260	11.1	0.316	9.0	0.0	1.0	1.0
3	5	220	9.7	0.483	9.0	0.0	1.0	1.0
3	5	180	7.9	0.316	9.8	0.422	1.0	1.0
3	5	140	6.0	0.0	10.0	0.0	1.0	1.0
3	5	100	3.9	0.316	11.2	0.422	1.0	1.0
3	5	77	2.5	0.527	13.8	0.422	1.0	1.0
3	5	74	2.1	0.316	14.3	0.483	1.0	1.0
3	5	71	2.0	0.0	14.9	0.316	1.0	1.0
3	5	68	2.0	0.0	15.5	0.527	1.0	1.0
3	5	65	1.9	0.316	16.7	0.949	1.0	1.0
3	5	62	1.625	0.518	19.6	3.062	0.8	1.0
3	5	59	1.0	0.816	19.25	1.165	0.5	0.8
3	5	56	0.0	0.0	nan	nan	0.0	0.0
3	5	53	0.0	0.0	nan	nan	0.0	0.0
3	5	50	0.0	0.0	nan	nan	0.0	0.0
3	5	47	0.0	0.0	nan	nan	0.0	0.0
3	5	44	0.0	0.0	nan	nan	0.0	0.0
4	5	420	15.8	0.422	9.0	0.0	1.0	1.0
4	5	380	15.0	0.0	9.0	0.0	1.0	1.0
4	5	340	14.0	0.0	9.0	0.0	1.0	1.0
4	5	300	13.0	0.0	9.0	0.0	1.0	1.0
4	5	260	11.1	0.316	9.4	0.516	1.0	1.0
4	5	220	10.0	0.0	10.0	0.0	1.0	1.0
4	5	180	8.0	0.0	10.0	0.0	1.0	1.0
4	5	140	6.0	0.0	10.1	0.316	1.0	1.0
4	5	100	4.0	0.0	12.0	0.0	1.0	1.0
4	5	77	3.0	0.0	14.0	0.471	1.0	1.0
4	5	74	2.7	0.483	15.0	0.471	1.0	1.0
4	5	71	2.3	0.483	15.6	0.516	1.0	1.0
4	5	68	2.1	0.316	16.3	0.483	1.0	1.0
4	5	65	1.7	0.483	17.7	0.823	1.0	1.0
4	5	62	1.0	0.0	19.6	1.265	1.0	1.0
4	5	59	1.1	0.316	22.2	2.201	1.0	1.0
4	5	56	0.111	0.333	25.5	0.707	0.1	0.2
4	5	53	0.0	0.0	nan	nan	0.0	0.0
4	5	50	0.0	0.0	nan	nan	0.0	0.0
4	5	47	0.0	0.0	nan	nan	0.0	0.0
4	5	44	0.0	0.0	nan	nan	0.0	0.0
5	5	420	14.0	0.0	9.0	0.0	1.0	1.0
5	5	380	13.1	0.316	9.0	0.0	1.0	1.0
5	5	340	12.6	0.516	9.0	0.0	1.0	1.0
5	5	300	11.4	0.516	9.0	0.0	1.0	1.0
5	5	260	10.0	0.0	9.0	0.0	1.0	1.0
5	5	220	8.8	0.422	9.0	0.0	1.0	1.0
5	5	180	7.0	0.0	9.0	0.0	1.0	1.0
5	5	140	5.0	0.0	9.8	0.422	1.0	1.0
5	5	100	3.0	0.0	11.0	0.0	1.0	1.0
5	5	77	2.0	0.0	12.5	0.527	1.0	1.0
5	5	74	2.0	0.0	13.0	0.0	1.0	1.0
5	5	71	2.0	0.0	13.6	0.516	1.0	1.0
5	5	68	2.0	0.0	14.6	0.516	1.0	1.0
5	5	65	1.8	0.422	15.2	0.789	1.0	1.0
5	5	62	1.333	0.516	18.0	1.826	0.6	1.0
5	5	59	0.833	0.753	18.625	2.446	0.4	0.8
5	5	56	0.0	0.0	nan	nan	0.0	0.0
5	5	53	0.0	0.0	nan	nan	0.0	0.0
5	5	50	0.0	0.0	nan	nan	0.0	0.0
5	5	47	0.0	0.0	nan	nan	0.0	0.0
5	5	44	0.0	0.0	nan	nan	0.0	0.0
6	5	420	14.0	0.0	9.0	0.0	1.0	1.0
6	5	380	13.0	0.0	9.0	0.0	1.0	1.0
6	5	340	12.3	0.483	9.0	0.0	1.0	1.0
6	5	300	11.3	0.483	9.0	0.0	1.0	1.0
6	5	260	10.0	0.0	9.0	0.0	1.0	1.0
6	5	220	9.0	0.0	9.0	0.0	1.0	1.0
6	5	180	7.0	0.0	10.0	0.0	1.0	1.0
6	5	140	5.9	0.316	10.1	0.316	1.0	1.0
6	5	100	4.0	0.0	11.4	0.516	1.0	1.0
6	5	77	3.0	0.0	14.0	0.471	1.0	1.0
6	5	74	3.0	0.0	14.3	0.483	1.0	1.0
6	5	71	2.8	0.422	15.4	0.516	1.0	1.0
6	5	68	2.2	0.422	15.9	0.738	1.0	1.0
6	5	65	1.9	0.316	16.8	0.632	1.0	1.0
6	5	62	1.4	0.516	18.5	1.08	1.0	1.0
6	5	59	1.0	0.0	23.1	1.969	1.0	1.0
6	5	56	0.7	0.483	25.286	2.928	0.7	0.7
6	5	53	0.0	0.0	nan	nan	0.0	0.0
6	5	50	0.0	0.0	nan	nan	0.0	0.0
6	5	47	0.0	0.0	nan	nan	0.0	0.0
6	5	44	0.0	0.0	nan	nan	0.0	0.0
7	5	420	15.0	0.0	9.0	0.0	1.0	1.0
7	5	380	14.0	0.0	9.0	0.0	1.0	1.0
7	5	340	13.0	0.0	9.0	0.0	1.0	1.0
7	5	300	12.0	0.0	9.0	0.0	1.0	1.0
7	5	260	10.3	0.483	9.0	0.0	1.0	1.0
7	5	220	9.0	0.0	9.0	0.0	1.0	1.0
7	5	180	7.0	0.0	9.0	0.0	1.0	1.0
7	5	140	5.2	0.422	9.9	0.316	1.0	1.0
7	5	100	3.2	0.422	11.0	0.0	1.0	1.0
7	5	77	2.1	0.316	12.8	0.422	1.0	1.0
7	5	74	2.0	0.0	13.5	0.527	1.0	1.0
7	5	71	2.0	0.0	13.9	0.316	1.0	1.0
7	5	68	2.0	0.0	14.7	0.483	1.0	1.0
7	5	65	2.0	0.0	16.0	0.816	1.0	1.0
7	5	62	1.4	0.516	17.3	0.675	1.0	1.0
7	5	59	0.333	0.516	19.5	2.074	0.2	0.6
7	5	56	0.0	0.0	nan	nan	0.0	0.0
7	5	53	0.0	0.0	nan	nan	0.0	0.0
7	5	50	0.0	0.0	nan	nan	0.0	0.0
7	5	47	0.0	0.0	nan	nan	0.0	0.0
7	5	44	0.0	0.0	nan	nan	0.0	0.0
8	5	420	15.0	0.0	9.0	0.0	1.0	1.0
8	5	380	14.0	0.0	9.0	0.0	1.0	1.0
8	5	340	13.1	0.316	9.0	0.0	1.0	1.0
8	5	300	12.0	0.0	9.0	0.0	1.0	1.0
8	5	260	10.9	0.316	9.0	0.0	1.0	1.0
8	5	220	9.0	0.0	9.0	0.0	1.0	1.0
8	5	180	7.5	0.527	9.0	0.0	1.0	1.0
8	5	140	5.6	0.516	10.0	0.0	1.0	1.0
8	5	100	3.6	0.516	10.9	0.316	1.0	1.0
8	5	77	2.1	0.316	13.7	0.675	1.0	1.0
8	5	74	2.0	0.0	13.9	0.316	1.0	1.0
8	5	71	2.0	0.0	14.4	0.516	1.0	1.0
8	5	68	2.0	0.0	15.3	0.949	1.0	1.0
8	5	65	2.0	0.0	16.4	0.516	1.0	1.0
8	5	62	1.667	0.5	17.5	0.85	0.9	1.0
8	5	59	0.5	0.837	19.333	1.966	0.2	0.6
8	5	56	0.0	0.0	20.5	0.707	0.0	0.2
8	5	53	0.0	0.0	nan	nan	0.0	0.0
8	5	50	0.0	0.0	nan	nan	0.0	0.0
8	5	47	0.0	0.0	nan	nan	0.0	0.0
8	5	44	0.0	0.0	nan	nan	0.0	0.0
9	5	420	19.0	0.0	9.0	0.0	1.0	1.0
9	5	380	17.9	0.316	9.0	0.0	1.0	1.0
9	5	340	16.5	0.527	9.0	0.0	1.0	1.0
9	5	300	15.0	0.0	9.0	0.0	1.0	1.0
9	5	260	13.5	0.527	9.0	0.0	1.0	1.0
9	5	220	11.4	0.516	9.0	0.0	1.0	1.0
9	5	180	9.2	0.422	9.0	0.0	1.0	1.0
9	5	140	7.0	0.0	10.0	0.0	1.0	1.0
9	5	100	4.4	0.516	11.0	0.0	1.0	1.0
9	5	77	3.0	0.0	13.2	0.632	1.0	1.0
9	5	74	3.0	0.0	13.8	0.632	1.0	1.0
9	5	71	2.4	0.516	14.6	0.516	1.0	1.0
9	5	68	2.1	0.316	15.4	0.516	1.0	1.0
9	5	65	2.0	0.0	16.3	0.675	1.0	1.0
9	5	62	1.7	0.483	18.1	0.738	1.0	1.0
9	5	59	0.714	0.756	21.857	2.268	0.4	0.7
9	5	56	0.0	0.0	20.0	0.0	0.0	0.1
9	5	53	0.0	0.0	nan	nan	0.0	0.0
9	5	50	0.0	0.0	nan	nan	0.0	0.0
9	5	47	0.0	0.0	nan	nan	0.0	0.0
9	5	44	0.0	0.0	nan	nan	0.0	0.0
10	5	420	17.0	0.471	10.0	0.0	1.0	1.0
10	5	380	16.2	0.422	10.0	0.0	1.0	1.0
10	5	340	15.0	0.0	10.0	0.0	1.0	1.0
10	5	300	14.0	0.0	10.0	0.0	1.0	1.0
10	5	260	12.6	0.516	10.0	0.0	1.0	1.0
10	5	220	10.7	0.483	10.0	0.0	1.0	1.0
10	5	180	9.0	0.0	10.2	0.422	1.0	1.0
10	5	140	6.8	0.422	11.0	0.0	1.0	1.0
10	5	100	4.4	0.516	12.3	0.483	1.0	1.0
10	5	77	3.0	0.0	14.9	0.568	1.0	1.0
10	5	74	3.0	0.0	15.3	0.483	1.0	1.0
10	5	71	2.9	0.316	16.1	0.738	1.0	1.0
10	5	68	2.5	0.527	17.0	0.471	1.0	1.0
10	5	65	1.9	0.738	17.7	0.675	1.0	1.0
10	5	62	1.1	0.316	20.3	1.418	1.0	1.0
10	5	59	1.0	0.0	23.3	1.703	1.0	1.0
10	5	56	0.7	0.483	24.571	1.397	0.7	0.7
10	5	53	0.0	0.0	nan	nan	0.0	0.0
10	5	50	0.0	0.0	nan	nan	0.0	0.0
10	5	47	0.0	0.0	nan	nan	0.0	0.0
10	5	44	0.0	0.0	nan	nan	0.0	0.0
11	5	420	17.1	0.316	9.0	0.0	1.0	1.0
11	5	380	16.0	0.0	9.0	0.0	1.0	1.0
11	5	340	15.0	0.0	9.0	0.0	1.0	1.0
11	5	300	13.5	0.527	9.0	0.0	1.0	1.0
11	5	260	12.0	0.0	9.0	0.0	1.0	1.0
11	5	220	10.0	0.0	9.0	0.0	1.0	1.0
11	5	180	8.0	0.0	9.1	0.316	1.0	1.0
11	5	140	6.0	0.0	10.0	0.0	1.0	1.0
11	5	100	4.0	0.0	11.0	0.0	1.0	1.0
11	5	77	2.4	0.516	13.4	0.516	1.0	1.0
11	5	74	2.1	0.316	13.9	0.316	1.0	1.0
11	5	71	2.0	0.0	14.5	0.527	1.0	1.0
11	5	68	2.0	0.0	15.4	0.699	1.0	1.0
11	5	65	2.0	0.0	16.4	0.699	1.0	1.0
11	5	62	1.833	0.408	18.2	1.619	0.6	1.0
11	5	59	0.0	0.0	22.857	2.795	0.0	0.7
11	5	56	0.0	0.0	nan	nan	0.0	0.0
11	5	53	0.0	0.0	nan	nan	0.0	0.0
11	5	50	0.0	0.0	nan	nan	0.0	0.0
11	5	47	0.0	0.0	nan	nan	0.0	0.0
11	5	44	0.0	0.0	nan	nan	0.0	0.0
12	5	420	20.5	0.527	10.1	0.316	1.0	1.0
12	5	380	19.4	0.516	10.0	0.0	1.0	1.0
12	5	340	18.0	0.0	10.1	0.316	1.0	1.0
12	5	300	16.6	0.516	10.2	0.422	1.0	1.0
12	5	260	14.9	0.316	10.3	0.483	1.0	1.0
12	5	220	12.8	0.422	10.6	0.516	1.0	1.0
12	5	180	10.1	0.316	10.7	0.483	1.0	1.0
12	5	140	8.0	0.0	11.3	0.483	1.0	1.0
12	5	100	5.0	0.0	12.8	0.422	1.0	1.0
12	5	77	3.4	0.516	15.6	0.699	1.0	1.0
12	5	74	3.0	0.0	16.3	0.675	1.0	1.0
12	5	71	2.9	0.316	17.4	0.699	1.0	1.0
12	5	68	2.4	0.516	18.5	1.269	1.0	1.0
12	5	65	1.9	0.568	20.2	1.476	1.0	1.0
12	5	62	1.4	0.516	22.7	1.16	1.0	1.0
12	5	59	1.0	0.0	25.6	2.836	1.0	1.0
12	5	56	0.111	0.333	34.0	0.0	0.1	0.2
12	5	53	0.0	0.0	nan	nan	0.0	0.0
12	5	50	0.0	0.0	nan	nan	0.0	0.0
12	5	47	0.0	0.0	nan	nan	0.0	0.0
12	5	44	0.0	0.0	nan	nan	0.0	0.0
13	5	420	11.0	0.0	8.0	0.0	1.0	1.0
13	5	380	10.8	0.422	8.0	0.0	1.0	1.0
13	5	340	10.0	0.0	8.0	0.0	1.0	1.0
13	5	300	9.0	0.0	8.1	0.316	1.0	1.0
13	5	260	8.0	0.0	8.6	0.516	1.0	1.0
13	5	220	7.0	0.0	9.0	0.0	1.0	1.0
13	5	180	5.9	0.316	9.0	0.0	1.0	1.0
13	5	140	4.0	0.0	9.0	0.0	1.0	1.0
13	5	100	3.0	0.0	10.1	0.316	1.0	1.0
13	5	77	2.0	0.0	12.2	0.422	1.0	1.0
13	5	74	2.0	0.0	13.0	0.0	1.0	1.0
13	5	71	2.0	0.0	13.1	0.316	1.0	1.0
13	5	68	1.8	0.422	14.0	0.0	1.0	1.0
13	5	65	1.6	0.516	14.6	0.699	1.0	1.0
13	5	62	1.1	0.316	15.8	0.422	1.0	1.0
13	5	59	0.75	0.463	17.5	1.512	0.6	0.8
13	5	56	0.0	0.0	nan	nan	0.0	0.0
13	5	53	0.0	0.0	nan	nan	0.0	0.0
13	5	50	0.0	0.0	nan	nan	0.0	0.0
13	5	47	0.0	0.0	nan	nan	0.0	0.0
13	5	44	0.0	0.0	nan	nan	0.0	0.0
14	5	420	14.9	0.316	9.2	0.422	1.0	1.0
14	5	380	14.0	0.0	9.2	0.422	1.0	1.0
14	5	340	13.0	0.0	9.4	0.516	1.0	1.0
14	5	300	12.0	0.0	9.9	0.316	1.0	1.0
14	5	260	10.9	0.316	9.9	0.316	1.0	1.0
14	5	220	9.0	0.0	10.0	0.0	1.0	1.0
14	5	180	7.8	0.422	10.0	0.0	1.0	1.0
14	5	140	6.0	0.0	10.1	0.316	1.0	1.0
14	5	100	4.0	0.0	12.0	0.0	1.0	1.0
14	5	77	3.0	0.0	14.5	0.707	1.0	1.0
14	5	74	2.7	0.483	14.4	0.516	1.0	1.0
14	5	71	2.1	0.316	15.4	0.699	1.0	1.0
14	5	68	2.0	0.0	16.5	0.707	1.0	1.0
14	5	65	1.7	0.483	17.8	0.919	1.0	1.0
14	5	62	1.2	0.632	18.889	1.616	0.9	0.9
14	5	59	0.9	0.316	22.556	2.455	0.9	0.9
14	5	56	0.1	0.316	23.0	0.0	0.1	0.1
14	5	53	0.0	0.0	nan	nan	0.0	0.0
14	5	50	0.0	0.0	nan	nan	0.0	0.0
14	5	47	0.0	0.0	nan	nan	0.0	0.0
14	5	44	0.0	0.0	nan	nan	0.0	0.0
15	5	420	16.1	0.316	9.0	0.0	1.0	1.0
15	5	380	15.4	0.516	9.0	0.0	1.0	1.0
15	5	340	14.4	0.516	9.0	0.0	1.0	1.0
15	5	300	13.1	0.316	9.0	0.0	1.0	1.0
15	5	260	12.0	0.0	9.1	0.316	1.0	1.0
15	5	220	10.1	0.316	9.8	0.422	1.0	1.0
15	5	180	8.5	0.527	10.0	0.0	1.0	1.0
15	5	140	6.5	0.527	10.1	0.316	1.0	1.0
15	5	100	4.2	0.422	11.6	0.516	1.0	1.0
15	5	77	3.0	0.0	13.8	0.422	1.0	1.0
15	5	74	3.0	0.0	14.2	0.632	1.0	1.0
15	5	71	3.0	0.0	15.1	0.568	1.0	1.0
15	5	68	3.0	0.0	15.9	0.316	1.0	1.0
15	5	65	2.4	0.516	17.0	0.471	1.0	1.0
15	5	62	1.6	0.843	18.1	0.994	1.0	1.0
15	5	59	1.1	0.316	20.3	1.703	1.0	1.0
15	5	56	0.9	0.316	24.333	1.414	0.9	0.9
15	5	53	0.1	0.316	24.0	0.0	0.1	0.1
15	5	50	0.0	0.0	nan	nan	0.0	0.0
15	5	47	0.0	0.0	nan	nan	0.0	0.0
15	5	44	0.0	0.0	nan	nan	0.0	0.0
16	5	420	14.0	0.0	9.0	0.0	1.0	1.0
16	5	380	13.6	0.516	9.0	0.0	1.0	1.0
16	5	340	12.1	0.316	9.0	0.0	1.0	1.0
16	5	300	11.0	0.0	9.0	0.0	1.0	1.0
16	5	260	9.9	0.316	9.0	0.0	1.0	1.0
16	5	220	8.8	0.422	9.0	0.0	1.0	1.0
16	5	180	7.0	0.0	9.0	0.0	1.0	1.0
16	5	140	5.0	0.0	9.8	0.422	1.0	1.0
16	5	100	3.5	0.527	10.9	0.316	1.0	1.0
16	5	77	2.0	0.0	12.3	0.483	1.0	1.0
16	5	74	2.0	0.0	12.5	0.527	1.0	1.0
16	5	71	2.0	0.0	13.0	0.0	1.0	1.0
16	5	68	2.0	0.0	13.9	0.316	1.0	1.0
16	5	65	2.0	0.0	14.3	0.483	1.0	1.0
16	5	62	2.0	0.0	14.9	0.738	1.0	1.0
16	5	59	1.778	0.441	16.4	0.966	0.9	1.0
16	5	56	1.375	0.744	18.0	1.732	0.7	0.9
16	5	53	0.0	0.0	21.5	3.536	0.0	0.2
16	5	50	0.0	0.0	nan	nan	0.0	0.0
16	5	47	0.0	0.0	nan	nan	0.0	0.0
16	5	44	0.0	0.0	nan	nan	0.0	0.0
17	5	420	21.0	0.0	11.2	0.422	1.0	1.0
17	5	380	19.9	0.316	11.1	0.316	1.0	1.0
17	5	340	18.9	0.316	11.3	0.483	1.0	1.0
17	5	300	17.0	0.0	11.4	0.516	1.0	1.0
17	5	260	15.2	0.422	11.6	0.516	1.0	1.0
17	5	220	13.0	0.0	11.9	0.316	1.0	1.0
17	5	180	10.9	0.316	12.0	0.0	1.0	1.0
17	5	140	8.0	0.0	12.6	0.516	1.0	1.0
17	5	100	5.4	0.516	14.0	0.0	1.0	1.0
17	5	77	4.0	0.0	16.4	0.516	1.0	1.0
17	5	74	3.9	0.316	17.0	0.0	1.0	1.0
17	5	71	3.0	0.816	17.8	0.632	1.0	1.0
17	5	68	2.4	0.516	18.3	0.483	1.0	1.0
17	5	65	2.0	0.0	19.7	0.675	1.0	1.0
17	5	62	1.9	0.316	21.3	1.494	1.0	1.0
17	5	59	1.7	0.483	24.7	1.636	1.0	1.0
17	5	56	1.0	0.0	28.0	2.211	1.0	1.0
17	5	53	0.25	0.463	33.5	3.109	0.2	0.4
17	5	50	0.0	0.0	nan	nan	0.0	0.0
17	5	47	0.0	0.0	nan	nan	0.0	0.0
17	5	44	0.0	0.0	nan	nan	0.0	0.0
18	5	420	13.9	0.316	9.0	0.0	1.0	1.0
18	5	380	13.0	0.0	9.0	0.0	1.0	1.0
18	5	340	12.0	0.0	9.0	0.0	1.0	1.0
18	5	300	11.0	0.0	9.0	0.0	1.0	1.0
18	5	260	10.0	0.0	9.0	0.0	1.0	1.0
18	5	220	8.7	0.483	9.0	0.0	1.0	1.0
18	5	180	7.0	0.0	9.1	0.316	1.0	1.0
18	5	140	5.3	0.483	10.0	0.0	1.0	1.0
18	5	100	4.0	0.0	11.0	0.0	1.0	1.0
18	5	77	2.9	0.316	14.0	0.816	1.0	1.0
18	5	74	2.8	0.422	14.1	0.316	1.0	1.0
18	5	71	2.0	0.0	15.1	0.738	1.0	1.0
18	5	68	2.0	0.0	15.9	0.876	1.0	1.0
18	5	65	2.0	0.0	17.2	0.632	1.0	1.0
18	5	62	1.3	0.483	19.4	1.43	1.0	1.0
18	5	59	1.0	0.0	23.4	2.221	1.0	1.0
18	5	56	0.5	0.527	24.8	0.837	0.5	0.5
18	5	53	0.0	0.0	nan	nan	0.0	0.0
18	5	50	0.0	0.0	nan	nan	0.0	0.0
18	5	47	0.0	0.0	nan	nan	0.0	0.0
18	5	44	0.0	0.0	nan	nan	0.0	0.0
19	5	420	14.1	0.316	8.0	0.0	1.0	1.0
19	5	380	13.3	0.483	8.0	0.0	1.0	1.0
19	5	340	12.4	0.516	8.0	0.0	1.0	1.0
19	5	300	11.1	0.316	8.0	0.0	1.0	1.0
19	5	260	10.0	0.0	8.0	0.0	1.0	1.0
19	5	220	8.6	0.516	8.4	0.516	1.0	1.0
19	5	180	6.9	0.316	9.0	0.0	1.0	1.0
19	5	140	5.0	0.0	9.0	0.0	1.0	1.0
19	5	100	3.2	0.422	10.2	0.422	1.0	1.0
19	5	77	2.0	0.0	12.3	0.483	1.0	1.0
19	5	74	2.0	0.0	12.9	0.316	1.0	1.0
19	5	71	2.0	0.0	13.2	0.422	1.0	1.0
19	5	68	2.0	0.0	14.6	0.966	1.0	1.0
19	5	65	1.8	0.422	15.5	0.707	1.0	1.0
19	5	62	1.4	0.516	16.4	1.075	1.0	1.0
19	5	59	1.2	0.447	19.6	2.757	0.5	1.0
19	5	56	0.0	0.0	nan	nan	0.0	0.0
19	5	53	0.0	0.0	nan	nan	0.0	0.0
19	5	50	0.0	0.0	nan	nan	0.0	0.0
19	5	47	0.0	0.0	nan	nan	0.0	0.0
19	5	44	0.0	0.0	nan	nan	0.0	0.0
20	5	420	16.1	0.316	9.0	0.0	1.0	1.0
20	5	380	15.2	0.422	9.0	0.0	1.0	1.0
20	5	340	14.7	0.483	9.0	0.0	1.0	1.0
20	5	300	13.1	0.316	9.0	0.0	1.0	1.0
20	5	260	12.0	0.0	9.0	0.0	1.0	1.0
20	5	220	10.1	0.316	9.0	0.0	1.0	1.0
20	5	180	8.3	0.483	9.2	0.422	1.0	1.0
20	5	140	6.1	0.316	10.0	0.0	1.0	1.0
20	5	100	4.0	0.0	11.3	0.483	1.0	1.0
20	5	77	2.8	0.422	13.7	0.483	1.0	1.0
20	5	74	2.6	0.516	14.7	0.483	1.0	1.0
20	5	71	2.2	0.422	14.8	0.422	1.0	1.0
20	5	68	2.0	0.0	16.1	0.738	1.0	1.0
20	5	65	1.9	0.316	16.8	1.476	1.0	1.0
20	5	62	1.5	0.527	18.1	1.197	1.0	1.0
20	5	59	1.0	0.0	20.6	1.713	0.9	1.0
20	5	56	0.4	0.516	23.75	1.708	0.4	0.4
20	5	53	0.0	0.0	nan	nan	0.0	0.0
20	5	50	0.0	0.0	nan	nan	0.0	0.0
20	5	47	0.0	0.0	nan	nan	0.0	0.0
20	5	44	0.0	0.0	nan	nan	0.0	0.0
21	5	420	16.0	0.0	9.0	0.0	1.0	1.0
21	5	380	15.0	0.0	9.0	0.0	1.0	1.0
21	5	340	14.1	0.316	9.0	0.0	1.0	1.0
21	5	300	13.0	0.0	9.0	0.0	1.0	1.0
21	5	260	11.9	0.316	9.0	0.0	1.0	1.0
21	5	220	10.0	0.0	9.0	0.0	1.0	1.0
21	5	180	8.0	0.0	9.0	0.0	1.0	1.0
21	5	140	6.0	0.0	10.0	0.0	1.0	1.0
21	5	100	4.0	0.0	11.0	0.0	1.0	1.0
21	5	77	2.7	0.483	13.1	0.316	1.0	1.0
21	5	74	2.4	0.516	13.8	0.422	1.0	1.0
21	5	71	2.3	0.483	14.1	0.316	1.0	1.0
21	5	68	2.0	0.0	14.9	0.568	1.0	1.0
21	5	65	2.0	0.0	16.2	0.632	1.0	1.0
21	5	62	2.0	0.0	16.8	0.422	1.0	1.0
21	5	59	1.167	0.408	19.0	1.491	0.6	1.0
21	5	56	0.8	0.447	20.333	2.236	0.4	0.9
21	5	53	0.0	0.0	nan	nan	0.0	0.0
21	5	50	0.0	0.0	nan	nan	0.0	0.0
21	5	47	0.0	0.0	nan	nan	0.0	0.0
21	5	44	0.0	0.0	nan	nan	0.0	0.0
22	5	420	21.7	0.483	9.9	0.316	1.0	1.0
22	5	380	20.7	0.483	10.0	0.0	1.0	1.0
22	5	340	19.0	0.0	10.0	0.0	1.0	1.0
22	5	300	17.7	0.483	10.0	0.0	1.0	1.0
22	5	260	15.8	0.422	10.0	0.0	1.0	1.0
22	5	220	13.4	0.516	10.0	0.0	1.0	1.0
22	5	180	11.0	0.0	10.0	0.0	1.0	1.0
22	5	140	8.1	0.316	11.0	0.0	1.0	1.0
22	5	100	5.4	0.516	12.4	0.516	1.0	1.0
22	5	77	4.0	0.0	15.3	0.483	1.0	1.0
22	5	74	3.4	0.516	16.0	0.471	1.0	1.0
22	5	71	3.3	0.483	16.6	0.699	1.0	1.0
22	5	68	2.6	0.516	17.6	0.843	1.0	1.0
22	5	65	2.3	0.483	18.7	0.675	1.0	1.0
22	5	62	1.7	0.483	23.3	4.668	1.0	1.0
22	5	59	1.2	0.422	24.6	0.843	1.0	1.0
22	5	56	0.8	0.422	28.875	2.167	0.8	0.8
22	5	53	0.0	0.0	nan	nan	0.0	0.0
22	5	50	0.0	0.0	nan	nan	0.0	0.0
22	5	47	0.0	0.0	nan	nan	0.0	0.0
22	5	44	0.0	0.0	nan	nan	0.0	0.0
23	5	420	19.3	0.483	9.0	0.0	1.0	1.0
23	5	380	18.1	0.316	9.0	0.0	1.0	1.0
23	5	340	17.0	0.0	9.0	0.0	1.0	1.0
23	5	300	15.7	0.483	9.0	0.0	1.0	1.0
23	5	260	14.0	0.0	9.0	0.0	1.0	1.0
23	5	220	11.6	0.516	9.0	0.0	1.0	1.0
23	5	180	9.1	0.316	9.6	0.516	1.0	1.0
23	5	140	7.0	0.0	10.0	0.0	1.0	1.0
23	5	100	4.3	0.483	11.0	0.0	1.0	1.0
23	5	77	2.9	0.316	13.5	0.527	1.0	1.0
23	5	74	2.6	0.516	14.1	0.568	1.0	1.0
23	5	71	2.3	0.483	14.5	0.527	1.0	1.0
23	5	68	2.0	0.0	15.5	0.527	1.0	1.0
23	5	65	2.0	0.0	16.4	0.516	1.0	1.0
23	5	62	1.625	0.518	18.3	1.947	0.8	1.0
23	5	59	0.625	0.744	20.833	2.639	0.4	0.6
23	5	56	0.0	0.0	nan	nan	0.0	0.0
23	5	53	0.0	0.0	nan	nan	0.0	0.0
23	5	50	0.0	0.0	nan	nan	0.0	0.0
23	5	47	0.0	0.0	nan	nan	0.0	0.0
23	5	44	0.0	0.0	nan	nan	0.0	0.0
24	5	420	21.0	0.0	9.0	0.0	1.0	1.0
24	5	380	20.0	0.0	9.0	0.0	1.0	1.0
24	5	340	18.6	0.516	9.0	0.0	1.0	1.0
24	5	300	17.1	0.316	9.0	0.0	1.0	1.0
24	5	260	15.2	0.422	9.0	0.0	1.0	1.0
24	5	220	12.9	0.316	9.0	0.0	1.0	1.0
24	5	180	10.2	0.632	9.4	0.516	1.0	1.0
24	5	140	7.9	0.316	10.0	0.0	1.0	1.0
24	5	100	4.9	0.316	11.0	0.0	1.0	1.0
24	5	77	3.0	0.0	13.5	0.527	1.0	1.0
24	5	74	3.0	0.0	14.0	0.667	1.0	1.0
24	5	71	2.7	0.483	14.5	0.527	1.0	1.0
24	5	68	2.4	0.516	15.5	0.707	1.0	1.0
24	5	65	2.1	0.568	17.1	0.994	1.0	1.0
24	5	62	1.6	0.516	18.4	1.43	1.0	1.0
24	5	59	1.0	0.0	20.7	1.636	0.9	1.0
24	5	56	0.111	0.333	23.5	2.121	0.1	0.2
24	5	53	0.0	0.0	nan	nan	0.0	0.0
24	5	50	0.0	0.0	nan	nan	0.0	0.0
24	5	47	0.0	0.0	nan	nan	0.0	0.0
24	5	44	0.0	0.0	nan	nan	0.0	0.0
25	5	420	17.0	0.0	9.0	0.0	1.0	1.0
25	5	380	16.1	0.316	9.0	0.0	1.0	1.0
25	5	340	15.0	0.0	9.0	0.0	1.0	1.0
25	5	300	13.9	0.316	9.0	0.0	1.0	1.0
25	5	260	12.2	0.422	9.0	0.0	1.0	1.0
25	5	220	10.2	0.422	9.0	0.0	1.0	1.0
25	5	180	8.5	0.527	9.0	0.0	1.0	1.0
25	5	140	6.2	0.422	10.0	0.0	1.0	1.0
25	5	100	4.0	0.0	11.0	0.0	1.0	1.0
25	5	77	3.0	0.0	13.3	0.483	1.0	1.0
25	5	74	2.8	0.422	14.0	0.0	1.0	1.0
25	5	71	2.3	0.483	14.8	0.422	1.0	1.0
25	5	68	2.0	0.0	15.4	0.699	1.0	1.0
25	5	65	2.0	0.0	16.2	0.632	1.0	1.0
25	5	62	1.7	0.483	17.9	1.197	1.0	1.0
25	5	59	1.1	0.568	19.222	1.716	0.9	0.9
25	5	56	0.333	0.5	19.75	2.217	0.3	0.4
25	5	53	0.0	0.0	nan	nan	0.0	0.0
25	5	50	0.0	0.0	nan	nan	0.0	0.0
25	5	47	0.0	0.0	nan	nan	0.0	0.0
25	5	44	0.0	0.0	nan	nan	0.0	0.0
26	5	420	16.8	0.422	9.0	0.0	1.0	1.0
26	5	380	16.0	0.0	9.0	0.0	1.0	1.0
26	5	340	14.9	0.316	9.0	0.0	1.0	1.0
26	5	300	13.4	0.516	9.0	0.0	1.0	1.0
26	5	260	11.9	0.316	9.0	0.0	1.0	1.0
26	5	220	10.1	0.316	9.1	0.316	1.0	1.0
26	5	180	8.2	0.422	10.0	0.0	1.0	1.0
26	5	140	6.1	0.316	10.0	0.0	1.0	1.0
26	5	100	4.0	0.0	11.7	0.483	1.0	1.0
26	5	77	2.9	0.316	13.7	0.483	1.0	1.0
26	5	74	2.5	0.527	14.3	0.675	1.0	1.0
26	5	71	2.0	0.0	14.8	0.422	1.0	1.0
26	5	68	2.0	0.0	15.8	0.632	1.0	1.0
26	5	65	2.0	0.0	17.2	0.422	1.0	1.0
26	5	62	1.5	0.707	18.444	1.014	0.9	0.9
26	5	59	1.0	0.0	21.2	2.044	0.8	1.0
26	5	56	0.0	0.0	26.0	0.0	0.0	0.1
26	5	53	0.0	0.0	nan	nan	0.0	0.0
26	5	50	0.0	0.0	nan	nan	0.0	0.0
26	5	47	0.0	0.0	nan	nan	0.0	0.0
26	5	44	0.0	0.0	nan	nan	0.0	0.0
27	5	420	15.1	0.316	9.0	0.0	1.0	1.0
27	5	380	14.9	0.316	9.0	0.0	1.0	1.0
27	5	340	13.9	0.316	9.0	0.0	1.0	1.0
27	5	300	12.6	0.516	9.0	0.0	1.0	1.0
27	5	260	11.0	0.0	9.0	0.0	1.0	1.0
27	5	220	9.8	0.422	9.0	0.0	1.0	1.0
27	5	180	8.0	0.0	9.3	0.483	1.0	1.0
27	5	140	6.0	0.0	10.0	0.0	1.0	1.0
27	5	100	4.0	0.0	11.4	0.516	1.0	1.0
27	5	77	3.0	0.0	14.1	0.568	1.0	1.0
27	5	74	3.0	0.0	14.3	0.483	1.0	1.0
27	5	71	2.4	0.516	15.8	0.789	1.0	1.0
27	5	68	2.1	0.316	16.4	0.699	1.0	1.0
27	5	65	1.9	0.316	17.4	0.699	1.0	1.0
27	5	62	1.1	0.316	20.9	2.378	1.0	1.0
27	5	59	1.0	0.0	23.6	1.838	1.0	1.0
27	5	56	0.0	0.0	nan	nan	0.0	0.0
27	5	53	0.0	0.0	nan	nan	0.0	0.0
27	5	50	0.0	0.0	nan	nan	0.0	0.0
27	5	47	0.0	0.0	nan	nan	0.0	0.0
27	5	44	0.0	0.0	nan	nan	0.0	0.0
28	5	420	17.7	0.483	9.0	0.0	1.0	1.0
28	5	380	16.9	0.316	9.0	0.0	1.0	1.0
28	5	340	15.5	0.527	9.0	0.0	1.0	1.0
28	5	300	14.0	0.0	9.0	0.0	1.0	1.0
28	5	260	12.8	0.422	9.0	0.0	1.0	1.0
28	5	220	10.9	0.316	9.0	0.0	1.0	1.0
28	5	180	8.8	0.422	9.0	0.0	1.0	1.0
28	5	140	6.6	0.516	10.0	0.0	1.0	1.0
28	5	100	4.1	0.316	11.0	0.0	1.0	1.0
28	5	77	2.6	0.516	13.9	0.568	1.0	1.0
28	5	74	2.5	0.527	14.6	0.516	1.0	1.0
28	5	71	2.3	0.483	15.3	0.483	1.0	1.0
28	5	68	2.0	0.0	16.2	0.422	1.0	1.0
28	5	65	1.9	0.316	17.2	0.632	1.0	1.0
28	5	62	1.2	0.422	19.7	1.494	1.0	1.0
28	5	59	0.889	0.333	22.667	1.118	0.8	0.9
28	5	56	0.1	0.316	25.0	0.0	0.1	0.1
28	5	53	0.0	0.0	nan	nan	0.0	0.0
28	5	50	0.0	0.0	nan	nan	0.0	0.0
28	5	47	0.0	0.0	nan	nan	0.0	0.0
28	5	44	0.0	0.0	nan	nan	0.0	0.0
29	5	420	16.7	0.483	9.7	0.483	1.0	1.0
29	5	380	16.0	0.0	9.3	0.483	1.0	1.0
29	5	340	15.0	0.0	9.8	0.422	1.0	1.0
29	5	300	13.9	0.316	10.0	0.0	1.0	1.0
29	5	260	12.1	0.316	10.0	0.0	1.0	1.0
29	5	220	10.5	0.527	10.0	0.0	1.0	1.0
29	5	180	8.8	0.422	10.0	0.0	1.0	1.0
29	5	140	6.9	0.316	10.6	0.516	1.0	1.0
29	5	100	4.4	0.516	12.0	0.0	1.0	1.0
29	5	77	3.0	0.0	14.7	0.483	1.0	1.0
29	5	74	3.0	0.0	15.2	0.789	1.0	1.0
29	5	71	3.0	0.0	16.0	0.0	1.0	1.0
29	5	68	2.8	0.422	16.7	0.675	1.0	1.0
29	5	65	1.9	0.738	17.8	0.632	1.0	1.0
29	5	62	1.1	0.316	20.3	1.767	1.0	1.0
29	5	59	1.0	0.0	25.9	4.483	1.0	1.0
29	5	56	0.6	0.516	28.0	3.347	0.6	0.6
29	5	53	0.0	0.0	nan	nan	0.0	0.0
29	5	50	0.0	0.0	nan	nan	0.0	0.0
29	5	47	0.0	0.0	nan	nan	0.0	0.0
29	5	44	0.0	0.0	nan	nan	0.0	0.0
30	5	420	12.2	0.422	9.0	0.0	1.0	1.0
30	5	380	12.0	0.0	9.0	0.0	1.0	1.0
30	5	340	11.0	0.0	9.0	0.0	1.0	1.0
30	5	300	10.0	0.0	9.0	0.0	1.0	1.0
30	5	260	9.0	0.0	9.0	0.0	1.0	1.0
30	5	220	8.0	0.0	9.0	0.0	1.0	1.0
30	5	180	6.7	0.483	9.0	0.0	1.0	1.0
30	5	140	5.0	0.0	10.0	0.0	1.0	1.0
30	5	100	3.8	0.422	11.0	0.0	1.0	1.0
30	5	77	2.8	0.422	13.2	0.422	1.0	1.0
30	5	74	2.3	0.483	13.8	0.422	1.0	1.0
30	5	71	2.0	0.0	14.8	0.422	1.0	1.0
30	5	68	2.0	0.0	15.4	0.516	1.0	1.0
30	5	65	2.0	0.0	16.0	0.667	1.0	1.0
30	5	62	1.4	0.516	18.2	0.789	1.0	1.0
30	5	59	1.1	0.316	20.9	1.792	1.0	1.0
30	5	56	0.444	0.527	24.8	1.304	0.4	0.5
30	5	53	0.0	0.0	nan	nan	0.0	0.0
30	5	50	0.0	0.0	nan	nan	0.0	0.0
30	5	47	0.0	0.0	nan	nan	0.0	0.0
30	5	44	0.0	0.0	nan	nan	0.0	0.0
31	5	420	16.0	0.0	9.0	0.0	1.0	1.0
31	5	380	15.3	0.483	9.0	0.0	1.0	1.0
31	5	340	14.4	0.516	9.0	0.0	1.0	1.0
31	5	300	13.0	0.0	9.0	0.0	1.0	1.0
31	5	260	11.9	0.316	9.0	0.0	1.0	1.0
31	5	220	10.0	0.0	9.0	0.0	1.0	1.0
31	5	180	8.1	0.316	9.8	0.422	1.0	1.0
31	5	140	6.1	0.316	10.0	0.0	1.0	1.0
31	5	100	4.0	0.0	11.3	0.483	1.0	1.0
31	5	77	3.0	0.0	14.1	0.316	1.0	1.0
31	5	74	3.0	0.0	14.4	0.516	1.0	1.0
31	5	71	2.5	0.527	15.3	0.823	1.0	1.0
31	5	68	2.1	0.316	16.3	0.675	1.0	1.0
31	5	65	1.8	0.422	17.8	1.874	1.0	1.0
31	5	62	1.4	0.516	18.7	1.703	1.0	1.0
31	5	59	1.0	0.0	22.8	2.394	0.9	1.0
31	5	56	0.625	0.518	25.429	1.618	0.5	0.7
31	5	53	0.0	0.0	nan	nan	0.0	0.0
31	5	50	0.0	0.0	nan	nan	0.0	0.0
31	5	47	0.0	0.0	nan	nan	0.0	0.0
31	5	44	0.0	0.0	nan	nan	0.0	0.0
0	6	420	18.0	0.0	12.0	0.0	1.0	1.0
0	6	380	17.1	0.316	12.0	0.0	1.0	1.0
0	6	340	16.1	0.316	12.0	0.0	1.0	1.0
0	6	300	15.0	0.0	12.0	0.0	1.0	1.0
0	6	260	13.3	0.483	12.0	0.0	1.0	1.0
0	6	220	11.8	0.422	12.0	0.0	1.0	1.0
0	6	180	9.5	0.527	12.0	0.0	1.0	1.0
0	6	140	7.3	0.483	13.0	0.0	1.0	1.0
0	6	100	5.0	0.0	14.5	0.527	1.0	1.0
0	6	77	3.9	0.316	17.2	0.422	1.0	1.0
0	6	74	3.0	0.667	17.8	0.632	1.0	1.0
0	6	71	2.3	0.483	18.5	0.707	1.0	1.0
0	6	68	2.0	0.0	20.0	0.816	1.0	1.0
0	6	65	2.0	0.0	21.9	0.994	1.0	1.0
0	6	62	1.8	0.422	23.7	0.823	1.0	1.0
0	6	59	1.0	0.0	27.4	1.838	1.0	1.0
0	6	56	0.375	0.518	34.2	1.643	0.3	0.5
0	6	53	0.0	0.0	nan	nan	0.0	0.0
0	6	50	0.0	0.0	nan	nan	0.0	0.0
0	6	47	0.0	0.0	nan	nan	0.0	0.0
0	6	44	0.0	0.0	nan	nan	0.0	0.0
1	6	420	17.1	0.316	9.1	0.316	1.0	1.0
1	6	380	16.4	0.516	9.0	0.0	1.0	1.0
1	6	340	15.4	0.516	9.0	0.0	1.0	1.0
1	6	300	14.1	0.316	9.0	0.0	1.0	1.0
1	6	260	13.0	0.0	9.3	0.483	1.0	1.0
1	6	220	11.0	0.0	9.9	0.316	1.0	1.0
1	6	180	9.0	0.0	10.0	0.0	1.0	1.0
1	6	140	6.9	0.316	10.1	0.316	1.0	1.0
1	6	100	4.9	0.316	12.0	0.0	1.0	1.0
1	6	77	3.1	0.316	14.7	0.483	1.0	1.0
1	6	74	3.0	0.0	15.2	0.422	1.0	1.0
1	6	71	3.0	0.0	16.1	0.568	1.0	1.0
1	6	68	2.8	0.422	17.1	0.568	1.0	1.0
1	6	65	1.5	0.707	18.6	1.075	1.0	1.0
1	6	62	1.2	0.422	19.6	1.35	1.0	1.0
1	6	59	0.9	0.316	25.444	1.13	0.9	0.9
1	6	56	0.2	0.422	32.0	2.828	0.2	0.2
1	6	53	0.0	0.0	nan	nan	0.0	0.0
1	6	50	0.0	0.0	nan	nan	0.0	0.0
1	6	47	0.0	0.0	nan	nan	0.0	0.0
1	6	44	0.0	0.0	nan	nan	0.0	0.0
2	6	420	18.0	0.0	9.9	0.316	1.0	1.0
2	6	380	17.0	0.0	10.0	0.0	1.0	1.0
2	6	340	16.0	0.0	9.8	0.422	1.0	1.0
2	6	300	14.5	0.527	10.0	0.0	1.0	1.0
2	6	260	13.0	0.0	10.0	0.0	1.0	1.0
2	6	220	10.9	0.316	10.0	0.0	1.0	1.0
2	6	180	9.0	0.0	10.0	0.0	1.0	1.0
2	6	140	6.8	0.422	10.4	0.516	1.0	1.0
2	6	100	4.4	0.516	11.9	0.316	1.0	1.0
2	6	77	3.1	0.316	14.1	0.316	1.0	1.0
2	6	74	2.8	0.422	14.4	0.516	1.0	1.0
2	6	71	2.6	0.516	15.0	0.0	1.0	1.0
2	6	68	2.0	0.0	16.6	0.699	1.0	1.0
2	6	65	2.0	0.0	16.9	0.568	1.0	1.0
2	6	62	1.5	0.535	18.9	1.663	0.8	1.0
2	6	59	0.833	0.408	21.667	1.871	0.5	0.9
2	6	56	0.111	0.333	25.0	0.0	0.1	0.2
2	6	53	0.0	0.0	nan	nan	0.0	0.0
2	6	50	0.0	0.0	nan	nan	0.0	0.0
2	6	47	0.0	0.0	nan	nan	0.0	0.0
2	6	44	0.0	0.0	nan	nan	0.0	0.0
3	6	420	11.7	0.483	9.0	0.0	1.0	1.0
3	6	380	11.0	0.0	9.0	0.0	1.0	1.0
3	6	340	10.2	0.422	9.0	0.0	1.0	1.0
3	6	300	9.6	0.516	9.0	0.0	1.0	1.0
3	6	260	8.9	0.316	9.0	0.0	1.0	1.0
3	6	220	7.0	0.0	9.0	0.0	1.0	1.0
3	6	180	6.0	0.0	9.0	0.0	1.0	1.0
3	6	140	4.7	0.483	10.0	0.0	1.0	1.0
3	6	100	3.0	0.0	11.0	0.0	1.0	1.0
3	6	77	2.1	0.316	12.9	0.316	1.0	1.0
3	6	74	2.0	0.0	13.2	0.422	1.0	1.0
3	6	71	2.0	0.0	14.0	0.667	1.0	1.0
3	6	68	2.0	0.0	14.7	0.483	1.0	1.0
3	6	65	2.0	0.0	15.4	0.843	1.0	1.0
3	6	62	1.9	0.316	16.1	0.568	1.0	1.0
3	6	59	1.333	0.516	18.3	1.16	0.6	1.0
3	6	56	0.0	0.0	20.857	2.116	0.0	0.7
3	6	53	0.0	0.0	nan	nan	0.0	0.0
3	6	50	0.0	0.0	nan	nan	0.0	0.0
3	6	47	0.0	0.0	nan	nan	0.0	0.0
3	6	44	0.0	0.0	nan	nan	0.0	0.0
4	6	420	18.8	0.422	10.0	0.0	1.0	1.0
4	6	380	18.0	0.0	10.0	0.0	1.0	1.0
4	6	340	16.5	0.527	10.0	0.0	1.0	1.0
4	6	300	15.2	0.422	10.0	0.0	1.0	1.0
4	6	260	14.0	0.0	10.0	0.0	1.0	1.0
4	6	220	12.0	0.0	10.0	0.0	1.0	1.0
4	6	180	10.0	0.0	10.4	0.516	1.0	1.0
4	6	140	7.6	0.516	11.0	0.0	1.0	1.0
4	6	100	5.0	0.0	12.6	0.516	1.0	1.0
4	6	77	3.9	0.316	15.3	0.483	1.0	1.0
4	6	74	3.2	0.422	15.9	0.316	1.0	1.0
4	6	71	3.0	0.0	17.0	0.0	1.0	1.0
4	6	68	2.7	0.483	18.1	0.568	1.0	1.0
4	6	65	2.0	0.0	19.5	0.707	1.0	1.0
4	6	62	1.7	0.483	21.9	1.792	1.0	1.0
4	6	59	1.0	0.0	26.1	1.912	1.0	1.0
4	6	56	0.1	0.316	33.0	0.0	0.1	0.1
4	6	53	0.0	0.0	nan	nan	0.0	0.0
4	6	50	0.0	0.0	nan	nan	0.0	0.0
4	6	47	0.0	0.0	nan	nan	0.0	0.0
4	6	44	0.0	0.0	nan	nan	0.0	0.0
5	6	420	14.0	0.0	9.0	0.0	1.0	1.0
5	6	380	13.0	0.0	9.0	0.0	1.0	1.0
5	6	340	12.7	0.483	9.0	0.0	1.0	1.0
5	6	300	11.1	0.316	9.0	0.0	1.0	1.0
5	6	260	10.0	0.0	9.0	0.0	1.0	1.0
5	6	220	8.8	0.422	9.0	0.0	1.0	1.0
5	6	180	7.0	0.0	9.0	0.0	1.0	1.0
5	6	140	5.0	0.0	10.0	0.0	1.0	1.0
5	6	100	3.1	0.316	11.0	0.0	1.0	1.0
5	6	77	2.0	0.0	13.1	0.568	1.0	1.0
5	6	74	2.0	0.0	13.4	0.516	1.0	1.0
5	6	71	2.0	0.0	14.0	0.0	1.0	1.0
5	6	68	2.0	0.0	15.0	0.471	1.0	1.0
5	6	65	1.9	0.316	16.1	0.738	1.0	1.0
5	6	62	1.25	0.5	18.8	2.486	0.4	1.0
5	6	59	0.429	0.535	19.167	1.602	0.3	0.6
5	6	56	0.0	0.0	nan	nan	0.0	0.0
5	6	53	0.0	0.0	nan	nan	0.0	0.0
5	6	50	0.0	0.0	nan	nan	0.0	0.0
5	6	47	0.0	0.0	nan	nan	0.0	0.0
5	6	44	0.0	0.0	nan	nan	0.0	0.0
6	6	420	15.2	0.422	10.0	0.0	1.0	1.0
6	6	380	14.5	0.527	10.0	0.0	1.0	1.0
6	6	340	14.0	0.0	10.0	0.0	1.0	1.0
6	6	300	12.9	0.316	10.0	0.0	1.0	1.0
6	6	260	11.4	0.516	10.0	0.0	1.0	1.0
6	6	220	10.0	0.0	10.0	0.0	1.0	1.0
6	6	180	8.0	0.0	10.0	0.0	1.0	1.0
6	6	140	6.2	0.422	11.0	0.0	1.0	1.0
6	6	100	4.0	0.0	12.0	0.0	1.0	1.0
6	6	77	3.0	0.0	14.6	0.516	1.0	1.0
6	6	74	3.0	0.0	15.4	0.516	1.0	1.0
6	6	71	2.9	0.316	15.6	0.516	1.0	1.0
6	6	68	2.7	0.483	17.0	0.471	1.0	1.0
6	6	65	1.5	0.527	18.1	1.101	1.0	1.0
6	6	62	1.0	0.0	20.3	0.823	1.0	1.0
6	6	59	0.9	0.316	23.0	1.414	0.9	0.9
6	6	56	0.4	0.516	26.0	2.944	0.4	0.4
6	6	53	0.0	0.0	nan	nan	0.0	0.0
6	6	50	0.0	0.0	nan	nan	0.0	0.0
6	6	47	0.0	0.0	nan	nan	0.0	0.0
6	6	44	0.0	0.0	nan	nan	0.0	0.0
7	6	420	19.0	0.0	9.0	0.0	1.0	1.0
7	6	380	18.1	0.316	9.0	0.0	1.0	1.0
7	6	340	17.1	0.316	9.0	0.0	1.0	1.0
7	6	300	15.9	0.316	9.0	0.0	1.0	1.0
7	6	260	14.1	0.316	9.0	0.0	1.0	1.0
7	6	220	11.9	0.316	9.8	0.422	1.0	1.0
7	6	180	10.0	0.0	10.0	0.0	1.0	1.0
7	6	140	7.4	0.516	10.0	0.0	1.0	1.0
7	6	100	5.0	0.0	12.0	0.0	1.0	1.0
7	6	77	3.4	0.516	14.8	0.422	1.0	1.0
7	6	74	3.0	0.0	15.6	0.843	1.0	1.0
7	6	71	3.0	0.0	16.4	0.699	1.0	1.0
7	6	68	2.7	0.483	17.8	0.919	1.0	1.0
7	6	65	1.8	0.789	19.2	1.135	1.0	1.0
7	6	62	1.2	0.422	22.7	1.636	1.0	1.0
7	6	59	0.889	0.333	28.667	4.243	0.8	0.9
7	6	56	0.0	0.0	nan	nan	0.0	0.0
7	6	53	0.0	0.0	nan	nan	0.0	0.0
7	6	50	0.0	0.0	nan	nan	0.0	0.0
7	6	47	0.0	0.0	nan	nan	0.0	0.0
7	6	44	0.0	0.0	nan	nan	0.0	0.0
8	6	420	15.1	0.316	9.0	0.0	1.0	1.0
8	6	380	14.7	0.483	9.0	0.0	1.0	1.0
8	6	340	13.7	0.483	9.0	0.0	1.0	1.0
8	6	300	12.6	0.516	9.0	0.0	1.0	1.0
8	6	260	11.0	0.0	9.0	0.0	1.0	1.0
8	6	220	9.6	0.516	9.0	0.0	1.0	1.0
8	6	180	7.8	0.422	9.9	0.316	1.0	1.0
8	6	140	5.9	0.316	10.0	0.0	1.0	1.0
8	6	100	4.0	0.0	11.2	0.422	1.0	1.0
8	6	77	2.8	0.422	13.5	0.707	1.0	1.0
8	6	74	2.5	0.527	14.4	0.516	1.0	1.0
8	6	71	2.1	0.316	14.7	0.823	1.0	1.0
8	6	68	2.0	0.0	15.4	0.516	1.0	1.0
8	6	65	2.0	0.0	16.6	0.699	1.0	1.0
8	6	62	1.444	0.527	18.1	0.876	0.9	1.0
8	6	59	0.75	0.707	21.0	2.16	0.5	0.7
8	6	56	0.1	0.316	23.0	0.0	0.1	0.1
8	6	53	0.0	0.0	nan	nan	0.0	0.0
8	6	50	0.0	0.0	nan	nan	0.0	0.0
8	6	47	0.0	0.0	nan	nan	0.0	0.0
8	6	44	0.0	0.0	nan	nan	0.0	0.0
9	6	420	15.0	0.0	9.0	0.0	1.0	1.0
9	6	380	14.9	0.316	9.0	0.0	1.0	1.0
9	6	340	14.0	0.0	9.0	0.0	1.0	1.0
9	6	300	12.8	0.422	9.0	0.0	1.0	1.0
9	6	260	11.2	0.422	9.0	0.0	1.0	1.0
9	6	220	9.9	0.316	9.0	0.0	1.0	1.0
9	6	180	8.0	0.0	9.6	0.516	1.0	1.0
9	6	140	6.2	0.422	10.0	0.0	1.0	1.0
9	6	100	4.0	0.0	11.3	0.483	1.0	1.0
9	6	77	3.0	0.0	14.1	0.316	1.0	1.0
9	6	74	2.9	0.316	14.5	0.527	1.0	1.0
9	6	71	2.9	0.316	14.9	0.568	1.0	1.0
9	6	68	2.1	0.316	16.5	0.707	1.0	1.0
9	6	65	1.7	0.483	17.7	0.823	1.0	1.0
9	6	62	1.1	0.316	19.9	1.197	1.0	1.0
9	6	59	1.0	0.0	22.7	1.494	1.0	1.0
9	6	56	0.1	0.316	25.0	0.0	0.1	0.1
9	6	53	0.0	0.0	nan	nan	0.0	0.0
9	6	50	0.0	0.0	nan	nan	0.0	0.0
9	6	47	0.0	0.0	nan	nan	0.0	0.0
9	6	44	0.0	0.0	nan	nan	0.0	0.0
10	6	420	15.8	0.422	9.9	0.316	1.0	1.0
10	6	380	15.0	0.0	10.0	0.0	1.0	1.0
10	6	340	14.1	0.316	10.0	0.0	1.0	1.0
10	6	300	13.0	0.0	10.0	0.0	1.0	1.0
10	6	260	11.8	0.422	10.0	0.0	1.0	1.0
10	6	220	10.0	0.0	10.0	0.0	1.0	1.0
10	6	180	8.3	0.483	10.0	0.0	1.0	1.0
10	6	140	6.2	0.422	11.0	0.0	1.0	1.0
10	6	100	4.0	0.0	12.3	0.483	1.0	1.0
10	6	77	3.0	0.0	15.4	0.699	1.0	1.0
10	6	74	3.0	0.0	16.0	0.816	1.0	1.0
10	6	71	2.8	0.422	16.9	0.738	1.0	1.0
10	6	68	2.0	0.667	17.7	0.675	1.0	1.0
10	6	65	1.0	0.0	19.9	0.994	1.0	1.0
10	6	62	1.0	0.0	21.4	1.647	0.9	1.0
10	6	59	0.8	0.422	24.25	1.669	0.8	0.8
10	6	56	0.0	0.0	nan	nan	0.0	0.0
10	6	53	0.0	0.0	nan	nan	0.0	0.0
10	6	50	0.0	0.0	nan	nan	0.0	0.0
10	6	47	0.0	0.0	nan	nan	0.0	0.0
10	6	44	0.0	0.0	nan	nan	0.0	0.0
11	6	420	15.0	0.0	9.0	0.0	1.0	1.0
11	6	380	14.0	0.0	9.0	0.0	1.0	1.0
11	6	340	13.1	0.316	9.0	0.0	1.0	1.0
11	6	300	12.0	0.0	9.0	0.0	1.0	1.0
11	6	260	11.0	0.0	9.0	0.0	1.0	1.0
11	6	220	9.6	0.516	9.0	0.0	1.0	1.0
11	6	180	7.9	0.316	9.0	0.0	1.0	1.0
11	6	140	6.0	0.0	10.0	0.0	1.0	1.0
11	6	100	4.0	0.0	11.0	0.0	1.0	1.0
11	6	77	3.0	0.0	13.7	0.483	1.0	1.0
11	6	74	3.0	0.0	14.1	0.316	1.0	1.0
11	6	71	3.0	0.0	15.0	0.816	1.0	1.0
11	6	68	2.5	0.527	15.8	0.632	1.0	1.0
11	6	65	2.0	0.0	16.8	0.422	1.0	1.0
11	6	62	1.5	0.527	18.5	1.841	1.0	1.0
11	6	59	1.0	0.0	22.8	1.989	1.0	1.0
11	6	56	0.444	0.527	26.4	5.177	0.4	0.5
11	6	53	0.0	0.0	nan	nan	0.0	0.0
11	6	50	0.0	0.0	nan	nan	0.0	0.0
11	6	47	0.0	0.0	nan	nan	0.0	0.0
11	6	44	0.0	0.0	nan	nan	0.0	0.0
12	6	420	13.4	0.516	9.0	0.0	1.0	1.0
12	6	380	13.0	0.0	9.0	0.0	1.0	1.0
12	6	340	12.0	0.0	9.0	0.0	1.0	1.0
12	6	300	11.0	0.0	9.0	0.0	1.0	1.0
12	6	260	10.0	0.0	9.0	0.0	1.0	1.0
12	6	220	8.8	0.422	9.3	0.483	1.0	1.0
12	6	180	7.0	0.0	10.0	0.0	1.0	1.0
12	6	140	5.3	0.483	10.0	0.0	1.0	1.0
12	6	100	3.8	0.422	11.4	0.516	1.0	1.0
12	6	77	2.6	0.516	14.0	0.471	1.0	1.0
12	6	74	2.4	0.516	14.3	0.483	1.0	1.0
12	6	71	2.0	0.0	15.6	0.843	1.0	1.0
12	6	68	2.0	0.0	16.5	0.707	1.0	1.0
12	6	65	2.0	0.0	17.5	0.707	1.0	1.0
12	6	62	1.333	0.5	19.0	0.816	0.9	1.0
12	6	59	1.0	0.0	22.6	1.647	0.8	1.0
12	6	56	0.3	0.483	23.667	2.517	0.3	0.3
12	6	53	0.0	0.0	nan	nan	0.0	0.0
12	6	50	0.0	0.0	nan	nan	0.0	0.0
12	6	47	0.0	0.0	nan	nan	0.0	0.0
12	6	44	0.0	0.0	nan	nan	0.0	0.0
13	6	420	17.0	0.0	9.0	0.0	1.0	1.0
13	6	380	16.3	0.483	9.0	0.0	1.0	1.0
13	6	340	15.2	0.422	9.0	0.0	1.0	1.0
13	6	300	14.0	0.0	9.1	0.316	1.0	1.0
13	6	260	12.8	0.422	9.3	0.483	1.0	1.0
13	6	220	11.0	0.0	10.0	0.0	1.0	1.0
13	6	180	8.7	0.483	10.0	0.0	1.0	1.0
13	6	140	6.8	0.422	10.0	0.0	1.0	1.0
13	6	100	4.0	0.0	11.9	0.316	1.0	1.0
13	6	77	3.0	0.0	14.3	0.483	1.0	1.0
13	6	74	2.8	0.422	14.6	0.516	1.0	1.0
13	6	71	2.3	0.483	15.4	0.516	1.0	1.0
13	6	68	2.1	0.316	16.3	0.483	1.0	1.0
13	6	65	1.889	0.333	17.5	0.85	0.9	1.0
13	6	62	1.1	0.316	20.0	1.155	1.0	1.0
13	6	59	0.7	0.483	22.0	1.155	0.7	0.7
13	6	56	0.1	0.316	24.0	0.0	0.1	0.1
13	6	53	0.0	0.0	nan	nan	0.0	0.0
13	6	50	0.0	0.0	nan	nan	0.0	0.0
13	6	47	0.0	0.0	nan	nan	0.0	0.0
13	6	44	0.0	0.0	nan	nan	0.0	0.0
14	6	420	16.1	0.316	12.0	0.0	1.0	1.0
14	6	380	15.6	0.516	12.0	0.0	1.0	1.0
14	6	340	14.9	0.316	12.0	0.0	1.0	1.0
14	6	300	13.8	0.422	12.1	0.316	1.0	1.0
14	6	260	12.0	0.0	12.2	0.422	1.0	1.0
14	6	220	11.0	0.0	12.8	0.422	1.0	1.0
14	6	180	8.9	0.316	13.0	0.0	1.0	1.0
14	6	140	7.0	0.0	13.5	0.527	1.0	1.0
14	6	100	4.6	0.516	15.1	0.316	1.0	1.0
14	6	77	2.3	0.483	18.3	0.483	1.0	1.0
14	6	74	2.0	0.0	19.2	0.789	1.0	1.0
14	6	71	2.1	0.316	20.0	1.155	1.0	1.0
14	6	68	2.0	0.0	21.1	0.738	1.0	1.0
14	6	65	1.5	0.527	23.7	0.949	1.0	1.0
14	6	62	1.0	0.0	26.0	1.247	1.0	1.0
14	6	59	0.778	0.441	29.625	2.56	0.7	0.8
14	6	56	0.0	0.0	nan	nan	0.0	0.0
14	6	53	0.0	0.0	nan	nan	0.0	0.0
14	6	50	0.0	0.0	nan	nan	0.0	0.0
14	6	47	0.0	0.0	nan	nan	0.0	0.0
14	6	44	0.0	0.0	nan	nan	0.0	0.0
15	6	420	11.0	0.0	9.0	0.0	1.0	1.0
15	6	380	10.0	0.0	9.0	0.0	1.0	1.0
15	6	340	9.4	0.516	9.0	0.0	1.0	1.0
15	6	300	9.0	0.0	9.0	0.0	1.0	1.0
15	6	260	8.0	0.0	9.0	0.0	1.0	1.0
15	6	220	7.0	0.0	9.0	0.0	1.0	1.0
15	6	180	5.8	0.422	9.0	0.0	1.0	1.0
15	6	140	4.0	0.0	10.0	0.0	1.0	1.0
15	6	100	3.0	0.0	11.0	0.0	1.0	1.0
15	6	77	2.0	0.0	13.0	0.471	1.0	1.0
15	6	74	2.0	0.0	13.6	0.516	1.0	1.0
15	6	71	2.0	0.0	14.3	0.483	1.0	1.0
15	6	68	1.7	0.483	15.3	0.675	1.0	1.0
15	6	65	1.6	0.516	16.2	0.422	1.0	1.0
15	6	62	1.0	0.0	18.6	1.265	0.6	1.0
15	6	59	0.0	0.0	20.5	3.536	0.0	0.2
15	6	56	0.0	0.0	nan	nan	0.0	0.0
15	6	53	0.0	0.0	nan	nan	0.0	0.0
15	6	50	0.0	0.0	nan	nan	0.0	0.0
15	6	47	0.0	0.0	nan	nan	0.0	0.0
15	6	44	0.0	0.0	nan	nan	0.0	0.0
16	6	420	17.0	0.0	12.0	0.0	1.0	1.0
16	6	380	16.0	0.0	12.0	0.0	1.0	1.0
16	6	340	15.2	0.422	12.0	0.0	1.0	1.0
16	6	300	14.0	0.0	12.0	0.0	1.0	1.0
16	6	260	12.8	0.422	12.0	0.0	1.0	1.0
16	6	220	10.9	0.316	12.4	0.516	1.0	1.0
16	6	180	9.0	0.0	12.8	0.422	1.0	1.0
16	6	140	6.9	0.316	13.0	0.0	1.0	1.0
16	6	100	4.8	0.422	15.0	0.0	1.0	1.0
16	6	77	3.0	0.0	17.4	0.516	1.0	1.0
16	6	74	2.5	0.527	18.2	0.632	1.0	1.0
16	6	71	2.4	0.516	18.6	0.843	1.0	1.0
16	6	68	1.4	0.516	19.9	0.568	1.0	1.0
16	6	65	1.3	0.483	21.2	1.135	1.0	1.0
16	6	62	1.0	0.0	23.4	2.221	1.0	1.0
16	6	59	0.9	0.316	25.889	1.764	0.9	0.9
16	6	56	0.333	0.5	28.5	3.109	0.3	0.4
16	6	53	0.0	0.0	nan	nan	0.0	0.0
16	6	50	0.0	0.0	nan	nan	0.0	0.0
16	6	47	0.0	0.0	nan	nan	0.0	0.0
16	6	44	0.0	0.0	nan	nan	0.0	0.0
17	6	420	13.0	0.0	8.6	0.516	1.0	1.0
17	6	380	12.8	0.422	8.6	0.516	1.0	1.0
17	6	340	12.0	0.0	8.9	0.316	1.0	1.0
17	6	300	11.0	0.0	9.0	0.0	1.0	1.0
17	6	260	9.9	0.316	9.0	0.0	1.0	1.0
17	6	220	8.1	0.316	9.0	0.0	1.0	1.0
17	6	180	6.9	0.316	9.0	0.0	1.0	1.0
17	6	140	5.0	0.0	9.6	0.516	1.0	1.0
17	6	100	3.0	0.0	11.0	0.0	1.0	1.0
17	6	77	2.0	0.0	13.1	0.316	1.0	1.0
17	6	74	2.0	0.0	14.0	0.667	1.0	1.0
17	6	71	2.0	0.0	14.1	0.316	1.0	1.0
17	6	68	1.9	0.316	15.3	0.483	1.0	1.0
17	6	65	1.8	0.422	16.7	0.823	1.0	1.0
17	6	62	1.0	0.632	19.0	1.225	0.5	0.9
17	6	59	0.0	0.0	23.667	0.577	0.0	0.3
17	6	56	0.0	0.0	nan	nan	0.0	0.0
17	6	53	0.0	0.0	nan	nan	0.0	0.0
17	6	50	0.0	0.0	nan	nan	0.0	0.0
17	6	47	0.0	0.0	nan	nan	0.0	0.0
17	6	44	0.0	0.0	nan	nan	0.0	0.0
18	6	420	16.0	0.0	9.0	0.0	1.0	1.0
18	6	380	15.1	0.316	9.0	0.0	1.0	1.0
18	6	340	14.1	0.316	9.0	0.0	1.0	1.0
18	6	300	12.9	0.316	9.0	0.0	1.0	1.0
18	6	260	12.0	0.0	9.0	0.0	1.0	1.0
18	6	220	10.0	0.0	9.4	0.516	1.0	1.0
18	6	180	8.1	0.316	10.0	0.0	1.0	1.0
18	6	140	6.1	0.316	10.0	0.0	1.0	1.0
18	6	100	4.0	0.0	11.3	0.483	1.0	1.0
18	6	77	3.0	0.0	13.8	0.422	1.0	1.0
18	6	74	2.6	0.516	14.3	0.483	1.0	1.0
18	6	71	2.3	0.483	14.9	0.876	1.0	1.0
18	6	68	2.0	0.0	16.0	0.471	1.0	1.0
18	6	65	2.0	0.0	17.2	0.632	1.0	1.0
18	6	62	1.2	0.422	19.4	1.174	1.0	1.0
18	6	59	1.125	0.354	21.0	2.211	0.8	1.0
18	6	56	0.1	0.316	24.0	0.0	0.1	0.1
18	6	53	0.0	0.0	nan	nan	0.0	0.0
18	6	50	0.0	0.0	nan	nan	0.0	0.0
18	6	47	0.0	0.0	nan	nan	0.0	0.0
18	6	44	0.0	0.0	nan	nan	0.0	0.0
19	6	420	14.4	0.516	9.0	0.0	1.0	1.0
19	6	380	14.0	0.0	9.0	0.0	1.0	1.0
19	6	340	13.0	0.0	9.0	0.0	1.0	1.0
19	6	300	12.0	0.0	9.0	0.0	1.0	1.0
19	6	260	11.0	0.0	9.0	0.0	1.0	1.0
19	6	220	9.4	0.516	9.3	0.483	1.0	1.0
19	6	180	7.9	0.316	10.0	0.0	1.0	1.0
19	6	140	6.0	0.0	10.0	0.0	1.0	1.0
19	6	100	4.0	0.0	11.9	0.316	1.0	1.0
19	6	77	3.0	0.0	14.2	0.422	1.0	1.0
19	6	74	3.0	0.0	14.9	0.316	1.0	1.0
19	6	71	3.0	0.0	15.4	0.516	1.0	1.0
19	6	68	2.4	0.516	16.4	0.843	1.0	1.0
19	6	65	1.7	0.483	18.4	1.776	1.0	1.0
19	6	62	1.1	0.316	20.1	0.994	1.0	1.0
19	6	59	0.6	0.516	22.667	2.066	0.6	0.6
19	6	56	0.2	0.422	26.0	2.828	0.2	0.2
19	6	53	0.0	0.0	nan	nan	0.0	0.0
19	6	50	0.0	0.0	nan	nan	0.0	0.0
19	6	47	0.0	0.0	nan	nan	0.0	0.0
19	6	44	0.0	0.0	nan	nan	0.0	0.0
20	6	420	16.5	0.527	9.0	0.0	1.0	1.0
20	6	380	16.0	0.0	9.0	0.0	1.0	1.0
20	6	340	15.0	0.0	9.0	0.0	1.0	1.0
20	6	300	13.8	0.422	9.0	0.0	1.0	1.0
20	6	260	12.0	0.0	9.0	0.0	1.0	1.0
20	6	220	10.8	0.422	9.0	0.0	1.0	1.0
20	6	180	9.0	0.0	9.5	0.527	1.0	1.0
20	6	140	6.9	0.316	10.0	0.0	1.0	1.0
20	6	100	4.5	0.527	11.6	0.516	1.0	1.0
20	6	77	3.0	0.0	14.2	0.422	1.0	1.0
20	6	74	3.0	0.0	14.8	0.422	1.0	1.0
20	6	71	3.0	0.0	15.9	0.316	1.0	1.0
20	6	68	2.9	0.316	16.6	0.516	1.0	1.0
20	6	65	1.7	0.675	17.7	1.16	1.0	1.0
20	6	62	1.0	0.0	19.9	0.994	1.0	1.0
20	6	59	1.0	0.0	22.2	1.751	1.0	1.0
20	6	56	0.4	0.516	27.5	2.38	0.4	0.4
20	6	53	0.0	0.0	nan	nan	0.0	0.0
20	6	50	0.0	0.0	nan	nan	0.0	0.0
20	6	47	0.0	0.0	nan	nan	0.0	0.0
20	6	44	0.0	0.0	nan	nan	0.0	0.0
21	6	420	14.0	0.0	9.0	0.0	1.0	1.0
21	6	380	13.2	0.422	9.0	0.0	1.0	1.0
21	6	340	12.7	0.483	9.0	0.0	1.0	1.0
21	6	300	11.7	0.483	9.0	0.0	1.0	1.0
21	6	260	10.2	0.422	9.0	0.0	1.0	1.0
21	6	220	9.0	0.0	9.0	0.0	1.0	1.0
21	6	180	7.1	0.316	9.0	0.0	1.0	1.0
21	6	140	5.4	0.516	9.9	0.316	1.0	1.0
21	6	100	3.3	0.483	11.0	0.0	1.0	1.0
21	6	77	2.2	0.422	13.2	0.422	1.0	1.0
21	6	74	2.0	0.0	14.0	0.471	1.0	1.0
21	6	71	2.0	0.0	14.2	0.422	1.0	1.0
21	6	68	2.0	0.0	15.3	0.483	1.0	1.0
21	6	65	2.0	0.0	16.6	0.843	1.0	1.0
21	6	62	1.5	0.535	17.9	1.287	0.8	1.0
21	6	59	0.0	0.0	22.75	2.217	0.0	0.4
21	6	56	0.0	0.0	23.0	3.464	0.0	0.3
21	6	53	0.0	0.0	nan	nan	0.0	0.0
21	6	50	0.0	0.0	nan	nan	0.0	0.0
21	6	47	0.0	0.0	nan	nan	0.0	0.0
21	6	44	0.0	0.0	nan	nan	0.0	0.0
22	6	420	13.1	0.316	9.0	0.0	1.0	1.0
22	6	380	12.9	0.316	9.0	0.0	1.0	1.0
22	6	340	12.0	0.0	9.0	0.0	1.0	1.0
22	6	300	11.0	0.0	9.0	0.0	1.0	1.0
22	6	260	10.0	0.0	9.0	0.0	1.0	1.0
22	6	220	8.4	0.516	9.0	0.0	1.0	1.0
22	6	180	6.9	0.316	9.1	0.316	1.0	1.0
22	6	140	5.1	0.316	10.0	0.0	1.0	1.0
22	6	100	3.5	0.527	11.2	0.422	1.0	1.0
22	6	77	2.0	0.0	13.5	0.527	1.0	1.0
22	6	74	2.0	0.0	13.8	0.422	1.0	1.0
22	6	71	2.0	0.0	14.6	0.516	1.0	1.0
22	6	68	2.0	0.0	15.4	0.516	1.0	1.0
22	6	65	2.0	0.0	16.6	0.516	1.0	1.0
22	6	62	1.8	0.422	17.7	1.16	1.0	1.0
22	6	59	1.143	0.69	19.333	1.0	0.6	0.9
22	6	56	0.0	0.0	25.0	0.0	0.0	0.1
22	6	53	0.0	0.0	nan	nan	0.0	0.0
22	6	50	0.0	0.0	nan	nan	0.0	0.0
22	6	47	0.0	0.0	nan	nan	0.0	0.0
22	6	44	0.0	0.0	nan	nan	0.0	0.0
23	6	420	17.9	0.316	9.0	0.0	1.0	1.0
23	6	380	17.0	0.0	9.0	0.0	1.0	1.0
23	6	340	16.0	0.0	9.0	0.0	1.0	1.0
23	6	300	14.5	0.527	9.0	0.0	1.0	1.0
23	6	260	13.0	0.0	9.0	0.0	1.0	1.0
23	6	220	11.0	0.0	9.0	0.0	1.0	1.0
23	6	180	8.9	0.316	9.3	0.483	1.0	1.0
23	6	140	6.8	0.422	10.0	0.0	1.0	1.0
23	6	100	4.2	0.422	11.1	0.316	1.0	1.0
23	6	77	2.9	0.316	13.6	0.516	1.0	1.0
23	6	74	2.4	0.516	14.1	0.568	1.0	1.0
23	6	71	2.2	0.422	14.6	0.516	1.0	1.0
23	6	68	1.9	0.316	16.6	1.265	1.0	1.0
23	6	65	2.0	0.0	16.5	0.972	1.0	1.0
23	6	62	1.444	0.527	18.8	1.229	0.9	1.0
23	6	59	0.167	0.408	23.4	2.608	0.1	0.5
23	6	56	0.0	0.0	nan	nan	0.0	0.0
23	6	53	0.0	0.0	nan	nan	0.0	0.0
23	6	50	0.0	0.0	nan	nan	0.0	0.0
23	6	47	0.0	0.0	nan	nan	0.0	0.0
23	6	44	0.0	0.0	nan	nan	0.0	0.0
24	6	420	15.9	0.316	9.0	0.0	1.0	1.0
24	6	380	15.0	0.0	9.0	0.0	1.0	1.0
24	6	340	14.0	0.0	9.0	0.0	1.0	1.0
24	6	300	13.0	0.0	9.0	0.0	1.0	1.0
24	6	260	12.0	0.0	9.1	0.316	1.0	1.0
24	6	220	10.0	0.0	9.5	0.527	1.0	1.0
24	6	180	8.4	0.516	10.0	0.0	1.0	1.0
24	6	140	6.3	0.483	10.0	0.0	1.0	1.0
24	6	100	4.4	0.516	12.0	0.0	1.0	1.0
24	6	77	3.0	0.0	14.5	0.527	1.0	1.0
24	6	74	3.0	0.0	15.0	0.667	1.0	1.0
24	6	71	3.0	0.0	15.9	0.568	1.0	1.0
24	6	68	2.7	0.675	16.9	0.876	1.0	1.0
24	6	65	1.4	0.699	18.5	0.707	1.0	1.0
24	6	62	1.0	0.0	20.6	1.647	1.0	1.0
24	6	59	1.0	0.0	23.1	1.37	1.0	1.0
24	6	56	0.3	0.483	28.0	4.359	0.3	0.3
24	6	53	0.0	0.0	nan	nan	0.0	0.0
24	6	50	0.0	0.0	nan	nan	0.0	0.0
24	6	47	0.0	0.0	nan	nan	0.0	0.0
24	6	44	0.0	0.0	nan	nan	0.0	0.0
25	6	420	15.7	0.483	9.0	0.0	1.0	1.0
25	6	380	15.0	0.0	9.0	0.0	1.0	1.0
25	6	340	14.0	0.0	9.0	0.0	1.0	1.0
25	6	300	13.0	0.0	9.0	0.0	1.0	1.0
25	6	260	11.7	0.483	9.0	0.0	1.0	1.0
25	6	220	10.1	0.316	9.1	0.316	1.0	1.0
25	6	180	8.5	0.527	10.0	0.0	1.0	1.0
25	6	140	6.4	0.516	10.1	0.316	1.0	1.0
25	6	100	4.3	0.483	11.7	0.483	1.0	1.0
25	6	77	3.0	0.0	14.0	0.471	1.0	1.0
25	6	74	3.0	0.0	14.3	0.483	1.0	1.0
25	6	71	3.0	0.0	15.2	0.422	1.0	1.0
25	6	68	2.8	0.422	16.4	0.699	1.0	1.0
25	6	65	2.1	0.738	17.7	0.949	1.0	1.0
25	6	62	1.4	0.516	18.8	1.549	1.0	1.0
25	6	59	1.0	0.0	22.4	1.955	1.0	1.0
25	6	56	0.4	0.516	28.75	4.113	0.4	0.4
25	6	53	0.0	0.0	nan	nan	0.0	0.0
25	6	50	0.0	0.0	nan	nan	0.0	0.0
25	6	47	0.0	0.0	nan	nan	0.0	0.0
25	6	44	0.0	0.0	nan	nan	0.0	0.0
26	6	420	14.8	0.422	9.0	0.0	1.0	1.0
26	6	380	14.0	0.0	9.0	0.0	1.0	1.0
26	6	340	13.1	0.316	9.0	0.0	1.0	1.0
26	6	300	12.0	0.0	9.0	0.0	1.0	1.0
26	6	260	10.9	0.316	9.0	0.0	1.0	1.0
26	6	220	9.0	0.0	9.0	0.0	1.0	1.0
26	6	180	7.6	0.516	9.0	0.0	1.0	1.0
26	6	140	6.0	0.0	10.0	0.0	1.0	1.0
26	6	100	3.9	0.316	11.0	0.0	1.0	1.0
26	6	77	2.7	0.483	13.0	0.0	1.0	1.0
26	6	74	2.1	0.316	13.6	0.516	1.0	1.0
26	6	71	2.0	0.0	14.1	0.316	1.0	1.0
26	6	68	2.0	0.0	15.2	0.632	1.0	1.0
26	6	65	2.0	0.0	16.6	0.843	1.0	1.0
26	6	62	1.556	0.527	18.4	1.897	0.9	1.0
26	6	59	1.0	0.0	20.9	1.912	0.7	1.0
26	6	56	0.143	0.378	24.0	1.414	0.1	0.4
26	6	53	0.0	0.0	nan	nan	0.0	0.0
26	6	50	0.0	0.0	nan	nan	0.0	0.0
26	6	47	0.0	0.0	nan	nan	0.0	0.0
26	6	44	0.0	0.0	nan	nan	0.0	0.0
27	6	420	13.0	0.0	9.0	0.0	1.0	1.0
27	6	380	12.8	0.422	9.0	0.0	1.0	1.0
27	6	340	12.0	0.0	9.0	0.0	1.0	1.0
27	6	300	11.0	0.0	9.0	0.0	1.0	1.0
27	6	260	10.0	0.0	9.3	0.483	1.0	1.0
27	6	220	8.7	0.483	10.0	0.0	1.0	1.0
27	6	180	7.0	0.0	10.0	0.0	1.0	1.0
27	6	140	5.8	0.422	10.1	0.316	1.0	1.0
27	6	100	4.0	0.0	11.8	0.422	1.0	1.0
27	6	77	3.0	0.0	14.0	0.0	1.0	1.0
27	6	74	3.0	0.0	15.1	0.568	1.0	1.0
27	6	71	2.6	0.516	15.4	0.516	1.0	1.0
27	6	68	2.0	0.0	16.9	0.568	1.0	1.0
27	6	65	1.5	0.527	18.3	1.16	1.0	1.0
27	6	62	1.1	0.316	19.5	1.65	1.0	1.0
27	6	59	0.8	0.422	23.625	1.996	0.8	0.8
27	6	56	0.2	0.422	23.5	2.121	0.2	0.2
27	6	53	0.0	0.0	nan	nan	0.0	0.0
27	6	50	0.0	0.0	nan	nan	0.0	0.0
27	6	47	0.0	0.0	nan	nan	0.0	0.0
27	6	44	0.0	0.0	nan	nan	0.0	0.0
28	6	420	13.0	0.0	10.0	0.0	1.0	1.0
28	6	380	12.2	0.422	9.8	0.422	1.0	1.0
28	6	340	11.8	0.422	9.9	0.316	1.0	1.0
28	6	300	10.8	0.422	10.0	0.0	1.0	1.0
28	6	260	9.8	0.422	9.9	0.316	1.0	1.0
28	6	220	8.1	0.316	10.0	0.0	1.0	1.0
28	6	180	6.9	0.316	10.0	0.0	1.0	1.0
28	6	140	5.2	0.422	10.8	0.422	1.0	1.0
28	6	100	3.8	0.422	12.1	0.316	1.0	1.0
28	6	77	2.7	0.483	14.3	0.483	1.0	1.0
28	6	74	2.5	0.527	14.9	0.568	1.0	1.0
28	6	71	2.2	0.422	15.7	0.483	1.0	1.0
28	6	68	2.0	0.0	16.7	0.483	1.0	1.0
28	6	65	1.4	0.516	18.5	0.85	1.0	1.0
28	6	62	1.1	0.316	20.0	1.414	1.0	1.0
28	6	59	0.889	0.333	22.889	2.028	0.8	0.9
28	6	56	0.0	0.0	25.0	0.0	0.0	0.1
28	6	53	0.0	0.0	nan	nan	0.0	0.0
28	6	50	0.0	0.0	nan	nan	0.0	0.0
28	6	47	0.0	0.0	nan	nan	0.0	0.0
28	6	44	0.0	0.0	nan	nan	0.0	0.0
29	6	420	16.8	0.422	11.0	0.0	1.0	1.0
29	6	380	16.0	0.0	11.0	0.0	1.0	1.0
29	6	340	14.9	0.316	11.0	0.0	1.0	1.0
29	6	300	13.8	0.422	10.9	0.316	1.0	1.0
29	6	260	12.1	0.316	11.0	0.0	1.0	1.0
29	6	220	10.2	0.422	11.1	0.316	1.0	1.0
29	6	180	8.6	0.516	11.8	0.422	1.0	1.0
29	6	140	6.2	0.422	12.1	0.316	1.0	1.0
29	6	100	4.0	0.0	13.8	0.422	1.0	1.0
29	6	77	2.8	0.422	16.3	0.675	1.0	1.0
29	6	74	2.4	0.516	16.9	0.738	1.0	1.0
29	6	71	2.0	0.471	17.7	0.483	1.0	1.0
29	6	68	1.2	0.422	19.0	1.155	1.0	1.0
29	6	65	1.1	0.316	19.6	1.174	1.0	1.0
29	6	62	0.7	0.483	22.286	2.36	0.7	0.7
29	6	59	0.0	0.0	27.0	0.0	0.0	0.1
29	6	56	0.0	0.0	nan	nan	0.0	0.0
29	6	53	0.0	0.0	nan	nan	0.0	0.0
29	6	50	0.0	0.0	nan	nan	0.0	0.0
29	6	47	0.0	0.0	nan	nan	0.0	0.0
29	6	44	0.0	0.0	nan	nan	0.0	0.0
30	6	420	13.0	0.0	9.0	0.0	1.0	1.0
30	6	380	12.2	0.422	9.0	0.0	1.0	1.0
30	6	340	12.0	0.0	9.0	0.0	1.0	1.0
30	6	300	11.0	0.0	9.0	0.0	1.0	1.0
30	6	260	9.9	0.316	9.0	0.0	1.0	1.0
30	6	220	8.1	0.316	9.0	0.0	1.0	1.0
30	6	180	7.0	0.0	10.0	0.0	1.0	1.0
30	6	140	5.2	0.422	10.0	0.0	1.0	1.0
30	6	100	4.0	0.0	11.5	0.527	1.0	1.0
30	6	77	3.0	0.0	14.0	0.0	1.0	1.0
30	6	74	2.3	0.483	14.5	0.527	1.0	1.0
30	6	71	2.0	0.0	15.4	0.699	1.0	1.0
30	6	68	2.1	0.316	16.4	0.699	1.0	1.0
30	6	65	2.0	0.0	17.1	0.738	1.0	1.0
30	6	62	1.2	0.422	19.4	1.43	1.0	1.0
30	6	59	1.0	0.0	22.7	2.312	1.0	1.0
30	6	56	0.556	0.527	25.0	3.578	0.5	0.6
30	6	53	0.0	0.0	nan	nan	0.0	0.0
30	6	50	0.0	0.0	nan	nan	0.0	0.0
30	6	47	0.0	0.0	nan	nan	0.0	0.0
30	6	44	0.0	0.0	nan	nan	0.0	0.0
31	6	420	15.0	0.0	9.0	0.0	1.0	1.0
31	6	380	14.2	0.422	9.0	0.0	1.0	1.0
31	6	340	13.9	0.316	9.0	0.0	1.0	1.0
31	6	300	12.6	0.516	9.0	0.0	1.0	1.0
31	6	260	11.2	0.422	9.0	0.0	1.0	1.0
31	6	220	10.0	0.0	9.5	0.527	1.0	1.0
31	6	180	8.0	0.0	10.0	0.0	1.0	1.0
31	6	140	6.1	0.316	10.0	0.0	1.0	1.0
31	6	100	4.1	0.316	11.8	0.422	1.0	1.0
31	6	77	3.0	0.0	14.0	0.0	1.0	1.0
31	6	74	3.0	0.0	14.7	0.483	1.0	1.0
31	6	71	3.0	0.0	15.7	0.483	1.0	1.0
31	6	68	2.6	0.516	16.3	0.675	1.0	1.0
31	6	65	2.2	0.422	17.2	0.789	1.0	1.0
31	6	62	1.2	0.422	19.4	1.578	1.0	1.0
31	6	59	1.0	0.0	22.6	1.578	1.0	1.0
31	6	56	0.8	0.422	26.625	2.774	0.8	0.8
31	6	53	0.0	0.0	nan	nan	0.0	0.0
31	6	50	0.0	0.0	nan	nan	0.0	0.0
31	6	47	0.0	0.0	nan	nan	0.0	0.0
31	6	44	0.0	0.0	nan	nan	0.0	0.0
0	7	420	14.9	0.316	9.0	0.0	1.0	1.0
0	7	380	14.0	0.0	9.0	0.0	1.0	1.0
0	7	340	13.0	0.0	9.0	0.0	1.0	1.0
0	7	300	12.0	0.0	9.0	0.0	1.0	1.0
0	7	260	10.7	0.483	9.0	0.0	1.0	1.0
0	7	220	9.0	0.0	9.2	0.422	1.0	1.0
0	7	180	7.0	0.0	10.0	0.0	1.0	1.0
0	7	140	5.3	0.483	10.0	0.0	1.0	1.0
0	7	100	3.7	0.483	11.5	0.527	1.0	1.0
0	7	77	2.1	0.316	14.0	0.0	1.0	1.0
0	7	74	2.0	0.0	14.2	0.422	1.0	1.0
0	7	71	2.0	0.0	15.4	0.699	1.0	1.0
0	7	68	2.0	0.0	16.4	0.843	1.0	1.0
0	7	65	1.6	0.516	17.6	0.843	1.0	1.0
0	7	62	1.286	0.488	19.4	1.265	0.7	1.0
0	7	59	0.0	0.0	21.0	0.0	0.0	0.1
0	7	56	0.0	0.0	nan	nan	0.0	0.0
0	7	53	0.0	0.0	nan	nan	0.0	0.0
0	7	50	0.0	0.0	nan	nan	0.0	0.0
0	7	47	0.0	0.0	nan	nan	0.0	0.0
0	7	44	0.0	0.0	nan	nan	0.0	0.0
1	7	420	19.0	0.0	9.9	0.316	1.0	1.0
1	7	380	17.9	0.316	9.9	0.316	1.0	1.0
1	7	340	16.3	0.483	10.0	0.0	1.0	1.0
1	7	300	15.0	0.0	10.0	0.0	1.0	1.0
1	7	260	13.6	0.516	10.0	0.0	1.0	1.0
1	7	220	11.4	0.516	10.0	0.0	1.0	1.0
1	7	180	9.5	0.527	10.0	0.0	1.0	1.0
1	7	140	7.0	0.0	11.0	0.0	1.0	1.0
1	7	100	4.7	0.483	12.4	0.516	1.0	1.0
1	7	77	3.0	0.0	15.5	0.707	1.0	1.0
1	7	74	3.0	0.0	15.9	0.568	1.0	1.0
1	7	71	3.0	0.0	16.7	0.675	1.0	1.0
1	7	68	2.7	0.675	17.8	0.919	1.0	1.0
1	7	65	1.6	0.843	18.7	1.16	1.0	1.0
1	7	62	1.0	0.0	20.4	1.174	1.0	1.0
1	7	59	0.8	0.422	23.5	2.507	0.8	0.8
1	7	56	0.1	0.316	33.0	0.0	0.1	0.1
1	7	53	0.0	0.0	nan	nan	0.0	0.0
1	7	50	0.0	0.0	nan	nan	0.0	0.0
1	7	47	0.0	0.0	nan	nan	0.0	0.0
1	7	44	0.0	0.0	nan	nan	0.0	0.0
2	7	420	13.0	0.0	9.0	0.0	1.0	1.0
2	7	380	12.1	0.316	9.0	0.0	1.0	1.0
2	7	340	11.7	0.483	9.0	0.0	1.0	1.0
2	7	300	10.4	0.516	9.0	0.0	1.0	1.0
2	7	260	9.0	0.0	9.0	0.0	1.0	1.0
2	7	220	8.0	0.0	9.0	0.0	1.0	1.0
2	7	180	6.3	0.483	9.0	0.0	1.0	1.0
2	7	140	4.9	0.316	10.0	0.0	1.0	1.0
2	7	100	3.0	0.0	11.0	0.471	1.0	1.0
2	7	77	2.0	0.0	12.9	0.316	1.0	1.0
2	7	74	2.0	0.0	13.5	0.527	1.0	1.0
2	7	71	2.0	0.0	14.1	0.316	1.0	1.0
2	7	68	2.0	0.0	14.5	0.707	1.0	1.0
2	7	65	1.8	0.422	15.9	0.568	1.0	1.0
2	7	62	1.2	0.422	17.0	0.667	1.0	1.0
2	7	59	0.667	0.816	18.571	1.272	0.3	0.7
2	7	56	0.0	0.0	nan	nan	0.0	0.0
2	7	53	0.0	0.0	nan	nan	0.0	0.0
2	7	50	0.0	0.0	nan	nan	0.0	0.0
2	7	47	0.0	0.0	nan	nan	0.0	0.0
2	7	44	0.0	0.0	nan	nan	0.0	0.0
3	7	420	11.0	0.0	9.0	0.0	1.0	1.0
3	7	380	10.2	0.422	9.0	0.0	1.0	1.0
3	7	340	10.0	0.0	9.0	0.0	1.0	1.0
3	7	300	9.0	0.0	9.0	0.0	1.0	1.0
3	7	260	8.0	0.0	9.0	0.0	1.0	1.0
3	7	220	7.0	0.0	9.0	0.0	1.0	1.0
3	7	180	5.9	0.316	9.0	0.0	1.0	1.0
3	7	140	4.4	0.516	10.0	0.0	1.0	1.0
3	7	100	3.0	0.0	11.0	0.0	1.0	1.0
3	7	77	2.0	0.0	13.4	0.516	1.0	1.0
3	7	74	2.0	0.0	14.1	0.568	1.0	1.0
3	7	71	2.0	0.0	14.7	0.675	1.0	1.0
3	7	68	2.0	0.0	15.6	0.699	1.0	1.0
3	7	65	2.0	0.0	16.6	0.966	1.0	1.0
3	7	62	1.4	0.516	18.8	1.317	1.0	1.0
3	7	59	1.1	0.568	21.0	2.062	0.9	0.9
3	7	56	0.0	0.0	nan	nan	0.0	0.0
3	7	53	0.0	0.0	nan	nan	0.0	0.0
3	7	50	0.0	0.0	nan	nan	0.0	0.0
3	7	47	0.0	0.0	nan	nan	0.0	0.0
3	7	44	0.0	0.0	nan	nan	0.0	0.0
4	7	420	14.6	0.516	9.0	0.0	1.0	1.0
4	7	380	14.0	0.0	9.0	0.0	1.0	1.0
4	7	340	13.0	0.0	9.0	0.0	1.0	1.0
4	7	300	12.0	0.0	9.0	0.0	1.0	1.0
4	7	260	10.6	0.516	9.0	0.0	1.0	1.0
4	7	220	9.0	0.0	9.0	0.0	1.0	1.0
4	7	180	7.4	0.516	9.7	0.483	1.0	1.0
4	7	140	6.0	0.0	10.0	0.0	1.0	1.0
4	7	100	4.0	0.0	11.0	0.0	1.0	1.0
4	7	77	2.8	0.422	13.3	0.483	1.0	1.0
4	7	74	2.6	0.516	14.0	0.0	1.0	1.0
4	7	71	2.1	0.316	14.5	0.527	1.0	1.0
4	7	68	2.0	0.0	15.4	0.516	1.0	1.0
4	7	65	2.0	0.0	16.0	0.471	1.0	1.0
4	7	62	1.9	0.316	17.1	0.568	1.0	1.0
4	7	59	1.111	0.333	19.8	1.229	0.9	1.0
4	7	56	0.625	0.518	22.714	1.799	0.5	0.7
4	7	53	0.0	0.0	nan	nan	0.0	0.0
4	7	50	0.0	0.0	nan	nan	0.0	0.0
4	7	47	0.0	0.0	nan	nan	0.0	0.0
4	7	44	0.0	0.0	nan	nan	0.0	0.0
5	7	420	17.9	0.316	9.0	0.0	1.0	1.0
5	7	380	16.7	0.483	9.0	0.0	1.0	1.0
5	7	340	15.2	0.422	9.0	0.0	1.0	1.0
5	7	300	14.0	0.0	9.0	0.0	1.0	1.0
5	7	260	12.5	0.527	9.0	0.0	1.0	1.0
5	7	220	10.7	0.483	9.0	0.0	1.0	1.0
5	7	180	8.7	0.483	9.0	0.0	1.0	1.0
5	7	140	6.0	0.471	10.0	0.0	1.0	1.0
5	7	100	4.0	0.0	11.0	0.0	1.0	1.0
5	7	77	2.7	0.483	13.0	0.471	1.0	1.0
5	7	74	2.6	0.516	13.8	0.422	1.0	1.0
5	7	71	2.1	0.316	14.6	0.699	1.0	1.0
5	7	68	2.0	0.0	15.2	0.422	1.0	1.0
5	7	65	2.0	0.0	16.0	0.667	1.0	1.0
5	7	62	1.8	0.422	17.1	0.738	1.0	1.0
5	7	59	1.0	0.577	20.0	1.871	0.6	0.9
5	7	56	0.0	0.0	26.0	0.0	0.0	0.1
5	7	53	0.0	0.0	nan	nan	0.0	0.0
5	7	50	0.0	0.0	nan	nan	0.0	0.0
5	7	47	0.0	0.0	nan	nan	0.0	0.0
5	7	44	0.0	0.0	nan	nan	0.0	0.0
6	7	420	16.0	0.0	9.6	0.516	1.0	1.0
6	7	380	15.0	0.0	9.3	0.483	1.0	1.0
6	7	340	14.0	0.0	9.6	0.516	1.0	1.0
6	7	300	13.0	0.0	9.6	0.516	1.0	1.0
6	7	260	11.7	0.483	10.0	0.0	1.0	1.0
6	7	220	10.0	0.0	10.0	0.0	1.0	1.0
6	7	180	8.1	0.316	10.0	0.0	1.0	1.0
6	7	140	6.2	0.422	10.4	0.516	1.0	1.0
6	7	100	4.0	0.0	12.1	0.316	1.0	1.0
6	7	77	3.0	0.0	14.8	0.422	1.0	1.0
6	7	74	3.0	0.0	15.4	0.516	1.0	1.0
6	7	71	2.9	0.316	16.1	0.568	1.0	1.0
6	7	68	2.5	0.527	17.1	0.568	1.0	1.0
6	7	65	1.5	0.707	18.7	1.16	1.0	1.0
6	7	62	1.0	0.0	21.4	1.713	1.0	1.0
6	7	59	0.9	0.316	24.111	0.928	0.9	0.9
6	7	56	0.1	0.316	28.0	0.0	0.1	0.1
6	7	53	0.0	0.0	nan	nan	0.0	0.0
6	7	50	0.0	0.0	nan	nan	0.0	0.0
6	7	47	0.0	0.0	nan	nan	0.0	0.0
6	7	44	0.0	0.0	nan	nan	0.0	0.0
7	7	420	15.1	0.316	9.0	0.0	1.0	1.0
7	7	380	14.1	0.316	9.0	0.0	1.0	1.0
7	7	340	13.3	0.483	9.0	0.0	1.0	1.0
7	7	300	12.0	0.0	9.0	0.0	1.0	1.0
7	7	260	10.9	0.316	9.0	0.0	1.0	1.0
7	7	220	9.4	0.516	9.0	0.0	1.0	1.0
7	7	180	7.9	0.316	9.1	0.316	1.0	1.0
7	7	140	6.0	0.0	10.0	0.0	1.0	1.0
7	7	100	4.0	0.0	11.1	0.316	1.0	1.0
7	7	77	3.0	0.0	13.4	0.516	1.0	1.0
7	7	74	2.3	0.483	14.3	0.483	1.0	1.0
7	7	71	2.0	0.0	15.2	0.422	1.0	1.0
7	7	68	2.0	0.0	15.6	0.516	1.0	1.0
7	7	65	2.0	0.0	16.8	0.919	1.0	1.0
7	7	62	1.222	0.441	19.0	1.054	0.9	1.0
7	7	59	1.111	0.333	21.1	1.663	0.9	1.0
7	7	56	0.111	0.333	24.0	1.414	0.1	0.2
7	7	53	0.0	0.0	nan	nan	0.0	0.0
7	7	50	0.0	0.0	nan	nan	0.0	0.0
7	7	47	0.0	0.0	nan	nan	0.0	0.0
7	7	44	0.0	0.0	nan	nan	0.0	0.0
8	7	420	16.0	0.0	9.0	0.0	1.0	1.0
8	7	380	15.0	0.0	9.0	0.0	1.0	1.0
8	7	340	14.2	0.422	9.0	0.0	1.0	1.0
8	7	300	13.1	0.316	9.0	0.0	1.0	1.0
8	7	260	11.8	0.422	9.0	0.0	1.0	1.0
8	7	220	10.0	0.471	9.0	0.0	1.0	1.0
8	7	180	8.1	0.316	9.0	0.0	1.0	1.0
8	7	140	6.2	0.422	9.9	0.316	1.0	1.0
8	7	100	4.1	0.316	11.0	0.0	1.0	1.0
8	7	77	3.0	0.0	13.0	0.471	1.0	1.0
8	7	74	3.0	0.0	13.8	0.632	1.0	1.0
8	7	71	2.9	0.316	14.3	0.483	1.0	1.0
8	7	68	2.3	0.483	15.2	0.422	1.0	1.0
8	7	65	2.0	0.0	16.2	0.632	1.0	1.0
8	7	62	1.9	0.316	17.1	1.197	1.0	1.0
8	7	59	1.0	0.0	21.9	1.663	0.9	1.0
8	7	56	0.8	0.632	22.286	2.563	0.7	0.7
8	7	53	0.1	0.316	25.0	0.0	0.1	0.1
8	7	50	0.0	0.0	nan	nan	0.0	0.0
8	7	47	0.0	0.0	nan	nan	0.0	0.0
8	7	44	0.0	0.0	nan	nan	0.0	0.0
9	7	420	17.0	0.0	9.0	0.0	1.0	1.0
9	7	380	16.6	0.516	9.0	0.0	1.0	1.0
9	7	340	15.3	0.483	9.0	0.0	1.0	1.0
9	7	300	14.0	0.0	9.0	0.0	1.0	1.0
9	7	260	12.6	0.516	9.0	0.0	1.0	1.0
9	7	220	11.0	0.0	9.0	0.0	1.0	1.0
9	7	180	8.9	0.316	9.0	0.0	1.0	1.0
9	7	140	6.6	0.516	9.9	0.316	1.0	1.0
9	7	100	4.1	0.316	11.0	0.0	1.0	1.0
9	7	77	3.0	0.0	13.0	0.471	1.0	1.0
9	7	74	2.8	0.422	13.9	0.568	1.0	1.0
9	7	71	2.4	0.516	14.8	0.422	1.0	1.0
9	7	68	2.2	0.422	15.5	0.707	1.0	1.0
9	7	65	2.1	0.316	16.6	0.516	1.0	1.0
9	7	62	1.9	0.316	17.4	0.699	1.0	1.0
9	7	59	1.0	0.0	21.5	1.179	1.0	1.0
9	7	56	0.7	0.483	24.143	1.864	0.7	0.7
9	7	53	0.0	0.0	nan	nan	0.0	0.0
9	7	50	0.0	0.0	nan	nan	0.0	0.0
9	7	47	0.0	0.0	nan	nan	0.0	0.0
9	7	44	0.0	0.0	nan	nan	0.0	0.0
10	7	420	13.0	0.0	9.0	0.0	1.0	1.0
10	7	380	12.1	0.316	9.0	0.0	1.0	1.0
10	7	340	11.7	0.483	9.0	0.0	1.0	1.0
10	7	300	11.0	0.0	9.0	0.0	1.0	1.0
10	7	260	9.2	0.422	9.0	0.0	1.0	1.0
10	7	220	8.0	0.0	9.0	0.0	1.0	1.0
10	7	180	6.7	0.483	9.3	0.483	1.0	1.0
10	7	140	5.0	0.0	10.0	0.0	1.0	1.0
10	7	100	3.0	0.0	11.3	0.483	1.0	1.0
10	7	77	2.0	0.0	13.3	0.483	1.0	1.0
10	7	74	2.0	0.0	13.9	0.316	1.0	1.0
10	7	71	2.0	0.0	14.5	0.527	1.0	1.0
10	7	68	2.0	0.0	15.5	0.527	1.0	1.0
10	7	65	1.9	0.316	16.3	0.823	1.0	1.0
10	7	62	1.625	0.518	17.7	1.059	0.8	1.0
10	7	59	0.4	0.894	20.167	2.137	0.1	0.6
10	7	56	0.0	0.0	nan	nan	0.0	0.0
10	7	53	0.0	0.0	nan	nan	0.0	0.0
10	7	50	0.0	0.0	nan	nan	0.0	0.0
10	7	47	0.0	0.0	nan	nan	0.0	0.0
10	7	44	0.0	0.0	nan	nan	0.0	0.0
11	7	420	12.0	0.0	9.0	0.0	1.0	1.0
11	7	380	11.9	0.316	9.0	0.0	1.0	1.0
11	7	340	11.0	0.0	9.0	0.0	1.0	1.0
11	7	300	10.0	0.0	9.0	0.0	1.0	1.0
11	7	260	9.0	0.0	9.0	0.0	1.0	1.0
11	7	220	8.0	0.0	9.0	0.0	1.0	1.0
11	7	180	6.3	0.483	9.1	0.316	1.0	1.0
11	7	140	4.9	0.316	10.0	0.0	1.0	1.0
11	7	100	3.0	0.0	11.1	0.316	1.0	1.0
11	7	77	2.0	0.0	13.6	0.516	1.0	1.0
11	7	74	2.1	0.316	14.0	0.471	1.0	1.0
11	7	71	2.0	0.0	15.1	0.316	1.0	1.0
11	7	68	2.0	0.0	16.0	0.667	1.0	1.0
11	7	65	1.9	0.316	16.9	0.876	1.0	1.0
11	7	62	1.444	0.527	18.8	1.476	0.9	1.0
11	7	59	0.5	0.548	24.286	0.756	0.3	0.7
11	7	56	0.0	0.0	nan	nan	0.0	0.0
11	7	53	0.0	0.0	nan	nan	0.0	0.0
11	7	50	0.0	0.0	nan	nan	0.0	0.0
11	7	47	0.0	0.0	nan	nan	0.0	0.0
11	7	44	0.0	0.0	nan	nan	0.0	0.0
12	7	420	16.0	0.0	9.0	0.0	1.0	1.0
12	7	380	15.0	0.0	9.0	0.0	1.0	1.0
12	7	340	14.0	0.0	9.0	0.0	1.0	1.0
12	7	300	13.0	0.0	9.0	0.0	1.0	1.0
12	7	260	11.9	0.316	9.0	0.0	1.0	1.0
12	7	220	10.0	0.0	9.7	0.483	1.0	1.0
12	7	180	8.0	0.0	9.9	0.316	1.0	1.0
12	7	140	6.1	0.316	10.1	0.316	1.0	1.0
12	7	100	4.0	0.0	12.0	0.0	1.0	1.0
12	7	77	3.0	0.0	14.5	0.527	1.0	1.0
12	7	74	3.0	0.0	14.8	0.789	1.0	1.0
12	7	71	3.0	0.0	16.0	0.471	1.0	1.0
12	7	68	2.3	0.483	17.1	0.568	1.0	1.0
12	7	65	1.4	0.699	19.0	1.155	1.0	1.0
12	7	62	1.0	0.0	20.9	0.876	1.0	1.0
12	7	59	1.0	0.0	24.8	1.619	1.0	1.0
12	7	56	0.0	0.0	nan	nan	0.0	0.0
12	7	53	0.0	0.0	nan	nan	0.0	0.0
12	7	50	0.0	0.0	nan	nan	0.0	0.0
12	7	47	0.0	0.0	nan	nan	0.0	0.0
12	7	44	0.0	0.0	nan	nan	0.0	0.0
13	7	420	16.5	0.527	8.0	0.0	1.0	1.0
13	7	380	15.7	0.483	8.2	0.422	1.0	1.0
13	7	340	14.2	0.422	8.3	0.483	1.0	1.0
13	7	300	12.9	0.316	8.3	0.483	1.0	1.0
13	7	260	11.6	0.516	9.0	0.0	1.0	1.0
13	7	220	10.0	0.0	9.0	0.0	1.0	1.0
13	7	180	8.0	0.0	9.0	0.0	1.0	1.0
13	7	140	6.0	0.0	9.5	0.527	1.0	1.0
13	7	100	3.8	0.422	10.9	0.316	1.0	1.0
13	7	77	2.2	0.422	13.2	0.422	1.0	1.0
13	7	74	2.3	0.483	13.5	0.527	1.0	1.0
13	7	71	2.0	0.0	14.3	0.483	1.0	1.0
13	7	68	2.0	0.0	15.1	0.316	1.0	1.0
13	7	65	1.9	0.316	15.7	0.675	1.0	1.0
13	7	62	1.7	0.483	17.0	1.054	1.0	1.0
13	7	59	1.429	0.535	19.5	1.716	0.7	1.0
13	7	56	0.0	0.0	20.0	0.0	0.0	0.1
13	7	53	0.0	0.0	nan	nan	0.0	0.0
13	7	50	0.0	0.0	nan	nan	0.0	0.0
13	7	47	0.0	0.0	nan	nan	0.0	0.0
13	7	44	0.0	0.0	nan	nan	0.0	0.0
14	7	420	14.9	0.316	9.5	0.527	1.0	1.0
14	7	380	14.0	0.0	9.4	0.516	1.0	1.0
14	7	340	13.0	0.0	9.3	0.483	1.0	1.0
14	7	300	12.0	0.0	9.4	0.516	1.0	1.0
14	7	260	11.0	0.0	9.9	0.316	1.0	1.0
14	7	220	9.2	0.422	10.0	0.0	1.0	1.0
14	7	180	7.9	0.316	10.0	0.0	1.0	1.0
14	7	140	6.0	0.0	10.3	0.483	1.0	1.0
14	7	100	4.0	0.0	12.0	0.0	1.0	1.0
14	7	77	3.0	0.0	14.1	0.568	1.0	1.0
14	7	74	3.0	0.0	14.9	0.316	1.0	1.0
14	7	71	2.8	0.422	15.4	0.516	1.0	1.0
14	7	68	2.0	0.0	16.0	0.471	1.0	1.0
14	7	65	1.8	0.632	17.7	0.823	1.0	1.0
14	7	62	1.2	0.422	18.9	0.994	1.0	1.0
14	7	59	1.0	0.0	23.2	1.989	1.0	1.0
14	7	56	0.2	0.422	27.0	1.414	0.2	0.2
14	7	53	0.0	0.0	nan	nan	0.0	0.0
14	7	50	0.0	0.0	nan	nan	0.0	0.0
14	7	47	0.0	0.0	nan	nan	0.0	0.0
14	7	44	0.0	0.0	nan	nan	0.0	0.0
15	7	420	16.0	0.0	10.0	0.0	1.0	1.0
15	7	380	15.1	0.316	10.0	0.0	1.0	1.0
15	7	340	14.3	0.483	10.0	0.0	1.0	1.0
15	7	300	13.0	0.0	10.0	0.0	1.0	1.0
15	7	260	11.7	0.483	10.0	0.0	1.0	1.0
15	7	220	9.9	0.316	10.0	0.0	1.0	1.0
15	7	180	8.0	0.0	10.3	0.483	1.0	1.0
15	7	140	6.0	0.0	11.0	0.0	1.0	1.0
15	7	100	4.0	0.0	12.4	0.516	1.0	1.0
15	7	77	2.7	0.483	14.9	0.568	1.0	1.0
15	7	74	2.3	0.483	15.8	0.789	1.0	1.0
15	7	71	2.0	0.0	15.9	0.568	1.0	1.0
15	7	68	1.9	0.316	16.8	0.789	1.0	1.0
15	7	65	1.8	0.422	17.8	1.033	1.0	1.0
15	7	62	1.125	0.354	20.5	2.014	0.8	1.0
15	7	59	0.714	0.488	21.625	2.446	0.5	0.8
15	7	56	0.0	0.0	23.0	0.0	0.0	0.1
15	7	53	0.0	0.0	nan	nan	0.0	0.0
15	7	50	0.0	0.0	nan	nan	0.0	0.0
15	7	47	0.0	0.0	nan	nan	0.0	0.0
15	7	44	0.0	0.0	nan	nan	0.0	0.0
16	7	420	20.1	0.316	9.3	0.483	1.0	1.0
16	7	380	19.2	0.422	9.5	0.527	1.0	1.0
16	7	340	18.0	0.0	9.5	0.527	1.0	1.0
16	7	300	16.1	0.316	9.9	0.316	1.0	1.0
16	7	260	14.7	0.483	9.8	0.422	1.0	1.0
16	7	220	12.5	0.527	10.0	0.0	1.0	1.0
16	7	180	10.0	0.0	10.0	0.0	1.0	1.0
16	7	140	7.4	0.516	10.2	0.422	1.0	1.0
16	7	100	4.9	0.316	12.0	0.0	1.0	1.0
16	7	77	3.1	0.316	14.8	0.422	1.0	1.0
16	7	74	3.0	0.0	15.2	0.422	1.0	1.0
16	7	71	3.0	0.0	16.0	0.667	1.0	1.0
16	7	68	2.6	0.516	17.0	0.471	1.0	1.0
16	7	65	1.8	0.632	18.2	0.919	1.0	1.0
16	7	62	1.0	0.0	20.8	1.476	1.0	1.0
16	7	59	0.7	0.483	22.429	2.07	0.7	0.7
16	7	56	0.0	0.0	nan	nan	0.0	0.0
16	7	53	0.0	0.0	nan	nan	0.0	0.0
16	7	50	0.0	0.0	nan	nan	0.0	0.0
16	7	47	0.0	0.0	nan	nan	0.0	0.0
16	7	44	0.0	0.0	nan	nan	0.0	0.0
17	7	420	14.0	0.0	9.0	0.0	1.0	1.0
17	7	380	13.6	0.516	9.0	0.0	1.0	1.0
17	7	340	12.9	0.316	9.0	0.0	1.0	1.0
17	7	300	12.0	0.0	9.0	0.0	1.0	1.0
17	7	260	10.4	0.516	9.0	0.0	1.0	1.0
17	7	220	9.0	0.0	9.0	0.0	1.0	1.0
17	7	180	7.5	0.527	9.1	0.316	1.0	1.0
17	7	140	5.9	0.316	10.0	0.0	1.0	1.0
17	7	100	4.0	0.0	11.0	0.0	1.0	1.0
17	7	77	3.0	0.0	13.3	0.483	1.0	1.0
17	7	74	3.0	0.0	14.1	0.316	1.0	1.0
17	7	71	3.0	0.0	14.4	0.516	1.0	1.0
17	7	68	2.1	0.316	15.6	0.516	1.0	1.0
17	7	65	2.0	0.0	16.2	0.632	1.0	1.0
17	7	62	1.5	0.527	18.1	0.994	1.0	1.0
17	7	59	1.0	0.0	20.5	2.121	1.0	1.0
17	7	56	0.889	0.333	25.222	4.324	0.8	0.9
17	7	53	0.0	0.0	nan	nan	0.0	0.0
17	7	50	0.0	0.0	nan	nan	0.0	0.0
17	7	47	0.0	0.0	nan	nan	0.0	0.0
17	7	44	0.0	0.0	nan	nan	0.0	0.0
18	7	420	13.4	0.516	9.0	0.0	1.0	1.0
18	7	380	13.0	0.0	9.0	0.0	1.0	1.0
18	7	340	12.0	0.0	9.0	0.0	1.0	1.0
18	7	300	10.9	0.316	9.0	0.0	1.0	1.0
18	7	260	9.5	0.527	9.0	0.0	1.0	1.0
18	7	220	8.0	0.0	9.0	0.0	1.0	1.0
18	7	180	6.9	0.316	9.0	0.0	1.0	1.0
18	7	140	5.0	0.0	10.0	0.0	1.0	1.0
18	7	100	3.1	0.316	11.0	0.0	1.0	1.0
18	7	77	2.0	0.0	12.7	0.483	1.0	1.0
18	7	74	2.0	0.0	13.2	0.422	1.0	1.0
18	7	71	2.0	0.0	13.9	0.568	1.0	1.0
18	7	68	2.0	0.0	14.6	0.516	1.0	1.0
18	7	65	2.0	0.0	15.1	0.876	1.0	1.0
18	7	62	1.889	0.333	16.7	0.949	0.9	1.0
18	7	59	1.2	0.837	18.889	1.616	0.4	0.9
18	7	56	0.429	0.787	20.6	2.302	0.2	0.5
18	7	53	0.0	0.0	nan	nan	0.0	0.0
18	7	50	0.0	0.0	nan	nan	0.0	0.0
18	7	47	0.0	0.0	nan	nan	0.0	0.0
18	7	44	0.0	0.0	nan	nan	0.0	0.0
19	7	420	14.0	0.0	9.0	0.0	1.0	1.0
19	7	380	13.5	0.527	9.0	0.0	1.0	1.0
19	7	340	12.7	0.483	9.0	0.0	1.0	1.0
19	7	300	11.6	0.516	9.0	0.0	1.0	1.0
19	7	260	10.0	0.0	9.0	0.0	1.0	1.0
19	7	220	9.0	0.0	9.0	0.0	1.0	1.0
19	7	180	7.0	0.0	9.9	0.316	1.0	1.0
19	7	140	5.6	0.516	10.0	0.0	1.0	1.0
19	7	100	3.6	0.516	11.5	0.527	1.0	1.0
19	7	77	2.9	0.316	13.8	0.632	1.0	1.0
19	7	74	2.1	0.316	14.2	0.422	1.0	1.0
19	7	71	2.1	0.316	15.1	0.876	1.0	1.0
19	7	68	2.0	0.0	15.8	0.632	1.0	1.0
19	7	65	1.9	0.316	17.0	0.471	1.0	1.0
19	7	62	1.667	0.5	18.0	0.943	0.9	1.0
19	7	59	0.857	0.69	20.375	1.996	0.5	0.8
19	7	56	0.125	0.354	23.667	2.309	0.1	0.3
19	7	53	0.0	0.0	nan	nan	0.0	0.0
19	7	50	0.0	0.0	nan	nan	0.0	0.0
19	7	47	0.0	0.0	nan	nan	0.0	0.0
19	7	44	0.0	0.0	nan	nan	0.0	0.0
20	7	420	15.0	0.0	9.0	0.0	1.0	1.0
20	7	380	14.2	0.422	9.0	0.0	1.0	1.0
20	7	340	13.2	0.422	9.0	0.0	1.0	1.0
20	7	300	12.2	0.422	9.0	0.0	1.0	1.0
20	7	260	11.0	0.0	9.0	0.0	1.0	1.0
20	7	220	9.0	0.0	9.0	0.0	1.0	1.0
20	7	180	7.4	0.516	9.1	0.316	1.0	1.0
20	7	140	5.7	0.483	10.0	0.0	1.0	1.0
20	7	100	3.8	0.422	11.0	0.0	1.0	1.0
20	7	77	2.5	0.527	13.1	0.316	1.0	1.0
20	7	74	2.0	0.0	13.9	0.316	1.0	1.0
20	7	71	2.0	0.0	14.6	0.699	1.0	1.0
20	7	68	2.0	0.0	15.3	0.483	1.0	1.0
20	7	65	2.0	0.0	15.9	0.738	1.0	1.0
20	7	62	1.6	0.699	17.333	0.5	0.9	0.9
20	7	59	0.4	0.548	21.571	2.637	0.2	0.7
20	7	56	0.1	0.316	20.0	0.0	0.1	0.1
20	7	53	0.0	0.0	nan	nan	0.0	0.0
20	7	50	0.0	0.0	nan	nan	0.0	0.0
20	7	47	0.0	0.0	nan	nan	0.0	0.0
20	7	44	0.0	0.0	nan	nan	0.0	0.0
21	7	420	13.7	0.483	9.0	0.0	1.0	1.0
21	7	380	12.9	0.316	9.0	0.0	1.0	1.0
21	7	340	12.0	0.0	9.0	0.0	1.0	1.0
21	7	300	11.0	0.0	9.0	0.0	1.0	1.0
21	7	260	9.8	0.422	9.0	0.0	1.0	1.0
21	7	220	8.0	0.0	9.0	0.0	1.0	1.0
21	7	180	6.8	0.422	9.0	0.0	1.0	1.0
21	7	140	5.0	0.0	9.9	0.316	1.0	1.0
21	7	100	3.1	0.316	11.0	0.0	1.0	1.0
21	7	77	2.0	0.0	13.0	0.0	1.0	1.0
21	7	74	2.0	0.0	13.2	0.422	1.0	1.0
21	7	71	2.0	0.0	13.9	0.316	1.0	1.0
21	7	68	2.0	0.0	14.8	0.789	1.0	1.0
21	7	65	2.0	0.0	15.7	0.949	1.0	1.0
21	7	62	1.778	0.441	16.5	0.707	0.9	1.0
21	7	59	1.333	0.577	19.0	1.7	0.3	1.0
21	7	56	0.1	0.316	18.0	0.0	0.1	0.1
21	7	53	0.0	0.0	nan	nan	0.0	0.0
21	7	50	0.0	0.0	nan	nan	0.0	0.0
21	7	47	0.0	0.0	nan	nan	0.0	0.0
21	7	44	0.0	0.0	nan	nan	0.0	0.0
22	7	420	18.4	0.516	9.0	0.0	1.0	1.0
22	7	380	17.2	0.422	9.0	0.0	1.0	1.0
22	7	340	16.2	0.422	9.0	0.0	1.0	1.0
22	7	300	14.9	0.316	9.0	0.0	1.0	1.0
22	7	260	13.1	0.316	9.0	0.0	1.0	1.0
22	7	220	11.1	0.316	9.0	0.0	1.0	1.0
22	7	180	9.1	0.316	9.1	0.316	1.0	1.0
22	7	140	7.0	0.0	10.0	0.0	1.0	1.0
22	7	100	4.9	0.316	11.4	0.516	1.0	1.0
22	7	77	3.0	0.0	14.0	0.0	1.0	1.0
22	7	74	3.0	0.0	14.5	0.527	1.0	1.0
22	7	71	3.0	0.0	15.6	0.516	1.0	1.0
22	7	68	2.9	0.316	16.4	0.699	1.0	1.0
22	7	65	2.5	0.707	17.0	0.471	1.0	1.0
22	7	62	1.2	0.422	18.8	1.317	1.0	1.0
22	7	59	1.0	0.0	23.3	1.767	1.0	1.0
22	7	56	0.889	0.333	27.333	3.279	0.8	0.9
22	7	53	0.0	0.0	nan	nan	0.0	0.0
22	7	50	0.0	0.0	nan	nan	0.0	0.0
22	7	47	0.0	0.0	nan	nan	0.0	0.0
22	7	44	0.0	0.0	nan	nan	0.0	0.0
23	7	420	18.0	0.0	9.5	0.527	1.0	1.0
23	7	380	17.0	0.0	9.7	0.483	1.0	1.0
23	7	340	16.0	0.0	9.7	0.483	1.0	1.0
23	7	300	14.6	0.516	9.8	0.422	1.0	1.0
23	7	260	13.0	0.0	10.0	0.0	1.0	1.0
23	7	220	11.0	0.0	10.0	0.0	1.0	1.0
23	7	180	9.1	0.316	10.0	0.0	1.0	1.0
23	7	140	7.0	0.0	10.9	0.316	1.0	1.0
23	7	100	4.6	0.516	12.2	0.422	1.0	1.0
23	7	77	3.0	0.0	15.0	0.0	1.0	1.0
23	7	74	3.0	0.0	15.4	0.516	1.0	1.0
23	7	71	3.0	0.0	16.4	0.699	1.0	1.0
23	7	68	3.0	0.0	16.9	0.738	1.0	1.0
23	7	65	2.0	0.943	18.2	0.789	1.0	1.0
23	7	62	1.0	0.0	21.4	1.506	1.0	1.0
23	7	59	1.0	0.0	23.4	1.174	1.0	1.0
23	7	56	0.8	0.422	27.625	3.114	0.8	0.8
23	7	53	0.0	0.0	nan	nan	0.0	0.0
23	7	50	0.0	0.0	nan	nan	0.0	0.0
23	7	47	0.0	0.0	nan	nan	0.0	0.0
23	7	44	0.0	0.0	nan	nan	0.0	0.0
24	7	420	17.0	0.0	9.5	0.527	1.0	1.0
24	7	380	16.2	0.422	9.8	0.422	1.0	1.0
24	7	340	15.1	0.316	9.7	0.483	1.0	1.0
24	7	300	14.0	0.0	9.8	0.422	1.0	1.0
24	7	260	12.6	0.516	10.0	0.0	1.0	1.0
24	7	220	11.0	0.0	10.0	0.0	1.0	1.0
24	7	180	9.0	0.0	10.0	0.0	1.0	1.0
24	7	140	6.9	0.316	10.7	0.483	1.0	1.0
24	7	100	4.6	0.516	12.0	0.0	1.0	1.0
24	7	77	3.0	0.0	14.5	0.527	1.0	1.0
24	7	74	3.0	0.0	15.0	0.471	1.0	1.0
24	7	71	3.0	0.0	15.8	0.422	1.0	1.0
24	7	68	2.7	0.483	16.8	0.632	1.0	1.0
24	7	65	1.9	0.876	17.9	1.101	1.0	1.0
24	7	62	1.3	0.483	19.2	1.033	1.0	1.0
24	7	59	1.0	0.0	22.0	0.943	1.0	1.0
24	7	56	0.7	0.483	26.571	1.988	0.7	0.7
24	7	53	0.0	0.0	nan	nan	0.0	0.0
24	7	50	0.0	0.0	nan	nan	0.0	0.0
24	7	47	0.0	0.0	nan	nan	0.0	0.0
24	7	44	0.0	0.0	nan	nan	0.0	0.0
25	7	420	14.9	0.316	9.0	0.0	1.0	1.0
25	7	380	14.0	0.0	9.0	0.0	1.0	1.0
25	7	340	13.0	0.0	9.0	0.0	1.0	1.0
25	7	300	12.0	0.0	9.0	0.0	1.0	1.0
25	7	260	11.0	0.0	9.0	0.0	1.0	1.0
25	7	220	9.1	0.316	9.2	0.422	1.0	1.0
25	7	180	7.9	0.316	10.0	0.0	1.0	1.0
25	7	140	5.9	0.316	10.1	0.316	1.0	1.0
25	7	100	4.0	0.0	11.4	0.516	1.0	1.0
25	7	77	3.0	0.0	14.0	0.0	1.0	1.0
25	7	74	3.0	0.0	14.5	0.527	1.0	1.0
25	7	71	2.1	0.316	15.2	0.422	1.0	1.0
25	7	68	2.1	0.316	16.2	0.632	1.0	1.0
25	7	65	1.9	0.316	17.1	1.287	1.0	1.0
25	7	62	1.2	0.422	18.9	1.37	1.0	1.0
25	7	59	1.0	0.0	20.9	1.287	1.0	1.0
25	7	56	0.5	0.527	24.0	1.871	0.5	0.5
25	7	53	0.0	0.0	nan	nan	0.0	0.0
25	7	50	0.0	0.0	nan	nan	0.0	0.0
25	7	47	0.0	0.0	nan	nan	0.0	0.0
25	7	44	0.0	0.0	nan	nan	0.0	0.0
26	7	420	18.0	0.0	9.0	0.0	1.0	1.0
26	7	380	17.5	0.527	9.0	0.0	1.0	1.0
26	7	340	16.0	0.0	9.0	0.0	1.0	1.0
26	7	300	15.0	0.0	9.0	0.0	1.0	1.0
26	7	260	13.2	0.422	9.0	0.0	1.0	1.0
26	7	220	11.1	0.316	9.2	0.422	1.0	1.0
26	7	180	9.0	0.0	10.0	0.0	1.0	1.0
26	7	140	7.0	0.0	10.0	0.0	1.0	1.0
26	7	100	5.0	0.0	11.6	0.516	1.0	1.0
26	7	77	3.0	0.0	14.1	0.316	1.0	1.0
26	7	74	3.0	0.0	15.0	0.0	1.0	1.0
26	7	71	3.0	0.0	15.7	0.675	1.0	1.0
26	7	68	3.0	0.0	16.7	0.823	1.0	1.0
26	7	65	2.2	0.632	17.9	0.876	1.0	1.0
26	7	62	1.0	0.0	20.6	1.174	1.0	1.0
26	7	59	1.0	0.0	24.0	1.633	1.0	1.0
26	7	56	0.444	0.527	31.0	4.416	0.4	0.5
26	7	53	0.0	0.0	nan	nan	0.0	0.0
26	7	50	0.0	0.0	nan	nan	0.0	0.0
26	7	47	0.0	0.0	nan	nan	0.0	0.0
26	7	44	0.0	0.0	nan	nan	0.0	0.0
27	7	420	14.0	0.0	9.0	0.0	1.0	1.0
27	7	380	13.0	0.0	9.1	0.316	1.0	1.0
27	7	340	12.0	0.0	9.0	0.0	1.0	1.0
27	7	300	11.2	0.422	9.0	0.0	1.0	1.0
27	7	260	10.0	0.0	9.5	0.527	1.0	1.0
27	7	220	9.0	0.0	10.0	0.0	1.0	1.0
27	7	180	7.0	0.0	10.0	0.0	1.0	1.0
27	7	140	5.7	0.483	10.0	0.0	1.0	1.0
27	7	100	4.0	0.0	12.0	0.0	1.0	1.0
27	7	77	3.0	0.0	14.0	0.0	1.0	1.0
27	7	74	2.6	0.516	14.9	0.568	1.0	1.0
27	7	71	2.4	0.516	15.4	0.516	1.0	1.0
27	7	68	2.0	0.0	16.3	0.483	1.0	1.0
27	7	65	1.7	0.483	17.7	0.949	1.0	1.0
27	7	62	1.3	0.483	18.9	1.287	1.0	1.0
27	7	59	1.0	0.0	22.5	1.958	1.0	1.0
27	7	56	0.778	0.441	27.125	2.532	0.7	0.8
27	7	53	0.0	0.0	nan	nan	0.0	0.0
27	7	50	0.0	0.0	nan	nan	0.0	0.0
27	7	47	0.0	0.0	nan	nan	0.0	0.0
27	7	44	0.0	0.0	nan	nan	0.0	0.0
28	7	420	15.2	0.422	9.0	0.0	1.0	1.0
28	7	380	14.8	0.422	9.0	0.0	1.0	1.0
28	7	340	14.0	0.0	9.0	0.0	1.0	1.0
28	7	300	12.8	0.422	9.0	0.0	1.0	1.0
28	7	260	11.2	0.422	9.1	0.316	1.0	1.0
28	7	220	10.0	0.0	9.9	0.316	1.0	1.0
28	7	180	8.0	0.0	10.0	0.0	1.0	1.0
28	7	140	6.0	0.0	10.3	0.483	1.0	1.0
28	7	100	4.0	0.0	12.0	0.0	1.0	1.0
28	7	77	3.0	0.0	14.8	0.422	1.0	1.0
28	7	74	3.0	0.0	15.2	0.632	1.0	1.0
28	7	71	2.7	0.483	16.0	0.471	1.0	1.0
28	7	68	2.1	0.316	17.4	0.516	1.0	1.0
28	7	65	1.4	0.516	18.6	0.699	1.0	1.0
28	7	62	1.1	0.316	20.9	2.132	1.0	1.0
28	7	59	1.0	0.0	23.1	1.524	1.0	1.0
28	7	56	0.3	0.483	26.333	0.577	0.3	0.3
28	7	53	0.0	0.0	nan	nan	0.0	0.0
28	7	50	0.0	0.0	nan	nan	0.0	0.0
28	7	47	0.0	0.0	nan	nan	0.0	0.0
28	7	44	0.0	0.0	nan	nan	0.0	0.0
29	7	420	14.5	0.527	9.0	0.0	1.0	1.0
29	7	380	13.9	0.316	9.0	0.0	1.0	1.0
29	7	340	12.9	0.316	9.0	0.0	1.0	1.0
29	7	300	11.6	0.516	9.0	0.0	1.0	1.0
29	7	260	10.0	0.0	9.0	0.0	1.0	1.0
29	7	220	8.9	0.316	9.0	0.0	1.0	1.0
29	7	180	7.0	0.0	9.0	0.0	1.0	1.0
29	7	140	5.1	0.316	10.0	0.0	1.0	1.0
29	7	100	3.2	0.422	11.0	0.0	1.0	1.0
29	7	77	2.1	0.316	13.1	0.316	1.0	1.0
29	7	74	2.0	0.0	13.9	0.568	1.0	1.0
29	7	71	2.0	0.0	14.5	0.707	1.0	1.0
29	7	68	2.0	0.0	15.4	0.516	1.0	1.0
29	7	65	1.8	0.422	16.1	0.994	1.0	1.0
29	7	62	1.833	0.408	18.1	0.994	0.6	1.0
29	7	59	0.333	0.516	20.667	1.862	0.2	0.6
29	7	56	0.0	0.0	nan	nan	0.0	0.0
29	7	53	0.0	0.0	nan	nan	0.0	0.0
29	7	50	0.0	0.0	nan	nan	0.0	0.0
29	7	47	0.0	0.0	nan	nan	0.0	0.0
29	7	44	0.0	0.0	nan	nan	0.0	0.0
30	7	420	17.8	0.422	9.0	0.0	1.0	1.0
30	7	380	16.7	0.483	9.0	0.0	1.0	1.0
30	7	340	15.8	0.422	9.0	0.0	1.0	1.0
30	7	300	14.3	0.483	9.0	0.0	1.0	1.0
30	7	260	12.9	0.316	9.5	0.527	1.0	1.0
30	7	220	11.0	0.0	10.0	0.0	1.0	1.0
30	7	180	9.0	0.0	10.0	0.0	1.0	1.0
30	7	140	6.8	0.422	10.2	0.422	1.0	1.0
30	7	100	4.0	0.0	12.0	0.0	1.0	1.0
30	7	77	3.0	0.0	14.1	0.568	1.0	1.0
30	7	74	3.0	0.0	14.8	0.422	1.0	1.0
30	7	71	2.2	0.422	15.8	0.789	1.0	1.0
30	7	68	2.3	0.483	16.3	0.823	1.0	1.0
30	7	65	2.1	0.316	17.1	0.876	1.0	1.0
30	7	62	1.4	0.516	18.7	1.059	1.0	1.0
30	7	59	1.1	0.316	21.3	2.003	1.0	1.0
30	7	56	0.333	0.5	23.75	2.363	0.3	0.4
30	7	53	0.0	0.0	nan	nan	0.0	0.0
30	7	50	0.0	0.0	nan	nan	0.0	0.0
30	7	47	0.0	0.0	nan	nan	0.0	0.0
30	7	44	0.0	0.0	nan	nan	0.0	0.0
31	7	420	12.9	0.316	9.0	0.0	1.0	1.0
31	7	380	12.0	0.0	9.0	0.0	1.0	1.0
31	7	340	11.2	0.422	9.0	0.0	1.0	1.0
31	7	300	10.6	0.516	9.0	0.0	1.0	1.0
31	7	260	9.5	0.527	9.0	0.0	1.0	1.0
31	7	220	8.0	0.0	9.0	0.0	1.0	1.0
31	7	180	6.8	0.422	9.0	0.0	1.0	1.0
31	7	140	5.0	0.0	10.0	0.0	1.0	1.0
31	7	100	3.7	0.483	11.0	0.0	1.0	1.0
31	7	77	2.2	0.422	13.1	0.568	1.0	1.0
31	7	74	2.0	0.0	13.9	0.316	1.0	1.0
31	7	71	2.0	0.0	14.4	0.699	1.0	1.0
31	7	68	2.0	0.0	15.4	0.843	1.0	1.0
31	7	65	2.0	0.0	16.6	0.699	1.0	1.0
31	7	62	1.3	0.483	18.9	2.025	1.0	1.0
31	7	59	1.1	0.316	21.3	2.263	1.0	1.0
31	7	56	0.143	0.378	23.75	1.708	0.1	0.4
31	7	53	0.0	0.0	nan	nan	0.0	0.0
31	7	50	0.0	0.0	nan	nan	0.0	0.0
31	7	47	0.0	0.0	nan	nan	0.0	0.0
31	7	44	0.0	0.0	nan	nan	0.0	0.0
