row	col	voltage	tot_avg	tot_std	toa_avg	toa_std	efficiency_tot	efficiency_toa
0	0	100	5.0	0.0	11.387	0.495	1.0	1.0
0	0	97	5.0	0.0	11.645	0.486	1.0	1.0
0	0	94	4.903	0.301	11.806	0.543	1.0	1.0
0	0	91	4.968	0.18	11.968	0.18	1.0	1.0
0	0	88	4.645	0.486	12.161	0.374	1.0	1.0
0	0	85	4.226	0.425	12.419	0.502	1.0	1.0
0	0	82	4.032	0.18	12.774	0.425	1.0	1.0
0	0	79	4.0	0.0	12.935	0.512	1.0	1.0
0	0	76	4.0	0.0	13.419	0.502	1.0	1.0
0	0	73	4.0	0.0	14.0	0.516	1.0	1.0
0	0	70	3.871	0.341	14.419	0.886	1.0	1.0
0	0	67	3.419	0.502	14.71	0.643	1.0	1.0
0	0	64	3.129	0.341	15.613	0.761	1.0	1.0
0	0	61	3.0	0.0	16.323	0.748	1.0	1.0
0	0	58	2.935	0.25	17.29	0.783	1.0	1.0
0	0	55	2.29	0.529	19.323	1.887	1.0	1.0
0	0	52	1.967	0.414	22.516	3.275	0.968	1.0
0	0	49	1.4	0.621	26.828	4.986	0.903	0.935
0	0	46	0.276	0.528	31.556	5.102	0.226	0.29
0	0	43	0.032	0.18	31.0	0.0	0.032	0.032
0	0	40	0.0	0.0	nan	nan	0.0	0.0
0	0	37	0.0	0.0	nan	nan	0.0	0.0
0	0	34	0.0	0.0	nan	nan	0.0	0.0
0	0	31	0.0	0.0	nan	nan	0.0	0.0
0	0	28	0.0	0.0	nan	nan	0.0	0.0
1	0	100	3.677	0.475	12.968	0.18	1.0	1.0
1	0	97	3.387	0.495	13.129	0.428	1.0	1.0
1	0	94	3.032	0.18	13.355	0.486	1.0	1.0
1	0	91	3.032	0.18	13.839	0.454	1.0	1.0
1	0	88	3.0	0.0	14.226	0.717	1.0	1.0
1	0	85	3.0	0.0	14.484	0.508	1.0	1.0
1	0	82	2.903	0.301	14.935	0.574	1.0	1.0
1	0	79	2.71	0.461	15.387	0.882	1.0	1.0
1	0	76	2.226	0.425	15.871	0.718	1.0	1.0
1	0	73	2.258	0.445	16.645	0.877	1.0	1.0
1	0	70	1.774	0.497	17.871	1.088	1.0	1.0
1	0	67	1.387	0.495	18.677	1.447	1.0	1.0
1	0	64	1.0	0.0	21.677	2.386	0.968	1.0
1	0	61	0.69	0.471	23.318	2.079	0.645	0.71
1	0	58	0.207	0.412	24.75	1.389	0.194	0.258
1	0	55	0.0	0.0	nan	nan	0.0	0.0
1	0	52	0.0	0.0	nan	nan	0.0	0.0
1	0	49	0.0	0.0	nan	nan	0.0	0.0
1	0	46	0.0	0.0	nan	nan	0.0	0.0
1	0	43	0.0	0.0	nan	nan	0.0	0.0
1	0	40	0.0	0.0	nan	nan	0.0	0.0
1	0	37	0.0	0.0	nan	nan	0.0	0.0
1	0	34	0.0	0.0	nan	nan	0.0	0.0
1	0	31	0.0	0.0	nan	nan	0.0	0.0
1	0	28	0.0	0.0	nan	nan	0.0	0.0
2	0	100	5.065	0.25	11.129	0.428	1.0	1.0
2	0	97	5.032	0.18	11.387	0.495	1.0	1.0
2	0	94	5.0	0.0	11.839	0.454	1.0	1.0
2	0	91	4.968	0.18	11.935	0.25	1.0	1.0
2	0	88	4.968	0.18	12.032	0.547	1.0	1.0
2	0	85	4.484	0.508	12.226	0.425	1.0	1.0
2	0	82	4.129	0.341	12.548	0.568	1.0	1.0
2	0	79	4.0	0.0	13.065	0.359	1.0	1.0
2	0	76	4.0	0.0	13.194	0.543	1.0	1.0
2	0	73	4.0	0.0	13.677	0.475	1.0	1.0
2	0	70	3.968	0.18	14.065	0.68	1.0	1.0
2	0	67	3.71	0.461	14.419	0.765	1.0	1.0
2	0	64	3.387	0.495	15.0	0.683	1.0	1.0
2	0	61	3.097	0.301	16.097	0.597	1.0	1.0
2	0	58	2.903	0.301	17.065	0.964	1.0	1.0
2	0	55	2.548	0.506	18.484	1.805	1.0	1.0
2	0	52	2.065	0.359	21.452	2.791	1.0	1.0
2	0	49	1.759	0.511	25.5	4.776	0.903	0.968
2	0	46	0.517	0.871	29.7	6.567	0.258	0.323
2	0	43	0.032	0.18	25.0	0.0	0.032	0.032
2	0	40	0.0	0.0	nan	nan	0.0	0.0
2	0	37	0.0	0.0	nan	nan	0.0	0.0
2	0	34	0.0	0.0	nan	nan	0.0	0.0
2	0	31	0.0	0.0	nan	nan	0.0	0.0
2	0	28	0.0	0.0	nan	nan	0.0	0.0
3	0	100	4.0	0.0	12.548	0.506	1.0	1.0
3	0	97	4.0	0.0	12.645	0.486	1.0	1.0
3	0	94	3.903	0.301	13.097	0.396	1.0	1.0
3	0	91	3.806	0.402	13.097	0.301	1.0	1.0
3	0	88	3.258	0.445	13.194	0.402	1.0	1.0
3	0	85	3.097	0.301	13.613	0.495	1.0	1.0
3	0	82	3.0	0.0	14.065	0.359	1.0	1.0
3	0	79	3.0	0.0	14.387	0.495	1.0	1.0
3	0	76	2.968	0.18	14.903	0.473	1.0	1.0
3	0	73	2.839	0.374	15.581	0.765	1.0	1.0
3	0	70	2.613	0.495	16.161	0.688	1.0	1.0
3	0	67	2.194	0.402	16.968	0.706	1.0	1.0
3	0	64	1.581	0.502	18.323	1.681	1.0	1.0
3	0	61	1.233	0.43	19.935	2.065	0.968	1.0
3	0	58	1.0	0.0	22.29	2.425	0.968	1.0
3	0	55	0.517	0.509	24.882	2.088	0.484	0.548
3	0	52	0.0	0.0	nan	nan	0.0	0.0
3	0	49	0.0	0.0	nan	nan	0.0	0.0
3	0	46	0.0	0.0	nan	nan	0.0	0.0
3	0	43	0.0	0.0	nan	nan	0.0	0.0
3	0	40	0.0	0.0	nan	nan	0.0	0.0
3	0	37	0.0	0.0	nan	nan	0.0	0.0
3	0	34	0.0	0.0	nan	nan	0.0	0.0
3	0	31	0.0	0.0	nan	nan	0.0	0.0
3	0	28	0.0	0.0	nan	nan	0.0	0.0
4	0	100	4.0	0.0	12.032	0.18	1.0	1.0
4	0	97	4.0	0.0	12.161	0.374	1.0	1.0
4	0	94	3.774	0.425	12.323	0.475	1.0	1.0
4	0	91	3.71	0.461	12.774	0.425	1.0	1.0
4	0	88	3.29	0.461	13.032	0.407	1.0	1.0
4	0	85	3.032	0.18	13.226	0.425	1.0	1.0
4	0	82	3.032	0.18	13.419	0.502	1.0	1.0
4	0	79	2.968	0.18	14.194	0.477	1.0	1.0
4	0	76	3.0	0.0	14.323	0.541	1.0	1.0
4	0	73	2.903	0.301	14.903	0.539	1.0	1.0
4	0	70	2.484	0.508	15.355	0.798	1.0	1.0
4	0	67	2.161	0.454	16.032	0.948	1.0	1.0
4	0	64	1.968	0.407	16.935	0.814	1.0	1.0
4	0	61	1.71	0.461	17.871	1.118	1.0	1.0
4	0	58	1.2	0.407	19.516	2.08	0.968	1.0
4	0	55	0.897	0.31	21.929	1.884	0.839	0.903
4	0	52	0.2	0.408	24.364	2.248	0.161	0.355
4	0	49	0.0	0.0	25.0	0.0	0.0	0.032
4	0	46	0.0	0.0	nan	nan	0.0	0.0
4	0	43	0.0	0.0	nan	nan	0.0	0.0
4	0	40	0.0	0.0	nan	nan	0.0	0.0
4	0	37	0.0	0.0	nan	nan	0.0	0.0
4	0	34	0.0	0.0	nan	nan	0.0	0.0
4	0	31	0.0	0.0	nan	nan	0.0	0.0
4	0	28	0.0	0.0	nan	nan	0.0	0.0
5	0	100	4.871	0.341	12.097	0.396	1.0	1.0
5	0	97	4.516	0.508	12.419	0.502	1.0	1.0
5	0	94	4.226	0.425	12.645	0.486	1.0	1.0
5	0	91	4.0	0.0	12.935	0.25	1.0	1.0
5	0	88	4.0	0.0	13.129	0.428	1.0	1.0
5	0	85	4.0	0.0	13.484	0.508	1.0	1.0
5	0	82	4.0	0.0	13.774	0.425	1.0	1.0
5	0	79	3.903	0.301	14.355	0.551	1.0	1.0
5	0	76	3.452	0.506	14.516	0.508	1.0	1.0
5	0	73	3.226	0.425	15.097	0.539	1.0	1.0
5	0	70	3.032	0.315	15.419	0.765	1.0	1.0
5	0	67	3.0	0.0	16.548	0.624	1.0	1.0
5	0	64	2.742	0.445	17.71	1.006	1.0	1.0
5	0	61	2.226	0.425	19.032	1.703	1.0	1.0
5	0	58	1.806	0.477	20.935	1.861	1.0	1.0
5	0	55	1.323	0.541	23.233	1.977	0.968	0.968
5	0	52	1.0	0.455	27.679	5.484	0.871	0.903
5	0	49	0.1	0.305	31.25	4.646	0.097	0.129
5	0	46	0.0	0.0	nan	nan	0.0	0.0
5	0	43	0.0	0.0	nan	nan	0.0	0.0
5	0	40	0.0	0.0	nan	nan	0.0	0.0
5	0	37	0.0	0.0	nan	nan	0.0	0.0
5	0	34	0.0	0.0	nan	nan	0.0	0.0
5	0	31	0.0	0.0	nan	nan	0.0	0.0
5	0	28	0.0	0.0	nan	nan	0.0	0.0
6	0	100	4.677	0.475	12.323	0.475	1.0	1.0
6	0	97	4.548	0.506	12.516	0.57	1.0	1.0
6	0	94	4.097	0.301	12.839	0.374	1.0	1.0
6	0	91	3.968	0.18	12.968	0.482	1.0	1.0
6	0	88	4.0	0.0	13.323	0.475	1.0	1.0
6	0	85	4.0	0.0	13.742	0.631	1.0	1.0
6	0	82	3.903	0.301	14.097	0.746	1.0	1.0
6	0	79	3.742	0.445	14.516	0.57	1.0	1.0
6	0	76	3.516	0.508	14.935	0.629	1.0	1.0
6	0	73	3.129	0.341	15.419	0.672	1.0	1.0
6	0	70	3.0	0.0	16.0	0.683	1.0	1.0
6	0	67	3.0	0.0	16.871	0.67	1.0	1.0
6	0	64	2.581	0.564	17.968	0.875	1.0	1.0
6	0	61	2.065	0.512	19.613	1.453	1.0	1.0
6	0	58	1.677	0.475	21.097	1.513	1.0	1.0
6	0	55	1.323	0.475	23.355	2.727	1.0	1.0
6	0	52	0.968	0.407	26.536	2.396	0.903	0.903
6	0	49	0.161	0.374	27.4	2.074	0.161	0.161
6	0	46	0.0	0.0	nan	nan	0.0	0.0
6	0	43	0.0	0.0	nan	nan	0.0	0.0
6	0	40	0.0	0.0	nan	nan	0.0	0.0
6	0	37	0.0	0.0	nan	nan	0.0	0.0
6	0	34	0.0	0.0	nan	nan	0.0	0.0
6	0	31	0.0	0.0	nan	nan	0.0	0.0
6	0	28	0.0	0.0	nan	nan	0.0	0.0
7	0	100	5.129	0.341	11.0	0.0	1.0	1.0
7	0	97	4.968	0.18	11.0	0.0	1.0	1.0
7	0	94	5.0	0.0	11.129	0.341	1.0	1.0
7	0	91	4.871	0.341	11.484	0.57	1.0	1.0
7	0	88	4.71	0.461	11.742	0.445	1.0	1.0
7	0	85	4.258	0.445	11.935	0.25	1.0	1.0
7	0	82	4.065	0.25	12.097	0.301	1.0	1.0
7	0	79	4.0	0.0	12.323	0.475	1.0	1.0
7	0	76	4.0	0.0	12.548	0.506	1.0	1.0
7	0	73	3.871	0.341	13.097	0.396	1.0	1.0
7	0	70	3.71	0.461	13.452	0.506	1.0	1.0
7	0	67	3.387	0.495	13.968	0.605	1.0	1.0
7	0	64	3.129	0.341	14.452	0.506	1.0	1.0
7	0	61	3.0	0.0	15.065	0.772	1.0	1.0
7	0	58	3.0	0.0	15.742	0.682	1.0	1.0
7	0	55	2.806	0.402	16.774	1.117	1.0	1.0
7	0	52	2.161	0.735	18.29	1.792	1.0	1.0
7	0	49	1.484	0.626	19.581	2.5	1.0	1.0
7	0	46	1.167	0.461	22.484	3.108	0.968	1.0
7	0	43	0.7	0.466	25.455	4.262	0.677	0.71
7	0	40	0.0	0.0	nan	nan	0.0	0.0
7	0	37	0.0	0.0	nan	nan	0.0	0.0
7	0	34	0.0	0.0	nan	nan	0.0	0.0
7	0	31	0.0	0.0	nan	nan	0.0	0.0
7	0	28	0.0	0.0	nan	nan	0.0	0.0
8	0	100	4.419	0.502	12.0	0.0	1.0	1.0
8	0	97	4.226	0.425	12.097	0.396	1.0	1.0
8	0	94	4.0	0.0	12.226	0.497	1.0	1.0
8	0	91	4.0	0.0	12.742	0.445	1.0	1.0
8	0	88	4.032	0.18	12.742	0.445	1.0	1.0
8	0	85	4.0	0.0	12.968	0.315	1.0	1.0
8	0	82	4.0	0.0	13.065	0.25	1.0	1.0
8	0	79	3.742	0.445	13.613	0.495	1.0	1.0
8	0	76	3.484	0.508	14.0	0.516	1.0	1.0
8	0	73	3.258	0.445	14.484	0.677	1.0	1.0
8	0	70	3.032	0.18	14.968	0.752	1.0	1.0
8	0	67	3.0	0.0	15.29	0.739	1.0	1.0
8	0	64	3.0	0.0	16.032	0.912	1.0	1.0
8	0	61	2.935	0.25	16.839	0.969	1.0	1.0
8	0	58	2.548	0.506	18.419	1.803	1.0	1.0
8	0	55	1.742	0.445	20.097	1.578	1.0	1.0
8	0	52	1.433	0.504	22.935	2.863	0.968	1.0
8	0	49	1.2	0.551	26.345	3.039	0.903	0.935
8	0	46	0.097	0.396	30.5	4.95	0.065	0.065
8	0	43	0.0	0.0	nan	nan	0.0	0.0
8	0	40	0.0	0.0	nan	nan	0.0	0.0
8	0	37	0.0	0.0	nan	nan	0.0	0.0
8	0	34	0.0	0.0	nan	nan	0.0	0.0
8	0	31	0.0	0.0	nan	nan	0.0	0.0
8	0	28	0.0	0.0	nan	nan	0.0	0.0
9	0	100	5.71	0.461	12.065	0.359	1.0	1.0
9	0	97	5.161	0.374	12.129	0.341	1.0	1.0
9	0	94	5.032	0.18	12.581	0.502	1.0	1.0
9	0	91	5.0	0.0	12.839	0.374	1.0	1.0
9	0	88	4.903	0.301	13.032	0.315	1.0	1.0
9	0	85	4.774	0.425	13.226	0.497	1.0	1.0
9	0	82	4.387	0.495	13.774	0.497	1.0	1.0
9	0	79	4.161	0.374	14.0	0.683	1.0	1.0
9	0	76	4.0	0.0	14.677	0.748	1.0	1.0
9	0	73	3.968	0.18	15.065	0.574	1.0	1.0
9	0	70	3.871	0.341	15.968	1.016	1.0	1.0
9	0	67	3.452	0.675	16.871	0.885	1.0	1.0
9	0	64	3.0	0.516	17.774	0.956	1.0	1.0
9	0	61	2.452	0.568	18.968	1.643	1.0	1.0
9	0	58	2.0	0.0	21.484	2.393	1.0	1.0
9	0	55	1.806	0.477	25.258	2.658	1.0	1.0
9	0	52	1.5	0.707	29.857	5.441	0.742	0.903
9	0	49	0.1	0.403	30.333	4.163	0.065	0.097
9	0	46	0.0	0.0	nan	nan	0.0	0.0
9	0	43	0.0	0.0	nan	nan	0.0	0.0
9	0	40	0.0	0.0	nan	nan	0.0	0.0
9	0	37	0.0	0.0	nan	nan	0.0	0.0
9	0	34	0.0	0.0	nan	nan	0.0	0.0
9	0	31	0.0	0.0	nan	nan	0.0	0.0
9	0	28	0.0	0.0	nan	nan	0.0	0.0
10	0	100	4.419	0.502	12.065	0.359	1.0	1.0
10	0	97	4.129	0.341	12.032	0.315	1.0	1.0
10	0	94	4.0	0.0	12.516	0.57	1.0	1.0
10	0	91	4.032	0.18	12.806	0.543	1.0	1.0
10	0	88	4.0	0.0	13.0	0.447	1.0	1.0
10	0	85	4.0	0.0	13.194	0.402	1.0	1.0
10	0	82	3.903	0.301	13.742	0.514	1.0	1.0
10	0	79	3.677	0.475	13.903	0.473	1.0	1.0
10	0	76	3.161	0.374	14.548	0.675	1.0	1.0
10	0	73	3.032	0.18	14.935	0.772	1.0	1.0
10	0	70	3.0	0.0	15.613	0.667	1.0	1.0
10	0	67	2.935	0.25	16.065	0.727	1.0	1.0
10	0	64	2.613	0.558	17.516	1.029	1.0	1.0
10	0	61	2.258	0.729	18.613	1.745	1.0	1.0
10	0	58	1.613	0.667	20.742	2.25	1.0	1.0
10	0	55	1.067	0.365	25.467	3.288	0.935	0.968
10	0	52	0.433	0.504	27.714	3.496	0.419	0.452
10	0	49	0.0	0.0	35.0	0.0	0.0	0.032
10	0	46	0.0	0.0	nan	nan	0.0	0.0
10	0	43	0.0	0.0	nan	nan	0.0	0.0
10	0	40	0.0	0.0	nan	nan	0.0	0.0
10	0	37	0.0	0.0	nan	nan	0.0	0.0
10	0	34	0.0	0.0	nan	nan	0.0	0.0
10	0	31	0.0	0.0	nan	nan	0.0	0.0
10	0	28	0.0	0.0	nan	nan	0.0	0.0
11	0	100	4.935	0.359	11.194	0.402	1.0	1.0
11	0	97	4.935	0.25	11.323	0.475	1.0	1.0
11	0	94	4.581	0.502	11.71	0.461	1.0	1.0
11	0	91	4.355	0.486	11.871	0.341	1.0	1.0
11	0	88	4.065	0.25	12.097	0.301	1.0	1.0
11	0	85	4.065	0.25	12.258	0.445	1.0	1.0
11	0	82	4.032	0.18	12.355	0.551	1.0	1.0
11	0	79	3.806	0.402	12.903	0.473	1.0	1.0
11	0	76	3.484	0.508	13.387	0.615	1.0	1.0
11	0	73	3.097	0.301	13.645	0.709	1.0	1.0
11	0	70	3.065	0.25	14.258	0.631	1.0	1.0
11	0	67	2.935	0.25	14.839	0.638	1.0	1.0
11	0	64	2.839	0.374	15.548	0.925	1.0	1.0
11	0	61	2.677	0.475	16.484	0.724	1.0	1.0
11	0	58	2.129	0.562	17.29	1.442	1.0	1.0
11	0	55	1.29	0.529	19.742	1.966	1.0	1.0
11	0	52	1.0	0.447	21.5	2.442	0.903	0.903
11	0	49	0.379	0.494	24.615	2.329	0.355	0.419
11	0	46	0.1	0.305	24.5	0.577	0.097	0.129
11	0	43	0.0	0.0	nan	nan	0.0	0.0
11	0	40	0.0	0.0	nan	nan	0.0	0.0
11	0	37	0.0	0.0	nan	nan	0.0	0.0
11	0	34	0.0	0.0	nan	nan	0.0	0.0
11	0	31	0.0	0.0	nan	nan	0.0	0.0
11	0	28	0.0	0.0	nan	nan	0.0	0.0
12	0	100	5.065	0.25	12.129	0.428	1.0	1.0
12	0	97	5.032	0.18	12.452	0.506	1.0	1.0
12	0	94	5.0	0.258	12.645	0.486	1.0	1.0
12	0	91	4.968	0.18	12.968	0.18	1.0	1.0
12	0	88	4.871	0.341	12.935	0.25	1.0	1.0
12	0	85	4.581	0.502	13.387	0.495	1.0	1.0
12	0	82	4.161	0.374	13.548	0.506	1.0	1.0
12	0	79	4.065	0.25	13.968	0.407	1.0	1.0
12	0	76	4.0	0.0	14.484	0.57	1.0	1.0
12	0	73	4.0	0.0	14.839	0.638	1.0	1.0
12	0	70	3.871	0.341	15.258	0.631	1.0	1.0
12	0	67	3.548	0.506	16.29	0.824	1.0	1.0
12	0	64	3.29	0.529	16.806	1.138	1.0	1.0
12	0	61	2.71	0.461	17.774	1.175	1.0	1.0
12	0	58	2.065	0.25	20.0	1.88	1.0	1.0
12	0	55	2.0	0.0	21.742	2.449	1.0	1.0
12	0	52	1.767	0.504	26.533	4.257	0.935	0.968
12	0	49	1.036	0.922	31.0	5.982	0.548	0.645
12	0	46	0.0	0.0	nan	nan	0.0	0.0
12	0	43	0.0	0.0	nan	nan	0.0	0.0
12	0	40	0.0	0.0	nan	nan	0.0	0.0
12	0	37	0.0	0.0	nan	nan	0.0	0.0
12	0	34	0.0	0.0	nan	nan	0.0	0.0
12	0	31	0.0	0.0	nan	nan	0.0	0.0
12	0	28	0.0	0.0	nan	nan	0.0	0.0
13	0	100	3.194	0.402	12.903	0.301	1.0	1.0
13	0	97	3.032	0.18	12.871	0.341	1.0	1.0
13	0	94	3.0	0.0	13.194	0.477	1.0	1.0
13	0	91	3.0	0.0	13.581	0.502	1.0	1.0
13	0	88	3.0	0.0	13.903	0.396	1.0	1.0
13	0	85	3.0	0.0	14.226	0.497	1.0	1.0
13	0	82	2.903	0.301	14.774	0.56	1.0	1.0
13	0	79	2.903	0.301	15.161	0.638	1.0	1.0
13	0	76	2.387	0.495	15.871	0.718	1.0	1.0
13	0	73	2.0	0.516	16.871	1.024	1.0	1.0
13	0	70	1.645	0.486	17.935	1.289	1.0	1.0
13	0	67	1.323	0.475	19.323	1.777	1.0	1.0
13	0	64	1.0	0.258	22.0	2.449	0.968	0.968
13	0	61	0.548	0.506	23.529	2.211	0.548	0.548
13	0	58	0.065	0.25	27.5	2.121	0.065	0.065
13	0	55	0.0	0.0	nan	nan	0.0	0.0
13	0	52	0.0	0.0	nan	nan	0.0	0.0
13	0	49	0.0	0.0	nan	nan	0.0	0.0
13	0	46	0.0	0.0	nan	nan	0.0	0.0
13	0	43	0.0	0.0	nan	nan	0.0	0.0
13	0	40	0.0	0.0	nan	nan	0.0	0.0
13	0	37	0.0	0.0	nan	nan	0.0	0.0
13	0	34	0.0	0.0	nan	nan	0.0	0.0
13	0	31	0.0	0.0	nan	nan	0.0	0.0
13	0	28	0.0	0.0	nan	nan	0.0	0.0
14	0	100	4.065	0.25	12.065	0.25	1.0	1.0
14	0	97	4.0	0.258	12.032	0.482	1.0	1.0
14	0	94	4.0	0.0	12.355	0.486	1.0	1.0
14	0	91	3.903	0.301	12.613	0.495	1.0	1.0
14	0	88	3.742	0.445	12.774	0.425	1.0	1.0
14	0	85	3.29	0.461	13.129	0.499	1.0	1.0
14	0	82	3.226	0.425	13.29	0.643	1.0	1.0
14	0	79	3.032	0.18	13.903	0.473	1.0	1.0
14	0	76	3.0	0.258	14.194	0.654	1.0	1.0
14	0	73	2.774	0.425	14.968	0.547	1.0	1.0
14	0	70	2.742	0.445	15.226	0.805	1.0	1.0
14	0	67	2.323	0.475	16.065	0.854	1.0	1.0
14	0	64	2.032	0.547	17.129	1.284	1.0	1.0
14	0	61	1.613	0.558	18.323	1.833	1.0	1.0
14	0	58	1.129	0.428	20.333	2.09	0.968	0.968
14	0	55	0.828	0.539	21.75	2.674	0.71	0.774
14	0	52	0.259	0.447	24.727	1.272	0.226	0.355
14	0	49	0.0	0.0	nan	nan	0.0	0.0
14	0	46	0.0	0.0	nan	nan	0.0	0.0
14	0	43	0.0	0.0	nan	nan	0.0	0.0
14	0	40	0.0	0.0	nan	nan	0.0	0.0
14	0	37	0.0	0.0	nan	nan	0.0	0.0
14	0	34	0.0	0.0	nan	nan	0.0	0.0
14	0	31	0.0	0.0	nan	nan	0.0	0.0
14	0	28	0.0	0.0	nan	nan	0.0	0.0
15	0	100	3.065	0.25	13.0	0.0	1.0	1.0
15	0	97	3.032	0.18	13.097	0.396	1.0	1.0
15	0	94	3.0	0.0	13.484	0.508	1.0	1.0
15	0	91	3.0	0.0	13.871	0.341	1.0	1.0
15	0	88	2.935	0.25	14.097	0.396	1.0	1.0
15	0	85	2.839	0.374	14.484	0.508	1.0	1.0
15	0	82	2.548	0.506	14.871	0.562	1.0	1.0
15	0	79	2.226	0.425	15.516	0.508	1.0	1.0
15	0	76	2.097	0.301	16.129	0.806	1.0	1.0
15	0	73	1.903	0.301	17.323	1.4	1.0	1.0
15	0	70	1.419	0.502	18.355	1.199	1.0	1.0
15	0	67	1.129	0.341	19.903	1.814	1.0	1.0
15	0	64	0.893	0.315	22.714	3.149	0.806	0.903
15	0	61	0.185	0.396	24.111	1.764	0.161	0.29
15	0	58	0.0	0.0	22.0	0.0	0.0	0.032
15	0	55	0.0	0.0	nan	nan	0.0	0.0
15	0	52	0.0	0.0	nan	nan	0.0	0.0
15	0	49	0.0	0.0	nan	nan	0.0	0.0
15	0	46	0.0	0.0	nan	nan	0.0	0.0
15	0	43	0.0	0.0	nan	nan	0.0	0.0
15	0	40	0.0	0.0	nan	nan	0.0	0.0
15	0	37	0.0	0.0	nan	nan	0.0	0.0
15	0	34	0.0	0.0	nan	nan	0.0	0.0
15	0	31	0.0	0.0	nan	nan	0.0	0.0
15	0	28	0.0	0.0	nan	nan	0.0	0.0
16	0	100	5.0	0.0	11.71	0.461	1.0	1.0
16	0	97	5.0	0.0	11.774	0.425	1.0	1.0
16	0	94	5.0	0.0	12.0	0.0	1.0	1.0
16	0	91	5.0	0.0	12.065	0.25	1.0	1.0
16	0	88	4.806	0.402	12.226	0.425	1.0	1.0
16	0	85	4.355	0.486	12.645	0.486	1.0	1.0
16	0	82	4.065	0.25	12.871	0.499	1.0	1.0
16	0	79	4.032	0.18	13.129	0.499	1.0	1.0
16	0	76	4.0	0.0	13.387	0.558	1.0	1.0
16	0	73	4.0	0.0	13.968	0.547	1.0	1.0
16	0	70	3.903	0.301	14.161	0.583	1.0	1.0
16	0	67	3.484	0.508	14.871	0.619	1.0	1.0
16	0	64	3.355	0.486	15.613	0.715	1.0	1.0
16	0	61	3.032	0.315	16.581	0.672	1.0	1.0
16	0	58	2.742	0.445	17.645	1.33	1.0	1.0
16	0	55	2.323	0.475	19.161	1.551	1.0	1.0
16	0	52	1.935	0.359	21.419	2.029	1.0	1.0
16	0	49	1.548	0.568	24.567	3.748	0.968	0.968
16	0	46	0.793	0.819	28.778	4.882	0.516	0.581
16	0	43	0.0	0.0	39.0	0.0	0.0	0.032
16	0	40	0.0	0.0	nan	nan	0.0	0.0
16	0	37	0.0	0.0	nan	nan	0.0	0.0
16	0	34	0.0	0.0	nan	nan	0.0	0.0
16	0	31	0.0	0.0	nan	nan	0.0	0.0
16	0	28	0.0	0.0	nan	nan	0.0	0.0
17	0	100	5.677	0.475	11.097	0.301	1.0	1.0
17	0	97	5.581	0.502	11.226	0.425	1.0	1.0
17	0	94	5.161	0.374	11.613	0.495	1.0	1.0
17	0	91	5.065	0.25	11.839	0.374	1.0	1.0
17	0	88	4.968	0.315	11.935	0.25	1.0	1.0
17	0	85	4.742	0.445	12.097	0.301	1.0	1.0
17	0	82	4.548	0.506	12.323	0.653	1.0	1.0
17	0	79	4.129	0.341	12.839	0.374	1.0	1.0
17	0	76	4.032	0.18	13.161	0.523	1.0	1.0
17	0	73	3.935	0.25	13.387	0.615	1.0	1.0
17	0	70	3.71	0.461	13.871	0.67	1.0	1.0
17	0	67	3.484	0.508	14.387	0.615	1.0	1.0
17	0	64	3.097	0.301	14.968	0.706	1.0	1.0
17	0	61	2.968	0.18	15.742	0.893	1.0	1.0
17	0	58	2.871	0.341	16.677	1.137	1.0	1.0
17	0	55	2.161	0.688	18.194	1.833	1.0	1.0
17	0	52	1.419	0.72	20.323	2.072	1.0	1.0
17	0	49	0.871	0.428	23.808	2.315	0.839	0.839
17	0	46	0.533	0.507	25.294	3.721	0.516	0.548
17	0	43	0.065	0.25	26.0	1.414	0.065	0.065
17	0	40	0.0	0.0	nan	nan	0.0	0.0
17	0	37	0.0	0.0	nan	nan	0.0	0.0
17	0	34	0.0	0.0	nan	nan	0.0	0.0
17	0	31	0.0	0.0	nan	nan	0.0	0.0
17	0	28	0.0	0.0	nan	nan	0.0	0.0
18	0	100	4.0	0.0	11.806	0.402	1.0	1.0
18	0	97	4.0	0.0	12.0	0.0	1.0	1.0
18	0	94	3.968	0.18	11.968	0.315	1.0	1.0
18	0	91	3.903	0.301	12.129	0.341	1.0	1.0
18	0	88	3.581	0.502	12.323	0.475	1.0	1.0
18	0	85	3.29	0.461	12.774	0.425	1.0	1.0
18	0	82	3.0	0.0	12.935	0.442	1.0	1.0
18	0	79	3.0	0.0	13.29	0.529	1.0	1.0
18	0	76	3.0	0.0	13.548	0.624	1.0	1.0
18	0	73	2.968	0.18	14.194	0.654	1.0	1.0
18	0	70	2.839	0.374	14.387	0.667	1.0	1.0
18	0	67	2.452	0.506	15.032	0.657	1.0	1.0
18	0	64	2.032	0.315	15.935	0.929	1.0	1.0
18	0	61	1.968	0.315	16.645	0.877	1.0	1.0
18	0	58	1.71	0.461	17.871	1.432	1.0	1.0
18	0	55	1.29	0.529	19.333	1.9	0.968	0.968
18	0	52	0.733	0.583	22.048	2.291	0.645	0.677
18	0	49	0.138	0.351	24.5	1.643	0.129	0.194
18	0	46	0.0	0.0	nan	nan	0.0	0.0
18	0	43	0.0	0.0	nan	nan	0.0	0.0
18	0	40	0.0	0.0	nan	nan	0.0	0.0
18	0	37	0.0	0.0	nan	nan	0.0	0.0
18	0	34	0.0	0.0	nan	nan	0.0	0.0
18	0	31	0.0	0.0	nan	nan	0.0	0.0
18	0	28	0.0	0.0	nan	nan	0.0	0.0
19	0	100	7.355	0.486	11.097	0.301	1.0	1.0
19	0	97	7.0	0.258	11.129	0.341	1.0	1.0
19	0	94	7.0	0.258	11.742	0.445	1.0	1.0
19	0	91	6.935	0.25	11.903	0.301	1.0	1.0
19	0	88	6.645	0.486	12.065	0.25	1.0	1.0
19	0	85	6.226	0.425	12.097	0.301	1.0	1.0
19	0	82	6.032	0.18	12.484	0.57	1.0	1.0
19	0	79	5.968	0.18	12.774	0.425	1.0	1.0
19	0	76	5.806	0.402	13.065	0.25	1.0	1.0
19	0	73	5.258	0.445	13.258	0.631	1.0	1.0
19	0	70	5.097	0.301	13.839	0.454	1.0	1.0
19	0	67	5.0	0.0	14.226	0.669	1.0	1.0
19	0	64	4.903	0.301	14.968	0.482	1.0	1.0
19	0	61	4.581	0.564	15.419	0.672	1.0	1.0
19	0	58	4.065	0.25	16.516	0.724	1.0	1.0
19	0	55	3.968	0.482	17.258	1.094	1.0	1.0
19	0	52	3.29	0.461	19.194	1.558	1.0	1.0
19	0	49	2.839	0.454	21.0	1.673	1.0	1.0
19	0	46	2.419	0.502	22.935	2.22	1.0	1.0
19	0	43	1.935	0.25	28.065	3.463	1.0	1.0
19	0	40	1.452	0.768	33.111	4.594	0.871	0.871
19	0	37	0.161	0.454	38.25	2.986	0.129	0.129
19	0	34	0.0	0.0	nan	nan	0.0	0.0
19	0	31	0.0	0.0	nan	nan	0.0	0.0
19	0	28	0.0	0.0	nan	nan	0.0	0.0
20	0	100	5.065	0.25	11.161	0.374	1.0	1.0
20	0	97	5.0	0.0	11.452	0.506	1.0	1.0
20	0	94	5.0	0.0	11.839	0.374	1.0	1.0
20	0	91	4.935	0.25	11.968	0.18	1.0	1.0
20	0	88	4.742	0.445	12.161	0.523	1.0	1.0
20	0	85	4.484	0.508	12.29	0.529	1.0	1.0
20	0	82	4.065	0.25	12.806	0.477	1.0	1.0
20	0	79	4.0	0.0	12.903	0.301	1.0	1.0
20	0	76	4.032	0.18	12.968	0.547	1.0	1.0
20	0	73	4.0	0.0	13.677	0.475	1.0	1.0
20	0	70	3.935	0.25	13.968	0.605	1.0	1.0
20	0	67	3.742	0.445	14.484	0.508	1.0	1.0
20	0	64	3.323	0.475	15.323	0.871	1.0	1.0
20	0	61	3.129	0.341	16.194	0.654	1.0	1.0
20	0	58	2.903	0.301	16.935	0.772	1.0	1.0
20	0	55	2.516	0.508	18.032	1.402	1.0	1.0
20	0	52	2.097	0.301	20.226	1.765	1.0	1.0
20	0	49	1.867	0.434	23.935	3.678	0.968	1.0
20	0	46	1.25	0.844	29.667	5.139	0.677	0.774
20	0	43	0.067	0.365	35.0	9.899	0.032	0.065
20	0	40	0.0	0.0	nan	nan	0.0	0.0
20	0	37	0.0	0.0	nan	nan	0.0	0.0
20	0	34	0.0	0.0	nan	nan	0.0	0.0
20	0	31	0.0	0.0	nan	nan	0.0	0.0
20	0	28	0.0	0.0	nan	nan	0.0	0.0
21	0	100	4.0	0.0	12.0	0.0	1.0	1.0
21	0	97	4.0	0.0	12.129	0.428	1.0	1.0
21	0	94	3.935	0.25	12.355	0.486	1.0	1.0
21	0	91	3.806	0.402	12.71	0.529	1.0	1.0
21	0	88	3.355	0.486	13.032	0.407	1.0	1.0
21	0	85	3.161	0.374	13.194	0.477	1.0	1.0
21	0	82	3.065	0.25	13.484	0.508	1.0	1.0
21	0	79	3.0	0.0	14.065	0.359	1.0	1.0
21	0	76	2.935	0.359	14.677	0.599	1.0	1.0
21	0	73	2.774	0.425	15.29	0.643	1.0	1.0
21	0	70	2.355	0.486	15.806	0.833	1.0	1.0
21	0	67	2.129	0.341	16.742	0.893	1.0	1.0
21	0	64	1.806	0.477	17.839	1.319	1.0	1.0
21	0	61	1.161	0.374	20.194	1.621	1.0	1.0
21	0	58	0.852	0.456	22.385	2.624	0.71	0.839
21	0	55	0.346	0.485	24.429	1.91	0.29	0.452
21	0	52	0.032	0.18	25.0	0.0	0.032	0.032
21	0	49	0.0	0.0	nan	nan	0.0	0.0
21	0	46	0.0	0.0	nan	nan	0.0	0.0
21	0	43	0.0	0.0	nan	nan	0.0	0.0
21	0	40	0.0	0.0	nan	nan	0.0	0.0
21	0	37	0.0	0.0	nan	nan	0.0	0.0
21	0	34	0.0	0.0	nan	nan	0.0	0.0
21	0	31	0.0	0.0	nan	nan	0.0	0.0
21	0	28	0.0	0.0	nan	nan	0.0	0.0
22	0	100	6.903	0.301	11.194	0.402	1.0	1.0
22	0	97	6.613	0.495	11.419	0.502	1.0	1.0
22	0	94	6.129	0.341	11.613	0.495	1.0	1.0
22	0	91	6.032	0.18	11.774	0.425	1.0	1.0
22	0	88	6.0	0.0	12.032	0.315	1.0	1.0
22	0	85	5.71	0.461	12.194	0.402	1.0	1.0
22	0	82	5.355	0.486	12.355	0.486	1.0	1.0
22	0	79	5.161	0.454	12.677	0.475	1.0	1.0
22	0	76	5.065	0.25	13.065	0.359	1.0	1.0
22	0	73	4.903	0.396	13.516	0.626	1.0	1.0
22	0	70	4.774	0.425	13.903	0.597	1.0	1.0
22	0	67	4.452	0.506	14.548	0.675	1.0	1.0
22	0	64	4.226	0.425	15.097	0.87	1.0	1.0
22	0	61	4.032	0.18	15.645	0.839	1.0	1.0
22	0	58	3.774	0.497	16.968	1.08	1.0	1.0
22	0	55	3.548	0.568	17.613	1.52	1.0	1.0
22	0	52	2.581	0.62	19.226	1.765	1.0	1.0
22	0	49	2.032	0.315	22.645	2.576	1.0	1.0
22	0	46	2.0	0.0	25.452	3.854	0.968	1.0
22	0	43	1.607	0.497	31.226	4.66	0.903	1.0
22	0	40	0.259	0.594	35.444	5.151	0.161	0.29
22	0	37	0.0	0.0	nan	nan	0.0	0.0
22	0	34	0.0	0.0	nan	nan	0.0	0.0
22	0	31	0.0	0.0	nan	nan	0.0	0.0
22	0	28	0.0	0.0	nan	nan	0.0	0.0
23	0	100	5.065	0.25	11.581	0.564	1.0	1.0
23	0	97	5.0	0.0	12.0	0.365	1.0	1.0
23	0	94	5.0	0.0	11.968	0.315	1.0	1.0
23	0	91	4.968	0.18	12.097	0.301	1.0	1.0
23	0	88	4.677	0.475	12.645	0.486	1.0	1.0
23	0	85	4.194	0.402	12.935	0.359	1.0	1.0
23	0	82	4.097	0.301	13.097	0.396	1.0	1.0
23	0	79	4.032	0.18	13.645	0.755	1.0	1.0
23	0	76	4.0	0.0	13.871	0.428	1.0	1.0
23	0	73	3.935	0.25	14.516	0.57	1.0	1.0
23	0	70	3.774	0.425	15.258	0.631	1.0	1.0
23	0	67	3.452	0.506	15.677	0.748	1.0	1.0
23	0	64	2.968	0.315	16.774	0.845	1.0	1.0
23	0	61	2.742	0.445	17.677	1.514	1.0	1.0
23	0	58	2.419	0.564	19.032	1.622	1.0	1.0
23	0	55	1.903	0.396	21.0	1.966	1.0	1.0
23	0	52	1.419	0.62	24.759	2.786	0.935	0.935
23	0	49	0.667	0.784	29.118	5.361	0.419	0.548
23	0	46	0.1	0.305	34.0	2.944	0.097	0.129
23	0	43	0.0	0.0	nan	nan	0.0	0.0
23	0	40	0.0	0.0	nan	nan	0.0	0.0
23	0	37	0.0	0.0	nan	nan	0.0	0.0
23	0	34	0.0	0.0	nan	nan	0.0	0.0
23	0	31	0.0	0.0	nan	nan	0.0	0.0
23	0	28	0.0	0.0	nan	nan	0.0	0.0
24	0	100	4.032	0.18	12.452	0.506	1.0	1.0
24	0	97	4.0	0.0	12.871	0.341	1.0	1.0
24	0	94	4.0	0.0	13.0	0.258	1.0	1.0
24	0	91	3.935	0.25	13.097	0.396	1.0	1.0
24	0	88	3.742	0.445	13.452	0.506	1.0	1.0
24	0	85	3.387	0.495	13.903	0.473	1.0	1.0
24	0	82	3.323	0.475	14.226	0.497	1.0	1.0
24	0	79	3.0	0.0	14.806	0.543	1.0	1.0
24	0	76	2.935	0.25	15.0	0.632	1.0	1.0
24	0	73	3.0	0.0	15.645	0.608	1.0	1.0
24	0	70	2.871	0.341	16.452	0.888	1.0	1.0
24	0	67	2.29	0.529	16.935	0.814	1.0	1.0
24	0	64	1.613	0.558	18.355	1.226	1.0	1.0
24	0	61	1.233	0.43	19.742	1.879	0.968	1.0
24	0	58	1.0	0.258	21.6	1.754	0.968	0.968
24	0	55	0.481	0.509	24.294	2.733	0.419	0.548
24	0	52	0.097	0.301	25.333	1.528	0.097	0.097
24	0	49	0.0	0.0	nan	nan	0.0	0.0
24	0	46	0.0	0.0	nan	nan	0.0	0.0
24	0	43	0.0	0.0	nan	nan	0.0	0.0
24	0	40	0.0	0.0	nan	nan	0.0	0.0
24	0	37	0.0	0.0	nan	nan	0.0	0.0
24	0	34	0.0	0.0	nan	nan	0.0	0.0
24	0	31	0.0	0.0	nan	nan	0.0	0.0
24	0	28	0.0	0.0	nan	nan	0.0	0.0
25	0	100	7.097	0.301	10.161	0.374	1.0	1.0
25	0	97	6.968	0.18	10.516	0.508	1.0	1.0
25	0	94	6.839	0.374	10.903	0.301	1.0	1.0
25	0	91	6.839	0.374	10.935	0.25	1.0	1.0
25	0	88	6.419	0.502	10.871	0.341	1.0	1.0
25	0	85	6.097	0.301	10.968	0.18	1.0	1.0
25	0	82	5.903	0.396	11.161	0.374	1.0	1.0
25	0	79	5.806	0.402	11.387	0.495	1.0	1.0
25	0	76	5.516	0.508	11.839	0.374	1.0	1.0
25	0	73	5.129	0.341	12.065	0.359	1.0	1.0
25	0	70	5.065	0.25	12.387	0.495	1.0	1.0
25	0	67	4.968	0.18	12.742	0.575	1.0	1.0
25	0	64	4.839	0.374	13.097	0.473	1.0	1.0
25	0	61	4.161	0.374	13.774	0.56	1.0	1.0
25	0	58	4.194	0.402	14.323	0.702	1.0	1.0
25	0	55	3.968	0.18	15.29	0.973	1.0	1.0
25	0	52	3.903	0.301	16.452	0.888	1.0	1.0
25	0	49	3.387	0.615	17.484	1.235	1.0	1.0
25	0	46	2.516	0.724	19.677	1.851	1.0	1.0
25	0	43	2.097	0.396	22.323	4.549	1.0	1.0
25	0	40	1.968	0.315	27.226	4.551	1.0	1.0
25	0	37	0.724	0.96	30.643	6.488	0.387	0.452
25	0	34	0.067	0.365	35.0	12.728	0.032	0.065
25	0	31	0.0	0.0	nan	nan	0.0	0.0
25	0	28	0.0	0.0	nan	nan	0.0	0.0
26	0	100	5.355	0.486	11.871	0.341	1.0	1.0
26	0	97	5.129	0.341	11.935	0.25	1.0	1.0
26	0	94	5.032	0.18	12.097	0.396	1.0	1.0
26	0	91	5.0	0.0	12.323	0.541	1.0	1.0
26	0	88	4.968	0.18	12.484	0.508	1.0	1.0
26	0	85	4.645	0.486	12.903	0.396	1.0	1.0
26	0	82	4.323	0.475	13.032	0.315	1.0	1.0
26	0	79	4.097	0.301	13.516	0.508	1.0	1.0
26	0	76	4.0	0.0	13.903	0.473	1.0	1.0
26	0	73	3.968	0.18	14.097	0.396	1.0	1.0
26	0	70	4.0	0.0	14.806	0.601	1.0	1.0
26	0	67	3.581	0.502	15.484	0.57	1.0	1.0
26	0	64	3.452	0.506	15.968	0.605	1.0	1.0
26	0	61	2.968	0.407	17.355	0.877	1.0	1.0
26	0	58	2.419	0.564	18.742	1.154	1.0	1.0
26	0	55	2.097	0.301	20.935	2.337	1.0	1.0
26	0	52	1.968	0.18	23.226	2.093	1.0	1.0
26	0	49	1.5	0.638	28.483	4.603	0.839	0.935
26	0	46	0.458	0.588	32.824	4.586	0.323	0.548
26	0	43	0.0	0.0	nan	nan	0.0	0.0
26	0	40	0.0	0.0	nan	nan	0.0	0.0
26	0	37	0.0	0.0	nan	nan	0.0	0.0
26	0	34	0.0	0.0	nan	nan	0.0	0.0
26	0	31	0.0	0.0	nan	nan	0.0	0.0
26	0	28	0.0	0.0	nan	nan	0.0	0.0
27	0	100	3.065	0.25	12.29	0.588	1.0	1.0
27	0	97	3.0	0.0	12.581	0.502	1.0	1.0
27	0	94	3.0	0.0	12.839	0.374	1.0	1.0
27	0	91	2.968	0.18	13.032	0.18	1.0	1.0
27	0	88	2.968	0.18	13.581	0.502	1.0	1.0
27	0	85	2.871	0.341	13.774	0.56	1.0	1.0
27	0	82	2.355	0.486	14.129	0.499	1.0	1.0
27	0	79	2.097	0.301	14.677	0.599	1.0	1.0
27	0	76	2.032	0.18	15.194	0.749	1.0	1.0
27	0	73	2.0	0.0	15.903	0.7	1.0	1.0
27	0	70	1.933	0.254	17.839	4.755	0.968	1.0
27	0	67	1.567	0.504	18.226	1.055	0.968	1.0
27	0	64	1.217	0.422	20.161	2.325	0.742	1.0
27	0	61	0.25	0.442	22.308	2.323	0.194	0.419
27	0	58	0.032	0.18	22.0	0.0	0.032	0.032
27	0	55	0.0	0.0	nan	nan	0.0	0.0
27	0	52	0.0	0.0	nan	nan	0.0	0.0
27	0	49	0.0	0.0	nan	nan	0.0	0.0
27	0	46	0.0	0.0	nan	nan	0.0	0.0
27	0	43	0.0	0.0	nan	nan	0.0	0.0
27	0	40	0.0	0.0	nan	nan	0.0	0.0
27	0	37	0.0	0.0	nan	nan	0.0	0.0
27	0	34	0.0	0.0	nan	nan	0.0	0.0
27	0	31	0.0	0.0	nan	nan	0.0	0.0
27	0	28	0.0	0.0	nan	nan	0.0	0.0
28	0	100	4.516	0.508	12.129	0.341	1.0	1.0
28	0	97	4.129	0.341	12.194	0.402	1.0	1.0
28	0	94	4.065	0.25	12.677	0.475	1.0	1.0
28	0	91	4.0	0.0	12.968	0.407	1.0	1.0
28	0	88	4.0	0.0	13.032	0.315	1.0	1.0
28	0	85	3.774	0.425	13.355	0.551	1.0	1.0
28	0	82	3.419	0.502	13.839	0.374	1.0	1.0
28	0	79	3.032	0.18	14.226	0.56	1.0	1.0
28	0	76	3.032	0.18	14.71	0.588	1.0	1.0
28	0	73	2.968	0.18	15.29	0.693	1.0	1.0
28	0	70	2.903	0.301	15.71	0.902	1.0	1.0
28	0	67	2.484	0.57	16.968	1.354	1.0	1.0
28	0	64	2.258	0.729	17.839	1.036	1.0	1.0
28	0	61	1.387	0.558	19.516	1.63	1.0	1.0
28	0	58	1.065	0.25	20.968	1.494	1.0	1.0
28	0	55	0.867	0.346	23.519	2.31	0.839	0.871
28	0	52	0.161	0.374	25.2	1.643	0.161	0.161
28	0	49	0.0	0.0	nan	nan	0.0	0.0
28	0	46	0.0	0.0	nan	nan	0.0	0.0
28	0	43	0.0	0.0	nan	nan	0.0	0.0
28	0	40	0.0	0.0	nan	nan	0.0	0.0
28	0	37	0.0	0.0	nan	nan	0.0	0.0
28	0	34	0.0	0.0	nan	nan	0.0	0.0
28	0	31	0.0	0.0	nan	nan	0.0	0.0
28	0	28	0.0	0.0	nan	nan	0.0	0.0
29	0	100	3.774	0.425	13.097	0.301	1.0	1.0
29	0	97	3.613	0.495	13.226	0.425	1.0	1.0
29	0	94	3.323	0.475	13.645	0.486	1.0	1.0
29	0	91	3.032	0.18	14.032	0.315	1.0	1.0
29	0	88	3.032	0.18	14.387	0.495	1.0	1.0
29	0	85	3.0	0.0	14.774	0.497	1.0	1.0
29	0	82	2.968	0.18	15.129	0.428	1.0	1.0
29	0	79	2.548	0.506	15.774	0.56	1.0	1.0
29	0	76	2.194	0.477	16.581	0.923	1.0	1.0
29	0	73	1.935	0.359	17.129	0.885	1.0	1.0
29	0	70	1.516	0.508	18.71	1.346	1.0	1.0
29	0	67	1.067	0.254	20.677	1.99	0.968	1.0
29	0	64	0.933	0.254	22.552	2.213	0.903	0.935
29	0	61	0.433	0.504	24.429	1.399	0.419	0.452
29	0	58	0.0	0.0	nan	nan	0.0	0.0
29	0	55	0.0	0.0	nan	nan	0.0	0.0
29	0	52	0.0	0.0	nan	nan	0.0	0.0
29	0	49	0.0	0.0	nan	nan	0.0	0.0
29	0	46	0.0	0.0	nan	nan	0.0	0.0
29	0	43	0.0	0.0	nan	nan	0.0	0.0
29	0	40	0.0	0.0	nan	nan	0.0	0.0
29	0	37	0.0	0.0	nan	nan	0.0	0.0
29	0	34	0.0	0.0	nan	nan	0.0	0.0
29	0	31	0.0	0.0	nan	nan	0.0	0.0
29	0	28	0.0	0.0	nan	nan	0.0	0.0
30	0	100	4.258	0.445	11.935	0.25	1.0	1.0
30	0	97	4.065	0.25	12.0	0.365	1.0	1.0
30	0	94	3.968	0.18	12.0	0.0	1.0	1.0
30	0	91	3.968	0.18	12.484	0.57	1.0	1.0
30	0	88	3.839	0.374	12.806	0.402	1.0	1.0
30	0	85	3.548	0.506	13.0	0.447	1.0	1.0
30	0	82	3.226	0.425	13.226	0.56	1.0	1.0
30	0	79	3.129	0.341	13.742	0.631	1.0	1.0
30	0	76	3.0	0.258	14.161	0.523	1.0	1.0
30	0	73	2.903	0.301	14.935	0.814	1.0	1.0
30	0	70	2.71	0.461	15.355	0.486	1.0	1.0
30	0	67	2.484	0.508	15.742	1.094	1.0	1.0
30	0	64	2.129	0.428	16.71	1.006	1.0	1.0
30	0	61	1.742	0.514	18.097	1.3	1.0	1.0
30	0	58	1.258	0.445	20.258	2.265	1.0	1.0
30	0	55	0.862	0.351	22.296	2.462	0.806	0.871
30	0	52	0.179	0.39	24.875	1.458	0.161	0.258
30	0	49	0.0	0.0	nan	nan	0.0	0.0
30	0	46	0.0	0.0	nan	nan	0.0	0.0
30	0	43	0.0	0.0	nan	nan	0.0	0.0
30	0	40	0.0	0.0	nan	nan	0.0	0.0
30	0	37	0.0	0.0	nan	nan	0.0	0.0
30	0	34	0.0	0.0	nan	nan	0.0	0.0
30	0	31	0.0	0.0	nan	nan	0.0	0.0
30	0	28	0.0	0.0	nan	nan	0.0	0.0
31	0	100	2.452	0.506	12.419	0.62	1.0	1.0
31	0	97	2.097	0.301	12.677	0.475	1.0	1.0
31	0	94	2.0	0.0	12.968	0.547	1.0	1.0
31	0	91	2.0	0.0	13.387	0.558	1.0	1.0
31	0	88	2.0	0.0	13.903	0.473	1.0	1.0
31	0	85	2.0	0.0	14.516	0.57	1.0	1.0
31	0	82	2.0	0.0	15.129	0.718	1.0	1.0
31	0	79	2.0	0.0	15.548	0.624	1.0	1.0
31	0	76	1.871	0.341	16.774	1.283	1.0	1.0
31	0	73	1.6	0.498	17.968	1.329	0.968	1.0
31	0	70	1.278	0.575	19.533	2.113	0.548	0.968
31	0	67	0.222	0.548	22.438	2.159	0.097	0.516
31	0	64	0.0	0.0	25.0	0.0	0.0	0.032
31	0	61	0.0	0.0	nan	nan	0.0	0.0
31	0	58	0.0	0.0	nan	nan	0.0	0.0
31	0	55	0.0	0.0	nan	nan	0.0	0.0
31	0	52	0.0	0.0	nan	nan	0.0	0.0
31	0	49	0.0	0.0	nan	nan	0.0	0.0
31	0	46	0.0	0.0	nan	nan	0.0	0.0
31	0	43	0.0	0.0	nan	nan	0.0	0.0
31	0	40	0.0	0.0	nan	nan	0.0	0.0
31	0	37	0.0	0.0	nan	nan	0.0	0.0
31	0	34	0.0	0.0	nan	nan	0.0	0.0
31	0	31	0.0	0.0	nan	nan	0.0	0.0
31	0	28	0.0	0.0	nan	nan	0.0	0.0
0	1	100	4.065	0.25	13.871	0.341	1.0	1.0
0	1	97	4.0	0.0	14.032	0.18	1.0	1.0
0	1	94	4.0	0.0	14.387	0.558	1.0	1.0
0	1	91	3.71	0.461	15.0	0.577	1.0	1.0
0	1	88	3.419	0.502	15.161	0.454	1.0	1.0
0	1	85	3.161	0.374	15.484	0.626	1.0	1.0
0	1	82	3.032	0.18	16.0	0.632	1.0	1.0
0	1	79	3.0	0.0	16.419	0.72	1.0	1.0
0	1	76	2.839	0.454	17.097	0.746	1.0	1.0
0	1	73	2.032	0.706	18.355	0.915	1.0	1.0
0	1	70	1.387	0.558	19.29	1.371	1.0	1.0
0	1	67	1.033	0.183	21.677	1.956	0.968	1.0
0	1	64	1.033	0.183	23.548	2.234	0.968	1.0
0	1	61	0.548	0.506	25.235	2.251	0.548	0.548
0	1	58	0.032	0.18	25.0	0.0	0.032	0.032
0	1	55	0.0	0.0	nan	nan	0.0	0.0
0	1	52	0.0	0.0	nan	nan	0.0	0.0
0	1	49	0.0	0.0	nan	nan	0.0	0.0
0	1	46	0.0	0.0	nan	nan	0.0	0.0
0	1	43	0.0	0.0	nan	nan	0.0	0.0
0	1	40	0.0	0.0	nan	nan	0.0	0.0
0	1	37	0.0	0.0	nan	nan	0.0	0.0
0	1	34	0.0	0.0	nan	nan	0.0	0.0
0	1	31	0.0	0.0	nan	nan	0.0	0.0
0	1	28	0.0	0.0	nan	nan	0.0	0.0
1	1	100	5.129	0.341	12.129	0.341	1.0	1.0
1	1	97	4.968	0.18	12.419	0.502	1.0	1.0
1	1	94	5.0	0.0	12.742	0.445	1.0	1.0
1	1	91	4.935	0.25	12.968	0.18	1.0	1.0
1	1	88	4.677	0.475	13.258	0.575	1.0	1.0
1	1	85	4.258	0.445	13.419	0.502	1.0	1.0
1	1	82	4.097	0.301	13.871	0.428	1.0	1.0
1	1	79	4.0	0.0	14.129	0.562	1.0	1.0
1	1	76	3.968	0.18	14.71	0.693	1.0	1.0
1	1	73	3.839	0.374	14.871	0.499	1.0	1.0
1	1	70	3.452	0.506	15.645	0.608	1.0	1.0
1	1	67	3.29	0.529	16.548	0.961	1.0	1.0
1	1	64	2.903	0.301	17.226	0.845	1.0	1.0
1	1	61	2.516	0.508	18.323	1.641	1.0	1.0
1	1	58	2.097	0.396	20.065	2.048	1.0	1.0
1	1	55	1.742	0.445	24.29	3.368	1.0	1.0
1	1	52	1.034	0.68	27.56	4.194	0.742	0.806
1	1	49	0.138	0.351	30.0	4.817	0.129	0.194
1	1	46	0.0	0.0	nan	nan	0.0	0.0
1	1	43	0.0	0.0	nan	nan	0.0	0.0
1	1	40	0.0	0.0	nan	nan	0.0	0.0
1	1	37	0.0	0.0	nan	nan	0.0	0.0
1	1	34	0.0	0.0	nan	nan	0.0	0.0
1	1	31	0.0	0.0	nan	nan	0.0	0.0
1	1	28	0.0	0.0	nan	nan	0.0	0.0
2	1	100	4.032	0.315	12.032	0.407	1.0	1.0
2	1	97	4.032	0.18	12.194	0.402	1.0	1.0
2	1	94	4.0	0.0	12.581	0.62	1.0	1.0
2	1	91	4.0	0.0	12.71	0.461	1.0	1.0
2	1	88	4.0	0.0	12.968	0.18	1.0	1.0
2	1	85	3.806	0.402	13.355	0.486	1.0	1.0
2	1	82	3.645	0.486	13.742	0.445	1.0	1.0
2	1	79	3.161	0.374	14.129	0.499	1.0	1.0
2	1	76	3.065	0.25	14.645	0.551	1.0	1.0
2	1	73	3.0	0.0	15.161	0.583	1.0	1.0
2	1	70	3.0	0.0	15.645	0.755	1.0	1.0
2	1	67	3.0	0.0	16.968	0.605	1.0	1.0
2	1	64	2.581	0.564	18.0	0.894	1.0	1.0
2	1	61	1.774	0.617	20.484	2.278	1.0	1.0
2	1	58	1.167	0.531	23.172	3.892	0.903	0.935
2	1	55	0.321	0.476	28.0	4.513	0.29	0.387
2	1	52	0.0	0.0	27.0	0.0	0.0	0.032
2	1	49	0.0	0.0	nan	nan	0.0	0.0
2	1	46	0.0	0.0	nan	nan	0.0	0.0
2	1	43	0.0	0.0	nan	nan	0.0	0.0
2	1	40	0.0	0.0	nan	nan	0.0	0.0
2	1	37	0.0	0.0	nan	nan	0.0	0.0
2	1	34	0.0	0.0	nan	nan	0.0	0.0
2	1	31	0.0	0.0	nan	nan	0.0	0.0
2	1	28	0.0	0.0	nan	nan	0.0	0.0
3	1	100	5.0	0.0	12.839	0.374	1.0	1.0
3	1	97	4.935	0.25	12.903	0.301	1.0	1.0
3	1	94	4.742	0.445	13.065	0.359	1.0	1.0
3	1	91	4.29	0.461	13.194	0.402	1.0	1.0
3	1	88	4.065	0.25	13.516	0.508	1.0	1.0
3	1	85	4.0	0.0	13.935	0.359	1.0	1.0
3	1	82	4.0	0.0	14.129	0.499	1.0	1.0
3	1	79	3.968	0.315	14.581	0.564	1.0	1.0
3	1	76	3.774	0.425	15.0	0.516	1.0	1.0
3	1	73	3.419	0.502	15.581	0.672	1.0	1.0
3	1	70	3.129	0.341	16.387	0.667	1.0	1.0
3	1	67	3.0	0.0	16.71	0.739	1.0	1.0
3	1	64	2.613	0.495	18.194	1.223	1.0	1.0
3	1	61	2.0	0.447	19.516	1.458	1.0	1.0
3	1	58	1.613	0.495	21.645	2.153	1.0	1.0
3	1	55	1.222	0.577	26.345	4.879	0.806	0.935
3	1	52	0.286	0.46	31.727	3.69	0.258	0.355
3	1	49	0.0	0.0	nan	nan	0.0	0.0
3	1	46	0.0	0.0	nan	nan	0.0	0.0
3	1	43	0.0	0.0	nan	nan	0.0	0.0
3	1	40	0.0	0.0	nan	nan	0.0	0.0
3	1	37	0.0	0.0	nan	nan	0.0	0.0
3	1	34	0.0	0.0	nan	nan	0.0	0.0
3	1	31	0.0	0.0	nan	nan	0.0	0.0
3	1	28	0.0	0.0	nan	nan	0.0	0.0
4	1	100	6.387	0.495	11.71	0.461	1.0	1.0
4	1	97	6.129	0.341	12.032	0.18	1.0	1.0
4	1	94	6.032	0.18	11.968	0.18	1.0	1.0
4	1	91	6.0	0.0	12.065	0.359	1.0	1.0
4	1	88	5.645	0.486	12.355	0.551	1.0	1.0
4	1	85	5.484	0.508	12.677	0.541	1.0	1.0
4	1	82	5.065	0.25	13.0	0.365	1.0	1.0
4	1	79	4.968	0.18	13.129	0.341	1.0	1.0
4	1	76	4.968	0.18	13.742	0.773	1.0	1.0
4	1	73	4.774	0.425	14.0	0.516	1.0	1.0
4	1	70	4.387	0.495	14.355	0.486	1.0	1.0
4	1	67	4.097	0.301	15.0	0.73	1.0	1.0
4	1	64	4.0	0.0	15.968	0.752	1.0	1.0
4	1	61	3.968	0.18	16.355	0.755	1.0	1.0
4	1	58	3.677	0.475	17.355	0.95	1.0	1.0
4	1	55	2.871	0.806	18.742	1.39	1.0	1.0
4	1	52	2.129	0.341	21.71	2.283	1.0	1.0
4	1	49	2.0	0.0	24.645	2.939	1.0	1.0
4	1	46	1.733	0.521	29.433	5.569	0.935	0.968
4	1	43	0.806	0.946	29.143	4.167	0.452	0.452
4	1	40	0.032	0.18	41.0	0.0	0.032	0.032
4	1	37	0.0	0.0	nan	nan	0.0	0.0
4	1	34	0.0	0.0	nan	nan	0.0	0.0
4	1	31	0.0	0.0	nan	nan	0.0	0.0
4	1	28	0.0	0.0	nan	nan	0.0	0.0
5	1	100	3.032	0.18	12.935	0.25	1.0	1.0
5	1	97	3.0	0.0	13.29	0.461	1.0	1.0
5	1	94	2.935	0.25	13.452	0.506	1.0	1.0
5	1	91	2.774	0.425	14.0	0.365	1.0	1.0
5	1	88	2.29	0.461	14.226	0.425	1.0	1.0
5	1	85	2.065	0.25	14.613	0.558	1.0	1.0
5	1	82	2.0	0.0	15.097	0.651	1.0	1.0
5	1	79	2.0	0.0	15.968	0.752	1.0	1.0
5	1	76	1.967	0.183	16.581	0.923	0.968	1.0
5	1	73	1.839	0.374	17.258	0.773	1.0	1.0
5	1	70	1.08	0.4	20.067	1.741	0.774	0.968
5	1	67	0.92	0.493	21.556	2.375	0.677	0.871
5	1	64	0.036	0.189	22.75	4.349	0.032	0.129
5	1	61	0.0	0.0	22.0	0.0	0.0	0.032
5	1	58	0.0	0.0	nan	nan	0.0	0.0
5	1	55	0.0	0.0	nan	nan	0.0	0.0
5	1	52	0.0	0.0	nan	nan	0.0	0.0
5	1	49	0.0	0.0	nan	nan	0.0	0.0
5	1	46	0.0	0.0	nan	nan	0.0	0.0
5	1	43	0.0	0.0	nan	nan	0.0	0.0
5	1	40	0.0	0.0	nan	nan	0.0	0.0
5	1	37	0.0	0.0	nan	nan	0.0	0.0
5	1	34	0.0	0.0	nan	nan	0.0	0.0
5	1	31	0.0	0.0	nan	nan	0.0	0.0
5	1	28	0.0	0.0	nan	nan	0.0	0.0
6	1	100	4.581	0.502	12.097	0.301	1.0	1.0
6	1	97	4.516	0.508	12.613	0.495	1.0	1.0
6	1	94	4.129	0.341	12.71	0.529	1.0	1.0
6	1	91	4.032	0.18	12.968	0.315	1.0	1.0
6	1	88	4.0	0.0	13.226	0.425	1.0	1.0
6	1	85	4.0	0.0	13.71	0.588	1.0	1.0
6	1	82	3.871	0.341	13.968	0.482	1.0	1.0
6	1	79	3.613	0.495	14.387	0.495	1.0	1.0
6	1	76	3.194	0.402	15.129	0.67	1.0	1.0
6	1	73	3.129	0.341	15.516	0.57	1.0	1.0
6	1	70	3.0	0.0	16.194	0.601	1.0	1.0
6	1	67	2.839	0.454	17.419	1.311	1.0	1.0
6	1	64	2.452	0.506	18.839	2.672	1.0	1.0
6	1	61	1.71	0.643	20.871	2.32	1.0	1.0
6	1	58	1.258	0.445	23.742	3.306	1.0	1.0
6	1	55	0.731	0.604	29.364	4.855	0.548	0.71
6	1	52	0.0	0.0	nan	nan	0.0	0.0
6	1	49	0.0	0.0	nan	nan	0.0	0.0
6	1	46	0.0	0.0	nan	nan	0.0	0.0
6	1	43	0.0	0.0	nan	nan	0.0	0.0
6	1	40	0.0	0.0	nan	nan	0.0	0.0
6	1	37	0.0	0.0	nan	nan	0.0	0.0
6	1	34	0.0	0.0	nan	nan	0.0	0.0
6	1	31	0.0	0.0	nan	nan	0.0	0.0
6	1	28	0.0	0.0	nan	nan	0.0	0.0
7	1	100	5.742	0.445	11.226	0.425	1.0	1.0
7	1	97	5.452	0.568	11.452	0.506	1.0	1.0
7	1	94	5.226	0.425	11.903	0.301	1.0	1.0
7	1	91	5.032	0.18	11.871	0.428	1.0	1.0
7	1	88	4.968	0.18	12.161	0.374	1.0	1.0
7	1	85	4.71	0.461	12.452	0.506	1.0	1.0
7	1	82	4.484	0.508	12.452	0.506	1.0	1.0
7	1	79	4.065	0.25	13.065	0.574	1.0	1.0
7	1	76	4.0	0.0	13.355	0.486	1.0	1.0
7	1	73	3.968	0.315	13.742	0.514	1.0	1.0
7	1	70	3.71	0.461	13.935	0.442	1.0	1.0
7	1	67	3.484	0.508	14.581	0.564	1.0	1.0
7	1	64	3.226	0.425	15.355	0.839	1.0	1.0
7	1	61	3.097	0.301	15.903	0.746	1.0	1.0
7	1	58	2.806	0.543	16.677	1.4	1.0	1.0
7	1	55	1.839	0.638	18.968	1.538	1.0	1.0
7	1	52	1.323	0.541	20.226	1.857	1.0	1.0
7	1	49	1.0	0.598	21.778	2.407	0.806	0.871
7	1	46	0.517	0.574	24.938	2.744	0.452	0.516
7	1	43	0.0	0.0	nan	nan	0.0	0.0
7	1	40	0.0	0.0	nan	nan	0.0	0.0
7	1	37	0.0	0.0	nan	nan	0.0	0.0
7	1	34	0.0	0.0	nan	nan	0.0	0.0
7	1	31	0.0	0.0	nan	nan	0.0	0.0
7	1	28	0.0	0.0	nan	nan	0.0	0.0
8	1	100	6.581	0.502	12.935	0.359	1.0	1.0
8	1	97	6.161	0.374	12.839	0.454	1.0	1.0
8	1	94	6.032	0.315	13.097	0.473	1.0	1.0
8	1	91	5.871	0.341	13.323	0.541	1.0	1.0
8	1	88	5.548	0.506	13.548	0.568	1.0	1.0
8	1	85	5.419	0.502	13.968	0.407	1.0	1.0
8	1	82	5.0	0.365	14.355	0.486	1.0	1.0
8	1	79	4.968	0.315	14.935	0.574	1.0	1.0
8	1	76	4.548	0.506	15.419	0.672	1.0	1.0
8	1	73	4.194	0.477	16.258	0.682	1.0	1.0
8	1	70	3.871	0.341	17.129	0.991	1.0	1.0
8	1	67	3.452	0.723	18.129	1.522	1.0	1.0
8	1	64	2.968	0.706	18.968	1.14	1.0	1.0
8	1	61	2.258	0.445	21.258	2.206	1.0	1.0
8	1	58	2.065	0.25	23.968	3.516	1.0	1.0
8	1	55	1.759	0.435	28.032	3.488	0.935	1.0
8	1	52	0.733	0.828	30.25	4.726	0.484	0.516
8	1	49	0.033	0.183	39.0	2.828	0.032	0.065
8	1	46	0.0	0.0	nan	nan	0.0	0.0
8	1	43	0.0	0.0	nan	nan	0.0	0.0
8	1	40	0.0	0.0	nan	nan	0.0	0.0
8	1	37	0.0	0.0	nan	nan	0.0	0.0
8	1	34	0.0	0.0	nan	nan	0.0	0.0
8	1	31	0.0	0.0	nan	nan	0.0	0.0
8	1	28	0.0	0.0	nan	nan	0.0	0.0
9	1	100	3.0	0.0	12.387	0.495	1.0	1.0
9	1	97	3.0	0.0	12.677	0.475	1.0	1.0
9	1	94	3.0	0.0	12.935	0.25	1.0	1.0
9	1	91	2.871	0.341	13.032	0.18	1.0	1.0
9	1	88	2.71	0.461	13.419	0.564	1.0	1.0
9	1	85	2.355	0.486	13.774	0.425	1.0	1.0
9	1	82	2.097	0.301	14.194	0.477	1.0	1.0
9	1	79	2.065	0.25	14.645	0.709	1.0	1.0
9	1	76	1.968	0.18	15.194	0.873	1.0	1.0
9	1	73	2.0	0.0	15.903	0.831	1.0	1.0
9	1	70	2.0	0.0	16.71	0.824	1.0	1.0
9	1	67	1.862	0.351	17.613	0.955	0.935	1.0
9	1	64	1.28	0.542	19.6	2.191	0.774	0.968
9	1	61	0.75	0.444	22.346	1.917	0.484	0.839
9	1	58	0.069	0.258	23.5	1.0	0.065	0.129
9	1	55	0.0	0.0	nan	nan	0.0	0.0
9	1	52	0.0	0.0	nan	nan	0.0	0.0
9	1	49	0.0	0.0	nan	nan	0.0	0.0
9	1	46	0.0	0.0	nan	nan	0.0	0.0
9	1	43	0.0	0.0	nan	nan	0.0	0.0
9	1	40	0.0	0.0	nan	nan	0.0	0.0
9	1	37	0.0	0.0	nan	nan	0.0	0.0
9	1	34	0.0	0.0	nan	nan	0.0	0.0
9	1	31	0.0	0.0	nan	nan	0.0	0.0
9	1	28	0.0	0.0	nan	nan	0.0	0.0
10	1	100	4.774	0.425	11.516	0.508	1.0	1.0
10	1	97	4.452	0.506	11.839	0.374	1.0	1.0
10	1	94	4.226	0.425	11.968	0.18	1.0	1.0
10	1	91	4.065	0.25	12.129	0.428	1.0	1.0
10	1	88	4.0	0.0	12.387	0.558	1.0	1.0
10	1	85	4.0	0.0	12.839	0.454	1.0	1.0
10	1	82	3.968	0.18	13.129	0.341	1.0	1.0
10	1	79	3.806	0.402	13.323	0.541	1.0	1.0
10	1	76	3.419	0.502	13.871	0.562	1.0	1.0
10	1	73	3.129	0.341	14.194	0.703	1.0	1.0
10	1	70	3.0	0.258	14.968	0.875	1.0	1.0
10	1	67	3.0	0.0	15.581	0.807	1.0	1.0
10	1	64	3.032	0.18	16.484	0.89	1.0	1.0
10	1	61	2.774	0.497	17.387	1.202	1.0	1.0
10	1	58	1.968	0.752	19.548	1.729	1.0	1.0
10	1	55	1.258	0.445	22.484	2.393	1.0	1.0
10	1	52	0.964	0.637	27.8	4.646	0.71	0.806
10	1	49	0.133	0.346	30.0	5.612	0.129	0.161
10	1	46	0.0	0.0	nan	nan	0.0	0.0
10	1	43	0.0	0.0	nan	nan	0.0	0.0
10	1	40	0.0	0.0	nan	nan	0.0	0.0
10	1	37	0.0	0.0	nan	nan	0.0	0.0
10	1	34	0.0	0.0	nan	nan	0.0	0.0
10	1	31	0.0	0.0	nan	nan	0.0	0.0
10	1	28	0.0	0.0	nan	nan	0.0	0.0
11	1	100	5.968	0.18	12.226	0.425	1.0	1.0
11	1	97	5.452	0.506	12.645	0.486	1.0	1.0
11	1	94	5.29	0.461	12.677	0.475	1.0	1.0
11	1	91	5.065	0.25	13.0	0.0	1.0	1.0
11	1	88	5.0	0.0	13.097	0.301	1.0	1.0
11	1	85	4.968	0.18	13.452	0.506	1.0	1.0
11	1	82	4.806	0.402	13.806	0.477	1.0	1.0
11	1	79	4.677	0.475	14.194	0.477	1.0	1.0
11	1	76	4.161	0.374	14.355	0.551	1.0	1.0
11	1	73	4.032	0.18	14.968	0.706	1.0	1.0
11	1	70	4.0	0.0	15.581	0.62	1.0	1.0
11	1	67	3.871	0.341	16.097	0.651	1.0	1.0
11	1	64	3.742	0.445	16.903	0.87	1.0	1.0
11	1	61	3.258	0.773	17.71	1.039	1.0	1.0
11	1	58	2.355	0.608	19.032	1.516	1.0	1.0
11	1	55	2.065	0.25	20.806	1.25	1.0	1.0
11	1	52	1.968	0.18	24.129	1.996	1.0	1.0
11	1	49	1.759	0.511	27.767	3.875	0.903	0.968
11	1	46	0.708	0.908	34.412	4.678	0.323	0.548
11	1	43	0.0	0.0	38.0	0.0	0.0	0.032
11	1	40	0.0	0.0	nan	nan	0.0	0.0
11	1	37	0.0	0.0	nan	nan	0.0	0.0
11	1	34	0.0	0.0	nan	nan	0.0	0.0
11	1	31	0.0	0.0	nan	nan	0.0	0.0
11	1	28	0.0	0.0	nan	nan	0.0	0.0
12	1	100	3.0	0.0	12.742	0.445	1.0	1.0
12	1	97	3.0	0.0	12.968	0.18	1.0	1.0
12	1	94	3.0	0.0	13.29	0.461	1.0	1.0
12	1	91	2.968	0.18	13.581	0.502	1.0	1.0
12	1	88	2.806	0.402	13.935	0.359	1.0	1.0
12	1	85	2.581	0.502	14.129	0.562	1.0	1.0
12	1	82	2.194	0.402	14.71	0.643	1.0	1.0
12	1	79	2.0	0.0	15.226	0.669	1.0	1.0
12	1	76	2.032	0.18	15.71	0.643	1.0	1.0
12	1	73	2.0	0.0	16.581	1.025	1.0	1.0
12	1	70	1.774	0.425	17.484	0.89	1.0	1.0
12	1	67	1.367	0.556	18.667	1.918	0.935	0.968
12	1	64	1.038	0.528	20.786	2.425	0.742	0.903
12	1	61	0.273	0.456	21.867	2.232	0.194	0.484
12	1	58	0.032	0.18	22.0	0.0	0.032	0.032
12	1	55	0.0	0.0	nan	nan	0.0	0.0
12	1	52	0.0	0.0	nan	nan	0.0	0.0
12	1	49	0.0	0.0	nan	nan	0.0	0.0
12	1	46	0.0	0.0	nan	nan	0.0	0.0
12	1	43	0.0	0.0	nan	nan	0.0	0.0
12	1	40	0.0	0.0	nan	nan	0.0	0.0
12	1	37	0.0	0.0	nan	nan	0.0	0.0
12	1	34	0.0	0.0	nan	nan	0.0	0.0
12	1	31	0.0	0.0	nan	nan	0.0	0.0
12	1	28	0.0	0.0	nan	nan	0.0	0.0
13	1	100	3.968	0.18	11.226	0.425	1.0	1.0
13	1	97	3.968	0.18	11.645	0.486	1.0	1.0
13	1	94	3.935	0.25	11.806	0.402	1.0	1.0
13	1	91	3.839	0.374	11.935	0.25	1.0	1.0
13	1	88	3.29	0.461	12.097	0.396	1.0	1.0
13	1	85	3.097	0.301	12.516	0.508	1.0	1.0
13	1	82	3.0	0.258	12.774	0.497	1.0	1.0
13	1	79	3.0	0.0	13.065	0.442	1.0	1.0
13	1	76	3.0	0.0	13.484	0.57	1.0	1.0
13	1	73	2.806	0.402	14.032	0.657	1.0	1.0
13	1	70	2.323	0.475	14.548	0.675	1.0	1.0
13	1	67	2.032	0.315	15.355	1.17	1.0	1.0
13	1	64	2.129	0.341	15.677	0.791	1.0	1.0
13	1	61	1.871	0.428	17.065	1.315	1.0	1.0
13	1	58	1.419	0.564	18.667	1.561	0.968	0.968
13	1	55	0.81	0.512	21.923	2.529	0.516	0.839
13	1	52	0.103	0.31	22.0	2.55	0.097	0.161
13	1	49	0.0	0.0	nan	nan	0.0	0.0
13	1	46	0.0	0.0	nan	nan	0.0	0.0
13	1	43	0.0	0.0	nan	nan	0.0	0.0
13	1	40	0.0	0.0	nan	nan	0.0	0.0
13	1	37	0.0	0.0	nan	nan	0.0	0.0
13	1	34	0.0	0.0	nan	nan	0.0	0.0
13	1	31	0.0	0.0	nan	nan	0.0	0.0
13	1	28	0.0	0.0	nan	nan	0.0	0.0
14	1	100	4.0	0.0	12.839	0.454	1.0	1.0
14	1	97	3.935	0.25	13.129	0.341	1.0	1.0
14	1	94	3.613	0.495	13.258	0.445	1.0	1.0
14	1	91	3.161	0.374	13.871	0.341	1.0	1.0
14	1	88	3.097	0.301	14.065	0.359	1.0	1.0
14	1	85	3.032	0.18	14.387	0.495	1.0	1.0
14	1	82	3.0	0.0	14.968	0.657	1.0	1.0
14	1	79	3.0	0.0	15.097	0.539	1.0	1.0
14	1	76	2.742	0.445	16.032	0.605	1.0	1.0
14	1	73	2.484	0.57	16.839	1.068	1.0	1.0
14	1	70	1.806	0.543	17.581	0.992	1.0	1.0
14	1	67	1.323	0.475	18.839	1.157	1.0	1.0
14	1	64	1.067	0.254	21.097	2.315	0.968	1.0
14	1	61	0.964	0.189	22.933	1.837	0.871	0.968
14	1	58	0.393	0.497	25.071	1.639	0.355	0.452
14	1	55	0.0	0.0	nan	nan	0.0	0.0
14	1	52	0.0	0.0	nan	nan	0.0	0.0
14	1	49	0.0	0.0	nan	nan	0.0	0.0
14	1	46	0.0	0.0	nan	nan	0.0	0.0
14	1	43	0.0	0.0	nan	nan	0.0	0.0
14	1	40	0.0	0.0	nan	nan	0.0	0.0
14	1	37	0.0	0.0	nan	nan	0.0	0.0
14	1	34	0.0	0.0	nan	nan	0.0	0.0
14	1	31	0.0	0.0	nan	nan	0.0	0.0
14	1	28	0.0	0.0	nan	nan	0.0	0.0
15	1	100	4.161	0.374	12.806	0.477	1.0	1.0
15	1	97	4.0	0.0	12.903	0.396	1.0	1.0
15	1	94	4.0	0.0	13.161	0.454	1.0	1.0
15	1	91	4.0	0.258	13.29	0.461	1.0	1.0
15	1	88	3.806	0.402	13.516	0.508	1.0	1.0
15	1	85	3.581	0.502	14.032	0.315	1.0	1.0
15	1	82	3.161	0.374	14.226	0.56	1.0	1.0
15	1	79	3.032	0.18	14.968	0.547	1.0	1.0
15	1	76	2.968	0.18	15.355	0.486	1.0	1.0
15	1	73	2.903	0.396	16.032	0.657	1.0	1.0
15	1	70	2.645	0.551	16.903	0.79	1.0	1.0
15	1	67	1.935	0.772	17.871	1.36	1.0	1.0
15	1	64	1.452	0.675	19.129	1.432	1.0	1.0
15	1	61	1.0	0.0	21.613	1.726	0.968	1.0
15	1	58	0.742	0.445	23.391	1.751	0.742	0.742
15	1	55	0.133	0.346	25.8	1.643	0.129	0.161
15	1	52	0.0	0.0	nan	nan	0.0	0.0
15	1	49	0.0	0.0	nan	nan	0.0	0.0
15	1	46	0.0	0.0	nan	nan	0.0	0.0
15	1	43	0.0	0.0	nan	nan	0.0	0.0
15	1	40	0.0	0.0	nan	nan	0.0	0.0
15	1	37	0.0	0.0	nan	nan	0.0	0.0
15	1	34	0.0	0.0	nan	nan	0.0	0.0
15	1	31	0.0	0.0	nan	nan	0.0	0.0
15	1	28	0.0	0.0	nan	nan	0.0	0.0
16	1	100	5.032	0.18	12.065	0.359	1.0	1.0
16	1	97	4.903	0.301	12.613	0.558	1.0	1.0
16	1	94	4.71	0.461	12.774	0.425	1.0	1.0
16	1	91	4.548	0.506	12.935	0.512	1.0	1.0
16	1	88	4.323	0.475	13.323	0.475	1.0	1.0
16	1	85	4.129	0.341	13.516	0.508	1.0	1.0
16	1	82	4.0	0.0	13.935	0.512	1.0	1.0
16	1	79	4.0	0.0	14.29	0.461	1.0	1.0
16	1	76	3.677	0.475	14.903	0.539	1.0	1.0
16	1	73	3.355	0.486	15.226	0.617	1.0	1.0
16	1	70	3.194	0.402	15.903	0.831	1.0	1.0
16	1	67	3.0	0.0	16.226	0.884	1.0	1.0
16	1	64	2.613	0.667	17.419	1.025	1.0	1.0
16	1	61	1.742	0.729	18.903	1.62	1.0	1.0
16	1	58	1.516	0.626	20.355	2.288	1.0	1.0
16	1	55	1.129	0.428	23.967	4.635	0.968	0.968
16	1	52	0.355	0.486	25.455	2.77	0.355	0.355
16	1	49	0.097	0.301	26.0	1.0	0.097	0.097
16	1	46	0.0	0.0	nan	nan	0.0	0.0
16	1	43	0.0	0.0	nan	nan	0.0	0.0
16	1	40	0.0	0.0	nan	nan	0.0	0.0
16	1	37	0.0	0.0	nan	nan	0.0	0.0
16	1	34	0.0	0.0	nan	nan	0.0	0.0
16	1	31	0.0	0.0	nan	nan	0.0	0.0
16	1	28	0.0	0.0	nan	nan	0.0	0.0
17	1	100	5.161	0.374	11.226	0.425	1.0	1.0
17	1	97	5.0	0.0	11.71	0.461	1.0	1.0
17	1	94	5.0	0.0	11.839	0.374	1.0	1.0
17	1	91	4.968	0.18	11.935	0.442	1.0	1.0
17	1	88	4.806	0.402	12.065	0.359	1.0	1.0
17	1	85	4.613	0.495	12.355	0.486	1.0	1.0
17	1	82	4.161	0.374	12.742	0.445	1.0	1.0
17	1	79	4.065	0.25	13.097	0.473	1.0	1.0
17	1	76	4.0	0.0	13.419	0.502	1.0	1.0
17	1	73	3.968	0.18	13.839	0.454	1.0	1.0
17	1	70	3.903	0.301	14.161	0.638	1.0	1.0
17	1	67	3.484	0.508	14.71	0.783	1.0	1.0
17	1	64	3.226	0.425	15.548	0.81	1.0	1.0
17	1	61	3.032	0.18	16.032	0.875	1.0	1.0
17	1	58	2.806	0.402	17.613	1.944	1.0	1.0
17	1	55	2.258	0.445	19.387	2.565	1.0	1.0
17	1	52	1.935	0.359	22.194	2.167	1.0	1.0
17	1	49	1.621	0.494	26.71	4.414	0.935	1.0
17	1	46	0.533	0.73	30.0	3.559	0.387	0.419
17	1	43	0.032	0.18	17.0	0.0	0.032	0.032
17	1	40	0.0	0.0	nan	nan	0.0	0.0
17	1	37	0.0	0.0	nan	nan	0.0	0.0
17	1	34	0.0	0.0	nan	nan	0.0	0.0
17	1	31	0.0	0.0	nan	nan	0.0	0.0
17	1	28	0.0	0.0	nan	nan	0.0	0.0
18	1	100	3.0	0.0	13.29	0.461	1.0	1.0
18	1	97	3.0	0.0	13.613	0.495	1.0	1.0
18	1	94	3.0	0.0	13.871	0.341	1.0	1.0
18	1	91	2.968	0.18	14.194	0.703	1.0	1.0
18	1	88	2.903	0.301	14.806	0.477	1.0	1.0
18	1	85	2.645	0.486	15.0	0.516	1.0	1.0
18	1	82	2.258	0.445	15.839	0.638	1.0	1.0
18	1	79	2.032	0.315	16.226	0.805	1.0	1.0
18	1	76	2.0	0.0	17.161	0.688	1.0	1.0
18	1	73	1.548	0.506	18.097	1.076	1.0	1.0
18	1	70	1.194	0.402	19.645	2.939	1.0	1.0
18	1	67	1.0	0.272	21.967	1.921	0.871	0.968
18	1	64	0.542	0.509	23.85	1.725	0.419	0.645
18	1	61	0.0	0.0	27.0	0.0	0.0	0.032
18	1	58	0.0	0.0	nan	nan	0.0	0.0
18	1	55	0.0	0.0	nan	nan	0.0	0.0
18	1	52	0.0	0.0	nan	nan	0.0	0.0
18	1	49	0.0	0.0	nan	nan	0.0	0.0
18	1	46	0.0	0.0	nan	nan	0.0	0.0
18	1	43	0.0	0.0	nan	nan	0.0	0.0
18	1	40	0.0	0.0	nan	nan	0.0	0.0
18	1	37	0.0	0.0	nan	nan	0.0	0.0
18	1	34	0.0	0.0	nan	nan	0.0	0.0
18	1	31	0.0	0.0	nan	nan	0.0	0.0
18	1	28	0.0	0.0	nan	nan	0.0	0.0
19	1	100	6.0	0.0	12.097	0.301	1.0	1.0
19	1	97	5.871	0.341	12.516	0.57	1.0	1.0
19	1	94	5.71	0.461	12.71	0.461	1.0	1.0
19	1	91	5.194	0.402	12.968	0.18	1.0	1.0
19	1	88	5.032	0.18	13.194	0.402	1.0	1.0
19	1	85	5.032	0.18	13.613	0.495	1.0	1.0
19	1	82	4.935	0.25	13.839	0.454	1.0	1.0
19	1	79	4.742	0.445	14.226	0.425	1.0	1.0
19	1	76	4.29	0.461	14.742	0.631	1.0	1.0
19	1	73	4.129	0.341	15.129	0.562	1.0	1.0
19	1	70	4.0	0.0	15.774	0.497	1.0	1.0
19	1	67	3.968	0.18	16.516	0.926	1.0	1.0
19	1	64	3.516	0.677	17.742	1.264	1.0	1.0
19	1	61	2.968	0.795	18.29	1.371	1.0	1.0
19	1	58	2.097	0.301	20.645	1.743	1.0	1.0
19	1	55	2.0	0.0	23.613	2.155	1.0	1.0
19	1	52	1.621	0.677	30.393	5.711	0.839	0.903
19	1	49	0.741	0.903	34.062	5.105	0.387	0.516
19	1	46	0.0	0.0	nan	nan	0.0	0.0
19	1	43	0.0	0.0	nan	nan	0.0	0.0
19	1	40	0.0	0.0	nan	nan	0.0	0.0
19	1	37	0.0	0.0	nan	nan	0.0	0.0
19	1	34	0.0	0.0	nan	nan	0.0	0.0
19	1	31	0.0	0.0	nan	nan	0.0	0.0
19	1	28	0.0	0.0	nan	nan	0.0	0.0
20	1	100	5.0	0.0	12.323	0.541	1.0	1.0
20	1	97	4.935	0.25	12.677	0.475	1.0	1.0
20	1	94	4.581	0.502	12.903	0.301	1.0	1.0
20	1	91	4.226	0.425	13.0	0.258	1.0	1.0
20	1	88	4.097	0.301	13.355	0.486	1.0	1.0
20	1	85	4.0	0.0	13.806	0.402	1.0	1.0
20	1	82	3.968	0.18	14.0	0.365	1.0	1.0
20	1	79	3.935	0.25	14.645	0.661	1.0	1.0
20	1	76	3.581	0.502	14.871	0.619	1.0	1.0
20	1	73	3.355	0.486	15.484	0.57	1.0	1.0
20	1	70	3.032	0.18	16.097	0.746	1.0	1.0
20	1	67	2.903	0.301	17.032	0.983	1.0	1.0
20	1	64	2.548	0.506	18.484	1.458	1.0	1.0
20	1	61	2.0	0.516	19.71	1.716	1.0	1.0
20	1	58	1.742	0.445	20.839	1.573	1.0	1.0
20	1	55	1.129	0.341	23.968	2.702	1.0	1.0
20	1	52	0.935	0.442	25.815	1.922	0.871	0.871
20	1	49	0.167	0.379	29.167	5.601	0.161	0.194
20	1	46	0.0	0.0	nan	nan	0.0	0.0
20	1	43	0.0	0.0	nan	nan	0.0	0.0
20	1	40	0.0	0.0	nan	nan	0.0	0.0
20	1	37	0.0	0.0	nan	nan	0.0	0.0
20	1	34	0.0	0.0	nan	nan	0.0	0.0
20	1	31	0.0	0.0	nan	nan	0.0	0.0
20	1	28	0.0	0.0	nan	nan	0.0	0.0
21	1	100	3.032	0.18	13.097	0.396	1.0	1.0
21	1	97	3.0	0.0	13.355	0.486	1.0	1.0
21	1	94	3.0	0.0	13.677	0.599	1.0	1.0
21	1	91	3.0	0.0	14.097	0.396	1.0	1.0
21	1	88	2.645	0.486	14.677	0.653	1.0	1.0
21	1	85	2.323	0.475	14.871	0.562	1.0	1.0
21	1	82	2.065	0.25	15.419	0.765	1.0	1.0
21	1	79	1.968	0.18	16.419	0.886	1.0	1.0
21	1	76	1.968	0.18	17.419	2.094	1.0	1.0
21	1	73	1.742	0.445	17.839	1.003	1.0	1.0
21	1	70	1.032	0.18	20.032	1.402	1.0	1.0
21	1	67	0.808	0.491	21.44	2.256	0.645	0.806
21	1	64	0.545	0.51	23.619	2.376	0.387	0.677
21	1	61	0.0	0.0	nan	nan	0.0	0.0
21	1	58	0.0	0.0	nan	nan	0.0	0.0
21	1	55	0.0	0.0	nan	nan	0.0	0.0
21	1	52	0.0	0.0	nan	nan	0.0	0.0
21	1	49	0.0	0.0	nan	nan	0.0	0.0
21	1	46	0.0	0.0	nan	nan	0.0	0.0
21	1	43	0.0	0.0	nan	nan	0.0	0.0
21	1	40	0.0	0.0	nan	nan	0.0	0.0
21	1	37	0.0	0.0	nan	nan	0.0	0.0
21	1	34	0.0	0.0	nan	nan	0.0	0.0
21	1	31	0.0	0.0	nan	nan	0.0	0.0
21	1	28	0.0	0.0	nan	nan	0.0	0.0
22	1	100	5.839	0.374	11.839	0.374	1.0	1.0
22	1	97	5.645	0.486	11.871	0.341	1.0	1.0
22	1	94	5.355	0.486	12.0	0.0	1.0	1.0
22	1	91	5.032	0.18	12.194	0.402	1.0	1.0
22	1	88	5.0	0.0	12.355	0.486	1.0	1.0
22	1	85	5.0	0.0	12.71	0.461	1.0	1.0
22	1	82	4.935	0.25	12.968	0.315	1.0	1.0
22	1	79	4.387	0.495	13.355	0.486	1.0	1.0
22	1	76	4.129	0.341	13.645	0.608	1.0	1.0
22	1	73	4.032	0.18	14.129	0.341	1.0	1.0
22	1	70	4.0	0.0	14.581	0.564	1.0	1.0
22	1	67	3.968	0.18	14.968	0.836	1.0	1.0
22	1	64	3.806	0.402	15.968	0.795	1.0	1.0
22	1	61	3.097	0.539	16.968	0.912	1.0	1.0
22	1	58	2.71	0.643	18.516	1.877	1.0	1.0
22	1	55	2.097	0.301	20.097	1.557	1.0	1.0
22	1	52	1.968	0.18	23.323	1.641	1.0	1.0
22	1	49	1.71	0.529	27.0	3.464	0.968	0.968
22	1	46	0.538	0.761	32.067	5.257	0.323	0.484
22	1	43	0.065	0.359	26.0	0.0	0.032	0.032
22	1	40	0.0	0.0	nan	nan	0.0	0.0
22	1	37	0.0	0.0	nan	nan	0.0	0.0
22	1	34	0.0	0.0	nan	nan	0.0	0.0
22	1	31	0.0	0.0	nan	nan	0.0	0.0
22	1	28	0.0	0.0	nan	nan	0.0	0.0
23	1	100	3.0	0.0	13.0	0.365	1.0	1.0
23	1	97	3.0	0.0	13.032	0.18	1.0	1.0
23	1	94	2.903	0.301	13.452	0.506	1.0	1.0
23	1	91	2.968	0.18	13.903	0.396	1.0	1.0
23	1	88	2.645	0.486	14.065	0.359	1.0	1.0
23	1	85	2.29	0.461	14.742	0.729	1.0	1.0
23	1	82	2.0	0.0	15.129	0.806	1.0	1.0
23	1	79	2.0	0.0	15.774	0.717	1.0	1.0
23	1	76	2.0	0.0	16.419	0.765	1.0	1.0
23	1	73	1.935	0.25	17.323	0.748	1.0	1.0
23	1	70	1.467	0.507	19.0	1.673	0.968	1.0
23	1	67	1.0	0.4	21.345	2.365	0.774	0.935
23	1	64	0.55	0.51	22.682	2.533	0.355	0.71
23	1	61	0.0	0.0	nan	nan	0.0	0.0
23	1	58	0.0	0.0	nan	nan	0.0	0.0
23	1	55	0.0	0.0	nan	nan	0.0	0.0
23	1	52	0.0	0.0	nan	nan	0.0	0.0
23	1	49	0.0	0.0	nan	nan	0.0	0.0
23	1	46	0.0	0.0	nan	nan	0.0	0.0
23	1	43	0.0	0.0	nan	nan	0.0	0.0
23	1	40	0.0	0.0	nan	nan	0.0	0.0
23	1	37	0.0	0.0	nan	nan	0.0	0.0
23	1	34	0.0	0.0	nan	nan	0.0	0.0
23	1	31	0.0	0.0	nan	nan	0.0	0.0
23	1	28	0.0	0.0	nan	nan	0.0	0.0
24	1	100	3.645	0.486	12.742	0.445	1.0	1.0
24	1	97	3.129	0.341	13.032	0.18	1.0	1.0
24	1	94	3.097	0.301	13.161	0.454	1.0	1.0
24	1	91	3.032	0.18	13.613	0.558	1.0	1.0
24	1	88	3.0	0.0	13.806	0.402	1.0	1.0
24	1	85	2.968	0.18	14.129	0.499	1.0	1.0
24	1	82	2.968	0.18	14.806	0.477	1.0	1.0
24	1	79	2.581	0.502	14.968	0.482	1.0	1.0
24	1	76	2.419	0.502	15.968	0.752	1.0	1.0
24	1	73	2.032	0.18	16.581	0.765	1.0	1.0
24	1	70	1.839	0.374	17.161	1.44	1.0	1.0
24	1	67	1.419	0.502	18.419	1.025	1.0	1.0
24	1	64	1.1	0.305	20.903	4.541	0.968	1.0
24	1	61	0.808	0.402	22.346	1.958	0.677	0.839
24	1	58	0.25	0.441	25.0	1.491	0.226	0.323
24	1	55	0.0	0.0	nan	nan	0.0	0.0
24	1	52	0.0	0.0	nan	nan	0.0	0.0
24	1	49	0.0	0.0	nan	nan	0.0	0.0
24	1	46	0.0	0.0	nan	nan	0.0	0.0
24	1	43	0.0	0.0	nan	nan	0.0	0.0
24	1	40	0.0	0.0	nan	nan	0.0	0.0
24	1	37	0.0	0.0	nan	nan	0.0	0.0
24	1	34	0.0	0.0	nan	nan	0.0	0.0
24	1	31	0.0	0.0	nan	nan	0.0	0.0
24	1	28	0.0	0.0	nan	nan	0.0	0.0
25	1	100	2.419	0.502	13.323	0.475	1.0	1.0
25	1	97	2.097	0.301	13.71	0.529	1.0	1.0
25	1	94	2.032	0.18	14.129	0.619	1.0	1.0
25	1	91	2.0	0.0	14.387	0.558	1.0	1.0
25	1	88	2.0	0.0	15.097	0.651	1.0	1.0
25	1	85	2.0	0.0	15.71	0.588	1.0	1.0
25	1	82	2.0	0.0	16.194	0.654	1.0	1.0
25	1	79	1.9	0.305	17.0	1.211	0.968	1.0
25	1	76	1.333	0.483	19.065	1.459	0.677	1.0
25	1	73	1.059	0.556	20.414	1.842	0.484	0.935
25	1	70	0.069	0.258	23.25	2.5	0.065	0.129
25	1	67	0.0	0.0	nan	nan	0.0	0.0
25	1	64	0.0	0.0	nan	nan	0.0	0.0
25	1	61	0.0	0.0	nan	nan	0.0	0.0
25	1	58	0.0	0.0	nan	nan	0.0	0.0
25	1	55	0.0	0.0	nan	nan	0.0	0.0
25	1	52	0.0	0.0	nan	nan	0.0	0.0
25	1	49	0.0	0.0	nan	nan	0.0	0.0
25	1	46	0.0	0.0	nan	nan	0.0	0.0
25	1	43	0.0	0.0	nan	nan	0.0	0.0
25	1	40	0.0	0.0	nan	nan	0.0	0.0
25	1	37	0.0	0.0	nan	nan	0.0	0.0
25	1	34	0.0	0.0	nan	nan	0.0	0.0
25	1	31	0.0	0.0	nan	nan	0.0	0.0
25	1	28	0.0	0.0	nan	nan	0.0	0.0
26	1	100	5.613	0.495	12.226	0.425	1.0	1.0
26	1	97	5.258	0.445	12.613	0.495	1.0	1.0
26	1	94	5.032	0.18	12.968	0.18	1.0	1.0
26	1	91	5.0	0.0	12.968	0.18	1.0	1.0
26	1	88	4.935	0.25	13.226	0.497	1.0	1.0
26	1	85	4.806	0.402	13.645	0.486	1.0	1.0
26	1	82	4.548	0.506	14.032	0.407	1.0	1.0
26	1	79	4.097	0.301	14.194	0.402	1.0	1.0
26	1	76	4.032	0.18	14.774	0.56	1.0	1.0
26	1	73	4.0	0.0	15.097	0.539	1.0	1.0
26	1	70	4.0	0.0	15.871	0.67	1.0	1.0
26	1	67	3.645	0.551	16.645	0.608	1.0	1.0
26	1	64	3.161	0.523	17.226	0.884	1.0	1.0
26	1	61	2.419	0.564	18.742	0.999	1.0	1.0
26	1	58	2.065	0.25	20.806	2.358	1.0	1.0
26	1	55	2.0	0.0	23.419	2.218	1.0	1.0
26	1	52	1.828	0.384	28.548	4.226	0.935	1.0
26	1	49	0.72	0.792	32.789	4.341	0.419	0.613
26	1	46	0.0	0.0	nan	nan	0.0	0.0
26	1	43	0.0	0.0	nan	nan	0.0	0.0
26	1	40	0.0	0.0	nan	nan	0.0	0.0
26	1	37	0.0	0.0	nan	nan	0.0	0.0
26	1	34	0.0	0.0	nan	nan	0.0	0.0
26	1	31	0.0	0.0	nan	nan	0.0	0.0
26	1	28	0.0	0.0	nan	nan	0.0	0.0
27	1	100	5.097	0.301	11.71	0.461	1.0	1.0
27	1	97	5.0	0.258	11.871	0.341	1.0	1.0
27	1	94	4.968	0.18	11.871	0.341	1.0	1.0
27	1	91	4.806	0.402	12.065	0.25	1.0	1.0
27	1	88	4.548	0.506	12.29	0.461	1.0	1.0
27	1	85	4.419	0.502	12.29	0.461	1.0	1.0
27	1	82	4.065	0.25	12.935	0.442	1.0	1.0
27	1	79	4.0	0.0	13.0	0.258	1.0	1.0
27	1	76	4.0	0.0	13.387	0.495	1.0	1.0
27	1	73	3.839	0.374	13.71	0.643	1.0	1.0
27	1	70	3.613	0.495	14.097	0.597	1.0	1.0
27	1	67	3.194	0.402	14.516	0.57	1.0	1.0
27	1	64	3.097	0.301	15.097	0.539	1.0	1.0
27	1	61	3.0	0.258	15.903	0.978	1.0	1.0
27	1	58	2.871	0.499	16.903	1.044	1.0	1.0
27	1	55	1.839	0.735	19.258	3.759	1.0	1.0
27	1	52	1.452	0.624	19.548	1.67	1.0	1.0
27	1	49	1.065	0.359	22.3	2.466	0.968	0.968
27	1	46	0.5	0.509	23.75	2.671	0.484	0.516
27	1	43	0.0	0.0	nan	nan	0.0	0.0
27	1	40	0.0	0.0	nan	nan	0.0	0.0
27	1	37	0.0	0.0	nan	nan	0.0	0.0
27	1	34	0.0	0.0	nan	nan	0.0	0.0
27	1	31	0.0	0.0	nan	nan	0.0	0.0
27	1	28	0.0	0.0	nan	nan	0.0	0.0
28	1	100	4.129	0.341	11.71	0.461	1.0	1.0
28	1	97	4.0	0.0	12.0	0.258	1.0	1.0
28	1	94	4.0	0.0	12.032	0.18	1.0	1.0
28	1	91	4.0	0.0	12.065	0.25	1.0	1.0
28	1	88	3.677	0.475	12.581	0.502	1.0	1.0
28	1	85	3.29	0.461	12.871	0.428	1.0	1.0
28	1	82	3.129	0.341	13.161	0.374	1.0	1.0
28	1	79	3.0	0.0	13.484	0.508	1.0	1.0
28	1	76	2.935	0.25	13.968	0.547	1.0	1.0
28	1	73	2.742	0.445	14.258	0.729	1.0	1.0
28	1	70	2.258	0.445	15.032	0.547	1.0	1.0
28	1	67	2.0	0.258	16.032	0.983	1.0	1.0
28	1	64	1.935	0.25	17.032	0.795	1.0	1.0
28	1	61	1.516	0.57	18.533	2.063	0.968	0.968
28	1	58	1.0	0.4	21.897	2.35	0.774	0.935
28	1	55	0.032	0.18	24.0	0.0	0.032	0.032
28	1	52	0.0	0.0	nan	nan	0.0	0.0
28	1	49	0.0	0.0	nan	nan	0.0	0.0
28	1	46	0.0	0.0	nan	nan	0.0	0.0
28	1	43	0.0	0.0	nan	nan	0.0	0.0
28	1	40	0.0	0.0	nan	nan	0.0	0.0
28	1	37	0.0	0.0	nan	nan	0.0	0.0
28	1	34	0.0	0.0	nan	nan	0.0	0.0
28	1	31	0.0	0.0	nan	nan	0.0	0.0
28	1	28	0.0	0.0	nan	nan	0.0	0.0
29	1	100	4.839	0.374	11.29	0.461	1.0	1.0
29	1	97	4.71	0.461	11.645	0.486	1.0	1.0
29	1	94	4.194	0.402	11.871	0.341	1.0	1.0
29	1	91	4.032	0.18	11.968	0.315	1.0	1.0
29	1	88	4.0	0.0	12.323	0.475	1.0	1.0
29	1	85	4.0	0.0	12.677	0.475	1.0	1.0
29	1	82	3.968	0.18	12.742	0.445	1.0	1.0
29	1	79	3.903	0.301	13.161	0.374	1.0	1.0
29	1	76	3.484	0.508	13.484	0.57	1.0	1.0
29	1	73	3.226	0.425	14.194	0.543	1.0	1.0
29	1	70	3.032	0.18	14.355	0.608	1.0	1.0
29	1	67	3.0	0.0	15.29	0.783	1.0	1.0
29	1	64	2.968	0.18	16.065	1.788	1.0	1.0
29	1	61	2.903	0.301	16.968	0.948	1.0	1.0
29	1	58	2.452	0.568	18.387	1.764	1.0	1.0
29	1	55	1.516	0.677	21.0	2.16	1.0	1.0
29	1	52	1.286	0.535	24.867	4.384	0.871	0.968
29	1	49	0.258	0.445	27.625	5.829	0.258	0.258
29	1	46	0.0	0.0	nan	nan	0.0	0.0
29	1	43	0.0	0.0	nan	nan	0.0	0.0
29	1	40	0.0	0.0	nan	nan	0.0	0.0
29	1	37	0.0	0.0	nan	nan	0.0	0.0
29	1	34	0.0	0.0	nan	nan	0.0	0.0
29	1	31	0.0	0.0	nan	nan	0.0	0.0
29	1	28	0.0	0.0	nan	nan	0.0	0.0
30	1	100	4.032	0.18	12.935	0.25	1.0	1.0
30	1	97	4.0	0.0	13.032	0.18	1.0	1.0
30	1	94	3.871	0.341	13.419	0.502	1.0	1.0
30	1	91	3.677	0.475	13.839	0.374	1.0	1.0
30	1	88	3.258	0.445	14.097	0.473	1.0	1.0
30	1	85	3.097	0.301	14.323	0.791	1.0	1.0
30	1	82	3.0	0.0	15.0	0.632	1.0	1.0
30	1	79	2.968	0.18	15.452	1.028	1.0	1.0
30	1	76	3.0	0.0	16.032	0.605	1.0	1.0
30	1	73	2.774	0.425	16.71	0.783	1.0	1.0
30	1	70	2.419	0.502	17.355	0.755	1.0	1.0
30	1	67	1.548	0.723	19.161	1.267	1.0	1.0
30	1	64	1.065	0.25	20.742	1.39	1.0	1.0
30	1	61	0.968	0.18	23.267	2.083	0.968	0.968
30	1	58	0.621	0.494	26.2	3.708	0.581	0.645
30	1	55	0.065	0.25	26.0	2.828	0.065	0.065
30	1	52	0.0	0.0	nan	nan	0.0	0.0
30	1	49	0.0	0.0	nan	nan	0.0	0.0
30	1	46	0.0	0.0	nan	nan	0.0	0.0
30	1	43	0.0	0.0	nan	nan	0.0	0.0
30	1	40	0.0	0.0	nan	nan	0.0	0.0
30	1	37	0.0	0.0	nan	nan	0.0	0.0
30	1	34	0.0	0.0	nan	nan	0.0	0.0
30	1	31	0.0	0.0	nan	nan	0.0	0.0
30	1	28	0.0	0.0	nan	nan	0.0	0.0
31	1	100	4.0	0.0	11.903	0.301	1.0	1.0
31	1	97	3.968	0.18	11.968	0.18	1.0	1.0
31	1	94	3.968	0.18	12.194	0.601	1.0	1.0
31	1	91	3.581	0.502	12.419	0.502	1.0	1.0
31	1	88	3.452	0.506	12.774	0.425	1.0	1.0
31	1	85	3.032	0.18	12.871	0.341	1.0	1.0
31	1	82	3.0	0.0	13.258	0.445	1.0	1.0
31	1	79	3.0	0.0	13.581	0.502	1.0	1.0
31	1	76	3.0	0.0	14.194	0.477	1.0	1.0
31	1	73	3.0	0.0	14.516	0.508	1.0	1.0
31	1	70	2.871	0.341	15.29	0.588	1.0	1.0
31	1	67	2.742	0.445	15.968	0.657	1.0	1.0
31	1	64	2.129	0.499	16.871	0.991	1.0	1.0
31	1	61	1.677	0.599	18.0	1.528	1.0	1.0
31	1	58	1.258	0.445	20.71	3.175	1.0	1.0
31	1	55	0.968	0.18	23.233	2.596	0.968	0.968
31	1	52	0.467	0.507	25.0	4.259	0.452	0.484
31	1	49	0.032	0.18	29.0	0.0	0.032	0.032
31	1	46	0.0	0.0	nan	nan	0.0	0.0
31	1	43	0.0	0.0	nan	nan	0.0	0.0
31	1	40	0.0	0.0	nan	nan	0.0	0.0
31	1	37	0.0	0.0	nan	nan	0.0	0.0
31	1	34	0.0	0.0	nan	nan	0.0	0.0
31	1	31	0.0	0.0	nan	nan	0.0	0.0
31	1	28	0.0	0.0	nan	nan	0.0	0.0
0	2	100	5.0	0.0	11.065	0.25	1.0	1.0
0	2	97	5.0	0.0	11.355	0.486	1.0	1.0
0	2	94	4.935	0.25	11.71	0.461	1.0	1.0
0	2	91	4.742	0.445	11.968	0.407	1.0	1.0
0	2	88	4.226	0.425	12.161	0.374	1.0	1.0
0	2	85	4.0	0.0	12.452	0.506	1.0	1.0
0	2	82	3.968	0.18	12.871	0.499	1.0	1.0
0	2	79	4.0	0.0	13.032	0.547	1.0	1.0
0	2	76	3.935	0.25	14.032	0.657	1.0	1.0
0	2	73	3.71	0.461	14.323	0.653	1.0	1.0
0	2	70	3.29	0.529	15.161	0.934	1.0	1.0
0	2	67	3.129	0.341	16.0	0.632	1.0	1.0
0	2	64	2.968	0.315	17.226	1.023	1.0	1.0
0	2	61	2.548	0.506	18.29	1.346	1.0	1.0
0	2	58	2.065	0.359	21.452	2.919	1.0	1.0
0	2	55	1.613	0.495	24.226	2.012	1.0	1.0
0	2	52	0.964	0.637	29.44	4.053	0.71	0.806
0	2	49	0.0	0.0	38.0	0.0	0.0	0.032
0	2	46	0.0	0.0	nan	nan	0.0	0.0
0	2	43	0.0	0.0	nan	nan	0.0	0.0
0	2	40	0.0	0.0	nan	nan	0.0	0.0
0	2	37	0.0	0.0	nan	nan	0.0	0.0
0	2	34	0.0	0.0	nan	nan	0.0	0.0
0	2	31	0.0	0.0	nan	nan	0.0	0.0
0	2	28	0.0	0.0	nan	nan	0.0	0.0
1	2	100	3.0	0.0	12.032	0.315	1.0	1.0
1	2	97	2.968	0.18	12.258	0.445	1.0	1.0
1	2	94	2.968	0.18	12.355	0.486	1.0	1.0
1	2	91	2.903	0.301	12.903	0.396	1.0	1.0
1	2	88	2.613	0.495	13.129	0.341	1.0	1.0
1	2	85	2.161	0.374	13.516	0.508	1.0	1.0
1	2	82	2.065	0.25	14.0	0.577	1.0	1.0
1	2	79	2.0	0.0	14.419	0.62	1.0	1.0
1	2	76	2.0	0.0	15.161	0.735	1.0	1.0
1	2	73	2.0	0.0	15.871	0.846	1.0	1.0
1	2	70	2.0	0.0	16.581	0.765	1.0	1.0
1	2	67	1.7	0.466	17.71	1.243	0.968	1.0
1	2	64	1.154	0.464	19.533	2.097	0.806	0.968
1	2	61	0.348	0.487	22.938	1.692	0.258	0.516
1	2	58	0.033	0.183	21.5	2.121	0.032	0.065
1	2	55	0.0	0.0	nan	nan	0.0	0.0
1	2	52	0.0	0.0	nan	nan	0.0	0.0
1	2	49	0.0	0.0	nan	nan	0.0	0.0
1	2	46	0.0	0.0	nan	nan	0.0	0.0
1	2	43	0.0	0.0	nan	nan	0.0	0.0
1	2	40	0.0	0.0	nan	nan	0.0	0.0
1	2	37	0.0	0.0	nan	nan	0.0	0.0
1	2	34	0.0	0.0	nan	nan	0.0	0.0
1	2	31	0.0	0.0	nan	nan	0.0	0.0
1	2	28	0.0	0.0	nan	nan	0.0	0.0
2	2	100	3.452	0.506	11.935	0.25	1.0	1.0
2	2	97	3.161	0.374	12.0	0.0	1.0	1.0
2	2	94	3.032	0.18	12.419	0.564	1.0	1.0
2	2	91	3.0	0.0	12.613	0.495	1.0	1.0
2	2	88	2.968	0.18	13.032	0.18	1.0	1.0
2	2	85	2.968	0.18	13.29	0.643	1.0	1.0
2	2	82	2.774	0.425	13.645	0.486	1.0	1.0
2	2	79	2.29	0.461	14.097	0.651	1.0	1.0
2	2	76	2.065	0.25	14.677	0.653	1.0	1.0
2	2	73	2.0	0.0	15.29	0.902	1.0	1.0
2	2	70	2.0	0.0	16.29	0.902	1.0	1.0
2	2	67	1.871	0.341	17.065	1.389	1.0	1.0
2	2	64	1.387	0.495	18.935	2.016	1.0	1.0
2	2	61	0.893	0.315	20.893	1.707	0.806	0.903
2	2	58	0.136	0.351	24.0	1.907	0.097	0.387
2	2	55	0.032	0.18	27.0	0.0	0.032	0.032
2	2	52	0.0	0.0	nan	nan	0.0	0.0
2	2	49	0.0	0.0	nan	nan	0.0	0.0
2	2	46	0.0	0.0	nan	nan	0.0	0.0
2	2	43	0.0	0.0	nan	nan	0.0	0.0
2	2	40	0.0	0.0	nan	nan	0.0	0.0
2	2	37	0.0	0.0	nan	nan	0.0	0.0
2	2	34	0.0	0.0	nan	nan	0.0	0.0
2	2	31	0.0	0.0	nan	nan	0.0	0.0
2	2	28	0.0	0.0	nan	nan	0.0	0.0
3	2	100	3.968	0.18	11.581	0.502	1.0	1.0
3	2	97	4.0	0.0	11.806	0.402	1.0	1.0
3	2	94	3.935	0.25	11.935	0.25	1.0	1.0
3	2	91	3.806	0.402	12.065	0.359	1.0	1.0
3	2	88	3.484	0.508	12.355	0.486	1.0	1.0
3	2	85	3.194	0.402	12.581	0.564	1.0	1.0
3	2	82	3.0	0.0	12.968	0.706	1.0	1.0
3	2	79	3.032	0.18	13.29	0.588	1.0	1.0
3	2	76	2.935	0.25	13.935	0.442	1.0	1.0
3	2	73	2.903	0.301	14.29	0.643	1.0	1.0
3	2	70	2.839	0.374	15.161	0.735	1.0	1.0
3	2	67	2.29	0.529	15.871	0.846	1.0	1.0
3	2	64	2.032	0.407	16.71	1.216	1.0	1.0
3	2	61	1.581	0.502	18.0	1.732	1.0	1.0
3	2	58	1.387	0.558	19.677	2.482	1.0	1.0
3	2	55	1.0	0.371	22.207	2.717	0.903	0.935
3	2	52	0.214	0.418	26.444	1.81	0.194	0.29
3	2	49	0.0	0.0	nan	nan	0.0	0.0
3	2	46	0.0	0.0	nan	nan	0.0	0.0
3	2	43	0.0	0.0	nan	nan	0.0	0.0
3	2	40	0.0	0.0	nan	nan	0.0	0.0
3	2	37	0.0	0.0	nan	nan	0.0	0.0
3	2	34	0.0	0.0	nan	nan	0.0	0.0
3	2	31	0.0	0.0	nan	nan	0.0	0.0
3	2	28	0.0	0.0	nan	nan	0.0	0.0
4	2	100	5.0	0.0	11.161	0.374	1.0	1.0
4	2	97	4.871	0.341	11.355	0.486	1.0	1.0
4	2	94	4.548	0.506	11.581	0.502	1.0	1.0
4	2	91	4.161	0.374	11.742	0.445	1.0	1.0
4	2	88	4.065	0.25	11.903	0.301	1.0	1.0
4	2	85	4.032	0.18	12.129	0.499	1.0	1.0
4	2	82	4.0	0.0	12.677	0.475	1.0	1.0
4	2	79	3.903	0.301	13.032	0.407	1.0	1.0
4	2	76	3.774	0.425	13.258	0.514	1.0	1.0
4	2	73	3.452	0.506	13.71	0.643	1.0	1.0
4	2	70	3.194	0.402	14.355	0.486	1.0	1.0
4	2	67	3.032	0.18	14.645	0.877	1.0	1.0
4	2	64	3.032	0.18	15.516	0.769	1.0	1.0
4	2	61	2.968	0.18	16.581	1.148	1.0	1.0
4	2	58	2.548	0.506	18.226	1.783	1.0	1.0
4	2	55	2.065	0.574	20.194	2.197	1.0	1.0
4	2	52	1.516	0.57	24.033	3.746	0.968	0.968
4	2	49	0.862	0.743	26.429	3.763	0.613	0.677
4	2	46	0.0	0.0	nan	nan	0.0	0.0
4	2	43	0.0	0.0	nan	nan	0.0	0.0
4	2	40	0.0	0.0	nan	nan	0.0	0.0
4	2	37	0.0	0.0	nan	nan	0.0	0.0
4	2	34	0.0	0.0	nan	nan	0.0	0.0
4	2	31	0.0	0.0	nan	nan	0.0	0.0
4	2	28	0.0	0.0	nan	nan	0.0	0.0
5	2	100	4.0	0.0	12.129	0.341	1.0	1.0
5	2	97	4.0	0.0	12.323	0.475	1.0	1.0
5	2	94	4.0	0.0	12.806	0.402	1.0	1.0
5	2	91	4.0	0.0	12.871	0.428	1.0	1.0
5	2	88	3.774	0.425	13.258	0.514	1.0	1.0
5	2	85	3.548	0.506	13.548	0.506	1.0	1.0
5	2	82	3.065	0.25	14.129	0.562	1.0	1.0
5	2	79	3.0	0.0	14.355	0.551	1.0	1.0
5	2	76	3.032	0.18	15.226	0.669	1.0	1.0
5	2	73	3.0	0.0	15.968	0.752	1.0	1.0
5	2	70	2.677	0.599	17.71	1.97	1.0	1.0
5	2	67	2.29	0.824	18.548	1.434	1.0	1.0
5	2	64	1.452	0.624	20.355	2.058	1.0	1.0
5	2	61	1.161	0.523	22.067	2.716	0.968	0.968
5	2	58	0.833	0.531	25.5	3.73	0.742	0.774
5	2	55	0.033	0.183	33.5	2.121	0.032	0.065
5	2	52	0.0	0.0	nan	nan	0.0	0.0
5	2	49	0.0	0.0	nan	nan	0.0	0.0
5	2	46	0.0	0.0	nan	nan	0.0	0.0
5	2	43	0.0	0.0	nan	nan	0.0	0.0
5	2	40	0.0	0.0	nan	nan	0.0	0.0
5	2	37	0.0	0.0	nan	nan	0.0	0.0
5	2	34	0.0	0.0	nan	nan	0.0	0.0
5	2	31	0.0	0.0	nan	nan	0.0	0.0
5	2	28	0.0	0.0	nan	nan	0.0	0.0
6	2	100	4.452	0.506	11.323	0.475	1.0	1.0
6	2	97	4.355	0.486	11.742	0.445	1.0	1.0
6	2	94	4.0	0.0	11.871	0.428	1.0	1.0
6	2	91	4.032	0.18	11.935	0.25	1.0	1.0
6	2	88	4.0	0.0	12.258	0.445	1.0	1.0
6	2	85	3.968	0.18	12.71	0.461	1.0	1.0
6	2	82	3.871	0.341	13.0	0.258	1.0	1.0
6	2	79	3.71	0.461	13.161	0.523	1.0	1.0
6	2	76	3.258	0.445	13.806	0.543	1.0	1.0
6	2	73	3.032	0.18	14.065	0.442	1.0	1.0
6	2	70	3.0	0.0	15.032	0.912	1.0	1.0
6	2	67	3.0	0.0	15.516	0.996	1.0	1.0
6	2	64	2.968	0.18	16.323	0.832	1.0	1.0
6	2	61	2.516	0.57	18.097	1.446	1.0	1.0
6	2	58	1.806	0.703	19.548	2.204	1.0	1.0
6	2	55	1.355	0.608	22.226	2.704	1.0	1.0
6	2	52	0.966	0.325	26.862	4.58	0.871	0.935
6	2	49	0.241	0.511	31.75	3.327	0.194	0.258
6	2	46	0.0	0.0	nan	nan	0.0	0.0
6	2	43	0.0	0.0	nan	nan	0.0	0.0
6	2	40	0.0	0.0	nan	nan	0.0	0.0
6	2	37	0.0	0.0	nan	nan	0.0	0.0
6	2	34	0.0	0.0	nan	nan	0.0	0.0
6	2	31	0.0	0.0	nan	nan	0.0	0.0
6	2	28	0.0	0.0	nan	nan	0.0	0.0
7	2	100	4.0	0.0	11.774	0.497	1.0	1.0
7	2	97	3.968	0.18	11.968	0.18	1.0	1.0
7	2	94	3.645	0.486	12.161	0.374	1.0	1.0
7	2	91	3.29	0.461	12.355	0.551	1.0	1.0
7	2	88	3.032	0.18	12.71	0.461	1.0	1.0
7	2	85	3.0	0.0	12.968	0.605	1.0	1.0
7	2	82	3.0	0.0	13.516	0.57	1.0	1.0
7	2	79	2.935	0.25	13.806	0.601	1.0	1.0
7	2	76	2.871	0.341	14.645	0.839	1.0	1.0
7	2	73	2.516	0.508	15.032	0.657	1.0	1.0
7	2	70	2.161	0.374	15.968	0.706	1.0	1.0
7	2	67	2.032	0.18	16.419	0.765	1.0	1.0
7	2	64	1.613	0.558	18.194	1.302	1.0	1.0
7	2	61	1.355	0.486	19.161	1.551	1.0	1.0
7	2	58	0.889	0.424	22.333	2.253	0.742	0.871
7	2	55	0.148	0.362	23.25	3.284	0.129	0.258
7	2	52	0.0	0.0	nan	nan	0.0	0.0
7	2	49	0.0	0.0	nan	nan	0.0	0.0
7	2	46	0.0	0.0	nan	nan	0.0	0.0
7	2	43	0.0	0.0	nan	nan	0.0	0.0
7	2	40	0.0	0.0	nan	nan	0.0	0.0
7	2	37	0.0	0.0	nan	nan	0.0	0.0
7	2	34	0.0	0.0	nan	nan	0.0	0.0
7	2	31	0.0	0.0	nan	nan	0.0	0.0
7	2	28	0.0	0.0	nan	nan	0.0	0.0
8	2	100	4.0	0.0	11.677	0.541	1.0	1.0
8	2	97	3.903	0.301	11.839	0.454	1.0	1.0
8	2	94	3.677	0.475	12.032	0.315	1.0	1.0
8	2	91	3.29	0.461	12.065	0.359	1.0	1.0
8	2	88	3.129	0.341	12.419	0.502	1.0	1.0
8	2	85	3.032	0.18	12.871	0.428	1.0	1.0
8	2	82	3.0	0.0	13.161	0.583	1.0	1.0
8	2	79	2.968	0.18	13.452	0.568	1.0	1.0
8	2	76	2.71	0.461	13.935	0.442	1.0	1.0
8	2	73	2.452	0.506	14.387	0.615	1.0	1.0
8	2	70	2.419	0.502	15.129	0.718	1.0	1.0
8	2	67	2.161	0.374	15.548	0.81	1.0	1.0
8	2	64	1.968	0.315	16.968	1.08	1.0	1.0
8	2	61	1.548	0.506	18.548	2.779	1.0	1.0
8	2	58	0.966	0.68	20.125	2.309	0.71	0.774
8	2	55	0.792	0.415	22.923	3.123	0.613	0.839
8	2	52	0.033	0.183	21.5	6.364	0.032	0.065
8	2	49	0.0	0.0	nan	nan	0.0	0.0
8	2	46	0.0	0.0	nan	nan	0.0	0.0
8	2	43	0.0	0.0	nan	nan	0.0	0.0
8	2	40	0.0	0.0	nan	nan	0.0	0.0
8	2	37	0.0	0.0	nan	nan	0.0	0.0
8	2	34	0.0	0.0	nan	nan	0.0	0.0
8	2	31	0.0	0.0	nan	nan	0.0	0.0
8	2	28	0.0	0.0	nan	nan	0.0	0.0
9	2	100	5.968	0.18	11.548	0.506	1.0	1.0
9	2	97	5.903	0.396	11.742	0.445	1.0	1.0
9	2	94	5.355	0.486	11.806	0.402	1.0	1.0
9	2	91	5.29	0.461	12.032	0.18	1.0	1.0
9	2	88	5.032	0.407	12.194	0.402	1.0	1.0
9	2	85	4.935	0.25	12.355	0.486	1.0	1.0
9	2	82	4.806	0.402	12.677	0.475	1.0	1.0
9	2	79	4.645	0.486	12.935	0.442	1.0	1.0
9	2	76	4.355	0.486	13.29	0.588	1.0	1.0
9	2	73	4.097	0.301	13.935	0.727	1.0	1.0
9	2	70	3.903	0.301	13.968	0.706	1.0	1.0
9	2	67	3.71	0.461	14.677	0.653	1.0	1.0
9	2	64	3.581	0.502	15.194	0.833	1.0	1.0
9	2	61	3.161	0.374	16.0	0.931	1.0	1.0
9	2	58	2.968	0.482	16.484	1.18	1.0	1.0
9	2	55	2.419	0.62	17.968	1.622	1.0	1.0
9	2	52	1.645	0.608	20.0	1.789	1.0	1.0
9	2	49	1.323	0.599	21.633	2.723	0.968	0.968
9	2	46	0.533	0.629	25.133	3.27	0.452	0.484
9	2	43	0.31	0.541	27.8	2.53	0.258	0.323
9	2	40	0.0	0.0	nan	nan	0.0	0.0
9	2	37	0.0	0.0	nan	nan	0.0	0.0
9	2	34	0.0	0.0	nan	nan	0.0	0.0
9	2	31	0.0	0.0	nan	nan	0.0	0.0
9	2	28	0.0	0.0	nan	nan	0.0	0.0
10	2	100	5.097	0.301	11.194	0.402	1.0	1.0
10	2	97	4.935	0.25	11.452	0.506	1.0	1.0
10	2	94	4.774	0.425	11.774	0.425	1.0	1.0
10	2	91	4.774	0.425	12.129	0.341	1.0	1.0
10	2	88	4.387	0.495	12.129	0.428	1.0	1.0
10	2	85	4.065	0.25	12.452	0.506	1.0	1.0
10	2	82	4.097	0.301	12.742	0.682	1.0	1.0
10	2	79	3.935	0.25	13.129	0.67	1.0	1.0
10	2	76	3.71	0.461	13.323	0.599	1.0	1.0
10	2	73	3.548	0.506	13.903	0.651	1.0	1.0
10	2	70	3.323	0.475	14.355	0.877	1.0	1.0
10	2	67	3.258	0.445	14.935	0.772	1.0	1.0
10	2	64	3.0	0.0	15.677	0.832	1.0	1.0
10	2	61	2.806	0.477	16.516	1.208	1.0	1.0
10	2	58	2.548	0.723	17.645	1.355	1.0	1.0
10	2	55	1.613	0.667	20.065	2.22	1.0	1.0
10	2	52	1.226	0.425	22.097	1.886	1.0	1.0
10	2	49	0.889	0.641	25.64	3.882	0.677	0.806
10	2	46	0.067	0.254	25.0	1.732	0.065	0.097
10	2	43	0.0	0.0	nan	nan	0.0	0.0
10	2	40	0.0	0.0	nan	nan	0.0	0.0
10	2	37	0.0	0.0	nan	nan	0.0	0.0
10	2	34	0.0	0.0	nan	nan	0.0	0.0
10	2	31	0.0	0.0	nan	nan	0.0	0.0
10	2	28	0.0	0.0	nan	nan	0.0	0.0
11	2	100	3.065	0.25	12.258	0.445	1.0	1.0
11	2	97	3.0	0.0	12.645	0.486	1.0	1.0
11	2	94	3.0	0.0	12.71	0.461	1.0	1.0
11	2	91	3.0	0.0	13.194	0.477	1.0	1.0
11	2	88	2.968	0.18	13.355	0.486	1.0	1.0
11	2	85	2.871	0.341	13.903	0.396	1.0	1.0
11	2	82	2.452	0.506	14.387	0.558	1.0	1.0
11	2	79	2.258	0.445	14.742	0.575	1.0	1.0
11	2	76	2.097	0.301	15.387	0.715	1.0	1.0
11	2	73	2.0	0.0	16.194	0.792	1.0	1.0
11	2	70	1.935	0.25	17.194	0.91	1.0	1.0
11	2	67	1.533	0.507	18.645	1.817	0.968	1.0
11	2	64	1.036	0.508	19.643	1.471	0.806	0.903
11	2	61	0.5	0.509	22.438	1.931	0.484	0.516
11	2	58	0.032	0.18	21.0	0.0	0.032	0.032
11	2	55	0.0	0.0	nan	nan	0.0	0.0
11	2	52	0.0	0.0	nan	nan	0.0	0.0
11	2	49	0.0	0.0	nan	nan	0.0	0.0
11	2	46	0.0	0.0	nan	nan	0.0	0.0
11	2	43	0.0	0.0	nan	nan	0.0	0.0
11	2	40	0.0	0.0	nan	nan	0.0	0.0
11	2	37	0.0	0.0	nan	nan	0.0	0.0
11	2	34	0.0	0.0	nan	nan	0.0	0.0
11	2	31	0.0	0.0	nan	nan	0.0	0.0
11	2	28	0.0	0.0	nan	nan	0.0	0.0
12	2	100	5.032	0.18	12.0	0.0	1.0	1.0
12	2	97	5.0	0.0	12.065	0.25	1.0	1.0
12	2	94	5.0	0.258	12.226	0.425	1.0	1.0
12	2	91	5.0	0.0	12.387	0.495	1.0	1.0
12	2	88	4.71	0.461	12.677	0.541	1.0	1.0
12	2	85	4.323	0.475	12.935	0.512	1.0	1.0
12	2	82	4.097	0.301	13.194	0.402	1.0	1.0
12	2	79	4.0	0.0	13.71	0.588	1.0	1.0
12	2	76	3.968	0.18	14.129	0.499	1.0	1.0
12	2	73	3.839	0.374	14.903	0.597	1.0	1.0
12	2	70	3.645	0.486	15.129	0.67	1.0	1.0
12	2	67	3.323	0.475	15.935	0.892	1.0	1.0
12	2	64	2.968	0.407	16.903	1.044	1.0	1.0
12	2	61	2.581	0.502	18.194	1.327	1.0	1.0
12	2	58	2.226	0.497	19.71	2.036	1.0	1.0
12	2	55	1.806	0.402	22.71	1.321	1.0	1.0
12	2	52	1.452	0.506	25.548	2.767	1.0	1.0
12	2	49	0.519	0.643	29.5	4.502	0.387	0.516
12	2	46	0.032	0.18	33.0	0.0	0.032	0.032
12	2	43	0.0	0.0	nan	nan	0.0	0.0
12	2	40	0.0	0.0	nan	nan	0.0	0.0
12	2	37	0.0	0.0	nan	nan	0.0	0.0
12	2	34	0.0	0.0	nan	nan	0.0	0.0
12	2	31	0.0	0.0	nan	nan	0.0	0.0
12	2	28	0.0	0.0	nan	nan	0.0	0.0
13	2	100	4.774	0.425	11.935	0.25	1.0	1.0
13	2	97	4.645	0.486	12.032	0.18	1.0	1.0
13	2	94	4.226	0.425	12.258	0.514	1.0	1.0
13	2	91	4.065	0.25	12.677	0.475	1.0	1.0
13	2	88	4.0	0.258	12.903	0.301	1.0	1.0
13	2	85	3.871	0.341	13.29	0.461	1.0	1.0
13	2	82	3.71	0.461	13.548	0.506	1.0	1.0
13	2	79	3.355	0.486	14.0	0.577	1.0	1.0
13	2	76	3.161	0.374	14.71	0.643	1.0	1.0
13	2	73	3.0	0.258	15.258	0.93	1.0	1.0
13	2	70	2.935	0.25	15.903	0.79	1.0	1.0
13	2	67	2.548	0.506	16.935	0.772	1.0	1.0
13	2	64	1.903	0.539	17.613	0.919	1.0	1.0
13	2	61	1.233	0.43	20.129	3.334	0.968	1.0
13	2	58	0.967	0.49	21.926	2.385	0.839	0.871
13	2	55	0.267	0.45	24.889	1.537	0.258	0.29
13	2	52	0.0	0.0	nan	nan	0.0	0.0
13	2	49	0.0	0.0	nan	nan	0.0	0.0
13	2	46	0.0	0.0	nan	nan	0.0	0.0
13	2	43	0.0	0.0	nan	nan	0.0	0.0
13	2	40	0.0	0.0	nan	nan	0.0	0.0
13	2	37	0.0	0.0	nan	nan	0.0	0.0
13	2	34	0.0	0.0	nan	nan	0.0	0.0
13	2	31	0.0	0.0	nan	nan	0.0	0.0
13	2	28	0.0	0.0	nan	nan	0.0	0.0
14	2	100	3.0	0.0	11.968	0.18	1.0	1.0
14	2	97	3.0	0.0	12.194	0.402	1.0	1.0
14	2	94	3.0	0.0	12.323	0.475	1.0	1.0
14	2	91	2.968	0.18	12.871	0.428	1.0	1.0
14	2	88	2.742	0.445	13.065	0.512	1.0	1.0
14	2	85	2.387	0.495	13.419	0.502	1.0	1.0
14	2	82	2.194	0.402	13.645	0.551	1.0	1.0
14	2	79	2.032	0.18	14.226	0.56	1.0	1.0
14	2	76	2.0	0.0	14.419	0.502	1.0	1.0
14	2	73	1.968	0.18	15.258	0.855	1.0	1.0
14	2	70	2.0	0.0	15.968	0.875	1.0	1.0
14	2	67	1.903	0.396	16.6	1.07	0.968	0.968
14	2	64	1.607	0.497	18.194	1.621	0.903	1.0
14	2	61	1.286	0.726	20.69	2.727	0.387	0.935
14	2	58	0.043	0.209	22.111	3.06	0.032	0.29
14	2	55	0.0	0.0	nan	nan	0.0	0.0
14	2	52	0.0	0.0	nan	nan	0.0	0.0
14	2	49	0.0	0.0	nan	nan	0.0	0.0
14	2	46	0.0	0.0	nan	nan	0.0	0.0
14	2	43	0.0	0.0	nan	nan	0.0	0.0
14	2	40	0.0	0.0	nan	nan	0.0	0.0
14	2	37	0.0	0.0	nan	nan	0.0	0.0
14	2	34	0.0	0.0	nan	nan	0.0	0.0
14	2	31	0.0	0.0	nan	nan	0.0	0.0
14	2	28	0.0	0.0	nan	nan	0.0	0.0
15	2	100	5.0	0.0	11.387	0.495	1.0	1.0
15	2	97	5.0	0.0	11.613	0.495	1.0	1.0
15	2	94	4.935	0.25	11.839	0.374	1.0	1.0
15	2	91	4.645	0.486	12.065	0.25	1.0	1.0
15	2	88	4.258	0.445	12.258	0.445	1.0	1.0
15	2	85	4.032	0.18	12.71	0.461	1.0	1.0
15	2	82	4.0	0.0	13.0	0.258	1.0	1.0
15	2	79	4.0	0.0	13.419	0.502	1.0	1.0
15	2	76	4.0	0.0	13.677	0.475	1.0	1.0
15	2	73	3.484	0.508	14.419	0.502	1.0	1.0
15	2	70	3.323	0.475	14.71	0.643	1.0	1.0
15	2	67	3.097	0.301	15.452	0.624	1.0	1.0
15	2	64	3.0	0.0	16.258	0.93	1.0	1.0
15	2	61	2.935	0.359	16.871	1.147	1.0	1.0
15	2	58	2.548	0.506	18.452	1.261	1.0	1.0
15	2	55	1.839	0.454	21.484	2.127	1.0	1.0
15	2	52	1.323	0.475	24.548	2.188	1.0	1.0
15	2	49	0.964	0.576	27.808	3.98	0.742	0.839
15	2	46	0.033	0.183	34.5	2.121	0.032	0.065
15	2	43	0.0	0.0	nan	nan	0.0	0.0
15	2	40	0.0	0.0	nan	nan	0.0	0.0
15	2	37	0.0	0.0	nan	nan	0.0	0.0
15	2	34	0.0	0.0	nan	nan	0.0	0.0
15	2	31	0.0	0.0	nan	nan	0.0	0.0
15	2	28	0.0	0.0	nan	nan	0.0	0.0
16	2	100	5.0	0.0	11.581	0.502	1.0	1.0
16	2	97	5.0	0.0	11.71	0.461	1.0	1.0
16	2	94	5.0	0.0	11.871	0.341	1.0	1.0
16	2	91	4.903	0.301	12.097	0.473	1.0	1.0
16	2	88	4.613	0.495	12.097	0.301	1.0	1.0
16	2	85	4.419	0.502	12.387	0.615	1.0	1.0
16	2	82	4.097	0.301	12.903	0.301	1.0	1.0
16	2	79	4.0	0.0	13.226	0.425	1.0	1.0
16	2	76	4.0	0.0	13.516	0.508	1.0	1.0
16	2	73	4.0	0.0	13.935	0.512	1.0	1.0
16	2	70	3.935	0.25	14.516	0.508	1.0	1.0
16	2	67	3.71	0.461	15.161	0.688	1.0	1.0
16	2	64	3.194	0.402	15.806	0.833	1.0	1.0
16	2	61	3.0	0.447	17.065	1.237	1.0	1.0
16	2	58	2.548	0.506	18.258	1.788	1.0	1.0
16	2	55	2.161	0.454	20.194	2.227	1.0	1.0
16	2	52	1.8	0.484	24.133	3.91	0.935	0.968
16	2	49	1.407	0.844	28.6	5.859	0.677	0.806
16	2	46	0.194	0.543	31.5	2.38	0.129	0.129
16	2	43	0.0	0.0	nan	nan	0.0	0.0
16	2	40	0.0	0.0	nan	nan	0.0	0.0
16	2	37	0.0	0.0	nan	nan	0.0	0.0
16	2	34	0.0	0.0	nan	nan	0.0	0.0
16	2	31	0.0	0.0	nan	nan	0.0	0.0
16	2	28	0.0	0.0	nan	nan	0.0	0.0
17	2	100	4.484	0.508	11.516	0.508	1.0	1.0
17	2	97	4.226	0.425	11.871	0.341	1.0	1.0
17	2	94	3.968	0.18	12.0	0.0	1.0	1.0
17	2	91	4.0	0.0	12.194	0.402	1.0	1.0
17	2	88	4.0	0.0	12.452	0.675	1.0	1.0
17	2	85	4.0	0.0	12.839	0.454	1.0	1.0
17	2	82	3.935	0.25	13.129	0.341	1.0	1.0
17	2	79	3.742	0.445	13.355	0.608	1.0	1.0
17	2	76	3.258	0.445	13.968	0.407	1.0	1.0
17	2	73	3.065	0.25	14.71	0.588	1.0	1.0
17	2	70	3.0	0.0	15.097	0.473	1.0	1.0
17	2	67	3.0	0.0	15.903	0.746	1.0	1.0
17	2	64	2.935	0.25	17.258	1.861	1.0	1.0
17	2	61	2.323	0.599	18.774	1.944	1.0	1.0
17	2	58	1.613	0.667	21.355	2.09	1.0	1.0
17	2	55	1.0	0.516	24.963	2.504	0.871	0.871
17	2	52	0.036	0.189	33.0	4.761	0.032	0.129
17	2	49	0.0	0.0	nan	nan	0.0	0.0
17	2	46	0.0	0.0	nan	nan	0.0	0.0
17	2	43	0.0	0.0	nan	nan	0.0	0.0
17	2	40	0.0	0.0	nan	nan	0.0	0.0
17	2	37	0.0	0.0	nan	nan	0.0	0.0
17	2	34	0.0	0.0	nan	nan	0.0	0.0
17	2	31	0.0	0.0	nan	nan	0.0	0.0
17	2	28	0.0	0.0	nan	nan	0.0	0.0
18	2	100	4.0	0.0	11.548	0.506	1.0	1.0
18	2	97	3.935	0.25	11.806	0.402	1.0	1.0
18	2	94	3.968	0.18	12.097	0.396	1.0	1.0
18	2	91	3.71	0.461	12.29	0.461	1.0	1.0
18	2	88	3.226	0.425	12.613	0.558	1.0	1.0
18	2	85	3.097	0.301	13.065	0.359	1.0	1.0
18	2	82	3.0	0.0	13.645	0.551	1.0	1.0
18	2	79	3.0	0.0	14.032	0.482	1.0	1.0
18	2	76	2.935	0.25	14.419	0.62	1.0	1.0
18	2	73	2.903	0.301	15.0	0.775	1.0	1.0
18	2	70	2.29	0.529	16.742	1.46	1.0	1.0
18	2	67	2.032	0.482	17.323	1.447	1.0	1.0
18	2	64	1.484	0.508	19.032	2.601	1.0	1.0
18	2	61	1.032	0.315	21.5	3.003	0.968	0.968
18	2	58	0.871	0.341	23.296	3.208	0.871	0.871
18	2	55	0.133	0.346	28.4	3.912	0.129	0.161
18	2	52	0.0	0.0	nan	nan	0.0	0.0
18	2	49	0.0	0.0	nan	nan	0.0	0.0
18	2	46	0.0	0.0	nan	nan	0.0	0.0
18	2	43	0.0	0.0	nan	nan	0.0	0.0
18	2	40	0.0	0.0	nan	nan	0.0	0.0
18	2	37	0.0	0.0	nan	nan	0.0	0.0
18	2	34	0.0	0.0	nan	nan	0.0	0.0
18	2	31	0.0	0.0	nan	nan	0.0	0.0
18	2	28	0.0	0.0	nan	nan	0.0	0.0
19	2	100	4.129	0.341	12.161	0.374	1.0	1.0
19	2	97	4.0	0.0	12.516	0.508	1.0	1.0
19	2	94	4.032	0.18	12.871	0.341	1.0	1.0
19	2	91	4.0	0.0	12.968	0.315	1.0	1.0
19	2	88	4.0	0.0	13.355	0.661	1.0	1.0
19	2	85	3.774	0.425	13.871	0.428	1.0	1.0
19	2	82	3.29	0.461	14.194	0.543	1.0	1.0
19	2	79	3.032	0.18	14.774	0.497	1.0	1.0
19	2	76	3.0	0.0	15.71	0.588	1.0	1.0
19	2	73	3.0	0.0	16.161	0.779	1.0	1.0
19	2	70	2.968	0.18	17.0	0.632	1.0	1.0
19	2	67	2.323	0.748	18.871	1.586	1.0	1.0
19	2	64	1.419	0.62	21.0	2.066	1.0	1.0
19	2	61	1.161	0.454	24.333	2.51	0.968	0.968
19	2	58	0.462	0.582	30.188	5.419	0.355	0.516
19	2	55	0.0	0.0	nan	nan	0.0	0.0
19	2	52	0.0	0.0	nan	nan	0.0	0.0
19	2	49	0.0	0.0	nan	nan	0.0	0.0
19	2	46	0.0	0.0	nan	nan	0.0	0.0
19	2	43	0.0	0.0	nan	nan	0.0	0.0
19	2	40	0.0	0.0	nan	nan	0.0	0.0
19	2	37	0.0	0.0	nan	nan	0.0	0.0
19	2	34	0.0	0.0	nan	nan	0.0	0.0
19	2	31	0.0	0.0	nan	nan	0.0	0.0
19	2	28	0.0	0.0	nan	nan	0.0	0.0
20	2	100	3.903	0.301	12.065	0.25	1.0	1.0
20	2	97	3.677	0.475	12.323	0.541	1.0	1.0
20	2	94	3.419	0.502	12.806	0.402	1.0	1.0
20	2	91	3.194	0.402	12.968	0.315	1.0	1.0
20	2	88	3.032	0.18	13.29	0.588	1.0	1.0
20	2	85	3.0	0.0	13.742	0.514	1.0	1.0
20	2	82	2.968	0.18	14.0	0.447	1.0	1.0
20	2	79	2.935	0.25	14.516	0.626	1.0	1.0
20	2	76	2.806	0.402	15.419	0.72	1.0	1.0
20	2	73	2.387	0.495	16.0	0.816	1.0	1.0
20	2	70	2.0	0.516	17.0	1.125	1.0	1.0
20	2	67	1.548	0.506	18.258	1.182	1.0	1.0
20	2	64	1.129	0.341	20.323	1.869	1.0	1.0
20	2	61	1.0	0.258	23.0	2.639	0.968	0.968
20	2	58	0.467	0.507	25.4	2.898	0.452	0.484
20	2	55	0.0	0.0	nan	nan	0.0	0.0
20	2	52	0.0	0.0	nan	nan	0.0	0.0
20	2	49	0.0	0.0	nan	nan	0.0	0.0
20	2	46	0.0	0.0	nan	nan	0.0	0.0
20	2	43	0.0	0.0	nan	nan	0.0	0.0
20	2	40	0.0	0.0	nan	nan	0.0	0.0
20	2	37	0.0	0.0	nan	nan	0.0	0.0
20	2	34	0.0	0.0	nan	nan	0.0	0.0
20	2	31	0.0	0.0	nan	nan	0.0	0.0
20	2	28	0.0	0.0	nan	nan	0.0	0.0
21	2	100	4.161	0.374	12.161	0.374	1.0	1.0
21	2	97	4.161	0.374	12.355	0.486	1.0	1.0
21	2	94	4.0	0.0	12.71	0.461	1.0	1.0
21	2	91	3.968	0.18	12.903	0.396	1.0	1.0
21	2	88	3.774	0.425	13.29	0.461	1.0	1.0
21	2	85	3.548	0.506	13.903	0.396	1.0	1.0
21	2	82	3.355	0.486	14.032	0.482	1.0	1.0
21	2	79	3.129	0.341	14.355	0.709	1.0	1.0
21	2	76	3.0	0.258	14.806	0.792	1.0	1.0
21	2	73	2.935	0.25	15.452	0.624	1.0	1.0
21	2	70	2.806	0.477	16.355	0.839	1.0	1.0
21	2	67	2.323	0.541	16.935	1.124	1.0	1.0
21	2	64	1.871	0.562	17.903	1.136	1.0	1.0
21	2	61	1.161	0.374	20.226	2.692	1.0	1.0
21	2	58	0.967	0.183	22.667	1.688	0.935	0.968
21	2	55	0.419	0.502	24.462	2.402	0.419	0.419
21	2	52	0.0	0.0	nan	nan	0.0	0.0
21	2	49	0.0	0.0	nan	nan	0.0	0.0
21	2	46	0.0	0.0	nan	nan	0.0	0.0
21	2	43	0.0	0.0	nan	nan	0.0	0.0
21	2	40	0.0	0.0	nan	nan	0.0	0.0
21	2	37	0.0	0.0	nan	nan	0.0	0.0
21	2	34	0.0	0.0	nan	nan	0.0	0.0
21	2	31	0.0	0.0	nan	nan	0.0	0.0
21	2	28	0.0	0.0	nan	nan	0.0	0.0
22	2	100	3.968	0.18	11.323	0.475	1.0	1.0
22	2	97	3.903	0.301	11.677	0.541	1.0	1.0
22	2	94	3.871	0.341	11.839	0.374	1.0	1.0
22	2	91	3.419	0.502	11.871	0.341	1.0	1.0
22	2	88	3.226	0.425	12.226	0.497	1.0	1.0
22	2	85	3.097	0.301	12.645	0.551	1.0	1.0
22	2	82	3.032	0.18	13.0	0.258	1.0	1.0
22	2	79	3.0	0.0	13.194	0.543	1.0	1.0
22	2	76	2.935	0.25	13.774	0.497	1.0	1.0
22	2	73	2.935	0.25	14.194	0.601	1.0	1.0
22	2	70	2.452	0.506	14.645	0.551	1.0	1.0
22	2	67	2.29	0.461	15.419	0.923	1.0	1.0
22	2	64	2.032	0.407	16.613	1.256	1.0	1.0
22	2	61	1.806	0.477	17.355	1.112	1.0	1.0
22	2	58	1.4	0.498	18.677	1.661	0.968	1.0
22	2	55	0.893	0.315	21.571	1.913	0.806	0.903
22	2	52	0.4	0.5	24.062	2.205	0.323	0.516
22	2	49	0.0	0.0	28.0	0.0	0.0	0.032
22	2	46	0.0	0.0	nan	nan	0.0	0.0
22	2	43	0.0	0.0	nan	nan	0.0	0.0
22	2	40	0.0	0.0	nan	nan	0.0	0.0
22	2	37	0.0	0.0	nan	nan	0.0	0.0
22	2	34	0.0	0.0	nan	nan	0.0	0.0
22	2	31	0.0	0.0	nan	nan	0.0	0.0
22	2	28	0.0	0.0	nan	nan	0.0	0.0
23	2	100	5.032	0.18	11.871	0.341	1.0	1.0
23	2	97	4.871	0.341	11.935	0.359	1.0	1.0
23	2	94	4.581	0.502	12.323	0.475	1.0	1.0
23	2	91	4.419	0.502	12.452	0.506	1.0	1.0
23	2	88	4.065	0.25	12.968	0.407	1.0	1.0
23	2	85	3.903	0.301	13.129	0.428	1.0	1.0
23	2	82	3.806	0.402	13.677	0.475	1.0	1.0
23	2	79	3.581	0.502	13.806	0.654	1.0	1.0
23	2	76	3.355	0.486	14.0	0.516	1.0	1.0
23	2	73	3.129	0.341	14.871	0.619	1.0	1.0
23	2	70	2.935	0.25	15.419	0.72	1.0	1.0
23	2	67	2.871	0.341	16.032	1.016	1.0	1.0
23	2	64	2.355	0.709	17.226	0.956	1.0	1.0
23	2	61	1.71	0.693	18.323	1.62	1.0	1.0
23	2	58	1.2	0.551	20.3	1.896	0.935	0.968
23	2	55	0.862	0.441	22.538	2.775	0.774	0.839
23	2	52	0.323	0.475	25.4	2.836	0.323	0.323
23	2	49	0.0	0.0	nan	nan	0.0	0.0
23	2	46	0.0	0.0	nan	nan	0.0	0.0
23	2	43	0.0	0.0	nan	nan	0.0	0.0
23	2	40	0.0	0.0	nan	nan	0.0	0.0
23	2	37	0.0	0.0	nan	nan	0.0	0.0
23	2	34	0.0	0.0	nan	nan	0.0	0.0
23	2	31	0.0	0.0	nan	nan	0.0	0.0
23	2	28	0.0	0.0	nan	nan	0.0	0.0
24	2	100	4.0	0.0	11.452	0.506	1.0	1.0
24	2	97	4.0	0.0	11.839	0.374	1.0	1.0
24	2	94	3.677	0.475	11.968	0.315	1.0	1.0
24	2	91	3.258	0.445	12.065	0.442	1.0	1.0
24	2	88	3.097	0.301	12.355	0.486	1.0	1.0
24	2	85	3.032	0.18	12.742	0.445	1.0	1.0
24	2	82	3.0	0.0	13.0	0.365	1.0	1.0
24	2	79	3.0	0.0	13.258	0.445	1.0	1.0
24	2	76	2.935	0.25	13.774	0.425	1.0	1.0
24	2	73	2.71	0.461	14.226	0.617	1.0	1.0
24	2	70	2.452	0.506	14.484	0.57	1.0	1.0
24	2	67	2.129	0.341	15.226	0.669	1.0	1.0
24	2	64	1.968	0.18	16.323	0.871	1.0	1.0
24	2	61	1.871	0.341	17.065	1.093	1.0	1.0
24	2	58	1.581	0.564	18.452	1.287	1.0	1.0
24	2	55	1.133	0.434	20.133	1.776	0.935	0.968
24	2	52	0.643	0.488	23.286	2.239	0.581	0.677
24	2	49	0.138	0.351	24.167	2.927	0.129	0.194
24	2	46	0.0	0.0	nan	nan	0.0	0.0
24	2	43	0.0	0.0	nan	nan	0.0	0.0
24	2	40	0.0	0.0	nan	nan	0.0	0.0
24	2	37	0.0	0.0	nan	nan	0.0	0.0
24	2	34	0.0	0.0	nan	nan	0.0	0.0
24	2	31	0.0	0.0	nan	nan	0.0	0.0
24	2	28	0.0	0.0	nan	nan	0.0	0.0
25	2	100	4.935	0.25	11.258	0.445	1.0	1.0
25	2	97	4.548	0.506	11.645	0.486	1.0	1.0
25	2	94	4.355	0.486	12.0	0.0	1.0	1.0
25	2	91	4.065	0.25	11.968	0.407	1.0	1.0
25	2	88	4.0	0.0	12.129	0.341	1.0	1.0
25	2	85	3.968	0.18	12.484	0.724	1.0	1.0
25	2	82	3.839	0.374	12.968	0.315	1.0	1.0
25	2	79	3.677	0.475	13.161	0.374	1.0	1.0
25	2	76	3.258	0.445	13.516	0.57	1.0	1.0
25	2	73	3.065	0.25	14.097	0.651	1.0	1.0
25	2	70	3.0	0.0	14.419	0.672	1.0	1.0
25	2	67	2.935	0.25	15.194	0.601	1.0	1.0
25	2	64	2.871	0.341	15.839	0.969	1.0	1.0
25	2	61	2.516	0.508	16.581	0.958	1.0	1.0
25	2	58	2.097	0.651	17.613	1.202	1.0	1.0
25	2	55	1.233	0.568	19.667	1.953	0.935	0.968
25	2	52	0.871	0.341	22.593	2.153	0.871	0.871
25	2	49	0.552	0.506	25.167	1.543	0.516	0.581
25	2	46	0.0	0.0	nan	nan	0.0	0.0
25	2	43	0.0	0.0	nan	nan	0.0	0.0
25	2	40	0.0	0.0	nan	nan	0.0	0.0
25	2	37	0.0	0.0	nan	nan	0.0	0.0
25	2	34	0.0	0.0	nan	nan	0.0	0.0
25	2	31	0.0	0.0	nan	nan	0.0	0.0
25	2	28	0.0	0.0	nan	nan	0.0	0.0
26	2	100	5.935	0.25	12.226	0.425	1.0	1.0
26	2	97	5.613	0.495	12.387	0.495	1.0	1.0
26	2	94	5.097	0.301	13.0	0.258	1.0	1.0
26	2	91	5.0	0.0	12.903	0.301	1.0	1.0
26	2	88	5.032	0.18	13.097	0.301	1.0	1.0
26	2	85	5.0	0.0	13.548	0.506	1.0	1.0
26	2	82	4.806	0.402	13.839	0.583	1.0	1.0
26	2	79	4.613	0.495	14.097	0.396	1.0	1.0
26	2	76	4.29	0.461	14.581	0.564	1.0	1.0
26	2	73	4.0	0.0	15.065	0.629	1.0	1.0
26	2	70	4.0	0.0	15.548	0.568	1.0	1.0
26	2	67	3.968	0.18	16.29	0.902	1.0	1.0
26	2	64	3.871	0.341	17.0	0.73	1.0	1.0
26	2	61	3.194	0.833	17.935	1.153	1.0	1.0
26	2	58	2.71	0.693	19.194	1.922	1.0	1.0
26	2	55	2.065	0.25	21.871	2.566	1.0	1.0
26	2	52	1.968	0.18	25.032	3.082	1.0	1.0
26	2	49	1.548	0.723	30.037	4.536	0.871	0.871
26	2	46	0.481	0.802	34.167	4.086	0.258	0.387
26	2	43	0.0	0.0	nan	nan	0.0	0.0
26	2	40	0.0	0.0	nan	nan	0.0	0.0
26	2	37	0.0	0.0	nan	nan	0.0	0.0
26	2	34	0.0	0.0	nan	nan	0.0	0.0
26	2	31	0.0	0.0	nan	nan	0.0	0.0
26	2	28	0.0	0.0	nan	nan	0.0	0.0
27	2	100	4.097	0.301	12.387	0.495	1.0	1.0
27	2	97	4.032	0.18	12.677	0.475	1.0	1.0
27	2	94	4.0	0.0	12.839	0.374	1.0	1.0
27	2	91	3.935	0.25	13.0	0.365	1.0	1.0
27	2	88	3.742	0.445	13.29	0.461	1.0	1.0
27	2	85	3.548	0.506	13.742	0.445	1.0	1.0
27	2	82	3.129	0.341	14.161	0.454	1.0	1.0
27	2	79	3.0	0.0	14.258	0.514	1.0	1.0
27	2	76	2.935	0.25	14.806	0.402	1.0	1.0
27	2	73	3.032	0.18	15.516	0.677	1.0	1.0
27	2	70	2.839	0.374	15.935	0.854	1.0	1.0
27	2	67	2.355	0.608	17.065	1.124	1.0	1.0
27	2	64	1.903	0.746	18.355	1.684	1.0	1.0
27	2	61	1.226	0.497	19.033	1.033	0.968	0.968
27	2	58	1.067	0.254	22.258	2.49	0.968	1.0
27	2	55	0.444	0.506	25.062	1.692	0.387	0.516
27	2	52	0.033	0.183	25.5	0.707	0.032	0.065
27	2	49	0.0	0.0	nan	nan	0.0	0.0
27	2	46	0.0	0.0	nan	nan	0.0	0.0
27	2	43	0.0	0.0	nan	nan	0.0	0.0
27	2	40	0.0	0.0	nan	nan	0.0	0.0
27	2	37	0.0	0.0	nan	nan	0.0	0.0
27	2	34	0.0	0.0	nan	nan	0.0	0.0
27	2	31	0.0	0.0	nan	nan	0.0	0.0
27	2	28	0.0	0.0	nan	nan	0.0	0.0
28	2	100	5.065	0.25	11.452	0.506	1.0	1.0
28	2	97	4.968	0.18	11.871	0.341	1.0	1.0
28	2	94	4.806	0.402	11.968	0.315	1.0	1.0
28	2	91	4.677	0.475	12.065	0.512	1.0	1.0
28	2	88	4.355	0.486	12.29	0.461	1.0	1.0
28	2	85	4.161	0.374	12.613	0.495	1.0	1.0
28	2	82	3.968	0.18	12.871	0.562	1.0	1.0
28	2	79	3.871	0.341	13.065	0.359	1.0	1.0
28	2	76	3.613	0.495	13.548	0.568	1.0	1.0
28	2	73	3.29	0.461	13.871	0.499	1.0	1.0
28	2	70	3.065	0.25	14.516	0.626	1.0	1.0
28	2	67	2.903	0.301	15.194	0.654	1.0	1.0
28	2	64	2.968	0.18	15.968	0.983	1.0	1.0
28	2	61	2.484	0.57	16.742	1.57	1.0	1.0
28	2	58	2.29	0.693	17.645	1.305	1.0	1.0
28	2	55	1.419	0.62	19.097	1.777	1.0	1.0
28	2	52	1.036	0.331	22.433	2.738	0.871	0.968
28	2	49	0.484	0.508	25.667	1.988	0.484	0.484
28	2	46	0.067	0.254	26.0	2.0	0.065	0.097
28	2	43	0.0	0.0	nan	nan	0.0	0.0
28	2	40	0.0	0.0	nan	nan	0.0	0.0
28	2	37	0.0	0.0	nan	nan	0.0	0.0
28	2	34	0.0	0.0	nan	nan	0.0	0.0
28	2	31	0.0	0.0	nan	nan	0.0	0.0
28	2	28	0.0	0.0	nan	nan	0.0	0.0
29	2	100	5.0	0.0	11.0	0.0	1.0	1.0
29	2	97	4.968	0.18	11.065	0.25	1.0	1.0
29	2	94	4.871	0.341	11.161	0.374	1.0	1.0
29	2	91	4.645	0.486	11.581	0.502	1.0	1.0
29	2	88	4.29	0.461	11.613	0.495	1.0	1.0
29	2	85	4.194	0.402	11.935	0.25	1.0	1.0
29	2	82	4.0	0.0	12.161	0.583	1.0	1.0
29	2	79	4.0	0.0	12.548	0.506	1.0	1.0
29	2	76	4.0	0.0	12.903	0.473	1.0	1.0
29	2	73	3.774	0.425	13.516	0.57	1.0	1.0
29	2	70	3.548	0.506	13.645	0.709	1.0	1.0
29	2	67	3.129	0.341	14.581	0.564	1.0	1.0
29	2	64	3.065	0.25	15.065	0.68	1.0	1.0
29	2	61	2.935	0.25	16.065	0.964	1.0	1.0
29	2	58	2.774	0.497	16.968	1.14	1.0	1.0
29	2	55	2.194	0.654	19.097	1.955	1.0	1.0
29	2	52	1.613	0.558	21.452	2.127	1.0	1.0
29	2	49	0.926	0.474	28.778	5.041	0.742	0.871
29	2	46	0.129	0.428	26.333	1.155	0.097	0.097
29	2	43	0.0	0.0	nan	nan	0.0	0.0
29	2	40	0.0	0.0	nan	nan	0.0	0.0
29	2	37	0.0	0.0	nan	nan	0.0	0.0
29	2	34	0.0	0.0	nan	nan	0.0	0.0
29	2	31	0.0	0.0	nan	nan	0.0	0.0
29	2	28	0.0	0.0	nan	nan	0.0	0.0
30	2	100	4.0	0.0	11.903	0.396	1.0	1.0
30	2	97	4.0	0.0	11.968	0.315	1.0	1.0
30	2	94	4.0	0.0	12.0	0.258	1.0	1.0
30	2	91	3.935	0.25	12.29	0.461	1.0	1.0
30	2	88	3.71	0.461	12.774	0.56	1.0	1.0
30	2	85	3.387	0.495	13.0	0.258	1.0	1.0
30	2	82	3.032	0.18	13.484	0.811	1.0	1.0
30	2	79	3.032	0.18	13.806	0.477	1.0	1.0
30	2	76	3.032	0.18	14.484	0.724	1.0	1.0
30	2	73	3.0	0.0	14.968	0.657	1.0	1.0
30	2	70	3.0	0.0	16.0	0.577	1.0	1.0
30	2	67	2.839	0.454	16.935	0.814	1.0	1.0
30	2	64	2.0	0.775	19.0	2.91	1.0	1.0
30	2	61	1.226	0.497	20.742	3.13	1.0	1.0
30	2	58	0.968	0.407	24.071	3.344	0.903	0.903
30	2	55	0.0	0.0	nan	nan	0.0	0.0
30	2	52	0.0	0.0	nan	nan	0.0	0.0
30	2	49	0.0	0.0	nan	nan	0.0	0.0
30	2	46	0.0	0.0	nan	nan	0.0	0.0
30	2	43	0.0	0.0	nan	nan	0.0	0.0
30	2	40	0.0	0.0	nan	nan	0.0	0.0
30	2	37	0.0	0.0	nan	nan	0.0	0.0
30	2	34	0.0	0.0	nan	nan	0.0	0.0
30	2	31	0.0	0.0	nan	nan	0.0	0.0
30	2	28	0.0	0.0	nan	nan	0.0	0.0
31	2	100	4.032	0.18	10.935	0.25	1.0	1.0
31	2	97	4.0	0.0	11.0	0.258	1.0	1.0
31	2	94	4.0	0.0	11.032	0.18	1.0	1.0
31	2	91	3.903	0.301	11.484	0.508	1.0	1.0
31	2	88	3.419	0.502	11.516	0.57	1.0	1.0
31	2	85	3.323	0.475	11.839	0.374	1.0	1.0
31	2	82	3.032	0.18	12.097	0.301	1.0	1.0
31	2	79	3.032	0.18	12.387	0.558	1.0	1.0
31	2	76	2.903	0.301	13.0	0.447	1.0	1.0
31	2	73	2.935	0.25	13.516	0.677	1.0	1.0
31	2	70	2.419	0.502	13.806	0.749	1.0	1.0
31	2	67	2.065	0.25	14.387	0.615	1.0	1.0
31	2	64	2.0	0.0	15.032	0.875	1.0	1.0
31	2	61	1.903	0.301	16.452	1.362	1.0	1.0
31	2	58	1.6	0.563	18.133	1.306	0.935	0.968
31	2	55	0.636	0.492	22.217	2.411	0.452	0.742
31	2	52	0.034	0.186	24.333	1.155	0.032	0.097
31	2	49	0.0	0.0	nan	nan	0.0	0.0
31	2	46	0.0	0.0	nan	nan	0.0	0.0
31	2	43	0.0	0.0	nan	nan	0.0	0.0
31	2	40	0.0	0.0	nan	nan	0.0	0.0
31	2	37	0.0	0.0	nan	nan	0.0	0.0
31	2	34	0.0	0.0	nan	nan	0.0	0.0
31	2	31	0.0	0.0	nan	nan	0.0	0.0
31	2	28	0.0	0.0	nan	nan	0.0	0.0
0	3	100	4.0	0.0	12.968	0.18	1.0	1.0
0	3	97	3.968	0.18	13.097	0.301	1.0	1.0
0	3	94	3.968	0.18	13.484	0.508	1.0	1.0
0	3	91	4.0	0.0	13.806	0.402	1.0	1.0
0	3	88	3.516	0.508	14.032	0.315	1.0	1.0
0	3	85	3.323	0.475	14.613	0.558	1.0	1.0
0	3	82	3.097	0.301	14.871	0.428	1.0	1.0
0	3	79	2.968	0.18	15.581	0.807	1.0	1.0
0	3	76	3.0	0.0	16.097	0.7	1.0	1.0
0	3	73	2.968	0.18	17.065	0.68	1.0	1.0
0	3	70	2.355	0.608	18.484	1.092	1.0	1.0
0	3	67	2.0	0.447	20.29	1.97	1.0	1.0
0	3	64	1.355	0.486	23.097	3.525	1.0	1.0
0	3	61	0.867	0.571	26.083	3.798	0.742	0.774
0	3	58	0.0	0.0	nan	nan	0.0	0.0
0	3	55	0.0	0.0	nan	nan	0.0	0.0
0	3	52	0.0	0.0	nan	nan	0.0	0.0
0	3	49	0.0	0.0	nan	nan	0.0	0.0
0	3	46	0.0	0.0	nan	nan	0.0	0.0
0	3	43	0.0	0.0	nan	nan	0.0	0.0
0	3	40	0.0	0.0	nan	nan	0.0	0.0
0	3	37	0.0	0.0	nan	nan	0.0	0.0
0	3	34	0.0	0.0	nan	nan	0.0	0.0
0	3	31	0.0	0.0	nan	nan	0.0	0.0
0	3	28	0.0	0.0	nan	nan	0.0	0.0
1	3	100	5.0	0.0	11.0	0.0	1.0	1.0
1	3	97	4.839	0.374	11.065	0.25	1.0	1.0
1	3	94	4.484	0.508	11.484	0.57	1.0	1.0
1	3	91	4.226	0.425	11.516	0.508	1.0	1.0
1	3	88	4.194	0.402	11.871	0.341	1.0	1.0
1	3	85	4.0	0.0	12.032	0.407	1.0	1.0
1	3	82	3.968	0.18	12.258	0.514	1.0	1.0
1	3	79	3.903	0.301	12.806	0.477	1.0	1.0
1	3	76	3.548	0.506	12.903	0.539	1.0	1.0
1	3	73	3.29	0.461	13.355	0.551	1.0	1.0
1	3	70	3.097	0.301	13.613	0.558	1.0	1.0
1	3	67	3.032	0.18	14.097	0.473	1.0	1.0
1	3	64	2.806	0.402	15.032	1.048	1.0	1.0
1	3	61	2.806	0.402	15.677	0.832	1.0	1.0
1	3	58	2.419	0.502	16.613	0.715	1.0	1.0
1	3	55	2.0	0.632	17.871	0.885	1.0	1.0
1	3	52	1.323	0.541	20.161	2.115	1.0	1.0
1	3	49	0.903	0.396	21.926	2.218	0.871	0.871
1	3	46	0.464	0.508	24.875	2.68	0.419	0.516
1	3	43	0.0	0.0	nan	nan	0.0	0.0
1	3	40	0.0	0.0	nan	nan	0.0	0.0
1	3	37	0.0	0.0	nan	nan	0.0	0.0
1	3	34	0.0	0.0	nan	nan	0.0	0.0
1	3	31	0.0	0.0	nan	nan	0.0	0.0
1	3	28	0.0	0.0	nan	nan	0.0	0.0
2	3	100	3.097	0.301	12.097	0.301	1.0	1.0
2	3	97	3.0	0.0	12.419	0.502	1.0	1.0
2	3	94	3.0	0.0	12.548	0.506	1.0	1.0
2	3	91	2.968	0.18	12.935	0.574	1.0	1.0
2	3	88	2.903	0.301	13.129	0.428	1.0	1.0
2	3	85	2.677	0.475	13.548	0.568	1.0	1.0
2	3	82	2.355	0.486	13.935	0.629	1.0	1.0
2	3	79	2.032	0.18	14.355	0.551	1.0	1.0
2	3	76	2.0	0.0	14.968	0.482	1.0	1.0
2	3	73	2.0	0.0	15.742	0.682	1.0	1.0
2	3	70	1.871	0.341	16.71	1.27	1.0	1.0
2	3	67	1.71	0.461	17.742	1.632	1.0	1.0
2	3	64	1.167	0.702	19.37	1.779	0.645	0.871
2	3	61	0.4	0.598	21.722	2.803	0.226	0.581
2	3	58	0.0	0.0	nan	nan	0.0	0.0
2	3	55	0.0	0.0	nan	nan	0.0	0.0
2	3	52	0.0	0.0	nan	nan	0.0	0.0
2	3	49	0.0	0.0	nan	nan	0.0	0.0
2	3	46	0.0	0.0	nan	nan	0.0	0.0
2	3	43	0.0	0.0	nan	nan	0.0	0.0
2	3	40	0.0	0.0	nan	nan	0.0	0.0
2	3	37	0.0	0.0	nan	nan	0.0	0.0
2	3	34	0.0	0.0	nan	nan	0.0	0.0
2	3	31	0.0	0.0	nan	nan	0.0	0.0
2	3	28	0.0	0.0	nan	nan	0.0	0.0
3	3	100	4.774	0.425	11.871	0.341	1.0	1.0
3	3	97	4.581	0.502	12.0	0.365	1.0	1.0
3	3	94	4.226	0.425	12.0	0.365	1.0	1.0
3	3	91	4.065	0.25	12.194	0.402	1.0	1.0
3	3	88	4.0	0.0	12.774	0.425	1.0	1.0
3	3	85	3.968	0.18	12.742	0.445	1.0	1.0
3	3	82	3.516	0.508	13.097	0.597	1.0	1.0
3	3	79	3.452	0.506	13.484	0.57	1.0	1.0
3	3	76	3.097	0.301	13.968	0.706	1.0	1.0
3	3	73	3.097	0.301	14.548	0.723	1.0	1.0
3	3	70	3.032	0.18	15.258	0.729	1.0	1.0
3	3	67	2.935	0.25	15.774	0.762	1.0	1.0
3	3	64	2.548	0.506	16.258	0.773	1.0	1.0
3	3	61	2.097	0.473	17.323	0.945	1.0	1.0
3	3	58	1.452	0.568	18.742	1.154	1.0	1.0
3	3	55	0.931	0.371	22.179	3.244	0.839	0.903
3	3	52	0.467	0.571	23.571	2.277	0.419	0.452
3	3	49	0.0	0.0	nan	nan	0.0	0.0
3	3	46	0.0	0.0	nan	nan	0.0	0.0
3	3	43	0.0	0.0	nan	nan	0.0	0.0
3	3	40	0.0	0.0	nan	nan	0.0	0.0
3	3	37	0.0	0.0	nan	nan	0.0	0.0
3	3	34	0.0	0.0	nan	nan	0.0	0.0
3	3	31	0.0	0.0	nan	nan	0.0	0.0
3	3	28	0.0	0.0	nan	nan	0.0	0.0
4	3	100	4.032	0.18	11.097	0.396	1.0	1.0
4	3	97	4.0	0.0	11.194	0.402	1.0	1.0
4	3	94	4.0	0.0	11.613	0.495	1.0	1.0
4	3	91	3.774	0.425	11.645	0.551	1.0	1.0
4	3	88	3.645	0.486	12.032	0.547	1.0	1.0
4	3	85	3.452	0.506	12.226	0.425	1.0	1.0
4	3	82	3.097	0.301	12.677	0.475	1.0	1.0
4	3	79	3.0	0.0	12.935	0.359	1.0	1.0
4	3	76	3.0	0.0	13.226	0.56	1.0	1.0
4	3	73	2.968	0.18	13.742	0.575	1.0	1.0
4	3	70	2.903	0.301	14.194	0.601	1.0	1.0
4	3	67	2.484	0.508	14.806	0.792	1.0	1.0
4	3	64	2.161	0.374	15.548	0.624	1.0	1.0
4	3	61	1.968	0.18	16.355	0.877	1.0	1.0
4	3	58	1.645	0.486	17.839	1.344	1.0	1.0
4	3	55	1.0	0.365	20.379	1.879	0.935	0.935
4	3	52	0.724	0.455	23.478	2.502	0.677	0.742
4	3	49	0.103	0.31	23.8	3.564	0.097	0.161
4	3	46	0.0	0.0	nan	nan	0.0	0.0
4	3	43	0.0	0.0	nan	nan	0.0	0.0
4	3	40	0.0	0.0	nan	nan	0.0	0.0
4	3	37	0.0	0.0	nan	nan	0.0	0.0
4	3	34	0.0	0.0	nan	nan	0.0	0.0
4	3	31	0.0	0.0	nan	nan	0.0	0.0
4	3	28	0.0	0.0	nan	nan	0.0	0.0
5	3	100	2.935	0.25	12.097	0.301	1.0	1.0
5	3	97	2.677	0.475	12.258	0.445	1.0	1.0
5	3	94	2.323	0.475	12.677	0.475	1.0	1.0
5	3	91	2.032	0.18	12.871	0.341	1.0	1.0
5	3	88	2.032	0.18	13.129	0.562	1.0	1.0
5	3	85	2.0	0.0	13.742	0.631	1.0	1.0
5	3	82	2.0	0.0	14.129	0.499	1.0	1.0
5	3	79	2.0	0.0	14.419	0.672	1.0	1.0
5	3	76	2.0	0.0	15.097	0.7	1.0	1.0
5	3	73	1.968	0.18	15.839	1.241	1.0	1.0
5	3	70	1.966	0.186	16.548	1.091	0.935	1.0
5	3	67	1.4	0.577	17.867	1.383	0.774	0.968
5	3	64	0.571	0.514	20.36	2.252	0.258	0.806
5	3	61	0.043	0.209	21.444	2.963	0.032	0.29
5	3	58	0.0	0.0	nan	nan	0.0	0.0
5	3	55	0.0	0.0	nan	nan	0.0	0.0
5	3	52	0.0	0.0	nan	nan	0.0	0.0
5	3	49	0.0	0.0	nan	nan	0.0	0.0
5	3	46	0.0	0.0	nan	nan	0.0	0.0
5	3	43	0.0	0.0	nan	nan	0.0	0.0
5	3	40	0.0	0.0	nan	nan	0.0	0.0
5	3	37	0.0	0.0	nan	nan	0.0	0.0
5	3	34	0.0	0.0	nan	nan	0.0	0.0
5	3	31	0.0	0.0	nan	nan	0.0	0.0
5	3	28	0.0	0.0	nan	nan	0.0	0.0
6	3	100	5.129	0.341	11.839	0.374	1.0	1.0
6	3	97	5.0	0.0	11.968	0.18	1.0	1.0
6	3	94	4.935	0.25	12.194	0.402	1.0	1.0
6	3	91	4.871	0.341	12.452	0.675	1.0	1.0
6	3	88	4.839	0.374	12.806	0.402	1.0	1.0
6	3	85	4.452	0.506	13.0	0.258	1.0	1.0
6	3	82	4.065	0.25	13.226	0.497	1.0	1.0
6	3	79	4.032	0.18	13.581	0.502	1.0	1.0
6	3	76	4.0	0.0	14.097	0.473	1.0	1.0
6	3	73	3.935	0.25	14.581	0.62	1.0	1.0
6	3	70	3.742	0.445	15.226	0.497	1.0	1.0
6	3	67	3.419	0.502	15.871	0.67	1.0	1.0
6	3	64	3.161	0.374	16.419	0.72	1.0	1.0
6	3	61	2.581	0.564	17.839	1.214	1.0	1.0
6	3	58	2.161	0.454	19.516	2.014	1.0	1.0
6	3	55	1.871	0.428	21.419	2.218	1.0	1.0
6	3	52	1.581	0.502	24.194	2.774	1.0	1.0
6	3	49	0.774	0.56	28.364	3.886	0.71	0.71
6	3	46	0.065	0.25	30.0	4.243	0.065	0.065
6	3	43	0.0	0.0	nan	nan	0.0	0.0
6	3	40	0.0	0.0	nan	nan	0.0	0.0
6	3	37	0.0	0.0	nan	nan	0.0	0.0
6	3	34	0.0	0.0	nan	nan	0.0	0.0
6	3	31	0.0	0.0	nan	nan	0.0	0.0
6	3	28	0.0	0.0	nan	nan	0.0	0.0
7	3	100	4.968	0.18	11.452	0.506	1.0	1.0
7	3	97	4.871	0.428	11.71	0.461	1.0	1.0
7	3	94	4.548	0.506	11.935	0.25	1.0	1.0
7	3	91	4.129	0.341	12.129	0.499	1.0	1.0
7	3	88	4.032	0.18	12.323	0.475	1.0	1.0
7	3	85	3.968	0.18	12.677	0.541	1.0	1.0
7	3	82	3.935	0.25	12.968	0.407	1.0	1.0
7	3	79	3.613	0.495	13.452	0.506	1.0	1.0
7	3	76	3.355	0.486	13.71	0.461	1.0	1.0
7	3	73	3.129	0.341	14.129	0.562	1.0	1.0
7	3	70	3.032	0.315	14.903	0.651	1.0	1.0
7	3	67	2.935	0.25	15.452	0.768	1.0	1.0
7	3	64	2.645	0.608	16.935	1.611	1.0	1.0
7	3	61	2.258	0.729	17.387	1.407	1.0	1.0
7	3	58	1.677	0.791	18.774	2.232	1.0	1.0
7	3	55	1.033	0.32	22.7	2.493	0.935	0.968
7	3	52	0.655	0.484	24.333	2.373	0.613	0.677
7	3	49	0.097	0.301	26.0	1.732	0.097	0.097
7	3	46	0.0	0.0	nan	nan	0.0	0.0
7	3	43	0.0	0.0	nan	nan	0.0	0.0
7	3	40	0.0	0.0	nan	nan	0.0	0.0
7	3	37	0.0	0.0	nan	nan	0.0	0.0
7	3	34	0.0	0.0	nan	nan	0.0	0.0
7	3	31	0.0	0.0	nan	nan	0.0	0.0
7	3	28	0.0	0.0	nan	nan	0.0	0.0
8	3	100	4.194	0.402	12.258	0.445	1.0	1.0
8	3	97	4.0	0.0	12.548	0.506	1.0	1.0
8	3	94	4.0	0.0	12.774	0.425	1.0	1.0
8	3	91	3.903	0.301	12.968	0.407	1.0	1.0
8	3	88	3.645	0.486	13.355	0.486	1.0	1.0
8	3	85	3.516	0.508	13.806	0.402	1.0	1.0
8	3	82	3.065	0.25	14.161	0.374	1.0	1.0
8	3	79	2.968	0.18	14.839	0.638	1.0	1.0
8	3	76	3.0	0.0	15.29	0.739	1.0	1.0
8	3	73	2.871	0.341	16.258	0.773	1.0	1.0
8	3	70	2.516	0.57	16.968	1.048	1.0	1.0
8	3	67	1.935	0.68	17.903	1.326	1.0	1.0
8	3	64	1.323	0.599	19.645	1.976	1.0	1.0
8	3	61	1.0	0.365	21.345	2.622	0.935	0.935
8	3	58	0.742	0.445	24.304	2.265	0.742	0.742
8	3	55	0.069	0.258	28.5	7.0	0.065	0.129
8	3	52	0.0	0.0	nan	nan	0.0	0.0
8	3	49	0.0	0.0	nan	nan	0.0	0.0
8	3	46	0.0	0.0	nan	nan	0.0	0.0
8	3	43	0.0	0.0	nan	nan	0.0	0.0
8	3	40	0.0	0.0	nan	nan	0.0	0.0
8	3	37	0.0	0.0	nan	nan	0.0	0.0
8	3	34	0.0	0.0	nan	nan	0.0	0.0
8	3	31	0.0	0.0	nan	nan	0.0	0.0
8	3	28	0.0	0.0	nan	nan	0.0	0.0
9	3	100	7.032	0.315	11.0	0.0	1.0	1.0
9	3	97	7.0	0.0	11.032	0.18	1.0	1.0
9	3	94	6.968	0.18	11.032	0.18	1.0	1.0
9	3	91	6.71	0.461	11.29	0.461	1.0	1.0
9	3	88	6.161	0.374	11.419	0.502	1.0	1.0
9	3	85	6.0	0.0	11.806	0.402	1.0	1.0
9	3	82	6.0	0.0	11.903	0.301	1.0	1.0
9	3	79	5.935	0.25	12.226	0.497	1.0	1.0
9	3	76	5.71	0.461	12.581	0.564	1.0	1.0
9	3	73	5.161	0.374	12.839	0.374	1.0	1.0
9	3	70	5.032	0.18	13.258	0.575	1.0	1.0
9	3	67	5.0	0.0	13.645	0.551	1.0	1.0
9	3	64	4.968	0.315	14.129	0.619	1.0	1.0
9	3	61	4.355	0.551	14.871	0.846	1.0	1.0
9	3	58	4.161	0.374	15.677	0.945	1.0	1.0
9	3	55	3.935	0.359	16.645	1.404	1.0	1.0
9	3	52	3.742	0.445	17.613	1.086	1.0	1.0
9	3	49	3.226	0.497	19.032	1.622	1.0	1.0
9	3	46	2.419	0.502	22.032	1.816	1.0	1.0
9	3	43	1.935	0.512	27.129	4.507	1.0	1.0
9	3	40	1.419	0.672	33.0	5.683	0.903	0.903
9	3	37	0.129	0.428	35.667	4.509	0.097	0.097
9	3	34	0.0	0.0	nan	nan	0.0	0.0
9	3	31	0.0	0.0	nan	nan	0.0	0.0
9	3	28	0.0	0.0	nan	nan	0.0	0.0
10	3	100	6.097	0.301	11.032	0.18	1.0	1.0
10	3	97	5.968	0.18	11.226	0.425	1.0	1.0
10	3	94	5.742	0.445	11.484	0.508	1.0	1.0
10	3	91	5.419	0.502	11.774	0.497	1.0	1.0
10	3	88	5.226	0.425	11.903	0.301	1.0	1.0
10	3	85	5.0	0.0	12.065	0.442	1.0	1.0
10	3	82	5.0	0.0	12.323	0.541	1.0	1.0
10	3	79	4.871	0.341	12.677	0.599	1.0	1.0
10	3	76	4.871	0.341	13.0	0.365	1.0	1.0
10	3	73	4.258	0.445	13.516	0.508	1.0	1.0
10	3	70	4.065	0.25	13.839	0.583	1.0	1.0
10	3	67	4.0	0.0	14.516	0.677	1.0	1.0
10	3	64	3.968	0.315	15.032	0.547	1.0	1.0
10	3	61	3.806	0.402	16.032	0.657	1.0	1.0
10	3	58	3.419	0.62	16.613	1.334	1.0	1.0
10	3	55	2.645	0.709	18.516	1.48	1.0	1.0
10	3	52	2.161	0.374	20.806	1.833	1.0	1.0
10	3	49	1.968	0.18	23.419	2.377	1.0	1.0
10	3	46	1.8	0.551	26.414	3.66	0.903	0.935
10	3	43	0.655	0.814	31.933	4.527	0.419	0.484
10	3	40	0.0	0.0	nan	nan	0.0	0.0
10	3	37	0.0	0.0	nan	nan	0.0	0.0
10	3	34	0.0	0.0	nan	nan	0.0	0.0
10	3	31	0.0	0.0	nan	nan	0.0	0.0
10	3	28	0.0	0.0	nan	nan	0.0	0.0
11	3	100	5.806	0.402	11.484	0.57	1.0	1.0
11	3	97	5.387	0.495	11.71	0.461	1.0	1.0
11	3	94	5.0	0.0	11.935	0.25	1.0	1.0
11	3	91	5.097	0.301	12.129	0.428	1.0	1.0
11	3	88	4.968	0.18	12.29	0.529	1.0	1.0
11	3	85	4.968	0.18	12.71	0.461	1.0	1.0
11	3	82	4.516	0.508	13.0	0.447	1.0	1.0
11	3	79	4.258	0.445	13.258	0.631	1.0	1.0
11	3	76	4.065	0.25	13.871	0.562	1.0	1.0
11	3	73	4.032	0.18	14.516	0.57	1.0	1.0
11	3	70	3.903	0.301	15.032	1.048	1.0	1.0
11	3	67	3.774	0.425	15.645	0.798	1.0	1.0
11	3	64	3.323	0.475	16.613	0.882	1.0	1.0
11	3	61	2.677	0.702	18.258	0.93	1.0	1.0
11	3	58	2.129	0.428	19.452	1.69	1.0	1.0
11	3	55	1.903	0.301	22.516	2.047	1.0	1.0
11	3	52	1.581	0.672	26.321	3.752	0.903	0.903
11	3	49	0.897	0.817	29.95	4.148	0.581	0.645
11	3	46	0.032	0.18	26.0	0.0	0.032	0.032
11	3	43	0.0	0.0	nan	nan	0.0	0.0
11	3	40	0.0	0.0	nan	nan	0.0	0.0
11	3	37	0.0	0.0	nan	nan	0.0	0.0
11	3	34	0.0	0.0	nan	nan	0.0	0.0
11	3	31	0.0	0.0	nan	nan	0.0	0.0
11	3	28	0.0	0.0	nan	nan	0.0	0.0
12	3	100	3.677	0.475	13.226	0.425	1.0	1.0
12	3	97	3.161	0.374	13.581	0.502	1.0	1.0
12	3	94	3.032	0.18	13.871	0.428	1.0	1.0
12	3	91	3.0	0.258	14.161	0.583	1.0	1.0
12	3	88	3.0	0.0	14.71	0.529	1.0	1.0
12	3	85	2.968	0.18	15.355	0.608	1.0	1.0
12	3	82	2.839	0.374	15.645	0.608	1.0	1.0
12	3	79	2.452	0.568	16.484	0.769	1.0	1.0
12	3	76	2.097	0.473	17.161	0.969	1.0	1.0
12	3	73	1.581	0.502	18.161	1.186	1.0	1.0
12	3	70	1.133	0.346	20.323	2.625	0.968	1.0
12	3	67	0.968	0.18	21.2	1.99	0.968	0.968
12	3	64	0.552	0.506	23.833	1.79	0.516	0.581
12	3	61	0.032	0.18	17.0	0.0	0.032	0.032
12	3	58	0.0	0.0	nan	nan	0.0	0.0
12	3	55	0.0	0.0	nan	nan	0.0	0.0
12	3	52	0.0	0.0	nan	nan	0.0	0.0
12	3	49	0.0	0.0	nan	nan	0.0	0.0
12	3	46	0.0	0.0	nan	nan	0.0	0.0
12	3	43	0.0	0.0	nan	nan	0.0	0.0
12	3	40	0.0	0.0	nan	nan	0.0	0.0
12	3	37	0.0	0.0	nan	nan	0.0	0.0
12	3	34	0.0	0.0	nan	nan	0.0	0.0
12	3	31	0.0	0.0	nan	nan	0.0	0.0
12	3	28	0.0	0.0	nan	nan	0.0	0.0
13	3	100	3.0	0.0	12.774	0.425	1.0	1.0
13	3	97	3.0	0.0	12.871	0.428	1.0	1.0
13	3	94	3.0	0.0	13.0	0.365	1.0	1.0
13	3	91	2.935	0.25	13.452	0.506	1.0	1.0
13	3	88	2.613	0.495	13.935	0.359	1.0	1.0
13	3	85	2.387	0.495	14.194	0.477	1.0	1.0
13	3	82	2.065	0.25	14.452	0.81	1.0	1.0
13	3	79	2.0	0.0	15.194	0.749	1.0	1.0
13	3	76	2.0	0.0	16.29	0.783	1.0	1.0
13	3	73	1.871	0.341	17.065	0.998	1.0	1.0
13	3	70	1.5	0.572	18.167	1.577	0.935	0.968
13	3	67	1.036	0.429	20.655	2.176	0.839	0.935
13	3	64	0.588	0.507	23.0	1.911	0.323	0.774
13	3	61	0.069	0.258	23.25	4.924	0.065	0.129
13	3	58	0.0	0.0	nan	nan	0.0	0.0
13	3	55	0.0	0.0	nan	nan	0.0	0.0
13	3	52	0.0	0.0	nan	nan	0.0	0.0
13	3	49	0.0	0.0	nan	nan	0.0	0.0
13	3	46	0.0	0.0	nan	nan	0.0	0.0
13	3	43	0.0	0.0	nan	nan	0.0	0.0
13	3	40	0.0	0.0	nan	nan	0.0	0.0
13	3	37	0.0	0.0	nan	nan	0.0	0.0
13	3	34	0.0	0.0	nan	nan	0.0	0.0
13	3	31	0.0	0.0	nan	nan	0.0	0.0
13	3	28	0.0	0.0	nan	nan	0.0	0.0
14	3	100	6.032	0.18	11.258	0.445	1.0	1.0
14	3	97	5.935	0.25	11.548	0.506	1.0	1.0
14	3	94	5.935	0.25	11.839	0.374	1.0	1.0
14	3	91	5.774	0.425	12.0	0.258	1.0	1.0
14	3	88	5.194	0.402	12.032	0.18	1.0	1.0
14	3	85	5.0	0.0	12.387	0.495	1.0	1.0
14	3	82	5.0	0.0	12.742	0.445	1.0	1.0
14	3	79	5.0	0.0	13.032	0.407	1.0	1.0
14	3	76	4.677	0.475	13.613	0.558	1.0	1.0
14	3	73	4.516	0.508	13.839	0.523	1.0	1.0
14	3	70	4.097	0.301	14.387	0.558	1.0	1.0
14	3	67	3.968	0.18	15.226	0.884	1.0	1.0
14	3	64	3.968	0.18	15.613	0.715	1.0	1.0
14	3	61	3.774	0.425	16.839	1.098	1.0	1.0
14	3	58	3.097	0.746	18.161	0.934	1.0	1.0
14	3	55	2.226	0.425	20.226	1.627	1.0	1.0
14	3	52	2.0	0.0	23.387	3.603	1.0	1.0
14	3	49	1.774	0.617	27.607	4.646	0.903	0.903
14	3	46	0.69	0.761	35.765	5.286	0.484	0.548
14	3	43	0.0	0.0	nan	nan	0.0	0.0
14	3	40	0.0	0.0	nan	nan	0.0	0.0
14	3	37	0.0	0.0	nan	nan	0.0	0.0
14	3	34	0.0	0.0	nan	nan	0.0	0.0
14	3	31	0.0	0.0	nan	nan	0.0	0.0
14	3	28	0.0	0.0	nan	nan	0.0	0.0
15	3	100	3.0	0.0	12.032	0.315	1.0	1.0
15	3	97	3.0	0.0	12.129	0.341	1.0	1.0
15	3	94	3.0	0.0	12.387	0.558	1.0	1.0
15	3	91	3.0	0.0	12.742	0.445	1.0	1.0
15	3	88	2.903	0.301	13.0	0.365	1.0	1.0
15	3	85	2.645	0.486	13.387	0.495	1.0	1.0
15	3	82	2.258	0.445	13.742	0.445	1.0	1.0
15	3	79	2.0	0.0	14.194	0.601	1.0	1.0
15	3	76	2.0	0.0	14.742	0.631	1.0	1.0
15	3	73	2.0	0.0	15.516	0.769	1.0	1.0
15	3	70	1.968	0.18	15.968	0.605	1.0	1.0
15	3	67	1.839	0.374	17.419	1.311	1.0	1.0
15	3	64	1.167	0.565	19.241	2.012	0.71	0.935
15	3	61	0.333	0.658	21.467	2.532	0.161	0.484
15	3	58	0.0	0.0	nan	nan	0.0	0.0
15	3	55	0.0	0.0	nan	nan	0.0	0.0
15	3	52	0.0	0.0	nan	nan	0.0	0.0
15	3	49	0.0	0.0	nan	nan	0.0	0.0
15	3	46	0.0	0.0	nan	nan	0.0	0.0
15	3	43	0.0	0.0	nan	nan	0.0	0.0
15	3	40	0.0	0.0	nan	nan	0.0	0.0
15	3	37	0.0	0.0	nan	nan	0.0	0.0
15	3	34	0.0	0.0	nan	nan	0.0	0.0
15	3	31	0.0	0.0	nan	nan	0.0	0.0
15	3	28	0.0	0.0	nan	nan	0.0	0.0
16	3	100	4.839	0.374	11.903	0.301	1.0	1.0
16	3	97	4.774	0.425	11.935	0.25	1.0	1.0
16	3	94	4.258	0.445	12.161	0.523	1.0	1.0
16	3	91	4.129	0.341	12.484	0.508	1.0	1.0
16	3	88	4.0	0.258	12.935	0.25	1.0	1.0
16	3	85	3.968	0.18	13.161	0.374	1.0	1.0
16	3	82	3.935	0.25	13.484	0.508	1.0	1.0
16	3	79	3.645	0.486	13.935	0.359	1.0	1.0
16	3	76	3.161	0.374	14.419	0.62	1.0	1.0
16	3	73	3.129	0.341	14.968	0.657	1.0	1.0
16	3	70	2.935	0.25	15.29	0.783	1.0	1.0
16	3	67	2.871	0.341	16.065	0.772	1.0	1.0
16	3	64	2.581	0.564	17.226	0.762	1.0	1.0
16	3	61	1.452	0.624	18.968	1.402	1.0	1.0
16	3	58	1.129	0.341	20.548	1.588	1.0	1.0
16	3	55	0.933	0.254	23.828	1.794	0.903	0.935
16	3	52	0.207	0.412	26.625	3.777	0.194	0.258
16	3	49	0.0	0.0	nan	nan	0.0	0.0
16	3	46	0.0	0.0	nan	nan	0.0	0.0
16	3	43	0.0	0.0	nan	nan	0.0	0.0
16	3	40	0.0	0.0	nan	nan	0.0	0.0
16	3	37	0.0	0.0	nan	nan	0.0	0.0
16	3	34	0.0	0.0	nan	nan	0.0	0.0
16	3	31	0.0	0.0	nan	nan	0.0	0.0
16	3	28	0.0	0.0	nan	nan	0.0	0.0
17	3	100	4.0	0.0	12.0	0.0	1.0	1.0
17	3	97	3.968	0.18	12.0	0.0	1.0	1.0
17	3	94	3.742	0.445	12.452	0.506	1.0	1.0
17	3	91	3.516	0.508	12.71	0.529	1.0	1.0
17	3	88	3.29	0.461	12.935	0.359	1.0	1.0
17	3	85	3.032	0.18	13.387	0.558	1.0	1.0
17	3	82	3.0	0.0	13.806	0.477	1.0	1.0
17	3	79	2.968	0.18	14.226	0.425	1.0	1.0
17	3	76	2.903	0.301	14.677	0.541	1.0	1.0
17	3	73	2.613	0.495	15.387	0.615	1.0	1.0
17	3	70	2.194	0.402	16.161	0.735	1.0	1.0
17	3	67	1.806	0.402	17.387	1.498	1.0	1.0
17	3	64	1.323	0.541	18.7	1.643	0.968	0.968
17	3	61	1.065	0.25	20.548	1.877	1.0	1.0
17	3	58	0.964	0.189	23.667	1.845	0.871	0.968
17	3	55	0.133	0.346	23.8	1.789	0.129	0.161
17	3	52	0.0	0.0	nan	nan	0.0	0.0
17	3	49	0.0	0.0	nan	nan	0.0	0.0
17	3	46	0.0	0.0	nan	nan	0.0	0.0
17	3	43	0.0	0.0	nan	nan	0.0	0.0
17	3	40	0.0	0.0	nan	nan	0.0	0.0
17	3	37	0.0	0.0	nan	nan	0.0	0.0
17	3	34	0.0	0.0	nan	nan	0.0	0.0
17	3	31	0.0	0.0	nan	nan	0.0	0.0
17	3	28	0.0	0.0	nan	nan	0.0	0.0
18	3	100	3.0	0.0	13.129	0.341	1.0	1.0
18	3	97	3.0	0.0	13.419	0.502	1.0	1.0
18	3	94	3.0	0.0	13.871	0.428	1.0	1.0
18	3	91	3.0	0.0	14.161	0.454	1.0	1.0
18	3	88	2.968	0.18	14.742	0.445	1.0	1.0
18	3	85	2.742	0.445	15.323	0.475	1.0	1.0
18	3	82	2.097	0.301	15.839	0.583	1.0	1.0
18	3	79	2.065	0.25	16.484	0.724	1.0	1.0
18	3	76	1.839	0.374	17.613	0.882	1.0	1.0
18	3	73	1.323	0.475	18.613	1.054	1.0	1.0
18	3	70	1.032	0.315	20.167	1.683	0.968	0.968
18	3	67	0.577	0.504	22.75	2.425	0.484	0.645
18	3	64	0.167	0.461	22.6	2.966	0.129	0.161
18	3	61	0.0	0.0	nan	nan	0.0	0.0
18	3	58	0.0	0.0	nan	nan	0.0	0.0
18	3	55	0.0	0.0	nan	nan	0.0	0.0
18	3	52	0.0	0.0	nan	nan	0.0	0.0
18	3	49	0.0	0.0	nan	nan	0.0	0.0
18	3	46	0.0	0.0	nan	nan	0.0	0.0
18	3	43	0.0	0.0	nan	nan	0.0	0.0
18	3	40	0.0	0.0	nan	nan	0.0	0.0
18	3	37	0.0	0.0	nan	nan	0.0	0.0
18	3	34	0.0	0.0	nan	nan	0.0	0.0
18	3	31	0.0	0.0	nan	nan	0.0	0.0
18	3	28	0.0	0.0	nan	nan	0.0	0.0
19	3	100	3.0	0.0	13.806	0.477	1.0	1.0
19	3	97	3.0	0.0	14.065	0.25	1.0	1.0
19	3	94	2.968	0.18	14.29	0.588	1.0	1.0
19	3	91	2.677	0.475	14.71	0.461	1.0	1.0
19	3	88	2.387	0.495	15.194	0.477	1.0	1.0
19	3	85	2.161	0.374	15.677	0.653	1.0	1.0
19	3	82	2.0	0.0	16.258	0.631	1.0	1.0
19	3	79	1.968	0.18	17.065	0.814	1.0	1.0
19	3	76	1.71	0.461	17.806	0.91	1.0	1.0
19	3	73	1.29	0.461	19.355	1.33	1.0	1.0
19	3	70	1.034	0.325	21.0	1.965	0.903	0.968
19	3	67	0.88	0.332	22.393	2.061	0.71	0.903
19	3	64	0.033	0.183	24.5	0.707	0.032	0.065
19	3	61	0.0	0.0	nan	nan	0.0	0.0
19	3	58	0.0	0.0	nan	nan	0.0	0.0
19	3	55	0.0	0.0	nan	nan	0.0	0.0
19	3	52	0.0	0.0	nan	nan	0.0	0.0
19	3	49	0.0	0.0	nan	nan	0.0	0.0
19	3	46	0.0	0.0	nan	nan	0.0	0.0
19	3	43	0.0	0.0	nan	nan	0.0	0.0
19	3	40	0.0	0.0	nan	nan	0.0	0.0
19	3	37	0.0	0.0	nan	nan	0.0	0.0
19	3	34	0.0	0.0	nan	nan	0.0	0.0
19	3	31	0.0	0.0	nan	nan	0.0	0.0
19	3	28	0.0	0.0	nan	nan	0.0	0.0
20	3	100	3.839	0.374	11.613	0.495	1.0	1.0
20	3	97	3.774	0.425	11.871	0.341	1.0	1.0
20	3	94	3.677	0.475	12.065	0.25	1.0	1.0
20	3	91	3.226	0.425	12.194	0.402	1.0	1.0
20	3	88	3.065	0.25	12.419	0.502	1.0	1.0
20	3	85	3.032	0.18	12.71	0.461	1.0	1.0
20	3	82	3.0	0.0	13.097	0.473	1.0	1.0
20	3	79	3.0	0.0	13.452	0.568	1.0	1.0
20	3	76	2.871	0.341	13.871	0.619	1.0	1.0
20	3	73	2.677	0.541	14.71	0.973	1.0	1.0
20	3	70	2.29	0.461	15.032	0.657	1.0	1.0
20	3	67	2.032	0.18	15.613	0.615	1.0	1.0
20	3	64	2.0	0.0	16.516	0.851	1.0	1.0
20	3	61	1.839	0.374	17.419	0.958	1.0	1.0
20	3	58	1.258	0.514	19.5	1.925	0.968	0.968
20	3	55	0.8	0.577	23.167	2.988	0.581	0.774
20	3	52	0.231	0.43	24.364	2.541	0.194	0.355
20	3	49	0.0	0.0	nan	nan	0.0	0.0
20	3	46	0.0	0.0	nan	nan	0.0	0.0
20	3	43	0.0	0.0	nan	nan	0.0	0.0
20	3	40	0.0	0.0	nan	nan	0.0	0.0
20	3	37	0.0	0.0	nan	nan	0.0	0.0
20	3	34	0.0	0.0	nan	nan	0.0	0.0
20	3	31	0.0	0.0	nan	nan	0.0	0.0
20	3	28	0.0	0.0	nan	nan	0.0	0.0
21	3	100	4.71	0.461	11.903	0.396	1.0	1.0
21	3	97	4.452	0.506	12.129	0.499	1.0	1.0
21	3	94	4.258	0.445	12.161	0.454	1.0	1.0
21	3	91	4.097	0.301	12.71	0.529	1.0	1.0
21	3	88	4.0	0.0	12.774	0.425	1.0	1.0
21	3	85	3.935	0.25	13.226	0.425	1.0	1.0
21	3	82	3.935	0.25	13.452	0.506	1.0	1.0
21	3	79	3.71	0.461	13.839	0.583	1.0	1.0
21	3	76	3.323	0.475	14.452	0.723	1.0	1.0
21	3	73	3.032	0.18	14.903	0.651	1.0	1.0
21	3	70	2.968	0.18	15.71	0.824	1.0	1.0
21	3	67	2.935	0.25	16.29	1.442	1.0	1.0
21	3	64	2.871	0.341	17.194	1.046	1.0	1.0
21	3	61	2.097	0.7	18.806	1.74	1.0	1.0
21	3	58	1.355	0.608	21.065	1.769	1.0	1.0
21	3	55	1.097	0.301	23.903	3.004	1.0	1.0
21	3	52	0.733	0.45	26.739	4.91	0.71	0.742
21	3	49	0.065	0.25	25.5	2.121	0.065	0.065
21	3	46	0.0	0.0	nan	nan	0.0	0.0
21	3	43	0.0	0.0	nan	nan	0.0	0.0
21	3	40	0.0	0.0	nan	nan	0.0	0.0
21	3	37	0.0	0.0	nan	nan	0.0	0.0
21	3	34	0.0	0.0	nan	nan	0.0	0.0
21	3	31	0.0	0.0	nan	nan	0.0	0.0
21	3	28	0.0	0.0	nan	nan	0.0	0.0
22	3	100	6.968	0.18	11.0	0.0	1.0	1.0
22	3	97	6.968	0.18	11.258	0.445	1.0	1.0
22	3	94	6.645	0.486	11.387	0.495	1.0	1.0
22	3	91	6.226	0.425	11.645	0.551	1.0	1.0
22	3	88	6.032	0.315	12.032	0.407	1.0	1.0
22	3	85	6.0	0.0	12.194	0.402	1.0	1.0
22	3	82	5.935	0.25	12.258	0.514	1.0	1.0
22	3	79	5.484	0.508	12.871	0.341	1.0	1.0
22	3	76	5.065	0.25	13.129	0.428	1.0	1.0
22	3	73	5.032	0.18	13.452	0.506	1.0	1.0
22	3	70	4.935	0.25	13.935	0.359	1.0	1.0
22	3	67	4.742	0.445	14.548	0.624	1.0	1.0
22	3	64	4.387	0.495	14.774	0.762	1.0	1.0
22	3	61	4.0	0.258	16.065	0.854	1.0	1.0
22	3	58	3.968	0.315	17.032	0.795	1.0	1.0
22	3	55	3.29	0.693	18.419	1.766	1.0	1.0
22	3	52	2.613	0.615	20.742	2.19	1.0	1.0
22	3	49	2.194	0.402	23.903	2.399	1.0	1.0
22	3	46	1.903	0.301	27.968	4.564	1.0	1.0
22	3	43	0.885	0.816	37.143	5.434	0.516	0.677
22	3	40	0.065	0.25	36.5	0.707	0.065	0.065
22	3	37	0.0	0.0	nan	nan	0.0	0.0
22	3	34	0.0	0.0	nan	nan	0.0	0.0
22	3	31	0.0	0.0	nan	nan	0.0	0.0
22	3	28	0.0	0.0	nan	nan	0.0	0.0
23	3	100	6.065	0.25	11.677	0.475	1.0	1.0
23	3	97	6.0	0.0	11.935	0.25	1.0	1.0
23	3	94	5.871	0.341	11.935	0.359	1.0	1.0
23	3	91	5.677	0.475	12.258	0.445	1.0	1.0
23	3	88	5.419	0.502	12.419	0.502	1.0	1.0
23	3	85	5.129	0.341	12.806	0.402	1.0	1.0
23	3	82	5.032	0.18	12.903	0.473	1.0	1.0
23	3	79	4.968	0.18	13.097	0.301	1.0	1.0
23	3	76	4.742	0.445	13.581	0.564	1.0	1.0
23	3	73	4.452	0.506	13.968	0.407	1.0	1.0
23	3	70	4.097	0.301	14.516	0.677	1.0	1.0
23	3	67	4.032	0.18	15.258	0.729	1.0	1.0
23	3	64	4.0	0.0	15.839	0.583	1.0	1.0
23	3	61	3.871	0.428	16.323	0.909	1.0	1.0
23	3	58	3.387	0.715	17.484	1.029	1.0	1.0
23	3	55	2.548	0.675	19.0	1.461	1.0	1.0
23	3	52	2.129	0.341	21.194	2.12	1.0	1.0
23	3	49	1.839	0.374	24.097	2.902	1.0	1.0
23	3	46	1.581	0.502	27.613	4.759	1.0	1.0
23	3	43	0.556	0.751	31.4	5.289	0.355	0.484
23	3	40	0.067	0.365	34.5	9.192	0.032	0.065
23	3	37	0.0	0.0	nan	nan	0.0	0.0
23	3	34	0.0	0.0	nan	nan	0.0	0.0
23	3	31	0.0	0.0	nan	nan	0.0	0.0
23	3	28	0.0	0.0	nan	nan	0.0	0.0
24	3	100	3.645	0.486	12.871	0.341	1.0	1.0
24	3	97	3.419	0.502	12.935	0.25	1.0	1.0
24	3	94	3.129	0.341	13.194	0.402	1.0	1.0
24	3	91	3.0	0.0	13.645	0.551	1.0	1.0
24	3	88	3.0	0.0	14.065	0.512	1.0	1.0
24	3	85	3.0	0.0	14.548	0.506	1.0	1.0
24	3	82	3.0	0.0	14.871	0.428	1.0	1.0
24	3	79	2.806	0.402	15.613	0.761	1.0	1.0
24	3	76	2.548	0.506	16.323	0.791	1.0	1.0
24	3	73	2.129	0.562	17.065	1.031	1.0	1.0
24	3	70	1.677	0.475	18.194	1.014	1.0	1.0
24	3	67	1.129	0.341	19.774	1.431	1.0	1.0
24	3	64	0.935	0.359	23.071	2.292	0.903	0.903
24	3	61	0.2	0.407	27.714	2.43	0.194	0.226
24	3	58	0.0	0.0	nan	nan	0.0	0.0
24	3	55	0.0	0.0	nan	nan	0.0	0.0
24	3	52	0.0	0.0	nan	nan	0.0	0.0
24	3	49	0.0	0.0	nan	nan	0.0	0.0
24	3	46	0.0	0.0	nan	nan	0.0	0.0
24	3	43	0.0	0.0	nan	nan	0.0	0.0
24	3	40	0.0	0.0	nan	nan	0.0	0.0
24	3	37	0.0	0.0	nan	nan	0.0	0.0
24	3	34	0.0	0.0	nan	nan	0.0	0.0
24	3	31	0.0	0.0	nan	nan	0.0	0.0
24	3	28	0.0	0.0	nan	nan	0.0	0.0
25	3	100	3.0	0.0	13.0	0.0	1.0	1.0
25	3	97	3.0	0.0	13.29	0.461	1.0	1.0
25	3	94	3.0	0.0	13.71	0.461	1.0	1.0
25	3	91	2.677	0.475	14.032	0.315	1.0	1.0
25	3	88	2.387	0.495	14.387	0.495	1.0	1.0
25	3	85	2.129	0.341	15.0	0.73	1.0	1.0
25	3	82	2.032	0.18	15.323	0.599	1.0	1.0
25	3	79	1.935	0.25	16.194	1.108	1.0	1.0
25	3	76	2.0	0.0	16.677	0.791	1.0	1.0
25	3	73	1.806	0.402	17.613	0.919	1.0	1.0
25	3	70	1.3	0.466	19.355	1.539	0.968	1.0
25	3	67	0.852	0.534	21.12	1.536	0.677	0.806
25	3	64	0.208	0.415	23.5	1.834	0.161	0.387
25	3	61	0.0	0.0	nan	nan	0.0	0.0
25	3	58	0.0	0.0	nan	nan	0.0	0.0
25	3	55	0.0	0.0	nan	nan	0.0	0.0
25	3	52	0.0	0.0	nan	nan	0.0	0.0
25	3	49	0.0	0.0	nan	nan	0.0	0.0
25	3	46	0.0	0.0	nan	nan	0.0	0.0
25	3	43	0.0	0.0	nan	nan	0.0	0.0
25	3	40	0.0	0.0	nan	nan	0.0	0.0
25	3	37	0.0	0.0	nan	nan	0.0	0.0
25	3	34	0.0	0.0	nan	nan	0.0	0.0
25	3	31	0.0	0.0	nan	nan	0.0	0.0
25	3	28	0.0	0.0	nan	nan	0.0	0.0
26	3	100	3.935	0.25	12.161	0.374	1.0	1.0
26	3	97	3.613	0.495	12.387	0.495	1.0	1.0
26	3	94	3.484	0.508	12.774	0.497	1.0	1.0
26	3	91	3.129	0.341	13.032	0.315	1.0	1.0
26	3	88	3.097	0.301	13.258	0.514	1.0	1.0
26	3	85	2.968	0.18	13.613	0.495	1.0	1.0
26	3	82	3.0	0.0	13.968	0.547	1.0	1.0
26	3	79	3.0	0.0	14.355	0.709	1.0	1.0
26	3	76	2.742	0.445	15.065	0.574	1.0	1.0
26	3	73	2.387	0.495	15.839	0.688	1.0	1.0
26	3	70	2.097	0.396	16.613	0.882	1.0	1.0
26	3	67	1.839	0.374	17.645	1.17	1.0	1.0
26	3	64	1.355	0.486	18.935	1.181	1.0	1.0
26	3	61	1.067	0.254	21.161	2.051	0.968	1.0
26	3	58	0.643	0.488	23.619	2.133	0.581	0.677
26	3	55	0.067	0.254	24.667	0.577	0.065	0.097
26	3	52	0.0	0.0	nan	nan	0.0	0.0
26	3	49	0.0	0.0	nan	nan	0.0	0.0
26	3	46	0.0	0.0	nan	nan	0.0	0.0
26	3	43	0.0	0.0	nan	nan	0.0	0.0
26	3	40	0.0	0.0	nan	nan	0.0	0.0
26	3	37	0.0	0.0	nan	nan	0.0	0.0
26	3	34	0.0	0.0	nan	nan	0.0	0.0
26	3	31	0.0	0.0	nan	nan	0.0	0.0
26	3	28	0.0	0.0	nan	nan	0.0	0.0
27	3	100	4.839	0.374	11.871	0.341	1.0	1.0
27	3	97	4.484	0.508	12.0	0.0	1.0	1.0
27	3	94	4.032	0.18	12.161	0.454	1.0	1.0
27	3	91	4.0	0.0	12.258	0.575	1.0	1.0
27	3	88	3.968	0.315	12.645	0.486	1.0	1.0
27	3	85	3.968	0.18	12.968	0.482	1.0	1.0
27	3	82	3.645	0.486	13.161	0.688	1.0	1.0
27	3	79	3.194	0.402	13.581	0.502	1.0	1.0
27	3	76	3.097	0.301	13.839	0.523	1.0	1.0
27	3	73	3.0	0.0	14.581	0.672	1.0	1.0
27	3	70	2.968	0.18	15.258	0.773	1.0	1.0
27	3	67	2.677	0.475	15.613	0.803	1.0	1.0
27	3	64	2.387	0.495	16.645	1.112	1.0	1.0
27	3	61	1.968	0.752	18.129	1.979	1.0	1.0
27	3	58	1.226	0.497	19.742	1.612	1.0	1.0
27	3	55	0.862	0.581	22.5	3.489	0.71	0.774
27	3	52	0.258	0.445	24.375	3.662	0.258	0.258
27	3	49	0.0	0.0	nan	nan	0.0	0.0
27	3	46	0.0	0.0	nan	nan	0.0	0.0
27	3	43	0.0	0.0	nan	nan	0.0	0.0
27	3	40	0.0	0.0	nan	nan	0.0	0.0
27	3	37	0.0	0.0	nan	nan	0.0	0.0
27	3	34	0.0	0.0	nan	nan	0.0	0.0
27	3	31	0.0	0.0	nan	nan	0.0	0.0
27	3	28	0.0	0.0	nan	nan	0.0	0.0
28	3	100	6.645	0.486	11.194	0.402	1.0	1.0
28	3	97	6.387	0.495	11.419	0.502	1.0	1.0
28	3	94	6.161	0.374	11.742	0.445	1.0	1.0
28	3	91	6.0	0.0	11.903	0.301	1.0	1.0
28	3	88	5.935	0.25	12.065	0.442	1.0	1.0
28	3	85	5.645	0.486	12.161	0.374	1.0	1.0
28	3	82	5.355	0.486	12.419	0.72	1.0	1.0
28	3	79	5.129	0.341	12.968	0.407	1.0	1.0
28	3	76	5.0	0.0	13.129	0.341	1.0	1.0
28	3	73	4.935	0.25	13.581	0.502	1.0	1.0
28	3	70	4.71	0.461	14.161	0.523	1.0	1.0
28	3	67	4.194	0.402	14.613	0.803	1.0	1.0
28	3	64	4.032	0.18	15.226	0.497	1.0	1.0
28	3	61	4.0	0.0	16.097	0.746	1.0	1.0
28	3	58	3.871	0.341	17.097	0.908	1.0	1.0
28	3	55	3.452	0.624	18.29	1.216	1.0	1.0
28	3	52	2.419	0.564	20.806	2.056	1.0	1.0
28	3	49	2.129	0.341	24.032	2.549	1.0	1.0
28	3	46	1.667	0.661	30.759	6.186	0.903	0.935
28	3	43	0.133	0.434	31.5	8.813	0.097	0.129
28	3	40	0.0	0.0	53.0	0.0	0.0	0.032
28	3	37	0.0	0.0	nan	nan	0.0	0.0
28	3	34	0.0	0.0	nan	nan	0.0	0.0
28	3	31	0.0	0.0	nan	nan	0.0	0.0
28	3	28	0.0	0.0	nan	nan	0.0	0.0
29	3	100	6.806	0.402	10.871	0.341	1.0	1.0
29	3	97	6.226	0.425	10.968	0.18	1.0	1.0
29	3	94	6.032	0.18	11.065	0.25	1.0	1.0
29	3	91	5.968	0.18	11.226	0.425	1.0	1.0
29	3	88	5.806	0.402	11.581	0.502	1.0	1.0
29	3	85	5.581	0.502	11.71	0.461	1.0	1.0
29	3	82	5.194	0.402	11.968	0.407	1.0	1.0
29	3	79	5.032	0.18	12.226	0.425	1.0	1.0
29	3	76	4.935	0.25	12.613	0.495	1.0	1.0
29	3	73	4.774	0.425	13.065	0.512	1.0	1.0
29	3	70	4.613	0.495	13.387	0.667	1.0	1.0
29	3	67	4.129	0.341	14.0	0.577	1.0	1.0
29	3	64	4.032	0.18	14.548	0.675	1.0	1.0
29	3	61	3.903	0.396	15.29	0.973	1.0	1.0
29	3	58	3.548	0.506	16.419	1.361	1.0	1.0
29	3	55	2.903	0.597	17.935	1.237	1.0	1.0
29	3	52	2.387	0.615	19.968	2.213	1.0	1.0
29	3	49	2.032	0.18	23.645	3.489	1.0	1.0
29	3	46	1.871	0.428	27.5	3.767	0.968	0.968
29	3	43	0.72	0.792	35.842	4.438	0.419	0.613
29	3	40	0.034	0.186	38.333	3.215	0.032	0.097
29	3	37	0.0	0.0	nan	nan	0.0	0.0
29	3	34	0.0	0.0	nan	nan	0.0	0.0
29	3	31	0.0	0.0	nan	nan	0.0	0.0
29	3	28	0.0	0.0	nan	nan	0.0	0.0
30	3	100	3.032	0.18	12.71	0.461	1.0	1.0
30	3	97	3.0	0.0	12.871	0.428	1.0	1.0
30	3	94	3.0	0.0	13.29	0.461	1.0	1.0
30	3	91	3.0	0.0	13.677	0.475	1.0	1.0
30	3	88	2.903	0.301	14.0	0.516	1.0	1.0
30	3	85	2.613	0.495	14.516	0.508	1.0	1.0
30	3	82	2.452	0.506	15.0	0.577	1.0	1.0
30	3	79	2.097	0.301	15.548	0.768	1.0	1.0
30	3	76	1.968	0.18	16.774	0.884	1.0	1.0
30	3	73	1.903	0.396	17.806	1.939	1.0	1.0
30	3	70	1.226	0.425	19.613	1.626	1.0	1.0
30	3	67	0.846	0.368	22.296	2.198	0.71	0.871
30	3	64	0.333	0.48	24.0	2.483	0.29	0.419
30	3	61	0.0	0.0	nan	nan	0.0	0.0
30	3	58	0.0	0.0	nan	nan	0.0	0.0
30	3	55	0.0	0.0	nan	nan	0.0	0.0
30	3	52	0.0	0.0	nan	nan	0.0	0.0
30	3	49	0.0	0.0	nan	nan	0.0	0.0
30	3	46	0.0	0.0	nan	nan	0.0	0.0
30	3	43	0.0	0.0	nan	nan	0.0	0.0
30	3	40	0.0	0.0	nan	nan	0.0	0.0
30	3	37	0.0	0.0	nan	nan	0.0	0.0
30	3	34	0.0	0.0	nan	nan	0.0	0.0
30	3	31	0.0	0.0	nan	nan	0.0	0.0
30	3	28	0.0	0.0	nan	nan	0.0	0.0
31	3	100	4.0	0.0	11.323	0.541	1.0	1.0
31	3	97	3.935	0.25	11.677	0.475	1.0	1.0
31	3	94	3.806	0.402	12.0	0.258	1.0	1.0
31	3	91	3.677	0.475	12.0	0.447	1.0	1.0
31	3	88	3.161	0.374	12.452	0.506	1.0	1.0
31	3	85	3.032	0.18	12.968	0.657	1.0	1.0
31	3	82	3.0	0.0	13.29	0.643	1.0	1.0
31	3	79	2.935	0.25	13.806	0.477	1.0	1.0
31	3	76	2.806	0.402	14.258	0.965	1.0	1.0
31	3	73	2.387	0.495	14.677	0.599	1.0	1.0
31	3	70	2.194	0.402	15.516	0.626	1.0	1.0
31	3	67	2.0	0.258	16.194	1.078	1.0	1.0
31	3	64	1.871	0.341	17.129	1.024	1.0	1.0
31	3	61	1.179	0.548	19.276	2.218	0.839	0.935
31	3	58	0.409	0.503	22.167	2.307	0.29	0.581
31	3	55	0.0	0.0	25.0	0.0	0.0	0.032
31	3	52	0.0	0.0	nan	nan	0.0	0.0
31	3	49	0.0	0.0	nan	nan	0.0	0.0
31	3	46	0.0	0.0	nan	nan	0.0	0.0
31	3	43	0.0	0.0	nan	nan	0.0	0.0
31	3	40	0.0	0.0	nan	nan	0.0	0.0
31	3	37	0.0	0.0	nan	nan	0.0	0.0
31	3	34	0.0	0.0	nan	nan	0.0	0.0
31	3	31	0.0	0.0	nan	nan	0.0	0.0
31	3	28	0.0	0.0	nan	nan	0.0	0.0
0	4	100	4.968	0.18	10.871	0.341	1.0	1.0
0	4	97	5.0	0.0	10.968	0.18	1.0	1.0
0	4	94	4.839	0.374	11.032	0.18	1.0	1.0
0	4	91	4.71	0.461	11.097	0.473	1.0	1.0
0	4	88	4.194	0.402	11.419	0.502	1.0	1.0
0	4	85	4.065	0.25	11.839	0.374	1.0	1.0
0	4	82	4.0	0.0	11.968	0.18	1.0	1.0
0	4	79	4.0	0.0	12.355	0.486	1.0	1.0
0	4	76	3.871	0.341	12.677	0.475	1.0	1.0
0	4	73	3.903	0.301	12.935	0.442	1.0	1.0
0	4	70	3.613	0.495	13.323	0.541	1.0	1.0
0	4	67	3.323	0.475	14.29	0.529	1.0	1.0
0	4	64	3.065	0.25	14.645	0.839	1.0	1.0
0	4	61	3.0	0.0	15.516	0.626	1.0	1.0
0	4	58	2.871	0.341	17.0	2.113	1.0	1.0
0	4	55	2.484	0.57	18.516	1.61	1.0	1.0
0	4	52	2.0	0.516	20.548	2.249	1.0	1.0
0	4	49	1.321	0.612	24.655	3.82	0.839	0.935
0	4	46	0.067	0.254	33.333	6.429	0.065	0.097
0	4	43	0.0	0.0	nan	nan	0.0	0.0
0	4	40	0.0	0.0	nan	nan	0.0	0.0
0	4	37	0.0	0.0	nan	nan	0.0	0.0
0	4	34	0.0	0.0	nan	nan	0.0	0.0
0	4	31	0.0	0.0	nan	nan	0.0	0.0
0	4	28	0.0	0.0	nan	nan	0.0	0.0
1	4	100	4.935	0.25	11.0	0.258	1.0	1.0
1	4	97	4.903	0.301	11.0	0.365	1.0	1.0
1	4	94	4.677	0.475	11.097	0.396	1.0	1.0
1	4	91	4.323	0.475	11.516	0.57	1.0	1.0
1	4	88	4.161	0.374	11.613	0.495	1.0	1.0
1	4	85	4.0	0.0	11.935	0.512	1.0	1.0
1	4	82	4.0	0.0	12.258	0.445	1.0	1.0
1	4	79	4.0	0.0	12.645	0.551	1.0	1.0
1	4	76	3.806	0.402	13.032	0.547	1.0	1.0
1	4	73	3.645	0.486	13.161	0.523	1.0	1.0
1	4	70	3.29	0.461	13.871	0.619	1.0	1.0
1	4	67	3.065	0.25	14.29	0.588	1.0	1.0
1	4	64	3.032	0.315	15.645	1.38	1.0	1.0
1	4	61	3.0	0.0	16.032	0.795	1.0	1.0
1	4	58	2.839	0.374	16.903	1.248	1.0	1.0
1	4	55	1.968	0.836	19.032	1.798	1.0	1.0
1	4	52	1.452	0.506	21.065	2.25	1.0	1.0
1	4	49	1.097	0.473	25.724	3.422	0.935	0.935
1	4	46	0.258	0.514	27.286	1.799	0.226	0.226
1	4	43	0.065	0.359	16.0	0.0	0.032	0.032
1	4	40	0.0	0.0	nan	nan	0.0	0.0
1	4	37	0.0	0.0	nan	nan	0.0	0.0
1	4	34	0.0	0.0	nan	nan	0.0	0.0
1	4	31	0.0	0.0	nan	nan	0.0	0.0
1	4	28	0.0	0.0	nan	nan	0.0	0.0
2	4	100	3.0	0.0	12.032	0.18	1.0	1.0
2	4	97	3.032	0.18	12.161	0.374	1.0	1.0
2	4	94	3.0	0.0	12.71	0.461	1.0	1.0
2	4	91	3.0	0.0	12.903	0.301	1.0	1.0
2	4	88	2.677	0.475	13.097	0.301	1.0	1.0
2	4	85	2.419	0.502	13.581	0.672	1.0	1.0
2	4	82	2.065	0.25	13.968	0.547	1.0	1.0
2	4	79	2.065	0.25	14.419	0.62	1.0	1.0
2	4	76	2.0	0.0	15.032	0.605	1.0	1.0
2	4	73	2.0	0.0	15.806	0.792	1.0	1.0
2	4	70	1.903	0.301	17.065	1.482	1.0	1.0
2	4	67	1.586	0.501	18.323	1.301	0.935	1.0
2	4	64	1.25	0.639	20.483	2.654	0.581	0.935
2	4	61	0.364	0.581	21.688	2.301	0.226	0.516
2	4	58	0.0	0.0	25.0	0.0	0.0	0.032
2	4	55	0.0	0.0	nan	nan	0.0	0.0
2	4	52	0.0	0.0	nan	nan	0.0	0.0
2	4	49	0.0	0.0	nan	nan	0.0	0.0
2	4	46	0.0	0.0	nan	nan	0.0	0.0
2	4	43	0.0	0.0	nan	nan	0.0	0.0
2	4	40	0.0	0.0	nan	nan	0.0	0.0
2	4	37	0.0	0.0	nan	nan	0.0	0.0
2	4	34	0.0	0.0	nan	nan	0.0	0.0
2	4	31	0.0	0.0	nan	nan	0.0	0.0
2	4	28	0.0	0.0	nan	nan	0.0	0.0
3	4	100	4.968	0.18	10.161	0.374	1.0	1.0
3	4	97	4.806	0.402	10.419	0.502	1.0	1.0
3	4	94	4.742	0.445	10.484	0.508	1.0	1.0
3	4	91	4.355	0.486	10.71	0.529	1.0	1.0
3	4	88	4.065	0.25	10.968	0.315	1.0	1.0
3	4	85	4.0	0.0	11.097	0.301	1.0	1.0
3	4	82	4.0	0.0	11.161	0.454	1.0	1.0
3	4	79	4.032	0.18	11.742	0.514	1.0	1.0
3	4	76	3.968	0.18	11.903	0.473	1.0	1.0
3	4	73	3.742	0.445	12.29	0.529	1.0	1.0
3	4	70	3.419	0.502	12.968	0.605	1.0	1.0
3	4	67	3.097	0.301	13.355	0.755	1.0	1.0
3	4	64	3.129	0.341	13.774	0.617	1.0	1.0
3	4	61	3.0	0.0	14.645	0.709	1.0	1.0
3	4	58	2.935	0.25	15.645	1.082	1.0	1.0
3	4	55	2.581	0.564	16.645	1.17	1.0	1.0
3	4	52	2.129	0.846	18.097	2.055	1.0	1.0
3	4	49	1.226	0.497	21.581	3.074	1.0	1.0
3	4	46	0.793	0.412	26.16	4.394	0.742	0.806
3	4	43	0.483	0.509	28.562	4.487	0.452	0.516
3	4	40	0.0	0.0	nan	nan	0.0	0.0
3	4	37	0.0	0.0	nan	nan	0.0	0.0
3	4	34	0.0	0.0	nan	nan	0.0	0.0
3	4	31	0.0	0.0	nan	nan	0.0	0.0
3	4	28	0.0	0.0	nan	nan	0.0	0.0
4	4	100	6.452	0.506	11.0	0.258	1.0	1.0
4	4	97	6.065	0.25	11.097	0.301	1.0	1.0
4	4	94	6.032	0.18	11.032	0.407	1.0	1.0
4	4	91	6.0	0.0	11.258	0.445	1.0	1.0
4	4	88	5.839	0.374	11.387	0.495	1.0	1.0
4	4	85	5.613	0.495	11.71	0.461	1.0	1.0
4	4	82	5.226	0.425	12.0	0.258	1.0	1.0
4	4	79	5.065	0.25	12.065	0.359	1.0	1.0
4	4	76	5.0	0.0	12.677	0.599	1.0	1.0
4	4	73	4.935	0.25	12.903	0.396	1.0	1.0
4	4	70	4.645	0.486	13.516	0.626	1.0	1.0
4	4	67	4.258	0.445	14.032	0.482	1.0	1.0
4	4	64	4.0	0.0	14.355	0.839	1.0	1.0
4	4	61	4.0	0.258	15.161	0.934	1.0	1.0
4	4	58	4.0	0.0	16.097	1.076	1.0	1.0
4	4	55	3.484	0.677	17.29	1.039	1.0	1.0
4	4	52	2.548	0.675	19.194	1.869	1.0	1.0
4	4	49	2.161	0.454	22.194	3.459	1.0	1.0
4	4	46	1.903	0.473	25.0	4.243	0.968	0.968
4	4	43	1.677	0.599	28.69	5.058	0.935	0.935
4	4	40	0.069	0.258	39.5	1.732	0.065	0.129
4	4	37	0.0	0.0	nan	nan	0.0	0.0
4	4	34	0.0	0.0	nan	nan	0.0	0.0
4	4	31	0.0	0.0	nan	nan	0.0	0.0
4	4	28	0.0	0.0	nan	nan	0.0	0.0
5	4	100	5.161	0.374	11.613	0.495	1.0	1.0
5	4	97	5.065	0.25	11.903	0.301	1.0	1.0
5	4	94	5.0	0.0	12.0	0.258	1.0	1.0
5	4	91	4.903	0.301	12.129	0.428	1.0	1.0
5	4	88	4.581	0.502	12.419	0.502	1.0	1.0
5	4	85	4.484	0.508	12.871	0.499	1.0	1.0
5	4	82	4.161	0.374	13.032	0.482	1.0	1.0
5	4	79	3.968	0.18	13.484	0.769	1.0	1.0
5	4	76	3.968	0.18	13.935	0.68	1.0	1.0
5	4	73	3.774	0.425	14.258	0.514	1.0	1.0
5	4	70	3.548	0.506	14.742	0.575	1.0	1.0
5	4	67	3.226	0.425	15.516	0.769	1.0	1.0
5	4	64	2.968	0.315	16.452	0.961	1.0	1.0
5	4	61	2.71	0.461	17.903	1.3	1.0	1.0
5	4	58	2.29	0.529	19.129	1.36	1.0	1.0
5	4	55	1.677	0.541	21.548	2.234	1.0	1.0
5	4	52	1.161	0.583	24.714	2.813	0.903	0.903
5	4	49	0.613	0.615	26.353	3.605	0.548	0.548
5	4	46	0.065	0.25	29.5	2.121	0.065	0.065
5	4	43	0.0	0.0	nan	nan	0.0	0.0
5	4	40	0.0	0.0	nan	nan	0.0	0.0
5	4	37	0.0	0.0	nan	nan	0.0	0.0
5	4	34	0.0	0.0	nan	nan	0.0	0.0
5	4	31	0.0	0.0	nan	nan	0.0	0.0
5	4	28	0.0	0.0	nan	nan	0.0	0.0
6	4	100	5.645	0.486	11.129	0.341	1.0	1.0
6	4	97	5.355	0.486	11.29	0.461	1.0	1.0
6	4	94	5.226	0.425	11.484	0.508	1.0	1.0
6	4	91	5.0	0.0	11.839	0.374	1.0	1.0
6	4	88	4.903	0.301	12.032	0.315	1.0	1.0
6	4	85	4.774	0.497	12.194	0.477	1.0	1.0
6	4	82	4.484	0.508	12.419	0.502	1.0	1.0
6	4	79	4.161	0.374	12.806	0.543	1.0	1.0
6	4	76	4.0	0.258	13.387	0.558	1.0	1.0
6	4	73	3.871	0.341	13.677	0.599	1.0	1.0
6	4	70	3.677	0.475	14.032	0.547	1.0	1.0
6	4	67	3.484	0.57	14.71	0.902	1.0	1.0
6	4	64	3.129	0.341	15.548	0.888	1.0	1.0
6	4	61	2.968	0.407	16.548	1.121	1.0	1.0
6	4	58	2.581	0.72	17.452	1.567	1.0	1.0
6	4	55	1.903	0.944	19.467	2.063	0.968	0.968
6	4	52	1.2	0.551	21.966	2.625	0.903	0.935
6	4	49	0.933	0.583	23.08	2.04	0.774	0.806
6	4	46	0.161	0.454	27.0	5.598	0.129	0.129
6	4	43	0.0	0.0	nan	nan	0.0	0.0
6	4	40	0.0	0.0	nan	nan	0.0	0.0
6	4	37	0.0	0.0	nan	nan	0.0	0.0
6	4	34	0.0	0.0	nan	nan	0.0	0.0
6	4	31	0.0	0.0	nan	nan	0.0	0.0
6	4	28	0.0	0.0	nan	nan	0.0	0.0
7	4	100	4.871	0.341	10.839	0.374	1.0	1.0
7	4	97	4.613	0.495	10.968	0.18	1.0	1.0
7	4	94	4.258	0.445	11.0	0.365	1.0	1.0
7	4	91	4.097	0.301	11.161	0.374	1.0	1.0
7	4	88	4.0	0.0	11.387	0.495	1.0	1.0
7	4	85	4.0	0.0	11.742	0.445	1.0	1.0
7	4	82	3.839	0.374	12.0	0.447	1.0	1.0
7	4	79	3.516	0.508	12.097	0.597	1.0	1.0
7	4	76	3.355	0.486	12.516	0.508	1.0	1.0
7	4	73	3.161	0.374	13.065	0.574	1.0	1.0
7	4	70	3.0	0.0	13.419	0.564	1.0	1.0
7	4	67	3.0	0.0	13.871	0.67	1.0	1.0
7	4	64	2.935	0.25	14.548	0.568	1.0	1.0
7	4	61	2.677	0.475	15.258	0.815	1.0	1.0
7	4	58	2.258	0.575	16.548	1.091	1.0	1.0
7	4	55	1.839	0.688	17.333	1.348	0.968	0.968
7	4	52	1.414	0.568	19.933	3.14	0.903	0.968
7	4	49	1.033	0.32	21.433	2.112	0.935	0.968
7	4	46	0.222	0.424	24.5	4.223	0.194	0.323
7	4	43	0.0	0.0	nan	nan	0.0	0.0
7	4	40	0.0	0.0	nan	nan	0.0	0.0
7	4	37	0.0	0.0	nan	nan	0.0	0.0
7	4	34	0.0	0.0	nan	nan	0.0	0.0
7	4	31	0.0	0.0	nan	nan	0.0	0.0
7	4	28	0.0	0.0	nan	nan	0.0	0.0
8	4	100	6.645	0.486	11.0	0.0	1.0	1.0
8	4	97	6.258	0.445	11.29	0.461	1.0	1.0
8	4	94	6.129	0.341	11.484	0.508	1.0	1.0
8	4	91	5.968	0.315	11.935	0.359	1.0	1.0
8	4	88	5.645	0.486	12.097	0.396	1.0	1.0
8	4	85	5.613	0.495	12.226	0.425	1.0	1.0
8	4	82	5.323	0.475	12.484	0.508	1.0	1.0
8	4	79	5.032	0.18	12.968	0.315	1.0	1.0
8	4	76	5.0	0.0	13.129	0.499	1.0	1.0
8	4	73	4.645	0.486	13.71	0.783	1.0	1.0
8	4	70	4.516	0.508	14.194	0.543	1.0	1.0
8	4	67	4.129	0.499	14.903	0.7	1.0	1.0
8	4	64	4.0	0.0	15.323	0.541	1.0	1.0
8	4	61	3.903	0.301	16.355	0.839	1.0	1.0
8	4	58	3.355	0.608	17.903	1.193	1.0	1.0
8	4	55	2.613	0.803	19.258	1.861	1.0	1.0
8	4	52	2.161	0.374	20.774	2.077	1.0	1.0
8	4	49	2.032	0.18	23.0	2.543	1.0	1.0
8	4	46	1.724	0.591	26.31	3.965	0.871	0.935
8	4	43	0.759	0.872	31.25	5.079	0.452	0.516
8	4	40	0.033	0.183	37.5	0.707	0.032	0.065
8	4	37	0.0	0.0	nan	nan	0.0	0.0
8	4	34	0.0	0.0	nan	nan	0.0	0.0
8	4	31	0.0	0.0	nan	nan	0.0	0.0
8	4	28	0.0	0.0	nan	nan	0.0	0.0
9	4	100	3.903	0.301	11.258	0.514	1.0	1.0
9	4	97	3.839	0.374	11.581	0.502	1.0	1.0
9	4	94	3.581	0.502	11.677	0.541	1.0	1.0
9	4	91	3.226	0.425	12.065	0.442	1.0	1.0
9	4	88	3.129	0.341	12.065	0.25	1.0	1.0
9	4	85	3.0	0.0	12.387	0.495	1.0	1.0
9	4	82	3.032	0.18	12.742	0.445	1.0	1.0
9	4	79	3.0	0.0	13.065	0.442	1.0	1.0
9	4	76	2.871	0.341	13.355	0.661	1.0	1.0
9	4	73	2.774	0.425	14.129	0.718	1.0	1.0
9	4	70	2.419	0.502	14.516	0.811	1.0	1.0
9	4	67	2.194	0.402	15.161	0.86	1.0	1.0
9	4	64	2.032	0.18	15.71	0.693	1.0	1.0
9	4	61	2.0	0.0	16.613	1.022	1.0	1.0
9	4	58	1.355	0.486	18.806	1.797	1.0	1.0
9	4	55	1.097	0.473	20.0	1.964	0.935	0.935
9	4	52	0.4	0.5	22.75	2.176	0.323	0.516
9	4	49	0.032	0.18	20.0	0.0	0.032	0.032
9	4	46	0.0	0.0	nan	nan	0.0	0.0
9	4	43	0.0	0.0	nan	nan	0.0	0.0
9	4	40	0.0	0.0	nan	nan	0.0	0.0
9	4	37	0.0	0.0	nan	nan	0.0	0.0
9	4	34	0.0	0.0	nan	nan	0.0	0.0
9	4	31	0.0	0.0	nan	nan	0.0	0.0
9	4	28	0.0	0.0	nan	nan	0.0	0.0
10	4	100	3.129	0.341	11.516	0.508	1.0	1.0
10	4	97	3.0	0.0	11.839	0.374	1.0	1.0
10	4	94	3.0	0.0	11.903	0.473	1.0	1.0
10	4	91	3.0	0.0	12.226	0.425	1.0	1.0
10	4	88	3.0	0.0	12.581	0.564	1.0	1.0
10	4	85	2.774	0.425	12.839	0.454	1.0	1.0
10	4	82	2.484	0.508	13.097	0.539	1.0	1.0
10	4	79	2.161	0.374	13.484	0.57	1.0	1.0
10	4	76	2.0	0.0	14.032	0.547	1.0	1.0
10	4	73	2.0	0.0	14.742	0.575	1.0	1.0
10	4	70	2.0	0.0	15.065	0.574	1.0	1.0
10	4	67	1.935	0.25	16.226	1.146	1.0	1.0
10	4	64	1.741	0.447	17.935	1.548	0.871	1.0
10	4	61	0.867	0.743	19.962	2.537	0.323	0.839
10	4	58	0.095	0.301	21.917	2.575	0.065	0.387
10	4	55	0.0	0.0	nan	nan	0.0	0.0
10	4	52	0.0	0.0	nan	nan	0.0	0.0
10	4	49	0.0	0.0	nan	nan	0.0	0.0
10	4	46	0.0	0.0	nan	nan	0.0	0.0
10	4	43	0.0	0.0	nan	nan	0.0	0.0
10	4	40	0.0	0.0	nan	nan	0.0	0.0
10	4	37	0.0	0.0	nan	nan	0.0	0.0
10	4	34	0.0	0.0	nan	nan	0.0	0.0
10	4	31	0.0	0.0	nan	nan	0.0	0.0
10	4	28	0.0	0.0	nan	nan	0.0	0.0
11	4	100	3.903	0.301	12.161	0.374	1.0	1.0
11	4	97	3.871	0.341	12.548	0.568	1.0	1.0
11	4	94	3.677	0.475	12.742	0.514	1.0	1.0
11	4	91	3.387	0.495	13.097	0.396	1.0	1.0
11	4	88	3.0	0.0	13.419	0.502	1.0	1.0
11	4	85	3.032	0.18	13.774	0.497	1.0	1.0
11	4	82	3.0	0.0	14.065	0.359	1.0	1.0
11	4	79	2.968	0.18	14.581	0.502	1.0	1.0
11	4	76	2.677	0.475	15.097	0.597	1.0	1.0
11	4	73	2.452	0.506	15.968	0.912	1.0	1.0
11	4	70	2.258	0.445	16.484	0.811	1.0	1.0
11	4	67	1.774	0.425	17.516	0.996	1.0	1.0
11	4	64	1.29	0.461	19.29	1.755	1.0	1.0
11	4	61	1.065	0.359	21.0	2.051	0.968	0.968
11	4	58	0.654	0.485	24.227	2.159	0.548	0.71
11	4	55	0.065	0.25	23.5	2.121	0.065	0.065
11	4	52	0.0	0.0	nan	nan	0.0	0.0
11	4	49	0.0	0.0	nan	nan	0.0	0.0
11	4	46	0.0	0.0	nan	nan	0.0	0.0
11	4	43	0.0	0.0	nan	nan	0.0	0.0
11	4	40	0.0	0.0	nan	nan	0.0	0.0
11	4	37	0.0	0.0	nan	nan	0.0	0.0
11	4	34	0.0	0.0	nan	nan	0.0	0.0
11	4	31	0.0	0.0	nan	nan	0.0	0.0
11	4	28	0.0	0.0	nan	nan	0.0	0.0
12	4	100	4.387	0.495	11.903	0.301	1.0	1.0
12	4	97	4.097	0.301	12.129	0.341	1.0	1.0
12	4	94	4.032	0.18	12.323	0.475	1.0	1.0
12	4	91	4.0	0.0	12.71	0.461	1.0	1.0
12	4	88	4.0	0.0	13.0	0.258	1.0	1.0
12	4	85	3.935	0.25	13.387	0.495	1.0	1.0
12	4	82	3.903	0.301	13.71	0.529	1.0	1.0
12	4	79	3.355	0.486	14.323	0.599	1.0	1.0
12	4	76	3.097	0.301	14.742	0.631	1.0	1.0
12	4	73	3.032	0.18	15.484	0.769	1.0	1.0
12	4	70	2.968	0.18	16.387	1.647	1.0	1.0
12	4	67	2.806	0.402	17.742	1.413	1.0	1.0
12	4	64	2.355	0.551	18.968	1.816	1.0	1.0
12	4	61	1.871	0.341	21.484	1.93	1.0	1.0
12	4	58	1.452	0.568	24.067	3.129	0.968	0.968
12	4	55	0.37	0.565	30.154	4.432	0.29	0.419
12	4	52	0.032	0.18	27.0	0.0	0.032	0.032
12	4	49	0.0	0.0	nan	nan	0.0	0.0
12	4	46	0.0	0.0	nan	nan	0.0	0.0
12	4	43	0.0	0.0	nan	nan	0.0	0.0
12	4	40	0.0	0.0	nan	nan	0.0	0.0
12	4	37	0.0	0.0	nan	nan	0.0	0.0
12	4	34	0.0	0.0	nan	nan	0.0	0.0
12	4	31	0.0	0.0	nan	nan	0.0	0.0
12	4	28	0.0	0.0	nan	nan	0.0	0.0
13	4	100	4.0	0.0	11.161	0.374	1.0	1.0
13	4	97	3.968	0.18	11.355	0.486	1.0	1.0
13	4	94	3.935	0.25	11.613	0.495	1.0	1.0
13	4	91	3.645	0.486	11.935	0.25	1.0	1.0
13	4	88	3.419	0.502	12.097	0.301	1.0	1.0
13	4	85	3.065	0.25	12.226	0.425	1.0	1.0
13	4	82	3.0	0.0	12.645	0.551	1.0	1.0
13	4	79	3.0	0.0	12.968	0.482	1.0	1.0
13	4	76	3.0	0.0	13.452	0.624	1.0	1.0
13	4	73	3.0	0.0	14.065	0.512	1.0	1.0
13	4	70	2.774	0.425	14.355	0.608	1.0	1.0
13	4	67	2.677	0.475	15.226	0.762	1.0	1.0
13	4	64	2.387	0.558	15.968	0.948	1.0	1.0
13	4	61	2.032	0.547	17.226	2.186	1.0	1.0
13	4	58	1.581	0.502	18.323	1.661	1.0	1.0
13	4	55	1.097	0.301	21.355	2.727	1.0	1.0
13	4	52	0.867	0.346	23.704	1.898	0.839	0.871
13	4	49	0.129	0.341	23.75	1.708	0.129	0.129
13	4	46	0.0	0.0	nan	nan	0.0	0.0
13	4	43	0.0	0.0	nan	nan	0.0	0.0
13	4	40	0.0	0.0	nan	nan	0.0	0.0
13	4	37	0.0	0.0	nan	nan	0.0	0.0
13	4	34	0.0	0.0	nan	nan	0.0	0.0
13	4	31	0.0	0.0	nan	nan	0.0	0.0
13	4	28	0.0	0.0	nan	nan	0.0	0.0
14	4	100	4.387	0.495	11.0	0.258	1.0	1.0
14	4	97	4.161	0.374	10.968	0.18	1.0	1.0
14	4	94	4.097	0.301	11.419	0.502	1.0	1.0
14	4	91	4.0	0.0	11.71	0.461	1.0	1.0
14	4	88	4.0	0.0	11.839	0.374	1.0	1.0
14	4	85	4.0	0.0	12.065	0.359	1.0	1.0
14	4	82	3.968	0.18	12.419	0.564	1.0	1.0
14	4	79	3.839	0.374	12.839	0.523	1.0	1.0
14	4	76	3.323	0.475	13.29	0.461	1.0	1.0
14	4	73	3.032	0.18	13.548	0.624	1.0	1.0
14	4	70	3.0	0.0	14.129	0.763	1.0	1.0
14	4	67	3.0	0.0	15.032	0.657	1.0	1.0
14	4	64	3.0	0.0	15.645	0.709	1.0	1.0
14	4	61	2.839	0.523	16.581	1.057	1.0	1.0
14	4	58	2.323	0.653	18.29	1.296	1.0	1.0
14	4	55	1.581	0.564	20.742	2.065	1.0	1.0
14	4	52	1.097	0.396	23.7	1.784	0.968	0.968
14	4	49	0.37	0.492	29.786	4.318	0.323	0.452
14	4	46	0.0	0.0	nan	nan	0.0	0.0
14	4	43	0.0	0.0	nan	nan	0.0	0.0
14	4	40	0.0	0.0	nan	nan	0.0	0.0
14	4	37	0.0	0.0	nan	nan	0.0	0.0
14	4	34	0.0	0.0	nan	nan	0.0	0.0
14	4	31	0.0	0.0	nan	nan	0.0	0.0
14	4	28	0.0	0.0	nan	nan	0.0	0.0
15	4	100	4.032	0.18	10.677	0.475	1.0	1.0
15	4	97	4.0	0.0	10.903	0.301	1.0	1.0
15	4	94	4.0	0.0	10.968	0.18	1.0	1.0
15	4	91	4.0	0.0	11.161	0.374	1.0	1.0
15	4	88	4.0	0.0	11.419	0.502	1.0	1.0
15	4	85	3.613	0.495	11.839	0.374	1.0	1.0
15	4	82	3.194	0.402	11.935	0.629	1.0	1.0
15	4	79	3.129	0.341	12.387	0.558	1.0	1.0
15	4	76	3.032	0.18	13.065	0.68	1.0	1.0
15	4	73	3.0	0.0	13.29	0.588	1.0	1.0
15	4	70	2.968	0.18	14.097	0.7	1.0	1.0
15	4	67	3.0	0.0	14.774	0.762	1.0	1.0
15	4	64	2.839	0.374	15.71	0.864	1.0	1.0
15	4	61	2.226	0.717	17.355	1.142	1.0	1.0
15	4	58	1.29	0.588	19.367	1.542	0.968	0.968
15	4	55	1.0	0.378	23.517	4.445	0.871	0.935
15	4	52	0.516	0.508	26.25	2.62	0.516	0.516
15	4	49	0.0	0.0	nan	nan	0.0	0.0
15	4	46	0.0	0.0	nan	nan	0.0	0.0
15	4	43	0.0	0.0	nan	nan	0.0	0.0
15	4	40	0.0	0.0	nan	nan	0.0	0.0
15	4	37	0.0	0.0	nan	nan	0.0	0.0
15	4	34	0.0	0.0	nan	nan	0.0	0.0
15	4	31	0.0	0.0	nan	nan	0.0	0.0
15	4	28	0.0	0.0	nan	nan	0.0	0.0
16	4	100	5.742	0.445	11.677	0.475	1.0	1.0
16	4	97	5.323	0.475	11.903	0.396	1.0	1.0
16	4	94	5.129	0.341	12.0	0.0	1.0	1.0
16	4	91	5.065	0.25	12.129	0.341	1.0	1.0
16	4	88	4.935	0.359	12.548	0.506	1.0	1.0
16	4	85	4.581	0.502	13.0	0.447	1.0	1.0
16	4	82	4.516	0.508	13.258	0.445	1.0	1.0
16	4	79	4.065	0.25	13.548	0.624	1.0	1.0
16	4	76	3.968	0.18	14.161	0.735	1.0	1.0
16	4	73	3.871	0.341	14.581	0.62	1.0	1.0
16	4	70	3.71	0.461	15.0	0.683	1.0	1.0
16	4	67	3.452	0.506	16.194	0.946	1.0	1.0
16	4	64	3.097	0.396	16.871	0.846	1.0	1.0
16	4	61	2.387	0.615	18.258	1.505	1.0	1.0
16	4	58	2.258	0.514	19.323	1.815	1.0	1.0
16	4	55	1.774	0.425	22.613	2.305	1.0	1.0
16	4	52	1.194	0.654	25.148	3.122	0.871	0.871
16	4	49	0.444	0.641	31.929	6.195	0.323	0.452
16	4	46	0.065	0.25	26.0	1.414	0.065	0.065
16	4	43	0.0	0.0	nan	nan	0.0	0.0
16	4	40	0.0	0.0	nan	nan	0.0	0.0
16	4	37	0.0	0.0	nan	nan	0.0	0.0
16	4	34	0.0	0.0	nan	nan	0.0	0.0
16	4	31	0.0	0.0	nan	nan	0.0	0.0
16	4	28	0.0	0.0	nan	nan	0.0	0.0
17	4	100	4.613	0.495	11.29	0.461	1.0	1.0
17	4	97	4.29	0.461	11.516	0.508	1.0	1.0
17	4	94	4.032	0.18	11.871	0.341	1.0	1.0
17	4	91	4.0	0.0	12.129	0.341	1.0	1.0
17	4	88	4.0	0.0	12.387	0.495	1.0	1.0
17	4	85	3.968	0.18	12.742	0.445	1.0	1.0
17	4	82	3.742	0.445	12.968	0.407	1.0	1.0
17	4	79	3.355	0.486	13.452	0.568	1.0	1.0
17	4	76	3.29	0.461	13.871	0.67	1.0	1.0
17	4	73	3.065	0.359	14.516	0.677	1.0	1.0
17	4	70	2.968	0.18	15.032	0.875	1.0	1.0
17	4	67	2.968	0.18	15.677	0.832	1.0	1.0
17	4	64	2.613	0.495	17.0	1.438	1.0	1.0
17	4	61	1.871	0.718	18.581	1.409	1.0	1.0
17	4	58	1.419	0.564	20.29	1.829	1.0	1.0
17	4	55	1.033	0.32	23.267	2.888	0.935	0.968
17	4	52	0.517	0.509	26.471	3.659	0.484	0.548
17	4	49	0.0	0.0	nan	nan	0.0	0.0
17	4	46	0.0	0.0	nan	nan	0.0	0.0
17	4	43	0.0	0.0	nan	nan	0.0	0.0
17	4	40	0.0	0.0	nan	nan	0.0	0.0
17	4	37	0.0	0.0	nan	nan	0.0	0.0
17	4	34	0.0	0.0	nan	nan	0.0	0.0
17	4	31	0.0	0.0	nan	nan	0.0	0.0
17	4	28	0.0	0.0	nan	nan	0.0	0.0
18	4	100	5.548	0.506	10.968	0.18	1.0	1.0
18	4	97	5.161	0.374	11.0	0.0	1.0	1.0
18	4	94	5.0	0.0	11.129	0.341	1.0	1.0
18	4	91	5.0	0.0	11.258	0.445	1.0	1.0
18	4	88	5.0	0.0	11.677	0.475	1.0	1.0
18	4	85	4.839	0.374	11.903	0.301	1.0	1.0
18	4	82	4.645	0.486	12.129	0.428	1.0	1.0
18	4	79	4.129	0.341	12.452	0.506	1.0	1.0
18	4	76	4.097	0.301	12.774	0.497	1.0	1.0
18	4	73	4.0	0.0	13.226	0.425	1.0	1.0
18	4	70	4.0	0.0	13.903	0.651	1.0	1.0
18	4	67	3.806	0.402	14.613	0.882	1.0	1.0
18	4	64	3.645	0.486	14.839	0.735	1.0	1.0
18	4	61	3.065	0.359	16.0	1.265	1.0	1.0
18	4	58	3.0	0.447	17.0	1.033	1.0	1.0
18	4	55	2.387	0.495	18.903	1.72	1.0	1.0
18	4	52	2.097	0.301	22.226	2.986	1.0	1.0
18	4	49	1.806	0.477	25.767	2.837	0.968	0.968
18	4	46	0.654	0.797	33.0	4.637	0.387	0.548
18	4	43	0.0	0.0	nan	nan	0.0	0.0
18	4	40	0.0	0.0	nan	nan	0.0	0.0
18	4	37	0.0	0.0	nan	nan	0.0	0.0
18	4	34	0.0	0.0	nan	nan	0.0	0.0
18	4	31	0.0	0.0	nan	nan	0.0	0.0
18	4	28	0.0	0.0	nan	nan	0.0	0.0
19	4	100	5.419	0.502	10.0	0.0	1.0	1.0
19	4	97	5.226	0.425	10.0	0.0	1.0	1.0
19	4	94	5.097	0.301	10.097	0.301	1.0	1.0
19	4	91	5.0	0.0	10.452	0.506	1.0	1.0
19	4	88	4.935	0.25	10.871	0.341	1.0	1.0
19	4	85	4.806	0.402	11.0	0.0	1.0	1.0
19	4	82	4.452	0.506	11.032	0.18	1.0	1.0
19	4	79	4.194	0.402	11.323	0.475	1.0	1.0
19	4	76	4.032	0.18	11.903	0.301	1.0	1.0
19	4	73	4.0	0.0	12.161	0.454	1.0	1.0
19	4	70	4.0	0.0	12.548	0.568	1.0	1.0
19	4	67	3.968	0.315	13.226	0.56	1.0	1.0
19	4	64	3.484	0.508	13.613	0.715	1.0	1.0
19	4	61	3.097	0.396	14.419	0.72	1.0	1.0
19	4	58	2.968	0.18	15.323	1.301	1.0	1.0
19	4	55	2.935	0.25	16.742	0.893	1.0	1.0
19	4	52	2.581	0.502	18.387	1.874	1.0	1.0
19	4	49	1.871	0.428	20.581	1.876	1.0	1.0
19	4	46	1.133	0.571	26.75	5.508	0.871	0.903
19	4	43	0.192	0.491	31.778	5.974	0.129	0.29
19	4	40	0.0	0.0	nan	nan	0.0	0.0
19	4	37	0.0	0.0	nan	nan	0.0	0.0
19	4	34	0.0	0.0	nan	nan	0.0	0.0
19	4	31	0.0	0.0	nan	nan	0.0	0.0
19	4	28	0.0	0.0	nan	nan	0.0	0.0
20	4	100	4.0	0.0	11.871	0.341	1.0	1.0
20	4	97	4.0	0.0	11.968	0.18	1.0	1.0
20	4	94	3.968	0.18	12.387	0.495	1.0	1.0
20	4	91	3.516	0.508	12.581	0.62	1.0	1.0
20	4	88	3.29	0.461	13.097	0.396	1.0	1.0
20	4	85	3.0	0.0	13.548	0.568	1.0	1.0
20	4	82	3.0	0.0	13.935	0.512	1.0	1.0
20	4	79	3.0	0.0	14.387	0.495	1.0	1.0
20	4	76	2.968	0.18	15.258	0.729	1.0	1.0
20	4	73	2.935	0.25	15.839	0.735	1.0	1.0
20	4	70	2.516	0.677	17.484	2.127	1.0	1.0
20	4	67	1.645	0.661	18.968	1.853	1.0	1.0
20	4	64	1.097	0.396	21.567	1.813	0.968	0.968
20	4	61	0.935	0.359	25.179	4.321	0.903	0.903
20	4	58	0.355	0.551	28.9	5.507	0.323	0.323
20	4	55	0.0	0.0	nan	nan	0.0	0.0
20	4	52	0.0	0.0	nan	nan	0.0	0.0
20	4	49	0.0	0.0	nan	nan	0.0	0.0
20	4	46	0.0	0.0	nan	nan	0.0	0.0
20	4	43	0.0	0.0	nan	nan	0.0	0.0
20	4	40	0.0	0.0	nan	nan	0.0	0.0
20	4	37	0.0	0.0	nan	nan	0.0	0.0
20	4	34	0.0	0.0	nan	nan	0.0	0.0
20	4	31	0.0	0.0	nan	nan	0.0	0.0
20	4	28	0.0	0.0	nan	nan	0.0	0.0
21	4	100	4.0	0.0	11.0	0.0	1.0	1.0
21	4	97	3.935	0.25	11.032	0.18	1.0	1.0
21	4	94	3.677	0.475	11.419	0.502	1.0	1.0
21	4	91	3.484	0.508	11.677	0.475	1.0	1.0
21	4	88	3.258	0.445	11.839	0.374	1.0	1.0
21	4	85	3.097	0.301	12.032	0.407	1.0	1.0
21	4	82	3.0	0.0	12.484	0.508	1.0	1.0
21	4	79	3.0	0.0	13.0	0.447	1.0	1.0
21	4	76	3.0	0.0	13.065	0.574	1.0	1.0
21	4	73	2.806	0.402	13.935	0.574	1.0	1.0
21	4	70	2.581	0.502	14.548	0.85	1.0	1.0
21	4	67	2.226	0.425	14.935	0.892	1.0	1.0
21	4	64	2.032	0.18	15.903	0.746	1.0	1.0
21	4	61	1.903	0.301	17.161	1.068	1.0	1.0
21	4	58	1.226	0.425	19.323	1.956	1.0	1.0
21	4	55	1.0	0.471	21.393	2.644	0.806	0.903
21	4	52	0.172	0.384	24.714	2.563	0.161	0.226
21	4	49	0.033	0.183	26.0	2.828	0.032	0.065
21	4	46	0.0	0.0	nan	nan	0.0	0.0
21	4	43	0.0	0.0	nan	nan	0.0	0.0
21	4	40	0.0	0.0	nan	nan	0.0	0.0
21	4	37	0.0	0.0	nan	nan	0.0	0.0
21	4	34	0.0	0.0	nan	nan	0.0	0.0
21	4	31	0.0	0.0	nan	nan	0.0	0.0
21	4	28	0.0	0.0	nan	nan	0.0	0.0
22	4	100	4.0	0.0	11.0	0.0	1.0	1.0
22	4	97	4.032	0.18	11.065	0.25	1.0	1.0
22	4	94	4.0	0.0	11.29	0.529	1.0	1.0
22	4	91	3.968	0.18	11.581	0.502	1.0	1.0
22	4	88	3.581	0.502	11.839	0.454	1.0	1.0
22	4	85	3.226	0.425	12.097	0.301	1.0	1.0
22	4	82	3.065	0.25	12.258	0.514	1.0	1.0
22	4	79	3.032	0.18	12.839	0.374	1.0	1.0
22	4	76	3.0	0.0	13.29	0.529	1.0	1.0
22	4	73	3.0	0.0	13.742	0.631	1.0	1.0
22	4	70	3.0	0.0	14.516	0.626	1.0	1.0
22	4	67	2.935	0.25	15.065	0.854	1.0	1.0
22	4	64	2.806	0.402	15.903	0.944	1.0	1.0
22	4	61	2.065	0.68	17.806	1.515	1.0	1.0
22	4	58	1.355	0.551	19.71	2.723	1.0	1.0
22	4	55	0.968	0.18	23.133	2.909	0.968	0.968
22	4	52	0.323	0.475	25.3	3.129	0.323	0.323
22	4	49	0.0	0.0	nan	nan	0.0	0.0
22	4	46	0.0	0.0	nan	nan	0.0	0.0
22	4	43	0.0	0.0	nan	nan	0.0	0.0
22	4	40	0.0	0.0	nan	nan	0.0	0.0
22	4	37	0.0	0.0	nan	nan	0.0	0.0
22	4	34	0.0	0.0	nan	nan	0.0	0.0
22	4	31	0.0	0.0	nan	nan	0.0	0.0
22	4	28	0.0	0.0	nan	nan	0.0	0.0
23	4	100	3.29	0.461	11.097	0.301	1.0	1.0
23	4	97	3.0	0.0	11.452	0.624	1.0	1.0
23	4	94	3.032	0.18	11.774	0.425	1.0	1.0
23	4	91	3.0	0.0	11.968	0.407	1.0	1.0
23	4	88	3.0	0.0	12.29	0.461	1.0	1.0
23	4	85	2.839	0.374	12.516	0.508	1.0	1.0
23	4	82	2.774	0.425	13.0	0.516	1.0	1.0
23	4	79	2.387	0.495	13.516	0.57	1.0	1.0
23	4	76	2.226	0.497	14.452	1.091	1.0	1.0
23	4	73	2.0	0.0	14.806	0.601	1.0	1.0
23	4	70	2.0	0.0	15.484	0.926	1.0	1.0
23	4	67	1.935	0.25	16.548	1.338	1.0	1.0
23	4	64	1.548	0.506	18.387	1.944	1.0	1.0
23	4	61	1.036	0.429	21.103	2.596	0.839	0.935
23	4	58	0.44	0.507	24.235	1.522	0.355	0.548
23	4	55	0.0	0.0	27.0	0.0	0.0	0.032
23	4	52	0.0	0.0	nan	nan	0.0	0.0
23	4	49	0.0	0.0	nan	nan	0.0	0.0
23	4	46	0.0	0.0	nan	nan	0.0	0.0
23	4	43	0.0	0.0	nan	nan	0.0	0.0
23	4	40	0.0	0.0	nan	nan	0.0	0.0
23	4	37	0.0	0.0	nan	nan	0.0	0.0
23	4	34	0.0	0.0	nan	nan	0.0	0.0
23	4	31	0.0	0.0	nan	nan	0.0	0.0
23	4	28	0.0	0.0	nan	nan	0.0	0.0
24	4	100	5.452	0.506	10.903	0.301	1.0	1.0
24	4	97	5.419	0.502	11.0	0.0	1.0	1.0
24	4	94	5.065	0.359	11.032	0.18	1.0	1.0
24	4	91	5.032	0.18	11.355	0.486	1.0	1.0
24	4	88	4.774	0.425	11.645	0.486	1.0	1.0
24	4	85	4.774	0.425	12.0	0.516	1.0	1.0
24	4	82	4.258	0.445	12.065	0.512	1.0	1.0
24	4	79	4.129	0.341	12.452	0.624	1.0	1.0
24	4	76	4.0	0.0	12.742	0.514	1.0	1.0
24	4	73	3.968	0.18	13.387	0.667	1.0	1.0
24	4	70	3.71	0.461	13.839	0.638	1.0	1.0
24	4	67	3.323	0.475	14.581	0.672	1.0	1.0
24	4	64	3.097	0.396	14.935	1.031	1.0	1.0
24	4	61	3.032	0.315	16.0	1.033	1.0	1.0
24	4	58	2.516	0.57	17.387	1.726	1.0	1.0
24	4	55	2.129	0.718	18.935	1.59	1.0	1.0
24	4	52	1.387	0.558	21.613	3.232	1.0	1.0
24	4	49	1.0	0.544	25.074	4.811	0.774	0.871
24	4	46	0.516	0.626	25.286	4.286	0.452	0.452
24	4	43	0.065	0.25	35.5	6.364	0.065	0.065
24	4	40	0.0	0.0	nan	nan	0.0	0.0
24	4	37	0.0	0.0	nan	nan	0.0	0.0
24	4	34	0.0	0.0	nan	nan	0.0	0.0
24	4	31	0.0	0.0	nan	nan	0.0	0.0
24	4	28	0.0	0.0	nan	nan	0.0	0.0
25	4	100	4.935	0.25	10.903	0.301	1.0	1.0
25	4	97	4.806	0.402	11.032	0.18	1.0	1.0
25	4	94	4.387	0.495	11.129	0.341	1.0	1.0
25	4	91	4.129	0.341	11.29	0.461	1.0	1.0
25	4	88	4.0	0.0	11.742	0.445	1.0	1.0
25	4	85	4.0	0.0	11.903	0.396	1.0	1.0
25	4	82	3.968	0.18	12.258	0.445	1.0	1.0
25	4	79	4.0	0.0	12.581	0.502	1.0	1.0
25	4	76	3.677	0.475	13.032	0.605	1.0	1.0
25	4	73	3.323	0.475	13.258	0.514	1.0	1.0
25	4	70	3.097	0.301	14.032	0.657	1.0	1.0
25	4	67	3.032	0.18	14.29	0.864	1.0	1.0
25	4	64	3.0	0.0	15.161	1.036	1.0	1.0
25	4	61	2.968	0.18	15.903	0.87	1.0	1.0
25	4	58	2.516	0.677	17.129	1.088	1.0	1.0
25	4	55	2.065	0.772	18.903	1.66	1.0	1.0
25	4	52	1.29	0.461	21.581	1.858	1.0	1.0
25	4	49	0.968	0.482	24.481	2.709	0.871	0.871
25	4	46	0.483	0.509	28.25	4.313	0.452	0.516
25	4	43	0.0	0.0	34.0	0.0	0.0	0.032
25	4	40	0.0	0.0	nan	nan	0.0	0.0
25	4	37	0.0	0.0	nan	nan	0.0	0.0
25	4	34	0.0	0.0	nan	nan	0.0	0.0
25	4	31	0.0	0.0	nan	nan	0.0	0.0
25	4	28	0.0	0.0	nan	nan	0.0	0.0
26	4	100	4.742	0.445	11.0	0.0	1.0	1.0
26	4	97	4.548	0.506	11.032	0.315	1.0	1.0
26	4	94	4.161	0.454	11.194	0.402	1.0	1.0
26	4	91	4.097	0.301	11.419	0.502	1.0	1.0
26	4	88	4.032	0.18	11.742	0.514	1.0	1.0
26	4	85	4.0	0.0	11.935	0.359	1.0	1.0
26	4	82	3.839	0.454	12.226	0.425	1.0	1.0
26	4	79	3.742	0.445	12.484	0.724	1.0	1.0
26	4	76	3.161	0.374	13.0	0.447	1.0	1.0
26	4	73	3.032	0.18	13.129	0.428	1.0	1.0
26	4	70	3.032	0.18	14.29	0.973	1.0	1.0
26	4	67	3.0	0.0	14.516	0.724	1.0	1.0
26	4	64	2.71	0.461	15.226	0.92	1.0	1.0
26	4	61	2.484	0.57	16.516	1.092	1.0	1.0
26	4	58	1.774	0.56	17.677	1.492	1.0	1.0
26	4	55	1.387	0.495	19.355	2.009	1.0	1.0
26	4	52	0.839	0.374	22.731	2.393	0.839	0.839
26	4	49	0.167	0.379	24.5	2.588	0.161	0.194
26	4	46	0.0	0.0	nan	nan	0.0	0.0
26	4	43	0.0	0.0	nan	nan	0.0	0.0
26	4	40	0.0	0.0	nan	nan	0.0	0.0
26	4	37	0.0	0.0	nan	nan	0.0	0.0
26	4	34	0.0	0.0	nan	nan	0.0	0.0
26	4	31	0.0	0.0	nan	nan	0.0	0.0
26	4	28	0.0	0.0	nan	nan	0.0	0.0
27	4	100	7.129	0.341	10.968	0.18	1.0	1.0
27	4	97	7.0	0.0	11.323	0.475	1.0	1.0
27	4	94	6.935	0.25	11.452	0.506	1.0	1.0
27	4	91	6.581	0.502	11.71	0.461	1.0	1.0
27	4	88	6.258	0.514	11.903	0.539	1.0	1.0
27	4	85	6.032	0.18	12.032	0.315	1.0	1.0
27	4	82	5.968	0.18	12.419	0.502	1.0	1.0
27	4	79	5.806	0.402	12.742	0.445	1.0	1.0
27	4	76	5.419	0.502	13.032	0.18	1.0	1.0
27	4	73	5.097	0.301	13.71	0.824	1.0	1.0
27	4	70	4.968	0.18	14.226	0.56	1.0	1.0
27	4	67	4.903	0.301	14.613	0.615	1.0	1.0
27	4	64	4.645	0.486	15.097	0.79	1.0	1.0
27	4	61	4.194	0.402	16.065	0.854	1.0	1.0
27	4	58	3.903	0.301	17.161	0.86	1.0	1.0
27	4	55	3.484	0.508	18.548	1.877	1.0	1.0
27	4	52	2.871	0.341	20.839	1.594	1.0	1.0
27	4	49	2.419	0.502	25.484	2.234	1.0	1.0
27	4	46	1.533	0.681	33.103	6.304	0.903	0.935
27	4	43	0.516	0.769	36.909	9.534	0.355	0.355
27	4	40	0.0	0.0	nan	nan	0.0	0.0
27	4	37	0.0	0.0	nan	nan	0.0	0.0
27	4	34	0.0	0.0	nan	nan	0.0	0.0
27	4	31	0.0	0.0	nan	nan	0.0	0.0
27	4	28	0.0	0.0	nan	nan	0.0	0.0
28	4	100	5.935	0.25	11.0	0.258	1.0	1.0
28	4	97	5.387	0.495	11.258	0.514	1.0	1.0
28	4	94	5.194	0.402	11.484	0.508	1.0	1.0
28	4	91	5.032	0.18	11.677	0.475	1.0	1.0
28	4	88	5.0	0.0	12.0	0.0	1.0	1.0
28	4	85	4.903	0.301	12.355	0.486	1.0	1.0
28	4	82	4.71	0.461	12.742	0.514	1.0	1.0
28	4	79	4.258	0.445	13.0	0.516	1.0	1.0
28	4	76	3.903	0.301	13.452	0.506	1.0	1.0
28	4	73	4.032	0.18	14.161	0.583	1.0	1.0
28	4	70	3.903	0.301	14.613	0.615	1.0	1.0
28	4	67	3.871	0.341	15.548	0.81	1.0	1.0
28	4	64	3.387	0.558	16.29	0.938	1.0	1.0
28	4	61	2.774	0.497	17.645	1.38	1.0	1.0
28	4	58	2.258	0.445	19.387	1.667	1.0	1.0
28	4	55	1.967	0.32	24.226	3.667	0.968	1.0
28	4	52	1.586	0.628	29.655	5.684	0.871	0.935
28	4	49	0.143	0.448	33.833	8.612	0.097	0.194
28	4	46	0.0	0.0	nan	nan	0.0	0.0
28	4	43	0.0	0.0	nan	nan	0.0	0.0
28	4	40	0.0	0.0	nan	nan	0.0	0.0
28	4	37	0.0	0.0	nan	nan	0.0	0.0
28	4	34	0.0	0.0	nan	nan	0.0	0.0
28	4	31	0.0	0.0	nan	nan	0.0	0.0
28	4	28	0.0	0.0	nan	nan	0.0	0.0
29	4	100	3.0	0.0	11.677	0.475	1.0	1.0
29	4	97	2.935	0.25	11.903	0.301	1.0	1.0
29	4	94	2.613	0.495	12.097	0.396	1.0	1.0
29	4	91	2.258	0.445	12.258	0.514	1.0	1.0
29	4	88	2.161	0.374	12.903	0.746	1.0	1.0
29	4	85	2.032	0.18	13.129	0.619	1.0	1.0
29	4	82	2.0	0.0	13.419	0.502	1.0	1.0
29	4	79	2.0	0.0	14.065	1.031	1.0	1.0
29	4	76	2.0	0.0	14.806	0.654	1.0	1.0
29	4	73	2.0	0.0	15.161	0.735	1.0	1.0
29	4	70	1.968	0.18	16.0	0.73	1.0	1.0
29	4	67	1.767	0.43	17.226	1.117	0.968	1.0
29	4	64	1.464	0.637	18.483	1.864	0.839	0.935
29	4	61	0.778	0.548	20.769	2.268	0.419	0.839
29	4	58	0.038	0.196	23.167	2.639	0.032	0.194
29	4	55	0.0	0.0	nan	nan	0.0	0.0
29	4	52	0.0	0.0	nan	nan	0.0	0.0
29	4	49	0.0	0.0	nan	nan	0.0	0.0
29	4	46	0.0	0.0	nan	nan	0.0	0.0
29	4	43	0.0	0.0	nan	nan	0.0	0.0
29	4	40	0.0	0.0	nan	nan	0.0	0.0
29	4	37	0.0	0.0	nan	nan	0.0	0.0
29	4	34	0.0	0.0	nan	nan	0.0	0.0
29	4	31	0.0	0.0	nan	nan	0.0	0.0
29	4	28	0.0	0.0	nan	nan	0.0	0.0
30	4	100	4.71	0.461	11.161	0.374	1.0	1.0
30	4	97	4.419	0.502	11.387	0.495	1.0	1.0
30	4	94	4.194	0.402	11.645	0.486	1.0	1.0
30	4	91	4.065	0.25	11.903	0.396	1.0	1.0
30	4	88	4.0	0.0	12.0	0.258	1.0	1.0
30	4	85	3.968	0.18	12.194	0.402	1.0	1.0
30	4	82	3.935	0.25	12.677	0.475	1.0	1.0
30	4	79	3.548	0.506	13.065	0.629	1.0	1.0
30	4	76	3.355	0.486	13.194	0.601	1.0	1.0
30	4	73	3.097	0.301	13.806	0.654	1.0	1.0
30	4	70	3.0	0.258	14.29	0.783	1.0	1.0
30	4	67	2.968	0.18	14.935	0.574	1.0	1.0
30	4	64	2.871	0.428	15.742	0.773	1.0	1.0
30	4	61	2.387	0.615	16.806	1.078	1.0	1.0
30	4	58	2.0	0.683	17.774	1.309	1.0	1.0
30	4	55	1.367	0.49	19.839	2.099	0.968	1.0
30	4	52	1.0	0.385	22.103	2.396	0.839	0.935
30	4	49	0.267	0.45	24.222	2.587	0.258	0.29
30	4	46	0.0	0.0	nan	nan	0.0	0.0
30	4	43	0.0	0.0	nan	nan	0.0	0.0
30	4	40	0.0	0.0	nan	nan	0.0	0.0
30	4	37	0.0	0.0	nan	nan	0.0	0.0
30	4	34	0.0	0.0	nan	nan	0.0	0.0
30	4	31	0.0	0.0	nan	nan	0.0	0.0
30	4	28	0.0	0.0	nan	nan	0.0	0.0
31	4	100	3.323	0.475	11.129	0.341	1.0	1.0
31	4	97	3.097	0.301	11.258	0.445	1.0	1.0
31	4	94	3.032	0.18	11.613	0.495	1.0	1.0
31	4	91	3.0	0.0	11.871	0.499	1.0	1.0
31	4	88	3.0	0.0	12.161	0.454	1.0	1.0
31	4	85	2.935	0.25	12.387	0.495	1.0	1.0
31	4	82	2.645	0.486	13.032	0.547	1.0	1.0
31	4	79	2.419	0.502	13.323	0.653	1.0	1.0
31	4	76	2.161	0.374	13.645	0.608	1.0	1.0
31	4	73	2.0	0.0	14.613	0.882	1.0	1.0
31	4	70	2.0	0.0	15.097	0.746	1.0	1.0
31	4	67	1.935	0.25	16.452	2.079	1.0	1.0
31	4	64	1.833	0.379	17.484	1.435	0.968	1.0
31	4	61	1.704	0.465	18.258	1.843	0.871	1.0
31	4	58	0.84	0.554	20.4	1.803	0.613	0.806
31	4	55	0.069	0.258	22.25	1.893	0.065	0.129
31	4	52	0.0	0.0	nan	nan	0.0	0.0
31	4	49	0.0	0.0	nan	nan	0.0	0.0
31	4	46	0.0	0.0	nan	nan	0.0	0.0
31	4	43	0.0	0.0	nan	nan	0.0	0.0
31	4	40	0.0	0.0	nan	nan	0.0	0.0
31	4	37	0.0	0.0	nan	nan	0.0	0.0
31	4	34	0.0	0.0	nan	nan	0.0	0.0
31	4	31	0.0	0.0	nan	nan	0.0	0.0
31	4	28	0.0	0.0	nan	nan	0.0	0.0
0	5	100	6.065	0.25	11.129	0.341	1.0	1.0
0	5	97	6.0	0.258	11.387	0.558	1.0	1.0
0	5	94	5.903	0.301	11.742	0.445	1.0	1.0
0	5	91	5.645	0.486	11.903	0.301	1.0	1.0
0	5	88	5.129	0.341	12.129	0.341	1.0	1.0
0	5	85	5.032	0.18	12.387	0.495	1.0	1.0
0	5	82	5.0	0.0	12.71	0.588	1.0	1.0
0	5	79	4.871	0.341	13.194	0.402	1.0	1.0
0	5	76	4.516	0.508	13.419	0.564	1.0	1.0
0	5	73	4.29	0.461	14.0	0.577	1.0	1.0
0	5	70	4.065	0.25	14.419	0.807	1.0	1.0
0	5	67	4.0	0.0	15.452	0.81	1.0	1.0
0	5	64	3.935	0.25	16.097	1.012	1.0	1.0
0	5	61	3.71	0.529	17.065	0.727	1.0	1.0
0	5	58	2.774	0.805	18.774	2.028	1.0	1.0
0	5	55	2.032	0.18	21.129	2.029	1.0	1.0
0	5	52	1.968	0.18	24.161	2.282	1.0	1.0
0	5	49	1.731	0.452	30.258	5.674	0.839	1.0
0	5	46	0.423	0.643	35.714	4.906	0.29	0.452
0	5	43	0.0	0.0	nan	nan	0.0	0.0
0	5	40	0.0	0.0	nan	nan	0.0	0.0
0	5	37	0.0	0.0	nan	nan	0.0	0.0
0	5	34	0.0	0.0	nan	nan	0.0	0.0
0	5	31	0.0	0.0	nan	nan	0.0	0.0
0	5	28	0.0	0.0	nan	nan	0.0	0.0
1	5	100	3.968	0.18	12.806	0.402	1.0	1.0
1	5	97	3.968	0.18	13.161	0.523	1.0	1.0
1	5	94	3.871	0.341	13.516	0.57	1.0	1.0
1	5	91	3.71	0.461	13.903	0.473	1.0	1.0
1	5	88	3.194	0.402	14.581	0.72	1.0	1.0
1	5	85	3.032	0.18	15.032	0.605	1.0	1.0
1	5	82	2.968	0.18	15.581	0.62	1.0	1.0
1	5	79	2.968	0.18	16.194	0.749	1.0	1.0
1	5	76	2.903	0.301	16.742	0.815	1.0	1.0
1	5	73	2.258	0.631	18.258	0.93	1.0	1.0
1	5	70	1.29	0.529	20.71	1.596	1.0	1.0
1	5	67	1.129	0.428	22.71	1.829	1.0	1.0
1	5	64	0.774	0.425	26.792	3.587	0.774	0.774
1	5	61	0.065	0.25	28.5	4.95	0.065	0.065
1	5	58	0.0	0.0	nan	nan	0.0	0.0
1	5	55	0.0	0.0	nan	nan	0.0	0.0
1	5	52	0.0	0.0	nan	nan	0.0	0.0
1	5	49	0.0	0.0	nan	nan	0.0	0.0
1	5	46	0.0	0.0	nan	nan	0.0	0.0
1	5	43	0.0	0.0	nan	nan	0.0	0.0
1	5	40	0.0	0.0	nan	nan	0.0	0.0
1	5	37	0.0	0.0	nan	nan	0.0	0.0
1	5	34	0.0	0.0	nan	nan	0.0	0.0
1	5	31	0.0	0.0	nan	nan	0.0	0.0
1	5	28	0.0	0.0	nan	nan	0.0	0.0
2	5	100	3.839	0.374	12.097	0.473	1.0	1.0
2	5	97	3.645	0.486	12.355	0.486	1.0	1.0
2	5	94	3.194	0.402	12.839	0.454	1.0	1.0
2	5	91	3.097	0.301	13.032	0.407	1.0	1.0
2	5	88	3.0	0.0	13.452	0.568	1.0	1.0
2	5	85	2.968	0.18	13.935	0.68	1.0	1.0
2	5	82	2.968	0.18	14.419	0.502	1.0	1.0
2	5	79	2.677	0.475	14.677	0.599	1.0	1.0
2	5	76	2.323	0.541	15.71	0.864	1.0	1.0
2	5	73	2.065	0.25	16.129	0.67	1.0	1.0
2	5	70	1.839	0.374	17.484	1.151	1.0	1.0
2	5	67	1.419	0.502	18.484	1.151	1.0	1.0
2	5	64	0.933	0.365	21.071	2.292	0.871	0.903
2	5	61	0.741	0.526	22.522	2.391	0.613	0.742
2	5	58	0.194	0.402	24.0	1.095	0.194	0.194
2	5	55	0.0	0.0	nan	nan	0.0	0.0
2	5	52	0.0	0.0	nan	nan	0.0	0.0
2	5	49	0.0	0.0	nan	nan	0.0	0.0
2	5	46	0.0	0.0	nan	nan	0.0	0.0
2	5	43	0.0	0.0	nan	nan	0.0	0.0
2	5	40	0.0	0.0	nan	nan	0.0	0.0
2	5	37	0.0	0.0	nan	nan	0.0	0.0
2	5	34	0.0	0.0	nan	nan	0.0	0.0
2	5	31	0.0	0.0	nan	nan	0.0	0.0
2	5	28	0.0	0.0	nan	nan	0.0	0.0
3	5	100	3.903	0.301	12.581	0.502	1.0	1.0
3	5	97	3.645	0.486	13.0	0.365	1.0	1.0
3	5	94	3.516	0.508	13.226	0.497	1.0	1.0
3	5	91	3.097	0.301	13.387	0.558	1.0	1.0
3	5	88	3.032	0.18	13.806	0.477	1.0	1.0
3	5	85	3.0	0.0	14.226	0.425	1.0	1.0
3	5	82	2.935	0.25	14.903	0.908	1.0	1.0
3	5	79	2.71	0.461	15.548	0.723	1.0	1.0
3	5	76	2.226	0.497	16.226	0.805	1.0	1.0
3	5	73	1.968	0.407	17.097	0.908	1.0	1.0
3	5	70	1.581	0.672	18.2	1.518	0.968	0.968
3	5	67	1.097	0.301	20.355	2.229	1.0	1.0
3	5	64	0.893	0.315	22.179	2.42	0.806	0.903
3	5	61	0.258	0.445	24.375	1.768	0.258	0.258
3	5	58	0.0	0.0	nan	nan	0.0	0.0
3	5	55	0.0	0.0	nan	nan	0.0	0.0
3	5	52	0.0	0.0	nan	nan	0.0	0.0
3	5	49	0.0	0.0	nan	nan	0.0	0.0
3	5	46	0.0	0.0	nan	nan	0.0	0.0
3	5	43	0.0	0.0	nan	nan	0.0	0.0
3	5	40	0.0	0.0	nan	nan	0.0	0.0
3	5	37	0.0	0.0	nan	nan	0.0	0.0
3	5	34	0.0	0.0	nan	nan	0.0	0.0
3	5	31	0.0	0.0	nan	nan	0.0	0.0
3	5	28	0.0	0.0	nan	nan	0.0	0.0
4	5	100	4.968	0.18	11.065	0.25	1.0	1.0
4	5	97	4.839	0.374	11.097	0.301	1.0	1.0
4	5	94	4.419	0.502	11.484	0.508	1.0	1.0
4	5	91	4.161	0.374	11.774	0.425	1.0	1.0
4	5	88	4.032	0.18	11.968	0.315	1.0	1.0
4	5	85	4.0	0.0	12.161	0.454	1.0	1.0
4	5	82	3.935	0.25	12.29	0.461	1.0	1.0
4	5	79	3.871	0.341	12.935	0.442	1.0	1.0
4	5	76	3.484	0.508	13.194	0.654	1.0	1.0
4	5	73	3.161	0.374	13.871	0.562	1.0	1.0
4	5	70	3.097	0.396	14.129	0.619	1.0	1.0
4	5	67	3.032	0.315	14.613	0.667	1.0	1.0
4	5	64	3.0	0.0	15.645	0.798	1.0	1.0
4	5	61	2.806	0.477	16.71	1.321	1.0	1.0
4	5	58	1.968	0.752	18.194	1.276	1.0	1.0
4	5	55	1.194	0.477	20.484	2.158	1.0	1.0
4	5	52	1.033	0.414	23.207	3.288	0.903	0.935
4	5	49	0.233	0.504	25.857	4.14	0.194	0.226
4	5	46	0.0	0.0	nan	nan	0.0	0.0
4	5	43	0.0	0.0	nan	nan	0.0	0.0
4	5	40	0.0	0.0	nan	nan	0.0	0.0
4	5	37	0.0	0.0	nan	nan	0.0	0.0
4	5	34	0.0	0.0	nan	nan	0.0	0.0
4	5	31	0.0	0.0	nan	nan	0.0	0.0
4	5	28	0.0	0.0	nan	nan	0.0	0.0
5	5	100	3.71	0.461	10.968	0.315	1.0	1.0
5	5	97	3.161	0.374	11.065	0.25	1.0	1.0
5	5	94	3.032	0.18	11.452	0.568	1.0	1.0
5	5	91	3.0	0.0	11.71	0.461	1.0	1.0
5	5	88	3.0	0.0	11.968	0.407	1.0	1.0
5	5	85	3.0	0.0	12.323	0.475	1.0	1.0
5	5	82	2.968	0.18	12.613	0.495	1.0	1.0
5	5	79	2.581	0.502	12.968	0.547	1.0	1.0
5	5	76	2.161	0.374	13.29	0.588	1.0	1.0
5	5	73	2.032	0.18	13.903	0.651	1.0	1.0
5	5	70	2.032	0.18	14.516	0.626	1.0	1.0
5	5	67	1.968	0.18	15.516	1.061	1.0	1.0
5	5	64	1.933	0.254	16.323	1.301	0.968	1.0
5	5	61	1.724	0.528	17.767	1.524	0.903	0.968
5	5	58	0.6	0.681	20.19	2.786	0.323	0.677
5	5	55	0.0	0.0	19.0	0.0	0.0	0.032
5	5	52	0.0	0.0	nan	nan	0.0	0.0
5	5	49	0.0	0.0	nan	nan	0.0	0.0
5	5	46	0.0	0.0	nan	nan	0.0	0.0
5	5	43	0.0	0.0	nan	nan	0.0	0.0
5	5	40	0.0	0.0	nan	nan	0.0	0.0
5	5	37	0.0	0.0	nan	nan	0.0	0.0
5	5	34	0.0	0.0	nan	nan	0.0	0.0
5	5	31	0.0	0.0	nan	nan	0.0	0.0
5	5	28	0.0	0.0	nan	nan	0.0	0.0
6	5	100	4.0	0.0	12.097	0.396	1.0	1.0
6	5	97	4.0	0.0	12.355	0.551	1.0	1.0
6	5	94	3.968	0.18	12.677	0.541	1.0	1.0
6	5	91	3.935	0.25	13.0	0.365	1.0	1.0
6	5	88	3.613	0.495	13.194	0.543	1.0	1.0
6	5	85	3.452	0.506	13.581	0.564	1.0	1.0
6	5	82	3.0	0.0	14.355	0.608	1.0	1.0
6	5	79	3.0	0.0	14.484	0.57	1.0	1.0
6	5	76	2.968	0.18	15.484	0.677	1.0	1.0
6	5	73	2.935	0.25	16.129	0.957	1.0	1.0
6	5	70	2.871	0.341	17.129	1.231	1.0	1.0
6	5	67	2.645	0.551	18.097	1.326	1.0	1.0
6	5	64	1.548	0.568	20.516	1.93	1.0	1.0
6	5	61	1.161	0.374	23.516	2.143	1.0	1.0
6	5	58	0.429	0.573	27.786	4.644	0.355	0.452
6	5	55	0.0	0.0	nan	nan	0.0	0.0
6	5	52	0.0	0.0	nan	nan	0.0	0.0
6	5	49	0.0	0.0	nan	nan	0.0	0.0
6	5	46	0.0	0.0	nan	nan	0.0	0.0
6	5	43	0.0	0.0	nan	nan	0.0	0.0
6	5	40	0.0	0.0	nan	nan	0.0	0.0
6	5	37	0.0	0.0	nan	nan	0.0	0.0
6	5	34	0.0	0.0	nan	nan	0.0	0.0
6	5	31	0.0	0.0	nan	nan	0.0	0.0
6	5	28	0.0	0.0	nan	nan	0.0	0.0
7	5	100	3.645	0.486	11.194	0.402	1.0	1.0
7	5	97	3.194	0.402	11.581	0.502	1.0	1.0
7	5	94	3.065	0.359	11.968	0.407	1.0	1.0
7	5	91	3.0	0.0	12.065	0.359	1.0	1.0
7	5	88	3.0	0.0	12.387	0.495	1.0	1.0
7	5	85	3.0	0.0	12.774	0.425	1.0	1.0
7	5	82	2.839	0.374	13.258	0.575	1.0	1.0
7	5	79	2.484	0.508	13.677	0.748	1.0	1.0
7	5	76	2.194	0.402	14.161	0.638	1.0	1.0
7	5	73	2.032	0.18	14.71	0.864	1.0	1.0
7	5	70	2.0	0.0	15.839	0.898	1.0	1.0
7	5	67	1.935	0.25	16.677	0.979	1.0	1.0
7	5	64	1.567	0.504	18.161	1.809	0.968	1.0
7	5	61	1.115	0.653	19.963	2.361	0.71	0.871
7	5	58	0.214	0.418	22.111	2.088	0.194	0.29
7	5	55	0.0	0.0	nan	nan	0.0	0.0
7	5	52	0.0	0.0	nan	nan	0.0	0.0
7	5	49	0.0	0.0	nan	nan	0.0	0.0
7	5	46	0.0	0.0	nan	nan	0.0	0.0
7	5	43	0.0	0.0	nan	nan	0.0	0.0
7	5	40	0.0	0.0	nan	nan	0.0	0.0
7	5	37	0.0	0.0	nan	nan	0.0	0.0
7	5	34	0.0	0.0	nan	nan	0.0	0.0
7	5	31	0.0	0.0	nan	nan	0.0	0.0
7	5	28	0.0	0.0	nan	nan	0.0	0.0
8	5	100	4.0	0.0	11.194	0.402	1.0	1.0
8	5	97	3.903	0.301	11.645	0.486	1.0	1.0
8	5	94	3.742	0.445	11.871	0.341	1.0	1.0
8	5	91	3.29	0.461	12.032	0.315	1.0	1.0
8	5	88	3.065	0.25	12.258	0.445	1.0	1.0
8	5	85	3.032	0.18	12.677	0.475	1.0	1.0
8	5	82	2.968	0.18	13.0	0.447	1.0	1.0
8	5	79	3.0	0.0	13.484	0.724	1.0	1.0
8	5	76	2.677	0.475	14.032	0.605	1.0	1.0
8	5	73	2.452	0.506	14.452	0.506	1.0	1.0
8	5	70	2.129	0.341	15.613	0.667	1.0	1.0
8	5	67	1.968	0.315	16.581	0.923	1.0	1.0
8	5	64	1.645	0.486	17.903	2.055	1.0	1.0
8	5	61	1.167	0.379	19.903	1.832	0.968	1.0
8	5	58	0.964	0.429	21.75	2.619	0.806	0.903
8	5	55	0.097	0.301	24.333	1.528	0.097	0.097
8	5	52	0.0	0.0	nan	nan	0.0	0.0
8	5	49	0.0	0.0	nan	nan	0.0	0.0
8	5	46	0.0	0.0	nan	nan	0.0	0.0
8	5	43	0.0	0.0	nan	nan	0.0	0.0
8	5	40	0.0	0.0	nan	nan	0.0	0.0
8	5	37	0.0	0.0	nan	nan	0.0	0.0
8	5	34	0.0	0.0	nan	nan	0.0	0.0
8	5	31	0.0	0.0	nan	nan	0.0	0.0
8	5	28	0.0	0.0	nan	nan	0.0	0.0
9	5	100	4.677	0.475	11.645	0.486	1.0	1.0
9	5	97	4.516	0.508	11.839	0.454	1.0	1.0
9	5	94	4.161	0.374	12.065	0.359	1.0	1.0
9	5	91	4.032	0.18	12.258	0.445	1.0	1.0
9	5	88	4.0	0.0	12.806	0.402	1.0	1.0
9	5	85	3.903	0.396	13.032	0.315	1.0	1.0
9	5	82	3.613	0.495	13.355	0.661	1.0	1.0
9	5	79	3.161	0.374	14.097	0.539	1.0	1.0
9	5	76	3.0	0.0	14.355	0.661	1.0	1.0
9	5	73	2.968	0.18	15.161	0.638	1.0	1.0
9	5	70	2.839	0.374	16.194	0.873	1.0	1.0
9	5	67	2.452	0.568	16.839	0.969	1.0	1.0
9	5	64	1.645	0.661	18.516	1.458	1.0	1.0
9	5	61	1.065	0.25	20.839	1.695	1.0	1.0
9	5	58	0.929	0.378	23.643	3.094	0.806	0.903
9	5	55	0.172	0.384	26.714	3.45	0.161	0.226
9	5	52	0.0	0.0	nan	nan	0.0	0.0
9	5	49	0.0	0.0	nan	nan	0.0	0.0
9	5	46	0.0	0.0	nan	nan	0.0	0.0
9	5	43	0.0	0.0	nan	nan	0.0	0.0
9	5	40	0.0	0.0	nan	nan	0.0	0.0
9	5	37	0.0	0.0	nan	nan	0.0	0.0
9	5	34	0.0	0.0	nan	nan	0.0	0.0
9	5	31	0.0	0.0	nan	nan	0.0	0.0
9	5	28	0.0	0.0	nan	nan	0.0	0.0
10	5	100	5.774	0.425	10.742	0.445	1.0	1.0
10	5	97	5.226	0.425	10.935	0.25	1.0	1.0
10	5	94	5.161	0.374	11.032	0.18	1.0	1.0
10	5	91	5.0	0.0	11.032	0.18	1.0	1.0
10	5	88	4.903	0.301	11.387	0.558	1.0	1.0
10	5	85	4.871	0.341	11.613	0.558	1.0	1.0
10	5	82	4.613	0.495	12.032	0.315	1.0	1.0
10	5	79	4.226	0.425	12.226	0.425	1.0	1.0
10	5	76	4.129	0.341	12.452	0.568	1.0	1.0
10	5	73	3.968	0.18	12.935	0.68	1.0	1.0
10	5	70	3.903	0.301	13.452	0.624	1.0	1.0
10	5	67	3.774	0.425	14.065	0.772	1.0	1.0
10	5	64	3.581	0.502	14.516	0.626	1.0	1.0
10	5	61	3.097	0.301	15.323	0.599	1.0	1.0
10	5	58	3.0	0.0	16.065	0.727	1.0	1.0
10	5	55	2.645	0.486	18.29	1.532	1.0	1.0
10	5	52	2.194	0.543	19.742	2.658	1.0	1.0
10	5	49	1.774	0.497	21.645	2.153	1.0	1.0
10	5	46	1.167	0.531	25.172	3.106	0.903	0.935
10	5	43	0.345	0.614	30.5	5.72	0.258	0.323
10	5	40	0.0	0.0	nan	nan	0.0	0.0
10	5	37	0.0	0.0	nan	nan	0.0	0.0
10	5	34	0.0	0.0	nan	nan	0.0	0.0
10	5	31	0.0	0.0	nan	nan	0.0	0.0
10	5	28	0.0	0.0	nan	nan	0.0	0.0
11	5	100	3.968	0.18	11.677	0.475	1.0	1.0
11	5	97	3.871	0.341	11.871	0.341	1.0	1.0
11	5	94	3.903	0.301	12.0	0.258	1.0	1.0
11	5	91	3.355	0.486	12.161	0.374	1.0	1.0
11	5	88	3.161	0.374	12.645	0.486	1.0	1.0
11	5	85	3.0	0.0	12.968	0.547	1.0	1.0
11	5	82	2.968	0.18	13.323	0.599	1.0	1.0
11	5	79	2.71	0.461	13.806	0.543	1.0	1.0
11	5	76	2.581	0.502	14.581	0.62	1.0	1.0
11	5	73	2.355	0.486	15.194	0.833	1.0	1.0
11	5	70	2.0	0.0	15.806	0.792	1.0	1.0
11	5	67	1.968	0.18	16.742	0.815	1.0	1.0
11	5	64	1.548	0.506	18.097	1.012	1.0	1.0
11	5	61	1.25	0.441	20.129	2.553	0.903	1.0
11	5	58	0.304	0.47	23.2	2.484	0.226	0.484
11	5	55	0.0	0.0	nan	nan	0.0	0.0
11	5	52	0.0	0.0	nan	nan	0.0	0.0
11	5	49	0.0	0.0	nan	nan	0.0	0.0
11	5	46	0.0	0.0	nan	nan	0.0	0.0
11	5	43	0.0	0.0	nan	nan	0.0	0.0
11	5	40	0.0	0.0	nan	nan	0.0	0.0
11	5	37	0.0	0.0	nan	nan	0.0	0.0
11	5	34	0.0	0.0	nan	nan	0.0	0.0
11	5	31	0.0	0.0	nan	nan	0.0	0.0
11	5	28	0.0	0.0	nan	nan	0.0	0.0
12	5	100	6.194	0.402	10.903	0.301	1.0	1.0
12	5	97	6.0	0.0	10.871	0.428	1.0	1.0
12	5	94	5.935	0.25	11.0	0.0	1.0	1.0
12	5	91	5.968	0.18	11.129	0.341	1.0	1.0
12	5	88	5.71	0.461	11.387	0.495	1.0	1.0
12	5	85	5.194	0.402	11.677	0.541	1.0	1.0
12	5	82	5.032	0.18	12.129	0.341	1.0	1.0
12	5	79	5.0	0.0	12.355	0.486	1.0	1.0
12	5	76	5.0	0.0	12.839	0.454	1.0	1.0
12	5	73	4.581	0.502	13.29	0.529	1.0	1.0
12	5	70	4.29	0.461	13.419	0.564	1.0	1.0
12	5	67	4.065	0.25	14.355	0.755	1.0	1.0
12	5	64	3.968	0.18	15.065	0.727	1.0	1.0
12	5	61	3.968	0.18	15.871	1.056	1.0	1.0
12	5	58	3.645	0.486	17.29	1.697	1.0	1.0
12	5	55	2.839	0.735	18.097	0.978	1.0	1.0
12	5	52	2.129	0.428	21.387	3.293	1.0	1.0
12	5	49	1.968	0.18	24.387	3.222	1.0	1.0
12	5	46	1.536	0.693	30.964	5.175	0.806	0.903
12	5	43	0.033	0.183	36.0	11.314	0.032	0.065
12	5	40	0.0	0.0	nan	nan	0.0	0.0
12	5	37	0.0	0.0	nan	nan	0.0	0.0
12	5	34	0.0	0.0	nan	nan	0.0	0.0
12	5	31	0.0	0.0	nan	nan	0.0	0.0
12	5	28	0.0	0.0	nan	nan	0.0	0.0
13	5	100	2.129	0.341	12.484	0.57	1.0	1.0
13	5	97	2.032	0.18	12.71	0.529	1.0	1.0
13	5	94	2.032	0.18	13.097	0.396	1.0	1.0
13	5	91	2.0	0.0	13.548	0.506	1.0	1.0
13	5	88	2.0	0.0	13.935	0.512	1.0	1.0
13	5	85	2.0	0.0	14.452	0.506	1.0	1.0
13	5	82	2.0	0.0	15.29	0.938	1.0	1.0
13	5	79	1.871	0.341	16.0	0.856	1.0	1.0
13	5	76	1.633	0.49	16.613	1.054	0.968	1.0
13	5	73	1.05	0.686	19.407	2.531	0.516	0.871
13	5	70	0.176	0.393	20.706	2.519	0.097	0.548
13	5	67	0.0	0.0	nan	nan	0.0	0.0
13	5	64	0.0	0.0	nan	nan	0.0	0.0
13	5	61	0.0	0.0	nan	nan	0.0	0.0
13	5	58	0.0	0.0	nan	nan	0.0	0.0
13	5	55	0.0	0.0	nan	nan	0.0	0.0
13	5	52	0.0	0.0	nan	nan	0.0	0.0
13	5	49	0.0	0.0	nan	nan	0.0	0.0
13	5	46	0.0	0.0	nan	nan	0.0	0.0
13	5	43	0.0	0.0	nan	nan	0.0	0.0
13	5	40	0.0	0.0	nan	nan	0.0	0.0
13	5	37	0.0	0.0	nan	nan	0.0	0.0
13	5	34	0.0	0.0	nan	nan	0.0	0.0
13	5	31	0.0	0.0	nan	nan	0.0	0.0
13	5	28	0.0	0.0	nan	nan	0.0	0.0
14	5	100	4.0	0.0	12.71	0.461	1.0	1.0
14	5	97	4.0	0.0	12.677	0.475	1.0	1.0
14	5	94	3.935	0.25	13.065	0.25	1.0	1.0
14	5	91	3.581	0.502	13.29	0.529	1.0	1.0
14	5	88	3.484	0.508	13.613	0.495	1.0	1.0
14	5	85	3.129	0.341	14.161	0.583	1.0	1.0
14	5	82	3.032	0.18	14.581	0.564	1.0	1.0
14	5	79	3.0	0.0	15.194	0.601	1.0	1.0
14	5	76	2.968	0.18	15.935	1.031	1.0	1.0
14	5	73	2.774	0.425	16.387	0.715	1.0	1.0
14	5	70	2.29	0.643	17.581	0.72	1.0	1.0
14	5	67	1.484	0.626	18.968	1.472	1.0	1.0
14	5	64	1.065	0.359	20.968	1.888	1.0	1.0
14	5	61	0.871	0.341	23.741	2.443	0.871	0.871
14	5	58	0.5	0.509	24.938	1.806	0.484	0.516
14	5	55	0.0	0.0	nan	nan	0.0	0.0
14	5	52	0.0	0.0	nan	nan	0.0	0.0
14	5	49	0.0	0.0	nan	nan	0.0	0.0
14	5	46	0.0	0.0	nan	nan	0.0	0.0
14	5	43	0.0	0.0	nan	nan	0.0	0.0
14	5	40	0.0	0.0	nan	nan	0.0	0.0
14	5	37	0.0	0.0	nan	nan	0.0	0.0
14	5	34	0.0	0.0	nan	nan	0.0	0.0
14	5	31	0.0	0.0	nan	nan	0.0	0.0
14	5	28	0.0	0.0	nan	nan	0.0	0.0
15	5	100	5.0	0.0	10.903	0.301	1.0	1.0
15	5	97	5.032	0.18	11.0	0.0	1.0	1.0
15	5	94	5.0	0.0	11.032	0.18	1.0	1.0
15	5	91	4.903	0.301	11.452	0.506	1.0	1.0
15	5	88	4.839	0.374	11.613	0.495	1.0	1.0
15	5	85	4.355	0.486	11.935	0.442	1.0	1.0
15	5	82	4.097	0.301	12.065	0.25	1.0	1.0
15	5	79	4.0	0.0	12.387	0.558	1.0	1.0
15	5	76	4.0	0.0	12.903	0.396	1.0	1.0
15	5	73	3.968	0.18	13.226	0.497	1.0	1.0
15	5	70	3.839	0.374	13.742	0.682	1.0	1.0
15	5	67	3.452	0.506	14.419	0.848	1.0	1.0
15	5	64	3.129	0.341	15.29	0.824	1.0	1.0
15	5	61	3.0	0.0	15.968	0.836	1.0	1.0
15	5	58	2.903	0.301	16.903	1.136	1.0	1.0
15	5	55	2.613	0.495	18.258	1.264	1.0	1.0
15	5	52	2.032	0.407	21.129	1.979	1.0	1.0
15	5	49	1.387	0.558	24.9	2.44	0.968	0.968
15	5	46	0.533	0.73	27.385	4.959	0.387	0.419
15	5	43	0.0	0.0	nan	nan	0.0	0.0
15	5	40	0.0	0.0	nan	nan	0.0	0.0
15	5	37	0.0	0.0	nan	nan	0.0	0.0
15	5	34	0.0	0.0	nan	nan	0.0	0.0
15	5	31	0.0	0.0	nan	nan	0.0	0.0
15	5	28	0.0	0.0	nan	nan	0.0	0.0
16	5	100	2.839	0.374	13.484	0.57	1.0	1.0
16	5	97	2.742	0.445	13.774	0.617	1.0	1.0
16	5	94	2.29	0.461	14.194	0.601	1.0	1.0
16	5	91	2.065	0.25	14.484	0.508	1.0	1.0
16	5	88	2.0	0.0	15.129	0.428	1.0	1.0
16	5	85	2.0	0.0	15.613	0.803	1.0	1.0
16	5	82	1.968	0.18	16.484	0.89	1.0	1.0
16	5	79	1.871	0.341	17.516	0.996	1.0	1.0
16	5	76	1.296	0.542	19.333	1.709	0.839	0.968
16	5	73	0.95	0.51	20.571	2.268	0.548	0.903
16	5	70	0.0	0.0	23.6	2.074	0.0	0.161
16	5	67	0.0	0.0	nan	nan	0.0	0.0
16	5	64	0.0	0.0	nan	nan	0.0	0.0
16	5	61	0.0	0.0	nan	nan	0.0	0.0
16	5	58	0.0	0.0	nan	nan	0.0	0.0
16	5	55	0.0	0.0	nan	nan	0.0	0.0
16	5	52	0.0	0.0	nan	nan	0.0	0.0
16	5	49	0.0	0.0	nan	nan	0.0	0.0
16	5	46	0.0	0.0	nan	nan	0.0	0.0
16	5	43	0.0	0.0	nan	nan	0.0	0.0
16	5	40	0.0	0.0	nan	nan	0.0	0.0
16	5	37	0.0	0.0	nan	nan	0.0	0.0
16	5	34	0.0	0.0	nan	nan	0.0	0.0
16	5	31	0.0	0.0	nan	nan	0.0	0.0
16	5	28	0.0	0.0	nan	nan	0.0	0.0
17	5	100	7.032	0.18	10.0	0.0	1.0	1.0
17	5	97	6.968	0.315	10.032	0.315	1.0	1.0
17	5	94	6.839	0.374	10.29	0.461	1.0	1.0
17	5	91	6.484	0.508	10.742	0.575	1.0	1.0
17	5	88	6.194	0.402	10.903	0.301	1.0	1.0
17	5	85	5.968	0.18	11.032	0.18	1.0	1.0
17	5	82	5.968	0.18	11.032	0.18	1.0	1.0
17	5	79	5.774	0.425	11.323	0.541	1.0	1.0
17	5	76	5.484	0.508	11.516	0.508	1.0	1.0
17	5	73	5.161	0.374	12.032	0.482	1.0	1.0
17	5	70	5.0	0.0	12.194	0.477	1.0	1.0
17	5	67	4.935	0.25	12.645	0.608	1.0	1.0
17	5	64	4.71	0.529	13.097	0.7	1.0	1.0
17	5	61	4.226	0.425	13.581	0.765	1.0	1.0
17	5	58	4.097	0.301	14.258	0.682	1.0	1.0
17	5	55	4.032	0.18	15.452	0.888	1.0	1.0
17	5	52	3.935	0.25	16.29	0.783	1.0	1.0
17	5	49	3.484	0.57	17.742	0.773	1.0	1.0
17	5	46	2.484	0.57	19.774	1.978	1.0	1.0
17	5	43	2.032	0.315	24.355	4.255	1.0	1.0
17	5	40	1.548	0.723	29.259	5.318	0.871	0.871
17	5	37	0.161	0.454	37.0	4.546	0.129	0.129
17	5	34	0.0	0.0	nan	nan	0.0	0.0
17	5	31	0.0	0.0	nan	nan	0.0	0.0
17	5	28	0.0	0.0	nan	nan	0.0	0.0
18	5	100	4.0	0.0	11.935	0.359	1.0	1.0
18	5	97	4.0	0.0	12.129	0.341	1.0	1.0
18	5	94	3.935	0.25	12.29	0.461	1.0	1.0
18	5	91	3.71	0.461	12.71	0.461	1.0	1.0
18	5	88	3.323	0.475	13.032	0.407	1.0	1.0
18	5	85	3.032	0.18	13.419	0.564	1.0	1.0
18	5	82	3.0	0.0	14.0	0.73	1.0	1.0
18	5	79	3.0	0.0	14.258	0.855	1.0	1.0
18	5	76	3.0	0.0	15.032	0.752	1.0	1.0
18	5	73	2.871	0.341	16.097	0.908	1.0	1.0
18	5	70	2.71	0.461	16.806	0.703	1.0	1.0
18	5	67	1.839	0.779	18.645	1.539	1.0	1.0
18	5	64	1.355	0.486	20.194	2.056	1.0	1.0
18	5	61	1.0	0.0	23.968	2.228	1.0	1.0
18	5	58	0.71	0.461	25.955	3.139	0.71	0.71
18	5	55	0.033	0.183	29.5	7.778	0.032	0.065
18	5	52	0.0	0.0	nan	nan	0.0	0.0
18	5	49	0.0	0.0	nan	nan	0.0	0.0
18	5	46	0.0	0.0	nan	nan	0.0	0.0
18	5	43	0.0	0.0	nan	nan	0.0	0.0
18	5	40	0.0	0.0	nan	nan	0.0	0.0
18	5	37	0.0	0.0	nan	nan	0.0	0.0
18	5	34	0.0	0.0	nan	nan	0.0	0.0
18	5	31	0.0	0.0	nan	nan	0.0	0.0
18	5	28	0.0	0.0	nan	nan	0.0	0.0
19	5	100	3.0	0.0	11.871	0.341	1.0	1.0
19	5	97	3.0	0.0	12.032	0.315	1.0	1.0
19	5	94	2.935	0.25	12.226	0.425	1.0	1.0
19	5	91	2.742	0.445	12.71	0.643	1.0	1.0
19	5	88	2.419	0.502	13.032	0.407	1.0	1.0
19	5	85	2.129	0.341	13.323	0.541	1.0	1.0
19	5	82	2.032	0.18	14.161	0.454	1.0	1.0
19	5	79	2.0	0.0	14.258	0.631	1.0	1.0
19	5	76	2.0	0.0	15.387	0.615	1.0	1.0
19	5	73	1.903	0.301	16.387	0.955	1.0	1.0
19	5	70	1.567	0.626	17.448	1.183	0.903	0.935
19	5	67	1.235	0.831	20.556	3.401	0.419	0.871
19	5	64	0.241	0.435	20.667	2.179	0.226	0.29
19	5	61	0.0	0.0	nan	nan	0.0	0.0
19	5	58	0.0	0.0	nan	nan	0.0	0.0
19	5	55	0.0	0.0	nan	nan	0.0	0.0
19	5	52	0.0	0.0	nan	nan	0.0	0.0
19	5	49	0.0	0.0	nan	nan	0.0	0.0
19	5	46	0.0	0.0	nan	nan	0.0	0.0
19	5	43	0.0	0.0	nan	nan	0.0	0.0
19	5	40	0.0	0.0	nan	nan	0.0	0.0
19	5	37	0.0	0.0	nan	nan	0.0	0.0
19	5	34	0.0	0.0	nan	nan	0.0	0.0
19	5	31	0.0	0.0	nan	nan	0.0	0.0
19	5	28	0.0	0.0	nan	nan	0.0	0.0
20	5	100	4.935	0.25	10.968	0.315	1.0	1.0
20	5	97	4.871	0.341	11.0	0.0	1.0	1.0
20	5	94	4.452	0.506	11.097	0.301	1.0	1.0
20	5	91	4.29	0.461	11.645	0.486	1.0	1.0
20	5	88	4.065	0.25	11.903	0.301	1.0	1.0
20	5	85	4.0	0.0	12.032	0.407	1.0	1.0
20	5	82	3.903	0.301	12.323	0.541	1.0	1.0
20	5	79	3.903	0.301	12.839	0.523	1.0	1.0
20	5	76	3.484	0.508	13.065	0.68	1.0	1.0
20	5	73	3.226	0.425	13.516	0.724	1.0	1.0
20	5	70	3.032	0.18	14.387	0.558	1.0	1.0
20	5	67	3.032	0.315	14.903	0.651	1.0	1.0
20	5	64	2.871	0.341	15.903	0.831	1.0	1.0
20	5	61	2.677	0.541	16.419	0.848	1.0	1.0
20	5	58	1.806	0.703	18.258	1.264	1.0	1.0
20	5	55	1.258	0.514	20.323	1.796	1.0	1.0
20	5	52	1.103	0.409	22.4	3.158	0.903	0.968
20	5	49	0.567	0.504	26.0	2.635	0.548	0.581
20	5	46	0.032	0.18	28.0	0.0	0.032	0.032
20	5	43	0.032	0.18	30.0	0.0	0.032	0.032
20	5	40	0.0	0.0	nan	nan	0.0	0.0
20	5	37	0.0	0.0	nan	nan	0.0	0.0
20	5	34	0.0	0.0	nan	nan	0.0	0.0
20	5	31	0.0	0.0	nan	nan	0.0	0.0
20	5	28	0.0	0.0	nan	nan	0.0	0.0
21	5	100	4.935	0.25	10.129	0.341	1.0	1.0
21	5	97	4.645	0.486	10.194	0.402	1.0	1.0
21	5	94	4.452	0.506	10.581	0.502	1.0	1.0
21	5	91	4.226	0.425	10.774	0.425	1.0	1.0
21	5	88	4.065	0.25	10.935	0.25	1.0	1.0
21	5	85	4.0	0.0	11.0	0.0	1.0	1.0
21	5	82	3.903	0.301	11.258	0.445	1.0	1.0
21	5	79	3.839	0.374	11.548	0.506	1.0	1.0
21	5	76	3.452	0.506	11.903	0.539	1.0	1.0
21	5	73	3.258	0.445	12.258	0.445	1.0	1.0
21	5	70	3.032	0.18	12.645	0.551	1.0	1.0
21	5	67	2.968	0.18	13.226	0.805	1.0	1.0
21	5	64	2.935	0.25	13.516	0.626	1.0	1.0
21	5	61	2.871	0.341	14.548	0.768	1.0	1.0
21	5	58	2.355	0.486	15.194	0.98	1.0	1.0
21	5	55	2.161	0.374	16.452	1.091	1.0	1.0
21	5	52	1.677	0.599	18.032	1.602	1.0	1.0
21	5	49	1.233	0.43	20.29	2.224	0.968	1.0
21	5	46	0.536	0.508	23.722	3.232	0.484	0.581
21	5	43	0.033	0.183	24.5	2.121	0.032	0.065
21	5	40	0.0	0.0	nan	nan	0.0	0.0
21	5	37	0.0	0.0	nan	nan	0.0	0.0
21	5	34	0.0	0.0	nan	nan	0.0	0.0
21	5	31	0.0	0.0	nan	nan	0.0	0.0
21	5	28	0.0	0.0	nan	nan	0.0	0.0
22	5	100	6.387	0.495	11.387	0.495	1.0	1.0
22	5	97	6.097	0.301	11.871	0.341	1.0	1.0
22	5	94	6.032	0.18	12.065	0.359	1.0	1.0
22	5	91	6.0	0.0	12.065	0.359	1.0	1.0
22	5	88	5.613	0.495	12.419	0.502	1.0	1.0
22	5	85	5.258	0.445	12.839	0.523	1.0	1.0
22	5	82	5.032	0.18	13.161	0.454	1.0	1.0
22	5	79	5.0	0.0	13.613	0.558	1.0	1.0
22	5	76	4.968	0.18	14.097	0.651	1.0	1.0
22	5	73	4.581	0.502	14.613	0.667	1.0	1.0
22	5	70	4.194	0.402	15.161	0.583	1.0	1.0
22	5	67	4.0	0.365	15.903	1.012	1.0	1.0
22	5	64	3.903	0.301	17.0	1.366	1.0	1.0
22	5	61	3.387	0.715	17.935	0.929	1.0	1.0
22	5	58	2.613	0.715	19.129	1.477	1.0	1.0
22	5	55	2.065	0.25	22.548	2.514	1.0	1.0
22	5	52	2.0	0.0	24.387	1.995	1.0	1.0
22	5	49	1.778	0.506	31.233	5.157	0.839	0.968
22	5	46	0.567	0.774	34.154	5.46	0.387	0.419
22	5	43	0.0	0.0	nan	nan	0.0	0.0
22	5	40	0.0	0.0	nan	nan	0.0	0.0
22	5	37	0.0	0.0	nan	nan	0.0	0.0
22	5	34	0.0	0.0	nan	nan	0.0	0.0
22	5	31	0.0	0.0	nan	nan	0.0	0.0
22	5	28	0.0	0.0	nan	nan	0.0	0.0
23	5	100	4.903	0.301	11.0	0.258	1.0	1.0
23	5	97	4.806	0.402	11.387	0.495	1.0	1.0
23	5	94	4.581	0.502	11.645	0.486	1.0	1.0
23	5	91	4.258	0.445	11.871	0.341	1.0	1.0
23	5	88	4.065	0.25	11.968	0.482	1.0	1.0
23	5	85	3.968	0.18	12.258	0.575	1.0	1.0
23	5	82	3.806	0.402	12.613	0.558	1.0	1.0
23	5	79	3.484	0.508	13.065	0.574	1.0	1.0
23	5	76	3.194	0.402	13.323	0.541	1.0	1.0
23	5	73	3.129	0.341	13.774	0.617	1.0	1.0
23	5	70	3.0	0.258	14.71	0.824	1.0	1.0
23	5	67	2.806	0.402	14.968	0.752	1.0	1.0
23	5	64	2.613	0.495	15.839	1.157	1.0	1.0
23	5	61	2.065	0.574	17.032	1.169	1.0	1.0
23	5	58	1.613	0.495	18.387	1.542	1.0	1.0
23	5	55	0.966	0.325	21.931	2.404	0.871	0.935
23	5	52	0.464	0.508	23.188	1.759	0.419	0.516
23	5	49	0.0	0.0	nan	nan	0.0	0.0
23	5	46	0.0	0.0	nan	nan	0.0	0.0
23	5	43	0.0	0.0	nan	nan	0.0	0.0
23	5	40	0.0	0.0	nan	nan	0.0	0.0
23	5	37	0.0	0.0	nan	nan	0.0	0.0
23	5	34	0.0	0.0	nan	nan	0.0	0.0
23	5	31	0.0	0.0	nan	nan	0.0	0.0
23	5	28	0.0	0.0	nan	nan	0.0	0.0
24	5	100	5.355	0.486	11.065	0.359	1.0	1.0
24	5	97	5.161	0.374	11.323	0.475	1.0	1.0
24	5	94	5.0	0.258	11.774	0.425	1.0	1.0
24	5	91	4.806	0.402	12.032	0.407	1.0	1.0
24	5	88	4.613	0.495	12.065	0.359	1.0	1.0
24	5	85	4.194	0.402	12.452	0.624	1.0	1.0
24	5	82	4.097	0.301	12.935	0.442	1.0	1.0
24	5	79	4.0	0.258	13.258	0.575	1.0	1.0
24	5	76	3.742	0.445	13.774	0.617	1.0	1.0
24	5	73	3.484	0.508	14.323	0.541	1.0	1.0
24	5	70	3.323	0.475	14.774	0.762	1.0	1.0
24	5	67	2.935	0.25	15.484	0.811	1.0	1.0
24	5	64	2.677	0.599	16.387	1.054	1.0	1.0
24	5	61	2.355	0.709	17.484	1.029	1.0	1.0
24	5	58	1.516	0.677	19.323	1.739	1.0	1.0
24	5	55	1.033	0.183	22.0	2.38	0.968	1.0
24	5	52	0.517	0.509	23.588	2.265	0.484	0.548
24	5	49	0.032	0.18	25.0	0.0	0.032	0.032
24	5	46	0.0	0.0	nan	nan	0.0	0.0
24	5	43	0.0	0.0	nan	nan	0.0	0.0
24	5	40	0.0	0.0	nan	nan	0.0	0.0
24	5	37	0.0	0.0	nan	nan	0.0	0.0
24	5	34	0.0	0.0	nan	nan	0.0	0.0
24	5	31	0.0	0.0	nan	nan	0.0	0.0
24	5	28	0.0	0.0	nan	nan	0.0	0.0
25	5	100	4.677	0.475	11.903	0.301	1.0	1.0
25	5	97	4.097	0.301	11.968	0.315	1.0	1.0
25	5	94	4.032	0.18	11.968	0.315	1.0	1.0
25	5	91	3.968	0.18	12.452	0.568	1.0	1.0
25	5	88	3.935	0.25	12.71	0.461	1.0	1.0
25	5	85	3.645	0.486	13.323	0.541	1.0	1.0
25	5	82	3.29	0.461	13.645	0.551	1.0	1.0
25	5	79	3.032	0.18	14.0	0.683	1.0	1.0
25	5	76	3.0	0.0	14.581	0.72	1.0	1.0
25	5	73	3.0	0.0	15.194	0.749	1.0	1.0
25	5	70	2.677	0.475	15.871	0.763	1.0	1.0
25	5	67	2.548	0.568	16.645	0.839	1.0	1.0
25	5	64	1.839	0.688	17.935	1.263	1.0	1.0
25	5	61	1.355	0.551	20.065	1.948	1.0	1.0
25	5	58	1.0	0.371	21.862	2.669	0.903	0.935
25	5	55	0.172	0.384	25.429	3.309	0.161	0.226
25	5	52	0.0	0.0	26.0	0.0	0.0	0.032
25	5	49	0.0	0.0	nan	nan	0.0	0.0
25	5	46	0.0	0.0	nan	nan	0.0	0.0
25	5	43	0.0	0.0	nan	nan	0.0	0.0
25	5	40	0.0	0.0	nan	nan	0.0	0.0
25	5	37	0.0	0.0	nan	nan	0.0	0.0
25	5	34	0.0	0.0	nan	nan	0.0	0.0
25	5	31	0.0	0.0	nan	nan	0.0	0.0
25	5	28	0.0	0.0	nan	nan	0.0	0.0
26	5	100	4.548	0.506	11.548	0.506	1.0	1.0
26	5	97	4.032	0.18	11.839	0.374	1.0	1.0
26	5	94	4.032	0.18	12.0	0.258	1.0	1.0
26	5	91	4.0	0.0	12.097	0.301	1.0	1.0
26	5	88	3.839	0.374	12.419	0.62	1.0	1.0
26	5	85	3.806	0.402	12.903	0.301	1.0	1.0
26	5	82	3.323	0.475	13.258	0.445	1.0	1.0
26	5	79	3.065	0.25	13.71	0.529	1.0	1.0
26	5	76	3.032	0.18	14.065	0.68	1.0	1.0
26	5	73	3.0	0.0	15.097	0.539	1.0	1.0
26	5	70	2.935	0.25	15.484	0.769	1.0	1.0
26	5	67	2.548	0.506	16.161	0.638	1.0	1.0
26	5	64	2.226	0.617	17.032	1.14	1.0	1.0
26	5	61	1.419	0.564	19.065	1.788	1.0	1.0
26	5	58	1.097	0.301	20.645	2.332	1.0	1.0
26	5	55	0.806	0.402	22.84	2.461	0.806	0.806
26	5	52	0.129	0.341	25.0	1.414	0.129	0.129
26	5	49	0.0	0.0	nan	nan	0.0	0.0
26	5	46	0.0	0.0	nan	nan	0.0	0.0
26	5	43	0.0	0.0	nan	nan	0.0	0.0
26	5	40	0.0	0.0	nan	nan	0.0	0.0
26	5	37	0.0	0.0	nan	nan	0.0	0.0
26	5	34	0.0	0.0	nan	nan	0.0	0.0
26	5	31	0.0	0.0	nan	nan	0.0	0.0
26	5	28	0.0	0.0	nan	nan	0.0	0.0
27	5	100	4.065	0.25	12.0	0.258	1.0	1.0
27	5	97	4.0	0.0	12.097	0.301	1.0	1.0
27	5	94	4.0	0.0	12.516	0.508	1.0	1.0
27	5	91	4.0	0.0	12.968	0.482	1.0	1.0
27	5	88	3.677	0.475	13.161	0.374	1.0	1.0
27	5	85	3.323	0.475	13.871	0.562	1.0	1.0
27	5	82	3.032	0.18	14.065	0.512	1.0	1.0
27	5	79	3.0	0.0	14.806	0.91	1.0	1.0
27	5	76	3.0	0.0	15.387	0.803	1.0	1.0
27	5	73	2.935	0.25	16.677	1.013	1.0	1.0
27	5	70	2.677	0.541	17.387	1.202	1.0	1.0
27	5	67	1.903	0.79	19.032	1.494	1.0	1.0
27	5	64	1.323	0.475	21.355	1.836	1.0	1.0
27	5	61	0.968	0.18	24.9	2.82	0.968	0.968
27	5	58	0.207	0.412	30.625	3.503	0.194	0.258
27	5	55	0.0	0.0	nan	nan	0.0	0.0
27	5	52	0.0	0.0	nan	nan	0.0	0.0
27	5	49	0.0	0.0	nan	nan	0.0	0.0
27	5	46	0.0	0.0	nan	nan	0.0	0.0
27	5	43	0.0	0.0	nan	nan	0.0	0.0
27	5	40	0.0	0.0	nan	nan	0.0	0.0
27	5	37	0.0	0.0	nan	nan	0.0	0.0
27	5	34	0.0	0.0	nan	nan	0.0	0.0
27	5	31	0.0	0.0	nan	nan	0.0	0.0
27	5	28	0.0	0.0	nan	nan	0.0	0.0
28	5	100	4.613	0.495	11.323	0.475	1.0	1.0
28	5	97	4.226	0.425	11.677	0.475	1.0	1.0
28	5	94	4.032	0.18	11.871	0.341	1.0	1.0
28	5	91	4.0	0.258	12.065	0.25	1.0	1.0
28	5	88	3.871	0.341	12.355	0.486	1.0	1.0
28	5	85	3.742	0.445	12.806	0.601	1.0	1.0
28	5	82	3.419	0.502	13.194	0.477	1.0	1.0
28	5	79	3.129	0.341	13.774	0.956	1.0	1.0
28	5	76	3.032	0.18	14.355	0.839	1.0	1.0
28	5	73	3.0	0.258	14.903	0.746	1.0	1.0
28	5	70	2.806	0.402	15.645	0.839	1.0	1.0
28	5	67	2.581	0.502	16.29	0.973	1.0	1.0
28	5	64	1.71	0.739	18.226	1.82	1.0	1.0
28	5	61	1.194	0.477	19.933	1.837	0.968	0.968
28	5	58	1.033	0.32	23.467	2.596	0.935	0.968
28	5	55	0.258	0.445	27.375	3.249	0.258	0.258
28	5	52	0.032	0.18	25.0	0.0	0.032	0.032
28	5	49	0.0	0.0	nan	nan	0.0	0.0
28	5	46	0.0	0.0	nan	nan	0.0	0.0
28	5	43	0.0	0.0	nan	nan	0.0	0.0
28	5	40	0.0	0.0	nan	nan	0.0	0.0
28	5	37	0.0	0.0	nan	nan	0.0	0.0
28	5	34	0.0	0.0	nan	nan	0.0	0.0
28	5	31	0.0	0.0	nan	nan	0.0	0.0
28	5	28	0.0	0.0	nan	nan	0.0	0.0
29	5	100	5.129	0.341	11.258	0.445	1.0	1.0
29	5	97	5.0	0.0	11.484	0.508	1.0	1.0
29	5	94	5.0	0.0	11.839	0.454	1.0	1.0
29	5	91	4.903	0.301	12.0	0.0	1.0	1.0
29	5	88	4.677	0.475	12.161	0.374	1.0	1.0
29	5	85	4.323	0.475	12.484	0.508	1.0	1.0
29	5	82	4.032	0.18	12.613	0.495	1.0	1.0
29	5	79	4.0	0.0	13.161	0.454	1.0	1.0
29	5	76	4.0	0.0	13.452	0.568	1.0	1.0
29	5	73	4.0	0.0	13.935	0.512	1.0	1.0
29	5	70	3.71	0.461	14.645	0.551	1.0	1.0
29	5	67	3.258	0.445	15.258	0.773	1.0	1.0
29	5	64	3.097	0.396	16.29	1.189	1.0	1.0
29	5	61	2.806	0.477	17.419	1.361	1.0	1.0
29	5	58	2.387	0.558	18.839	1.791	1.0	1.0
29	5	55	1.935	0.512	21.548	2.755	1.0	1.0
29	5	52	1.742	0.514	24.967	3.09	0.968	0.968
29	5	49	0.556	0.698	29.625	7.117	0.387	0.516
29	5	46	0.067	0.365	36.0	7.071	0.032	0.065
29	5	43	0.0	0.0	nan	nan	0.0	0.0
29	5	40	0.0	0.0	nan	nan	0.0	0.0
29	5	37	0.0	0.0	nan	nan	0.0	0.0
29	5	34	0.0	0.0	nan	nan	0.0	0.0
29	5	31	0.0	0.0	nan	nan	0.0	0.0
29	5	28	0.0	0.0	nan	nan	0.0	0.0
30	5	100	4.0	0.0	11.097	0.301	1.0	1.0
30	5	97	3.968	0.18	11.387	0.495	1.0	1.0
30	5	94	3.871	0.341	11.581	0.502	1.0	1.0
30	5	91	3.645	0.486	11.935	0.359	1.0	1.0
30	5	88	3.129	0.341	12.129	0.428	1.0	1.0
30	5	85	3.129	0.341	12.452	0.506	1.0	1.0
30	5	82	3.0	0.0	12.774	0.497	1.0	1.0
30	5	79	3.0	0.0	13.097	0.539	1.0	1.0
30	5	76	3.0	0.0	13.71	0.643	1.0	1.0
30	5	73	3.0	0.0	14.419	0.62	1.0	1.0
30	5	70	2.968	0.18	15.194	1.424	1.0	1.0
30	5	67	2.839	0.374	15.806	0.833	1.0	1.0
30	5	64	2.258	0.445	16.774	0.884	1.0	1.0
30	5	61	1.677	0.748	18.516	1.61	1.0	1.0
30	5	58	1.129	0.428	21.3	2.756	0.968	0.968
30	5	55	0.533	0.507	25.353	3.741	0.516	0.548
30	5	52	0.0	0.0	nan	nan	0.0	0.0
30	5	49	0.0	0.0	nan	nan	0.0	0.0
30	5	46	0.0	0.0	nan	nan	0.0	0.0
30	5	43	0.0	0.0	nan	nan	0.0	0.0
30	5	40	0.0	0.0	nan	nan	0.0	0.0
30	5	37	0.0	0.0	nan	nan	0.0	0.0
30	5	34	0.0	0.0	nan	nan	0.0	0.0
30	5	31	0.0	0.0	nan	nan	0.0	0.0
30	5	28	0.0	0.0	nan	nan	0.0	0.0
31	5	100	4.968	0.18	11.032	0.18	1.0	1.0
31	5	97	4.806	0.402	11.032	0.18	1.0	1.0
31	5	94	4.645	0.486	11.29	0.461	1.0	1.0
31	5	91	4.226	0.425	11.452	0.568	1.0	1.0
31	5	88	4.065	0.25	11.774	0.617	1.0	1.0
31	5	85	4.0	0.0	12.097	0.301	1.0	1.0
31	5	82	4.0	0.0	12.452	0.506	1.0	1.0
31	5	79	3.806	0.402	12.742	0.631	1.0	1.0
31	5	76	3.806	0.402	13.065	0.512	1.0	1.0
31	5	73	3.355	0.486	13.71	0.643	1.0	1.0
31	5	70	3.097	0.301	14.323	0.653	1.0	1.0
31	5	67	3.0	0.0	14.742	0.855	1.0	1.0
31	5	64	3.0	0.0	15.419	0.807	1.0	1.0
31	5	61	2.774	0.497	16.516	1.568	1.0	1.0
31	5	58	2.323	0.748	18.0	1.807	1.0	1.0
31	5	55	1.387	0.495	21.097	2.495	1.0	1.0
31	5	52	1.032	0.315	23.833	2.151	0.968	0.968
31	5	49	0.387	0.495	26.417	2.712	0.387	0.387
31	5	46	0.032	0.18	33.0	0.0	0.032	0.032
31	5	43	0.0	0.0	nan	nan	0.0	0.0
31	5	40	0.0	0.0	nan	nan	0.0	0.0
31	5	37	0.0	0.0	nan	nan	0.0	0.0
31	5	34	0.0	0.0	nan	nan	0.0	0.0
31	5	31	0.0	0.0	nan	nan	0.0	0.0
31	5	28	0.0	0.0	nan	nan	0.0	0.0
0	6	100	6.774	0.425	10.258	0.514	1.0	1.0
0	6	97	6.323	0.475	10.484	0.508	1.0	1.0
0	6	94	6.065	0.359	10.613	0.615	1.0	1.0
0	6	91	5.968	0.18	10.903	0.301	1.0	1.0
0	6	88	5.968	0.18	10.935	0.25	1.0	1.0
0	6	85	5.742	0.445	11.032	0.18	1.0	1.0
0	6	82	5.484	0.508	11.194	0.601	1.0	1.0
0	6	79	5.097	0.301	11.742	0.631	1.0	1.0
0	6	76	5.0	0.0	11.871	0.341	1.0	1.0
0	6	73	5.0	0.258	12.161	0.454	1.0	1.0
0	6	70	4.903	0.301	12.387	0.667	1.0	1.0
0	6	67	4.581	0.502	12.903	0.539	1.0	1.0
0	6	64	4.194	0.402	13.516	0.626	1.0	1.0
0	6	61	3.968	0.18	14.0	0.447	1.0	1.0
0	6	58	4.0	0.0	14.484	0.811	1.0	1.0
0	6	55	3.968	0.18	15.71	0.864	1.0	1.0
0	6	52	3.742	0.575	17.194	0.946	1.0	1.0
0	6	49	2.839	0.779	18.419	1.893	1.0	1.0
0	6	46	2.226	0.56	20.581	2.433	1.0	1.0
0	6	43	1.667	0.661	28.143	6.615	0.871	0.903
0	6	40	0.548	0.81	31.0	6.293	0.355	0.355
0	6	37	0.0	0.0	nan	nan	0.0	0.0
0	6	34	0.0	0.0	nan	nan	0.0	0.0
0	6	31	0.0	0.0	nan	nan	0.0	0.0
0	6	28	0.0	0.0	nan	nan	0.0	0.0
1	6	100	5.645	0.486	11.0	0.0	1.0	1.0
1	6	97	5.323	0.475	11.032	0.18	1.0	1.0
1	6	94	5.065	0.25	11.194	0.402	1.0	1.0
1	6	91	5.032	0.18	11.452	0.506	1.0	1.0
1	6	88	4.968	0.18	11.871	0.428	1.0	1.0
1	6	85	4.968	0.315	12.032	0.18	1.0	1.0
1	6	82	4.677	0.475	12.355	0.486	1.0	1.0
1	6	79	4.161	0.374	12.839	0.454	1.0	1.0
1	6	76	4.129	0.341	13.0	0.577	1.0	1.0
1	6	73	3.968	0.18	13.806	0.749	1.0	1.0
1	6	70	3.968	0.18	14.129	0.499	1.0	1.0
1	6	67	3.806	0.402	14.742	0.631	1.0	1.0
1	6	64	3.419	0.502	15.677	0.871	1.0	1.0
1	6	61	3.161	0.374	16.387	0.844	1.0	1.0
1	6	58	2.548	0.568	18.548	2.079	1.0	1.0
1	6	55	2.194	0.402	20.29	2.479	1.0	1.0
1	6	52	1.774	0.617	24.833	3.705	0.968	0.968
1	6	49	0.76	0.597	29.913	6.156	0.548	0.742
1	6	46	0.0	0.0	38.0	2.828	0.0	0.065
1	6	43	0.0	0.0	nan	nan	0.0	0.0
1	6	40	0.0	0.0	nan	nan	0.0	0.0
1	6	37	0.0	0.0	nan	nan	0.0	0.0
1	6	34	0.0	0.0	nan	nan	0.0	0.0
1	6	31	0.0	0.0	nan	nan	0.0	0.0
1	6	28	0.0	0.0	nan	nan	0.0	0.0
2	6	100	5.29	0.461	10.968	0.18	1.0	1.0
2	6	97	5.065	0.25	11.065	0.25	1.0	1.0
2	6	94	5.0	0.0	11.323	0.475	1.0	1.0
2	6	91	4.935	0.25	11.645	0.486	1.0	1.0
2	6	88	4.613	0.495	11.742	0.514	1.0	1.0
2	6	85	4.29	0.461	12.065	0.359	1.0	1.0
2	6	82	4.032	0.18	12.29	0.588	1.0	1.0
2	6	79	4.0	0.0	12.581	0.62	1.0	1.0
2	6	76	3.839	0.374	12.968	0.407	1.0	1.0
2	6	73	3.806	0.402	13.258	0.575	1.0	1.0
2	6	70	3.452	0.506	13.774	0.805	1.0	1.0
2	6	67	3.097	0.301	14.29	0.588	1.0	1.0
2	6	64	3.032	0.18	14.935	0.814	1.0	1.0
2	6	61	2.839	0.374	15.839	1.241	1.0	1.0
2	6	58	2.484	0.724	16.742	1.125	1.0	1.0
2	6	55	1.548	0.723	18.8	1.375	0.968	0.968
2	6	52	1.226	0.425	20.935	2.695	1.0	1.0
2	6	49	0.931	0.53	22.269	2.523	0.774	0.839
2	6	46	0.267	0.521	25.5	5.503	0.226	0.258
2	6	43	0.0	0.0	nan	nan	0.0	0.0
2	6	40	0.0	0.0	nan	nan	0.0	0.0
2	6	37	0.0	0.0	nan	nan	0.0	0.0
2	6	34	0.0	0.0	nan	nan	0.0	0.0
2	6	31	0.0	0.0	nan	nan	0.0	0.0
2	6	28	0.0	0.0	nan	nan	0.0	0.0
3	6	100	3.0	0.0	12.097	0.301	1.0	1.0
3	6	97	3.0	0.0	12.161	0.523	1.0	1.0
3	6	94	3.0	0.0	12.645	0.486	1.0	1.0
3	6	91	2.871	0.341	12.71	0.529	1.0	1.0
3	6	88	2.677	0.475	13.452	0.506	1.0	1.0
3	6	85	2.29	0.461	13.516	0.508	1.0	1.0
3	6	82	2.065	0.25	14.29	0.739	1.0	1.0
3	6	79	1.968	0.18	15.097	1.221	1.0	1.0
3	6	76	2.0	0.0	15.677	0.748	1.0	1.0
3	6	73	1.968	0.18	16.258	0.773	1.0	1.0
3	6	70	1.935	0.25	17.355	0.95	1.0	1.0
3	6	67	1.607	0.497	18.581	1.669	0.903	1.0
3	6	64	0.958	0.624	21.538	2.596	0.613	0.839
3	6	61	0.16	0.374	22.8	1.476	0.129	0.323
3	6	58	0.0	0.0	nan	nan	0.0	0.0
3	6	55	0.0	0.0	nan	nan	0.0	0.0
3	6	52	0.0	0.0	nan	nan	0.0	0.0
3	6	49	0.0	0.0	nan	nan	0.0	0.0
3	6	46	0.0	0.0	nan	nan	0.0	0.0
3	6	43	0.0	0.0	nan	nan	0.0	0.0
3	6	40	0.0	0.0	nan	nan	0.0	0.0
3	6	37	0.0	0.0	nan	nan	0.0	0.0
3	6	34	0.0	0.0	nan	nan	0.0	0.0
3	6	31	0.0	0.0	nan	nan	0.0	0.0
3	6	28	0.0	0.0	nan	nan	0.0	0.0
4	6	100	6.0	0.0	12.0	0.0	1.0	1.0
4	6	97	5.935	0.25	12.0	0.258	1.0	1.0
4	6	94	5.71	0.461	12.097	0.396	1.0	1.0
4	6	91	5.484	0.508	12.645	0.551	1.0	1.0
4	6	88	5.032	0.18	12.871	0.428	1.0	1.0
4	6	85	5.0	0.0	13.194	0.601	1.0	1.0
4	6	82	5.0	0.0	13.419	0.672	1.0	1.0
4	6	79	4.871	0.341	13.806	0.402	1.0	1.0
4	6	76	4.742	0.445	14.032	0.547	1.0	1.0
4	6	73	4.065	0.25	14.871	0.562	1.0	1.0
4	6	70	4.0	0.258	15.548	0.81	1.0	1.0
4	6	67	4.0	0.0	16.226	0.762	1.0	1.0
4	6	64	3.806	0.477	17.323	1.166	1.0	1.0
4	6	61	2.968	0.752	18.645	1.253	1.0	1.0
4	6	58	2.161	0.454	20.161	1.186	1.0	1.0
4	6	55	2.0	0.258	22.516	3.325	1.0	1.0
4	6	52	1.935	0.25	27.839	3.643	1.0	1.0
4	6	49	1.115	0.909	32.5	5.466	0.548	0.71
4	6	46	0.074	0.267	40.667	2.251	0.065	0.194
4	6	43	0.0	0.0	nan	nan	0.0	0.0
4	6	40	0.0	0.0	nan	nan	0.0	0.0
4	6	37	0.0	0.0	nan	nan	0.0	0.0
4	6	34	0.0	0.0	nan	nan	0.0	0.0
4	6	31	0.0	0.0	nan	nan	0.0	0.0
4	6	28	0.0	0.0	nan	nan	0.0	0.0
5	6	100	4.0	0.0	11.065	0.25	1.0	1.0
5	6	97	3.968	0.18	11.161	0.374	1.0	1.0
5	6	94	3.484	0.508	11.29	0.461	1.0	1.0
5	6	91	3.129	0.341	11.645	0.486	1.0	1.0
5	6	88	3.0	0.0	11.968	0.18	1.0	1.0
5	6	85	3.0	0.0	12.194	0.477	1.0	1.0
5	6	82	3.0	0.0	12.452	0.568	1.0	1.0
5	6	79	2.935	0.25	12.935	0.574	1.0	1.0
5	6	76	2.742	0.445	13.194	0.477	1.0	1.0
5	6	73	2.355	0.486	13.871	0.562	1.0	1.0
5	6	70	2.129	0.341	14.097	0.651	1.0	1.0
5	6	67	2.0	0.0	15.258	0.575	1.0	1.0
5	6	64	2.0	0.0	16.065	1.031	1.0	1.0
5	6	61	1.871	0.341	16.968	0.948	1.0	1.0
5	6	58	1.32	0.476	19.258	2.097	0.806	1.0
5	6	55	0.72	0.792	21.105	3.247	0.419	0.613
5	6	52	0.034	0.186	24.0	4.359	0.032	0.097
5	6	49	0.0	0.0	nan	nan	0.0	0.0
5	6	46	0.0	0.0	nan	nan	0.0	0.0
5	6	43	0.0	0.0	nan	nan	0.0	0.0
5	6	40	0.0	0.0	nan	nan	0.0	0.0
5	6	37	0.0	0.0	nan	nan	0.0	0.0
5	6	34	0.0	0.0	nan	nan	0.0	0.0
5	6	31	0.0	0.0	nan	nan	0.0	0.0
5	6	28	0.0	0.0	nan	nan	0.0	0.0
6	6	100	5.032	0.18	11.097	0.301	1.0	1.0
6	6	97	5.032	0.18	11.129	0.341	1.0	1.0
6	6	94	4.968	0.18	11.548	0.506	1.0	1.0
6	6	91	4.839	0.374	11.774	0.497	1.0	1.0
6	6	88	4.839	0.374	12.0	0.0	1.0	1.0
6	6	85	4.387	0.495	12.065	0.359	1.0	1.0
6	6	82	4.129	0.341	12.516	0.508	1.0	1.0
6	6	79	3.968	0.18	12.903	0.597	1.0	1.0
6	6	76	3.968	0.18	12.774	0.717	1.0	1.0
6	6	73	4.0	0.0	13.516	0.57	1.0	1.0
6	6	70	3.871	0.341	14.032	0.407	1.0	1.0
6	6	67	3.645	0.486	14.742	0.514	1.0	1.0
6	6	64	3.097	0.396	15.548	1.091	1.0	1.0
6	6	61	2.968	0.315	16.484	0.851	1.0	1.0
6	6	58	2.935	0.359	17.258	0.815	1.0	1.0
6	6	55	2.065	0.512	19.839	1.655	1.0	1.0
6	6	52	1.935	0.442	21.419	2.884	1.0	1.0
6	6	49	1.517	0.634	26.724	4.527	0.871	0.935
6	6	46	0.444	0.641	31.571	5.302	0.323	0.452
6	6	43	0.0	0.0	nan	nan	0.0	0.0
6	6	40	0.0	0.0	nan	nan	0.0	0.0
6	6	37	0.0	0.0	nan	nan	0.0	0.0
6	6	34	0.0	0.0	nan	nan	0.0	0.0
6	6	31	0.0	0.0	nan	nan	0.0	0.0
6	6	28	0.0	0.0	nan	nan	0.0	0.0
7	6	100	5.871	0.341	11.355	0.551	1.0	1.0
7	6	97	5.581	0.502	11.677	0.541	1.0	1.0
7	6	94	5.355	0.486	11.903	0.301	1.0	1.0
7	6	91	5.032	0.18	12.0	0.365	1.0	1.0
7	6	88	5.0	0.0	12.194	0.477	1.0	1.0
7	6	85	4.968	0.18	12.71	0.461	1.0	1.0
7	6	82	4.613	0.495	13.161	0.374	1.0	1.0
7	6	79	4.161	0.374	13.355	0.486	1.0	1.0
7	6	76	3.968	0.18	14.032	0.482	1.0	1.0
7	6	73	4.0	0.0	14.774	0.717	1.0	1.0
7	6	70	4.0	0.0	15.452	0.888	1.0	1.0
7	6	67	3.774	0.425	16.097	0.651	1.0	1.0
7	6	64	3.032	0.657	17.194	1.25	1.0	1.0
7	6	61	2.323	0.475	19.323	1.815	1.0	1.0
7	6	58	2.097	0.301	20.806	2.12	1.0	1.0
7	6	55	1.9	0.305	25.387	3.442	0.968	1.0
7	6	52	1.172	0.805	30.292	5.521	0.71	0.774
7	6	49	0.067	0.254	36.333	3.512	0.065	0.097
7	6	46	0.0	0.0	nan	nan	0.0	0.0
7	6	43	0.0	0.0	nan	nan	0.0	0.0
7	6	40	0.0	0.0	nan	nan	0.0	0.0
7	6	37	0.0	0.0	nan	nan	0.0	0.0
7	6	34	0.0	0.0	nan	nan	0.0	0.0
7	6	31	0.0	0.0	nan	nan	0.0	0.0
7	6	28	0.0	0.0	nan	nan	0.0	0.0
8	6	100	4.194	0.402	11.323	0.475	1.0	1.0
8	6	97	4.0	0.0	11.419	0.502	1.0	1.0
8	6	94	4.0	0.0	11.839	0.374	1.0	1.0
8	6	91	4.0	0.0	12.0	0.258	1.0	1.0
8	6	88	3.871	0.341	12.097	0.396	1.0	1.0
8	6	85	3.581	0.502	12.452	0.506	1.0	1.0
8	6	82	3.258	0.514	13.0	0.447	1.0	1.0
8	6	79	3.032	0.18	13.194	0.477	1.0	1.0
8	6	76	3.032	0.18	13.645	0.661	1.0	1.0
8	6	73	2.935	0.25	14.065	0.512	1.0	1.0
8	6	70	2.871	0.341	14.839	0.779	1.0	1.0
8	6	67	2.645	0.486	15.548	0.723	1.0	1.0
8	6	64	2.258	0.445	16.323	0.791	1.0	1.0
8	6	61	1.774	0.497	17.484	1.235	1.0	1.0
8	6	58	1.29	0.461	19.194	1.515	1.0	1.0
8	6	55	0.852	0.362	22.259	2.697	0.742	0.871
8	6	52	0.433	0.504	25.071	3.222	0.419	0.452
8	6	49	0.065	0.25	25.5	0.707	0.065	0.065
8	6	46	0.0	0.0	29.0	0.0	0.0	0.032
8	6	43	0.0	0.0	nan	nan	0.0	0.0
8	6	40	0.0	0.0	nan	nan	0.0	0.0
8	6	37	0.0	0.0	nan	nan	0.0	0.0
8	6	34	0.0	0.0	nan	nan	0.0	0.0
8	6	31	0.0	0.0	nan	nan	0.0	0.0
8	6	28	0.0	0.0	nan	nan	0.0	0.0
9	6	100	4.258	0.445	11.935	0.25	1.0	1.0
9	6	97	4.032	0.18	12.258	0.445	1.0	1.0
9	6	94	4.0	0.0	12.484	0.508	1.0	1.0
9	6	91	3.935	0.25	13.032	0.605	1.0	1.0
9	6	88	3.903	0.301	13.226	0.56	1.0	1.0
9	6	85	3.71	0.461	13.581	0.502	1.0	1.0
9	6	82	3.258	0.445	14.161	0.583	1.0	1.0
9	6	79	3.097	0.301	14.516	0.57	1.0	1.0
9	6	76	3.0	0.0	15.323	0.541	1.0	1.0
9	6	73	3.0	0.0	16.161	0.638	1.0	1.0
9	6	70	2.742	0.445	17.129	0.846	1.0	1.0
9	6	67	2.258	0.682	18.258	1.154	1.0	1.0
9	6	64	1.452	0.624	20.484	1.913	1.0	1.0
9	6	61	1.129	0.428	24.0	2.816	0.968	0.968
9	6	58	0.767	0.568	26.409	3.725	0.677	0.71
9	6	55	0.0	0.0	35.0	0.0	0.0	0.032
9	6	52	0.0	0.0	nan	nan	0.0	0.0
9	6	49	0.0	0.0	nan	nan	0.0	0.0
9	6	46	0.0	0.0	nan	nan	0.0	0.0
9	6	43	0.0	0.0	nan	nan	0.0	0.0
9	6	40	0.0	0.0	nan	nan	0.0	0.0
9	6	37	0.0	0.0	nan	nan	0.0	0.0
9	6	34	0.0	0.0	nan	nan	0.0	0.0
9	6	31	0.0	0.0	nan	nan	0.0	0.0
9	6	28	0.0	0.0	nan	nan	0.0	0.0
10	6	100	5.032	0.18	11.71	0.461	1.0	1.0
10	6	97	5.0	0.0	11.806	0.402	1.0	1.0
10	6	94	4.903	0.301	11.968	0.482	1.0	1.0
10	6	91	4.677	0.475	12.129	0.341	1.0	1.0
10	6	88	4.355	0.486	12.355	0.486	1.0	1.0
10	6	85	4.097	0.301	12.774	0.497	1.0	1.0
10	6	82	4.0	0.0	13.097	0.473	1.0	1.0
10	6	79	3.935	0.25	13.581	0.62	1.0	1.0
10	6	76	3.903	0.301	14.065	0.629	1.0	1.0
10	6	73	3.613	0.495	14.516	0.724	1.0	1.0
10	6	70	3.355	0.486	15.258	1.182	1.0	1.0
10	6	67	3.032	0.18	15.839	0.735	1.0	1.0
10	6	64	2.742	0.445	17.774	1.175	1.0	1.0
10	6	61	2.452	0.506	18.419	1.385	1.0	1.0
10	6	58	1.968	0.407	20.194	1.579	1.0	1.0
10	6	55	1.71	0.461	23.742	3.055	1.0	1.0
10	6	52	1.065	0.512	26.929	3.042	0.903	0.903
10	6	49	0.2	0.407	30.429	5.159	0.194	0.226
10	6	46	0.0	0.0	nan	nan	0.0	0.0
10	6	43	0.0	0.0	nan	nan	0.0	0.0
10	6	40	0.0	0.0	nan	nan	0.0	0.0
10	6	37	0.0	0.0	nan	nan	0.0	0.0
10	6	34	0.0	0.0	nan	nan	0.0	0.0
10	6	31	0.0	0.0	nan	nan	0.0	0.0
10	6	28	0.0	0.0	nan	nan	0.0	0.0
11	6	100	5.0	0.0	11.0	0.0	1.0	1.0
11	6	97	4.903	0.301	11.032	0.18	1.0	1.0
11	6	94	4.387	0.495	11.161	0.374	1.0	1.0
11	6	91	4.097	0.301	11.516	0.508	1.0	1.0
11	6	88	4.032	0.18	11.806	0.402	1.0	1.0
11	6	85	4.032	0.18	11.968	0.18	1.0	1.0
11	6	82	4.0	0.0	12.419	0.564	1.0	1.0
11	6	79	3.968	0.18	12.774	0.56	1.0	1.0
11	6	76	3.71	0.461	13.161	0.688	1.0	1.0
11	6	73	3.387	0.495	13.774	0.884	1.0	1.0
11	6	70	3.032	0.18	14.29	0.588	1.0	1.0
11	6	67	3.032	0.18	15.065	0.727	1.0	1.0
11	6	64	2.968	0.18	15.871	0.885	1.0	1.0
11	6	61	2.806	0.402	16.903	1.076	1.0	1.0
11	6	58	2.258	0.631	18.839	1.53	1.0	1.0
11	6	55	1.581	0.62	22.419	2.941	1.0	1.0
11	6	52	0.963	0.437	28.107	4.984	0.774	0.903
11	6	49	0.069	0.258	33.25	7.89	0.065	0.129
11	6	46	0.0	0.0	nan	nan	0.0	0.0
11	6	43	0.0	0.0	nan	nan	0.0	0.0
11	6	40	0.0	0.0	nan	nan	0.0	0.0
11	6	37	0.0	0.0	nan	nan	0.0	0.0
11	6	34	0.0	0.0	nan	nan	0.0	0.0
11	6	31	0.0	0.0	nan	nan	0.0	0.0
11	6	28	0.0	0.0	nan	nan	0.0	0.0
12	6	100	4.548	0.506	11.0	0.0	1.0	1.0
12	6	97	4.097	0.301	11.032	0.18	1.0	1.0
12	6	94	4.0	0.0	11.065	0.25	1.0	1.0
12	6	91	4.0	0.0	11.419	0.502	1.0	1.0
12	6	88	4.0	0.0	11.774	0.425	1.0	1.0
12	6	85	3.903	0.301	11.806	0.402	1.0	1.0
12	6	82	3.484	0.508	12.226	0.425	1.0	1.0
12	6	79	3.29	0.461	12.516	0.626	1.0	1.0
12	6	76	3.194	0.402	13.065	0.629	1.0	1.0
12	6	73	3.032	0.18	13.258	0.445	1.0	1.0
12	6	70	3.0	0.0	14.129	0.718	1.0	1.0
12	6	67	2.935	0.25	14.581	0.62	1.0	1.0
12	6	64	2.871	0.341	15.323	0.653	1.0	1.0
12	6	61	2.677	0.475	16.613	1.145	1.0	1.0
12	6	58	1.839	0.583	17.774	1.477	1.0	1.0
12	6	55	1.29	0.529	19.903	2.3	1.0	1.0
12	6	52	1.065	0.25	22.613	2.629	1.0	1.0
12	6	49	0.536	0.508	24.833	2.282	0.484	0.581
12	6	46	0.033	0.183	27.0	1.414	0.032	0.065
12	6	43	0.0	0.0	nan	nan	0.0	0.0
12	6	40	0.0	0.0	nan	nan	0.0	0.0
12	6	37	0.0	0.0	nan	nan	0.0	0.0
12	6	34	0.0	0.0	nan	nan	0.0	0.0
12	6	31	0.0	0.0	nan	nan	0.0	0.0
12	6	28	0.0	0.0	nan	nan	0.0	0.0
13	6	100	4.935	0.25	11.452	0.506	1.0	1.0
13	6	97	4.774	0.425	11.742	0.445	1.0	1.0
13	6	94	4.645	0.486	11.935	0.359	1.0	1.0
13	6	91	4.355	0.486	12.194	0.402	1.0	1.0
13	6	88	4.129	0.341	12.516	0.508	1.0	1.0
13	6	85	3.968	0.18	12.806	0.543	1.0	1.0
13	6	82	3.839	0.374	13.194	0.477	1.0	1.0
13	6	79	3.871	0.341	13.29	0.529	1.0	1.0
13	6	76	3.419	0.502	13.903	0.651	1.0	1.0
13	6	73	3.097	0.301	14.323	0.748	1.0	1.0
13	6	70	3.032	0.315	15.097	0.79	1.0	1.0
13	6	67	2.935	0.25	15.806	0.749	1.0	1.0
13	6	64	2.613	0.558	16.71	1.101	1.0	1.0
13	6	61	2.258	0.773	17.968	1.303	1.0	1.0
13	6	58	1.419	0.564	19.387	1.283	1.0	1.0
13	6	55	1.033	0.414	22.241	2.799	0.903	0.935
13	6	52	0.552	0.506	25.389	2.253	0.516	0.581
13	6	49	0.0	0.0	nan	nan	0.0	0.0
13	6	46	0.0	0.0	nan	nan	0.0	0.0
13	6	43	0.0	0.0	nan	nan	0.0	0.0
13	6	40	0.0	0.0	nan	nan	0.0	0.0
13	6	37	0.0	0.0	nan	nan	0.0	0.0
13	6	34	0.0	0.0	nan	nan	0.0	0.0
13	6	31	0.0	0.0	nan	nan	0.0	0.0
13	6	28	0.0	0.0	nan	nan	0.0	0.0
14	6	100	6.0	0.0	11.581	0.502	1.0	1.0
14	6	97	5.839	0.374	11.806	0.402	1.0	1.0
14	6	94	5.613	0.495	11.968	0.315	1.0	1.0
14	6	91	5.226	0.425	11.935	0.25	1.0	1.0
14	6	88	5.129	0.428	12.323	0.475	1.0	1.0
14	6	85	5.032	0.18	12.484	0.508	1.0	1.0
14	6	82	5.0	0.0	12.839	0.374	1.0	1.0
14	6	79	4.839	0.374	13.194	0.654	1.0	1.0
14	6	76	4.581	0.502	13.258	0.575	1.0	1.0
14	6	73	4.129	0.341	13.968	0.407	1.0	1.0
14	6	70	4.129	0.341	14.452	0.506	1.0	1.0
14	6	67	4.0	0.0	14.935	0.68	1.0	1.0
14	6	64	3.935	0.25	15.839	0.638	1.0	1.0
14	6	61	3.774	0.497	16.613	0.955	1.0	1.0
14	6	58	3.194	0.749	18.065	1.504	1.0	1.0
14	6	55	2.258	0.445	19.613	1.687	1.0	1.0
14	6	52	2.032	0.18	22.581	2.553	1.0	1.0
14	6	49	1.968	0.18	26.065	3.444	1.0	1.0
14	6	46	1.556	0.751	31.815	5.35	0.742	0.871
14	6	43	0.321	0.67	35.889	5.349	0.194	0.29
14	6	40	0.0	0.0	nan	nan	0.0	0.0
14	6	37	0.0	0.0	nan	nan	0.0	0.0
14	6	34	0.0	0.0	nan	nan	0.0	0.0
14	6	31	0.0	0.0	nan	nan	0.0	0.0
14	6	28	0.0	0.0	nan	nan	0.0	0.0
15	6	100	3.0	0.0	12.226	0.425	1.0	1.0
15	6	97	2.839	0.374	12.742	0.514	1.0	1.0
15	6	94	2.419	0.502	13.097	0.396	1.0	1.0
15	6	91	2.161	0.374	13.387	0.558	1.0	1.0
15	6	88	2.032	0.18	13.613	0.558	1.0	1.0
15	6	85	2.032	0.18	14.097	0.597	1.0	1.0
15	6	82	2.0	0.0	15.161	0.779	1.0	1.0
15	6	79	2.0	0.0	15.548	0.624	1.0	1.0
15	6	76	1.968	0.18	16.29	0.643	1.0	1.0
15	6	73	1.759	0.435	17.774	1.383	0.935	1.0
15	6	70	1.174	0.491	19.167	1.262	0.71	0.968
15	6	67	0.875	0.342	21.379	1.898	0.452	0.935
15	6	64	0.042	0.204	24.5	1.69	0.032	0.258
15	6	61	0.0	0.0	nan	nan	0.0	0.0
15	6	58	0.0	0.0	nan	nan	0.0	0.0
15	6	55	0.0	0.0	nan	nan	0.0	0.0
15	6	52	0.0	0.0	nan	nan	0.0	0.0
15	6	49	0.0	0.0	nan	nan	0.0	0.0
15	6	46	0.0	0.0	nan	nan	0.0	0.0
15	6	43	0.0	0.0	nan	nan	0.0	0.0
15	6	40	0.0	0.0	nan	nan	0.0	0.0
15	6	37	0.0	0.0	nan	nan	0.0	0.0
15	6	34	0.0	0.0	nan	nan	0.0	0.0
15	6	31	0.0	0.0	nan	nan	0.0	0.0
15	6	28	0.0	0.0	nan	nan	0.0	0.0
16	6	100	6.29	0.461	10.452	0.568	1.0	1.0
16	6	97	6.032	0.18	10.871	0.341	1.0	1.0
16	6	94	5.935	0.25	10.935	0.359	1.0	1.0
16	6	91	5.774	0.425	11.0	0.0	1.0	1.0
16	6	88	5.677	0.475	11.097	0.301	1.0	1.0
16	6	85	5.387	0.495	11.226	0.497	1.0	1.0
16	6	82	5.032	0.18	11.581	0.564	1.0	1.0
16	6	79	5.032	0.18	11.742	0.514	1.0	1.0
16	6	76	4.839	0.374	11.968	0.18	1.0	1.0
16	6	73	4.871	0.341	12.29	0.529	1.0	1.0
16	6	70	4.387	0.495	12.645	0.608	1.0	1.0
16	6	67	4.226	0.425	13.032	0.605	1.0	1.0
16	6	64	3.968	0.315	13.323	0.541	1.0	1.0
16	6	61	3.935	0.359	14.032	0.482	1.0	1.0
16	6	58	3.806	0.402	14.71	0.783	1.0	1.0
16	6	55	3.548	0.506	15.323	0.832	1.0	1.0
16	6	52	3.194	0.601	16.645	0.985	1.0	1.0
16	6	49	2.903	0.539	17.774	1.309	1.0	1.0
16	6	46	2.194	0.543	19.097	1.886	1.0	1.0
16	6	43	1.839	0.454	22.516	2.554	1.0	1.0
16	6	40	1.414	0.628	26.448	4.755	0.871	0.935
16	6	37	0.778	0.751	30.95	4.729	0.516	0.645
16	6	34	0.0	0.0	nan	nan	0.0	0.0
16	6	31	0.0	0.0	nan	nan	0.0	0.0
16	6	28	0.0	0.0	nan	nan	0.0	0.0
17	6	100	3.129	0.341	11.71	0.529	1.0	1.0
17	6	97	3.0	0.0	11.935	0.442	1.0	1.0
17	6	94	3.0	0.0	12.194	0.402	1.0	1.0
17	6	91	3.0	0.0	12.548	0.506	1.0	1.0
17	6	88	2.935	0.25	12.806	0.402	1.0	1.0
17	6	85	2.806	0.402	13.355	0.486	1.0	1.0
17	6	82	2.258	0.445	13.968	0.752	1.0	1.0
17	6	79	2.129	0.341	14.452	0.723	1.0	1.0
17	6	76	2.032	0.18	15.0	0.632	1.0	1.0
17	6	73	2.0	0.0	15.871	0.763	1.0	1.0
17	6	70	1.903	0.301	17.0	1.065	1.0	1.0
17	6	67	1.4	0.563	18.767	1.736	0.935	0.968
17	6	64	1.091	0.426	20.5	2.129	0.677	0.968
17	6	61	0.269	0.452	23.833	3.157	0.226	0.387
17	6	58	0.0	0.0	nan	nan	0.0	0.0
17	6	55	0.0	0.0	nan	nan	0.0	0.0
17	6	52	0.0	0.0	nan	nan	0.0	0.0
17	6	49	0.0	0.0	nan	nan	0.0	0.0
17	6	46	0.0	0.0	nan	nan	0.0	0.0
17	6	43	0.0	0.0	nan	nan	0.0	0.0
17	6	40	0.0	0.0	nan	nan	0.0	0.0
17	6	37	0.0	0.0	nan	nan	0.0	0.0
17	6	34	0.0	0.0	nan	nan	0.0	0.0
17	6	31	0.0	0.0	nan	nan	0.0	0.0
17	6	28	0.0	0.0	nan	nan	0.0	0.0
18	6	100	4.742	0.445	11.548	0.506	1.0	1.0
18	6	97	4.581	0.502	11.71	0.529	1.0	1.0
18	6	94	4.097	0.301	11.903	0.301	1.0	1.0
18	6	91	4.065	0.25	12.065	0.359	1.0	1.0
18	6	88	3.968	0.18	12.226	0.425	1.0	1.0
18	6	85	3.839	0.374	12.484	0.508	1.0	1.0
18	6	82	3.677	0.475	13.0	0.365	1.0	1.0
18	6	79	3.387	0.495	13.355	0.551	1.0	1.0
18	6	76	3.129	0.341	13.806	0.477	1.0	1.0
18	6	73	3.065	0.25	14.484	0.769	1.0	1.0
18	6	70	2.903	0.301	15.0	0.775	1.0	1.0
18	6	67	2.774	0.425	15.774	0.884	1.0	1.0
18	6	64	2.677	0.475	16.742	0.965	1.0	1.0
18	6	61	1.839	0.735	18.226	1.765	1.0	1.0
18	6	58	1.258	0.445	19.226	1.283	1.0	1.0
18	6	55	0.839	0.374	22.769	3.266	0.839	0.839
18	6	52	0.4	0.563	24.833	4.041	0.355	0.387
18	6	49	0.0	0.0	nan	nan	0.0	0.0
18	6	46	0.0	0.0	nan	nan	0.0	0.0
18	6	43	0.0	0.0	nan	nan	0.0	0.0
18	6	40	0.0	0.0	nan	nan	0.0	0.0
18	6	37	0.0	0.0	nan	nan	0.0	0.0
18	6	34	0.0	0.0	nan	nan	0.0	0.0
18	6	31	0.0	0.0	nan	nan	0.0	0.0
18	6	28	0.0	0.0	nan	nan	0.0	0.0
19	6	100	4.968	0.18	10.935	0.25	1.0	1.0
19	6	97	5.0	0.0	11.032	0.315	1.0	1.0
19	6	94	4.871	0.341	11.161	0.374	1.0	1.0
19	6	91	4.613	0.495	11.452	0.506	1.0	1.0
19	6	88	4.161	0.374	11.613	0.495	1.0	1.0
19	6	85	4.032	0.18	11.935	0.25	1.0	1.0
19	6	82	3.968	0.18	12.129	0.499	1.0	1.0
19	6	79	4.0	0.0	12.677	0.475	1.0	1.0
19	6	76	3.935	0.25	13.097	0.539	1.0	1.0
19	6	73	3.806	0.402	13.484	0.57	1.0	1.0
19	6	70	3.516	0.508	13.839	0.583	1.0	1.0
19	6	67	3.097	0.301	14.484	0.89	1.0	1.0
19	6	64	3.032	0.18	15.452	0.723	1.0	1.0
19	6	61	2.968	0.18	16.323	1.107	1.0	1.0
19	6	58	2.387	0.615	18.484	1.458	1.0	1.0
19	6	55	1.968	0.482	20.903	2.712	1.0	1.0
19	6	52	1.226	0.617	24.714	3.287	0.903	0.903
19	6	49	0.4	0.563	27.333	5.662	0.355	0.387
19	6	46	0.032	0.18	27.0	0.0	0.032	0.032
19	6	43	0.0	0.0	nan	nan	0.0	0.0
19	6	40	0.0	0.0	nan	nan	0.0	0.0
19	6	37	0.0	0.0	nan	nan	0.0	0.0
19	6	34	0.0	0.0	nan	nan	0.0	0.0
19	6	31	0.0	0.0	nan	nan	0.0	0.0
19	6	28	0.0	0.0	nan	nan	0.0	0.0
20	6	100	5.032	0.18	11.032	0.18	1.0	1.0
20	6	97	5.0	0.0	11.226	0.497	1.0	1.0
20	6	94	5.0	0.258	11.548	0.506	1.0	1.0
20	6	91	4.871	0.428	11.774	0.617	1.0	1.0
20	6	88	4.742	0.445	12.0	0.258	1.0	1.0
20	6	85	4.323	0.475	12.323	0.475	1.0	1.0
20	6	82	4.129	0.341	12.935	0.512	1.0	1.0
20	6	79	4.0	0.0	13.032	0.547	1.0	1.0
20	6	76	3.968	0.18	13.581	0.502	1.0	1.0
20	6	73	3.935	0.25	14.484	0.677	1.0	1.0
20	6	70	3.645	0.486	14.774	0.669	1.0	1.0
20	6	67	3.194	0.402	15.613	0.615	1.0	1.0
20	6	64	2.968	0.315	17.0	1.125	1.0	1.0
20	6	61	2.645	0.486	17.935	0.964	1.0	1.0
20	6	58	2.129	0.562	20.419	2.203	1.0	1.0
20	6	55	1.581	0.502	23.71	2.877	1.0	1.0
20	6	52	1.367	0.49	27.613	4.177	0.968	1.0
20	6	49	0.621	0.677	30.412	4.124	0.484	0.548
20	6	46	0.0	0.0	nan	nan	0.0	0.0
20	6	43	0.0	0.0	nan	nan	0.0	0.0
20	6	40	0.0	0.0	nan	nan	0.0	0.0
20	6	37	0.0	0.0	nan	nan	0.0	0.0
20	6	34	0.0	0.0	nan	nan	0.0	0.0
20	6	31	0.0	0.0	nan	nan	0.0	0.0
20	6	28	0.0	0.0	nan	nan	0.0	0.0
21	6	100	4.065	0.25	10.935	0.25	1.0	1.0
21	6	97	4.0	0.0	10.968	0.18	1.0	1.0
21	6	94	4.0	0.0	11.129	0.428	1.0	1.0
21	6	91	3.935	0.25	11.065	0.25	1.0	1.0
21	6	88	3.71	0.461	11.774	0.425	1.0	1.0
21	6	85	3.452	0.506	12.065	0.442	1.0	1.0
21	6	82	3.097	0.301	12.194	0.402	1.0	1.0
21	6	79	3.032	0.18	12.452	0.568	1.0	1.0
21	6	76	3.0	0.0	13.129	0.562	1.0	1.0
21	6	73	3.0	0.0	13.355	0.709	1.0	1.0
21	6	70	2.806	0.402	13.645	0.877	1.0	1.0
21	6	67	2.548	0.506	14.516	0.677	1.0	1.0
21	6	64	2.323	0.475	15.387	0.761	1.0	1.0
21	6	61	1.968	0.407	16.581	1.177	1.0	1.0
21	6	58	1.613	0.495	17.839	1.734	1.0	1.0
21	6	55	1.179	0.39	21.161	3.532	0.903	1.0
21	6	52	0.5	0.577	23.312	2.33	0.419	0.516
21	6	49	0.0	0.0	26.0	0.0	0.0	0.032
21	6	46	0.0	0.0	nan	nan	0.0	0.0
21	6	43	0.0	0.0	nan	nan	0.0	0.0
21	6	40	0.0	0.0	nan	nan	0.0	0.0
21	6	37	0.0	0.0	nan	nan	0.0	0.0
21	6	34	0.0	0.0	nan	nan	0.0	0.0
21	6	31	0.0	0.0	nan	nan	0.0	0.0
21	6	28	0.0	0.0	nan	nan	0.0	0.0
22	6	100	4.0	0.0	11.323	0.475	1.0	1.0
22	6	97	3.774	0.425	11.806	0.402	1.0	1.0
22	6	94	3.548	0.506	11.871	0.341	1.0	1.0
22	6	91	3.129	0.341	12.194	0.402	1.0	1.0
22	6	88	3.0	0.0	12.387	0.558	1.0	1.0
22	6	85	3.0	0.0	12.677	0.653	1.0	1.0
22	6	82	3.0	0.0	13.226	0.56	1.0	1.0
22	6	79	3.0	0.0	13.806	0.402	1.0	1.0
22	6	76	2.806	0.402	14.194	0.703	1.0	1.0
22	6	73	2.613	0.495	14.645	0.661	1.0	1.0
22	6	70	2.097	0.301	15.387	0.667	1.0	1.0
22	6	67	2.065	0.25	16.258	0.773	1.0	1.0
22	6	64	1.774	0.425	17.806	1.014	1.0	1.0
22	6	61	1.129	0.341	19.548	1.15	1.0	1.0
22	6	58	1.0	0.378	21.103	2.076	0.871	0.935
22	6	55	0.069	0.258	23.75	0.957	0.065	0.129
22	6	52	0.0	0.0	nan	nan	0.0	0.0
22	6	49	0.0	0.0	nan	nan	0.0	0.0
22	6	46	0.0	0.0	nan	nan	0.0	0.0
22	6	43	0.0	0.0	nan	nan	0.0	0.0
22	6	40	0.0	0.0	nan	nan	0.0	0.0
22	6	37	0.0	0.0	nan	nan	0.0	0.0
22	6	34	0.0	0.0	nan	nan	0.0	0.0
22	6	31	0.0	0.0	nan	nan	0.0	0.0
22	6	28	0.0	0.0	nan	nan	0.0	0.0
23	6	100	4.935	0.25	11.0	0.0	1.0	1.0
23	6	97	4.871	0.341	11.161	0.374	1.0	1.0
23	6	94	4.516	0.508	11.516	0.57	1.0	1.0
23	6	91	4.226	0.425	11.774	0.497	1.0	1.0
23	6	88	4.129	0.341	11.839	0.454	1.0	1.0
23	6	85	3.968	0.315	12.226	0.497	1.0	1.0
23	6	82	4.0	0.0	12.581	0.848	1.0	1.0
23	6	79	3.613	0.495	12.839	0.454	1.0	1.0
23	6	76	3.323	0.475	13.226	0.617	1.0	1.0
23	6	73	3.0	0.258	13.742	0.682	1.0	1.0
23	6	70	2.935	0.25	14.161	0.688	1.0	1.0
23	6	67	2.935	0.25	14.774	0.805	1.0	1.0
23	6	64	2.71	0.461	15.742	1.032	1.0	1.0
23	6	61	2.29	0.529	16.871	1.839	1.0	1.0
23	6	58	1.645	0.608	18.452	1.895	1.0	1.0
23	6	55	1.107	0.416	20.567	2.622	0.871	0.968
23	6	52	0.633	0.49	22.7	1.75	0.613	0.645
23	6	49	0.0	0.0	nan	nan	0.0	0.0
23	6	46	0.0	0.0	nan	nan	0.0	0.0
23	6	43	0.0	0.0	nan	nan	0.0	0.0
23	6	40	0.0	0.0	nan	nan	0.0	0.0
23	6	37	0.0	0.0	nan	nan	0.0	0.0
23	6	34	0.0	0.0	nan	nan	0.0	0.0
23	6	31	0.0	0.0	nan	nan	0.0	0.0
23	6	28	0.0	0.0	nan	nan	0.0	0.0
24	6	100	5.387	0.495	10.677	0.475	1.0	1.0
24	6	97	5.065	0.25	10.871	0.341	1.0	1.0
24	6	94	5.065	0.25	11.0	0.0	1.0	1.0
24	6	91	5.0	0.0	11.032	0.18	1.0	1.0
24	6	88	4.935	0.25	11.194	0.402	1.0	1.0
24	6	85	4.806	0.402	11.677	0.475	1.0	1.0
24	6	82	4.355	0.486	11.935	0.359	1.0	1.0
24	6	79	4.129	0.341	12.097	0.473	1.0	1.0
24	6	76	4.0	0.0	12.548	0.506	1.0	1.0
24	6	73	4.0	0.0	12.968	0.657	1.0	1.0
24	6	70	3.968	0.18	13.677	0.541	1.0	1.0
24	6	67	3.903	0.301	13.968	0.482	1.0	1.0
24	6	64	3.452	0.506	14.839	0.583	1.0	1.0
24	6	61	3.129	0.341	15.806	0.749	1.0	1.0
24	6	58	2.774	0.425	17.258	1.897	1.0	1.0
24	6	55	2.516	0.57	18.452	1.546	1.0	1.0
24	6	52	2.194	0.402	21.032	2.714	1.0	1.0
24	6	49	1.71	0.529	24.667	3.763	0.968	0.968
24	6	46	0.194	0.543	33.5	6.245	0.129	0.129
24	6	43	0.0	0.0	nan	nan	0.0	0.0
24	6	40	0.0	0.0	nan	nan	0.0	0.0
24	6	37	0.0	0.0	nan	nan	0.0	0.0
24	6	34	0.0	0.0	nan	nan	0.0	0.0
24	6	31	0.0	0.0	nan	nan	0.0	0.0
24	6	28	0.0	0.0	nan	nan	0.0	0.0
25	6	100	5.581	0.502	10.065	0.25	1.0	1.0
25	6	97	5.387	0.495	10.355	0.551	1.0	1.0
25	6	94	5.065	0.25	10.581	0.564	1.0	1.0
25	6	91	5.0	0.0	10.935	0.359	1.0	1.0
25	6	88	5.0	0.0	11.032	0.407	1.0	1.0
25	6	85	4.968	0.18	11.161	0.454	1.0	1.0
25	6	82	4.871	0.341	11.226	0.425	1.0	1.0
25	6	79	4.355	0.486	11.839	0.454	1.0	1.0
25	6	76	4.065	0.25	11.935	0.512	1.0	1.0
25	6	73	4.0	0.0	12.452	0.506	1.0	1.0
25	6	70	4.0	0.0	12.774	0.425	1.0	1.0
25	6	67	3.968	0.18	13.452	0.624	1.0	1.0
25	6	64	3.581	0.502	14.065	0.629	1.0	1.0
25	6	61	3.452	0.506	14.677	0.653	1.0	1.0
25	6	58	3.032	0.18	15.613	0.882	1.0	1.0
25	6	55	2.903	0.301	17.032	1.11	1.0	1.0
25	6	52	2.548	0.506	18.452	1.434	1.0	1.0
25	6	49	1.935	0.442	22.677	2.495	1.0	1.0
25	6	46	1.467	0.629	27.897	5.453	0.903	0.935
25	6	43	0.467	0.819	30.333	5.339	0.258	0.29
25	6	40	0.0	0.0	nan	nan	0.0	0.0
25	6	37	0.0	0.0	nan	nan	0.0	0.0
25	6	34	0.0	0.0	nan	nan	0.0	0.0
25	6	31	0.0	0.0	nan	nan	0.0	0.0
25	6	28	0.0	0.0	nan	nan	0.0	0.0
26	6	100	4.161	0.374	11.032	0.18	1.0	1.0
26	6	97	3.968	0.18	11.161	0.374	1.0	1.0
26	6	94	4.0	0.0	11.355	0.486	1.0	1.0
26	6	91	3.903	0.301	11.581	0.502	1.0	1.0
26	6	88	3.677	0.475	11.935	0.359	1.0	1.0
26	6	85	3.226	0.425	12.065	0.359	1.0	1.0
26	6	82	3.29	0.461	12.516	0.508	1.0	1.0
26	6	79	3.032	0.18	13.0	0.365	1.0	1.0
26	6	76	3.0	0.0	13.516	0.508	1.0	1.0
26	6	73	2.871	0.341	13.871	0.619	1.0	1.0
26	6	70	2.677	0.475	14.581	0.807	1.0	1.0
26	6	67	2.452	0.506	15.452	0.768	1.0	1.0
26	6	64	2.129	0.341	16.387	0.715	1.0	1.0
26	6	61	1.774	0.425	17.613	0.989	1.0	1.0
26	6	58	1.387	0.495	18.903	1.535	1.0	1.0
26	6	55	0.929	0.466	22.148	2.568	0.774	0.871
26	6	52	0.357	0.488	24.462	1.898	0.323	0.419
26	6	49	0.0	0.0	nan	nan	0.0	0.0
26	6	46	0.0	0.0	nan	nan	0.0	0.0
26	6	43	0.0	0.0	nan	nan	0.0	0.0
26	6	40	0.0	0.0	nan	nan	0.0	0.0
26	6	37	0.0	0.0	nan	nan	0.0	0.0
26	6	34	0.0	0.0	nan	nan	0.0	0.0
26	6	31	0.0	0.0	nan	nan	0.0	0.0
26	6	28	0.0	0.0	nan	nan	0.0	0.0
27	6	100	4.0	0.0	12.0	0.0	1.0	1.0
27	6	97	4.032	0.18	12.161	0.374	1.0	1.0
27	6	94	4.0	0.0	12.194	0.402	1.0	1.0
27	6	91	3.968	0.18	12.774	0.497	1.0	1.0
27	6	88	3.839	0.374	13.065	0.359	1.0	1.0
27	6	85	3.71	0.461	13.355	0.486	1.0	1.0
27	6	82	3.226	0.425	13.903	0.396	1.0	1.0
27	6	79	3.129	0.341	14.258	0.682	1.0	1.0
27	6	76	3.032	0.18	14.774	0.762	1.0	1.0
27	6	73	3.0	0.0	15.355	0.839	1.0	1.0
27	6	70	3.0	0.0	15.968	0.752	1.0	1.0
27	6	67	2.839	0.523	17.097	1.248	1.0	1.0
27	6	64	2.032	0.706	19.0	1.549	1.0	1.0
27	6	61	1.433	0.504	21.968	4.111	0.968	1.0
27	6	58	0.871	0.562	24.292	3.223	0.774	0.774
27	6	55	0.161	0.374	26.4	4.159	0.161	0.161
27	6	52	0.0	0.0	nan	nan	0.0	0.0
27	6	49	0.0	0.0	nan	nan	0.0	0.0
27	6	46	0.0	0.0	nan	nan	0.0	0.0
27	6	43	0.0	0.0	nan	nan	0.0	0.0
27	6	40	0.0	0.0	nan	nan	0.0	0.0
27	6	37	0.0	0.0	nan	nan	0.0	0.0
27	6	34	0.0	0.0	nan	nan	0.0	0.0
27	6	31	0.0	0.0	nan	nan	0.0	0.0
27	6	28	0.0	0.0	nan	nan	0.0	0.0
28	6	100	4.194	0.402	11.387	0.495	1.0	1.0
28	6	97	4.032	0.18	11.645	0.486	1.0	1.0
28	6	94	4.0	0.0	11.903	0.301	1.0	1.0
28	6	91	4.0	0.0	12.065	0.359	1.0	1.0
28	6	88	3.806	0.402	12.29	0.461	1.0	1.0
28	6	85	3.871	0.341	12.581	0.564	1.0	1.0
28	6	82	3.71	0.461	12.806	0.402	1.0	1.0
28	6	79	3.355	0.486	13.258	0.514	1.0	1.0
28	6	76	3.0	0.0	13.742	0.514	1.0	1.0
28	6	73	3.0	0.0	14.226	0.425	1.0	1.0
28	6	70	3.032	0.18	15.065	0.892	1.0	1.0
28	6	67	3.0	0.0	15.774	0.884	1.0	1.0
28	6	64	2.806	0.477	16.548	1.06	1.0	1.0
28	6	61	2.452	0.675	17.645	1.279	1.0	1.0
28	6	58	1.516	0.626	19.226	1.746	1.0	1.0
28	6	55	1.065	0.359	22.333	2.383	0.968	0.968
28	6	52	0.867	0.346	26.37	3.894	0.839	0.871
28	6	49	0.167	0.379	31.5	3.886	0.161	0.194
28	6	46	0.0	0.0	nan	nan	0.0	0.0
28	6	43	0.0	0.0	nan	nan	0.0	0.0
28	6	40	0.0	0.0	nan	nan	0.0	0.0
28	6	37	0.0	0.0	nan	nan	0.0	0.0
28	6	34	0.0	0.0	nan	nan	0.0	0.0
28	6	31	0.0	0.0	nan	nan	0.0	0.0
28	6	28	0.0	0.0	nan	nan	0.0	0.0
29	6	100	5.387	0.495	9.968	0.18	1.0	1.0
29	6	97	5.129	0.341	10.097	0.301	1.0	1.0
29	6	94	5.097	0.301	10.452	0.506	1.0	1.0
29	6	91	5.032	0.18	10.516	0.508	1.0	1.0
29	6	88	4.839	0.374	10.677	0.475	1.0	1.0
29	6	85	4.548	0.506	10.968	0.407	1.0	1.0
29	6	82	4.387	0.495	11.065	0.25	1.0	1.0
29	6	79	4.065	0.25	11.258	0.445	1.0	1.0
29	6	76	4.0	0.258	11.613	0.495	1.0	1.0
29	6	73	3.903	0.301	11.903	0.473	1.0	1.0
29	6	70	3.742	0.445	12.387	0.615	1.0	1.0
29	6	67	3.452	0.506	12.581	0.564	1.0	1.0
29	6	64	3.065	0.25	13.355	0.755	1.0	1.0
29	6	61	3.032	0.18	13.871	0.846	1.0	1.0
29	6	58	3.0	0.0	14.29	0.902	1.0	1.0
29	6	55	2.581	0.502	15.613	0.989	1.0	1.0
29	6	52	2.194	0.654	17.032	2.041	1.0	1.0
29	6	49	1.645	0.608	18.484	1.768	1.0	1.0
29	6	46	1.143	0.525	21.967	3.409	0.871	0.968
29	6	43	0.714	0.535	22.909	2.223	0.613	0.71
29	6	40	0.032	0.18	26.0	0.0	0.032	0.032
29	6	37	0.0	0.0	nan	nan	0.0	0.0
29	6	34	0.0	0.0	nan	nan	0.0	0.0
29	6	31	0.0	0.0	nan	nan	0.0	0.0
29	6	28	0.0	0.0	nan	nan	0.0	0.0
30	6	100	4.226	0.425	11.0	0.0	1.0	1.0
30	6	97	4.032	0.18	11.032	0.18	1.0	1.0
30	6	94	4.032	0.18	11.226	0.56	1.0	1.0
30	6	91	4.032	0.18	11.742	0.631	1.0	1.0
30	6	88	4.0	0.0	11.774	0.497	1.0	1.0
30	6	85	3.935	0.25	12.0	0.258	1.0	1.0
30	6	82	3.774	0.425	12.484	0.508	1.0	1.0
30	6	79	3.29	0.461	12.742	0.445	1.0	1.0
30	6	76	3.129	0.341	13.065	0.442	1.0	1.0
30	6	73	3.0	0.0	13.516	0.57	1.0	1.0
30	6	70	3.0	0.0	14.226	0.617	1.0	1.0
30	6	67	3.0	0.0	14.839	0.638	1.0	1.0
30	6	64	2.903	0.301	15.71	1.346	1.0	1.0
30	6	61	2.839	0.454	16.677	1.077	1.0	1.0
30	6	58	2.097	0.831	18.387	1.978	1.0	1.0
30	6	55	1.355	0.661	20.484	2.111	1.0	1.0
30	6	52	1.033	0.183	24.613	3.383	0.968	1.0
30	6	49	0.29	0.461	27.111	2.759	0.29	0.29
30	6	46	0.0	0.0	nan	nan	0.0	0.0
30	6	43	0.0	0.0	nan	nan	0.0	0.0
30	6	40	0.0	0.0	nan	nan	0.0	0.0
30	6	37	0.0	0.0	nan	nan	0.0	0.0
30	6	34	0.0	0.0	nan	nan	0.0	0.0
30	6	31	0.0	0.0	nan	nan	0.0	0.0
30	6	28	0.0	0.0	nan	nan	0.0	0.0
31	6	100	5.0	0.0	11.161	0.374	1.0	1.0
31	6	97	4.903	0.301	11.516	0.508	1.0	1.0
31	6	94	4.935	0.359	11.742	0.445	1.0	1.0
31	6	91	4.645	0.486	12.0	0.0	1.0	1.0
31	6	88	4.419	0.502	12.0	0.0	1.0	1.0
31	6	85	4.065	0.25	12.419	0.502	1.0	1.0
31	6	82	4.0	0.0	12.871	0.562	1.0	1.0
31	6	79	4.0	0.0	13.097	0.396	1.0	1.0
31	6	76	3.968	0.18	13.548	0.568	1.0	1.0
31	6	73	3.806	0.402	14.032	0.605	1.0	1.0
31	6	70	3.29	0.461	14.516	0.769	1.0	1.0
31	6	67	3.065	0.25	14.968	0.836	1.0	1.0
31	6	64	3.0	0.258	16.387	0.803	1.0	1.0
31	6	61	2.806	0.402	17.097	1.076	1.0	1.0
31	6	58	2.0	0.365	20.613	2.261	1.0	1.0
31	6	55	1.71	0.529	22.806	2.562	1.0	1.0
31	6	52	1.321	0.772	27.692	4.748	0.742	0.839
31	6	49	0.1	0.403	29.667	5.686	0.065	0.097
31	6	46	0.0	0.0	nan	nan	0.0	0.0
31	6	43	0.0	0.0	nan	nan	0.0	0.0
31	6	40	0.0	0.0	nan	nan	0.0	0.0
31	6	37	0.0	0.0	nan	nan	0.0	0.0
31	6	34	0.0	0.0	nan	nan	0.0	0.0
31	6	31	0.0	0.0	nan	nan	0.0	0.0
31	6	28	0.0	0.0	nan	nan	0.0	0.0
0	7	100	3.484	0.508	12.516	0.508	1.0	1.0
0	7	97	3.355	0.486	12.839	0.523	1.0	1.0
0	7	94	3.161	0.374	12.839	0.374	1.0	1.0
0	7	91	3.032	0.18	13.419	0.502	1.0	1.0
0	7	88	3.0	0.0	13.677	0.599	1.0	1.0
0	7	85	3.0	0.0	14.065	0.629	1.0	1.0
0	7	82	2.774	0.425	14.581	0.564	1.0	1.0
0	7	79	2.452	0.506	15.452	0.723	1.0	1.0
0	7	76	2.226	0.425	15.645	0.877	1.0	1.0
0	7	73	1.903	0.301	16.613	1.308	1.0	1.0
0	7	70	1.548	0.506	18.226	1.146	1.0	1.0
0	7	67	1.226	0.425	19.29	1.657	1.0	1.0
0	7	64	0.929	0.262	21.207	2.077	0.839	0.935
0	7	61	0.357	0.488	24.308	1.437	0.323	0.419
0	7	58	0.032	0.18	31.0	0.0	0.032	0.032
0	7	55	0.0	0.0	nan	nan	0.0	0.0
0	7	52	0.0	0.0	nan	nan	0.0	0.0
0	7	49	0.0	0.0	nan	nan	0.0	0.0
0	7	46	0.0	0.0	nan	nan	0.0	0.0
0	7	43	0.0	0.0	nan	nan	0.0	0.0
0	7	40	0.0	0.0	nan	nan	0.0	0.0
0	7	37	0.0	0.0	nan	nan	0.0	0.0
0	7	34	0.0	0.0	nan	nan	0.0	0.0
0	7	31	0.0	0.0	nan	nan	0.0	0.0
0	7	28	0.0	0.0	nan	nan	0.0	0.0
1	7	100	5.806	0.402	11.161	0.374	1.0	1.0
1	7	97	5.419	0.502	11.452	0.568	1.0	1.0
1	7	94	5.129	0.341	11.871	0.341	1.0	1.0
1	7	91	5.0	0.0	12.0	0.365	1.0	1.0
1	7	88	4.968	0.18	12.065	0.442	1.0	1.0
1	7	85	4.871	0.341	12.452	0.506	1.0	1.0
1	7	82	4.645	0.486	13.032	0.482	1.0	1.0
1	7	79	4.129	0.341	13.29	0.529	1.0	1.0
1	7	76	4.258	0.445	13.516	0.677	1.0	1.0
1	7	73	4.0	0.0	13.968	0.795	1.0	1.0
1	7	70	3.871	0.341	14.806	0.792	1.0	1.0
1	7	67	3.677	0.475	15.419	0.848	1.0	1.0
1	7	64	3.194	0.601	16.516	1.061	1.0	1.0
1	7	61	2.806	0.477	17.484	1.338	1.0	1.0
1	7	58	2.387	0.558	19.194	2.12	1.0	1.0
1	7	55	2.065	0.442	21.097	1.938	1.0	1.0
1	7	52	1.774	0.56	24.3	3.807	0.968	0.968
1	7	49	1.433	0.626	27.0	2.988	0.903	0.935
1	7	46	0.267	0.45	31.111	4.512	0.258	0.29
1	7	43	0.0	0.0	38.0	0.0	0.0	0.032
1	7	40	0.0	0.0	nan	nan	0.0	0.0
1	7	37	0.0	0.0	nan	nan	0.0	0.0
1	7	34	0.0	0.0	nan	nan	0.0	0.0
1	7	31	0.0	0.0	nan	nan	0.0	0.0
1	7	28	0.0	0.0	nan	nan	0.0	0.0
2	7	100	3.0	0.0	12.032	0.407	1.0	1.0
2	7	97	3.032	0.18	12.097	0.301	1.0	1.0
2	7	94	3.0	0.0	12.645	0.551	1.0	1.0
2	7	91	2.806	0.402	12.903	0.396	1.0	1.0
2	7	88	2.516	0.508	13.258	0.631	1.0	1.0
2	7	85	2.484	0.508	13.613	0.558	1.0	1.0
2	7	82	2.0	0.0	14.226	0.762	1.0	1.0
2	7	79	2.0	0.0	14.742	0.514	1.0	1.0
2	7	76	2.0	0.0	15.258	0.631	1.0	1.0
2	7	73	1.968	0.18	15.806	0.98	1.0	1.0
2	7	70	1.862	0.351	17.194	1.424	0.935	1.0
2	7	67	1.5	0.509	18.645	1.959	0.903	1.0
2	7	64	0.579	0.507	20.13	2.38	0.355	0.742
2	7	61	0.0	0.0	24.0	0.0	0.0	0.032
2	7	58	0.0	0.0	nan	nan	0.0	0.0
2	7	55	0.0	0.0	nan	nan	0.0	0.0
2	7	52	0.0	0.0	nan	nan	0.0	0.0
2	7	49	0.0	0.0	nan	nan	0.0	0.0
2	7	46	0.0	0.0	nan	nan	0.0	0.0
2	7	43	0.0	0.0	nan	nan	0.0	0.0
2	7	40	0.0	0.0	nan	nan	0.0	0.0
2	7	37	0.0	0.0	nan	nan	0.0	0.0
2	7	34	0.0	0.0	nan	nan	0.0	0.0
2	7	31	0.0	0.0	nan	nan	0.0	0.0
2	7	28	0.0	0.0	nan	nan	0.0	0.0
3	7	100	3.0	0.0	11.71	0.461	1.0	1.0
3	7	97	3.0	0.0	11.935	0.25	1.0	1.0
3	7	94	3.0	0.0	12.097	0.301	1.0	1.0
3	7	91	3.0	0.0	12.452	0.568	1.0	1.0
3	7	88	3.0	0.0	12.806	0.402	1.0	1.0
3	7	85	2.968	0.18	13.194	0.402	1.0	1.0
3	7	82	2.839	0.374	13.774	0.717	1.0	1.0
3	7	79	2.677	0.475	14.0	0.632	1.0	1.0
3	7	76	2.258	0.445	14.71	0.693	1.0	1.0
3	7	73	1.968	0.18	15.645	0.95	1.0	1.0
3	7	70	2.0	0.0	16.581	0.807	1.0	1.0
3	7	67	1.645	0.486	18.258	1.483	1.0	1.0
3	7	64	1.258	0.445	20.032	2.496	1.0	1.0
3	7	61	0.897	0.409	23.185	2.975	0.806	0.871
3	7	58	0.0	0.0	nan	nan	0.0	0.0
3	7	55	0.0	0.0	nan	nan	0.0	0.0
3	7	52	0.0	0.0	nan	nan	0.0	0.0
3	7	49	0.0	0.0	nan	nan	0.0	0.0
3	7	46	0.0	0.0	nan	nan	0.0	0.0
3	7	43	0.0	0.0	nan	nan	0.0	0.0
3	7	40	0.0	0.0	nan	nan	0.0	0.0
3	7	37	0.0	0.0	nan	nan	0.0	0.0
3	7	34	0.0	0.0	nan	nan	0.0	0.0
3	7	31	0.0	0.0	nan	nan	0.0	0.0
3	7	28	0.0	0.0	nan	nan	0.0	0.0
4	7	100	4.0	0.0	11.839	0.374	1.0	1.0
4	7	97	4.0	0.0	12.032	0.18	1.0	1.0
4	7	94	3.935	0.25	12.226	0.425	1.0	1.0
4	7	91	3.806	0.402	12.548	0.506	1.0	1.0
4	7	88	3.452	0.506	12.806	0.402	1.0	1.0
4	7	85	3.194	0.402	13.0	0.365	1.0	1.0
4	7	82	3.032	0.18	13.581	0.564	1.0	1.0
4	7	79	3.0	0.0	14.0	0.447	1.0	1.0
4	7	76	2.968	0.18	14.387	0.615	1.0	1.0
4	7	73	2.806	0.402	15.194	0.792	1.0	1.0
4	7	70	2.548	0.506	15.677	0.832	1.0	1.0
4	7	67	2.355	0.486	16.71	0.938	1.0	1.0
4	7	64	1.742	0.575	17.871	1.432	1.0	1.0
4	7	61	1.29	0.529	19.2	1.669	0.968	0.968
4	7	58	0.933	0.254	22.31	2.377	0.903	0.935
4	7	55	0.2	0.408	25.455	2.583	0.161	0.355
4	7	52	0.0	0.0	nan	nan	0.0	0.0
4	7	49	0.0	0.0	nan	nan	0.0	0.0
4	7	46	0.0	0.0	nan	nan	0.0	0.0
4	7	43	0.0	0.0	nan	nan	0.0	0.0
4	7	40	0.0	0.0	nan	nan	0.0	0.0
4	7	37	0.0	0.0	nan	nan	0.0	0.0
4	7	34	0.0	0.0	nan	nan	0.0	0.0
4	7	31	0.0	0.0	nan	nan	0.0	0.0
4	7	28	0.0	0.0	nan	nan	0.0	0.0
5	7	100	4.0	0.0	12.129	0.428	1.0	1.0
5	7	97	3.968	0.18	12.387	0.495	1.0	1.0
5	7	94	3.71	0.461	12.645	0.486	1.0	1.0
5	7	91	3.258	0.445	13.032	0.407	1.0	1.0
5	7	88	3.097	0.301	13.387	0.495	1.0	1.0
5	7	85	3.0	0.0	13.774	0.497	1.0	1.0
5	7	82	3.032	0.18	14.194	0.703	1.0	1.0
5	7	79	2.806	0.402	15.0	0.632	1.0	1.0
5	7	76	2.613	0.495	15.452	0.888	1.0	1.0
5	7	73	2.323	0.475	16.516	0.677	1.0	1.0
5	7	70	1.742	0.575	17.742	1.125	1.0	1.0
5	7	67	1.355	0.486	18.968	1.14	1.0	1.0
5	7	64	1.143	0.356	21.452	2.307	0.903	1.0
5	7	61	0.654	0.485	24.182	2.343	0.548	0.71
5	7	58	0.0	0.0	27.0	0.0	0.0	0.032
5	7	55	0.0	0.0	nan	nan	0.0	0.0
5	7	52	0.0	0.0	nan	nan	0.0	0.0
5	7	49	0.0	0.0	nan	nan	0.0	0.0
5	7	46	0.0	0.0	nan	nan	0.0	0.0
5	7	43	0.0	0.0	nan	nan	0.0	0.0
5	7	40	0.0	0.0	nan	nan	0.0	0.0
5	7	37	0.0	0.0	nan	nan	0.0	0.0
5	7	34	0.0	0.0	nan	nan	0.0	0.0
5	7	31	0.0	0.0	nan	nan	0.0	0.0
5	7	28	0.0	0.0	nan	nan	0.0	0.0
6	7	100	5.0	0.0	11.387	0.558	1.0	1.0
6	7	97	5.0	0.0	11.774	0.497	1.0	1.0
6	7	94	4.935	0.25	11.935	0.359	1.0	1.0
6	7	91	4.742	0.445	11.968	0.315	1.0	1.0
6	7	88	4.194	0.402	12.226	0.425	1.0	1.0
6	7	85	4.065	0.25	12.548	0.675	1.0	1.0
6	7	82	4.0	0.0	13.0	0.365	1.0	1.0
6	7	79	4.0	0.0	13.258	0.575	1.0	1.0
6	7	76	3.968	0.18	13.742	0.514	1.0	1.0
6	7	73	3.71	0.461	14.258	0.575	1.0	1.0
6	7	70	3.387	0.495	14.774	0.617	1.0	1.0
6	7	67	3.097	0.301	15.452	0.768	1.0	1.0
6	7	64	3.032	0.18	16.355	0.709	1.0	1.0
6	7	61	2.871	0.341	17.258	0.729	1.0	1.0
6	7	58	2.355	0.486	19.194	1.701	1.0	1.0
6	7	55	1.839	0.374	22.484	2.264	1.0	1.0
6	7	52	1.286	0.659	26.607	4.764	0.806	0.903
6	7	49	0.857	0.705	28.682	4.805	0.613	0.71
6	7	46	0.032	0.18	29.0	0.0	0.032	0.032
6	7	43	0.0	0.0	nan	nan	0.0	0.0
6	7	40	0.0	0.0	nan	nan	0.0	0.0
6	7	37	0.0	0.0	nan	nan	0.0	0.0
6	7	34	0.0	0.0	nan	nan	0.0	0.0
6	7	31	0.0	0.0	nan	nan	0.0	0.0
6	7	28	0.0	0.0	nan	nan	0.0	0.0
7	7	100	4.0	0.0	11.645	0.486	1.0	1.0
7	7	97	3.968	0.18	11.935	0.25	1.0	1.0
7	7	94	4.0	0.0	12.065	0.442	1.0	1.0
7	7	91	3.871	0.341	12.452	0.506	1.0	1.0
7	7	88	3.613	0.495	12.903	0.473	1.0	1.0
7	7	85	3.258	0.445	13.226	0.497	1.0	1.0
7	7	82	3.097	0.301	13.613	0.667	1.0	1.0
7	7	79	3.0	0.258	14.452	0.675	1.0	1.0
7	7	76	2.968	0.18	14.871	0.562	1.0	1.0
7	7	73	2.903	0.301	15.419	0.672	1.0	1.0
7	7	70	2.71	0.461	16.29	1.006	1.0	1.0
7	7	67	2.226	0.56	17.226	1.055	1.0	1.0
7	7	64	1.29	0.461	19.452	1.434	1.0	1.0
7	7	61	1.1	0.305	20.839	2.354	0.968	1.0
7	7	58	0.933	0.254	23.207	2.366	0.903	0.935
7	7	55	0.067	0.254	28.333	2.082	0.065	0.097
7	7	52	0.0	0.0	nan	nan	0.0	0.0
7	7	49	0.0	0.0	nan	nan	0.0	0.0
7	7	46	0.0	0.0	nan	nan	0.0	0.0
7	7	43	0.0	0.0	nan	nan	0.0	0.0
7	7	40	0.0	0.0	nan	nan	0.0	0.0
7	7	37	0.0	0.0	nan	nan	0.0	0.0
7	7	34	0.0	0.0	nan	nan	0.0	0.0
7	7	31	0.0	0.0	nan	nan	0.0	0.0
7	7	28	0.0	0.0	nan	nan	0.0	0.0
8	7	100	5.032	0.18	9.935	0.25	1.0	1.0
8	7	97	5.0	0.0	9.968	0.18	1.0	1.0
8	7	94	4.903	0.301	10.194	0.402	1.0	1.0
8	7	91	4.774	0.425	10.452	0.506	1.0	1.0
8	7	88	4.258	0.445	10.742	0.445	1.0	1.0
8	7	85	4.129	0.341	11.032	0.605	1.0	1.0
8	7	82	4.0	0.258	11.161	0.374	1.0	1.0
8	7	79	4.0	0.0	11.516	0.724	1.0	1.0
8	7	76	3.935	0.25	11.774	0.425	1.0	1.0
8	7	73	3.935	0.25	11.968	0.547	1.0	1.0
8	7	70	3.516	0.508	12.516	0.626	1.0	1.0
8	7	67	3.258	0.445	12.903	0.7	1.0	1.0
8	7	64	3.0	0.0	13.677	0.653	1.0	1.0
8	7	61	3.032	0.18	14.355	0.709	1.0	1.0
8	7	58	2.903	0.301	15.484	1.151	1.0	1.0
8	7	55	2.548	0.675	16.903	1.989	1.0	1.0
8	7	52	1.903	0.87	19.097	3.409	1.0	1.0
8	7	49	1.194	0.402	21.516	2.58	1.0	1.0
8	7	46	0.774	0.425	25.458	3.611	0.774	0.774
8	7	43	0.161	0.374	28.2	4.919	0.161	0.161
8	7	40	0.0	0.0	nan	nan	0.0	0.0
8	7	37	0.0	0.0	nan	nan	0.0	0.0
8	7	34	0.0	0.0	nan	nan	0.0	0.0
8	7	31	0.0	0.0	nan	nan	0.0	0.0
8	7	28	0.0	0.0	nan	nan	0.0	0.0
9	7	100	4.968	0.18	10.968	0.18	1.0	1.0
9	7	97	4.742	0.445	10.968	0.18	1.0	1.0
9	7	94	4.581	0.502	11.097	0.301	1.0	1.0
9	7	91	4.097	0.301	11.548	0.624	1.0	1.0
9	7	88	4.0	0.0	11.71	0.461	1.0	1.0
9	7	85	4.0	0.0	11.935	0.359	1.0	1.0
9	7	82	3.968	0.18	12.29	0.461	1.0	1.0
9	7	79	3.806	0.402	12.677	0.541	1.0	1.0
9	7	76	3.323	0.475	13.097	0.539	1.0	1.0
9	7	73	3.097	0.301	13.806	0.543	1.0	1.0
9	7	70	3.0	0.0	14.258	0.893	1.0	1.0
9	7	67	3.0	0.0	14.903	0.597	1.0	1.0
9	7	64	2.871	0.341	15.935	1.063	1.0	1.0
9	7	61	2.548	0.723	16.968	1.224	1.0	1.0
9	7	58	1.613	0.667	19.194	1.642	1.0	1.0
9	7	55	1.032	0.407	22.586	2.745	0.935	0.935
9	7	52	0.903	0.301	25.143	2.902	0.903	0.903
9	7	49	0.0	0.0	nan	nan	0.0	0.0
9	7	46	0.0	0.0	nan	nan	0.0	0.0
9	7	43	0.0	0.0	nan	nan	0.0	0.0
9	7	40	0.0	0.0	nan	nan	0.0	0.0
9	7	37	0.0	0.0	nan	nan	0.0	0.0
9	7	34	0.0	0.0	nan	nan	0.0	0.0
9	7	31	0.0	0.0	nan	nan	0.0	0.0
9	7	28	0.0	0.0	nan	nan	0.0	0.0
10	7	100	3.29	0.461	11.968	0.18	1.0	1.0
10	7	97	3.065	0.25	12.226	0.497	1.0	1.0
10	7	94	3.032	0.18	12.419	0.564	1.0	1.0
10	7	91	3.0	0.0	12.742	0.445	1.0	1.0
10	7	88	3.0	0.0	12.968	0.407	1.0	1.0
10	7	85	3.0	0.0	13.29	0.461	1.0	1.0
10	7	82	2.613	0.495	13.71	0.588	1.0	1.0
10	7	79	2.516	0.508	14.29	0.693	1.0	1.0
10	7	76	2.161	0.374	14.71	0.693	1.0	1.0
10	7	73	2.032	0.18	15.742	1.064	1.0	1.0
10	7	70	2.0	0.0	16.355	0.877	1.0	1.0
10	7	67	1.677	0.475	17.613	1.358	1.0	1.0
10	7	64	1.5	0.509	18.323	1.137	0.968	1.0
10	7	61	1.037	0.192	21.484	2.143	0.871	1.0
10	7	58	0.481	0.509	24.176	2.506	0.419	0.548
10	7	55	0.032	0.18	23.0	0.0	0.032	0.032
10	7	52	0.0	0.0	nan	nan	0.0	0.0
10	7	49	0.0	0.0	nan	nan	0.0	0.0
10	7	46	0.0	0.0	nan	nan	0.0	0.0
10	7	43	0.0	0.0	nan	nan	0.0	0.0
10	7	40	0.0	0.0	nan	nan	0.0	0.0
10	7	37	0.0	0.0	nan	nan	0.0	0.0
10	7	34	0.0	0.0	nan	nan	0.0	0.0
10	7	31	0.0	0.0	nan	nan	0.0	0.0
10	7	28	0.0	0.0	nan	nan	0.0	0.0
11	7	100	4.0	0.0	10.935	0.25	1.0	1.0
11	7	97	4.0	0.0	11.032	0.18	1.0	1.0
11	7	94	3.935	0.25	11.065	0.25	1.0	1.0
11	7	91	3.742	0.445	11.194	0.477	1.0	1.0
11	7	88	3.516	0.508	11.645	0.486	1.0	1.0
11	7	85	3.097	0.301	11.968	0.315	1.0	1.0
11	7	82	3.0	0.0	12.194	0.402	1.0	1.0
11	7	79	3.0	0.0	12.516	0.508	1.0	1.0
11	7	76	3.0	0.0	13.0	0.632	1.0	1.0
11	7	73	2.968	0.18	13.484	0.508	1.0	1.0
11	7	70	2.935	0.25	13.806	0.654	1.0	1.0
11	7	67	2.645	0.486	14.452	0.675	1.0	1.0
11	7	64	2.387	0.495	15.194	0.91	1.0	1.0
11	7	61	2.097	0.396	16.29	0.902	1.0	1.0
11	7	58	1.71	0.461	17.516	1.503	1.0	1.0
11	7	55	1.097	0.301	20.839	2.002	1.0	1.0
11	7	52	0.69	0.471	24.318	2.495	0.645	0.71
11	7	49	0.129	0.341	22.5	1.915	0.129	0.129
11	7	46	0.0	0.0	nan	nan	0.0	0.0
11	7	43	0.0	0.0	nan	nan	0.0	0.0
11	7	40	0.0	0.0	nan	nan	0.0	0.0
11	7	37	0.0	0.0	nan	nan	0.0	0.0
11	7	34	0.0	0.0	nan	nan	0.0	0.0
11	7	31	0.0	0.0	nan	nan	0.0	0.0
11	7	28	0.0	0.0	nan	nan	0.0	0.0
12	7	100	4.516	0.508	12.097	0.301	1.0	1.0
12	7	97	4.258	0.445	12.452	0.506	1.0	1.0
12	7	94	4.032	0.18	12.903	0.301	1.0	1.0
12	7	91	4.0	0.0	13.065	0.359	1.0	1.0
12	7	88	4.0	0.0	13.516	0.724	1.0	1.0
12	7	85	3.968	0.18	13.968	0.482	1.0	1.0
12	7	82	3.677	0.475	14.29	0.643	1.0	1.0
12	7	79	3.226	0.425	14.968	0.407	1.0	1.0
12	7	76	3.065	0.25	15.452	0.81	1.0	1.0
12	7	73	3.032	0.18	16.387	0.761	1.0	1.0
12	7	70	2.806	0.402	17.419	0.992	1.0	1.0
12	7	67	2.355	0.486	18.71	1.16	1.0	1.0
12	7	64	1.871	0.428	20.968	1.906	1.0	1.0
12	7	61	1.129	0.341	24.258	2.633	1.0	1.0
12	7	58	0.806	0.402	27.2	3.253	0.806	0.806
12	7	55	0.133	0.346	30.4	5.727	0.129	0.161
12	7	52	0.0	0.0	nan	nan	0.0	0.0
12	7	49	0.0	0.0	nan	nan	0.0	0.0
12	7	46	0.0	0.0	nan	nan	0.0	0.0
12	7	43	0.0	0.0	nan	nan	0.0	0.0
12	7	40	0.0	0.0	nan	nan	0.0	0.0
12	7	37	0.0	0.0	nan	nan	0.0	0.0
12	7	34	0.0	0.0	nan	nan	0.0	0.0
12	7	31	0.0	0.0	nan	nan	0.0	0.0
12	7	28	0.0	0.0	nan	nan	0.0	0.0
13	7	100	3.968	0.18	11.806	0.402	1.0	1.0
13	7	97	3.742	0.445	12.0	0.258	1.0	1.0
13	7	94	3.29	0.461	12.419	0.564	1.0	1.0
13	7	91	3.129	0.341	12.677	0.475	1.0	1.0
13	7	88	3.032	0.18	12.968	0.605	1.0	1.0
13	7	85	3.0	0.0	13.516	0.508	1.0	1.0
13	7	82	2.839	0.374	14.0	0.447	1.0	1.0
13	7	79	2.774	0.425	14.71	0.643	1.0	1.0
13	7	76	2.387	0.495	15.097	0.473	1.0	1.0
13	7	73	2.161	0.454	15.968	1.048	1.0	1.0
13	7	70	1.871	0.341	17.065	0.929	1.0	1.0
13	7	67	1.548	0.506	18.129	1.118	1.0	1.0
13	7	64	1.107	0.497	20.103	1.988	0.839	0.935
13	7	61	0.769	0.514	21.792	1.865	0.613	0.774
13	7	58	0.0	0.0	25.0	0.0	0.0	0.032
13	7	55	0.0	0.0	nan	nan	0.0	0.0
13	7	52	0.0	0.0	nan	nan	0.0	0.0
13	7	49	0.0	0.0	nan	nan	0.0	0.0
13	7	46	0.0	0.0	nan	nan	0.0	0.0
13	7	43	0.0	0.0	nan	nan	0.0	0.0
13	7	40	0.0	0.0	nan	nan	0.0	0.0
13	7	37	0.0	0.0	nan	nan	0.0	0.0
13	7	34	0.0	0.0	nan	nan	0.0	0.0
13	7	31	0.0	0.0	nan	nan	0.0	0.0
13	7	28	0.0	0.0	nan	nan	0.0	0.0
14	7	100	4.645	0.486	11.774	0.425	1.0	1.0
14	7	97	4.258	0.445	11.839	0.374	1.0	1.0
14	7	94	4.129	0.341	11.903	0.301	1.0	1.0
14	7	91	4.0	0.0	12.097	0.396	1.0	1.0
14	7	88	3.935	0.25	12.323	0.475	1.0	1.0
14	7	85	4.0	0.0	12.806	0.477	1.0	1.0
14	7	82	3.968	0.18	13.097	0.396	1.0	1.0
14	7	79	3.645	0.486	13.258	0.445	1.0	1.0
14	7	76	3.29	0.461	13.935	0.442	1.0	1.0
14	7	73	3.065	0.25	14.419	0.502	1.0	1.0
14	7	70	3.0	0.0	15.129	0.562	1.0	1.0
14	7	67	2.968	0.18	15.613	1.476	1.0	1.0
14	7	64	2.935	0.25	16.581	0.992	1.0	1.0
14	7	61	2.71	0.461	17.774	1.431	1.0	1.0
14	7	58	2.032	0.706	19.806	2.286	1.0	1.0
14	7	55	1.167	0.461	24.7	3.687	0.935	0.968
14	7	52	0.643	0.559	26.7	5.09	0.548	0.645
14	7	49	0.032	0.18	33.0	0.0	0.032	0.032
14	7	46	0.0	0.0	nan	nan	0.0	0.0
14	7	43	0.0	0.0	nan	nan	0.0	0.0
14	7	40	0.0	0.0	nan	nan	0.0	0.0
14	7	37	0.0	0.0	nan	nan	0.0	0.0
14	7	34	0.0	0.0	nan	nan	0.0	0.0
14	7	31	0.0	0.0	nan	nan	0.0	0.0
14	7	28	0.0	0.0	nan	nan	0.0	0.0
15	7	100	5.032	0.18	10.613	0.495	1.0	1.0
15	7	97	4.968	0.18	10.806	0.402	1.0	1.0
15	7	94	4.806	0.402	10.903	0.301	1.0	1.0
15	7	91	4.613	0.495	11.032	0.18	1.0	1.0
15	7	88	4.194	0.402	11.161	0.454	1.0	1.0
15	7	85	4.129	0.341	11.419	0.564	1.0	1.0
15	7	82	4.032	0.18	11.677	0.541	1.0	1.0
15	7	79	3.968	0.18	11.935	0.359	1.0	1.0
15	7	76	3.935	0.359	12.194	0.477	1.0	1.0
15	7	73	3.677	0.475	12.484	0.508	1.0	1.0
15	7	70	3.581	0.502	12.968	0.482	1.0	1.0
15	7	67	3.032	0.315	13.29	0.643	1.0	1.0
15	7	64	3.032	0.18	13.871	0.619	1.0	1.0
15	7	61	2.935	0.25	14.806	0.98	1.0	1.0
15	7	58	2.935	0.359	15.032	0.547	1.0	1.0
15	7	55	2.323	0.599	15.806	1.195	1.0	1.0
15	7	52	1.968	0.657	17.355	1.226	1.0	1.0
15	7	49	1.355	0.486	19.387	1.706	1.0	1.0
15	7	46	0.828	0.468	22.48	3.293	0.742	0.806
15	7	43	0.214	0.418	24.667	2.872	0.194	0.29
15	7	40	0.0	0.0	nan	nan	0.0	0.0
15	7	37	0.0	0.0	nan	nan	0.0	0.0
15	7	34	0.0	0.0	nan	nan	0.0	0.0
15	7	31	0.0	0.0	nan	nan	0.0	0.0
15	7	28	0.0	0.0	nan	nan	0.0	0.0
16	7	100	5.71	0.461	11.323	0.475	1.0	1.0
16	7	97	5.548	0.506	11.452	0.568	1.0	1.0
16	7	94	5.226	0.425	11.903	0.301	1.0	1.0
16	7	91	5.032	0.18	11.968	0.407	1.0	1.0
16	7	88	4.968	0.18	12.161	0.523	1.0	1.0
16	7	85	4.839	0.374	12.548	0.506	1.0	1.0
16	7	82	4.581	0.502	12.742	0.514	1.0	1.0
16	7	79	4.258	0.445	13.226	0.497	1.0	1.0
16	7	76	4.065	0.25	13.484	0.508	1.0	1.0
16	7	73	3.935	0.25	14.194	0.477	1.0	1.0
16	7	70	3.871	0.341	14.806	0.654	1.0	1.0
16	7	67	3.677	0.475	15.258	0.773	1.0	1.0
16	7	64	3.129	0.499	16.613	1.116	1.0	1.0
16	7	61	2.935	0.512	17.29	1.243	1.0	1.0
16	7	58	2.258	0.631	18.871	1.432	1.0	1.0
16	7	55	1.774	0.497	21.806	2.056	1.0	1.0
16	7	52	1.31	0.761	23.667	3.913	0.806	0.871
16	7	49	0.767	0.728	27.105	3.68	0.581	0.613
16	7	46	0.097	0.301	31.333	0.577	0.097	0.097
16	7	43	0.0	0.0	nan	nan	0.0	0.0
16	7	40	0.0	0.0	nan	nan	0.0	0.0
16	7	37	0.0	0.0	nan	nan	0.0	0.0
16	7	34	0.0	0.0	nan	nan	0.0	0.0
16	7	31	0.0	0.0	nan	nan	0.0	0.0
16	7	28	0.0	0.0	nan	nan	0.0	0.0
17	7	100	4.452	0.506	11.0	0.0	1.0	1.0
17	7	97	4.129	0.341	11.065	0.359	1.0	1.0
17	7	94	4.032	0.18	11.355	0.486	1.0	1.0
17	7	91	4.0	0.0	11.774	0.425	1.0	1.0
17	7	88	4.0	0.0	11.871	0.428	1.0	1.0
17	7	85	4.0	0.0	12.065	0.512	1.0	1.0
17	7	82	3.871	0.341	12.387	0.495	1.0	1.0
17	7	79	3.774	0.425	12.968	0.482	1.0	1.0
17	7	76	3.226	0.425	13.29	0.529	1.0	1.0
17	7	73	3.065	0.25	13.871	0.619	1.0	1.0
17	7	70	3.0	0.0	14.323	0.541	1.0	1.0
17	7	67	2.935	0.25	15.484	1.262	1.0	1.0
17	7	64	2.968	0.18	16.097	1.136	1.0	1.0
17	7	61	2.677	0.541	16.968	1.354	1.0	1.0
17	7	58	2.129	0.67	19.129	1.668	1.0	1.0
17	7	55	1.129	0.341	22.097	2.166	1.0	1.0
17	7	52	0.346	0.485	27.357	6.084	0.29	0.452
17	7	49	0.065	0.25	26.5	2.121	0.065	0.065
17	7	46	0.0	0.0	nan	nan	0.0	0.0
17	7	43	0.0	0.0	nan	nan	0.0	0.0
17	7	40	0.0	0.0	nan	nan	0.0	0.0
17	7	37	0.0	0.0	nan	nan	0.0	0.0
17	7	34	0.0	0.0	nan	nan	0.0	0.0
17	7	31	0.0	0.0	nan	nan	0.0	0.0
17	7	28	0.0	0.0	nan	nan	0.0	0.0
18	7	100	3.194	0.402	11.968	0.18	1.0	1.0
18	7	97	3.0	0.0	12.065	0.25	1.0	1.0
18	7	94	3.0	0.0	12.387	0.667	1.0	1.0
18	7	91	3.0	0.0	12.903	0.396	1.0	1.0
18	7	88	2.935	0.25	13.065	0.25	1.0	1.0
18	7	85	2.935	0.25	13.484	0.626	1.0	1.0
18	7	82	2.581	0.502	14.0	0.577	1.0	1.0
18	7	79	2.161	0.374	14.452	0.506	1.0	1.0
18	7	76	2.0	0.0	14.935	0.629	1.0	1.0
18	7	73	1.968	0.18	15.742	0.93	1.0	1.0
18	7	70	1.968	0.18	16.29	1.189	1.0	1.0
18	7	67	1.774	0.497	17.467	1.252	0.968	0.968
18	7	64	1.267	0.521	19.167	1.913	0.935	0.968
18	7	61	0.524	0.512	22.381	2.418	0.355	0.677
18	7	58	0.148	0.362	23.625	2.134	0.129	0.258
18	7	55	0.0	0.0	nan	nan	0.0	0.0
18	7	52	0.0	0.0	nan	nan	0.0	0.0
18	7	49	0.0	0.0	nan	nan	0.0	0.0
18	7	46	0.0	0.0	nan	nan	0.0	0.0
18	7	43	0.0	0.0	nan	nan	0.0	0.0
18	7	40	0.0	0.0	nan	nan	0.0	0.0
18	7	37	0.0	0.0	nan	nan	0.0	0.0
18	7	34	0.0	0.0	nan	nan	0.0	0.0
18	7	31	0.0	0.0	nan	nan	0.0	0.0
18	7	28	0.0	0.0	nan	nan	0.0	0.0
19	7	100	4.0	0.0	11.323	0.475	1.0	1.0
19	7	97	3.968	0.18	11.581	0.502	1.0	1.0
19	7	94	3.968	0.18	12.0	0.0	1.0	1.0
19	7	91	4.0	0.0	12.0	0.258	1.0	1.0
19	7	88	3.516	0.508	12.258	0.445	1.0	1.0
19	7	85	3.581	0.502	12.71	0.461	1.0	1.0
19	7	82	3.129	0.341	13.065	0.442	1.0	1.0
19	7	79	3.032	0.18	13.387	0.558	1.0	1.0
19	7	76	3.0	0.0	13.903	0.597	1.0	1.0
19	7	73	2.903	0.301	14.355	0.551	1.0	1.0
19	7	70	2.839	0.374	15.032	0.605	1.0	1.0
19	7	67	2.484	0.508	15.935	0.892	1.0	1.0
19	7	64	2.226	0.425	16.871	0.763	1.0	1.0
19	7	61	1.71	0.529	18.0	1.238	1.0	1.0
19	7	58	1.194	0.477	20.097	1.904	1.0	1.0
19	7	55	1.069	0.371	22.267	3.619	0.903	0.968
19	7	52	0.519	0.509	24.5	2.333	0.452	0.581
19	7	49	0.0	0.0	27.0	0.0	0.0	0.032
19	7	46	0.0	0.0	nan	nan	0.0	0.0
19	7	43	0.0	0.0	nan	nan	0.0	0.0
19	7	40	0.0	0.0	nan	nan	0.0	0.0
19	7	37	0.0	0.0	nan	nan	0.0	0.0
19	7	34	0.0	0.0	nan	nan	0.0	0.0
19	7	31	0.0	0.0	nan	nan	0.0	0.0
19	7	28	0.0	0.0	nan	nan	0.0	0.0
20	7	100	4.065	0.25	11.0	0.0	1.0	1.0
20	7	97	4.032	0.18	11.032	0.18	1.0	1.0
20	7	94	4.0	0.0	11.387	0.495	1.0	1.0
20	7	91	3.968	0.18	11.484	0.57	1.0	1.0
20	7	88	3.935	0.25	11.871	0.341	1.0	1.0
20	7	85	3.548	0.506	11.839	0.374	1.0	1.0
20	7	82	3.258	0.445	12.129	0.341	1.0	1.0
20	7	79	3.032	0.18	12.677	0.475	1.0	1.0
20	7	76	3.0	0.0	13.065	0.359	1.0	1.0
20	7	73	3.0	0.0	13.452	0.624	1.0	1.0
20	7	70	2.935	0.25	14.129	0.619	1.0	1.0
20	7	67	2.71	0.461	14.581	0.672	1.0	1.0
20	7	64	2.323	0.475	15.613	0.761	1.0	1.0
20	7	61	1.968	0.315	16.548	1.179	1.0	1.0
20	7	58	1.71	0.461	17.839	1.214	1.0	1.0
20	7	55	1.2	0.407	20.871	4.365	0.968	1.0
20	7	52	0.69	0.541	22.905	2.548	0.613	0.677
20	7	49	0.167	0.379	24.667	2.944	0.161	0.194
20	7	46	0.032	0.18	26.0	0.0	0.032	0.032
20	7	43	0.0	0.0	nan	nan	0.0	0.0
20	7	40	0.0	0.0	nan	nan	0.0	0.0
20	7	37	0.0	0.0	nan	nan	0.0	0.0
20	7	34	0.0	0.0	nan	nan	0.0	0.0
20	7	31	0.0	0.0	nan	nan	0.0	0.0
20	7	28	0.0	0.0	nan	nan	0.0	0.0
21	7	100	3.161	0.374	11.774	0.497	1.0	1.0
21	7	97	3.0	0.0	12.0	0.365	1.0	1.0
21	7	94	3.0	0.0	12.065	0.25	1.0	1.0
21	7	91	3.0	0.0	12.419	0.564	1.0	1.0
21	7	88	2.968	0.18	12.806	0.402	1.0	1.0
21	7	85	2.839	0.374	13.226	0.497	1.0	1.0
21	7	82	2.581	0.502	13.581	0.502	1.0	1.0
21	7	79	2.194	0.402	14.097	0.597	1.0	1.0
21	7	76	2.032	0.18	14.516	0.677	1.0	1.0
21	7	73	1.968	0.18	15.548	1.091	1.0	1.0
21	7	70	1.935	0.25	16.581	1.089	1.0	1.0
21	7	67	1.733	0.45	17.516	1.387	0.968	1.0
21	7	64	1.29	0.461	19.645	2.042	1.0	1.0
21	7	61	0.727	0.456	22.16	2.055	0.516	0.806
21	7	58	0.033	0.183	21.5	2.121	0.032	0.065
21	7	55	0.0	0.0	nan	nan	0.0	0.0
21	7	52	0.0	0.0	nan	nan	0.0	0.0
21	7	49	0.0	0.0	nan	nan	0.0	0.0
21	7	46	0.0	0.0	nan	nan	0.0	0.0
21	7	43	0.0	0.0	nan	nan	0.0	0.0
21	7	40	0.0	0.0	nan	nan	0.0	0.0
21	7	37	0.0	0.0	nan	nan	0.0	0.0
21	7	34	0.0	0.0	nan	nan	0.0	0.0
21	7	31	0.0	0.0	nan	nan	0.0	0.0
21	7	28	0.0	0.0	nan	nan	0.0	0.0
22	7	100	5.774	0.425	10.71	0.461	1.0	1.0
22	7	97	5.355	0.486	10.903	0.301	1.0	1.0
22	7	94	5.129	0.341	10.968	0.18	1.0	1.0
22	7	91	5.065	0.25	11.129	0.341	1.0	1.0
22	7	88	4.968	0.18	11.452	0.506	1.0	1.0
22	7	85	4.903	0.301	11.742	0.445	1.0	1.0
22	7	82	4.581	0.502	12.194	0.543	1.0	1.0
22	7	79	4.097	0.301	12.29	0.643	1.0	1.0
22	7	76	4.0	0.0	12.839	0.454	1.0	1.0
22	7	73	3.968	0.18	13.387	0.761	1.0	1.0
22	7	70	3.935	0.25	13.774	0.617	1.0	1.0
22	7	67	3.839	0.374	14.581	0.672	1.0	1.0
22	7	64	3.548	0.506	15.323	0.653	1.0	1.0
22	7	61	3.194	0.402	16.161	0.934	1.0	1.0
22	7	58	2.677	0.475	17.613	1.23	1.0	1.0
22	7	55	2.161	0.374	20.323	2.242	1.0	1.0
22	7	52	1.774	0.617	23.567	3.37	0.968	0.968
22	7	49	1.393	0.685	27.517	5.228	0.839	0.935
22	7	46	0.067	0.254	37.667	2.082	0.065	0.097
22	7	43	0.0	0.0	nan	nan	0.0	0.0
22	7	40	0.0	0.0	nan	nan	0.0	0.0
22	7	37	0.0	0.0	nan	nan	0.0	0.0
22	7	34	0.0	0.0	nan	nan	0.0	0.0
22	7	31	0.0	0.0	nan	nan	0.0	0.0
22	7	28	0.0	0.0	nan	nan	0.0	0.0
23	7	100	5.871	0.341	10.968	0.18	1.0	1.0
23	7	97	5.484	0.508	11.097	0.301	1.0	1.0
23	7	94	5.129	0.341	11.097	0.301	1.0	1.0
23	7	91	5.0	0.0	11.419	0.502	1.0	1.0
23	7	88	4.968	0.18	11.806	0.477	1.0	1.0
23	7	85	4.968	0.18	12.065	0.359	1.0	1.0
23	7	82	4.774	0.425	12.29	0.461	1.0	1.0
23	7	79	4.226	0.425	12.839	0.523	1.0	1.0
23	7	76	4.032	0.18	13.097	0.539	1.0	1.0
23	7	73	4.0	0.0	13.581	0.502	1.0	1.0
23	7	70	4.0	0.0	14.097	0.597	1.0	1.0
23	7	67	4.0	0.0	14.516	0.677	1.0	1.0
23	7	64	3.516	0.508	15.452	0.925	1.0	1.0
23	7	61	3.194	0.477	16.581	0.886	1.0	1.0
23	7	58	2.677	0.475	17.871	1.522	1.0	1.0
23	7	55	2.194	0.402	20.452	1.929	1.0	1.0
23	7	52	1.968	0.18	23.129	2.125	1.0	1.0
23	7	49	1.655	0.614	28.414	4.379	0.871	0.935
23	7	46	0.607	0.737	31.062	5.422	0.419	0.516
23	7	43	0.0	0.0	38.0	0.0	0.0	0.032
23	7	40	0.0	0.0	nan	nan	0.0	0.0
23	7	37	0.0	0.0	nan	nan	0.0	0.0
23	7	34	0.0	0.0	nan	nan	0.0	0.0
23	7	31	0.0	0.0	nan	nan	0.0	0.0
23	7	28	0.0	0.0	nan	nan	0.0	0.0
24	7	100	5.484	0.508	11.065	0.25	1.0	1.0
24	7	97	5.129	0.341	11.129	0.341	1.0	1.0
24	7	94	5.032	0.18	11.258	0.445	1.0	1.0
24	7	91	5.0	0.0	11.548	0.506	1.0	1.0
24	7	88	4.935	0.25	11.806	0.402	1.0	1.0
24	7	85	4.71	0.461	12.032	0.482	1.0	1.0
24	7	82	4.419	0.502	12.355	0.486	1.0	1.0
24	7	79	4.161	0.374	12.677	0.475	1.0	1.0
24	7	76	3.968	0.18	13.065	0.68	1.0	1.0
24	7	73	4.0	0.0	13.419	0.564	1.0	1.0
24	7	70	4.0	0.0	13.903	0.79	1.0	1.0
24	7	67	3.806	0.402	14.613	0.615	1.0	1.0
24	7	64	3.419	0.502	15.032	0.706	1.0	1.0
24	7	61	3.032	0.18	15.968	0.836	1.0	1.0
24	7	58	2.903	0.396	17.161	0.898	1.0	1.0
24	7	55	2.226	0.425	19.194	1.537	1.0	1.0
24	7	52	1.968	0.407	22.129	3.263	1.0	1.0
24	7	49	1.677	0.475	25.387	3.127	1.0	1.0
24	7	46	0.963	0.649	29.24	4.236	0.677	0.806
24	7	43	0.097	0.301	27.667	1.528	0.097	0.097
24	7	40	0.0	0.0	nan	nan	0.0	0.0
24	7	37	0.0	0.0	nan	nan	0.0	0.0
24	7	34	0.0	0.0	nan	nan	0.0	0.0
24	7	31	0.0	0.0	nan	nan	0.0	0.0
24	7	28	0.0	0.0	nan	nan	0.0	0.0
25	7	100	4.839	0.374	11.032	0.18	1.0	1.0
25	7	97	4.355	0.486	11.194	0.402	1.0	1.0
25	7	94	4.097	0.301	11.452	0.506	1.0	1.0
25	7	91	4.0	0.0	11.806	0.477	1.0	1.0
25	7	88	4.0	0.0	11.968	0.315	1.0	1.0
25	7	85	4.0	0.0	12.065	0.25	1.0	1.0
25	7	82	3.968	0.18	12.581	0.502	1.0	1.0
25	7	79	3.774	0.425	12.742	0.514	1.0	1.0
25	7	76	3.29	0.461	13.226	0.56	1.0	1.0
25	7	73	3.065	0.25	13.806	0.477	1.0	1.0
25	7	70	3.032	0.18	14.258	0.631	1.0	1.0
25	7	67	3.065	0.25	15.0	0.632	1.0	1.0
25	7	64	2.935	0.25	15.903	0.908	1.0	1.0
25	7	61	2.774	0.497	17.161	1.098	1.0	1.0
25	7	58	2.065	0.772	18.355	1.33	1.0	1.0
25	7	55	1.226	0.56	21.355	2.64	1.0	1.0
25	7	52	0.774	0.425	25.542	1.978	0.774	0.774
25	7	49	0.133	0.346	27.4	5.32	0.129	0.161
25	7	46	0.0	0.0	nan	nan	0.0	0.0
25	7	43	0.0	0.0	nan	nan	0.0	0.0
25	7	40	0.0	0.0	nan	nan	0.0	0.0
25	7	37	0.0	0.0	nan	nan	0.0	0.0
25	7	34	0.0	0.0	nan	nan	0.0	0.0
25	7	31	0.0	0.0	nan	nan	0.0	0.0
25	7	28	0.0	0.0	nan	nan	0.0	0.0
26	7	100	5.871	0.341	10.677	0.475	1.0	1.0
26	7	97	5.387	0.495	10.968	0.18	1.0	1.0
26	7	94	5.032	0.315	10.968	0.482	1.0	1.0
26	7	91	5.032	0.18	11.355	0.486	1.0	1.0
26	7	88	5.032	0.18	11.548	0.506	1.0	1.0
26	7	85	5.0	0.0	11.806	0.543	1.0	1.0
26	7	82	4.677	0.475	12.129	0.428	1.0	1.0
26	7	79	4.129	0.341	12.516	0.57	1.0	1.0
26	7	76	4.129	0.341	12.871	0.562	1.0	1.0
26	7	73	4.0	0.0	13.258	0.445	1.0	1.0
26	7	70	3.968	0.18	13.774	0.617	1.0	1.0
26	7	67	3.871	0.341	14.645	0.985	1.0	1.0
26	7	64	3.677	0.475	15.29	0.864	1.0	1.0
26	7	61	3.194	0.402	16.161	1.293	1.0	1.0
26	7	58	2.742	0.514	17.677	1.514	1.0	1.0
26	7	55	2.29	0.461	19.806	2.548	1.0	1.0
26	7	52	1.968	0.18	23.097	3.581	1.0	1.0
26	7	49	1.63	0.688	27.586	5.448	0.806	0.935
26	7	46	0.296	0.542	33.091	4.253	0.226	0.355
26	7	43	0.0	0.0	nan	nan	0.0	0.0
26	7	40	0.0	0.0	nan	nan	0.0	0.0
26	7	37	0.0	0.0	nan	nan	0.0	0.0
26	7	34	0.0	0.0	nan	nan	0.0	0.0
26	7	31	0.0	0.0	nan	nan	0.0	0.0
26	7	28	0.0	0.0	nan	nan	0.0	0.0
27	7	100	4.871	0.341	10.903	0.301	1.0	1.0
27	7	97	4.548	0.506	11.0	0.0	1.0	1.0
27	7	94	4.161	0.374	11.032	0.315	1.0	1.0
27	7	91	4.097	0.301	11.161	0.374	1.0	1.0
27	7	88	4.0	0.0	11.484	0.508	1.0	1.0
27	7	85	4.0	0.0	11.806	0.477	1.0	1.0
27	7	82	4.0	0.0	12.065	0.512	1.0	1.0
27	7	79	3.935	0.25	12.226	0.425	1.0	1.0
27	7	76	3.613	0.495	12.645	0.486	1.0	1.0
27	7	73	3.355	0.486	12.871	0.562	1.0	1.0
27	7	70	3.097	0.301	13.516	0.57	1.0	1.0
27	7	67	3.032	0.18	14.226	0.762	1.0	1.0
27	7	64	2.968	0.18	14.742	0.729	1.0	1.0
27	7	61	2.968	0.18	15.645	0.985	1.0	1.0
27	7	58	2.871	0.341	16.645	1.142	1.0	1.0
27	7	55	2.355	0.755	18.226	1.765	1.0	1.0
27	7	52	1.613	0.615	21.129	2.778	1.0	1.0
27	7	49	1.103	0.489	25.9	4.196	0.903	0.968
27	7	46	0.2	0.407	27.857	5.699	0.194	0.226
27	7	43	0.0	0.0	nan	nan	0.0	0.0
27	7	40	0.0	0.0	nan	nan	0.0	0.0
27	7	37	0.0	0.0	nan	nan	0.0	0.0
27	7	34	0.0	0.0	nan	nan	0.0	0.0
27	7	31	0.0	0.0	nan	nan	0.0	0.0
27	7	28	0.0	0.0	nan	nan	0.0	0.0
28	7	100	5.0	0.0	11.516	0.508	1.0	1.0
28	7	97	4.871	0.428	11.677	0.475	1.0	1.0
28	7	94	4.581	0.502	11.903	0.473	1.0	1.0
28	7	91	4.226	0.425	12.194	0.402	1.0	1.0
28	7	88	4.065	0.25	12.419	0.502	1.0	1.0
28	7	85	4.065	0.25	12.774	0.497	1.0	1.0
28	7	82	4.0	0.0	13.161	0.454	1.0	1.0
28	7	79	4.0	0.0	13.484	0.508	1.0	1.0
28	7	76	3.806	0.402	13.968	0.706	1.0	1.0
28	7	73	3.387	0.495	14.387	0.667	1.0	1.0
28	7	70	3.065	0.359	15.226	0.717	1.0	1.0
28	7	67	3.032	0.315	16.065	1.093	1.0	1.0
28	7	64	2.903	0.301	17.129	1.024	1.0	1.0
28	7	61	2.355	0.608	18.581	1.148	1.0	1.0
28	7	58	2.161	0.638	19.968	2.183	1.0	1.0
28	7	55	1.484	0.508	23.194	2.315	1.0	1.0
28	7	52	0.929	0.466	27.704	4.195	0.774	0.871
28	7	49	0.161	0.454	28.0	2.449	0.129	0.129
28	7	46	0.0	0.0	nan	nan	0.0	0.0
28	7	43	0.0	0.0	nan	nan	0.0	0.0
28	7	40	0.0	0.0	nan	nan	0.0	0.0
28	7	37	0.0	0.0	nan	nan	0.0	0.0
28	7	34	0.0	0.0	nan	nan	0.0	0.0
28	7	31	0.0	0.0	nan	nan	0.0	0.0
28	7	28	0.0	0.0	nan	nan	0.0	0.0
29	7	100	3.516	0.508	11.774	0.425	1.0	1.0
29	7	97	3.29	0.461	11.935	0.359	1.0	1.0
29	7	94	3.0	0.0	12.032	0.315	1.0	1.0
29	7	91	3.032	0.18	12.452	0.568	1.0	1.0
29	7	88	3.0	0.0	12.806	0.477	1.0	1.0
29	7	85	2.935	0.25	13.194	0.543	1.0	1.0
29	7	82	2.806	0.402	13.71	0.588	1.0	1.0
29	7	79	2.484	0.508	14.129	0.562	1.0	1.0
29	7	76	2.226	0.425	14.903	0.79	1.0	1.0
29	7	73	2.129	0.341	15.548	0.768	1.0	1.0
29	7	70	1.935	0.25	16.323	1.222	1.0	1.0
29	7	67	1.774	0.425	17.645	1.355	1.0	1.0
29	7	64	1.267	0.45	19.323	1.6	0.968	1.0
29	7	61	0.815	0.483	21.72	2.441	0.677	0.806
29	7	58	0.1	0.305	22.75	1.5	0.097	0.129
29	7	55	0.0	0.0	nan	nan	0.0	0.0
29	7	52	0.0	0.0	nan	nan	0.0	0.0
29	7	49	0.0	0.0	nan	nan	0.0	0.0
29	7	46	0.0	0.0	nan	nan	0.0	0.0
29	7	43	0.0	0.0	nan	nan	0.0	0.0
29	7	40	0.0	0.0	nan	nan	0.0	0.0
29	7	37	0.0	0.0	nan	nan	0.0	0.0
29	7	34	0.0	0.0	nan	nan	0.0	0.0
29	7	31	0.0	0.0	nan	nan	0.0	0.0
29	7	28	0.0	0.0	nan	nan	0.0	0.0
30	7	100	5.032	0.18	11.0	0.0	1.0	1.0
30	7	97	4.903	0.396	11.097	0.396	1.0	1.0
30	7	94	4.903	0.301	11.194	0.402	1.0	1.0
30	7	91	4.677	0.475	11.71	0.461	1.0	1.0
30	7	88	4.484	0.508	11.839	0.374	1.0	1.0
30	7	85	4.161	0.374	12.032	0.605	1.0	1.0
30	7	82	3.968	0.315	12.194	0.477	1.0	1.0
30	7	79	4.0	0.258	12.839	0.523	1.0	1.0
30	7	76	3.935	0.25	13.0	0.365	1.0	1.0
30	7	73	3.71	0.461	13.581	0.62	1.0	1.0
30	7	70	3.355	0.486	14.0	0.73	1.0	1.0
30	7	67	3.032	0.18	14.613	0.615	1.0	1.0
30	7	64	3.065	0.25	15.323	1.013	1.0	1.0
30	7	61	2.935	0.25	16.258	0.93	1.0	1.0
30	7	58	2.452	0.768	17.581	1.205	1.0	1.0
30	7	55	1.645	0.551	19.387	1.726	1.0	1.0
30	7	52	1.258	0.445	21.419	1.945	1.0	1.0
30	7	49	0.871	0.428	24.0	2.871	0.839	0.839
30	7	46	0.29	0.461	27.556	4.096	0.29	0.29
30	7	43	0.032	0.18	27.0	0.0	0.032	0.032
30	7	40	0.0	0.0	nan	nan	0.0	0.0
30	7	37	0.0	0.0	nan	nan	0.0	0.0
30	7	34	0.0	0.0	nan	nan	0.0	0.0
30	7	31	0.0	0.0	nan	nan	0.0	0.0
30	7	28	0.0	0.0	nan	nan	0.0	0.0
31	7	100	3.968	0.18	11.0	0.0	1.0	1.0
31	7	97	3.968	0.18	11.097	0.301	1.0	1.0
31	7	94	3.839	0.374	11.194	0.402	1.0	1.0
31	7	91	3.387	0.495	11.645	0.486	1.0	1.0
31	7	88	3.161	0.374	11.871	0.499	1.0	1.0
31	7	85	3.032	0.18	12.29	0.643	1.0	1.0
31	7	82	3.0	0.0	12.194	0.654	1.0	1.0
31	7	79	3.0	0.0	13.097	0.396	1.0	1.0
31	7	76	2.968	0.18	13.161	0.638	1.0	1.0
31	7	73	2.871	0.341	14.0	0.447	1.0	1.0
31	7	70	2.806	0.402	14.645	0.877	1.0	1.0
31	7	67	2.484	0.57	15.548	0.961	1.0	1.0
31	7	64	2.194	0.402	16.516	1.029	1.0	1.0
31	7	61	1.484	0.508	18.161	2.208	1.0	1.0
31	7	58	1.129	0.341	20.548	2.406	1.0	1.0
31	7	55	0.903	0.396	22.852	2.568	0.871	0.871
31	7	52	0.032	0.18	23.0	0.0	0.032	0.032
31	7	49	0.0	0.0	nan	nan	0.0	0.0
31	7	46	0.0	0.0	nan	nan	0.0	0.0
31	7	43	0.0	0.0	nan	nan	0.0	0.0
31	7	40	0.0	0.0	nan	nan	0.0	0.0
31	7	37	0.0	0.0	nan	nan	0.0	0.0
31	7	34	0.0	0.0	nan	nan	0.0	0.0
31	7	31	0.0	0.0	nan	nan	0.0	0.0
31	7	28	0.0	0.0	nan	nan	0.0	0.0
