row	col	voltage	tot_avg	tot_std	toa_avg	toa_std	efficiency_tot	efficiency_toa
0	0	420	19.419	0.502	9.0	0.0	1.0	1.0
0	0	380	18.032	0.18	9.0	0.0	1.0	1.0
0	0	340	16.645	0.486	9.032	0.18	1.0	1.0
0	0	300	15.032	0.18	9.419	0.502	1.0	1.0
0	0	260	13.226	0.425	10.0	0.0	1.0	1.0
0	0	220	11.419	0.502	10.0	0.0	1.0	1.0
0	0	180	9.419	0.502	10.065	0.25	1.0	1.0
0	0	140	7.645	0.486	11.0	0.0	1.0	1.0
0	0	100	5.0	0.0	13.065	0.359	1.0	1.0
0	0	77	4.0	0.0	15.484	0.626	1.0	1.0
0	0	74	3.968	0.18	16.0	0.516	1.0	1.0
0	0	71	3.903	0.396	16.774	0.717	1.0	1.0
0	0	68	3.355	0.661	17.419	0.807	1.0	1.0
0	0	65	2.323	0.541	18.839	1.098	1.0	1.0
0	0	62	2.032	0.18	20.161	1.319	1.0	1.0
0	0	59	2.0	0.0	22.677	1.739	1.0	1.0
0	0	56	1.967	0.183	25.903	2.856	0.968	1.0
0	0	53	1.393	0.737	31.741	4.662	0.774	0.871
0	0	50	0.133	0.507	35.333	5.859	0.065	0.097
0	0	47	0.0	0.0	nan	nan	0.0	0.0
0	0	44	0.0	0.0	nan	nan	0.0	0.0
1	0	420	15.452	0.506	10.0	0.0	1.0	1.0
1	0	380	14.129	0.341	10.0	0.0	1.0	1.0
1	0	340	13.0	0.0	10.0	0.0	1.0	1.0
1	0	300	11.774	0.425	10.0	0.0	1.0	1.0
1	0	260	10.065	0.25	10.387	0.495	1.0	1.0
1	0	220	8.935	0.25	11.0	0.0	1.0	1.0
1	0	180	7.0	0.258	11.0	0.0	1.0	1.0
1	0	140	5.161	0.374	12.29	0.461	1.0	1.0
1	0	100	3.484	0.508	14.903	0.396	1.0	1.0
1	0	77	1.355	0.486	19.129	0.922	1.0	1.0
1	0	74	1.097	0.301	20.581	1.361	1.0	1.0
1	0	71	0.968	0.18	22.2	2.219	0.968	0.968
1	0	68	0.833	0.379	23.846	3.133	0.806	0.839
1	0	65	0.267	0.45	25.444	2.833	0.258	0.29
1	0	62	0.0	0.0	nan	nan	0.0	0.0
1	0	59	0.0	0.0	nan	nan	0.0	0.0
1	0	56	0.0	0.0	nan	nan	0.0	0.0
1	0	53	0.0	0.0	nan	nan	0.0	0.0
1	0	50	0.0	0.0	nan	nan	0.0	0.0
1	0	47	0.0	0.0	nan	nan	0.0	0.0
1	0	44	0.0	0.0	nan	nan	0.0	0.0
2	0	420	18.968	0.18	9.0	0.0	1.0	1.0
2	0	380	17.839	0.374	9.0	0.0	1.0	1.0
2	0	340	16.161	0.374	9.0	0.0	1.0	1.0
2	0	300	14.871	0.341	9.0	0.0	1.0	1.0
2	0	260	13.097	0.301	9.419	0.502	1.0	1.0
2	0	220	11.29	0.461	9.968	0.18	1.0	1.0
2	0	180	9.323	0.475	10.0	0.0	1.0	1.0
2	0	140	7.355	0.486	11.0	0.0	1.0	1.0
2	0	100	5.226	0.425	12.806	0.402	1.0	1.0
2	0	77	4.0	0.0	15.355	0.486	1.0	1.0
2	0	74	4.0	0.0	16.032	0.605	1.0	1.0
2	0	71	3.871	0.341	16.516	0.626	1.0	1.0
2	0	68	3.516	0.626	17.516	0.851	1.0	1.0
2	0	65	2.806	0.792	18.29	1.101	1.0	1.0
2	0	62	2.032	0.18	20.323	1.301	1.0	1.0
2	0	59	2.0	0.0	22.548	1.823	1.0	1.0
2	0	56	1.968	0.18	25.645	3.629	1.0	1.0
2	0	53	1.31	0.85	31.167	4.733	0.71	0.774
2	0	50	0.267	0.64	37.167	5.269	0.161	0.194
2	0	47	0.0	0.0	nan	nan	0.0	0.0
2	0	44	0.0	0.0	nan	nan	0.0	0.0
3	0	420	16.935	0.25	10.0	0.0	1.0	1.0
3	0	380	15.742	0.445	10.0	0.0	1.0	1.0
3	0	340	14.258	0.445	10.0	0.0	1.0	1.0
3	0	300	13.0	0.0	10.0	0.0	1.0	1.0
3	0	260	11.194	0.402	10.0	0.0	1.0	1.0
3	0	220	9.71	0.461	10.806	0.402	1.0	1.0
3	0	180	7.968	0.18	11.0	0.0	1.0	1.0
3	0	140	6.0	0.0	12.0	0.0	1.0	1.0
3	0	100	4.0	0.0	14.032	0.18	1.0	1.0
3	0	77	2.806	0.402	17.355	0.709	1.0	1.0
3	0	74	2.29	0.529	18.516	1.262	1.0	1.0
3	0	71	1.516	0.626	19.516	0.962	1.0	1.0
3	0	68	1.129	0.341	21.452	1.48	1.0	1.0
3	0	65	1.032	0.18	22.839	1.968	1.0	1.0
3	0	62	0.806	0.402	25.96	2.746	0.806	0.806
3	0	59	0.1	0.305	29.75	2.5	0.097	0.129
3	0	56	0.0	0.0	nan	nan	0.0	0.0
3	0	53	0.0	0.0	nan	nan	0.0	0.0
3	0	50	0.0	0.0	nan	nan	0.0	0.0
3	0	47	0.0	0.0	nan	nan	0.0	0.0
3	0	44	0.0	0.0	nan	nan	0.0	0.0
4	0	420	16.0	0.0	9.806	0.402	1.0	1.0
4	0	380	14.968	0.18	10.0	0.0	1.0	1.0
4	0	340	13.645	0.486	10.0	0.0	1.0	1.0
4	0	300	12.065	0.25	10.0	0.0	1.0	1.0
4	0	260	10.903	0.301	10.0	0.0	1.0	1.0
4	0	220	9.032	0.18	10.0	0.0	1.0	1.0
4	0	180	7.387	0.495	11.0	0.0	1.0	1.0
4	0	140	5.903	0.301	11.774	0.425	1.0	1.0
4	0	100	4.0	0.0	13.71	0.529	1.0	1.0
4	0	77	3.0	0.0	16.516	0.769	1.0	1.0
4	0	74	2.419	0.62	17.0	0.73	1.0	1.0
4	0	71	2.032	0.752	18.065	0.892	1.0	1.0
4	0	68	1.258	0.514	19.355	1.404	1.0	1.0
4	0	65	1.032	0.18	20.774	1.407	1.0	1.0
4	0	62	1.0	0.267	21.867	1.502	0.903	0.968
4	0	59	0.467	0.507	24.933	1.751	0.452	0.484
4	0	56	0.161	0.374	26.6	3.782	0.161	0.161
4	0	53	0.0	0.0	nan	nan	0.0	0.0
4	0	50	0.0	0.0	nan	nan	0.0	0.0
4	0	47	0.0	0.0	nan	nan	0.0	0.0
4	0	44	0.0	0.0	nan	nan	0.0	0.0
5	0	420	17.194	0.402	9.903	0.301	1.0	1.0
5	0	380	16.065	0.25	10.0	0.0	1.0	1.0
5	0	340	14.935	0.25	10.0	0.0	1.0	1.0
5	0	300	13.29	0.461	10.0	0.0	1.0	1.0
5	0	260	11.968	0.18	10.0	0.0	1.0	1.0
5	0	220	10.0	0.0	10.161	0.374	1.0	1.0
5	0	180	8.323	0.475	11.0	0.0	1.0	1.0
5	0	140	6.548	0.506	12.0	0.0	1.0	1.0
5	0	100	4.903	0.301	14.032	0.315	1.0	1.0
5	0	77	3.419	0.62	17.323	0.653	1.0	1.0
5	0	74	2.935	0.629	17.71	0.783	1.0	1.0
5	0	71	2.129	0.341	19.226	1.175	1.0	1.0
5	0	68	2.032	0.18	20.774	1.23	1.0	1.0
5	0	65	1.935	0.25	22.968	1.741	1.0	1.0
5	0	62	2.0	0.0	24.806	2.024	1.0	1.0
5	0	59	1.536	0.637	28.966	3.343	0.839	0.935
5	0	56	0.5	0.859	34.867	5.263	0.194	0.484
5	0	53	0.0	0.0	nan	nan	0.0	0.0
5	0	50	0.0	0.0	nan	nan	0.0	0.0
5	0	47	0.0	0.0	nan	nan	0.0	0.0
5	0	44	0.0	0.0	nan	nan	0.0	0.0
6	0	420	17.613	0.495	10.0	0.0	1.0	1.0
6	0	380	16.097	0.301	10.0	0.0	1.0	1.0
6	0	340	15.0	0.0	10.0	0.0	1.0	1.0
6	0	300	13.387	0.495	10.0	0.0	1.0	1.0
6	0	260	11.935	0.25	10.0	0.0	1.0	1.0
6	0	220	10.129	0.341	10.129	0.341	1.0	1.0
6	0	180	8.516	0.508	11.0	0.0	1.0	1.0
6	0	140	6.774	0.425	12.0	0.0	1.0	1.0
6	0	100	4.839	0.374	14.065	0.359	1.0	1.0
6	0	77	3.194	0.792	17.677	0.748	1.0	1.0
6	0	74	2.484	0.57	18.419	0.923	1.0	1.0
6	0	71	2.129	0.341	19.581	1.766	1.0	1.0
6	0	68	2.032	0.18	20.968	1.251	1.0	1.0
6	0	65	2.0	0.0	22.677	1.376	1.0	1.0
6	0	62	1.774	0.425	25.032	1.538	1.0	1.0
6	0	59	1.6	0.498	27.71	2.795	0.968	1.0
6	0	56	0.76	0.436	31.64	3.226	0.613	0.806
6	0	53	0.032	0.18	31.0	0.0	0.032	0.032
6	0	50	0.0	0.0	nan	nan	0.0	0.0
6	0	47	0.0	0.0	nan	nan	0.0	0.0
6	0	44	0.0	0.0	nan	nan	0.0	0.0
7	0	420	19.097	0.301	9.0	0.0	1.0	1.0
7	0	380	17.903	0.301	9.0	0.0	1.0	1.0
7	0	340	16.323	0.475	9.0	0.0	1.0	1.0
7	0	300	14.903	0.301	9.097	0.301	1.0	1.0
7	0	260	13.0	0.0	9.71	0.461	1.0	1.0
7	0	220	11.226	0.425	10.0	0.0	1.0	1.0
7	0	180	9.323	0.475	10.0	0.0	1.0	1.0
7	0	140	7.323	0.475	10.935	0.25	1.0	1.0
7	0	100	5.065	0.25	12.355	0.486	1.0	1.0
7	0	77	4.0	0.0	14.677	0.475	1.0	1.0
7	0	74	3.774	0.425	15.032	0.657	1.0	1.0
7	0	71	3.581	0.502	15.419	0.564	1.0	1.0
7	0	68	3.129	0.341	16.097	0.831	1.0	1.0
7	0	65	2.935	0.25	16.742	0.815	1.0	1.0
7	0	62	2.806	0.402	17.516	0.89	1.0	1.0
7	0	59	2.129	0.67	18.871	0.957	1.0	1.0
7	0	56	1.933	0.45	21.548	3.244	0.968	1.0
7	0	53	1.355	0.486	23.29	2.069	1.0	1.0
7	0	50	0.931	0.371	25.464	2.795	0.839	0.903
7	0	47	0.226	0.425	27.0	2.582	0.226	0.226
7	0	44	0.0	0.0	nan	nan	0.0	0.0
8	0	420	15.0	0.0	10.0	0.0	1.0	1.0
8	0	380	13.968	0.18	10.0	0.0	1.0	1.0
8	0	340	13.032	0.18	10.0	0.0	1.0	1.0
8	0	300	12.0	0.0	10.0	0.0	1.0	1.0
8	0	260	10.806	0.402	10.0	0.0	1.0	1.0
8	0	220	9.097	0.301	10.161	0.374	1.0	1.0
8	0	180	7.903	0.301	11.0	0.0	1.0	1.0
8	0	140	6.032	0.18	11.935	0.25	1.0	1.0
8	0	100	4.484	0.508	13.581	0.502	1.0	1.0
8	0	77	3.548	0.506	16.194	0.543	1.0	1.0
8	0	74	3.161	0.454	16.806	0.703	1.0	1.0
8	0	71	2.871	0.341	17.355	0.661	1.0	1.0
8	0	68	2.613	0.495	18.129	0.991	1.0	1.0
8	0	65	2.065	0.25	19.71	1.395	1.0	1.0
8	0	62	2.0	0.0	21.258	1.21	1.0	1.0
8	0	59	1.968	0.18	23.355	2.317	1.0	1.0
8	0	56	1.8	0.407	26.323	3.321	0.968	1.0
8	0	53	0.815	0.834	32.316	5.716	0.484	0.613
8	0	50	0.033	0.183	32.5	3.536	0.032	0.065
8	0	47	0.0	0.0	nan	nan	0.0	0.0
8	0	44	0.0	0.0	nan	nan	0.0	0.0
9	0	420	22.581	0.502	9.0	0.0	1.0	1.0
9	0	380	20.968	0.18	9.355	0.486	1.0	1.0
9	0	340	19.032	0.18	9.806	0.402	1.0	1.0
9	0	300	17.226	0.425	10.0	0.0	1.0	1.0
9	0	260	15.065	0.25	10.0	0.0	1.0	1.0
9	0	220	13.0	0.0	10.0	0.0	1.0	1.0
9	0	180	10.742	0.445	10.968	0.18	1.0	1.0
9	0	140	8.129	0.341	11.839	0.374	1.0	1.0
9	0	100	5.71	0.461	14.0	0.0	1.0	1.0
9	0	77	3.903	0.396	17.484	0.677	1.0	1.0
9	0	74	3.516	0.508	18.29	0.973	1.0	1.0
9	0	71	2.903	0.539	19.355	1.018	1.0	1.0
9	0	68	2.516	0.508	20.806	1.558	1.0	1.0
9	0	65	2.065	0.25	22.742	1.548	1.0	1.0
9	0	62	2.0	0.0	25.645	3.147	1.0	1.0
9	0	59	1.862	0.441	29.733	2.638	0.903	0.968
9	0	56	0.63	0.742	35.118	4.386	0.419	0.548
9	0	53	0.0	0.0	nan	nan	0.0	0.0
9	0	50	0.0	0.0	nan	nan	0.0	0.0
9	0	47	0.0	0.0	nan	nan	0.0	0.0
9	0	44	0.0	0.0	nan	nan	0.0	0.0
10	0	420	16.806	0.402	9.129	0.341	1.0	1.0
10	0	380	15.871	0.341	9.452	0.506	1.0	1.0
10	0	340	14.419	0.502	9.935	0.25	1.0	1.0
10	0	300	12.968	0.18	10.0	0.0	1.0	1.0
10	0	260	11.613	0.495	10.0	0.0	1.0	1.0
10	0	220	10.0	0.0	10.0	0.0	1.0	1.0
10	0	180	8.161	0.374	11.0	0.0	1.0	1.0
10	0	140	6.419	0.502	11.677	0.475	1.0	1.0
10	0	100	4.677	0.475	13.774	0.425	1.0	1.0
10	0	77	3.194	0.402	16.871	0.67	1.0	1.0
10	0	74	2.839	0.454	17.677	0.945	1.0	1.0
10	0	71	2.258	0.445	18.71	0.902	1.0	1.0
10	0	68	2.065	0.25	19.968	1.56	1.0	1.0
10	0	65	2.0	0.0	21.903	1.938	1.0	1.0
10	0	62	1.667	0.479	25.645	3.954	0.968	1.0
10	0	59	1.233	0.679	30.074	2.674	0.839	0.871
10	0	56	0.069	0.258	34.0	4.32	0.065	0.129
10	0	53	0.0	0.0	nan	nan	0.0	0.0
10	0	50	0.0	0.0	nan	nan	0.0	0.0
10	0	47	0.0	0.0	nan	nan	0.0	0.0
10	0	44	0.0	0.0	nan	nan	0.0	0.0
11	0	420	19.774	0.425	9.0	0.0	1.0	1.0
11	0	380	18.323	0.475	9.0	0.0	1.0	1.0
11	0	340	16.935	0.25	9.0	0.0	1.0	1.0
11	0	300	15.0	0.258	9.0	0.0	1.0	1.0
11	0	260	13.323	0.475	9.032	0.18	1.0	1.0
11	0	220	11.387	0.495	9.935	0.25	1.0	1.0
11	0	180	9.226	0.425	10.0	0.0	1.0	1.0
11	0	140	7.097	0.301	10.968	0.18	1.0	1.0
11	0	100	4.935	0.25	12.903	0.301	1.0	1.0
11	0	77	3.258	0.445	15.581	0.564	1.0	1.0
11	0	74	3.097	0.301	16.129	0.67	1.0	1.0
11	0	71	2.903	0.301	16.839	0.638	1.0	1.0
11	0	68	2.452	0.675	17.742	1.064	1.0	1.0
11	0	65	1.871	0.763	19.613	1.764	1.0	1.0
11	0	62	1.419	0.564	20.516	2.014	1.0	1.0
11	0	59	1.032	0.315	23.4	2.343	0.968	0.968
11	0	56	0.9	0.481	24.962	1.928	0.806	0.839
11	0	53	0.167	0.379	29.0	4.561	0.161	0.194
11	0	50	0.0	0.0	nan	nan	0.0	0.0
11	0	47	0.0	0.0	nan	nan	0.0	0.0
11	0	44	0.0	0.0	nan	nan	0.0	0.0
12	0	420	19.968	0.18	10.0	0.0	1.0	1.0
12	0	380	18.355	0.486	10.0	0.0	1.0	1.0
12	0	340	16.968	0.18	10.0	0.0	1.0	1.0
12	0	300	15.161	0.374	10.0	0.0	1.0	1.0
12	0	260	13.806	0.402	10.0	0.0	1.0	1.0
12	0	220	11.903	0.301	10.161	0.374	1.0	1.0
12	0	180	9.774	0.425	11.0	0.0	1.0	1.0
12	0	140	7.71	0.461	11.968	0.18	1.0	1.0
12	0	100	5.323	0.475	13.774	0.425	1.0	1.0
12	0	77	3.968	0.18	16.806	0.543	1.0	1.0
12	0	74	3.871	0.341	17.419	0.72	1.0	1.0
12	0	71	3.323	0.599	18.355	0.915	1.0	1.0
12	0	68	2.742	0.575	19.355	1.082	1.0	1.0
12	0	65	2.226	0.425	21.0	1.592	1.0	1.0
12	0	62	2.032	0.18	22.806	1.662	1.0	1.0
12	0	59	1.968	0.18	25.839	2.77	1.0	1.0
12	0	56	1.621	0.677	31.75	4.949	0.839	0.903
12	0	53	0.258	0.631	32.8	3.834	0.161	0.161
12	0	50	0.0	0.0	nan	nan	0.0	0.0
12	0	47	0.0	0.0	nan	nan	0.0	0.0
12	0	44	0.0	0.0	nan	nan	0.0	0.0
13	0	420	14.032	0.18	9.968	0.18	1.0	1.0
13	0	380	13.0	0.0	10.0	0.0	1.0	1.0
13	0	340	11.968	0.18	10.0	0.0	1.0	1.0
13	0	300	10.903	0.301	10.0	0.0	1.0	1.0
13	0	260	9.258	0.445	10.0	0.0	1.0	1.0
13	0	220	8.0	0.0	10.581	0.502	1.0	1.0
13	0	180	6.871	0.341	11.0	0.0	1.0	1.0
13	0	140	5.0	0.0	12.065	0.25	1.0	1.0
13	0	100	3.548	0.506	14.806	0.402	1.0	1.0
13	0	77	1.452	0.506	20.452	1.362	1.0	1.0
13	0	74	1.065	0.25	22.0	1.949	1.0	1.0
13	0	71	1.0	0.0	24.065	2.62	1.0	1.0
13	0	68	0.806	0.402	26.52	3.097	0.806	0.806
13	0	65	0.133	0.346	29.4	4.827	0.129	0.161
13	0	62	0.0	0.0	nan	nan	0.0	0.0
13	0	59	0.0	0.0	nan	nan	0.0	0.0
13	0	56	0.0	0.0	nan	nan	0.0	0.0
13	0	53	0.0	0.0	nan	nan	0.0	0.0
13	0	50	0.0	0.0	nan	nan	0.0	0.0
13	0	47	0.0	0.0	nan	nan	0.0	0.0
13	0	44	0.0	0.0	nan	nan	0.0	0.0
14	0	420	18.774	0.425	9.0	0.0	1.0	1.0
14	0	380	17.194	0.402	9.161	0.374	1.0	1.0
14	0	340	15.677	0.475	9.516	0.508	1.0	1.0
14	0	300	14.032	0.18	10.0	0.0	1.0	1.0
14	0	260	12.129	0.341	10.0	0.0	1.0	1.0
14	0	220	10.452	0.506	10.0	0.0	1.0	1.0
14	0	180	8.387	0.495	10.839	0.374	1.0	1.0
14	0	140	6.258	0.445	11.484	0.508	1.0	1.0
14	0	100	4.065	0.25	13.71	0.461	1.0	1.0
14	0	77	2.903	0.301	16.613	0.803	1.0	1.0
14	0	74	2.419	0.564	17.419	0.923	1.0	1.0
14	0	71	2.0	0.577	17.968	0.912	1.0	1.0
14	0	68	1.258	0.445	19.548	1.767	1.0	1.0
14	0	65	1.0	0.263	21.3	1.512	0.935	0.968
14	0	62	0.7	0.535	24.0	1.549	0.645	0.677
14	0	59	0.333	0.479	25.182	1.601	0.323	0.355
14	0	56	0.097	0.301	26.667	1.155	0.097	0.097
14	0	53	0.0	0.0	nan	nan	0.0	0.0
14	0	50	0.0	0.0	nan	nan	0.0	0.0
14	0	47	0.0	0.0	nan	nan	0.0	0.0
14	0	44	0.0	0.0	nan	nan	0.0	0.0
15	0	420	14.968	0.18	10.0	0.0	1.0	1.0
15	0	380	13.871	0.341	10.0	0.0	1.0	1.0
15	0	340	12.452	0.506	10.0	0.0	1.0	1.0
15	0	300	11.065	0.25	10.0	0.0	1.0	1.0
15	0	260	9.968	0.18	10.032	0.18	1.0	1.0
15	0	220	8.065	0.25	11.0	0.0	1.0	1.0
15	0	180	6.871	0.341	11.0	0.0	1.0	1.0
15	0	140	5.0	0.0	12.097	0.301	1.0	1.0
15	0	100	3.129	0.341	15.032	0.407	1.0	1.0
15	0	77	1.032	0.18	19.806	1.014	1.0	1.0
15	0	74	1.0	0.0	21.806	1.662	1.0	1.0
15	0	71	0.935	0.25	23.172	1.713	0.935	0.935
15	0	68	0.607	0.497	25.6	1.698	0.548	0.645
15	0	65	0.097	0.301	25.667	1.155	0.097	0.097
15	0	62	0.0	0.0	nan	nan	0.0	0.0
15	0	59	0.0	0.0	nan	nan	0.0	0.0
15	0	56	0.0	0.0	nan	nan	0.0	0.0
15	0	53	0.0	0.0	nan	nan	0.0	0.0
15	0	50	0.0	0.0	nan	nan	0.0	0.0
15	0	47	0.0	0.0	nan	nan	0.0	0.0
15	0	44	0.0	0.0	nan	nan	0.0	0.0
16	0	420	19.032	0.18	9.0	0.0	1.0	1.0
16	0	380	17.968	0.315	9.065	0.25	1.0	1.0
16	0	340	16.29	0.461	9.581	0.502	1.0	1.0
16	0	300	14.968	0.18	10.0	0.0	1.0	1.0
16	0	260	13.0	0.0	10.0	0.0	1.0	1.0
16	0	220	11.129	0.341	10.0	0.0	1.0	1.0
16	0	180	9.484	0.508	10.355	0.486	1.0	1.0
16	0	140	7.323	0.475	11.129	0.341	1.0	1.0
16	0	100	5.032	0.18	13.065	0.25	1.0	1.0
16	0	77	4.0	0.0	15.774	0.497	1.0	1.0
16	0	74	4.0	0.0	16.226	0.56	1.0	1.0
16	0	71	3.839	0.454	17.0	0.816	1.0	1.0
16	0	68	3.452	0.506	17.774	0.805	1.0	1.0
16	0	65	2.581	0.672	18.71	1.071	1.0	1.0
16	0	62	2.065	0.25	20.839	1.551	1.0	1.0
16	0	59	2.0	0.0	22.419	1.822	1.0	1.0
16	0	56	2.0	0.0	25.71	2.466	1.0	1.0
16	0	53	1.714	0.46	31.129	5.315	0.903	1.0
16	0	50	0.357	0.678	33.6	5.254	0.226	0.323
16	0	47	0.0	0.0	nan	nan	0.0	0.0
16	0	44	0.0	0.0	nan	nan	0.0	0.0
17	0	420	23.323	0.475	9.0	0.0	1.0	1.0
17	0	380	21.484	0.508	9.0	0.0	1.0	1.0
17	0	340	19.774	0.497	9.0	0.0	1.0	1.0
17	0	300	17.774	0.425	9.0	0.0	1.0	1.0
17	0	260	15.516	0.508	9.613	0.495	1.0	1.0
17	0	220	13.226	0.425	10.0	0.0	1.0	1.0
17	0	180	10.903	0.301	10.0	0.0	1.0	1.0
17	0	140	8.097	0.301	11.0	0.0	1.0	1.0
17	0	100	5.774	0.425	12.871	0.341	1.0	1.0
17	0	77	4.0	0.258	15.0	0.577	1.0	1.0
17	0	74	3.774	0.425	15.613	0.761	1.0	1.0
17	0	71	3.71	0.461	16.194	0.749	1.0	1.0
17	0	68	3.226	0.56	17.419	0.923	1.0	1.0
17	0	65	2.903	0.539	17.742	1.094	1.0	1.0
17	0	62	2.226	0.617	19.258	1.914	1.0	1.0
17	0	59	1.613	0.495	21.323	2.135	1.0	1.0
17	0	56	1.258	0.514	22.867	2.3	0.968	0.968
17	0	53	0.679	0.548	26.429	2.993	0.581	0.677
17	0	50	0.207	0.412	26.75	3.845	0.194	0.258
17	0	47	0.0	0.0	nan	nan	0.0	0.0
17	0	44	0.0	0.0	nan	nan	0.0	0.0
18	0	420	16.258	0.445	9.032	0.18	1.0	1.0
18	0	380	15.032	0.18	9.161	0.374	1.0	1.0
18	0	340	13.935	0.25	9.677	0.475	1.0	1.0
18	0	300	12.387	0.495	10.0	0.0	1.0	1.0
18	0	260	11.0	0.0	10.0	0.0	1.0	1.0
18	0	220	9.323	0.475	10.0	0.0	1.0	1.0
18	0	180	7.871	0.341	10.613	0.495	1.0	1.0
18	0	140	5.968	0.18	11.29	0.461	1.0	1.0
18	0	100	4.0	0.0	13.097	0.301	1.0	1.0
18	0	77	2.968	0.18	15.742	0.631	1.0	1.0
18	0	74	2.839	0.374	16.29	0.588	1.0	1.0
18	0	71	2.355	0.608	17.0	1.033	1.0	1.0
18	0	68	1.871	0.562	17.871	0.846	1.0	1.0
18	0	65	1.29	0.461	18.871	1.204	1.0	1.0
18	0	62	0.968	0.18	20.8	1.297	0.968	0.968
18	0	59	0.968	0.18	22.5	1.635	0.968	0.968
18	0	56	0.207	0.412	24.625	2.875	0.194	0.258
18	0	53	0.0	0.0	nan	nan	0.0	0.0
18	0	50	0.0	0.0	nan	nan	0.0	0.0
18	0	47	0.0	0.0	nan	nan	0.0	0.0
18	0	44	0.0	0.0	nan	nan	0.0	0.0
19	0	420	26.968	0.407	9.0	0.0	1.0	1.0
19	0	380	25.161	0.374	9.0	0.0	1.0	1.0
19	0	340	23.226	0.425	9.0	0.0	1.0	1.0
19	0	300	20.968	0.407	9.161	0.374	1.0	1.0
19	0	260	18.742	0.445	9.935	0.25	1.0	1.0
19	0	220	16.161	0.374	10.0	0.0	1.0	1.0
19	0	180	13.548	0.568	10.0	0.0	1.0	1.0
19	0	140	10.742	0.445	11.0	0.0	1.0	1.0
19	0	100	7.645	0.486	12.839	0.374	1.0	1.0
19	0	77	5.903	0.301	15.129	0.562	1.0	1.0
19	0	74	5.742	0.445	15.677	0.475	1.0	1.0
19	0	71	5.161	0.374	16.194	0.654	1.0	1.0
19	0	68	5.065	0.25	16.645	0.709	1.0	1.0
19	0	65	4.742	0.514	17.968	1.08	1.0	1.0
19	0	62	3.935	0.814	18.677	1.166	1.0	1.0
19	0	59	3.387	0.558	20.129	1.408	1.0	1.0
19	0	56	3.032	0.18	21.742	1.591	1.0	1.0
19	0	53	2.968	0.18	24.0	2.236	1.0	1.0
19	0	50	2.742	0.445	26.71	2.148	1.0	1.0
19	0	47	1.935	0.68	32.226	4.341	1.0	1.0
19	0	44	0.677	0.653	38.111	3.411	0.581	0.581
20	0	420	18.065	0.25	9.0	0.0	1.0	1.0
20	0	380	16.968	0.18	9.0	0.0	1.0	1.0
20	0	340	15.581	0.502	9.0	0.0	1.0	1.0
20	0	300	14.065	0.25	9.258	0.445	1.0	1.0
20	0	260	12.645	0.486	9.903	0.301	1.0	1.0
20	0	220	10.935	0.25	10.0	0.0	1.0	1.0
20	0	180	9.0	0.258	10.097	0.301	1.0	1.0
20	0	140	7.032	0.18	11.032	0.18	1.0	1.0
20	0	100	5.0	0.0	13.0	0.0	1.0	1.0
20	0	77	4.0	0.0	15.677	0.541	1.0	1.0
20	0	74	4.0	0.0	16.065	0.512	1.0	1.0
20	0	71	3.839	0.374	16.839	0.688	1.0	1.0
20	0	68	3.419	0.62	17.323	0.909	1.0	1.0
20	0	65	2.742	0.631	18.065	1.063	1.0	1.0
20	0	62	2.097	0.301	19.903	1.326	1.0	1.0
20	0	59	2.0	0.0	21.645	1.976	1.0	1.0
20	0	56	2.0	0.0	25.032	3.692	0.968	1.0
20	0	53	1.733	0.583	28.172	4.95	0.903	0.935
20	0	50	0.321	0.67	36.667	4.301	0.194	0.29
20	0	47	0.0	0.0	nan	nan	0.0	0.0
20	0	44	0.0	0.0	nan	nan	0.0	0.0
21	0	420	18.839	0.374	9.0	0.0	1.0	1.0
21	0	380	17.065	0.25	9.0	0.0	1.0	1.0
21	0	340	15.935	0.25	9.0	0.0	1.0	1.0
21	0	300	14.065	0.25	9.613	0.495	1.0	1.0
21	0	260	12.161	0.374	10.0	0.0	1.0	1.0
21	0	220	10.226	0.425	10.0	0.0	1.0	1.0
21	0	180	8.387	0.495	10.452	0.506	1.0	1.0
21	0	140	6.129	0.341	11.548	0.506	1.0	1.0
21	0	100	4.032	0.18	13.806	0.402	1.0	1.0
21	0	77	2.903	0.301	16.806	0.601	1.0	1.0
21	0	74	2.29	0.693	17.677	0.748	1.0	1.0
21	0	71	1.452	0.624	18.903	1.165	1.0	1.0
21	0	68	1.065	0.25	20.742	1.46	1.0	1.0
21	0	65	0.893	0.315	23.536	3.469	0.806	0.903
21	0	62	0.484	0.508	24.6	1.242	0.484	0.484
21	0	59	0.033	0.183	26.5	0.707	0.032	0.065
21	0	56	0.0	0.0	nan	nan	0.0	0.0
21	0	53	0.0	0.0	nan	nan	0.0	0.0
21	0	50	0.0	0.0	nan	nan	0.0	0.0
21	0	47	0.0	0.0	nan	nan	0.0	0.0
21	0	44	0.0	0.0	nan	nan	0.0	0.0
22	0	420	25.387	0.495	9.0	0.0	1.0	1.0
22	0	380	23.871	0.341	9.0	0.0	1.0	1.0
22	0	340	21.806	0.402	9.0	0.0	1.0	1.0
22	0	300	19.806	0.402	9.0	0.0	1.0	1.0
22	0	260	17.613	0.495	9.839	0.374	1.0	1.0
22	0	220	15.0	0.365	10.0	0.0	1.0	1.0
22	0	180	12.516	0.508	10.0	0.0	1.0	1.0
22	0	140	9.903	0.396	11.0	0.0	1.0	1.0
22	0	100	6.935	0.359	12.645	0.486	1.0	1.0
22	0	77	5.032	0.18	15.226	0.617	1.0	1.0
22	0	74	4.839	0.374	15.613	0.495	1.0	1.0
22	0	71	4.581	0.502	16.323	0.653	1.0	1.0
22	0	68	4.419	0.564	17.065	1.093	1.0	1.0
22	0	65	3.613	0.615	18.194	0.91	1.0	1.0
22	0	62	3.226	0.56	19.161	1.241	1.0	1.0
22	0	59	2.935	0.512	20.903	1.904	1.0	1.0
22	0	56	2.484	0.508	23.323	2.548	1.0	1.0
22	0	53	2.29	0.461	25.452	1.588	1.0	1.0
22	0	50	1.839	0.454	30.323	3.772	1.0	1.0
22	0	47	1.034	0.906	33.4	5.113	0.581	0.645
22	0	44	0.065	0.25	35.5	2.121	0.065	0.065
23	0	420	20.032	0.18	9.0	0.0	1.0	1.0
23	0	380	18.742	0.445	9.0	0.0	1.0	1.0
23	0	340	17.0	0.0	9.0	0.0	1.0	1.0
23	0	300	15.323	0.475	9.323	0.475	1.0	1.0
23	0	260	13.806	0.402	10.0	0.0	1.0	1.0
23	0	220	11.935	0.25	10.0	0.0	1.0	1.0
23	0	180	9.968	0.18	10.161	0.374	1.0	1.0
23	0	140	7.71	0.461	11.097	0.301	1.0	1.0
23	0	100	5.258	0.445	13.226	0.425	1.0	1.0
23	0	77	4.0	0.0	16.452	0.675	1.0	1.0
23	0	74	3.968	0.18	17.097	0.473	1.0	1.0
23	0	71	3.516	0.677	17.645	0.839	1.0	1.0
23	0	68	2.742	0.682	18.806	1.108	1.0	1.0
23	0	65	2.097	0.301	20.323	1.222	1.0	1.0
23	0	62	2.0	0.0	22.613	1.783	1.0	1.0
23	0	59	1.935	0.25	25.806	2.738	1.0	1.0
23	0	56	1.655	0.553	30.3	3.715	0.903	0.968
23	0	53	0.321	0.723	35.125	4.016	0.161	0.258
23	0	50	0.0	0.0	nan	nan	0.0	0.0
23	0	47	0.0	0.0	nan	nan	0.0	0.0
23	0	44	0.0	0.0	nan	nan	0.0	0.0
24	0	420	19.065	0.25	10.0	0.0	1.0	1.0
24	0	380	17.871	0.341	10.0	0.0	1.0	1.0
24	0	340	16.097	0.301	10.0	0.0	1.0	1.0
24	0	300	14.71	0.461	10.0	0.0	1.0	1.0
24	0	260	12.903	0.301	10.0	0.0	1.0	1.0
24	0	220	11.0	0.258	10.839	0.374	1.0	1.0
24	0	180	8.774	0.425	11.0	0.0	1.0	1.0
24	0	140	6.742	0.445	12.0	0.0	1.0	1.0
24	0	100	4.258	0.445	14.065	0.25	1.0	1.0
24	0	77	2.774	0.497	17.613	0.803	1.0	1.0
24	0	74	2.258	0.729	18.226	0.717	1.0	1.0
24	0	71	1.613	0.558	19.452	1.234	1.0	1.0
24	0	68	1.387	0.495	20.613	1.476	1.0	1.0
24	0	65	1.097	0.301	23.129	1.607	1.0	1.0
24	0	62	0.8	0.407	25.24	3.308	0.774	0.806
24	0	59	0.207	0.412	27.75	4.621	0.194	0.258
24	0	56	0.0	0.0	nan	nan	0.0	0.0
24	0	53	0.0	0.0	nan	nan	0.0	0.0
24	0	50	0.0	0.0	nan	nan	0.0	0.0
24	0	47	0.0	0.0	nan	nan	0.0	0.0
24	0	44	0.0	0.0	nan	nan	0.0	0.0
25	0	420	25.452	0.506	8.581	0.502	1.0	1.0
25	0	380	23.839	0.523	8.935	0.25	1.0	1.0
25	0	340	21.903	0.473	9.0	0.0	1.0	1.0
25	0	300	20.0	0.258	9.0	0.0	1.0	1.0
25	0	260	17.71	0.461	9.0	0.0	1.0	1.0
25	0	220	15.226	0.425	9.0	0.0	1.0	1.0
25	0	180	12.71	0.461	9.903	0.301	1.0	1.0
25	0	140	10.065	0.359	10.0	0.0	1.0	1.0
25	0	100	7.065	0.25	11.903	0.301	1.0	1.0
25	0	77	5.677	0.475	13.645	0.486	1.0	1.0
25	0	74	5.161	0.374	14.097	0.651	1.0	1.0
25	0	71	4.903	0.301	14.581	0.62	1.0	1.0
25	0	68	4.839	0.374	15.097	0.539	1.0	1.0
25	0	65	4.71	0.461	15.677	0.702	1.0	1.0
25	0	62	4.355	0.486	16.129	0.806	1.0	1.0
25	0	59	3.968	0.315	17.29	0.938	1.0	1.0
25	0	56	3.387	0.558	18.968	2.47	1.0	1.0
25	0	53	3.0	0.577	20.0	1.897	1.0	1.0
25	0	50	2.355	0.551	23.032	2.892	1.0	1.0
25	0	47	1.968	0.407	26.581	3.766	1.0	1.0
25	0	44	1.484	0.57	32.867	6.129	0.968	0.968
26	0	420	20.194	0.402	9.0	0.0	1.0	1.0
26	0	380	18.968	0.18	9.0	0.0	1.0	1.0
26	0	340	17.194	0.402	9.71	0.461	1.0	1.0
26	0	300	15.774	0.425	10.0	0.0	1.0	1.0
26	0	260	13.935	0.25	10.0	0.0	1.0	1.0
26	0	220	12.032	0.18	10.0	0.0	1.0	1.0
26	0	180	9.968	0.18	10.839	0.374	1.0	1.0
26	0	140	7.871	0.341	11.323	0.475	1.0	1.0
26	0	100	5.387	0.495	13.419	0.502	1.0	1.0
26	0	77	4.0	0.0	16.323	0.541	1.0	1.0
26	0	74	4.0	0.0	16.839	0.688	1.0	1.0
26	0	71	3.613	0.495	17.839	0.82	1.0	1.0
26	0	68	3.032	0.706	18.839	1.068	1.0	1.0
26	0	65	2.29	0.529	19.452	0.995	1.0	1.0
26	0	62	2.0	0.0	21.968	1.741	1.0	1.0
26	0	59	2.0	0.0	24.194	1.276	1.0	1.0
26	0	56	1.967	0.183	27.935	4.626	0.968	1.0
26	0	53	1.348	0.714	34.107	4.433	0.645	0.903
26	0	50	0.071	0.262	38.2	3.114	0.065	0.161
26	0	47	0.0	0.0	nan	nan	0.0	0.0
26	0	44	0.0	0.0	nan	nan	0.0	0.0
27	0	420	16.0	0.0	9.129	0.341	1.0	1.0
27	0	380	14.935	0.25	9.548	0.506	1.0	1.0
27	0	340	13.387	0.495	9.935	0.25	1.0	1.0
27	0	300	12.032	0.18	10.0	0.0	1.0	1.0
27	0	260	10.484	0.508	10.0	0.0	1.0	1.0
27	0	220	8.968	0.18	10.0	0.0	1.0	1.0
27	0	180	7.065	0.25	10.968	0.18	1.0	1.0
27	0	140	5.065	0.25	12.0	0.0	1.0	1.0
27	0	100	3.065	0.25	14.129	0.341	1.0	1.0
27	0	77	1.774	0.425	17.581	0.765	1.0	1.0
27	0	74	1.323	0.475	18.806	1.046	1.0	1.0
27	0	71	1.033	0.183	21.581	1.893	0.968	1.0
27	0	68	0.667	0.479	22.714	1.707	0.645	0.677
27	0	65	0.069	0.258	24.75	2.63	0.065	0.129
27	0	62	0.0	0.0	nan	nan	0.0	0.0
27	0	59	0.0	0.0	nan	nan	0.0	0.0
27	0	56	0.0	0.0	nan	nan	0.0	0.0
27	0	53	0.0	0.0	nan	nan	0.0	0.0
27	0	50	0.0	0.0	nan	nan	0.0	0.0
27	0	47	0.0	0.0	nan	nan	0.0	0.0
27	0	44	0.0	0.0	nan	nan	0.0	0.0
28	0	420	20.032	0.18	9.484	0.508	1.0	1.0
28	0	380	18.387	0.495	9.677	0.475	1.0	1.0
28	0	340	16.871	0.341	10.0	0.0	1.0	1.0
28	0	300	15.0	0.258	10.0	0.0	1.0	1.0
28	0	260	13.097	0.301	10.0	0.0	1.0	1.0
28	0	220	11.161	0.374	10.0	0.0	1.0	1.0
28	0	180	9.0	0.0	11.0	0.0	1.0	1.0
28	0	140	6.903	0.301	11.935	0.25	1.0	1.0
28	0	100	4.452	0.506	13.968	0.18	1.0	1.0
28	0	77	3.0	0.0	17.226	0.669	1.0	1.0
28	0	74	2.645	0.486	17.935	0.964	1.0	1.0
28	0	71	2.032	0.657	18.677	0.909	1.0	1.0
28	0	68	1.581	0.564	20.516	1.262	1.0	1.0
28	0	65	1.194	0.402	21.71	1.736	1.0	1.0
28	0	62	1.067	0.45	24.31	2.892	0.903	0.935
28	0	59	0.387	0.495	24.917	2.151	0.387	0.387
28	0	56	0.097	0.301	29.0	4.359	0.097	0.097
28	0	53	0.0	0.0	nan	nan	0.0	0.0
28	0	50	0.0	0.0	nan	nan	0.0	0.0
28	0	47	0.0	0.0	nan	nan	0.0	0.0
28	0	44	0.0	0.0	nan	nan	0.0	0.0
29	0	420	17.226	0.425	10.0	0.0	1.0	1.0
29	0	380	16.0	0.0	10.0	0.0	1.0	1.0
29	0	340	14.935	0.25	10.0	0.0	1.0	1.0
29	0	300	13.0	0.258	10.0	0.0	1.0	1.0
29	0	260	11.258	0.445	10.032	0.18	1.0	1.0
29	0	220	9.613	0.495	11.0	0.0	1.0	1.0
29	0	180	7.839	0.374	11.0	0.0	1.0	1.0
29	0	140	5.871	0.341	12.323	0.475	1.0	1.0
29	0	100	3.677	0.475	15.065	0.359	1.0	1.0
29	0	77	1.226	0.497	19.839	1.293	1.0	1.0
29	0	74	1.032	0.18	21.097	1.578	1.0	1.0
29	0	71	0.935	0.25	23.69	1.795	0.935	0.935
29	0	68	0.633	0.49	25.45	2.012	0.613	0.645
29	0	65	0.067	0.254	26.0	4.0	0.065	0.097
29	0	62	0.0	0.0	nan	nan	0.0	0.0
29	0	59	0.0	0.0	nan	nan	0.0	0.0
29	0	56	0.0	0.0	nan	nan	0.0	0.0
29	0	53	0.0	0.0	nan	nan	0.0	0.0
29	0	50	0.0	0.0	nan	nan	0.0	0.0
29	0	47	0.0	0.0	nan	nan	0.0	0.0
29	0	44	0.0	0.0	nan	nan	0.0	0.0
30	0	420	18.968	0.18	9.0	0.0	1.0	1.0
30	0	380	17.645	0.486	9.0	0.0	1.0	1.0
30	0	340	16.097	0.301	9.032	0.18	1.0	1.0
30	0	300	14.161	0.374	9.065	0.25	1.0	1.0
30	0	260	12.548	0.506	9.968	0.18	1.0	1.0
30	0	220	10.71	0.461	10.0	0.0	1.0	1.0
30	0	180	8.645	0.486	10.226	0.425	1.0	1.0
30	0	140	6.419	0.502	11.226	0.425	1.0	1.0
30	0	100	4.226	0.425	13.548	0.506	1.0	1.0
30	0	77	3.0	0.258	16.194	0.703	1.0	1.0
30	0	74	2.774	0.425	17.258	0.855	1.0	1.0
30	0	71	2.258	0.773	17.806	1.108	1.0	1.0
30	0	68	1.516	0.57	19.129	1.36	1.0	1.0
30	0	65	1.161	0.523	20.667	1.749	0.968	0.968
30	0	62	1.0	0.371	23.0	2.121	0.903	0.935
30	0	59	0.586	0.501	24.421	1.805	0.548	0.613
30	0	56	0.0	0.0	nan	nan	0.0	0.0
30	0	53	0.0	0.0	nan	nan	0.0	0.0
30	0	50	0.0	0.0	nan	nan	0.0	0.0
30	0	47	0.0	0.0	nan	nan	0.0	0.0
30	0	44	0.0	0.0	nan	nan	0.0	0.0
31	0	420	10.968	0.18	9.0	0.0	1.0	1.0
31	0	380	10.0	0.0	9.0	0.0	1.0	1.0
31	0	340	9.0	0.0	9.0	0.0	1.0	1.0
31	0	300	8.0	0.0	9.097	0.301	1.0	1.0
31	0	260	7.0	0.0	10.0	0.0	1.0	1.0
31	0	220	6.0	0.0	10.0	0.0	1.0	1.0
31	0	180	5.0	0.0	10.742	0.445	1.0	1.0
31	0	140	4.0	0.0	11.903	0.301	1.0	1.0
31	0	100	2.0	0.0	14.645	0.551	1.0	1.0
31	0	77	0.808	0.402	22.962	2.569	0.677	0.839
31	0	74	0.259	0.447	23.636	1.912	0.226	0.355
31	0	71	0.0	0.0	nan	nan	0.0	0.0
31	0	68	0.0	0.0	nan	nan	0.0	0.0
31	0	65	0.0	0.0	nan	nan	0.0	0.0
31	0	62	0.0	0.0	nan	nan	0.0	0.0
31	0	59	0.0	0.0	nan	nan	0.0	0.0
31	0	56	0.0	0.0	nan	nan	0.0	0.0
31	0	53	0.0	0.0	nan	nan	0.0	0.0
31	0	50	0.0	0.0	nan	nan	0.0	0.0
31	0	47	0.0	0.0	nan	nan	0.0	0.0
31	0	44	0.0	0.0	nan	nan	0.0	0.0
0	1	420	20.968	0.18	10.0	0.0	1.0	1.0
0	1	380	19.065	0.25	10.0	0.0	1.0	1.0
0	1	340	17.29	0.461	10.161	0.374	1.0	1.0
0	1	300	15.387	0.495	10.968	0.18	1.0	1.0
0	1	260	13.419	0.502	11.0	0.0	1.0	1.0
0	1	220	11.129	0.341	11.0	0.0	1.0	1.0
0	1	180	8.968	0.18	12.0	0.0	1.0	1.0
0	1	140	6.645	0.486	13.032	0.18	1.0	1.0
0	1	100	4.0	0.0	15.742	0.514	1.0	1.0
0	1	77	1.548	0.506	20.968	1.197	1.0	1.0
0	1	74	1.226	0.425	23.129	1.688	1.0	1.0
0	1	71	1.032	0.18	25.323	3.145	1.0	1.0
0	1	68	0.464	0.508	27.812	3.71	0.419	0.516
0	1	65	0.0	0.0	nan	nan	0.0	0.0
0	1	62	0.0	0.0	nan	nan	0.0	0.0
0	1	59	0.0	0.0	nan	nan	0.0	0.0
0	1	56	0.0	0.0	nan	nan	0.0	0.0
0	1	53	0.0	0.0	nan	nan	0.0	0.0
0	1	50	0.0	0.0	nan	nan	0.0	0.0
0	1	47	0.0	0.0	nan	nan	0.0	0.0
0	1	44	0.0	0.0	nan	nan	0.0	0.0
1	1	420	21.645	0.486	9.871	0.341	1.0	1.0
1	1	380	19.968	0.18	10.0	0.0	1.0	1.0
1	1	340	18.194	0.402	10.0	0.0	1.0	1.0
1	1	300	16.484	0.508	10.0	0.0	1.0	1.0
1	1	260	14.355	0.486	10.0	0.0	1.0	1.0
1	1	220	12.194	0.402	10.0	0.0	1.0	1.0
1	1	180	10.0	0.0	11.0	0.0	1.0	1.0
1	1	140	7.839	0.374	12.0	0.0	1.0	1.0
1	1	100	5.129	0.341	13.968	0.18	1.0	1.0
1	1	77	3.903	0.301	17.097	0.7	1.0	1.0
1	1	74	3.419	0.672	17.871	0.806	1.0	1.0
1	1	71	2.806	0.703	18.742	1.125	1.0	1.0
1	1	68	2.161	0.374	20.194	1.352	1.0	1.0
1	1	65	2.032	0.18	21.871	1.565	1.0	1.0
1	1	62	2.0	0.0	24.323	2.197	1.0	1.0
1	1	59	1.806	0.402	29.387	3.676	1.0	1.0
1	1	56	0.519	0.802	32.769	3.723	0.29	0.419
1	1	53	0.032	0.18	33.0	0.0	0.032	0.032
1	1	50	0.0	0.0	nan	nan	0.0	0.0
1	1	47	0.0	0.0	nan	nan	0.0	0.0
1	1	44	0.0	0.0	nan	nan	0.0	0.0
2	1	420	17.645	0.486	9.0	0.0	1.0	1.0
2	1	380	16.258	0.445	9.0	0.0	1.0	1.0
2	1	340	14.935	0.25	9.032	0.18	1.0	1.0
2	1	300	13.161	0.374	9.806	0.402	1.0	1.0
2	1	260	11.903	0.301	10.0	0.0	1.0	1.0
2	1	220	10.0	0.0	10.0	0.0	1.0	1.0
2	1	180	8.032	0.18	10.903	0.301	1.0	1.0
2	1	140	6.161	0.374	11.581	0.502	1.0	1.0
2	1	100	4.097	0.301	13.903	0.301	1.0	1.0
2	1	77	2.774	0.425	17.613	0.667	1.0	1.0
2	1	74	2.484	0.508	18.387	1.054	1.0	1.0
2	1	71	2.065	0.25	19.806	1.447	1.0	1.0
2	1	68	1.968	0.18	22.194	1.537	1.0	1.0
2	1	65	1.871	0.341	24.645	2.961	1.0	1.0
2	1	62	1.071	0.716	28.32	3.783	0.71	0.806
2	1	59	0.0	0.0	37.333	3.055	0.0	0.097
2	1	56	0.0	0.0	40.0	0.0	0.0	0.032
2	1	53	0.0	0.0	nan	nan	0.0	0.0
2	1	50	0.0	0.0	nan	nan	0.0	0.0
2	1	47	0.0	0.0	nan	nan	0.0	0.0
2	1	44	0.0	0.0	nan	nan	0.0	0.0
3	1	420	20.258	0.445	10.0	0.0	1.0	1.0
3	1	380	18.935	0.359	10.0	0.0	1.0	1.0
3	1	340	17.097	0.301	10.0	0.0	1.0	1.0
3	1	300	15.484	0.508	10.0	0.0	1.0	1.0
3	1	260	13.645	0.486	10.548	0.506	1.0	1.0
3	1	220	11.452	0.506	11.0	0.0	1.0	1.0
3	1	180	9.516	0.508	11.0	0.0	1.0	1.0
3	1	140	7.161	0.374	12.097	0.301	1.0	1.0
3	1	100	5.0	0.0	14.226	0.425	1.0	1.0
3	1	77	3.548	0.568	17.71	0.783	1.0	1.0
3	1	74	2.774	0.805	18.419	0.72	1.0	1.0
3	1	71	2.194	0.402	19.581	1.057	1.0	1.0
3	1	68	2.032	0.18	21.71	1.596	1.0	1.0
3	1	65	1.968	0.18	22.806	1.537	1.0	1.0
3	1	62	1.9	0.305	25.968	3.188	0.968	1.0
3	1	59	1.207	0.726	30.308	3.095	0.774	0.839
3	1	56	0.172	0.468	33.0	2.098	0.129	0.194
3	1	53	0.0	0.0	nan	nan	0.0	0.0
3	1	50	0.0	0.0	nan	nan	0.0	0.0
3	1	47	0.0	0.0	nan	nan	0.0	0.0
3	1	44	0.0	0.0	nan	nan	0.0	0.0
4	1	420	25.0	0.258	9.0	0.0	1.0	1.0
4	1	380	23.097	0.396	9.0	0.0	1.0	1.0
4	1	340	21.065	0.359	9.452	0.506	1.0	1.0
4	1	300	18.968	0.18	9.968	0.18	1.0	1.0
4	1	260	16.839	0.374	10.0	0.0	1.0	1.0
4	1	220	14.419	0.502	10.0	0.0	1.0	1.0
4	1	180	11.935	0.359	10.645	0.486	1.0	1.0
4	1	140	9.194	0.402	11.032	0.18	1.0	1.0
4	1	100	6.355	0.486	13.032	0.18	1.0	1.0
4	1	77	5.0	0.0	15.742	0.631	1.0	1.0
4	1	74	4.71	0.461	16.484	0.508	1.0	1.0
4	1	71	4.194	0.477	17.097	0.651	1.0	1.0
4	1	68	3.774	0.56	17.968	0.795	1.0	1.0
4	1	65	3.29	0.461	18.839	1.214	1.0	1.0
4	1	62	3.032	0.315	20.355	1.112	1.0	1.0
4	1	59	2.71	0.461	22.129	1.258	1.0	1.0
4	1	56	2.161	0.374	24.71	1.488	1.0	1.0
4	1	53	2.0	0.0	28.226	3.283	1.0	1.0
4	1	50	1.516	0.626	33.517	3.661	0.935	0.935
4	1	47	0.129	0.341	37.0	2.16	0.129	0.129
4	1	44	0.0	0.0	nan	nan	0.0	0.0
5	1	420	16.0	0.0	9.484	0.508	1.0	1.0
5	1	380	14.548	0.506	9.968	0.18	1.0	1.0
5	1	340	13.0	0.0	10.0	0.0	1.0	1.0
5	1	300	11.581	0.502	10.0	0.0	1.0	1.0
5	1	260	10.0	0.0	10.0	0.0	1.0	1.0
5	1	220	8.0	0.0	10.226	0.425	1.0	1.0
5	1	180	6.645	0.486	11.0	0.0	1.0	1.0
5	1	140	4.968	0.18	12.0	0.0	1.0	1.0
5	1	100	3.0	0.0	14.806	0.402	1.0	1.0
5	1	77	1.0	0.258	20.667	1.749	0.968	0.968
5	1	74	0.84	0.374	22.741	2.011	0.677	0.871
5	1	71	0.207	0.412	24.625	1.061	0.194	0.258
5	1	68	0.0	0.0	24.0	0.0	0.0	0.032
5	1	65	0.0	0.0	nan	nan	0.0	0.0
5	1	62	0.0	0.0	nan	nan	0.0	0.0
5	1	59	0.0	0.0	nan	nan	0.0	0.0
5	1	56	0.0	0.0	nan	nan	0.0	0.0
5	1	53	0.0	0.0	nan	nan	0.0	0.0
5	1	50	0.0	0.0	nan	nan	0.0	0.0
5	1	47	0.0	0.0	nan	nan	0.0	0.0
5	1	44	0.0	0.0	nan	nan	0.0	0.0
6	1	420	18.935	0.25	9.032	0.18	1.0	1.0
6	1	380	17.355	0.486	9.323	0.475	1.0	1.0
6	1	340	15.968	0.315	9.968	0.18	1.0	1.0
6	1	300	14.129	0.341	10.0	0.0	1.0	1.0
6	1	260	12.548	0.506	10.0	0.0	1.0	1.0
6	1	220	10.839	0.374	10.0	0.0	1.0	1.0
6	1	180	8.935	0.25	11.0	0.0	1.0	1.0
6	1	140	6.935	0.25	11.935	0.25	1.0	1.0
6	1	100	4.903	0.301	14.032	0.315	1.0	1.0
6	1	77	2.903	0.651	17.806	0.833	1.0	1.0
6	1	74	2.419	0.564	19.0	1.095	1.0	1.0
6	1	71	2.097	0.301	20.323	1.137	1.0	1.0
6	1	68	2.0	0.0	22.677	1.558	1.0	1.0
6	1	65	1.968	0.18	24.871	2.513	1.0	1.0
6	1	62	1.379	0.677	30.607	4.349	0.839	0.903
6	1	59	0.308	0.618	32.545	4.275	0.194	0.355
6	1	56	0.0	0.0	nan	nan	0.0	0.0
6	1	53	0.0	0.0	nan	nan	0.0	0.0
6	1	50	0.0	0.0	nan	nan	0.0	0.0
6	1	47	0.0	0.0	nan	nan	0.0	0.0
6	1	44	0.0	0.0	nan	nan	0.0	0.0
7	1	420	24.774	0.425	9.0	0.0	1.0	1.0
7	1	380	22.581	0.502	9.0	0.0	1.0	1.0
7	1	340	20.742	0.514	9.0	0.0	1.0	1.0
7	1	300	18.226	0.425	9.065	0.25	1.0	1.0
7	1	260	16.065	0.25	9.903	0.301	1.0	1.0
7	1	220	13.774	0.425	10.0	0.0	1.0	1.0
7	1	180	11.129	0.341	10.097	0.301	1.0	1.0
7	1	140	8.548	0.506	11.032	0.18	1.0	1.0
7	1	100	5.613	0.495	12.935	0.25	1.0	1.0
7	1	77	4.0	0.258	15.226	0.56	1.0	1.0
7	1	74	3.613	0.495	15.871	0.619	1.0	1.0
7	1	71	3.484	0.508	16.387	0.667	1.0	1.0
7	1	68	3.097	0.473	17.032	0.983	1.0	1.0
7	1	65	2.419	0.672	18.258	1.064	1.0	1.0
7	1	62	2.032	0.605	19.258	1.46	1.0	1.0
7	1	59	1.613	0.495	21.355	1.684	1.0	1.0
7	1	56	1.323	0.541	23.5	2.61	0.968	0.968
7	1	53	0.759	0.577	25.909	2.975	0.645	0.71
7	1	50	0.065	0.25	28.0	2.828	0.065	0.065
7	1	47	0.0	0.0	nan	nan	0.0	0.0
7	1	44	0.0	0.0	nan	nan	0.0	0.0
8	1	420	30.032	0.547	9.742	0.445	1.0	1.0
8	1	380	27.774	0.497	9.935	0.25	1.0	1.0
8	1	340	25.29	0.588	10.0	0.0	1.0	1.0
8	1	300	22.484	0.508	10.0	0.0	1.0	1.0
8	1	260	19.548	0.568	10.0	0.0	1.0	1.0
8	1	220	16.742	0.514	10.226	0.425	1.0	1.0
8	1	180	13.323	0.475	11.0	0.0	1.0	1.0
8	1	140	9.903	0.301	12.0	0.0	1.0	1.0
8	1	100	6.581	0.502	14.548	0.506	1.0	1.0
8	1	77	3.806	0.749	18.419	0.848	1.0	1.0
8	1	74	3.097	0.396	19.677	1.194	1.0	1.0
8	1	71	2.935	0.25	21.516	1.61	1.0	1.0
8	1	68	2.839	0.374	22.839	1.655	1.0	1.0
8	1	65	2.484	0.508	25.097	2.271	1.0	1.0
8	1	62	2.067	0.365	27.516	3.385	0.968	1.0
8	1	59	1.345	0.814	32.28	3.048	0.742	0.806
8	1	56	0.483	0.688	34.692	5.154	0.355	0.419
8	1	53	0.0	0.0	nan	nan	0.0	0.0
8	1	50	0.0	0.0	nan	nan	0.0	0.0
8	1	47	0.0	0.0	nan	nan	0.0	0.0
8	1	44	0.0	0.0	nan	nan	0.0	0.0
9	1	420	14.452	0.506	9.839	0.374	1.0	1.0
9	1	380	13.161	0.374	10.0	0.0	1.0	1.0
9	1	340	12.0	0.0	10.0	0.0	1.0	1.0
9	1	300	10.774	0.425	10.0	0.0	1.0	1.0
9	1	260	9.097	0.301	10.0	0.0	1.0	1.0
9	1	220	7.903	0.301	10.065	0.25	1.0	1.0
9	1	180	6.097	0.301	11.0	0.0	1.0	1.0
9	1	140	4.774	0.425	12.0	0.0	1.0	1.0
9	1	100	3.0	0.0	14.065	0.359	1.0	1.0
9	1	77	1.516	0.508	18.355	0.709	1.0	1.0
9	1	74	1.194	0.402	19.548	1.502	1.0	1.0
9	1	71	1.0	0.267	21.233	1.888	0.903	0.968
9	1	68	0.72	0.458	23.875	2.437	0.581	0.774
9	1	65	0.071	0.262	24.8	1.924	0.065	0.161
9	1	62	0.0	0.0	nan	nan	0.0	0.0
9	1	59	0.0	0.0	nan	nan	0.0	0.0
9	1	56	0.0	0.0	nan	nan	0.0	0.0
9	1	53	0.0	0.0	nan	nan	0.0	0.0
9	1	50	0.0	0.0	nan	nan	0.0	0.0
9	1	47	0.0	0.0	nan	nan	0.0	0.0
9	1	44	0.0	0.0	nan	nan	0.0	0.0
10	1	420	18.903	0.301	9.0	0.0	1.0	1.0
10	1	380	17.323	0.475	9.0	0.0	1.0	1.0
10	1	340	16.0	0.0	9.0	0.0	1.0	1.0
10	1	300	14.0	0.0	9.0	0.0	1.0	1.0
10	1	260	12.548	0.506	9.839	0.374	1.0	1.0
10	1	220	10.871	0.341	10.0	0.0	1.0	1.0
10	1	180	8.968	0.18	10.065	0.25	1.0	1.0
10	1	140	6.806	0.402	11.161	0.374	1.0	1.0
10	1	100	4.742	0.445	13.452	0.506	1.0	1.0
10	1	77	3.194	0.402	16.806	0.601	1.0	1.0
10	1	74	3.065	0.359	17.355	0.839	1.0	1.0
10	1	71	2.452	0.506	18.548	0.925	1.0	1.0
10	1	68	2.161	0.374	19.71	1.442	1.0	1.0
10	1	65	2.0	0.0	22.452	1.804	1.0	1.0
10	1	62	1.871	0.341	24.484	1.73	1.0	1.0
10	1	59	1.3	0.535	28.9	3.209	0.935	0.968
10	1	56	0.148	0.362	33.375	4.373	0.129	0.258
10	1	53	0.0	0.0	nan	nan	0.0	0.0
10	1	50	0.0	0.0	nan	nan	0.0	0.0
10	1	47	0.0	0.0	nan	nan	0.0	0.0
10	1	44	0.0	0.0	nan	nan	0.0	0.0
11	1	420	21.742	0.445	10.0	0.0	1.0	1.0
11	1	380	20.161	0.374	10.0	0.0	1.0	1.0
11	1	340	18.452	0.506	10.0	0.0	1.0	1.0
11	1	300	16.903	0.301	10.0	0.0	1.0	1.0
11	1	260	14.71	0.461	10.226	0.425	1.0	1.0
11	1	220	12.742	0.445	11.0	0.0	1.0	1.0
11	1	180	10.323	0.475	11.0	0.0	1.0	1.0
11	1	140	7.935	0.25	12.0	0.0	1.0	1.0
11	1	100	5.871	0.341	14.032	0.18	1.0	1.0
11	1	77	4.0	0.0	17.097	0.539	1.0	1.0
11	1	74	3.677	0.475	17.839	0.735	1.0	1.0
11	1	71	3.387	0.495	18.581	0.807	1.0	1.0
11	1	68	2.871	0.428	19.871	1.088	1.0	1.0
11	1	65	2.677	0.475	21.161	1.267	1.0	1.0
11	1	62	2.065	0.25	23.258	1.548	1.0	1.0
11	1	59	2.0	0.0	26.258	2.422	1.0	1.0
11	1	56	1.806	0.402	30.419	4.47	1.0	1.0
11	1	53	1.192	0.694	35.519	4.291	0.71	0.871
11	1	50	0.2	0.61	34.25	3.202	0.097	0.129
11	1	47	0.0	0.0	nan	nan	0.0	0.0
11	1	44	0.0	0.0	nan	nan	0.0	0.0
12	1	420	14.968	0.18	10.0	0.0	1.0	1.0
12	1	380	13.548	0.506	10.0	0.0	1.0	1.0
12	1	340	12.161	0.374	10.0	0.0	1.0	1.0
12	1	300	11.0	0.0	10.0	0.0	1.0	1.0
12	1	260	9.484	0.508	10.0	0.0	1.0	1.0
12	1	220	8.0	0.0	10.806	0.402	1.0	1.0
12	1	180	6.258	0.445	11.032	0.18	1.0	1.0
12	1	140	4.871	0.341	12.032	0.18	1.0	1.0
12	1	100	3.0	0.0	14.645	0.486	1.0	1.0
12	1	77	1.387	0.495	18.774	1.117	1.0	1.0
12	1	74	1.032	0.18	20.516	1.546	1.0	1.0
12	1	71	0.862	0.351	22.815	1.922	0.806	0.871
12	1	68	0.207	0.412	24.125	0.835	0.194	0.258
12	1	65	0.0	0.0	nan	nan	0.0	0.0
12	1	62	0.0	0.0	nan	nan	0.0	0.0
12	1	59	0.0	0.0	nan	nan	0.0	0.0
12	1	56	0.0	0.0	nan	nan	0.0	0.0
12	1	53	0.0	0.0	nan	nan	0.0	0.0
12	1	50	0.0	0.0	nan	nan	0.0	0.0
12	1	47	0.0	0.0	nan	nan	0.0	0.0
12	1	44	0.0	0.0	nan	nan	0.0	0.0
13	1	420	18.516	0.508	9.0	0.0	1.0	1.0
13	1	380	17.0	0.0	9.0	0.0	1.0	1.0
13	1	340	15.419	0.502	9.0	0.0	1.0	1.0
13	1	300	14.0	0.0	9.0	0.0	1.0	1.0
13	1	260	12.0	0.0	9.129	0.341	1.0	1.0
13	1	220	10.032	0.18	10.0	0.0	1.0	1.0
13	1	180	8.129	0.341	10.032	0.18	1.0	1.0
13	1	140	6.0	0.0	11.0	0.0	1.0	1.0
13	1	100	4.0	0.0	13.032	0.315	1.0	1.0
13	1	77	2.774	0.425	15.903	0.651	1.0	1.0
13	1	74	2.29	0.529	16.581	0.72	1.0	1.0
13	1	71	1.903	0.473	17.387	0.882	1.0	1.0
13	1	68	1.484	0.508	18.355	1.226	1.0	1.0
13	1	65	1.097	0.301	20.323	1.777	1.0	1.0
13	1	62	0.815	0.396	23.462	1.581	0.71	0.839
13	1	59	0.185	0.396	24.0	2.179	0.161	0.29
13	1	56	0.0	0.0	nan	nan	0.0	0.0
13	1	53	0.0	0.0	nan	nan	0.0	0.0
13	1	50	0.0	0.0	nan	nan	0.0	0.0
13	1	47	0.0	0.0	nan	nan	0.0	0.0
13	1	44	0.0	0.0	nan	nan	0.0	0.0
14	1	420	18.355	0.551	10.0	0.0	1.0	1.0
14	1	380	17.0	0.0	10.0	0.0	1.0	1.0
14	1	340	15.419	0.502	10.0	0.0	1.0	1.0
14	1	300	13.806	0.402	10.0	0.0	1.0	1.0
14	1	260	11.968	0.18	10.0	0.0	1.0	1.0
14	1	220	10.0	0.0	10.968	0.18	1.0	1.0
14	1	180	8.0	0.0	11.065	0.25	1.0	1.0
14	1	140	6.0	0.0	12.323	0.475	1.0	1.0
14	1	100	4.0	0.0	14.903	0.301	1.0	1.0
14	1	77	1.452	0.624	19.645	1.142	1.0	1.0
14	1	74	1.226	0.425	20.387	0.955	1.0	1.0
14	1	71	0.968	0.18	22.3	1.535	0.968	0.968
14	1	68	0.806	0.402	24.72	2.622	0.806	0.806
14	1	65	0.267	0.45	28.444	4.746	0.258	0.29
14	1	62	0.0	0.0	nan	nan	0.0	0.0
14	1	59	0.0	0.0	nan	nan	0.0	0.0
14	1	56	0.0	0.0	nan	nan	0.0	0.0
14	1	53	0.0	0.0	nan	nan	0.0	0.0
14	1	50	0.0	0.0	nan	nan	0.0	0.0
14	1	47	0.0	0.0	nan	nan	0.0	0.0
14	1	44	0.0	0.0	nan	nan	0.0	0.0
15	1	420	20.903	0.301	10.0	0.0	1.0	1.0
15	1	380	19.0	0.0	10.0	0.0	1.0	1.0
15	1	340	17.097	0.301	10.0	0.0	1.0	1.0
15	1	300	15.29	0.461	10.0	0.0	1.0	1.0
15	1	260	13.226	0.425	10.0	0.0	1.0	1.0
15	1	220	11.097	0.301	10.387	0.495	1.0	1.0
15	1	180	9.0	0.258	11.0	0.0	1.0	1.0
15	1	140	6.774	0.425	12.0	0.0	1.0	1.0
15	1	100	4.129	0.341	14.387	0.615	1.0	1.0
15	1	77	2.258	0.575	18.516	0.89	1.0	1.0
15	1	74	1.774	0.497	19.806	1.195	1.0	1.0
15	1	71	1.355	0.486	21.484	1.651	1.0	1.0
15	1	68	1.065	0.25	23.161	1.594	1.0	1.0
15	1	65	0.7	0.535	26.0	2.258	0.645	0.677
15	1	62	0.0	0.0	nan	nan	0.0	0.0
15	1	59	0.0	0.0	nan	nan	0.0	0.0
15	1	56	0.0	0.0	nan	nan	0.0	0.0
15	1	53	0.0	0.0	nan	nan	0.0	0.0
15	1	50	0.0	0.0	nan	nan	0.0	0.0
15	1	47	0.0	0.0	nan	nan	0.0	0.0
15	1	44	0.0	0.0	nan	nan	0.0	0.0
16	1	420	22.548	0.506	9.968	0.18	1.0	1.0
16	1	380	20.774	0.425	10.0	0.0	1.0	1.0
16	1	340	18.839	0.374	10.0	0.0	1.0	1.0
16	1	300	16.935	0.25	10.0	0.0	1.0	1.0
16	1	260	14.677	0.475	10.0	0.0	1.0	1.0
16	1	220	12.516	0.508	10.452	0.506	1.0	1.0
16	1	180	10.032	0.18	11.0	0.0	1.0	1.0
16	1	140	7.387	0.495	12.0	0.0	1.0	1.0
16	1	100	4.968	0.18	14.194	0.402	1.0	1.0
16	1	77	3.097	0.539	17.355	0.839	1.0	1.0
16	1	74	2.452	0.723	18.29	1.006	1.0	1.0
16	1	71	2.226	0.425	19.29	1.296	1.0	1.0
16	1	68	1.742	0.514	20.226	1.499	1.0	1.0
16	1	65	1.452	0.506	22.839	2.296	1.0	1.0
16	1	62	1.172	0.384	25.226	3.052	0.935	1.0
16	1	59	0.516	0.626	26.786	1.528	0.452	0.452
16	1	56	0.065	0.25	28.5	0.707	0.065	0.065
16	1	53	0.0	0.0	nan	nan	0.0	0.0
16	1	50	0.0	0.0	nan	nan	0.0	0.0
16	1	47	0.0	0.0	nan	nan	0.0	0.0
16	1	44	0.0	0.0	nan	nan	0.0	0.0
17	1	420	20.323	0.475	9.0	0.0	1.0	1.0
17	1	380	18.903	0.301	9.0	0.0	1.0	1.0
17	1	340	17.161	0.374	9.0	0.0	1.0	1.0
17	1	300	15.484	0.508	9.355	0.486	1.0	1.0
17	1	260	13.645	0.486	9.968	0.18	1.0	1.0
17	1	220	11.839	0.454	10.0	0.0	1.0	1.0
17	1	180	9.839	0.374	10.032	0.18	1.0	1.0
17	1	140	7.484	0.508	11.0	0.0	1.0	1.0
17	1	100	5.032	0.18	13.129	0.341	1.0	1.0
17	1	77	3.968	0.18	15.742	0.631	1.0	1.0
17	1	74	3.903	0.396	16.419	0.72	1.0	1.0
17	1	71	3.71	0.461	17.065	0.772	1.0	1.0
17	1	68	2.935	0.68	18.161	1.098	1.0	1.0
17	1	65	2.129	0.341	19.903	1.469	1.0	1.0
17	1	62	2.0	0.0	21.29	1.774	1.0	1.0
17	1	59	2.0	0.0	23.968	2.714	1.0	1.0
17	1	56	1.806	0.477	27.4	3.626	0.968	0.968
17	1	53	1.038	0.916	32.762	4.46	0.516	0.677
17	1	50	0.0	0.0	35.0	0.0	0.0	0.032
17	1	47	0.0	0.0	nan	nan	0.0	0.0
17	1	44	0.0	0.0	nan	nan	0.0	0.0
18	1	420	15.032	0.18	10.0	0.0	1.0	1.0
18	1	380	13.968	0.18	10.0	0.0	1.0	1.0
18	1	340	12.742	0.445	10.0	0.0	1.0	1.0
18	1	300	11.129	0.341	10.0	0.0	1.0	1.0
18	1	260	9.968	0.18	10.226	0.425	1.0	1.0
18	1	220	8.097	0.301	11.0	0.0	1.0	1.0
18	1	180	6.935	0.25	11.29	0.461	1.0	1.0
18	1	140	4.968	0.18	12.935	0.25	1.0	1.0
18	1	100	3.0	0.0	15.613	0.495	1.0	1.0
18	1	77	1.0	0.0	21.871	1.5	1.0	1.0
18	1	74	0.867	0.346	23.222	1.739	0.839	0.871
18	1	71	0.323	0.475	25.3	1.889	0.323	0.323
18	1	68	0.0	0.0	nan	nan	0.0	0.0
18	1	65	0.0	0.0	nan	nan	0.0	0.0
18	1	62	0.0	0.0	nan	nan	0.0	0.0
18	1	59	0.0	0.0	nan	nan	0.0	0.0
18	1	56	0.0	0.0	nan	nan	0.0	0.0
18	1	53	0.0	0.0	nan	nan	0.0	0.0
18	1	50	0.0	0.0	nan	nan	0.0	0.0
18	1	47	0.0	0.0	nan	nan	0.0	0.0
18	1	44	0.0	0.0	nan	nan	0.0	0.0
19	1	420	24.581	0.502	10.0	0.0	1.0	1.0
19	1	380	22.903	0.301	10.0	0.0	1.0	1.0
19	1	340	20.774	0.425	10.0	0.0	1.0	1.0
19	1	300	18.774	0.425	10.0	0.0	1.0	1.0
19	1	260	16.194	0.402	10.0	0.0	1.0	1.0
19	1	220	14.0	0.365	10.323	0.475	1.0	1.0
19	1	180	11.355	0.486	11.0	0.0	1.0	1.0
19	1	140	8.839	0.374	12.032	0.18	1.0	1.0
19	1	100	5.968	0.18	14.097	0.301	1.0	1.0
19	1	77	3.871	0.428	17.71	0.693	1.0	1.0
19	1	74	3.323	0.475	18.645	0.877	1.0	1.0
19	1	71	2.968	0.315	19.935	0.998	1.0	1.0
19	1	68	2.677	0.475	21.387	1.407	1.0	1.0
19	1	65	2.194	0.402	23.323	1.851	1.0	1.0
19	1	62	2.0	0.258	26.677	3.004	1.0	1.0
19	1	59	1.767	0.504	30.967	3.873	0.935	0.968
19	1	56	0.414	0.682	36.909	4.3	0.29	0.355
19	1	53	0.0	0.0	nan	nan	0.0	0.0
19	1	50	0.0	0.0	nan	nan	0.0	0.0
19	1	47	0.0	0.0	nan	nan	0.0	0.0
19	1	44	0.0	0.0	nan	nan	0.0	0.0
20	1	420	20.839	0.374	9.452	0.506	1.0	1.0
20	1	380	19.032	0.18	9.968	0.18	1.0	1.0
20	1	340	17.419	0.502	10.0	0.0	1.0	1.0
20	1	300	15.742	0.445	10.0	0.0	1.0	1.0
20	1	260	13.71	0.461	10.0	0.0	1.0	1.0
20	1	220	11.71	0.461	10.097	0.301	1.0	1.0
20	1	180	9.419	0.502	11.0	0.0	1.0	1.0
20	1	140	7.065	0.25	12.032	0.18	1.0	1.0
20	1	100	5.0	0.0	14.29	0.461	1.0	1.0
20	1	77	3.0	0.775	18.323	0.871	1.0	1.0
20	1	74	2.581	0.62	18.903	0.87	1.0	1.0
20	1	71	2.097	0.301	19.871	1.024	1.0	1.0
20	1	68	2.0	0.0	21.742	1.264	1.0	1.0
20	1	65	1.968	0.18	23.419	1.523	1.0	1.0
20	1	62	1.516	0.508	25.323	2.151	1.0	1.0
20	1	59	1.452	0.624	28.0	3.273	0.935	0.935
20	1	56	0.333	0.555	31.917	2.575	0.258	0.387
20	1	53	0.1	0.305	33.25	1.893	0.097	0.129
20	1	50	0.0	0.0	nan	nan	0.0	0.0
20	1	47	0.0	0.0	nan	nan	0.0	0.0
20	1	44	0.0	0.0	nan	nan	0.0	0.0
21	1	420	15.548	0.506	9.968	0.18	1.0	1.0
21	1	380	14.194	0.402	10.0	0.0	1.0	1.0
21	1	340	13.0	0.0	10.0	0.0	1.0	1.0
21	1	300	11.419	0.502	10.0	0.0	1.0	1.0
21	1	260	10.0	0.0	10.0	0.0	1.0	1.0
21	1	220	8.032	0.18	10.903	0.301	1.0	1.0
21	1	180	6.806	0.402	11.0	0.0	1.0	1.0
21	1	140	4.935	0.25	12.323	0.475	1.0	1.0
21	1	100	3.0	0.0	15.323	0.475	1.0	1.0
21	1	77	0.968	0.18	21.733	1.461	0.968	0.968
21	1	74	0.742	0.445	23.174	1.922	0.742	0.742
21	1	71	0.31	0.471	26.636	2.73	0.29	0.355
21	1	68	0.0	0.0	nan	nan	0.0	0.0
21	1	65	0.0	0.0	nan	nan	0.0	0.0
21	1	62	0.0	0.0	nan	nan	0.0	0.0
21	1	59	0.0	0.0	nan	nan	0.0	0.0
21	1	56	0.0	0.0	nan	nan	0.0	0.0
21	1	53	0.0	0.0	nan	nan	0.0	0.0
21	1	50	0.0	0.0	nan	nan	0.0	0.0
21	1	47	0.0	0.0	nan	nan	0.0	0.0
21	1	44	0.0	0.0	nan	nan	0.0	0.0
22	1	420	22.871	0.341	9.0	0.0	1.0	1.0
22	1	380	21.161	0.374	9.0	0.0	1.0	1.0
22	1	340	19.29	0.461	9.194	0.402	1.0	1.0
22	1	300	17.258	0.445	9.935	0.25	1.0	1.0
22	1	260	15.226	0.425	10.0	0.0	1.0	1.0
22	1	220	13.065	0.25	10.0	0.0	1.0	1.0
22	1	180	10.774	0.425	10.516	0.508	1.0	1.0
22	1	140	8.065	0.25	11.29	0.461	1.0	1.0
22	1	100	5.806	0.402	13.452	0.506	1.0	1.0
22	1	77	4.065	0.25	16.355	0.486	1.0	1.0
22	1	74	4.0	0.0	16.839	0.688	1.0	1.0
22	1	71	3.677	0.475	17.774	0.845	1.0	1.0
22	1	68	3.097	0.597	18.871	1.088	1.0	1.0
22	1	65	2.581	0.62	20.387	1.726	1.0	1.0
22	1	62	2.065	0.25	21.968	1.683	1.0	1.0
22	1	59	2.0	0.0	25.194	2.33	1.0	1.0
22	1	56	1.867	0.434	29.567	4.023	0.935	0.968
22	1	53	0.962	0.774	34.652	3.688	0.581	0.742
22	1	50	0.0	0.0	nan	nan	0.0	0.0
22	1	47	0.0	0.0	nan	nan	0.0	0.0
22	1	44	0.0	0.0	nan	nan	0.0	0.0
23	1	420	15.129	0.341	9.129	0.341	1.0	1.0
23	1	380	14.0	0.0	9.871	0.341	1.0	1.0
23	1	340	12.839	0.374	10.0	0.0	1.0	1.0
23	1	300	11.065	0.25	10.0	0.0	1.0	1.0
23	1	260	9.871	0.341	10.0	0.0	1.0	1.0
23	1	220	8.0	0.0	10.129	0.341	1.0	1.0
23	1	180	6.548	0.506	11.0	0.0	1.0	1.0
23	1	140	5.0	0.0	12.0	0.0	1.0	1.0
23	1	100	3.0	0.0	15.0	0.258	1.0	1.0
23	1	77	1.0	0.0	21.323	1.72	1.0	1.0
23	1	74	0.8	0.407	23.16	1.972	0.774	0.806
23	1	71	0.2	0.407	24.429	1.813	0.194	0.226
23	1	68	0.0	0.0	nan	nan	0.0	0.0
23	1	65	0.0	0.0	nan	nan	0.0	0.0
23	1	62	0.0	0.0	nan	nan	0.0	0.0
23	1	59	0.0	0.0	nan	nan	0.0	0.0
23	1	56	0.0	0.0	nan	nan	0.0	0.0
23	1	53	0.0	0.0	nan	nan	0.0	0.0
23	1	50	0.0	0.0	nan	nan	0.0	0.0
23	1	47	0.0	0.0	nan	nan	0.0	0.0
23	1	44	0.0	0.0	nan	nan	0.0	0.0
24	1	420	17.0	0.0	10.0	0.0	1.0	1.0
24	1	380	15.839	0.374	10.0	0.0	1.0	1.0
24	1	340	14.258	0.445	10.0	0.0	1.0	1.0
24	1	300	12.774	0.425	10.0	0.0	1.0	1.0
24	1	260	10.968	0.18	10.0	0.0	1.0	1.0
24	1	220	9.065	0.25	10.516	0.508	1.0	1.0
24	1	180	7.258	0.445	11.0	0.0	1.0	1.0
24	1	140	5.355	0.486	12.032	0.18	1.0	1.0
24	1	100	3.581	0.502	14.839	0.374	1.0	1.0
24	1	77	1.194	0.477	18.968	1.251	1.0	1.0
24	1	74	1.0	0.0	20.226	0.884	1.0	1.0
24	1	71	1.0	0.0	22.452	1.48	1.0	1.0
24	1	68	0.8	0.407	24.24	1.422	0.774	0.806
24	1	65	0.258	0.445	25.125	1.458	0.258	0.258
24	1	62	0.0	0.0	nan	nan	0.0	0.0
24	1	59	0.0	0.0	nan	nan	0.0	0.0
24	1	56	0.0	0.0	nan	nan	0.0	0.0
24	1	53	0.0	0.0	nan	nan	0.0	0.0
24	1	50	0.0	0.0	nan	nan	0.0	0.0
24	1	47	0.0	0.0	nan	nan	0.0	0.0
24	1	44	0.0	0.0	nan	nan	0.0	0.0
25	1	420	13.0	0.0	9.968	0.18	1.0	1.0
25	1	380	12.0	0.0	10.0	0.0	1.0	1.0
25	1	340	11.0	0.0	10.0	0.0	1.0	1.0
25	1	300	9.677	0.475	10.0	0.0	1.0	1.0
25	1	260	8.0	0.0	10.0	0.0	1.0	1.0
25	1	220	7.0	0.0	10.774	0.425	1.0	1.0
25	1	180	5.29	0.461	11.0	0.0	1.0	1.0
25	1	140	4.0	0.0	12.581	0.502	1.0	1.0
25	1	100	2.065	0.25	15.677	0.599	1.0	1.0
25	1	77	0.036	0.189	26.0	1.414	0.032	0.129
25	1	74	0.033	0.183	25.0	1.414	0.032	0.065
25	1	71	0.0	0.0	nan	nan	0.0	0.0
25	1	68	0.0	0.0	nan	nan	0.0	0.0
25	1	65	0.0	0.0	nan	nan	0.0	0.0
25	1	62	0.0	0.0	nan	nan	0.0	0.0
25	1	59	0.0	0.0	nan	nan	0.0	0.0
25	1	56	0.0	0.0	nan	nan	0.0	0.0
25	1	53	0.0	0.0	nan	nan	0.0	0.0
25	1	50	0.0	0.0	nan	nan	0.0	0.0
25	1	47	0.0	0.0	nan	nan	0.0	0.0
25	1	44	0.0	0.0	nan	nan	0.0	0.0
26	1	420	22.065	0.25	10.0	0.0	1.0	1.0
26	1	380	20.29	0.461	10.0	0.0	1.0	1.0
26	1	340	18.548	0.506	10.0	0.0	1.0	1.0
26	1	300	16.774	0.425	10.0	0.0	1.0	1.0
26	1	260	14.774	0.425	10.0	0.0	1.0	1.0
26	1	220	12.613	0.495	10.742	0.445	1.0	1.0
26	1	180	10.0	0.0	11.0	0.0	1.0	1.0
26	1	140	7.968	0.18	12.032	0.18	1.0	1.0
26	1	100	5.484	0.508	14.065	0.359	1.0	1.0
26	1	77	3.742	0.445	17.742	0.815	1.0	1.0
26	1	74	3.29	0.461	18.484	0.626	1.0	1.0
26	1	71	2.677	0.541	19.935	0.929	1.0	1.0
26	1	68	2.355	0.551	21.161	1.44	1.0	1.0
26	1	65	2.032	0.18	23.097	1.599	1.0	1.0
26	1	62	1.968	0.18	25.903	2.7	1.0	1.0
26	1	59	1.833	0.379	29.161	3.813	0.968	1.0
26	1	56	0.75	0.887	33.938	5.026	0.419	0.516
26	1	53	0.032	0.18	35.0	0.0	0.032	0.032
26	1	50	0.0	0.0	nan	nan	0.0	0.0
26	1	47	0.0	0.0	nan	nan	0.0	0.0
26	1	44	0.0	0.0	nan	nan	0.0	0.0
27	1	420	22.903	0.301	9.032	0.18	1.0	1.0
27	1	380	21.065	0.25	9.387	0.495	1.0	1.0
27	1	340	19.129	0.428	9.839	0.374	1.0	1.0
27	1	300	17.065	0.359	10.0	0.0	1.0	1.0
27	1	260	15.032	0.18	10.0	0.0	1.0	1.0
27	1	220	12.677	0.475	10.0	0.0	1.0	1.0
27	1	180	10.194	0.402	10.839	0.374	1.0	1.0
27	1	140	7.806	0.402	11.387	0.495	1.0	1.0
27	1	100	5.129	0.341	13.129	0.428	1.0	1.0
27	1	77	3.871	0.341	15.71	0.739	1.0	1.0
27	1	74	3.387	0.495	16.129	0.718	1.0	1.0
27	1	71	3.065	0.359	16.71	0.824	1.0	1.0
27	1	68	2.871	0.341	17.452	0.81	1.0	1.0
27	1	65	2.516	0.57	18.065	0.892	1.0	1.0
27	1	62	2.0	0.577	19.677	1.777	1.0	1.0
27	1	59	1.452	0.506	21.129	1.765	1.0	1.0
27	1	56	1.133	0.346	23.355	2.882	0.968	1.0
27	1	53	0.516	0.508	25.625	2.778	0.516	0.516
27	1	50	0.0	0.0	nan	nan	0.0	0.0
27	1	47	0.0	0.0	nan	nan	0.0	0.0
27	1	44	0.0	0.0	nan	nan	0.0	0.0
28	1	420	21.903	0.301	9.0	0.0	1.0	1.0
28	1	380	20.032	0.18	9.0	0.0	1.0	1.0
28	1	340	18.161	0.374	9.0	0.0	1.0	1.0
28	1	300	16.032	0.18	9.0	0.0	1.0	1.0
28	1	260	14.032	0.18	9.677	0.475	1.0	1.0
28	1	220	11.806	0.402	10.0	0.0	1.0	1.0
28	1	180	9.097	0.396	10.065	0.25	1.0	1.0
28	1	140	6.935	0.25	11.032	0.18	1.0	1.0
28	1	100	4.032	0.18	13.452	0.506	1.0	1.0
28	1	77	2.677	0.475	16.548	0.624	1.0	1.0
28	1	74	2.032	0.605	17.516	0.724	1.0	1.0
28	1	71	1.419	0.502	18.742	1.21	1.0	1.0
28	1	68	1.133	0.346	20.581	2.187	0.968	1.0
28	1	65	0.871	0.341	22.926	1.685	0.871	0.871
28	1	62	0.133	0.346	25.4	2.302	0.129	0.161
28	1	59	0.0	0.0	nan	nan	0.0	0.0
28	1	56	0.0	0.0	nan	nan	0.0	0.0
28	1	53	0.0	0.0	nan	nan	0.0	0.0
28	1	50	0.0	0.0	nan	nan	0.0	0.0
28	1	47	0.0	0.0	nan	nan	0.0	0.0
28	1	44	0.0	0.0	nan	nan	0.0	0.0
29	1	420	18.032	0.18	9.0	0.0	1.0	1.0
29	1	380	16.903	0.301	9.0	0.0	1.0	1.0
29	1	340	15.355	0.486	9.0	0.0	1.0	1.0
29	1	300	14.0	0.0	9.258	0.445	1.0	1.0
29	1	260	12.032	0.18	10.0	0.0	1.0	1.0
29	1	220	10.194	0.402	10.0	0.0	1.0	1.0
29	1	180	8.613	0.495	10.194	0.402	1.0	1.0
29	1	140	6.806	0.402	11.065	0.25	1.0	1.0
29	1	100	4.839	0.374	13.097	0.301	1.0	1.0
29	1	77	3.323	0.475	16.032	0.547	1.0	1.0
29	1	74	3.097	0.301	16.774	0.617	1.0	1.0
29	1	71	2.839	0.374	17.516	0.962	1.0	1.0
29	1	68	2.226	0.425	18.968	1.016	1.0	1.0
29	1	65	2.097	0.396	20.645	1.78	1.0	1.0
29	1	62	1.871	0.341	22.355	2.229	1.0	1.0
29	1	59	1.483	0.574	27.2	4.491	0.903	0.968
29	1	56	0.36	0.569	32.929	3.931	0.258	0.452
29	1	53	0.0	0.0	nan	nan	0.0	0.0
29	1	50	0.0	0.0	nan	nan	0.0	0.0
29	1	47	0.0	0.0	nan	nan	0.0	0.0
29	1	44	0.0	0.0	nan	nan	0.0	0.0
30	1	420	17.935	0.25	10.0	0.0	1.0	1.0
30	1	380	16.387	0.495	10.0	0.0	1.0	1.0
30	1	340	15.0	0.0	10.0	0.0	1.0	1.0
30	1	300	13.258	0.445	10.0	0.0	1.0	1.0
30	1	260	11.774	0.425	10.548	0.506	1.0	1.0
30	1	220	10.0	0.0	11.0	0.0	1.0	1.0
30	1	180	7.968	0.18	11.323	0.475	1.0	1.0
30	1	140	5.968	0.18	12.258	0.445	1.0	1.0
30	1	100	3.968	0.18	15.065	0.442	1.0	1.0
30	1	77	1.903	0.396	20.0	1.183	1.0	1.0
30	1	74	1.548	0.506	21.516	1.435	1.0	1.0
30	1	71	1.258	0.445	22.968	1.251	1.0	1.0
30	1	68	1.0	0.365	24.828	1.365	0.935	0.935
30	1	65	0.516	0.508	29.688	3.049	0.516	0.516
30	1	62	0.033	0.183	34.0	0.0	0.032	0.065
30	1	59	0.0	0.0	nan	nan	0.0	0.0
30	1	56	0.0	0.0	nan	nan	0.0	0.0
30	1	53	0.0	0.0	nan	nan	0.0	0.0
30	1	50	0.0	0.0	nan	nan	0.0	0.0
30	1	47	0.0	0.0	nan	nan	0.0	0.0
30	1	44	0.0	0.0	nan	nan	0.0	0.0
31	1	420	15.032	0.18	9.0	0.0	1.0	1.0
31	1	380	14.032	0.18	9.0	0.0	1.0	1.0
31	1	340	12.903	0.301	9.387	0.495	1.0	1.0
31	1	300	11.419	0.502	9.935	0.25	1.0	1.0
31	1	260	10.0	0.0	10.0	0.0	1.0	1.0
31	1	220	8.806	0.402	10.0	0.0	1.0	1.0
31	1	180	6.968	0.18	10.806	0.402	1.0	1.0
31	1	140	5.355	0.486	11.581	0.502	1.0	1.0
31	1	100	4.0	0.0	13.935	0.359	1.0	1.0
31	1	77	2.839	0.374	17.29	0.824	1.0	1.0
31	1	74	2.419	0.72	18.194	0.91	1.0	1.0
31	1	71	1.935	0.727	18.677	1.045	1.0	1.0
31	1	68	1.484	0.626	20.968	1.779	1.0	1.0
31	1	65	1.032	0.18	23.516	2.669	1.0	1.0
31	1	62	0.935	0.25	26.241	2.614	0.935	0.935
31	1	59	0.241	0.435	31.333	4.444	0.226	0.29
31	1	56	0.0	0.0	nan	nan	0.0	0.0
31	1	53	0.0	0.0	nan	nan	0.0	0.0
31	1	50	0.0	0.0	nan	nan	0.0	0.0
31	1	47	0.0	0.0	nan	nan	0.0	0.0
31	1	44	0.0	0.0	nan	nan	0.0	0.0
0	2	420	20.0	0.0	8.742	0.445	1.0	1.0
0	2	380	18.774	0.425	9.0	0.0	1.0	1.0
0	2	340	16.968	0.18	9.0	0.0	1.0	1.0
0	2	300	15.226	0.425	9.0	0.0	1.0	1.0
0	2	260	13.742	0.445	9.0	0.0	1.0	1.0
0	2	220	11.839	0.374	9.032	0.18	1.0	1.0
0	2	180	9.71	0.461	10.0	0.0	1.0	1.0
0	2	140	7.29	0.461	10.968	0.18	1.0	1.0
0	2	100	5.0	0.0	13.097	0.301	1.0	1.0
0	2	77	3.774	0.497	16.903	0.79	1.0	1.0
0	2	74	3.29	0.693	17.903	0.831	1.0	1.0
0	2	71	2.452	0.624	18.903	1.3	1.0	1.0
0	2	68	2.0	0.0	21.161	1.968	1.0	1.0
0	2	65	2.0	0.0	23.194	1.276	1.0	1.0
0	2	62	1.9	0.403	27.677	3.978	0.968	1.0
0	2	59	1.52	0.653	32.793	3.211	0.742	0.935
0	2	56	0.0	0.0	37.5	1.732	0.0	0.129
0	2	53	0.0	0.0	nan	nan	0.0	0.0
0	2	50	0.0	0.0	nan	nan	0.0	0.0
0	2	47	0.0	0.0	nan	nan	0.0	0.0
0	2	44	0.0	0.0	nan	nan	0.0	0.0
1	2	420	13.0	0.0	9.0	0.0	1.0	1.0
1	2	380	12.0	0.0	9.0	0.0	1.0	1.0
1	2	340	10.935	0.25	9.032	0.18	1.0	1.0
1	2	300	9.871	0.341	9.516	0.508	1.0	1.0
1	2	260	8.387	0.495	10.0	0.0	1.0	1.0
1	2	220	7.0	0.0	10.0	0.0	1.0	1.0
1	2	180	5.935	0.25	10.742	0.445	1.0	1.0
1	2	140	4.194	0.402	11.742	0.445	1.0	1.0
1	2	100	3.0	0.0	14.129	0.341	1.0	1.0
1	2	77	1.452	0.506	18.419	0.886	1.0	1.0
1	2	74	1.065	0.25	20.484	1.805	1.0	1.0
1	2	71	0.897	0.31	22.25	1.993	0.839	0.903
1	2	68	0.423	0.504	24.812	2.198	0.355	0.516
1	2	65	0.071	0.262	25.6	1.14	0.065	0.161
1	2	62	0.0	0.0	nan	nan	0.0	0.0
1	2	59	0.0	0.0	nan	nan	0.0	0.0
1	2	56	0.0	0.0	nan	nan	0.0	0.0
1	2	53	0.0	0.0	nan	nan	0.0	0.0
1	2	50	0.0	0.0	nan	nan	0.0	0.0
1	2	47	0.0	0.0	nan	nan	0.0	0.0
1	2	44	0.0	0.0	nan	nan	0.0	0.0
2	2	420	15.032	0.18	9.0	0.0	1.0	1.0
2	2	380	14.0	0.0	9.0	0.0	1.0	1.0
2	2	340	12.806	0.402	9.0	0.0	1.0	1.0
2	2	300	11.129	0.341	9.0	0.0	1.0	1.0
2	2	260	10.0	0.0	9.774	0.425	1.0	1.0
2	2	220	8.129	0.341	9.968	0.18	1.0	1.0
2	2	180	6.968	0.18	10.258	0.445	1.0	1.0
2	2	140	5.0	0.0	11.29	0.461	1.0	1.0
2	2	100	3.129	0.341	14.0	0.258	1.0	1.0
2	2	77	1.677	0.475	18.0	0.931	1.0	1.0
2	2	74	1.194	0.402	19.355	1.253	1.0	1.0
2	2	71	1.067	0.254	20.742	1.653	0.968	1.0
2	2	68	0.69	0.471	22.5	1.655	0.645	0.71
2	2	65	0.133	0.346	25.2	0.837	0.129	0.161
2	2	62	0.033	0.183	25.5	2.121	0.032	0.065
2	2	59	0.0	0.0	nan	nan	0.0	0.0
2	2	56	0.0	0.0	nan	nan	0.0	0.0
2	2	53	0.0	0.0	nan	nan	0.0	0.0
2	2	50	0.0	0.0	nan	nan	0.0	0.0
2	2	47	0.0	0.0	nan	nan	0.0	0.0
2	2	44	0.0	0.0	nan	nan	0.0	0.0
3	2	420	15.71	0.461	9.0	0.0	1.0	1.0
3	2	380	14.774	0.425	9.0	0.0	1.0	1.0
3	2	340	13.129	0.341	9.0	0.0	1.0	1.0
3	2	300	12.0	0.0	9.032	0.18	1.0	1.0
3	2	260	10.742	0.445	9.613	0.495	1.0	1.0
3	2	220	9.0	0.0	10.0	0.0	1.0	1.0
3	2	180	7.645	0.486	10.032	0.18	1.0	1.0
3	2	140	5.935	0.25	11.065	0.25	1.0	1.0
3	2	100	4.0	0.0	13.323	0.475	1.0	1.0
3	2	77	2.935	0.25	16.516	0.724	1.0	1.0
3	2	74	2.548	0.675	17.806	0.703	1.0	1.0
3	2	71	1.935	0.854	18.774	1.334	1.0	1.0
3	2	68	1.129	0.428	20.677	1.579	1.0	1.0
3	2	65	1.065	0.25	23.323	1.681	1.0	1.0
3	2	62	0.867	0.346	25.481	2.792	0.839	0.871
3	2	59	0.414	0.501	27.429	4.553	0.387	0.452
3	2	56	0.0	0.0	nan	nan	0.0	0.0
3	2	53	0.0	0.0	nan	nan	0.0	0.0
3	2	50	0.0	0.0	nan	nan	0.0	0.0
3	2	47	0.0	0.0	nan	nan	0.0	0.0
3	2	44	0.0	0.0	nan	nan	0.0	0.0
4	2	420	17.452	0.506	9.0	0.0	1.0	1.0
4	2	380	16.387	0.495	9.0	0.0	1.0	1.0
4	2	340	15.0	0.0	9.0	0.0	1.0	1.0
4	2	300	13.452	0.506	9.0	0.0	1.0	1.0
4	2	260	11.903	0.301	9.065	0.25	1.0	1.0
4	2	220	10.097	0.301	9.968	0.18	1.0	1.0
4	2	180	8.29	0.461	10.032	0.18	1.0	1.0
4	2	140	6.806	0.402	11.065	0.25	1.0	1.0
4	2	100	4.806	0.402	13.065	0.359	1.0	1.0
4	2	77	3.806	0.402	16.129	0.718	1.0	1.0
4	2	74	3.226	0.497	16.774	0.717	1.0	1.0
4	2	71	2.968	0.547	17.548	1.179	1.0	1.0
4	2	68	2.581	0.502	18.419	1.361	1.0	1.0
4	2	65	2.032	0.18	20.871	1.893	1.0	1.0
4	2	62	2.0	0.0	22.742	2.516	1.0	1.0
4	2	59	1.871	0.428	26.467	3.048	0.968	0.968
4	2	56	1.08	0.862	30.739	4.798	0.548	0.742
4	2	53	0.069	0.258	35.0	1.414	0.065	0.129
4	2	50	0.0	0.0	nan	nan	0.0	0.0
4	2	47	0.0	0.0	nan	nan	0.0	0.0
4	2	44	0.0	0.0	nan	nan	0.0	0.0
5	2	420	16.097	0.301	9.0	0.0	1.0	1.0
5	2	380	15.032	0.18	9.0	0.0	1.0	1.0
5	2	340	13.903	0.301	9.032	0.18	1.0	1.0
5	2	300	12.355	0.486	9.839	0.374	1.0	1.0
5	2	260	11.0	0.0	10.0	0.0	1.0	1.0
5	2	220	9.258	0.445	10.0	0.0	1.0	1.0
5	2	180	7.839	0.374	10.839	0.374	1.0	1.0
5	2	140	6.0	0.0	11.742	0.445	1.0	1.0
5	2	100	4.0	0.0	14.226	0.425	1.0	1.0
5	2	77	2.097	0.301	19.323	0.909	1.0	1.0
5	2	74	1.968	0.18	20.742	1.237	1.0	1.0
5	2	71	1.935	0.25	22.323	1.701	1.0	1.0
5	2	68	1.567	0.504	26.226	2.692	0.968	1.0
5	2	65	0.741	0.656	30.619	4.353	0.548	0.677
5	2	62	0.0	0.0	37.0	0.0	0.0	0.032
5	2	59	0.0	0.0	nan	nan	0.0	0.0
5	2	56	0.0	0.0	nan	nan	0.0	0.0
5	2	53	0.0	0.0	nan	nan	0.0	0.0
5	2	50	0.0	0.0	nan	nan	0.0	0.0
5	2	47	0.0	0.0	nan	nan	0.0	0.0
5	2	44	0.0	0.0	nan	nan	0.0	0.0
6	2	420	16.129	0.341	9.0	0.0	1.0	1.0
6	2	380	15.032	0.18	9.0	0.0	1.0	1.0
6	2	340	14.0	0.0	9.0	0.0	1.0	1.0
6	2	300	12.677	0.475	9.0	0.0	1.0	1.0
6	2	260	11.032	0.18	9.065	0.25	1.0	1.0
6	2	220	9.71	0.461	10.0	0.0	1.0	1.0
6	2	180	8.0	0.0	10.0	0.0	1.0	1.0
6	2	140	6.0	0.0	11.0	0.0	1.0	1.0
6	2	100	4.355	0.486	13.161	0.374	1.0	1.0
6	2	77	3.065	0.25	16.516	0.626	1.0	1.0
6	2	74	2.935	0.25	17.29	0.783	1.0	1.0
6	2	71	2.452	0.506	18.548	0.85	1.0	1.0
6	2	68	2.0	0.0	20.452	1.457	1.0	1.0
6	2	65	1.935	0.25	22.129	2.232	1.0	1.0
6	2	62	1.548	0.506	24.742	2.175	1.0	1.0
6	2	59	1.345	0.614	29.483	3.582	0.871	0.935
6	2	56	0.148	0.362	33.125	3.182	0.129	0.258
6	2	53	0.0	0.0	nan	nan	0.0	0.0
6	2	50	0.0	0.0	nan	nan	0.0	0.0
6	2	47	0.0	0.0	nan	nan	0.0	0.0
6	2	44	0.0	0.0	nan	nan	0.0	0.0
7	2	420	16.226	0.425	9.0	0.0	1.0	1.0
7	2	380	15.032	0.18	9.0	0.0	1.0	1.0
7	2	340	13.935	0.25	9.0	0.0	1.0	1.0
7	2	300	12.452	0.506	9.0	0.0	1.0	1.0
7	2	260	11.0	0.0	9.548	0.506	1.0	1.0
7	2	220	9.129	0.341	10.0	0.0	1.0	1.0
7	2	180	7.742	0.445	10.161	0.374	1.0	1.0
7	2	140	5.806	0.402	11.194	0.402	1.0	1.0
7	2	100	3.806	0.402	13.71	0.461	1.0	1.0
7	2	77	2.258	0.682	17.645	0.877	1.0	1.0
7	2	74	1.484	0.677	18.484	0.811	1.0	1.0
7	2	71	1.161	0.374	20.097	1.7	1.0	1.0
7	2	68	1.0	0.0	21.903	1.7	1.0	1.0
7	2	65	0.655	0.484	24.571	2.135	0.613	0.677
7	2	62	0.129	0.341	26.0	2.0	0.129	0.129
7	2	59	0.0	0.0	nan	nan	0.0	0.0
7	2	56	0.0	0.0	nan	nan	0.0	0.0
7	2	53	0.0	0.0	nan	nan	0.0	0.0
7	2	50	0.0	0.0	nan	nan	0.0	0.0
7	2	47	0.0	0.0	nan	nan	0.0	0.0
7	2	44	0.0	0.0	nan	nan	0.0	0.0
8	2	420	16.968	0.18	9.0	0.0	1.0	1.0
8	2	380	15.806	0.402	9.0	0.0	1.0	1.0
8	2	340	14.129	0.341	9.0	0.0	1.0	1.0
8	2	300	12.968	0.18	9.032	0.18	1.0	1.0
8	2	260	11.065	0.25	9.677	0.475	1.0	1.0
8	2	220	9.452	0.506	10.0	0.0	1.0	1.0
8	2	180	7.839	0.374	10.032	0.18	1.0	1.0
8	2	140	6.0	0.0	11.032	0.18	1.0	1.0
8	2	100	4.0	0.0	13.355	0.486	1.0	1.0
8	2	77	2.452	0.506	16.452	0.723	1.0	1.0
8	2	74	2.097	0.597	17.387	0.803	1.0	1.0
8	2	71	1.323	0.475	18.935	1.181	1.0	1.0
8	2	68	1.065	0.359	20.4	1.793	0.968	0.968
8	2	65	0.867	0.346	22.519	2.31	0.839	0.871
8	2	62	0.385	0.496	25.267	2.604	0.323	0.484
8	2	59	0.0	0.0	nan	nan	0.0	0.0
8	2	56	0.0	0.0	nan	nan	0.0	0.0
8	2	53	0.0	0.0	nan	nan	0.0	0.0
8	2	50	0.0	0.0	nan	nan	0.0	0.0
8	2	47	0.0	0.0	nan	nan	0.0	0.0
8	2	44	0.0	0.0	nan	nan	0.0	0.0
9	2	420	23.903	0.301	9.032	0.18	1.0	1.0
9	2	380	22.032	0.18	9.065	0.25	1.0	1.0
9	2	340	20.194	0.402	9.419	0.502	1.0	1.0
9	2	300	18.194	0.402	9.903	0.301	1.0	1.0
9	2	260	16.032	0.315	10.0	0.0	1.0	1.0
9	2	220	13.806	0.402	10.0	0.0	1.0	1.0
9	2	180	11.065	0.359	10.613	0.495	1.0	1.0
9	2	140	8.548	0.506	11.129	0.341	1.0	1.0
9	2	100	5.806	0.402	13.194	0.402	1.0	1.0
9	2	77	4.065	0.25	15.774	0.617	1.0	1.0
9	2	74	3.871	0.341	16.419	0.672	1.0	1.0
9	2	71	3.613	0.495	17.065	0.814	1.0	1.0
9	2	68	3.032	0.605	17.71	1.071	1.0	1.0
9	2	65	2.613	0.667	18.839	1.003	1.0	1.0
9	2	62	2.032	0.407	20.581	1.523	1.0	1.0
9	2	59	1.871	0.428	21.677	1.492	1.0	1.0
9	2	56	1.484	0.57	23.7	2.103	0.968	0.968
9	2	53	0.897	0.772	27.381	4.466	0.613	0.677
9	2	50	0.167	0.379	30.167	3.869	0.161	0.194
9	2	47	0.0	0.0	nan	nan	0.0	0.0
9	2	44	0.0	0.0	nan	nan	0.0	0.0
10	2	420	19.968	0.315	9.0	0.0	1.0	1.0
10	2	380	18.323	0.475	9.0	0.0	1.0	1.0
10	2	340	16.871	0.341	9.0	0.0	1.0	1.0
10	2	300	15.226	0.425	9.032	0.18	1.0	1.0
10	2	260	13.323	0.475	9.581	0.502	1.0	1.0
10	2	220	11.548	0.506	10.0	0.0	1.0	1.0
10	2	180	9.258	0.445	10.032	0.18	1.0	1.0
10	2	140	7.032	0.315	11.032	0.18	1.0	1.0
10	2	100	4.871	0.341	13.129	0.341	1.0	1.0
10	2	77	3.323	0.475	16.161	0.583	1.0	1.0
10	2	74	3.29	0.461	17.032	0.752	1.0	1.0
10	2	71	2.774	0.425	17.581	0.992	1.0	1.0
10	2	68	2.258	0.514	19.0	0.856	1.0	1.0
10	2	65	1.871	0.499	20.226	1.454	1.0	1.0
10	2	62	1.645	0.486	22.645	2.074	1.0	1.0
10	2	59	1.226	0.56	24.828	2.765	0.935	0.935
10	2	56	0.677	0.599	26.737	2.705	0.613	0.613
10	2	53	0.032	0.18	31.0	0.0	0.032	0.032
10	2	50	0.0	0.0	nan	nan	0.0	0.0
10	2	47	0.0	0.0	nan	nan	0.0	0.0
10	2	44	0.0	0.0	nan	nan	0.0	0.0
11	2	420	14.355	0.486	9.032	0.18	1.0	1.0
11	2	380	13.097	0.301	9.419	0.502	1.0	1.0
11	2	340	12.032	0.18	9.935	0.25	1.0	1.0
11	2	300	10.968	0.18	10.0	0.0	1.0	1.0
11	2	260	9.484	0.508	10.0	0.0	1.0	1.0
11	2	220	8.0	0.0	10.0	0.0	1.0	1.0
11	2	180	6.516	0.508	11.0	0.0	1.0	1.0
11	2	140	5.0	0.0	11.968	0.18	1.0	1.0
11	2	100	3.032	0.18	14.452	0.568	1.0	1.0
11	2	77	1.161	0.374	19.355	1.018	1.0	1.0
11	2	74	1.032	0.18	20.839	1.791	1.0	1.0
11	2	71	0.967	0.183	23.367	2.092	0.935	0.968
11	2	68	0.621	0.494	24.55	2.781	0.581	0.645
11	2	65	0.032	0.18	27.0	0.0	0.032	0.032
11	2	62	0.0	0.0	nan	nan	0.0	0.0
11	2	59	0.0	0.0	nan	nan	0.0	0.0
11	2	56	0.0	0.0	nan	nan	0.0	0.0
11	2	53	0.0	0.0	nan	nan	0.0	0.0
11	2	50	0.0	0.0	nan	nan	0.0	0.0
11	2	47	0.0	0.0	nan	nan	0.0	0.0
11	2	44	0.0	0.0	nan	nan	0.0	0.0
12	2	420	19.645	0.486	9.0	0.0	1.0	1.0
12	2	380	18.032	0.18	9.0	0.0	1.0	1.0
12	2	340	16.774	0.425	9.0	0.0	1.0	1.0
12	2	300	15.0	0.0	9.419	0.502	1.0	1.0
12	2	260	13.226	0.425	10.0	0.0	1.0	1.0
12	2	220	11.548	0.506	10.0	0.0	1.0	1.0
12	2	180	9.484	0.508	10.742	0.445	1.0	1.0
12	2	140	7.29	0.461	11.419	0.502	1.0	1.0
12	2	100	5.0	0.0	13.935	0.359	1.0	1.0
12	2	77	3.806	0.477	17.355	0.839	1.0	1.0
12	2	74	3.0	0.775	18.516	0.769	1.0	1.0
12	2	71	2.194	0.402	19.839	1.128	1.0	1.0
12	2	68	2.065	0.25	21.194	1.47	1.0	1.0
12	2	65	2.0	0.0	23.097	1.491	1.0	1.0
12	2	62	1.968	0.18	25.065	1.914	1.0	1.0
12	2	59	1.767	0.43	30.161	3.865	0.968	1.0
12	2	56	0.92	0.812	32.727	3.782	0.516	0.71
12	2	53	0.0	0.0	nan	nan	0.0	0.0
12	2	50	0.0	0.0	nan	nan	0.0	0.0
12	2	47	0.0	0.0	nan	nan	0.0	0.0
12	2	44	0.0	0.0	nan	nan	0.0	0.0
13	2	420	21.774	0.425	9.0	0.0	1.0	1.0
13	2	380	20.097	0.301	9.0	0.0	1.0	1.0
13	2	340	18.258	0.445	9.0	0.0	1.0	1.0
13	2	300	16.226	0.425	9.0	0.0	1.0	1.0
13	2	260	14.097	0.301	9.806	0.402	1.0	1.0
13	2	220	11.935	0.25	10.0	0.0	1.0	1.0
13	2	180	9.742	0.445	10.355	0.486	1.0	1.0
13	2	140	7.226	0.425	11.29	0.461	1.0	1.0
13	2	100	4.484	0.508	13.935	0.512	1.0	1.0
13	2	77	2.613	0.495	17.774	0.99	1.0	1.0
13	2	74	2.161	0.688	18.452	1.091	1.0	1.0
13	2	71	1.548	0.506	20.452	1.877	1.0	1.0
13	2	68	1.032	0.18	22.194	1.47	1.0	1.0
13	2	65	0.71	0.529	24.333	2.394	0.677	0.677
13	2	62	0.3	0.466	27.4	4.061	0.29	0.323
13	2	59	0.0	0.0	nan	nan	0.0	0.0
13	2	56	0.0	0.0	nan	nan	0.0	0.0
13	2	53	0.0	0.0	nan	nan	0.0	0.0
13	2	50	0.0	0.0	nan	nan	0.0	0.0
13	2	47	0.0	0.0	nan	nan	0.0	0.0
13	2	44	0.0	0.0	nan	nan	0.0	0.0
14	2	420	13.484	0.508	9.0	0.0	1.0	1.0
14	2	380	12.355	0.486	9.161	0.374	1.0	1.0
14	2	340	11.29	0.461	9.839	0.374	1.0	1.0
14	2	300	10.032	0.18	10.0	0.0	1.0	1.0
14	2	260	9.0	0.0	10.0	0.0	1.0	1.0
14	2	220	7.839	0.374	10.0	0.0	1.0	1.0
14	2	180	6.0	0.0	11.0	0.0	1.0	1.0
14	2	140	4.903	0.301	11.71	0.461	1.0	1.0
14	2	100	3.0	0.0	13.968	0.315	1.0	1.0
14	2	77	1.871	0.341	17.419	0.765	1.0	1.0
14	2	74	1.355	0.486	18.968	1.779	1.0	1.0
14	2	71	1.069	0.258	20.677	2.056	0.935	1.0
14	2	68	0.739	0.449	22.84	2.461	0.548	0.806
14	2	65	0.033	0.183	23.5	0.707	0.032	0.065
14	2	62	0.0	0.0	nan	nan	0.0	0.0
14	2	59	0.0	0.0	nan	nan	0.0	0.0
14	2	56	0.0	0.0	nan	nan	0.0	0.0
14	2	53	0.0	0.0	nan	nan	0.0	0.0
14	2	50	0.0	0.0	nan	nan	0.0	0.0
14	2	47	0.0	0.0	nan	nan	0.0	0.0
14	2	44	0.0	0.0	nan	nan	0.0	0.0
15	2	420	18.161	0.374	9.0	0.0	1.0	1.0
15	2	380	17.0	0.0	9.0	0.0	1.0	1.0
15	2	340	15.581	0.502	9.0	0.0	1.0	1.0
15	2	300	14.0	0.0	9.0	0.0	1.0	1.0
15	2	260	12.452	0.506	9.871	0.341	1.0	1.0
15	2	220	10.903	0.301	10.0	0.0	1.0	1.0
15	2	180	8.968	0.18	10.097	0.301	1.0	1.0
15	2	140	7.0	0.0	11.032	0.18	1.0	1.0
15	2	100	4.968	0.18	13.452	0.506	1.0	1.0
15	2	77	3.71	0.461	16.581	0.564	1.0	1.0
15	2	74	3.032	0.482	17.613	0.715	1.0	1.0
15	2	71	2.419	0.502	18.774	1.283	1.0	1.0
15	2	68	2.032	0.18	20.129	1.408	1.0	1.0
15	2	65	2.0	0.0	22.516	1.208	1.0	1.0
15	2	62	1.935	0.25	24.968	2.415	1.0	1.0
15	2	59	1.613	0.495	27.677	2.427	1.0	1.0
15	2	56	0.552	0.686	31.267	3.751	0.419	0.484
15	2	53	0.065	0.25	32.5	0.707	0.065	0.065
15	2	50	0.0	0.0	nan	nan	0.0	0.0
15	2	47	0.0	0.0	nan	nan	0.0	0.0
15	2	44	0.0	0.0	nan	nan	0.0	0.0
16	2	420	18.29	0.461	9.0	0.0	1.0	1.0
16	2	380	17.0	0.0	9.0	0.0	1.0	1.0
16	2	340	15.871	0.341	9.032	0.18	1.0	1.0
16	2	300	14.065	0.25	9.516	0.508	1.0	1.0
16	2	260	12.742	0.445	10.0	0.0	1.0	1.0
16	2	220	10.968	0.18	10.0	0.0	1.0	1.0
16	2	180	9.0	0.0	10.161	0.374	1.0	1.0
16	2	140	7.0	0.0	11.129	0.341	1.0	1.0
16	2	100	5.0	0.0	13.29	0.461	1.0	1.0
16	2	77	3.968	0.18	16.419	0.502	1.0	1.0
16	2	74	3.742	0.445	17.065	0.772	1.0	1.0
16	2	71	3.258	0.773	17.774	0.669	1.0	1.0
16	2	68	2.323	0.541	18.968	1.251	1.0	1.0
16	2	65	2.065	0.25	21.226	1.839	1.0	1.0
16	2	62	2.0	0.0	23.129	1.544	1.0	1.0
16	2	59	1.903	0.301	26.419	4.064	1.0	1.0
16	2	56	1.483	0.785	32.0	4.481	0.774	0.839
16	2	53	0.0	0.0	nan	nan	0.0	0.0
16	2	50	0.0	0.0	nan	nan	0.0	0.0
16	2	47	0.0	0.0	nan	nan	0.0	0.0
16	2	44	0.0	0.0	nan	nan	0.0	0.0
17	2	420	16.903	0.301	9.0	0.0	1.0	1.0
17	2	380	15.903	0.301	9.0	0.0	1.0	1.0
17	2	340	14.387	0.495	9.0	0.0	1.0	1.0
17	2	300	13.0	0.0	9.0	0.0	1.0	1.0
17	2	260	11.645	0.486	9.355	0.486	1.0	1.0
17	2	220	10.0	0.0	10.0	0.0	1.0	1.0
17	2	180	8.032	0.18	10.0	0.0	1.0	1.0
17	2	140	6.194	0.402	11.097	0.301	1.0	1.0
17	2	100	4.258	0.445	13.645	0.486	1.0	1.0
17	2	77	2.935	0.359	17.29	0.864	1.0	1.0
17	2	74	2.452	0.506	18.419	1.025	1.0	1.0
17	2	71	2.065	0.25	19.71	1.465	1.0	1.0
17	2	68	1.968	0.18	21.871	1.746	1.0	1.0
17	2	65	1.742	0.514	24.933	2.545	0.968	0.968
17	2	62	0.655	0.769	30.062	4.626	0.452	0.516
17	2	59	0.0	0.0	40.0	0.0	0.0	0.032
17	2	56	0.0	0.0	nan	nan	0.0	0.0
17	2	53	0.0	0.0	nan	nan	0.0	0.0
17	2	50	0.0	0.0	nan	nan	0.0	0.0
17	2	47	0.0	0.0	nan	nan	0.0	0.0
17	2	44	0.0	0.0	nan	nan	0.0	0.0
18	2	420	16.774	0.425	9.0	0.0	1.0	1.0
18	2	380	15.258	0.445	9.0	0.0	1.0	1.0
18	2	340	14.0	0.0	9.0	0.0	1.0	1.0
18	2	300	12.774	0.425	9.0	0.0	1.0	1.0
18	2	260	11.0	0.0	9.0	0.0	1.0	1.0
18	2	220	9.161	0.374	9.581	0.502	1.0	1.0
18	2	180	7.871	0.341	10.0	0.0	1.0	1.0
18	2	140	5.935	0.25	11.0	0.0	1.0	1.0
18	2	100	4.0	0.0	13.871	0.428	1.0	1.0
18	2	77	2.29	0.588	18.581	0.958	1.0	1.0
18	2	74	1.581	0.62	19.871	1.36	1.0	1.0
18	2	71	1.161	0.374	21.774	1.746	1.0	1.0
18	2	68	1.0	0.263	24.833	3.097	0.935	0.968
18	2	65	0.607	0.497	28.35	3.815	0.548	0.645
18	2	62	0.0	0.0	36.0	0.0	0.0	0.032
18	2	59	0.0	0.0	nan	nan	0.0	0.0
18	2	56	0.0	0.0	nan	nan	0.0	0.0
18	2	53	0.0	0.0	nan	nan	0.0	0.0
18	2	50	0.0	0.0	nan	nan	0.0	0.0
18	2	47	0.0	0.0	nan	nan	0.0	0.0
18	2	44	0.0	0.0	nan	nan	0.0	0.0
19	2	420	17.516	0.508	9.0	0.0	1.0	1.0
19	2	380	16.161	0.374	9.0	0.0	1.0	1.0
19	2	340	15.0	0.0	9.0	0.0	1.0	1.0
19	2	300	13.226	0.425	9.097	0.301	1.0	1.0
19	2	260	12.0	0.0	9.871	0.341	1.0	1.0
19	2	220	10.0	0.0	10.0	0.0	1.0	1.0
19	2	180	8.065	0.25	10.613	0.495	1.0	1.0
19	2	140	6.097	0.301	11.903	0.301	1.0	1.0
19	2	100	4.0	0.0	14.484	0.508	1.0	1.0
19	2	77	2.065	0.25	20.452	1.63	1.0	1.0
19	2	74	2.0	0.0	22.355	1.889	1.0	1.0
19	2	71	1.871	0.341	24.516	2.743	1.0	1.0
19	2	68	1.296	0.609	30.379	4.03	0.806	0.935
19	2	65	0.345	0.614	31.9	3.071	0.258	0.323
19	2	62	0.0	0.0	nan	nan	0.0	0.0
19	2	59	0.0	0.0	nan	nan	0.0	0.0
19	2	56	0.0	0.0	nan	nan	0.0	0.0
19	2	53	0.0	0.0	nan	nan	0.0	0.0
19	2	50	0.0	0.0	nan	nan	0.0	0.0
19	2	47	0.0	0.0	nan	nan	0.0	0.0
19	2	44	0.0	0.0	nan	nan	0.0	0.0
20	2	420	15.258	0.445	9.0	0.0	1.0	1.0
20	2	380	13.935	0.442	9.0	0.0	1.0	1.0
20	2	340	12.774	0.425	9.0	0.0	1.0	1.0
20	2	300	11.516	0.508	9.484	0.508	1.0	1.0
20	2	260	9.968	0.18	10.0	0.0	1.0	1.0
20	2	220	8.645	0.486	10.0	0.0	1.0	1.0
20	2	180	7.0	0.0	10.935	0.25	1.0	1.0
20	2	140	5.161	0.374	11.903	0.301	1.0	1.0
20	2	100	3.484	0.508	14.419	0.564	1.0	1.0
20	2	77	1.419	0.564	19.548	1.179	1.0	1.0
20	2	74	1.129	0.341	21.484	2.014	1.0	1.0
20	2	71	1.0	0.0	23.129	1.996	1.0	1.0
20	2	68	0.968	0.18	26.433	3.025	0.968	0.968
20	2	65	0.097	0.301	25.0	1.0	0.097	0.097
20	2	62	0.0	0.0	nan	nan	0.0	0.0
20	2	59	0.0	0.0	nan	nan	0.0	0.0
20	2	56	0.0	0.0	nan	nan	0.0	0.0
20	2	53	0.0	0.0	nan	nan	0.0	0.0
20	2	50	0.0	0.0	nan	nan	0.0	0.0
20	2	47	0.0	0.0	nan	nan	0.0	0.0
20	2	44	0.0	0.0	nan	nan	0.0	0.0
21	2	420	19.871	0.341	9.0	0.0	1.0	1.0
21	2	380	18.129	0.341	9.419	0.502	1.0	1.0
21	2	340	16.484	0.508	9.935	0.25	1.0	1.0
21	2	300	14.968	0.18	10.0	0.0	1.0	1.0
21	2	260	13.0	0.258	10.0	0.0	1.0	1.0
21	2	220	11.032	0.18	10.0	0.0	1.0	1.0
21	2	180	8.968	0.18	11.0	0.0	1.0	1.0
21	2	140	6.774	0.425	11.903	0.301	1.0	1.0
21	2	100	4.258	0.445	14.065	0.359	1.0	1.0
21	2	77	2.645	0.486	17.71	0.783	1.0	1.0
21	2	74	2.032	0.706	18.935	1.093	1.0	1.0
21	2	71	1.484	0.508	20.419	1.311	1.0	1.0
21	2	68	1.226	0.425	22.742	1.897	1.0	1.0
21	2	65	1.0	0.0	24.097	1.62	1.0	1.0
21	2	62	0.194	0.402	26.333	2.066	0.194	0.194
21	2	59	0.032	0.18	28.0	0.0	0.032	0.032
21	2	56	0.0	0.0	nan	nan	0.0	0.0
21	2	53	0.0	0.0	nan	nan	0.0	0.0
21	2	50	0.0	0.0	nan	nan	0.0	0.0
21	2	47	0.0	0.0	nan	nan	0.0	0.0
21	2	44	0.0	0.0	nan	nan	0.0	0.0
22	2	420	15.516	0.508	9.0	0.0	1.0	1.0
22	2	380	14.323	0.475	9.0	0.0	1.0	1.0
22	2	340	13.065	0.25	9.0	0.0	1.0	1.0
22	2	300	11.968	0.18	9.0	0.0	1.0	1.0
22	2	260	10.452	0.506	9.419	0.502	1.0	1.0
22	2	220	9.0	0.0	10.0	0.0	1.0	1.0
22	2	180	7.032	0.18	10.065	0.25	1.0	1.0
22	2	140	5.548	0.506	11.065	0.25	1.0	1.0
22	2	100	3.968	0.18	13.484	0.508	1.0	1.0
22	2	77	2.645	0.486	16.677	0.945	1.0	1.0
22	2	74	2.097	0.7	17.742	1.064	1.0	1.0
22	2	71	1.452	0.624	18.871	1.477	1.0	1.0
22	2	68	1.129	0.341	20.129	1.727	1.0	1.0
22	2	65	1.0	0.0	21.71	2.003	1.0	1.0
22	2	62	0.839	0.374	24.269	1.756	0.839	0.839
22	2	59	0.097	0.301	23.333	1.528	0.097	0.097
22	2	56	0.0	0.0	nan	nan	0.0	0.0
22	2	53	0.0	0.0	nan	nan	0.0	0.0
22	2	50	0.0	0.0	nan	nan	0.0	0.0
22	2	47	0.0	0.0	nan	nan	0.0	0.0
22	2	44	0.0	0.0	nan	nan	0.0	0.0
23	2	420	21.839	0.374	9.0	0.0	1.0	1.0
23	2	380	20.194	0.402	9.0	0.0	1.0	1.0
23	2	340	18.194	0.477	9.0	0.0	1.0	1.0
23	2	300	16.226	0.425	9.194	0.402	1.0	1.0
23	2	260	14.355	0.486	10.0	0.0	1.0	1.0
23	2	220	12.097	0.396	10.0	0.0	1.0	1.0
23	2	180	9.806	0.402	10.323	0.475	1.0	1.0
23	2	140	7.29	0.461	11.645	0.486	1.0	1.0
23	2	100	4.677	0.475	13.968	0.482	1.0	1.0
23	2	77	2.935	0.359	17.065	0.929	1.0	1.0
23	2	74	2.355	0.661	18.452	1.287	1.0	1.0
23	2	71	2.032	0.752	18.742	1.21	1.0	1.0
23	2	68	1.323	0.475	21.161	2.002	1.0	1.0
23	2	65	1.133	0.346	22.774	3.374	0.968	1.0
23	2	62	0.533	0.629	25.2	2.007	0.452	0.484
23	2	59	0.097	0.301	26.333	3.055	0.097	0.097
23	2	56	0.032	0.18	25.0	0.0	0.032	0.032
23	2	53	0.0	0.0	nan	nan	0.0	0.0
23	2	50	0.0	0.0	nan	nan	0.0	0.0
23	2	47	0.0	0.0	nan	nan	0.0	0.0
23	2	44	0.0	0.0	nan	nan	0.0	0.0
24	2	420	15.355	0.486	9.0	0.0	1.0	1.0
24	2	380	14.161	0.374	9.0	0.0	1.0	1.0
24	2	340	13.0	0.0	9.097	0.301	1.0	1.0
24	2	300	11.935	0.25	9.516	0.508	1.0	1.0
24	2	260	10.194	0.402	10.0	0.0	1.0	1.0
24	2	220	9.0	0.0	10.0	0.0	1.0	1.0
24	2	180	7.065	0.25	10.29	0.461	1.0	1.0
24	2	140	5.419	0.502	11.323	0.475	1.0	1.0
24	2	100	3.774	0.425	13.484	0.508	1.0	1.0
24	2	77	2.258	0.514	16.516	0.996	1.0	1.0
24	2	74	1.871	0.562	17.548	1.121	1.0	1.0
24	2	71	1.581	0.62	18.613	1.687	1.0	1.0
24	2	68	1.065	0.25	19.806	1.537	1.0	1.0
24	2	65	1.0	0.0	21.581	2.187	0.968	1.0
24	2	62	0.778	0.424	23.44	2.2	0.677	0.806
24	2	59	0.267	0.45	24.111	1.054	0.258	0.29
24	2	56	0.0	0.0	nan	nan	0.0	0.0
24	2	53	0.0	0.0	nan	nan	0.0	0.0
24	2	50	0.0	0.0	nan	nan	0.0	0.0
24	2	47	0.0	0.0	nan	nan	0.0	0.0
24	2	44	0.0	0.0	nan	nan	0.0	0.0
25	2	420	18.032	0.18	9.0	0.0	1.0	1.0
25	2	380	16.871	0.341	9.0	0.0	1.0	1.0
25	2	340	15.387	0.495	9.0	0.0	1.0	1.0
25	2	300	13.903	0.301	9.194	0.402	1.0	1.0
25	2	260	12.258	0.445	10.0	0.0	1.0	1.0
25	2	220	10.484	0.508	10.0	0.0	1.0	1.0
25	2	180	8.677	0.475	10.032	0.18	1.0	1.0
25	2	140	6.484	0.508	11.032	0.18	1.0	1.0
25	2	100	4.323	0.475	13.258	0.445	1.0	1.0
25	2	77	3.065	0.25	16.613	0.715	1.0	1.0
25	2	74	2.968	0.18	16.935	0.629	1.0	1.0
25	2	71	2.613	0.495	17.871	0.957	1.0	1.0
25	2	68	1.806	0.601	18.935	1.063	1.0	1.0
25	2	65	1.355	0.486	20.452	1.457	1.0	1.0
25	2	62	1.032	0.18	22.581	1.747	1.0	1.0
25	2	59	0.964	0.331	25.483	3.795	0.839	0.935
25	2	56	0.161	0.374	27.8	4.382	0.161	0.161
25	2	53	0.0	0.0	nan	nan	0.0	0.0
25	2	50	0.0	0.0	nan	nan	0.0	0.0
25	2	47	0.0	0.0	nan	nan	0.0	0.0
25	2	44	0.0	0.0	nan	nan	0.0	0.0
26	2	420	20.065	0.25	10.0	0.0	1.0	1.0
26	2	380	18.871	0.341	10.0	0.0	1.0	1.0
26	2	340	17.065	0.25	10.0	0.0	1.0	1.0
26	2	300	15.581	0.502	10.0	0.0	1.0	1.0
26	2	260	13.903	0.301	10.032	0.18	1.0	1.0
26	2	220	12.032	0.18	11.0	0.0	1.0	1.0
26	2	180	9.968	0.18	11.0	0.0	1.0	1.0
26	2	140	7.968	0.18	12.032	0.18	1.0	1.0
26	2	100	5.484	0.508	14.097	0.301	1.0	1.0
26	2	77	3.968	0.315	17.452	0.675	1.0	1.0
26	2	74	3.323	0.475	18.645	0.798	1.0	1.0
26	2	71	3.065	0.359	19.516	1.151	1.0	1.0
26	2	68	2.742	0.445	20.548	1.15	1.0	1.0
26	2	65	2.323	0.475	22.226	1.765	1.0	1.0
26	2	62	2.129	0.341	24.71	1.847	1.0	1.0
26	2	59	1.903	0.301	28.903	3.798	1.0	1.0
26	2	56	1.241	0.689	35.074	4.992	0.806	0.871
26	2	53	0.345	0.553	38.455	4.803	0.29	0.355
26	2	50	0.0	0.0	nan	nan	0.0	0.0
26	2	47	0.0	0.0	nan	nan	0.0	0.0
26	2	44	0.0	0.0	nan	nan	0.0	0.0
27	2	420	18.129	0.341	10.0	0.0	1.0	1.0
27	2	380	16.903	0.301	10.0	0.0	1.0	1.0
27	2	340	15.484	0.508	10.0	0.0	1.0	1.0
27	2	300	14.0	0.0	10.0	0.0	1.0	1.0
27	2	260	12.097	0.301	10.0	0.0	1.0	1.0
27	2	220	10.194	0.402	10.677	0.475	1.0	1.0
27	2	180	8.323	0.541	11.0	0.0	1.0	1.0
27	2	140	6.065	0.25	12.0	0.0	1.0	1.0
27	2	100	4.065	0.25	14.226	0.497	1.0	1.0
27	2	77	2.581	0.62	18.0	0.931	1.0	1.0
27	2	74	1.806	0.601	19.097	0.79	1.0	1.0
27	2	71	1.129	0.341	21.065	1.569	1.0	1.0
27	2	68	1.065	0.25	22.129	1.565	1.0	1.0
27	2	65	0.871	0.341	24.815	1.902	0.871	0.871
27	2	62	0.267	0.45	27.778	3.346	0.258	0.29
27	2	59	0.0	0.0	nan	nan	0.0	0.0
27	2	56	0.0	0.0	nan	nan	0.0	0.0
27	2	53	0.0	0.0	nan	nan	0.0	0.0
27	2	50	0.0	0.0	nan	nan	0.0	0.0
27	2	47	0.0	0.0	nan	nan	0.0	0.0
27	2	44	0.0	0.0	nan	nan	0.0	0.0
28	2	420	20.032	0.18	9.0	0.0	1.0	1.0
28	2	380	18.742	0.445	9.0	0.0	1.0	1.0
28	2	340	17.0	0.258	9.0	0.0	1.0	1.0
28	2	300	15.29	0.461	9.323	0.475	1.0	1.0
28	2	260	13.516	0.508	10.0	0.0	1.0	1.0
28	2	220	11.645	0.486	10.0	0.0	1.0	1.0
28	2	180	9.226	0.425	10.323	0.475	1.0	1.0
28	2	140	7.161	0.374	11.097	0.301	1.0	1.0
28	2	100	4.903	0.301	13.29	0.461	1.0	1.0
28	2	77	3.129	0.341	16.516	0.769	1.0	1.0
28	2	74	2.968	0.482	17.032	1.08	1.0	1.0
28	2	71	2.581	0.672	17.839	0.82	1.0	1.0
28	2	68	2.129	0.718	18.968	1.56	1.0	1.0
28	2	65	1.548	0.506	20.516	1.63	1.0	1.0
28	2	62	1.097	0.396	21.633	1.991	0.968	0.968
28	2	59	1.067	0.521	24.5	2.632	0.871	0.903
28	2	56	0.129	0.341	27.75	2.217	0.129	0.129
28	2	53	0.0	0.0	nan	nan	0.0	0.0
28	2	50	0.0	0.0	nan	nan	0.0	0.0
28	2	47	0.0	0.0	nan	nan	0.0	0.0
28	2	44	0.0	0.0	nan	nan	0.0	0.0
29	2	420	18.806	0.402	9.0	0.0	1.0	1.0
29	2	380	17.194	0.402	9.0	0.0	1.0	1.0
29	2	340	15.935	0.25	9.0	0.0	1.0	1.0
29	2	300	14.129	0.341	9.0	0.0	1.0	1.0
29	2	260	12.903	0.301	9.0	0.0	1.0	1.0
29	2	220	10.968	0.18	9.419	0.502	1.0	1.0
29	2	180	9.0	0.0	10.0	0.0	1.0	1.0
29	2	140	6.968	0.18	11.0	0.0	1.0	1.0
29	2	100	5.0	0.0	12.968	0.315	1.0	1.0
29	2	77	3.742	0.445	16.0	0.577	1.0	1.0
29	2	74	3.323	0.541	16.935	0.814	1.0	1.0
29	2	71	2.871	0.499	17.419	0.886	1.0	1.0
29	2	68	2.71	0.529	18.129	0.957	1.0	1.0
29	2	65	2.097	0.301	20.323	1.492	1.0	1.0
29	2	62	1.903	0.301	22.355	2.074	1.0	1.0
29	2	59	1.516	0.508	24.968	2.373	1.0	1.0
29	2	56	0.815	0.736	30.048	4.248	0.548	0.677
29	2	53	0.0	0.0	nan	nan	0.0	0.0
29	2	50	0.0	0.0	nan	nan	0.0	0.0
29	2	47	0.0	0.0	nan	nan	0.0	0.0
29	2	44	0.0	0.0	nan	nan	0.0	0.0
30	2	420	15.0	0.0	9.0	0.0	1.0	1.0
30	2	380	13.935	0.25	9.0	0.0	1.0	1.0
30	2	340	12.871	0.341	9.0	0.0	1.0	1.0
30	2	300	11.29	0.461	9.0	0.0	1.0	1.0
30	2	260	10.032	0.18	9.419	0.502	1.0	1.0
30	2	220	9.0	0.0	10.0	0.0	1.0	1.0
30	2	180	7.0	0.0	10.032	0.18	1.0	1.0
30	2	140	5.71	0.461	11.258	0.445	1.0	1.0
30	2	100	4.0	0.0	13.806	0.402	1.0	1.0
30	2	77	2.419	0.502	18.387	1.054	1.0	1.0
30	2	74	2.065	0.25	19.839	1.319	1.0	1.0
30	2	71	1.871	0.341	21.548	1.823	1.0	1.0
30	2	68	1.5	0.509	24.677	2.833	0.968	1.0
30	2	65	0.69	0.471	30.364	3.824	0.645	0.71
30	2	62	0.0	0.0	nan	nan	0.0	0.0
30	2	59	0.0	0.0	nan	nan	0.0	0.0
30	2	56	0.0	0.0	nan	nan	0.0	0.0
30	2	53	0.0	0.0	nan	nan	0.0	0.0
30	2	50	0.0	0.0	nan	nan	0.0	0.0
30	2	47	0.0	0.0	nan	nan	0.0	0.0
30	2	44	0.0	0.0	nan	nan	0.0	0.0
31	2	420	18.516	0.508	8.226	0.425	1.0	1.0
31	2	380	17.065	0.25	8.806	0.402	1.0	1.0
31	2	340	15.677	0.475	9.0	0.0	1.0	1.0
31	2	300	13.968	0.18	9.0	0.0	1.0	1.0
31	2	260	12.097	0.301	9.0	0.0	1.0	1.0
31	2	220	10.226	0.425	9.032	0.18	1.0	1.0
31	2	180	8.194	0.402	10.0	0.0	1.0	1.0
31	2	140	6.0	0.0	10.839	0.374	1.0	1.0
31	2	100	4.0	0.0	12.839	0.454	1.0	1.0
31	2	77	2.742	0.445	15.871	0.562	1.0	1.0
31	2	74	2.161	0.374	16.484	0.811	1.0	1.0
31	2	71	1.806	0.402	17.613	0.989	1.0	1.0
31	2	68	1.419	0.502	18.581	1.285	1.0	1.0
31	2	65	1.065	0.359	20.467	1.995	0.968	0.968
31	2	62	0.571	0.573	22.889	2.423	0.484	0.581
31	2	59	0.0	0.0	nan	nan	0.0	0.0
31	2	56	0.0	0.0	nan	nan	0.0	0.0
31	2	53	0.0	0.0	nan	nan	0.0	0.0
31	2	50	0.0	0.0	nan	nan	0.0	0.0
31	2	47	0.0	0.0	nan	nan	0.0	0.0
31	2	44	0.0	0.0	nan	nan	0.0	0.0
0	3	420	16.903	0.301	10.0	0.0	1.0	1.0
0	3	380	15.677	0.475	10.0	0.0	1.0	1.0
0	3	340	14.032	0.18	10.0	0.0	1.0	1.0
0	3	300	12.935	0.25	10.0	0.0	1.0	1.0
0	3	260	11.0	0.0	10.0	0.0	1.0	1.0
0	3	220	9.516	0.508	10.935	0.25	1.0	1.0
0	3	180	7.903	0.301	11.0	0.0	1.0	1.0
0	3	140	5.968	0.18	12.29	0.461	1.0	1.0
0	3	100	4.0	0.0	15.226	0.497	1.0	1.0
0	3	77	2.0	0.0	21.645	1.427	1.0	1.0
0	3	74	2.0	0.0	23.355	2.009	1.0	1.0
0	3	71	1.214	0.738	27.692	4.077	0.742	0.839
0	3	68	0.615	0.804	31.625	4.938	0.355	0.516
0	3	65	0.0	0.0	nan	nan	0.0	0.0
0	3	62	0.0	0.0	nan	nan	0.0	0.0
0	3	59	0.0	0.0	nan	nan	0.0	0.0
0	3	56	0.0	0.0	nan	nan	0.0	0.0
0	3	53	0.0	0.0	nan	nan	0.0	0.0
0	3	50	0.0	0.0	nan	nan	0.0	0.0
0	3	47	0.0	0.0	nan	nan	0.0	0.0
0	3	44	0.0	0.0	nan	nan	0.0	0.0
1	3	420	20.452	0.506	9.0	0.0	1.0	1.0
1	3	380	18.903	0.301	9.0	0.0	1.0	1.0
1	3	340	17.097	0.301	9.0	0.0	1.0	1.0
1	3	300	15.226	0.425	9.0	0.0	1.0	1.0
1	3	260	13.258	0.445	9.161	0.374	1.0	1.0
1	3	220	11.29	0.529	9.968	0.18	1.0	1.0
1	3	180	9.129	0.341	10.0	0.0	1.0	1.0
1	3	140	6.968	0.18	11.0	0.0	1.0	1.0
1	3	100	4.871	0.341	12.871	0.341	1.0	1.0
1	3	77	3.258	0.445	15.742	0.773	1.0	1.0
1	3	74	3.032	0.18	16.065	0.574	1.0	1.0
1	3	71	2.968	0.18	16.839	0.898	1.0	1.0
1	3	68	2.645	0.486	17.613	1.145	1.0	1.0
1	3	65	2.065	0.68	19.129	1.31	1.0	1.0
1	3	62	1.258	0.445	20.484	1.262	1.0	1.0
1	3	59	1.129	0.341	22.226	1.978	1.0	1.0
1	3	56	0.935	0.359	24.5	2.38	0.903	0.903
1	3	53	0.323	0.475	26.9	2.685	0.323	0.323
1	3	50	0.0	0.0	nan	nan	0.0	0.0
1	3	47	0.0	0.0	nan	nan	0.0	0.0
1	3	44	0.0	0.0	nan	nan	0.0	0.0
2	3	420	17.0	0.0	9.0	0.0	1.0	1.0
2	3	380	15.613	0.495	9.032	0.18	1.0	1.0
2	3	340	14.065	0.25	9.581	0.502	1.0	1.0
2	3	300	12.742	0.445	9.935	0.25	1.0	1.0
2	3	260	10.935	0.25	10.0	0.0	1.0	1.0
2	3	220	9.032	0.18	10.0	0.0	1.0	1.0
2	3	180	7.194	0.402	10.935	0.25	1.0	1.0
2	3	140	5.097	0.301	11.839	0.374	1.0	1.0
2	3	100	3.129	0.341	14.0	0.258	1.0	1.0
2	3	77	1.645	0.486	18.065	1.031	1.0	1.0
2	3	74	1.194	0.402	19.355	1.473	1.0	1.0
2	3	71	0.967	0.32	21.448	1.824	0.903	0.935
2	3	68	0.542	0.509	23.15	1.899	0.419	0.645
2	3	65	0.0	0.0	nan	nan	0.0	0.0
2	3	62	0.0	0.0	nan	nan	0.0	0.0
2	3	59	0.0	0.0	nan	nan	0.0	0.0
2	3	56	0.0	0.0	nan	nan	0.0	0.0
2	3	53	0.0	0.0	nan	nan	0.0	0.0
2	3	50	0.0	0.0	nan	nan	0.0	0.0
2	3	47	0.0	0.0	nan	nan	0.0	0.0
2	3	44	0.0	0.0	nan	nan	0.0	0.0
3	3	420	20.484	0.508	9.0	0.0	1.0	1.0
3	3	380	18.968	0.18	9.0	0.0	1.0	1.0
3	3	340	17.097	0.301	9.129	0.341	1.0	1.0
3	3	300	15.452	0.506	9.645	0.486	1.0	1.0
3	3	260	13.516	0.508	10.0	0.0	1.0	1.0
3	3	220	11.226	0.425	10.0	0.0	1.0	1.0
3	3	180	9.0	0.0	10.645	0.486	1.0	1.0
3	3	140	7.0	0.0	11.355	0.486	1.0	1.0
3	3	100	4.452	0.506	13.452	0.506	1.0	1.0
3	3	77	2.968	0.18	16.645	0.661	1.0	1.0
3	3	74	2.806	0.402	17.419	0.807	1.0	1.0
3	3	71	2.0	0.856	18.613	1.086	1.0	1.0
3	3	68	1.516	0.508	19.613	1.202	1.0	1.0
3	3	65	1.167	0.461	22.161	3.132	0.968	1.0
3	3	62	0.806	0.402	24.68	2.61	0.806	0.806
3	3	59	0.2	0.407	26.0	3.162	0.194	0.226
3	3	56	0.0	0.0	nan	nan	0.0	0.0
3	3	53	0.0	0.0	nan	nan	0.0	0.0
3	3	50	0.0	0.0	nan	nan	0.0	0.0
3	3	47	0.0	0.0	nan	nan	0.0	0.0
3	3	44	0.0	0.0	nan	nan	0.0	0.0
4	3	420	17.355	0.486	9.0	0.0	1.0	1.0
4	3	380	15.935	0.25	9.0	0.0	1.0	1.0
4	3	340	14.677	0.475	9.0	0.0	1.0	1.0
4	3	300	13.0	0.0	9.0	0.0	1.0	1.0
4	3	260	11.194	0.402	9.129	0.341	1.0	1.0
4	3	220	9.613	0.495	10.0	0.0	1.0	1.0
4	3	180	7.903	0.301	10.0	0.0	1.0	1.0
4	3	140	5.968	0.18	11.0	0.0	1.0	1.0
4	3	100	3.968	0.18	13.065	0.25	1.0	1.0
4	3	77	2.968	0.18	16.129	0.619	1.0	1.0
4	3	74	2.613	0.495	16.645	0.551	1.0	1.0
4	3	71	1.935	0.727	17.774	0.884	1.0	1.0
4	3	68	1.387	0.495	18.903	1.136	1.0	1.0
4	3	65	1.032	0.18	20.71	2.036	1.0	1.0
4	3	62	0.967	0.183	23.567	1.851	0.935	0.968
4	3	59	0.742	0.445	25.478	1.78	0.742	0.742
4	3	56	0.032	0.18	30.0	0.0	0.032	0.032
4	3	53	0.0	0.0	nan	nan	0.0	0.0
4	3	50	0.0	0.0	nan	nan	0.0	0.0
4	3	47	0.0	0.0	nan	nan	0.0	0.0
4	3	44	0.0	0.0	nan	nan	0.0	0.0
5	3	420	12.226	0.425	9.0	0.0	1.0	1.0
5	3	380	11.484	0.508	9.0	0.0	1.0	1.0
5	3	340	10.194	0.402	9.065	0.25	1.0	1.0
5	3	300	9.0	0.0	9.774	0.425	1.0	1.0
5	3	260	8.0	0.0	10.0	0.0	1.0	1.0
5	3	220	6.871	0.341	10.0	0.0	1.0	1.0
5	3	180	5.161	0.374	10.871	0.341	1.0	1.0
5	3	140	4.0	0.0	11.839	0.374	1.0	1.0
5	3	100	2.548	0.506	14.226	0.425	1.0	1.0
5	3	77	1.185	0.396	19.097	1.106	0.871	1.0
5	3	74	0.842	0.501	21.444	2.391	0.484	0.871
5	3	71	0.13	0.344	23.182	2.523	0.097	0.355
5	3	68	0.0	0.0	19.0	0.0	0.0	0.032
5	3	65	0.0	0.0	nan	nan	0.0	0.0
5	3	62	0.0	0.0	nan	nan	0.0	0.0
5	3	59	0.0	0.0	nan	nan	0.0	0.0
5	3	56	0.0	0.0	nan	nan	0.0	0.0
5	3	53	0.0	0.0	nan	nan	0.0	0.0
5	3	50	0.0	0.0	nan	nan	0.0	0.0
5	3	47	0.0	0.0	nan	nan	0.0	0.0
5	3	44	0.0	0.0	nan	nan	0.0	0.0
6	3	420	21.194	0.402	9.0	0.0	1.0	1.0
6	3	380	19.903	0.301	9.0	0.0	1.0	1.0
6	3	340	17.968	0.18	9.0	0.0	1.0	1.0
6	3	300	16.097	0.301	9.548	0.506	1.0	1.0
6	3	260	14.065	0.25	10.0	0.0	1.0	1.0
6	3	220	12.0	0.258	10.0	0.0	1.0	1.0
6	3	180	9.968	0.18	10.419	0.502	1.0	1.0
6	3	140	7.645	0.486	11.419	0.502	1.0	1.0
6	3	100	5.032	0.18	13.903	0.396	1.0	1.0
6	3	77	3.871	0.341	17.419	0.62	1.0	1.0
6	3	74	3.097	0.79	17.935	0.892	1.0	1.0
6	3	71	2.742	0.575	19.032	1.303	1.0	1.0
6	3	68	2.065	0.25	21.484	1.458	1.0	1.0
6	3	65	2.0	0.0	23.129	1.979	1.0	1.0
6	3	62	1.903	0.301	25.355	2.244	1.0	1.0
6	3	59	1.839	0.374	27.226	2.276	1.0	1.0
6	3	56	0.821	0.723	31.714	2.969	0.581	0.677
6	3	53	0.0	0.0	nan	nan	0.0	0.0
6	3	50	0.0	0.0	nan	nan	0.0	0.0
6	3	47	0.0	0.0	nan	nan	0.0	0.0
6	3	44	0.0	0.0	nan	nan	0.0	0.0
7	3	420	21.903	0.301	9.0	0.0	1.0	1.0
7	3	380	20.129	0.341	9.0	0.0	1.0	1.0
7	3	340	18.226	0.425	9.0	0.0	1.0	1.0
7	3	300	16.226	0.497	9.0	0.0	1.0	1.0
7	3	260	14.161	0.374	9.194	0.402	1.0	1.0
7	3	220	11.968	0.18	10.0	0.0	1.0	1.0
7	3	180	9.903	0.301	10.0	0.0	1.0	1.0
7	3	140	7.065	0.25	11.065	0.25	1.0	1.0
7	3	100	4.871	0.341	13.387	0.495	1.0	1.0
7	3	77	2.968	0.18	16.677	0.653	1.0	1.0
7	3	74	2.645	0.551	17.839	1.003	1.0	1.0
7	3	71	2.226	0.497	18.871	1.522	1.0	1.0
7	3	68	1.871	0.428	19.774	1.407	1.0	1.0
7	3	65	1.323	0.475	21.968	1.538	1.0	1.0
7	3	62	1.097	0.301	24.194	2.315	1.0	1.0
7	3	59	0.6	0.498	27.0	2.809	0.581	0.613
7	3	56	0.0	0.0	nan	nan	0.0	0.0
7	3	53	0.0	0.0	nan	nan	0.0	0.0
7	3	50	0.0	0.0	nan	nan	0.0	0.0
7	3	47	0.0	0.0	nan	nan	0.0	0.0
7	3	44	0.0	0.0	nan	nan	0.0	0.0
8	3	420	20.032	0.18	9.0	0.0	1.0	1.0
8	3	380	18.419	0.502	9.032	0.18	1.0	1.0
8	3	340	16.71	0.461	9.387	0.495	1.0	1.0
8	3	300	15.0	0.258	9.935	0.25	1.0	1.0
8	3	260	12.903	0.301	10.0	0.0	1.0	1.0
8	3	220	10.903	0.301	10.0	0.0	1.0	1.0
8	3	180	8.774	0.425	11.0	0.0	1.0	1.0
8	3	140	6.419	0.502	12.0	0.0	1.0	1.0
8	3	100	4.032	0.18	14.581	0.502	1.0	1.0
8	3	77	1.968	0.547	19.161	0.898	1.0	1.0
8	3	74	1.419	0.502	20.71	1.216	1.0	1.0
8	3	71	1.129	0.341	22.484	1.338	1.0	1.0
8	3	68	0.871	0.341	24.63	2.589	0.871	0.871
8	3	65	0.3	0.466	26.8	2.936	0.29	0.323
8	3	62	0.033	0.183	32.0	4.243	0.032	0.065
8	3	59	0.0	0.0	nan	nan	0.0	0.0
8	3	56	0.0	0.0	nan	nan	0.0	0.0
8	3	53	0.0	0.0	nan	nan	0.0	0.0
8	3	50	0.0	0.0	nan	nan	0.0	0.0
8	3	47	0.0	0.0	nan	nan	0.0	0.0
8	3	44	0.0	0.0	nan	nan	0.0	0.0
9	3	420	26.419	0.502	9.0	0.0	1.0	1.0
9	3	380	24.419	0.502	9.0	0.0	1.0	1.0
9	3	340	22.355	0.486	9.0	0.0	1.0	1.0
9	3	300	20.0	0.258	9.032	0.18	1.0	1.0
9	3	260	17.839	0.374	9.097	0.301	1.0	1.0
9	3	220	15.097	0.301	10.0	0.0	1.0	1.0
9	3	180	12.71	0.461	10.032	0.18	1.0	1.0
9	3	140	9.871	0.341	11.0	0.0	1.0	1.0
9	3	100	7.0	0.0	12.742	0.445	1.0	1.0
9	3	77	5.29	0.461	14.935	0.442	1.0	1.0
9	3	74	5.065	0.25	15.516	0.677	1.0	1.0
9	3	71	5.0	0.0	15.871	0.562	1.0	1.0
9	3	68	4.71	0.461	16.645	0.661	1.0	1.0
9	3	65	4.194	0.654	17.548	0.723	1.0	1.0
9	3	62	3.452	0.568	18.742	1.125	1.0	1.0
9	3	59	3.161	0.374	19.903	1.423	1.0	1.0
9	3	56	2.871	0.341	22.419	1.669	1.0	1.0
9	3	53	2.548	0.506	25.516	3.224	1.0	1.0
9	3	50	1.839	0.779	31.9	5.04	0.968	0.968
9	3	47	0.839	0.523	36.75	4.609	0.774	0.774
9	3	44	0.0	0.0	nan	nan	0.0	0.0
10	3	420	23.065	0.25	9.0	0.0	1.0	1.0
10	3	380	21.484	0.508	9.0	0.0	1.0	1.0
10	3	340	19.516	0.57	9.0	0.0	1.0	1.0
10	3	300	17.581	0.502	9.0	0.0	1.0	1.0
10	3	260	15.323	0.541	9.226	0.425	1.0	1.0
10	3	220	13.194	0.402	9.935	0.25	1.0	1.0
10	3	180	10.968	0.18	10.0	0.0	1.0	1.0
10	3	140	8.29	0.461	11.0	0.0	1.0	1.0
10	3	100	6.0	0.0	13.0	0.258	1.0	1.0
10	3	77	4.129	0.341	16.065	0.68	1.0	1.0
10	3	74	3.968	0.18	16.71	0.643	1.0	1.0
10	3	71	3.839	0.374	17.677	0.702	1.0	1.0
10	3	68	3.258	0.729	18.548	0.961	1.0	1.0
10	3	65	2.323	0.475	19.323	1.107	1.0	1.0
10	3	62	2.194	0.477	21.258	1.612	1.0	1.0
10	3	59	2.032	0.18	23.548	1.41	1.0	1.0
10	3	56	1.968	0.18	26.548	2.142	1.0	1.0
10	3	53	1.462	0.761	32.963	4.363	0.71	0.871
10	3	50	0.133	0.346	37.6	4.561	0.129	0.161
10	3	47	0.0	0.0	nan	nan	0.0	0.0
10	3	44	0.0	0.0	nan	nan	0.0	0.0
11	3	420	22.935	0.25	9.0	0.0	1.0	1.0
11	3	380	21.0	0.0	9.0	0.0	1.0	1.0
11	3	340	19.194	0.402	9.0	0.0	1.0	1.0
11	3	300	17.258	0.445	9.0	0.0	1.0	1.0
11	3	260	15.032	0.18	9.0	0.0	1.0	1.0
11	3	220	13.032	0.18	9.871	0.341	1.0	1.0
11	3	180	10.742	0.445	10.0	0.0	1.0	1.0
11	3	140	7.968	0.18	11.065	0.25	1.0	1.0
11	3	100	5.323	0.475	13.677	0.475	1.0	1.0
11	3	77	3.935	0.25	16.903	0.746	1.0	1.0
11	3	74	3.194	0.703	18.323	1.013	1.0	1.0
11	3	71	2.742	0.729	19.419	1.432	1.0	1.0
11	3	68	2.161	0.374	21.323	1.326	1.0	1.0
11	3	65	2.0	0.0	23.161	1.968	1.0	1.0
11	3	62	1.935	0.25	25.516	1.786	1.0	1.0
11	3	59	1.724	0.528	30.033	2.977	0.903	0.968
11	3	56	1.0	0.885	33.045	2.751	0.484	0.71
11	3	53	0.0	0.0	nan	nan	0.0	0.0
11	3	50	0.0	0.0	nan	nan	0.0	0.0
11	3	47	0.0	0.0	nan	nan	0.0	0.0
11	3	44	0.0	0.0	nan	nan	0.0	0.0
12	3	420	17.935	0.25	10.0	0.0	1.0	1.0
12	3	380	16.516	0.508	10.0	0.0	1.0	1.0
12	3	340	14.839	0.374	10.0	0.0	1.0	1.0
12	3	300	13.0	0.258	10.0	0.0	1.0	1.0
12	3	260	11.129	0.341	10.065	0.25	1.0	1.0
12	3	220	9.452	0.506	11.0	0.0	1.0	1.0
12	3	180	7.548	0.506	11.097	0.301	1.0	1.0
12	3	140	5.323	0.475	12.742	0.445	1.0	1.0
12	3	100	3.129	0.341	15.839	0.523	1.0	1.0
12	3	77	0.968	0.18	23.1	1.647	0.968	0.968
12	3	74	0.774	0.425	25.083	1.863	0.774	0.774
12	3	71	0.194	0.402	27.167	1.472	0.194	0.194
12	3	68	0.0	0.0	nan	nan	0.0	0.0
12	3	65	0.0	0.0	nan	nan	0.0	0.0
12	3	62	0.0	0.0	nan	nan	0.0	0.0
12	3	59	0.0	0.0	nan	nan	0.0	0.0
12	3	56	0.0	0.0	nan	nan	0.0	0.0
12	3	53	0.0	0.0	nan	nan	0.0	0.0
12	3	50	0.0	0.0	nan	nan	0.0	0.0
12	3	47	0.0	0.0	nan	nan	0.0	0.0
12	3	44	0.0	0.0	nan	nan	0.0	0.0
13	3	420	15.968	0.18	9.0	0.0	1.0	1.0
13	3	380	14.323	0.475	9.0	0.0	1.0	1.0
13	3	340	13.0	0.0	9.0	0.0	1.0	1.0
13	3	300	11.742	0.445	9.774	0.425	1.0	1.0
13	3	260	10.0	0.0	10.0	0.0	1.0	1.0
13	3	220	8.065	0.25	10.0	0.0	1.0	1.0
13	3	180	6.581	0.502	11.0	0.0	1.0	1.0
13	3	140	4.935	0.25	12.0	0.0	1.0	1.0
13	3	100	3.0	0.0	14.903	0.473	1.0	1.0
13	3	77	0.929	0.378	21.75	1.756	0.806	0.903
13	3	74	0.75	0.441	24.208	1.719	0.677	0.774
13	3	71	0.167	0.379	25.5	0.837	0.161	0.194
13	3	68	0.0	0.0	nan	nan	0.0	0.0
13	3	65	0.0	0.0	nan	nan	0.0	0.0
13	3	62	0.0	0.0	nan	nan	0.0	0.0
13	3	59	0.0	0.0	nan	nan	0.0	0.0
13	3	56	0.0	0.0	nan	nan	0.0	0.0
13	3	53	0.0	0.0	nan	nan	0.0	0.0
13	3	50	0.0	0.0	nan	nan	0.0	0.0
13	3	47	0.0	0.0	nan	nan	0.0	0.0
13	3	44	0.0	0.0	nan	nan	0.0	0.0
14	3	420	23.29	0.461	9.0	0.0	1.0	1.0
14	3	380	21.774	0.425	9.0	0.0	1.0	1.0
14	3	340	19.871	0.428	9.0	0.0	1.0	1.0
14	3	300	17.903	0.301	9.0	0.0	1.0	1.0
14	3	260	15.774	0.425	9.419	0.502	1.0	1.0
14	3	220	13.258	0.445	10.0	0.0	1.0	1.0
14	3	180	10.935	0.25	10.0	0.0	1.0	1.0
14	3	140	8.387	0.495	11.032	0.18	1.0	1.0
14	3	100	6.0	0.0	13.323	0.475	1.0	1.0
14	3	77	4.129	0.428	16.71	0.643	1.0	1.0
14	3	74	4.0	0.447	17.29	0.529	1.0	1.0
14	3	71	3.645	0.486	17.935	0.814	1.0	1.0
14	3	68	3.032	0.407	19.097	0.79	1.0	1.0
14	3	65	2.677	0.475	21.258	1.612	1.0	1.0
14	3	62	2.226	0.425	23.419	1.747	1.0	1.0
14	3	59	1.935	0.359	27.677	4.15	1.0	1.0
14	3	56	1.645	0.608	32.207	4.858	0.935	0.935
14	3	53	0.133	0.346	40.2	4.087	0.129	0.161
14	3	50	0.0	0.0	nan	nan	0.0	0.0
14	3	47	0.0	0.0	nan	nan	0.0	0.0
14	3	44	0.0	0.0	nan	nan	0.0	0.0
15	3	420	16.0	0.0	9.0	0.0	1.0	1.0
15	3	380	14.548	0.506	9.0	0.0	1.0	1.0
15	3	340	13.0	0.0	9.0	0.0	1.0	1.0
15	3	300	11.742	0.445	9.194	0.402	1.0	1.0
15	3	260	10.0	0.0	10.0	0.0	1.0	1.0
15	3	220	8.323	0.475	10.0	0.0	1.0	1.0
15	3	180	6.935	0.25	10.387	0.495	1.0	1.0
15	3	140	5.0	0.0	11.548	0.506	1.0	1.0
15	3	100	3.0	0.0	13.903	0.301	1.0	1.0
15	3	77	1.484	0.508	18.194	0.98	1.0	1.0
15	3	74	1.097	0.301	19.677	1.275	1.0	1.0
15	3	71	0.92	0.4	21.714	1.902	0.71	0.903
15	3	68	0.318	0.477	24.625	1.544	0.226	0.516
15	3	65	0.0	0.0	26.0	0.0	0.0	0.032
15	3	62	0.0	0.0	nan	nan	0.0	0.0
15	3	59	0.0	0.0	nan	nan	0.0	0.0
15	3	56	0.0	0.0	nan	nan	0.0	0.0
15	3	53	0.0	0.0	nan	nan	0.0	0.0
15	3	50	0.0	0.0	nan	nan	0.0	0.0
15	3	47	0.0	0.0	nan	nan	0.0	0.0
15	3	44	0.0	0.0	nan	nan	0.0	0.0
16	3	420	21.355	0.486	9.0	0.0	1.0	1.0
16	3	380	19.968	0.18	9.0	0.0	1.0	1.0
16	3	340	17.968	0.18	9.0	0.0	1.0	1.0
16	3	300	15.935	0.25	9.516	0.508	1.0	1.0
16	3	260	14.032	0.18	9.968	0.18	1.0	1.0
16	3	220	11.871	0.341	10.0	0.0	1.0	1.0
16	3	180	9.452	0.506	10.484	0.508	1.0	1.0
16	3	140	7.032	0.18	11.452	0.506	1.0	1.0
16	3	100	4.548	0.506	13.935	0.25	1.0	1.0
16	3	77	2.806	0.477	17.581	0.807	1.0	1.0
16	3	74	2.355	0.486	18.613	1.23	1.0	1.0
16	3	71	1.903	0.539	19.645	1.305	1.0	1.0
16	3	68	1.355	0.486	21.968	2.152	1.0	1.0
16	3	65	1.226	0.425	23.71	1.716	1.0	1.0
16	3	62	0.867	0.434	27.038	3.388	0.806	0.839
16	3	59	0.167	0.379	28.833	3.312	0.161	0.194
16	3	56	0.0	0.0	nan	nan	0.0	0.0
16	3	53	0.0	0.0	nan	nan	0.0	0.0
16	3	50	0.0	0.0	nan	nan	0.0	0.0
16	3	47	0.0	0.0	nan	nan	0.0	0.0
16	3	44	0.0	0.0	nan	nan	0.0	0.0
17	3	420	17.968	0.18	9.0	0.0	1.0	1.0
17	3	380	16.677	0.475	9.0	0.0	1.0	1.0
17	3	340	15.0	0.0	9.0	0.0	1.0	1.0
17	3	300	13.355	0.486	9.161	0.374	1.0	1.0
17	3	260	11.806	0.402	9.968	0.18	1.0	1.0
17	3	220	9.935	0.25	10.0	0.0	1.0	1.0
17	3	180	8.0	0.0	10.645	0.486	1.0	1.0
17	3	140	5.968	0.18	11.645	0.486	1.0	1.0
17	3	100	3.968	0.18	14.0	0.0	1.0	1.0
17	3	77	1.935	0.727	18.065	0.727	1.0	1.0
17	3	74	1.258	0.445	19.742	1.365	1.0	1.0
17	3	71	1.065	0.25	20.516	1.786	1.0	1.0
17	3	68	0.9	0.305	23.571	2.218	0.871	0.903
17	3	65	0.483	0.509	26.5	3.724	0.452	0.516
17	3	62	0.0	0.0	nan	nan	0.0	0.0
17	3	59	0.0	0.0	nan	nan	0.0	0.0
17	3	56	0.0	0.0	nan	nan	0.0	0.0
17	3	53	0.0	0.0	nan	nan	0.0	0.0
17	3	50	0.0	0.0	nan	nan	0.0	0.0
17	3	47	0.0	0.0	nan	nan	0.0	0.0
17	3	44	0.0	0.0	nan	nan	0.0	0.0
18	3	420	16.935	0.25	10.0	0.0	1.0	1.0
18	3	380	15.065	0.25	10.0	0.0	1.0	1.0
18	3	340	13.903	0.301	10.0	0.0	1.0	1.0
18	3	300	12.032	0.18	10.0	0.0	1.0	1.0
18	3	260	10.323	0.475	10.0	0.0	1.0	1.0
18	3	220	8.903	0.301	10.903	0.301	1.0	1.0
18	3	180	6.968	0.18	11.0	0.0	1.0	1.0
18	3	140	5.0	0.0	12.742	0.445	1.0	1.0
18	3	100	3.0	0.0	15.806	0.543	1.0	1.0
18	3	77	0.857	0.356	24.0	2.353	0.774	0.871
18	3	74	0.233	0.43	24.875	1.808	0.226	0.258
18	3	71	0.0	0.0	nan	nan	0.0	0.0
18	3	68	0.0	0.0	nan	nan	0.0	0.0
18	3	65	0.0	0.0	nan	nan	0.0	0.0
18	3	62	0.0	0.0	nan	nan	0.0	0.0
18	3	59	0.0	0.0	nan	nan	0.0	0.0
18	3	56	0.0	0.0	nan	nan	0.0	0.0
18	3	53	0.0	0.0	nan	nan	0.0	0.0
18	3	50	0.0	0.0	nan	nan	0.0	0.0
18	3	47	0.0	0.0	nan	nan	0.0	0.0
18	3	44	0.0	0.0	nan	nan	0.0	0.0
19	3	420	14.484	0.508	10.0	0.0	1.0	1.0
19	3	380	13.065	0.25	10.0	0.0	1.0	1.0
19	3	340	12.0	0.0	10.0	0.0	1.0	1.0
19	3	300	10.71	0.461	10.645	0.486	1.0	1.0
19	3	260	9.065	0.25	11.0	0.0	1.0	1.0
19	3	220	7.871	0.341	11.0	0.0	1.0	1.0
19	3	180	6.032	0.18	12.0	0.0	1.0	1.0
19	3	140	4.645	0.486	13.032	0.18	1.0	1.0
19	3	100	3.0	0.0	16.258	0.445	1.0	1.0
19	3	77	0.767	0.43	24.0	2.085	0.742	0.774
19	3	74	0.233	0.43	26.0	3.891	0.226	0.258
19	3	71	0.0	0.0	nan	nan	0.0	0.0
19	3	68	0.0	0.0	nan	nan	0.0	0.0
19	3	65	0.0	0.0	nan	nan	0.0	0.0
19	3	62	0.0	0.0	nan	nan	0.0	0.0
19	3	59	0.0	0.0	nan	nan	0.0	0.0
19	3	56	0.0	0.0	nan	nan	0.0	0.0
19	3	53	0.0	0.0	nan	nan	0.0	0.0
19	3	50	0.0	0.0	nan	nan	0.0	0.0
19	3	47	0.0	0.0	nan	nan	0.0	0.0
19	3	44	0.0	0.0	nan	nan	0.0	0.0
20	3	420	15.806	0.402	9.0	0.0	1.0	1.0
20	3	380	14.387	0.495	9.0	0.0	1.0	1.0
20	3	340	13.032	0.18	9.0	0.0	1.0	1.0
20	3	300	11.968	0.18	9.129	0.341	1.0	1.0
20	3	260	10.161	0.374	9.968	0.18	1.0	1.0
20	3	220	8.935	0.25	10.0	0.0	1.0	1.0
20	3	180	7.032	0.18	10.129	0.341	1.0	1.0
20	3	140	5.129	0.341	11.161	0.374	1.0	1.0
20	3	100	3.677	0.475	13.677	0.475	1.0	1.0
20	3	77	2.323	0.541	17.29	0.938	1.0	1.0
20	3	74	1.774	0.56	17.71	0.824	1.0	1.0
20	3	71	1.258	0.445	19.0	1.366	1.0	1.0
20	3	68	1.033	0.183	21.323	1.796	0.968	1.0
20	3	65	1.0	0.0	23.097	1.72	1.0	1.0
20	3	62	0.448	0.506	26.533	2.532	0.419	0.484
20	3	59	0.032	0.18	26.0	0.0	0.032	0.032
20	3	56	0.0	0.0	nan	nan	0.0	0.0
20	3	53	0.0	0.0	nan	nan	0.0	0.0
20	3	50	0.0	0.0	nan	nan	0.0	0.0
20	3	47	0.0	0.0	nan	nan	0.0	0.0
20	3	44	0.0	0.0	nan	nan	0.0	0.0
21	3	420	18.903	0.301	9.0	0.0	1.0	1.0
21	3	380	17.387	0.495	9.032	0.18	1.0	1.0
21	3	340	15.968	0.18	9.452	0.506	1.0	1.0
21	3	300	14.29	0.461	9.968	0.18	1.0	1.0
21	3	260	12.419	0.502	10.0	0.0	1.0	1.0
21	3	220	10.645	0.486	10.0	0.0	1.0	1.0
21	3	180	8.71	0.461	10.903	0.301	1.0	1.0
21	3	140	6.677	0.475	11.839	0.374	1.0	1.0
21	3	100	4.419	0.502	14.0	0.258	1.0	1.0
21	3	77	2.548	0.506	18.161	1.241	1.0	1.0
21	3	74	2.065	0.512	19.29	1.131	1.0	1.0
21	3	71	1.935	0.25	20.774	0.99	1.0	1.0
21	3	68	1.645	0.486	22.161	1.881	1.0	1.0
21	3	65	1.276	0.455	24.452	3.192	0.935	1.0
21	3	62	0.968	0.407	27.464	3.316	0.903	0.903
21	3	59	0.167	0.379	30.667	3.559	0.161	0.194
21	3	56	0.0	0.0	nan	nan	0.0	0.0
21	3	53	0.0	0.0	nan	nan	0.0	0.0
21	3	50	0.0	0.0	nan	nan	0.0	0.0
21	3	47	0.0	0.0	nan	nan	0.0	0.0
21	3	44	0.0	0.0	nan	nan	0.0	0.0
22	3	420	27.903	0.301	9.0	0.0	1.0	1.0
22	3	380	25.871	0.341	9.0	0.0	1.0	1.0
22	3	340	23.452	0.506	9.0	0.0	1.0	1.0
22	3	300	21.0	0.258	9.0	0.0	1.0	1.0
22	3	260	18.484	0.508	9.032	0.18	1.0	1.0
22	3	220	15.677	0.475	10.0	0.0	1.0	1.0
22	3	180	12.935	0.25	10.0	0.0	1.0	1.0
22	3	140	9.903	0.301	11.032	0.18	1.0	1.0
22	3	100	6.903	0.301	13.032	0.18	1.0	1.0
22	3	77	5.0	0.0	16.129	0.619	1.0	1.0
22	3	74	4.839	0.374	16.645	0.661	1.0	1.0
22	3	71	4.387	0.715	17.548	0.925	1.0	1.0
22	3	68	3.548	0.506	18.548	1.338	1.0	1.0
22	3	65	3.161	0.374	20.032	1.581	1.0	1.0
22	3	62	2.903	0.301	22.161	1.463	1.0	1.0
22	3	59	2.548	0.506	23.677	1.777	1.0	1.0
22	3	56	2.226	0.425	27.032	3.178	1.0	1.0
22	3	53	1.484	0.677	34.0	4.551	0.935	0.935
22	3	50	0.517	0.509	38.0	3.335	0.484	0.548
22	3	47	0.032	0.18	43.0	0.0	0.032	0.032
22	3	44	0.0	0.0	nan	nan	0.0	0.0
23	3	420	24.065	0.25	9.0	0.0	1.0	1.0
23	3	380	22.065	0.25	9.194	0.402	1.0	1.0
23	3	340	20.226	0.425	9.839	0.374	1.0	1.0
23	3	300	18.065	0.25	9.968	0.18	1.0	1.0
23	3	260	16.0	0.258	10.0	0.0	1.0	1.0
23	3	220	13.742	0.445	10.0	0.0	1.0	1.0
23	3	180	11.129	0.341	10.935	0.25	1.0	1.0
23	3	140	8.806	0.402	11.484	0.508	1.0	1.0
23	3	100	6.032	0.18	13.516	0.508	1.0	1.0
23	3	77	4.29	0.461	16.548	0.624	1.0	1.0
23	3	74	4.0	0.365	17.226	0.805	1.0	1.0
23	3	71	3.581	0.564	18.0	0.683	1.0	1.0
23	3	68	3.0	0.577	19.226	1.055	1.0	1.0
23	3	65	2.548	0.506	20.484	1.235	1.0	1.0
23	3	62	2.194	0.402	22.613	1.801	1.0	1.0
23	3	59	2.032	0.18	23.968	2.168	1.0	1.0
23	3	56	1.903	0.396	27.767	3.002	0.968	0.968
23	3	53	1.357	0.87	31.875	3.275	0.677	0.774
23	3	50	0.069	0.258	35.0	7.348	0.065	0.129
23	3	47	0.0	0.0	nan	nan	0.0	0.0
23	3	44	0.0	0.0	nan	nan	0.0	0.0
24	3	420	15.0	0.0	9.355	0.486	1.0	1.0
24	3	380	14.0	0.0	9.871	0.341	1.0	1.0
24	3	340	12.903	0.301	10.0	0.0	1.0	1.0
24	3	300	11.226	0.425	10.0	0.0	1.0	1.0
24	3	260	10.0	0.0	10.0	0.0	1.0	1.0
24	3	220	8.129	0.341	10.323	0.475	1.0	1.0
24	3	180	6.968	0.18	11.0	0.0	1.0	1.0
24	3	140	5.032	0.18	12.129	0.341	1.0	1.0
24	3	100	3.194	0.402	15.065	0.442	1.0	1.0
24	3	77	1.1	0.305	23.129	2.872	0.968	1.0
24	3	74	1.0	0.0	25.645	2.811	0.968	1.0
24	3	71	0.5	0.509	28.75	3.296	0.484	0.516
24	3	68	0.032	0.18	34.0	0.0	0.032	0.032
24	3	65	0.0	0.0	nan	nan	0.0	0.0
24	3	62	0.0	0.0	nan	nan	0.0	0.0
24	3	59	0.0	0.0	nan	nan	0.0	0.0
24	3	56	0.0	0.0	nan	nan	0.0	0.0
24	3	53	0.0	0.0	nan	nan	0.0	0.0
24	3	50	0.0	0.0	nan	nan	0.0	0.0
24	3	47	0.0	0.0	nan	nan	0.0	0.0
24	3	44	0.0	0.0	nan	nan	0.0	0.0
25	3	420	15.645	0.486	10.0	0.0	1.0	1.0
25	3	380	14.097	0.301	10.0	0.0	1.0	1.0
25	3	340	12.903	0.301	10.0	0.0	1.0	1.0
25	3	300	11.129	0.341	10.0	0.0	1.0	1.0
25	3	260	9.806	0.402	10.032	0.18	1.0	1.0
25	3	220	8.0	0.0	10.968	0.18	1.0	1.0
25	3	180	6.226	0.425	11.129	0.341	1.0	1.0
25	3	140	4.903	0.301	12.355	0.486	1.0	1.0
25	3	100	3.0	0.0	15.516	0.508	1.0	1.0
25	3	77	0.967	0.183	23.167	1.464	0.935	0.968
25	3	74	0.429	0.504	24.133	1.506	0.387	0.484
25	3	71	0.0	0.0	27.0	0.0	0.0	0.032
25	3	68	0.0	0.0	nan	nan	0.0	0.0
25	3	65	0.0	0.0	nan	nan	0.0	0.0
25	3	62	0.0	0.0	nan	nan	0.0	0.0
25	3	59	0.0	0.0	nan	nan	0.0	0.0
25	3	56	0.0	0.0	nan	nan	0.0	0.0
25	3	53	0.0	0.0	nan	nan	0.0	0.0
25	3	50	0.0	0.0	nan	nan	0.0	0.0
25	3	47	0.0	0.0	nan	nan	0.0	0.0
25	3	44	0.0	0.0	nan	nan	0.0	0.0
26	3	420	16.065	0.25	9.0	0.0	1.0	1.0
26	3	380	14.968	0.18	9.161	0.374	1.0	1.0
26	3	340	13.903	0.301	9.774	0.425	1.0	1.0
26	3	300	12.097	0.301	10.0	0.0	1.0	1.0
26	3	260	10.548	0.506	10.0	0.0	1.0	1.0
26	3	220	9.032	0.18	10.0	0.0	1.0	1.0
26	3	180	7.0	0.258	11.0	0.0	1.0	1.0
26	3	140	5.355	0.486	12.0	0.0	1.0	1.0
26	3	100	3.742	0.445	14.452	0.506	1.0	1.0
26	3	77	1.452	0.568	18.903	1.274	1.0	1.0
26	3	74	1.097	0.301	20.71	1.419	1.0	1.0
26	3	71	0.968	0.18	22.333	1.373	0.968	0.968
26	3	68	0.774	0.425	24.875	2.879	0.774	0.774
26	3	65	0.433	0.504	26.143	2.07	0.419	0.452
26	3	62	0.032	0.18	27.0	0.0	0.032	0.032
26	3	59	0.0	0.0	nan	nan	0.0	0.0
26	3	56	0.0	0.0	nan	nan	0.0	0.0
26	3	53	0.0	0.0	nan	nan	0.0	0.0
26	3	50	0.0	0.0	nan	nan	0.0	0.0
26	3	47	0.0	0.0	nan	nan	0.0	0.0
26	3	44	0.0	0.0	nan	nan	0.0	0.0
27	3	420	22.032	0.407	9.0	0.0	1.0	1.0
27	3	380	20.258	0.445	9.0	0.0	1.0	1.0
27	3	340	18.452	0.506	9.0	0.0	1.0	1.0
27	3	300	16.258	0.445	9.323	0.475	1.0	1.0
27	3	260	14.065	0.25	9.968	0.18	1.0	1.0
27	3	220	11.903	0.301	10.0	0.0	1.0	1.0
27	3	180	9.387	0.495	10.516	0.508	1.0	1.0
27	3	140	7.0	0.0	11.355	0.486	1.0	1.0
27	3	100	4.548	0.506	13.613	0.558	1.0	1.0
27	3	77	2.935	0.25	17.0	0.931	1.0	1.0
27	3	74	2.419	0.672	17.839	0.898	1.0	1.0
27	3	71	1.613	0.667	19.0	1.0	1.0	1.0
27	3	68	1.161	0.374	20.677	1.376	1.0	1.0
27	3	65	1.065	0.25	22.419	1.858	1.0	1.0
27	3	62	0.7	0.466	25.091	2.844	0.677	0.71
27	3	59	0.207	0.412	27.125	3.137	0.194	0.258
27	3	56	0.0	0.0	nan	nan	0.0	0.0
27	3	53	0.0	0.0	nan	nan	0.0	0.0
27	3	50	0.0	0.0	nan	nan	0.0	0.0
27	3	47	0.0	0.0	nan	nan	0.0	0.0
27	3	44	0.0	0.0	nan	nan	0.0	0.0
28	3	420	24.548	0.506	9.0	0.0	1.0	1.0
28	3	380	22.839	0.374	9.0	0.0	1.0	1.0
28	3	340	20.871	0.341	9.0	0.0	1.0	1.0
28	3	300	18.677	0.475	9.0	0.0	1.0	1.0
28	3	260	16.387	0.495	9.935	0.25	1.0	1.0
28	3	220	14.097	0.301	10.0	0.0	1.0	1.0
28	3	180	11.742	0.445	10.0	0.0	1.0	1.0
28	3	140	8.968	0.18	11.129	0.341	1.0	1.0
28	3	100	6.226	0.425	13.258	0.445	1.0	1.0
28	3	77	4.935	0.25	16.129	0.619	1.0	1.0
28	3	74	4.484	0.508	16.903	0.539	1.0	1.0
28	3	71	4.032	0.605	17.387	0.882	1.0	1.0
28	3	68	3.355	0.486	18.452	0.925	1.0	1.0
28	3	65	3.065	0.25	20.194	1.302	1.0	1.0
28	3	62	2.806	0.402	21.484	1.671	1.0	1.0
28	3	59	2.226	0.497	24.581	2.838	1.0	1.0
28	3	56	1.839	0.523	29.433	5.015	0.968	0.968
28	3	53	0.968	0.706	36.609	4.793	0.742	0.742
28	3	50	0.065	0.359	34.0	0.0	0.032	0.032
28	3	47	0.0	0.0	nan	nan	0.0	0.0
28	3	44	0.0	0.0	nan	nan	0.0	0.0
29	3	420	25.323	0.475	9.0	0.0	1.0	1.0
29	3	380	23.323	0.475	9.0	0.0	1.0	1.0
29	3	340	21.452	0.506	9.0	0.0	1.0	1.0
29	3	300	19.194	0.402	9.0	0.0	1.0	1.0
29	3	260	16.871	0.341	9.0	0.0	1.0	1.0
29	3	220	14.29	0.461	9.097	0.301	1.0	1.0
29	3	180	11.806	0.402	10.0	0.0	1.0	1.0
29	3	140	9.032	0.18	10.806	0.402	1.0	1.0
29	3	100	6.161	0.374	12.71	0.461	1.0	1.0
29	3	77	4.484	0.508	15.645	0.755	1.0	1.0
29	3	74	4.226	0.425	16.097	0.7	1.0	1.0
29	3	71	3.968	0.18	16.742	0.773	1.0	1.0
29	3	68	3.71	0.461	17.774	0.92	1.0	1.0
29	3	65	3.161	0.523	18.871	1.176	1.0	1.0
29	3	62	2.355	0.486	20.774	1.499	1.0	1.0
29	3	59	2.129	0.341	23.032	1.76	1.0	1.0
29	3	56	2.0	0.0	26.516	2.767	1.0	1.0
29	3	53	1.742	0.445	30.419	4.056	1.0	1.0
29	3	50	0.533	0.73	33.846	4.705	0.387	0.419
29	3	47	0.0	0.0	nan	nan	0.0	0.0
29	3	44	0.0	0.0	nan	nan	0.0	0.0
30	3	420	16.323	0.475	9.0	0.0	1.0	1.0
30	3	380	15.0	0.0	9.0	0.0	1.0	1.0
30	3	340	13.742	0.445	9.0	0.0	1.0	1.0
30	3	300	12.0	0.0	9.032	0.18	1.0	1.0
30	3	260	10.29	0.461	9.968	0.18	1.0	1.0
30	3	220	8.935	0.25	10.0	0.0	1.0	1.0
30	3	180	7.0	0.0	10.903	0.301	1.0	1.0
30	3	140	5.0	0.0	12.0	0.0	1.0	1.0
30	3	100	3.0	0.0	15.161	0.638	1.0	1.0
30	3	77	1.0	0.0	22.516	1.86	1.0	1.0
30	3	74	0.63	0.492	24.476	2.316	0.548	0.677
30	3	71	0.069	0.258	27.75	1.5	0.065	0.129
30	3	68	0.0	0.0	nan	nan	0.0	0.0
30	3	65	0.0	0.0	nan	nan	0.0	0.0
30	3	62	0.0	0.0	nan	nan	0.0	0.0
30	3	59	0.0	0.0	nan	nan	0.0	0.0
30	3	56	0.0	0.0	nan	nan	0.0	0.0
30	3	53	0.0	0.0	nan	nan	0.0	0.0
30	3	50	0.0	0.0	nan	nan	0.0	0.0
30	3	47	0.0	0.0	nan	nan	0.0	0.0
30	3	44	0.0	0.0	nan	nan	0.0	0.0
31	3	420	19.903	0.301	9.0	0.0	1.0	1.0
31	3	380	18.097	0.301	9.0	0.0	1.0	1.0
31	3	340	16.484	0.508	9.0	0.0	1.0	1.0
31	3	300	14.677	0.475	9.0	0.0	1.0	1.0
31	3	260	12.806	0.402	9.0	0.0	1.0	1.0
31	3	220	10.323	0.475	9.71	0.461	1.0	1.0
31	3	180	8.129	0.428	10.0	0.0	1.0	1.0
31	3	140	6.032	0.18	11.065	0.25	1.0	1.0
31	3	100	3.968	0.18	13.645	0.486	1.0	1.0
31	3	77	1.871	0.428	17.419	0.848	1.0	1.0
31	3	74	1.452	0.506	18.968	2.168	1.0	1.0
31	3	71	1.032	0.18	21.323	2.845	1.0	1.0
31	3	68	0.846	0.368	22.704	2.127	0.71	0.871
31	3	65	0.065	0.25	26.0	0.0	0.065	0.065
31	3	62	0.0	0.0	nan	nan	0.0	0.0
31	3	59	0.0	0.0	nan	nan	0.0	0.0
31	3	56	0.0	0.0	nan	nan	0.0	0.0
31	3	53	0.0	0.0	nan	nan	0.0	0.0
31	3	50	0.0	0.0	nan	nan	0.0	0.0
31	3	47	0.0	0.0	nan	nan	0.0	0.0
31	3	44	0.0	0.0	nan	nan	0.0	0.0
0	4	420	17.097	0.301	8.968	0.18	1.0	1.0
0	4	380	16.0	0.0	9.0	0.0	1.0	1.0
0	4	340	14.871	0.341	9.0	0.0	1.0	1.0
0	4	300	13.194	0.402	9.0	0.0	1.0	1.0
0	4	260	11.968	0.18	9.0	0.0	1.0	1.0
0	4	220	10.0	0.0	9.161	0.374	1.0	1.0
0	4	180	8.29	0.461	10.0	0.0	1.0	1.0
0	4	140	6.742	0.445	10.871	0.341	1.0	1.0
0	4	100	4.935	0.25	12.871	0.341	1.0	1.0
0	4	77	3.677	0.475	15.742	0.514	1.0	1.0
0	4	74	3.226	0.497	16.29	0.783	1.0	1.0
0	4	71	2.935	0.359	17.129	0.763	1.0	1.0
0	4	68	2.355	0.486	18.677	0.871	1.0	1.0
0	4	65	2.161	0.374	20.548	1.981	1.0	1.0
0	4	62	1.968	0.18	22.839	2.41	1.0	1.0
0	4	59	1.828	0.468	26.2	4.18	0.903	0.968
0	4	56	0.607	0.786	30.533	4.291	0.387	0.484
0	4	53	0.0	0.0	nan	nan	0.0	0.0
0	4	50	0.0	0.0	nan	nan	0.0	0.0
0	4	47	0.0	0.0	nan	nan	0.0	0.0
0	4	44	0.0	0.0	nan	nan	0.0	0.0
1	4	420	18.0	0.0	9.0	0.0	1.0	1.0
1	4	380	16.806	0.402	9.0	0.0	1.0	1.0
1	4	340	15.387	0.495	9.0	0.0	1.0	1.0
1	4	300	14.0	0.0	9.0	0.0	1.0	1.0
1	4	260	12.161	0.374	9.0	0.0	1.0	1.0
1	4	220	10.677	0.475	9.194	0.402	1.0	1.0
1	4	180	8.935	0.25	10.0	0.0	1.0	1.0
1	4	140	6.742	0.445	10.935	0.25	1.0	1.0
1	4	100	4.839	0.374	12.871	0.341	1.0	1.0
1	4	77	3.484	0.508	15.903	0.79	1.0	1.0
1	4	74	3.097	0.301	16.613	0.715	1.0	1.0
1	4	71	2.903	0.396	17.226	0.845	1.0	1.0
1	4	68	2.484	0.508	18.419	0.958	1.0	1.0
1	4	65	2.065	0.25	19.774	1.499	1.0	1.0
1	4	62	1.806	0.402	21.871	1.708	1.0	1.0
1	4	59	1.484	0.508	25.065	2.555	1.0	1.0
1	4	56	0.774	0.617	28.048	2.783	0.677	0.677
1	4	53	0.138	0.351	34.0	2.28	0.129	0.194
1	4	50	0.0	0.0	nan	nan	0.0	0.0
1	4	47	0.0	0.0	nan	nan	0.0	0.0
1	4	44	0.0	0.0	nan	nan	0.0	0.0
2	4	420	14.516	0.508	9.0	0.0	1.0	1.0
2	4	380	13.258	0.445	9.0	0.0	1.0	1.0
2	4	340	12.0	0.0	9.065	0.25	1.0	1.0
2	4	300	11.0	0.0	9.742	0.445	1.0	1.0
2	4	260	9.419	0.502	10.0	0.0	1.0	1.0
2	4	220	8.0	0.0	10.0	0.0	1.0	1.0
2	4	180	6.161	0.374	10.839	0.374	1.0	1.0
2	4	140	4.871	0.341	11.903	0.301	1.0	1.0
2	4	100	3.0	0.0	14.29	0.529	1.0	1.0
2	4	77	1.138	0.351	19.452	1.524	0.935	1.0
2	4	74	1.0	0.0	21.645	1.907	0.903	1.0
2	4	71	0.5	0.509	23.75	1.653	0.484	0.516
2	4	68	0.0	0.0	nan	nan	0.0	0.0
2	4	65	0.0	0.0	nan	nan	0.0	0.0
2	4	62	0.0	0.0	nan	nan	0.0	0.0
2	4	59	0.0	0.0	nan	nan	0.0	0.0
2	4	56	0.0	0.0	nan	nan	0.0	0.0
2	4	53	0.0	0.0	nan	nan	0.0	0.0
2	4	50	0.0	0.0	nan	nan	0.0	0.0
2	4	47	0.0	0.0	nan	nan	0.0	0.0
2	4	44	0.0	0.0	nan	nan	0.0	0.0
3	4	420	17.71	0.461	8.0	0.0	1.0	1.0
3	4	380	16.065	0.25	8.0	0.0	1.0	1.0
3	4	340	15.0	0.0	8.097	0.301	1.0	1.0
3	4	300	13.516	0.508	8.839	0.374	1.0	1.0
3	4	260	12.0	0.258	9.0	0.0	1.0	1.0
3	4	220	10.032	0.18	9.0	0.0	1.0	1.0
3	4	180	8.581	0.502	9.387	0.495	1.0	1.0
3	4	140	6.581	0.502	10.032	0.18	1.0	1.0
3	4	100	4.871	0.341	12.097	0.301	1.0	1.0
3	4	77	3.387	0.495	15.0	0.632	1.0	1.0
3	4	74	3.129	0.341	15.452	0.723	1.0	1.0
3	4	71	3.0	0.0	16.032	0.657	1.0	1.0
3	4	68	2.935	0.25	17.032	0.875	1.0	1.0
3	4	65	2.484	0.57	18.226	1.146	1.0	1.0
3	4	62	1.935	0.574	20.419	1.963	1.0	1.0
3	4	59	1.742	0.445	22.645	2.715	1.0	1.0
3	4	56	1.276	0.455	26.516	4.162	0.935	1.0
3	4	53	0.75	0.585	29.591	4.521	0.613	0.71
3	4	50	0.0	0.0	nan	nan	0.0	0.0
3	4	47	0.0	0.0	nan	nan	0.0	0.0
3	4	44	0.0	0.0	nan	nan	0.0	0.0
4	4	420	22.839	0.374	9.0	0.0	1.0	1.0
4	4	380	21.032	0.18	9.0	0.0	1.0	1.0
4	4	340	19.323	0.475	9.0	0.0	1.0	1.0
4	4	300	17.677	0.475	9.0	0.0	1.0	1.0
4	4	260	15.581	0.502	9.0	0.0	1.0	1.0
4	4	220	13.355	0.486	9.452	0.506	1.0	1.0
4	4	180	11.097	0.301	10.0	0.0	1.0	1.0
4	4	140	8.871	0.341	10.968	0.18	1.0	1.0
4	4	100	6.032	0.18	12.903	0.301	1.0	1.0
4	4	77	4.871	0.341	15.484	0.626	1.0	1.0
4	4	74	4.355	0.486	16.194	0.792	1.0	1.0
4	4	71	4.065	0.25	16.806	0.703	1.0	1.0
4	4	68	3.806	0.402	17.29	0.902	1.0	1.0
4	4	65	3.258	0.445	19.0	1.033	1.0	1.0
4	4	62	2.839	0.523	20.161	1.573	1.0	1.0
4	4	59	2.29	0.461	22.516	1.651	1.0	1.0
4	4	56	2.0	0.0	25.839	2.672	1.0	1.0
4	4	53	1.935	0.442	29.0	4.082	1.0	1.0
4	4	50	1.036	0.693	35.44	3.513	0.71	0.806
4	4	47	0.067	0.365	37.0	4.243	0.032	0.065
4	4	44	0.0	0.0	nan	nan	0.0	0.0
5	4	420	20.742	0.445	9.0	0.0	1.0	1.0
5	4	380	19.065	0.359	9.0	0.0	1.0	1.0
5	4	340	17.774	0.425	9.0	0.0	1.0	1.0
5	4	300	15.903	0.301	9.387	0.495	1.0	1.0
5	4	260	13.935	0.25	10.0	0.0	1.0	1.0
5	4	220	11.935	0.25	10.0	0.0	1.0	1.0
5	4	180	9.742	0.445	10.194	0.402	1.0	1.0
5	4	140	7.419	0.502	11.355	0.486	1.0	1.0
5	4	100	5.097	0.301	13.645	0.486	1.0	1.0
5	4	77	3.355	0.486	17.323	0.748	1.0	1.0
5	4	74	2.871	0.718	18.032	0.912	1.0	1.0
5	4	71	2.355	0.608	19.065	1.124	1.0	1.0
5	4	68	2.032	0.18	20.71	1.716	1.0	1.0
5	4	65	1.935	0.25	22.935	1.769	1.0	1.0
5	4	62	1.677	0.475	24.452	1.997	1.0	1.0
5	4	59	1.29	0.643	28.071	3.042	0.903	0.903
5	4	56	0.276	0.528	31.0	3.536	0.226	0.29
5	4	53	0.0	0.0	nan	nan	0.0	0.0
5	4	50	0.0	0.0	nan	nan	0.0	0.0
5	4	47	0.0	0.0	nan	nan	0.0	0.0
5	4	44	0.0	0.0	nan	nan	0.0	0.0
6	4	420	22.935	0.25	9.0	0.0	1.0	1.0
6	4	380	21.097	0.473	9.0	0.0	1.0	1.0
6	4	340	19.323	0.475	9.0	0.0	1.0	1.0
6	4	300	17.419	0.502	9.0	0.0	1.0	1.0
6	4	260	15.097	0.301	9.129	0.341	1.0	1.0
6	4	220	12.968	0.18	9.968	0.18	1.0	1.0
6	4	180	10.452	0.506	10.0	0.0	1.0	1.0
6	4	140	8.0	0.0	11.0	0.0	1.0	1.0
6	4	100	5.194	0.543	13.032	0.407	1.0	1.0
6	4	77	3.774	0.425	16.129	1.056	1.0	1.0
6	4	74	3.419	0.502	16.71	0.938	1.0	1.0
6	4	71	2.871	0.718	17.806	0.91	1.0	1.0
6	4	68	2.548	0.568	18.419	1.385	1.0	1.0
6	4	65	2.0	0.577	19.645	1.404	1.0	1.0
6	4	62	1.71	0.588	21.516	1.998	1.0	1.0
6	4	59	1.226	0.617	24.607	2.601	0.903	0.903
6	4	56	0.483	0.634	26.214	1.626	0.387	0.452
6	4	53	0.194	0.402	29.0	3.578	0.194	0.194
6	4	50	0.0	0.0	nan	nan	0.0	0.0
6	4	47	0.0	0.0	nan	nan	0.0	0.0
6	4	44	0.0	0.0	nan	nan	0.0	0.0
7	4	420	18.194	0.402	8.968	0.18	1.0	1.0
7	4	380	17.032	0.18	9.0	0.0	1.0	1.0
7	4	340	15.677	0.475	9.0	0.0	1.0	1.0
7	4	300	14.0	0.258	9.0	0.0	1.0	1.0
7	4	260	12.097	0.301	9.0	0.0	1.0	1.0
7	4	220	10.452	0.506	9.032	0.18	1.0	1.0
7	4	180	8.742	0.445	9.968	0.18	1.0	1.0
7	4	140	6.548	0.506	10.871	0.341	1.0	1.0
7	4	100	4.387	0.495	12.484	0.508	1.0	1.0
7	4	77	3.065	0.359	15.355	0.608	1.0	1.0
7	4	74	2.903	0.301	15.968	0.547	1.0	1.0
7	4	71	2.935	0.25	16.516	0.724	1.0	1.0
7	4	68	2.484	0.677	17.581	1.089	1.0	1.0
7	4	65	1.806	0.703	18.742	1.612	1.0	1.0
7	4	62	1.194	0.477	20.613	1.667	1.0	1.0
7	4	59	1.033	0.183	22.839	1.968	0.968	1.0
7	4	56	0.5	0.509	25.312	1.74	0.484	0.516
7	4	53	0.0	0.0	nan	nan	0.0	0.0
7	4	50	0.0	0.0	nan	nan	0.0	0.0
7	4	47	0.0	0.0	nan	nan	0.0	0.0
7	4	44	0.0	0.0	nan	nan	0.0	0.0
8	4	420	24.387	0.495	9.0	0.0	1.0	1.0
8	4	380	22.548	0.506	9.0	0.0	1.0	1.0
8	4	340	20.71	0.461	9.0	0.0	1.0	1.0
8	4	300	18.774	0.425	9.0	0.0	1.0	1.0
8	4	260	16.484	0.508	9.161	0.374	1.0	1.0
8	4	220	14.065	0.359	10.0	0.0	1.0	1.0
8	4	180	11.839	0.374	10.0	0.0	1.0	1.0
8	4	140	9.032	0.315	11.0	0.0	1.0	1.0
8	4	100	6.097	0.301	13.129	0.428	1.0	1.0
8	4	77	4.452	0.568	16.484	0.811	1.0	1.0
8	4	74	4.065	0.574	17.032	0.912	1.0	1.0
8	4	71	3.613	0.615	17.774	0.717	1.0	1.0
8	4	68	3.323	0.475	18.935	1.436	1.0	1.0
8	4	65	2.774	0.56	19.839	1.53	1.0	1.0
8	4	62	2.355	0.486	22.161	1.344	1.0	1.0
8	4	59	2.0	0.258	24.29	1.51	1.0	1.0
8	4	56	2.0	0.258	26.032	2.057	1.0	1.0
8	4	53	1.759	0.511	31.4	3.654	0.903	0.968
8	4	50	0.567	0.728	34.214	3.423	0.419	0.452
8	4	47	0.033	0.183	37.5	4.95	0.032	0.065
8	4	44	0.0	0.0	nan	nan	0.0	0.0
9	4	420	15.0	0.0	9.0	0.0	1.0	1.0
9	4	380	13.935	0.25	9.0	0.0	1.0	1.0
9	4	340	12.839	0.374	9.0	0.0	1.0	1.0
9	4	300	11.29	0.461	9.0	0.0	1.0	1.0
9	4	260	10.032	0.18	9.645	0.486	1.0	1.0
9	4	220	8.516	0.508	10.0	0.0	1.0	1.0
9	4	180	7.0	0.0	10.0	0.0	1.0	1.0
9	4	140	5.258	0.445	11.0	0.0	1.0	1.0
9	4	100	3.806	0.402	13.258	0.445	1.0	1.0
9	4	77	2.484	0.508	16.548	0.85	1.0	1.0
9	4	74	1.968	0.407	17.419	0.923	1.0	1.0
9	4	71	1.548	0.568	18.226	1.023	1.0	1.0
9	4	68	1.097	0.301	19.677	1.137	1.0	1.0
9	4	65	0.967	0.183	21.2	2.091	0.935	0.968
9	4	62	0.893	0.315	23.679	2.019	0.806	0.903
9	4	59	0.167	0.379	24.833	1.169	0.161	0.194
9	4	56	0.0	0.0	nan	nan	0.0	0.0
9	4	53	0.0	0.0	nan	nan	0.0	0.0
9	4	50	0.0	0.0	nan	nan	0.0	0.0
9	4	47	0.0	0.0	nan	nan	0.0	0.0
9	4	44	0.0	0.0	nan	nan	0.0	0.0
10	4	420	14.903	0.301	9.0	0.0	1.0	1.0
10	4	380	13.516	0.508	9.0	0.0	1.0	1.0
10	4	340	12.065	0.25	9.0	0.0	1.0	1.0
10	4	300	11.0	0.0	9.0	0.0	1.0	1.0
10	4	260	9.71	0.461	9.258	0.445	1.0	1.0
10	4	220	8.0	0.0	10.0	0.0	1.0	1.0
10	4	180	6.645	0.486	10.065	0.25	1.0	1.0
10	4	140	5.0	0.0	11.032	0.18	1.0	1.0
10	4	100	3.0	0.0	13.774	0.425	1.0	1.0
10	4	77	1.839	0.374	17.323	0.979	1.0	1.0
10	4	74	1.355	0.486	18.968	1.303	1.0	1.0
10	4	71	1.036	0.331	21.333	2.264	0.871	0.968
10	4	68	0.375	0.495	23.438	2.097	0.29	0.516
10	4	65	0.033	0.183	24.0	1.414	0.032	0.065
10	4	62	0.0	0.0	nan	nan	0.0	0.0
10	4	59	0.0	0.0	nan	nan	0.0	0.0
10	4	56	0.0	0.0	nan	nan	0.0	0.0
10	4	53	0.0	0.0	nan	nan	0.0	0.0
10	4	50	0.0	0.0	nan	nan	0.0	0.0
10	4	47	0.0	0.0	nan	nan	0.0	0.0
10	4	44	0.0	0.0	nan	nan	0.0	0.0
11	4	420	16.258	0.445	9.258	0.445	1.0	1.0
11	4	380	15.032	0.315	9.742	0.445	1.0	1.0
11	4	340	13.968	0.18	9.968	0.18	1.0	1.0
11	4	300	12.258	0.445	10.0	0.0	1.0	1.0
11	4	260	10.968	0.18	10.0	0.0	1.0	1.0
11	4	220	9.032	0.18	10.032	0.18	1.0	1.0
11	4	180	7.29	0.461	11.0	0.0	1.0	1.0
11	4	140	5.548	0.506	12.0	0.0	1.0	1.0
11	4	100	3.935	0.25	14.645	0.486	1.0	1.0
11	4	77	1.387	0.615	19.419	1.232	1.0	1.0
11	4	74	1.194	0.402	20.871	1.408	1.0	1.0
11	4	71	1.0	0.0	23.065	1.769	1.0	1.0
11	4	68	1.0	0.0	23.742	1.673	0.968	1.0
11	4	65	0.241	0.435	26.222	2.635	0.226	0.29
11	4	62	0.0	0.0	nan	nan	0.0	0.0
11	4	59	0.0	0.0	nan	nan	0.0	0.0
11	4	56	0.0	0.0	nan	nan	0.0	0.0
11	4	53	0.0	0.0	nan	nan	0.0	0.0
11	4	50	0.0	0.0	nan	nan	0.0	0.0
11	4	47	0.0	0.0	nan	nan	0.0	0.0
11	4	44	0.0	0.0	nan	nan	0.0	0.0
12	4	420	16.968	0.18	9.0	0.0	1.0	1.0
12	4	380	15.677	0.475	9.0	0.0	1.0	1.0
12	4	340	14.323	0.475	9.0	0.0	1.0	1.0
12	4	300	13.0	0.0	9.0	0.0	1.0	1.0
12	4	260	11.355	0.486	9.839	0.374	1.0	1.0
12	4	220	9.968	0.18	10.0	0.0	1.0	1.0
12	4	180	8.0	0.0	10.387	0.495	1.0	1.0
12	4	140	6.0	0.0	11.452	0.506	1.0	1.0
12	4	100	4.065	0.25	14.323	0.475	1.0	1.0
12	4	77	2.194	0.477	19.129	0.846	1.0	1.0
12	4	74	2.032	0.18	21.032	1.354	1.0	1.0
12	4	71	1.968	0.18	23.161	2.853	1.0	1.0
12	4	68	1.903	0.301	25.161	2.853	1.0	1.0
12	4	65	1.346	0.797	29.577	4.206	0.677	0.839
12	4	62	0.194	0.543	31.0	3.559	0.129	0.129
12	4	59	0.0	0.0	nan	nan	0.0	0.0
12	4	56	0.0	0.0	nan	nan	0.0	0.0
12	4	53	0.0	0.0	nan	nan	0.0	0.0
12	4	50	0.0	0.0	nan	nan	0.0	0.0
12	4	47	0.0	0.0	nan	nan	0.0	0.0
12	4	44	0.0	0.0	nan	nan	0.0	0.0
13	4	420	14.903	0.301	9.0	0.0	1.0	1.0
13	4	380	13.806	0.402	9.0	0.0	1.0	1.0
13	4	340	12.645	0.486	9.0	0.0	1.0	1.0
13	4	300	11.032	0.18	9.0	0.0	1.0	1.0
13	4	260	9.968	0.18	9.226	0.425	1.0	1.0
13	4	220	8.677	0.475	9.968	0.18	1.0	1.0
13	4	180	7.0	0.0	10.0	0.0	1.0	1.0
13	4	140	5.226	0.425	11.032	0.18	1.0	1.0
13	4	100	3.968	0.18	13.419	0.502	1.0	1.0
13	4	77	2.806	0.402	16.452	0.768	1.0	1.0
13	4	74	2.355	0.661	17.548	0.888	1.0	1.0
13	4	71	1.548	0.675	18.516	0.851	1.0	1.0
13	4	68	1.065	0.25	20.161	1.241	1.0	1.0
13	4	65	1.032	0.18	22.581	2.754	1.0	1.0
13	4	62	1.0	0.0	24.484	2.379	1.0	1.0
13	4	59	0.207	0.412	27.875	3.357	0.194	0.258
13	4	56	0.0	0.0	nan	nan	0.0	0.0
13	4	53	0.0	0.0	nan	nan	0.0	0.0
13	4	50	0.0	0.0	nan	nan	0.0	0.0
13	4	47	0.0	0.0	nan	nan	0.0	0.0
13	4	44	0.0	0.0	nan	nan	0.0	0.0
14	4	420	15.935	0.25	9.0	0.0	1.0	1.0
14	4	380	15.0	0.0	9.0	0.0	1.0	1.0
14	4	340	13.774	0.425	9.0	0.0	1.0	1.0
14	4	300	12.097	0.301	9.0	0.0	1.0	1.0
14	4	260	11.0	0.0	9.0	0.0	1.0	1.0
14	4	220	9.355	0.486	9.516	0.508	1.0	1.0
14	4	180	8.0	0.0	10.0	0.0	1.0	1.0
14	4	140	6.032	0.18	11.0	0.0	1.0	1.0
14	4	100	4.065	0.25	13.129	0.341	1.0	1.0
14	4	77	3.0	0.0	16.548	0.675	1.0	1.0
14	4	74	2.935	0.25	17.032	0.836	1.0	1.0
14	4	71	2.452	0.506	18.677	1.423	1.0	1.0
14	4	68	2.0	0.258	19.871	1.258	1.0	1.0
14	4	65	1.903	0.301	22.323	1.72	1.0	1.0
14	4	62	1.258	0.514	25.333	2.537	0.968	0.968
14	4	59	0.9	0.403	28.519	3.945	0.839	0.871
14	4	56	0.097	0.301	31.0	3.464	0.097	0.097
14	4	53	0.0	0.0	nan	nan	0.0	0.0
14	4	50	0.0	0.0	nan	nan	0.0	0.0
14	4	47	0.0	0.0	nan	nan	0.0	0.0
14	4	44	0.0	0.0	nan	nan	0.0	0.0
15	4	420	15.387	0.495	8.0	0.0	1.0	1.0
15	4	380	14.226	0.425	8.0	0.0	1.0	1.0
15	4	340	13.032	0.18	8.0	0.0	1.0	1.0
15	4	300	11.968	0.18	8.161	0.374	1.0	1.0
15	4	260	10.581	0.502	9.0	0.0	1.0	1.0
15	4	220	9.0	0.0	9.0	0.0	1.0	1.0
15	4	180	7.387	0.495	9.419	0.502	1.0	1.0
15	4	140	5.903	0.301	10.419	0.502	1.0	1.0
15	4	100	4.0	0.0	12.839	0.374	1.0	1.0
15	4	77	2.968	0.18	16.677	0.653	1.0	1.0
15	4	74	2.839	0.374	17.452	0.81	1.0	1.0
15	4	71	2.29	0.693	18.516	1.411	1.0	1.0
15	4	68	1.419	0.564	21.581	1.689	1.0	1.0
15	4	65	1.133	0.507	25.207	3.83	0.903	0.935
15	4	62	0.71	0.461	27.727	3.757	0.71	0.71
15	4	59	0.0	0.0	nan	nan	0.0	0.0
15	4	56	0.0	0.0	nan	nan	0.0	0.0
15	4	53	0.0	0.0	nan	nan	0.0	0.0
15	4	50	0.0	0.0	nan	nan	0.0	0.0
15	4	47	0.0	0.0	nan	nan	0.0	0.0
15	4	44	0.0	0.0	nan	nan	0.0	0.0
16	4	420	22.968	0.18	9.0	0.0	1.0	1.0
16	4	380	21.032	0.18	9.0	0.0	1.0	1.0
16	4	340	19.226	0.425	9.0	0.0	1.0	1.0
16	4	300	17.387	0.495	9.0	0.0	1.0	1.0
16	4	260	15.258	0.445	9.645	0.486	1.0	1.0
16	4	220	12.968	0.315	10.0	0.0	1.0	1.0
16	4	180	10.516	0.57	10.097	0.301	1.0	1.0
16	4	140	8.0	0.258	11.29	0.461	1.0	1.0
16	4	100	5.387	0.495	13.871	0.499	1.0	1.0
16	4	77	3.645	0.551	17.742	1.264	1.0	1.0
16	4	74	2.903	0.746	18.548	1.179	1.0	1.0
16	4	71	2.548	0.568	19.806	1.6	1.0	1.0
16	4	68	2.097	0.473	20.71	1.736	1.0	1.0
16	4	65	2.0	0.0	23.516	1.947	1.0	1.0
16	4	62	1.71	0.529	24.767	2.431	0.968	0.968
16	4	59	1.3	0.651	27.75	2.901	0.871	0.903
16	4	56	0.207	0.491	33.143	3.671	0.161	0.226
16	4	53	0.0	0.0	36.0	0.0	0.0	0.032
16	4	50	0.0	0.0	nan	nan	0.0	0.0
16	4	47	0.0	0.0	nan	nan	0.0	0.0
16	4	44	0.0	0.0	nan	nan	0.0	0.0
17	4	420	17.065	0.25	9.0	0.0	1.0	1.0
17	4	380	16.0	0.0	9.0	0.0	1.0	1.0
17	4	340	14.806	0.402	9.0	0.0	1.0	1.0
17	4	300	13.129	0.341	9.0	0.0	1.0	1.0
17	4	260	11.871	0.428	9.0	0.0	1.0	1.0
17	4	220	10.032	0.18	10.0	0.0	1.0	1.0
17	4	180	8.097	0.301	10.032	0.18	1.0	1.0
17	4	140	6.129	0.341	11.032	0.18	1.0	1.0
17	4	100	4.129	0.341	13.452	0.506	1.0	1.0
17	4	77	2.774	0.425	17.516	0.926	1.0	1.0
17	4	74	2.323	0.541	18.677	0.791	1.0	1.0
17	4	71	1.774	0.497	20.065	1.289	1.0	1.0
17	4	68	1.452	0.506	21.903	1.777	1.0	1.0
17	4	65	1.065	0.25	24.323	2.441	1.0	1.0
17	4	62	0.867	0.434	27.538	3.301	0.806	0.839
17	4	59	0.097	0.301	27.0	2.646	0.097	0.097
17	4	56	0.0	0.0	nan	nan	0.0	0.0
17	4	53	0.0	0.0	nan	nan	0.0	0.0
17	4	50	0.0	0.0	nan	nan	0.0	0.0
17	4	47	0.0	0.0	nan	nan	0.0	0.0
17	4	44	0.0	0.0	nan	nan	0.0	0.0
18	4	420	19.548	0.506	8.871	0.341	1.0	1.0
18	4	380	18.0	0.0	9.0	0.0	1.0	1.0
18	4	340	16.742	0.445	8.968	0.18	1.0	1.0
18	4	300	14.968	0.18	9.0	0.0	1.0	1.0
18	4	260	13.194	0.402	9.0	0.0	1.0	1.0
18	4	220	11.355	0.486	9.032	0.18	1.0	1.0
18	4	180	9.419	0.502	10.0	0.0	1.0	1.0
18	4	140	7.29	0.461	10.903	0.301	1.0	1.0
18	4	100	5.0	0.0	12.839	0.374	1.0	1.0
18	4	77	4.0	0.0	15.968	0.706	1.0	1.0
18	4	74	3.903	0.301	16.774	0.956	1.0	1.0
18	4	71	3.097	0.746	18.065	0.998	1.0	1.0
18	4	68	2.355	0.551	19.613	1.334	1.0	1.0
18	4	65	2.129	0.341	20.581	1.669	1.0	1.0
18	4	62	2.0	0.0	23.258	2.394	1.0	1.0
18	4	59	2.0	0.0	26.032	2.763	1.0	1.0
18	4	56	1.462	0.706	31.464	4.796	0.742	0.903
18	4	53	0.172	0.468	37.333	3.204	0.129	0.194
18	4	50	0.0	0.0	nan	nan	0.0	0.0
18	4	47	0.0	0.0	nan	nan	0.0	0.0
18	4	44	0.0	0.0	nan	nan	0.0	0.0
19	4	420	19.323	0.475	8.0	0.0	1.0	1.0
19	4	380	18.097	0.301	8.0	0.0	1.0	1.0
19	4	340	16.613	0.495	8.0	0.0	1.0	1.0
19	4	300	15.032	0.18	8.0	0.0	1.0	1.0
19	4	260	13.129	0.341	8.484	0.508	1.0	1.0
19	4	220	11.452	0.506	9.0	0.0	1.0	1.0
19	4	180	9.581	0.502	9.0	0.0	1.0	1.0
19	4	140	7.419	0.502	10.0	0.0	1.0	1.0
19	4	100	5.065	0.25	11.968	0.315	1.0	1.0
19	4	77	4.0	0.0	14.677	0.599	1.0	1.0
19	4	74	3.806	0.402	15.452	0.568	1.0	1.0
19	4	71	3.581	0.502	16.129	0.718	1.0	1.0
19	4	68	3.129	0.341	16.742	0.682	1.0	1.0
19	4	65	2.645	0.486	18.097	0.944	1.0	1.0
19	4	62	2.161	0.374	20.065	1.788	1.0	1.0
19	4	59	2.0	0.0	22.581	2.335	1.0	1.0
19	4	56	1.793	0.412	28.161	4.783	0.935	1.0
19	4	53	1.083	0.881	32.783	4.572	0.516	0.742
19	4	50	0.0	0.0	nan	nan	0.0	0.0
19	4	47	0.0	0.0	nan	nan	0.0	0.0
19	4	44	0.0	0.0	nan	nan	0.0	0.0
20	4	420	15.032	0.18	9.0	0.0	1.0	1.0
20	4	380	14.0	0.0	9.0	0.0	1.0	1.0
20	4	340	12.968	0.18	9.0	0.0	1.0	1.0
20	4	300	11.355	0.486	9.0	0.0	1.0	1.0
20	4	260	10.0	0.0	9.0	0.0	1.0	1.0
20	4	220	8.968	0.18	9.903	0.301	1.0	1.0
20	4	180	7.0	0.0	10.0	0.0	1.0	1.0
20	4	140	5.194	0.402	11.323	0.475	1.0	1.0
20	4	100	3.903	0.301	14.419	0.502	1.0	1.0
20	4	77	1.645	0.486	21.194	1.662	1.0	1.0
20	4	74	1.29	0.461	24.065	2.932	1.0	1.0
20	4	71	0.968	0.407	28.643	3.188	0.903	0.903
20	4	68	0.4	0.498	31.769	2.555	0.387	0.419
20	4	65	0.0	0.0	nan	nan	0.0	0.0
20	4	62	0.0	0.0	nan	nan	0.0	0.0
20	4	59	0.0	0.0	nan	nan	0.0	0.0
20	4	56	0.0	0.0	nan	nan	0.0	0.0
20	4	53	0.0	0.0	nan	nan	0.0	0.0
20	4	50	0.0	0.0	nan	nan	0.0	0.0
20	4	47	0.0	0.0	nan	nan	0.0	0.0
20	4	44	0.0	0.0	nan	nan	0.0	0.0
21	4	420	15.645	0.486	9.0	0.0	1.0	1.0
21	4	380	14.548	0.506	9.0	0.0	1.0	1.0
21	4	340	13.097	0.301	9.0	0.0	1.0	1.0
21	4	300	11.935	0.25	9.0	0.0	1.0	1.0
21	4	260	10.419	0.502	9.0	0.0	1.0	1.0
21	4	220	9.0	0.0	9.226	0.425	1.0	1.0
21	4	180	7.032	0.18	10.0	0.0	1.0	1.0
21	4	140	5.452	0.506	11.0	0.0	1.0	1.0
21	4	100	3.871	0.341	13.097	0.301	1.0	1.0
21	4	77	2.452	0.568	16.968	0.657	1.0	1.0
21	4	74	1.871	0.428	17.516	0.769	1.0	1.0
21	4	71	1.258	0.445	19.0	1.095	1.0	1.0
21	4	68	1.032	0.18	21.742	2.503	1.0	1.0
21	4	65	1.0	0.258	23.467	2.886	0.968	0.968
21	4	62	0.621	0.494	25.75	2.9	0.581	0.645
21	4	59	0.0	0.0	nan	nan	0.0	0.0
21	4	56	0.0	0.0	nan	nan	0.0	0.0
21	4	53	0.0	0.0	nan	nan	0.0	0.0
21	4	50	0.0	0.0	nan	nan	0.0	0.0
21	4	47	0.0	0.0	nan	nan	0.0	0.0
21	4	44	0.0	0.0	nan	nan	0.0	0.0
22	4	420	14.387	0.495	9.0	0.0	1.0	1.0
22	4	380	13.355	0.486	9.0	0.0	1.0	1.0
22	4	340	12.194	0.402	9.0	0.0	1.0	1.0
22	4	300	11.0	0.0	9.0	0.0	1.0	1.0
22	4	260	10.0	0.0	9.0	0.0	1.0	1.0
22	4	220	8.452	0.506	9.065	0.25	1.0	1.0
22	4	180	6.968	0.18	10.0	0.0	1.0	1.0
22	4	140	5.355	0.486	11.0	0.0	1.0	1.0
22	4	100	4.0	0.0	13.065	0.25	1.0	1.0
22	4	77	2.903	0.301	16.871	0.718	1.0	1.0
22	4	74	2.71	0.461	17.903	1.044	1.0	1.0
22	4	71	1.935	0.772	19.226	1.407	1.0	1.0
22	4	68	1.258	0.445	21.935	1.788	1.0	1.0
22	4	65	1.0	0.263	25.2	4.147	0.935	0.968
22	4	62	0.63	0.492	28.857	4.43	0.548	0.677
22	4	59	0.032	0.18	26.0	0.0	0.032	0.032
22	4	56	0.0	0.0	nan	nan	0.0	0.0
22	4	53	0.0	0.0	nan	nan	0.0	0.0
22	4	50	0.0	0.0	nan	nan	0.0	0.0
22	4	47	0.0	0.0	nan	nan	0.0	0.0
22	4	44	0.0	0.0	nan	nan	0.0	0.0
23	4	420	15.0	0.0	8.097	0.301	1.0	1.0
23	4	380	14.0	0.0	8.516	0.508	1.0	1.0
23	4	340	12.742	0.445	9.0	0.0	1.0	1.0
23	4	300	11.161	0.374	9.0	0.0	1.0	1.0
23	4	260	10.0	0.0	9.0	0.0	1.0	1.0
23	4	220	8.129	0.341	9.032	0.18	1.0	1.0
23	4	180	6.968	0.18	10.0	0.0	1.0	1.0
23	4	140	5.0	0.0	11.0	0.0	1.0	1.0
23	4	100	3.032	0.18	13.645	0.486	1.0	1.0
23	4	77	1.484	0.508	18.29	1.006	1.0	1.0
23	4	74	1.258	0.445	19.548	1.786	1.0	1.0
23	4	71	1.0	0.0	22.226	1.726	1.0	1.0
23	4	68	0.6	0.5	24.286	2.053	0.484	0.677
23	4	65	0.0	0.0	25.0	0.0	0.0	0.032
23	4	62	0.0	0.0	nan	nan	0.0	0.0
23	4	59	0.0	0.0	nan	nan	0.0	0.0
23	4	56	0.0	0.0	nan	nan	0.0	0.0
23	4	53	0.0	0.0	nan	nan	0.0	0.0
23	4	50	0.0	0.0	nan	nan	0.0	0.0
23	4	47	0.0	0.0	nan	nan	0.0	0.0
23	4	44	0.0	0.0	nan	nan	0.0	0.0
24	4	420	21.387	0.495	8.839	0.374	1.0	1.0
24	4	380	19.774	0.425	8.968	0.18	1.0	1.0
24	4	340	18.194	0.402	9.0	0.0	1.0	1.0
24	4	300	16.258	0.445	9.0	0.0	1.0	1.0
24	4	260	14.516	0.508	9.0	0.0	1.0	1.0
24	4	220	12.194	0.402	9.0	0.0	1.0	1.0
24	4	180	10.032	0.407	10.0	0.0	1.0	1.0
24	4	140	7.581	0.502	10.871	0.341	1.0	1.0
24	4	100	5.097	0.301	12.839	0.374	1.0	1.0
24	4	77	3.71	0.461	16.097	0.746	1.0	1.0
24	4	74	3.516	0.508	16.903	0.944	1.0	1.0
24	4	71	3.194	0.654	17.419	1.025	1.0	1.0
24	4	68	2.419	0.62	18.581	1.523	1.0	1.0
24	4	65	1.968	0.407	20.581	1.822	1.0	1.0
24	4	62	1.677	0.541	21.742	1.932	1.0	1.0
24	4	59	1.355	0.551	24.1	3.166	0.968	0.968
24	4	56	0.733	0.691	26.895	3.74	0.581	0.613
24	4	53	0.161	0.454	26.0	2.828	0.129	0.129
24	4	50	0.0	0.0	nan	nan	0.0	0.0
24	4	47	0.0	0.0	nan	nan	0.0	0.0
24	4	44	0.0	0.0	nan	nan	0.0	0.0
25	4	420	17.129	0.341	8.968	0.18	1.0	1.0
25	4	380	16.0	0.0	9.0	0.0	1.0	1.0
25	4	340	14.935	0.25	9.0	0.0	1.0	1.0
25	4	300	13.129	0.341	9.0	0.0	1.0	1.0
25	4	260	11.903	0.301	9.0	0.0	1.0	1.0
25	4	220	10.0	0.0	9.097	0.301	1.0	1.0
25	4	180	8.258	0.445	10.0	0.0	1.0	1.0
25	4	140	6.323	0.475	10.968	0.18	1.0	1.0
25	4	100	4.613	0.495	12.903	0.301	1.0	1.0
25	4	77	3.065	0.442	16.387	0.882	1.0	1.0
25	4	74	2.903	0.301	17.194	0.873	1.0	1.0
25	4	71	2.71	0.461	17.774	1.023	1.0	1.0
25	4	68	2.226	0.497	19.387	1.745	1.0	1.0
25	4	65	1.935	0.442	20.452	1.457	1.0	1.0
25	4	62	1.516	0.508	23.452	2.803	1.0	1.0
25	4	59	1.097	0.301	25.548	1.895	1.0	1.0
25	4	56	0.759	0.511	27.87	3.481	0.677	0.742
25	4	53	0.032	0.18	32.0	0.0	0.032	0.032
25	4	50	0.0	0.0	nan	nan	0.0	0.0
25	4	47	0.0	0.0	nan	nan	0.0	0.0
25	4	44	0.0	0.0	nan	nan	0.0	0.0
26	4	420	17.935	0.25	9.0	0.0	1.0	1.0
26	4	380	16.581	0.502	9.0	0.0	1.0	1.0
26	4	340	15.065	0.25	9.0	0.0	1.0	1.0
26	4	300	13.581	0.502	9.0	0.0	1.0	1.0
26	4	260	12.032	0.18	9.0	0.0	1.0	1.0
26	4	220	10.065	0.25	9.258	0.445	1.0	1.0
26	4	180	8.323	0.475	10.0	0.0	1.0	1.0
26	4	140	6.355	0.486	10.968	0.18	1.0	1.0
26	4	100	4.097	0.301	13.0	0.365	1.0	1.0
26	4	77	2.935	0.25	16.065	1.031	1.0	1.0
26	4	74	2.774	0.425	17.161	0.779	1.0	1.0
26	4	71	2.452	0.675	17.968	0.836	1.0	1.0
26	4	68	1.516	0.57	19.258	1.365	1.0	1.0
26	4	65	1.032	0.18	20.839	1.968	1.0	1.0
26	4	62	0.968	0.315	22.931	2.251	0.935	0.935
26	4	59	0.633	0.49	25.9	3.323	0.613	0.645
26	4	56	0.0	0.0	nan	nan	0.0	0.0
26	4	53	0.0	0.0	nan	nan	0.0	0.0
26	4	50	0.0	0.0	nan	nan	0.0	0.0
26	4	47	0.0	0.0	nan	nan	0.0	0.0
26	4	44	0.0	0.0	nan	nan	0.0	0.0
27	4	420	25.548	0.506	9.0	0.0	1.0	1.0
27	4	380	23.871	0.341	9.0	0.0	1.0	1.0
27	4	340	22.0	0.0	9.0	0.0	1.0	1.0
27	4	300	19.903	0.301	9.0	0.0	1.0	1.0
27	4	260	17.548	0.506	9.0	0.0	1.0	1.0
27	4	220	15.161	0.374	9.935	0.25	1.0	1.0
27	4	180	12.581	0.502	10.0	0.0	1.0	1.0
27	4	140	9.742	0.514	11.0	0.0	1.0	1.0
27	4	100	6.839	0.374	13.065	0.25	1.0	1.0
27	4	77	5.0	0.0	15.935	0.629	1.0	1.0
27	4	74	4.903	0.301	16.871	0.67	1.0	1.0
27	4	71	4.452	0.568	17.71	0.824	1.0	1.0
27	4	68	3.484	0.626	18.677	0.945	1.0	1.0
27	4	65	3.032	0.18	20.806	1.6	1.0	1.0
27	4	62	2.935	0.25	22.742	1.653	1.0	1.0
27	4	59	2.774	0.425	25.355	2.332	1.0	1.0
27	4	56	2.484	0.57	29.129	3.471	1.0	1.0
27	4	53	1.233	0.858	35.6	5.686	0.774	0.806
27	4	50	0.133	0.434	43.0	5.477	0.097	0.129
27	4	47	0.0	0.0	nan	nan	0.0	0.0
27	4	44	0.0	0.0	nan	nan	0.0	0.0
28	4	420	22.032	0.18	9.0	0.0	1.0	1.0
28	4	380	20.516	0.508	9.0	0.0	1.0	1.0
28	4	340	18.839	0.374	9.0	0.0	1.0	1.0
28	4	300	16.839	0.374	9.0	0.0	1.0	1.0
28	4	260	14.935	0.25	9.0	0.0	1.0	1.0
28	4	220	12.903	0.301	9.129	0.341	1.0	1.0
28	4	180	10.355	0.486	10.0	0.0	1.0	1.0
28	4	140	7.968	0.18	10.968	0.18	1.0	1.0
28	4	100	5.452	0.506	13.129	0.341	1.0	1.0
28	4	77	4.0	0.0	16.742	0.729	1.0	1.0
28	4	74	3.548	0.568	17.742	1.032	1.0	1.0
28	4	71	2.645	0.709	19.323	1.275	1.0	1.0
28	4	68	2.161	0.374	20.935	1.526	1.0	1.0
28	4	65	2.032	0.18	23.129	2.202	1.0	1.0
28	4	62	1.931	0.258	28.323	4.888	0.935	1.0
28	4	59	1.286	0.854	33.333	4.517	0.677	0.774
28	4	56	0.033	0.183	40.0	0.0	0.032	0.065
28	4	53	0.0	0.0	nan	nan	0.0	0.0
28	4	50	0.0	0.0	nan	nan	0.0	0.0
28	4	47	0.0	0.0	nan	nan	0.0	0.0
28	4	44	0.0	0.0	nan	nan	0.0	0.0
29	4	420	11.194	0.402	9.0	0.0	1.0	1.0
29	4	380	10.323	0.475	9.0	0.0	1.0	1.0
29	4	340	9.839	0.374	9.0	0.0	1.0	1.0
29	4	300	8.71	0.461	9.0	0.0	1.0	1.0
29	4	260	7.581	0.502	9.323	0.475	1.0	1.0
29	4	220	6.129	0.341	10.0	0.0	1.0	1.0
29	4	180	5.032	0.18	10.0	0.0	1.0	1.0
29	4	140	4.0	0.0	11.355	0.486	1.0	1.0
29	4	100	2.71	0.461	14.097	0.396	1.0	1.0
29	4	77	1.387	0.495	18.871	1.522	1.0	1.0
29	4	74	1.107	0.315	20.742	2.16	0.903	1.0
29	4	71	0.792	0.415	23.385	2.002	0.613	0.839
29	4	68	0.034	0.186	23.333	0.577	0.032	0.097
29	4	65	0.0	0.0	nan	nan	0.0	0.0
29	4	62	0.0	0.0	nan	nan	0.0	0.0
29	4	59	0.0	0.0	nan	nan	0.0	0.0
29	4	56	0.0	0.0	nan	nan	0.0	0.0
29	4	53	0.0	0.0	nan	nan	0.0	0.0
29	4	50	0.0	0.0	nan	nan	0.0	0.0
29	4	47	0.0	0.0	nan	nan	0.0	0.0
29	4	44	0.0	0.0	nan	nan	0.0	0.0
30	4	420	17.935	0.25	9.0	0.0	1.0	1.0
30	4	380	16.581	0.502	9.0	0.0	1.0	1.0
30	4	340	15.0	0.0	9.0	0.0	1.0	1.0
30	4	300	13.774	0.425	9.0	0.0	1.0	1.0
30	4	260	12.032	0.18	9.226	0.425	1.0	1.0
30	4	220	10.129	0.341	10.0	0.0	1.0	1.0
30	4	180	8.29	0.529	10.032	0.18	1.0	1.0
30	4	140	6.387	0.495	11.129	0.341	1.0	1.0
30	4	100	4.258	0.445	13.226	0.425	1.0	1.0
30	4	77	2.968	0.18	16.581	0.765	1.0	1.0
30	4	74	2.742	0.445	17.387	0.882	1.0	1.0
30	4	71	2.355	0.608	18.452	1.362	1.0	1.0
30	4	68	1.677	0.541	19.871	1.586	1.0	1.0
30	4	65	1.581	0.564	20.677	1.249	1.0	1.0
30	4	62	1.097	0.301	23.0	2.251	1.0	1.0
30	4	59	0.621	0.494	26.35	3.675	0.581	0.645
30	4	56	0.29	0.461	29.444	2.651	0.29	0.29
30	4	53	0.0	0.0	nan	nan	0.0	0.0
30	4	50	0.0	0.0	nan	nan	0.0	0.0
30	4	47	0.0	0.0	nan	nan	0.0	0.0
30	4	44	0.0	0.0	nan	nan	0.0	0.0
31	4	420	15.0	0.0	8.355	0.486	1.0	1.0
31	4	380	14.032	0.18	9.0	0.0	1.0	1.0
31	4	340	12.452	0.506	9.0	0.0	1.0	1.0
31	4	300	11.0	0.0	9.0	0.0	1.0	1.0
31	4	260	9.871	0.341	9.0	0.0	1.0	1.0
31	4	220	8.032	0.18	9.129	0.341	1.0	1.0
31	4	180	6.516	0.508	10.0	0.0	1.0	1.0
31	4	140	4.968	0.18	11.032	0.18	1.0	1.0
31	4	100	3.0	0.0	13.452	0.506	1.0	1.0
31	4	77	1.774	0.497	17.71	0.824	1.0	1.0
31	4	74	1.419	0.502	18.548	1.121	1.0	1.0
31	4	71	1.065	0.25	20.484	1.568	1.0	1.0
31	4	68	0.821	0.39	23.462	1.944	0.742	0.839
31	4	65	0.462	0.508	24.824	2.038	0.387	0.548
31	4	62	0.0	0.0	nan	nan	0.0	0.0
31	4	59	0.0	0.0	nan	nan	0.0	0.0
31	4	56	0.0	0.0	nan	nan	0.0	0.0
31	4	53	0.0	0.0	nan	nan	0.0	0.0
31	4	50	0.0	0.0	nan	nan	0.0	0.0
31	4	47	0.0	0.0	nan	nan	0.0	0.0
31	4	44	0.0	0.0	nan	nan	0.0	0.0
0	5	420	23.935	0.25	9.0	0.0	1.0	1.0
0	5	380	22.161	0.374	9.0	0.0	1.0	1.0
0	5	340	20.065	0.25	9.0	0.0	1.0	1.0
0	5	300	18.032	0.315	9.0	0.0	1.0	1.0
0	5	260	15.968	0.18	9.0	0.0	1.0	1.0
0	5	220	13.677	0.475	9.935	0.25	1.0	1.0
0	5	180	10.935	0.25	10.0	0.0	1.0	1.0
0	5	140	8.613	0.495	11.0	0.0	1.0	1.0
0	5	100	5.935	0.25	13.548	0.506	1.0	1.0
0	5	77	3.903	0.473	17.258	0.815	1.0	1.0
0	5	74	3.677	0.475	17.903	0.87	1.0	1.0
0	5	71	3.194	0.477	19.194	1.493	1.0	1.0
0	5	68	2.806	0.601	20.645	1.704	1.0	1.0
0	5	65	2.29	0.461	22.548	1.786	1.0	1.0
0	5	62	2.0	0.0	26.258	3.011	1.0	1.0
0	5	59	1.581	0.564	31.8	4.302	0.968	0.968
0	5	56	0.9	0.662	36.0	3.191	0.71	0.742
0	5	53	0.0	0.0	nan	nan	0.0	0.0
0	5	50	0.0	0.0	nan	nan	0.0	0.0
0	5	47	0.0	0.0	nan	nan	0.0	0.0
0	5	44	0.0	0.0	nan	nan	0.0	0.0
1	5	420	17.29	0.461	9.0	0.0	1.0	1.0
1	5	380	16.0	0.0	9.0	0.0	1.0	1.0
1	5	340	14.742	0.445	9.065	0.25	1.0	1.0
1	5	300	13.0	0.0	10.0	0.0	1.0	1.0
1	5	260	11.29	0.461	10.0	0.0	1.0	1.0
1	5	220	9.677	0.475	10.0	0.0	1.0	1.0
1	5	180	7.903	0.301	11.0	0.0	1.0	1.0
1	5	140	5.903	0.301	12.097	0.301	1.0	1.0
1	5	100	3.968	0.18	15.613	0.495	1.0	1.0
1	5	77	1.516	0.508	24.871	1.455	1.0	1.0
1	5	74	1.172	0.384	27.806	3.816	0.935	1.0
1	5	71	0.258	0.445	31.0	2.563	0.258	0.258
1	5	68	0.0	0.0	nan	nan	0.0	0.0
1	5	65	0.0	0.0	nan	nan	0.0	0.0
1	5	62	0.0	0.0	nan	nan	0.0	0.0
1	5	59	0.0	0.0	nan	nan	0.0	0.0
1	5	56	0.0	0.0	nan	nan	0.0	0.0
1	5	53	0.0	0.0	nan	nan	0.0	0.0
1	5	50	0.0	0.0	nan	nan	0.0	0.0
1	5	47	0.0	0.0	nan	nan	0.0	0.0
1	5	44	0.0	0.0	nan	nan	0.0	0.0
2	5	420	18.032	0.18	9.0	0.0	1.0	1.0
2	5	380	16.548	0.506	9.0	0.0	1.0	1.0
2	5	340	14.968	0.18	9.0	0.0	1.0	1.0
2	5	300	13.129	0.341	9.097	0.301	1.0	1.0
2	5	260	11.323	0.475	9.935	0.25	1.0	1.0
2	5	220	9.516	0.508	10.0	0.0	1.0	1.0
2	5	180	7.516	0.508	10.677	0.475	1.0	1.0
2	5	140	5.677	0.475	11.968	0.18	1.0	1.0
2	5	100	3.452	0.506	14.645	0.486	1.0	1.0
2	5	77	1.032	0.18	20.194	1.223	1.0	1.0
2	5	74	1.0	0.0	22.742	2.144	1.0	1.0
2	5	71	0.778	0.424	25.68	2.795	0.677	0.806
2	5	68	0.233	0.43	25.25	0.707	0.226	0.258
2	5	65	0.032	0.18	27.0	0.0	0.032	0.032
2	5	62	0.0	0.0	nan	nan	0.0	0.0
2	5	59	0.0	0.0	nan	nan	0.0	0.0
2	5	56	0.0	0.0	nan	nan	0.0	0.0
2	5	53	0.0	0.0	nan	nan	0.0	0.0
2	5	50	0.0	0.0	nan	nan	0.0	0.0
2	5	47	0.0	0.0	nan	nan	0.0	0.0
2	5	44	0.0	0.0	nan	nan	0.0	0.0
3	5	420	18.161	0.374	9.0	0.0	1.0	1.0
3	5	380	16.839	0.374	9.0	0.0	1.0	1.0
3	5	340	15.032	0.18	9.065	0.25	1.0	1.0
3	5	300	13.548	0.506	9.871	0.341	1.0	1.0
3	5	260	11.806	0.402	10.0	0.0	1.0	1.0
3	5	220	9.871	0.341	10.0	0.0	1.0	1.0
3	5	180	7.935	0.25	11.0	0.0	1.0	1.0
3	5	140	5.806	0.402	12.0	0.0	1.0	1.0
3	5	100	3.355	0.486	15.065	0.25	1.0	1.0
3	5	77	1.0	0.0	21.613	1.52	1.0	1.0
3	5	74	0.871	0.341	24.111	2.172	0.871	0.871
3	5	71	0.5	0.509	25.765	3.011	0.452	0.548
3	5	68	0.0	0.0	nan	nan	0.0	0.0
3	5	65	0.0	0.0	nan	nan	0.0	0.0
3	5	62	0.0	0.0	nan	nan	0.0	0.0
3	5	59	0.0	0.0	nan	nan	0.0	0.0
3	5	56	0.0	0.0	nan	nan	0.0	0.0
3	5	53	0.0	0.0	nan	nan	0.0	0.0
3	5	50	0.0	0.0	nan	nan	0.0	0.0
3	5	47	0.0	0.0	nan	nan	0.0	0.0
3	5	44	0.0	0.0	nan	nan	0.0	0.0
4	5	420	19.0	0.0	9.0	0.0	1.0	1.0
4	5	380	17.71	0.461	9.0	0.0	1.0	1.0
4	5	340	16.0	0.0	9.0	0.0	1.0	1.0
4	5	300	14.194	0.402	9.0	0.0	1.0	1.0
4	5	260	12.677	0.475	9.0	0.0	1.0	1.0
4	5	220	10.774	0.425	9.935	0.25	1.0	1.0
4	5	180	8.774	0.425	10.0	0.0	1.0	1.0
4	5	140	6.742	0.445	11.0	0.0	1.0	1.0
4	5	100	4.452	0.506	13.0	0.365	1.0	1.0
4	5	77	3.032	0.18	16.355	0.608	1.0	1.0
4	5	74	2.871	0.341	17.419	0.72	1.0	1.0
4	5	71	2.645	0.486	18.097	1.012	1.0	1.0
4	5	68	2.065	0.359	19.419	1.177	1.0	1.0
4	5	65	1.677	0.475	21.935	2.235	1.0	1.0
4	5	62	1.29	0.461	24.065	2.235	1.0	1.0
4	5	59	0.962	0.528	30.185	3.498	0.71	0.871
4	5	56	0.0	0.0	35.0	0.0	0.0	0.032
4	5	53	0.0	0.0	nan	nan	0.0	0.0
4	5	50	0.0	0.0	nan	nan	0.0	0.0
4	5	47	0.0	0.0	nan	nan	0.0	0.0
4	5	44	0.0	0.0	nan	nan	0.0	0.0
5	5	420	16.71	0.461	9.0	0.0	1.0	1.0
5	5	380	15.258	0.445	9.0	0.0	1.0	1.0
5	5	340	14.0	0.0	9.0	0.0	1.0	1.0
5	5	300	12.194	0.402	9.0	0.0	1.0	1.0
5	5	260	10.871	0.341	9.0	0.0	1.0	1.0
5	5	220	9.0	0.0	9.355	0.486	1.0	1.0
5	5	180	7.0	0.0	10.0	0.0	1.0	1.0
5	5	140	5.065	0.25	11.0	0.0	1.0	1.0
5	5	100	3.097	0.301	13.226	0.497	1.0	1.0
5	5	77	1.935	0.25	16.645	0.877	1.0	1.0
5	5	74	1.71	0.461	17.742	1.094	1.0	1.0
5	5	71	1.29	0.461	19.323	1.701	1.0	1.0
5	5	68	0.759	0.435	21.75	2.048	0.71	0.774
5	5	65	0.207	0.412	23.125	2.357	0.194	0.258
5	5	62	0.0	0.0	25.0	0.0	0.0	0.032
5	5	59	0.0	0.0	nan	nan	0.0	0.0
5	5	56	0.0	0.0	nan	nan	0.0	0.0
5	5	53	0.0	0.0	nan	nan	0.0	0.0
5	5	50	0.0	0.0	nan	nan	0.0	0.0
5	5	47	0.0	0.0	nan	nan	0.0	0.0
5	5	44	0.0	0.0	nan	nan	0.0	0.0
6	5	420	16.129	0.341	9.0	0.0	1.0	1.0
6	5	380	15.0	0.0	9.0	0.0	1.0	1.0
6	5	340	13.806	0.402	9.0	0.0	1.0	1.0
6	5	300	12.129	0.341	9.839	0.374	1.0	1.0
6	5	260	10.871	0.341	10.0	0.0	1.0	1.0
6	5	220	9.0	0.0	10.0	0.0	1.0	1.0
6	5	180	7.419	0.502	10.935	0.25	1.0	1.0
6	5	140	5.903	0.301	12.0	0.0	1.0	1.0
6	5	100	4.0	0.0	14.871	0.562	1.0	1.0
6	5	77	2.032	0.18	20.484	1.387	1.0	1.0
6	5	74	1.935	0.25	22.806	1.815	1.0	1.0
6	5	71	1.613	0.495	25.194	2.414	1.0	1.0
6	5	68	0.731	0.452	31.167	3.726	0.613	0.774
6	5	65	0.0	0.0	nan	nan	0.0	0.0
6	5	62	0.0	0.0	nan	nan	0.0	0.0
6	5	59	0.0	0.0	nan	nan	0.0	0.0
6	5	56	0.0	0.0	nan	nan	0.0	0.0
6	5	53	0.0	0.0	nan	nan	0.0	0.0
6	5	50	0.0	0.0	nan	nan	0.0	0.0
6	5	47	0.0	0.0	nan	nan	0.0	0.0
6	5	44	0.0	0.0	nan	nan	0.0	0.0
7	5	420	17.129	0.341	9.0	0.0	1.0	1.0
7	5	380	15.871	0.341	9.0	0.0	1.0	1.0
7	5	340	14.161	0.374	9.0	0.0	1.0	1.0
7	5	300	12.774	0.425	9.0	0.0	1.0	1.0
7	5	260	10.935	0.25	9.0	0.0	1.0	1.0
7	5	220	9.0	0.0	9.323	0.475	1.0	1.0
7	5	180	7.065	0.25	10.0	0.0	1.0	1.0
7	5	140	5.0	0.0	11.0	0.0	1.0	1.0
7	5	100	3.097	0.301	13.806	0.477	1.0	1.0
7	5	77	1.71	0.461	18.0	1.238	1.0	1.0
7	5	74	1.161	0.374	19.871	1.688	1.0	1.0
7	5	71	0.9	0.305	22.143	1.82	0.871	0.903
7	5	68	0.385	0.496	24.6	1.549	0.323	0.484
7	5	65	0.0	0.0	26.0	0.0	0.0	0.032
7	5	62	0.0	0.0	nan	nan	0.0	0.0
7	5	59	0.0	0.0	nan	nan	0.0	0.0
7	5	56	0.0	0.0	nan	nan	0.0	0.0
7	5	53	0.0	0.0	nan	nan	0.0	0.0
7	5	50	0.0	0.0	nan	nan	0.0	0.0
7	5	47	0.0	0.0	nan	nan	0.0	0.0
7	5	44	0.0	0.0	nan	nan	0.0	0.0
8	5	420	17.323	0.475	8.968	0.18	1.0	1.0
8	5	380	15.935	0.25	9.0	0.0	1.0	1.0
8	5	340	14.581	0.502	9.0	0.0	1.0	1.0
8	5	300	12.968	0.315	9.0	0.0	1.0	1.0
8	5	260	11.032	0.18	9.0	0.0	1.0	1.0
8	5	220	9.323	0.475	9.581	0.502	1.0	1.0
8	5	180	7.387	0.495	10.0	0.0	1.0	1.0
8	5	140	5.806	0.402	11.0	0.0	1.0	1.0
8	5	100	3.581	0.502	13.71	0.461	1.0	1.0
8	5	77	1.774	0.56	17.968	1.278	1.0	1.0
8	5	74	1.129	0.341	19.29	1.131	1.0	1.0
8	5	71	1.0	0.0	22.0	1.826	0.968	1.0
8	5	68	0.966	0.186	23.533	1.479	0.903	0.968
8	5	65	0.29	0.461	25.333	1.414	0.29	0.29
8	5	62	0.0	0.0	nan	nan	0.0	0.0
8	5	59	0.0	0.0	nan	nan	0.0	0.0
8	5	56	0.0	0.0	nan	nan	0.0	0.0
8	5	53	0.0	0.0	nan	nan	0.0	0.0
8	5	50	0.0	0.0	nan	nan	0.0	0.0
8	5	47	0.0	0.0	nan	nan	0.0	0.0
8	5	44	0.0	0.0	nan	nan	0.0	0.0
9	5	420	21.806	0.402	8.935	0.25	1.0	1.0
9	5	380	20.0	0.0	9.0	0.0	1.0	1.0
9	5	340	18.032	0.18	9.0	0.0	1.0	1.0
9	5	300	16.065	0.25	9.0	0.0	1.0	1.0
9	5	260	14.0	0.258	9.0	0.0	1.0	1.0
9	5	220	11.871	0.341	9.742	0.445	1.0	1.0
9	5	180	9.29	0.461	10.0	0.0	1.0	1.0
9	5	140	7.0	0.0	11.065	0.25	1.0	1.0
9	5	100	4.065	0.25	14.0	0.447	1.0	1.0
9	5	77	2.161	0.688	18.613	1.407	1.0	1.0
9	5	74	1.613	0.558	20.387	1.407	1.0	1.0
9	5	71	1.226	0.425	22.161	1.485	1.0	1.0
9	5	68	1.0	0.371	24.828	2.465	0.903	0.935
9	5	65	0.345	0.484	27.917	4.441	0.323	0.387
9	5	62	0.0	0.0	nan	nan	0.0	0.0
9	5	59	0.0	0.0	nan	nan	0.0	0.0
9	5	56	0.0	0.0	nan	nan	0.0	0.0
9	5	53	0.0	0.0	nan	nan	0.0	0.0
9	5	50	0.0	0.0	nan	nan	0.0	0.0
9	5	47	0.0	0.0	nan	nan	0.0	0.0
9	5	44	0.0	0.0	nan	nan	0.0	0.0
10	5	420	20.968	0.18	8.968	0.18	1.0	1.0
10	5	380	19.161	0.374	9.0	0.0	1.0	1.0
10	5	340	17.613	0.495	9.0	0.0	1.0	1.0
10	5	300	15.839	0.374	9.0	0.0	1.0	1.0
10	5	260	14.065	0.25	9.0	0.0	1.0	1.0
10	5	220	11.935	0.25	9.032	0.18	1.0	1.0
10	5	180	9.903	0.301	10.0	0.0	1.0	1.0
10	5	140	7.484	0.508	10.71	0.461	1.0	1.0
10	5	100	5.161	0.374	12.806	0.402	1.0	1.0
10	5	77	3.968	0.18	15.516	0.677	1.0	1.0
10	5	74	3.903	0.301	16.323	0.702	1.0	1.0
10	5	71	3.419	0.564	17.161	0.638	1.0	1.0
10	5	68	3.0	0.577	17.645	0.839	1.0	1.0
10	5	65	2.161	0.374	19.484	1.235	1.0	1.0
10	5	62	2.065	0.25	20.742	1.632	1.0	1.0
10	5	59	1.968	0.315	24.0	2.633	1.0	1.0
10	5	56	1.767	0.43	25.839	3.569	0.968	1.0
10	5	53	0.862	0.693	29.136	3.771	0.645	0.71
10	5	50	0.133	0.434	35.5	2.646	0.097	0.129
10	5	47	0.0	0.0	nan	nan	0.0	0.0
10	5	44	0.0	0.0	nan	nan	0.0	0.0
11	5	420	19.161	0.374	9.0	0.0	1.0	1.0
11	5	380	17.903	0.301	9.0	0.0	1.0	1.0
11	5	340	16.0	0.0	9.0	0.0	1.0	1.0
11	5	300	14.194	0.402	9.0	0.0	1.0	1.0
11	5	260	12.226	0.425	9.161	0.374	1.0	1.0
11	5	220	10.065	0.25	10.0	0.0	1.0	1.0
11	5	180	8.0	0.0	10.0	0.0	1.0	1.0
11	5	140	5.935	0.25	11.29	0.461	1.0	1.0
11	5	100	3.871	0.341	13.839	0.523	1.0	1.0
11	5	77	1.581	0.502	18.129	0.922	1.0	1.0
11	5	74	1.194	0.477	19.677	1.492	1.0	1.0
11	5	71	1.0	0.365	21.759	2.012	0.935	0.935
11	5	68	0.6	0.498	23.158	2.007	0.581	0.613
11	5	65	0.032	0.18	24.0	0.0	0.032	0.032
11	5	62	0.0	0.0	nan	nan	0.0	0.0
11	5	59	0.0	0.0	nan	nan	0.0	0.0
11	5	56	0.0	0.0	nan	nan	0.0	0.0
11	5	53	0.0	0.0	nan	nan	0.0	0.0
11	5	50	0.0	0.0	nan	nan	0.0	0.0
11	5	47	0.0	0.0	nan	nan	0.0	0.0
11	5	44	0.0	0.0	nan	nan	0.0	0.0
12	5	420	24.71	0.461	8.161	0.374	1.0	1.0
12	5	380	22.903	0.396	8.613	0.495	1.0	1.0
12	5	340	20.839	0.374	9.0	0.0	1.0	1.0
12	5	300	18.774	0.425	9.0	0.0	1.0	1.0
12	5	260	16.323	0.475	9.0	0.0	1.0	1.0
12	5	220	13.968	0.18	9.032	0.18	1.0	1.0
12	5	180	11.516	0.508	9.968	0.18	1.0	1.0
12	5	140	8.903	0.301	10.935	0.25	1.0	1.0
12	5	100	5.968	0.18	12.839	0.374	1.0	1.0
12	5	77	4.355	0.486	15.871	0.619	1.0	1.0
12	5	74	4.129	0.341	16.581	0.765	1.0	1.0
12	5	71	3.742	0.445	17.613	1.086	1.0	1.0
12	5	68	3.161	0.523	18.613	1.022	1.0	1.0
12	5	65	2.581	0.62	20.258	1.437	1.0	1.0
12	5	62	2.097	0.301	22.516	2.475	1.0	1.0
12	5	59	2.032	0.18	26.677	2.993	1.0	1.0
12	5	56	1.677	0.599	31.517	3.97	0.935	0.935
12	5	53	0.385	0.637	36.846	4.879	0.258	0.419
12	5	50	0.0	0.0	nan	nan	0.0	0.0
12	5	47	0.0	0.0	nan	nan	0.0	0.0
12	5	44	0.0	0.0	nan	nan	0.0	0.0
13	5	420	12.774	0.425	9.0	0.0	1.0	1.0
13	5	380	11.581	0.502	9.0	0.0	1.0	1.0
13	5	340	10.258	0.445	9.0	0.0	1.0	1.0
13	5	300	9.0	0.0	9.0	0.0	1.0	1.0
13	5	260	8.0	0.0	9.484	0.508	1.0	1.0
13	5	220	6.677	0.475	10.0	0.0	1.0	1.0
13	5	180	5.032	0.18	10.548	0.506	1.0	1.0
13	5	140	3.968	0.18	11.968	0.18	1.0	1.0
13	5	100	2.032	0.18	15.419	0.62	1.0	1.0
13	5	77	0.0	0.0	24.8	1.483	0.0	0.161
13	5	74	0.0	0.0	nan	nan	0.0	0.0
13	5	71	0.0	0.0	nan	nan	0.0	0.0
13	5	68	0.0	0.0	nan	nan	0.0	0.0
13	5	65	0.0	0.0	nan	nan	0.0	0.0
13	5	62	0.0	0.0	nan	nan	0.0	0.0
13	5	59	0.0	0.0	nan	nan	0.0	0.0
13	5	56	0.0	0.0	nan	nan	0.0	0.0
13	5	53	0.0	0.0	nan	nan	0.0	0.0
13	5	50	0.0	0.0	nan	nan	0.0	0.0
13	5	47	0.0	0.0	nan	nan	0.0	0.0
13	5	44	0.0	0.0	nan	nan	0.0	0.0
14	5	420	17.516	0.508	9.452	0.506	1.0	1.0
14	5	380	16.065	0.25	9.935	0.25	1.0	1.0
14	5	340	14.645	0.486	10.0	0.0	1.0	1.0
14	5	300	13.0	0.258	10.0	0.0	1.0	1.0
14	5	260	11.161	0.374	10.0	0.0	1.0	1.0
14	5	220	9.581	0.502	10.226	0.425	1.0	1.0
14	5	180	7.806	0.402	11.0	0.0	1.0	1.0
14	5	140	5.968	0.18	12.065	0.25	1.0	1.0
14	5	100	3.903	0.301	15.161	0.454	1.0	1.0
14	5	77	1.645	0.486	21.419	1.501	1.0	1.0
14	5	74	1.129	0.341	23.355	1.762	1.0	1.0
14	5	71	1.032	0.315	25.833	2.214	0.968	0.968
14	5	68	0.607	0.497	28.4	3.992	0.548	0.645
14	5	65	0.0	0.0	nan	nan	0.0	0.0
14	5	62	0.0	0.0	nan	nan	0.0	0.0
14	5	59	0.0	0.0	nan	nan	0.0	0.0
14	5	56	0.0	0.0	nan	nan	0.0	0.0
14	5	53	0.0	0.0	nan	nan	0.0	0.0
14	5	50	0.0	0.0	nan	nan	0.0	0.0
14	5	47	0.0	0.0	nan	nan	0.0	0.0
14	5	44	0.0	0.0	nan	nan	0.0	0.0
15	5	420	19.839	0.374	9.0	0.0	1.0	1.0
15	5	380	18.097	0.301	9.0	0.0	1.0	1.0
15	5	340	16.71	0.461	9.0	0.0	1.0	1.0
15	5	300	14.968	0.18	9.0	0.0	1.0	1.0
15	5	260	13.097	0.301	9.0	0.0	1.0	1.0
15	5	220	11.0	0.0	9.516	0.508	1.0	1.0
15	5	180	9.0	0.0	10.0	0.0	1.0	1.0
15	5	140	7.032	0.18	11.0	0.0	1.0	1.0
15	5	100	4.968	0.18	12.903	0.301	1.0	1.0
15	5	77	3.903	0.301	16.097	0.746	1.0	1.0
15	5	74	3.516	0.508	16.581	0.62	1.0	1.0
15	5	71	2.839	0.583	18.0	0.894	1.0	1.0
15	5	68	2.258	0.445	18.903	0.87	1.0	1.0
15	5	65	2.065	0.25	20.871	1.565	1.0	1.0
15	5	62	2.0	0.0	23.097	2.181	1.0	1.0
15	5	59	1.733	0.45	27.129	3.304	0.968	1.0
15	5	56	1.0	0.784	31.043	4.646	0.613	0.742
15	5	53	0.067	0.254	35.333	5.132	0.065	0.097
15	5	50	0.0	0.0	nan	nan	0.0	0.0
15	5	47	0.0	0.0	nan	nan	0.0	0.0
15	5	44	0.0	0.0	nan	nan	0.0	0.0
16	5	420	15.032	0.18	9.097	0.301	1.0	1.0
16	5	380	14.0	0.0	9.806	0.402	1.0	1.0
16	5	340	12.323	0.475	10.0	0.0	1.0	1.0
16	5	300	11.0	0.0	10.0	0.0	1.0	1.0
16	5	260	9.161	0.374	10.0	0.0	1.0	1.0
16	5	220	7.871	0.341	10.387	0.495	1.0	1.0
16	5	180	6.0	0.0	11.0	0.0	1.0	1.0
16	5	140	4.032	0.18	12.548	0.506	1.0	1.0
16	5	100	2.323	0.475	16.0	0.577	1.0	1.0
16	5	77	0.0	0.0	nan	nan	0.0	0.0
16	5	74	0.0	0.0	nan	nan	0.0	0.0
16	5	71	0.0	0.0	nan	nan	0.0	0.0
16	5	68	0.0	0.0	nan	nan	0.0	0.0
16	5	65	0.0	0.0	nan	nan	0.0	0.0
16	5	62	0.0	0.0	nan	nan	0.0	0.0
16	5	59	0.0	0.0	nan	nan	0.0	0.0
16	5	56	0.0	0.0	nan	nan	0.0	0.0
16	5	53	0.0	0.0	nan	nan	0.0	0.0
16	5	50	0.0	0.0	nan	nan	0.0	0.0
16	5	47	0.0	0.0	nan	nan	0.0	0.0
16	5	44	0.0	0.0	nan	nan	0.0	0.0
17	5	420	25.516	0.508	8.0	0.0	1.0	1.0
17	5	380	23.581	0.502	8.0	0.0	1.0	1.0
17	5	340	21.742	0.445	8.323	0.475	1.0	1.0
17	5	300	19.613	0.495	8.871	0.341	1.0	1.0
17	5	260	17.161	0.374	9.0	0.0	1.0	1.0
17	5	220	14.935	0.25	9.0	0.0	1.0	1.0
17	5	180	12.129	0.341	9.29	0.461	1.0	1.0
17	5	140	9.581	0.502	10.0	0.0	1.0	1.0
17	5	100	6.935	0.25	11.935	0.25	1.0	1.0
17	5	77	5.0	0.0	14.355	0.486	1.0	1.0
17	5	74	4.935	0.25	14.968	0.482	1.0	1.0
17	5	71	4.806	0.402	15.323	0.541	1.0	1.0
17	5	68	4.484	0.508	16.0	0.816	1.0	1.0
17	5	65	3.968	0.315	17.0	0.931	1.0	1.0
17	5	62	3.677	0.541	17.839	1.186	1.0	1.0
17	5	59	3.129	0.499	19.097	1.3	1.0	1.0
17	5	56	2.677	0.475	21.677	1.469	1.0	1.0
17	5	53	2.29	0.461	24.484	2.461	1.0	1.0
17	5	50	2.0	0.0	27.903	2.797	1.0	1.0
17	5	47	0.966	0.778	35.591	5.288	0.645	0.71
17	5	44	0.065	0.25	41.5	2.121	0.065	0.065
18	5	420	16.065	0.25	9.0	0.0	1.0	1.0
18	5	380	15.0	0.0	9.0	0.0	1.0	1.0
18	5	340	13.613	0.495	9.0	0.0	1.0	1.0
18	5	300	12.065	0.25	9.0	0.0	1.0	1.0
18	5	260	10.742	0.445	9.129	0.341	1.0	1.0
18	5	220	8.968	0.18	10.0	0.0	1.0	1.0
18	5	180	7.161	0.374	10.097	0.301	1.0	1.0
18	5	140	5.677	0.475	11.419	0.502	1.0	1.0
18	5	100	3.968	0.18	14.355	0.486	1.0	1.0
18	5	77	1.871	0.341	20.871	1.5	1.0	1.0
18	5	74	1.323	0.475	22.323	2.006	1.0	1.0
18	5	71	1.065	0.442	24.931	2.865	0.935	0.935
18	5	68	0.963	0.338	28.621	4.101	0.806	0.935
18	5	65	0.107	0.315	31.833	3.656	0.097	0.194
18	5	62	0.0	0.0	nan	nan	0.0	0.0
18	5	59	0.0	0.0	nan	nan	0.0	0.0
18	5	56	0.0	0.0	nan	nan	0.0	0.0
18	5	53	0.0	0.0	nan	nan	0.0	0.0
18	5	50	0.0	0.0	nan	nan	0.0	0.0
18	5	47	0.0	0.0	nan	nan	0.0	0.0
18	5	44	0.0	0.0	nan	nan	0.0	0.0
19	5	420	16.065	0.25	8.097	0.301	1.0	1.0
19	5	380	14.903	0.301	8.645	0.486	1.0	1.0
19	5	340	13.129	0.341	9.0	0.0	1.0	1.0
19	5	300	11.935	0.25	9.0	0.0	1.0	1.0
19	5	260	10.0	0.0	9.0	0.0	1.0	1.0
19	5	220	8.355	0.486	9.161	0.374	1.0	1.0
19	5	180	6.806	0.402	10.0	0.0	1.0	1.0
19	5	140	5.0	0.0	11.097	0.301	1.0	1.0
19	5	100	2.968	0.18	14.419	0.672	1.0	1.0
19	5	77	0.929	0.466	21.667	2.842	0.774	0.871
19	5	74	0.333	0.48	23.077	2.216	0.29	0.419
19	5	71	0.0	0.0	26.0	0.0	0.0	0.065
19	5	68	0.0	0.0	nan	nan	0.0	0.0
19	5	65	0.0	0.0	nan	nan	0.0	0.0
19	5	62	0.0	0.0	nan	nan	0.0	0.0
19	5	59	0.0	0.0	nan	nan	0.0	0.0
19	5	56	0.0	0.0	nan	nan	0.0	0.0
19	5	53	0.0	0.0	nan	nan	0.0	0.0
19	5	50	0.0	0.0	nan	nan	0.0	0.0
19	5	47	0.0	0.0	nan	nan	0.0	0.0
19	5	44	0.0	0.0	nan	nan	0.0	0.0
20	5	420	19.581	0.502	8.194	0.402	1.0	1.0
20	5	380	18.032	0.18	8.71	0.461	1.0	1.0
20	5	340	16.387	0.495	9.0	0.0	1.0	1.0
20	5	300	14.806	0.402	9.0	0.0	1.0	1.0
20	5	260	12.935	0.359	9.0	0.0	1.0	1.0
20	5	220	10.968	0.18	9.0	0.0	1.0	1.0
20	5	180	8.935	0.25	10.0	0.0	1.0	1.0
20	5	140	6.903	0.301	10.968	0.18	1.0	1.0
20	5	100	4.548	0.506	13.032	0.315	1.0	1.0
20	5	77	2.968	0.18	16.419	0.672	1.0	1.0
20	5	74	2.935	0.359	17.032	0.912	1.0	1.0
20	5	71	2.323	0.475	18.419	1.089	1.0	1.0
20	5	68	1.968	0.407	20.032	1.354	1.0	1.0
20	5	65	1.367	0.49	21.71	2.02	0.968	1.0
20	5	62	1.194	0.477	23.933	1.721	0.968	0.968
20	5	59	0.767	0.504	26.261	2.454	0.71	0.742
20	5	56	0.133	0.346	29.0	4.0	0.129	0.161
20	5	53	0.0	0.0	nan	nan	0.0	0.0
20	5	50	0.0	0.0	nan	nan	0.0	0.0
20	5	47	0.0	0.0	nan	nan	0.0	0.0
20	5	44	0.0	0.0	nan	nan	0.0	0.0
21	5	420	19.258	0.445	8.0	0.0	1.0	1.0
21	5	380	17.968	0.18	8.0	0.0	1.0	1.0
21	5	340	16.161	0.374	8.097	0.301	1.0	1.0
21	5	300	14.581	0.502	8.871	0.341	1.0	1.0
21	5	260	12.774	0.425	9.0	0.0	1.0	1.0
21	5	220	10.903	0.301	9.0	0.0	1.0	1.0
21	5	180	8.677	0.475	9.387	0.495	1.0	1.0
21	5	140	6.613	0.495	10.032	0.18	1.0	1.0
21	5	100	4.258	0.445	12.097	0.396	1.0	1.0
21	5	77	3.032	0.18	14.903	0.651	1.0	1.0
21	5	74	3.0	0.258	15.29	0.643	1.0	1.0
21	5	71	2.839	0.374	16.548	0.85	1.0	1.0
21	5	68	2.581	0.564	17.258	0.773	1.0	1.0
21	5	65	1.806	0.703	18.226	1.334	1.0	1.0
21	5	62	1.29	0.461	19.355	1.624	1.0	1.0
21	5	59	1.0	0.258	22.067	2.05	0.968	0.968
21	5	56	0.742	0.445	25.783	2.86	0.742	0.742
21	5	53	0.161	0.374	27.6	3.362	0.161	0.161
21	5	50	0.0	0.0	nan	nan	0.0	0.0
21	5	47	0.0	0.0	nan	nan	0.0	0.0
21	5	44	0.0	0.0	nan	nan	0.0	0.0
22	5	420	25.806	0.402	9.0	0.0	1.0	1.0
22	5	380	23.968	0.18	9.0	0.0	1.0	1.0
22	5	340	21.806	0.402	9.0	0.0	1.0	1.0
22	5	300	19.452	0.506	9.0	0.0	1.0	1.0
22	5	260	17.032	0.18	9.29	0.461	1.0	1.0
22	5	220	14.742	0.445	10.0	0.0	1.0	1.0
22	5	180	11.968	0.18	10.0	0.0	1.0	1.0
22	5	140	9.032	0.18	11.194	0.402	1.0	1.0
22	5	100	5.968	0.18	13.806	0.402	1.0	1.0
22	5	77	4.032	0.605	17.581	0.848	1.0	1.0
22	5	74	3.355	0.551	18.839	1.068	1.0	1.0
22	5	71	2.968	0.18	20.161	1.293	1.0	1.0
22	5	68	2.871	0.341	21.968	1.378	1.0	1.0
22	5	65	2.355	0.486	23.742	1.39	1.0	1.0
22	5	62	2.032	0.18	27.581	2.363	1.0	1.0
22	5	59	1.806	0.402	31.645	3.937	1.0	1.0
22	5	56	0.767	0.728	36.632	2.813	0.581	0.613
22	5	53	0.032	0.18	40.0	0.0	0.032	0.032
22	5	50	0.0	0.0	nan	nan	0.0	0.0
22	5	47	0.0	0.0	nan	nan	0.0	0.0
22	5	44	0.0	0.0	nan	nan	0.0	0.0
23	5	420	22.871	0.341	9.0	0.0	1.0	1.0
23	5	380	20.935	0.25	9.0	0.0	1.0	1.0
23	5	340	18.935	0.25	9.0	0.0	1.0	1.0
23	5	300	16.839	0.374	9.0	0.0	1.0	1.0
23	5	260	14.613	0.495	9.0	0.0	1.0	1.0
23	5	220	12.161	0.374	9.839	0.374	1.0	1.0
23	5	180	9.871	0.341	10.0	0.0	1.0	1.0
23	5	140	7.0	0.258	11.032	0.18	1.0	1.0
23	5	100	4.516	0.508	13.29	0.529	1.0	1.0
23	5	77	2.968	0.18	16.419	0.62	1.0	1.0
23	5	74	2.645	0.608	17.323	0.791	1.0	1.0
23	5	71	2.0	0.73	18.29	1.16	1.0	1.0
23	5	68	1.452	0.624	19.806	1.682	1.0	1.0
23	5	65	0.903	0.301	22.5	1.991	0.903	0.903
23	5	62	0.692	0.471	24.739	2.988	0.581	0.742
23	5	59	0.097	0.301	28.0	3.606	0.097	0.097
23	5	56	0.0	0.0	nan	nan	0.0	0.0
23	5	53	0.0	0.0	nan	nan	0.0	0.0
23	5	50	0.0	0.0	nan	nan	0.0	0.0
23	5	47	0.0	0.0	nan	nan	0.0	0.0
23	5	44	0.0	0.0	nan	nan	0.0	0.0
24	5	420	24.613	0.495	9.0	0.0	1.0	1.0
24	5	380	22.871	0.341	9.0	0.0	1.0	1.0
24	5	340	20.613	0.495	9.0	0.0	1.0	1.0
24	5	300	18.194	0.402	9.0	0.0	1.0	1.0
24	5	260	15.935	0.25	9.0	0.0	1.0	1.0
24	5	220	13.452	0.506	9.774	0.425	1.0	1.0
24	5	180	10.806	0.477	10.0	0.0	1.0	1.0
24	5	140	7.935	0.25	11.0	0.0	1.0	1.0
24	5	100	5.032	0.18	13.548	0.506	1.0	1.0
24	5	77	3.065	0.512	17.161	0.934	1.0	1.0
24	5	74	2.71	0.643	17.742	1.21	1.0	1.0
24	5	71	2.129	0.499	19.387	1.606	1.0	1.0
24	5	68	1.484	0.57	21.161	2.131	1.0	1.0
24	5	65	1.097	0.539	23.857	2.649	0.903	0.903
24	5	62	0.774	0.56	25.364	1.62	0.71	0.71
24	5	59	0.1	0.305	26.75	4.992	0.097	0.129
24	5	56	0.0	0.0	nan	nan	0.0	0.0
24	5	53	0.0	0.0	nan	nan	0.0	0.0
24	5	50	0.0	0.0	nan	nan	0.0	0.0
24	5	47	0.0	0.0	nan	nan	0.0	0.0
24	5	44	0.0	0.0	nan	nan	0.0	0.0
25	5	420	19.839	0.374	9.0	0.0	1.0	1.0
25	5	380	18.194	0.402	9.0	0.0	1.0	1.0
25	5	340	16.323	0.475	9.0	0.0	1.0	1.0
25	5	300	14.774	0.425	9.0	0.0	1.0	1.0
25	5	260	12.903	0.301	9.323	0.475	1.0	1.0
25	5	220	10.774	0.425	10.0	0.0	1.0	1.0
25	5	180	8.516	0.508	10.097	0.301	1.0	1.0
25	5	140	6.355	0.486	11.355	0.486	1.0	1.0
25	5	100	4.0	0.0	14.032	0.407	1.0	1.0
25	5	77	2.065	0.629	18.742	1.154	1.0	1.0
25	5	74	1.613	0.558	19.806	1.579	1.0	1.0
25	5	71	1.226	0.425	21.419	1.689	1.0	1.0
25	5	68	0.968	0.18	24.433	2.223	0.968	0.968
25	5	65	0.3	0.466	26.1	2.331	0.29	0.323
25	5	62	0.0	0.0	37.0	0.0	0.0	0.032
25	5	59	0.0	0.0	nan	nan	0.0	0.0
25	5	56	0.0	0.0	nan	nan	0.0	0.0
25	5	53	0.0	0.0	nan	nan	0.0	0.0
25	5	50	0.0	0.0	nan	nan	0.0	0.0
25	5	47	0.0	0.0	nan	nan	0.0	0.0
25	5	44	0.0	0.0	nan	nan	0.0	0.0
26	5	420	19.548	0.506	9.0	0.0	1.0	1.0
26	5	380	18.032	0.407	9.0	0.0	1.0	1.0
26	5	340	16.419	0.502	9.0	0.0	1.0	1.0
26	5	300	14.677	0.475	9.0	0.0	1.0	1.0
26	5	260	12.871	0.341	9.29	0.461	1.0	1.0
26	5	220	10.71	0.461	10.0	0.0	1.0	1.0
26	5	180	8.71	0.461	10.161	0.374	1.0	1.0
26	5	140	6.226	0.425	11.194	0.402	1.0	1.0
26	5	100	4.097	0.301	13.903	0.396	1.0	1.0
26	5	77	2.581	0.72	17.645	0.661	1.0	1.0
26	5	74	2.29	0.693	18.581	1.311	1.0	1.0
26	5	71	1.226	0.425	19.774	1.23	1.0	1.0
26	5	68	1.097	0.396	22.267	1.617	0.968	0.968
26	5	65	0.903	0.396	24.444	2.309	0.871	0.871
26	5	62	0.367	0.49	27.333	3.229	0.355	0.387
26	5	59	0.0	0.0	nan	nan	0.0	0.0
26	5	56	0.0	0.0	nan	nan	0.0	0.0
26	5	53	0.0	0.0	nan	nan	0.0	0.0
26	5	50	0.0	0.0	nan	nan	0.0	0.0
26	5	47	0.0	0.0	nan	nan	0.0	0.0
26	5	44	0.0	0.0	nan	nan	0.0	0.0
27	5	420	18.0	0.0	9.0	0.0	1.0	1.0
27	5	380	16.871	0.341	9.0	0.0	1.0	1.0
27	5	340	15.065	0.25	9.0	0.0	1.0	1.0
27	5	300	13.581	0.502	9.0	0.0	1.0	1.0
27	5	260	11.968	0.18	9.419	0.502	1.0	1.0
27	5	220	10.0	0.0	10.0	0.0	1.0	1.0
27	5	180	8.0	0.0	10.29	0.461	1.0	1.0
27	5	140	6.0	0.0	11.677	0.475	1.0	1.0
27	5	100	4.0	0.0	14.71	0.529	1.0	1.0
27	5	77	1.903	0.301	21.484	0.926	1.0	1.0
27	5	74	1.677	0.475	23.355	1.561	1.0	1.0
27	5	71	1.258	0.445	28.161	2.806	1.0	1.0
27	5	68	0.483	0.509	29.562	3.864	0.452	0.516
27	5	65	0.0	0.0	nan	nan	0.0	0.0
27	5	62	0.0	0.0	nan	nan	0.0	0.0
27	5	59	0.0	0.0	nan	nan	0.0	0.0
27	5	56	0.0	0.0	nan	nan	0.0	0.0
27	5	53	0.0	0.0	nan	nan	0.0	0.0
27	5	50	0.0	0.0	nan	nan	0.0	0.0
27	5	47	0.0	0.0	nan	nan	0.0	0.0
27	5	44	0.0	0.0	nan	nan	0.0	0.0
28	5	420	20.387	0.495	8.742	0.445	1.0	1.0
28	5	380	19.032	0.407	8.968	0.18	1.0	1.0
28	5	340	17.129	0.341	9.0	0.0	1.0	1.0
28	5	300	15.161	0.454	9.0	0.0	1.0	1.0
28	5	260	13.129	0.341	9.0	0.0	1.0	1.0
28	5	220	11.032	0.315	9.387	0.495	1.0	1.0
28	5	180	8.806	0.402	10.0	0.0	1.0	1.0
28	5	140	6.484	0.508	11.0	0.0	1.0	1.0
28	5	100	4.065	0.25	13.903	0.473	1.0	1.0
28	5	77	2.065	0.727	19.065	1.263	1.0	1.0
28	5	74	1.516	0.508	20.032	1.602	1.0	1.0
28	5	71	1.226	0.425	22.645	1.762	1.0	1.0
28	5	68	0.871	0.428	24.577	2.485	0.839	0.839
28	5	65	0.419	0.502	26.692	3.011	0.419	0.419
28	5	62	0.097	0.301	28.0	1.0	0.097	0.097
28	5	59	0.0	0.0	nan	nan	0.0	0.0
28	5	56	0.0	0.0	nan	nan	0.0	0.0
28	5	53	0.0	0.0	nan	nan	0.0	0.0
28	5	50	0.0	0.0	nan	nan	0.0	0.0
28	5	47	0.0	0.0	nan	nan	0.0	0.0
28	5	44	0.0	0.0	nan	nan	0.0	0.0
29	5	420	20.032	0.18	9.0	0.0	1.0	1.0
29	5	380	18.903	0.301	9.0	0.0	1.0	1.0
29	5	340	17.032	0.18	9.0	0.0	1.0	1.0
29	5	300	15.161	0.374	9.0	0.0	1.0	1.0
29	5	260	13.387	0.495	9.226	0.425	1.0	1.0
29	5	220	11.355	0.486	9.968	0.18	1.0	1.0
29	5	180	9.226	0.425	10.0	0.0	1.0	1.0
29	5	140	7.032	0.315	11.032	0.315	1.0	1.0
29	5	100	5.0	0.0	13.419	0.502	1.0	1.0
29	5	77	3.806	0.402	16.968	0.795	1.0	1.0
29	5	74	2.935	0.854	17.935	0.854	1.0	1.0
29	5	71	2.484	0.57	18.839	1.344	1.0	1.0
29	5	68	2.032	0.18	21.129	1.522	1.0	1.0
29	5	65	2.0	0.0	22.839	1.899	1.0	1.0
29	5	62	1.931	0.258	26.355	4.021	0.935	1.0
29	5	59	1.25	0.887	29.435	4.521	0.645	0.742
29	5	56	0.0	0.0	38.0	0.0	0.0	0.032
29	5	53	0.0	0.0	nan	nan	0.0	0.0
29	5	50	0.0	0.0	nan	nan	0.0	0.0
29	5	47	0.0	0.0	nan	nan	0.0	0.0
29	5	44	0.0	0.0	nan	nan	0.0	0.0
30	5	420	14.935	0.25	9.0	0.0	1.0	1.0
30	5	380	13.903	0.301	9.0	0.0	1.0	1.0
30	5	340	12.581	0.502	9.0	0.0	1.0	1.0
30	5	300	11.0	0.0	9.0	0.0	1.0	1.0
30	5	260	9.968	0.18	9.0	0.0	1.0	1.0
30	5	220	8.516	0.508	9.387	0.495	1.0	1.0
30	5	180	7.0	0.0	10.032	0.18	1.0	1.0
30	5	140	5.097	0.301	11.032	0.18	1.0	1.0
30	5	100	4.0	0.0	13.484	0.508	1.0	1.0
30	5	77	2.548	0.624	17.968	1.14	1.0	1.0
30	5	74	1.968	0.706	19.258	1.632	1.0	1.0
30	5	71	1.452	0.624	21.1	1.768	0.968	0.968
30	5	68	1.0	0.365	23.897	3.189	0.935	0.935
30	5	65	0.581	0.564	27.941	3.976	0.548	0.548
30	5	62	0.033	0.183	33.5	2.121	0.032	0.065
30	5	59	0.0	0.0	nan	nan	0.0	0.0
30	5	56	0.0	0.0	nan	nan	0.0	0.0
30	5	53	0.0	0.0	nan	nan	0.0	0.0
30	5	50	0.0	0.0	nan	nan	0.0	0.0
30	5	47	0.0	0.0	nan	nan	0.0	0.0
30	5	44	0.0	0.0	nan	nan	0.0	0.0
31	5	420	19.452	0.506	8.419	0.502	1.0	1.0
31	5	380	17.968	0.18	9.0	0.0	1.0	1.0
31	5	340	16.29	0.461	9.0	0.0	1.0	1.0
31	5	300	14.839	0.374	9.0	0.0	1.0	1.0
31	5	260	12.968	0.18	9.0	0.0	1.0	1.0
31	5	220	10.968	0.18	9.194	0.402	1.0	1.0
31	5	180	8.968	0.18	10.0	0.0	1.0	1.0
31	5	140	6.903	0.301	11.0	0.0	1.0	1.0
31	5	100	4.581	0.502	13.194	0.477	1.0	1.0
31	5	77	3.0	0.447	16.903	0.944	1.0	1.0
31	5	74	2.581	0.502	17.935	0.998	1.0	1.0
31	5	71	2.129	0.619	19.387	1.383	1.0	1.0
31	5	68	1.903	0.396	20.613	1.706	1.0	1.0
31	5	65	1.613	0.495	22.968	2.483	1.0	1.0
31	5	62	1.233	0.504	25.733	3.443	0.935	0.968
31	5	59	0.897	0.557	28.6	4.133	0.742	0.806
31	5	56	0.069	0.258	31.5	4.796	0.065	0.129
31	5	53	0.0	0.0	nan	nan	0.0	0.0
31	5	50	0.0	0.0	nan	nan	0.0	0.0
31	5	47	0.0	0.0	nan	nan	0.0	0.0
31	5	44	0.0	0.0	nan	nan	0.0	0.0
0	6	420	22.129	0.341	8.484	0.508	1.0	1.0
0	6	380	20.839	0.374	8.774	0.425	1.0	1.0
0	6	340	19.065	0.25	9.0	0.0	1.0	1.0
0	6	300	17.161	0.374	9.0	0.0	1.0	1.0
0	6	260	15.258	0.445	9.0	0.0	1.0	1.0
0	6	220	13.065	0.25	9.0	0.0	1.0	1.0
0	6	180	11.032	0.18	9.871	0.341	1.0	1.0
0	6	140	8.806	0.402	10.065	0.25	1.0	1.0
0	6	100	6.032	0.18	12.032	0.18	1.0	1.0
0	6	77	4.935	0.25	14.677	0.475	1.0	1.0
0	6	74	4.645	0.486	15.065	0.574	1.0	1.0
0	6	71	4.097	0.301	15.806	0.749	1.0	1.0
0	6	68	4.0	0.0	16.613	0.667	1.0	1.0
0	6	65	3.774	0.425	17.516	0.996	1.0	1.0
0	6	62	3.226	0.617	18.839	1.128	1.0	1.0
0	6	59	2.839	0.583	20.355	1.704	1.0	1.0
0	6	56	2.226	0.425	22.903	1.599	1.0	1.0
0	6	53	2.0	0.258	26.742	3.493	1.0	1.0
0	6	50	0.933	0.868	34.053	6.803	0.581	0.613
0	6	47	0.032	0.18	39.0	0.0	0.032	0.032
0	6	44	0.0	0.0	nan	nan	0.0	0.0
1	6	420	20.935	0.25	9.0	0.0	1.0	1.0
1	6	380	19.161	0.374	9.0	0.0	1.0	1.0
1	6	340	17.871	0.341	9.0	0.0	1.0	1.0
1	6	300	15.968	0.18	9.0	0.0	1.0	1.0
1	6	260	14.032	0.18	9.0	0.0	1.0	1.0
1	6	220	12.032	0.18	9.226	0.425	1.0	1.0
1	6	180	10.0	0.258	10.0	0.0	1.0	1.0
1	6	140	7.839	0.374	11.0	0.0	1.0	1.0
1	6	100	5.097	0.301	13.129	0.341	1.0	1.0
1	6	77	3.871	0.428	16.677	0.945	1.0	1.0
1	6	74	3.323	0.702	17.677	0.791	1.0	1.0
1	6	71	2.419	0.564	18.935	1.263	1.0	1.0
1	6	68	2.161	0.374	21.0	1.826	1.0	1.0
1	6	65	2.0	0.0	22.226	2.305	1.0	1.0
1	6	62	1.839	0.374	26.355	3.392	1.0	1.0
1	6	59	1.643	0.621	29.655	4.41	0.839	0.935
1	6	56	0.034	0.186	31.667	6.658	0.032	0.097
1	6	53	0.0	0.0	nan	nan	0.0	0.0
1	6	50	0.0	0.0	nan	nan	0.0	0.0
1	6	47	0.0	0.0	nan	nan	0.0	0.0
1	6	44	0.0	0.0	nan	nan	0.0	0.0
2	6	420	21.323	0.475	9.0	0.0	1.0	1.0
2	6	380	19.806	0.402	9.0	0.0	1.0	1.0
2	6	340	18.0	0.0	9.0	0.0	1.0	1.0
2	6	300	16.194	0.402	9.0	0.0	1.0	1.0
2	6	260	14.129	0.341	9.097	0.301	1.0	1.0
2	6	220	12.0	0.258	10.0	0.0	1.0	1.0
2	6	180	9.774	0.425	10.032	0.18	1.0	1.0
2	6	140	7.258	0.445	11.0	0.0	1.0	1.0
2	6	100	4.935	0.25	12.968	0.18	1.0	1.0
2	6	77	3.194	0.402	15.871	0.67	1.0	1.0
2	6	74	3.032	0.315	16.419	0.72	1.0	1.0
2	6	71	2.871	0.341	17.452	0.768	1.0	1.0
2	6	68	2.29	0.824	18.355	1.082	1.0	1.0
2	6	65	1.613	0.558	19.742	1.21	1.0	1.0
2	6	62	1.161	0.374	21.548	2.079	1.0	1.0
2	6	59	0.786	0.418	24.52	2.694	0.71	0.806
2	6	56	0.379	0.494	26.308	3.276	0.355	0.419
2	6	53	0.0	0.0	nan	nan	0.0	0.0
2	6	50	0.0	0.0	nan	nan	0.0	0.0
2	6	47	0.0	0.0	nan	nan	0.0	0.0
2	6	44	0.0	0.0	nan	nan	0.0	0.0
3	6	420	13.097	0.301	9.0	0.0	1.0	1.0
3	6	380	12.065	0.25	9.0	0.0	1.0	1.0
3	6	340	11.032	0.18	9.0	0.0	1.0	1.0
3	6	300	10.0	0.0	9.032	0.18	1.0	1.0
3	6	260	8.839	0.374	10.0	0.0	1.0	1.0
3	6	220	7.097	0.301	10.0	0.0	1.0	1.0
3	6	180	6.0	0.0	10.581	0.502	1.0	1.0
3	6	140	4.129	0.341	11.935	0.25	1.0	1.0
3	6	100	3.0	0.0	14.742	0.514	1.0	1.0
3	6	77	0.967	0.183	21.567	1.942	0.935	0.968
3	6	74	0.68	0.476	24.087	2.109	0.548	0.742
3	6	71	0.207	0.412	25.25	1.832	0.194	0.258
3	6	68	0.0	0.0	nan	nan	0.0	0.0
3	6	65	0.0	0.0	nan	nan	0.0	0.0
3	6	62	0.0	0.0	nan	nan	0.0	0.0
3	6	59	0.0	0.0	nan	nan	0.0	0.0
3	6	56	0.0	0.0	nan	nan	0.0	0.0
3	6	53	0.0	0.0	nan	nan	0.0	0.0
3	6	50	0.0	0.0	nan	nan	0.0	0.0
3	6	47	0.0	0.0	nan	nan	0.0	0.0
3	6	44	0.0	0.0	nan	nan	0.0	0.0
4	6	420	22.065	0.25	9.0	0.0	1.0	1.0
4	6	380	20.548	0.506	9.161	0.374	1.0	1.0
4	6	340	18.871	0.341	9.71	0.461	1.0	1.0
4	6	300	17.0	0.0	10.0	0.0	1.0	1.0
4	6	260	15.0	0.0	10.0	0.0	1.0	1.0
4	6	220	12.935	0.25	10.0	0.0	1.0	1.0
4	6	180	10.419	0.502	10.935	0.25	1.0	1.0
4	6	140	8.032	0.18	11.806	0.402	1.0	1.0
4	6	100	5.71	0.461	14.194	0.402	1.0	1.0
4	6	77	3.548	0.506	18.097	0.79	1.0	1.0
4	6	74	3.065	0.25	19.355	0.839	1.0	1.0
4	6	71	2.871	0.428	20.806	1.376	1.0	1.0
4	6	68	2.258	0.445	22.935	1.692	1.0	1.0
4	6	65	2.0	0.0	24.452	1.48	1.0	1.0
4	6	62	1.903	0.301	29.097	3.155	1.0	1.0
4	6	59	1.5	0.638	33.828	4.384	0.839	0.935
4	6	56	0.1	0.403	34.0	1.732	0.065	0.097
4	6	53	0.0	0.0	nan	nan	0.0	0.0
4	6	50	0.0	0.0	nan	nan	0.0	0.0
4	6	47	0.0	0.0	nan	nan	0.0	0.0
4	6	44	0.0	0.0	nan	nan	0.0	0.0
5	6	420	16.516	0.508	8.968	0.18	1.0	1.0
5	6	380	15.032	0.18	9.0	0.0	1.0	1.0
5	6	340	13.968	0.18	9.0	0.0	1.0	1.0
5	6	300	12.161	0.374	9.0	0.0	1.0	1.0
5	6	260	10.935	0.25	9.0	0.0	1.0	1.0
5	6	220	9.032	0.18	9.226	0.425	1.0	1.0
5	6	180	7.129	0.341	10.0	0.0	1.0	1.0
5	6	140	5.258	0.445	11.0	0.0	1.0	1.0
5	6	100	3.29	0.461	13.129	0.341	1.0	1.0
5	6	77	2.0	0.0	16.71	0.739	1.0	1.0
5	6	74	1.871	0.341	17.452	0.81	1.0	1.0
5	6	71	1.161	0.374	19.29	1.774	1.0	1.0
5	6	68	1.036	0.189	21.613	2.028	0.903	1.0
5	6	65	0.5	0.51	24.278	1.809	0.419	0.581
5	6	62	0.0	0.0	25.0	0.0	0.0	0.032
5	6	59	0.0	0.0	nan	nan	0.0	0.0
5	6	56	0.0	0.0	nan	nan	0.0	0.0
5	6	53	0.0	0.0	nan	nan	0.0	0.0
5	6	50	0.0	0.0	nan	nan	0.0	0.0
5	6	47	0.0	0.0	nan	nan	0.0	0.0
5	6	44	0.0	0.0	nan	nan	0.0	0.0
6	6	420	18.323	0.475	9.0	0.0	1.0	1.0
6	6	380	17.065	0.25	9.0	0.0	1.0	1.0
6	6	340	15.871	0.341	9.0	0.0	1.0	1.0
6	6	300	14.032	0.18	9.0	0.0	1.0	1.0
6	6	260	12.806	0.402	9.452	0.506	1.0	1.0
6	6	220	10.968	0.18	10.0	0.0	1.0	1.0
6	6	180	8.968	0.18	10.0	0.0	1.0	1.0
6	6	140	7.0	0.0	11.032	0.18	1.0	1.0
6	6	100	5.0	0.0	13.323	0.475	1.0	1.0
6	6	77	3.806	0.402	16.645	0.661	1.0	1.0
6	6	74	3.065	0.629	17.742	0.631	1.0	1.0
6	6	71	2.387	0.495	18.71	1.039	1.0	1.0
6	6	68	2.0	0.0	20.419	0.886	1.0	1.0
6	6	65	2.0	0.0	22.323	1.661	1.0	1.0
6	6	62	1.968	0.18	24.677	2.344	1.0	1.0
6	6	59	1.552	0.506	29.516	3.678	0.935	1.0
6	6	56	0.68	0.748	32.526	4.575	0.419	0.613
6	6	53	0.0	0.0	34.0	0.0	0.0	0.032
6	6	50	0.0	0.0	nan	nan	0.0	0.0
6	6	47	0.0	0.0	nan	nan	0.0	0.0
6	6	44	0.0	0.0	nan	nan	0.0	0.0
7	6	420	22.968	0.18	9.0	0.0	1.0	1.0
7	6	380	21.097	0.301	9.0	0.0	1.0	1.0
7	6	340	19.258	0.445	9.0	0.0	1.0	1.0
7	6	300	17.484	0.508	9.0	0.0	1.0	1.0
7	6	260	15.258	0.445	9.0	0.0	1.0	1.0
7	6	220	13.065	0.25	9.935	0.25	1.0	1.0
7	6	180	10.71	0.461	10.0	0.0	1.0	1.0
7	6	140	7.968	0.18	11.032	0.18	1.0	1.0
7	6	100	5.194	0.402	13.677	0.475	1.0	1.0
7	6	77	3.516	0.677	18.032	0.795	1.0	1.0
7	6	74	2.806	0.477	19.323	0.945	1.0	1.0
7	6	71	2.323	0.475	21.065	1.459	1.0	1.0
7	6	68	2.065	0.25	23.065	1.315	1.0	1.0
7	6	65	1.968	0.18	26.29	3.551	1.0	1.0
7	6	62	1.759	0.511	31.567	4.083	0.903	0.968
7	6	59	0.37	0.688	36.0	3.873	0.226	0.355
7	6	56	0.0	0.0	nan	nan	0.0	0.0
7	6	53	0.0	0.0	nan	nan	0.0	0.0
7	6	50	0.0	0.0	nan	nan	0.0	0.0
7	6	47	0.0	0.0	nan	nan	0.0	0.0
7	6	44	0.0	0.0	nan	nan	0.0	0.0
8	6	420	17.968	0.18	9.0	0.0	1.0	1.0
8	6	380	16.71	0.461	9.0	0.0	1.0	1.0
8	6	340	15.065	0.25	9.0	0.0	1.0	1.0
8	6	300	13.71	0.461	9.0	0.0	1.0	1.0
8	6	260	12.0	0.0	9.129	0.341	1.0	1.0
8	6	220	10.0	0.0	10.0	0.0	1.0	1.0
8	6	180	8.032	0.315	10.0	0.0	1.0	1.0
8	6	140	5.968	0.18	11.032	0.18	1.0	1.0
8	6	100	4.0	0.0	13.581	0.502	1.0	1.0
8	6	77	2.742	0.514	17.161	0.688	1.0	1.0
8	6	74	1.968	0.836	18.194	0.833	1.0	1.0
8	6	71	1.29	0.461	19.774	1.055	1.0	1.0
8	6	68	1.0	0.0	21.355	1.561	1.0	1.0
8	6	65	0.903	0.301	23.679	2.539	0.903	0.903
8	6	62	0.367	0.49	24.833	2.125	0.355	0.387
8	6	59	0.0	0.0	nan	nan	0.0	0.0
8	6	56	0.0	0.0	nan	nan	0.0	0.0
8	6	53	0.0	0.0	nan	nan	0.0	0.0
8	6	50	0.0	0.0	nan	nan	0.0	0.0
8	6	47	0.0	0.0	nan	nan	0.0	0.0
8	6	44	0.0	0.0	nan	nan	0.0	0.0
9	6	420	17.968	0.315	9.0	0.0	1.0	1.0
9	6	380	16.452	0.506	9.0	0.0	1.0	1.0
9	6	340	15.032	0.18	9.0	0.0	1.0	1.0
9	6	300	13.645	0.486	9.0	0.0	1.0	1.0
9	6	260	12.0	0.0	9.742	0.445	1.0	1.0
9	6	220	9.968	0.18	10.0	0.0	1.0	1.0
9	6	180	8.0	0.258	10.452	0.506	1.0	1.0
9	6	140	5.968	0.18	11.806	0.402	1.0	1.0
9	6	100	4.032	0.18	14.677	0.475	1.0	1.0
9	6	77	1.839	0.374	20.903	1.165	1.0	1.0
9	6	74	1.516	0.57	22.484	1.913	1.0	1.0
9	6	71	1.097	0.597	25.593	2.291	0.871	0.871
9	6	68	0.714	0.46	29.217	3.704	0.645	0.742
9	6	65	0.0	0.0	35.0	0.0	0.0	0.032
9	6	62	0.0	0.0	nan	nan	0.0	0.0
9	6	59	0.0	0.0	nan	nan	0.0	0.0
9	6	56	0.0	0.0	nan	nan	0.0	0.0
9	6	53	0.0	0.0	nan	nan	0.0	0.0
9	6	50	0.0	0.0	nan	nan	0.0	0.0
9	6	47	0.0	0.0	nan	nan	0.0	0.0
9	6	44	0.0	0.0	nan	nan	0.0	0.0
10	6	420	18.871	0.341	9.0	0.0	1.0	1.0
10	6	380	17.516	0.508	9.0	0.0	1.0	1.0
10	6	340	15.968	0.18	9.0	0.0	1.0	1.0
10	6	300	14.484	0.508	9.0	0.0	1.0	1.0
10	6	260	12.903	0.301	9.452	0.506	1.0	1.0
10	6	220	11.0	0.0	10.0	0.0	1.0	1.0
10	6	180	8.968	0.18	10.032	0.18	1.0	1.0
10	6	140	7.0	0.0	11.194	0.402	1.0	1.0
10	6	100	4.839	0.374	13.903	0.473	1.0	1.0
10	6	77	3.129	0.763	17.903	0.87	1.0	1.0
10	6	74	2.323	0.475	19.129	1.31	1.0	1.0
10	6	71	2.032	0.18	20.935	1.672	1.0	1.0
10	6	68	2.0	0.0	22.903	2.256	1.0	1.0
10	6	65	1.806	0.402	24.452	1.981	1.0	1.0
10	6	62	1.29	0.588	26.586	2.693	0.935	0.935
10	6	59	0.565	0.728	33.056	3.152	0.323	0.581
10	6	56	0.0	0.0	nan	nan	0.0	0.0
10	6	53	0.0	0.0	nan	nan	0.0	0.0
10	6	50	0.0	0.0	nan	nan	0.0	0.0
10	6	47	0.0	0.0	nan	nan	0.0	0.0
10	6	44	0.0	0.0	nan	nan	0.0	0.0
11	6	420	17.548	0.506	8.677	0.475	1.0	1.0
11	6	380	16.161	0.374	9.0	0.0	1.0	1.0
11	6	340	14.968	0.18	9.0	0.0	1.0	1.0
11	6	300	13.484	0.508	9.0	0.0	1.0	1.0
11	6	260	11.968	0.18	9.0	0.0	1.0	1.0
11	6	220	10.065	0.25	9.0	0.0	1.0	1.0
11	6	180	8.29	0.461	9.968	0.18	1.0	1.0
11	6	140	6.323	0.475	11.0	0.0	1.0	1.0
11	6	100	4.323	0.475	13.065	0.25	1.0	1.0
11	6	77	3.0	0.258	17.258	0.729	1.0	1.0
11	6	74	2.645	0.486	18.032	0.912	1.0	1.0
11	6	71	2.194	0.402	19.419	1.259	1.0	1.0
11	6	68	2.0	0.0	21.516	1.93	1.0	1.0
11	6	65	1.633	0.556	24.567	3.181	0.935	0.968
11	6	62	1.071	0.539	28.679	3.84	0.806	0.903
11	6	59	0.214	0.499	33.125	4.97	0.161	0.258
11	6	56	0.0	0.0	nan	nan	0.0	0.0
11	6	53	0.0	0.0	nan	nan	0.0	0.0
11	6	50	0.0	0.0	nan	nan	0.0	0.0
11	6	47	0.0	0.0	nan	nan	0.0	0.0
11	6	44	0.0	0.0	nan	nan	0.0	0.0
12	6	420	16.419	0.502	9.0	0.0	1.0	1.0
12	6	380	15.032	0.18	9.0	0.0	1.0	1.0
12	6	340	13.968	0.18	9.0	0.0	1.0	1.0
12	6	300	12.613	0.495	9.0	0.0	1.0	1.0
12	6	260	11.0	0.0	9.0	0.0	1.0	1.0
12	6	220	9.452	0.506	9.161	0.374	1.0	1.0
12	6	180	7.968	0.18	10.0	0.0	1.0	1.0
12	6	140	5.968	0.18	10.903	0.301	1.0	1.0
12	6	100	4.0	0.0	13.0	0.0	1.0	1.0
12	6	77	2.968	0.18	16.677	0.653	1.0	1.0
12	6	74	2.774	0.497	17.065	0.772	1.0	1.0
12	6	71	2.0	0.683	18.774	1.146	1.0	1.0
12	6	68	1.548	0.723	20.097	1.68	1.0	1.0
12	6	65	1.065	0.25	21.548	1.69	1.0	1.0
12	6	62	1.065	0.25	24.71	2.61	1.0	1.0
12	6	59	0.645	0.486	26.35	2.815	0.645	0.645
12	6	56	0.034	0.186	34.333	0.577	0.032	0.097
12	6	53	0.0	0.0	nan	nan	0.0	0.0
12	6	50	0.0	0.0	nan	nan	0.0	0.0
12	6	47	0.0	0.0	nan	nan	0.0	0.0
12	6	44	0.0	0.0	nan	nan	0.0	0.0
13	6	420	20.29	0.461	9.0	0.0	1.0	1.0
13	6	380	18.903	0.301	9.0	0.0	1.0	1.0
13	6	340	17.129	0.341	9.0	0.0	1.0	1.0
13	6	300	15.258	0.445	9.032	0.18	1.0	1.0
13	6	260	13.355	0.486	9.774	0.425	1.0	1.0
13	6	220	11.355	0.486	10.0	0.0	1.0	1.0
13	6	180	9.065	0.359	10.065	0.25	1.0	1.0
13	6	140	7.0	0.258	11.258	0.445	1.0	1.0
13	6	100	4.613	0.495	13.742	0.445	1.0	1.0
13	6	77	2.742	0.514	17.742	0.815	1.0	1.0
13	6	74	2.29	0.529	18.484	0.996	1.0	1.0
13	6	71	1.742	0.514	20.032	1.449	1.0	1.0
13	6	68	1.452	0.506	22.097	1.7	1.0	1.0
13	6	65	1.097	0.301	24.516	2.657	1.0	1.0
13	6	62	0.8	0.484	26.208	2.536	0.742	0.774
13	6	59	0.0	0.0	nan	nan	0.0	0.0
13	6	56	0.0	0.0	nan	nan	0.0	0.0
13	6	53	0.0	0.0	nan	nan	0.0	0.0
13	6	50	0.0	0.0	nan	nan	0.0	0.0
13	6	47	0.0	0.0	nan	nan	0.0	0.0
13	6	44	0.0	0.0	nan	nan	0.0	0.0
14	6	420	20.0	0.0	9.0	0.0	1.0	1.0
14	6	380	18.903	0.301	9.0	0.0	1.0	1.0
14	6	340	17.065	0.25	9.29	0.461	1.0	1.0
14	6	300	15.613	0.495	9.903	0.301	1.0	1.0
14	6	260	13.968	0.18	10.0	0.0	1.0	1.0
14	6	220	12.0	0.0	10.0	0.0	1.0	1.0
14	6	180	10.0	0.0	10.677	0.475	1.0	1.0
14	6	140	7.903	0.301	11.355	0.486	1.0	1.0
14	6	100	5.581	0.502	13.645	0.486	1.0	1.0
14	6	77	4.0	0.0	16.871	0.562	1.0	1.0
14	6	74	3.677	0.475	17.71	0.643	1.0	1.0
14	6	71	3.129	0.718	18.677	1.166	1.0	1.0
14	6	68	2.677	0.541	20.452	1.546	1.0	1.0
14	6	65	2.226	0.425	21.968	1.663	1.0	1.0
14	6	62	2.032	0.18	24.032	1.871	1.0	1.0
14	6	59	1.935	0.25	28.613	3.201	1.0	1.0
14	6	56	1.448	0.736	32.926	4.59	0.806	0.871
14	6	53	0.259	0.594	38.444	4.72	0.161	0.29
14	6	50	0.0	0.0	nan	nan	0.0	0.0
14	6	47	0.0	0.0	nan	nan	0.0	0.0
14	6	44	0.0	0.0	nan	nan	0.0	0.0
15	6	420	12.0	0.0	9.0	0.0	1.0	1.0
15	6	380	11.032	0.18	9.0	0.0	1.0	1.0
15	6	340	10.032	0.18	9.0	0.0	1.0	1.0
15	6	300	9.032	0.18	9.032	0.18	1.0	1.0
15	6	260	8.0	0.0	9.968	0.18	1.0	1.0
15	6	220	6.903	0.301	10.0	0.0	1.0	1.0
15	6	180	5.226	0.425	10.871	0.341	1.0	1.0
15	6	140	4.0	0.0	12.0	0.0	1.0	1.0
15	6	100	2.484	0.508	15.355	0.709	1.0	1.0
15	6	77	0.615	0.496	23.571	2.271	0.516	0.677
15	6	74	0.032	0.18	25.0	0.0	0.032	0.032
15	6	71	0.0	0.0	nan	nan	0.0	0.0
15	6	68	0.0	0.0	nan	nan	0.0	0.0
15	6	65	0.0	0.0	nan	nan	0.0	0.0
15	6	62	0.0	0.0	nan	nan	0.0	0.0
15	6	59	0.0	0.0	nan	nan	0.0	0.0
15	6	56	0.0	0.0	nan	nan	0.0	0.0
15	6	53	0.0	0.0	nan	nan	0.0	0.0
15	6	50	0.0	0.0	nan	nan	0.0	0.0
15	6	47	0.0	0.0	nan	nan	0.0	0.0
15	6	44	0.0	0.0	nan	nan	0.0	0.0
16	6	420	21.161	0.454	9.0	0.0	1.0	1.0
16	6	380	19.806	0.402	9.0	0.0	1.0	1.0
16	6	340	18.129	0.341	9.0	0.0	1.0	1.0
16	6	300	16.548	0.506	9.0	0.0	1.0	1.0
16	6	260	14.871	0.341	9.065	0.25	1.0	1.0
16	6	220	12.677	0.475	9.839	0.374	1.0	1.0
16	6	180	10.548	0.506	10.0	0.0	1.0	1.0
16	6	140	8.194	0.402	10.677	0.475	1.0	1.0
16	6	100	5.903	0.396	12.419	0.502	1.0	1.0
16	6	77	4.355	0.486	14.742	0.575	1.0	1.0
16	6	74	4.097	0.301	15.29	0.643	1.0	1.0
16	6	71	3.968	0.18	15.968	0.706	1.0	1.0
16	6	68	3.806	0.402	16.71	0.864	1.0	1.0
16	6	65	3.355	0.608	17.581	0.848	1.0	1.0
16	6	62	3.129	0.763	18.097	1.248	1.0	1.0
16	6	59	2.161	0.374	19.774	1.586	1.0	1.0
16	6	56	2.0	0.365	21.129	1.803	1.0	1.0
16	6	53	1.903	0.396	23.355	2.627	1.0	1.0
16	6	50	1.667	0.479	26.452	3.889	0.968	1.0
16	6	47	0.6	0.77	30.0	3.721	0.419	0.452
16	6	44	0.0	0.0	37.0	0.0	0.0	0.032
17	6	420	15.516	0.508	9.0	0.0	1.0	1.0
17	6	380	14.097	0.301	9.0	0.0	1.0	1.0
17	6	340	13.0	0.0	9.0	0.0	1.0	1.0
17	6	300	11.645	0.486	9.0	0.0	1.0	1.0
17	6	260	10.0	0.0	9.0	0.0	1.0	1.0
17	6	220	8.29	0.461	9.581	0.502	1.0	1.0
17	6	180	6.839	0.374	10.0	0.0	1.0	1.0
17	6	140	5.0	0.0	11.065	0.25	1.0	1.0
17	6	100	3.0	0.0	14.29	0.588	1.0	1.0
17	6	77	1.0	0.0	20.677	1.6	0.968	1.0
17	6	74	0.667	0.48	24.045	2.853	0.581	0.71
17	6	71	0.069	0.258	23.75	2.63	0.065	0.129
17	6	68	0.0	0.0	nan	nan	0.0	0.0
17	6	65	0.0	0.0	nan	nan	0.0	0.0
17	6	62	0.0	0.0	nan	nan	0.0	0.0
17	6	59	0.0	0.0	nan	nan	0.0	0.0
17	6	56	0.0	0.0	nan	nan	0.0	0.0
17	6	53	0.0	0.0	nan	nan	0.0	0.0
17	6	50	0.0	0.0	nan	nan	0.0	0.0
17	6	47	0.0	0.0	nan	nan	0.0	0.0
17	6	44	0.0	0.0	nan	nan	0.0	0.0
18	6	420	18.871	0.341	9.0	0.0	1.0	1.0
18	6	380	17.419	0.502	9.0	0.0	1.0	1.0
18	6	340	15.806	0.402	9.0	0.0	1.0	1.0
18	6	300	14.032	0.315	9.0	0.0	1.0	1.0
18	6	260	12.419	0.502	9.548	0.506	1.0	1.0
18	6	220	10.581	0.502	10.0	0.0	1.0	1.0
18	6	180	8.613	0.495	10.032	0.18	1.0	1.0
18	6	140	6.387	0.495	11.194	0.402	1.0	1.0
18	6	100	4.097	0.301	13.806	0.402	1.0	1.0
18	6	77	2.419	0.62	18.129	0.991	1.0	1.0
18	6	74	1.774	0.56	18.968	0.795	1.0	1.0
18	6	71	1.323	0.541	20.065	1.263	1.0	1.0
18	6	68	1.129	0.341	22.903	1.777	1.0	1.0
18	6	65	0.871	0.428	24.654	1.355	0.839	0.839
18	6	62	0.1	0.305	29.75	5.377	0.097	0.129
18	6	59	0.0	0.0	nan	nan	0.0	0.0
18	6	56	0.0	0.0	nan	nan	0.0	0.0
18	6	53	0.0	0.0	nan	nan	0.0	0.0
18	6	50	0.0	0.0	nan	nan	0.0	0.0
18	6	47	0.0	0.0	nan	nan	0.0	0.0
18	6	44	0.0	0.0	nan	nan	0.0	0.0
19	6	420	17.29	0.461	8.968	0.18	1.0	1.0
19	6	380	16.065	0.25	9.0	0.0	1.0	1.0
19	6	340	14.968	0.18	9.0	0.0	1.0	1.0
19	6	300	13.29	0.461	9.0	0.0	1.0	1.0
19	6	260	11.935	0.25	9.0	0.0	1.0	1.0
19	6	220	10.065	0.25	9.161	0.374	1.0	1.0
19	6	180	8.29	0.461	10.0	0.0	1.0	1.0
19	6	140	6.581	0.502	10.968	0.18	1.0	1.0
19	6	100	4.548	0.506	12.968	0.18	1.0	1.0
19	6	77	3.161	0.454	16.613	0.844	1.0	1.0
19	6	74	2.903	0.301	17.452	0.888	1.0	1.0
19	6	71	2.516	0.508	18.484	1.092	1.0	1.0
19	6	68	2.032	0.18	20.355	1.496	1.0	1.0
19	6	65	1.903	0.301	22.484	1.913	1.0	1.0
19	6	62	1.774	0.425	25.871	3.019	1.0	1.0
19	6	59	0.92	0.702	31.5	4.501	0.581	0.774
19	6	56	0.032	0.18	21.0	0.0	0.032	0.032
19	6	53	0.0	0.0	nan	nan	0.0	0.0
19	6	50	0.0	0.0	nan	nan	0.0	0.0
19	6	47	0.0	0.0	nan	nan	0.0	0.0
19	6	44	0.0	0.0	nan	nan	0.0	0.0
20	6	420	19.645	0.486	9.0	0.0	1.0	1.0
20	6	380	18.065	0.25	9.0	0.0	1.0	1.0
20	6	340	16.839	0.374	9.0	0.0	1.0	1.0
20	6	300	15.0	0.0	9.0	0.0	1.0	1.0
20	6	260	13.194	0.402	9.0	0.0	1.0	1.0
20	6	220	11.323	0.475	9.129	0.341	1.0	1.0
20	6	180	9.323	0.475	10.0	0.0	1.0	1.0
20	6	140	7.0	0.258	11.032	0.18	1.0	1.0
20	6	100	5.0	0.0	13.516	0.508	1.0	1.0
20	6	77	3.0	0.632	17.839	0.898	1.0	1.0
20	6	74	2.613	0.844	18.774	1.087	1.0	1.0
20	6	71	2.097	0.301	20.419	1.858	1.0	1.0
20	6	68	2.0	0.0	22.677	1.759	1.0	1.0
20	6	65	1.806	0.402	24.452	2.263	1.0	1.0
20	6	62	1.667	0.547	28.367	3.275	0.935	0.968
20	6	59	0.963	0.759	31.478	3.175	0.613	0.742
20	6	56	0.0	0.0	nan	nan	0.0	0.0
20	6	53	0.0	0.0	nan	nan	0.0	0.0
20	6	50	0.0	0.0	nan	nan	0.0	0.0
20	6	47	0.0	0.0	nan	nan	0.0	0.0
20	6	44	0.0	0.0	nan	nan	0.0	0.0
21	6	420	16.871	0.341	8.516	0.508	1.0	1.0
21	6	380	15.484	0.508	8.935	0.25	1.0	1.0
21	6	340	14.0	0.0	9.0	0.0	1.0	1.0
21	6	300	12.935	0.25	9.0	0.0	1.0	1.0
21	6	260	11.0	0.0	9.0	0.0	1.0	1.0
21	6	220	9.323	0.475	9.032	0.18	1.0	1.0
21	6	180	7.839	0.374	10.0	0.0	1.0	1.0
21	6	140	5.935	0.25	10.903	0.301	1.0	1.0
21	6	100	3.968	0.18	13.0	0.258	1.0	1.0
21	6	77	2.581	0.502	16.323	0.791	1.0	1.0
21	6	74	2.161	0.583	17.355	0.798	1.0	1.0
21	6	71	1.484	0.508	18.677	1.72	1.0	1.0
21	6	68	1.258	0.514	19.903	1.938	1.0	1.0
21	6	65	0.968	0.18	22.2	2.952	0.968	0.968
21	6	62	0.429	0.504	23.867	2.2	0.387	0.484
21	6	59	0.033	0.183	26.0	0.0	0.032	0.065
21	6	56	0.0	0.0	nan	nan	0.0	0.0
21	6	53	0.0	0.0	nan	nan	0.0	0.0
21	6	50	0.0	0.0	nan	nan	0.0	0.0
21	6	47	0.0	0.0	nan	nan	0.0	0.0
21	6	44	0.0	0.0	nan	nan	0.0	0.0
22	6	420	15.935	0.25	9.0	0.0	1.0	1.0
22	6	380	14.613	0.495	9.0	0.0	1.0	1.0
22	6	340	13.065	0.25	9.0	0.0	1.0	1.0
22	6	300	11.968	0.18	9.0	0.0	1.0	1.0
22	6	260	10.419	0.502	9.065	0.25	1.0	1.0
22	6	220	9.0	0.0	9.968	0.18	1.0	1.0
22	6	180	7.0	0.0	10.032	0.18	1.0	1.0
22	6	140	5.323	0.475	11.161	0.374	1.0	1.0
22	6	100	3.29	0.461	13.968	0.315	1.0	1.0
22	6	77	1.516	0.626	18.613	1.022	1.0	1.0
22	6	74	1.161	0.374	19.742	1.46	1.0	1.0
22	6	71	1.032	0.18	21.452	1.48	1.0	1.0
22	6	68	0.839	0.374	23.538	1.772	0.839	0.839
22	6	65	0.333	0.479	25.0	0.894	0.323	0.355
22	6	62	0.0	0.0	nan	nan	0.0	0.0
22	6	59	0.0	0.0	nan	nan	0.0	0.0
22	6	56	0.0	0.0	nan	nan	0.0	0.0
22	6	53	0.0	0.0	nan	nan	0.0	0.0
22	6	50	0.0	0.0	nan	nan	0.0	0.0
22	6	47	0.0	0.0	nan	nan	0.0	0.0
22	6	44	0.0	0.0	nan	nan	0.0	0.0
23	6	420	20.968	0.315	9.0	0.0	1.0	1.0
23	6	380	19.129	0.341	9.0	0.0	1.0	1.0
23	6	340	17.806	0.402	9.0	0.0	1.0	1.0
23	6	300	15.806	0.402	9.0	0.0	1.0	1.0
23	6	260	13.903	0.301	9.0	0.0	1.0	1.0
23	6	220	11.742	0.445	9.677	0.475	1.0	1.0
23	6	180	9.161	0.374	10.032	0.18	1.0	1.0
23	6	140	6.968	0.18	11.0	0.0	1.0	1.0
23	6	100	4.419	0.502	13.032	0.18	1.0	1.0
23	6	77	2.935	0.25	16.71	0.938	1.0	1.0
23	6	74	2.645	0.551	17.355	0.661	1.0	1.0
23	6	71	1.645	0.551	18.645	1.253	1.0	1.0
23	6	68	1.226	0.425	20.387	1.52	1.0	1.0
23	6	65	1.032	0.18	22.903	1.85	1.0	1.0
23	6	62	0.759	0.511	25.522	2.778	0.677	0.742
23	6	59	0.065	0.25	25.5	0.707	0.065	0.065
23	6	56	0.0	0.0	nan	nan	0.0	0.0
23	6	53	0.0	0.0	nan	nan	0.0	0.0
23	6	50	0.0	0.0	nan	nan	0.0	0.0
23	6	47	0.0	0.0	nan	nan	0.0	0.0
23	6	44	0.0	0.0	nan	nan	0.0	0.0
24	6	420	19.065	0.25	8.0	0.0	1.0	1.0
24	6	380	17.903	0.301	8.032	0.18	1.0	1.0
24	6	340	16.065	0.25	8.387	0.495	1.0	1.0
24	6	300	14.742	0.445	9.0	0.0	1.0	1.0
24	6	260	13.032	0.18	9.0	0.0	1.0	1.0
24	6	220	11.0	0.0	9.0	0.0	1.0	1.0
24	6	180	9.129	0.341	9.871	0.341	1.0	1.0
24	6	140	7.065	0.25	10.484	0.508	1.0	1.0
24	6	100	5.0	0.0	12.871	0.341	1.0	1.0
24	6	77	3.968	0.18	16.161	0.583	1.0	1.0
24	6	74	3.71	0.529	16.968	0.836	1.0	1.0
24	6	71	3.0	0.856	18.129	1.204	1.0	1.0
24	6	68	2.194	0.402	19.29	1.243	1.0	1.0
24	6	65	2.0	0.0	21.774	1.995	1.0	1.0
24	6	62	2.0	0.0	24.065	2.205	1.0	1.0
24	6	59	1.8	0.484	29.333	4.922	0.935	0.968
24	6	56	0.75	0.967	32.929	5.166	0.355	0.452
24	6	53	0.0	0.0	nan	nan	0.0	0.0
24	6	50	0.0	0.0	nan	nan	0.0	0.0
24	6	47	0.0	0.0	nan	nan	0.0	0.0
24	6	44	0.0	0.0	nan	nan	0.0	0.0
25	6	420	18.935	0.25	8.0	0.0	1.0	1.0
25	6	380	17.839	0.374	8.032	0.18	1.0	1.0
25	6	340	16.032	0.18	8.194	0.402	1.0	1.0
25	6	300	14.581	0.502	8.774	0.425	1.0	1.0
25	6	260	12.968	0.315	9.0	0.0	1.0	1.0
25	6	220	11.065	0.25	9.0	0.0	1.0	1.0
25	6	180	9.097	0.301	9.419	0.502	1.0	1.0
25	6	140	7.032	0.18	10.032	0.18	1.0	1.0
25	6	100	5.0	0.0	12.032	0.315	1.0	1.0
25	6	77	3.935	0.25	15.226	0.617	1.0	1.0
25	6	74	3.839	0.374	16.032	0.657	1.0	1.0
25	6	71	3.355	0.608	16.968	1.169	1.0	1.0
25	6	68	2.903	0.473	17.548	0.995	1.0	1.0
25	6	65	2.194	0.402	19.258	1.264	1.0	1.0
25	6	62	2.032	0.18	21.194	1.833	1.0	1.0
25	6	59	1.968	0.18	23.903	2.055	1.0	1.0
25	6	56	1.5	0.731	28.852	3.88	0.839	0.871
25	6	53	0.458	0.721	33.733	5.147	0.258	0.484
25	6	50	0.0	0.0	nan	nan	0.0	0.0
25	6	47	0.0	0.0	nan	nan	0.0	0.0
25	6	44	0.0	0.0	nan	nan	0.0	0.0
26	6	420	17.258	0.445	8.968	0.18	1.0	1.0
26	6	380	16.0	0.0	9.0	0.0	1.0	1.0
26	6	340	14.581	0.502	9.0	0.0	1.0	1.0
26	6	300	13.0	0.0	9.0	0.0	1.0	1.0
26	6	260	11.29	0.461	9.0	0.0	1.0	1.0
26	6	220	9.871	0.341	9.097	0.301	1.0	1.0
26	6	180	7.968	0.18	10.0	0.0	1.0	1.0
26	6	140	5.839	0.374	10.968	0.18	1.0	1.0
26	6	100	3.903	0.301	13.29	0.461	1.0	1.0
26	6	77	2.419	0.672	17.194	0.91	1.0	1.0
26	6	74	1.677	0.791	18.484	0.962	1.0	1.0
26	6	71	1.097	0.301	19.871	1.284	1.0	1.0
26	6	68	1.032	0.315	21.367	1.474	0.968	0.968
26	6	65	0.867	0.346	23.741	2.194	0.839	0.871
26	6	62	0.233	0.43	27.125	3.091	0.226	0.258
26	6	59	0.0	0.0	nan	nan	0.0	0.0
26	6	56	0.0	0.0	nan	nan	0.0	0.0
26	6	53	0.0	0.0	nan	nan	0.0	0.0
26	6	50	0.0	0.0	nan	nan	0.0	0.0
26	6	47	0.0	0.0	nan	nan	0.0	0.0
26	6	44	0.0	0.0	nan	nan	0.0	0.0
27	6	420	15.419	0.502	9.0	0.0	1.0	1.0
27	6	380	14.032	0.18	9.0	0.0	1.0	1.0
27	6	340	13.065	0.25	9.097	0.301	1.0	1.0
27	6	300	11.968	0.18	9.742	0.445	1.0	1.0
27	6	260	10.484	0.508	10.0	0.0	1.0	1.0
27	6	220	9.0	0.0	10.0	0.0	1.0	1.0
27	6	180	7.226	0.425	10.871	0.341	1.0	1.0
27	6	140	5.839	0.374	11.935	0.25	1.0	1.0
27	6	100	4.0	0.0	14.484	0.508	1.0	1.0
27	6	77	2.065	0.359	19.323	0.909	1.0	1.0
27	6	74	1.968	0.18	21.032	1.378	1.0	1.0
27	6	71	1.871	0.341	24.29	2.053	1.0	1.0
27	6	68	1.276	0.528	28.5	3.902	0.903	0.968
27	6	65	0.269	0.533	31.273	4.88	0.194	0.355
27	6	62	0.0	0.0	nan	nan	0.0	0.0
27	6	59	0.0	0.0	nan	nan	0.0	0.0
27	6	56	0.0	0.0	nan	nan	0.0	0.0
27	6	53	0.0	0.0	nan	nan	0.0	0.0
27	6	50	0.0	0.0	nan	nan	0.0	0.0
27	6	47	0.0	0.0	nan	nan	0.0	0.0
27	6	44	0.0	0.0	nan	nan	0.0	0.0
28	6	420	15.355	0.486	9.0	0.0	1.0	1.0
28	6	380	14.129	0.341	9.0	0.0	1.0	1.0
28	6	340	13.032	0.18	9.0	0.0	1.0	1.0
28	6	300	12.0	0.0	9.226	0.425	1.0	1.0
28	6	260	10.645	0.486	9.968	0.18	1.0	1.0
28	6	220	9.0	0.0	10.0	0.0	1.0	1.0
28	6	180	7.097	0.301	10.161	0.374	1.0	1.0
28	6	140	5.903	0.301	11.355	0.486	1.0	1.0
28	6	100	4.0	0.0	13.903	0.301	1.0	1.0
28	6	77	2.742	0.445	17.839	0.583	1.0	1.0
28	6	74	2.194	0.477	18.742	0.999	1.0	1.0
28	6	71	1.839	0.454	20.484	1.387	1.0	1.0
28	6	68	1.323	0.475	22.161	1.695	1.0	1.0
28	6	65	1.133	0.434	25.7	3.375	0.935	0.968
28	6	62	0.929	0.262	28.828	3.723	0.839	0.935
28	6	59	0.067	0.254	31.333	4.163	0.065	0.097
28	6	56	0.0	0.0	nan	nan	0.0	0.0
28	6	53	0.0	0.0	nan	nan	0.0	0.0
28	6	50	0.0	0.0	nan	nan	0.0	0.0
28	6	47	0.0	0.0	nan	nan	0.0	0.0
28	6	44	0.0	0.0	nan	nan	0.0	0.0
29	6	420	20.323	0.475	8.0	0.0	1.0	1.0
29	6	380	19.032	0.18	8.032	0.18	1.0	1.0
29	6	340	17.355	0.486	8.129	0.341	1.0	1.0
29	6	300	15.71	0.461	8.806	0.402	1.0	1.0
29	6	260	13.645	0.486	9.0	0.0	1.0	1.0
29	6	220	11.677	0.475	9.0	0.0	1.0	1.0
29	6	180	9.452	0.506	9.258	0.445	1.0	1.0
29	6	140	7.258	0.445	10.0	0.0	1.0	1.0
29	6	100	4.968	0.18	12.0	0.258	1.0	1.0
29	6	77	3.613	0.495	14.581	0.672	1.0	1.0
29	6	74	3.355	0.486	15.226	0.669	1.0	1.0
29	6	71	3.065	0.25	15.871	0.718	1.0	1.0
29	6	68	3.0	0.0	16.29	0.739	1.0	1.0
29	6	65	2.581	0.62	17.613	1.256	1.0	1.0
29	6	62	1.903	0.746	18.387	1.453	1.0	1.0
29	6	59	1.419	0.62	20.0	1.807	1.0	1.0
29	6	56	1.065	0.25	22.71	1.918	1.0	1.0
29	6	53	0.774	0.497	24.696	1.941	0.742	0.742
29	6	50	0.032	0.18	27.0	0.0	0.032	0.032
29	6	47	0.0	0.0	nan	nan	0.0	0.0
29	6	44	0.0	0.0	nan	nan	0.0	0.0
30	6	420	15.774	0.425	9.0	0.0	1.0	1.0
30	6	380	14.645	0.486	9.0	0.0	1.0	1.0
30	6	340	13.194	0.402	9.0	0.0	1.0	1.0
30	6	300	12.0	0.0	9.0	0.0	1.0	1.0
30	6	260	10.581	0.502	9.0	0.0	1.0	1.0
30	6	220	9.0	0.0	9.452	0.506	1.0	1.0
30	6	180	7.548	0.506	10.0	0.0	1.0	1.0
30	6	140	6.0	0.0	11.0	0.0	1.0	1.0
30	6	100	4.0	0.0	13.129	0.341	1.0	1.0
30	6	77	2.935	0.25	16.968	0.836	1.0	1.0
30	6	74	2.516	0.508	18.129	0.957	1.0	1.0
30	6	71	2.194	0.477	19.129	1.204	1.0	1.0
30	6	68	1.806	0.402	21.935	2.851	1.0	1.0
30	6	65	1.355	0.486	24.71	3.378	1.0	1.0
30	6	62	1.0	0.455	27.357	3.456	0.871	0.903
30	6	59	0.357	0.488	30.0	4.223	0.323	0.419
30	6	56	0.0	0.0	nan	nan	0.0	0.0
30	6	53	0.0	0.0	nan	nan	0.0	0.0
30	6	50	0.0	0.0	nan	nan	0.0	0.0
30	6	47	0.0	0.0	nan	nan	0.0	0.0
30	6	44	0.0	0.0	nan	nan	0.0	0.0
31	6	420	18.032	0.18	9.0	0.0	1.0	1.0
31	6	380	16.935	0.25	9.0	0.0	1.0	1.0
31	6	340	15.484	0.508	9.0	0.0	1.0	1.0
31	6	300	14.0	0.0	9.0	0.0	1.0	1.0
31	6	260	12.161	0.374	9.065	0.25	1.0	1.0
31	6	220	10.742	0.445	10.0	0.0	1.0	1.0
31	6	180	8.935	0.25	10.0	0.0	1.0	1.0
31	6	140	6.839	0.374	11.032	0.18	1.0	1.0
31	6	100	4.871	0.341	13.484	0.508	1.0	1.0
31	6	77	3.032	0.482	17.516	0.769	1.0	1.0
31	6	74	2.452	0.624	18.355	1.018	1.0	1.0
31	6	71	2.0	0.258	19.903	1.35	1.0	1.0
31	6	68	2.0	0.0	22.387	1.745	1.0	1.0
31	6	65	1.774	0.425	25.839	4.026	1.0	1.0
31	6	62	1.63	0.565	30.9	4.08	0.839	0.968
31	6	59	0.393	0.685	32.818	4.355	0.258	0.355
31	6	56	0.0	0.0	nan	nan	0.0	0.0
31	6	53	0.0	0.0	nan	nan	0.0	0.0
31	6	50	0.0	0.0	nan	nan	0.0	0.0
31	6	47	0.0	0.0	nan	nan	0.0	0.0
31	6	44	0.0	0.0	nan	nan	0.0	0.0
0	7	420	17.0	0.0	9.0	0.0	1.0	1.0
0	7	380	15.71	0.461	9.032	0.18	1.0	1.0
0	7	340	14.032	0.18	9.677	0.475	1.0	1.0
0	7	300	12.355	0.486	10.0	0.0	1.0	1.0
0	7	260	11.0	0.0	10.0	0.0	1.0	1.0
0	7	220	9.0	0.0	10.0	0.0	1.0	1.0
0	7	180	7.0	0.0	11.0	0.0	1.0	1.0
0	7	140	5.065	0.25	12.032	0.18	1.0	1.0
0	7	100	3.065	0.25	15.097	0.396	1.0	1.0
0	7	77	1.032	0.18	21.226	1.499	1.0	1.0
0	7	74	0.871	0.341	23.37	1.904	0.871	0.871
0	7	71	0.4	0.498	24.846	2.115	0.387	0.419
0	7	68	0.0	0.0	nan	nan	0.0	0.0
0	7	65	0.0	0.0	nan	nan	0.0	0.0
0	7	62	0.0	0.0	nan	nan	0.0	0.0
0	7	59	0.0	0.0	nan	nan	0.0	0.0
0	7	56	0.0	0.0	nan	nan	0.0	0.0
0	7	53	0.0	0.0	nan	nan	0.0	0.0
0	7	50	0.0	0.0	nan	nan	0.0	0.0
0	7	47	0.0	0.0	nan	nan	0.0	0.0
0	7	44	0.0	0.0	nan	nan	0.0	0.0
1	7	420	22.452	0.506	9.0	0.0	1.0	1.0
1	7	380	20.774	0.425	9.0	0.0	1.0	1.0
1	7	340	18.935	0.359	9.0	0.0	1.0	1.0
1	7	300	17.0	0.0	9.0	0.0	1.0	1.0
1	7	260	14.806	0.402	9.0	0.0	1.0	1.0
1	7	220	12.548	0.506	10.0	0.0	1.0	1.0
1	7	180	10.097	0.301	10.032	0.18	1.0	1.0
1	7	140	7.935	0.25	11.097	0.301	1.0	1.0
1	7	100	5.032	0.18	13.645	0.486	1.0	1.0
1	7	77	3.613	0.558	17.742	0.893	1.0	1.0
1	7	74	2.742	0.729	18.839	1.128	1.0	1.0
1	7	71	2.065	0.25	20.258	1.316	1.0	1.0
1	7	68	2.0	0.0	21.161	1.675	1.0	1.0
1	7	65	2.032	0.18	23.548	2.204	1.0	1.0
1	7	62	1.839	0.374	25.968	2.089	1.0	1.0
1	7	59	1.519	0.7	29.964	3.646	0.774	0.903
1	7	56	0.357	0.678	32.3	2.908	0.226	0.323
1	7	53	0.0	0.0	nan	nan	0.0	0.0
1	7	50	0.0	0.0	nan	nan	0.0	0.0
1	7	47	0.0	0.0	nan	nan	0.0	0.0
1	7	44	0.0	0.0	nan	nan	0.0	0.0
2	7	420	15.0	0.0	9.0	0.0	1.0	1.0
2	7	380	13.806	0.402	9.0	0.0	1.0	1.0
2	7	340	12.226	0.425	9.0	0.0	1.0	1.0
2	7	300	11.0	0.0	9.0	0.0	1.0	1.0
2	7	260	9.323	0.475	9.742	0.445	1.0	1.0
2	7	220	8.0	0.0	10.0	0.0	1.0	1.0
2	7	180	6.032	0.18	10.387	0.495	1.0	1.0
2	7	140	4.548	0.506	11.774	0.425	1.0	1.0
2	7	100	2.935	0.25	14.71	0.529	1.0	1.0
2	7	77	0.963	0.338	21.586	1.57	0.806	0.935
2	7	74	0.476	0.512	24.35	1.599	0.323	0.645
2	7	71	0.0	0.0	nan	nan	0.0	0.0
2	7	68	0.0	0.0	nan	nan	0.0	0.0
2	7	65	0.0	0.0	nan	nan	0.0	0.0
2	7	62	0.0	0.0	nan	nan	0.0	0.0
2	7	59	0.0	0.0	nan	nan	0.0	0.0
2	7	56	0.0	0.0	nan	nan	0.0	0.0
2	7	53	0.0	0.0	nan	nan	0.0	0.0
2	7	50	0.0	0.0	nan	nan	0.0	0.0
2	7	47	0.0	0.0	nan	nan	0.0	0.0
2	7	44	0.0	0.0	nan	nan	0.0	0.0
3	7	420	13.0	0.0	9.0	0.0	1.0	1.0
3	7	380	12.0	0.0	9.0	0.0	1.0	1.0
3	7	340	11.0	0.0	9.0	0.0	1.0	1.0
3	7	300	9.935	0.25	9.0	0.0	1.0	1.0
3	7	260	8.323	0.475	9.065	0.25	1.0	1.0
3	7	220	7.0	0.0	10.0	0.0	1.0	1.0
3	7	180	5.968	0.18	10.032	0.18	1.0	1.0
3	7	140	4.419	0.502	11.258	0.445	1.0	1.0
3	7	100	3.0	0.0	14.323	0.475	1.0	1.0
3	7	77	1.0	0.0	20.935	1.672	1.0	1.0
3	7	74	1.0	0.0	23.871	2.012	1.0	1.0
3	7	71	0.833	0.379	26.654	2.56	0.806	0.839
3	7	68	0.161	0.374	27.0	4.301	0.161	0.161
3	7	65	0.0	0.0	nan	nan	0.0	0.0
3	7	62	0.0	0.0	nan	nan	0.0	0.0
3	7	59	0.0	0.0	nan	nan	0.0	0.0
3	7	56	0.0	0.0	nan	nan	0.0	0.0
3	7	53	0.0	0.0	nan	nan	0.0	0.0
3	7	50	0.0	0.0	nan	nan	0.0	0.0
3	7	47	0.0	0.0	nan	nan	0.0	0.0
3	7	44	0.0	0.0	nan	nan	0.0	0.0
4	7	420	17.0	0.0	9.0	0.0	1.0	1.0
4	7	380	15.774	0.425	9.0	0.0	1.0	1.0
4	7	340	14.097	0.301	9.0	0.0	1.0	1.0
4	7	300	12.871	0.341	9.0	0.0	1.0	1.0
4	7	260	11.032	0.18	9.806	0.402	1.0	1.0
4	7	220	9.161	0.374	10.0	0.0	1.0	1.0
4	7	180	7.516	0.508	10.452	0.506	1.0	1.0
4	7	140	5.806	0.402	11.71	0.461	1.0	1.0
4	7	100	3.935	0.25	14.226	0.425	1.0	1.0
4	7	77	1.419	0.672	19.355	1.473	1.0	1.0
4	7	74	1.226	0.425	20.355	1.404	1.0	1.0
4	7	71	1.032	0.18	22.258	2.049	1.0	1.0
4	7	68	0.774	0.425	25.042	1.756	0.774	0.774
4	7	65	0.161	0.374	27.2	1.789	0.161	0.161
4	7	62	0.0	0.0	nan	nan	0.0	0.0
4	7	59	0.0	0.0	nan	nan	0.0	0.0
4	7	56	0.0	0.0	nan	nan	0.0	0.0
4	7	53	0.0	0.0	nan	nan	0.0	0.0
4	7	50	0.0	0.0	nan	nan	0.0	0.0
4	7	47	0.0	0.0	nan	nan	0.0	0.0
4	7	44	0.0	0.0	nan	nan	0.0	0.0
5	7	420	19.839	0.374	9.0	0.0	1.0	1.0
5	7	380	18.0	0.0	9.0	0.0	1.0	1.0
5	7	340	16.258	0.445	9.0	0.0	1.0	1.0
5	7	300	14.484	0.508	9.0	0.0	1.0	1.0
5	7	260	12.258	0.445	9.645	0.486	1.0	1.0
5	7	220	10.226	0.425	10.0	0.0	1.0	1.0
5	7	180	8.097	0.301	10.516	0.508	1.0	1.0
5	7	140	5.968	0.18	11.806	0.402	1.0	1.0
5	7	100	3.516	0.508	14.774	0.56	1.0	1.0
5	7	77	1.0	0.0	21.323	1.423	1.0	1.0
5	7	74	0.966	0.186	23.633	1.921	0.903	0.968
5	7	71	0.5	0.509	26.0	1.789	0.484	0.516
5	7	68	0.0	0.0	nan	nan	0.0	0.0
5	7	65	0.0	0.0	nan	nan	0.0	0.0
5	7	62	0.0	0.0	nan	nan	0.0	0.0
5	7	59	0.0	0.0	nan	nan	0.0	0.0
5	7	56	0.0	0.0	nan	nan	0.0	0.0
5	7	53	0.0	0.0	nan	nan	0.0	0.0
5	7	50	0.0	0.0	nan	nan	0.0	0.0
5	7	47	0.0	0.0	nan	nan	0.0	0.0
5	7	44	0.0	0.0	nan	nan	0.0	0.0
6	7	420	19.0	0.0	9.0	0.0	1.0	1.0
6	7	380	17.516	0.508	9.0	0.0	1.0	1.0
6	7	340	15.968	0.315	9.0	0.0	1.0	1.0
6	7	300	14.29	0.461	9.0	0.0	1.0	1.0
6	7	260	12.742	0.445	9.419	0.502	1.0	1.0
6	7	220	10.968	0.18	10.0	0.0	1.0	1.0
6	7	180	8.935	0.25	10.0	0.0	1.0	1.0
6	7	140	6.935	0.25	11.097	0.301	1.0	1.0
6	7	100	4.839	0.374	13.774	0.425	1.0	1.0
6	7	77	3.097	0.7	17.548	0.81	1.0	1.0
6	7	74	2.29	0.461	18.71	0.973	1.0	1.0
6	7	71	2.032	0.18	20.129	1.979	1.0	1.0
6	7	68	2.032	0.18	21.935	1.75	1.0	1.0
6	7	65	1.903	0.301	25.71	2.735	1.0	1.0
6	7	62	1.533	0.681	27.821	3.312	0.871	0.903
6	7	59	0.538	0.761	32.333	3.436	0.323	0.484
6	7	56	0.0	0.0	39.0	0.0	0.0	0.032
6	7	53	0.0	0.0	nan	nan	0.0	0.0
6	7	50	0.0	0.0	nan	nan	0.0	0.0
6	7	47	0.0	0.0	nan	nan	0.0	0.0
6	7	44	0.0	0.0	nan	nan	0.0	0.0
7	7	420	17.258	0.445	9.0	0.0	1.0	1.0
7	7	380	16.065	0.25	9.0	0.0	1.0	1.0
7	7	340	14.613	0.495	9.0	0.0	1.0	1.0
7	7	300	12.968	0.315	9.0	0.0	1.0	1.0
7	7	260	11.323	0.475	9.0	0.0	1.0	1.0
7	7	220	9.871	0.341	10.0	0.0	1.0	1.0
7	7	180	7.935	0.25	10.032	0.18	1.0	1.0
7	7	140	5.968	0.18	11.323	0.475	1.0	1.0
7	7	100	4.0	0.0	14.29	0.529	1.0	1.0
7	7	77	1.968	0.547	19.581	1.336	1.0	1.0
7	7	74	1.323	0.475	21.677	1.194	1.0	1.0
7	7	71	1.065	0.25	23.581	1.979	1.0	1.0
7	7	68	0.966	0.325	25.862	2.924	0.871	0.935
7	7	65	0.2	0.407	28.429	2.225	0.194	0.226
7	7	62	0.0	0.0	nan	nan	0.0	0.0
7	7	59	0.0	0.0	nan	nan	0.0	0.0
7	7	56	0.0	0.0	nan	nan	0.0	0.0
7	7	53	0.0	0.0	nan	nan	0.0	0.0
7	7	50	0.0	0.0	nan	nan	0.0	0.0
7	7	47	0.0	0.0	nan	nan	0.0	0.0
7	7	44	0.0	0.0	nan	nan	0.0	0.0
8	7	420	19.452	0.506	8.0	0.0	1.0	1.0
8	7	380	18.0	0.0	8.0	0.0	1.0	1.0
8	7	340	16.484	0.508	8.0	0.0	1.0	1.0
8	7	300	14.935	0.25	8.0	0.0	1.0	1.0
8	7	260	13.032	0.18	8.323	0.475	1.0	1.0
8	7	220	11.065	0.25	9.0	0.0	1.0	1.0
8	7	180	9.0	0.0	9.0	0.0	1.0	1.0
8	7	140	6.968	0.18	10.0	0.0	1.0	1.0
8	7	100	4.903	0.301	12.032	0.407	1.0	1.0
8	7	77	3.226	0.425	14.871	0.67	1.0	1.0
8	7	74	3.129	0.341	15.613	0.615	1.0	1.0
8	7	71	3.0	0.0	16.419	0.765	1.0	1.0
8	7	68	2.935	0.25	17.097	0.944	1.0	1.0
8	7	65	2.226	0.56	19.29	1.657	1.0	1.0
8	7	62	1.742	0.514	21.194	2.04	1.0	1.0
8	7	59	1.29	0.461	24.065	2.78	1.0	1.0
8	7	56	0.839	0.454	26.56	2.931	0.806	0.806
8	7	53	0.138	0.351	31.167	4.07	0.129	0.194
8	7	50	0.0	0.0	nan	nan	0.0	0.0
8	7	47	0.0	0.0	nan	nan	0.0	0.0
8	7	44	0.0	0.0	nan	nan	0.0	0.0
9	7	420	20.516	0.508	8.0	0.0	1.0	1.0
9	7	380	18.871	0.341	8.129	0.341	1.0	1.0
9	7	340	17.032	0.315	8.806	0.402	1.0	1.0
9	7	300	15.032	0.18	8.968	0.18	1.0	1.0
9	7	260	13.129	0.341	9.0	0.0	1.0	1.0
9	7	220	11.097	0.301	9.0	0.0	1.0	1.0
9	7	180	8.968	0.18	10.0	0.0	1.0	1.0
9	7	140	6.903	0.301	10.839	0.374	1.0	1.0
9	7	100	4.194	0.402	12.968	0.407	1.0	1.0
9	7	77	2.903	0.301	16.742	0.965	1.0	1.0
9	7	74	2.613	0.558	18.0	1.095	1.0	1.0
9	7	71	1.903	0.597	20.065	1.692	1.0	1.0
9	7	68	1.419	0.564	21.323	2.7	1.0	1.0
9	7	65	1.129	0.341	24.387	3.222	1.0	1.0
9	7	62	0.6	0.498	27.158	3.023	0.581	0.613
9	7	59	0.065	0.25	29.5	4.95	0.065	0.065
9	7	56	0.0	0.0	nan	nan	0.0	0.0
9	7	53	0.0	0.0	nan	nan	0.0	0.0
9	7	50	0.0	0.0	nan	nan	0.0	0.0
9	7	47	0.0	0.0	nan	nan	0.0	0.0
9	7	44	0.0	0.0	nan	nan	0.0	0.0
10	7	420	15.032	0.18	9.0	0.0	1.0	1.0
10	7	380	14.0	0.0	9.0	0.0	1.0	1.0
10	7	340	12.484	0.508	9.0	0.0	1.0	1.0
10	7	300	11.0	0.0	9.161	0.374	1.0	1.0
10	7	260	9.871	0.341	10.0	0.0	1.0	1.0
10	7	220	8.032	0.18	10.0	0.0	1.0	1.0
10	7	180	6.645	0.486	10.645	0.486	1.0	1.0
10	7	140	4.968	0.18	11.871	0.341	1.0	1.0
10	7	100	3.0	0.0	14.419	0.564	1.0	1.0
10	7	77	1.032	0.18	19.935	1.209	1.0	1.0
10	7	74	1.032	0.18	21.677	1.62	1.0	1.0
10	7	71	0.793	0.412	24.0	2.449	0.742	0.806
10	7	68	0.069	0.258	26.0	0.0	0.065	0.129
10	7	65	0.0	0.0	nan	nan	0.0	0.0
10	7	62	0.0	0.0	nan	nan	0.0	0.0
10	7	59	0.0	0.0	nan	nan	0.0	0.0
10	7	56	0.0	0.0	nan	nan	0.0	0.0
10	7	53	0.0	0.0	nan	nan	0.0	0.0
10	7	50	0.0	0.0	nan	nan	0.0	0.0
10	7	47	0.0	0.0	nan	nan	0.0	0.0
10	7	44	0.0	0.0	nan	nan	0.0	0.0
11	7	420	14.968	0.18	8.677	0.475	1.0	1.0
11	7	380	13.968	0.18	8.935	0.25	1.0	1.0
11	7	340	12.645	0.486	9.0	0.0	1.0	1.0
11	7	300	11.129	0.341	9.0	0.0	1.0	1.0
11	7	260	10.0	0.0	9.0	0.0	1.0	1.0
11	7	220	8.258	0.445	9.0	0.0	1.0	1.0
11	7	180	7.0	0.0	10.0	0.0	1.0	1.0
11	7	140	5.161	0.374	11.0	0.0	1.0	1.0
11	7	100	3.903	0.301	13.065	0.359	1.0	1.0
11	7	77	2.806	0.477	16.742	0.815	1.0	1.0
11	7	74	2.161	0.735	17.968	0.706	1.0	1.0
11	7	71	1.484	0.677	19.29	1.51	1.0	1.0
11	7	68	1.032	0.18	21.161	1.881	1.0	1.0
11	7	65	1.0	0.258	22.733	1.437	0.968	0.968
11	7	62	0.793	0.412	27.24	3.94	0.742	0.806
11	7	59	0.0	0.0	nan	nan	0.0	0.0
11	7	56	0.0	0.0	nan	nan	0.0	0.0
11	7	53	0.0	0.0	nan	nan	0.0	0.0
11	7	50	0.0	0.0	nan	nan	0.0	0.0
11	7	47	0.0	0.0	nan	nan	0.0	0.0
11	7	44	0.0	0.0	nan	nan	0.0	0.0
12	7	420	18.806	0.402	9.0	0.0	1.0	1.0
12	7	380	17.0	0.0	9.0	0.0	1.0	1.0
12	7	340	15.774	0.425	9.032	0.18	1.0	1.0
12	7	300	13.935	0.25	9.742	0.445	1.0	1.0
12	7	260	12.065	0.25	10.0	0.0	1.0	1.0
12	7	220	10.387	0.495	10.0	0.0	1.0	1.0
12	7	180	8.29	0.461	10.968	0.18	1.0	1.0
12	7	140	6.032	0.18	11.968	0.18	1.0	1.0
12	7	100	4.032	0.18	15.129	0.341	1.0	1.0
12	7	77	2.0	0.0	21.742	1.39	1.0	1.0
12	7	74	1.903	0.301	24.0	1.592	1.0	1.0
12	7	71	1.484	0.508	27.0	2.556	1.0	1.0
12	7	68	0.828	0.658	30.545	2.558	0.645	0.71
12	7	65	0.107	0.315	34.167	1.169	0.097	0.194
12	7	62	0.0	0.0	nan	nan	0.0	0.0
12	7	59	0.0	0.0	nan	nan	0.0	0.0
12	7	56	0.0	0.0	nan	nan	0.0	0.0
12	7	53	0.0	0.0	nan	nan	0.0	0.0
12	7	50	0.0	0.0	nan	nan	0.0	0.0
12	7	47	0.0	0.0	nan	nan	0.0	0.0
12	7	44	0.0	0.0	nan	nan	0.0	0.0
13	7	420	18.871	0.341	9.0	0.0	1.0	1.0
13	7	380	17.097	0.301	9.0	0.0	1.0	1.0
13	7	340	15.484	0.508	9.0	0.0	1.0	1.0
13	7	300	13.742	0.445	9.0	0.0	1.0	1.0
13	7	260	11.935	0.25	9.0	0.0	1.0	1.0
13	7	220	9.968	0.18	9.935	0.25	1.0	1.0
13	7	180	7.839	0.374	10.032	0.18	1.0	1.0
13	7	140	5.581	0.502	11.548	0.506	1.0	1.0
13	7	100	3.226	0.425	14.613	0.495	1.0	1.0
13	7	77	1.065	0.25	20.355	1.684	1.0	1.0
13	7	74	0.871	0.341	22.778	1.739	0.871	0.871
13	7	71	0.226	0.425	24.714	0.756	0.226	0.226
13	7	68	0.0	0.0	nan	nan	0.0	0.0
13	7	65	0.0	0.0	nan	nan	0.0	0.0
13	7	62	0.0	0.0	nan	nan	0.0	0.0
13	7	59	0.0	0.0	nan	nan	0.0	0.0
13	7	56	0.0	0.0	nan	nan	0.0	0.0
13	7	53	0.0	0.0	nan	nan	0.0	0.0
13	7	50	0.0	0.0	nan	nan	0.0	0.0
13	7	47	0.0	0.0	nan	nan	0.0	0.0
13	7	44	0.0	0.0	nan	nan	0.0	0.0
14	7	420	17.387	0.495	9.0	0.0	1.0	1.0
14	7	380	16.129	0.341	9.0	0.0	1.0	1.0
14	7	340	14.903	0.301	9.032	0.18	1.0	1.0
14	7	300	13.161	0.374	9.581	0.502	1.0	1.0
14	7	260	11.774	0.425	9.968	0.18	1.0	1.0
14	7	220	10.0	0.0	10.0	0.0	1.0	1.0
14	7	180	8.032	0.18	10.387	0.495	1.0	1.0
14	7	140	6.065	0.25	11.516	0.508	1.0	1.0
14	7	100	4.161	0.374	13.935	0.359	1.0	1.0
14	7	77	2.677	0.475	18.032	0.836	1.0	1.0
14	7	74	2.161	0.374	19.258	1.125	1.0	1.0
14	7	71	1.968	0.18	20.806	1.887	1.0	1.0
14	7	68	1.774	0.425	22.581	1.911	1.0	1.0
14	7	65	1.414	0.682	25.929	3.366	0.839	0.903
14	7	62	0.655	0.553	29.75	4.038	0.581	0.645
14	7	59	0.0	0.0	nan	nan	0.0	0.0
14	7	56	0.0	0.0	nan	nan	0.0	0.0
14	7	53	0.0	0.0	nan	nan	0.0	0.0
14	7	50	0.0	0.0	nan	nan	0.0	0.0
14	7	47	0.0	0.0	nan	nan	0.0	0.0
14	7	44	0.0	0.0	nan	nan	0.0	0.0
15	7	420	19.581	0.502	9.0	0.0	1.0	1.0
15	7	380	18.0	0.0	9.0	0.0	1.0	1.0
15	7	340	16.516	0.508	9.0	0.0	1.0	1.0
15	7	300	14.903	0.301	9.0	0.0	1.0	1.0
15	7	260	12.968	0.18	9.0	0.0	1.0	1.0
15	7	220	11.032	0.18	9.194	0.402	1.0	1.0
15	7	180	8.968	0.18	10.0	0.0	1.0	1.0
15	7	140	6.903	0.301	10.806	0.402	1.0	1.0
15	7	100	4.806	0.402	12.645	0.486	1.0	1.0
15	7	77	3.065	0.25	15.29	0.529	1.0	1.0
15	7	74	3.097	0.301	15.935	0.727	1.0	1.0
15	7	71	3.0	0.0	16.452	0.768	1.0	1.0
15	7	68	2.774	0.425	17.129	0.885	1.0	1.0
15	7	65	2.226	0.762	18.065	1.504	1.0	1.0
15	7	62	1.484	0.57	19.419	1.432	1.0	1.0
15	7	59	1.161	0.374	21.355	1.836	1.0	1.0
15	7	56	0.9	0.481	24.538	3.075	0.806	0.839
15	7	53	0.323	0.475	27.0	2.708	0.323	0.323
15	7	50	0.0	0.0	28.0	0.0	0.0	0.032
15	7	47	0.0	0.0	nan	nan	0.0	0.0
15	7	44	0.0	0.0	nan	nan	0.0	0.0
16	7	420	23.968	0.407	9.0	0.0	1.0	1.0
16	7	380	21.968	0.315	9.0	0.0	1.0	1.0
16	7	340	19.968	0.407	9.0	0.0	1.0	1.0
16	7	300	17.839	0.374	9.0	0.0	1.0	1.0
16	7	260	15.484	0.508	9.129	0.341	1.0	1.0
16	7	220	13.065	0.25	10.0	0.0	1.0	1.0
16	7	180	10.742	0.445	10.0	0.0	1.0	1.0
16	7	140	7.935	0.25	11.161	0.374	1.0	1.0
16	7	100	5.129	0.341	13.742	0.514	1.0	1.0
16	7	77	3.387	0.615	17.516	0.811	1.0	1.0
16	7	74	2.968	0.706	18.613	1.308	1.0	1.0
16	7	71	2.097	0.301	19.903	1.076	1.0	1.0
16	7	68	2.0	0.0	22.065	1.788	1.0	1.0
16	7	65	1.839	0.454	23.129	1.668	1.0	1.0
16	7	62	1.533	0.571	26.333	4.003	0.935	0.968
16	7	59	0.69	0.761	29.412	3.658	0.484	0.548
16	7	56	0.133	0.346	30.6	5.03	0.129	0.161
16	7	53	0.0	0.0	nan	nan	0.0	0.0
16	7	50	0.0	0.0	nan	nan	0.0	0.0
16	7	47	0.0	0.0	nan	nan	0.0	0.0
16	7	44	0.0	0.0	nan	nan	0.0	0.0
17	7	420	16.871	0.341	9.0	0.0	1.0	1.0
17	7	380	15.419	0.502	9.0	0.0	1.0	1.0
17	7	340	14.065	0.25	9.0	0.0	1.0	1.0
17	7	300	12.71	0.461	9.0	0.0	1.0	1.0
17	7	260	11.032	0.18	9.0	0.0	1.0	1.0
17	7	220	9.355	0.486	9.935	0.25	1.0	1.0
17	7	180	7.806	0.402	10.0	0.0	1.0	1.0
17	7	140	5.968	0.18	11.032	0.18	1.0	1.0
17	7	100	4.0	0.0	13.452	0.506	1.0	1.0
17	7	77	2.935	0.25	17.29	0.783	1.0	1.0
17	7	74	2.355	0.486	18.645	1.112	1.0	1.0
17	7	71	2.032	0.407	19.968	1.703	1.0	1.0
17	7	68	1.581	0.502	22.677	1.956	1.0	1.0
17	7	65	1.0	0.609	27.038	4.862	0.742	0.839
17	7	62	0.179	0.39	31.25	6.112	0.161	0.258
17	7	59	0.0	0.0	nan	nan	0.0	0.0
17	7	56	0.0	0.0	nan	nan	0.0	0.0
17	7	53	0.0	0.0	nan	nan	0.0	0.0
17	7	50	0.0	0.0	nan	nan	0.0	0.0
17	7	47	0.0	0.0	nan	nan	0.0	0.0
17	7	44	0.0	0.0	nan	nan	0.0	0.0
18	7	420	15.065	0.25	9.0	0.0	1.0	1.0
18	7	380	14.0	0.0	9.0	0.0	1.0	1.0
18	7	340	12.839	0.374	9.0	0.0	1.0	1.0
18	7	300	11.0	0.0	9.0	0.0	1.0	1.0
18	7	260	9.935	0.25	9.774	0.425	1.0	1.0
18	7	220	7.968	0.18	10.0	0.0	1.0	1.0
18	7	180	6.226	0.425	10.484	0.508	1.0	1.0
18	7	140	4.903	0.301	11.742	0.445	1.0	1.0
18	7	100	3.0	0.0	14.452	0.506	1.0	1.0
18	7	77	1.065	0.25	20.032	1.581	1.0	1.0
18	7	74	0.933	0.254	22.31	2.392	0.903	0.935
18	7	71	0.538	0.508	24.632	1.802	0.452	0.613
18	7	68	0.032	0.18	26.0	0.0	0.032	0.032
18	7	65	0.0	0.0	nan	nan	0.0	0.0
18	7	62	0.0	0.0	nan	nan	0.0	0.0
18	7	59	0.0	0.0	nan	nan	0.0	0.0
18	7	56	0.0	0.0	nan	nan	0.0	0.0
18	7	53	0.0	0.0	nan	nan	0.0	0.0
18	7	50	0.0	0.0	nan	nan	0.0	0.0
18	7	47	0.0	0.0	nan	nan	0.0	0.0
18	7	44	0.0	0.0	nan	nan	0.0	0.0
19	7	420	17.0	0.0	9.0	0.0	1.0	1.0
19	7	380	15.548	0.506	9.0	0.0	1.0	1.0
19	7	340	14.065	0.25	9.0	0.0	1.0	1.0
19	7	300	12.774	0.425	9.0	0.0	1.0	1.0
19	7	260	11.032	0.18	9.323	0.475	1.0	1.0
19	7	220	9.323	0.475	10.0	0.0	1.0	1.0
19	7	180	7.742	0.445	10.0	0.0	1.0	1.0
19	7	140	6.0	0.0	11.129	0.341	1.0	1.0
19	7	100	4.0	0.0	13.839	0.454	1.0	1.0
19	7	77	2.387	0.667	17.774	0.805	1.0	1.0
19	7	74	1.71	0.739	19.0	1.291	1.0	1.0
19	7	71	1.161	0.374	19.516	1.313	1.0	1.0
19	7	68	1.065	0.25	22.0	1.88	1.0	1.0
19	7	65	0.897	0.31	25.0	3.197	0.839	0.903
19	7	62	0.393	0.497	26.786	2.155	0.355	0.452
19	7	59	0.032	0.18	27.0	0.0	0.032	0.032
19	7	56	0.0	0.0	nan	nan	0.0	0.0
19	7	53	0.0	0.0	nan	nan	0.0	0.0
19	7	50	0.0	0.0	nan	nan	0.0	0.0
19	7	47	0.0	0.0	nan	nan	0.0	0.0
19	7	44	0.0	0.0	nan	nan	0.0	0.0
20	7	420	17.935	0.25	9.0	0.0	1.0	1.0
20	7	380	16.548	0.506	9.0	0.0	1.0	1.0
20	7	340	14.968	0.18	9.0	0.0	1.0	1.0
20	7	300	13.258	0.445	9.0	0.0	1.0	1.0
20	7	260	11.903	0.301	9.0	0.0	1.0	1.0
20	7	220	10.0	0.0	9.194	0.402	1.0	1.0
20	7	180	8.0	0.0	10.0	0.0	1.0	1.0
20	7	140	5.968	0.18	11.0	0.0	1.0	1.0
20	7	100	4.0	0.0	13.194	0.402	1.0	1.0
20	7	77	2.774	0.425	16.548	0.675	1.0	1.0
20	7	74	2.452	0.568	17.387	0.803	1.0	1.0
20	7	71	1.742	0.729	18.613	1.383	1.0	1.0
20	7	68	1.226	0.497	19.613	1.764	1.0	1.0
20	7	65	1.033	0.183	21.258	2.113	0.968	1.0
20	7	62	0.839	0.374	24.423	2.176	0.839	0.839
20	7	59	0.065	0.25	26.0	1.414	0.065	0.065
20	7	56	0.0	0.0	nan	nan	0.0	0.0
20	7	53	0.0	0.0	nan	nan	0.0	0.0
20	7	50	0.0	0.0	nan	nan	0.0	0.0
20	7	47	0.0	0.0	nan	nan	0.0	0.0
20	7	44	0.0	0.0	nan	nan	0.0	0.0
21	7	420	15.516	0.508	9.0	0.0	1.0	1.0
21	7	380	14.065	0.25	9.0	0.0	1.0	1.0
21	7	340	13.0	0.0	9.0	0.0	1.0	1.0
21	7	300	11.129	0.341	9.0	0.0	1.0	1.0
21	7	260	10.0	0.0	9.065	0.25	1.0	1.0
21	7	220	8.0	0.0	10.0	0.0	1.0	1.0
21	7	180	6.484	0.508	10.065	0.25	1.0	1.0
21	7	140	4.935	0.25	11.258	0.445	1.0	1.0
21	7	100	3.0	0.0	14.548	0.568	1.0	1.0
21	7	77	1.033	0.32	20.067	1.53	0.935	0.968
21	7	74	1.0	0.0	22.29	1.657	1.0	1.0
21	7	71	0.552	0.506	24.389	1.577	0.516	0.581
21	7	68	0.065	0.25	25.0	1.414	0.065	0.065
21	7	65	0.0	0.0	nan	nan	0.0	0.0
21	7	62	0.0	0.0	nan	nan	0.0	0.0
21	7	59	0.0	0.0	nan	nan	0.0	0.0
21	7	56	0.0	0.0	nan	nan	0.0	0.0
21	7	53	0.0	0.0	nan	nan	0.0	0.0
21	7	50	0.0	0.0	nan	nan	0.0	0.0
21	7	47	0.0	0.0	nan	nan	0.0	0.0
21	7	44	0.0	0.0	nan	nan	0.0	0.0
22	7	420	22.032	0.18	8.0	0.0	1.0	1.0
22	7	380	20.097	0.301	8.0	0.0	1.0	1.0
22	7	340	18.419	0.502	8.0	0.0	1.0	1.0
22	7	300	16.677	0.475	8.452	0.506	1.0	1.0
22	7	260	14.548	0.506	9.0	0.0	1.0	1.0
22	7	220	12.161	0.374	9.0	0.0	1.0	1.0
22	7	180	10.0	0.0	9.839	0.374	1.0	1.0
22	7	140	7.742	0.445	10.581	0.502	1.0	1.0
22	7	100	5.0	0.0	12.935	0.25	1.0	1.0
22	7	77	3.968	0.18	16.548	0.675	1.0	1.0
22	7	74	3.484	0.677	17.516	0.724	1.0	1.0
22	7	71	2.613	0.715	19.0	1.438	1.0	1.0
22	7	68	2.097	0.301	20.935	1.914	1.0	1.0
22	7	65	2.0	0.0	22.774	1.726	1.0	1.0
22	7	62	2.0	0.0	25.613	2.741	1.0	1.0
22	7	59	1.462	0.706	31.143	4.608	0.742	0.903
22	7	56	0.241	0.511	33.375	3.114	0.194	0.258
22	7	53	0.0	0.0	nan	nan	0.0	0.0
22	7	50	0.0	0.0	nan	nan	0.0	0.0
22	7	47	0.0	0.0	nan	nan	0.0	0.0
22	7	44	0.0	0.0	nan	nan	0.0	0.0
23	7	420	21.452	0.506	8.935	0.25	1.0	1.0
23	7	380	19.968	0.18	9.0	0.0	1.0	1.0
23	7	340	18.097	0.301	9.0	0.0	1.0	1.0
23	7	300	16.097	0.301	9.0	0.0	1.0	1.0
23	7	260	14.258	0.445	9.0	0.0	1.0	1.0
23	7	220	12.065	0.25	9.161	0.374	1.0	1.0
23	7	180	10.0	0.0	10.0	0.0	1.0	1.0
23	7	140	7.742	0.445	11.0	0.0	1.0	1.0
23	7	100	5.097	0.301	13.129	0.428	1.0	1.0
23	7	77	3.871	0.428	16.968	0.706	1.0	1.0
23	7	74	3.452	0.675	17.71	0.902	1.0	1.0
23	7	71	2.484	0.677	19.129	1.147	1.0	1.0
23	7	68	2.194	0.402	20.903	1.221	1.0	1.0
23	7	65	2.0	0.0	21.968	1.741	1.0	1.0
23	7	62	2.0	0.0	25.161	2.876	1.0	1.0
23	7	59	1.774	0.56	29.0	2.878	0.935	0.935
23	7	56	0.72	0.843	33.167	4.26	0.387	0.581
23	7	53	0.032	0.18	31.0	0.0	0.032	0.032
23	7	50	0.0	0.0	nan	nan	0.0	0.0
23	7	47	0.0	0.0	nan	nan	0.0	0.0
23	7	44	0.0	0.0	nan	nan	0.0	0.0
24	7	420	20.903	0.396	9.0	0.0	1.0	1.0
24	7	380	19.161	0.374	9.0	0.0	1.0	1.0
24	7	340	17.613	0.495	9.0	0.0	1.0	1.0
24	7	300	15.774	0.425	9.0	0.0	1.0	1.0
24	7	260	13.935	0.25	9.0	0.0	1.0	1.0
24	7	220	11.935	0.25	9.871	0.341	1.0	1.0
24	7	180	9.742	0.445	10.0	0.0	1.0	1.0
24	7	140	7.161	0.374	11.0	0.0	1.0	1.0
24	7	100	5.065	0.25	13.29	0.461	1.0	1.0
24	7	77	3.871	0.341	16.839	0.638	1.0	1.0
24	7	74	3.516	0.57	17.387	0.761	1.0	1.0
24	7	71	2.581	0.564	18.419	1.057	1.0	1.0
24	7	68	2.161	0.374	19.355	1.199	1.0	1.0
24	7	65	1.935	0.25	22.0	1.77	1.0	1.0
24	7	62	1.968	0.18	24.194	2.104	1.0	1.0
24	7	59	1.742	0.445	25.742	3.011	1.0	1.0
24	7	56	1.185	0.681	31.222	4.022	0.742	0.871
24	7	53	0.138	0.351	33.333	5.715	0.129	0.194
24	7	50	0.0	0.0	nan	nan	0.0	0.0
24	7	47	0.0	0.0	nan	nan	0.0	0.0
24	7	44	0.0	0.0	nan	nan	0.0	0.0
25	7	420	17.71	0.461	9.0	0.0	1.0	1.0
25	7	380	16.065	0.25	9.0	0.0	1.0	1.0
25	7	340	14.935	0.25	9.0	0.0	1.0	1.0
25	7	300	13.161	0.374	9.0	0.0	1.0	1.0
25	7	260	11.806	0.402	9.0	0.0	1.0	1.0
25	7	220	9.968	0.18	9.871	0.341	1.0	1.0
25	7	180	8.0	0.0	10.0	0.0	1.0	1.0
25	7	140	6.032	0.18	11.0	0.0	1.0	1.0
25	7	100	4.032	0.18	13.29	0.461	1.0	1.0
25	7	77	2.935	0.25	16.935	0.772	1.0	1.0
25	7	74	2.645	0.486	17.935	0.892	1.0	1.0
25	7	71	2.065	0.359	19.387	1.202	1.0	1.0
25	7	68	1.806	0.543	20.968	1.888	1.0	1.0
25	7	65	1.129	0.341	23.419	1.649	1.0	1.0
25	7	62	0.935	0.574	26.88	3.745	0.806	0.806
25	7	59	0.31	0.471	30.545	5.126	0.29	0.355
25	7	56	0.0	0.0	nan	nan	0.0	0.0
25	7	53	0.0	0.0	nan	nan	0.0	0.0
25	7	50	0.0	0.0	nan	nan	0.0	0.0
25	7	47	0.0	0.0	nan	nan	0.0	0.0
25	7	44	0.0	0.0	nan	nan	0.0	0.0
26	7	420	22.065	0.25	8.0	0.0	1.0	1.0
26	7	380	20.226	0.425	8.065	0.25	1.0	1.0
26	7	340	18.774	0.497	8.613	0.495	1.0	1.0
26	7	300	16.677	0.475	9.0	0.0	1.0	1.0
26	7	260	14.71	0.461	9.0	0.0	1.0	1.0
26	7	220	12.387	0.495	9.0	0.0	1.0	1.0
26	7	180	9.968	0.18	9.968	0.18	1.0	1.0
26	7	140	7.935	0.25	10.742	0.445	1.0	1.0
26	7	100	5.129	0.341	13.032	0.18	1.0	1.0
26	7	77	3.968	0.18	16.548	0.675	1.0	1.0
26	7	74	3.581	0.672	17.323	0.945	1.0	1.0
26	7	71	2.871	0.763	18.645	1.05	1.0	1.0
26	7	68	2.097	0.396	20.387	1.498	1.0	1.0
26	7	65	2.0	0.0	22.032	1.602	1.0	1.0
26	7	62	1.968	0.18	25.774	3.273	1.0	1.0
26	7	59	1.742	0.514	29.833	3.206	0.968	0.968
26	7	56	0.542	0.721	34.824	3.779	0.323	0.548
26	7	53	0.0	0.0	nan	nan	0.0	0.0
26	7	50	0.0	0.0	nan	nan	0.0	0.0
26	7	47	0.0	0.0	nan	nan	0.0	0.0
26	7	44	0.0	0.0	nan	nan	0.0	0.0
27	7	420	16.871	0.341	9.0	0.0	1.0	1.0
27	7	380	15.548	0.506	9.0	0.0	1.0	1.0
27	7	340	14.097	0.301	9.0	0.0	1.0	1.0
27	7	300	13.0	0.0	9.0	0.0	1.0	1.0
27	7	260	11.129	0.341	9.0	0.0	1.0	1.0
27	7	220	9.806	0.402	9.161	0.374	1.0	1.0
27	7	180	8.0	0.0	10.0	0.0	1.0	1.0
27	7	140	6.065	0.25	10.903	0.301	1.0	1.0
27	7	100	4.161	0.374	13.065	0.359	1.0	1.0
27	7	77	3.0	0.0	15.968	0.605	1.0	1.0
27	7	74	2.968	0.18	16.71	0.902	1.0	1.0
27	7	71	2.677	0.475	17.677	0.979	1.0	1.0
27	7	68	2.194	0.402	19.226	1.203	1.0	1.0
27	7	65	1.871	0.341	21.774	1.521	1.0	1.0
27	7	62	1.71	0.461	23.968	2.496	1.0	1.0
27	7	59	1.133	0.571	28.036	3.305	0.871	0.903
27	7	56	0.133	0.346	33.2	5.718	0.129	0.161
27	7	53	0.0	0.0	nan	nan	0.0	0.0
27	7	50	0.0	0.0	nan	nan	0.0	0.0
27	7	47	0.0	0.0	nan	nan	0.0	0.0
27	7	44	0.0	0.0	nan	nan	0.0	0.0
28	7	420	18.516	0.508	9.0	0.0	1.0	1.0
28	7	380	17.0	0.258	9.0	0.0	1.0	1.0
28	7	340	15.71	0.461	9.0	0.0	1.0	1.0
28	7	300	14.0	0.0	9.0	0.0	1.0	1.0
28	7	260	12.097	0.301	9.097	0.301	1.0	1.0
28	7	220	10.548	0.506	10.0	0.0	1.0	1.0
28	7	180	8.742	0.445	10.032	0.18	1.0	1.0
28	7	140	6.742	0.445	11.097	0.301	1.0	1.0
28	7	100	4.258	0.445	14.0	0.447	1.0	1.0
28	7	77	2.516	0.626	18.323	0.832	1.0	1.0
28	7	74	2.065	0.25	19.387	1.283	1.0	1.0
28	7	71	2.0	0.0	21.065	1.153	1.0	1.0
28	7	68	1.935	0.25	23.387	1.334	1.0	1.0
28	7	65	1.645	0.486	26.097	2.071	1.0	1.0
28	7	62	1.207	0.491	29.1	3.188	0.903	0.968
28	7	59	0.179	0.39	32.625	3.204	0.161	0.258
28	7	56	0.0	0.0	nan	nan	0.0	0.0
28	7	53	0.0	0.0	nan	nan	0.0	0.0
28	7	50	0.0	0.0	nan	nan	0.0	0.0
28	7	47	0.0	0.0	nan	nan	0.0	0.0
28	7	44	0.0	0.0	nan	nan	0.0	0.0
29	7	420	16.516	0.508	9.0	0.0	1.0	1.0
29	7	380	15.065	0.25	9.0	0.0	1.0	1.0
29	7	340	13.871	0.341	9.0	0.0	1.0	1.0
29	7	300	12.065	0.25	9.0	0.0	1.0	1.0
29	7	260	10.742	0.445	9.032	0.18	1.0	1.0
29	7	220	8.968	0.18	10.0	0.0	1.0	1.0
29	7	180	7.0	0.0	10.032	0.18	1.0	1.0
29	7	140	5.032	0.18	11.161	0.374	1.0	1.0
29	7	100	3.097	0.301	14.161	0.523	1.0	1.0
29	7	77	1.032	0.18	19.806	1.195	1.0	1.0
29	7	74	1.0	0.0	20.903	1.35	1.0	1.0
29	7	71	0.828	0.384	23.5	1.881	0.774	0.839
29	7	68	0.167	0.379	25.167	2.483	0.161	0.194
29	7	65	0.0	0.0	nan	nan	0.0	0.0
29	7	62	0.0	0.0	nan	nan	0.0	0.0
29	7	59	0.0	0.0	nan	nan	0.0	0.0
29	7	56	0.0	0.0	nan	nan	0.0	0.0
29	7	53	0.0	0.0	nan	nan	0.0	0.0
29	7	50	0.0	0.0	nan	nan	0.0	0.0
29	7	47	0.0	0.0	nan	nan	0.0	0.0
29	7	44	0.0	0.0	nan	nan	0.0	0.0
30	7	420	21.032	0.18	9.0	0.0	1.0	1.0
30	7	380	19.29	0.461	9.0	0.0	1.0	1.0
30	7	340	17.677	0.475	9.0	0.0	1.0	1.0
30	7	300	15.935	0.25	9.0	0.0	1.0	1.0
30	7	260	13.839	0.374	9.0	0.0	1.0	1.0
30	7	220	11.774	0.425	9.645	0.486	1.0	1.0
30	7	180	9.419	0.502	10.0	0.0	1.0	1.0
30	7	140	7.129	0.341	11.032	0.18	1.0	1.0
30	7	100	4.806	0.402	13.161	0.374	1.0	1.0
30	7	77	3.226	0.497	16.742	0.815	1.0	1.0
30	7	74	2.839	0.374	17.581	1.148	1.0	1.0
30	7	71	2.484	0.677	18.194	1.138	1.0	1.0
30	7	68	1.903	0.539	19.968	1.798	1.0	1.0
30	7	65	1.677	0.475	21.355	2.122	1.0	1.0
30	7	62	1.452	0.506	23.29	2.116	1.0	1.0
30	7	59	1.034	0.421	26.621	3.396	0.871	0.935
30	7	56	0.367	0.556	26.636	3.325	0.323	0.355
30	7	53	0.0	0.0	nan	nan	0.0	0.0
30	7	50	0.0	0.0	nan	nan	0.0	0.0
30	7	47	0.0	0.0	nan	nan	0.0	0.0
30	7	44	0.0	0.0	nan	nan	0.0	0.0
31	7	420	15.032	0.18	8.0	0.0	1.0	1.0
31	7	380	14.0	0.0	8.097	0.301	1.0	1.0
31	7	340	13.0	0.0	8.935	0.25	1.0	1.0
31	7	300	11.548	0.506	9.0	0.0	1.0	1.0
31	7	260	10.0	0.0	9.0	0.0	1.0	1.0
31	7	220	8.548	0.506	9.0	0.0	1.0	1.0
31	7	180	6.968	0.18	9.968	0.18	1.0	1.0
31	7	140	5.065	0.25	10.968	0.18	1.0	1.0
31	7	100	3.774	0.425	13.29	0.461	1.0	1.0
31	7	77	2.452	0.723	17.645	1.018	1.0	1.0
31	7	74	1.645	0.709	19.194	1.869	1.0	1.0
31	7	71	1.161	0.374	21.194	2.104	1.0	1.0
31	7	68	1.0	0.0	23.645	2.589	1.0	1.0
31	7	65	0.767	0.43	26.167	3.226	0.742	0.774
31	7	62	0.032	0.18	30.0	0.0	0.032	0.032
31	7	59	0.0	0.0	nan	nan	0.0	0.0
31	7	56	0.0	0.0	nan	nan	0.0	0.0
31	7	53	0.0	0.0	nan	nan	0.0	0.0
31	7	50	0.0	0.0	nan	nan	0.0	0.0
31	7	47	0.0	0.0	nan	nan	0.0	0.0
31	7	44	0.0	0.0	nan	nan	0.0	0.0
