row	col	voltage	tot_avg	tot_std	toa_avg	toa_std	efficiency_tot	efficiency_toa
0	0	420	16.968	0.18	9.0	0.0	1.0	1.0
0	0	380	16.032	0.18	9.0	0.0	1.0	1.0
0	0	340	15.065	0.25	9.0	0.0	1.0	1.0
0	0	300	14.0	0.0	9.0	0.0	1.0	1.0
0	0	260	12.71	0.461	9.0	0.0	1.0	1.0
0	0	220	11.032	0.18	9.0	0.0	1.0	1.0
0	0	180	9.032	0.18	9.0	0.0	1.0	1.0
0	0	140	7.097	0.301	9.0	0.0	1.0	1.0
0	0	100	5.0	0.0	10.0	0.0	1.0	1.0
0	0	77	4.0	0.0	10.968	0.18	1.0	1.0
0	0	74	4.0	0.0	11.0	0.0	1.0	1.0
0	0	71	3.581	0.502	11.161	0.374	1.0	1.0
0	0	68	3.065	0.25	11.71	0.461	1.0	1.0
0	0	65	3.0	0.0	12.032	0.18	1.0	1.0
0	0	62	3.0	0.0	12.903	0.539	1.0	1.0
0	0	59	3.0	0.0	13.355	0.486	1.0	1.0
0	0	56	2.935	0.25	14.29	0.739	1.0	1.0
0	0	53	2.258	0.445	16.032	0.948	1.0	1.0
0	0	50	1.839	0.374	17.645	0.985	1.0	1.0
0	0	47	1.0	0.0	22.71	3.268	0.968	1.0
0	0	44	0.2	0.407	27.857	3.388	0.194	0.226
1	0	420	13.387	0.495	9.935	0.25	1.0	1.0
1	0	380	13.0	0.0	9.806	0.402	1.0	1.0
1	0	340	12.0	0.0	9.871	0.341	1.0	1.0
1	0	300	11.0	0.0	9.871	0.341	1.0	1.0
1	0	260	9.968	0.18	9.839	0.374	1.0	1.0
1	0	220	8.258	0.445	9.968	0.18	1.0	1.0
1	0	180	6.968	0.18	10.0	0.0	1.0	1.0
1	0	140	5.0	0.0	10.0	0.0	1.0	1.0
1	0	100	3.226	0.425	10.968	0.18	1.0	1.0
1	0	77	2.032	0.18	12.516	0.508	1.0	1.0
1	0	74	2.0	0.0	13.0	0.258	1.0	1.0
1	0	71	2.0	0.0	13.484	0.508	1.0	1.0
1	0	68	1.935	0.25	14.29	0.529	1.0	1.0
1	0	65	1.935	0.25	15.323	0.832	1.0	1.0
1	0	62	1.517	0.509	16.613	1.022	0.935	1.0
1	0	59	0.733	0.458	19.0	1.641	0.355	0.871
1	0	56	0.0	0.0	nan	nan	0.0	0.0
1	0	53	0.0	0.0	nan	nan	0.0	0.0
1	0	50	0.0	0.0	nan	nan	0.0	0.0
1	0	47	0.0	0.0	nan	nan	0.0	0.0
1	0	44	0.0	0.0	nan	nan	0.0	0.0
2	0	420	16.839	0.374	9.0	0.0	1.0	1.0
2	0	380	15.968	0.18	9.0	0.0	1.0	1.0
2	0	340	15.0	0.0	9.0	0.0	1.0	1.0
2	0	300	14.0	0.0	9.0	0.0	1.0	1.0
2	0	260	12.968	0.18	9.0	0.0	1.0	1.0
2	0	220	11.097	0.301	9.0	0.0	1.0	1.0
2	0	180	9.226	0.425	9.0	0.0	1.0	1.0
2	0	140	7.258	0.445	9.0	0.0	1.0	1.0
2	0	100	5.0	0.0	9.968	0.18	1.0	1.0
2	0	77	4.0	0.0	10.871	0.341	1.0	1.0
2	0	74	4.0	0.0	10.968	0.18	1.0	1.0
2	0	71	3.871	0.341	11.065	0.25	1.0	1.0
2	0	68	3.323	0.475	11.516	0.508	1.0	1.0
2	0	65	3.161	0.374	11.871	0.341	1.0	1.0
2	0	62	3.0	0.0	12.516	0.508	1.0	1.0
2	0	59	3.0	0.0	13.129	0.428	1.0	1.0
2	0	56	2.968	0.18	14.032	0.752	1.0	1.0
2	0	53	2.71	0.461	15.355	0.709	1.0	1.0
2	0	50	2.065	0.574	17.677	2.104	1.0	1.0
2	0	47	1.065	0.359	21.933	2.924	0.968	0.968
2	0	44	0.536	0.508	28.167	4.63	0.484	0.581
3	0	420	14.935	0.25	9.548	0.506	1.0	1.0
3	0	380	14.0	0.0	9.419	0.502	1.0	1.0
3	0	340	13.0	0.0	9.226	0.425	1.0	1.0
3	0	300	12.0	0.0	9.355	0.486	1.0	1.0
3	0	260	10.968	0.18	9.387	0.495	1.0	1.0
3	0	220	9.194	0.402	9.581	0.502	1.0	1.0
3	0	180	7.839	0.374	9.968	0.18	1.0	1.0
3	0	140	6.0	0.0	10.0	0.0	1.0	1.0
3	0	100	4.0	0.0	10.581	0.502	1.0	1.0
3	0	77	2.935	0.25	12.0	0.258	1.0	1.0
3	0	74	2.452	0.506	12.097	0.396	1.0	1.0
3	0	71	2.161	0.374	12.742	0.445	1.0	1.0
3	0	68	2.0	0.0	13.484	0.508	1.0	1.0
3	0	65	2.0	0.0	13.968	0.407	1.0	1.0
3	0	62	2.0	0.0	15.161	0.735	1.0	1.0
3	0	59	2.0	0.0	15.806	0.792	1.0	1.0
3	0	56	1.577	0.578	18.0	1.486	0.806	0.968
3	0	53	0.667	0.485	21.48	2.519	0.387	0.806
3	0	50	0.0	0.0	nan	nan	0.0	0.0
3	0	47	0.0	0.0	nan	nan	0.0	0.0
3	0	44	0.0	0.0	nan	nan	0.0	0.0
4	0	420	14.0	0.0	9.0	0.0	1.0	1.0
4	0	380	13.097	0.301	9.0	0.0	1.0	1.0
4	0	340	12.387	0.495	9.0	0.0	1.0	1.0
4	0	300	11.581	0.502	9.0	0.0	1.0	1.0
4	0	260	10.065	0.25	9.0	0.0	1.0	1.0
4	0	220	9.0	0.0	9.0	0.0	1.0	1.0
4	0	180	7.129	0.341	9.0	0.0	1.0	1.0
4	0	140	5.71	0.461	9.968	0.18	1.0	1.0
4	0	100	3.968	0.18	10.032	0.18	1.0	1.0
4	0	77	2.742	0.445	11.548	0.506	1.0	1.0
4	0	74	2.387	0.495	12.0	0.0	1.0	1.0
4	0	71	2.065	0.25	12.161	0.374	1.0	1.0
4	0	68	2.0	0.0	12.677	0.475	1.0	1.0
4	0	65	2.0	0.0	13.484	0.508	1.0	1.0
4	0	62	2.0	0.0	13.903	0.473	1.0	1.0
4	0	59	1.967	0.183	15.161	1.241	0.968	1.0
4	0	56	1.69	0.471	16.29	1.16	0.935	1.0
4	0	53	1.04	0.735	18.24	2.107	0.613	0.806
4	0	50	0.033	0.183	19.0	1.414	0.032	0.065
4	0	47	0.0	0.0	nan	nan	0.0	0.0
4	0	44	0.0	0.0	nan	nan	0.0	0.0
5	0	420	15.032	0.18	9.0	0.0	1.0	1.0
5	0	380	14.387	0.495	9.0	0.0	1.0	1.0
5	0	340	13.871	0.341	9.0	0.0	1.0	1.0
5	0	300	12.871	0.341	9.0	0.0	1.0	1.0
5	0	260	11.29	0.461	9.0	0.0	1.0	1.0
5	0	220	10.0	0.0	9.0	0.0	1.0	1.0
5	0	180	8.129	0.341	9.0	0.0	1.0	1.0
5	0	140	6.581	0.502	9.968	0.18	1.0	1.0
5	0	100	4.871	0.341	10.0	0.0	1.0	1.0
5	0	77	3.258	0.445	11.645	0.486	1.0	1.0
5	0	74	3.0	0.0	11.968	0.18	1.0	1.0
5	0	71	3.0	0.0	12.129	0.428	1.0	1.0
5	0	68	3.0	0.0	12.839	0.374	1.0	1.0
5	0	65	3.0	0.0	13.29	0.461	1.0	1.0
5	0	62	2.806	0.402	14.0	0.365	1.0	1.0
5	0	59	2.323	0.475	15.065	0.629	1.0	1.0
5	0	56	1.968	0.18	16.484	0.851	1.0	1.0
5	0	53	1.452	0.506	18.71	1.755	1.0	1.0
5	0	50	1.0	0.365	22.172	2.66	0.935	0.935
5	0	47	0.161	0.374	28.4	3.209	0.161	0.161
5	0	44	0.0	0.0	nan	nan	0.0	0.0
6	0	420	15.0	0.0	9.0	0.0	1.0	1.0
6	0	380	14.71	0.461	9.0	0.0	1.0	1.0
6	0	340	13.871	0.341	9.0	0.0	1.0	1.0
6	0	300	12.903	0.301	9.0	0.0	1.0	1.0
6	0	260	11.419	0.502	9.0	0.0	1.0	1.0
6	0	220	10.0	0.0	9.0	0.0	1.0	1.0
6	0	180	8.194	0.402	9.194	0.402	1.0	1.0
6	0	140	6.581	0.502	10.0	0.0	1.0	1.0
6	0	100	4.71	0.461	10.065	0.25	1.0	1.0
6	0	77	3.065	0.25	11.806	0.402	1.0	1.0
6	0	74	3.0	0.0	12.161	0.374	1.0	1.0
6	0	71	3.0	0.0	12.387	0.495	1.0	1.0
6	0	68	2.968	0.18	13.0	0.365	1.0	1.0
6	0	65	2.968	0.18	13.71	0.461	1.0	1.0
6	0	62	2.613	0.495	14.387	0.558	1.0	1.0
6	0	59	2.032	0.18	15.29	0.588	1.0	1.0
6	0	56	1.935	0.25	17.032	1.538	1.0	1.0
6	0	53	1.355	0.486	18.806	1.108	1.0	1.0
6	0	50	1.0	0.0	22.129	1.708	1.0	1.0
6	0	47	0.333	0.479	25.364	1.502	0.323	0.355
6	0	44	0.0	0.0	nan	nan	0.0	0.0
7	0	420	17.0	0.0	9.0	0.0	1.0	1.0
7	0	380	16.065	0.25	9.0	0.0	1.0	1.0
7	0	340	15.194	0.402	9.0	0.0	1.0	1.0
7	0	300	14.0	0.0	9.0	0.0	1.0	1.0
7	0	260	12.935	0.25	9.0	0.0	1.0	1.0
7	0	220	11.065	0.25	9.0	0.0	1.0	1.0
7	0	180	9.0	0.0	9.0	0.0	1.0	1.0
7	0	140	7.097	0.301	9.0	0.0	1.0	1.0
7	0	100	5.032	0.18	10.0	0.0	1.0	1.0
7	0	77	3.903	0.301	10.355	0.486	1.0	1.0
7	0	74	3.677	0.475	10.581	0.502	1.0	1.0
7	0	71	3.194	0.402	10.935	0.25	1.0	1.0
7	0	68	3.032	0.18	11.032	0.18	1.0	1.0
7	0	65	3.0	0.0	11.516	0.508	1.0	1.0
7	0	62	3.0	0.0	11.968	0.18	1.0	1.0
7	0	59	2.71	0.461	12.323	0.475	1.0	1.0
7	0	56	2.29	0.461	12.968	0.605	1.0	1.0
7	0	53	2.097	0.301	13.935	0.68	1.0	1.0
7	0	50	2.0	0.0	14.935	0.964	1.0	1.0
7	0	47	1.871	0.341	16.742	1.413	1.0	1.0
7	0	44	1.154	0.675	19.296	2.053	0.71	0.871
8	0	420	13.065	0.25	9.355	0.486	1.0	1.0
8	0	380	12.548	0.506	9.194	0.402	1.0	1.0
8	0	340	11.968	0.18	9.355	0.486	1.0	1.0
8	0	300	11.0	0.0	9.161	0.374	1.0	1.0
8	0	260	10.0	0.0	9.258	0.445	1.0	1.0
8	0	220	8.968	0.18	9.581	0.502	1.0	1.0
8	0	180	7.677	0.475	9.71	0.461	1.0	1.0
8	0	140	6.0	0.0	10.0	0.0	1.0	1.0
8	0	100	4.194	0.402	10.065	0.25	1.0	1.0
8	0	77	3.065	0.25	11.161	0.374	1.0	1.0
8	0	74	3.032	0.18	11.581	0.502	1.0	1.0
8	0	71	3.032	0.18	12.0	0.0	1.0	1.0
8	0	68	3.0	0.0	12.194	0.402	1.0	1.0
8	0	65	3.0	0.0	12.774	0.425	1.0	1.0
8	0	62	2.968	0.18	13.387	0.558	1.0	1.0
8	0	59	2.581	0.502	13.935	0.359	1.0	1.0
8	0	56	2.065	0.25	14.839	0.523	1.0	1.0
8	0	53	2.0	0.0	15.935	0.892	1.0	1.0
8	0	50	1.613	0.495	17.903	0.944	1.0	1.0
8	0	47	1.0	0.365	21.724	2.328	0.935	0.935
8	0	44	0.2	0.407	25.0	2.0	0.194	0.226
9	0	420	19.968	0.18	9.0	0.0	1.0	1.0
9	0	380	18.968	0.18	9.0	0.0	1.0	1.0
9	0	340	17.935	0.25	9.0	0.0	1.0	1.0
9	0	300	16.323	0.475	9.0	0.0	1.0	1.0
9	0	260	14.935	0.25	9.0	0.0	1.0	1.0
9	0	220	12.871	0.341	9.0	0.0	1.0	1.0
9	0	180	10.71	0.461	9.0	0.0	1.0	1.0
9	0	140	8.032	0.18	9.065	0.25	1.0	1.0
9	0	100	5.71	0.461	10.0	0.0	1.0	1.0
9	0	77	4.0	0.0	11.613	0.495	1.0	1.0
9	0	74	4.0	0.0	11.935	0.359	1.0	1.0
9	0	71	3.71	0.461	12.258	0.445	1.0	1.0
9	0	68	3.355	0.486	12.871	0.341	1.0	1.0
9	0	65	3.0	0.0	13.516	0.508	1.0	1.0
9	0	62	3.0	0.0	14.452	0.675	1.0	1.0
9	0	59	2.968	0.18	15.419	0.886	1.0	1.0
9	0	56	2.355	0.608	17.226	1.117	1.0	1.0
9	0	53	1.129	0.341	20.323	1.99	1.0	1.0
9	0	50	0.903	0.301	26.071	2.61	0.903	0.903
9	0	47	0.067	0.254	31.333	3.512	0.065	0.097
9	0	44	0.0	0.0	nan	nan	0.0	0.0
10	0	420	14.903	0.301	9.0	0.0	1.0	1.0
10	0	380	14.0	0.0	9.0	0.0	1.0	1.0
10	0	340	13.161	0.374	9.0	0.0	1.0	1.0
10	0	300	12.097	0.301	9.0	0.0	1.0	1.0
10	0	260	11.0	0.0	9.0	0.0	1.0	1.0
10	0	220	9.935	0.25	9.0	0.0	1.0	1.0
10	0	180	8.0	0.0	9.0	0.0	1.0	1.0
10	0	140	6.065	0.25	9.355	0.486	1.0	1.0
10	0	100	4.258	0.445	10.032	0.18	1.0	1.0
10	0	77	3.065	0.25	11.419	0.502	1.0	1.0
10	0	74	3.032	0.18	11.871	0.341	1.0	1.0
10	0	71	3.0	0.0	12.258	0.445	1.0	1.0
10	0	68	2.968	0.18	12.774	0.497	1.0	1.0
10	0	65	2.903	0.301	13.226	0.56	1.0	1.0
10	0	62	2.258	0.445	14.258	0.445	1.0	1.0
10	0	59	2.0	0.0	15.452	0.723	1.0	1.0
10	0	56	1.935	0.25	16.968	1.11	1.0	1.0
10	0	53	1.167	0.379	20.548	2.554	0.968	1.0
10	0	50	0.567	0.504	26.444	2.854	0.548	0.581
10	0	47	0.0	0.0	nan	nan	0.0	0.0
10	0	44	0.0	0.0	nan	nan	0.0	0.0
11	0	420	17.032	0.18	8.903	0.301	1.0	1.0
11	0	380	16.419	0.502	8.806	0.402	1.0	1.0
11	0	340	15.516	0.508	8.742	0.445	1.0	1.0
11	0	300	14.129	0.341	8.613	0.495	1.0	1.0
11	0	260	13.0	0.0	8.806	0.402	1.0	1.0
11	0	220	11.032	0.18	8.935	0.25	1.0	1.0
11	0	180	9.0	0.0	9.0	0.0	1.0	1.0
11	0	140	6.968	0.18	9.0	0.0	1.0	1.0
11	0	100	4.871	0.341	9.742	0.445	1.0	1.0
11	0	77	3.129	0.341	10.742	0.445	1.0	1.0
11	0	74	3.032	0.18	11.0	0.0	1.0	1.0
11	0	71	2.968	0.18	11.097	0.396	1.0	1.0
11	0	68	2.806	0.402	11.645	0.486	1.0	1.0
11	0	65	2.516	0.508	12.097	0.396	1.0	1.0
11	0	62	2.065	0.25	12.548	0.506	1.0	1.0
11	0	59	2.097	0.301	13.774	0.617	1.0	1.0
11	0	56	2.0	0.0	14.419	0.765	1.0	1.0
11	0	53	1.839	0.374	16.129	1.056	1.0	1.0
11	0	50	1.231	0.765	18.192	2.209	0.677	0.839
11	0	47	0.071	0.262	22.0	2.828	0.065	0.161
11	0	44	0.0	0.0	nan	nan	0.0	0.0
12	0	420	17.226	0.425	9.032	0.18	1.0	1.0
12	0	380	16.871	0.341	9.0	0.0	1.0	1.0
12	0	340	15.871	0.341	9.0	0.0	1.0	1.0
12	0	300	14.516	0.508	9.0	0.0	1.0	1.0
12	0	260	13.032	0.18	9.0	0.0	1.0	1.0
12	0	220	11.613	0.495	9.032	0.18	1.0	1.0
12	0	180	9.935	0.25	9.419	0.502	1.0	1.0
12	0	140	7.677	0.475	10.0	0.0	1.0	1.0
12	0	100	5.194	0.402	10.0	0.0	1.0	1.0
12	0	77	4.0	0.0	11.581	0.502	1.0	1.0
12	0	74	4.0	0.0	11.968	0.18	1.0	1.0
12	0	71	3.968	0.18	12.065	0.25	1.0	1.0
12	0	68	3.387	0.495	12.645	0.486	1.0	1.0
12	0	65	3.032	0.18	13.258	0.445	1.0	1.0
12	0	62	3.0	0.0	13.935	0.512	1.0	1.0
12	0	59	3.0	0.0	14.677	0.599	1.0	1.0
12	0	56	2.968	0.18	15.968	0.605	1.0	1.0
12	0	53	2.29	0.739	17.677	1.045	1.0	1.0
12	0	50	1.097	0.301	20.774	2.012	1.0	1.0
12	0	47	0.8	0.407	27.16	3.544	0.774	0.806
12	0	44	0.129	0.341	31.5	3.0	0.129	0.129
13	0	420	12.032	0.18	9.0	0.0	1.0	1.0
13	0	380	11.839	0.374	9.0	0.0	1.0	1.0
13	0	340	10.968	0.18	9.0	0.0	1.0	1.0
13	0	300	10.032	0.18	9.0	0.0	1.0	1.0
13	0	260	9.0	0.0	9.0	0.0	1.0	1.0
13	0	220	8.0	0.0	9.0	0.0	1.0	1.0
13	0	180	6.355	0.486	9.097	0.301	1.0	1.0
13	0	140	5.0	0.0	10.0	0.0	1.0	1.0
13	0	100	3.065	0.25	10.516	0.508	1.0	1.0
13	0	77	2.065	0.25	12.226	0.425	1.0	1.0
13	0	74	2.0	0.0	12.806	0.402	1.0	1.0
13	0	71	2.0	0.0	13.258	0.445	1.0	1.0
13	0	68	2.0	0.0	14.032	0.547	1.0	1.0
13	0	65	2.0	0.0	15.484	0.677	1.0	1.0
13	0	62	1.833	0.379	17.032	1.426	0.968	1.0
13	0	59	0.882	0.781	20.04	2.282	0.355	0.806
13	0	56	0.0	0.0	24.5	0.707	0.0	0.065
13	0	53	0.0	0.0	nan	nan	0.0	0.0
13	0	50	0.0	0.0	nan	nan	0.0	0.0
13	0	47	0.0	0.0	nan	nan	0.0	0.0
13	0	44	0.0	0.0	nan	nan	0.0	0.0
14	0	420	16.323	0.475	9.0	0.0	1.0	1.0
14	0	380	15.613	0.495	9.0	0.0	1.0	1.0
14	0	340	14.71	0.461	9.0	0.0	1.0	1.0
14	0	300	13.161	0.374	9.0	0.0	1.0	1.0
14	0	260	12.0	0.0	9.0	0.0	1.0	1.0
14	0	220	10.194	0.402	9.0	0.0	1.0	1.0
14	0	180	8.258	0.445	9.0	0.0	1.0	1.0
14	0	140	6.161	0.374	9.0	0.0	1.0	1.0
14	0	100	4.032	0.18	10.0	0.0	1.0	1.0
14	0	77	2.968	0.18	11.194	0.402	1.0	1.0
14	0	74	2.645	0.486	11.645	0.486	1.0	1.0
14	0	71	2.258	0.445	11.968	0.407	1.0	1.0
14	0	68	2.032	0.18	12.419	0.502	1.0	1.0
14	0	65	2.0	0.0	13.097	0.539	1.0	1.0
14	0	62	1.968	0.18	13.968	0.482	1.0	1.0
14	0	59	1.806	0.402	15.065	0.727	1.0	1.0
14	0	56	1.143	0.591	16.536	0.881	0.806	0.903
14	0	53	0.429	0.573	17.929	1.817	0.355	0.452
14	0	50	0.0	0.0	nan	nan	0.0	0.0
14	0	47	0.0	0.0	nan	nan	0.0	0.0
14	0	44	0.0	0.0	nan	nan	0.0	0.0
15	0	420	13.0	0.0	9.452	0.506	1.0	1.0
15	0	380	12.387	0.495	9.387	0.495	1.0	1.0
15	0	340	11.645	0.486	9.355	0.486	1.0	1.0
15	0	300	10.774	0.425	9.258	0.445	1.0	1.0
15	0	260	9.355	0.486	9.452	0.506	1.0	1.0
15	0	220	8.032	0.18	9.774	0.425	1.0	1.0
15	0	180	6.71	0.461	10.0	0.0	1.0	1.0
15	0	140	4.968	0.18	10.0	0.0	1.0	1.0
15	0	100	3.0	0.0	11.0	0.0	1.0	1.0
15	0	77	2.0	0.0	12.774	0.425	1.0	1.0
15	0	74	2.0	0.0	13.129	0.428	1.0	1.0
15	0	71	2.0	0.0	13.774	0.56	1.0	1.0
15	0	68	1.871	0.341	14.484	0.57	1.0	1.0
15	0	65	1.548	0.506	15.548	0.81	1.0	1.0
15	0	62	1.0	0.289	17.433	1.223	0.774	0.968
15	0	59	0.0	0.0	20.4	2.608	0.0	0.161
15	0	56	0.0	0.0	nan	nan	0.0	0.0
15	0	53	0.0	0.0	nan	nan	0.0	0.0
15	0	50	0.0	0.0	nan	nan	0.0	0.0
15	0	47	0.0	0.0	nan	nan	0.0	0.0
15	0	44	0.0	0.0	nan	nan	0.0	0.0
16	0	420	16.968	0.18	9.0	0.0	1.0	1.0
16	0	380	16.0	0.0	9.0	0.0	1.0	1.0
16	0	340	15.032	0.18	9.0	0.0	1.0	1.0
16	0	300	14.0	0.0	9.0	0.0	1.0	1.0
16	0	260	12.871	0.341	9.0	0.0	1.0	1.0
16	0	220	11.0	0.0	9.0	0.0	1.0	1.0
16	0	180	9.129	0.341	9.0	0.0	1.0	1.0
16	0	140	7.161	0.374	9.097	0.301	1.0	1.0
16	0	100	5.032	0.18	10.0	0.0	1.0	1.0
16	0	77	4.0	0.0	10.968	0.18	1.0	1.0
16	0	74	4.0	0.0	11.032	0.18	1.0	1.0
16	0	71	3.935	0.25	11.774	0.425	1.0	1.0
16	0	68	3.452	0.506	11.871	0.341	1.0	1.0
16	0	65	3.0	0.0	12.226	0.425	1.0	1.0
16	0	62	3.0	0.0	12.871	0.341	1.0	1.0
16	0	59	3.0	0.0	13.516	0.508	1.0	1.0
16	0	56	2.968	0.18	14.226	0.497	1.0	1.0
16	0	53	2.516	0.508	15.806	0.833	1.0	1.0
16	0	50	1.742	0.631	17.839	1.214	1.0	1.0
16	0	47	1.065	0.25	21.065	2.128	1.0	1.0
16	0	44	0.519	0.509	28.944	3.903	0.452	0.581
17	0	420	20.903	0.301	9.0	0.0	1.0	1.0
17	0	380	19.935	0.25	9.0	0.0	1.0	1.0
17	0	340	18.806	0.402	9.0	0.0	1.0	1.0
17	0	300	17.032	0.18	9.0	0.0	1.0	1.0
17	0	260	15.129	0.428	9.0	0.0	1.0	1.0
17	0	220	13.226	0.425	9.0	0.0	1.0	1.0
17	0	180	10.935	0.359	9.0	0.0	1.0	1.0
17	0	140	8.226	0.425	9.0	0.0	1.0	1.0
17	0	100	5.71	0.461	9.935	0.25	1.0	1.0
17	0	77	4.0	0.0	10.71	0.461	1.0	1.0
17	0	74	3.935	0.25	10.903	0.301	1.0	1.0
17	0	71	3.581	0.502	11.032	0.18	1.0	1.0
17	0	68	3.194	0.402	11.29	0.461	1.0	1.0
17	0	65	3.032	0.18	11.968	0.482	1.0	1.0
17	0	62	2.903	0.301	12.258	0.575	1.0	1.0
17	0	59	2.548	0.506	13.065	0.512	1.0	1.0
17	0	56	2.29	0.461	13.935	0.68	1.0	1.0
17	0	53	2.032	0.18	14.871	0.67	1.0	1.0
17	0	50	1.929	0.262	17.097	1.814	0.903	1.0
17	0	47	1.269	0.604	19.69	2.48	0.774	0.935
17	0	44	0.231	0.514	23.1	2.998	0.161	0.323
18	0	420	14.258	0.445	9.0	0.0	1.0	1.0
18	0	380	13.871	0.341	9.0	0.0	1.0	1.0
18	0	340	13.0	0.0	9.0	0.0	1.0	1.0
18	0	300	11.968	0.18	9.0	0.0	1.0	1.0
18	0	260	10.774	0.425	9.0	0.0	1.0	1.0
18	0	220	9.065	0.25	9.0	0.0	1.0	1.0
18	0	180	7.548	0.506	9.0	0.0	1.0	1.0
18	0	140	6.0	0.0	9.065	0.25	1.0	1.0
18	0	100	4.0	0.0	10.0	0.0	1.0	1.0
18	0	77	2.968	0.18	11.0	0.0	1.0	1.0
18	0	74	2.806	0.402	11.065	0.25	1.0	1.0
18	0	71	2.226	0.425	11.613	0.495	1.0	1.0
18	0	68	2.065	0.25	12.161	0.374	1.0	1.0
18	0	65	2.032	0.18	12.516	0.508	1.0	1.0
18	0	62	2.0	0.0	13.032	0.407	1.0	1.0
18	0	59	1.968	0.18	14.0	0.683	1.0	1.0
18	0	56	1.774	0.425	14.871	0.846	1.0	1.0
18	0	53	1.414	0.501	16.548	1.028	0.935	1.0
18	0	50	0.259	0.447	17.909	1.446	0.226	0.355
18	0	47	0.0	0.0	nan	nan	0.0	0.0
18	0	44	0.0	0.0	nan	nan	0.0	0.0
19	0	420	23.839	0.374	9.0	0.0	1.0	1.0
19	0	380	22.935	0.25	9.0	0.0	1.0	1.0
19	0	340	21.613	0.495	9.0	0.0	1.0	1.0
19	0	300	20.065	0.359	9.0	0.0	1.0	1.0
19	0	260	17.968	0.18	9.0	0.0	1.0	1.0
19	0	220	15.968	0.18	9.0	0.0	1.0	1.0
19	0	180	13.258	0.445	9.0	0.0	1.0	1.0
19	0	140	10.71	0.461	9.0	0.0	1.0	1.0
19	0	100	7.645	0.486	10.0	0.0	1.0	1.0
19	0	77	5.935	0.25	10.806	0.402	1.0	1.0
19	0	74	5.387	0.495	11.0	0.0	1.0	1.0
19	0	71	5.065	0.25	11.0	0.0	1.0	1.0
19	0	68	5.0	0.0	11.194	0.402	1.0	1.0
19	0	65	4.935	0.25	11.806	0.477	1.0	1.0
19	0	62	4.548	0.506	12.097	0.396	1.0	1.0
19	0	59	4.065	0.25	12.871	0.341	1.0	1.0
19	0	56	4.0	0.0	13.516	0.57	1.0	1.0
19	0	53	3.968	0.18	14.323	0.541	1.0	1.0
19	0	50	3.548	0.506	15.355	0.661	1.0	1.0
19	0	47	3.0	0.365	16.968	1.08	1.0	1.0
19	0	44	2.129	0.341	19.839	1.695	1.0	1.0
20	0	420	16.0	0.0	9.0	0.0	1.0	1.0
20	0	380	15.065	0.25	9.0	0.0	1.0	1.0
20	0	340	14.355	0.486	9.0	0.0	1.0	1.0
20	0	300	13.226	0.425	9.0	0.0	1.0	1.0
20	0	260	12.0	0.0	9.0	0.0	1.0	1.0
20	0	220	10.71	0.461	9.0	0.0	1.0	1.0
20	0	180	9.0	0.0	9.0	0.0	1.0	1.0
20	0	140	7.0	0.0	9.0	0.0	1.0	1.0
20	0	100	5.0	0.0	9.968	0.18	1.0	1.0
20	0	77	4.0	0.0	10.935	0.25	1.0	1.0
20	0	74	3.968	0.18	11.0	0.0	1.0	1.0
20	0	71	3.645	0.486	11.0	0.258	1.0	1.0
20	0	68	3.387	0.495	11.484	0.57	1.0	1.0
20	0	65	3.032	0.18	11.935	0.442	1.0	1.0
20	0	62	3.0	0.0	12.419	0.502	1.0	1.0
20	0	59	3.0	0.0	13.097	0.473	1.0	1.0
20	0	56	3.0	0.0	14.032	0.547	1.0	1.0
20	0	53	2.71	0.461	15.032	0.657	1.0	1.0
20	0	50	2.097	0.473	16.677	1.077	1.0	1.0
20	0	47	1.323	0.475	19.839	3.426	1.0	1.0
20	0	44	0.464	0.508	27.812	5.516	0.419	0.516
21	0	420	16.323	0.475	9.0	0.0	1.0	1.0
21	0	380	15.774	0.425	9.0	0.0	1.0	1.0
21	0	340	14.742	0.445	9.0	0.0	1.0	1.0
21	0	300	13.161	0.374	9.0	0.0	1.0	1.0
21	0	260	12.0	0.258	9.0	0.0	1.0	1.0
21	0	220	10.0	0.0	9.0	0.0	1.0	1.0
21	0	180	8.065	0.25	9.0	0.0	1.0	1.0
21	0	140	6.032	0.18	9.0	0.0	1.0	1.0
21	0	100	4.0	0.0	10.0	0.0	1.0	1.0
21	0	77	2.839	0.374	11.258	0.445	1.0	1.0
21	0	74	2.323	0.475	11.903	0.301	1.0	1.0
21	0	71	2.161	0.374	12.161	0.374	1.0	1.0
21	0	68	2.0	0.0	12.903	0.651	1.0	1.0
21	0	65	2.0	0.0	13.71	0.693	1.0	1.0
21	0	62	1.968	0.18	14.581	0.765	1.0	1.0
21	0	59	1.613	0.495	16.0	0.816	1.0	1.0
21	0	56	0.72	0.737	18.45	2.645	0.452	0.645
21	0	53	0.0	0.0	21.0	0.0	0.0	0.032
21	0	50	0.0	0.0	nan	nan	0.0	0.0
21	0	47	0.0	0.0	nan	nan	0.0	0.0
21	0	44	0.0	0.0	nan	nan	0.0	0.0
22	0	420	22.645	0.486	9.0	0.0	1.0	1.0
22	0	380	21.742	0.445	9.0	0.0	1.0	1.0
22	0	340	20.387	0.495	9.0	0.0	1.0	1.0
22	0	300	19.0	0.0	9.0	0.0	1.0	1.0
22	0	260	17.0	0.258	9.0	0.0	1.0	1.0
22	0	220	14.935	0.25	9.0	0.0	1.0	1.0
22	0	180	12.29	0.461	9.0	0.0	1.0	1.0
22	0	140	9.935	0.25	9.0	0.0	1.0	1.0
22	0	100	7.032	0.18	9.903	0.301	1.0	1.0
22	0	77	5.032	0.18	10.613	0.495	1.0	1.0
22	0	74	5.0	0.0	10.903	0.301	1.0	1.0
22	0	71	4.839	0.374	11.0	0.258	1.0	1.0
22	0	68	4.258	0.445	11.387	0.495	1.0	1.0
22	0	65	4.032	0.18	11.871	0.341	1.0	1.0
22	0	62	3.935	0.25	12.258	0.445	1.0	1.0
22	0	59	3.871	0.341	12.935	0.68	1.0	1.0
22	0	56	3.548	0.506	13.581	0.72	1.0	1.0
22	0	53	3.097	0.301	15.129	0.806	1.0	1.0
22	0	50	2.935	0.25	16.194	1.108	1.0	1.0
22	0	47	2.484	0.57	18.355	2.009	1.0	1.0
22	0	44	1.355	0.486	22.484	1.947	1.0	1.0
23	0	420	17.581	0.502	9.0	0.0	1.0	1.0
23	0	380	16.903	0.301	9.0	0.0	1.0	1.0
23	0	340	15.968	0.18	9.0	0.0	1.0	1.0
23	0	300	14.903	0.301	9.0	0.0	1.0	1.0
23	0	260	13.097	0.301	9.0	0.0	1.0	1.0
23	0	220	11.645	0.486	9.0	0.0	1.0	1.0
23	0	180	9.935	0.25	9.0	0.0	1.0	1.0
23	0	140	7.871	0.341	9.0	0.0	1.0	1.0
23	0	100	5.065	0.359	9.968	0.18	1.0	1.0
23	0	77	4.0	0.0	11.032	0.18	1.0	1.0
23	0	74	3.968	0.18	11.29	0.461	1.0	1.0
23	0	71	3.419	0.502	11.774	0.425	1.0	1.0
23	0	68	3.032	0.18	12.032	0.315	1.0	1.0
23	0	65	3.032	0.18	12.677	0.475	1.0	1.0
23	0	62	3.0	0.0	13.355	0.661	1.0	1.0
23	0	59	2.935	0.25	14.29	0.588	1.0	1.0
23	0	56	2.677	0.475	15.548	0.81	1.0	1.0
23	0	53	2.0	0.516	17.161	1.098	1.0	1.0
23	0	50	1.226	0.425	20.0	1.949	1.0	1.0
23	0	47	0.645	0.486	24.2	2.167	0.645	0.645
23	0	44	0.032	0.18	26.0	0.0	0.032	0.032
24	0	420	17.0	0.0	9.419	0.502	1.0	1.0
24	0	380	15.968	0.18	9.452	0.506	1.0	1.0
24	0	340	15.065	0.25	9.194	0.402	1.0	1.0
24	0	300	13.968	0.18	9.161	0.374	1.0	1.0
24	0	260	12.194	0.402	9.226	0.425	1.0	1.0
24	0	220	10.71	0.461	9.742	0.445	1.0	1.0
24	0	180	8.71	0.461	9.935	0.25	1.0	1.0
24	0	140	6.613	0.495	10.0	0.0	1.0	1.0
24	0	100	4.129	0.341	10.581	0.502	1.0	1.0
24	0	77	2.968	0.18	12.032	0.18	1.0	1.0
24	0	74	2.935	0.25	12.161	0.374	1.0	1.0
24	0	71	2.516	0.508	12.806	0.477	1.0	1.0
24	0	68	2.258	0.445	13.226	0.425	1.0	1.0
24	0	65	2.032	0.18	13.742	0.514	1.0	1.0
24	0	62	2.0	0.0	14.71	0.693	1.0	1.0
24	0	59	1.903	0.301	16.129	0.885	1.0	1.0
24	0	56	1.4	0.707	18.179	1.362	0.71	0.903
24	0	53	0.179	0.476	20.0	2.582	0.129	0.226
24	0	50	0.0	0.0	nan	nan	0.0	0.0
24	0	47	0.0	0.0	nan	nan	0.0	0.0
24	0	44	0.0	0.0	nan	nan	0.0	0.0
25	0	420	22.71	0.461	8.0	0.0	1.0	1.0
25	0	380	21.806	0.402	8.0	0.0	1.0	1.0
25	0	340	20.613	0.495	8.0	0.0	1.0	1.0
25	0	300	19.0	0.258	8.0	0.0	1.0	1.0
25	0	260	17.194	0.402	8.0	0.0	1.0	1.0
25	0	220	15.065	0.359	8.0	0.0	1.0	1.0
25	0	180	12.806	0.402	8.0	0.0	1.0	1.0
25	0	140	9.968	0.18	8.613	0.495	1.0	1.0
25	0	100	7.29	0.461	9.0	0.0	1.0	1.0
25	0	77	5.516	0.508	9.968	0.18	1.0	1.0
25	0	74	5.258	0.445	10.0	0.0	1.0	1.0
25	0	71	5.032	0.18	10.0	0.0	1.0	1.0
25	0	68	5.0	0.0	10.065	0.25	1.0	1.0
25	0	65	4.71	0.461	10.581	0.502	1.0	1.0
25	0	62	4.29	0.461	10.968	0.315	1.0	1.0
25	0	59	4.0	0.0	11.29	0.461	1.0	1.0
25	0	56	3.968	0.18	11.968	0.18	1.0	1.0
25	0	53	3.806	0.402	12.645	0.798	1.0	1.0
25	0	50	3.258	0.445	13.613	1.022	1.0	1.0
25	0	47	3.0	0.0	14.645	0.839	1.0	1.0
25	0	44	2.839	0.374	16.419	1.336	1.0	1.0
26	0	420	18.0	0.0	9.0	0.0	1.0	1.0
26	0	380	17.0	0.0	9.0	0.0	1.0	1.0
26	0	340	16.0	0.0	9.0	0.0	1.0	1.0
26	0	300	14.968	0.18	9.0	0.0	1.0	1.0
26	0	260	13.097	0.301	9.0	0.0	1.0	1.0
26	0	220	11.742	0.445	9.0	0.0	1.0	1.0
26	0	180	9.968	0.18	9.0	0.0	1.0	1.0
26	0	140	7.774	0.425	9.065	0.25	1.0	1.0
26	0	100	5.323	0.475	10.0	0.0	1.0	1.0
26	0	77	4.0	0.0	11.032	0.18	1.0	1.0
26	0	74	4.0	0.0	11.29	0.461	1.0	1.0
26	0	71	3.903	0.301	11.871	0.341	1.0	1.0
26	0	68	3.226	0.425	12.097	0.301	1.0	1.0
26	0	65	3.065	0.25	12.742	0.445	1.0	1.0
26	0	62	2.968	0.18	13.258	0.445	1.0	1.0
26	0	59	3.0	0.0	14.129	0.499	1.0	1.0
26	0	56	2.903	0.301	15.226	1.564	1.0	1.0
26	0	53	2.387	0.615	16.935	0.892	1.0	1.0
26	0	50	1.323	0.475	19.355	1.624	1.0	1.0
26	0	47	1.0	0.0	23.161	2.505	1.0	1.0
26	0	44	0.233	0.43	29.375	3.543	0.226	0.258
27	0	420	14.0	0.0	9.0	0.0	1.0	1.0
27	0	380	13.194	0.402	9.0	0.0	1.0	1.0
27	0	340	12.355	0.486	9.0	0.0	1.0	1.0
27	0	300	11.065	0.25	9.0	0.0	1.0	1.0
27	0	260	10.0	0.0	9.0	0.0	1.0	1.0
27	0	220	8.806	0.402	9.0	0.0	1.0	1.0
27	0	180	7.0	0.0	9.0	0.0	1.0	1.0
27	0	140	5.032	0.18	9.419	0.502	1.0	1.0
27	0	100	3.032	0.18	10.0	0.0	1.0	1.0
27	0	77	2.0	0.0	11.935	0.25	1.0	1.0
27	0	74	1.968	0.18	12.226	0.425	1.0	1.0
27	0	71	2.0	0.0	13.032	0.605	1.0	1.0
27	0	68	1.806	0.402	13.742	1.154	1.0	1.0
27	0	65	1.387	0.495	14.452	0.675	1.0	1.0
27	0	62	0.929	0.262	16.345	1.261	0.839	0.935
27	0	59	0.1	0.305	17.75	0.957	0.097	0.129
27	0	56	0.0	0.0	nan	nan	0.0	0.0
27	0	53	0.0	0.0	nan	nan	0.0	0.0
27	0	50	0.0	0.0	nan	nan	0.0	0.0
27	0	47	0.0	0.0	nan	nan	0.0	0.0
27	0	44	0.0	0.0	nan	nan	0.0	0.0
28	0	420	17.581	0.502	9.0	0.0	1.0	1.0
28	0	380	16.903	0.301	9.0	0.0	1.0	1.0
28	0	340	15.742	0.445	9.0	0.0	1.0	1.0
28	0	300	14.161	0.374	9.0	0.0	1.0	1.0
28	0	260	12.871	0.341	9.0	0.0	1.0	1.0
28	0	220	11.0	0.0	9.0	0.0	1.0	1.0
28	0	180	9.0	0.0	9.0	0.0	1.0	1.0
28	0	140	6.839	0.374	9.645	0.486	1.0	1.0
28	0	100	4.548	0.506	10.0	0.0	1.0	1.0
28	0	77	3.032	0.18	11.645	0.486	1.0	1.0
28	0	74	2.935	0.25	12.129	0.341	1.0	1.0
28	0	71	2.742	0.445	12.258	0.514	1.0	1.0
28	0	68	2.387	0.495	12.968	0.547	1.0	1.0
28	0	65	2.129	0.341	13.323	0.541	1.0	1.0
28	0	62	2.032	0.18	14.161	0.735	1.0	1.0
28	0	59	1.968	0.18	15.548	1.091	1.0	1.0
28	0	56	1.767	0.504	16.933	1.112	0.935	0.968
28	0	53	0.625	0.647	20.15	2.796	0.419	0.645
28	0	50	0.0	0.0	24.0	0.0	0.0	0.032
28	0	47	0.032	0.18	18.0	0.0	0.032	0.032
28	0	44	0.0	0.0	nan	nan	0.0	0.0
29	0	420	15.0	0.0	9.903	0.301	1.0	1.0
29	0	380	14.484	0.508	9.839	0.374	1.0	1.0
29	0	340	13.677	0.475	9.677	0.475	1.0	1.0
29	0	300	12.161	0.374	9.742	0.445	1.0	1.0
29	0	260	11.0	0.0	9.774	0.425	1.0	1.0
29	0	220	9.452	0.506	10.0	0.0	1.0	1.0
29	0	180	7.71	0.461	10.0	0.0	1.0	1.0
29	0	140	5.935	0.25	10.0	0.0	1.0	1.0
29	0	100	3.806	0.402	11.0	0.0	1.0	1.0
29	0	77	2.065	0.25	12.871	0.428	1.0	1.0
29	0	74	2.0	0.0	13.226	0.425	1.0	1.0
29	0	71	2.0	0.0	14.0	0.516	1.0	1.0
29	0	68	1.968	0.18	14.774	0.617	1.0	1.0
29	0	65	1.774	0.425	16.129	0.991	1.0	1.0
29	0	62	1.174	0.65	18.25	1.858	0.645	0.903
29	0	59	0.15	0.489	20.769	2.048	0.065	0.419
29	0	56	0.0	0.0	nan	nan	0.0	0.0
29	0	53	0.0	0.0	nan	nan	0.0	0.0
29	0	50	0.0	0.0	nan	nan	0.0	0.0
29	0	47	0.0	0.0	nan	nan	0.0	0.0
29	0	44	0.0	0.0	nan	nan	0.0	0.0
30	0	420	16.839	0.374	9.0	0.0	1.0	1.0
30	0	380	16.0	0.0	9.0	0.0	1.0	1.0
30	0	340	14.903	0.301	9.0	0.0	1.0	1.0
30	0	300	13.613	0.495	9.0	0.0	1.0	1.0
30	0	260	12.0	0.0	9.0	0.0	1.0	1.0
30	0	220	10.194	0.402	9.0	0.0	1.0	1.0
30	0	180	8.419	0.502	9.0	0.0	1.0	1.0
30	0	140	6.29	0.461	9.0	0.0	1.0	1.0
30	0	100	4.032	0.18	10.0	0.0	1.0	1.0
30	0	77	3.0	0.0	11.0	0.0	1.0	1.0
30	0	74	2.935	0.25	11.258	0.514	1.0	1.0
30	0	71	2.452	0.506	11.774	0.497	1.0	1.0
30	0	68	2.194	0.402	12.194	0.477	1.0	1.0
30	0	65	2.032	0.18	12.871	0.619	1.0	1.0
30	0	62	2.0	0.0	13.742	0.575	1.0	1.0
30	0	59	1.903	0.301	14.581	0.886	1.0	1.0
30	0	56	1.71	0.529	16.0	0.947	0.968	0.968
30	0	53	1.037	0.854	18.045	1.914	0.581	0.71
30	0	50	0.0	0.0	nan	nan	0.0	0.0
30	0	47	0.0	0.0	nan	nan	0.0	0.0
30	0	44	0.0	0.0	nan	nan	0.0	0.0
31	0	420	9.065	0.25	9.0	0.0	1.0	1.0
31	0	380	9.0	0.0	9.0	0.0	1.0	1.0
31	0	340	8.097	0.301	9.0	0.0	1.0	1.0
31	0	300	7.968	0.18	9.0	0.0	1.0	1.0
31	0	260	7.0	0.0	9.0	0.0	1.0	1.0
31	0	220	6.0	0.0	9.0	0.0	1.0	1.0
31	0	180	5.0	0.0	9.0	0.0	1.0	1.0
31	0	140	3.71	0.461	9.0	0.0	1.0	1.0
31	0	100	2.0	0.0	10.0	0.0	1.0	1.0
31	0	77	1.484	0.508	12.258	0.514	1.0	1.0
31	0	74	1.097	0.301	12.968	0.547	1.0	1.0
31	0	71	1.0	0.0	13.774	0.669	1.0	1.0
31	0	68	1.0	0.0	15.452	0.888	1.0	1.0
31	0	65	0.864	0.351	17.786	1.707	0.613	0.903
31	0	62	0.0	0.0	nan	nan	0.0	0.0
31	0	59	0.0	0.0	nan	nan	0.0	0.0
31	0	56	0.0	0.0	nan	nan	0.0	0.0
31	0	53	0.0	0.0	nan	nan	0.0	0.0
31	0	50	0.0	0.0	nan	nan	0.0	0.0
31	0	47	0.0	0.0	nan	nan	0.0	0.0
31	0	44	0.0	0.0	nan	nan	0.0	0.0
0	1	420	18.645	0.486	10.0	0.0	1.0	1.0
0	1	380	17.484	0.508	10.0	0.0	1.0	1.0
0	1	340	16.194	0.402	10.0	0.0	1.0	1.0
0	1	300	14.968	0.18	10.0	0.0	1.0	1.0
0	1	260	13.065	0.25	10.0	0.0	1.0	1.0
0	1	220	11.0	0.0	10.0	0.0	1.0	1.0
0	1	180	8.968	0.18	10.0	0.0	1.0	1.0
0	1	140	6.677	0.475	10.0	0.0	1.0	1.0
0	1	100	4.032	0.18	11.032	0.18	1.0	1.0
0	1	77	2.613	0.495	13.226	0.425	1.0	1.0
0	1	74	2.258	0.445	13.677	0.541	1.0	1.0
0	1	71	2.032	0.18	14.419	0.502	1.0	1.0
0	1	68	2.0	0.0	15.323	0.702	1.0	1.0
0	1	65	2.0	0.0	16.581	0.765	0.968	1.0
0	1	62	1.381	0.74	19.107	2.25	0.581	0.903
0	1	59	0.048	0.218	22.0	3.0	0.032	0.355
0	1	56	0.0	0.0	nan	nan	0.0	0.0
0	1	53	0.0	0.0	nan	nan	0.0	0.0
0	1	50	0.0	0.0	nan	nan	0.0	0.0
0	1	47	0.0	0.0	nan	nan	0.0	0.0
0	1	44	0.0	0.0	nan	nan	0.0	0.0
1	1	420	19.032	0.18	9.0	0.0	1.0	1.0
1	1	380	18.032	0.18	9.0	0.0	1.0	1.0
1	1	340	16.935	0.25	9.0	0.0	1.0	1.0
1	1	300	15.774	0.425	9.0	0.0	1.0	1.0
1	1	260	14.0	0.0	9.0	0.0	1.0	1.0
1	1	220	12.0	0.0	9.0	0.0	1.0	1.0
1	1	180	9.935	0.25	9.0	0.0	1.0	1.0
1	1	140	7.839	0.374	9.935	0.25	1.0	1.0
1	1	100	5.065	0.25	10.032	0.18	1.0	1.0
1	1	77	4.0	0.0	11.484	0.508	1.0	1.0
1	1	74	3.677	0.475	11.968	0.315	1.0	1.0
1	1	71	3.226	0.425	12.323	0.475	1.0	1.0
1	1	68	3.032	0.18	12.871	0.341	1.0	1.0
1	1	65	3.0	0.0	13.29	0.529	1.0	1.0
1	1	62	3.0	0.0	13.968	0.407	1.0	1.0
1	1	59	2.677	0.475	15.226	0.762	1.0	1.0
1	1	56	2.258	0.514	16.613	0.882	1.0	1.0
1	1	53	1.484	0.508	18.548	1.859	1.0	1.0
1	1	50	0.867	0.346	24.37	3.865	0.839	0.871
1	1	47	0.1	0.305	30.0	3.742	0.097	0.129
1	1	44	0.0	0.0	nan	nan	0.0	0.0
2	1	420	15.419	0.502	9.0	0.0	1.0	1.0
2	1	380	14.935	0.25	9.0	0.0	1.0	1.0
2	1	340	14.0	0.0	9.0	0.0	1.0	1.0
2	1	300	12.935	0.25	9.0	0.0	1.0	1.0
2	1	260	11.323	0.475	9.0	0.0	1.0	1.0
2	1	220	9.935	0.25	9.0	0.0	1.0	1.0
2	1	180	8.0	0.0	9.0	0.0	1.0	1.0
2	1	140	6.161	0.374	9.0	0.0	1.0	1.0
2	1	100	4.097	0.301	10.0	0.0	1.0	1.0
2	1	77	3.065	0.25	11.129	0.428	1.0	1.0
2	1	74	3.0	0.0	11.871	0.341	1.0	1.0
2	1	71	3.0	0.0	12.129	0.341	1.0	1.0
2	1	68	3.0	0.0	12.71	0.461	1.0	1.0
2	1	65	2.581	0.502	13.484	0.508	1.0	1.0
2	1	62	2.097	0.301	14.226	0.617	1.0	1.0
2	1	59	2.032	0.18	15.677	0.791	1.0	1.0
2	1	56	1.742	0.445	17.323	1.72	1.0	1.0
2	1	53	0.968	0.18	22.9	2.454	0.968	0.968
2	1	50	0.032	0.18	25.0	0.0	0.032	0.032
2	1	47	0.0	0.0	nan	nan	0.0	0.0
2	1	44	0.0	0.0	nan	nan	0.0	0.0
3	1	420	18.0	0.0	10.0	0.0	1.0	1.0
3	1	380	17.065	0.25	10.0	0.0	1.0	1.0
3	1	340	16.065	0.25	10.0	0.0	1.0	1.0
3	1	300	14.903	0.301	10.0	0.0	1.0	1.0
3	1	260	13.0	0.0	10.0	0.0	1.0	1.0
3	1	220	11.323	0.475	10.0	0.0	1.0	1.0
3	1	180	9.194	0.402	10.0	0.0	1.0	1.0
3	1	140	7.097	0.301	10.0	0.0	1.0	1.0
3	1	100	5.0	0.0	11.0	0.0	1.0	1.0
3	1	77	3.484	0.508	12.032	0.18	1.0	1.0
3	1	74	3.161	0.374	12.452	0.506	1.0	1.0
3	1	71	3.0	0.0	13.032	0.18	1.0	1.0
3	1	68	3.0	0.0	13.226	0.425	1.0	1.0
3	1	65	3.0	0.0	13.935	0.442	1.0	1.0
3	1	62	2.645	0.486	14.71	0.529	1.0	1.0
3	1	59	2.29	0.461	15.806	0.749	1.0	1.0
3	1	56	1.677	0.475	17.935	1.769	1.0	1.0
3	1	53	1.129	0.341	20.742	2.435	1.0	1.0
3	1	50	0.643	0.488	25.19	2.4	0.581	0.677
3	1	47	0.0	0.0	nan	nan	0.0	0.0
3	1	44	0.0	0.0	nan	nan	0.0	0.0
4	1	420	22.032	0.18	9.0	0.0	1.0	1.0
4	1	380	21.065	0.359	9.0	0.0	1.0	1.0
4	1	340	19.839	0.374	9.0	0.0	1.0	1.0
4	1	300	18.161	0.374	9.0	0.0	1.0	1.0
4	1	260	16.452	0.506	9.0	0.0	1.0	1.0
4	1	220	14.161	0.374	9.0	0.0	1.0	1.0
4	1	180	11.935	0.25	9.0	0.0	1.0	1.0
4	1	140	9.097	0.396	9.032	0.18	1.0	1.0
4	1	100	6.419	0.502	10.0	0.0	1.0	1.0
4	1	77	5.0	0.0	11.0	0.0	1.0	1.0
4	1	74	4.871	0.341	11.032	0.18	1.0	1.0
4	1	71	4.161	0.374	11.419	0.502	1.0	1.0
4	1	68	4.097	0.301	11.839	0.374	1.0	1.0
4	1	65	4.0	0.0	12.29	0.461	1.0	1.0
4	1	62	3.935	0.25	12.935	0.25	1.0	1.0
4	1	59	3.677	0.475	13.419	0.564	1.0	1.0
4	1	56	3.129	0.341	14.484	0.626	1.0	1.0
4	1	53	3.0	0.0	15.71	0.693	1.0	1.0
4	1	50	2.806	0.402	17.226	0.805	1.0	1.0
4	1	47	2.0	0.577	20.129	1.875	1.0	1.0
4	1	44	1.2	0.407	26.903	3.807	0.968	1.0
5	1	420	14.0	0.0	9.0	0.0	1.0	1.0
5	1	380	13.032	0.18	9.0	0.0	1.0	1.0
5	1	340	12.0	0.0	9.0	0.0	1.0	1.0
5	1	300	11.0	0.0	9.0	0.0	1.0	1.0
5	1	260	9.774	0.425	9.0	0.0	1.0	1.0
5	1	220	8.0	0.0	9.0	0.0	1.0	1.0
5	1	180	6.323	0.475	9.0	0.0	1.0	1.0
5	1	140	4.935	0.25	10.0	0.0	1.0	1.0
5	1	100	3.0	0.0	10.581	0.502	1.0	1.0
5	1	77	2.0	0.0	12.839	0.374	1.0	1.0
5	1	74	1.903	0.301	13.484	0.677	1.0	1.0
5	1	71	1.258	0.445	14.032	0.482	1.0	1.0
5	1	68	1.065	0.25	15.516	0.89	1.0	1.0
5	1	65	0.654	0.485	17.273	1.12	0.548	0.71
5	1	62	0.0	0.0	nan	nan	0.0	0.0
5	1	59	0.0	0.0	nan	nan	0.0	0.0
5	1	56	0.0	0.0	nan	nan	0.0	0.0
5	1	53	0.0	0.0	nan	nan	0.0	0.0
5	1	50	0.0	0.0	nan	nan	0.0	0.0
5	1	47	0.0	0.0	nan	nan	0.0	0.0
5	1	44	0.0	0.0	nan	nan	0.0	0.0
6	1	420	16.419	0.502	9.0	0.0	1.0	1.0
6	1	380	15.871	0.341	9.0	0.0	1.0	1.0
6	1	340	14.871	0.341	9.0	0.0	1.0	1.0
6	1	300	13.742	0.445	9.0	0.0	1.0	1.0
6	1	260	12.0	0.0	9.0	0.0	1.0	1.0
6	1	220	10.613	0.495	9.0	0.0	1.0	1.0
6	1	180	8.935	0.25	9.0	0.0	1.0	1.0
6	1	140	6.968	0.18	9.29	0.461	1.0	1.0
6	1	100	4.871	0.341	10.0	0.0	1.0	1.0
6	1	77	3.032	0.18	11.806	0.402	1.0	1.0
6	1	74	3.0	0.0	12.032	0.18	1.0	1.0
6	1	71	3.0	0.0	12.548	0.506	1.0	1.0
6	1	68	3.0	0.0	13.065	0.25	1.0	1.0
6	1	65	2.935	0.25	13.742	0.514	1.0	1.0
6	1	62	2.419	0.502	14.806	0.402	1.0	1.0
6	1	59	2.0	0.0	16.194	0.833	1.0	1.0
6	1	56	1.613	0.495	18.065	1.504	1.0	1.0
6	1	53	1.065	0.25	22.645	2.665	1.0	1.0
6	1	50	0.032	0.18	26.0	0.0	0.032	0.032
6	1	47	0.0	0.0	nan	nan	0.0	0.0
6	1	44	0.0	0.0	nan	nan	0.0	0.0
7	1	420	21.871	0.428	9.0	0.0	1.0	1.0
7	1	380	20.742	0.445	9.0	0.0	1.0	1.0
7	1	340	19.097	0.301	9.0	0.0	1.0	1.0
7	1	300	17.871	0.341	9.0	0.0	1.0	1.0
7	1	260	15.677	0.475	9.0	0.0	1.0	1.0
7	1	220	13.419	0.502	9.0	0.0	1.0	1.0
7	1	180	10.935	0.25	9.0	0.0	1.0	1.0
7	1	140	8.129	0.341	9.0	0.0	1.0	1.0
7	1	100	5.71	0.461	9.968	0.18	1.0	1.0
7	1	77	4.0	0.0	10.806	0.402	1.0	1.0
7	1	74	3.839	0.374	10.968	0.18	1.0	1.0
7	1	71	3.29	0.461	11.129	0.341	1.0	1.0
7	1	68	3.032	0.18	11.548	0.506	1.0	1.0
7	1	65	3.0	0.0	12.065	0.359	1.0	1.0
7	1	62	2.871	0.341	12.419	0.502	1.0	1.0
7	1	59	2.516	0.508	13.097	0.651	1.0	1.0
7	1	56	2.194	0.402	13.71	0.643	1.0	1.0
7	1	53	2.032	0.18	15.387	0.844	1.0	1.0
7	1	50	1.821	0.39	17.161	1.951	0.903	1.0
7	1	47	0.417	0.584	20.5	2.366	0.29	0.516
7	1	44	0.0	0.0	nan	nan	0.0	0.0
8	1	420	27.032	0.547	9.0	0.0	1.0	1.0
8	1	380	25.774	0.425	9.0	0.0	1.0	1.0
8	1	340	23.903	0.396	9.0	0.0	1.0	1.0
8	1	300	21.806	0.402	9.0	0.0	1.0	1.0
8	1	260	19.419	0.502	9.0	0.0	1.0	1.0
8	1	220	16.548	0.568	9.0	0.0	1.0	1.0
8	1	180	13.419	0.564	9.0	0.0	1.0	1.0
8	1	140	10.129	0.428	9.968	0.18	1.0	1.0
8	1	100	6.677	0.475	10.065	0.25	1.0	1.0
8	1	77	4.774	0.425	12.032	0.18	1.0	1.0
8	1	74	4.323	0.475	12.387	0.495	1.0	1.0
8	1	71	3.968	0.18	12.806	0.601	1.0	1.0
8	1	68	3.839	0.374	13.484	0.57	1.0	1.0
8	1	65	3.484	0.508	14.258	0.815	1.0	1.0
8	1	62	3.032	0.18	15.387	0.919	1.0	1.0
8	1	59	2.839	0.374	16.71	0.902	1.0	1.0
8	1	56	1.903	0.7	19.2	1.827	0.968	0.968
8	1	53	1.484	0.724	21.7	2.575	0.968	0.968
8	1	50	0.533	0.507	25.706	2.867	0.516	0.548
8	1	47	0.0	0.0	nan	nan	0.0	0.0
8	1	44	0.0	0.0	nan	nan	0.0	0.0
9	1	420	13.0	0.0	9.0	0.0	1.0	1.0
9	1	380	12.032	0.18	9.0	0.0	1.0	1.0
9	1	340	11.065	0.25	9.0	0.0	1.0	1.0
9	1	300	10.0	0.0	9.0	0.0	1.0	1.0
9	1	260	8.968	0.18	9.0	0.0	1.0	1.0
9	1	220	7.806	0.402	9.0	0.0	1.0	1.0
9	1	180	6.0	0.0	9.0	0.0	1.0	1.0
9	1	140	4.71	0.461	10.0	0.0	1.0	1.0
9	1	100	3.0	0.0	10.0	0.0	1.0	1.0
9	1	77	2.0	0.0	11.903	0.301	1.0	1.0
9	1	74	2.0	0.0	12.032	0.18	1.0	1.0
9	1	71	2.0	0.0	12.548	0.506	1.0	1.0
9	1	68	1.806	0.402	13.387	0.615	1.0	1.0
9	1	65	1.355	0.486	14.065	0.727	1.0	1.0
9	1	62	1.032	0.18	15.419	0.923	1.0	1.0
9	1	59	0.923	0.272	16.966	1.375	0.774	0.935
9	1	56	0.065	0.25	17.5	0.707	0.065	0.065
9	1	53	0.0	0.0	nan	nan	0.0	0.0
9	1	50	0.0	0.0	nan	nan	0.0	0.0
9	1	47	0.0	0.0	nan	nan	0.0	0.0
9	1	44	0.0	0.0	nan	nan	0.0	0.0
10	1	420	16.645	0.486	9.0	0.0	1.0	1.0
10	1	380	15.903	0.301	9.0	0.0	1.0	1.0
10	1	340	15.0	0.0	9.0	0.0	1.0	1.0
10	1	300	13.742	0.445	9.0	0.0	1.0	1.0
10	1	260	12.032	0.18	9.0	0.0	1.0	1.0
10	1	220	10.355	0.486	9.0	0.0	1.0	1.0
10	1	180	8.903	0.301	9.0	0.0	1.0	1.0
10	1	140	6.903	0.301	9.0	0.0	1.0	1.0
10	1	100	4.806	0.402	9.968	0.18	1.0	1.0
10	1	77	3.161	0.374	11.0	0.0	1.0	1.0
10	1	74	3.032	0.18	11.032	0.18	1.0	1.0
10	1	71	3.0	0.0	11.613	0.495	1.0	1.0
10	1	68	3.0	0.0	12.0	0.258	1.0	1.0
10	1	65	2.968	0.18	12.645	0.486	1.0	1.0
10	1	62	2.677	0.475	13.194	0.402	1.0	1.0
10	1	59	2.097	0.301	14.226	0.617	1.0	1.0
10	1	56	2.0	0.0	15.452	0.85	1.0	1.0
10	1	53	1.742	0.445	17.645	1.799	1.0	1.0
10	1	50	1.0	0.447	21.0	2.854	0.903	0.903
10	1	47	0.129	0.341	26.75	1.893	0.129	0.129
10	1	44	0.0	0.0	nan	nan	0.0	0.0
11	1	420	19.452	0.506	10.0	0.0	1.0	1.0
11	1	380	18.581	0.502	10.0	0.0	1.0	1.0
11	1	340	17.581	0.502	10.0	0.0	1.0	1.0
11	1	300	16.032	0.18	10.0	0.0	1.0	1.0
11	1	260	14.419	0.502	10.0	0.0	1.0	1.0
11	1	220	12.516	0.508	10.0	0.0	1.0	1.0
11	1	180	10.194	0.402	10.0	0.0	1.0	1.0
11	1	140	8.065	0.25	10.0	0.0	1.0	1.0
11	1	100	5.935	0.25	10.871	0.341	1.0	1.0
11	1	77	4.065	0.25	11.935	0.25	1.0	1.0
11	1	74	4.0	0.0	12.0	0.0	1.0	1.0
11	1	71	4.0	0.0	12.161	0.374	1.0	1.0
11	1	68	3.935	0.25	12.806	0.402	1.0	1.0
11	1	65	3.516	0.508	13.29	0.461	1.0	1.0
11	1	62	3.161	0.374	13.839	0.523	1.0	1.0
11	1	59	3.0	0.0	14.548	0.506	1.0	1.0
11	1	56	3.0	0.0	15.677	0.541	1.0	1.0
11	1	53	2.871	0.341	17.032	0.912	1.0	1.0
11	1	50	1.774	0.717	19.452	1.69	1.0	1.0
11	1	47	1.032	0.18	24.097	2.413	1.0	1.0
11	1	44	0.519	0.509	30.944	4.036	0.452	0.581
12	1	420	13.0	0.0	9.0	0.0	1.0	1.0
12	1	380	12.323	0.475	9.0	0.0	1.0	1.0
12	1	340	11.548	0.506	9.0	0.0	1.0	1.0
12	1	300	10.355	0.486	9.0	0.0	1.0	1.0
12	1	260	9.032	0.18	9.0	0.0	1.0	1.0
12	1	220	8.0	0.0	9.0	0.0	1.0	1.0
12	1	180	6.0	0.0	9.161	0.374	1.0	1.0
12	1	140	4.968	0.18	10.0	0.0	1.0	1.0
12	1	100	3.0	0.0	10.452	0.506	1.0	1.0
12	1	77	2.0	0.0	12.129	0.341	1.0	1.0
12	1	74	2.0	0.0	12.774	0.425	1.0	1.0
12	1	71	2.0	0.0	13.129	0.341	1.0	1.0
12	1	68	1.645	0.486	14.032	0.605	1.0	1.0
12	1	65	1.097	0.301	15.065	0.814	1.0	1.0
12	1	62	1.0	0.0	16.935	1.59	0.806	1.0
12	1	59	0.069	0.258	18.25	0.957	0.065	0.129
12	1	56	0.0	0.0	nan	nan	0.0	0.0
12	1	53	0.0	0.0	nan	nan	0.0	0.0
12	1	50	0.0	0.0	nan	nan	0.0	0.0
12	1	47	0.0	0.0	nan	nan	0.0	0.0
12	1	44	0.0	0.0	nan	nan	0.0	0.0
13	1	420	16.419	0.502	8.871	0.341	1.0	1.0
13	1	380	15.677	0.475	8.935	0.25	1.0	1.0
13	1	340	14.645	0.486	8.774	0.425	1.0	1.0
13	1	300	13.065	0.25	8.871	0.341	1.0	1.0
13	1	260	11.871	0.341	8.903	0.301	1.0	1.0
13	1	220	10.0	0.0	9.0	0.0	1.0	1.0
13	1	180	8.0	0.0	9.0	0.0	1.0	1.0
13	1	140	6.0	0.0	9.0	0.0	1.0	1.0
13	1	100	4.0	0.0	9.806	0.402	1.0	1.0
13	1	77	2.645	0.486	10.935	0.25	1.0	1.0
13	1	74	2.226	0.425	10.968	0.18	1.0	1.0
13	1	71	2.032	0.18	11.419	0.502	1.0	1.0
13	1	68	2.0	0.0	11.903	0.396	1.0	1.0
13	1	65	2.0	0.0	12.29	0.461	1.0	1.0
13	1	62	1.968	0.18	13.0	0.447	1.0	1.0
13	1	59	1.774	0.425	14.323	0.702	1.0	1.0
13	1	56	1.133	0.346	15.581	1.119	0.968	1.0
13	1	53	0.64	0.638	17.85	1.814	0.452	0.645
13	1	50	0.0	0.0	nan	nan	0.0	0.0
13	1	47	0.0	0.0	nan	nan	0.0	0.0
13	1	44	0.0	0.0	nan	nan	0.0	0.0
14	1	420	16.484	0.508	9.0	0.0	1.0	1.0
14	1	380	15.71	0.461	9.032	0.18	1.0	1.0
14	1	340	14.677	0.475	9.0	0.0	1.0	1.0
14	1	300	13.032	0.18	9.0	0.0	1.0	1.0
14	1	260	11.839	0.374	9.032	0.18	1.0	1.0
14	1	220	9.968	0.18	9.065	0.25	1.0	1.0
14	1	180	7.968	0.18	9.806	0.402	1.0	1.0
14	1	140	5.968	0.18	10.0	0.0	1.0	1.0
14	1	100	3.968	0.18	10.71	0.461	1.0	1.0
14	1	77	2.516	0.508	12.258	0.445	1.0	1.0
14	1	74	2.129	0.341	12.774	0.497	1.0	1.0
14	1	71	2.0	0.0	13.29	0.461	1.0	1.0
14	1	68	2.0	0.0	13.871	0.619	1.0	1.0
14	1	65	1.968	0.18	14.839	0.735	1.0	1.0
14	1	62	1.774	0.497	15.867	0.776	0.968	0.968
14	1	59	1.167	0.702	17.741	1.483	0.645	0.871
14	1	56	0.074	0.385	19.4	1.517	0.032	0.161
14	1	53	0.0	0.0	nan	nan	0.0	0.0
14	1	50	0.0	0.0	nan	nan	0.0	0.0
14	1	47	0.0	0.0	nan	nan	0.0	0.0
14	1	44	0.0	0.0	nan	nan	0.0	0.0
15	1	420	18.774	0.425	9.0	0.0	1.0	1.0
15	1	380	17.677	0.475	9.0	0.0	1.0	1.0
15	1	340	16.258	0.445	9.0	0.0	1.0	1.0
15	1	300	15.0	0.0	9.0	0.0	1.0	1.0
15	1	260	13.032	0.18	9.0	0.0	1.0	1.0
15	1	220	11.032	0.18	9.0	0.0	1.0	1.0
15	1	180	9.0	0.0	9.032	0.18	1.0	1.0
15	1	140	6.839	0.374	10.0	0.0	1.0	1.0
15	1	100	4.065	0.25	10.323	0.475	1.0	1.0
15	1	77	2.903	0.301	12.032	0.18	1.0	1.0
15	1	74	2.645	0.486	12.581	0.502	1.0	1.0
15	1	71	2.258	0.445	13.032	0.18	1.0	1.0
15	1	68	2.097	0.301	13.71	0.461	1.0	1.0
15	1	65	2.0	0.0	14.581	0.765	1.0	1.0
15	1	62	1.968	0.18	15.677	0.832	1.0	1.0
15	1	59	1.724	0.455	17.065	1.548	0.935	1.0
15	1	56	0.5	0.73	20.048	2.312	0.194	0.677
15	1	53	0.0	0.0	nan	nan	0.0	0.0
15	1	50	0.0	0.0	nan	nan	0.0	0.0
15	1	47	0.0	0.0	nan	nan	0.0	0.0
15	1	44	0.0	0.0	nan	nan	0.0	0.0
16	1	420	20.226	0.425	9.0	0.0	1.0	1.0
16	1	380	19.0	0.0	9.0	0.0	1.0	1.0
16	1	340	17.968	0.315	9.0	0.0	1.0	1.0
16	1	300	16.29	0.461	9.0	0.0	1.0	1.0
16	1	260	14.484	0.508	9.0	0.0	1.0	1.0
16	1	220	12.516	0.508	9.0	0.0	1.0	1.0
16	1	180	10.065	0.359	9.29	0.461	1.0	1.0
16	1	140	7.645	0.486	10.0	0.0	1.0	1.0
16	1	100	5.0	0.0	10.097	0.301	1.0	1.0
16	1	77	3.226	0.425	11.677	0.475	1.0	1.0
16	1	74	3.097	0.301	12.0	0.0	1.0	1.0
16	1	71	3.032	0.315	12.419	0.502	1.0	1.0
16	1	68	2.806	0.402	12.839	0.638	1.0	1.0
16	1	65	2.548	0.506	13.419	0.502	1.0	1.0
16	1	62	2.097	0.301	14.516	0.677	1.0	1.0
16	1	59	2.0	0.0	15.323	0.791	1.0	1.0
16	1	56	1.897	0.31	17.226	1.431	0.935	1.0
16	1	53	1.0	0.816	19.0	2.07	0.613	0.71
16	1	50	0.034	0.186	23.667	1.155	0.032	0.097
16	1	47	0.0	0.0	nan	nan	0.0	0.0
16	1	44	0.0	0.0	nan	nan	0.0	0.0
17	1	420	18.0	0.0	9.0	0.0	1.0	1.0
17	1	380	17.097	0.301	9.0	0.0	1.0	1.0
17	1	340	16.129	0.341	9.0	0.0	1.0	1.0
17	1	300	14.968	0.18	9.0	0.0	1.0	1.0
17	1	260	13.323	0.475	9.0	0.0	1.0	1.0
17	1	220	11.806	0.402	9.0	0.0	1.0	1.0
17	1	180	9.935	0.25	9.0	0.0	1.0	1.0
17	1	140	7.71	0.461	9.0	0.0	1.0	1.0
17	1	100	5.065	0.25	9.968	0.18	1.0	1.0
17	1	77	4.0	0.0	11.0	0.0	1.0	1.0
17	1	74	4.0	0.0	11.0	0.0	1.0	1.0
17	1	71	3.871	0.341	11.097	0.301	1.0	1.0
17	1	68	3.161	0.374	11.613	0.495	1.0	1.0
17	1	65	3.032	0.18	12.129	0.341	1.0	1.0
17	1	62	3.0	0.0	12.742	0.445	1.0	1.0
17	1	59	2.968	0.18	13.484	0.508	1.0	1.0
17	1	56	2.871	0.341	14.387	0.495	1.0	1.0
17	1	53	2.355	0.486	15.871	0.885	1.0	1.0
17	1	50	1.645	0.551	18.032	1.941	1.0	1.0
17	1	47	1.032	0.18	21.839	2.734	1.0	1.0
17	1	44	0.483	0.509	28.938	4.597	0.452	0.516
18	1	420	13.032	0.18	9.387	0.495	1.0	1.0
18	1	380	12.645	0.486	9.548	0.506	1.0	1.0
18	1	340	11.968	0.18	9.29	0.461	1.0	1.0
18	1	300	10.935	0.25	9.161	0.374	1.0	1.0
18	1	260	9.516	0.508	9.387	0.495	1.0	1.0
18	1	220	8.0	0.0	9.806	0.402	1.0	1.0
18	1	180	6.516	0.508	10.0	0.0	1.0	1.0
18	1	140	4.968	0.18	10.0	0.0	1.0	1.0
18	1	100	3.0	0.0	11.032	0.18	1.0	1.0
18	1	77	2.0	0.0	13.0	0.365	1.0	1.0
18	1	74	2.0	0.0	13.484	0.508	1.0	1.0
18	1	71	1.935	0.25	14.194	0.601	1.0	1.0
18	1	68	1.774	0.425	15.548	0.723	1.0	1.0
18	1	65	1.259	0.447	16.903	1.044	0.871	1.0
18	1	62	0.471	0.624	19.571	2.226	0.226	0.677
18	1	59	0.0	0.0	20.5	0.707	0.0	0.065
18	1	56	0.0	0.0	nan	nan	0.0	0.0
18	1	53	0.0	0.0	nan	nan	0.0	0.0
18	1	50	0.0	0.0	nan	nan	0.0	0.0
18	1	47	0.0	0.0	nan	nan	0.0	0.0
18	1	44	0.0	0.0	nan	nan	0.0	0.0
19	1	420	22.065	0.25	9.0	0.0	1.0	1.0
19	1	380	21.0	0.0	9.0	0.0	1.0	1.0
19	1	340	19.742	0.445	9.0	0.0	1.0	1.0
19	1	300	18.032	0.18	9.0	0.0	1.0	1.0
19	1	260	16.065	0.25	9.0	0.0	1.0	1.0
19	1	220	13.935	0.25	9.0	0.0	1.0	1.0
19	1	180	11.355	0.486	9.258	0.445	1.0	1.0
19	1	140	8.903	0.301	10.0	0.0	1.0	1.0
19	1	100	6.032	0.18	10.097	0.301	1.0	1.0
19	1	77	4.29	0.461	11.871	0.341	1.0	1.0
19	1	74	4.032	0.18	12.097	0.301	1.0	1.0
19	1	71	4.0	0.0	12.516	0.508	1.0	1.0
19	1	68	3.935	0.25	13.097	0.301	1.0	1.0
19	1	65	3.419	0.502	13.645	0.551	1.0	1.0
19	1	62	3.032	0.18	14.548	0.624	1.0	1.0
19	1	59	3.0	0.0	15.613	0.803	1.0	1.0
19	1	56	2.806	0.477	17.194	1.4	1.0	1.0
19	1	53	1.839	0.523	20.065	1.59	1.0	1.0
19	1	50	1.065	0.574	25.179	3.732	0.903	0.903
19	1	47	0.167	0.379	29.667	4.457	0.161	0.194
19	1	44	0.0	0.0	nan	nan	0.0	0.0
20	1	420	18.065	0.25	9.0	0.0	1.0	1.0
20	1	380	17.161	0.374	9.0	0.0	1.0	1.0
20	1	340	16.097	0.301	9.0	0.0	1.0	1.0
20	1	300	15.0	0.0	9.0	0.0	1.0	1.0
20	1	260	13.29	0.461	9.0	0.0	1.0	1.0
20	1	220	11.613	0.495	9.0	0.0	1.0	1.0
20	1	180	9.516	0.508	9.0	0.0	1.0	1.0
20	1	140	7.129	0.341	9.774	0.425	1.0	1.0
20	1	100	4.968	0.18	10.0	0.0	1.0	1.0
20	1	77	3.581	0.502	11.774	0.497	1.0	1.0
20	1	74	3.097	0.301	12.0	0.365	1.0	1.0
20	1	71	3.0	0.0	12.355	0.486	1.0	1.0
20	1	68	3.0	0.0	12.903	0.396	1.0	1.0
20	1	65	2.935	0.25	13.355	0.486	1.0	1.0
20	1	62	2.774	0.425	14.258	0.575	1.0	1.0
20	1	59	2.226	0.425	15.097	0.746	1.0	1.0
20	1	56	1.903	0.301	16.484	1.262	1.0	1.0
20	1	53	1.581	0.502	17.677	1.045	1.0	1.0
20	1	50	1.032	0.407	20.724	2.12	0.935	0.935
20	1	47	0.182	0.395	25.538	2.066	0.129	0.419
20	1	44	0.0	0.0	nan	nan	0.0	0.0
21	1	420	14.0	0.0	9.0	0.0	1.0	1.0
21	1	380	13.0	0.0	9.0	0.0	1.0	1.0
21	1	340	12.0	0.0	9.0	0.0	1.0	1.0
21	1	300	10.968	0.18	9.0	0.0	1.0	1.0
21	1	260	9.839	0.374	9.0	0.0	1.0	1.0
21	1	220	8.0	0.0	9.0	0.0	1.0	1.0
21	1	180	6.613	0.495	9.226	0.425	1.0	1.0
21	1	140	4.968	0.18	10.0	0.0	1.0	1.0
21	1	100	3.0	0.0	10.903	0.301	1.0	1.0
21	1	77	2.0	0.0	13.0	0.365	1.0	1.0
21	1	74	2.0	0.0	13.355	0.551	1.0	1.0
21	1	71	1.935	0.25	14.097	0.473	1.0	1.0
21	1	68	1.29	0.461	15.516	0.769	1.0	1.0
21	1	65	1.111	0.32	16.968	1.402	0.871	1.0
21	1	62	0.083	0.282	19.444	1.878	0.065	0.29
21	1	59	0.0	0.0	nan	nan	0.0	0.0
21	1	56	0.0	0.0	nan	nan	0.0	0.0
21	1	53	0.0	0.0	nan	nan	0.0	0.0
21	1	50	0.0	0.0	nan	nan	0.0	0.0
21	1	47	0.0	0.0	nan	nan	0.0	0.0
21	1	44	0.0	0.0	nan	nan	0.0	0.0
22	1	420	20.71	0.461	9.0	0.0	1.0	1.0
22	1	380	19.645	0.486	9.0	0.0	1.0	1.0
22	1	340	18.516	0.508	9.0	0.0	1.0	1.0
22	1	300	17.0	0.0	9.0	0.0	1.0	1.0
22	1	260	15.032	0.18	9.0	0.0	1.0	1.0
22	1	220	13.065	0.25	9.0	0.0	1.0	1.0
22	1	180	10.968	0.18	9.0	0.0	1.0	1.0
22	1	140	8.452	0.506	9.0	0.0	1.0	1.0
22	1	100	6.0	0.0	10.0	0.0	1.0	1.0
22	1	77	4.161	0.374	11.032	0.18	1.0	1.0
22	1	74	4.0	0.0	11.032	0.18	1.0	1.0
22	1	71	4.0	0.0	11.452	0.506	1.0	1.0
22	1	68	4.0	0.0	11.935	0.25	1.0	1.0
22	1	65	3.548	0.506	12.548	0.506	1.0	1.0
22	1	62	3.065	0.25	12.903	0.301	1.0	1.0
22	1	59	3.0	0.0	13.839	0.638	1.0	1.0
22	1	56	3.0	0.0	14.968	0.795	1.0	1.0
22	1	53	2.903	0.396	16.226	0.92	1.0	1.0
22	1	50	1.645	0.839	18.903	1.599	1.0	1.0
22	1	47	1.161	0.374	22.774	2.261	1.0	1.0
22	1	44	0.333	0.479	27.818	3.842	0.323	0.355
23	1	420	13.323	0.475	9.0	0.0	1.0	1.0
23	1	380	12.903	0.301	9.0	0.0	1.0	1.0
23	1	340	12.0	0.0	9.0	0.0	1.0	1.0
23	1	300	10.935	0.25	9.0	0.0	1.0	1.0
23	1	260	9.419	0.502	9.0	0.0	1.0	1.0
23	1	220	8.0	0.0	9.0	0.0	1.0	1.0
23	1	180	6.323	0.475	9.0	0.0	1.0	1.0
23	1	140	4.968	0.18	9.839	0.374	1.0	1.0
23	1	100	3.0	0.0	10.452	0.506	1.0	1.0
23	1	77	2.0	0.0	12.355	0.486	1.0	1.0
23	1	74	1.968	0.18	13.097	0.301	1.0	1.0
23	1	71	1.806	0.402	13.581	0.502	1.0	1.0
23	1	68	1.387	0.495	14.935	0.892	1.0	1.0
23	1	65	1.0	0.258	16.0	0.743	0.968	0.968
23	1	62	0.565	0.507	18.333	1.932	0.419	0.677
23	1	59	0.0	0.0	nan	nan	0.0	0.0
23	1	56	0.0	0.0	nan	nan	0.0	0.0
23	1	53	0.0	0.0	nan	nan	0.0	0.0
23	1	50	0.0	0.0	nan	nan	0.0	0.0
23	1	47	0.0	0.0	nan	nan	0.0	0.0
23	1	44	0.0	0.0	nan	nan	0.0	0.0
24	1	420	15.0	0.0	9.0	0.0	1.0	1.0
24	1	380	14.129	0.341	9.0	0.0	1.0	1.0
24	1	340	13.226	0.425	9.0	0.0	1.0	1.0
24	1	300	12.0	0.0	9.0	0.0	1.0	1.0
24	1	260	10.935	0.25	9.0	0.0	1.0	1.0
24	1	220	8.968	0.18	9.0	0.0	1.0	1.0
24	1	180	7.323	0.475	9.0	0.0	1.0	1.0
24	1	140	5.516	0.508	9.871	0.341	1.0	1.0
24	1	100	3.516	0.508	10.161	0.374	1.0	1.0
24	1	77	2.032	0.18	12.065	0.25	1.0	1.0
24	1	74	2.0	0.0	12.323	0.475	1.0	1.0
24	1	71	2.0	0.0	12.935	0.25	1.0	1.0
24	1	68	2.0	0.0	13.71	0.461	1.0	1.0
24	1	65	1.903	0.301	14.677	0.653	1.0	1.0
24	1	62	1.452	0.506	15.968	0.948	1.0	1.0
24	1	59	0.923	0.628	17.36	1.114	0.645	0.806
24	1	56	0.0	0.0	24.0	1.414	0.0	0.065
24	1	53	0.0	0.0	nan	nan	0.0	0.0
24	1	50	0.0	0.0	nan	nan	0.0	0.0
24	1	47	0.0	0.0	nan	nan	0.0	0.0
24	1	44	0.0	0.0	nan	nan	0.0	0.0
25	1	420	11.258	0.445	9.0	0.0	1.0	1.0
25	1	380	11.0	0.0	9.0	0.0	1.0	1.0
25	1	340	10.0	0.0	9.0	0.0	1.0	1.0
25	1	300	9.032	0.18	9.0	0.0	1.0	1.0
25	1	260	8.0	0.0	9.0	0.0	1.0	1.0
25	1	220	6.935	0.25	9.0	0.0	1.0	1.0
25	1	180	5.0	0.0	9.0	0.0	1.0	1.0
25	1	140	4.0	0.0	10.0	0.0	1.0	1.0
25	1	100	2.0	0.0	10.935	0.25	1.0	1.0
25	1	77	1.129	0.341	13.419	0.62	1.0	1.0
25	1	74	1.065	0.25	14.0	0.683	1.0	1.0
25	1	71	1.0	0.0	15.258	0.893	1.0	1.0
25	1	68	0.742	0.445	16.652	1.027	0.742	0.742
25	1	65	0.0	0.0	19.0	0.0	0.0	0.032
25	1	62	0.0	0.0	nan	nan	0.0	0.0
25	1	59	0.0	0.0	nan	nan	0.0	0.0
25	1	56	0.0	0.0	nan	nan	0.0	0.0
25	1	53	0.0	0.0	nan	nan	0.0	0.0
25	1	50	0.0	0.0	nan	nan	0.0	0.0
25	1	47	0.0	0.0	nan	nan	0.0	0.0
25	1	44	0.0	0.0	nan	nan	0.0	0.0
26	1	420	19.645	0.486	9.0	0.0	1.0	1.0
26	1	380	18.871	0.341	9.032	0.18	1.0	1.0
26	1	340	17.419	0.502	9.0	0.0	1.0	1.0
26	1	300	16.032	0.18	9.0	0.0	1.0	1.0
26	1	260	14.387	0.495	9.194	0.402	1.0	1.0
26	1	220	12.548	0.506	9.226	0.425	1.0	1.0
26	1	180	10.097	0.301	9.742	0.445	1.0	1.0
26	1	140	8.0	0.0	10.0	0.0	1.0	1.0
26	1	100	5.419	0.502	10.387	0.495	1.0	1.0
26	1	77	4.0	0.0	11.806	0.402	1.0	1.0
26	1	74	3.968	0.18	12.032	0.315	1.0	1.0
26	1	71	3.903	0.301	12.548	0.506	1.0	1.0
26	1	68	3.419	0.502	13.032	0.315	1.0	1.0
26	1	65	3.097	0.301	13.581	0.564	1.0	1.0
26	1	62	3.0	0.0	14.258	0.682	1.0	1.0
26	1	59	2.968	0.18	15.645	1.018	1.0	1.0
26	1	56	2.806	0.477	16.484	0.996	1.0	1.0
26	1	53	1.548	0.723	18.774	1.431	1.0	1.0
26	1	50	1.0	0.0	22.548	3.305	0.968	1.0
26	1	47	0.536	0.508	28.167	4.105	0.484	0.581
26	1	44	0.0	0.0	nan	nan	0.0	0.0
27	1	420	20.968	0.18	9.0	0.0	1.0	1.0
27	1	380	19.871	0.341	9.0	0.0	1.0	1.0
27	1	340	18.484	0.508	9.0	0.0	1.0	1.0
27	1	300	16.774	0.425	9.0	0.0	1.0	1.0
27	1	260	14.935	0.25	9.0	0.0	1.0	1.0
27	1	220	12.839	0.374	9.0	0.0	1.0	1.0
27	1	180	10.387	0.495	9.0	0.0	1.0	1.0
27	1	140	7.935	0.25	9.032	0.18	1.0	1.0
27	1	100	5.065	0.25	10.0	0.0	1.0	1.0
27	1	77	3.839	0.374	11.0	0.0	1.0	1.0
27	1	74	3.71	0.461	11.065	0.25	1.0	1.0
27	1	71	3.194	0.402	11.258	0.445	1.0	1.0
27	1	68	3.0	0.0	11.903	0.301	1.0	1.0
27	1	65	3.0	0.0	12.065	0.359	1.0	1.0
27	1	62	2.903	0.301	12.613	0.495	1.0	1.0
27	1	59	2.258	0.445	13.161	0.374	1.0	1.0
27	1	56	2.129	0.341	13.903	0.539	1.0	1.0
27	1	53	2.0	0.0	15.194	0.703	1.0	1.0
27	1	50	1.935	0.25	16.742	0.93	1.0	1.0
27	1	47	1.235	0.831	19.407	2.171	0.419	0.871
27	1	44	0.0	0.0	25.0	0.0	0.0	0.032
28	1	420	19.806	0.402	9.0	0.0	1.0	1.0
28	1	380	18.677	0.475	9.0	0.0	1.0	1.0
28	1	340	17.129	0.341	9.0	0.0	1.0	1.0
28	1	300	15.774	0.425	9.0	0.0	1.0	1.0
28	1	260	14.0	0.0	9.0	0.0	1.0	1.0
28	1	220	11.903	0.301	8.968	0.18	1.0	1.0
28	1	180	9.226	0.425	9.0	0.0	1.0	1.0
28	1	140	7.0	0.0	9.0	0.0	1.0	1.0
28	1	100	4.0	0.0	9.968	0.18	1.0	1.0
28	1	77	2.903	0.301	11.032	0.18	1.0	1.0
28	1	74	2.419	0.502	11.258	0.445	1.0	1.0
28	1	71	2.032	0.18	11.935	0.25	1.0	1.0
28	1	68	2.0	0.0	12.419	0.502	1.0	1.0
28	1	65	1.968	0.18	12.871	0.619	1.0	1.0
28	1	62	1.968	0.18	14.355	0.709	1.0	1.0
28	1	59	1.29	0.461	15.548	0.85	1.0	1.0
28	1	56	0.333	0.48	17.923	1.605	0.29	0.419
28	1	53	0.0	0.0	nan	nan	0.0	0.0
28	1	50	0.0	0.0	nan	nan	0.0	0.0
28	1	47	0.0	0.0	nan	nan	0.0	0.0
28	1	44	0.0	0.0	nan	nan	0.0	0.0
29	1	420	16.0	0.0	9.0	0.0	1.0	1.0
29	1	380	15.065	0.25	9.0	0.0	1.0	1.0
29	1	340	14.032	0.18	9.0	0.0	1.0	1.0
29	1	300	13.032	0.18	9.0	0.0	1.0	1.0
29	1	260	11.968	0.18	9.0	0.0	1.0	1.0
29	1	220	10.0	0.0	9.0	0.0	1.0	1.0
29	1	180	8.516	0.508	9.0	0.0	1.0	1.0
29	1	140	6.806	0.402	9.0	0.0	1.0	1.0
29	1	100	4.774	0.425	10.0	0.0	1.0	1.0
29	1	77	3.226	0.425	10.968	0.18	1.0	1.0
29	1	74	3.0	0.0	11.0	0.0	1.0	1.0
29	1	71	3.0	0.0	11.258	0.445	1.0	1.0
29	1	68	3.0	0.0	11.935	0.25	1.0	1.0
29	1	65	3.0	0.0	12.194	0.402	1.0	1.0
29	1	62	2.935	0.25	12.903	0.396	1.0	1.0
29	1	59	2.258	0.445	13.903	0.7	1.0	1.0
29	1	56	2.032	0.18	15.097	0.79	1.0	1.0
29	1	53	1.839	0.374	16.871	1.31	1.0	1.0
29	1	50	1.226	0.497	20.0	2.407	0.968	0.968
29	1	47	0.233	0.43	26.5	3.546	0.226	0.258
29	1	44	0.0	0.0	nan	nan	0.0	0.0
30	1	420	15.903	0.301	10.0	0.0	1.0	1.0
30	1	380	15.0	0.258	10.0	0.0	1.0	1.0
30	1	340	14.0	0.0	9.935	0.25	1.0	1.0
30	1	300	13.0	0.0	9.968	0.18	1.0	1.0
30	1	260	11.29	0.461	10.0	0.0	1.0	1.0
30	1	220	9.871	0.341	10.0	0.0	1.0	1.0
30	1	180	7.968	0.18	10.0	0.0	1.0	1.0
30	1	140	6.0	0.0	10.0	0.0	1.0	1.0
30	1	100	4.0	0.0	11.0	0.0	1.0	1.0
30	1	77	2.935	0.25	12.419	0.502	1.0	1.0
30	1	74	2.548	0.506	12.968	0.18	1.0	1.0
30	1	71	2.129	0.341	13.516	0.508	1.0	1.0
30	1	68	2.097	0.301	14.129	0.499	1.0	1.0
30	1	65	2.0	0.0	15.0	0.683	1.0	1.0
30	1	62	2.0	0.0	16.065	0.727	1.0	1.0
30	1	59	1.5	0.509	18.323	1.249	0.968	1.0
30	1	56	0.5	0.516	22.783	2.558	0.258	0.742
30	1	53	0.0	0.0	26.0	0.0	0.0	0.032
30	1	50	0.0	0.0	nan	nan	0.0	0.0
30	1	47	0.0	0.0	nan	nan	0.0	0.0
30	1	44	0.0	0.0	nan	nan	0.0	0.0
31	1	420	13.161	0.374	9.0	0.0	1.0	1.0
31	1	380	12.903	0.301	9.0	0.0	1.0	1.0
31	1	340	11.968	0.18	9.0	0.0	1.0	1.0
31	1	300	11.0	0.0	9.0	0.0	1.0	1.0
31	1	260	9.968	0.18	9.0	0.0	1.0	1.0
31	1	220	8.419	0.502	9.0	0.0	1.0	1.0
31	1	180	7.032	0.18	9.0	0.0	1.0	1.0
31	1	140	5.452	0.506	9.032	0.18	1.0	1.0
31	1	100	3.968	0.18	10.0	0.0	1.0	1.0
31	1	77	2.968	0.18	11.097	0.301	1.0	1.0
31	1	74	2.871	0.341	11.419	0.502	1.0	1.0
31	1	71	2.484	0.508	12.0	0.0	1.0	1.0
31	1	68	2.032	0.18	12.613	0.495	1.0	1.0
31	1	65	2.0	0.0	12.935	0.629	1.0	1.0
31	1	62	2.0	0.0	13.742	0.631	1.0	1.0
31	1	59	1.968	0.18	14.839	0.688	1.0	1.0
31	1	56	1.968	0.18	16.0	0.966	1.0	1.0
31	1	53	1.633	0.49	18.032	1.722	0.968	1.0
31	1	50	0.353	0.606	23.158	2.713	0.161	0.613
31	1	47	0.0	0.0	nan	nan	0.0	0.0
31	1	44	0.0	0.0	nan	nan	0.0	0.0
0	2	420	17.935	0.25	8.0	0.0	1.0	1.0
0	2	380	17.0	0.0	8.0	0.0	1.0	1.0
0	2	340	16.0	0.0	8.0	0.0	1.0	1.0
0	2	300	14.968	0.18	8.0	0.0	1.0	1.0
0	2	260	13.161	0.374	8.0	0.0	1.0	1.0
0	2	220	11.742	0.445	8.0	0.0	1.0	1.0
0	2	180	9.903	0.301	8.0	0.0	1.0	1.0
0	2	140	7.516	0.508	8.871	0.341	1.0	1.0
0	2	100	5.0	0.0	9.0	0.0	1.0	1.0
0	2	77	3.968	0.18	10.645	0.486	1.0	1.0
0	2	74	3.548	0.506	10.968	0.315	1.0	1.0
0	2	71	3.065	0.25	11.258	0.445	1.0	1.0
0	2	68	3.0	0.0	11.968	0.315	1.0	1.0
0	2	65	3.0	0.0	12.387	0.558	1.0	1.0
0	2	62	3.0	0.0	13.29	0.588	1.0	1.0
0	2	59	2.645	0.486	14.581	0.62	1.0	1.0
0	2	56	1.968	0.18	16.323	1.137	1.0	1.0
0	2	53	1.258	0.445	19.516	1.947	1.0	1.0
0	2	50	0.935	0.359	24.929	3.114	0.903	0.903
0	2	47	0.0	0.0	nan	nan	0.0	0.0
0	2	44	0.0	0.0	nan	nan	0.0	0.0
1	2	420	11.194	0.402	9.0	0.0	1.0	1.0
1	2	380	11.0	0.0	9.0	0.0	1.0	1.0
1	2	340	10.0	0.0	9.0	0.0	1.0	1.0
1	2	300	9.0	0.0	9.0	0.0	1.0	1.0
1	2	260	8.0	0.0	9.0	0.0	1.0	1.0
1	2	220	7.0	0.0	9.0	0.0	1.0	1.0
1	2	180	5.935	0.25	9.0	0.0	1.0	1.0
1	2	140	4.032	0.18	9.0	0.0	1.0	1.0
1	2	100	3.0	0.0	10.0	0.0	1.0	1.0
1	2	77	2.0	0.0	11.516	0.508	1.0	1.0
1	2	74	2.0	0.0	11.968	0.407	1.0	1.0
1	2	71	1.839	0.374	12.516	0.57	1.0	1.0
1	2	68	1.581	0.502	13.29	0.588	1.0	1.0
1	2	65	1.1	0.305	14.355	1.279	0.968	1.0
1	2	62	1.0	0.0	15.839	1.214	0.968	1.0
1	2	59	0.643	0.559	17.45	1.538	0.548	0.645
1	2	56	0.0	0.0	nan	nan	0.0	0.0
1	2	53	0.0	0.0	nan	nan	0.0	0.0
1	2	50	0.0	0.0	nan	nan	0.0	0.0
1	2	47	0.0	0.0	nan	nan	0.0	0.0
1	2	44	0.0	0.0	nan	nan	0.0	0.0
2	2	420	13.387	0.495	9.0	0.0	1.0	1.0
2	2	380	12.968	0.18	9.0	0.0	1.0	1.0
2	2	340	11.968	0.18	9.0	0.0	1.0	1.0
2	2	300	11.0	0.0	9.0	0.0	1.0	1.0
2	2	260	9.903	0.301	9.0	0.0	1.0	1.0
2	2	220	8.032	0.18	9.0	0.0	1.0	1.0
2	2	180	6.935	0.25	9.0	0.0	1.0	1.0
2	2	140	5.0	0.0	9.0	0.0	1.0	1.0
2	2	100	3.065	0.25	10.0	0.0	1.0	1.0
2	2	77	2.0	0.0	11.452	0.506	1.0	1.0
2	2	74	2.0	0.0	11.968	0.18	1.0	1.0
2	2	71	2.0	0.0	12.355	0.486	1.0	1.0
2	2	68	1.935	0.25	13.161	0.454	1.0	1.0
2	2	65	1.839	0.374	14.226	0.669	1.0	1.0
2	2	62	1.323	0.475	15.387	0.919	1.0	1.0
2	2	59	0.778	0.506	17.208	1.285	0.645	0.774
2	2	56	0.033	0.183	18.5	0.707	0.032	0.065
2	2	53	0.0	0.0	nan	nan	0.0	0.0
2	2	50	0.0	0.0	nan	nan	0.0	0.0
2	2	47	0.0	0.0	nan	nan	0.0	0.0
2	2	44	0.0	0.0	nan	nan	0.0	0.0
3	2	420	14.0	0.0	9.0	0.0	1.0	1.0
3	2	380	13.29	0.461	9.0	0.0	1.0	1.0
3	2	340	12.581	0.502	9.0	0.0	1.0	1.0
3	2	300	11.839	0.374	9.0	0.0	1.0	1.0
3	2	260	10.29	0.461	9.0	0.0	1.0	1.0
3	2	220	9.0	0.0	9.0	0.0	1.0	1.0
3	2	180	7.355	0.486	9.0	0.0	1.0	1.0
3	2	140	5.968	0.18	9.0	0.0	1.0	1.0
3	2	100	4.0	0.0	9.968	0.18	1.0	1.0
3	2	77	3.0	0.0	11.0	0.258	1.0	1.0
3	2	74	2.871	0.341	11.065	0.25	1.0	1.0
3	2	71	2.29	0.461	11.71	0.588	1.0	1.0
3	2	68	2.097	0.301	12.097	0.396	1.0	1.0
3	2	65	2.0	0.0	12.71	0.461	1.0	1.0
3	2	62	2.0	0.0	13.29	0.461	1.0	1.0
3	2	59	2.0	0.0	14.645	0.709	1.0	1.0
3	2	56	1.839	0.374	16.29	1.532	1.0	1.0
3	2	53	1.3	0.657	19.379	2.527	0.581	0.935
3	2	50	0.0	0.0	23.0	2.646	0.0	0.097
3	2	47	0.0	0.0	nan	nan	0.0	0.0
3	2	44	0.0	0.0	nan	nan	0.0	0.0
4	2	420	15.194	0.402	8.968	0.18	1.0	1.0
4	2	380	14.968	0.18	9.0	0.0	1.0	1.0
4	2	340	14.0	0.0	9.0	0.0	1.0	1.0
4	2	300	12.935	0.25	8.968	0.18	1.0	1.0
4	2	260	11.742	0.445	8.935	0.25	1.0	1.0
4	2	220	10.0	0.0	9.0	0.0	1.0	1.0
4	2	180	8.323	0.475	9.0	0.0	1.0	1.0
4	2	140	6.935	0.25	9.0	0.0	1.0	1.0
4	2	100	4.903	0.301	9.581	0.502	1.0	1.0
4	2	77	3.839	0.374	10.71	0.461	1.0	1.0
4	2	74	3.194	0.402	10.968	0.18	1.0	1.0
4	2	71	3.0	0.0	11.097	0.301	1.0	1.0
4	2	68	3.0	0.0	11.419	0.502	1.0	1.0
4	2	65	3.0	0.0	12.0	0.365	1.0	1.0
4	2	62	3.0	0.0	12.71	0.529	1.0	1.0
4	2	59	2.742	0.445	13.548	0.675	1.0	1.0
4	2	56	2.323	0.475	14.581	0.672	1.0	1.0
4	2	53	2.0	0.258	16.323	1.137	1.0	1.0
4	2	50	1.452	0.506	18.613	2.486	1.0	1.0
4	2	47	0.935	0.442	23.074	2.868	0.871	0.871
4	2	44	0.0	0.0	nan	nan	0.0	0.0
5	2	420	14.097	0.301	9.0	0.0	1.0	1.0
5	2	380	13.903	0.301	9.0	0.0	1.0	1.0
5	2	340	13.0	0.0	9.0	0.0	1.0	1.0
5	2	300	12.0	0.0	9.0	0.0	1.0	1.0
5	2	260	10.968	0.18	9.0	0.0	1.0	1.0
5	2	220	9.065	0.25	9.0	0.0	1.0	1.0
5	2	180	7.968	0.18	9.0	0.0	1.0	1.0
5	2	140	5.968	0.18	9.0	0.0	1.0	1.0
5	2	100	4.0	0.0	10.0	0.0	1.0	1.0
5	2	77	3.0	0.0	11.742	0.445	1.0	1.0
5	2	74	3.0	0.0	12.161	0.374	1.0	1.0
5	2	71	2.871	0.341	12.645	0.551	1.0	1.0
5	2	68	2.29	0.461	13.484	0.626	1.0	1.0
5	2	65	2.065	0.25	14.548	0.85	1.0	1.0
5	2	62	1.968	0.18	15.677	0.909	1.0	1.0
5	2	59	1.613	0.495	17.806	1.537	1.0	1.0
5	2	56	0.903	0.396	22.185	2.774	0.871	0.871
5	2	53	0.0	0.0	nan	nan	0.0	0.0
5	2	50	0.0	0.0	nan	nan	0.0	0.0
5	2	47	0.0	0.0	nan	nan	0.0	0.0
5	2	44	0.0	0.0	nan	nan	0.0	0.0
6	2	420	14.0	0.0	8.935	0.25	1.0	1.0
6	2	380	13.452	0.506	8.871	0.341	1.0	1.0
6	2	340	13.0	0.0	8.742	0.445	1.0	1.0
6	2	300	12.0	0.0	8.903	0.301	1.0	1.0
6	2	260	10.935	0.25	8.968	0.18	1.0	1.0
6	2	220	9.258	0.445	9.0	0.0	1.0	1.0
6	2	180	8.0	0.0	9.0	0.0	1.0	1.0
6	2	140	6.0	0.0	9.0	0.0	1.0	1.0
6	2	100	4.032	0.18	9.71	0.461	1.0	1.0
6	2	77	3.065	0.25	10.903	0.301	1.0	1.0
6	2	74	3.0	0.0	10.968	0.18	1.0	1.0
6	2	71	3.0	0.0	11.323	0.475	1.0	1.0
6	2	68	2.968	0.18	11.935	0.25	1.0	1.0
6	2	65	2.968	0.18	12.581	0.564	1.0	1.0
6	2	62	2.484	0.508	13.323	0.541	1.0	1.0
6	2	59	2.0	0.0	14.097	0.473	1.0	1.0
6	2	56	2.0	0.0	15.484	0.811	1.0	1.0
6	2	53	1.839	0.374	17.581	1.566	1.0	1.0
6	2	50	1.032	0.315	21.567	2.445	0.968	0.968
6	2	47	0.452	0.506	24.929	1.492	0.452	0.452
6	2	44	0.0	0.0	nan	nan	0.0	0.0
7	2	420	14.581	0.502	9.0	0.0	1.0	1.0
7	2	380	14.0	0.0	9.0	0.0	1.0	1.0
7	2	340	13.032	0.18	9.0	0.0	1.0	1.0
7	2	300	12.0	0.0	9.0	0.0	1.0	1.0
7	2	260	10.71	0.461	9.0	0.0	1.0	1.0
7	2	220	9.0	0.0	9.0	0.0	1.0	1.0
7	2	180	7.581	0.502	9.0	0.0	1.0	1.0
7	2	140	5.903	0.301	9.0	0.0	1.0	1.0
7	2	100	3.903	0.301	10.0	0.0	1.0	1.0
7	2	77	2.161	0.374	11.065	0.25	1.0	1.0
7	2	74	2.065	0.25	11.29	0.461	1.0	1.0
7	2	71	2.0	0.0	12.065	0.442	1.0	1.0
7	2	68	2.0	0.0	12.581	0.62	1.0	1.0
7	2	65	1.968	0.18	13.516	0.851	1.0	1.0
7	2	62	1.839	0.374	14.29	1.006	1.0	1.0
7	2	59	1.355	0.551	15.5	0.731	0.968	0.968
7	2	56	0.87	0.626	17.88	1.424	0.548	0.806
7	2	53	0.065	0.25	17.0	0.0	0.065	0.065
7	2	50	0.0	0.0	nan	nan	0.0	0.0
7	2	47	0.0	0.0	nan	nan	0.0	0.0
7	2	44	0.0	0.0	nan	nan	0.0	0.0
8	2	420	15.032	0.18	9.0	0.0	1.0	1.0
8	2	380	14.032	0.18	9.0	0.0	1.0	1.0
8	2	340	13.355	0.486	9.0	0.0	1.0	1.0
8	2	300	12.129	0.341	9.0	0.0	1.0	1.0
8	2	260	10.968	0.18	9.0	0.0	1.0	1.0
8	2	220	9.226	0.425	9.0	0.0	1.0	1.0
8	2	180	7.839	0.374	9.0	0.0	1.0	1.0
8	2	140	5.903	0.301	9.0	0.0	1.0	1.0
8	2	100	3.968	0.18	9.968	0.18	1.0	1.0
8	2	77	2.516	0.508	11.0	0.0	1.0	1.0
8	2	74	2.065	0.25	11.161	0.374	1.0	1.0
8	2	71	2.0	0.0	11.71	0.461	1.0	1.0
8	2	68	2.0	0.0	12.161	0.454	1.0	1.0
8	2	65	2.0	0.0	12.677	0.653	1.0	1.0
8	2	62	1.935	0.25	13.548	0.675	1.0	1.0
8	2	59	1.419	0.502	15.0	0.775	1.0	1.0
8	2	56	0.966	0.421	16.357	1.096	0.839	0.903
8	2	53	0.24	0.436	18.833	1.85	0.194	0.387
8	2	50	0.0	0.0	nan	nan	0.0	0.0
8	2	47	0.0	0.0	nan	nan	0.0	0.0
8	2	44	0.0	0.0	nan	nan	0.0	0.0
9	2	420	21.548	0.506	9.0	0.0	1.0	1.0
9	2	380	20.613	0.495	9.0	0.0	1.0	1.0
9	2	340	19.129	0.341	9.0	0.0	1.0	1.0
9	2	300	17.871	0.341	9.0	0.0	1.0	1.0
9	2	260	16.0	0.365	9.0	0.0	1.0	1.0
9	2	220	13.742	0.445	9.0	0.0	1.0	1.0
9	2	180	11.161	0.374	9.0	0.0	1.0	1.0
9	2	140	8.774	0.425	9.0	0.0	1.0	1.0
9	2	100	5.968	0.18	10.0	0.0	1.0	1.0
9	2	77	4.129	0.341	11.0	0.0	1.0	1.0
9	2	74	3.968	0.18	11.065	0.25	1.0	1.0
9	2	71	3.774	0.425	11.419	0.502	1.0	1.0
9	2	68	3.581	0.502	11.839	0.523	1.0	1.0
9	2	65	3.097	0.301	12.194	0.601	1.0	1.0
9	2	62	3.0	0.447	12.581	0.502	1.0	1.0
9	2	59	2.774	0.425	13.29	0.643	1.0	1.0
9	2	56	2.323	0.475	14.29	0.693	1.0	1.0
9	2	53	2.129	0.341	15.484	0.769	1.0	1.0
9	2	50	1.903	0.396	16.903	1.423	1.0	1.0
9	2	47	1.333	0.734	18.741	2.314	0.742	0.871
9	2	44	0.25	0.518	22.0	3.041	0.194	0.29
10	2	420	17.774	0.425	9.0	0.0	1.0	1.0
10	2	380	17.0	0.0	9.0	0.0	1.0	1.0
10	2	340	15.903	0.301	9.0	0.0	1.0	1.0
10	2	300	14.806	0.402	9.0	0.0	1.0	1.0
10	2	260	13.097	0.301	9.0	0.0	1.0	1.0
10	2	220	11.387	0.495	9.0	0.0	1.0	1.0
10	2	180	9.387	0.495	9.0	0.0	1.0	1.0
10	2	140	7.161	0.374	9.0	0.0	1.0	1.0
10	2	100	5.0	0.0	9.871	0.341	1.0	1.0
10	2	77	3.581	0.502	10.935	0.25	1.0	1.0
10	2	74	3.355	0.486	11.032	0.18	1.0	1.0
10	2	71	3.0	0.0	11.355	0.486	1.0	1.0
10	2	68	3.032	0.18	11.839	0.454	1.0	1.0
10	2	65	2.903	0.301	12.29	0.461	1.0	1.0
10	2	62	2.645	0.486	12.903	0.597	1.0	1.0
10	2	59	2.355	0.486	13.806	0.601	1.0	1.0
10	2	56	2.032	0.18	14.774	0.805	1.0	1.0
10	2	53	1.968	0.315	16.452	0.995	1.0	1.0
10	2	50	1.32	0.627	18.483	1.844	0.742	0.935
10	2	47	0.654	0.629	22.3	2.94	0.484	0.645
10	2	44	0.0	0.0	nan	nan	0.0	0.0
11	2	420	13.0	0.0	9.0	0.0	1.0	1.0
11	2	380	12.032	0.18	9.0	0.0	1.0	1.0
11	2	340	11.226	0.425	9.0	0.0	1.0	1.0
11	2	300	10.355	0.486	9.0	0.0	1.0	1.0
11	2	260	9.065	0.25	9.0	0.0	1.0	1.0
11	2	220	8.0	0.0	9.0	0.0	1.0	1.0
11	2	180	6.613	0.495	9.0	0.0	1.0	1.0
11	2	140	5.0	0.0	9.323	0.475	1.0	1.0
11	2	100	3.0	0.0	10.032	0.18	1.0	1.0
11	2	77	2.0	0.0	11.903	0.301	1.0	1.0
11	2	74	2.0	0.0	12.194	0.402	1.0	1.0
11	2	71	2.0	0.0	13.0	0.258	1.0	1.0
11	2	68	1.903	0.301	13.613	0.667	1.0	1.0
11	2	65	1.71	0.461	14.71	0.588	1.0	1.0
11	2	62	1.032	0.315	16.1	1.062	0.968	0.968
11	2	59	0.619	0.59	18.045	1.731	0.387	0.71
11	2	56	0.0	0.0	nan	nan	0.0	0.0
11	2	53	0.0	0.0	nan	nan	0.0	0.0
11	2	50	0.0	0.0	nan	nan	0.0	0.0
11	2	47	0.0	0.0	nan	nan	0.0	0.0
11	2	44	0.0	0.0	nan	nan	0.0	0.0
12	2	420	17.387	0.495	9.0	0.0	1.0	1.0
12	2	380	16.903	0.301	9.0	0.0	1.0	1.0
12	2	340	16.0	0.0	9.0	0.0	1.0	1.0
12	2	300	14.806	0.402	9.0	0.0	1.0	1.0
12	2	260	13.065	0.25	9.0	0.0	1.0	1.0
12	2	220	11.452	0.506	9.0	0.0	1.0	1.0
12	2	180	9.774	0.425	9.0	0.0	1.0	1.0
12	2	140	7.645	0.486	9.0	0.0	1.0	1.0
12	2	100	5.032	0.18	10.0	0.0	1.0	1.0
12	2	77	3.968	0.18	11.032	0.18	1.0	1.0
12	2	74	3.806	0.402	11.484	0.508	1.0	1.0
12	2	71	3.323	0.475	11.968	0.18	1.0	1.0
12	2	68	3.032	0.18	12.355	0.486	1.0	1.0
12	2	65	3.0	0.0	12.968	0.315	1.0	1.0
12	2	62	3.0	0.0	13.742	0.682	1.0	1.0
12	2	59	2.871	0.341	14.806	0.601	1.0	1.0
12	2	56	2.419	0.564	16.226	0.845	1.0	1.0
12	2	53	1.839	0.523	17.613	1.283	1.0	1.0
12	2	50	1.0	0.0	21.581	1.822	1.0	1.0
12	2	47	0.655	0.484	25.714	3.334	0.613	0.677
12	2	44	0.0	0.0	nan	nan	0.0	0.0
13	2	420	19.871	0.341	9.0	0.0	1.0	1.0
13	2	380	18.968	0.18	9.0	0.0	1.0	1.0
13	2	340	17.677	0.475	9.0	0.0	1.0	1.0
13	2	300	16.065	0.25	9.0	0.0	1.0	1.0
13	2	260	14.161	0.374	9.0	0.0	1.0	1.0
13	2	220	12.065	0.25	9.0	0.0	1.0	1.0
13	2	180	9.903	0.301	9.0	0.0	1.0	1.0
13	2	140	7.258	0.445	9.0	0.0	1.0	1.0
13	2	100	4.839	0.374	10.0	0.0	1.0	1.0
13	2	77	3.0	0.0	11.097	0.301	1.0	1.0
13	2	74	2.935	0.25	11.71	0.529	1.0	1.0
13	2	71	2.484	0.508	12.161	0.523	1.0	1.0
13	2	68	2.161	0.374	13.0	0.516	1.0	1.0
13	2	65	2.161	0.374	13.484	0.677	1.0	1.0
13	2	62	2.0	0.0	14.839	0.82	1.0	1.0
13	2	59	1.645	0.551	16.3	1.119	0.968	0.968
13	2	56	0.583	0.776	19.529	3.204	0.323	0.548
13	2	53	0.033	0.183	20.5	2.121	0.032	0.065
13	2	50	0.0	0.0	nan	nan	0.0	0.0
13	2	47	0.0	0.0	nan	nan	0.0	0.0
13	2	44	0.0	0.0	nan	nan	0.0	0.0
14	2	420	12.0	0.0	9.0	0.0	1.0	1.0
14	2	380	11.161	0.374	9.0	0.0	1.0	1.0
14	2	340	10.806	0.402	9.0	0.0	1.0	1.0
14	2	300	9.968	0.18	9.0	0.0	1.0	1.0
14	2	260	8.968	0.18	9.0	0.0	1.0	1.0
14	2	220	7.452	0.506	9.0	0.0	1.0	1.0
14	2	180	6.0	0.0	9.0	0.0	1.0	1.0
14	2	140	4.903	0.301	9.097	0.301	1.0	1.0
14	2	100	3.0	0.0	10.0	0.0	1.0	1.0
14	2	77	2.0	0.0	11.484	0.508	1.0	1.0
14	2	74	2.0	0.0	11.968	0.18	1.0	1.0
14	2	71	2.0	0.0	12.452	0.506	1.0	1.0
14	2	68	1.871	0.341	13.097	0.301	1.0	1.0
14	2	65	1.355	0.486	14.032	0.547	1.0	1.0
14	2	62	0.935	0.25	15.586	0.907	0.935	0.935
14	2	59	0.8	0.408	17.308	1.158	0.645	0.839
14	2	56	0.0	0.0	nan	nan	0.0	0.0
14	2	53	0.0	0.0	nan	nan	0.0	0.0
14	2	50	0.0	0.0	nan	nan	0.0	0.0
14	2	47	0.0	0.0	nan	nan	0.0	0.0
14	2	44	0.0	0.0	nan	nan	0.0	0.0
15	2	420	16.097	0.301	9.0	0.0	1.0	1.0
15	2	380	15.806	0.402	9.0	0.0	1.0	1.0
15	2	340	14.903	0.301	9.0	0.0	1.0	1.0
15	2	300	13.774	0.425	9.0	0.0	1.0	1.0
15	2	260	12.065	0.25	9.0	0.0	1.0	1.0
15	2	220	10.839	0.374	9.0	0.0	1.0	1.0
15	2	180	8.968	0.18	9.0	0.0	1.0	1.0
15	2	140	7.0	0.0	9.0	0.0	1.0	1.0
15	2	100	5.0	0.0	10.0	0.0	1.0	1.0
15	2	77	3.806	0.402	11.032	0.18	1.0	1.0
15	2	74	3.581	0.502	11.032	0.18	1.0	1.0
15	2	71	3.129	0.341	11.548	0.506	1.0	1.0
15	2	68	3.0	0.0	12.0	0.258	1.0	1.0
15	2	65	3.0	0.0	12.484	0.508	1.0	1.0
15	2	62	2.968	0.18	13.161	0.374	1.0	1.0
15	2	59	2.742	0.445	14.161	0.454	1.0	1.0
15	2	56	2.387	0.495	15.065	0.814	1.0	1.0
15	2	53	1.871	0.341	17.097	1.044	1.0	1.0
15	2	50	1.129	0.341	20.548	1.729	1.0	1.0
15	2	47	0.897	0.31	25.25	2.952	0.839	0.903
15	2	44	0.0	0.0	nan	nan	0.0	0.0
16	2	420	16.194	0.402	9.0	0.0	1.0	1.0
16	2	380	15.806	0.402	9.0	0.0	1.0	1.0
16	2	340	14.968	0.18	9.0	0.0	1.0	1.0
16	2	300	13.839	0.374	9.0	0.0	1.0	1.0
16	2	260	12.161	0.374	9.0	0.0	1.0	1.0
16	2	220	11.0	0.0	9.0	0.0	1.0	1.0
16	2	180	9.0	0.0	9.0	0.0	1.0	1.0
16	2	140	7.0	0.0	9.0	0.0	1.0	1.0
16	2	100	5.0	0.0	10.0	0.0	1.0	1.0
16	2	77	4.0	0.0	10.968	0.18	1.0	1.0
16	2	74	4.0	0.0	11.097	0.301	1.0	1.0
16	2	71	3.484	0.508	11.581	0.502	1.0	1.0
16	2	68	3.129	0.341	11.935	0.359	1.0	1.0
16	2	65	3.0	0.0	12.452	0.506	1.0	1.0
16	2	62	3.0	0.0	13.032	0.547	1.0	1.0
16	2	59	2.935	0.25	14.129	1.176	1.0	1.0
16	2	56	2.935	0.25	15.129	0.619	1.0	1.0
16	2	53	2.387	0.558	16.645	0.985	1.0	1.0
16	2	50	1.129	0.341	19.548	1.786	1.0	1.0
16	2	47	0.778	0.424	26.16	4.939	0.677	0.806
16	2	44	0.0	0.0	nan	nan	0.0	0.0
17	2	420	15.0	0.0	9.0	0.0	1.0	1.0
17	2	380	14.323	0.475	8.935	0.25	1.0	1.0
17	2	340	13.839	0.374	8.774	0.425	1.0	1.0
17	2	300	12.613	0.495	8.806	0.402	1.0	1.0
17	2	260	11.129	0.341	8.968	0.18	1.0	1.0
17	2	220	10.0	0.0	8.968	0.18	1.0	1.0
17	2	180	8.0	0.0	9.0	0.0	1.0	1.0
17	2	140	6.226	0.425	9.0	0.0	1.0	1.0
17	2	100	4.484	0.508	9.742	0.445	1.0	1.0
17	2	77	3.032	0.18	10.968	0.18	1.0	1.0
17	2	74	3.0	0.0	11.097	0.301	1.0	1.0
17	2	71	3.0	0.0	11.548	0.506	1.0	1.0
17	2	68	3.0	0.0	12.032	0.315	1.0	1.0
17	2	65	2.968	0.18	12.839	0.523	1.0	1.0
17	2	62	2.516	0.508	13.71	0.693	1.0	1.0
17	2	59	2.097	0.301	14.774	0.884	1.0	1.0
17	2	56	1.968	0.18	16.387	0.919	1.0	1.0
17	2	53	1.1	0.403	21.933	3.787	0.935	0.968
17	2	50	0.2	0.407	26.571	4.504	0.194	0.226
17	2	47	0.0	0.0	nan	nan	0.0	0.0
17	2	44	0.0	0.0	nan	nan	0.0	0.0
18	2	420	14.613	0.495	8.0	0.0	1.0	1.0
18	2	380	14.0	0.0	8.0	0.0	1.0	1.0
18	2	340	13.032	0.18	8.0	0.0	1.0	1.0
18	2	300	12.0	0.0	8.0	0.0	1.0	1.0
18	2	260	11.0	0.0	8.0	0.0	1.0	1.0
18	2	220	9.387	0.495	8.0	0.0	1.0	1.0
18	2	180	7.935	0.25	8.129	0.341	1.0	1.0
18	2	140	6.0	0.0	9.0	0.0	1.0	1.0
18	2	100	4.0	0.0	9.419	0.502	1.0	1.0
18	2	77	2.806	0.402	11.032	0.18	1.0	1.0
18	2	74	2.581	0.502	11.516	0.508	1.0	1.0
18	2	71	2.194	0.402	12.258	0.514	1.0	1.0
18	2	68	2.097	0.301	13.0	0.577	1.0	1.0
18	2	65	2.0	0.0	14.032	0.836	1.0	1.0
18	2	62	2.0	0.0	14.806	0.91	1.0	1.0
18	2	59	1.767	0.43	17.452	1.804	0.968	1.0
18	2	56	1.0	0.632	19.808	2.079	0.677	0.839
18	2	53	0.034	0.186	24.333	0.577	0.032	0.097
18	2	50	0.0	0.0	nan	nan	0.0	0.0
18	2	47	0.0	0.0	nan	nan	0.0	0.0
18	2	44	0.0	0.0	nan	nan	0.0	0.0
19	2	420	15.613	0.495	9.0	0.0	1.0	1.0
19	2	380	15.0	0.0	9.0	0.0	1.0	1.0
19	2	340	14.0	0.0	9.0	0.0	1.0	1.0
19	2	300	13.0	0.0	9.0	0.0	1.0	1.0
19	2	260	11.742	0.445	9.0	0.0	1.0	1.0
19	2	220	10.0	0.0	9.0	0.0	1.0	1.0
19	2	180	8.129	0.341	9.0	0.0	1.0	1.0
19	2	140	6.194	0.402	9.0	0.0	1.0	1.0
19	2	100	4.097	0.301	10.0	0.0	1.0	1.0
19	2	77	3.0	0.0	11.774	0.425	1.0	1.0
19	2	74	3.0	0.0	12.226	0.425	1.0	1.0
19	2	71	2.935	0.25	12.871	0.428	1.0	1.0
19	2	68	2.581	0.502	13.516	0.57	1.0	1.0
19	2	65	2.0	0.0	14.581	0.62	1.0	1.0
19	2	62	1.968	0.18	16.484	1.061	1.0	1.0
19	2	59	1.161	0.374	19.613	1.745	1.0	1.0
19	2	56	0.839	0.454	23.24	2.488	0.806	0.806
19	2	53	0.0	0.0	35.0	0.0	0.0	0.032
19	2	50	0.0	0.0	nan	nan	0.0	0.0
19	2	47	0.0	0.0	nan	nan	0.0	0.0
19	2	44	0.0	0.0	nan	nan	0.0	0.0
20	2	420	13.355	0.486	9.0	0.0	1.0	1.0
20	2	380	12.645	0.486	9.0	0.0	1.0	1.0
20	2	340	11.968	0.18	9.0	0.0	1.0	1.0
20	2	300	11.032	0.315	9.0	0.0	1.0	1.0
20	2	260	9.903	0.301	9.0	0.0	1.0	1.0
20	2	220	8.452	0.506	9.0	0.0	1.0	1.0
20	2	180	7.0	0.0	9.0	0.0	1.0	1.0
20	2	140	5.323	0.475	9.0	0.0	1.0	1.0
20	2	100	3.774	0.425	10.0	0.0	1.0	1.0
20	2	77	2.226	0.425	11.806	0.402	1.0	1.0
20	2	74	2.097	0.301	12.161	0.374	1.0	1.0
20	2	71	2.0	0.0	12.903	0.473	1.0	1.0
20	2	68	2.0	0.0	13.516	0.677	1.0	1.0
20	2	65	2.0	0.0	14.548	0.675	1.0	1.0
20	2	62	2.0	0.0	16.0	1.211	0.968	1.0
20	2	59	1.571	0.504	18.452	1.841	0.903	1.0
20	2	56	0.211	0.419	23.188	2.903	0.129	0.516
20	2	53	0.0	0.0	nan	nan	0.0	0.0
20	2	50	0.0	0.0	nan	nan	0.0	0.0
20	2	47	0.0	0.0	nan	nan	0.0	0.0
20	2	44	0.0	0.0	nan	nan	0.0	0.0
21	2	420	17.677	0.475	9.0	0.0	1.0	1.0
21	2	380	16.871	0.341	9.0	0.0	1.0	1.0
21	2	340	15.903	0.301	9.0	0.0	1.0	1.0
21	2	300	14.323	0.475	9.0	0.0	1.0	1.0
21	2	260	12.871	0.341	9.0	0.0	1.0	1.0
21	2	220	11.0	0.0	9.0	0.0	1.0	1.0
21	2	180	8.968	0.18	9.0	0.0	1.0	1.0
21	2	140	6.871	0.341	9.29	0.461	1.0	1.0
21	2	100	4.323	0.475	10.0	0.0	1.0	1.0
21	2	77	3.0	0.0	11.645	0.486	1.0	1.0
21	2	74	2.839	0.374	11.935	0.359	1.0	1.0
21	2	71	2.452	0.506	12.419	0.502	1.0	1.0
21	2	68	2.097	0.301	13.194	0.477	1.0	1.0
21	2	65	2.0	0.0	13.71	0.588	1.0	1.0
21	2	62	1.968	0.18	14.871	1.258	1.0	1.0
21	2	59	1.933	0.254	16.065	1.153	0.968	1.0
21	2	56	1.25	0.737	18.667	2.449	0.645	0.871
21	2	53	0.038	0.196	21.333	2.503	0.032	0.194
21	2	50	0.0	0.0	24.0	0.0	0.0	0.032
21	2	47	0.0	0.0	nan	nan	0.0	0.0
21	2	44	0.0	0.0	nan	nan	0.0	0.0
22	2	420	14.0	0.0	9.0	0.0	1.0	1.0
22	2	380	13.065	0.25	9.0	0.0	1.0	1.0
22	2	340	12.258	0.445	8.935	0.25	1.0	1.0
22	2	300	11.258	0.445	9.0	0.0	1.0	1.0
22	2	260	10.032	0.18	9.0	0.0	1.0	1.0
22	2	220	8.968	0.18	9.0	0.0	1.0	1.0
22	2	180	7.0	0.0	9.0	0.0	1.0	1.0
22	2	140	5.806	0.402	9.0	0.0	1.0	1.0
22	2	100	3.968	0.18	9.935	0.25	1.0	1.0
22	2	77	2.742	0.445	10.935	0.25	1.0	1.0
22	2	74	2.452	0.506	11.032	0.18	1.0	1.0
22	2	71	2.065	0.25	11.355	0.486	1.0	1.0
22	2	68	2.032	0.18	11.935	0.442	1.0	1.0
22	2	65	2.0	0.0	12.677	0.541	1.0	1.0
22	2	62	2.0	0.0	13.194	0.703	1.0	1.0
22	2	59	1.935	0.25	14.097	0.746	1.0	1.0
22	2	56	1.677	0.475	15.613	1.022	1.0	1.0
22	2	53	1.455	0.671	17.207	1.74	0.645	0.935
22	2	50	0.0	0.0	21.0	1.155	0.0	0.129
22	2	47	0.0	0.0	21.0	0.0	0.0	0.032
22	2	44	0.0	0.0	nan	nan	0.0	0.0
23	2	420	19.71	0.461	9.0	0.0	1.0	1.0
23	2	380	18.935	0.25	9.0	0.0	1.0	1.0
23	2	340	17.677	0.475	9.0	0.0	1.0	1.0
23	2	300	16.0	0.0	9.0	0.0	1.0	1.0
23	2	260	14.226	0.425	9.0	0.0	1.0	1.0
23	2	220	12.194	0.402	9.0	0.0	1.0	1.0
23	2	180	10.0	0.258	9.0	0.0	1.0	1.0
23	2	140	7.613	0.495	9.0	0.0	1.0	1.0
23	2	100	4.806	0.402	10.0	0.0	1.0	1.0
23	2	77	3.065	0.25	11.097	0.301	1.0	1.0
23	2	74	3.0	0.258	11.419	0.502	1.0	1.0
23	2	71	2.903	0.301	11.871	0.562	1.0	1.0
23	2	68	2.581	0.502	12.419	0.672	1.0	1.0
23	2	65	2.194	0.402	13.161	0.583	1.0	1.0
23	2	62	2.0	0.0	13.903	0.79	1.0	1.0
23	2	59	1.968	0.18	15.097	1.044	1.0	1.0
23	2	56	1.741	0.447	16.935	1.931	0.871	1.0
23	2	53	0.417	0.654	20.267	3.305	0.258	0.484
23	2	50	0.0	0.0	25.0	0.0	0.0	0.032
23	2	47	0.0	0.0	nan	nan	0.0	0.0
23	2	44	0.0	0.0	nan	nan	0.0	0.0
24	2	420	14.0	0.0	9.0	0.0	1.0	1.0
24	2	380	13.032	0.18	9.0	0.0	1.0	1.0
24	2	340	12.452	0.506	9.0	0.0	1.0	1.0
24	2	300	11.194	0.402	9.0	0.0	1.0	1.0
24	2	260	10.0	0.0	9.0	0.0	1.0	1.0
24	2	220	8.968	0.18	9.0	0.0	1.0	1.0
24	2	180	7.0	0.0	9.0	0.0	1.0	1.0
24	2	140	5.387	0.495	9.0	0.0	1.0	1.0
24	2	100	3.903	0.301	10.0	0.0	1.0	1.0
24	2	77	2.452	0.506	10.968	0.18	1.0	1.0
24	2	74	2.194	0.402	11.065	0.25	1.0	1.0
24	2	71	2.032	0.18	11.484	0.508	1.0	1.0
24	2	68	2.0	0.0	12.032	0.482	1.0	1.0
24	2	65	2.0	0.0	12.387	0.495	1.0	1.0
24	2	62	2.0	0.0	13.129	0.67	1.0	1.0
24	2	59	1.903	0.301	14.065	0.772	1.0	1.0
24	2	56	1.5	0.509	15.613	1.453	0.968	1.0
24	2	53	0.875	0.338	17.357	1.496	0.677	0.903
24	2	50	0.067	0.254	18.0	1.0	0.065	0.097
24	2	47	0.0	0.0	nan	nan	0.0	0.0
24	2	44	0.0	0.0	nan	nan	0.0	0.0
25	2	420	16.032	0.18	9.0	0.0	1.0	1.0
25	2	380	15.387	0.495	9.0	0.0	1.0	1.0
25	2	340	14.581	0.502	9.0	0.0	1.0	1.0
25	2	300	13.29	0.461	9.0	0.0	1.0	1.0
25	2	260	12.032	0.18	9.0	0.0	1.0	1.0
25	2	220	10.355	0.486	9.0	0.0	1.0	1.0
25	2	180	8.774	0.425	9.0	0.0	1.0	1.0
25	2	140	6.806	0.402	9.0	0.0	1.0	1.0
25	2	100	4.677	0.475	10.0	0.0	1.0	1.0
25	2	77	3.065	0.25	11.0	0.0	1.0	1.0
25	2	74	3.0	0.0	11.032	0.18	1.0	1.0
25	2	71	2.968	0.18	11.484	0.508	1.0	1.0
25	2	68	2.774	0.425	12.0	0.365	1.0	1.0
25	2	65	2.419	0.502	12.387	0.558	1.0	1.0
25	2	62	2.065	0.25	13.065	0.442	1.0	1.0
25	2	59	2.0	0.0	13.935	0.68	1.0	1.0
25	2	56	2.0	0.0	14.581	0.672	1.0	1.0
25	2	53	1.828	0.468	16.867	1.224	0.903	0.968
25	2	50	1.125	0.741	19.769	2.643	0.613	0.839
25	2	47	0.033	0.183	24.0	1.414	0.032	0.065
25	2	44	0.0	0.0	nan	nan	0.0	0.0
26	2	420	18.0	0.0	9.968	0.18	1.0	1.0
26	2	380	17.0	0.0	9.968	0.18	1.0	1.0
26	2	340	16.097	0.301	9.903	0.301	1.0	1.0
26	2	300	15.032	0.18	9.935	0.25	1.0	1.0
26	2	260	13.774	0.425	9.968	0.18	1.0	1.0
26	2	220	12.0	0.0	9.968	0.18	1.0	1.0
26	2	180	9.968	0.18	9.968	0.18	1.0	1.0
26	2	140	8.0	0.0	10.0	0.0	1.0	1.0
26	2	100	5.871	0.341	10.581	0.502	1.0	1.0
26	2	77	4.065	0.25	11.968	0.18	1.0	1.0
26	2	74	4.0	0.0	12.0	0.0	1.0	1.0
26	2	71	4.0	0.0	12.484	0.508	1.0	1.0
26	2	68	4.0	0.0	12.903	0.396	1.0	1.0
26	2	65	3.484	0.508	13.323	0.475	1.0	1.0
26	2	62	3.097	0.301	14.29	0.529	1.0	1.0
26	2	59	3.0	0.0	14.935	0.512	1.0	1.0
26	2	56	2.968	0.18	16.774	0.956	1.0	1.0
26	2	53	2.387	0.558	19.065	2.112	1.0	1.0
26	2	50	1.613	0.495	21.129	1.455	1.0	1.0
26	2	47	0.968	0.407	26.393	2.807	0.903	0.903
26	2	44	0.133	0.346	32.4	3.362	0.129	0.161
27	2	420	16.355	0.486	9.0	0.0	1.0	1.0
27	2	380	15.645	0.486	9.0	0.0	1.0	1.0
27	2	340	14.484	0.508	9.0	0.0	1.0	1.0
27	2	300	13.258	0.445	9.0	0.0	1.0	1.0
27	2	260	11.968	0.18	9.0	0.0	1.0	1.0
27	2	220	10.032	0.18	9.0	0.0	1.0	1.0
27	2	180	8.387	0.495	9.323	0.475	1.0	1.0
27	2	140	6.194	0.402	9.968	0.18	1.0	1.0
27	2	100	4.032	0.18	10.161	0.374	1.0	1.0
27	2	77	2.935	0.25	11.935	0.359	1.0	1.0
27	2	74	2.806	0.402	12.161	0.374	1.0	1.0
27	2	71	2.29	0.461	12.806	0.402	1.0	1.0
27	2	68	2.0	0.0	13.032	0.315	1.0	1.0
27	2	65	2.0	0.0	13.871	0.499	1.0	1.0
27	2	62	2.0	0.0	14.806	0.654	1.0	1.0
27	2	59	1.968	0.18	16.129	0.846	1.0	1.0
27	2	56	1.5	0.512	18.032	1.303	0.71	1.0
27	2	53	0.143	0.359	20.692	2.097	0.097	0.419
27	2	50	0.0	0.0	nan	nan	0.0	0.0
27	2	47	0.0	0.0	nan	nan	0.0	0.0
27	2	44	0.0	0.0	nan	nan	0.0	0.0
28	2	420	18.226	0.425	9.0	0.0	1.0	1.0
28	2	380	17.355	0.486	9.0	0.0	1.0	1.0
28	2	340	16.258	0.445	9.0	0.0	1.0	1.0
28	2	300	15.0	0.0	9.0	0.0	1.0	1.0
28	2	260	13.452	0.506	9.0	0.0	1.0	1.0
28	2	220	11.645	0.486	9.0	0.0	1.0	1.0
28	2	180	9.548	0.506	9.0	0.0	1.0	1.0
28	2	140	7.129	0.341	9.0	0.0	1.0	1.0
28	2	100	5.0	0.0	10.0	0.0	1.0	1.0
28	2	77	3.194	0.402	10.935	0.25	1.0	1.0
28	2	74	3.258	0.445	11.032	0.18	1.0	1.0
28	2	71	3.0	0.0	11.484	0.508	1.0	1.0
28	2	68	2.871	0.428	12.0	0.365	1.0	1.0
28	2	65	2.484	0.508	12.484	0.57	1.0	1.0
28	2	62	2.161	0.374	13.097	0.651	1.0	1.0
28	2	59	2.065	0.25	13.903	0.651	1.0	1.0
28	2	56	1.968	0.18	15.194	2.007	1.0	1.0
28	2	53	1.931	0.258	16.806	1.276	0.935	1.0
28	2	50	1.231	0.765	18.962	2.01	0.677	0.839
28	2	47	0.143	0.448	23.0	3.521	0.097	0.194
28	2	44	0.0	0.0	nan	nan	0.0	0.0
29	2	420	16.968	0.18	8.516	0.508	1.0	1.0
29	2	380	16.0	0.0	8.29	0.461	1.0	1.0
29	2	340	15.032	0.18	8.194	0.402	1.0	1.0
29	2	300	14.0	0.0	8.194	0.402	1.0	1.0
29	2	260	12.613	0.495	8.387	0.495	1.0	1.0
29	2	220	10.968	0.18	8.645	0.486	1.0	1.0
29	2	180	9.065	0.25	8.968	0.18	1.0	1.0
29	2	140	7.0	0.0	9.0	0.0	1.0	1.0
29	2	100	5.0	0.0	9.0	0.0	1.0	1.0
29	2	77	3.903	0.301	10.097	0.301	1.0	1.0
29	2	74	3.548	0.506	10.452	0.506	1.0	1.0
29	2	71	3.0	0.0	11.0	0.258	1.0	1.0
29	2	68	3.0	0.0	11.129	0.428	1.0	1.0
29	2	65	3.0	0.0	11.677	0.475	1.0	1.0
29	2	62	3.0	0.0	12.29	0.529	1.0	1.0
29	2	59	2.903	0.301	13.065	0.442	1.0	1.0
29	2	56	2.548	0.506	14.065	0.574	1.0	1.0
29	2	53	2.032	0.18	15.516	0.89	1.0	1.0
29	2	50	1.581	0.502	18.419	2.68	1.0	1.0
29	2	47	1.0	0.258	21.833	2.422	0.968	0.968
29	2	44	0.129	0.341	25.5	1.732	0.129	0.129
30	2	420	13.0	0.0	9.0	0.0	1.0	1.0
30	2	380	12.613	0.495	8.968	0.18	1.0	1.0
30	2	340	11.968	0.18	9.0	0.0	1.0	1.0
30	2	300	11.0	0.0	9.0	0.0	1.0	1.0
30	2	260	10.0	0.0	9.0	0.0	1.0	1.0
30	2	220	8.871	0.341	9.0	0.0	1.0	1.0
30	2	180	7.032	0.18	9.0	0.0	1.0	1.0
30	2	140	5.968	0.18	9.0	0.0	1.0	1.0
30	2	100	4.0	0.0	9.968	0.18	1.0	1.0
30	2	77	3.0	0.0	11.0	0.0	1.0	1.0
30	2	74	3.0	0.0	11.613	0.495	1.0	1.0
30	2	71	2.839	0.374	12.161	0.374	1.0	1.0
30	2	68	2.452	0.506	12.774	0.497	1.0	1.0
30	2	65	2.065	0.25	13.548	0.506	1.0	1.0
30	2	62	2.0	0.0	14.516	0.962	1.0	1.0
30	2	59	1.935	0.25	16.226	1.055	1.0	1.0
30	2	56	1.419	0.502	19.0	2.236	1.0	1.0
30	2	53	0.233	0.504	23.714	2.984	0.194	0.226
30	2	50	0.0	0.0	nan	nan	0.0	0.0
30	2	47	0.0	0.0	nan	nan	0.0	0.0
30	2	44	0.0	0.0	nan	nan	0.0	0.0
31	2	420	16.387	0.495	8.0	0.0	1.0	1.0
31	2	380	15.968	0.18	8.0	0.0	1.0	1.0
31	2	340	14.935	0.25	8.0	0.0	1.0	1.0
31	2	300	13.548	0.506	8.0	0.0	1.0	1.0
31	2	260	12.097	0.301	8.0	0.0	1.0	1.0
31	2	220	10.29	0.461	8.0	0.0	1.0	1.0
31	2	180	8.484	0.508	8.0	0.0	1.0	1.0
31	2	140	6.226	0.425	8.194	0.402	1.0	1.0
31	2	100	4.0	0.0	9.0	0.0	1.0	1.0
31	2	77	2.806	0.402	10.0	0.258	1.0	1.0
31	2	74	2.194	0.402	10.355	0.486	1.0	1.0
31	2	71	2.0	0.0	10.871	0.341	1.0	1.0
31	2	68	2.0	0.0	11.129	0.341	1.0	1.0
31	2	65	2.0	0.0	11.839	0.523	1.0	1.0
31	2	62	2.0	0.0	12.258	0.445	1.0	1.0
31	2	59	1.645	0.486	13.839	0.688	1.0	1.0
31	2	56	0.903	0.301	15.5	1.106	0.903	0.903
31	2	53	0.226	0.425	16.429	0.976	0.226	0.226
31	2	50	0.0	0.0	nan	nan	0.0	0.0
31	2	47	0.0	0.0	nan	nan	0.0	0.0
31	2	44	0.0	0.0	nan	nan	0.0	0.0
0	3	420	15.0	0.0	9.0	0.0	1.0	1.0
0	3	380	14.097	0.301	9.0	0.0	1.0	1.0
0	3	340	13.097	0.301	9.0	0.0	1.0	1.0
0	3	300	12.065	0.25	9.0	0.0	1.0	1.0
0	3	260	11.0	0.0	9.0	0.0	1.0	1.0
0	3	220	9.516	0.508	9.0	0.0	1.0	1.0
0	3	180	7.903	0.301	9.161	0.374	1.0	1.0
0	3	140	6.0	0.0	10.0	0.0	1.0	1.0
0	3	100	4.0	0.0	10.903	0.301	1.0	1.0
0	3	77	3.0	0.0	12.548	0.568	1.0	1.0
0	3	74	3.0	0.0	13.065	0.25	1.0	1.0
0	3	71	2.968	0.18	13.71	0.461	1.0	1.0
0	3	68	2.323	0.475	14.516	0.677	1.0	1.0
0	3	65	2.032	0.18	15.419	0.62	1.0	1.0
0	3	62	1.806	0.402	17.548	1.207	1.0	1.0
0	3	59	1.167	0.461	21.133	4.249	0.935	0.968
0	3	56	0.2	0.407	26.143	4.562	0.194	0.226
0	3	53	0.0	0.0	nan	nan	0.0	0.0
0	3	50	0.0	0.0	nan	nan	0.0	0.0
0	3	47	0.0	0.0	nan	nan	0.0	0.0
0	3	44	0.0	0.0	nan	nan	0.0	0.0
1	3	420	18.258	0.445	9.0	0.0	1.0	1.0
1	3	380	17.387	0.495	9.0	0.0	1.0	1.0
1	3	340	16.129	0.341	8.968	0.18	1.0	1.0
1	3	300	14.968	0.18	9.0	0.0	1.0	1.0
1	3	260	13.065	0.25	9.0	0.0	1.0	1.0
1	3	220	11.258	0.445	9.0	0.0	1.0	1.0
1	3	180	9.097	0.301	9.0	0.0	1.0	1.0
1	3	140	7.0	0.258	9.0	0.0	1.0	1.0
1	3	100	5.0	0.0	9.323	0.475	1.0	1.0
1	3	77	3.29	0.461	10.29	0.461	1.0	1.0
1	3	74	3.194	0.402	10.806	0.402	1.0	1.0
1	3	71	3.032	0.18	10.935	0.25	1.0	1.0
1	3	68	2.935	0.25	11.097	0.301	1.0	1.0
1	3	65	2.839	0.374	11.548	0.568	1.0	1.0
1	3	62	2.355	0.486	12.29	0.461	1.0	1.0
1	3	59	2.129	0.341	12.839	0.583	1.0	1.0
1	3	56	2.0	0.0	13.452	0.506	1.0	1.0
1	3	53	2.0	0.0	14.677	0.599	1.0	1.0
1	3	50	1.933	0.254	16.355	1.17	0.968	1.0
1	3	47	0.923	0.796	18.682	1.985	0.548	0.71
1	3	44	0.346	0.629	20.917	2.575	0.226	0.387
2	3	420	15.677	0.475	9.0	0.0	1.0	1.0
2	3	380	14.968	0.18	9.0	0.0	1.0	1.0
2	3	340	13.871	0.341	9.0	0.0	1.0	1.0
2	3	300	12.452	0.506	9.0	0.0	1.0	1.0
2	3	260	11.0	0.0	9.0	0.0	1.0	1.0
2	3	220	9.355	0.486	9.0	0.0	1.0	1.0
2	3	180	7.71	0.461	9.0	0.0	1.0	1.0
2	3	140	5.742	0.445	9.0	0.0	1.0	1.0
2	3	100	3.645	0.486	10.0	0.0	1.0	1.0
2	3	77	2.0	0.0	11.161	0.454	1.0	1.0
2	3	74	2.0	0.0	11.935	0.25	1.0	1.0
2	3	71	1.968	0.18	12.29	0.461	1.0	1.0
2	3	68	2.0	0.0	13.065	0.25	1.0	1.0
2	3	65	1.645	0.486	14.0	0.516	1.0	1.0
2	3	62	1.129	0.341	15.452	1.06	1.0	1.0
2	3	59	0.714	0.46	17.348	1.921	0.645	0.742
2	3	56	0.0	0.0	nan	nan	0.0	0.0
2	3	53	0.0	0.0	nan	nan	0.0	0.0
2	3	50	0.0	0.0	nan	nan	0.0	0.0
2	3	47	0.0	0.0	nan	nan	0.0	0.0
2	3	44	0.0	0.0	nan	nan	0.0	0.0
3	3	420	19.0	0.0	9.0	0.0	1.0	1.0
3	3	380	17.903	0.301	9.0	0.0	1.0	1.0
3	3	340	16.806	0.402	9.0	0.0	1.0	1.0
3	3	300	15.065	0.25	9.0	0.0	1.0	1.0
3	3	260	13.484	0.508	9.0	0.0	1.0	1.0
3	3	220	11.419	0.502	9.0	0.0	1.0	1.0
3	3	180	9.097	0.396	9.0	0.0	1.0	1.0
3	3	140	6.968	0.18	9.0	0.0	1.0	1.0
3	3	100	4.774	0.425	10.0	0.0	1.0	1.0
3	3	77	3.0	0.0	11.0	0.0	1.0	1.0
3	3	74	3.0	0.0	11.387	0.495	1.0	1.0
3	3	71	2.903	0.301	11.968	0.315	1.0	1.0
3	3	68	2.258	0.445	12.355	0.486	1.0	1.0
3	3	65	2.065	0.25	13.0	0.516	1.0	1.0
3	3	62	2.0	0.0	13.387	0.495	1.0	1.0
3	3	59	2.0	0.0	14.645	0.608	1.0	1.0
3	3	56	1.931	0.258	16.258	1.154	0.935	1.0
3	3	53	0.8	0.816	18.45	2.502	0.452	0.645
3	3	50	0.071	0.378	21.5	3.697	0.032	0.129
3	3	47	0.0	0.0	nan	nan	0.0	0.0
3	3	44	0.0	0.0	nan	nan	0.0	0.0
4	3	420	15.935	0.25	8.903	0.301	1.0	1.0
4	3	380	15.0	0.0	9.0	0.0	1.0	1.0
4	3	340	14.0	0.0	8.968	0.18	1.0	1.0
4	3	300	12.871	0.341	8.935	0.25	1.0	1.0
4	3	260	11.161	0.374	9.0	0.0	1.0	1.0
4	3	220	9.806	0.402	9.0	0.0	1.0	1.0
4	3	180	7.903	0.301	9.0	0.0	1.0	1.0
4	3	140	6.0	0.0	9.0	0.0	1.0	1.0
4	3	100	4.0	0.0	9.516	0.508	1.0	1.0
4	3	77	2.968	0.18	10.742	0.445	1.0	1.0
4	3	74	2.839	0.374	10.935	0.25	1.0	1.0
4	3	71	2.29	0.461	11.032	0.18	1.0	1.0
4	3	68	2.194	0.402	11.452	0.506	1.0	1.0
4	3	65	2.0	0.0	12.129	0.499	1.0	1.0
4	3	62	2.0	0.0	12.516	0.508	1.0	1.0
4	3	59	2.0	0.0	13.645	0.877	1.0	1.0
4	3	56	1.839	0.374	14.677	0.909	1.0	1.0
4	3	53	1.5	0.509	16.581	1.478	0.903	1.0
4	3	50	0.421	0.607	20.316	2.311	0.226	0.613
4	3	47	0.0	0.0	nan	nan	0.0	0.0
4	3	44	0.0	0.0	nan	nan	0.0	0.0
5	3	420	11.0	0.0	9.0	0.0	1.0	1.0
5	3	380	10.129	0.341	9.0	0.0	1.0	1.0
5	3	340	9.839	0.374	9.0	0.0	1.0	1.0
5	3	300	8.968	0.18	9.0	0.0	1.0	1.0
5	3	260	8.0	0.0	9.0	0.0	1.0	1.0
5	3	220	6.806	0.402	9.0	0.0	1.0	1.0
5	3	180	5.032	0.18	9.0	0.0	1.0	1.0
5	3	140	4.0	0.0	9.0	0.0	1.0	1.0
5	3	100	2.194	0.402	10.0	0.0	1.0	1.0
5	3	77	1.935	0.25	11.613	0.495	1.0	1.0
5	3	74	1.226	0.425	12.065	0.359	1.0	1.0
5	3	71	1.0	0.0	12.71	0.461	1.0	1.0
5	3	68	1.0	0.0	13.581	0.62	1.0	1.0
5	3	65	0.968	0.18	14.833	0.874	0.968	0.968
5	3	62	0.821	0.39	16.269	1.373	0.742	0.839
5	3	59	0.0	0.0	nan	nan	0.0	0.0
5	3	56	0.0	0.0	nan	nan	0.0	0.0
5	3	53	0.0	0.0	nan	nan	0.0	0.0
5	3	50	0.0	0.0	nan	nan	0.0	0.0
5	3	47	0.0	0.0	nan	nan	0.0	0.0
5	3	44	0.0	0.0	nan	nan	0.0	0.0
6	3	420	19.129	0.341	9.0	0.0	1.0	1.0
6	3	380	18.29	0.461	9.0	0.0	1.0	1.0
6	3	340	17.0	0.0	9.0	0.0	1.0	1.0
6	3	300	15.968	0.18	9.0	0.0	1.0	1.0
6	3	260	14.065	0.25	9.0	0.0	1.0	1.0
6	3	220	12.032	0.18	9.0	0.0	1.0	1.0
6	3	180	10.0	0.0	9.0	0.0	1.0	1.0
6	3	140	7.903	0.301	9.0	0.0	1.0	1.0
6	3	100	5.161	0.374	10.0	0.0	1.0	1.0
6	3	77	3.968	0.18	11.032	0.18	1.0	1.0
6	3	74	4.0	0.0	11.419	0.502	1.0	1.0
6	3	71	3.516	0.508	11.806	0.402	1.0	1.0
6	3	68	3.097	0.301	12.226	0.425	1.0	1.0
6	3	65	2.968	0.18	13.0	0.516	1.0	1.0
6	3	62	3.0	0.0	13.516	0.626	1.0	1.0
6	3	59	2.839	0.374	14.581	0.807	1.0	1.0
6	3	56	2.452	0.506	15.871	0.763	1.0	1.0
6	3	53	1.742	0.514	17.71	1.039	1.0	1.0
6	3	50	1.226	0.425	20.742	3.316	1.0	1.0
6	3	47	0.828	0.384	24.192	2.173	0.774	0.839
6	3	44	0.0	0.0	nan	nan	0.0	0.0
7	3	420	20.129	0.341	8.935	0.25	1.0	1.0
7	3	380	19.097	0.301	8.968	0.18	1.0	1.0
7	3	340	17.871	0.341	8.968	0.18	1.0	1.0
7	3	300	16.161	0.374	9.0	0.0	1.0	1.0
7	3	260	14.226	0.425	9.0	0.0	1.0	1.0
7	3	220	12.29	0.461	9.0	0.0	1.0	1.0
7	3	180	9.968	0.315	9.0	0.0	1.0	1.0
7	3	140	7.613	0.495	9.0	0.0	1.0	1.0
7	3	100	5.0	0.0	9.871	0.341	1.0	1.0
7	3	77	3.419	0.502	10.968	0.18	1.0	1.0
7	3	74	3.097	0.301	11.0	0.258	1.0	1.0
7	3	71	3.0	0.0	11.581	0.502	1.0	1.0
7	3	68	2.871	0.341	12.097	0.7	1.0	1.0
7	3	65	2.677	0.475	12.581	0.502	1.0	1.0
7	3	62	2.258	0.445	13.129	0.562	1.0	1.0
7	3	59	2.097	0.301	14.129	0.67	1.0	1.0
7	3	56	2.0	0.0	15.806	0.703	1.0	1.0
7	3	53	1.613	0.495	17.645	1.226	1.0	1.0
7	3	50	0.462	0.508	21.294	2.443	0.387	0.548
7	3	47	0.0	0.0	21.0	0.0	0.0	0.032
7	3	44	0.0	0.0	nan	nan	0.0	0.0
8	3	420	18.032	0.18	9.0	0.0	1.0	1.0
8	3	380	17.032	0.18	9.0	0.0	1.0	1.0
8	3	340	16.0	0.0	9.0	0.0	1.0	1.0
8	3	300	14.581	0.502	9.0	0.0	1.0	1.0
8	3	260	12.968	0.18	9.0	0.0	1.0	1.0
8	3	220	10.935	0.25	9.0	0.0	1.0	1.0
8	3	180	9.0	0.0	9.0	0.0	1.0	1.0
8	3	140	6.677	0.475	9.0	0.0	1.0	1.0
8	3	100	4.161	0.374	10.0	0.0	1.0	1.0
8	3	77	2.903	0.301	11.806	0.402	1.0	1.0
8	3	74	2.742	0.445	12.226	0.425	1.0	1.0
8	3	71	2.194	0.402	12.742	0.445	1.0	1.0
8	3	68	2.032	0.18	13.419	0.564	1.0	1.0
8	3	65	2.0	0.0	14.581	0.886	1.0	1.0
8	3	62	2.0	0.0	15.677	0.909	1.0	1.0
8	3	59	1.833	0.482	17.433	1.569	0.742	0.968
8	3	56	0.682	0.716	20.238	2.119	0.387	0.677
8	3	53	0.074	0.267	22.167	1.941	0.065	0.194
8	3	50	0.0	0.0	nan	nan	0.0	0.0
8	3	47	0.0	0.0	nan	nan	0.0	0.0
8	3	44	0.0	0.0	nan	nan	0.0	0.0
9	3	420	24.0	0.258	9.0	0.0	1.0	1.0
9	3	380	22.968	0.18	9.0	0.0	1.0	1.0
9	3	340	21.774	0.425	9.0	0.0	1.0	1.0
9	3	300	19.935	0.25	9.0	0.0	1.0	1.0
9	3	260	17.871	0.341	9.0	0.0	1.0	1.0
9	3	220	15.581	0.502	9.0	0.0	1.0	1.0
9	3	180	12.968	0.315	9.0	0.0	1.0	1.0
9	3	140	10.032	0.18	9.0	0.0	1.0	1.0
9	3	100	7.065	0.25	9.258	0.445	1.0	1.0
9	3	77	5.355	0.486	10.065	0.25	1.0	1.0
9	3	74	5.0	0.0	10.613	0.495	1.0	1.0
9	3	71	5.0	0.0	11.0	0.0	1.0	1.0
9	3	68	5.0	0.0	11.032	0.18	1.0	1.0
9	3	65	4.742	0.445	11.258	0.445	1.0	1.0
9	3	62	4.097	0.301	11.871	0.341	1.0	1.0
9	3	59	4.0	0.0	12.258	0.514	1.0	1.0
9	3	56	4.0	0.0	12.935	0.359	1.0	1.0
9	3	53	3.774	0.425	13.903	0.597	1.0	1.0
9	3	50	3.29	0.461	15.161	0.779	1.0	1.0
9	3	47	2.935	0.25	16.548	0.961	1.0	1.0
9	3	44	2.258	0.445	19.516	1.823	1.0	1.0
10	3	420	21.0	0.0	9.0	0.0	1.0	1.0
10	3	380	20.032	0.18	9.0	0.0	1.0	1.0
10	3	340	18.806	0.402	9.0	0.0	1.0	1.0
10	3	300	17.032	0.18	9.0	0.0	1.0	1.0
10	3	260	15.258	0.445	9.0	0.0	1.0	1.0
10	3	220	13.258	0.445	9.0	0.0	1.0	1.0
10	3	180	11.0	0.0	9.0	0.0	1.0	1.0
10	3	140	8.742	0.445	9.0	0.0	1.0	1.0
10	3	100	6.0	0.0	9.29	0.461	1.0	1.0
10	3	77	4.484	0.508	10.355	0.486	1.0	1.0
10	3	74	4.032	0.18	11.0	0.0	1.0	1.0
10	3	71	4.0	0.0	11.0	0.365	1.0	1.0
10	3	68	4.0	0.0	11.29	0.461	1.0	1.0
10	3	65	3.871	0.341	11.839	0.454	1.0	1.0
10	3	62	3.29	0.461	12.516	0.508	1.0	1.0
10	3	59	3.065	0.25	13.065	0.442	1.0	1.0
10	3	56	3.0	0.0	14.032	0.912	1.0	1.0
10	3	53	2.968	0.18	15.129	0.763	1.0	1.0
10	3	50	2.613	0.495	16.516	0.89	1.0	1.0
10	3	47	1.516	0.724	19.29	2.132	1.0	1.0
10	3	44	0.935	0.25	23.448	2.131	0.935	0.935
11	3	420	20.742	0.445	8.0	0.0	1.0	1.0
11	3	380	19.613	0.495	8.032	0.18	1.0	1.0
11	3	340	18.419	0.502	8.0	0.0	1.0	1.0
11	3	300	16.968	0.18	8.0	0.0	1.0	1.0
11	3	260	15.032	0.18	8.065	0.25	1.0	1.0
11	3	220	13.0	0.258	8.065	0.25	1.0	1.0
11	3	180	10.903	0.301	8.742	0.445	1.0	1.0
11	3	140	8.129	0.341	9.0	0.0	1.0	1.0
11	3	100	5.935	0.25	9.484	0.508	1.0	1.0
11	3	77	4.032	0.18	10.968	0.18	1.0	1.0
11	3	74	4.0	0.0	11.0	0.0	1.0	1.0
11	3	71	3.839	0.374	11.71	0.529	1.0	1.0
11	3	68	3.355	0.486	12.194	0.601	1.0	1.0
11	3	65	3.065	0.25	12.839	0.454	1.0	1.0
11	3	62	3.0	0.0	13.71	0.588	1.0	1.0
11	3	59	2.968	0.18	14.581	0.886	1.0	1.0
11	3	56	2.71	0.461	15.903	0.87	1.0	1.0
11	3	53	2.0	0.73	17.71	1.071	1.0	1.0
11	3	50	1.129	0.428	21.387	2.472	1.0	1.0
11	3	47	0.733	0.45	26.174	3.243	0.71	0.742
11	3	44	0.032	0.18	26.0	0.0	0.032	0.032
12	3	420	16.065	0.25	9.032	0.18	1.0	1.0
12	3	380	15.548	0.506	9.0	0.0	1.0	1.0
12	3	340	14.194	0.402	9.0	0.0	1.0	1.0
12	3	300	13.0	0.258	9.0	0.0	1.0	1.0
12	3	260	11.258	0.445	9.0	0.0	1.0	1.0
12	3	220	9.774	0.425	9.097	0.301	1.0	1.0
12	3	180	7.935	0.25	9.581	0.502	1.0	1.0
12	3	140	5.677	0.475	10.0	0.0	1.0	1.0
12	3	100	3.29	0.461	10.968	0.18	1.0	1.0
12	3	77	2.032	0.18	13.032	0.315	1.0	1.0
12	3	74	2.0	0.0	13.581	0.502	1.0	1.0
12	3	71	1.935	0.25	14.645	0.661	1.0	1.0
12	3	68	1.839	0.374	15.581	0.765	1.0	1.0
12	3	65	1.5	0.51	17.484	1.691	0.839	1.0
12	3	62	0.529	0.717	19.762	2.508	0.226	0.677
12	3	59	0.0	0.0	nan	nan	0.0	0.0
12	3	56	0.0	0.0	nan	nan	0.0	0.0
12	3	53	0.0	0.0	nan	nan	0.0	0.0
12	3	50	0.0	0.0	nan	nan	0.0	0.0
12	3	47	0.0	0.0	nan	nan	0.0	0.0
12	3	44	0.0	0.0	nan	nan	0.0	0.0
13	3	420	14.032	0.18	9.0	0.0	1.0	1.0
13	3	380	13.323	0.475	9.0	0.0	1.0	1.0
13	3	340	12.226	0.425	9.0	0.0	1.0	1.0
13	3	300	11.0	0.0	9.0	0.0	1.0	1.0
13	3	260	9.903	0.301	9.0	0.0	1.0	1.0
13	3	220	8.032	0.18	9.0	0.0	1.0	1.0
13	3	180	6.742	0.445	9.0	0.0	1.0	1.0
13	3	140	4.968	0.18	9.0	0.0	1.0	1.0
13	3	100	3.0	0.0	10.0	0.0	1.0	1.0
13	3	77	2.0	0.0	12.129	0.341	1.0	1.0
13	3	74	2.0	0.0	12.806	0.601	1.0	1.0
13	3	71	1.839	0.374	13.355	0.551	1.0	1.0
13	3	68	1.419	0.502	14.226	0.669	1.0	1.0
13	3	65	1.032	0.547	15.889	0.847	0.871	0.871
13	3	62	0.52	0.51	18.053	1.87	0.419	0.613
13	3	59	0.0	0.0	25.0	0.0	0.0	0.032
13	3	56	0.0	0.0	nan	nan	0.0	0.0
13	3	53	0.0	0.0	nan	nan	0.0	0.0
13	3	50	0.0	0.0	nan	nan	0.0	0.0
13	3	47	0.0	0.0	nan	nan	0.0	0.0
13	3	44	0.0	0.0	nan	nan	0.0	0.0
14	3	420	21.065	0.25	9.0	0.0	1.0	1.0
14	3	380	20.194	0.402	9.0	0.0	1.0	1.0
14	3	340	19.032	0.315	9.0	0.0	1.0	1.0
14	3	300	17.548	0.506	9.0	0.0	1.0	1.0
14	3	260	15.806	0.402	9.0	0.0	1.0	1.0
14	3	220	13.645	0.486	9.0	0.0	1.0	1.0
14	3	180	11.065	0.25	9.0	0.0	1.0	1.0
14	3	140	8.935	0.25	9.0	0.0	1.0	1.0
14	3	100	6.032	0.18	9.71	0.461	1.0	1.0
14	3	77	4.71	0.461	10.903	0.301	1.0	1.0
14	3	74	4.065	0.25	11.0	0.0	1.0	1.0
14	3	71	4.032	0.18	11.129	0.341	1.0	1.0
14	3	68	4.0	0.0	11.71	0.461	1.0	1.0
14	3	65	3.968	0.18	12.161	0.523	1.0	1.0
14	3	62	3.677	0.475	12.742	0.445	1.0	1.0
14	3	59	3.161	0.374	13.484	0.508	1.0	1.0
14	3	56	3.0	0.0	14.613	0.667	1.0	1.0
14	3	53	3.0	0.0	16.0	0.931	1.0	1.0
14	3	50	2.613	0.615	18.29	1.616	1.0	1.0
14	3	47	1.448	0.506	24.419	4.17	0.935	1.0
14	3	44	0.379	0.494	29.538	4.294	0.355	0.419
15	3	420	14.968	0.18	9.0	0.0	1.0	1.0
15	3	380	14.0	0.0	9.0	0.0	1.0	1.0
15	3	340	12.968	0.18	9.0	0.0	1.0	1.0
15	3	300	12.0	0.0	9.0	0.0	1.0	1.0
15	3	260	10.161	0.374	9.0	0.0	1.0	1.0
15	3	220	8.935	0.25	9.0	0.0	1.0	1.0
15	3	180	7.0	0.0	9.0	0.0	1.0	1.0
15	3	140	5.032	0.18	9.0	0.0	1.0	1.0
15	3	100	3.0	0.0	10.0	0.0	1.0	1.0
15	3	77	2.0	0.0	11.161	0.374	1.0	1.0
15	3	74	2.0	0.0	11.806	0.402	1.0	1.0
15	3	71	2.0	0.0	12.194	0.477	1.0	1.0
15	3	68	1.935	0.25	12.903	0.597	1.0	1.0
15	3	65	1.452	0.506	14.065	0.68	1.0	1.0
15	3	62	1.0	0.0	15.677	1.013	1.0	1.0
15	3	59	0.556	0.506	17.316	1.416	0.484	0.613
15	3	56	0.0	0.0	nan	nan	0.0	0.0
15	3	53	0.0	0.0	nan	nan	0.0	0.0
15	3	50	0.0	0.0	nan	nan	0.0	0.0
15	3	47	0.0	0.0	nan	nan	0.0	0.0
15	3	44	0.0	0.0	nan	nan	0.0	0.0
16	3	420	19.161	0.374	9.0	0.0	1.0	1.0
16	3	380	18.161	0.374	9.0	0.0	1.0	1.0
16	3	340	17.0	0.0	9.0	0.0	1.0	1.0
16	3	300	15.484	0.508	9.0	0.0	1.0	1.0
16	3	260	13.935	0.25	9.0	0.0	1.0	1.0
16	3	220	11.935	0.25	9.0	0.0	1.0	1.0
16	3	180	9.581	0.502	9.0	0.0	1.0	1.0
16	3	140	7.226	0.425	9.0	0.0	1.0	1.0
16	3	100	4.742	0.445	10.0	0.0	1.0	1.0
16	3	77	3.0	0.0	11.0	0.0	1.0	1.0
16	3	74	2.968	0.18	11.581	0.564	1.0	1.0
16	3	71	2.903	0.301	12.032	0.18	1.0	1.0
16	3	68	2.581	0.502	12.71	0.461	1.0	1.0
16	3	65	2.258	0.445	13.129	0.619	1.0	1.0
16	3	62	2.0	0.0	14.032	0.706	1.0	1.0
16	3	59	1.968	0.18	15.419	0.923	1.0	1.0
16	3	56	1.793	0.412	17.194	1.537	0.935	1.0
16	3	53	1.087	0.515	19.586	1.823	0.677	0.935
16	3	50	0.069	0.258	20.75	2.986	0.065	0.129
16	3	47	0.0	0.0	nan	nan	0.0	0.0
16	3	44	0.0	0.0	nan	nan	0.0	0.0
17	3	420	16.0	0.0	9.0	0.0	1.0	1.0
17	3	380	15.161	0.374	9.0	0.0	1.0	1.0
17	3	340	14.097	0.301	9.0	0.0	1.0	1.0
17	3	300	13.032	0.18	9.0	0.0	1.0	1.0
17	3	260	11.613	0.495	9.0	0.0	1.0	1.0
17	3	220	9.968	0.18	9.0	0.0	1.0	1.0
17	3	180	7.968	0.18	9.0	0.0	1.0	1.0
17	3	140	5.968	0.18	9.0	0.0	1.0	1.0
17	3	100	4.0	0.0	10.0	0.0	1.0	1.0
17	3	77	2.645	0.486	11.258	0.445	1.0	1.0
17	3	74	2.194	0.402	11.806	0.477	1.0	1.0
17	3	71	2.0	0.0	12.097	0.396	1.0	1.0
17	3	68	2.0	0.0	12.742	0.631	1.0	1.0
17	3	65	2.0	0.0	13.903	0.746	1.0	1.0
17	3	62	1.968	0.18	14.645	0.839	1.0	1.0
17	3	59	1.633	0.49	16.258	1.591	0.968	1.0
17	3	56	0.727	0.55	18.708	2.177	0.484	0.774
17	3	53	0.0	0.0	nan	nan	0.0	0.0
17	3	50	0.0	0.0	nan	nan	0.0	0.0
17	3	47	0.0	0.0	nan	nan	0.0	0.0
17	3	44	0.0	0.0	nan	nan	0.0	0.0
18	3	420	15.065	0.25	9.0	0.0	1.0	1.0
18	3	380	14.194	0.402	9.0	0.0	1.0	1.0
18	3	340	13.032	0.18	9.0	0.0	1.0	1.0
18	3	300	11.968	0.18	9.0	0.0	1.0	1.0
18	3	260	10.419	0.502	9.0	0.0	1.0	1.0
18	3	220	8.968	0.18	9.0	0.0	1.0	1.0
18	3	180	6.968	0.18	9.0	0.0	1.0	1.0
18	3	140	5.0	0.0	10.0	0.0	1.0	1.0
18	3	100	3.0	0.0	10.935	0.25	1.0	1.0
18	3	77	2.0	0.0	13.161	0.454	1.0	1.0
18	3	74	1.968	0.18	13.903	0.539	1.0	1.0
18	3	71	1.742	0.445	14.774	0.669	1.0	1.0
18	3	68	1.367	0.49	16.032	1.016	0.968	1.0
18	3	65	0.375	0.495	18.562	1.365	0.29	0.516
18	3	62	0.0	0.0	nan	nan	0.0	0.0
18	3	59	0.0	0.0	nan	nan	0.0	0.0
18	3	56	0.0	0.0	nan	nan	0.0	0.0
18	3	53	0.0	0.0	nan	nan	0.0	0.0
18	3	50	0.0	0.0	nan	nan	0.0	0.0
18	3	47	0.0	0.0	nan	nan	0.0	0.0
18	3	44	0.0	0.0	nan	nan	0.0	0.0
19	3	420	13.0	0.0	10.0	0.0	1.0	1.0
19	3	380	12.226	0.425	10.0	0.0	1.0	1.0
19	3	340	11.29	0.461	10.0	0.0	1.0	1.0
19	3	300	10.161	0.374	10.0	0.0	1.0	1.0
19	3	260	9.0	0.0	10.0	0.0	1.0	1.0
19	3	220	7.935	0.25	10.0	0.0	1.0	1.0
19	3	180	6.0	0.0	10.0	0.0	1.0	1.0
19	3	140	4.677	0.475	10.0	0.0	1.0	1.0
19	3	100	3.0	0.0	11.0	0.0	1.0	1.0
19	3	77	2.0	0.0	13.677	0.475	1.0	1.0
19	3	74	1.935	0.25	14.29	0.461	1.0	1.0
19	3	71	1.71	0.461	15.355	0.661	1.0	1.0
19	3	68	1.133	0.346	16.226	0.99	0.968	1.0
19	3	65	0.632	0.496	18.042	1.122	0.387	0.774
19	3	62	0.0	0.0	20.0	0.0	0.0	0.032
19	3	59	0.0	0.0	nan	nan	0.0	0.0
19	3	56	0.0	0.0	nan	nan	0.0	0.0
19	3	53	0.0	0.0	nan	nan	0.0	0.0
19	3	50	0.0	0.0	nan	nan	0.0	0.0
19	3	47	0.0	0.0	nan	nan	0.0	0.0
19	3	44	0.0	0.0	nan	nan	0.0	0.0
20	3	420	14.0	0.0	9.0	0.0	1.0	1.0
20	3	380	13.065	0.25	9.0	0.0	1.0	1.0
20	3	340	12.226	0.425	9.0	0.0	1.0	1.0
20	3	300	11.258	0.445	9.0	0.0	1.0	1.0
20	3	260	10.065	0.25	9.0	0.0	1.0	1.0
20	3	220	8.806	0.402	9.0	0.0	1.0	1.0
20	3	180	7.0	0.0	9.0	0.0	1.0	1.0
20	3	140	5.355	0.486	9.0	0.0	1.0	1.0
20	3	100	3.742	0.445	10.0	0.0	1.0	1.0
20	3	77	2.516	0.508	11.0	0.0	1.0	1.0
20	3	74	2.129	0.341	11.097	0.396	1.0	1.0
20	3	71	2.032	0.18	11.774	0.425	1.0	1.0
20	3	68	2.0	0.0	12.161	0.374	1.0	1.0
20	3	65	2.0	0.0	12.806	0.402	1.0	1.0
20	3	62	2.0	0.0	13.419	0.765	1.0	1.0
20	3	59	1.871	0.341	14.581	0.564	1.0	1.0
20	3	56	1.333	0.479	16.161	1.828	0.968	1.0
20	3	53	0.545	0.671	19.474	2.836	0.323	0.613
20	3	50	0.0	0.0	21.5	0.707	0.0	0.065
20	3	47	0.0	0.0	nan	nan	0.0	0.0
20	3	44	0.0	0.0	nan	nan	0.0	0.0
21	3	420	17.0	0.0	9.0	0.0	1.0	1.0
21	3	380	16.0	0.0	9.0	0.0	1.0	1.0
21	3	340	15.0	0.0	9.0	0.0	1.0	1.0
21	3	300	14.0	0.0	9.0	0.0	1.0	1.0
21	3	260	12.355	0.486	9.0	0.0	1.0	1.0
21	3	220	10.935	0.25	9.0	0.0	1.0	1.0
21	3	180	9.0	0.0	9.0	0.0	1.0	1.0
21	3	140	6.903	0.301	9.0	0.0	1.0	1.0
21	3	100	4.806	0.402	10.0	0.0	1.0	1.0
21	3	77	3.097	0.301	11.097	0.301	1.0	1.0
21	3	74	3.0	0.0	11.774	0.425	1.0	1.0
21	3	71	3.0	0.0	12.161	0.454	1.0	1.0
21	3	68	2.839	0.374	12.677	0.475	1.0	1.0
21	3	65	2.581	0.502	13.29	0.461	1.0	1.0
21	3	62	2.129	0.341	14.065	0.574	1.0	1.0
21	3	59	2.0	0.0	15.097	0.79	1.0	1.0
21	3	56	1.968	0.18	16.194	0.91	1.0	1.0
21	3	53	1.29	0.529	19.567	1.942	0.968	0.968
21	3	50	0.63	0.492	23.429	2.378	0.548	0.677
21	3	47	0.0	0.0	nan	nan	0.0	0.0
21	3	44	0.0	0.0	nan	nan	0.0	0.0
22	3	420	25.387	0.495	8.935	0.25	1.0	1.0
22	3	380	24.065	0.359	8.968	0.18	1.0	1.0
22	3	340	22.839	0.374	8.774	0.425	1.0	1.0
22	3	300	20.806	0.402	8.742	0.445	1.0	1.0
22	3	260	18.581	0.502	8.839	0.374	1.0	1.0
22	3	220	16.0	0.258	9.0	0.0	1.0	1.0
22	3	180	13.065	0.25	9.0	0.0	1.0	1.0
22	3	140	10.129	0.341	9.0	0.0	1.0	1.0
22	3	100	7.0	0.258	9.129	0.341	1.0	1.0
22	3	77	5.032	0.18	10.226	0.425	1.0	1.0
22	3	74	5.0	0.0	10.935	0.25	1.0	1.0
22	3	71	4.935	0.25	10.968	0.18	1.0	1.0
22	3	68	4.71	0.461	11.194	0.402	1.0	1.0
22	3	65	4.065	0.25	11.903	0.301	1.0	1.0
22	3	62	4.0	0.0	12.129	0.499	1.0	1.0
22	3	59	4.0	0.0	13.0	0.577	1.0	1.0
22	3	56	3.613	0.495	13.968	0.482	1.0	1.0
22	3	53	3.065	0.25	15.0	0.632	1.0	1.0
22	3	50	2.968	0.18	16.452	0.85	1.0	1.0
22	3	47	2.29	0.529	19.226	1.892	1.0	1.0
22	3	44	1.677	0.541	23.419	2.655	1.0	1.0
23	3	420	21.742	0.445	9.0	0.0	1.0	1.0
23	3	380	20.839	0.374	9.0	0.0	1.0	1.0
23	3	340	19.452	0.506	9.0	0.0	1.0	1.0
23	3	300	17.968	0.18	9.0	0.0	1.0	1.0
23	3	260	16.065	0.25	9.0	0.0	1.0	1.0
23	3	220	13.968	0.18	9.0	0.0	1.0	1.0
23	3	180	11.645	0.486	9.0	0.0	1.0	1.0
23	3	140	8.968	0.18	9.0	0.0	1.0	1.0
23	3	100	6.097	0.301	10.0	0.0	1.0	1.0
23	3	77	4.774	0.425	11.0	0.0	1.0	1.0
23	3	74	4.258	0.445	11.161	0.374	1.0	1.0
23	3	71	4.0	0.0	11.645	0.486	1.0	1.0
23	3	68	4.0	0.0	12.032	0.18	1.0	1.0
23	3	65	3.935	0.25	12.323	0.475	1.0	1.0
23	3	62	3.548	0.506	12.774	0.497	1.0	1.0
23	3	59	3.097	0.301	13.452	0.568	1.0	1.0
23	3	56	3.0	0.0	14.516	0.724	1.0	1.0
23	3	53	3.0	0.0	15.677	1.077	1.0	1.0
23	3	50	2.387	0.615	17.516	1.262	1.0	1.0
23	3	47	1.548	0.768	20.065	3.549	1.0	1.0
23	3	44	0.968	0.315	23.897	3.098	0.935	0.935
24	3	420	13.516	0.508	9.0	0.0	1.0	1.0
24	3	380	13.0	0.0	9.0	0.0	1.0	1.0
24	3	340	12.0	0.0	9.0	0.0	1.0	1.0
24	3	300	11.0	0.0	9.0	0.0	1.0	1.0
24	3	260	10.0	0.0	9.0	0.0	1.0	1.0
24	3	220	8.258	0.445	9.0	0.0	1.0	1.0
24	3	180	6.968	0.18	9.0	0.0	1.0	1.0
24	3	140	5.0	0.0	9.742	0.445	1.0	1.0
24	3	100	3.548	0.506	10.194	0.402	1.0	1.0
24	3	77	2.129	0.341	12.419	0.502	1.0	1.0
24	3	74	2.065	0.25	13.0	0.258	1.0	1.0
24	3	71	2.0	0.0	13.742	0.575	1.0	1.0
24	3	68	2.0	0.0	14.645	0.661	1.0	1.0
24	3	65	1.968	0.18	15.968	1.14	1.0	1.0
24	3	62	1.633	0.49	18.323	1.904	0.968	1.0
24	3	59	0.48	0.51	23.389	2.2	0.387	0.581
24	3	56	0.032	0.18	24.0	0.0	0.032	0.032
24	3	53	0.0	0.0	nan	nan	0.0	0.0
24	3	50	0.0	0.0	nan	nan	0.0	0.0
24	3	47	0.0	0.0	nan	nan	0.0	0.0
24	3	44	0.0	0.0	nan	nan	0.0	0.0
25	3	420	14.032	0.18	9.0	0.0	1.0	1.0
25	3	380	13.161	0.374	9.0	0.0	1.0	1.0
25	3	340	12.226	0.425	9.0	0.0	1.0	1.0
25	3	300	11.0	0.0	9.0	0.0	1.0	1.0
25	3	260	9.968	0.18	9.0	0.0	1.0	1.0
25	3	220	8.0	0.0	9.032	0.18	1.0	1.0
25	3	180	6.516	0.508	9.548	0.506	1.0	1.0
25	3	140	4.935	0.25	10.0	0.0	1.0	1.0
25	3	100	3.0	0.0	10.903	0.301	1.0	1.0
25	3	77	2.0	0.0	12.903	0.301	1.0	1.0
25	3	74	2.0	0.0	13.516	0.508	1.0	1.0
25	3	71	1.645	0.486	14.161	0.523	1.0	1.0
25	3	68	1.0	0.0	15.548	0.81	1.0	1.0
25	3	65	0.889	0.424	17.037	1.224	0.742	0.871
25	3	62	0.0	0.0	19.0	0.0	0.0	0.032
25	3	59	0.0	0.0	nan	nan	0.0	0.0
25	3	56	0.0	0.0	nan	nan	0.0	0.0
25	3	53	0.0	0.0	nan	nan	0.0	0.0
25	3	50	0.0	0.0	nan	nan	0.0	0.0
25	3	47	0.0	0.0	nan	nan	0.0	0.0
25	3	44	0.0	0.0	nan	nan	0.0	0.0
26	3	420	14.129	0.341	9.0	0.0	1.0	1.0
26	3	380	14.0	0.0	9.0	0.0	1.0	1.0
26	3	340	12.968	0.18	9.0	0.0	1.0	1.0
26	3	300	11.935	0.25	9.0	0.0	1.0	1.0
26	3	260	10.323	0.475	9.0	0.0	1.0	1.0
26	3	220	9.0	0.0	9.0	0.0	1.0	1.0
26	3	180	7.097	0.301	9.0	0.0	1.0	1.0
26	3	140	5.548	0.506	9.0	0.0	1.0	1.0
26	3	100	3.613	0.495	10.0	0.0	1.0	1.0
26	3	77	2.355	0.486	11.935	0.359	1.0	1.0
26	3	74	2.065	0.25	12.194	0.402	1.0	1.0
26	3	71	2.032	0.18	12.677	0.541	1.0	1.0
26	3	68	2.0	0.0	13.29	0.461	1.0	1.0
26	3	65	2.0	0.0	14.548	0.624	1.0	1.0
26	3	62	1.903	0.301	15.065	0.814	1.0	1.0
26	3	59	1.533	0.571	16.6	0.968	0.935	0.968
26	3	56	0.353	0.606	20.632	2.543	0.161	0.613
26	3	53	0.0	0.0	23.0	0.0	0.0	0.032
26	3	50	0.0	0.0	nan	nan	0.0	0.0
26	3	47	0.0	0.0	nan	nan	0.0	0.0
26	3	44	0.0	0.0	nan	nan	0.0	0.0
27	3	420	20.161	0.374	9.0	0.0	1.0	1.0
27	3	380	19.097	0.301	9.0	0.0	1.0	1.0
27	3	340	17.903	0.301	9.0	0.0	1.0	1.0
27	3	300	16.032	0.18	9.0	0.0	1.0	1.0
27	3	260	14.161	0.374	9.0	0.0	1.0	1.0
27	3	220	12.065	0.25	9.0	0.0	1.0	1.0
27	3	180	9.903	0.301	9.0	0.0	1.0	1.0
27	3	140	7.194	0.402	9.0	0.0	1.0	1.0
27	3	100	4.903	0.301	10.0	0.0	1.0	1.0
27	3	77	3.032	0.18	11.032	0.18	1.0	1.0
27	3	74	3.0	0.0	11.161	0.374	1.0	1.0
27	3	71	2.742	0.445	11.548	0.506	1.0	1.0
27	3	68	2.355	0.486	12.032	0.315	1.0	1.0
27	3	65	2.161	0.374	12.645	0.608	1.0	1.0
27	3	62	2.065	0.25	13.419	0.672	1.0	1.0
27	3	59	1.968	0.18	14.742	0.893	1.0	1.0
27	3	56	1.806	0.402	15.935	1.063	1.0	1.0
27	3	53	1.217	0.6	18.276	2.103	0.677	0.935
27	3	50	0.033	0.183	21.5	4.95	0.032	0.065
27	3	47	0.0	0.0	nan	nan	0.0	0.0
27	3	44	0.0	0.0	nan	nan	0.0	0.0
28	3	420	22.129	0.341	9.0	0.0	1.0	1.0
28	3	380	21.129	0.341	9.0	0.0	1.0	1.0
28	3	340	20.0	0.0	9.0	0.0	1.0	1.0
28	3	300	18.323	0.475	9.0	0.0	1.0	1.0
28	3	260	16.516	0.508	9.0	0.0	1.0	1.0
28	3	220	14.516	0.508	9.0	0.0	1.0	1.0
28	3	180	12.0	0.0	9.0	0.0	1.0	1.0
28	3	140	9.226	0.425	9.0	0.0	1.0	1.0
28	3	100	6.645	0.486	9.839	0.374	1.0	1.0
28	3	77	5.0	0.0	10.806	0.402	1.0	1.0
28	3	74	4.839	0.374	11.032	0.18	1.0	1.0
28	3	71	4.548	0.506	11.097	0.301	1.0	1.0
28	3	68	4.065	0.25	11.581	0.502	1.0	1.0
28	3	65	4.0	0.0	11.968	0.18	1.0	1.0
28	3	62	3.968	0.18	12.516	0.626	1.0	1.0
28	3	59	3.742	0.445	13.194	0.402	1.0	1.0
28	3	56	3.258	0.445	14.258	0.575	1.0	1.0
28	3	53	3.0	0.0	15.484	0.677	1.0	1.0
28	3	50	2.871	0.341	17.258	1.064	1.0	1.0
28	3	47	2.032	0.315	21.161	2.531	1.0	1.0
28	3	44	1.407	0.572	29.067	5.278	0.839	0.968
29	3	420	23.0	0.0	8.0	0.0	1.0	1.0
29	3	380	21.806	0.402	8.0	0.0	1.0	1.0
29	3	340	20.484	0.508	8.0	0.0	1.0	1.0
29	3	300	18.968	0.18	8.0	0.0	1.0	1.0
29	3	260	17.0	0.365	8.0	0.0	1.0	1.0
29	3	220	14.903	0.301	8.0	0.0	1.0	1.0
29	3	180	12.0	0.258	8.065	0.25	1.0	1.0
29	3	140	9.387	0.495	9.0	0.0	1.0	1.0
29	3	100	6.581	0.502	9.0	0.0	1.0	1.0
29	3	77	4.935	0.25	10.0	0.0	1.0	1.0
29	3	74	4.71	0.461	10.161	0.374	1.0	1.0
29	3	71	4.194	0.402	10.548	0.506	1.0	1.0
29	3	68	4.0	0.0	11.032	0.18	1.0	1.0
29	3	65	4.0	0.0	11.129	0.341	1.0	1.0
29	3	62	3.903	0.301	11.839	0.374	1.0	1.0
29	3	59	3.194	0.402	12.677	0.475	1.0	1.0
29	3	56	3.032	0.18	13.387	0.715	1.0	1.0
29	3	53	3.0	0.0	14.774	0.617	1.0	1.0
29	3	50	2.903	0.301	16.452	1.859	1.0	1.0
29	3	47	2.0	0.775	19.355	2.484	1.0	1.0
29	3	44	1.032	0.407	23.172	2.391	0.935	0.935
30	3	420	14.903	0.301	9.0	0.0	1.0	1.0
30	3	380	14.0	0.0	9.0	0.0	1.0	1.0
30	3	340	12.968	0.18	9.0	0.0	1.0	1.0
30	3	300	11.903	0.301	9.0	0.0	1.0	1.0
30	3	260	10.032	0.18	9.0	0.0	1.0	1.0
30	3	220	8.871	0.341	9.0	0.0	1.0	1.0
30	3	180	7.0	0.0	9.0	0.0	1.0	1.0
30	3	140	5.032	0.18	9.0	0.0	1.0	1.0
30	3	100	3.032	0.18	10.0	0.0	1.0	1.0
30	3	77	2.0	0.0	12.226	0.425	1.0	1.0
30	3	74	2.0	0.0	12.935	0.442	1.0	1.0
30	3	71	1.935	0.25	13.935	0.68	1.0	1.0
30	3	68	1.742	0.445	15.0	0.632	1.0	1.0
30	3	65	1.111	0.424	16.8	1.157	0.839	0.968
30	3	62	0.095	0.301	20.5	2.876	0.065	0.387
30	3	59	0.0	0.0	19.0	0.0	0.0	0.032
30	3	56	0.0	0.0	nan	nan	0.0	0.0
30	3	53	0.0	0.0	nan	nan	0.0	0.0
30	3	50	0.0	0.0	nan	nan	0.0	0.0
30	3	47	0.0	0.0	nan	nan	0.0	0.0
30	3	44	0.0	0.0	nan	nan	0.0	0.0
31	3	420	18.032	0.18	8.032	0.18	1.0	1.0
31	3	380	17.065	0.25	8.0	0.0	1.0	1.0
31	3	340	16.0	0.0	8.0	0.0	1.0	1.0
31	3	300	14.323	0.475	8.0	0.0	1.0	1.0
31	3	260	12.871	0.341	8.0	0.0	1.0	1.0
31	3	220	10.903	0.301	8.0	0.0	1.0	1.0
31	3	180	8.677	0.475	8.677	0.475	1.0	1.0
31	3	140	6.129	0.341	9.0	0.0	1.0	1.0
31	3	100	3.968	0.18	9.226	0.425	1.0	1.0
31	3	77	2.226	0.425	10.935	0.359	1.0	1.0
31	3	74	2.0	0.0	11.129	0.341	1.0	1.0
31	3	71	2.0	0.0	11.613	0.558	1.0	1.0
31	3	68	2.0	0.0	12.323	0.599	1.0	1.0
31	3	65	1.968	0.18	13.226	0.617	1.0	1.0
31	3	62	1.355	0.486	14.355	0.661	1.0	1.0
31	3	59	0.724	0.455	16.391	1.234	0.677	0.742
31	3	56	0.033	0.183	18.0	0.0	0.032	0.065
31	3	53	0.0	0.0	nan	nan	0.0	0.0
31	3	50	0.0	0.0	nan	nan	0.0	0.0
31	3	47	0.0	0.0	nan	nan	0.0	0.0
31	3	44	0.0	0.0	nan	nan	0.0	0.0
0	4	420	15.194	0.402	8.0	0.0	1.0	1.0
0	4	380	15.0	0.0	8.0	0.0	1.0	1.0
0	4	340	14.0	0.0	8.0	0.0	1.0	1.0
0	4	300	13.0	0.0	8.0	0.0	1.0	1.0
0	4	260	11.774	0.425	8.0	0.0	1.0	1.0
0	4	220	10.0	0.0	8.0	0.0	1.0	1.0
0	4	180	8.774	0.425	8.0	0.0	1.0	1.0
0	4	140	6.968	0.18	9.0	0.0	1.0	1.0
0	4	100	4.968	0.18	9.0	0.0	1.0	1.0
0	4	77	3.935	0.25	10.0	0.0	1.0	1.0
0	4	74	3.419	0.502	10.161	0.374	1.0	1.0
0	4	71	3.097	0.301	10.806	0.402	1.0	1.0
0	4	68	3.0	0.0	11.129	0.341	1.0	1.0
0	4	65	3.0	0.0	11.323	0.475	1.0	1.0
0	4	62	3.0	0.0	11.935	0.25	1.0	1.0
0	4	59	2.935	0.25	12.806	0.601	1.0	1.0
0	4	56	2.677	0.475	13.968	0.605	1.0	1.0
0	4	53	2.129	0.341	15.323	0.748	1.0	1.0
0	4	50	1.742	0.445	17.645	1.872	1.0	1.0
0	4	47	0.867	0.434	22.0	3.567	0.806	0.839
0	4	44	0.0	0.0	nan	nan	0.0	0.0
1	4	420	16.032	0.18	8.0	0.0	1.0	1.0
1	4	380	15.194	0.402	8.0	0.0	1.0	1.0
1	4	340	14.645	0.486	8.0	0.0	1.0	1.0
1	4	300	13.452	0.506	8.0	0.0	1.0	1.0
1	4	260	12.0	0.0	8.0	0.0	1.0	1.0
1	4	220	10.774	0.425	8.065	0.25	1.0	1.0
1	4	180	8.968	0.18	8.323	0.475	1.0	1.0
1	4	140	7.0	0.0	9.0	0.0	1.0	1.0
1	4	100	5.0	0.0	9.0	0.0	1.0	1.0
1	4	77	3.774	0.425	10.097	0.301	1.0	1.0
1	4	74	3.355	0.486	10.581	0.502	1.0	1.0
1	4	71	3.065	0.25	10.839	0.374	1.0	1.0
1	4	68	3.0	0.0	11.129	0.428	1.0	1.0
1	4	65	2.968	0.18	11.774	0.497	1.0	1.0
1	4	62	2.935	0.25	12.355	0.486	1.0	1.0
1	4	59	2.645	0.486	12.903	0.539	1.0	1.0
1	4	56	2.194	0.402	14.194	0.703	1.0	1.0
1	4	53	2.0	0.0	15.323	1.077	1.0	1.0
1	4	50	1.774	0.425	17.806	1.6	1.0	1.0
1	4	47	1.194	0.402	20.355	2.627	1.0	1.0
1	4	44	0.172	0.384	25.571	1.988	0.161	0.226
2	4	420	13.0	0.0	9.0	0.0	1.0	1.0
2	4	380	12.258	0.445	9.0	0.0	1.0	1.0
2	4	340	11.516	0.508	9.0	0.0	1.0	1.0
2	4	300	10.677	0.475	9.0	0.0	1.0	1.0
2	4	260	9.29	0.461	9.0	0.0	1.0	1.0
2	4	220	8.0	0.0	9.0	0.0	1.0	1.0
2	4	180	6.258	0.445	9.0	0.0	1.0	1.0
2	4	140	5.0	0.0	9.0	0.0	1.0	1.0
2	4	100	3.0	0.0	10.0	0.0	1.0	1.0
2	4	77	2.0	0.0	11.839	0.374	1.0	1.0
2	4	74	2.0	0.0	12.161	0.523	1.0	1.0
2	4	71	1.871	0.341	12.677	0.475	1.0	1.0
2	4	68	1.258	0.445	13.71	0.529	1.0	1.0
2	4	65	1.065	0.25	14.742	0.893	1.0	1.0
2	4	62	0.839	0.374	16.115	0.952	0.839	0.839
2	4	59	0.1	0.305	18.25	0.5	0.097	0.129
2	4	56	0.0	0.0	nan	nan	0.0	0.0
2	4	53	0.0	0.0	nan	nan	0.0	0.0
2	4	50	0.0	0.0	nan	nan	0.0	0.0
2	4	47	0.0	0.0	nan	nan	0.0	0.0
2	4	44	0.0	0.0	nan	nan	0.0	0.0
3	4	420	15.871	0.341	8.0	0.0	1.0	1.0
3	4	380	15.0	0.0	8.0	0.0	1.0	1.0
3	4	340	14.032	0.18	8.0	0.0	1.0	1.0
3	4	300	13.0	0.0	8.0	0.0	1.0	1.0
3	4	260	11.903	0.301	8.0	0.0	1.0	1.0
3	4	220	10.065	0.25	8.0	0.0	1.0	1.0
3	4	180	8.71	0.461	8.0	0.0	1.0	1.0
3	4	140	6.903	0.301	8.0	0.0	1.0	1.0
3	4	100	5.0	0.0	9.0	0.0	1.0	1.0
3	4	77	3.71	0.461	9.839	0.374	1.0	1.0
3	4	74	3.387	0.495	10.0	0.0	1.0	1.0
3	4	71	3.032	0.18	10.0	0.0	1.0	1.0
3	4	68	3.0	0.0	10.226	0.425	1.0	1.0
3	4	65	3.0	0.0	10.903	0.301	1.0	1.0
3	4	62	2.903	0.301	11.226	0.497	1.0	1.0
3	4	59	2.935	0.25	12.0	0.447	1.0	1.0
3	4	56	2.258	0.445	12.806	0.654	1.0	1.0
3	4	53	1.968	0.18	13.806	1.078	1.0	1.0
3	4	50	2.0	0.0	15.323	0.702	1.0	1.0
3	4	47	1.548	0.506	18.323	1.558	1.0	1.0
3	4	44	0.741	0.594	23.364	3.836	0.581	0.71
4	4	420	20.613	0.495	8.355	0.486	1.0	1.0
4	4	380	19.806	0.402	8.355	0.486	1.0	1.0
4	4	340	18.839	0.374	8.129	0.341	1.0	1.0
4	4	300	17.161	0.374	8.194	0.402	1.0	1.0
4	4	260	15.613	0.495	8.161	0.374	1.0	1.0
4	4	220	13.839	0.374	8.387	0.495	1.0	1.0
4	4	180	11.355	0.486	8.871	0.341	1.0	1.0
4	4	140	8.968	0.18	9.0	0.0	1.0	1.0
4	4	100	6.419	0.502	9.0	0.0	1.0	1.0
4	4	77	5.0	0.0	10.032	0.18	1.0	1.0
4	4	74	4.903	0.301	10.29	0.461	1.0	1.0
4	4	71	4.29	0.461	10.774	0.425	1.0	1.0
4	4	68	4.032	0.18	10.968	0.18	1.0	1.0
4	4	65	4.0	0.0	11.29	0.461	1.0	1.0
4	4	62	4.0	0.0	11.968	0.315	1.0	1.0
4	4	59	3.774	0.425	12.387	0.495	1.0	1.0
4	4	56	3.323	0.475	13.355	0.755	1.0	1.0
4	4	53	3.0	0.0	14.548	0.675	1.0	1.0
4	4	50	2.968	0.18	15.935	1.031	1.0	1.0
4	4	47	2.419	0.502	18.484	2.031	1.0	1.0
4	4	44	1.581	0.62	21.194	1.957	1.0	1.0
5	4	420	18.774	0.425	9.0	0.0	1.0	1.0
5	4	380	17.839	0.374	9.0	0.0	1.0	1.0
5	4	340	16.839	0.374	9.0	0.0	1.0	1.0
5	4	300	15.387	0.495	9.0	0.0	1.0	1.0
5	4	260	13.935	0.25	9.0	0.0	1.0	1.0
5	4	220	12.032	0.18	9.0	0.0	1.0	1.0
5	4	180	9.968	0.18	9.0	0.0	1.0	1.0
5	4	140	7.806	0.402	9.0	0.0	1.0	1.0
5	4	100	5.097	0.301	10.0	0.0	1.0	1.0
5	4	77	3.968	0.18	11.0	0.0	1.0	1.0
5	4	74	3.806	0.402	11.194	0.402	1.0	1.0
5	4	71	3.419	0.502	11.774	0.425	1.0	1.0
5	4	68	3.129	0.341	12.097	0.473	1.0	1.0
5	4	65	2.968	0.18	12.71	0.529	1.0	1.0
5	4	62	2.935	0.25	13.516	0.626	1.0	1.0
5	4	59	2.71	0.461	14.065	0.854	1.0	1.0
5	4	56	2.226	0.497	15.839	1.003	1.0	1.0
5	4	53	1.806	0.477	17.516	1.435	1.0	1.0
5	4	50	1.167	0.461	19.933	2.303	0.935	0.968
5	4	47	0.233	0.504	21.857	2.795	0.194	0.226
5	4	44	0.0	0.0	27.0	0.0	0.0	0.032
6	4	420	20.839	0.454	9.0	0.0	1.0	1.0
6	4	380	19.903	0.301	9.0	0.0	1.0	1.0
6	4	340	18.742	0.445	8.871	0.341	1.0	1.0
6	4	300	17.032	0.315	8.935	0.25	1.0	1.0
6	4	260	15.129	0.341	9.0	0.0	1.0	1.0
6	4	220	13.129	0.341	9.0	0.0	1.0	1.0
6	4	180	10.903	0.301	9.0	0.0	1.0	1.0
6	4	140	8.226	0.425	9.0	0.0	1.0	1.0
6	4	100	5.613	0.495	9.484	0.508	1.0	1.0
6	4	77	3.903	0.301	10.613	0.495	1.0	1.0
6	4	74	3.677	0.475	11.032	0.315	1.0	1.0
6	4	71	3.29	0.461	11.258	0.445	1.0	1.0
6	4	68	3.065	0.25	11.71	0.588	1.0	1.0
6	4	65	2.968	0.18	12.194	0.543	1.0	1.0
6	4	62	2.581	0.502	12.839	0.583	1.0	1.0
6	4	59	2.452	0.506	13.71	0.783	1.0	1.0
6	4	56	2.194	0.402	15.032	1.016	1.0	1.0
6	4	53	1.933	0.254	16.258	1.39	0.968	1.0
6	4	50	1.481	0.753	18.074	2.601	0.742	0.871
6	4	47	0.379	0.622	20.273	2.832	0.29	0.355
6	4	44	0.0	0.0	nan	nan	0.0	0.0
7	4	420	16.774	0.425	8.0	0.0	1.0	1.0
7	4	380	16.0	0.0	8.0	0.0	1.0	1.0
7	4	340	15.0	0.0	8.0	0.0	1.0	1.0
7	4	300	13.903	0.301	8.0	0.0	1.0	1.0
7	4	260	12.226	0.425	8.0	0.0	1.0	1.0
7	4	220	10.71	0.461	8.0	0.0	1.0	1.0
7	4	180	8.903	0.301	8.0	0.0	1.0	1.0
7	4	140	6.871	0.341	8.935	0.25	1.0	1.0
7	4	100	4.774	0.425	9.0	0.0	1.0	1.0
7	4	77	3.032	0.18	10.0	0.0	1.0	1.0
7	4	74	3.032	0.18	10.065	0.25	1.0	1.0
7	4	71	3.0	0.0	10.355	0.486	1.0	1.0
7	4	68	2.871	0.341	10.871	0.341	1.0	1.0
7	4	65	2.548	0.506	11.161	0.374	1.0	1.0
7	4	62	2.161	0.374	11.774	0.497	1.0	1.0
7	4	59	2.065	0.25	12.484	0.626	1.0	1.0
7	4	56	2.0	0.0	13.516	0.677	1.0	1.0
7	4	53	1.968	0.18	14.452	0.925	1.0	1.0
7	4	50	1.839	0.374	15.806	1.167	1.0	1.0
7	4	47	0.923	0.891	18.0	1.777	0.484	0.645
7	4	44	0.0	0.0	24.0	0.0	0.0	0.032
8	4	420	21.968	0.18	9.0	0.0	1.0	1.0
8	4	380	21.0	0.0	9.0	0.0	1.0	1.0
8	4	340	19.903	0.301	9.0	0.0	1.0	1.0
8	4	300	18.226	0.425	9.0	0.0	1.0	1.0
8	4	260	16.516	0.508	9.0	0.0	1.0	1.0
8	4	220	14.355	0.486	9.0	0.0	1.0	1.0
8	4	180	12.0	0.258	9.0	0.0	1.0	1.0
8	4	140	9.484	0.508	9.0	0.0	1.0	1.0
8	4	100	6.774	0.425	9.71	0.461	1.0	1.0
8	4	77	5.0	0.0	10.581	0.502	1.0	1.0
8	4	74	4.71	0.461	10.968	0.18	1.0	1.0
8	4	71	4.419	0.502	11.161	0.374	1.0	1.0
8	4	68	4.065	0.25	11.677	0.475	1.0	1.0
8	4	65	3.935	0.25	12.097	0.396	1.0	1.0
8	4	62	3.839	0.374	12.806	0.601	1.0	1.0
8	4	59	3.355	0.486	13.516	0.677	1.0	1.0
8	4	56	3.097	0.301	14.419	1.057	1.0	1.0
8	4	53	2.903	0.301	15.484	0.962	1.0	1.0
8	4	50	2.613	0.615	17.387	1.086	1.0	1.0
8	4	47	1.742	0.729	19.387	1.909	1.0	1.0
8	4	44	1.032	0.407	23.862	3.583	0.935	0.935
9	4	420	13.29	0.461	9.0	0.0	1.0	1.0
9	4	380	12.968	0.18	9.0	0.0	1.0	1.0
9	4	340	12.0	0.0	9.0	0.0	1.0	1.0
9	4	300	11.0	0.0	9.0	0.0	1.0	1.0
9	4	260	9.935	0.25	9.0	0.0	1.0	1.0
9	4	220	8.484	0.508	9.0	0.0	1.0	1.0
9	4	180	7.0	0.0	9.0	0.0	1.0	1.0
9	4	140	5.129	0.341	9.0	0.0	1.0	1.0
9	4	100	3.677	0.475	10.0	0.0	1.0	1.0
9	4	77	2.452	0.506	11.0	0.0	1.0	1.0
9	4	74	2.194	0.402	11.032	0.18	1.0	1.0
9	4	71	2.0	0.0	11.29	0.461	1.0	1.0
9	4	68	2.0	0.0	11.742	0.445	1.0	1.0
9	4	65	2.0	0.0	12.387	0.495	1.0	1.0
9	4	62	2.0	0.0	13.097	0.597	1.0	1.0
9	4	59	1.968	0.18	13.806	0.601	1.0	1.0
9	4	56	1.367	0.49	15.484	0.996	0.968	1.0
9	4	53	1.0	0.511	17.464	1.934	0.677	0.903
9	4	50	0.231	0.514	18.2	1.751	0.161	0.323
9	4	47	0.0	0.0	nan	nan	0.0	0.0
9	4	44	0.0	0.0	nan	nan	0.0	0.0
10	4	420	13.0	0.0	9.0	0.0	1.0	1.0
10	4	380	12.645	0.486	8.968	0.18	1.0	1.0
10	4	340	11.935	0.25	9.0	0.0	1.0	1.0
10	4	300	10.871	0.341	8.968	0.18	1.0	1.0
10	4	260	9.516	0.508	9.0	0.0	1.0	1.0
10	4	220	8.0	0.0	9.0	0.0	1.0	1.0
10	4	180	6.806	0.402	9.0	0.0	1.0	1.0
10	4	140	5.0	0.0	9.0	0.0	1.0	1.0
10	4	100	3.0	0.0	10.0	0.0	1.0	1.0
10	4	77	2.0	0.0	11.0	0.0	1.0	1.0
10	4	74	2.0	0.0	11.323	0.475	1.0	1.0
10	4	71	2.0	0.0	12.0	0.258	1.0	1.0
10	4	68	1.903	0.301	12.548	0.624	1.0	1.0
10	4	65	1.29	0.461	13.806	0.703	1.0	1.0
10	4	62	1.0	0.0	14.677	0.653	1.0	1.0
10	4	59	0.833	0.379	16.962	0.999	0.806	0.839
10	4	56	0.0	0.0	nan	nan	0.0	0.0
10	4	53	0.0	0.0	nan	nan	0.0	0.0
10	4	50	0.0	0.0	nan	nan	0.0	0.0
10	4	47	0.0	0.0	nan	nan	0.0	0.0
10	4	44	0.0	0.0	nan	nan	0.0	0.0
11	4	420	14.903	0.301	9.0	0.0	1.0	1.0
11	4	380	14.0	0.0	9.0	0.0	1.0	1.0
11	4	340	13.0	0.0	9.0	0.0	1.0	1.0
11	4	300	12.0	0.0	9.0	0.0	1.0	1.0
11	4	260	10.935	0.25	9.0	0.0	1.0	1.0
11	4	220	9.065	0.25	9.0	0.0	1.0	1.0
11	4	180	7.613	0.495	9.0	0.0	1.0	1.0
11	4	140	5.839	0.374	9.71	0.461	1.0	1.0
11	4	100	3.935	0.25	10.0	0.0	1.0	1.0
11	4	77	2.452	0.506	11.968	0.315	1.0	1.0
11	4	74	2.129	0.341	12.226	0.425	1.0	1.0
11	4	71	2.0	0.0	12.968	0.482	1.0	1.0
11	4	68	2.0	0.0	13.581	0.672	1.0	1.0
11	4	65	2.0	0.0	14.387	0.667	1.0	1.0
11	4	62	1.935	0.25	15.774	0.805	1.0	1.0
11	4	59	1.5	0.659	17.414	1.35	0.71	0.935
11	4	56	0.529	0.8	20.55	2.8	0.194	0.645
11	4	53	0.0	0.0	nan	nan	0.0	0.0
11	4	50	0.0	0.0	nan	nan	0.0	0.0
11	4	47	0.0	0.0	nan	nan	0.0	0.0
11	4	44	0.0	0.0	nan	nan	0.0	0.0
12	4	420	15.0	0.0	9.0	0.0	1.0	1.0
12	4	380	14.226	0.425	9.0	0.0	1.0	1.0
12	4	340	13.581	0.502	9.0	0.0	1.0	1.0
12	4	300	12.387	0.495	9.0	0.0	1.0	1.0
12	4	260	11.065	0.25	9.0	0.0	1.0	1.0
12	4	220	9.968	0.18	9.0	0.0	1.0	1.0
12	4	180	8.032	0.18	9.0	0.0	1.0	1.0
12	4	140	6.097	0.301	9.0	0.0	1.0	1.0
12	4	100	4.355	0.486	9.968	0.18	1.0	1.0
12	4	77	3.0	0.0	11.258	0.445	1.0	1.0
12	4	74	3.0	0.0	11.839	0.374	1.0	1.0
12	4	71	3.0	0.0	12.419	0.502	1.0	1.0
12	4	68	3.0	0.0	13.032	0.547	1.0	1.0
12	4	65	2.613	0.495	14.097	0.746	1.0	1.0
12	4	62	2.258	0.445	15.129	0.428	1.0	1.0
12	4	59	1.839	0.374	17.129	1.056	1.0	1.0
12	4	56	1.2	0.407	20.774	3.432	0.968	1.0
12	4	53	0.533	0.507	25.824	3.812	0.516	0.548
12	4	50	0.0	0.0	nan	nan	0.0	0.0
12	4	47	0.0	0.0	nan	nan	0.0	0.0
12	4	44	0.0	0.0	nan	nan	0.0	0.0
13	4	420	13.0	0.0	9.0	0.0	1.0	1.0
13	4	380	12.613	0.495	9.0	0.0	1.0	1.0
13	4	340	11.935	0.25	9.0	0.0	1.0	1.0
13	4	300	11.0	0.0	8.968	0.18	1.0	1.0
13	4	260	9.968	0.18	9.0	0.0	1.0	1.0
13	4	220	8.71	0.461	9.0	0.0	1.0	1.0
13	4	180	7.0	0.0	9.0	0.0	1.0	1.0
13	4	140	5.71	0.461	9.0	0.0	1.0	1.0
13	4	100	4.0	0.0	9.645	0.486	1.0	1.0
13	4	77	2.903	0.301	10.903	0.301	1.0	1.0
13	4	74	2.839	0.374	10.968	0.18	1.0	1.0
13	4	71	2.387	0.495	11.226	0.425	1.0	1.0
13	4	68	2.065	0.25	11.806	0.543	1.0	1.0
13	4	65	2.0	0.0	12.323	0.541	1.0	1.0
13	4	62	2.0	0.0	13.097	0.473	1.0	1.0
13	4	59	2.0	0.0	14.032	0.605	1.0	1.0
13	4	56	1.968	0.18	15.161	0.934	1.0	1.0
13	4	53	1.714	0.46	17.29	2.224	0.903	1.0
13	4	50	0.75	0.683	21.4	2.0	0.323	0.806
13	4	47	0.0	0.0	nan	nan	0.0	0.0
13	4	44	0.0	0.0	nan	nan	0.0	0.0
14	4	420	14.097	0.301	8.129	0.341	1.0	1.0
14	4	380	13.903	0.301	8.032	0.18	1.0	1.0
14	4	340	13.0	0.0	8.0	0.0	1.0	1.0
14	4	300	12.0	0.0	8.0	0.0	1.0	1.0
14	4	260	11.0	0.0	8.032	0.18	1.0	1.0
14	4	220	9.548	0.506	8.29	0.461	1.0	1.0
14	4	180	8.0	0.0	8.677	0.475	1.0	1.0
14	4	140	6.032	0.18	9.0	0.0	1.0	1.0
14	4	100	4.194	0.402	9.032	0.18	1.0	1.0
14	4	77	3.032	0.18	10.065	0.25	1.0	1.0
14	4	74	3.0	0.0	10.806	0.402	1.0	1.0
14	4	71	3.0	0.0	11.0	0.0	1.0	1.0
14	4	68	3.0	0.0	11.29	0.461	1.0	1.0
14	4	65	3.0	0.0	12.097	0.7	1.0	1.0
14	4	62	2.774	0.425	12.677	0.599	1.0	1.0
14	4	59	2.129	0.341	13.548	0.568	1.0	1.0
14	4	56	2.0	0.0	14.613	0.882	1.0	1.0
14	4	53	1.935	0.25	16.613	1.764	1.0	1.0
14	4	50	1.194	0.402	20.323	2.522	1.0	1.0
14	4	47	0.613	0.495	23.684	3.351	0.613	0.613
14	4	44	0.032	0.18	24.0	0.0	0.032	0.032
15	4	420	14.0	0.0	8.0	0.0	1.0	1.0
15	4	380	13.0	0.0	8.0	0.0	1.0	1.0
15	4	340	12.29	0.461	8.0	0.0	1.0	1.0
15	4	300	11.452	0.506	8.0	0.0	1.0	1.0
15	4	260	10.032	0.18	8.0	0.0	1.0	1.0
15	4	220	9.0	0.0	8.0	0.0	1.0	1.0
15	4	180	7.452	0.506	8.0	0.0	1.0	1.0
15	4	140	5.968	0.18	8.0	0.0	1.0	1.0
15	4	100	4.0	0.0	9.0	0.0	1.0	1.0
15	4	77	3.0	0.0	10.0	0.0	1.0	1.0
15	4	74	3.0	0.0	10.032	0.18	1.0	1.0
15	4	71	2.935	0.25	10.548	0.506	1.0	1.0
15	4	68	2.581	0.502	11.0	0.365	1.0	1.0
15	4	65	2.065	0.25	11.613	0.615	1.0	1.0
15	4	62	2.0	0.0	12.71	0.643	1.0	1.0
15	4	59	2.032	0.18	13.613	0.715	1.0	1.0
15	4	56	1.968	0.18	15.613	1.116	1.0	1.0
15	4	53	1.267	0.583	19.207	2.969	0.903	0.935
15	4	50	0.448	0.572	24.5	3.818	0.387	0.452
15	4	47	0.0	0.0	nan	nan	0.0	0.0
15	4	44	0.0	0.0	nan	nan	0.0	0.0
16	4	420	20.935	0.25	9.0	0.0	1.0	1.0
16	4	380	19.935	0.25	9.0	0.0	1.0	1.0
16	4	340	18.645	0.486	9.0	0.0	1.0	1.0
16	4	300	17.065	0.25	9.0	0.0	1.0	1.0
16	4	260	15.355	0.486	9.0	0.0	1.0	1.0
16	4	220	13.29	0.461	9.0	0.0	1.0	1.0
16	4	180	10.968	0.18	9.0	0.0	1.0	1.0
16	4	140	8.452	0.506	9.0	0.0	1.0	1.0
16	4	100	5.903	0.301	9.935	0.25	1.0	1.0
16	4	77	4.0	0.0	11.032	0.315	1.0	1.0
16	4	74	3.935	0.25	11.161	0.374	1.0	1.0
16	4	71	3.613	0.495	11.774	0.497	1.0	1.0
16	4	68	3.387	0.495	12.065	0.442	1.0	1.0
16	4	65	3.0	0.0	12.742	0.682	1.0	1.0
16	4	62	2.968	0.18	13.677	0.871	1.0	1.0
16	4	59	2.774	0.425	14.806	1.046	1.0	1.0
16	4	56	2.452	0.506	15.935	1.031	1.0	1.0
16	4	53	1.677	0.653	18.194	2.007	1.0	1.0
16	4	50	1.067	0.45	20.655	2.69	0.903	0.935
16	4	47	0.393	0.497	24.786	3.043	0.355	0.452
16	4	44	0.0	0.0	nan	nan	0.0	0.0
17	4	420	15.516	0.508	8.71	0.461	1.0	1.0
17	4	380	14.935	0.25	8.613	0.495	1.0	1.0
17	4	340	14.0	0.0	8.419	0.502	1.0	1.0
17	4	300	12.968	0.18	8.355	0.486	1.0	1.0
17	4	260	11.645	0.486	8.452	0.506	1.0	1.0
17	4	220	10.032	0.18	8.677	0.475	1.0	1.0
17	4	180	8.548	0.506	9.0	0.0	1.0	1.0
17	4	140	6.581	0.502	9.0	0.0	1.0	1.0
17	4	100	4.419	0.502	9.484	0.508	1.0	1.0
17	4	77	3.032	0.18	10.968	0.18	1.0	1.0
17	4	74	3.0	0.0	11.065	0.25	1.0	1.0
17	4	71	2.935	0.25	11.548	0.506	1.0	1.0
17	4	68	2.839	0.374	12.129	0.428	1.0	1.0
17	4	65	2.226	0.425	12.935	0.574	1.0	1.0
17	4	62	2.0	0.0	13.71	0.693	1.0	1.0
17	4	59	1.968	0.18	14.968	1.016	1.0	1.0
17	4	56	1.935	0.25	16.613	0.989	1.0	1.0
17	4	53	1.259	0.526	18.933	1.68	0.839	0.968
17	4	50	0.103	0.31	24.0	2.828	0.097	0.161
17	4	47	0.0	0.0	nan	nan	0.0	0.0
17	4	44	0.0	0.0	nan	nan	0.0	0.0
18	4	420	17.258	0.445	8.0	0.0	1.0	1.0
18	4	380	16.903	0.301	8.0	0.0	1.0	1.0
18	4	340	15.968	0.18	8.0	0.0	1.0	1.0
18	4	300	14.806	0.402	8.0	0.0	1.0	1.0
18	4	260	13.129	0.341	8.0	0.0	1.0	1.0
18	4	220	11.613	0.495	8.0	0.0	1.0	1.0
18	4	180	9.903	0.301	8.0	0.0	1.0	1.0
18	4	140	7.774	0.425	9.0	0.0	1.0	1.0
18	4	100	5.258	0.445	9.0	0.0	1.0	1.0
18	4	77	4.0	0.0	10.065	0.25	1.0	1.0
18	4	74	4.0	0.0	10.645	0.486	1.0	1.0
18	4	71	3.935	0.25	10.935	0.25	1.0	1.0
18	4	68	3.516	0.508	11.161	0.374	1.0	1.0
18	4	65	3.0	0.0	11.742	0.445	1.0	1.0
18	4	62	3.0	0.0	12.355	0.486	1.0	1.0
18	4	59	3.0	0.0	13.29	0.643	1.0	1.0
18	4	56	2.968	0.18	14.516	0.57	1.0	1.0
18	4	53	2.839	0.374	15.935	0.814	1.0	1.0
18	4	50	1.677	0.653	18.581	1.893	1.0	1.0
18	4	47	1.033	0.183	22.581	2.592	0.968	1.0
18	4	44	0.267	0.45	27.889	3.296	0.258	0.29
19	4	420	17.742	0.445	8.0	0.0	1.0	1.0
19	4	380	16.903	0.301	8.0	0.0	1.0	1.0
19	4	340	16.0	0.258	8.0	0.0	1.0	1.0
19	4	300	14.935	0.25	8.0	0.0	1.0	1.0
19	4	260	13.194	0.402	8.0	0.0	1.0	1.0
19	4	220	11.839	0.374	8.0	0.0	1.0	1.0
19	4	180	9.871	0.341	8.0	0.0	1.0	1.0
19	4	140	7.677	0.475	8.0	0.0	1.0	1.0
19	4	100	5.452	0.506	8.387	0.495	1.0	1.0
19	4	77	4.0	0.0	9.129	0.341	1.0	1.0
19	4	74	4.0	0.0	9.452	0.506	1.0	1.0
19	4	71	3.968	0.18	9.935	0.25	1.0	1.0
19	4	68	3.484	0.508	10.065	0.25	1.0	1.0
19	4	65	3.161	0.374	10.581	0.502	1.0	1.0
19	4	62	3.032	0.18	10.968	0.315	1.0	1.0
19	4	59	3.0	0.0	11.516	0.57	1.0	1.0
19	4	56	3.0	0.0	12.323	0.541	1.0	1.0
19	4	53	2.903	0.301	13.548	0.624	1.0	1.0
19	4	50	2.258	0.445	15.226	1.175	1.0	1.0
19	4	47	1.774	0.425	17.355	1.496	1.0	1.0
19	4	44	0.967	0.32	24.897	4.152	0.903	0.935
20	4	420	13.613	0.495	8.0	0.0	1.0	1.0
20	4	380	13.0	0.0	8.0	0.0	1.0	1.0
20	4	340	12.0	0.0	8.0	0.0	1.0	1.0
20	4	300	11.032	0.18	8.0	0.0	1.0	1.0
20	4	260	10.032	0.18	8.0	0.0	1.0	1.0
20	4	220	9.0	0.0	8.0	0.0	1.0	1.0
20	4	180	7.0	0.0	8.161	0.374	1.0	1.0
20	4	140	5.774	0.425	9.0	0.0	1.0	1.0
20	4	100	4.0	0.0	9.516	0.508	1.0	1.0
20	4	77	3.0	0.0	11.194	0.402	1.0	1.0
20	4	74	2.613	0.495	11.968	0.407	1.0	1.0
20	4	71	2.097	0.301	12.742	0.445	1.0	1.0
20	4	68	2.0	0.0	13.742	0.682	1.0	1.0
20	4	65	2.0	0.0	14.935	0.892	1.0	1.0
20	4	62	1.871	0.341	17.065	2.016	1.0	1.0
20	4	59	1.167	0.379	21.258	2.744	0.968	1.0
20	4	56	0.138	0.351	26.167	2.714	0.129	0.194
20	4	53	0.0	0.0	nan	nan	0.0	0.0
20	4	50	0.0	0.0	nan	nan	0.0	0.0
20	4	47	0.0	0.0	nan	nan	0.0	0.0
20	4	44	0.0	0.0	nan	nan	0.0	0.0
21	4	420	14.032	0.18	8.0	0.0	1.0	1.0
21	4	380	13.355	0.486	8.0	0.0	1.0	1.0
21	4	340	12.71	0.461	8.0	0.0	1.0	1.0
21	4	300	11.677	0.475	8.0	0.0	1.0	1.0
21	4	260	10.258	0.445	8.0	0.0	1.0	1.0
21	4	220	9.0	0.0	8.0	0.0	1.0	1.0
21	4	180	7.161	0.374	8.097	0.301	1.0	1.0
21	4	140	5.839	0.374	8.968	0.18	1.0	1.0
21	4	100	3.968	0.18	9.0	0.0	1.0	1.0
21	4	77	2.806	0.402	10.097	0.301	1.0	1.0
21	4	74	2.29	0.461	10.774	0.425	1.0	1.0
21	4	71	2.065	0.25	11.0	0.258	1.0	1.0
21	4	68	2.0	0.0	11.774	0.425	1.0	1.0
21	4	65	2.0	0.0	12.29	0.461	1.0	1.0
21	4	62	2.0	0.0	13.097	0.831	1.0	1.0
21	4	59	1.871	0.341	14.161	0.688	1.0	1.0
21	4	56	1.7	0.535	16.167	1.234	0.935	0.968
21	4	53	1.0	0.707	18.04	1.767	0.613	0.806
21	4	50	0.0	0.0	20.0	0.0	0.0	0.032
21	4	47	0.0	0.0	nan	nan	0.0	0.0
21	4	44	0.0	0.0	nan	nan	0.0	0.0
22	4	420	13.0	0.0	8.0	0.0	1.0	1.0
22	4	380	12.097	0.301	8.0	0.0	1.0	1.0
22	4	340	11.871	0.341	8.0	0.0	1.0	1.0
22	4	300	10.968	0.18	8.0	0.0	1.0	1.0
22	4	260	9.968	0.18	8.0	0.0	1.0	1.0
22	4	220	8.516	0.508	8.0	0.0	1.0	1.0
22	4	180	7.0	0.0	8.097	0.301	1.0	1.0
22	4	140	5.903	0.301	9.0	0.0	1.0	1.0
22	4	100	4.0	0.0	9.0	0.0	1.0	1.0
22	4	77	3.0	0.0	10.258	0.445	1.0	1.0
22	4	74	3.0	0.0	10.774	0.425	1.0	1.0
22	4	71	3.0	0.0	10.935	0.25	1.0	1.0
22	4	68	2.516	0.508	11.677	0.541	1.0	1.0
22	4	65	2.032	0.18	12.129	0.428	1.0	1.0
22	4	62	2.0	0.0	13.097	0.597	1.0	1.0
22	4	59	2.0	0.0	13.871	0.67	1.0	1.0
22	4	56	1.935	0.25	15.871	1.118	1.0	1.0
22	4	53	1.516	0.508	18.387	2.06	1.0	1.0
22	4	50	0.533	0.507	22.706	2.085	0.516	0.548
22	4	47	0.0	0.0	nan	nan	0.0	0.0
22	4	44	0.0	0.0	nan	nan	0.0	0.0
23	4	420	13.323	0.475	8.0	0.0	1.0	1.0
23	4	380	13.0	0.0	8.0	0.0	1.0	1.0
23	4	340	12.0	0.0	8.0	0.0	1.0	1.0
23	4	300	11.0	0.0	8.0	0.0	1.0	1.0
23	4	260	9.968	0.18	8.0	0.0	1.0	1.0
23	4	220	8.129	0.341	8.0	0.0	1.0	1.0
23	4	180	7.0	0.0	8.0	0.0	1.0	1.0
23	4	140	5.0	0.0	8.387	0.495	1.0	1.0
23	4	100	3.0	0.0	9.0	0.0	1.0	1.0
23	4	77	2.0	0.0	10.71	0.461	1.0	1.0
23	4	74	2.0	0.0	11.129	0.428	1.0	1.0
23	4	71	2.0	0.0	11.613	0.615	1.0	1.0
23	4	68	1.935	0.25	12.419	0.62	1.0	1.0
23	4	65	1.742	0.445	13.258	0.815	1.0	1.0
23	4	62	1.452	0.506	14.613	1.086	1.0	1.0
23	4	59	0.923	0.392	16.607	1.524	0.742	0.903
23	4	56	0.207	0.412	18.5	1.69	0.194	0.258
23	4	53	0.0	0.0	nan	nan	0.0	0.0
23	4	50	0.0	0.0	nan	nan	0.0	0.0
23	4	47	0.0	0.0	nan	nan	0.0	0.0
23	4	44	0.0	0.0	nan	nan	0.0	0.0
24	4	420	19.258	0.445	8.0	0.0	1.0	1.0
24	4	380	18.484	0.508	8.0	0.0	1.0	1.0
24	4	340	17.355	0.486	8.0	0.0	1.0	1.0
24	4	300	16.0	0.258	8.0	0.0	1.0	1.0
24	4	260	14.387	0.495	8.0	0.0	1.0	1.0
24	4	220	12.581	0.502	8.0	0.0	1.0	1.0
24	4	180	10.452	0.506	8.0	0.0	1.0	1.0
24	4	140	8.0	0.258	8.806	0.402	1.0	1.0
24	4	100	5.484	0.508	9.0	0.0	1.0	1.0
24	4	77	3.968	0.18	10.129	0.341	1.0	1.0
24	4	74	3.806	0.402	10.419	0.502	1.0	1.0
24	4	71	3.484	0.508	10.903	0.539	1.0	1.0
24	4	68	3.194	0.402	11.097	0.301	1.0	1.0
24	4	65	3.0	0.258	11.645	0.486	1.0	1.0
24	4	62	2.871	0.341	12.258	0.682	1.0	1.0
24	4	59	2.548	0.506	13.0	0.683	1.0	1.0
24	4	56	2.194	0.402	14.097	1.076	1.0	1.0
24	4	53	2.065	0.25	15.419	0.886	1.0	1.0
24	4	50	1.69	0.604	17.345	1.857	0.871	0.935
24	4	47	0.64	0.569	21.762	2.508	0.484	0.677
24	4	44	0.192	0.402	24.1	2.885	0.161	0.323
25	4	420	15.419	0.502	8.0	0.0	1.0	1.0
25	4	380	14.968	0.18	8.0	0.0	1.0	1.0
25	4	340	14.0	0.0	8.0	0.0	1.0	1.0
25	4	300	13.0	0.0	8.0	0.0	1.0	1.0
25	4	260	11.903	0.301	8.0	0.0	1.0	1.0
25	4	220	10.032	0.18	8.032	0.18	1.0	1.0
25	4	180	8.645	0.486	8.129	0.341	1.0	1.0
25	4	140	6.871	0.341	9.0	0.0	1.0	1.0
25	4	100	4.839	0.374	9.0	0.0	1.0	1.0
25	4	77	3.452	0.506	10.032	0.18	1.0	1.0
25	4	74	3.0	0.0	10.548	0.506	1.0	1.0
25	4	71	3.0	0.0	10.935	0.25	1.0	1.0
25	4	68	3.0	0.0	11.129	0.341	1.0	1.0
25	4	65	3.0	0.0	11.71	0.461	1.0	1.0
25	4	62	2.742	0.445	12.226	0.56	1.0	1.0
25	4	59	2.161	0.374	13.129	0.499	1.0	1.0
25	4	56	2.0	0.0	14.194	0.703	1.0	1.0
25	4	53	2.0	0.0	15.548	0.85	1.0	1.0
25	4	50	1.742	0.445	17.194	1.493	1.0	1.0
25	4	47	1.179	0.476	20.267	2.363	0.871	0.968
25	4	44	0.25	0.441	23.2	2.53	0.226	0.323
26	4	420	16.032	0.18	8.0	0.0	1.0	1.0
26	4	380	15.355	0.486	8.0	0.0	1.0	1.0
26	4	340	14.548	0.506	8.0	0.0	1.0	1.0
26	4	300	13.387	0.495	8.0	0.0	1.0	1.0
26	4	260	12.0	0.0	8.0	0.0	1.0	1.0
26	4	220	10.484	0.508	8.0	0.0	1.0	1.0
26	4	180	8.871	0.341	8.129	0.341	1.0	1.0
26	4	140	6.839	0.374	9.0	0.0	1.0	1.0
26	4	100	4.387	0.495	9.032	0.18	1.0	1.0
26	4	77	3.0	0.0	10.097	0.301	1.0	1.0
26	4	74	3.0	0.0	10.548	0.506	1.0	1.0
26	4	71	2.903	0.301	11.0	0.258	1.0	1.0
26	4	68	2.774	0.425	11.258	0.445	1.0	1.0
26	4	65	2.323	0.475	11.806	0.601	1.0	1.0
26	4	62	2.065	0.25	12.484	0.508	1.0	1.0
26	4	59	2.0	0.0	13.548	0.675	1.0	1.0
26	4	56	2.0	0.0	14.581	0.923	1.0	1.0
26	4	53	1.833	0.379	16.839	1.917	0.968	1.0
26	4	50	0.818	0.853	19.0	2.121	0.387	0.677
26	4	47	0.0	0.0	nan	nan	0.0	0.0
26	4	44	0.0	0.0	nan	nan	0.0	0.0
27	4	420	23.387	0.495	8.968	0.18	1.0	1.0
27	4	380	22.419	0.502	8.968	0.18	1.0	1.0
27	4	340	21.161	0.374	8.968	0.18	1.0	1.0
27	4	300	19.742	0.445	8.903	0.301	1.0	1.0
27	4	260	17.903	0.301	9.0	0.0	1.0	1.0
27	4	220	15.613	0.495	9.0	0.0	1.0	1.0
27	4	180	13.032	0.18	9.0	0.0	1.0	1.0
27	4	140	10.194	0.402	9.0	0.0	1.0	1.0
27	4	100	7.097	0.301	9.258	0.445	1.0	1.0
27	4	77	5.323	0.475	10.419	0.502	1.0	1.0
27	4	74	5.032	0.18	11.0	0.258	1.0	1.0
27	4	71	5.0	0.0	10.968	0.18	1.0	1.0
27	4	68	4.935	0.25	11.29	0.461	1.0	1.0
27	4	65	4.355	0.486	12.032	0.18	1.0	1.0
27	4	62	4.032	0.18	12.516	0.508	1.0	1.0
27	4	59	4.065	0.25	13.258	0.445	1.0	1.0
27	4	56	3.871	0.341	14.194	0.654	1.0	1.0
27	4	53	3.419	0.502	15.71	0.783	1.0	1.0
27	4	50	2.645	0.551	18.032	1.602	1.0	1.0
27	4	47	2.065	0.25	20.548	2.063	1.0	1.0
27	4	44	1.857	0.525	29.448	4.205	0.839	0.935
28	4	420	19.839	0.374	8.0	0.0	1.0	1.0
28	4	380	18.903	0.301	8.0	0.0	1.0	1.0
28	4	340	17.903	0.301	8.0	0.0	1.0	1.0
28	4	300	16.355	0.486	8.0	0.0	1.0	1.0
28	4	260	14.871	0.341	8.0	0.0	1.0	1.0
28	4	220	13.0	0.0	8.0	0.0	1.0	1.0
28	4	180	10.839	0.374	8.065	0.25	1.0	1.0
28	4	140	8.032	0.18	8.968	0.18	1.0	1.0
28	4	100	5.935	0.25	9.0	0.0	1.0	1.0
28	4	77	4.0	0.0	10.613	0.495	1.0	1.0
28	4	74	4.0	0.0	11.0	0.258	1.0	1.0
28	4	71	3.968	0.18	11.161	0.374	1.0	1.0
28	4	68	3.71	0.461	11.71	0.461	1.0	1.0
28	4	65	3.032	0.18	12.323	0.475	1.0	1.0
28	4	62	3.032	0.18	13.194	0.543	1.0	1.0
28	4	59	3.0	0.0	14.323	0.653	1.0	1.0
28	4	56	2.806	0.402	16.258	0.965	1.0	1.0
28	4	53	1.677	0.791	19.903	3.07	1.0	1.0
28	4	50	0.931	0.258	26.759	4.976	0.871	0.935
28	4	47	0.097	0.301	28.667	2.887	0.097	0.097
28	4	44	0.0	0.0	nan	nan	0.0	0.0
29	4	420	10.0	0.0	9.0	0.0	1.0	1.0
29	4	380	9.71	0.461	9.0	0.0	1.0	1.0
29	4	340	9.0	0.0	9.0	0.0	1.0	1.0
29	4	300	8.0	0.0	9.0	0.0	1.0	1.0
29	4	260	7.065	0.25	9.0	0.0	1.0	1.0
29	4	220	6.129	0.341	9.0	0.0	1.0	1.0
29	4	180	5.0	0.0	9.0	0.0	1.0	1.0
29	4	140	4.0	0.0	9.0	0.0	1.0	1.0
29	4	100	2.806	0.402	9.968	0.18	1.0	1.0
29	4	77	2.0	0.0	11.097	0.301	1.0	1.0
29	4	74	1.968	0.18	11.677	0.475	1.0	1.0
29	4	71	1.742	0.445	12.161	0.523	1.0	1.0
29	4	68	1.097	0.301	12.71	0.643	1.0	1.0
29	4	65	1.032	0.18	13.806	0.654	1.0	1.0
29	4	62	1.032	0.18	15.323	1.013	1.0	1.0
29	4	59	0.76	0.436	16.8	1.5	0.613	0.806
29	4	56	0.0	0.0	19.0	0.0	0.0	0.032
29	4	53	0.0	0.0	nan	nan	0.0	0.0
29	4	50	0.0	0.0	nan	nan	0.0	0.0
29	4	47	0.0	0.0	nan	nan	0.0	0.0
29	4	44	0.0	0.0	nan	nan	0.0	0.0
30	4	420	16.0	0.0	9.0	0.0	1.0	1.0
30	4	380	15.258	0.445	9.0	0.0	1.0	1.0
30	4	340	14.419	0.502	9.0	0.0	1.0	1.0
30	4	300	13.226	0.425	9.0	0.0	1.0	1.0
30	4	260	12.0	0.0	9.0	0.0	1.0	1.0
30	4	220	10.419	0.502	9.0	0.0	1.0	1.0
30	4	180	8.645	0.486	9.0	0.0	1.0	1.0
30	4	140	6.839	0.374	9.0	0.0	1.0	1.0
30	4	100	4.516	0.508	9.742	0.445	1.0	1.0
30	4	77	3.161	0.374	10.806	0.402	1.0	1.0
30	4	74	3.0	0.0	10.968	0.18	1.0	1.0
30	4	71	2.903	0.301	11.29	0.461	1.0	1.0
30	4	68	2.677	0.475	11.839	0.454	1.0	1.0
30	4	65	2.355	0.486	12.323	0.475	1.0	1.0
30	4	62	2.129	0.341	12.839	0.454	1.0	1.0
30	4	59	2.0	0.0	14.097	0.651	1.0	1.0
30	4	56	1.968	0.18	14.903	0.831	1.0	1.0
30	4	53	1.967	0.183	15.903	1.106	0.968	1.0
30	4	50	1.074	0.73	18.84	2.035	0.677	0.806
30	4	47	0.13	0.344	21.636	2.693	0.097	0.355
30	4	44	0.0	0.0	nan	nan	0.0	0.0
31	4	420	13.935	0.25	8.0	0.0	1.0	1.0
31	4	380	13.0	0.0	8.0	0.0	1.0	1.0
31	4	340	12.0	0.0	8.0	0.0	1.0	1.0
31	4	300	11.0	0.0	8.0	0.0	1.0	1.0
31	4	260	9.839	0.374	8.0	0.0	1.0	1.0
31	4	220	8.032	0.18	8.0	0.0	1.0	1.0
31	4	180	6.839	0.374	8.0	0.0	1.0	1.0
31	4	140	5.0	0.0	8.613	0.495	1.0	1.0
31	4	100	3.097	0.301	9.0	0.0	1.0	1.0
31	4	77	2.0	0.0	10.645	0.486	1.0	1.0
31	4	74	2.0	0.0	11.0	0.258	1.0	1.0
31	4	71	2.0	0.0	11.323	0.475	1.0	1.0
31	4	68	1.968	0.18	11.903	0.473	1.0	1.0
31	4	65	1.871	0.341	12.677	0.541	1.0	1.0
31	4	62	1.452	0.506	13.839	0.779	1.0	1.0
31	4	59	1.0	0.263	15.2	1.215	0.935	0.968
31	4	56	0.625	0.495	17.5	1.3	0.484	0.71
31	4	53	0.0	0.0	nan	nan	0.0	0.0
31	4	50	0.0	0.0	nan	nan	0.0	0.0
31	4	47	0.0	0.0	nan	nan	0.0	0.0
31	4	44	0.0	0.0	nan	nan	0.0	0.0
0	5	420	21.935	0.25	8.0	0.0	1.0	1.0
0	5	380	20.968	0.18	8.0	0.0	1.0	1.0
0	5	340	19.613	0.495	8.0	0.0	1.0	1.0
0	5	300	17.968	0.18	8.0	0.0	1.0	1.0
0	5	260	16.0	0.0	8.0	0.0	1.0	1.0
0	5	220	14.0	0.0	8.065	0.25	1.0	1.0
0	5	180	11.516	0.508	8.742	0.445	1.0	1.0
0	5	140	8.968	0.18	9.0	0.0	1.0	1.0
0	5	100	6.032	0.18	9.065	0.25	1.0	1.0
0	5	77	4.387	0.495	10.677	0.475	1.0	1.0
0	5	74	4.032	0.18	10.935	0.25	1.0	1.0
0	5	71	4.0	0.0	11.097	0.301	1.0	1.0
0	5	68	3.935	0.25	11.742	0.514	1.0	1.0
0	5	65	3.839	0.374	12.129	0.428	1.0	1.0
0	5	62	3.29	0.461	12.968	0.482	1.0	1.0
0	5	59	3.065	0.25	13.806	0.543	1.0	1.0
0	5	56	3.0	0.0	14.935	0.629	1.0	1.0
0	5	53	2.935	0.25	16.71	0.938	1.0	1.0
0	5	50	2.129	0.67	19.452	2.873	1.0	1.0
0	5	47	1.069	0.371	26.467	3.803	0.903	0.968
0	5	44	0.25	0.441	32.3	3.164	0.226	0.323
1	5	420	15.839	0.374	9.0	0.0	1.0	1.0
1	5	380	15.0	0.0	9.0	0.0	1.0	1.0
1	5	340	14.0	0.0	9.0	0.0	1.0	1.0
1	5	300	12.935	0.25	9.0	0.0	1.0	1.0
1	5	260	11.161	0.374	9.0	0.0	1.0	1.0
1	5	220	9.968	0.18	9.0	0.0	1.0	1.0
1	5	180	7.968	0.18	9.0	0.0	1.0	1.0
1	5	140	6.0	0.0	9.0	0.0	1.0	1.0
1	5	100	4.0	0.0	10.065	0.25	1.0	1.0
1	5	77	2.968	0.18	12.645	0.486	1.0	1.0
1	5	74	2.613	0.495	13.355	0.486	1.0	1.0
1	5	71	2.032	0.18	14.419	0.62	1.0	1.0
1	5	68	2.0	0.0	15.645	0.798	1.0	1.0
1	5	65	1.774	0.425	17.581	1.089	1.0	1.0
1	5	62	1.097	0.301	21.226	2.376	1.0	1.0
1	5	59	0.519	0.509	25.5	2.282	0.452	0.581
1	5	56	0.0	0.0	nan	nan	0.0	0.0
1	5	53	0.0	0.0	nan	nan	0.0	0.0
1	5	50	0.0	0.0	nan	nan	0.0	0.0
1	5	47	0.0	0.0	nan	nan	0.0	0.0
1	5	44	0.0	0.0	nan	nan	0.0	0.0
2	5	420	16.677	0.475	9.0	0.0	1.0	1.0
2	5	380	15.581	0.502	9.0	0.0	1.0	1.0
2	5	340	14.29	0.461	9.0	0.0	1.0	1.0
2	5	300	13.0	0.0	9.0	0.0	1.0	1.0
2	5	260	11.355	0.486	9.0	0.0	1.0	1.0
2	5	220	9.903	0.301	9.0	0.0	1.0	1.0
2	5	180	7.903	0.301	9.0	0.0	1.0	1.0
2	5	140	5.903	0.301	9.0	0.0	1.0	1.0
2	5	100	3.645	0.486	10.0	0.0	1.0	1.0
2	5	77	2.129	0.341	11.677	0.475	1.0	1.0
2	5	74	2.0	0.0	12.065	0.359	1.0	1.0
2	5	71	2.0	0.0	12.806	0.477	1.0	1.0
2	5	68	1.935	0.25	13.968	0.752	1.0	1.0
2	5	65	1.903	0.301	14.806	0.703	1.0	1.0
2	5	62	1.321	0.67	16.714	1.329	0.806	0.903
2	5	59	0.478	0.665	18.647	1.998	0.29	0.548
2	5	56	0.032	0.18	23.0	0.0	0.032	0.032
2	5	53	0.0	0.0	nan	nan	0.0	0.0
2	5	50	0.0	0.0	nan	nan	0.0	0.0
2	5	47	0.0	0.0	nan	nan	0.0	0.0
2	5	44	0.0	0.0	nan	nan	0.0	0.0
3	5	420	16.323	0.475	9.0	0.0	1.0	1.0
3	5	380	15.677	0.475	9.0	0.0	1.0	1.0
3	5	340	14.323	0.475	9.0	0.0	1.0	1.0
3	5	300	13.032	0.18	9.0	0.0	1.0	1.0
3	5	260	11.71	0.461	9.0	0.0	1.0	1.0
3	5	220	9.903	0.301	9.0	0.0	1.0	1.0
3	5	180	7.968	0.18	9.0	0.0	1.0	1.0
3	5	140	5.968	0.18	9.0	0.0	1.0	1.0
3	5	100	3.71	0.461	10.032	0.18	1.0	1.0
3	5	77	2.129	0.341	12.226	0.425	1.0	1.0
3	5	74	2.0	0.0	12.774	0.425	1.0	1.0
3	5	71	2.0	0.0	13.645	0.608	1.0	1.0
3	5	68	1.903	0.301	14.484	0.851	1.0	1.0
3	5	65	1.7	0.466	15.903	1.076	0.968	1.0
3	5	62	1.174	0.717	17.963	1.629	0.613	0.871
3	5	59	0.0	0.0	22.667	2.082	0.0	0.097
3	5	56	0.0	0.0	nan	nan	0.0	0.0
3	5	53	0.0	0.0	nan	nan	0.0	0.0
3	5	50	0.0	0.0	nan	nan	0.0	0.0
3	5	47	0.0	0.0	nan	nan	0.0	0.0
3	5	44	0.0	0.0	nan	nan	0.0	0.0
4	5	420	17.0	0.0	8.839	0.374	1.0	1.0
4	5	380	16.161	0.374	8.677	0.475	1.0	1.0
4	5	340	15.065	0.25	8.71	0.461	1.0	1.0
4	5	300	13.935	0.25	8.742	0.445	1.0	1.0
4	5	260	12.452	0.506	8.839	0.374	1.0	1.0
4	5	220	10.871	0.341	8.935	0.25	1.0	1.0
4	5	180	9.0	0.0	8.968	0.18	1.0	1.0
4	5	140	6.935	0.25	9.0	0.0	1.0	1.0
4	5	100	4.839	0.374	9.194	0.402	1.0	1.0
4	5	77	3.097	0.301	10.484	0.508	1.0	1.0
4	5	74	3.032	0.18	10.903	0.301	1.0	1.0
4	5	71	3.0	0.0	11.065	0.25	1.0	1.0
4	5	68	3.0	0.0	11.484	0.508	1.0	1.0
4	5	65	2.806	0.402	12.097	0.301	1.0	1.0
4	5	62	2.452	0.506	12.935	0.442	1.0	1.0
4	5	59	2.065	0.25	13.903	0.651	1.0	1.0
4	5	56	2.0	0.0	14.839	0.779	1.0	1.0
4	5	53	1.806	0.402	17.258	1.861	1.0	1.0
4	5	50	1.267	0.521	20.3	3.042	0.935	0.968
4	5	47	0.074	0.267	22.5	2.739	0.065	0.194
4	5	44	0.0	0.0	nan	nan	0.0	0.0
5	5	420	15.0	0.0	8.0	0.0	1.0	1.0
5	5	380	14.065	0.25	8.0	0.0	1.0	1.0
5	5	340	13.0	0.0	8.0	0.0	1.0	1.0
5	5	300	12.0	0.0	8.0	0.0	1.0	1.0
5	5	260	10.935	0.25	8.0	0.0	1.0	1.0
5	5	220	9.0	0.0	8.0	0.0	1.0	1.0
5	5	180	7.065	0.25	8.129	0.341	1.0	1.0
5	5	140	5.161	0.374	9.0	0.0	1.0	1.0
5	5	100	3.258	0.445	9.0	0.0	1.0	1.0
5	5	77	2.0	0.0	10.645	0.486	1.0	1.0
5	5	74	2.0	0.0	10.903	0.301	1.0	1.0
5	5	71	2.0	0.0	11.226	0.425	1.0	1.0
5	5	68	2.0	0.0	11.806	0.402	1.0	1.0
5	5	65	1.903	0.301	12.645	0.486	1.0	1.0
5	5	62	1.194	0.402	13.581	0.765	1.0	1.0
5	5	59	1.0	0.0	15.839	1.508	0.935	1.0
5	5	56	0.097	0.301	16.667	0.577	0.097	0.097
5	5	53	0.0	0.0	nan	nan	0.0	0.0
5	5	50	0.0	0.0	nan	nan	0.0	0.0
5	5	47	0.0	0.0	nan	nan	0.0	0.0
5	5	44	0.0	0.0	nan	nan	0.0	0.0
6	5	420	14.774	0.425	9.0	0.0	1.0	1.0
6	5	380	14.0	0.0	9.0	0.0	1.0	1.0
6	5	340	13.0	0.0	9.0	0.0	1.0	1.0
6	5	300	12.0	0.0	9.0	0.0	1.0	1.0
6	5	260	10.839	0.374	9.0	0.0	1.0	1.0
6	5	220	9.032	0.18	9.0	0.0	1.0	1.0
6	5	180	7.742	0.445	9.0	0.0	1.0	1.0
6	5	140	5.968	0.18	9.0	0.0	1.0	1.0
6	5	100	4.0	0.0	10.0	0.0	1.0	1.0
6	5	77	3.0	0.0	11.742	0.445	1.0	1.0
6	5	74	3.0	0.0	12.097	0.396	1.0	1.0
6	5	71	2.71	0.461	12.871	0.562	1.0	1.0
6	5	68	2.323	0.475	13.323	0.475	1.0	1.0
6	5	65	2.032	0.18	14.419	0.62	1.0	1.0
6	5	62	1.968	0.18	15.839	1.068	1.0	1.0
6	5	59	1.581	0.502	18.677	2.212	1.0	1.0
6	5	56	1.0	0.365	22.552	2.707	0.935	0.935
6	5	53	0.0	0.0	nan	nan	0.0	0.0
6	5	50	0.0	0.0	nan	nan	0.0	0.0
6	5	47	0.0	0.0	nan	nan	0.0	0.0
6	5	44	0.0	0.0	nan	nan	0.0	0.0
7	5	420	15.903	0.301	8.0	0.0	1.0	1.0
7	5	380	15.0	0.0	8.0	0.0	1.0	1.0
7	5	340	13.968	0.18	8.0	0.0	1.0	1.0
7	5	300	12.387	0.495	8.0	0.0	1.0	1.0
7	5	260	11.0	0.0	8.0	0.0	1.0	1.0
7	5	220	9.032	0.18	8.0	0.0	1.0	1.0
7	5	180	7.258	0.445	8.032	0.18	1.0	1.0
7	5	140	5.258	0.445	9.0	0.0	1.0	1.0
7	5	100	3.29	0.461	9.0	0.0	1.0	1.0
7	5	77	2.0	0.0	10.839	0.454	1.0	1.0
7	5	74	2.0	0.0	11.129	0.341	1.0	1.0
7	5	71	2.0	0.0	11.806	0.402	1.0	1.0
7	5	68	2.0	0.0	12.452	0.768	1.0	1.0
7	5	65	1.742	0.445	13.355	0.798	1.0	1.0
7	5	62	1.355	0.486	14.871	0.922	1.0	1.0
7	5	59	0.857	0.356	16.815	1.21	0.774	0.871
7	5	56	0.032	0.18	17.0	0.0	0.032	0.032
7	5	53	0.0	0.0	nan	nan	0.0	0.0
7	5	50	0.0	0.0	nan	nan	0.0	0.0
7	5	47	0.0	0.0	nan	nan	0.0	0.0
7	5	44	0.0	0.0	nan	nan	0.0	0.0
8	5	420	15.968	0.18	8.0	0.0	1.0	1.0
8	5	380	15.0	0.0	8.0	0.0	1.0	1.0
8	5	340	14.0	0.0	8.0	0.0	1.0	1.0
8	5	300	13.0	0.0	8.0	0.0	1.0	1.0
8	5	260	11.097	0.301	8.0	0.0	1.0	1.0
8	5	220	9.742	0.445	8.0	0.0	1.0	1.0
8	5	180	7.935	0.25	8.0	0.0	1.0	1.0
8	5	140	5.935	0.25	8.968	0.18	1.0	1.0
8	5	100	3.968	0.18	9.0	0.0	1.0	1.0
8	5	77	2.387	0.495	10.806	0.402	1.0	1.0
8	5	74	2.129	0.341	11.065	0.359	1.0	1.0
8	5	71	2.0	0.0	11.581	0.502	1.0	1.0
8	5	68	2.0	0.0	12.226	0.497	1.0	1.0
8	5	65	1.968	0.18	13.032	0.605	1.0	1.0
8	5	62	1.871	0.341	14.161	0.82	1.0	1.0
8	5	59	1.387	0.495	15.548	1.312	1.0	1.0
8	5	56	0.538	0.647	18.0	2.872	0.387	0.548
8	5	53	0.032	0.18	20.0	0.0	0.032	0.032
8	5	50	0.0	0.0	nan	nan	0.0	0.0
8	5	47	0.0	0.0	nan	nan	0.0	0.0
8	5	44	0.0	0.0	nan	nan	0.0	0.0
9	5	420	19.871	0.341	8.0	0.0	1.0	1.0
9	5	380	18.774	0.425	8.0	0.0	1.0	1.0
9	5	340	17.226	0.425	8.0	0.0	1.0	1.0
9	5	300	15.968	0.18	8.0	0.0	1.0	1.0
9	5	260	14.032	0.18	8.0	0.0	1.0	1.0
9	5	220	11.968	0.18	8.0	0.0	1.0	1.0
9	5	180	9.774	0.425	8.097	0.301	1.0	1.0
9	5	140	7.065	0.25	9.0	0.0	1.0	1.0
9	5	100	4.548	0.506	9.323	0.475	1.0	1.0
9	5	77	2.968	0.18	11.032	0.315	1.0	1.0
9	5	74	2.839	0.374	11.581	0.564	1.0	1.0
9	5	71	2.323	0.475	12.129	0.499	1.0	1.0
9	5	68	2.065	0.25	12.839	0.523	1.0	1.0
9	5	65	2.065	0.25	13.742	0.682	1.0	1.0
9	5	62	1.968	0.18	14.903	0.746	1.0	1.0
9	5	59	1.724	0.528	16.9	1.423	0.903	0.968
9	5	56	1.158	0.834	19.923	2.827	0.452	0.839
9	5	53	0.0	0.0	26.0	0.0	0.0	0.032
9	5	50	0.0	0.0	nan	nan	0.0	0.0
9	5	47	0.0	0.0	nan	nan	0.0	0.0
9	5	44	0.0	0.0	nan	nan	0.0	0.0
10	5	420	19.0	0.0	8.0	0.0	1.0	1.0
10	5	380	18.0	0.0	8.0	0.0	1.0	1.0
10	5	340	17.065	0.25	8.0	0.0	1.0	1.0
10	5	300	15.903	0.301	8.0	0.0	1.0	1.0
10	5	260	14.032	0.18	8.0	0.0	1.0	1.0
10	5	220	12.065	0.25	8.0	0.0	1.0	1.0
10	5	180	10.032	0.18	8.032	0.18	1.0	1.0
10	5	140	7.935	0.25	8.71	0.461	1.0	1.0
10	5	100	5.677	0.475	9.0	0.0	1.0	1.0
10	5	77	3.968	0.18	10.0	0.0	1.0	1.0
10	5	74	4.0	0.0	10.032	0.315	1.0	1.0
10	5	71	3.935	0.25	10.323	0.475	1.0	1.0
10	5	68	3.645	0.486	10.806	0.402	1.0	1.0
10	5	65	3.097	0.301	11.065	0.359	1.0	1.0
10	5	62	3.032	0.18	11.774	0.56	1.0	1.0
10	5	59	3.0	0.0	12.258	0.631	1.0	1.0
10	5	56	2.968	0.18	13.0	0.447	1.0	1.0
10	5	53	2.742	0.445	14.29	0.864	1.0	1.0
10	5	50	2.194	0.402	15.419	0.958	1.0	1.0
10	5	47	1.645	0.486	18.323	1.759	1.0	1.0
10	5	44	1.032	0.18	21.613	2.124	1.0	1.0
11	5	420	18.065	0.25	8.903	0.301	1.0	1.0
11	5	380	17.0	0.0	8.903	0.301	1.0	1.0
11	5	340	16.0	0.0	8.903	0.301	1.0	1.0
11	5	300	14.161	0.374	8.645	0.486	1.0	1.0
11	5	260	12.742	0.445	8.935	0.25	1.0	1.0
11	5	220	10.903	0.301	9.0	0.0	1.0	1.0
11	5	180	8.484	0.508	9.0	0.0	1.0	1.0
11	5	140	6.161	0.374	9.0	0.0	1.0	1.0
11	5	100	4.0	0.0	9.839	0.374	1.0	1.0
11	5	77	2.226	0.425	11.065	0.25	1.0	1.0
11	5	74	2.032	0.18	11.29	0.529	1.0	1.0
11	5	71	2.0	0.0	11.935	0.359	1.0	1.0
11	5	68	2.0	0.0	12.645	0.551	1.0	1.0
11	5	65	1.903	0.301	13.29	0.529	1.0	1.0
11	5	62	1.516	0.508	14.742	0.815	1.0	1.0
11	5	59	0.935	0.442	16.222	0.974	0.871	0.871
11	5	56	0.1	0.305	18.75	2.217	0.097	0.129
11	5	53	0.0	0.0	nan	nan	0.0	0.0
11	5	50	0.0	0.0	nan	nan	0.0	0.0
11	5	47	0.0	0.0	nan	nan	0.0	0.0
11	5	44	0.0	0.0	nan	nan	0.0	0.0
12	5	420	22.742	0.445	8.0	0.0	1.0	1.0
12	5	380	21.613	0.495	8.0	0.0	1.0	1.0
12	5	340	20.226	0.425	8.0	0.0	1.0	1.0
12	5	300	18.774	0.425	8.0	0.0	1.0	1.0
12	5	260	16.677	0.475	8.0	0.0	1.0	1.0
12	5	220	14.419	0.502	8.0	0.0	1.0	1.0
12	5	180	11.903	0.301	8.0	0.0	1.0	1.0
12	5	140	9.065	0.25	8.387	0.495	1.0	1.0
12	5	100	6.194	0.402	9.0	0.0	1.0	1.0
12	5	77	4.871	0.341	10.0	0.0	1.0	1.0
12	5	74	4.548	0.506	10.097	0.301	1.0	1.0
12	5	71	4.032	0.18	10.71	0.461	1.0	1.0
12	5	68	4.0	0.0	10.968	0.18	1.0	1.0
12	5	65	4.0	0.0	11.323	0.475	1.0	1.0
12	5	62	3.806	0.402	12.0	0.516	1.0	1.0
12	5	59	3.194	0.402	12.774	0.497	1.0	1.0
12	5	56	3.0	0.0	13.71	0.902	1.0	1.0
12	5	53	3.0	0.0	15.065	0.772	1.0	1.0
12	5	50	2.677	0.599	17.484	1.93	1.0	1.0
12	5	47	1.323	0.475	22.258	2.944	1.0	1.0
12	5	44	0.833	0.461	27.52	3.874	0.774	0.806
13	5	420	11.129	0.341	8.226	0.425	1.0	1.0
13	5	380	10.806	0.402	8.097	0.301	1.0	1.0
13	5	340	10.0	0.0	8.097	0.301	1.0	1.0
13	5	300	9.0	0.0	8.032	0.18	1.0	1.0
13	5	260	7.871	0.341	8.29	0.461	1.0	1.0
13	5	220	6.806	0.402	8.484	0.508	1.0	1.0
13	5	180	5.0	0.0	8.968	0.18	1.0	1.0
13	5	140	3.935	0.25	9.0	0.0	1.0	1.0
13	5	100	2.0	0.0	10.0	0.0	1.0	1.0
13	5	77	1.129	0.341	12.387	0.667	1.0	1.0
13	5	74	1.0	0.0	13.097	0.473	1.0	1.0
13	5	71	0.968	0.18	14.167	0.95	0.968	0.968
13	5	68	0.9	0.305	15.75	1.236	0.871	0.903
13	5	65	0.0	0.0	18.5	0.707	0.0	0.065
13	5	62	0.0	0.0	nan	nan	0.0	0.0
13	5	59	0.0	0.0	nan	nan	0.0	0.0
13	5	56	0.0	0.0	nan	nan	0.0	0.0
13	5	53	0.0	0.0	nan	nan	0.0	0.0
13	5	50	0.0	0.0	nan	nan	0.0	0.0
13	5	47	0.0	0.0	nan	nan	0.0	0.0
13	5	44	0.0	0.0	nan	nan	0.0	0.0
14	5	420	15.871	0.341	9.0	0.0	1.0	1.0
14	5	380	15.0	0.0	9.0	0.0	1.0	1.0
14	5	340	14.0	0.0	9.0	0.0	1.0	1.0
14	5	300	12.935	0.25	9.0	0.0	1.0	1.0
14	5	260	11.194	0.402	9.0	0.0	1.0	1.0
14	5	220	9.903	0.301	9.0	0.0	1.0	1.0
14	5	180	7.968	0.18	9.0	0.0	1.0	1.0
14	5	140	6.0	0.0	9.516	0.508	1.0	1.0
14	5	100	4.0	0.0	10.129	0.341	1.0	1.0
14	5	77	2.935	0.25	12.097	0.301	1.0	1.0
14	5	74	2.258	0.445	12.645	0.486	1.0	1.0
14	5	71	2.065	0.25	13.097	0.473	1.0	1.0
14	5	68	2.0	0.0	14.032	0.752	1.0	1.0
14	5	65	2.0	0.0	14.774	0.669	1.0	1.0
14	5	62	1.968	0.18	16.516	0.926	1.0	1.0
14	5	59	1.4	0.5	18.968	1.906	0.806	1.0
14	5	56	0.261	0.449	22.214	2.293	0.194	0.452
14	5	53	0.0	0.0	23.0	0.0	0.0	0.032
14	5	50	0.0	0.0	nan	nan	0.0	0.0
14	5	47	0.0	0.0	nan	nan	0.0	0.0
14	5	44	0.0	0.0	nan	nan	0.0	0.0
15	5	420	17.968	0.18	8.29	0.461	1.0	1.0
15	5	380	17.0	0.0	8.129	0.341	1.0	1.0
15	5	340	16.0	0.0	8.065	0.25	1.0	1.0
15	5	300	14.677	0.475	8.065	0.25	1.0	1.0
15	5	260	13.032	0.18	8.097	0.301	1.0	1.0
15	5	220	11.387	0.495	8.226	0.425	1.0	1.0
15	5	180	9.387	0.495	8.806	0.402	1.0	1.0
15	5	140	7.097	0.301	9.0	0.0	1.0	1.0
15	5	100	5.0	0.0	9.0	0.0	1.0	1.0
15	5	77	4.0	0.0	10.032	0.18	1.0	1.0
15	5	74	3.968	0.18	10.484	0.508	1.0	1.0
15	5	71	3.581	0.502	10.742	0.445	1.0	1.0
15	5	68	3.194	0.402	11.065	0.25	1.0	1.0
15	5	65	3.0	0.0	11.548	0.568	1.0	1.0
15	5	62	3.0	0.0	12.258	0.445	1.0	1.0
15	5	59	3.0	0.0	12.806	0.601	1.0	1.0
15	5	56	2.677	0.475	14.161	0.523	1.0	1.0
15	5	53	2.097	0.301	15.355	0.661	1.0	1.0
15	5	50	1.806	0.402	17.355	1.427	1.0	1.0
15	5	47	1.032	0.18	21.871	2.617	1.0	1.0
15	5	44	0.258	0.445	25.25	1.982	0.258	0.258
16	5	420	14.032	0.18	9.0	0.0	1.0	1.0
16	5	380	13.129	0.341	9.0	0.0	1.0	1.0
16	5	340	12.0	0.0	9.0	0.0	1.0	1.0
16	5	300	11.0	0.0	9.0	0.0	1.0	1.0
16	5	260	9.452	0.506	9.0	0.0	1.0	1.0
16	5	220	8.0	0.0	9.0	0.0	1.0	1.0
16	5	180	6.032	0.18	9.0	0.0	1.0	1.0
16	5	140	4.258	0.445	9.516	0.508	1.0	1.0
16	5	100	2.581	0.502	10.645	0.486	1.0	1.0
16	5	77	1.387	0.495	13.548	0.568	1.0	1.0
16	5	74	1.065	0.25	14.71	0.783	1.0	1.0
16	5	71	0.933	0.254	16.483	1.09	0.903	0.935
16	5	68	0.065	0.25	17.5	0.707	0.065	0.065
16	5	65	0.0	0.0	nan	nan	0.0	0.0
16	5	62	0.0	0.0	nan	nan	0.0	0.0
16	5	59	0.0	0.0	nan	nan	0.0	0.0
16	5	56	0.0	0.0	nan	nan	0.0	0.0
16	5	53	0.0	0.0	nan	nan	0.0	0.0
16	5	50	0.0	0.0	nan	nan	0.0	0.0
16	5	47	0.0	0.0	nan	nan	0.0	0.0
16	5	44	0.0	0.0	nan	nan	0.0	0.0
17	5	420	23.419	0.502	8.0	0.0	1.0	1.0
17	5	380	22.452	0.506	8.0	0.0	1.0	1.0
17	5	340	21.0	0.258	8.0	0.0	1.0	1.0
17	5	300	19.516	0.508	8.0	0.0	1.0	1.0
17	5	260	17.613	0.495	8.0	0.0	1.0	1.0
17	5	220	15.226	0.425	8.0	0.0	1.0	1.0
17	5	180	12.903	0.301	8.0	0.0	1.0	1.0
17	5	140	9.968	0.18	8.0	0.0	1.0	1.0
17	5	100	7.032	0.18	8.968	0.18	1.0	1.0
17	5	77	5.258	0.445	9.548	0.506	1.0	1.0
17	5	74	5.0	0.0	9.871	0.341	1.0	1.0
17	5	71	5.0	0.0	10.0	0.0	1.0	1.0
17	5	68	4.903	0.301	10.0	0.0	1.0	1.0
17	5	65	4.71	0.461	10.161	0.374	1.0	1.0
17	5	62	4.065	0.25	10.806	0.402	1.0	1.0
17	5	59	4.0	0.0	11.032	0.18	1.0	1.0
17	5	56	3.968	0.18	11.903	0.473	1.0	1.0
17	5	53	3.742	0.445	12.613	0.495	1.0	1.0
17	5	50	3.161	0.374	13.677	0.832	1.0	1.0
17	5	47	3.0	0.258	14.935	1.093	1.0	1.0
17	5	44	2.903	0.301	17.065	1.209	1.0	1.0
18	5	420	14.419	0.502	8.323	0.475	1.0	1.0
18	5	380	13.968	0.18	8.226	0.425	1.0	1.0
18	5	340	13.0	0.0	8.065	0.25	1.0	1.0
18	5	300	12.0	0.0	8.194	0.402	1.0	1.0
18	5	260	10.742	0.445	8.194	0.402	1.0	1.0
18	5	220	9.0	0.0	8.71	0.461	1.0	1.0
18	5	180	7.419	0.502	9.0	0.0	1.0	1.0
18	5	140	5.968	0.18	9.0	0.0	1.0	1.0
18	5	100	4.0	0.0	9.839	0.374	1.0	1.0
18	5	77	3.0	0.0	11.194	0.402	1.0	1.0
18	5	74	2.806	0.402	11.806	0.477	1.0	1.0
18	5	71	2.29	0.461	12.355	0.486	1.0	1.0
18	5	68	2.0	0.0	13.258	0.575	1.0	1.0
18	5	65	2.032	0.18	14.355	0.608	1.0	1.0
18	5	62	2.0	0.0	15.258	0.93	1.0	1.0
18	5	59	1.677	0.475	17.903	1.446	1.0	1.0
18	5	56	1.0	0.0	22.323	2.638	0.903	1.0
18	5	53	0.033	0.183	26.0	2.828	0.032	0.065
18	5	50	0.0	0.0	nan	nan	0.0	0.0
18	5	47	0.0	0.0	nan	nan	0.0	0.0
18	5	44	0.0	0.0	nan	nan	0.0	0.0
19	5	420	15.0	0.0	8.0	0.0	1.0	1.0
19	5	380	14.0	0.0	8.0	0.0	1.0	1.0
19	5	340	13.0	0.0	8.0	0.0	1.0	1.0
19	5	300	12.0	0.0	8.0	0.0	1.0	1.0
19	5	260	10.097	0.301	8.0	0.0	1.0	1.0
19	5	220	8.871	0.341	8.0	0.0	1.0	1.0
19	5	180	6.968	0.18	8.0	0.0	1.0	1.0
19	5	140	4.968	0.18	8.355	0.486	1.0	1.0
19	5	100	3.0	0.0	9.161	0.374	1.0	1.0
19	5	77	2.0	0.0	11.194	0.477	1.0	1.0
19	5	74	1.968	0.18	11.968	0.482	1.0	1.0
19	5	71	1.323	0.475	12.71	0.529	1.0	1.0
19	5	68	1.065	0.25	14.065	0.998	1.0	1.0
19	5	65	0.897	0.31	15.429	1.476	0.839	0.903
19	5	62	0.233	0.43	17.625	0.916	0.226	0.258
19	5	59	0.0	0.0	nan	nan	0.0	0.0
19	5	56	0.0	0.0	nan	nan	0.0	0.0
19	5	53	0.0	0.0	nan	nan	0.0	0.0
19	5	50	0.0	0.0	nan	nan	0.0	0.0
19	5	47	0.0	0.0	nan	nan	0.0	0.0
19	5	44	0.0	0.0	nan	nan	0.0	0.0
20	5	420	17.806	0.402	8.0	0.0	1.0	1.0
20	5	380	16.935	0.25	8.0	0.0	1.0	1.0
20	5	340	16.0	0.0	8.0	0.0	1.0	1.0
20	5	300	14.677	0.475	8.0	0.0	1.0	1.0
20	5	260	13.0	0.0	8.0	0.0	1.0	1.0
20	5	220	11.065	0.25	8.0	0.0	1.0	1.0
20	5	180	9.161	0.374	8.0	0.0	1.0	1.0
20	5	140	7.0	0.0	8.194	0.402	1.0	1.0
20	5	100	4.903	0.301	9.0	0.0	1.0	1.0
20	5	77	3.226	0.425	10.097	0.301	1.0	1.0
20	5	74	3.065	0.25	10.258	0.445	1.0	1.0
20	5	71	3.0	0.0	10.774	0.425	1.0	1.0
20	5	68	2.935	0.25	11.129	0.341	1.0	1.0
20	5	65	2.742	0.445	11.71	0.461	1.0	1.0
20	5	62	2.323	0.475	12.387	0.667	1.0	1.0
20	5	59	2.097	0.301	13.226	0.805	1.0	1.0
20	5	56	2.0	0.0	14.29	0.938	1.0	1.0
20	5	53	1.871	0.341	16.323	1.326	1.0	1.0
20	5	50	1.207	0.559	18.586	2.398	0.871	0.935
20	5	47	0.458	0.588	21.882	2.934	0.323	0.548
20	5	44	0.0	0.0	nan	nan	0.0	0.0
21	5	420	17.742	0.445	8.0	0.0	1.0	1.0
21	5	380	16.903	0.301	8.0	0.0	1.0	1.0
21	5	340	15.774	0.425	8.0	0.0	1.0	1.0
21	5	300	14.161	0.374	8.0	0.0	1.0	1.0
21	5	260	12.806	0.402	8.0	0.0	1.0	1.0
21	5	220	11.0	0.0	8.0	0.0	1.0	1.0
21	5	180	9.0	0.0	8.0	0.0	1.0	1.0
21	5	140	7.0	0.0	8.0	0.0	1.0	1.0
21	5	100	4.871	0.341	9.0	0.0	1.0	1.0
21	5	77	3.194	0.402	9.613	0.495	1.0	1.0
21	5	74	3.032	0.18	9.935	0.25	1.0	1.0
21	5	71	3.0	0.0	10.0	0.0	1.0	1.0
21	5	68	3.0	0.0	10.226	0.425	1.0	1.0
21	5	65	2.677	0.475	10.806	0.402	1.0	1.0
21	5	62	2.355	0.486	11.129	0.341	1.0	1.0
21	5	59	2.032	0.18	11.742	0.575	1.0	1.0
21	5	56	2.0	0.0	12.581	0.62	1.0	1.0
21	5	53	2.0	0.0	13.742	0.773	1.0	1.0
21	5	50	1.935	0.25	15.161	1.003	1.0	1.0
21	5	47	1.5	0.707	17.536	1.598	0.742	0.903
21	5	44	0.04	0.2	21.714	2.928	0.032	0.226
22	5	420	23.935	0.25	8.968	0.18	1.0	1.0
22	5	380	22.839	0.454	8.968	0.18	1.0	1.0
22	5	340	21.323	0.475	8.935	0.25	1.0	1.0
22	5	300	19.613	0.495	8.968	0.18	1.0	1.0
22	5	260	17.419	0.502	8.968	0.18	1.0	1.0
22	5	220	15.032	0.18	9.0	0.0	1.0	1.0
22	5	180	12.387	0.558	9.0	0.0	1.0	1.0
22	5	140	9.806	0.402	9.0	0.0	1.0	1.0
22	5	100	6.645	0.486	9.839	0.374	1.0	1.0
22	5	77	5.0	0.0	11.0	0.0	1.0	1.0
22	5	74	4.581	0.502	11.065	0.25	1.0	1.0
22	5	71	4.065	0.25	11.613	0.495	1.0	1.0
22	5	68	4.0	0.0	12.065	0.359	1.0	1.0
22	5	65	3.968	0.18	12.742	0.445	1.0	1.0
22	5	62	3.548	0.506	13.516	0.626	1.0	1.0
22	5	59	3.097	0.301	14.355	0.661	1.0	1.0
22	5	56	3.0	0.0	15.806	0.873	1.0	1.0
22	5	53	2.742	0.445	17.806	1.138	1.0	1.0
22	5	50	1.935	0.442	20.548	1.997	1.0	1.0
22	5	47	1.0	0.365	26.172	2.829	0.935	0.935
22	5	44	0.161	0.374	29.2	2.95	0.161	0.161
23	5	420	21.065	0.25	8.29	0.461	1.0	1.0
23	5	380	20.0	0.0	8.161	0.374	1.0	1.0
23	5	340	18.548	0.506	8.161	0.374	1.0	1.0
23	5	300	16.968	0.18	8.161	0.374	1.0	1.0
23	5	260	15.0	0.0	8.29	0.461	1.0	1.0
23	5	220	12.581	0.502	8.484	0.508	1.0	1.0
23	5	180	10.065	0.25	8.935	0.25	1.0	1.0
23	5	140	7.581	0.502	9.0	0.0	1.0	1.0
23	5	100	5.0	0.0	9.065	0.25	1.0	1.0
23	5	77	3.065	0.25	10.419	0.502	1.0	1.0
23	5	74	3.0	0.0	10.935	0.25	1.0	1.0
23	5	71	2.968	0.18	11.065	0.359	1.0	1.0
23	5	68	2.484	0.508	11.548	0.506	1.0	1.0
23	5	65	2.032	0.18	12.258	0.445	1.0	1.0
23	5	62	2.065	0.25	13.065	0.442	1.0	1.0
23	5	59	2.0	0.0	14.032	0.836	1.0	1.0
23	5	56	1.667	0.547	15.833	1.289	0.935	0.968
23	5	53	0.783	0.85	18.45	2.605	0.387	0.645
23	5	50	0.0	0.0	nan	nan	0.0	0.0
23	5	47	0.0	0.0	nan	nan	0.0	0.0
23	5	44	0.0	0.0	nan	nan	0.0	0.0
24	5	420	22.839	0.374	8.032	0.18	1.0	1.0
24	5	380	21.645	0.486	8.0	0.0	1.0	1.0
24	5	340	20.29	0.461	8.0	0.0	1.0	1.0
24	5	300	18.516	0.508	8.097	0.301	1.0	1.0
24	5	260	16.161	0.374	8.097	0.301	1.0	1.0
24	5	220	14.032	0.315	8.258	0.445	1.0	1.0
24	5	180	11.258	0.445	8.742	0.445	1.0	1.0
24	5	140	8.355	0.486	9.0	0.0	1.0	1.0
24	5	100	5.484	0.508	9.032	0.18	1.0	1.0
24	5	77	3.71	0.461	10.452	0.506	1.0	1.0
24	5	74	3.419	0.502	11.0	0.0	1.0	1.0
24	5	71	3.097	0.301	11.258	0.445	1.0	1.0
24	5	68	2.871	0.341	11.839	0.454	1.0	1.0
24	5	65	2.677	0.475	12.387	0.558	1.0	1.0
24	5	62	2.387	0.495	13.29	0.902	1.0	1.0
24	5	59	2.097	0.301	14.419	0.848	1.0	1.0
24	5	56	1.871	0.428	15.667	1.184	0.968	0.968
24	5	53	1.379	0.728	17.667	2.094	0.806	0.871
24	5	50	0.348	0.647	21.0	2.512	0.194	0.452
24	5	47	0.0	0.0	nan	nan	0.0	0.0
24	5	44	0.0	0.0	nan	nan	0.0	0.0
25	5	420	18.0	0.0	8.968	0.18	1.0	1.0
25	5	380	17.032	0.18	8.871	0.341	1.0	1.0
25	5	340	16.0	0.0	8.871	0.341	1.0	1.0
25	5	300	14.581	0.502	8.774	0.425	1.0	1.0
25	5	260	12.968	0.18	8.742	0.445	1.0	1.0
25	5	220	10.968	0.18	9.0	0.0	1.0	1.0
25	5	180	8.968	0.18	9.0	0.0	1.0	1.0
25	5	140	6.645	0.486	9.0	0.0	1.0	1.0
25	5	100	4.065	0.25	9.968	0.18	1.0	1.0
25	5	77	3.0	0.0	11.032	0.315	1.0	1.0
25	5	74	2.71	0.461	11.581	0.502	1.0	1.0
25	5	71	2.29	0.461	12.032	0.407	1.0	1.0
25	5	68	2.097	0.301	12.71	0.588	1.0	1.0
25	5	65	2.0	0.0	13.323	0.748	1.0	1.0
25	5	62	1.968	0.18	14.323	0.871	1.0	1.0
25	5	59	1.828	0.468	15.967	1.712	0.903	0.968
25	5	56	1.0	0.905	18.409	2.197	0.452	0.71
25	5	53	0.214	0.499	19.875	2.997	0.161	0.258
25	5	50	0.0	0.0	nan	nan	0.0	0.0
25	5	47	0.0	0.0	nan	nan	0.0	0.0
25	5	44	0.0	0.0	nan	nan	0.0	0.0
26	5	420	18.0	0.0	8.968	0.18	1.0	1.0
26	5	380	17.0	0.0	9.0	0.0	1.0	1.0
26	5	340	15.968	0.18	9.0	0.0	1.0	1.0
26	5	300	14.452	0.506	9.0	0.0	1.0	1.0
26	5	260	12.935	0.25	8.968	0.18	1.0	1.0
26	5	220	10.968	0.18	9.0	0.0	1.0	1.0
26	5	180	9.0	0.0	9.0	0.0	1.0	1.0
26	5	140	6.806	0.402	9.0	0.0	1.0	1.0
26	5	100	4.387	0.495	9.903	0.301	1.0	1.0
26	5	77	3.0	0.0	11.0	0.258	1.0	1.0
26	5	74	2.903	0.301	11.29	0.461	1.0	1.0
26	5	71	2.742	0.445	11.871	0.341	1.0	1.0
26	5	68	2.387	0.495	12.129	0.428	1.0	1.0
26	5	65	2.065	0.25	12.903	0.473	1.0	1.0
26	5	62	1.968	0.18	13.806	0.601	1.0	1.0
26	5	59	2.0	0.0	15.226	0.845	1.0	1.0
26	5	56	1.733	0.45	16.935	1.263	0.968	1.0
26	5	53	0.95	0.826	19.667	2.548	0.419	0.774
26	5	50	0.0	0.0	22.667	1.155	0.0	0.097
26	5	47	0.0	0.0	nan	nan	0.0	0.0
26	5	44	0.0	0.0	nan	nan	0.0	0.0
27	5	420	16.677	0.475	8.29	0.461	1.0	1.0
27	5	380	15.774	0.425	8.226	0.425	1.0	1.0
27	5	340	14.871	0.341	8.032	0.18	1.0	1.0
27	5	300	13.258	0.445	8.161	0.374	1.0	1.0
27	5	260	12.0	0.0	8.194	0.402	1.0	1.0
27	5	220	10.032	0.18	8.839	0.374	1.0	1.0
27	5	180	8.161	0.374	9.0	0.0	1.0	1.0
27	5	140	6.032	0.18	9.0	0.0	1.0	1.0
27	5	100	4.065	0.25	10.0	0.0	1.0	1.0
27	5	77	3.0	0.0	11.516	0.626	1.0	1.0
27	5	74	2.968	0.18	12.065	0.442	1.0	1.0
27	5	71	2.806	0.402	12.871	0.499	1.0	1.0
27	5	68	2.161	0.374	13.742	0.575	1.0	1.0
27	5	65	2.0	0.0	14.774	0.762	1.0	1.0
27	5	62	2.0	0.0	15.968	0.657	1.0	1.0
27	5	59	1.226	0.425	19.71	2.036	1.0	1.0
27	5	56	0.774	0.425	23.625	2.446	0.774	0.774
27	5	53	0.0	0.0	nan	nan	0.0	0.0
27	5	50	0.0	0.0	nan	nan	0.0	0.0
27	5	47	0.0	0.0	nan	nan	0.0	0.0
27	5	44	0.0	0.0	nan	nan	0.0	0.0
28	5	420	18.968	0.18	8.0	0.0	1.0	1.0
28	5	380	17.968	0.18	8.0	0.0	1.0	1.0
28	5	340	16.581	0.502	8.0	0.0	1.0	1.0
28	5	300	15.032	0.18	8.0	0.0	1.0	1.0
28	5	260	13.419	0.502	8.0	0.0	1.0	1.0
28	5	220	11.516	0.508	8.0	0.0	1.0	1.0
28	5	180	9.097	0.301	8.0	0.0	1.0	1.0
28	5	140	6.935	0.25	8.871	0.341	1.0	1.0
28	5	100	4.323	0.475	9.0	0.0	1.0	1.0
28	5	77	3.0	0.0	11.0	0.258	1.0	1.0
28	5	74	2.839	0.374	11.194	0.477	1.0	1.0
28	5	71	2.355	0.486	11.742	0.445	1.0	1.0
28	5	68	2.129	0.341	12.484	0.677	1.0	1.0
28	5	65	2.0	0.0	13.258	0.773	1.0	1.0
28	5	62	2.0	0.0	14.645	0.915	1.0	1.0
28	5	59	1.8	0.407	16.226	1.454	0.968	1.0
28	5	56	1.235	0.562	20.0	2.6	0.516	0.968
28	5	53	0.036	0.189	21.75	3.862	0.032	0.129
28	5	50	0.0	0.0	nan	nan	0.0	0.0
28	5	47	0.0	0.0	nan	nan	0.0	0.0
28	5	44	0.0	0.0	nan	nan	0.0	0.0
29	5	420	18.323	0.475	9.0	0.0	1.0	1.0
29	5	380	17.839	0.374	9.0	0.0	1.0	1.0
29	5	340	16.774	0.425	8.968	0.18	1.0	1.0
29	5	300	15.129	0.341	8.935	0.25	1.0	1.0
29	5	260	13.806	0.402	9.0	0.0	1.0	1.0
29	5	220	11.968	0.18	8.968	0.18	1.0	1.0
29	5	180	9.935	0.25	9.0	0.0	1.0	1.0
29	5	140	7.774	0.425	9.0	0.0	1.0	1.0
29	5	100	5.065	0.25	9.71	0.461	1.0	1.0
29	5	77	4.0	0.0	10.806	0.402	1.0	1.0
29	5	74	3.871	0.341	11.065	0.359	1.0	1.0
29	5	71	3.581	0.502	11.161	0.374	1.0	1.0
29	5	68	3.065	0.25	11.774	0.425	1.0	1.0
29	5	65	3.0	0.0	12.258	0.514	1.0	1.0
29	5	62	3.0	0.0	13.0	0.447	1.0	1.0
29	5	59	2.968	0.18	13.871	0.718	1.0	1.0
29	5	56	2.774	0.425	15.194	0.703	1.0	1.0
29	5	53	2.0	0.447	17.161	1.753	1.0	1.0
29	5	50	1.194	0.402	20.258	2.476	1.0	1.0
29	5	47	0.29	0.461	29.444	3.127	0.29	0.29
29	5	44	0.0	0.0	nan	nan	0.0	0.0
30	5	420	13.161	0.374	8.0	0.0	1.0	1.0
30	5	380	12.871	0.341	8.0	0.0	1.0	1.0
30	5	340	12.0	0.0	8.0	0.0	1.0	1.0
30	5	300	11.0	0.0	8.0	0.0	1.0	1.0
30	5	260	10.0	0.0	8.0	0.0	1.0	1.0
30	5	220	8.742	0.445	8.0	0.0	1.0	1.0
30	5	180	7.032	0.18	8.032	0.18	1.0	1.0
30	5	140	5.29	0.461	8.968	0.18	1.0	1.0
30	5	100	4.0	0.0	9.0	0.0	1.0	1.0
30	5	77	3.0	0.0	10.613	0.495	1.0	1.0
30	5	74	2.968	0.18	11.0	0.258	1.0	1.0
30	5	71	2.677	0.475	11.29	0.461	1.0	1.0
30	5	68	2.129	0.341	12.065	0.512	1.0	1.0
30	5	65	2.032	0.18	12.613	0.558	1.0	1.0
30	5	62	2.0	0.0	13.774	0.669	1.0	1.0
30	5	59	2.0	0.0	15.129	0.922	1.0	1.0
30	5	56	1.839	0.374	17.581	2.203	1.0	1.0
30	5	53	0.964	0.429	21.357	2.376	0.806	0.903
30	5	50	0.0	0.0	nan	nan	0.0	0.0
30	5	47	0.0	0.0	nan	nan	0.0	0.0
30	5	44	0.0	0.0	nan	nan	0.0	0.0
31	5	420	17.968	0.18	8.0	0.0	1.0	1.0
31	5	380	17.0	0.0	8.0	0.0	1.0	1.0
31	5	340	15.968	0.18	8.0	0.0	1.0	1.0
31	5	300	14.484	0.508	8.0	0.0	1.0	1.0
31	5	260	13.0	0.0	8.0	0.0	1.0	1.0
31	5	220	11.065	0.25	8.0	0.0	1.0	1.0
31	5	180	9.0	0.0	8.0	0.0	1.0	1.0
31	5	140	7.0	0.0	8.323	0.475	1.0	1.0
31	5	100	4.968	0.18	9.0	0.0	1.0	1.0
31	5	77	3.484	0.508	10.065	0.25	1.0	1.0
31	5	74	3.194	0.402	10.323	0.475	1.0	1.0
31	5	71	3.032	0.18	10.806	0.402	1.0	1.0
31	5	68	3.0	0.0	11.355	0.486	1.0	1.0
31	5	65	2.968	0.18	11.677	0.541	1.0	1.0
31	5	62	2.774	0.425	12.419	0.564	1.0	1.0
31	5	59	2.387	0.495	13.387	0.715	1.0	1.0
31	5	56	2.0	0.0	14.677	1.107	1.0	1.0
31	5	53	1.871	0.341	16.742	1.591	1.0	1.0
31	5	50	1.516	0.508	18.452	2.03	1.0	1.0
31	5	47	0.517	0.509	23.353	2.149	0.484	0.548
31	5	44	0.065	0.25	26.0	1.414	0.065	0.065
0	6	420	20.097	0.301	8.0	0.0	1.0	1.0
0	6	380	19.548	0.506	8.0	0.0	1.0	1.0
0	6	340	18.419	0.502	8.0	0.0	1.0	1.0
0	6	300	17.032	0.18	8.0	0.0	1.0	1.0
0	6	260	15.71	0.461	8.0	0.0	1.0	1.0
0	6	220	13.774	0.425	8.0	0.0	1.0	1.0
0	6	180	11.452	0.506	8.0	0.0	1.0	1.0
0	6	140	9.032	0.18	8.29	0.461	1.0	1.0
0	6	100	6.581	0.502	9.0	0.0	1.0	1.0
0	6	77	5.0	0.0	9.935	0.25	1.0	1.0
0	6	74	4.968	0.18	10.0	0.0	1.0	1.0
0	6	71	4.806	0.402	10.0	0.0	1.0	1.0
0	6	68	4.419	0.502	10.065	0.25	1.0	1.0
0	6	65	4.0	0.0	10.613	0.495	1.0	1.0
0	6	62	4.0	0.0	11.0	0.365	1.0	1.0
0	6	59	3.968	0.18	11.581	0.564	1.0	1.0
0	6	56	3.677	0.475	12.194	0.543	1.0	1.0
0	6	53	3.097	0.301	12.968	0.547	1.0	1.0
0	6	50	3.0	0.0	14.194	0.792	1.0	1.0
0	6	47	2.968	0.18	15.839	0.969	1.0	1.0
0	6	44	2.516	0.57	18.516	1.947	1.0	1.0
1	6	420	18.968	0.18	8.0	0.0	1.0	1.0
1	6	380	18.032	0.18	8.0	0.0	1.0	1.0
1	6	340	17.032	0.18	8.0	0.0	1.0	1.0
1	6	300	15.968	0.18	8.0	0.0	1.0	1.0
1	6	260	14.161	0.374	8.0	0.0	1.0	1.0
1	6	220	12.387	0.558	8.032	0.18	1.0	1.0
1	6	180	10.258	0.445	8.129	0.341	1.0	1.0
1	6	140	8.0	0.0	8.968	0.18	1.0	1.0
1	6	100	5.806	0.402	9.0	0.0	1.0	1.0
1	6	77	4.032	0.18	10.097	0.301	1.0	1.0
1	6	74	3.968	0.18	10.774	0.425	1.0	1.0
1	6	71	3.935	0.25	10.968	0.315	1.0	1.0
1	6	68	3.323	0.475	11.387	0.495	1.0	1.0
1	6	65	3.065	0.25	12.0	0.447	1.0	1.0
1	6	62	3.0	0.0	12.516	0.508	1.0	1.0
1	6	59	3.0	0.0	13.516	0.677	1.0	1.0
1	6	56	2.774	0.425	14.677	0.748	1.0	1.0
1	6	53	2.0	0.447	16.742	1.094	1.0	1.0
1	6	50	1.323	0.475	20.194	3.41	1.0	1.0
1	6	47	0.75	0.441	27.625	4.084	0.677	0.774
1	6	44	0.0	0.0	nan	nan	0.0	0.0
2	6	420	19.839	0.374	9.0	0.0	1.0	1.0
2	6	380	18.968	0.18	9.0	0.0	1.0	1.0
2	6	340	17.774	0.425	9.0	0.0	1.0	1.0
2	6	300	16.065	0.359	9.0	0.0	1.0	1.0
2	6	260	14.387	0.495	9.0	0.0	1.0	1.0
2	6	220	12.258	0.445	9.0	0.0	1.0	1.0
2	6	180	10.065	0.25	9.0	0.0	1.0	1.0
2	6	140	7.839	0.374	9.0	0.0	1.0	1.0
2	6	100	5.129	0.341	9.355	0.486	1.0	1.0
2	6	77	3.645	0.486	10.516	0.508	1.0	1.0
2	6	74	3.226	0.425	10.806	0.402	1.0	1.0
2	6	71	3.0	0.0	11.097	0.301	1.0	1.0
2	6	68	3.0	0.0	11.452	0.624	1.0	1.0
2	6	65	2.774	0.425	11.935	0.25	1.0	1.0
2	6	62	2.516	0.508	12.581	0.564	1.0	1.0
2	6	59	2.194	0.402	13.161	0.583	1.0	1.0
2	6	56	2.065	0.25	14.452	0.81	1.0	1.0
2	6	53	1.968	0.18	15.419	0.807	1.0	1.0
2	6	50	1.321	0.723	17.593	1.448	0.774	0.871
2	6	47	0.345	0.67	20.444	2.297	0.226	0.29
2	6	44	0.0	0.0	nan	nan	0.0	0.0
3	6	420	12.0	0.0	9.0	0.0	1.0	1.0
3	6	380	11.161	0.374	9.0	0.0	1.0	1.0
3	6	340	10.806	0.402	9.0	0.0	1.0	1.0
3	6	300	9.903	0.301	9.0	0.0	1.0	1.0
3	6	260	8.839	0.374	9.0	0.0	1.0	1.0
3	6	220	7.29	0.461	9.0	0.0	1.0	1.0
3	6	180	6.0	0.0	9.0	0.0	1.0	1.0
3	6	140	4.516	0.508	9.0	0.0	1.0	1.0
3	6	100	2.968	0.18	10.032	0.18	1.0	1.0
3	6	77	2.0	0.0	11.839	0.374	1.0	1.0
3	6	74	2.0	0.0	12.484	0.508	1.0	1.0
3	6	71	1.935	0.25	13.032	0.547	1.0	1.0
3	6	68	1.548	0.506	14.032	0.706	1.0	1.0
3	6	65	1.129	0.341	15.065	0.772	1.0	1.0
3	6	62	0.815	0.396	16.923	1.262	0.71	0.839
3	6	59	0.077	0.272	19.0	1.732	0.065	0.226
3	6	56	0.0	0.0	nan	nan	0.0	0.0
3	6	53	0.0	0.0	nan	nan	0.0	0.0
3	6	50	0.0	0.0	nan	nan	0.0	0.0
3	6	47	0.0	0.0	nan	nan	0.0	0.0
3	6	44	0.0	0.0	nan	nan	0.0	0.0
4	6	420	20.387	0.495	9.0	0.0	1.0	1.0
4	6	380	19.613	0.495	9.0	0.0	1.0	1.0
4	6	340	18.419	0.502	9.0	0.0	1.0	1.0
4	6	300	17.032	0.18	9.0	0.0	1.0	1.0
4	6	260	15.097	0.301	9.0	0.0	1.0	1.0
4	6	220	13.161	0.374	9.0	0.0	1.0	1.0
4	6	180	10.968	0.18	9.0	0.0	1.0	1.0
4	6	140	8.774	0.425	9.0	0.0	1.0	1.0
4	6	100	6.0	0.0	10.0	0.0	1.0	1.0
4	6	77	4.129	0.341	11.258	0.445	1.0	1.0
4	6	74	4.0	0.0	11.774	0.425	1.0	1.0
4	6	71	4.0	0.0	12.129	0.341	1.0	1.0
4	6	68	4.0	0.0	12.677	0.475	1.0	1.0
4	6	65	3.677	0.475	13.129	0.341	1.0	1.0
4	6	62	3.065	0.25	14.0	0.447	1.0	1.0
4	6	59	3.0	0.0	15.226	0.617	1.0	1.0
4	6	56	2.968	0.18	16.516	0.926	1.0	1.0
4	6	53	2.0	0.683	19.129	1.231	1.0	1.0
4	6	50	1.645	0.486	22.871	2.432	1.0	1.0
4	6	47	0.75	0.442	29.52	4.464	0.581	0.806
4	6	44	0.0	0.0	nan	nan	0.0	0.0
5	6	420	15.129	0.341	8.0	0.0	1.0	1.0
5	6	380	14.355	0.486	8.0	0.0	1.0	1.0
5	6	340	13.355	0.486	8.0	0.0	1.0	1.0
5	6	300	12.065	0.25	8.0	0.0	1.0	1.0
5	6	260	11.0	0.0	8.0	0.0	1.0	1.0
5	6	220	9.065	0.25	8.0	0.0	1.0	1.0
5	6	180	7.516	0.508	8.065	0.25	1.0	1.0
5	6	140	5.871	0.341	8.968	0.18	1.0	1.0
5	6	100	3.839	0.374	9.0	0.0	1.0	1.0
5	6	77	2.226	0.425	10.129	0.341	1.0	1.0
5	6	74	2.0	0.0	10.742	0.445	1.0	1.0
5	6	71	2.0	0.0	11.065	0.25	1.0	1.0
5	6	68	2.0	0.0	11.548	0.568	1.0	1.0
5	6	65	2.0	0.0	12.0	0.516	1.0	1.0
5	6	62	1.839	0.374	12.903	0.651	1.0	1.0
5	6	59	1.226	0.425	14.194	0.654	1.0	1.0
5	6	56	0.967	0.414	15.75	1.11	0.871	0.903
5	6	53	0.08	0.277	18.5	1.414	0.065	0.258
5	6	50	0.0	0.0	nan	nan	0.0	0.0
5	6	47	0.0	0.0	nan	nan	0.0	0.0
5	6	44	0.0	0.0	nan	nan	0.0	0.0
6	6	420	16.968	0.18	9.0	0.0	1.0	1.0
6	6	380	16.065	0.25	9.0	0.0	1.0	1.0
6	6	340	15.0	0.0	9.0	0.0	1.0	1.0
6	6	300	14.0	0.0	9.0	0.0	1.0	1.0
6	6	260	12.903	0.301	9.0	0.0	1.0	1.0
6	6	220	11.0	0.0	9.0	0.0	1.0	1.0
6	6	180	9.129	0.341	9.0	0.0	1.0	1.0
6	6	140	7.065	0.25	9.0	0.0	1.0	1.0
6	6	100	5.0	0.0	9.903	0.301	1.0	1.0
6	6	77	4.0	0.0	10.677	0.475	1.0	1.0
6	6	74	3.935	0.25	10.968	0.18	1.0	1.0
6	6	71	3.484	0.508	11.161	0.374	1.0	1.0
6	6	68	3.194	0.402	11.452	0.506	1.0	1.0
6	6	65	3.0	0.0	12.129	0.499	1.0	1.0
6	6	62	3.0	0.0	12.839	0.454	1.0	1.0
6	6	59	3.0	0.0	13.581	0.564	1.0	1.0
6	6	56	2.742	0.445	14.903	0.7	1.0	1.0
6	6	53	2.065	0.359	16.097	0.79	1.0	1.0
6	6	50	1.516	0.57	19.161	2.099	1.0	1.0
6	6	47	1.0	0.0	23.806	3.41	1.0	1.0
6	6	44	0.065	0.25	25.5	0.707	0.065	0.065
7	6	420	21.032	0.18	8.032	0.18	1.0	1.0
7	6	380	19.968	0.18	8.0	0.0	1.0	1.0
7	6	340	18.935	0.25	8.0	0.0	1.0	1.0
7	6	300	17.29	0.461	8.0	0.0	1.0	1.0
7	6	260	15.548	0.506	8.0	0.0	1.0	1.0
7	6	220	13.355	0.486	8.097	0.301	1.0	1.0
7	6	180	11.0	0.0	8.806	0.402	1.0	1.0
7	6	140	8.516	0.508	9.0	0.0	1.0	1.0
7	6	100	6.0	0.0	9.419	0.502	1.0	1.0
7	6	77	4.032	0.18	10.935	0.25	1.0	1.0
7	6	74	4.0	0.0	11.097	0.301	1.0	1.0
7	6	71	3.871	0.341	11.839	0.454	1.0	1.0
7	6	68	3.484	0.508	12.29	0.461	1.0	1.0
7	6	65	3.032	0.18	13.065	0.442	1.0	1.0
7	6	62	3.0	0.0	14.032	0.547	1.0	1.0
7	6	59	3.0	0.0	15.387	0.844	1.0	1.0
7	6	56	2.484	0.677	17.226	1.023	1.0	1.0
7	6	53	1.258	0.514	21.194	2.926	1.0	1.0
7	6	50	0.828	0.384	26.962	4.787	0.774	0.839
7	6	47	0.0	0.0	nan	nan	0.0	0.0
7	6	44	0.0	0.0	nan	nan	0.0	0.0
8	6	420	16.677	0.475	8.935	0.25	1.0	1.0
8	6	380	15.903	0.301	8.903	0.301	1.0	1.0
8	6	340	14.903	0.301	8.742	0.445	1.0	1.0
8	6	300	13.613	0.495	8.839	0.374	1.0	1.0
8	6	260	12.0	0.0	8.935	0.25	1.0	1.0
8	6	220	10.194	0.402	9.0	0.0	1.0	1.0
8	6	180	8.323	0.475	9.0	0.0	1.0	1.0
8	6	140	6.355	0.486	9.0	0.0	1.0	1.0
8	6	100	4.032	0.18	9.645	0.486	1.0	1.0
8	6	77	3.0	0.0	10.935	0.25	1.0	1.0
8	6	74	2.935	0.25	11.032	0.18	1.0	1.0
8	6	71	2.581	0.502	11.548	0.506	1.0	1.0
8	6	68	2.129	0.341	12.0	0.447	1.0	1.0
8	6	65	2.0	0.0	12.742	0.514	1.0	1.0
8	6	62	2.0	0.0	13.452	0.624	1.0	1.0
8	6	59	1.935	0.25	14.484	0.811	1.0	1.0
8	6	56	1.667	0.479	16.452	1.287	0.968	1.0
8	6	53	1.182	0.733	18.37	1.735	0.581	0.871
8	6	50	0.0	0.0	18.0	0.0	0.0	0.032
8	6	47	0.0	0.0	nan	nan	0.0	0.0
8	6	44	0.0	0.0	nan	nan	0.0	0.0
9	6	420	16.097	0.301	8.968	0.18	1.0	1.0
9	6	380	15.677	0.475	8.968	0.18	1.0	1.0
9	6	340	14.581	0.502	8.968	0.18	1.0	1.0
9	6	300	13.194	0.402	8.871	0.341	1.0	1.0
9	6	260	11.968	0.18	8.968	0.18	1.0	1.0
9	6	220	10.065	0.25	9.0	0.0	1.0	1.0
9	6	180	8.419	0.502	9.0	0.0	1.0	1.0
9	6	140	6.226	0.425	9.0	0.0	1.0	1.0
9	6	100	4.065	0.25	10.0	0.0	1.0	1.0
9	6	77	3.0	0.0	11.613	0.495	1.0	1.0
9	6	74	2.903	0.301	12.097	0.396	1.0	1.0
9	6	71	2.645	0.486	12.484	0.57	1.0	1.0
9	6	68	2.065	0.25	13.548	0.723	1.0	1.0
9	6	65	2.0	0.0	14.774	0.884	1.0	1.0
9	6	62	1.935	0.25	16.226	1.586	1.0	1.0
9	6	59	1.387	0.495	18.935	1.806	1.0	1.0
9	6	56	0.739	0.541	23.75	3.352	0.516	0.774
9	6	53	0.0	0.0	nan	nan	0.0	0.0
9	6	50	0.0	0.0	nan	nan	0.0	0.0
9	6	47	0.0	0.0	nan	nan	0.0	0.0
9	6	44	0.0	0.0	nan	nan	0.0	0.0
10	6	420	17.032	0.18	9.0	0.0	1.0	1.0
10	6	380	16.29	0.461	9.0	0.0	1.0	1.0
10	6	340	15.581	0.502	8.968	0.18	1.0	1.0
10	6	300	14.258	0.445	9.0	0.0	1.0	1.0
10	6	260	13.0	0.258	9.0	0.0	1.0	1.0
10	6	220	11.194	0.402	9.0	0.0	1.0	1.0
10	6	180	9.194	0.402	9.0	0.0	1.0	1.0
10	6	140	7.129	0.341	9.0	0.0	1.0	1.0
10	6	100	5.0	0.0	9.806	0.402	1.0	1.0
10	6	77	3.935	0.25	11.065	0.25	1.0	1.0
10	6	74	3.613	0.495	11.194	0.402	1.0	1.0
10	6	71	3.226	0.425	11.968	0.407	1.0	1.0
10	6	68	3.032	0.18	12.355	0.551	1.0	1.0
10	6	65	2.968	0.18	13.097	0.539	1.0	1.0
10	6	62	2.903	0.301	13.935	1.124	1.0	1.0
10	6	59	2.581	0.502	15.419	0.765	1.0	1.0
10	6	56	2.129	0.428	16.355	0.985	1.0	1.0
10	6	53	1.29	0.461	19.452	1.929	1.0	1.0
10	6	50	0.968	0.315	22.138	2.183	0.935	0.935
10	6	47	0.194	0.402	23.333	2.338	0.194	0.194
10	6	44	0.0	0.0	nan	nan	0.0	0.0
11	6	420	15.903	0.301	8.0	0.0	1.0	1.0
11	6	380	15.0	0.0	8.0	0.0	1.0	1.0
11	6	340	14.032	0.18	8.0	0.0	1.0	1.0
11	6	300	13.065	0.25	8.0	0.0	1.0	1.0
11	6	260	12.0	0.0	8.0	0.0	1.0	1.0
11	6	220	10.194	0.402	8.0	0.0	1.0	1.0
11	6	180	8.806	0.402	8.0	0.0	1.0	1.0
11	6	140	6.968	0.18	8.774	0.425	1.0	1.0
11	6	100	4.871	0.341	9.032	0.18	1.0	1.0
11	6	77	3.226	0.425	10.097	0.301	1.0	1.0
11	6	74	3.0	0.0	10.613	0.495	1.0	1.0
11	6	71	3.0	0.0	11.0	0.0	1.0	1.0
11	6	68	3.0	0.0	11.226	0.425	1.0	1.0
11	6	65	2.968	0.18	12.129	0.428	1.0	1.0
11	6	62	2.903	0.301	12.903	0.539	1.0	1.0
11	6	59	2.258	0.445	14.0	0.683	1.0	1.0
11	6	56	2.097	0.301	15.484	0.89	1.0	1.0
11	6	53	1.71	0.461	17.968	1.991	1.0	1.0
11	6	50	0.667	0.479	23.286	3.101	0.645	0.677
11	6	47	0.0	0.0	nan	nan	0.0	0.0
11	6	44	0.0	0.0	nan	nan	0.0	0.0
12	6	420	14.903	0.301	8.0	0.0	1.0	1.0
12	6	380	14.032	0.18	8.0	0.0	1.0	1.0
12	6	340	13.129	0.341	8.0	0.0	1.0	1.0
12	6	300	12.065	0.25	8.0	0.0	1.0	1.0
12	6	260	11.0	0.0	8.032	0.18	1.0	1.0
12	6	220	9.677	0.475	8.032	0.18	1.0	1.0
12	6	180	8.0	0.0	8.161	0.374	1.0	1.0
12	6	140	6.0	0.0	8.968	0.18	1.0	1.0
12	6	100	4.097	0.301	9.0	0.0	1.0	1.0
12	6	77	3.0	0.0	10.226	0.425	1.0	1.0
12	6	74	2.968	0.18	10.645	0.486	1.0	1.0
12	6	71	3.0	0.0	10.935	0.25	1.0	1.0
12	6	68	2.645	0.486	11.226	0.425	1.0	1.0
12	6	65	2.323	0.475	12.065	0.442	1.0	1.0
12	6	62	2.129	0.341	12.581	0.564	1.0	1.0
12	6	59	2.0	0.0	13.484	0.677	1.0	1.0
12	6	56	2.0	0.0	14.806	1.108	1.0	1.0
12	6	53	1.828	0.384	16.968	1.251	0.935	1.0
12	6	50	1.24	0.436	19.645	2.138	0.806	1.0
12	6	47	0.111	0.32	22.714	2.812	0.097	0.226
12	6	44	0.0	0.0	nan	nan	0.0	0.0
13	6	420	18.774	0.425	9.0	0.0	1.0	1.0
13	6	380	17.968	0.315	9.0	0.0	1.0	1.0
13	6	340	16.935	0.25	9.0	0.0	1.0	1.0
13	6	300	15.129	0.341	9.0	0.0	1.0	1.0
13	6	260	13.71	0.461	9.0	0.0	1.0	1.0
13	6	220	12.0	0.0	9.0	0.0	1.0	1.0
13	6	180	9.903	0.301	9.0	0.0	1.0	1.0
13	6	140	7.226	0.497	9.0	0.0	1.0	1.0
13	6	100	4.968	0.18	9.968	0.18	1.0	1.0
13	6	77	3.258	0.445	10.935	0.25	1.0	1.0
13	6	74	3.032	0.18	11.161	0.374	1.0	1.0
13	6	71	3.0	0.0	11.71	0.461	1.0	1.0
13	6	68	2.806	0.402	12.29	0.529	1.0	1.0
13	6	65	2.355	0.486	12.742	0.575	1.0	1.0
13	6	62	2.161	0.374	13.645	0.608	1.0	1.0
13	6	59	1.968	0.18	15.097	0.978	1.0	1.0
13	6	56	1.903	0.301	16.29	1.243	1.0	1.0
13	6	53	1.231	0.765	19.769	2.997	0.677	0.839
13	6	50	0.16	0.374	22.2	2.658	0.129	0.323
13	6	47	0.0	0.0	nan	nan	0.0	0.0
13	6	44	0.0	0.0	nan	nan	0.0	0.0
14	6	420	18.097	0.301	9.0	0.0	1.0	1.0
14	6	380	17.516	0.508	9.0	0.0	1.0	1.0
14	6	340	16.516	0.508	9.0	0.0	1.0	1.0
14	6	300	15.419	0.502	9.0	0.0	1.0	1.0
14	6	260	14.0	0.0	9.0	0.0	1.0	1.0
14	6	220	12.129	0.341	9.0	0.0	1.0	1.0
14	6	180	10.129	0.341	9.0	0.0	1.0	1.0
14	6	140	8.129	0.428	9.0	0.0	1.0	1.0
14	6	100	6.0	0.258	10.0	0.0	1.0	1.0
14	6	77	4.29	0.461	11.0	0.0	1.0	1.0
14	6	74	4.032	0.18	11.097	0.301	1.0	1.0
14	6	71	4.0	0.0	11.419	0.502	1.0	1.0
14	6	68	4.0	0.0	12.0	0.0	1.0	1.0
14	6	65	3.871	0.341	12.484	0.508	1.0	1.0
14	6	62	3.258	0.445	13.161	0.583	1.0	1.0
14	6	59	3.097	0.301	13.645	0.486	1.0	1.0
14	6	56	2.968	0.18	14.581	0.672	1.0	1.0
14	6	53	3.0	0.0	16.226	0.762	1.0	1.0
14	6	50	2.355	0.709	18.452	1.567	1.0	1.0
14	6	47	1.323	0.475	22.645	2.64	1.0	1.0
14	6	44	0.893	0.416	27.778	4.458	0.774	0.871
15	6	420	11.0	0.0	9.0	0.0	1.0	1.0
15	6	380	10.161	0.374	9.0	0.0	1.0	1.0
15	6	340	9.968	0.18	9.0	0.0	1.0	1.0
15	6	300	9.0	0.0	9.0	0.0	1.0	1.0
15	6	260	8.0	0.0	8.968	0.18	1.0	1.0
15	6	220	7.0	0.0	9.0	0.0	1.0	1.0
15	6	180	5.484	0.508	9.0	0.0	1.0	1.0
15	6	140	4.0	0.0	9.0	0.0	1.0	1.0
15	6	100	2.613	0.495	10.0	0.0	1.0	1.0
15	6	77	1.903	0.301	12.129	0.428	1.0	1.0
15	6	74	1.419	0.502	13.032	0.547	1.0	1.0
15	6	71	1.097	0.301	13.839	0.969	1.0	1.0
15	6	68	1.0	0.0	15.548	1.121	1.0	1.0
15	6	65	0.64	0.49	17.318	1.524	0.516	0.71
15	6	62	0.0	0.0	nan	nan	0.0	0.0
15	6	59	0.0	0.0	nan	nan	0.0	0.0
15	6	56	0.0	0.0	nan	nan	0.0	0.0
15	6	53	0.0	0.0	nan	nan	0.0	0.0
15	6	50	0.0	0.0	nan	nan	0.0	0.0
15	6	47	0.0	0.0	nan	nan	0.0	0.0
15	6	44	0.0	0.0	nan	nan	0.0	0.0
16	6	420	19.516	0.508	9.0	0.0	1.0	1.0
16	6	380	18.645	0.486	8.968	0.18	1.0	1.0
16	6	340	17.903	0.301	9.0	0.0	1.0	1.0
16	6	300	16.29	0.461	9.0	0.0	1.0	1.0
16	6	260	14.903	0.301	9.0	0.0	1.0	1.0
16	6	220	13.032	0.18	8.968	0.18	1.0	1.0
16	6	180	10.903	0.301	9.0	0.0	1.0	1.0
16	6	140	8.581	0.502	9.0	0.0	1.0	1.0
16	6	100	6.129	0.341	9.032	0.18	1.0	1.0
16	6	77	4.774	0.425	10.0	0.0	1.0	1.0
16	6	74	4.258	0.445	10.161	0.374	1.0	1.0
16	6	71	4.032	0.18	10.387	0.495	1.0	1.0
16	6	68	3.968	0.18	10.677	0.475	1.0	1.0
16	6	65	3.968	0.18	10.903	0.301	1.0	1.0
16	6	62	3.742	0.445	11.161	0.374	1.0	1.0
16	6	59	3.419	0.502	11.774	0.497	1.0	1.0
16	6	56	3.258	0.445	12.161	0.583	1.0	1.0
16	6	53	3.032	0.18	13.065	0.629	1.0	1.0
16	6	50	2.903	0.301	14.258	0.815	1.0	1.0
16	6	47	2.613	0.495	15.097	0.87	1.0	1.0
16	6	44	1.871	0.67	17.548	2.173	1.0	1.0
17	6	420	14.0	0.0	8.0	0.0	1.0	1.0
17	6	380	13.258	0.445	8.0	0.0	1.0	1.0
17	6	340	12.581	0.502	8.0	0.0	1.0	1.0
17	6	300	11.097	0.301	8.0	0.0	1.0	1.0
17	6	260	10.0	0.0	8.0	0.0	1.0	1.0
17	6	220	8.806	0.402	8.0	0.0	1.0	1.0
17	6	180	7.0	0.0	8.0	0.0	1.0	1.0
17	6	140	5.0	0.0	8.968	0.18	1.0	1.0
17	6	100	3.0	0.0	9.258	0.445	1.0	1.0
17	6	77	2.0	0.0	11.194	0.402	1.0	1.0
17	6	74	2.0	0.0	11.839	0.523	1.0	1.0
17	6	71	1.968	0.18	12.323	0.475	1.0	1.0
17	6	68	1.452	0.506	13.29	0.529	1.0	1.0
17	6	65	1.226	0.425	14.677	0.871	1.0	1.0
17	6	62	0.931	0.371	16.393	1.315	0.839	0.903
17	6	59	0.214	0.418	17.889	1.453	0.194	0.29
17	6	56	0.0	0.0	nan	nan	0.0	0.0
17	6	53	0.0	0.0	nan	nan	0.0	0.0
17	6	50	0.0	0.0	nan	nan	0.0	0.0
17	6	47	0.0	0.0	nan	nan	0.0	0.0
17	6	44	0.0	0.0	nan	nan	0.0	0.0
18	6	420	17.032	0.18	9.0	0.0	1.0	1.0
18	6	380	16.258	0.445	9.0	0.0	1.0	1.0
18	6	340	15.226	0.425	9.0	0.0	1.0	1.0
18	6	300	14.0	0.0	9.0	0.0	1.0	1.0
18	6	260	12.774	0.425	9.0	0.0	1.0	1.0
18	6	220	10.968	0.18	9.0	0.0	1.0	1.0
18	6	180	9.0	0.0	9.0	0.0	1.0	1.0
18	6	140	6.839	0.374	9.0	0.0	1.0	1.0
18	6	100	4.323	0.475	9.935	0.25	1.0	1.0
18	6	77	3.0	0.0	10.968	0.18	1.0	1.0
18	6	74	2.903	0.301	11.419	0.502	1.0	1.0
18	6	71	2.774	0.425	11.903	0.396	1.0	1.0
18	6	68	2.194	0.402	12.387	0.495	1.0	1.0
18	6	65	2.065	0.25	13.355	0.709	1.0	1.0
18	6	62	2.0	0.0	14.097	0.978	1.0	1.0
18	6	59	1.968	0.18	15.355	0.985	1.0	1.0
18	6	56	1.68	0.476	17.903	1.777	0.806	1.0
18	6	53	0.571	0.742	19.267	2.738	0.387	0.484
18	6	50	0.032	0.18	21.0	0.0	0.032	0.032
18	6	47	0.0	0.0	nan	nan	0.0	0.0
18	6	44	0.0	0.0	nan	nan	0.0	0.0
19	6	420	15.903	0.301	8.0	0.0	1.0	1.0
19	6	380	15.0	0.0	8.0	0.0	1.0	1.0
19	6	340	14.032	0.18	8.0	0.0	1.0	1.0
19	6	300	13.0	0.0	8.0	0.0	1.0	1.0
19	6	260	12.0	0.0	8.0	0.0	1.0	1.0
19	6	220	10.258	0.445	8.0	0.0	1.0	1.0
19	6	180	8.903	0.301	8.161	0.374	1.0	1.0
19	6	140	6.968	0.18	8.968	0.18	1.0	1.0
19	6	100	5.0	0.0	9.0	0.0	1.0	1.0
19	6	77	3.871	0.341	10.097	0.301	1.0	1.0
19	6	74	3.226	0.425	10.839	0.454	1.0	1.0
19	6	71	3.0	0.0	10.935	0.25	1.0	1.0
19	6	68	3.0	0.0	11.484	0.57	1.0	1.0
19	6	65	3.0	0.0	12.032	0.407	1.0	1.0
19	6	62	3.0	0.0	12.71	0.643	1.0	1.0
19	6	59	2.613	0.495	13.677	0.475	1.0	1.0
19	6	56	2.161	0.374	15.194	0.749	1.0	1.0
19	6	53	1.774	0.497	17.355	1.743	1.0	1.0
19	6	50	1.226	0.425	20.097	2.797	1.0	1.0
19	6	47	0.419	0.502	26.923	4.329	0.419	0.419
19	6	44	0.0	0.0	nan	nan	0.0	0.0
20	6	420	18.032	0.18	8.0	0.0	1.0	1.0
20	6	380	17.161	0.374	8.0	0.0	1.0	1.0
20	6	340	16.194	0.402	8.0	0.0	1.0	1.0
20	6	300	14.968	0.18	8.0	0.0	1.0	1.0
20	6	260	13.71	0.461	8.0	0.0	1.0	1.0
20	6	220	11.968	0.18	8.0	0.0	1.0	1.0
20	6	180	9.935	0.25	8.032	0.18	1.0	1.0
20	6	140	7.871	0.341	8.968	0.18	1.0	1.0
20	6	100	5.032	0.18	9.0	0.0	1.0	1.0
20	6	77	4.0	0.0	10.452	0.506	1.0	1.0
20	6	74	3.71	0.461	10.839	0.374	1.0	1.0
20	6	71	3.29	0.461	11.065	0.442	1.0	1.0
20	6	68	3.129	0.341	11.806	0.402	1.0	1.0
20	6	65	3.0	0.0	12.355	0.486	1.0	1.0
20	6	62	3.0	0.0	13.161	0.523	1.0	1.0
20	6	59	2.742	0.445	14.613	0.844	1.0	1.0
20	6	56	2.226	0.425	15.645	0.839	1.0	1.0
20	6	53	1.516	0.508	18.419	1.566	1.0	1.0
20	6	50	1.065	0.25	21.903	2.481	1.0	1.0
20	6	47	0.143	0.356	27.143	3.288	0.129	0.226
20	6	44	0.0	0.0	nan	nan	0.0	0.0
21	6	420	15.0	0.0	8.0	0.0	1.0	1.0
21	6	380	14.484	0.508	8.0	0.0	1.0	1.0
21	6	340	13.774	0.425	8.0	0.0	1.0	1.0
21	6	300	12.387	0.495	8.0	0.0	1.0	1.0
21	6	260	11.0	0.258	8.0	0.0	1.0	1.0
21	6	220	9.935	0.25	8.0	0.0	1.0	1.0
21	6	180	7.968	0.18	8.0	0.0	1.0	1.0
21	6	140	5.968	0.18	8.548	0.506	1.0	1.0
21	6	100	4.0	0.0	9.0	0.0	1.0	1.0
21	6	77	2.903	0.301	10.032	0.18	1.0	1.0
21	6	74	2.645	0.486	10.548	0.506	1.0	1.0
21	6	71	2.194	0.402	11.0	0.258	1.0	1.0
21	6	68	2.065	0.25	11.226	0.425	1.0	1.0
21	6	65	2.0	0.0	11.839	0.454	1.0	1.0
21	6	62	2.0	0.0	12.419	0.502	1.0	1.0
21	6	59	2.0	0.0	13.452	0.768	1.0	1.0
21	6	56	1.613	0.495	14.645	0.877	1.0	1.0
21	6	53	0.923	0.628	16.6	1.915	0.645	0.806
21	6	50	0.074	0.267	19.333	1.633	0.065	0.194
21	6	47	0.0	0.0	nan	nan	0.0	0.0
21	6	44	0.0	0.0	nan	nan	0.0	0.0
22	6	420	14.226	0.425	8.903	0.301	1.0	1.0
22	6	380	13.935	0.25	8.871	0.341	1.0	1.0
22	6	340	12.968	0.18	8.742	0.445	1.0	1.0
22	6	300	11.968	0.18	8.871	0.341	1.0	1.0
22	6	260	10.516	0.508	8.903	0.301	1.0	1.0
22	6	220	9.0	0.0	8.968	0.18	1.0	1.0
22	6	180	7.29	0.461	9.0	0.0	1.0	1.0
22	6	140	5.806	0.402	9.0	0.0	1.0	1.0
22	6	100	3.903	0.301	9.742	0.445	1.0	1.0
22	6	77	2.452	0.506	11.0	0.258	1.0	1.0
22	6	74	2.161	0.374	11.323	0.475	1.0	1.0
22	6	71	2.0	0.0	11.871	0.499	1.0	1.0
22	6	68	2.0	0.0	12.484	0.626	1.0	1.0
22	6	65	2.0	0.0	13.516	0.962	1.0	1.0
22	6	62	1.968	0.18	14.29	0.938	1.0	1.0
22	6	59	1.71	0.461	15.581	1.148	1.0	1.0
22	6	56	1.19	0.68	18.214	1.813	0.581	0.903
22	6	53	0.065	0.25	16.5	0.707	0.065	0.065
22	6	50	0.0	0.0	nan	nan	0.0	0.0
22	6	47	0.0	0.0	nan	nan	0.0	0.0
22	6	44	0.0	0.0	nan	nan	0.0	0.0
23	6	420	19.613	0.495	8.129	0.341	1.0	1.0
23	6	380	18.548	0.506	8.129	0.341	1.0	1.0
23	6	340	17.258	0.445	8.0	0.0	1.0	1.0
23	6	300	16.032	0.18	8.032	0.18	1.0	1.0
23	6	260	14.065	0.25	8.161	0.374	1.0	1.0
23	6	220	12.032	0.18	8.258	0.445	1.0	1.0
23	6	180	9.935	0.25	8.903	0.301	1.0	1.0
23	6	140	7.548	0.506	9.0	0.0	1.0	1.0
23	6	100	5.0	0.0	9.097	0.301	1.0	1.0
23	6	77	3.097	0.301	10.258	0.445	1.0	1.0
23	6	74	3.0	0.0	10.935	0.25	1.0	1.0
23	6	71	2.903	0.301	11.129	0.341	1.0	1.0
23	6	68	2.774	0.425	11.581	0.502	1.0	1.0
23	6	65	2.258	0.445	12.129	0.341	1.0	1.0
23	6	62	2.065	0.25	13.0	0.447	1.0	1.0
23	6	59	2.0	0.0	13.968	0.657	1.0	1.0
23	6	56	2.0	0.0	15.935	1.526	0.968	1.0
23	6	53	1.261	0.81	17.808	1.939	0.581	0.839
23	6	50	0.0	0.0	22.667	2.309	0.0	0.097
23	6	47	0.032	0.18	23.0	0.0	0.032	0.032
23	6	44	0.0	0.0	nan	nan	0.0	0.0
24	6	420	17.161	0.374	8.0	0.0	1.0	1.0
24	6	380	16.613	0.495	8.0	0.0	1.0	1.0
24	6	340	15.806	0.402	8.0	0.0	1.0	1.0
24	6	300	14.516	0.508	8.0	0.0	1.0	1.0
24	6	260	13.032	0.18	8.0	0.0	1.0	1.0
24	6	220	11.548	0.506	8.0	0.0	1.0	1.0
24	6	180	9.419	0.502	8.0	0.0	1.0	1.0
24	6	140	7.581	0.502	8.0	0.0	1.0	1.0
24	6	100	5.097	0.301	9.0	0.0	1.0	1.0
24	6	77	4.0	0.0	10.0	0.0	1.0	1.0
24	6	74	4.0	0.0	10.0	0.0	1.0	1.0
24	6	71	3.935	0.25	10.548	0.506	1.0	1.0
24	6	68	3.323	0.475	10.968	0.18	1.0	1.0
24	6	65	3.032	0.18	11.355	0.551	1.0	1.0
24	6	62	3.0	0.0	12.065	0.442	1.0	1.0
24	6	59	3.0	0.0	12.968	0.547	1.0	1.0
24	6	56	3.0	0.0	14.161	0.688	1.0	1.0
24	6	53	2.516	0.508	15.484	0.926	1.0	1.0
24	6	50	1.871	0.562	17.742	1.413	1.0	1.0
24	6	47	1.033	0.183	24.0	3.633	0.968	1.0
24	6	44	0.0	0.0	nan	nan	0.0	0.0
25	6	420	17.065	0.25	8.0	0.0	1.0	1.0
25	6	380	16.613	0.495	8.0	0.0	1.0	1.0
25	6	340	15.871	0.341	8.0	0.0	1.0	1.0
25	6	300	14.645	0.486	8.0	0.0	1.0	1.0
25	6	260	13.032	0.18	8.0	0.0	1.0	1.0
25	6	220	11.581	0.502	8.0	0.0	1.0	1.0
25	6	180	10.0	0.0	8.0	0.0	1.0	1.0
25	6	140	7.839	0.374	8.0	0.0	1.0	1.0
25	6	100	5.258	0.445	9.0	0.0	1.0	1.0
25	6	77	4.0	0.0	9.935	0.25	1.0	1.0
25	6	74	4.0	0.0	10.0	0.0	1.0	1.0
25	6	71	4.0	0.0	10.0	0.0	1.0	1.0
25	6	68	3.677	0.475	10.581	0.672	1.0	1.0
25	6	65	3.097	0.301	11.032	0.18	1.0	1.0
25	6	62	3.0	0.0	11.355	0.486	1.0	1.0
25	6	59	3.0	0.0	12.0	0.365	1.0	1.0
25	6	56	3.0	0.0	13.194	0.543	1.0	1.0
25	6	53	2.903	0.301	14.194	0.749	1.0	1.0
25	6	50	2.226	0.497	16.097	1.375	1.0	1.0
25	6	47	1.323	0.475	19.161	1.985	1.0	1.0
25	6	44	0.733	0.45	26.478	4.347	0.71	0.742
26	6	420	15.806	0.402	8.0	0.0	1.0	1.0
26	6	380	15.0	0.0	8.0	0.0	1.0	1.0
26	6	340	14.0	0.0	8.0	0.0	1.0	1.0
26	6	300	12.968	0.18	8.0	0.0	1.0	1.0
26	6	260	11.419	0.502	8.0	0.0	1.0	1.0
26	6	220	9.968	0.18	8.0	0.0	1.0	1.0
26	6	180	8.0	0.0	8.032	0.18	1.0	1.0
26	6	140	6.032	0.18	8.935	0.25	1.0	1.0
26	6	100	4.0	0.0	9.032	0.18	1.0	1.0
26	6	77	2.935	0.25	10.355	0.486	1.0	1.0
26	6	74	2.581	0.502	10.903	0.301	1.0	1.0
26	6	71	2.226	0.425	11.097	0.301	1.0	1.0
26	6	68	2.0	0.0	11.71	0.461	1.0	1.0
26	6	65	2.0	0.0	12.387	0.558	1.0	1.0
26	6	62	1.968	0.18	13.29	0.783	1.0	1.0
26	6	59	1.839	0.374	14.355	0.915	1.0	1.0
26	6	56	1.481	0.58	16.3	1.725	0.839	0.968
26	6	53	0.48	0.586	19.235	2.796	0.355	0.548
26	6	50	0.0	0.0	nan	nan	0.0	0.0
26	6	47	0.0	0.0	nan	nan	0.0	0.0
26	6	44	0.0	0.0	nan	nan	0.0	0.0
27	6	420	14.0	0.0	9.0	0.0	1.0	1.0
27	6	380	13.097	0.301	9.0	0.0	1.0	1.0
27	6	340	12.806	0.402	9.0	0.0	1.0	1.0
27	6	300	11.871	0.341	9.0	0.0	1.0	1.0
27	6	260	10.419	0.502	9.0	0.0	1.0	1.0
27	6	220	9.0	0.0	9.0	0.0	1.0	1.0
27	6	180	7.742	0.445	9.0	0.0	1.0	1.0
27	6	140	6.0	0.0	9.0	0.0	1.0	1.0
27	6	100	4.0	0.0	10.0	0.0	1.0	1.0
27	6	77	3.0	0.0	11.194	0.402	1.0	1.0
27	6	74	3.0	0.0	11.968	0.315	1.0	1.0
27	6	71	2.968	0.18	12.194	0.543	1.0	1.0
27	6	68	2.839	0.374	13.0	0.258	1.0	1.0
27	6	65	2.097	0.301	13.903	0.473	1.0	1.0
27	6	62	2.032	0.18	14.968	0.605	1.0	1.0
27	6	59	1.968	0.18	17.065	2.516	1.0	1.0
27	6	56	1.3	0.466	19.452	2.593	0.968	1.0
27	6	53	0.367	0.49	25.25	2.179	0.355	0.387
27	6	50	0.0	0.0	26.0	0.0	0.0	0.032
27	6	47	0.0	0.0	nan	nan	0.0	0.0
27	6	44	0.0	0.0	nan	nan	0.0	0.0
28	6	420	14.0	0.0	9.0	0.0	1.0	1.0
28	6	380	13.161	0.374	9.0	0.0	1.0	1.0
28	6	340	12.645	0.486	9.0	0.0	1.0	1.0
28	6	300	11.903	0.301	9.0	0.0	1.0	1.0
28	6	260	10.645	0.486	9.0	0.0	1.0	1.0
28	6	220	9.0	0.0	9.0	0.0	1.0	1.0
28	6	180	7.839	0.374	9.0	0.0	1.0	1.0
28	6	140	6.0	0.0	9.0	0.0	1.0	1.0
28	6	100	4.0	0.0	10.0	0.0	1.0	1.0
28	6	77	3.0	0.0	11.0	0.0	1.0	1.0
28	6	74	3.0	0.0	11.161	0.454	1.0	1.0
28	6	71	2.968	0.18	11.613	0.495	1.0	1.0
28	6	68	2.742	0.445	12.097	0.301	1.0	1.0
28	6	65	2.194	0.402	12.968	0.482	1.0	1.0
28	6	62	2.0	0.0	13.581	0.564	1.0	1.0
28	6	59	2.0	0.0	14.581	0.564	1.0	1.0
28	6	56	2.0	0.0	15.806	1.046	1.0	1.0
28	6	53	1.633	0.49	18.129	1.284	0.968	1.0
28	6	50	0.72	0.542	23.087	2.466	0.548	0.742
28	6	47	0.097	0.301	25.667	2.082	0.097	0.097
28	6	44	0.0	0.0	nan	nan	0.0	0.0
29	6	420	18.968	0.18	8.0	0.0	1.0	1.0
29	6	380	18.0	0.0	8.0	0.0	1.0	1.0
29	6	340	17.0	0.0	8.0	0.0	1.0	1.0
29	6	300	15.742	0.445	8.0	0.0	1.0	1.0
29	6	260	13.968	0.18	8.0	0.0	1.0	1.0
29	6	220	12.065	0.25	8.0	0.0	1.0	1.0
29	6	180	10.0	0.0	8.0	0.0	1.0	1.0
29	6	140	7.935	0.25	8.0	0.0	1.0	1.0
29	6	100	5.226	0.425	9.0	0.0	1.0	1.0
29	6	77	4.0	0.0	9.452	0.506	1.0	1.0
29	6	74	3.677	0.475	9.774	0.425	1.0	1.0
29	6	71	3.323	0.475	10.0	0.0	1.0	1.0
29	6	68	3.065	0.25	10.032	0.18	1.0	1.0
29	6	65	2.968	0.18	10.355	0.486	1.0	1.0
29	6	62	2.968	0.18	10.903	0.396	1.0	1.0
29	6	59	2.645	0.486	11.452	0.506	1.0	1.0
29	6	56	2.29	0.461	12.161	0.638	1.0	1.0
29	6	53	2.032	0.18	13.194	0.703	1.0	1.0
29	6	50	2.0	0.0	14.194	1.046	1.0	1.0
29	6	47	1.839	0.374	16.161	1.44	1.0	1.0
29	6	44	0.667	0.679	18.526	1.837	0.484	0.613
30	6	420	14.032	0.18	8.0	0.0	1.0	1.0
30	6	380	13.419	0.502	8.0	0.0	1.0	1.0
30	6	340	13.0	0.0	8.0	0.0	1.0	1.0
30	6	300	11.968	0.18	8.0	0.0	1.0	1.0
30	6	260	10.871	0.341	8.0	0.0	1.0	1.0
30	6	220	9.065	0.25	8.032	0.18	1.0	1.0
30	6	180	7.871	0.341	8.516	0.508	1.0	1.0
30	6	140	6.0	0.0	9.0	0.0	1.0	1.0
30	6	100	4.0	0.0	9.0	0.0	1.0	1.0
30	6	77	3.0	0.0	10.581	0.564	1.0	1.0
30	6	74	3.0	0.0	10.806	0.402	1.0	1.0
30	6	71	3.0	0.0	11.0	0.365	1.0	1.0
30	6	68	3.0	0.0	11.645	0.486	1.0	1.0
30	6	65	2.806	0.402	12.161	0.523	1.0	1.0
30	6	62	2.419	0.502	12.968	0.706	1.0	1.0
30	6	59	2.032	0.18	13.903	0.79	1.0	1.0
30	6	56	2.0	0.0	15.355	0.709	1.0	1.0
30	6	53	1.903	0.301	17.097	0.831	1.0	1.0
30	6	50	1.129	0.428	20.267	2.348	0.968	0.968
30	6	47	0.519	0.58	24.471	2.348	0.419	0.548
30	6	44	0.0	0.0	nan	nan	0.0	0.0
31	6	420	16.452	0.506	9.0	0.0	1.0	1.0
31	6	380	15.968	0.18	9.0	0.0	1.0	1.0
31	6	340	15.0	0.0	9.0	0.0	1.0	1.0
31	6	300	13.935	0.25	8.968	0.18	1.0	1.0
31	6	260	12.548	0.506	8.935	0.25	1.0	1.0
31	6	220	11.0	0.0	9.0	0.0	1.0	1.0
31	6	180	9.0	0.0	9.0	0.0	1.0	1.0
31	6	140	7.0	0.0	9.0	0.0	1.0	1.0
31	6	100	5.0	0.0	9.581	0.502	1.0	1.0
31	6	77	3.968	0.18	10.613	0.495	1.0	1.0
31	6	74	3.516	0.508	10.968	0.18	1.0	1.0
31	6	71	3.097	0.301	11.355	0.486	1.0	1.0
31	6	68	3.0	0.0	11.839	0.374	1.0	1.0
31	6	65	3.0	0.0	12.29	0.529	1.0	1.0
31	6	62	3.0	0.0	13.258	0.631	1.0	1.0
31	6	59	2.774	0.497	14.194	1.078	1.0	1.0
31	6	56	2.226	0.425	15.774	0.762	1.0	1.0
31	6	53	1.677	0.475	18.161	1.53	1.0	1.0
31	6	50	1.067	0.254	22.742	3.531	0.968	1.0
31	6	47	0.065	0.25	26.5	0.707	0.065	0.065
31	6	44	0.0	0.0	nan	nan	0.0	0.0
0	7	420	15.935	0.25	9.0	0.0	1.0	1.0
0	7	380	14.968	0.18	9.0	0.0	1.0	1.0
0	7	340	13.968	0.18	9.0	0.0	1.0	1.0
0	7	300	12.645	0.486	9.0	0.0	1.0	1.0
0	7	260	11.0	0.0	9.0	0.0	1.0	1.0
0	7	220	9.097	0.301	9.0	0.0	1.0	1.0
0	7	180	7.452	0.506	9.0	0.0	1.0	1.0
0	7	140	5.581	0.502	9.065	0.25	1.0	1.0
0	7	100	3.419	0.502	10.0	0.0	1.0	1.0
0	7	77	2.0	0.0	12.0	0.0	1.0	1.0
0	7	74	2.0	0.0	12.613	0.558	1.0	1.0
0	7	71	2.0	0.0	13.226	0.425	1.0	1.0
0	7	68	2.0	0.0	14.29	0.588	1.0	1.0
0	7	65	1.7	0.466	15.548	0.85	0.968	1.0
0	7	62	1.214	0.499	17.133	0.937	0.871	0.968
0	7	59	0.043	0.209	21.333	2.598	0.032	0.29
0	7	56	0.0	0.0	nan	nan	0.0	0.0
0	7	53	0.0	0.0	nan	nan	0.0	0.0
0	7	50	0.0	0.0	nan	nan	0.0	0.0
0	7	47	0.0	0.0	nan	nan	0.0	0.0
0	7	44	0.0	0.0	nan	nan	0.0	0.0
1	7	420	20.935	0.25	8.516	0.508	1.0	1.0
1	7	380	19.774	0.425	8.387	0.495	1.0	1.0
1	7	340	18.581	0.502	8.323	0.475	1.0	1.0
1	7	300	17.0	0.0	8.355	0.486	1.0	1.0
1	7	260	15.032	0.18	8.29	0.461	1.0	1.0
1	7	220	13.0	0.0	8.71	0.461	1.0	1.0
1	7	180	10.871	0.341	9.0	0.0	1.0	1.0
1	7	140	8.065	0.25	9.0	0.0	1.0	1.0
1	7	100	5.806	0.402	9.484	0.508	1.0	1.0
1	7	77	4.0	0.0	10.903	0.301	1.0	1.0
1	7	74	4.0	0.0	11.097	0.396	1.0	1.0
1	7	71	3.806	0.402	11.323	0.475	1.0	1.0
1	7	68	3.419	0.502	11.839	0.454	1.0	1.0
1	7	65	3.0	0.0	12.387	0.495	1.0	1.0
1	7	62	2.968	0.18	13.355	0.486	1.0	1.0
1	7	59	2.903	0.301	14.194	0.792	1.0	1.0
1	7	56	2.774	0.425	15.129	0.806	1.0	1.0
1	7	53	2.032	0.407	17.0	1.317	1.0	1.0
1	7	50	1.258	0.445	19.516	1.981	1.0	1.0
1	7	47	0.935	0.25	23.379	2.411	0.935	0.935
1	7	44	0.032	0.18	27.0	0.0	0.032	0.032
2	7	420	13.871	0.341	8.935	0.25	1.0	1.0
2	7	380	13.0	0.0	8.968	0.18	1.0	1.0
2	7	340	12.0	0.0	8.903	0.301	1.0	1.0
2	7	300	10.968	0.18	8.839	0.374	1.0	1.0
2	7	260	9.742	0.445	8.968	0.18	1.0	1.0
2	7	220	8.0	0.0	9.0	0.0	1.0	1.0
2	7	180	6.645	0.486	9.0	0.0	1.0	1.0
2	7	140	5.0	0.0	9.0	0.0	1.0	1.0
2	7	100	3.0	0.0	10.0	0.0	1.0	1.0
2	7	77	1.968	0.18	11.484	0.508	1.0	1.0
2	7	74	1.968	0.18	12.065	0.442	1.0	1.0
2	7	71	1.71	0.461	12.71	0.588	1.0	1.0
2	7	68	1.129	0.341	13.935	0.772	1.0	1.0
2	7	65	1.0	0.0	15.129	1.024	0.968	1.0
2	7	62	0.6	0.498	16.632	0.955	0.581	0.613
2	7	59	0.0	0.0	nan	nan	0.0	0.0
2	7	56	0.0	0.0	nan	nan	0.0	0.0
2	7	53	0.0	0.0	nan	nan	0.0	0.0
2	7	50	0.0	0.0	nan	nan	0.0	0.0
2	7	47	0.0	0.0	nan	nan	0.0	0.0
2	7	44	0.0	0.0	nan	nan	0.0	0.0
3	7	420	11.806	0.402	8.258	0.445	1.0	1.0
3	7	380	11.0	0.0	8.194	0.402	1.0	1.0
3	7	340	10.226	0.425	8.194	0.402	1.0	1.0
3	7	300	9.581	0.502	8.161	0.374	1.0	1.0
3	7	260	8.419	0.502	8.129	0.341	1.0	1.0
3	7	220	7.097	0.301	8.548	0.506	1.0	1.0
3	7	180	6.0	0.0	8.968	0.18	1.0	1.0
3	7	140	4.871	0.341	9.0	0.0	1.0	1.0
3	7	100	3.0	0.0	9.71	0.461	1.0	1.0
3	7	77	2.032	0.18	11.129	0.499	1.0	1.0
3	7	74	2.0	0.0	11.742	0.445	1.0	1.0
3	7	71	2.0	0.0	12.29	0.529	1.0	1.0
3	7	68	2.0	0.0	12.935	0.512	1.0	1.0
3	7	65	2.0	0.0	13.968	0.706	1.0	1.0
3	7	62	2.0	0.0	15.452	0.85	1.0	1.0
3	7	59	1.714	0.46	17.419	1.669	0.903	1.0
3	7	56	0.188	0.403	21.889	3.027	0.097	0.581
3	7	53	0.0	0.0	27.0	0.0	0.0	0.032
3	7	50	0.0	0.0	nan	nan	0.0	0.0
3	7	47	0.0	0.0	nan	nan	0.0	0.0
3	7	44	0.0	0.0	nan	nan	0.0	0.0
4	7	420	15.806	0.402	9.0	0.0	1.0	1.0
4	7	380	15.0	0.0	9.0	0.0	1.0	1.0
4	7	340	14.0	0.0	9.0	0.0	1.0	1.0
4	7	300	12.935	0.25	9.0	0.0	1.0	1.0
4	7	260	11.032	0.18	9.0	0.0	1.0	1.0
4	7	220	9.839	0.374	9.0	0.0	1.0	1.0
4	7	180	8.0	0.0	9.0	0.0	1.0	1.0
4	7	140	5.968	0.18	9.0	0.0	1.0	1.0
4	7	100	4.0	0.0	10.0	0.0	1.0	1.0
4	7	77	2.871	0.341	11.097	0.301	1.0	1.0
4	7	74	2.581	0.502	11.742	0.514	1.0	1.0
4	7	71	2.194	0.402	12.097	0.473	1.0	1.0
4	7	68	2.0	0.0	12.806	0.477	1.0	1.0
4	7	65	2.0	0.0	13.355	0.608	1.0	1.0
4	7	62	1.968	0.18	14.935	0.998	1.0	1.0
4	7	59	1.903	0.301	16.258	0.855	1.0	1.0
4	7	56	1.238	0.539	19.067	2.227	0.645	0.968
4	7	53	0.0	0.0	23.0	1.414	0.0	0.065
4	7	50	0.0	0.0	nan	nan	0.0	0.0
4	7	47	0.0	0.0	nan	nan	0.0	0.0
4	7	44	0.0	0.0	nan	nan	0.0	0.0
5	7	420	18.355	0.486	8.903	0.301	1.0	1.0
5	7	380	17.129	0.341	8.806	0.402	1.0	1.0
5	7	340	16.0	0.0	8.871	0.341	1.0	1.0
5	7	300	14.645	0.486	8.71	0.461	1.0	1.0
5	7	260	12.903	0.301	8.871	0.341	1.0	1.0
5	7	220	10.935	0.25	8.935	0.25	1.0	1.0
5	7	180	8.323	0.475	9.0	0.0	1.0	1.0
5	7	140	6.097	0.396	9.0	0.0	1.0	1.0
5	7	100	4.0	0.0	10.0	0.0	1.0	1.0
5	7	77	2.226	0.425	11.871	0.428	1.0	1.0
5	7	74	2.0	0.0	12.387	0.495	1.0	1.0
5	7	71	2.0	0.0	13.065	0.574	1.0	1.0
5	7	68	2.0	0.0	14.129	0.562	1.0	1.0
5	7	65	1.742	0.445	15.677	1.045	1.0	1.0
5	7	62	1.067	0.521	16.964	1.071	0.871	0.903
5	7	59	0.115	0.326	20.25	3.24	0.097	0.258
5	7	56	0.0	0.0	nan	nan	0.0	0.0
5	7	53	0.0	0.0	nan	nan	0.0	0.0
5	7	50	0.0	0.0	nan	nan	0.0	0.0
5	7	47	0.0	0.0	nan	nan	0.0	0.0
5	7	44	0.0	0.0	nan	nan	0.0	0.0
6	7	420	17.194	0.402	9.0	0.0	1.0	1.0
6	7	380	16.29	0.461	9.0	0.0	1.0	1.0
6	7	340	15.387	0.495	9.0	0.0	1.0	1.0
6	7	300	14.032	0.18	9.0	0.0	1.0	1.0
6	7	260	12.806	0.402	9.0	0.0	1.0	1.0
6	7	220	11.065	0.25	9.0	0.0	1.0	1.0
6	7	180	9.0	0.0	9.0	0.0	1.0	1.0
6	7	140	7.032	0.18	9.0	0.0	1.0	1.0
6	7	100	5.0	0.0	9.935	0.25	1.0	1.0
6	7	77	3.935	0.25	10.968	0.18	1.0	1.0
6	7	74	3.452	0.506	11.032	0.315	1.0	1.0
6	7	71	3.065	0.25	11.548	0.506	1.0	1.0
6	7	68	3.0	0.0	12.032	0.315	1.0	1.0
6	7	65	3.0	0.0	12.806	0.477	1.0	1.0
6	7	62	2.968	0.18	13.387	0.495	1.0	1.0
6	7	59	2.677	0.475	14.677	0.653	1.0	1.0
6	7	56	2.097	0.301	16.032	0.875	1.0	1.0
6	7	53	1.452	0.506	18.581	1.523	1.0	1.0
6	7	50	0.968	0.315	22.793	3.189	0.935	0.935
6	7	47	0.267	0.45	25.222	3.42	0.258	0.29
6	7	44	0.0	0.0	nan	nan	0.0	0.0
7	7	420	16.0	0.0	8.032	0.18	1.0	1.0
7	7	380	15.065	0.25	8.0	0.0	1.0	1.0
7	7	340	14.129	0.341	8.0	0.0	1.0	1.0
7	7	300	13.032	0.18	8.0	0.0	1.0	1.0
7	7	260	11.871	0.341	8.0	0.0	1.0	1.0
7	7	220	10.0	0.0	8.032	0.18	1.0	1.0
7	7	180	8.032	0.18	8.742	0.445	1.0	1.0
7	7	140	6.0	0.0	9.0	0.0	1.0	1.0
7	7	100	3.968	0.18	9.71	0.461	1.0	1.0
7	7	77	3.0	0.0	11.065	0.359	1.0	1.0
7	7	74	2.645	0.486	11.71	0.461	1.0	1.0
7	7	71	2.226	0.425	12.161	0.454	1.0	1.0
7	7	68	2.0	0.0	12.968	0.657	1.0	1.0
7	7	65	2.0	0.0	13.903	0.908	1.0	1.0
7	7	62	2.0	0.0	15.29	0.693	1.0	1.0
7	7	59	1.677	0.475	16.968	1.14	1.0	1.0
7	7	56	1.15	0.489	19.967	2.414	0.613	0.968
7	7	53	0.032	0.18	25.0	0.0	0.032	0.032
7	7	50	0.0	0.0	nan	nan	0.0	0.0
7	7	47	0.0	0.0	nan	nan	0.0	0.0
7	7	44	0.0	0.0	nan	nan	0.0	0.0
8	7	420	17.871	0.341	8.0	0.0	1.0	1.0
8	7	380	16.968	0.18	8.0	0.0	1.0	1.0
8	7	340	15.903	0.301	8.0	0.0	1.0	1.0
8	7	300	14.645	0.486	8.0	0.0	1.0	1.0
8	7	260	13.0	0.258	8.0	0.0	1.0	1.0
8	7	220	11.355	0.486	8.0	0.0	1.0	1.0
8	7	180	9.161	0.374	8.0	0.0	1.0	1.0
8	7	140	7.065	0.25	8.0	0.0	1.0	1.0
8	7	100	5.0	0.0	8.387	0.495	1.0	1.0
8	7	77	3.903	0.301	9.161	0.374	1.0	1.0
8	7	74	3.645	0.486	9.516	0.508	1.0	1.0
8	7	71	3.097	0.301	10.0	0.0	1.0	1.0
8	7	68	3.0	0.0	10.097	0.301	1.0	1.0
8	7	65	3.0	0.0	10.452	0.506	1.0	1.0
8	7	62	2.935	0.25	10.968	0.482	1.0	1.0
8	7	59	2.774	0.425	11.71	0.529	1.0	1.0
8	7	56	2.419	0.502	12.419	0.672	1.0	1.0
8	7	53	2.0	0.0	13.516	0.851	1.0	1.0
8	7	50	2.0	0.258	15.323	1.351	1.0	1.0
8	7	47	1.71	0.461	17.645	1.942	1.0	1.0
8	7	44	0.741	0.526	22.174	2.498	0.613	0.742
9	7	420	18.935	0.25	8.0	0.0	1.0	1.0
9	7	380	18.0	0.0	8.0	0.0	1.0	1.0
9	7	340	16.871	0.341	8.0	0.0	1.0	1.0
9	7	300	15.161	0.374	8.0	0.0	1.0	1.0
9	7	260	13.613	0.495	8.0	0.0	1.0	1.0
9	7	220	11.742	0.445	8.0	0.0	1.0	1.0
9	7	180	9.516	0.508	8.0	0.0	1.0	1.0
9	7	140	6.968	0.18	8.032	0.18	1.0	1.0
9	7	100	4.935	0.25	9.0	0.0	1.0	1.0
9	7	77	3.161	0.374	10.032	0.18	1.0	1.0
9	7	74	3.0	0.0	10.548	0.506	1.0	1.0
9	7	71	3.0	0.0	11.0	0.0	1.0	1.0
9	7	68	2.935	0.25	11.516	0.57	1.0	1.0
9	7	65	2.484	0.508	12.258	0.855	1.0	1.0
9	7	62	2.129	0.341	13.0	0.632	1.0	1.0
9	7	59	2.032	0.18	14.032	0.605	1.0	1.0
9	7	56	2.0	0.0	15.71	1.101	1.0	1.0
9	7	53	1.467	0.507	18.548	2.434	0.968	1.0
9	7	50	0.385	0.496	22.2	2.757	0.323	0.484
9	7	47	0.0	0.0	nan	nan	0.0	0.0
9	7	44	0.0	0.0	nan	nan	0.0	0.0
10	7	420	13.935	0.25	9.0	0.0	1.0	1.0
10	7	380	13.0	0.0	9.0	0.0	1.0	1.0
10	7	340	12.0	0.0	9.0	0.0	1.0	1.0
10	7	300	11.0	0.0	9.0	0.0	1.0	1.0
10	7	260	9.871	0.341	9.0	0.0	1.0	1.0
10	7	220	8.129	0.341	9.0	0.0	1.0	1.0
10	7	180	7.0	0.0	9.0	0.0	1.0	1.0
10	7	140	5.0	0.0	9.0	0.0	1.0	1.0
10	7	100	3.032	0.18	10.0	0.0	1.0	1.0
10	7	77	2.0	0.0	11.419	0.502	1.0	1.0
10	7	74	2.0	0.0	11.968	0.18	1.0	1.0
10	7	71	2.0	0.0	12.355	0.486	1.0	1.0
10	7	68	1.903	0.301	13.0	0.516	1.0	1.0
10	7	65	1.806	0.402	13.968	0.752	1.0	1.0
10	7	62	1.194	0.402	15.613	0.919	1.0	1.0
10	7	59	0.852	0.456	17.231	1.275	0.71	0.839
10	7	56	0.0	0.0	21.333	4.163	0.0	0.097
10	7	53	0.0	0.0	nan	nan	0.0	0.0
10	7	50	0.0	0.0	nan	nan	0.0	0.0
10	7	47	0.0	0.0	nan	nan	0.0	0.0
10	7	44	0.0	0.0	nan	nan	0.0	0.0
11	7	420	13.29	0.461	8.0	0.0	1.0	1.0
11	7	380	12.935	0.25	8.0	0.0	1.0	1.0
11	7	340	12.0	0.0	8.0	0.0	1.0	1.0
11	7	300	11.0	0.0	8.0	0.0	1.0	1.0
11	7	260	10.0	0.0	8.0	0.0	1.0	1.0
11	7	220	8.742	0.445	8.0	0.0	1.0	1.0
11	7	180	7.0	0.0	8.0	0.0	1.0	1.0
11	7	140	5.484	0.508	8.806	0.402	1.0	1.0
11	7	100	4.0	0.0	9.0	0.0	1.0	1.0
11	7	77	3.0	0.0	10.0	0.0	1.0	1.0
11	7	74	2.935	0.25	10.419	0.502	1.0	1.0
11	7	71	2.516	0.508	10.839	0.374	1.0	1.0
11	7	68	2.097	0.301	11.161	0.454	1.0	1.0
11	7	65	2.0	0.0	11.903	0.396	1.0	1.0
11	7	62	2.0	0.0	12.71	0.529	1.0	1.0
11	7	59	2.0	0.0	13.516	0.677	1.0	1.0
11	7	56	2.0	0.0	14.839	0.934	1.0	1.0
11	7	53	1.778	0.424	17.484	2.031	0.871	1.0
11	7	50	0.55	0.759	21.632	2.891	0.258	0.613
11	7	47	0.0	0.0	nan	nan	0.0	0.0
11	7	44	0.0	0.0	nan	nan	0.0	0.0
12	7	420	16.903	0.301	9.0	0.0	1.0	1.0
12	7	380	16.032	0.18	9.0	0.0	1.0	1.0
12	7	340	15.0	0.0	9.0	0.0	1.0	1.0
12	7	300	13.968	0.18	9.0	0.0	1.0	1.0
12	7	260	12.226	0.425	9.0	0.0	1.0	1.0
12	7	220	10.903	0.301	9.0	0.0	1.0	1.0
12	7	180	8.968	0.18	9.0	0.0	1.0	1.0
12	7	140	6.871	0.341	9.0	0.0	1.0	1.0
12	7	100	4.452	0.506	10.0	0.0	1.0	1.0
12	7	77	3.0	0.0	11.968	0.407	1.0	1.0
12	7	74	3.0	0.0	12.484	0.57	1.0	1.0
12	7	71	3.0	0.0	13.29	0.461	1.0	1.0
12	7	68	2.677	0.475	14.032	0.407	1.0	1.0
12	7	65	2.097	0.396	15.194	0.98	1.0	1.0
12	7	62	1.968	0.18	16.548	1.06	1.0	1.0
12	7	59	1.323	0.475	19.065	1.896	1.0	1.0
12	7	56	1.033	0.183	23.677	2.039	0.968	1.0
12	7	53	0.032	0.18	27.0	0.0	0.032	0.032
12	7	50	0.0	0.0	nan	nan	0.0	0.0
12	7	47	0.0	0.0	nan	nan	0.0	0.0
12	7	44	0.0	0.0	nan	nan	0.0	0.0
13	7	420	17.194	0.402	8.0	0.0	1.0	1.0
13	7	380	16.226	0.425	8.0	0.0	1.0	1.0
13	7	340	15.0	0.0	8.0	0.0	1.0	1.0
13	7	300	13.903	0.301	8.0	0.0	1.0	1.0
13	7	260	12.032	0.18	8.0	0.0	1.0	1.0
13	7	220	10.032	0.18	8.0	0.0	1.0	1.0
13	7	180	8.065	0.25	8.0	0.0	1.0	1.0
13	7	140	6.0	0.0	8.968	0.18	1.0	1.0
13	7	100	3.903	0.301	9.452	0.506	1.0	1.0
13	7	77	2.097	0.301	11.355	0.486	1.0	1.0
13	7	74	2.0	0.0	12.097	0.396	1.0	1.0
13	7	71	2.0	0.0	12.548	0.506	1.0	1.0
13	7	68	1.903	0.301	13.419	0.807	1.0	1.0
13	7	65	1.677	0.475	14.839	1.003	1.0	1.0
13	7	62	0.929	0.262	16.724	1.279	0.839	0.935
13	7	59	0.154	0.368	18.444	0.882	0.129	0.29
13	7	56	0.0	0.0	nan	nan	0.0	0.0
13	7	53	0.0	0.0	nan	nan	0.0	0.0
13	7	50	0.0	0.0	nan	nan	0.0	0.0
13	7	47	0.0	0.0	nan	nan	0.0	0.0
13	7	44	0.0	0.0	nan	nan	0.0	0.0
14	7	420	16.0	0.0	9.0	0.0	1.0	1.0
14	7	380	15.032	0.18	9.0	0.0	1.0	1.0
14	7	340	14.0	0.0	9.0	0.0	1.0	1.0
14	7	300	13.065	0.25	9.0	0.0	1.0	1.0
14	7	260	11.903	0.301	9.0	0.0	1.0	1.0
14	7	220	10.032	0.18	9.0	0.0	1.0	1.0
14	7	180	8.226	0.425	9.0	0.0	1.0	1.0
14	7	140	6.323	0.475	9.0	0.0	1.0	1.0
14	7	100	4.323	0.475	10.0	0.0	1.0	1.0
14	7	77	3.032	0.18	11.0	0.0	1.0	1.0
14	7	74	3.0	0.0	11.161	0.374	1.0	1.0
14	7	71	3.0	0.0	11.742	0.445	1.0	1.0
14	7	68	3.0	0.0	12.226	0.669	1.0	1.0
14	7	65	2.806	0.402	12.742	0.445	1.0	1.0
14	7	62	2.484	0.508	13.613	0.495	1.0	1.0
14	7	59	2.0	0.0	14.806	0.654	1.0	1.0
14	7	56	1.903	0.301	16.548	1.15	1.0	1.0
14	7	53	1.419	0.502	18.484	1.805	1.0	1.0
14	7	50	0.692	0.471	24.261	3.816	0.581	0.742
14	7	47	0.0	0.0	nan	nan	0.0	0.0
14	7	44	0.0	0.0	nan	nan	0.0	0.0
15	7	420	18.065	0.25	8.065	0.25	1.0	1.0
15	7	380	17.065	0.25	8.032	0.18	1.0	1.0
15	7	340	16.065	0.25	8.032	0.18	1.0	1.0
15	7	300	14.935	0.25	8.032	0.18	1.0	1.0
15	7	260	13.032	0.18	8.032	0.18	1.0	1.0
15	7	220	11.194	0.402	8.194	0.402	1.0	1.0
15	7	180	9.548	0.506	8.742	0.445	1.0	1.0
15	7	140	7.097	0.301	9.0	0.0	1.0	1.0
15	7	100	5.0	0.0	9.0	0.0	1.0	1.0
15	7	77	3.613	0.495	10.0	0.0	1.0	1.0
15	7	74	3.387	0.495	10.0	0.0	1.0	1.0
15	7	71	3.097	0.301	10.129	0.341	1.0	1.0
15	7	68	3.0	0.0	10.645	0.486	1.0	1.0
15	7	65	2.968	0.18	11.0	0.258	1.0	1.0
15	7	62	2.677	0.475	11.387	0.495	1.0	1.0
15	7	59	2.226	0.425	11.839	0.374	1.0	1.0
15	7	56	2.097	0.301	12.516	0.57	1.0	1.0
15	7	53	2.0	0.0	13.323	0.541	1.0	1.0
15	7	50	1.903	0.396	15.033	0.964	0.968	0.968
15	7	47	1.963	0.192	16.839	2.354	0.871	1.0
15	7	44	1.208	0.779	18.962	2.63	0.613	0.839
16	7	420	22.161	0.374	9.0	0.0	1.0	1.0
16	7	380	21.194	0.402	9.0	0.0	1.0	1.0
16	7	340	19.903	0.396	9.0	0.0	1.0	1.0
16	7	300	18.065	0.359	8.935	0.25	1.0	1.0
16	7	260	16.0	0.0	8.968	0.18	1.0	1.0
16	7	220	13.742	0.445	9.0	0.0	1.0	1.0
16	7	180	11.097	0.301	9.0	0.0	1.0	1.0
16	7	140	8.581	0.502	9.0	0.0	1.0	1.0
16	7	100	5.742	0.445	9.677	0.475	1.0	1.0
16	7	77	4.0	0.0	10.935	0.25	1.0	1.0
16	7	74	3.935	0.25	11.097	0.301	1.0	1.0
16	7	71	3.613	0.495	11.355	0.486	1.0	1.0
16	7	68	3.194	0.402	11.903	0.396	1.0	1.0
16	7	65	3.032	0.18	12.29	0.529	1.0	1.0
16	7	62	2.903	0.301	13.355	0.661	1.0	1.0
16	7	59	2.645	0.486	14.226	0.884	1.0	1.0
16	7	56	2.194	0.402	15.581	1.232	1.0	1.0
16	7	53	1.806	0.543	17.226	1.668	1.0	1.0
16	7	50	1.1	0.548	20.214	2.47	0.871	0.903
16	7	47	0.267	0.45	23.556	2.555	0.258	0.29
16	7	44	0.0	0.0	25.0	0.0	0.0	0.032
17	7	420	15.032	0.18	8.29	0.461	1.0	1.0
17	7	380	14.355	0.486	8.065	0.25	1.0	1.0
17	7	340	13.774	0.425	8.161	0.374	1.0	1.0
17	7	300	12.484	0.508	8.0	0.0	1.0	1.0
17	7	260	11.0	0.0	8.0	0.0	1.0	1.0
17	7	220	9.968	0.18	8.226	0.425	1.0	1.0
17	7	180	8.0	0.0	8.742	0.445	1.0	1.0
17	7	140	6.0	0.0	9.0	0.0	1.0	1.0
17	7	100	4.129	0.341	9.0	0.0	1.0	1.0
17	7	77	3.0	0.0	10.645	0.486	1.0	1.0
17	7	74	3.0	0.0	10.903	0.301	1.0	1.0
17	7	71	3.0	0.0	11.097	0.301	1.0	1.0
17	7	68	3.0	0.0	11.484	0.508	1.0	1.0
17	7	65	2.871	0.341	12.129	0.341	1.0	1.0
17	7	62	2.323	0.475	13.194	0.477	1.0	1.0
17	7	59	2.032	0.18	14.065	0.574	1.0	1.0
17	7	56	2.0	0.0	16.226	0.717	1.0	1.0
17	7	53	1.29	0.529	19.767	2.515	0.968	0.968
17	7	50	0.097	0.301	23.0	3.464	0.097	0.097
17	7	47	0.0	0.0	nan	nan	0.0	0.0
17	7	44	0.0	0.0	nan	nan	0.0	0.0
18	7	420	14.0	0.0	9.0	0.0	1.0	1.0
18	7	380	13.161	0.374	9.0	0.0	1.0	1.0
18	7	340	12.0	0.0	9.0	0.0	1.0	1.0
18	7	300	11.0	0.0	8.968	0.18	1.0	1.0
18	7	260	9.968	0.18	9.0	0.0	1.0	1.0
18	7	220	8.0	0.0	9.0	0.0	1.0	1.0
18	7	180	6.774	0.425	9.0	0.0	1.0	1.0
18	7	140	5.0	0.0	9.0	0.0	1.0	1.0
18	7	100	3.0	0.0	10.0	0.0	1.0	1.0
18	7	77	2.0	0.0	11.484	0.508	1.0	1.0
18	7	74	2.0	0.0	12.0	0.365	1.0	1.0
18	7	71	2.0	0.0	12.71	0.461	1.0	1.0
18	7	68	1.774	0.425	13.677	0.599	1.0	1.0
18	7	65	1.355	0.486	14.774	0.92	1.0	1.0
18	7	62	1.233	0.43	16.129	1.024	0.968	1.0
18	7	59	0.167	0.381	18.273	1.794	0.129	0.355
18	7	56	0.0	0.0	nan	nan	0.0	0.0
18	7	53	0.0	0.0	nan	nan	0.0	0.0
18	7	50	0.0	0.0	nan	nan	0.0	0.0
18	7	47	0.0	0.0	nan	nan	0.0	0.0
18	7	44	0.0	0.0	nan	nan	0.0	0.0
19	7	420	15.161	0.374	9.0	0.0	1.0	1.0
19	7	380	14.581	0.502	9.0	0.0	1.0	1.0
19	7	340	13.774	0.425	9.0	0.0	1.0	1.0
19	7	300	12.516	0.508	8.968	0.18	1.0	1.0
19	7	260	11.032	0.18	9.0	0.0	1.0	1.0
19	7	220	9.581	0.502	9.0	0.0	1.0	1.0
19	7	180	7.968	0.18	9.0	0.0	1.0	1.0
19	7	140	6.0	0.0	9.0	0.0	1.0	1.0
19	7	100	4.0	0.0	9.774	0.425	1.0	1.0
19	7	77	2.968	0.18	10.935	0.25	1.0	1.0
19	7	74	2.645	0.486	11.065	0.25	1.0	1.0
19	7	71	2.419	0.502	11.645	0.486	1.0	1.0
19	7	68	2.065	0.25	12.129	0.341	1.0	1.0
19	7	65	2.0	0.0	12.548	0.568	1.0	1.0
19	7	62	2.0	0.0	13.645	0.608	1.0	1.0
19	7	59	2.0	0.0	14.613	0.989	1.0	1.0
19	7	56	1.793	0.412	16.613	1.801	0.935	1.0
19	7	53	1.391	0.783	18.333	2.27	0.613	0.871
19	7	50	0.259	0.526	20.4	2.989	0.194	0.323
19	7	47	0.0	0.0	nan	nan	0.0	0.0
19	7	44	0.0	0.0	nan	nan	0.0	0.0
20	7	420	16.032	0.18	8.0	0.0	1.0	1.0
20	7	380	15.29	0.461	8.0	0.0	1.0	1.0
20	7	340	14.419	0.502	8.0	0.0	1.0	1.0
20	7	300	13.161	0.374	8.0	0.0	1.0	1.0
20	7	260	11.903	0.301	8.0	0.0	1.0	1.0
20	7	220	10.032	0.18	8.0	0.0	1.0	1.0
20	7	180	8.065	0.25	8.194	0.402	1.0	1.0
20	7	140	6.0	0.0	9.0	0.0	1.0	1.0
20	7	100	4.0	0.0	9.0	0.0	1.0	1.0
20	7	77	3.0	0.0	10.161	0.374	1.0	1.0
20	7	74	2.968	0.18	10.774	0.425	1.0	1.0
20	7	71	2.452	0.506	10.968	0.315	1.0	1.0
20	7	68	2.226	0.425	11.226	0.425	1.0	1.0
20	7	65	2.032	0.18	11.903	0.396	1.0	1.0
20	7	62	2.0	0.0	12.516	0.626	1.0	1.0
20	7	59	1.968	0.18	13.774	0.669	1.0	1.0
20	7	56	1.839	0.374	14.935	0.892	1.0	1.0
20	7	53	1.348	0.714	17.786	2.573	0.645	0.903
20	7	50	0.4	0.681	19.471	1.875	0.194	0.548
20	7	47	0.0	0.0	nan	nan	0.0	0.0
20	7	44	0.0	0.0	nan	nan	0.0	0.0
21	7	420	14.032	0.18	8.323	0.475	1.0	1.0
21	7	380	13.226	0.425	8.129	0.341	1.0	1.0
21	7	340	12.161	0.374	8.194	0.402	1.0	1.0
21	7	300	11.032	0.18	8.097	0.301	1.0	1.0
21	7	260	10.0	0.0	8.129	0.341	1.0	1.0
21	7	220	8.129	0.341	8.484	0.508	1.0	1.0
21	7	180	6.935	0.25	9.0	0.0	1.0	1.0
21	7	140	4.968	0.18	9.0	0.0	1.0	1.0
21	7	100	3.0	0.0	9.806	0.402	1.0	1.0
21	7	77	2.0	0.0	11.226	0.497	1.0	1.0
21	7	74	2.0	0.0	11.806	0.402	1.0	1.0
21	7	71	2.0	0.0	12.226	0.425	1.0	1.0
21	7	68	1.645	0.486	13.097	0.539	1.0	1.0
21	7	65	1.29	0.461	14.194	0.873	1.0	1.0
21	7	62	1.032	0.18	15.742	1.094	1.0	1.0
21	7	59	0.355	0.486	16.545	1.036	0.355	0.355
21	7	56	0.0	0.0	nan	nan	0.0	0.0
21	7	53	0.0	0.0	nan	nan	0.0	0.0
21	7	50	0.0	0.0	nan	nan	0.0	0.0
21	7	47	0.0	0.0	nan	nan	0.0	0.0
21	7	44	0.0	0.0	nan	nan	0.0	0.0
22	7	420	20.0	0.0	8.0	0.0	1.0	1.0
22	7	380	19.032	0.315	8.0	0.0	1.0	1.0
22	7	340	18.0	0.0	8.0	0.0	1.0	1.0
22	7	300	16.71	0.461	8.0	0.0	1.0	1.0
22	7	260	14.935	0.25	8.0	0.0	1.0	1.0
22	7	220	12.871	0.341	8.0	0.0	1.0	1.0
22	7	180	10.613	0.495	8.0	0.0	1.0	1.0
22	7	140	8.0	0.0	8.0	0.0	1.0	1.0
22	7	100	5.677	0.475	9.0	0.0	1.0	1.0
22	7	77	4.0	0.0	10.0	0.0	1.0	1.0
22	7	74	4.0	0.0	10.032	0.18	1.0	1.0
22	7	71	3.903	0.301	10.645	0.486	1.0	1.0
22	7	68	3.323	0.475	10.968	0.315	1.0	1.0
22	7	65	3.065	0.25	11.548	0.568	1.0	1.0
22	7	62	3.0	0.0	12.258	0.514	1.0	1.0
22	7	59	2.968	0.18	13.323	0.702	1.0	1.0
22	7	56	2.839	0.374	14.29	0.824	1.0	1.0
22	7	53	2.129	0.499	16.194	1.25	1.0	1.0
22	7	50	1.323	0.475	19.258	2.366	1.0	1.0
22	7	47	0.903	0.301	24.571	3.144	0.903	0.903
22	7	44	0.032	0.18	27.0	0.0	0.032	0.032
23	7	420	20.0	0.258	8.0	0.0	1.0	1.0
23	7	380	19.0	0.0	8.0	0.0	1.0	1.0
23	7	340	17.839	0.374	8.0	0.0	1.0	1.0
23	7	300	16.323	0.475	8.0	0.0	1.0	1.0
23	7	260	14.71	0.461	8.0	0.0	1.0	1.0
23	7	220	12.806	0.402	8.0	0.0	1.0	1.0
23	7	180	10.355	0.486	8.0	0.0	1.0	1.0
23	7	140	8.032	0.18	8.935	0.25	1.0	1.0
23	7	100	5.806	0.402	9.0	0.0	1.0	1.0
23	7	77	4.0	0.0	10.065	0.25	1.0	1.0
23	7	74	4.0	0.0	10.419	0.502	1.0	1.0
23	7	71	4.0	0.0	11.032	0.18	1.0	1.0
23	7	68	3.742	0.445	11.129	0.341	1.0	1.0
23	7	65	3.226	0.425	11.935	0.25	1.0	1.0
23	7	62	3.0	0.0	12.71	0.783	1.0	1.0
23	7	59	3.0	0.0	13.161	0.583	1.0	1.0
23	7	56	2.935	0.25	14.355	0.661	1.0	1.0
23	7	53	2.516	0.508	15.839	0.86	1.0	1.0
23	7	50	1.581	0.62	18.161	1.463	1.0	1.0
23	7	47	1.032	0.18	22.323	2.948	1.0	1.0
23	7	44	0.448	0.506	27.667	4.499	0.419	0.484
24	7	420	18.839	0.374	8.613	0.495	1.0	1.0
24	7	380	18.032	0.18	8.419	0.502	1.0	1.0
24	7	340	17.0	0.0	8.258	0.445	1.0	1.0
24	7	300	15.581	0.502	8.419	0.502	1.0	1.0
24	7	260	13.968	0.18	8.387	0.495	1.0	1.0
24	7	220	11.968	0.18	8.581	0.502	1.0	1.0
24	7	180	9.968	0.18	9.0	0.0	1.0	1.0
24	7	140	7.871	0.341	9.0	0.0	1.0	1.0
24	7	100	5.194	0.402	9.129	0.341	1.0	1.0
24	7	77	4.0	0.0	10.161	0.374	1.0	1.0
24	7	74	3.935	0.25	10.613	0.495	1.0	1.0
24	7	71	3.903	0.301	10.968	0.18	1.0	1.0
24	7	68	3.355	0.486	11.258	0.445	1.0	1.0
24	7	65	3.0	0.0	11.871	0.428	1.0	1.0
24	7	62	3.0	0.0	12.323	0.475	1.0	1.0
24	7	59	2.968	0.18	13.226	0.617	1.0	1.0
24	7	56	2.839	0.374	14.0	0.775	1.0	1.0
24	7	53	2.387	0.558	15.226	1.146	1.0	1.0
24	7	50	1.613	0.495	17.839	1.635	1.0	1.0
24	7	47	1.133	0.346	21.032	2.714	0.968	1.0
24	7	44	0.419	0.502	23.154	2.734	0.419	0.419
25	7	420	16.0	0.0	8.452	0.506	1.0	1.0
25	7	380	15.032	0.18	8.484	0.508	1.0	1.0
25	7	340	14.129	0.341	8.323	0.475	1.0	1.0
25	7	300	13.097	0.301	8.258	0.445	1.0	1.0
25	7	260	12.0	0.0	8.484	0.508	1.0	1.0
25	7	220	10.032	0.18	8.677	0.475	1.0	1.0
25	7	180	8.194	0.402	8.968	0.18	1.0	1.0
25	7	140	6.645	0.486	9.0	0.0	1.0	1.0
25	7	100	4.645	0.486	9.129	0.341	1.0	1.0
25	7	77	3.097	0.301	10.516	0.508	1.0	1.0
25	7	74	3.032	0.18	10.935	0.25	1.0	1.0
25	7	71	3.0	0.0	11.032	0.18	1.0	1.0
25	7	68	3.0	0.0	11.71	0.461	1.0	1.0
25	7	65	2.742	0.445	12.065	0.512	1.0	1.0
25	7	62	2.258	0.445	13.0	0.632	1.0	1.0
25	7	59	2.0	0.0	14.097	0.651	1.0	1.0
25	7	56	2.0	0.0	15.484	0.769	1.0	1.0
25	7	53	1.839	0.374	17.065	1.237	1.0	1.0
25	7	50	0.933	0.521	21.808	2.94	0.806	0.839
25	7	47	0.033	0.183	27.0	1.414	0.032	0.065
25	7	44	0.0	0.0	nan	nan	0.0	0.0
26	7	420	20.065	0.25	8.0	0.0	1.0	1.0
26	7	380	19.065	0.25	8.0	0.0	1.0	1.0
26	7	340	18.032	0.18	8.0	0.0	1.0	1.0
26	7	300	16.774	0.425	8.0	0.0	1.0	1.0
26	7	260	14.935	0.359	8.0	0.0	1.0	1.0
26	7	220	12.935	0.25	8.0	0.0	1.0	1.0
26	7	180	10.903	0.301	8.0	0.0	1.0	1.0
26	7	140	8.0	0.0	8.0	0.0	1.0	1.0
26	7	100	5.871	0.341	9.0	0.0	1.0	1.0
26	7	77	4.032	0.18	10.0	0.0	1.0	1.0
26	7	74	4.0	0.0	10.194	0.402	1.0	1.0
26	7	71	3.935	0.25	10.774	0.497	1.0	1.0
26	7	68	3.581	0.502	11.129	0.341	1.0	1.0
26	7	65	3.065	0.25	11.484	0.508	1.0	1.0
26	7	62	3.0	0.0	12.355	0.486	1.0	1.0
26	7	59	3.0	0.0	13.258	0.773	1.0	1.0
26	7	56	2.903	0.301	14.516	0.57	1.0	1.0
26	7	53	2.419	0.502	16.097	0.831	1.0	1.0
26	7	50	1.677	0.702	18.516	1.913	1.0	1.0
26	7	47	0.968	0.18	23.833	2.506	0.968	0.968
26	7	44	0.129	0.341	31.25	2.217	0.129	0.129
27	7	420	15.0	0.0	8.0	0.0	1.0	1.0
27	7	380	14.645	0.486	8.0	0.0	1.0	1.0
27	7	340	13.903	0.301	8.0	0.0	1.0	1.0
27	7	300	12.806	0.402	8.0	0.0	1.0	1.0
27	7	260	11.226	0.425	8.0	0.0	1.0	1.0
27	7	220	9.968	0.18	8.0	0.0	1.0	1.0
27	7	180	8.097	0.301	8.226	0.425	1.0	1.0
27	7	140	6.516	0.508	9.0	0.0	1.0	1.0
27	7	100	4.71	0.461	9.0	0.0	1.0	1.0
27	7	77	3.419	0.502	10.0	0.0	1.0	1.0
27	7	74	3.097	0.301	10.129	0.341	1.0	1.0
27	7	71	3.0	0.0	10.548	0.506	1.0	1.0
27	7	68	3.0	0.0	10.968	0.18	1.0	1.0
27	7	65	3.0	0.0	11.355	0.486	1.0	1.0
27	7	62	2.968	0.18	12.0	0.516	1.0	1.0
27	7	59	2.613	0.495	12.548	0.624	1.0	1.0
27	7	56	2.161	0.374	13.419	0.62	1.0	1.0
27	7	53	2.0	0.0	14.935	0.892	1.0	1.0
27	7	50	1.839	0.374	17.065	1.181	1.0	1.0
27	7	47	1.133	0.346	21.613	2.871	0.968	1.0
27	7	44	0.161	0.374	26.6	2.074	0.161	0.161
28	7	420	16.839	0.374	8.903	0.301	1.0	1.0
28	7	380	16.0	0.0	8.71	0.461	1.0	1.0
28	7	340	15.0	0.0	8.387	0.495	1.0	1.0
28	7	300	13.935	0.25	8.516	0.508	1.0	1.0
28	7	260	12.097	0.301	8.645	0.486	1.0	1.0
28	7	220	10.806	0.402	8.871	0.341	1.0	1.0
28	7	180	8.968	0.18	9.0	0.0	1.0	1.0
28	7	140	6.968	0.18	9.0	0.0	1.0	1.0
28	7	100	4.935	0.25	9.774	0.425	1.0	1.0
28	7	77	3.355	0.486	10.968	0.18	1.0	1.0
28	7	74	3.0	0.0	11.129	0.341	1.0	1.0
28	7	71	3.0	0.0	11.742	0.445	1.0	1.0
28	7	68	3.0	0.0	12.29	0.529	1.0	1.0
28	7	65	3.0	0.0	12.806	0.477	1.0	1.0
28	7	62	2.677	0.475	13.548	0.568	1.0	1.0
28	7	59	2.355	0.486	14.645	0.709	1.0	1.0
28	7	56	1.903	0.301	16.548	1.234	1.0	1.0
28	7	53	1.387	0.495	18.677	1.796	1.0	1.0
28	7	50	0.964	0.189	22.967	3.538	0.871	0.968
28	7	47	0.097	0.301	26.667	2.887	0.097	0.097
28	7	44	0.0	0.0	nan	nan	0.0	0.0
29	7	420	15.065	0.25	8.097	0.301	1.0	1.0
29	7	380	14.387	0.495	8.097	0.301	1.0	1.0
29	7	340	13.323	0.475	8.065	0.25	1.0	1.0
29	7	300	12.0	0.0	8.0	0.0	1.0	1.0
29	7	260	10.903	0.301	8.161	0.374	1.0	1.0
29	7	220	9.0	0.0	8.226	0.425	1.0	1.0
29	7	180	7.161	0.374	8.968	0.18	1.0	1.0
29	7	140	5.226	0.425	9.0	0.0	1.0	1.0
29	7	100	3.484	0.508	9.742	0.445	1.0	1.0
29	7	77	2.0	0.0	11.032	0.18	1.0	1.0
29	7	74	2.0	0.0	11.645	0.486	1.0	1.0
29	7	71	2.0	0.0	12.097	0.396	1.0	1.0
29	7	68	1.935	0.25	12.613	0.558	1.0	1.0
29	7	65	1.733	0.45	14.516	1.877	0.968	1.0
29	7	62	1.226	0.425	15.29	0.973	1.0	1.0
29	7	59	0.885	0.516	17.269	1.251	0.677	0.839
29	7	56	0.033	0.183	19.0	1.414	0.032	0.065
29	7	53	0.0	0.0	nan	nan	0.0	0.0
29	7	50	0.0	0.0	nan	nan	0.0	0.0
29	7	47	0.0	0.0	nan	nan	0.0	0.0
29	7	44	0.0	0.0	nan	nan	0.0	0.0
30	7	420	19.548	0.506	8.097	0.301	1.0	1.0
30	7	380	18.645	0.486	8.065	0.25	1.0	1.0
30	7	340	17.032	0.18	8.032	0.18	1.0	1.0
30	7	300	15.871	0.341	8.032	0.18	1.0	1.0
30	7	260	14.032	0.18	8.032	0.18	1.0	1.0
30	7	220	12.032	0.18	8.129	0.341	1.0	1.0
30	7	180	9.935	0.25	8.806	0.402	1.0	1.0
30	7	140	7.548	0.506	9.0	0.0	1.0	1.0
30	7	100	5.065	0.25	9.0	0.0	1.0	1.0
30	7	77	3.645	0.486	10.161	0.374	1.0	1.0
30	7	74	3.355	0.486	10.677	0.475	1.0	1.0
30	7	71	3.065	0.25	10.903	0.301	1.0	1.0
30	7	68	2.935	0.25	11.29	0.461	1.0	1.0
30	7	65	2.935	0.25	11.677	0.599	1.0	1.0
30	7	62	2.806	0.402	12.548	0.506	1.0	1.0
30	7	59	2.387	0.495	13.355	0.661	1.0	1.0
30	7	56	2.032	0.18	14.032	0.752	1.0	1.0
30	7	53	2.0	0.0	15.194	0.703	1.0	1.0
30	7	50	1.655	0.484	17.323	1.815	0.935	1.0
30	7	47	1.069	0.704	19.8	2.363	0.742	0.806
30	7	44	0.033	0.183	24.5	0.707	0.032	0.065
31	7	420	13.935	0.25	8.0	0.0	1.0	1.0
31	7	380	13.0	0.0	8.0	0.0	1.0	1.0
31	7	340	12.097	0.301	8.0	0.0	1.0	1.0
31	7	300	11.161	0.374	8.0	0.0	1.0	1.0
31	7	260	10.032	0.18	8.0	0.0	1.0	1.0
31	7	220	8.935	0.25	8.0	0.0	1.0	1.0
31	7	180	7.0	0.0	8.0	0.0	1.0	1.0
31	7	140	5.516	0.508	8.0	0.0	1.0	1.0
31	7	100	3.968	0.18	9.0	0.0	1.0	1.0
31	7	77	2.968	0.18	10.097	0.301	1.0	1.0
31	7	74	2.613	0.495	10.581	0.502	1.0	1.0
31	7	71	2.161	0.374	10.935	0.25	1.0	1.0
31	7	68	2.0	0.0	11.452	0.506	1.0	1.0
31	7	65	2.0	0.0	12.065	0.512	1.0	1.0
31	7	62	2.0	0.0	12.935	0.68	1.0	1.0
31	7	59	2.0	0.0	14.161	0.735	1.0	1.0
31	7	56	1.903	0.301	16.032	1.197	1.0	1.0
31	7	53	1.45	0.605	20.667	3.252	0.613	0.968
31	7	50	0.034	0.186	23.667	2.517	0.032	0.097
31	7	47	0.0	0.0	nan	nan	0.0	0.0
31	7	44	0.0	0.0	nan	nan	0.0	0.0
