row	col	voltage	tot_avg	tot_std	toa_avg	toa_std	efficiency_tot	efficiency_toa
0	0	80	4.032	0.18	12.71	0.529	1.0	1.0
0	0	77	3.968	0.18	13.0	0.365	1.0	1.0
0	0	74	3.935	0.359	13.71	2.327	1.0	1.0
0	0	71	3.839	0.735	13.933	0.45	0.968	0.968
0	0	68	3.71	0.461	14.323	0.702	1.0	1.0
0	0	65	3.355	0.486	15.194	1.352	1.0	1.0
0	0	62	3.161	0.454	16.161	1.068	1.0	1.0
0	0	59	2.871	0.428	17.0	1.211	1.0	1.0
0	0	56	2.516	0.508	18.516	1.387	1.0	1.0
0	0	53	2.161	0.374	21.032	2.714	1.0	1.0
0	0	50	1.71	0.529	23.633	4.131	0.968	0.968
0	0	47	1.25	0.887	28.333	5.181	0.677	0.774
0	0	44	0.065	0.359	34.0	0.0	0.032	0.032
0	0	41	0.0	0.0	nan	nan	0.0	0.0
0	0	38	0.0	0.0	nan	nan	0.0	0.0
0	0	35	0.0	0.0	nan	nan	0.0	0.0
0	0	32	0.0	0.0	nan	nan	0.0	0.0
0	0	29	0.0	0.0	nan	nan	0.0	0.0
0	1	80	4.0	0.0	13.065	0.68	1.0	1.0
0	1	77	3.903	0.301	13.548	0.81	1.0	1.0
0	1	74	3.871	0.341	14.0	0.516	1.0	1.0
0	1	71	3.484	0.508	14.903	0.944	1.0	1.0
0	1	68	3.226	0.497	16.0	1.0	1.0	1.0
0	1	65	2.806	0.402	16.7	1.803	1.0	0.968
0	1	62	2.516	0.508	18.161	1.951	1.0	1.0
0	1	59	2.161	0.523	19.968	2.121	1.0	1.0
0	1	56	1.516	0.57	24.935	3.855	1.0	1.0
0	1	53	1.069	0.704	28.76	3.844	0.742	0.806
0	1	50	0.25	0.585	31.0	6.949	0.161	0.258
0	1	47	0.0	0.0	nan	nan	0.0	0.0
0	1	44	0.0	0.0	nan	nan	0.0	0.0
0	1	41	0.0	0.0	nan	nan	0.0	0.0
0	1	38	0.0	0.0	nan	nan	0.0	0.0
0	1	35	0.0	0.0	nan	nan	0.0	0.0
0	1	32	0.0	0.0	nan	nan	0.0	0.0
0	1	29	0.0	0.0	nan	nan	0.0	0.0
0	2	80	3.935	0.25	13.065	0.512	1.0	1.0
0	2	77	3.903	0.301	13.581	0.72	1.0	1.0
0	2	74	3.742	0.514	14.323	0.871	1.0	1.0
0	2	71	3.419	0.502	14.871	0.763	1.0	1.0
0	2	68	3.032	0.407	16.258	2.097	1.0	1.0
0	2	65	2.903	0.473	16.871	2.078	1.0	1.0
0	2	62	2.419	0.502	18.355	1.704	1.0	1.0
0	2	59	2.0	0.258	21.29	2.269	1.0	1.0
0	2	56	1.586	0.568	25.742	5.428	0.935	1.0
0	2	53	1.074	0.55	29.679	6.236	0.774	0.903
0	2	50	0.067	0.254	33.667	4.509	0.065	0.097
0	2	47	0.0	0.0	nan	nan	0.0	0.0
0	2	44	0.0	0.0	nan	nan	0.0	0.0
0	2	41	0.0	0.0	nan	nan	0.0	0.0
0	2	38	0.0	0.0	nan	nan	0.0	0.0
0	2	35	0.0	0.0	nan	nan	0.0	0.0
0	2	32	0.0	0.0	nan	nan	0.0	0.0
0	2	29	0.0	0.0	nan	nan	0.0	0.0
0	3	80	4.0	0.0	12.903	0.651	1.0	1.0
0	3	77	3.935	0.25	13.419	0.672	1.0	1.0
0	3	74	3.645	0.486	14.355	0.798	1.0	1.0
0	3	71	3.516	0.508	14.774	0.669	1.0	1.0
0	3	68	3.129	0.428	15.806	2.272	1.0	1.0
0	3	65	2.839	0.454	17.258	1.39	1.0	1.0
0	3	62	2.645	0.486	18.323	1.351	1.0	1.0
0	3	59	2.032	0.657	21.0	2.665	0.968	0.968
0	3	56	1.677	0.475	24.548	3.604	1.0	1.0
0	3	53	1.103	0.557	27.929	4.951	0.839	0.903
0	3	50	0.032	0.18	37.0	0.0	0.032	0.032
0	3	47	0.0	0.0	nan	nan	0.0	0.0
0	3	44	0.0	0.0	nan	nan	0.0	0.0
0	3	41	0.0	0.0	nan	nan	0.0	0.0
0	3	38	0.0	0.0	nan	nan	0.0	0.0
0	3	35	0.0	0.0	nan	nan	0.0	0.0
0	3	32	0.0	0.0	nan	nan	0.0	0.0
0	3	29	0.0	0.0	nan	nan	0.0	0.0
0	4	80	3.839	0.735	12.967	0.556	0.968	0.968
0	4	77	3.774	0.762	13.3	0.915	0.968	0.968
0	4	74	3.677	0.475	14.129	0.957	1.0	1.0
0	4	71	3.387	0.495	15.129	1.088	1.0	1.0
0	4	68	3.0	0.632	15.767	0.935	0.968	0.968
0	4	65	2.871	0.341	16.806	1.046	1.0	1.0
0	4	62	2.581	0.502	18.484	1.288	1.0	1.0
0	4	59	1.935	0.629	20.367	2.189	0.968	0.968
0	4	56	1.548	0.675	26.3	5.351	0.968	0.968
0	4	53	2.0	5.241	28.24	4.096	0.806	0.806
0	4	50	0.071	0.378	36.25	5.737	0.032	0.129
0	4	47	0.0	0.0	nan	nan	0.0	0.0
0	4	44	0.0	0.0	nan	nan	0.0	0.0
0	4	41	0.0	0.0	nan	nan	0.0	0.0
0	4	38	0.0	0.0	nan	nan	0.0	0.0
0	4	35	0.0	0.0	nan	nan	0.0	0.0
0	4	32	0.0	0.0	nan	nan	0.0	0.0
0	4	29	0.0	0.0	nan	nan	0.0	0.0
0	5	80	4.032	0.18	12.968	0.547	1.0	1.0
0	5	77	3.839	0.735	13.533	0.629	0.968	0.968
0	5	74	3.742	0.445	14.194	0.792	1.0	1.0
0	5	71	3.355	0.551	14.839	1.186	1.0	1.0
0	5	68	3.065	0.359	15.71	1.071	1.0	1.0
0	5	65	2.968	0.315	16.452	1.234	1.0	1.0
0	5	62	2.516	0.626	18.484	1.842	1.0	1.0
0	5	59	2.161	0.523	20.355	4.454	1.0	1.0
0	5	56	1.742	0.575	23.033	4.064	0.968	0.968
0	5	53	1.107	0.567	28.893	4.433	0.806	0.903
0	5	50	0.133	0.346	31.4	4.037	0.129	0.161
0	5	47	0.0	0.0	35.0	0.0	0.0	0.032
0	5	44	0.0	0.0	nan	nan	0.0	0.0
0	5	41	0.0	0.0	nan	nan	0.0	0.0
0	5	38	0.0	0.0	nan	nan	0.0	0.0
0	5	35	0.0	0.0	nan	nan	0.0	0.0
0	5	32	0.0	0.0	nan	nan	0.0	0.0
0	5	29	0.0	0.0	nan	nan	0.0	0.0
0	6	80	4.065	0.25	12.839	0.523	1.0	1.0
0	6	77	3.968	0.18	13.484	0.724	1.0	1.0
0	6	74	3.581	1.025	14.034	0.778	0.935	0.935
0	6	71	3.484	0.508	14.839	0.934	1.0	1.0
0	6	68	3.097	0.301	15.677	1.045	1.0	1.0
0	6	65	2.903	0.473	17.032	1.923	1.0	1.0
0	6	62	2.613	0.558	17.968	2.008	1.0	1.0
0	6	59	2.0	0.365	20.484	1.964	1.0	1.0
0	6	56	1.548	0.506	24.452	3.275	1.0	1.0
0	6	53	1.148	0.662	28.704	3.93	0.742	0.871
0	6	50	1.067	5.471	34.667	5.686	0.097	0.097
0	6	47	0.0	0.0	nan	nan	0.0	0.0
0	6	44	0.0	0.0	nan	nan	0.0	0.0
0	6	41	0.0	0.0	nan	nan	0.0	0.0
0	6	38	0.0	0.0	nan	nan	0.0	0.0
0	6	35	0.0	0.0	nan	nan	0.0	0.0
0	6	32	0.0	0.0	nan	nan	0.0	0.0
0	6	29	0.0	0.0	nan	nan	0.0	0.0
0	7	80	4.032	0.18	12.806	0.402	1.0	1.0
0	7	77	4.0	0.0	13.516	0.626	1.0	1.0
0	7	74	3.774	0.425	14.065	0.727	1.0	1.0
0	7	71	3.4	0.498	15.0	0.966	0.968	1.0
0	7	68	3.0	0.258	15.903	1.989	1.0	1.0
0	7	65	2.903	0.301	17.097	1.535	1.0	1.0
0	7	62	2.484	0.626	17.968	2.243	1.0	1.0
0	7	59	2.097	0.539	21.0	3.235	1.0	1.0
0	7	56	1.767	0.504	24.161	3.992	0.968	1.0
0	7	53	0.931	0.704	29.435	5.089	0.677	0.742
0	7	50	0.138	0.351	31.167	6.94	0.129	0.194
0	7	47	0.0	0.0	nan	nan	0.0	0.0
0	7	44	0.0	0.0	nan	nan	0.0	0.0
0	7	41	0.0	0.0	nan	nan	0.0	0.0
0	7	38	0.0	0.0	nan	nan	0.0	0.0
0	7	35	0.0	0.0	nan	nan	0.0	0.0
0	7	32	0.0	0.0	nan	nan	0.0	0.0
0	7	29	0.0	0.0	nan	nan	0.0	0.0
0	8	80	3.935	0.25	13.065	0.442	1.0	1.0
0	8	77	4.774	4.688	13.516	0.508	1.0	1.0
0	8	74	3.71	0.461	14.226	1.454	1.0	1.0
0	8	71	3.387	0.558	15.129	1.565	1.0	1.0
0	8	68	3.161	0.374	15.613	1.022	1.0	1.0
0	8	65	3.0	0.258	16.29	1.296	1.0	1.0
0	8	62	2.452	0.506	18.548	2.364	1.0	1.0
0	8	59	1.742	0.631	21.133	1.889	0.968	0.968
0	8	56	1.71	0.461	24.419	3.202	1.0	1.0
0	8	53	1.214	0.499	29.033	4.709	0.871	0.968
0	8	50	0.097	0.396	30.5	4.95	0.065	0.065
0	8	47	0.0	0.0	nan	nan	0.0	0.0
0	8	44	0.0	0.0	nan	nan	0.0	0.0
0	8	41	0.0	0.0	nan	nan	0.0	0.0
0	8	38	0.0	0.0	nan	nan	0.0	0.0
0	8	35	0.0	0.0	nan	nan	0.0	0.0
0	8	32	0.0	0.0	nan	nan	0.0	0.0
0	8	29	0.968	5.388	nan	nan	0.032	0.0
0	9	80	3.968	0.18	13.065	0.442	1.0	1.0
0	9	77	3.903	0.301	13.323	0.832	1.0	1.0
0	9	74	3.742	0.445	13.871	0.763	1.0	1.0
0	9	71	3.258	0.631	14.774	0.845	1.0	1.0
0	9	68	3.065	0.359	15.871	1.384	1.0	1.0
0	9	65	2.71	0.529	17.419	1.336	1.0	1.0
0	9	62	2.452	0.506	18.613	2.231	1.0	1.0
0	9	59	1.871	0.499	20.935	1.59	1.0	1.0
0	9	56	1.516	0.57	24.033	2.428	0.968	0.968
0	9	53	1.033	0.718	27.125	3.904	0.742	0.774
0	9	50	0.2	0.407	33.0	6.429	0.194	0.226
0	9	47	0.0	0.0	nan	nan	0.0	0.0
0	9	44	0.0	0.0	nan	nan	0.0	0.0
0	9	41	0.0	0.0	nan	nan	0.0	0.0
0	9	38	0.0	0.0	nan	nan	0.0	0.0
0	9	35	0.0	0.0	nan	nan	0.0	0.0
0	9	32	0.0	0.0	nan	nan	0.0	0.0
0	9	29	0.0	0.0	nan	nan	0.0	0.0
0	10	80	3.967	0.183	13.29	1.575	0.968	1.0
0	10	77	3.806	0.749	13.633	0.615	0.968	0.968
0	10	74	3.677	0.475	14.065	0.772	1.0	1.0
0	10	71	3.29	0.461	15.194	0.749	1.0	1.0
0	10	68	3.065	0.359	16.065	0.929	1.0	1.0
0	10	65	2.935	0.512	17.323	3.525	1.0	1.0
0	10	62	2.548	0.506	18.29	1.657	1.0	1.0
0	10	59	2.0	0.577	20.806	2.774	1.0	1.0
0	10	56	1.733	0.64	24.733	5.33	0.935	0.968
0	10	53	0.967	0.669	29.208	4.334	0.742	0.774
0	10	50	0.032	0.18	28.0	0.0	0.032	0.032
0	10	47	0.0	0.0	nan	nan	0.0	0.0
0	10	44	0.0	0.0	nan	nan	0.0	0.0
0	10	41	0.0	0.0	nan	nan	0.0	0.0
0	10	38	0.0	0.0	nan	nan	0.0	0.0
0	10	35	0.0	0.0	nan	nan	0.0	0.0
0	10	32	0.0	0.0	nan	nan	0.0	0.0
0	10	29	0.0	0.0	nan	nan	0.0	0.0
0	11	80	3.935	0.25	13.032	0.795	1.0	1.0
0	11	77	3.903	0.301	13.645	0.661	1.0	1.0
0	11	74	3.742	0.445	14.161	0.86	1.0	1.0
0	11	71	3.484	0.508	14.839	0.688	1.0	1.0
0	11	68	2.839	0.583	15.1	1.185	0.968	0.968
0	11	65	2.903	0.301	15.71	0.973	1.0	1.0
0	11	62	2.516	0.508	16.645	0.95	1.0	1.0
0	11	59	1.774	0.669	18.452	1.524	1.0	1.0
0	11	56	1.387	0.558	19.742	2.175	1.0	1.0
0	11	53	0.967	0.183	21.867	2.129	0.935	0.968
0	11	50	0.552	0.506	24.0	3.597	0.516	0.581
0	11	47	0.032	0.18	24.0	0.0	0.032	0.032
0	11	44	0.0	0.0	nan	nan	0.0	0.0
0	11	41	0.0	0.0	nan	nan	0.0	0.0
0	11	38	0.0	0.0	nan	nan	0.0	0.0
0	11	35	0.0	0.0	nan	nan	0.0	0.0
0	11	32	0.0	0.0	nan	nan	0.0	0.0
0	11	29	0.0	0.0	nan	nan	0.0	0.0
0	12	80	0.0	0.0	nan	nan	0.0	0.0
0	12	77	0.0	0.0	nan	nan	0.0	0.0
0	12	74	0.0	0.0	nan	nan	0.0	0.0
0	12	71	0.0	0.0	nan	nan	0.0	0.0
0	12	68	0.0	0.0	nan	nan	0.0	0.0
0	12	65	0.0	0.0	nan	nan	0.0	0.0
0	12	62	0.0	0.0	nan	nan	0.0	0.0
0	12	59	0.0	0.0	nan	nan	0.0	0.0
0	12	56	0.0	0.0	nan	nan	0.0	0.0
0	12	53	0.0	0.0	nan	nan	0.0	0.0
0	12	50	0.0	0.0	nan	nan	0.0	0.0
0	12	47	0.0	0.0	nan	nan	0.0	0.0
0	12	44	0.0	0.0	nan	nan	0.0	0.0
0	12	41	0.0	0.0	nan	nan	0.0	0.0
0	12	38	0.0	0.0	nan	nan	0.0	0.0
0	12	35	0.0	0.0	nan	nan	0.0	0.0
0	12	32	0.0	0.0	nan	nan	0.0	0.0
0	12	29	0.0	0.0	nan	nan	0.0	0.0
0	13	80	0.0	0.0	nan	nan	0.0	0.0
0	13	77	0.0	0.0	nan	nan	0.0	0.0
0	13	74	0.0	0.0	nan	nan	0.0	0.0
0	13	71	0.0	0.0	nan	nan	0.0	0.0
0	13	68	0.0	0.0	nan	nan	0.0	0.0
0	13	65	0.0	0.0	nan	nan	0.0	0.0
0	13	62	0.0	0.0	nan	nan	0.0	0.0
0	13	59	0.0	0.0	nan	nan	0.0	0.0
0	13	56	0.0	0.0	nan	nan	0.0	0.0
0	13	53	0.0	0.0	nan	nan	0.0	0.0
0	13	50	0.0	0.0	nan	nan	0.0	0.0
0	13	47	0.0	0.0	nan	nan	0.0	0.0
0	13	44	0.0	0.0	nan	nan	0.0	0.0
0	13	41	0.0	0.0	nan	nan	0.0	0.0
0	13	38	0.0	0.0	nan	nan	0.0	0.0
0	13	35	0.0	0.0	nan	nan	0.0	0.0
0	13	32	0.0	0.0	nan	nan	0.0	0.0
0	13	29	0.0	0.0	nan	nan	0.0	0.0
0	14	80	0.0	0.0	nan	nan	0.0	0.0
0	14	77	0.0	0.0	nan	nan	0.0	0.0
0	14	74	0.0	0.0	nan	nan	0.0	0.0
0	14	71	0.0	0.0	nan	nan	0.0	0.0
0	14	68	0.0	0.0	nan	nan	0.0	0.0
0	14	65	0.0	0.0	nan	nan	0.0	0.0
0	14	62	0.0	0.0	nan	nan	0.0	0.0
0	14	59	0.0	0.0	nan	nan	0.0	0.0
0	14	56	0.0	0.0	nan	nan	0.0	0.0
0	14	53	0.0	0.0	nan	nan	0.0	0.0
0	14	50	0.0	0.0	nan	nan	0.0	0.0
0	14	47	0.0	0.0	nan	nan	0.0	0.0
0	14	44	0.0	0.0	nan	nan	0.0	0.0
0	14	41	0.0	0.0	nan	nan	0.0	0.0
0	14	38	0.0	0.0	nan	nan	0.0	0.0
0	14	35	0.0	0.0	nan	nan	0.0	0.0
0	14	32	0.0	0.0	nan	nan	0.0	0.0
0	14	29	0.0	0.0	nan	nan	0.0	0.0
0	15	80	0.0	0.0	nan	nan	0.0	0.0
0	15	77	0.0	0.0	nan	nan	0.0	0.0
0	15	74	0.0	0.0	nan	nan	0.0	0.0
0	15	71	0.0	0.0	nan	nan	0.0	0.0
0	15	68	0.0	0.0	nan	nan	0.0	0.0
0	15	65	0.0	0.0	nan	nan	0.0	0.0
0	15	62	0.0	0.0	nan	nan	0.0	0.0
0	15	59	0.0	0.0	nan	nan	0.0	0.0
0	15	56	0.0	0.0	nan	nan	0.0	0.0
0	15	53	0.0	0.0	nan	nan	0.0	0.0
0	15	50	0.0	0.0	nan	nan	0.0	0.0
0	15	47	0.0	0.0	nan	nan	0.0	0.0
0	15	44	0.0	0.0	nan	nan	0.0	0.0
0	15	41	0.0	0.0	nan	nan	0.0	0.0
0	15	38	0.0	0.0	nan	nan	0.0	0.0
0	15	35	0.0	0.0	nan	nan	0.0	0.0
0	15	32	0.0	0.0	nan	nan	0.0	0.0
0	15	29	0.0	0.0	nan	nan	0.0	0.0
0	16	80	0.0	0.0	nan	nan	0.0	0.0
0	16	77	0.0	0.0	nan	nan	0.0	0.0
0	16	74	0.0	0.0	nan	nan	0.0	0.0
0	16	71	0.0	0.0	nan	nan	0.0	0.0
0	16	68	0.0	0.0	nan	nan	0.0	0.0
0	16	65	0.0	0.0	nan	nan	0.0	0.0
0	16	62	0.0	0.0	nan	nan	0.0	0.0
0	16	59	0.0	0.0	nan	nan	0.0	0.0
0	16	56	0.0	0.0	nan	nan	0.0	0.0
0	16	53	0.0	0.0	nan	nan	0.0	0.0
0	16	50	0.0	0.0	nan	nan	0.0	0.0
0	16	47	0.0	0.0	nan	nan	0.0	0.0
0	16	44	0.0	0.0	nan	nan	0.0	0.0
0	16	41	0.0	0.0	nan	nan	0.0	0.0
0	16	38	0.0	0.0	nan	nan	0.0	0.0
0	16	35	0.0	0.0	nan	nan	0.0	0.0
0	16	32	0.0	0.0	nan	nan	0.0	0.0
0	16	29	0.0	0.0	nan	nan	0.0	0.0
0	17	80	0.0	0.0	nan	nan	0.0	0.0
0	17	77	0.0	0.0	nan	nan	0.0	0.0
0	17	74	0.0	0.0	nan	nan	0.0	0.0
0	17	71	0.0	0.0	nan	nan	0.0	0.0
0	17	68	0.0	0.0	nan	nan	0.0	0.0
0	17	65	0.0	0.0	nan	nan	0.0	0.0
0	17	62	0.0	0.0	nan	nan	0.0	0.0
0	17	59	0.0	0.0	nan	nan	0.0	0.0
0	17	56	0.0	0.0	nan	nan	0.0	0.0
0	17	53	0.0	0.0	nan	nan	0.0	0.0
0	17	50	0.0	0.0	nan	nan	0.0	0.0
0	17	47	0.0	0.0	nan	nan	0.0	0.0
0	17	44	0.0	0.0	nan	nan	0.0	0.0
0	17	41	0.0	0.0	nan	nan	0.0	0.0
0	17	38	0.0	0.0	nan	nan	0.0	0.0
0	17	35	0.0	0.0	nan	nan	0.0	0.0
0	17	32	0.0	0.0	nan	nan	0.0	0.0
0	17	29	0.0	0.0	nan	nan	0.0	0.0
0	18	80	0.0	0.0	nan	nan	0.0	0.0
0	18	77	0.0	0.0	nan	nan	0.0	0.0
0	18	74	0.0	0.0	nan	nan	0.0	0.0
0	18	71	0.0	0.0	nan	nan	0.0	0.0
0	18	68	0.0	0.0	nan	nan	0.0	0.0
0	18	65	0.0	0.0	nan	nan	0.0	0.0
0	18	62	0.0	0.0	nan	nan	0.0	0.0
0	18	59	0.0	0.0	nan	nan	0.0	0.0
0	18	56	0.0	0.0	nan	nan	0.0	0.0
0	18	53	0.0	0.0	nan	nan	0.0	0.0
0	18	50	0.0	0.0	nan	nan	0.0	0.0
0	18	47	0.0	0.0	nan	nan	0.0	0.0
0	18	44	0.0	0.0	nan	nan	0.0	0.0
0	18	41	0.0	0.0	nan	nan	0.0	0.0
0	18	38	0.0	0.0	nan	nan	0.0	0.0
0	18	35	0.0	0.0	nan	nan	0.0	0.0
0	18	32	0.0	0.0	nan	nan	0.0	0.0
0	18	29	0.0	0.0	nan	nan	0.0	0.0
0	19	80	0.0	0.0	nan	nan	0.0	0.0
0	19	77	0.0	0.0	nan	nan	0.0	0.0
0	19	74	0.0	0.0	nan	nan	0.0	0.0
0	19	71	0.0	0.0	nan	nan	0.0	0.0
0	19	68	0.0	0.0	nan	nan	0.0	0.0
0	19	65	0.0	0.0	nan	nan	0.0	0.0
0	19	62	0.0	0.0	nan	nan	0.0	0.0
0	19	59	0.0	0.0	nan	nan	0.0	0.0
0	19	56	0.0	0.0	nan	nan	0.0	0.0
0	19	53	0.0	0.0	nan	nan	0.0	0.0
0	19	50	0.0	0.0	nan	nan	0.0	0.0
0	19	47	0.0	0.0	nan	nan	0.0	0.0
0	19	44	0.0	0.0	nan	nan	0.0	0.0
0	19	41	0.0	0.0	nan	nan	0.0	0.0
0	19	38	0.0	0.0	nan	nan	0.0	0.0
0	19	35	0.0	0.0	nan	nan	0.0	0.0
0	19	32	0.0	0.0	nan	nan	0.0	0.0
0	19	29	0.0	0.0	nan	nan	0.0	0.0
0	20	80	0.0	0.0	nan	nan	0.0	0.0
0	20	77	0.0	0.0	nan	nan	0.0	0.0
0	20	74	0.0	0.0	nan	nan	0.0	0.0
0	20	71	0.0	0.0	nan	nan	0.0	0.0
0	20	68	0.0	0.0	nan	nan	0.0	0.0
0	20	65	0.0	0.0	nan	nan	0.0	0.0
0	20	62	0.0	0.0	nan	nan	0.0	0.0
0	20	59	0.0	0.0	nan	nan	0.0	0.0
0	20	56	0.0	0.0	nan	nan	0.0	0.0
0	20	53	0.0	0.0	nan	nan	0.0	0.0
0	20	50	0.0	0.0	nan	nan	0.0	0.0
0	20	47	0.0	0.0	nan	nan	0.0	0.0
0	20	44	0.0	0.0	nan	nan	0.0	0.0
0	20	41	0.0	0.0	nan	nan	0.0	0.0
0	20	38	0.0	0.0	nan	nan	0.0	0.0
0	20	35	0.0	0.0	nan	nan	0.0	0.0
0	20	32	0.0	0.0	nan	nan	0.0	0.0
0	20	29	0.0	0.0	nan	nan	0.0	0.0
0	21	80	0.0	0.0	nan	nan	0.0	0.0
0	21	77	0.0	0.0	nan	nan	0.0	0.0
0	21	74	0.0	0.0	nan	nan	0.0	0.0
0	21	71	0.0	0.0	nan	nan	0.0	0.0
0	21	68	0.0	0.0	nan	nan	0.0	0.0
0	21	65	0.0	0.0	nan	nan	0.0	0.0
0	21	62	0.0	0.0	nan	nan	0.0	0.0
0	21	59	0.0	0.0	nan	nan	0.0	0.0
0	21	56	0.0	0.0	nan	nan	0.0	0.0
0	21	53	0.0	0.0	nan	nan	0.0	0.0
0	21	50	0.0	0.0	nan	nan	0.0	0.0
0	21	47	0.0	0.0	nan	nan	0.0	0.0
0	21	44	0.0	0.0	nan	nan	0.0	0.0
0	21	41	0.0	0.0	nan	nan	0.0	0.0
0	21	38	0.0	0.0	nan	nan	0.0	0.0
0	21	35	0.0	0.0	nan	nan	0.0	0.0
0	21	32	0.0	0.0	nan	nan	0.0	0.0
0	21	29	0.0	0.0	nan	nan	0.0	0.0
0	22	80	0.0	0.0	nan	nan	0.0	0.0
0	22	77	0.0	0.0	nan	nan	0.0	0.0
0	22	74	0.0	0.0	nan	nan	0.0	0.0
0	22	71	0.0	0.0	nan	nan	0.0	0.0
0	22	68	0.0	0.0	nan	nan	0.0	0.0
0	22	65	0.0	0.0	nan	nan	0.0	0.0
0	22	62	0.0	0.0	nan	nan	0.0	0.0
0	22	59	0.0	0.0	nan	nan	0.0	0.0
0	22	56	0.0	0.0	nan	nan	0.0	0.0
0	22	53	0.0	0.0	nan	nan	0.0	0.0
0	22	50	0.0	0.0	nan	nan	0.0	0.0
0	22	47	0.0	0.0	nan	nan	0.0	0.0
0	22	44	0.0	0.0	nan	nan	0.0	0.0
0	22	41	0.0	0.0	nan	nan	0.0	0.0
0	22	38	0.0	0.0	nan	nan	0.0	0.0
0	22	35	0.0	0.0	nan	nan	0.0	0.0
0	22	32	0.0	0.0	nan	nan	0.0	0.0
0	22	29	0.0	0.0	nan	nan	0.0	0.0
0	23	80	0.0	0.0	nan	nan	0.0	0.0
0	23	77	0.0	0.0	nan	nan	0.0	0.0
0	23	74	0.0	0.0	nan	nan	0.0	0.0
0	23	71	0.0	0.0	nan	nan	0.0	0.0
0	23	68	0.0	0.0	nan	nan	0.0	0.0
0	23	65	0.0	0.0	nan	nan	0.0	0.0
0	23	62	0.0	0.0	nan	nan	0.0	0.0
0	23	59	0.0	0.0	nan	nan	0.0	0.0
0	23	56	0.0	0.0	nan	nan	0.0	0.0
0	23	53	0.0	0.0	nan	nan	0.0	0.0
0	23	50	0.0	0.0	nan	nan	0.0	0.0
0	23	47	0.0	0.0	nan	nan	0.0	0.0
0	23	44	0.0	0.0	nan	nan	0.0	0.0
0	23	41	0.0	0.0	nan	nan	0.0	0.0
0	23	38	0.0	0.0	nan	nan	0.0	0.0
0	23	35	0.0	0.0	nan	nan	0.0	0.0
0	23	32	0.0	0.0	nan	nan	0.0	0.0
0	23	29	0.0	0.0	nan	nan	0.0	0.0
0	24	80	0.0	0.0	nan	nan	0.0	0.0
0	24	77	0.0	0.0	nan	nan	0.0	0.0
0	24	74	0.0	0.0	nan	nan	0.0	0.0
0	24	71	0.0	0.0	nan	nan	0.0	0.0
0	24	68	0.0	0.0	nan	nan	0.0	0.0
0	24	65	0.0	0.0	nan	nan	0.0	0.0
0	24	62	0.0	0.0	nan	nan	0.0	0.0
0	24	59	0.968	5.388	nan	nan	0.032	0.0
0	24	56	0.0	0.0	nan	nan	0.0	0.0
0	24	53	0.0	0.0	nan	nan	0.0	0.0
0	24	50	0.0	0.0	nan	nan	0.0	0.0
0	24	47	0.0	0.0	nan	nan	0.0	0.0
0	24	44	0.0	0.0	nan	nan	0.0	0.0
0	24	41	0.0	0.0	nan	nan	0.0	0.0
0	24	38	0.0	0.0	nan	nan	0.0	0.0
0	24	35	0.0	0.0	nan	nan	0.0	0.0
0	24	32	0.0	0.0	nan	nan	0.0	0.0
0	24	29	0.0	0.0	nan	nan	0.0	0.0
0	25	80	0.968	5.388	nan	nan	0.032	0.0
0	25	77	0.0	0.0	nan	nan	0.0	0.0
0	25	74	0.0	0.0	nan	nan	0.0	0.0
0	25	71	0.0	0.0	nan	nan	0.0	0.0
0	25	68	0.0	0.0	nan	nan	0.0	0.0
0	25	65	0.0	0.0	nan	nan	0.0	0.0
0	25	62	0.0	0.0	nan	nan	0.0	0.0
0	25	59	0.0	0.0	nan	nan	0.0	0.0
0	25	56	0.0	0.0	nan	nan	0.0	0.0
0	25	53	0.0	0.0	nan	nan	0.0	0.0
0	25	50	0.0	0.0	nan	nan	0.0	0.0
0	25	47	0.0	0.0	nan	nan	0.0	0.0
0	25	44	2.452	5.24	22.8	3.592	0.677	0.645
0	25	41	1.935	0.68	25.345	5.394	0.935	0.935
0	25	38	1.25	1.005	32.591	7.75	0.613	0.71
0	25	35	0.419	0.564	37.818	8.818	0.387	0.355
0	25	32	0.067	0.254	44.0	5.292	0.065	0.097
0	25	29	0.0	0.0	nan	nan	0.0	0.0
0	26	80	0.0	0.0	nan	nan	0.0	0.0
0	26	77	0.0	0.0	nan	nan	0.0	0.0
0	26	74	0.968	5.388	nan	nan	0.032	0.0
0	26	71	0.0	0.0	nan	nan	0.0	0.0
0	26	68	0.0	0.0	nan	nan	0.0	0.0
0	26	65	0.0	0.0	nan	nan	0.0	0.0
0	26	62	0.0	0.0	nan	nan	0.0	0.0
0	26	59	0.0	0.0	nan	nan	0.0	0.0
0	26	56	0.0	0.0	nan	nan	0.0	0.0
0	26	53	1.29	0.973	22.5	1.762	0.645	0.645
0	26	50	1.714	0.535	26.667	4.42	0.871	0.968
0	26	47	0.923	0.796	31.182	4.876	0.548	0.71
0	26	44	0.0	0.0	36.0	0.0	0.0	0.032
0	26	41	0.0	0.0	nan	nan	0.0	0.0
0	26	38	0.0	0.0	nan	nan	0.0	0.0
0	26	35	0.0	0.0	nan	nan	0.0	0.0
0	26	32	0.0	0.0	nan	nan	0.0	0.0
0	26	29	0.0	0.0	nan	nan	0.0	0.0
0	27	80	0.774	1.175	14.7	0.483	0.323	0.323
0	27	77	2.032	0.18	15.226	0.717	1.0	1.0
0	27	74	1.968	0.18	16.065	1.389	1.0	1.0
0	27	71	1.871	0.341	17.387	1.585	1.0	1.0
0	27	68	1.613	0.495	18.194	1.25	1.0	1.0
0	27	65	1.074	0.474	20.276	2.051	0.806	0.935
0	27	62	0.5	0.511	21.263	2.232	0.387	0.613
0	27	59	0.0	0.0	22.5	2.121	0.0	0.065
0	27	56	0.0	0.0	nan	nan	0.0	0.0
0	27	53	0.0	0.0	nan	nan	0.0	0.0
0	27	50	0.0	0.0	nan	nan	0.0	0.0
0	27	47	0.0	0.0	nan	nan	0.0	0.0
0	27	44	0.0	0.0	nan	nan	0.0	0.0
0	27	41	0.0	0.0	nan	nan	0.0	0.0
0	27	38	0.0	0.0	nan	nan	0.0	0.0
0	27	35	0.0	0.0	nan	nan	0.0	0.0
0	27	32	0.0	0.0	nan	nan	0.0	0.0
0	27	29	0.0	0.0	nan	nan	0.0	0.0
0	28	80	0.0	0.0	nan	nan	0.0	0.0
0	28	77	0.0	0.0	nan	nan	0.0	0.0
0	28	74	0.0	0.0	nan	nan	0.0	0.0
0	28	71	0.0	0.0	nan	nan	0.0	0.0
0	28	68	0.0	0.0	nan	nan	0.0	0.0
0	28	65	0.0	0.0	nan	nan	0.0	0.0
0	28	62	0.0	0.0	nan	nan	0.0	0.0
0	28	59	0.467	0.507	21.333	1.589	0.452	0.484
0	28	56	0.966	0.186	23.267	2.164	0.903	0.968
0	28	53	0.071	0.262	26.6	2.074	0.065	0.161
0	28	50	0.032	0.18	29.0	0.0	0.032	0.032
0	28	47	0.0	0.0	nan	nan	0.0	0.0
0	28	44	0.0	0.0	nan	nan	0.0	0.0
0	28	41	0.0	0.0	nan	nan	0.0	0.0
0	28	38	0.0	0.0	nan	nan	0.0	0.0
0	28	35	0.0	0.0	nan	nan	0.0	0.0
0	28	32	0.0	0.0	nan	nan	0.0	0.0
0	28	29	0.0	0.0	nan	nan	0.0	0.0
0	29	80	0.0	0.0	nan	nan	0.0	0.0
0	29	77	0.0	0.0	nan	nan	0.0	0.0
0	29	74	0.0	0.0	nan	nan	0.0	0.0
0	29	71	0.0	0.0	nan	nan	0.0	0.0
0	29	68	0.0	0.0	nan	nan	0.0	0.0
0	29	65	1.533	5.399	22.0	2.033	0.548	0.516
0	29	62	0.038	0.196	26.333	2.338	0.032	0.194
0	29	59	0.0	0.0	nan	nan	0.0	0.0
0	29	56	0.0	0.0	nan	nan	0.0	0.0
0	29	53	0.0	0.0	nan	nan	0.0	0.0
0	29	50	0.0	0.0	nan	nan	0.0	0.0
0	29	47	0.0	0.0	nan	nan	0.0	0.0
0	29	44	0.0	0.0	nan	nan	0.0	0.0
0	29	41	0.0	0.0	nan	nan	0.0	0.0
0	29	38	0.0	0.0	nan	nan	0.0	0.0
0	29	35	0.0	0.0	nan	nan	0.0	0.0
0	29	32	0.0	0.0	nan	nan	0.0	0.0
0	29	29	0.0	0.0	nan	nan	0.0	0.0
0	30	80	0.0	0.0	nan	nan	0.0	0.0
0	30	77	0.0	0.0	nan	nan	0.0	0.0
0	30	74	2.194	1.327	14.773	0.528	0.742	0.71
0	30	71	3.419	4.998	15.464	0.693	0.935	0.903
0	30	68	2.355	0.551	16.032	1.08	1.0	1.0
0	30	65	2.032	0.547	17.097	1.044	1.0	1.0
0	30	62	1.452	0.624	18.774	1.627	1.0	1.0
0	30	59	1.032	0.18	20.387	1.606	1.0	1.0
0	30	56	0.852	0.362	22.778	2.172	0.742	0.871
0	30	53	0.286	0.46	25.364	1.362	0.258	0.355
0	30	50	0.0	0.0	nan	nan	0.0	0.0
0	30	47	0.0	0.0	nan	nan	0.0	0.0
0	30	44	0.0	0.0	nan	nan	0.0	0.0
0	30	41	0.0	0.0	nan	nan	0.0	0.0
0	30	38	0.0	0.0	nan	nan	0.0	0.0
0	30	35	0.0	0.0	nan	nan	0.0	0.0
0	30	32	0.0	0.0	nan	nan	0.0	0.0
0	30	29	0.0	0.0	nan	nan	0.0	0.0
0	31	80	0.0	0.0	nan	nan	0.0	0.0
0	31	77	0.0	0.0	nan	nan	0.0	0.0
0	31	74	0.0	0.0	nan	nan	0.0	0.0
0	31	71	0.0	0.0	nan	nan	0.0	0.0
0	31	68	0.0	0.0	nan	nan	0.0	0.0
0	31	65	0.0	0.0	nan	nan	0.0	0.0
0	31	62	0.0	0.0	nan	nan	0.0	0.0
0	31	59	0.0	0.0	nan	nan	0.0	0.0
0	31	56	0.0	0.0	nan	nan	0.0	0.0
0	31	53	0.0	0.0	nan	nan	0.0	0.0
0	31	50	0.0	0.0	nan	nan	0.0	0.0
0	31	47	0.0	0.0	nan	nan	0.0	0.0
0	31	44	0.0	0.0	nan	nan	0.0	0.0
0	31	41	0.0	0.0	nan	nan	0.0	0.0
0	31	38	0.0	0.0	nan	nan	0.0	0.0
0	31	35	0.0	0.0	nan	nan	0.0	0.0
0	31	32	0.0	0.0	nan	nan	0.0	0.0
0	31	29	0.0	0.0	nan	nan	0.0	0.0
1	0	80	2.871	0.341	15.742	0.93	1.0	1.0
1	0	77	2.806	0.402	16.806	0.792	1.0	1.0
1	0	74	1.968	0.605	17.935	0.929	1.0	1.0
1	0	71	1.29	0.461	19.323	1.249	1.0	1.0
1	0	68	1.161	0.374	20.29	0.938	1.0	1.0
1	0	65	0.897	0.31	23.643	2.077	0.839	0.903
1	0	62	0.387	0.495	25.25	1.422	0.387	0.387
1	0	59	0.0	0.0	27.0	0.0	0.0	0.032
1	0	56	0.0	0.0	nan	nan	0.0	0.0
1	0	53	0.0	0.0	nan	nan	0.0	0.0
1	0	50	0.0	0.0	nan	nan	0.0	0.0
1	0	47	0.0	0.0	nan	nan	0.0	0.0
1	0	44	0.0	0.0	nan	nan	0.0	0.0
1	0	41	0.0	0.0	nan	nan	0.0	0.0
1	0	38	0.0	0.0	nan	nan	0.0	0.0
1	0	35	0.0	0.0	nan	nan	0.0	0.0
1	0	32	0.0	0.0	nan	nan	0.0	0.0
1	0	29	0.0	0.0	nan	nan	0.0	0.0
1	1	80	1.968	0.18	15.806	1.014	1.0	1.0
1	1	77	1.833	0.379	17.194	1.701	0.968	1.0
1	1	74	1.273	0.456	18.742	1.483	0.71	1.0
1	1	71	0.688	0.704	20.917	2.125	0.29	0.774
1	1	68	0.053	0.229	24.0	2.646	0.032	0.419
1	1	65	0.0	0.0	nan	nan	0.0	0.0
1	1	62	0.0	0.0	nan	nan	0.0	0.0
1	1	59	0.0	0.0	nan	nan	0.0	0.0
1	1	56	0.0	0.0	nan	nan	0.0	0.0
1	1	53	0.0	0.0	nan	nan	0.0	0.0
1	1	50	0.0	0.0	nan	nan	0.0	0.0
1	1	47	0.0	0.0	nan	nan	0.0	0.0
1	1	44	0.0	0.0	nan	nan	0.0	0.0
1	1	41	0.0	0.0	nan	nan	0.0	0.0
1	1	38	0.0	0.0	nan	nan	0.0	0.0
1	1	35	0.0	0.0	nan	nan	0.0	0.0
1	1	32	0.0	0.0	nan	nan	0.0	0.0
1	1	29	0.0	0.0	nan	nan	0.0	0.0
1	2	80	1.968	0.18	15.871	0.806	1.0	1.0
1	2	77	1.7	0.466	17.613	1.874	0.968	1.0
1	2	74	1.462	0.508	18.774	1.91	0.839	1.0
1	2	71	1.0	0.555	20.897	2.193	0.387	0.935
1	2	68	0.038	0.196	22.833	3.251	0.032	0.194
1	2	65	0.0	0.0	nan	nan	0.0	0.0
1	2	62	0.0	0.0	nan	nan	0.0	0.0
1	2	59	0.0	0.0	nan	nan	0.0	0.0
1	2	56	0.0	0.0	nan	nan	0.0	0.0
1	2	53	0.0	0.0	nan	nan	0.0	0.0
1	2	50	0.0	0.0	nan	nan	0.0	0.0
1	2	47	0.0	0.0	nan	nan	0.0	0.0
1	2	44	0.0	0.0	nan	nan	0.0	0.0
1	2	41	0.0	0.0	nan	nan	0.0	0.0
1	2	38	0.0	0.0	nan	nan	0.0	0.0
1	2	35	0.0	0.0	nan	nan	0.0	0.0
1	2	32	0.0	0.0	nan	nan	0.0	0.0
1	2	29	0.0	0.0	nan	nan	0.0	0.0
1	3	80	1.935	0.25	16.0	1.291	1.0	1.0
1	3	77	1.645	0.486	17.516	1.363	1.0	1.0
1	3	74	1.333	0.577	19.233	2.359	0.645	0.968
1	3	71	0.727	0.467	21.214	2.149	0.258	0.903
1	3	68	0.0	0.0	22.889	2.028	0.0	0.29
1	3	65	0.0	0.0	nan	nan	0.0	0.0
1	3	62	0.0	0.0	nan	nan	0.0	0.0
1	3	59	0.0	0.0	nan	nan	0.0	0.0
1	3	56	0.0	0.0	nan	nan	0.0	0.0
1	3	53	0.0	0.0	nan	nan	0.0	0.0
1	3	50	0.0	0.0	nan	nan	0.0	0.0
1	3	47	0.0	0.0	nan	nan	0.0	0.0
1	3	44	0.0	0.0	nan	nan	0.0	0.0
1	3	41	0.0	0.0	nan	nan	0.0	0.0
1	3	38	0.0	0.0	nan	nan	0.0	0.0
1	3	35	0.0	0.0	nan	nan	0.0	0.0
1	3	32	0.0	0.0	nan	nan	0.0	0.0
1	3	29	0.0	0.0	nan	nan	0.0	0.0
1	4	80	1.968	0.18	16.0	0.775	1.0	1.0
1	4	77	1.92	0.277	17.742	1.125	0.806	1.0
1	4	74	1.286	0.561	18.933	1.837	0.645	0.968
1	4	71	0.867	0.516	21.036	2.617	0.387	0.903
1	4	68	0.042	0.204	23.875	1.727	0.032	0.258
1	4	65	0.0	0.0	nan	nan	0.0	0.0
1	4	62	0.0	0.0	nan	nan	0.0	0.0
1	4	59	0.0	0.0	nan	nan	0.0	0.0
1	4	56	0.0	0.0	nan	nan	0.0	0.0
1	4	53	0.0	0.0	nan	nan	0.0	0.0
1	4	50	0.0	0.0	nan	nan	0.0	0.0
1	4	47	0.0	0.0	nan	nan	0.0	0.0
1	4	44	0.0	0.0	nan	nan	0.0	0.0
1	4	41	0.0	0.0	nan	nan	0.0	0.0
1	4	38	0.0	0.0	nan	nan	0.0	0.0
1	4	35	0.0	0.0	nan	nan	0.0	0.0
1	4	32	0.0	0.0	nan	nan	0.0	0.0
1	4	29	0.0	0.0	nan	nan	0.0	0.0
1	5	80	1.968	0.18	15.871	0.846	1.0	1.0
1	5	77	1.633	0.49	17.129	1.565	0.968	1.0
1	5	74	1.368	0.496	19.161	2.634	0.613	1.0
1	5	71	0.9	0.568	20.586	1.783	0.258	0.935
1	5	68	0.071	0.262	24.2	2.49	0.065	0.161
1	5	65	0.0	0.0	nan	nan	0.0	0.0
1	5	62	0.0	0.0	nan	nan	0.0	0.0
1	5	59	0.0	0.0	nan	nan	0.0	0.0
1	5	56	0.0	0.0	nan	nan	0.0	0.0
1	5	53	0.0	0.0	nan	nan	0.0	0.0
1	5	50	0.0	0.0	nan	nan	0.0	0.0
1	5	47	0.0	0.0	nan	nan	0.0	0.0
1	5	44	0.0	0.0	nan	nan	0.0	0.0
1	5	41	0.0	0.0	nan	nan	0.0	0.0
1	5	38	0.0	0.0	nan	nan	0.0	0.0
1	5	35	0.0	0.0	nan	nan	0.0	0.0
1	5	32	0.0	0.0	nan	nan	0.0	0.0
1	5	29	0.0	0.0	nan	nan	0.0	0.0
1	6	80	2.0	0.0	15.806	0.833	1.0	1.0
1	6	77	1.667	0.547	17.6	1.429	0.935	0.968
1	6	74	1.375	0.495	19.065	1.948	0.774	1.0
1	6	71	0.615	0.506	21.885	2.944	0.258	0.839
1	6	68	0.0	0.0	24.5	1.773	0.0	0.258
1	6	65	0.0	0.0	nan	nan	0.0	0.0
1	6	62	0.0	0.0	nan	nan	0.0	0.0
1	6	59	0.0	0.0	nan	nan	0.0	0.0
1	6	56	0.0	0.0	nan	nan	0.0	0.0
1	6	53	0.0	0.0	nan	nan	0.0	0.0
1	6	50	0.0	0.0	nan	nan	0.0	0.0
1	6	47	0.0	0.0	nan	nan	0.0	0.0
1	6	44	0.0	0.0	nan	nan	0.0	0.0
1	6	41	0.0	0.0	nan	nan	0.0	0.0
1	6	38	0.0	0.0	nan	nan	0.0	0.0
1	6	35	0.0	0.0	nan	nan	0.0	0.0
1	6	32	0.0	0.0	nan	nan	0.0	0.0
1	6	29	0.0	0.0	nan	nan	0.0	0.0
1	7	80	1.968	0.18	15.903	0.908	1.0	1.0
1	7	77	1.742	0.445	17.419	1.148	1.0	1.0
1	7	74	1.52	0.51	18.806	1.922	0.806	1.0
1	7	71	1.0	0.603	20.862	2.117	0.323	0.935
1	7	68	0.083	0.282	23.667	2.5	0.065	0.29
1	7	65	0.0	0.0	nan	nan	0.0	0.0
1	7	62	0.0	0.0	nan	nan	0.0	0.0
1	7	59	0.0	0.0	nan	nan	0.0	0.0
1	7	56	0.0	0.0	nan	nan	0.0	0.0
1	7	53	0.0	0.0	nan	nan	0.0	0.0
1	7	50	0.0	0.0	nan	nan	0.0	0.0
1	7	47	0.0	0.0	nan	nan	0.0	0.0
1	7	44	0.0	0.0	nan	nan	0.0	0.0
1	7	41	0.0	0.0	nan	nan	0.0	0.0
1	7	38	0.0	0.0	nan	nan	0.0	0.0
1	7	35	0.0	0.0	nan	nan	0.0	0.0
1	7	32	0.0	0.0	nan	nan	0.0	0.0
1	7	29	0.0	0.0	nan	nan	0.0	0.0
1	8	80	1.839	0.374	16.161	1.393	1.0	1.0
1	8	77	1.759	0.435	17.097	1.446	0.935	1.0
1	8	74	1.318	0.477	19.742	2.323	0.71	1.0
1	8	71	0.667	0.488	21.423	2.003	0.323	0.839
1	8	68	0.071	0.262	23.0	2.828	0.065	0.161
1	8	65	0.0	0.0	nan	nan	0.0	0.0
1	8	62	0.0	0.0	nan	nan	0.0	0.0
1	8	59	0.0	0.0	nan	nan	0.0	0.0
1	8	56	0.0	0.0	nan	nan	0.0	0.0
1	8	53	0.0	0.0	nan	nan	0.0	0.0
1	8	50	0.0	0.0	nan	nan	0.0	0.0
1	8	47	0.0	0.0	nan	nan	0.0	0.0
1	8	44	0.0	0.0	nan	nan	0.0	0.0
1	8	41	0.0	0.0	nan	nan	0.0	0.0
1	8	38	0.0	0.0	nan	nan	0.0	0.0
1	8	35	0.0	0.0	nan	nan	0.0	0.0
1	8	32	0.0	0.0	nan	nan	0.0	0.0
1	8	29	0.0	0.0	nan	nan	0.0	0.0
1	9	80	1.935	0.25	16.129	0.806	1.0	1.0
1	9	77	1.767	0.43	17.355	1.05	0.968	1.0
1	9	74	1.474	0.612	18.267	1.617	0.581	0.968
1	9	71	0.812	0.403	20.821	2.109	0.419	0.903
1	9	68	0.042	0.204	24.75	1.909	0.032	0.258
1	9	65	0.0	0.0	24.0	0.0	0.0	0.032
1	9	62	0.0	0.0	nan	nan	0.0	0.0
1	9	59	0.0	0.0	nan	nan	0.0	0.0
1	9	56	0.0	0.0	nan	nan	0.0	0.0
1	9	53	0.0	0.0	nan	nan	0.0	0.0
1	9	50	0.0	0.0	nan	nan	0.0	0.0
1	9	47	0.0	0.0	nan	nan	0.0	0.0
1	9	44	0.0	0.0	nan	nan	0.0	0.0
1	9	41	0.0	0.0	nan	nan	0.0	0.0
1	9	38	0.0	0.0	nan	nan	0.0	0.0
1	9	35	0.0	0.0	nan	nan	0.0	0.0
1	9	32	0.0	0.0	nan	nan	0.0	0.0
1	9	29	0.0	0.0	nan	nan	0.0	0.0
1	10	80	2.0	0.0	16.161	1.003	1.0	1.0
1	10	77	1.733	0.45	17.581	1.336	0.968	1.0
1	10	74	1.4	0.503	19.032	1.683	0.645	1.0
1	10	71	0.4	0.516	22.4	2.517	0.129	0.806
1	10	68	0.0	0.0	24.571	1.902	0.0	0.226
1	10	65	0.0	0.0	nan	nan	0.0	0.0
1	10	62	0.0	0.0	nan	nan	0.0	0.0
1	10	59	0.0	0.0	nan	nan	0.0	0.0
1	10	56	0.0	0.0	nan	nan	0.0	0.0
1	10	53	0.0	0.0	nan	nan	0.0	0.0
1	10	50	0.0	0.0	nan	nan	0.0	0.0
1	10	47	0.0	0.0	nan	nan	0.0	0.0
1	10	44	0.0	0.0	nan	nan	0.0	0.0
1	10	41	0.0	0.0	nan	nan	0.0	0.0
1	10	38	0.0	0.0	nan	nan	0.0	0.0
1	10	35	0.0	0.0	nan	nan	0.0	0.0
1	10	32	0.0	0.0	nan	nan	0.0	0.0
1	10	29	0.0	0.0	nan	nan	0.0	0.0
1	11	80	1.968	0.18	16.097	0.978	1.0	1.0
1	11	77	1.621	0.494	17.645	1.854	0.935	1.0
1	11	74	1.222	0.428	19.645	2.199	0.581	1.0
1	11	71	0.538	0.66	22.958	2.662	0.194	0.774
1	11	68	0.0	0.0	24.2	2.168	0.0	0.161
1	11	65	0.032	0.18	23.0	0.0	0.032	0.032
1	11	62	0.0	0.0	nan	nan	0.0	0.0
1	11	59	0.0	0.0	nan	nan	0.0	0.0
1	11	56	0.0	0.0	nan	nan	0.0	0.0
1	11	53	0.0	0.0	nan	nan	0.0	0.0
1	11	50	0.0	0.0	nan	nan	0.0	0.0
1	11	47	0.0	0.0	nan	nan	0.0	0.0
1	11	44	0.0	0.0	nan	nan	0.0	0.0
1	11	41	0.0	0.0	nan	nan	0.0	0.0
1	11	38	0.0	0.0	nan	nan	0.0	0.0
1	11	35	0.0	0.0	nan	nan	0.0	0.0
1	11	32	0.0	0.0	nan	nan	0.0	0.0
1	11	29	0.0	0.0	nan	nan	0.0	0.0
1	12	80	1.839	0.374	16.613	2.418	1.0	1.0
1	12	77	1.806	0.402	17.419	1.148	1.0	1.0
1	12	74	1.464	0.508	18.839	1.573	0.903	1.0
1	12	71	0.5	0.519	21.167	2.854	0.226	0.774
1	12	68	0.037	0.192	21.8	4.604	0.032	0.161
1	12	65	0.0	0.0	nan	nan	0.0	0.0
1	12	62	0.0	0.0	nan	nan	0.0	0.0
1	12	59	0.0	0.0	nan	nan	0.0	0.0
1	12	56	0.0	0.0	nan	nan	0.0	0.0
1	12	53	0.0	0.0	nan	nan	0.0	0.0
1	12	50	0.0	0.0	nan	nan	0.0	0.0
1	12	47	0.0	0.0	nan	nan	0.0	0.0
1	12	44	0.0	0.0	nan	nan	0.0	0.0
1	12	41	0.0	0.0	nan	nan	0.0	0.0
1	12	38	0.0	0.0	nan	nan	0.0	0.0
1	12	35	0.0	0.0	nan	nan	0.0	0.0
1	12	32	0.0	0.0	nan	nan	0.0	0.0
1	12	29	0.0	0.0	nan	nan	0.0	0.0
1	13	80	1.935	0.359	16.161	1.128	1.0	1.0
1	13	77	1.71	0.588	17.067	1.112	0.968	0.968
1	13	74	1.3	0.47	19.452	1.767	0.645	1.0
1	13	71	0.429	0.514	21.739	2.24	0.194	0.742
1	13	68	0.04	0.2	23.714	2.289	0.032	0.226
1	13	65	0.0	0.0	nan	nan	0.0	0.0
1	13	62	0.0	0.0	nan	nan	0.0	0.0
1	13	59	0.0	0.0	nan	nan	0.0	0.0
1	13	56	0.0	0.0	nan	nan	0.0	0.0
1	13	53	0.0	0.0	nan	nan	0.0	0.0
1	13	50	0.0	0.0	nan	nan	0.0	0.0
1	13	47	0.0	0.0	nan	nan	0.0	0.0
1	13	44	0.0	0.0	nan	nan	0.0	0.0
1	13	41	0.0	0.0	nan	nan	0.0	0.0
1	13	38	0.0	0.0	nan	nan	0.0	0.0
1	13	35	0.0	0.0	nan	nan	0.0	0.0
1	13	32	0.0	0.0	nan	nan	0.0	0.0
1	13	29	0.0	0.0	nan	nan	0.0	0.0
1	14	80	1.9	0.305	16.194	1.108	0.968	1.0
1	14	77	1.7	0.466	17.516	1.313	0.968	1.0
1	14	74	1.136	0.468	18.733	1.53	0.677	0.968
1	14	71	0.5	0.73	21.571	2.481	0.194	0.677
1	14	68	0.037	0.192	22.0	1.871	0.032	0.161
1	14	65	0.0	0.0	nan	nan	0.0	0.0
1	14	62	0.0	0.0	nan	nan	0.0	0.0
1	14	59	0.0	0.0	nan	nan	0.0	0.0
1	14	56	0.0	0.0	nan	nan	0.0	0.0
1	14	53	0.0	0.0	nan	nan	0.0	0.0
1	14	50	0.0	0.0	nan	nan	0.0	0.0
1	14	47	0.0	0.0	nan	nan	0.0	0.0
1	14	44	0.0	0.0	nan	nan	0.0	0.0
1	14	41	0.0	0.0	nan	nan	0.0	0.0
1	14	38	0.0	0.0	nan	nan	0.0	0.0
1	14	35	0.0	0.0	nan	nan	0.0	0.0
1	14	32	0.0	0.0	nan	nan	0.0	0.0
1	14	29	0.0	0.0	nan	nan	0.0	0.0
1	15	80	2.0	0.0	16.097	0.87	1.0	1.0
1	15	77	1.759	0.435	17.581	1.205	0.935	1.0
1	15	74	1.35	0.587	19.133	2.636	0.613	0.968
1	15	71	0.545	0.522	21.885	2.304	0.194	0.839
1	15	68	0.043	0.209	23.556	3.432	0.032	0.29
1	15	65	0.0	0.0	nan	nan	0.0	0.0
1	15	62	0.0	0.0	nan	nan	0.0	0.0
1	15	59	0.0	0.0	nan	nan	0.0	0.0
1	15	56	0.0	0.0	nan	nan	0.0	0.0
1	15	53	0.0	0.0	nan	nan	0.0	0.0
1	15	50	0.0	0.0	nan	nan	0.0	0.0
1	15	47	0.0	0.0	nan	nan	0.0	0.0
1	15	44	0.0	0.0	nan	nan	0.0	0.0
1	15	41	0.0	0.0	nan	nan	0.0	0.0
1	15	38	0.0	0.0	nan	nan	0.0	0.0
1	15	35	0.0	0.0	nan	nan	0.0	0.0
1	15	32	0.0	0.0	nan	nan	0.0	0.0
1	15	29	0.0	0.0	nan	nan	0.0	0.0
1	16	80	1.968	0.18	16.032	1.11	1.0	1.0
1	16	77	1.69	0.471	17.484	1.48	0.935	1.0
1	16	74	1.316	0.478	19.161	2.083	0.613	1.0
1	16	71	0.769	0.599	21.333	2.337	0.29	0.871
1	16	68	0.0	0.0	22.0	2.646	0.0	0.097
1	16	65	0.0	0.0	nan	nan	0.0	0.0
1	16	62	0.0	0.0	nan	nan	0.0	0.0
1	16	59	0.0	0.0	nan	nan	0.0	0.0
1	16	56	0.0	0.0	nan	nan	0.0	0.0
1	16	53	0.0	0.0	nan	nan	0.0	0.0
1	16	50	0.0	0.0	nan	nan	0.0	0.0
1	16	47	0.0	0.0	nan	nan	0.0	0.0
1	16	44	0.0	0.0	nan	nan	0.0	0.0
1	16	41	0.0	0.0	nan	nan	0.0	0.0
1	16	38	0.0	0.0	nan	nan	0.0	0.0
1	16	35	0.0	0.0	nan	nan	0.0	0.0
1	16	32	0.0	0.0	nan	nan	0.0	0.0
1	16	29	0.0	0.0	nan	nan	0.0	0.0
1	17	80	1.968	0.18	16.129	0.957	1.0	1.0
1	17	77	1.667	0.479	17.839	2.051	0.968	1.0
1	17	74	1.24	0.436	18.645	1.872	0.806	1.0
1	17	71	0.875	0.641	21.897	2.257	0.194	0.935
1	17	68	0.043	0.209	23.556	2.455	0.032	0.29
1	17	65	0.0	0.0	nan	nan	0.0	0.0
1	17	62	0.0	0.0	nan	nan	0.0	0.0
1	17	59	0.0	0.0	nan	nan	0.0	0.0
1	17	56	0.0	0.0	nan	nan	0.0	0.0
1	17	53	0.0	0.0	nan	nan	0.0	0.0
1	17	50	0.0	0.0	nan	nan	0.0	0.0
1	17	47	0.0	0.0	nan	nan	0.0	0.0
1	17	44	0.0	0.0	nan	nan	0.0	0.0
1	17	41	0.0	0.0	nan	nan	0.0	0.0
1	17	38	0.0	0.0	nan	nan	0.0	0.0
1	17	35	0.0	0.0	nan	nan	0.0	0.0
1	17	32	0.0	0.0	nan	nan	0.0	0.0
1	17	29	0.0	0.0	nan	nan	0.0	0.0
1	18	80	1.935	0.25	16.323	1.045	1.0	1.0
1	18	77	1.519	0.509	17.774	2.14	0.871	1.0
1	18	74	1.312	0.479	19.452	1.912	0.516	1.0
1	18	71	0.727	0.647	21.63	2.498	0.226	0.871
1	18	68	0.0	0.0	24.667	1.751	0.0	0.194
1	18	65	0.0	0.0	nan	nan	0.0	0.0
1	18	62	0.0	0.0	nan	nan	0.0	0.0
1	18	59	0.0	0.0	nan	nan	0.0	0.0
1	18	56	0.0	0.0	nan	nan	0.0	0.0
1	18	53	0.0	0.0	nan	nan	0.0	0.0
1	18	50	0.0	0.0	nan	nan	0.0	0.0
1	18	47	0.0	0.0	nan	nan	0.0	0.0
1	18	44	0.0	0.0	nan	nan	0.0	0.0
1	18	41	0.0	0.0	nan	nan	0.0	0.0
1	18	38	0.0	0.0	nan	nan	0.0	0.0
1	18	35	0.0	0.0	nan	nan	0.0	0.0
1	18	32	0.0	0.0	nan	nan	0.0	0.0
1	18	29	0.0	0.0	nan	nan	0.0	0.0
1	19	80	1.968	0.18	16.161	0.969	1.0	1.0
1	19	77	1.724	0.455	17.516	1.122	0.935	1.0
1	19	74	1.235	0.437	20.065	2.205	0.548	1.0
1	19	71	0.308	0.48	21.409	2.423	0.129	0.71
1	19	68	0.111	0.32	20.571	4.237	0.097	0.226
1	19	65	0.0	0.0	21.0	0.0	0.0	0.032
1	19	62	0.0	0.0	nan	nan	0.0	0.0
1	19	59	0.0	0.0	nan	nan	0.0	0.0
1	19	56	0.0	0.0	nan	nan	0.0	0.0
1	19	53	0.0	0.0	nan	nan	0.0	0.0
1	19	50	0.0	0.0	nan	nan	0.0	0.0
1	19	47	0.0	0.0	nan	nan	0.0	0.0
1	19	44	0.0	0.0	nan	nan	0.0	0.0
1	19	41	0.0	0.0	nan	nan	0.0	0.0
1	19	38	0.0	0.0	nan	nan	0.0	0.0
1	19	35	0.0	0.0	nan	nan	0.0	0.0
1	19	32	0.0	0.0	nan	nan	0.0	0.0
1	19	29	0.0	0.0	nan	nan	0.0	0.0
1	20	80	2.0	0.0	16.323	0.832	1.0	1.0
1	20	77	1.714	0.46	17.484	1.411	0.903	1.0
1	20	74	1.176	0.393	19.323	1.777	0.548	1.0
1	20	71	0.9	0.738	21.0	2.244	0.226	0.903
1	20	68	0.0	0.0	24.5	2.121	0.0	0.065
1	20	65	0.0	0.0	24.0	0.0	0.0	0.032
1	20	62	0.0	0.0	nan	nan	0.0	0.0
1	20	59	0.0	0.0	nan	nan	0.0	0.0
1	20	56	0.0	0.0	nan	nan	0.0	0.0
1	20	53	0.0	0.0	nan	nan	0.0	0.0
1	20	50	0.0	0.0	nan	nan	0.0	0.0
1	20	47	0.0	0.0	nan	nan	0.0	0.0
1	20	44	0.0	0.0	nan	nan	0.0	0.0
1	20	41	0.0	0.0	nan	nan	0.0	0.0
1	20	38	0.0	0.0	nan	nan	0.0	0.0
1	20	35	0.0	0.0	nan	nan	0.0	0.0
1	20	32	0.0	0.0	nan	nan	0.0	0.0
1	20	29	0.0	0.0	nan	nan	0.0	0.0
1	21	80	1.935	0.25	16.226	0.805	1.0	1.0
1	21	77	1.778	0.424	17.677	1.777	0.871	1.0
1	21	74	1.333	0.483	18.968	1.816	0.677	1.0
1	21	71	0.409	0.59	21.647	2.827	0.258	0.548
1	21	68	0.0	0.0	23.8	1.643	0.0	0.161
1	21	65	0.0	0.0	nan	nan	0.0	0.0
1	21	62	0.0	0.0	nan	nan	0.0	0.0
1	21	59	0.0	0.0	nan	nan	0.0	0.0
1	21	56	0.0	0.0	nan	nan	0.0	0.0
1	21	53	0.0	0.0	nan	nan	0.0	0.0
1	21	50	0.0	0.0	nan	nan	0.0	0.0
1	21	47	0.0	0.0	nan	nan	0.0	0.0
1	21	44	0.0	0.0	nan	nan	0.0	0.0
1	21	41	0.0	0.0	nan	nan	0.0	0.0
1	21	38	0.0	0.0	nan	nan	0.0	0.0
1	21	35	0.0	0.0	nan	nan	0.0	0.0
1	21	32	0.0	0.0	nan	nan	0.0	0.0
1	21	29	0.0	0.0	nan	nan	0.0	0.0
1	22	80	1.968	0.18	16.452	0.925	1.0	1.0
1	22	77	1.724	0.455	17.29	1.101	0.935	1.0
1	22	74	1.409	0.503	18.806	1.922	0.71	1.0
1	22	71	0.615	0.65	22.12	2.774	0.226	0.806
1	22	68	0.115	0.326	22.75	3.412	0.097	0.258
1	22	65	0.0	0.0	nan	nan	0.0	0.0
1	22	62	0.0	0.0	nan	nan	0.0	0.0
1	22	59	0.0	0.0	nan	nan	0.0	0.0
1	22	56	0.0	0.0	nan	nan	0.0	0.0
1	22	53	0.0	0.0	nan	nan	0.0	0.0
1	22	50	0.0	0.0	nan	nan	0.0	0.0
1	22	47	0.0	0.0	nan	nan	0.0	0.0
1	22	44	0.0	0.0	nan	nan	0.0	0.0
1	22	41	0.0	0.0	nan	nan	0.0	0.0
1	22	38	0.0	0.0	nan	nan	0.0	0.0
1	22	35	0.0	0.0	nan	nan	0.0	0.0
1	22	32	0.0	0.0	nan	nan	0.0	0.0
1	22	29	0.0	0.0	nan	nan	0.0	0.0
1	23	80	1.839	0.374	16.613	1.022	1.0	1.0
1	23	77	1.733	0.45	17.194	1.195	0.968	1.0
1	23	74	1.294	0.47	20.032	2.47	0.548	1.0
1	23	71	0.273	0.467	21.087	2.109	0.097	0.742
1	23	68	0.0	0.0	22.5	1.732	0.0	0.129
1	23	65	0.0	0.0	23.0	0.0	0.0	0.032
1	23	62	0.0	0.0	nan	nan	0.0	0.0
1	23	59	0.0	0.0	nan	nan	0.0	0.0
1	23	56	0.0	0.0	nan	nan	0.0	0.0
1	23	53	0.0	0.0	nan	nan	0.0	0.0
1	23	50	0.0	0.0	nan	nan	0.0	0.0
1	23	47	0.0	0.0	nan	nan	0.0	0.0
1	23	44	0.0	0.0	nan	nan	0.0	0.0
1	23	41	0.0	0.0	nan	nan	0.0	0.0
1	23	38	0.0	0.0	nan	nan	0.0	0.0
1	23	35	0.0	0.0	nan	nan	0.0	0.0
1	23	32	0.0	0.0	nan	nan	0.0	0.0
1	23	29	0.0	0.0	nan	nan	0.0	0.0
1	24	80	1.935	0.25	16.065	1.031	1.0	1.0
1	24	77	1.581	0.502	17.452	1.546	1.0	1.0
1	24	74	1.167	0.383	19.419	2.218	0.581	1.0
1	24	71	0.5	0.516	21.739	3.048	0.258	0.742
1	24	68	0.0	0.0	23.778	2.438	0.0	0.29
1	24	65	0.0	0.0	nan	nan	0.0	0.0
1	24	62	0.0	0.0	nan	nan	0.0	0.0
1	24	59	0.0	0.0	nan	nan	0.0	0.0
1	24	56	0.0	0.0	nan	nan	0.0	0.0
1	24	53	0.0	0.0	nan	nan	0.0	0.0
1	24	50	0.0	0.0	nan	nan	0.0	0.0
1	24	47	0.0	0.0	nan	nan	0.0	0.0
1	24	44	0.0	0.0	nan	nan	0.0	0.0
1	24	41	0.0	0.0	nan	nan	0.0	0.0
1	24	38	0.0	0.0	nan	nan	0.0	0.0
1	24	35	0.0	0.0	nan	nan	0.0	0.0
1	24	32	0.0	0.0	nan	nan	0.0	0.0
1	24	29	0.0	0.0	nan	nan	0.0	0.0
1	25	80	1.933	0.254	16.355	1.305	0.968	1.0
1	25	77	1.828	0.384	16.968	1.426	0.935	1.0
1	25	74	1.333	0.485	19.0	1.789	0.581	1.0
1	25	71	0.579	0.507	21.261	2.632	0.355	0.742
1	25	68	0.042	0.204	23.375	1.408	0.032	0.258
1	25	65	0.0	0.0	nan	nan	0.0	0.0
1	25	62	0.0	0.0	nan	nan	0.0	0.0
1	25	59	0.0	0.0	nan	nan	0.0	0.0
1	25	56	0.0	0.0	nan	nan	0.0	0.0
1	25	53	0.0	0.0	nan	nan	0.0	0.0
1	25	50	0.0	0.0	nan	nan	0.0	0.0
1	25	47	0.0	0.0	nan	nan	0.0	0.0
1	25	44	0.0	0.0	nan	nan	0.0	0.0
1	25	41	0.0	0.0	nan	nan	0.0	0.0
1	25	38	0.0	0.0	nan	nan	0.0	0.0
1	25	35	0.0	0.0	nan	nan	0.0	0.0
1	25	32	0.0	0.0	nan	nan	0.0	0.0
1	25	29	0.0	0.0	nan	nan	0.0	0.0
1	26	80	1.9	0.305	16.323	0.945	0.968	1.0
1	26	77	1.793	0.412	17.194	1.47	0.935	1.0
1	26	74	1.2	0.523	19.267	1.874	0.613	0.968
1	26	71	0.5	0.519	21.208	1.719	0.226	0.774
1	26	68	0.0	0.0	23.833	1.472	0.0	0.194
1	26	65	0.0	0.0	nan	nan	0.0	0.0
1	26	62	0.0	0.0	nan	nan	0.0	0.0
1	26	59	0.0	0.0	nan	nan	0.0	0.0
1	26	56	0.0	0.0	nan	nan	0.0	0.0
1	26	53	0.0	0.0	nan	nan	0.0	0.0
1	26	50	0.0	0.0	nan	nan	0.0	0.0
1	26	47	0.0	0.0	nan	nan	0.0	0.0
1	26	44	0.0	0.0	nan	nan	0.0	0.0
1	26	41	0.0	0.0	nan	nan	0.0	0.0
1	26	38	0.0	0.0	nan	nan	0.0	0.0
1	26	35	0.0	0.0	nan	nan	0.0	0.0
1	26	32	0.0	0.0	nan	nan	0.0	0.0
1	26	29	0.0	0.0	nan	nan	0.0	0.0
1	27	80	1.839	0.374	16.677	1.939	1.0	1.0
1	27	77	1.643	0.488	17.968	1.494	0.903	1.0
1	27	74	1.211	0.631	19.034	1.569	0.548	0.935
1	27	71	0.923	0.76	20.259	2.611	0.29	0.871
1	27	68	0.143	0.359	21.615	3.176	0.097	0.419
1	27	65	0.0	0.0	24.0	0.0	0.0	0.032
1	27	62	0.0	0.0	nan	nan	0.0	0.0
1	27	59	0.0	0.0	nan	nan	0.0	0.0
1	27	56	0.0	0.0	nan	nan	0.0	0.0
1	27	53	0.0	0.0	nan	nan	0.0	0.0
1	27	50	0.0	0.0	nan	nan	0.0	0.0
1	27	47	0.0	0.0	nan	nan	0.0	0.0
1	27	44	0.0	0.0	nan	nan	0.0	0.0
1	27	41	0.0	0.0	nan	nan	0.0	0.0
1	27	38	0.0	0.0	nan	nan	0.0	0.0
1	27	35	0.0	0.0	nan	nan	0.0	0.0
1	27	32	0.0	0.0	nan	nan	0.0	0.0
1	27	29	0.0	0.0	nan	nan	0.0	0.0
1	28	80	1.871	0.341	16.355	1.38	1.0	1.0
1	28	77	1.793	0.412	17.323	1.194	0.935	1.0
1	28	74	1.2	0.523	18.7	1.784	0.613	0.968
1	28	71	0.571	0.646	20.792	2.085	0.226	0.774
1	28	68	0.083	0.282	22.222	2.167	0.065	0.29
1	28	65	0.0	0.0	nan	nan	0.0	0.0
1	28	62	0.0	0.0	nan	nan	0.0	0.0
1	28	59	0.0	0.0	nan	nan	0.0	0.0
1	28	56	0.0	0.0	nan	nan	0.0	0.0
1	28	53	0.0	0.0	nan	nan	0.0	0.0
1	28	50	0.0	0.0	nan	nan	0.0	0.0
1	28	47	0.0	0.0	nan	nan	0.0	0.0
1	28	44	0.0	0.0	nan	nan	0.0	0.0
1	28	41	0.0	0.0	nan	nan	0.0	0.0
1	28	38	0.0	0.0	nan	nan	0.0	0.0
1	28	35	0.0	0.0	nan	nan	0.0	0.0
1	28	32	0.0	0.0	nan	nan	0.0	0.0
1	28	29	0.0	0.0	nan	nan	0.0	0.0
1	29	80	1.774	0.425	16.387	1.283	1.0	1.0
1	29	77	1.667	0.479	17.613	1.334	0.968	1.0
1	29	74	1.286	0.561	19.367	2.442	0.645	0.968
1	29	71	0.727	0.467	21.107	2.615	0.258	0.903
1	29	68	0.0	0.0	24.833	1.329	0.0	0.194
1	29	65	0.0	0.0	nan	nan	0.0	0.0
1	29	62	0.0	0.0	nan	nan	0.0	0.0
1	29	59	0.0	0.0	24.0	0.0	0.0	0.032
1	29	56	0.0	0.0	nan	nan	0.0	0.0
1	29	53	0.0	0.0	nan	nan	0.0	0.0
1	29	50	0.0	0.0	nan	nan	0.0	0.0
1	29	47	0.0	0.0	nan	nan	0.0	0.0
1	29	44	0.0	0.0	nan	nan	0.0	0.0
1	29	41	0.0	0.0	nan	nan	0.0	0.0
1	29	38	0.0	0.0	nan	nan	0.0	0.0
1	29	35	0.0	0.0	nan	nan	0.0	0.0
1	29	32	0.0	0.0	nan	nan	0.0	0.0
1	29	29	0.0	0.0	nan	nan	0.0	0.0
1	30	80	1.897	0.31	16.516	1.208	0.935	1.0
1	30	77	1.72	0.542	17.433	1.501	0.774	0.968
1	30	74	1.286	0.463	18.903	1.921	0.677	1.0
1	30	71	0.6	0.699	21.385	2.899	0.161	0.839
1	30	68	0.038	0.196	23.833	1.329	0.032	0.194
1	30	65	0.0	0.0	nan	nan	0.0	0.0
1	30	62	0.0	0.0	nan	nan	0.0	0.0
1	30	59	0.0	0.0	nan	nan	0.0	0.0
1	30	56	0.0	0.0	nan	nan	0.0	0.0
1	30	53	0.0	0.0	nan	nan	0.0	0.0
1	30	50	0.0	0.0	nan	nan	0.0	0.0
1	30	47	0.0	0.0	nan	nan	0.0	0.0
1	30	44	0.0	0.0	nan	nan	0.0	0.0
1	30	41	0.0	0.0	nan	nan	0.0	0.0
1	30	38	0.0	0.0	nan	nan	0.0	0.0
1	30	35	0.0	0.0	nan	nan	0.0	0.0
1	30	32	0.0	0.0	nan	nan	0.0	0.0
1	30	29	0.0	0.0	nan	nan	0.0	0.0
1	31	80	1.968	0.18	16.032	1.08	1.0	1.0
1	31	77	1.704	0.465	17.677	1.815	0.871	1.0
1	31	74	1.273	0.55	19.067	2.05	0.677	0.968
1	31	71	0.533	0.516	20.667	2.16	0.258	0.774
1	31	68	0.0	0.0	24.2	1.814	0.0	0.323
1	31	65	0.0	0.0	nan	nan	0.0	0.0
1	31	62	0.0	0.0	nan	nan	0.0	0.0
1	31	59	0.0	0.0	nan	nan	0.0	0.0
1	31	56	0.0	0.0	nan	nan	0.0	0.0
1	31	53	0.0	0.0	nan	nan	0.0	0.0
1	31	50	0.0	0.0	nan	nan	0.0	0.0
1	31	47	0.0	0.0	nan	nan	0.0	0.0
1	31	44	0.0	0.0	nan	nan	0.0	0.0
1	31	41	0.0	0.0	nan	nan	0.0	0.0
1	31	38	0.0	0.0	nan	nan	0.0	0.0
1	31	35	0.0	0.0	nan	nan	0.0	0.0
1	31	32	0.0	0.0	nan	nan	0.0	0.0
1	31	29	0.0	0.0	nan	nan	0.0	0.0
2	0	80	3.935	0.25	13.387	0.667	1.0	1.0
2	0	77	3.355	0.486	13.774	0.617	1.0	1.0
2	0	74	3.161	0.374	14.419	0.672	1.0	1.0
2	0	71	3.065	0.25	15.387	0.989	1.0	1.0
2	0	68	2.935	0.359	16.581	1.259	1.0	1.0
2	0	65	2.742	0.445	17.935	1.632	1.0	1.0
2	0	62	2.129	0.562	19.548	1.609	1.0	1.0
2	0	59	1.613	0.495	21.968	1.779	1.0	1.0
2	0	56	1.0	0.455	26.643	4.331	0.871	0.903
2	0	53	0.63	0.492	30.095	4.989	0.548	0.677
2	0	50	0.0	0.0	35.0	0.0	0.0	0.032
2	0	47	0.0	0.0	nan	nan	0.0	0.0
2	0	44	0.0	0.0	nan	nan	0.0	0.0
2	0	41	0.0	0.0	nan	nan	0.0	0.0
2	0	38	0.0	0.0	nan	nan	0.0	0.0
2	0	35	0.0	0.0	nan	nan	0.0	0.0
2	0	32	0.0	0.0	nan	nan	0.0	0.0
2	0	29	0.0	0.0	nan	nan	0.0	0.0
2	1	80	1.806	0.402	16.129	1.056	1.0	1.0
2	1	77	1.625	0.495	18.097	1.832	0.774	1.0
2	1	74	1.077	0.494	19.6	2.159	0.387	0.968
2	1	71	0.333	0.5	21.84	2.868	0.097	0.806
2	1	68	0.0	0.0	23.0	4.243	0.0	0.065
2	1	65	0.0	0.0	nan	nan	0.0	0.0
2	1	62	0.0	0.0	nan	nan	0.0	0.0
2	1	59	0.0	0.0	nan	nan	0.0	0.0
2	1	56	0.0	0.0	nan	nan	0.0	0.0
2	1	53	0.0	0.0	nan	nan	0.0	0.0
2	1	50	0.0	0.0	nan	nan	0.0	0.0
2	1	47	0.0	0.0	nan	nan	0.0	0.0
2	1	44	0.0	0.0	nan	nan	0.0	0.0
2	1	41	0.0	0.0	nan	nan	0.0	0.0
2	1	38	0.0	0.0	nan	nan	0.0	0.0
2	1	35	0.0	0.0	nan	nan	0.0	0.0
2	1	32	0.0	0.0	nan	nan	0.0	0.0
2	1	29	0.0	0.0	nan	nan	0.0	0.0
2	2	80	1.839	0.454	16.333	1.093	0.968	0.968
2	2	77	1.5	0.577	17.567	1.501	0.871	0.968
2	2	74	1.176	0.393	19.516	1.964	0.548	1.0
2	2	71	0.333	0.492	20.87	1.938	0.129	0.742
2	2	68	0.0	0.0	24.0	0.0	0.0	0.032
2	2	65	0.0	0.0	nan	nan	0.0	0.0
2	2	62	0.0	0.0	nan	nan	0.0	0.0
2	2	59	0.0	0.0	nan	nan	0.0	0.0
2	2	56	0.0	0.0	nan	nan	0.0	0.0
2	2	53	0.0	0.0	nan	nan	0.0	0.0
2	2	50	0.0	0.0	nan	nan	0.0	0.0
2	2	47	0.0	0.0	nan	nan	0.0	0.0
2	2	44	0.0	0.0	nan	nan	0.0	0.0
2	2	41	0.0	0.0	nan	nan	0.0	0.0
2	2	38	0.0	0.0	nan	nan	0.0	0.0
2	2	35	0.0	0.0	nan	nan	0.0	0.0
2	2	32	0.0	0.0	nan	nan	0.0	0.0
2	2	29	0.0	0.0	nan	nan	0.0	0.0
2	3	80	1.903	0.301	16.29	1.131	1.0	1.0
2	3	77	1.5	0.583	17.833	1.84	0.806	0.968
2	3	74	1.312	0.602	19.3	1.896	0.484	0.968
2	3	71	0.417	0.515	21.167	2.884	0.161	0.774
2	3	68	0.0	0.0	21.0	2.828	0.0	0.065
2	3	65	0.0	0.0	nan	nan	0.0	0.0
2	3	62	0.0	0.0	nan	nan	0.0	0.0
2	3	59	0.0	0.0	nan	nan	0.0	0.0
2	3	56	0.0	0.0	nan	nan	0.0	0.0
2	3	53	0.0	0.0	nan	nan	0.0	0.0
2	3	50	0.0	0.0	nan	nan	0.0	0.0
2	3	47	0.0	0.0	nan	nan	0.0	0.0
2	3	44	0.0	0.0	nan	nan	0.0	0.0
2	3	41	0.0	0.0	nan	nan	0.0	0.0
2	3	38	0.0	0.0	nan	nan	0.0	0.0
2	3	35	0.0	0.0	nan	nan	0.0	0.0
2	3	32	0.0	0.0	nan	nan	0.0	0.0
2	3	29	0.0	0.0	nan	nan	0.0	0.0
2	4	80	1.935	0.25	16.613	0.955	1.0	1.0
2	4	77	1.724	0.455	17.29	1.16	0.935	1.0
2	4	74	1.381	0.498	19.581	2.277	0.677	1.0
2	4	71	0.286	0.469	21.143	2.613	0.129	0.677
2	4	68	0.0	0.0	23.0	1.414	0.0	0.129
2	4	65	0.0	0.0	nan	nan	0.0	0.0
2	4	62	0.0	0.0	nan	nan	0.0	0.0
2	4	59	0.0	0.0	nan	nan	0.0	0.0
2	4	56	0.0	0.0	nan	nan	0.0	0.0
2	4	53	0.0	0.0	nan	nan	0.0	0.0
2	4	50	0.0	0.0	nan	nan	0.0	0.0
2	4	47	0.0	0.0	nan	nan	0.0	0.0
2	4	44	0.0	0.0	nan	nan	0.0	0.0
2	4	41	0.0	0.0	nan	nan	0.0	0.0
2	4	38	0.0	0.0	nan	nan	0.0	0.0
2	4	35	0.0	0.0	nan	nan	0.0	0.0
2	4	32	0.0	0.0	nan	nan	0.0	0.0
2	4	29	0.0	0.0	nan	nan	0.0	0.0
2	5	80	1.903	0.301	16.0	0.816	1.0	1.0
2	5	77	1.724	0.455	17.516	1.208	0.935	1.0
2	5	74	1.182	0.588	19.207	1.953	0.645	0.935
2	5	71	0.611	0.608	21.261	2.717	0.323	0.742
2	5	68	0.067	0.254	21.667	5.033	0.065	0.097
2	5	65	0.0	0.0	nan	nan	0.0	0.0
2	5	62	0.0	0.0	nan	nan	0.0	0.0
2	5	59	0.0	0.0	nan	nan	0.0	0.0
2	5	56	0.0	0.0	nan	nan	0.0	0.0
2	5	53	0.0	0.0	nan	nan	0.0	0.0
2	5	50	0.0	0.0	nan	nan	0.0	0.0
2	5	47	0.0	0.0	nan	nan	0.0	0.0
2	5	44	0.0	0.0	nan	nan	0.0	0.0
2	5	41	0.0	0.0	nan	nan	0.0	0.0
2	5	38	0.0	0.0	nan	nan	0.0	0.0
2	5	35	0.0	0.0	nan	nan	0.0	0.0
2	5	32	0.0	0.0	nan	nan	0.0	0.0
2	5	29	0.0	0.0	nan	nan	0.0	0.0
2	6	80	1.871	0.341	16.581	1.148	1.0	1.0
2	6	77	1.643	0.488	17.677	1.492	0.903	1.0
2	6	74	1.222	0.428	18.903	1.35	0.581	1.0
2	6	71	0.545	0.522	20.769	1.945	0.194	0.839
2	6	68	0.0	0.0	22.0	0.0	0.0	0.065
2	6	65	0.0	0.0	nan	nan	0.0	0.0
2	6	62	0.0	0.0	nan	nan	0.0	0.0
2	6	59	0.0	0.0	nan	nan	0.0	0.0
2	6	56	0.0	0.0	nan	nan	0.0	0.0
2	6	53	0.0	0.0	nan	nan	0.0	0.0
2	6	50	0.0	0.0	nan	nan	0.0	0.0
2	6	47	0.0	0.0	nan	nan	0.0	0.0
2	6	44	0.0	0.0	nan	nan	0.0	0.0
2	6	41	0.0	0.0	nan	nan	0.0	0.0
2	6	38	0.0	0.0	nan	nan	0.0	0.0
2	6	35	0.0	0.0	nan	nan	0.0	0.0
2	6	32	0.0	0.0	nan	nan	0.0	0.0
2	6	29	0.0	0.0	nan	nan	0.0	0.0
2	7	80	1.871	0.341	16.032	0.836	1.0	1.0
2	7	77	1.679	0.476	17.419	1.025	0.903	1.0
2	7	74	1.222	0.428	19.065	1.711	0.581	1.0
2	7	71	0.4	0.507	21.091	2.448	0.194	0.71
2	7	68	0.048	0.218	23.364	2.58	0.032	0.355
2	7	65	0.0	0.0	23.0	0.0	0.0	0.032
2	7	62	0.0	0.0	nan	nan	0.0	0.0
2	7	59	0.0	0.0	nan	nan	0.0	0.0
2	7	56	0.0	0.0	nan	nan	0.0	0.0
2	7	53	0.0	0.0	nan	nan	0.0	0.0
2	7	50	0.0	0.0	nan	nan	0.0	0.0
2	7	47	0.0	0.0	nan	nan	0.0	0.0
2	7	44	0.0	0.0	nan	nan	0.0	0.0
2	7	41	0.0	0.0	nan	nan	0.0	0.0
2	7	38	0.0	0.0	nan	nan	0.0	0.0
2	7	35	0.0	0.0	nan	nan	0.0	0.0
2	7	32	0.0	0.0	nan	nan	0.0	0.0
2	7	29	0.0	0.0	nan	nan	0.0	0.0
2	8	80	1.806	0.402	16.258	1.125	1.0	1.0
2	8	77	1.323	0.475	17.548	1.312	1.0	1.0
2	8	74	1.25	0.444	18.871	2.232	0.645	1.0
2	8	71	0.429	0.514	21.478	2.695	0.194	0.742
2	8	68	0.0	0.0	24.0	2.0	0.0	0.097
2	8	65	0.0	0.0	nan	nan	0.0	0.0
2	8	62	0.0	0.0	nan	nan	0.0	0.0
2	8	59	0.0	0.0	nan	nan	0.0	0.0
2	8	56	0.0	0.0	nan	nan	0.0	0.0
2	8	53	0.0	0.0	nan	nan	0.0	0.0
2	8	50	0.0	0.0	nan	nan	0.0	0.0
2	8	47	0.0	0.0	nan	nan	0.0	0.0
2	8	44	0.0	0.0	nan	nan	0.0	0.0
2	8	41	0.0	0.0	nan	nan	0.0	0.0
2	8	38	0.0	0.0	nan	nan	0.0	0.0
2	8	35	0.0	0.0	nan	nan	0.0	0.0
2	8	32	0.0	0.0	nan	nan	0.0	0.0
2	8	29	0.0	0.0	nan	nan	0.0	0.0
2	9	80	1.903	0.301	16.387	1.647	1.0	1.0
2	9	77	1.5	0.509	17.71	1.488	0.903	1.0
2	9	74	1.238	0.436	19.516	2.488	0.677	1.0
2	9	71	0.786	0.579	21.333	2.386	0.323	0.871
2	9	68	0.043	0.209	22.333	1.118	0.032	0.29
2	9	65	0.0	0.0	nan	nan	0.0	0.0
2	9	62	0.0	0.0	nan	nan	0.0	0.0
2	9	59	0.0	0.0	nan	nan	0.0	0.0
2	9	56	0.0	0.0	nan	nan	0.0	0.0
2	9	53	0.0	0.0	nan	nan	0.0	0.0
2	9	50	0.0	0.0	nan	nan	0.0	0.0
2	9	47	0.0	0.0	nan	nan	0.0	0.0
2	9	44	0.0	0.0	nan	nan	0.0	0.0
2	9	41	0.0	0.0	nan	nan	0.0	0.0
2	9	38	0.0	0.0	nan	nan	0.0	0.0
2	9	35	0.0	0.0	nan	nan	0.0	0.0
2	9	32	0.0	0.0	nan	nan	0.0	0.0
2	9	29	0.0	0.0	nan	nan	0.0	0.0
2	10	80	1.935	0.25	16.097	0.978	1.0	1.0
2	10	77	1.536	0.508	17.323	1.492	0.903	1.0
2	10	74	1.0	0.516	19.207	1.398	0.452	0.935
2	10	71	0.312	0.479	20.9	1.832	0.161	0.645
2	10	68	0.04	0.2	24.143	1.952	0.032	0.226
2	10	65	0.0	0.0	nan	nan	0.0	0.0
2	10	62	0.0	0.0	nan	nan	0.0	0.0
2	10	59	0.0	0.0	nan	nan	0.0	0.0
2	10	56	0.0	0.0	nan	nan	0.0	0.0
2	10	53	0.0	0.0	nan	nan	0.0	0.0
2	10	50	0.0	0.0	nan	nan	0.0	0.0
2	10	47	0.0	0.0	nan	nan	0.0	0.0
2	10	44	0.0	0.0	nan	nan	0.0	0.0
2	10	41	0.0	0.0	nan	nan	0.0	0.0
2	10	38	0.0	0.0	nan	nan	0.0	0.0
2	10	35	0.0	0.0	nan	nan	0.0	0.0
2	10	32	0.0	0.0	nan	nan	0.0	0.0
2	10	29	0.0	0.0	nan	nan	0.0	0.0
2	11	80	1.968	0.18	16.032	0.836	1.0	1.0
2	11	77	1.593	0.501	17.516	1.262	0.871	1.0
2	11	74	1.214	0.426	19.645	1.976	0.452	1.0
2	11	71	0.286	0.469	21.857	2.798	0.129	0.677
2	11	68	0.0	0.0	23.286	1.38	0.0	0.226
2	11	65	0.0	0.0	nan	nan	0.0	0.0
2	11	62	0.0	0.0	nan	nan	0.0	0.0
2	11	59	0.0	0.0	nan	nan	0.0	0.0
2	11	56	0.0	0.0	nan	nan	0.0	0.0
2	11	53	0.0	0.0	nan	nan	0.0	0.0
2	11	50	0.0	0.0	nan	nan	0.0	0.0
2	11	47	0.0	0.0	nan	nan	0.0	0.0
2	11	44	0.0	0.0	nan	nan	0.0	0.0
2	11	41	0.0	0.0	nan	nan	0.0	0.0
2	11	38	0.0	0.0	nan	nan	0.0	0.0
2	11	35	0.0	0.0	nan	nan	0.0	0.0
2	11	32	0.0	0.0	nan	nan	0.0	0.0
2	11	29	0.0	0.0	nan	nan	0.0	0.0
2	12	80	1.806	0.477	16.167	1.117	0.968	0.968
2	12	77	1.483	0.574	17.4	1.037	0.903	0.968
2	12	74	1.111	0.471	19.6	1.85	0.548	0.968
2	12	71	0.375	0.518	21.769	2.776	0.097	0.839
2	12	68	0.0	0.0	24.0	1.0	0.0	0.097
2	12	65	0.0	0.0	nan	nan	0.0	0.0
2	12	62	0.0	0.0	nan	nan	0.0	0.0
2	12	59	0.0	0.0	nan	nan	0.0	0.0
2	12	56	0.0	0.0	nan	nan	0.0	0.0
2	12	53	0.0	0.0	nan	nan	0.0	0.0
2	12	50	0.0	0.0	nan	nan	0.0	0.0
2	12	47	0.0	0.0	nan	nan	0.0	0.0
2	12	44	0.0	0.0	nan	nan	0.0	0.0
2	12	41	0.0	0.0	nan	nan	0.0	0.0
2	12	38	0.0	0.0	nan	nan	0.0	0.0
2	12	35	0.0	0.0	nan	nan	0.0	0.0
2	12	32	0.0	0.0	nan	nan	0.0	0.0
2	12	29	0.0	0.0	nan	nan	0.0	0.0
2	13	80	1.8	0.407	16.323	1.249	0.968	1.0
2	13	77	1.667	0.48	17.387	1.476	0.871	1.0
2	13	74	1.133	0.352	19.71	1.774	0.484	1.0
2	13	71	0.556	0.527	21.704	1.836	0.161	0.871
2	13	68	0.0	0.0	27.0	0.0	0.0	0.032
2	13	65	0.0	0.0	nan	nan	0.0	0.0
2	13	62	0.0	0.0	nan	nan	0.0	0.0
2	13	59	0.0	0.0	nan	nan	0.0	0.0
2	13	56	0.0	0.0	nan	nan	0.0	0.0
2	13	53	0.0	0.0	nan	nan	0.0	0.0
2	13	50	0.0	0.0	nan	nan	0.0	0.0
2	13	47	0.0	0.0	nan	nan	0.0	0.0
2	13	44	0.0	0.0	nan	nan	0.0	0.0
2	13	41	0.0	0.0	nan	nan	0.0	0.0
2	13	38	0.0	0.0	nan	nan	0.0	0.0
2	13	35	0.0	0.0	nan	nan	0.0	0.0
2	13	32	0.0	0.0	nan	nan	0.0	0.0
2	13	29	0.0	0.0	nan	nan	0.0	0.0
2	14	80	1.933	0.254	16.129	1.176	0.968	1.0
2	14	77	1.583	0.504	17.742	1.264	0.774	1.0
2	14	74	1.318	0.477	18.452	1.434	0.71	1.0
2	14	71	0.2	0.414	22.105	2.355	0.097	0.613
2	14	68	0.037	0.192	20.8	2.588	0.032	0.161
2	14	65	0.0	0.0	nan	nan	0.0	0.0
2	14	62	0.0	0.0	nan	nan	0.0	0.0
2	14	59	0.0	0.0	nan	nan	0.0	0.0
2	14	56	0.0	0.0	nan	nan	0.0	0.0
2	14	53	0.0	0.0	nan	nan	0.0	0.0
2	14	50	0.0	0.0	nan	nan	0.0	0.0
2	14	47	0.0	0.0	nan	nan	0.0	0.0
2	14	44	0.0	0.0	nan	nan	0.0	0.0
2	14	41	0.0	0.0	nan	nan	0.0	0.0
2	14	38	0.0	0.0	nan	nan	0.0	0.0
2	14	35	0.0	0.0	nan	nan	0.0	0.0
2	14	32	0.0	0.0	nan	nan	0.0	0.0
2	14	29	0.0	0.0	nan	nan	0.0	0.0
2	15	80	1.867	0.346	16.645	0.95	0.968	1.0
2	15	77	1.733	0.45	17.355	0.985	0.968	1.0
2	15	74	1.167	0.514	19.167	1.802	0.548	0.968
2	15	71	0.368	0.496	21.526	2.525	0.226	0.613
2	15	68	0.0	0.0	nan	nan	0.0	0.0
2	15	65	0.0	0.0	nan	nan	0.0	0.0
2	15	62	0.0	0.0	nan	nan	0.0	0.0
2	15	59	0.0	0.0	nan	nan	0.0	0.0
2	15	56	0.0	0.0	nan	nan	0.0	0.0
2	15	53	0.0	0.0	nan	nan	0.0	0.0
2	15	50	0.0	0.0	nan	nan	0.0	0.0
2	15	47	0.0	0.0	nan	nan	0.0	0.0
2	15	44	0.0	0.0	nan	nan	0.0	0.0
2	15	41	0.0	0.0	nan	nan	0.0	0.0
2	15	38	0.0	0.0	nan	nan	0.0	0.0
2	15	35	0.0	0.0	nan	nan	0.0	0.0
2	15	32	0.0	0.0	nan	nan	0.0	0.0
2	15	29	0.0	0.0	nan	nan	0.0	0.0
2	16	80	1.806	0.402	16.226	1.383	1.0	1.0
2	16	77	1.542	0.509	18.065	1.711	0.774	1.0
2	16	74	1.273	0.467	19.968	2.041	0.355	1.0
2	16	71	0.167	0.389	21.333	2.456	0.065	0.677
2	16	68	0.032	0.18	21.0	0.0	0.032	0.032
2	16	65	0.0	0.0	nan	nan	0.0	0.0
2	16	62	0.0	0.0	nan	nan	0.0	0.0
2	16	59	0.0	0.0	nan	nan	0.0	0.0
2	16	56	0.0	0.0	nan	nan	0.0	0.0
2	16	53	0.0	0.0	nan	nan	0.0	0.0
2	16	50	0.0	0.0	nan	nan	0.0	0.0
2	16	47	0.0	0.0	nan	nan	0.0	0.0
2	16	44	0.0	0.0	nan	nan	0.0	0.0
2	16	41	0.0	0.0	nan	nan	0.0	0.0
2	16	38	0.0	0.0	nan	nan	0.0	0.0
2	16	35	0.0	0.0	nan	nan	0.0	0.0
2	16	32	0.0	0.0	nan	nan	0.0	0.0
2	16	29	0.0	0.0	nan	nan	0.0	0.0
2	17	80	1.871	0.341	16.677	1.166	1.0	1.0
2	17	77	1.536	0.508	17.258	0.965	0.903	1.0
2	17	74	0.923	0.641	19.536	1.915	0.323	0.903
2	17	71	0.25	0.452	21.909	2.348	0.097	0.71
2	17	68	0.0	0.0	nan	nan	0.0	0.0
2	17	65	0.0	0.0	nan	nan	0.0	0.0
2	17	62	0.0	0.0	nan	nan	0.0	0.0
2	17	59	0.0	0.0	nan	nan	0.0	0.0
2	17	56	0.0	0.0	nan	nan	0.0	0.0
2	17	53	0.0	0.0	nan	nan	0.0	0.0
2	17	50	0.0	0.0	nan	nan	0.0	0.0
2	17	47	0.0	0.0	nan	nan	0.0	0.0
2	17	44	0.0	0.0	nan	nan	0.0	0.0
2	17	41	0.0	0.0	nan	nan	0.0	0.0
2	17	38	0.0	0.0	nan	nan	0.0	0.0
2	17	35	0.0	0.0	nan	nan	0.0	0.0
2	17	32	0.0	0.0	nan	nan	0.0	0.0
2	17	29	0.0	0.0	nan	nan	0.0	0.0
2	18	80	1.871	0.341	16.065	0.998	1.0	1.0
2	18	77	1.44	0.507	17.871	1.36	0.806	1.0
2	18	74	1.471	0.624	19.333	2.249	0.516	0.968
2	18	71	0.25	0.622	21.762	2.587	0.065	0.677
2	18	68	0.0	0.0	20.667	1.155	0.0	0.097
2	18	65	0.0	0.0	nan	nan	0.0	0.0
2	18	62	0.0	0.0	nan	nan	0.0	0.0
2	18	59	0.0	0.0	nan	nan	0.0	0.0
2	18	56	0.0	0.0	nan	nan	0.0	0.0
2	18	53	0.0	0.0	nan	nan	0.0	0.0
2	18	50	0.0	0.0	nan	nan	0.0	0.0
2	18	47	0.0	0.0	nan	nan	0.0	0.0
2	18	44	0.0	0.0	nan	nan	0.0	0.0
2	18	41	0.0	0.0	nan	nan	0.0	0.0
2	18	38	0.0	0.0	nan	nan	0.0	0.0
2	18	35	0.0	0.0	nan	nan	0.0	0.0
2	18	32	0.0	0.0	nan	nan	0.0	0.0
2	18	29	0.0	0.0	nan	nan	0.0	0.0
2	19	80	1.968	0.18	16.258	0.999	1.0	1.0
2	19	77	1.652	0.487	18.0	1.693	0.742	1.0
2	19	74	1.1	0.568	19.967	2.025	0.29	0.968
2	19	71	0.4	0.516	22.36	2.196	0.129	0.806
2	19	68	0.0	0.0	22.0	0.0	0.0	0.032
2	19	65	0.0	0.0	nan	nan	0.0	0.0
2	19	62	0.0	0.0	nan	nan	0.0	0.0
2	19	59	0.0	0.0	nan	nan	0.0	0.0
2	19	56	0.0	0.0	nan	nan	0.0	0.0
2	19	53	0.0	0.0	nan	nan	0.0	0.0
2	19	50	0.0	0.0	nan	nan	0.0	0.0
2	19	47	0.0	0.0	nan	nan	0.0	0.0
2	19	44	0.0	0.0	nan	nan	0.0	0.0
2	19	41	0.0	0.0	nan	nan	0.0	0.0
2	19	38	0.0	0.0	nan	nan	0.0	0.0
2	19	35	0.0	0.0	nan	nan	0.0	0.0
2	19	32	0.0	0.0	nan	nan	0.0	0.0
2	19	29	0.0	0.0	nan	nan	0.0	0.0
2	20	80	1.839	0.374	16.548	0.85	1.0	1.0
2	20	77	1.444	0.506	17.484	2.234	0.871	1.0
2	20	74	1.154	0.555	19.933	1.66	0.387	0.968
2	20	71	0.267	0.458	21.4	2.703	0.129	0.645
2	20	68	0.0	0.0	24.0	1.0	0.0	0.161
2	20	65	0.0	0.0	nan	nan	0.0	0.0
2	20	62	0.0	0.0	nan	nan	0.0	0.0
2	20	59	0.0	0.0	nan	nan	0.0	0.0
2	20	56	0.0	0.0	nan	nan	0.0	0.0
2	20	53	0.0	0.0	nan	nan	0.0	0.0
2	20	50	0.0	0.0	nan	nan	0.0	0.0
2	20	47	0.0	0.0	nan	nan	0.0	0.0
2	20	44	0.0	0.0	nan	nan	0.0	0.0
2	20	41	0.0	0.0	nan	nan	0.0	0.0
2	20	38	0.0	0.0	nan	nan	0.0	0.0
2	20	35	0.0	0.0	nan	nan	0.0	0.0
2	20	32	0.0	0.0	nan	nan	0.0	0.0
2	20	29	0.0	0.0	nan	nan	0.0	0.0
2	21	80	1.806	0.402	16.419	0.992	1.0	1.0
2	21	77	1.593	0.501	17.677	1.222	0.871	1.0
2	21	74	1.077	0.641	19.207	1.719	0.355	0.935
2	21	71	0.077	0.277	22.105	2.158	0.032	0.613
2	21	68	0.0	0.0	19.0	0.0	0.0	0.032
2	21	65	0.0	0.0	nan	nan	0.0	0.0
2	21	62	0.0	0.0	nan	nan	0.0	0.0
2	21	59	0.0	0.0	nan	nan	0.0	0.0
2	21	56	0.0	0.0	nan	nan	0.0	0.0
2	21	53	0.0	0.0	nan	nan	0.0	0.0
2	21	50	0.0	0.0	nan	nan	0.0	0.0
2	21	47	0.0	0.0	nan	nan	0.0	0.0
2	21	44	0.0	0.0	nan	nan	0.0	0.0
2	21	41	0.0	0.0	nan	nan	0.0	0.0
2	21	38	0.0	0.0	nan	nan	0.0	0.0
2	21	35	0.0	0.0	nan	nan	0.0	0.0
2	21	32	0.0	0.0	nan	nan	0.0	0.0
2	21	29	0.0	0.0	nan	nan	0.0	0.0
2	22	80	1.806	0.402	16.484	0.811	1.0	1.0
2	22	77	1.5	0.509	17.71	1.575	0.903	1.0
2	22	74	0.938	0.443	19.897	1.97	0.452	0.935
2	22	71	0.077	0.277	23.158	2.968	0.032	0.613
2	22	68	0.037	0.192	23.2	2.168	0.032	0.161
2	22	65	0.0	0.0	nan	nan	0.0	0.0
2	22	62	0.0	0.0	nan	nan	0.0	0.0
2	22	59	0.0	0.0	nan	nan	0.0	0.0
2	22	56	0.0	0.0	nan	nan	0.0	0.0
2	22	53	0.0	0.0	nan	nan	0.0	0.0
2	22	50	0.0	0.0	nan	nan	0.0	0.0
2	22	47	0.0	0.0	nan	nan	0.0	0.0
2	22	44	0.0	0.0	nan	nan	0.0	0.0
2	22	41	0.0	0.0	nan	nan	0.0	0.0
2	22	38	0.0	0.0	nan	nan	0.0	0.0
2	22	35	0.0	0.0	nan	nan	0.0	0.0
2	22	32	0.0	0.0	nan	nan	0.0	0.0
2	22	29	0.0	0.0	nan	nan	0.0	0.0
2	23	80	1.903	0.301	16.194	0.833	1.0	1.0
2	23	77	1.417	0.584	17.8	1.27	0.742	0.968
2	23	74	0.909	0.302	19.967	2.606	0.323	0.968
2	23	71	0.333	0.5	22.0	2.327	0.097	0.806
2	23	68	0.0	0.0	23.5	2.739	0.0	0.194
2	23	65	0.0	0.0	nan	nan	0.0	0.0
2	23	62	0.0	0.0	nan	nan	0.0	0.0
2	23	59	0.0	0.0	nan	nan	0.0	0.0
2	23	56	0.0	0.0	nan	nan	0.0	0.0
2	23	53	0.0	0.0	nan	nan	0.0	0.0
2	23	50	0.0	0.0	nan	nan	0.0	0.0
2	23	47	0.0	0.0	nan	nan	0.0	0.0
2	23	44	0.0	0.0	nan	nan	0.0	0.0
2	23	41	0.0	0.0	nan	nan	0.0	0.0
2	23	38	0.0	0.0	nan	nan	0.0	0.0
2	23	35	0.0	0.0	nan	nan	0.0	0.0
2	23	32	0.0	0.0	nan	nan	0.0	0.0
2	23	29	0.0	0.0	nan	nan	0.0	0.0
2	24	80	1.8	0.407	16.613	1.82	0.968	1.0
2	24	77	1.455	0.51	18.194	1.957	0.71	1.0
2	24	74	1.211	0.535	19.067	2.033	0.581	0.968
2	24	71	0.273	0.467	22.348	1.799	0.097	0.742
2	24	68	0.0	0.0	22.4	2.702	0.0	0.161
2	24	65	0.0	0.0	nan	nan	0.0	0.0
2	24	62	0.0	0.0	nan	nan	0.0	0.0
2	24	59	0.0	0.0	nan	nan	0.0	0.0
2	24	56	0.0	0.0	nan	nan	0.0	0.0
2	24	53	0.0	0.0	nan	nan	0.0	0.0
2	24	50	0.0	0.0	nan	nan	0.0	0.0
2	24	47	0.0	0.0	nan	nan	0.0	0.0
2	24	44	0.0	0.0	nan	nan	0.0	0.0
2	24	41	0.0	0.0	nan	nan	0.0	0.0
2	24	38	0.0	0.0	nan	nan	0.0	0.0
2	24	35	0.0	0.0	nan	nan	0.0	0.0
2	24	32	0.0	0.0	nan	nan	0.0	0.0
2	24	29	0.0	0.0	nan	nan	0.0	0.0
2	25	80	1.71	0.461	16.774	1.309	1.0	1.0
2	25	77	1.462	0.508	17.871	1.688	0.839	1.0
2	25	74	1.125	0.354	19.774	1.521	0.258	1.0
2	25	71	0.308	0.48	21.955	3.062	0.129	0.71
2	25	68	0.0	0.0	23.0	0.0	0.0	0.032
2	25	65	0.0	0.0	24.0	0.0	0.0	0.032
2	25	62	0.0	0.0	nan	nan	0.0	0.0
2	25	59	0.0	0.0	nan	nan	0.0	0.0
2	25	56	0.0	0.0	nan	nan	0.0	0.0
2	25	53	0.0	0.0	nan	nan	0.0	0.0
2	25	50	0.0	0.0	nan	nan	0.0	0.0
2	25	47	0.0	0.0	nan	nan	0.0	0.0
2	25	44	0.0	0.0	nan	nan	0.0	0.0
2	25	41	0.0	0.0	nan	nan	0.0	0.0
2	25	38	0.0	0.0	nan	nan	0.0	0.0
2	25	35	0.0	0.0	nan	nan	0.0	0.0
2	25	32	0.0	0.0	nan	nan	0.0	0.0
2	25	29	0.0	0.0	nan	nan	0.0	0.0
2	26	80	1.742	0.514	16.129	1.056	1.0	1.0
2	26	77	1.481	0.509	17.871	1.204	0.871	1.0
2	26	74	1.071	0.267	19.806	2.469	0.452	1.0
2	26	71	0.158	0.375	21.467	2.696	0.097	0.484
2	26	68	0.0	0.0	23.75	1.893	0.0	0.129
2	26	65	0.0	0.0	nan	nan	0.0	0.0
2	26	62	0.0	0.0	nan	nan	0.0	0.0
2	26	59	0.0	0.0	nan	nan	0.0	0.0
2	26	56	0.0	0.0	nan	nan	0.0	0.0
2	26	53	0.0	0.0	nan	nan	0.0	0.0
2	26	50	0.0	0.0	nan	nan	0.0	0.0
2	26	47	0.0	0.0	nan	nan	0.0	0.0
2	26	44	0.0	0.0	nan	nan	0.0	0.0
2	26	41	0.0	0.0	nan	nan	0.0	0.0
2	26	38	0.0	0.0	nan	nan	0.0	0.0
2	26	35	0.0	0.0	nan	nan	0.0	0.0
2	26	32	0.0	0.0	nan	nan	0.0	0.0
2	26	29	0.0	0.0	nan	nan	0.0	0.0
2	27	80	1.733	0.45	16.968	1.663	0.968	1.0
2	27	77	1.462	0.508	17.968	1.958	0.839	1.0
2	27	74	1.0	0.667	19.759	2.116	0.258	0.935
2	27	71	0.1	0.308	22.154	1.519	0.065	0.419
2	27	68	0.0	0.0	23.0	4.243	0.0	0.065
2	27	65	0.0	0.0	nan	nan	0.0	0.0
2	27	62	0.0	0.0	nan	nan	0.0	0.0
2	27	59	0.0	0.0	nan	nan	0.0	0.0
2	27	56	0.0	0.0	nan	nan	0.0	0.0
2	27	53	0.0	0.0	nan	nan	0.0	0.0
2	27	50	0.0	0.0	nan	nan	0.0	0.0
2	27	47	0.0	0.0	nan	nan	0.0	0.0
2	27	44	0.0	0.0	nan	nan	0.0	0.0
2	27	41	0.0	0.0	nan	nan	0.0	0.0
2	27	38	0.0	0.0	nan	nan	0.0	0.0
2	27	35	0.0	0.0	nan	nan	0.0	0.0
2	27	32	0.0	0.0	nan	nan	0.0	0.0
2	27	29	0.0	0.0	nan	nan	0.0	0.0
2	28	80	1.742	0.445	16.452	0.888	1.0	1.0
2	28	77	1.37	0.492	17.677	1.641	0.871	1.0
2	28	74	0.933	0.458	19.793	2.336	0.419	0.935
2	28	71	0.111	0.333	22.087	2.695	0.032	0.742
2	28	68	0.0	0.0	21.6	1.517	0.0	0.161
2	28	65	0.0	0.0	nan	nan	0.0	0.0
2	28	62	0.0	0.0	nan	nan	0.0	0.0
2	28	59	0.0	0.0	nan	nan	0.0	0.0
2	28	56	0.0	0.0	nan	nan	0.0	0.0
2	28	53	0.0	0.0	nan	nan	0.0	0.0
2	28	50	0.0	0.0	nan	nan	0.0	0.0
2	28	47	0.0	0.0	nan	nan	0.0	0.0
2	28	44	0.0	0.0	nan	nan	0.0	0.0
2	28	41	0.0	0.0	nan	nan	0.0	0.0
2	28	38	0.0	0.0	nan	nan	0.0	0.0
2	28	35	0.0	0.0	nan	nan	0.0	0.0
2	28	32	0.0	0.0	nan	nan	0.0	0.0
2	28	29	0.0	0.0	nan	nan	0.0	0.0
2	29	80	1.733	0.45	16.871	2.029	0.968	1.0
2	29	77	1.2	0.523	18.267	1.112	0.613	0.968
2	29	74	1.154	0.376	19.548	1.997	0.419	1.0
2	29	71	0.125	0.354	22.375	2.183	0.032	0.774
2	29	68	0.0	0.0	23.6	2.408	0.0	0.161
2	29	65	0.0	0.0	nan	nan	0.0	0.0
2	29	62	0.0	0.0	nan	nan	0.0	0.0
2	29	59	0.0	0.0	nan	nan	0.0	0.0
2	29	56	0.0	0.0	nan	nan	0.0	0.0
2	29	53	0.0	0.0	nan	nan	0.0	0.0
2	29	50	0.0	0.0	nan	nan	0.0	0.0
2	29	47	0.0	0.0	nan	nan	0.0	0.0
2	29	44	0.0	0.0	nan	nan	0.0	0.0
2	29	41	0.0	0.0	nan	nan	0.0	0.0
2	29	38	0.0	0.0	nan	nan	0.0	0.0
2	29	35	0.0	0.0	nan	nan	0.0	0.0
2	29	32	0.0	0.0	nan	nan	0.0	0.0
2	29	29	0.0	0.0	nan	nan	0.0	0.0
2	30	80	1.774	0.425	16.839	1.003	1.0	1.0
2	30	77	1.478	0.511	17.839	1.675	0.742	1.0
2	30	74	1.083	0.289	20.419	2.68	0.387	1.0
2	30	71	0.182	0.405	21.364	1.916	0.065	0.71
2	30	68	0.0	0.0	24.667	2.082	0.0	0.097
2	30	65	0.0	0.0	nan	nan	0.0	0.0
2	30	62	0.0	0.0	nan	nan	0.0	0.0
2	30	59	0.0	0.0	nan	nan	0.0	0.0
2	30	56	0.0	0.0	nan	nan	0.0	0.0
2	30	53	0.0	0.0	nan	nan	0.0	0.0
2	30	50	0.0	0.0	nan	nan	0.0	0.0
2	30	47	0.0	0.0	nan	nan	0.0	0.0
2	30	44	0.0	0.0	nan	nan	0.0	0.0
2	30	41	0.0	0.0	nan	nan	0.0	0.0
2	30	38	0.0	0.0	nan	nan	0.0	0.0
2	30	35	0.0	0.0	nan	nan	0.0	0.0
2	30	32	0.0	0.0	nan	nan	0.0	0.0
2	30	29	0.0	0.0	nan	nan	0.0	0.0
2	31	80	1.767	0.43	16.258	0.965	0.968	1.0
2	31	77	1.4	0.577	17.9	1.583	0.774	0.968
2	31	74	1.167	0.389	20.161	2.296	0.387	1.0
2	31	71	0.308	0.48	22.364	2.237	0.129	0.71
2	31	68	0.0	0.0	24.5	0.707	0.0	0.065
2	31	65	0.0	0.0	nan	nan	0.0	0.0
2	31	62	0.0	0.0	nan	nan	0.0	0.0
2	31	59	0.0	0.0	nan	nan	0.0	0.0
2	31	56	0.0	0.0	nan	nan	0.0	0.0
2	31	53	0.0	0.0	nan	nan	0.0	0.0
2	31	50	0.0	0.0	nan	nan	0.0	0.0
2	31	47	0.0	0.0	nan	nan	0.0	0.0
2	31	44	0.0	0.0	nan	nan	0.0	0.0
2	31	41	0.0	0.0	nan	nan	0.0	0.0
2	31	38	0.0	0.0	nan	nan	0.0	0.0
2	31	35	0.0	0.0	nan	nan	0.0	0.0
2	31	32	0.0	0.0	nan	nan	0.0	0.0
2	31	29	0.0	0.0	nan	nan	0.0	0.0
3	0	80	2.968	0.18	15.968	0.657	1.0	1.0
3	0	77	3.0	0.0	16.677	0.791	1.0	1.0
3	0	74	2.645	0.551	17.806	0.792	1.0	1.0
3	0	71	1.871	0.763	19.258	1.692	1.0	1.0
3	0	68	1.29	0.461	21.677	1.922	1.0	1.0
3	0	65	1.034	0.186	25.581	3.931	0.935	1.0
3	0	62	0.267	0.45	26.889	3.018	0.258	0.29
3	0	59	0.0	0.0	nan	nan	0.0	0.0
3	0	56	0.0	0.0	nan	nan	0.0	0.0
3	0	53	0.0	0.0	nan	nan	0.0	0.0
3	0	50	0.0	0.0	nan	nan	0.0	0.0
3	0	47	0.0	0.0	nan	nan	0.0	0.0
3	0	44	0.0	0.0	nan	nan	0.0	0.0
3	0	41	0.0	0.0	nan	nan	0.0	0.0
3	0	38	0.0	0.0	nan	nan	0.0	0.0
3	0	35	0.0	0.0	nan	nan	0.0	0.0
3	0	32	0.0	0.0	nan	nan	0.0	0.0
3	0	29	0.0	0.0	nan	nan	0.0	0.0
3	1	80	1.767	0.43	16.548	1.06	0.968	1.0
3	1	77	1.348	0.487	17.871	1.118	0.742	1.0
3	1	74	0.889	0.333	19.533	1.525	0.258	0.968
3	1	71	0.0	0.0	22.0	2.129	0.0	0.516
3	1	68	0.033	0.183	19.0	2.828	0.032	0.065
3	1	65	0.0	0.0	nan	nan	0.0	0.0
3	1	62	0.0	0.0	nan	nan	0.0	0.0
3	1	59	0.0	0.0	nan	nan	0.0	0.0
3	1	56	0.0	0.0	nan	nan	0.0	0.0
3	1	53	0.0	0.0	nan	nan	0.0	0.0
3	1	50	0.0	0.0	nan	nan	0.0	0.0
3	1	47	0.0	0.0	nan	nan	0.0	0.0
3	1	44	0.0	0.0	nan	nan	0.0	0.0
3	1	41	0.0	0.0	nan	nan	0.0	0.0
3	1	38	0.0	0.0	nan	nan	0.0	0.0
3	1	35	0.0	0.0	nan	nan	0.0	0.0
3	1	32	0.0	0.0	nan	nan	0.0	0.0
3	1	29	0.0	0.0	nan	nan	0.0	0.0
3	2	80	1.633	0.49	16.452	1.312	0.968	1.0
3	2	77	1.261	0.449	17.935	1.315	0.742	1.0
3	2	74	1.154	0.689	19.862	2.46	0.355	0.935
3	2	71	0.333	0.492	21.435	2.313	0.129	0.742
3	2	68	0.033	0.183	21.0	4.243	0.032	0.065
3	2	65	0.0	0.0	23.0	0.0	0.0	0.032
3	2	62	0.0	0.0	nan	nan	0.0	0.0
3	2	59	0.0	0.0	nan	nan	0.0	0.0
3	2	56	0.0	0.0	nan	nan	0.0	0.0
3	2	53	0.0	0.0	nan	nan	0.0	0.0
3	2	50	0.0	0.0	nan	nan	0.0	0.0
3	2	47	0.0	0.0	nan	nan	0.0	0.0
3	2	44	0.0	0.0	nan	nan	0.0	0.0
3	2	41	0.0	0.0	nan	nan	0.0	0.0
3	2	38	0.0	0.0	nan	nan	0.0	0.0
3	2	35	0.0	0.0	nan	nan	0.0	0.0
3	2	32	0.0	0.0	nan	nan	0.0	0.0
3	2	29	0.0	0.0	nan	nan	0.0	0.0
3	3	80	1.655	0.484	17.0	1.592	0.935	1.0
3	3	77	1.476	0.512	18.29	1.97	0.677	1.0
3	3	74	0.882	0.485	19.536	2.502	0.452	0.903
3	3	71	0.1	0.316	22.045	2.126	0.032	0.71
3	3	68	0.0	0.0	24.0	0.0	0.0	0.032
3	3	65	0.0	0.0	nan	nan	0.0	0.0
3	3	62	0.0	0.0	nan	nan	0.0	0.0
3	3	59	0.0	0.0	nan	nan	0.0	0.0
3	3	56	0.0	0.0	nan	nan	0.0	0.0
3	3	53	0.0	0.0	nan	nan	0.0	0.0
3	3	50	0.0	0.0	nan	nan	0.0	0.0
3	3	47	0.0	0.0	nan	nan	0.0	0.0
3	3	44	0.0	0.0	nan	nan	0.0	0.0
3	3	41	0.0	0.0	nan	nan	0.0	0.0
3	3	38	0.0	0.0	nan	nan	0.0	0.0
3	3	35	0.0	0.0	nan	nan	0.0	0.0
3	3	32	0.0	0.0	nan	nan	0.0	0.0
3	3	29	0.0	0.0	nan	nan	0.0	0.0
3	4	80	1.581	0.502	16.581	1.025	1.0	1.0
3	4	77	1.409	0.503	18.032	1.278	0.71	1.0
3	4	74	0.667	0.5	20.357	1.87	0.194	0.903
3	4	71	0.1	0.308	23.0	3.606	0.065	0.419
3	4	68	0.0	0.0	nan	nan	0.0	0.0
3	4	65	0.0	0.0	nan	nan	0.0	0.0
3	4	62	0.0	0.0	nan	nan	0.0	0.0
3	4	59	0.0	0.0	nan	nan	0.0	0.0
3	4	56	0.0	0.0	nan	nan	0.0	0.0
3	4	53	0.0	0.0	nan	nan	0.0	0.0
3	4	50	0.0	0.0	nan	nan	0.0	0.0
3	4	47	0.0	0.0	nan	nan	0.0	0.0
3	4	44	0.0	0.0	nan	nan	0.0	0.0
3	4	41	0.0	0.0	nan	nan	0.0	0.0
3	4	38	0.0	0.0	nan	nan	0.0	0.0
3	4	35	0.0	0.0	nan	nan	0.0	0.0
3	4	32	0.0	0.0	nan	nan	0.0	0.0
3	4	29	0.0	0.0	nan	nan	0.0	0.0
3	5	80	1.793	0.412	16.613	1.022	0.935	1.0
3	5	77	1.318	0.477	18.226	1.175	0.71	1.0
3	5	74	1.0	0.447	19.967	1.752	0.323	0.968
3	5	71	0.0	0.0	23.143	1.562	0.0	0.452
3	5	68	0.0	0.0	25.333	2.517	0.0	0.097
3	5	65	0.0	0.0	nan	nan	0.0	0.0
3	5	62	0.0	0.0	nan	nan	0.0	0.0
3	5	59	0.0	0.0	nan	nan	0.0	0.0
3	5	56	0.0	0.0	nan	nan	0.0	0.0
3	5	53	0.0	0.0	nan	nan	0.0	0.0
3	5	50	0.0	0.0	nan	nan	0.0	0.0
3	5	47	0.0	0.0	nan	nan	0.0	0.0
3	5	44	0.0	0.0	nan	nan	0.0	0.0
3	5	41	0.0	0.0	nan	nan	0.0	0.0
3	5	38	0.0	0.0	nan	nan	0.0	0.0
3	5	35	0.0	0.0	nan	nan	0.0	0.0
3	5	32	0.0	0.0	nan	nan	0.0	0.0
3	5	29	0.0	0.0	nan	nan	0.0	0.0
3	6	80	1.759	0.435	16.613	1.174	0.935	1.0
3	6	77	1.44	0.507	17.903	1.66	0.806	1.0
3	6	74	1.091	0.701	20.379	2.128	0.29	0.935
3	6	71	0.0	0.0	22.231	2.242	0.0	0.419
3	6	68	0.0	0.0	23.0	0.0	0.0	0.032
3	6	65	0.129	0.499	nan	nan	0.065	0.0
3	6	62	0.0	0.0	nan	nan	0.0	0.0
3	6	59	0.0	0.0	nan	nan	0.0	0.0
3	6	56	0.0	0.0	nan	nan	0.0	0.0
3	6	53	0.0	0.0	nan	nan	0.0	0.0
3	6	50	0.0	0.0	nan	nan	0.0	0.0
3	6	47	0.0	0.0	nan	nan	0.0	0.0
3	6	44	0.0	0.0	nan	nan	0.0	0.0
3	6	41	0.0	0.0	nan	nan	0.0	0.0
3	6	38	0.0	0.0	nan	nan	0.0	0.0
3	6	35	0.0	0.0	nan	nan	0.0	0.0
3	6	32	0.0	0.0	nan	nan	0.0	0.0
3	6	29	0.0	0.0	nan	nan	0.0	0.0
3	7	80	1.621	0.494	16.452	1.434	0.935	1.0
3	7	77	1.348	0.487	17.935	1.611	0.742	1.0
3	7	74	1.091	0.701	20.0	1.964	0.29	0.935
3	7	71	0.062	0.25	22.0	2.098	0.032	0.516
3	7	68	0.0	0.0	nan	nan	0.0	0.0
3	7	65	0.0	0.0	nan	nan	0.0	0.0
3	7	62	0.0	0.0	nan	nan	0.0	0.0
3	7	59	0.0	0.0	nan	nan	0.0	0.0
3	7	56	0.0	0.0	nan	nan	0.0	0.0
3	7	53	0.0	0.0	nan	nan	0.0	0.0
3	7	50	0.0	0.0	nan	nan	0.0	0.0
3	7	47	0.0	0.0	nan	nan	0.0	0.0
3	7	44	0.0	0.0	nan	nan	0.0	0.0
3	7	41	0.0	0.0	nan	nan	0.0	0.0
3	7	38	0.0	0.0	nan	nan	0.0	0.0
3	7	35	0.0	0.0	nan	nan	0.0	0.0
3	7	32	0.0	0.0	nan	nan	0.0	0.0
3	7	29	0.0	0.0	nan	nan	0.0	0.0
3	8	80	1.833	0.379	16.452	1.609	0.968	1.0
3	8	77	1.526	0.513	18.065	2.016	0.613	1.0
3	8	74	0.6	0.516	20.296	1.996	0.194	0.871
3	8	71	0.167	0.389	21.952	2.355	0.065	0.677
3	8	68	0.033	0.183	25.0	0.0	0.032	0.032
3	8	65	0.0	0.0	nan	nan	0.0	0.0
3	8	62	0.0	0.0	nan	nan	0.0	0.0
3	8	59	0.0	0.0	nan	nan	0.0	0.0
3	8	56	0.0	0.0	nan	nan	0.0	0.0
3	8	53	0.0	0.0	nan	nan	0.0	0.0
3	8	50	0.0	0.0	nan	nan	0.0	0.0
3	8	47	0.0	0.0	nan	nan	0.0	0.0
3	8	44	0.0	0.0	nan	nan	0.0	0.0
3	8	41	0.0	0.0	nan	nan	0.0	0.0
3	8	38	0.0	0.0	nan	nan	0.0	0.0
3	8	35	0.0	0.0	nan	nan	0.0	0.0
3	8	32	0.0	0.0	nan	nan	0.0	0.0
3	8	29	0.0	0.0	nan	nan	0.0	0.0
3	9	80	1.667	0.479	16.871	1.455	0.968	1.0
3	9	77	1.375	0.576	17.867	1.57	0.742	0.968
3	9	74	1.0	0.447	19.433	1.813	0.323	0.968
3	9	71	0.059	0.243	22.067	2.463	0.032	0.484
3	9	68	0.0	0.0	20.0	0.0	0.0	0.032
3	9	65	0.0	0.0	nan	nan	0.0	0.0
3	9	62	0.0	0.0	nan	nan	0.0	0.0
3	9	59	0.0	0.0	nan	nan	0.0	0.0
3	9	56	0.0	0.0	nan	nan	0.0	0.0
3	9	53	0.0	0.0	nan	nan	0.0	0.0
3	9	50	0.0	0.0	nan	nan	0.0	0.0
3	9	47	0.0	0.0	nan	nan	0.0	0.0
3	9	44	0.0	0.0	nan	nan	0.0	0.0
3	9	41	0.0	0.0	nan	nan	0.0	0.0
3	9	38	0.0	0.0	nan	nan	0.0	0.0
3	9	35	0.0	0.0	nan	nan	0.0	0.0
3	9	32	0.0	0.0	nan	nan	0.0	0.0
3	9	29	0.0	0.0	nan	nan	0.0	0.0
3	10	80	1.833	1.44	16.774	1.087	0.968	1.0
3	10	77	1.35	0.489	18.161	1.828	0.645	1.0
3	10	74	0.8	0.422	19.966	1.546	0.258	0.935
3	10	71	0.188	0.403	22.222	3.098	0.097	0.581
3	10	68	0.0	0.0	23.0	1.414	0.0	0.065
3	10	65	0.0	0.0	nan	nan	0.0	0.0
3	10	62	0.0	0.0	nan	nan	0.0	0.0
3	10	59	0.0	0.0	nan	nan	0.0	0.0
3	10	56	0.0	0.0	nan	nan	0.0	0.0
3	10	53	0.0	0.0	nan	nan	0.0	0.0
3	10	50	0.0	0.0	nan	nan	0.0	0.0
3	10	47	0.0	0.0	nan	nan	0.0	0.0
3	10	44	0.0	0.0	nan	nan	0.0	0.0
3	10	41	0.0	0.0	nan	nan	0.0	0.0
3	10	38	0.0	0.0	nan	nan	0.0	0.0
3	10	35	0.0	0.0	nan	nan	0.0	0.0
3	10	32	0.0	0.0	nan	nan	0.0	0.0
3	10	29	0.0	0.0	nan	nan	0.0	0.0
3	11	80	1.821	0.39	16.677	1.107	0.903	1.0
3	11	77	1.25	0.444	18.194	1.579	0.645	1.0
3	11	74	0.692	0.48	20.852	2.316	0.29	0.871
3	11	71	0.176	0.393	21.882	2.713	0.097	0.548
3	11	68	0.0	0.0	nan	nan	0.0	0.0
3	11	65	0.0	0.0	nan	nan	0.0	0.0
3	11	62	0.0	0.0	nan	nan	0.0	0.0
3	11	59	0.0	0.0	nan	nan	0.0	0.0
3	11	56	0.0	0.0	nan	nan	0.0	0.0
3	11	53	0.0	0.0	nan	nan	0.0	0.0
3	11	50	0.0	0.0	nan	nan	0.0	0.0
3	11	47	0.0	0.0	nan	nan	0.0	0.0
3	11	44	0.0	0.0	nan	nan	0.0	0.0
3	11	41	0.0	0.0	nan	nan	0.0	0.0
3	11	38	0.0	0.0	nan	nan	0.0	0.0
3	11	35	0.0	0.0	nan	nan	0.0	0.0
3	11	32	0.0	0.0	nan	nan	0.0	0.0
3	11	29	0.0	0.0	nan	nan	0.0	0.0
3	12	80	1.517	0.509	16.903	1.136	0.935	1.0
3	12	77	1.261	0.449	18.0	1.949	0.742	1.0
3	12	74	0.917	0.669	19.571	2.098	0.29	0.903
3	12	71	0.176	0.393	21.647	2.827	0.097	0.548
3	12	68	0.0	0.0	23.0	3.367	0.0	0.129
3	12	65	0.0	0.0	nan	nan	0.0	0.0
3	12	62	0.0	0.0	nan	nan	0.0	0.0
3	12	59	0.0	0.0	nan	nan	0.0	0.0
3	12	56	0.0	0.0	nan	nan	0.0	0.0
3	12	53	0.0	0.0	nan	nan	0.0	0.0
3	12	50	0.0	0.0	nan	nan	0.0	0.0
3	12	47	0.0	0.0	nan	nan	0.0	0.0
3	12	44	0.0	0.0	nan	nan	0.0	0.0
3	12	41	0.0	0.0	nan	nan	0.0	0.0
3	12	38	0.0	0.0	nan	nan	0.0	0.0
3	12	35	0.0	0.0	nan	nan	0.0	0.0
3	12	32	0.0	0.0	nan	nan	0.0	0.0
3	12	29	0.0	0.0	nan	nan	0.0	0.0
3	13	80	1.586	0.501	16.903	1.578	0.935	1.0
3	13	77	1.318	0.477	17.903	1.7	0.71	1.0
3	13	74	0.714	0.488	20.138	1.885	0.161	0.935
3	13	71	0.111	0.323	21.6	2.197	0.065	0.484
3	13	68	0.033	0.183	24.5	0.707	0.032	0.065
3	13	65	0.0	0.0	nan	nan	0.0	0.0
3	13	62	0.0	0.0	nan	nan	0.0	0.0
3	13	59	0.0	0.0	nan	nan	0.0	0.0
3	13	56	0.0	0.0	nan	nan	0.0	0.0
3	13	53	0.0	0.0	nan	nan	0.0	0.0
3	13	50	0.0	0.0	nan	nan	0.0	0.0
3	13	47	0.0	0.0	nan	nan	0.0	0.0
3	13	44	0.0	0.0	nan	nan	0.0	0.0
3	13	41	0.0	0.0	nan	nan	0.0	0.0
3	13	38	0.0	0.0	nan	nan	0.0	0.0
3	13	35	0.0	0.0	nan	nan	0.0	0.0
3	13	32	0.0	0.0	nan	nan	0.0	0.0
3	13	29	0.0	0.0	nan	nan	0.0	0.0
3	14	80	1.5	0.509	17.452	1.67	0.903	1.0
3	14	77	1.3	0.47	18.097	1.248	0.645	1.0
3	14	74	0.923	0.641	19.821	2.178	0.323	0.903
3	14	71	0.167	0.514	21.667	2.257	0.065	0.484
3	14	68	0.0	0.0	nan	nan	0.0	0.0
3	14	65	0.0	0.0	nan	nan	0.0	0.0
3	14	62	0.0	0.0	nan	nan	0.0	0.0
3	14	59	0.0	0.0	nan	nan	0.0	0.0
3	14	56	0.0	0.0	nan	nan	0.0	0.0
3	14	53	0.0	0.0	nan	nan	0.0	0.0
3	14	50	0.0	0.0	nan	nan	0.0	0.0
3	14	47	0.0	0.0	nan	nan	0.0	0.0
3	14	44	0.0	0.0	nan	nan	0.0	0.0
3	14	41	0.0	0.0	nan	nan	0.0	0.0
3	14	38	0.0	0.0	nan	nan	0.0	0.0
3	14	35	0.0	0.0	nan	nan	0.0	0.0
3	14	32	0.0	0.0	nan	nan	0.0	0.0
3	14	29	0.0	0.0	nan	nan	0.0	0.0
3	15	80	1.533	0.507	16.903	0.87	0.968	1.0
3	15	77	1.474	0.513	18.387	1.856	0.613	1.0
3	15	74	0.8	0.632	21.036	2.487	0.226	0.903
3	15	71	0.0	0.0	22.357	1.737	0.0	0.452
3	15	68	0.0	0.0	nan	nan	0.0	0.0
3	15	65	0.0	0.0	nan	nan	0.0	0.0
3	15	62	0.0	0.0	nan	nan	0.0	0.0
3	15	59	0.0	0.0	nan	nan	0.0	0.0
3	15	56	0.0	0.0	nan	nan	0.0	0.0
3	15	53	0.0	0.0	nan	nan	0.0	0.0
3	15	50	0.0	0.0	nan	nan	0.0	0.0
3	15	47	0.0	0.0	nan	nan	0.0	0.0
3	15	44	0.0	0.0	nan	nan	0.0	0.0
3	15	41	0.0	0.0	nan	nan	0.0	0.0
3	15	38	0.0	0.0	nan	nan	0.0	0.0
3	15	35	0.0	0.0	nan	nan	0.0	0.0
3	15	32	0.0	0.0	nan	nan	0.0	0.0
3	15	29	0.0	0.0	nan	nan	0.0	0.0
3	16	80	1.581	0.502	16.677	1.249	1.0	1.0
3	16	77	1.238	0.539	17.767	1.455	0.645	0.968
3	16	74	0.75	0.622	19.556	1.826	0.258	0.871
3	16	71	0.25	0.577	21.722	2.608	0.097	0.581
3	16	68	0.0	0.0	25.5	2.121	0.0	0.065
3	16	65	0.0	0.0	nan	nan	0.0	0.0
3	16	62	0.0	0.0	nan	nan	0.0	0.0
3	16	59	0.0	0.0	nan	nan	0.0	0.0
3	16	56	0.0	0.0	nan	nan	0.0	0.0
3	16	53	0.0	0.0	nan	nan	0.0	0.0
3	16	50	0.0	0.0	nan	nan	0.0	0.0
3	16	47	0.0	0.0	nan	nan	0.0	0.0
3	16	44	0.0	0.0	nan	nan	0.0	0.0
3	16	41	0.0	0.0	nan	nan	0.0	0.0
3	16	38	0.0	0.0	nan	nan	0.0	0.0
3	16	35	0.0	0.0	nan	nan	0.0	0.0
3	16	32	0.0	0.0	nan	nan	0.0	0.0
3	16	29	0.0	0.0	nan	nan	0.0	0.0
3	17	80	1.621	0.494	16.968	1.224	0.935	1.0
3	17	77	1.348	0.487	18.129	1.024	0.742	1.0
3	17	74	1.0	0.632	19.793	2.226	0.29	0.935
3	17	71	0.056	0.236	21.357	2.951	0.032	0.452
3	17	68	0.0	0.0	24.0	0.0	0.0	0.032
3	17	65	0.0	0.0	nan	nan	0.0	0.0
3	17	62	0.0	0.0	nan	nan	0.0	0.0
3	17	59	0.0	0.0	nan	nan	0.0	0.0
3	17	56	0.0	0.0	nan	nan	0.0	0.0
3	17	53	0.0	0.0	nan	nan	0.0	0.0
3	17	50	0.0	0.0	nan	nan	0.0	0.0
3	17	47	0.0	0.0	nan	nan	0.0	0.0
3	17	44	0.0	0.0	nan	nan	0.0	0.0
3	17	41	0.0	0.0	nan	nan	0.0	0.0
3	17	38	0.0	0.0	nan	nan	0.0	0.0
3	17	35	0.0	0.0	nan	nan	0.0	0.0
3	17	32	0.0	0.0	nan	nan	0.0	0.0
3	17	29	0.0	0.0	nan	nan	0.0	0.0
3	18	80	1.679	0.476	16.903	1.012	0.903	1.0
3	18	77	1.087	0.417	18.2	1.54	0.71	0.968
3	18	74	1.111	0.333	20.548	2.111	0.29	1.0
3	18	71	0.083	0.282	22.222	2.438	0.065	0.29
3	18	68	0.0	0.0	nan	nan	0.0	0.0
3	18	65	0.0	0.0	nan	nan	0.0	0.0
3	18	62	0.0	0.0	nan	nan	0.0	0.0
3	18	59	0.0	0.0	nan	nan	0.0	0.0
3	18	56	0.0	0.0	nan	nan	0.0	0.0
3	18	53	0.0	0.0	nan	nan	0.0	0.0
3	18	50	0.0	0.0	nan	nan	0.0	0.0
3	18	47	0.0	0.0	nan	nan	0.0	0.0
3	18	44	0.0	0.0	nan	nan	0.0	0.0
3	18	41	0.0	0.0	nan	nan	0.0	0.0
3	18	38	0.0	0.0	nan	nan	0.0	0.0
3	18	35	0.0	0.0	nan	nan	0.0	0.0
3	18	32	0.0	0.0	nan	nan	0.0	0.0
3	18	29	0.0	0.0	nan	nan	0.0	0.0
3	19	80	1.516	0.508	16.903	0.87	1.0	1.0
3	19	77	1.174	0.388	18.323	1.275	0.742	1.0
3	19	74	0.333	0.577	21.0	1.909	0.032	0.935
3	19	71	0.053	0.229	21.846	3.132	0.032	0.419
3	19	68	0.0	0.0	nan	nan	0.0	0.0
3	19	65	0.0	0.0	nan	nan	0.0	0.0
3	19	62	0.0	0.0	nan	nan	0.0	0.0
3	19	59	0.0	0.0	nan	nan	0.0	0.0
3	19	56	0.0	0.0	nan	nan	0.0	0.0
3	19	53	0.0	0.0	nan	nan	0.0	0.0
3	19	50	0.0	0.0	nan	nan	0.0	0.0
3	19	47	0.0	0.0	nan	nan	0.0	0.0
3	19	44	0.0	0.0	nan	nan	0.0	0.0
3	19	41	0.0	0.0	nan	nan	0.0	0.0
3	19	38	0.0	0.0	nan	nan	0.0	0.0
3	19	35	0.0	0.0	nan	nan	0.0	0.0
3	19	32	0.0	0.0	nan	nan	0.0	0.0
3	19	29	0.0	0.0	nan	nan	0.0	0.0
3	20	80	1.516	0.508	17.0	0.775	1.0	1.0
3	20	77	1.381	0.59	18.226	1.543	0.677	1.0
3	20	74	0.8	0.422	20.103	2.041	0.258	0.935
3	20	71	0.045	0.213	21.5	1.958	0.032	0.323
3	20	68	0.0	0.0	24.0	0.0	0.0	0.032
3	20	65	0.0	0.0	nan	nan	0.0	0.0
3	20	62	0.0	0.0	nan	nan	0.0	0.0
3	20	59	0.0	0.0	nan	nan	0.0	0.0
3	20	56	0.0	0.0	nan	nan	0.0	0.0
3	20	53	0.0	0.0	nan	nan	0.0	0.0
3	20	50	0.0	0.0	nan	nan	0.0	0.0
3	20	47	0.0	0.0	nan	nan	0.0	0.0
3	20	44	0.0	0.0	nan	nan	0.0	0.0
3	20	41	0.0	0.0	nan	nan	0.0	0.0
3	20	38	0.0	0.0	nan	nan	0.0	0.0
3	20	35	0.0	0.0	nan	nan	0.0	0.0
3	20	32	0.0	0.0	nan	nan	0.0	0.0
3	20	29	0.0	0.0	nan	nan	0.0	0.0
3	21	80	1.467	0.507	16.613	0.989	0.968	1.0
3	21	77	1.25	0.55	18.467	1.383	0.613	0.968
3	21	74	0.385	0.506	20.217	2.522	0.161	0.742
3	21	71	0.1	0.316	21.273	1.804	0.032	0.71
3	21	68	0.0	0.0	24.0	0.0	0.0	0.032
3	21	65	0.0	0.0	nan	nan	0.0	0.0
3	21	62	0.0	0.0	nan	nan	0.0	0.0
3	21	59	0.0	0.0	nan	nan	0.0	0.0
3	21	56	0.0	0.0	nan	nan	0.0	0.0
3	21	53	0.0	0.0	nan	nan	0.0	0.0
3	21	50	0.0	0.0	nan	nan	0.0	0.0
3	21	47	0.0	0.0	nan	nan	0.0	0.0
3	21	44	0.0	0.0	nan	nan	0.0	0.0
3	21	41	0.0	0.0	nan	nan	0.0	0.0
3	21	38	0.0	0.0	nan	nan	0.0	0.0
3	21	35	0.0	0.0	nan	nan	0.0	0.0
3	21	32	0.0	0.0	nan	nan	0.0	0.0
3	21	29	0.0	0.0	nan	nan	0.0	0.0
3	22	80	1.548	0.506	17.0	0.856	1.0	1.0
3	22	77	1.143	0.359	18.452	1.71	0.677	1.0
3	22	74	0.692	0.63	20.538	1.923	0.258	0.839
3	22	71	0.077	0.277	21.474	2.065	0.032	0.613
3	22	68	0.0	0.0	nan	nan	0.0	0.0
3	22	65	0.0	0.0	nan	nan	0.0	0.0
3	22	62	0.0	0.0	nan	nan	0.0	0.0
3	22	59	0.0	0.0	nan	nan	0.0	0.0
3	22	56	0.0	0.0	nan	nan	0.0	0.0
3	22	53	0.0	0.0	nan	nan	0.0	0.0
3	22	50	0.0	0.0	nan	nan	0.0	0.0
3	22	47	0.0	0.0	nan	nan	0.0	0.0
3	22	44	0.0	0.0	nan	nan	0.0	0.0
3	22	41	0.0	0.0	nan	nan	0.0	0.0
3	22	38	0.0	0.0	nan	nan	0.0	0.0
3	22	35	0.0	0.0	nan	nan	0.0	0.0
3	22	32	0.0	0.0	nan	nan	0.0	0.0
3	22	29	0.0	0.0	nan	nan	0.0	0.0
3	23	80	1.533	0.507	16.871	1.024	0.968	1.0
3	23	77	1.286	0.463	18.548	1.841	0.677	1.0
3	23	74	1.0	0.577	20.267	1.999	0.194	0.968
3	23	71	0.05	0.224	21.833	2.949	0.032	0.387
3	23	68	0.0	0.0	nan	nan	0.0	0.0
3	23	65	0.0	0.0	nan	nan	0.0	0.0
3	23	62	0.0	0.0	nan	nan	0.0	0.0
3	23	59	0.0	0.0	nan	nan	0.0	0.0
3	23	56	0.0	0.0	nan	nan	0.0	0.0
3	23	53	0.0	0.0	nan	nan	0.0	0.0
3	23	50	0.0	0.0	nan	nan	0.0	0.0
3	23	47	0.0	0.0	nan	nan	0.0	0.0
3	23	44	0.0	0.0	nan	nan	0.0	0.0
3	23	41	0.0	0.0	nan	nan	0.0	0.0
3	23	38	0.0	0.0	nan	nan	0.0	0.0
3	23	35	0.0	0.0	nan	nan	0.0	0.0
3	23	32	0.0	0.0	nan	nan	0.0	0.0
3	23	29	0.0	0.0	nan	nan	0.0	0.0
3	24	80	1.567	0.504	16.806	1.014	0.968	1.0
3	24	77	1.25	0.442	18.226	1.175	0.774	1.0
3	24	74	0.9	0.568	20.207	2.47	0.258	0.935
3	24	71	0.071	0.267	22.056	1.984	0.032	0.581
3	24	68	0.0	0.0	24.0	0.0	0.0	0.032
3	24	65	0.0	0.0	nan	nan	0.0	0.0
3	24	62	0.0	0.0	nan	nan	0.0	0.0
3	24	59	0.0	0.0	nan	nan	0.0	0.0
3	24	56	0.0	0.0	nan	nan	0.0	0.0
3	24	53	0.0	0.0	nan	nan	0.0	0.0
3	24	50	0.0	0.0	nan	nan	0.0	0.0
3	24	47	0.0	0.0	nan	nan	0.0	0.0
3	24	44	0.0	0.0	nan	nan	0.0	0.0
3	24	41	0.0	0.0	nan	nan	0.0	0.0
3	24	38	0.0	0.0	nan	nan	0.0	0.0
3	24	35	0.0	0.0	nan	nan	0.0	0.0
3	24	32	0.0	0.0	nan	nan	0.0	0.0
3	24	29	0.0	0.0	nan	nan	0.0	0.0
3	25	80	1.567	0.504	16.935	1.289	0.968	1.0
3	25	77	1.182	0.395	18.0	1.862	0.71	1.0
3	25	74	0.929	0.475	20.379	1.741	0.387	0.935
3	25	71	0.0	0.0	22.0	1.859	0.0	0.387
3	25	68	0.0	0.0	26.5	2.121	0.0	0.065
3	25	65	0.0	0.0	nan	nan	0.0	0.0
3	25	62	0.0	0.0	nan	nan	0.0	0.0
3	25	59	0.0	0.0	nan	nan	0.0	0.0
3	25	56	0.0	0.0	nan	nan	0.0	0.0
3	25	53	0.0	0.0	nan	nan	0.0	0.0
3	25	50	0.0	0.0	nan	nan	0.0	0.0
3	25	47	0.0	0.0	nan	nan	0.0	0.0
3	25	44	0.0	0.0	nan	nan	0.0	0.0
3	25	41	0.0	0.0	nan	nan	0.0	0.0
3	25	38	0.0	0.0	nan	nan	0.0	0.0
3	25	35	0.0	0.0	nan	nan	0.0	0.0
3	25	32	0.0	0.0	nan	nan	0.0	0.0
3	25	29	0.0	0.0	nan	nan	0.0	0.0
3	26	80	1.581	0.502	16.581	0.848	1.0	1.0
3	26	77	1.4	0.503	18.387	1.334	0.645	1.0
3	26	74	1.2	0.632	19.867	1.676	0.29	0.968
3	26	71	0.043	0.209	22.556	2.351	0.032	0.29
3	26	68	0.0	0.0	nan	nan	0.0	0.0
3	26	65	0.032	0.18	18.0	0.0	0.032	0.032
3	26	62	0.0	0.0	nan	nan	0.0	0.0
3	26	59	0.0	0.0	nan	nan	0.0	0.0
3	26	56	0.0	0.0	nan	nan	0.0	0.0
3	26	53	0.0	0.0	nan	nan	0.0	0.0
3	26	50	0.0	0.0	nan	nan	0.0	0.0
3	26	47	0.0	0.0	nan	nan	0.0	0.0
3	26	44	0.0	0.0	nan	nan	0.0	0.0
3	26	41	0.0	0.0	nan	nan	0.0	0.0
3	26	38	0.0	0.0	nan	nan	0.0	0.0
3	26	35	0.0	0.0	nan	nan	0.0	0.0
3	26	32	0.0	0.0	nan	nan	0.0	0.0
3	26	29	0.0	0.0	nan	nan	0.0	0.0
3	27	80	1.613	0.495	16.387	0.989	1.0	1.0
3	27	77	1.158	0.375	18.29	1.346	0.613	1.0
3	27	74	0.667	0.492	20.407	2.606	0.258	0.871
3	27	71	0.091	0.294	21.091	1.868	0.065	0.355
3	27	68	0.0	0.0	nan	nan	0.0	0.0
3	27	65	0.0	0.0	nan	nan	0.0	0.0
3	27	62	0.0	0.0	nan	nan	0.0	0.0
3	27	59	0.0	0.0	nan	nan	0.0	0.0
3	27	56	0.0	0.0	nan	nan	0.0	0.0
3	27	53	0.0	0.0	nan	nan	0.0	0.0
3	27	50	0.0	0.0	nan	nan	0.0	0.0
3	27	47	0.0	0.0	nan	nan	0.0	0.0
3	27	44	0.0	0.0	nan	nan	0.0	0.0
3	27	41	0.0	0.0	nan	nan	0.0	0.0
3	27	38	0.0	0.0	nan	nan	0.0	0.0
3	27	35	0.0	0.0	nan	nan	0.0	0.0
3	27	32	0.0	0.0	nan	nan	0.0	0.0
3	27	29	0.0	0.0	nan	nan	0.0	0.0
3	28	80	1.581	0.502	17.032	1.402	1.0	1.0
3	28	77	1.421	0.507	18.581	1.803	0.613	1.0
3	28	74	0.6	0.516	20.556	1.908	0.194	0.871
3	28	71	0.083	0.282	21.556	2.404	0.065	0.29
3	28	68	0.0	0.0	nan	nan	0.0	0.0
3	28	65	0.0	0.0	nan	nan	0.0	0.0
3	28	62	0.0	0.0	nan	nan	0.0	0.0
3	28	59	0.0	0.0	nan	nan	0.0	0.0
3	28	56	0.0	0.0	nan	nan	0.0	0.0
3	28	53	0.0	0.0	nan	nan	0.0	0.0
3	28	50	0.0	0.0	nan	nan	0.0	0.0
3	28	47	0.0	0.0	nan	nan	0.0	0.0
3	28	44	0.0	0.0	nan	nan	0.0	0.0
3	28	41	0.0	0.0	nan	nan	0.0	0.0
3	28	38	0.0	0.0	nan	nan	0.0	0.0
3	28	35	0.0	0.0	nan	nan	0.0	0.0
3	28	32	0.0	0.0	nan	nan	0.0	0.0
3	28	29	0.0	0.0	nan	nan	0.0	0.0
3	29	80	1.464	0.508	16.806	1.046	0.903	1.0
3	29	77	1.167	0.514	18.767	1.96	0.548	0.968
3	29	74	0.778	0.441	20.483	2.098	0.226	0.935
3	29	71	0.059	0.243	22.6	2.165	0.032	0.484
3	29	68	0.0	0.0	nan	nan	0.0	0.0
3	29	65	0.0	0.0	nan	nan	0.0	0.0
3	29	62	0.0	0.0	nan	nan	0.0	0.0
3	29	59	0.0	0.0	nan	nan	0.0	0.0
3	29	56	0.0	0.0	nan	nan	0.0	0.0
3	29	53	0.0	0.0	nan	nan	0.0	0.0
3	29	50	0.0	0.0	nan	nan	0.0	0.0
3	29	47	0.0	0.0	nan	nan	0.0	0.0
3	29	44	0.0	0.0	nan	nan	0.0	0.0
3	29	41	0.0	0.0	nan	nan	0.0	0.0
3	29	38	0.0	0.0	nan	nan	0.0	0.0
3	29	35	0.0	0.0	nan	nan	0.0	0.0
3	29	32	0.0	0.0	nan	nan	0.0	0.0
3	29	29	0.0	0.0	nan	nan	0.0	0.0
3	30	80	1.552	0.506	17.032	1.516	0.935	1.0
3	30	77	1.278	0.461	18.29	1.847	0.581	1.0
3	30	74	0.786	0.579	20.185	2.202	0.323	0.871
3	30	71	0.235	0.562	22.294	2.845	0.097	0.548
3	30	68	0.0	0.0	nan	nan	0.0	0.0
3	30	65	0.0	0.0	nan	nan	0.0	0.0
3	30	62	0.0	0.0	nan	nan	0.0	0.0
3	30	59	0.0	0.0	nan	nan	0.0	0.0
3	30	56	0.0	0.0	nan	nan	0.0	0.0
3	30	53	0.0	0.0	nan	nan	0.0	0.0
3	30	50	0.0	0.0	nan	nan	0.0	0.0
3	30	47	0.0	0.0	nan	nan	0.0	0.0
3	30	44	0.0	0.0	nan	nan	0.0	0.0
3	30	41	0.0	0.0	nan	nan	0.0	0.0
3	30	38	0.0	0.0	nan	nan	0.0	0.0
3	30	35	0.0	0.0	nan	nan	0.0	0.0
3	30	32	0.0	0.0	nan	nan	0.0	0.0
3	30	29	0.0	0.0	nan	nan	0.0	0.0
3	31	80	1.593	0.501	17.161	1.186	0.871	1.0
3	31	77	1.2	0.41	18.387	2.14	0.645	1.0
3	31	74	0.667	0.707	21.0	2.038	0.161	0.871
3	31	71	0.059	0.243	22.533	2.503	0.032	0.484
3	31	68	0.0	0.0	26.5	2.121	0.0	0.065
3	31	65	0.0	0.0	nan	nan	0.0	0.0
3	31	62	0.0	0.0	nan	nan	0.0	0.0
3	31	59	0.0	0.0	nan	nan	0.0	0.0
3	31	56	0.0	0.0	nan	nan	0.0	0.0
3	31	53	0.0	0.0	nan	nan	0.0	0.0
3	31	50	0.0	0.0	nan	nan	0.0	0.0
3	31	47	0.0	0.0	nan	nan	0.0	0.0
3	31	44	0.0	0.0	nan	nan	0.0	0.0
3	31	41	0.0	0.0	nan	nan	0.0	0.0
3	31	38	0.0	0.0	nan	nan	0.0	0.0
3	31	35	0.0	0.0	nan	nan	0.0	0.0
3	31	32	0.0	0.0	nan	nan	0.0	0.0
3	31	29	0.0	0.0	nan	nan	0.0	0.0
4	0	80	3.323	0.475	12.613	0.495	1.0	1.0
4	0	77	3.097	0.301	13.097	0.301	1.0	1.0
4	0	74	3.065	0.25	13.452	0.506	1.0	1.0
4	0	71	3.0	0.0	14.129	0.619	1.0	1.0
4	0	68	3.0	0.0	14.806	0.749	1.0	1.0
4	0	65	3.0	0.0	15.677	0.748	1.0	1.0
4	0	62	2.968	0.18	16.645	1.05	1.0	1.0
4	0	59	2.452	0.624	18.194	1.4	1.0	1.0
4	0	56	1.613	0.615	20.71	2.194	1.0	1.0
4	0	53	1.172	0.539	24.241	2.799	0.871	0.935
4	0	50	0.1	0.305	34.25	10.689	0.097	0.129
4	0	47	0.0	0.0	nan	nan	0.0	0.0
4	0	44	0.0	0.0	nan	nan	0.0	0.0
4	0	41	0.0	0.0	nan	nan	0.0	0.0
4	0	38	0.0	0.0	nan	nan	0.0	0.0
4	0	35	0.0	0.0	nan	nan	0.0	0.0
4	0	32	0.0	0.0	nan	nan	0.0	0.0
4	0	29	0.0	0.0	nan	nan	0.0	0.0
4	1	80	1.269	0.452	17.419	1.587	0.839	1.0
4	1	77	1.111	0.323	18.613	1.764	0.581	1.0
4	1	74	0.7	0.483	20.25	2.287	0.226	0.903
4	1	71	0.188	0.403	21.667	1.97	0.097	0.581
4	1	68	0.0	0.0	22.0	2.828	0.0	0.065
4	1	65	0.0	0.0	nan	nan	0.0	0.0
4	1	62	0.0	0.0	nan	nan	0.0	0.0
4	1	59	0.0	0.0	nan	nan	0.0	0.0
4	1	56	0.0	0.0	nan	nan	0.0	0.0
4	1	53	0.0	0.0	nan	nan	0.0	0.0
4	1	50	0.0	0.0	nan	nan	0.0	0.0
4	1	47	0.0	0.0	nan	nan	0.0	0.0
4	1	44	0.0	0.0	nan	nan	0.0	0.0
4	1	41	0.0	0.0	nan	nan	0.0	0.0
4	1	38	0.0	0.0	nan	nan	0.0	0.0
4	1	35	0.0	0.0	nan	nan	0.0	0.0
4	1	32	0.0	0.0	nan	nan	0.0	0.0
4	1	29	0.0	0.0	nan	nan	0.0	0.0
4	2	80	1.5	0.572	17.033	0.809	0.935	0.968
4	2	77	1.111	0.583	19.034	2.061	0.516	0.935
4	2	74	0.75	0.463	20.966	1.955	0.194	0.935
4	2	71	0.091	0.302	23.0	2.258	0.032	0.677
4	2	68	0.0	0.0	nan	nan	0.0	0.0
4	2	65	0.0	0.0	nan	nan	0.0	0.0
4	2	62	0.0	0.0	nan	nan	0.0	0.0
4	2	59	0.0	0.0	nan	nan	0.0	0.0
4	2	56	0.0	0.0	nan	nan	0.0	0.0
4	2	53	0.0	0.0	nan	nan	0.0	0.0
4	2	50	0.0	0.0	nan	nan	0.0	0.0
4	2	47	0.0	0.0	nan	nan	0.0	0.0
4	2	44	0.0	0.0	nan	nan	0.0	0.0
4	2	41	0.0	0.0	nan	nan	0.0	0.0
4	2	38	0.0	0.0	nan	nan	0.0	0.0
4	2	35	0.0	0.0	nan	nan	0.0	0.0
4	2	32	0.0	0.0	nan	nan	0.0	0.0
4	2	29	0.0	0.0	nan	nan	0.0	0.0
4	3	80	1.5	0.509	16.71	1.071	0.968	1.0
4	3	77	1.176	0.393	18.903	1.955	0.548	1.0
4	3	74	0.615	0.65	20.76	2.697	0.226	0.806
4	3	71	0.095	0.301	22.167	3.407	0.065	0.387
4	3	68	0.0	0.0	23.0	0.0	0.0	0.032
4	3	65	0.0	0.0	nan	nan	0.0	0.0
4	3	62	0.0	0.0	nan	nan	0.0	0.0
4	3	59	0.0	0.0	nan	nan	0.0	0.0
4	3	56	0.0	0.0	nan	nan	0.0	0.0
4	3	53	0.0	0.0	nan	nan	0.0	0.0
4	3	50	0.0	0.0	nan	nan	0.0	0.0
4	3	47	0.0	0.0	nan	nan	0.0	0.0
4	3	44	0.0	0.0	nan	nan	0.0	0.0
4	3	41	0.0	0.0	nan	nan	0.0	0.0
4	3	38	0.0	0.0	nan	nan	0.0	0.0
4	3	35	0.0	0.0	nan	nan	0.0	0.0
4	3	32	0.0	0.0	nan	nan	0.0	0.0
4	3	29	0.0	0.0	nan	nan	0.0	0.0
4	4	80	1.467	0.507	17.355	1.279	0.968	1.0
4	4	77	1.059	0.243	18.839	2.252	0.548	1.0
4	4	74	0.9	0.316	20.133	2.7	0.29	0.968
4	4	71	0.042	0.204	22.375	0.744	0.032	0.258
4	4	68	0.0	0.0	nan	nan	0.0	0.0
4	4	65	0.0	0.0	nan	nan	0.0	0.0
4	4	62	0.0	0.0	nan	nan	0.0	0.0
4	4	59	0.0	0.0	nan	nan	0.0	0.0
4	4	56	0.0	0.0	nan	nan	0.0	0.0
4	4	53	0.0	0.0	nan	nan	0.0	0.0
4	4	50	0.0	0.0	nan	nan	0.0	0.0
4	4	47	0.0	0.0	nan	nan	0.0	0.0
4	4	44	0.0	0.0	nan	nan	0.0	0.0
4	4	41	0.0	0.0	nan	nan	0.0	0.0
4	4	38	0.0	0.0	nan	nan	0.0	0.0
4	4	35	0.0	0.0	nan	nan	0.0	0.0
4	4	32	0.0	0.0	nan	nan	0.0	0.0
4	4	29	0.0	0.0	nan	nan	0.0	0.0
4	5	80	1.308	0.471	17.161	1.293	0.839	1.0
4	5	77	1.188	0.403	18.645	1.582	0.516	1.0
4	5	74	0.778	0.667	20.857	2.415	0.194	0.903
4	5	71	0.038	0.196	22.333	3.933	0.032	0.194
4	5	68	0.0	0.0	nan	nan	0.0	0.0
4	5	65	0.0	0.0	nan	nan	0.0	0.0
4	5	62	0.0	0.0	nan	nan	0.0	0.0
4	5	59	0.0	0.0	nan	nan	0.0	0.0
4	5	56	0.0	0.0	nan	nan	0.0	0.0
4	5	53	0.0	0.0	nan	nan	0.0	0.0
4	5	50	0.0	0.0	nan	nan	0.0	0.0
4	5	47	0.0	0.0	nan	nan	0.0	0.0
4	5	44	0.0	0.0	nan	nan	0.0	0.0
4	5	41	0.0	0.0	nan	nan	0.0	0.0
4	5	38	0.0	0.0	nan	nan	0.0	0.0
4	5	35	0.0	0.0	nan	nan	0.0	0.0
4	5	32	0.0	0.0	nan	nan	0.0	0.0
4	5	29	0.0	0.0	nan	nan	0.0	0.0
4	6	80	1.423	0.504	17.226	1.586	0.839	1.0
4	6	77	1.188	0.403	18.806	2.242	0.516	1.0
4	6	74	0.364	0.505	21.25	2.723	0.129	0.774
4	6	71	0.037	0.192	23.4	2.51	0.032	0.161
4	6	68	0.0	0.0	24.0	0.0	0.0	0.032
4	6	65	0.0	0.0	nan	nan	0.0	0.0
4	6	62	0.0	0.0	nan	nan	0.0	0.0
4	6	59	0.0	0.0	nan	nan	0.0	0.0
4	6	56	0.0	0.0	nan	nan	0.0	0.0
4	6	53	0.0	0.0	nan	nan	0.0	0.0
4	6	50	0.0	0.0	nan	nan	0.0	0.0
4	6	47	0.0	0.0	nan	nan	0.0	0.0
4	6	44	0.0	0.0	nan	nan	0.0	0.0
4	6	41	0.0	0.0	nan	nan	0.0	0.0
4	6	38	0.0	0.0	nan	nan	0.0	0.0
4	6	35	0.0	0.0	nan	nan	0.0	0.0
4	6	32	0.0	0.0	nan	nan	0.0	0.0
4	6	29	0.0	0.0	nan	nan	0.0	0.0
4	7	80	1.483	0.509	16.903	0.79	0.935	1.0
4	7	77	1.118	0.485	18.633	1.542	0.516	0.968
4	7	74	0.889	0.782	20.5	2.186	0.194	0.903
4	7	71	0.0	0.0	21.333	1.366	0.0	0.194
4	7	68	0.0	0.0	nan	nan	0.0	0.0
4	7	65	0.0	0.0	nan	nan	0.0	0.0
4	7	62	0.0	0.0	nan	nan	0.0	0.0
4	7	59	0.0	0.0	nan	nan	0.0	0.0
4	7	56	0.0	0.0	nan	nan	0.0	0.0
4	7	53	0.0	0.0	nan	nan	0.0	0.0
4	7	50	0.0	0.0	nan	nan	0.0	0.0
4	7	47	0.0	0.0	nan	nan	0.0	0.0
4	7	44	0.0	0.0	nan	nan	0.0	0.0
4	7	41	0.0	0.0	nan	nan	0.0	0.0
4	7	38	0.0	0.0	nan	nan	0.0	0.0
4	7	35	0.0	0.0	nan	nan	0.0	0.0
4	7	32	0.0	0.0	nan	nan	0.0	0.0
4	7	29	0.0	0.0	nan	nan	0.0	0.0
4	8	80	1.393	0.497	16.806	1.276	0.903	1.0
4	8	77	0.938	0.443	18.793	1.916	0.452	0.935
4	8	74	0.667	0.651	20.192	2.04	0.226	0.839
4	8	71	0.036	0.189	23.0	1.633	0.032	0.129
4	8	68	0.0	0.0	25.0	0.0	0.0	0.032
4	8	65	0.0	0.0	nan	nan	0.0	0.0
4	8	62	0.0	0.0	nan	nan	0.0	0.0
4	8	59	0.0	0.0	nan	nan	0.0	0.0
4	8	56	0.0	0.0	nan	nan	0.0	0.0
4	8	53	0.0	0.0	nan	nan	0.0	0.0
4	8	50	0.0	0.0	nan	nan	0.0	0.0
4	8	47	0.0	0.0	nan	nan	0.0	0.0
4	8	44	0.0	0.0	nan	nan	0.0	0.0
4	8	41	0.0	0.0	nan	nan	0.0	0.0
4	8	38	0.0	0.0	nan	nan	0.0	0.0
4	8	35	0.0	0.0	nan	nan	0.0	0.0
4	8	32	0.0	0.0	nan	nan	0.0	0.0
4	8	29	0.0	0.0	nan	nan	0.0	0.0
4	9	80	1.321	0.476	17.129	1.024	0.903	1.0
4	9	77	1.2	0.41	18.581	1.803	0.645	1.0
4	9	74	0.273	0.467	21.0	2.576	0.097	0.742
4	9	71	0.0	0.0	22.667	2.582	0.0	0.194
4	9	68	0.0	0.0	nan	nan	0.0	0.0
4	9	65	0.0	0.0	nan	nan	0.0	0.0
4	9	62	0.0	0.0	nan	nan	0.0	0.0
4	9	59	0.0	0.0	nan	nan	0.0	0.0
4	9	56	0.0	0.0	nan	nan	0.0	0.0
4	9	53	0.0	0.0	nan	nan	0.0	0.0
4	9	50	0.0	0.0	nan	nan	0.0	0.0
4	9	47	0.0	0.0	nan	nan	0.0	0.0
4	9	44	0.0	0.0	nan	nan	0.0	0.0
4	9	41	0.0	0.0	nan	nan	0.0	0.0
4	9	38	0.0	0.0	nan	nan	0.0	0.0
4	9	35	0.0	0.0	nan	nan	0.0	0.0
4	9	32	0.0	0.0	nan	nan	0.0	0.0
4	9	29	0.0	0.0	nan	nan	0.0	0.0
4	10	80	1.267	0.583	17.276	1.556	0.903	0.935
4	10	77	1.2	0.414	19.516	2.336	0.484	1.0
4	10	74	0.455	0.688	20.625	2.337	0.129	0.774
4	10	71	0.0	0.0	22.5	1.581	0.0	0.323
4	10	68	0.0	0.0	nan	nan	0.0	0.0
4	10	65	0.0	0.0	nan	nan	0.0	0.0
4	10	62	0.0	0.0	nan	nan	0.0	0.0
4	10	59	0.0	0.0	nan	nan	0.0	0.0
4	10	56	0.0	0.0	nan	nan	0.0	0.0
4	10	53	0.0	0.0	nan	nan	0.0	0.0
4	10	50	0.0	0.0	nan	nan	0.0	0.0
4	10	47	0.0	0.0	nan	nan	0.0	0.0
4	10	44	0.0	0.0	nan	nan	0.0	0.0
4	10	41	0.0	0.0	nan	nan	0.0	0.0
4	10	38	0.0	0.0	nan	nan	0.0	0.0
4	10	35	0.0	0.0	nan	nan	0.0	0.0
4	10	32	0.0	0.0	nan	nan	0.0	0.0
4	10	29	0.0	0.0	nan	nan	0.0	0.0
4	11	80	1.4	0.5	17.419	1.385	0.806	1.0
4	11	77	1.167	0.383	18.774	1.961	0.581	1.0
4	11	74	0.286	0.488	20.808	2.02	0.065	0.839
4	11	71	0.0	0.0	21.333	1.862	0.0	0.194
4	11	68	0.0	0.0	nan	nan	0.0	0.0
4	11	65	0.0	0.0	nan	nan	0.0	0.0
4	11	62	0.0	0.0	nan	nan	0.0	0.0
4	11	59	0.0	0.0	nan	nan	0.0	0.0
4	11	56	0.0	0.0	nan	nan	0.0	0.0
4	11	53	0.0	0.0	nan	nan	0.0	0.0
4	11	50	0.0	0.0	nan	nan	0.0	0.0
4	11	47	0.0	0.0	nan	nan	0.0	0.0
4	11	44	0.0	0.0	nan	nan	0.0	0.0
4	11	41	0.0	0.0	nan	nan	0.0	0.0
4	11	38	0.0	0.0	nan	nan	0.0	0.0
4	11	35	0.0	0.0	nan	nan	0.0	0.0
4	11	32	0.0	0.0	nan	nan	0.0	0.0
4	11	29	0.0	0.0	nan	nan	0.0	0.0
4	12	80	1.172	0.384	17.0	1.291	0.935	1.0
4	12	77	1.067	0.458	18.8	1.71	0.452	0.968
4	12	74	0.667	0.816	20.786	1.969	0.097	0.903
4	12	71	0.0	0.0	23.0	1.414	0.0	0.29
4	12	68	0.0	0.0	21.5	0.707	0.0	0.065
4	12	65	0.0	0.0	nan	nan	0.0	0.0
4	12	62	0.0	0.0	nan	nan	0.0	0.0
4	12	59	0.0	0.0	nan	nan	0.0	0.0
4	12	56	0.0	0.0	nan	nan	0.0	0.0
4	12	53	0.0	0.0	nan	nan	0.0	0.0
4	12	50	0.0	0.0	nan	nan	0.0	0.0
4	12	47	0.0	0.0	nan	nan	0.0	0.0
4	12	44	0.0	0.0	nan	nan	0.0	0.0
4	12	41	0.0	0.0	nan	nan	0.0	0.0
4	12	38	0.0	0.0	nan	nan	0.0	0.0
4	12	35	0.0	0.0	nan	nan	0.0	0.0
4	12	32	0.0	0.0	nan	nan	0.0	0.0
4	12	29	0.0	0.0	nan	nan	0.0	0.0
4	13	80	1.29	0.461	17.097	1.535	1.0	1.0
4	13	77	1.059	0.429	18.533	1.252	0.516	0.968
4	13	74	0.714	0.488	20.172	2.172	0.161	0.935
4	13	71	0.042	0.204	22.625	2.875	0.032	0.258
4	13	68	0.0	0.0	nan	nan	0.0	0.0
4	13	65	0.0	0.0	nan	nan	0.0	0.0
4	13	62	0.0	0.0	nan	nan	0.0	0.0
4	13	59	0.0	0.0	nan	nan	0.0	0.0
4	13	56	0.0	0.0	nan	nan	0.0	0.0
4	13	53	0.0	0.0	nan	nan	0.0	0.0
4	13	50	0.0	0.0	nan	nan	0.0	0.0
4	13	47	0.0	0.0	nan	nan	0.0	0.0
4	13	44	0.0	0.0	nan	nan	0.0	0.0
4	13	41	0.0	0.0	nan	nan	0.0	0.0
4	13	38	0.0	0.0	nan	nan	0.0	0.0
4	13	35	0.0	0.0	nan	nan	0.0	0.0
4	13	32	0.0	0.0	nan	nan	0.0	0.0
4	13	29	0.0	0.0	nan	nan	0.0	0.0
4	14	80	1.25	0.518	16.833	1.234	0.871	0.968
4	14	77	1.105	0.459	18.2	1.606	0.581	0.968
4	14	74	0.2	0.422	20.957	2.477	0.065	0.742
4	14	71	0.0	0.0	22.714	1.976	0.0	0.226
4	14	68	0.0	0.0	25.0	0.0	0.0	0.032
4	14	65	0.0	0.0	nan	nan	0.0	0.0
4	14	62	0.0	0.0	nan	nan	0.0	0.0
4	14	59	0.0	0.0	nan	nan	0.0	0.0
4	14	56	0.0	0.0	nan	nan	0.0	0.0
4	14	53	0.0	0.0	nan	nan	0.0	0.0
4	14	50	0.0	0.0	nan	nan	0.0	0.0
4	14	47	0.0	0.0	nan	nan	0.0	0.0
4	14	44	0.0	0.0	nan	nan	0.0	0.0
4	14	41	0.0	0.0	nan	nan	0.0	0.0
4	14	38	0.0	0.0	nan	nan	0.0	0.0
4	14	35	0.0	0.0	nan	nan	0.0	0.0
4	14	32	0.0	0.0	nan	nan	0.0	0.0
4	14	29	0.0	0.0	nan	nan	0.0	0.0
4	15	80	1.519	0.509	17.258	1.39	0.871	1.0
4	15	77	1.067	0.458	18.967	1.752	0.452	0.968
4	15	74	0.417	0.515	20.583	2.205	0.161	0.774
4	15	71	0.038	0.196	22.5	3.271	0.032	0.194
4	15	68	0.0	0.0	nan	nan	0.0	0.0
4	15	65	0.0	0.0	nan	nan	0.0	0.0
4	15	62	0.0	0.0	nan	nan	0.0	0.0
4	15	59	0.0	0.0	nan	nan	0.0	0.0
4	15	56	0.0	0.0	nan	nan	0.0	0.0
4	15	53	0.0	0.0	nan	nan	0.0	0.0
4	15	50	0.0	0.0	nan	nan	0.0	0.0
4	15	47	0.0	0.0	nan	nan	0.0	0.0
4	15	44	0.0	0.0	nan	nan	0.0	0.0
4	15	41	0.0	0.0	nan	nan	0.0	0.0
4	15	38	0.0	0.0	nan	nan	0.0	0.0
4	15	35	0.0	0.0	nan	nan	0.0	0.0
4	15	32	0.0	0.0	nan	nan	0.0	0.0
4	15	29	0.0	0.0	nan	nan	0.0	0.0
4	16	80	1.37	0.492	17.194	1.014	0.871	1.0
4	16	77	1.308	0.48	19.323	2.315	0.419	1.0
4	16	74	0.571	0.535	21.286	2.522	0.129	0.903
4	16	71	0.045	0.213	21.5	2.506	0.032	0.323
4	16	68	0.0	0.0	22.0	0.0	0.0	0.032
4	16	65	0.0	0.0	nan	nan	0.0	0.0
4	16	62	0.0	0.0	nan	nan	0.0	0.0
4	16	59	0.0	0.0	nan	nan	0.0	0.0
4	16	56	0.0	0.0	nan	nan	0.0	0.0
4	16	53	0.0	0.0	nan	nan	0.0	0.0
4	16	50	0.0	0.0	nan	nan	0.0	0.0
4	16	47	0.0	0.0	nan	nan	0.0	0.0
4	16	44	0.0	0.0	nan	nan	0.0	0.0
4	16	41	0.0	0.0	nan	nan	0.0	0.0
4	16	38	0.0	0.0	nan	nan	0.0	0.0
4	16	35	0.0	0.0	nan	nan	0.0	0.0
4	16	32	0.0	0.0	nan	nan	0.0	0.0
4	16	29	0.0	0.0	nan	nan	0.0	0.0
4	17	80	1.267	0.45	17.226	2.093	0.968	1.0
4	17	77	1.176	0.393	18.484	1.63	0.548	1.0
4	17	74	0.4	0.516	20.48	2.347	0.129	0.806
4	17	71	0.038	0.196	23.5	1.225	0.032	0.194
4	17	68	0.0	0.0	23.0	0.0	0.0	0.032
4	17	65	0.0	0.0	nan	nan	0.0	0.0
4	17	62	0.0	0.0	nan	nan	0.0	0.0
4	17	59	0.0	0.0	nan	nan	0.0	0.0
4	17	56	0.0	0.0	nan	nan	0.0	0.0
4	17	53	0.0	0.0	nan	nan	0.0	0.0
4	17	50	0.0	0.0	nan	nan	0.0	0.0
4	17	47	0.0	0.0	nan	nan	0.0	0.0
4	17	44	0.0	0.0	nan	nan	0.0	0.0
4	17	41	0.0	0.0	nan	nan	0.0	0.0
4	17	38	0.0	0.0	nan	nan	0.0	0.0
4	17	35	0.0	0.0	nan	nan	0.0	0.0
4	17	32	0.0	0.0	nan	nan	0.0	0.0
4	17	29	0.0	0.0	nan	nan	0.0	0.0
4	18	80	1.346	0.485	17.161	1.344	0.839	1.0
4	18	77	1.053	0.405	18.9	1.768	0.581	0.968
4	18	74	0.7	0.675	20.852	2.583	0.194	0.871
4	18	71	0.0	0.0	22.111	2.147	0.0	0.29
4	18	68	0.0	0.0	nan	nan	0.0	0.0
4	18	65	0.0	0.0	nan	nan	0.0	0.0
4	18	62	0.0	0.0	nan	nan	0.0	0.0
4	18	59	0.0	0.0	nan	nan	0.0	0.0
4	18	56	0.0	0.0	nan	nan	0.0	0.0
4	18	53	0.0	0.0	nan	nan	0.0	0.0
4	18	50	0.0	0.0	nan	nan	0.0	0.0
4	18	47	0.0	0.0	nan	nan	0.0	0.0
4	18	44	0.0	0.0	nan	nan	0.0	0.0
4	18	41	0.0	0.0	nan	nan	0.0	0.0
4	18	38	0.0	0.0	nan	nan	0.0	0.0
4	18	35	0.0	0.0	nan	nan	0.0	0.0
4	18	32	0.0	0.0	nan	nan	0.0	0.0
4	18	29	0.0	0.0	nan	nan	0.0	0.0
4	19	80	1.32	0.476	17.29	1.346	0.806	1.0
4	19	77	1.143	0.359	18.613	2.186	0.677	1.0
4	19	74	0.333	0.594	20.167	1.978	0.161	0.581
4	19	71	0.0	0.0	22.125	1.885	0.0	0.258
4	19	68	0.0	0.0	nan	nan	0.0	0.0
4	19	65	0.0	0.0	nan	nan	0.0	0.0
4	19	62	0.0	0.0	nan	nan	0.0	0.0
4	19	59	0.0	0.0	nan	nan	0.0	0.0
4	19	56	0.0	0.0	nan	nan	0.0	0.0
4	19	53	0.0	0.0	nan	nan	0.0	0.0
4	19	50	0.0	0.0	nan	nan	0.0	0.0
4	19	47	0.0	0.0	nan	nan	0.0	0.0
4	19	44	0.0	0.0	nan	nan	0.0	0.0
4	19	41	0.0	0.0	nan	nan	0.0	0.0
4	19	38	0.0	0.0	nan	nan	0.0	0.0
4	19	35	0.0	0.0	nan	nan	0.0	0.0
4	19	32	0.0	0.0	nan	nan	0.0	0.0
4	19	29	0.0	0.0	nan	nan	0.0	0.0
4	20	80	1.345	0.484	17.161	1.485	0.935	1.0
4	20	77	0.944	0.416	18.276	1.962	0.516	0.935
4	20	74	0.308	0.48	20.682	1.862	0.129	0.71
4	20	71	0.0	0.0	22.333	2.503	0.0	0.194
4	20	68	0.0	0.0	nan	nan	0.0	0.0
4	20	65	0.0	0.0	nan	nan	0.0	0.0
4	20	62	0.0	0.0	nan	nan	0.0	0.0
4	20	59	0.0	0.0	nan	nan	0.0	0.0
4	20	56	0.0	0.0	nan	nan	0.0	0.0
4	20	53	0.0	0.0	nan	nan	0.0	0.0
4	20	50	0.0	0.0	nan	nan	0.0	0.0
4	20	47	0.0	0.0	nan	nan	0.0	0.0
4	20	44	0.0	0.0	nan	nan	0.0	0.0
4	20	41	0.0	0.0	nan	nan	0.0	0.0
4	20	38	0.0	0.0	nan	nan	0.0	0.0
4	20	35	0.0	0.0	nan	nan	0.0	0.0
4	20	32	0.0	0.0	nan	nan	0.0	0.0
4	20	29	0.0	0.0	nan	nan	0.0	0.0
4	21	80	1.345	0.484	17.0	1.125	0.935	1.0
4	21	77	1.182	0.405	19.548	2.501	0.355	1.0
4	21	74	0.353	0.493	20.4	2.644	0.194	0.645
4	21	71	0.0	0.0	21.6	2.302	0.0	0.161
4	21	68	0.0	0.0	nan	nan	0.0	0.0
4	21	65	0.0	0.0	nan	nan	0.0	0.0
4	21	62	0.0	0.0	nan	nan	0.0	0.0
4	21	59	0.0	0.0	nan	nan	0.0	0.0
4	21	56	0.0	0.0	nan	nan	0.0	0.0
4	21	53	0.0	0.0	nan	nan	0.0	0.0
4	21	50	0.0	0.0	nan	nan	0.0	0.0
4	21	47	0.0	0.0	nan	nan	0.0	0.0
4	21	44	0.0	0.0	nan	nan	0.0	0.0
4	21	41	0.0	0.0	nan	nan	0.0	0.0
4	21	38	0.0	0.0	nan	nan	0.0	0.0
4	21	35	0.0	0.0	nan	nan	0.0	0.0
4	21	32	0.0	0.0	nan	nan	0.0	0.0
4	21	29	0.0	0.0	nan	nan	0.0	0.0
4	22	80	1.318	0.477	17.774	1.875	0.71	1.0
4	22	77	0.947	0.229	18.267	1.112	0.581	0.968
4	22	74	0.111	0.333	20.261	1.839	0.032	0.742
4	22	71	0.0	0.0	22.667	1.862	0.0	0.194
4	22	68	0.0	0.0	nan	nan	0.0	0.0
4	22	65	0.0	0.0	nan	nan	0.0	0.0
4	22	62	0.0	0.0	nan	nan	0.0	0.0
4	22	59	0.0	0.0	nan	nan	0.0	0.0
4	22	56	0.0	0.0	nan	nan	0.0	0.0
4	22	53	0.0	0.0	nan	nan	0.0	0.0
4	22	50	0.0	0.0	nan	nan	0.0	0.0
4	22	47	0.0	0.0	nan	nan	0.0	0.0
4	22	44	0.0	0.0	nan	nan	0.0	0.0
4	22	41	0.0	0.0	nan	nan	0.0	0.0
4	22	38	0.0	0.0	nan	nan	0.0	0.0
4	22	35	0.0	0.0	nan	nan	0.0	0.0
4	22	32	0.0	0.0	nan	nan	0.0	0.0
4	22	29	0.0	0.0	nan	nan	0.0	0.0
4	23	80	1.286	0.463	17.452	1.48	0.677	1.0
4	23	77	1.286	0.469	18.806	2.104	0.452	1.0
4	23	74	0.286	0.469	20.048	1.91	0.129	0.677
4	23	71	0.0	0.0	22.312	2.089	0.0	0.516
4	23	68	0.0	0.0	nan	nan	0.0	0.0
4	23	65	0.0	0.0	nan	nan	0.0	0.0
4	23	62	0.0	0.0	nan	nan	0.0	0.0
4	23	59	0.0	0.0	nan	nan	0.0	0.0
4	23	56	0.0	0.0	nan	nan	0.0	0.0
4	23	53	0.0	0.0	nan	nan	0.0	0.0
4	23	50	0.0	0.0	nan	nan	0.0	0.0
4	23	47	0.0	0.0	nan	nan	0.0	0.0
4	23	44	0.0	0.0	nan	nan	0.0	0.0
4	23	41	0.0	0.0	nan	nan	0.0	0.0
4	23	38	0.0	0.0	nan	nan	0.0	0.0
4	23	35	0.0	0.0	nan	nan	0.0	0.0
4	23	32	0.0	0.0	nan	nan	0.0	0.0
4	23	29	0.0	0.0	nan	nan	0.0	0.0
4	24	80	1.185	0.483	17.3	1.442	0.839	0.968
4	24	77	1.118	0.6	18.793	1.612	0.484	0.935
4	24	74	0.333	0.516	21.111	2.154	0.065	0.871
4	24	71	0.0	0.0	21.75	2.062	0.0	0.129
4	24	68	0.0	0.0	nan	nan	0.0	0.0
4	24	65	0.0	0.0	nan	nan	0.0	0.0
4	24	62	0.0	0.0	nan	nan	0.0	0.0
4	24	59	0.0	0.0	nan	nan	0.0	0.0
4	24	56	0.0	0.0	nan	nan	0.0	0.0
4	24	53	0.0	0.0	nan	nan	0.0	0.0
4	24	50	0.0	0.0	nan	nan	0.0	0.0
4	24	47	0.0	0.0	nan	nan	0.0	0.0
4	24	44	0.0	0.0	nan	nan	0.0	0.0
4	24	41	0.0	0.0	nan	nan	0.0	0.0
4	24	38	0.0	0.0	nan	nan	0.0	0.0
4	24	35	0.0	0.0	nan	nan	0.0	0.0
4	24	32	0.0	0.0	nan	nan	0.0	0.0
4	24	29	0.0	0.0	nan	nan	0.0	0.0
4	25	80	1.296	0.465	17.161	1.241	0.871	1.0
4	25	77	0.941	0.429	18.69	1.775	0.484	0.935
4	25	74	0.333	0.5	21.04	2.071	0.097	0.806
4	25	71	0.0	0.0	22.6	2.51	0.0	0.161
4	25	68	0.0	0.0	nan	nan	0.0	0.0
4	25	65	0.0	0.0	nan	nan	0.0	0.0
4	25	62	0.0	0.0	nan	nan	0.0	0.0
4	25	59	0.0	0.0	nan	nan	0.0	0.0
4	25	56	0.0	0.0	nan	nan	0.0	0.0
4	25	53	0.0	0.0	nan	nan	0.0	0.0
4	25	50	0.0	0.0	nan	nan	0.0	0.0
4	25	47	0.0	0.0	nan	nan	0.0	0.0
4	25	44	0.0	0.0	nan	nan	0.0	0.0
4	25	41	0.0	0.0	nan	nan	0.0	0.0
4	25	38	0.0	0.0	nan	nan	0.0	0.0
4	25	35	0.0	0.0	nan	nan	0.0	0.0
4	25	32	0.0	0.0	nan	nan	0.0	0.0
4	25	29	0.0	0.0	nan	nan	0.0	0.0
4	26	80	1.414	0.501	16.839	1.267	0.935	1.0
4	26	77	1.133	0.516	18.967	1.326	0.452	0.968
4	26	74	0.714	0.488	20.103	1.896	0.161	0.935
4	26	71	0.043	0.209	22.0	2.398	0.032	0.29
4	26	68	0.0	0.0	nan	nan	0.0	0.0
4	26	65	0.0	0.0	nan	nan	0.0	0.0
4	26	62	0.0	0.0	nan	nan	0.0	0.0
4	26	59	0.0	0.0	nan	nan	0.0	0.0
4	26	56	0.0	0.0	nan	nan	0.0	0.0
4	26	53	0.0	0.0	nan	nan	0.0	0.0
4	26	50	0.0	0.0	nan	nan	0.0	0.0
4	26	47	0.0	0.0	nan	nan	0.0	0.0
4	26	44	0.0	0.0	nan	nan	0.0	0.0
4	26	41	0.0	0.0	nan	nan	0.0	0.0
4	26	38	0.0	0.0	nan	nan	0.0	0.0
4	26	35	0.0	0.0	nan	nan	0.0	0.0
4	26	32	0.0	0.0	nan	nan	0.0	0.0
4	26	29	0.0	0.0	nan	nan	0.0	0.0
4	27	80	1.185	0.396	17.097	1.35	0.871	1.0
4	27	77	1.0	0.516	18.793	1.76	0.452	0.935
4	27	74	0.5	0.535	20.296	1.706	0.129	0.871
4	27	71	0.043	0.209	21.667	1.871	0.032	0.29
4	27	68	0.0	0.0	nan	nan	0.0	0.0
4	27	65	0.0	0.0	nan	nan	0.0	0.0
4	27	62	0.0	0.0	nan	nan	0.0	0.0
4	27	59	0.0	0.0	nan	nan	0.0	0.0
4	27	56	0.0	0.0	nan	nan	0.0	0.0
4	27	53	0.0	0.0	nan	nan	0.0	0.0
4	27	50	0.0	0.0	nan	nan	0.0	0.0
4	27	47	0.0	0.0	nan	nan	0.0	0.0
4	27	44	0.0	0.0	nan	nan	0.0	0.0
4	27	41	0.0	0.0	nan	nan	0.0	0.0
4	27	38	0.0	0.0	nan	nan	0.0	0.0
4	27	35	0.0	0.0	nan	nan	0.0	0.0
4	27	32	0.0	0.0	nan	nan	0.0	0.0
4	27	29	0.0	0.0	nan	nan	0.0	0.0
4	28	80	1.296	0.465	17.548	1.312	0.871	1.0
4	28	77	1.0	0.426	19.367	2.312	0.355	0.968
4	28	74	0.167	0.389	20.952	2.156	0.065	0.677
4	28	71	0.0	0.0	21.333	2.291	0.0	0.29
4	28	68	0.0	0.0	nan	nan	0.0	0.0
4	28	65	0.0	0.0	nan	nan	0.0	0.0
4	28	62	0.0	0.0	nan	nan	0.0	0.0
4	28	59	0.0	0.0	nan	nan	0.0	0.0
4	28	56	0.0	0.0	nan	nan	0.0	0.0
4	28	53	0.0	0.0	nan	nan	0.0	0.0
4	28	50	0.0	0.0	nan	nan	0.0	0.0
4	28	47	0.0	0.0	nan	nan	0.0	0.0
4	28	44	0.0	0.0	nan	nan	0.0	0.0
4	28	41	0.0	0.0	nan	nan	0.0	0.0
4	28	38	0.0	0.0	nan	nan	0.0	0.0
4	28	35	0.0	0.0	nan	nan	0.0	0.0
4	28	32	0.0	0.0	nan	nan	0.0	0.0
4	28	29	0.0	0.0	nan	nan	0.0	0.0
4	29	80	1.367	0.49	17.032	0.752	0.968	1.0
4	29	77	0.923	0.277	18.833	1.913	0.387	0.968
4	29	74	0.2	0.414	20.211	2.299	0.097	0.613
4	29	71	0.0	0.0	22.6	1.517	0.0	0.161
4	29	68	0.0	0.0	nan	nan	0.0	0.0
4	29	65	0.0	0.0	nan	nan	0.0	0.0
4	29	62	0.0	0.0	nan	nan	0.0	0.0
4	29	59	0.0	0.0	nan	nan	0.0	0.0
4	29	56	0.0	0.0	nan	nan	0.0	0.0
4	29	53	0.0	0.0	nan	nan	0.0	0.0
4	29	50	0.0	0.0	nan	nan	0.0	0.0
4	29	47	0.0	0.0	nan	nan	0.0	0.0
4	29	44	0.0	0.0	nan	nan	0.0	0.0
4	29	41	0.0	0.0	nan	nan	0.0	0.0
4	29	38	0.0	0.0	nan	nan	0.0	0.0
4	29	35	0.0	0.0	nan	nan	0.0	0.0
4	29	32	0.0	0.0	nan	nan	0.0	0.0
4	29	29	0.0	0.0	nan	nan	0.0	0.0
4	30	80	1.4	0.498	16.871	0.922	0.968	1.0
4	30	77	1.0	0.333	18.433	1.654	0.581	0.968
4	30	74	0.222	0.441	20.875	2.193	0.065	0.774
4	30	71	0.0	0.0	22.25	2.493	0.0	0.258
4	30	68	0.0	0.0	nan	nan	0.0	0.0
4	30	65	0.0	0.0	nan	nan	0.0	0.0
4	30	62	0.0	0.0	nan	nan	0.0	0.0
4	30	59	0.0	0.0	nan	nan	0.0	0.0
4	30	56	0.0	0.0	nan	nan	0.0	0.0
4	30	53	0.0	0.0	nan	nan	0.0	0.0
4	30	50	0.0	0.0	nan	nan	0.0	0.0
4	30	47	0.0	0.0	nan	nan	0.0	0.0
4	30	44	0.0	0.0	nan	nan	0.0	0.0
4	30	41	0.0	0.0	nan	nan	0.0	0.0
4	30	38	0.0	0.0	nan	nan	0.0	0.0
4	30	35	0.0	0.0	nan	nan	0.0	0.0
4	30	32	0.0	0.0	nan	nan	0.0	0.0
4	30	29	0.0	0.0	nan	nan	0.0	0.0
4	31	80	1.154	0.368	17.387	0.955	0.839	1.0
4	31	77	1.091	0.539	18.9	1.185	0.323	0.968
4	31	74	0.375	0.518	20.577	2.283	0.097	0.839
4	31	71	0.0	0.0	22.333	2.082	0.0	0.097
4	31	68	0.0	0.0	nan	nan	0.0	0.0
4	31	65	0.0	0.0	nan	nan	0.0	0.0
4	31	62	0.0	0.0	nan	nan	0.0	0.0
4	31	59	0.0	0.0	nan	nan	0.0	0.0
4	31	56	0.0	0.0	nan	nan	0.0	0.0
4	31	53	0.0	0.0	nan	nan	0.0	0.0
4	31	50	0.0	0.0	nan	nan	0.0	0.0
4	31	47	0.0	0.0	nan	nan	0.0	0.0
4	31	44	0.0	0.0	nan	nan	0.0	0.0
4	31	41	0.0	0.0	nan	nan	0.0	0.0
4	31	38	0.0	0.0	nan	nan	0.0	0.0
4	31	35	0.0	0.0	nan	nan	0.0	0.0
4	31	32	0.0	0.0	nan	nan	0.0	0.0
4	31	29	0.0	0.0	nan	nan	0.0	0.0
5	0	80	4.0	0.0	13.516	0.508	1.0	1.0
5	0	77	4.032	0.18	14.129	0.562	1.0	1.0
5	0	74	3.903	0.301	14.677	0.653	1.0	1.0
5	0	71	3.419	1.025	15.345	0.769	0.935	0.935
5	0	68	3.355	0.709	16.839	1.214	1.0	1.0
5	0	65	2.742	0.514	17.548	1.15	1.0	1.0
5	0	62	2.29	0.461	18.935	1.389	1.0	1.0
5	0	59	2.032	0.18	21.161	2.806	1.0	1.0
5	0	56	1.871	0.341	24.161	3.132	1.0	1.0
5	0	53	1.517	0.634	29.759	4.926	0.871	0.935
5	0	50	0.333	0.555	35.833	5.219	0.258	0.387
5	0	47	0.0	0.0	nan	nan	0.0	0.0
5	0	44	0.0	0.0	nan	nan	0.0	0.0
5	0	41	0.0	0.0	nan	nan	0.0	0.0
5	0	38	0.0	0.0	nan	nan	0.0	0.0
5	0	35	0.0	0.0	nan	nan	0.0	0.0
5	0	32	0.0	0.0	nan	nan	0.0	0.0
5	0	29	0.0	0.0	nan	nan	0.0	0.0
5	1	80	1.217	0.422	17.613	1.256	0.742	1.0
5	1	77	1.0	0.0	18.935	1.843	0.452	1.0
5	1	74	0.364	0.505	20.708	2.422	0.129	0.774
5	1	71	0.0	0.0	22.333	2.082	0.0	0.097
5	1	68	0.0	0.0	nan	nan	0.0	0.0
5	1	65	0.0	0.0	nan	nan	0.0	0.0
5	1	62	0.0	0.0	nan	nan	0.0	0.0
5	1	59	0.0	0.0	nan	nan	0.0	0.0
5	1	56	0.0	0.0	nan	nan	0.0	0.0
5	1	53	0.0	0.0	nan	nan	0.0	0.0
5	1	50	0.0	0.0	nan	nan	0.0	0.0
5	1	47	0.0	0.0	nan	nan	0.0	0.0
5	1	44	0.0	0.0	nan	nan	0.0	0.0
5	1	41	0.0	0.0	nan	nan	0.0	0.0
5	1	38	0.0	0.0	nan	nan	0.0	0.0
5	1	35	0.0	0.0	nan	nan	0.0	0.0
5	1	32	0.0	0.0	nan	nan	0.0	0.0
5	1	29	0.0	0.0	nan	nan	0.0	0.0
5	2	80	1.269	0.452	17.065	1.181	0.839	1.0
5	2	77	1.067	0.458	19.0	1.619	0.452	0.968
5	2	74	0.111	0.333	20.826	1.749	0.032	0.742
5	2	71	0.0	0.0	23.0	1.633	0.0	0.226
5	2	68	0.0	0.0	nan	nan	0.0	0.0
5	2	65	0.0	0.0	nan	nan	0.0	0.0
5	2	62	0.0	0.0	nan	nan	0.0	0.0
5	2	59	0.0	0.0	nan	nan	0.0	0.0
5	2	56	0.0	0.0	nan	nan	0.0	0.0
5	2	53	0.0	0.0	nan	nan	0.0	0.0
5	2	50	0.0	0.0	nan	nan	0.0	0.0
5	2	47	0.0	0.0	nan	nan	0.0	0.0
5	2	44	0.0	0.0	nan	nan	0.0	0.0
5	2	41	0.0	0.0	nan	nan	0.0	0.0
5	2	38	0.0	0.0	nan	nan	0.0	0.0
5	2	35	0.0	0.0	nan	nan	0.0	0.0
5	2	32	0.0	0.0	nan	nan	0.0	0.0
5	2	29	0.0	0.0	nan	nan	0.0	0.0
5	3	80	1.276	0.455	17.161	1.068	0.935	1.0
5	3	77	1.0	0.392	18.533	1.776	0.419	0.968
5	3	74	0.333	0.492	21.13	2.668	0.129	0.742
5	3	71	0.0	0.0	24.5	0.707	0.0	0.065
5	3	68	0.0	0.0	nan	nan	0.0	0.0
5	3	65	0.0	0.0	nan	nan	0.0	0.0
5	3	62	0.0	0.0	nan	nan	0.0	0.0
5	3	59	0.0	0.0	nan	nan	0.0	0.0
5	3	56	0.0	0.0	nan	nan	0.0	0.0
5	3	53	0.0	0.0	nan	nan	0.0	0.0
5	3	50	0.0	0.0	nan	nan	0.0	0.0
5	3	47	0.0	0.0	nan	nan	0.0	0.0
5	3	44	0.0	0.0	nan	nan	0.0	0.0
5	3	41	0.0	0.0	nan	nan	0.0	0.0
5	3	38	0.0	0.0	nan	nan	0.0	0.0
5	3	35	0.0	0.0	nan	nan	0.0	0.0
5	3	32	0.0	0.0	nan	nan	0.0	0.0
5	3	29	0.0	0.0	nan	nan	0.0	0.0
5	4	80	1.227	0.429	17.645	1.112	0.71	1.0
5	4	77	0.857	0.363	18.759	1.766	0.387	0.935
5	4	74	0.222	0.441	21.0	1.769	0.065	0.774
5	4	71	0.0	0.0	21.333	0.577	0.0	0.097
5	4	68	0.0	0.0	nan	nan	0.0	0.0
5	4	65	0.0	0.0	nan	nan	0.0	0.0
5	4	62	0.0	0.0	nan	nan	0.0	0.0
5	4	59	0.0	0.0	nan	nan	0.0	0.0
5	4	56	0.0	0.0	nan	nan	0.0	0.0
5	4	53	0.0	0.0	nan	nan	0.0	0.0
5	4	50	0.0	0.0	nan	nan	0.0	0.0
5	4	47	0.0	0.0	nan	nan	0.0	0.0
5	4	44	0.0	0.0	nan	nan	0.0	0.0
5	4	41	0.0	0.0	nan	nan	0.0	0.0
5	4	38	0.0	0.0	nan	nan	0.0	0.0
5	4	35	0.0	0.0	nan	nan	0.0	0.0
5	4	32	0.0	0.0	nan	nan	0.0	0.0
5	4	29	0.0	0.0	nan	nan	0.0	0.0
5	5	80	1.269	0.452	17.355	1.253	0.839	1.0
5	5	77	1.0	0.577	18.966	1.636	0.355	0.935
5	5	74	0.111	0.333	21.391	1.699	0.032	0.742
5	5	71	0.037	0.192	21.0	3.162	0.032	0.161
5	5	68	0.0	0.0	nan	nan	0.0	0.0
5	5	65	0.0	0.0	nan	nan	0.0	0.0
5	5	62	0.0	0.0	nan	nan	0.0	0.0
5	5	59	0.0	0.0	nan	nan	0.0	0.0
5	5	56	0.0	0.0	nan	nan	0.0	0.0
5	5	53	0.0	0.0	nan	nan	0.0	0.0
5	5	50	0.0	0.0	nan	nan	0.0	0.0
5	5	47	0.0	0.0	nan	nan	0.0	0.0
5	5	44	0.0	0.0	nan	nan	0.0	0.0
5	5	41	0.0	0.0	nan	nan	0.0	0.0
5	5	38	0.0	0.0	nan	nan	0.0	0.0
5	5	35	0.0	0.0	nan	nan	0.0	0.0
5	5	32	0.0	0.0	nan	nan	0.0	0.0
5	5	29	0.0	0.0	nan	nan	0.0	0.0
5	6	80	1.19	0.402	17.774	1.839	0.677	1.0
5	6	77	1.143	0.363	19.065	1.931	0.452	1.0
5	6	74	0.143	0.363	21.0	2.134	0.065	0.613
5	6	71	0.0	0.0	22.75	2.754	0.0	0.129
5	6	68	0.0	0.0	nan	nan	0.0	0.0
5	6	65	0.0	0.0	nan	nan	0.0	0.0
5	6	62	0.0	0.0	nan	nan	0.0	0.0
5	6	59	0.0	0.0	nan	nan	0.0	0.0
5	6	56	0.0	0.0	nan	nan	0.0	0.0
5	6	53	0.0	0.0	nan	nan	0.0	0.0
5	6	50	0.0	0.0	nan	nan	0.0	0.0
5	6	47	0.0	0.0	nan	nan	0.0	0.0
5	6	44	0.0	0.0	nan	nan	0.0	0.0
5	6	41	0.0	0.0	nan	nan	0.0	0.0
5	6	38	0.0	0.0	nan	nan	0.0	0.0
5	6	35	0.0	0.0	nan	nan	0.0	0.0
5	6	32	0.0	0.0	nan	nan	0.0	0.0
5	6	29	0.0	0.0	nan	nan	0.0	0.0
5	7	80	1.107	0.416	17.333	1.348	0.871	0.968
5	7	77	1.0	0.535	19.233	1.194	0.226	0.968
5	7	74	0.4	0.516	21.32	2.268	0.129	0.806
5	7	71	0.083	0.408	21.75	2.435	0.032	0.258
5	7	68	0.0	0.0	nan	nan	0.0	0.0
5	7	65	0.0	0.0	nan	nan	0.0	0.0
5	7	62	0.0	0.0	nan	nan	0.0	0.0
5	7	59	0.0	0.0	nan	nan	0.0	0.0
5	7	56	0.0	0.0	nan	nan	0.0	0.0
5	7	53	0.0	0.0	nan	nan	0.0	0.0
5	7	50	0.0	0.0	nan	nan	0.0	0.0
5	7	47	0.0	0.0	nan	nan	0.0	0.0
5	7	44	0.0	0.0	nan	nan	0.0	0.0
5	7	41	0.0	0.0	nan	nan	0.0	0.0
5	7	38	0.0	0.0	nan	nan	0.0	0.0
5	7	35	0.0	0.0	nan	nan	0.0	0.0
5	7	32	0.0	0.0	nan	nan	0.0	0.0
5	7	29	0.0	0.0	nan	nan	0.0	0.0
5	8	80	1.148	0.362	17.065	1.181	0.871	1.0
5	8	77	1.167	0.389	19.194	1.797	0.387	1.0
5	8	74	0.1	0.316	21.273	2.004	0.032	0.71
5	8	71	0.0	0.0	22.0	1.732	0.0	0.097
5	8	68	0.0	0.0	nan	nan	0.0	0.0
5	8	65	0.0	0.0	nan	nan	0.0	0.0
5	8	62	0.0	0.0	nan	nan	0.0	0.0
5	8	59	0.0	0.0	nan	nan	0.0	0.0
5	8	56	0.0	0.0	nan	nan	0.0	0.0
5	8	53	0.0	0.0	nan	nan	0.0	0.0
5	8	50	0.0	0.0	nan	nan	0.0	0.0
5	8	47	0.0	0.0	nan	nan	0.0	0.0
5	8	44	0.0	0.0	nan	nan	0.0	0.0
5	8	41	0.0	0.0	nan	nan	0.0	0.0
5	8	38	0.0	0.0	nan	nan	0.0	0.0
5	8	35	0.0	0.0	nan	nan	0.0	0.0
5	8	32	0.0	0.0	nan	nan	0.0	0.0
5	8	29	0.0	0.0	nan	nan	0.0	0.0
5	9	80	1.043	0.209	17.871	1.477	0.742	1.0
5	9	77	0.714	0.488	19.448	1.785	0.161	0.935
5	9	74	0.25	0.452	21.273	2.208	0.097	0.71
5	9	71	0.0	0.0	22.333	0.577	0.0	0.097
5	9	68	0.0	0.0	22.0	0.0	0.0	0.032
5	9	65	0.0	0.0	nan	nan	0.0	0.0
5	9	62	0.0	0.0	nan	nan	0.0	0.0
5	9	59	0.0	0.0	nan	nan	0.0	0.0
5	9	56	0.0	0.0	nan	nan	0.0	0.0
5	9	53	0.0	0.0	nan	nan	0.0	0.0
5	9	50	0.0	0.0	nan	nan	0.0	0.0
5	9	47	0.0	0.0	nan	nan	0.0	0.0
5	9	44	0.0	0.0	nan	nan	0.0	0.0
5	9	41	0.0	0.0	nan	nan	0.0	0.0
5	9	38	0.0	0.0	nan	nan	0.0	0.0
5	9	35	0.0	0.0	nan	nan	0.0	0.0
5	9	32	0.0	0.0	nan	nan	0.0	0.0
5	9	29	0.0	0.0	nan	nan	0.0	0.0
5	10	80	1.2	0.407	17.0	1.155	0.968	1.0
5	10	77	1.0	0.516	19.31	2.332	0.452	0.935
5	10	74	0.062	0.25	21.875	2.217	0.032	0.516
5	10	71	0.0	0.0	nan	nan	0.0	0.0
5	10	68	0.0	0.0	nan	nan	0.0	0.0
5	10	65	0.0	0.0	nan	nan	0.0	0.0
5	10	62	0.0	0.0	nan	nan	0.0	0.0
5	10	59	0.0	0.0	nan	nan	0.0	0.0
5	10	56	0.0	0.0	nan	nan	0.0	0.0
5	10	53	0.0	0.0	nan	nan	0.0	0.0
5	10	50	0.0	0.0	nan	nan	0.0	0.0
5	10	47	0.0	0.0	nan	nan	0.0	0.0
5	10	44	0.0	0.0	nan	nan	0.0	0.0
5	10	41	0.0	0.0	nan	nan	0.0	0.0
5	10	38	0.0	0.0	nan	nan	0.0	0.0
5	10	35	0.0	0.0	nan	nan	0.0	0.0
5	10	32	0.0	0.0	nan	nan	0.0	0.0
5	10	29	0.0	0.0	nan	nan	0.0	0.0
5	11	80	1.12	0.332	17.484	1.092	0.806	1.0
5	11	77	1.083	0.289	19.355	1.836	0.387	1.0
5	11	74	0.308	0.48	20.5	1.845	0.129	0.71
5	11	71	0.0	0.0	23.25	2.217	0.0	0.129
5	11	68	0.0	0.0	nan	nan	0.0	0.0
5	11	65	0.0	0.0	nan	nan	0.0	0.0
5	11	62	0.0	0.0	nan	nan	0.0	0.0
5	11	59	0.0	0.0	nan	nan	0.0	0.0
5	11	56	0.0	0.0	nan	nan	0.0	0.0
5	11	53	0.0	0.0	nan	nan	0.0	0.0
5	11	50	0.0	0.0	nan	nan	0.0	0.0
5	11	47	0.0	0.0	nan	nan	0.0	0.0
5	11	44	0.0	0.0	nan	nan	0.0	0.0
5	11	41	0.0	0.0	nan	nan	0.0	0.0
5	11	38	0.0	0.0	nan	nan	0.0	0.0
5	11	35	0.0	0.0	nan	nan	0.0	0.0
5	11	32	0.0	0.0	nan	nan	0.0	0.0
5	11	29	0.0	0.0	nan	nan	0.0	0.0
5	12	80	1.083	0.282	17.71	1.575	0.774	1.0
5	12	77	1.0	0.426	19.0	1.742	0.355	0.968
5	12	74	0.077	0.277	21.053	1.615	0.032	0.613
5	12	71	0.0	0.0	24.0	4.243	0.0	0.065
5	12	68	0.0	0.0	nan	nan	0.0	0.0
5	12	65	0.0	0.0	nan	nan	0.0	0.0
5	12	62	0.0	0.0	nan	nan	0.0	0.0
5	12	59	0.0	0.0	nan	nan	0.0	0.0
5	12	56	0.0	0.0	nan	nan	0.0	0.0
5	12	53	0.0	0.0	nan	nan	0.0	0.0
5	12	50	0.0	0.0	nan	nan	0.0	0.0
5	12	47	0.0	0.0	nan	nan	0.0	0.0
5	12	44	0.0	0.0	nan	nan	0.0	0.0
5	12	41	0.0	0.0	nan	nan	0.0	0.0
5	12	38	0.0	0.0	nan	nan	0.0	0.0
5	12	35	0.0	0.0	nan	nan	0.0	0.0
5	12	32	0.0	0.0	nan	nan	0.0	0.0
5	12	29	0.0	0.0	nan	nan	0.0	0.0
5	13	80	1.107	0.315	17.355	0.877	0.903	1.0
5	13	77	1.0	0.535	20.2	2.219	0.226	0.968
5	13	74	0.133	0.352	20.611	2.66	0.065	0.581
5	13	71	0.0	0.0	24.5	2.121	0.0	0.065
5	13	68	0.0	0.0	nan	nan	0.0	0.0
5	13	65	0.0	0.0	nan	nan	0.0	0.0
5	13	62	0.0	0.0	nan	nan	0.0	0.0
5	13	59	0.0	0.0	nan	nan	0.0	0.0
5	13	56	0.0	0.0	nan	nan	0.0	0.0
5	13	53	0.0	0.0	nan	nan	0.0	0.0
5	13	50	0.0	0.0	nan	nan	0.0	0.0
5	13	47	0.0	0.0	nan	nan	0.0	0.0
5	13	44	0.0	0.0	nan	nan	0.0	0.0
5	13	41	0.0	0.0	nan	nan	0.0	0.0
5	13	38	0.0	0.0	nan	nan	0.0	0.0
5	13	35	0.0	0.0	nan	nan	0.0	0.0
5	13	32	0.0	0.0	nan	nan	0.0	0.0
5	13	29	0.0	0.0	nan	nan	0.0	0.0
5	14	80	1.154	0.368	17.065	1.263	0.839	1.0
5	14	77	1.0	0.0	18.677	1.469	0.484	1.0
5	14	74	0.231	0.439	21.048	2.202	0.097	0.677
5	14	71	0.0	0.0	nan	nan	0.0	0.0
5	14	68	0.0	0.0	nan	nan	0.0	0.0
5	14	65	0.0	0.0	nan	nan	0.0	0.0
5	14	62	0.0	0.0	nan	nan	0.0	0.0
5	14	59	0.0	0.0	nan	nan	0.0	0.0
5	14	56	0.0	0.0	nan	nan	0.0	0.0
5	14	53	0.0	0.0	nan	nan	0.0	0.0
5	14	50	0.0	0.0	nan	nan	0.0	0.0
5	14	47	0.0	0.0	nan	nan	0.0	0.0
5	14	44	0.0	0.0	nan	nan	0.0	0.0
5	14	41	0.0	0.0	nan	nan	0.0	0.0
5	14	38	0.0	0.0	nan	nan	0.0	0.0
5	14	35	0.0	0.0	nan	nan	0.0	0.0
5	14	32	0.0	0.0	nan	nan	0.0	0.0
5	14	29	0.0	0.0	nan	nan	0.0	0.0
5	15	80	1.13	0.458	17.6	1.38	0.71	0.968
5	15	77	1.0	0.426	19.433	2.176	0.355	0.968
5	15	74	0.273	0.467	20.87	2.437	0.097	0.742
5	15	71	0.0	0.0	23.75	0.957	0.0	0.129
5	15	68	0.0	0.0	nan	nan	0.0	0.0
5	15	65	0.0	0.0	nan	nan	0.0	0.0
5	15	62	0.0	0.0	nan	nan	0.0	0.0
5	15	59	0.0	0.0	nan	nan	0.0	0.0
5	15	56	0.0	0.0	nan	nan	0.0	0.0
5	15	53	0.0	0.0	nan	nan	0.0	0.0
5	15	50	0.0	0.0	nan	nan	0.0	0.0
5	15	47	0.0	0.0	nan	nan	0.0	0.0
5	15	44	0.0	0.0	nan	nan	0.0	0.0
5	15	41	0.0	0.0	nan	nan	0.0	0.0
5	15	38	0.0	0.0	nan	nan	0.0	0.0
5	15	35	0.0	0.0	nan	nan	0.0	0.0
5	15	32	0.0	0.0	nan	nan	0.0	0.0
5	15	29	0.0	0.0	nan	nan	0.0	0.0
5	16	80	1.111	0.32	17.484	1.235	0.871	1.0
5	16	77	0.818	0.405	19.621	1.781	0.29	0.935
5	16	74	0.273	0.467	20.783	1.953	0.097	0.742
5	16	71	0.0	0.0	22.333	2.733	0.0	0.194
5	16	68	0.0	0.0	nan	nan	0.0	0.0
5	16	65	0.0	0.0	nan	nan	0.0	0.0
5	16	62	0.0	0.0	nan	nan	0.0	0.0
5	16	59	0.0	0.0	nan	nan	0.0	0.0
5	16	56	0.0	0.0	nan	nan	0.0	0.0
5	16	53	0.0	0.0	nan	nan	0.0	0.0
5	16	50	0.0	0.0	nan	nan	0.0	0.0
5	16	47	0.0	0.0	nan	nan	0.0	0.0
5	16	44	0.0	0.0	nan	nan	0.0	0.0
5	16	41	0.0	0.0	nan	nan	0.0	0.0
5	16	38	0.0	0.0	nan	nan	0.0	0.0
5	16	35	0.0	0.0	nan	nan	0.0	0.0
5	16	32	0.0	0.0	nan	nan	0.0	0.0
5	16	29	0.0	0.0	nan	nan	0.0	0.0
5	17	80	1.217	0.422	17.71	1.575	0.742	1.0
5	17	77	0.875	0.5	18.893	1.912	0.419	0.903
5	17	74	0.083	0.289	21.6	2.21	0.032	0.645
5	17	71	0.0	0.0	24.0	3.0	0.0	0.097
5	17	68	0.0	0.0	nan	nan	0.0	0.0
5	17	65	0.0	0.0	nan	nan	0.0	0.0
5	17	62	0.0	0.0	nan	nan	0.0	0.0
5	17	59	0.0	0.0	nan	nan	0.0	0.0
5	17	56	0.0	0.0	nan	nan	0.0	0.0
5	17	53	0.0	0.0	nan	nan	0.0	0.0
5	17	50	0.0	0.0	nan	nan	0.0	0.0
5	17	47	0.0	0.0	nan	nan	0.0	0.0
5	17	44	0.0	0.0	nan	nan	0.0	0.0
5	17	41	0.0	0.0	nan	nan	0.0	0.0
5	17	38	0.0	0.0	nan	nan	0.0	0.0
5	17	35	0.0	0.0	nan	nan	0.0	0.0
5	17	32	0.0	0.0	nan	nan	0.0	0.0
5	17	29	0.0	0.0	nan	nan	0.0	0.0
5	18	80	1.107	0.315	17.194	1.078	0.903	1.0
5	18	77	0.933	0.594	18.571	1.834	0.387	0.903
5	18	74	0.214	0.426	20.5	2.065	0.097	0.645
5	18	71	0.0	0.0	23.333	0.577	0.0	0.097
5	18	68	0.0	0.0	nan	nan	0.0	0.0
5	18	65	0.0	0.0	nan	nan	0.0	0.0
5	18	62	0.0	0.0	nan	nan	0.0	0.0
5	18	59	0.0	0.0	nan	nan	0.0	0.0
5	18	56	0.0	0.0	nan	nan	0.0	0.0
5	18	53	0.0	0.0	nan	nan	0.0	0.0
5	18	50	0.0	0.0	nan	nan	0.0	0.0
5	18	47	0.0	0.0	nan	nan	0.0	0.0
5	18	44	0.0	0.0	nan	nan	0.0	0.0
5	18	41	0.0	0.0	nan	nan	0.0	0.0
5	18	38	0.0	0.0	nan	nan	0.0	0.0
5	18	35	0.0	0.0	nan	nan	0.0	0.0
5	18	32	0.0	0.0	nan	nan	0.0	0.0
5	18	29	0.0	0.0	nan	nan	0.0	0.0
5	19	80	1.214	0.418	17.226	1.627	0.903	1.0
5	19	77	1.0	0.0	19.032	2.008	0.355	1.0
5	19	74	0.1	0.316	20.955	2.058	0.032	0.71
5	19	71	0.0	0.0	22.6	2.702	0.0	0.161
5	19	68	0.0	0.0	nan	nan	0.0	0.0
5	19	65	0.0	0.0	nan	nan	0.0	0.0
5	19	62	0.0	0.0	nan	nan	0.0	0.0
5	19	59	0.0	0.0	nan	nan	0.0	0.0
5	19	56	0.0	0.0	nan	nan	0.0	0.0
5	19	53	0.0	0.0	nan	nan	0.0	0.0
5	19	50	0.0	0.0	nan	nan	0.0	0.0
5	19	47	0.0	0.0	nan	nan	0.0	0.0
5	19	44	0.0	0.0	nan	nan	0.0	0.0
5	19	41	0.0	0.0	nan	nan	0.0	0.0
5	19	38	0.0	0.0	nan	nan	0.0	0.0
5	19	35	0.0	0.0	nan	nan	0.0	0.0
5	19	32	0.0	0.0	nan	nan	0.0	0.0
5	19	29	0.0	0.0	nan	nan	0.0	0.0
5	20	80	1.167	0.381	17.71	1.829	0.774	1.0
5	20	77	1.0	0.378	18.533	1.814	0.452	0.968
5	20	74	0.0	0.0	21.0	2.179	0.0	0.548
5	20	71	0.0	0.0	22.0	1.0	0.0	0.097
5	20	68	0.0	0.0	nan	nan	0.0	0.0
5	20	65	0.0	0.0	nan	nan	0.0	0.0
5	20	62	0.0	0.0	nan	nan	0.0	0.0
5	20	59	0.0	0.0	nan	nan	0.0	0.0
5	20	56	0.0	0.0	nan	nan	0.0	0.0
5	20	53	0.0	0.0	nan	nan	0.0	0.0
5	20	50	0.0	0.0	nan	nan	0.0	0.0
5	20	47	0.0	0.0	nan	nan	0.0	0.0
5	20	44	0.0	0.0	nan	nan	0.0	0.0
5	20	41	0.0	0.0	nan	nan	0.0	0.0
5	20	38	0.0	0.0	nan	nan	0.0	0.0
5	20	35	0.0	0.0	nan	nan	0.0	0.0
5	20	32	0.0	0.0	nan	nan	0.0	0.0
5	20	29	0.0	0.0	nan	nan	0.0	0.0
5	21	80	1.125	0.338	17.548	1.312	0.774	1.0
5	21	77	0.714	0.488	20.034	1.991	0.161	0.935
5	21	74	0.188	0.403	21.389	2.304	0.097	0.581
5	21	71	0.032	0.18	25.0	0.0	0.032	0.032
5	21	68	0.0	0.0	nan	nan	0.0	0.0
5	21	65	0.0	0.0	nan	nan	0.0	0.0
5	21	62	0.0	0.0	nan	nan	0.0	0.0
5	21	59	0.0	0.0	nan	nan	0.0	0.0
5	21	56	0.0	0.0	nan	nan	0.0	0.0
5	21	53	0.0	0.0	nan	nan	0.0	0.0
5	21	50	0.0	0.0	nan	nan	0.0	0.0
5	21	47	0.0	0.0	nan	nan	0.0	0.0
5	21	44	0.0	0.0	nan	nan	0.0	0.0
5	21	41	0.0	0.0	nan	nan	0.0	0.0
5	21	38	0.0	0.0	nan	nan	0.0	0.0
5	21	35	0.0	0.0	nan	nan	0.0	0.0
5	21	32	0.0	0.0	nan	nan	0.0	0.0
5	21	29	0.0	0.0	nan	nan	0.0	0.0
5	22	80	1.043	0.209	17.903	1.599	0.742	1.0
5	22	77	0.857	0.363	19.483	2.246	0.387	0.935
5	22	74	0.176	0.393	20.294	2.845	0.097	0.548
5	22	71	0.0	0.0	22.0	4.243	0.0	0.065
5	22	68	0.0	0.0	nan	nan	0.0	0.0
5	22	65	0.0	0.0	nan	nan	0.0	0.0
5	22	62	0.0	0.0	nan	nan	0.0	0.0
5	22	59	0.0	0.0	nan	nan	0.0	0.0
5	22	56	0.0	0.0	nan	nan	0.0	0.0
5	22	53	0.0	0.0	nan	nan	0.0	0.0
5	22	50	0.0	0.0	nan	nan	0.0	0.0
5	22	47	0.0	0.0	nan	nan	0.0	0.0
5	22	44	0.0	0.0	nan	nan	0.0	0.0
5	22	41	0.0	0.0	nan	nan	0.0	0.0
5	22	38	0.0	0.0	nan	nan	0.0	0.0
5	22	35	0.0	0.0	nan	nan	0.0	0.0
5	22	32	0.0	0.0	nan	nan	0.0	0.0
5	22	29	0.0	0.0	nan	nan	0.0	0.0
5	23	80	1.091	0.294	18.097	2.087	0.71	1.0
5	23	77	1.062	0.443	18.733	1.893	0.484	0.968
5	23	74	0.273	0.467	20.087	1.952	0.097	0.742
5	23	71	0.0	0.0	20.0	0.0	0.0	0.032
5	23	68	0.0	0.0	nan	nan	0.0	0.0
5	23	65	0.0	0.0	nan	nan	0.0	0.0
5	23	62	0.0	0.0	nan	nan	0.0	0.0
5	23	59	0.0	0.0	nan	nan	0.0	0.0
5	23	56	0.0	0.0	nan	nan	0.0	0.0
5	23	53	0.0	0.0	nan	nan	0.0	0.0
5	23	50	0.0	0.0	nan	nan	0.0	0.0
5	23	47	0.0	0.0	nan	nan	0.0	0.0
5	23	44	0.0	0.0	nan	nan	0.0	0.0
5	23	41	0.0	0.0	nan	nan	0.0	0.0
5	23	38	0.0	0.0	nan	nan	0.0	0.0
5	23	35	0.0	0.0	nan	nan	0.0	0.0
5	23	32	0.0	0.0	nan	nan	0.0	0.0
5	23	29	0.0	0.0	nan	nan	0.0	0.0
5	24	80	1.04	0.2	17.452	1.207	0.806	1.0
5	24	77	0.75	0.447	18.815	1.415	0.387	0.871
5	24	74	0.059	0.243	21.667	2.16	0.032	0.484
5	24	71	0.0	0.0	22.667	2.082	0.0	0.097
5	24	68	0.0	0.0	23.0	0.0	0.0	0.032
5	24	65	0.0	0.0	nan	nan	0.0	0.0
5	24	62	0.0	0.0	nan	nan	0.0	0.0
5	24	59	0.0	0.0	nan	nan	0.0	0.0
5	24	56	0.0	0.0	nan	nan	0.0	0.0
5	24	53	0.0	0.0	nan	nan	0.0	0.0
5	24	50	0.0	0.0	nan	nan	0.0	0.0
5	24	47	0.0	0.0	nan	nan	0.0	0.0
5	24	44	0.0	0.0	nan	nan	0.0	0.0
5	24	41	0.0	0.0	nan	nan	0.0	0.0
5	24	38	0.0	0.0	nan	nan	0.0	0.0
5	24	35	0.0	0.0	nan	nan	0.0	0.0
5	24	32	0.0	0.0	nan	nan	0.0	0.0
5	24	29	0.0	0.0	nan	nan	0.0	0.0
5	25	80	1.087	0.288	17.677	1.351	0.742	1.0
5	25	77	1.143	0.363	19.387	1.927	0.452	1.0
5	25	74	0.0	0.0	22.0	2.412	0.0	0.387
5	25	71	0.0	0.0	nan	nan	0.0	0.0
5	25	68	0.0	0.0	nan	nan	0.0	0.0
5	25	65	0.0	0.0	nan	nan	0.0	0.0
5	25	62	0.0	0.0	nan	nan	0.0	0.0
5	25	59	0.0	0.0	nan	nan	0.0	0.0
5	25	56	0.0	0.0	nan	nan	0.0	0.0
5	25	53	0.0	0.0	nan	nan	0.0	0.0
5	25	50	0.0	0.0	nan	nan	0.0	0.0
5	25	47	0.0	0.0	nan	nan	0.0	0.0
5	25	44	0.0	0.0	nan	nan	0.0	0.0
5	25	41	0.0	0.0	nan	nan	0.0	0.0
5	25	38	0.0	0.0	nan	nan	0.0	0.0
5	25	35	0.0	0.0	nan	nan	0.0	0.0
5	25	32	0.0	0.0	nan	nan	0.0	0.0
5	25	29	0.0	0.0	nan	nan	0.0	0.0
5	26	80	1.208	0.415	17.613	1.283	0.774	1.0
5	26	77	0.875	0.342	18.655	1.632	0.452	0.935
5	26	74	0.286	0.469	20.714	2.411	0.129	0.677
5	26	71	0.0	0.0	21.5	0.707	0.0	0.065
5	26	68	0.0	0.0	nan	nan	0.0	0.0
5	26	65	0.0	0.0	nan	nan	0.0	0.0
5	26	62	0.0	0.0	nan	nan	0.0	0.0
5	26	59	0.0	0.0	nan	nan	0.0	0.0
5	26	56	0.0	0.0	nan	nan	0.0	0.0
5	26	53	0.0	0.0	nan	nan	0.0	0.0
5	26	50	0.0	0.0	nan	nan	0.0	0.0
5	26	47	0.0	0.0	nan	nan	0.0	0.0
5	26	44	0.0	0.0	nan	nan	0.0	0.0
5	26	41	0.0	0.0	nan	nan	0.0	0.0
5	26	38	0.0	0.0	nan	nan	0.0	0.0
5	26	35	0.0	0.0	nan	nan	0.0	0.0
5	26	32	0.0	0.0	nan	nan	0.0	0.0
5	26	29	0.0	0.0	nan	nan	0.0	0.0
5	27	80	1.12	0.332	17.452	1.41	0.806	1.0
5	27	77	0.938	0.68	19.037	1.87	0.387	0.871
5	27	74	0.1	0.316	21.545	2.324	0.032	0.71
5	27	71	0.0	0.0	21.714	1.496	0.0	0.226
5	27	68	0.0	0.0	nan	nan	0.0	0.0
5	27	65	0.0	0.0	nan	nan	0.0	0.0
5	27	62	0.0	0.0	nan	nan	0.0	0.0
5	27	59	0.0	0.0	nan	nan	0.0	0.0
5	27	56	0.0	0.0	nan	nan	0.0	0.0
5	27	53	0.0	0.0	nan	nan	0.0	0.0
5	27	50	0.0	0.0	nan	nan	0.0	0.0
5	27	47	0.0	0.0	nan	nan	0.0	0.0
5	27	44	0.0	0.0	nan	nan	0.0	0.0
5	27	41	0.0	0.0	nan	nan	0.0	0.0
5	27	38	0.0	0.0	nan	nan	0.0	0.0
5	27	35	0.0	0.0	nan	nan	0.0	0.0
5	27	32	0.0	0.0	nan	nan	0.0	0.0
5	27	29	0.0	0.0	nan	nan	0.0	0.0
5	28	80	1.048	0.218	17.742	1.154	0.677	1.0
5	28	77	0.8	0.422	19.069	1.689	0.258	0.935
5	28	74	0.235	0.437	20.611	2.973	0.129	0.581
5	28	71	0.0	0.0	27.0	0.0	0.0	0.065
5	28	68	0.0	0.0	nan	nan	0.0	0.0
5	28	65	0.0	0.0	nan	nan	0.0	0.0
5	28	62	0.0	0.0	nan	nan	0.0	0.0
5	28	59	0.0	0.0	nan	nan	0.0	0.0
5	28	56	0.0	0.0	nan	nan	0.0	0.0
5	28	53	0.0	0.0	nan	nan	0.0	0.0
5	28	50	0.0	0.0	nan	nan	0.0	0.0
5	28	47	0.0	0.0	nan	nan	0.0	0.0
5	28	44	0.0	0.0	nan	nan	0.0	0.0
5	28	41	0.0	0.0	nan	nan	0.0	0.0
5	28	38	0.0	0.0	nan	nan	0.0	0.0
5	28	35	0.0	0.0	nan	nan	0.0	0.0
5	28	32	0.0	0.0	nan	nan	0.0	0.0
5	28	29	0.0	0.0	nan	nan	0.0	0.0
5	29	80	1.071	0.262	17.194	1.327	0.903	1.0
5	29	77	1.1	0.738	19.931	2.477	0.258	0.935
5	29	74	0.0	0.0	22.105	2.158	0.0	0.613
5	29	71	0.0	0.0	20.0	0.0	0.0	0.032
5	29	68	0.0	0.0	nan	nan	0.0	0.0
5	29	65	0.0	0.0	nan	nan	0.0	0.0
5	29	62	0.0	0.0	nan	nan	0.0	0.0
5	29	59	0.0	0.0	nan	nan	0.0	0.0
5	29	56	0.0	0.0	nan	nan	0.0	0.0
5	29	53	0.0	0.0	nan	nan	0.0	0.0
5	29	50	0.0	0.0	nan	nan	0.0	0.0
5	29	47	0.0	0.0	nan	nan	0.0	0.0
5	29	44	0.0	0.0	nan	nan	0.0	0.0
5	29	41	0.0	0.0	nan	nan	0.0	0.0
5	29	38	0.0	0.0	nan	nan	0.0	0.0
5	29	35	0.0	0.0	nan	nan	0.0	0.0
5	29	32	0.0	0.0	nan	nan	0.0	0.0
5	29	29	0.0	0.0	nan	nan	0.0	0.0
5	30	80	1.0	0.343	18.0	2.017	0.548	0.968
5	30	77	0.857	0.378	19.733	1.837	0.194	0.968
5	30	74	0.222	0.441	21.375	2.481	0.065	0.774
5	30	71	0.0	0.0	23.0	1.0	0.0	0.097
5	30	68	0.0	0.0	nan	nan	0.0	0.0
5	30	65	0.0	0.0	nan	nan	0.0	0.0
5	30	62	0.0	0.0	nan	nan	0.0	0.0
5	30	59	0.0	0.0	nan	nan	0.0	0.0
5	30	56	0.0	0.0	nan	nan	0.0	0.0
5	30	53	0.0	0.0	nan	nan	0.0	0.0
5	30	50	0.0	0.0	nan	nan	0.0	0.0
5	30	47	0.0	0.0	nan	nan	0.0	0.0
5	30	44	0.0	0.0	nan	nan	0.0	0.0
5	30	41	0.0	0.0	nan	nan	0.0	0.0
5	30	38	0.0	0.0	nan	nan	0.0	0.0
5	30	35	0.0	0.0	nan	nan	0.0	0.0
5	30	32	0.0	0.0	nan	nan	0.0	0.0
5	30	29	0.0	0.0	nan	nan	0.0	0.0
5	31	80	1.048	0.384	17.733	1.596	0.645	0.968
5	31	77	0.714	0.611	19.346	2.481	0.29	0.839
5	31	74	0.059	0.243	21.2	2.513	0.032	0.484
5	31	71	0.0	0.0	22.857	2.035	0.0	0.226
5	31	68	0.0	0.0	nan	nan	0.0	0.0
5	31	65	0.0	0.0	nan	nan	0.0	0.0
5	31	62	0.0	0.0	nan	nan	0.0	0.0
5	31	59	0.0	0.0	nan	nan	0.0	0.0
5	31	56	0.0	0.0	nan	nan	0.0	0.0
5	31	53	0.0	0.0	nan	nan	0.0	0.0
5	31	50	0.0	0.0	nan	nan	0.0	0.0
5	31	47	0.0	0.0	nan	nan	0.0	0.0
5	31	44	0.0	0.0	nan	nan	0.0	0.0
5	31	41	0.0	0.0	nan	nan	0.0	0.0
5	31	38	0.0	0.0	nan	nan	0.0	0.0
5	31	35	0.0	0.0	nan	nan	0.0	0.0
5	31	32	0.0	0.0	nan	nan	0.0	0.0
5	31	29	0.0	0.0	nan	nan	0.0	0.0
6	0	80	4.29	0.461	12.323	0.475	1.0	1.0
6	0	77	4.161	0.374	12.355	0.551	1.0	1.0
6	0	74	4.032	0.18	12.742	0.631	1.0	1.0
6	0	71	3.968	0.18	13.355	0.486	1.0	1.0
6	0	68	3.968	0.18	13.71	0.864	1.0	1.0
6	0	65	3.71	0.461	14.194	0.91	1.0	1.0
6	0	62	3.71	0.461	15.161	0.82	1.0	1.0
6	0	59	3.129	0.499	16.452	1.69	1.0	1.0
6	0	56	2.871	0.499	17.548	1.823	1.0	1.0
6	0	53	2.419	0.564	19.097	1.72	1.0	1.0
6	0	50	2.0	0.258	22.871	3.888	1.0	1.0
6	0	47	1.581	0.72	26.519	5.747	0.871	0.871
6	0	44	0.233	0.568	32.5	6.253	0.161	0.194
6	0	41	0.0	0.0	nan	nan	0.0	0.0
6	0	38	0.0	0.0	35.0	0.0	0.0	0.032
6	0	35	0.0	0.0	nan	nan	0.0	0.0
6	0	32	0.0	0.0	nan	nan	0.0	0.0
6	0	29	0.0	0.0	nan	nan	0.0	0.0
6	1	80	1.115	0.326	17.548	1.091	0.839	1.0
6	1	77	0.909	0.701	19.393	1.729	0.258	0.903
6	1	74	0.0	0.0	21.952	1.774	0.0	0.677
6	1	71	0.0	0.0	23.0	0.0	0.0	0.032
6	1	68	0.0	0.0	nan	nan	0.0	0.0
6	1	65	0.0	0.0	25.0	0.0	0.0	0.032
6	1	62	0.0	0.0	nan	nan	0.0	0.0
6	1	59	0.0	0.0	nan	nan	0.0	0.0
6	1	56	0.0	0.0	nan	nan	0.0	0.0
6	1	53	0.0	0.0	nan	nan	0.0	0.0
6	1	50	0.0	0.0	nan	nan	0.0	0.0
6	1	47	0.0	0.0	nan	nan	0.0	0.0
6	1	44	0.0	0.0	nan	nan	0.0	0.0
6	1	41	0.0	0.0	nan	nan	0.0	0.0
6	1	38	0.0	0.0	nan	nan	0.0	0.0
6	1	35	0.0	0.0	nan	nan	0.0	0.0
6	1	32	0.0	0.0	nan	nan	0.0	0.0
6	1	29	0.0	0.0	nan	nan	0.0	0.0
6	2	80	1.067	0.254	17.355	1.018	0.968	1.0
6	2	77	0.933	0.594	19.393	2.409	0.387	0.903
6	2	74	0.118	0.332	20.75	1.844	0.065	0.516
6	2	71	0.0	0.0	nan	nan	0.0	0.0
6	2	68	0.0	0.0	nan	nan	0.0	0.0
6	2	65	0.0	0.0	nan	nan	0.0	0.0
6	2	62	0.0	0.0	nan	nan	0.0	0.0
6	2	59	0.0	0.0	nan	nan	0.0	0.0
6	2	56	0.0	0.0	nan	nan	0.0	0.0
6	2	53	0.0	0.0	nan	nan	0.0	0.0
6	2	50	0.0	0.0	nan	nan	0.0	0.0
6	2	47	0.0	0.0	nan	nan	0.0	0.0
6	2	44	0.0	0.0	nan	nan	0.0	0.0
6	2	41	0.0	0.0	nan	nan	0.0	0.0
6	2	38	0.0	0.0	nan	nan	0.0	0.0
6	2	35	0.0	0.0	nan	nan	0.0	0.0
6	2	32	0.0	0.0	nan	nan	0.0	0.0
6	2	29	0.0	0.0	nan	nan	0.0	0.0
6	3	80	0.957	0.209	17.767	1.431	0.71	0.968
6	3	77	0.833	0.514	18.852	2.088	0.452	0.871
6	3	74	0.077	0.277	21.368	2.266	0.032	0.613
6	3	71	0.0	0.0	23.5	0.707	0.0	0.065
6	3	68	0.0	0.0	nan	nan	0.0	0.0
6	3	65	0.0	0.0	nan	nan	0.0	0.0
6	3	62	0.0	0.0	nan	nan	0.0	0.0
6	3	59	0.0	0.0	nan	nan	0.0	0.0
6	3	56	0.0	0.0	nan	nan	0.0	0.0
6	3	53	0.0	0.0	nan	nan	0.0	0.0
6	3	50	0.0	0.0	nan	nan	0.0	0.0
6	3	47	0.0	0.0	nan	nan	0.0	0.0
6	3	44	0.0	0.0	nan	nan	0.0	0.0
6	3	41	0.0	0.0	nan	nan	0.0	0.0
6	3	38	0.0	0.0	nan	nan	0.0	0.0
6	3	35	0.0	0.0	nan	nan	0.0	0.0
6	3	32	0.0	0.0	nan	nan	0.0	0.0
6	3	29	0.0	0.0	nan	nan	0.0	0.0
6	4	80	1.136	0.351	17.71	1.465	0.71	1.0
6	4	77	0.733	0.594	19.577	2.485	0.323	0.839
6	4	74	0.083	0.289	21.5	1.987	0.032	0.645
6	4	71	0.0	0.0	21.5	0.577	0.0	0.129
6	4	68	0.0	0.0	nan	nan	0.0	0.0
6	4	65	0.0	0.0	nan	nan	0.0	0.0
6	4	62	0.0	0.0	nan	nan	0.0	0.0
6	4	59	0.0	0.0	nan	nan	0.0	0.0
6	4	56	0.0	0.0	nan	nan	0.0	0.0
6	4	53	0.0	0.0	nan	nan	0.0	0.0
6	4	50	0.0	0.0	nan	nan	0.0	0.0
6	4	47	0.0	0.0	nan	nan	0.0	0.0
6	4	44	0.0	0.0	nan	nan	0.0	0.0
6	4	41	0.0	0.0	nan	nan	0.0	0.0
6	4	38	0.0	0.0	nan	nan	0.0	0.0
6	4	35	0.0	0.0	nan	nan	0.0	0.0
6	4	32	0.0	0.0	nan	nan	0.0	0.0
6	4	29	0.0	0.0	nan	nan	0.0	0.0
6	5	80	1.143	0.359	17.774	1.257	0.677	1.0
6	5	77	0.929	0.267	19.267	1.911	0.419	0.968
6	5	74	0.188	0.403	21.0	2.029	0.097	0.581
6	5	71	0.0	0.0	44.0	33.941	0.0	0.065
6	5	68	0.0	0.0	nan	nan	0.0	0.0
6	5	65	0.0	0.0	nan	nan	0.0	0.0
6	5	62	0.0	0.0	nan	nan	0.0	0.0
6	5	59	0.0	0.0	nan	nan	0.0	0.0
6	5	56	0.0	0.0	nan	nan	0.0	0.0
6	5	53	0.0	0.0	nan	nan	0.0	0.0
6	5	50	0.0	0.0	nan	nan	0.0	0.0
6	5	47	0.0	0.0	nan	nan	0.0	0.0
6	5	44	0.0	0.0	nan	nan	0.0	0.0
6	5	41	0.0	0.0	nan	nan	0.0	0.0
6	5	38	0.0	0.0	nan	nan	0.0	0.0
6	5	35	0.0	0.0	nan	nan	0.0	0.0
6	5	32	0.0	0.0	nan	nan	0.0	0.0
6	5	29	0.0	0.0	nan	nan	0.0	0.0
6	6	80	1.188	0.403	18.355	1.624	0.516	1.0
6	6	77	0.923	0.277	19.567	2.542	0.387	0.968
6	6	74	0.0	0.0	22.211	1.843	0.0	0.613
6	6	71	0.0	0.0	26.0	0.0	0.0	0.032
6	6	68	0.0	0.0	22.0	0.0	0.0	0.032
6	6	65	0.0	0.0	nan	nan	0.0	0.0
6	6	62	0.0	0.0	nan	nan	0.0	0.0
6	6	59	0.0	0.0	nan	nan	0.0	0.0
6	6	56	0.0	0.0	nan	nan	0.0	0.0
6	6	53	0.0	0.0	nan	nan	0.0	0.0
6	6	50	0.0	0.0	nan	nan	0.0	0.0
6	6	47	0.0	0.0	nan	nan	0.0	0.0
6	6	44	0.0	0.0	nan	nan	0.0	0.0
6	6	41	0.0	0.0	nan	nan	0.0	0.0
6	6	38	0.0	0.0	nan	nan	0.0	0.0
6	6	35	0.0	0.0	nan	nan	0.0	0.0
6	6	32	0.0	0.0	nan	nan	0.0	0.0
6	6	29	0.0	0.0	nan	nan	0.0	0.0
6	7	80	1.043	0.209	17.677	1.137	0.742	1.0
6	7	77	0.733	0.458	19.481	2.082	0.355	0.871
6	7	74	0.0	0.0	21.556	1.822	0.0	0.581
6	7	71	0.0	0.0	22.5	0.707	0.0	0.065
6	7	68	0.0	0.0	nan	nan	0.0	0.0
6	7	65	0.0	0.0	nan	nan	0.0	0.0
6	7	62	0.0	0.0	nan	nan	0.0	0.0
6	7	59	0.0	0.0	nan	nan	0.0	0.0
6	7	56	0.0	0.0	nan	nan	0.0	0.0
6	7	53	0.0	0.0	nan	nan	0.0	0.0
6	7	50	0.0	0.0	nan	nan	0.0	0.0
6	7	47	0.0	0.0	nan	nan	0.0	0.0
6	7	44	0.0	0.0	nan	nan	0.0	0.0
6	7	41	0.0	0.0	nan	nan	0.0	0.0
6	7	38	0.0	0.0	nan	nan	0.0	0.0
6	7	35	0.0	0.0	nan	nan	0.0	0.0
6	7	32	0.0	0.0	nan	nan	0.0	0.0
6	7	29	0.0	0.0	nan	nan	0.0	0.0
6	8	80	1.08	0.277	17.516	0.996	0.806	1.0
6	8	77	0.875	0.354	19.8	1.901	0.226	0.968
6	8	74	0.182	0.405	21.682	2.398	0.065	0.71
6	8	71	0.033	0.183	19.0	1.414	0.032	0.065
6	8	68	0.0	0.0	nan	nan	0.0	0.0
6	8	65	0.0	0.0	nan	nan	0.0	0.0
6	8	62	0.0	0.0	nan	nan	0.0	0.0
6	8	59	0.0	0.0	nan	nan	0.0	0.0
6	8	56	0.0	0.0	nan	nan	0.0	0.0
6	8	53	0.0	0.0	nan	nan	0.0	0.0
6	8	50	0.0	0.0	nan	nan	0.0	0.0
6	8	47	0.0	0.0	nan	nan	0.0	0.0
6	8	44	0.0	0.0	nan	nan	0.0	0.0
6	8	41	0.0	0.0	nan	nan	0.0	0.0
6	8	38	0.0	0.0	nan	nan	0.0	0.0
6	8	35	0.0	0.0	nan	nan	0.0	0.0
6	8	32	0.0	0.0	nan	nan	0.0	0.0
6	8	29	0.0	0.0	nan	nan	0.0	0.0
6	9	80	0.95	0.224	18.167	1.704	0.613	0.968
6	9	77	0.7	0.483	19.321	1.867	0.226	0.903
6	9	74	0.0	0.0	20.8	1.751	0.0	0.323
6	9	71	0.0	0.0	21.667	1.528	0.0	0.097
6	9	68	0.0	0.0	nan	nan	0.0	0.0
6	9	65	0.0	0.0	nan	nan	0.0	0.0
6	9	62	0.0	0.0	nan	nan	0.0	0.0
6	9	59	0.0	0.0	nan	nan	0.0	0.0
6	9	56	0.0	0.0	nan	nan	0.0	0.0
6	9	53	0.0	0.0	nan	nan	0.0	0.0
6	9	50	0.0	0.0	nan	nan	0.0	0.0
6	9	47	0.0	0.0	nan	nan	0.0	0.0
6	9	44	0.0	0.0	nan	nan	0.0	0.0
6	9	41	0.0	0.0	nan	nan	0.0	0.0
6	9	38	0.0	0.0	nan	nan	0.0	0.0
6	9	35	0.0	0.0	nan	nan	0.0	0.0
6	9	32	0.0	0.0	nan	nan	0.0	0.0
6	9	29	0.0	0.0	nan	nan	0.0	0.0
6	10	80	1.0	0.0	17.613	1.43	0.742	1.0
6	10	77	0.889	0.333	19.767	2.063	0.258	0.968
6	10	74	0.056	0.236	20.786	2.19	0.032	0.452
6	10	71	0.0	0.0	nan	nan	0.0	0.0
6	10	68	0.0	0.0	nan	nan	0.0	0.0
6	10	65	0.0	0.0	nan	nan	0.0	0.0
6	10	62	0.0	0.0	nan	nan	0.0	0.0
6	10	59	0.0	0.0	nan	nan	0.0	0.0
6	10	56	0.0	0.0	nan	nan	0.0	0.0
6	10	53	0.0	0.0	nan	nan	0.0	0.0
6	10	50	0.0	0.0	nan	nan	0.0	0.0
6	10	47	0.0	0.0	nan	nan	0.0	0.0
6	10	44	0.0	0.0	nan	nan	0.0	0.0
6	10	41	0.0	0.0	nan	nan	0.0	0.0
6	10	38	0.0	0.0	nan	nan	0.0	0.0
6	10	35	0.0	0.0	nan	nan	0.0	0.0
6	10	32	0.0	0.0	nan	nan	0.0	0.0
6	10	29	0.0	0.0	nan	nan	0.0	0.0
6	11	80	1.087	0.288	17.806	1.6	0.742	1.0
6	11	77	0.5	0.527	19.269	1.402	0.161	0.839
6	11	74	0.118	0.332	21.562	2.19	0.065	0.516
6	11	71	0.0	0.0	22.5	3.536	0.0	0.065
6	11	68	0.0	0.0	nan	nan	0.0	0.0
6	11	65	0.0	0.0	nan	nan	0.0	0.0
6	11	62	0.0	0.0	nan	nan	0.0	0.0
6	11	59	0.0	0.0	nan	nan	0.0	0.0
6	11	56	0.0	0.0	nan	nan	0.0	0.0
6	11	53	0.0	0.0	nan	nan	0.0	0.0
6	11	50	0.0	0.0	nan	nan	0.0	0.0
6	11	47	0.0	0.0	nan	nan	0.0	0.0
6	11	44	0.0	0.0	nan	nan	0.0	0.0
6	11	41	0.0	0.0	nan	nan	0.0	0.0
6	11	38	0.0	0.0	nan	nan	0.0	0.0
6	11	35	0.0	0.0	nan	nan	0.0	0.0
6	11	32	0.0	0.0	nan	nan	0.0	0.0
6	11	29	0.0	0.0	nan	nan	0.0	0.0
6	12	80	1.05	0.224	17.839	1.655	0.645	1.0
6	12	77	0.917	0.289	19.433	2.112	0.355	0.968
6	12	74	0.0	0.0	21.75	2.417	0.0	0.387
6	12	71	0.0	0.0	23.0	0.0	0.0	0.032
6	12	68	0.0	0.0	nan	nan	0.0	0.0
6	12	65	0.0	0.0	nan	nan	0.0	0.0
6	12	62	0.0	0.0	nan	nan	0.0	0.0
6	12	59	0.0	0.0	nan	nan	0.0	0.0
6	12	56	0.0	0.0	nan	nan	0.0	0.0
6	12	53	0.0	0.0	nan	nan	0.0	0.0
6	12	50	0.0	0.0	nan	nan	0.0	0.0
6	12	47	0.0	0.0	nan	nan	0.0	0.0
6	12	44	0.0	0.0	nan	nan	0.0	0.0
6	12	41	0.0	0.0	nan	nan	0.0	0.0
6	12	38	0.0	0.0	nan	nan	0.0	0.0
6	12	35	0.0	0.0	nan	nan	0.0	0.0
6	12	32	0.0	0.0	nan	nan	0.0	0.0
6	12	29	0.0	0.0	nan	nan	0.0	0.0
6	13	80	0.955	0.213	18.067	1.617	0.677	0.968
6	13	77	0.75	0.452	19.5	1.374	0.29	0.903
6	13	74	0.0	0.0	25.769	11.039	0.0	0.419
6	13	71	0.0	0.0	22.0	0.0	0.0	0.032
6	13	68	0.0	0.0	nan	nan	0.0	0.0
6	13	65	0.0	0.0	nan	nan	0.0	0.0
6	13	62	0.0	0.0	nan	nan	0.0	0.0
6	13	59	0.0	0.0	nan	nan	0.0	0.0
6	13	56	0.0	0.0	nan	nan	0.0	0.0
6	13	53	0.0	0.0	nan	nan	0.0	0.0
6	13	50	0.0	0.0	nan	nan	0.0	0.0
6	13	47	0.0	0.0	nan	nan	0.0	0.0
6	13	44	0.0	0.0	nan	nan	0.0	0.0
6	13	41	0.0	0.0	nan	nan	0.0	0.0
6	13	38	0.0	0.0	nan	nan	0.0	0.0
6	13	35	0.0	0.0	nan	nan	0.0	0.0
6	13	32	0.0	0.0	nan	nan	0.0	0.0
6	13	29	0.0	0.0	nan	nan	0.0	0.0
6	14	80	1.056	0.236	18.29	1.575	0.581	1.0
6	14	77	1.0	0.0	19.452	2.158	0.387	1.0
6	14	74	0.0	0.0	21.833	1.81	0.0	0.774
6	14	71	0.0	0.0	nan	nan	0.0	0.0
6	14	68	0.0	0.0	nan	nan	0.0	0.0
6	14	65	0.0	0.0	nan	nan	0.0	0.0
6	14	62	0.0	0.0	nan	nan	0.0	0.0
6	14	59	0.0	0.0	nan	nan	0.0	0.0
6	14	56	0.0	0.0	nan	nan	0.0	0.0
6	14	53	0.0	0.0	nan	nan	0.0	0.0
6	14	50	0.0	0.0	nan	nan	0.0	0.0
6	14	47	0.0	0.0	nan	nan	0.0	0.0
6	14	44	0.0	0.0	nan	nan	0.0	0.0
6	14	41	0.0	0.0	nan	nan	0.0	0.0
6	14	38	0.0	0.0	nan	nan	0.0	0.0
6	14	35	0.0	0.0	nan	nan	0.0	0.0
6	14	32	0.0	0.0	nan	nan	0.0	0.0
6	14	29	0.0	0.0	nan	nan	0.0	0.0
6	15	80	1.0	0.0	18.226	1.407	0.613	1.0
6	15	77	0.833	0.389	18.931	1.731	0.323	0.935
6	15	74	0.056	0.236	21.286	2.091	0.032	0.452
6	15	71	0.0	0.0	nan	nan	0.0	0.0
6	15	68	0.0	0.0	nan	nan	0.0	0.0
6	15	65	0.0	0.0	nan	nan	0.0	0.0
6	15	62	0.0	0.0	nan	nan	0.0	0.0
6	15	59	0.0	0.0	nan	nan	0.0	0.0
6	15	56	0.0	0.0	nan	nan	0.0	0.0
6	15	53	0.0	0.0	nan	nan	0.0	0.0
6	15	50	0.0	0.0	nan	nan	0.0	0.0
6	15	47	0.0	0.0	nan	nan	0.0	0.0
6	15	44	0.0	0.0	nan	nan	0.0	0.0
6	15	41	0.0	0.0	nan	nan	0.0	0.0
6	15	38	0.0	0.0	nan	nan	0.0	0.0
6	15	35	0.0	0.0	nan	nan	0.0	0.0
6	15	32	0.0	0.0	nan	nan	0.0	0.0
6	15	29	0.0	0.0	nan	nan	0.0	0.0
6	16	80	1.0	0.0	18.258	1.527	0.613	1.0
6	16	77	0.778	0.667	20.036	2.117	0.194	0.903
6	16	74	0.0	0.0	21.25	1.357	0.0	0.387
6	16	71	0.0	0.0	19.0	0.0	0.0	0.032
6	16	68	0.0	0.0	nan	nan	0.0	0.0
6	16	65	0.0	0.0	nan	nan	0.0	0.0
6	16	62	0.0	0.0	nan	nan	0.0	0.0
6	16	59	0.0	0.0	nan	nan	0.0	0.0
6	16	56	0.0	0.0	nan	nan	0.0	0.0
6	16	53	0.0	0.0	nan	nan	0.0	0.0
6	16	50	0.0	0.0	nan	nan	0.0	0.0
6	16	47	0.0	0.0	nan	nan	0.0	0.0
6	16	44	0.0	0.0	nan	nan	0.0	0.0
6	16	41	0.0	0.0	nan	nan	0.0	0.0
6	16	38	0.0	0.0	nan	nan	0.0	0.0
6	16	35	0.0	0.0	nan	nan	0.0	0.0
6	16	32	0.0	0.0	nan	nan	0.0	0.0
6	16	29	0.0	0.0	nan	nan	0.0	0.0
6	17	80	1.083	0.282	18.129	1.586	0.774	1.0
6	17	77	0.8	0.422	19.621	1.99	0.258	0.935
6	17	74	0.1	0.308	21.154	2.764	0.065	0.419
6	17	71	0.0	0.0	nan	nan	0.0	0.0
6	17	68	0.0	0.0	nan	nan	0.0	0.0
6	17	65	0.0	0.0	nan	nan	0.0	0.0
6	17	62	0.0	0.0	nan	nan	0.0	0.0
6	17	59	0.0	0.0	nan	nan	0.0	0.0
6	17	56	0.0	0.0	nan	nan	0.0	0.0
6	17	53	0.0	0.0	nan	nan	0.0	0.0
6	17	50	0.0	0.0	nan	nan	0.0	0.0
6	17	47	0.0	0.0	nan	nan	0.0	0.0
6	17	44	0.0	0.0	nan	nan	0.0	0.0
6	17	41	0.0	0.0	nan	nan	0.0	0.0
6	17	38	0.0	0.0	nan	nan	0.0	0.0
6	17	35	0.0	0.0	nan	nan	0.0	0.0
6	17	32	0.0	0.0	nan	nan	0.0	0.0
6	17	29	0.0	0.0	nan	nan	0.0	0.0
6	18	80	1.0	0.0	17.806	1.47	0.71	1.0
6	18	77	0.615	0.506	19.385	1.941	0.258	0.839
6	18	74	0.0	0.0	21.333	1.782	0.0	0.581
6	18	71	0.0	0.0	nan	nan	0.0	0.0
6	18	68	0.0	0.0	nan	nan	0.0	0.0
6	18	65	0.0	0.0	nan	nan	0.0	0.0
6	18	62	0.0	0.0	nan	nan	0.0	0.0
6	18	59	0.0	0.0	nan	nan	0.0	0.0
6	18	56	0.0	0.0	nan	nan	0.0	0.0
6	18	53	0.0	0.0	nan	nan	0.0	0.0
6	18	50	0.0	0.0	nan	nan	0.0	0.0
6	18	47	0.0	0.0	nan	nan	0.0	0.0
6	18	44	0.0	0.0	nan	nan	0.0	0.0
6	18	41	0.0	0.0	nan	nan	0.0	0.0
6	18	38	0.0	0.0	nan	nan	0.0	0.0
6	18	35	0.0	0.0	nan	nan	0.0	0.0
6	18	32	0.0	0.0	nan	nan	0.0	0.0
6	18	29	0.0	0.0	nan	nan	0.0	0.0
6	19	80	1.0	0.0	17.935	1.209	0.71	1.0
6	19	77	0.875	0.354	19.6	2.044	0.226	0.968
6	19	74	0.053	0.229	20.846	2.267	0.032	0.419
6	19	71	0.0	0.0	24.0	0.0	0.0	0.065
6	19	68	0.0	0.0	nan	nan	0.0	0.0
6	19	65	0.0	0.0	nan	nan	0.0	0.0
6	19	62	0.0	0.0	nan	nan	0.0	0.0
6	19	59	0.0	0.0	nan	nan	0.0	0.0
6	19	56	0.0	0.0	nan	nan	0.0	0.0
6	19	53	0.0	0.0	nan	nan	0.0	0.0
6	19	50	0.0	0.0	nan	nan	0.0	0.0
6	19	47	0.0	0.0	nan	nan	0.0	0.0
6	19	44	0.0	0.0	nan	nan	0.0	0.0
6	19	41	0.0	0.0	nan	nan	0.0	0.0
6	19	38	0.0	0.0	nan	nan	0.0	0.0
6	19	35	0.0	0.0	nan	nan	0.0	0.0
6	19	32	0.0	0.0	nan	nan	0.0	0.0
6	19	29	0.0	0.0	nan	nan	0.0	0.0
6	20	80	1.143	0.363	18.323	1.869	0.452	1.0
6	20	77	0.6	0.516	19.556	1.528	0.194	0.871
6	20	74	0.095	0.301	21.583	2.109	0.065	0.387
6	20	71	0.0	0.0	23.5	0.707	0.0	0.065
6	20	68	0.0	0.0	nan	nan	0.0	0.0
6	20	65	0.0	0.0	nan	nan	0.0	0.0
6	20	62	0.0	0.0	nan	nan	0.0	0.0
6	20	59	0.0	0.0	nan	nan	0.0	0.0
6	20	56	0.0	0.0	nan	nan	0.0	0.0
6	20	53	0.0	0.0	nan	nan	0.0	0.0
6	20	50	0.0	0.0	nan	nan	0.0	0.0
6	20	47	0.0	0.0	nan	nan	0.0	0.0
6	20	44	0.0	0.0	nan	nan	0.0	0.0
6	20	41	0.0	0.0	nan	nan	0.0	0.0
6	20	38	0.0	0.0	nan	nan	0.0	0.0
6	20	35	0.0	0.0	nan	nan	0.0	0.0
6	20	32	0.0	0.0	nan	nan	0.0	0.0
6	20	29	0.0	0.0	nan	nan	0.0	0.0
6	21	80	1.0	0.0	17.839	1.319	0.742	1.0
6	21	77	0.846	0.376	19.517	1.844	0.355	0.935
6	21	74	0.067	0.258	20.412	1.502	0.032	0.548
6	21	71	0.0	0.0	nan	nan	0.0	0.0
6	21	68	0.0	0.0	nan	nan	0.0	0.0
6	21	65	0.0	0.0	nan	nan	0.0	0.0
6	21	62	0.0	0.0	nan	nan	0.0	0.0
6	21	59	0.0	0.0	nan	nan	0.0	0.0
6	21	56	0.0	0.0	nan	nan	0.0	0.0
6	21	53	0.0	0.0	nan	nan	0.0	0.0
6	21	50	0.0	0.0	nan	nan	0.0	0.0
6	21	47	0.0	0.0	nan	nan	0.0	0.0
6	21	44	0.0	0.0	nan	nan	0.0	0.0
6	21	41	0.0	0.0	nan	nan	0.0	0.0
6	21	38	0.0	0.0	nan	nan	0.0	0.0
6	21	35	0.0	0.0	nan	nan	0.0	0.0
6	21	32	0.0	0.0	nan	nan	0.0	0.0
6	21	29	0.0	0.0	nan	nan	0.0	0.0
6	22	80	1.111	0.323	17.903	1.795	0.581	1.0
6	22	77	0.75	0.463	20.0	2.087	0.194	0.935
6	22	74	0.048	0.218	22.727	2.24	0.032	0.355
6	22	71	0.0	0.0	23.0	2.646	0.0	0.097
6	22	68	0.0	0.0	nan	nan	0.0	0.0
6	22	65	0.0	0.0	nan	nan	0.0	0.0
6	22	62	0.0	0.0	nan	nan	0.0	0.0
6	22	59	0.0	0.0	nan	nan	0.0	0.0
6	22	56	0.0	0.0	nan	nan	0.0	0.0
6	22	53	0.0	0.0	nan	nan	0.0	0.0
6	22	50	0.0	0.0	nan	nan	0.0	0.0
6	22	47	0.0	0.0	nan	nan	0.0	0.0
6	22	44	0.0	0.0	nan	nan	0.0	0.0
6	22	41	0.0	0.0	nan	nan	0.0	0.0
6	22	38	0.0	0.0	nan	nan	0.0	0.0
6	22	35	0.0	0.0	nan	nan	0.0	0.0
6	22	32	0.0	0.0	nan	nan	0.0	0.0
6	22	29	0.0	0.0	nan	nan	0.0	0.0
6	23	80	1.0	0.0	17.774	1.146	0.677	1.0
6	23	77	0.625	0.518	19.714	1.487	0.161	0.903
6	23	74	0.05	0.224	20.25	1.055	0.032	0.387
6	23	71	0.0	0.0	23.0	1.0	0.0	0.161
6	23	68	0.0	0.0	nan	nan	0.0	0.0
6	23	65	0.0	0.0	nan	nan	0.0	0.0
6	23	62	0.0	0.0	nan	nan	0.0	0.0
6	23	59	0.0	0.0	nan	nan	0.0	0.0
6	23	56	0.0	0.0	nan	nan	0.0	0.0
6	23	53	0.0	0.0	nan	nan	0.0	0.0
6	23	50	0.0	0.0	nan	nan	0.0	0.0
6	23	47	0.0	0.0	nan	nan	0.0	0.0
6	23	44	0.0	0.0	nan	nan	0.0	0.0
6	23	41	0.0	0.0	nan	nan	0.0	0.0
6	23	38	0.0	0.0	nan	nan	0.0	0.0
6	23	35	0.0	0.0	nan	nan	0.0	0.0
6	23	32	0.0	0.0	nan	nan	0.0	0.0
6	23	29	0.0	0.0	nan	nan	0.0	0.0
6	24	80	1.0	0.0	18.29	1.697	0.581	1.0
6	24	77	0.5	0.519	19.667	2.014	0.226	0.774
6	24	74	0.062	0.25	21.562	1.413	0.032	0.516
6	24	71	0.0	0.0	nan	nan	0.0	0.0
6	24	68	0.0	0.0	nan	nan	0.0	0.0
6	24	65	0.0	0.0	nan	nan	0.0	0.0
6	24	62	0.0	0.0	nan	nan	0.0	0.0
6	24	59	0.0	0.0	nan	nan	0.0	0.0
6	24	56	0.0	0.0	nan	nan	0.0	0.0
6	24	53	0.0	0.0	nan	nan	0.0	0.0
6	24	50	0.0	0.0	nan	nan	0.0	0.0
6	24	47	0.0	0.0	nan	nan	0.0	0.0
6	24	44	0.0	0.0	nan	nan	0.0	0.0
6	24	41	0.0	0.0	nan	nan	0.0	0.0
6	24	38	0.0	0.0	nan	nan	0.0	0.0
6	24	35	0.0	0.0	nan	nan	0.0	0.0
6	24	32	0.0	0.0	nan	nan	0.0	0.0
6	24	29	0.0	0.0	nan	nan	0.0	0.0
6	25	80	0.941	0.243	18.033	1.273	0.516	0.968
6	25	77	0.5	0.535	20.185	2.095	0.129	0.871
6	25	74	0.08	0.277	20.125	3.044	0.065	0.258
6	25	71	0.0	0.0	24.0	0.0	0.0	0.032
6	25	68	0.0	0.0	nan	nan	0.0	0.0
6	25	65	0.0	0.0	nan	nan	0.0	0.0
6	25	62	0.0	0.0	nan	nan	0.0	0.0
6	25	59	0.0	0.0	nan	nan	0.0	0.0
6	25	56	0.0	0.0	nan	nan	0.0	0.0
6	25	53	0.0	0.0	nan	nan	0.0	0.0
6	25	50	0.0	0.0	nan	nan	0.0	0.0
6	25	47	0.0	0.0	nan	nan	0.0	0.0
6	25	44	0.0	0.0	nan	nan	0.0	0.0
6	25	41	0.0	0.0	nan	nan	0.0	0.0
6	25	38	0.0	0.0	nan	nan	0.0	0.0
6	25	35	0.0	0.0	nan	nan	0.0	0.0
6	25	32	0.0	0.0	nan	nan	0.0	0.0
6	25	29	0.0	0.0	nan	nan	0.0	0.0
6	26	80	1.056	0.236	18.129	1.36	0.581	1.0
6	26	77	0.545	0.522	19.962	1.732	0.194	0.839
6	26	74	0.0	0.0	22.067	1.438	0.0	0.484
6	26	71	0.0	0.0	nan	nan	0.0	0.0
6	26	68	0.0	0.0	nan	nan	0.0	0.0
6	26	65	0.0	0.0	nan	nan	0.0	0.0
6	26	62	0.0	0.0	nan	nan	0.0	0.0
6	26	59	0.0	0.0	nan	nan	0.0	0.0
6	26	56	0.0	0.0	nan	nan	0.0	0.0
6	26	53	0.0	0.0	nan	nan	0.0	0.0
6	26	50	0.0	0.0	nan	nan	0.0	0.0
6	26	47	0.0	0.0	nan	nan	0.0	0.0
6	26	44	0.0	0.0	nan	nan	0.0	0.0
6	26	41	0.0	0.0	nan	nan	0.0	0.0
6	26	38	0.0	0.0	nan	nan	0.0	0.0
6	26	35	0.0	0.0	nan	nan	0.0	0.0
6	26	32	0.0	0.0	nan	nan	0.0	0.0
6	26	29	0.0	0.0	nan	nan	0.0	0.0
6	27	80	0.952	0.218	18.067	1.507	0.645	0.968
6	27	77	0.182	0.405	20.0	1.746	0.065	0.71
6	27	74	0.0	0.0	21.818	2.04	0.0	0.355
6	27	71	0.0	0.0	24.0	0.0	0.0	0.032
6	27	68	0.0	0.0	nan	nan	0.0	0.0
6	27	65	0.0	0.0	nan	nan	0.0	0.0
6	27	62	0.0	0.0	nan	nan	0.0	0.0
6	27	59	0.0	0.0	nan	nan	0.0	0.0
6	27	56	0.0	0.0	nan	nan	0.0	0.0
6	27	53	0.0	0.0	nan	nan	0.0	0.0
6	27	50	0.0	0.0	nan	nan	0.0	0.0
6	27	47	0.0	0.0	nan	nan	0.0	0.0
6	27	44	0.0	0.0	nan	nan	0.0	0.0
6	27	41	0.0	0.0	nan	nan	0.0	0.0
6	27	38	0.0	0.0	nan	nan	0.0	0.0
6	27	35	0.0	0.0	nan	nan	0.0	0.0
6	27	32	0.0	0.0	nan	nan	0.0	0.0
6	27	29	0.0	0.0	nan	nan	0.0	0.0
6	28	80	1.0	0.0	17.419	1.177	0.806	1.0
6	28	77	0.75	0.463	19.828	1.872	0.194	0.935
6	28	74	0.0	0.0	22.375	2.2	0.0	0.258
6	28	71	0.0	0.0	nan	nan	0.0	0.0
6	28	68	0.0	0.0	nan	nan	0.0	0.0
6	28	65	0.0	0.0	nan	nan	0.0	0.0
6	28	62	0.0	0.0	nan	nan	0.0	0.0
6	28	59	0.0	0.0	nan	nan	0.0	0.0
6	28	56	0.0	0.0	nan	nan	0.0	0.0
6	28	53	0.0	0.0	nan	nan	0.0	0.0
6	28	50	0.0	0.0	nan	nan	0.0	0.0
6	28	47	0.0	0.0	nan	nan	0.0	0.0
6	28	44	0.0	0.0	nan	nan	0.0	0.0
6	28	41	0.0	0.0	nan	nan	0.0	0.0
6	28	38	0.0	0.0	nan	nan	0.0	0.0
6	28	35	0.0	0.0	nan	nan	0.0	0.0
6	28	32	0.0	0.0	nan	nan	0.0	0.0
6	28	29	0.0	0.0	nan	nan	0.0	0.0
6	29	80	1.0	0.0	18.065	1.389	0.645	1.0
6	29	77	0.5	0.535	19.63	1.445	0.129	0.871
6	29	74	0.083	0.289	21.35	2.159	0.032	0.645
6	29	71	0.0	0.0	22.0	0.0	0.0	0.065
6	29	68	0.0	0.0	nan	nan	0.0	0.0
6	29	65	0.0	0.0	nan	nan	0.0	0.0
6	29	62	0.0	0.0	nan	nan	0.0	0.0
6	29	59	0.0	0.0	nan	nan	0.0	0.0
6	29	56	0.0	0.0	nan	nan	0.0	0.0
6	29	53	0.0	0.0	nan	nan	0.0	0.0
6	29	50	0.0	0.0	nan	nan	0.0	0.0
6	29	47	0.0	0.0	nan	nan	0.0	0.0
6	29	44	0.0	0.0	nan	nan	0.0	0.0
6	29	41	0.0	0.0	nan	nan	0.0	0.0
6	29	38	0.0	0.0	nan	nan	0.0	0.0
6	29	35	0.0	0.0	nan	nan	0.0	0.0
6	29	32	0.0	0.0	nan	nan	0.0	0.0
6	29	29	0.0	0.0	nan	nan	0.0	0.0
6	30	80	1.05	0.394	18.3	1.393	0.613	0.968
6	30	77	0.562	0.512	18.833	2.12	0.29	0.774
6	30	74	0.0	0.0	21.0	1.936	0.0	0.29
6	30	71	0.0	0.0	nan	nan	0.0	0.0
6	30	68	0.0	0.0	nan	nan	0.0	0.0
6	30	65	0.0	0.0	nan	nan	0.0	0.0
6	30	62	0.0	0.0	nan	nan	0.0	0.0
6	30	59	0.0	0.0	nan	nan	0.0	0.0
6	30	56	0.0	0.0	nan	nan	0.0	0.0
6	30	53	0.0	0.0	nan	nan	0.0	0.0
6	30	50	0.0	0.0	nan	nan	0.0	0.0
6	30	47	0.0	0.0	nan	nan	0.0	0.0
6	30	44	0.0	0.0	nan	nan	0.0	0.0
6	30	41	0.0	0.0	nan	nan	0.0	0.0
6	30	38	0.0	0.0	nan	nan	0.0	0.0
6	30	35	0.0	0.0	nan	nan	0.0	0.0
6	30	32	0.0	0.0	nan	nan	0.0	0.0
6	30	29	0.0	0.0	nan	nan	0.0	0.0
6	31	80	1.0	0.295	17.833	1.262	0.742	0.968
6	31	77	0.643	0.497	19.962	2.569	0.29	0.839
6	31	74	0.059	0.243	20.2	2.007	0.032	0.484
6	31	71	0.0	0.0	nan	nan	0.0	0.0
6	31	68	0.0	0.0	nan	nan	0.0	0.0
6	31	65	0.0	0.0	nan	nan	0.0	0.0
6	31	62	0.0	0.0	nan	nan	0.0	0.0
6	31	59	0.0	0.0	nan	nan	0.0	0.0
6	31	56	0.0	0.0	nan	nan	0.0	0.0
6	31	53	0.0	0.0	nan	nan	0.0	0.0
6	31	50	0.0	0.0	nan	nan	0.0	0.0
6	31	47	0.0	0.0	nan	nan	0.0	0.0
6	31	44	0.0	0.0	nan	nan	0.0	0.0
6	31	41	0.0	0.0	nan	nan	0.0	0.0
6	31	38	0.0	0.0	nan	nan	0.0	0.0
6	31	35	0.0	0.0	nan	nan	0.0	0.0
6	31	32	0.0	0.0	nan	nan	0.0	0.0
6	31	29	0.0	0.0	nan	nan	0.0	0.0
7	0	80	2.0	0.0	16.742	0.93	1.0	1.0
7	0	77	1.548	0.568	17.967	0.85	0.968	0.968
7	0	74	1.233	0.43	19.097	1.3	0.968	1.0
7	0	71	0.964	0.189	21.1	1.296	0.871	0.968
7	0	68	0.429	0.507	23.263	1.91	0.29	0.613
7	0	65	0.032	0.18	25.0	0.0	0.032	0.032
7	0	62	0.0	0.0	nan	nan	0.0	0.0
7	0	59	0.0	0.0	nan	nan	0.0	0.0
7	0	56	0.0	0.0	nan	nan	0.0	0.0
7	0	53	0.0	0.0	nan	nan	0.0	0.0
7	0	50	0.0	0.0	nan	nan	0.0	0.0
7	0	47	0.0	0.0	nan	nan	0.0	0.0
7	0	44	0.0	0.0	nan	nan	0.0	0.0
7	0	41	0.0	0.0	nan	nan	0.0	0.0
7	0	38	0.0	0.0	nan	nan	0.0	0.0
7	0	35	0.0	0.0	nan	nan	0.0	0.0
7	0	32	0.0	0.0	nan	nan	0.0	0.0
7	0	29	0.0	0.0	nan	nan	0.0	0.0
7	1	80	1.0	0.0	17.839	1.319	0.645	1.0
7	1	77	0.857	0.378	19.933	1.874	0.194	0.968
7	1	74	0.0	0.0	19.929	1.141	0.0	0.452
7	1	71	0.0	0.0	23.5	0.707	0.0	0.065
7	1	68	0.0	0.0	nan	nan	0.0	0.0
7	1	65	0.0	0.0	nan	nan	0.0	0.0
7	1	62	0.0	0.0	nan	nan	0.0	0.0
7	1	59	0.0	0.0	nan	nan	0.0	0.0
7	1	56	0.0	0.0	nan	nan	0.0	0.0
7	1	53	0.0	0.0	nan	nan	0.0	0.0
7	1	50	0.0	0.0	nan	nan	0.0	0.0
7	1	47	0.0	0.0	nan	nan	0.0	0.0
7	1	44	0.0	0.0	nan	nan	0.0	0.0
7	1	41	0.0	0.0	nan	nan	0.0	0.0
7	1	38	0.0	0.0	nan	nan	0.0	0.0
7	1	35	0.0	0.0	nan	nan	0.0	0.0
7	1	32	0.0	0.0	nan	nan	0.0	0.0
7	1	29	0.0	0.0	nan	nan	0.0	0.0
7	2	80	0.9	0.447	18.036	2.168	0.548	0.903
7	2	77	0.444	0.527	20.308	2.055	0.129	0.839
7	2	74	0.043	0.209	22.0	2.062	0.032	0.29
7	2	71	0.0	0.0	nan	nan	0.0	0.0
7	2	68	0.0	0.0	nan	nan	0.0	0.0
7	2	65	0.0	0.0	nan	nan	0.0	0.0
7	2	62	0.0	0.0	nan	nan	0.0	0.0
7	2	59	0.0	0.0	nan	nan	0.0	0.0
7	2	56	0.0	0.0	nan	nan	0.0	0.0
7	2	53	0.0	0.0	nan	nan	0.0	0.0
7	2	50	0.0	0.0	nan	nan	0.0	0.0
7	2	47	0.0	0.0	nan	nan	0.0	0.0
7	2	44	0.0	0.0	nan	nan	0.0	0.0
7	2	41	0.0	0.0	nan	nan	0.0	0.0
7	2	38	0.0	0.0	nan	nan	0.0	0.0
7	2	35	0.0	0.0	nan	nan	0.0	0.0
7	2	32	0.0	0.0	nan	nan	0.0	0.0
7	2	29	0.0	0.0	nan	nan	0.0	0.0
7	3	80	1.0	0.0	18.29	1.697	0.516	1.0
7	3	77	0.647	0.493	18.68	1.676	0.355	0.806
7	3	74	0.053	0.229	22.154	2.512	0.032	0.419
7	3	71	0.0	0.0	nan	nan	0.0	0.0
7	3	68	0.0	0.0	nan	nan	0.0	0.0
7	3	65	0.0	0.0	nan	nan	0.0	0.0
7	3	62	0.0	0.0	nan	nan	0.0	0.0
7	3	59	0.0	0.0	nan	nan	0.0	0.0
7	3	56	0.0	0.0	nan	nan	0.0	0.0
7	3	53	0.0	0.0	nan	nan	0.0	0.0
7	3	50	0.0	0.0	nan	nan	0.0	0.0
7	3	47	0.0	0.0	nan	nan	0.0	0.0
7	3	44	0.0	0.0	nan	nan	0.0	0.0
7	3	41	0.0	0.0	nan	nan	0.0	0.0
7	3	38	0.0	0.0	nan	nan	0.0	0.0
7	3	35	0.0	0.0	nan	nan	0.0	0.0
7	3	32	0.0	0.0	nan	nan	0.0	0.0
7	3	29	0.0	0.0	nan	nan	0.0	0.0
7	4	80	0.95	0.224	18.267	1.258	0.613	0.968
7	4	77	0.833	0.753	20.724	2.068	0.129	0.935
7	4	74	0.095	0.301	20.833	1.801	0.065	0.387
7	4	71	0.032	0.18	17.0	0.0	0.032	0.032
7	4	68	0.0	0.0	nan	nan	0.0	0.0
7	4	65	0.0	0.0	nan	nan	0.0	0.0
7	4	62	0.0	0.0	nan	nan	0.0	0.0
7	4	59	0.0	0.0	nan	nan	0.0	0.0
7	4	56	0.0	0.0	nan	nan	0.0	0.0
7	4	53	0.0	0.0	nan	nan	0.0	0.0
7	4	50	0.0	0.0	nan	nan	0.0	0.0
7	4	47	0.0	0.0	nan	nan	0.0	0.0
7	4	44	0.0	0.0	nan	nan	0.0	0.0
7	4	41	0.0	0.0	nan	nan	0.0	0.0
7	4	38	0.0	0.0	nan	nan	0.0	0.0
7	4	35	0.0	0.0	nan	nan	0.0	0.0
7	4	32	0.0	0.0	nan	nan	0.0	0.0
7	4	29	0.0	0.0	nan	nan	0.0	0.0
7	5	80	0.952	0.218	18.1	1.539	0.645	0.968
7	5	77	0.429	0.514	20.043	2.099	0.194	0.742
7	5	74	0.056	0.236	22.143	2.214	0.032	0.452
7	5	71	0.0	0.0	21.0	0.0	0.0	0.032
7	5	68	0.0	0.0	nan	nan	0.0	0.0
7	5	65	0.0	0.0	nan	nan	0.0	0.0
7	5	62	0.0	0.0	nan	nan	0.0	0.0
7	5	59	0.0	0.0	nan	nan	0.0	0.0
7	5	56	0.0	0.0	nan	nan	0.0	0.0
7	5	53	0.0	0.0	nan	nan	0.0	0.0
7	5	50	0.0	0.0	nan	nan	0.0	0.0
7	5	47	0.0	0.0	nan	nan	0.0	0.0
7	5	44	0.0	0.0	nan	nan	0.0	0.0
7	5	41	0.0	0.0	nan	nan	0.0	0.0
7	5	38	0.0	0.0	nan	nan	0.0	0.0
7	5	35	0.0	0.0	nan	nan	0.0	0.0
7	5	32	0.0	0.0	nan	nan	0.0	0.0
7	5	29	0.0	0.0	nan	nan	0.0	0.0
7	6	80	0.95	0.394	18.276	1.461	0.581	0.935
7	6	77	0.75	0.452	19.607	1.931	0.29	0.903
7	6	74	0.118	0.332	21.938	2.235	0.065	0.516
7	6	71	0.0	0.0	20.0	0.0	0.0	0.065
7	6	68	0.0	0.0	nan	nan	0.0	0.0
7	6	65	0.0	0.0	nan	nan	0.0	0.0
7	6	62	0.0	0.0	nan	nan	0.0	0.0
7	6	59	0.0	0.0	nan	nan	0.0	0.0
7	6	56	0.0	0.0	nan	nan	0.0	0.0
7	6	53	0.0	0.0	nan	nan	0.0	0.0
7	6	50	0.0	0.0	nan	nan	0.0	0.0
7	6	47	0.0	0.0	nan	nan	0.0	0.0
7	6	44	0.0	0.0	nan	nan	0.0	0.0
7	6	41	0.0	0.0	nan	nan	0.0	0.0
7	6	38	0.0	0.0	nan	nan	0.0	0.0
7	6	35	0.0	0.0	nan	nan	0.0	0.0
7	6	32	0.0	0.0	nan	nan	0.0	0.0
7	6	29	0.0	0.0	nan	nan	0.0	0.0
7	7	80	1.0	0.289	17.7	1.119	0.774	0.968
7	7	77	0.583	0.515	20.231	2.566	0.226	0.839
7	7	74	0.0	0.0	20.857	1.657	0.0	0.452
7	7	71	0.0	0.0	nan	nan	0.0	0.0
7	7	68	0.0	0.0	nan	nan	0.0	0.0
7	7	65	0.0	0.0	nan	nan	0.0	0.0
7	7	62	0.0	0.0	nan	nan	0.0	0.0
7	7	59	0.0	0.0	nan	nan	0.0	0.0
7	7	56	0.0	0.0	nan	nan	0.0	0.0
7	7	53	0.0	0.0	nan	nan	0.0	0.0
7	7	50	0.0	0.0	nan	nan	0.0	0.0
7	7	47	0.0	0.0	nan	nan	0.0	0.0
7	7	44	0.0	0.0	nan	nan	0.0	0.0
7	7	41	0.0	0.0	nan	nan	0.0	0.0
7	7	38	0.0	0.0	nan	nan	0.0	0.0
7	7	35	0.0	0.0	nan	nan	0.0	0.0
7	7	32	0.0	0.0	nan	nan	0.0	0.0
7	7	29	0.0	0.0	nan	nan	0.0	0.0
7	8	80	1.0	0.0	17.806	1.515	0.613	1.0
7	8	77	0.308	0.48	20.591	2.062	0.129	0.71
7	8	74	0.0	0.0	20.0	1.414	0.0	0.065
7	8	71	0.033	0.183	19.0	2.828	0.032	0.065
7	8	68	0.0	0.0	nan	nan	0.0	0.0
7	8	65	0.0	0.0	nan	nan	0.0	0.0
7	8	62	0.0	0.0	nan	nan	0.0	0.0
7	8	59	0.0	0.0	nan	nan	0.0	0.0
7	8	56	0.0	0.0	nan	nan	0.0	0.0
7	8	53	0.0	0.0	nan	nan	0.0	0.0
7	8	50	0.0	0.0	nan	nan	0.0	0.0
7	8	47	0.0	0.0	nan	nan	0.0	0.0
7	8	44	0.0	0.0	nan	nan	0.0	0.0
7	8	41	0.0	0.0	nan	nan	0.0	0.0
7	8	38	0.0	0.0	nan	nan	0.0	0.0
7	8	35	0.0	0.0	nan	nan	0.0	0.0
7	8	32	0.0	0.0	nan	nan	0.0	0.0
7	8	29	0.0	0.0	nan	nan	0.0	0.0
7	9	80	1.0	0.324	17.833	1.464	0.613	0.968
7	9	77	0.643	0.497	19.462	2.102	0.29	0.839
7	9	74	0.048	0.218	21.455	2.382	0.032	0.355
7	9	71	0.0	0.0	25.0	0.0	0.0	0.032
7	9	68	0.0	0.0	nan	nan	0.0	0.0
7	9	65	0.0	0.0	nan	nan	0.0	0.0
7	9	62	0.0	0.0	nan	nan	0.0	0.0
7	9	59	0.0	0.0	nan	nan	0.0	0.0
7	9	56	0.0	0.0	nan	nan	0.0	0.0
7	9	53	0.0	0.0	nan	nan	0.0	0.0
7	9	50	0.0	0.0	nan	nan	0.0	0.0
7	9	47	0.0	0.0	nan	nan	0.0	0.0
7	9	44	0.0	0.0	nan	nan	0.0	0.0
7	9	41	0.0	0.0	nan	nan	0.0	0.0
7	9	38	0.0	0.0	nan	nan	0.0	0.0
7	9	35	0.0	0.0	nan	nan	0.0	0.0
7	9	32	0.0	0.0	nan	nan	0.0	0.0
7	9	29	0.0	0.0	nan	nan	0.0	0.0
7	10	80	1.053	0.229	17.839	1.267	0.613	1.0
7	10	77	0.571	0.514	19.36	1.497	0.258	0.806
7	10	74	0.0	0.0	21.875	1.642	0.0	0.258
7	10	71	0.0	0.0	nan	nan	0.0	0.0
7	10	68	0.0	0.0	21.0	0.0	0.0	0.032
7	10	65	0.0	0.0	nan	nan	0.0	0.0
7	10	62	0.0	0.0	nan	nan	0.0	0.0
7	10	59	0.0	0.0	nan	nan	0.0	0.0
7	10	56	0.0	0.0	nan	nan	0.0	0.0
7	10	53	0.0	0.0	nan	nan	0.0	0.0
7	10	50	0.0	0.0	nan	nan	0.0	0.0
7	10	47	0.0	0.0	nan	nan	0.0	0.0
7	10	44	0.0	0.0	nan	nan	0.0	0.0
7	10	41	0.0	0.0	nan	nan	0.0	0.0
7	10	38	0.0	0.0	nan	nan	0.0	0.0
7	10	35	0.0	0.0	nan	nan	0.0	0.0
7	10	32	0.0	0.0	nan	nan	0.0	0.0
7	10	29	0.0	0.0	nan	nan	0.0	0.0
7	11	80	1.0	0.0	18.065	1.504	0.742	1.0
7	11	77	0.5	0.522	19.8	1.915	0.194	0.806
7	11	74	0.158	0.501	20.714	2.701	0.065	0.452
7	11	71	0.0	0.0	nan	nan	0.0	0.0
7	11	68	0.0	0.0	nan	nan	0.0	0.0
7	11	65	0.0	0.0	nan	nan	0.0	0.0
7	11	62	0.0	0.0	nan	nan	0.0	0.0
7	11	59	0.0	0.0	nan	nan	0.0	0.0
7	11	56	0.0	0.0	nan	nan	0.0	0.0
7	11	53	0.0	0.0	nan	nan	0.0	0.0
7	11	50	0.0	0.0	nan	nan	0.0	0.0
7	11	47	0.0	0.0	nan	nan	0.0	0.0
7	11	44	0.0	0.0	nan	nan	0.0	0.0
7	11	41	0.0	0.0	nan	nan	0.0	0.0
7	11	38	0.0	0.0	nan	nan	0.0	0.0
7	11	35	0.0	0.0	nan	nan	0.0	0.0
7	11	32	0.0	0.0	nan	nan	0.0	0.0
7	11	29	0.0	0.0	nan	nan	0.0	0.0
7	12	80	0.895	0.315	18.448	1.526	0.548	0.935
7	12	77	0.455	0.522	19.6	1.443	0.161	0.806
7	12	74	0.083	0.282	20.333	2.0	0.065	0.29
7	12	71	0.0	0.0	21.0	0.0	0.0	0.032
7	12	68	0.0	0.0	nan	nan	0.0	0.0
7	12	65	0.0	0.0	nan	nan	0.0	0.0
7	12	62	0.0	0.0	nan	nan	0.0	0.0
7	12	59	0.0	0.0	nan	nan	0.0	0.0
7	12	56	0.0	0.0	nan	nan	0.0	0.0
7	12	53	0.0	0.0	nan	nan	0.0	0.0
7	12	50	0.0	0.0	nan	nan	0.0	0.0
7	12	47	0.0	0.0	nan	nan	0.0	0.0
7	12	44	0.0	0.0	nan	nan	0.0	0.0
7	12	41	0.0	0.0	nan	nan	0.0	0.0
7	12	38	0.0	0.0	nan	nan	0.0	0.0
7	12	35	0.0	0.0	nan	nan	0.0	0.0
7	12	32	0.0	0.0	nan	nan	0.0	0.0
7	12	29	0.0	0.0	nan	nan	0.0	0.0
7	13	80	0.95	0.394	17.621	1.59	0.581	0.935
7	13	77	0.3	0.483	19.792	1.215	0.097	0.774
7	13	74	0.0	0.0	22.857	1.574	0.0	0.226
7	13	71	0.0	0.0	23.0	0.0	0.0	0.032
7	13	68	0.0	0.0	nan	nan	0.0	0.0
7	13	65	0.0	0.0	nan	nan	0.0	0.0
7	13	62	0.0	0.0	nan	nan	0.0	0.0
7	13	59	0.0	0.0	nan	nan	0.0	0.0
7	13	56	0.0	0.0	nan	nan	0.0	0.0
7	13	53	0.0	0.0	nan	nan	0.0	0.0
7	13	50	0.0	0.0	nan	nan	0.0	0.0
7	13	47	0.0	0.0	nan	nan	0.0	0.0
7	13	44	0.0	0.0	nan	nan	0.0	0.0
7	13	41	0.0	0.0	nan	nan	0.0	0.0
7	13	38	0.0	0.0	nan	nan	0.0	0.0
7	13	35	0.0	0.0	nan	nan	0.0	0.0
7	13	32	0.0	0.0	nan	nan	0.0	0.0
7	13	29	0.0	0.0	nan	nan	0.0	0.0
7	14	80	1.0	0.333	18.033	1.426	0.581	0.968
7	14	77	0.429	0.514	20.0	2.505	0.194	0.742
7	14	74	0.056	0.236	20.643	2.373	0.032	0.452
7	14	71	0.0	0.0	nan	nan	0.0	0.0
7	14	68	0.0	0.0	nan	nan	0.0	0.0
7	14	65	0.0	0.0	nan	nan	0.0	0.0
7	14	62	0.0	0.0	nan	nan	0.0	0.0
7	14	59	0.0	0.0	nan	nan	0.0	0.0
7	14	56	0.0	0.0	nan	nan	0.0	0.0
7	14	53	0.0	0.0	nan	nan	0.0	0.0
7	14	50	0.0	0.0	nan	nan	0.0	0.0
7	14	47	0.0	0.0	nan	nan	0.0	0.0
7	14	44	0.0	0.0	nan	nan	0.0	0.0
7	14	41	0.0	0.0	nan	nan	0.0	0.0
7	14	38	0.0	0.0	nan	nan	0.0	0.0
7	14	35	0.0	0.0	nan	nan	0.0	0.0
7	14	32	0.0	0.0	nan	nan	0.0	0.0
7	14	29	0.0	0.0	nan	nan	0.0	0.0
7	15	80	1.0	0.0	18.194	1.6	0.677	1.0
7	15	77	0.545	0.522	19.692	1.619	0.194	0.839
7	15	74	0.0	0.0	22.667	2.338	0.0	0.194
7	15	71	0.0	0.0	nan	nan	0.0	0.0
7	15	68	0.0	0.0	nan	nan	0.0	0.0
7	15	65	0.0	0.0	nan	nan	0.0	0.0
7	15	62	0.0	0.0	nan	nan	0.0	0.0
7	15	59	0.0	0.0	nan	nan	0.0	0.0
7	15	56	0.0	0.0	nan	nan	0.0	0.0
7	15	53	0.0	0.0	nan	nan	0.0	0.0
7	15	50	0.0	0.0	nan	nan	0.0	0.0
7	15	47	0.0	0.0	nan	nan	0.0	0.0
7	15	44	0.0	0.0	nan	nan	0.0	0.0
7	15	41	0.0	0.0	nan	nan	0.0	0.0
7	15	38	0.0	0.0	nan	nan	0.0	0.0
7	15	35	0.0	0.0	nan	nan	0.0	0.0
7	15	32	0.0	0.0	nan	nan	0.0	0.0
7	15	29	0.0	0.0	nan	nan	0.0	0.0
7	16	80	1.0	0.0	18.452	1.877	0.645	1.0
7	16	77	0.455	0.522	19.72	1.542	0.161	0.806
7	16	74	0.04	0.2	21.143	2.795	0.032	0.226
7	16	71	0.0	0.0	nan	nan	0.0	0.0
7	16	68	0.0	0.0	nan	nan	0.0	0.0
7	16	65	0.0	0.0	nan	nan	0.0	0.0
7	16	62	0.0	0.0	nan	nan	0.0	0.0
7	16	59	0.0	0.0	nan	nan	0.0	0.0
7	16	56	0.0	0.0	nan	nan	0.0	0.0
7	16	53	0.0	0.0	nan	nan	0.0	0.0
7	16	50	0.0	0.0	nan	nan	0.0	0.0
7	16	47	0.0	0.0	nan	nan	0.0	0.0
7	16	44	0.0	0.0	nan	nan	0.0	0.0
7	16	41	0.0	0.0	nan	nan	0.0	0.0
7	16	38	0.0	0.0	nan	nan	0.0	0.0
7	16	35	0.0	0.0	nan	nan	0.0	0.0
7	16	32	0.0	0.0	nan	nan	0.0	0.0
7	16	29	0.0	0.0	nan	nan	0.0	0.0
7	17	80	0.957	0.209	17.6	1.567	0.71	0.968
7	17	77	0.5	0.548	20.143	1.671	0.097	0.903
7	17	74	0.04	0.2	20.0	1.915	0.032	0.226
7	17	71	0.0	0.0	nan	nan	0.0	0.0
7	17	68	0.0	0.0	nan	nan	0.0	0.0
7	17	65	0.0	0.0	nan	nan	0.0	0.0
7	17	62	0.0	0.0	nan	nan	0.0	0.0
7	17	59	0.0	0.0	nan	nan	0.0	0.0
7	17	56	0.0	0.0	nan	nan	0.0	0.0
7	17	53	0.0	0.0	nan	nan	0.0	0.0
7	17	50	0.0	0.0	nan	nan	0.0	0.0
7	17	47	0.0	0.0	nan	nan	0.0	0.0
7	17	44	0.0	0.0	nan	nan	0.0	0.0
7	17	41	0.0	0.0	nan	nan	0.0	0.0
7	17	38	0.0	0.0	nan	nan	0.0	0.0
7	17	35	0.0	0.0	nan	nan	0.0	0.0
7	17	32	0.0	0.0	nan	nan	0.0	0.0
7	17	29	0.0	0.0	nan	nan	0.0	0.0
7	18	80	1.0	0.0	17.903	1.557	0.742	1.0
7	18	77	0.417	0.515	20.167	2.014	0.161	0.774
7	18	74	0.04	0.2	20.571	1.718	0.032	0.226
7	18	71	0.0	0.0	20.0	0.0	0.0	0.032
7	18	68	0.0	0.0	nan	nan	0.0	0.0
7	18	65	0.0	0.0	nan	nan	0.0	0.0
7	18	62	0.0	0.0	nan	nan	0.0	0.0
7	18	59	0.0	0.0	nan	nan	0.0	0.0
7	18	56	0.0	0.0	nan	nan	0.0	0.0
7	18	53	0.0	0.0	nan	nan	0.0	0.0
7	18	50	0.0	0.0	nan	nan	0.0	0.0
7	18	47	0.0	0.0	nan	nan	0.0	0.0
7	18	44	0.0	0.0	nan	nan	0.0	0.0
7	18	41	0.0	0.0	nan	nan	0.0	0.0
7	18	38	0.0	0.0	nan	nan	0.0	0.0
7	18	35	0.0	0.0	nan	nan	0.0	0.0
7	18	32	0.0	0.0	nan	nan	0.0	0.0
7	18	29	0.0	0.0	nan	nan	0.0	0.0
7	19	80	0.947	0.229	18.5	2.556	0.581	0.968
7	19	77	0.583	0.515	19.462	2.177	0.226	0.839
7	19	74	0.038	0.196	20.5	2.811	0.032	0.194
7	19	71	0.0	0.0	nan	nan	0.0	0.0
7	19	68	0.0	0.0	nan	nan	0.0	0.0
7	19	65	0.0	0.0	nan	nan	0.0	0.0
7	19	62	0.0	0.0	nan	nan	0.0	0.0
7	19	59	0.0	0.0	nan	nan	0.0	0.0
7	19	56	0.0	0.0	nan	nan	0.0	0.0
7	19	53	0.0	0.0	nan	nan	0.0	0.0
7	19	50	0.0	0.0	nan	nan	0.0	0.0
7	19	47	0.0	0.0	nan	nan	0.0	0.0
7	19	44	0.0	0.0	nan	nan	0.0	0.0
7	19	41	0.0	0.0	nan	nan	0.0	0.0
7	19	38	0.0	0.0	nan	nan	0.0	0.0
7	19	35	0.0	0.0	nan	nan	0.0	0.0
7	19	32	0.0	0.0	nan	nan	0.0	0.0
7	19	29	0.0	0.0	nan	nan	0.0	0.0
7	20	80	1.0	0.0	18.452	1.63	0.516	1.0
7	20	77	0.429	0.514	19.696	1.893	0.194	0.742
7	20	74	0.0	0.0	22.833	1.169	0.0	0.194
7	20	71	0.0	0.0	nan	nan	0.0	0.0
7	20	68	0.0	0.0	nan	nan	0.0	0.0
7	20	65	0.0	0.0	nan	nan	0.0	0.0
7	20	62	0.0	0.0	nan	nan	0.0	0.0
7	20	59	0.0	0.0	nan	nan	0.0	0.0
7	20	56	0.0	0.0	nan	nan	0.0	0.0
7	20	53	0.0	0.0	nan	nan	0.0	0.0
7	20	50	0.0	0.0	nan	nan	0.0	0.0
7	20	47	0.0	0.0	nan	nan	0.0	0.0
7	20	44	0.0	0.0	nan	nan	0.0	0.0
7	20	41	0.0	0.0	nan	nan	0.0	0.0
7	20	38	0.0	0.0	nan	nan	0.0	0.0
7	20	35	0.0	0.0	nan	nan	0.0	0.0
7	20	32	0.0	0.0	nan	nan	0.0	0.0
7	20	29	0.0	0.0	nan	nan	0.0	0.0
7	21	80	1.0	0.0	18.452	1.502	0.484	1.0
7	21	77	0.357	0.497	20.136	2.167	0.161	0.71
7	21	74	0.0	0.0	21.833	1.801	0.0	0.387
7	21	71	0.0	0.0	nan	nan	0.0	0.0
7	21	68	0.0	0.0	nan	nan	0.0	0.0
7	21	65	0.0	0.0	nan	nan	0.0	0.0
7	21	62	0.0	0.0	nan	nan	0.0	0.0
7	21	59	0.0	0.0	nan	nan	0.0	0.0
7	21	56	0.0	0.0	nan	nan	0.0	0.0
7	21	53	0.0	0.0	nan	nan	0.0	0.0
7	21	50	0.0	0.0	nan	nan	0.0	0.0
7	21	47	0.0	0.0	nan	nan	0.0	0.0
7	21	44	0.0	0.0	nan	nan	0.0	0.0
7	21	41	0.0	0.0	nan	nan	0.0	0.0
7	21	38	0.0	0.0	nan	nan	0.0	0.0
7	21	35	0.0	0.0	nan	nan	0.0	0.0
7	21	32	0.0	0.0	nan	nan	0.0	0.0
7	21	29	0.0	0.0	nan	nan	0.0	0.0
7	22	80	0.842	0.375	18.25	1.404	0.516	0.903
7	22	77	0.333	0.492	19.87	1.687	0.129	0.742
7	22	74	0.04	0.2	19.857	1.345	0.032	0.226
7	22	71	0.0	0.0	nan	nan	0.0	0.0
7	22	68	0.0	0.0	nan	nan	0.0	0.0
7	22	65	0.0	0.0	nan	nan	0.0	0.0
7	22	62	0.0	0.0	nan	nan	0.0	0.0
7	22	59	0.0	0.0	nan	nan	0.0	0.0
7	22	56	0.0	0.0	nan	nan	0.0	0.0
7	22	53	0.0	0.0	nan	nan	0.0	0.0
7	22	50	0.0	0.0	nan	nan	0.0	0.0
7	22	47	0.0	0.0	nan	nan	0.0	0.0
7	22	44	0.0	0.0	nan	nan	0.0	0.0
7	22	41	0.0	0.0	nan	nan	0.0	0.0
7	22	38	0.0	0.0	nan	nan	0.0	0.0
7	22	35	0.0	0.0	nan	nan	0.0	0.0
7	22	32	0.0	0.0	nan	nan	0.0	0.0
7	22	29	0.0	0.0	nan	nan	0.0	0.0
7	23	80	0.95	0.224	18.333	1.398	0.613	0.968
7	23	77	0.667	0.5	20.464	2.56	0.194	0.903
7	23	74	0.037	0.192	21.2	2.588	0.032	0.161
7	23	71	0.0	0.0	nan	nan	0.0	0.0
7	23	68	0.0	0.0	nan	nan	0.0	0.0
7	23	65	0.0	0.0	nan	nan	0.0	0.0
7	23	62	0.0	0.0	nan	nan	0.0	0.0
7	23	59	0.0	0.0	nan	nan	0.0	0.0
7	23	56	0.0	0.0	nan	nan	0.0	0.0
7	23	53	0.0	0.0	nan	nan	0.0	0.0
7	23	50	0.0	0.0	nan	nan	0.0	0.0
7	23	47	0.0	0.0	nan	nan	0.0	0.0
7	23	44	0.0	0.0	nan	nan	0.0	0.0
7	23	41	0.0	0.0	nan	nan	0.0	0.0
7	23	38	0.0	0.0	nan	nan	0.0	0.0
7	23	35	0.0	0.0	nan	nan	0.0	0.0
7	23	32	0.0	0.0	nan	nan	0.0	0.0
7	23	29	0.0	0.0	nan	nan	0.0	0.0
7	24	80	1.0	0.392	18.667	1.647	0.419	0.968
7	24	77	0.2	0.422	20.435	1.879	0.065	0.742
7	24	74	0.0	0.0	22.429	2.225	0.0	0.226
7	24	71	0.0	0.0	24.0	0.0	0.0	0.032
7	24	68	0.0	0.0	nan	nan	0.0	0.0
7	24	65	0.0	0.0	nan	nan	0.0	0.0
7	24	62	0.0	0.0	nan	nan	0.0	0.0
7	24	59	0.0	0.0	nan	nan	0.0	0.0
7	24	56	0.0	0.0	nan	nan	0.0	0.0
7	24	53	0.0	0.0	nan	nan	0.0	0.0
7	24	50	0.0	0.0	nan	nan	0.0	0.0
7	24	47	0.0	0.0	nan	nan	0.0	0.0
7	24	44	0.0	0.0	nan	nan	0.0	0.0
7	24	41	0.0	0.0	nan	nan	0.0	0.0
7	24	38	0.0	0.0	nan	nan	0.0	0.0
7	24	35	0.0	0.0	nan	nan	0.0	0.0
7	24	32	0.0	0.0	nan	nan	0.0	0.0
7	24	29	0.0	0.0	nan	nan	0.0	0.0
7	25	80	0.895	0.315	18.345	1.542	0.548	0.935
7	25	77	0.294	0.47	19.684	1.668	0.161	0.613
7	25	74	0.0	0.0	21.25	2.872	0.0	0.129
7	25	71	0.0	0.0	nan	nan	0.0	0.0
7	25	68	0.0	0.0	nan	nan	0.0	0.0
7	25	65	0.0	0.0	nan	nan	0.0	0.0
7	25	62	0.0	0.0	nan	nan	0.0	0.0
7	25	59	0.0	0.0	nan	nan	0.0	0.0
7	25	56	0.0	0.0	nan	nan	0.0	0.0
7	25	53	0.0	0.0	nan	nan	0.0	0.0
7	25	50	0.0	0.0	nan	nan	0.0	0.0
7	25	47	0.0	0.0	nan	nan	0.0	0.0
7	25	44	0.0	0.0	nan	nan	0.0	0.0
7	25	41	0.0	0.0	nan	nan	0.0	0.0
7	25	38	0.0	0.0	nan	nan	0.0	0.0
7	25	35	0.0	0.0	nan	nan	0.0	0.0
7	25	32	0.0	0.0	nan	nan	0.0	0.0
7	25	29	0.0	0.0	nan	nan	0.0	0.0
7	26	80	0.944	0.236	18.4	1.886	0.548	0.968
7	26	77	0.0	0.0	20.476	1.721	0.0	0.677
7	26	74	0.0	0.0	22.333	3.011	0.0	0.194
7	26	71	0.0	0.0	nan	nan	0.0	0.0
7	26	68	0.0	0.0	nan	nan	0.0	0.0
7	26	65	0.0	0.0	nan	nan	0.0	0.0
7	26	62	0.0	0.0	nan	nan	0.0	0.0
7	26	59	0.0	0.0	nan	nan	0.0	0.0
7	26	56	0.0	0.0	nan	nan	0.0	0.0
7	26	53	0.0	0.0	nan	nan	0.0	0.0
7	26	50	0.0	0.0	nan	nan	0.0	0.0
7	26	47	0.0	0.0	nan	nan	0.0	0.0
7	26	44	0.0	0.0	nan	nan	0.0	0.0
7	26	41	0.0	0.0	nan	nan	0.0	0.0
7	26	38	0.0	0.0	nan	nan	0.0	0.0
7	26	35	0.0	0.0	nan	nan	0.0	0.0
7	26	32	0.0	0.0	nan	nan	0.0	0.0
7	26	29	0.0	0.0	nan	nan	0.0	0.0
7	27	80	0.882	0.332	18.379	2.094	0.484	0.935
7	27	77	0.2	0.422	20.783	2.54	0.065	0.742
7	27	74	0.0	0.0	21.667	2.082	0.0	0.097
7	27	71	0.0	0.0	nan	nan	0.0	0.0
7	27	68	0.0	0.0	nan	nan	0.0	0.0
7	27	65	0.0	0.0	nan	nan	0.0	0.0
7	27	62	0.0	0.0	nan	nan	0.0	0.0
7	27	59	0.0	0.0	nan	nan	0.0	0.0
7	27	56	0.0	0.0	nan	nan	0.0	0.0
7	27	53	0.0	0.0	nan	nan	0.0	0.0
7	27	50	0.0	0.0	nan	nan	0.0	0.0
7	27	47	0.0	0.0	nan	nan	0.0	0.0
7	27	44	0.0	0.0	nan	nan	0.0	0.0
7	27	41	0.0	0.0	nan	nan	0.0	0.0
7	27	38	0.0	0.0	nan	nan	0.0	0.0
7	27	35	0.0	0.0	nan	nan	0.0	0.0
7	27	32	0.0	0.0	nan	nan	0.0	0.0
7	27	29	0.0	0.0	nan	nan	0.0	0.0
7	28	80	0.947	0.229	18.333	1.446	0.581	0.968
7	28	77	0.545	0.522	20.0	2.209	0.194	0.839
7	28	74	0.0	0.0	20.333	0.577	0.0	0.097
7	28	71	0.0	0.0	23.0	0.0	0.0	0.032
7	28	68	0.0	0.0	nan	nan	0.0	0.0
7	28	65	0.0	0.0	nan	nan	0.0	0.0
7	28	62	0.0	0.0	nan	nan	0.0	0.0
7	28	59	0.0	0.0	nan	nan	0.0	0.0
7	28	56	0.0	0.0	nan	nan	0.0	0.0
7	28	53	0.0	0.0	nan	nan	0.0	0.0
7	28	50	0.0	0.0	nan	nan	0.0	0.0
7	28	47	0.0	0.0	nan	nan	0.0	0.0
7	28	44	0.0	0.0	nan	nan	0.0	0.0
7	28	41	0.0	0.0	nan	nan	0.0	0.0
7	28	38	0.0	0.0	nan	nan	0.0	0.0
7	28	35	0.0	0.0	nan	nan	0.0	0.0
7	28	32	0.0	0.0	nan	nan	0.0	0.0
7	28	29	0.0	0.0	nan	nan	0.0	0.0
7	29	80	0.95	0.224	18.233	1.832	0.613	0.968
7	29	77	0.118	0.332	20.312	2.089	0.065	0.516
7	29	74	0.0	0.0	20.667	2.887	0.0	0.097
7	29	71	0.0	0.0	nan	nan	0.0	0.0
7	29	68	0.0	0.0	nan	nan	0.0	0.0
7	29	65	0.0	0.0	nan	nan	0.0	0.0
7	29	62	0.0	0.0	nan	nan	0.0	0.0
7	29	59	0.0	0.0	nan	nan	0.0	0.0
7	29	56	0.0	0.0	nan	nan	0.0	0.0
7	29	53	0.0	0.0	nan	nan	0.0	0.0
7	29	50	0.0	0.0	nan	nan	0.0	0.0
7	29	47	0.0	0.0	nan	nan	0.0	0.0
7	29	44	0.0	0.0	nan	nan	0.0	0.0
7	29	41	0.0	0.0	nan	nan	0.0	0.0
7	29	38	0.0	0.0	nan	nan	0.0	0.0
7	29	35	0.0	0.0	nan	nan	0.0	0.0
7	29	32	0.0	0.0	nan	nan	0.0	0.0
7	29	29	0.0	0.0	nan	nan	0.0	0.0
7	30	80	0.85	0.366	18.643	1.89	0.548	0.903
7	30	77	0.263	0.452	19.941	2.331	0.161	0.548
7	30	74	0.0	0.0	22.25	3.304	0.0	0.129
7	30	71	0.0	0.0	nan	nan	0.0	0.0
7	30	68	0.0	0.0	nan	nan	0.0	0.0
7	30	65	0.0	0.0	nan	nan	0.0	0.0
7	30	62	0.0	0.0	nan	nan	0.0	0.0
7	30	59	0.0	0.0	nan	nan	0.0	0.0
7	30	56	0.0	0.0	nan	nan	0.0	0.0
7	30	53	0.0	0.0	nan	nan	0.0	0.0
7	30	50	0.0	0.0	nan	nan	0.0	0.0
7	30	47	0.0	0.0	nan	nan	0.0	0.0
7	30	44	0.0	0.0	nan	nan	0.0	0.0
7	30	41	0.0	0.0	nan	nan	0.0	0.0
7	30	38	0.0	0.0	nan	nan	0.0	0.0
7	30	35	0.0	0.0	nan	nan	0.0	0.0
7	30	32	0.0	0.0	nan	nan	0.0	0.0
7	30	29	0.0	0.0	nan	nan	0.0	0.0
7	31	80	1.0	0.0	18.484	1.786	0.677	1.0
7	31	77	0.667	0.5	19.929	1.804	0.194	0.903
7	31	74	0.0	0.0	19.0	0.0	0.0	0.032
7	31	71	0.0	0.0	nan	nan	0.0	0.0
7	31	68	0.0	0.0	nan	nan	0.0	0.0
7	31	65	0.0	0.0	nan	nan	0.0	0.0
7	31	62	0.0	0.0	nan	nan	0.0	0.0
7	31	59	0.0	0.0	nan	nan	0.0	0.0
7	31	56	0.0	0.0	nan	nan	0.0	0.0
7	31	53	0.0	0.0	nan	nan	0.0	0.0
7	31	50	0.0	0.0	nan	nan	0.0	0.0
7	31	47	0.0	0.0	nan	nan	0.0	0.0
7	31	44	0.0	0.0	nan	nan	0.0	0.0
7	31	41	0.0	0.0	nan	nan	0.0	0.0
7	31	38	0.0	0.0	nan	nan	0.0	0.0
7	31	35	0.0	0.0	nan	nan	0.0	0.0
7	31	32	0.0	0.0	nan	nan	0.0	0.0
7	31	29	0.0	0.0	nan	nan	0.0	0.0
