row	col	voltage	tot_avg	tot_std	toa_avg	toa_std	efficiency_tot	efficiency_toa
0	0	100	0.0	0.0	nan	nan	0.0	0.0
0	0	97	0.0	0.0	nan	nan	0.0	0.0
0	0	94	0.0	0.0	nan	nan	0.0	0.0
0	0	91	0.0	0.0	nan	nan	0.0	0.0
0	0	88	0.0	0.0	nan	nan	0.0	0.0
0	0	85	0.0	0.0	nan	nan	0.0	0.0
0	0	82	0.0	0.0	nan	nan	0.0	0.0
0	0	79	0.0	0.0	nan	nan	0.0	0.0
0	0	76	0.0	0.0	nan	nan	0.0	0.0
0	0	73	0.0	0.0	nan	nan	0.0	0.0
0	0	70	0.0	0.0	nan	nan	0.0	0.0
0	0	67	0.0	0.0	nan	nan	0.0	0.0
0	0	64	0.0	0.0	nan	nan	0.0	0.0
0	0	61	0.0	0.0	nan	nan	0.0	0.0
0	0	58	0.0	0.0	nan	nan	0.0	0.0
0	0	55	0.0	0.0	nan	nan	0.0	0.0
0	0	52	0.0	0.0	nan	nan	0.0	0.0
0	0	49	0.0	0.0	nan	nan	0.0	0.0
0	0	46	0.0	0.0	nan	nan	0.0	0.0
0	0	43	0.0	0.0	nan	nan	0.0	0.0
0	0	40	0.0	0.0	nan	nan	0.0	0.0
0	0	37	0.0	0.0	nan	nan	0.0	0.0
0	0	34	0.0	0.0	nan	nan	0.0	0.0
0	0	31	0.0	0.0	nan	nan	0.0	0.0
0	0	28	0.0	0.0	nan	nan	0.0	0.0
0	1	100	0.0	0.0	nan	nan	0.0	0.0
0	1	97	0.0	0.0	nan	nan	0.0	0.0
0	1	94	0.0	0.0	nan	nan	0.0	0.0
0	1	91	0.0	0.0	nan	nan	0.0	0.0
0	1	88	0.0	0.0	nan	nan	0.0	0.0
0	1	85	0.0	0.0	nan	nan	0.0	0.0
0	1	82	0.0	0.0	nan	nan	0.0	0.0
0	1	79	0.0	0.0	nan	nan	0.0	0.0
0	1	76	0.0	0.0	nan	nan	0.0	0.0
0	1	73	0.0	0.0	nan	nan	0.0	0.0
0	1	70	0.0	0.0	nan	nan	0.0	0.0
0	1	67	0.0	0.0	nan	nan	0.0	0.0
0	1	64	0.0	0.0	nan	nan	0.0	0.0
0	1	61	0.0	0.0	nan	nan	0.0	0.0
0	1	58	0.0	0.0	nan	nan	0.0	0.0
0	1	55	0.0	0.0	nan	nan	0.0	0.0
0	1	52	0.0	0.0	nan	nan	0.0	0.0
0	1	49	0.0	0.0	nan	nan	0.0	0.0
0	1	46	0.0	0.0	nan	nan	0.0	0.0
0	1	43	0.0	0.0	nan	nan	0.0	0.0
0	1	40	0.0	0.0	nan	nan	0.0	0.0
0	1	37	0.0	0.0	nan	nan	0.0	0.0
0	1	34	0.0	0.0	nan	nan	0.0	0.0
0	1	31	0.0	0.0	nan	nan	0.0	0.0
0	1	28	0.0	0.0	nan	nan	0.0	0.0
0	2	100	0.0	0.0	nan	nan	0.0	0.0
0	2	97	0.0	0.0	nan	nan	0.0	0.0
0	2	94	0.0	0.0	nan	nan	0.0	0.0
0	2	91	0.0	0.0	nan	nan	0.0	0.0
0	2	88	0.0	0.0	nan	nan	0.0	0.0
0	2	85	0.0	0.0	nan	nan	0.0	0.0
0	2	82	0.0	0.0	nan	nan	0.0	0.0
0	2	79	0.0	0.0	nan	nan	0.0	0.0
0	2	76	0.0	0.0	nan	nan	0.0	0.0
0	2	73	0.0	0.0	nan	nan	0.0	0.0
0	2	70	0.0	0.0	nan	nan	0.0	0.0
0	2	67	0.0	0.0	nan	nan	0.0	0.0
0	2	64	0.0	0.0	nan	nan	0.0	0.0
0	2	61	0.0	0.0	nan	nan	0.0	0.0
0	2	58	0.0	0.0	nan	nan	0.0	0.0
0	2	55	0.0	0.0	nan	nan	0.0	0.0
0	2	52	0.0	0.0	nan	nan	0.0	0.0
0	2	49	0.0	0.0	nan	nan	0.0	0.0
0	2	46	0.0	0.0	nan	nan	0.0	0.0
0	2	43	0.0	0.0	nan	nan	0.0	0.0
0	2	40	0.0	0.0	nan	nan	0.0	0.0
0	2	37	0.0	0.0	nan	nan	0.0	0.0
0	2	34	0.0	0.0	nan	nan	0.0	0.0
0	2	31	0.0	0.0	nan	nan	0.0	0.0
0	2	28	0.0	0.0	nan	nan	0.0	0.0
0	3	100	0.0	0.0	nan	nan	0.0	0.0
0	3	97	0.0	0.0	nan	nan	0.0	0.0
0	3	94	0.0	0.0	nan	nan	0.0	0.0
0	3	91	0.0	0.0	nan	nan	0.0	0.0
0	3	88	0.0	0.0	nan	nan	0.0	0.0
0	3	85	0.0	0.0	nan	nan	0.0	0.0
0	3	82	0.0	0.0	nan	nan	0.0	0.0
0	3	79	0.0	0.0	nan	nan	0.0	0.0
0	3	76	0.0	0.0	nan	nan	0.0	0.0
0	3	73	0.0	0.0	nan	nan	0.0	0.0
0	3	70	0.0	0.0	nan	nan	0.0	0.0
0	3	67	0.0	0.0	nan	nan	0.0	0.0
0	3	64	0.0	0.0	nan	nan	0.0	0.0
0	3	61	0.0	0.0	nan	nan	0.0	0.0
0	3	58	0.0	0.0	nan	nan	0.0	0.0
0	3	55	0.0	0.0	nan	nan	0.0	0.0
0	3	52	0.0	0.0	nan	nan	0.0	0.0
0	3	49	0.0	0.0	nan	nan	0.0	0.0
0	3	46	0.0	0.0	nan	nan	0.0	0.0
0	3	43	0.0	0.0	nan	nan	0.0	0.0
0	3	40	0.0	0.0	nan	nan	0.0	0.0
0	3	37	0.0	0.0	nan	nan	0.0	0.0
0	3	34	0.0	0.0	nan	nan	0.0	0.0
0	3	31	0.0	0.0	nan	nan	0.0	0.0
0	3	28	0.0	0.0	nan	nan	0.0	0.0
0	4	100	0.0	0.0	nan	nan	0.0	0.0
0	4	97	0.0	0.0	nan	nan	0.0	0.0
0	4	94	0.0	0.0	nan	nan	0.0	0.0
0	4	91	0.0	0.0	nan	nan	0.0	0.0
0	4	88	0.0	0.0	nan	nan	0.0	0.0
0	4	85	0.0	0.0	nan	nan	0.0	0.0
0	4	82	0.0	0.0	nan	nan	0.0	0.0
0	4	79	0.0	0.0	nan	nan	0.0	0.0
0	4	76	0.0	0.0	nan	nan	0.0	0.0
0	4	73	0.0	0.0	nan	nan	0.0	0.0
0	4	70	0.0	0.0	nan	nan	0.0	0.0
0	4	67	0.0	0.0	nan	nan	0.0	0.0
0	4	64	0.0	0.0	nan	nan	0.0	0.0
0	4	61	0.0	0.0	nan	nan	0.0	0.0
0	4	58	0.0	0.0	nan	nan	0.0	0.0
0	4	55	0.0	0.0	nan	nan	0.0	0.0
0	4	52	0.0	0.0	nan	nan	0.0	0.0
0	4	49	0.0	0.0	nan	nan	0.0	0.0
0	4	46	0.0	0.0	nan	nan	0.0	0.0
0	4	43	0.0	0.0	nan	nan	0.0	0.0
0	4	40	0.0	0.0	nan	nan	0.0	0.0
0	4	37	0.0	0.0	nan	nan	0.0	0.0
0	4	34	0.0	0.0	nan	nan	0.0	0.0
0	4	31	0.0	0.0	nan	nan	0.0	0.0
0	4	28	0.0	0.0	nan	nan	0.0	0.0
0	5	100	0.0	0.0	nan	nan	0.0	0.0
0	5	97	0.0	0.0	nan	nan	0.0	0.0
0	5	94	0.0	0.0	nan	nan	0.0	0.0
0	5	91	0.0	0.0	nan	nan	0.0	0.0
0	5	88	0.0	0.0	nan	nan	0.0	0.0
0	5	85	0.0	0.0	nan	nan	0.0	0.0
0	5	82	0.0	0.0	nan	nan	0.0	0.0
0	5	79	0.0	0.0	nan	nan	0.0	0.0
0	5	76	0.0	0.0	nan	nan	0.0	0.0
0	5	73	0.0	0.0	nan	nan	0.0	0.0
0	5	70	0.0	0.0	nan	nan	0.0	0.0
0	5	67	0.0	0.0	nan	nan	0.0	0.0
0	5	64	0.0	0.0	nan	nan	0.0	0.0
0	5	61	0.0	0.0	nan	nan	0.0	0.0
0	5	58	0.0	0.0	nan	nan	0.0	0.0
0	5	55	0.0	0.0	nan	nan	0.0	0.0
0	5	52	0.0	0.0	nan	nan	0.0	0.0
0	5	49	0.0	0.0	nan	nan	0.0	0.0
0	5	46	0.0	0.0	nan	nan	0.0	0.0
0	5	43	0.0	0.0	nan	nan	0.0	0.0
0	5	40	0.0	0.0	nan	nan	0.0	0.0
0	5	37	0.0	0.0	nan	nan	0.0	0.0
0	5	34	0.0	0.0	nan	nan	0.0	0.0
0	5	31	0.0	0.0	nan	nan	0.0	0.0
0	5	28	0.0	0.0	nan	nan	0.0	0.0
0	6	100	0.0	0.0	nan	nan	0.0	0.0
0	6	97	0.0	0.0	nan	nan	0.0	0.0
0	6	94	0.0	0.0	nan	nan	0.0	0.0
0	6	91	0.0	0.0	nan	nan	0.0	0.0
0	6	88	0.0	0.0	nan	nan	0.0	0.0
0	6	85	0.0	0.0	nan	nan	0.0	0.0
0	6	82	0.0	0.0	nan	nan	0.0	0.0
0	6	79	0.0	0.0	nan	nan	0.0	0.0
0	6	76	0.0	0.0	nan	nan	0.0	0.0
0	6	73	0.0	0.0	nan	nan	0.0	0.0
0	6	70	0.0	0.0	nan	nan	0.0	0.0
0	6	67	0.0	0.0	nan	nan	0.0	0.0
0	6	64	0.0	0.0	nan	nan	0.0	0.0
0	6	61	0.0	0.0	nan	nan	0.0	0.0
0	6	58	0.0	0.0	nan	nan	0.0	0.0
0	6	55	0.0	0.0	nan	nan	0.0	0.0
0	6	52	0.0	0.0	nan	nan	0.0	0.0
0	6	49	0.0	0.0	nan	nan	0.0	0.0
0	6	46	0.0	0.0	nan	nan	0.0	0.0
0	6	43	0.0	0.0	nan	nan	0.0	0.0
0	6	40	0.0	0.0	nan	nan	0.0	0.0
0	6	37	0.0	0.0	nan	nan	0.0	0.0
0	6	34	0.0	0.0	nan	nan	0.0	0.0
0	6	31	0.0	0.0	nan	nan	0.0	0.0
0	6	28	0.0	0.0	nan	nan	0.0	0.0
0	7	100	0.0	0.0	nan	nan	0.0	0.0
0	7	97	0.0	0.0	nan	nan	0.0	0.0
0	7	94	0.0	0.0	nan	nan	0.0	0.0
0	7	91	0.0	0.0	nan	nan	0.0	0.0
0	7	88	0.0	0.0	nan	nan	0.0	0.0
0	7	85	0.0	0.0	nan	nan	0.0	0.0
0	7	82	0.0	0.0	nan	nan	0.0	0.0
0	7	79	0.0	0.0	nan	nan	0.0	0.0
0	7	76	0.0	0.0	nan	nan	0.0	0.0
0	7	73	0.0	0.0	nan	nan	0.0	0.0
0	7	70	0.0	0.0	nan	nan	0.0	0.0
0	7	67	0.0	0.0	nan	nan	0.0	0.0
0	7	64	0.0	0.0	nan	nan	0.0	0.0
0	7	61	0.0	0.0	nan	nan	0.0	0.0
0	7	58	0.0	0.0	nan	nan	0.0	0.0
0	7	55	0.0	0.0	nan	nan	0.0	0.0
0	7	52	0.0	0.0	nan	nan	0.0	0.0
0	7	49	0.0	0.0	nan	nan	0.0	0.0
0	7	46	0.0	0.0	nan	nan	0.0	0.0
0	7	43	0.0	0.0	nan	nan	0.0	0.0
0	7	40	0.0	0.0	nan	nan	0.0	0.0
0	7	37	0.0	0.0	nan	nan	0.0	0.0
0	7	34	0.0	0.0	nan	nan	0.0	0.0
0	7	31	0.0	0.0	nan	nan	0.0	0.0
0	7	28	0.0	0.0	nan	nan	0.0	0.0
0	8	100	0.0	0.0	nan	nan	0.0	0.0
0	8	97	0.0	0.0	nan	nan	0.0	0.0
0	8	94	0.0	0.0	nan	nan	0.0	0.0
0	8	91	0.0	0.0	nan	nan	0.0	0.0
0	8	88	0.0	0.0	nan	nan	0.0	0.0
0	8	85	0.0	0.0	nan	nan	0.0	0.0
0	8	82	0.0	0.0	nan	nan	0.0	0.0
0	8	79	0.0	0.0	nan	nan	0.0	0.0
0	8	76	0.0	0.0	nan	nan	0.0	0.0
0	8	73	0.0	0.0	nan	nan	0.0	0.0
0	8	70	0.0	0.0	nan	nan	0.0	0.0
0	8	67	0.0	0.0	nan	nan	0.0	0.0
0	8	64	0.0	0.0	nan	nan	0.0	0.0
0	8	61	0.0	0.0	nan	nan	0.0	0.0
0	8	58	0.0	0.0	nan	nan	0.0	0.0
0	8	55	0.0	0.0	nan	nan	0.0	0.0
0	8	52	0.0	0.0	nan	nan	0.0	0.0
0	8	49	0.0	0.0	nan	nan	0.0	0.0
0	8	46	0.0	0.0	nan	nan	0.0	0.0
0	8	43	0.0	0.0	nan	nan	0.0	0.0
0	8	40	0.0	0.0	nan	nan	0.0	0.0
0	8	37	0.0	0.0	nan	nan	0.0	0.0
0	8	34	0.0	0.0	nan	nan	0.0	0.0
0	8	31	0.0	0.0	nan	nan	0.0	0.0
0	8	28	0.0	0.0	nan	nan	0.0	0.0
0	9	100	0.0	0.0	nan	nan	0.0	0.0
0	9	97	0.0	0.0	nan	nan	0.0	0.0
0	9	94	0.0	0.0	nan	nan	0.0	0.0
0	9	91	0.0	0.0	nan	nan	0.0	0.0
0	9	88	0.0	0.0	nan	nan	0.0	0.0
0	9	85	0.0	0.0	nan	nan	0.0	0.0
0	9	82	0.0	0.0	nan	nan	0.0	0.0
0	9	79	0.0	0.0	nan	nan	0.0	0.0
0	9	76	0.0	0.0	nan	nan	0.0	0.0
0	9	73	0.0	0.0	nan	nan	0.0	0.0
0	9	70	0.0	0.0	nan	nan	0.0	0.0
0	9	67	0.0	0.0	nan	nan	0.0	0.0
0	9	64	0.0	0.0	nan	nan	0.0	0.0
0	9	61	0.0	0.0	nan	nan	0.0	0.0
0	9	58	0.0	0.0	nan	nan	0.0	0.0
0	9	55	0.0	0.0	nan	nan	0.0	0.0
0	9	52	0.0	0.0	nan	nan	0.0	0.0
0	9	49	0.0	0.0	nan	nan	0.0	0.0
0	9	46	0.0	0.0	nan	nan	0.0	0.0
0	9	43	0.0	0.0	nan	nan	0.0	0.0
0	9	40	0.0	0.0	nan	nan	0.0	0.0
0	9	37	0.0	0.0	nan	nan	0.0	0.0
0	9	34	0.0	0.0	nan	nan	0.0	0.0
0	9	31	0.0	0.0	nan	nan	0.0	0.0
0	9	28	0.0	0.0	nan	nan	0.0	0.0
0	10	100	0.0	0.0	nan	nan	0.0	0.0
0	10	97	0.0	0.0	nan	nan	0.0	0.0
0	10	94	0.0	0.0	nan	nan	0.0	0.0
0	10	91	0.0	0.0	nan	nan	0.0	0.0
0	10	88	0.0	0.0	nan	nan	0.0	0.0
0	10	85	0.0	0.0	nan	nan	0.0	0.0
0	10	82	0.0	0.0	nan	nan	0.0	0.0
0	10	79	0.0	0.0	nan	nan	0.0	0.0
0	10	76	0.0	0.0	nan	nan	0.0	0.0
0	10	73	0.0	0.0	nan	nan	0.0	0.0
0	10	70	0.0	0.0	nan	nan	0.0	0.0
0	10	67	0.0	0.0	nan	nan	0.0	0.0
0	10	64	0.0	0.0	nan	nan	0.0	0.0
0	10	61	0.0	0.0	nan	nan	0.0	0.0
0	10	58	0.0	0.0	nan	nan	0.0	0.0
0	10	55	0.0	0.0	nan	nan	0.0	0.0
0	10	52	0.0	0.0	nan	nan	0.0	0.0
0	10	49	0.0	0.0	nan	nan	0.0	0.0
0	10	46	0.0	0.0	nan	nan	0.0	0.0
0	10	43	0.0	0.0	nan	nan	0.0	0.0
0	10	40	0.0	0.0	nan	nan	0.0	0.0
0	10	37	0.0	0.0	nan	nan	0.0	0.0
0	10	34	0.0	0.0	nan	nan	0.0	0.0
0	10	31	0.0	0.0	nan	nan	0.0	0.0
0	10	28	0.0	0.0	nan	nan	0.0	0.0
0	11	100	0.0	0.0	nan	nan	0.0	0.0
0	11	97	0.0	0.0	nan	nan	0.0	0.0
0	11	94	0.0	0.0	nan	nan	0.0	0.0
0	11	91	0.0	0.0	nan	nan	0.0	0.0
0	11	88	0.0	0.0	nan	nan	0.0	0.0
0	11	85	0.0	0.0	nan	nan	0.0	0.0
0	11	82	0.0	0.0	nan	nan	0.0	0.0
0	11	79	0.0	0.0	nan	nan	0.0	0.0
0	11	76	0.0	0.0	nan	nan	0.0	0.0
0	11	73	0.0	0.0	nan	nan	0.0	0.0
0	11	70	0.0	0.0	nan	nan	0.0	0.0
0	11	67	0.0	0.0	nan	nan	0.0	0.0
0	11	64	0.0	0.0	nan	nan	0.0	0.0
0	11	61	0.0	0.0	nan	nan	0.0	0.0
0	11	58	0.0	0.0	nan	nan	0.0	0.0
0	11	55	0.0	0.0	nan	nan	0.0	0.0
0	11	52	0.0	0.0	nan	nan	0.0	0.0
0	11	49	0.0	0.0	nan	nan	0.0	0.0
0	11	46	0.0	0.0	nan	nan	0.0	0.0
0	11	43	0.0	0.0	nan	nan	0.0	0.0
0	11	40	0.0	0.0	nan	nan	0.0	0.0
0	11	37	0.0	0.0	nan	nan	0.0	0.0
0	11	34	0.0	0.0	nan	nan	0.0	0.0
0	11	31	0.0	0.0	nan	nan	0.0	0.0
0	11	28	0.0	0.0	nan	nan	0.0	0.0
0	12	100	0.0	0.0	nan	nan	0.0	0.0
0	12	97	0.0	0.0	nan	nan	0.0	0.0
0	12	94	0.0	0.0	nan	nan	0.0	0.0
0	12	91	0.0	0.0	nan	nan	0.0	0.0
0	12	88	0.0	0.0	nan	nan	0.0	0.0
0	12	85	0.0	0.0	nan	nan	0.0	0.0
0	12	82	0.0	0.0	nan	nan	0.0	0.0
0	12	79	0.0	0.0	nan	nan	0.0	0.0
0	12	76	0.0	0.0	nan	nan	0.0	0.0
0	12	73	0.0	0.0	nan	nan	0.0	0.0
0	12	70	0.0	0.0	nan	nan	0.0	0.0
0	12	67	0.0	0.0	nan	nan	0.0	0.0
0	12	64	0.0	0.0	nan	nan	0.0	0.0
0	12	61	0.0	0.0	nan	nan	0.0	0.0
0	12	58	0.0	0.0	nan	nan	0.0	0.0
0	12	55	0.0	0.0	nan	nan	0.0	0.0
0	12	52	0.0	0.0	nan	nan	0.0	0.0
0	12	49	0.0	0.0	nan	nan	0.0	0.0
0	12	46	0.0	0.0	nan	nan	0.0	0.0
0	12	43	0.0	0.0	nan	nan	0.0	0.0
0	12	40	0.0	0.0	nan	nan	0.0	0.0
0	12	37	0.0	0.0	nan	nan	0.0	0.0
0	12	34	0.0	0.0	nan	nan	0.0	0.0
0	12	31	0.0	0.0	nan	nan	0.0	0.0
0	12	28	0.0	0.0	nan	nan	0.0	0.0
0	13	100	0.0	0.0	nan	nan	0.0	0.0
0	13	97	0.0	0.0	nan	nan	0.0	0.0
0	13	94	0.0	0.0	nan	nan	0.0	0.0
0	13	91	0.0	0.0	nan	nan	0.0	0.0
0	13	88	0.0	0.0	nan	nan	0.0	0.0
0	13	85	0.0	0.0	nan	nan	0.0	0.0
0	13	82	0.0	0.0	nan	nan	0.0	0.0
0	13	79	0.0	0.0	nan	nan	0.0	0.0
0	13	76	0.0	0.0	nan	nan	0.0	0.0
0	13	73	0.0	0.0	nan	nan	0.0	0.0
0	13	70	0.0	0.0	nan	nan	0.0	0.0
0	13	67	0.0	0.0	nan	nan	0.0	0.0
0	13	64	0.0	0.0	nan	nan	0.0	0.0
0	13	61	0.0	0.0	nan	nan	0.0	0.0
0	13	58	0.0	0.0	nan	nan	0.0	0.0
0	13	55	0.0	0.0	nan	nan	0.0	0.0
0	13	52	0.0	0.0	nan	nan	0.0	0.0
0	13	49	0.0	0.0	nan	nan	0.0	0.0
0	13	46	0.0	0.0	nan	nan	0.0	0.0
0	13	43	0.0	0.0	nan	nan	0.0	0.0
0	13	40	0.0	0.0	nan	nan	0.0	0.0
0	13	37	0.0	0.0	nan	nan	0.0	0.0
0	13	34	0.0	0.0	nan	nan	0.0	0.0
0	13	31	0.0	0.0	nan	nan	0.0	0.0
0	13	28	0.0	0.0	nan	nan	0.0	0.0
0	14	100	0.0	0.0	nan	nan	0.0	0.0
0	14	97	0.0	0.0	nan	nan	0.0	0.0
0	14	94	0.0	0.0	nan	nan	0.0	0.0
0	14	91	0.0	0.0	nan	nan	0.0	0.0
0	14	88	0.0	0.0	nan	nan	0.0	0.0
0	14	85	0.0	0.0	nan	nan	0.0	0.0
0	14	82	0.0	0.0	nan	nan	0.0	0.0
0	14	79	0.0	0.0	nan	nan	0.0	0.0
0	14	76	0.0	0.0	nan	nan	0.0	0.0
0	14	73	0.0	0.0	nan	nan	0.0	0.0
0	14	70	0.0	0.0	nan	nan	0.0	0.0
0	14	67	0.0	0.0	nan	nan	0.0	0.0
0	14	64	0.0	0.0	nan	nan	0.0	0.0
0	14	61	0.0	0.0	nan	nan	0.0	0.0
0	14	58	0.0	0.0	nan	nan	0.0	0.0
0	14	55	0.0	0.0	nan	nan	0.0	0.0
0	14	52	0.0	0.0	nan	nan	0.0	0.0
0	14	49	0.0	0.0	nan	nan	0.0	0.0
0	14	46	0.0	0.0	nan	nan	0.0	0.0
0	14	43	0.0	0.0	nan	nan	0.0	0.0
0	14	40	0.0	0.0	nan	nan	0.0	0.0
0	14	37	0.0	0.0	nan	nan	0.0	0.0
0	14	34	0.0	0.0	nan	nan	0.0	0.0
0	14	31	0.0	0.0	nan	nan	0.0	0.0
0	14	28	0.0	0.0	nan	nan	0.0	0.0
0	15	100	0.0	0.0	nan	nan	0.0	0.0
0	15	97	0.0	0.0	nan	nan	0.0	0.0
0	15	94	0.0	0.0	nan	nan	0.0	0.0
0	15	91	0.0	0.0	nan	nan	0.0	0.0
0	15	88	0.0	0.0	nan	nan	0.0	0.0
0	15	85	0.0	0.0	nan	nan	0.0	0.0
0	15	82	0.0	0.0	nan	nan	0.0	0.0
0	15	79	0.0	0.0	nan	nan	0.0	0.0
0	15	76	0.0	0.0	nan	nan	0.0	0.0
0	15	73	0.0	0.0	nan	nan	0.0	0.0
0	15	70	0.0	0.0	nan	nan	0.0	0.0
0	15	67	0.0	0.0	nan	nan	0.0	0.0
0	15	64	0.0	0.0	nan	nan	0.0	0.0
0	15	61	0.0	0.0	nan	nan	0.0	0.0
0	15	58	0.0	0.0	nan	nan	0.0	0.0
0	15	55	0.0	0.0	nan	nan	0.0	0.0
0	15	52	0.0	0.0	nan	nan	0.0	0.0
0	15	49	0.0	0.0	nan	nan	0.0	0.0
0	15	46	0.0	0.0	nan	nan	0.0	0.0
0	15	43	0.0	0.0	nan	nan	0.0	0.0
0	15	40	0.0	0.0	nan	nan	0.0	0.0
0	15	37	0.0	0.0	nan	nan	0.0	0.0
0	15	34	0.0	0.0	nan	nan	0.0	0.0
0	15	31	0.0	0.0	nan	nan	0.0	0.0
0	15	28	0.0	0.0	nan	nan	0.0	0.0
0	16	100	0.0	0.0	nan	nan	0.0	0.0
0	16	97	0.0	0.0	nan	nan	0.0	0.0
0	16	94	0.0	0.0	nan	nan	0.0	0.0
0	16	91	0.0	0.0	nan	nan	0.0	0.0
0	16	88	0.0	0.0	nan	nan	0.0	0.0
0	16	85	0.0	0.0	nan	nan	0.0	0.0
0	16	82	0.0	0.0	nan	nan	0.0	0.0
0	16	79	0.0	0.0	nan	nan	0.0	0.0
0	16	76	0.0	0.0	nan	nan	0.0	0.0
0	16	73	0.0	0.0	nan	nan	0.0	0.0
0	16	70	0.0	0.0	nan	nan	0.0	0.0
0	16	67	0.0	0.0	nan	nan	0.0	0.0
0	16	64	0.0	0.0	nan	nan	0.0	0.0
0	16	61	0.0	0.0	nan	nan	0.0	0.0
0	16	58	0.0	0.0	nan	nan	0.0	0.0
0	16	55	0.0	0.0	nan	nan	0.0	0.0
0	16	52	0.0	0.0	nan	nan	0.0	0.0
0	16	49	0.0	0.0	nan	nan	0.0	0.0
0	16	46	0.0	0.0	nan	nan	0.0	0.0
0	16	43	0.0	0.0	nan	nan	0.0	0.0
0	16	40	0.0	0.0	nan	nan	0.0	0.0
0	16	37	0.0	0.0	nan	nan	0.0	0.0
0	16	34	0.0	0.0	nan	nan	0.0	0.0
0	16	31	0.0	0.0	nan	nan	0.0	0.0
0	16	28	0.0	0.0	nan	nan	0.0	0.0
0	17	100	0.0	0.0	nan	nan	0.0	0.0
0	17	97	0.0	0.0	nan	nan	0.0	0.0
0	17	94	0.0	0.0	nan	nan	0.0	0.0
0	17	91	0.0	0.0	nan	nan	0.0	0.0
0	17	88	0.0	0.0	nan	nan	0.0	0.0
0	17	85	0.0	0.0	nan	nan	0.0	0.0
0	17	82	0.0	0.0	nan	nan	0.0	0.0
0	17	79	0.0	0.0	nan	nan	0.0	0.0
0	17	76	0.0	0.0	nan	nan	0.0	0.0
0	17	73	0.0	0.0	nan	nan	0.0	0.0
0	17	70	0.0	0.0	nan	nan	0.0	0.0
0	17	67	0.0	0.0	nan	nan	0.0	0.0
0	17	64	0.0	0.0	nan	nan	0.0	0.0
0	17	61	0.0	0.0	nan	nan	0.0	0.0
0	17	58	0.0	0.0	nan	nan	0.0	0.0
0	17	55	0.0	0.0	nan	nan	0.0	0.0
0	17	52	0.0	0.0	nan	nan	0.0	0.0
0	17	49	0.0	0.0	nan	nan	0.0	0.0
0	17	46	0.0	0.0	nan	nan	0.0	0.0
0	17	43	0.0	0.0	nan	nan	0.0	0.0
0	17	40	0.0	0.0	nan	nan	0.0	0.0
0	17	37	0.0	0.0	nan	nan	0.0	0.0
0	17	34	0.0	0.0	nan	nan	0.0	0.0
0	17	31	0.0	0.0	nan	nan	0.0	0.0
0	17	28	0.0	0.0	nan	nan	0.0	0.0
0	18	100	0.0	0.0	nan	nan	0.0	0.0
0	18	97	0.0	0.0	nan	nan	0.0	0.0
0	18	94	0.0	0.0	nan	nan	0.0	0.0
0	18	91	0.0	0.0	nan	nan	0.0	0.0
0	18	88	0.0	0.0	nan	nan	0.0	0.0
0	18	85	0.0	0.0	nan	nan	0.0	0.0
0	18	82	0.0	0.0	nan	nan	0.0	0.0
0	18	79	0.0	0.0	nan	nan	0.0	0.0
0	18	76	0.0	0.0	nan	nan	0.0	0.0
0	18	73	0.0	0.0	nan	nan	0.0	0.0
0	18	70	0.0	0.0	nan	nan	0.0	0.0
0	18	67	0.0	0.0	nan	nan	0.0	0.0
0	18	64	0.0	0.0	nan	nan	0.0	0.0
0	18	61	0.0	0.0	nan	nan	0.0	0.0
0	18	58	0.0	0.0	nan	nan	0.0	0.0
0	18	55	0.0	0.0	nan	nan	0.0	0.0
0	18	52	0.0	0.0	nan	nan	0.0	0.0
0	18	49	0.0	0.0	nan	nan	0.0	0.0
0	18	46	0.0	0.0	nan	nan	0.0	0.0
0	18	43	0.0	0.0	nan	nan	0.0	0.0
0	18	40	0.0	0.0	nan	nan	0.0	0.0
0	18	37	0.0	0.0	nan	nan	0.0	0.0
0	18	34	0.0	0.0	nan	nan	0.0	0.0
0	18	31	0.0	0.0	nan	nan	0.0	0.0
0	18	28	0.0	0.0	nan	nan	0.0	0.0
0	19	100	0.0	0.0	nan	nan	0.0	0.0
0	19	97	0.0	0.0	nan	nan	0.0	0.0
0	19	94	0.0	0.0	nan	nan	0.0	0.0
0	19	91	0.0	0.0	nan	nan	0.0	0.0
0	19	88	0.0	0.0	nan	nan	0.0	0.0
0	19	85	0.0	0.0	nan	nan	0.0	0.0
0	19	82	0.0	0.0	nan	nan	0.0	0.0
0	19	79	0.0	0.0	nan	nan	0.0	0.0
0	19	76	0.0	0.0	nan	nan	0.0	0.0
0	19	73	0.0	0.0	nan	nan	0.0	0.0
0	19	70	0.0	0.0	nan	nan	0.0	0.0
0	19	67	0.0	0.0	nan	nan	0.0	0.0
0	19	64	0.0	0.0	nan	nan	0.0	0.0
0	19	61	0.0	0.0	nan	nan	0.0	0.0
0	19	58	0.0	0.0	nan	nan	0.0	0.0
0	19	55	0.0	0.0	nan	nan	0.0	0.0
0	19	52	0.0	0.0	nan	nan	0.0	0.0
0	19	49	0.0	0.0	nan	nan	0.0	0.0
0	19	46	0.0	0.0	nan	nan	0.0	0.0
0	19	43	0.0	0.0	nan	nan	0.0	0.0
0	19	40	0.0	0.0	nan	nan	0.0	0.0
0	19	37	0.0	0.0	nan	nan	0.0	0.0
0	19	34	0.0	0.0	nan	nan	0.0	0.0
0	19	31	0.0	0.0	nan	nan	0.0	0.0
0	19	28	0.0	0.0	nan	nan	0.0	0.0
0	20	100	0.0	0.0	nan	nan	0.0	0.0
0	20	97	0.0	0.0	nan	nan	0.0	0.0
0	20	94	0.0	0.0	nan	nan	0.0	0.0
0	20	91	0.0	0.0	nan	nan	0.0	0.0
0	20	88	0.0	0.0	nan	nan	0.0	0.0
0	20	85	0.0	0.0	nan	nan	0.0	0.0
0	20	82	0.0	0.0	nan	nan	0.0	0.0
0	20	79	0.0	0.0	nan	nan	0.0	0.0
0	20	76	0.0	0.0	nan	nan	0.0	0.0
0	20	73	0.0	0.0	nan	nan	0.0	0.0
0	20	70	0.0	0.0	nan	nan	0.0	0.0
0	20	67	0.0	0.0	nan	nan	0.0	0.0
0	20	64	0.0	0.0	nan	nan	0.0	0.0
0	20	61	0.0	0.0	nan	nan	0.0	0.0
0	20	58	0.0	0.0	nan	nan	0.0	0.0
0	20	55	0.0	0.0	nan	nan	0.0	0.0
0	20	52	0.0	0.0	nan	nan	0.0	0.0
0	20	49	0.0	0.0	nan	nan	0.0	0.0
0	20	46	0.0	0.0	nan	nan	0.0	0.0
0	20	43	0.0	0.0	nan	nan	0.0	0.0
0	20	40	0.0	0.0	nan	nan	0.0	0.0
0	20	37	0.0	0.0	nan	nan	0.0	0.0
0	20	34	0.0	0.0	nan	nan	0.0	0.0
0	20	31	0.0	0.0	nan	nan	0.0	0.0
0	20	28	0.0	0.0	nan	nan	0.0	0.0
0	21	100	0.0	0.0	nan	nan	0.0	0.0
0	21	97	0.0	0.0	nan	nan	0.0	0.0
0	21	94	0.0	0.0	nan	nan	0.0	0.0
0	21	91	0.0	0.0	nan	nan	0.0	0.0
0	21	88	0.0	0.0	nan	nan	0.0	0.0
0	21	85	0.0	0.0	nan	nan	0.0	0.0
0	21	82	0.0	0.0	nan	nan	0.0	0.0
0	21	79	0.0	0.0	nan	nan	0.0	0.0
0	21	76	0.0	0.0	nan	nan	0.0	0.0
0	21	73	0.0	0.0	nan	nan	0.0	0.0
0	21	70	0.0	0.0	nan	nan	0.0	0.0
0	21	67	0.0	0.0	nan	nan	0.0	0.0
0	21	64	0.0	0.0	nan	nan	0.0	0.0
0	21	61	0.0	0.0	nan	nan	0.0	0.0
0	21	58	0.0	0.0	nan	nan	0.0	0.0
0	21	55	0.0	0.0	nan	nan	0.0	0.0
0	21	52	0.0	0.0	nan	nan	0.0	0.0
0	21	49	0.0	0.0	nan	nan	0.0	0.0
0	21	46	0.0	0.0	nan	nan	0.0	0.0
0	21	43	0.0	0.0	nan	nan	0.0	0.0
0	21	40	0.0	0.0	nan	nan	0.0	0.0
0	21	37	0.0	0.0	nan	nan	0.0	0.0
0	21	34	0.0	0.0	nan	nan	0.0	0.0
0	21	31	0.0	0.0	nan	nan	0.0	0.0
0	21	28	0.0	0.0	nan	nan	0.0	0.0
0	22	100	0.0	0.0	nan	nan	0.0	0.0
0	22	97	0.0	0.0	nan	nan	0.0	0.0
0	22	94	0.0	0.0	nan	nan	0.0	0.0
0	22	91	0.0	0.0	nan	nan	0.0	0.0
0	22	88	0.0	0.0	nan	nan	0.0	0.0
0	22	85	0.0	0.0	nan	nan	0.0	0.0
0	22	82	0.0	0.0	nan	nan	0.0	0.0
0	22	79	0.0	0.0	nan	nan	0.0	0.0
0	22	76	0.0	0.0	nan	nan	0.0	0.0
0	22	73	0.0	0.0	nan	nan	0.0	0.0
0	22	70	0.0	0.0	nan	nan	0.0	0.0
0	22	67	0.0	0.0	nan	nan	0.0	0.0
0	22	64	0.0	0.0	nan	nan	0.0	0.0
0	22	61	0.0	0.0	nan	nan	0.0	0.0
0	22	58	0.0	0.0	nan	nan	0.0	0.0
0	22	55	0.0	0.0	nan	nan	0.0	0.0
0	22	52	0.0	0.0	nan	nan	0.0	0.0
0	22	49	0.0	0.0	nan	nan	0.0	0.0
0	22	46	0.0	0.0	nan	nan	0.0	0.0
0	22	43	0.0	0.0	nan	nan	0.0	0.0
0	22	40	0.0	0.0	nan	nan	0.0	0.0
0	22	37	0.0	0.0	nan	nan	0.0	0.0
0	22	34	0.0	0.0	nan	nan	0.0	0.0
0	22	31	0.0	0.0	nan	nan	0.0	0.0
0	22	28	0.0	0.0	nan	nan	0.0	0.0
0	23	100	0.0	0.0	nan	nan	0.0	0.0
0	23	97	0.0	0.0	nan	nan	0.0	0.0
0	23	94	0.0	0.0	nan	nan	0.0	0.0
0	23	91	0.0	0.0	nan	nan	0.0	0.0
0	23	88	0.0	0.0	nan	nan	0.0	0.0
0	23	85	0.0	0.0	nan	nan	0.0	0.0
0	23	82	0.0	0.0	nan	nan	0.0	0.0
0	23	79	0.0	0.0	nan	nan	0.0	0.0
0	23	76	0.0	0.0	nan	nan	0.0	0.0
0	23	73	0.0	0.0	nan	nan	0.0	0.0
0	23	70	0.0	0.0	nan	nan	0.0	0.0
0	23	67	0.0	0.0	nan	nan	0.0	0.0
0	23	64	0.0	0.0	nan	nan	0.0	0.0
0	23	61	0.0	0.0	nan	nan	0.0	0.0
0	23	58	0.0	0.0	nan	nan	0.0	0.0
0	23	55	0.0	0.0	nan	nan	0.0	0.0
0	23	52	0.0	0.0	nan	nan	0.0	0.0
0	23	49	0.0	0.0	nan	nan	0.0	0.0
0	23	46	0.0	0.0	nan	nan	0.0	0.0
0	23	43	0.0	0.0	nan	nan	0.0	0.0
0	23	40	0.0	0.0	nan	nan	0.0	0.0
0	23	37	0.0	0.0	nan	nan	0.0	0.0
0	23	34	0.0	0.0	nan	nan	0.0	0.0
0	23	31	0.0	0.0	nan	nan	0.0	0.0
0	23	28	0.0	0.0	nan	nan	0.0	0.0
0	24	100	0.0	0.0	nan	nan	0.0	0.0
0	24	97	0.0	0.0	nan	nan	0.0	0.0
0	24	94	0.0	0.0	nan	nan	0.0	0.0
0	24	91	0.0	0.0	nan	nan	0.0	0.0
0	24	88	0.0	0.0	nan	nan	0.0	0.0
0	24	85	0.0	0.0	nan	nan	0.0	0.0
0	24	82	0.0	0.0	nan	nan	0.0	0.0
0	24	79	0.0	0.0	nan	nan	0.0	0.0
0	24	76	0.0	0.0	nan	nan	0.0	0.0
0	24	73	0.0	0.0	nan	nan	0.0	0.0
0	24	70	0.0	0.0	nan	nan	0.0	0.0
0	24	67	0.0	0.0	nan	nan	0.0	0.0
0	24	64	0.0	0.0	nan	nan	0.0	0.0
0	24	61	0.0	0.0	nan	nan	0.0	0.0
0	24	58	0.0	0.0	nan	nan	0.0	0.0
0	24	55	0.0	0.0	nan	nan	0.0	0.0
0	24	52	0.0	0.0	nan	nan	0.0	0.0
0	24	49	0.0	0.0	nan	nan	0.0	0.0
0	24	46	0.0	0.0	nan	nan	0.0	0.0
0	24	43	0.0	0.0	nan	nan	0.0	0.0
0	24	40	0.0	0.0	nan	nan	0.0	0.0
0	24	37	0.0	0.0	nan	nan	0.0	0.0
0	24	34	0.0	0.0	nan	nan	0.0	0.0
0	24	31	0.0	0.0	nan	nan	0.0	0.0
0	24	28	0.0	0.0	nan	nan	0.0	0.0
0	25	100	0.0	0.0	nan	nan	0.0	0.0
0	25	97	0.0	0.0	nan	nan	0.0	0.0
0	25	94	0.0	0.0	nan	nan	0.0	0.0
0	25	91	0.0	0.0	nan	nan	0.0	0.0
0	25	88	0.0	0.0	nan	nan	0.0	0.0
0	25	85	0.0	0.0	nan	nan	0.0	0.0
0	25	82	0.0	0.0	nan	nan	0.0	0.0
0	25	79	0.0	0.0	nan	nan	0.0	0.0
0	25	76	0.0	0.0	nan	nan	0.0	0.0
0	25	73	0.0	0.0	nan	nan	0.0	0.0
0	25	70	0.0	0.0	nan	nan	0.0	0.0
0	25	67	0.0	0.0	nan	nan	0.0	0.0
0	25	64	0.0	0.0	nan	nan	0.0	0.0
0	25	61	0.0	0.0	nan	nan	0.0	0.0
0	25	58	0.0	0.0	nan	nan	0.0	0.0
0	25	55	0.0	0.0	nan	nan	0.0	0.0
0	25	52	0.0	0.0	nan	nan	0.0	0.0
0	25	49	0.0	0.0	nan	nan	0.0	0.0
0	25	46	0.0	0.0	nan	nan	0.0	0.0
0	25	43	0.0	0.0	nan	nan	0.0	0.0
0	25	40	0.0	0.0	nan	nan	0.0	0.0
0	25	37	0.0	0.0	nan	nan	0.0	0.0
0	25	34	0.0	0.0	nan	nan	0.0	0.0
0	25	31	0.0	0.0	nan	nan	0.0	0.0
0	25	28	0.0	0.0	nan	nan	0.0	0.0
0	26	100	0.0	0.0	nan	nan	0.0	0.0
0	26	97	0.0	0.0	nan	nan	0.0	0.0
0	26	94	0.0	0.0	nan	nan	0.0	0.0
0	26	91	0.0	0.0	nan	nan	0.0	0.0
0	26	88	0.0	0.0	nan	nan	0.0	0.0
0	26	85	0.0	0.0	nan	nan	0.0	0.0
0	26	82	0.0	0.0	nan	nan	0.0	0.0
0	26	79	0.0	0.0	nan	nan	0.0	0.0
0	26	76	0.0	0.0	nan	nan	0.0	0.0
0	26	73	0.0	0.0	nan	nan	0.0	0.0
0	26	70	0.0	0.0	nan	nan	0.0	0.0
0	26	67	0.0	0.0	nan	nan	0.0	0.0
0	26	64	0.0	0.0	nan	nan	0.0	0.0
0	26	61	0.0	0.0	nan	nan	0.0	0.0
0	26	58	0.0	0.0	nan	nan	0.0	0.0
0	26	55	0.0	0.0	nan	nan	0.0	0.0
0	26	52	0.0	0.0	nan	nan	0.0	0.0
0	26	49	0.0	0.0	nan	nan	0.0	0.0
0	26	46	0.0	0.0	nan	nan	0.0	0.0
0	26	43	0.0	0.0	nan	nan	0.0	0.0
0	26	40	0.0	0.0	nan	nan	0.0	0.0
0	26	37	0.0	0.0	nan	nan	0.0	0.0
0	26	34	0.0	0.0	nan	nan	0.0	0.0
0	26	31	0.0	0.0	nan	nan	0.0	0.0
0	26	28	0.0	0.0	nan	nan	0.0	0.0
0	27	100	0.0	0.0	nan	nan	0.0	0.0
0	27	97	0.0	0.0	nan	nan	0.0	0.0
0	27	94	0.0	0.0	nan	nan	0.0	0.0
0	27	91	0.0	0.0	nan	nan	0.0	0.0
0	27	88	0.0	0.0	nan	nan	0.0	0.0
0	27	85	0.0	0.0	nan	nan	0.0	0.0
0	27	82	0.0	0.0	nan	nan	0.0	0.0
0	27	79	0.0	0.0	nan	nan	0.0	0.0
0	27	76	0.0	0.0	nan	nan	0.0	0.0
0	27	73	0.0	0.0	nan	nan	0.0	0.0
0	27	70	0.0	0.0	nan	nan	0.0	0.0
0	27	67	0.0	0.0	nan	nan	0.0	0.0
0	27	64	0.0	0.0	nan	nan	0.0	0.0
0	27	61	0.0	0.0	nan	nan	0.0	0.0
0	27	58	0.0	0.0	nan	nan	0.0	0.0
0	27	55	0.0	0.0	nan	nan	0.0	0.0
0	27	52	0.0	0.0	nan	nan	0.0	0.0
0	27	49	0.0	0.0	nan	nan	0.0	0.0
0	27	46	0.0	0.0	nan	nan	0.0	0.0
0	27	43	0.0	0.0	nan	nan	0.0	0.0
0	27	40	0.0	0.0	nan	nan	0.0	0.0
0	27	37	0.0	0.0	nan	nan	0.0	0.0
0	27	34	0.0	0.0	nan	nan	0.0	0.0
0	27	31	0.0	0.0	nan	nan	0.0	0.0
0	27	28	0.0	0.0	nan	nan	0.0	0.0
0	28	100	0.0	0.0	nan	nan	0.0	0.0
0	28	97	0.0	0.0	nan	nan	0.0	0.0
0	28	94	0.0	0.0	nan	nan	0.0	0.0
0	28	91	0.0	0.0	nan	nan	0.0	0.0
0	28	88	0.0	0.0	nan	nan	0.0	0.0
0	28	85	0.0	0.0	nan	nan	0.0	0.0
0	28	82	0.0	0.0	nan	nan	0.0	0.0
0	28	79	0.0	0.0	nan	nan	0.0	0.0
0	28	76	0.0	0.0	nan	nan	0.0	0.0
0	28	73	0.0	0.0	nan	nan	0.0	0.0
0	28	70	0.0	0.0	nan	nan	0.0	0.0
0	28	67	0.0	0.0	nan	nan	0.0	0.0
0	28	64	0.0	0.0	nan	nan	0.0	0.0
0	28	61	0.0	0.0	nan	nan	0.0	0.0
0	28	58	0.0	0.0	nan	nan	0.0	0.0
0	28	55	0.0	0.0	nan	nan	0.0	0.0
0	28	52	0.0	0.0	nan	nan	0.0	0.0
0	28	49	0.0	0.0	nan	nan	0.0	0.0
0	28	46	0.0	0.0	nan	nan	0.0	0.0
0	28	43	0.0	0.0	nan	nan	0.0	0.0
0	28	40	0.0	0.0	nan	nan	0.0	0.0
0	28	37	0.0	0.0	nan	nan	0.0	0.0
0	28	34	0.0	0.0	nan	nan	0.0	0.0
0	28	31	0.0	0.0	nan	nan	0.0	0.0
0	28	28	0.0	0.0	nan	nan	0.0	0.0
0	29	100	0.0	0.0	nan	nan	0.0	0.0
0	29	97	0.0	0.0	nan	nan	0.0	0.0
0	29	94	0.0	0.0	nan	nan	0.0	0.0
0	29	91	0.0	0.0	nan	nan	0.0	0.0
0	29	88	0.0	0.0	nan	nan	0.0	0.0
0	29	85	0.0	0.0	nan	nan	0.0	0.0
0	29	82	0.0	0.0	nan	nan	0.0	0.0
0	29	79	0.0	0.0	nan	nan	0.0	0.0
0	29	76	0.0	0.0	nan	nan	0.0	0.0
0	29	73	0.0	0.0	nan	nan	0.0	0.0
0	29	70	0.0	0.0	nan	nan	0.0	0.0
0	29	67	0.0	0.0	nan	nan	0.0	0.0
0	29	64	0.0	0.0	nan	nan	0.0	0.0
0	29	61	0.0	0.0	nan	nan	0.0	0.0
0	29	58	0.0	0.0	nan	nan	0.0	0.0
0	29	55	0.0	0.0	nan	nan	0.0	0.0
0	29	52	0.0	0.0	nan	nan	0.0	0.0
0	29	49	0.0	0.0	nan	nan	0.0	0.0
0	29	46	0.0	0.0	nan	nan	0.0	0.0
0	29	43	0.0	0.0	nan	nan	0.0	0.0
0	29	40	0.0	0.0	nan	nan	0.0	0.0
0	29	37	0.0	0.0	nan	nan	0.0	0.0
0	29	34	0.0	0.0	nan	nan	0.0	0.0
0	29	31	0.0	0.0	nan	nan	0.0	0.0
0	29	28	0.0	0.0	nan	nan	0.0	0.0
0	30	100	0.0	0.0	nan	nan	0.0	0.0
0	30	97	0.0	0.0	nan	nan	0.0	0.0
0	30	94	0.0	0.0	nan	nan	0.0	0.0
0	30	91	0.0	0.0	nan	nan	0.0	0.0
0	30	88	0.0	0.0	nan	nan	0.0	0.0
0	30	85	0.0	0.0	nan	nan	0.0	0.0
0	30	82	0.0	0.0	nan	nan	0.0	0.0
0	30	79	0.0	0.0	nan	nan	0.0	0.0
0	30	76	0.0	0.0	nan	nan	0.0	0.0
0	30	73	0.0	0.0	nan	nan	0.0	0.0
0	30	70	0.0	0.0	nan	nan	0.0	0.0
0	30	67	0.0	0.0	nan	nan	0.0	0.0
0	30	64	0.0	0.0	nan	nan	0.0	0.0
0	30	61	0.0	0.0	nan	nan	0.0	0.0
0	30	58	0.0	0.0	nan	nan	0.0	0.0
0	30	55	0.0	0.0	nan	nan	0.0	0.0
0	30	52	0.0	0.0	nan	nan	0.0	0.0
0	30	49	0.0	0.0	nan	nan	0.0	0.0
0	30	46	0.0	0.0	nan	nan	0.0	0.0
0	30	43	0.0	0.0	nan	nan	0.0	0.0
0	30	40	0.0	0.0	nan	nan	0.0	0.0
0	30	37	0.0	0.0	nan	nan	0.0	0.0
0	30	34	0.0	0.0	nan	nan	0.0	0.0
0	30	31	0.0	0.0	nan	nan	0.0	0.0
0	30	28	0.0	0.0	nan	nan	0.0	0.0
0	31	100	0.0	0.0	nan	nan	0.0	0.0
0	31	97	0.0	0.0	nan	nan	0.0	0.0
0	31	94	0.0	0.0	nan	nan	0.0	0.0
0	31	91	0.0	0.0	nan	nan	0.0	0.0
0	31	88	0.0	0.0	nan	nan	0.0	0.0
0	31	85	0.0	0.0	nan	nan	0.0	0.0
0	31	82	0.0	0.0	nan	nan	0.0	0.0
0	31	79	0.0	0.0	nan	nan	0.0	0.0
0	31	76	0.0	0.0	nan	nan	0.0	0.0
0	31	73	0.0	0.0	nan	nan	0.0	0.0
0	31	70	0.0	0.0	nan	nan	0.0	0.0
0	31	67	0.0	0.0	nan	nan	0.0	0.0
0	31	64	0.0	0.0	nan	nan	0.0	0.0
0	31	61	0.0	0.0	nan	nan	0.0	0.0
0	31	58	0.0	0.0	nan	nan	0.0	0.0
0	31	55	0.0	0.0	nan	nan	0.0	0.0
0	31	52	0.0	0.0	nan	nan	0.0	0.0
0	31	49	0.0	0.0	nan	nan	0.0	0.0
0	31	46	0.0	0.0	nan	nan	0.0	0.0
0	31	43	0.0	0.0	nan	nan	0.0	0.0
0	31	40	0.0	0.0	nan	nan	0.0	0.0
0	31	37	0.0	0.0	nan	nan	0.0	0.0
0	31	34	0.0	0.0	nan	nan	0.0	0.0
0	31	31	0.0	0.0	nan	nan	0.0	0.0
0	31	28	0.0	0.0	nan	nan	0.0	0.0
1	0	100	0.0	0.0	nan	nan	0.0	0.0
1	0	97	0.0	0.0	nan	nan	0.0	0.0
1	0	94	0.0	0.0	nan	nan	0.0	0.0
1	0	91	0.0	0.0	nan	nan	0.0	0.0
1	0	88	0.0	0.0	nan	nan	0.0	0.0
1	0	85	0.0	0.0	nan	nan	0.0	0.0
1	0	82	0.0	0.0	nan	nan	0.0	0.0
1	0	79	0.0	0.0	nan	nan	0.0	0.0
1	0	76	0.0	0.0	nan	nan	0.0	0.0
1	0	73	0.0	0.0	nan	nan	0.0	0.0
1	0	70	0.0	0.0	nan	nan	0.0	0.0
1	0	67	0.0	0.0	nan	nan	0.0	0.0
1	0	64	0.0	0.0	nan	nan	0.0	0.0
1	0	61	0.0	0.0	nan	nan	0.0	0.0
1	0	58	0.0	0.0	nan	nan	0.0	0.0
1	0	55	0.0	0.0	nan	nan	0.0	0.0
1	0	52	0.0	0.0	nan	nan	0.0	0.0
1	0	49	0.0	0.0	nan	nan	0.0	0.0
1	0	46	0.0	0.0	nan	nan	0.0	0.0
1	0	43	0.0	0.0	nan	nan	0.0	0.0
1	0	40	0.0	0.0	nan	nan	0.0	0.0
1	0	37	0.0	0.0	nan	nan	0.0	0.0
1	0	34	0.0	0.0	nan	nan	0.0	0.0
1	0	31	0.0	0.0	nan	nan	0.0	0.0
1	0	28	0.0	0.0	nan	nan	0.0	0.0
1	1	100	0.0	0.0	nan	nan	0.0	0.0
1	1	97	0.0	0.0	nan	nan	0.0	0.0
1	1	94	0.0	0.0	nan	nan	0.0	0.0
1	1	91	0.0	0.0	nan	nan	0.0	0.0
1	1	88	0.0	0.0	nan	nan	0.0	0.0
1	1	85	0.0	0.0	nan	nan	0.0	0.0
1	1	82	0.0	0.0	nan	nan	0.0	0.0
1	1	79	0.0	0.0	nan	nan	0.0	0.0
1	1	76	0.0	0.0	nan	nan	0.0	0.0
1	1	73	0.0	0.0	nan	nan	0.0	0.0
1	1	70	0.0	0.0	nan	nan	0.0	0.0
1	1	67	0.0	0.0	nan	nan	0.0	0.0
1	1	64	0.0	0.0	nan	nan	0.0	0.0
1	1	61	0.0	0.0	nan	nan	0.0	0.0
1	1	58	0.0	0.0	nan	nan	0.0	0.0
1	1	55	0.0	0.0	nan	nan	0.0	0.0
1	1	52	0.0	0.0	nan	nan	0.0	0.0
1	1	49	0.0	0.0	nan	nan	0.0	0.0
1	1	46	0.0	0.0	nan	nan	0.0	0.0
1	1	43	0.0	0.0	nan	nan	0.0	0.0
1	1	40	0.0	0.0	nan	nan	0.0	0.0
1	1	37	0.0	0.0	nan	nan	0.0	0.0
1	1	34	0.0	0.0	nan	nan	0.0	0.0
1	1	31	0.0	0.0	nan	nan	0.0	0.0
1	1	28	0.0	0.0	nan	nan	0.0	0.0
1	2	100	0.0	0.0	nan	nan	0.0	0.0
1	2	97	0.0	0.0	nan	nan	0.0	0.0
1	2	94	0.0	0.0	nan	nan	0.0	0.0
1	2	91	0.0	0.0	nan	nan	0.0	0.0
1	2	88	0.0	0.0	nan	nan	0.0	0.0
1	2	85	0.0	0.0	nan	nan	0.0	0.0
1	2	82	0.0	0.0	nan	nan	0.0	0.0
1	2	79	0.0	0.0	nan	nan	0.0	0.0
1	2	76	0.0	0.0	nan	nan	0.0	0.0
1	2	73	0.0	0.0	nan	nan	0.0	0.0
1	2	70	0.0	0.0	nan	nan	0.0	0.0
1	2	67	0.0	0.0	nan	nan	0.0	0.0
1	2	64	0.0	0.0	nan	nan	0.0	0.0
1	2	61	0.0	0.0	nan	nan	0.0	0.0
1	2	58	0.0	0.0	nan	nan	0.0	0.0
1	2	55	0.0	0.0	nan	nan	0.0	0.0
1	2	52	0.0	0.0	nan	nan	0.0	0.0
1	2	49	0.0	0.0	nan	nan	0.0	0.0
1	2	46	0.0	0.0	nan	nan	0.0	0.0
1	2	43	0.0	0.0	nan	nan	0.0	0.0
1	2	40	0.0	0.0	nan	nan	0.0	0.0
1	2	37	0.0	0.0	nan	nan	0.0	0.0
1	2	34	0.0	0.0	nan	nan	0.0	0.0
1	2	31	0.0	0.0	nan	nan	0.0	0.0
1	2	28	0.0	0.0	nan	nan	0.0	0.0
1	3	100	0.0	0.0	nan	nan	0.0	0.0
1	3	97	0.0	0.0	nan	nan	0.0	0.0
1	3	94	0.0	0.0	nan	nan	0.0	0.0
1	3	91	0.0	0.0	nan	nan	0.0	0.0
1	3	88	0.0	0.0	nan	nan	0.0	0.0
1	3	85	0.0	0.0	nan	nan	0.0	0.0
1	3	82	0.0	0.0	nan	nan	0.0	0.0
1	3	79	0.0	0.0	nan	nan	0.0	0.0
1	3	76	0.0	0.0	nan	nan	0.0	0.0
1	3	73	0.0	0.0	nan	nan	0.0	0.0
1	3	70	0.0	0.0	nan	nan	0.0	0.0
1	3	67	0.0	0.0	nan	nan	0.0	0.0
1	3	64	0.0	0.0	nan	nan	0.0	0.0
1	3	61	0.0	0.0	nan	nan	0.0	0.0
1	3	58	0.0	0.0	nan	nan	0.0	0.0
1	3	55	0.0	0.0	nan	nan	0.0	0.0
1	3	52	0.0	0.0	nan	nan	0.0	0.0
1	3	49	0.0	0.0	nan	nan	0.0	0.0
1	3	46	0.0	0.0	nan	nan	0.0	0.0
1	3	43	0.0	0.0	nan	nan	0.0	0.0
1	3	40	0.0	0.0	nan	nan	0.0	0.0
1	3	37	0.0	0.0	nan	nan	0.0	0.0
1	3	34	0.0	0.0	nan	nan	0.0	0.0
1	3	31	0.0	0.0	nan	nan	0.0	0.0
1	3	28	0.0	0.0	nan	nan	0.0	0.0
1	4	100	0.0	0.0	nan	nan	0.0	0.0
1	4	97	0.0	0.0	nan	nan	0.0	0.0
1	4	94	0.0	0.0	nan	nan	0.0	0.0
1	4	91	0.0	0.0	nan	nan	0.0	0.0
1	4	88	0.0	0.0	nan	nan	0.0	0.0
1	4	85	0.0	0.0	nan	nan	0.0	0.0
1	4	82	0.0	0.0	nan	nan	0.0	0.0
1	4	79	0.0	0.0	nan	nan	0.0	0.0
1	4	76	0.0	0.0	nan	nan	0.0	0.0
1	4	73	0.0	0.0	nan	nan	0.0	0.0
1	4	70	0.0	0.0	nan	nan	0.0	0.0
1	4	67	0.0	0.0	nan	nan	0.0	0.0
1	4	64	0.0	0.0	nan	nan	0.0	0.0
1	4	61	0.0	0.0	nan	nan	0.0	0.0
1	4	58	0.0	0.0	nan	nan	0.0	0.0
1	4	55	0.0	0.0	nan	nan	0.0	0.0
1	4	52	0.0	0.0	nan	nan	0.0	0.0
1	4	49	0.0	0.0	nan	nan	0.0	0.0
1	4	46	0.0	0.0	nan	nan	0.0	0.0
1	4	43	0.0	0.0	nan	nan	0.0	0.0
1	4	40	0.0	0.0	nan	nan	0.0	0.0
1	4	37	0.0	0.0	nan	nan	0.0	0.0
1	4	34	0.0	0.0	nan	nan	0.0	0.0
1	4	31	0.0	0.0	nan	nan	0.0	0.0
1	4	28	0.0	0.0	nan	nan	0.0	0.0
1	5	100	0.0	0.0	nan	nan	0.0	0.0
1	5	97	0.0	0.0	nan	nan	0.0	0.0
1	5	94	0.0	0.0	nan	nan	0.0	0.0
1	5	91	0.0	0.0	nan	nan	0.0	0.0
1	5	88	0.0	0.0	nan	nan	0.0	0.0
1	5	85	0.0	0.0	nan	nan	0.0	0.0
1	5	82	0.0	0.0	nan	nan	0.0	0.0
1	5	79	0.0	0.0	nan	nan	0.0	0.0
1	5	76	0.0	0.0	nan	nan	0.0	0.0
1	5	73	0.0	0.0	nan	nan	0.0	0.0
1	5	70	0.0	0.0	nan	nan	0.0	0.0
1	5	67	0.0	0.0	nan	nan	0.0	0.0
1	5	64	0.0	0.0	nan	nan	0.0	0.0
1	5	61	0.0	0.0	nan	nan	0.0	0.0
1	5	58	0.0	0.0	nan	nan	0.0	0.0
1	5	55	0.0	0.0	nan	nan	0.0	0.0
1	5	52	0.0	0.0	nan	nan	0.0	0.0
1	5	49	0.0	0.0	nan	nan	0.0	0.0
1	5	46	0.0	0.0	nan	nan	0.0	0.0
1	5	43	0.0	0.0	nan	nan	0.0	0.0
1	5	40	0.0	0.0	nan	nan	0.0	0.0
1	5	37	0.0	0.0	nan	nan	0.0	0.0
1	5	34	0.0	0.0	nan	nan	0.0	0.0
1	5	31	0.0	0.0	nan	nan	0.0	0.0
1	5	28	0.0	0.0	nan	nan	0.0	0.0
1	6	100	0.0	0.0	nan	nan	0.0	0.0
1	6	97	0.0	0.0	nan	nan	0.0	0.0
1	6	94	0.0	0.0	nan	nan	0.0	0.0
1	6	91	0.0	0.0	nan	nan	0.0	0.0
1	6	88	0.0	0.0	nan	nan	0.0	0.0
1	6	85	0.0	0.0	nan	nan	0.0	0.0
1	6	82	0.0	0.0	nan	nan	0.0	0.0
1	6	79	0.0	0.0	nan	nan	0.0	0.0
1	6	76	0.0	0.0	nan	nan	0.0	0.0
1	6	73	0.0	0.0	nan	nan	0.0	0.0
1	6	70	0.0	0.0	nan	nan	0.0	0.0
1	6	67	0.0	0.0	nan	nan	0.0	0.0
1	6	64	0.0	0.0	nan	nan	0.0	0.0
1	6	61	0.0	0.0	nan	nan	0.0	0.0
1	6	58	0.0	0.0	nan	nan	0.0	0.0
1	6	55	0.0	0.0	nan	nan	0.0	0.0
1	6	52	0.0	0.0	nan	nan	0.0	0.0
1	6	49	0.0	0.0	nan	nan	0.0	0.0
1	6	46	0.0	0.0	nan	nan	0.0	0.0
1	6	43	0.0	0.0	nan	nan	0.0	0.0
1	6	40	0.0	0.0	nan	nan	0.0	0.0
1	6	37	0.0	0.0	nan	nan	0.0	0.0
1	6	34	0.0	0.0	nan	nan	0.0	0.0
1	6	31	0.0	0.0	nan	nan	0.0	0.0
1	6	28	0.0	0.0	nan	nan	0.0	0.0
1	7	100	0.0	0.0	nan	nan	0.0	0.0
1	7	97	0.0	0.0	nan	nan	0.0	0.0
1	7	94	0.0	0.0	nan	nan	0.0	0.0
1	7	91	0.0	0.0	nan	nan	0.0	0.0
1	7	88	0.0	0.0	nan	nan	0.0	0.0
1	7	85	0.0	0.0	nan	nan	0.0	0.0
1	7	82	0.0	0.0	nan	nan	0.0	0.0
1	7	79	0.0	0.0	nan	nan	0.0	0.0
1	7	76	0.0	0.0	nan	nan	0.0	0.0
1	7	73	0.0	0.0	nan	nan	0.0	0.0
1	7	70	0.0	0.0	nan	nan	0.0	0.0
1	7	67	0.0	0.0	nan	nan	0.0	0.0
1	7	64	0.0	0.0	nan	nan	0.0	0.0
1	7	61	0.0	0.0	nan	nan	0.0	0.0
1	7	58	0.0	0.0	nan	nan	0.0	0.0
1	7	55	0.0	0.0	nan	nan	0.0	0.0
1	7	52	0.0	0.0	nan	nan	0.0	0.0
1	7	49	0.0	0.0	nan	nan	0.0	0.0
1	7	46	0.0	0.0	nan	nan	0.0	0.0
1	7	43	0.0	0.0	nan	nan	0.0	0.0
1	7	40	0.0	0.0	nan	nan	0.0	0.0
1	7	37	0.0	0.0	nan	nan	0.0	0.0
1	7	34	0.0	0.0	nan	nan	0.0	0.0
1	7	31	0.0	0.0	nan	nan	0.0	0.0
1	7	28	0.0	0.0	nan	nan	0.0	0.0
1	8	100	0.0	0.0	nan	nan	0.0	0.0
1	8	97	0.0	0.0	nan	nan	0.0	0.0
1	8	94	0.0	0.0	nan	nan	0.0	0.0
1	8	91	0.0	0.0	nan	nan	0.0	0.0
1	8	88	0.0	0.0	nan	nan	0.0	0.0
1	8	85	0.0	0.0	nan	nan	0.0	0.0
1	8	82	0.0	0.0	nan	nan	0.0	0.0
1	8	79	0.0	0.0	nan	nan	0.0	0.0
1	8	76	0.0	0.0	nan	nan	0.0	0.0
1	8	73	0.0	0.0	nan	nan	0.0	0.0
1	8	70	0.0	0.0	nan	nan	0.0	0.0
1	8	67	0.0	0.0	nan	nan	0.0	0.0
1	8	64	0.0	0.0	nan	nan	0.0	0.0
1	8	61	0.0	0.0	nan	nan	0.0	0.0
1	8	58	0.0	0.0	nan	nan	0.0	0.0
1	8	55	0.0	0.0	nan	nan	0.0	0.0
1	8	52	0.0	0.0	nan	nan	0.0	0.0
1	8	49	0.0	0.0	nan	nan	0.0	0.0
1	8	46	0.0	0.0	nan	nan	0.0	0.0
1	8	43	0.0	0.0	nan	nan	0.0	0.0
1	8	40	0.0	0.0	nan	nan	0.0	0.0
1	8	37	0.0	0.0	nan	nan	0.0	0.0
1	8	34	0.0	0.0	nan	nan	0.0	0.0
1	8	31	0.0	0.0	nan	nan	0.0	0.0
1	8	28	0.0	0.0	nan	nan	0.0	0.0
1	9	100	0.0	0.0	nan	nan	0.0	0.0
1	9	97	0.0	0.0	nan	nan	0.0	0.0
1	9	94	0.0	0.0	nan	nan	0.0	0.0
1	9	91	0.0	0.0	nan	nan	0.0	0.0
1	9	88	0.0	0.0	nan	nan	0.0	0.0
1	9	85	0.0	0.0	nan	nan	0.0	0.0
1	9	82	0.0	0.0	nan	nan	0.0	0.0
1	9	79	0.0	0.0	nan	nan	0.0	0.0
1	9	76	0.0	0.0	nan	nan	0.0	0.0
1	9	73	0.0	0.0	nan	nan	0.0	0.0
1	9	70	0.0	0.0	nan	nan	0.0	0.0
1	9	67	0.0	0.0	nan	nan	0.0	0.0
1	9	64	0.0	0.0	nan	nan	0.0	0.0
1	9	61	0.0	0.0	nan	nan	0.0	0.0
1	9	58	0.0	0.0	nan	nan	0.0	0.0
1	9	55	0.0	0.0	nan	nan	0.0	0.0
1	9	52	0.0	0.0	nan	nan	0.0	0.0
1	9	49	0.0	0.0	nan	nan	0.0	0.0
1	9	46	0.0	0.0	nan	nan	0.0	0.0
1	9	43	0.0	0.0	nan	nan	0.0	0.0
1	9	40	0.0	0.0	nan	nan	0.0	0.0
1	9	37	0.0	0.0	nan	nan	0.0	0.0
1	9	34	0.0	0.0	nan	nan	0.0	0.0
1	9	31	0.0	0.0	nan	nan	0.0	0.0
1	9	28	0.0	0.0	nan	nan	0.0	0.0
1	10	100	0.0	0.0	nan	nan	0.0	0.0
1	10	97	0.0	0.0	nan	nan	0.0	0.0
1	10	94	0.0	0.0	nan	nan	0.0	0.0
1	10	91	0.0	0.0	nan	nan	0.0	0.0
1	10	88	0.0	0.0	nan	nan	0.0	0.0
1	10	85	0.0	0.0	nan	nan	0.0	0.0
1	10	82	0.0	0.0	nan	nan	0.0	0.0
1	10	79	0.0	0.0	nan	nan	0.0	0.0
1	10	76	0.0	0.0	nan	nan	0.0	0.0
1	10	73	0.0	0.0	nan	nan	0.0	0.0
1	10	70	0.0	0.0	nan	nan	0.0	0.0
1	10	67	0.0	0.0	nan	nan	0.0	0.0
1	10	64	0.0	0.0	nan	nan	0.0	0.0
1	10	61	0.0	0.0	nan	nan	0.0	0.0
1	10	58	0.0	0.0	nan	nan	0.0	0.0
1	10	55	0.0	0.0	nan	nan	0.0	0.0
1	10	52	0.0	0.0	nan	nan	0.0	0.0
1	10	49	0.0	0.0	nan	nan	0.0	0.0
1	10	46	0.0	0.0	nan	nan	0.0	0.0
1	10	43	0.0	0.0	nan	nan	0.0	0.0
1	10	40	0.0	0.0	nan	nan	0.0	0.0
1	10	37	0.0	0.0	nan	nan	0.0	0.0
1	10	34	0.0	0.0	nan	nan	0.0	0.0
1	10	31	0.0	0.0	nan	nan	0.0	0.0
1	10	28	0.0	0.0	nan	nan	0.0	0.0
1	11	100	0.0	0.0	nan	nan	0.0	0.0
1	11	97	0.0	0.0	nan	nan	0.0	0.0
1	11	94	0.0	0.0	nan	nan	0.0	0.0
1	11	91	0.0	0.0	nan	nan	0.0	0.0
1	11	88	0.0	0.0	nan	nan	0.0	0.0
1	11	85	0.0	0.0	nan	nan	0.0	0.0
1	11	82	0.0	0.0	nan	nan	0.0	0.0
1	11	79	0.0	0.0	nan	nan	0.0	0.0
1	11	76	0.0	0.0	nan	nan	0.0	0.0
1	11	73	0.0	0.0	nan	nan	0.0	0.0
1	11	70	0.0	0.0	nan	nan	0.0	0.0
1	11	67	0.0	0.0	nan	nan	0.0	0.0
1	11	64	0.0	0.0	nan	nan	0.0	0.0
1	11	61	0.0	0.0	nan	nan	0.0	0.0
1	11	58	0.0	0.0	nan	nan	0.0	0.0
1	11	55	0.0	0.0	nan	nan	0.0	0.0
1	11	52	0.0	0.0	nan	nan	0.0	0.0
1	11	49	0.0	0.0	nan	nan	0.0	0.0
1	11	46	0.0	0.0	nan	nan	0.0	0.0
1	11	43	0.0	0.0	nan	nan	0.0	0.0
1	11	40	0.0	0.0	nan	nan	0.0	0.0
1	11	37	0.0	0.0	nan	nan	0.0	0.0
1	11	34	0.0	0.0	nan	nan	0.0	0.0
1	11	31	0.0	0.0	nan	nan	0.0	0.0
1	11	28	0.0	0.0	nan	nan	0.0	0.0
1	12	100	0.0	0.0	nan	nan	0.0	0.0
1	12	97	0.0	0.0	nan	nan	0.0	0.0
1	12	94	0.0	0.0	nan	nan	0.0	0.0
1	12	91	0.0	0.0	nan	nan	0.0	0.0
1	12	88	0.0	0.0	nan	nan	0.0	0.0
1	12	85	0.0	0.0	nan	nan	0.0	0.0
1	12	82	0.0	0.0	nan	nan	0.0	0.0
1	12	79	0.0	0.0	nan	nan	0.0	0.0
1	12	76	0.0	0.0	nan	nan	0.0	0.0
1	12	73	0.0	0.0	nan	nan	0.0	0.0
1	12	70	0.0	0.0	nan	nan	0.0	0.0
1	12	67	0.0	0.0	nan	nan	0.0	0.0
1	12	64	0.0	0.0	nan	nan	0.0	0.0
1	12	61	0.0	0.0	nan	nan	0.0	0.0
1	12	58	0.0	0.0	nan	nan	0.0	0.0
1	12	55	0.0	0.0	nan	nan	0.0	0.0
1	12	52	0.0	0.0	nan	nan	0.0	0.0
1	12	49	0.0	0.0	nan	nan	0.0	0.0
1	12	46	0.0	0.0	nan	nan	0.0	0.0
1	12	43	0.0	0.0	nan	nan	0.0	0.0
1	12	40	0.0	0.0	nan	nan	0.0	0.0
1	12	37	0.0	0.0	nan	nan	0.0	0.0
1	12	34	0.0	0.0	nan	nan	0.0	0.0
1	12	31	0.0	0.0	nan	nan	0.0	0.0
1	12	28	0.0	0.0	nan	nan	0.0	0.0
1	13	100	0.0	0.0	nan	nan	0.0	0.0
1	13	97	0.0	0.0	nan	nan	0.0	0.0
1	13	94	0.0	0.0	nan	nan	0.0	0.0
1	13	91	0.0	0.0	nan	nan	0.0	0.0
1	13	88	0.0	0.0	nan	nan	0.0	0.0
1	13	85	0.0	0.0	nan	nan	0.0	0.0
1	13	82	0.0	0.0	nan	nan	0.0	0.0
1	13	79	0.0	0.0	nan	nan	0.0	0.0
1	13	76	0.0	0.0	nan	nan	0.0	0.0
1	13	73	0.0	0.0	nan	nan	0.0	0.0
1	13	70	0.0	0.0	nan	nan	0.0	0.0
1	13	67	0.0	0.0	nan	nan	0.0	0.0
1	13	64	0.0	0.0	nan	nan	0.0	0.0
1	13	61	0.0	0.0	nan	nan	0.0	0.0
1	13	58	0.0	0.0	nan	nan	0.0	0.0
1	13	55	0.0	0.0	nan	nan	0.0	0.0
1	13	52	0.0	0.0	nan	nan	0.0	0.0
1	13	49	0.0	0.0	nan	nan	0.0	0.0
1	13	46	0.0	0.0	nan	nan	0.0	0.0
1	13	43	0.0	0.0	nan	nan	0.0	0.0
1	13	40	0.0	0.0	nan	nan	0.0	0.0
1	13	37	0.0	0.0	nan	nan	0.0	0.0
1	13	34	0.0	0.0	nan	nan	0.0	0.0
1	13	31	0.0	0.0	nan	nan	0.0	0.0
1	13	28	0.0	0.0	nan	nan	0.0	0.0
1	14	100	0.0	0.0	nan	nan	0.0	0.0
1	14	97	0.0	0.0	nan	nan	0.0	0.0
1	14	94	0.0	0.0	nan	nan	0.0	0.0
1	14	91	0.0	0.0	nan	nan	0.0	0.0
1	14	88	0.0	0.0	nan	nan	0.0	0.0
1	14	85	0.0	0.0	nan	nan	0.0	0.0
1	14	82	0.0	0.0	nan	nan	0.0	0.0
1	14	79	0.0	0.0	nan	nan	0.0	0.0
1	14	76	0.0	0.0	nan	nan	0.0	0.0
1	14	73	0.0	0.0	nan	nan	0.0	0.0
1	14	70	0.0	0.0	nan	nan	0.0	0.0
1	14	67	0.0	0.0	nan	nan	0.0	0.0
1	14	64	0.0	0.0	nan	nan	0.0	0.0
1	14	61	0.0	0.0	nan	nan	0.0	0.0
1	14	58	0.0	0.0	nan	nan	0.0	0.0
1	14	55	0.0	0.0	nan	nan	0.0	0.0
1	14	52	0.0	0.0	nan	nan	0.0	0.0
1	14	49	0.0	0.0	nan	nan	0.0	0.0
1	14	46	0.0	0.0	nan	nan	0.0	0.0
1	14	43	0.0	0.0	nan	nan	0.0	0.0
1	14	40	0.0	0.0	nan	nan	0.0	0.0
1	14	37	0.0	0.0	nan	nan	0.0	0.0
1	14	34	0.0	0.0	nan	nan	0.0	0.0
1	14	31	0.0	0.0	nan	nan	0.0	0.0
1	14	28	0.0	0.0	nan	nan	0.0	0.0
1	15	100	0.0	0.0	nan	nan	0.0	0.0
1	15	97	0.0	0.0	nan	nan	0.0	0.0
1	15	94	0.0	0.0	nan	nan	0.0	0.0
1	15	91	0.0	0.0	nan	nan	0.0	0.0
1	15	88	0.0	0.0	nan	nan	0.0	0.0
1	15	85	0.0	0.0	nan	nan	0.0	0.0
1	15	82	0.0	0.0	nan	nan	0.0	0.0
1	15	79	0.0	0.0	nan	nan	0.0	0.0
1	15	76	0.0	0.0	nan	nan	0.0	0.0
1	15	73	0.0	0.0	nan	nan	0.0	0.0
1	15	70	0.0	0.0	nan	nan	0.0	0.0
1	15	67	0.0	0.0	nan	nan	0.0	0.0
1	15	64	0.0	0.0	nan	nan	0.0	0.0
1	15	61	0.0	0.0	nan	nan	0.0	0.0
1	15	58	0.0	0.0	nan	nan	0.0	0.0
1	15	55	0.0	0.0	nan	nan	0.0	0.0
1	15	52	0.0	0.0	nan	nan	0.0	0.0
1	15	49	0.0	0.0	nan	nan	0.0	0.0
1	15	46	0.0	0.0	nan	nan	0.0	0.0
1	15	43	0.0	0.0	nan	nan	0.0	0.0
1	15	40	0.0	0.0	nan	nan	0.0	0.0
1	15	37	0.0	0.0	nan	nan	0.0	0.0
1	15	34	0.0	0.0	nan	nan	0.0	0.0
1	15	31	0.0	0.0	nan	nan	0.0	0.0
1	15	28	0.0	0.0	nan	nan	0.0	0.0
1	16	100	0.0	0.0	nan	nan	0.0	0.0
1	16	97	0.0	0.0	nan	nan	0.0	0.0
1	16	94	0.0	0.0	nan	nan	0.0	0.0
1	16	91	0.0	0.0	nan	nan	0.0	0.0
1	16	88	0.0	0.0	nan	nan	0.0	0.0
1	16	85	0.0	0.0	nan	nan	0.0	0.0
1	16	82	0.0	0.0	nan	nan	0.0	0.0
1	16	79	0.0	0.0	nan	nan	0.0	0.0
1	16	76	0.0	0.0	nan	nan	0.0	0.0
1	16	73	0.0	0.0	nan	nan	0.0	0.0
1	16	70	0.0	0.0	nan	nan	0.0	0.0
1	16	67	0.0	0.0	nan	nan	0.0	0.0
1	16	64	0.0	0.0	nan	nan	0.0	0.0
1	16	61	0.0	0.0	nan	nan	0.0	0.0
1	16	58	0.0	0.0	nan	nan	0.0	0.0
1	16	55	0.0	0.0	nan	nan	0.0	0.0
1	16	52	0.0	0.0	nan	nan	0.0	0.0
1	16	49	0.0	0.0	nan	nan	0.0	0.0
1	16	46	0.0	0.0	nan	nan	0.0	0.0
1	16	43	0.0	0.0	nan	nan	0.0	0.0
1	16	40	0.0	0.0	nan	nan	0.0	0.0
1	16	37	0.0	0.0	nan	nan	0.0	0.0
1	16	34	0.0	0.0	nan	nan	0.0	0.0
1	16	31	0.0	0.0	nan	nan	0.0	0.0
1	16	28	0.0	0.0	nan	nan	0.0	0.0
1	17	100	0.0	0.0	nan	nan	0.0	0.0
1	17	97	0.0	0.0	nan	nan	0.0	0.0
1	17	94	0.0	0.0	nan	nan	0.0	0.0
1	17	91	0.0	0.0	nan	nan	0.0	0.0
1	17	88	0.0	0.0	nan	nan	0.0	0.0
1	17	85	0.0	0.0	nan	nan	0.0	0.0
1	17	82	0.0	0.0	nan	nan	0.0	0.0
1	17	79	0.0	0.0	nan	nan	0.0	0.0
1	17	76	0.0	0.0	nan	nan	0.0	0.0
1	17	73	0.0	0.0	nan	nan	0.0	0.0
1	17	70	0.0	0.0	nan	nan	0.0	0.0
1	17	67	0.0	0.0	nan	nan	0.0	0.0
1	17	64	0.0	0.0	nan	nan	0.0	0.0
1	17	61	0.0	0.0	nan	nan	0.0	0.0
1	17	58	0.0	0.0	nan	nan	0.0	0.0
1	17	55	0.0	0.0	nan	nan	0.0	0.0
1	17	52	0.0	0.0	nan	nan	0.0	0.0
1	17	49	0.0	0.0	nan	nan	0.0	0.0
1	17	46	0.0	0.0	nan	nan	0.0	0.0
1	17	43	0.0	0.0	nan	nan	0.0	0.0
1	17	40	0.0	0.0	nan	nan	0.0	0.0
1	17	37	0.0	0.0	nan	nan	0.0	0.0
1	17	34	0.0	0.0	nan	nan	0.0	0.0
1	17	31	0.0	0.0	nan	nan	0.0	0.0
1	17	28	0.0	0.0	nan	nan	0.0	0.0
1	18	100	0.0	0.0	nan	nan	0.0	0.0
1	18	97	0.0	0.0	nan	nan	0.0	0.0
1	18	94	0.0	0.0	nan	nan	0.0	0.0
1	18	91	0.0	0.0	nan	nan	0.0	0.0
1	18	88	0.0	0.0	nan	nan	0.0	0.0
1	18	85	0.0	0.0	nan	nan	0.0	0.0
1	18	82	0.0	0.0	nan	nan	0.0	0.0
1	18	79	0.0	0.0	nan	nan	0.0	0.0
1	18	76	0.0	0.0	nan	nan	0.0	0.0
1	18	73	0.0	0.0	nan	nan	0.0	0.0
1	18	70	0.0	0.0	nan	nan	0.0	0.0
1	18	67	0.0	0.0	nan	nan	0.0	0.0
1	18	64	0.0	0.0	nan	nan	0.0	0.0
1	18	61	0.0	0.0	nan	nan	0.0	0.0
1	18	58	0.0	0.0	nan	nan	0.0	0.0
1	18	55	0.0	0.0	nan	nan	0.0	0.0
1	18	52	0.0	0.0	nan	nan	0.0	0.0
1	18	49	0.0	0.0	nan	nan	0.0	0.0
1	18	46	0.0	0.0	nan	nan	0.0	0.0
1	18	43	0.0	0.0	nan	nan	0.0	0.0
1	18	40	0.0	0.0	nan	nan	0.0	0.0
1	18	37	0.0	0.0	nan	nan	0.0	0.0
1	18	34	0.0	0.0	nan	nan	0.0	0.0
1	18	31	0.0	0.0	nan	nan	0.0	0.0
1	18	28	0.0	0.0	nan	nan	0.0	0.0
1	19	100	0.0	0.0	nan	nan	0.0	0.0
1	19	97	0.0	0.0	nan	nan	0.0	0.0
1	19	94	0.0	0.0	nan	nan	0.0	0.0
1	19	91	0.0	0.0	nan	nan	0.0	0.0
1	19	88	0.0	0.0	nan	nan	0.0	0.0
1	19	85	0.0	0.0	nan	nan	0.0	0.0
1	19	82	0.0	0.0	nan	nan	0.0	0.0
1	19	79	0.0	0.0	nan	nan	0.0	0.0
1	19	76	0.0	0.0	nan	nan	0.0	0.0
1	19	73	0.0	0.0	nan	nan	0.0	0.0
1	19	70	0.0	0.0	nan	nan	0.0	0.0
1	19	67	0.0	0.0	nan	nan	0.0	0.0
1	19	64	0.0	0.0	nan	nan	0.0	0.0
1	19	61	0.0	0.0	nan	nan	0.0	0.0
1	19	58	0.0	0.0	nan	nan	0.0	0.0
1	19	55	0.0	0.0	nan	nan	0.0	0.0
1	19	52	0.0	0.0	nan	nan	0.0	0.0
1	19	49	0.0	0.0	nan	nan	0.0	0.0
1	19	46	0.0	0.0	nan	nan	0.0	0.0
1	19	43	0.0	0.0	nan	nan	0.0	0.0
1	19	40	0.0	0.0	nan	nan	0.0	0.0
1	19	37	0.0	0.0	nan	nan	0.0	0.0
1	19	34	0.0	0.0	nan	nan	0.0	0.0
1	19	31	0.0	0.0	nan	nan	0.0	0.0
1	19	28	0.0	0.0	nan	nan	0.0	0.0
1	20	100	0.0	0.0	nan	nan	0.0	0.0
1	20	97	0.0	0.0	nan	nan	0.0	0.0
1	20	94	0.0	0.0	nan	nan	0.0	0.0
1	20	91	0.0	0.0	nan	nan	0.0	0.0
1	20	88	0.0	0.0	nan	nan	0.0	0.0
1	20	85	0.0	0.0	nan	nan	0.0	0.0
1	20	82	0.0	0.0	nan	nan	0.0	0.0
1	20	79	0.0	0.0	nan	nan	0.0	0.0
1	20	76	0.0	0.0	nan	nan	0.0	0.0
1	20	73	0.0	0.0	nan	nan	0.0	0.0
1	20	70	0.0	0.0	nan	nan	0.0	0.0
1	20	67	0.0	0.0	nan	nan	0.0	0.0
1	20	64	0.0	0.0	nan	nan	0.0	0.0
1	20	61	0.0	0.0	nan	nan	0.0	0.0
1	20	58	0.0	0.0	nan	nan	0.0	0.0
1	20	55	0.0	0.0	nan	nan	0.0	0.0
1	20	52	0.0	0.0	nan	nan	0.0	0.0
1	20	49	0.0	0.0	nan	nan	0.0	0.0
1	20	46	0.0	0.0	nan	nan	0.0	0.0
1	20	43	0.0	0.0	nan	nan	0.0	0.0
1	20	40	0.0	0.0	nan	nan	0.0	0.0
1	20	37	0.0	0.0	nan	nan	0.0	0.0
1	20	34	0.0	0.0	nan	nan	0.0	0.0
1	20	31	0.0	0.0	nan	nan	0.0	0.0
1	20	28	0.0	0.0	nan	nan	0.0	0.0
1	21	100	0.0	0.0	nan	nan	0.0	0.0
1	21	97	0.0	0.0	nan	nan	0.0	0.0
1	21	94	0.0	0.0	nan	nan	0.0	0.0
1	21	91	0.0	0.0	nan	nan	0.0	0.0
1	21	88	0.0	0.0	nan	nan	0.0	0.0
1	21	85	0.0	0.0	nan	nan	0.0	0.0
1	21	82	0.0	0.0	nan	nan	0.0	0.0
1	21	79	0.0	0.0	nan	nan	0.0	0.0
1	21	76	0.0	0.0	nan	nan	0.0	0.0
1	21	73	0.0	0.0	nan	nan	0.0	0.0
1	21	70	0.0	0.0	nan	nan	0.0	0.0
1	21	67	0.0	0.0	nan	nan	0.0	0.0
1	21	64	0.0	0.0	nan	nan	0.0	0.0
1	21	61	0.0	0.0	nan	nan	0.0	0.0
1	21	58	0.0	0.0	nan	nan	0.0	0.0
1	21	55	0.0	0.0	nan	nan	0.0	0.0
1	21	52	0.0	0.0	nan	nan	0.0	0.0
1	21	49	0.0	0.0	nan	nan	0.0	0.0
1	21	46	0.0	0.0	nan	nan	0.0	0.0
1	21	43	0.0	0.0	nan	nan	0.0	0.0
1	21	40	0.0	0.0	nan	nan	0.0	0.0
1	21	37	0.0	0.0	nan	nan	0.0	0.0
1	21	34	0.0	0.0	nan	nan	0.0	0.0
1	21	31	0.0	0.0	nan	nan	0.0	0.0
1	21	28	0.0	0.0	nan	nan	0.0	0.0
1	22	100	0.0	0.0	nan	nan	0.0	0.0
1	22	97	0.0	0.0	nan	nan	0.0	0.0
1	22	94	0.0	0.0	nan	nan	0.0	0.0
1	22	91	0.0	0.0	nan	nan	0.0	0.0
1	22	88	0.0	0.0	nan	nan	0.0	0.0
1	22	85	0.0	0.0	nan	nan	0.0	0.0
1	22	82	0.0	0.0	nan	nan	0.0	0.0
1	22	79	0.0	0.0	nan	nan	0.0	0.0
1	22	76	0.0	0.0	nan	nan	0.0	0.0
1	22	73	0.0	0.0	nan	nan	0.0	0.0
1	22	70	0.0	0.0	nan	nan	0.0	0.0
1	22	67	0.0	0.0	nan	nan	0.0	0.0
1	22	64	0.0	0.0	nan	nan	0.0	0.0
1	22	61	0.0	0.0	nan	nan	0.0	0.0
1	22	58	0.0	0.0	nan	nan	0.0	0.0
1	22	55	0.0	0.0	nan	nan	0.0	0.0
1	22	52	0.0	0.0	nan	nan	0.0	0.0
1	22	49	0.0	0.0	nan	nan	0.0	0.0
1	22	46	0.0	0.0	nan	nan	0.0	0.0
1	22	43	0.0	0.0	nan	nan	0.0	0.0
1	22	40	0.0	0.0	nan	nan	0.0	0.0
1	22	37	0.0	0.0	nan	nan	0.0	0.0
1	22	34	0.0	0.0	nan	nan	0.0	0.0
1	22	31	0.0	0.0	nan	nan	0.0	0.0
1	22	28	0.0	0.0	nan	nan	0.0	0.0
1	23	100	0.0	0.0	nan	nan	0.0	0.0
1	23	97	0.0	0.0	nan	nan	0.0	0.0
1	23	94	0.0	0.0	nan	nan	0.0	0.0
1	23	91	0.0	0.0	nan	nan	0.0	0.0
1	23	88	0.0	0.0	nan	nan	0.0	0.0
1	23	85	0.0	0.0	nan	nan	0.0	0.0
1	23	82	0.0	0.0	nan	nan	0.0	0.0
1	23	79	0.0	0.0	nan	nan	0.0	0.0
1	23	76	0.0	0.0	nan	nan	0.0	0.0
1	23	73	0.0	0.0	nan	nan	0.0	0.0
1	23	70	0.0	0.0	nan	nan	0.0	0.0
1	23	67	0.0	0.0	nan	nan	0.0	0.0
1	23	64	0.0	0.0	nan	nan	0.0	0.0
1	23	61	0.0	0.0	nan	nan	0.0	0.0
1	23	58	0.0	0.0	nan	nan	0.0	0.0
1	23	55	0.0	0.0	nan	nan	0.0	0.0
1	23	52	0.0	0.0	nan	nan	0.0	0.0
1	23	49	0.0	0.0	nan	nan	0.0	0.0
1	23	46	0.0	0.0	nan	nan	0.0	0.0
1	23	43	0.0	0.0	nan	nan	0.0	0.0
1	23	40	0.0	0.0	nan	nan	0.0	0.0
1	23	37	0.0	0.0	nan	nan	0.0	0.0
1	23	34	0.0	0.0	nan	nan	0.0	0.0
1	23	31	0.0	0.0	nan	nan	0.0	0.0
1	23	28	0.0	0.0	nan	nan	0.0	0.0
1	24	100	0.0	0.0	nan	nan	0.0	0.0
1	24	97	0.0	0.0	nan	nan	0.0	0.0
1	24	94	0.0	0.0	nan	nan	0.0	0.0
1	24	91	0.0	0.0	nan	nan	0.0	0.0
1	24	88	0.0	0.0	nan	nan	0.0	0.0
1	24	85	0.0	0.0	nan	nan	0.0	0.0
1	24	82	0.0	0.0	nan	nan	0.0	0.0
1	24	79	0.0	0.0	nan	nan	0.0	0.0
1	24	76	0.0	0.0	nan	nan	0.0	0.0
1	24	73	0.0	0.0	nan	nan	0.0	0.0
1	24	70	0.0	0.0	nan	nan	0.0	0.0
1	24	67	0.0	0.0	nan	nan	0.0	0.0
1	24	64	0.0	0.0	nan	nan	0.0	0.0
1	24	61	0.0	0.0	nan	nan	0.0	0.0
1	24	58	0.0	0.0	nan	nan	0.0	0.0
1	24	55	0.0	0.0	nan	nan	0.0	0.0
1	24	52	0.0	0.0	nan	nan	0.0	0.0
1	24	49	0.0	0.0	nan	nan	0.0	0.0
1	24	46	0.0	0.0	nan	nan	0.0	0.0
1	24	43	0.0	0.0	nan	nan	0.0	0.0
1	24	40	0.0	0.0	nan	nan	0.0	0.0
1	24	37	0.0	0.0	nan	nan	0.0	0.0
1	24	34	0.0	0.0	nan	nan	0.0	0.0
1	24	31	0.0	0.0	nan	nan	0.0	0.0
1	24	28	0.0	0.0	nan	nan	0.0	0.0
1	25	100	0.0	0.0	nan	nan	0.0	0.0
1	25	97	0.0	0.0	nan	nan	0.0	0.0
1	25	94	0.0	0.0	nan	nan	0.0	0.0
1	25	91	0.0	0.0	nan	nan	0.0	0.0
1	25	88	0.0	0.0	nan	nan	0.0	0.0
1	25	85	0.0	0.0	nan	nan	0.0	0.0
1	25	82	0.0	0.0	nan	nan	0.0	0.0
1	25	79	0.0	0.0	nan	nan	0.0	0.0
1	25	76	0.0	0.0	nan	nan	0.0	0.0
1	25	73	0.0	0.0	nan	nan	0.0	0.0
1	25	70	0.0	0.0	nan	nan	0.0	0.0
1	25	67	0.0	0.0	nan	nan	0.0	0.0
1	25	64	0.0	0.0	nan	nan	0.0	0.0
1	25	61	0.0	0.0	nan	nan	0.0	0.0
1	25	58	0.0	0.0	nan	nan	0.0	0.0
1	25	55	0.0	0.0	nan	nan	0.0	0.0
1	25	52	0.0	0.0	nan	nan	0.0	0.0
1	25	49	0.0	0.0	nan	nan	0.0	0.0
1	25	46	0.0	0.0	nan	nan	0.0	0.0
1	25	43	0.0	0.0	nan	nan	0.0	0.0
1	25	40	0.0	0.0	nan	nan	0.0	0.0
1	25	37	0.0	0.0	nan	nan	0.0	0.0
1	25	34	0.0	0.0	nan	nan	0.0	0.0
1	25	31	0.0	0.0	nan	nan	0.0	0.0
1	25	28	0.0	0.0	nan	nan	0.0	0.0
1	26	100	0.0	0.0	nan	nan	0.0	0.0
1	26	97	0.0	0.0	nan	nan	0.0	0.0
1	26	94	0.0	0.0	nan	nan	0.0	0.0
1	26	91	0.0	0.0	nan	nan	0.0	0.0
1	26	88	0.0	0.0	nan	nan	0.0	0.0
1	26	85	0.0	0.0	nan	nan	0.0	0.0
1	26	82	0.0	0.0	nan	nan	0.0	0.0
1	26	79	0.0	0.0	nan	nan	0.0	0.0
1	26	76	0.0	0.0	nan	nan	0.0	0.0
1	26	73	0.0	0.0	nan	nan	0.0	0.0
1	26	70	0.0	0.0	nan	nan	0.0	0.0
1	26	67	0.0	0.0	nan	nan	0.0	0.0
1	26	64	0.0	0.0	nan	nan	0.0	0.0
1	26	61	0.0	0.0	nan	nan	0.0	0.0
1	26	58	0.0	0.0	nan	nan	0.0	0.0
1	26	55	0.0	0.0	nan	nan	0.0	0.0
1	26	52	0.0	0.0	nan	nan	0.0	0.0
1	26	49	0.0	0.0	nan	nan	0.0	0.0
1	26	46	0.0	0.0	nan	nan	0.0	0.0
1	26	43	0.0	0.0	nan	nan	0.0	0.0
1	26	40	0.0	0.0	nan	nan	0.0	0.0
1	26	37	0.0	0.0	nan	nan	0.0	0.0
1	26	34	0.0	0.0	nan	nan	0.0	0.0
1	26	31	0.0	0.0	nan	nan	0.0	0.0
1	26	28	0.0	0.0	nan	nan	0.0	0.0
1	27	100	0.0	0.0	nan	nan	0.0	0.0
1	27	97	0.0	0.0	nan	nan	0.0	0.0
1	27	94	0.0	0.0	nan	nan	0.0	0.0
1	27	91	0.0	0.0	nan	nan	0.0	0.0
1	27	88	0.0	0.0	nan	nan	0.0	0.0
1	27	85	0.0	0.0	nan	nan	0.0	0.0
1	27	82	0.0	0.0	nan	nan	0.0	0.0
1	27	79	0.0	0.0	nan	nan	0.0	0.0
1	27	76	0.0	0.0	nan	nan	0.0	0.0
1	27	73	0.0	0.0	nan	nan	0.0	0.0
1	27	70	0.0	0.0	nan	nan	0.0	0.0
1	27	67	0.0	0.0	nan	nan	0.0	0.0
1	27	64	0.0	0.0	nan	nan	0.0	0.0
1	27	61	0.0	0.0	nan	nan	0.0	0.0
1	27	58	0.0	0.0	nan	nan	0.0	0.0
1	27	55	0.0	0.0	nan	nan	0.0	0.0
1	27	52	0.0	0.0	nan	nan	0.0	0.0
1	27	49	0.0	0.0	nan	nan	0.0	0.0
1	27	46	0.0	0.0	nan	nan	0.0	0.0
1	27	43	0.0	0.0	nan	nan	0.0	0.0
1	27	40	0.0	0.0	nan	nan	0.0	0.0
1	27	37	0.0	0.0	nan	nan	0.0	0.0
1	27	34	0.0	0.0	nan	nan	0.0	0.0
1	27	31	0.0	0.0	nan	nan	0.0	0.0
1	27	28	0.0	0.0	nan	nan	0.0	0.0
1	28	100	0.0	0.0	nan	nan	0.0	0.0
1	28	97	0.0	0.0	nan	nan	0.0	0.0
1	28	94	0.0	0.0	nan	nan	0.0	0.0
1	28	91	0.0	0.0	nan	nan	0.0	0.0
1	28	88	0.0	0.0	nan	nan	0.0	0.0
1	28	85	0.0	0.0	nan	nan	0.0	0.0
1	28	82	0.0	0.0	nan	nan	0.0	0.0
1	28	79	0.0	0.0	nan	nan	0.0	0.0
1	28	76	0.0	0.0	nan	nan	0.0	0.0
1	28	73	0.0	0.0	nan	nan	0.0	0.0
1	28	70	0.0	0.0	nan	nan	0.0	0.0
1	28	67	0.0	0.0	nan	nan	0.0	0.0
1	28	64	0.0	0.0	nan	nan	0.0	0.0
1	28	61	0.0	0.0	nan	nan	0.0	0.0
1	28	58	0.0	0.0	nan	nan	0.0	0.0
1	28	55	0.0	0.0	nan	nan	0.0	0.0
1	28	52	0.0	0.0	nan	nan	0.0	0.0
1	28	49	0.0	0.0	nan	nan	0.0	0.0
1	28	46	0.0	0.0	nan	nan	0.0	0.0
1	28	43	0.0	0.0	nan	nan	0.0	0.0
1	28	40	0.0	0.0	nan	nan	0.0	0.0
1	28	37	0.0	0.0	nan	nan	0.0	0.0
1	28	34	0.0	0.0	nan	nan	0.0	0.0
1	28	31	0.0	0.0	nan	nan	0.0	0.0
1	28	28	0.0	0.0	nan	nan	0.0	0.0
1	29	100	0.0	0.0	nan	nan	0.0	0.0
1	29	97	0.0	0.0	nan	nan	0.0	0.0
1	29	94	0.0	0.0	nan	nan	0.0	0.0
1	29	91	0.0	0.0	nan	nan	0.0	0.0
1	29	88	0.0	0.0	nan	nan	0.0	0.0
1	29	85	0.0	0.0	nan	nan	0.0	0.0
1	29	82	0.0	0.0	nan	nan	0.0	0.0
1	29	79	0.0	0.0	nan	nan	0.0	0.0
1	29	76	0.0	0.0	nan	nan	0.0	0.0
1	29	73	0.0	0.0	nan	nan	0.0	0.0
1	29	70	0.0	0.0	nan	nan	0.0	0.0
1	29	67	0.0	0.0	nan	nan	0.0	0.0
1	29	64	0.0	0.0	nan	nan	0.0	0.0
1	29	61	0.0	0.0	nan	nan	0.0	0.0
1	29	58	0.0	0.0	nan	nan	0.0	0.0
1	29	55	0.0	0.0	nan	nan	0.0	0.0
1	29	52	0.0	0.0	nan	nan	0.0	0.0
1	29	49	0.0	0.0	nan	nan	0.0	0.0
1	29	46	0.0	0.0	nan	nan	0.0	0.0
1	29	43	0.0	0.0	nan	nan	0.0	0.0
1	29	40	0.0	0.0	nan	nan	0.0	0.0
1	29	37	0.0	0.0	nan	nan	0.0	0.0
1	29	34	0.0	0.0	nan	nan	0.0	0.0
1	29	31	0.0	0.0	nan	nan	0.0	0.0
1	29	28	0.0	0.0	nan	nan	0.0	0.0
1	30	100	0.0	0.0	nan	nan	0.0	0.0
1	30	97	0.0	0.0	nan	nan	0.0	0.0
1	30	94	0.0	0.0	nan	nan	0.0	0.0
1	30	91	0.0	0.0	nan	nan	0.0	0.0
1	30	88	0.0	0.0	nan	nan	0.0	0.0
1	30	85	0.0	0.0	nan	nan	0.0	0.0
1	30	82	0.0	0.0	nan	nan	0.0	0.0
1	30	79	0.0	0.0	nan	nan	0.0	0.0
1	30	76	0.0	0.0	nan	nan	0.0	0.0
1	30	73	0.0	0.0	nan	nan	0.0	0.0
1	30	70	0.0	0.0	nan	nan	0.0	0.0
1	30	67	0.0	0.0	nan	nan	0.0	0.0
1	30	64	0.0	0.0	nan	nan	0.0	0.0
1	30	61	0.0	0.0	nan	nan	0.0	0.0
1	30	58	0.0	0.0	nan	nan	0.0	0.0
1	30	55	0.0	0.0	nan	nan	0.0	0.0
1	30	52	0.0	0.0	nan	nan	0.0	0.0
1	30	49	0.0	0.0	nan	nan	0.0	0.0
1	30	46	0.0	0.0	nan	nan	0.0	0.0
1	30	43	0.0	0.0	nan	nan	0.0	0.0
1	30	40	0.0	0.0	nan	nan	0.0	0.0
1	30	37	0.0	0.0	nan	nan	0.0	0.0
1	30	34	0.0	0.0	nan	nan	0.0	0.0
1	30	31	0.0	0.0	nan	nan	0.0	0.0
1	30	28	0.0	0.0	nan	nan	0.0	0.0
1	31	100	0.0	0.0	nan	nan	0.0	0.0
1	31	97	0.0	0.0	nan	nan	0.0	0.0
1	31	94	0.0	0.0	nan	nan	0.0	0.0
1	31	91	0.0	0.0	nan	nan	0.0	0.0
1	31	88	0.0	0.0	nan	nan	0.0	0.0
1	31	85	0.0	0.0	nan	nan	0.0	0.0
1	31	82	0.0	0.0	nan	nan	0.0	0.0
1	31	79	0.0	0.0	nan	nan	0.0	0.0
1	31	76	0.0	0.0	nan	nan	0.0	0.0
1	31	73	0.0	0.0	nan	nan	0.0	0.0
1	31	70	0.0	0.0	nan	nan	0.0	0.0
1	31	67	0.0	0.0	nan	nan	0.0	0.0
1	31	64	0.0	0.0	nan	nan	0.0	0.0
1	31	61	0.0	0.0	nan	nan	0.0	0.0
1	31	58	0.0	0.0	nan	nan	0.0	0.0
1	31	55	0.0	0.0	nan	nan	0.0	0.0
1	31	52	0.0	0.0	nan	nan	0.0	0.0
1	31	49	0.0	0.0	nan	nan	0.0	0.0
1	31	46	0.0	0.0	nan	nan	0.0	0.0
1	31	43	0.0	0.0	nan	nan	0.0	0.0
1	31	40	0.0	0.0	nan	nan	0.0	0.0
1	31	37	0.0	0.0	nan	nan	0.0	0.0
1	31	34	0.0	0.0	nan	nan	0.0	0.0
1	31	31	0.0	0.0	nan	nan	0.0	0.0
1	31	28	0.0	0.0	nan	nan	0.0	0.0
2	0	100	0.0	0.0	nan	nan	0.0	0.0
2	0	97	0.0	0.0	nan	nan	0.0	0.0
2	0	94	0.0	0.0	nan	nan	0.0	0.0
2	0	91	0.0	0.0	nan	nan	0.0	0.0
2	0	88	0.0	0.0	nan	nan	0.0	0.0
2	0	85	0.0	0.0	nan	nan	0.0	0.0
2	0	82	0.0	0.0	nan	nan	0.0	0.0
2	0	79	0.0	0.0	nan	nan	0.0	0.0
2	0	76	0.0	0.0	nan	nan	0.0	0.0
2	0	73	0.0	0.0	nan	nan	0.0	0.0
2	0	70	0.0	0.0	nan	nan	0.0	0.0
2	0	67	0.0	0.0	nan	nan	0.0	0.0
2	0	64	0.0	0.0	nan	nan	0.0	0.0
2	0	61	0.0	0.0	nan	nan	0.0	0.0
2	0	58	0.0	0.0	nan	nan	0.0	0.0
2	0	55	0.0	0.0	nan	nan	0.0	0.0
2	0	52	0.0	0.0	nan	nan	0.0	0.0
2	0	49	0.0	0.0	nan	nan	0.0	0.0
2	0	46	0.0	0.0	nan	nan	0.0	0.0
2	0	43	0.0	0.0	nan	nan	0.0	0.0
2	0	40	0.0	0.0	nan	nan	0.0	0.0
2	0	37	0.0	0.0	nan	nan	0.0	0.0
2	0	34	0.0	0.0	nan	nan	0.0	0.0
2	0	31	0.0	0.0	nan	nan	0.0	0.0
2	0	28	0.0	0.0	nan	nan	0.0	0.0
2	1	100	0.0	0.0	nan	nan	0.0	0.0
2	1	97	0.0	0.0	nan	nan	0.0	0.0
2	1	94	0.0	0.0	nan	nan	0.0	0.0
2	1	91	0.0	0.0	nan	nan	0.0	0.0
2	1	88	0.0	0.0	nan	nan	0.0	0.0
2	1	85	0.0	0.0	nan	nan	0.0	0.0
2	1	82	0.0	0.0	nan	nan	0.0	0.0
2	1	79	0.0	0.0	nan	nan	0.0	0.0
2	1	76	0.0	0.0	nan	nan	0.0	0.0
2	1	73	0.0	0.0	nan	nan	0.0	0.0
2	1	70	0.0	0.0	nan	nan	0.0	0.0
2	1	67	0.0	0.0	nan	nan	0.0	0.0
2	1	64	0.0	0.0	nan	nan	0.0	0.0
2	1	61	0.0	0.0	nan	nan	0.0	0.0
2	1	58	0.0	0.0	nan	nan	0.0	0.0
2	1	55	0.0	0.0	nan	nan	0.0	0.0
2	1	52	0.0	0.0	nan	nan	0.0	0.0
2	1	49	0.0	0.0	nan	nan	0.0	0.0
2	1	46	0.0	0.0	nan	nan	0.0	0.0
2	1	43	0.0	0.0	nan	nan	0.0	0.0
2	1	40	0.0	0.0	nan	nan	0.0	0.0
2	1	37	0.0	0.0	nan	nan	0.0	0.0
2	1	34	0.0	0.0	nan	nan	0.0	0.0
2	1	31	0.0	0.0	nan	nan	0.0	0.0
2	1	28	0.0	0.0	nan	nan	0.0	0.0
2	2	100	0.0	0.0	nan	nan	0.0	0.0
2	2	97	0.0	0.0	nan	nan	0.0	0.0
2	2	94	0.0	0.0	nan	nan	0.0	0.0
2	2	91	0.0	0.0	nan	nan	0.0	0.0
2	2	88	0.0	0.0	nan	nan	0.0	0.0
2	2	85	0.0	0.0	nan	nan	0.0	0.0
2	2	82	0.0	0.0	nan	nan	0.0	0.0
2	2	79	0.0	0.0	nan	nan	0.0	0.0
2	2	76	0.0	0.0	nan	nan	0.0	0.0
2	2	73	0.0	0.0	nan	nan	0.0	0.0
2	2	70	0.0	0.0	nan	nan	0.0	0.0
2	2	67	0.0	0.0	nan	nan	0.0	0.0
2	2	64	0.0	0.0	nan	nan	0.0	0.0
2	2	61	0.0	0.0	nan	nan	0.0	0.0
2	2	58	0.0	0.0	nan	nan	0.0	0.0
2	2	55	0.0	0.0	nan	nan	0.0	0.0
2	2	52	0.0	0.0	nan	nan	0.0	0.0
2	2	49	0.0	0.0	nan	nan	0.0	0.0
2	2	46	0.0	0.0	nan	nan	0.0	0.0
2	2	43	0.0	0.0	nan	nan	0.0	0.0
2	2	40	0.0	0.0	nan	nan	0.0	0.0
2	2	37	0.0	0.0	nan	nan	0.0	0.0
2	2	34	0.0	0.0	nan	nan	0.0	0.0
2	2	31	0.0	0.0	nan	nan	0.0	0.0
2	2	28	0.0	0.0	nan	nan	0.0	0.0
2	3	100	0.0	0.0	nan	nan	0.0	0.0
2	3	97	0.0	0.0	nan	nan	0.0	0.0
2	3	94	0.0	0.0	nan	nan	0.0	0.0
2	3	91	0.0	0.0	nan	nan	0.0	0.0
2	3	88	0.0	0.0	nan	nan	0.0	0.0
2	3	85	0.0	0.0	nan	nan	0.0	0.0
2	3	82	0.0	0.0	nan	nan	0.0	0.0
2	3	79	0.0	0.0	nan	nan	0.0	0.0
2	3	76	0.0	0.0	nan	nan	0.0	0.0
2	3	73	0.0	0.0	nan	nan	0.0	0.0
2	3	70	0.0	0.0	nan	nan	0.0	0.0
2	3	67	0.0	0.0	nan	nan	0.0	0.0
2	3	64	0.0	0.0	nan	nan	0.0	0.0
2	3	61	0.0	0.0	nan	nan	0.0	0.0
2	3	58	0.0	0.0	nan	nan	0.0	0.0
2	3	55	0.0	0.0	nan	nan	0.0	0.0
2	3	52	0.0	0.0	nan	nan	0.0	0.0
2	3	49	0.0	0.0	nan	nan	0.0	0.0
2	3	46	0.0	0.0	nan	nan	0.0	0.0
2	3	43	0.0	0.0	nan	nan	0.0	0.0
2	3	40	0.0	0.0	nan	nan	0.0	0.0
2	3	37	0.0	0.0	nan	nan	0.0	0.0
2	3	34	0.0	0.0	nan	nan	0.0	0.0
2	3	31	0.0	0.0	nan	nan	0.0	0.0
2	3	28	0.0	0.0	nan	nan	0.0	0.0
2	4	100	0.0	0.0	nan	nan	0.0	0.0
2	4	97	0.0	0.0	nan	nan	0.0	0.0
2	4	94	0.0	0.0	nan	nan	0.0	0.0
2	4	91	0.0	0.0	nan	nan	0.0	0.0
2	4	88	0.0	0.0	nan	nan	0.0	0.0
2	4	85	0.0	0.0	nan	nan	0.0	0.0
2	4	82	0.0	0.0	nan	nan	0.0	0.0
2	4	79	0.0	0.0	nan	nan	0.0	0.0
2	4	76	0.0	0.0	nan	nan	0.0	0.0
2	4	73	0.0	0.0	nan	nan	0.0	0.0
2	4	70	0.0	0.0	nan	nan	0.0	0.0
2	4	67	0.0	0.0	nan	nan	0.0	0.0
2	4	64	0.0	0.0	nan	nan	0.0	0.0
2	4	61	0.0	0.0	nan	nan	0.0	0.0
2	4	58	0.0	0.0	nan	nan	0.0	0.0
2	4	55	0.0	0.0	nan	nan	0.0	0.0
2	4	52	0.0	0.0	nan	nan	0.0	0.0
2	4	49	0.0	0.0	nan	nan	0.0	0.0
2	4	46	0.0	0.0	nan	nan	0.0	0.0
2	4	43	0.0	0.0	nan	nan	0.0	0.0
2	4	40	0.0	0.0	nan	nan	0.0	0.0
2	4	37	0.0	0.0	nan	nan	0.0	0.0
2	4	34	0.0	0.0	nan	nan	0.0	0.0
2	4	31	0.0	0.0	nan	nan	0.0	0.0
2	4	28	0.0	0.0	nan	nan	0.0	0.0
2	5	100	0.0	0.0	nan	nan	0.0	0.0
2	5	97	0.0	0.0	nan	nan	0.0	0.0
2	5	94	0.0	0.0	nan	nan	0.0	0.0
2	5	91	0.0	0.0	nan	nan	0.0	0.0
2	5	88	0.0	0.0	nan	nan	0.0	0.0
2	5	85	0.0	0.0	nan	nan	0.0	0.0
2	5	82	0.0	0.0	nan	nan	0.0	0.0
2	5	79	0.0	0.0	nan	nan	0.0	0.0
2	5	76	0.0	0.0	nan	nan	0.0	0.0
2	5	73	0.0	0.0	nan	nan	0.0	0.0
2	5	70	0.0	0.0	nan	nan	0.0	0.0
2	5	67	0.0	0.0	nan	nan	0.0	0.0
2	5	64	0.0	0.0	nan	nan	0.0	0.0
2	5	61	0.0	0.0	nan	nan	0.0	0.0
2	5	58	0.0	0.0	nan	nan	0.0	0.0
2	5	55	0.0	0.0	nan	nan	0.0	0.0
2	5	52	0.0	0.0	nan	nan	0.0	0.0
2	5	49	0.0	0.0	nan	nan	0.0	0.0
2	5	46	0.0	0.0	nan	nan	0.0	0.0
2	5	43	0.0	0.0	nan	nan	0.0	0.0
2	5	40	0.0	0.0	nan	nan	0.0	0.0
2	5	37	0.0	0.0	nan	nan	0.0	0.0
2	5	34	0.0	0.0	nan	nan	0.0	0.0
2	5	31	0.0	0.0	nan	nan	0.0	0.0
2	5	28	0.0	0.0	nan	nan	0.0	0.0
2	6	100	0.0	0.0	nan	nan	0.0	0.0
2	6	97	0.0	0.0	nan	nan	0.0	0.0
2	6	94	0.0	0.0	nan	nan	0.0	0.0
2	6	91	0.0	0.0	nan	nan	0.0	0.0
2	6	88	0.0	0.0	nan	nan	0.0	0.0
2	6	85	0.0	0.0	nan	nan	0.0	0.0
2	6	82	0.0	0.0	nan	nan	0.0	0.0
2	6	79	0.0	0.0	nan	nan	0.0	0.0
2	6	76	0.0	0.0	nan	nan	0.0	0.0
2	6	73	0.0	0.0	nan	nan	0.0	0.0
2	6	70	0.0	0.0	nan	nan	0.0	0.0
2	6	67	0.0	0.0	nan	nan	0.0	0.0
2	6	64	0.0	0.0	nan	nan	0.0	0.0
2	6	61	0.0	0.0	nan	nan	0.0	0.0
2	6	58	0.0	0.0	nan	nan	0.0	0.0
2	6	55	0.0	0.0	nan	nan	0.0	0.0
2	6	52	0.0	0.0	nan	nan	0.0	0.0
2	6	49	0.0	0.0	nan	nan	0.0	0.0
2	6	46	0.0	0.0	nan	nan	0.0	0.0
2	6	43	0.0	0.0	nan	nan	0.0	0.0
2	6	40	0.0	0.0	nan	nan	0.0	0.0
2	6	37	0.0	0.0	nan	nan	0.0	0.0
2	6	34	0.0	0.0	nan	nan	0.0	0.0
2	6	31	0.0	0.0	nan	nan	0.0	0.0
2	6	28	0.0	0.0	nan	nan	0.0	0.0
2	7	100	0.0	0.0	nan	nan	0.0	0.0
2	7	97	0.0	0.0	nan	nan	0.0	0.0
2	7	94	0.0	0.0	nan	nan	0.0	0.0
2	7	91	0.0	0.0	nan	nan	0.0	0.0
2	7	88	0.0	0.0	nan	nan	0.0	0.0
2	7	85	0.0	0.0	nan	nan	0.0	0.0
2	7	82	0.0	0.0	nan	nan	0.0	0.0
2	7	79	0.0	0.0	nan	nan	0.0	0.0
2	7	76	0.0	0.0	nan	nan	0.0	0.0
2	7	73	0.0	0.0	nan	nan	0.0	0.0
2	7	70	0.0	0.0	nan	nan	0.0	0.0
2	7	67	0.0	0.0	nan	nan	0.0	0.0
2	7	64	0.0	0.0	nan	nan	0.0	0.0
2	7	61	0.0	0.0	nan	nan	0.0	0.0
2	7	58	0.0	0.0	nan	nan	0.0	0.0
2	7	55	0.0	0.0	nan	nan	0.0	0.0
2	7	52	0.0	0.0	nan	nan	0.0	0.0
2	7	49	0.0	0.0	nan	nan	0.0	0.0
2	7	46	0.0	0.0	nan	nan	0.0	0.0
2	7	43	0.0	0.0	nan	nan	0.0	0.0
2	7	40	0.0	0.0	nan	nan	0.0	0.0
2	7	37	0.0	0.0	nan	nan	0.0	0.0
2	7	34	0.0	0.0	nan	nan	0.0	0.0
2	7	31	0.0	0.0	nan	nan	0.0	0.0
2	7	28	0.0	0.0	nan	nan	0.0	0.0
2	8	100	0.0	0.0	nan	nan	0.0	0.0
2	8	97	0.0	0.0	nan	nan	0.0	0.0
2	8	94	0.0	0.0	nan	nan	0.0	0.0
2	8	91	0.0	0.0	nan	nan	0.0	0.0
2	8	88	0.0	0.0	nan	nan	0.0	0.0
2	8	85	0.0	0.0	nan	nan	0.0	0.0
2	8	82	0.0	0.0	nan	nan	0.0	0.0
2	8	79	0.0	0.0	nan	nan	0.0	0.0
2	8	76	0.0	0.0	nan	nan	0.0	0.0
2	8	73	0.0	0.0	nan	nan	0.0	0.0
2	8	70	0.0	0.0	nan	nan	0.0	0.0
2	8	67	0.0	0.0	nan	nan	0.0	0.0
2	8	64	0.0	0.0	nan	nan	0.0	0.0
2	8	61	0.0	0.0	nan	nan	0.0	0.0
2	8	58	0.0	0.0	nan	nan	0.0	0.0
2	8	55	0.0	0.0	nan	nan	0.0	0.0
2	8	52	0.0	0.0	nan	nan	0.0	0.0
2	8	49	0.0	0.0	nan	nan	0.0	0.0
2	8	46	0.0	0.0	nan	nan	0.0	0.0
2	8	43	0.0	0.0	nan	nan	0.0	0.0
2	8	40	0.0	0.0	nan	nan	0.0	0.0
2	8	37	0.0	0.0	nan	nan	0.0	0.0
2	8	34	0.0	0.0	nan	nan	0.0	0.0
2	8	31	0.0	0.0	nan	nan	0.0	0.0
2	8	28	0.0	0.0	nan	nan	0.0	0.0
2	9	100	0.0	0.0	nan	nan	0.0	0.0
2	9	97	0.0	0.0	nan	nan	0.0	0.0
2	9	94	0.0	0.0	nan	nan	0.0	0.0
2	9	91	0.0	0.0	nan	nan	0.0	0.0
2	9	88	0.0	0.0	nan	nan	0.0	0.0
2	9	85	0.0	0.0	nan	nan	0.0	0.0
2	9	82	0.0	0.0	nan	nan	0.0	0.0
2	9	79	0.0	0.0	nan	nan	0.0	0.0
2	9	76	0.0	0.0	nan	nan	0.0	0.0
2	9	73	0.0	0.0	nan	nan	0.0	0.0
2	9	70	0.0	0.0	nan	nan	0.0	0.0
2	9	67	0.0	0.0	nan	nan	0.0	0.0
2	9	64	0.0	0.0	nan	nan	0.0	0.0
2	9	61	0.0	0.0	nan	nan	0.0	0.0
2	9	58	0.0	0.0	nan	nan	0.0	0.0
2	9	55	0.0	0.0	nan	nan	0.0	0.0
2	9	52	0.0	0.0	nan	nan	0.0	0.0
2	9	49	0.0	0.0	nan	nan	0.0	0.0
2	9	46	0.0	0.0	nan	nan	0.0	0.0
2	9	43	0.0	0.0	nan	nan	0.0	0.0
2	9	40	0.0	0.0	nan	nan	0.0	0.0
2	9	37	0.0	0.0	nan	nan	0.0	0.0
2	9	34	0.0	0.0	nan	nan	0.0	0.0
2	9	31	0.0	0.0	nan	nan	0.0	0.0
2	9	28	0.0	0.0	nan	nan	0.0	0.0
2	10	100	0.0	0.0	nan	nan	0.0	0.0
2	10	97	0.0	0.0	nan	nan	0.0	0.0
2	10	94	0.0	0.0	nan	nan	0.0	0.0
2	10	91	0.0	0.0	nan	nan	0.0	0.0
2	10	88	0.0	0.0	nan	nan	0.0	0.0
2	10	85	0.0	0.0	nan	nan	0.0	0.0
2	10	82	0.0	0.0	nan	nan	0.0	0.0
2	10	79	0.0	0.0	nan	nan	0.0	0.0
2	10	76	0.0	0.0	nan	nan	0.0	0.0
2	10	73	0.0	0.0	nan	nan	0.0	0.0
2	10	70	0.0	0.0	nan	nan	0.0	0.0
2	10	67	0.0	0.0	nan	nan	0.0	0.0
2	10	64	0.0	0.0	nan	nan	0.0	0.0
2	10	61	0.0	0.0	nan	nan	0.0	0.0
2	10	58	0.0	0.0	nan	nan	0.0	0.0
2	10	55	0.0	0.0	nan	nan	0.0	0.0
2	10	52	0.0	0.0	nan	nan	0.0	0.0
2	10	49	0.0	0.0	nan	nan	0.0	0.0
2	10	46	0.0	0.0	nan	nan	0.0	0.0
2	10	43	0.0	0.0	nan	nan	0.0	0.0
2	10	40	0.0	0.0	nan	nan	0.0	0.0
2	10	37	0.0	0.0	nan	nan	0.0	0.0
2	10	34	0.0	0.0	nan	nan	0.0	0.0
2	10	31	0.0	0.0	nan	nan	0.0	0.0
2	10	28	0.0	0.0	nan	nan	0.0	0.0
2	11	100	0.0	0.0	nan	nan	0.0	0.0
2	11	97	0.0	0.0	nan	nan	0.0	0.0
2	11	94	0.0	0.0	nan	nan	0.0	0.0
2	11	91	0.0	0.0	nan	nan	0.0	0.0
2	11	88	0.0	0.0	nan	nan	0.0	0.0
2	11	85	0.0	0.0	nan	nan	0.0	0.0
2	11	82	0.0	0.0	nan	nan	0.0	0.0
2	11	79	0.0	0.0	nan	nan	0.0	0.0
2	11	76	0.0	0.0	nan	nan	0.0	0.0
2	11	73	0.0	0.0	nan	nan	0.0	0.0
2	11	70	0.0	0.0	nan	nan	0.0	0.0
2	11	67	0.0	0.0	nan	nan	0.0	0.0
2	11	64	0.0	0.0	nan	nan	0.0	0.0
2	11	61	0.0	0.0	nan	nan	0.0	0.0
2	11	58	0.0	0.0	nan	nan	0.0	0.0
2	11	55	0.0	0.0	nan	nan	0.0	0.0
2	11	52	0.0	0.0	nan	nan	0.0	0.0
2	11	49	0.0	0.0	nan	nan	0.0	0.0
2	11	46	0.0	0.0	nan	nan	0.0	0.0
2	11	43	0.0	0.0	nan	nan	0.0	0.0
2	11	40	0.0	0.0	nan	nan	0.0	0.0
2	11	37	0.0	0.0	nan	nan	0.0	0.0
2	11	34	0.0	0.0	nan	nan	0.0	0.0
2	11	31	0.0	0.0	nan	nan	0.0	0.0
2	11	28	0.0	0.0	nan	nan	0.0	0.0
2	12	100	0.0	0.0	nan	nan	0.0	0.0
2	12	97	0.0	0.0	nan	nan	0.0	0.0
2	12	94	0.0	0.0	nan	nan	0.0	0.0
2	12	91	0.0	0.0	nan	nan	0.0	0.0
2	12	88	0.0	0.0	nan	nan	0.0	0.0
2	12	85	0.0	0.0	nan	nan	0.0	0.0
2	12	82	0.0	0.0	nan	nan	0.0	0.0
2	12	79	0.0	0.0	nan	nan	0.0	0.0
2	12	76	0.0	0.0	nan	nan	0.0	0.0
2	12	73	0.0	0.0	nan	nan	0.0	0.0
2	12	70	0.0	0.0	nan	nan	0.0	0.0
2	12	67	0.0	0.0	nan	nan	0.0	0.0
2	12	64	0.0	0.0	nan	nan	0.0	0.0
2	12	61	0.0	0.0	nan	nan	0.0	0.0
2	12	58	0.0	0.0	nan	nan	0.0	0.0
2	12	55	0.0	0.0	nan	nan	0.0	0.0
2	12	52	0.0	0.0	nan	nan	0.0	0.0
2	12	49	0.0	0.0	nan	nan	0.0	0.0
2	12	46	0.0	0.0	nan	nan	0.0	0.0
2	12	43	0.0	0.0	nan	nan	0.0	0.0
2	12	40	0.0	0.0	nan	nan	0.0	0.0
2	12	37	0.0	0.0	nan	nan	0.0	0.0
2	12	34	0.0	0.0	nan	nan	0.0	0.0
2	12	31	0.0	0.0	nan	nan	0.0	0.0
2	12	28	0.0	0.0	nan	nan	0.0	0.0
2	13	100	0.0	0.0	nan	nan	0.0	0.0
2	13	97	0.0	0.0	nan	nan	0.0	0.0
2	13	94	0.0	0.0	nan	nan	0.0	0.0
2	13	91	0.0	0.0	nan	nan	0.0	0.0
2	13	88	0.0	0.0	nan	nan	0.0	0.0
2	13	85	0.0	0.0	nan	nan	0.0	0.0
2	13	82	0.0	0.0	nan	nan	0.0	0.0
2	13	79	0.0	0.0	nan	nan	0.0	0.0
2	13	76	0.0	0.0	nan	nan	0.0	0.0
2	13	73	0.0	0.0	nan	nan	0.0	0.0
2	13	70	0.0	0.0	nan	nan	0.0	0.0
2	13	67	0.0	0.0	nan	nan	0.0	0.0
2	13	64	0.0	0.0	nan	nan	0.0	0.0
2	13	61	0.0	0.0	nan	nan	0.0	0.0
2	13	58	0.0	0.0	nan	nan	0.0	0.0
2	13	55	0.0	0.0	nan	nan	0.0	0.0
2	13	52	0.0	0.0	nan	nan	0.0	0.0
2	13	49	0.0	0.0	nan	nan	0.0	0.0
2	13	46	0.0	0.0	nan	nan	0.0	0.0
2	13	43	0.0	0.0	nan	nan	0.0	0.0
2	13	40	0.0	0.0	nan	nan	0.0	0.0
2	13	37	0.0	0.0	nan	nan	0.0	0.0
2	13	34	0.0	0.0	nan	nan	0.0	0.0
2	13	31	0.0	0.0	nan	nan	0.0	0.0
2	13	28	0.0	0.0	nan	nan	0.0	0.0
2	14	100	0.0	0.0	nan	nan	0.0	0.0
2	14	97	0.0	0.0	nan	nan	0.0	0.0
2	14	94	0.0	0.0	nan	nan	0.0	0.0
2	14	91	0.0	0.0	nan	nan	0.0	0.0
2	14	88	0.0	0.0	nan	nan	0.0	0.0
2	14	85	0.0	0.0	nan	nan	0.0	0.0
2	14	82	0.0	0.0	nan	nan	0.0	0.0
2	14	79	0.0	0.0	nan	nan	0.0	0.0
2	14	76	0.0	0.0	nan	nan	0.0	0.0
2	14	73	0.0	0.0	nan	nan	0.0	0.0
2	14	70	0.0	0.0	nan	nan	0.0	0.0
2	14	67	0.0	0.0	nan	nan	0.0	0.0
2	14	64	0.0	0.0	nan	nan	0.0	0.0
2	14	61	0.0	0.0	nan	nan	0.0	0.0
2	14	58	0.0	0.0	nan	nan	0.0	0.0
2	14	55	0.0	0.0	nan	nan	0.0	0.0
2	14	52	0.0	0.0	nan	nan	0.0	0.0
2	14	49	0.0	0.0	nan	nan	0.0	0.0
2	14	46	0.0	0.0	nan	nan	0.0	0.0
2	14	43	0.0	0.0	nan	nan	0.0	0.0
2	14	40	0.0	0.0	nan	nan	0.0	0.0
2	14	37	0.0	0.0	nan	nan	0.0	0.0
2	14	34	0.0	0.0	nan	nan	0.0	0.0
2	14	31	0.0	0.0	nan	nan	0.0	0.0
2	14	28	0.0	0.0	nan	nan	0.0	0.0
2	15	100	0.0	0.0	nan	nan	0.0	0.0
2	15	97	0.0	0.0	nan	nan	0.0	0.0
2	15	94	0.0	0.0	nan	nan	0.0	0.0
2	15	91	0.0	0.0	nan	nan	0.0	0.0
2	15	88	0.0	0.0	nan	nan	0.0	0.0
2	15	85	0.0	0.0	nan	nan	0.0	0.0
2	15	82	0.0	0.0	nan	nan	0.0	0.0
2	15	79	0.0	0.0	nan	nan	0.0	0.0
2	15	76	0.0	0.0	nan	nan	0.0	0.0
2	15	73	0.0	0.0	nan	nan	0.0	0.0
2	15	70	0.0	0.0	nan	nan	0.0	0.0
2	15	67	0.0	0.0	nan	nan	0.0	0.0
2	15	64	0.0	0.0	nan	nan	0.0	0.0
2	15	61	0.0	0.0	nan	nan	0.0	0.0
2	15	58	0.0	0.0	nan	nan	0.0	0.0
2	15	55	0.0	0.0	nan	nan	0.0	0.0
2	15	52	0.0	0.0	nan	nan	0.0	0.0
2	15	49	0.0	0.0	nan	nan	0.0	0.0
2	15	46	0.0	0.0	nan	nan	0.0	0.0
2	15	43	0.0	0.0	nan	nan	0.0	0.0
2	15	40	0.0	0.0	nan	nan	0.0	0.0
2	15	37	0.0	0.0	nan	nan	0.0	0.0
2	15	34	0.0	0.0	nan	nan	0.0	0.0
2	15	31	0.0	0.0	nan	nan	0.0	0.0
2	15	28	0.0	0.0	nan	nan	0.0	0.0
2	16	100	0.0	0.0	nan	nan	0.0	0.0
2	16	97	0.0	0.0	nan	nan	0.0	0.0
2	16	94	0.0	0.0	nan	nan	0.0	0.0
2	16	91	0.0	0.0	nan	nan	0.0	0.0
2	16	88	0.0	0.0	nan	nan	0.0	0.0
2	16	85	0.0	0.0	nan	nan	0.0	0.0
2	16	82	0.0	0.0	nan	nan	0.0	0.0
2	16	79	0.0	0.0	nan	nan	0.0	0.0
2	16	76	0.0	0.0	nan	nan	0.0	0.0
2	16	73	0.0	0.0	nan	nan	0.0	0.0
2	16	70	0.0	0.0	nan	nan	0.0	0.0
2	16	67	0.0	0.0	nan	nan	0.0	0.0
2	16	64	0.0	0.0	nan	nan	0.0	0.0
2	16	61	0.0	0.0	nan	nan	0.0	0.0
2	16	58	0.0	0.0	nan	nan	0.0	0.0
2	16	55	0.0	0.0	nan	nan	0.0	0.0
2	16	52	0.0	0.0	nan	nan	0.0	0.0
2	16	49	0.0	0.0	nan	nan	0.0	0.0
2	16	46	0.0	0.0	nan	nan	0.0	0.0
2	16	43	0.0	0.0	nan	nan	0.0	0.0
2	16	40	0.0	0.0	nan	nan	0.0	0.0
2	16	37	0.0	0.0	nan	nan	0.0	0.0
2	16	34	0.0	0.0	nan	nan	0.0	0.0
2	16	31	0.0	0.0	nan	nan	0.0	0.0
2	16	28	0.0	0.0	nan	nan	0.0	0.0
2	17	100	0.0	0.0	nan	nan	0.0	0.0
2	17	97	0.0	0.0	nan	nan	0.0	0.0
2	17	94	0.0	0.0	nan	nan	0.0	0.0
2	17	91	0.0	0.0	nan	nan	0.0	0.0
2	17	88	0.0	0.0	nan	nan	0.0	0.0
2	17	85	0.0	0.0	nan	nan	0.0	0.0
2	17	82	0.0	0.0	nan	nan	0.0	0.0
2	17	79	0.0	0.0	nan	nan	0.0	0.0
2	17	76	0.0	0.0	nan	nan	0.0	0.0
2	17	73	0.0	0.0	nan	nan	0.0	0.0
2	17	70	0.0	0.0	nan	nan	0.0	0.0
2	17	67	0.0	0.0	nan	nan	0.0	0.0
2	17	64	0.0	0.0	nan	nan	0.0	0.0
2	17	61	0.0	0.0	nan	nan	0.0	0.0
2	17	58	0.0	0.0	nan	nan	0.0	0.0
2	17	55	0.0	0.0	nan	nan	0.0	0.0
2	17	52	0.0	0.0	nan	nan	0.0	0.0
2	17	49	0.0	0.0	nan	nan	0.0	0.0
2	17	46	0.0	0.0	nan	nan	0.0	0.0
2	17	43	0.0	0.0	nan	nan	0.0	0.0
2	17	40	0.0	0.0	nan	nan	0.0	0.0
2	17	37	0.0	0.0	nan	nan	0.0	0.0
2	17	34	0.0	0.0	nan	nan	0.0	0.0
2	17	31	0.0	0.0	nan	nan	0.0	0.0
2	17	28	0.0	0.0	nan	nan	0.0	0.0
2	18	100	0.0	0.0	nan	nan	0.0	0.0
2	18	97	0.0	0.0	nan	nan	0.0	0.0
2	18	94	0.0	0.0	nan	nan	0.0	0.0
2	18	91	0.0	0.0	nan	nan	0.0	0.0
2	18	88	0.0	0.0	nan	nan	0.0	0.0
2	18	85	0.0	0.0	nan	nan	0.0	0.0
2	18	82	0.0	0.0	nan	nan	0.0	0.0
2	18	79	0.0	0.0	nan	nan	0.0	0.0
2	18	76	0.0	0.0	nan	nan	0.0	0.0
2	18	73	0.0	0.0	nan	nan	0.0	0.0
2	18	70	0.0	0.0	nan	nan	0.0	0.0
2	18	67	0.0	0.0	nan	nan	0.0	0.0
2	18	64	0.0	0.0	nan	nan	0.0	0.0
2	18	61	0.0	0.0	nan	nan	0.0	0.0
2	18	58	0.0	0.0	nan	nan	0.0	0.0
2	18	55	0.0	0.0	nan	nan	0.0	0.0
2	18	52	0.0	0.0	nan	nan	0.0	0.0
2	18	49	0.0	0.0	nan	nan	0.0	0.0
2	18	46	0.0	0.0	nan	nan	0.0	0.0
2	18	43	0.0	0.0	nan	nan	0.0	0.0
2	18	40	0.0	0.0	nan	nan	0.0	0.0
2	18	37	0.0	0.0	nan	nan	0.0	0.0
2	18	34	0.0	0.0	nan	nan	0.0	0.0
2	18	31	0.0	0.0	nan	nan	0.0	0.0
2	18	28	0.0	0.0	nan	nan	0.0	0.0
2	19	100	0.0	0.0	nan	nan	0.0	0.0
2	19	97	0.0	0.0	nan	nan	0.0	0.0
2	19	94	0.0	0.0	nan	nan	0.0	0.0
2	19	91	0.0	0.0	nan	nan	0.0	0.0
2	19	88	0.0	0.0	nan	nan	0.0	0.0
2	19	85	0.0	0.0	nan	nan	0.0	0.0
2	19	82	0.0	0.0	nan	nan	0.0	0.0
2	19	79	0.0	0.0	nan	nan	0.0	0.0
2	19	76	0.0	0.0	nan	nan	0.0	0.0
2	19	73	0.0	0.0	nan	nan	0.0	0.0
2	19	70	0.0	0.0	nan	nan	0.0	0.0
2	19	67	0.0	0.0	nan	nan	0.0	0.0
2	19	64	0.0	0.0	nan	nan	0.0	0.0
2	19	61	0.0	0.0	nan	nan	0.0	0.0
2	19	58	0.0	0.0	nan	nan	0.0	0.0
2	19	55	0.0	0.0	nan	nan	0.0	0.0
2	19	52	0.0	0.0	nan	nan	0.0	0.0
2	19	49	0.0	0.0	nan	nan	0.0	0.0
2	19	46	0.0	0.0	nan	nan	0.0	0.0
2	19	43	0.0	0.0	nan	nan	0.0	0.0
2	19	40	0.0	0.0	nan	nan	0.0	0.0
2	19	37	0.0	0.0	nan	nan	0.0	0.0
2	19	34	0.0	0.0	nan	nan	0.0	0.0
2	19	31	0.0	0.0	nan	nan	0.0	0.0
2	19	28	0.0	0.0	nan	nan	0.0	0.0
2	20	100	0.0	0.0	nan	nan	0.0	0.0
2	20	97	0.0	0.0	nan	nan	0.0	0.0
2	20	94	0.0	0.0	nan	nan	0.0	0.0
2	20	91	0.0	0.0	nan	nan	0.0	0.0
2	20	88	0.0	0.0	nan	nan	0.0	0.0
2	20	85	0.0	0.0	nan	nan	0.0	0.0
2	20	82	0.0	0.0	nan	nan	0.0	0.0
2	20	79	0.0	0.0	nan	nan	0.0	0.0
2	20	76	0.0	0.0	nan	nan	0.0	0.0
2	20	73	0.0	0.0	nan	nan	0.0	0.0
2	20	70	0.0	0.0	nan	nan	0.0	0.0
2	20	67	0.0	0.0	nan	nan	0.0	0.0
2	20	64	0.0	0.0	nan	nan	0.0	0.0
2	20	61	0.0	0.0	nan	nan	0.0	0.0
2	20	58	0.0	0.0	nan	nan	0.0	0.0
2	20	55	0.0	0.0	nan	nan	0.0	0.0
2	20	52	0.0	0.0	nan	nan	0.0	0.0
2	20	49	0.0	0.0	nan	nan	0.0	0.0
2	20	46	0.0	0.0	nan	nan	0.0	0.0
2	20	43	0.0	0.0	nan	nan	0.0	0.0
2	20	40	0.0	0.0	nan	nan	0.0	0.0
2	20	37	0.0	0.0	nan	nan	0.0	0.0
2	20	34	0.0	0.0	nan	nan	0.0	0.0
2	20	31	0.0	0.0	nan	nan	0.0	0.0
2	20	28	0.0	0.0	nan	nan	0.0	0.0
2	21	100	0.0	0.0	nan	nan	0.0	0.0
2	21	97	0.0	0.0	nan	nan	0.0	0.0
2	21	94	0.0	0.0	nan	nan	0.0	0.0
2	21	91	0.0	0.0	nan	nan	0.0	0.0
2	21	88	0.0	0.0	nan	nan	0.0	0.0
2	21	85	0.0	0.0	nan	nan	0.0	0.0
2	21	82	0.0	0.0	nan	nan	0.0	0.0
2	21	79	0.0	0.0	nan	nan	0.0	0.0
2	21	76	0.0	0.0	nan	nan	0.0	0.0
2	21	73	0.0	0.0	nan	nan	0.0	0.0
2	21	70	0.0	0.0	nan	nan	0.0	0.0
2	21	67	0.0	0.0	nan	nan	0.0	0.0
2	21	64	0.0	0.0	nan	nan	0.0	0.0
2	21	61	0.0	0.0	nan	nan	0.0	0.0
2	21	58	0.0	0.0	nan	nan	0.0	0.0
2	21	55	0.0	0.0	nan	nan	0.0	0.0
2	21	52	0.0	0.0	nan	nan	0.0	0.0
2	21	49	0.0	0.0	nan	nan	0.0	0.0
2	21	46	0.0	0.0	nan	nan	0.0	0.0
2	21	43	0.0	0.0	nan	nan	0.0	0.0
2	21	40	0.0	0.0	nan	nan	0.0	0.0
2	21	37	0.0	0.0	nan	nan	0.0	0.0
2	21	34	0.0	0.0	nan	nan	0.0	0.0
2	21	31	0.0	0.0	nan	nan	0.0	0.0
2	21	28	0.0	0.0	nan	nan	0.0	0.0
2	22	100	0.0	0.0	nan	nan	0.0	0.0
2	22	97	0.0	0.0	nan	nan	0.0	0.0
2	22	94	0.0	0.0	nan	nan	0.0	0.0
2	22	91	0.0	0.0	nan	nan	0.0	0.0
2	22	88	0.0	0.0	nan	nan	0.0	0.0
2	22	85	0.0	0.0	nan	nan	0.0	0.0
2	22	82	0.0	0.0	nan	nan	0.0	0.0
2	22	79	0.0	0.0	nan	nan	0.0	0.0
2	22	76	0.0	0.0	nan	nan	0.0	0.0
2	22	73	0.0	0.0	nan	nan	0.0	0.0
2	22	70	0.0	0.0	nan	nan	0.0	0.0
2	22	67	0.0	0.0	nan	nan	0.0	0.0
2	22	64	0.0	0.0	nan	nan	0.0	0.0
2	22	61	0.0	0.0	nan	nan	0.0	0.0
2	22	58	0.0	0.0	nan	nan	0.0	0.0
2	22	55	0.0	0.0	nan	nan	0.0	0.0
2	22	52	0.0	0.0	nan	nan	0.0	0.0
2	22	49	0.0	0.0	nan	nan	0.0	0.0
2	22	46	0.0	0.0	nan	nan	0.0	0.0
2	22	43	0.0	0.0	nan	nan	0.0	0.0
2	22	40	0.0	0.0	nan	nan	0.0	0.0
2	22	37	0.0	0.0	nan	nan	0.0	0.0
2	22	34	0.0	0.0	nan	nan	0.0	0.0
2	22	31	0.0	0.0	nan	nan	0.0	0.0
2	22	28	0.0	0.0	nan	nan	0.0	0.0
2	23	100	0.0	0.0	nan	nan	0.0	0.0
2	23	97	0.0	0.0	nan	nan	0.0	0.0
2	23	94	0.0	0.0	nan	nan	0.0	0.0
2	23	91	0.0	0.0	nan	nan	0.0	0.0
2	23	88	0.0	0.0	nan	nan	0.0	0.0
2	23	85	0.0	0.0	nan	nan	0.0	0.0
2	23	82	0.0	0.0	nan	nan	0.0	0.0
2	23	79	0.0	0.0	nan	nan	0.0	0.0
2	23	76	0.0	0.0	nan	nan	0.0	0.0
2	23	73	0.0	0.0	nan	nan	0.0	0.0
2	23	70	0.0	0.0	nan	nan	0.0	0.0
2	23	67	0.0	0.0	nan	nan	0.0	0.0
2	23	64	0.0	0.0	nan	nan	0.0	0.0
2	23	61	0.0	0.0	nan	nan	0.0	0.0
2	23	58	0.0	0.0	nan	nan	0.0	0.0
2	23	55	0.0	0.0	nan	nan	0.0	0.0
2	23	52	0.0	0.0	nan	nan	0.0	0.0
2	23	49	0.0	0.0	nan	nan	0.0	0.0
2	23	46	0.0	0.0	nan	nan	0.0	0.0
2	23	43	0.0	0.0	nan	nan	0.0	0.0
2	23	40	0.0	0.0	nan	nan	0.0	0.0
2	23	37	0.0	0.0	nan	nan	0.0	0.0
2	23	34	0.0	0.0	nan	nan	0.0	0.0
2	23	31	0.0	0.0	nan	nan	0.0	0.0
2	23	28	0.0	0.0	nan	nan	0.0	0.0
2	24	100	0.0	0.0	nan	nan	0.0	0.0
2	24	97	0.0	0.0	nan	nan	0.0	0.0
2	24	94	0.0	0.0	nan	nan	0.0	0.0
2	24	91	0.0	0.0	nan	nan	0.0	0.0
2	24	88	0.0	0.0	nan	nan	0.0	0.0
2	24	85	0.0	0.0	nan	nan	0.0	0.0
2	24	82	0.0	0.0	nan	nan	0.0	0.0
2	24	79	0.0	0.0	nan	nan	0.0	0.0
2	24	76	0.0	0.0	nan	nan	0.0	0.0
2	24	73	0.0	0.0	nan	nan	0.0	0.0
2	24	70	0.0	0.0	nan	nan	0.0	0.0
2	24	67	0.0	0.0	nan	nan	0.0	0.0
2	24	64	0.0	0.0	nan	nan	0.0	0.0
2	24	61	0.0	0.0	nan	nan	0.0	0.0
2	24	58	0.0	0.0	nan	nan	0.0	0.0
2	24	55	0.0	0.0	nan	nan	0.0	0.0
2	24	52	0.0	0.0	nan	nan	0.0	0.0
2	24	49	0.0	0.0	nan	nan	0.0	0.0
2	24	46	0.0	0.0	nan	nan	0.0	0.0
2	24	43	0.0	0.0	nan	nan	0.0	0.0
2	24	40	0.0	0.0	nan	nan	0.0	0.0
2	24	37	0.0	0.0	nan	nan	0.0	0.0
2	24	34	0.0	0.0	nan	nan	0.0	0.0
2	24	31	0.0	0.0	nan	nan	0.0	0.0
2	24	28	0.0	0.0	nan	nan	0.0	0.0
2	25	100	0.0	0.0	nan	nan	0.0	0.0
2	25	97	0.0	0.0	nan	nan	0.0	0.0
2	25	94	0.0	0.0	nan	nan	0.0	0.0
2	25	91	0.0	0.0	nan	nan	0.0	0.0
2	25	88	0.0	0.0	nan	nan	0.0	0.0
2	25	85	0.0	0.0	nan	nan	0.0	0.0
2	25	82	0.0	0.0	nan	nan	0.0	0.0
2	25	79	0.0	0.0	nan	nan	0.0	0.0
2	25	76	0.0	0.0	nan	nan	0.0	0.0
2	25	73	0.0	0.0	nan	nan	0.0	0.0
2	25	70	0.0	0.0	nan	nan	0.0	0.0
2	25	67	0.0	0.0	nan	nan	0.0	0.0
2	25	64	0.0	0.0	nan	nan	0.0	0.0
2	25	61	0.0	0.0	nan	nan	0.0	0.0
2	25	58	0.0	0.0	nan	nan	0.0	0.0
2	25	55	0.0	0.0	nan	nan	0.0	0.0
2	25	52	0.0	0.0	nan	nan	0.0	0.0
2	25	49	0.0	0.0	nan	nan	0.0	0.0
2	25	46	0.0	0.0	nan	nan	0.0	0.0
2	25	43	0.0	0.0	nan	nan	0.0	0.0
2	25	40	0.0	0.0	nan	nan	0.0	0.0
2	25	37	0.0	0.0	nan	nan	0.0	0.0
2	25	34	0.0	0.0	nan	nan	0.0	0.0
2	25	31	0.0	0.0	nan	nan	0.0	0.0
2	25	28	0.0	0.0	nan	nan	0.0	0.0
2	26	100	0.0	0.0	nan	nan	0.0	0.0
2	26	97	0.0	0.0	nan	nan	0.0	0.0
2	26	94	0.0	0.0	nan	nan	0.0	0.0
2	26	91	0.0	0.0	nan	nan	0.0	0.0
2	26	88	0.0	0.0	nan	nan	0.0	0.0
2	26	85	0.0	0.0	nan	nan	0.0	0.0
2	26	82	0.0	0.0	nan	nan	0.0	0.0
2	26	79	0.0	0.0	nan	nan	0.0	0.0
2	26	76	0.0	0.0	nan	nan	0.0	0.0
2	26	73	0.0	0.0	nan	nan	0.0	0.0
2	26	70	0.0	0.0	nan	nan	0.0	0.0
2	26	67	0.0	0.0	nan	nan	0.0	0.0
2	26	64	0.0	0.0	nan	nan	0.0	0.0
2	26	61	0.0	0.0	nan	nan	0.0	0.0
2	26	58	0.0	0.0	nan	nan	0.0	0.0
2	26	55	0.0	0.0	nan	nan	0.0	0.0
2	26	52	0.0	0.0	nan	nan	0.0	0.0
2	26	49	0.0	0.0	nan	nan	0.0	0.0
2	26	46	0.0	0.0	nan	nan	0.0	0.0
2	26	43	0.0	0.0	nan	nan	0.0	0.0
2	26	40	0.0	0.0	nan	nan	0.0	0.0
2	26	37	0.0	0.0	nan	nan	0.0	0.0
2	26	34	0.0	0.0	nan	nan	0.0	0.0
2	26	31	0.0	0.0	nan	nan	0.0	0.0
2	26	28	0.0	0.0	nan	nan	0.0	0.0
2	27	100	0.0	0.0	nan	nan	0.0	0.0
2	27	97	0.0	0.0	nan	nan	0.0	0.0
2	27	94	0.0	0.0	nan	nan	0.0	0.0
2	27	91	0.0	0.0	nan	nan	0.0	0.0
2	27	88	0.0	0.0	nan	nan	0.0	0.0
2	27	85	0.0	0.0	nan	nan	0.0	0.0
2	27	82	0.0	0.0	nan	nan	0.0	0.0
2	27	79	0.0	0.0	nan	nan	0.0	0.0
2	27	76	0.0	0.0	nan	nan	0.0	0.0
2	27	73	0.0	0.0	nan	nan	0.0	0.0
2	27	70	0.0	0.0	nan	nan	0.0	0.0
2	27	67	0.0	0.0	nan	nan	0.0	0.0
2	27	64	0.0	0.0	nan	nan	0.0	0.0
2	27	61	0.0	0.0	nan	nan	0.0	0.0
2	27	58	0.0	0.0	nan	nan	0.0	0.0
2	27	55	0.0	0.0	nan	nan	0.0	0.0
2	27	52	0.0	0.0	nan	nan	0.0	0.0
2	27	49	0.0	0.0	nan	nan	0.0	0.0
2	27	46	0.0	0.0	nan	nan	0.0	0.0
2	27	43	0.0	0.0	nan	nan	0.0	0.0
2	27	40	0.0	0.0	nan	nan	0.0	0.0
2	27	37	0.0	0.0	nan	nan	0.0	0.0
2	27	34	0.0	0.0	nan	nan	0.0	0.0
2	27	31	0.0	0.0	nan	nan	0.0	0.0
2	27	28	0.0	0.0	nan	nan	0.0	0.0
2	28	100	0.0	0.0	nan	nan	0.0	0.0
2	28	97	0.0	0.0	nan	nan	0.0	0.0
2	28	94	0.0	0.0	nan	nan	0.0	0.0
2	28	91	0.0	0.0	nan	nan	0.0	0.0
2	28	88	0.0	0.0	nan	nan	0.0	0.0
2	28	85	0.0	0.0	nan	nan	0.0	0.0
2	28	82	0.0	0.0	nan	nan	0.0	0.0
2	28	79	0.0	0.0	nan	nan	0.0	0.0
2	28	76	0.0	0.0	nan	nan	0.0	0.0
2	28	73	0.0	0.0	nan	nan	0.0	0.0
2	28	70	0.0	0.0	nan	nan	0.0	0.0
2	28	67	0.0	0.0	nan	nan	0.0	0.0
2	28	64	0.0	0.0	nan	nan	0.0	0.0
2	28	61	0.0	0.0	nan	nan	0.0	0.0
2	28	58	0.0	0.0	nan	nan	0.0	0.0
2	28	55	0.0	0.0	nan	nan	0.0	0.0
2	28	52	0.0	0.0	nan	nan	0.0	0.0
2	28	49	0.0	0.0	nan	nan	0.0	0.0
2	28	46	0.0	0.0	nan	nan	0.0	0.0
2	28	43	0.0	0.0	nan	nan	0.0	0.0
2	28	40	0.0	0.0	nan	nan	0.0	0.0
2	28	37	0.0	0.0	nan	nan	0.0	0.0
2	28	34	0.0	0.0	nan	nan	0.0	0.0
2	28	31	0.0	0.0	nan	nan	0.0	0.0
2	28	28	0.0	0.0	nan	nan	0.0	0.0
2	29	100	0.0	0.0	nan	nan	0.0	0.0
2	29	97	0.0	0.0	nan	nan	0.0	0.0
2	29	94	0.0	0.0	nan	nan	0.0	0.0
2	29	91	0.0	0.0	nan	nan	0.0	0.0
2	29	88	0.0	0.0	nan	nan	0.0	0.0
2	29	85	0.0	0.0	nan	nan	0.0	0.0
2	29	82	0.0	0.0	nan	nan	0.0	0.0
2	29	79	0.0	0.0	nan	nan	0.0	0.0
2	29	76	0.0	0.0	nan	nan	0.0	0.0
2	29	73	0.0	0.0	nan	nan	0.0	0.0
2	29	70	0.0	0.0	nan	nan	0.0	0.0
2	29	67	0.0	0.0	nan	nan	0.0	0.0
2	29	64	0.0	0.0	nan	nan	0.0	0.0
2	29	61	0.0	0.0	nan	nan	0.0	0.0
2	29	58	0.0	0.0	nan	nan	0.0	0.0
2	29	55	0.0	0.0	nan	nan	0.0	0.0
2	29	52	0.0	0.0	nan	nan	0.0	0.0
2	29	49	0.0	0.0	nan	nan	0.0	0.0
2	29	46	0.0	0.0	nan	nan	0.0	0.0
2	29	43	0.0	0.0	nan	nan	0.0	0.0
2	29	40	0.0	0.0	nan	nan	0.0	0.0
2	29	37	0.0	0.0	nan	nan	0.0	0.0
2	29	34	0.0	0.0	nan	nan	0.0	0.0
2	29	31	0.0	0.0	nan	nan	0.0	0.0
2	29	28	0.0	0.0	nan	nan	0.0	0.0
2	30	100	0.0	0.0	nan	nan	0.0	0.0
2	30	97	0.0	0.0	nan	nan	0.0	0.0
2	30	94	0.0	0.0	nan	nan	0.0	0.0
2	30	91	0.0	0.0	nan	nan	0.0	0.0
2	30	88	0.0	0.0	nan	nan	0.0	0.0
2	30	85	0.0	0.0	nan	nan	0.0	0.0
2	30	82	0.0	0.0	nan	nan	0.0	0.0
2	30	79	0.0	0.0	nan	nan	0.0	0.0
2	30	76	0.0	0.0	nan	nan	0.0	0.0
2	30	73	0.0	0.0	nan	nan	0.0	0.0
2	30	70	0.0	0.0	nan	nan	0.0	0.0
2	30	67	0.0	0.0	nan	nan	0.0	0.0
2	30	64	0.0	0.0	nan	nan	0.0	0.0
2	30	61	0.0	0.0	nan	nan	0.0	0.0
2	30	58	0.0	0.0	nan	nan	0.0	0.0
2	30	55	0.0	0.0	nan	nan	0.0	0.0
2	30	52	0.0	0.0	nan	nan	0.0	0.0
2	30	49	0.0	0.0	nan	nan	0.0	0.0
2	30	46	0.0	0.0	nan	nan	0.0	0.0
2	30	43	0.0	0.0	nan	nan	0.0	0.0
2	30	40	0.0	0.0	nan	nan	0.0	0.0
2	30	37	0.0	0.0	nan	nan	0.0	0.0
2	30	34	0.0	0.0	nan	nan	0.0	0.0
2	30	31	0.0	0.0	nan	nan	0.0	0.0
2	30	28	0.0	0.0	nan	nan	0.0	0.0
2	31	100	0.0	0.0	nan	nan	0.0	0.0
2	31	97	0.0	0.0	nan	nan	0.0	0.0
2	31	94	0.0	0.0	nan	nan	0.0	0.0
2	31	91	0.0	0.0	nan	nan	0.0	0.0
2	31	88	0.0	0.0	nan	nan	0.0	0.0
2	31	85	0.0	0.0	nan	nan	0.0	0.0
2	31	82	0.0	0.0	nan	nan	0.0	0.0
2	31	79	0.0	0.0	nan	nan	0.0	0.0
2	31	76	0.0	0.0	nan	nan	0.0	0.0
2	31	73	0.0	0.0	nan	nan	0.0	0.0
2	31	70	0.0	0.0	nan	nan	0.0	0.0
2	31	67	0.0	0.0	nan	nan	0.0	0.0
2	31	64	0.0	0.0	nan	nan	0.0	0.0
2	31	61	0.0	0.0	nan	nan	0.0	0.0
2	31	58	0.0	0.0	nan	nan	0.0	0.0
2	31	55	0.0	0.0	nan	nan	0.0	0.0
2	31	52	0.0	0.0	nan	nan	0.0	0.0
2	31	49	0.0	0.0	nan	nan	0.0	0.0
2	31	46	0.0	0.0	nan	nan	0.0	0.0
2	31	43	0.0	0.0	nan	nan	0.0	0.0
2	31	40	0.0	0.0	nan	nan	0.0	0.0
2	31	37	0.0	0.0	nan	nan	0.0	0.0
2	31	34	0.0	0.0	nan	nan	0.0	0.0
2	31	31	0.0	0.0	nan	nan	0.0	0.0
2	31	28	0.0	0.0	nan	nan	0.0	0.0
3	0	100	0.0	0.0	nan	nan	0.0	0.0
3	0	97	0.0	0.0	nan	nan	0.0	0.0
3	0	94	0.0	0.0	nan	nan	0.0	0.0
3	0	91	0.0	0.0	nan	nan	0.0	0.0
3	0	88	0.0	0.0	nan	nan	0.0	0.0
3	0	85	0.0	0.0	nan	nan	0.0	0.0
3	0	82	0.0	0.0	nan	nan	0.0	0.0
3	0	79	0.0	0.0	nan	nan	0.0	0.0
3	0	76	0.0	0.0	nan	nan	0.0	0.0
3	0	73	0.0	0.0	nan	nan	0.0	0.0
3	0	70	0.0	0.0	nan	nan	0.0	0.0
3	0	67	0.0	0.0	nan	nan	0.0	0.0
3	0	64	0.0	0.0	nan	nan	0.0	0.0
3	0	61	0.0	0.0	nan	nan	0.0	0.0
3	0	58	0.0	0.0	nan	nan	0.0	0.0
3	0	55	0.0	0.0	nan	nan	0.0	0.0
3	0	52	0.0	0.0	nan	nan	0.0	0.0
3	0	49	0.0	0.0	nan	nan	0.0	0.0
3	0	46	0.0	0.0	nan	nan	0.0	0.0
3	0	43	0.0	0.0	nan	nan	0.0	0.0
3	0	40	0.0	0.0	nan	nan	0.0	0.0
3	0	37	0.0	0.0	nan	nan	0.0	0.0
3	0	34	0.0	0.0	nan	nan	0.0	0.0
3	0	31	0.0	0.0	nan	nan	0.0	0.0
3	0	28	0.0	0.0	nan	nan	0.0	0.0
3	1	100	0.0	0.0	nan	nan	0.0	0.0
3	1	97	0.0	0.0	nan	nan	0.0	0.0
3	1	94	0.0	0.0	nan	nan	0.0	0.0
3	1	91	0.0	0.0	nan	nan	0.0	0.0
3	1	88	0.0	0.0	nan	nan	0.0	0.0
3	1	85	0.0	0.0	nan	nan	0.0	0.0
3	1	82	0.0	0.0	nan	nan	0.0	0.0
3	1	79	0.0	0.0	nan	nan	0.0	0.0
3	1	76	0.0	0.0	nan	nan	0.0	0.0
3	1	73	0.0	0.0	nan	nan	0.0	0.0
3	1	70	0.0	0.0	nan	nan	0.0	0.0
3	1	67	0.0	0.0	nan	nan	0.0	0.0
3	1	64	0.0	0.0	nan	nan	0.0	0.0
3	1	61	0.0	0.0	nan	nan	0.0	0.0
3	1	58	0.0	0.0	nan	nan	0.0	0.0
3	1	55	0.0	0.0	nan	nan	0.0	0.0
3	1	52	0.0	0.0	nan	nan	0.0	0.0
3	1	49	0.0	0.0	nan	nan	0.0	0.0
3	1	46	0.0	0.0	nan	nan	0.0	0.0
3	1	43	0.0	0.0	nan	nan	0.0	0.0
3	1	40	0.0	0.0	nan	nan	0.0	0.0
3	1	37	0.0	0.0	nan	nan	0.0	0.0
3	1	34	0.0	0.0	nan	nan	0.0	0.0
3	1	31	0.0	0.0	nan	nan	0.0	0.0
3	1	28	0.0	0.0	nan	nan	0.0	0.0
3	2	100	0.0	0.0	nan	nan	0.0	0.0
3	2	97	0.0	0.0	nan	nan	0.0	0.0
3	2	94	0.0	0.0	nan	nan	0.0	0.0
3	2	91	0.0	0.0	nan	nan	0.0	0.0
3	2	88	0.0	0.0	nan	nan	0.0	0.0
3	2	85	0.0	0.0	nan	nan	0.0	0.0
3	2	82	0.0	0.0	nan	nan	0.0	0.0
3	2	79	0.0	0.0	nan	nan	0.0	0.0
3	2	76	0.0	0.0	nan	nan	0.0	0.0
3	2	73	0.0	0.0	nan	nan	0.0	0.0
3	2	70	0.0	0.0	nan	nan	0.0	0.0
3	2	67	0.0	0.0	nan	nan	0.0	0.0
3	2	64	0.0	0.0	nan	nan	0.0	0.0
3	2	61	0.0	0.0	nan	nan	0.0	0.0
3	2	58	0.0	0.0	nan	nan	0.0	0.0
3	2	55	0.0	0.0	nan	nan	0.0	0.0
3	2	52	0.0	0.0	nan	nan	0.0	0.0
3	2	49	0.0	0.0	nan	nan	0.0	0.0
3	2	46	0.0	0.0	nan	nan	0.0	0.0
3	2	43	0.0	0.0	nan	nan	0.0	0.0
3	2	40	0.0	0.0	nan	nan	0.0	0.0
3	2	37	0.0	0.0	nan	nan	0.0	0.0
3	2	34	0.0	0.0	nan	nan	0.0	0.0
3	2	31	0.0	0.0	nan	nan	0.0	0.0
3	2	28	0.0	0.0	nan	nan	0.0	0.0
3	3	100	0.0	0.0	nan	nan	0.0	0.0
3	3	97	0.0	0.0	nan	nan	0.0	0.0
3	3	94	0.0	0.0	nan	nan	0.0	0.0
3	3	91	0.0	0.0	nan	nan	0.0	0.0
3	3	88	0.0	0.0	nan	nan	0.0	0.0
3	3	85	0.0	0.0	nan	nan	0.0	0.0
3	3	82	0.0	0.0	nan	nan	0.0	0.0
3	3	79	0.0	0.0	nan	nan	0.0	0.0
3	3	76	0.0	0.0	nan	nan	0.0	0.0
3	3	73	0.0	0.0	nan	nan	0.0	0.0
3	3	70	0.0	0.0	nan	nan	0.0	0.0
3	3	67	0.0	0.0	nan	nan	0.0	0.0
3	3	64	0.0	0.0	nan	nan	0.0	0.0
3	3	61	0.0	0.0	nan	nan	0.0	0.0
3	3	58	0.0	0.0	nan	nan	0.0	0.0
3	3	55	0.0	0.0	nan	nan	0.0	0.0
3	3	52	0.0	0.0	nan	nan	0.0	0.0
3	3	49	0.0	0.0	nan	nan	0.0	0.0
3	3	46	0.0	0.0	nan	nan	0.0	0.0
3	3	43	0.0	0.0	nan	nan	0.0	0.0
3	3	40	0.0	0.0	nan	nan	0.0	0.0
3	3	37	0.0	0.0	nan	nan	0.0	0.0
3	3	34	0.0	0.0	nan	nan	0.0	0.0
3	3	31	0.0	0.0	nan	nan	0.0	0.0
3	3	28	0.0	0.0	nan	nan	0.0	0.0
3	4	100	0.0	0.0	nan	nan	0.0	0.0
3	4	97	0.0	0.0	nan	nan	0.0	0.0
3	4	94	0.0	0.0	nan	nan	0.0	0.0
3	4	91	0.0	0.0	nan	nan	0.0	0.0
3	4	88	0.0	0.0	nan	nan	0.0	0.0
3	4	85	0.0	0.0	nan	nan	0.0	0.0
3	4	82	0.0	0.0	nan	nan	0.0	0.0
3	4	79	0.0	0.0	nan	nan	0.0	0.0
3	4	76	0.0	0.0	nan	nan	0.0	0.0
3	4	73	0.0	0.0	nan	nan	0.0	0.0
3	4	70	0.0	0.0	nan	nan	0.0	0.0
3	4	67	0.0	0.0	nan	nan	0.0	0.0
3	4	64	0.0	0.0	nan	nan	0.0	0.0
3	4	61	0.0	0.0	nan	nan	0.0	0.0
3	4	58	0.0	0.0	nan	nan	0.0	0.0
3	4	55	0.0	0.0	nan	nan	0.0	0.0
3	4	52	0.0	0.0	nan	nan	0.0	0.0
3	4	49	0.0	0.0	nan	nan	0.0	0.0
3	4	46	0.0	0.0	nan	nan	0.0	0.0
3	4	43	0.0	0.0	nan	nan	0.0	0.0
3	4	40	0.0	0.0	nan	nan	0.0	0.0
3	4	37	0.0	0.0	nan	nan	0.0	0.0
3	4	34	0.0	0.0	nan	nan	0.0	0.0
3	4	31	0.0	0.0	nan	nan	0.0	0.0
3	4	28	0.0	0.0	nan	nan	0.0	0.0
3	5	100	0.0	0.0	nan	nan	0.0	0.0
3	5	97	0.0	0.0	nan	nan	0.0	0.0
3	5	94	0.0	0.0	nan	nan	0.0	0.0
3	5	91	0.0	0.0	nan	nan	0.0	0.0
3	5	88	0.0	0.0	nan	nan	0.0	0.0
3	5	85	0.0	0.0	nan	nan	0.0	0.0
3	5	82	0.0	0.0	nan	nan	0.0	0.0
3	5	79	0.0	0.0	nan	nan	0.0	0.0
3	5	76	0.0	0.0	nan	nan	0.0	0.0
3	5	73	0.0	0.0	nan	nan	0.0	0.0
3	5	70	0.0	0.0	nan	nan	0.0	0.0
3	5	67	0.0	0.0	nan	nan	0.0	0.0
3	5	64	0.0	0.0	nan	nan	0.0	0.0
3	5	61	0.0	0.0	nan	nan	0.0	0.0
3	5	58	0.0	0.0	nan	nan	0.0	0.0
3	5	55	0.0	0.0	nan	nan	0.0	0.0
3	5	52	0.0	0.0	nan	nan	0.0	0.0
3	5	49	0.0	0.0	nan	nan	0.0	0.0
3	5	46	0.0	0.0	nan	nan	0.0	0.0
3	5	43	0.0	0.0	nan	nan	0.0	0.0
3	5	40	0.0	0.0	nan	nan	0.0	0.0
3	5	37	0.0	0.0	nan	nan	0.0	0.0
3	5	34	0.0	0.0	nan	nan	0.0	0.0
3	5	31	0.0	0.0	nan	nan	0.0	0.0
3	5	28	0.0	0.0	nan	nan	0.0	0.0
3	6	100	0.0	0.0	nan	nan	0.0	0.0
3	6	97	0.0	0.0	nan	nan	0.0	0.0
3	6	94	0.0	0.0	nan	nan	0.0	0.0
3	6	91	0.0	0.0	nan	nan	0.0	0.0
3	6	88	0.0	0.0	nan	nan	0.0	0.0
3	6	85	0.0	0.0	nan	nan	0.0	0.0
3	6	82	0.0	0.0	nan	nan	0.0	0.0
3	6	79	0.0	0.0	nan	nan	0.0	0.0
3	6	76	0.0	0.0	nan	nan	0.0	0.0
3	6	73	0.0	0.0	nan	nan	0.0	0.0
3	6	70	0.0	0.0	nan	nan	0.0	0.0
3	6	67	0.0	0.0	nan	nan	0.0	0.0
3	6	64	0.0	0.0	nan	nan	0.0	0.0
3	6	61	0.0	0.0	nan	nan	0.0	0.0
3	6	58	0.0	0.0	nan	nan	0.0	0.0
3	6	55	0.0	0.0	nan	nan	0.0	0.0
3	6	52	0.0	0.0	nan	nan	0.0	0.0
3	6	49	0.0	0.0	nan	nan	0.0	0.0
3	6	46	0.0	0.0	nan	nan	0.0	0.0
3	6	43	0.0	0.0	nan	nan	0.0	0.0
3	6	40	0.0	0.0	nan	nan	0.0	0.0
3	6	37	0.0	0.0	nan	nan	0.0	0.0
3	6	34	0.0	0.0	nan	nan	0.0	0.0
3	6	31	0.0	0.0	nan	nan	0.0	0.0
3	6	28	0.0	0.0	nan	nan	0.0	0.0
3	7	100	0.0	0.0	nan	nan	0.0	0.0
3	7	97	0.0	0.0	nan	nan	0.0	0.0
3	7	94	0.0	0.0	nan	nan	0.0	0.0
3	7	91	0.0	0.0	nan	nan	0.0	0.0
3	7	88	0.0	0.0	nan	nan	0.0	0.0
3	7	85	0.0	0.0	nan	nan	0.0	0.0
3	7	82	0.0	0.0	nan	nan	0.0	0.0
3	7	79	0.0	0.0	nan	nan	0.0	0.0
3	7	76	0.0	0.0	nan	nan	0.0	0.0
3	7	73	0.0	0.0	nan	nan	0.0	0.0
3	7	70	0.0	0.0	nan	nan	0.0	0.0
3	7	67	0.0	0.0	nan	nan	0.0	0.0
3	7	64	0.0	0.0	nan	nan	0.0	0.0
3	7	61	0.0	0.0	nan	nan	0.0	0.0
3	7	58	0.0	0.0	nan	nan	0.0	0.0
3	7	55	0.0	0.0	nan	nan	0.0	0.0
3	7	52	0.0	0.0	nan	nan	0.0	0.0
3	7	49	0.0	0.0	nan	nan	0.0	0.0
3	7	46	0.0	0.0	nan	nan	0.0	0.0
3	7	43	0.0	0.0	nan	nan	0.0	0.0
3	7	40	0.0	0.0	nan	nan	0.0	0.0
3	7	37	0.0	0.0	nan	nan	0.0	0.0
3	7	34	0.0	0.0	nan	nan	0.0	0.0
3	7	31	0.0	0.0	nan	nan	0.0	0.0
3	7	28	0.0	0.0	nan	nan	0.0	0.0
3	8	100	0.0	0.0	nan	nan	0.0	0.0
3	8	97	0.0	0.0	nan	nan	0.0	0.0
3	8	94	0.0	0.0	nan	nan	0.0	0.0
3	8	91	0.0	0.0	nan	nan	0.0	0.0
3	8	88	0.0	0.0	nan	nan	0.0	0.0
3	8	85	0.0	0.0	nan	nan	0.0	0.0
3	8	82	0.0	0.0	nan	nan	0.0	0.0
3	8	79	0.0	0.0	nan	nan	0.0	0.0
3	8	76	0.0	0.0	nan	nan	0.0	0.0
3	8	73	0.0	0.0	nan	nan	0.0	0.0
3	8	70	0.0	0.0	nan	nan	0.0	0.0
3	8	67	0.0	0.0	nan	nan	0.0	0.0
3	8	64	0.0	0.0	nan	nan	0.0	0.0
3	8	61	0.0	0.0	nan	nan	0.0	0.0
3	8	58	0.0	0.0	nan	nan	0.0	0.0
3	8	55	0.0	0.0	nan	nan	0.0	0.0
3	8	52	0.0	0.0	nan	nan	0.0	0.0
3	8	49	0.0	0.0	nan	nan	0.0	0.0
3	8	46	0.0	0.0	nan	nan	0.0	0.0
3	8	43	0.0	0.0	nan	nan	0.0	0.0
3	8	40	0.0	0.0	nan	nan	0.0	0.0
3	8	37	0.0	0.0	nan	nan	0.0	0.0
3	8	34	0.0	0.0	nan	nan	0.0	0.0
3	8	31	0.0	0.0	nan	nan	0.0	0.0
3	8	28	0.0	0.0	nan	nan	0.0	0.0
3	9	100	0.0	0.0	nan	nan	0.0	0.0
3	9	97	0.0	0.0	nan	nan	0.0	0.0
3	9	94	0.0	0.0	nan	nan	0.0	0.0
3	9	91	0.0	0.0	nan	nan	0.0	0.0
3	9	88	0.0	0.0	nan	nan	0.0	0.0
3	9	85	0.0	0.0	nan	nan	0.0	0.0
3	9	82	0.0	0.0	nan	nan	0.0	0.0
3	9	79	0.0	0.0	nan	nan	0.0	0.0
3	9	76	0.0	0.0	nan	nan	0.0	0.0
3	9	73	0.0	0.0	nan	nan	0.0	0.0
3	9	70	0.0	0.0	nan	nan	0.0	0.0
3	9	67	0.0	0.0	nan	nan	0.0	0.0
3	9	64	0.0	0.0	nan	nan	0.0	0.0
3	9	61	0.0	0.0	nan	nan	0.0	0.0
3	9	58	0.0	0.0	nan	nan	0.0	0.0
3	9	55	0.0	0.0	nan	nan	0.0	0.0
3	9	52	0.0	0.0	nan	nan	0.0	0.0
3	9	49	0.0	0.0	nan	nan	0.0	0.0
3	9	46	0.0	0.0	nan	nan	0.0	0.0
3	9	43	0.0	0.0	nan	nan	0.0	0.0
3	9	40	0.0	0.0	nan	nan	0.0	0.0
3	9	37	0.0	0.0	nan	nan	0.0	0.0
3	9	34	0.0	0.0	nan	nan	0.0	0.0
3	9	31	0.0	0.0	nan	nan	0.0	0.0
3	9	28	0.0	0.0	nan	nan	0.0	0.0
3	10	100	0.0	0.0	nan	nan	0.0	0.0
3	10	97	0.0	0.0	nan	nan	0.0	0.0
3	10	94	0.0	0.0	nan	nan	0.0	0.0
3	10	91	0.0	0.0	nan	nan	0.0	0.0
3	10	88	0.0	0.0	nan	nan	0.0	0.0
3	10	85	0.0	0.0	nan	nan	0.0	0.0
3	10	82	0.0	0.0	nan	nan	0.0	0.0
3	10	79	0.0	0.0	nan	nan	0.0	0.0
3	10	76	0.0	0.0	nan	nan	0.0	0.0
3	10	73	0.0	0.0	nan	nan	0.0	0.0
3	10	70	0.0	0.0	nan	nan	0.0	0.0
3	10	67	0.0	0.0	nan	nan	0.0	0.0
3	10	64	0.0	0.0	nan	nan	0.0	0.0
3	10	61	0.0	0.0	nan	nan	0.0	0.0
3	10	58	0.0	0.0	nan	nan	0.0	0.0
3	10	55	0.0	0.0	nan	nan	0.0	0.0
3	10	52	0.0	0.0	nan	nan	0.0	0.0
3	10	49	0.0	0.0	nan	nan	0.0	0.0
3	10	46	0.0	0.0	nan	nan	0.0	0.0
3	10	43	0.0	0.0	nan	nan	0.0	0.0
3	10	40	0.0	0.0	nan	nan	0.0	0.0
3	10	37	0.0	0.0	nan	nan	0.0	0.0
3	10	34	0.0	0.0	nan	nan	0.0	0.0
3	10	31	0.0	0.0	nan	nan	0.0	0.0
3	10	28	0.0	0.0	nan	nan	0.0	0.0
3	11	100	0.0	0.0	nan	nan	0.0	0.0
3	11	97	0.0	0.0	nan	nan	0.0	0.0
3	11	94	0.0	0.0	nan	nan	0.0	0.0
3	11	91	0.0	0.0	nan	nan	0.0	0.0
3	11	88	0.0	0.0	nan	nan	0.0	0.0
3	11	85	0.0	0.0	nan	nan	0.0	0.0
3	11	82	0.0	0.0	nan	nan	0.0	0.0
3	11	79	0.0	0.0	nan	nan	0.0	0.0
3	11	76	0.0	0.0	nan	nan	0.0	0.0
3	11	73	0.0	0.0	nan	nan	0.0	0.0
3	11	70	0.0	0.0	nan	nan	0.0	0.0
3	11	67	0.0	0.0	nan	nan	0.0	0.0
3	11	64	0.0	0.0	nan	nan	0.0	0.0
3	11	61	0.0	0.0	nan	nan	0.0	0.0
3	11	58	0.0	0.0	nan	nan	0.0	0.0
3	11	55	0.0	0.0	nan	nan	0.0	0.0
3	11	52	0.0	0.0	nan	nan	0.0	0.0
3	11	49	0.0	0.0	nan	nan	0.0	0.0
3	11	46	0.0	0.0	nan	nan	0.0	0.0
3	11	43	0.0	0.0	nan	nan	0.0	0.0
3	11	40	0.0	0.0	nan	nan	0.0	0.0
3	11	37	0.0	0.0	nan	nan	0.0	0.0
3	11	34	0.0	0.0	nan	nan	0.0	0.0
3	11	31	0.0	0.0	nan	nan	0.0	0.0
3	11	28	0.0	0.0	nan	nan	0.0	0.0
3	12	100	0.0	0.0	nan	nan	0.0	0.0
3	12	97	0.0	0.0	nan	nan	0.0	0.0
3	12	94	0.0	0.0	nan	nan	0.0	0.0
3	12	91	0.0	0.0	nan	nan	0.0	0.0
3	12	88	0.0	0.0	nan	nan	0.0	0.0
3	12	85	0.0	0.0	nan	nan	0.0	0.0
3	12	82	0.0	0.0	nan	nan	0.0	0.0
3	12	79	0.0	0.0	nan	nan	0.0	0.0
3	12	76	0.0	0.0	nan	nan	0.0	0.0
3	12	73	0.0	0.0	nan	nan	0.0	0.0
3	12	70	0.0	0.0	nan	nan	0.0	0.0
3	12	67	0.0	0.0	nan	nan	0.0	0.0
3	12	64	0.0	0.0	nan	nan	0.0	0.0
3	12	61	0.0	0.0	nan	nan	0.0	0.0
3	12	58	0.0	0.0	nan	nan	0.0	0.0
3	12	55	0.0	0.0	nan	nan	0.0	0.0
3	12	52	0.0	0.0	nan	nan	0.0	0.0
3	12	49	0.0	0.0	nan	nan	0.0	0.0
3	12	46	0.0	0.0	nan	nan	0.0	0.0
3	12	43	0.0	0.0	nan	nan	0.0	0.0
3	12	40	0.0	0.0	nan	nan	0.0	0.0
3	12	37	0.0	0.0	nan	nan	0.0	0.0
3	12	34	0.0	0.0	nan	nan	0.0	0.0
3	12	31	0.0	0.0	nan	nan	0.0	0.0
3	12	28	0.0	0.0	nan	nan	0.0	0.0
3	13	100	0.0	0.0	nan	nan	0.0	0.0
3	13	97	0.0	0.0	nan	nan	0.0	0.0
3	13	94	0.0	0.0	nan	nan	0.0	0.0
3	13	91	0.0	0.0	nan	nan	0.0	0.0
3	13	88	0.0	0.0	nan	nan	0.0	0.0
3	13	85	0.0	0.0	nan	nan	0.0	0.0
3	13	82	0.0	0.0	nan	nan	0.0	0.0
3	13	79	0.0	0.0	nan	nan	0.0	0.0
3	13	76	0.0	0.0	nan	nan	0.0	0.0
3	13	73	0.0	0.0	nan	nan	0.0	0.0
3	13	70	0.0	0.0	nan	nan	0.0	0.0
3	13	67	0.0	0.0	nan	nan	0.0	0.0
3	13	64	0.0	0.0	nan	nan	0.0	0.0
3	13	61	0.0	0.0	nan	nan	0.0	0.0
3	13	58	0.0	0.0	nan	nan	0.0	0.0
3	13	55	0.0	0.0	nan	nan	0.0	0.0
3	13	52	0.0	0.0	nan	nan	0.0	0.0
3	13	49	0.0	0.0	nan	nan	0.0	0.0
3	13	46	0.0	0.0	nan	nan	0.0	0.0
3	13	43	0.0	0.0	nan	nan	0.0	0.0
3	13	40	0.0	0.0	nan	nan	0.0	0.0
3	13	37	0.0	0.0	nan	nan	0.0	0.0
3	13	34	0.0	0.0	nan	nan	0.0	0.0
3	13	31	0.0	0.0	nan	nan	0.0	0.0
3	13	28	0.0	0.0	nan	nan	0.0	0.0
3	14	100	0.0	0.0	nan	nan	0.0	0.0
3	14	97	0.0	0.0	nan	nan	0.0	0.0
3	14	94	0.0	0.0	nan	nan	0.0	0.0
3	14	91	0.0	0.0	nan	nan	0.0	0.0
3	14	88	0.0	0.0	nan	nan	0.0	0.0
3	14	85	0.0	0.0	nan	nan	0.0	0.0
3	14	82	0.0	0.0	nan	nan	0.0	0.0
3	14	79	0.0	0.0	nan	nan	0.0	0.0
3	14	76	0.0	0.0	nan	nan	0.0	0.0
3	14	73	0.0	0.0	nan	nan	0.0	0.0
3	14	70	0.0	0.0	nan	nan	0.0	0.0
3	14	67	0.0	0.0	nan	nan	0.0	0.0
3	14	64	0.0	0.0	nan	nan	0.0	0.0
3	14	61	0.0	0.0	nan	nan	0.0	0.0
3	14	58	0.0	0.0	nan	nan	0.0	0.0
3	14	55	0.0	0.0	nan	nan	0.0	0.0
3	14	52	0.0	0.0	nan	nan	0.0	0.0
3	14	49	0.0	0.0	nan	nan	0.0	0.0
3	14	46	0.0	0.0	nan	nan	0.0	0.0
3	14	43	0.0	0.0	nan	nan	0.0	0.0
3	14	40	0.0	0.0	nan	nan	0.0	0.0
3	14	37	0.0	0.0	nan	nan	0.0	0.0
3	14	34	0.0	0.0	nan	nan	0.0	0.0
3	14	31	0.0	0.0	nan	nan	0.0	0.0
3	14	28	0.0	0.0	nan	nan	0.0	0.0
3	15	100	0.0	0.0	nan	nan	0.0	0.0
3	15	97	0.0	0.0	nan	nan	0.0	0.0
3	15	94	0.0	0.0	nan	nan	0.0	0.0
3	15	91	0.0	0.0	nan	nan	0.0	0.0
3	15	88	0.0	0.0	nan	nan	0.0	0.0
3	15	85	0.0	0.0	nan	nan	0.0	0.0
3	15	82	0.0	0.0	nan	nan	0.0	0.0
3	15	79	0.0	0.0	nan	nan	0.0	0.0
3	15	76	0.0	0.0	nan	nan	0.0	0.0
3	15	73	0.0	0.0	nan	nan	0.0	0.0
3	15	70	0.0	0.0	nan	nan	0.0	0.0
3	15	67	0.0	0.0	nan	nan	0.0	0.0
3	15	64	0.0	0.0	nan	nan	0.0	0.0
3	15	61	0.0	0.0	nan	nan	0.0	0.0
3	15	58	0.0	0.0	nan	nan	0.0	0.0
3	15	55	0.0	0.0	nan	nan	0.0	0.0
3	15	52	0.0	0.0	nan	nan	0.0	0.0
3	15	49	0.0	0.0	nan	nan	0.0	0.0
3	15	46	0.0	0.0	nan	nan	0.0	0.0
3	15	43	0.0	0.0	nan	nan	0.0	0.0
3	15	40	0.0	0.0	nan	nan	0.0	0.0
3	15	37	0.0	0.0	nan	nan	0.0	0.0
3	15	34	0.0	0.0	nan	nan	0.0	0.0
3	15	31	0.0	0.0	nan	nan	0.0	0.0
3	15	28	0.0	0.0	nan	nan	0.0	0.0
3	16	100	0.0	0.0	nan	nan	0.0	0.0
3	16	97	0.0	0.0	nan	nan	0.0	0.0
3	16	94	0.0	0.0	nan	nan	0.0	0.0
3	16	91	0.0	0.0	nan	nan	0.0	0.0
3	16	88	0.0	0.0	nan	nan	0.0	0.0
3	16	85	0.0	0.0	nan	nan	0.0	0.0
3	16	82	0.0	0.0	nan	nan	0.0	0.0
3	16	79	0.0	0.0	nan	nan	0.0	0.0
3	16	76	0.0	0.0	nan	nan	0.0	0.0
3	16	73	0.0	0.0	nan	nan	0.0	0.0
3	16	70	0.0	0.0	nan	nan	0.0	0.0
3	16	67	0.0	0.0	nan	nan	0.0	0.0
3	16	64	0.0	0.0	nan	nan	0.0	0.0
3	16	61	0.0	0.0	nan	nan	0.0	0.0
3	16	58	0.0	0.0	nan	nan	0.0	0.0
3	16	55	0.0	0.0	nan	nan	0.0	0.0
3	16	52	0.0	0.0	nan	nan	0.0	0.0
3	16	49	0.0	0.0	nan	nan	0.0	0.0
3	16	46	0.0	0.0	nan	nan	0.0	0.0
3	16	43	0.0	0.0	nan	nan	0.0	0.0
3	16	40	0.0	0.0	nan	nan	0.0	0.0
3	16	37	0.0	0.0	nan	nan	0.0	0.0
3	16	34	0.0	0.0	nan	nan	0.0	0.0
3	16	31	0.0	0.0	nan	nan	0.0	0.0
3	16	28	0.0	0.0	nan	nan	0.0	0.0
3	17	100	0.0	0.0	nan	nan	0.0	0.0
3	17	97	0.0	0.0	nan	nan	0.0	0.0
3	17	94	0.0	0.0	nan	nan	0.0	0.0
3	17	91	0.0	0.0	nan	nan	0.0	0.0
3	17	88	0.0	0.0	nan	nan	0.0	0.0
3	17	85	0.0	0.0	nan	nan	0.0	0.0
3	17	82	0.0	0.0	nan	nan	0.0	0.0
3	17	79	0.0	0.0	nan	nan	0.0	0.0
3	17	76	0.0	0.0	nan	nan	0.0	0.0
3	17	73	0.0	0.0	nan	nan	0.0	0.0
3	17	70	0.0	0.0	nan	nan	0.0	0.0
3	17	67	0.0	0.0	nan	nan	0.0	0.0
3	17	64	0.0	0.0	nan	nan	0.0	0.0
3	17	61	0.0	0.0	nan	nan	0.0	0.0
3	17	58	0.0	0.0	nan	nan	0.0	0.0
3	17	55	0.0	0.0	nan	nan	0.0	0.0
3	17	52	0.0	0.0	nan	nan	0.0	0.0
3	17	49	0.0	0.0	nan	nan	0.0	0.0
3	17	46	0.0	0.0	nan	nan	0.0	0.0
3	17	43	0.0	0.0	nan	nan	0.0	0.0
3	17	40	0.0	0.0	nan	nan	0.0	0.0
3	17	37	0.0	0.0	nan	nan	0.0	0.0
3	17	34	0.0	0.0	nan	nan	0.0	0.0
3	17	31	0.0	0.0	nan	nan	0.0	0.0
3	17	28	0.0	0.0	nan	nan	0.0	0.0
3	18	100	0.0	0.0	nan	nan	0.0	0.0
3	18	97	0.0	0.0	nan	nan	0.0	0.0
3	18	94	0.0	0.0	nan	nan	0.0	0.0
3	18	91	0.0	0.0	nan	nan	0.0	0.0
3	18	88	0.0	0.0	nan	nan	0.0	0.0
3	18	85	0.0	0.0	nan	nan	0.0	0.0
3	18	82	0.0	0.0	nan	nan	0.0	0.0
3	18	79	0.0	0.0	nan	nan	0.0	0.0
3	18	76	0.0	0.0	nan	nan	0.0	0.0
3	18	73	0.0	0.0	nan	nan	0.0	0.0
3	18	70	0.0	0.0	nan	nan	0.0	0.0
3	18	67	0.0	0.0	nan	nan	0.0	0.0
3	18	64	0.0	0.0	nan	nan	0.0	0.0
3	18	61	0.0	0.0	nan	nan	0.0	0.0
3	18	58	0.0	0.0	nan	nan	0.0	0.0
3	18	55	0.0	0.0	nan	nan	0.0	0.0
3	18	52	0.0	0.0	nan	nan	0.0	0.0
3	18	49	0.0	0.0	nan	nan	0.0	0.0
3	18	46	0.0	0.0	nan	nan	0.0	0.0
3	18	43	0.0	0.0	nan	nan	0.0	0.0
3	18	40	0.0	0.0	nan	nan	0.0	0.0
3	18	37	0.0	0.0	nan	nan	0.0	0.0
3	18	34	0.0	0.0	nan	nan	0.0	0.0
3	18	31	0.0	0.0	nan	nan	0.0	0.0
3	18	28	0.0	0.0	nan	nan	0.0	0.0
3	19	100	0.0	0.0	nan	nan	0.0	0.0
3	19	97	0.0	0.0	nan	nan	0.0	0.0
3	19	94	0.0	0.0	nan	nan	0.0	0.0
3	19	91	0.0	0.0	nan	nan	0.0	0.0
3	19	88	0.0	0.0	nan	nan	0.0	0.0
3	19	85	0.0	0.0	nan	nan	0.0	0.0
3	19	82	0.0	0.0	nan	nan	0.0	0.0
3	19	79	0.0	0.0	nan	nan	0.0	0.0
3	19	76	0.0	0.0	nan	nan	0.0	0.0
3	19	73	0.0	0.0	nan	nan	0.0	0.0
3	19	70	0.0	0.0	nan	nan	0.0	0.0
3	19	67	0.0	0.0	nan	nan	0.0	0.0
3	19	64	0.0	0.0	nan	nan	0.0	0.0
3	19	61	0.0	0.0	nan	nan	0.0	0.0
3	19	58	0.0	0.0	nan	nan	0.0	0.0
3	19	55	0.0	0.0	nan	nan	0.0	0.0
3	19	52	0.0	0.0	nan	nan	0.0	0.0
3	19	49	0.0	0.0	nan	nan	0.0	0.0
3	19	46	0.0	0.0	nan	nan	0.0	0.0
3	19	43	0.0	0.0	nan	nan	0.0	0.0
3	19	40	0.0	0.0	nan	nan	0.0	0.0
3	19	37	0.0	0.0	nan	nan	0.0	0.0
3	19	34	0.0	0.0	nan	nan	0.0	0.0
3	19	31	0.0	0.0	nan	nan	0.0	0.0
3	19	28	0.0	0.0	nan	nan	0.0	0.0
3	20	100	0.0	0.0	nan	nan	0.0	0.0
3	20	97	0.0	0.0	nan	nan	0.0	0.0
3	20	94	0.0	0.0	nan	nan	0.0	0.0
3	20	91	0.0	0.0	nan	nan	0.0	0.0
3	20	88	0.0	0.0	nan	nan	0.0	0.0
3	20	85	0.0	0.0	nan	nan	0.0	0.0
3	20	82	0.0	0.0	nan	nan	0.0	0.0
3	20	79	0.0	0.0	nan	nan	0.0	0.0
3	20	76	0.0	0.0	nan	nan	0.0	0.0
3	20	73	0.0	0.0	nan	nan	0.0	0.0
3	20	70	0.0	0.0	nan	nan	0.0	0.0
3	20	67	0.0	0.0	nan	nan	0.0	0.0
3	20	64	0.0	0.0	nan	nan	0.0	0.0
3	20	61	0.0	0.0	nan	nan	0.0	0.0
3	20	58	0.0	0.0	nan	nan	0.0	0.0
3	20	55	0.0	0.0	nan	nan	0.0	0.0
3	20	52	0.0	0.0	nan	nan	0.0	0.0
3	20	49	0.0	0.0	nan	nan	0.0	0.0
3	20	46	0.0	0.0	nan	nan	0.0	0.0
3	20	43	0.0	0.0	nan	nan	0.0	0.0
3	20	40	0.0	0.0	nan	nan	0.0	0.0
3	20	37	0.0	0.0	nan	nan	0.0	0.0
3	20	34	0.0	0.0	nan	nan	0.0	0.0
3	20	31	0.0	0.0	nan	nan	0.0	0.0
3	20	28	0.0	0.0	nan	nan	0.0	0.0
3	21	100	0.0	0.0	nan	nan	0.0	0.0
3	21	97	0.0	0.0	nan	nan	0.0	0.0
3	21	94	0.0	0.0	nan	nan	0.0	0.0
3	21	91	0.0	0.0	nan	nan	0.0	0.0
3	21	88	0.0	0.0	nan	nan	0.0	0.0
3	21	85	0.0	0.0	nan	nan	0.0	0.0
3	21	82	0.0	0.0	nan	nan	0.0	0.0
3	21	79	0.0	0.0	nan	nan	0.0	0.0
3	21	76	0.0	0.0	nan	nan	0.0	0.0
3	21	73	0.0	0.0	nan	nan	0.0	0.0
3	21	70	0.0	0.0	nan	nan	0.0	0.0
3	21	67	0.0	0.0	nan	nan	0.0	0.0
3	21	64	0.0	0.0	nan	nan	0.0	0.0
3	21	61	0.0	0.0	nan	nan	0.0	0.0
3	21	58	0.0	0.0	nan	nan	0.0	0.0
3	21	55	0.0	0.0	nan	nan	0.0	0.0
3	21	52	0.0	0.0	nan	nan	0.0	0.0
3	21	49	0.0	0.0	nan	nan	0.0	0.0
3	21	46	0.0	0.0	nan	nan	0.0	0.0
3	21	43	0.0	0.0	nan	nan	0.0	0.0
3	21	40	0.0	0.0	nan	nan	0.0	0.0
3	21	37	0.0	0.0	nan	nan	0.0	0.0
3	21	34	0.0	0.0	nan	nan	0.0	0.0
3	21	31	0.0	0.0	nan	nan	0.0	0.0
3	21	28	0.0	0.0	nan	nan	0.0	0.0
3	22	100	0.0	0.0	nan	nan	0.0	0.0
3	22	97	0.0	0.0	nan	nan	0.0	0.0
3	22	94	0.0	0.0	nan	nan	0.0	0.0
3	22	91	0.0	0.0	nan	nan	0.0	0.0
3	22	88	0.0	0.0	nan	nan	0.0	0.0
3	22	85	0.0	0.0	nan	nan	0.0	0.0
3	22	82	0.0	0.0	nan	nan	0.0	0.0
3	22	79	0.0	0.0	nan	nan	0.0	0.0
3	22	76	0.0	0.0	nan	nan	0.0	0.0
3	22	73	0.0	0.0	nan	nan	0.0	0.0
3	22	70	0.0	0.0	nan	nan	0.0	0.0
3	22	67	0.0	0.0	nan	nan	0.0	0.0
3	22	64	0.0	0.0	nan	nan	0.0	0.0
3	22	61	0.0	0.0	nan	nan	0.0	0.0
3	22	58	0.0	0.0	nan	nan	0.0	0.0
3	22	55	0.0	0.0	nan	nan	0.0	0.0
3	22	52	0.0	0.0	nan	nan	0.0	0.0
3	22	49	0.0	0.0	nan	nan	0.0	0.0
3	22	46	0.0	0.0	nan	nan	0.0	0.0
3	22	43	0.0	0.0	nan	nan	0.0	0.0
3	22	40	0.0	0.0	nan	nan	0.0	0.0
3	22	37	0.0	0.0	nan	nan	0.0	0.0
3	22	34	0.0	0.0	nan	nan	0.0	0.0
3	22	31	0.0	0.0	nan	nan	0.0	0.0
3	22	28	0.0	0.0	nan	nan	0.0	0.0
3	23	100	0.0	0.0	nan	nan	0.0	0.0
3	23	97	0.0	0.0	nan	nan	0.0	0.0
3	23	94	0.0	0.0	nan	nan	0.0	0.0
3	23	91	0.0	0.0	nan	nan	0.0	0.0
3	23	88	0.0	0.0	nan	nan	0.0	0.0
3	23	85	0.0	0.0	nan	nan	0.0	0.0
3	23	82	0.0	0.0	nan	nan	0.0	0.0
3	23	79	0.0	0.0	nan	nan	0.0	0.0
3	23	76	0.0	0.0	nan	nan	0.0	0.0
3	23	73	0.0	0.0	nan	nan	0.0	0.0
3	23	70	0.0	0.0	nan	nan	0.0	0.0
3	23	67	0.0	0.0	nan	nan	0.0	0.0
3	23	64	0.0	0.0	nan	nan	0.0	0.0
3	23	61	0.0	0.0	nan	nan	0.0	0.0
3	23	58	0.0	0.0	nan	nan	0.0	0.0
3	23	55	0.0	0.0	nan	nan	0.0	0.0
3	23	52	0.0	0.0	nan	nan	0.0	0.0
3	23	49	0.0	0.0	nan	nan	0.0	0.0
3	23	46	0.0	0.0	nan	nan	0.0	0.0
3	23	43	0.0	0.0	nan	nan	0.0	0.0
3	23	40	0.0	0.0	nan	nan	0.0	0.0
3	23	37	0.0	0.0	nan	nan	0.0	0.0
3	23	34	0.0	0.0	nan	nan	0.0	0.0
3	23	31	0.0	0.0	nan	nan	0.0	0.0
3	23	28	0.0	0.0	nan	nan	0.0	0.0
3	24	100	0.0	0.0	nan	nan	0.0	0.0
3	24	97	0.0	0.0	nan	nan	0.0	0.0
3	24	94	0.0	0.0	nan	nan	0.0	0.0
3	24	91	0.0	0.0	nan	nan	0.0	0.0
3	24	88	0.0	0.0	nan	nan	0.0	0.0
3	24	85	0.0	0.0	nan	nan	0.0	0.0
3	24	82	0.0	0.0	nan	nan	0.0	0.0
3	24	79	0.0	0.0	nan	nan	0.0	0.0
3	24	76	0.0	0.0	nan	nan	0.0	0.0
3	24	73	0.0	0.0	nan	nan	0.0	0.0
3	24	70	0.0	0.0	nan	nan	0.0	0.0
3	24	67	0.0	0.0	nan	nan	0.0	0.0
3	24	64	0.0	0.0	nan	nan	0.0	0.0
3	24	61	0.0	0.0	nan	nan	0.0	0.0
3	24	58	0.0	0.0	nan	nan	0.0	0.0
3	24	55	0.0	0.0	nan	nan	0.0	0.0
3	24	52	0.0	0.0	nan	nan	0.0	0.0
3	24	49	0.0	0.0	nan	nan	0.0	0.0
3	24	46	0.0	0.0	nan	nan	0.0	0.0
3	24	43	0.0	0.0	nan	nan	0.0	0.0
3	24	40	0.0	0.0	nan	nan	0.0	0.0
3	24	37	0.0	0.0	nan	nan	0.0	0.0
3	24	34	0.0	0.0	nan	nan	0.0	0.0
3	24	31	0.0	0.0	nan	nan	0.0	0.0
3	24	28	0.0	0.0	nan	nan	0.0	0.0
3	25	100	0.0	0.0	nan	nan	0.0	0.0
3	25	97	0.0	0.0	nan	nan	0.0	0.0
3	25	94	0.0	0.0	nan	nan	0.0	0.0
3	25	91	0.0	0.0	nan	nan	0.0	0.0
3	25	88	0.0	0.0	nan	nan	0.0	0.0
3	25	85	0.0	0.0	nan	nan	0.0	0.0
3	25	82	0.0	0.0	nan	nan	0.0	0.0
3	25	79	0.0	0.0	nan	nan	0.0	0.0
3	25	76	0.0	0.0	nan	nan	0.0	0.0
3	25	73	0.0	0.0	nan	nan	0.0	0.0
3	25	70	0.0	0.0	nan	nan	0.0	0.0
3	25	67	0.0	0.0	nan	nan	0.0	0.0
3	25	64	0.0	0.0	nan	nan	0.0	0.0
3	25	61	0.0	0.0	nan	nan	0.0	0.0
3	25	58	0.0	0.0	nan	nan	0.0	0.0
3	25	55	0.0	0.0	nan	nan	0.0	0.0
3	25	52	0.0	0.0	nan	nan	0.0	0.0
3	25	49	0.0	0.0	nan	nan	0.0	0.0
3	25	46	0.0	0.0	nan	nan	0.0	0.0
3	25	43	0.0	0.0	nan	nan	0.0	0.0
3	25	40	0.0	0.0	nan	nan	0.0	0.0
3	25	37	0.0	0.0	nan	nan	0.0	0.0
3	25	34	0.0	0.0	nan	nan	0.0	0.0
3	25	31	0.0	0.0	nan	nan	0.0	0.0
3	25	28	0.0	0.0	nan	nan	0.0	0.0
3	26	100	0.0	0.0	nan	nan	0.0	0.0
3	26	97	0.0	0.0	nan	nan	0.0	0.0
3	26	94	0.0	0.0	nan	nan	0.0	0.0
3	26	91	0.0	0.0	nan	nan	0.0	0.0
3	26	88	0.0	0.0	nan	nan	0.0	0.0
3	26	85	0.0	0.0	nan	nan	0.0	0.0
3	26	82	0.0	0.0	nan	nan	0.0	0.0
3	26	79	0.0	0.0	nan	nan	0.0	0.0
3	26	76	0.0	0.0	nan	nan	0.0	0.0
3	26	73	0.0	0.0	nan	nan	0.0	0.0
3	26	70	0.0	0.0	nan	nan	0.0	0.0
3	26	67	0.0	0.0	nan	nan	0.0	0.0
3	26	64	0.0	0.0	nan	nan	0.0	0.0
3	26	61	0.0	0.0	nan	nan	0.0	0.0
3	26	58	0.0	0.0	nan	nan	0.0	0.0
3	26	55	0.0	0.0	nan	nan	0.0	0.0
3	26	52	0.0	0.0	nan	nan	0.0	0.0
3	26	49	0.0	0.0	nan	nan	0.0	0.0
3	26	46	0.0	0.0	nan	nan	0.0	0.0
3	26	43	0.0	0.0	nan	nan	0.0	0.0
3	26	40	0.0	0.0	nan	nan	0.0	0.0
3	26	37	0.0	0.0	nan	nan	0.0	0.0
3	26	34	0.0	0.0	nan	nan	0.0	0.0
3	26	31	0.0	0.0	nan	nan	0.0	0.0
3	26	28	0.0	0.0	nan	nan	0.0	0.0
3	27	100	0.0	0.0	nan	nan	0.0	0.0
3	27	97	0.0	0.0	nan	nan	0.0	0.0
3	27	94	0.0	0.0	nan	nan	0.0	0.0
3	27	91	0.0	0.0	nan	nan	0.0	0.0
3	27	88	0.0	0.0	nan	nan	0.0	0.0
3	27	85	0.0	0.0	nan	nan	0.0	0.0
3	27	82	0.0	0.0	nan	nan	0.0	0.0
3	27	79	0.0	0.0	nan	nan	0.0	0.0
3	27	76	0.0	0.0	nan	nan	0.0	0.0
3	27	73	0.0	0.0	nan	nan	0.0	0.0
3	27	70	0.0	0.0	nan	nan	0.0	0.0
3	27	67	0.0	0.0	nan	nan	0.0	0.0
3	27	64	0.0	0.0	nan	nan	0.0	0.0
3	27	61	0.0	0.0	nan	nan	0.0	0.0
3	27	58	0.0	0.0	nan	nan	0.0	0.0
3	27	55	0.0	0.0	nan	nan	0.0	0.0
3	27	52	0.0	0.0	nan	nan	0.0	0.0
3	27	49	0.0	0.0	nan	nan	0.0	0.0
3	27	46	0.0	0.0	nan	nan	0.0	0.0
3	27	43	0.0	0.0	nan	nan	0.0	0.0
3	27	40	0.0	0.0	nan	nan	0.0	0.0
3	27	37	0.0	0.0	nan	nan	0.0	0.0
3	27	34	0.0	0.0	nan	nan	0.0	0.0
3	27	31	0.0	0.0	nan	nan	0.0	0.0
3	27	28	0.0	0.0	nan	nan	0.0	0.0
3	28	100	0.0	0.0	nan	nan	0.0	0.0
3	28	97	0.0	0.0	nan	nan	0.0	0.0
3	28	94	0.0	0.0	nan	nan	0.0	0.0
3	28	91	0.0	0.0	nan	nan	0.0	0.0
3	28	88	0.0	0.0	nan	nan	0.0	0.0
3	28	85	0.0	0.0	nan	nan	0.0	0.0
3	28	82	0.0	0.0	nan	nan	0.0	0.0
3	28	79	0.0	0.0	nan	nan	0.0	0.0
3	28	76	0.0	0.0	nan	nan	0.0	0.0
3	28	73	0.0	0.0	nan	nan	0.0	0.0
3	28	70	0.0	0.0	nan	nan	0.0	0.0
3	28	67	0.0	0.0	nan	nan	0.0	0.0
3	28	64	0.0	0.0	nan	nan	0.0	0.0
3	28	61	0.0	0.0	nan	nan	0.0	0.0
3	28	58	0.0	0.0	nan	nan	0.0	0.0
3	28	55	0.0	0.0	nan	nan	0.0	0.0
3	28	52	0.0	0.0	nan	nan	0.0	0.0
3	28	49	0.0	0.0	nan	nan	0.0	0.0
3	28	46	0.0	0.0	nan	nan	0.0	0.0
3	28	43	0.0	0.0	nan	nan	0.0	0.0
3	28	40	0.0	0.0	nan	nan	0.0	0.0
3	28	37	0.0	0.0	nan	nan	0.0	0.0
3	28	34	0.0	0.0	nan	nan	0.0	0.0
3	28	31	0.0	0.0	nan	nan	0.0	0.0
3	28	28	0.0	0.0	nan	nan	0.0	0.0
3	29	100	0.0	0.0	nan	nan	0.0	0.0
3	29	97	0.0	0.0	nan	nan	0.0	0.0
3	29	94	0.0	0.0	nan	nan	0.0	0.0
3	29	91	0.0	0.0	nan	nan	0.0	0.0
3	29	88	0.0	0.0	nan	nan	0.0	0.0
3	29	85	0.0	0.0	nan	nan	0.0	0.0
3	29	82	0.0	0.0	nan	nan	0.0	0.0
3	29	79	0.0	0.0	nan	nan	0.0	0.0
3	29	76	0.0	0.0	nan	nan	0.0	0.0
3	29	73	0.0	0.0	nan	nan	0.0	0.0
3	29	70	0.0	0.0	nan	nan	0.0	0.0
3	29	67	0.0	0.0	nan	nan	0.0	0.0
3	29	64	0.0	0.0	nan	nan	0.0	0.0
3	29	61	0.0	0.0	nan	nan	0.0	0.0
3	29	58	0.0	0.0	nan	nan	0.0	0.0
3	29	55	0.0	0.0	nan	nan	0.0	0.0
3	29	52	0.0	0.0	nan	nan	0.0	0.0
3	29	49	0.0	0.0	nan	nan	0.0	0.0
3	29	46	0.0	0.0	nan	nan	0.0	0.0
3	29	43	0.0	0.0	nan	nan	0.0	0.0
3	29	40	0.0	0.0	nan	nan	0.0	0.0
3	29	37	0.0	0.0	nan	nan	0.0	0.0
3	29	34	0.0	0.0	nan	nan	0.0	0.0
3	29	31	0.0	0.0	nan	nan	0.0	0.0
3	29	28	0.0	0.0	nan	nan	0.0	0.0
3	30	100	0.0	0.0	nan	nan	0.0	0.0
3	30	97	0.0	0.0	nan	nan	0.0	0.0
3	30	94	0.0	0.0	nan	nan	0.0	0.0
3	30	91	0.0	0.0	nan	nan	0.0	0.0
3	30	88	0.0	0.0	nan	nan	0.0	0.0
3	30	85	0.0	0.0	nan	nan	0.0	0.0
3	30	82	0.0	0.0	nan	nan	0.0	0.0
3	30	79	0.0	0.0	nan	nan	0.0	0.0
3	30	76	0.0	0.0	nan	nan	0.0	0.0
3	30	73	0.0	0.0	nan	nan	0.0	0.0
3	30	70	0.0	0.0	nan	nan	0.0	0.0
3	30	67	0.0	0.0	nan	nan	0.0	0.0
3	30	64	0.0	0.0	nan	nan	0.0	0.0
3	30	61	0.0	0.0	nan	nan	0.0	0.0
3	30	58	0.0	0.0	nan	nan	0.0	0.0
3	30	55	0.0	0.0	nan	nan	0.0	0.0
3	30	52	0.0	0.0	nan	nan	0.0	0.0
3	30	49	0.0	0.0	nan	nan	0.0	0.0
3	30	46	0.0	0.0	nan	nan	0.0	0.0
3	30	43	0.0	0.0	nan	nan	0.0	0.0
3	30	40	0.0	0.0	nan	nan	0.0	0.0
3	30	37	0.0	0.0	nan	nan	0.0	0.0
3	30	34	0.0	0.0	nan	nan	0.0	0.0
3	30	31	0.0	0.0	nan	nan	0.0	0.0
3	30	28	0.0	0.0	nan	nan	0.0	0.0
3	31	100	0.0	0.0	nan	nan	0.0	0.0
3	31	97	0.0	0.0	nan	nan	0.0	0.0
3	31	94	0.0	0.0	nan	nan	0.0	0.0
3	31	91	0.0	0.0	nan	nan	0.0	0.0
3	31	88	0.0	0.0	nan	nan	0.0	0.0
3	31	85	0.0	0.0	nan	nan	0.0	0.0
3	31	82	0.0	0.0	nan	nan	0.0	0.0
3	31	79	0.0	0.0	nan	nan	0.0	0.0
3	31	76	0.0	0.0	nan	nan	0.0	0.0
3	31	73	0.0	0.0	nan	nan	0.0	0.0
3	31	70	0.0	0.0	nan	nan	0.0	0.0
3	31	67	0.0	0.0	nan	nan	0.0	0.0
3	31	64	0.0	0.0	nan	nan	0.0	0.0
3	31	61	0.0	0.0	nan	nan	0.0	0.0
3	31	58	0.0	0.0	nan	nan	0.0	0.0
3	31	55	0.0	0.0	nan	nan	0.0	0.0
3	31	52	0.0	0.0	nan	nan	0.0	0.0
3	31	49	0.0	0.0	nan	nan	0.0	0.0
3	31	46	0.0	0.0	nan	nan	0.0	0.0
3	31	43	0.0	0.0	nan	nan	0.0	0.0
3	31	40	0.0	0.0	nan	nan	0.0	0.0
3	31	37	0.0	0.0	nan	nan	0.0	0.0
3	31	34	0.0	0.0	nan	nan	0.0	0.0
3	31	31	0.0	0.0	nan	nan	0.0	0.0
3	31	28	0.0	0.0	nan	nan	0.0	0.0
4	0	100	0.0	0.0	nan	nan	0.0	0.0
4	0	97	0.0	0.0	nan	nan	0.0	0.0
4	0	94	0.0	0.0	nan	nan	0.0	0.0
4	0	91	0.0	0.0	nan	nan	0.0	0.0
4	0	88	0.0	0.0	nan	nan	0.0	0.0
4	0	85	0.0	0.0	nan	nan	0.0	0.0
4	0	82	0.0	0.0	nan	nan	0.0	0.0
4	0	79	0.0	0.0	nan	nan	0.0	0.0
4	0	76	0.0	0.0	nan	nan	0.0	0.0
4	0	73	0.0	0.0	nan	nan	0.0	0.0
4	0	70	0.0	0.0	nan	nan	0.0	0.0
4	0	67	0.0	0.0	nan	nan	0.0	0.0
4	0	64	0.0	0.0	nan	nan	0.0	0.0
4	0	61	0.0	0.0	nan	nan	0.0	0.0
4	0	58	0.0	0.0	nan	nan	0.0	0.0
4	0	55	0.0	0.0	nan	nan	0.0	0.0
4	0	52	0.0	0.0	nan	nan	0.0	0.0
4	0	49	0.0	0.0	nan	nan	0.0	0.0
4	0	46	0.0	0.0	nan	nan	0.0	0.0
4	0	43	0.0	0.0	nan	nan	0.0	0.0
4	0	40	0.0	0.0	nan	nan	0.0	0.0
4	0	37	0.0	0.0	nan	nan	0.0	0.0
4	0	34	0.0	0.0	nan	nan	0.0	0.0
4	0	31	0.0	0.0	nan	nan	0.0	0.0
4	0	28	0.0	0.0	nan	nan	0.0	0.0
4	1	100	0.0	0.0	nan	nan	0.0	0.0
4	1	97	0.0	0.0	nan	nan	0.0	0.0
4	1	94	0.0	0.0	nan	nan	0.0	0.0
4	1	91	0.0	0.0	nan	nan	0.0	0.0
4	1	88	0.0	0.0	nan	nan	0.0	0.0
4	1	85	0.0	0.0	nan	nan	0.0	0.0
4	1	82	0.0	0.0	nan	nan	0.0	0.0
4	1	79	0.0	0.0	nan	nan	0.0	0.0
4	1	76	0.0	0.0	nan	nan	0.0	0.0
4	1	73	0.0	0.0	nan	nan	0.0	0.0
4	1	70	0.0	0.0	nan	nan	0.0	0.0
4	1	67	0.0	0.0	nan	nan	0.0	0.0
4	1	64	0.0	0.0	nan	nan	0.0	0.0
4	1	61	0.0	0.0	nan	nan	0.0	0.0
4	1	58	0.0	0.0	nan	nan	0.0	0.0
4	1	55	0.0	0.0	nan	nan	0.0	0.0
4	1	52	0.0	0.0	nan	nan	0.0	0.0
4	1	49	0.0	0.0	nan	nan	0.0	0.0
4	1	46	0.0	0.0	nan	nan	0.0	0.0
4	1	43	0.0	0.0	nan	nan	0.0	0.0
4	1	40	0.0	0.0	nan	nan	0.0	0.0
4	1	37	0.0	0.0	nan	nan	0.0	0.0
4	1	34	0.0	0.0	nan	nan	0.0	0.0
4	1	31	0.0	0.0	nan	nan	0.0	0.0
4	1	28	0.0	0.0	nan	nan	0.0	0.0
4	2	100	0.0	0.0	nan	nan	0.0	0.0
4	2	97	0.0	0.0	nan	nan	0.0	0.0
4	2	94	0.0	0.0	nan	nan	0.0	0.0
4	2	91	0.0	0.0	nan	nan	0.0	0.0
4	2	88	0.0	0.0	nan	nan	0.0	0.0
4	2	85	0.0	0.0	nan	nan	0.0	0.0
4	2	82	0.0	0.0	nan	nan	0.0	0.0
4	2	79	0.0	0.0	nan	nan	0.0	0.0
4	2	76	0.0	0.0	nan	nan	0.0	0.0
4	2	73	0.0	0.0	nan	nan	0.0	0.0
4	2	70	0.0	0.0	nan	nan	0.0	0.0
4	2	67	0.0	0.0	nan	nan	0.0	0.0
4	2	64	0.0	0.0	nan	nan	0.0	0.0
4	2	61	0.0	0.0	nan	nan	0.0	0.0
4	2	58	0.0	0.0	nan	nan	0.0	0.0
4	2	55	0.0	0.0	nan	nan	0.0	0.0
4	2	52	0.0	0.0	nan	nan	0.0	0.0
4	2	49	0.0	0.0	nan	nan	0.0	0.0
4	2	46	0.0	0.0	nan	nan	0.0	0.0
4	2	43	0.0	0.0	nan	nan	0.0	0.0
4	2	40	0.0	0.0	nan	nan	0.0	0.0
4	2	37	0.0	0.0	nan	nan	0.0	0.0
4	2	34	0.0	0.0	nan	nan	0.0	0.0
4	2	31	0.0	0.0	nan	nan	0.0	0.0
4	2	28	0.0	0.0	nan	nan	0.0	0.0
4	3	100	0.0	0.0	nan	nan	0.0	0.0
4	3	97	0.0	0.0	nan	nan	0.0	0.0
4	3	94	0.0	0.0	nan	nan	0.0	0.0
4	3	91	0.0	0.0	nan	nan	0.0	0.0
4	3	88	0.0	0.0	nan	nan	0.0	0.0
4	3	85	0.0	0.0	nan	nan	0.0	0.0
4	3	82	0.0	0.0	nan	nan	0.0	0.0
4	3	79	0.0	0.0	nan	nan	0.0	0.0
4	3	76	0.0	0.0	nan	nan	0.0	0.0
4	3	73	0.0	0.0	nan	nan	0.0	0.0
4	3	70	0.0	0.0	nan	nan	0.0	0.0
4	3	67	0.0	0.0	nan	nan	0.0	0.0
4	3	64	0.0	0.0	nan	nan	0.0	0.0
4	3	61	0.0	0.0	nan	nan	0.0	0.0
4	3	58	0.0	0.0	nan	nan	0.0	0.0
4	3	55	0.0	0.0	nan	nan	0.0	0.0
4	3	52	0.0	0.0	nan	nan	0.0	0.0
4	3	49	0.0	0.0	nan	nan	0.0	0.0
4	3	46	0.0	0.0	nan	nan	0.0	0.0
4	3	43	0.0	0.0	nan	nan	0.0	0.0
4	3	40	0.0	0.0	nan	nan	0.0	0.0
4	3	37	0.0	0.0	nan	nan	0.0	0.0
4	3	34	0.0	0.0	nan	nan	0.0	0.0
4	3	31	0.0	0.0	nan	nan	0.0	0.0
4	3	28	0.0	0.0	nan	nan	0.0	0.0
4	4	100	0.0	0.0	nan	nan	0.0	0.0
4	4	97	0.0	0.0	nan	nan	0.0	0.0
4	4	94	0.0	0.0	nan	nan	0.0	0.0
4	4	91	0.0	0.0	nan	nan	0.0	0.0
4	4	88	0.0	0.0	nan	nan	0.0	0.0
4	4	85	0.0	0.0	nan	nan	0.0	0.0
4	4	82	0.0	0.0	nan	nan	0.0	0.0
4	4	79	0.0	0.0	nan	nan	0.0	0.0
4	4	76	0.0	0.0	nan	nan	0.0	0.0
4	4	73	0.0	0.0	nan	nan	0.0	0.0
4	4	70	0.0	0.0	nan	nan	0.0	0.0
4	4	67	0.0	0.0	nan	nan	0.0	0.0
4	4	64	0.0	0.0	nan	nan	0.0	0.0
4	4	61	0.0	0.0	nan	nan	0.0	0.0
4	4	58	0.0	0.0	nan	nan	0.0	0.0
4	4	55	0.0	0.0	nan	nan	0.0	0.0
4	4	52	0.0	0.0	nan	nan	0.0	0.0
4	4	49	0.0	0.0	nan	nan	0.0	0.0
4	4	46	0.0	0.0	nan	nan	0.0	0.0
4	4	43	0.0	0.0	nan	nan	0.0	0.0
4	4	40	0.0	0.0	nan	nan	0.0	0.0
4	4	37	0.0	0.0	nan	nan	0.0	0.0
4	4	34	0.0	0.0	nan	nan	0.0	0.0
4	4	31	0.0	0.0	nan	nan	0.0	0.0
4	4	28	0.0	0.0	nan	nan	0.0	0.0
4	5	100	0.0	0.0	nan	nan	0.0	0.0
4	5	97	0.0	0.0	nan	nan	0.0	0.0
4	5	94	0.0	0.0	nan	nan	0.0	0.0
4	5	91	0.0	0.0	nan	nan	0.0	0.0
4	5	88	0.0	0.0	nan	nan	0.0	0.0
4	5	85	0.0	0.0	nan	nan	0.0	0.0
4	5	82	0.0	0.0	nan	nan	0.0	0.0
4	5	79	0.0	0.0	nan	nan	0.0	0.0
4	5	76	0.0	0.0	nan	nan	0.0	0.0
4	5	73	0.0	0.0	nan	nan	0.0	0.0
4	5	70	0.0	0.0	nan	nan	0.0	0.0
4	5	67	0.0	0.0	nan	nan	0.0	0.0
4	5	64	0.0	0.0	nan	nan	0.0	0.0
4	5	61	0.0	0.0	nan	nan	0.0	0.0
4	5	58	0.0	0.0	nan	nan	0.0	0.0
4	5	55	0.0	0.0	nan	nan	0.0	0.0
4	5	52	0.0	0.0	nan	nan	0.0	0.0
4	5	49	0.0	0.0	nan	nan	0.0	0.0
4	5	46	0.0	0.0	nan	nan	0.0	0.0
4	5	43	0.0	0.0	nan	nan	0.0	0.0
4	5	40	0.0	0.0	nan	nan	0.0	0.0
4	5	37	0.0	0.0	nan	nan	0.0	0.0
4	5	34	0.0	0.0	nan	nan	0.0	0.0
4	5	31	0.0	0.0	nan	nan	0.0	0.0
4	5	28	0.0	0.0	nan	nan	0.0	0.0
4	6	100	0.0	0.0	nan	nan	0.0	0.0
4	6	97	0.0	0.0	nan	nan	0.0	0.0
4	6	94	0.0	0.0	nan	nan	0.0	0.0
4	6	91	0.0	0.0	nan	nan	0.0	0.0
4	6	88	0.0	0.0	nan	nan	0.0	0.0
4	6	85	0.0	0.0	nan	nan	0.0	0.0
4	6	82	0.0	0.0	nan	nan	0.0	0.0
4	6	79	0.0	0.0	nan	nan	0.0	0.0
4	6	76	0.0	0.0	nan	nan	0.0	0.0
4	6	73	0.0	0.0	nan	nan	0.0	0.0
4	6	70	0.0	0.0	nan	nan	0.0	0.0
4	6	67	0.0	0.0	nan	nan	0.0	0.0
4	6	64	0.0	0.0	nan	nan	0.0	0.0
4	6	61	0.0	0.0	nan	nan	0.0	0.0
4	6	58	0.0	0.0	nan	nan	0.0	0.0
4	6	55	0.0	0.0	nan	nan	0.0	0.0
4	6	52	0.0	0.0	nan	nan	0.0	0.0
4	6	49	0.0	0.0	nan	nan	0.0	0.0
4	6	46	0.0	0.0	nan	nan	0.0	0.0
4	6	43	0.0	0.0	nan	nan	0.0	0.0
4	6	40	0.0	0.0	nan	nan	0.0	0.0
4	6	37	0.0	0.0	nan	nan	0.0	0.0
4	6	34	0.0	0.0	nan	nan	0.0	0.0
4	6	31	0.0	0.0	nan	nan	0.0	0.0
4	6	28	0.0	0.0	nan	nan	0.0	0.0
4	7	100	0.0	0.0	nan	nan	0.0	0.0
4	7	97	0.0	0.0	nan	nan	0.0	0.0
4	7	94	0.0	0.0	nan	nan	0.0	0.0
4	7	91	0.0	0.0	nan	nan	0.0	0.0
4	7	88	0.0	0.0	nan	nan	0.0	0.0
4	7	85	0.0	0.0	nan	nan	0.0	0.0
4	7	82	0.0	0.0	nan	nan	0.0	0.0
4	7	79	0.0	0.0	nan	nan	0.0	0.0
4	7	76	0.0	0.0	nan	nan	0.0	0.0
4	7	73	0.0	0.0	nan	nan	0.0	0.0
4	7	70	0.0	0.0	nan	nan	0.0	0.0
4	7	67	0.0	0.0	nan	nan	0.0	0.0
4	7	64	0.0	0.0	nan	nan	0.0	0.0
4	7	61	0.0	0.0	nan	nan	0.0	0.0
4	7	58	0.0	0.0	nan	nan	0.0	0.0
4	7	55	0.0	0.0	nan	nan	0.0	0.0
4	7	52	0.0	0.0	nan	nan	0.0	0.0
4	7	49	0.0	0.0	nan	nan	0.0	0.0
4	7	46	0.0	0.0	nan	nan	0.0	0.0
4	7	43	0.0	0.0	nan	nan	0.0	0.0
4	7	40	0.0	0.0	nan	nan	0.0	0.0
4	7	37	0.0	0.0	nan	nan	0.0	0.0
4	7	34	0.0	0.0	nan	nan	0.0	0.0
4	7	31	0.0	0.0	nan	nan	0.0	0.0
4	7	28	0.0	0.0	nan	nan	0.0	0.0
4	8	100	0.0	0.0	nan	nan	0.0	0.0
4	8	97	0.0	0.0	nan	nan	0.0	0.0
4	8	94	0.0	0.0	nan	nan	0.0	0.0
4	8	91	0.0	0.0	nan	nan	0.0	0.0
4	8	88	0.0	0.0	nan	nan	0.0	0.0
4	8	85	0.0	0.0	nan	nan	0.0	0.0
4	8	82	0.0	0.0	nan	nan	0.0	0.0
4	8	79	0.0	0.0	nan	nan	0.0	0.0
4	8	76	0.0	0.0	nan	nan	0.0	0.0
4	8	73	0.0	0.0	nan	nan	0.0	0.0
4	8	70	0.0	0.0	nan	nan	0.0	0.0
4	8	67	0.0	0.0	nan	nan	0.0	0.0
4	8	64	0.0	0.0	nan	nan	0.0	0.0
4	8	61	0.0	0.0	nan	nan	0.0	0.0
4	8	58	0.0	0.0	nan	nan	0.0	0.0
4	8	55	0.0	0.0	nan	nan	0.0	0.0
4	8	52	0.0	0.0	nan	nan	0.0	0.0
4	8	49	0.0	0.0	nan	nan	0.0	0.0
4	8	46	0.0	0.0	nan	nan	0.0	0.0
4	8	43	0.0	0.0	nan	nan	0.0	0.0
4	8	40	0.0	0.0	nan	nan	0.0	0.0
4	8	37	0.0	0.0	nan	nan	0.0	0.0
4	8	34	0.0	0.0	nan	nan	0.0	0.0
4	8	31	0.0	0.0	nan	nan	0.0	0.0
4	8	28	0.0	0.0	nan	nan	0.0	0.0
4	9	100	0.0	0.0	nan	nan	0.0	0.0
4	9	97	0.0	0.0	nan	nan	0.0	0.0
4	9	94	0.0	0.0	nan	nan	0.0	0.0
4	9	91	0.0	0.0	nan	nan	0.0	0.0
4	9	88	0.0	0.0	nan	nan	0.0	0.0
4	9	85	0.0	0.0	nan	nan	0.0	0.0
4	9	82	0.0	0.0	nan	nan	0.0	0.0
4	9	79	0.0	0.0	nan	nan	0.0	0.0
4	9	76	0.0	0.0	nan	nan	0.0	0.0
4	9	73	0.0	0.0	nan	nan	0.0	0.0
4	9	70	0.0	0.0	nan	nan	0.0	0.0
4	9	67	0.0	0.0	nan	nan	0.0	0.0
4	9	64	0.0	0.0	nan	nan	0.0	0.0
4	9	61	0.0	0.0	nan	nan	0.0	0.0
4	9	58	0.0	0.0	nan	nan	0.0	0.0
4	9	55	0.0	0.0	nan	nan	0.0	0.0
4	9	52	0.0	0.0	nan	nan	0.0	0.0
4	9	49	0.0	0.0	nan	nan	0.0	0.0
4	9	46	0.0	0.0	nan	nan	0.0	0.0
4	9	43	0.0	0.0	nan	nan	0.0	0.0
4	9	40	0.0	0.0	nan	nan	0.0	0.0
4	9	37	0.0	0.0	nan	nan	0.0	0.0
4	9	34	0.0	0.0	nan	nan	0.0	0.0
4	9	31	0.0	0.0	nan	nan	0.0	0.0
4	9	28	0.0	0.0	nan	nan	0.0	0.0
4	10	100	0.0	0.0	nan	nan	0.0	0.0
4	10	97	0.0	0.0	nan	nan	0.0	0.0
4	10	94	0.0	0.0	nan	nan	0.0	0.0
4	10	91	0.0	0.0	nan	nan	0.0	0.0
4	10	88	0.0	0.0	nan	nan	0.0	0.0
4	10	85	0.0	0.0	nan	nan	0.0	0.0
4	10	82	0.0	0.0	nan	nan	0.0	0.0
4	10	79	0.0	0.0	nan	nan	0.0	0.0
4	10	76	0.0	0.0	nan	nan	0.0	0.0
4	10	73	0.0	0.0	nan	nan	0.0	0.0
4	10	70	0.0	0.0	nan	nan	0.0	0.0
4	10	67	0.0	0.0	nan	nan	0.0	0.0
4	10	64	0.0	0.0	nan	nan	0.0	0.0
4	10	61	0.0	0.0	nan	nan	0.0	0.0
4	10	58	0.0	0.0	nan	nan	0.0	0.0
4	10	55	0.0	0.0	nan	nan	0.0	0.0
4	10	52	0.0	0.0	nan	nan	0.0	0.0
4	10	49	0.0	0.0	nan	nan	0.0	0.0
4	10	46	0.0	0.0	nan	nan	0.0	0.0
4	10	43	0.0	0.0	nan	nan	0.0	0.0
4	10	40	0.0	0.0	nan	nan	0.0	0.0
4	10	37	0.0	0.0	nan	nan	0.0	0.0
4	10	34	0.0	0.0	nan	nan	0.0	0.0
4	10	31	0.0	0.0	nan	nan	0.0	0.0
4	10	28	0.0	0.0	nan	nan	0.0	0.0
4	11	100	0.0	0.0	nan	nan	0.0	0.0
4	11	97	0.0	0.0	nan	nan	0.0	0.0
4	11	94	0.0	0.0	nan	nan	0.0	0.0
4	11	91	0.0	0.0	nan	nan	0.0	0.0
4	11	88	0.0	0.0	nan	nan	0.0	0.0
4	11	85	0.0	0.0	nan	nan	0.0	0.0
4	11	82	0.0	0.0	nan	nan	0.0	0.0
4	11	79	0.0	0.0	nan	nan	0.0	0.0
4	11	76	0.0	0.0	nan	nan	0.0	0.0
4	11	73	0.0	0.0	nan	nan	0.0	0.0
4	11	70	0.0	0.0	nan	nan	0.0	0.0
4	11	67	0.0	0.0	nan	nan	0.0	0.0
4	11	64	0.0	0.0	nan	nan	0.0	0.0
4	11	61	0.0	0.0	nan	nan	0.0	0.0
4	11	58	0.0	0.0	nan	nan	0.0	0.0
4	11	55	0.0	0.0	nan	nan	0.0	0.0
4	11	52	0.0	0.0	nan	nan	0.0	0.0
4	11	49	0.0	0.0	nan	nan	0.0	0.0
4	11	46	0.0	0.0	nan	nan	0.0	0.0
4	11	43	0.0	0.0	nan	nan	0.0	0.0
4	11	40	0.0	0.0	nan	nan	0.0	0.0
4	11	37	0.0	0.0	nan	nan	0.0	0.0
4	11	34	0.0	0.0	nan	nan	0.0	0.0
4	11	31	0.0	0.0	nan	nan	0.0	0.0
4	11	28	0.0	0.0	nan	nan	0.0	0.0
4	12	100	0.0	0.0	nan	nan	0.0	0.0
4	12	97	0.0	0.0	nan	nan	0.0	0.0
4	12	94	0.0	0.0	nan	nan	0.0	0.0
4	12	91	0.0	0.0	nan	nan	0.0	0.0
4	12	88	0.0	0.0	nan	nan	0.0	0.0
4	12	85	0.0	0.0	nan	nan	0.0	0.0
4	12	82	0.0	0.0	nan	nan	0.0	0.0
4	12	79	0.0	0.0	nan	nan	0.0	0.0
4	12	76	0.0	0.0	nan	nan	0.0	0.0
4	12	73	0.0	0.0	nan	nan	0.0	0.0
4	12	70	0.0	0.0	nan	nan	0.0	0.0
4	12	67	0.0	0.0	nan	nan	0.0	0.0
4	12	64	0.0	0.0	nan	nan	0.0	0.0
4	12	61	0.0	0.0	nan	nan	0.0	0.0
4	12	58	0.0	0.0	nan	nan	0.0	0.0
4	12	55	0.0	0.0	nan	nan	0.0	0.0
4	12	52	0.0	0.0	nan	nan	0.0	0.0
4	12	49	0.0	0.0	nan	nan	0.0	0.0
4	12	46	0.0	0.0	nan	nan	0.0	0.0
4	12	43	0.0	0.0	nan	nan	0.0	0.0
4	12	40	0.0	0.0	nan	nan	0.0	0.0
4	12	37	0.0	0.0	nan	nan	0.0	0.0
4	12	34	0.0	0.0	nan	nan	0.0	0.0
4	12	31	0.0	0.0	nan	nan	0.0	0.0
4	12	28	0.0	0.0	nan	nan	0.0	0.0
4	13	100	0.0	0.0	nan	nan	0.0	0.0
4	13	97	0.0	0.0	nan	nan	0.0	0.0
4	13	94	0.0	0.0	nan	nan	0.0	0.0
4	13	91	0.0	0.0	nan	nan	0.0	0.0
4	13	88	0.0	0.0	nan	nan	0.0	0.0
4	13	85	0.0	0.0	nan	nan	0.0	0.0
4	13	82	0.0	0.0	nan	nan	0.0	0.0
4	13	79	0.0	0.0	nan	nan	0.0	0.0
4	13	76	0.0	0.0	nan	nan	0.0	0.0
4	13	73	0.0	0.0	nan	nan	0.0	0.0
4	13	70	0.0	0.0	nan	nan	0.0	0.0
4	13	67	0.0	0.0	nan	nan	0.0	0.0
4	13	64	0.0	0.0	nan	nan	0.0	0.0
4	13	61	0.0	0.0	nan	nan	0.0	0.0
4	13	58	0.0	0.0	nan	nan	0.0	0.0
4	13	55	0.0	0.0	nan	nan	0.0	0.0
4	13	52	0.0	0.0	nan	nan	0.0	0.0
4	13	49	0.0	0.0	nan	nan	0.0	0.0
4	13	46	0.0	0.0	nan	nan	0.0	0.0
4	13	43	0.0	0.0	nan	nan	0.0	0.0
4	13	40	0.0	0.0	nan	nan	0.0	0.0
4	13	37	0.0	0.0	nan	nan	0.0	0.0
4	13	34	0.0	0.0	nan	nan	0.0	0.0
4	13	31	0.0	0.0	nan	nan	0.0	0.0
4	13	28	0.0	0.0	nan	nan	0.0	0.0
4	14	100	0.0	0.0	nan	nan	0.0	0.0
4	14	97	0.0	0.0	nan	nan	0.0	0.0
4	14	94	0.0	0.0	nan	nan	0.0	0.0
4	14	91	0.0	0.0	nan	nan	0.0	0.0
4	14	88	0.0	0.0	nan	nan	0.0	0.0
4	14	85	0.0	0.0	nan	nan	0.0	0.0
4	14	82	0.0	0.0	nan	nan	0.0	0.0
4	14	79	0.0	0.0	nan	nan	0.0	0.0
4	14	76	0.0	0.0	nan	nan	0.0	0.0
4	14	73	0.0	0.0	nan	nan	0.0	0.0
4	14	70	0.0	0.0	nan	nan	0.0	0.0
4	14	67	0.0	0.0	nan	nan	0.0	0.0
4	14	64	0.0	0.0	nan	nan	0.0	0.0
4	14	61	0.0	0.0	nan	nan	0.0	0.0
4	14	58	0.0	0.0	nan	nan	0.0	0.0
4	14	55	0.0	0.0	nan	nan	0.0	0.0
4	14	52	0.0	0.0	nan	nan	0.0	0.0
4	14	49	0.0	0.0	nan	nan	0.0	0.0
4	14	46	0.0	0.0	nan	nan	0.0	0.0
4	14	43	0.0	0.0	nan	nan	0.0	0.0
4	14	40	0.0	0.0	nan	nan	0.0	0.0
4	14	37	0.0	0.0	nan	nan	0.0	0.0
4	14	34	0.0	0.0	nan	nan	0.0	0.0
4	14	31	0.0	0.0	nan	nan	0.0	0.0
4	14	28	0.0	0.0	nan	nan	0.0	0.0
4	15	100	0.0	0.0	nan	nan	0.0	0.0
4	15	97	0.0	0.0	nan	nan	0.0	0.0
4	15	94	0.0	0.0	nan	nan	0.0	0.0
4	15	91	0.0	0.0	nan	nan	0.0	0.0
4	15	88	0.0	0.0	nan	nan	0.0	0.0
4	15	85	0.0	0.0	nan	nan	0.0	0.0
4	15	82	0.0	0.0	nan	nan	0.0	0.0
4	15	79	0.0	0.0	nan	nan	0.0	0.0
4	15	76	0.0	0.0	nan	nan	0.0	0.0
4	15	73	0.0	0.0	nan	nan	0.0	0.0
4	15	70	0.0	0.0	nan	nan	0.0	0.0
4	15	67	0.0	0.0	nan	nan	0.0	0.0
4	15	64	0.0	0.0	nan	nan	0.0	0.0
4	15	61	0.0	0.0	nan	nan	0.0	0.0
4	15	58	0.0	0.0	nan	nan	0.0	0.0
4	15	55	0.0	0.0	nan	nan	0.0	0.0
4	15	52	0.0	0.0	nan	nan	0.0	0.0
4	15	49	0.0	0.0	nan	nan	0.0	0.0
4	15	46	0.0	0.0	nan	nan	0.0	0.0
4	15	43	0.0	0.0	nan	nan	0.0	0.0
4	15	40	0.0	0.0	nan	nan	0.0	0.0
4	15	37	0.0	0.0	nan	nan	0.0	0.0
4	15	34	0.0	0.0	nan	nan	0.0	0.0
4	15	31	0.0	0.0	nan	nan	0.0	0.0
4	15	28	0.0	0.0	nan	nan	0.0	0.0
4	16	100	0.0	0.0	nan	nan	0.0	0.0
4	16	97	0.0	0.0	nan	nan	0.0	0.0
4	16	94	0.0	0.0	nan	nan	0.0	0.0
4	16	91	0.0	0.0	nan	nan	0.0	0.0
4	16	88	0.0	0.0	nan	nan	0.0	0.0
4	16	85	0.0	0.0	nan	nan	0.0	0.0
4	16	82	0.0	0.0	nan	nan	0.0	0.0
4	16	79	0.0	0.0	nan	nan	0.0	0.0
4	16	76	0.0	0.0	nan	nan	0.0	0.0
4	16	73	0.0	0.0	nan	nan	0.0	0.0
4	16	70	0.0	0.0	nan	nan	0.0	0.0
4	16	67	0.0	0.0	nan	nan	0.0	0.0
4	16	64	0.0	0.0	nan	nan	0.0	0.0
4	16	61	0.0	0.0	nan	nan	0.0	0.0
4	16	58	0.0	0.0	nan	nan	0.0	0.0
4	16	55	0.0	0.0	nan	nan	0.0	0.0
4	16	52	0.0	0.0	nan	nan	0.0	0.0
4	16	49	0.0	0.0	nan	nan	0.0	0.0
4	16	46	0.0	0.0	nan	nan	0.0	0.0
4	16	43	0.0	0.0	nan	nan	0.0	0.0
4	16	40	0.0	0.0	nan	nan	0.0	0.0
4	16	37	0.0	0.0	nan	nan	0.0	0.0
4	16	34	0.0	0.0	nan	nan	0.0	0.0
4	16	31	0.0	0.0	nan	nan	0.0	0.0
4	16	28	0.0	0.0	nan	nan	0.0	0.0
4	17	100	0.0	0.0	nan	nan	0.0	0.0
4	17	97	0.0	0.0	nan	nan	0.0	0.0
4	17	94	0.0	0.0	nan	nan	0.0	0.0
4	17	91	0.0	0.0	nan	nan	0.0	0.0
4	17	88	0.0	0.0	nan	nan	0.0	0.0
4	17	85	0.0	0.0	nan	nan	0.0	0.0
4	17	82	0.0	0.0	nan	nan	0.0	0.0
4	17	79	0.0	0.0	nan	nan	0.0	0.0
4	17	76	0.0	0.0	nan	nan	0.0	0.0
4	17	73	0.0	0.0	nan	nan	0.0	0.0
4	17	70	0.0	0.0	nan	nan	0.0	0.0
4	17	67	0.0	0.0	nan	nan	0.0	0.0
4	17	64	0.0	0.0	nan	nan	0.0	0.0
4	17	61	0.0	0.0	nan	nan	0.0	0.0
4	17	58	0.0	0.0	nan	nan	0.0	0.0
4	17	55	0.0	0.0	nan	nan	0.0	0.0
4	17	52	0.0	0.0	nan	nan	0.0	0.0
4	17	49	0.0	0.0	nan	nan	0.0	0.0
4	17	46	0.0	0.0	nan	nan	0.0	0.0
4	17	43	0.0	0.0	nan	nan	0.0	0.0
4	17	40	0.0	0.0	nan	nan	0.0	0.0
4	17	37	0.0	0.0	nan	nan	0.0	0.0
4	17	34	0.0	0.0	nan	nan	0.0	0.0
4	17	31	0.0	0.0	nan	nan	0.0	0.0
4	17	28	0.0	0.0	nan	nan	0.0	0.0
4	18	100	0.0	0.0	nan	nan	0.0	0.0
4	18	97	0.0	0.0	nan	nan	0.0	0.0
4	18	94	0.0	0.0	nan	nan	0.0	0.0
4	18	91	0.0	0.0	nan	nan	0.0	0.0
4	18	88	0.0	0.0	nan	nan	0.0	0.0
4	18	85	0.0	0.0	nan	nan	0.0	0.0
4	18	82	0.0	0.0	nan	nan	0.0	0.0
4	18	79	0.0	0.0	nan	nan	0.0	0.0
4	18	76	0.0	0.0	nan	nan	0.0	0.0
4	18	73	0.0	0.0	nan	nan	0.0	0.0
4	18	70	0.0	0.0	nan	nan	0.0	0.0
4	18	67	0.0	0.0	nan	nan	0.0	0.0
4	18	64	0.0	0.0	nan	nan	0.0	0.0
4	18	61	0.0	0.0	nan	nan	0.0	0.0
4	18	58	0.0	0.0	nan	nan	0.0	0.0
4	18	55	0.0	0.0	nan	nan	0.0	0.0
4	18	52	0.0	0.0	nan	nan	0.0	0.0
4	18	49	0.0	0.0	nan	nan	0.0	0.0
4	18	46	0.0	0.0	nan	nan	0.0	0.0
4	18	43	0.0	0.0	nan	nan	0.0	0.0
4	18	40	0.0	0.0	nan	nan	0.0	0.0
4	18	37	0.0	0.0	nan	nan	0.0	0.0
4	18	34	0.0	0.0	nan	nan	0.0	0.0
4	18	31	0.0	0.0	nan	nan	0.0	0.0
4	18	28	0.0	0.0	nan	nan	0.0	0.0
4	19	100	0.0	0.0	nan	nan	0.0	0.0
4	19	97	0.0	0.0	nan	nan	0.0	0.0
4	19	94	0.0	0.0	nan	nan	0.0	0.0
4	19	91	0.0	0.0	nan	nan	0.0	0.0
4	19	88	0.0	0.0	nan	nan	0.0	0.0
4	19	85	0.0	0.0	nan	nan	0.0	0.0
4	19	82	0.0	0.0	nan	nan	0.0	0.0
4	19	79	0.0	0.0	nan	nan	0.0	0.0
4	19	76	0.0	0.0	nan	nan	0.0	0.0
4	19	73	0.0	0.0	nan	nan	0.0	0.0
4	19	70	0.0	0.0	nan	nan	0.0	0.0
4	19	67	0.0	0.0	nan	nan	0.0	0.0
4	19	64	0.0	0.0	nan	nan	0.0	0.0
4	19	61	0.0	0.0	nan	nan	0.0	0.0
4	19	58	0.0	0.0	nan	nan	0.0	0.0
4	19	55	0.0	0.0	nan	nan	0.0	0.0
4	19	52	0.0	0.0	nan	nan	0.0	0.0
4	19	49	0.0	0.0	nan	nan	0.0	0.0
4	19	46	0.0	0.0	nan	nan	0.0	0.0
4	19	43	0.0	0.0	nan	nan	0.0	0.0
4	19	40	0.0	0.0	nan	nan	0.0	0.0
4	19	37	0.0	0.0	nan	nan	0.0	0.0
4	19	34	0.0	0.0	nan	nan	0.0	0.0
4	19	31	0.0	0.0	nan	nan	0.0	0.0
4	19	28	0.0	0.0	nan	nan	0.0	0.0
4	20	100	0.0	0.0	nan	nan	0.0	0.0
4	20	97	0.0	0.0	nan	nan	0.0	0.0
4	20	94	0.0	0.0	nan	nan	0.0	0.0
4	20	91	0.0	0.0	nan	nan	0.0	0.0
4	20	88	0.0	0.0	nan	nan	0.0	0.0
4	20	85	0.0	0.0	nan	nan	0.0	0.0
4	20	82	0.0	0.0	nan	nan	0.0	0.0
4	20	79	0.0	0.0	nan	nan	0.0	0.0
4	20	76	0.0	0.0	nan	nan	0.0	0.0
4	20	73	0.0	0.0	nan	nan	0.0	0.0
4	20	70	0.0	0.0	nan	nan	0.0	0.0
4	20	67	0.0	0.0	nan	nan	0.0	0.0
4	20	64	0.0	0.0	nan	nan	0.0	0.0
4	20	61	0.0	0.0	nan	nan	0.0	0.0
4	20	58	0.0	0.0	nan	nan	0.0	0.0
4	20	55	0.0	0.0	nan	nan	0.0	0.0
4	20	52	0.0	0.0	nan	nan	0.0	0.0
4	20	49	0.0	0.0	nan	nan	0.0	0.0
4	20	46	0.0	0.0	nan	nan	0.0	0.0
4	20	43	0.0	0.0	nan	nan	0.0	0.0
4	20	40	0.0	0.0	nan	nan	0.0	0.0
4	20	37	0.0	0.0	nan	nan	0.0	0.0
4	20	34	0.0	0.0	nan	nan	0.0	0.0
4	20	31	0.0	0.0	nan	nan	0.0	0.0
4	20	28	0.0	0.0	nan	nan	0.0	0.0
4	21	100	0.0	0.0	nan	nan	0.0	0.0
4	21	97	0.0	0.0	nan	nan	0.0	0.0
4	21	94	0.0	0.0	nan	nan	0.0	0.0
4	21	91	0.0	0.0	nan	nan	0.0	0.0
4	21	88	0.0	0.0	nan	nan	0.0	0.0
4	21	85	0.0	0.0	nan	nan	0.0	0.0
4	21	82	0.0	0.0	nan	nan	0.0	0.0
4	21	79	0.0	0.0	nan	nan	0.0	0.0
4	21	76	0.0	0.0	nan	nan	0.0	0.0
4	21	73	0.0	0.0	nan	nan	0.0	0.0
4	21	70	0.0	0.0	nan	nan	0.0	0.0
4	21	67	0.0	0.0	nan	nan	0.0	0.0
4	21	64	0.0	0.0	nan	nan	0.0	0.0
4	21	61	0.0	0.0	nan	nan	0.0	0.0
4	21	58	0.0	0.0	nan	nan	0.0	0.0
4	21	55	0.0	0.0	nan	nan	0.0	0.0
4	21	52	0.0	0.0	nan	nan	0.0	0.0
4	21	49	0.0	0.0	nan	nan	0.0	0.0
4	21	46	0.0	0.0	nan	nan	0.0	0.0
4	21	43	0.0	0.0	nan	nan	0.0	0.0
4	21	40	0.0	0.0	nan	nan	0.0	0.0
4	21	37	0.0	0.0	nan	nan	0.0	0.0
4	21	34	0.0	0.0	nan	nan	0.0	0.0
4	21	31	0.0	0.0	nan	nan	0.0	0.0
4	21	28	0.0	0.0	nan	nan	0.0	0.0
4	22	100	0.0	0.0	nan	nan	0.0	0.0
4	22	97	0.0	0.0	nan	nan	0.0	0.0
4	22	94	0.0	0.0	nan	nan	0.0	0.0
4	22	91	0.0	0.0	nan	nan	0.0	0.0
4	22	88	0.0	0.0	nan	nan	0.0	0.0
4	22	85	0.0	0.0	nan	nan	0.0	0.0
4	22	82	0.0	0.0	nan	nan	0.0	0.0
4	22	79	0.0	0.0	nan	nan	0.0	0.0
4	22	76	0.0	0.0	nan	nan	0.0	0.0
4	22	73	0.0	0.0	nan	nan	0.0	0.0
4	22	70	0.0	0.0	nan	nan	0.0	0.0
4	22	67	0.0	0.0	nan	nan	0.0	0.0
4	22	64	0.0	0.0	nan	nan	0.0	0.0
4	22	61	0.0	0.0	nan	nan	0.0	0.0
4	22	58	0.0	0.0	nan	nan	0.0	0.0
4	22	55	0.0	0.0	nan	nan	0.0	0.0
4	22	52	0.0	0.0	nan	nan	0.0	0.0
4	22	49	0.0	0.0	nan	nan	0.0	0.0
4	22	46	0.0	0.0	nan	nan	0.0	0.0
4	22	43	0.0	0.0	nan	nan	0.0	0.0
4	22	40	0.0	0.0	nan	nan	0.0	0.0
4	22	37	0.0	0.0	nan	nan	0.0	0.0
4	22	34	0.0	0.0	nan	nan	0.0	0.0
4	22	31	0.0	0.0	nan	nan	0.0	0.0
4	22	28	0.0	0.0	nan	nan	0.0	0.0
4	23	100	0.0	0.0	nan	nan	0.0	0.0
4	23	97	0.0	0.0	nan	nan	0.0	0.0
4	23	94	0.0	0.0	nan	nan	0.0	0.0
4	23	91	0.0	0.0	nan	nan	0.0	0.0
4	23	88	0.0	0.0	nan	nan	0.0	0.0
4	23	85	0.0	0.0	nan	nan	0.0	0.0
4	23	82	0.0	0.0	nan	nan	0.0	0.0
4	23	79	0.0	0.0	nan	nan	0.0	0.0
4	23	76	0.0	0.0	nan	nan	0.0	0.0
4	23	73	0.0	0.0	nan	nan	0.0	0.0
4	23	70	0.0	0.0	nan	nan	0.0	0.0
4	23	67	0.0	0.0	nan	nan	0.0	0.0
4	23	64	0.0	0.0	nan	nan	0.0	0.0
4	23	61	0.0	0.0	nan	nan	0.0	0.0
4	23	58	0.0	0.0	nan	nan	0.0	0.0
4	23	55	0.0	0.0	nan	nan	0.0	0.0
4	23	52	0.0	0.0	nan	nan	0.0	0.0
4	23	49	0.0	0.0	nan	nan	0.0	0.0
4	23	46	0.0	0.0	nan	nan	0.0	0.0
4	23	43	0.0	0.0	nan	nan	0.0	0.0
4	23	40	0.0	0.0	nan	nan	0.0	0.0
4	23	37	0.0	0.0	nan	nan	0.0	0.0
4	23	34	0.0	0.0	nan	nan	0.0	0.0
4	23	31	0.0	0.0	nan	nan	0.0	0.0
4	23	28	0.0	0.0	nan	nan	0.0	0.0
4	24	100	0.0	0.0	nan	nan	0.0	0.0
4	24	97	0.0	0.0	nan	nan	0.0	0.0
4	24	94	0.0	0.0	nan	nan	0.0	0.0
4	24	91	0.0	0.0	nan	nan	0.0	0.0
4	24	88	0.0	0.0	nan	nan	0.0	0.0
4	24	85	0.0	0.0	nan	nan	0.0	0.0
4	24	82	0.0	0.0	nan	nan	0.0	0.0
4	24	79	0.0	0.0	nan	nan	0.0	0.0
4	24	76	0.0	0.0	nan	nan	0.0	0.0
4	24	73	0.0	0.0	nan	nan	0.0	0.0
4	24	70	0.0	0.0	nan	nan	0.0	0.0
4	24	67	0.0	0.0	nan	nan	0.0	0.0
4	24	64	0.0	0.0	nan	nan	0.0	0.0
4	24	61	0.0	0.0	nan	nan	0.0	0.0
4	24	58	0.0	0.0	nan	nan	0.0	0.0
4	24	55	0.0	0.0	nan	nan	0.0	0.0
4	24	52	0.0	0.0	nan	nan	0.0	0.0
4	24	49	0.0	0.0	nan	nan	0.0	0.0
4	24	46	0.0	0.0	nan	nan	0.0	0.0
4	24	43	0.0	0.0	nan	nan	0.0	0.0
4	24	40	0.0	0.0	nan	nan	0.0	0.0
4	24	37	0.0	0.0	nan	nan	0.0	0.0
4	24	34	0.0	0.0	nan	nan	0.0	0.0
4	24	31	0.0	0.0	nan	nan	0.0	0.0
4	24	28	0.0	0.0	nan	nan	0.0	0.0
4	25	100	0.0	0.0	nan	nan	0.0	0.0
4	25	97	0.0	0.0	nan	nan	0.0	0.0
4	25	94	0.0	0.0	nan	nan	0.0	0.0
4	25	91	0.0	0.0	nan	nan	0.0	0.0
4	25	88	0.0	0.0	nan	nan	0.0	0.0
4	25	85	0.0	0.0	nan	nan	0.0	0.0
4	25	82	0.0	0.0	nan	nan	0.0	0.0
4	25	79	0.0	0.0	nan	nan	0.0	0.0
4	25	76	0.0	0.0	nan	nan	0.0	0.0
4	25	73	0.0	0.0	nan	nan	0.0	0.0
4	25	70	0.0	0.0	nan	nan	0.0	0.0
4	25	67	0.0	0.0	nan	nan	0.0	0.0
4	25	64	0.0	0.0	nan	nan	0.0	0.0
4	25	61	0.0	0.0	nan	nan	0.0	0.0
4	25	58	0.0	0.0	nan	nan	0.0	0.0
4	25	55	0.0	0.0	nan	nan	0.0	0.0
4	25	52	0.0	0.0	nan	nan	0.0	0.0
4	25	49	0.0	0.0	nan	nan	0.0	0.0
4	25	46	0.0	0.0	nan	nan	0.0	0.0
4	25	43	0.0	0.0	nan	nan	0.0	0.0
4	25	40	0.0	0.0	nan	nan	0.0	0.0
4	25	37	0.0	0.0	nan	nan	0.0	0.0
4	25	34	0.0	0.0	nan	nan	0.0	0.0
4	25	31	0.0	0.0	nan	nan	0.0	0.0
4	25	28	0.0	0.0	nan	nan	0.0	0.0
4	26	100	0.0	0.0	nan	nan	0.0	0.0
4	26	97	0.0	0.0	nan	nan	0.0	0.0
4	26	94	0.0	0.0	nan	nan	0.0	0.0
4	26	91	0.0	0.0	nan	nan	0.0	0.0
4	26	88	0.0	0.0	nan	nan	0.0	0.0
4	26	85	0.0	0.0	nan	nan	0.0	0.0
4	26	82	0.0	0.0	nan	nan	0.0	0.0
4	26	79	0.0	0.0	nan	nan	0.0	0.0
4	26	76	0.0	0.0	nan	nan	0.0	0.0
4	26	73	0.0	0.0	nan	nan	0.0	0.0
4	26	70	0.0	0.0	nan	nan	0.0	0.0
4	26	67	0.0	0.0	nan	nan	0.0	0.0
4	26	64	0.0	0.0	nan	nan	0.0	0.0
4	26	61	0.0	0.0	nan	nan	0.0	0.0
4	26	58	0.0	0.0	nan	nan	0.0	0.0
4	26	55	0.0	0.0	nan	nan	0.0	0.0
4	26	52	0.0	0.0	nan	nan	0.0	0.0
4	26	49	0.0	0.0	nan	nan	0.0	0.0
4	26	46	0.0	0.0	nan	nan	0.0	0.0
4	26	43	0.0	0.0	nan	nan	0.0	0.0
4	26	40	0.0	0.0	nan	nan	0.0	0.0
4	26	37	0.0	0.0	nan	nan	0.0	0.0
4	26	34	0.0	0.0	nan	nan	0.0	0.0
4	26	31	0.0	0.0	nan	nan	0.0	0.0
4	26	28	0.0	0.0	nan	nan	0.0	0.0
4	27	100	0.0	0.0	nan	nan	0.0	0.0
4	27	97	0.0	0.0	nan	nan	0.0	0.0
4	27	94	0.0	0.0	nan	nan	0.0	0.0
4	27	91	0.0	0.0	nan	nan	0.0	0.0
4	27	88	0.0	0.0	nan	nan	0.0	0.0
4	27	85	0.0	0.0	nan	nan	0.0	0.0
4	27	82	0.0	0.0	nan	nan	0.0	0.0
4	27	79	0.0	0.0	nan	nan	0.0	0.0
4	27	76	0.0	0.0	nan	nan	0.0	0.0
4	27	73	0.0	0.0	nan	nan	0.0	0.0
4	27	70	0.0	0.0	nan	nan	0.0	0.0
4	27	67	0.0	0.0	nan	nan	0.0	0.0
4	27	64	0.0	0.0	nan	nan	0.0	0.0
4	27	61	0.0	0.0	nan	nan	0.0	0.0
4	27	58	0.0	0.0	nan	nan	0.0	0.0
4	27	55	0.0	0.0	nan	nan	0.0	0.0
4	27	52	0.0	0.0	nan	nan	0.0	0.0
4	27	49	0.0	0.0	nan	nan	0.0	0.0
4	27	46	0.0	0.0	nan	nan	0.0	0.0
4	27	43	0.0	0.0	nan	nan	0.0	0.0
4	27	40	0.0	0.0	nan	nan	0.0	0.0
4	27	37	0.0	0.0	nan	nan	0.0	0.0
4	27	34	0.0	0.0	nan	nan	0.0	0.0
4	27	31	0.0	0.0	nan	nan	0.0	0.0
4	27	28	0.0	0.0	nan	nan	0.0	0.0
4	28	100	0.0	0.0	nan	nan	0.0	0.0
4	28	97	0.0	0.0	nan	nan	0.0	0.0
4	28	94	0.0	0.0	nan	nan	0.0	0.0
4	28	91	0.0	0.0	nan	nan	0.0	0.0
4	28	88	0.0	0.0	nan	nan	0.0	0.0
4	28	85	0.0	0.0	nan	nan	0.0	0.0
4	28	82	0.0	0.0	nan	nan	0.0	0.0
4	28	79	0.0	0.0	nan	nan	0.0	0.0
4	28	76	0.0	0.0	nan	nan	0.0	0.0
4	28	73	0.0	0.0	nan	nan	0.0	0.0
4	28	70	0.0	0.0	nan	nan	0.0	0.0
4	28	67	0.0	0.0	nan	nan	0.0	0.0
4	28	64	0.0	0.0	nan	nan	0.0	0.0
4	28	61	0.0	0.0	nan	nan	0.0	0.0
4	28	58	0.0	0.0	nan	nan	0.0	0.0
4	28	55	0.0	0.0	nan	nan	0.0	0.0
4	28	52	0.0	0.0	nan	nan	0.0	0.0
4	28	49	0.0	0.0	nan	nan	0.0	0.0
4	28	46	0.0	0.0	nan	nan	0.0	0.0
4	28	43	0.0	0.0	nan	nan	0.0	0.0
4	28	40	0.0	0.0	nan	nan	0.0	0.0
4	28	37	0.0	0.0	nan	nan	0.0	0.0
4	28	34	0.0	0.0	nan	nan	0.0	0.0
4	28	31	0.0	0.0	nan	nan	0.0	0.0
4	28	28	0.0	0.0	nan	nan	0.0	0.0
4	29	100	0.0	0.0	nan	nan	0.0	0.0
4	29	97	0.0	0.0	nan	nan	0.0	0.0
4	29	94	0.0	0.0	nan	nan	0.0	0.0
4	29	91	0.0	0.0	nan	nan	0.0	0.0
4	29	88	0.0	0.0	nan	nan	0.0	0.0
4	29	85	0.0	0.0	nan	nan	0.0	0.0
4	29	82	0.0	0.0	nan	nan	0.0	0.0
4	29	79	0.0	0.0	nan	nan	0.0	0.0
4	29	76	0.0	0.0	nan	nan	0.0	0.0
4	29	73	0.0	0.0	nan	nan	0.0	0.0
4	29	70	0.0	0.0	nan	nan	0.0	0.0
4	29	67	0.0	0.0	nan	nan	0.0	0.0
4	29	64	0.0	0.0	nan	nan	0.0	0.0
4	29	61	0.0	0.0	nan	nan	0.0	0.0
4	29	58	0.0	0.0	nan	nan	0.0	0.0
4	29	55	0.0	0.0	nan	nan	0.0	0.0
4	29	52	0.0	0.0	nan	nan	0.0	0.0
4	29	49	0.0	0.0	nan	nan	0.0	0.0
4	29	46	0.0	0.0	nan	nan	0.0	0.0
4	29	43	0.0	0.0	nan	nan	0.0	0.0
4	29	40	0.0	0.0	nan	nan	0.0	0.0
4	29	37	0.0	0.0	nan	nan	0.0	0.0
4	29	34	0.0	0.0	nan	nan	0.0	0.0
4	29	31	0.0	0.0	nan	nan	0.0	0.0
4	29	28	0.0	0.0	nan	nan	0.0	0.0
4	30	100	0.0	0.0	nan	nan	0.0	0.0
4	30	97	0.0	0.0	nan	nan	0.0	0.0
4	30	94	0.0	0.0	nan	nan	0.0	0.0
4	30	91	0.0	0.0	nan	nan	0.0	0.0
4	30	88	0.0	0.0	nan	nan	0.0	0.0
4	30	85	0.0	0.0	nan	nan	0.0	0.0
4	30	82	0.0	0.0	nan	nan	0.0	0.0
4	30	79	0.0	0.0	nan	nan	0.0	0.0
4	30	76	0.0	0.0	nan	nan	0.0	0.0
4	30	73	0.0	0.0	nan	nan	0.0	0.0
4	30	70	0.0	0.0	nan	nan	0.0	0.0
4	30	67	0.0	0.0	nan	nan	0.0	0.0
4	30	64	0.0	0.0	nan	nan	0.0	0.0
4	30	61	0.0	0.0	nan	nan	0.0	0.0
4	30	58	0.0	0.0	nan	nan	0.0	0.0
4	30	55	0.0	0.0	nan	nan	0.0	0.0
4	30	52	0.0	0.0	nan	nan	0.0	0.0
4	30	49	0.0	0.0	nan	nan	0.0	0.0
4	30	46	0.0	0.0	nan	nan	0.0	0.0
4	30	43	0.0	0.0	nan	nan	0.0	0.0
4	30	40	0.0	0.0	nan	nan	0.0	0.0
4	30	37	0.0	0.0	nan	nan	0.0	0.0
4	30	34	0.0	0.0	nan	nan	0.0	0.0
4	30	31	0.0	0.0	nan	nan	0.0	0.0
4	30	28	0.0	0.0	nan	nan	0.0	0.0
4	31	100	0.0	0.0	nan	nan	0.0	0.0
4	31	97	0.0	0.0	nan	nan	0.0	0.0
4	31	94	0.0	0.0	nan	nan	0.0	0.0
4	31	91	0.0	0.0	nan	nan	0.0	0.0
4	31	88	0.0	0.0	nan	nan	0.0	0.0
4	31	85	0.0	0.0	nan	nan	0.0	0.0
4	31	82	0.0	0.0	nan	nan	0.0	0.0
4	31	79	0.0	0.0	nan	nan	0.0	0.0
4	31	76	0.0	0.0	nan	nan	0.0	0.0
4	31	73	0.0	0.0	nan	nan	0.0	0.0
4	31	70	0.0	0.0	nan	nan	0.0	0.0
4	31	67	0.0	0.0	nan	nan	0.0	0.0
4	31	64	0.0	0.0	nan	nan	0.0	0.0
4	31	61	0.0	0.0	nan	nan	0.0	0.0
4	31	58	0.0	0.0	nan	nan	0.0	0.0
4	31	55	0.0	0.0	nan	nan	0.0	0.0
4	31	52	0.0	0.0	nan	nan	0.0	0.0
4	31	49	0.0	0.0	nan	nan	0.0	0.0
4	31	46	0.0	0.0	nan	nan	0.0	0.0
4	31	43	0.0	0.0	nan	nan	0.0	0.0
4	31	40	0.0	0.0	nan	nan	0.0	0.0
4	31	37	0.0	0.0	nan	nan	0.0	0.0
4	31	34	0.0	0.0	nan	nan	0.0	0.0
4	31	31	0.0	0.0	nan	nan	0.0	0.0
4	31	28	0.0	0.0	nan	nan	0.0	0.0
5	0	100	0.0	0.0	nan	nan	0.0	0.0
5	0	97	0.0	0.0	nan	nan	0.0	0.0
5	0	94	0.0	0.0	nan	nan	0.0	0.0
5	0	91	0.0	0.0	nan	nan	0.0	0.0
5	0	88	0.0	0.0	nan	nan	0.0	0.0
5	0	85	0.0	0.0	nan	nan	0.0	0.0
5	0	82	0.0	0.0	nan	nan	0.0	0.0
5	0	79	0.0	0.0	nan	nan	0.0	0.0
5	0	76	0.0	0.0	nan	nan	0.0	0.0
5	0	73	0.0	0.0	nan	nan	0.0	0.0
5	0	70	0.0	0.0	nan	nan	0.0	0.0
5	0	67	0.0	0.0	nan	nan	0.0	0.0
5	0	64	0.0	0.0	nan	nan	0.0	0.0
5	0	61	0.0	0.0	nan	nan	0.0	0.0
5	0	58	0.0	0.0	nan	nan	0.0	0.0
5	0	55	0.0	0.0	nan	nan	0.0	0.0
5	0	52	0.0	0.0	nan	nan	0.0	0.0
5	0	49	0.0	0.0	nan	nan	0.0	0.0
5	0	46	0.0	0.0	nan	nan	0.0	0.0
5	0	43	0.0	0.0	nan	nan	0.0	0.0
5	0	40	0.0	0.0	nan	nan	0.0	0.0
5	0	37	0.0	0.0	nan	nan	0.0	0.0
5	0	34	0.0	0.0	nan	nan	0.0	0.0
5	0	31	0.0	0.0	nan	nan	0.0	0.0
5	0	28	0.0	0.0	nan	nan	0.0	0.0
5	1	100	0.0	0.0	nan	nan	0.0	0.0
5	1	97	0.0	0.0	nan	nan	0.0	0.0
5	1	94	0.0	0.0	nan	nan	0.0	0.0
5	1	91	0.0	0.0	nan	nan	0.0	0.0
5	1	88	0.0	0.0	nan	nan	0.0	0.0
5	1	85	0.0	0.0	nan	nan	0.0	0.0
5	1	82	0.0	0.0	nan	nan	0.0	0.0
5	1	79	0.0	0.0	nan	nan	0.0	0.0
5	1	76	0.0	0.0	nan	nan	0.0	0.0
5	1	73	0.0	0.0	nan	nan	0.0	0.0
5	1	70	0.0	0.0	nan	nan	0.0	0.0
5	1	67	0.0	0.0	nan	nan	0.0	0.0
5	1	64	0.0	0.0	nan	nan	0.0	0.0
5	1	61	0.0	0.0	nan	nan	0.0	0.0
5	1	58	0.0	0.0	nan	nan	0.0	0.0
5	1	55	0.0	0.0	nan	nan	0.0	0.0
5	1	52	0.0	0.0	nan	nan	0.0	0.0
5	1	49	0.0	0.0	nan	nan	0.0	0.0
5	1	46	0.0	0.0	nan	nan	0.0	0.0
5	1	43	0.0	0.0	nan	nan	0.0	0.0
5	1	40	0.0	0.0	nan	nan	0.0	0.0
5	1	37	0.0	0.0	nan	nan	0.0	0.0
5	1	34	0.0	0.0	nan	nan	0.0	0.0
5	1	31	0.0	0.0	nan	nan	0.0	0.0
5	1	28	0.0	0.0	nan	nan	0.0	0.0
5	2	100	0.0	0.0	nan	nan	0.0	0.0
5	2	97	0.0	0.0	nan	nan	0.0	0.0
5	2	94	0.0	0.0	nan	nan	0.0	0.0
5	2	91	0.0	0.0	nan	nan	0.0	0.0
5	2	88	0.0	0.0	nan	nan	0.0	0.0
5	2	85	0.0	0.0	nan	nan	0.0	0.0
5	2	82	0.0	0.0	nan	nan	0.0	0.0
5	2	79	0.0	0.0	nan	nan	0.0	0.0
5	2	76	0.0	0.0	nan	nan	0.0	0.0
5	2	73	0.0	0.0	nan	nan	0.0	0.0
5	2	70	0.0	0.0	nan	nan	0.0	0.0
5	2	67	0.0	0.0	nan	nan	0.0	0.0
5	2	64	0.0	0.0	nan	nan	0.0	0.0
5	2	61	0.0	0.0	nan	nan	0.0	0.0
5	2	58	0.0	0.0	nan	nan	0.0	0.0
5	2	55	0.0	0.0	nan	nan	0.0	0.0
5	2	52	0.0	0.0	nan	nan	0.0	0.0
5	2	49	0.0	0.0	nan	nan	0.0	0.0
5	2	46	0.0	0.0	nan	nan	0.0	0.0
5	2	43	0.0	0.0	nan	nan	0.0	0.0
5	2	40	0.0	0.0	nan	nan	0.0	0.0
5	2	37	0.0	0.0	nan	nan	0.0	0.0
5	2	34	0.0	0.0	nan	nan	0.0	0.0
5	2	31	0.0	0.0	nan	nan	0.0	0.0
5	2	28	0.0	0.0	nan	nan	0.0	0.0
5	3	100	0.0	0.0	nan	nan	0.0	0.0
5	3	97	0.0	0.0	nan	nan	0.0	0.0
5	3	94	0.0	0.0	nan	nan	0.0	0.0
5	3	91	0.0	0.0	nan	nan	0.0	0.0
5	3	88	0.0	0.0	nan	nan	0.0	0.0
5	3	85	0.0	0.0	nan	nan	0.0	0.0
5	3	82	0.0	0.0	nan	nan	0.0	0.0
5	3	79	0.0	0.0	nan	nan	0.0	0.0
5	3	76	0.0	0.0	nan	nan	0.0	0.0
5	3	73	0.0	0.0	nan	nan	0.0	0.0
5	3	70	0.0	0.0	nan	nan	0.0	0.0
5	3	67	0.0	0.0	nan	nan	0.0	0.0
5	3	64	0.0	0.0	nan	nan	0.0	0.0
5	3	61	0.0	0.0	nan	nan	0.0	0.0
5	3	58	0.0	0.0	nan	nan	0.0	0.0
5	3	55	0.0	0.0	nan	nan	0.0	0.0
5	3	52	0.0	0.0	nan	nan	0.0	0.0
5	3	49	0.0	0.0	nan	nan	0.0	0.0
5	3	46	0.0	0.0	nan	nan	0.0	0.0
5	3	43	0.0	0.0	nan	nan	0.0	0.0
5	3	40	0.0	0.0	nan	nan	0.0	0.0
5	3	37	0.0	0.0	nan	nan	0.0	0.0
5	3	34	0.0	0.0	nan	nan	0.0	0.0
5	3	31	0.0	0.0	nan	nan	0.0	0.0
5	3	28	0.0	0.0	nan	nan	0.0	0.0
5	4	100	0.0	0.0	nan	nan	0.0	0.0
5	4	97	0.0	0.0	nan	nan	0.0	0.0
5	4	94	0.0	0.0	nan	nan	0.0	0.0
5	4	91	0.0	0.0	nan	nan	0.0	0.0
5	4	88	0.0	0.0	nan	nan	0.0	0.0
5	4	85	0.0	0.0	nan	nan	0.0	0.0
5	4	82	0.0	0.0	nan	nan	0.0	0.0
5	4	79	0.0	0.0	nan	nan	0.0	0.0
5	4	76	0.0	0.0	nan	nan	0.0	0.0
5	4	73	0.0	0.0	nan	nan	0.0	0.0
5	4	70	0.0	0.0	nan	nan	0.0	0.0
5	4	67	0.0	0.0	nan	nan	0.0	0.0
5	4	64	0.0	0.0	nan	nan	0.0	0.0
5	4	61	0.0	0.0	nan	nan	0.0	0.0
5	4	58	0.0	0.0	nan	nan	0.0	0.0
5	4	55	0.0	0.0	nan	nan	0.0	0.0
5	4	52	0.0	0.0	nan	nan	0.0	0.0
5	4	49	0.0	0.0	nan	nan	0.0	0.0
5	4	46	0.0	0.0	nan	nan	0.0	0.0
5	4	43	0.0	0.0	nan	nan	0.0	0.0
5	4	40	0.0	0.0	nan	nan	0.0	0.0
5	4	37	0.0	0.0	nan	nan	0.0	0.0
5	4	34	0.0	0.0	nan	nan	0.0	0.0
5	4	31	0.0	0.0	nan	nan	0.0	0.0
5	4	28	0.0	0.0	nan	nan	0.0	0.0
5	5	100	0.0	0.0	nan	nan	0.0	0.0
5	5	97	0.0	0.0	nan	nan	0.0	0.0
5	5	94	0.0	0.0	nan	nan	0.0	0.0
5	5	91	0.0	0.0	nan	nan	0.0	0.0
5	5	88	0.0	0.0	nan	nan	0.0	0.0
5	5	85	0.0	0.0	nan	nan	0.0	0.0
5	5	82	0.0	0.0	nan	nan	0.0	0.0
5	5	79	0.0	0.0	nan	nan	0.0	0.0
5	5	76	0.0	0.0	nan	nan	0.0	0.0
5	5	73	0.0	0.0	nan	nan	0.0	0.0
5	5	70	0.0	0.0	nan	nan	0.0	0.0
5	5	67	0.0	0.0	nan	nan	0.0	0.0
5	5	64	0.0	0.0	nan	nan	0.0	0.0
5	5	61	0.0	0.0	nan	nan	0.0	0.0
5	5	58	0.0	0.0	nan	nan	0.0	0.0
5	5	55	0.0	0.0	nan	nan	0.0	0.0
5	5	52	0.0	0.0	nan	nan	0.0	0.0
5	5	49	0.0	0.0	nan	nan	0.0	0.0
5	5	46	0.0	0.0	nan	nan	0.0	0.0
5	5	43	0.0	0.0	nan	nan	0.0	0.0
5	5	40	0.0	0.0	nan	nan	0.0	0.0
5	5	37	0.0	0.0	nan	nan	0.0	0.0
5	5	34	0.0	0.0	nan	nan	0.0	0.0
5	5	31	0.0	0.0	nan	nan	0.0	0.0
5	5	28	0.0	0.0	nan	nan	0.0	0.0
5	6	100	0.0	0.0	nan	nan	0.0	0.0
5	6	97	0.0	0.0	nan	nan	0.0	0.0
5	6	94	0.0	0.0	nan	nan	0.0	0.0
5	6	91	0.0	0.0	nan	nan	0.0	0.0
5	6	88	0.0	0.0	nan	nan	0.0	0.0
5	6	85	0.0	0.0	nan	nan	0.0	0.0
5	6	82	0.0	0.0	nan	nan	0.0	0.0
5	6	79	0.0	0.0	nan	nan	0.0	0.0
5	6	76	0.0	0.0	nan	nan	0.0	0.0
5	6	73	0.0	0.0	nan	nan	0.0	0.0
5	6	70	0.0	0.0	nan	nan	0.0	0.0
5	6	67	0.0	0.0	nan	nan	0.0	0.0
5	6	64	0.0	0.0	nan	nan	0.0	0.0
5	6	61	0.0	0.0	nan	nan	0.0	0.0
5	6	58	0.0	0.0	nan	nan	0.0	0.0
5	6	55	0.0	0.0	nan	nan	0.0	0.0
5	6	52	0.0	0.0	nan	nan	0.0	0.0
5	6	49	0.0	0.0	nan	nan	0.0	0.0
5	6	46	0.0	0.0	nan	nan	0.0	0.0
5	6	43	0.0	0.0	nan	nan	0.0	0.0
5	6	40	0.0	0.0	nan	nan	0.0	0.0
5	6	37	0.0	0.0	nan	nan	0.0	0.0
5	6	34	0.0	0.0	nan	nan	0.0	0.0
5	6	31	0.0	0.0	nan	nan	0.0	0.0
5	6	28	0.0	0.0	nan	nan	0.0	0.0
5	7	100	0.0	0.0	nan	nan	0.0	0.0
5	7	97	0.0	0.0	nan	nan	0.0	0.0
5	7	94	0.0	0.0	nan	nan	0.0	0.0
5	7	91	0.0	0.0	nan	nan	0.0	0.0
5	7	88	0.0	0.0	nan	nan	0.0	0.0
5	7	85	0.0	0.0	nan	nan	0.0	0.0
5	7	82	0.0	0.0	nan	nan	0.0	0.0
5	7	79	0.0	0.0	nan	nan	0.0	0.0
5	7	76	0.0	0.0	nan	nan	0.0	0.0
5	7	73	0.0	0.0	nan	nan	0.0	0.0
5	7	70	0.0	0.0	nan	nan	0.0	0.0
5	7	67	0.0	0.0	nan	nan	0.0	0.0
5	7	64	0.0	0.0	nan	nan	0.0	0.0
5	7	61	0.0	0.0	nan	nan	0.0	0.0
5	7	58	0.0	0.0	nan	nan	0.0	0.0
5	7	55	0.0	0.0	nan	nan	0.0	0.0
5	7	52	0.0	0.0	nan	nan	0.0	0.0
5	7	49	0.0	0.0	nan	nan	0.0	0.0
5	7	46	0.0	0.0	nan	nan	0.0	0.0
5	7	43	0.0	0.0	nan	nan	0.0	0.0
5	7	40	0.0	0.0	nan	nan	0.0	0.0
5	7	37	0.0	0.0	nan	nan	0.0	0.0
5	7	34	0.0	0.0	nan	nan	0.0	0.0
5	7	31	0.0	0.0	nan	nan	0.0	0.0
5	7	28	0.0	0.0	nan	nan	0.0	0.0
5	8	100	0.0	0.0	nan	nan	0.0	0.0
5	8	97	0.0	0.0	nan	nan	0.0	0.0
5	8	94	0.0	0.0	nan	nan	0.0	0.0
5	8	91	0.0	0.0	nan	nan	0.0	0.0
5	8	88	0.0	0.0	nan	nan	0.0	0.0
5	8	85	0.0	0.0	nan	nan	0.0	0.0
5	8	82	0.0	0.0	nan	nan	0.0	0.0
5	8	79	0.0	0.0	nan	nan	0.0	0.0
5	8	76	0.0	0.0	nan	nan	0.0	0.0
5	8	73	0.0	0.0	nan	nan	0.0	0.0
5	8	70	0.0	0.0	nan	nan	0.0	0.0
5	8	67	0.0	0.0	nan	nan	0.0	0.0
5	8	64	0.0	0.0	nan	nan	0.0	0.0
5	8	61	0.0	0.0	nan	nan	0.0	0.0
5	8	58	0.0	0.0	nan	nan	0.0	0.0
5	8	55	0.0	0.0	nan	nan	0.0	0.0
5	8	52	0.0	0.0	nan	nan	0.0	0.0
5	8	49	0.0	0.0	nan	nan	0.0	0.0
5	8	46	0.0	0.0	nan	nan	0.0	0.0
5	8	43	0.0	0.0	nan	nan	0.0	0.0
5	8	40	0.0	0.0	nan	nan	0.0	0.0
5	8	37	0.0	0.0	nan	nan	0.0	0.0
5	8	34	0.0	0.0	nan	nan	0.0	0.0
5	8	31	0.0	0.0	nan	nan	0.0	0.0
5	8	28	0.0	0.0	nan	nan	0.0	0.0
5	9	100	0.0	0.0	nan	nan	0.0	0.0
5	9	97	0.0	0.0	nan	nan	0.0	0.0
5	9	94	0.0	0.0	nan	nan	0.0	0.0
5	9	91	0.0	0.0	nan	nan	0.0	0.0
5	9	88	0.0	0.0	nan	nan	0.0	0.0
5	9	85	0.0	0.0	nan	nan	0.0	0.0
5	9	82	0.0	0.0	nan	nan	0.0	0.0
5	9	79	0.0	0.0	nan	nan	0.0	0.0
5	9	76	0.0	0.0	nan	nan	0.0	0.0
5	9	73	0.0	0.0	nan	nan	0.0	0.0
5	9	70	0.0	0.0	nan	nan	0.0	0.0
5	9	67	0.0	0.0	nan	nan	0.0	0.0
5	9	64	0.0	0.0	nan	nan	0.0	0.0
5	9	61	0.0	0.0	nan	nan	0.0	0.0
5	9	58	0.0	0.0	nan	nan	0.0	0.0
5	9	55	0.0	0.0	nan	nan	0.0	0.0
5	9	52	0.0	0.0	nan	nan	0.0	0.0
5	9	49	0.0	0.0	nan	nan	0.0	0.0
5	9	46	0.0	0.0	nan	nan	0.0	0.0
5	9	43	0.0	0.0	nan	nan	0.0	0.0
5	9	40	0.0	0.0	nan	nan	0.0	0.0
5	9	37	0.0	0.0	nan	nan	0.0	0.0
5	9	34	0.0	0.0	nan	nan	0.0	0.0
5	9	31	0.0	0.0	nan	nan	0.0	0.0
5	9	28	0.0	0.0	nan	nan	0.0	0.0
5	10	100	0.0	0.0	nan	nan	0.0	0.0
5	10	97	0.0	0.0	nan	nan	0.0	0.0
5	10	94	0.0	0.0	nan	nan	0.0	0.0
5	10	91	0.0	0.0	nan	nan	0.0	0.0
5	10	88	0.0	0.0	nan	nan	0.0	0.0
5	10	85	0.0	0.0	nan	nan	0.0	0.0
5	10	82	0.0	0.0	nan	nan	0.0	0.0
5	10	79	0.0	0.0	nan	nan	0.0	0.0
5	10	76	0.0	0.0	nan	nan	0.0	0.0
5	10	73	0.0	0.0	nan	nan	0.0	0.0
5	10	70	0.0	0.0	nan	nan	0.0	0.0
5	10	67	0.0	0.0	nan	nan	0.0	0.0
5	10	64	0.0	0.0	nan	nan	0.0	0.0
5	10	61	0.0	0.0	nan	nan	0.0	0.0
5	10	58	0.0	0.0	nan	nan	0.0	0.0
5	10	55	0.0	0.0	nan	nan	0.0	0.0
5	10	52	0.0	0.0	nan	nan	0.0	0.0
5	10	49	0.0	0.0	nan	nan	0.0	0.0
5	10	46	0.0	0.0	nan	nan	0.0	0.0
5	10	43	0.0	0.0	nan	nan	0.0	0.0
5	10	40	0.0	0.0	nan	nan	0.0	0.0
5	10	37	0.0	0.0	nan	nan	0.0	0.0
5	10	34	0.0	0.0	nan	nan	0.0	0.0
5	10	31	0.0	0.0	nan	nan	0.0	0.0
5	10	28	0.0	0.0	nan	nan	0.0	0.0
5	11	100	0.0	0.0	nan	nan	0.0	0.0
5	11	97	0.0	0.0	nan	nan	0.0	0.0
5	11	94	0.0	0.0	nan	nan	0.0	0.0
5	11	91	0.0	0.0	nan	nan	0.0	0.0
5	11	88	0.0	0.0	nan	nan	0.0	0.0
5	11	85	0.0	0.0	nan	nan	0.0	0.0
5	11	82	0.0	0.0	nan	nan	0.0	0.0
5	11	79	0.0	0.0	nan	nan	0.0	0.0
5	11	76	0.0	0.0	nan	nan	0.0	0.0
5	11	73	0.0	0.0	nan	nan	0.0	0.0
5	11	70	0.0	0.0	nan	nan	0.0	0.0
5	11	67	0.0	0.0	nan	nan	0.0	0.0
5	11	64	0.0	0.0	nan	nan	0.0	0.0
5	11	61	0.0	0.0	nan	nan	0.0	0.0
5	11	58	0.0	0.0	nan	nan	0.0	0.0
5	11	55	0.0	0.0	nan	nan	0.0	0.0
5	11	52	0.0	0.0	nan	nan	0.0	0.0
5	11	49	0.0	0.0	nan	nan	0.0	0.0
5	11	46	0.0	0.0	nan	nan	0.0	0.0
5	11	43	0.0	0.0	nan	nan	0.0	0.0
5	11	40	0.0	0.0	nan	nan	0.0	0.0
5	11	37	0.0	0.0	nan	nan	0.0	0.0
5	11	34	0.0	0.0	nan	nan	0.0	0.0
5	11	31	0.0	0.0	nan	nan	0.0	0.0
5	11	28	0.0	0.0	nan	nan	0.0	0.0
5	12	100	0.0	0.0	nan	nan	0.0	0.0
5	12	97	0.0	0.0	nan	nan	0.0	0.0
5	12	94	0.0	0.0	nan	nan	0.0	0.0
5	12	91	0.0	0.0	nan	nan	0.0	0.0
5	12	88	0.0	0.0	nan	nan	0.0	0.0
5	12	85	0.0	0.0	nan	nan	0.0	0.0
5	12	82	0.0	0.0	nan	nan	0.0	0.0
5	12	79	0.0	0.0	nan	nan	0.0	0.0
5	12	76	0.0	0.0	nan	nan	0.0	0.0
5	12	73	0.0	0.0	nan	nan	0.0	0.0
5	12	70	0.0	0.0	nan	nan	0.0	0.0
5	12	67	0.0	0.0	nan	nan	0.0	0.0
5	12	64	0.0	0.0	nan	nan	0.0	0.0
5	12	61	0.0	0.0	nan	nan	0.0	0.0
5	12	58	0.0	0.0	nan	nan	0.0	0.0
5	12	55	0.0	0.0	nan	nan	0.0	0.0
5	12	52	0.0	0.0	nan	nan	0.0	0.0
5	12	49	0.0	0.0	nan	nan	0.0	0.0
5	12	46	0.0	0.0	nan	nan	0.0	0.0
5	12	43	0.0	0.0	nan	nan	0.0	0.0
5	12	40	0.0	0.0	nan	nan	0.0	0.0
5	12	37	0.0	0.0	nan	nan	0.0	0.0
5	12	34	0.0	0.0	nan	nan	0.0	0.0
5	12	31	0.0	0.0	nan	nan	0.0	0.0
5	12	28	0.0	0.0	nan	nan	0.0	0.0
5	13	100	0.0	0.0	nan	nan	0.0	0.0
5	13	97	0.0	0.0	nan	nan	0.0	0.0
5	13	94	0.0	0.0	nan	nan	0.0	0.0
5	13	91	0.0	0.0	nan	nan	0.0	0.0
5	13	88	0.0	0.0	nan	nan	0.0	0.0
5	13	85	0.0	0.0	nan	nan	0.0	0.0
5	13	82	0.0	0.0	nan	nan	0.0	0.0
5	13	79	0.0	0.0	nan	nan	0.0	0.0
5	13	76	0.0	0.0	nan	nan	0.0	0.0
5	13	73	0.0	0.0	nan	nan	0.0	0.0
5	13	70	0.0	0.0	nan	nan	0.0	0.0
5	13	67	0.0	0.0	nan	nan	0.0	0.0
5	13	64	0.0	0.0	nan	nan	0.0	0.0
5	13	61	0.0	0.0	nan	nan	0.0	0.0
5	13	58	0.0	0.0	nan	nan	0.0	0.0
5	13	55	0.0	0.0	nan	nan	0.0	0.0
5	13	52	0.0	0.0	nan	nan	0.0	0.0
5	13	49	0.0	0.0	nan	nan	0.0	0.0
5	13	46	0.0	0.0	nan	nan	0.0	0.0
5	13	43	0.0	0.0	nan	nan	0.0	0.0
5	13	40	0.0	0.0	nan	nan	0.0	0.0
5	13	37	0.0	0.0	nan	nan	0.0	0.0
5	13	34	0.0	0.0	nan	nan	0.0	0.0
5	13	31	0.0	0.0	nan	nan	0.0	0.0
5	13	28	0.0	0.0	nan	nan	0.0	0.0
5	14	100	0.0	0.0	nan	nan	0.0	0.0
5	14	97	0.0	0.0	nan	nan	0.0	0.0
5	14	94	0.0	0.0	nan	nan	0.0	0.0
5	14	91	0.0	0.0	nan	nan	0.0	0.0
5	14	88	0.0	0.0	nan	nan	0.0	0.0
5	14	85	0.0	0.0	nan	nan	0.0	0.0
5	14	82	0.0	0.0	nan	nan	0.0	0.0
5	14	79	0.0	0.0	nan	nan	0.0	0.0
5	14	76	0.0	0.0	nan	nan	0.0	0.0
5	14	73	0.0	0.0	nan	nan	0.0	0.0
5	14	70	0.0	0.0	nan	nan	0.0	0.0
5	14	67	0.0	0.0	nan	nan	0.0	0.0
5	14	64	0.0	0.0	nan	nan	0.0	0.0
5	14	61	0.0	0.0	nan	nan	0.0	0.0
5	14	58	0.0	0.0	nan	nan	0.0	0.0
5	14	55	0.0	0.0	nan	nan	0.0	0.0
5	14	52	0.0	0.0	nan	nan	0.0	0.0
5	14	49	0.0	0.0	nan	nan	0.0	0.0
5	14	46	0.0	0.0	nan	nan	0.0	0.0
5	14	43	0.0	0.0	nan	nan	0.0	0.0
5	14	40	0.0	0.0	nan	nan	0.0	0.0
5	14	37	0.0	0.0	nan	nan	0.0	0.0
5	14	34	0.0	0.0	nan	nan	0.0	0.0
5	14	31	0.0	0.0	nan	nan	0.0	0.0
5	14	28	0.0	0.0	nan	nan	0.0	0.0
5	15	100	0.0	0.0	nan	nan	0.0	0.0
5	15	97	0.0	0.0	nan	nan	0.0	0.0
5	15	94	0.0	0.0	nan	nan	0.0	0.0
5	15	91	0.0	0.0	nan	nan	0.0	0.0
5	15	88	0.0	0.0	nan	nan	0.0	0.0
5	15	85	0.0	0.0	nan	nan	0.0	0.0
5	15	82	0.0	0.0	nan	nan	0.0	0.0
5	15	79	0.0	0.0	nan	nan	0.0	0.0
5	15	76	0.0	0.0	nan	nan	0.0	0.0
5	15	73	0.0	0.0	nan	nan	0.0	0.0
5	15	70	0.0	0.0	nan	nan	0.0	0.0
5	15	67	0.0	0.0	nan	nan	0.0	0.0
5	15	64	0.0	0.0	nan	nan	0.0	0.0
5	15	61	0.0	0.0	nan	nan	0.0	0.0
5	15	58	0.0	0.0	nan	nan	0.0	0.0
5	15	55	0.0	0.0	nan	nan	0.0	0.0
5	15	52	0.0	0.0	nan	nan	0.0	0.0
5	15	49	0.0	0.0	nan	nan	0.0	0.0
5	15	46	0.0	0.0	nan	nan	0.0	0.0
5	15	43	0.0	0.0	nan	nan	0.0	0.0
5	15	40	0.0	0.0	nan	nan	0.0	0.0
5	15	37	0.0	0.0	nan	nan	0.0	0.0
5	15	34	0.0	0.0	nan	nan	0.0	0.0
5	15	31	0.0	0.0	nan	nan	0.0	0.0
5	15	28	0.0	0.0	nan	nan	0.0	0.0
5	16	100	0.0	0.0	nan	nan	0.0	0.0
5	16	97	0.0	0.0	nan	nan	0.0	0.0
5	16	94	0.0	0.0	nan	nan	0.0	0.0
5	16	91	0.0	0.0	nan	nan	0.0	0.0
5	16	88	0.0	0.0	nan	nan	0.0	0.0
5	16	85	0.0	0.0	nan	nan	0.0	0.0
5	16	82	0.0	0.0	nan	nan	0.0	0.0
5	16	79	0.0	0.0	nan	nan	0.0	0.0
5	16	76	0.0	0.0	nan	nan	0.0	0.0
5	16	73	0.0	0.0	nan	nan	0.0	0.0
5	16	70	0.0	0.0	nan	nan	0.0	0.0
5	16	67	0.0	0.0	nan	nan	0.0	0.0
5	16	64	0.0	0.0	nan	nan	0.0	0.0
5	16	61	0.0	0.0	nan	nan	0.0	0.0
5	16	58	0.0	0.0	nan	nan	0.0	0.0
5	16	55	0.0	0.0	nan	nan	0.0	0.0
5	16	52	0.0	0.0	nan	nan	0.0	0.0
5	16	49	0.0	0.0	nan	nan	0.0	0.0
5	16	46	0.0	0.0	nan	nan	0.0	0.0
5	16	43	0.0	0.0	nan	nan	0.0	0.0
5	16	40	0.0	0.0	nan	nan	0.0	0.0
5	16	37	0.0	0.0	nan	nan	0.0	0.0
5	16	34	0.0	0.0	nan	nan	0.0	0.0
5	16	31	0.0	0.0	nan	nan	0.0	0.0
5	16	28	0.0	0.0	nan	nan	0.0	0.0
5	17	100	0.0	0.0	nan	nan	0.0	0.0
5	17	97	0.0	0.0	nan	nan	0.0	0.0
5	17	94	0.0	0.0	nan	nan	0.0	0.0
5	17	91	0.0	0.0	nan	nan	0.0	0.0
5	17	88	0.0	0.0	nan	nan	0.0	0.0
5	17	85	0.0	0.0	nan	nan	0.0	0.0
5	17	82	0.0	0.0	nan	nan	0.0	0.0
5	17	79	0.0	0.0	nan	nan	0.0	0.0
5	17	76	0.0	0.0	nan	nan	0.0	0.0
5	17	73	0.0	0.0	nan	nan	0.0	0.0
5	17	70	0.0	0.0	nan	nan	0.0	0.0
5	17	67	0.0	0.0	nan	nan	0.0	0.0
5	17	64	0.0	0.0	nan	nan	0.0	0.0
5	17	61	0.0	0.0	nan	nan	0.0	0.0
5	17	58	0.0	0.0	nan	nan	0.0	0.0
5	17	55	0.0	0.0	nan	nan	0.0	0.0
5	17	52	0.0	0.0	nan	nan	0.0	0.0
5	17	49	0.0	0.0	nan	nan	0.0	0.0
5	17	46	0.0	0.0	nan	nan	0.0	0.0
5	17	43	0.0	0.0	nan	nan	0.0	0.0
5	17	40	0.0	0.0	nan	nan	0.0	0.0
5	17	37	0.0	0.0	nan	nan	0.0	0.0
5	17	34	0.0	0.0	nan	nan	0.0	0.0
5	17	31	0.0	0.0	nan	nan	0.0	0.0
5	17	28	0.0	0.0	nan	nan	0.0	0.0
5	18	100	0.0	0.0	nan	nan	0.0	0.0
5	18	97	0.0	0.0	nan	nan	0.0	0.0
5	18	94	0.0	0.0	nan	nan	0.0	0.0
5	18	91	0.0	0.0	nan	nan	0.0	0.0
5	18	88	0.0	0.0	nan	nan	0.0	0.0
5	18	85	0.0	0.0	nan	nan	0.0	0.0
5	18	82	0.0	0.0	nan	nan	0.0	0.0
5	18	79	0.0	0.0	nan	nan	0.0	0.0
5	18	76	0.0	0.0	nan	nan	0.0	0.0
5	18	73	0.0	0.0	nan	nan	0.0	0.0
5	18	70	0.0	0.0	nan	nan	0.0	0.0
5	18	67	0.0	0.0	nan	nan	0.0	0.0
5	18	64	0.0	0.0	nan	nan	0.0	0.0
5	18	61	0.0	0.0	nan	nan	0.0	0.0
5	18	58	0.0	0.0	nan	nan	0.0	0.0
5	18	55	0.0	0.0	nan	nan	0.0	0.0
5	18	52	0.0	0.0	nan	nan	0.0	0.0
5	18	49	0.0	0.0	nan	nan	0.0	0.0
5	18	46	0.0	0.0	nan	nan	0.0	0.0
5	18	43	0.0	0.0	nan	nan	0.0	0.0
5	18	40	0.0	0.0	nan	nan	0.0	0.0
5	18	37	0.0	0.0	nan	nan	0.0	0.0
5	18	34	0.0	0.0	nan	nan	0.0	0.0
5	18	31	0.0	0.0	nan	nan	0.0	0.0
5	18	28	0.0	0.0	nan	nan	0.0	0.0
5	19	100	0.0	0.0	nan	nan	0.0	0.0
5	19	97	0.0	0.0	nan	nan	0.0	0.0
5	19	94	0.0	0.0	nan	nan	0.0	0.0
5	19	91	0.0	0.0	nan	nan	0.0	0.0
5	19	88	0.0	0.0	nan	nan	0.0	0.0
5	19	85	0.0	0.0	nan	nan	0.0	0.0
5	19	82	0.0	0.0	nan	nan	0.0	0.0
5	19	79	0.0	0.0	nan	nan	0.0	0.0
5	19	76	0.0	0.0	nan	nan	0.0	0.0
5	19	73	0.0	0.0	nan	nan	0.0	0.0
5	19	70	0.0	0.0	nan	nan	0.0	0.0
5	19	67	0.0	0.0	nan	nan	0.0	0.0
5	19	64	0.0	0.0	nan	nan	0.0	0.0
5	19	61	0.0	0.0	nan	nan	0.0	0.0
5	19	58	0.0	0.0	nan	nan	0.0	0.0
5	19	55	0.0	0.0	nan	nan	0.0	0.0
5	19	52	0.0	0.0	nan	nan	0.0	0.0
5	19	49	0.0	0.0	nan	nan	0.0	0.0
5	19	46	0.0	0.0	nan	nan	0.0	0.0
5	19	43	0.0	0.0	nan	nan	0.0	0.0
5	19	40	0.0	0.0	nan	nan	0.0	0.0
5	19	37	0.0	0.0	nan	nan	0.0	0.0
5	19	34	0.0	0.0	nan	nan	0.0	0.0
5	19	31	0.0	0.0	nan	nan	0.0	0.0
5	19	28	0.0	0.0	nan	nan	0.0	0.0
5	20	100	0.0	0.0	nan	nan	0.0	0.0
5	20	97	0.0	0.0	nan	nan	0.0	0.0
5	20	94	0.0	0.0	nan	nan	0.0	0.0
5	20	91	0.0	0.0	nan	nan	0.0	0.0
5	20	88	0.0	0.0	nan	nan	0.0	0.0
5	20	85	0.0	0.0	nan	nan	0.0	0.0
5	20	82	0.0	0.0	nan	nan	0.0	0.0
5	20	79	0.0	0.0	nan	nan	0.0	0.0
5	20	76	0.0	0.0	nan	nan	0.0	0.0
5	20	73	0.0	0.0	nan	nan	0.0	0.0
5	20	70	0.0	0.0	nan	nan	0.0	0.0
5	20	67	0.0	0.0	nan	nan	0.0	0.0
5	20	64	0.0	0.0	nan	nan	0.0	0.0
5	20	61	0.0	0.0	nan	nan	0.0	0.0
5	20	58	0.0	0.0	nan	nan	0.0	0.0
5	20	55	0.0	0.0	nan	nan	0.0	0.0
5	20	52	0.0	0.0	nan	nan	0.0	0.0
5	20	49	0.0	0.0	nan	nan	0.0	0.0
5	20	46	0.0	0.0	nan	nan	0.0	0.0
5	20	43	0.0	0.0	nan	nan	0.0	0.0
5	20	40	0.0	0.0	nan	nan	0.0	0.0
5	20	37	0.0	0.0	nan	nan	0.0	0.0
5	20	34	0.0	0.0	nan	nan	0.0	0.0
5	20	31	0.0	0.0	nan	nan	0.0	0.0
5	20	28	0.0	0.0	nan	nan	0.0	0.0
5	21	100	0.0	0.0	nan	nan	0.0	0.0
5	21	97	0.0	0.0	nan	nan	0.0	0.0
5	21	94	0.0	0.0	nan	nan	0.0	0.0
5	21	91	0.0	0.0	nan	nan	0.0	0.0
5	21	88	0.0	0.0	nan	nan	0.0	0.0
5	21	85	0.0	0.0	nan	nan	0.0	0.0
5	21	82	0.0	0.0	nan	nan	0.0	0.0
5	21	79	0.0	0.0	nan	nan	0.0	0.0
5	21	76	0.0	0.0	nan	nan	0.0	0.0
5	21	73	0.0	0.0	nan	nan	0.0	0.0
5	21	70	0.0	0.0	nan	nan	0.0	0.0
5	21	67	0.0	0.0	nan	nan	0.0	0.0
5	21	64	0.0	0.0	nan	nan	0.0	0.0
5	21	61	0.0	0.0	nan	nan	0.0	0.0
5	21	58	0.0	0.0	nan	nan	0.0	0.0
5	21	55	0.0	0.0	nan	nan	0.0	0.0
5	21	52	0.0	0.0	nan	nan	0.0	0.0
5	21	49	0.0	0.0	nan	nan	0.0	0.0
5	21	46	0.0	0.0	nan	nan	0.0	0.0
5	21	43	0.0	0.0	nan	nan	0.0	0.0
5	21	40	0.0	0.0	nan	nan	0.0	0.0
5	21	37	0.0	0.0	nan	nan	0.0	0.0
5	21	34	0.0	0.0	nan	nan	0.0	0.0
5	21	31	0.0	0.0	nan	nan	0.0	0.0
5	21	28	0.0	0.0	nan	nan	0.0	0.0
5	22	100	0.0	0.0	nan	nan	0.0	0.0
5	22	97	0.0	0.0	nan	nan	0.0	0.0
5	22	94	0.0	0.0	nan	nan	0.0	0.0
5	22	91	0.0	0.0	nan	nan	0.0	0.0
5	22	88	0.0	0.0	nan	nan	0.0	0.0
5	22	85	0.0	0.0	nan	nan	0.0	0.0
5	22	82	0.0	0.0	nan	nan	0.0	0.0
5	22	79	0.0	0.0	nan	nan	0.0	0.0
5	22	76	0.0	0.0	nan	nan	0.0	0.0
5	22	73	0.0	0.0	nan	nan	0.0	0.0
5	22	70	0.0	0.0	nan	nan	0.0	0.0
5	22	67	0.0	0.0	nan	nan	0.0	0.0
5	22	64	0.0	0.0	nan	nan	0.0	0.0
5	22	61	0.0	0.0	nan	nan	0.0	0.0
5	22	58	0.0	0.0	nan	nan	0.0	0.0
5	22	55	0.0	0.0	nan	nan	0.0	0.0
5	22	52	0.0	0.0	nan	nan	0.0	0.0
5	22	49	0.0	0.0	nan	nan	0.0	0.0
5	22	46	0.0	0.0	nan	nan	0.0	0.0
5	22	43	0.0	0.0	nan	nan	0.0	0.0
5	22	40	0.0	0.0	nan	nan	0.0	0.0
5	22	37	0.0	0.0	nan	nan	0.0	0.0
5	22	34	0.0	0.0	nan	nan	0.0	0.0
5	22	31	0.0	0.0	nan	nan	0.0	0.0
5	22	28	0.0	0.0	nan	nan	0.0	0.0
5	23	100	0.0	0.0	nan	nan	0.0	0.0
5	23	97	0.0	0.0	nan	nan	0.0	0.0
5	23	94	0.0	0.0	nan	nan	0.0	0.0
5	23	91	0.0	0.0	nan	nan	0.0	0.0
5	23	88	0.0	0.0	nan	nan	0.0	0.0
5	23	85	0.0	0.0	nan	nan	0.0	0.0
5	23	82	0.0	0.0	nan	nan	0.0	0.0
5	23	79	0.0	0.0	nan	nan	0.0	0.0
5	23	76	0.0	0.0	nan	nan	0.0	0.0
5	23	73	0.0	0.0	nan	nan	0.0	0.0
5	23	70	0.0	0.0	nan	nan	0.0	0.0
5	23	67	0.0	0.0	nan	nan	0.0	0.0
5	23	64	0.0	0.0	nan	nan	0.0	0.0
5	23	61	0.0	0.0	nan	nan	0.0	0.0
5	23	58	0.0	0.0	nan	nan	0.0	0.0
5	23	55	0.0	0.0	nan	nan	0.0	0.0
5	23	52	0.0	0.0	nan	nan	0.0	0.0
5	23	49	0.0	0.0	nan	nan	0.0	0.0
5	23	46	0.0	0.0	nan	nan	0.0	0.0
5	23	43	0.0	0.0	nan	nan	0.0	0.0
5	23	40	0.0	0.0	nan	nan	0.0	0.0
5	23	37	0.0	0.0	nan	nan	0.0	0.0
5	23	34	0.0	0.0	nan	nan	0.0	0.0
5	23	31	0.0	0.0	nan	nan	0.0	0.0
5	23	28	0.0	0.0	nan	nan	0.0	0.0
5	24	100	0.0	0.0	nan	nan	0.0	0.0
5	24	97	0.0	0.0	nan	nan	0.0	0.0
5	24	94	0.0	0.0	nan	nan	0.0	0.0
5	24	91	0.0	0.0	nan	nan	0.0	0.0
5	24	88	0.0	0.0	nan	nan	0.0	0.0
5	24	85	0.0	0.0	nan	nan	0.0	0.0
5	24	82	0.0	0.0	nan	nan	0.0	0.0
5	24	79	0.0	0.0	nan	nan	0.0	0.0
5	24	76	0.0	0.0	nan	nan	0.0	0.0
5	24	73	0.0	0.0	nan	nan	0.0	0.0
5	24	70	0.0	0.0	nan	nan	0.0	0.0
5	24	67	0.0	0.0	nan	nan	0.0	0.0
5	24	64	0.0	0.0	nan	nan	0.0	0.0
5	24	61	0.0	0.0	nan	nan	0.0	0.0
5	24	58	0.0	0.0	nan	nan	0.0	0.0
5	24	55	0.0	0.0	nan	nan	0.0	0.0
5	24	52	0.0	0.0	nan	nan	0.0	0.0
5	24	49	0.0	0.0	nan	nan	0.0	0.0
5	24	46	0.0	0.0	nan	nan	0.0	0.0
5	24	43	0.0	0.0	nan	nan	0.0	0.0
5	24	40	0.0	0.0	nan	nan	0.0	0.0
5	24	37	0.0	0.0	nan	nan	0.0	0.0
5	24	34	0.0	0.0	nan	nan	0.0	0.0
5	24	31	0.0	0.0	nan	nan	0.0	0.0
5	24	28	0.0	0.0	nan	nan	0.0	0.0
5	25	100	0.0	0.0	nan	nan	0.0	0.0
5	25	97	0.0	0.0	nan	nan	0.0	0.0
5	25	94	0.0	0.0	nan	nan	0.0	0.0
5	25	91	0.0	0.0	nan	nan	0.0	0.0
5	25	88	0.0	0.0	nan	nan	0.0	0.0
5	25	85	0.0	0.0	nan	nan	0.0	0.0
5	25	82	0.0	0.0	nan	nan	0.0	0.0
5	25	79	0.0	0.0	nan	nan	0.0	0.0
5	25	76	0.0	0.0	nan	nan	0.0	0.0
5	25	73	0.0	0.0	nan	nan	0.0	0.0
5	25	70	0.0	0.0	nan	nan	0.0	0.0
5	25	67	0.0	0.0	nan	nan	0.0	0.0
5	25	64	0.0	0.0	nan	nan	0.0	0.0
5	25	61	0.0	0.0	nan	nan	0.0	0.0
5	25	58	0.0	0.0	nan	nan	0.0	0.0
5	25	55	0.0	0.0	nan	nan	0.0	0.0
5	25	52	0.0	0.0	nan	nan	0.0	0.0
5	25	49	0.0	0.0	nan	nan	0.0	0.0
5	25	46	0.0	0.0	nan	nan	0.0	0.0
5	25	43	0.0	0.0	nan	nan	0.0	0.0
5	25	40	0.0	0.0	nan	nan	0.0	0.0
5	25	37	0.0	0.0	nan	nan	0.0	0.0
5	25	34	0.0	0.0	nan	nan	0.0	0.0
5	25	31	0.0	0.0	nan	nan	0.0	0.0
5	25	28	0.0	0.0	nan	nan	0.0	0.0
5	26	100	0.0	0.0	nan	nan	0.0	0.0
5	26	97	0.0	0.0	nan	nan	0.0	0.0
5	26	94	0.0	0.0	nan	nan	0.0	0.0
5	26	91	0.0	0.0	nan	nan	0.0	0.0
5	26	88	0.0	0.0	nan	nan	0.0	0.0
5	26	85	0.0	0.0	nan	nan	0.0	0.0
5	26	82	0.0	0.0	nan	nan	0.0	0.0
5	26	79	0.0	0.0	nan	nan	0.0	0.0
5	26	76	0.0	0.0	nan	nan	0.0	0.0
5	26	73	0.0	0.0	nan	nan	0.0	0.0
5	26	70	0.0	0.0	nan	nan	0.0	0.0
5	26	67	0.0	0.0	nan	nan	0.0	0.0
5	26	64	0.0	0.0	nan	nan	0.0	0.0
5	26	61	0.0	0.0	nan	nan	0.0	0.0
5	26	58	0.0	0.0	nan	nan	0.0	0.0
5	26	55	0.0	0.0	nan	nan	0.0	0.0
5	26	52	0.0	0.0	nan	nan	0.0	0.0
5	26	49	0.0	0.0	nan	nan	0.0	0.0
5	26	46	0.0	0.0	nan	nan	0.0	0.0
5	26	43	0.0	0.0	nan	nan	0.0	0.0
5	26	40	0.0	0.0	nan	nan	0.0	0.0
5	26	37	0.0	0.0	nan	nan	0.0	0.0
5	26	34	0.0	0.0	nan	nan	0.0	0.0
5	26	31	0.0	0.0	nan	nan	0.0	0.0
5	26	28	0.0	0.0	nan	nan	0.0	0.0
5	27	100	0.0	0.0	nan	nan	0.0	0.0
5	27	97	0.0	0.0	nan	nan	0.0	0.0
5	27	94	0.0	0.0	nan	nan	0.0	0.0
5	27	91	0.0	0.0	nan	nan	0.0	0.0
5	27	88	0.0	0.0	nan	nan	0.0	0.0
5	27	85	0.0	0.0	nan	nan	0.0	0.0
5	27	82	0.0	0.0	nan	nan	0.0	0.0
5	27	79	0.0	0.0	nan	nan	0.0	0.0
5	27	76	0.0	0.0	nan	nan	0.0	0.0
5	27	73	0.0	0.0	nan	nan	0.0	0.0
5	27	70	0.0	0.0	nan	nan	0.0	0.0
5	27	67	0.0	0.0	nan	nan	0.0	0.0
5	27	64	0.0	0.0	nan	nan	0.0	0.0
5	27	61	0.0	0.0	nan	nan	0.0	0.0
5	27	58	0.0	0.0	nan	nan	0.0	0.0
5	27	55	0.0	0.0	nan	nan	0.0	0.0
5	27	52	0.0	0.0	nan	nan	0.0	0.0
5	27	49	0.0	0.0	nan	nan	0.0	0.0
5	27	46	0.0	0.0	nan	nan	0.0	0.0
5	27	43	0.0	0.0	nan	nan	0.0	0.0
5	27	40	0.0	0.0	nan	nan	0.0	0.0
5	27	37	0.0	0.0	nan	nan	0.0	0.0
5	27	34	0.0	0.0	nan	nan	0.0	0.0
5	27	31	0.0	0.0	nan	nan	0.0	0.0
5	27	28	0.0	0.0	nan	nan	0.0	0.0
5	28	100	0.0	0.0	nan	nan	0.0	0.0
5	28	97	0.0	0.0	nan	nan	0.0	0.0
5	28	94	0.0	0.0	nan	nan	0.0	0.0
5	28	91	0.0	0.0	nan	nan	0.0	0.0
5	28	88	0.0	0.0	nan	nan	0.0	0.0
5	28	85	0.0	0.0	nan	nan	0.0	0.0
5	28	82	0.0	0.0	nan	nan	0.0	0.0
5	28	79	0.0	0.0	nan	nan	0.0	0.0
5	28	76	0.0	0.0	nan	nan	0.0	0.0
5	28	73	0.0	0.0	nan	nan	0.0	0.0
5	28	70	0.0	0.0	nan	nan	0.0	0.0
5	28	67	0.0	0.0	nan	nan	0.0	0.0
5	28	64	0.0	0.0	nan	nan	0.0	0.0
5	28	61	0.0	0.0	nan	nan	0.0	0.0
5	28	58	0.0	0.0	nan	nan	0.0	0.0
5	28	55	0.0	0.0	nan	nan	0.0	0.0
5	28	52	0.0	0.0	nan	nan	0.0	0.0
5	28	49	0.0	0.0	nan	nan	0.0	0.0
5	28	46	0.0	0.0	nan	nan	0.0	0.0
5	28	43	0.0	0.0	nan	nan	0.0	0.0
5	28	40	0.0	0.0	nan	nan	0.0	0.0
5	28	37	0.0	0.0	nan	nan	0.0	0.0
5	28	34	0.0	0.0	nan	nan	0.0	0.0
5	28	31	0.0	0.0	nan	nan	0.0	0.0
5	28	28	0.0	0.0	nan	nan	0.0	0.0
5	29	100	0.0	0.0	nan	nan	0.0	0.0
5	29	97	0.0	0.0	nan	nan	0.0	0.0
5	29	94	0.0	0.0	nan	nan	0.0	0.0
5	29	91	0.0	0.0	nan	nan	0.0	0.0
5	29	88	0.0	0.0	nan	nan	0.0	0.0
5	29	85	0.0	0.0	nan	nan	0.0	0.0
5	29	82	0.0	0.0	nan	nan	0.0	0.0
5	29	79	0.0	0.0	nan	nan	0.0	0.0
5	29	76	0.0	0.0	nan	nan	0.0	0.0
5	29	73	0.0	0.0	nan	nan	0.0	0.0
5	29	70	0.0	0.0	nan	nan	0.0	0.0
5	29	67	0.0	0.0	nan	nan	0.0	0.0
5	29	64	0.0	0.0	nan	nan	0.0	0.0
5	29	61	0.0	0.0	nan	nan	0.0	0.0
5	29	58	0.0	0.0	nan	nan	0.0	0.0
5	29	55	0.0	0.0	nan	nan	0.0	0.0
5	29	52	0.0	0.0	nan	nan	0.0	0.0
5	29	49	0.0	0.0	nan	nan	0.0	0.0
5	29	46	0.0	0.0	nan	nan	0.0	0.0
5	29	43	0.0	0.0	nan	nan	0.0	0.0
5	29	40	0.0	0.0	nan	nan	0.0	0.0
5	29	37	0.0	0.0	nan	nan	0.0	0.0
5	29	34	0.0	0.0	nan	nan	0.0	0.0
5	29	31	0.0	0.0	nan	nan	0.0	0.0
5	29	28	0.0	0.0	nan	nan	0.0	0.0
5	30	100	0.0	0.0	nan	nan	0.0	0.0
5	30	97	0.0	0.0	nan	nan	0.0	0.0
5	30	94	0.0	0.0	nan	nan	0.0	0.0
5	30	91	0.0	0.0	nan	nan	0.0	0.0
5	30	88	0.0	0.0	nan	nan	0.0	0.0
5	30	85	0.0	0.0	nan	nan	0.0	0.0
5	30	82	0.0	0.0	nan	nan	0.0	0.0
5	30	79	0.0	0.0	nan	nan	0.0	0.0
5	30	76	0.0	0.0	nan	nan	0.0	0.0
5	30	73	0.0	0.0	nan	nan	0.0	0.0
5	30	70	0.0	0.0	nan	nan	0.0	0.0
5	30	67	0.0	0.0	nan	nan	0.0	0.0
5	30	64	0.0	0.0	nan	nan	0.0	0.0
5	30	61	0.0	0.0	nan	nan	0.0	0.0
5	30	58	0.0	0.0	nan	nan	0.0	0.0
5	30	55	0.0	0.0	nan	nan	0.0	0.0
5	30	52	0.0	0.0	nan	nan	0.0	0.0
5	30	49	0.0	0.0	nan	nan	0.0	0.0
5	30	46	0.0	0.0	nan	nan	0.0	0.0
5	30	43	0.0	0.0	nan	nan	0.0	0.0
5	30	40	0.0	0.0	nan	nan	0.0	0.0
5	30	37	0.0	0.0	nan	nan	0.0	0.0
5	30	34	0.0	0.0	nan	nan	0.0	0.0
5	30	31	0.0	0.0	nan	nan	0.0	0.0
5	30	28	0.0	0.0	nan	nan	0.0	0.0
5	31	100	0.0	0.0	nan	nan	0.0	0.0
5	31	97	0.0	0.0	nan	nan	0.0	0.0
5	31	94	0.0	0.0	nan	nan	0.0	0.0
5	31	91	0.0	0.0	nan	nan	0.0	0.0
5	31	88	0.0	0.0	nan	nan	0.0	0.0
5	31	85	0.0	0.0	nan	nan	0.0	0.0
5	31	82	0.0	0.0	nan	nan	0.0	0.0
5	31	79	0.0	0.0	nan	nan	0.0	0.0
5	31	76	0.0	0.0	nan	nan	0.0	0.0
5	31	73	0.0	0.0	nan	nan	0.0	0.0
5	31	70	0.0	0.0	nan	nan	0.0	0.0
5	31	67	0.0	0.0	nan	nan	0.0	0.0
5	31	64	0.0	0.0	nan	nan	0.0	0.0
5	31	61	0.0	0.0	nan	nan	0.0	0.0
5	31	58	0.0	0.0	nan	nan	0.0	0.0
5	31	55	0.0	0.0	nan	nan	0.0	0.0
5	31	52	0.0	0.0	nan	nan	0.0	0.0
5	31	49	0.0	0.0	nan	nan	0.0	0.0
5	31	46	0.0	0.0	nan	nan	0.0	0.0
5	31	43	0.0	0.0	nan	nan	0.0	0.0
5	31	40	0.0	0.0	nan	nan	0.0	0.0
5	31	37	0.0	0.0	nan	nan	0.0	0.0
5	31	34	0.0	0.0	nan	nan	0.0	0.0
5	31	31	0.0	0.0	nan	nan	0.0	0.0
5	31	28	0.0	0.0	nan	nan	0.0	0.0
6	0	100	0.0	0.0	nan	nan	0.0	0.0
6	0	97	0.0	0.0	nan	nan	0.0	0.0
6	0	94	0.0	0.0	nan	nan	0.0	0.0
6	0	91	0.0	0.0	nan	nan	0.0	0.0
6	0	88	0.0	0.0	nan	nan	0.0	0.0
6	0	85	0.0	0.0	nan	nan	0.0	0.0
6	0	82	0.0	0.0	nan	nan	0.0	0.0
6	0	79	0.0	0.0	nan	nan	0.0	0.0
6	0	76	0.0	0.0	nan	nan	0.0	0.0
6	0	73	0.0	0.0	nan	nan	0.0	0.0
6	0	70	0.0	0.0	nan	nan	0.0	0.0
6	0	67	0.0	0.0	nan	nan	0.0	0.0
6	0	64	0.0	0.0	nan	nan	0.0	0.0
6	0	61	0.0	0.0	nan	nan	0.0	0.0
6	0	58	0.0	0.0	nan	nan	0.0	0.0
6	0	55	0.0	0.0	nan	nan	0.0	0.0
6	0	52	0.0	0.0	nan	nan	0.0	0.0
6	0	49	0.0	0.0	nan	nan	0.0	0.0
6	0	46	0.0	0.0	nan	nan	0.0	0.0
6	0	43	0.0	0.0	nan	nan	0.0	0.0
6	0	40	0.0	0.0	nan	nan	0.0	0.0
6	0	37	0.0	0.0	nan	nan	0.0	0.0
6	0	34	0.0	0.0	nan	nan	0.0	0.0
6	0	31	0.0	0.0	nan	nan	0.0	0.0
6	0	28	0.0	0.0	nan	nan	0.0	0.0
6	1	100	0.0	0.0	nan	nan	0.0	0.0
6	1	97	0.0	0.0	nan	nan	0.0	0.0
6	1	94	0.0	0.0	nan	nan	0.0	0.0
6	1	91	0.0	0.0	nan	nan	0.0	0.0
6	1	88	0.0	0.0	nan	nan	0.0	0.0
6	1	85	0.0	0.0	nan	nan	0.0	0.0
6	1	82	0.0	0.0	nan	nan	0.0	0.0
6	1	79	0.0	0.0	nan	nan	0.0	0.0
6	1	76	0.0	0.0	nan	nan	0.0	0.0
6	1	73	0.0	0.0	nan	nan	0.0	0.0
6	1	70	0.0	0.0	nan	nan	0.0	0.0
6	1	67	0.0	0.0	nan	nan	0.0	0.0
6	1	64	0.0	0.0	nan	nan	0.0	0.0
6	1	61	0.0	0.0	nan	nan	0.0	0.0
6	1	58	0.0	0.0	nan	nan	0.0	0.0
6	1	55	0.0	0.0	nan	nan	0.0	0.0
6	1	52	0.0	0.0	nan	nan	0.0	0.0
6	1	49	0.0	0.0	nan	nan	0.0	0.0
6	1	46	0.0	0.0	nan	nan	0.0	0.0
6	1	43	0.0	0.0	nan	nan	0.0	0.0
6	1	40	0.0	0.0	nan	nan	0.0	0.0
6	1	37	0.0	0.0	nan	nan	0.0	0.0
6	1	34	0.0	0.0	nan	nan	0.0	0.0
6	1	31	0.0	0.0	nan	nan	0.0	0.0
6	1	28	0.0	0.0	nan	nan	0.0	0.0
6	2	100	0.0	0.0	nan	nan	0.0	0.0
6	2	97	0.0	0.0	nan	nan	0.0	0.0
6	2	94	0.0	0.0	nan	nan	0.0	0.0
6	2	91	0.0	0.0	nan	nan	0.0	0.0
6	2	88	0.0	0.0	nan	nan	0.0	0.0
6	2	85	0.0	0.0	nan	nan	0.0	0.0
6	2	82	0.0	0.0	nan	nan	0.0	0.0
6	2	79	0.0	0.0	nan	nan	0.0	0.0
6	2	76	0.0	0.0	nan	nan	0.0	0.0
6	2	73	0.0	0.0	nan	nan	0.0	0.0
6	2	70	0.0	0.0	nan	nan	0.0	0.0
6	2	67	0.0	0.0	nan	nan	0.0	0.0
6	2	64	0.0	0.0	nan	nan	0.0	0.0
6	2	61	0.0	0.0	nan	nan	0.0	0.0
6	2	58	0.0	0.0	nan	nan	0.0	0.0
6	2	55	0.0	0.0	nan	nan	0.0	0.0
6	2	52	0.0	0.0	nan	nan	0.0	0.0
6	2	49	0.0	0.0	nan	nan	0.0	0.0
6	2	46	0.0	0.0	nan	nan	0.0	0.0
6	2	43	0.0	0.0	nan	nan	0.0	0.0
6	2	40	0.0	0.0	nan	nan	0.0	0.0
6	2	37	0.0	0.0	nan	nan	0.0	0.0
6	2	34	0.0	0.0	nan	nan	0.0	0.0
6	2	31	0.0	0.0	nan	nan	0.0	0.0
6	2	28	0.0	0.0	nan	nan	0.0	0.0
6	3	100	0.0	0.0	nan	nan	0.0	0.0
6	3	97	0.0	0.0	nan	nan	0.0	0.0
6	3	94	0.0	0.0	nan	nan	0.0	0.0
6	3	91	0.0	0.0	nan	nan	0.0	0.0
6	3	88	0.0	0.0	nan	nan	0.0	0.0
6	3	85	0.0	0.0	nan	nan	0.0	0.0
6	3	82	0.0	0.0	nan	nan	0.0	0.0
6	3	79	0.0	0.0	nan	nan	0.0	0.0
6	3	76	0.0	0.0	nan	nan	0.0	0.0
6	3	73	0.0	0.0	nan	nan	0.0	0.0
6	3	70	0.0	0.0	nan	nan	0.0	0.0
6	3	67	0.0	0.0	nan	nan	0.0	0.0
6	3	64	0.0	0.0	nan	nan	0.0	0.0
6	3	61	0.0	0.0	nan	nan	0.0	0.0
6	3	58	0.0	0.0	nan	nan	0.0	0.0
6	3	55	0.0	0.0	nan	nan	0.0	0.0
6	3	52	0.0	0.0	nan	nan	0.0	0.0
6	3	49	0.0	0.0	nan	nan	0.0	0.0
6	3	46	0.0	0.0	nan	nan	0.0	0.0
6	3	43	0.0	0.0	nan	nan	0.0	0.0
6	3	40	0.0	0.0	nan	nan	0.0	0.0
6	3	37	0.0	0.0	nan	nan	0.0	0.0
6	3	34	0.0	0.0	nan	nan	0.0	0.0
6	3	31	0.0	0.0	nan	nan	0.0	0.0
6	3	28	0.0	0.0	nan	nan	0.0	0.0
6	4	100	0.0	0.0	nan	nan	0.0	0.0
6	4	97	0.0	0.0	nan	nan	0.0	0.0
6	4	94	0.0	0.0	nan	nan	0.0	0.0
6	4	91	0.0	0.0	nan	nan	0.0	0.0
6	4	88	0.0	0.0	nan	nan	0.0	0.0
6	4	85	0.0	0.0	nan	nan	0.0	0.0
6	4	82	0.0	0.0	nan	nan	0.0	0.0
6	4	79	0.0	0.0	nan	nan	0.0	0.0
6	4	76	0.0	0.0	nan	nan	0.0	0.0
6	4	73	0.0	0.0	nan	nan	0.0	0.0
6	4	70	0.0	0.0	nan	nan	0.0	0.0
6	4	67	0.0	0.0	nan	nan	0.0	0.0
6	4	64	0.0	0.0	nan	nan	0.0	0.0
6	4	61	0.0	0.0	nan	nan	0.0	0.0
6	4	58	0.0	0.0	nan	nan	0.0	0.0
6	4	55	0.0	0.0	nan	nan	0.0	0.0
6	4	52	0.0	0.0	nan	nan	0.0	0.0
6	4	49	0.0	0.0	nan	nan	0.0	0.0
6	4	46	0.0	0.0	nan	nan	0.0	0.0
6	4	43	0.0	0.0	nan	nan	0.0	0.0
6	4	40	0.0	0.0	nan	nan	0.0	0.0
6	4	37	0.0	0.0	nan	nan	0.0	0.0
6	4	34	0.0	0.0	nan	nan	0.0	0.0
6	4	31	0.0	0.0	nan	nan	0.0	0.0
6	4	28	0.0	0.0	nan	nan	0.0	0.0
6	5	100	0.0	0.0	nan	nan	0.0	0.0
6	5	97	0.0	0.0	nan	nan	0.0	0.0
6	5	94	0.0	0.0	nan	nan	0.0	0.0
6	5	91	0.0	0.0	nan	nan	0.0	0.0
6	5	88	0.0	0.0	nan	nan	0.0	0.0
6	5	85	0.0	0.0	nan	nan	0.0	0.0
6	5	82	0.0	0.0	nan	nan	0.0	0.0
6	5	79	0.0	0.0	nan	nan	0.0	0.0
6	5	76	0.0	0.0	nan	nan	0.0	0.0
6	5	73	0.0	0.0	nan	nan	0.0	0.0
6	5	70	0.0	0.0	nan	nan	0.0	0.0
6	5	67	0.0	0.0	nan	nan	0.0	0.0
6	5	64	0.0	0.0	nan	nan	0.0	0.0
6	5	61	0.0	0.0	nan	nan	0.0	0.0
6	5	58	0.0	0.0	nan	nan	0.0	0.0
6	5	55	0.0	0.0	nan	nan	0.0	0.0
6	5	52	0.0	0.0	nan	nan	0.0	0.0
6	5	49	0.0	0.0	nan	nan	0.0	0.0
6	5	46	0.0	0.0	nan	nan	0.0	0.0
6	5	43	0.0	0.0	nan	nan	0.0	0.0
6	5	40	0.0	0.0	nan	nan	0.0	0.0
6	5	37	0.0	0.0	nan	nan	0.0	0.0
6	5	34	0.0	0.0	nan	nan	0.0	0.0
6	5	31	0.0	0.0	nan	nan	0.0	0.0
6	5	28	0.0	0.0	nan	nan	0.0	0.0
6	6	100	0.0	0.0	nan	nan	0.0	0.0
6	6	97	0.0	0.0	nan	nan	0.0	0.0
6	6	94	0.0	0.0	nan	nan	0.0	0.0
6	6	91	0.0	0.0	nan	nan	0.0	0.0
6	6	88	0.0	0.0	nan	nan	0.0	0.0
6	6	85	0.0	0.0	nan	nan	0.0	0.0
6	6	82	0.0	0.0	nan	nan	0.0	0.0
6	6	79	0.0	0.0	nan	nan	0.0	0.0
6	6	76	0.0	0.0	nan	nan	0.0	0.0
6	6	73	0.0	0.0	nan	nan	0.0	0.0
6	6	70	0.0	0.0	nan	nan	0.0	0.0
6	6	67	0.0	0.0	nan	nan	0.0	0.0
6	6	64	0.0	0.0	nan	nan	0.0	0.0
6	6	61	0.0	0.0	nan	nan	0.0	0.0
6	6	58	0.0	0.0	nan	nan	0.0	0.0
6	6	55	0.0	0.0	nan	nan	0.0	0.0
6	6	52	0.0	0.0	nan	nan	0.0	0.0
6	6	49	0.0	0.0	nan	nan	0.0	0.0
6	6	46	0.0	0.0	nan	nan	0.0	0.0
6	6	43	0.0	0.0	nan	nan	0.0	0.0
6	6	40	0.0	0.0	nan	nan	0.0	0.0
6	6	37	0.0	0.0	nan	nan	0.0	0.0
6	6	34	0.0	0.0	nan	nan	0.0	0.0
6	6	31	0.0	0.0	nan	nan	0.0	0.0
6	6	28	0.0	0.0	nan	nan	0.0	0.0
6	7	100	0.0	0.0	nan	nan	0.0	0.0
6	7	97	0.0	0.0	nan	nan	0.0	0.0
6	7	94	0.0	0.0	nan	nan	0.0	0.0
6	7	91	0.0	0.0	nan	nan	0.0	0.0
6	7	88	0.0	0.0	nan	nan	0.0	0.0
6	7	85	0.0	0.0	nan	nan	0.0	0.0
6	7	82	0.0	0.0	nan	nan	0.0	0.0
6	7	79	0.0	0.0	nan	nan	0.0	0.0
6	7	76	0.0	0.0	nan	nan	0.0	0.0
6	7	73	0.0	0.0	nan	nan	0.0	0.0
6	7	70	0.0	0.0	nan	nan	0.0	0.0
6	7	67	0.0	0.0	nan	nan	0.0	0.0
6	7	64	0.0	0.0	nan	nan	0.0	0.0
6	7	61	0.0	0.0	nan	nan	0.0	0.0
6	7	58	0.0	0.0	nan	nan	0.0	0.0
6	7	55	0.0	0.0	nan	nan	0.0	0.0
6	7	52	0.0	0.0	nan	nan	0.0	0.0
6	7	49	0.0	0.0	nan	nan	0.0	0.0
6	7	46	0.0	0.0	nan	nan	0.0	0.0
6	7	43	0.0	0.0	nan	nan	0.0	0.0
6	7	40	0.0	0.0	nan	nan	0.0	0.0
6	7	37	0.0	0.0	nan	nan	0.0	0.0
6	7	34	0.0	0.0	nan	nan	0.0	0.0
6	7	31	0.0	0.0	nan	nan	0.0	0.0
6	7	28	0.0	0.0	nan	nan	0.0	0.0
6	8	100	0.0	0.0	nan	nan	0.0	0.0
6	8	97	0.0	0.0	nan	nan	0.0	0.0
6	8	94	0.0	0.0	nan	nan	0.0	0.0
6	8	91	0.0	0.0	nan	nan	0.0	0.0
6	8	88	0.0	0.0	nan	nan	0.0	0.0
6	8	85	0.0	0.0	nan	nan	0.0	0.0
6	8	82	0.0	0.0	nan	nan	0.0	0.0
6	8	79	0.0	0.0	nan	nan	0.0	0.0
6	8	76	0.0	0.0	nan	nan	0.0	0.0
6	8	73	0.0	0.0	nan	nan	0.0	0.0
6	8	70	0.0	0.0	nan	nan	0.0	0.0
6	8	67	0.0	0.0	nan	nan	0.0	0.0
6	8	64	0.0	0.0	nan	nan	0.0	0.0
6	8	61	0.0	0.0	nan	nan	0.0	0.0
6	8	58	0.0	0.0	nan	nan	0.0	0.0
6	8	55	0.0	0.0	nan	nan	0.0	0.0
6	8	52	0.0	0.0	nan	nan	0.0	0.0
6	8	49	0.0	0.0	nan	nan	0.0	0.0
6	8	46	0.0	0.0	nan	nan	0.0	0.0
6	8	43	0.0	0.0	nan	nan	0.0	0.0
6	8	40	0.0	0.0	nan	nan	0.0	0.0
6	8	37	0.0	0.0	nan	nan	0.0	0.0
6	8	34	0.0	0.0	nan	nan	0.0	0.0
6	8	31	0.0	0.0	nan	nan	0.0	0.0
6	8	28	0.0	0.0	nan	nan	0.0	0.0
6	9	100	0.0	0.0	nan	nan	0.0	0.0
6	9	97	0.0	0.0	nan	nan	0.0	0.0
6	9	94	0.0	0.0	nan	nan	0.0	0.0
6	9	91	0.0	0.0	nan	nan	0.0	0.0
6	9	88	0.0	0.0	nan	nan	0.0	0.0
6	9	85	0.0	0.0	nan	nan	0.0	0.0
6	9	82	0.0	0.0	nan	nan	0.0	0.0
6	9	79	0.0	0.0	nan	nan	0.0	0.0
6	9	76	0.0	0.0	nan	nan	0.0	0.0
6	9	73	0.0	0.0	nan	nan	0.0	0.0
6	9	70	0.0	0.0	nan	nan	0.0	0.0
6	9	67	0.0	0.0	nan	nan	0.0	0.0
6	9	64	0.0	0.0	nan	nan	0.0	0.0
6	9	61	0.0	0.0	nan	nan	0.0	0.0
6	9	58	0.0	0.0	nan	nan	0.0	0.0
6	9	55	0.0	0.0	nan	nan	0.0	0.0
6	9	52	0.0	0.0	nan	nan	0.0	0.0
6	9	49	0.0	0.0	nan	nan	0.0	0.0
6	9	46	0.0	0.0	nan	nan	0.0	0.0
6	9	43	0.0	0.0	nan	nan	0.0	0.0
6	9	40	0.0	0.0	nan	nan	0.0	0.0
6	9	37	0.0	0.0	nan	nan	0.0	0.0
6	9	34	0.0	0.0	nan	nan	0.0	0.0
6	9	31	0.0	0.0	nan	nan	0.0	0.0
6	9	28	0.0	0.0	nan	nan	0.0	0.0
6	10	100	0.0	0.0	nan	nan	0.0	0.0
6	10	97	0.0	0.0	nan	nan	0.0	0.0
6	10	94	0.0	0.0	nan	nan	0.0	0.0
6	10	91	0.0	0.0	nan	nan	0.0	0.0
6	10	88	0.0	0.0	nan	nan	0.0	0.0
6	10	85	0.0	0.0	nan	nan	0.0	0.0
6	10	82	0.0	0.0	nan	nan	0.0	0.0
6	10	79	0.0	0.0	nan	nan	0.0	0.0
6	10	76	0.0	0.0	nan	nan	0.0	0.0
6	10	73	0.0	0.0	nan	nan	0.0	0.0
6	10	70	0.0	0.0	nan	nan	0.0	0.0
6	10	67	0.0	0.0	nan	nan	0.0	0.0
6	10	64	0.0	0.0	nan	nan	0.0	0.0
6	10	61	0.0	0.0	nan	nan	0.0	0.0
6	10	58	0.0	0.0	nan	nan	0.0	0.0
6	10	55	0.0	0.0	nan	nan	0.0	0.0
6	10	52	0.0	0.0	nan	nan	0.0	0.0
6	10	49	0.0	0.0	nan	nan	0.0	0.0
6	10	46	0.0	0.0	nan	nan	0.0	0.0
6	10	43	0.0	0.0	nan	nan	0.0	0.0
6	10	40	0.0	0.0	nan	nan	0.0	0.0
6	10	37	0.0	0.0	nan	nan	0.0	0.0
6	10	34	0.0	0.0	nan	nan	0.0	0.0
6	10	31	0.0	0.0	nan	nan	0.0	0.0
6	10	28	0.0	0.0	nan	nan	0.0	0.0
6	11	100	0.0	0.0	nan	nan	0.0	0.0
6	11	97	0.0	0.0	nan	nan	0.0	0.0
6	11	94	0.0	0.0	nan	nan	0.0	0.0
6	11	91	0.0	0.0	nan	nan	0.0	0.0
6	11	88	0.0	0.0	nan	nan	0.0	0.0
6	11	85	0.0	0.0	nan	nan	0.0	0.0
6	11	82	0.0	0.0	nan	nan	0.0	0.0
6	11	79	0.0	0.0	nan	nan	0.0	0.0
6	11	76	0.0	0.0	nan	nan	0.0	0.0
6	11	73	0.0	0.0	nan	nan	0.0	0.0
6	11	70	0.0	0.0	nan	nan	0.0	0.0
6	11	67	0.0	0.0	nan	nan	0.0	0.0
6	11	64	0.0	0.0	nan	nan	0.0	0.0
6	11	61	0.0	0.0	nan	nan	0.0	0.0
6	11	58	0.0	0.0	nan	nan	0.0	0.0
6	11	55	0.0	0.0	nan	nan	0.0	0.0
6	11	52	0.0	0.0	nan	nan	0.0	0.0
6	11	49	0.0	0.0	nan	nan	0.0	0.0
6	11	46	0.0	0.0	nan	nan	0.0	0.0
6	11	43	0.0	0.0	nan	nan	0.0	0.0
6	11	40	0.0	0.0	nan	nan	0.0	0.0
6	11	37	0.0	0.0	nan	nan	0.0	0.0
6	11	34	0.0	0.0	nan	nan	0.0	0.0
6	11	31	0.0	0.0	nan	nan	0.0	0.0
6	11	28	0.0	0.0	nan	nan	0.0	0.0
6	12	100	0.0	0.0	nan	nan	0.0	0.0
6	12	97	0.0	0.0	nan	nan	0.0	0.0
6	12	94	0.0	0.0	nan	nan	0.0	0.0
6	12	91	0.0	0.0	nan	nan	0.0	0.0
6	12	88	0.0	0.0	nan	nan	0.0	0.0
6	12	85	0.0	0.0	nan	nan	0.0	0.0
6	12	82	0.0	0.0	nan	nan	0.0	0.0
6	12	79	0.0	0.0	nan	nan	0.0	0.0
6	12	76	0.0	0.0	nan	nan	0.0	0.0
6	12	73	0.0	0.0	nan	nan	0.0	0.0
6	12	70	0.0	0.0	nan	nan	0.0	0.0
6	12	67	0.0	0.0	nan	nan	0.0	0.0
6	12	64	0.0	0.0	nan	nan	0.0	0.0
6	12	61	0.0	0.0	nan	nan	0.0	0.0
6	12	58	0.0	0.0	nan	nan	0.0	0.0
6	12	55	0.0	0.0	nan	nan	0.0	0.0
6	12	52	0.0	0.0	nan	nan	0.0	0.0
6	12	49	0.0	0.0	nan	nan	0.0	0.0
6	12	46	0.0	0.0	nan	nan	0.0	0.0
6	12	43	0.0	0.0	nan	nan	0.0	0.0
6	12	40	0.0	0.0	nan	nan	0.0	0.0
6	12	37	0.0	0.0	nan	nan	0.0	0.0
6	12	34	0.0	0.0	nan	nan	0.0	0.0
6	12	31	0.0	0.0	nan	nan	0.0	0.0
6	12	28	0.0	0.0	nan	nan	0.0	0.0
6	13	100	0.0	0.0	nan	nan	0.0	0.0
6	13	97	0.0	0.0	nan	nan	0.0	0.0
6	13	94	0.0	0.0	nan	nan	0.0	0.0
6	13	91	0.0	0.0	nan	nan	0.0	0.0
6	13	88	0.0	0.0	nan	nan	0.0	0.0
6	13	85	0.0	0.0	nan	nan	0.0	0.0
6	13	82	0.0	0.0	nan	nan	0.0	0.0
6	13	79	0.0	0.0	nan	nan	0.0	0.0
6	13	76	0.0	0.0	nan	nan	0.0	0.0
6	13	73	0.0	0.0	nan	nan	0.0	0.0
6	13	70	0.0	0.0	nan	nan	0.0	0.0
6	13	67	0.0	0.0	nan	nan	0.0	0.0
6	13	64	0.0	0.0	nan	nan	0.0	0.0
6	13	61	0.0	0.0	nan	nan	0.0	0.0
6	13	58	0.0	0.0	nan	nan	0.0	0.0
6	13	55	0.0	0.0	nan	nan	0.0	0.0
6	13	52	0.0	0.0	nan	nan	0.0	0.0
6	13	49	0.0	0.0	nan	nan	0.0	0.0
6	13	46	0.0	0.0	nan	nan	0.0	0.0
6	13	43	0.0	0.0	nan	nan	0.0	0.0
6	13	40	0.0	0.0	nan	nan	0.0	0.0
6	13	37	0.0	0.0	nan	nan	0.0	0.0
6	13	34	0.0	0.0	nan	nan	0.0	0.0
6	13	31	0.0	0.0	nan	nan	0.0	0.0
6	13	28	0.0	0.0	nan	nan	0.0	0.0
6	14	100	0.0	0.0	nan	nan	0.0	0.0
6	14	97	0.0	0.0	nan	nan	0.0	0.0
6	14	94	0.0	0.0	nan	nan	0.0	0.0
6	14	91	0.0	0.0	nan	nan	0.0	0.0
6	14	88	0.0	0.0	nan	nan	0.0	0.0
6	14	85	0.0	0.0	nan	nan	0.0	0.0
6	14	82	0.0	0.0	nan	nan	0.0	0.0
6	14	79	0.0	0.0	nan	nan	0.0	0.0
6	14	76	0.0	0.0	nan	nan	0.0	0.0
6	14	73	0.0	0.0	nan	nan	0.0	0.0
6	14	70	0.0	0.0	nan	nan	0.0	0.0
6	14	67	0.0	0.0	nan	nan	0.0	0.0
6	14	64	0.0	0.0	nan	nan	0.0	0.0
6	14	61	0.0	0.0	nan	nan	0.0	0.0
6	14	58	0.0	0.0	nan	nan	0.0	0.0
6	14	55	0.0	0.0	nan	nan	0.0	0.0
6	14	52	0.0	0.0	nan	nan	0.0	0.0
6	14	49	0.0	0.0	nan	nan	0.0	0.0
6	14	46	0.0	0.0	nan	nan	0.0	0.0
6	14	43	0.0	0.0	nan	nan	0.0	0.0
6	14	40	0.0	0.0	nan	nan	0.0	0.0
6	14	37	0.0	0.0	nan	nan	0.0	0.0
6	14	34	0.0	0.0	nan	nan	0.0	0.0
6	14	31	0.0	0.0	nan	nan	0.0	0.0
6	14	28	0.0	0.0	nan	nan	0.0	0.0
6	15	100	0.0	0.0	nan	nan	0.0	0.0
6	15	97	0.0	0.0	nan	nan	0.0	0.0
6	15	94	0.0	0.0	nan	nan	0.0	0.0
6	15	91	0.0	0.0	nan	nan	0.0	0.0
6	15	88	0.0	0.0	nan	nan	0.0	0.0
6	15	85	0.0	0.0	nan	nan	0.0	0.0
6	15	82	0.0	0.0	nan	nan	0.0	0.0
6	15	79	0.0	0.0	nan	nan	0.0	0.0
6	15	76	0.0	0.0	nan	nan	0.0	0.0
6	15	73	0.0	0.0	nan	nan	0.0	0.0
6	15	70	0.0	0.0	nan	nan	0.0	0.0
6	15	67	0.0	0.0	nan	nan	0.0	0.0
6	15	64	0.0	0.0	nan	nan	0.0	0.0
6	15	61	0.0	0.0	nan	nan	0.0	0.0
6	15	58	0.0	0.0	nan	nan	0.0	0.0
6	15	55	0.0	0.0	nan	nan	0.0	0.0
6	15	52	0.0	0.0	nan	nan	0.0	0.0
6	15	49	0.0	0.0	nan	nan	0.0	0.0
6	15	46	0.0	0.0	nan	nan	0.0	0.0
6	15	43	0.0	0.0	nan	nan	0.0	0.0
6	15	40	0.0	0.0	nan	nan	0.0	0.0
6	15	37	0.0	0.0	nan	nan	0.0	0.0
6	15	34	0.0	0.0	nan	nan	0.0	0.0
6	15	31	0.0	0.0	nan	nan	0.0	0.0
6	15	28	0.0	0.0	nan	nan	0.0	0.0
6	16	100	0.0	0.0	nan	nan	0.0	0.0
6	16	97	0.0	0.0	nan	nan	0.0	0.0
6	16	94	0.0	0.0	nan	nan	0.0	0.0
6	16	91	0.0	0.0	nan	nan	0.0	0.0
6	16	88	0.0	0.0	nan	nan	0.0	0.0
6	16	85	0.0	0.0	nan	nan	0.0	0.0
6	16	82	0.0	0.0	nan	nan	0.0	0.0
6	16	79	0.0	0.0	nan	nan	0.0	0.0
6	16	76	0.0	0.0	nan	nan	0.0	0.0
6	16	73	0.0	0.0	nan	nan	0.0	0.0
6	16	70	0.0	0.0	nan	nan	0.0	0.0
6	16	67	0.0	0.0	nan	nan	0.0	0.0
6	16	64	0.0	0.0	nan	nan	0.0	0.0
6	16	61	0.0	0.0	nan	nan	0.0	0.0
6	16	58	0.0	0.0	nan	nan	0.0	0.0
6	16	55	0.0	0.0	nan	nan	0.0	0.0
6	16	52	0.0	0.0	nan	nan	0.0	0.0
6	16	49	0.0	0.0	nan	nan	0.0	0.0
6	16	46	0.0	0.0	nan	nan	0.0	0.0
6	16	43	0.0	0.0	nan	nan	0.0	0.0
6	16	40	0.0	0.0	nan	nan	0.0	0.0
6	16	37	0.0	0.0	nan	nan	0.0	0.0
6	16	34	0.0	0.0	nan	nan	0.0	0.0
6	16	31	0.0	0.0	nan	nan	0.0	0.0
6	16	28	0.0	0.0	nan	nan	0.0	0.0
6	17	100	0.0	0.0	nan	nan	0.0	0.0
6	17	97	0.0	0.0	nan	nan	0.0	0.0
6	17	94	0.0	0.0	nan	nan	0.0	0.0
6	17	91	0.0	0.0	nan	nan	0.0	0.0
6	17	88	0.0	0.0	nan	nan	0.0	0.0
6	17	85	0.0	0.0	nan	nan	0.0	0.0
6	17	82	0.0	0.0	nan	nan	0.0	0.0
6	17	79	0.0	0.0	nan	nan	0.0	0.0
6	17	76	0.0	0.0	nan	nan	0.0	0.0
6	17	73	0.0	0.0	nan	nan	0.0	0.0
6	17	70	0.0	0.0	nan	nan	0.0	0.0
6	17	67	0.0	0.0	nan	nan	0.0	0.0
6	17	64	0.0	0.0	nan	nan	0.0	0.0
6	17	61	0.0	0.0	nan	nan	0.0	0.0
6	17	58	0.0	0.0	nan	nan	0.0	0.0
6	17	55	0.0	0.0	nan	nan	0.0	0.0
6	17	52	0.0	0.0	nan	nan	0.0	0.0
6	17	49	0.0	0.0	nan	nan	0.0	0.0
6	17	46	0.0	0.0	nan	nan	0.0	0.0
6	17	43	0.0	0.0	nan	nan	0.0	0.0
6	17	40	0.0	0.0	nan	nan	0.0	0.0
6	17	37	0.0	0.0	nan	nan	0.0	0.0
6	17	34	0.0	0.0	nan	nan	0.0	0.0
6	17	31	0.0	0.0	nan	nan	0.0	0.0
6	17	28	0.0	0.0	nan	nan	0.0	0.0
6	18	100	0.0	0.0	nan	nan	0.0	0.0
6	18	97	0.0	0.0	nan	nan	0.0	0.0
6	18	94	0.0	0.0	nan	nan	0.0	0.0
6	18	91	0.0	0.0	nan	nan	0.0	0.0
6	18	88	0.0	0.0	nan	nan	0.0	0.0
6	18	85	0.0	0.0	nan	nan	0.0	0.0
6	18	82	0.0	0.0	nan	nan	0.0	0.0
6	18	79	0.0	0.0	nan	nan	0.0	0.0
6	18	76	0.0	0.0	nan	nan	0.0	0.0
6	18	73	0.0	0.0	nan	nan	0.0	0.0
6	18	70	0.0	0.0	nan	nan	0.0	0.0
6	18	67	0.0	0.0	nan	nan	0.0	0.0
6	18	64	0.0	0.0	nan	nan	0.0	0.0
6	18	61	0.0	0.0	nan	nan	0.0	0.0
6	18	58	0.0	0.0	nan	nan	0.0	0.0
6	18	55	0.0	0.0	nan	nan	0.0	0.0
6	18	52	0.0	0.0	nan	nan	0.0	0.0
6	18	49	0.0	0.0	nan	nan	0.0	0.0
6	18	46	0.0	0.0	nan	nan	0.0	0.0
6	18	43	0.0	0.0	nan	nan	0.0	0.0
6	18	40	0.0	0.0	nan	nan	0.0	0.0
6	18	37	0.0	0.0	nan	nan	0.0	0.0
6	18	34	0.0	0.0	nan	nan	0.0	0.0
6	18	31	0.0	0.0	nan	nan	0.0	0.0
6	18	28	0.0	0.0	nan	nan	0.0	0.0
6	19	100	0.0	0.0	nan	nan	0.0	0.0
6	19	97	0.0	0.0	nan	nan	0.0	0.0
6	19	94	0.0	0.0	nan	nan	0.0	0.0
6	19	91	0.0	0.0	nan	nan	0.0	0.0
6	19	88	0.0	0.0	nan	nan	0.0	0.0
6	19	85	0.0	0.0	nan	nan	0.0	0.0
6	19	82	0.0	0.0	nan	nan	0.0	0.0
6	19	79	0.0	0.0	nan	nan	0.0	0.0
6	19	76	0.0	0.0	nan	nan	0.0	0.0
6	19	73	0.0	0.0	nan	nan	0.0	0.0
6	19	70	0.0	0.0	nan	nan	0.0	0.0
6	19	67	0.0	0.0	nan	nan	0.0	0.0
6	19	64	0.0	0.0	nan	nan	0.0	0.0
6	19	61	0.0	0.0	nan	nan	0.0	0.0
6	19	58	0.0	0.0	nan	nan	0.0	0.0
6	19	55	0.0	0.0	nan	nan	0.0	0.0
6	19	52	0.0	0.0	nan	nan	0.0	0.0
6	19	49	0.0	0.0	nan	nan	0.0	0.0
6	19	46	0.0	0.0	nan	nan	0.0	0.0
6	19	43	0.0	0.0	nan	nan	0.0	0.0
6	19	40	0.0	0.0	nan	nan	0.0	0.0
6	19	37	0.0	0.0	nan	nan	0.0	0.0
6	19	34	0.0	0.0	nan	nan	0.0	0.0
6	19	31	0.0	0.0	nan	nan	0.0	0.0
6	19	28	0.0	0.0	nan	nan	0.0	0.0
6	20	100	0.0	0.0	nan	nan	0.0	0.0
6	20	97	0.0	0.0	nan	nan	0.0	0.0
6	20	94	0.0	0.0	nan	nan	0.0	0.0
6	20	91	0.0	0.0	nan	nan	0.0	0.0
6	20	88	0.0	0.0	nan	nan	0.0	0.0
6	20	85	0.0	0.0	nan	nan	0.0	0.0
6	20	82	0.0	0.0	nan	nan	0.0	0.0
6	20	79	0.0	0.0	nan	nan	0.0	0.0
6	20	76	0.0	0.0	nan	nan	0.0	0.0
6	20	73	0.0	0.0	nan	nan	0.0	0.0
6	20	70	0.0	0.0	nan	nan	0.0	0.0
6	20	67	0.0	0.0	nan	nan	0.0	0.0
6	20	64	0.0	0.0	nan	nan	0.0	0.0
6	20	61	0.0	0.0	nan	nan	0.0	0.0
6	20	58	0.0	0.0	nan	nan	0.0	0.0
6	20	55	0.0	0.0	nan	nan	0.0	0.0
6	20	52	0.0	0.0	nan	nan	0.0	0.0
6	20	49	0.0	0.0	nan	nan	0.0	0.0
6	20	46	0.0	0.0	nan	nan	0.0	0.0
6	20	43	0.0	0.0	nan	nan	0.0	0.0
6	20	40	0.0	0.0	nan	nan	0.0	0.0
6	20	37	0.0	0.0	nan	nan	0.0	0.0
6	20	34	0.0	0.0	nan	nan	0.0	0.0
6	20	31	0.0	0.0	nan	nan	0.0	0.0
6	20	28	0.0	0.0	nan	nan	0.0	0.0
6	21	100	0.0	0.0	nan	nan	0.0	0.0
6	21	97	0.0	0.0	nan	nan	0.0	0.0
6	21	94	0.0	0.0	nan	nan	0.0	0.0
6	21	91	0.0	0.0	nan	nan	0.0	0.0
6	21	88	0.0	0.0	nan	nan	0.0	0.0
6	21	85	0.0	0.0	nan	nan	0.0	0.0
6	21	82	0.0	0.0	nan	nan	0.0	0.0
6	21	79	0.0	0.0	nan	nan	0.0	0.0
6	21	76	0.0	0.0	nan	nan	0.0	0.0
6	21	73	0.0	0.0	nan	nan	0.0	0.0
6	21	70	0.0	0.0	nan	nan	0.0	0.0
6	21	67	0.0	0.0	nan	nan	0.0	0.0
6	21	64	0.0	0.0	nan	nan	0.0	0.0
6	21	61	0.0	0.0	nan	nan	0.0	0.0
6	21	58	0.0	0.0	nan	nan	0.0	0.0
6	21	55	0.0	0.0	nan	nan	0.0	0.0
6	21	52	0.0	0.0	nan	nan	0.0	0.0
6	21	49	0.0	0.0	nan	nan	0.0	0.0
6	21	46	0.0	0.0	nan	nan	0.0	0.0
6	21	43	0.0	0.0	nan	nan	0.0	0.0
6	21	40	0.0	0.0	nan	nan	0.0	0.0
6	21	37	0.0	0.0	nan	nan	0.0	0.0
6	21	34	0.0	0.0	nan	nan	0.0	0.0
6	21	31	0.0	0.0	nan	nan	0.0	0.0
6	21	28	0.0	0.0	nan	nan	0.0	0.0
6	22	100	0.0	0.0	nan	nan	0.0	0.0
6	22	97	0.0	0.0	nan	nan	0.0	0.0
6	22	94	0.0	0.0	nan	nan	0.0	0.0
6	22	91	0.0	0.0	nan	nan	0.0	0.0
6	22	88	0.0	0.0	nan	nan	0.0	0.0
6	22	85	0.0	0.0	nan	nan	0.0	0.0
6	22	82	0.0	0.0	nan	nan	0.0	0.0
6	22	79	0.0	0.0	nan	nan	0.0	0.0
6	22	76	0.0	0.0	nan	nan	0.0	0.0
6	22	73	0.0	0.0	nan	nan	0.0	0.0
6	22	70	0.0	0.0	nan	nan	0.0	0.0
6	22	67	0.0	0.0	nan	nan	0.0	0.0
6	22	64	0.0	0.0	nan	nan	0.0	0.0
6	22	61	0.0	0.0	nan	nan	0.0	0.0
6	22	58	0.0	0.0	nan	nan	0.0	0.0
6	22	55	0.0	0.0	nan	nan	0.0	0.0
6	22	52	0.0	0.0	nan	nan	0.0	0.0
6	22	49	0.0	0.0	nan	nan	0.0	0.0
6	22	46	0.0	0.0	nan	nan	0.0	0.0
6	22	43	0.0	0.0	nan	nan	0.0	0.0
6	22	40	0.0	0.0	nan	nan	0.0	0.0
6	22	37	0.0	0.0	nan	nan	0.0	0.0
6	22	34	0.0	0.0	nan	nan	0.0	0.0
6	22	31	0.0	0.0	nan	nan	0.0	0.0
6	22	28	0.0	0.0	nan	nan	0.0	0.0
6	23	100	0.0	0.0	nan	nan	0.0	0.0
6	23	97	0.0	0.0	nan	nan	0.0	0.0
6	23	94	0.0	0.0	nan	nan	0.0	0.0
6	23	91	0.0	0.0	nan	nan	0.0	0.0
6	23	88	0.0	0.0	nan	nan	0.0	0.0
6	23	85	0.0	0.0	nan	nan	0.0	0.0
6	23	82	0.0	0.0	nan	nan	0.0	0.0
6	23	79	0.0	0.0	nan	nan	0.0	0.0
6	23	76	0.0	0.0	nan	nan	0.0	0.0
6	23	73	0.0	0.0	nan	nan	0.0	0.0
6	23	70	0.0	0.0	nan	nan	0.0	0.0
6	23	67	0.0	0.0	nan	nan	0.0	0.0
6	23	64	0.0	0.0	nan	nan	0.0	0.0
6	23	61	0.0	0.0	nan	nan	0.0	0.0
6	23	58	0.0	0.0	nan	nan	0.0	0.0
6	23	55	0.0	0.0	nan	nan	0.0	0.0
6	23	52	0.0	0.0	nan	nan	0.0	0.0
6	23	49	0.0	0.0	nan	nan	0.0	0.0
6	23	46	0.0	0.0	nan	nan	0.0	0.0
6	23	43	0.0	0.0	nan	nan	0.0	0.0
6	23	40	0.0	0.0	nan	nan	0.0	0.0
6	23	37	0.0	0.0	nan	nan	0.0	0.0
6	23	34	0.0	0.0	nan	nan	0.0	0.0
6	23	31	0.0	0.0	nan	nan	0.0	0.0
6	23	28	0.0	0.0	nan	nan	0.0	0.0
6	24	100	0.0	0.0	nan	nan	0.0	0.0
6	24	97	0.0	0.0	nan	nan	0.0	0.0
6	24	94	0.0	0.0	nan	nan	0.0	0.0
6	24	91	0.0	0.0	nan	nan	0.0	0.0
6	24	88	0.0	0.0	nan	nan	0.0	0.0
6	24	85	0.0	0.0	nan	nan	0.0	0.0
6	24	82	0.0	0.0	nan	nan	0.0	0.0
6	24	79	0.0	0.0	nan	nan	0.0	0.0
6	24	76	0.0	0.0	nan	nan	0.0	0.0
6	24	73	0.0	0.0	nan	nan	0.0	0.0
6	24	70	0.0	0.0	nan	nan	0.0	0.0
6	24	67	0.0	0.0	nan	nan	0.0	0.0
6	24	64	0.0	0.0	nan	nan	0.0	0.0
6	24	61	0.0	0.0	nan	nan	0.0	0.0
6	24	58	0.0	0.0	nan	nan	0.0	0.0
6	24	55	0.0	0.0	nan	nan	0.0	0.0
6	24	52	0.0	0.0	nan	nan	0.0	0.0
6	24	49	0.0	0.0	nan	nan	0.0	0.0
6	24	46	0.0	0.0	nan	nan	0.0	0.0
6	24	43	0.0	0.0	nan	nan	0.0	0.0
6	24	40	0.0	0.0	nan	nan	0.0	0.0
6	24	37	0.0	0.0	nan	nan	0.0	0.0
6	24	34	0.0	0.0	nan	nan	0.0	0.0
6	24	31	0.0	0.0	nan	nan	0.0	0.0
6	24	28	0.0	0.0	nan	nan	0.0	0.0
6	25	100	0.0	0.0	nan	nan	0.0	0.0
6	25	97	0.0	0.0	nan	nan	0.0	0.0
6	25	94	0.0	0.0	nan	nan	0.0	0.0
6	25	91	0.0	0.0	nan	nan	0.0	0.0
6	25	88	0.0	0.0	nan	nan	0.0	0.0
6	25	85	0.0	0.0	nan	nan	0.0	0.0
6	25	82	0.0	0.0	nan	nan	0.0	0.0
6	25	79	0.0	0.0	nan	nan	0.0	0.0
6	25	76	0.0	0.0	nan	nan	0.0	0.0
6	25	73	0.0	0.0	nan	nan	0.0	0.0
6	25	70	0.0	0.0	nan	nan	0.0	0.0
6	25	67	0.0	0.0	nan	nan	0.0	0.0
6	25	64	0.0	0.0	nan	nan	0.0	0.0
6	25	61	0.0	0.0	nan	nan	0.0	0.0
6	25	58	0.0	0.0	nan	nan	0.0	0.0
6	25	55	0.0	0.0	nan	nan	0.0	0.0
6	25	52	0.0	0.0	nan	nan	0.0	0.0
6	25	49	0.0	0.0	nan	nan	0.0	0.0
6	25	46	0.0	0.0	nan	nan	0.0	0.0
6	25	43	0.0	0.0	nan	nan	0.0	0.0
6	25	40	0.0	0.0	nan	nan	0.0	0.0
6	25	37	0.0	0.0	nan	nan	0.0	0.0
6	25	34	0.0	0.0	nan	nan	0.0	0.0
6	25	31	0.0	0.0	nan	nan	0.0	0.0
6	25	28	0.0	0.0	nan	nan	0.0	0.0
6	26	100	0.0	0.0	nan	nan	0.0	0.0
6	26	97	0.0	0.0	nan	nan	0.0	0.0
6	26	94	0.0	0.0	nan	nan	0.0	0.0
6	26	91	0.0	0.0	nan	nan	0.0	0.0
6	26	88	0.0	0.0	nan	nan	0.0	0.0
6	26	85	0.0	0.0	nan	nan	0.0	0.0
6	26	82	0.0	0.0	nan	nan	0.0	0.0
6	26	79	0.0	0.0	nan	nan	0.0	0.0
6	26	76	0.0	0.0	nan	nan	0.0	0.0
6	26	73	0.0	0.0	nan	nan	0.0	0.0
6	26	70	0.0	0.0	nan	nan	0.0	0.0
6	26	67	0.0	0.0	nan	nan	0.0	0.0
6	26	64	0.0	0.0	nan	nan	0.0	0.0
6	26	61	0.0	0.0	nan	nan	0.0	0.0
6	26	58	0.0	0.0	nan	nan	0.0	0.0
6	26	55	0.0	0.0	nan	nan	0.0	0.0
6	26	52	0.0	0.0	nan	nan	0.0	0.0
6	26	49	0.0	0.0	nan	nan	0.0	0.0
6	26	46	0.0	0.0	nan	nan	0.0	0.0
6	26	43	0.0	0.0	nan	nan	0.0	0.0
6	26	40	0.0	0.0	nan	nan	0.0	0.0
6	26	37	0.0	0.0	nan	nan	0.0	0.0
6	26	34	0.0	0.0	nan	nan	0.0	0.0
6	26	31	0.0	0.0	nan	nan	0.0	0.0
6	26	28	0.0	0.0	nan	nan	0.0	0.0
6	27	100	0.0	0.0	nan	nan	0.0	0.0
6	27	97	0.0	0.0	nan	nan	0.0	0.0
6	27	94	0.0	0.0	nan	nan	0.0	0.0
6	27	91	0.0	0.0	nan	nan	0.0	0.0
6	27	88	0.0	0.0	nan	nan	0.0	0.0
6	27	85	0.0	0.0	nan	nan	0.0	0.0
6	27	82	0.0	0.0	nan	nan	0.0	0.0
6	27	79	0.0	0.0	nan	nan	0.0	0.0
6	27	76	0.0	0.0	nan	nan	0.0	0.0
6	27	73	0.0	0.0	nan	nan	0.0	0.0
6	27	70	0.0	0.0	nan	nan	0.0	0.0
6	27	67	0.0	0.0	nan	nan	0.0	0.0
6	27	64	0.0	0.0	nan	nan	0.0	0.0
6	27	61	0.0	0.0	nan	nan	0.0	0.0
6	27	58	0.0	0.0	nan	nan	0.0	0.0
6	27	55	0.0	0.0	nan	nan	0.0	0.0
6	27	52	0.0	0.0	nan	nan	0.0	0.0
6	27	49	0.0	0.0	nan	nan	0.0	0.0
6	27	46	0.0	0.0	nan	nan	0.0	0.0
6	27	43	0.0	0.0	nan	nan	0.0	0.0
6	27	40	0.0	0.0	nan	nan	0.0	0.0
6	27	37	0.0	0.0	nan	nan	0.0	0.0
6	27	34	0.0	0.0	nan	nan	0.0	0.0
6	27	31	0.0	0.0	nan	nan	0.0	0.0
6	27	28	0.0	0.0	nan	nan	0.0	0.0
6	28	100	0.0	0.0	nan	nan	0.0	0.0
6	28	97	0.0	0.0	nan	nan	0.0	0.0
6	28	94	0.0	0.0	nan	nan	0.0	0.0
6	28	91	0.0	0.0	nan	nan	0.0	0.0
6	28	88	0.0	0.0	nan	nan	0.0	0.0
6	28	85	0.0	0.0	nan	nan	0.0	0.0
6	28	82	0.0	0.0	nan	nan	0.0	0.0
6	28	79	0.0	0.0	nan	nan	0.0	0.0
6	28	76	0.0	0.0	nan	nan	0.0	0.0
6	28	73	0.0	0.0	nan	nan	0.0	0.0
6	28	70	0.0	0.0	nan	nan	0.0	0.0
6	28	67	0.0	0.0	nan	nan	0.0	0.0
6	28	64	0.0	0.0	nan	nan	0.0	0.0
6	28	61	0.0	0.0	nan	nan	0.0	0.0
6	28	58	0.0	0.0	nan	nan	0.0	0.0
6	28	55	0.0	0.0	nan	nan	0.0	0.0
6	28	52	0.0	0.0	nan	nan	0.0	0.0
6	28	49	0.0	0.0	nan	nan	0.0	0.0
6	28	46	0.0	0.0	nan	nan	0.0	0.0
6	28	43	0.0	0.0	nan	nan	0.0	0.0
6	28	40	0.0	0.0	nan	nan	0.0	0.0
6	28	37	0.0	0.0	nan	nan	0.0	0.0
6	28	34	0.0	0.0	nan	nan	0.0	0.0
6	28	31	0.0	0.0	nan	nan	0.0	0.0
6	28	28	0.0	0.0	nan	nan	0.0	0.0
6	29	100	0.0	0.0	nan	nan	0.0	0.0
6	29	97	0.0	0.0	nan	nan	0.0	0.0
6	29	94	0.0	0.0	nan	nan	0.0	0.0
6	29	91	0.0	0.0	nan	nan	0.0	0.0
6	29	88	0.0	0.0	nan	nan	0.0	0.0
6	29	85	0.0	0.0	nan	nan	0.0	0.0
6	29	82	0.0	0.0	nan	nan	0.0	0.0
6	29	79	0.0	0.0	nan	nan	0.0	0.0
6	29	76	0.0	0.0	nan	nan	0.0	0.0
6	29	73	0.0	0.0	nan	nan	0.0	0.0
6	29	70	0.0	0.0	nan	nan	0.0	0.0
6	29	67	0.0	0.0	nan	nan	0.0	0.0
6	29	64	0.0	0.0	nan	nan	0.0	0.0
6	29	61	0.0	0.0	nan	nan	0.0	0.0
6	29	58	0.0	0.0	nan	nan	0.0	0.0
6	29	55	0.0	0.0	nan	nan	0.0	0.0
6	29	52	0.0	0.0	nan	nan	0.0	0.0
6	29	49	0.0	0.0	nan	nan	0.0	0.0
6	29	46	0.0	0.0	nan	nan	0.0	0.0
6	29	43	0.0	0.0	nan	nan	0.0	0.0
6	29	40	0.0	0.0	nan	nan	0.0	0.0
6	29	37	0.0	0.0	nan	nan	0.0	0.0
6	29	34	0.0	0.0	nan	nan	0.0	0.0
6	29	31	0.0	0.0	nan	nan	0.0	0.0
6	29	28	0.0	0.0	nan	nan	0.0	0.0
6	30	100	0.0	0.0	nan	nan	0.0	0.0
6	30	97	0.0	0.0	nan	nan	0.0	0.0
6	30	94	0.0	0.0	nan	nan	0.0	0.0
6	30	91	0.0	0.0	nan	nan	0.0	0.0
6	30	88	0.0	0.0	nan	nan	0.0	0.0
6	30	85	0.0	0.0	nan	nan	0.0	0.0
6	30	82	0.0	0.0	nan	nan	0.0	0.0
6	30	79	0.0	0.0	nan	nan	0.0	0.0
6	30	76	0.0	0.0	nan	nan	0.0	0.0
6	30	73	0.0	0.0	nan	nan	0.0	0.0
6	30	70	0.0	0.0	nan	nan	0.0	0.0
6	30	67	0.0	0.0	nan	nan	0.0	0.0
6	30	64	0.0	0.0	nan	nan	0.0	0.0
6	30	61	0.0	0.0	nan	nan	0.0	0.0
6	30	58	0.0	0.0	nan	nan	0.0	0.0
6	30	55	0.0	0.0	nan	nan	0.0	0.0
6	30	52	0.0	0.0	nan	nan	0.0	0.0
6	30	49	0.0	0.0	nan	nan	0.0	0.0
6	30	46	0.0	0.0	nan	nan	0.0	0.0
6	30	43	0.0	0.0	nan	nan	0.0	0.0
6	30	40	0.0	0.0	nan	nan	0.0	0.0
6	30	37	0.0	0.0	nan	nan	0.0	0.0
6	30	34	0.0	0.0	nan	nan	0.0	0.0
6	30	31	0.0	0.0	nan	nan	0.0	0.0
6	30	28	0.0	0.0	nan	nan	0.0	0.0
6	31	100	0.0	0.0	nan	nan	0.0	0.0
6	31	97	0.0	0.0	nan	nan	0.0	0.0
6	31	94	0.0	0.0	nan	nan	0.0	0.0
6	31	91	0.0	0.0	nan	nan	0.0	0.0
6	31	88	0.0	0.0	nan	nan	0.0	0.0
6	31	85	0.0	0.0	nan	nan	0.0	0.0
6	31	82	0.0	0.0	nan	nan	0.0	0.0
6	31	79	0.0	0.0	nan	nan	0.0	0.0
6	31	76	0.0	0.0	nan	nan	0.0	0.0
6	31	73	0.0	0.0	nan	nan	0.0	0.0
6	31	70	0.0	0.0	nan	nan	0.0	0.0
6	31	67	0.0	0.0	nan	nan	0.0	0.0
6	31	64	0.0	0.0	nan	nan	0.0	0.0
6	31	61	0.0	0.0	nan	nan	0.0	0.0
6	31	58	0.0	0.0	nan	nan	0.0	0.0
6	31	55	0.0	0.0	nan	nan	0.0	0.0
6	31	52	0.0	0.0	nan	nan	0.0	0.0
6	31	49	0.0	0.0	nan	nan	0.0	0.0
6	31	46	0.0	0.0	nan	nan	0.0	0.0
6	31	43	0.0	0.0	nan	nan	0.0	0.0
6	31	40	0.0	0.0	nan	nan	0.0	0.0
6	31	37	0.0	0.0	nan	nan	0.0	0.0
6	31	34	0.0	0.0	nan	nan	0.0	0.0
6	31	31	0.0	0.0	nan	nan	0.0	0.0
6	31	28	0.0	0.0	nan	nan	0.0	0.0
7	0	100	0.0	0.0	nan	nan	0.0	0.0
7	0	97	0.0	0.0	nan	nan	0.0	0.0
7	0	94	0.0	0.0	nan	nan	0.0	0.0
7	0	91	0.0	0.0	nan	nan	0.0	0.0
7	0	88	0.0	0.0	nan	nan	0.0	0.0
7	0	85	0.0	0.0	nan	nan	0.0	0.0
7	0	82	0.0	0.0	nan	nan	0.0	0.0
7	0	79	0.0	0.0	nan	nan	0.0	0.0
7	0	76	0.0	0.0	nan	nan	0.0	0.0
7	0	73	0.0	0.0	nan	nan	0.0	0.0
7	0	70	0.0	0.0	nan	nan	0.0	0.0
7	0	67	0.0	0.0	nan	nan	0.0	0.0
7	0	64	0.0	0.0	nan	nan	0.0	0.0
7	0	61	0.0	0.0	nan	nan	0.0	0.0
7	0	58	0.0	0.0	nan	nan	0.0	0.0
7	0	55	0.0	0.0	nan	nan	0.0	0.0
7	0	52	0.0	0.0	nan	nan	0.0	0.0
7	0	49	0.0	0.0	nan	nan	0.0	0.0
7	0	46	0.0	0.0	nan	nan	0.0	0.0
7	0	43	0.0	0.0	nan	nan	0.0	0.0
7	0	40	0.0	0.0	nan	nan	0.0	0.0
7	0	37	0.0	0.0	nan	nan	0.0	0.0
7	0	34	0.0	0.0	nan	nan	0.0	0.0
7	0	31	0.0	0.0	nan	nan	0.0	0.0
7	0	28	0.0	0.0	nan	nan	0.0	0.0
7	1	100	0.0	0.0	nan	nan	0.0	0.0
7	1	97	0.0	0.0	nan	nan	0.0	0.0
7	1	94	0.0	0.0	nan	nan	0.0	0.0
7	1	91	0.0	0.0	nan	nan	0.0	0.0
7	1	88	0.0	0.0	nan	nan	0.0	0.0
7	1	85	0.0	0.0	nan	nan	0.0	0.0
7	1	82	0.0	0.0	nan	nan	0.0	0.0
7	1	79	0.0	0.0	nan	nan	0.0	0.0
7	1	76	0.0	0.0	nan	nan	0.0	0.0
7	1	73	0.0	0.0	nan	nan	0.0	0.0
7	1	70	0.0	0.0	nan	nan	0.0	0.0
7	1	67	0.0	0.0	nan	nan	0.0	0.0
7	1	64	0.0	0.0	nan	nan	0.0	0.0
7	1	61	0.0	0.0	nan	nan	0.0	0.0
7	1	58	0.0	0.0	nan	nan	0.0	0.0
7	1	55	0.0	0.0	nan	nan	0.0	0.0
7	1	52	0.0	0.0	nan	nan	0.0	0.0
7	1	49	0.0	0.0	nan	nan	0.0	0.0
7	1	46	0.0	0.0	nan	nan	0.0	0.0
7	1	43	0.0	0.0	nan	nan	0.0	0.0
7	1	40	0.0	0.0	nan	nan	0.0	0.0
7	1	37	0.0	0.0	nan	nan	0.0	0.0
7	1	34	0.0	0.0	nan	nan	0.0	0.0
7	1	31	0.0	0.0	nan	nan	0.0	0.0
7	1	28	0.0	0.0	nan	nan	0.0	0.0
7	2	100	0.0	0.0	nan	nan	0.0	0.0
7	2	97	0.0	0.0	nan	nan	0.0	0.0
7	2	94	0.0	0.0	nan	nan	0.0	0.0
7	2	91	0.0	0.0	nan	nan	0.0	0.0
7	2	88	0.0	0.0	nan	nan	0.0	0.0
7	2	85	0.0	0.0	nan	nan	0.0	0.0
7	2	82	0.0	0.0	nan	nan	0.0	0.0
7	2	79	0.0	0.0	nan	nan	0.0	0.0
7	2	76	0.0	0.0	nan	nan	0.0	0.0
7	2	73	0.0	0.0	nan	nan	0.0	0.0
7	2	70	0.0	0.0	nan	nan	0.0	0.0
7	2	67	0.0	0.0	nan	nan	0.0	0.0
7	2	64	0.0	0.0	nan	nan	0.0	0.0
7	2	61	0.0	0.0	nan	nan	0.0	0.0
7	2	58	0.0	0.0	nan	nan	0.0	0.0
7	2	55	0.0	0.0	nan	nan	0.0	0.0
7	2	52	0.0	0.0	nan	nan	0.0	0.0
7	2	49	0.0	0.0	nan	nan	0.0	0.0
7	2	46	0.0	0.0	nan	nan	0.0	0.0
7	2	43	0.0	0.0	nan	nan	0.0	0.0
7	2	40	0.0	0.0	nan	nan	0.0	0.0
7	2	37	0.0	0.0	nan	nan	0.0	0.0
7	2	34	0.0	0.0	nan	nan	0.0	0.0
7	2	31	0.0	0.0	nan	nan	0.0	0.0
7	2	28	0.0	0.0	nan	nan	0.0	0.0
7	3	100	0.0	0.0	nan	nan	0.0	0.0
7	3	97	0.0	0.0	nan	nan	0.0	0.0
7	3	94	0.0	0.0	nan	nan	0.0	0.0
7	3	91	0.0	0.0	nan	nan	0.0	0.0
7	3	88	0.0	0.0	nan	nan	0.0	0.0
7	3	85	0.0	0.0	nan	nan	0.0	0.0
7	3	82	0.0	0.0	nan	nan	0.0	0.0
7	3	79	0.0	0.0	nan	nan	0.0	0.0
7	3	76	0.0	0.0	nan	nan	0.0	0.0
7	3	73	0.0	0.0	nan	nan	0.0	0.0
7	3	70	0.0	0.0	nan	nan	0.0	0.0
7	3	67	0.0	0.0	nan	nan	0.0	0.0
7	3	64	0.0	0.0	nan	nan	0.0	0.0
7	3	61	0.0	0.0	nan	nan	0.0	0.0
7	3	58	0.0	0.0	nan	nan	0.0	0.0
7	3	55	0.0	0.0	nan	nan	0.0	0.0
7	3	52	0.0	0.0	nan	nan	0.0	0.0
7	3	49	0.0	0.0	nan	nan	0.0	0.0
7	3	46	0.0	0.0	nan	nan	0.0	0.0
7	3	43	0.0	0.0	nan	nan	0.0	0.0
7	3	40	0.0	0.0	nan	nan	0.0	0.0
7	3	37	0.0	0.0	nan	nan	0.0	0.0
7	3	34	0.0	0.0	nan	nan	0.0	0.0
7	3	31	0.0	0.0	nan	nan	0.0	0.0
7	3	28	0.0	0.0	nan	nan	0.0	0.0
7	4	100	0.0	0.0	nan	nan	0.0	0.0
7	4	97	0.0	0.0	nan	nan	0.0	0.0
7	4	94	0.0	0.0	nan	nan	0.0	0.0
7	4	91	0.0	0.0	nan	nan	0.0	0.0
7	4	88	0.0	0.0	nan	nan	0.0	0.0
7	4	85	0.0	0.0	nan	nan	0.0	0.0
7	4	82	0.0	0.0	nan	nan	0.0	0.0
7	4	79	0.0	0.0	nan	nan	0.0	0.0
7	4	76	0.0	0.0	nan	nan	0.0	0.0
7	4	73	0.0	0.0	nan	nan	0.0	0.0
7	4	70	0.0	0.0	nan	nan	0.0	0.0
7	4	67	0.0	0.0	nan	nan	0.0	0.0
7	4	64	0.0	0.0	nan	nan	0.0	0.0
7	4	61	0.0	0.0	nan	nan	0.0	0.0
7	4	58	0.0	0.0	nan	nan	0.0	0.0
7	4	55	0.0	0.0	nan	nan	0.0	0.0
7	4	52	0.0	0.0	nan	nan	0.0	0.0
7	4	49	0.0	0.0	nan	nan	0.0	0.0
7	4	46	0.0	0.0	nan	nan	0.0	0.0
7	4	43	0.0	0.0	nan	nan	0.0	0.0
7	4	40	0.0	0.0	nan	nan	0.0	0.0
7	4	37	0.0	0.0	nan	nan	0.0	0.0
7	4	34	0.0	0.0	nan	nan	0.0	0.0
7	4	31	0.0	0.0	nan	nan	0.0	0.0
7	4	28	0.0	0.0	nan	nan	0.0	0.0
7	5	100	0.0	0.0	nan	nan	0.0	0.0
7	5	97	0.0	0.0	nan	nan	0.0	0.0
7	5	94	0.0	0.0	nan	nan	0.0	0.0
7	5	91	0.0	0.0	nan	nan	0.0	0.0
7	5	88	0.0	0.0	nan	nan	0.0	0.0
7	5	85	0.0	0.0	nan	nan	0.0	0.0
7	5	82	0.0	0.0	nan	nan	0.0	0.0
7	5	79	0.0	0.0	nan	nan	0.0	0.0
7	5	76	0.0	0.0	nan	nan	0.0	0.0
7	5	73	0.0	0.0	nan	nan	0.0	0.0
7	5	70	0.0	0.0	nan	nan	0.0	0.0
7	5	67	0.0	0.0	nan	nan	0.0	0.0
7	5	64	0.0	0.0	nan	nan	0.0	0.0
7	5	61	0.0	0.0	nan	nan	0.0	0.0
7	5	58	0.0	0.0	nan	nan	0.0	0.0
7	5	55	0.0	0.0	nan	nan	0.0	0.0
7	5	52	0.0	0.0	nan	nan	0.0	0.0
7	5	49	0.0	0.0	nan	nan	0.0	0.0
7	5	46	0.0	0.0	nan	nan	0.0	0.0
7	5	43	0.0	0.0	nan	nan	0.0	0.0
7	5	40	0.0	0.0	nan	nan	0.0	0.0
7	5	37	0.0	0.0	nan	nan	0.0	0.0
7	5	34	0.0	0.0	nan	nan	0.0	0.0
7	5	31	0.0	0.0	nan	nan	0.0	0.0
7	5	28	0.0	0.0	nan	nan	0.0	0.0
7	6	100	0.0	0.0	nan	nan	0.0	0.0
7	6	97	0.0	0.0	nan	nan	0.0	0.0
7	6	94	0.0	0.0	nan	nan	0.0	0.0
7	6	91	0.0	0.0	nan	nan	0.0	0.0
7	6	88	0.0	0.0	nan	nan	0.0	0.0
7	6	85	0.0	0.0	nan	nan	0.0	0.0
7	6	82	0.0	0.0	nan	nan	0.0	0.0
7	6	79	0.0	0.0	nan	nan	0.0	0.0
7	6	76	0.0	0.0	nan	nan	0.0	0.0
7	6	73	0.0	0.0	nan	nan	0.0	0.0
7	6	70	0.0	0.0	nan	nan	0.0	0.0
7	6	67	0.0	0.0	nan	nan	0.0	0.0
7	6	64	0.0	0.0	nan	nan	0.0	0.0
7	6	61	0.0	0.0	nan	nan	0.0	0.0
7	6	58	0.0	0.0	nan	nan	0.0	0.0
7	6	55	0.0	0.0	nan	nan	0.0	0.0
7	6	52	0.0	0.0	nan	nan	0.0	0.0
7	6	49	0.0	0.0	nan	nan	0.0	0.0
7	6	46	0.0	0.0	nan	nan	0.0	0.0
7	6	43	0.0	0.0	nan	nan	0.0	0.0
7	6	40	0.0	0.0	nan	nan	0.0	0.0
7	6	37	0.0	0.0	nan	nan	0.0	0.0
7	6	34	0.0	0.0	nan	nan	0.0	0.0
7	6	31	0.0	0.0	nan	nan	0.0	0.0
7	6	28	0.0	0.0	nan	nan	0.0	0.0
7	7	100	0.0	0.0	nan	nan	0.0	0.0
7	7	97	0.0	0.0	nan	nan	0.0	0.0
7	7	94	0.0	0.0	nan	nan	0.0	0.0
7	7	91	0.0	0.0	nan	nan	0.0	0.0
7	7	88	0.0	0.0	nan	nan	0.0	0.0
7	7	85	0.0	0.0	nan	nan	0.0	0.0
7	7	82	0.0	0.0	nan	nan	0.0	0.0
7	7	79	0.0	0.0	nan	nan	0.0	0.0
7	7	76	0.0	0.0	nan	nan	0.0	0.0
7	7	73	0.0	0.0	nan	nan	0.0	0.0
7	7	70	0.0	0.0	nan	nan	0.0	0.0
7	7	67	0.0	0.0	nan	nan	0.0	0.0
7	7	64	0.0	0.0	nan	nan	0.0	0.0
7	7	61	0.0	0.0	nan	nan	0.0	0.0
7	7	58	0.0	0.0	nan	nan	0.0	0.0
7	7	55	0.0	0.0	nan	nan	0.0	0.0
7	7	52	0.0	0.0	nan	nan	0.0	0.0
7	7	49	0.0	0.0	nan	nan	0.0	0.0
7	7	46	0.0	0.0	nan	nan	0.0	0.0
7	7	43	0.0	0.0	nan	nan	0.0	0.0
7	7	40	0.0	0.0	nan	nan	0.0	0.0
7	7	37	0.0	0.0	nan	nan	0.0	0.0
7	7	34	0.0	0.0	nan	nan	0.0	0.0
7	7	31	0.0	0.0	nan	nan	0.0	0.0
7	7	28	0.0	0.0	nan	nan	0.0	0.0
7	8	100	0.0	0.0	nan	nan	0.0	0.0
7	8	97	0.0	0.0	nan	nan	0.0	0.0
7	8	94	0.0	0.0	nan	nan	0.0	0.0
7	8	91	0.0	0.0	nan	nan	0.0	0.0
7	8	88	0.0	0.0	nan	nan	0.0	0.0
7	8	85	0.0	0.0	nan	nan	0.0	0.0
7	8	82	0.0	0.0	nan	nan	0.0	0.0
7	8	79	0.0	0.0	nan	nan	0.0	0.0
7	8	76	0.0	0.0	nan	nan	0.0	0.0
7	8	73	0.0	0.0	nan	nan	0.0	0.0
7	8	70	0.0	0.0	nan	nan	0.0	0.0
7	8	67	0.0	0.0	nan	nan	0.0	0.0
7	8	64	0.0	0.0	nan	nan	0.0	0.0
7	8	61	0.0	0.0	nan	nan	0.0	0.0
7	8	58	0.0	0.0	nan	nan	0.0	0.0
7	8	55	0.0	0.0	nan	nan	0.0	0.0
7	8	52	0.0	0.0	nan	nan	0.0	0.0
7	8	49	0.0	0.0	nan	nan	0.0	0.0
7	8	46	0.0	0.0	nan	nan	0.0	0.0
7	8	43	0.0	0.0	nan	nan	0.0	0.0
7	8	40	0.0	0.0	nan	nan	0.0	0.0
7	8	37	0.0	0.0	nan	nan	0.0	0.0
7	8	34	0.0	0.0	nan	nan	0.0	0.0
7	8	31	0.0	0.0	nan	nan	0.0	0.0
7	8	28	0.0	0.0	nan	nan	0.0	0.0
7	9	100	0.0	0.0	nan	nan	0.0	0.0
7	9	97	0.0	0.0	nan	nan	0.0	0.0
7	9	94	0.0	0.0	nan	nan	0.0	0.0
7	9	91	0.0	0.0	nan	nan	0.0	0.0
7	9	88	0.0	0.0	nan	nan	0.0	0.0
7	9	85	0.0	0.0	nan	nan	0.0	0.0
7	9	82	0.0	0.0	nan	nan	0.0	0.0
7	9	79	0.0	0.0	nan	nan	0.0	0.0
7	9	76	0.0	0.0	nan	nan	0.0	0.0
7	9	73	0.0	0.0	nan	nan	0.0	0.0
7	9	70	0.0	0.0	nan	nan	0.0	0.0
7	9	67	0.0	0.0	nan	nan	0.0	0.0
7	9	64	0.0	0.0	nan	nan	0.0	0.0
7	9	61	0.0	0.0	nan	nan	0.0	0.0
7	9	58	0.0	0.0	nan	nan	0.0	0.0
7	9	55	0.0	0.0	nan	nan	0.0	0.0
7	9	52	0.0	0.0	nan	nan	0.0	0.0
7	9	49	0.0	0.0	nan	nan	0.0	0.0
7	9	46	0.0	0.0	nan	nan	0.0	0.0
7	9	43	0.0	0.0	nan	nan	0.0	0.0
7	9	40	0.0	0.0	nan	nan	0.0	0.0
7	9	37	0.0	0.0	nan	nan	0.0	0.0
7	9	34	0.0	0.0	nan	nan	0.0	0.0
7	9	31	0.0	0.0	nan	nan	0.0	0.0
7	9	28	0.0	0.0	nan	nan	0.0	0.0
7	10	100	0.0	0.0	nan	nan	0.0	0.0
7	10	97	0.0	0.0	nan	nan	0.0	0.0
7	10	94	0.0	0.0	nan	nan	0.0	0.0
7	10	91	0.0	0.0	nan	nan	0.0	0.0
7	10	88	0.0	0.0	nan	nan	0.0	0.0
7	10	85	0.0	0.0	nan	nan	0.0	0.0
7	10	82	0.0	0.0	nan	nan	0.0	0.0
7	10	79	0.0	0.0	nan	nan	0.0	0.0
7	10	76	0.0	0.0	nan	nan	0.0	0.0
7	10	73	0.0	0.0	nan	nan	0.0	0.0
7	10	70	0.0	0.0	nan	nan	0.0	0.0
7	10	67	0.0	0.0	nan	nan	0.0	0.0
7	10	64	0.0	0.0	nan	nan	0.0	0.0
7	10	61	0.0	0.0	nan	nan	0.0	0.0
7	10	58	0.0	0.0	nan	nan	0.0	0.0
7	10	55	0.0	0.0	nan	nan	0.0	0.0
7	10	52	0.0	0.0	nan	nan	0.0	0.0
7	10	49	0.0	0.0	nan	nan	0.0	0.0
7	10	46	0.0	0.0	nan	nan	0.0	0.0
7	10	43	0.0	0.0	nan	nan	0.0	0.0
7	10	40	0.0	0.0	nan	nan	0.0	0.0
7	10	37	0.0	0.0	nan	nan	0.0	0.0
7	10	34	0.0	0.0	nan	nan	0.0	0.0
7	10	31	0.0	0.0	nan	nan	0.0	0.0
7	10	28	0.0	0.0	nan	nan	0.0	0.0
7	11	100	0.0	0.0	nan	nan	0.0	0.0
7	11	97	0.0	0.0	nan	nan	0.0	0.0
7	11	94	0.0	0.0	nan	nan	0.0	0.0
7	11	91	0.0	0.0	nan	nan	0.0	0.0
7	11	88	0.0	0.0	nan	nan	0.0	0.0
7	11	85	0.0	0.0	nan	nan	0.0	0.0
7	11	82	0.0	0.0	nan	nan	0.0	0.0
7	11	79	0.0	0.0	nan	nan	0.0	0.0
7	11	76	0.0	0.0	nan	nan	0.0	0.0
7	11	73	0.0	0.0	nan	nan	0.0	0.0
7	11	70	0.0	0.0	nan	nan	0.0	0.0
7	11	67	0.0	0.0	nan	nan	0.0	0.0
7	11	64	0.0	0.0	nan	nan	0.0	0.0
7	11	61	0.0	0.0	nan	nan	0.0	0.0
7	11	58	0.0	0.0	nan	nan	0.0	0.0
7	11	55	0.0	0.0	nan	nan	0.0	0.0
7	11	52	0.0	0.0	nan	nan	0.0	0.0
7	11	49	0.0	0.0	nan	nan	0.0	0.0
7	11	46	0.0	0.0	nan	nan	0.0	0.0
7	11	43	0.0	0.0	nan	nan	0.0	0.0
7	11	40	0.0	0.0	nan	nan	0.0	0.0
7	11	37	0.0	0.0	nan	nan	0.0	0.0
7	11	34	0.0	0.0	nan	nan	0.0	0.0
7	11	31	0.0	0.0	nan	nan	0.0	0.0
7	11	28	0.0	0.0	nan	nan	0.0	0.0
7	12	100	0.0	0.0	nan	nan	0.0	0.0
7	12	97	0.0	0.0	nan	nan	0.0	0.0
7	12	94	0.0	0.0	nan	nan	0.0	0.0
7	12	91	0.0	0.0	nan	nan	0.0	0.0
7	12	88	0.0	0.0	nan	nan	0.0	0.0
7	12	85	0.0	0.0	nan	nan	0.0	0.0
7	12	82	0.0	0.0	nan	nan	0.0	0.0
7	12	79	0.0	0.0	nan	nan	0.0	0.0
7	12	76	0.0	0.0	nan	nan	0.0	0.0
7	12	73	0.0	0.0	nan	nan	0.0	0.0
7	12	70	0.0	0.0	nan	nan	0.0	0.0
7	12	67	0.0	0.0	nan	nan	0.0	0.0
7	12	64	0.0	0.0	nan	nan	0.0	0.0
7	12	61	0.0	0.0	nan	nan	0.0	0.0
7	12	58	0.0	0.0	nan	nan	0.0	0.0
7	12	55	0.0	0.0	nan	nan	0.0	0.0
7	12	52	0.0	0.0	nan	nan	0.0	0.0
7	12	49	0.0	0.0	nan	nan	0.0	0.0
7	12	46	0.0	0.0	nan	nan	0.0	0.0
7	12	43	0.0	0.0	nan	nan	0.0	0.0
7	12	40	0.0	0.0	nan	nan	0.0	0.0
7	12	37	0.0	0.0	nan	nan	0.0	0.0
7	12	34	0.0	0.0	nan	nan	0.0	0.0
7	12	31	0.0	0.0	nan	nan	0.0	0.0
7	12	28	0.0	0.0	nan	nan	0.0	0.0
7	13	100	0.0	0.0	nan	nan	0.0	0.0
7	13	97	0.0	0.0	nan	nan	0.0	0.0
7	13	94	0.0	0.0	nan	nan	0.0	0.0
7	13	91	0.0	0.0	nan	nan	0.0	0.0
7	13	88	0.0	0.0	nan	nan	0.0	0.0
7	13	85	0.0	0.0	nan	nan	0.0	0.0
7	13	82	0.0	0.0	nan	nan	0.0	0.0
7	13	79	0.0	0.0	nan	nan	0.0	0.0
7	13	76	0.0	0.0	nan	nan	0.0	0.0
7	13	73	0.0	0.0	nan	nan	0.0	0.0
7	13	70	0.0	0.0	nan	nan	0.0	0.0
7	13	67	0.0	0.0	nan	nan	0.0	0.0
7	13	64	0.0	0.0	nan	nan	0.0	0.0
7	13	61	0.0	0.0	nan	nan	0.0	0.0
7	13	58	0.0	0.0	nan	nan	0.0	0.0
7	13	55	0.0	0.0	nan	nan	0.0	0.0
7	13	52	0.0	0.0	nan	nan	0.0	0.0
7	13	49	0.0	0.0	nan	nan	0.0	0.0
7	13	46	0.0	0.0	nan	nan	0.0	0.0
7	13	43	0.0	0.0	nan	nan	0.0	0.0
7	13	40	0.0	0.0	nan	nan	0.0	0.0
7	13	37	0.0	0.0	nan	nan	0.0	0.0
7	13	34	0.0	0.0	nan	nan	0.0	0.0
7	13	31	0.0	0.0	nan	nan	0.0	0.0
7	13	28	0.0	0.0	nan	nan	0.0	0.0
7	14	100	0.0	0.0	nan	nan	0.0	0.0
7	14	97	0.0	0.0	nan	nan	0.0	0.0
7	14	94	0.0	0.0	nan	nan	0.0	0.0
7	14	91	0.0	0.0	nan	nan	0.0	0.0
7	14	88	0.0	0.0	nan	nan	0.0	0.0
7	14	85	0.0	0.0	nan	nan	0.0	0.0
7	14	82	0.0	0.0	nan	nan	0.0	0.0
7	14	79	0.0	0.0	nan	nan	0.0	0.0
7	14	76	0.0	0.0	nan	nan	0.0	0.0
7	14	73	0.0	0.0	nan	nan	0.0	0.0
7	14	70	0.0	0.0	nan	nan	0.0	0.0
7	14	67	0.0	0.0	nan	nan	0.0	0.0
7	14	64	0.0	0.0	nan	nan	0.0	0.0
7	14	61	0.0	0.0	nan	nan	0.0	0.0
7	14	58	0.0	0.0	nan	nan	0.0	0.0
7	14	55	0.0	0.0	nan	nan	0.0	0.0
7	14	52	0.0	0.0	nan	nan	0.0	0.0
7	14	49	0.0	0.0	nan	nan	0.0	0.0
7	14	46	0.0	0.0	nan	nan	0.0	0.0
7	14	43	0.0	0.0	nan	nan	0.0	0.0
7	14	40	0.0	0.0	nan	nan	0.0	0.0
7	14	37	0.0	0.0	nan	nan	0.0	0.0
7	14	34	0.0	0.0	nan	nan	0.0	0.0
7	14	31	0.0	0.0	nan	nan	0.0	0.0
7	14	28	0.0	0.0	nan	nan	0.0	0.0
7	15	100	0.0	0.0	nan	nan	0.0	0.0
7	15	97	0.0	0.0	nan	nan	0.0	0.0
7	15	94	0.0	0.0	nan	nan	0.0	0.0
7	15	91	0.0	0.0	nan	nan	0.0	0.0
7	15	88	0.0	0.0	nan	nan	0.0	0.0
7	15	85	0.0	0.0	nan	nan	0.0	0.0
7	15	82	0.0	0.0	nan	nan	0.0	0.0
7	15	79	0.0	0.0	nan	nan	0.0	0.0
7	15	76	0.0	0.0	nan	nan	0.0	0.0
7	15	73	0.0	0.0	nan	nan	0.0	0.0
7	15	70	0.0	0.0	nan	nan	0.0	0.0
7	15	67	0.0	0.0	nan	nan	0.0	0.0
7	15	64	0.0	0.0	nan	nan	0.0	0.0
7	15	61	0.0	0.0	nan	nan	0.0	0.0
7	15	58	0.0	0.0	nan	nan	0.0	0.0
7	15	55	0.0	0.0	nan	nan	0.0	0.0
7	15	52	0.0	0.0	nan	nan	0.0	0.0
7	15	49	0.0	0.0	nan	nan	0.0	0.0
7	15	46	0.0	0.0	nan	nan	0.0	0.0
7	15	43	0.0	0.0	nan	nan	0.0	0.0
7	15	40	0.0	0.0	nan	nan	0.0	0.0
7	15	37	0.0	0.0	nan	nan	0.0	0.0
7	15	34	0.0	0.0	nan	nan	0.0	0.0
7	15	31	0.0	0.0	nan	nan	0.0	0.0
7	15	28	0.0	0.0	nan	nan	0.0	0.0
7	16	100	0.0	0.0	nan	nan	0.0	0.0
7	16	97	0.0	0.0	nan	nan	0.0	0.0
7	16	94	0.0	0.0	nan	nan	0.0	0.0
7	16	91	0.0	0.0	nan	nan	0.0	0.0
7	16	88	0.0	0.0	nan	nan	0.0	0.0
7	16	85	0.0	0.0	nan	nan	0.0	0.0
7	16	82	0.0	0.0	nan	nan	0.0	0.0
7	16	79	0.0	0.0	nan	nan	0.0	0.0
7	16	76	0.0	0.0	nan	nan	0.0	0.0
7	16	73	0.0	0.0	nan	nan	0.0	0.0
7	16	70	0.0	0.0	nan	nan	0.0	0.0
7	16	67	0.0	0.0	nan	nan	0.0	0.0
7	16	64	0.0	0.0	nan	nan	0.0	0.0
7	16	61	0.0	0.0	nan	nan	0.0	0.0
7	16	58	0.0	0.0	nan	nan	0.0	0.0
7	16	55	0.0	0.0	nan	nan	0.0	0.0
7	16	52	0.0	0.0	nan	nan	0.0	0.0
7	16	49	0.0	0.0	nan	nan	0.0	0.0
7	16	46	0.0	0.0	nan	nan	0.0	0.0
7	16	43	0.0	0.0	nan	nan	0.0	0.0
7	16	40	0.0	0.0	nan	nan	0.0	0.0
7	16	37	0.0	0.0	nan	nan	0.0	0.0
7	16	34	0.0	0.0	nan	nan	0.0	0.0
7	16	31	0.0	0.0	nan	nan	0.0	0.0
7	16	28	0.0	0.0	nan	nan	0.0	0.0
7	17	100	0.0	0.0	nan	nan	0.0	0.0
7	17	97	0.0	0.0	nan	nan	0.0	0.0
7	17	94	0.0	0.0	nan	nan	0.0	0.0
7	17	91	0.0	0.0	nan	nan	0.0	0.0
7	17	88	0.0	0.0	nan	nan	0.0	0.0
7	17	85	0.0	0.0	nan	nan	0.0	0.0
7	17	82	0.0	0.0	nan	nan	0.0	0.0
7	17	79	0.0	0.0	nan	nan	0.0	0.0
7	17	76	0.0	0.0	nan	nan	0.0	0.0
7	17	73	0.0	0.0	nan	nan	0.0	0.0
7	17	70	0.0	0.0	nan	nan	0.0	0.0
7	17	67	0.0	0.0	nan	nan	0.0	0.0
7	17	64	0.0	0.0	nan	nan	0.0	0.0
7	17	61	0.0	0.0	nan	nan	0.0	0.0
7	17	58	0.0	0.0	nan	nan	0.0	0.0
7	17	55	0.0	0.0	nan	nan	0.0	0.0
7	17	52	0.0	0.0	nan	nan	0.0	0.0
7	17	49	0.0	0.0	nan	nan	0.0	0.0
7	17	46	0.0	0.0	nan	nan	0.0	0.0
7	17	43	0.0	0.0	nan	nan	0.0	0.0
7	17	40	0.0	0.0	nan	nan	0.0	0.0
7	17	37	0.0	0.0	nan	nan	0.0	0.0
7	17	34	0.0	0.0	nan	nan	0.0	0.0
7	17	31	0.0	0.0	nan	nan	0.0	0.0
7	17	28	0.0	0.0	nan	nan	0.0	0.0
7	18	100	0.0	0.0	nan	nan	0.0	0.0
7	18	97	0.0	0.0	nan	nan	0.0	0.0
7	18	94	0.0	0.0	nan	nan	0.0	0.0
7	18	91	0.0	0.0	nan	nan	0.0	0.0
7	18	88	0.0	0.0	nan	nan	0.0	0.0
7	18	85	0.0	0.0	nan	nan	0.0	0.0
7	18	82	0.0	0.0	nan	nan	0.0	0.0
7	18	79	0.0	0.0	nan	nan	0.0	0.0
7	18	76	0.0	0.0	nan	nan	0.0	0.0
7	18	73	0.0	0.0	nan	nan	0.0	0.0
7	18	70	0.0	0.0	nan	nan	0.0	0.0
7	18	67	0.0	0.0	nan	nan	0.0	0.0
7	18	64	0.0	0.0	nan	nan	0.0	0.0
7	18	61	0.0	0.0	nan	nan	0.0	0.0
7	18	58	0.0	0.0	nan	nan	0.0	0.0
7	18	55	0.0	0.0	nan	nan	0.0	0.0
7	18	52	0.0	0.0	nan	nan	0.0	0.0
7	18	49	0.0	0.0	nan	nan	0.0	0.0
7	18	46	0.0	0.0	nan	nan	0.0	0.0
7	18	43	0.0	0.0	nan	nan	0.0	0.0
7	18	40	0.0	0.0	nan	nan	0.0	0.0
7	18	37	0.0	0.0	nan	nan	0.0	0.0
7	18	34	0.0	0.0	nan	nan	0.0	0.0
7	18	31	0.0	0.0	nan	nan	0.0	0.0
7	18	28	0.0	0.0	nan	nan	0.0	0.0
7	19	100	0.0	0.0	nan	nan	0.0	0.0
7	19	97	0.0	0.0	nan	nan	0.0	0.0
7	19	94	0.0	0.0	nan	nan	0.0	0.0
7	19	91	0.0	0.0	nan	nan	0.0	0.0
7	19	88	0.0	0.0	nan	nan	0.0	0.0
7	19	85	0.0	0.0	nan	nan	0.0	0.0
7	19	82	0.0	0.0	nan	nan	0.0	0.0
7	19	79	0.0	0.0	nan	nan	0.0	0.0
7	19	76	0.0	0.0	nan	nan	0.0	0.0
7	19	73	0.0	0.0	nan	nan	0.0	0.0
7	19	70	0.0	0.0	nan	nan	0.0	0.0
7	19	67	0.0	0.0	nan	nan	0.0	0.0
7	19	64	0.0	0.0	nan	nan	0.0	0.0
7	19	61	0.0	0.0	nan	nan	0.0	0.0
7	19	58	0.0	0.0	nan	nan	0.0	0.0
7	19	55	0.0	0.0	nan	nan	0.0	0.0
7	19	52	0.0	0.0	nan	nan	0.0	0.0
7	19	49	0.0	0.0	nan	nan	0.0	0.0
7	19	46	0.0	0.0	nan	nan	0.0	0.0
7	19	43	0.0	0.0	nan	nan	0.0	0.0
7	19	40	0.0	0.0	nan	nan	0.0	0.0
7	19	37	0.0	0.0	nan	nan	0.0	0.0
7	19	34	0.0	0.0	nan	nan	0.0	0.0
7	19	31	0.0	0.0	nan	nan	0.0	0.0
7	19	28	0.0	0.0	nan	nan	0.0	0.0
7	20	100	0.0	0.0	nan	nan	0.0	0.0
7	20	97	0.0	0.0	nan	nan	0.0	0.0
7	20	94	0.0	0.0	nan	nan	0.0	0.0
7	20	91	0.0	0.0	nan	nan	0.0	0.0
7	20	88	0.0	0.0	nan	nan	0.0	0.0
7	20	85	0.0	0.0	nan	nan	0.0	0.0
7	20	82	0.0	0.0	nan	nan	0.0	0.0
7	20	79	0.0	0.0	nan	nan	0.0	0.0
7	20	76	0.0	0.0	nan	nan	0.0	0.0
7	20	73	0.0	0.0	nan	nan	0.0	0.0
7	20	70	0.0	0.0	nan	nan	0.0	0.0
7	20	67	0.0	0.0	nan	nan	0.0	0.0
7	20	64	0.0	0.0	nan	nan	0.0	0.0
7	20	61	0.0	0.0	nan	nan	0.0	0.0
7	20	58	0.0	0.0	nan	nan	0.0	0.0
7	20	55	0.0	0.0	nan	nan	0.0	0.0
7	20	52	0.0	0.0	nan	nan	0.0	0.0
7	20	49	0.0	0.0	nan	nan	0.0	0.0
7	20	46	0.0	0.0	nan	nan	0.0	0.0
7	20	43	0.0	0.0	nan	nan	0.0	0.0
7	20	40	0.0	0.0	nan	nan	0.0	0.0
7	20	37	0.0	0.0	nan	nan	0.0	0.0
7	20	34	0.0	0.0	nan	nan	0.0	0.0
7	20	31	0.0	0.0	nan	nan	0.0	0.0
7	20	28	0.0	0.0	nan	nan	0.0	0.0
7	21	100	0.0	0.0	nan	nan	0.0	0.0
7	21	97	0.0	0.0	nan	nan	0.0	0.0
7	21	94	0.0	0.0	nan	nan	0.0	0.0
7	21	91	0.0	0.0	nan	nan	0.0	0.0
7	21	88	0.0	0.0	nan	nan	0.0	0.0
7	21	85	0.0	0.0	nan	nan	0.0	0.0
7	21	82	0.0	0.0	nan	nan	0.0	0.0
7	21	79	0.0	0.0	nan	nan	0.0	0.0
7	21	76	0.0	0.0	nan	nan	0.0	0.0
7	21	73	0.0	0.0	nan	nan	0.0	0.0
7	21	70	0.0	0.0	nan	nan	0.0	0.0
7	21	67	0.0	0.0	nan	nan	0.0	0.0
7	21	64	0.0	0.0	nan	nan	0.0	0.0
7	21	61	0.0	0.0	nan	nan	0.0	0.0
7	21	58	0.0	0.0	nan	nan	0.0	0.0
7	21	55	0.0	0.0	nan	nan	0.0	0.0
7	21	52	0.0	0.0	nan	nan	0.0	0.0
7	21	49	0.0	0.0	nan	nan	0.0	0.0
7	21	46	0.0	0.0	nan	nan	0.0	0.0
7	21	43	0.0	0.0	nan	nan	0.0	0.0
7	21	40	0.0	0.0	nan	nan	0.0	0.0
7	21	37	0.0	0.0	nan	nan	0.0	0.0
7	21	34	0.0	0.0	nan	nan	0.0	0.0
7	21	31	0.0	0.0	nan	nan	0.0	0.0
7	21	28	0.0	0.0	nan	nan	0.0	0.0
7	22	100	0.0	0.0	nan	nan	0.0	0.0
7	22	97	0.0	0.0	nan	nan	0.0	0.0
7	22	94	0.0	0.0	nan	nan	0.0	0.0
7	22	91	0.0	0.0	nan	nan	0.0	0.0
7	22	88	0.0	0.0	nan	nan	0.0	0.0
7	22	85	0.0	0.0	nan	nan	0.0	0.0
7	22	82	0.0	0.0	nan	nan	0.0	0.0
7	22	79	0.0	0.0	nan	nan	0.0	0.0
7	22	76	0.0	0.0	nan	nan	0.0	0.0
7	22	73	0.0	0.0	nan	nan	0.0	0.0
7	22	70	0.0	0.0	nan	nan	0.0	0.0
7	22	67	0.0	0.0	nan	nan	0.0	0.0
7	22	64	0.0	0.0	nan	nan	0.0	0.0
7	22	61	0.0	0.0	nan	nan	0.0	0.0
7	22	58	0.0	0.0	nan	nan	0.0	0.0
7	22	55	0.0	0.0	nan	nan	0.0	0.0
7	22	52	0.0	0.0	nan	nan	0.0	0.0
7	22	49	0.0	0.0	nan	nan	0.0	0.0
7	22	46	0.0	0.0	nan	nan	0.0	0.0
7	22	43	0.0	0.0	nan	nan	0.0	0.0
7	22	40	0.0	0.0	nan	nan	0.0	0.0
7	22	37	0.0	0.0	nan	nan	0.0	0.0
7	22	34	0.0	0.0	nan	nan	0.0	0.0
7	22	31	0.0	0.0	nan	nan	0.0	0.0
7	22	28	0.0	0.0	nan	nan	0.0	0.0
7	23	100	0.0	0.0	nan	nan	0.0	0.0
7	23	97	0.0	0.0	nan	nan	0.0	0.0
7	23	94	0.0	0.0	nan	nan	0.0	0.0
7	23	91	0.0	0.0	nan	nan	0.0	0.0
7	23	88	0.0	0.0	nan	nan	0.0	0.0
7	23	85	0.0	0.0	nan	nan	0.0	0.0
7	23	82	0.0	0.0	nan	nan	0.0	0.0
7	23	79	0.0	0.0	nan	nan	0.0	0.0
7	23	76	0.0	0.0	nan	nan	0.0	0.0
7	23	73	0.0	0.0	nan	nan	0.0	0.0
7	23	70	0.0	0.0	nan	nan	0.0	0.0
7	23	67	0.0	0.0	nan	nan	0.0	0.0
7	23	64	0.0	0.0	nan	nan	0.0	0.0
7	23	61	0.0	0.0	nan	nan	0.0	0.0
7	23	58	0.0	0.0	nan	nan	0.0	0.0
7	23	55	0.0	0.0	nan	nan	0.0	0.0
7	23	52	0.0	0.0	nan	nan	0.0	0.0
7	23	49	0.0	0.0	nan	nan	0.0	0.0
7	23	46	0.0	0.0	nan	nan	0.0	0.0
7	23	43	0.0	0.0	nan	nan	0.0	0.0
7	23	40	0.0	0.0	nan	nan	0.0	0.0
7	23	37	0.0	0.0	nan	nan	0.0	0.0
7	23	34	0.0	0.0	nan	nan	0.0	0.0
7	23	31	0.0	0.0	nan	nan	0.0	0.0
7	23	28	0.0	0.0	nan	nan	0.0	0.0
7	24	100	0.0	0.0	nan	nan	0.0	0.0
7	24	97	0.0	0.0	nan	nan	0.0	0.0
7	24	94	0.0	0.0	nan	nan	0.0	0.0
7	24	91	0.0	0.0	nan	nan	0.0	0.0
7	24	88	0.0	0.0	nan	nan	0.0	0.0
7	24	85	0.0	0.0	nan	nan	0.0	0.0
7	24	82	0.0	0.0	nan	nan	0.0	0.0
7	24	79	0.0	0.0	nan	nan	0.0	0.0
7	24	76	0.0	0.0	nan	nan	0.0	0.0
7	24	73	0.0	0.0	nan	nan	0.0	0.0
7	24	70	0.0	0.0	nan	nan	0.0	0.0
7	24	67	0.0	0.0	nan	nan	0.0	0.0
7	24	64	0.0	0.0	nan	nan	0.0	0.0
7	24	61	0.0	0.0	nan	nan	0.0	0.0
7	24	58	0.0	0.0	nan	nan	0.0	0.0
7	24	55	0.0	0.0	nan	nan	0.0	0.0
7	24	52	0.0	0.0	nan	nan	0.0	0.0
7	24	49	0.0	0.0	nan	nan	0.0	0.0
7	24	46	0.0	0.0	nan	nan	0.0	0.0
7	24	43	0.0	0.0	nan	nan	0.0	0.0
7	24	40	0.0	0.0	nan	nan	0.0	0.0
7	24	37	0.0	0.0	nan	nan	0.0	0.0
7	24	34	0.0	0.0	nan	nan	0.0	0.0
7	24	31	0.0	0.0	nan	nan	0.0	0.0
7	24	28	0.0	0.0	nan	nan	0.0	0.0
7	25	100	0.0	0.0	nan	nan	0.0	0.0
7	25	97	0.0	0.0	nan	nan	0.0	0.0
7	25	94	0.0	0.0	nan	nan	0.0	0.0
7	25	91	0.0	0.0	nan	nan	0.0	0.0
7	25	88	0.0	0.0	nan	nan	0.0	0.0
7	25	85	0.0	0.0	nan	nan	0.0	0.0
7	25	82	0.0	0.0	nan	nan	0.0	0.0
7	25	79	0.0	0.0	nan	nan	0.0	0.0
7	25	76	0.0	0.0	nan	nan	0.0	0.0
7	25	73	0.0	0.0	nan	nan	0.0	0.0
7	25	70	0.0	0.0	nan	nan	0.0	0.0
7	25	67	0.0	0.0	nan	nan	0.0	0.0
7	25	64	0.0	0.0	nan	nan	0.0	0.0
7	25	61	0.0	0.0	nan	nan	0.0	0.0
7	25	58	0.0	0.0	nan	nan	0.0	0.0
7	25	55	0.0	0.0	nan	nan	0.0	0.0
7	25	52	0.0	0.0	nan	nan	0.0	0.0
7	25	49	0.0	0.0	nan	nan	0.0	0.0
7	25	46	0.0	0.0	nan	nan	0.0	0.0
7	25	43	0.0	0.0	nan	nan	0.0	0.0
7	25	40	0.0	0.0	nan	nan	0.0	0.0
7	25	37	0.0	0.0	nan	nan	0.0	0.0
7	25	34	0.0	0.0	nan	nan	0.0	0.0
7	25	31	0.0	0.0	nan	nan	0.0	0.0
7	25	28	0.0	0.0	nan	nan	0.0	0.0
7	26	100	0.0	0.0	nan	nan	0.0	0.0
7	26	97	0.0	0.0	nan	nan	0.0	0.0
7	26	94	0.0	0.0	nan	nan	0.0	0.0
7	26	91	0.0	0.0	nan	nan	0.0	0.0
7	26	88	0.0	0.0	nan	nan	0.0	0.0
7	26	85	0.0	0.0	nan	nan	0.0	0.0
7	26	82	0.0	0.0	nan	nan	0.0	0.0
7	26	79	0.0	0.0	nan	nan	0.0	0.0
7	26	76	0.0	0.0	nan	nan	0.0	0.0
7	26	73	0.0	0.0	nan	nan	0.0	0.0
7	26	70	0.0	0.0	nan	nan	0.0	0.0
7	26	67	0.0	0.0	nan	nan	0.0	0.0
7	26	64	0.0	0.0	nan	nan	0.0	0.0
7	26	61	0.0	0.0	nan	nan	0.0	0.0
7	26	58	0.0	0.0	nan	nan	0.0	0.0
7	26	55	0.0	0.0	nan	nan	0.0	0.0
7	26	52	0.0	0.0	nan	nan	0.0	0.0
7	26	49	0.0	0.0	nan	nan	0.0	0.0
7	26	46	0.0	0.0	nan	nan	0.0	0.0
7	26	43	0.0	0.0	nan	nan	0.0	0.0
7	26	40	0.0	0.0	nan	nan	0.0	0.0
7	26	37	0.0	0.0	nan	nan	0.0	0.0
7	26	34	0.0	0.0	nan	nan	0.0	0.0
7	26	31	0.0	0.0	nan	nan	0.0	0.0
7	26	28	0.0	0.0	nan	nan	0.0	0.0
7	27	100	0.0	0.0	nan	nan	0.0	0.0
7	27	97	0.0	0.0	nan	nan	0.0	0.0
7	27	94	0.0	0.0	nan	nan	0.0	0.0
7	27	91	0.0	0.0	nan	nan	0.0	0.0
7	27	88	0.0	0.0	nan	nan	0.0	0.0
7	27	85	0.0	0.0	nan	nan	0.0	0.0
7	27	82	0.0	0.0	nan	nan	0.0	0.0
7	27	79	0.0	0.0	nan	nan	0.0	0.0
7	27	76	0.0	0.0	nan	nan	0.0	0.0
7	27	73	0.0	0.0	nan	nan	0.0	0.0
7	27	70	0.0	0.0	nan	nan	0.0	0.0
7	27	67	0.0	0.0	nan	nan	0.0	0.0
7	27	64	0.0	0.0	nan	nan	0.0	0.0
7	27	61	0.0	0.0	nan	nan	0.0	0.0
7	27	58	0.0	0.0	nan	nan	0.0	0.0
7	27	55	0.0	0.0	nan	nan	0.0	0.0
7	27	52	0.0	0.0	nan	nan	0.0	0.0
7	27	49	0.0	0.0	nan	nan	0.0	0.0
7	27	46	0.0	0.0	nan	nan	0.0	0.0
7	27	43	0.0	0.0	nan	nan	0.0	0.0
7	27	40	0.0	0.0	nan	nan	0.0	0.0
7	27	37	0.0	0.0	nan	nan	0.0	0.0
7	27	34	0.0	0.0	nan	nan	0.0	0.0
7	27	31	0.0	0.0	nan	nan	0.0	0.0
7	27	28	0.0	0.0	nan	nan	0.0	0.0
7	28	100	0.0	0.0	nan	nan	0.0	0.0
7	28	97	0.0	0.0	nan	nan	0.0	0.0
7	28	94	0.0	0.0	nan	nan	0.0	0.0
7	28	91	0.0	0.0	nan	nan	0.0	0.0
7	28	88	0.0	0.0	nan	nan	0.0	0.0
7	28	85	0.0	0.0	nan	nan	0.0	0.0
7	28	82	0.0	0.0	nan	nan	0.0	0.0
7	28	79	0.0	0.0	nan	nan	0.0	0.0
7	28	76	0.0	0.0	nan	nan	0.0	0.0
7	28	73	0.0	0.0	nan	nan	0.0	0.0
7	28	70	0.0	0.0	nan	nan	0.0	0.0
7	28	67	0.0	0.0	nan	nan	0.0	0.0
7	28	64	0.0	0.0	nan	nan	0.0	0.0
7	28	61	0.0	0.0	nan	nan	0.0	0.0
7	28	58	0.0	0.0	nan	nan	0.0	0.0
7	28	55	0.0	0.0	nan	nan	0.0	0.0
7	28	52	0.0	0.0	nan	nan	0.0	0.0
7	28	49	0.0	0.0	nan	nan	0.0	0.0
7	28	46	0.0	0.0	nan	nan	0.0	0.0
7	28	43	0.0	0.0	nan	nan	0.0	0.0
7	28	40	0.0	0.0	nan	nan	0.0	0.0
7	28	37	0.0	0.0	nan	nan	0.0	0.0
7	28	34	0.0	0.0	nan	nan	0.0	0.0
7	28	31	0.0	0.0	nan	nan	0.0	0.0
7	28	28	0.0	0.0	nan	nan	0.0	0.0
7	29	100	0.0	0.0	nan	nan	0.0	0.0
7	29	97	0.0	0.0	nan	nan	0.0	0.0
7	29	94	0.0	0.0	nan	nan	0.0	0.0
7	29	91	0.0	0.0	nan	nan	0.0	0.0
7	29	88	0.0	0.0	nan	nan	0.0	0.0
7	29	85	0.0	0.0	nan	nan	0.0	0.0
7	29	82	0.0	0.0	nan	nan	0.0	0.0
7	29	79	0.0	0.0	nan	nan	0.0	0.0
7	29	76	0.0	0.0	nan	nan	0.0	0.0
7	29	73	0.0	0.0	nan	nan	0.0	0.0
7	29	70	0.0	0.0	nan	nan	0.0	0.0
7	29	67	0.0	0.0	nan	nan	0.0	0.0
7	29	64	0.0	0.0	nan	nan	0.0	0.0
7	29	61	0.0	0.0	nan	nan	0.0	0.0
7	29	58	0.0	0.0	nan	nan	0.0	0.0
7	29	55	0.0	0.0	nan	nan	0.0	0.0
7	29	52	0.0	0.0	nan	nan	0.0	0.0
7	29	49	0.0	0.0	nan	nan	0.0	0.0
7	29	46	0.0	0.0	nan	nan	0.0	0.0
7	29	43	0.0	0.0	nan	nan	0.0	0.0
7	29	40	0.0	0.0	nan	nan	0.0	0.0
7	29	37	0.0	0.0	nan	nan	0.0	0.0
7	29	34	0.0	0.0	nan	nan	0.0	0.0
7	29	31	0.0	0.0	nan	nan	0.0	0.0
7	29	28	0.0	0.0	nan	nan	0.0	0.0
7	30	100	0.0	0.0	nan	nan	0.0	0.0
7	30	97	0.0	0.0	nan	nan	0.0	0.0
7	30	94	0.0	0.0	nan	nan	0.0	0.0
7	30	91	0.0	0.0	nan	nan	0.0	0.0
7	30	88	0.0	0.0	nan	nan	0.0	0.0
7	30	85	0.0	0.0	nan	nan	0.0	0.0
7	30	82	0.0	0.0	nan	nan	0.0	0.0
7	30	79	0.0	0.0	nan	nan	0.0	0.0
7	30	76	0.0	0.0	nan	nan	0.0	0.0
7	30	73	0.0	0.0	nan	nan	0.0	0.0
7	30	70	0.0	0.0	nan	nan	0.0	0.0
7	30	67	0.0	0.0	nan	nan	0.0	0.0
7	30	64	0.0	0.0	nan	nan	0.0	0.0
7	30	61	0.0	0.0	nan	nan	0.0	0.0
7	30	58	0.0	0.0	nan	nan	0.0	0.0
7	30	55	0.0	0.0	nan	nan	0.0	0.0
7	30	52	0.0	0.0	nan	nan	0.0	0.0
7	30	49	0.0	0.0	nan	nan	0.0	0.0
7	30	46	0.0	0.0	nan	nan	0.0	0.0
7	30	43	0.0	0.0	nan	nan	0.0	0.0
7	30	40	0.0	0.0	nan	nan	0.0	0.0
7	30	37	0.0	0.0	nan	nan	0.0	0.0
7	30	34	0.0	0.0	nan	nan	0.0	0.0
7	30	31	0.0	0.0	nan	nan	0.0	0.0
7	30	28	0.0	0.0	nan	nan	0.0	0.0
7	31	100	0.0	0.0	nan	nan	0.0	0.0
7	31	97	0.0	0.0	nan	nan	0.0	0.0
7	31	94	0.0	0.0	nan	nan	0.0	0.0
7	31	91	0.0	0.0	nan	nan	0.0	0.0
7	31	88	0.0	0.0	nan	nan	0.0	0.0
7	31	85	0.0	0.0	nan	nan	0.0	0.0
7	31	82	0.0	0.0	nan	nan	0.0	0.0
7	31	79	0.0	0.0	nan	nan	0.0	0.0
7	31	76	0.0	0.0	nan	nan	0.0	0.0
7	31	73	0.0	0.0	nan	nan	0.0	0.0
7	31	70	0.0	0.0	nan	nan	0.0	0.0
7	31	67	0.0	0.0	nan	nan	0.0	0.0
7	31	64	0.0	0.0	nan	nan	0.0	0.0
7	31	61	0.0	0.0	nan	nan	0.0	0.0
7	31	58	0.0	0.0	nan	nan	0.0	0.0
7	31	55	0.0	0.0	nan	nan	0.0	0.0
7	31	52	0.0	0.0	nan	nan	0.0	0.0
7	31	49	0.0	0.0	nan	nan	0.0	0.0
7	31	46	0.0	0.0	nan	nan	0.0	0.0
7	31	43	0.0	0.0	nan	nan	0.0	0.0
7	31	40	0.0	0.0	nan	nan	0.0	0.0
7	31	37	0.0	0.0	nan	nan	0.0	0.0
7	31	34	0.0	0.0	nan	nan	0.0	0.0
7	31	31	0.0	0.0	nan	nan	0.0	0.0
7	31	28	0.0	0.0	nan	nan	0.0	0.0
