row	col	voltage	tot_avg	tot_std	toa_avg	toa_std	efficiency_tot	efficiency_toa
0	0	100	5.0	0.0	14.452	0.568	1.0	1.0
0	0	97	5.032	0.18	14.742	0.445	1.0	1.0
0	0	94	5.0	0.0	14.968	0.18	1.0	1.0
0	0	91	5.0	0.0	15.161	0.523	1.0	1.0
0	0	88	4.806	0.402	15.742	0.514	1.0	1.0
0	0	85	4.516	0.508	16.097	0.473	1.0	1.0
0	0	82	4.226	0.425	16.161	0.583	1.0	1.0
0	0	79	4.032	0.18	17.032	0.407	1.0	1.0
0	0	76	3.968	0.18	17.065	0.629	1.0	1.0
0	0	73	3.774	0.425	17.742	0.815	1.0	1.0
0	0	70	3.452	0.506	18.484	0.677	1.0	1.0
0	0	67	2.968	0.407	19.613	1.086	1.0	1.0
0	0	64	2.581	0.502	21.032	1.683	1.0	1.0
0	0	61	2.129	0.341	22.355	1.355	1.0	1.0
0	0	58	2.032	0.18	24.742	2.033	1.0	1.0
0	0	55	1.968	0.18	27.613	3.19	1.0	1.0
0	0	52	1.533	0.629	32.31	4.31	0.903	0.935
0	0	49	0.538	0.706	39.0	4.05	0.355	0.516
0	0	46	0.0	0.0	nan	nan	0.0	0.0
0	0	43	0.0	0.0	nan	nan	0.0	0.0
0	0	40	0.0	0.0	nan	nan	0.0	0.0
0	0	37	0.0	0.0	nan	nan	0.0	0.0
0	0	34	0.0	0.0	nan	nan	0.0	0.0
0	0	31	0.0	0.0	nan	nan	0.0	0.0
0	0	28	0.0	0.0	nan	nan	0.0	0.0
1	0	100	3.968	0.18	16.613	0.495	1.0	1.0
1	0	97	3.774	0.425	16.71	0.461	1.0	1.0
1	0	94	3.387	0.558	17.161	0.454	1.0	1.0
1	0	91	3.0	0.516	17.839	0.583	1.0	1.0
1	0	88	2.581	0.502	18.065	0.814	1.0	1.0
1	0	85	2.097	0.301	19.032	0.657	1.0	1.0
1	0	82	2.032	0.18	19.677	0.791	1.0	1.0
1	0	79	1.935	0.25	20.677	0.909	1.0	1.0
1	0	76	1.839	0.374	21.839	1.068	1.0	1.0
1	0	73	1.387	0.495	23.097	1.165	1.0	1.0
1	0	70	1.355	0.486	24.548	1.41	1.0	1.0
1	0	67	0.893	0.416	27.37	3.764	0.774	0.871
1	0	64	0.267	0.45	30.222	3.193	0.258	0.29
1	0	61	0.032	0.18	30.0	0.0	0.032	0.032
1	0	58	0.0	0.0	nan	nan	0.0	0.0
1	0	55	0.0	0.0	nan	nan	0.0	0.0
1	0	52	0.0	0.0	nan	nan	0.0	0.0
1	0	49	0.0	0.0	nan	nan	0.0	0.0
1	0	46	0.0	0.0	nan	nan	0.0	0.0
1	0	43	0.0	0.0	nan	nan	0.0	0.0
1	0	40	0.0	0.0	nan	nan	0.0	0.0
1	0	37	0.0	0.0	nan	nan	0.0	0.0
1	0	34	0.0	0.0	nan	nan	0.0	0.0
1	0	31	0.0	0.0	nan	nan	0.0	0.0
1	0	28	0.0	0.0	nan	nan	0.0	0.0
2	0	100	5.258	0.445	14.194	0.477	1.0	1.0
2	0	97	5.097	0.301	14.548	0.506	1.0	1.0
2	0	94	5.0	0.0	14.903	0.301	1.0	1.0
2	0	91	5.0	0.0	15.161	0.374	1.0	1.0
2	0	88	4.935	0.25	15.387	0.495	1.0	1.0
2	0	85	4.839	0.374	15.645	0.551	1.0	1.0
2	0	82	4.613	0.495	16.161	0.454	1.0	1.0
2	0	79	4.161	0.374	16.839	0.688	1.0	1.0
2	0	76	4.0	0.0	17.129	0.499	1.0	1.0
2	0	73	3.903	0.301	17.548	0.675	1.0	1.0
2	0	70	3.419	0.564	18.548	1.028	1.0	1.0
2	0	67	3.032	0.315	19.71	1.101	1.0	1.0
2	0	64	2.71	0.588	20.968	1.472	1.0	1.0
2	0	61	2.29	0.461	22.065	1.459	1.0	1.0
2	0	58	2.129	0.341	23.355	1.582	1.0	1.0
2	0	55	1.935	0.359	26.6	2.143	0.968	0.968
2	0	52	1.724	0.455	32.484	4.986	0.935	1.0
2	0	49	0.448	0.736	36.455	6.283	0.29	0.355
2	0	46	0.0	0.0	nan	nan	0.0	0.0
2	0	43	0.0	0.0	nan	nan	0.0	0.0
2	0	40	0.0	0.0	nan	nan	0.0	0.0
2	0	37	0.0	0.0	nan	nan	0.0	0.0
2	0	34	0.0	0.0	nan	nan	0.0	0.0
2	0	31	0.0	0.0	nan	nan	0.0	0.0
2	0	28	0.0	0.0	nan	nan	0.0	0.0
3	0	100	4.0	0.0	15.806	0.402	1.0	1.0
3	0	97	4.0	0.0	16.032	0.407	1.0	1.0
3	0	94	4.0	0.0	16.323	0.475	1.0	1.0
3	0	91	3.935	0.25	16.806	0.543	1.0	1.0
3	0	88	3.516	0.508	17.387	0.667	1.0	1.0
3	0	85	3.323	0.541	17.581	0.62	1.0	1.0
3	0	82	2.548	0.675	18.129	0.763	1.0	1.0
3	0	79	2.161	0.374	18.968	0.752	1.0	1.0
3	0	76	2.032	0.18	19.806	0.792	1.0	1.0
3	0	73	2.0	0.0	20.774	1.023	1.0	1.0
3	0	70	1.968	0.315	21.968	1.251	1.0	1.0
3	0	67	1.677	0.475	23.387	1.52	1.0	1.0
3	0	64	1.323	0.541	25.333	2.233	0.968	0.968
3	0	61	1.032	0.407	28.448	2.971	0.935	0.935
3	0	58	0.433	0.626	30.5	3.06	0.355	0.387
3	0	55	0.032	0.18	31.0	0.0	0.032	0.032
3	0	52	0.0	0.0	nan	nan	0.0	0.0
3	0	49	0.0	0.0	nan	nan	0.0	0.0
3	0	46	0.0	0.0	nan	nan	0.0	0.0
3	0	43	0.0	0.0	nan	nan	0.0	0.0
3	0	40	0.0	0.0	nan	nan	0.0	0.0
3	0	37	0.0	0.0	nan	nan	0.0	0.0
3	0	34	0.0	0.0	nan	nan	0.0	0.0
3	0	31	0.0	0.0	nan	nan	0.0	0.0
3	0	28	0.0	0.0	nan	nan	0.0	0.0
4	0	100	4.0	0.0	15.161	0.374	1.0	1.0
4	0	97	4.0	0.0	15.613	0.615	1.0	1.0
4	0	94	3.935	0.25	15.968	0.605	1.0	1.0
4	0	91	3.903	0.301	16.129	0.428	1.0	1.0
4	0	88	3.581	0.502	16.581	0.502	1.0	1.0
4	0	85	3.194	0.402	17.0	0.516	1.0	1.0
4	0	82	3.065	0.442	17.548	0.624	1.0	1.0
4	0	79	2.903	0.396	17.806	0.543	1.0	1.0
4	0	76	2.387	0.558	18.581	0.62	1.0	1.0
4	0	73	2.032	0.315	19.161	0.86	1.0	1.0
4	0	70	1.839	0.374	20.516	1.029	1.0	1.0
4	0	67	1.645	0.486	21.452	1.67	1.0	1.0
4	0	64	1.323	0.475	23.355	1.33	1.0	1.0
4	0	61	1.161	0.374	25.032	2.562	1.0	1.0
4	0	58	0.767	0.43	28.125	2.924	0.742	0.774
4	0	55	0.065	0.25	29.5	4.95	0.065	0.065
4	0	52	0.0	0.0	nan	nan	0.0	0.0
4	0	49	0.0	0.0	nan	nan	0.0	0.0
4	0	46	0.0	0.0	nan	nan	0.0	0.0
4	0	43	0.0	0.0	nan	nan	0.0	0.0
4	0	40	0.0	0.0	nan	nan	0.0	0.0
4	0	37	0.0	0.0	nan	nan	0.0	0.0
4	0	34	0.0	0.0	nan	nan	0.0	0.0
4	0	31	0.0	0.0	nan	nan	0.0	0.0
4	0	28	0.0	0.0	nan	nan	0.0	0.0
5	0	100	4.968	0.18	15.387	0.558	1.0	1.0
5	0	97	4.871	0.341	15.903	0.396	1.0	1.0
5	0	94	4.323	0.475	16.129	0.341	1.0	1.0
5	0	91	4.032	0.18	16.387	0.558	1.0	1.0
5	0	88	4.032	0.18	16.839	0.523	1.0	1.0
5	0	85	3.935	0.25	17.355	0.551	1.0	1.0
5	0	82	3.613	0.558	18.065	0.772	1.0	1.0
5	0	79	3.387	0.558	18.387	0.761	1.0	1.0
5	0	76	2.935	0.512	19.161	0.735	1.0	1.0
5	0	73	2.548	0.506	19.839	1.003	1.0	1.0
5	0	70	2.161	0.374	21.097	1.076	1.0	1.0
5	0	67	2.032	0.18	22.677	1.194	1.0	1.0
5	0	64	2.0	0.0	24.0	1.155	1.0	1.0
5	0	61	1.968	0.18	25.935	1.315	1.0	1.0
5	0	58	1.9	0.403	29.733	3.29	0.935	0.968
5	0	55	1.071	0.813	34.348	2.707	0.645	0.742
5	0	52	0.065	0.25	34.0	2.828	0.065	0.065
5	0	49	0.0	0.0	nan	nan	0.0	0.0
5	0	46	0.0	0.0	nan	nan	0.0	0.0
5	0	43	0.0	0.0	nan	nan	0.0	0.0
5	0	40	0.0	0.0	nan	nan	0.0	0.0
5	0	37	0.0	0.0	nan	nan	0.0	0.0
5	0	34	0.0	0.0	nan	nan	0.0	0.0
5	0	31	0.0	0.0	nan	nan	0.0	0.0
5	0	28	0.0	0.0	nan	nan	0.0	0.0
6	0	100	4.903	0.301	15.71	0.529	1.0	1.0
6	0	97	4.71	0.461	15.935	0.442	1.0	1.0
6	0	94	4.258	0.445	16.387	0.558	1.0	1.0
6	0	91	4.129	0.341	16.613	0.615	1.0	1.0
6	0	88	4.0	0.258	17.226	0.425	1.0	1.0
6	0	85	3.968	0.18	17.516	0.57	1.0	1.0
6	0	82	3.581	0.564	18.226	0.762	1.0	1.0
6	0	79	3.226	0.497	18.645	0.755	1.0	1.0
6	0	76	2.677	0.541	19.387	0.844	1.0	1.0
6	0	73	2.452	0.506	20.452	1.121	1.0	1.0
6	0	70	2.161	0.374	21.258	0.999	1.0	1.0
6	0	67	2.0	0.0	22.935	1.263	1.0	1.0
6	0	64	2.0	0.0	24.323	1.492	1.0	1.0
6	0	61	2.0	0.0	25.613	1.944	1.0	1.0
6	0	58	1.903	0.396	28.233	2.388	0.968	0.968
6	0	55	0.952	0.805	35.042	3.014	0.452	0.774
6	0	52	0.185	0.396	36.111	3.18	0.161	0.29
6	0	49	0.0	0.0	nan	nan	0.0	0.0
6	0	46	0.0	0.0	nan	nan	0.0	0.0
6	0	43	0.0	0.0	nan	nan	0.0	0.0
6	0	40	0.0	0.0	nan	nan	0.0	0.0
6	0	37	0.0	0.0	nan	nan	0.0	0.0
6	0	34	0.0	0.0	nan	nan	0.0	0.0
6	0	31	0.0	0.0	nan	nan	0.0	0.0
6	0	28	0.0	0.0	nan	nan	0.0	0.0
7	0	100	5.194	0.402	13.774	0.425	1.0	1.0
7	0	97	5.032	0.18	13.871	0.428	1.0	1.0
7	0	94	5.0	0.0	14.0	0.365	1.0	1.0
7	0	91	4.968	0.18	14.452	0.506	1.0	1.0
7	0	88	4.645	0.486	14.774	0.497	1.0	1.0
7	0	85	4.613	0.495	14.935	0.629	1.0	1.0
7	0	82	4.29	0.461	15.548	0.506	1.0	1.0
7	0	79	4.065	0.25	15.774	0.56	1.0	1.0
7	0	76	4.032	0.18	16.323	0.702	1.0	1.0
7	0	73	3.935	0.25	16.677	0.702	1.0	1.0
7	0	70	3.71	0.588	17.161	0.583	1.0	1.0
7	0	67	3.419	0.72	17.839	0.735	1.0	1.0
7	0	64	2.71	0.693	18.516	1.061	1.0	1.0
7	0	61	2.258	0.514	19.323	1.077	1.0	1.0
7	0	58	2.065	0.25	21.097	1.66	1.0	1.0
7	0	55	1.871	0.341	22.968	1.779	1.0	1.0
7	0	52	1.774	0.425	24.71	2.559	1.0	1.0
7	0	49	1.4	0.724	27.0	3.606	0.839	0.871
7	0	46	0.6	0.707	31.333	3.97	0.387	0.581
7	0	43	0.0	0.0	nan	nan	0.0	0.0
7	0	40	0.0	0.0	nan	nan	0.0	0.0
7	0	37	0.0	0.0	nan	nan	0.0	0.0
7	0	34	0.0	0.0	nan	nan	0.0	0.0
7	0	31	0.0	0.0	nan	nan	0.0	0.0
7	0	28	0.0	0.0	nan	nan	0.0	0.0
8	0	100	4.774	0.425	14.968	0.315	1.0	1.0
8	0	97	4.323	0.475	15.032	0.18	1.0	1.0
8	0	94	4.258	0.445	15.355	0.486	1.0	1.0
8	0	91	4.161	0.374	15.677	0.475	1.0	1.0
8	0	88	4.0	0.0	16.097	0.396	1.0	1.0
8	0	85	4.0	0.0	16.484	0.626	1.0	1.0
8	0	82	4.0	0.0	16.839	0.523	1.0	1.0
8	0	79	4.0	0.0	17.065	0.574	1.0	1.0
8	0	76	3.581	0.62	17.968	0.706	1.0	1.0
8	0	73	2.968	0.752	18.452	0.568	1.0	1.0
8	0	70	2.387	0.558	19.387	1.022	1.0	1.0
8	0	67	2.226	0.497	19.839	1.293	1.0	1.0
8	0	64	2.032	0.18	22.0	1.238	1.0	1.0
8	0	61	2.0	0.0	22.903	1.72	1.0	1.0
8	0	58	2.0	0.0	25.032	2.415	1.0	1.0
8	0	55	1.839	0.523	27.414	2.486	0.935	0.935
8	0	52	1.435	0.728	34.643	4.039	0.645	0.903
8	0	49	0.393	0.786	34.333	3.873	0.194	0.29
8	0	46	0.0	0.0	nan	nan	0.0	0.0
8	0	43	0.0	0.0	nan	nan	0.0	0.0
8	0	40	0.0	0.0	nan	nan	0.0	0.0
8	0	37	0.0	0.0	nan	nan	0.0	0.0
8	0	34	0.0	0.0	nan	nan	0.0	0.0
8	0	31	0.0	0.0	nan	nan	0.0	0.0
8	0	28	0.0	0.0	nan	nan	0.0	0.0
9	0	100	5.774	0.425	15.516	0.508	1.0	1.0
9	0	97	5.355	0.486	15.871	0.428	1.0	1.0
9	0	94	5.097	0.301	16.097	0.539	1.0	1.0
9	0	91	5.032	0.18	16.516	0.724	1.0	1.0
9	0	88	4.935	0.359	16.903	0.539	1.0	1.0
9	0	85	4.839	0.374	17.484	0.57	1.0	1.0
9	0	82	4.323	0.748	17.871	0.718	1.0	1.0
9	0	79	3.839	0.86	18.419	0.807	1.0	1.0
9	0	76	3.032	0.18	19.387	0.803	1.0	1.0
9	0	73	2.968	0.18	20.677	1.222	1.0	1.0
9	0	70	2.968	0.18	21.516	1.151	1.0	1.0
9	0	67	2.806	0.402	22.806	1.515	1.0	1.0
9	0	64	2.29	0.461	24.29	1.419	1.0	1.0
9	0	61	2.032	0.18	26.935	2.323	1.0	1.0
9	0	58	1.767	0.504	31.0	3.454	0.935	0.968
9	0	55	1.069	0.704	35.08	3.121	0.742	0.806
9	0	52	0.226	0.425	38.857	3.485	0.226	0.226
9	0	49	0.0	0.0	nan	nan	0.0	0.0
9	0	46	0.0	0.0	nan	nan	0.0	0.0
9	0	43	0.0	0.0	nan	nan	0.0	0.0
9	0	40	0.0	0.0	nan	nan	0.0	0.0
9	0	37	0.0	0.0	nan	nan	0.0	0.0
9	0	34	0.0	0.0	nan	nan	0.0	0.0
9	0	31	0.0	0.0	nan	nan	0.0	0.0
9	0	28	0.0	0.0	nan	nan	0.0	0.0
10	0	100	4.677	0.475	15.484	0.508	1.0	1.0
10	0	97	4.323	0.475	15.677	0.541	1.0	1.0
10	0	94	4.129	0.341	16.065	0.442	1.0	1.0
10	0	91	4.0	0.0	16.419	0.502	1.0	1.0
10	0	88	4.0	0.0	16.645	0.661	1.0	1.0
10	0	85	3.968	0.18	17.323	0.702	1.0	1.0
10	0	82	3.806	0.402	17.806	0.703	1.0	1.0
10	0	79	3.355	0.608	18.387	0.715	1.0	1.0
10	0	76	2.774	0.669	18.968	0.875	1.0	1.0
10	0	73	2.226	0.497	19.806	1.014	1.0	1.0
10	0	70	2.032	0.18	21.839	1.393	1.0	1.0
10	0	67	2.0	0.0	22.839	1.068	1.0	1.0
10	0	64	1.968	0.18	24.29	1.071	1.0	1.0
10	0	61	1.903	0.301	25.871	2.814	1.0	1.0
10	0	58	1.519	0.753	31.556	4.535	0.742	0.871
10	0	55	0.097	0.301	35.333	1.528	0.097	0.097
10	0	52	0.0	0.0	nan	nan	0.0	0.0
10	0	49	0.0	0.0	nan	nan	0.0	0.0
10	0	46	0.0	0.0	nan	nan	0.0	0.0
10	0	43	0.0	0.0	nan	nan	0.0	0.0
10	0	40	0.0	0.0	nan	nan	0.0	0.0
10	0	37	0.0	0.0	nan	nan	0.0	0.0
10	0	34	0.0	0.0	nan	nan	0.0	0.0
10	0	31	0.0	0.0	nan	nan	0.0	0.0
10	0	28	0.0	0.0	nan	nan	0.0	0.0
11	0	100	4.935	0.25	14.29	0.461	1.0	1.0
11	0	97	4.968	0.18	14.774	0.425	1.0	1.0
11	0	94	4.806	0.402	15.032	0.18	1.0	1.0
11	0	91	4.677	0.475	15.129	0.428	1.0	1.0
11	0	88	4.258	0.445	15.516	0.508	1.0	1.0
11	0	85	4.097	0.301	16.032	0.547	1.0	1.0
11	0	82	3.968	0.18	16.355	0.661	1.0	1.0
11	0	79	3.968	0.18	16.742	0.773	1.0	1.0
11	0	76	3.806	0.402	17.452	0.624	1.0	1.0
11	0	73	3.129	0.619	17.968	0.605	1.0	1.0
11	0	70	2.387	0.615	19.032	1.251	1.0	1.0
11	0	67	2.032	0.18	19.581	1.057	1.0	1.0
11	0	64	2.032	0.315	21.0	1.291	1.0	1.0
11	0	61	1.839	0.374	23.129	1.36	1.0	1.0
11	0	58	1.581	0.502	24.71	1.755	1.0	1.0
11	0	55	1.067	0.691	27.64	3.957	0.774	0.806
11	0	52	0.414	0.568	30.0	4.062	0.355	0.419
11	0	49	0.067	0.254	31.667	7.638	0.065	0.097
11	0	46	0.0	0.0	nan	nan	0.0	0.0
11	0	43	0.0	0.0	nan	nan	0.0	0.0
11	0	40	0.0	0.0	nan	nan	0.0	0.0
11	0	37	0.0	0.0	nan	nan	0.0	0.0
11	0	34	0.0	0.0	nan	nan	0.0	0.0
11	0	31	0.0	0.0	nan	nan	0.0	0.0
11	0	28	0.0	0.0	nan	nan	0.0	0.0
12	0	100	5.387	0.495	15.129	0.341	1.0	1.0
12	0	97	5.032	0.18	15.677	0.541	1.0	1.0
12	0	94	5.0	0.0	15.774	0.425	1.0	1.0
12	0	91	5.0	0.0	15.871	0.341	1.0	1.0
12	0	88	5.0	0.0	16.516	0.508	1.0	1.0
12	0	85	4.839	0.374	17.097	0.473	1.0	1.0
12	0	82	4.613	0.495	17.258	0.514	1.0	1.0
12	0	79	4.097	0.651	17.935	0.574	1.0	1.0
12	0	76	3.516	0.508	18.387	0.615	1.0	1.0
12	0	73	3.032	0.18	19.645	0.798	1.0	1.0
12	0	70	3.0	0.0	20.29	0.588	1.0	1.0
12	0	67	2.903	0.301	21.452	0.723	1.0	1.0
12	0	64	2.613	0.495	23.161	1.369	1.0	1.0
12	0	61	2.258	0.445	24.645	1.496	1.0	1.0
12	0	58	2.0	0.0	27.194	2.072	1.0	1.0
12	0	55	1.774	0.425	31.419	4.089	1.0	1.0
12	0	52	0.69	0.712	37.111	5.603	0.516	0.581
12	0	49	0.0	0.0	nan	nan	0.0	0.0
12	0	46	0.0	0.0	nan	nan	0.0	0.0
12	0	43	0.0	0.0	nan	nan	0.0	0.0
12	0	40	0.0	0.0	nan	nan	0.0	0.0
12	0	37	0.0	0.0	nan	nan	0.0	0.0
12	0	34	0.0	0.0	nan	nan	0.0	0.0
12	0	31	0.0	0.0	nan	nan	0.0	0.0
12	0	28	0.0	0.0	nan	nan	0.0	0.0
13	0	100	3.871	0.341	16.516	0.626	1.0	1.0
13	0	97	3.258	0.445	17.0	0.516	1.0	1.0
13	0	94	3.065	0.442	17.323	0.599	1.0	1.0
13	0	91	2.774	0.56	17.774	0.669	1.0	1.0
13	0	88	2.387	0.495	18.613	0.667	1.0	1.0
13	0	85	2.097	0.301	19.194	0.749	1.0	1.0
13	0	82	2.0	0.0	20.226	0.884	1.0	1.0
13	0	79	2.0	0.0	20.935	1.031	1.0	1.0
13	0	76	1.935	0.25	22.355	1.082	1.0	1.0
13	0	73	1.419	0.502	24.097	1.076	1.0	1.0
13	0	70	1.097	0.301	26.0	2.366	1.0	1.0
13	0	67	0.833	0.379	29.615	2.954	0.806	0.839
13	0	64	0.259	0.447	31.364	4.296	0.226	0.355
13	0	61	0.0	0.0	nan	nan	0.0	0.0
13	0	58	0.0	0.0	nan	nan	0.0	0.0
13	0	55	0.0	0.0	nan	nan	0.0	0.0
13	0	52	0.0	0.0	nan	nan	0.0	0.0
13	0	49	0.0	0.0	nan	nan	0.0	0.0
13	0	46	0.0	0.0	nan	nan	0.0	0.0
13	0	43	0.0	0.0	nan	nan	0.0	0.0
13	0	40	0.0	0.0	nan	nan	0.0	0.0
13	0	37	0.0	0.0	nan	nan	0.0	0.0
13	0	34	0.0	0.0	nan	nan	0.0	0.0
13	0	31	0.0	0.0	nan	nan	0.0	0.0
13	0	28	0.0	0.0	nan	nan	0.0	0.0
14	0	100	4.194	0.402	15.194	0.477	1.0	1.0
14	0	97	4.065	0.25	15.323	0.475	1.0	1.0
14	0	94	4.0	0.0	15.645	0.608	1.0	1.0
14	0	91	4.0	0.0	16.161	0.583	1.0	1.0
14	0	88	3.806	0.402	16.419	0.62	1.0	1.0
14	0	85	3.677	0.541	16.903	0.79	1.0	1.0
14	0	82	3.065	0.512	17.226	0.617	1.0	1.0
14	0	79	2.742	0.631	18.065	0.854	1.0	1.0
14	0	76	2.355	0.551	18.581	0.992	1.0	1.0
14	0	73	2.065	0.25	19.516	1.151	1.0	1.0
14	0	70	1.871	0.428	21.161	1.44	1.0	1.0
14	0	67	1.419	0.502	22.226	1.564	1.0	1.0
14	0	64	1.323	0.475	23.226	1.359	1.0	1.0
14	0	61	1.0	0.365	26.138	2.628	0.935	0.935
14	0	58	0.533	0.571	28.438	2.421	0.484	0.516
14	0	55	0.0	0.0	nan	nan	0.0	0.0
14	0	52	0.0	0.0	nan	nan	0.0	0.0
14	0	49	0.0	0.0	nan	nan	0.0	0.0
14	0	46	0.0	0.0	nan	nan	0.0	0.0
14	0	43	0.0	0.0	nan	nan	0.0	0.0
14	0	40	0.0	0.0	nan	nan	0.0	0.0
14	0	37	0.0	0.0	nan	nan	0.0	0.0
14	0	34	0.0	0.0	nan	nan	0.0	0.0
14	0	31	0.0	0.0	nan	nan	0.0	0.0
14	0	28	0.0	0.0	nan	nan	0.0	0.0
15	0	100	3.484	0.508	16.806	0.477	1.0	1.0
15	0	97	3.194	0.402	16.871	0.499	1.0	1.0
15	0	94	2.903	0.396	17.548	0.506	1.0	1.0
15	0	91	2.774	0.425	17.935	0.574	1.0	1.0
15	0	88	2.419	0.502	18.419	0.62	1.0	1.0
15	0	85	2.0	0.258	19.226	0.617	1.0	1.0
15	0	82	1.968	0.18	19.871	0.619	1.0	1.0
15	0	79	1.742	0.445	20.935	1.237	1.0	1.0
15	0	76	1.323	0.475	22.226	1.117	1.0	1.0
15	0	73	1.161	0.374	23.419	1.361	1.0	1.0
15	0	70	1.0	0.0	25.516	1.913	1.0	1.0
15	0	67	0.536	0.508	28.056	3.918	0.484	0.581
15	0	64	0.0	0.0	nan	nan	0.0	0.0
15	0	61	0.0	0.0	nan	nan	0.0	0.0
15	0	58	0.0	0.0	nan	nan	0.0	0.0
15	0	55	0.0	0.0	nan	nan	0.0	0.0
15	0	52	0.0	0.0	nan	nan	0.0	0.0
15	0	49	0.0	0.0	nan	nan	0.0	0.0
15	0	46	0.0	0.0	nan	nan	0.0	0.0
15	0	43	0.0	0.0	nan	nan	0.0	0.0
15	0	40	0.0	0.0	nan	nan	0.0	0.0
15	0	37	0.0	0.0	nan	nan	0.0	0.0
15	0	34	0.0	0.0	nan	nan	0.0	0.0
15	0	31	0.0	0.0	nan	nan	0.0	0.0
15	0	28	0.0	0.0	nan	nan	0.0	0.0
16	0	100	5.032	0.18	14.677	0.475	1.0	1.0
16	0	97	5.0	0.0	14.871	0.341	1.0	1.0
16	0	94	5.0	0.0	15.194	0.477	1.0	1.0
16	0	91	5.0	0.0	15.323	0.541	1.0	1.0
16	0	88	4.968	0.18	15.613	0.495	1.0	1.0
16	0	85	4.645	0.486	16.065	0.359	1.0	1.0
16	0	82	4.29	0.461	16.452	0.506	1.0	1.0
16	0	79	3.968	0.18	17.129	0.619	1.0	1.0
16	0	76	3.968	0.18	17.419	0.62	1.0	1.0
16	0	73	3.71	0.461	18.0	0.73	1.0	1.0
16	0	70	3.258	0.514	18.645	0.709	1.0	1.0
16	0	67	3.0	0.365	19.774	1.23	1.0	1.0
16	0	64	2.613	0.495	21.097	0.978	1.0	1.0
16	0	61	2.194	0.402	22.516	1.235	1.0	1.0
16	0	58	2.0	0.0	24.323	1.137	1.0	1.0
16	0	55	1.968	0.18	26.968	2.168	1.0	1.0
16	0	52	1.581	0.62	32.034	3.365	0.935	0.935
16	0	49	0.393	0.685	36.727	3.467	0.258	0.355
16	0	46	0.0	0.0	nan	nan	0.0	0.0
16	0	43	0.0	0.0	nan	nan	0.0	0.0
16	0	40	0.0	0.0	nan	nan	0.0	0.0
16	0	37	0.0	0.0	nan	nan	0.0	0.0
16	0	34	0.0	0.0	nan	nan	0.0	0.0
16	0	31	0.0	0.0	nan	nan	0.0	0.0
16	0	28	0.0	0.0	nan	nan	0.0	0.0
17	0	100	5.677	0.475	14.065	0.25	1.0	1.0
17	0	97	5.581	0.502	14.29	0.461	1.0	1.0
17	0	94	5.226	0.425	14.742	0.445	1.0	1.0
17	0	91	5.065	0.25	14.968	0.18	1.0	1.0
17	0	88	4.903	0.301	15.29	0.461	1.0	1.0
17	0	85	4.903	0.301	15.516	0.508	1.0	1.0
17	0	82	4.581	0.502	15.968	0.482	1.0	1.0
17	0	79	4.387	0.495	16.419	0.502	1.0	1.0
17	0	76	4.0	0.632	16.903	0.746	1.0	1.0
17	0	73	3.839	0.374	17.452	0.675	1.0	1.0
17	0	70	3.484	0.57	17.935	0.772	1.0	1.0
17	0	67	2.839	0.735	19.161	1.128	1.0	1.0
17	0	64	2.452	0.568	20.065	1.548	1.0	1.0
17	0	61	2.032	0.18	21.484	1.387	1.0	1.0
17	0	58	2.0	0.0	22.516	1.363	1.0	1.0
17	0	55	1.839	0.374	24.871	1.979	1.0	1.0
17	0	52	1.4	0.675	27.714	3.43	0.871	0.903
17	0	49	0.357	0.678	32.5	5.642	0.226	0.323
17	0	46	0.0	0.0	nan	nan	0.0	0.0
17	0	43	0.0	0.0	nan	nan	0.0	0.0
17	0	40	0.0	0.0	nan	nan	0.0	0.0
17	0	37	0.0	0.0	nan	nan	0.0	0.0
17	0	34	0.0	0.0	nan	nan	0.0	0.0
17	0	31	0.0	0.0	nan	nan	0.0	0.0
17	0	28	0.0	0.0	nan	nan	0.0	0.0
18	0	100	4.032	0.18	14.806	0.402	1.0	1.0
18	0	97	4.0	0.0	14.774	0.425	1.0	1.0
18	0	94	4.0	0.0	15.258	0.575	1.0	1.0
18	0	91	4.0	0.0	15.484	0.677	1.0	1.0
18	0	88	3.903	0.301	15.839	0.779	1.0	1.0
18	0	85	3.548	0.506	16.29	0.529	1.0	1.0
18	0	82	3.387	0.495	16.613	0.615	1.0	1.0
18	0	79	2.968	0.315	17.258	0.514	1.0	1.0
18	0	76	2.806	0.543	17.774	0.762	1.0	1.0
18	0	73	2.355	0.486	18.452	0.85	1.0	1.0
18	0	70	2.194	0.402	18.774	0.845	1.0	1.0
18	0	67	1.839	0.523	19.774	1.055	1.0	1.0
18	0	64	1.548	0.506	21.387	1.453	1.0	1.0
18	0	61	1.226	0.425	22.871	1.628	1.0	1.0
18	0	58	1.129	0.428	24.533	2.097	0.968	0.968
18	0	55	0.567	0.504	26.833	3.485	0.548	0.581
18	0	52	0.065	0.25	27.5	0.707	0.065	0.065
18	0	49	0.0	0.0	nan	nan	0.0	0.0
18	0	46	0.0	0.0	nan	nan	0.0	0.0
18	0	43	0.0	0.0	nan	nan	0.0	0.0
18	0	40	0.0	0.0	nan	nan	0.0	0.0
18	0	37	0.0	0.0	nan	nan	0.0	0.0
18	0	34	0.0	0.0	nan	nan	0.0	0.0
18	0	31	0.0	0.0	nan	nan	0.0	0.0
18	0	28	0.0	0.0	nan	nan	0.0	0.0
19	0	100	7.452	0.506	14.0	0.447	1.0	1.0
19	0	97	7.29	0.461	14.355	0.486	1.0	1.0
19	0	94	7.032	0.18	14.677	0.475	1.0	1.0
19	0	91	6.935	0.25	14.871	0.67	1.0	1.0
19	0	88	6.774	0.425	15.129	0.67	1.0	1.0
19	0	85	6.29	0.461	15.484	0.508	1.0	1.0
19	0	82	6.065	0.25	15.871	0.499	1.0	1.0
19	0	79	5.968	0.18	16.161	0.454	1.0	1.0
19	0	76	5.871	0.341	16.806	0.703	1.0	1.0
19	0	73	5.806	0.402	17.097	0.539	1.0	1.0
19	0	70	5.226	0.56	17.677	0.599	1.0	1.0
19	0	67	4.419	0.564	18.548	0.568	1.0	1.0
19	0	64	4.065	0.359	19.419	1.148	1.0	1.0
19	0	61	3.806	0.402	20.516	0.926	1.0	1.0
19	0	58	3.387	0.495	21.581	1.205	1.0	1.0
19	0	55	3.0	0.0	23.194	0.98	1.0	1.0
19	0	52	2.968	0.315	25.0	1.238	1.0	1.0
19	0	49	2.935	0.359	27.871	3.585	1.0	1.0
19	0	46	2.581	0.62	30.903	3.544	1.0	1.0
19	0	43	1.323	0.909	37.692	3.427	0.839	0.839
19	0	40	0.467	0.629	42.077	5.408	0.387	0.419
19	0	37	0.0	0.0	nan	nan	0.0	0.0
19	0	34	0.0	0.0	nan	nan	0.0	0.0
19	0	31	0.0	0.0	nan	nan	0.0	0.0
19	0	28	0.0	0.0	nan	nan	0.0	0.0
20	0	100	5.032	0.18	14.387	0.495	1.0	1.0
20	0	97	5.0	0.0	14.548	0.723	1.0	1.0
20	0	94	5.0	0.0	14.968	0.482	1.0	1.0
20	0	91	5.0	0.0	15.065	0.574	1.0	1.0
20	0	88	4.806	0.402	15.677	0.475	1.0	1.0
20	0	85	4.613	0.495	15.903	0.473	1.0	1.0
20	0	82	4.29	0.461	16.226	0.56	1.0	1.0
20	0	79	4.065	0.25	16.742	0.575	1.0	1.0
20	0	76	3.968	0.18	17.226	0.717	1.0	1.0
20	0	73	3.677	0.475	18.032	0.657	1.0	1.0
20	0	70	3.419	0.502	18.548	0.624	1.0	1.0
20	0	67	3.129	0.428	19.226	1.203	1.0	1.0
20	0	64	2.839	0.374	20.516	1.18	1.0	1.0
20	0	61	2.355	0.486	21.806	1.223	1.0	1.0
20	0	58	2.258	0.445	22.742	1.843	1.0	1.0
20	0	55	2.0	0.258	25.774	2.459	1.0	1.0
20	0	52	1.742	0.575	29.655	3.857	0.935	0.935
20	0	49	1.222	0.847	34.5	5.564	0.645	0.774
20	0	46	0.133	0.434	40.5	5.745	0.097	0.129
20	0	43	0.0	0.0	nan	nan	0.0	0.0
20	0	40	0.0	0.0	nan	nan	0.0	0.0
20	0	37	0.0	0.0	nan	nan	0.0	0.0
20	0	34	0.0	0.0	nan	nan	0.0	0.0
20	0	31	0.0	0.0	nan	nan	0.0	0.0
20	0	28	0.0	0.0	nan	nan	0.0	0.0
21	0	100	4.065	0.25	15.29	0.461	1.0	1.0
21	0	97	4.0	0.0	15.613	0.495	1.0	1.0
21	0	94	4.0	0.0	15.968	0.482	1.0	1.0
21	0	91	4.0	0.0	16.613	0.615	1.0	1.0
21	0	88	3.839	0.374	16.742	0.514	1.0	1.0
21	0	85	3.516	0.508	17.258	0.445	1.0	1.0
21	0	82	2.903	0.597	17.871	0.718	1.0	1.0
21	0	79	2.452	0.506	18.581	0.765	1.0	1.0
21	0	76	2.129	0.341	19.129	0.763	1.0	1.0
21	0	73	1.935	0.25	20.355	1.082	1.0	1.0
21	0	70	1.839	0.374	21.677	1.326	1.0	1.0
21	0	67	1.419	0.502	23.032	1.56	1.0	1.0
21	0	64	1.355	0.486	24.677	1.796	1.0	1.0
21	0	61	0.931	0.458	27.481	3.274	0.806	0.871
21	0	58	0.1	0.305	30.75	4.646	0.097	0.129
21	0	55	0.0	0.0	nan	nan	0.0	0.0
21	0	52	0.0	0.0	nan	nan	0.0	0.0
21	0	49	0.0	0.0	nan	nan	0.0	0.0
21	0	46	0.0	0.0	nan	nan	0.0	0.0
21	0	43	0.0	0.0	nan	nan	0.0	0.0
21	0	40	0.0	0.0	nan	nan	0.0	0.0
21	0	37	0.0	0.0	nan	nan	0.0	0.0
21	0	34	0.0	0.0	nan	nan	0.0	0.0
21	0	31	0.0	0.0	nan	nan	0.0	0.0
21	0	28	0.0	0.0	nan	nan	0.0	0.0
22	0	100	6.742	0.445	14.129	0.428	1.0	1.0
22	0	97	6.484	0.508	14.516	0.508	1.0	1.0
22	0	94	6.323	0.475	14.71	0.529	1.0	1.0
22	0	91	6.032	0.315	15.032	0.547	1.0	1.0
22	0	88	5.968	0.315	15.323	0.541	1.0	1.0
22	0	85	5.839	0.374	15.581	0.62	1.0	1.0
22	0	82	5.548	0.506	15.903	0.7	1.0	1.0
22	0	79	5.226	0.497	16.548	0.568	1.0	1.0
22	0	76	5.032	0.18	16.935	0.727	1.0	1.0
22	0	73	4.871	0.341	17.419	0.564	1.0	1.0
22	0	70	4.548	0.506	18.065	0.892	1.0	1.0
22	0	67	3.613	0.715	18.774	0.845	1.0	1.0
22	0	64	3.323	0.475	19.935	1.153	1.0	1.0
22	0	61	3.032	0.18	21.29	1.321	1.0	1.0
22	0	58	2.839	0.374	23.419	1.945	1.0	1.0
22	0	55	2.742	0.445	25.097	1.904	1.0	1.0
22	0	52	2.5	0.509	27.032	2.834	0.968	1.0
22	0	49	1.903	0.539	30.935	5.039	1.0	1.0
22	0	46	1.31	0.712	35.259	4.417	0.806	0.871
22	0	43	0.071	0.262	42.6	2.302	0.065	0.161
22	0	40	0.0	0.0	nan	nan	0.0	0.0
22	0	37	0.0	0.0	nan	nan	0.0	0.0
22	0	34	0.0	0.0	nan	nan	0.0	0.0
22	0	31	0.0	0.0	nan	nan	0.0	0.0
22	0	28	0.0	0.0	nan	nan	0.0	0.0
23	0	100	5.194	0.402	14.839	0.374	1.0	1.0
23	0	97	5.0	0.0	15.129	0.341	1.0	1.0
23	0	94	5.0	0.0	15.387	0.495	1.0	1.0
23	0	91	5.032	0.18	15.839	0.523	1.0	1.0
23	0	88	4.935	0.25	16.065	0.574	1.0	1.0
23	0	85	4.419	0.502	16.581	0.62	1.0	1.0
23	0	82	4.226	0.425	17.161	0.86	1.0	1.0
23	0	79	3.806	0.402	17.581	0.62	1.0	1.0
23	0	76	3.419	0.502	18.387	0.715	1.0	1.0
23	0	73	3.129	0.341	19.129	0.763	1.0	1.0
23	0	70	3.032	0.315	20.161	1.068	1.0	1.0
23	0	67	2.645	0.486	20.774	1.055	1.0	1.0
23	0	64	2.323	0.475	22.839	1.319	1.0	1.0
23	0	61	2.065	0.25	23.839	2.002	1.0	1.0
23	0	58	2.065	0.25	26.419	1.945	1.0	1.0
23	0	55	1.71	0.529	31.067	3.732	0.968	0.968
23	0	52	0.5	0.694	37.0	3.616	0.355	0.452
23	0	49	0.0	0.0	nan	nan	0.0	0.0
23	0	46	0.0	0.0	nan	nan	0.0	0.0
23	0	43	0.0	0.0	nan	nan	0.0	0.0
23	0	40	0.0	0.0	nan	nan	0.0	0.0
23	0	37	0.0	0.0	nan	nan	0.0	0.0
23	0	34	0.0	0.0	nan	nan	0.0	0.0
23	0	31	0.0	0.0	nan	nan	0.0	0.0
23	0	28	0.0	0.0	nan	nan	0.0	0.0
24	0	100	4.581	0.502	15.839	0.454	1.0	1.0
24	0	97	4.032	0.18	15.903	0.473	1.0	1.0
24	0	94	4.065	0.25	16.516	0.508	1.0	1.0
24	0	91	4.0	0.0	16.871	0.562	1.0	1.0
24	0	88	3.903	0.301	17.452	0.723	1.0	1.0
24	0	85	3.613	0.667	17.839	0.688	1.0	1.0
24	0	82	3.226	0.845	18.226	0.669	1.0	1.0
24	0	79	2.484	0.57	19.065	0.854	1.0	1.0
24	0	76	2.032	0.315	19.71	0.783	1.0	1.0
24	0	73	2.032	0.18	20.839	0.969	1.0	1.0
24	0	70	1.968	0.18	21.935	1.124	1.0	1.0
24	0	67	1.806	0.402	22.903	1.375	1.0	1.0
24	0	64	1.355	0.551	24.733	1.66	0.968	0.968
24	0	61	1.241	0.435	27.032	2.751	0.935	1.0
24	0	58	0.433	0.504	29.857	3.483	0.419	0.452
24	0	55	0.0	0.0	nan	nan	0.0	0.0
24	0	52	0.0	0.0	nan	nan	0.0	0.0
24	0	49	0.0	0.0	nan	nan	0.0	0.0
24	0	46	0.0	0.0	nan	nan	0.0	0.0
24	0	43	0.0	0.0	nan	nan	0.0	0.0
24	0	40	0.0	0.0	nan	nan	0.0	0.0
24	0	37	0.0	0.0	nan	nan	0.0	0.0
24	0	34	0.0	0.0	nan	nan	0.0	0.0
24	0	31	0.0	0.0	nan	nan	0.0	0.0
24	0	28	0.0	0.0	nan	nan	0.0	0.0
25	0	100	7.161	0.374	13.065	0.512	1.0	1.0
25	0	97	7.0	0.258	13.161	0.454	1.0	1.0
25	0	94	6.839	0.374	13.323	0.475	1.0	1.0
25	0	91	6.452	0.506	13.613	0.495	1.0	1.0
25	0	88	6.29	0.461	13.71	0.461	1.0	1.0
25	0	85	6.129	0.341	14.323	0.599	1.0	1.0
25	0	82	6.0	0.0	14.516	0.57	1.0	1.0
25	0	79	5.806	0.477	14.806	0.601	1.0	1.0
25	0	76	5.677	0.475	15.258	0.575	1.0	1.0
25	0	73	5.226	0.425	15.677	0.599	1.0	1.0
25	0	70	5.0	0.0	16.226	0.617	1.0	1.0
25	0	67	5.0	0.0	16.677	0.653	1.0	1.0
25	0	64	4.742	0.445	17.258	0.631	1.0	1.0
25	0	61	4.419	0.672	17.871	0.763	1.0	1.0
25	0	58	3.355	0.551	19.29	1.006	1.0	1.0
25	0	55	3.032	0.315	20.387	1.283	1.0	1.0
25	0	52	3.0	0.0	22.935	2.097	1.0	1.0
25	0	49	2.742	0.445	24.226	1.606	1.0	1.0
25	0	46	2.452	0.506	26.419	2.46	1.0	1.0
25	0	43	2.065	0.512	29.935	3.759	1.0	1.0
25	0	40	0.7	0.651	38.842	4.947	0.581	0.613
25	0	37	0.0	0.0	nan	nan	0.0	0.0
25	0	34	0.0	0.0	nan	nan	0.0	0.0
25	0	31	0.0	0.0	nan	nan	0.0	0.0
25	0	28	0.0	0.0	nan	nan	0.0	0.0
26	0	100	5.419	0.502	14.968	0.547	1.0	1.0
26	0	97	5.194	0.402	15.194	0.477	1.0	1.0
26	0	94	5.0	0.0	15.645	0.551	1.0	1.0
26	0	91	5.0	0.0	15.71	0.529	1.0	1.0
26	0	88	4.968	0.18	16.258	0.514	1.0	1.0
26	0	85	4.968	0.18	16.71	0.529	1.0	1.0
26	0	82	4.516	0.508	17.032	0.605	1.0	1.0
26	0	79	4.065	0.574	17.742	0.575	1.0	1.0
26	0	76	3.677	0.599	18.065	0.727	1.0	1.0
26	0	73	3.258	0.445	18.645	0.798	1.0	1.0
26	0	70	3.0	0.0	19.871	0.846	1.0	1.0
26	0	67	3.0	0.258	20.968	1.779	1.0	1.0
26	0	64	2.774	0.497	21.871	1.408	1.0	1.0
26	0	61	2.194	0.402	23.935	1.731	1.0	1.0
26	0	58	2.065	0.25	26.032	1.472	1.0	1.0
26	0	55	1.935	0.25	28.839	2.888	1.0	1.0
26	0	52	1.607	0.567	34.233	4.5	0.871	0.968
26	0	49	0.621	0.677	37.353	3.101	0.484	0.548
26	0	46	0.0	0.0	nan	nan	0.0	0.0
26	0	43	0.0	0.0	nan	nan	0.0	0.0
26	0	40	0.0	0.0	nan	nan	0.0	0.0
26	0	37	0.0	0.0	nan	nan	0.0	0.0
26	0	34	0.0	0.0	nan	nan	0.0	0.0
26	0	31	0.0	0.0	nan	nan	0.0	0.0
26	0	28	0.0	0.0	nan	nan	0.0	0.0
27	0	100	3.484	0.508	16.129	0.499	1.0	1.0
27	0	97	3.355	0.486	16.258	0.445	1.0	1.0
27	0	94	3.032	0.18	16.645	0.608	1.0	1.0
27	0	91	3.032	0.18	16.903	0.7	1.0	1.0
27	0	88	2.935	0.25	17.613	0.558	1.0	1.0
27	0	85	2.581	0.564	18.194	0.833	1.0	1.0
27	0	82	2.129	0.562	18.935	0.892	1.0	1.0
27	0	79	1.742	0.445	19.968	0.795	1.0	1.0
27	0	76	1.29	0.461	20.645	1.018	1.0	1.0
27	0	73	1.032	0.18	22.097	1.221	1.0	1.0
27	0	70	0.968	0.18	24.1	1.517	0.968	0.968
27	0	67	0.778	0.424	27.12	3.18	0.677	0.806
27	0	64	0.097	0.301	29.333	4.509	0.097	0.097
27	0	61	0.0	0.0	nan	nan	0.0	0.0
27	0	58	0.0	0.0	nan	nan	0.0	0.0
27	0	55	0.0	0.0	nan	nan	0.0	0.0
27	0	52	0.0	0.0	nan	nan	0.0	0.0
27	0	49	0.0	0.0	nan	nan	0.0	0.0
27	0	46	0.0	0.0	nan	nan	0.0	0.0
27	0	43	0.0	0.0	nan	nan	0.0	0.0
27	0	40	0.0	0.0	nan	nan	0.0	0.0
27	0	37	0.0	0.0	nan	nan	0.0	0.0
27	0	34	0.0	0.0	nan	nan	0.0	0.0
27	0	31	0.0	0.0	nan	nan	0.0	0.0
27	0	28	0.0	0.0	nan	nan	0.0	0.0
28	0	100	4.71	0.461	15.452	0.568	1.0	1.0
28	0	97	4.323	0.475	15.806	0.543	1.0	1.0
28	0	94	4.226	0.425	16.065	0.512	1.0	1.0
28	0	91	4.097	0.301	16.71	0.643	1.0	1.0
28	0	88	4.0	0.0	17.032	0.657	1.0	1.0
28	0	85	3.839	0.374	17.516	0.57	1.0	1.0
28	0	82	3.71	0.529	17.839	0.82	1.0	1.0
28	0	79	3.0	0.73	18.516	0.626	1.0	1.0
28	0	76	2.29	0.529	19.29	1.216	1.0	1.0
28	0	73	2.097	0.301	20.161	1.186	1.0	1.0
28	0	70	1.968	0.18	21.097	1.044	1.0	1.0
28	0	67	1.935	0.25	22.29	1.243	1.0	1.0
28	0	64	1.71	0.529	24.467	2.013	0.968	0.968
28	0	61	1.226	0.617	25.393	1.37	0.903	0.903
28	0	58	0.613	0.558	28.389	3.274	0.581	0.581
28	0	55	0.033	0.183	34.0	7.071	0.032	0.065
28	0	52	0.0	0.0	nan	nan	0.0	0.0
28	0	49	0.0	0.0	nan	nan	0.0	0.0
28	0	46	0.0	0.0	nan	nan	0.0	0.0
28	0	43	0.0	0.0	nan	nan	0.0	0.0
28	0	40	0.0	0.0	nan	nan	0.0	0.0
28	0	37	0.0	0.0	nan	nan	0.0	0.0
28	0	34	0.0	0.0	nan	nan	0.0	0.0
28	0	31	0.0	0.0	nan	nan	0.0	0.0
28	0	28	0.0	0.0	nan	nan	0.0	0.0
29	0	100	3.935	0.25	16.806	0.477	1.0	1.0
29	0	97	3.677	0.475	17.194	0.402	1.0	1.0
29	0	94	3.548	0.624	17.742	0.575	1.0	1.0
29	0	91	3.097	0.7	17.903	0.651	1.0	1.0
29	0	88	2.323	0.475	18.742	0.815	1.0	1.0
29	0	85	2.0	0.0	19.71	0.693	1.0	1.0
29	0	82	2.065	0.25	20.161	1.036	1.0	1.0
29	0	79	1.871	0.341	21.548	1.67	1.0	1.0
29	0	76	1.71	0.461	22.516	1.122	1.0	1.0
29	0	73	1.419	0.502	24.387	1.383	1.0	1.0
29	0	70	1.033	0.183	26.806	2.868	0.968	1.0
29	0	67	0.871	0.341	28.148	2.553	0.871	0.871
29	0	64	0.0	0.0	34.0	0.0	0.0	0.032
29	0	61	0.0	0.0	nan	nan	0.0	0.0
29	0	58	0.0	0.0	nan	nan	0.0	0.0
29	0	55	0.0	0.0	nan	nan	0.0	0.0
29	0	52	0.0	0.0	nan	nan	0.0	0.0
29	0	49	0.0	0.0	nan	nan	0.0	0.0
29	0	46	0.0	0.0	nan	nan	0.0	0.0
29	0	43	0.0	0.0	nan	nan	0.0	0.0
29	0	40	0.0	0.0	nan	nan	0.0	0.0
29	0	37	0.0	0.0	nan	nan	0.0	0.0
29	0	34	0.0	0.0	nan	nan	0.0	0.0
29	0	31	0.0	0.0	nan	nan	0.0	0.0
29	0	28	0.0	0.0	nan	nan	0.0	0.0
30	0	100	4.355	0.486	15.226	0.497	1.0	1.0
30	0	97	4.097	0.301	15.452	0.506	1.0	1.0
30	0	94	4.032	0.18	15.452	0.568	1.0	1.0
30	0	91	4.0	0.0	16.161	0.523	1.0	1.0
30	0	88	4.0	0.0	16.387	0.558	1.0	1.0
30	0	85	3.71	0.461	16.935	0.68	1.0	1.0
30	0	82	3.581	0.564	17.387	0.495	1.0	1.0
30	0	79	3.032	0.547	17.806	0.792	1.0	1.0
30	0	76	2.581	0.564	18.548	1.387	1.0	1.0
30	0	73	2.129	0.341	19.581	1.057	1.0	1.0
30	0	70	2.0	0.258	20.645	1.355	1.0	1.0
30	0	67	1.935	0.25	21.516	1.235	1.0	1.0
30	0	64	1.484	0.508	23.0	1.238	1.0	1.0
30	0	61	1.226	0.425	24.484	1.913	1.0	1.0
30	0	58	0.714	0.535	27.136	3.152	0.613	0.71
30	0	55	0.032	0.18	29.0	0.0	0.032	0.032
30	0	52	0.032	0.18	31.0	0.0	0.032	0.032
30	0	49	0.0	0.0	nan	nan	0.0	0.0
30	0	46	0.0	0.0	nan	nan	0.0	0.0
30	0	43	0.0	0.0	nan	nan	0.0	0.0
30	0	40	0.0	0.0	nan	nan	0.0	0.0
30	0	37	0.0	0.0	nan	nan	0.0	0.0
30	0	34	0.0	0.0	nan	nan	0.0	0.0
30	0	31	0.0	0.0	nan	nan	0.0	0.0
30	0	28	0.0	0.0	nan	nan	0.0	0.0
31	0	100	2.839	0.374	16.677	0.653	1.0	1.0
31	0	97	2.677	0.475	17.065	0.574	1.0	1.0
31	0	94	2.258	0.631	17.484	0.724	1.0	1.0
31	0	91	1.613	0.615	18.226	0.805	1.0	1.0
31	0	88	1.065	0.25	19.323	1.045	1.0	1.0
31	0	85	1.0	0.0	20.194	1.138	1.0	1.0
31	0	82	1.032	0.18	21.161	1.344	1.0	1.0
31	0	79	0.968	0.18	23.1	1.845	0.968	0.968
31	0	76	0.935	0.25	24.241	1.48	0.935	0.935
31	0	73	0.467	0.507	25.933	1.71	0.452	0.484
31	0	70	0.032	0.18	28.0	0.0	0.032	0.032
31	0	67	0.0	0.0	nan	nan	0.0	0.0
31	0	64	0.0	0.0	nan	nan	0.0	0.0
31	0	61	0.0	0.0	nan	nan	0.0	0.0
31	0	58	0.0	0.0	nan	nan	0.0	0.0
31	0	55	0.0	0.0	nan	nan	0.0	0.0
31	0	52	0.0	0.0	nan	nan	0.0	0.0
31	0	49	0.0	0.0	nan	nan	0.0	0.0
31	0	46	0.0	0.0	nan	nan	0.0	0.0
31	0	43	0.0	0.0	nan	nan	0.0	0.0
31	0	40	0.0	0.0	nan	nan	0.0	0.0
31	0	37	0.0	0.0	nan	nan	0.0	0.0
31	0	34	0.0	0.0	nan	nan	0.0	0.0
31	0	31	0.0	0.0	nan	nan	0.0	0.0
31	0	28	0.0	0.0	nan	nan	0.0	0.0
0	1	100	3.903	0.473	17.839	0.523	1.0	1.0
0	1	97	3.581	0.564	18.226	0.56	1.0	1.0
0	1	94	3.194	0.477	18.903	0.831	1.0	1.0
0	1	91	2.968	0.315	19.194	0.543	1.0	1.0
0	1	88	2.742	0.514	19.806	0.703	1.0	1.0
0	1	85	2.194	0.477	20.548	1.06	1.0	1.0
0	1	82	2.097	0.301	21.323	1.137	1.0	1.0
0	1	79	2.032	0.18	22.323	1.222	1.0	1.0
0	1	76	1.968	0.18	24.29	1.371	1.0	1.0
0	1	73	1.935	0.25	25.29	1.936	1.0	1.0
0	1	70	1.367	0.615	28.103	2.98	0.903	0.935
0	1	67	0.828	0.711	29.0	2.898	0.613	0.677
0	1	64	0.0	0.0	37.0	0.0	0.0	0.032
0	1	61	0.0	0.0	nan	nan	0.0	0.0
0	1	58	0.0	0.0	nan	nan	0.0	0.0
0	1	55	0.0	0.0	nan	nan	0.0	0.0
0	1	52	0.0	0.0	nan	nan	0.0	0.0
0	1	49	0.0	0.0	nan	nan	0.0	0.0
0	1	46	0.0	0.0	nan	nan	0.0	0.0
0	1	43	0.0	0.0	nan	nan	0.0	0.0
0	1	40	0.0	0.0	nan	nan	0.0	0.0
0	1	37	0.0	0.0	nan	nan	0.0	0.0
0	1	34	0.0	0.0	nan	nan	0.0	0.0
0	1	31	0.0	0.0	nan	nan	0.0	0.0
0	1	28	0.0	0.0	nan	nan	0.0	0.0
1	1	100	5.194	0.402	15.71	0.461	1.0	1.0
1	1	97	5.097	0.301	15.903	0.597	1.0	1.0
1	1	94	5.0	0.0	16.065	0.512	1.0	1.0
1	1	91	4.968	0.18	16.516	0.626	1.0	1.0
1	1	88	4.806	0.477	16.871	0.562	1.0	1.0
1	1	85	4.581	0.502	17.29	0.588	1.0	1.0
1	1	82	4.129	0.67	17.968	0.482	1.0	1.0
1	1	79	3.516	0.626	18.452	0.81	1.0	1.0
1	1	76	3.129	0.341	19.032	0.875	1.0	1.0
1	1	73	2.935	0.25	19.774	0.92	1.0	1.0
1	1	70	2.742	0.445	21.0	1.033	1.0	1.0
1	1	67	2.419	0.564	22.226	1.995	1.0	1.0
1	1	64	2.129	0.428	24.387	2.836	1.0	1.0
1	1	61	2.065	0.25	26.484	2.064	1.0	1.0
1	1	58	1.964	0.331	30.065	4.871	0.903	1.0
1	1	55	1.103	0.86	33.818	4.272	0.645	0.71
1	1	52	0.097	0.396	33.0	2.828	0.065	0.065
1	1	49	0.0	0.0	nan	nan	0.0	0.0
1	1	46	0.0	0.0	nan	nan	0.0	0.0
1	1	43	0.0	0.0	nan	nan	0.0	0.0
1	1	40	0.0	0.0	nan	nan	0.0	0.0
1	1	37	0.0	0.0	nan	nan	0.0	0.0
1	1	34	0.0	0.0	nan	nan	0.0	0.0
1	1	31	0.0	0.0	nan	nan	0.0	0.0
1	1	28	0.0	0.0	nan	nan	0.0	0.0
2	1	100	4.387	0.495	15.387	0.495	1.0	1.0
2	1	97	4.161	0.374	15.935	0.512	1.0	1.0
2	1	94	4.0	0.258	16.194	0.654	1.0	1.0
2	1	91	4.0	0.0	16.613	0.715	1.0	1.0
2	1	88	3.935	0.25	17.29	0.783	1.0	1.0
2	1	85	3.903	0.301	17.613	0.667	1.0	1.0
2	1	82	3.419	0.672	18.323	0.653	1.0	1.0
2	1	79	2.613	0.615	19.161	0.82	1.0	1.0
2	1	76	2.258	0.445	19.839	0.898	1.0	1.0
2	1	73	2.0	0.0	20.645	1.226	1.0	1.0
2	1	70	2.032	0.18	22.452	2.554	1.0	1.0
2	1	67	2.0	0.0	24.323	1.956	1.0	1.0
2	1	64	1.935	0.25	26.226	2.642	1.0	1.0
2	1	61	1.677	0.599	29.793	4.403	0.935	0.935
2	1	58	0.385	0.697	35.167	4.324	0.226	0.387
2	1	55	0.0	0.0	39.0	0.0	0.0	0.032
2	1	52	0.0	0.0	nan	nan	0.0	0.0
2	1	49	0.0	0.0	nan	nan	0.0	0.0
2	1	46	0.0	0.0	nan	nan	0.0	0.0
2	1	43	0.0	0.0	nan	nan	0.0	0.0
2	1	40	0.0	0.0	nan	nan	0.0	0.0
2	1	37	0.0	0.0	nan	nan	0.0	0.0
2	1	34	0.0	0.0	nan	nan	0.0	0.0
2	1	31	0.0	0.0	nan	nan	0.0	0.0
2	1	28	0.0	0.0	nan	nan	0.0	0.0
3	1	100	5.0	0.0	15.839	0.374	1.0	1.0
3	1	97	4.968	0.18	16.387	0.558	1.0	1.0
3	1	94	4.839	0.374	16.677	0.541	1.0	1.0
3	1	91	4.516	0.508	16.903	0.539	1.0	1.0
3	1	88	4.0	0.365	17.484	0.57	1.0	1.0
3	1	85	3.645	0.551	17.903	0.597	1.0	1.0
3	1	82	3.452	0.506	18.613	0.715	1.0	1.0
3	1	79	3.0	0.258	19.258	1.064	1.0	1.0
3	1	76	2.871	0.428	19.903	0.908	1.0	1.0
3	1	73	2.677	0.475	20.903	1.221	1.0	1.0
3	1	70	2.226	0.425	21.806	0.946	1.0	1.0
3	1	67	2.065	0.25	23.129	1.455	1.0	1.0
3	1	64	2.0	0.0	25.419	2.693	1.0	1.0
3	1	61	1.903	0.301	28.387	2.667	1.0	1.0
3	1	58	1.821	0.476	30.9	3.468	0.871	0.968
3	1	55	0.31	0.604	33.556	3.127	0.226	0.29
3	1	52	0.0	0.0	nan	nan	0.0	0.0
3	1	49	0.0	0.0	nan	nan	0.0	0.0
3	1	46	0.0	0.0	nan	nan	0.0	0.0
3	1	43	0.0	0.0	nan	nan	0.0	0.0
3	1	40	0.0	0.0	nan	nan	0.0	0.0
3	1	37	0.0	0.0	nan	nan	0.0	0.0
3	1	34	0.0	0.0	nan	nan	0.0	0.0
3	1	31	0.0	0.0	nan	nan	0.0	0.0
3	1	28	0.0	0.0	nan	nan	0.0	0.0
4	1	100	6.419	0.502	14.613	0.558	1.0	1.0
4	1	97	6.097	0.301	14.871	0.341	1.0	1.0
4	1	94	5.968	0.18	15.097	0.396	1.0	1.0
4	1	91	6.0	0.0	15.258	0.514	1.0	1.0
4	1	88	5.839	0.374	15.645	0.486	1.0	1.0
4	1	85	5.548	0.506	15.968	0.482	1.0	1.0
4	1	82	5.032	0.18	16.355	0.486	1.0	1.0
4	1	79	4.968	0.18	17.097	0.831	1.0	1.0
4	1	76	4.903	0.396	17.387	0.667	1.0	1.0
4	1	73	4.419	0.765	18.129	0.763	1.0	1.0
4	1	70	3.871	0.718	19.0	1.033	1.0	1.0
4	1	67	3.29	0.529	19.581	0.807	1.0	1.0
4	1	64	3.032	0.18	20.645	1.018	1.0	1.0
4	1	61	3.032	0.18	22.097	1.513	1.0	1.0
4	1	58	2.903	0.301	23.677	1.72	1.0	1.0
4	1	55	2.613	0.495	25.871	1.857	1.0	1.0
4	1	52	2.032	0.547	30.29	4.398	1.0	1.0
4	1	49	1.742	0.631	33.516	4.501	1.0	1.0
4	1	46	0.552	0.736	37.8	6.097	0.419	0.484
4	1	43	0.032	0.18	41.0	0.0	0.032	0.032
4	1	40	0.0	0.0	nan	nan	0.0	0.0
4	1	37	0.0	0.0	nan	nan	0.0	0.0
4	1	34	0.0	0.0	nan	nan	0.0	0.0
4	1	31	0.0	0.0	nan	nan	0.0	0.0
4	1	28	0.0	0.0	nan	nan	0.0	0.0
5	1	100	3.0	0.0	16.871	0.428	1.0	1.0
5	1	97	2.903	0.301	17.452	0.624	1.0	1.0
5	1	94	2.871	0.341	17.871	1.088	1.0	1.0
5	1	91	2.516	0.57	18.355	0.755	1.0	1.0
5	1	88	1.903	0.597	18.903	0.539	1.0	1.0
5	1	85	1.516	0.57	19.645	1.018	1.0	1.0
5	1	82	1.129	0.341	21.032	1.11	1.0	1.0
5	1	79	1.065	0.25	22.484	1.691	1.0	1.0
5	1	76	0.968	0.18	23.733	1.363	0.968	0.968
5	1	73	0.903	0.301	25.786	2.515	0.903	0.903
5	1	70	0.226	0.425	27.571	1.718	0.226	0.226
5	1	67	0.0	0.0	nan	nan	0.0	0.0
5	1	64	0.0	0.0	nan	nan	0.0	0.0
5	1	61	0.0	0.0	nan	nan	0.0	0.0
5	1	58	0.0	0.0	nan	nan	0.0	0.0
5	1	55	0.0	0.0	nan	nan	0.0	0.0
5	1	52	0.0	0.0	nan	nan	0.0	0.0
5	1	49	0.0	0.0	nan	nan	0.0	0.0
5	1	46	0.0	0.0	nan	nan	0.0	0.0
5	1	43	0.0	0.0	nan	nan	0.0	0.0
5	1	40	0.0	0.0	nan	nan	0.0	0.0
5	1	37	0.0	0.0	nan	nan	0.0	0.0
5	1	34	0.0	0.0	nan	nan	0.0	0.0
5	1	31	0.0	0.0	nan	nan	0.0	0.0
5	1	28	0.0	0.0	nan	nan	0.0	0.0
6	1	100	4.968	0.18	15.742	0.445	1.0	1.0
6	1	97	4.742	0.445	16.0	0.516	1.0	1.0
6	1	94	4.387	0.495	16.516	0.57	1.0	1.0
6	1	91	4.097	0.301	17.0	0.516	1.0	1.0
6	1	88	3.935	0.25	17.387	0.715	1.0	1.0
6	1	85	3.677	0.475	18.097	0.746	1.0	1.0
6	1	82	3.516	0.508	18.258	0.815	1.0	1.0
6	1	79	3.032	0.315	19.065	0.814	1.0	1.0
6	1	76	2.613	0.558	20.258	1.182	1.0	1.0
6	1	73	2.323	0.475	21.226	1.146	1.0	1.0
6	1	70	2.065	0.25	22.806	1.447	1.0	1.0
6	1	67	2.065	0.25	23.581	1.361	1.0	1.0
6	1	64	1.968	0.18	26.258	1.751	1.0	1.0
6	1	61	1.759	0.511	29.867	3.902	0.903	0.968
6	1	58	0.68	0.802	34.667	4.366	0.387	0.581
6	1	55	0.097	0.396	35.5	3.536	0.065	0.065
6	1	52	0.0	0.0	nan	nan	0.0	0.0
6	1	49	0.0	0.0	nan	nan	0.0	0.0
6	1	46	0.0	0.0	nan	nan	0.0	0.0
6	1	43	0.0	0.0	nan	nan	0.0	0.0
6	1	40	0.0	0.0	nan	nan	0.0	0.0
6	1	37	0.0	0.0	nan	nan	0.0	0.0
6	1	34	0.0	0.0	nan	nan	0.0	0.0
6	1	31	0.0	0.0	nan	nan	0.0	0.0
6	1	28	0.0	0.0	nan	nan	0.0	0.0
7	1	100	5.871	0.341	14.548	0.506	1.0	1.0
7	1	97	5.484	0.508	14.677	0.541	1.0	1.0
7	1	94	5.355	0.486	14.806	0.543	1.0	1.0
7	1	91	5.097	0.301	15.323	0.748	1.0	1.0
7	1	88	4.968	0.18	15.613	0.558	1.0	1.0
7	1	85	4.742	0.445	16.0	0.816	1.0	1.0
7	1	82	4.484	0.508	16.226	0.617	1.0	1.0
7	1	79	4.194	0.402	16.742	0.893	1.0	1.0
7	1	76	4.129	0.341	17.194	0.543	1.0	1.0
7	1	73	3.484	0.57	17.935	0.68	1.0	1.0
7	1	70	3.161	0.779	18.581	0.886	1.0	1.0
7	1	67	2.839	0.638	19.387	0.989	1.0	1.0
7	1	64	2.323	0.541	20.516	0.962	1.0	1.0
7	1	61	2.161	0.374	21.71	1.697	1.0	1.0
7	1	58	2.0	0.0	22.613	1.202	1.0	1.0
7	1	55	1.903	0.301	25.613	2.94	1.0	1.0
7	1	52	1.452	0.723	27.889	3.598	0.871	0.871
7	1	49	0.483	0.785	32.545	4.655	0.29	0.355
7	1	46	0.0	0.0	nan	nan	0.0	0.0
7	1	43	0.0	0.0	nan	nan	0.0	0.0
7	1	40	0.0	0.0	nan	nan	0.0	0.0
7	1	37	0.0	0.0	nan	nan	0.0	0.0
7	1	34	0.0	0.0	nan	nan	0.0	0.0
7	1	31	0.0	0.0	nan	nan	0.0	0.0
7	1	28	0.0	0.0	nan	nan	0.0	0.0
8	1	100	6.742	0.445	16.097	0.396	1.0	1.0
8	1	97	6.419	0.502	16.71	0.588	1.0	1.0
8	1	94	5.968	0.547	17.161	1.003	1.0	1.0
8	1	91	5.968	0.407	17.161	0.638	1.0	1.0
8	1	88	5.29	0.643	17.742	0.773	1.0	1.0
8	1	85	4.677	0.748	18.548	0.995	1.0	1.0
8	1	82	4.29	0.461	19.065	0.854	1.0	1.0
8	1	79	4.097	0.396	19.452	0.888	1.0	1.0
8	1	76	3.677	0.475	20.968	1.08	1.0	1.0
8	1	73	3.29	0.461	22.097	0.944	1.0	1.0
8	1	70	3.032	0.18	22.903	1.106	1.0	1.0
8	1	67	3.065	0.25	24.387	1.585	1.0	1.0
8	1	64	2.903	0.301	26.484	2.515	1.0	1.0
8	1	61	2.581	0.672	28.133	2.285	0.968	0.968
8	1	58	1.933	0.64	32.267	4.934	0.935	0.968
8	1	55	1.036	0.881	36.478	3.629	0.645	0.742
8	1	52	0.033	0.183	39.5	6.364	0.032	0.065
8	1	49	0.0	0.0	nan	nan	0.0	0.0
8	1	46	0.0	0.0	nan	nan	0.0	0.0
8	1	43	0.0	0.0	nan	nan	0.0	0.0
8	1	40	0.0	0.0	nan	nan	0.0	0.0
8	1	37	0.0	0.0	nan	nan	0.0	0.0
8	1	34	0.0	0.0	nan	nan	0.0	0.0
8	1	31	0.0	0.0	nan	nan	0.0	0.0
8	1	28	0.0	0.0	nan	nan	0.0	0.0
9	1	100	3.097	0.301	15.839	0.638	1.0	1.0
9	1	97	2.968	0.18	16.194	0.703	1.0	1.0
9	1	94	3.0	0.0	16.516	0.677	1.0	1.0
9	1	91	3.0	0.0	17.0	0.447	1.0	1.0
9	1	88	2.968	0.18	17.548	0.624	1.0	1.0
9	1	85	2.645	0.661	18.0	0.931	1.0	1.0
9	1	82	1.677	0.748	18.903	0.831	1.0	1.0
9	1	79	1.387	0.667	19.258	1.032	1.0	1.0
9	1	76	1.065	0.25	20.548	1.234	1.0	1.0
9	1	73	1.0	0.0	22.194	1.276	1.0	1.0
9	1	70	0.935	0.25	23.69	1.948	0.935	0.935
9	1	67	0.667	0.479	25.81	2.857	0.645	0.677
9	1	64	0.233	0.43	27.25	0.886	0.226	0.258
9	1	61	0.0	0.0	nan	nan	0.0	0.0
9	1	58	0.0	0.0	nan	nan	0.0	0.0
9	1	55	0.0	0.0	nan	nan	0.0	0.0
9	1	52	0.0	0.0	nan	nan	0.0	0.0
9	1	49	0.0	0.0	nan	nan	0.0	0.0
9	1	46	0.0	0.0	nan	nan	0.0	0.0
9	1	43	0.0	0.0	nan	nan	0.0	0.0
9	1	40	0.0	0.0	nan	nan	0.0	0.0
9	1	37	0.0	0.0	nan	nan	0.0	0.0
9	1	34	0.0	0.0	nan	nan	0.0	0.0
9	1	31	0.0	0.0	nan	nan	0.0	0.0
9	1	28	0.0	0.0	nan	nan	0.0	0.0
10	1	100	4.935	0.25	14.871	0.499	1.0	1.0
10	1	97	4.677	0.475	15.258	0.631	1.0	1.0
10	1	94	4.355	0.486	15.419	0.502	1.0	1.0
10	1	91	4.032	0.18	15.903	0.539	1.0	1.0
10	1	88	3.968	0.18	16.29	0.588	1.0	1.0
10	1	85	4.0	0.0	16.548	0.568	1.0	1.0
10	1	82	3.968	0.18	17.032	0.482	1.0	1.0
10	1	79	3.871	0.428	17.613	0.715	1.0	1.0
10	1	76	3.194	0.749	18.258	0.514	1.0	1.0
10	1	73	2.419	0.564	19.0	0.966	1.0	1.0
10	1	70	2.097	0.301	21.0	1.633	1.0	1.0
10	1	67	2.0	0.0	21.355	1.112	1.0	1.0
10	1	64	2.0	0.0	23.097	1.446	1.0	1.0
10	1	61	1.935	0.25	25.258	2.097	1.0	1.0
10	1	58	1.871	0.428	28.4	2.527	0.968	0.968
10	1	55	0.958	0.859	33.318	3.077	0.484	0.71
10	1	52	0.033	0.183	37.5	2.121	0.032	0.065
10	1	49	0.0	0.0	nan	nan	0.0	0.0
10	1	46	0.0	0.0	nan	nan	0.0	0.0
10	1	43	0.0	0.0	nan	nan	0.0	0.0
10	1	40	0.0	0.0	nan	nan	0.0	0.0
10	1	37	0.0	0.0	nan	nan	0.0	0.0
10	1	34	0.0	0.0	nan	nan	0.0	0.0
10	1	31	0.0	0.0	nan	nan	0.0	0.0
10	1	28	0.0	0.0	nan	nan	0.0	0.0
11	1	100	5.935	0.359	15.258	0.445	1.0	1.0
11	1	97	5.71	0.529	15.871	0.718	1.0	1.0
11	1	94	5.355	0.486	15.871	0.341	1.0	1.0
11	1	91	5.097	0.301	16.194	0.543	1.0	1.0
11	1	88	5.0	0.0	16.613	0.615	1.0	1.0
11	1	85	5.0	0.0	17.226	0.425	1.0	1.0
11	1	82	5.0	0.0	17.387	0.558	1.0	1.0
11	1	79	4.323	0.702	18.032	0.706	1.0	1.0
11	1	76	3.387	0.495	18.935	0.629	1.0	1.0
11	1	73	3.065	0.25	19.677	1.137	1.0	1.0
11	1	70	3.0	0.0	20.226	0.762	1.0	1.0
11	1	67	2.968	0.18	21.419	0.807	1.0	1.0
11	1	64	2.871	0.341	22.516	1.363	1.0	1.0
11	1	61	2.516	0.508	24.032	1.11	1.0	1.0
11	1	58	2.355	0.486	25.774	1.783	1.0	1.0
11	1	55	1.968	0.407	29.323	2.971	1.0	1.0
11	1	52	1.548	0.568	33.367	3.449	0.968	0.968
11	1	49	0.6	0.645	39.421	4.925	0.419	0.613
11	1	46	0.0	0.0	nan	nan	0.0	0.0
11	1	43	0.0	0.0	nan	nan	0.0	0.0
11	1	40	0.0	0.0	nan	nan	0.0	0.0
11	1	37	0.0	0.0	nan	nan	0.0	0.0
11	1	34	0.0	0.0	nan	nan	0.0	0.0
11	1	31	0.0	0.0	nan	nan	0.0	0.0
11	1	28	0.0	0.0	nan	nan	0.0	0.0
12	1	100	3.032	0.18	16.645	0.551	1.0	1.0
12	1	97	3.0	0.0	16.871	0.341	1.0	1.0
12	1	94	2.935	0.25	17.194	0.601	1.0	1.0
12	1	91	2.903	0.301	17.677	0.475	1.0	1.0
12	1	88	2.645	0.486	18.355	0.709	1.0	1.0
12	1	85	1.935	0.359	19.355	0.608	1.0	1.0
12	1	82	1.516	0.57	19.645	0.95	1.0	1.0
12	1	79	1.29	0.461	20.677	1.107	1.0	1.0
12	1	76	1.097	0.301	21.548	1.434	1.0	1.0
12	1	73	1.032	0.315	23.733	2.303	0.968	0.968
12	1	70	0.839	0.374	25.269	1.867	0.839	0.839
12	1	67	0.516	0.508	27.25	3.066	0.516	0.516
12	1	64	0.032	0.18	28.0	0.0	0.032	0.032
12	1	61	0.0	0.0	nan	nan	0.0	0.0
12	1	58	0.0	0.0	nan	nan	0.0	0.0
12	1	55	0.0	0.0	nan	nan	0.0	0.0
12	1	52	0.0	0.0	nan	nan	0.0	0.0
12	1	49	0.0	0.0	nan	nan	0.0	0.0
12	1	46	0.0	0.0	nan	nan	0.0	0.0
12	1	43	0.0	0.0	nan	nan	0.0	0.0
12	1	40	0.0	0.0	nan	nan	0.0	0.0
12	1	37	0.0	0.0	nan	nan	0.0	0.0
12	1	34	0.0	0.0	nan	nan	0.0	0.0
12	1	31	0.0	0.0	nan	nan	0.0	0.0
12	1	28	0.0	0.0	nan	nan	0.0	0.0
13	1	100	4.0	0.0	14.516	0.508	1.0	1.0
13	1	97	4.0	0.0	14.968	0.605	1.0	1.0
13	1	94	4.0	0.0	15.097	0.396	1.0	1.0
13	1	91	4.0	0.0	15.355	0.661	1.0	1.0
13	1	88	3.645	0.486	15.774	0.56	1.0	1.0
13	1	85	3.226	0.425	16.194	0.477	1.0	1.0
13	1	82	3.065	0.25	16.452	0.723	1.0	1.0
13	1	79	2.935	0.25	17.323	0.599	1.0	1.0
13	1	76	2.871	0.341	17.742	0.514	1.0	1.0
13	1	73	2.323	0.475	18.516	0.769	1.0	1.0
13	1	70	1.935	0.574	19.548	1.207	1.0	1.0
13	1	67	1.613	0.558	20.516	1.262	1.0	1.0
13	1	64	1.161	0.374	22.226	2.109	1.0	1.0
13	1	61	0.935	0.25	24.517	2.355	0.935	0.935
13	1	58	0.533	0.507	26.412	1.372	0.516	0.548
13	1	55	0.032	0.18	28.0	0.0	0.032	0.032
13	1	52	0.0	0.0	nan	nan	0.0	0.0
13	1	49	0.0	0.0	nan	nan	0.0	0.0
13	1	46	0.0	0.0	nan	nan	0.0	0.0
13	1	43	0.0	0.0	nan	nan	0.0	0.0
13	1	40	0.0	0.0	nan	nan	0.0	0.0
13	1	37	0.0	0.0	nan	nan	0.0	0.0
13	1	34	0.0	0.0	nan	nan	0.0	0.0
13	1	31	0.0	0.0	nan	nan	0.0	0.0
13	1	28	0.0	0.0	nan	nan	0.0	0.0
14	1	100	4.0	0.0	16.613	0.558	1.0	1.0
14	1	97	4.0	0.0	17.0	0.516	1.0	1.0
14	1	94	3.839	0.454	17.258	0.729	1.0	1.0
14	1	91	3.484	0.626	17.839	0.583	1.0	1.0
14	1	88	2.806	0.749	18.258	0.575	1.0	1.0
14	1	85	2.323	0.599	19.097	0.746	1.0	1.0
14	1	82	2.0	0.0	19.806	1.276	1.0	1.0
14	1	79	2.0	0.258	20.677	1.077	1.0	1.0
14	1	76	2.032	0.18	21.484	1.786	1.0	1.0
14	1	73	1.871	0.341	23.194	0.873	1.0	1.0
14	1	70	1.452	0.506	25.0	1.949	1.0	1.0
14	1	67	1.129	0.499	26.414	1.476	0.935	0.935
14	1	64	0.533	0.507	29.118	4.014	0.516	0.548
14	1	61	0.065	0.25	26.5	6.364	0.065	0.065
14	1	58	0.0	0.0	nan	nan	0.0	0.0
14	1	55	0.0	0.0	nan	nan	0.0	0.0
14	1	52	0.0	0.0	nan	nan	0.0	0.0
14	1	49	0.0	0.0	nan	nan	0.0	0.0
14	1	46	0.0	0.0	nan	nan	0.0	0.0
14	1	43	0.0	0.0	nan	nan	0.0	0.0
14	1	40	0.0	0.0	nan	nan	0.0	0.0
14	1	37	0.0	0.0	nan	nan	0.0	0.0
14	1	34	0.0	0.0	nan	nan	0.0	0.0
14	1	31	0.0	0.0	nan	nan	0.0	0.0
14	1	28	0.0	0.0	nan	nan	0.0	0.0
15	1	100	4.323	0.475	16.194	0.477	1.0	1.0
15	1	97	4.097	0.301	16.806	0.601	1.0	1.0
15	1	94	4.097	0.301	16.935	0.442	1.0	1.0
15	1	91	3.968	0.18	17.452	0.723	1.0	1.0
15	1	88	3.645	0.486	17.903	0.746	1.0	1.0
15	1	85	3.258	0.682	18.516	0.851	1.0	1.0
15	1	82	2.452	0.568	18.968	1.016	1.0	1.0
15	1	79	2.065	0.25	20.258	1.21	1.0	1.0
15	1	76	2.0	0.0	20.935	1.209	1.0	1.0
15	1	73	1.968	0.18	22.226	1.521	1.0	1.0
15	1	70	1.839	0.374	23.161	1.098	1.0	1.0
15	1	67	1.548	0.506	25.581	1.285	1.0	1.0
15	1	64	1.333	0.479	26.935	2.175	0.968	1.0
15	1	61	0.357	0.559	31.75	4.595	0.29	0.387
15	1	58	0.0	0.0	37.0	0.0	0.0	0.032
15	1	55	0.0	0.0	nan	nan	0.0	0.0
15	1	52	0.0	0.0	nan	nan	0.0	0.0
15	1	49	0.0	0.0	nan	nan	0.0	0.0
15	1	46	0.0	0.0	nan	nan	0.0	0.0
15	1	43	0.0	0.0	nan	nan	0.0	0.0
15	1	40	0.0	0.0	nan	nan	0.0	0.0
15	1	37	0.0	0.0	nan	nan	0.0	0.0
15	1	34	0.0	0.0	nan	nan	0.0	0.0
15	1	31	0.0	0.0	nan	nan	0.0	0.0
15	1	28	0.0	0.0	nan	nan	0.0	0.0
16	1	100	5.097	0.301	15.355	0.551	1.0	1.0
16	1	97	5.0	0.258	15.839	0.523	1.0	1.0
16	1	94	4.935	0.25	16.065	0.629	1.0	1.0
16	1	91	4.774	0.425	16.387	0.615	1.0	1.0
16	1	88	4.548	0.506	16.903	0.539	1.0	1.0
16	1	85	4.226	0.497	17.323	0.832	1.0	1.0
16	1	82	3.903	0.473	17.742	0.729	1.0	1.0
16	1	79	3.355	0.551	18.419	0.992	1.0	1.0
16	1	76	2.903	0.539	19.29	0.973	1.0	1.0
16	1	73	2.484	0.508	20.194	1.046	1.0	1.0
16	1	70	2.129	0.341	21.097	1.35	1.0	1.0
16	1	67	2.032	0.18	22.677	1.661	1.0	1.0
16	1	64	2.032	0.18	22.968	1.224	1.0	1.0
16	1	61	1.71	0.461	25.484	2.278	1.0	1.0
16	1	58	1.448	0.632	28.276	3.283	0.871	0.935
16	1	55	0.259	0.656	32.5	4.276	0.129	0.258
16	1	52	0.0	0.0	nan	nan	0.0	0.0
16	1	49	0.0	0.0	nan	nan	0.0	0.0
16	1	46	0.0	0.0	nan	nan	0.0	0.0
16	1	43	0.0	0.0	nan	nan	0.0	0.0
16	1	40	0.0	0.0	nan	nan	0.0	0.0
16	1	37	0.0	0.0	nan	nan	0.0	0.0
16	1	34	0.0	0.0	nan	nan	0.0	0.0
16	1	31	0.0	0.0	nan	nan	0.0	0.0
16	1	28	0.0	0.0	nan	nan	0.0	0.0
17	1	100	5.226	0.425	14.29	0.461	1.0	1.0
17	1	97	5.097	0.301	14.968	0.407	1.0	1.0
17	1	94	5.032	0.18	15.0	0.0	1.0	1.0
17	1	91	4.903	0.301	15.355	0.486	1.0	1.0
17	1	88	4.968	0.18	15.71	0.461	1.0	1.0
17	1	85	4.774	0.425	15.935	0.574	1.0	1.0
17	1	82	4.355	0.486	16.516	0.626	1.0	1.0
17	1	79	4.032	0.315	17.0	0.447	1.0	1.0
17	1	76	3.935	0.25	17.29	0.529	1.0	1.0
17	1	73	3.71	0.461	17.968	0.657	1.0	1.0
17	1	70	3.129	0.428	18.903	0.7	1.0	1.0
17	1	67	2.968	0.18	20.032	0.752	1.0	1.0
17	1	64	2.516	0.508	20.903	1.469	1.0	1.0
17	1	61	2.258	0.445	22.742	1.341	1.0	1.0
17	1	58	2.0	0.0	23.968	1.602	1.0	1.0
17	1	55	1.968	0.18	27.097	3.026	1.0	1.0
17	1	52	1.4	0.621	32.414	5.018	0.903	0.935
17	1	49	0.429	0.742	36.727	4.519	0.258	0.355
17	1	46	0.032	0.18	32.0	0.0	0.032	0.032
17	1	43	0.0	0.0	nan	nan	0.0	0.0
17	1	40	0.0	0.0	nan	nan	0.0	0.0
17	1	37	0.0	0.0	nan	nan	0.0	0.0
17	1	34	0.0	0.0	nan	nan	0.0	0.0
17	1	31	0.0	0.0	nan	nan	0.0	0.0
17	1	28	0.0	0.0	nan	nan	0.0	0.0
18	1	100	3.29	0.461	17.323	0.541	1.0	1.0
18	1	97	2.806	0.402	17.839	0.82	1.0	1.0
18	1	94	2.452	0.506	18.29	0.588	1.0	1.0
18	1	91	2.226	0.425	18.968	0.752	1.0	1.0
18	1	88	2.097	0.301	19.516	0.769	1.0	1.0
18	1	85	1.903	0.396	20.484	1.313	1.0	1.0
18	1	82	1.806	0.402	21.613	1.52	1.0	1.0
18	1	79	1.613	0.495	22.71	1.419	1.0	1.0
18	1	76	1.129	0.341	23.581	1.336	1.0	1.0
18	1	73	1.033	0.32	25.7	2.307	0.935	0.968
18	1	70	0.733	0.45	27.826	3.099	0.71	0.742
18	1	67	0.065	0.25	31.0	1.414	0.065	0.065
18	1	64	0.0	0.0	nan	nan	0.0	0.0
18	1	61	0.0	0.0	nan	nan	0.0	0.0
18	1	58	0.0	0.0	nan	nan	0.0	0.0
18	1	55	0.0	0.0	nan	nan	0.0	0.0
18	1	52	0.0	0.0	nan	nan	0.0	0.0
18	1	49	0.0	0.0	nan	nan	0.0	0.0
18	1	46	0.0	0.0	nan	nan	0.0	0.0
18	1	43	0.0	0.0	nan	nan	0.0	0.0
18	1	40	0.0	0.0	nan	nan	0.0	0.0
18	1	37	0.0	0.0	nan	nan	0.0	0.0
18	1	34	0.0	0.0	nan	nan	0.0	0.0
18	1	31	0.0	0.0	nan	nan	0.0	0.0
18	1	28	0.0	0.0	nan	nan	0.0	0.0
19	1	100	6.0	0.0	15.677	0.475	1.0	1.0
19	1	97	5.935	0.25	16.0	0.516	1.0	1.0
19	1	94	5.645	0.486	16.323	0.702	1.0	1.0
19	1	91	5.387	0.558	16.645	0.608	1.0	1.0
19	1	88	5.0	0.258	17.129	0.428	1.0	1.0
19	1	85	4.871	0.341	17.516	0.626	1.0	1.0
19	1	82	4.581	0.62	18.032	0.657	1.0	1.0
19	1	79	4.0	0.447	18.774	0.669	1.0	1.0
19	1	76	3.419	0.502	19.484	0.851	1.0	1.0
19	1	73	3.032	0.18	20.548	0.925	1.0	1.0
19	1	70	2.935	0.25	21.774	1.23	1.0	1.0
19	1	67	3.0	0.0	22.839	1.098	1.0	1.0
19	1	64	2.903	0.301	24.226	0.884	1.0	1.0
19	1	61	2.452	0.506	26.226	2.217	1.0	1.0
19	1	58	1.968	0.315	29.871	2.952	1.0	1.0
19	1	55	1.167	0.531	37.103	4.279	0.903	0.935
19	1	52	0.267	0.45	40.222	2.863	0.258	0.29
19	1	49	0.0	0.0	nan	nan	0.0	0.0
19	1	46	0.0	0.0	nan	nan	0.0	0.0
19	1	43	0.0	0.0	nan	nan	0.0	0.0
19	1	40	0.0	0.0	nan	nan	0.0	0.0
19	1	37	0.0	0.0	nan	nan	0.0	0.0
19	1	34	0.0	0.0	nan	nan	0.0	0.0
19	1	31	0.0	0.0	nan	nan	0.0	0.0
19	1	28	0.0	0.0	nan	nan	0.0	0.0
20	1	100	5.0	0.0	15.806	0.402	1.0	1.0
20	1	97	4.968	0.18	16.161	0.638	1.0	1.0
20	1	94	4.677	0.475	16.613	0.558	1.0	1.0
20	1	91	4.645	0.486	16.71	0.643	1.0	1.0
20	1	88	4.097	0.396	17.29	0.693	1.0	1.0
20	1	85	3.903	0.396	17.839	0.583	1.0	1.0
20	1	82	3.355	0.486	18.516	0.769	1.0	1.0
20	1	79	3.097	0.473	19.129	0.846	1.0	1.0
20	1	76	2.903	0.396	19.806	0.91	1.0	1.0
20	1	73	2.806	0.402	20.71	0.973	1.0	1.0
20	1	70	2.29	0.461	21.839	1.463	1.0	1.0
20	1	67	2.065	0.25	23.419	1.205	1.0	1.0
20	1	64	2.032	0.18	24.194	1.6	1.0	1.0
20	1	61	1.967	0.183	26.71	2.519	0.968	1.0
20	1	58	1.742	0.514	28.167	1.802	0.968	0.968
20	1	55	0.833	0.917	33.579	2.364	0.387	0.613
20	1	52	0.214	0.499	33.75	3.694	0.161	0.258
20	1	49	0.0	0.0	nan	nan	0.0	0.0
20	1	46	0.0	0.0	nan	nan	0.0	0.0
20	1	43	0.0	0.0	nan	nan	0.0	0.0
20	1	40	0.0	0.0	nan	nan	0.0	0.0
20	1	37	0.0	0.0	nan	nan	0.0	0.0
20	1	34	0.0	0.0	nan	nan	0.0	0.0
20	1	31	0.0	0.0	nan	nan	0.0	0.0
20	1	28	0.0	0.0	nan	nan	0.0	0.0
21	1	100	3.097	0.301	17.129	0.428	1.0	1.0
21	1	97	3.0	0.0	17.548	0.506	1.0	1.0
21	1	94	2.677	0.475	18.097	0.597	1.0	1.0
21	1	91	2.419	0.502	18.645	0.985	1.0	1.0
21	1	88	1.968	0.18	19.387	0.615	1.0	1.0
21	1	85	1.71	0.461	20.29	0.938	1.0	1.0
21	1	82	1.387	0.495	21.452	1.028	1.0	1.0
21	1	79	1.258	0.445	22.419	1.057	1.0	1.0
21	1	76	1.067	0.254	23.968	2.601	0.968	1.0
21	1	73	0.903	0.301	25.393	1.95	0.903	0.903
21	1	70	0.517	0.509	27.0	1.871	0.484	0.548
21	1	67	0.0	0.0	nan	nan	0.0	0.0
21	1	64	0.0	0.0	nan	nan	0.0	0.0
21	1	61	0.0	0.0	nan	nan	0.0	0.0
21	1	58	0.0	0.0	nan	nan	0.0	0.0
21	1	55	0.0	0.0	nan	nan	0.0	0.0
21	1	52	0.0	0.0	nan	nan	0.0	0.0
21	1	49	0.0	0.0	nan	nan	0.0	0.0
21	1	46	0.0	0.0	nan	nan	0.0	0.0
21	1	43	0.0	0.0	nan	nan	0.0	0.0
21	1	40	0.0	0.0	nan	nan	0.0	0.0
21	1	37	0.0	0.0	nan	nan	0.0	0.0
21	1	34	0.0	0.0	nan	nan	0.0	0.0
21	1	31	0.0	0.0	nan	nan	0.0	0.0
21	1	28	0.0	0.0	nan	nan	0.0	0.0
22	1	100	5.968	0.18	14.871	0.341	1.0	1.0
22	1	97	5.806	0.402	15.065	0.359	1.0	1.0
22	1	94	5.29	0.461	15.419	0.672	1.0	1.0
22	1	91	5.129	0.341	15.645	0.486	1.0	1.0
22	1	88	4.968	0.18	15.935	0.512	1.0	1.0
22	1	85	5.0	0.0	16.419	0.62	1.0	1.0
22	1	82	4.935	0.25	16.742	0.682	1.0	1.0
22	1	79	4.613	0.558	17.419	0.72	1.0	1.0
22	1	76	4.065	0.629	17.968	0.547	1.0	1.0
22	1	73	3.355	0.486	18.581	0.765	1.0	1.0
22	1	70	3.032	0.18	19.613	0.882	1.0	1.0
22	1	67	2.935	0.25	20.742	1.237	1.0	1.0
22	1	64	2.839	0.374	22.032	1.08	1.0	1.0
22	1	61	2.613	0.495	22.903	1.739	1.0	1.0
22	1	58	2.226	0.425	25.452	1.502	1.0	1.0
22	1	55	1.839	0.374	29.774	3.922	1.0	1.0
22	1	52	1.483	0.574	34.2	4.529	0.903	0.968
22	1	49	0.387	0.495	37.583	2.712	0.387	0.387
22	1	46	0.0	0.0	nan	nan	0.0	0.0
22	1	43	0.0	0.0	nan	nan	0.0	0.0
22	1	40	0.0	0.0	nan	nan	0.0	0.0
22	1	37	0.0	0.0	nan	nan	0.0	0.0
22	1	34	0.0	0.0	nan	nan	0.0	0.0
22	1	31	0.0	0.0	nan	nan	0.0	0.0
22	1	28	0.0	0.0	nan	nan	0.0	0.0
23	1	100	3.065	0.25	16.742	0.631	1.0	1.0
23	1	97	2.968	0.18	17.387	0.667	1.0	1.0
23	1	94	2.806	0.402	17.742	0.682	1.0	1.0
23	1	91	2.484	0.508	18.452	0.723	1.0	1.0
23	1	88	2.161	0.374	19.0	0.73	1.0	1.0
23	1	85	1.742	0.445	19.581	0.765	1.0	1.0
23	1	82	1.452	0.506	20.71	0.864	1.0	1.0
23	1	79	1.065	0.25	22.097	1.165	1.0	1.0
23	1	76	1.032	0.18	23.548	1.234	1.0	1.0
23	1	73	0.839	0.374	25.462	2.58	0.839	0.839
23	1	70	0.467	0.507	28.067	2.404	0.452	0.484
23	1	67	0.034	0.186	25.667	3.215	0.032	0.097
23	1	64	0.0	0.0	nan	nan	0.0	0.0
23	1	61	0.0	0.0	nan	nan	0.0	0.0
23	1	58	0.0	0.0	nan	nan	0.0	0.0
23	1	55	0.0	0.0	nan	nan	0.0	0.0
23	1	52	0.0	0.0	nan	nan	0.0	0.0
23	1	49	0.0	0.0	nan	nan	0.0	0.0
23	1	46	0.0	0.0	nan	nan	0.0	0.0
23	1	43	0.0	0.0	nan	nan	0.0	0.0
23	1	40	0.0	0.0	nan	nan	0.0	0.0
23	1	37	0.0	0.0	nan	nan	0.0	0.0
23	1	34	0.0	0.0	nan	nan	0.0	0.0
23	1	31	0.0	0.0	nan	nan	0.0	0.0
23	1	28	0.0	0.0	nan	nan	0.0	0.0
24	1	100	3.871	0.341	16.452	0.568	1.0	1.0
24	1	97	3.742	0.445	16.839	0.454	1.0	1.0
24	1	94	3.387	0.495	17.161	0.583	1.0	1.0
24	1	91	2.742	0.445	17.839	0.583	1.0	1.0
24	1	88	2.839	0.523	17.935	0.629	1.0	1.0
24	1	85	2.194	0.402	18.774	0.617	1.0	1.0
24	1	82	2.0	0.258	19.645	0.755	1.0	1.0
24	1	79	1.935	0.25	20.613	0.882	1.0	1.0
24	1	76	1.71	0.461	21.258	1.29	1.0	1.0
24	1	73	1.387	0.495	22.742	1.316	1.0	1.0
24	1	70	1.065	0.359	24.7	2.336	0.968	0.968
24	1	67	0.903	0.301	26.964	2.617	0.903	0.903
24	1	64	0.323	0.475	28.0	2.625	0.323	0.323
24	1	61	0.0	0.0	nan	nan	0.0	0.0
24	1	58	0.0	0.0	nan	nan	0.0	0.0
24	1	55	0.0	0.0	nan	nan	0.0	0.0
24	1	52	0.0	0.0	nan	nan	0.0	0.0
24	1	49	0.0	0.0	nan	nan	0.0	0.0
24	1	46	0.0	0.0	nan	nan	0.0	0.0
24	1	43	0.0	0.0	nan	nan	0.0	0.0
24	1	40	0.0	0.0	nan	nan	0.0	0.0
24	1	37	0.0	0.0	nan	nan	0.0	0.0
24	1	34	0.0	0.0	nan	nan	0.0	0.0
24	1	31	0.0	0.0	nan	nan	0.0	0.0
24	1	28	0.0	0.0	nan	nan	0.0	0.0
25	1	100	2.806	0.402	17.806	0.477	1.0	1.0
25	1	97	2.065	0.727	18.323	0.748	1.0	1.0
25	1	94	1.29	0.461	19.032	0.605	1.0	1.0
25	1	91	1.129	0.341	19.548	0.81	1.0	1.0
25	1	88	1.032	0.18	20.452	1.06	1.0	1.0
25	1	85	1.0	0.0	21.71	1.189	1.0	1.0
25	1	82	1.0	0.0	23.613	1.564	0.968	1.0
25	1	79	0.839	0.374	24.538	1.944	0.839	0.839
25	1	76	0.25	0.441	27.0	1.247	0.226	0.323
25	1	73	0.0	0.0	nan	nan	0.0	0.0
25	1	70	0.0	0.0	nan	nan	0.0	0.0
25	1	67	0.0	0.0	nan	nan	0.0	0.0
25	1	64	0.0	0.0	nan	nan	0.0	0.0
25	1	61	0.0	0.0	nan	nan	0.0	0.0
25	1	58	0.0	0.0	nan	nan	0.0	0.0
25	1	55	0.0	0.0	nan	nan	0.0	0.0
25	1	52	0.0	0.0	nan	nan	0.0	0.0
25	1	49	0.0	0.0	nan	nan	0.0	0.0
25	1	46	0.0	0.0	nan	nan	0.0	0.0
25	1	43	0.0	0.0	nan	nan	0.0	0.0
25	1	40	0.0	0.0	nan	nan	0.0	0.0
25	1	37	0.0	0.0	nan	nan	0.0	0.0
25	1	34	0.0	0.0	nan	nan	0.0	0.0
25	1	31	0.0	0.0	nan	nan	0.0	0.0
25	1	28	0.0	0.0	nan	nan	0.0	0.0
26	1	100	5.419	0.502	15.839	0.374	1.0	1.0
26	1	97	5.258	0.445	16.065	0.25	1.0	1.0
26	1	94	5.129	0.341	16.323	0.541	1.0	1.0
26	1	91	5.0	0.0	16.839	0.454	1.0	1.0
26	1	88	4.968	0.18	17.032	0.605	1.0	1.0
26	1	85	4.806	0.402	17.387	0.495	1.0	1.0
26	1	82	4.387	0.558	18.097	0.539	1.0	1.0
26	1	79	3.452	0.568	18.742	0.893	1.0	1.0
26	1	76	3.032	0.18	19.677	0.871	1.0	1.0
26	1	73	3.0	0.0	20.258	0.999	1.0	1.0
26	1	70	3.097	0.301	21.226	1.521	1.0	1.0
26	1	67	2.871	0.341	22.548	1.15	1.0	1.0
26	1	64	2.516	0.508	24.161	1.344	1.0	1.0
26	1	61	2.129	0.341	26.387	2.848	1.0	1.0
26	1	58	1.871	0.341	30.032	3.728	1.0	1.0
26	1	55	1.258	0.682	33.741	4.212	0.871	0.871
26	1	52	0.323	0.475	38.1	2.183	0.323	0.323
26	1	49	0.0	0.0	nan	nan	0.0	0.0
26	1	46	0.0	0.0	nan	nan	0.0	0.0
26	1	43	0.0	0.0	nan	nan	0.0	0.0
26	1	40	0.0	0.0	nan	nan	0.0	0.0
26	1	37	0.0	0.0	nan	nan	0.0	0.0
26	1	34	0.0	0.0	nan	nan	0.0	0.0
26	1	31	0.0	0.0	nan	nan	0.0	0.0
26	1	28	0.0	0.0	nan	nan	0.0	0.0
27	1	100	5.323	0.475	14.774	0.425	1.0	1.0
27	1	97	5.032	0.18	14.903	0.396	1.0	1.0
27	1	94	5.0	0.0	15.065	0.574	1.0	1.0
27	1	91	4.968	0.18	15.29	0.529	1.0	1.0
27	1	88	4.806	0.402	15.452	0.624	1.0	1.0
27	1	85	4.419	0.502	15.935	0.814	1.0	1.0
27	1	82	4.129	0.341	16.323	0.748	1.0	1.0
27	1	79	4.0	0.258	16.774	0.92	1.0	1.0
27	1	76	3.968	0.18	17.226	0.92	1.0	1.0
27	1	73	3.774	0.425	17.742	0.773	1.0	1.0
27	1	70	3.194	0.749	18.419	1.336	1.0	1.0
27	1	67	2.71	0.693	19.0	1.317	1.0	1.0
27	1	64	2.161	0.454	20.323	0.871	1.0	1.0
27	1	61	2.032	0.18	21.226	1.023	1.0	1.0
27	1	58	2.0	0.0	22.677	1.351	1.0	1.0
27	1	55	1.839	0.374	24.935	1.788	1.0	1.0
27	1	52	1.571	0.634	27.517	3.481	0.839	0.935
27	1	49	0.321	0.612	30.5	3.689	0.226	0.323
27	1	46	0.0	0.0	nan	nan	0.0	0.0
27	1	43	0.0	0.0	nan	nan	0.0	0.0
27	1	40	0.0	0.0	nan	nan	0.0	0.0
27	1	37	0.0	0.0	nan	nan	0.0	0.0
27	1	34	0.0	0.0	nan	nan	0.0	0.0
27	1	31	0.0	0.0	nan	nan	0.0	0.0
27	1	28	0.0	0.0	nan	nan	0.0	0.0
28	1	100	4.161	0.374	15.161	0.688	1.0	1.0
28	1	97	4.032	0.18	15.194	0.477	1.0	1.0
28	1	94	4.0	0.0	15.71	0.588	1.0	1.0
28	1	91	4.0	0.0	15.903	0.396	1.0	1.0
28	1	88	3.806	0.402	16.613	0.558	1.0	1.0
28	1	85	3.581	0.502	16.968	0.657	1.0	1.0
28	1	82	3.032	0.407	17.516	0.626	1.0	1.0
28	1	79	2.677	0.475	18.194	0.654	1.0	1.0
28	1	76	2.258	0.445	18.968	0.795	1.0	1.0
28	1	73	2.032	0.315	19.677	0.871	1.0	1.0
28	1	70	1.484	0.508	21.935	1.482	1.0	1.0
28	1	67	1.161	0.374	22.968	1.449	1.0	1.0
28	1	64	0.931	0.458	25.519	2.82	0.806	0.871
28	1	61	0.4	0.498	26.923	1.382	0.387	0.419
28	1	58	0.0	0.0	nan	nan	0.0	0.0
28	1	55	0.0	0.0	nan	nan	0.0	0.0
28	1	52	0.0	0.0	nan	nan	0.0	0.0
28	1	49	0.0	0.0	nan	nan	0.0	0.0
28	1	46	0.0	0.0	nan	nan	0.0	0.0
28	1	43	0.0	0.0	nan	nan	0.0	0.0
28	1	40	0.0	0.0	nan	nan	0.0	0.0
28	1	37	0.0	0.0	nan	nan	0.0	0.0
28	1	34	0.0	0.0	nan	nan	0.0	0.0
28	1	31	0.0	0.0	nan	nan	0.0	0.0
28	1	28	0.0	0.0	nan	nan	0.0	0.0
29	1	100	4.935	0.25	14.677	0.475	1.0	1.0
29	1	97	4.903	0.301	14.903	0.396	1.0	1.0
29	1	94	4.387	0.495	15.129	0.562	1.0	1.0
29	1	91	4.194	0.402	15.387	0.558	1.0	1.0
29	1	88	4.0	0.0	15.871	0.428	1.0	1.0
29	1	85	4.0	0.0	16.194	0.654	1.0	1.0
29	1	82	4.0	0.0	16.613	0.667	1.0	1.0
29	1	79	3.968	0.18	17.387	0.667	1.0	1.0
29	1	76	3.71	0.461	17.774	0.762	1.0	1.0
29	1	73	2.677	0.702	18.71	0.824	1.0	1.0
29	1	70	2.129	0.341	19.323	0.945	1.0	1.0
29	1	67	2.0	0.0	20.452	0.723	1.0	1.0
29	1	64	2.0	0.258	21.839	1.753	1.0	1.0
29	1	61	2.0	0.0	24.032	1.622	1.0	1.0
29	1	58	2.0	0.0	27.032	2.904	0.968	1.0
29	1	55	1.333	0.784	30.846	4.469	0.71	0.839
29	1	52	0.0	0.0	40.333	1.528	0.0	0.097
29	1	49	0.0	0.0	nan	nan	0.0	0.0
29	1	46	0.0	0.0	nan	nan	0.0	0.0
29	1	43	0.0	0.0	nan	nan	0.0	0.0
29	1	40	0.0	0.0	nan	nan	0.0	0.0
29	1	37	0.0	0.0	nan	nan	0.0	0.0
29	1	34	0.0	0.0	nan	nan	0.0	0.0
29	1	31	0.0	0.0	nan	nan	0.0	0.0
29	1	28	0.0	0.0	nan	nan	0.0	0.0
30	1	100	4.065	0.25	16.677	0.653	1.0	1.0
30	1	97	3.968	0.18	17.161	0.735	1.0	1.0
30	1	94	3.903	0.301	17.645	0.661	1.0	1.0
30	1	91	3.71	0.461	17.968	0.657	1.0	1.0
30	1	88	3.226	0.669	18.387	0.558	1.0	1.0
30	1	85	2.645	0.661	18.742	0.682	1.0	1.0
30	1	82	2.226	0.425	19.871	0.885	1.0	1.0
30	1	79	2.0	0.0	20.839	0.969	1.0	1.0
30	1	76	1.968	0.18	21.903	0.944	1.0	1.0
30	1	73	1.968	0.18	23.032	0.948	1.0	1.0
30	1	70	1.742	0.445	24.968	1.449	1.0	1.0
30	1	67	1.419	0.502	26.742	1.861	1.0	1.0
30	1	64	1.033	0.556	28.889	2.577	0.839	0.871
30	1	61	0.25	0.441	32.4	2.757	0.226	0.323
30	1	58	0.0	0.0	nan	nan	0.0	0.0
30	1	55	0.0	0.0	nan	nan	0.0	0.0
30	1	52	0.0	0.0	nan	nan	0.0	0.0
30	1	49	0.0	0.0	nan	nan	0.0	0.0
30	1	46	0.0	0.0	nan	nan	0.0	0.0
30	1	43	0.0	0.0	nan	nan	0.0	0.0
30	1	40	0.0	0.0	nan	nan	0.0	0.0
30	1	37	0.0	0.0	nan	nan	0.0	0.0
30	1	34	0.0	0.0	nan	nan	0.0	0.0
30	1	31	0.0	0.0	nan	nan	0.0	0.0
30	1	28	0.0	0.0	nan	nan	0.0	0.0
31	1	100	4.0	0.0	14.968	0.315	1.0	1.0
31	1	97	4.0	0.0	15.258	0.445	1.0	1.0
31	1	94	3.968	0.18	15.677	0.653	1.0	1.0
31	1	91	3.903	0.301	15.935	0.512	1.0	1.0
31	1	88	3.71	0.461	16.355	0.486	1.0	1.0
31	1	85	3.355	0.486	16.903	0.597	1.0	1.0
31	1	82	3.065	0.442	17.452	0.888	1.0	1.0
31	1	79	2.871	0.428	17.871	0.67	1.0	1.0
31	1	76	2.226	0.425	18.645	0.709	1.0	1.0
31	1	73	2.032	0.18	19.677	0.945	1.0	1.0
31	1	70	2.0	0.0	20.645	0.877	1.0	1.0
31	1	67	1.968	0.18	22.161	1.293	1.0	1.0
31	1	64	1.677	0.541	23.323	1.558	1.0	1.0
31	1	61	1.419	0.502	25.387	1.564	1.0	1.0
31	1	58	0.897	0.557	28.76	3.597	0.742	0.806
31	1	55	0.129	0.341	27.75	2.062	0.129	0.129
31	1	52	0.0	0.0	nan	nan	0.0	0.0
31	1	49	0.0	0.0	nan	nan	0.0	0.0
31	1	46	0.0	0.0	nan	nan	0.0	0.0
31	1	43	0.0	0.0	nan	nan	0.0	0.0
31	1	40	0.0	0.0	nan	nan	0.0	0.0
31	1	37	0.0	0.0	nan	nan	0.0	0.0
31	1	34	0.0	0.0	nan	nan	0.0	0.0
31	1	31	0.0	0.0	nan	nan	0.0	0.0
31	1	28	0.0	0.0	nan	nan	0.0	0.0
0	2	100	5.0	0.0	14.806	0.477	1.0	1.0
0	2	97	5.0	0.0	15.161	0.583	1.0	1.0
0	2	94	4.968	0.18	15.516	0.626	1.0	1.0
0	2	91	4.742	0.445	15.806	0.543	1.0	1.0
0	2	88	4.452	0.506	16.065	0.629	1.0	1.0
0	2	85	4.194	0.402	16.645	0.608	1.0	1.0
0	2	82	4.0	0.365	17.387	0.615	1.0	1.0
0	2	79	3.742	0.445	17.968	0.752	1.0	1.0
0	2	76	3.161	0.454	19.032	1.048	1.0	1.0
0	2	73	2.871	0.428	19.645	1.082	1.0	1.0
0	2	70	2.355	0.486	21.258	1.39	1.0	1.0
0	2	67	2.167	0.379	23.516	3.898	0.968	1.0
0	2	64	2.0	0.0	24.484	1.458	1.0	1.0
0	2	61	2.0	0.0	27.355	2.939	1.0	1.0
0	2	58	1.71	0.588	31.034	3.3	0.935	0.935
0	2	55	0.577	0.809	36.8	3.764	0.323	0.484
0	2	52	0.0	0.0	nan	nan	0.0	0.0
0	2	49	0.0	0.0	nan	nan	0.0	0.0
0	2	46	0.0	0.0	nan	nan	0.0	0.0
0	2	43	0.0	0.0	nan	nan	0.0	0.0
0	2	40	0.0	0.0	nan	nan	0.0	0.0
0	2	37	0.0	0.0	nan	nan	0.0	0.0
0	2	34	0.0	0.0	nan	nan	0.0	0.0
0	2	31	0.0	0.0	nan	nan	0.0	0.0
0	2	28	0.0	0.0	nan	nan	0.0	0.0
1	2	100	3.0	0.0	15.742	0.514	1.0	1.0
1	2	97	3.0	0.0	16.323	0.653	1.0	1.0
1	2	94	3.0	0.0	16.387	0.495	1.0	1.0
1	2	91	3.0	0.0	17.161	0.454	1.0	1.0
1	2	88	2.806	0.477	17.613	0.715	1.0	1.0
1	2	85	2.29	0.643	18.258	0.729	1.0	1.0
1	2	82	1.774	0.805	18.839	1.344	1.0	1.0
1	2	79	1.355	0.551	19.806	0.833	1.0	1.0
1	2	76	1.065	0.25	21.161	1.734	1.0	1.0
1	2	73	1.032	0.18	22.548	1.65	1.0	1.0
1	2	70	0.968	0.18	23.633	1.81	0.968	0.968
1	2	67	0.6	0.498	26.947	2.483	0.581	0.613
1	2	64	0.067	0.254	28.333	1.528	0.065	0.097
1	2	61	0.0	0.0	nan	nan	0.0	0.0
1	2	58	0.0	0.0	nan	nan	0.0	0.0
1	2	55	0.0	0.0	nan	nan	0.0	0.0
1	2	52	0.0	0.0	nan	nan	0.0	0.0
1	2	49	0.0	0.0	nan	nan	0.0	0.0
1	2	46	0.0	0.0	nan	nan	0.0	0.0
1	2	43	0.0	0.0	nan	nan	0.0	0.0
1	2	40	0.0	0.0	nan	nan	0.0	0.0
1	2	37	0.0	0.0	nan	nan	0.0	0.0
1	2	34	0.0	0.0	nan	nan	0.0	0.0
1	2	31	0.0	0.0	nan	nan	0.0	0.0
1	2	28	0.0	0.0	nan	nan	0.0	0.0
2	2	100	3.71	0.461	15.516	0.508	1.0	1.0
2	2	97	3.29	0.461	15.548	0.506	1.0	1.0
2	2	94	3.097	0.396	16.355	0.877	1.0	1.0
2	2	91	3.0	0.0	16.613	0.558	1.0	1.0
2	2	88	2.968	0.18	17.29	0.739	1.0	1.0
2	2	85	2.806	0.402	17.839	0.638	1.0	1.0
2	2	82	2.516	0.57	18.323	0.702	1.0	1.0
2	2	79	2.129	0.619	19.0	1.211	1.0	1.0
2	2	76	1.645	0.486	19.839	1.036	1.0	1.0
2	2	73	1.355	0.486	21.161	1.369	1.0	1.0
2	2	70	1.097	0.301	22.645	1.33	1.0	1.0
2	2	67	0.935	0.25	24.828	3.864	0.935	0.935
2	2	64	0.677	0.475	26.095	1.868	0.677	0.677
2	2	61	0.194	0.477	27.4	2.074	0.161	0.161
2	2	58	0.0	0.0	nan	nan	0.0	0.0
2	2	55	0.0	0.0	nan	nan	0.0	0.0
2	2	52	0.0	0.0	nan	nan	0.0	0.0
2	2	49	0.0	0.0	nan	nan	0.0	0.0
2	2	46	0.0	0.0	nan	nan	0.0	0.0
2	2	43	0.0	0.0	nan	nan	0.0	0.0
2	2	40	0.0	0.0	nan	nan	0.0	0.0
2	2	37	0.0	0.0	nan	nan	0.0	0.0
2	2	34	0.0	0.0	nan	nan	0.0	0.0
2	2	31	0.0	0.0	nan	nan	0.0	0.0
2	2	28	0.0	0.0	nan	nan	0.0	0.0
3	2	100	4.032	0.18	14.903	0.301	1.0	1.0
3	2	97	4.0	0.0	15.29	0.529	1.0	1.0
3	2	94	4.0	0.0	15.548	0.768	1.0	1.0
3	2	91	3.903	0.301	15.903	0.597	1.0	1.0
3	2	88	3.677	0.475	16.258	0.575	1.0	1.0
3	2	85	3.516	0.508	16.452	0.723	1.0	1.0
3	2	82	3.129	0.341	17.258	0.575	1.0	1.0
3	2	79	2.774	0.56	17.871	0.957	1.0	1.0
3	2	76	2.484	0.508	18.516	0.811	1.0	1.0
3	2	73	2.097	0.301	19.419	0.807	1.0	1.0
3	2	70	2.0	0.0	20.71	1.189	1.0	1.0
3	2	67	1.871	0.341	22.161	1.753	1.0	1.0
3	2	64	1.387	0.558	24.433	2.046	0.968	0.968
3	2	61	1.29	0.461	25.194	2.197	1.0	1.0
3	2	58	0.621	0.561	29.105	4.605	0.548	0.613
3	2	55	0.032	0.18	28.0	0.0	0.032	0.032
3	2	52	0.0	0.0	nan	nan	0.0	0.0
3	2	49	0.0	0.0	nan	nan	0.0	0.0
3	2	46	0.0	0.0	nan	nan	0.0	0.0
3	2	43	0.0	0.0	nan	nan	0.0	0.0
3	2	40	0.0	0.0	nan	nan	0.0	0.0
3	2	37	0.0	0.0	nan	nan	0.0	0.0
3	2	34	0.0	0.0	nan	nan	0.0	0.0
3	2	31	0.0	0.0	nan	nan	0.0	0.0
3	2	28	0.0	0.0	nan	nan	0.0	0.0
4	2	100	5.0	0.0	14.452	0.624	1.0	1.0
4	2	97	4.935	0.25	14.581	0.564	1.0	1.0
4	2	94	4.645	0.486	15.0	0.577	1.0	1.0
4	2	91	4.323	0.475	15.548	0.506	1.0	1.0
4	2	88	4.065	0.25	15.774	0.497	1.0	1.0
4	2	85	4.0	0.0	15.903	0.597	1.0	1.0
4	2	82	4.0	0.0	16.452	0.624	1.0	1.0
4	2	79	3.935	0.25	16.871	0.806	1.0	1.0
4	2	76	3.774	0.425	17.613	0.761	1.0	1.0
4	2	73	3.29	0.643	18.452	0.81	1.0	1.0
4	2	70	2.935	0.727	19.129	1.176	1.0	1.0
4	2	67	2.161	0.374	19.903	1.248	1.0	1.0
4	2	64	2.032	0.18	21.806	1.778	1.0	1.0
4	2	61	1.968	0.18	23.065	1.436	1.0	1.0
4	2	58	1.968	0.18	25.484	2.488	1.0	1.0
4	2	55	1.931	0.371	28.067	3.769	0.903	0.968
4	2	52	0.926	0.874	33.2	5.207	0.516	0.645
4	2	49	0.065	0.359	32.0	0.0	0.032	0.032
4	2	46	0.0	0.0	nan	nan	0.0	0.0
4	2	43	0.0	0.0	nan	nan	0.0	0.0
4	2	40	0.0	0.0	nan	nan	0.0	0.0
4	2	37	0.0	0.0	nan	nan	0.0	0.0
4	2	34	0.0	0.0	nan	nan	0.0	0.0
4	2	31	0.0	0.0	nan	nan	0.0	0.0
4	2	28	0.0	0.0	nan	nan	0.0	0.0
5	2	100	4.032	0.18	15.806	0.543	1.0	1.0
5	2	97	4.0	0.0	16.065	0.359	1.0	1.0
5	2	94	4.0	0.0	16.581	0.564	1.0	1.0
5	2	91	3.903	0.396	17.29	0.824	1.0	1.0
5	2	88	3.774	0.425	17.645	0.608	1.0	1.0
5	2	85	3.516	0.626	18.129	0.718	1.0	1.0
5	2	82	2.645	0.755	19.129	1.024	1.0	1.0
5	2	79	2.226	0.425	19.581	1.025	1.0	1.0
5	2	76	2.0	0.0	21.484	1.262	1.0	1.0
5	2	73	2.032	0.18	22.516	1.651	1.0	1.0
5	2	70	2.0	0.0	24.161	1.934	1.0	1.0
5	2	67	2.0	0.0	25.516	2.111	1.0	1.0
5	2	64	1.621	0.622	29.897	3.32	0.871	0.935
5	2	61	0.5	0.793	32.833	4.324	0.29	0.387
5	2	58	0.0	0.0	nan	nan	0.0	0.0
5	2	55	0.0	0.0	nan	nan	0.0	0.0
5	2	52	0.0	0.0	nan	nan	0.0	0.0
5	2	49	0.0	0.0	nan	nan	0.0	0.0
5	2	46	0.0	0.0	nan	nan	0.0	0.0
5	2	43	0.0	0.0	nan	nan	0.0	0.0
5	2	40	0.0	0.0	nan	nan	0.0	0.0
5	2	37	0.0	0.0	nan	nan	0.0	0.0
5	2	34	0.0	0.0	nan	nan	0.0	0.0
5	2	31	0.0	0.0	nan	nan	0.0	0.0
5	2	28	0.0	0.0	nan	nan	0.0	0.0
6	2	100	4.742	0.445	14.645	0.486	1.0	1.0
6	2	97	4.355	0.486	15.065	0.512	1.0	1.0
6	2	94	4.097	0.301	15.323	0.475	1.0	1.0
6	2	91	4.0	0.258	15.581	0.848	1.0	1.0
6	2	88	4.0	0.0	16.097	0.539	1.0	1.0
6	2	85	4.032	0.18	16.484	0.57	1.0	1.0
6	2	82	3.968	0.18	17.032	0.547	1.0	1.0
6	2	79	3.871	0.341	17.484	0.769	1.0	1.0
6	2	76	3.032	0.836	18.387	0.761	1.0	1.0
6	2	73	2.355	0.608	19.387	0.882	1.0	1.0
6	2	70	2.161	0.523	20.097	1.62	1.0	1.0
6	2	67	2.032	0.18	21.516	1.458	1.0	1.0
6	2	64	2.0	0.0	23.258	1.29	1.0	1.0
6	2	61	2.0	0.0	25.419	3.775	0.968	1.0
6	2	58	1.935	0.25	28.484	2.827	1.0	1.0
6	2	55	1.154	0.881	32.391	3.799	0.581	0.742
6	2	52	0.167	0.461	35.8	2.775	0.129	0.161
6	2	49	0.0	0.0	nan	nan	0.0	0.0
6	2	46	0.0	0.0	nan	nan	0.0	0.0
6	2	43	0.0	0.0	nan	nan	0.0	0.0
6	2	40	0.0	0.0	nan	nan	0.0	0.0
6	2	37	0.0	0.0	nan	nan	0.0	0.0
6	2	34	0.0	0.0	nan	nan	0.0	0.0
6	2	31	0.0	0.0	nan	nan	0.0	0.0
6	2	28	0.0	0.0	nan	nan	0.0	0.0
7	2	100	4.0	0.0	15.161	0.374	1.0	1.0
7	2	97	3.968	0.18	15.645	0.486	1.0	1.0
7	2	94	3.871	0.341	16.097	0.597	1.0	1.0
7	2	91	3.581	0.502	16.419	0.672	1.0	1.0
7	2	88	3.226	0.425	17.0	0.577	1.0	1.0
7	2	85	2.935	0.512	17.226	0.805	1.0	1.0
7	2	82	2.839	0.583	18.097	1.248	1.0	1.0
7	2	79	2.355	0.486	18.452	0.81	1.0	1.0
7	2	76	2.032	0.315	19.645	1.142	1.0	1.0
7	2	73	1.839	0.374	20.806	1.108	1.0	1.0
7	2	70	1.516	0.508	22.226	1.765	1.0	1.0
7	2	67	1.226	0.425	23.774	1.978	1.0	1.0
7	2	64	0.967	0.414	26.25	2.703	0.871	0.903
7	2	61	0.433	0.504	27.857	2.852	0.419	0.452
7	2	58	0.0	0.0	nan	nan	0.0	0.0
7	2	55	0.0	0.0	nan	nan	0.0	0.0
7	2	52	0.0	0.0	nan	nan	0.0	0.0
7	2	49	0.0	0.0	nan	nan	0.0	0.0
7	2	46	0.0	0.0	nan	nan	0.0	0.0
7	2	43	0.0	0.0	nan	nan	0.0	0.0
7	2	40	0.0	0.0	nan	nan	0.0	0.0
7	2	37	0.0	0.0	nan	nan	0.0	0.0
7	2	34	0.0	0.0	nan	nan	0.0	0.0
7	2	31	0.0	0.0	nan	nan	0.0	0.0
7	2	28	0.0	0.0	nan	nan	0.0	0.0
8	2	100	4.0	0.0	14.871	0.428	1.0	1.0
8	2	97	3.968	0.18	15.194	0.543	1.0	1.0
8	2	94	4.0	0.0	15.71	0.739	1.0	1.0
8	2	91	3.774	0.425	15.839	0.454	1.0	1.0
8	2	88	3.355	0.486	16.194	0.601	1.0	1.0
8	2	85	3.323	0.475	16.742	0.514	1.0	1.0
8	2	82	2.968	0.18	17.129	0.562	1.0	1.0
8	2	79	2.71	0.461	17.677	1.013	1.0	1.0
8	2	76	2.452	0.568	18.355	1.05	1.0	1.0
8	2	73	1.806	0.477	19.355	0.755	1.0	1.0
8	2	70	1.71	0.461	21.0	1.366	1.0	1.0
8	2	67	1.387	0.558	22.767	1.888	0.968	0.968
8	2	64	1.194	0.402	23.677	2.104	1.0	1.0
8	2	61	0.742	0.514	25.864	2.475	0.71	0.71
8	2	58	0.323	0.475	27.7	2.83	0.323	0.323
8	2	55	0.0	0.0	nan	nan	0.0	0.0
8	2	52	0.0	0.0	nan	nan	0.0	0.0
8	2	49	0.0	0.0	nan	nan	0.0	0.0
8	2	46	0.0	0.0	nan	nan	0.0	0.0
8	2	43	0.0	0.0	nan	nan	0.0	0.0
8	2	40	0.0	0.0	nan	nan	0.0	0.0
8	2	37	0.0	0.0	nan	nan	0.0	0.0
8	2	34	0.0	0.0	nan	nan	0.0	0.0
8	2	31	0.0	0.0	nan	nan	0.0	0.0
8	2	28	0.0	0.0	nan	nan	0.0	0.0
9	2	100	6.0	0.258	14.387	0.558	1.0	1.0
9	2	97	5.774	0.425	14.839	0.374	1.0	1.0
9	2	94	5.613	0.495	15.097	0.473	1.0	1.0
9	2	91	5.355	0.486	15.323	0.475	1.0	1.0
9	2	88	5.097	0.301	15.71	0.461	1.0	1.0
9	2	85	5.0	0.0	16.0	0.516	1.0	1.0
9	2	82	4.806	0.402	16.452	0.723	1.0	1.0
9	2	79	4.516	0.508	16.968	0.752	1.0	1.0
9	2	76	4.387	0.495	17.226	0.617	1.0	1.0
9	2	73	3.677	0.653	18.226	0.805	1.0	1.0
9	2	70	3.323	0.702	18.871	0.718	1.0	1.0
9	2	67	3.032	0.482	19.161	0.82	1.0	1.0
9	2	64	2.645	0.486	20.323	0.979	1.0	1.0
9	2	61	2.581	0.502	21.968	1.251	1.0	1.0
9	2	58	2.129	0.341	22.806	1.797	1.0	1.0
9	2	55	1.968	0.315	24.935	2.594	1.0	1.0
9	2	52	1.667	0.711	27.0	4.341	0.839	0.871
9	2	49	1.286	0.854	30.625	4.557	0.677	0.774
9	2	46	0.143	0.525	32.8	7.95	0.065	0.161
9	2	43	0.0	0.0	nan	nan	0.0	0.0
9	2	40	0.0	0.0	nan	nan	0.0	0.0
9	2	37	0.0	0.0	nan	nan	0.0	0.0
9	2	34	0.0	0.0	nan	nan	0.0	0.0
9	2	31	0.0	0.0	nan	nan	0.0	0.0
9	2	28	0.0	0.0	nan	nan	0.0	0.0
10	2	100	5.0	0.0	14.677	0.475	1.0	1.0
10	2	97	4.968	0.18	14.806	0.543	1.0	1.0
10	2	94	4.935	0.25	15.161	0.454	1.0	1.0
10	2	91	4.839	0.374	15.452	0.568	1.0	1.0
10	2	88	4.452	0.506	15.903	0.651	1.0	1.0
10	2	85	4.194	0.402	16.161	0.638	1.0	1.0
10	2	82	4.161	0.374	16.677	0.653	1.0	1.0
10	2	79	3.871	0.499	17.323	0.702	1.0	1.0
10	2	76	3.581	0.502	17.871	1.056	1.0	1.0
10	2	73	3.226	0.717	18.484	0.677	1.0	1.0
10	2	70	2.71	0.529	19.452	1.028	1.0	1.0
10	2	67	2.226	0.425	20.161	0.82	1.0	1.0
10	2	64	2.226	0.425	21.613	1.383	1.0	1.0
10	2	61	2.032	0.18	23.226	1.477	1.0	1.0
10	2	58	1.806	0.402	24.677	1.869	1.0	1.0
10	2	55	1.548	0.568	26.3	2.38	0.968	0.968
10	2	52	0.679	0.819	31.125	3.344	0.419	0.516
10	2	49	0.067	0.254	32.667	4.933	0.065	0.097
10	2	46	0.0	0.0	nan	nan	0.0	0.0
10	2	43	0.0	0.0	nan	nan	0.0	0.0
10	2	40	0.0	0.0	nan	nan	0.0	0.0
10	2	37	0.0	0.0	nan	nan	0.0	0.0
10	2	34	0.0	0.0	nan	nan	0.0	0.0
10	2	31	0.0	0.0	nan	nan	0.0	0.0
10	2	28	0.0	0.0	nan	nan	0.0	0.0
11	2	100	3.323	0.475	16.065	0.359	1.0	1.0
11	2	97	3.032	0.18	16.323	0.541	1.0	1.0
11	2	94	3.032	0.18	16.645	0.755	1.0	1.0
11	2	91	2.935	0.25	17.323	0.748	1.0	1.0
11	2	88	2.742	0.445	17.839	0.735	1.0	1.0
11	2	85	2.387	0.495	18.419	0.72	1.0	1.0
11	2	82	1.935	0.442	19.29	0.783	1.0	1.0
11	2	79	1.774	0.425	20.194	0.946	1.0	1.0
11	2	76	1.226	0.425	21.194	1.25	1.0	1.0
11	2	73	1.032	0.18	22.935	1.093	1.0	1.0
11	2	70	1.0	0.0	24.194	1.621	1.0	1.0
11	2	67	0.806	0.402	26.56	2.329	0.806	0.806
11	2	64	0.161	0.374	27.0	1.581	0.161	0.161
11	2	61	0.0	0.0	nan	nan	0.0	0.0
11	2	58	0.0	0.0	nan	nan	0.0	0.0
11	2	55	0.0	0.0	nan	nan	0.0	0.0
11	2	52	0.0	0.0	nan	nan	0.0	0.0
11	2	49	0.0	0.0	nan	nan	0.0	0.0
11	2	46	0.0	0.0	nan	nan	0.0	0.0
11	2	43	0.0	0.0	nan	nan	0.0	0.0
11	2	40	0.0	0.0	nan	nan	0.0	0.0
11	2	37	0.0	0.0	nan	nan	0.0	0.0
11	2	34	0.0	0.0	nan	nan	0.0	0.0
11	2	31	0.0	0.0	nan	nan	0.0	0.0
11	2	28	0.0	0.0	nan	nan	0.0	0.0
12	2	100	5.129	0.341	15.161	0.523	1.0	1.0
12	2	97	5.032	0.18	15.419	0.502	1.0	1.0
12	2	94	5.0	0.0	15.903	0.396	1.0	1.0
12	2	91	4.935	0.25	16.226	0.762	1.0	1.0
12	2	88	4.903	0.301	16.71	0.588	1.0	1.0
12	2	85	4.452	0.506	17.194	0.543	1.0	1.0
12	2	82	3.968	0.407	17.677	0.599	1.0	1.0
12	2	79	3.613	0.558	18.194	0.654	1.0	1.0
12	2	76	3.258	0.445	18.871	0.763	1.0	1.0
12	2	73	2.968	0.18	19.871	0.957	1.0	1.0
12	2	70	2.774	0.425	20.806	0.946	1.0	1.0
12	2	67	2.484	0.508	22.258	1.341	1.0	1.0
12	2	64	2.355	0.551	23.581	1.876	1.0	1.0
12	2	61	2.032	0.18	24.903	1.044	1.0	1.0
12	2	58	2.0	0.0	27.258	2.206	1.0	1.0
12	2	55	1.633	0.556	32.533	3.589	0.935	0.968
12	2	52	0.296	0.609	36.2	3.048	0.194	0.323
12	2	49	0.0	0.0	nan	nan	0.0	0.0
12	2	46	0.0	0.0	nan	nan	0.0	0.0
12	2	43	0.0	0.0	nan	nan	0.0	0.0
12	2	40	0.0	0.0	nan	nan	0.0	0.0
12	2	37	0.0	0.0	nan	nan	0.0	0.0
12	2	34	0.0	0.0	nan	nan	0.0	0.0
12	2	31	0.0	0.0	nan	nan	0.0	0.0
12	2	28	0.0	0.0	nan	nan	0.0	0.0
13	2	100	4.871	0.341	15.484	0.626	1.0	1.0
13	2	97	4.774	0.425	15.742	0.514	1.0	1.0
13	2	94	4.516	0.508	16.161	0.454	1.0	1.0
13	2	91	4.129	0.341	16.613	0.495	1.0	1.0
13	2	88	3.968	0.18	17.097	0.79	1.0	1.0
13	2	85	3.839	0.374	17.516	0.677	1.0	1.0
13	2	82	3.452	0.624	18.097	0.7	1.0	1.0
13	2	79	2.677	0.653	18.968	1.048	1.0	1.0
13	2	76	2.29	0.529	19.742	0.855	1.0	1.0
13	2	73	2.032	0.18	20.935	1.181	1.0	1.0
13	2	70	1.968	0.18	22.258	1.237	1.0	1.0
13	2	67	1.903	0.301	24.194	1.621	1.0	1.0
13	2	64	1.452	0.568	26.433	4.066	0.968	0.968
13	2	61	1.2	0.664	27.889	3.215	0.839	0.871
13	2	58	0.233	0.568	30.0	4.05	0.161	0.194
13	2	55	0.0	0.0	nan	nan	0.0	0.0
13	2	52	0.0	0.0	nan	nan	0.0	0.0
13	2	49	0.0	0.0	nan	nan	0.0	0.0
13	2	46	0.0	0.0	nan	nan	0.0	0.0
13	2	43	0.0	0.0	nan	nan	0.0	0.0
13	2	40	0.0	0.0	nan	nan	0.0	0.0
13	2	37	0.0	0.0	nan	nan	0.0	0.0
13	2	34	0.0	0.0	nan	nan	0.0	0.0
13	2	31	0.0	0.0	nan	nan	0.0	0.0
13	2	28	0.0	0.0	nan	nan	0.0	0.0
14	2	100	3.0	0.0	15.645	0.608	1.0	1.0
14	2	97	3.0	0.0	15.935	0.512	1.0	1.0
14	2	94	3.0	0.0	16.226	0.425	1.0	1.0
14	2	91	3.0	0.0	16.677	0.599	1.0	1.0
14	2	88	2.871	0.341	17.226	0.617	1.0	1.0
14	2	85	2.516	0.677	17.839	1.036	1.0	1.0
14	2	82	1.71	0.693	18.419	0.72	1.0	1.0
14	2	79	1.194	0.402	19.129	0.846	1.0	1.0
14	2	76	1.065	0.25	20.065	0.964	1.0	1.0
14	2	73	1.0	0.0	21.548	1.387	1.0	1.0
14	2	70	0.968	0.18	23.133	1.776	0.968	0.968
14	2	67	0.621	0.494	25.1	1.889	0.581	0.645
14	2	64	0.1	0.305	25.5	1.0	0.097	0.129
14	2	61	0.0	0.0	nan	nan	0.0	0.0
14	2	58	0.0	0.0	nan	nan	0.0	0.0
14	2	55	0.0	0.0	nan	nan	0.0	0.0
14	2	52	0.0	0.0	nan	nan	0.0	0.0
14	2	49	0.0	0.0	nan	nan	0.0	0.0
14	2	46	0.0	0.0	nan	nan	0.0	0.0
14	2	43	0.0	0.0	nan	nan	0.0	0.0
14	2	40	0.0	0.0	nan	nan	0.0	0.0
14	2	37	0.0	0.0	nan	nan	0.0	0.0
14	2	34	0.0	0.0	nan	nan	0.0	0.0
14	2	31	0.0	0.0	nan	nan	0.0	0.0
14	2	28	0.0	0.0	nan	nan	0.0	0.0
15	2	100	5.0	0.0	14.742	0.514	1.0	1.0
15	2	97	4.968	0.18	14.774	0.56	1.0	1.0
15	2	94	4.968	0.18	15.194	0.402	1.0	1.0
15	2	91	4.742	0.445	15.548	0.506	1.0	1.0
15	2	88	4.129	0.341	16.161	0.454	1.0	1.0
15	2	85	4.065	0.25	16.484	0.57	1.0	1.0
15	2	82	4.032	0.18	16.968	0.605	1.0	1.0
15	2	79	3.903	0.301	17.387	0.558	1.0	1.0
15	2	76	3.645	0.486	18.032	0.706	1.0	1.0
15	2	73	3.097	0.539	18.903	0.79	1.0	1.0
15	2	70	2.71	0.461	19.968	1.14	1.0	1.0
15	2	67	2.323	0.475	21.323	1.326	1.0	1.0
15	2	64	2.065	0.25	22.355	1.199	1.0	1.0
15	2	61	2.0	0.0	24.0	1.461	1.0	1.0
15	2	58	2.0	0.258	27.29	2.532	1.0	1.0
15	2	55	1.742	0.514	30.767	3.081	0.968	0.968
15	2	52	0.714	0.81	34.471	4.332	0.452	0.548
15	2	49	0.0	0.0	nan	nan	0.0	0.0
15	2	46	0.0	0.0	nan	nan	0.0	0.0
15	2	43	0.0	0.0	nan	nan	0.0	0.0
15	2	40	0.0	0.0	nan	nan	0.0	0.0
15	2	37	0.0	0.0	nan	nan	0.0	0.0
15	2	34	0.0	0.0	nan	nan	0.0	0.0
15	2	31	0.0	0.0	nan	nan	0.0	0.0
15	2	28	0.0	0.0	nan	nan	0.0	0.0
16	2	100	5.097	0.301	14.581	0.564	1.0	1.0
16	2	97	5.0	0.0	14.806	0.543	1.0	1.0
16	2	94	5.0	0.0	15.258	0.575	1.0	1.0
16	2	91	5.0	0.0	15.581	0.672	1.0	1.0
16	2	88	4.903	0.301	15.871	0.341	1.0	1.0
16	2	85	4.613	0.495	16.258	0.893	1.0	1.0
16	2	82	4.161	0.374	16.806	0.402	1.0	1.0
16	2	79	4.0	0.258	17.032	0.657	1.0	1.0
16	2	76	3.903	0.301	17.419	0.923	1.0	1.0
16	2	73	3.29	0.529	18.613	0.803	1.0	1.0
16	2	70	3.065	0.25	19.323	0.979	1.0	1.0
16	2	67	2.774	0.425	20.355	0.877	1.0	1.0
16	2	64	2.516	0.508	21.516	0.89	1.0	1.0
16	2	61	2.065	0.25	22.774	1.586	1.0	1.0
16	2	58	2.0	0.0	25.129	1.688	1.0	1.0
16	2	55	1.677	0.541	30.067	4.668	0.968	0.968
16	2	52	0.968	0.875	34.105	5.435	0.613	0.613
16	2	49	0.097	0.396	38.0	11.314	0.065	0.065
16	2	46	0.0	0.0	nan	nan	0.0	0.0
16	2	43	0.0	0.0	nan	nan	0.0	0.0
16	2	40	0.0	0.0	nan	nan	0.0	0.0
16	2	37	0.0	0.0	nan	nan	0.0	0.0
16	2	34	0.0	0.0	nan	nan	0.0	0.0
16	2	31	0.0	0.0	nan	nan	0.0	0.0
16	2	28	0.0	0.0	nan	nan	0.0	0.0
17	2	100	4.742	0.445	15.0	0.365	1.0	1.0
17	2	97	4.226	0.425	15.452	0.624	1.0	1.0
17	2	94	4.129	0.341	15.677	0.541	1.0	1.0
17	2	91	4.0	0.0	16.032	0.407	1.0	1.0
17	2	88	4.0	0.0	16.258	0.514	1.0	1.0
17	2	85	4.0	0.0	17.065	0.442	1.0	1.0
17	2	82	3.903	0.301	17.484	0.626	1.0	1.0
17	2	79	3.387	0.667	18.226	0.56	1.0	1.0
17	2	76	2.71	0.588	19.29	0.783	1.0	1.0
17	2	73	2.258	0.445	19.839	0.735	1.0	1.0
17	2	70	2.065	0.25	21.387	1.383	1.0	1.0
17	2	67	2.0	0.0	22.871	1.565	1.0	1.0
17	2	64	1.967	0.183	25.581	2.321	0.968	1.0
17	2	61	1.867	0.346	29.065	4.374	0.968	1.0
17	2	58	1.138	0.915	31.524	3.669	0.613	0.677
17	2	55	0.0	0.0	nan	nan	0.0	0.0
17	2	52	0.0	0.0	nan	nan	0.0	0.0
17	2	49	0.0	0.0	nan	nan	0.0	0.0
17	2	46	0.0	0.0	nan	nan	0.0	0.0
17	2	43	0.0	0.0	nan	nan	0.0	0.0
17	2	40	0.0	0.0	nan	nan	0.0	0.0
17	2	37	0.0	0.0	nan	nan	0.0	0.0
17	2	34	0.0	0.0	nan	nan	0.0	0.0
17	2	31	0.0	0.0	nan	nan	0.0	0.0
17	2	28	0.0	0.0	nan	nan	0.0	0.0
18	2	100	4.0	0.0	15.161	0.523	1.0	1.0
18	2	97	4.0	0.0	15.613	0.558	1.0	1.0
18	2	94	4.0	0.0	15.839	0.82	1.0	1.0
18	2	91	3.935	0.25	16.581	0.502	1.0	1.0
18	2	88	3.677	0.475	17.0	0.577	1.0	1.0
18	2	85	3.097	0.651	17.645	0.877	1.0	1.0
18	2	82	2.419	0.502	18.484	0.626	1.0	1.0
18	2	79	2.097	0.301	19.065	0.998	1.0	1.0
18	2	76	2.0	0.0	19.903	1.076	1.0	1.0
18	2	73	1.935	0.25	21.645	1.561	1.0	1.0
18	2	70	1.742	0.445	22.839	1.369	1.0	1.0
18	2	67	1.387	0.495	24.935	1.879	1.0	1.0
18	2	64	1.2	0.407	27.419	2.873	0.968	1.0
18	2	61	0.571	0.504	31.263	3.106	0.516	0.613
18	2	58	0.032	0.18	30.0	0.0	0.032	0.032
18	2	55	0.0	0.0	nan	nan	0.0	0.0
18	2	52	0.0	0.0	nan	nan	0.0	0.0
18	2	49	0.0	0.0	nan	nan	0.0	0.0
18	2	46	0.0	0.0	nan	nan	0.0	0.0
18	2	43	0.0	0.0	nan	nan	0.0	0.0
18	2	40	0.0	0.0	nan	nan	0.0	0.0
18	2	37	0.0	0.0	nan	nan	0.0	0.0
18	2	34	0.0	0.0	nan	nan	0.0	0.0
18	2	31	0.0	0.0	nan	nan	0.0	0.0
18	2	28	0.0	0.0	nan	nan	0.0	0.0
19	2	100	4.355	0.486	16.161	0.523	1.0	1.0
19	2	97	4.065	0.25	16.516	0.769	1.0	1.0
19	2	94	4.065	0.25	16.968	0.605	1.0	1.0
19	2	91	3.968	0.18	17.484	0.508	1.0	1.0
19	2	88	3.645	0.486	18.032	0.752	1.0	1.0
19	2	85	3.129	0.428	18.871	1.056	1.0	1.0
19	2	82	2.774	0.617	19.581	0.848	1.0	1.0
19	2	79	2.258	0.445	21.032	1.643	1.0	1.0
19	2	76	2.129	0.341	21.71	1.189	1.0	1.0
19	2	73	2.0	0.0	23.548	1.028	1.0	1.0
19	2	70	2.0	0.0	25.355	1.561	1.0	1.0
19	2	67	1.968	0.18	27.29	2.254	1.0	1.0
19	2	64	1.586	0.682	32.25	4.097	0.839	0.903
19	2	61	0.333	0.606	35.667	5.657	0.258	0.29
19	2	58	0.0	0.0	nan	nan	0.0	0.0
19	2	55	0.0	0.0	nan	nan	0.0	0.0
19	2	52	0.0	0.0	nan	nan	0.0	0.0
19	2	49	0.0	0.0	nan	nan	0.0	0.0
19	2	46	0.0	0.0	nan	nan	0.0	0.0
19	2	43	0.0	0.0	nan	nan	0.0	0.0
19	2	40	0.0	0.0	nan	nan	0.0	0.0
19	2	37	0.0	0.0	nan	nan	0.0	0.0
19	2	34	0.0	0.0	nan	nan	0.0	0.0
19	2	31	0.0	0.0	nan	nan	0.0	0.0
19	2	28	0.0	0.0	nan	nan	0.0	0.0
20	2	100	4.0	0.0	15.71	0.588	1.0	1.0
20	2	97	3.839	0.374	16.097	0.539	1.0	1.0
20	2	94	3.71	0.461	16.548	0.506	1.0	1.0
20	2	91	3.323	0.475	17.0	0.632	1.0	1.0
20	2	88	2.935	0.512	17.645	0.709	1.0	1.0
20	2	85	2.677	0.541	18.129	0.67	1.0	1.0
20	2	82	2.226	0.425	18.839	0.688	1.0	1.0
20	2	79	2.0	0.0	19.903	1.012	1.0	1.0
20	2	76	2.0	0.0	21.032	1.278	1.0	1.0
20	2	73	1.839	0.374	22.548	0.995	1.0	1.0
20	2	70	1.581	0.502	23.516	1.749	1.0	1.0
20	2	67	1.194	0.477	26.233	2.373	0.968	0.968
20	2	64	0.815	0.557	29.833	3.559	0.645	0.774
20	2	61	0.286	0.46	32.0	4.858	0.258	0.355
20	2	58	0.0	0.0	nan	nan	0.0	0.0
20	2	55	0.0	0.0	nan	nan	0.0	0.0
20	2	52	0.0	0.0	nan	nan	0.0	0.0
20	2	49	0.0	0.0	nan	nan	0.0	0.0
20	2	46	0.0	0.0	nan	nan	0.0	0.0
20	2	43	0.0	0.0	nan	nan	0.0	0.0
20	2	40	0.0	0.0	nan	nan	0.0	0.0
20	2	37	0.0	0.0	nan	nan	0.0	0.0
20	2	34	0.0	0.0	nan	nan	0.0	0.0
20	2	31	0.0	0.0	nan	nan	0.0	0.0
20	2	28	0.0	0.0	nan	nan	0.0	0.0
21	2	100	4.516	0.508	15.935	0.442	1.0	1.0
21	2	97	4.226	0.425	16.161	0.374	1.0	1.0
21	2	94	4.032	0.18	16.581	0.564	1.0	1.0
21	2	91	4.0	0.0	17.0	0.577	1.0	1.0
21	2	88	3.935	0.25	17.323	0.541	1.0	1.0
21	2	85	3.419	0.672	17.806	0.543	1.0	1.0
21	2	82	2.806	0.792	18.452	0.768	1.0	1.0
21	2	79	2.161	0.374	19.613	0.715	1.0	1.0
21	2	76	2.065	0.25	20.226	1.23	1.0	1.0
21	2	73	1.968	0.18	21.097	1.248	1.0	1.0
21	2	70	1.968	0.18	22.387	1.476	1.0	1.0
21	2	67	1.774	0.425	24.0	1.713	1.0	1.0
21	2	64	1.167	0.379	25.903	2.119	0.968	1.0
21	2	61	0.613	0.558	28.333	2.722	0.581	0.581
21	2	58	0.032	0.18	33.0	0.0	0.032	0.032
21	2	55	0.0	0.0	nan	nan	0.0	0.0
21	2	52	0.0	0.0	nan	nan	0.0	0.0
21	2	49	0.0	0.0	nan	nan	0.0	0.0
21	2	46	0.0	0.0	nan	nan	0.0	0.0
21	2	43	0.0	0.0	nan	nan	0.0	0.0
21	2	40	0.0	0.0	nan	nan	0.0	0.0
21	2	37	0.0	0.0	nan	nan	0.0	0.0
21	2	34	0.0	0.0	nan	nan	0.0	0.0
21	2	31	0.0	0.0	nan	nan	0.0	0.0
21	2	28	0.0	0.0	nan	nan	0.0	0.0
22	2	100	4.0	0.0	14.71	0.529	1.0	1.0
22	2	97	4.0	0.0	15.097	0.473	1.0	1.0
22	2	94	3.968	0.18	15.387	0.495	1.0	1.0
22	2	91	3.774	0.425	15.677	0.599	1.0	1.0
22	2	88	3.484	0.508	15.968	0.706	1.0	1.0
22	2	85	3.29	0.461	16.452	0.568	1.0	1.0
22	2	82	3.0	0.258	17.0	0.632	1.0	1.0
22	2	79	2.806	0.402	17.581	0.72	1.0	1.0
22	2	76	2.645	0.551	17.968	0.912	1.0	1.0
22	2	73	2.129	0.341	19.161	0.735	1.0	1.0
22	2	70	1.903	0.301	19.71	0.643	1.0	1.0
22	2	67	1.581	0.502	21.161	1.369	1.0	1.0
22	2	64	1.194	0.402	23.161	1.463	1.0	1.0
22	2	61	1.161	0.374	24.581	1.587	1.0	1.0
22	2	58	0.828	0.384	28.192	3.51	0.774	0.839
22	2	55	0.067	0.254	31.333	4.619	0.065	0.097
22	2	52	0.0	0.0	nan	nan	0.0	0.0
22	2	49	0.0	0.0	nan	nan	0.0	0.0
22	2	46	0.0	0.0	nan	nan	0.0	0.0
22	2	43	0.0	0.0	nan	nan	0.0	0.0
22	2	40	0.0	0.0	nan	nan	0.0	0.0
22	2	37	0.0	0.0	nan	nan	0.0	0.0
22	2	34	0.0	0.0	nan	nan	0.0	0.0
22	2	31	0.0	0.0	nan	nan	0.0	0.0
22	2	28	0.0	0.0	nan	nan	0.0	0.0
23	2	100	4.968	0.18	15.29	0.643	1.0	1.0
23	2	97	5.032	0.18	15.516	0.57	1.0	1.0
23	2	94	4.645	0.486	15.935	0.574	1.0	1.0
23	2	91	4.419	0.502	16.226	0.497	1.0	1.0
23	2	88	4.065	0.359	16.839	0.82	1.0	1.0
23	2	85	4.065	0.25	17.194	0.703	1.0	1.0
23	2	82	3.742	0.445	17.613	0.715	1.0	1.0
23	2	79	3.194	0.543	18.613	1.054	1.0	1.0
23	2	76	2.774	0.669	18.742	0.682	1.0	1.0
23	2	73	2.161	0.374	20.0	1.155	1.0	1.0
23	2	70	2.065	0.359	21.645	1.518	1.0	1.0
23	2	67	1.903	0.301	22.806	2.442	1.0	1.0
23	2	64	1.581	0.502	24.129	1.607	1.0	1.0
23	2	61	1.433	0.679	27.25	3.417	0.871	0.903
23	2	58	0.586	0.628	29.882	4.91	0.484	0.548
23	2	55	0.097	0.396	31.0	2.828	0.065	0.065
23	2	52	0.0	0.0	nan	nan	0.0	0.0
23	2	49	0.0	0.0	nan	nan	0.0	0.0
23	2	46	0.0	0.0	nan	nan	0.0	0.0
23	2	43	0.0	0.0	nan	nan	0.0	0.0
23	2	40	0.0	0.0	nan	nan	0.0	0.0
23	2	37	0.0	0.0	nan	nan	0.0	0.0
23	2	34	0.0	0.0	nan	nan	0.0	0.0
23	2	31	0.0	0.0	nan	nan	0.0	0.0
23	2	28	0.0	0.0	nan	nan	0.0	0.0
24	2	100	4.0	0.0	15.0	0.683	1.0	1.0
24	2	97	4.0	0.0	15.065	0.359	1.0	1.0
24	2	94	3.903	0.396	15.484	0.508	1.0	1.0
24	2	91	3.516	0.508	15.742	0.514	1.0	1.0
24	2	88	3.387	0.495	16.194	0.601	1.0	1.0
24	2	85	3.129	0.341	16.484	0.57	1.0	1.0
24	2	82	2.935	0.359	17.194	0.703	1.0	1.0
24	2	79	2.903	0.539	17.613	0.844	1.0	1.0
24	2	76	2.581	0.502	18.226	0.762	1.0	1.0
24	2	73	2.226	0.497	18.71	1.006	1.0	1.0
24	2	70	1.839	0.374	19.806	0.792	1.0	1.0
24	2	67	1.452	0.506	21.323	2.6	1.0	1.0
24	2	64	1.194	0.402	22.29	1.419	1.0	1.0
24	2	61	1.065	0.25	23.71	1.442	1.0	1.0
24	2	58	0.871	0.341	26.556	3.215	0.871	0.871
24	2	55	0.033	0.183	31.0	5.657	0.032	0.065
24	2	52	0.0	0.0	nan	nan	0.0	0.0
24	2	49	0.0	0.0	nan	nan	0.0	0.0
24	2	46	0.0	0.0	nan	nan	0.0	0.0
24	2	43	0.0	0.0	nan	nan	0.0	0.0
24	2	40	0.0	0.0	nan	nan	0.0	0.0
24	2	37	0.0	0.0	nan	nan	0.0	0.0
24	2	34	0.0	0.0	nan	nan	0.0	0.0
24	2	31	0.0	0.0	nan	nan	0.0	0.0
24	2	28	0.0	0.0	nan	nan	0.0	0.0
25	2	100	4.806	0.402	14.613	0.495	1.0	1.0
25	2	97	4.645	0.486	14.742	0.729	1.0	1.0
25	2	94	4.355	0.486	15.194	0.402	1.0	1.0
25	2	91	4.032	0.18	15.484	0.626	1.0	1.0
25	2	88	4.032	0.18	16.097	0.396	1.0	1.0
25	2	85	4.0	0.0	16.419	0.502	1.0	1.0
25	2	82	4.0	0.0	16.581	0.765	1.0	1.0
25	2	79	3.806	0.477	17.387	0.715	1.0	1.0
25	2	76	3.452	0.675	17.613	0.667	1.0	1.0
25	2	73	2.387	0.495	18.806	0.792	1.0	1.0
25	2	70	2.065	0.25	19.484	0.89	1.0	1.0
25	2	67	2.065	0.25	21.032	1.11	1.0	1.0
25	2	64	1.968	0.18	22.194	1.537	1.0	1.0
25	2	61	1.839	0.374	23.806	1.302	1.0	1.0
25	2	58	1.69	0.471	25.581	2.861	0.935	1.0
25	2	55	0.517	0.574	29.188	4.636	0.452	0.516
25	2	52	0.065	0.25	29.0	1.414	0.065	0.065
25	2	49	0.0	0.0	nan	nan	0.0	0.0
25	2	46	0.0	0.0	nan	nan	0.0	0.0
25	2	43	0.0	0.0	nan	nan	0.0	0.0
25	2	40	0.0	0.0	nan	nan	0.0	0.0
25	2	37	0.0	0.0	nan	nan	0.0	0.0
25	2	34	0.0	0.0	nan	nan	0.0	0.0
25	2	31	0.0	0.0	nan	nan	0.0	0.0
25	2	28	0.0	0.0	nan	nan	0.0	0.0
26	2	100	5.871	0.341	15.645	0.486	1.0	1.0
26	2	97	5.516	0.508	15.935	0.359	1.0	1.0
26	2	94	5.097	0.301	16.226	0.497	1.0	1.0
26	2	91	5.0	0.0	16.419	0.502	1.0	1.0
26	2	88	5.032	0.18	16.935	0.442	1.0	1.0
26	2	85	4.935	0.25	17.548	0.81	1.0	1.0
26	2	82	4.742	0.445	17.71	0.588	1.0	1.0
26	2	79	4.129	0.718	18.194	0.833	1.0	1.0
26	2	76	3.258	0.514	19.226	0.669	1.0	1.0
26	2	73	3.097	0.301	19.581	0.72	1.0	1.0
26	2	70	2.968	0.18	20.806	0.749	1.0	1.0
26	2	67	3.032	0.18	22.097	1.535	1.0	1.0
26	2	64	2.903	0.301	23.742	1.316	1.0	1.0
26	2	61	2.71	0.461	25.548	1.609	1.0	1.0
26	2	58	2.258	0.445	28.032	4.324	1.0	1.0
26	2	55	1.9	0.481	31.903	4.777	0.968	1.0
26	2	52	1.161	0.523	37.586	4.363	0.935	0.935
26	2	49	0.067	0.254	39.667	3.512	0.065	0.097
26	2	46	0.0	0.0	nan	nan	0.0	0.0
26	2	43	0.0	0.0	nan	nan	0.0	0.0
26	2	40	0.0	0.0	nan	nan	0.0	0.0
26	2	37	0.0	0.0	nan	nan	0.0	0.0
26	2	34	0.0	0.0	nan	nan	0.0	0.0
26	2	31	0.0	0.0	nan	nan	0.0	0.0
26	2	28	0.0	0.0	nan	nan	0.0	0.0
27	2	100	4.194	0.402	15.903	0.473	1.0	1.0
27	2	97	4.032	0.18	16.194	0.402	1.0	1.0
27	2	94	3.968	0.18	16.581	0.765	1.0	1.0
27	2	91	3.968	0.315	17.032	0.752	1.0	1.0
27	2	88	3.968	0.18	17.161	0.523	1.0	1.0
27	2	85	3.452	0.675	17.871	0.562	1.0	1.0
27	2	82	2.645	0.661	18.387	0.761	1.0	1.0
27	2	79	2.194	0.477	19.065	0.727	1.0	1.0
27	2	76	2.0	0.0	20.323	1.99	1.0	1.0
27	2	73	2.0	0.0	20.968	0.875	1.0	1.0
27	2	70	1.968	0.18	22.452	1.41	1.0	1.0
27	2	67	1.548	0.506	23.419	1.336	1.0	1.0
27	2	64	1.226	0.425	25.903	2.495	1.0	1.0
27	2	61	0.679	0.612	29.6	3.619	0.548	0.645
27	2	58	0.138	0.351	30.0	3.688	0.129	0.194
27	2	55	0.0	0.0	nan	nan	0.0	0.0
27	2	52	0.0	0.0	nan	nan	0.0	0.0
27	2	49	0.0	0.0	nan	nan	0.0	0.0
27	2	46	0.0	0.0	nan	nan	0.0	0.0
27	2	43	0.0	0.0	nan	nan	0.0	0.0
27	2	40	0.0	0.0	nan	nan	0.0	0.0
27	2	37	0.0	0.0	nan	nan	0.0	0.0
27	2	34	0.0	0.0	nan	nan	0.0	0.0
27	2	31	0.0	0.0	nan	nan	0.0	0.0
27	2	28	0.0	0.0	nan	nan	0.0	0.0
28	2	100	5.0	0.0	14.645	0.551	1.0	1.0
28	2	97	4.903	0.301	14.935	0.574	1.0	1.0
28	2	94	4.903	0.301	15.226	0.617	1.0	1.0
28	2	91	4.677	0.475	15.839	0.374	1.0	1.0
28	2	88	4.258	0.445	15.903	0.746	1.0	1.0
28	2	85	4.161	0.374	16.258	0.773	1.0	1.0
28	2	82	3.968	0.18	16.71	0.588	1.0	1.0
28	2	79	3.806	0.477	17.323	0.599	1.0	1.0
28	2	76	3.323	0.653	17.968	0.983	1.0	1.0
28	2	73	3.0	0.73	18.452	0.995	1.0	1.0
28	2	70	2.194	0.477	19.323	0.791	1.0	1.0
28	2	67	2.032	0.18	20.355	1.112	1.0	1.0
28	2	64	1.935	0.25	21.484	1.768	1.0	1.0
28	2	61	1.935	0.25	23.194	1.447	1.0	1.0
28	2	58	1.548	0.506	25.71	3.133	1.0	1.0
28	2	55	1.097	0.651	27.962	2.69	0.839	0.839
28	2	52	0.4	0.621	31.182	3.545	0.323	0.355
28	2	49	0.0	0.0	nan	nan	0.0	0.0
28	2	46	0.0	0.0	nan	nan	0.0	0.0
28	2	43	0.0	0.0	nan	nan	0.0	0.0
28	2	40	0.0	0.0	nan	nan	0.0	0.0
28	2	37	0.0	0.0	nan	nan	0.0	0.0
28	2	34	0.0	0.0	nan	nan	0.0	0.0
28	2	31	0.0	0.0	nan	nan	0.0	0.0
28	2	28	0.0	0.0	nan	nan	0.0	0.0
29	2	100	5.0	0.0	14.161	0.374	1.0	1.0
29	2	97	5.0	0.0	14.29	0.461	1.0	1.0
29	2	94	5.0	0.0	14.677	0.541	1.0	1.0
29	2	91	4.806	0.402	14.806	0.402	1.0	1.0
29	2	88	4.548	0.506	15.387	0.495	1.0	1.0
29	2	85	4.065	0.25	15.742	0.445	1.0	1.0
29	2	82	4.0	0.0	16.323	0.653	1.0	1.0
29	2	79	4.0	0.0	16.742	0.445	1.0	1.0
29	2	76	3.903	0.301	17.226	0.617	1.0	1.0
29	2	73	3.677	0.475	18.0	0.73	1.0	1.0
29	2	70	3.097	0.746	18.645	0.877	1.0	1.0
29	2	67	2.323	0.599	20.226	1.454	1.0	1.0
29	2	64	2.097	0.301	21.484	1.029	1.0	1.0
29	2	61	2.0	0.0	22.29	1.596	1.0	1.0
29	2	58	2.0	0.0	25.355	1.872	1.0	1.0
29	2	55	1.833	0.379	29.419	4.326	0.968	1.0
29	2	52	1.167	0.868	34.625	4.499	0.548	0.774
29	2	49	0.032	0.18	33.0	0.0	0.032	0.032
29	2	46	0.0	0.0	nan	nan	0.0	0.0
29	2	43	0.0	0.0	nan	nan	0.0	0.0
29	2	40	0.0	0.0	nan	nan	0.0	0.0
29	2	37	0.0	0.0	nan	nan	0.0	0.0
29	2	34	0.0	0.0	nan	nan	0.0	0.0
29	2	31	0.0	0.0	nan	nan	0.0	0.0
29	2	28	0.0	0.0	nan	nan	0.0	0.0
30	2	100	4.0	0.0	15.29	0.739	1.0	1.0
30	2	97	4.0	0.0	15.677	0.702	1.0	1.0
30	2	94	4.0	0.0	16.0	0.447	1.0	1.0
30	2	91	3.968	0.18	16.419	0.564	1.0	1.0
30	2	88	4.0	0.0	16.871	0.341	1.0	1.0
30	2	85	3.742	0.445	17.29	0.461	1.0	1.0
30	2	82	2.935	0.574	18.129	0.499	1.0	1.0
30	2	79	2.226	0.425	18.839	0.454	1.0	1.0
30	2	76	2.0	0.0	19.871	0.806	1.0	1.0
30	2	73	2.0	0.0	21.129	1.118	1.0	1.0
30	2	70	1.968	0.18	22.774	1.431	1.0	1.0
30	2	67	1.968	0.18	24.806	2.167	1.0	1.0
30	2	64	1.867	0.346	26.71	2.842	0.968	1.0
30	2	61	1.167	0.868	30.708	5.457	0.548	0.774
30	2	58	0.069	0.371	34.0	4.359	0.032	0.097
30	2	55	0.0	0.0	nan	nan	0.0	0.0
30	2	52	0.0	0.0	nan	nan	0.0	0.0
30	2	49	0.0	0.0	nan	nan	0.0	0.0
30	2	46	0.0	0.0	nan	nan	0.0	0.0
30	2	43	0.0	0.0	nan	nan	0.0	0.0
30	2	40	0.0	0.0	nan	nan	0.0	0.0
30	2	37	0.0	0.0	nan	nan	0.0	0.0
30	2	34	0.0	0.0	nan	nan	0.0	0.0
30	2	31	0.0	0.0	nan	nan	0.0	0.0
30	2	28	0.0	0.0	nan	nan	0.0	0.0
31	2	100	4.129	0.341	14.065	0.359	1.0	1.0
31	2	97	4.032	0.18	14.355	0.551	1.0	1.0
31	2	94	4.0	0.0	14.677	0.599	1.0	1.0
31	2	91	3.968	0.18	15.129	0.619	1.0	1.0
31	2	88	3.774	0.425	15.613	0.558	1.0	1.0
31	2	85	3.419	0.502	15.935	0.442	1.0	1.0
31	2	82	3.129	0.341	16.226	0.497	1.0	1.0
31	2	79	3.0	0.258	17.032	0.547	1.0	1.0
31	2	76	2.903	0.301	17.452	1.41	1.0	1.0
31	2	73	2.355	0.608	18.226	0.805	1.0	1.0
31	2	70	1.839	0.583	19.258	1.182	1.0	1.0
31	2	67	1.323	0.475	20.516	1.18	1.0	1.0
31	2	64	1.065	0.25	23.0	1.844	1.0	1.0
31	2	61	0.806	0.402	25.0	2.217	0.806	0.806
31	2	58	0.207	0.412	27.5	2.449	0.194	0.258
31	2	55	0.0	0.0	nan	nan	0.0	0.0
31	2	52	0.0	0.0	nan	nan	0.0	0.0
31	2	49	0.0	0.0	nan	nan	0.0	0.0
31	2	46	0.0	0.0	nan	nan	0.0	0.0
31	2	43	0.0	0.0	nan	nan	0.0	0.0
31	2	40	0.0	0.0	nan	nan	0.0	0.0
31	2	37	0.0	0.0	nan	nan	0.0	0.0
31	2	34	0.0	0.0	nan	nan	0.0	0.0
31	2	31	0.0	0.0	nan	nan	0.0	0.0
31	2	28	0.0	0.0	nan	nan	0.0	0.0
0	3	100	4.032	0.18	16.677	0.653	1.0	1.0
0	3	97	3.903	0.301	17.323	0.945	1.0	1.0
0	3	94	3.806	0.402	17.742	0.631	1.0	1.0
0	3	91	3.452	0.506	18.419	0.672	1.0	1.0
0	3	88	3.097	0.473	19.065	0.814	1.0	1.0
0	3	85	2.903	0.301	19.613	0.844	1.0	1.0
0	3	82	2.29	0.461	20.452	0.888	1.0	1.0
0	3	79	2.032	0.18	21.581	1.177	1.0	1.0
0	3	76	2.065	0.25	22.516	1.338	1.0	1.0
0	3	73	2.032	0.18	24.323	1.222	1.0	1.0
0	3	70	1.935	0.25	26.516	3.776	1.0	1.0
0	3	67	1.6	0.675	30.75	3.826	0.871	0.903
0	3	64	0.286	0.659	34.625	5.125	0.161	0.258
0	3	61	0.0	0.0	nan	nan	0.0	0.0
0	3	58	0.0	0.0	nan	nan	0.0	0.0
0	3	55	0.0	0.0	nan	nan	0.0	0.0
0	3	52	0.0	0.0	nan	nan	0.0	0.0
0	3	49	0.0	0.0	nan	nan	0.0	0.0
0	3	46	0.0	0.0	nan	nan	0.0	0.0
0	3	43	0.0	0.0	nan	nan	0.0	0.0
0	3	40	0.0	0.0	nan	nan	0.0	0.0
0	3	37	0.0	0.0	nan	nan	0.0	0.0
0	3	34	0.0	0.0	nan	nan	0.0	0.0
0	3	31	0.0	0.0	nan	nan	0.0	0.0
0	3	28	0.0	0.0	nan	nan	0.0	0.0
1	3	100	5.0	0.0	14.097	0.301	1.0	1.0
1	3	97	5.0	0.0	14.226	0.497	1.0	1.0
1	3	94	4.677	0.475	14.71	0.529	1.0	1.0
1	3	91	4.355	0.486	14.806	0.477	1.0	1.0
1	3	88	4.129	0.341	15.226	0.56	1.0	1.0
1	3	85	4.097	0.301	15.581	0.72	1.0	1.0
1	3	82	3.968	0.18	16.097	0.746	1.0	1.0
1	3	79	3.903	0.301	16.419	0.672	1.0	1.0
1	3	76	3.774	0.425	16.871	0.67	1.0	1.0
1	3	73	3.548	0.568	17.419	0.62	1.0	1.0
1	3	70	2.935	0.512	18.226	1.055	1.0	1.0
1	3	67	2.355	0.486	19.032	0.836	1.0	1.0
1	3	64	2.065	0.25	20.387	1.23	1.0	1.0
1	3	61	1.903	0.301	21.806	1.4	1.0	1.0
1	3	58	1.774	0.425	22.71	1.419	1.0	1.0
1	3	55	1.419	0.502	24.484	1.842	1.0	1.0
1	3	52	1.172	0.602	28.036	3.825	0.839	0.903
1	3	49	0.276	0.528	30.333	4.387	0.226	0.29
1	3	46	0.0	0.0	nan	nan	0.0	0.0
1	3	43	0.0	0.0	nan	nan	0.0	0.0
1	3	40	0.0	0.0	nan	nan	0.0	0.0
1	3	37	0.0	0.0	nan	nan	0.0	0.0
1	3	34	0.0	0.0	nan	nan	0.0	0.0
1	3	31	0.0	0.0	nan	nan	0.0	0.0
1	3	28	0.0	0.0	nan	nan	0.0	0.0
2	3	100	3.032	0.18	16.032	0.657	1.0	1.0
2	3	97	3.032	0.18	16.613	0.558	1.0	1.0
2	3	94	3.0	0.0	16.742	0.631	1.0	1.0
2	3	91	2.935	0.25	17.194	0.654	1.0	1.0
2	3	88	2.806	0.543	17.903	0.79	1.0	1.0
2	3	85	2.097	0.79	18.516	0.811	1.0	1.0
2	3	82	1.613	0.803	19.065	1.209	1.0	1.0
2	3	79	1.29	0.529	19.742	0.965	1.0	1.0
2	3	76	1.065	0.359	21.839	1.655	1.0	1.0
2	3	73	0.806	0.402	24.12	2.108	0.806	0.806
2	3	70	0.839	0.374	24.538	1.606	0.839	0.839
2	3	67	0.097	0.301	25.333	1.155	0.097	0.097
2	3	64	0.0	0.0	nan	nan	0.0	0.0
2	3	61	0.0	0.0	nan	nan	0.0	0.0
2	3	58	0.0	0.0	nan	nan	0.0	0.0
2	3	55	0.0	0.0	nan	nan	0.0	0.0
2	3	52	0.0	0.0	nan	nan	0.0	0.0
2	3	49	0.0	0.0	nan	nan	0.0	0.0
2	3	46	0.0	0.0	nan	nan	0.0	0.0
2	3	43	0.0	0.0	nan	nan	0.0	0.0
2	3	40	0.0	0.0	nan	nan	0.0	0.0
2	3	37	0.0	0.0	nan	nan	0.0	0.0
2	3	34	0.0	0.0	nan	nan	0.0	0.0
2	3	31	0.0	0.0	nan	nan	0.0	0.0
2	3	28	0.0	0.0	nan	nan	0.0	0.0
3	3	100	4.935	0.25	14.968	0.407	1.0	1.0
3	3	97	4.452	0.506	15.226	0.56	1.0	1.0
3	3	94	4.161	0.374	15.613	0.558	1.0	1.0
3	3	91	4.129	0.341	15.903	0.396	1.0	1.0
3	3	88	4.0	0.0	16.226	0.617	1.0	1.0
3	3	85	3.968	0.18	16.871	0.619	1.0	1.0
3	3	82	3.774	0.425	17.323	0.599	1.0	1.0
3	3	79	3.645	0.486	17.742	0.631	1.0	1.0
3	3	76	2.613	0.715	18.419	1.057	1.0	1.0
3	3	73	2.129	0.341	19.29	0.973	1.0	1.0
3	3	70	2.0	0.258	20.419	1.259	1.0	1.0
3	3	67	2.0	0.0	21.742	2.175	1.0	1.0
3	3	64	1.871	0.428	22.968	1.643	1.0	1.0
3	3	61	1.226	0.56	25.207	2.808	0.935	0.935
3	3	58	0.613	0.715	27.0	4.276	0.484	0.484
3	3	55	0.065	0.25	26.0	2.828	0.065	0.065
3	3	52	0.0	0.0	nan	nan	0.0	0.0
3	3	49	0.0	0.0	nan	nan	0.0	0.0
3	3	46	0.0	0.0	nan	nan	0.0	0.0
3	3	43	0.0	0.0	nan	nan	0.0	0.0
3	3	40	0.0	0.0	nan	nan	0.0	0.0
3	3	37	0.0	0.0	nan	nan	0.0	0.0
3	3	34	0.0	0.0	nan	nan	0.0	0.0
3	3	31	0.0	0.0	nan	nan	0.0	0.0
3	3	28	0.0	0.0	nan	nan	0.0	0.0
4	3	100	4.0	0.0	14.226	0.425	1.0	1.0
4	3	97	4.032	0.18	14.581	0.564	1.0	1.0
4	3	94	4.0	0.0	14.774	0.425	1.0	1.0
4	3	91	3.903	0.301	15.097	0.396	1.0	1.0
4	3	88	3.806	0.402	15.581	0.564	1.0	1.0
4	3	85	3.581	0.502	16.129	0.562	1.0	1.0
4	3	82	3.226	0.497	16.548	0.85	1.0	1.0
4	3	79	3.0	0.258	17.065	0.574	1.0	1.0
4	3	76	2.806	0.402	17.581	0.807	1.0	1.0
4	3	73	2.484	0.508	18.452	0.961	1.0	1.0
4	3	70	2.194	0.477	19.194	1.537	1.0	1.0
4	3	67	1.839	0.454	20.258	1.612	1.0	1.0
4	3	64	1.548	0.506	22.0	1.291	1.0	1.0
4	3	61	1.194	0.477	22.967	1.217	0.968	0.968
4	3	58	0.968	0.407	25.393	1.912	0.903	0.903
4	3	55	0.161	0.374	27.8	2.95	0.161	0.161
4	3	52	0.032	0.18	34.0	0.0	0.032	0.032
4	3	49	0.0	0.0	nan	nan	0.0	0.0
4	3	46	0.0	0.0	nan	nan	0.0	0.0
4	3	43	0.0	0.0	nan	nan	0.0	0.0
4	3	40	0.0	0.0	nan	nan	0.0	0.0
4	3	37	0.0	0.0	nan	nan	0.0	0.0
4	3	34	0.0	0.0	nan	nan	0.0	0.0
4	3	31	0.0	0.0	nan	nan	0.0	0.0
4	3	28	0.0	0.0	nan	nan	0.0	0.0
5	3	100	3.0	0.0	15.806	0.543	1.0	1.0
5	3	97	2.968	0.18	16.194	0.654	1.0	1.0
5	3	94	2.742	0.445	16.645	0.608	1.0	1.0
5	3	91	2.484	0.508	17.129	0.499	1.0	1.0
5	3	88	2.129	0.499	17.452	0.723	1.0	1.0
5	3	85	1.742	0.514	18.0	0.447	1.0	1.0
5	3	82	1.258	0.445	18.774	0.92	1.0	1.0
5	3	79	1.032	0.18	19.774	1.146	1.0	1.0
5	3	76	1.0	0.0	21.0	1.438	1.0	1.0
5	3	73	1.032	0.18	22.194	1.4	1.0	1.0
5	3	70	0.862	0.351	24.407	1.575	0.806	0.871
5	3	67	0.138	0.351	26.333	1.751	0.129	0.194
5	3	64	0.0	0.0	nan	nan	0.0	0.0
5	3	61	0.0	0.0	nan	nan	0.0	0.0
5	3	58	0.0	0.0	nan	nan	0.0	0.0
5	3	55	0.0	0.0	nan	nan	0.0	0.0
5	3	52	0.0	0.0	nan	nan	0.0	0.0
5	3	49	0.0	0.0	nan	nan	0.0	0.0
5	3	46	0.0	0.0	nan	nan	0.0	0.0
5	3	43	0.0	0.0	nan	nan	0.0	0.0
5	3	40	0.0	0.0	nan	nan	0.0	0.0
5	3	37	0.0	0.0	nan	nan	0.0	0.0
5	3	34	0.0	0.0	nan	nan	0.0	0.0
5	3	31	0.0	0.0	nan	nan	0.0	0.0
5	3	28	0.0	0.0	nan	nan	0.0	0.0
6	3	100	5.161	0.374	14.968	0.407	1.0	1.0
6	3	97	5.065	0.25	15.516	0.508	1.0	1.0
6	3	94	4.968	0.18	15.677	0.541	1.0	1.0
6	3	91	4.935	0.25	16.194	0.873	1.0	1.0
6	3	88	4.839	0.374	16.355	0.798	1.0	1.0
6	3	85	4.516	0.57	17.194	0.833	1.0	1.0
6	3	82	4.097	0.597	17.419	0.848	1.0	1.0
6	3	79	3.871	0.499	17.613	0.844	1.0	1.0
6	3	76	3.29	0.461	18.484	0.769	1.0	1.0
6	3	73	3.161	0.374	19.0	0.894	1.0	1.0
6	3	70	2.935	0.359	20.387	0.919	1.0	1.0
6	3	67	2.645	0.486	21.742	1.21	1.0	1.0
6	3	64	2.161	0.374	22.903	1.274	1.0	1.0
6	3	61	2.097	0.301	24.452	1.767	1.0	1.0
6	3	58	1.968	0.18	27.355	3.292	1.0	1.0
6	3	55	1.69	0.541	32.467	4.408	0.903	0.968
6	3	52	0.867	0.9	32.824	3.283	0.516	0.548
6	3	49	0.032	0.18	28.0	0.0	0.032	0.032
6	3	46	0.0	0.0	nan	nan	0.0	0.0
6	3	43	0.0	0.0	nan	nan	0.0	0.0
6	3	40	0.0	0.0	nan	nan	0.0	0.0
6	3	37	0.0	0.0	nan	nan	0.0	0.0
6	3	34	0.0	0.0	nan	nan	0.0	0.0
6	3	31	0.0	0.0	nan	nan	0.0	0.0
6	3	28	0.0	0.0	nan	nan	0.0	0.0
7	3	100	4.968	0.315	14.806	0.402	1.0	1.0
7	3	97	4.871	0.341	15.194	0.477	1.0	1.0
7	3	94	4.742	0.445	15.29	0.529	1.0	1.0
7	3	91	4.29	0.461	15.871	0.67	1.0	1.0
7	3	88	4.129	0.341	16.194	0.601	1.0	1.0
7	3	85	4.097	0.301	16.613	0.615	1.0	1.0
7	3	82	3.903	0.301	16.968	0.912	1.0	1.0
7	3	79	3.742	0.514	17.71	0.588	1.0	1.0
7	3	76	3.29	0.588	18.355	0.877	1.0	1.0
7	3	73	2.613	0.667	19.194	1.078	1.0	1.0
7	3	70	2.226	0.425	20.194	1.014	1.0	1.0
7	3	67	2.0	0.0	21.226	1.087	1.0	1.0
7	3	64	2.0	0.0	23.097	1.557	1.0	1.0
7	3	61	1.71	0.461	25.452	2.618	1.0	1.0
7	3	58	1.419	0.62	26.931	2.434	0.935	0.935
7	3	55	0.31	0.604	31.111	3.516	0.226	0.29
7	3	52	0.032	0.18	33.0	0.0	0.032	0.032
7	3	49	0.0	0.0	nan	nan	0.0	0.0
7	3	46	0.0	0.0	nan	nan	0.0	0.0
7	3	43	0.0	0.0	nan	nan	0.0	0.0
7	3	40	0.0	0.0	nan	nan	0.0	0.0
7	3	37	0.0	0.0	nan	nan	0.0	0.0
7	3	34	0.0	0.0	nan	nan	0.0	0.0
7	3	31	0.0	0.0	nan	nan	0.0	0.0
7	3	28	0.0	0.0	nan	nan	0.0	0.0
8	3	100	4.194	0.402	16.065	0.442	1.0	1.0
8	3	97	4.0	0.258	16.419	0.72	1.0	1.0
8	3	94	4.0	0.0	16.839	0.583	1.0	1.0
8	3	91	3.968	0.18	17.194	0.402	1.0	1.0
8	3	88	3.548	0.568	17.968	0.912	1.0	1.0
8	3	85	3.194	0.654	18.161	0.735	1.0	1.0
8	3	82	2.419	0.564	19.258	1.316	1.0	1.0
8	3	79	2.226	0.425	20.032	0.875	1.0	1.0
8	3	76	2.065	0.25	20.968	0.983	1.0	1.0
8	3	73	2.0	0.0	22.129	1.024	1.0	1.0
8	3	70	1.903	0.301	24.161	1.319	1.0	1.0
8	3	67	1.452	0.506	25.226	1.944	1.0	1.0
8	3	64	1.103	0.557	28.464	3.636	0.839	0.903
8	3	61	0.226	0.425	29.714	2.289	0.226	0.226
8	3	58	0.0	0.0	nan	nan	0.0	0.0
8	3	55	0.0	0.0	nan	nan	0.0	0.0
8	3	52	0.0	0.0	nan	nan	0.0	0.0
8	3	49	0.0	0.0	nan	nan	0.0	0.0
8	3	46	0.0	0.0	nan	nan	0.0	0.0
8	3	43	0.0	0.0	nan	nan	0.0	0.0
8	3	40	0.0	0.0	nan	nan	0.0	0.0
8	3	37	0.0	0.0	nan	nan	0.0	0.0
8	3	34	0.0	0.0	nan	nan	0.0	0.0
8	3	31	0.0	0.0	nan	nan	0.0	0.0
8	3	28	0.0	0.0	nan	nan	0.0	0.0
9	3	100	7.097	0.301	13.774	0.425	1.0	1.0
9	3	97	6.968	0.18	14.032	0.482	1.0	1.0
9	3	94	7.0	0.258	14.226	0.425	1.0	1.0
9	3	91	6.581	0.502	14.323	0.541	1.0	1.0
9	3	88	6.097	0.301	14.871	0.499	1.0	1.0
9	3	85	6.0	0.0	15.0	0.365	1.0	1.0
9	3	82	5.968	0.18	15.452	0.568	1.0	1.0
9	3	79	5.903	0.301	15.839	0.523	1.0	1.0
9	3	76	5.548	0.506	16.032	0.407	1.0	1.0
9	3	73	5.194	0.402	16.613	0.558	1.0	1.0
9	3	70	5.032	0.315	17.032	0.706	1.0	1.0
9	3	67	4.839	0.374	18.0	0.966	1.0	1.0
9	3	64	4.226	0.497	18.581	0.72	1.0	1.0
9	3	61	3.548	0.568	19.677	1.492	1.0	1.0
9	3	58	3.258	0.445	21.097	1.3	1.0	1.0
9	3	55	3.0	0.0	22.548	1.261	1.0	1.0
9	3	52	3.032	0.315	24.387	1.453	1.0	1.0
9	3	49	2.806	0.402	26.903	2.441	1.0	1.0
9	3	46	2.129	0.846	31.3	4.97	0.968	0.968
9	3	43	1.367	0.928	38.154	4.305	0.806	0.839
9	3	40	0.0	0.0	nan	nan	0.0	0.0
9	3	37	0.0	0.0	nan	nan	0.0	0.0
9	3	34	0.0	0.0	nan	nan	0.0	0.0
9	3	31	0.0	0.0	nan	nan	0.0	0.0
9	3	28	0.0	0.0	nan	nan	0.0	0.0
10	3	100	6.0	0.0	14.097	0.301	1.0	1.0
10	3	97	5.968	0.18	14.419	0.502	1.0	1.0
10	3	94	5.839	0.374	14.806	0.543	1.0	1.0
10	3	91	5.677	0.475	14.968	0.482	1.0	1.0
10	3	88	5.29	0.461	15.226	0.56	1.0	1.0
10	3	85	5.0	0.0	15.71	0.529	1.0	1.0
10	3	82	5.0	0.0	15.871	0.428	1.0	1.0
10	3	79	4.968	0.18	16.839	0.583	1.0	1.0
10	3	76	4.742	0.445	17.032	0.605	1.0	1.0
10	3	73	4.419	0.62	17.806	0.543	1.0	1.0
10	3	70	3.419	0.564	18.613	1.145	1.0	1.0
10	3	67	3.065	0.25	19.581	0.886	1.0	1.0
10	3	64	3.0	0.258	20.645	1.404	1.0	1.0
10	3	61	2.774	0.425	22.032	1.472	1.0	1.0
10	3	58	2.355	0.486	23.484	1.092	1.0	1.0
10	3	55	2.355	0.486	25.129	1.432	1.0	1.0
10	3	52	2.0	0.258	28.548	2.919	1.0	1.0
10	3	49	1.516	0.57	32.9	4.334	0.968	0.968
10	3	46	0.767	0.679	37.3	3.373	0.613	0.645
10	3	43	0.0	0.0	nan	nan	0.0	0.0
10	3	40	0.0	0.0	nan	nan	0.0	0.0
10	3	37	0.0	0.0	nan	nan	0.0	0.0
10	3	34	0.0	0.0	nan	nan	0.0	0.0
10	3	31	0.0	0.0	nan	nan	0.0	0.0
10	3	28	0.0	0.0	nan	nan	0.0	0.0
11	3	100	5.774	0.425	14.935	0.359	1.0	1.0
11	3	97	5.581	0.502	15.097	0.396	1.0	1.0
11	3	94	5.129	0.341	15.581	0.502	1.0	1.0
11	3	91	5.065	0.25	15.935	0.512	1.0	1.0
11	3	88	5.0	0.0	16.323	0.541	1.0	1.0
11	3	85	4.903	0.301	16.548	0.675	1.0	1.0
11	3	82	4.839	0.454	17.323	0.599	1.0	1.0
11	3	79	4.097	0.746	17.839	0.735	1.0	1.0
11	3	76	3.419	0.62	18.613	0.919	1.0	1.0
11	3	73	3.065	0.359	19.516	0.926	1.0	1.0
11	3	70	3.032	0.18	20.903	1.044	1.0	1.0
11	3	67	2.903	0.301	22.065	1.632	1.0	1.0
11	3	64	2.581	0.502	23.129	1.408	1.0	1.0
11	3	61	2.29	0.461	24.677	1.62	1.0	1.0
11	3	58	2.0	0.0	27.032	2.316	1.0	1.0
11	3	55	1.867	0.346	30.161	3.625	0.968	1.0
11	3	52	0.852	0.818	36.0	4.329	0.516	0.645
11	3	49	0.0	0.0	nan	nan	0.0	0.0
11	3	46	0.0	0.0	nan	nan	0.0	0.0
11	3	43	0.0	0.0	nan	nan	0.0	0.0
11	3	40	0.0	0.0	nan	nan	0.0	0.0
11	3	37	0.0	0.0	nan	nan	0.0	0.0
11	3	34	0.0	0.0	nan	nan	0.0	0.0
11	3	31	0.0	0.0	nan	nan	0.0	0.0
11	3	28	0.0	0.0	nan	nan	0.0	0.0
12	3	100	3.903	0.301	17.29	0.588	1.0	1.0
12	3	97	3.258	0.815	17.935	0.629	1.0	1.0
12	3	94	2.613	0.761	18.581	0.765	1.0	1.0
12	3	91	2.194	0.477	18.935	0.998	1.0	1.0
12	3	88	2.032	0.18	19.774	0.717	1.0	1.0
12	3	85	2.0	0.0	20.613	1.022	1.0	1.0
12	3	82	1.968	0.315	21.419	1.089	1.0	1.0
12	3	79	1.774	0.425	23.0	1.366	1.0	1.0
12	3	76	1.387	0.495	24.516	1.387	1.0	1.0
12	3	73	1.097	0.301	26.548	2.014	1.0	1.0
12	3	70	0.833	0.379	28.654	2.591	0.806	0.839
12	3	67	0.065	0.25	29.5	2.121	0.065	0.065
12	3	64	0.0	0.0	nan	nan	0.0	0.0
12	3	61	0.0	0.0	nan	nan	0.0	0.0
12	3	58	0.0	0.0	nan	nan	0.0	0.0
12	3	55	0.0	0.0	nan	nan	0.0	0.0
12	3	52	0.0	0.0	nan	nan	0.0	0.0
12	3	49	0.0	0.0	nan	nan	0.0	0.0
12	3	46	0.0	0.0	nan	nan	0.0	0.0
12	3	43	0.0	0.0	nan	nan	0.0	0.0
12	3	40	0.0	0.0	nan	nan	0.0	0.0
12	3	37	0.0	0.0	nan	nan	0.0	0.0
12	3	34	0.0	0.0	nan	nan	0.0	0.0
12	3	31	0.0	0.0	nan	nan	0.0	0.0
12	3	28	0.0	0.0	nan	nan	0.0	0.0
13	3	100	3.032	0.18	16.677	0.475	1.0	1.0
13	3	97	3.0	0.0	16.742	0.514	1.0	1.0
13	3	94	2.935	0.25	17.226	0.617	1.0	1.0
13	3	91	2.677	0.541	18.0	0.683	1.0	1.0
13	3	88	2.194	0.543	18.742	0.729	1.0	1.0
13	3	85	1.968	0.315	19.29	0.643	1.0	1.0
13	3	82	1.323	0.541	20.387	1.086	1.0	1.0
13	3	79	1.226	0.425	21.516	1.288	1.0	1.0
13	3	76	1.0	0.258	22.933	1.337	0.968	0.968
13	3	73	0.968	0.18	24.433	1.942	0.968	0.968
13	3	70	0.677	0.475	25.714	1.678	0.677	0.677
13	3	67	0.032	0.18	27.0	0.0	0.032	0.032
13	3	64	0.0	0.0	nan	nan	0.0	0.0
13	3	61	0.0	0.0	nan	nan	0.0	0.0
13	3	58	0.0	0.0	nan	nan	0.0	0.0
13	3	55	0.0	0.0	nan	nan	0.0	0.0
13	3	52	0.0	0.0	nan	nan	0.0	0.0
13	3	49	0.0	0.0	nan	nan	0.0	0.0
13	3	46	0.0	0.0	nan	nan	0.0	0.0
13	3	43	0.0	0.0	nan	nan	0.0	0.0
13	3	40	0.0	0.0	nan	nan	0.0	0.0
13	3	37	0.0	0.0	nan	nan	0.0	0.0
13	3	34	0.0	0.0	nan	nan	0.0	0.0
13	3	31	0.0	0.0	nan	nan	0.0	0.0
13	3	28	0.0	0.0	nan	nan	0.0	0.0
14	3	100	6.065	0.25	14.71	0.529	1.0	1.0
14	3	97	6.0	0.0	14.774	0.425	1.0	1.0
14	3	94	5.968	0.18	15.129	0.341	1.0	1.0
14	3	91	5.806	0.402	15.548	0.506	1.0	1.0
14	3	88	5.581	0.502	15.806	0.543	1.0	1.0
14	3	85	5.032	0.18	16.29	0.588	1.0	1.0
14	3	82	5.065	0.25	16.71	0.588	1.0	1.0
14	3	79	5.0	0.0	17.032	0.657	1.0	1.0
14	3	76	4.71	0.461	17.935	0.512	1.0	1.0
14	3	73	3.903	0.7	18.613	0.615	1.0	1.0
14	3	70	3.29	0.529	19.29	0.824	1.0	1.0
14	3	67	3.065	0.25	20.129	1.024	1.0	1.0
14	3	64	3.0	0.0	21.903	1.221	1.0	1.0
14	3	61	3.0	0.0	23.419	1.385	1.0	1.0
14	3	58	2.839	0.374	25.677	2.329	1.0	1.0
14	3	55	2.258	0.575	29.935	2.886	1.0	1.0
14	3	52	1.452	0.85	34.179	4.347	0.903	0.903
14	3	49	0.633	0.615	39.778	4.493	0.548	0.581
14	3	46	0.0	0.0	nan	nan	0.0	0.0
14	3	43	0.0	0.0	nan	nan	0.0	0.0
14	3	40	0.0	0.0	nan	nan	0.0	0.0
14	3	37	0.0	0.0	nan	nan	0.0	0.0
14	3	34	0.0	0.0	nan	nan	0.0	0.0
14	3	31	0.0	0.0	nan	nan	0.0	0.0
14	3	28	0.0	0.0	nan	nan	0.0	0.0
15	3	100	3.032	0.18	15.645	0.486	1.0	1.0
15	3	97	3.0	0.0	16.0	0.365	1.0	1.0
15	3	94	3.0	0.0	16.484	0.508	1.0	1.0
15	3	91	3.0	0.0	16.968	0.605	1.0	1.0
15	3	88	2.871	0.428	17.484	0.57	1.0	1.0
15	3	85	2.452	0.675	18.097	0.908	1.0	1.0
15	3	82	1.677	0.702	18.645	0.608	1.0	1.0
15	3	79	1.323	0.475	19.355	0.877	1.0	1.0
15	3	76	1.032	0.18	20.871	1.522	1.0	1.0
15	3	73	1.0	0.0	22.129	1.088	1.0	1.0
15	3	70	0.903	0.301	24.321	1.906	0.903	0.903
15	3	67	0.31	0.471	26.091	1.3	0.29	0.355
15	3	64	0.032	0.18	24.0	0.0	0.032	0.032
15	3	61	0.0	0.0	nan	nan	0.0	0.0
15	3	58	0.0	0.0	nan	nan	0.0	0.0
15	3	55	0.0	0.0	nan	nan	0.0	0.0
15	3	52	0.0	0.0	nan	nan	0.0	0.0
15	3	49	0.0	0.0	nan	nan	0.0	0.0
15	3	46	0.0	0.0	nan	nan	0.0	0.0
15	3	43	0.0	0.0	nan	nan	0.0	0.0
15	3	40	0.0	0.0	nan	nan	0.0	0.0
15	3	37	0.0	0.0	nan	nan	0.0	0.0
15	3	34	0.0	0.0	nan	nan	0.0	0.0
15	3	31	0.0	0.0	nan	nan	0.0	0.0
15	3	28	0.0	0.0	nan	nan	0.0	0.0
16	3	100	4.968	0.18	15.097	0.473	1.0	1.0
16	3	97	4.774	0.425	15.581	0.72	1.0	1.0
16	3	94	4.484	0.508	15.903	0.539	1.0	1.0
16	3	91	4.194	0.402	16.387	0.615	1.0	1.0
16	3	88	4.032	0.315	16.774	0.717	1.0	1.0
16	3	85	4.0	0.258	17.226	0.617	1.0	1.0
16	3	82	3.806	0.402	17.903	0.746	1.0	1.0
16	3	79	3.258	0.682	18.387	0.989	1.0	1.0
16	3	76	2.839	0.638	19.129	0.763	1.0	1.0
16	3	73	2.161	0.374	20.419	0.923	1.0	1.0
16	3	70	2.0	0.258	21.161	0.934	1.0	1.0
16	3	67	2.0	0.0	22.71	1.27	1.0	1.0
16	3	64	1.806	0.402	24.839	1.715	1.0	1.0
16	3	61	1.452	0.506	26.548	1.912	1.0	1.0
16	3	58	0.778	0.641	30.682	4.179	0.581	0.71
16	3	55	0.034	0.186	34.667	2.309	0.032	0.097
16	3	52	0.0	0.0	nan	nan	0.0	0.0
16	3	49	0.0	0.0	nan	nan	0.0	0.0
16	3	46	0.0	0.0	nan	nan	0.0	0.0
16	3	43	0.0	0.0	nan	nan	0.0	0.0
16	3	40	0.0	0.0	nan	nan	0.0	0.0
16	3	37	0.0	0.0	nan	nan	0.0	0.0
16	3	34	0.0	0.0	nan	nan	0.0	0.0
16	3	31	0.0	0.0	nan	nan	0.0	0.0
16	3	28	0.0	0.0	nan	nan	0.0	0.0
17	3	100	4.032	0.18	15.323	0.653	1.0	1.0
17	3	97	4.0	0.0	15.903	0.301	1.0	1.0
17	3	94	4.0	0.0	16.29	0.588	1.0	1.0
17	3	91	4.0	0.0	16.71	0.588	1.0	1.0
17	3	88	3.355	0.486	17.097	0.7	1.0	1.0
17	3	85	3.065	0.68	17.645	0.798	1.0	1.0
17	3	82	2.677	0.541	17.968	0.657	1.0	1.0
17	3	79	2.065	0.25	19.0	0.683	1.0	1.0
17	3	76	2.0	0.0	20.29	1.16	1.0	1.0
17	3	73	1.903	0.396	21.129	1.176	1.0	1.0
17	3	70	1.71	0.529	22.226	1.586	1.0	1.0
17	3	67	1.194	0.402	24.645	1.644	1.0	1.0
17	3	64	1.065	0.25	26.097	2.638	1.0	1.0
17	3	61	0.345	0.484	29.583	3.204	0.323	0.387
17	3	58	0.0	0.0	nan	nan	0.0	0.0
17	3	55	0.0	0.0	nan	nan	0.0	0.0
17	3	52	0.0	0.0	nan	nan	0.0	0.0
17	3	49	0.0	0.0	nan	nan	0.0	0.0
17	3	46	0.0	0.0	nan	nan	0.0	0.0
17	3	43	0.0	0.0	nan	nan	0.0	0.0
17	3	40	0.0	0.0	nan	nan	0.0	0.0
17	3	37	0.0	0.0	nan	nan	0.0	0.0
17	3	34	0.0	0.0	nan	nan	0.0	0.0
17	3	31	0.0	0.0	nan	nan	0.0	0.0
17	3	28	0.0	0.0	nan	nan	0.0	0.0
18	3	100	3.226	0.425	17.452	0.506	1.0	1.0
18	3	97	2.935	0.574	17.71	0.643	1.0	1.0
18	3	94	2.419	0.502	18.387	0.558	1.0	1.0
18	3	91	2.097	0.301	19.097	0.746	1.0	1.0
18	3	88	2.0	0.0	19.806	0.749	1.0	1.0
18	3	85	1.871	0.341	20.903	1.012	1.0	1.0
18	3	82	1.645	0.486	21.839	0.969	1.0	1.0
18	3	79	1.258	0.445	23.484	1.458	1.0	1.0
18	3	76	1.032	0.18	24.968	1.197	1.0	1.0
18	3	73	0.806	0.402	26.52	1.896	0.806	0.806
18	3	70	0.129	0.341	28.75	2.63	0.129	0.129
18	3	67	0.0	0.0	nan	nan	0.0	0.0
18	3	64	0.0	0.0	nan	nan	0.0	0.0
18	3	61	0.0	0.0	nan	nan	0.0	0.0
18	3	58	0.0	0.0	nan	nan	0.0	0.0
18	3	55	0.0	0.0	nan	nan	0.0	0.0
18	3	52	0.0	0.0	nan	nan	0.0	0.0
18	3	49	0.0	0.0	nan	nan	0.0	0.0
18	3	46	0.0	0.0	nan	nan	0.0	0.0
18	3	43	0.0	0.0	nan	nan	0.0	0.0
18	3	40	0.0	0.0	nan	nan	0.0	0.0
18	3	37	0.0	0.0	nan	nan	0.0	0.0
18	3	34	0.0	0.0	nan	nan	0.0	0.0
18	3	31	0.0	0.0	nan	nan	0.0	0.0
18	3	28	0.0	0.0	nan	nan	0.0	0.0
19	3	100	2.806	0.402	17.774	0.617	1.0	1.0
19	3	97	2.355	0.486	18.387	0.667	1.0	1.0
19	3	94	2.226	0.425	18.806	0.792	1.0	1.0
19	3	91	2.0	0.258	19.613	0.803	1.0	1.0
19	3	88	1.935	0.25	20.194	0.946	1.0	1.0
19	3	85	1.71	0.461	21.355	1.279	1.0	1.0
19	3	82	1.323	0.475	22.613	1.358	1.0	1.0
19	3	79	1.097	0.301	23.839	1.485	1.0	1.0
19	3	76	1.0	0.0	25.645	2.274	1.0	1.0
19	3	73	0.742	0.445	26.739	2.05	0.742	0.742
19	3	70	0.067	0.254	29.667	4.619	0.065	0.097
19	3	67	0.0	0.0	nan	nan	0.0	0.0
19	3	64	0.0	0.0	nan	nan	0.0	0.0
19	3	61	0.0	0.0	nan	nan	0.0	0.0
19	3	58	0.0	0.0	nan	nan	0.0	0.0
19	3	55	0.0	0.0	nan	nan	0.0	0.0
19	3	52	0.0	0.0	nan	nan	0.0	0.0
19	3	49	0.0	0.0	nan	nan	0.0	0.0
19	3	46	0.0	0.0	nan	nan	0.0	0.0
19	3	43	0.0	0.0	nan	nan	0.0	0.0
19	3	40	0.0	0.0	nan	nan	0.0	0.0
19	3	37	0.0	0.0	nan	nan	0.0	0.0
19	3	34	0.0	0.0	nan	nan	0.0	0.0
19	3	31	0.0	0.0	nan	nan	0.0	0.0
19	3	28	0.0	0.0	nan	nan	0.0	0.0
20	3	100	4.0	0.0	14.903	0.396	1.0	1.0
20	3	97	4.0	0.0	15.065	0.629	1.0	1.0
20	3	94	3.903	0.301	15.419	0.502	1.0	1.0
20	3	91	3.516	0.508	16.032	0.547	1.0	1.0
20	3	88	3.387	0.495	16.323	0.475	1.0	1.0
20	3	85	3.097	0.301	16.774	0.425	1.0	1.0
20	3	82	2.871	0.428	17.29	0.643	1.0	1.0
20	3	79	2.806	0.402	17.677	0.791	1.0	1.0
20	3	76	2.452	0.506	18.548	0.768	1.0	1.0
20	3	73	2.097	0.396	19.323	0.909	1.0	1.0
20	3	70	1.742	0.514	20.355	1.38	1.0	1.0
20	3	67	1.355	0.486	21.484	1.338	1.0	1.0
20	3	64	1.097	0.301	23.129	1.088	1.0	1.0
20	3	61	0.867	0.346	26.407	2.693	0.839	0.871
20	3	58	0.548	0.506	27.235	1.678	0.548	0.548
20	3	55	0.0	0.0	nan	nan	0.0	0.0
20	3	52	0.0	0.0	nan	nan	0.0	0.0
20	3	49	0.0	0.0	nan	nan	0.0	0.0
20	3	46	0.0	0.0	nan	nan	0.0	0.0
20	3	43	0.0	0.0	nan	nan	0.0	0.0
20	3	40	0.0	0.0	nan	nan	0.0	0.0
20	3	37	0.0	0.0	nan	nan	0.0	0.0
20	3	34	0.0	0.0	nan	nan	0.0	0.0
20	3	31	0.0	0.0	nan	nan	0.0	0.0
20	3	28	0.0	0.0	nan	nan	0.0	0.0
21	3	100	4.935	0.25	15.29	0.461	1.0	1.0
21	3	97	4.742	0.445	15.839	0.454	1.0	1.0
21	3	94	4.355	0.486	16.065	0.442	1.0	1.0
21	3	91	4.161	0.374	16.355	0.551	1.0	1.0
21	3	88	4.032	0.18	16.774	0.717	1.0	1.0
21	3	85	3.968	0.18	17.258	0.815	1.0	1.0
21	3	82	3.71	0.461	18.032	1.169	1.0	1.0
21	3	79	3.097	0.651	18.548	0.723	1.0	1.0
21	3	76	2.774	0.56	19.355	0.877	1.0	1.0
21	3	73	2.226	0.425	20.129	0.957	1.0	1.0
21	3	70	2.0	0.0	21.323	1.107	1.0	1.0
21	3	67	1.968	0.18	22.161	1.485	1.0	1.0
21	3	64	1.935	0.25	24.065	1.788	1.0	1.0
21	3	61	1.871	0.341	25.613	2.108	1.0	1.0
21	3	58	1.296	0.669	29.464	3.501	0.774	0.903
21	3	55	0.385	0.637	33.923	3.353	0.258	0.419
21	3	52	0.0	0.0	nan	nan	0.0	0.0
21	3	49	0.0	0.0	nan	nan	0.0	0.0
21	3	46	0.0	0.0	nan	nan	0.0	0.0
21	3	43	0.0	0.0	nan	nan	0.0	0.0
21	3	40	0.0	0.0	nan	nan	0.0	0.0
21	3	37	0.0	0.0	nan	nan	0.0	0.0
21	3	34	0.0	0.0	nan	nan	0.0	0.0
21	3	31	0.0	0.0	nan	nan	0.0	0.0
21	3	28	0.0	0.0	nan	nan	0.0	0.0
22	3	100	7.0	0.0	14.161	0.454	1.0	1.0
22	3	97	6.968	0.18	14.484	0.508	1.0	1.0
22	3	94	6.903	0.301	14.903	0.396	1.0	1.0
22	3	91	6.452	0.506	15.258	0.445	1.0	1.0
22	3	88	6.032	0.315	15.581	0.62	1.0	1.0
22	3	85	5.968	0.18	15.968	0.706	1.0	1.0
22	3	82	5.935	0.25	16.194	0.402	1.0	1.0
22	3	79	5.548	0.506	16.871	0.499	1.0	1.0
22	3	76	5.097	0.301	17.258	0.575	1.0	1.0
22	3	73	4.71	0.461	17.903	0.597	1.0	1.0
22	3	70	4.323	0.541	18.71	0.824	1.0	1.0
22	3	67	3.774	0.497	19.839	1.369	1.0	1.0
22	3	64	3.452	0.568	21.032	1.14	1.0	1.0
22	3	61	3.097	0.301	22.258	1.182	1.0	1.0
22	3	58	3.0	0.0	23.774	1.407	1.0	1.0
22	3	55	3.0	0.0	24.935	1.504	1.0	1.0
22	3	52	2.613	0.495	29.161	3.216	1.0	1.0
22	3	49	1.839	0.735	34.387	3.712	1.0	1.0
22	3	46	0.6	0.621	40.529	4.23	0.516	0.548
22	3	43	0.0	0.0	nan	nan	0.0	0.0
22	3	40	0.0	0.0	nan	nan	0.0	0.0
22	3	37	0.0	0.0	nan	nan	0.0	0.0
22	3	34	0.0	0.0	nan	nan	0.0	0.0
22	3	31	0.0	0.0	nan	nan	0.0	0.0
22	3	28	0.0	0.0	nan	nan	0.0	0.0
23	3	100	6.194	0.402	14.677	0.541	1.0	1.0
23	3	97	6.0	0.0	14.968	0.315	1.0	1.0
23	3	94	5.968	0.18	15.29	0.461	1.0	1.0
23	3	91	5.774	0.425	15.613	0.558	1.0	1.0
23	3	88	5.581	0.502	15.935	0.442	1.0	1.0
23	3	85	5.161	0.374	16.419	0.62	1.0	1.0
23	3	82	5.032	0.18	16.774	0.497	1.0	1.0
23	3	79	4.935	0.25	17.29	0.693	1.0	1.0
23	3	76	4.613	0.615	17.742	0.682	1.0	1.0
23	3	73	3.968	0.706	18.387	0.844	1.0	1.0
23	3	70	3.29	0.529	19.194	0.792	1.0	1.0
23	3	67	3.0	0.258	20.258	1.032	1.0	1.0
23	3	64	2.968	0.18	20.871	1.176	1.0	1.0
23	3	61	3.0	0.258	21.968	1.76	1.0	1.0
23	3	58	2.613	0.495	24.226	2.247	1.0	1.0
23	3	55	2.226	0.497	26.194	1.922	1.0	1.0
23	3	52	2.0	0.365	28.161	2.622	1.0	1.0
23	3	49	1.613	0.495	33.71	4.092	1.0	1.0
23	3	46	0.517	0.688	35.5	3.228	0.387	0.452
23	3	43	0.032	0.18	41.0	0.0	0.032	0.032
23	3	40	0.0	0.0	nan	nan	0.0	0.0
23	3	37	0.0	0.0	nan	nan	0.0	0.0
23	3	34	0.0	0.0	nan	nan	0.0	0.0
23	3	31	0.0	0.0	nan	nan	0.0	0.0
23	3	28	0.0	0.0	nan	nan	0.0	0.0
24	3	100	3.742	0.445	16.71	0.461	1.0	1.0
24	3	97	3.613	0.495	17.161	0.454	1.0	1.0
24	3	94	2.968	0.407	17.774	0.617	1.0	1.0
24	3	91	2.613	0.495	18.032	0.482	1.0	1.0
24	3	88	2.226	0.425	18.871	0.718	1.0	1.0
24	3	85	2.032	0.18	19.484	0.626	1.0	1.0
24	3	82	2.0	0.0	20.452	1.028	1.0	1.0
24	3	79	1.935	0.25	21.839	1.003	1.0	1.0
24	3	76	1.806	0.402	23.161	1.214	1.0	1.0
24	3	73	1.548	0.506	24.677	1.514	1.0	1.0
24	3	70	1.233	0.568	27.241	2.76	0.903	0.935
24	3	67	0.708	0.55	32.0	4.328	0.516	0.742
24	3	64	0.1	0.305	30.75	6.449	0.097	0.129
24	3	61	0.0	0.0	nan	nan	0.0	0.0
24	3	58	0.0	0.0	nan	nan	0.0	0.0
24	3	55	0.0	0.0	nan	nan	0.0	0.0
24	3	52	0.0	0.0	nan	nan	0.0	0.0
24	3	49	0.0	0.0	nan	nan	0.0	0.0
24	3	46	0.0	0.0	nan	nan	0.0	0.0
24	3	43	0.0	0.0	nan	nan	0.0	0.0
24	3	40	0.0	0.0	nan	nan	0.0	0.0
24	3	37	0.0	0.0	nan	nan	0.0	0.0
24	3	34	0.0	0.0	nan	nan	0.0	0.0
24	3	31	0.0	0.0	nan	nan	0.0	0.0
24	3	28	0.0	0.0	nan	nan	0.0	0.0
25	3	100	3.0	0.0	17.065	0.574	1.0	1.0
25	3	97	2.903	0.301	17.484	0.57	1.0	1.0
25	3	94	2.645	0.486	18.129	0.846	1.0	1.0
25	3	91	2.29	0.588	18.484	0.851	1.0	1.0
25	3	88	2.032	0.18	19.355	0.709	1.0	1.0
25	3	85	1.903	0.396	19.968	0.912	1.0	1.0
25	3	82	1.516	0.508	20.806	1.078	1.0	1.0
25	3	79	1.032	0.18	22.516	1.208	1.0	1.0
25	3	76	1.032	0.18	23.613	1.606	1.0	1.0
25	3	73	0.903	0.301	25.357	1.254	0.903	0.903
25	3	70	0.258	0.445	27.375	2.669	0.258	0.258
25	3	67	0.0	0.0	nan	nan	0.0	0.0
25	3	64	0.0	0.0	nan	nan	0.0	0.0
25	3	61	0.0	0.0	nan	nan	0.0	0.0
25	3	58	0.0	0.0	nan	nan	0.0	0.0
25	3	55	0.0	0.0	nan	nan	0.0	0.0
25	3	52	0.0	0.0	nan	nan	0.0	0.0
25	3	49	0.0	0.0	nan	nan	0.0	0.0
25	3	46	0.0	0.0	nan	nan	0.0	0.0
25	3	43	0.0	0.0	nan	nan	0.0	0.0
25	3	40	0.0	0.0	nan	nan	0.0	0.0
25	3	37	0.0	0.0	nan	nan	0.0	0.0
25	3	34	0.0	0.0	nan	nan	0.0	0.0
25	3	31	0.0	0.0	nan	nan	0.0	0.0
25	3	28	0.0	0.0	nan	nan	0.0	0.0
26	3	100	3.968	0.18	15.839	0.374	1.0	1.0
26	3	97	4.0	0.0	16.258	0.445	1.0	1.0
26	3	94	3.806	0.402	16.613	0.558	1.0	1.0
26	3	91	3.484	0.508	17.032	0.605	1.0	1.0
26	3	88	3.065	0.512	17.677	0.702	1.0	1.0
26	3	85	2.452	0.568	18.387	0.919	1.0	1.0
26	3	82	2.226	0.425	18.903	0.746	1.0	1.0
26	3	79	2.0	0.258	19.452	0.723	1.0	1.0
26	3	76	1.935	0.25	20.806	1.352	1.0	1.0
26	3	73	1.71	0.461	21.806	1.302	1.0	1.0
26	3	70	1.548	0.568	22.677	1.815	1.0	1.0
26	3	67	1.226	0.425	24.323	1.166	1.0	1.0
26	3	64	0.933	0.45	27.222	2.592	0.839	0.871
26	3	61	0.333	0.479	28.364	3.355	0.323	0.355
26	3	58	0.0	0.0	nan	nan	0.0	0.0
26	3	55	0.0	0.0	nan	nan	0.0	0.0
26	3	52	0.0	0.0	nan	nan	0.0	0.0
26	3	49	0.0	0.0	nan	nan	0.0	0.0
26	3	46	0.0	0.0	nan	nan	0.0	0.0
26	3	43	0.0	0.0	nan	nan	0.0	0.0
26	3	40	0.0	0.0	nan	nan	0.0	0.0
26	3	37	0.0	0.0	nan	nan	0.0	0.0
26	3	34	0.0	0.0	nan	nan	0.0	0.0
26	3	31	0.0	0.0	nan	nan	0.0	0.0
26	3	28	0.0	0.0	nan	nan	0.0	0.0
27	3	100	4.935	0.25	15.032	0.315	1.0	1.0
27	3	97	4.677	0.475	15.29	0.529	1.0	1.0
27	3	94	4.419	0.502	15.742	0.514	1.0	1.0
27	3	91	4.065	0.359	16.129	0.718	1.0	1.0
27	3	88	4.065	0.25	16.29	0.529	1.0	1.0
27	3	85	3.935	0.25	16.452	0.568	1.0	1.0
27	3	82	3.903	0.301	17.161	0.735	1.0	1.0
27	3	79	3.29	0.693	17.935	0.929	1.0	1.0
27	3	76	2.581	0.72	18.71	1.039	1.0	1.0
27	3	73	2.226	0.497	19.645	1.496	1.0	1.0
27	3	70	2.097	0.301	20.29	1.071	1.0	1.0
27	3	67	2.0	0.258	21.645	1.496	1.0	1.0
27	3	64	1.71	0.461	23.0	1.155	1.0	1.0
27	3	61	1.452	0.506	25.903	3.807	1.0	1.0
27	3	58	0.759	0.435	27.583	3.361	0.71	0.774
27	3	55	0.161	0.374	28.6	3.05	0.161	0.161
27	3	52	0.0	0.0	nan	nan	0.0	0.0
27	3	49	0.0	0.0	nan	nan	0.0	0.0
27	3	46	0.0	0.0	nan	nan	0.0	0.0
27	3	43	0.0	0.0	nan	nan	0.0	0.0
27	3	40	0.0	0.0	nan	nan	0.0	0.0
27	3	37	0.0	0.0	nan	nan	0.0	0.0
27	3	34	0.0	0.0	nan	nan	0.0	0.0
27	3	31	0.0	0.0	nan	nan	0.0	0.0
27	3	28	0.0	0.0	nan	nan	0.0	0.0
28	3	100	6.516	0.508	14.484	0.508	1.0	1.0
28	3	97	6.355	0.486	14.71	0.529	1.0	1.0
28	3	94	6.161	0.374	15.032	0.482	1.0	1.0
28	3	91	6.0	0.0	15.258	0.514	1.0	1.0
28	3	88	6.0	0.0	15.516	0.508	1.0	1.0
28	3	85	5.677	0.475	15.935	0.574	1.0	1.0
28	3	82	5.387	0.615	16.516	0.724	1.0	1.0
28	3	79	5.0	0.258	17.0	0.816	1.0	1.0
28	3	76	5.0	0.0	17.419	0.564	1.0	1.0
28	3	73	4.581	0.502	18.065	0.727	1.0	1.0
28	3	70	4.258	0.514	18.806	0.833	1.0	1.0
28	3	67	3.484	0.508	19.613	0.803	1.0	1.0
28	3	64	3.161	0.374	20.742	0.999	1.0	1.0
28	3	61	3.0	0.258	22.065	1.459	1.0	1.0
28	3	58	3.0	0.0	23.839	1.293	1.0	1.0
28	3	55	2.935	0.25	26.484	1.998	1.0	1.0
28	3	52	2.677	0.541	29.226	3.212	1.0	1.0
28	3	49	1.467	0.86	36.037	5.05	0.839	0.871
28	3	46	0.032	0.18	46.0	0.0	0.032	0.032
28	3	43	0.0	0.0	nan	nan	0.0	0.0
28	3	40	0.0	0.0	nan	nan	0.0	0.0
28	3	37	0.0	0.0	nan	nan	0.0	0.0
28	3	34	0.0	0.0	nan	nan	0.0	0.0
28	3	31	0.0	0.0	nan	nan	0.0	0.0
28	3	28	0.0	0.0	nan	nan	0.0	0.0
29	3	100	6.452	0.506	13.71	0.529	1.0	1.0
29	3	97	6.097	0.301	14.065	0.442	1.0	1.0
29	3	94	6.032	0.18	14.161	0.523	1.0	1.0
29	3	91	6.0	0.0	14.516	0.57	1.0	1.0
29	3	88	5.839	0.454	15.065	0.68	1.0	1.0
29	3	85	5.548	0.506	15.29	0.461	1.0	1.0
29	3	82	5.226	0.425	15.677	0.541	1.0	1.0
29	3	79	5.065	0.25	16.097	0.597	1.0	1.0
29	3	76	4.935	0.25	16.742	0.773	1.0	1.0
29	3	73	4.806	0.402	17.258	0.815	1.0	1.0
29	3	70	4.065	0.727	18.032	0.948	1.0	1.0
29	3	67	3.387	0.558	18.742	0.855	1.0	1.0
29	3	64	3.0	0.0	19.839	1.098	1.0	1.0
29	3	61	3.0	0.0	21.0	1.438	1.0	1.0
29	3	58	2.871	0.341	23.032	1.516	1.0	1.0
29	3	55	2.548	0.506	25.677	1.973	1.0	1.0
29	3	52	2.161	0.638	27.1	2.496	0.968	0.968
29	3	49	1.516	0.811	32.852	4.4	0.871	0.871
29	3	46	0.71	0.739	35.833	3.899	0.581	0.581
29	3	43	0.0	0.0	nan	nan	0.0	0.0
29	3	40	0.0	0.0	nan	nan	0.0	0.0
29	3	37	0.0	0.0	nan	nan	0.0	0.0
29	3	34	0.0	0.0	nan	nan	0.0	0.0
29	3	31	0.0	0.0	nan	nan	0.0	0.0
29	3	28	0.0	0.0	nan	nan	0.0	0.0
30	3	100	3.387	0.495	16.742	0.514	1.0	1.0
30	3	97	3.065	0.359	17.097	0.7	1.0	1.0
30	3	94	2.968	0.18	17.581	0.62	1.0	1.0
30	3	91	2.387	0.495	18.516	0.724	1.0	1.0
30	3	88	2.129	0.341	19.097	0.7	1.0	1.0
30	3	85	1.903	0.396	20.065	0.854	1.0	1.0
30	3	82	1.613	0.495	21.194	1.078	1.0	1.0
30	3	79	1.258	0.445	22.419	1.057	1.0	1.0
30	3	76	1.032	0.18	23.806	1.4	1.0	1.0
30	3	73	0.968	0.315	25.586	1.35	0.935	0.935
30	3	70	0.433	0.504	28.714	3.429	0.419	0.452
30	3	67	0.0	0.0	nan	nan	0.0	0.0
30	3	64	0.0	0.0	nan	nan	0.0	0.0
30	3	61	0.0	0.0	nan	nan	0.0	0.0
30	3	58	0.0	0.0	nan	nan	0.0	0.0
30	3	55	0.0	0.0	nan	nan	0.0	0.0
30	3	52	0.0	0.0	nan	nan	0.0	0.0
30	3	49	0.0	0.0	nan	nan	0.0	0.0
30	3	46	0.0	0.0	nan	nan	0.0	0.0
30	3	43	0.0	0.0	nan	nan	0.0	0.0
30	3	40	0.0	0.0	nan	nan	0.0	0.0
30	3	37	0.0	0.0	nan	nan	0.0	0.0
30	3	34	0.0	0.0	nan	nan	0.0	0.0
30	3	31	0.0	0.0	nan	nan	0.0	0.0
30	3	28	0.0	0.0	nan	nan	0.0	0.0
31	3	100	4.032	0.18	15.032	0.482	1.0	1.0
31	3	97	4.0	0.0	15.484	0.626	1.0	1.0
31	3	94	3.903	0.301	15.968	0.605	1.0	1.0
31	3	91	3.806	0.402	16.065	0.574	1.0	1.0
31	3	88	3.452	0.506	16.645	0.798	1.0	1.0
31	3	85	3.032	0.407	17.097	0.746	1.0	1.0
31	3	82	2.968	0.482	17.806	0.873	1.0	1.0
31	3	79	2.452	0.506	18.484	0.811	1.0	1.0
31	3	76	2.129	0.341	19.516	1.092	1.0	1.0
31	3	73	1.516	0.57	20.871	1.5	1.0	1.0
31	3	70	1.355	0.486	21.935	1.459	1.0	1.0
31	3	67	1.2	0.407	24.387	3.353	0.968	1.0
31	3	64	0.613	0.558	25.333	1.847	0.581	0.581
31	3	61	0.129	0.341	25.0	1.414	0.129	0.129
31	3	58	0.032	0.18	30.0	0.0	0.032	0.032
31	3	55	0.0	0.0	nan	nan	0.0	0.0
31	3	52	0.0	0.0	nan	nan	0.0	0.0
31	3	49	0.0	0.0	nan	nan	0.0	0.0
31	3	46	0.0	0.0	nan	nan	0.0	0.0
31	3	43	0.0	0.0	nan	nan	0.0	0.0
31	3	40	0.0	0.0	nan	nan	0.0	0.0
31	3	37	0.0	0.0	nan	nan	0.0	0.0
31	3	34	0.0	0.0	nan	nan	0.0	0.0
31	3	31	0.0	0.0	nan	nan	0.0	0.0
31	3	28	0.0	0.0	nan	nan	0.0	0.0
0	4	100	5.0	0.0	13.806	0.477	1.0	1.0
0	4	97	5.0	0.0	14.097	0.396	1.0	1.0
0	4	94	4.903	0.301	14.29	0.643	1.0	1.0
0	4	91	4.839	0.374	14.452	0.675	1.0	1.0
0	4	88	4.387	0.495	15.0	0.632	1.0	1.0
0	4	85	4.065	0.25	15.387	0.558	1.0	1.0
0	4	82	4.032	0.18	15.903	0.831	1.0	1.0
0	4	79	4.0	0.0	16.387	0.558	1.0	1.0
0	4	76	4.0	0.0	16.71	0.693	1.0	1.0
0	4	73	3.774	0.497	17.677	0.702	1.0	1.0
0	4	70	3.516	0.57	18.258	0.999	1.0	1.0
0	4	67	2.677	0.702	19.226	0.956	1.0	1.0
0	4	64	2.226	0.497	20.677	1.166	1.0	1.0
0	4	61	2.065	0.25	21.645	1.603	1.0	1.0
0	4	58	2.0	0.0	23.774	1.746	1.0	1.0
0	4	55	1.871	0.499	28.933	3.787	0.968	0.968
0	4	52	1.407	0.747	33.519	7.234	0.742	0.871
0	4	49	0.161	0.454	34.5	5.066	0.129	0.129
0	4	46	0.0	0.0	nan	nan	0.0	0.0
0	4	43	0.0	0.0	nan	nan	0.0	0.0
0	4	40	0.0	0.0	nan	nan	0.0	0.0
0	4	37	0.0	0.0	nan	nan	0.0	0.0
0	4	34	0.0	0.0	nan	nan	0.0	0.0
0	4	31	0.0	0.0	nan	nan	0.0	0.0
0	4	28	0.0	0.0	nan	nan	0.0	0.0
1	4	100	5.0	0.0	14.097	0.301	1.0	1.0
1	4	97	4.935	0.25	14.258	0.514	1.0	1.0
1	4	94	4.903	0.301	14.581	0.62	1.0	1.0
1	4	91	4.548	0.506	14.839	0.454	1.0	1.0
1	4	88	4.355	0.486	15.161	0.638	1.0	1.0
1	4	85	4.129	0.341	15.677	0.702	1.0	1.0
1	4	82	4.0	0.0	15.903	0.651	1.0	1.0
1	4	79	3.935	0.25	16.677	1.107	1.0	1.0
1	4	76	3.968	0.18	17.194	0.98	1.0	1.0
1	4	73	3.677	0.599	17.645	0.608	1.0	1.0
1	4	70	3.355	0.709	18.258	1.032	1.0	1.0
1	4	67	2.516	0.677	19.484	1.151	1.0	1.0
1	4	64	2.194	0.477	20.677	1.301	1.0	1.0
1	4	61	2.032	0.18	21.581	2.013	1.0	1.0
1	4	58	2.0	0.0	23.613	2.044	1.0	1.0
1	4	55	1.903	0.301	25.742	3.055	1.0	1.0
1	4	52	1.367	0.89	28.913	3.118	0.71	0.742
1	4	49	0.207	0.491	33.429	4.65	0.161	0.226
1	4	46	0.0	0.0	nan	nan	0.0	0.0
1	4	43	0.0	0.0	nan	nan	0.0	0.0
1	4	40	0.0	0.0	nan	nan	0.0	0.0
1	4	37	0.0	0.0	nan	nan	0.0	0.0
1	4	34	0.0	0.0	nan	nan	0.0	0.0
1	4	31	0.0	0.0	nan	nan	0.0	0.0
1	4	28	0.0	0.0	nan	nan	0.0	0.0
2	4	100	3.065	0.25	15.968	0.657	1.0	1.0
2	4	97	3.0	0.0	16.226	0.497	1.0	1.0
2	4	94	3.0	0.0	16.613	0.667	1.0	1.0
2	4	91	3.0	0.0	17.129	0.562	1.0	1.0
2	4	88	2.871	0.341	17.613	0.615	1.0	1.0
2	4	85	2.387	0.715	18.161	0.779	1.0	1.0
2	4	82	1.677	0.599	19.065	0.854	1.0	1.0
2	4	79	1.29	0.461	20.097	0.944	1.0	1.0
2	4	76	1.032	0.18	20.742	1.548	1.0	1.0
2	4	73	0.968	0.18	23.067	1.311	0.968	0.968
2	4	70	0.968	0.18	24.6	2.175	0.968	0.968
2	4	67	0.4	0.498	26.154	1.908	0.387	0.419
2	4	64	0.032	0.18	25.0	0.0	0.032	0.032
2	4	61	0.0	0.0	nan	nan	0.0	0.0
2	4	58	0.0	0.0	nan	nan	0.0	0.0
2	4	55	0.0	0.0	nan	nan	0.0	0.0
2	4	52	0.0	0.0	nan	nan	0.0	0.0
2	4	49	0.0	0.0	nan	nan	0.0	0.0
2	4	46	0.0	0.0	nan	nan	0.0	0.0
2	4	43	0.0	0.0	nan	nan	0.0	0.0
2	4	40	0.0	0.0	nan	nan	0.0	0.0
2	4	37	0.0	0.0	nan	nan	0.0	0.0
2	4	34	0.0	0.0	nan	nan	0.0	0.0
2	4	31	0.0	0.0	nan	nan	0.0	0.0
2	4	28	0.0	0.0	nan	nan	0.0	0.0
3	4	100	5.0	0.0	13.032	0.482	1.0	1.0
3	4	97	4.903	0.301	13.323	0.541	1.0	1.0
3	4	94	4.871	0.341	13.742	0.445	1.0	1.0
3	4	91	4.677	0.475	13.968	0.706	1.0	1.0
3	4	88	4.323	0.475	14.097	0.396	1.0	1.0
3	4	85	4.032	0.18	14.548	0.624	1.0	1.0
3	4	82	3.968	0.18	14.903	0.944	1.0	1.0
3	4	79	4.0	0.0	15.258	0.445	1.0	1.0
3	4	76	4.0	0.0	15.871	0.619	1.0	1.0
3	4	73	3.774	0.425	16.387	0.844	1.0	1.0
3	4	70	3.613	0.615	17.032	0.657	1.0	1.0
3	4	67	3.065	0.814	18.0	0.894	1.0	1.0
3	4	64	2.419	0.62	18.71	1.51	1.0	1.0
3	4	61	2.161	0.523	19.935	1.548	1.0	1.0
3	4	58	2.065	0.25	21.258	2.25	1.0	1.0
3	4	55	1.968	0.18	24.161	2.41	1.0	1.0
3	4	52	1.871	0.428	26.533	2.609	0.968	0.968
3	4	49	1.069	0.753	31.25	5.041	0.71	0.774
3	4	46	0.069	0.258	33.75	2.754	0.065	0.129
3	4	43	0.0	0.0	nan	nan	0.0	0.0
3	4	40	0.0	0.0	nan	nan	0.0	0.0
3	4	37	0.0	0.0	nan	nan	0.0	0.0
3	4	34	0.0	0.0	nan	nan	0.0	0.0
3	4	31	0.0	0.0	nan	nan	0.0	0.0
3	4	28	0.0	0.0	nan	nan	0.0	0.0
4	4	100	6.613	0.495	13.742	0.575	1.0	1.0
4	4	97	6.355	0.486	13.935	0.359	1.0	1.0
4	4	94	6.0	0.0	14.355	0.608	1.0	1.0
4	4	91	6.0	0.0	14.645	0.551	1.0	1.0
4	4	88	5.935	0.25	14.903	0.473	1.0	1.0
4	4	85	5.806	0.402	15.29	0.529	1.0	1.0
4	4	82	5.484	0.508	15.548	0.568	1.0	1.0
4	4	79	5.161	0.374	15.839	0.735	1.0	1.0
4	4	76	5.065	0.25	16.452	0.506	1.0	1.0
4	4	73	4.903	0.301	17.129	0.67	1.0	1.0
4	4	70	4.419	0.765	17.871	0.763	1.0	1.0
4	4	67	3.742	0.815	18.355	1.17	1.0	1.0
4	4	64	3.097	0.301	19.516	0.851	1.0	1.0
4	4	61	3.097	0.301	20.806	1.797	1.0	1.0
4	4	58	2.968	0.18	22.484	1.589	1.0	1.0
4	4	55	2.871	0.341	24.323	2.088	1.0	1.0
4	4	52	2.581	0.502	25.613	1.838	1.0	1.0
4	4	49	2.161	0.583	30.097	4.277	1.0	1.0
4	4	46	1.452	0.723	33.931	4.862	0.935	0.935
4	4	43	0.323	0.541	40.889	4.4	0.29	0.29
4	4	40	0.0	0.0	nan	nan	0.0	0.0
4	4	37	0.032	0.18	41.0	0.0	0.032	0.032
4	4	34	0.0	0.0	nan	nan	0.0	0.0
4	4	31	0.0	0.0	nan	nan	0.0	0.0
4	4	28	0.0	0.0	nan	nan	0.0	0.0
5	4	100	5.129	0.341	14.871	0.499	1.0	1.0
5	4	97	5.161	0.454	15.065	0.512	1.0	1.0
5	4	94	4.968	0.18	15.387	0.558	1.0	1.0
5	4	91	4.903	0.301	15.968	0.836	1.0	1.0
5	4	88	4.871	0.341	15.935	0.772	1.0	1.0
5	4	85	4.452	0.506	16.484	0.626	1.0	1.0
5	4	82	4.226	0.497	16.968	0.706	1.0	1.0
5	4	79	3.935	0.442	17.452	0.81	1.0	1.0
5	4	76	3.613	0.495	18.323	1.4	1.0	1.0
5	4	73	3.097	0.539	19.0	0.894	1.0	1.0
5	4	70	2.839	0.523	20.097	1.326	1.0	1.0
5	4	67	2.71	0.461	21.226	1.203	1.0	1.0
5	4	64	2.194	0.402	23.29	1.575	1.0	1.0
5	4	61	2.065	0.25	23.935	1.209	1.0	1.0
5	4	58	1.933	0.254	26.71	2.912	0.968	1.0
5	4	55	1.893	0.416	29.2	4.021	0.871	0.968
5	4	52	0.679	0.945	32.923	4.092	0.323	0.419
5	4	49	0.032	0.18	32.0	0.0	0.032	0.032
5	4	46	0.0	0.0	nan	nan	0.0	0.0
5	4	43	0.0	0.0	nan	nan	0.0	0.0
5	4	40	0.0	0.0	nan	nan	0.0	0.0
5	4	37	0.0	0.0	nan	nan	0.0	0.0
5	4	34	0.0	0.0	nan	nan	0.0	0.0
5	4	31	0.0	0.0	nan	nan	0.0	0.0
5	4	28	0.0	0.0	nan	nan	0.0	0.0
6	4	100	5.742	0.445	14.323	0.541	1.0	1.0
6	4	97	5.323	0.475	14.452	0.568	1.0	1.0
6	4	94	5.355	0.486	14.903	0.597	1.0	1.0
6	4	91	5.0	0.0	15.194	0.543	1.0	1.0
6	4	88	4.903	0.301	15.548	0.768	1.0	1.0
6	4	85	4.581	0.502	15.871	0.619	1.0	1.0
6	4	82	4.452	0.506	16.29	0.739	1.0	1.0
6	4	79	4.161	0.523	17.032	0.657	1.0	1.0
6	4	76	3.903	0.539	17.258	0.815	1.0	1.0
6	4	73	3.452	0.568	18.258	0.93	1.0	1.0
6	4	70	2.903	0.597	19.355	1.473	1.0	1.0
6	4	67	2.645	0.608	19.871	1.147	1.0	1.0
6	4	64	2.226	0.425	21.871	1.432	1.0	1.0
6	4	61	2.0	0.365	23.0	2.708	1.0	1.0
6	4	58	1.968	0.407	24.161	2.57	1.0	1.0
6	4	55	1.516	0.677	26.821	2.667	0.903	0.903
6	4	52	0.964	0.922	30.263	4.28	0.516	0.613
6	4	49	0.194	0.543	30.75	3.775	0.129	0.129
6	4	46	0.0	0.0	nan	nan	0.0	0.0
6	4	43	0.0	0.0	nan	nan	0.0	0.0
6	4	40	0.0	0.0	nan	nan	0.0	0.0
6	4	37	0.0	0.0	nan	nan	0.0	0.0
6	4	34	0.0	0.0	nan	nan	0.0	0.0
6	4	31	0.0	0.0	nan	nan	0.0	0.0
6	4	28	0.0	0.0	nan	nan	0.0	0.0
7	4	100	4.968	0.18	13.645	0.486	1.0	1.0
7	4	97	4.742	0.445	13.806	0.402	1.0	1.0
7	4	94	4.323	0.475	14.032	0.18	1.0	1.0
7	4	91	4.065	0.25	14.742	0.514	1.0	1.0
7	4	88	4.032	0.18	14.935	0.512	1.0	1.0
7	4	85	4.032	0.18	15.484	0.57	1.0	1.0
7	4	82	4.0	0.0	15.387	0.667	1.0	1.0
7	4	79	3.935	0.25	16.194	0.749	1.0	1.0
7	4	76	3.71	0.461	16.677	0.599	1.0	1.0
7	4	73	3.258	0.514	17.129	0.763	1.0	1.0
7	4	70	3.032	0.605	17.71	0.739	1.0	1.0
7	4	67	2.516	0.626	18.548	1.028	1.0	1.0
7	4	64	2.065	0.359	19.516	1.411	1.0	1.0
7	4	61	1.935	0.442	20.774	1.668	1.0	1.0
7	4	58	1.968	0.407	22.419	1.979	1.0	1.0
7	4	55	1.226	0.425	24.516	1.964	1.0	1.0
7	4	52	0.867	0.629	26.478	2.447	0.71	0.742
7	4	49	0.167	0.379	29.833	3.371	0.161	0.194
7	4	46	0.0	0.0	nan	nan	0.0	0.0
7	4	43	0.0	0.0	nan	nan	0.0	0.0
7	4	40	0.0	0.0	nan	nan	0.0	0.0
7	4	37	0.0	0.0	nan	nan	0.0	0.0
7	4	34	0.0	0.0	nan	nan	0.0	0.0
7	4	31	0.0	0.0	nan	nan	0.0	0.0
7	4	28	0.0	0.0	nan	nan	0.0	0.0
8	4	100	6.548	0.506	14.097	0.396	1.0	1.0
8	4	97	6.226	0.425	14.645	0.551	1.0	1.0
8	4	94	6.0	0.0	14.935	0.574	1.0	1.0
8	4	91	5.935	0.25	15.0	0.447	1.0	1.0
8	4	88	5.839	0.374	15.581	0.502	1.0	1.0
8	4	85	5.71	0.461	15.742	0.445	1.0	1.0
8	4	82	5.29	0.461	16.194	0.703	1.0	1.0
8	4	79	5.065	0.359	16.774	0.669	1.0	1.0
8	4	76	4.871	0.341	17.484	0.926	1.0	1.0
8	4	73	4.581	0.564	17.935	0.892	1.0	1.0
8	4	70	3.742	0.682	18.742	0.93	1.0	1.0
8	4	67	3.323	0.475	19.452	1.15	1.0	1.0
8	4	64	3.097	0.301	20.806	1.138	1.0	1.0
8	4	61	3.032	0.315	21.677	1.514	1.0	1.0
8	4	58	2.903	0.396	23.355	1.684	1.0	1.0
8	4	55	2.516	0.508	24.968	1.923	1.0	1.0
8	4	52	2.161	0.454	27.968	2.273	1.0	1.0
8	4	49	1.793	0.491	31.7	4.55	0.903	0.968
8	4	46	0.9	0.759	36.048	3.584	0.645	0.677
8	4	43	0.133	0.434	39.0	5.477	0.097	0.129
8	4	40	0.0	0.0	nan	nan	0.0	0.0
8	4	37	0.0	0.0	nan	nan	0.0	0.0
8	4	34	0.0	0.0	nan	nan	0.0	0.0
8	4	31	0.0	0.0	nan	nan	0.0	0.0
8	4	28	0.0	0.0	nan	nan	0.0	0.0
9	4	100	4.0	0.0	14.387	0.495	1.0	1.0
9	4	97	3.968	0.18	14.839	0.583	1.0	1.0
9	4	94	3.871	0.341	15.032	0.407	1.0	1.0
9	4	91	3.742	0.445	15.194	0.477	1.0	1.0
9	4	88	3.387	0.495	15.903	0.539	1.0	1.0
9	4	85	3.194	0.402	15.935	0.629	1.0	1.0
9	4	82	3.0	0.0	16.677	0.541	1.0	1.0
9	4	79	2.903	0.301	17.226	0.762	1.0	1.0
9	4	76	2.839	0.374	17.677	0.832	1.0	1.0
9	4	73	2.484	0.508	18.452	0.888	1.0	1.0
9	4	70	1.935	0.512	19.29	1.006	1.0	1.0
9	4	67	1.548	0.568	20.129	1.36	1.0	1.0
9	4	64	1.323	0.475	22.258	1.692	1.0	1.0
9	4	61	1.129	0.428	23.233	1.406	0.968	0.968
9	4	58	0.839	0.374	25.654	1.696	0.839	0.839
9	4	55	0.161	0.374	27.6	3.715	0.161	0.161
9	4	52	0.0	0.0	nan	nan	0.0	0.0
9	4	49	0.0	0.0	nan	nan	0.0	0.0
9	4	46	0.0	0.0	nan	nan	0.0	0.0
9	4	43	0.0	0.0	nan	nan	0.0	0.0
9	4	40	0.0	0.0	nan	nan	0.0	0.0
9	4	37	0.0	0.0	nan	nan	0.0	0.0
9	4	34	0.0	0.0	nan	nan	0.0	0.0
9	4	31	0.0	0.0	nan	nan	0.0	0.0
9	4	28	0.0	0.0	nan	nan	0.0	0.0
10	4	100	3.161	0.374	14.935	0.512	1.0	1.0
10	4	97	3.032	0.18	15.548	0.568	1.0	1.0
10	4	94	3.032	0.18	15.774	0.497	1.0	1.0
10	4	91	3.0	0.0	15.839	0.523	1.0	1.0
10	4	88	3.0	0.0	16.645	0.551	1.0	1.0
10	4	85	2.935	0.25	17.161	0.583	1.0	1.0
10	4	82	2.677	0.599	17.871	0.562	1.0	1.0
10	4	79	2.065	0.814	18.387	0.667	1.0	1.0
10	4	76	1.097	0.301	19.419	0.886	1.0	1.0
10	4	73	1.0	0.258	20.767	1.591	0.968	0.968
10	4	70	1.0	0.0	23.29	1.883	0.968	1.0
10	4	67	0.833	0.379	24.0	1.811	0.806	0.839
10	4	64	0.233	0.43	26.125	1.356	0.226	0.258
10	4	61	0.0	0.0	nan	nan	0.0	0.0
10	4	58	0.0	0.0	nan	nan	0.0	0.0
10	4	55	0.0	0.0	nan	nan	0.0	0.0
10	4	52	0.0	0.0	nan	nan	0.0	0.0
10	4	49	0.0	0.0	nan	nan	0.0	0.0
10	4	46	0.0	0.0	nan	nan	0.0	0.0
10	4	43	0.0	0.0	nan	nan	0.0	0.0
10	4	40	0.0	0.0	nan	nan	0.0	0.0
10	4	37	0.0	0.0	nan	nan	0.0	0.0
10	4	34	0.0	0.0	nan	nan	0.0	0.0
10	4	31	0.0	0.0	nan	nan	0.0	0.0
10	4	28	0.0	0.0	nan	nan	0.0	0.0
11	4	100	4.0	0.0	15.968	0.482	1.0	1.0
11	4	97	4.0	0.0	16.161	0.583	1.0	1.0
11	4	94	3.935	0.25	16.774	0.805	1.0	1.0
11	4	91	3.548	0.506	17.194	0.543	1.0	1.0
11	4	88	3.29	0.529	17.419	0.72	1.0	1.0
11	4	85	2.645	0.661	18.226	0.56	1.0	1.0
11	4	82	2.258	0.445	18.71	0.938	1.0	1.0
11	4	79	2.032	0.18	19.516	0.626	1.0	1.0
11	4	76	1.935	0.25	20.839	1.267	1.0	1.0
11	4	73	1.935	0.25	21.968	1.016	1.0	1.0
11	4	70	1.613	0.495	23.161	1.157	1.0	1.0
11	4	67	1.29	0.461	24.548	1.929	1.0	1.0
11	4	64	0.806	0.477	27.208	2.359	0.774	0.774
11	4	61	0.233	0.43	29.125	3.603	0.226	0.258
11	4	58	0.0	0.0	nan	nan	0.0	0.0
11	4	55	0.0	0.0	nan	nan	0.0	0.0
11	4	52	0.0	0.0	nan	nan	0.0	0.0
11	4	49	0.0	0.0	nan	nan	0.0	0.0
11	4	46	0.0	0.0	nan	nan	0.0	0.0
11	4	43	0.0	0.0	nan	nan	0.0	0.0
11	4	40	0.0	0.0	nan	nan	0.0	0.0
11	4	37	0.0	0.0	nan	nan	0.0	0.0
11	4	34	0.0	0.0	nan	nan	0.0	0.0
11	4	31	0.0	0.0	nan	nan	0.0	0.0
11	4	28	0.0	0.0	nan	nan	0.0	0.0
12	4	100	4.968	0.18	15.548	0.506	1.0	1.0
12	4	97	4.452	0.506	15.968	0.547	1.0	1.0
12	4	94	4.065	0.25	16.419	0.564	1.0	1.0
12	4	91	4.032	0.18	16.839	0.688	1.0	1.0
12	4	88	4.0	0.0	17.419	0.62	1.0	1.0
12	4	85	3.645	0.486	18.194	1.014	1.0	1.0
12	4	82	3.161	0.454	18.839	0.638	1.0	1.0
12	4	79	3.0	0.365	19.258	1.182	1.0	1.0
12	4	76	2.548	0.506	20.065	0.814	1.0	1.0
12	4	73	2.161	0.374	21.935	1.263	1.0	1.0
12	4	70	2.032	0.18	22.677	1.376	1.0	1.0
12	4	67	1.968	0.18	24.452	1.67	1.0	1.0
12	4	64	1.968	0.18	27.484	2.461	1.0	1.0
12	4	61	1.552	0.632	32.897	4.731	0.871	0.935
12	4	58	0.31	0.66	33.25	5.007	0.194	0.258
12	4	55	0.0	0.0	nan	nan	0.0	0.0
12	4	52	0.0	0.0	nan	nan	0.0	0.0
12	4	49	0.0	0.0	nan	nan	0.0	0.0
12	4	46	0.0	0.0	nan	nan	0.0	0.0
12	4	43	0.0	0.0	nan	nan	0.0	0.0
12	4	40	0.0	0.0	nan	nan	0.0	0.0
12	4	37	0.0	0.0	nan	nan	0.0	0.0
12	4	34	0.0	0.0	nan	nan	0.0	0.0
12	4	31	0.0	0.0	nan	nan	0.0	0.0
12	4	28	0.0	0.0	nan	nan	0.0	0.0
13	4	100	4.0	0.0	14.548	0.506	1.0	1.0
13	4	97	4.0	0.0	14.806	0.477	1.0	1.0
13	4	94	4.0	0.0	15.097	0.597	1.0	1.0
13	4	91	3.806	0.402	15.452	0.568	1.0	1.0
13	4	88	3.71	0.461	15.742	0.514	1.0	1.0
13	4	85	3.452	0.506	16.387	0.615	1.0	1.0
13	4	82	3.226	0.425	16.613	0.558	1.0	1.0
13	4	79	2.968	0.18	17.452	0.888	1.0	1.0
13	4	76	2.645	0.486	18.129	0.67	1.0	1.0
13	4	73	2.161	0.374	19.032	0.752	1.0	1.0
13	4	70	2.0	0.365	19.806	1.302	1.0	1.0
13	4	67	1.968	0.18	20.903	0.746	1.0	1.0
13	4	64	1.742	0.514	22.355	1.644	1.0	1.0
13	4	61	1.452	0.506	24.032	1.643	1.0	1.0
13	4	58	1.194	0.402	25.194	2.167	1.0	1.0
13	4	55	0.593	0.501	30.3	3.729	0.516	0.645
13	4	52	0.0	0.0	nan	nan	0.0	0.0
13	4	49	0.0	0.0	nan	nan	0.0	0.0
13	4	46	0.0	0.0	nan	nan	0.0	0.0
13	4	43	0.0	0.0	nan	nan	0.0	0.0
13	4	40	0.0	0.0	nan	nan	0.0	0.0
13	4	37	0.0	0.0	nan	nan	0.0	0.0
13	4	34	0.0	0.0	nan	nan	0.0	0.0
13	4	31	0.0	0.0	nan	nan	0.0	0.0
13	4	28	0.0	0.0	nan	nan	0.0	0.0
14	4	100	4.806	0.402	14.097	0.396	1.0	1.0
14	4	97	4.419	0.502	14.516	0.508	1.0	1.0
14	4	94	4.065	0.25	14.935	0.359	1.0	1.0
14	4	91	4.0	0.0	15.129	0.619	1.0	1.0
14	4	88	4.0	0.0	15.677	0.475	1.0	1.0
14	4	85	4.0	0.0	16.065	0.68	1.0	1.0
14	4	82	4.0	0.0	16.581	0.502	1.0	1.0
14	4	79	3.935	0.25	17.161	0.638	1.0	1.0
14	4	76	3.677	0.541	17.581	0.672	1.0	1.0
14	4	73	2.871	0.67	18.226	0.717	1.0	1.0
14	4	70	2.129	0.341	19.548	0.85	1.0	1.0
14	4	67	2.0	0.0	20.677	1.137	1.0	1.0
14	4	64	2.0	0.0	21.613	1.283	1.0	1.0
14	4	61	2.0	0.0	23.581	1.478	1.0	1.0
14	4	58	2.0	0.0	26.613	2.578	0.968	1.0
14	4	55	1.72	0.614	30.517	4.231	0.742	0.935
14	4	52	0.621	0.862	33.769	4.867	0.355	0.419
14	4	49	0.033	0.183	34.5	2.121	0.032	0.065
14	4	46	0.0	0.0	nan	nan	0.0	0.0
14	4	43	0.0	0.0	nan	nan	0.0	0.0
14	4	40	0.0	0.0	nan	nan	0.0	0.0
14	4	37	0.0	0.0	nan	nan	0.0	0.0
14	4	34	0.0	0.0	nan	nan	0.0	0.0
14	4	31	0.0	0.0	nan	nan	0.0	0.0
14	4	28	0.0	0.0	nan	nan	0.0	0.0
15	4	100	4.065	0.25	13.839	0.374	1.0	1.0
15	4	97	4.0	0.0	14.419	0.502	1.0	1.0
15	4	94	4.0	0.0	14.806	0.477	1.0	1.0
15	4	91	4.0	0.0	14.935	0.512	1.0	1.0
15	4	88	3.968	0.18	15.355	0.486	1.0	1.0
15	4	85	3.903	0.301	15.742	0.445	1.0	1.0
15	4	82	3.677	0.475	16.774	0.617	1.0	1.0
15	4	79	3.29	0.461	17.065	0.998	1.0	1.0
15	4	76	2.71	0.529	17.968	0.657	1.0	1.0
15	4	73	2.484	0.508	18.516	0.926	1.0	1.0
15	4	70	2.161	0.374	19.387	1.202	1.0	1.0
15	4	67	2.032	0.18	20.968	1.472	1.0	1.0
15	4	64	1.903	0.301	24.581	3.713	1.0	1.0
15	4	61	1.833	0.461	25.367	2.735	0.935	0.968
15	4	58	0.963	0.808	30.091	4.439	0.581	0.71
15	4	55	0.097	0.396	33.5	0.707	0.065	0.065
15	4	52	0.0	0.0	nan	nan	0.0	0.0
15	4	49	0.0	0.0	nan	nan	0.0	0.0
15	4	46	0.0	0.0	nan	nan	0.0	0.0
15	4	43	0.0	0.0	nan	nan	0.0	0.0
15	4	40	0.0	0.0	nan	nan	0.0	0.0
15	4	37	0.0	0.0	nan	nan	0.0	0.0
15	4	34	0.0	0.0	nan	nan	0.0	0.0
15	4	31	0.0	0.0	nan	nan	0.0	0.0
15	4	28	0.0	0.0	nan	nan	0.0	0.0
16	4	100	5.839	0.374	14.935	0.574	1.0	1.0
16	4	97	5.387	0.495	15.484	0.508	1.0	1.0
16	4	94	5.226	0.425	15.645	0.608	1.0	1.0
16	4	91	4.968	0.18	16.097	0.597	1.0	1.0
16	4	88	4.968	0.18	16.548	0.624	1.0	1.0
16	4	85	4.839	0.374	16.935	0.442	1.0	1.0
16	4	82	4.387	0.615	17.484	0.851	1.0	1.0
16	4	79	3.935	0.727	18.129	0.922	1.0	1.0
16	4	76	3.355	0.551	18.613	0.803	1.0	1.0
16	4	73	3.0	0.258	20.0	0.966	1.0	1.0
16	4	70	2.871	0.341	21.097	0.944	1.0	1.0
16	4	67	2.581	0.502	21.871	1.231	1.0	1.0
16	4	64	2.226	0.497	23.677	1.166	1.0	1.0
16	4	61	2.097	0.301	25.516	1.73	1.0	1.0
16	4	58	1.935	0.442	27.533	2.403	0.968	0.968
16	4	55	1.645	0.661	30.857	2.649	0.903	0.903
16	4	52	0.407	0.747	34.727	2.832	0.226	0.355
16	4	49	0.0	0.0	43.0	0.0	0.0	0.032
16	4	46	0.0	0.0	nan	nan	0.0	0.0
16	4	43	0.0	0.0	nan	nan	0.0	0.0
16	4	40	0.0	0.0	nan	nan	0.0	0.0
16	4	37	0.0	0.0	nan	nan	0.0	0.0
16	4	34	0.0	0.0	nan	nan	0.0	0.0
16	4	31	0.0	0.0	nan	nan	0.0	0.0
16	4	28	0.0	0.0	nan	nan	0.0	0.0
17	4	100	4.806	0.402	15.065	0.442	1.0	1.0
17	4	97	4.484	0.508	15.032	0.315	1.0	1.0
17	4	94	4.29	0.461	15.677	0.475	1.0	1.0
17	4	91	4.0	0.0	15.806	0.654	1.0	1.0
17	4	88	4.0	0.0	16.355	0.486	1.0	1.0
17	4	85	4.0	0.0	16.903	1.106	1.0	1.0
17	4	82	3.903	0.301	17.226	0.669	1.0	1.0
17	4	79	3.226	0.717	18.452	1.06	1.0	1.0
17	4	76	2.839	0.779	18.774	0.956	1.0	1.0
17	4	73	2.29	0.461	19.806	1.014	1.0	1.0
17	4	70	2.0	0.0	20.839	1.036	1.0	1.0
17	4	67	2.0	0.0	22.581	1.361	1.0	1.0
17	4	64	2.032	0.18	23.774	2.232	1.0	1.0
17	4	61	1.774	0.425	26.226	1.783	1.0	1.0
17	4	58	1.731	0.533	29.933	4.323	0.806	0.968
17	4	55	0.533	0.73	31.538	3.733	0.387	0.419
17	4	52	0.0	0.0	nan	nan	0.0	0.0
17	4	49	0.0	0.0	nan	nan	0.0	0.0
17	4	46	0.0	0.0	nan	nan	0.0	0.0
17	4	43	0.0	0.0	nan	nan	0.0	0.0
17	4	40	0.0	0.0	nan	nan	0.0	0.0
17	4	37	0.0	0.0	nan	nan	0.0	0.0
17	4	34	0.0	0.0	nan	nan	0.0	0.0
17	4	31	0.0	0.0	nan	nan	0.0	0.0
17	4	28	0.0	0.0	nan	nan	0.0	0.0
18	4	100	5.452	0.506	14.097	0.473	1.0	1.0
18	4	97	5.29	0.461	14.097	0.301	1.0	1.0
18	4	94	5.0	0.0	14.613	0.495	1.0	1.0
18	4	91	5.0	0.0	14.742	0.682	1.0	1.0
18	4	88	5.0	0.0	15.194	0.402	1.0	1.0
18	4	85	4.968	0.18	15.581	0.564	1.0	1.0
18	4	82	4.742	0.445	16.194	0.654	1.0	1.0
18	4	79	4.29	0.461	16.613	0.715	1.0	1.0
18	4	76	4.0	0.258	17.161	0.638	1.0	1.0
18	4	73	3.839	0.374	17.645	0.755	1.0	1.0
18	4	70	3.161	0.454	18.71	0.643	1.0	1.0
18	4	67	3.032	0.315	19.645	0.755	1.0	1.0
18	4	64	2.935	0.359	20.839	1.393	1.0	1.0
18	4	61	2.516	0.508	22.29	1.296	1.0	1.0
18	4	58	2.129	0.341	24.129	1.455	1.0	1.0
18	4	55	1.968	0.18	27.0	3.276	1.0	1.0
18	4	52	1.567	0.679	32.607	4.516	0.871	0.903
18	4	49	0.655	0.614	39.105	4.569	0.548	0.613
18	4	46	0.0	0.0	nan	nan	0.0	0.0
18	4	43	0.0	0.0	nan	nan	0.0	0.0
18	4	40	0.0	0.0	nan	nan	0.0	0.0
18	4	37	0.0	0.0	nan	nan	0.0	0.0
18	4	34	0.0	0.0	nan	nan	0.0	0.0
18	4	31	0.0	0.0	nan	nan	0.0	0.0
18	4	28	0.0	0.0	nan	nan	0.0	0.0
19	4	100	5.516	0.508	12.968	0.18	1.0	1.0
19	4	97	5.129	0.341	13.258	0.575	1.0	1.0
19	4	94	5.032	0.18	13.323	0.475	1.0	1.0
19	4	91	5.0	0.0	13.871	0.499	1.0	1.0
19	4	88	5.0	0.0	14.129	0.562	1.0	1.0
19	4	85	4.935	0.25	14.419	0.672	1.0	1.0
19	4	82	4.548	0.506	14.742	0.514	1.0	1.0
19	4	79	4.161	0.374	15.226	0.717	1.0	1.0
19	4	76	4.129	0.341	15.839	0.779	1.0	1.0
19	4	73	4.0	0.0	16.323	0.541	1.0	1.0
19	4	70	4.032	0.18	16.871	0.763	1.0	1.0
19	4	67	3.839	0.374	17.774	0.805	1.0	1.0
19	4	64	2.968	0.547	19.0	0.966	1.0	1.0
19	4	61	2.258	0.445	20.452	1.15	1.0	1.0
19	4	58	2.161	0.374	21.774	1.499	1.0	1.0
19	4	55	2.0	0.0	24.548	2.567	1.0	1.0
19	4	52	2.0	0.0	27.839	3.257	1.0	1.0
19	4	49	1.31	0.761	32.962	4.845	0.774	0.839
19	4	46	0.0	0.0	41.0	0.0	0.0	0.032
19	4	43	0.0	0.0	nan	nan	0.0	0.0
19	4	40	0.0	0.0	nan	nan	0.0	0.0
19	4	37	0.0	0.0	nan	nan	0.0	0.0
19	4	34	0.0	0.0	nan	nan	0.0	0.0
19	4	31	0.0	0.0	nan	nan	0.0	0.0
19	4	28	0.0	0.0	nan	nan	0.0	0.0
20	4	100	4.0	0.0	15.774	0.56	1.0	1.0
20	4	97	4.0	0.0	16.129	0.428	1.0	1.0
20	4	94	4.0	0.0	16.645	0.709	1.0	1.0
20	4	91	3.935	0.25	17.129	0.67	1.0	1.0
20	4	88	3.387	0.761	17.774	0.92	1.0	1.0
20	4	85	2.71	0.529	18.419	0.62	1.0	1.0
20	4	82	2.161	0.374	19.71	1.321	1.0	1.0
20	4	79	1.968	0.18	20.161	1.068	1.0	1.0
20	4	76	2.0	0.0	21.387	1.022	1.0	1.0
20	4	73	2.0	0.0	23.355	1.226	1.0	1.0
20	4	70	1.935	0.25	25.258	2.16	1.0	1.0
20	4	67	1.9	0.305	27.806	2.892	0.968	1.0
20	4	64	0.88	0.666	33.125	4.357	0.581	0.774
20	4	61	0.0	0.0	35.0	0.0	0.0	0.032
20	4	58	0.0	0.0	nan	nan	0.0	0.0
20	4	55	0.0	0.0	nan	nan	0.0	0.0
20	4	52	0.0	0.0	nan	nan	0.0	0.0
20	4	49	0.0	0.0	nan	nan	0.0	0.0
20	4	46	0.0	0.0	nan	nan	0.0	0.0
20	4	43	0.0	0.0	nan	nan	0.0	0.0
20	4	40	0.0	0.0	nan	nan	0.0	0.0
20	4	37	0.0	0.0	nan	nan	0.0	0.0
20	4	34	0.0	0.0	nan	nan	0.0	0.0
20	4	31	0.0	0.0	nan	nan	0.0	0.0
20	4	28	0.0	0.0	nan	nan	0.0	0.0
21	4	100	4.0	0.0	14.29	0.461	1.0	1.0
21	4	97	3.968	0.18	14.613	0.558	1.0	1.0
21	4	94	3.871	0.341	15.032	0.482	1.0	1.0
21	4	91	3.581	0.502	15.452	0.506	1.0	1.0
21	4	88	3.419	0.502	15.71	0.461	1.0	1.0
21	4	85	3.032	0.18	16.161	0.583	1.0	1.0
21	4	82	3.032	0.18	16.839	0.523	1.0	1.0
21	4	79	2.871	0.341	17.516	1.061	1.0	1.0
21	4	76	2.742	0.445	17.903	0.7	1.0	1.0
21	4	73	2.258	0.445	18.871	0.763	1.0	1.0
21	4	70	1.806	0.402	20.29	0.973	1.0	1.0
21	4	67	1.71	0.461	20.935	0.964	1.0	1.0
21	4	64	1.097	0.301	23.29	1.792	1.0	1.0
21	4	61	1.0	0.258	25.0	1.912	0.968	0.968
21	4	58	0.5	0.509	27.375	2.029	0.484	0.516
21	4	55	0.0	0.0	nan	nan	0.0	0.0
21	4	52	0.0	0.0	nan	nan	0.0	0.0
21	4	49	0.0	0.0	nan	nan	0.0	0.0
21	4	46	0.0	0.0	nan	nan	0.0	0.0
21	4	43	0.0	0.0	nan	nan	0.0	0.0
21	4	40	0.0	0.0	nan	nan	0.0	0.0
21	4	37	0.0	0.0	nan	nan	0.0	0.0
21	4	34	0.0	0.0	nan	nan	0.0	0.0
21	4	31	0.0	0.0	nan	nan	0.0	0.0
21	4	28	0.0	0.0	nan	nan	0.0	0.0
22	4	100	4.0	0.0	14.258	0.445	1.0	1.0
22	4	97	3.968	0.18	14.645	0.486	1.0	1.0
22	4	94	3.968	0.18	14.968	0.482	1.0	1.0
22	4	91	4.0	0.0	15.323	0.541	1.0	1.0
22	4	88	3.935	0.25	15.871	0.562	1.0	1.0
22	4	85	3.613	0.495	16.226	0.56	1.0	1.0
22	4	82	3.323	0.475	16.71	0.643	1.0	1.0
22	4	79	3.0	0.447	17.419	0.807	1.0	1.0
22	4	76	2.71	0.588	18.097	0.908	1.0	1.0
22	4	73	2.258	0.445	18.839	0.86	1.0	1.0
22	4	70	2.0	0.0	20.0	1.183	1.0	1.0
22	4	67	2.0	0.0	21.935	1.611	1.0	1.0
22	4	64	2.0	0.0	23.226	1.586	1.0	1.0
22	4	61	1.581	0.502	26.0	1.751	1.0	1.0
22	4	58	1.308	0.549	30.233	4.049	0.806	0.968
22	4	55	0.065	0.25	33.5	0.707	0.065	0.065
22	4	52	0.0	0.0	nan	nan	0.0	0.0
22	4	49	0.0	0.0	nan	nan	0.0	0.0
22	4	46	0.0	0.0	nan	nan	0.0	0.0
22	4	43	0.0	0.0	nan	nan	0.0	0.0
22	4	40	0.0	0.0	nan	nan	0.0	0.0
22	4	37	0.0	0.0	nan	nan	0.0	0.0
22	4	34	0.0	0.0	nan	nan	0.0	0.0
22	4	31	0.0	0.0	nan	nan	0.0	0.0
22	4	28	0.0	0.0	nan	nan	0.0	0.0
23	4	100	3.548	0.506	15.032	0.482	1.0	1.0
23	4	97	3.323	0.475	15.29	0.529	1.0	1.0
23	4	94	3.097	0.396	15.645	0.839	1.0	1.0
23	4	91	3.0	0.0	16.032	0.605	1.0	1.0
23	4	88	3.0	0.0	16.548	0.568	1.0	1.0
23	4	85	3.0	0.0	17.194	0.543	1.0	1.0
23	4	82	2.71	0.529	17.839	0.779	1.0	1.0
23	4	79	2.323	0.791	18.419	0.765	1.0	1.0
23	4	76	1.581	0.672	19.419	1.311	1.0	1.0
23	4	73	1.0	0.0	20.935	1.413	1.0	1.0
23	4	70	1.065	0.25	22.258	1.437	1.0	1.0
23	4	67	1.0	0.0	24.613	1.838	1.0	1.0
23	4	64	0.5	0.572	26.333	2.895	0.452	0.484
23	4	61	0.032	0.18	25.0	0.0	0.032	0.032
23	4	58	0.0	0.0	nan	nan	0.0	0.0
23	4	55	0.0	0.0	nan	nan	0.0	0.0
23	4	52	0.0	0.0	nan	nan	0.0	0.0
23	4	49	0.0	0.0	nan	nan	0.0	0.0
23	4	46	0.0	0.0	nan	nan	0.0	0.0
23	4	43	0.0	0.0	nan	nan	0.0	0.0
23	4	40	0.0	0.0	nan	nan	0.0	0.0
23	4	37	0.0	0.0	nan	nan	0.0	0.0
23	4	34	0.0	0.0	nan	nan	0.0	0.0
23	4	31	0.0	0.0	nan	nan	0.0	0.0
23	4	28	0.0	0.0	nan	nan	0.0	0.0
24	4	100	5.613	0.495	14.032	0.315	1.0	1.0
24	4	97	5.194	0.402	14.355	0.551	1.0	1.0
24	4	94	5.065	0.359	14.613	0.667	1.0	1.0
24	4	91	4.968	0.315	14.903	0.539	1.0	1.0
24	4	88	4.903	0.301	15.194	0.477	1.0	1.0
24	4	85	4.839	0.374	15.484	0.626	1.0	1.0
24	4	82	4.419	0.502	16.194	0.654	1.0	1.0
24	4	79	4.097	0.396	16.548	0.888	1.0	1.0
24	4	76	3.968	0.407	17.194	0.833	1.0	1.0
24	4	73	3.71	0.529	17.645	0.915	1.0	1.0
24	4	70	3.323	0.541	18.355	1.082	1.0	1.0
24	4	67	2.935	0.512	19.581	1.259	1.0	1.0
24	4	64	2.355	0.486	20.871	1.31	1.0	1.0
24	4	61	2.032	0.315	22.355	1.582	1.0	1.0
24	4	58	2.0	0.258	23.839	2.002	1.0	1.0
24	4	55	1.806	0.402	25.71	3.024	1.0	1.0
24	4	52	1.214	0.787	31.16	3.387	0.71	0.806
24	4	49	0.767	0.817	32.059	4.069	0.516	0.548
24	4	46	0.065	0.359	34.0	0.0	0.032	0.032
24	4	43	0.0	0.0	nan	nan	0.0	0.0
24	4	40	0.0	0.0	nan	nan	0.0	0.0
24	4	37	0.0	0.0	nan	nan	0.0	0.0
24	4	34	0.0	0.0	nan	nan	0.0	0.0
24	4	31	0.0	0.0	nan	nan	0.0	0.0
24	4	28	0.0	0.0	nan	nan	0.0	0.0
25	4	100	4.968	0.315	13.806	0.402	1.0	1.0
25	4	97	4.935	0.25	14.323	0.541	1.0	1.0
25	4	94	4.613	0.495	14.355	0.709	1.0	1.0
25	4	91	4.355	0.486	14.935	0.442	1.0	1.0
25	4	88	4.097	0.301	15.419	0.502	1.0	1.0
25	4	85	4.0	0.0	15.677	0.653	1.0	1.0
25	4	82	4.0	0.0	16.29	0.643	1.0	1.0
25	4	79	3.968	0.18	16.581	0.672	1.0	1.0
25	4	76	3.903	0.301	17.226	0.717	1.0	1.0
25	4	73	3.71	0.461	17.548	0.85	1.0	1.0
25	4	70	2.548	0.723	18.677	0.909	1.0	1.0
25	4	67	2.129	0.341	19.71	1.101	1.0	1.0
25	4	64	2.0	0.0	20.742	1.316	1.0	1.0
25	4	61	2.0	0.0	22.323	1.077	1.0	1.0
25	4	58	2.0	0.0	23.581	1.361	1.0	1.0
25	4	55	1.774	0.425	26.355	2.939	1.0	1.0
25	4	52	1.367	0.718	29.333	3.486	0.839	0.871
25	4	49	0.167	0.381	34.364	2.976	0.129	0.355
25	4	46	0.0	0.0	nan	nan	0.0	0.0
25	4	43	0.0	0.0	nan	nan	0.0	0.0
25	4	40	0.0	0.0	nan	nan	0.0	0.0
25	4	37	0.0	0.0	nan	nan	0.0	0.0
25	4	34	0.0	0.0	nan	nan	0.0	0.0
25	4	31	0.0	0.0	nan	nan	0.0	0.0
25	4	28	0.0	0.0	nan	nan	0.0	0.0
26	4	100	4.806	0.402	14.161	0.374	1.0	1.0
26	4	97	4.548	0.506	14.677	0.475	1.0	1.0
26	4	94	4.226	0.425	14.806	0.601	1.0	1.0
26	4	91	4.0	0.0	15.0	0.447	1.0	1.0
26	4	88	4.0	0.0	15.355	0.551	1.0	1.0
26	4	85	4.0	0.0	15.903	0.597	1.0	1.0
26	4	82	3.839	0.374	16.355	0.608	1.0	1.0
26	4	79	3.548	0.506	16.71	0.529	1.0	1.0
26	4	76	3.323	0.599	17.452	0.675	1.0	1.0
26	4	73	2.774	0.56	17.871	0.991	1.0	1.0
26	4	70	2.161	0.374	19.226	0.956	1.0	1.0
26	4	67	1.968	0.18	19.871	1.284	1.0	1.0
26	4	64	1.871	0.341	21.71	1.243	1.0	1.0
26	4	61	1.645	0.486	23.323	1.681	1.0	1.0
26	4	58	1.484	0.626	25.0	1.964	0.935	0.935
26	4	55	0.613	0.667	27.812	2.834	0.516	0.516
26	4	52	0.032	0.18	33.0	0.0	0.032	0.032
26	4	49	0.0	0.0	nan	nan	0.0	0.0
26	4	46	0.0	0.0	nan	nan	0.0	0.0
26	4	43	0.0	0.0	nan	nan	0.0	0.0
26	4	40	0.0	0.0	nan	nan	0.0	0.0
26	4	37	0.0	0.0	nan	nan	0.0	0.0
26	4	34	0.0	0.0	nan	nan	0.0	0.0
26	4	31	0.0	0.0	nan	nan	0.0	0.0
26	4	28	0.0	0.0	nan	nan	0.0	0.0
27	4	100	7.032	0.18	14.161	0.374	1.0	1.0
27	4	97	7.032	0.18	14.516	0.677	1.0	1.0
27	4	94	6.968	0.18	14.71	0.529	1.0	1.0
27	4	91	6.677	0.475	15.032	0.482	1.0	1.0
27	4	88	6.258	0.445	15.387	0.558	1.0	1.0
27	4	85	6.0	0.0	15.677	0.653	1.0	1.0
27	4	82	6.0	0.0	16.355	0.608	1.0	1.0
27	4	79	5.935	0.25	16.613	0.558	1.0	1.0
27	4	76	5.452	0.568	17.226	0.617	1.0	1.0
27	4	73	4.903	0.539	17.806	0.654	1.0	1.0
27	4	70	4.355	0.486	18.742	0.855	1.0	1.0
27	4	67	4.129	0.341	19.677	1.222	1.0	1.0
27	4	64	3.903	0.301	20.774	1.146	1.0	1.0
27	4	61	3.226	0.425	22.161	1.293	1.0	1.0
27	4	58	3.097	0.301	23.677	1.558	1.0	1.0
27	4	55	2.968	0.18	26.387	3.019	1.0	1.0
27	4	52	2.839	0.454	30.323	4.707	1.0	1.0
27	4	49	1.867	0.9	36.607	4.614	0.871	0.903
27	4	46	0.517	0.829	43.0	6.523	0.323	0.387
27	4	43	0.0	0.0	nan	nan	0.0	0.0
27	4	40	0.0	0.0	nan	nan	0.0	0.0
27	4	37	0.0	0.0	nan	nan	0.0	0.0
27	4	34	0.0	0.0	nan	nan	0.0	0.0
27	4	31	0.0	0.0	nan	nan	0.0	0.0
27	4	28	0.0	0.0	nan	nan	0.0	0.0
28	4	100	5.742	0.445	14.71	0.529	1.0	1.0
28	4	97	5.355	0.486	14.968	0.315	1.0	1.0
28	4	94	5.194	0.402	15.065	0.442	1.0	1.0
28	4	91	5.032	0.18	15.548	0.506	1.0	1.0
28	4	88	5.0	0.0	16.032	0.605	1.0	1.0
28	4	85	5.0	0.0	16.419	0.564	1.0	1.0
28	4	82	4.613	0.558	16.935	1.063	1.0	1.0
28	4	79	4.065	0.442	17.484	0.508	1.0	1.0
28	4	76	3.71	0.461	18.0	0.816	1.0	1.0
28	4	73	3.161	0.374	19.097	0.651	1.0	1.0
28	4	70	3.0	0.0	20.226	0.884	1.0	1.0
28	4	67	2.839	0.454	21.226	1.477	1.0	1.0
28	4	64	2.484	0.508	23.226	1.499	1.0	1.0
28	4	61	2.065	0.25	25.452	1.786	1.0	1.0
28	4	58	1.839	0.454	29.968	5.25	1.0	1.0
28	4	55	1.31	0.712	34.481	4.718	0.806	0.871
28	4	52	0.133	0.346	37.8	7.396	0.129	0.161
28	4	49	0.067	0.365	33.0	12.728	0.032	0.065
28	4	46	0.0	0.0	nan	nan	0.0	0.0
28	4	43	0.0	0.0	nan	nan	0.0	0.0
28	4	40	0.0	0.0	nan	nan	0.0	0.0
28	4	37	0.0	0.0	nan	nan	0.0	0.0
28	4	34	0.0	0.0	nan	nan	0.0	0.0
28	4	31	0.0	0.0	nan	nan	0.0	0.0
28	4	28	0.0	0.0	nan	nan	0.0	0.0
29	4	100	3.0	0.0	15.355	0.486	1.0	1.0
29	4	97	2.935	0.25	15.871	0.562	1.0	1.0
29	4	94	2.903	0.301	16.032	0.482	1.0	1.0
29	4	91	2.774	0.425	16.645	0.486	1.0	1.0
29	4	88	2.419	0.564	17.129	0.67	1.0	1.0
29	4	85	1.871	0.562	17.839	0.898	1.0	1.0
29	4	82	1.516	0.508	18.355	0.915	1.0	1.0
29	4	79	1.355	0.486	18.903	1.012	1.0	1.0
29	4	76	1.032	0.18	20.194	1.223	1.0	1.0
29	4	73	1.0	0.0	21.742	1.57	1.0	1.0
29	4	70	0.968	0.18	23.8	1.846	0.968	0.968
29	4	67	0.967	0.183	24.967	2.173	0.935	0.968
29	4	64	0.323	0.475	26.0	1.886	0.323	0.323
29	4	61	0.0	0.0	nan	nan	0.0	0.0
29	4	58	0.0	0.0	nan	nan	0.0	0.0
29	4	55	0.0	0.0	nan	nan	0.0	0.0
29	4	52	0.0	0.0	nan	nan	0.0	0.0
29	4	49	0.0	0.0	nan	nan	0.0	0.0
29	4	46	0.0	0.0	nan	nan	0.0	0.0
29	4	43	0.0	0.0	nan	nan	0.0	0.0
29	4	40	0.0	0.0	nan	nan	0.0	0.0
29	4	37	0.0	0.0	nan	nan	0.0	0.0
29	4	34	0.0	0.0	nan	nan	0.0	0.0
29	4	31	0.0	0.0	nan	nan	0.0	0.0
29	4	28	0.0	0.0	nan	nan	0.0	0.0
30	4	100	4.871	0.341	14.226	0.617	1.0	1.0
30	4	97	4.677	0.475	14.839	0.454	1.0	1.0
30	4	94	4.258	0.445	14.968	0.706	1.0	1.0
30	4	91	4.355	0.486	15.194	0.601	1.0	1.0
30	4	88	4.032	0.18	15.806	0.477	1.0	1.0
30	4	85	3.968	0.18	16.065	0.68	1.0	1.0
30	4	82	3.968	0.18	16.516	0.57	1.0	1.0
30	4	79	3.935	0.25	17.161	0.583	1.0	1.0
30	4	76	3.387	0.615	17.774	0.845	1.0	1.0
30	4	73	2.839	0.583	18.323	0.791	1.0	1.0
30	4	70	2.484	0.57	18.968	0.983	1.0	1.0
30	4	67	2.0	0.0	20.548	0.925	1.0	1.0
30	4	64	2.032	0.18	21.742	1.341	1.0	1.0
30	4	61	1.774	0.425	23.452	1.567	1.0	1.0
30	4	58	1.613	0.495	25.355	2.457	1.0	1.0
30	4	55	1.065	0.727	27.458	2.889	0.774	0.774
30	4	52	0.032	0.18	30.0	0.0	0.032	0.032
30	4	49	0.0	0.0	nan	nan	0.0	0.0
30	4	46	0.0	0.0	nan	nan	0.0	0.0
30	4	43	0.0	0.0	nan	nan	0.0	0.0
30	4	40	0.0	0.0	nan	nan	0.0	0.0
30	4	37	0.0	0.0	nan	nan	0.0	0.0
30	4	34	0.0	0.0	nan	nan	0.0	0.0
30	4	31	0.0	0.0	nan	nan	0.0	0.0
30	4	28	0.0	0.0	nan	nan	0.0	0.0
31	4	100	3.645	0.486	14.806	0.402	1.0	1.0
31	4	97	3.29	0.461	15.0	0.683	1.0	1.0
31	4	94	3.032	0.18	15.581	0.502	1.0	1.0
31	4	91	3.0	0.0	15.935	0.512	1.0	1.0
31	4	88	3.0	0.0	16.258	0.575	1.0	1.0
31	4	85	2.968	0.18	16.871	0.846	1.0	1.0
31	4	82	2.742	0.514	17.484	0.724	1.0	1.0
31	4	79	2.387	0.667	18.129	0.806	1.0	1.0
31	4	76	1.645	0.709	18.968	1.14	1.0	1.0
31	4	73	1.387	0.558	20.129	2.012	1.0	1.0
31	4	70	1.032	0.18	21.548	1.67	1.0	1.0
31	4	67	1.032	0.18	22.871	2.109	1.0	1.0
31	4	64	0.903	0.301	24.929	2.324	0.903	0.903
31	4	61	0.276	0.528	25.889	3.444	0.226	0.29
31	4	58	0.0	0.0	nan	nan	0.0	0.0
31	4	55	0.0	0.0	nan	nan	0.0	0.0
31	4	52	0.0	0.0	nan	nan	0.0	0.0
31	4	49	0.0	0.0	nan	nan	0.0	0.0
31	4	46	0.0	0.0	nan	nan	0.0	0.0
31	4	43	0.0	0.0	nan	nan	0.0	0.0
31	4	40	0.0	0.0	nan	nan	0.0	0.0
31	4	37	0.0	0.0	nan	nan	0.0	0.0
31	4	34	0.0	0.0	nan	nan	0.0	0.0
31	4	31	0.0	0.0	nan	nan	0.0	0.0
31	4	28	0.0	0.0	nan	nan	0.0	0.0
0	5	100	6.097	0.301	14.581	0.564	1.0	1.0
0	5	97	6.0	0.0	14.968	0.315	1.0	1.0
0	5	94	5.742	0.445	15.29	0.693	1.0	1.0
0	5	91	5.774	0.425	15.645	0.486	1.0	1.0
0	5	88	5.29	0.461	16.032	0.547	1.0	1.0
0	5	85	5.129	0.341	16.452	0.675	1.0	1.0
0	5	82	4.935	0.25	17.065	0.574	1.0	1.0
0	5	79	4.968	0.18	17.548	0.624	1.0	1.0
0	5	76	4.129	0.763	18.29	0.643	1.0	1.0
0	5	73	3.419	0.672	19.065	0.892	1.0	1.0
0	5	70	3.032	0.18	20.355	1.05	1.0	1.0
0	5	67	3.032	0.18	21.129	2.078	1.0	1.0
0	5	64	3.0	0.0	22.677	2.197	1.0	1.0
0	5	61	2.903	0.301	24.774	1.802	1.0	1.0
0	5	58	2.613	0.495	27.29	2.519	1.0	1.0
0	5	55	1.839	0.583	31.452	4.106	1.0	1.0
0	5	52	1.138	0.693	36.704	5.037	0.806	0.871
0	5	49	0.179	0.39	41.0	2.673	0.161	0.258
0	5	46	0.0	0.0	nan	nan	0.0	0.0
0	5	43	0.0	0.0	nan	nan	0.0	0.0
0	5	40	0.0	0.0	nan	nan	0.0	0.0
0	5	37	0.0	0.0	nan	nan	0.0	0.0
0	5	34	0.0	0.0	nan	nan	0.0	0.0
0	5	31	0.0	0.0	nan	nan	0.0	0.0
0	5	28	0.0	0.0	nan	nan	0.0	0.0
1	5	100	3.968	0.18	17.161	0.638	1.0	1.0
1	5	97	3.871	0.341	17.613	0.615	1.0	1.0
1	5	94	3.645	0.486	17.903	0.597	1.0	1.0
1	5	91	3.226	0.56	18.677	0.702	1.0	1.0
1	5	88	2.355	0.486	19.645	0.985	1.0	1.0
1	5	85	2.323	0.475	20.323	1.077	1.0	1.0
1	5	82	2.032	0.18	21.484	1.122	1.0	1.0
1	5	79	2.0	0.0	23.419	1.361	1.0	1.0
1	5	76	2.0	0.0	24.516	1.458	1.0	1.0
1	5	73	1.935	0.25	26.452	2.488	1.0	1.0
1	5	70	1.667	0.606	28.655	3.687	0.903	0.935
1	5	67	1.077	0.796	32.458	3.575	0.613	0.774
1	5	64	0.032	0.18	33.0	0.0	0.032	0.032
1	5	61	0.0	0.0	nan	nan	0.0	0.0
1	5	58	0.0	0.0	nan	nan	0.0	0.0
1	5	55	0.0	0.0	nan	nan	0.0	0.0
1	5	52	0.0	0.0	nan	nan	0.0	0.0
1	5	49	0.0	0.0	nan	nan	0.0	0.0
1	5	46	0.0	0.0	nan	nan	0.0	0.0
1	5	43	0.0	0.0	nan	nan	0.0	0.0
1	5	40	0.0	0.0	nan	nan	0.0	0.0
1	5	37	0.0	0.0	nan	nan	0.0	0.0
1	5	34	0.0	0.0	nan	nan	0.0	0.0
1	5	31	0.0	0.0	nan	nan	0.0	0.0
1	5	28	0.0	0.0	nan	nan	0.0	0.0
2	5	100	4.0	0.0	16.097	0.396	1.0	1.0
2	5	97	3.903	0.301	16.452	0.568	1.0	1.0
2	5	94	3.581	0.502	16.935	0.574	1.0	1.0
2	5	91	3.097	0.473	17.516	0.677	1.0	1.0
2	5	88	2.871	0.428	17.935	0.892	1.0	1.0
2	5	85	2.29	0.461	18.677	0.653	1.0	1.0
2	5	82	2.032	0.315	19.645	1.704	1.0	1.0
2	5	79	1.903	0.301	20.452	0.961	1.0	1.0
2	5	76	1.71	0.461	21.355	1.45	1.0	1.0
2	5	73	1.484	0.508	23.0	1.238	1.0	1.0
2	5	70	1.129	0.499	24.724	1.556	0.935	0.935
2	5	67	0.793	0.491	27.208	3.243	0.71	0.774
2	5	64	0.194	0.402	27.333	3.327	0.194	0.194
2	5	61	0.0	0.0	nan	nan	0.0	0.0
2	5	58	0.0	0.0	nan	nan	0.0	0.0
2	5	55	0.0	0.0	nan	nan	0.0	0.0
2	5	52	0.0	0.0	nan	nan	0.0	0.0
2	5	49	0.0	0.0	nan	nan	0.0	0.0
2	5	46	0.0	0.0	nan	nan	0.0	0.0
2	5	43	0.0	0.0	nan	nan	0.0	0.0
2	5	40	0.0	0.0	nan	nan	0.0	0.0
2	5	37	0.0	0.0	nan	nan	0.0	0.0
2	5	34	0.0	0.0	nan	nan	0.0	0.0
2	5	31	0.0	0.0	nan	nan	0.0	0.0
2	5	28	0.0	0.0	nan	nan	0.0	0.0
3	5	100	3.968	0.18	16.484	0.677	1.0	1.0
3	5	97	3.774	0.425	17.097	0.831	1.0	1.0
3	5	94	3.548	0.568	17.355	0.661	1.0	1.0
3	5	91	3.0	0.683	18.032	0.706	1.0	1.0
3	5	88	2.452	0.624	18.645	0.608	1.0	1.0
3	5	85	2.032	0.18	19.387	0.803	1.0	1.0
3	5	82	2.0	0.0	20.387	0.955	1.0	1.0
3	5	79	1.968	0.18	21.484	1.338	1.0	1.0
3	5	76	1.613	0.495	22.677	1.447	1.0	1.0
3	5	73	1.419	0.564	23.733	2.016	0.968	0.968
3	5	70	0.9	0.481	26.115	2.438	0.806	0.839
3	5	67	0.613	0.495	28.316	2.562	0.613	0.613
3	5	64	0.0	0.0	nan	nan	0.0	0.0
3	5	61	0.0	0.0	nan	nan	0.0	0.0
3	5	58	0.0	0.0	nan	nan	0.0	0.0
3	5	55	0.0	0.0	nan	nan	0.0	0.0
3	5	52	0.0	0.0	nan	nan	0.0	0.0
3	5	49	0.0	0.0	nan	nan	0.0	0.0
3	5	46	0.0	0.0	nan	nan	0.0	0.0
3	5	43	0.0	0.0	nan	nan	0.0	0.0
3	5	40	0.0	0.0	nan	nan	0.0	0.0
3	5	37	0.0	0.0	nan	nan	0.0	0.0
3	5	34	0.0	0.0	nan	nan	0.0	0.0
3	5	31	0.0	0.0	nan	nan	0.0	0.0
3	5	28	0.0	0.0	nan	nan	0.0	0.0
4	5	100	4.968	0.18	14.323	0.475	1.0	1.0
4	5	97	4.806	0.402	14.677	0.702	1.0	1.0
4	5	94	4.645	0.486	14.839	0.374	1.0	1.0
4	5	91	4.452	0.506	15.194	0.543	1.0	1.0
4	5	88	4.129	0.341	15.613	0.615	1.0	1.0
4	5	85	4.0	0.258	16.097	0.831	1.0	1.0
4	5	82	3.968	0.18	16.548	0.624	1.0	1.0
4	5	79	3.903	0.301	17.194	0.792	1.0	1.0
4	5	76	3.581	0.672	17.581	1.057	1.0	1.0
4	5	73	2.839	0.688	18.484	0.89	1.0	1.0
4	5	70	2.29	0.461	19.742	1.365	1.0	1.0
4	5	67	2.065	0.25	20.645	1.355	1.0	1.0
4	5	64	2.065	0.25	21.968	2.073	1.0	1.0
4	5	61	1.935	0.25	24.258	2.097	1.0	1.0
4	5	58	1.903	0.301	25.581	2.218	1.0	1.0
4	5	55	1.259	0.764	30.423	4.64	0.71	0.839
4	5	52	0.103	0.31	35.4	3.912	0.097	0.161
4	5	49	0.0	0.0	nan	nan	0.0	0.0
4	5	46	0.0	0.0	nan	nan	0.0	0.0
4	5	43	0.0	0.0	nan	nan	0.0	0.0
4	5	40	0.0	0.0	nan	nan	0.0	0.0
4	5	37	0.0	0.0	nan	nan	0.0	0.0
4	5	34	0.0	0.0	nan	nan	0.0	0.0
4	5	31	0.0	0.0	nan	nan	0.0	0.0
4	5	28	0.0	0.0	nan	nan	0.0	0.0
5	5	100	3.839	0.374	14.226	0.56	1.0	1.0
5	5	97	3.645	0.486	14.677	0.475	1.0	1.0
5	5	94	3.258	0.445	14.935	0.574	1.0	1.0
5	5	91	3.032	0.18	15.258	0.445	1.0	1.0
5	5	88	3.0	0.0	15.806	0.543	1.0	1.0
5	5	85	2.968	0.18	16.258	0.93	1.0	1.0
5	5	82	2.935	0.25	16.677	0.653	1.0	1.0
5	5	79	2.71	0.643	17.645	0.798	1.0	1.0
5	5	76	2.226	0.669	18.097	0.831	1.0	1.0
5	5	73	1.161	0.374	19.419	0.958	1.0	1.0
5	5	70	1.097	0.301	20.774	2.617	1.0	1.0
5	5	67	1.0	0.0	22.677	1.661	1.0	1.0
5	5	64	0.633	0.49	24.2	2.167	0.613	0.645
5	5	61	0.033	0.183	26.5	3.536	0.032	0.065
5	5	58	0.0	0.0	nan	nan	0.0	0.0
5	5	55	0.0	0.0	nan	nan	0.0	0.0
5	5	52	0.0	0.0	nan	nan	0.0	0.0
5	5	49	0.0	0.0	nan	nan	0.0	0.0
5	5	46	0.0	0.0	nan	nan	0.0	0.0
5	5	43	0.0	0.0	nan	nan	0.0	0.0
5	5	40	0.0	0.0	nan	nan	0.0	0.0
5	5	37	0.0	0.0	nan	nan	0.0	0.0
5	5	34	0.0	0.0	nan	nan	0.0	0.0
5	5	31	0.0	0.0	nan	nan	0.0	0.0
5	5	28	0.0	0.0	nan	nan	0.0	0.0
6	5	100	4.0	0.0	16.097	0.473	1.0	1.0
6	5	97	4.032	0.18	16.355	0.661	1.0	1.0
6	5	94	4.0	0.0	16.806	0.601	1.0	1.0
6	5	91	3.903	0.301	17.29	0.643	1.0	1.0
6	5	88	3.71	0.588	17.968	0.657	1.0	1.0
6	5	85	3.032	0.657	18.484	0.626	1.0	1.0
6	5	82	2.387	0.558	19.355	0.839	1.0	1.0
6	5	79	2.032	0.18	20.484	1.029	1.0	1.0
6	5	76	2.032	0.18	21.194	1.515	1.0	1.0
6	5	73	2.0	0.0	22.548	1.48	1.0	1.0
6	5	70	2.0	0.263	24.903	3.145	0.968	1.0
6	5	67	1.935	0.25	27.065	2.502	1.0	1.0
6	5	64	1.556	0.641	31.517	4.874	0.806	0.935
6	5	61	0.231	0.587	34.111	5.134	0.129	0.29
6	5	58	0.0	0.0	nan	nan	0.0	0.0
6	5	55	0.0	0.0	nan	nan	0.0	0.0
6	5	52	0.0	0.0	nan	nan	0.0	0.0
6	5	49	0.0	0.0	nan	nan	0.0	0.0
6	5	46	0.0	0.0	nan	nan	0.0	0.0
6	5	43	0.0	0.0	nan	nan	0.0	0.0
6	5	40	0.0	0.0	nan	nan	0.0	0.0
6	5	37	0.0	0.0	nan	nan	0.0	0.0
6	5	34	0.0	0.0	nan	nan	0.0	0.0
6	5	31	0.0	0.0	nan	nan	0.0	0.0
6	5	28	0.0	0.0	nan	nan	0.0	0.0
7	5	100	3.839	0.374	14.935	0.359	1.0	1.0
7	5	97	3.581	0.564	15.323	0.791	1.0	1.0
7	5	94	3.194	0.402	15.742	0.575	1.0	1.0
7	5	91	3.065	0.25	15.968	0.547	1.0	1.0
7	5	88	3.0	0.0	16.677	0.653	1.0	1.0
7	5	85	2.968	0.18	17.258	0.631	1.0	1.0
7	5	82	2.839	0.374	17.645	0.839	1.0	1.0
7	5	79	2.194	0.749	18.419	0.765	1.0	1.0
7	5	76	1.677	0.541	19.484	0.769	1.0	1.0
7	5	73	1.323	0.475	20.677	1.045	1.0	1.0
7	5	70	1.065	0.25	21.935	1.459	1.0	1.0
7	5	67	0.966	0.186	24.567	2.269	0.903	0.968
7	5	64	0.355	0.486	25.182	1.401	0.355	0.355
7	5	61	0.0	0.0	nan	nan	0.0	0.0
7	5	58	0.0	0.0	nan	nan	0.0	0.0
7	5	55	0.0	0.0	nan	nan	0.0	0.0
7	5	52	0.0	0.0	nan	nan	0.0	0.0
7	5	49	0.0	0.0	nan	nan	0.0	0.0
7	5	46	0.0	0.0	nan	nan	0.0	0.0
7	5	43	0.0	0.0	nan	nan	0.0	0.0
7	5	40	0.0	0.0	nan	nan	0.0	0.0
7	5	37	0.0	0.0	nan	nan	0.0	0.0
7	5	34	0.0	0.0	nan	nan	0.0	0.0
7	5	31	0.0	0.0	nan	nan	0.0	0.0
7	5	28	0.0	0.0	nan	nan	0.0	0.0
8	5	100	4.0	0.0	14.839	0.523	1.0	1.0
8	5	97	3.968	0.18	15.258	0.445	1.0	1.0
8	5	94	3.871	0.341	15.581	0.62	1.0	1.0
8	5	91	3.71	0.461	16.032	0.605	1.0	1.0
8	5	88	3.258	0.445	16.484	0.626	1.0	1.0
8	5	85	3.161	0.454	17.032	0.657	1.0	1.0
8	5	82	2.903	0.301	17.742	0.631	1.0	1.0
8	5	79	2.581	0.502	18.355	0.95	1.0	1.0
8	5	76	1.968	0.315	19.258	0.773	1.0	1.0
8	5	73	1.839	0.374	20.548	1.261	1.0	1.0
8	5	70	1.194	0.402	22.194	1.25	1.0	1.0
8	5	67	1.194	0.402	23.677	1.536	1.0	1.0
8	5	64	0.867	0.346	25.778	2.621	0.839	0.871
8	5	61	0.3	0.466	26.3	2.71	0.29	0.323
8	5	58	0.0	0.0	nan	nan	0.0	0.0
8	5	55	0.0	0.0	nan	nan	0.0	0.0
8	5	52	0.0	0.0	nan	nan	0.0	0.0
8	5	49	0.0	0.0	nan	nan	0.0	0.0
8	5	46	0.0	0.0	nan	nan	0.0	0.0
8	5	43	0.0	0.0	nan	nan	0.0	0.0
8	5	40	0.0	0.0	nan	nan	0.0	0.0
8	5	37	0.0	0.0	nan	nan	0.0	0.0
8	5	34	0.0	0.0	nan	nan	0.0	0.0
8	5	31	0.0	0.0	nan	nan	0.0	0.0
8	5	28	0.0	0.0	nan	nan	0.0	0.0
9	5	100	4.871	0.341	15.258	0.445	1.0	1.0
9	5	97	4.645	0.486	15.516	0.508	1.0	1.0
9	5	94	4.194	0.402	16.097	0.539	1.0	1.0
9	5	91	4.097	0.301	16.452	0.506	1.0	1.0
9	5	88	4.0	0.0	16.968	0.657	1.0	1.0
9	5	85	3.903	0.301	17.419	0.62	1.0	1.0
9	5	82	3.258	0.729	18.065	0.772	1.0	1.0
9	5	79	2.484	0.57	19.065	0.727	1.0	1.0
9	5	76	2.161	0.374	19.871	0.957	1.0	1.0
9	5	73	2.065	0.25	21.065	0.892	1.0	1.0
9	5	70	1.935	0.25	22.452	1.434	1.0	1.0
9	5	67	1.839	0.374	24.097	1.491	1.0	1.0
9	5	64	1.419	0.502	27.0	2.569	1.0	1.0
9	5	61	0.724	0.797	30.235	3.632	0.484	0.548
9	5	58	0.065	0.25	32.0	2.828	0.065	0.065
9	5	55	0.0	0.0	nan	nan	0.0	0.0
9	5	52	0.0	0.0	nan	nan	0.0	0.0
9	5	49	0.0	0.0	nan	nan	0.0	0.0
9	5	46	0.0	0.0	nan	nan	0.0	0.0
9	5	43	0.0	0.0	nan	nan	0.0	0.0
9	5	40	0.0	0.0	nan	nan	0.0	0.0
9	5	37	0.0	0.0	nan	nan	0.0	0.0
9	5	34	0.0	0.0	nan	nan	0.0	0.0
9	5	31	0.0	0.0	nan	nan	0.0	0.0
9	5	28	0.0	0.0	nan	nan	0.0	0.0
10	5	100	5.581	0.502	13.839	0.454	1.0	1.0
10	5	97	5.29	0.461	13.968	0.407	1.0	1.0
10	5	94	5.194	0.402	14.258	0.514	1.0	1.0
10	5	91	5.032	0.18	14.581	0.564	1.0	1.0
10	5	88	4.968	0.18	14.742	0.445	1.0	1.0
10	5	85	4.968	0.18	15.29	0.529	1.0	1.0
10	5	82	4.71	0.461	15.742	0.631	1.0	1.0
10	5	79	4.258	0.445	16.258	0.631	1.0	1.0
10	5	76	4.097	0.473	16.839	0.898	1.0	1.0
10	5	73	4.032	0.18	17.032	0.657	1.0	1.0
10	5	70	3.613	0.495	18.161	0.969	1.0	1.0
10	5	67	3.29	0.461	18.839	1.098	1.0	1.0
10	5	64	2.806	0.477	19.839	1.635	1.0	1.0
10	5	61	2.323	0.475	20.774	1.055	1.0	1.0
10	5	58	2.194	0.402	22.645	1.45	1.0	1.0
10	5	55	2.0	0.0	24.161	2.325	1.0	1.0
10	5	52	2.032	0.18	27.516	2.567	1.0	1.0
10	5	49	1.69	0.604	30.655	4.328	0.871	0.935
10	5	46	0.556	0.698	35.562	3.224	0.387	0.516
10	5	43	0.0	0.0	39.0	0.0	0.0	0.032
10	5	40	0.0	0.0	nan	nan	0.0	0.0
10	5	37	0.0	0.0	nan	nan	0.0	0.0
10	5	34	0.0	0.0	nan	nan	0.0	0.0
10	5	31	0.0	0.0	nan	nan	0.0	0.0
10	5	28	0.0	0.0	nan	nan	0.0	0.0
11	5	100	3.968	0.18	15.387	0.558	1.0	1.0
11	5	97	4.0	0.0	15.452	0.675	1.0	1.0
11	5	94	3.839	0.374	16.097	0.473	1.0	1.0
11	5	91	3.581	0.502	16.548	0.506	1.0	1.0
11	5	88	3.258	0.445	16.935	0.727	1.0	1.0
11	5	85	3.032	0.315	17.419	0.72	1.0	1.0
11	5	82	2.677	0.475	18.0	0.775	1.0	1.0
11	5	79	2.355	0.486	18.516	0.962	1.0	1.0
11	5	76	1.871	0.341	19.968	0.948	1.0	1.0
11	5	73	1.581	0.502	20.935	1.093	1.0	1.0
11	5	70	1.226	0.425	22.71	1.071	1.0	1.0
11	5	67	0.903	0.301	24.643	2.094	0.903	0.903
11	5	64	0.613	0.495	26.368	2.314	0.613	0.613
11	5	61	0.0	0.0	nan	nan	0.0	0.0
11	5	58	0.0	0.0	nan	nan	0.0	0.0
11	5	55	0.0	0.0	nan	nan	0.0	0.0
11	5	52	0.0	0.0	nan	nan	0.0	0.0
11	5	49	0.0	0.0	nan	nan	0.0	0.0
11	5	46	0.0	0.0	nan	nan	0.0	0.0
11	5	43	0.0	0.0	nan	nan	0.0	0.0
11	5	40	0.0	0.0	nan	nan	0.0	0.0
11	5	37	0.0	0.0	nan	nan	0.0	0.0
11	5	34	0.0	0.0	nan	nan	0.0	0.0
11	5	31	0.0	0.0	nan	nan	0.0	0.0
11	5	28	0.0	0.0	nan	nan	0.0	0.0
12	5	100	6.226	0.425	13.839	0.374	1.0	1.0
12	5	97	6.097	0.396	14.161	0.523	1.0	1.0
12	5	94	6.0	0.258	14.452	0.506	1.0	1.0
12	5	91	5.968	0.18	14.742	0.575	1.0	1.0
12	5	88	5.548	0.506	15.194	0.543	1.0	1.0
12	5	85	5.194	0.402	15.419	0.502	1.0	1.0
12	5	82	5.097	0.301	16.032	0.547	1.0	1.0
12	5	79	5.032	0.18	16.355	0.661	1.0	1.0
12	5	76	5.0	0.0	16.968	0.547	1.0	1.0
12	5	73	4.645	0.661	17.645	0.661	1.0	1.0
12	5	70	3.742	0.682	18.613	0.761	1.0	1.0
12	5	67	3.065	0.25	19.871	1.258	1.0	1.0
12	5	64	2.968	0.18	20.419	0.992	1.0	1.0
12	5	61	2.968	0.18	22.258	1.751	1.0	1.0
12	5	58	2.806	0.477	23.871	1.91	1.0	1.0
12	5	55	2.355	0.486	26.194	1.537	1.0	1.0
12	5	52	1.968	0.482	31.0	3.357	1.0	1.0
12	5	49	1.3	0.702	35.704	4.898	0.839	0.871
12	5	46	0.107	0.315	42.667	3.67	0.097	0.194
12	5	43	0.0	0.0	nan	nan	0.0	0.0
12	5	40	0.0	0.0	nan	nan	0.0	0.0
12	5	37	0.0	0.0	nan	nan	0.0	0.0
12	5	34	0.0	0.0	nan	nan	0.0	0.0
12	5	31	0.0	0.0	nan	nan	0.0	0.0
12	5	28	0.0	0.0	nan	nan	0.0	0.0
13	5	100	2.806	0.402	16.871	0.67	1.0	1.0
13	5	97	2.452	0.506	17.484	0.769	1.0	1.0
13	5	94	1.742	0.575	17.903	1.012	1.0	1.0
13	5	91	1.484	0.626	18.452	0.768	1.0	1.0
13	5	88	1.129	0.341	19.194	0.946	1.0	1.0
13	5	85	1.0	0.0	20.806	1.167	1.0	1.0
13	5	82	1.0	0.0	22.387	3.019	0.968	1.0
13	5	79	0.9	0.305	24.036	1.795	0.871	0.903
13	5	76	0.607	0.497	25.45	1.877	0.548	0.645
13	5	73	0.207	0.412	26.125	2.416	0.194	0.258
13	5	70	0.0	0.0	nan	nan	0.0	0.0
13	5	67	0.0	0.0	nan	nan	0.0	0.0
13	5	64	0.0	0.0	nan	nan	0.0	0.0
13	5	61	0.0	0.0	nan	nan	0.0	0.0
13	5	58	0.0	0.0	nan	nan	0.0	0.0
13	5	55	0.0	0.0	nan	nan	0.0	0.0
13	5	52	0.0	0.0	nan	nan	0.0	0.0
13	5	49	0.0	0.0	nan	nan	0.0	0.0
13	5	46	0.0	0.0	nan	nan	0.0	0.0
13	5	43	0.0	0.0	nan	nan	0.0	0.0
13	5	40	0.0	0.0	nan	nan	0.0	0.0
13	5	37	0.0	0.0	nan	nan	0.0	0.0
13	5	34	0.0	0.0	nan	nan	0.0	0.0
13	5	31	0.0	0.0	nan	nan	0.0	0.0
13	5	28	0.0	0.0	nan	nan	0.0	0.0
14	5	100	4.032	0.18	16.258	0.514	1.0	1.0
14	5	97	4.032	0.18	16.71	0.588	1.0	1.0
14	5	94	3.968	0.18	17.258	0.682	1.0	1.0
14	5	91	3.677	0.653	17.806	0.654	1.0	1.0
14	5	88	2.968	0.752	18.452	0.624	1.0	1.0
14	5	85	2.258	0.445	19.129	0.619	1.0	1.0
14	5	82	2.097	0.301	19.806	0.792	1.0	1.0
14	5	79	2.0	0.0	20.71	0.902	1.0	1.0
14	5	76	1.968	0.18	21.645	1.539	1.0	1.0
14	5	73	1.935	0.25	23.419	1.336	1.0	1.0
14	5	70	1.903	0.301	24.71	1.296	1.0	1.0
14	5	67	1.452	0.506	27.419	2.668	1.0	1.0
14	5	64	1.0	0.655	28.16	4.11	0.742	0.806
14	5	61	0.0	0.0	37.5	0.707	0.0	0.065
14	5	58	0.0	0.0	nan	nan	0.0	0.0
14	5	55	0.0	0.0	nan	nan	0.0	0.0
14	5	52	0.0	0.0	nan	nan	0.0	0.0
14	5	49	0.0	0.0	nan	nan	0.0	0.0
14	5	46	0.0	0.0	nan	nan	0.0	0.0
14	5	43	0.0	0.0	nan	nan	0.0	0.0
14	5	40	0.0	0.0	nan	nan	0.0	0.0
14	5	37	0.0	0.0	nan	nan	0.0	0.0
14	5	34	0.0	0.0	nan	nan	0.0	0.0
14	5	31	0.0	0.0	nan	nan	0.0	0.0
14	5	28	0.0	0.0	nan	nan	0.0	0.0
15	5	100	5.065	0.25	13.968	0.407	1.0	1.0
15	5	97	5.0	0.0	14.194	0.402	1.0	1.0
15	5	94	5.0	0.0	14.484	0.508	1.0	1.0
15	5	91	5.0	0.0	14.871	0.428	1.0	1.0
15	5	88	4.839	0.374	15.129	0.562	1.0	1.0
15	5	85	4.452	0.506	15.581	0.62	1.0	1.0
15	5	82	4.194	0.402	16.161	0.638	1.0	1.0
15	5	79	4.065	0.25	16.452	0.624	1.0	1.0
15	5	76	4.0	0.0	17.032	0.605	1.0	1.0
15	5	73	3.806	0.402	17.871	0.718	1.0	1.0
15	5	70	3.194	0.402	18.903	0.944	1.0	1.0
15	5	67	2.935	0.68	19.29	0.864	1.0	1.0
15	5	64	2.387	0.495	20.548	1.261	1.0	1.0
15	5	61	2.032	0.18	22.097	1.423	1.0	1.0
15	5	58	2.0	0.0	24.452	1.69	1.0	1.0
15	5	55	2.0	0.0	27.194	2.4	1.0	1.0
15	5	52	1.679	0.548	32.033	4.115	0.871	0.968
15	5	49	0.167	0.379	39.333	3.386	0.161	0.194
15	5	46	0.0	0.0	nan	nan	0.0	0.0
15	5	43	0.0	0.0	nan	nan	0.0	0.0
15	5	40	0.0	0.0	nan	nan	0.0	0.0
15	5	37	0.0	0.0	nan	nan	0.0	0.0
15	5	34	0.0	0.0	nan	nan	0.0	0.0
15	5	31	0.0	0.0	nan	nan	0.0	0.0
15	5	28	0.0	0.0	nan	nan	0.0	0.0
16	5	100	2.774	0.425	18.194	1.138	1.0	1.0
16	5	97	2.194	0.601	18.516	0.508	1.0	1.0
16	5	94	1.806	0.543	19.129	0.922	1.0	1.0
16	5	91	1.194	0.402	20.097	0.79	1.0	1.0
16	5	88	1.032	0.18	21.419	1.057	1.0	1.0
16	5	85	1.0	0.0	22.258	1.29	1.0	1.0
16	5	82	0.967	0.183	24.767	2.932	0.935	0.968
16	5	79	0.759	0.435	25.583	1.692	0.71	0.774
16	5	76	0.065	0.25	27.0	2.828	0.065	0.065
16	5	73	0.0	0.0	nan	nan	0.0	0.0
16	5	70	0.0	0.0	nan	nan	0.0	0.0
16	5	67	0.0	0.0	nan	nan	0.0	0.0
16	5	64	0.0	0.0	nan	nan	0.0	0.0
16	5	61	0.0	0.0	nan	nan	0.0	0.0
16	5	58	0.0	0.0	nan	nan	0.0	0.0
16	5	55	0.0	0.0	nan	nan	0.0	0.0
16	5	52	0.0	0.0	nan	nan	0.0	0.0
16	5	49	0.0	0.0	nan	nan	0.0	0.0
16	5	46	0.0	0.0	nan	nan	0.0	0.0
16	5	43	0.0	0.0	nan	nan	0.0	0.0
16	5	40	0.0	0.0	nan	nan	0.0	0.0
16	5	37	0.0	0.0	nan	nan	0.0	0.0
16	5	34	0.0	0.0	nan	nan	0.0	0.0
16	5	31	0.0	0.0	nan	nan	0.0	0.0
16	5	28	0.0	0.0	nan	nan	0.0	0.0
17	5	100	7.065	0.25	12.839	0.374	1.0	1.0
17	5	97	6.968	0.18	12.935	0.359	1.0	1.0
17	5	94	6.742	0.445	13.194	0.477	1.0	1.0
17	5	91	6.387	0.495	13.484	0.57	1.0	1.0
17	5	88	6.097	0.396	13.871	0.619	1.0	1.0
17	5	85	6.032	0.18	14.065	0.727	1.0	1.0
17	5	82	5.968	0.18	14.484	0.508	1.0	1.0
17	5	79	5.871	0.428	14.742	0.514	1.0	1.0
17	5	76	5.484	0.508	15.097	0.396	1.0	1.0
17	5	73	5.161	0.374	15.581	0.564	1.0	1.0
17	5	70	5.0	0.0	16.258	0.575	1.0	1.0
17	5	67	5.0	0.0	16.677	0.653	1.0	1.0
17	5	64	4.742	0.445	17.645	0.608	1.0	1.0
17	5	61	3.968	0.795	18.645	1.582	1.0	1.0
17	5	58	3.194	0.402	19.387	1.022	1.0	1.0
17	5	55	3.032	0.18	21.548	2.249	1.0	1.0
17	5	52	3.0	0.0	22.871	1.5	1.0	1.0
17	5	49	2.935	0.25	25.29	1.847	1.0	1.0
17	5	46	2.452	0.568	29.71	2.877	1.0	1.0
17	5	43	1.516	0.769	34.179	5.478	0.903	0.903
17	5	40	0.29	0.529	39.75	3.105	0.258	0.258
17	5	37	0.0	0.0	nan	nan	0.0	0.0
17	5	34	0.0	0.0	nan	nan	0.0	0.0
17	5	31	0.0	0.0	nan	nan	0.0	0.0
17	5	28	0.0	0.0	nan	nan	0.0	0.0
18	5	100	4.0	0.0	15.613	0.495	1.0	1.0
18	5	97	3.968	0.18	16.097	0.831	1.0	1.0
18	5	94	4.0	0.0	16.387	0.667	1.0	1.0
18	5	91	3.935	0.25	17.0	0.516	1.0	1.0
18	5	88	3.742	0.514	17.387	0.715	1.0	1.0
18	5	85	3.097	0.7	18.355	0.798	1.0	1.0
18	5	82	2.194	0.402	19.097	0.7	1.0	1.0
18	5	79	2.065	0.359	19.871	0.922	1.0	1.0
18	5	76	2.032	0.18	20.806	1.014	1.0	1.0
18	5	73	2.0	0.0	22.323	1.376	1.0	1.0
18	5	70	1.968	0.18	24.29	1.883	1.0	1.0
18	5	67	1.903	0.301	26.258	1.966	1.0	1.0
18	5	64	1.481	0.643	30.448	3.841	0.806	0.935
18	5	61	0.241	0.435	31.889	5.419	0.226	0.29
18	5	58	0.0	0.0	nan	nan	0.0	0.0
18	5	55	0.0	0.0	nan	nan	0.0	0.0
18	5	52	0.0	0.0	nan	nan	0.0	0.0
18	5	49	0.0	0.0	nan	nan	0.0	0.0
18	5	46	0.0	0.0	nan	nan	0.0	0.0
18	5	43	0.0	0.0	nan	nan	0.0	0.0
18	5	40	0.0	0.0	nan	nan	0.0	0.0
18	5	37	0.0	0.0	nan	nan	0.0	0.0
18	5	34	0.0	0.0	nan	nan	0.0	0.0
18	5	31	0.0	0.0	nan	nan	0.0	0.0
18	5	28	0.0	0.0	nan	nan	0.0	0.0
19	5	100	3.032	0.18	15.645	0.486	1.0	1.0
19	5	97	3.0	0.0	16.065	0.512	1.0	1.0
19	5	94	2.968	0.18	16.548	0.85	1.0	1.0
19	5	91	2.968	0.18	17.129	0.763	1.0	1.0
19	5	88	2.613	0.615	17.806	0.703	1.0	1.0
19	5	85	2.032	0.795	18.548	0.888	1.0	1.0
19	5	82	1.323	0.541	19.419	0.848	1.0	1.0
19	5	79	1.129	0.341	20.613	2.092	1.0	1.0
19	5	76	1.032	0.18	22.29	1.16	1.0	1.0
19	5	73	0.933	0.254	23.759	2.198	0.903	0.935
19	5	70	0.5	0.509	24.688	2.387	0.484	0.516
19	5	67	0.0	0.0	nan	nan	0.0	0.0
19	5	64	0.0	0.0	nan	nan	0.0	0.0
19	5	61	0.0	0.0	nan	nan	0.0	0.0
19	5	58	0.0	0.0	nan	nan	0.0	0.0
19	5	55	0.0	0.0	nan	nan	0.0	0.0
19	5	52	0.0	0.0	nan	nan	0.0	0.0
19	5	49	0.0	0.0	nan	nan	0.0	0.0
19	5	46	0.0	0.0	nan	nan	0.0	0.0
19	5	43	0.0	0.0	nan	nan	0.0	0.0
19	5	40	0.0	0.0	nan	nan	0.0	0.0
19	5	37	0.0	0.0	nan	nan	0.0	0.0
19	5	34	0.0	0.0	nan	nan	0.0	0.0
19	5	31	0.0	0.0	nan	nan	0.0	0.0
19	5	28	0.0	0.0	nan	nan	0.0	0.0
20	5	100	5.0	0.0	14.161	0.454	1.0	1.0
20	5	97	4.935	0.25	14.452	0.506	1.0	1.0
20	5	94	4.581	0.502	14.742	0.514	1.0	1.0
20	5	91	4.323	0.475	15.323	0.599	1.0	1.0
20	5	88	4.258	0.445	15.258	0.514	1.0	1.0
20	5	85	4.0	0.0	15.903	0.597	1.0	1.0
20	5	82	4.0	0.0	16.581	0.62	1.0	1.0
20	5	79	4.0	0.0	16.935	0.629	1.0	1.0
20	5	76	3.516	0.677	17.645	0.709	1.0	1.0
20	5	73	2.839	0.735	18.323	1.045	1.0	1.0
20	5	70	2.355	0.551	19.194	0.91	1.0	1.0
20	5	67	2.0	0.0	20.387	1.022	1.0	1.0
20	5	64	2.032	0.18	21.774	1.707	1.0	1.0
20	5	61	1.935	0.25	22.774	1.334	1.0	1.0
20	5	58	1.419	0.62	24.793	2.024	0.935	0.935
20	5	55	1.407	0.572	28.6	3.47	0.839	0.968
20	5	52	0.185	0.396	33.556	4.187	0.161	0.29
20	5	49	0.0	0.0	37.0	0.0	0.0	0.032
20	5	46	0.0	0.0	nan	nan	0.0	0.0
20	5	43	0.0	0.0	nan	nan	0.0	0.0
20	5	40	0.0	0.0	nan	nan	0.0	0.0
20	5	37	0.0	0.0	nan	nan	0.0	0.0
20	5	34	0.0	0.0	nan	nan	0.0	0.0
20	5	31	0.0	0.0	nan	nan	0.0	0.0
20	5	28	0.0	0.0	nan	nan	0.0	0.0
21	5	100	4.968	0.18	13.065	0.442	1.0	1.0
21	5	97	4.806	0.402	13.194	0.402	1.0	1.0
21	5	94	4.613	0.495	13.484	0.57	1.0	1.0
21	5	91	4.387	0.495	14.0	0.365	1.0	1.0
21	5	88	4.032	0.18	14.129	0.428	1.0	1.0
21	5	85	4.0	0.0	14.581	0.672	1.0	1.0
21	5	82	4.0	0.258	14.774	0.617	1.0	1.0
21	5	79	3.903	0.301	15.419	0.564	1.0	1.0
21	5	76	3.742	0.445	15.903	0.539	1.0	1.0
21	5	73	3.323	0.475	16.516	0.769	1.0	1.0
21	5	70	3.161	0.454	17.065	0.68	1.0	1.0
21	5	67	2.677	0.475	18.0	0.816	1.0	1.0
21	5	64	2.355	0.486	18.613	0.955	1.0	1.0
21	5	61	2.097	0.396	19.903	1.832	1.0	1.0
21	5	58	1.677	0.475	21.516	1.63	1.0	1.0
21	5	55	1.29	0.529	24.333	2.233	0.968	0.968
21	5	52	1.065	0.359	25.833	1.949	0.968	0.968
21	5	49	0.393	0.497	31.0	4.35	0.355	0.452
21	5	46	0.032	0.18	30.0	0.0	0.032	0.032
21	5	43	0.0	0.0	nan	nan	0.0	0.0
21	5	40	0.0	0.0	nan	nan	0.0	0.0
21	5	37	0.0	0.0	nan	nan	0.0	0.0
21	5	34	0.0	0.0	nan	nan	0.0	0.0
21	5	31	0.0	0.0	nan	nan	0.0	0.0
21	5	28	0.0	0.0	nan	nan	0.0	0.0
22	5	100	6.613	0.495	14.968	0.407	1.0	1.0
22	5	97	6.097	0.301	15.194	0.402	1.0	1.0
22	5	94	6.0	0.258	15.871	0.846	1.0	1.0
22	5	91	5.968	0.18	16.0	0.577	1.0	1.0
22	5	88	5.774	0.425	16.355	0.551	1.0	1.0
22	5	85	5.613	0.495	16.806	0.601	1.0	1.0
22	5	82	4.903	0.301	17.452	0.723	1.0	1.0
22	5	79	4.742	0.575	17.903	1.012	1.0	1.0
22	5	76	4.194	0.543	18.774	1.023	1.0	1.0
22	5	73	3.71	0.461	19.742	0.773	1.0	1.0
22	5	70	3.452	0.506	20.71	0.973	1.0	1.0
22	5	67	3.032	0.18	22.129	1.284	1.0	1.0
22	5	64	3.0	0.0	23.065	1.124	1.0	1.0
22	5	61	2.935	0.25	24.968	2.588	1.0	1.0
22	5	58	2.677	0.475	27.903	2.022	1.0	1.0
22	5	55	2.161	0.523	31.29	2.623	1.0	1.0
22	5	52	1.548	0.568	34.933	3.331	0.968	0.968
22	5	49	0.065	0.25	41.0	2.828	0.065	0.065
22	5	46	0.0	0.0	nan	nan	0.0	0.0
22	5	43	0.0	0.0	nan	nan	0.0	0.0
22	5	40	0.0	0.0	nan	nan	0.0	0.0
22	5	37	0.0	0.0	nan	nan	0.0	0.0
22	5	34	0.0	0.0	nan	nan	0.0	0.0
22	5	31	0.0	0.0	nan	nan	0.0	0.0
22	5	28	0.0	0.0	nan	nan	0.0	0.0
23	5	100	5.0	0.0	14.387	0.558	1.0	1.0
23	5	97	4.935	0.25	14.839	0.583	1.0	1.0
23	5	94	4.613	0.495	15.0	0.516	1.0	1.0
23	5	91	4.161	0.374	15.516	0.724	1.0	1.0
23	5	88	4.097	0.396	15.742	0.815	1.0	1.0
23	5	85	3.968	0.18	16.355	0.661	1.0	1.0
23	5	82	4.0	0.0	16.903	0.831	1.0	1.0
23	5	79	3.645	0.486	17.323	0.748	1.0	1.0
23	5	76	3.065	0.68	17.839	0.779	1.0	1.0
23	5	73	2.258	0.445	19.194	0.792	1.0	1.0
23	5	70	2.129	0.341	19.613	1.383	1.0	1.0
23	5	67	1.871	0.428	21.129	1.384	1.0	1.0
23	5	64	1.774	0.425	22.645	1.518	1.0	1.0
23	5	61	1.367	0.556	25.033	3.253	0.935	0.968
23	5	58	1.0	0.695	27.042	4.144	0.742	0.774
23	5	55	0.0	0.0	nan	nan	0.0	0.0
23	5	52	0.032	0.18	28.0	0.0	0.032	0.032
23	5	49	0.0	0.0	nan	nan	0.0	0.0
23	5	46	0.0	0.0	nan	nan	0.0	0.0
23	5	43	0.0	0.0	nan	nan	0.0	0.0
23	5	40	0.0	0.0	nan	nan	0.0	0.0
23	5	37	0.0	0.0	nan	nan	0.0	0.0
23	5	34	0.0	0.0	nan	nan	0.0	0.0
23	5	31	0.0	0.0	nan	nan	0.0	0.0
23	5	28	0.0	0.0	nan	nan	0.0	0.0
24	5	100	5.452	0.506	14.581	0.502	1.0	1.0
24	5	97	5.129	0.341	14.935	0.512	1.0	1.0
24	5	94	5.0	0.0	15.29	0.461	1.0	1.0
24	5	91	4.935	0.359	15.806	0.654	1.0	1.0
24	5	88	4.774	0.425	15.871	0.619	1.0	1.0
24	5	85	4.452	0.506	16.516	0.626	1.0	1.0
24	5	82	4.129	0.428	17.161	0.638	1.0	1.0
24	5	79	3.806	0.477	17.71	0.693	1.0	1.0
24	5	76	3.419	0.672	18.097	0.908	1.0	1.0
24	5	73	2.871	0.562	19.194	0.792	1.0	1.0
24	5	70	2.355	0.486	20.065	1.031	1.0	1.0
24	5	67	2.129	0.428	21.323	1.137	1.0	1.0
24	5	64	1.903	0.301	22.935	1.365	1.0	1.0
24	5	61	1.71	0.461	25.065	1.459	1.0	1.0
24	5	58	1.3	0.75	28.077	3.969	0.806	0.839
24	5	55	0.667	0.802	29.333	3.132	0.452	0.484
24	5	52	0.0	0.0	nan	nan	0.0	0.0
24	5	49	0.0	0.0	nan	nan	0.0	0.0
24	5	46	0.0	0.0	nan	nan	0.0	0.0
24	5	43	0.0	0.0	nan	nan	0.0	0.0
24	5	40	0.0	0.0	nan	nan	0.0	0.0
24	5	37	0.0	0.0	nan	nan	0.0	0.0
24	5	34	0.0	0.0	nan	nan	0.0	0.0
24	5	31	0.0	0.0	nan	nan	0.0	0.0
24	5	28	0.0	0.0	nan	nan	0.0	0.0
25	5	100	4.323	0.475	15.452	0.675	1.0	1.0
25	5	97	4.0	0.0	15.871	0.619	1.0	1.0
25	5	94	4.097	0.301	16.355	0.551	1.0	1.0
25	5	91	3.968	0.18	16.484	0.508	1.0	1.0
25	5	88	3.806	0.402	16.968	0.752	1.0	1.0
25	5	85	3.903	0.301	17.548	0.723	1.0	1.0
25	5	82	2.935	0.772	18.323	0.979	1.0	1.0
25	5	79	2.29	0.461	18.71	0.693	1.0	1.0
25	5	76	2.032	0.18	19.871	1.024	1.0	1.0
25	5	73	1.968	0.18	20.903	0.87	1.0	1.0
25	5	70	1.935	0.25	22.258	1.731	1.0	1.0
25	5	67	1.645	0.551	23.433	1.194	0.968	0.968
25	5	64	1.29	0.529	26.567	2.515	0.968	0.968
25	5	61	0.862	0.693	28.5	3.377	0.645	0.71
25	5	58	0.179	0.39	31.0	3.964	0.161	0.258
25	5	55	0.0	0.0	nan	nan	0.0	0.0
25	5	52	0.0	0.0	nan	nan	0.0	0.0
25	5	49	0.0	0.0	nan	nan	0.0	0.0
25	5	46	0.0	0.0	nan	nan	0.0	0.0
25	5	43	0.0	0.0	nan	nan	0.0	0.0
25	5	40	0.0	0.0	nan	nan	0.0	0.0
25	5	37	0.0	0.0	nan	nan	0.0	0.0
25	5	34	0.0	0.0	nan	nan	0.0	0.0
25	5	31	0.0	0.0	nan	nan	0.0	0.0
25	5	28	0.0	0.0	nan	nan	0.0	0.0
26	5	100	4.516	0.508	15.0	0.447	1.0	1.0
26	5	97	4.323	0.475	15.355	0.551	1.0	1.0
26	5	94	4.0	0.0	15.613	0.667	1.0	1.0
26	5	91	4.0	0.0	15.935	0.512	1.0	1.0
26	5	88	3.968	0.18	16.258	0.631	1.0	1.0
26	5	85	3.871	0.428	16.935	0.629	1.0	1.0
26	5	82	3.581	0.564	17.71	0.783	1.0	1.0
26	5	79	2.903	0.746	18.129	0.846	1.0	1.0
26	5	76	2.484	0.626	18.742	0.999	1.0	1.0
26	5	73	2.0	0.0	19.935	0.814	1.0	1.0
26	5	70	2.0	0.0	21.0	1.095	1.0	1.0
26	5	67	1.935	0.25	22.0	1.342	1.0	1.0
26	5	64	1.581	0.502	24.226	1.283	1.0	1.0
26	5	61	1.387	0.558	26.033	2.059	0.968	0.968
26	5	58	0.467	0.507	29.467	4.838	0.452	0.484
26	5	55	0.097	0.301	29.333	2.517	0.097	0.097
26	5	52	0.0	0.0	nan	nan	0.0	0.0
26	5	49	0.0	0.0	nan	nan	0.0	0.0
26	5	46	0.0	0.0	nan	nan	0.0	0.0
26	5	43	0.0	0.0	nan	nan	0.0	0.0
26	5	40	0.0	0.0	nan	nan	0.0	0.0
26	5	37	0.0	0.0	nan	nan	0.0	0.0
26	5	34	0.0	0.0	nan	nan	0.0	0.0
26	5	31	0.0	0.0	nan	nan	0.0	0.0
26	5	28	0.0	0.0	nan	nan	0.0	0.0
27	5	100	4.0	0.0	16.0	0.516	1.0	1.0
27	5	97	4.0	0.0	16.387	0.558	1.0	1.0
27	5	94	4.0	0.0	16.839	0.454	1.0	1.0
27	5	91	3.903	0.301	17.581	0.62	1.0	1.0
27	5	88	3.71	0.461	18.032	0.657	1.0	1.0
27	5	85	3.129	0.67	18.419	0.62	1.0	1.0
27	5	82	2.29	0.461	19.613	0.761	1.0	1.0
27	5	79	2.0	0.0	20.548	0.925	1.0	1.0
27	5	76	2.032	0.18	22.226	1.359	1.0	1.0
27	5	73	2.0	0.0	23.71	1.488	1.0	1.0
27	5	70	2.0	0.0	25.097	1.955	1.0	1.0
27	5	67	1.966	0.186	28.677	3.7	0.935	1.0
27	5	64	1.042	0.751	32.16	3.891	0.581	0.806
27	5	61	0.185	0.557	36.143	3.288	0.097	0.226
27	5	58	0.0	0.0	nan	nan	0.0	0.0
27	5	55	0.0	0.0	nan	nan	0.0	0.0
27	5	52	0.0	0.0	nan	nan	0.0	0.0
27	5	49	0.0	0.0	nan	nan	0.0	0.0
27	5	46	0.0	0.0	nan	nan	0.0	0.0
27	5	43	0.0	0.0	nan	nan	0.0	0.0
27	5	40	0.0	0.0	nan	nan	0.0	0.0
27	5	37	0.0	0.0	nan	nan	0.0	0.0
27	5	34	0.0	0.0	nan	nan	0.0	0.0
27	5	31	0.0	0.0	nan	nan	0.0	0.0
27	5	28	0.0	0.0	nan	nan	0.0	0.0
28	5	100	4.742	0.445	15.194	0.543	1.0	1.0
28	5	97	4.484	0.508	15.258	0.514	1.0	1.0
28	5	94	4.161	0.374	15.903	0.746	1.0	1.0
28	5	91	4.0	0.258	16.355	0.755	1.0	1.0
28	5	88	4.065	0.25	16.742	0.575	1.0	1.0
28	5	85	3.677	0.599	17.29	0.824	1.0	1.0
28	5	82	3.355	0.709	18.0	0.931	1.0	1.0
28	5	79	2.677	0.702	18.677	0.832	1.0	1.0
28	5	76	2.097	0.301	19.806	1.25	1.0	1.0
28	5	73	2.161	0.374	20.548	1.729	1.0	1.0
28	5	70	2.0	0.0	22.032	1.722	1.0	1.0
28	5	67	1.839	0.454	23.968	2.198	1.0	1.0
28	5	64	1.655	0.484	25.677	2.903	0.935	1.0
28	5	61	0.643	0.559	30.9	3.523	0.548	0.645
28	5	58	0.179	0.476	34.143	4.914	0.129	0.226
28	5	55	0.0	0.0	nan	nan	0.0	0.0
28	5	52	0.0	0.0	nan	nan	0.0	0.0
28	5	49	0.0	0.0	nan	nan	0.0	0.0
28	5	46	0.0	0.0	nan	nan	0.0	0.0
28	5	43	0.0	0.0	nan	nan	0.0	0.0
28	5	40	0.0	0.0	nan	nan	0.0	0.0
28	5	37	0.0	0.0	nan	nan	0.0	0.0
28	5	34	0.0	0.0	nan	nan	0.0	0.0
28	5	31	0.0	0.0	nan	nan	0.0	0.0
28	5	28	0.0	0.0	nan	nan	0.0	0.0
29	5	100	5.097	0.301	14.548	0.506	1.0	1.0
29	5	97	5.0	0.0	14.871	0.428	1.0	1.0
29	5	94	5.0	0.258	15.161	0.374	1.0	1.0
29	5	91	4.968	0.18	15.516	0.57	1.0	1.0
29	5	88	4.839	0.374	15.935	0.512	1.0	1.0
29	5	85	4.742	0.445	16.258	0.514	1.0	1.0
29	5	82	4.194	0.402	16.71	0.643	1.0	1.0
29	5	79	3.903	0.396	17.516	0.769	1.0	1.0
29	5	76	3.71	0.529	18.065	0.772	1.0	1.0
29	5	73	3.29	0.529	18.581	0.765	1.0	1.0
29	5	70	2.935	0.359	19.484	0.677	1.0	1.0
29	5	67	2.645	0.486	20.645	1.33	1.0	1.0
29	5	64	2.194	0.402	21.968	1.303	1.0	1.0
29	5	61	2.097	0.301	23.452	1.609	1.0	1.0
29	5	58	1.935	0.359	26.467	2.596	0.968	0.968
29	5	55	1.793	0.491	31.833	3.592	0.903	0.968
29	5	52	0.533	0.776	35.417	4.833	0.355	0.387
29	5	49	0.0	0.0	nan	nan	0.0	0.0
29	5	46	0.0	0.0	nan	nan	0.0	0.0
29	5	43	0.0	0.0	nan	nan	0.0	0.0
29	5	40	0.0	0.0	nan	nan	0.0	0.0
29	5	37	0.0	0.0	nan	nan	0.0	0.0
29	5	34	0.0	0.0	nan	nan	0.0	0.0
29	5	31	0.0	0.0	nan	nan	0.0	0.0
29	5	28	0.0	0.0	nan	nan	0.0	0.0
30	5	100	4.0	0.0	14.677	0.541	1.0	1.0
30	5	97	4.0	0.0	15.065	0.359	1.0	1.0
30	5	94	4.0	0.0	15.323	0.475	1.0	1.0
30	5	91	3.968	0.18	15.71	0.588	1.0	1.0
30	5	88	3.677	0.475	16.452	0.995	1.0	1.0
30	5	85	3.258	0.445	16.516	0.626	1.0	1.0
30	5	82	3.065	0.442	17.258	0.729	1.0	1.0
30	5	79	2.774	0.425	17.645	0.755	1.0	1.0
30	5	76	2.323	0.475	18.968	1.14	1.0	1.0
30	5	73	2.065	0.25	19.806	1.195	1.0	1.0
30	5	70	2.065	0.25	20.806	1.642	1.0	1.0
30	5	67	1.903	0.301	22.839	2.192	1.0	1.0
30	5	64	1.7	0.466	25.774	3.074	0.968	1.0
30	5	61	1.5	0.509	27.484	4.13	0.903	1.0
30	5	58	0.462	0.647	31.267	3.973	0.323	0.484
30	5	55	0.0	0.0	nan	nan	0.0	0.0
30	5	52	0.0	0.0	nan	nan	0.0	0.0
30	5	49	0.0	0.0	nan	nan	0.0	0.0
30	5	46	0.0	0.0	nan	nan	0.0	0.0
30	5	43	0.0	0.0	nan	nan	0.0	0.0
30	5	40	0.0	0.0	nan	nan	0.0	0.0
30	5	37	0.0	0.0	nan	nan	0.0	0.0
30	5	34	0.0	0.0	nan	nan	0.0	0.0
30	5	31	0.0	0.0	nan	nan	0.0	0.0
30	5	28	0.0	0.0	nan	nan	0.0	0.0
31	5	100	5.0	0.0	14.387	0.495	1.0	1.0
31	5	97	4.968	0.315	14.323	0.599	1.0	1.0
31	5	94	4.774	0.425	14.968	0.407	1.0	1.0
31	5	91	4.484	0.508	15.065	0.512	1.0	1.0
31	5	88	4.226	0.425	15.548	0.85	1.0	1.0
31	5	85	4.065	0.25	16.032	0.605	1.0	1.0
31	5	82	4.0	0.0	16.613	0.667	1.0	1.0
31	5	79	3.839	0.374	17.0	0.966	1.0	1.0
31	5	76	3.71	0.529	18.032	0.836	1.0	1.0
31	5	73	3.065	0.68	18.774	1.023	1.0	1.0
31	5	70	2.387	0.558	19.742	1.46	1.0	1.0
31	5	67	2.032	0.18	20.742	1.21	1.0	1.0
31	5	64	2.032	0.18	22.613	1.476	1.0	1.0
31	5	61	1.935	0.25	23.613	2.108	1.0	1.0
31	5	58	1.774	0.425	25.194	2.024	1.0	1.0
31	5	55	1.355	0.709	28.444	3.662	0.871	0.871
31	5	52	0.222	0.506	32.889	4.428	0.161	0.29
31	5	49	0.0	0.0	37.333	2.309	0.0	0.097
31	5	46	0.0	0.0	nan	nan	0.0	0.0
31	5	43	0.0	0.0	nan	nan	0.0	0.0
31	5	40	0.0	0.0	nan	nan	0.0	0.0
31	5	37	0.0	0.0	nan	nan	0.0	0.0
31	5	34	0.0	0.0	nan	nan	0.0	0.0
31	5	31	0.0	0.0	nan	nan	0.0	0.0
31	5	28	0.0	0.0	nan	nan	0.0	0.0
0	6	100	6.645	0.486	12.968	0.315	1.0	1.0
0	6	97	6.29	0.461	13.161	0.374	1.0	1.0
0	6	94	6.032	0.18	13.645	0.486	1.0	1.0
0	6	91	6.032	0.18	13.774	0.497	1.0	1.0
0	6	88	5.935	0.25	13.935	0.442	1.0	1.0
0	6	85	5.903	0.301	14.29	0.529	1.0	1.0
0	6	82	5.516	0.508	14.839	0.523	1.0	1.0
0	6	79	5.097	0.301	15.258	0.682	1.0	1.0
0	6	76	4.968	0.18	15.677	0.541	1.0	1.0
0	6	73	5.0	0.0	15.935	0.629	1.0	1.0
0	6	70	4.935	0.25	16.419	0.807	1.0	1.0
0	6	67	4.613	0.558	17.452	1.362	1.0	1.0
0	6	64	3.871	0.67	18.065	0.854	1.0	1.0
0	6	61	3.258	0.514	19.065	1.209	1.0	1.0
0	6	58	3.065	0.359	19.839	1.508	1.0	1.0
0	6	55	2.968	0.18	21.71	1.442	1.0	1.0
0	6	52	2.903	0.301	23.581	2.218	1.0	1.0
0	6	49	2.323	0.599	28.452	3.686	1.0	1.0
0	6	46	1.645	0.95	32.0	5.06	0.839	0.839
0	6	43	0.414	0.628	38.333	4.997	0.323	0.387
0	6	40	0.0	0.0	nan	nan	0.0	0.0
0	6	37	0.0	0.0	nan	nan	0.0	0.0
0	6	34	0.0	0.0	nan	nan	0.0	0.0
0	6	31	0.0	0.0	nan	nan	0.0	0.0
0	6	28	0.0	0.0	nan	nan	0.0	0.0
1	6	100	5.903	0.301	14.323	0.475	1.0	1.0
1	6	97	5.71	0.461	14.452	0.568	1.0	1.0
1	6	94	5.065	0.25	14.806	0.543	1.0	1.0
1	6	91	5.065	0.25	15.194	0.543	1.0	1.0
1	6	88	5.0	0.0	15.774	0.425	1.0	1.0
1	6	85	4.968	0.18	16.0	0.632	1.0	1.0
1	6	82	4.742	0.445	16.548	0.624	1.0	1.0
1	6	79	4.323	0.541	17.032	0.657	1.0	1.0
1	6	76	3.871	0.428	17.806	0.543	1.0	1.0
1	6	73	3.387	0.558	18.839	1.614	1.0	1.0
1	6	70	3.097	0.301	19.452	1.41	1.0	1.0
1	6	67	2.968	0.315	20.516	1.092	1.0	1.0
1	6	64	2.645	0.486	22.032	1.278	1.0	1.0
1	6	61	2.29	0.461	24.0	2.366	1.0	1.0
1	6	58	2.032	0.315	25.452	2.293	1.0	1.0
1	6	55	1.733	0.521	31.167	4.12	0.935	0.968
1	6	52	0.862	0.743	35.952	4.189	0.613	0.677
1	6	49	0.067	0.365	35.0	2.828	0.032	0.065
1	6	46	0.0	0.0	nan	nan	0.0	0.0
1	6	43	0.0	0.0	nan	nan	0.0	0.0
1	6	40	0.0	0.0	nan	nan	0.0	0.0
1	6	37	0.0	0.0	nan	nan	0.0	0.0
1	6	34	0.0	0.0	nan	nan	0.0	0.0
1	6	31	0.0	0.0	nan	nan	0.0	0.0
1	6	28	0.0	0.0	nan	nan	0.0	0.0
2	6	100	5.129	0.341	14.0	0.516	1.0	1.0
2	6	97	5.065	0.25	14.452	0.568	1.0	1.0
2	6	94	4.935	0.25	14.613	0.495	1.0	1.0
2	6	91	4.839	0.374	14.806	0.477	1.0	1.0
2	6	88	4.581	0.502	15.194	0.477	1.0	1.0
2	6	85	4.258	0.445	15.71	0.529	1.0	1.0
2	6	82	4.258	0.445	16.194	0.477	1.0	1.0
2	6	79	3.968	0.315	16.774	0.762	1.0	1.0
2	6	76	3.871	0.341	17.065	0.442	1.0	1.0
2	6	73	3.581	0.62	17.645	0.709	1.0	1.0
2	6	70	2.839	0.735	18.29	0.902	1.0	1.0
2	6	67	2.226	0.425	19.29	0.864	1.0	1.0
2	6	64	2.065	0.25	20.355	1.253	1.0	1.0
2	6	61	1.935	0.25	22.29	2.866	1.0	1.0
2	6	58	1.677	0.475	23.935	2.308	1.0	1.0
2	6	55	1.484	0.677	25.5	3.283	0.903	0.903
2	6	52	0.767	0.626	27.619	2.747	0.645	0.677
2	6	49	0.0	0.0	nan	nan	0.0	0.0
2	6	46	0.0	0.0	nan	nan	0.0	0.0
2	6	43	0.0	0.0	nan	nan	0.0	0.0
2	6	40	0.0	0.0	nan	nan	0.0	0.0
2	6	37	0.0	0.0	nan	nan	0.0	0.0
2	6	34	0.0	0.0	nan	nan	0.0	0.0
2	6	31	0.0	0.0	nan	nan	0.0	0.0
2	6	28	0.0	0.0	nan	nan	0.0	0.0
3	6	100	3.0	0.0	16.129	0.428	1.0	1.0
3	6	97	2.968	0.18	16.387	0.615	1.0	1.0
3	6	94	2.968	0.18	16.806	0.601	1.0	1.0
3	6	91	2.935	0.25	17.258	0.575	1.0	1.0
3	6	88	2.774	0.425	18.0	0.816	1.0	1.0
3	6	85	2.226	0.762	18.516	0.724	1.0	1.0
3	6	82	1.548	0.675	19.226	0.99	1.0	1.0
3	6	79	1.129	0.341	20.194	1.014	1.0	1.0
3	6	76	1.032	0.18	21.903	1.3	1.0	1.0
3	6	73	1.0	0.0	23.258	1.505	1.0	1.0
3	6	70	0.933	0.254	25.759	1.38	0.903	0.935
3	6	67	0.321	0.476	26.833	3.433	0.29	0.387
3	6	64	0.129	0.341	26.5	1.291	0.129	0.129
3	6	61	0.0	0.0	nan	nan	0.0	0.0
3	6	58	0.0	0.0	nan	nan	0.0	0.0
3	6	55	0.0	0.0	nan	nan	0.0	0.0
3	6	52	0.0	0.0	nan	nan	0.0	0.0
3	6	49	0.0	0.0	nan	nan	0.0	0.0
3	6	46	0.0	0.0	nan	nan	0.0	0.0
3	6	43	0.0	0.0	nan	nan	0.0	0.0
3	6	40	0.0	0.0	nan	nan	0.0	0.0
3	6	37	0.0	0.0	nan	nan	0.0	0.0
3	6	34	0.0	0.0	nan	nan	0.0	0.0
3	6	31	0.0	0.0	nan	nan	0.0	0.0
3	6	28	0.0	0.0	nan	nan	0.0	0.0
4	6	100	6.0	0.0	15.097	0.396	1.0	1.0
4	6	97	6.0	0.0	15.419	0.502	1.0	1.0
4	6	94	5.581	0.502	15.935	0.359	1.0	1.0
4	6	91	5.258	0.445	16.194	0.477	1.0	1.0
4	6	88	5.065	0.25	16.613	0.495	1.0	1.0
4	6	85	5.0	0.0	17.097	0.597	1.0	1.0
4	6	82	4.806	0.402	17.742	0.682	1.0	1.0
4	6	79	4.419	0.672	18.194	0.792	1.0	1.0
4	6	76	3.677	0.653	18.935	0.68	1.0	1.0
4	6	73	3.129	0.428	19.806	0.792	1.0	1.0
4	6	70	3.065	0.25	20.903	0.944	1.0	1.0
4	6	67	3.0	0.0	22.194	1.078	1.0	1.0
4	6	64	2.968	0.18	23.323	1.492	1.0	1.0
4	6	61	2.742	0.445	25.71	2.132	1.0	1.0
4	6	58	2.194	0.477	27.903	2.468	1.0	1.0
4	6	55	1.742	0.729	32.767	2.944	0.968	0.968
4	6	52	0.862	0.639	38.478	3.502	0.677	0.742
4	6	49	0.097	0.396	36.5	4.95	0.065	0.065
4	6	46	0.0	0.0	nan	nan	0.0	0.0
4	6	43	0.0	0.0	nan	nan	0.0	0.0
4	6	40	0.0	0.0	nan	nan	0.0	0.0
4	6	37	0.0	0.0	nan	nan	0.0	0.0
4	6	34	0.0	0.0	nan	nan	0.0	0.0
4	6	31	0.0	0.0	nan	nan	0.0	0.0
4	6	28	0.0	0.0	nan	nan	0.0	0.0
5	6	100	3.968	0.18	14.29	0.529	1.0	1.0
5	6	97	3.968	0.18	14.742	0.514	1.0	1.0
5	6	94	3.677	0.475	15.032	0.407	1.0	1.0
5	6	91	3.516	0.508	15.355	0.608	1.0	1.0
5	6	88	3.194	0.402	15.645	0.551	1.0	1.0
5	6	85	2.968	0.18	16.097	0.87	1.0	1.0
5	6	82	3.0	0.0	16.806	0.477	1.0	1.0
5	6	79	2.968	0.18	17.258	0.631	1.0	1.0
5	6	76	2.806	0.402	17.742	0.855	1.0	1.0
5	6	73	1.71	0.529	19.097	1.012	1.0	1.0
5	6	70	1.258	0.445	20.0	1.461	1.0	1.0
5	6	67	1.065	0.25	21.258	1.46	1.0	1.0
5	6	64	0.967	0.183	23.267	2.84	0.935	0.968
5	6	61	0.931	0.258	24.828	1.947	0.871	0.935
5	6	58	0.097	0.301	27.333	0.577	0.097	0.097
5	6	55	0.0	0.0	nan	nan	0.0	0.0
5	6	52	0.0	0.0	nan	nan	0.0	0.0
5	6	49	0.0	0.0	nan	nan	0.0	0.0
5	6	46	0.0	0.0	nan	nan	0.0	0.0
5	6	43	0.0	0.0	nan	nan	0.0	0.0
5	6	40	0.0	0.0	nan	nan	0.0	0.0
5	6	37	0.0	0.0	nan	nan	0.0	0.0
5	6	34	0.0	0.0	nan	nan	0.0	0.0
5	6	31	0.0	0.0	nan	nan	0.0	0.0
5	6	28	0.0	0.0	nan	nan	0.0	0.0
6	6	100	5.129	0.341	14.258	0.445	1.0	1.0
6	6	97	5.0	0.0	14.452	0.506	1.0	1.0
6	6	94	5.0	0.0	14.742	0.445	1.0	1.0
6	6	91	5.0	0.0	15.194	0.477	1.0	1.0
6	6	88	4.935	0.25	15.452	0.506	1.0	1.0
6	6	85	4.774	0.425	16.0	0.447	1.0	1.0
6	6	82	4.258	0.445	16.419	0.958	1.0	1.0
6	6	79	4.065	0.25	16.774	0.497	1.0	1.0
6	6	76	3.968	0.18	17.581	0.848	1.0	1.0
6	6	73	3.613	0.495	18.065	0.929	1.0	1.0
6	6	70	3.129	0.341	18.903	0.79	1.0	1.0
6	6	67	2.871	0.341	19.871	1.056	1.0	1.0
6	6	64	2.452	0.506	21.194	1.515	1.0	1.0
6	6	61	2.097	0.301	22.548	1.71	1.0	1.0
6	6	58	2.0	0.0	24.839	2.146	1.0	1.0
6	6	55	1.968	0.18	27.968	2.614	1.0	1.0
6	6	52	1.667	0.479	32.581	4.911	0.968	1.0
6	6	49	0.28	0.458	38.769	3.37	0.226	0.419
6	6	46	0.0	0.0	36.0	0.0	0.0	0.032
6	6	43	0.0	0.0	nan	nan	0.0	0.0
6	6	40	0.0	0.0	nan	nan	0.0	0.0
6	6	37	0.0	0.0	nan	nan	0.0	0.0
6	6	34	0.0	0.0	nan	nan	0.0	0.0
6	6	31	0.0	0.0	nan	nan	0.0	0.0
6	6	28	0.0	0.0	nan	nan	0.0	0.0
7	6	100	5.903	0.301	14.935	0.359	1.0	1.0
7	6	97	5.613	0.495	15.355	0.755	1.0	1.0
7	6	94	5.419	0.502	15.484	0.677	1.0	1.0
7	6	91	5.097	0.301	16.226	0.617	1.0	1.0
7	6	88	5.0	0.0	16.516	0.57	1.0	1.0
7	6	85	4.871	0.341	17.0	0.816	1.0	1.0
7	6	82	4.871	0.341	17.419	0.72	1.0	1.0
7	6	79	3.806	0.703	18.129	0.885	1.0	1.0
7	6	76	3.323	0.475	19.387	0.989	1.0	1.0
7	6	73	3.065	0.25	19.935	1.289	1.0	1.0
7	6	70	2.968	0.18	20.935	1.181	1.0	1.0
7	6	67	2.806	0.402	23.161	1.899	1.0	1.0
7	6	64	2.645	0.486	24.065	1.75	1.0	1.0
7	6	61	2.129	0.341	27.065	2.175	1.0	1.0
7	6	58	2.0	0.0	30.484	4.319	0.935	1.0
7	6	55	1.036	0.793	35.696	3.71	0.645	0.742
7	6	52	0.069	0.258	40.25	2.63	0.065	0.129
7	6	49	0.0	0.0	nan	nan	0.0	0.0
7	6	46	0.0	0.0	nan	nan	0.0	0.0
7	6	43	0.0	0.0	nan	nan	0.0	0.0
7	6	40	0.0	0.0	nan	nan	0.0	0.0
7	6	37	0.0	0.0	nan	nan	0.0	0.0
7	6	34	0.0	0.0	nan	nan	0.0	0.0
7	6	31	0.0	0.0	nan	nan	0.0	0.0
7	6	28	0.0	0.0	nan	nan	0.0	0.0
8	6	100	4.355	0.486	14.71	0.461	1.0	1.0
8	6	97	4.065	0.25	14.968	0.482	1.0	1.0
8	6	94	4.065	0.25	15.355	0.551	1.0	1.0
8	6	91	4.0	0.0	15.935	0.512	1.0	1.0
8	6	88	3.935	0.25	16.065	0.629	1.0	1.0
8	6	85	3.677	0.475	16.484	0.677	1.0	1.0
8	6	82	3.516	0.508	17.129	0.562	1.0	1.0
8	6	79	3.161	0.638	17.613	0.615	1.0	1.0
8	6	76	2.516	0.508	18.484	0.724	1.0	1.0
8	6	73	2.097	0.301	19.419	1.177	1.0	1.0
8	6	70	2.0	0.0	20.387	1.174	1.0	1.0
8	6	67	1.903	0.301	21.677	1.558	1.0	1.0
8	6	64	1.613	0.558	23.033	1.52	0.968	0.968
8	6	61	1.194	0.402	25.129	1.91	1.0	1.0
8	6	58	0.846	0.613	28.833	4.498	0.613	0.774
8	6	55	0.138	0.351	31.0	4.94	0.129	0.194
8	6	52	0.0	0.0	nan	nan	0.0	0.0
8	6	49	0.0	0.0	nan	nan	0.0	0.0
8	6	46	0.0	0.0	nan	nan	0.0	0.0
8	6	43	0.0	0.0	nan	nan	0.0	0.0
8	6	40	0.0	0.0	nan	nan	0.0	0.0
8	6	37	0.0	0.0	nan	nan	0.0	0.0
8	6	34	0.0	0.0	nan	nan	0.0	0.0
8	6	31	0.0	0.0	nan	nan	0.0	0.0
8	6	28	0.0	0.0	nan	nan	0.0	0.0
9	6	100	4.226	0.425	15.839	0.523	1.0	1.0
9	6	97	4.161	0.374	16.258	0.445	1.0	1.0
9	6	94	4.065	0.25	16.806	0.543	1.0	1.0
9	6	91	4.032	0.18	17.258	0.445	1.0	1.0
9	6	88	3.871	0.428	17.71	0.643	1.0	1.0
9	6	85	3.226	0.617	18.548	0.675	1.0	1.0
9	6	82	2.581	0.564	19.29	0.693	1.0	1.0
9	6	79	2.258	0.445	20.032	1.016	1.0	1.0
9	6	76	2.0	0.0	21.516	1.208	1.0	1.0
9	6	73	2.032	0.18	23.161	1.241	1.0	1.0
9	6	70	2.0	0.0	24.323	1.62	1.0	1.0
9	6	67	1.806	0.402	26.258	2.67	1.0	1.0
9	6	64	1.4	0.675	29.464	2.899	0.871	0.903
9	6	61	0.542	0.658	33.833	4.301	0.355	0.581
9	6	58	0.0	0.0	nan	nan	0.0	0.0
9	6	55	0.0	0.0	nan	nan	0.0	0.0
9	6	52	0.0	0.0	nan	nan	0.0	0.0
9	6	49	0.0	0.0	nan	nan	0.0	0.0
9	6	46	0.0	0.0	nan	nan	0.0	0.0
9	6	43	0.0	0.0	nan	nan	0.0	0.0
9	6	40	0.0	0.0	nan	nan	0.0	0.0
9	6	37	0.0	0.0	nan	nan	0.0	0.0
9	6	34	0.0	0.0	nan	nan	0.0	0.0
9	6	31	0.0	0.0	nan	nan	0.0	0.0
9	6	28	0.0	0.0	nan	nan	0.0	0.0
10	6	100	5.0	0.258	14.903	0.473	1.0	1.0
10	6	97	5.0	0.0	15.29	0.461	1.0	1.0
10	6	94	4.968	0.18	15.677	0.599	1.0	1.0
10	6	91	4.871	0.341	15.968	0.547	1.0	1.0
10	6	88	4.581	0.502	16.387	0.558	1.0	1.0
10	6	85	4.226	0.425	16.742	0.729	1.0	1.0
10	6	82	3.935	0.25	17.323	0.653	1.0	1.0
10	6	79	3.742	0.445	18.065	1.063	1.0	1.0
10	6	76	3.226	0.56	18.677	0.871	1.0	1.0
10	6	73	3.0	0.258	20.032	0.983	1.0	1.0
10	6	70	2.581	0.502	21.129	1.384	1.0	1.0
10	6	67	2.387	0.495	22.516	1.061	1.0	1.0
10	6	64	2.129	0.341	23.613	1.43	1.0	1.0
10	6	61	1.968	0.18	26.355	2.775	1.0	1.0
10	6	58	1.903	0.396	28.333	2.758	0.968	0.968
10	6	55	1.5	0.82	30.92	3.915	0.774	0.806
10	6	52	0.207	0.491	35.571	4.237	0.161	0.226
10	6	49	0.0	0.0	nan	nan	0.0	0.0
10	6	46	0.0	0.0	nan	nan	0.0	0.0
10	6	43	0.0	0.0	nan	nan	0.0	0.0
10	6	40	0.0	0.0	nan	nan	0.0	0.0
10	6	37	0.0	0.0	nan	nan	0.0	0.0
10	6	34	0.0	0.0	nan	nan	0.0	0.0
10	6	31	0.0	0.0	nan	nan	0.0	0.0
10	6	28	0.0	0.0	nan	nan	0.0	0.0
11	6	100	5.032	0.18	14.161	0.454	1.0	1.0
11	6	97	4.903	0.301	14.516	0.57	1.0	1.0
11	6	94	4.742	0.445	14.774	0.497	1.0	1.0
11	6	91	4.29	0.461	15.097	0.396	1.0	1.0
11	6	88	4.097	0.301	15.613	0.495	1.0	1.0
11	6	85	4.0	0.0	15.871	0.562	1.0	1.0
11	6	82	4.0	0.0	16.774	0.617	1.0	1.0
11	6	79	4.0	0.0	17.323	0.599	1.0	1.0
11	6	76	3.71	0.461	17.839	0.688	1.0	1.0
11	6	73	3.032	0.752	18.742	0.893	1.0	1.0
11	6	70	2.355	0.486	20.032	0.836	1.0	1.0
11	6	67	2.097	0.301	20.774	0.92	1.0	1.0
11	6	64	2.0	0.0	22.226	1.431	1.0	1.0
11	6	61	2.032	0.18	24.258	1.673	1.0	1.0
11	6	58	1.935	0.359	27.467	2.177	0.968	0.968
11	6	55	1.37	0.688	33.107	4.433	0.774	0.903
11	6	52	0.133	0.434	35.75	1.258	0.097	0.129
11	6	49	0.0	0.0	nan	nan	0.0	0.0
11	6	46	0.0	0.0	nan	nan	0.0	0.0
11	6	43	0.0	0.0	nan	nan	0.0	0.0
11	6	40	0.0	0.0	nan	nan	0.0	0.0
11	6	37	0.0	0.0	nan	nan	0.0	0.0
11	6	34	0.0	0.0	nan	nan	0.0	0.0
11	6	31	0.0	0.0	nan	nan	0.0	0.0
11	6	28	0.0	0.0	nan	nan	0.0	0.0
12	6	100	4.484	0.508	14.065	0.359	1.0	1.0
12	6	97	4.258	0.445	14.258	0.445	1.0	1.0
12	6	94	4.065	0.25	14.774	0.762	1.0	1.0
12	6	91	4.0	0.0	15.097	0.651	1.0	1.0
12	6	88	4.0	0.0	15.258	0.514	1.0	1.0
12	6	85	3.968	0.18	15.774	0.617	1.0	1.0
12	6	82	3.839	0.374	16.194	0.601	1.0	1.0
12	6	79	3.516	0.508	16.742	0.631	1.0	1.0
12	6	76	3.065	0.442	17.419	0.72	1.0	1.0
12	6	73	2.613	0.495	17.774	1.087	1.0	1.0
12	6	70	2.226	0.425	18.806	0.833	1.0	1.0
12	6	67	2.032	0.18	20.0	1.461	1.0	1.0
12	6	64	1.903	0.301	21.419	1.432	1.0	1.0
12	6	61	1.806	0.402	22.581	1.259	1.0	1.0
12	6	58	1.581	0.502	26.161	2.709	1.0	1.0
12	6	55	1.0	0.566	29.111	3.906	0.71	0.871
12	6	52	0.172	0.384	31.857	4.562	0.161	0.226
12	6	49	0.0	0.0	nan	nan	0.0	0.0
12	6	46	0.0	0.0	nan	nan	0.0	0.0
12	6	43	0.0	0.0	nan	nan	0.0	0.0
12	6	40	0.0	0.0	nan	nan	0.0	0.0
12	6	37	0.0	0.0	nan	nan	0.0	0.0
12	6	34	0.0	0.0	nan	nan	0.0	0.0
12	6	31	0.0	0.0	nan	nan	0.0	0.0
12	6	28	0.0	0.0	nan	nan	0.0	0.0
13	6	100	5.032	0.18	14.903	0.396	1.0	1.0
13	6	97	4.968	0.18	15.323	0.475	1.0	1.0
13	6	94	4.677	0.475	15.613	0.615	1.0	1.0
13	6	91	4.581	0.502	15.903	0.301	1.0	1.0
13	6	88	4.29	0.461	16.29	0.693	1.0	1.0
13	6	85	4.032	0.18	16.903	0.597	1.0	1.0
13	6	82	3.968	0.18	17.194	0.703	1.0	1.0
13	6	79	3.548	0.506	17.903	0.651	1.0	1.0
13	6	76	3.194	0.654	18.323	0.653	1.0	1.0
13	6	73	2.419	0.502	19.419	0.886	1.0	1.0
13	6	70	2.194	0.477	20.323	1.492	1.0	1.0
13	6	67	2.065	0.25	21.581	1.089	1.0	1.0
13	6	64	2.0	0.258	23.742	1.932	1.0	1.0
13	6	61	1.71	0.529	25.1	2.203	0.968	0.968
13	6	58	1.357	0.559	28.8	3.527	0.871	0.968
13	6	55	0.333	0.479	33.364	4.365	0.323	0.355
13	6	52	0.0	0.0	nan	nan	0.0	0.0
13	6	49	0.0	0.0	nan	nan	0.0	0.0
13	6	46	0.0	0.0	nan	nan	0.0	0.0
13	6	43	0.0	0.0	nan	nan	0.0	0.0
13	6	40	0.0	0.0	nan	nan	0.0	0.0
13	6	37	0.0	0.0	nan	nan	0.0	0.0
13	6	34	0.0	0.0	nan	nan	0.0	0.0
13	6	31	0.0	0.0	nan	nan	0.0	0.0
13	6	28	0.0	0.0	nan	nan	0.0	0.0
14	6	100	5.968	0.18	14.71	0.529	1.0	1.0
14	6	97	5.903	0.301	14.935	0.359	1.0	1.0
14	6	94	5.806	0.402	15.258	0.514	1.0	1.0
14	6	91	5.516	0.508	15.645	0.486	1.0	1.0
14	6	88	5.194	0.402	15.871	0.499	1.0	1.0
14	6	85	5.0	0.0	16.161	0.523	1.0	1.0
14	6	82	5.0	0.0	16.774	0.56	1.0	1.0
14	6	79	4.903	0.301	17.032	0.657	1.0	1.0
14	6	76	4.516	0.626	17.839	0.638	1.0	1.0
14	6	73	3.645	0.755	18.677	0.791	1.0	1.0
14	6	70	3.194	0.402	19.355	1.112	1.0	1.0
14	6	67	3.097	0.301	20.323	1.376	1.0	1.0
14	6	64	2.968	0.18	21.613	1.498	1.0	1.0
14	6	61	2.968	0.18	22.839	1.715	1.0	1.0
14	6	58	2.516	0.508	25.452	3.064	1.0	1.0
14	6	55	2.194	0.477	28.032	2.822	1.0	1.0
14	6	52	2.0	0.516	31.097	3.187	1.0	1.0
14	6	49	1.133	0.571	36.786	3.479	0.871	0.903
14	6	46	0.1	0.305	43.75	5.679	0.097	0.129
14	6	43	0.0	0.0	nan	nan	0.0	0.0
14	6	40	0.0	0.0	nan	nan	0.0	0.0
14	6	37	0.0	0.0	nan	nan	0.0	0.0
14	6	34	0.0	0.0	nan	nan	0.0	0.0
14	6	31	0.0	0.0	nan	nan	0.0	0.0
14	6	28	0.0	0.0	nan	nan	0.0	0.0
15	6	100	3.0	0.0	16.613	0.615	1.0	1.0
15	6	97	2.935	0.25	17.129	0.885	1.0	1.0
15	6	94	2.968	0.18	17.355	0.661	1.0	1.0
15	6	91	2.194	0.703	18.065	0.629	1.0	1.0
15	6	88	1.71	0.643	18.806	0.792	1.0	1.0
15	6	85	1.194	0.402	19.484	0.851	1.0	1.0
15	6	82	1.032	0.18	20.581	0.923	1.0	1.0
15	6	79	1.0	0.0	22.387	1.498	1.0	1.0
15	6	76	1.0	0.0	23.806	1.078	1.0	1.0
15	6	73	0.484	0.508	25.6	2.746	0.484	0.484
15	6	70	0.3	0.466	27.0	1.414	0.29	0.323
15	6	67	0.0	0.0	nan	nan	0.0	0.0
15	6	64	0.0	0.0	nan	nan	0.0	0.0
15	6	61	0.0	0.0	nan	nan	0.0	0.0
15	6	58	0.0	0.0	nan	nan	0.0	0.0
15	6	55	0.0	0.0	nan	nan	0.0	0.0
15	6	52	0.0	0.0	nan	nan	0.0	0.0
15	6	49	0.0	0.0	nan	nan	0.0	0.0
15	6	46	0.0	0.0	nan	nan	0.0	0.0
15	6	43	0.0	0.0	nan	nan	0.0	0.0
15	6	40	0.0	0.0	nan	nan	0.0	0.0
15	6	37	0.0	0.0	nan	nan	0.0	0.0
15	6	34	0.0	0.0	nan	nan	0.0	0.0
15	6	31	0.0	0.0	nan	nan	0.0	0.0
15	6	28	0.0	0.0	nan	nan	0.0	0.0
16	6	100	6.161	0.374	13.065	0.359	1.0	1.0
16	6	97	6.032	0.18	13.419	0.564	1.0	1.0
16	6	94	5.968	0.18	13.516	0.508	1.0	1.0
16	6	91	5.935	0.25	13.677	0.599	1.0	1.0
16	6	88	5.613	0.495	14.097	0.539	1.0	1.0
16	6	85	5.387	0.495	14.548	0.568	1.0	1.0
16	6	82	5.161	0.374	14.677	0.475	1.0	1.0
16	6	79	5.032	0.18	14.968	0.547	1.0	1.0
16	6	76	4.806	0.402	15.516	0.677	1.0	1.0
16	6	73	4.645	0.486	15.935	0.772	1.0	1.0
16	6	70	4.645	0.551	16.419	0.958	1.0	1.0
16	6	67	4.097	0.473	17.129	0.922	1.0	1.0
16	6	64	4.0	0.447	17.71	1.101	1.0	1.0
16	6	61	3.226	0.56	18.968	1.278	1.0	1.0
16	6	58	3.065	0.442	19.548	1.312	1.0	1.0
16	6	55	2.839	0.523	20.742	1.591	1.0	1.0
16	6	52	2.419	0.502	22.645	1.854	1.0	1.0
16	6	49	2.097	0.396	24.806	2.482	1.0	1.0
16	6	46	1.935	0.359	25.613	2.171	1.0	1.0
16	6	43	1.633	0.615	29.724	4.399	0.903	0.935
16	6	40	0.533	0.819	33.091	5.262	0.323	0.355
16	6	37	0.0	0.0	nan	nan	0.0	0.0
16	6	34	0.032	0.18	34.0	0.0	0.032	0.032
16	6	31	0.0	0.0	nan	nan	0.0	0.0
16	6	28	0.0	0.0	nan	nan	0.0	0.0
17	6	100	3.419	0.502	15.613	0.495	1.0	1.0
17	6	97	3.065	0.25	16.097	0.396	1.0	1.0
17	6	94	3.0	0.0	16.581	0.564	1.0	1.0
17	6	91	3.0	0.0	16.935	0.512	1.0	1.0
17	6	88	2.871	0.341	17.484	0.677	1.0	1.0
17	6	85	2.645	0.486	17.935	0.629	1.0	1.0
17	6	82	1.871	0.499	19.194	0.946	1.0	1.0
17	6	79	1.484	0.57	20.129	1.176	1.0	1.0
17	6	76	1.226	0.425	21.903	1.076	1.0	1.0
17	6	73	1.0	0.258	23.233	1.569	0.968	0.968
17	6	70	0.968	0.18	24.7	1.664	0.968	0.968
17	6	67	0.452	0.506	27.0	1.961	0.452	0.452
17	6	64	0.0	0.0	nan	nan	0.0	0.0
17	6	61	0.0	0.0	nan	nan	0.0	0.0
17	6	58	0.0	0.0	nan	nan	0.0	0.0
17	6	55	0.0	0.0	nan	nan	0.0	0.0
17	6	52	0.0	0.0	nan	nan	0.0	0.0
17	6	49	0.0	0.0	nan	nan	0.0	0.0
17	6	46	0.0	0.0	nan	nan	0.0	0.0
17	6	43	0.0	0.0	nan	nan	0.0	0.0
17	6	40	0.0	0.0	nan	nan	0.0	0.0
17	6	37	0.0	0.0	nan	nan	0.0	0.0
17	6	34	0.0	0.0	nan	nan	0.0	0.0
17	6	31	0.0	0.0	nan	nan	0.0	0.0
17	6	28	0.0	0.0	nan	nan	0.0	0.0
18	6	100	4.71	0.461	14.806	0.543	1.0	1.0
18	6	97	4.677	0.475	15.097	0.396	1.0	1.0
18	6	94	4.258	0.445	15.516	0.508	1.0	1.0
18	6	91	4.0	0.0	15.839	0.454	1.0	1.0
18	6	88	4.032	0.18	16.194	0.654	1.0	1.0
18	6	85	3.968	0.18	16.548	0.568	1.0	1.0
18	6	82	3.871	0.341	17.129	0.718	1.0	1.0
18	6	79	3.258	0.682	17.968	1.048	1.0	1.0
18	6	76	2.613	0.558	18.774	0.99	1.0	1.0
18	6	73	2.129	0.341	19.677	0.599	1.0	1.0
18	6	70	2.032	0.18	20.516	1.313	1.0	1.0
18	6	67	1.903	0.301	21.742	1.46	1.0	1.0
18	6	64	1.7	0.466	23.516	1.525	0.968	1.0
18	6	61	1.29	0.461	25.387	1.927	1.0	1.0
18	6	58	0.759	0.577	29.136	4.268	0.645	0.71
18	6	55	0.032	0.18	29.0	0.0	0.032	0.032
18	6	52	0.0	0.0	nan	nan	0.0	0.0
18	6	49	0.0	0.0	nan	nan	0.0	0.0
18	6	46	0.0	0.0	nan	nan	0.0	0.0
18	6	43	0.0	0.0	nan	nan	0.0	0.0
18	6	40	0.0	0.0	nan	nan	0.0	0.0
18	6	37	0.0	0.0	nan	nan	0.0	0.0
18	6	34	0.0	0.0	nan	nan	0.0	0.0
18	6	31	0.0	0.0	nan	nan	0.0	0.0
18	6	28	0.0	0.0	nan	nan	0.0	0.0
19	6	100	4.968	0.18	14.0	0.447	1.0	1.0
19	6	97	5.0	0.0	14.387	0.495	1.0	1.0
19	6	94	4.935	0.25	14.742	0.445	1.0	1.0
19	6	91	4.645	0.486	15.0	0.447	1.0	1.0
19	6	88	4.258	0.445	15.161	0.735	1.0	1.0
19	6	85	4.032	0.18	15.871	0.499	1.0	1.0
19	6	82	4.0	0.0	16.29	0.529	1.0	1.0
19	6	79	4.0	0.0	16.903	0.831	1.0	1.0
19	6	76	4.032	0.18	17.323	0.702	1.0	1.0
19	6	73	3.323	0.599	18.387	0.667	1.0	1.0
19	6	70	2.871	0.619	18.839	0.82	1.0	1.0
19	6	67	2.29	0.461	20.29	0.864	1.0	1.0
19	6	64	2.032	0.18	21.806	1.167	1.0	1.0
19	6	61	2.0	0.0	23.161	1.319	1.0	1.0
19	6	58	2.0	0.0	25.839	2.267	1.0	1.0
19	6	55	1.774	0.497	29.833	4.691	0.968	0.968
19	6	52	0.429	0.79	35.5	4.79	0.226	0.323
19	6	49	0.065	0.359	33.0	0.0	0.032	0.032
19	6	46	0.0	0.0	nan	nan	0.0	0.0
19	6	43	0.0	0.0	nan	nan	0.0	0.0
19	6	40	0.0	0.0	nan	nan	0.0	0.0
19	6	37	0.0	0.0	nan	nan	0.0	0.0
19	6	34	0.0	0.0	nan	nan	0.0	0.0
19	6	31	0.0	0.0	nan	nan	0.0	0.0
19	6	28	0.0	0.0	nan	nan	0.0	0.0
20	6	100	5.032	0.18	14.774	0.497	1.0	1.0
20	6	97	5.032	0.18	14.903	0.473	1.0	1.0
20	6	94	5.0	0.0	15.516	0.769	1.0	1.0
20	6	91	4.968	0.18	15.516	0.57	1.0	1.0
20	6	88	4.71	0.461	16.065	0.442	1.0	1.0
20	6	85	4.419	0.502	16.774	0.56	1.0	1.0
20	6	82	4.129	0.341	17.097	0.473	1.0	1.0
20	6	79	3.742	0.445	18.065	0.629	1.0	1.0
20	6	76	3.29	0.588	18.581	0.992	1.0	1.0
20	6	73	3.097	0.396	19.452	0.961	1.0	1.0
20	6	70	2.871	0.428	20.355	1.082	1.0	1.0
20	6	67	2.323	0.475	22.161	1.157	1.0	1.0
20	6	64	2.097	0.301	23.613	2.06	1.0	1.0
20	6	61	2.032	0.18	25.032	1.888	1.0	1.0
20	6	58	1.935	0.25	28.29	2.935	1.0	1.0
20	6	55	1.556	0.577	33.367	3.718	0.839	0.968
20	6	52	0.192	0.567	36.125	2.475	0.097	0.258
20	6	49	0.032	0.18	37.0	0.0	0.032	0.032
20	6	46	0.0	0.0	nan	nan	0.0	0.0
20	6	43	0.0	0.0	nan	nan	0.0	0.0
20	6	40	0.0	0.0	nan	nan	0.0	0.0
20	6	37	0.0	0.0	nan	nan	0.0	0.0
20	6	34	0.0	0.0	nan	nan	0.0	0.0
20	6	31	0.0	0.0	nan	nan	0.0	0.0
20	6	28	0.0	0.0	nan	nan	0.0	0.0
21	6	100	4.226	0.425	14.032	0.407	1.0	1.0
21	6	97	4.032	0.18	14.194	0.543	1.0	1.0
21	6	94	4.0	0.0	14.71	0.461	1.0	1.0
21	6	91	4.0	0.0	15.065	0.727	1.0	1.0
21	6	88	3.903	0.301	15.065	0.442	1.0	1.0
21	6	85	3.774	0.497	15.742	0.815	1.0	1.0
21	6	82	3.452	0.506	16.194	0.654	1.0	1.0
21	6	79	3.161	0.374	16.677	0.599	1.0	1.0
21	6	76	2.903	0.301	17.484	1.151	1.0	1.0
21	6	73	2.742	0.445	17.903	0.831	1.0	1.0
21	6	70	2.258	0.575	18.968	1.402	1.0	1.0
21	6	67	1.968	0.315	19.774	1.117	1.0	1.0
21	6	64	1.677	0.475	21.613	1.407	1.0	1.0
21	6	61	1.194	0.402	23.613	1.542	1.0	1.0
21	6	58	0.871	0.499	25.0	2.363	0.806	0.806
21	6	55	0.548	0.568	28.0	2.129	0.516	0.516
21	6	52	0.032	0.18	27.0	0.0	0.032	0.032
21	6	49	0.0	0.0	nan	nan	0.0	0.0
21	6	46	0.0	0.0	nan	nan	0.0	0.0
21	6	43	0.0	0.0	nan	nan	0.0	0.0
21	6	40	0.0	0.0	nan	nan	0.0	0.0
21	6	37	0.0	0.0	nan	nan	0.0	0.0
21	6	34	0.0	0.0	nan	nan	0.0	0.0
21	6	31	0.0	0.0	nan	nan	0.0	0.0
21	6	28	0.0	0.0	nan	nan	0.0	0.0
22	6	100	4.0	0.0	14.871	0.341	1.0	1.0
22	6	97	3.968	0.18	15.258	0.445	1.0	1.0
22	6	94	3.806	0.402	15.645	0.551	1.0	1.0
22	6	91	3.581	0.502	16.065	0.512	1.0	1.0
22	6	88	3.452	0.506	16.613	0.495	1.0	1.0
22	6	85	3.129	0.341	16.871	0.562	1.0	1.0
22	6	82	2.806	0.402	17.677	0.832	1.0	1.0
22	6	79	2.484	0.508	18.452	0.675	1.0	1.0
22	6	76	2.097	0.473	19.0	1.033	1.0	1.0
22	6	73	2.0	0.365	19.806	1.195	1.0	1.0
22	6	70	1.677	0.475	21.419	1.057	1.0	1.0
22	6	67	1.258	0.445	22.968	1.538	1.0	1.0
22	6	64	0.967	0.32	25.034	2.383	0.903	0.935
22	6	61	0.484	0.508	26.933	2.658	0.484	0.484
22	6	58	0.034	0.186	36.333	2.082	0.032	0.097
22	6	55	0.0	0.0	nan	nan	0.0	0.0
22	6	52	0.0	0.0	nan	nan	0.0	0.0
22	6	49	0.0	0.0	nan	nan	0.0	0.0
22	6	46	0.0	0.0	nan	nan	0.0	0.0
22	6	43	0.0	0.0	nan	nan	0.0	0.0
22	6	40	0.0	0.0	nan	nan	0.0	0.0
22	6	37	0.0	0.0	nan	nan	0.0	0.0
22	6	34	0.0	0.0	nan	nan	0.0	0.0
22	6	31	0.0	0.0	nan	nan	0.0	0.0
22	6	28	0.0	0.0	nan	nan	0.0	0.0
23	6	100	5.0	0.0	14.355	0.551	1.0	1.0
23	6	97	4.903	0.301	14.516	0.626	1.0	1.0
23	6	94	4.677	0.475	14.903	0.396	1.0	1.0
23	6	91	4.29	0.461	15.129	0.499	1.0	1.0
23	6	88	4.097	0.301	15.71	0.529	1.0	1.0
23	6	85	4.032	0.18	16.097	0.539	1.0	1.0
23	6	82	3.968	0.18	16.452	0.624	1.0	1.0
23	6	79	3.774	0.425	17.032	0.605	1.0	1.0
23	6	76	3.452	0.675	17.71	0.693	1.0	1.0
23	6	73	2.516	0.57	18.581	0.848	1.0	1.0
23	6	70	2.161	0.374	19.323	0.871	1.0	1.0
23	6	67	2.0	0.0	20.548	1.609	1.0	1.0
23	6	64	1.839	0.374	22.097	1.491	1.0	1.0
23	6	61	1.5	0.572	24.267	3.982	0.935	0.968
23	6	58	1.29	0.588	25.897	3.028	0.935	0.935
23	6	55	0.167	0.379	30.833	4.021	0.161	0.194
23	6	52	0.033	0.183	32.0	4.243	0.032	0.065
23	6	49	0.0	0.0	nan	nan	0.0	0.0
23	6	46	0.0	0.0	nan	nan	0.0	0.0
23	6	43	0.0	0.0	nan	nan	0.0	0.0
23	6	40	0.0	0.0	nan	nan	0.0	0.0
23	6	37	0.0	0.0	nan	nan	0.0	0.0
23	6	34	0.0	0.0	nan	nan	0.0	0.0
23	6	31	0.0	0.0	nan	nan	0.0	0.0
23	6	28	0.0	0.0	nan	nan	0.0	0.0
24	6	100	5.484	0.508	13.677	0.475	1.0	1.0
24	6	97	5.032	0.18	13.935	0.25	1.0	1.0
24	6	94	5.032	0.18	14.29	0.461	1.0	1.0
24	6	91	5.0	0.0	14.71	0.461	1.0	1.0
24	6	88	5.0	0.0	15.0	0.516	1.0	1.0
24	6	85	4.935	0.25	15.516	0.508	1.0	1.0
24	6	82	4.742	0.445	15.613	0.761	1.0	1.0
24	6	79	4.29	0.461	16.355	0.551	1.0	1.0
24	6	76	4.032	0.18	16.774	0.617	1.0	1.0
24	6	73	3.935	0.359	17.613	0.803	1.0	1.0
24	6	70	3.484	0.508	18.484	0.962	1.0	1.0
24	6	67	3.097	0.301	19.677	1.701	1.0	1.0
24	6	64	2.774	0.425	20.935	1.093	1.0	1.0
24	6	61	2.516	0.57	21.774	1.802	1.0	1.0
24	6	58	2.097	0.301	24.097	1.599	1.0	1.0
24	6	55	1.903	0.301	27.355	3.189	1.0	1.0
24	6	52	1.433	0.774	32.346	5.075	0.806	0.839
24	6	49	0.484	0.677	37.0	5.045	0.387	0.387
24	6	46	0.0	0.0	nan	nan	0.0	0.0
24	6	43	0.0	0.0	nan	nan	0.0	0.0
24	6	40	0.0	0.0	nan	nan	0.0	0.0
24	6	37	0.0	0.0	nan	nan	0.0	0.0
24	6	34	0.0	0.0	nan	nan	0.0	0.0
24	6	31	0.0	0.0	nan	nan	0.0	0.0
24	6	28	0.0	0.0	nan	nan	0.0	0.0
25	6	100	5.677	0.475	13.032	0.18	1.0	1.0
25	6	97	5.323	0.475	13.29	0.461	1.0	1.0
25	6	94	5.065	0.25	13.742	0.514	1.0	1.0
25	6	91	5.0	0.0	13.935	0.359	1.0	1.0
25	6	88	5.0	0.0	14.194	0.477	1.0	1.0
25	6	85	4.935	0.25	14.581	0.672	1.0	1.0
25	6	82	4.871	0.341	15.0	0.516	1.0	1.0
25	6	79	4.355	0.486	15.484	0.508	1.0	1.0
25	6	76	4.065	0.25	15.774	0.617	1.0	1.0
25	6	73	4.0	0.0	16.355	0.661	1.0	1.0
25	6	70	3.935	0.25	17.323	0.702	1.0	1.0
25	6	67	3.613	0.495	18.129	1.432	1.0	1.0
25	6	64	3.226	0.497	18.806	1.046	1.0	1.0
25	6	61	2.839	0.454	19.903	1.136	1.0	1.0
25	6	58	2.226	0.425	21.742	1.316	1.0	1.0
25	6	55	2.032	0.315	24.387	1.995	1.0	1.0
25	6	52	1.935	0.25	27.226	3.432	1.0	1.0
25	6	49	1.548	0.568	33.1	4.7	0.968	0.968
25	6	46	0.161	0.374	38.0	1.871	0.161	0.161
25	6	43	0.0	0.0	nan	nan	0.0	0.0
25	6	40	0.0	0.0	nan	nan	0.0	0.0
25	6	37	0.0	0.0	nan	nan	0.0	0.0
25	6	34	0.0	0.0	nan	nan	0.0	0.0
25	6	31	0.0	0.0	nan	nan	0.0	0.0
25	6	28	0.0	0.0	nan	nan	0.0	0.0
26	6	100	4.161	0.374	14.323	0.475	1.0	1.0
26	6	97	4.161	0.374	14.806	0.402	1.0	1.0
26	6	94	3.968	0.18	15.0	0.447	1.0	1.0
26	6	91	3.968	0.18	15.452	0.624	1.0	1.0
26	6	88	3.968	0.18	15.903	0.473	1.0	1.0
26	6	85	3.645	0.486	16.226	0.717	1.0	1.0
26	6	82	3.355	0.486	16.839	0.454	1.0	1.0
26	6	79	3.0	0.447	17.387	0.715	1.0	1.0
26	6	76	2.677	0.541	18.032	0.875	1.0	1.0
26	6	73	2.161	0.374	19.29	1.16	1.0	1.0
26	6	70	1.935	0.442	19.903	1.326	1.0	1.0
26	6	67	1.806	0.477	21.516	1.48	1.0	1.0
26	6	64	1.355	0.486	23.258	1.483	1.0	1.0
26	6	61	1.065	0.442	25.31	1.873	0.935	0.935
26	6	58	0.484	0.508	27.133	1.959	0.484	0.484
26	6	55	0.0	0.0	nan	nan	0.0	0.0
26	6	52	0.0	0.0	nan	nan	0.0	0.0
26	6	49	0.0	0.0	nan	nan	0.0	0.0
26	6	46	0.0	0.0	nan	nan	0.0	0.0
26	6	43	0.0	0.0	nan	nan	0.0	0.0
26	6	40	0.0	0.0	nan	nan	0.0	0.0
26	6	37	0.0	0.0	nan	nan	0.0	0.0
26	6	34	0.0	0.0	nan	nan	0.0	0.0
26	6	31	0.0	0.0	nan	nan	0.0	0.0
26	6	28	0.0	0.0	nan	nan	0.0	0.0
27	6	100	4.129	0.341	15.516	0.57	1.0	1.0
27	6	97	4.032	0.18	15.871	0.428	1.0	1.0
27	6	94	4.0	0.0	16.161	0.454	1.0	1.0
27	6	91	4.0	0.0	16.806	0.543	1.0	1.0
27	6	88	3.935	0.25	17.258	0.855	1.0	1.0
27	6	85	3.71	0.529	17.742	0.773	1.0	1.0
27	6	82	3.258	0.729	18.387	0.955	1.0	1.0
27	6	79	2.419	0.62	19.258	0.93	1.0	1.0
27	6	76	2.032	0.18	20.194	0.91	1.0	1.0
27	6	73	2.0	0.0	21.419	1.478	1.0	1.0
27	6	70	2.0	0.0	22.677	1.661	1.0	1.0
27	6	67	2.0	0.0	24.677	1.558	1.0	1.0
27	6	64	1.935	0.25	27.161	2.478	1.0	1.0
27	6	61	1.52	0.714	32.179	4.355	0.71	0.903
27	6	58	0.241	0.577	33.0	1.915	0.161	0.226
27	6	55	0.032	0.18	28.0	0.0	0.032	0.032
27	6	52	0.0	0.0	nan	nan	0.0	0.0
27	6	49	0.0	0.0	nan	nan	0.0	0.0
27	6	46	0.0	0.0	nan	nan	0.0	0.0
27	6	43	0.0	0.0	nan	nan	0.0	0.0
27	6	40	0.0	0.0	nan	nan	0.0	0.0
27	6	37	0.0	0.0	nan	nan	0.0	0.0
27	6	34	0.0	0.0	nan	nan	0.0	0.0
27	6	31	0.0	0.0	nan	nan	0.0	0.0
27	6	28	0.0	0.0	nan	nan	0.0	0.0
28	6	100	4.226	0.425	14.903	0.396	1.0	1.0
28	6	97	4.097	0.301	15.129	0.499	1.0	1.0
28	6	94	4.032	0.18	15.484	0.626	1.0	1.0
28	6	91	4.0	0.0	15.806	0.601	1.0	1.0
28	6	88	4.0	0.0	16.0	0.683	1.0	1.0
28	6	85	3.968	0.18	16.742	0.682	1.0	1.0
28	6	82	3.742	0.445	17.355	0.608	1.0	1.0
28	6	79	3.419	0.564	17.548	0.506	1.0	1.0
28	6	76	2.581	0.72	18.71	0.938	1.0	1.0
28	6	73	2.161	0.374	19.097	0.831	1.0	1.0
28	6	70	2.0	0.0	20.29	0.902	1.0	1.0
28	6	67	2.0	0.0	21.774	1.687	1.0	1.0
28	6	64	1.968	0.18	23.323	1.739	1.0	1.0
28	6	61	1.806	0.402	25.161	1.594	1.0	1.0
28	6	58	1.333	0.711	27.37	3.353	0.839	0.871
28	6	55	0.517	0.738	31.077	3.499	0.355	0.419
28	6	52	0.034	0.186	35.333	2.082	0.032	0.097
28	6	49	0.0	0.0	nan	nan	0.0	0.0
28	6	46	0.0	0.0	nan	nan	0.0	0.0
28	6	43	0.0	0.0	nan	nan	0.0	0.0
28	6	40	0.0	0.0	nan	nan	0.0	0.0
28	6	37	0.0	0.0	nan	nan	0.0	0.0
28	6	34	0.0	0.0	nan	nan	0.0	0.0
28	6	31	0.0	0.0	nan	nan	0.0	0.0
28	6	28	0.0	0.0	nan	nan	0.0	0.0
29	6	100	5.613	0.495	12.71	0.461	1.0	1.0
29	6	97	5.161	0.374	13.0	0.365	1.0	1.0
29	6	94	5.065	0.25	13.258	0.514	1.0	1.0
29	6	91	5.032	0.18	13.581	0.502	1.0	1.0
29	6	88	4.968	0.18	13.935	0.442	1.0	1.0
29	6	85	4.71	0.461	14.097	0.651	1.0	1.0
29	6	82	4.29	0.461	14.516	0.57	1.0	1.0
29	6	79	4.258	0.445	14.968	0.605	1.0	1.0
29	6	76	4.0	0.0	15.29	0.588	1.0	1.0
29	6	73	3.935	0.25	15.71	0.529	1.0	1.0
29	6	70	3.935	0.25	16.387	0.761	1.0	1.0
29	6	67	3.645	0.551	17.032	0.795	1.0	1.0
29	6	64	3.032	0.706	17.968	0.875	1.0	1.0
29	6	61	2.419	0.62	18.677	1.077	1.0	1.0
29	6	58	2.097	0.539	19.774	1.175	1.0	1.0
29	6	55	1.968	0.315	21.645	1.762	1.0	1.0
29	6	52	1.677	0.541	23.806	1.905	1.0	1.0
29	6	49	1.3	0.535	26.533	3.821	0.935	0.968
29	6	46	0.7	0.837	29.733	5.378	0.452	0.484
29	6	43	0.0	0.0	nan	nan	0.0	0.0
29	6	40	0.0	0.0	nan	nan	0.0	0.0
29	6	37	0.0	0.0	nan	nan	0.0	0.0
29	6	34	0.0	0.0	nan	nan	0.0	0.0
29	6	31	0.0	0.0	nan	nan	0.0	0.0
29	6	28	0.0	0.0	nan	nan	0.0	0.0
30	6	100	4.419	0.502	14.129	0.67	1.0	1.0
30	6	97	4.161	0.374	14.419	0.502	1.0	1.0
30	6	94	4.032	0.18	14.742	0.575	1.0	1.0
30	6	91	4.0	0.0	15.129	0.562	1.0	1.0
30	6	88	4.0	0.0	15.387	0.761	1.0	1.0
30	6	85	4.0	0.0	15.774	0.56	1.0	1.0
30	6	82	3.935	0.25	16.387	0.844	1.0	1.0
30	6	79	3.806	0.402	16.871	0.562	1.0	1.0
30	6	76	3.419	0.502	17.452	0.624	1.0	1.0
30	6	73	2.742	0.682	18.194	0.833	1.0	1.0
30	6	70	2.387	0.615	19.032	1.197	1.0	1.0
30	6	67	2.0	0.0	20.613	1.52	1.0	1.0
30	6	64	2.032	0.18	22.29	2.411	1.0	1.0
30	6	61	2.0	0.0	23.419	2.172	1.0	1.0
30	6	58	1.935	0.25	25.452	3.295	1.0	1.0
30	6	55	1.36	0.757	31.593	4.806	0.677	0.871
30	6	52	0.25	0.518	33.222	2.991	0.194	0.29
30	6	49	0.0	0.0	nan	nan	0.0	0.0
30	6	46	0.0	0.0	nan	nan	0.0	0.0
30	6	43	0.0	0.0	nan	nan	0.0	0.0
30	6	40	0.0	0.0	nan	nan	0.0	0.0
30	6	37	0.0	0.0	nan	nan	0.0	0.0
30	6	34	0.0	0.0	nan	nan	0.0	0.0
30	6	31	0.0	0.0	nan	nan	0.0	0.0
30	6	28	0.0	0.0	nan	nan	0.0	0.0
31	6	100	5.0	0.0	14.484	0.677	1.0	1.0
31	6	97	5.032	0.18	14.806	0.601	1.0	1.0
31	6	94	4.935	0.25	15.129	0.428	1.0	1.0
31	6	91	4.839	0.374	15.419	0.564	1.0	1.0
31	6	88	4.516	0.508	16.032	0.407	1.0	1.0
31	6	85	4.29	0.461	16.355	0.608	1.0	1.0
31	6	82	4.032	0.18	16.806	0.601	1.0	1.0
31	6	79	3.903	0.301	17.484	0.677	1.0	1.0
31	6	76	3.548	0.506	18.129	0.846	1.0	1.0
31	6	73	3.516	0.508	18.548	1.028	1.0	1.0
31	6	70	2.806	0.402	20.032	1.08	1.0	1.0
31	6	67	2.323	0.475	21.323	1.107	1.0	1.0
31	6	64	2.097	0.301	22.903	2.371	1.0	1.0
31	6	61	2.032	0.18	25.29	2.02	1.0	1.0
31	6	58	1.968	0.18	28.032	2.751	1.0	1.0
31	6	55	1.567	0.626	32.621	4.632	0.903	0.935
31	6	52	0.167	0.379	37.167	1.329	0.161	0.194
31	6	49	0.0	0.0	nan	nan	0.0	0.0
31	6	46	0.0	0.0	nan	nan	0.0	0.0
31	6	43	0.0	0.0	nan	nan	0.0	0.0
31	6	40	0.0	0.0	nan	nan	0.0	0.0
31	6	37	0.0	0.0	nan	nan	0.0	0.0
31	6	34	0.0	0.0	nan	nan	0.0	0.0
31	6	31	0.0	0.0	nan	nan	0.0	0.0
31	6	28	0.0	0.0	nan	nan	0.0	0.0
0	7	100	3.903	0.301	16.484	0.57	1.0	1.0
0	7	97	3.839	0.374	16.774	0.56	1.0	1.0
0	7	94	3.355	0.551	17.258	0.514	1.0	1.0
0	7	91	2.903	0.473	17.839	0.86	1.0	1.0
0	7	88	2.452	0.506	18.258	0.631	1.0	1.0
0	7	85	2.097	0.301	19.097	0.79	1.0	1.0
0	7	82	2.065	0.25	19.645	0.877	1.0	1.0
0	7	79	1.839	0.374	21.484	1.288	1.0	1.0
0	7	76	1.581	0.502	22.226	1.309	1.0	1.0
0	7	73	1.226	0.425	24.0	1.732	1.0	1.0
0	7	70	1.0	0.365	27.483	4.71	0.935	0.935
0	7	67	0.5	0.509	29.176	3.486	0.452	0.548
0	7	64	0.032	0.18	29.0	0.0	0.032	0.032
0	7	61	0.0	0.0	nan	nan	0.0	0.0
0	7	58	0.0	0.0	nan	nan	0.0	0.0
0	7	55	0.0	0.0	nan	nan	0.0	0.0
0	7	52	0.0	0.0	nan	nan	0.0	0.0
0	7	49	0.0	0.0	nan	nan	0.0	0.0
0	7	46	0.0	0.0	nan	nan	0.0	0.0
0	7	43	0.0	0.0	nan	nan	0.0	0.0
0	7	40	0.0	0.0	nan	nan	0.0	0.0
0	7	37	0.0	0.0	nan	nan	0.0	0.0
0	7	34	0.0	0.0	nan	nan	0.0	0.0
0	7	31	0.0	0.0	nan	nan	0.0	0.0
0	7	28	0.0	0.0	nan	nan	0.0	0.0
1	7	100	5.71	0.461	14.71	0.461	1.0	1.0
1	7	97	5.387	0.495	15.097	0.473	1.0	1.0
1	7	94	5.129	0.341	15.484	0.724	1.0	1.0
1	7	91	5.0	0.0	15.806	0.654	1.0	1.0
1	7	88	5.0	0.0	16.194	0.477	1.0	1.0
1	7	85	4.871	0.341	16.516	0.769	1.0	1.0
1	7	82	4.516	0.508	17.194	0.946	1.0	1.0
1	7	79	3.806	0.749	18.0	0.73	1.0	1.0
1	7	76	3.452	0.506	18.516	0.811	1.0	1.0
1	7	73	3.129	0.341	19.323	1.275	1.0	1.0
1	7	70	2.968	0.18	20.194	0.873	1.0	1.0
1	7	67	2.871	0.341	21.419	1.205	1.0	1.0
1	7	64	2.452	0.506	23.032	1.643	1.0	1.0
1	7	61	2.194	0.402	24.129	1.231	1.0	1.0
1	7	58	2.065	0.25	26.71	2.085	1.0	1.0
1	7	55	1.9	0.305	29.387	4.022	0.968	1.0
1	7	52	1.172	0.848	34.043	3.212	0.677	0.742
1	7	49	0.286	0.659	34.375	6.209	0.161	0.258
1	7	46	0.0	0.0	nan	nan	0.0	0.0
1	7	43	0.0	0.0	nan	nan	0.0	0.0
1	7	40	0.0	0.0	nan	nan	0.0	0.0
1	7	37	0.0	0.0	nan	nan	0.0	0.0
1	7	34	0.0	0.0	nan	nan	0.0	0.0
1	7	31	0.0	0.0	nan	nan	0.0	0.0
1	7	28	0.0	0.0	nan	nan	0.0	0.0
2	7	100	3.032	0.18	15.871	0.341	1.0	1.0
2	7	97	3.0	0.0	16.484	0.508	1.0	1.0
2	7	94	3.0	0.0	16.806	0.543	1.0	1.0
2	7	91	2.935	0.25	17.226	0.497	1.0	1.0
2	7	88	2.71	0.461	17.677	0.748	1.0	1.0
2	7	85	1.774	0.669	18.742	0.773	1.0	1.0
2	7	82	1.452	0.624	19.548	0.995	1.0	1.0
2	7	79	1.194	0.477	20.613	1.407	1.0	1.0
2	7	76	1.0	0.0	22.548	1.567	1.0	1.0
2	7	73	0.967	0.183	23.933	1.911	0.935	0.968
2	7	70	0.679	0.476	25.591	1.943	0.613	0.71
2	7	67	0.065	0.25	25.5	2.121	0.065	0.065
2	7	64	0.0	0.0	nan	nan	0.0	0.0
2	7	61	0.0	0.0	nan	nan	0.0	0.0
2	7	58	0.0	0.0	nan	nan	0.0	0.0
2	7	55	0.0	0.0	nan	nan	0.0	0.0
2	7	52	0.0	0.0	nan	nan	0.0	0.0
2	7	49	0.0	0.0	nan	nan	0.0	0.0
2	7	46	0.0	0.0	nan	nan	0.0	0.0
2	7	43	0.0	0.0	nan	nan	0.0	0.0
2	7	40	0.0	0.0	nan	nan	0.0	0.0
2	7	37	0.0	0.0	nan	nan	0.0	0.0
2	7	34	0.0	0.0	nan	nan	0.0	0.0
2	7	31	0.0	0.0	nan	nan	0.0	0.0
2	7	28	0.0	0.0	nan	nan	0.0	0.0
3	7	100	3.129	0.341	15.323	0.541	1.0	1.0
3	7	97	3.0	0.0	15.774	0.56	1.0	1.0
3	7	94	3.032	0.18	16.097	0.597	1.0	1.0
3	7	91	2.968	0.18	16.452	0.624	1.0	1.0
3	7	88	2.903	0.301	16.968	0.948	1.0	1.0
3	7	85	2.677	0.475	18.097	0.79	1.0	1.0
3	7	82	2.323	0.475	18.71	0.973	1.0	1.0
3	7	79	2.065	0.512	19.355	1.279	1.0	1.0
3	7	76	1.677	0.475	20.71	1.346	1.0	1.0
3	7	73	1.387	0.495	22.258	1.237	1.0	1.0
3	7	70	1.097	0.301	24.258	1.548	1.0	1.0
3	7	67	0.933	0.365	26.643	3.046	0.871	0.903
3	7	64	0.452	0.506	28.5	2.876	0.452	0.452
3	7	61	0.065	0.25	31.0	2.828	0.065	0.065
3	7	58	0.0	0.0	nan	nan	0.0	0.0
3	7	55	0.0	0.0	nan	nan	0.0	0.0
3	7	52	0.0	0.0	nan	nan	0.0	0.0
3	7	49	0.0	0.0	nan	nan	0.0	0.0
3	7	46	0.0	0.0	nan	nan	0.0	0.0
3	7	43	0.0	0.0	nan	nan	0.0	0.0
3	7	40	0.0	0.0	nan	nan	0.0	0.0
3	7	37	0.0	0.0	nan	nan	0.0	0.0
3	7	34	0.0	0.0	nan	nan	0.0	0.0
3	7	31	0.0	0.0	nan	nan	0.0	0.0
3	7	28	0.0	0.0	nan	nan	0.0	0.0
4	7	100	4.032	0.18	15.452	0.675	1.0	1.0
4	7	97	4.0	0.0	15.806	0.543	1.0	1.0
4	7	94	4.0	0.0	16.258	0.729	1.0	1.0
4	7	91	3.839	0.374	16.742	0.729	1.0	1.0
4	7	88	3.71	0.461	16.903	0.7	1.0	1.0
4	7	85	3.355	0.608	17.387	0.803	1.0	1.0
4	7	82	2.903	0.473	18.065	0.929	1.0	1.0
4	7	79	2.097	0.301	19.226	1.117	1.0	1.0
4	7	76	2.032	0.18	19.742	0.93	1.0	1.0
4	7	73	2.0	0.0	20.871	1.335	1.0	1.0
4	7	70	1.903	0.301	22.226	1.359	1.0	1.0
4	7	67	1.645	0.486	23.613	1.116	1.0	1.0
4	7	64	1.161	0.523	26.276	2.12	0.935	0.935
4	7	61	0.852	0.534	29.28	3.458	0.677	0.806
4	7	58	0.067	0.254	30.667	4.041	0.065	0.097
4	7	55	0.0	0.0	nan	nan	0.0	0.0
4	7	52	0.0	0.0	nan	nan	0.0	0.0
4	7	49	0.0	0.0	nan	nan	0.0	0.0
4	7	46	0.0	0.0	nan	nan	0.0	0.0
4	7	43	0.0	0.0	nan	nan	0.0	0.0
4	7	40	0.0	0.0	nan	nan	0.0	0.0
4	7	37	0.0	0.0	nan	nan	0.0	0.0
4	7	34	0.0	0.0	nan	nan	0.0	0.0
4	7	31	0.0	0.0	nan	nan	0.0	0.0
4	7	28	0.0	0.0	nan	nan	0.0	0.0
5	7	100	3.968	0.18	16.129	0.499	1.0	1.0
5	7	97	3.968	0.18	16.548	0.568	1.0	1.0
5	7	94	3.806	0.402	16.871	0.619	1.0	1.0
5	7	91	3.29	0.643	17.645	0.709	1.0	1.0
5	7	88	2.871	0.619	18.161	0.779	1.0	1.0
5	7	85	2.226	0.425	18.903	0.651	1.0	1.0
5	7	82	2.032	0.18	19.71	1.006	1.0	1.0
5	7	79	1.903	0.301	21.097	1.399	1.0	1.0
5	7	76	1.806	0.402	22.161	1.128	1.0	1.0
5	7	73	1.419	0.564	24.333	1.729	0.968	0.968
5	7	70	1.129	0.562	25.893	1.833	0.903	0.903
5	7	67	0.677	0.475	27.333	1.958	0.677	0.677
5	7	64	0.065	0.25	31.5	3.536	0.065	0.065
5	7	61	0.032	0.18	29.0	0.0	0.032	0.032
5	7	58	0.0	0.0	nan	nan	0.0	0.0
5	7	55	0.0	0.0	nan	nan	0.0	0.0
5	7	52	0.0	0.0	nan	nan	0.0	0.0
5	7	49	0.0	0.0	nan	nan	0.0	0.0
5	7	46	0.0	0.0	nan	nan	0.0	0.0
5	7	43	0.0	0.0	nan	nan	0.0	0.0
5	7	40	0.0	0.0	nan	nan	0.0	0.0
5	7	37	0.0	0.0	nan	nan	0.0	0.0
5	7	34	0.0	0.0	nan	nan	0.0	0.0
5	7	31	0.0	0.0	nan	nan	0.0	0.0
5	7	28	0.0	0.0	nan	nan	0.0	0.0
6	7	100	5.0	0.0	14.581	0.564	1.0	1.0
6	7	97	4.968	0.18	14.968	0.407	1.0	1.0
6	7	94	4.935	0.25	15.419	0.502	1.0	1.0
6	7	91	4.968	0.18	15.742	0.514	1.0	1.0
6	7	88	4.484	0.508	16.065	0.574	1.0	1.0
6	7	85	4.097	0.301	16.581	0.564	1.0	1.0
6	7	82	3.935	0.25	17.065	0.512	1.0	1.0
6	7	79	3.806	0.402	17.774	0.717	1.0	1.0
6	7	76	3.484	0.508	18.161	0.779	1.0	1.0
6	7	73	3.129	0.428	18.935	0.854	1.0	1.0
6	7	70	2.742	0.445	20.194	1.138	1.0	1.0
6	7	67	2.258	0.445	21.71	1.16	1.0	1.0
6	7	64	2.065	0.25	22.71	1.346	1.0	1.0
6	7	61	2.0	0.0	24.839	1.846	1.0	1.0
6	7	58	2.032	0.18	26.419	2.062	1.0	1.0
6	7	55	1.286	0.81	32.08	5.098	0.71	0.806
6	7	52	0.63	0.792	35.688	4.771	0.387	0.516
6	7	49	0.0	0.0	nan	nan	0.0	0.0
6	7	46	0.0	0.0	nan	nan	0.0	0.0
6	7	43	0.0	0.0	nan	nan	0.0	0.0
6	7	40	0.0	0.0	nan	nan	0.0	0.0
6	7	37	0.0	0.0	nan	nan	0.0	0.0
6	7	34	0.0	0.0	nan	nan	0.0	0.0
6	7	31	0.0	0.0	nan	nan	0.0	0.0
6	7	28	0.0	0.0	nan	nan	0.0	0.0
7	7	100	4.065	0.25	15.065	0.442	1.0	1.0
7	7	97	4.0	0.0	15.839	0.374	1.0	1.0
7	7	94	4.0	0.0	16.258	0.445	1.0	1.0
7	7	91	3.968	0.18	16.452	0.81	1.0	1.0
7	7	88	3.806	0.402	17.226	0.617	1.0	1.0
7	7	85	3.452	0.624	17.581	0.672	1.0	1.0
7	7	82	2.903	0.651	18.387	0.803	1.0	1.0
7	7	79	2.129	0.428	19.194	0.833	1.0	1.0
7	7	76	2.032	0.18	20.516	1.122	1.0	1.0
7	7	73	1.968	0.18	21.065	1.389	1.0	1.0
7	7	70	1.935	0.25	22.774	1.586	1.0	1.0
7	7	67	1.839	0.374	24.097	1.469	1.0	1.0
7	7	64	1.226	0.56	25.931	1.534	0.935	0.935
7	7	61	0.571	0.573	30.0	3.087	0.484	0.581
7	7	58	0.129	0.341	30.25	4.856	0.129	0.129
7	7	55	0.0	0.0	nan	nan	0.0	0.0
7	7	52	0.0	0.0	nan	nan	0.0	0.0
7	7	49	0.0	0.0	nan	nan	0.0	0.0
7	7	46	0.0	0.0	nan	nan	0.0	0.0
7	7	43	0.0	0.0	nan	nan	0.0	0.0
7	7	40	0.0	0.0	nan	nan	0.0	0.0
7	7	37	0.0	0.0	nan	nan	0.0	0.0
7	7	34	0.0	0.0	nan	nan	0.0	0.0
7	7	31	0.0	0.0	nan	nan	0.0	0.0
7	7	28	0.0	0.0	nan	nan	0.0	0.0
8	7	100	5.032	0.18	12.871	0.428	1.0	1.0
8	7	97	5.032	0.18	13.129	0.499	1.0	1.0
8	7	94	4.968	0.18	13.548	0.568	1.0	1.0
8	7	91	4.839	0.374	14.032	0.605	1.0	1.0
8	7	88	4.774	0.425	14.065	0.574	1.0	1.0
8	7	85	4.387	0.495	14.452	0.624	1.0	1.0
8	7	82	4.097	0.301	14.871	0.499	1.0	1.0
8	7	79	4.0	0.0	15.258	0.514	1.0	1.0
8	7	76	4.0	0.258	15.903	0.539	1.0	1.0
8	7	73	3.968	0.18	16.484	0.851	1.0	1.0
8	7	70	3.677	0.475	17.258	0.729	1.0	1.0
8	7	67	3.258	0.682	17.968	0.836	1.0	1.0
8	7	64	2.677	0.791	18.839	1.734	1.0	1.0
8	7	61	2.065	0.25	20.0	1.183	1.0	1.0
8	7	58	2.0	0.258	21.742	1.548	1.0	1.0
8	7	55	2.032	0.18	24.419	3.107	1.0	1.0
8	7	52	1.677	0.541	27.833	3.228	0.968	0.968
8	7	49	1.0	0.802	29.955	4.304	0.645	0.71
8	7	46	0.0	0.0	nan	nan	0.0	0.0
8	7	43	0.0	0.0	nan	nan	0.0	0.0
8	7	40	0.0	0.0	nan	nan	0.0	0.0
8	7	37	0.0	0.0	nan	nan	0.0	0.0
8	7	34	0.0	0.0	nan	nan	0.0	0.0
8	7	31	0.0	0.0	nan	nan	0.0	0.0
8	7	28	0.0	0.0	nan	nan	0.0	0.0
9	7	100	5.0	0.0	14.097	0.301	1.0	1.0
9	7	97	4.968	0.18	14.355	0.486	1.0	1.0
9	7	94	4.677	0.475	14.839	0.374	1.0	1.0
9	7	91	4.387	0.495	14.935	0.25	1.0	1.0
9	7	88	4.097	0.301	15.452	0.506	1.0	1.0
9	7	85	4.0	0.0	16.065	0.442	1.0	1.0
9	7	82	4.0	0.0	16.613	0.715	1.0	1.0
9	7	79	3.742	0.445	17.161	0.688	1.0	1.0
9	7	76	3.452	0.568	17.774	0.956	1.0	1.0
9	7	73	2.71	0.693	18.677	0.791	1.0	1.0
9	7	70	2.161	0.374	19.548	0.961	1.0	1.0
9	7	67	1.968	0.18	20.839	1.293	1.0	1.0
9	7	64	1.903	0.301	22.548	1.767	1.0	1.0
9	7	61	1.774	0.425	24.226	1.383	1.0	1.0
9	7	58	1.517	0.634	27.345	3.588	0.871	0.935
9	7	55	0.448	0.632	30.538	3.666	0.355	0.419
9	7	52	0.033	0.183	33.5	2.121	0.032	0.065
9	7	49	0.0	0.0	nan	nan	0.0	0.0
9	7	46	0.0	0.0	nan	nan	0.0	0.0
9	7	43	0.0	0.0	nan	nan	0.0	0.0
9	7	40	0.0	0.0	nan	nan	0.0	0.0
9	7	37	0.0	0.0	nan	nan	0.0	0.0
9	7	34	0.0	0.0	nan	nan	0.0	0.0
9	7	31	0.0	0.0	nan	nan	0.0	0.0
9	7	28	0.0	0.0	nan	nan	0.0	0.0
10	7	100	3.774	0.425	15.677	0.599	1.0	1.0
10	7	97	3.484	0.508	15.806	0.543	1.0	1.0
10	7	94	3.065	0.25	16.387	0.495	1.0	1.0
10	7	91	3.0	0.0	16.645	0.755	1.0	1.0
10	7	88	3.0	0.0	17.161	0.583	1.0	1.0
10	7	85	2.742	0.445	17.903	0.7	1.0	1.0
10	7	82	2.226	0.56	18.613	0.715	1.0	1.0
10	7	79	1.903	0.396	19.581	1.025	1.0	1.0
10	7	76	1.516	0.508	20.452	1.06	1.0	1.0
10	7	73	1.355	0.486	21.806	1.376	1.0	1.0
10	7	70	1.067	0.254	22.29	1.216	0.968	1.0
10	7	67	1.0	0.0	24.484	2.111	1.0	1.0
10	7	64	0.767	0.43	27.792	3.021	0.742	0.774
10	7	61	0.065	0.25	27.0	0.0	0.065	0.065
10	7	58	0.0	0.0	nan	nan	0.0	0.0
10	7	55	0.0	0.0	nan	nan	0.0	0.0
10	7	52	0.0	0.0	nan	nan	0.0	0.0
10	7	49	0.0	0.0	nan	nan	0.0	0.0
10	7	46	0.0	0.0	nan	nan	0.0	0.0
10	7	43	0.0	0.0	nan	nan	0.0	0.0
10	7	40	0.0	0.0	nan	nan	0.0	0.0
10	7	37	0.0	0.0	nan	nan	0.0	0.0
10	7	34	0.0	0.0	nan	nan	0.0	0.0
10	7	31	0.0	0.0	nan	nan	0.0	0.0
10	7	28	0.0	0.0	nan	nan	0.0	0.0
11	7	100	4.0	0.0	13.871	0.428	1.0	1.0
11	7	97	4.0	0.0	14.129	0.428	1.0	1.0
11	7	94	4.0	0.0	14.355	0.486	1.0	1.0
11	7	91	3.935	0.25	14.968	0.315	1.0	1.0
11	7	88	3.742	0.445	15.161	0.523	1.0	1.0
11	7	85	3.613	0.495	15.419	0.564	1.0	1.0
11	7	82	3.258	0.445	16.129	0.562	1.0	1.0
11	7	79	3.0	0.0	16.484	0.57	1.0	1.0
11	7	76	2.968	0.18	17.355	0.551	1.0	1.0
11	7	73	2.71	0.461	17.903	0.7	1.0	1.0
11	7	70	2.194	0.477	18.613	0.803	1.0	1.0
11	7	67	2.032	0.315	20.0	1.183	1.0	1.0
11	7	64	1.839	0.374	21.806	1.4	1.0	1.0
11	7	61	1.742	0.445	23.355	1.644	1.0	1.0
11	7	58	1.258	0.445	26.065	1.896	1.0	1.0
11	7	55	0.533	0.571	28.375	3.384	0.484	0.516
11	7	52	0.0	0.0	36.0	0.0	0.0	0.032
11	7	49	0.0	0.0	nan	nan	0.0	0.0
11	7	46	0.0	0.0	nan	nan	0.0	0.0
11	7	43	0.0	0.0	nan	nan	0.0	0.0
11	7	40	0.0	0.0	nan	nan	0.0	0.0
11	7	37	0.0	0.0	nan	nan	0.0	0.0
11	7	34	0.0	0.0	nan	nan	0.0	0.0
11	7	31	0.0	0.0	nan	nan	0.0	0.0
11	7	28	0.0	0.0	nan	nan	0.0	0.0
12	7	100	4.806	0.402	16.194	0.477	1.0	1.0
12	7	97	4.29	0.461	16.548	0.506	1.0	1.0
12	7	94	4.097	0.396	17.29	1.039	1.0	1.0
12	7	91	4.032	0.18	17.226	0.56	1.0	1.0
12	7	88	3.71	0.461	18.032	0.657	1.0	1.0
12	7	85	3.129	0.428	19.097	0.831	1.0	1.0
12	7	82	2.935	0.25	19.516	0.996	1.0	1.0
12	7	79	2.613	0.495	20.323	0.702	1.0	1.0
12	7	76	2.161	0.374	21.871	0.885	1.0	1.0
12	7	73	2.0	0.0	23.065	1.181	1.0	1.0
12	7	70	2.0	0.0	25.065	1.843	1.0	1.0
12	7	67	2.032	0.18	27.065	1.843	1.0	1.0
12	7	64	1.903	0.301	30.806	2.496	1.0	1.0
12	7	61	0.864	0.834	36.0	3.792	0.419	0.71
12	7	58	0.0	0.0	36.0	1.0	0.0	0.097
12	7	55	0.0	0.0	nan	nan	0.0	0.0
12	7	52	0.0	0.0	nan	nan	0.0	0.0
12	7	49	0.0	0.0	nan	nan	0.0	0.0
12	7	46	0.0	0.0	nan	nan	0.0	0.0
12	7	43	0.0	0.0	nan	nan	0.0	0.0
12	7	40	0.0	0.0	nan	nan	0.0	0.0
12	7	37	0.0	0.0	nan	nan	0.0	0.0
12	7	34	0.0	0.0	nan	nan	0.0	0.0
12	7	31	0.0	0.0	nan	nan	0.0	0.0
12	7	28	0.0	0.0	nan	nan	0.0	0.0
13	7	100	4.0	0.0	15.774	0.497	1.0	1.0
13	7	97	3.903	0.301	16.129	0.67	1.0	1.0
13	7	94	3.71	0.461	16.484	0.724	1.0	1.0
13	7	91	3.484	0.508	16.968	0.605	1.0	1.0
13	7	88	2.935	0.512	17.645	0.798	1.0	1.0
13	7	85	2.645	0.551	18.258	0.773	1.0	1.0
13	7	82	2.161	0.374	19.323	1.681	1.0	1.0
13	7	79	1.871	0.341	20.452	1.028	1.0	1.0
13	7	76	1.581	0.502	21.258	1.341	1.0	1.0
13	7	73	1.355	0.551	22.633	1.351	0.968	0.968
13	7	70	1.069	0.258	25.032	2.639	0.935	1.0
13	7	67	0.667	0.547	26.2	3.037	0.613	0.645
13	7	64	0.133	0.346	29.0	3.0	0.129	0.161
13	7	61	0.0	0.0	nan	nan	0.0	0.0
13	7	58	0.0	0.0	nan	nan	0.0	0.0
13	7	55	0.0	0.0	nan	nan	0.0	0.0
13	7	52	0.0	0.0	nan	nan	0.0	0.0
13	7	49	0.0	0.0	nan	nan	0.0	0.0
13	7	46	0.0	0.0	nan	nan	0.0	0.0
13	7	43	0.0	0.0	nan	nan	0.0	0.0
13	7	40	0.0	0.0	nan	nan	0.0	0.0
13	7	37	0.0	0.0	nan	nan	0.0	0.0
13	7	34	0.0	0.0	nan	nan	0.0	0.0
13	7	31	0.0	0.0	nan	nan	0.0	0.0
13	7	28	0.0	0.0	nan	nan	0.0	0.0
14	7	100	4.839	0.374	14.742	0.575	1.0	1.0
14	7	97	4.548	0.506	15.161	0.374	1.0	1.0
14	7	94	4.194	0.402	15.419	0.502	1.0	1.0
14	7	91	4.097	0.301	15.839	0.454	1.0	1.0
14	7	88	4.0	0.0	16.355	0.709	1.0	1.0
14	7	85	4.0	0.0	16.548	0.568	1.0	1.0
14	7	82	3.935	0.25	17.097	0.651	1.0	1.0
14	7	79	3.806	0.402	17.548	0.723	1.0	1.0
14	7	76	2.903	0.597	19.032	0.657	1.0	1.0
14	7	73	2.548	0.675	19.29	0.864	1.0	1.0
14	7	70	2.226	0.425	20.129	1.118	1.0	1.0
14	7	67	2.0	0.0	21.968	1.402	1.0	1.0
14	7	64	2.0	0.0	23.194	1.6	1.0	1.0
14	7	61	1.967	0.183	25.806	2.301	0.968	1.0
14	7	58	1.742	0.514	28.533	2.956	0.968	0.968
14	7	55	0.364	0.727	36.0	4.206	0.161	0.452
14	7	52	0.0	0.0	38.0	0.0	0.0	0.032
14	7	49	0.0	0.0	nan	nan	0.0	0.0
14	7	46	0.0	0.0	nan	nan	0.0	0.0
14	7	43	0.0	0.0	nan	nan	0.0	0.0
14	7	40	0.0	0.0	nan	nan	0.0	0.0
14	7	37	0.0	0.0	nan	nan	0.0	0.0
14	7	34	0.0	0.0	nan	nan	0.0	0.0
14	7	31	0.0	0.0	nan	nan	0.0	0.0
14	7	28	0.0	0.0	nan	nan	0.0	0.0
15	7	100	5.032	0.18	13.29	0.529	1.0	1.0
15	7	97	5.0	0.0	13.581	0.502	1.0	1.0
15	7	94	4.968	0.18	13.871	0.341	1.0	1.0
15	7	91	4.742	0.445	14.194	0.402	1.0	1.0
15	7	88	4.355	0.486	14.419	0.564	1.0	1.0
15	7	85	4.226	0.425	14.903	0.7	1.0	1.0
15	7	82	4.065	0.25	15.0	0.577	1.0	1.0
15	7	79	4.032	0.18	15.742	0.631	1.0	1.0
15	7	76	4.0	0.0	15.806	0.792	1.0	1.0
15	7	73	3.871	0.341	16.548	0.925	1.0	1.0
15	7	70	3.581	0.502	16.935	0.727	1.0	1.0
15	7	67	3.097	0.597	17.323	1.077	1.0	1.0
15	7	64	2.516	0.508	18.419	0.923	1.0	1.0
15	7	61	2.161	0.374	19.516	1.435	1.0	1.0
15	7	58	2.032	0.18	20.968	1.516	1.0	1.0
15	7	55	1.903	0.301	22.29	2.224	1.0	1.0
15	7	52	1.567	0.568	24.633	2.906	0.935	0.968
15	7	49	1.0	0.788	26.5	2.956	0.677	0.71
15	7	46	0.167	0.379	30.0	3.742	0.161	0.194
15	7	43	0.0	0.0	nan	nan	0.0	0.0
15	7	40	0.0	0.0	nan	nan	0.0	0.0
15	7	37	0.0	0.0	nan	nan	0.0	0.0
15	7	34	0.0	0.0	nan	nan	0.0	0.0
15	7	31	0.0	0.0	nan	nan	0.0	0.0
15	7	28	0.0	0.0	nan	nan	0.0	0.0
16	7	100	5.839	0.374	14.71	0.693	1.0	1.0
16	7	97	5.71	0.461	14.968	0.407	1.0	1.0
16	7	94	5.419	0.502	15.323	0.653	1.0	1.0
16	7	91	4.935	0.25	15.742	0.729	1.0	1.0
16	7	88	4.968	0.315	15.968	0.706	1.0	1.0
16	7	85	4.677	0.475	16.677	0.541	1.0	1.0
16	7	82	4.484	0.626	17.0	0.816	1.0	1.0
16	7	79	4.097	0.651	17.839	0.688	1.0	1.0
16	7	76	3.548	0.568	18.194	0.946	1.0	1.0
16	7	73	2.968	0.407	19.032	0.875	1.0	1.0
16	7	70	3.0	0.365	20.065	1.389	1.0	1.0
16	7	67	2.677	0.475	21.516	1.671	1.0	1.0
16	7	64	2.355	0.486	23.355	1.473	1.0	1.0
16	7	61	2.129	0.428	23.968	1.958	1.0	1.0
16	7	58	2.032	0.18	26.0	2.176	1.0	1.0
16	7	55	1.7	0.535	30.467	3.954	0.935	0.968
16	7	52	0.704	0.912	34.733	3.674	0.355	0.484
16	7	49	0.103	0.409	38.75	3.775	0.065	0.129
16	7	46	0.0	0.0	nan	nan	0.0	0.0
16	7	43	0.0	0.0	nan	nan	0.0	0.0
16	7	40	0.0	0.0	nan	nan	0.0	0.0
16	7	37	0.0	0.0	nan	nan	0.0	0.0
16	7	34	0.0	0.0	nan	nan	0.0	0.0
16	7	31	0.0	0.0	nan	nan	0.0	0.0
16	7	28	0.0	0.0	nan	nan	0.0	0.0
17	7	100	4.645	0.486	14.419	0.502	1.0	1.0
17	7	97	4.258	0.445	14.742	0.445	1.0	1.0
17	7	94	4.032	0.18	14.871	0.341	1.0	1.0
17	7	91	4.0	0.0	15.129	0.499	1.0	1.0
17	7	88	4.0	0.0	15.839	0.583	1.0	1.0
17	7	85	4.0	0.0	16.161	0.583	1.0	1.0
17	7	82	3.935	0.25	16.774	0.762	1.0	1.0
17	7	79	3.903	0.396	17.161	0.779	1.0	1.0
17	7	76	3.226	0.805	17.677	0.871	1.0	1.0
17	7	73	2.323	0.541	19.065	0.727	1.0	1.0
17	7	70	2.065	0.25	20.129	1.118	1.0	1.0
17	7	67	1.968	0.18	20.839	1.157	1.0	1.0
17	7	64	2.0	0.0	23.097	2.103	1.0	1.0
17	7	61	1.935	0.25	25.677	3.037	1.0	1.0
17	7	58	1.536	0.744	29.407	4.551	0.774	0.871
17	7	55	0.115	0.326	36.5	6.118	0.097	0.258
17	7	52	0.0	0.0	nan	nan	0.0	0.0
17	7	49	0.0	0.0	nan	nan	0.0	0.0
17	7	46	0.0	0.0	nan	nan	0.0	0.0
17	7	43	0.0	0.0	nan	nan	0.0	0.0
17	7	40	0.0	0.0	nan	nan	0.0	0.0
17	7	37	0.0	0.0	nan	nan	0.0	0.0
17	7	34	0.0	0.0	nan	nan	0.0	0.0
17	7	31	0.0	0.0	nan	nan	0.0	0.0
17	7	28	0.0	0.0	nan	nan	0.0	0.0
18	7	100	3.258	0.445	15.548	0.723	1.0	1.0
18	7	97	3.161	0.374	16.161	0.454	1.0	1.0
18	7	94	3.0	0.0	16.29	0.643	1.0	1.0
18	7	91	3.0	0.0	17.161	0.523	1.0	1.0
18	7	88	2.935	0.25	17.258	0.773	1.0	1.0
18	7	85	2.613	0.495	17.903	0.908	1.0	1.0
18	7	82	2.097	0.597	18.677	0.832	1.0	1.0
18	7	79	1.516	0.57	19.548	0.925	1.0	1.0
18	7	76	1.129	0.341	20.71	1.488	1.0	1.0
18	7	73	1.161	0.374	21.839	0.934	1.0	1.0
18	7	70	1.032	0.18	24.065	1.289	1.0	1.0
18	7	67	0.767	0.43	25.875	1.777	0.742	0.774
18	7	64	0.226	0.425	28.286	3.638	0.226	0.226
18	7	61	0.0	0.0	nan	nan	0.0	0.0
18	7	58	0.0	0.0	nan	nan	0.0	0.0
18	7	55	0.0	0.0	nan	nan	0.0	0.0
18	7	52	0.0	0.0	nan	nan	0.0	0.0
18	7	49	0.0	0.0	nan	nan	0.0	0.0
18	7	46	0.0	0.0	nan	nan	0.0	0.0
18	7	43	0.0	0.0	nan	nan	0.0	0.0
18	7	40	0.0	0.0	nan	nan	0.0	0.0
18	7	37	0.0	0.0	nan	nan	0.0	0.0
18	7	34	0.0	0.0	nan	nan	0.0	0.0
18	7	31	0.0	0.0	nan	nan	0.0	0.0
18	7	28	0.0	0.0	nan	nan	0.0	0.0
19	7	100	4.129	0.341	14.935	0.359	1.0	1.0
19	7	97	4.0	0.0	15.226	0.425	1.0	1.0
19	7	94	4.0	0.0	15.355	0.486	1.0	1.0
19	7	91	4.0	0.0	16.065	0.68	1.0	1.0
19	7	88	3.871	0.341	16.194	0.654	1.0	1.0
19	7	85	3.548	0.506	16.71	0.588	1.0	1.0
19	7	82	3.226	0.425	17.258	0.631	1.0	1.0
19	7	79	2.871	0.428	17.871	0.763	1.0	1.0
19	7	76	2.452	0.624	18.806	1.167	1.0	1.0
19	7	73	2.065	0.25	19.484	0.926	1.0	1.0
19	7	70	2.0	0.258	20.484	1.151	1.0	1.0
19	7	67	1.871	0.341	21.484	1.092	1.0	1.0
19	7	64	1.613	0.495	23.097	1.62	1.0	1.0
19	7	61	1.355	0.486	25.323	1.851	1.0	1.0
19	7	58	0.889	0.32	27.107	3.9	0.774	0.903
19	7	55	0.067	0.254	30.0	4.359	0.065	0.097
19	7	52	0.0	0.0	nan	nan	0.0	0.0
19	7	49	0.0	0.0	nan	nan	0.0	0.0
19	7	46	0.0	0.0	nan	nan	0.0	0.0
19	7	43	0.0	0.0	nan	nan	0.0	0.0
19	7	40	0.0	0.0	nan	nan	0.0	0.0
19	7	37	0.0	0.0	nan	nan	0.0	0.0
19	7	34	0.0	0.0	nan	nan	0.0	0.0
19	7	31	0.0	0.0	nan	nan	0.0	0.0
19	7	28	0.0	0.0	nan	nan	0.0	0.0
20	7	100	4.097	0.301	14.065	0.442	1.0	1.0
20	7	97	4.065	0.25	14.355	0.551	1.0	1.0
20	7	94	4.0	0.0	14.806	0.543	1.0	1.0
20	7	91	4.0	0.0	14.968	0.407	1.0	1.0
20	7	88	3.935	0.25	15.548	0.723	1.0	1.0
20	7	85	3.742	0.445	16.032	0.547	1.0	1.0
20	7	82	3.355	0.486	16.323	0.541	1.0	1.0
20	7	79	3.161	0.374	16.742	0.729	1.0	1.0
20	7	76	2.935	0.359	17.419	0.72	1.0	1.0
20	7	73	2.677	0.475	17.968	0.795	1.0	1.0
20	7	70	2.129	0.341	19.258	0.965	1.0	1.0
20	7	67	1.871	0.341	20.355	1.018	1.0	1.0
20	7	64	1.581	0.564	21.645	1.743	1.0	1.0
20	7	61	1.226	0.425	23.871	1.565	1.0	1.0
20	7	58	0.968	0.482	25.667	2.402	0.871	0.871
20	7	55	0.367	0.49	28.5	3.555	0.355	0.387
20	7	52	0.065	0.25	29.5	0.707	0.065	0.065
20	7	49	0.0	0.0	nan	nan	0.0	0.0
20	7	46	0.0	0.0	nan	nan	0.0	0.0
20	7	43	0.0	0.0	nan	nan	0.0	0.0
20	7	40	0.0	0.0	nan	nan	0.0	0.0
20	7	37	0.0	0.0	nan	nan	0.0	0.0
20	7	34	0.0	0.0	nan	nan	0.0	0.0
20	7	31	0.0	0.0	nan	nan	0.0	0.0
20	7	28	0.0	0.0	nan	nan	0.0	0.0
21	7	100	3.387	0.495	15.484	0.626	1.0	1.0
21	7	97	3.032	0.18	15.871	0.718	1.0	1.0
21	7	94	3.0	0.0	16.29	0.529	1.0	1.0
21	7	91	3.0	0.0	16.677	0.599	1.0	1.0
21	7	88	2.968	0.18	17.387	0.615	1.0	1.0
21	7	85	2.645	0.486	17.871	0.763	1.0	1.0
21	7	82	2.0	0.516	18.581	0.672	1.0	1.0
21	7	79	1.581	0.672	19.194	1.014	1.0	1.0
21	7	76	1.226	0.425	21.0	1.414	1.0	1.0
21	7	73	1.129	0.341	22.29	2.425	1.0	1.0
21	7	70	1.0	0.0	23.677	1.222	1.0	1.0
21	7	67	0.8	0.407	26.52	3.043	0.774	0.806
21	7	64	0.161	0.374	28.0	1.871	0.161	0.161
21	7	61	0.0	0.0	nan	nan	0.0	0.0
21	7	58	0.0	0.0	nan	nan	0.0	0.0
21	7	55	0.0	0.0	nan	nan	0.0	0.0
21	7	52	0.0	0.0	nan	nan	0.0	0.0
21	7	49	0.0	0.0	nan	nan	0.0	0.0
21	7	46	0.0	0.0	nan	nan	0.0	0.0
21	7	43	0.0	0.0	nan	nan	0.0	0.0
21	7	40	0.0	0.0	nan	nan	0.0	0.0
21	7	37	0.0	0.0	nan	nan	0.0	0.0
21	7	34	0.0	0.0	nan	nan	0.0	0.0
21	7	31	0.0	0.0	nan	nan	0.0	0.0
21	7	28	0.0	0.0	nan	nan	0.0	0.0
22	7	100	5.806	0.402	13.935	0.442	1.0	1.0
22	7	97	5.452	0.506	14.161	0.454	1.0	1.0
22	7	94	5.161	0.374	14.548	0.568	1.0	1.0
22	7	91	5.0	0.0	15.0	0.365	1.0	1.0
22	7	88	5.0	0.0	15.258	0.514	1.0	1.0
22	7	85	4.935	0.25	15.645	0.551	1.0	1.0
22	7	82	4.871	0.341	16.29	0.693	1.0	1.0
22	7	79	4.355	0.486	16.806	0.703	1.0	1.0
22	7	76	4.0	0.365	17.29	0.739	1.0	1.0
22	7	73	3.677	0.541	18.258	0.893	1.0	1.0
22	7	70	3.194	0.402	18.774	0.956	1.0	1.0
22	7	67	3.032	0.315	20.194	1.223	1.0	1.0
22	7	64	2.806	0.402	21.581	1.205	1.0	1.0
22	7	61	2.516	0.508	22.871	1.432	1.0	1.0
22	7	58	2.194	0.402	24.355	2.524	1.0	1.0
22	7	55	1.968	0.18	28.452	3.394	1.0	1.0
22	7	52	1.367	0.718	32.741	4.239	0.839	0.871
22	7	49	0.107	0.315	41.0	2.191	0.097	0.194
22	7	46	0.0	0.0	nan	nan	0.0	0.0
22	7	43	0.0	0.0	nan	nan	0.0	0.0
22	7	40	0.0	0.0	nan	nan	0.0	0.0
22	7	37	0.0	0.0	nan	nan	0.0	0.0
22	7	34	0.0	0.0	nan	nan	0.0	0.0
22	7	31	0.0	0.0	nan	nan	0.0	0.0
22	7	28	0.0	0.0	nan	nan	0.0	0.0
23	7	100	6.0	0.0	14.161	0.454	1.0	1.0
23	7	97	5.645	0.486	14.355	0.709	1.0	1.0
23	7	94	5.194	0.402	14.677	0.541	1.0	1.0
23	7	91	5.0	0.0	15.0	0.447	1.0	1.0
23	7	88	5.0	0.0	15.484	0.89	1.0	1.0
23	7	85	4.968	0.18	15.903	0.597	1.0	1.0
23	7	82	4.903	0.301	16.194	0.749	1.0	1.0
23	7	79	4.484	0.508	16.871	0.619	1.0	1.0
23	7	76	4.032	0.482	17.613	0.615	1.0	1.0
23	7	73	3.677	0.541	18.194	0.601	1.0	1.0
23	7	70	3.097	0.301	19.323	0.702	1.0	1.0
23	7	67	3.0	0.0	20.065	1.263	1.0	1.0
23	7	64	2.871	0.341	21.839	1.267	1.0	1.0
23	7	61	2.452	0.506	22.935	1.124	1.0	1.0
23	7	58	2.129	0.341	25.0	1.713	1.0	1.0
23	7	55	1.968	0.315	28.484	3.501	1.0	1.0
23	7	52	1.677	0.475	32.645	3.747	1.0	1.0
23	7	49	0.733	0.74	35.556	5.147	0.548	0.581
23	7	46	0.032	0.18	38.0	0.0	0.032	0.032
23	7	43	0.0	0.0	nan	nan	0.0	0.0
23	7	40	0.0	0.0	nan	nan	0.0	0.0
23	7	37	0.0	0.0	nan	nan	0.0	0.0
23	7	34	0.0	0.0	nan	nan	0.0	0.0
23	7	31	0.0	0.0	nan	nan	0.0	0.0
23	7	28	0.0	0.0	nan	nan	0.0	0.0
24	7	100	5.548	0.506	14.129	0.341	1.0	1.0
24	7	97	5.29	0.461	14.419	0.502	1.0	1.0
24	7	94	5.097	0.301	14.774	0.425	1.0	1.0
24	7	91	5.0	0.0	15.032	0.482	1.0	1.0
24	7	88	5.0	0.0	15.355	0.551	1.0	1.0
24	7	85	4.903	0.301	15.742	0.631	1.0	1.0
24	7	82	4.839	0.374	16.355	0.709	1.0	1.0
24	7	79	4.161	0.374	16.774	0.669	1.0	1.0
24	7	76	4.0	0.258	17.419	0.564	1.0	1.0
24	7	73	3.742	0.514	17.935	0.772	1.0	1.0
24	7	70	3.161	0.374	18.903	0.7	1.0	1.0
24	7	67	3.097	0.301	19.935	1.209	1.0	1.0
24	7	64	2.742	0.445	20.742	0.999	1.0	1.0
24	7	61	2.419	0.502	22.323	1.275	1.0	1.0
24	7	58	2.065	0.25	24.161	1.293	1.0	1.0
24	7	55	2.032	0.18	25.968	1.643	1.0	1.0
24	7	52	1.871	0.341	30.226	3.243	1.0	1.0
24	7	49	0.778	0.847	34.0	4.073	0.452	0.581
24	7	46	0.1	0.403	37.667	6.11	0.065	0.097
24	7	43	0.0	0.0	nan	nan	0.0	0.0
24	7	40	0.0	0.0	nan	nan	0.0	0.0
24	7	37	0.0	0.0	nan	nan	0.0	0.0
24	7	34	0.0	0.0	nan	nan	0.0	0.0
24	7	31	0.0	0.0	nan	nan	0.0	0.0
24	7	28	0.0	0.0	nan	nan	0.0	0.0
25	7	100	4.871	0.341	14.065	0.442	1.0	1.0
25	7	97	4.677	0.475	14.581	0.564	1.0	1.0
25	7	94	4.29	0.461	14.968	0.482	1.0	1.0
25	7	91	4.032	0.18	15.194	0.477	1.0	1.0
25	7	88	4.0	0.0	15.581	0.672	1.0	1.0
25	7	85	4.0	0.0	16.065	0.442	1.0	1.0
25	7	82	4.0	0.0	16.645	0.551	1.0	1.0
25	7	79	4.0	0.0	16.839	0.735	1.0	1.0
25	7	76	3.613	0.667	17.742	0.514	1.0	1.0
25	7	73	2.839	0.688	18.387	0.844	1.0	1.0
25	7	70	2.161	0.374	19.613	0.761	1.0	1.0
25	7	67	2.065	0.25	20.71	1.27	1.0	1.0
25	7	64	2.032	0.18	22.774	1.668	1.0	1.0
25	7	61	1.935	0.25	24.258	3.204	1.0	1.0
25	7	58	1.655	0.484	28.484	3.623	0.935	1.0
25	7	55	1.0	0.802	31.364	3.723	0.645	0.71
25	7	52	0.067	0.254	32.0	4.359	0.065	0.097
25	7	49	0.0	0.0	nan	nan	0.0	0.0
25	7	46	0.0	0.0	nan	nan	0.0	0.0
25	7	43	0.0	0.0	nan	nan	0.0	0.0
25	7	40	0.0	0.0	nan	nan	0.0	0.0
25	7	37	0.0	0.0	nan	nan	0.0	0.0
25	7	34	0.0	0.0	nan	nan	0.0	0.0
25	7	31	0.0	0.0	nan	nan	0.0	0.0
25	7	28	0.0	0.0	nan	nan	0.0	0.0
26	7	100	5.871	0.341	13.903	0.301	1.0	1.0
26	7	97	5.742	0.445	14.032	0.407	1.0	1.0
26	7	94	5.258	0.445	14.645	0.486	1.0	1.0
26	7	91	5.129	0.341	14.935	0.68	1.0	1.0
26	7	88	5.0	0.0	15.194	0.601	1.0	1.0
26	7	85	5.0	0.0	15.581	0.807	1.0	1.0
26	7	82	4.935	0.25	16.0	0.577	1.0	1.0
26	7	79	4.484	0.57	16.677	0.599	1.0	1.0
26	7	76	4.032	0.407	17.226	0.845	1.0	1.0
26	7	73	3.71	0.529	17.903	0.7	1.0	1.0
26	7	70	3.323	0.475	18.613	0.989	1.0	1.0
26	7	67	3.065	0.442	19.677	1.4	1.0	1.0
26	7	64	2.871	0.341	21.194	1.223	1.0	1.0
26	7	61	2.484	0.508	23.194	1.447	1.0	1.0
26	7	58	2.065	0.25	24.806	1.642	1.0	1.0
26	7	55	1.968	0.315	28.613	4.031	1.0	1.0
26	7	52	1.367	0.669	33.821	4.587	0.871	0.903
26	7	49	0.621	0.775	36.467	4.882	0.419	0.484
26	7	46	0.0	0.0	nan	nan	0.0	0.0
26	7	43	0.0	0.0	nan	nan	0.0	0.0
26	7	40	0.0	0.0	nan	nan	0.0	0.0
26	7	37	0.0	0.0	nan	nan	0.0	0.0
26	7	34	0.0	0.0	nan	nan	0.0	0.0
26	7	31	0.0	0.0	nan	nan	0.0	0.0
26	7	28	0.0	0.0	nan	nan	0.0	0.0
27	7	100	5.032	0.18	13.645	0.486	1.0	1.0
27	7	97	4.935	0.25	14.065	0.442	1.0	1.0
27	7	94	4.516	0.508	14.194	0.402	1.0	1.0
27	7	91	4.129	0.341	14.484	0.508	1.0	1.0
27	7	88	4.032	0.18	14.935	0.442	1.0	1.0
27	7	85	4.0	0.0	15.323	0.599	1.0	1.0
27	7	82	4.0	0.0	15.645	0.877	1.0	1.0
27	7	79	4.0	0.0	16.226	0.617	1.0	1.0
27	7	76	3.871	0.341	16.839	1.186	1.0	1.0
27	7	73	3.677	0.475	17.29	0.693	1.0	1.0
27	7	70	3.0	0.775	18.097	0.944	1.0	1.0
27	7	67	2.29	0.529	19.161	1.186	1.0	1.0
27	7	64	2.065	0.359	20.194	1.25	1.0	1.0
27	7	61	2.032	0.18	22.161	1.508	1.0	1.0
27	7	58	1.968	0.18	23.968	1.472	1.0	1.0
27	7	55	1.967	0.183	26.323	3.506	0.968	1.0
27	7	52	1.556	0.641	31.207	4.663	0.806	0.935
27	7	49	0.161	0.454	28.75	4.113	0.129	0.129
27	7	46	0.0	0.0	nan	nan	0.0	0.0
27	7	43	0.0	0.0	nan	nan	0.0	0.0
27	7	40	0.0	0.0	nan	nan	0.0	0.0
27	7	37	0.0	0.0	nan	nan	0.0	0.0
27	7	34	0.0	0.0	nan	nan	0.0	0.0
27	7	31	0.0	0.0	nan	nan	0.0	0.0
27	7	28	0.0	0.0	nan	nan	0.0	0.0
28	7	100	5.0	0.0	14.903	0.539	1.0	1.0
28	7	97	4.968	0.18	15.194	0.402	1.0	1.0
28	7	94	4.677	0.475	15.71	0.588	1.0	1.0
28	7	91	4.452	0.506	15.968	0.547	1.0	1.0
28	7	88	4.097	0.301	16.387	0.558	1.0	1.0
28	7	85	4.032	0.18	16.839	0.583	1.0	1.0
28	7	82	4.0	0.0	17.355	0.551	1.0	1.0
28	7	79	3.677	0.475	18.065	1.031	1.0	1.0
28	7	76	3.323	0.541	18.581	0.807	1.0	1.0
28	7	73	2.774	0.425	19.903	0.87	1.0	1.0
28	7	70	2.355	0.486	20.806	1.195	1.0	1.0
28	7	67	2.065	0.25	22.097	1.193	1.0	1.0
28	7	64	2.0	0.0	23.387	1.909	1.0	1.0
28	7	61	1.935	0.25	26.0	2.206	1.0	1.0
28	7	58	1.839	0.374	28.419	3.452	1.0	1.0
28	7	55	1.207	0.774	31.56	3.82	0.742	0.806
28	7	52	0.207	0.62	34.0	6.083	0.097	0.161
28	7	49	0.0	0.0	nan	nan	0.0	0.0
28	7	46	0.0	0.0	nan	nan	0.0	0.0
28	7	43	0.0	0.0	nan	nan	0.0	0.0
28	7	40	0.0	0.0	nan	nan	0.0	0.0
28	7	37	0.0	0.0	nan	nan	0.0	0.0
28	7	34	0.0	0.0	nan	nan	0.0	0.0
28	7	31	0.0	0.0	nan	nan	0.0	0.0
28	7	28	0.0	0.0	nan	nan	0.0	0.0
29	7	100	3.935	0.25	15.129	0.562	1.0	1.0
29	7	97	3.806	0.402	15.677	0.475	1.0	1.0
29	7	94	3.194	0.477	16.258	0.773	1.0	1.0
29	7	91	3.065	0.25	16.484	0.508	1.0	1.0
29	7	88	3.097	0.301	16.871	0.806	1.0	1.0
29	7	85	2.839	0.374	17.677	0.653	1.0	1.0
29	7	82	2.484	0.57	18.194	0.654	1.0	1.0
29	7	79	2.0	0.683	19.0	1.155	1.0	1.0
29	7	76	1.581	0.502	20.129	1.204	1.0	1.0
29	7	73	1.323	0.475	21.484	1.387	1.0	1.0
29	7	70	1.065	0.25	23.032	1.683	1.0	1.0
29	7	67	0.968	0.18	25.167	1.859	0.968	0.968
29	7	64	0.367	0.49	27.333	2.871	0.355	0.387
29	7	61	0.097	0.301	29.333	1.155	0.097	0.097
29	7	58	0.0	0.0	nan	nan	0.0	0.0
29	7	55	0.0	0.0	nan	nan	0.0	0.0
29	7	52	0.0	0.0	nan	nan	0.0	0.0
29	7	49	0.0	0.0	nan	nan	0.0	0.0
29	7	46	0.0	0.0	nan	nan	0.0	0.0
29	7	43	0.0	0.0	nan	nan	0.0	0.0
29	7	40	0.0	0.0	nan	nan	0.0	0.0
29	7	37	0.0	0.0	nan	nan	0.0	0.0
29	7	34	0.0	0.0	nan	nan	0.0	0.0
29	7	31	0.0	0.0	nan	nan	0.0	0.0
29	7	28	0.0	0.0	nan	nan	0.0	0.0
30	7	100	5.226	0.425	14.097	0.539	1.0	1.0
30	7	97	5.0	0.0	14.581	0.564	1.0	1.0
30	7	94	4.968	0.18	14.742	0.631	1.0	1.0
30	7	91	4.871	0.341	15.0	0.577	1.0	1.0
30	7	88	4.645	0.486	15.484	0.57	1.0	1.0
30	7	85	4.258	0.445	15.903	0.7	1.0	1.0
30	7	82	4.161	0.374	16.355	0.486	1.0	1.0
30	7	79	4.032	0.18	16.806	0.543	1.0	1.0
30	7	76	3.677	0.653	17.516	1.029	1.0	1.0
30	7	73	3.355	0.608	18.194	0.792	1.0	1.0
30	7	70	2.806	0.749	18.839	1.551	1.0	1.0
30	7	67	2.387	0.558	19.581	1.336	1.0	1.0
30	7	64	2.258	0.514	20.387	1.202	1.0	1.0
30	7	61	2.0	0.0	22.581	1.544	1.0	1.0
30	7	58	1.839	0.374	24.516	2.322	1.0	1.0
30	7	55	1.677	0.475	25.968	1.835	1.0	1.0
30	7	52	1.0	0.849	31.591	4.553	0.548	0.71
30	7	49	0.143	0.525	34.8	6.221	0.065	0.161
30	7	46	0.0	0.0	nan	nan	0.0	0.0
30	7	43	0.0	0.0	nan	nan	0.0	0.0
30	7	40	0.0	0.0	nan	nan	0.0	0.0
30	7	37	0.0	0.0	nan	nan	0.0	0.0
30	7	34	0.0	0.0	nan	nan	0.0	0.0
30	7	31	0.0	0.0	nan	nan	0.0	0.0
30	7	28	0.0	0.0	nan	nan	0.0	0.0
31	7	100	4.0	0.0	14.419	0.564	1.0	1.0
31	7	97	4.0	0.0	14.645	0.551	1.0	1.0
31	7	94	3.935	0.25	15.0	0.447	1.0	1.0
31	7	91	3.903	0.301	15.387	0.558	1.0	1.0
31	7	88	3.645	0.486	15.903	0.539	1.0	1.0
31	7	85	3.194	0.477	16.387	0.882	1.0	1.0
31	7	82	3.0	0.258	17.0	0.73	1.0	1.0
31	7	79	3.0	0.0	17.387	0.715	1.0	1.0
31	7	76	2.387	0.495	18.387	0.803	1.0	1.0
31	7	73	2.161	0.374	19.355	1.17	1.0	1.0
31	7	70	2.0	0.0	21.097	2.071	1.0	1.0
31	7	67	1.839	0.374	22.097	1.221	1.0	1.0
31	7	64	1.645	0.486	24.129	2.32	1.0	1.0
31	7	61	1.129	0.341	26.226	2.86	1.0	1.0
31	7	58	0.3	0.596	29.25	2.915	0.226	0.258
31	7	55	0.0	0.0	nan	nan	0.0	0.0
31	7	52	0.0	0.0	nan	nan	0.0	0.0
31	7	49	0.0	0.0	nan	nan	0.0	0.0
31	7	46	0.0	0.0	nan	nan	0.0	0.0
31	7	43	0.0	0.0	nan	nan	0.0	0.0
31	7	40	0.0	0.0	nan	nan	0.0	0.0
31	7	37	0.0	0.0	nan	nan	0.0	0.0
31	7	34	0.0	0.0	nan	nan	0.0	0.0
31	7	31	0.0	0.0	nan	nan	0.0	0.0
31	7	28	0.0	0.0	nan	nan	0.0	0.0
