row	col	voltage	tot_avg	tot_std	toa_avg	toa_std	efficiency_tot	efficiency_toa
0	0	100	5.0	0.0	10.935	0.25	1.0	1.0
0	0	97	5.0	0.0	11.226	0.425	1.0	1.0
0	0	94	4.968	0.18	11.226	0.425	1.0	1.0
0	0	91	4.871	0.341	11.677	0.475	1.0	1.0
0	0	88	4.452	0.506	11.935	0.359	1.0	1.0
0	0	85	4.032	0.18	12.097	0.301	1.0	1.0
0	0	82	4.0	0.0	12.677	0.475	1.0	1.0
0	0	79	4.0	0.0	12.806	0.477	1.0	1.0
0	0	76	4.0	0.0	13.161	0.454	1.0	1.0
0	0	73	4.0	0.0	13.581	0.564	1.0	1.0
0	0	70	3.742	0.445	13.968	0.482	1.0	1.0
0	0	67	3.29	0.461	14.806	0.543	1.0	1.0
0	0	64	3.0	0.0	15.516	0.57	1.0	1.0
0	0	61	3.0	0.0	16.194	0.601	1.0	1.0
0	0	58	2.71	0.461	17.581	0.923	1.0	1.0
0	0	55	2.032	0.315	19.29	1.27	1.0	1.0
0	0	52	1.806	0.402	22.387	1.764	1.0	1.0
0	0	49	1.0	0.632	28.269	5.371	0.677	0.839
0	0	46	0.037	0.192	35.4	1.14	0.032	0.161
0	0	43	0.0	0.0	nan	nan	0.0	0.0
0	0	40	0.0	0.0	nan	nan	0.0	0.0
0	0	37	0.0	0.0	nan	nan	0.0	0.0
0	0	34	0.0	0.0	nan	nan	0.0	0.0
0	0	31	0.0	0.0	nan	nan	0.0	0.0
0	0	28	0.0	0.0	nan	nan	0.0	0.0
0	1	100	5.0	0.0	11.0	0.0	1.0	1.0
0	1	97	4.968	0.18	11.097	0.301	1.0	1.0
0	1	94	4.935	0.25	11.452	0.506	1.0	1.0
0	1	91	4.871	0.341	11.806	0.402	1.0	1.0
0	1	88	4.419	0.502	11.968	0.315	1.0	1.0
0	1	85	4.161	0.374	12.161	0.374	1.0	1.0
0	1	82	4.0	0.0	12.581	0.502	1.0	1.0
0	1	79	4.0	0.0	12.968	0.547	1.0	1.0
0	1	76	4.0	0.0	13.355	0.551	1.0	1.0
0	1	73	3.871	0.341	13.548	0.723	1.0	1.0
0	1	70	3.581	0.502	14.419	0.564	1.0	1.0
0	1	67	3.226	0.425	15.032	0.795	1.0	1.0
0	1	64	3.0	0.0	16.065	1.031	1.0	1.0
0	1	61	2.839	0.374	17.097	0.978	1.0	1.0
0	1	58	2.548	0.568	18.161	1.036	1.0	1.0
0	1	55	1.839	0.454	20.839	2.238	1.0	1.0
0	1	52	1.667	0.547	22.645	3.555	0.968	1.0
0	1	49	0.931	0.704	30.174	4.097	0.677	0.742
0	1	46	0.103	0.31	33.6	1.817	0.097	0.161
0	1	43	0.0	0.0	nan	nan	0.0	0.0
0	1	40	0.0	0.0	nan	nan	0.0	0.0
0	1	37	0.0	0.0	nan	nan	0.0	0.0
0	1	34	0.0	0.0	nan	nan	0.0	0.0
0	1	31	0.0	0.0	nan	nan	0.0	0.0
0	1	28	0.0	0.0	nan	nan	0.0	0.0
0	2	100	5.0	0.0	11.0	0.0	1.0	1.0
0	2	97	4.968	0.18	11.065	0.25	1.0	1.0
0	2	94	4.968	0.18	11.452	0.506	1.0	1.0
0	2	91	4.774	0.425	11.677	0.475	1.0	1.0
0	2	88	4.387	0.495	11.968	0.315	1.0	1.0
0	2	85	4.129	0.341	12.161	0.454	1.0	1.0
0	2	82	4.032	0.18	12.516	0.57	1.0	1.0
0	2	79	4.032	0.18	12.935	0.359	1.0	1.0
0	2	76	4.0	0.0	13.258	0.514	1.0	1.0
0	2	73	3.903	0.301	13.903	0.597	1.0	1.0
0	2	70	3.516	0.508	14.419	0.564	1.0	1.0
0	2	67	3.194	0.402	15.097	0.539	1.0	1.0
0	2	64	3.0	0.0	15.968	0.752	1.0	1.0
0	2	61	2.935	0.25	16.774	0.717	1.0	1.0
0	2	58	2.29	0.461	18.645	1.539	1.0	1.0
0	2	55	2.0	0.258	20.161	1.715	1.0	1.0
0	2	52	1.677	0.475	23.871	3.766	1.0	1.0
0	2	49	0.759	0.636	29.0	4.889	0.613	0.677
0	2	46	0.0	0.0	nan	nan	0.0	0.0
0	2	43	0.0	0.0	nan	nan	0.0	0.0
0	2	40	0.0	0.0	nan	nan	0.0	0.0
0	2	37	0.0	0.0	nan	nan	0.0	0.0
0	2	34	0.0	0.0	nan	nan	0.0	0.0
0	2	31	0.0	0.0	nan	nan	0.0	0.0
0	2	28	0.0	0.0	nan	nan	0.0	0.0
0	3	100	5.0	0.0	11.0	0.258	1.0	1.0
0	3	97	5.0	0.0	11.065	0.25	1.0	1.0
0	3	94	4.903	0.301	11.516	0.508	1.0	1.0
0	3	91	4.645	0.486	11.677	0.475	1.0	1.0
0	3	88	4.323	0.475	11.935	0.25	1.0	1.0
0	3	85	4.065	0.25	12.419	0.564	1.0	1.0
0	3	82	4.032	0.18	12.548	0.506	1.0	1.0
0	3	79	4.0	0.0	12.903	0.473	1.0	1.0
0	3	76	4.0	0.0	13.258	0.445	1.0	1.0
0	3	73	3.935	0.25	13.806	0.654	1.0	1.0
0	3	70	3.452	0.506	14.484	0.508	1.0	1.0
0	3	67	3.194	0.402	14.806	0.601	1.0	1.0
0	3	64	2.968	0.315	15.774	1.257	1.0	1.0
0	3	61	2.935	0.25	16.806	0.833	1.0	1.0
0	3	58	2.516	0.508	18.29	1.189	1.0	1.0
0	3	55	1.839	0.454	20.71	1.936	1.0	1.0
0	3	52	1.548	0.506	24.548	3.355	1.0	1.0
0	3	49	0.778	0.577	29.0	4.145	0.613	0.742
0	3	46	0.032	0.18	34.0	0.0	0.032	0.032
0	3	43	0.0	0.0	nan	nan	0.0	0.0
0	3	40	0.0	0.0	nan	nan	0.0	0.0
0	3	37	0.0	0.0	nan	nan	0.0	0.0
0	3	34	0.0	0.0	nan	nan	0.0	0.0
0	3	31	0.0	0.0	nan	nan	0.0	0.0
0	3	28	0.0	0.0	nan	nan	0.0	0.0
0	4	100	5.0	0.0	11.0	0.0	1.0	1.0
0	4	97	5.0	0.0	11.129	0.341	1.0	1.0
0	4	94	4.839	0.374	11.613	0.495	1.0	1.0
0	4	91	4.742	0.445	11.742	0.445	1.0	1.0
0	4	88	4.258	0.445	12.032	0.18	1.0	1.0
0	4	85	4.032	0.18	12.355	0.486	1.0	1.0
0	4	82	4.0	0.0	12.581	0.502	1.0	1.0
0	4	79	4.0	0.0	12.935	0.512	1.0	1.0
0	4	76	3.935	0.25	13.484	0.508	1.0	1.0
0	4	73	3.806	0.402	13.839	0.523	1.0	1.0
0	4	70	3.581	0.502	14.516	0.677	1.0	1.0
0	4	67	3.097	0.301	15.226	0.56	1.0	1.0
0	4	64	3.0	0.0	15.968	0.752	1.0	1.0
0	4	61	2.903	0.301	17.0	0.856	1.0	1.0
0	4	58	2.419	0.502	18.419	1.205	1.0	1.0
0	4	55	2.129	0.428	20.194	1.973	1.0	1.0
0	4	52	1.548	0.506	23.839	2.325	1.0	1.0
0	4	49	1.034	0.68	27.88	3.855	0.742	0.806
0	4	46	0.032	0.18	21.0	0.0	0.032	0.032
0	4	43	0.0	0.0	nan	nan	0.0	0.0
0	4	40	0.0	0.0	nan	nan	0.0	0.0
0	4	37	0.0	0.0	nan	nan	0.0	0.0
0	4	34	0.0	0.0	nan	nan	0.0	0.0
0	4	31	0.0	0.0	nan	nan	0.0	0.0
0	4	28	0.0	0.0	nan	nan	0.0	0.0
0	5	100	5.0	0.0	11.0	0.0	1.0	1.0
0	5	97	5.0	0.0	11.097	0.301	1.0	1.0
0	5	94	4.903	0.301	11.484	0.508	1.0	1.0
0	5	91	4.613	0.495	11.871	0.341	1.0	1.0
0	5	88	4.355	0.486	11.871	0.428	1.0	1.0
0	5	85	4.032	0.18	12.161	0.374	1.0	1.0
0	5	82	4.0	0.0	12.645	0.486	1.0	1.0
0	5	79	3.968	0.18	13.097	0.301	1.0	1.0
0	5	76	3.968	0.18	13.29	0.461	1.0	1.0
0	5	73	3.903	0.301	13.742	0.631	1.0	1.0
0	5	70	3.613	0.495	14.548	0.768	1.0	1.0
0	5	67	3.161	0.374	15.032	0.752	1.0	1.0
0	5	64	3.032	0.18	15.871	0.718	1.0	1.0
0	5	61	2.839	0.374	17.032	1.991	1.0	1.0
0	5	58	2.516	0.508	18.226	2.012	1.0	1.0
0	5	55	2.0	0.258	20.484	1.691	1.0	1.0
0	5	52	1.419	0.502	23.323	3.26	1.0	1.0
0	5	49	0.7	0.596	27.75	3.654	0.613	0.645
0	5	46	0.0	0.0	37.0	0.0	0.0	0.032
0	5	43	0.0	0.0	nan	nan	0.0	0.0
0	5	40	0.0	0.0	nan	nan	0.0	0.0
0	5	37	0.0	0.0	nan	nan	0.0	0.0
0	5	34	0.0	0.0	nan	nan	0.0	0.0
0	5	31	0.0	0.0	nan	nan	0.0	0.0
0	5	28	0.0	0.0	nan	nan	0.0	0.0
0	6	100	5.0	0.0	11.032	0.18	1.0	1.0
0	6	97	5.0	0.0	11.161	0.523	1.0	1.0
0	6	94	4.968	0.18	11.484	0.508	1.0	1.0
0	6	91	4.677	0.475	11.903	0.301	1.0	1.0
0	6	88	4.387	0.495	12.032	0.18	1.0	1.0
0	6	85	4.065	0.25	12.161	0.374	1.0	1.0
0	6	82	4.0	0.0	12.613	0.615	1.0	1.0
0	6	79	4.0	0.0	13.032	0.315	1.0	1.0
0	6	76	4.0	0.0	13.323	0.541	1.0	1.0
0	6	73	3.968	0.18	13.935	0.68	1.0	1.0
0	6	70	3.516	0.508	14.548	0.506	1.0	1.0
0	6	67	3.161	0.374	15.161	0.638	1.0	1.0
0	6	64	3.032	0.18	16.065	0.574	1.0	1.0
0	6	61	2.806	0.402	16.871	0.763	1.0	1.0
0	6	58	2.258	0.445	18.871	1.088	1.0	1.0
0	6	55	1.968	0.407	20.548	1.748	1.0	1.0
0	6	52	1.633	0.49	24.839	3.358	0.968	1.0
0	6	49	0.75	0.701	28.55	4.371	0.548	0.645
0	6	46	0.0	0.0	nan	nan	0.0	0.0
0	6	43	0.0	0.0	nan	nan	0.0	0.0
0	6	40	0.0	0.0	nan	nan	0.0	0.0
0	6	37	0.0	0.0	nan	nan	0.0	0.0
0	6	34	0.0	0.0	nan	nan	0.0	0.0
0	6	31	0.0	0.0	nan	nan	0.0	0.0
0	6	28	0.0	0.0	nan	nan	0.0	0.0
0	7	100	5.0	0.0	11.032	0.18	1.0	1.0
0	7	97	5.0	0.0	11.065	0.25	1.0	1.0
0	7	94	4.871	0.341	11.548	0.506	1.0	1.0
0	7	91	4.613	0.495	11.839	0.374	1.0	1.0
0	7	88	4.129	0.341	12.0	0.365	1.0	1.0
0	7	85	4.032	0.18	12.129	0.341	1.0	1.0
0	7	82	4.0	0.0	12.613	0.495	1.0	1.0
0	7	79	4.0	0.0	12.935	0.25	1.0	1.0
0	7	76	4.032	0.18	13.419	0.502	1.0	1.0
0	7	73	3.774	0.425	13.839	0.583	1.0	1.0
0	7	70	3.484	0.508	14.71	0.461	1.0	1.0
0	7	67	3.161	0.374	14.839	0.735	1.0	1.0
0	7	64	2.968	0.315	15.968	0.795	1.0	1.0
0	7	61	2.935	0.25	16.871	0.806	1.0	1.0
0	7	58	2.387	0.495	18.677	1.469	1.0	1.0
0	7	55	1.839	0.374	21.806	3.07	1.0	1.0
0	7	52	1.581	0.564	23.839	3.551	1.0	1.0
0	7	49	0.793	0.559	28.609	3.799	0.677	0.742
0	7	46	0.0	0.0	nan	nan	0.0	0.0
0	7	43	0.0	0.0	nan	nan	0.0	0.0
0	7	40	0.0	0.0	nan	nan	0.0	0.0
0	7	37	0.0	0.0	nan	nan	0.0	0.0
0	7	34	0.0	0.0	nan	nan	0.0	0.0
0	7	31	0.0	0.0	nan	nan	0.0	0.0
0	7	28	0.0	0.0	nan	nan	0.0	0.0
0	8	100	5.0	0.0	11.0	0.258	1.0	1.0
0	8	97	4.935	0.25	11.129	0.341	1.0	1.0
0	8	94	4.774	0.425	11.387	0.495	1.0	1.0
0	8	91	4.516	0.508	11.871	0.428	1.0	1.0
0	8	88	4.258	0.445	11.968	0.18	1.0	1.0
0	8	85	4.161	0.374	12.387	0.495	1.0	1.0
0	8	82	4.0	0.0	12.645	0.486	1.0	1.0
0	8	79	4.0	0.0	12.968	0.315	1.0	1.0
0	8	76	3.968	0.18	13.355	0.551	1.0	1.0
0	8	73	3.742	0.445	13.742	0.514	1.0	1.0
0	8	70	3.419	0.502	14.419	0.62	1.0	1.0
0	8	67	3.129	0.341	15.065	0.512	1.0	1.0
0	8	64	3.032	0.18	15.742	0.815	1.0	1.0
0	8	61	2.935	0.25	17.0	0.73	1.0	1.0
0	8	58	2.387	0.495	18.355	0.95	1.0	1.0
0	8	55	1.903	0.396	20.387	1.542	1.0	1.0
0	8	52	1.419	0.502	24.516	4.218	1.0	1.0
0	8	49	1.0	0.566	28.889	4.846	0.71	0.871
0	8	46	0.0	0.0	nan	nan	0.0	0.0
0	8	43	0.0	0.0	nan	nan	0.0	0.0
0	8	40	0.0	0.0	nan	nan	0.0	0.0
0	8	37	0.0	0.0	nan	nan	0.0	0.0
0	8	34	0.0	0.0	nan	nan	0.0	0.0
0	8	31	0.0	0.0	nan	nan	0.0	0.0
0	8	28	0.0	0.0	nan	nan	0.0	0.0
0	9	100	4.968	0.18	11.032	0.315	1.0	1.0
0	9	97	4.935	0.25	11.129	0.341	1.0	1.0
0	9	94	4.871	0.341	11.484	0.508	1.0	1.0
0	9	91	4.613	0.495	11.742	0.514	1.0	1.0
0	9	88	4.194	0.402	11.968	0.407	1.0	1.0
0	9	85	4.065	0.25	12.226	0.425	1.0	1.0
0	9	82	4.032	0.18	12.581	0.502	1.0	1.0
0	9	79	4.0	0.0	13.0	0.447	1.0	1.0
0	9	76	4.0	0.0	13.29	0.461	1.0	1.0
0	9	73	3.903	0.301	13.935	0.442	1.0	1.0
0	9	70	3.548	0.506	14.29	0.461	1.0	1.0
0	9	67	3.097	0.301	15.161	0.523	1.0	1.0
0	9	64	3.032	0.18	15.935	0.68	1.0	1.0
0	9	61	2.935	0.25	16.71	0.864	1.0	1.0
0	9	58	2.29	0.461	18.645	1.226	1.0	1.0
0	9	55	1.968	0.18	20.548	1.524	1.0	1.0
0	9	52	1.516	0.57	23.7	2.744	0.968	0.968
0	9	49	0.682	0.716	29.762	4.939	0.387	0.677
0	9	46	0.033	0.183	34.0	4.243	0.032	0.065
0	9	43	0.0	0.0	nan	nan	0.0	0.0
0	9	40	0.0	0.0	nan	nan	0.0	0.0
0	9	37	0.0	0.0	nan	nan	0.0	0.0
0	9	34	0.0	0.0	nan	nan	0.0	0.0
0	9	31	0.0	0.0	nan	nan	0.0	0.0
0	9	28	0.0	0.0	nan	nan	0.0	0.0
0	10	100	5.0	0.0	11.0	0.0	1.0	1.0
0	10	97	4.935	0.25	11.194	0.402	1.0	1.0
0	10	94	4.871	0.341	11.387	0.495	1.0	1.0
0	10	91	4.581	0.502	11.742	0.445	1.0	1.0
0	10	88	4.161	0.374	11.968	0.18	1.0	1.0
0	10	85	4.032	0.18	12.258	0.445	1.0	1.0
0	10	82	4.0	0.0	12.742	0.514	1.0	1.0
0	10	79	4.0	0.0	12.806	0.543	1.0	1.0
0	10	76	3.935	0.25	13.355	0.551	1.0	1.0
0	10	73	3.871	0.341	13.935	0.442	1.0	1.0
0	10	70	3.516	0.508	14.484	0.508	1.0	1.0
0	10	67	3.065	0.359	15.323	0.871	1.0	1.0
0	10	64	3.0	0.0	16.0	0.632	1.0	1.0
0	10	61	2.871	0.341	16.903	1.106	1.0	1.0
0	10	58	2.484	0.508	17.742	1.21	1.0	1.0
0	10	55	1.935	0.359	20.129	1.5	1.0	1.0
0	10	52	1.645	0.486	23.194	3.188	1.0	1.0
0	10	49	0.643	0.678	28.778	4.066	0.484	0.581
0	10	46	0.032	0.18	30.0	0.0	0.032	0.032
0	10	43	0.0	0.0	nan	nan	0.0	0.0
0	10	40	0.0	0.0	nan	nan	0.0	0.0
0	10	37	0.0	0.0	nan	nan	0.0	0.0
0	10	34	0.0	0.0	nan	nan	0.0	0.0
0	10	31	0.0	0.0	nan	nan	0.0	0.0
0	10	28	0.0	0.0	nan	nan	0.0	0.0
0	11	100	5.0	0.0	11.065	0.25	1.0	1.0
0	11	97	5.0	0.0	11.0	0.0	1.0	1.0
0	11	94	4.935	0.25	11.613	0.495	1.0	1.0
0	11	91	4.613	0.495	11.839	0.374	1.0	1.0
0	11	88	4.226	0.425	12.065	0.359	1.0	1.0
0	11	85	4.129	0.341	12.258	0.445	1.0	1.0
0	11	82	4.0	0.0	12.645	0.486	1.0	1.0
0	11	79	4.0	0.0	12.935	0.442	1.0	1.0
0	11	76	4.0	0.0	13.387	0.495	1.0	1.0
0	11	73	3.871	0.341	14.194	0.601	1.0	1.0
0	11	70	3.355	0.486	14.516	0.811	1.0	1.0
0	11	67	3.065	0.25	15.065	0.629	1.0	1.0
0	11	64	3.0	0.0	15.839	0.82	1.0	1.0
0	11	61	2.871	0.341	17.065	0.814	1.0	1.0
0	11	58	2.484	0.508	18.226	0.956	1.0	1.0
0	11	55	2.032	0.407	20.161	1.695	1.0	1.0
0	11	52	1.517	0.509	24.871	3.956	0.935	1.0
0	11	49	0.731	0.533	30.13	4.331	0.581	0.742
0	11	46	0.065	0.25	31.0	2.828	0.065	0.065
0	11	43	0.0	0.0	nan	nan	0.0	0.0
0	11	40	0.0	0.0	nan	nan	0.0	0.0
0	11	37	0.0	0.0	nan	nan	0.0	0.0
0	11	34	0.0	0.0	nan	nan	0.0	0.0
0	11	31	0.0	0.0	nan	nan	0.0	0.0
0	11	28	0.0	0.0	nan	nan	0.0	0.0
0	12	100	5.0	0.0	11.032	0.18	1.0	1.0
0	12	97	4.968	0.18	11.129	0.341	1.0	1.0
0	12	94	4.903	0.301	11.226	0.425	1.0	1.0
0	12	91	4.613	0.495	11.742	0.445	1.0	1.0
0	12	88	4.161	0.374	12.097	0.301	1.0	1.0
0	12	85	4.0	0.0	12.355	0.486	1.0	1.0
0	12	82	4.0	0.0	12.645	0.486	1.0	1.0
0	12	79	4.0	0.0	13.032	0.315	1.0	1.0
0	12	76	3.968	0.18	13.29	0.461	1.0	1.0
0	12	73	3.839	0.374	13.968	0.407	1.0	1.0
0	12	70	3.484	0.508	14.452	0.568	1.0	1.0
0	12	67	3.194	0.402	15.355	0.661	1.0	1.0
0	12	64	3.0	0.0	15.935	0.892	1.0	1.0
0	12	61	2.871	0.341	16.968	0.948	1.0	1.0
0	12	58	2.194	0.477	18.871	1.522	1.0	1.0
0	12	55	1.774	0.425	21.323	2.372	1.0	1.0
0	12	52	1.548	0.506	24.839	3.959	1.0	1.0
0	12	49	0.56	0.507	30.15	5.743	0.452	0.645
0	12	46	0.167	0.379	32.167	3.656	0.161	0.194
0	12	43	0.0	0.0	nan	nan	0.0	0.0
0	12	40	0.0	0.0	nan	nan	0.0	0.0
0	12	37	0.0	0.0	nan	nan	0.0	0.0
0	12	34	0.0	0.0	nan	nan	0.0	0.0
0	12	31	0.0	0.0	nan	nan	0.0	0.0
0	12	28	0.0	0.0	nan	nan	0.0	0.0
0	13	100	5.0	0.0	11.0	0.0	1.0	1.0
0	13	97	4.935	0.25	11.161	0.374	1.0	1.0
0	13	94	4.839	0.374	11.548	0.506	1.0	1.0
0	13	91	4.452	0.506	11.903	0.301	1.0	1.0
0	13	88	4.065	0.25	12.032	0.18	1.0	1.0
0	13	85	4.032	0.18	12.194	0.402	1.0	1.0
0	13	82	4.0	0.0	12.613	0.495	1.0	1.0
0	13	79	4.0	0.0	12.968	0.315	1.0	1.0
0	13	76	3.968	0.18	13.355	0.486	1.0	1.0
0	13	73	3.774	0.425	13.774	0.717	1.0	1.0
0	13	70	3.452	0.506	14.419	0.807	1.0	1.0
0	13	67	3.097	0.301	15.323	0.748	1.0	1.0
0	13	64	3.032	0.18	16.161	0.735	1.0	1.0
0	13	61	2.839	0.374	16.839	0.86	1.0	1.0
0	13	58	2.452	0.506	18.032	1.016	1.0	1.0
0	13	55	1.968	0.315	20.387	1.909	1.0	1.0
0	13	52	1.516	0.508	24.323	3.516	1.0	1.0
0	13	49	0.923	0.688	29.667	4.779	0.613	0.774
0	13	46	0.0	0.0	nan	nan	0.0	0.0
0	13	43	0.0	0.0	nan	nan	0.0	0.0
0	13	40	0.0	0.0	nan	nan	0.0	0.0
0	13	37	0.0	0.0	nan	nan	0.0	0.0
0	13	34	0.0	0.0	nan	nan	0.0	0.0
0	13	31	0.0	0.0	nan	nan	0.0	0.0
0	13	28	0.0	0.0	nan	nan	0.0	0.0
0	14	100	4.968	0.18	11.0	0.258	1.0	1.0
0	14	97	5.0	0.0	11.097	0.301	1.0	1.0
0	14	94	4.839	0.374	11.452	0.506	1.0	1.0
0	14	91	4.581	0.502	11.71	0.461	1.0	1.0
0	14	88	4.129	0.341	12.032	0.315	1.0	1.0
0	14	85	4.065	0.25	12.065	0.25	1.0	1.0
0	14	82	4.0	0.0	12.484	0.57	1.0	1.0
0	14	79	4.0	0.0	13.065	0.359	1.0	1.0
0	14	76	3.968	0.18	13.355	0.551	1.0	1.0
0	14	73	3.839	0.374	13.903	0.539	1.0	1.0
0	14	70	3.387	0.495	14.516	0.626	1.0	1.0
0	14	67	3.097	0.301	14.935	0.512	1.0	1.0
0	14	64	3.0	0.0	15.871	0.67	1.0	1.0
0	14	61	2.903	0.301	16.71	0.938	1.0	1.0
0	14	58	2.355	0.486	18.645	1.404	1.0	1.0
0	14	55	1.968	0.315	20.548	1.609	1.0	1.0
0	14	52	1.821	0.476	23.742	4.878	0.903	1.0
0	14	49	0.958	0.624	30.5	4.743	0.613	0.839
0	14	46	0.0	0.0	nan	nan	0.0	0.0
0	14	43	0.0	0.0	nan	nan	0.0	0.0
0	14	40	0.0	0.0	nan	nan	0.0	0.0
0	14	37	0.0	0.0	nan	nan	0.0	0.0
0	14	34	0.0	0.0	nan	nan	0.0	0.0
0	14	31	0.0	0.0	nan	nan	0.0	0.0
0	14	28	0.0	0.0	nan	nan	0.0	0.0
0	15	100	5.0	0.0	11.097	0.301	1.0	1.0
0	15	97	4.968	0.18	11.161	0.374	1.0	1.0
0	15	94	4.839	0.374	11.452	0.506	1.0	1.0
0	15	91	4.387	0.495	11.903	0.301	1.0	1.0
0	15	88	4.129	0.341	12.032	0.315	1.0	1.0
0	15	85	4.032	0.18	12.355	0.486	1.0	1.0
0	15	82	4.0	0.0	12.613	0.495	1.0	1.0
0	15	79	4.0	0.0	13.0	0.365	1.0	1.0
0	15	76	3.968	0.18	13.387	0.495	1.0	1.0
0	15	73	3.806	0.402	13.839	0.454	1.0	1.0
0	15	70	3.516	0.508	14.323	0.599	1.0	1.0
0	15	67	3.161	0.374	15.032	0.605	1.0	1.0
0	15	64	3.0	0.0	15.968	0.875	1.0	1.0
0	15	61	2.935	0.359	17.129	0.763	1.0	1.0
0	15	58	2.516	0.508	17.968	1.197	1.0	1.0
0	15	55	1.871	0.341	20.581	1.945	1.0	1.0
0	15	52	1.581	0.502	23.065	2.351	1.0	1.0
0	15	49	0.679	0.612	28.95	4.513	0.548	0.645
0	15	46	0.0	0.0	nan	nan	0.0	0.0
0	15	43	0.0	0.0	nan	nan	0.0	0.0
0	15	40	0.0	0.0	nan	nan	0.0	0.0
0	15	37	0.0	0.0	nan	nan	0.0	0.0
0	15	34	0.0	0.0	nan	nan	0.0	0.0
0	15	31	0.0	0.0	nan	nan	0.0	0.0
0	15	28	0.0	0.0	nan	nan	0.0	0.0
0	16	100	5.0	0.0	11.0	0.0	1.0	1.0
0	16	97	4.935	0.25	11.129	0.341	1.0	1.0
0	16	94	4.871	0.341	11.419	0.502	1.0	1.0
0	16	91	4.452	0.506	11.839	0.374	1.0	1.0
0	16	88	4.355	0.486	12.032	0.315	1.0	1.0
0	16	85	4.097	0.301	12.323	0.475	1.0	1.0
0	16	82	4.0	0.0	12.548	0.506	1.0	1.0
0	16	79	4.0	0.0	12.968	0.407	1.0	1.0
0	16	76	3.903	0.301	13.355	0.486	1.0	1.0
0	16	73	3.839	0.374	13.903	0.396	1.0	1.0
0	16	70	3.323	0.475	14.548	0.723	1.0	1.0
0	16	67	3.129	0.341	14.903	0.7	1.0	1.0
0	16	64	3.0	0.0	15.839	0.583	1.0	1.0
0	16	61	2.839	0.374	16.903	1.012	1.0	1.0
0	16	58	2.323	0.475	18.258	0.93	1.0	1.0
0	16	55	1.871	0.341	20.581	2.078	1.0	1.0
0	16	52	1.452	0.506	25.226	4.279	1.0	1.0
0	16	49	0.8	0.551	28.783	3.316	0.71	0.742
0	16	46	0.069	0.258	33.0	2.944	0.065	0.129
0	16	43	0.0	0.0	nan	nan	0.0	0.0
0	16	40	0.0	0.0	nan	nan	0.0	0.0
0	16	37	0.0	0.0	nan	nan	0.0	0.0
0	16	34	0.0	0.0	nan	nan	0.0	0.0
0	16	31	0.0	0.0	nan	nan	0.0	0.0
0	16	28	0.0	0.0	nan	nan	0.0	0.0
0	17	100	5.0	0.0	11.065	0.25	1.0	1.0
0	17	97	5.0	0.0	11.161	0.374	1.0	1.0
0	17	94	4.871	0.341	11.613	0.495	1.0	1.0
0	17	91	4.484	0.508	11.871	0.341	1.0	1.0
0	17	88	4.161	0.374	11.935	0.359	1.0	1.0
0	17	85	4.0	0.0	12.419	0.502	1.0	1.0
0	17	82	4.0	0.0	12.613	0.495	1.0	1.0
0	17	79	4.0	0.0	13.097	0.301	1.0	1.0
0	17	76	3.935	0.25	13.484	0.508	1.0	1.0
0	17	73	3.742	0.445	13.774	0.497	1.0	1.0
0	17	70	3.484	0.508	14.419	0.502	1.0	1.0
0	17	67	3.097	0.301	15.226	0.56	1.0	1.0
0	17	64	3.032	0.18	16.0	0.516	1.0	1.0
0	17	61	2.839	0.374	16.903	0.944	1.0	1.0
0	17	58	2.419	0.502	18.258	1.032	1.0	1.0
0	17	55	1.935	0.359	20.548	1.524	1.0	1.0
0	17	52	1.667	0.479	23.935	4.041	0.968	1.0
0	17	49	0.893	0.737	28.864	5.549	0.613	0.71
0	17	46	0.0	0.0	nan	nan	0.0	0.0
0	17	43	0.0	0.0	nan	nan	0.0	0.0
0	17	40	0.0	0.0	nan	nan	0.0	0.0
0	17	37	0.0	0.0	nan	nan	0.0	0.0
0	17	34	0.0	0.0	nan	nan	0.0	0.0
0	17	31	0.0	0.0	nan	nan	0.0	0.0
0	17	28	0.0	0.0	nan	nan	0.0	0.0
0	18	100	5.0	0.0	11.032	0.18	1.0	1.0
0	18	97	4.968	0.18	11.194	0.477	1.0	1.0
0	18	94	4.806	0.402	11.516	0.508	1.0	1.0
0	18	91	4.645	0.486	11.645	0.486	1.0	1.0
0	18	88	4.29	0.461	11.968	0.18	1.0	1.0
0	18	85	4.097	0.301	12.161	0.374	1.0	1.0
0	18	82	4.0	0.0	12.548	0.506	1.0	1.0
0	18	79	4.0	0.0	12.903	0.301	1.0	1.0
0	18	76	3.968	0.18	13.452	0.506	1.0	1.0
0	18	73	3.806	0.402	13.871	0.67	1.0	1.0
0	18	70	3.419	0.502	14.516	0.677	1.0	1.0
0	18	67	3.032	0.18	15.065	0.68	1.0	1.0
0	18	64	2.968	0.18	16.226	1.146	1.0	1.0
0	18	61	2.903	0.301	17.097	1.044	1.0	1.0
0	18	58	2.419	0.502	18.323	1.249	1.0	1.0
0	18	55	1.968	0.315	20.677	1.514	1.0	1.0
0	18	52	1.433	0.568	24.567	3.73	0.935	0.968
0	18	49	0.667	0.734	29.111	4.825	0.452	0.581
0	18	46	0.1	0.305	30.5	5.745	0.097	0.129
0	18	43	0.0	0.0	nan	nan	0.0	0.0
0	18	40	0.0	0.0	nan	nan	0.0	0.0
0	18	37	0.0	0.0	nan	nan	0.0	0.0
0	18	34	0.0	0.0	nan	nan	0.0	0.0
0	18	31	0.0	0.0	nan	nan	0.0	0.0
0	18	28	0.0	0.0	nan	nan	0.0	0.0
0	19	100	5.0	0.0	11.032	0.18	1.0	1.0
0	19	97	4.968	0.18	11.194	0.402	1.0	1.0
0	19	94	4.903	0.301	11.581	0.502	1.0	1.0
0	19	91	4.484	0.508	11.806	0.402	1.0	1.0
0	19	88	4.226	0.425	12.0	0.258	1.0	1.0
0	19	85	4.065	0.25	12.29	0.461	1.0	1.0
0	19	82	4.0	0.0	12.613	0.495	1.0	1.0
0	19	79	4.0	0.0	12.968	0.407	1.0	1.0
0	19	76	3.968	0.18	13.355	0.486	1.0	1.0
0	19	73	3.839	0.374	13.968	0.482	1.0	1.0
0	19	70	3.484	0.508	14.516	0.677	1.0	1.0
0	19	67	3.032	0.18	15.065	0.629	1.0	1.0
0	19	64	3.032	0.18	16.129	0.718	1.0	1.0
0	19	61	2.903	0.301	16.935	0.629	1.0	1.0
0	19	58	2.581	0.502	18.0	1.238	1.0	1.0
0	19	55	1.968	0.407	20.29	1.847	1.0	1.0
0	19	52	1.621	0.494	24.516	4.13	0.935	1.0
0	19	49	0.75	0.532	30.042	4.477	0.548	0.774
0	19	46	0.0	0.0	nan	nan	0.0	0.0
0	19	43	0.0	0.0	nan	nan	0.0	0.0
0	19	40	0.0	0.0	nan	nan	0.0	0.0
0	19	37	0.0	0.0	nan	nan	0.0	0.0
0	19	34	0.0	0.0	nan	nan	0.0	0.0
0	19	31	0.0	0.0	nan	nan	0.0	0.0
0	19	28	0.0	0.0	nan	nan	0.0	0.0
0	20	100	5.0	0.0	10.968	0.18	1.0	1.0
0	20	97	4.968	0.18	11.129	0.341	1.0	1.0
0	20	94	4.806	0.402	11.452	0.506	1.0	1.0
0	20	91	4.516	0.508	11.774	0.425	1.0	1.0
0	20	88	4.129	0.341	11.968	0.18	1.0	1.0
0	20	85	4.0	0.0	12.226	0.425	1.0	1.0
0	20	82	4.032	0.18	12.71	0.529	1.0	1.0
0	20	79	4.0	0.0	13.065	0.442	1.0	1.0
0	20	76	4.0	0.0	13.258	0.445	1.0	1.0
0	20	73	3.935	0.25	14.0	0.683	1.0	1.0
0	20	70	3.548	0.506	14.452	0.81	1.0	1.0
0	20	67	3.065	0.25	15.419	0.72	1.0	1.0
0	20	64	2.935	0.359	15.871	0.885	1.0	1.0
0	20	61	2.968	0.18	17.065	0.727	1.0	1.0
0	20	58	2.484	0.508	18.194	1.167	1.0	1.0
0	20	55	2.0	0.258	20.484	2.528	1.0	1.0
0	20	52	1.452	0.568	24.267	3.028	0.968	0.968
0	20	49	0.72	0.737	30.25	4.423	0.452	0.645
0	20	46	0.0	0.0	nan	nan	0.0	0.0
0	20	43	0.0	0.0	nan	nan	0.0	0.0
0	20	40	0.0	0.0	nan	nan	0.0	0.0
0	20	37	0.0	0.0	nan	nan	0.0	0.0
0	20	34	0.0	0.0	nan	nan	0.0	0.0
0	20	31	0.0	0.0	nan	nan	0.0	0.0
0	20	28	0.0	0.0	nan	nan	0.0	0.0
0	21	100	5.0	0.0	11.0	0.0	1.0	1.0
0	21	97	5.0	0.0	11.065	0.25	1.0	1.0
0	21	94	4.839	0.374	11.516	0.508	1.0	1.0
0	21	91	4.355	0.486	11.806	0.402	1.0	1.0
0	21	88	4.129	0.341	12.0	0.365	1.0	1.0
0	21	85	4.0	0.0	12.129	0.428	1.0	1.0
0	21	82	4.0	0.0	12.742	0.514	1.0	1.0
0	21	79	4.0	0.0	12.968	0.547	1.0	1.0
0	21	76	4.0	0.0	13.355	0.486	1.0	1.0
0	21	73	3.774	0.425	13.806	0.654	1.0	1.0
0	21	70	3.419	0.502	14.484	0.508	1.0	1.0
0	21	67	3.065	0.25	15.0	0.73	1.0	1.0
0	21	64	3.0	0.0	16.032	0.706	1.0	1.0
0	21	61	2.903	0.396	16.806	0.91	1.0	1.0
0	21	58	2.29	0.461	18.645	1.539	1.0	1.0
0	21	55	1.935	0.359	20.839	2.697	1.0	1.0
0	21	52	1.433	0.504	24.935	3.741	0.968	1.0
0	21	49	0.84	0.8	30.0	5.367	0.484	0.677
0	21	46	0.0	0.0	nan	nan	0.0	0.0
0	21	43	0.0	0.0	nan	nan	0.0	0.0
0	21	40	0.0	0.0	nan	nan	0.0	0.0
0	21	37	0.0	0.0	nan	nan	0.0	0.0
0	21	34	0.0	0.0	nan	nan	0.0	0.0
0	21	31	0.0	0.0	nan	nan	0.0	0.0
0	21	28	0.0	0.0	nan	nan	0.0	0.0
0	22	100	5.0	0.0	11.032	0.18	1.0	1.0
0	22	97	5.0	0.0	11.226	0.425	1.0	1.0
0	22	94	4.806	0.402	11.355	0.486	1.0	1.0
0	22	91	4.355	0.486	11.806	0.402	1.0	1.0
0	22	88	4.097	0.301	11.968	0.315	1.0	1.0
0	22	85	4.0	0.0	12.29	0.461	1.0	1.0
0	22	82	4.0	0.0	12.677	0.541	1.0	1.0
0	22	79	4.0	0.0	12.935	0.512	1.0	1.0
0	22	76	3.935	0.25	13.484	0.508	1.0	1.0
0	22	73	3.548	0.506	13.806	0.543	1.0	1.0
0	22	70	3.355	0.486	14.742	0.631	1.0	1.0
0	22	67	3.065	0.25	15.065	0.772	1.0	1.0
0	22	64	3.0	0.0	15.806	0.749	1.0	1.0
0	22	61	2.871	0.428	17.226	0.805	1.0	1.0
0	22	58	2.323	0.475	18.419	1.089	1.0	1.0
0	22	55	1.935	0.359	20.226	2.045	1.0	1.0
0	22	52	1.29	0.588	24.379	3.6	0.935	0.935
0	22	49	0.821	0.612	29.174	4.086	0.645	0.742
0	22	46	0.032	0.18	27.0	0.0	0.032	0.032
0	22	43	0.0	0.0	nan	nan	0.0	0.0
0	22	40	0.0	0.0	nan	nan	0.0	0.0
0	22	37	0.0	0.0	nan	nan	0.0	0.0
0	22	34	0.0	0.0	nan	nan	0.0	0.0
0	22	31	0.0	0.0	nan	nan	0.0	0.0
0	22	28	0.0	0.0	nan	nan	0.0	0.0
0	23	100	5.0	0.0	11.0	0.258	1.0	1.0
0	23	97	4.968	0.18	11.226	0.425	1.0	1.0
0	23	94	4.839	0.374	11.452	0.506	1.0	1.0
0	23	91	4.516	0.508	11.677	0.475	1.0	1.0
0	23	88	4.097	0.301	11.968	0.18	1.0	1.0
0	23	85	4.0	0.0	12.29	0.461	1.0	1.0
0	23	82	4.0	0.0	12.677	0.541	1.0	1.0
0	23	79	4.0	0.0	13.032	0.407	1.0	1.0
0	23	76	3.903	0.301	13.419	0.564	1.0	1.0
0	23	73	3.774	0.425	13.968	0.407	1.0	1.0
0	23	70	3.226	0.425	14.548	0.568	1.0	1.0
0	23	67	3.097	0.301	15.129	0.718	1.0	1.0
0	23	64	3.0	0.0	16.194	0.749	1.0	1.0
0	23	61	2.871	0.341	16.935	0.892	1.0	1.0
0	23	58	2.387	0.495	18.419	1.385	1.0	1.0
0	23	55	1.903	0.396	20.806	1.869	1.0	1.0
0	23	52	1.533	0.507	24.645	4.136	0.968	1.0
0	23	49	0.793	0.62	27.682	3.772	0.645	0.71
0	23	46	0.032	0.18	33.0	0.0	0.032	0.032
0	23	43	0.0	0.0	nan	nan	0.0	0.0
0	23	40	0.0	0.0	nan	nan	0.0	0.0
0	23	37	0.0	0.0	nan	nan	0.0	0.0
0	23	34	0.0	0.0	nan	nan	0.0	0.0
0	23	31	0.0	0.0	nan	nan	0.0	0.0
0	23	28	0.0	0.0	nan	nan	0.0	0.0
0	24	100	5.0	0.0	11.0	0.0	1.0	1.0
0	24	97	4.935	0.25	11.129	0.341	1.0	1.0
0	24	94	4.71	0.461	11.581	0.502	1.0	1.0
0	24	91	4.419	0.502	11.774	0.425	1.0	1.0
0	24	88	4.129	0.341	11.968	0.18	1.0	1.0
0	24	85	4.0	0.0	12.355	0.486	1.0	1.0
0	24	82	4.0	0.0	12.581	0.502	1.0	1.0
0	24	79	3.935	0.25	13.161	0.374	1.0	1.0
0	24	76	3.968	0.18	13.387	0.558	1.0	1.0
0	24	73	3.581	0.502	13.871	0.499	1.0	1.0
0	24	70	3.419	0.502	14.613	0.955	1.0	1.0
0	24	67	3.065	0.25	15.129	0.806	1.0	1.0
0	24	64	2.968	0.18	15.871	0.846	1.0	1.0
0	24	61	2.903	0.301	16.935	0.964	1.0	1.0
0	24	58	2.419	0.564	18.387	1.145	1.0	1.0
0	24	55	1.871	0.341	20.71	1.657	1.0	1.0
0	24	52	1.5	0.509	24.226	3.73	0.968	1.0
0	24	49	0.679	0.67	29.842	3.516	0.516	0.613
0	24	46	0.0	0.0	nan	nan	0.0	0.0
0	24	43	0.0	0.0	nan	nan	0.0	0.0
0	24	40	0.0	0.0	nan	nan	0.0	0.0
0	24	37	0.0	0.0	nan	nan	0.0	0.0
0	24	34	0.0	0.0	nan	nan	0.0	0.0
0	24	31	0.0	0.0	nan	nan	0.0	0.0
0	24	28	0.0	0.0	nan	nan	0.0	0.0
0	25	100	5.0	0.0	11.032	0.18	1.0	1.0
0	25	97	4.968	0.18	11.226	0.425	1.0	1.0
0	25	94	4.613	0.495	11.613	0.495	1.0	1.0
0	25	91	4.194	0.402	11.742	0.445	1.0	1.0
0	25	88	4.065	0.25	11.968	0.18	1.0	1.0
0	25	85	4.032	0.18	12.258	0.445	1.0	1.0
0	25	82	4.0	0.0	12.742	0.445	1.0	1.0
0	25	79	4.0	0.0	13.0	0.365	1.0	1.0
0	25	76	3.871	0.341	13.452	0.506	1.0	1.0
0	25	73	3.806	0.402	13.935	0.727	1.0	1.0
0	25	70	3.387	0.495	14.323	0.653	1.0	1.0
0	25	67	3.032	0.18	15.194	0.654	1.0	1.0
0	25	64	3.032	0.18	16.29	0.739	1.0	1.0
0	25	61	2.806	0.402	17.161	1.036	1.0	1.0
0	25	58	2.161	0.374	18.774	0.956	1.0	1.0
0	25	55	1.839	0.454	21.258	2.658	1.0	1.0
0	25	52	1.484	0.508	24.161	3.045	1.0	1.0
0	25	49	0.72	0.678	30.619	4.822	0.484	0.677
0	25	46	0.0	0.0	nan	nan	0.0	0.0
0	25	43	0.0	0.0	nan	nan	0.0	0.0
0	25	40	0.0	0.0	nan	nan	0.0	0.0
0	25	37	0.0	0.0	nan	nan	0.0	0.0
0	25	34	0.0	0.0	nan	nan	0.0	0.0
0	25	31	0.0	0.0	nan	nan	0.0	0.0
0	25	28	0.0	0.0	nan	nan	0.0	0.0
0	26	100	5.0	0.0	11.032	0.18	1.0	1.0
0	26	97	5.0	0.0	11.258	0.445	1.0	1.0
0	26	94	4.645	0.486	11.613	0.495	1.0	1.0
0	26	91	4.387	0.495	11.839	0.374	1.0	1.0
0	26	88	4.097	0.301	11.968	0.407	1.0	1.0
0	26	85	4.0	0.0	12.387	0.495	1.0	1.0
0	26	82	4.0	0.0	12.677	0.475	1.0	1.0
0	26	79	4.0	0.0	13.065	0.574	1.0	1.0
0	26	76	3.903	0.301	13.645	0.486	1.0	1.0
0	26	73	3.677	0.475	14.097	0.651	1.0	1.0
0	26	70	3.161	0.374	14.677	0.599	1.0	1.0
0	26	67	3.032	0.18	15.258	0.729	1.0	1.0
0	26	64	2.968	0.18	16.032	0.836	1.0	1.0
0	26	61	2.903	0.301	16.903	0.944	1.0	1.0
0	26	58	2.387	0.495	18.194	1.078	1.0	1.0
0	26	55	1.742	0.631	20.567	2.192	0.968	0.968
0	26	52	1.516	0.508	24.484	3.776	1.0	1.0
0	26	49	0.714	0.659	30.1	4.327	0.548	0.645
0	26	46	0.0	0.0	35.0	0.0	0.0	0.032
0	26	43	0.0	0.0	nan	nan	0.0	0.0
0	26	40	0.0	0.0	nan	nan	0.0	0.0
0	26	37	0.0	0.0	nan	nan	0.0	0.0
0	26	34	0.0	0.0	nan	nan	0.0	0.0
0	26	31	0.0	0.0	nan	nan	0.0	0.0
0	26	28	0.0	0.0	nan	nan	0.0	0.0
0	27	100	5.0	0.0	11.065	0.25	1.0	1.0
0	27	97	4.935	0.25	11.226	0.425	1.0	1.0
0	27	94	4.871	0.341	11.387	0.495	1.0	1.0
0	27	91	4.323	0.475	11.839	0.374	1.0	1.0
0	27	88	4.065	0.25	12.129	0.341	1.0	1.0
0	27	85	4.0	0.0	12.29	0.529	1.0	1.0
0	27	82	4.0	0.0	12.677	0.475	1.0	1.0
0	27	79	4.0	0.0	13.129	0.499	1.0	1.0
0	27	76	3.935	0.25	13.355	0.551	1.0	1.0
0	27	73	3.613	0.495	13.839	0.583	1.0	1.0
0	27	70	3.323	0.475	14.71	0.643	1.0	1.0
0	27	67	3.129	0.341	15.387	0.558	1.0	1.0
0	27	64	2.968	0.18	16.032	0.795	1.0	1.0
0	27	61	2.935	0.25	17.161	0.82	1.0	1.0
0	27	58	2.323	0.541	18.355	1.17	1.0	1.0
0	27	55	1.806	0.402	21.0	1.897	1.0	1.0
0	27	52	1.581	0.502	24.71	3.857	1.0	1.0
0	27	49	0.556	0.577	31.444	4.232	0.452	0.581
0	27	46	0.032	0.18	25.0	0.0	0.032	0.032
0	27	43	0.0	0.0	nan	nan	0.0	0.0
0	27	40	0.0	0.0	nan	nan	0.0	0.0
0	27	37	0.0	0.0	nan	nan	0.0	0.0
0	27	34	0.0	0.0	nan	nan	0.0	0.0
0	27	31	0.0	0.0	nan	nan	0.0	0.0
0	27	28	0.0	0.0	nan	nan	0.0	0.0
0	28	100	4.968	0.18	11.0	0.0	1.0	1.0
0	28	97	4.968	0.18	11.194	0.402	1.0	1.0
0	28	94	4.645	0.486	11.516	0.508	1.0	1.0
0	28	91	4.323	0.475	11.839	0.374	1.0	1.0
0	28	88	4.032	0.18	12.032	0.315	1.0	1.0
0	28	85	4.0	0.0	12.548	0.506	1.0	1.0
0	28	82	4.0	0.0	12.645	0.551	1.0	1.0
0	28	79	4.0	0.0	13.129	0.619	1.0	1.0
0	28	76	3.968	0.18	13.419	0.502	1.0	1.0
0	28	73	3.677	0.475	14.0	0.577	1.0	1.0
0	28	70	3.355	0.486	14.387	0.558	1.0	1.0
0	28	67	3.0	0.0	15.161	0.523	1.0	1.0
0	28	64	3.0	0.0	15.839	0.934	1.0	1.0
0	28	61	2.903	0.301	17.097	0.944	1.0	1.0
0	28	58	2.29	0.461	18.645	2.09	1.0	1.0
0	28	55	1.806	0.402	20.806	2.104	1.0	1.0
0	28	52	1.29	0.588	24.483	3.562	0.935	0.935
0	28	49	0.615	0.697	30.556	4.119	0.419	0.581
0	28	46	0.032	0.18	34.0	0.0	0.032	0.032
0	28	43	0.0	0.0	nan	nan	0.0	0.0
0	28	40	0.0	0.0	nan	nan	0.0	0.0
0	28	37	0.0	0.0	nan	nan	0.0	0.0
0	28	34	0.0	0.0	nan	nan	0.0	0.0
0	28	31	0.0	0.0	nan	nan	0.0	0.0
0	28	28	0.0	0.0	nan	nan	0.0	0.0
0	29	100	4.968	0.18	11.032	0.18	1.0	1.0
0	29	97	4.968	0.18	11.194	0.402	1.0	1.0
0	29	94	4.71	0.461	11.419	0.502	1.0	1.0
0	29	91	4.419	0.502	11.935	0.359	1.0	1.0
0	29	88	4.194	0.402	12.032	0.18	1.0	1.0
0	29	85	4.0	0.0	12.097	0.396	1.0	1.0
0	29	82	4.032	0.18	12.677	0.541	1.0	1.0
0	29	79	4.0	0.0	13.129	0.341	1.0	1.0
0	29	76	3.968	0.18	13.452	0.568	1.0	1.0
0	29	73	3.839	0.374	13.871	0.67	1.0	1.0
0	29	70	3.194	0.402	14.452	0.624	1.0	1.0
0	29	67	3.097	0.301	15.29	0.783	1.0	1.0
0	29	64	3.0	0.0	16.032	0.752	1.0	1.0
0	29	61	2.806	0.402	17.097	0.978	1.0	1.0
0	29	58	2.516	0.508	18.065	1.124	1.0	1.0
0	29	55	1.871	0.341	20.419	1.311	1.0	1.0
0	29	52	1.387	0.615	24.034	2.652	0.935	0.935
0	29	49	0.708	0.69	31.381	4.883	0.452	0.677
0	29	46	0.0	0.0	nan	nan	0.0	0.0
0	29	43	0.0	0.0	nan	nan	0.0	0.0
0	29	40	0.0	0.0	nan	nan	0.0	0.0
0	29	37	0.0	0.0	nan	nan	0.0	0.0
0	29	34	0.0	0.0	nan	nan	0.0	0.0
0	29	31	0.0	0.0	nan	nan	0.0	0.0
0	29	28	0.0	0.0	nan	nan	0.0	0.0
0	30	100	5.0	0.0	11.065	0.25	1.0	1.0
0	30	97	4.935	0.25	11.194	0.477	1.0	1.0
0	30	94	4.71	0.461	11.516	0.508	1.0	1.0
0	30	91	4.355	0.486	11.935	0.25	1.0	1.0
0	30	88	4.161	0.374	12.032	0.482	1.0	1.0
0	30	85	4.0	0.0	12.29	0.461	1.0	1.0
0	30	82	4.0	0.0	12.677	0.541	1.0	1.0
0	30	79	4.0	0.0	13.0	0.258	1.0	1.0
0	30	76	4.0	0.0	13.419	0.564	1.0	1.0
0	30	73	3.581	0.502	14.065	0.442	1.0	1.0
0	30	70	3.258	0.445	14.516	0.677	1.0	1.0
0	30	67	3.065	0.25	15.258	0.773	1.0	1.0
0	30	64	2.968	0.18	16.065	0.854	1.0	1.0
0	30	61	2.806	0.402	17.258	0.893	1.0	1.0
0	30	58	2.258	0.575	18.548	1.567	1.0	1.0
0	30	55	1.839	0.454	20.452	1.947	1.0	1.0
0	30	52	1.448	0.506	24.935	4.033	0.935	1.0
0	30	49	0.704	0.609	30.238	3.673	0.548	0.677
0	30	46	0.033	0.183	34.5	3.536	0.032	0.065
0	30	43	0.0	0.0	nan	nan	0.0	0.0
0	30	40	0.0	0.0	nan	nan	0.0	0.0
0	30	37	0.0	0.0	nan	nan	0.0	0.0
0	30	34	0.0	0.0	nan	nan	0.0	0.0
0	30	31	0.0	0.0	nan	nan	0.0	0.0
0	30	28	0.0	0.0	nan	nan	0.0	0.0
0	31	100	4.968	0.18	11.0	0.0	1.0	1.0
0	31	97	4.968	0.18	11.194	0.402	1.0	1.0
0	31	94	4.742	0.445	11.548	0.506	1.0	1.0
0	31	91	4.387	0.495	11.903	0.301	1.0	1.0
0	31	88	4.097	0.301	12.097	0.396	1.0	1.0
0	31	85	4.032	0.18	12.323	0.475	1.0	1.0
0	31	82	4.0	0.0	12.516	0.508	1.0	1.0
0	31	79	4.0	0.0	13.129	0.341	1.0	1.0
0	31	76	3.903	0.301	13.484	0.508	1.0	1.0
0	31	73	3.677	0.475	14.065	0.359	1.0	1.0
0	31	70	3.161	0.374	14.581	0.564	1.0	1.0
0	31	67	3.097	0.301	15.29	0.739	1.0	1.0
0	31	64	3.032	0.18	16.032	0.795	1.0	1.0
0	31	61	2.806	0.402	16.871	1.024	1.0	1.0
0	31	58	2.516	0.508	18.581	1.628	1.0	1.0
0	31	55	1.903	0.301	20.581	1.311	1.0	1.0
0	31	52	1.379	0.494	25.129	4.039	0.935	1.0
0	31	49	0.815	0.622	29.478	5.151	0.613	0.742
0	31	46	0.0	0.0	nan	nan	0.0	0.0
0	31	43	0.0	0.0	nan	nan	0.0	0.0
0	31	40	0.0	0.0	nan	nan	0.0	0.0
0	31	37	0.0	0.0	nan	nan	0.0	0.0
0	31	34	0.0	0.0	nan	nan	0.0	0.0
0	31	31	0.0	0.0	nan	nan	0.0	0.0
0	31	28	0.0	0.0	nan	nan	0.0	0.0
1	0	100	5.0	0.0	11.032	0.18	1.0	1.0
1	0	97	4.935	0.25	11.387	0.495	1.0	1.0
1	0	94	4.548	0.506	11.581	0.502	1.0	1.0
1	0	91	4.161	0.374	11.742	0.445	1.0	1.0
1	0	88	4.129	0.341	11.968	0.315	1.0	1.0
1	0	85	4.0	0.0	12.355	0.486	1.0	1.0
1	0	82	4.0	0.0	12.742	0.445	1.0	1.0
1	0	79	4.0	0.0	13.129	0.428	1.0	1.0
1	0	76	3.871	0.341	13.452	0.506	1.0	1.0
1	0	73	3.548	0.506	14.032	0.482	1.0	1.0
1	0	70	3.161	0.374	14.419	0.765	1.0	1.0
1	0	67	3.065	0.25	15.129	0.846	1.0	1.0
1	0	64	3.032	0.18	15.871	0.991	1.0	1.0
1	0	61	2.806	0.402	17.226	0.956	1.0	1.0
1	0	58	2.387	0.495	18.452	1.15	1.0	1.0
1	0	55	1.935	0.359	20.742	1.692	1.0	1.0
1	0	52	1.29	0.643	23.786	2.923	0.903	0.903
1	0	49	0.667	0.62	30.2	4.629	0.516	0.645
1	0	46	0.0	0.0	nan	nan	0.0	0.0
1	0	43	0.0	0.0	nan	nan	0.0	0.0
1	0	40	0.0	0.0	nan	nan	0.0	0.0
1	0	37	0.0	0.0	nan	nan	0.0	0.0
1	0	34	0.0	0.0	nan	nan	0.0	0.0
1	0	31	0.0	0.0	nan	nan	0.0	0.0
1	0	28	0.0	0.0	nan	nan	0.0	0.0
1	1	100	5.0	0.0	11.032	0.18	1.0	1.0
1	1	97	4.935	0.25	11.194	0.402	1.0	1.0
1	1	94	4.677	0.475	11.548	0.506	1.0	1.0
1	1	91	4.29	0.461	11.871	0.341	1.0	1.0
1	1	88	4.129	0.341	11.968	0.315	1.0	1.0
1	1	85	4.0	0.0	12.29	0.461	1.0	1.0
1	1	82	4.0	0.0	12.774	0.425	1.0	1.0
1	1	79	4.0	0.0	13.065	0.359	1.0	1.0
1	1	76	3.903	0.301	13.613	0.558	1.0	1.0
1	1	73	3.613	0.495	13.968	0.482	1.0	1.0
1	1	70	3.323	0.475	14.452	0.568	1.0	1.0
1	1	67	3.129	0.341	15.194	0.946	1.0	1.0
1	1	64	3.0	0.0	16.032	0.706	1.0	1.0
1	1	61	2.871	0.341	16.968	0.752	1.0	1.0
1	1	58	2.516	0.508	18.355	1.018	1.0	1.0
1	1	55	1.839	0.454	20.645	1.644	1.0	1.0
1	1	52	1.4	0.563	23.7	3.446	0.935	0.968
1	1	49	0.64	0.638	30.9	4.587	0.452	0.645
1	1	46	0.103	0.31	30.0	5.788	0.097	0.161
1	1	43	0.0	0.0	nan	nan	0.0	0.0
1	1	40	0.0	0.0	nan	nan	0.0	0.0
1	1	37	0.0	0.0	nan	nan	0.0	0.0
1	1	34	0.0	0.0	nan	nan	0.0	0.0
1	1	31	0.0	0.0	nan	nan	0.0	0.0
1	1	28	0.0	0.0	nan	nan	0.0	0.0
1	2	100	5.0	0.0	11.032	0.18	1.0	1.0
1	2	97	4.968	0.18	11.29	0.461	1.0	1.0
1	2	94	4.581	0.502	11.548	0.506	1.0	1.0
1	2	91	4.29	0.461	11.903	0.301	1.0	1.0
1	2	88	4.161	0.374	12.065	0.25	1.0	1.0
1	2	85	4.0	0.0	12.258	0.514	1.0	1.0
1	2	82	4.0	0.0	12.774	0.425	1.0	1.0
1	2	79	4.0	0.0	13.032	0.482	1.0	1.0
1	2	76	4.0	0.0	13.484	0.508	1.0	1.0
1	2	73	3.548	0.506	14.097	0.396	1.0	1.0
1	2	70	3.29	0.461	14.484	0.57	1.0	1.0
1	2	67	3.065	0.25	15.161	0.688	1.0	1.0
1	2	64	3.0	0.0	15.839	0.735	1.0	1.0
1	2	61	2.839	0.374	17.161	0.735	1.0	1.0
1	2	58	2.452	0.568	18.645	2.229	1.0	1.0
1	2	55	1.839	0.454	20.516	1.387	1.0	1.0
1	2	52	1.6	0.563	24.258	3.502	0.968	1.0
1	2	49	0.7	0.535	28.286	4.051	0.645	0.677
1	2	46	0.0	0.0	35.0	0.0	0.0	0.032
1	2	43	0.0	0.0	nan	nan	0.0	0.0
1	2	40	0.0	0.0	nan	nan	0.0	0.0
1	2	37	0.0	0.0	nan	nan	0.0	0.0
1	2	34	0.0	0.0	nan	nan	0.0	0.0
1	2	31	0.0	0.0	nan	nan	0.0	0.0
1	2	28	0.0	0.0	nan	nan	0.0	0.0
1	3	100	5.0	0.0	11.0	0.258	1.0	1.0
1	3	97	4.935	0.25	11.226	0.425	1.0	1.0
1	3	94	4.742	0.445	11.548	0.506	1.0	1.0
1	3	91	4.452	0.506	11.806	0.402	1.0	1.0
1	3	88	4.129	0.341	12.0	0.0	1.0	1.0
1	3	85	4.0	0.0	12.129	0.341	1.0	1.0
1	3	82	4.0	0.0	12.645	0.486	1.0	1.0
1	3	79	4.0	0.0	13.032	0.407	1.0	1.0
1	3	76	3.935	0.25	13.419	0.502	1.0	1.0
1	3	73	3.774	0.425	14.0	0.516	1.0	1.0
1	3	70	3.194	0.402	14.548	0.568	1.0	1.0
1	3	67	3.065	0.25	15.258	0.631	1.0	1.0
1	3	64	3.0	0.0	16.323	0.702	1.0	1.0
1	3	61	2.839	0.374	16.871	0.922	1.0	1.0
1	3	58	2.387	0.495	18.258	1.29	1.0	1.0
1	3	55	1.774	0.497	21.129	1.784	1.0	1.0
1	3	52	1.483	0.509	24.258	3.949	0.935	1.0
1	3	49	0.5	0.638	30.333	4.685	0.387	0.484
1	3	46	0.069	0.258	31.75	4.717	0.065	0.129
1	3	43	0.0	0.0	nan	nan	0.0	0.0
1	3	40	0.0	0.0	nan	nan	0.0	0.0
1	3	37	0.0	0.0	nan	nan	0.0	0.0
1	3	34	0.0	0.0	nan	nan	0.0	0.0
1	3	31	0.0	0.0	nan	nan	0.0	0.0
1	3	28	0.0	0.0	nan	nan	0.0	0.0
1	4	100	5.0	0.0	11.0	0.0	1.0	1.0
1	4	97	4.935	0.25	11.226	0.425	1.0	1.0
1	4	94	4.581	0.502	11.742	0.445	1.0	1.0
1	4	91	4.29	0.461	11.806	0.402	1.0	1.0
1	4	88	4.065	0.25	12.032	0.315	1.0	1.0
1	4	85	4.0	0.0	12.194	0.402	1.0	1.0
1	4	82	4.0	0.0	12.645	0.486	1.0	1.0
1	4	79	4.0	0.0	12.968	0.315	1.0	1.0
1	4	76	3.935	0.25	13.581	0.672	1.0	1.0
1	4	73	3.71	0.461	13.774	0.56	1.0	1.0
1	4	70	3.29	0.461	14.452	0.624	1.0	1.0
1	4	67	3.0	0.0	15.323	0.653	1.0	1.0
1	4	64	3.0	0.0	16.0	0.683	1.0	1.0
1	4	61	2.839	0.374	17.29	0.902	1.0	1.0
1	4	58	2.355	0.486	18.29	1.442	1.0	1.0
1	4	55	1.839	0.374	20.71	1.532	1.0	1.0
1	4	52	1.323	0.475	25.032	3.61	1.0	1.0
1	4	49	0.862	0.581	29.583	4.074	0.71	0.774
1	4	46	0.0	0.0	nan	nan	0.0	0.0
1	4	43	0.0	0.0	nan	nan	0.0	0.0
1	4	40	0.0	0.0	nan	nan	0.0	0.0
1	4	37	0.0	0.0	nan	nan	0.0	0.0
1	4	34	0.0	0.0	nan	nan	0.0	0.0
1	4	31	0.0	0.0	nan	nan	0.0	0.0
1	4	28	0.0	0.0	nan	nan	0.0	0.0
1	5	100	5.0	0.0	11.129	0.341	1.0	1.0
1	5	97	4.935	0.25	11.226	0.425	1.0	1.0
1	5	94	4.742	0.445	11.452	0.506	1.0	1.0
1	5	91	4.323	0.475	11.903	0.301	1.0	1.0
1	5	88	4.065	0.25	12.097	0.301	1.0	1.0
1	5	85	4.0	0.0	12.226	0.425	1.0	1.0
1	5	82	4.0	0.0	12.839	0.374	1.0	1.0
1	5	79	4.0	0.0	13.0	0.632	1.0	1.0
1	5	76	3.903	0.301	13.548	0.506	1.0	1.0
1	5	73	3.548	0.506	14.129	0.67	1.0	1.0
1	5	70	3.29	0.461	14.452	0.675	1.0	1.0
1	5	67	3.032	0.18	15.452	0.768	1.0	1.0
1	5	64	3.0	0.0	16.097	0.831	1.0	1.0
1	5	61	2.774	0.425	16.935	0.854	1.0	1.0
1	5	58	2.161	0.374	19.161	1.573	1.0	1.0
1	5	55	1.742	0.445	21.548	3.414	1.0	1.0
1	5	52	1.333	0.479	23.548	2.998	0.968	1.0
1	5	49	0.556	0.577	27.667	5.134	0.452	0.581
1	5	46	0.0	0.0	nan	nan	0.0	0.0
1	5	43	0.0	0.0	nan	nan	0.0	0.0
1	5	40	0.0	0.0	nan	nan	0.0	0.0
1	5	37	0.0	0.0	nan	nan	0.0	0.0
1	5	34	0.0	0.0	nan	nan	0.0	0.0
1	5	31	0.0	0.0	nan	nan	0.0	0.0
1	5	28	0.0	0.0	nan	nan	0.0	0.0
1	6	100	4.935	0.25	11.032	0.18	1.0	1.0
1	6	97	4.871	0.341	11.097	0.301	1.0	1.0
1	6	94	4.774	0.425	11.677	0.475	1.0	1.0
1	6	91	4.258	0.445	11.677	0.475	1.0	1.0
1	6	88	4.032	0.18	12.032	0.407	1.0	1.0
1	6	85	4.0	0.0	12.258	0.445	1.0	1.0
1	6	82	4.0	0.0	12.806	0.402	1.0	1.0
1	6	79	3.968	0.18	13.097	0.473	1.0	1.0
1	6	76	3.935	0.25	13.548	0.568	1.0	1.0
1	6	73	3.613	0.495	13.774	0.497	1.0	1.0
1	6	70	3.258	0.445	14.548	0.568	1.0	1.0
1	6	67	3.097	0.301	15.355	0.661	1.0	1.0
1	6	64	3.0	0.0	15.806	0.601	1.0	1.0
1	6	61	2.903	0.301	17.0	0.894	1.0	1.0
1	6	58	2.226	0.56	18.677	1.077	1.0	1.0
1	6	55	1.833	0.461	20.935	3.483	0.968	1.0
1	6	52	1.379	0.494	25.355	4.223	0.935	1.0
1	6	49	0.567	0.626	28.438	4.211	0.484	0.516
1	6	46	0.0	0.0	nan	nan	0.0	0.0
1	6	43	0.0	0.0	nan	nan	0.0	0.0
1	6	40	0.0	0.0	nan	nan	0.0	0.0
1	6	37	0.0	0.0	nan	nan	0.0	0.0
1	6	34	0.0	0.0	nan	nan	0.0	0.0
1	6	31	0.0	0.0	nan	nan	0.0	0.0
1	6	28	0.0	0.0	nan	nan	0.0	0.0
1	7	100	5.0	0.0	11.194	0.402	1.0	1.0
1	7	97	4.935	0.25	11.258	0.445	1.0	1.0
1	7	94	4.742	0.445	11.613	0.495	1.0	1.0
1	7	91	4.387	0.495	11.935	0.359	1.0	1.0
1	7	88	4.032	0.18	12.097	0.396	1.0	1.0
1	7	85	4.0	0.0	12.323	0.475	1.0	1.0
1	7	82	3.968	0.18	12.742	0.445	1.0	1.0
1	7	79	4.0	0.0	13.0	0.258	1.0	1.0
1	7	76	3.935	0.25	13.484	0.57	1.0	1.0
1	7	73	3.645	0.486	14.0	0.516	1.0	1.0
1	7	70	3.129	0.341	14.613	0.558	1.0	1.0
1	7	67	3.032	0.18	15.032	0.605	1.0	1.0
1	7	64	3.0	0.0	16.0	0.632	1.0	1.0
1	7	61	2.935	0.25	16.839	0.969	1.0	1.0
1	7	58	2.419	0.502	18.194	1.376	1.0	1.0
1	7	55	1.903	0.301	20.935	1.75	1.0	1.0
1	7	52	1.548	0.568	24.742	3.732	1.0	1.0
1	7	49	0.462	0.706	30.357	5.198	0.29	0.452
1	7	46	0.032	0.18	28.0	0.0	0.032	0.032
1	7	43	0.0	0.0	nan	nan	0.0	0.0
1	7	40	0.0	0.0	nan	nan	0.0	0.0
1	7	37	0.0	0.0	nan	nan	0.0	0.0
1	7	34	0.0	0.0	nan	nan	0.0	0.0
1	7	31	0.0	0.0	nan	nan	0.0	0.0
1	7	28	0.0	0.0	nan	nan	0.0	0.0
1	8	100	5.0	0.0	11.032	0.18	1.0	1.0
1	8	97	4.839	0.374	11.323	0.475	1.0	1.0
1	8	94	4.677	0.475	11.581	0.502	1.0	1.0
1	8	91	4.323	0.475	11.806	0.402	1.0	1.0
1	8	88	4.0	0.0	12.032	0.315	1.0	1.0
1	8	85	4.0	0.0	12.355	0.486	1.0	1.0
1	8	82	4.0	0.0	12.548	0.568	1.0	1.0
1	8	79	3.968	0.18	13.226	0.425	1.0	1.0
1	8	76	3.935	0.25	13.484	0.57	1.0	1.0
1	8	73	3.581	0.502	14.0	0.632	1.0	1.0
1	8	70	3.226	0.425	14.484	0.508	1.0	1.0
1	8	67	3.032	0.18	15.323	0.599	1.0	1.0
1	8	64	3.0	0.0	16.258	0.682	1.0	1.0
1	8	61	2.903	0.301	17.161	0.779	1.0	1.0
1	8	58	2.419	0.502	18.0	0.816	1.0	1.0
1	8	55	1.774	0.425	20.677	1.326	1.0	1.0
1	8	52	1.433	0.568	24.967	4.056	0.935	0.968
1	8	49	0.76	0.723	29.667	5.342	0.484	0.677
1	8	46	0.0	0.0	nan	nan	0.0	0.0
1	8	43	0.0	0.0	nan	nan	0.0	0.0
1	8	40	0.0	0.0	nan	nan	0.0	0.0
1	8	37	0.0	0.0	nan	nan	0.0	0.0
1	8	34	0.0	0.0	nan	nan	0.0	0.0
1	8	31	0.0	0.0	nan	nan	0.0	0.0
1	8	28	0.0	0.0	nan	nan	0.0	0.0
1	9	100	5.0	0.0	11.065	0.25	1.0	1.0
1	9	97	4.871	0.341	11.29	0.461	1.0	1.0
1	9	94	4.645	0.486	11.677	0.475	1.0	1.0
1	9	91	4.323	0.475	11.935	0.359	1.0	1.0
1	9	88	4.0	0.0	12.065	0.25	1.0	1.0
1	9	85	4.0	0.0	12.161	0.454	1.0	1.0
1	9	82	4.0	0.0	12.742	0.445	1.0	1.0
1	9	79	4.0	0.0	13.0	0.447	1.0	1.0
1	9	76	3.806	0.402	13.484	0.508	1.0	1.0
1	9	73	3.645	0.486	13.806	0.543	1.0	1.0
1	9	70	3.29	0.461	14.677	0.599	1.0	1.0
1	9	67	3.0	0.0	15.645	0.551	1.0	1.0
1	9	64	3.0	0.0	15.903	0.7	1.0	1.0
1	9	61	2.903	0.301	16.871	1.088	1.0	1.0
1	9	58	2.387	0.495	18.29	1.596	1.0	1.0
1	9	55	1.839	0.374	21.677	1.492	1.0	1.0
1	9	52	1.226	0.617	24.286	2.891	0.903	0.903
1	9	49	0.586	0.682	28.25	4.509	0.452	0.516
1	9	46	0.0	0.0	36.0	2.0	0.0	0.097
1	9	43	0.0	0.0	nan	nan	0.0	0.0
1	9	40	0.0	0.0	nan	nan	0.0	0.0
1	9	37	0.0	0.0	nan	nan	0.0	0.0
1	9	34	0.0	0.0	nan	nan	0.0	0.0
1	9	31	0.0	0.0	nan	nan	0.0	0.0
1	9	28	0.0	0.0	nan	nan	0.0	0.0
1	10	100	4.968	0.18	11.097	0.301	1.0	1.0
1	10	97	4.806	0.402	11.194	0.402	1.0	1.0
1	10	94	4.581	0.502	11.548	0.506	1.0	1.0
1	10	91	4.161	0.374	11.935	0.25	1.0	1.0
1	10	88	4.032	0.18	12.0	0.365	1.0	1.0
1	10	85	4.0	0.0	12.323	0.541	1.0	1.0
1	10	82	4.0	0.0	12.71	0.529	1.0	1.0
1	10	79	4.0	0.0	13.0	0.447	1.0	1.0
1	10	76	3.935	0.25	13.581	0.564	1.0	1.0
1	10	73	3.548	0.506	13.968	0.315	1.0	1.0
1	10	70	3.258	0.445	14.323	0.475	1.0	1.0
1	10	67	3.065	0.25	15.29	0.824	1.0	1.0
1	10	64	3.0	0.0	16.065	0.68	1.0	1.0
1	10	61	2.839	0.374	17.032	0.912	1.0	1.0
1	10	58	2.452	0.568	18.097	1.35	1.0	1.0
1	10	55	1.968	0.315	21.065	2.462	1.0	1.0
1	10	52	1.552	0.506	24.839	3.68	0.935	1.0
1	10	49	0.571	0.634	29.706	4.687	0.452	0.548
1	10	46	0.0	0.0	nan	nan	0.0	0.0
1	10	43	0.0	0.0	nan	nan	0.0	0.0
1	10	40	0.0	0.0	nan	nan	0.0	0.0
1	10	37	0.0	0.0	nan	nan	0.0	0.0
1	10	34	0.0	0.0	nan	nan	0.0	0.0
1	10	31	0.0	0.0	nan	nan	0.0	0.0
1	10	28	0.0	0.0	nan	nan	0.0	0.0
1	11	100	4.968	0.18	11.0	0.258	1.0	1.0
1	11	97	4.742	0.445	11.161	0.374	1.0	1.0
1	11	94	4.355	0.486	11.548	0.506	1.0	1.0
1	11	91	4.129	0.341	11.903	0.301	1.0	1.0
1	11	88	4.0	0.0	12.0	0.258	1.0	1.0
1	11	85	4.0	0.0	12.387	0.495	1.0	1.0
1	11	82	4.0	0.0	12.806	0.543	1.0	1.0
1	11	79	4.0	0.0	12.968	0.407	1.0	1.0
1	11	76	3.903	0.301	13.645	0.551	1.0	1.0
1	11	73	3.452	0.506	14.194	0.477	1.0	1.0
1	11	70	3.194	0.402	14.645	0.608	1.0	1.0
1	11	67	3.032	0.18	15.161	0.523	1.0	1.0
1	11	64	3.0	0.0	16.129	0.846	1.0	1.0
1	11	61	2.903	0.301	17.0	1.095	1.0	1.0
1	11	58	2.194	0.477	19.065	1.237	1.0	1.0
1	11	55	1.774	0.425	20.839	1.968	1.0	1.0
1	11	52	1.533	0.571	24.9	4.113	0.935	0.968
1	11	49	0.63	0.688	29.944	5.536	0.452	0.581
1	11	46	0.0	0.0	nan	nan	0.0	0.0
1	11	43	0.0	0.0	nan	nan	0.0	0.0
1	11	40	0.0	0.0	nan	nan	0.0	0.0
1	11	37	0.0	0.0	nan	nan	0.0	0.0
1	11	34	0.0	0.0	nan	nan	0.0	0.0
1	11	31	0.0	0.0	nan	nan	0.0	0.0
1	11	28	0.0	0.0	nan	nan	0.0	0.0
1	12	100	5.0	0.0	11.0	0.0	1.0	1.0
1	12	97	4.935	0.25	11.194	0.402	1.0	1.0
1	12	94	4.613	0.495	11.613	0.495	1.0	1.0
1	12	91	4.129	0.341	11.742	0.445	1.0	1.0
1	12	88	4.0	0.0	12.161	0.454	1.0	1.0
1	12	85	4.0	0.0	12.29	0.461	1.0	1.0
1	12	82	4.0	0.0	12.774	0.425	1.0	1.0
1	12	79	4.0	0.0	13.065	0.25	1.0	1.0
1	12	76	3.935	0.25	13.484	0.508	1.0	1.0
1	12	73	3.742	0.445	13.903	0.539	1.0	1.0
1	12	70	3.29	0.461	14.419	0.564	1.0	1.0
1	12	67	3.032	0.18	15.258	0.729	1.0	1.0
1	12	64	3.0	0.0	16.065	0.727	1.0	1.0
1	12	61	2.871	0.341	17.129	1.088	1.0	1.0
1	12	58	2.29	0.461	18.742	1.365	1.0	1.0
1	12	55	1.742	0.445	20.419	1.432	1.0	1.0
1	12	52	1.31	0.541	25.133	4.224	0.903	0.968
1	12	49	0.417	0.584	31.688	5.173	0.29	0.516
1	12	46	0.0	0.0	35.5	2.121	0.0	0.065
1	12	43	0.0	0.0	nan	nan	0.0	0.0
1	12	40	0.0	0.0	nan	nan	0.0	0.0
1	12	37	0.0	0.0	nan	nan	0.0	0.0
1	12	34	0.0	0.0	nan	nan	0.0	0.0
1	12	31	0.0	0.0	nan	nan	0.0	0.0
1	12	28	0.0	0.0	nan	nan	0.0	0.0
1	13	100	4.968	0.18	11.032	0.18	1.0	1.0
1	13	97	4.935	0.25	11.258	0.445	1.0	1.0
1	13	94	4.677	0.475	11.742	0.445	1.0	1.0
1	13	91	4.129	0.341	11.903	0.396	1.0	1.0
1	13	88	4.0	0.0	12.065	0.25	1.0	1.0
1	13	85	4.0	0.0	12.355	0.486	1.0	1.0
1	13	82	4.0	0.0	12.645	0.486	1.0	1.0
1	13	79	4.0	0.0	12.968	0.547	1.0	1.0
1	13	76	3.839	0.374	13.645	0.486	1.0	1.0
1	13	73	3.613	0.495	14.065	0.512	1.0	1.0
1	13	70	3.161	0.374	14.548	0.624	1.0	1.0
1	13	67	3.0	0.0	15.484	0.677	1.0	1.0
1	13	64	3.032	0.18	16.0	1.033	1.0	1.0
1	13	61	2.677	0.475	17.29	1.101	1.0	1.0
1	13	58	2.29	0.461	18.742	1.29	1.0	1.0
1	13	55	1.871	0.341	20.806	1.4	1.0	1.0
1	13	52	1.3	0.596	24.103	3.792	0.903	0.935
1	13	49	0.56	0.651	29.778	4.609	0.387	0.581
1	13	46	0.0	0.0	nan	nan	0.0	0.0
1	13	43	0.0	0.0	nan	nan	0.0	0.0
1	13	40	0.0	0.0	nan	nan	0.0	0.0
1	13	37	0.0	0.0	nan	nan	0.0	0.0
1	13	34	0.0	0.0	nan	nan	0.0	0.0
1	13	31	0.0	0.0	nan	nan	0.0	0.0
1	13	28	0.0	0.0	nan	nan	0.0	0.0
1	14	100	4.968	0.18	11.032	0.18	1.0	1.0
1	14	97	4.806	0.402	11.129	0.341	1.0	1.0
1	14	94	4.677	0.475	11.581	0.502	1.0	1.0
1	14	91	4.194	0.402	11.968	0.18	1.0	1.0
1	14	88	4.129	0.341	12.097	0.396	1.0	1.0
1	14	85	4.0	0.0	12.484	0.508	1.0	1.0
1	14	82	4.0	0.0	12.968	0.407	1.0	1.0
1	14	79	4.0	0.0	13.0	0.447	1.0	1.0
1	14	76	3.903	0.301	13.548	0.624	1.0	1.0
1	14	73	3.71	0.461	14.161	0.638	1.0	1.0
1	14	70	3.258	0.445	14.613	0.615	1.0	1.0
1	14	67	3.0	0.0	15.29	0.739	1.0	1.0
1	14	64	3.0	0.0	16.355	0.915	1.0	1.0
1	14	61	2.903	0.301	17.0	0.73	1.0	1.0
1	14	58	2.387	0.495	18.355	1.082	1.0	1.0
1	14	55	1.839	0.374	20.452	1.567	1.0	1.0
1	14	52	1.467	0.571	24.806	3.591	0.968	1.0
1	14	49	0.538	0.706	32.0	3.777	0.355	0.516
1	14	46	0.0	0.0	nan	nan	0.0	0.0
1	14	43	0.0	0.0	nan	nan	0.0	0.0
1	14	40	0.0	0.0	nan	nan	0.0	0.0
1	14	37	0.0	0.0	nan	nan	0.0	0.0
1	14	34	0.0	0.0	nan	nan	0.0	0.0
1	14	31	0.0	0.0	nan	nan	0.0	0.0
1	14	28	0.0	0.0	nan	nan	0.0	0.0
1	15	100	4.935	0.25	11.065	0.25	1.0	1.0
1	15	97	4.839	0.374	11.323	0.475	1.0	1.0
1	15	94	4.484	0.508	11.613	0.495	1.0	1.0
1	15	91	4.226	0.425	11.935	0.359	1.0	1.0
1	15	88	4.065	0.25	12.032	0.18	1.0	1.0
1	15	85	4.0	0.0	12.452	0.506	1.0	1.0
1	15	82	4.0	0.0	12.742	0.514	1.0	1.0
1	15	79	4.0	0.0	13.032	0.547	1.0	1.0
1	15	76	3.903	0.301	13.484	0.57	1.0	1.0
1	15	73	3.548	0.506	14.0	0.447	1.0	1.0
1	15	70	3.129	0.341	14.613	0.558	1.0	1.0
1	15	67	3.032	0.18	15.161	0.688	1.0	1.0
1	15	64	3.0	0.258	16.161	0.688	1.0	1.0
1	15	61	2.968	0.18	16.839	0.82	1.0	1.0
1	15	58	2.129	0.428	18.452	1.06	1.0	1.0
1	15	55	1.774	0.497	20.71	1.716	1.0	1.0
1	15	52	1.333	0.606	24.586	3.449	0.903	0.935
1	15	49	0.586	0.568	27.167	4.301	0.516	0.581
1	15	46	0.0	0.0	nan	nan	0.0	0.0
1	15	43	0.0	0.0	nan	nan	0.0	0.0
1	15	40	0.0	0.0	nan	nan	0.0	0.0
1	15	37	0.0	0.0	nan	nan	0.0	0.0
1	15	34	0.0	0.0	nan	nan	0.0	0.0
1	15	31	0.0	0.0	nan	nan	0.0	0.0
1	15	28	0.0	0.0	nan	nan	0.0	0.0
1	16	100	4.968	0.18	11.065	0.25	1.0	1.0
1	16	97	4.903	0.301	11.355	0.486	1.0	1.0
1	16	94	4.516	0.508	11.645	0.486	1.0	1.0
1	16	91	4.194	0.402	11.903	0.301	1.0	1.0
1	16	88	4.032	0.18	12.065	0.25	1.0	1.0
1	16	85	4.032	0.18	12.484	0.57	1.0	1.0
1	16	82	4.0	0.0	12.903	0.396	1.0	1.0
1	16	79	4.0	0.0	13.032	0.482	1.0	1.0
1	16	76	3.839	0.374	13.355	0.486	1.0	1.0
1	16	73	3.613	0.495	13.935	0.442	1.0	1.0
1	16	70	3.323	0.475	14.774	0.762	1.0	1.0
1	16	67	3.0	0.0	15.355	0.608	1.0	1.0
1	16	64	2.968	0.18	16.129	0.885	1.0	1.0
1	16	61	2.774	0.425	17.258	0.93	1.0	1.0
1	16	58	2.29	0.461	18.645	1.17	1.0	1.0
1	16	55	1.774	0.425	20.871	1.522	1.0	1.0
1	16	52	1.355	0.551	25.067	3.75	0.968	0.968
1	16	49	0.679	0.548	29.238	4.668	0.581	0.677
1	16	46	0.0	0.0	nan	nan	0.0	0.0
1	16	43	0.0	0.0	nan	nan	0.0	0.0
1	16	40	0.0	0.0	nan	nan	0.0	0.0
1	16	37	0.0	0.0	nan	nan	0.0	0.0
1	16	34	0.0	0.0	nan	nan	0.0	0.0
1	16	31	0.0	0.0	nan	nan	0.0	0.0
1	16	28	0.0	0.0	nan	nan	0.0	0.0
1	17	100	5.0	0.0	11.097	0.301	1.0	1.0
1	17	97	4.839	0.374	11.29	0.461	1.0	1.0
1	17	94	4.613	0.495	11.387	0.495	1.0	1.0
1	17	91	4.29	0.461	11.935	0.442	1.0	1.0
1	17	88	4.032	0.18	12.0	0.0	1.0	1.0
1	17	85	4.0	0.0	12.452	0.506	1.0	1.0
1	17	82	4.0	0.0	12.774	0.425	1.0	1.0
1	17	79	4.0	0.0	13.129	0.341	1.0	1.0
1	17	76	3.968	0.18	13.548	0.568	1.0	1.0
1	17	73	3.613	0.495	14.0	0.365	1.0	1.0
1	17	70	3.161	0.374	14.452	0.568	1.0	1.0
1	17	67	3.0	0.0	15.355	0.551	1.0	1.0
1	17	64	2.968	0.18	16.032	0.875	1.0	1.0
1	17	61	2.806	0.402	17.129	0.991	1.0	1.0
1	17	58	2.355	0.486	18.516	1.288	1.0	1.0
1	17	55	1.839	0.374	20.806	2.358	1.0	1.0
1	17	52	1.333	0.479	24.516	4.065	0.968	1.0
1	17	49	0.679	0.67	28.105	5.435	0.516	0.613
1	17	46	0.065	0.25	32.5	0.707	0.065	0.065
1	17	43	0.0	0.0	nan	nan	0.0	0.0
1	17	40	0.0	0.0	nan	nan	0.0	0.0
1	17	37	0.0	0.0	nan	nan	0.0	0.0
1	17	34	0.0	0.0	nan	nan	0.0	0.0
1	17	31	0.0	0.0	nan	nan	0.0	0.0
1	17	28	0.0	0.0	nan	nan	0.0	0.0
1	18	100	4.935	0.25	11.097	0.301	1.0	1.0
1	18	97	4.806	0.402	11.226	0.425	1.0	1.0
1	18	94	4.516	0.508	11.581	0.502	1.0	1.0
1	18	91	4.129	0.341	11.935	0.25	1.0	1.0
1	18	88	4.0	0.0	12.129	0.341	1.0	1.0
1	18	85	4.0	0.0	12.355	0.486	1.0	1.0
1	18	82	4.0	0.0	12.548	0.506	1.0	1.0
1	18	79	4.0	0.0	13.29	0.588	1.0	1.0
1	18	76	3.903	0.301	13.516	0.508	1.0	1.0
1	18	73	3.581	0.502	14.065	0.512	1.0	1.0
1	18	70	3.065	0.25	14.581	0.672	1.0	1.0
1	18	67	3.032	0.18	15.226	0.762	1.0	1.0
1	18	64	2.968	0.18	16.258	0.631	1.0	1.0
1	18	61	2.742	0.445	17.323	0.832	1.0	1.0
1	18	58	2.258	0.575	18.323	0.945	1.0	1.0
1	18	55	1.677	0.475	20.839	1.675	1.0	1.0
1	18	52	1.5	0.509	26.323	4.881	0.903	1.0
1	18	49	0.556	0.641	30.824	5.282	0.419	0.548
1	18	46	0.0	0.0	nan	nan	0.0	0.0
1	18	43	0.0	0.0	nan	nan	0.0	0.0
1	18	40	0.0	0.0	nan	nan	0.0	0.0
1	18	37	0.0	0.0	nan	nan	0.0	0.0
1	18	34	0.0	0.0	nan	nan	0.0	0.0
1	18	31	0.0	0.0	nan	nan	0.0	0.0
1	18	28	0.0	0.0	nan	nan	0.0	0.0
1	19	100	5.0	0.0	11.032	0.18	1.0	1.0
1	19	97	4.871	0.341	11.258	0.445	1.0	1.0
1	19	94	4.29	0.461	11.548	0.506	1.0	1.0
1	19	91	4.355	0.486	11.774	0.425	1.0	1.0
1	19	88	4.032	0.18	12.0	0.0	1.0	1.0
1	19	85	4.032	0.18	12.29	0.529	1.0	1.0
1	19	82	4.0	0.0	12.677	0.475	1.0	1.0
1	19	79	3.968	0.18	13.226	0.425	1.0	1.0
1	19	76	3.806	0.402	13.452	0.506	1.0	1.0
1	19	73	3.387	0.495	14.032	0.482	1.0	1.0
1	19	70	3.161	0.374	14.516	0.626	1.0	1.0
1	19	67	3.032	0.18	15.129	0.718	1.0	1.0
1	19	64	3.0	0.0	16.065	0.68	1.0	1.0
1	19	61	2.839	0.454	16.774	1.283	1.0	1.0
1	19	58	2.226	0.425	18.839	1.508	1.0	1.0
1	19	55	1.839	0.454	20.806	1.797	1.0	1.0
1	19	52	1.5	0.509	25.613	4.507	0.968	1.0
1	19	49	0.667	0.565	31.636	4.446	0.484	0.71
1	19	46	0.0	0.0	nan	nan	0.0	0.0
1	19	43	0.0	0.0	nan	nan	0.0	0.0
1	19	40	0.0	0.0	nan	nan	0.0	0.0
1	19	37	0.0	0.0	nan	nan	0.0	0.0
1	19	34	0.0	0.0	nan	nan	0.0	0.0
1	19	31	0.0	0.0	nan	nan	0.0	0.0
1	19	28	0.0	0.0	nan	nan	0.0	0.0
1	20	100	5.0	0.0	11.032	0.18	1.0	1.0
1	20	97	4.742	0.445	11.29	0.461	1.0	1.0
1	20	94	4.387	0.495	11.677	0.475	1.0	1.0
1	20	91	4.258	0.445	11.871	0.341	1.0	1.0
1	20	88	4.032	0.18	12.065	0.359	1.0	1.0
1	20	85	4.0	0.0	12.258	0.445	1.0	1.0
1	20	82	4.0	0.0	12.903	0.396	1.0	1.0
1	20	79	3.968	0.18	13.0	0.365	1.0	1.0
1	20	76	3.742	0.445	13.581	0.62	1.0	1.0
1	20	73	3.613	0.495	14.129	0.67	1.0	1.0
1	20	70	3.097	0.301	14.516	0.57	1.0	1.0
1	20	67	3.032	0.18	15.29	0.739	1.0	1.0
1	20	64	2.968	0.18	16.226	1.146	1.0	1.0
1	20	61	2.806	0.402	17.161	1.293	1.0	1.0
1	20	58	2.161	0.454	18.548	0.768	1.0	1.0
1	20	55	1.742	0.514	21.226	1.978	1.0	1.0
1	20	52	1.452	0.568	23.767	2.75	0.968	0.968
1	20	49	0.462	0.582	31.312	4.976	0.355	0.516
1	20	46	0.0	0.0	35.0	1.414	0.0	0.065
1	20	43	0.0	0.0	nan	nan	0.0	0.0
1	20	40	0.0	0.0	nan	nan	0.0	0.0
1	20	37	0.0	0.0	nan	nan	0.0	0.0
1	20	34	0.0	0.0	nan	nan	0.0	0.0
1	20	31	0.0	0.0	nan	nan	0.0	0.0
1	20	28	0.0	0.0	nan	nan	0.0	0.0
1	21	100	5.0	0.0	11.032	0.18	1.0	1.0
1	21	97	4.806	0.402	11.323	0.475	1.0	1.0
1	21	94	4.323	0.475	11.742	0.445	1.0	1.0
1	21	91	4.161	0.374	11.903	0.301	1.0	1.0
1	21	88	4.032	0.18	12.097	0.396	1.0	1.0
1	21	85	4.0	0.0	12.387	0.495	1.0	1.0
1	21	82	4.0	0.0	12.742	0.514	1.0	1.0
1	21	79	4.0	0.0	13.0	0.577	1.0	1.0
1	21	76	3.903	0.301	13.71	0.529	1.0	1.0
1	21	73	3.613	0.495	14.161	0.688	1.0	1.0
1	21	70	3.194	0.402	14.613	0.615	1.0	1.0
1	21	67	3.032	0.315	15.323	0.945	1.0	1.0
1	21	64	3.0	0.0	16.161	0.735	1.0	1.0
1	21	61	2.839	0.374	17.0	0.894	1.0	1.0
1	21	58	2.29	0.529	18.355	1.082	1.0	1.0
1	21	55	1.742	0.445	20.935	1.504	1.0	1.0
1	21	52	1.419	0.564	23.258	2.732	1.0	1.0
1	21	49	0.615	0.571	30.6	4.21	0.484	0.645
1	21	46	0.0	0.0	nan	nan	0.0	0.0
1	21	43	0.0	0.0	nan	nan	0.0	0.0
1	21	40	0.0	0.0	nan	nan	0.0	0.0
1	21	37	0.0	0.0	nan	nan	0.0	0.0
1	21	34	0.0	0.0	nan	nan	0.0	0.0
1	21	31	0.0	0.0	nan	nan	0.0	0.0
1	21	28	0.0	0.0	nan	nan	0.0	0.0
1	22	100	5.0	0.0	11.065	0.25	1.0	1.0
1	22	97	4.903	0.301	11.29	0.461	1.0	1.0
1	22	94	4.387	0.495	11.645	0.486	1.0	1.0
1	22	91	4.161	0.374	11.935	0.25	1.0	1.0
1	22	88	4.0	0.0	12.032	0.315	1.0	1.0
1	22	85	4.0	0.0	12.323	0.475	1.0	1.0
1	22	82	4.0	0.0	12.677	0.541	1.0	1.0
1	22	79	3.968	0.18	12.935	0.442	1.0	1.0
1	22	76	3.871	0.341	13.516	0.626	1.0	1.0
1	22	73	3.71	0.461	14.0	0.516	1.0	1.0
1	22	70	3.226	0.425	14.484	0.508	1.0	1.0
1	22	67	3.032	0.18	15.194	0.703	1.0	1.0
1	22	64	3.0	0.0	16.129	0.718	1.0	1.0
1	22	61	2.742	0.445	17.161	1.036	1.0	1.0
1	22	58	2.258	0.445	18.645	1.199	1.0	1.0
1	22	55	1.742	0.514	21.258	2.338	1.0	1.0
1	22	52	1.161	0.454	26.133	3.511	0.968	0.968
1	22	49	0.769	0.71	30.19	5.221	0.516	0.677
1	22	46	0.0	0.0	nan	nan	0.0	0.0
1	22	43	0.0	0.0	nan	nan	0.0	0.0
1	22	40	0.0	0.0	nan	nan	0.0	0.0
1	22	37	0.0	0.0	nan	nan	0.0	0.0
1	22	34	0.0	0.0	nan	nan	0.0	0.0
1	22	31	0.0	0.0	nan	nan	0.0	0.0
1	22	28	0.0	0.0	nan	nan	0.0	0.0
1	23	100	5.0	0.0	11.129	0.341	1.0	1.0
1	23	97	4.774	0.425	11.387	0.495	1.0	1.0
1	23	94	4.323	0.475	11.645	0.486	1.0	1.0
1	23	91	4.065	0.25	11.968	0.315	1.0	1.0
1	23	88	4.129	0.341	12.065	0.25	1.0	1.0
1	23	85	4.0	0.0	12.516	0.508	1.0	1.0
1	23	82	4.0	0.0	12.774	0.497	1.0	1.0
1	23	79	4.0	0.0	13.097	0.539	1.0	1.0
1	23	76	3.742	0.445	13.548	0.506	1.0	1.0
1	23	73	3.548	0.506	14.0	0.577	1.0	1.0
1	23	70	3.258	0.445	14.581	0.765	1.0	1.0
1	23	67	3.0	0.0	15.226	0.617	1.0	1.0
1	23	64	3.0	0.0	16.097	0.651	1.0	1.0
1	23	61	2.871	0.341	17.29	0.864	1.0	1.0
1	23	58	2.355	0.486	18.484	1.288	1.0	1.0
1	23	55	1.839	0.523	20.903	2.675	1.0	1.0
1	23	52	1.355	0.486	24.452	3.793	1.0	1.0
1	23	49	0.222	0.424	31.2	4.94	0.194	0.323
1	23	46	0.033	0.183	34.5	2.121	0.032	0.065
1	23	43	0.0	0.0	nan	nan	0.0	0.0
1	23	40	0.0	0.0	nan	nan	0.0	0.0
1	23	37	0.0	0.0	nan	nan	0.0	0.0
1	23	34	0.0	0.0	nan	nan	0.0	0.0
1	23	31	0.0	0.0	nan	nan	0.0	0.0
1	23	28	0.0	0.0	nan	nan	0.0	0.0
1	24	100	4.935	0.25	11.065	0.25	1.0	1.0
1	24	97	4.71	0.461	11.323	0.475	1.0	1.0
1	24	94	4.452	0.506	11.581	0.502	1.0	1.0
1	24	91	4.065	0.25	11.935	0.359	1.0	1.0
1	24	88	4.0	0.0	12.0	0.258	1.0	1.0
1	24	85	4.0	0.0	12.452	0.506	1.0	1.0
1	24	82	4.0	0.0	12.71	0.461	1.0	1.0
1	24	79	3.968	0.18	13.065	0.512	1.0	1.0
1	24	76	3.871	0.341	13.387	0.615	1.0	1.0
1	24	73	3.581	0.502	13.968	0.407	1.0	1.0
1	24	70	3.129	0.341	14.516	0.626	1.0	1.0
1	24	67	3.065	0.25	15.065	0.574	1.0	1.0
1	24	64	3.032	0.18	16.129	0.499	1.0	1.0
1	24	61	2.806	0.402	17.452	1.121	1.0	1.0
1	24	58	2.355	0.486	18.613	1.086	1.0	1.0
1	24	55	1.903	0.301	20.613	1.52	1.0	1.0
1	24	52	1.452	0.506	24.065	3.577	1.0	1.0
1	24	49	0.5	0.638	28.2	4.814	0.387	0.484
1	24	46	0.069	0.371	33.667	2.309	0.032	0.097
1	24	43	0.0	0.0	nan	nan	0.0	0.0
1	24	40	0.0	0.0	nan	nan	0.0	0.0
1	24	37	0.0	0.0	nan	nan	0.0	0.0
1	24	34	0.0	0.0	nan	nan	0.0	0.0
1	24	31	0.0	0.0	nan	nan	0.0	0.0
1	24	28	0.0	0.0	nan	nan	0.0	0.0
1	25	100	5.0	0.0	11.065	0.25	1.0	1.0
1	25	97	4.774	0.425	11.387	0.495	1.0	1.0
1	25	94	4.452	0.506	11.677	0.475	1.0	1.0
1	25	91	4.032	0.18	11.935	0.25	1.0	1.0
1	25	88	4.032	0.18	12.065	0.25	1.0	1.0
1	25	85	4.0	0.0	12.29	0.588	1.0	1.0
1	25	82	3.968	0.18	12.903	0.396	1.0	1.0
1	25	79	4.0	0.0	13.065	0.25	1.0	1.0
1	25	76	3.871	0.341	13.419	0.62	1.0	1.0
1	25	73	3.29	0.461	14.097	0.651	1.0	1.0
1	25	70	3.161	0.374	14.581	0.564	1.0	1.0
1	25	67	3.032	0.18	15.323	0.748	1.0	1.0
1	25	64	2.968	0.18	16.194	0.749	1.0	1.0
1	25	61	2.903	0.301	17.161	0.779	1.0	1.0
1	25	58	2.387	0.495	18.484	1.525	1.0	1.0
1	25	55	1.742	0.514	20.935	3.53	1.0	1.0
1	25	52	1.323	0.475	24.032	3.971	1.0	1.0
1	25	49	0.6	0.707	32.333	3.694	0.387	0.581
1	25	46	0.0	0.0	nan	nan	0.0	0.0
1	25	43	0.0	0.0	nan	nan	0.0	0.0
1	25	40	0.0	0.0	nan	nan	0.0	0.0
1	25	37	0.0	0.0	nan	nan	0.0	0.0
1	25	34	0.0	0.0	nan	nan	0.0	0.0
1	25	31	0.0	0.0	nan	nan	0.0	0.0
1	25	28	0.0	0.0	nan	nan	0.0	0.0
1	26	100	5.0	0.0	11.065	0.25	1.0	1.0
1	26	97	4.806	0.402	11.355	0.486	1.0	1.0
1	26	94	4.355	0.486	11.419	0.502	1.0	1.0
1	26	91	4.097	0.301	11.871	0.341	1.0	1.0
1	26	88	4.0	0.0	11.968	0.18	1.0	1.0
1	26	85	4.0	0.0	12.484	0.508	1.0	1.0
1	26	82	4.0	0.0	12.774	0.497	1.0	1.0
1	26	79	3.935	0.25	13.129	0.562	1.0	1.0
1	26	76	3.806	0.402	13.677	0.541	1.0	1.0
1	26	73	3.387	0.495	14.065	0.359	1.0	1.0
1	26	70	3.129	0.341	14.581	0.564	1.0	1.0
1	26	67	3.065	0.25	15.484	0.851	1.0	1.0
1	26	64	3.0	0.0	15.935	0.772	1.0	1.0
1	26	61	2.774	0.425	17.387	1.476	1.0	1.0
1	26	58	2.129	0.562	18.871	1.607	1.0	1.0
1	26	55	1.71	0.529	21.161	2.162	1.0	1.0
1	26	52	1.355	0.551	24.6	3.597	0.968	0.968
1	26	49	0.414	0.733	27.6	4.671	0.258	0.323
1	26	46	0.0	0.0	nan	nan	0.0	0.0
1	26	43	0.0	0.0	nan	nan	0.0	0.0
1	26	40	0.0	0.0	nan	nan	0.0	0.0
1	26	37	0.0	0.0	nan	nan	0.0	0.0
1	26	34	0.0	0.0	nan	nan	0.0	0.0
1	26	31	0.0	0.0	nan	nan	0.0	0.0
1	26	28	0.0	0.0	nan	nan	0.0	0.0
1	27	100	4.871	0.341	11.161	0.374	1.0	1.0
1	27	97	4.839	0.374	11.129	0.341	1.0	1.0
1	27	94	4.387	0.495	11.613	0.558	1.0	1.0
1	27	91	4.161	0.374	11.774	0.56	1.0	1.0
1	27	88	4.0	0.0	12.032	0.315	1.0	1.0
1	27	85	4.0	0.0	12.29	0.461	1.0	1.0
1	27	82	4.0	0.0	12.774	0.425	1.0	1.0
1	27	79	3.968	0.18	13.0	0.365	1.0	1.0
1	27	76	3.806	0.402	13.452	0.624	1.0	1.0
1	27	73	3.452	0.506	14.129	0.499	1.0	1.0
1	27	70	3.129	0.341	14.452	0.568	1.0	1.0
1	27	67	3.0	0.0	15.387	0.761	1.0	1.0
1	27	64	3.0	0.0	15.839	0.779	1.0	1.0
1	27	61	2.806	0.402	17.129	0.885	1.0	1.0
1	27	58	2.387	0.495	18.871	1.857	1.0	1.0
1	27	55	1.871	0.562	20.839	2.192	1.0	1.0
1	27	52	1.355	0.551	24.3	3.087	0.968	0.968
1	27	49	0.56	0.583	31.526	5.45	0.419	0.613
1	27	46	0.0	0.0	nan	nan	0.0	0.0
1	27	43	0.0	0.0	nan	nan	0.0	0.0
1	27	40	0.0	0.0	nan	nan	0.0	0.0
1	27	37	0.0	0.0	nan	nan	0.0	0.0
1	27	34	0.0	0.0	nan	nan	0.0	0.0
1	27	31	0.0	0.0	nan	nan	0.0	0.0
1	27	28	0.0	0.0	nan	nan	0.0	0.0
1	28	100	4.871	0.341	11.097	0.301	1.0	1.0
1	28	97	4.742	0.445	11.387	0.495	1.0	1.0
1	28	94	4.387	0.495	11.645	0.486	1.0	1.0
1	28	91	4.097	0.301	11.968	0.315	1.0	1.0
1	28	88	4.0	0.0	12.129	0.341	1.0	1.0
1	28	85	4.0	0.0	12.387	0.558	1.0	1.0
1	28	82	3.968	0.18	12.839	0.454	1.0	1.0
1	28	79	3.968	0.18	13.226	0.56	1.0	1.0
1	28	76	3.806	0.402	13.645	0.486	1.0	1.0
1	28	73	3.387	0.495	14.0	0.516	1.0	1.0
1	28	70	3.0	0.0	14.742	0.631	1.0	1.0
1	28	67	3.0	0.0	15.387	0.844	1.0	1.0
1	28	64	3.0	0.0	16.194	0.749	1.0	1.0
1	28	61	2.839	0.374	17.097	1.423	1.0	1.0
1	28	58	2.355	0.486	18.452	1.261	1.0	1.0
1	28	55	1.774	0.497	21.419	1.858	1.0	1.0
1	28	52	1.333	0.606	24.3	4.087	0.935	0.968
1	28	49	0.682	0.568	31.957	5.139	0.452	0.742
1	28	46	0.0	0.0	nan	nan	0.0	0.0
1	28	43	0.0	0.0	nan	nan	0.0	0.0
1	28	40	0.0	0.0	nan	nan	0.0	0.0
1	28	37	0.0	0.0	nan	nan	0.0	0.0
1	28	34	0.0	0.0	nan	nan	0.0	0.0
1	28	31	0.0	0.0	nan	nan	0.0	0.0
1	28	28	0.0	0.0	nan	nan	0.0	0.0
1	29	100	4.871	0.341	11.032	0.407	1.0	1.0
1	29	97	4.742	0.445	11.355	0.486	1.0	1.0
1	29	94	4.452	0.506	11.613	0.495	1.0	1.0
1	29	91	4.194	0.402	11.839	0.374	1.0	1.0
1	29	88	4.032	0.18	12.0	0.365	1.0	1.0
1	29	85	4.0	0.0	12.419	0.502	1.0	1.0
1	29	82	4.0	0.0	12.871	0.428	1.0	1.0
1	29	79	3.968	0.18	13.29	0.529	1.0	1.0
1	29	76	3.774	0.425	13.613	0.495	1.0	1.0
1	29	73	3.548	0.506	13.935	0.629	1.0	1.0
1	29	70	3.161	0.374	14.548	0.568	1.0	1.0
1	29	67	3.0	0.0	15.258	0.773	1.0	1.0
1	29	64	2.935	0.25	16.29	0.824	1.0	1.0
1	29	61	2.806	0.402	16.968	0.983	1.0	1.0
1	29	58	2.226	0.425	18.645	1.539	1.0	1.0
1	29	55	1.839	0.454	20.677	1.641	1.0	1.0
1	29	52	1.357	0.559	27.0	4.646	0.871	0.968
1	29	49	0.542	0.658	30.056	5.374	0.355	0.581
1	29	46	0.0	0.0	nan	nan	0.0	0.0
1	29	43	0.0	0.0	nan	nan	0.0	0.0
1	29	40	0.0	0.0	nan	nan	0.0	0.0
1	29	37	0.0	0.0	nan	nan	0.0	0.0
1	29	34	0.0	0.0	nan	nan	0.0	0.0
1	29	31	0.0	0.0	nan	nan	0.0	0.0
1	29	28	0.0	0.0	nan	nan	0.0	0.0
1	30	100	4.903	0.301	11.065	0.359	1.0	1.0
1	30	97	4.774	0.425	11.226	0.425	1.0	1.0
1	30	94	4.194	0.402	11.71	0.461	1.0	1.0
1	30	91	4.226	0.425	11.935	0.25	1.0	1.0
1	30	88	4.0	0.0	12.065	0.25	1.0	1.0
1	30	85	4.0	0.0	12.387	0.495	1.0	1.0
1	30	82	4.0	0.0	12.774	0.425	1.0	1.0
1	30	79	3.935	0.25	13.129	0.428	1.0	1.0
1	30	76	3.871	0.341	13.452	0.506	1.0	1.0
1	30	73	3.548	0.506	14.0	0.516	1.0	1.0
1	30	70	3.194	0.402	14.645	0.551	1.0	1.0
1	30	67	3.0	0.0	15.355	0.839	1.0	1.0
1	30	64	3.0	0.0	15.903	0.746	1.0	1.0
1	30	61	2.806	0.402	17.097	1.136	1.0	1.0
1	30	58	2.258	0.445	18.774	1.283	1.0	1.0
1	30	55	1.645	0.551	21.194	1.74	1.0	1.0
1	30	52	1.3	0.466	24.226	3.374	0.968	1.0
1	30	49	0.63	0.629	28.737	4.897	0.484	0.613
1	30	46	0.0	0.0	nan	nan	0.0	0.0
1	30	43	0.0	0.0	nan	nan	0.0	0.0
1	30	40	0.0	0.0	nan	nan	0.0	0.0
1	30	37	0.0	0.0	nan	nan	0.0	0.0
1	30	34	0.0	0.0	nan	nan	0.0	0.0
1	30	31	0.0	0.0	nan	nan	0.0	0.0
1	30	28	0.0	0.0	nan	nan	0.0	0.0
1	31	100	4.968	0.18	11.129	0.341	1.0	1.0
1	31	97	4.677	0.475	11.323	0.475	1.0	1.0
1	31	94	4.452	0.506	11.613	0.495	1.0	1.0
1	31	91	4.097	0.301	11.968	0.18	1.0	1.0
1	31	88	4.0	0.0	12.032	0.18	1.0	1.0
1	31	85	4.0	0.0	12.516	0.508	1.0	1.0
1	31	82	3.968	0.18	12.71	0.461	1.0	1.0
1	31	79	4.0	0.0	13.097	0.301	1.0	1.0
1	31	76	3.871	0.341	13.677	0.599	1.0	1.0
1	31	73	3.452	0.506	14.065	0.442	1.0	1.0
1	31	70	3.097	0.301	14.645	0.661	1.0	1.0
1	31	67	3.032	0.18	15.29	0.588	1.0	1.0
1	31	64	3.0	0.0	16.29	0.783	1.0	1.0
1	31	61	2.871	0.341	17.194	0.873	1.0	1.0
1	31	58	2.226	0.425	18.645	1.253	1.0	1.0
1	31	55	1.903	0.396	20.613	1.564	1.0	1.0
1	31	52	1.333	0.479	25.097	4.182	0.968	1.0
1	31	49	0.433	0.568	30.0	3.937	0.387	0.419
1	31	46	0.0	0.0	nan	nan	0.0	0.0
1	31	43	0.0	0.0	nan	nan	0.0	0.0
1	31	40	0.0	0.0	nan	nan	0.0	0.0
1	31	37	0.0	0.0	nan	nan	0.0	0.0
1	31	34	0.0	0.0	nan	nan	0.0	0.0
1	31	31	0.0	0.0	nan	nan	0.0	0.0
1	31	28	0.0	0.0	nan	nan	0.0	0.0
2	0	100	5.0	0.0	11.032	0.18	1.0	1.0
2	0	97	4.645	0.486	11.323	0.475	1.0	1.0
2	0	94	4.419	0.502	11.645	0.486	1.0	1.0
2	0	91	4.161	0.374	12.0	0.0	1.0	1.0
2	0	88	4.0	0.0	12.065	0.359	1.0	1.0
2	0	85	4.0	0.0	12.226	0.425	1.0	1.0
2	0	82	4.0	0.0	12.839	0.454	1.0	1.0
2	0	79	3.968	0.18	13.032	0.315	1.0	1.0
2	0	76	3.742	0.445	13.71	0.643	1.0	1.0
2	0	73	3.387	0.495	14.194	0.402	1.0	1.0
2	0	70	3.065	0.25	14.581	0.72	1.0	1.0
2	0	67	3.0	0.0	15.258	0.445	1.0	1.0
2	0	64	3.0	0.0	16.258	0.631	1.0	1.0
2	0	61	2.774	0.425	17.226	0.805	1.0	1.0
2	0	58	2.097	0.396	18.806	1.25	1.0	1.0
2	0	55	1.806	0.402	21.323	1.922	1.0	1.0
2	0	52	1.367	0.49	25.161	4.719	0.968	1.0
2	0	49	0.385	0.637	30.615	5.665	0.258	0.419
2	0	46	0.0	0.0	nan	nan	0.0	0.0
2	0	43	0.0	0.0	nan	nan	0.0	0.0
2	0	40	0.0	0.0	nan	nan	0.0	0.0
2	0	37	0.0	0.0	nan	nan	0.0	0.0
2	0	34	0.0	0.0	nan	nan	0.0	0.0
2	0	31	0.0	0.0	nan	nan	0.0	0.0
2	0	28	0.0	0.0	nan	nan	0.0	0.0
2	1	100	4.903	0.301	11.161	0.374	1.0	1.0
2	1	97	4.742	0.445	11.258	0.445	1.0	1.0
2	1	94	4.419	0.502	11.677	0.475	1.0	1.0
2	1	91	4.065	0.25	11.871	0.341	1.0	1.0
2	1	88	4.032	0.18	12.161	0.454	1.0	1.0
2	1	85	4.0	0.0	12.452	0.568	1.0	1.0
2	1	82	3.968	0.18	12.839	0.374	1.0	1.0
2	1	79	3.968	0.18	13.161	0.374	1.0	1.0
2	1	76	3.871	0.341	13.581	0.502	1.0	1.0
2	1	73	3.677	0.475	14.065	0.512	1.0	1.0
2	1	70	3.129	0.341	14.484	0.626	1.0	1.0
2	1	67	3.0	0.0	15.161	0.735	1.0	1.0
2	1	64	3.0	0.0	16.032	0.752	1.0	1.0
2	1	61	2.806	0.402	17.387	0.955	1.0	1.0
2	1	58	2.129	0.341	18.935	1.153	1.0	1.0
2	1	55	1.806	0.477	20.387	1.706	1.0	1.0
2	1	52	1.241	0.435	26.452	4.661	0.935	1.0
2	1	49	0.519	0.58	29.941	4.366	0.419	0.548
2	1	46	0.032	0.18	33.0	0.0	0.032	0.032
2	1	43	0.0	0.0	nan	nan	0.0	0.0
2	1	40	0.0	0.0	nan	nan	0.0	0.0
2	1	37	0.0	0.0	nan	nan	0.0	0.0
2	1	34	0.0	0.0	nan	nan	0.0	0.0
2	1	31	0.0	0.0	nan	nan	0.0	0.0
2	1	28	0.0	0.0	nan	nan	0.0	0.0
2	2	100	4.935	0.25	11.032	0.18	1.0	1.0
2	2	97	4.581	0.502	11.452	0.568	1.0	1.0
2	2	94	4.097	0.301	11.677	0.475	1.0	1.0
2	2	91	4.097	0.301	12.032	0.315	1.0	1.0
2	2	88	4.0	0.0	12.226	0.497	1.0	1.0
2	2	85	4.0	0.0	12.226	0.425	1.0	1.0
2	2	82	4.0	0.0	12.839	0.454	1.0	1.0
2	2	79	3.935	0.25	13.129	0.428	1.0	1.0
2	2	76	3.871	0.341	13.419	0.564	1.0	1.0
2	2	73	3.355	0.486	14.032	0.605	1.0	1.0
2	2	70	3.065	0.25	14.774	0.56	1.0	1.0
2	2	67	3.0	0.0	15.355	0.709	1.0	1.0
2	2	64	3.0	0.0	16.194	0.703	1.0	1.0
2	2	61	2.677	0.541	17.516	1.338	1.0	1.0
2	2	58	2.194	0.543	18.968	1.472	1.0	1.0
2	2	55	1.806	0.402	21.516	2.965	1.0	1.0
2	2	52	1.2	0.551	24.828	3.566	0.903	0.935
2	2	49	0.478	0.511	33.053	4.453	0.355	0.613
2	2	46	0.0	0.0	nan	nan	0.0	0.0
2	2	43	0.0	0.0	nan	nan	0.0	0.0
2	2	40	0.0	0.0	nan	nan	0.0	0.0
2	2	37	0.0	0.0	nan	nan	0.0	0.0
2	2	34	0.0	0.0	nan	nan	0.0	0.0
2	2	31	0.0	0.0	nan	nan	0.0	0.0
2	2	28	0.0	0.0	nan	nan	0.0	0.0
2	3	100	4.935	0.25	11.194	0.402	1.0	1.0
2	3	97	4.548	0.506	11.516	0.508	1.0	1.0
2	3	94	4.258	0.445	11.71	0.461	1.0	1.0
2	3	91	4.065	0.25	11.968	0.407	1.0	1.0
2	3	88	4.032	0.18	12.097	0.301	1.0	1.0
2	3	85	4.0	0.0	12.29	0.461	1.0	1.0
2	3	82	4.0	0.0	12.742	0.514	1.0	1.0
2	3	79	3.968	0.18	13.129	0.341	1.0	1.0
2	3	76	3.774	0.425	13.645	0.551	1.0	1.0
2	3	73	3.387	0.495	14.065	0.359	1.0	1.0
2	3	70	3.065	0.25	14.677	0.653	1.0	1.0
2	3	67	3.032	0.18	15.452	0.768	1.0	1.0
2	3	64	2.968	0.18	16.29	0.739	1.0	1.0
2	3	61	2.968	0.18	17.032	0.605	1.0	1.0
2	3	58	2.226	0.497	18.774	1.023	1.0	1.0
2	3	55	1.581	0.502	21.419	1.979	1.0	1.0
2	3	52	1.034	0.325	24.8	4.18	0.903	0.968
2	3	49	0.407	0.501	32.467	3.815	0.355	0.484
2	3	46	0.0	0.0	nan	nan	0.0	0.0
2	3	43	0.0	0.0	nan	nan	0.0	0.0
2	3	40	0.0	0.0	nan	nan	0.0	0.0
2	3	37	0.0	0.0	nan	nan	0.0	0.0
2	3	34	0.0	0.0	nan	nan	0.0	0.0
2	3	31	0.0	0.0	nan	nan	0.0	0.0
2	3	28	0.0	0.0	nan	nan	0.0	0.0
2	4	100	4.903	0.301	11.0	0.258	1.0	1.0
2	4	97	4.677	0.475	11.484	0.508	1.0	1.0
2	4	94	4.355	0.486	11.645	0.551	1.0	1.0
2	4	91	4.129	0.341	11.935	0.25	1.0	1.0
2	4	88	4.0	0.0	12.097	0.301	1.0	1.0
2	4	85	4.0	0.0	12.29	0.461	1.0	1.0
2	4	82	4.0	0.0	12.71	0.529	1.0	1.0
2	4	79	3.968	0.18	13.097	0.301	1.0	1.0
2	4	76	3.839	0.374	13.548	0.568	1.0	1.0
2	4	73	3.419	0.502	13.935	0.512	1.0	1.0
2	4	70	3.129	0.341	14.742	0.682	1.0	1.0
2	4	67	3.032	0.18	15.516	0.769	1.0	1.0
2	4	64	3.0	0.0	16.097	0.7	1.0	1.0
2	4	61	2.839	0.374	17.065	0.964	1.0	1.0
2	4	58	2.258	0.514	18.484	1.387	1.0	1.0
2	4	55	1.71	0.461	21.161	1.393	1.0	1.0
2	4	52	1.25	0.518	25.433	4.272	0.871	0.968
2	4	49	0.4	0.577	31.867	4.138	0.29	0.484
2	4	46	0.0	0.0	nan	nan	0.0	0.0
2	4	43	0.0	0.0	nan	nan	0.0	0.0
2	4	40	0.0	0.0	nan	nan	0.0	0.0
2	4	37	0.0	0.0	nan	nan	0.0	0.0
2	4	34	0.0	0.0	nan	nan	0.0	0.0
2	4	31	0.0	0.0	nan	nan	0.0	0.0
2	4	28	0.0	0.0	nan	nan	0.0	0.0
2	5	100	4.968	0.18	11.065	0.25	1.0	1.0
2	5	97	4.613	0.495	11.258	0.445	1.0	1.0
2	5	94	4.194	0.402	11.71	0.461	1.0	1.0
2	5	91	4.032	0.18	11.903	0.301	1.0	1.0
2	5	88	4.0	0.0	12.032	0.18	1.0	1.0
2	5	85	4.032	0.18	12.484	0.508	1.0	1.0
2	5	82	4.0	0.0	12.774	0.425	1.0	1.0
2	5	79	3.903	0.301	13.065	0.512	1.0	1.0
2	5	76	3.774	0.425	13.419	0.502	1.0	1.0
2	5	73	3.452	0.506	13.935	0.574	1.0	1.0
2	5	70	3.29	0.461	14.419	0.502	1.0	1.0
2	5	67	3.032	0.18	15.323	0.541	1.0	1.0
2	5	64	3.032	0.18	16.161	0.735	1.0	1.0
2	5	61	2.935	0.25	17.548	2.606	1.0	1.0
2	5	58	2.226	0.425	18.677	1.301	1.0	1.0
2	5	55	1.645	0.486	20.613	2.06	1.0	1.0
2	5	52	1.379	0.561	25.567	4.754	0.903	0.968
2	5	49	0.609	0.499	31.364	4.846	0.452	0.71
2	5	46	0.0	0.0	38.0	0.0	0.0	0.032
2	5	43	0.0	0.0	nan	nan	0.0	0.0
2	5	40	0.0	0.0	nan	nan	0.0	0.0
2	5	37	0.0	0.0	nan	nan	0.0	0.0
2	5	34	0.0	0.0	nan	nan	0.0	0.0
2	5	31	0.0	0.0	nan	nan	0.0	0.0
2	5	28	0.0	0.0	nan	nan	0.0	0.0
2	6	100	4.839	0.374	11.065	0.359	1.0	1.0
2	6	97	4.742	0.445	11.355	0.486	1.0	1.0
2	6	94	4.161	0.374	11.581	0.502	1.0	1.0
2	6	91	4.032	0.18	11.935	0.25	1.0	1.0
2	6	88	4.032	0.18	12.226	0.497	1.0	1.0
2	6	85	4.0	0.0	12.548	0.624	1.0	1.0
2	6	82	4.0	0.0	12.903	0.301	1.0	1.0
2	6	79	3.935	0.25	13.161	0.523	1.0	1.0
2	6	76	3.774	0.425	13.677	0.541	1.0	1.0
2	6	73	3.387	0.495	13.968	0.315	1.0	1.0
2	6	70	3.194	0.402	14.71	0.693	1.0	1.0
2	6	67	3.065	0.25	15.355	0.661	1.0	1.0
2	6	64	2.968	0.18	16.258	0.682	1.0	1.0
2	6	61	2.871	0.341	17.355	1.743	1.0	1.0
2	6	58	2.29	0.461	18.645	1.018	1.0	1.0
2	6	55	1.742	0.514	20.742	1.999	1.0	1.0
2	6	52	1.4	0.563	24.533	3.693	0.935	0.968
2	6	49	0.462	0.582	29.625	5.353	0.355	0.516
2	6	46	0.0	0.0	nan	nan	0.0	0.0
2	6	43	0.0	0.0	nan	nan	0.0	0.0
2	6	40	0.0	0.0	nan	nan	0.0	0.0
2	6	37	0.0	0.0	nan	nan	0.0	0.0
2	6	34	0.0	0.0	nan	nan	0.0	0.0
2	6	31	0.0	0.0	nan	nan	0.0	0.0
2	6	28	0.0	0.0	nan	nan	0.0	0.0
2	7	100	4.903	0.301	11.097	0.301	1.0	1.0
2	7	97	4.548	0.506	11.484	0.508	1.0	1.0
2	7	94	4.387	0.495	11.677	0.475	1.0	1.0
2	7	91	4.032	0.18	11.903	0.301	1.0	1.0
2	7	88	4.0	0.0	12.065	0.25	1.0	1.0
2	7	85	4.0	0.0	12.548	0.506	1.0	1.0
2	7	82	4.0	0.0	12.839	0.583	1.0	1.0
2	7	79	4.0	0.0	13.097	0.539	1.0	1.0
2	7	76	3.839	0.374	13.484	0.508	1.0	1.0
2	7	73	3.419	0.502	14.065	0.574	1.0	1.0
2	7	70	3.0	0.0	14.645	0.661	1.0	1.0
2	7	67	3.0	0.0	15.387	0.715	1.0	1.0
2	7	64	2.968	0.18	16.065	1.237	1.0	1.0
2	7	61	2.806	0.402	17.065	1.124	1.0	1.0
2	7	58	2.161	0.374	18.839	1.186	1.0	1.0
2	7	55	1.677	0.475	21.516	2.706	1.0	1.0
2	7	52	1.345	0.484	25.258	4.502	0.935	1.0
2	7	49	0.63	0.565	31.05	4.286	0.516	0.645
2	7	46	0.0	0.0	39.0	2.828	0.0	0.065
2	7	43	0.0	0.0	nan	nan	0.0	0.0
2	7	40	0.0	0.0	nan	nan	0.0	0.0
2	7	37	0.0	0.0	nan	nan	0.0	0.0
2	7	34	0.0	0.0	nan	nan	0.0	0.0
2	7	31	0.0	0.0	nan	nan	0.0	0.0
2	7	28	0.0	0.0	nan	nan	0.0	0.0
2	8	100	4.935	0.25	11.097	0.301	1.0	1.0
2	8	97	4.71	0.461	11.419	0.502	1.0	1.0
2	8	94	4.226	0.425	11.645	0.486	1.0	1.0
2	8	91	4.097	0.301	11.968	0.18	1.0	1.0
2	8	88	4.032	0.18	12.065	0.25	1.0	1.0
2	8	85	4.0	0.0	12.355	0.486	1.0	1.0
2	8	82	4.0	0.0	12.774	0.425	1.0	1.0
2	8	79	4.0	0.0	13.032	0.482	1.0	1.0
2	8	76	3.774	0.425	13.516	0.508	1.0	1.0
2	8	73	3.355	0.486	14.0	0.516	1.0	1.0
2	8	70	3.129	0.341	14.613	0.615	1.0	1.0
2	8	67	3.0	0.0	15.452	0.506	1.0	1.0
2	8	64	3.0	0.0	16.065	0.854	1.0	1.0
2	8	61	2.839	0.374	17.161	0.86	1.0	1.0
2	8	58	2.258	0.445	18.645	1.082	1.0	1.0
2	8	55	1.452	0.568	21.233	1.633	0.968	0.968
2	8	52	1.067	0.583	24.556	3.238	0.839	0.871
2	8	49	0.5	0.63	29.5	4.67	0.419	0.452
2	8	46	0.0	0.0	nan	nan	0.0	0.0
2	8	43	0.0	0.0	nan	nan	0.0	0.0
2	8	40	0.0	0.0	nan	nan	0.0	0.0
2	8	37	0.0	0.0	nan	nan	0.0	0.0
2	8	34	0.0	0.0	nan	nan	0.0	0.0
2	8	31	0.0	0.0	nan	nan	0.0	0.0
2	8	28	0.0	0.0	nan	nan	0.0	0.0
2	9	100	4.903	0.301	11.129	0.341	1.0	1.0
2	9	97	4.71	0.461	11.161	0.374	1.0	1.0
2	9	94	4.161	0.374	11.516	0.508	1.0	1.0
2	9	91	4.065	0.25	11.968	0.315	1.0	1.0
2	9	88	4.032	0.18	12.129	0.341	1.0	1.0
2	9	85	4.0	0.0	12.419	0.502	1.0	1.0
2	9	82	4.0	0.0	12.839	0.374	1.0	1.0
2	9	79	3.968	0.18	13.129	0.499	1.0	1.0
2	9	76	3.839	0.374	13.516	0.508	1.0	1.0
2	9	73	3.613	0.495	14.065	0.512	1.0	1.0
2	9	70	3.129	0.341	14.677	0.599	1.0	1.0
2	9	67	3.0	0.0	15.258	0.575	1.0	1.0
2	9	64	3.0	0.0	16.226	0.617	1.0	1.0
2	9	61	2.839	0.374	17.097	0.746	1.0	1.0
2	9	58	2.129	0.499	18.581	0.807	1.0	1.0
2	9	55	1.839	0.523	20.452	1.997	1.0	1.0
2	9	52	1.323	0.541	24.633	3.327	0.968	0.968
2	9	49	0.565	0.662	30.474	5.07	0.355	0.613
2	9	46	0.0	0.0	nan	nan	0.0	0.0
2	9	43	0.0	0.0	nan	nan	0.0	0.0
2	9	40	0.0	0.0	nan	nan	0.0	0.0
2	9	37	0.0	0.0	nan	nan	0.0	0.0
2	9	34	0.0	0.0	nan	nan	0.0	0.0
2	9	31	0.0	0.0	nan	nan	0.0	0.0
2	9	28	0.0	0.0	nan	nan	0.0	0.0
2	10	100	4.935	0.25	11.161	0.374	1.0	1.0
2	10	97	4.484	0.508	11.355	0.486	1.0	1.0
2	10	94	4.129	0.341	11.677	0.475	1.0	1.0
2	10	91	4.097	0.301	11.935	0.359	1.0	1.0
2	10	88	4.0	0.0	12.032	0.407	1.0	1.0
2	10	85	4.0	0.0	12.419	0.502	1.0	1.0
2	10	82	4.0	0.0	12.677	0.475	1.0	1.0
2	10	79	3.968	0.18	13.032	0.315	1.0	1.0
2	10	76	3.774	0.425	13.677	0.541	1.0	1.0
2	10	73	3.323	0.475	13.871	0.562	1.0	1.0
2	10	70	3.129	0.341	14.71	0.529	1.0	1.0
2	10	67	3.032	0.18	15.258	0.514	1.0	1.0
2	10	64	2.968	0.18	16.29	0.739	1.0	1.0
2	10	61	2.677	0.541	17.129	1.118	1.0	1.0
2	10	58	2.226	0.56	18.516	1.18	1.0	1.0
2	10	55	1.839	0.454	20.806	1.815	1.0	1.0
2	10	52	1.258	0.445	25.032	4.037	1.0	1.0
2	10	49	0.429	0.504	29.067	4.803	0.387	0.484
2	10	46	0.0	0.0	nan	nan	0.0	0.0
2	10	43	0.0	0.0	nan	nan	0.0	0.0
2	10	40	0.0	0.0	nan	nan	0.0	0.0
2	10	37	0.0	0.0	nan	nan	0.0	0.0
2	10	34	0.0	0.0	nan	nan	0.0	0.0
2	10	31	0.0	0.0	nan	nan	0.0	0.0
2	10	28	0.0	0.0	nan	nan	0.0	0.0
2	11	100	4.935	0.25	11.032	0.18	1.0	1.0
2	11	97	4.581	0.502	11.194	0.402	1.0	1.0
2	11	94	4.161	0.374	11.71	0.461	1.0	1.0
2	11	91	4.0	0.0	11.968	0.18	1.0	1.0
2	11	88	4.0	0.0	12.032	0.315	1.0	1.0
2	11	85	4.0	0.0	12.323	0.475	1.0	1.0
2	11	82	4.0	0.0	12.742	0.514	1.0	1.0
2	11	79	3.935	0.25	13.065	0.512	1.0	1.0
2	11	76	3.71	0.461	13.613	0.615	1.0	1.0
2	11	73	3.355	0.486	14.29	0.588	1.0	1.0
2	11	70	3.161	0.374	14.677	0.702	1.0	1.0
2	11	67	3.0	0.0	15.484	0.626	1.0	1.0
2	11	64	2.968	0.18	16.129	0.806	1.0	1.0
2	11	61	2.839	0.374	17.29	0.902	1.0	1.0
2	11	58	2.29	0.461	18.742	1.264	1.0	1.0
2	11	55	1.548	0.506	21.419	2.013	1.0	1.0
2	11	52	1.226	0.56	24.69	3.92	0.935	0.935
2	11	49	0.333	0.482	32.267	4.044	0.258	0.484
2	11	46	0.0	0.0	nan	nan	0.0	0.0
2	11	43	0.0	0.0	nan	nan	0.0	0.0
2	11	40	0.0	0.0	nan	nan	0.0	0.0
2	11	37	0.0	0.0	nan	nan	0.0	0.0
2	11	34	0.0	0.0	nan	nan	0.0	0.0
2	11	31	0.0	0.0	nan	nan	0.0	0.0
2	11	28	0.0	0.0	nan	nan	0.0	0.0
2	12	100	4.903	0.301	11.097	0.301	1.0	1.0
2	12	97	4.323	0.475	11.419	0.502	1.0	1.0
2	12	94	4.161	0.374	11.677	0.475	1.0	1.0
2	12	91	4.065	0.25	11.935	0.442	1.0	1.0
2	12	88	4.032	0.18	12.226	0.425	1.0	1.0
2	12	85	4.0	0.0	12.323	0.599	1.0	1.0
2	12	82	4.0	0.0	12.806	0.402	1.0	1.0
2	12	79	3.903	0.301	13.194	0.601	1.0	1.0
2	12	76	3.71	0.461	13.677	0.541	1.0	1.0
2	12	73	3.516	0.508	13.903	0.396	1.0	1.0
2	12	70	3.032	0.18	14.677	0.475	1.0	1.0
2	12	67	3.0	0.0	15.387	0.761	1.0	1.0
2	12	64	3.0	0.0	16.29	0.783	1.0	1.0
2	12	61	2.806	0.477	17.258	0.893	1.0	1.0
2	12	58	2.226	0.56	18.548	1.207	1.0	1.0
2	12	55	1.677	0.475	21.161	2.035	1.0	1.0
2	12	52	1.367	0.556	24.567	3.664	0.935	0.968
2	12	49	0.367	0.556	29.091	4.437	0.323	0.355
2	12	46	0.0	0.0	nan	nan	0.0	0.0
2	12	43	0.0	0.0	nan	nan	0.0	0.0
2	12	40	0.0	0.0	nan	nan	0.0	0.0
2	12	37	0.0	0.0	nan	nan	0.0	0.0
2	12	34	0.0	0.0	nan	nan	0.0	0.0
2	12	31	0.0	0.0	nan	nan	0.0	0.0
2	12	28	0.0	0.0	nan	nan	0.0	0.0
2	13	100	4.903	0.301	11.097	0.301	1.0	1.0
2	13	97	4.548	0.506	11.323	0.475	1.0	1.0
2	13	94	4.258	0.445	11.677	0.475	1.0	1.0
2	13	91	4.065	0.25	11.935	0.359	1.0	1.0
2	13	88	4.0	0.0	12.032	0.315	1.0	1.0
2	13	85	4.0	0.0	12.548	0.506	1.0	1.0
2	13	82	3.968	0.18	12.871	0.619	1.0	1.0
2	13	79	4.0	0.0	13.032	0.315	1.0	1.0
2	13	76	3.71	0.461	13.516	0.57	1.0	1.0
2	13	73	3.387	0.495	14.0	0.516	1.0	1.0
2	13	70	3.065	0.25	14.742	0.514	1.0	1.0
2	13	67	3.032	0.18	15.355	0.661	1.0	1.0
2	13	64	3.0	0.0	16.258	0.855	1.0	1.0
2	13	61	2.871	0.428	17.129	0.991	1.0	1.0
2	13	58	2.161	0.583	18.452	1.091	1.0	1.0
2	13	55	1.71	0.461	21.355	2.244	1.0	1.0
2	13	52	1.31	0.471	25.548	4.265	0.935	1.0
2	13	49	0.429	0.504	29.867	4.34	0.387	0.484
2	13	46	0.034	0.186	36.333	2.887	0.032	0.097
2	13	43	0.0	0.0	nan	nan	0.0	0.0
2	13	40	0.0	0.0	nan	nan	0.0	0.0
2	13	37	0.0	0.0	nan	nan	0.0	0.0
2	13	34	0.0	0.0	nan	nan	0.0	0.0
2	13	31	0.0	0.0	nan	nan	0.0	0.0
2	13	28	0.0	0.0	nan	nan	0.0	0.0
2	14	100	4.806	0.402	11.065	0.25	1.0	1.0
2	14	97	4.516	0.508	11.419	0.502	1.0	1.0
2	14	94	4.323	0.475	11.581	0.502	1.0	1.0
2	14	91	4.032	0.18	11.935	0.25	1.0	1.0
2	14	88	4.0	0.0	12.129	0.341	1.0	1.0
2	14	85	4.0	0.0	12.452	0.568	1.0	1.0
2	14	82	3.968	0.18	12.871	0.341	1.0	1.0
2	14	79	3.935	0.25	13.161	0.454	1.0	1.0
2	14	76	3.839	0.374	13.548	0.568	1.0	1.0
2	14	73	3.29	0.461	13.871	0.67	1.0	1.0
2	14	70	3.065	0.25	14.71	0.588	1.0	1.0
2	14	67	3.032	0.18	15.323	0.541	1.0	1.0
2	14	64	3.0	0.0	16.032	0.657	1.0	1.0
2	14	61	2.774	0.425	17.129	0.991	1.0	1.0
2	14	58	2.161	0.374	18.968	0.948	1.0	1.0
2	14	55	1.774	0.497	21.129	1.31	1.0	1.0
2	14	52	1.233	0.504	23.867	3.431	0.935	0.968
2	14	49	0.607	0.567	28.632	4.633	0.516	0.613
2	14	46	0.0	0.0	nan	nan	0.0	0.0
2	14	43	0.0	0.0	nan	nan	0.0	0.0
2	14	40	0.0	0.0	nan	nan	0.0	0.0
2	14	37	0.0	0.0	nan	nan	0.0	0.0
2	14	34	0.0	0.0	nan	nan	0.0	0.0
2	14	31	0.0	0.0	nan	nan	0.0	0.0
2	14	28	0.0	0.0	nan	nan	0.0	0.0
2	15	100	4.871	0.341	11.194	0.477	1.0	1.0
2	15	97	4.516	0.508	11.161	0.374	1.0	1.0
2	15	94	4.323	0.475	11.774	0.425	1.0	1.0
2	15	91	4.0	0.0	11.871	0.341	1.0	1.0
2	15	88	4.0	0.0	12.129	0.341	1.0	1.0
2	15	85	4.0	0.0	12.323	0.599	1.0	1.0
2	15	82	4.0	0.0	12.645	0.551	1.0	1.0
2	15	79	4.0	0.0	13.161	0.454	1.0	1.0
2	15	76	3.774	0.425	13.645	0.486	1.0	1.0
2	15	73	3.355	0.486	13.935	0.629	1.0	1.0
2	15	70	3.065	0.25	14.516	0.57	1.0	1.0
2	15	67	3.0	0.0	15.419	0.62	1.0	1.0
2	15	64	3.0	0.0	16.161	0.688	1.0	1.0
2	15	61	2.871	0.341	17.226	0.92	1.0	1.0
2	15	58	2.387	0.495	18.484	1.435	1.0	1.0
2	15	55	1.774	0.425	20.71	1.553	1.0	1.0
2	15	52	1.276	0.455	25.032	4.401	0.935	1.0
2	15	49	0.28	0.458	31.615	3.906	0.226	0.419
2	15	46	0.0	0.0	nan	nan	0.0	0.0
2	15	43	0.0	0.0	nan	nan	0.0	0.0
2	15	40	0.0	0.0	nan	nan	0.0	0.0
2	15	37	0.0	0.0	nan	nan	0.0	0.0
2	15	34	0.0	0.0	nan	nan	0.0	0.0
2	15	31	0.0	0.0	nan	nan	0.0	0.0
2	15	28	0.0	0.0	nan	nan	0.0	0.0
2	16	100	4.968	0.18	11.129	0.341	1.0	1.0
2	16	97	4.548	0.506	11.452	0.506	1.0	1.0
2	16	94	4.226	0.425	11.806	0.402	1.0	1.0
2	16	91	4.097	0.301	11.871	0.341	1.0	1.0
2	16	88	4.0	0.0	12.097	0.396	1.0	1.0
2	16	85	4.0	0.0	12.419	0.502	1.0	1.0
2	16	82	4.0	0.0	12.839	0.454	1.0	1.0
2	16	79	3.903	0.301	13.097	0.301	1.0	1.0
2	16	76	3.645	0.486	13.645	0.608	1.0	1.0
2	16	73	3.419	0.502	14.065	0.442	1.0	1.0
2	16	70	3.129	0.341	14.581	0.62	1.0	1.0
2	16	67	3.0	0.0	15.226	0.669	1.0	1.0
2	16	64	3.0	0.0	16.129	0.763	1.0	1.0
2	16	61	2.806	0.402	17.258	0.965	1.0	1.0
2	16	58	2.226	0.617	19.161	3.099	1.0	1.0
2	16	55	1.484	0.508	21.613	1.927	1.0	1.0
2	16	52	1.31	0.471	25.548	5.065	0.935	1.0
2	16	49	0.385	0.496	29.333	4.995	0.323	0.484
2	16	46	0.0	0.0	nan	nan	0.0	0.0
2	16	43	0.0	0.0	nan	nan	0.0	0.0
2	16	40	0.0	0.0	nan	nan	0.0	0.0
2	16	37	0.0	0.0	nan	nan	0.0	0.0
2	16	34	0.0	0.0	nan	nan	0.0	0.0
2	16	31	0.0	0.0	nan	nan	0.0	0.0
2	16	28	0.0	0.0	nan	nan	0.0	0.0
2	17	100	4.839	0.374	11.161	0.374	1.0	1.0
2	17	97	4.677	0.475	11.387	0.495	1.0	1.0
2	17	94	4.097	0.301	11.71	0.461	1.0	1.0
2	17	91	4.065	0.25	12.0	0.0	1.0	1.0
2	17	88	4.065	0.25	12.032	0.315	1.0	1.0
2	17	85	4.0	0.0	12.484	0.57	1.0	1.0
2	17	82	4.0	0.0	12.774	0.425	1.0	1.0
2	17	79	3.968	0.18	13.065	0.442	1.0	1.0
2	17	76	3.677	0.475	13.484	0.57	1.0	1.0
2	17	73	3.387	0.495	14.129	0.619	1.0	1.0
2	17	70	3.032	0.18	14.613	0.495	1.0	1.0
2	17	67	3.0	0.0	15.419	0.62	1.0	1.0
2	17	64	2.968	0.18	16.29	0.783	1.0	1.0
2	17	61	2.806	0.402	17.161	1.068	1.0	1.0
2	17	58	2.161	0.454	18.452	0.961	1.0	1.0
2	17	55	1.71	0.461	21.29	2.116	1.0	1.0
2	17	52	1.172	0.602	26.107	4.795	0.839	0.903
2	17	49	0.538	0.582	30.667	5.594	0.419	0.581
2	17	46	0.0	0.0	nan	nan	0.0	0.0
2	17	43	0.0	0.0	nan	nan	0.0	0.0
2	17	40	0.0	0.0	nan	nan	0.0	0.0
2	17	37	0.0	0.0	nan	nan	0.0	0.0
2	17	34	0.0	0.0	nan	nan	0.0	0.0
2	17	31	0.0	0.0	nan	nan	0.0	0.0
2	17	28	0.0	0.0	nan	nan	0.0	0.0
2	18	100	4.645	0.486	11.161	0.374	1.0	1.0
2	18	97	4.355	0.486	11.516	0.508	1.0	1.0
2	18	94	4.129	0.341	11.71	0.461	1.0	1.0
2	18	91	4.032	0.18	11.935	0.25	1.0	1.0
2	18	88	4.0	0.0	12.129	0.341	1.0	1.0
2	18	85	4.0	0.0	12.226	0.497	1.0	1.0
2	18	82	3.968	0.18	12.806	0.477	1.0	1.0
2	18	79	3.968	0.18	13.161	0.454	1.0	1.0
2	18	76	3.71	0.461	13.516	0.57	1.0	1.0
2	18	73	3.419	0.502	14.0	0.632	1.0	1.0
2	18	70	3.097	0.301	14.839	0.735	1.0	1.0
2	18	67	3.065	0.25	15.161	0.779	1.0	1.0
2	18	64	2.968	0.18	16.065	0.814	1.0	1.0
2	18	61	2.774	0.425	17.387	0.989	1.0	1.0
2	18	58	2.29	0.588	18.323	1.222	1.0	1.0
2	18	55	1.71	0.461	22.194	3.198	1.0	1.0
2	18	52	1.467	0.507	24.677	3.3	0.968	1.0
2	18	49	0.483	0.688	31.231	3.7	0.355	0.419
2	18	46	0.0	0.0	37.0	0.0	0.0	0.032
2	18	43	0.0	0.0	nan	nan	0.0	0.0
2	18	40	0.0	0.0	nan	nan	0.0	0.0
2	18	37	0.0	0.0	nan	nan	0.0	0.0
2	18	34	0.0	0.0	nan	nan	0.0	0.0
2	18	31	0.0	0.0	nan	nan	0.0	0.0
2	18	28	0.0	0.0	nan	nan	0.0	0.0
2	19	100	4.839	0.374	11.161	0.374	1.0	1.0
2	19	97	4.516	0.508	11.419	0.502	1.0	1.0
2	19	94	4.032	0.18	11.806	0.402	1.0	1.0
2	19	91	4.0	0.0	11.968	0.18	1.0	1.0
2	19	88	4.0	0.0	12.194	0.402	1.0	1.0
2	19	85	4.0	0.0	12.355	0.551	1.0	1.0
2	19	82	4.0	0.0	12.774	0.497	1.0	1.0
2	19	79	3.903	0.301	13.065	0.629	1.0	1.0
2	19	76	3.774	0.425	13.516	0.508	1.0	1.0
2	19	73	3.419	0.502	14.129	0.67	1.0	1.0
2	19	70	3.097	0.301	14.839	0.523	1.0	1.0
2	19	67	3.0	0.0	15.484	0.811	1.0	1.0
2	19	64	2.935	0.25	16.29	1.27	1.0	1.0
2	19	61	2.774	0.425	17.387	0.882	1.0	1.0
2	19	58	2.226	0.56	18.774	1.175	1.0	1.0
2	19	55	1.677	0.475	21.161	1.828	1.0	1.0
2	19	52	1.241	0.511	24.433	4.321	0.903	0.968
2	19	49	0.214	0.418	29.889	6.03	0.194	0.29
2	19	46	0.0	0.0	nan	nan	0.0	0.0
2	19	43	0.0	0.0	nan	nan	0.0	0.0
2	19	40	0.0	0.0	nan	nan	0.0	0.0
2	19	37	0.0	0.0	nan	nan	0.0	0.0
2	19	34	0.0	0.0	nan	nan	0.0	0.0
2	19	31	0.0	0.0	nan	nan	0.0	0.0
2	19	28	0.0	0.0	nan	nan	0.0	0.0
2	20	100	4.935	0.25	11.194	0.477	1.0	1.0
2	20	97	4.548	0.506	11.29	0.461	1.0	1.0
2	20	94	4.29	0.461	11.839	0.374	1.0	1.0
2	20	91	4.065	0.25	12.065	0.359	1.0	1.0
2	20	88	4.0	0.0	12.194	0.402	1.0	1.0
2	20	85	4.0	0.0	12.548	0.506	1.0	1.0
2	20	82	3.968	0.18	12.839	0.374	1.0	1.0
2	20	79	3.935	0.25	13.29	0.529	1.0	1.0
2	20	76	3.581	0.502	13.613	0.495	1.0	1.0
2	20	73	3.387	0.495	14.032	0.482	1.0	1.0
2	20	70	3.065	0.25	14.613	0.558	1.0	1.0
2	20	67	3.0	0.0	15.355	0.755	1.0	1.0
2	20	64	3.0	0.0	16.097	0.597	1.0	1.0
2	20	61	2.742	0.445	17.387	1.054	1.0	1.0
2	20	58	2.419	0.564	18.355	1.404	1.0	1.0
2	20	55	1.613	0.495	21.452	1.841	1.0	1.0
2	20	52	1.4	0.621	23.724	4.267	0.903	0.935
2	20	49	0.448	0.506	28.933	4.59	0.419	0.484
2	20	46	0.0	0.0	nan	nan	0.0	0.0
2	20	43	0.0	0.0	nan	nan	0.0	0.0
2	20	40	0.0	0.0	nan	nan	0.0	0.0
2	20	37	0.0	0.0	nan	nan	0.0	0.0
2	20	34	0.0	0.0	nan	nan	0.0	0.0
2	20	31	0.0	0.0	nan	nan	0.0	0.0
2	20	28	0.0	0.0	nan	nan	0.0	0.0
2	21	100	4.871	0.341	11.097	0.396	1.0	1.0
2	21	97	4.516	0.508	11.419	0.502	1.0	1.0
2	21	94	4.161	0.374	11.742	0.445	1.0	1.0
2	21	91	4.0	0.0	11.968	0.18	1.0	1.0
2	21	88	4.0	0.0	12.097	0.396	1.0	1.0
2	21	85	4.0	0.0	12.516	0.508	1.0	1.0
2	21	82	3.968	0.18	12.871	0.428	1.0	1.0
2	21	79	3.968	0.18	13.161	0.374	1.0	1.0
2	21	76	3.677	0.475	13.484	0.769	1.0	1.0
2	21	73	3.226	0.425	14.0	0.447	1.0	1.0
2	21	70	3.097	0.301	14.613	0.715	1.0	1.0
2	21	67	2.968	0.18	15.581	1.057	1.0	1.0
2	21	64	2.968	0.18	16.29	0.902	1.0	1.0
2	21	61	2.935	0.25	17.0	0.73	1.0	1.0
2	21	58	2.29	0.461	18.452	1.121	1.0	1.0
2	21	55	1.581	0.564	21.533	2.047	0.968	0.968
2	21	52	1.067	0.45	26.103	3.658	0.903	0.935
2	21	49	0.259	0.526	31.2	3.645	0.194	0.323
2	21	46	0.0	0.0	nan	nan	0.0	0.0
2	21	43	0.0	0.0	nan	nan	0.0	0.0
2	21	40	0.0	0.0	nan	nan	0.0	0.0
2	21	37	0.0	0.0	nan	nan	0.0	0.0
2	21	34	0.0	0.0	nan	nan	0.0	0.0
2	21	31	0.0	0.0	nan	nan	0.0	0.0
2	21	28	0.0	0.0	nan	nan	0.0	0.0
2	22	100	4.903	0.301	11.032	0.18	1.0	1.0
2	22	97	4.387	0.495	11.452	0.506	1.0	1.0
2	22	94	4.258	0.445	11.742	0.445	1.0	1.0
2	22	91	4.097	0.301	12.032	0.18	1.0	1.0
2	22	88	4.0	0.0	12.032	0.315	1.0	1.0
2	22	85	4.0	0.0	12.355	0.551	1.0	1.0
2	22	82	3.968	0.18	12.903	0.396	1.0	1.0
2	22	79	3.903	0.301	13.065	0.359	1.0	1.0
2	22	76	3.581	0.502	13.677	0.599	1.0	1.0
2	22	73	3.516	0.508	13.903	0.597	1.0	1.0
2	22	70	3.065	0.359	14.935	0.998	1.0	1.0
2	22	67	3.0	0.0	15.516	0.811	1.0	1.0
2	22	64	3.0	0.0	16.387	0.715	1.0	1.0
2	22	61	2.742	0.445	17.29	1.101	1.0	1.0
2	22	58	2.129	0.499	18.935	1.181	1.0	1.0
2	22	55	1.774	0.617	21.065	2.205	1.0	1.0
2	22	52	1.097	0.539	24.286	3.78	0.903	0.903
2	22	49	0.464	0.508	30.312	3.86	0.419	0.516
2	22	46	0.0	0.0	nan	nan	0.0	0.0
2	22	43	0.0	0.0	nan	nan	0.0	0.0
2	22	40	0.0	0.0	nan	nan	0.0	0.0
2	22	37	0.0	0.0	nan	nan	0.0	0.0
2	22	34	0.0	0.0	nan	nan	0.0	0.0
2	22	31	0.0	0.0	nan	nan	0.0	0.0
2	22	28	0.0	0.0	nan	nan	0.0	0.0
2	23	100	4.774	0.425	11.097	0.301	1.0	1.0
2	23	97	4.452	0.506	11.161	0.454	1.0	1.0
2	23	94	4.097	0.301	11.839	0.454	1.0	1.0
2	23	91	4.065	0.25	11.935	0.25	1.0	1.0
2	23	88	4.0	0.0	12.0	0.258	1.0	1.0
2	23	85	4.0	0.0	12.355	0.486	1.0	1.0
2	23	82	4.0	0.0	12.806	0.477	1.0	1.0
2	23	79	3.903	0.301	13.161	0.374	1.0	1.0
2	23	76	3.645	0.486	13.548	0.506	1.0	1.0
2	23	73	3.355	0.486	14.0	0.577	1.0	1.0
2	23	70	3.065	0.25	14.677	0.599	1.0	1.0
2	23	67	3.0	0.0	15.355	0.661	1.0	1.0
2	23	64	3.0	0.0	16.516	0.677	1.0	1.0
2	23	61	2.871	0.341	17.29	0.739	1.0	1.0
2	23	58	2.323	0.541	18.452	1.387	1.0	1.0
2	23	55	1.677	0.541	21.097	3.026	1.0	1.0
2	23	52	0.966	0.499	26.704	3.891	0.806	0.871
2	23	49	0.44	0.583	30.125	5.071	0.323	0.516
2	23	46	0.0	0.0	nan	nan	0.0	0.0
2	23	43	0.0	0.0	nan	nan	0.0	0.0
2	23	40	0.0	0.0	nan	nan	0.0	0.0
2	23	37	0.0	0.0	nan	nan	0.0	0.0
2	23	34	0.0	0.0	nan	nan	0.0	0.0
2	23	31	0.0	0.0	nan	nan	0.0	0.0
2	23	28	0.0	0.0	nan	nan	0.0	0.0
2	24	100	4.839	0.374	11.0	0.0	1.0	1.0
2	24	97	4.355	0.486	11.29	0.461	1.0	1.0
2	24	94	4.065	0.25	11.677	0.475	1.0	1.0
2	24	91	4.032	0.18	12.032	0.18	1.0	1.0
2	24	88	4.032	0.18	12.161	0.374	1.0	1.0
2	24	85	4.0	0.0	12.484	0.508	1.0	1.0
2	24	82	3.968	0.18	12.806	0.477	1.0	1.0
2	24	79	3.903	0.301	13.097	0.473	1.0	1.0
2	24	76	3.613	0.495	13.548	0.568	1.0	1.0
2	24	73	3.29	0.461	14.065	0.574	1.0	1.0
2	24	70	3.032	0.18	14.71	0.643	1.0	1.0
2	24	67	3.0	0.0	15.29	0.588	1.0	1.0
2	24	64	3.0	0.0	16.258	0.773	1.0	1.0
2	24	61	2.839	0.374	17.097	0.746	1.0	1.0
2	24	58	2.258	0.514	18.484	0.996	1.0	1.0
2	24	55	1.742	0.575	20.742	1.712	1.0	1.0
2	24	52	1.207	0.491	24.433	3.794	0.903	0.968
2	24	49	0.56	0.651	32.889	3.546	0.387	0.581
2	24	46	0.0	0.0	nan	nan	0.0	0.0
2	24	43	0.0	0.0	nan	nan	0.0	0.0
2	24	40	0.0	0.0	nan	nan	0.0	0.0
2	24	37	0.0	0.0	nan	nan	0.0	0.0
2	24	34	0.0	0.0	nan	nan	0.0	0.0
2	24	31	0.0	0.0	nan	nan	0.0	0.0
2	24	28	0.0	0.0	nan	nan	0.0	0.0
2	25	100	4.613	0.495	11.161	0.374	1.0	1.0
2	25	97	4.484	0.508	11.387	0.495	1.0	1.0
2	25	94	4.129	0.341	11.742	0.445	1.0	1.0
2	25	91	4.097	0.301	11.839	0.374	1.0	1.0
2	25	88	4.0	0.0	12.129	0.428	1.0	1.0
2	25	85	4.0	0.0	12.484	0.508	1.0	1.0
2	25	82	4.0	0.0	12.806	0.402	1.0	1.0
2	25	79	3.935	0.25	13.129	0.341	1.0	1.0
2	25	76	3.548	0.506	13.613	0.495	1.0	1.0
2	25	73	3.323	0.475	14.065	0.574	1.0	1.0
2	25	70	3.097	0.301	14.71	0.938	1.0	1.0
2	25	67	3.0	0.0	15.226	0.617	1.0	1.0
2	25	64	3.0	0.0	16.323	0.653	1.0	1.0
2	25	61	2.71	0.461	17.355	0.95	1.0	1.0
2	25	58	2.419	0.502	18.516	1.71	1.0	1.0
2	25	55	1.839	0.523	21.161	1.881	1.0	1.0
2	25	52	1.241	0.577	25.862	4.557	0.871	0.935
2	25	49	0.444	0.577	30.4	4.954	0.355	0.484
2	25	46	0.065	0.25	26.5	0.707	0.065	0.065
2	25	43	0.0	0.0	nan	nan	0.0	0.0
2	25	40	0.0	0.0	nan	nan	0.0	0.0
2	25	37	0.0	0.0	nan	nan	0.0	0.0
2	25	34	0.0	0.0	nan	nan	0.0	0.0
2	25	31	0.0	0.0	nan	nan	0.0	0.0
2	25	28	0.0	0.0	nan	nan	0.0	0.0
2	26	100	4.806	0.402	11.065	0.25	1.0	1.0
2	26	97	4.387	0.495	11.194	0.402	1.0	1.0
2	26	94	4.097	0.301	11.774	0.425	1.0	1.0
2	26	91	4.0	0.0	12.097	0.301	1.0	1.0
2	26	88	4.032	0.18	12.032	0.315	1.0	1.0
2	26	85	4.0	0.0	12.29	0.588	1.0	1.0
2	26	82	3.968	0.18	12.774	0.425	1.0	1.0
2	26	79	3.903	0.301	13.065	0.442	1.0	1.0
2	26	76	3.581	0.502	13.71	0.529	1.0	1.0
2	26	73	3.29	0.461	14.0	0.632	1.0	1.0
2	26	70	3.226	0.425	14.71	0.588	1.0	1.0
2	26	67	3.0	0.0	15.258	0.773	1.0	1.0
2	26	64	3.0	0.0	16.194	0.654	1.0	1.0
2	26	61	2.742	0.514	17.161	0.969	1.0	1.0
2	26	58	2.355	0.551	18.387	1.202	1.0	1.0
2	26	55	1.645	0.608	21.0	2.366	1.0	1.0
2	26	52	1.172	0.539	24.931	3.585	0.871	0.935
2	26	49	0.333	0.483	31.471	5.316	0.226	0.548
2	26	46	0.0	0.0	nan	nan	0.0	0.0
2	26	43	0.0	0.0	nan	nan	0.0	0.0
2	26	40	0.0	0.0	nan	nan	0.0	0.0
2	26	37	0.0	0.0	nan	nan	0.0	0.0
2	26	34	0.0	0.0	nan	nan	0.0	0.0
2	26	31	0.0	0.0	nan	nan	0.0	0.0
2	26	28	0.0	0.0	nan	nan	0.0	0.0
2	27	100	4.774	0.425	11.129	0.341	1.0	1.0
2	27	97	4.29	0.461	11.484	0.508	1.0	1.0
2	27	94	4.065	0.25	11.742	0.445	1.0	1.0
2	27	91	4.032	0.18	12.032	0.18	1.0	1.0
2	27	88	4.0	0.0	12.129	0.341	1.0	1.0
2	27	85	4.0	0.0	12.581	0.502	1.0	1.0
2	27	82	4.0	0.0	12.71	0.461	1.0	1.0
2	27	79	3.935	0.25	13.226	0.425	1.0	1.0
2	27	76	3.548	0.506	13.516	0.508	1.0	1.0
2	27	73	3.452	0.506	14.194	0.601	1.0	1.0
2	27	70	3.065	0.25	14.935	0.629	1.0	1.0
2	27	67	3.0	0.258	15.645	1.018	1.0	1.0
2	27	64	2.968	0.18	16.161	0.898	1.0	1.0
2	27	61	2.742	0.445	17.226	0.845	1.0	1.0
2	27	58	2.355	0.608	18.097	1.165	1.0	1.0
2	27	55	1.677	0.475	21.452	1.786	1.0	1.0
2	27	52	1.207	0.559	25.414	3.66	0.871	0.935
2	27	49	0.292	0.55	32.923	5.392	0.194	0.419
2	27	46	0.0	0.0	nan	nan	0.0	0.0
2	27	43	0.0	0.0	nan	nan	0.0	0.0
2	27	40	0.0	0.0	nan	nan	0.0	0.0
2	27	37	0.0	0.0	nan	nan	0.0	0.0
2	27	34	0.0	0.0	nan	nan	0.0	0.0
2	27	31	0.0	0.0	nan	nan	0.0	0.0
2	27	28	0.0	0.0	nan	nan	0.0	0.0
2	28	100	4.613	0.495	11.097	0.301	1.0	1.0
2	28	97	4.581	0.502	11.258	0.445	1.0	1.0
2	28	94	4.097	0.301	11.774	0.425	1.0	1.0
2	28	91	4.032	0.18	11.968	0.18	1.0	1.0
2	28	88	4.032	0.18	12.097	0.396	1.0	1.0
2	28	85	4.0	0.0	12.484	0.508	1.0	1.0
2	28	82	3.935	0.25	12.968	0.407	1.0	1.0
2	28	79	3.871	0.341	13.161	0.374	1.0	1.0
2	28	76	3.581	0.502	13.677	0.541	1.0	1.0
2	28	73	3.29	0.461	14.097	0.396	1.0	1.0
2	28	70	3.129	0.341	14.613	0.495	1.0	1.0
2	28	67	3.032	0.18	15.581	0.672	1.0	1.0
2	28	64	3.0	0.0	16.387	0.495	1.0	1.0
2	28	61	2.774	0.425	17.355	0.839	1.0	1.0
2	28	58	2.323	0.475	18.516	1.73	1.0	1.0
2	28	55	1.806	0.477	21.032	2.442	1.0	1.0
2	28	52	1.29	0.461	24.355	3.729	1.0	1.0
2	28	49	0.222	0.424	31.3	5.417	0.194	0.323
2	28	46	0.0	0.0	nan	nan	0.0	0.0
2	28	43	0.0	0.0	nan	nan	0.0	0.0
2	28	40	0.0	0.0	nan	nan	0.0	0.0
2	28	37	0.0	0.0	nan	nan	0.0	0.0
2	28	34	0.0	0.0	nan	nan	0.0	0.0
2	28	31	0.0	0.0	nan	nan	0.0	0.0
2	28	28	0.0	0.0	nan	nan	0.0	0.0
2	29	100	4.742	0.445	11.129	0.341	1.0	1.0
2	29	97	4.323	0.475	11.387	0.495	1.0	1.0
2	29	94	4.097	0.301	11.774	0.425	1.0	1.0
2	29	91	4.0	0.0	11.968	0.315	1.0	1.0
2	29	88	4.032	0.18	12.226	0.425	1.0	1.0
2	29	85	4.0	0.0	12.516	0.57	1.0	1.0
2	29	82	4.0	0.0	12.968	0.547	1.0	1.0
2	29	79	3.903	0.301	13.161	0.374	1.0	1.0
2	29	76	3.516	0.508	13.387	0.495	1.0	1.0
2	29	73	3.194	0.402	14.226	0.56	1.0	1.0
2	29	70	3.0	0.0	14.742	0.514	1.0	1.0
2	29	67	3.065	0.25	15.516	0.508	1.0	1.0
2	29	64	3.0	0.0	16.226	0.717	1.0	1.0
2	29	61	2.677	0.475	17.484	1.029	1.0	1.0
2	29	58	2.226	0.425	18.774	1.334	1.0	1.0
2	29	55	1.833	0.461	20.935	3.183	0.968	1.0
2	29	52	1.4	0.498	24.742	3.916	0.968	1.0
2	29	49	0.345	0.484	28.75	3.934	0.323	0.387
2	29	46	0.032	0.18	26.0	0.0	0.032	0.032
2	29	43	0.0	0.0	nan	nan	0.0	0.0
2	29	40	0.0	0.0	nan	nan	0.0	0.0
2	29	37	0.0	0.0	nan	nan	0.0	0.0
2	29	34	0.0	0.0	nan	nan	0.0	0.0
2	29	31	0.0	0.0	nan	nan	0.0	0.0
2	29	28	0.0	0.0	nan	nan	0.0	0.0
2	30	100	4.742	0.445	11.161	0.374	1.0	1.0
2	30	97	4.516	0.508	11.355	0.486	1.0	1.0
2	30	94	4.097	0.301	11.806	0.402	1.0	1.0
2	30	91	4.032	0.18	11.968	0.315	1.0	1.0
2	30	88	4.0	0.0	12.161	0.374	1.0	1.0
2	30	85	4.0	0.0	12.387	0.495	1.0	1.0
2	30	82	3.968	0.18	12.903	0.301	1.0	1.0
2	30	79	3.903	0.301	13.29	0.588	1.0	1.0
2	30	76	3.677	0.475	13.839	0.374	1.0	1.0
2	30	73	3.194	0.402	14.161	0.583	1.0	1.0
2	30	70	3.0	0.0	14.581	0.502	1.0	1.0
2	30	67	3.032	0.18	15.452	0.568	1.0	1.0
2	30	64	3.0	0.0	16.161	0.638	1.0	1.0
2	30	61	2.806	0.402	17.194	0.792	1.0	1.0
2	30	58	2.29	0.529	18.581	1.089	1.0	1.0
2	30	55	1.806	0.477	21.194	2.548	1.0	1.0
2	30	52	1.258	0.445	25.839	4.236	1.0	1.0
2	30	49	0.423	0.578	31.333	4.515	0.323	0.484
2	30	46	0.0	0.0	nan	nan	0.0	0.0
2	30	43	0.0	0.0	nan	nan	0.0	0.0
2	30	40	0.0	0.0	nan	nan	0.0	0.0
2	30	37	0.0	0.0	nan	nan	0.0	0.0
2	30	34	0.0	0.0	nan	nan	0.0	0.0
2	30	31	0.0	0.0	nan	nan	0.0	0.0
2	30	28	0.0	0.0	nan	nan	0.0	0.0
2	31	100	4.839	0.374	11.29	0.461	1.0	1.0
2	31	97	4.387	0.495	11.516	0.508	1.0	1.0
2	31	94	4.194	0.402	11.677	0.475	1.0	1.0
2	31	91	4.0	0.0	12.0	0.0	1.0	1.0
2	31	88	4.0	0.0	12.032	0.18	1.0	1.0
2	31	85	3.968	0.18	12.419	0.502	1.0	1.0
2	31	82	3.968	0.18	12.871	0.428	1.0	1.0
2	31	79	3.839	0.374	13.29	0.461	1.0	1.0
2	31	76	3.71	0.461	13.742	0.445	1.0	1.0
2	31	73	3.355	0.486	14.258	0.575	1.0	1.0
2	31	70	3.097	0.301	14.645	0.551	1.0	1.0
2	31	67	3.0	0.0	15.323	0.541	1.0	1.0
2	31	64	2.968	0.18	16.452	1.028	1.0	1.0
2	31	61	2.871	0.341	17.258	0.729	1.0	1.0
2	31	58	2.355	0.551	18.355	1.142	1.0	1.0
2	31	55	1.581	0.502	20.871	1.996	1.0	1.0
2	31	52	1.3	0.596	25.233	4.847	0.935	0.968
2	31	49	0.1	0.305	30.25	4.924	0.097	0.129
2	31	46	0.0	0.0	nan	nan	0.0	0.0
2	31	43	0.0	0.0	nan	nan	0.0	0.0
2	31	40	0.0	0.0	nan	nan	0.0	0.0
2	31	37	0.0	0.0	nan	nan	0.0	0.0
2	31	34	0.0	0.0	nan	nan	0.0	0.0
2	31	31	0.0	0.0	nan	nan	0.0	0.0
2	31	28	0.0	0.0	nan	nan	0.0	0.0
3	0	100	4.645	0.486	11.097	0.301	1.0	1.0
3	0	97	4.452	0.506	11.355	0.486	1.0	1.0
3	0	94	4.129	0.341	11.839	0.374	1.0	1.0
3	0	91	4.0	0.0	11.871	0.341	1.0	1.0
3	0	88	4.0	0.0	12.097	0.396	1.0	1.0
3	0	85	4.0	0.0	12.419	0.502	1.0	1.0
3	0	82	4.0	0.0	12.903	0.473	1.0	1.0
3	0	79	3.935	0.25	13.194	0.543	1.0	1.0
3	0	76	3.645	0.486	13.484	0.508	1.0	1.0
3	0	73	3.355	0.486	14.032	0.547	1.0	1.0
3	0	70	3.097	0.301	14.71	0.693	1.0	1.0
3	0	67	3.0	0.0	15.355	0.608	1.0	1.0
3	0	64	3.0	0.0	16.161	0.82	1.0	1.0
3	0	61	2.806	0.402	17.0	0.775	1.0	1.0
3	0	58	2.258	0.575	18.548	1.179	1.0	1.0
3	0	55	1.677	0.475	21.516	1.61	1.0	1.0
3	0	52	1.097	0.539	24.143	3.297	0.903	0.903
3	0	49	0.444	0.577	30.8	4.586	0.355	0.484
3	0	46	0.0	0.0	nan	nan	0.0	0.0
3	0	43	0.0	0.0	nan	nan	0.0	0.0
3	0	40	0.0	0.0	nan	nan	0.0	0.0
3	0	37	0.0	0.0	nan	nan	0.0	0.0
3	0	34	0.0	0.0	nan	nan	0.0	0.0
3	0	31	0.0	0.0	nan	nan	0.0	0.0
3	0	28	0.0	0.0	nan	nan	0.0	0.0
3	1	100	4.581	0.502	11.065	0.25	1.0	1.0
3	1	97	4.194	0.402	11.484	0.508	1.0	1.0
3	1	94	4.129	0.341	11.71	0.461	1.0	1.0
3	1	91	4.0	0.0	11.968	0.407	1.0	1.0
3	1	88	4.0	0.0	12.032	0.407	1.0	1.0
3	1	85	4.0	0.0	12.484	0.57	1.0	1.0
3	1	82	4.0	0.0	12.742	0.445	1.0	1.0
3	1	79	3.903	0.301	13.194	0.477	1.0	1.0
3	1	76	3.677	0.475	13.581	0.502	1.0	1.0
3	1	73	3.29	0.461	14.129	0.499	1.0	1.0
3	1	70	3.032	0.18	14.613	0.615	1.0	1.0
3	1	67	2.968	0.18	15.484	1.061	1.0	1.0
3	1	64	3.0	0.0	16.226	0.56	1.0	1.0
3	1	61	2.806	0.402	17.097	1.106	1.0	1.0
3	1	58	2.226	0.56	18.742	1.57	1.0	1.0
3	1	55	1.516	0.508	21.645	2.751	1.0	1.0
3	1	52	1.034	0.325	25.967	4.888	0.903	0.968
3	1	49	0.25	0.441	30.6	5.621	0.226	0.323
3	1	46	0.0	0.0	nan	nan	0.0	0.0
3	1	43	0.0	0.0	nan	nan	0.0	0.0
3	1	40	0.0	0.0	nan	nan	0.0	0.0
3	1	37	0.0	0.0	nan	nan	0.0	0.0
3	1	34	0.0	0.0	nan	nan	0.0	0.0
3	1	31	0.0	0.0	nan	nan	0.0	0.0
3	1	28	0.0	0.0	nan	nan	0.0	0.0
3	2	100	4.581	0.502	11.194	0.402	1.0	1.0
3	2	97	4.387	0.495	11.387	0.558	1.0	1.0
3	2	94	4.097	0.301	11.71	0.461	1.0	1.0
3	2	91	4.0	0.0	11.935	0.25	1.0	1.0
3	2	88	4.0	0.0	12.161	0.374	1.0	1.0
3	2	85	4.0	0.0	12.548	0.506	1.0	1.0
3	2	82	4.0	0.0	12.903	0.301	1.0	1.0
3	2	79	3.871	0.341	13.161	0.374	1.0	1.0
3	2	76	3.613	0.495	13.516	0.626	1.0	1.0
3	2	73	3.194	0.402	14.0	0.577	1.0	1.0
3	2	70	3.097	0.301	14.645	0.661	1.0	1.0
3	2	67	3.0	0.0	15.161	0.583	1.0	1.0
3	2	64	2.968	0.18	16.29	0.739	1.0	1.0
3	2	61	2.742	0.445	17.323	0.832	1.0	1.0
3	2	58	2.258	0.575	18.645	1.33	1.0	1.0
3	2	55	1.581	0.502	20.806	1.276	1.0	1.0
3	2	52	1.267	0.521	25.433	4.703	0.935	0.968
3	2	49	0.346	0.485	32.286	3.791	0.29	0.452
3	2	46	0.032	0.18	33.0	0.0	0.032	0.032
3	2	43	0.0	0.0	nan	nan	0.0	0.0
3	2	40	0.0	0.0	nan	nan	0.0	0.0
3	2	37	0.0	0.0	nan	nan	0.0	0.0
3	2	34	0.0	0.0	nan	nan	0.0	0.0
3	2	31	0.0	0.0	nan	nan	0.0	0.0
3	2	28	0.0	0.0	nan	nan	0.0	0.0
3	3	100	4.806	0.402	11.194	0.402	1.0	1.0
3	3	97	4.29	0.461	11.355	0.486	1.0	1.0
3	3	94	4.032	0.18	11.774	0.497	1.0	1.0
3	3	91	4.0	0.0	12.032	0.18	1.0	1.0
3	3	88	4.0	0.0	12.161	0.374	1.0	1.0
3	3	85	3.968	0.18	12.548	0.568	1.0	1.0
3	3	82	3.968	0.18	12.774	0.497	1.0	1.0
3	3	79	3.935	0.25	13.226	0.425	1.0	1.0
3	3	76	3.613	0.495	13.548	0.568	1.0	1.0
3	3	73	3.226	0.425	14.129	0.562	1.0	1.0
3	3	70	3.0	0.0	14.677	0.599	1.0	1.0
3	3	67	3.0	0.0	15.484	0.57	1.0	1.0
3	3	64	2.935	0.25	16.452	0.925	1.0	1.0
3	3	61	2.935	0.25	17.129	0.763	1.0	1.0
3	3	58	2.065	0.574	18.742	1.21	1.0	1.0
3	3	55	1.677	0.475	21.387	2.376	1.0	1.0
3	3	52	1.241	0.511	24.767	3.98	0.903	0.968
3	3	49	0.4	0.5	32.125	3.793	0.323	0.516
3	3	46	0.0	0.0	nan	nan	0.0	0.0
3	3	43	0.0	0.0	nan	nan	0.0	0.0
3	3	40	0.0	0.0	nan	nan	0.0	0.0
3	3	37	0.0	0.0	nan	nan	0.0	0.0
3	3	34	0.0	0.0	nan	nan	0.0	0.0
3	3	31	0.0	0.0	nan	nan	0.0	0.0
3	3	28	0.0	0.0	nan	nan	0.0	0.0
3	4	100	4.645	0.486	11.323	0.475	1.0	1.0
3	4	97	4.258	0.445	11.484	0.508	1.0	1.0
3	4	94	4.0	0.0	11.806	0.402	1.0	1.0
3	4	91	4.065	0.25	12.0	0.258	1.0	1.0
3	4	88	4.0	0.0	12.065	0.25	1.0	1.0
3	4	85	4.0	0.0	12.613	0.667	1.0	1.0
3	4	82	4.0	0.0	12.968	0.482	1.0	1.0
3	4	79	3.806	0.402	13.226	0.617	1.0	1.0
3	4	76	3.677	0.475	13.548	0.568	1.0	1.0
3	4	73	3.29	0.461	14.065	0.629	1.0	1.0
3	4	70	3.032	0.18	14.71	0.461	1.0	1.0
3	4	67	3.032	0.18	15.323	0.599	1.0	1.0
3	4	64	2.935	0.25	16.516	0.851	1.0	1.0
3	4	61	2.71	0.461	17.419	0.807	1.0	1.0
3	4	58	2.258	0.445	18.806	1.759	1.0	1.0
3	4	55	1.71	0.529	21.097	1.739	1.0	1.0
3	4	52	1.133	0.629	25.185	3.843	0.839	0.871
3	4	49	0.654	0.562	32.381	3.294	0.516	0.677
3	4	46	0.0	0.0	nan	nan	0.0	0.0
3	4	43	0.0	0.0	nan	nan	0.0	0.0
3	4	40	0.0	0.0	nan	nan	0.0	0.0
3	4	37	0.0	0.0	nan	nan	0.0	0.0
3	4	34	0.0	0.0	nan	nan	0.0	0.0
3	4	31	0.0	0.0	nan	nan	0.0	0.0
3	4	28	0.0	0.0	nan	nan	0.0	0.0
3	5	100	4.516	0.508	11.194	0.402	1.0	1.0
3	5	97	4.516	0.508	11.355	0.486	1.0	1.0
3	5	94	4.129	0.341	11.71	0.461	1.0	1.0
3	5	91	4.0	0.0	11.968	0.18	1.0	1.0
3	5	88	4.032	0.18	12.161	0.374	1.0	1.0
3	5	85	4.0	0.0	12.387	0.558	1.0	1.0
3	5	82	4.0	0.0	12.71	0.588	1.0	1.0
3	5	79	3.903	0.301	13.258	0.514	1.0	1.0
3	5	76	3.548	0.506	13.839	0.583	1.0	1.0
3	5	73	3.161	0.374	14.065	0.442	1.0	1.0
3	5	70	3.065	0.25	14.742	0.682	1.0	1.0
3	5	67	3.0	0.0	15.581	0.765	1.0	1.0
3	5	64	2.935	0.25	16.484	1.18	1.0	1.0
3	5	61	2.806	0.402	17.194	1.108	1.0	1.0
3	5	58	2.065	0.629	18.419	1.177	1.0	1.0
3	5	55	1.419	0.502	21.0	2.477	1.0	1.0
3	5	52	1.161	0.583	24.571	3.404	0.903	0.903
3	5	49	0.333	0.482	31.533	4.809	0.258	0.484
3	5	46	0.0	0.0	nan	nan	0.0	0.0
3	5	43	0.0	0.0	nan	nan	0.0	0.0
3	5	40	0.0	0.0	nan	nan	0.0	0.0
3	5	37	0.0	0.0	nan	nan	0.0	0.0
3	5	34	0.0	0.0	nan	nan	0.0	0.0
3	5	31	0.0	0.0	nan	nan	0.0	0.0
3	5	28	0.0	0.0	nan	nan	0.0	0.0
3	6	100	4.581	0.502	11.161	0.374	1.0	1.0
3	6	97	4.258	0.445	11.548	0.506	1.0	1.0
3	6	94	4.129	0.341	11.677	0.541	1.0	1.0
3	6	91	4.0	0.0	12.0	0.0	1.0	1.0
3	6	88	4.0	0.0	12.161	0.374	1.0	1.0
3	6	85	3.968	0.18	12.516	0.508	1.0	1.0
3	6	82	3.968	0.18	12.839	0.374	1.0	1.0
3	6	79	3.903	0.301	13.258	0.445	1.0	1.0
3	6	76	3.581	0.502	13.71	0.529	1.0	1.0
3	6	73	3.097	0.301	14.161	0.583	1.0	1.0
3	6	70	3.065	0.25	14.742	0.575	1.0	1.0
3	6	67	3.0	0.0	15.355	0.709	1.0	1.0
3	6	64	3.0	0.0	16.0	0.856	1.0	1.0
3	6	61	2.677	0.475	17.355	0.839	1.0	1.0
3	6	58	2.194	0.477	18.613	1.174	1.0	1.0
3	6	55	1.452	0.506	21.258	1.788	1.0	1.0
3	6	52	1.154	0.543	27.207	5.137	0.774	0.935
3	6	49	0.185	0.396	31.444	5.151	0.161	0.29
3	6	46	0.0	0.0	nan	nan	0.0	0.0
3	6	43	0.0	0.0	nan	nan	0.0	0.0
3	6	40	0.0	0.0	nan	nan	0.0	0.0
3	6	37	0.0	0.0	nan	nan	0.0	0.0
3	6	34	0.0	0.0	nan	nan	0.0	0.0
3	6	31	0.0	0.0	nan	nan	0.0	0.0
3	6	28	0.0	0.0	nan	nan	0.0	0.0
3	7	100	4.742	0.445	11.032	0.18	1.0	1.0
3	7	97	4.323	0.475	11.323	0.475	1.0	1.0
3	7	94	4.065	0.25	11.71	0.461	1.0	1.0
3	7	91	4.0	0.0	12.065	0.25	1.0	1.0
3	7	88	4.0	0.0	12.032	0.18	1.0	1.0
3	7	85	4.0	0.0	12.516	0.508	1.0	1.0
3	7	82	3.968	0.18	12.935	0.25	1.0	1.0
3	7	79	3.871	0.341	13.194	0.477	1.0	1.0
3	7	76	3.484	0.508	13.645	0.551	1.0	1.0
3	7	73	3.161	0.374	14.161	0.638	1.0	1.0
3	7	70	3.065	0.25	14.839	0.86	1.0	1.0
3	7	67	3.032	0.18	15.452	0.624	1.0	1.0
3	7	64	3.0	0.0	16.129	0.67	1.0	1.0
3	7	61	2.806	0.402	17.419	1.177	1.0	1.0
3	7	58	2.355	0.608	18.452	1.63	1.0	1.0
3	7	55	1.516	0.57	21.452	3.15	1.0	1.0
3	7	52	1.069	0.53	25.321	3.642	0.839	0.903
3	7	49	0.154	0.368	32.444	5.897	0.129	0.29
3	7	46	0.0	0.0	nan	nan	0.0	0.0
3	7	43	0.0	0.0	nan	nan	0.0	0.0
3	7	40	0.0	0.0	nan	nan	0.0	0.0
3	7	37	0.0	0.0	nan	nan	0.0	0.0
3	7	34	0.0	0.0	nan	nan	0.0	0.0
3	7	31	0.0	0.0	nan	nan	0.0	0.0
3	7	28	0.0	0.0	nan	nan	0.0	0.0
3	8	100	4.484	0.508	11.194	0.402	1.0	1.0
3	8	97	4.258	0.445	11.516	0.508	1.0	1.0
3	8	94	4.065	0.25	11.742	0.445	1.0	1.0
3	8	91	4.032	0.18	12.0	0.0	1.0	1.0
3	8	88	4.0	0.0	12.065	0.25	1.0	1.0
3	8	85	4.0	0.0	12.645	0.486	1.0	1.0
3	8	82	3.968	0.18	12.806	0.477	1.0	1.0
3	8	79	3.871	0.341	13.129	0.428	1.0	1.0
3	8	76	3.484	0.508	13.645	0.608	1.0	1.0
3	8	73	3.129	0.341	14.129	0.499	1.0	1.0
3	8	70	3.032	0.18	14.548	0.568	1.0	1.0
3	8	67	3.032	0.18	15.419	0.672	1.0	1.0
3	8	64	2.968	0.18	16.258	0.965	1.0	1.0
3	8	61	2.774	0.425	17.419	0.886	1.0	1.0
3	8	58	2.258	0.575	18.419	0.992	1.0	1.0
3	8	55	1.677	0.541	21.742	3.464	1.0	1.0
3	8	52	1.032	0.482	24.464	2.516	0.903	0.903
3	8	49	0.217	0.422	32.385	5.606	0.161	0.419
3	8	46	0.0	0.0	nan	nan	0.0	0.0
3	8	43	0.0	0.0	nan	nan	0.0	0.0
3	8	40	0.0	0.0	nan	nan	0.0	0.0
3	8	37	0.0	0.0	nan	nan	0.0	0.0
3	8	34	0.0	0.0	nan	nan	0.0	0.0
3	8	31	0.0	0.0	nan	nan	0.0	0.0
3	8	28	0.0	0.0	nan	nan	0.0	0.0
3	9	100	4.548	0.506	11.194	0.402	1.0	1.0
3	9	97	4.355	0.486	11.355	0.486	1.0	1.0
3	9	94	4.129	0.341	11.806	0.402	1.0	1.0
3	9	91	4.032	0.18	12.0	0.0	1.0	1.0
3	9	88	4.0	0.0	12.097	0.396	1.0	1.0
3	9	85	4.0	0.0	12.484	0.508	1.0	1.0
3	9	82	4.0	0.0	12.806	0.402	1.0	1.0
3	9	79	3.742	0.445	13.194	0.402	1.0	1.0
3	9	76	3.581	0.502	13.645	0.486	1.0	1.0
3	9	73	3.065	0.25	14.097	0.539	1.0	1.0
3	9	70	3.032	0.18	14.839	0.454	1.0	1.0
3	9	67	3.0	0.0	15.484	0.724	1.0	1.0
3	9	64	3.0	0.0	16.355	0.798	1.0	1.0
3	9	61	2.645	0.486	17.677	0.979	1.0	1.0
3	9	58	2.032	0.657	18.806	1.537	1.0	1.0
3	9	55	1.613	0.495	21.419	1.669	1.0	1.0
3	9	52	1.172	0.468	25.733	4.683	0.903	0.968
3	9	49	0.25	0.518	31.0	5.074	0.194	0.29
3	9	46	0.0	0.0	nan	nan	0.0	0.0
3	9	43	0.0	0.0	nan	nan	0.0	0.0
3	9	40	0.0	0.0	nan	nan	0.0	0.0
3	9	37	0.0	0.0	nan	nan	0.0	0.0
3	9	34	0.0	0.0	nan	nan	0.0	0.0
3	9	31	0.0	0.0	nan	nan	0.0	0.0
3	9	28	0.0	0.0	nan	nan	0.0	0.0
3	10	100	4.387	0.495	11.129	0.341	1.0	1.0
3	10	97	4.161	0.374	11.71	0.529	1.0	1.0
3	10	94	4.065	0.25	11.71	0.461	1.0	1.0
3	10	91	4.0	0.0	12.032	0.407	1.0	1.0
3	10	88	4.0	0.0	12.194	0.402	1.0	1.0
3	10	85	4.0	0.0	12.516	0.508	1.0	1.0
3	10	82	3.871	0.341	12.871	0.499	1.0	1.0
3	10	79	3.839	0.374	13.355	0.486	1.0	1.0
3	10	76	3.516	0.508	13.645	0.486	1.0	1.0
3	10	73	3.161	0.374	14.29	0.588	1.0	1.0
3	10	70	3.032	0.18	14.613	0.615	1.0	1.0
3	10	67	3.0	0.0	15.452	0.768	1.0	1.0
3	10	64	3.0	0.0	16.161	0.779	1.0	1.0
3	10	61	2.806	0.402	17.129	0.922	1.0	1.0
3	10	58	2.226	0.56	18.548	1.121	1.0	1.0
3	10	55	1.548	0.506	22.0	2.191	1.0	1.0
3	10	52	1.3	0.466	26.0	3.474	0.968	1.0
3	10	49	0.407	0.747	29.833	7.518	0.258	0.387
3	10	46	0.0	0.0	37.0	2.828	0.0	0.065
3	10	43	0.0	0.0	nan	nan	0.0	0.0
3	10	40	0.0	0.0	nan	nan	0.0	0.0
3	10	37	0.0	0.0	nan	nan	0.0	0.0
3	10	34	0.0	0.0	nan	nan	0.0	0.0
3	10	31	0.0	0.0	nan	nan	0.0	0.0
3	10	28	0.0	0.0	nan	nan	0.0	0.0
3	11	100	4.581	0.502	11.129	0.341	1.0	1.0
3	11	97	4.226	0.425	11.419	0.502	1.0	1.0
3	11	94	4.065	0.25	11.871	0.341	1.0	1.0
3	11	91	4.0	0.0	11.968	0.18	1.0	1.0
3	11	88	4.0	0.0	12.097	0.301	1.0	1.0
3	11	85	4.0	0.0	12.387	0.495	1.0	1.0
3	11	82	4.0	0.0	12.871	0.341	1.0	1.0
3	11	79	3.839	0.374	13.226	0.425	1.0	1.0
3	11	76	3.548	0.506	13.581	0.502	1.0	1.0
3	11	73	3.194	0.402	14.065	0.574	1.0	1.0
3	11	70	3.097	0.301	14.613	0.667	1.0	1.0
3	11	67	3.0	0.0	15.355	0.709	1.0	1.0
3	11	64	3.0	0.0	16.226	0.956	1.0	1.0
3	11	61	2.806	0.402	17.258	0.893	1.0	1.0
3	11	58	2.226	0.56	18.774	1.146	1.0	1.0
3	11	55	1.613	0.495	21.258	2.633	1.0	1.0
3	11	52	1.179	0.39	26.645	4.401	0.903	1.0
3	11	49	0.5	0.659	32.059	4.841	0.323	0.548
3	11	46	0.0	0.0	nan	nan	0.0	0.0
3	11	43	0.0	0.0	nan	nan	0.0	0.0
3	11	40	0.0	0.0	nan	nan	0.0	0.0
3	11	37	0.0	0.0	nan	nan	0.0	0.0
3	11	34	0.0	0.0	nan	nan	0.0	0.0
3	11	31	0.0	0.0	nan	nan	0.0	0.0
3	11	28	0.0	0.0	nan	nan	0.0	0.0
3	12	100	4.548	0.506	11.032	0.18	1.0	1.0
3	12	97	4.129	0.341	11.419	0.502	1.0	1.0
3	12	94	4.065	0.25	11.839	0.374	1.0	1.0
3	12	91	4.0	0.0	11.935	0.25	1.0	1.0
3	12	88	4.0	0.0	12.258	0.445	1.0	1.0
3	12	85	4.0	0.0	12.548	0.506	1.0	1.0
3	12	82	3.968	0.18	12.742	0.514	1.0	1.0
3	12	79	3.871	0.341	13.29	0.529	1.0	1.0
3	12	76	3.581	0.502	13.613	0.495	1.0	1.0
3	12	73	3.194	0.402	14.065	0.512	1.0	1.0
3	12	70	3.0	0.0	14.677	0.702	1.0	1.0
3	12	67	3.0	0.0	15.71	0.902	1.0	1.0
3	12	64	3.0	0.0	16.258	0.815	1.0	1.0
3	12	61	2.742	0.445	17.194	1.078	1.0	1.0
3	12	58	2.129	0.499	18.871	1.147	1.0	1.0
3	12	55	1.774	0.497	21.452	2.142	1.0	1.0
3	12	52	1.172	0.384	26.355	4.601	0.935	1.0
3	12	49	0.286	0.46	30.0	5.04	0.258	0.355
3	12	46	0.0	0.0	nan	nan	0.0	0.0
3	12	43	0.0	0.0	nan	nan	0.0	0.0
3	12	40	0.0	0.0	nan	nan	0.0	0.0
3	12	37	0.0	0.0	nan	nan	0.0	0.0
3	12	34	0.0	0.0	nan	nan	0.0	0.0
3	12	31	0.0	0.0	nan	nan	0.0	0.0
3	12	28	0.0	0.0	nan	nan	0.0	0.0
3	13	100	4.387	0.495	11.161	0.374	1.0	1.0
3	13	97	4.097	0.301	11.516	0.508	1.0	1.0
3	13	94	4.0	0.0	11.71	0.529	1.0	1.0
3	13	91	4.0	0.0	11.968	0.315	1.0	1.0
3	13	88	4.0	0.0	12.065	0.359	1.0	1.0
3	13	85	4.0	0.0	12.452	0.506	1.0	1.0
3	13	82	3.935	0.25	12.968	0.315	1.0	1.0
3	13	79	3.871	0.341	13.097	0.396	1.0	1.0
3	13	76	3.419	0.502	13.903	0.597	1.0	1.0
3	13	73	3.129	0.341	14.194	0.402	1.0	1.0
3	13	70	3.0	0.258	14.645	0.709	1.0	1.0
3	13	67	3.032	0.18	15.581	0.564	1.0	1.0
3	13	64	3.0	0.0	16.581	0.848	1.0	1.0
3	13	61	2.774	0.425	17.516	0.926	1.0	1.0
3	13	58	2.129	0.619	18.645	1.018	1.0	1.0
3	13	55	1.613	0.495	20.71	1.97	1.0	1.0
3	13	52	1.222	0.506	27.1	4.581	0.839	0.968
3	13	49	0.192	0.402	32.2	3.293	0.161	0.323
3	13	46	0.0	0.0	nan	nan	0.0	0.0
3	13	43	0.0	0.0	nan	nan	0.0	0.0
3	13	40	0.0	0.0	nan	nan	0.0	0.0
3	13	37	0.0	0.0	nan	nan	0.0	0.0
3	13	34	0.0	0.0	nan	nan	0.0	0.0
3	13	31	0.0	0.0	nan	nan	0.0	0.0
3	13	28	0.0	0.0	nan	nan	0.0	0.0
3	14	100	4.355	0.486	11.194	0.402	1.0	1.0
3	14	97	4.161	0.374	11.387	0.558	1.0	1.0
3	14	94	4.097	0.301	11.871	0.341	1.0	1.0
3	14	91	4.032	0.18	11.968	0.315	1.0	1.0
3	14	88	4.0	0.0	12.194	0.477	1.0	1.0
3	14	85	4.0	0.0	12.548	0.506	1.0	1.0
3	14	82	3.968	0.18	12.871	0.428	1.0	1.0
3	14	79	3.839	0.374	13.355	0.486	1.0	1.0
3	14	76	3.613	0.495	13.774	0.56	1.0	1.0
3	14	73	3.194	0.402	14.29	0.529	1.0	1.0
3	14	70	3.032	0.18	14.742	0.682	1.0	1.0
3	14	67	3.032	0.18	15.452	0.723	1.0	1.0
3	14	64	2.968	0.18	16.419	0.807	1.0	1.0
3	14	61	2.742	0.445	17.323	0.653	1.0	1.0
3	14	58	2.129	0.428	18.613	1.383	1.0	1.0
3	14	55	1.533	0.629	21.968	3.851	0.968	1.0
3	14	52	0.929	0.466	25.852	4.563	0.774	0.871
3	14	49	0.179	0.39	30.375	6.323	0.161	0.258
3	14	46	0.0	0.0	nan	nan	0.0	0.0
3	14	43	0.0	0.0	nan	nan	0.0	0.0
3	14	40	0.0	0.0	nan	nan	0.0	0.0
3	14	37	0.0	0.0	nan	nan	0.0	0.0
3	14	34	0.0	0.0	nan	nan	0.0	0.0
3	14	31	0.0	0.0	nan	nan	0.0	0.0
3	14	28	0.0	0.0	nan	nan	0.0	0.0
3	15	100	4.419	0.502	11.258	0.445	1.0	1.0
3	15	97	4.226	0.425	11.581	0.502	1.0	1.0
3	15	94	4.0	0.0	11.806	0.402	1.0	1.0
3	15	91	4.0	0.0	12.065	0.359	1.0	1.0
3	15	88	4.0	0.0	12.097	0.396	1.0	1.0
3	15	85	4.0	0.0	12.548	0.506	1.0	1.0
3	15	82	4.0	0.0	12.839	0.374	1.0	1.0
3	15	79	3.806	0.402	13.129	0.341	1.0	1.0
3	15	76	3.452	0.506	13.774	0.425	1.0	1.0
3	15	73	3.161	0.374	14.097	0.396	1.0	1.0
3	15	70	3.0	0.0	14.774	0.669	1.0	1.0
3	15	67	3.0	0.0	15.355	0.551	1.0	1.0
3	15	64	3.0	0.0	16.387	0.667	1.0	1.0
3	15	61	2.581	0.502	17.516	1.151	1.0	1.0
3	15	58	2.194	0.601	18.387	1.174	1.0	1.0
3	15	55	1.419	0.502	21.452	2.158	1.0	1.0
3	15	52	1.1	0.481	25.31	3.496	0.903	0.935
3	15	49	0.143	0.356	32.0	3.697	0.129	0.226
3	15	46	0.0	0.0	nan	nan	0.0	0.0
3	15	43	0.0	0.0	nan	nan	0.0	0.0
3	15	40	0.0	0.0	nan	nan	0.0	0.0
3	15	37	0.0	0.0	nan	nan	0.0	0.0
3	15	34	0.0	0.0	nan	nan	0.0	0.0
3	15	31	0.0	0.0	nan	nan	0.0	0.0
3	15	28	0.0	0.0	nan	nan	0.0	0.0
3	16	100	4.419	0.502	11.097	0.396	1.0	1.0
3	16	97	4.129	0.341	11.516	0.508	1.0	1.0
3	16	94	4.032	0.18	11.968	0.18	1.0	1.0
3	16	91	4.032	0.18	11.968	0.18	1.0	1.0
3	16	88	4.0	0.0	12.29	0.461	1.0	1.0
3	16	85	3.968	0.18	12.581	0.502	1.0	1.0
3	16	82	3.968	0.18	12.839	0.454	1.0	1.0
3	16	79	3.742	0.445	13.258	0.445	1.0	1.0
3	16	76	3.323	0.475	13.806	0.477	1.0	1.0
3	16	73	3.129	0.341	14.387	0.495	1.0	1.0
3	16	70	3.065	0.25	14.935	0.68	1.0	1.0
3	16	67	3.0	0.0	15.677	0.599	1.0	1.0
3	16	64	3.0	0.0	16.161	0.735	1.0	1.0
3	16	61	2.71	0.529	17.452	0.81	1.0	1.0
3	16	58	2.097	0.539	19.032	1.538	1.0	1.0
3	16	55	1.516	0.508	22.0	2.324	1.0	1.0
3	16	52	1.069	0.53	25.821	3.801	0.839	0.903
3	16	49	0.185	0.483	33.5	4.106	0.129	0.258
3	16	46	0.0	0.0	nan	nan	0.0	0.0
3	16	43	0.0	0.0	nan	nan	0.0	0.0
3	16	40	0.0	0.0	nan	nan	0.0	0.0
3	16	37	0.0	0.0	nan	nan	0.0	0.0
3	16	34	0.0	0.0	nan	nan	0.0	0.0
3	16	31	0.0	0.0	nan	nan	0.0	0.0
3	16	28	0.0	0.0	nan	nan	0.0	0.0
3	17	100	4.387	0.495	11.129	0.341	1.0	1.0
3	17	97	4.065	0.25	11.613	0.558	1.0	1.0
3	17	94	4.097	0.301	11.742	0.445	1.0	1.0
3	17	91	4.0	0.0	11.935	0.25	1.0	1.0
3	17	88	4.0	0.0	12.161	0.374	1.0	1.0
3	17	85	4.0	0.0	12.774	0.425	1.0	1.0
3	17	82	3.968	0.18	12.903	0.473	1.0	1.0
3	17	79	3.71	0.461	13.226	0.425	1.0	1.0
3	17	76	3.452	0.506	13.677	0.475	1.0	1.0
3	17	73	3.129	0.341	14.258	0.575	1.0	1.0
3	17	70	3.0	0.0	14.806	0.873	1.0	1.0
3	17	67	2.968	0.18	15.903	1.076	1.0	1.0
3	17	64	2.968	0.18	16.581	0.72	1.0	1.0
3	17	61	2.935	0.25	17.065	0.68	1.0	1.0
3	17	58	2.129	0.562	18.581	0.923	1.0	1.0
3	17	55	1.516	0.508	22.032	2.787	1.0	1.0
3	17	52	1.103	0.557	26.714	4.512	0.839	0.903
3	17	49	0.172	0.468	33.333	2.875	0.129	0.194
3	17	46	0.0	0.0	nan	nan	0.0	0.0
3	17	43	0.0	0.0	nan	nan	0.0	0.0
3	17	40	0.0	0.0	nan	nan	0.0	0.0
3	17	37	0.0	0.0	nan	nan	0.0	0.0
3	17	34	0.0	0.0	nan	nan	0.0	0.0
3	17	31	0.0	0.0	nan	nan	0.0	0.0
3	17	28	0.0	0.0	nan	nan	0.0	0.0
3	18	100	4.452	0.506	11.29	0.461	1.0	1.0
3	18	97	4.161	0.374	11.645	0.486	1.0	1.0
3	18	94	4.032	0.18	11.71	0.461	1.0	1.0
3	18	91	4.0	0.0	12.032	0.315	1.0	1.0
3	18	88	4.032	0.18	12.161	0.374	1.0	1.0
3	18	85	3.968	0.18	12.548	0.506	1.0	1.0
3	18	82	3.903	0.301	13.0	0.447	1.0	1.0
3	18	79	3.903	0.301	13.29	0.461	1.0	1.0
3	18	76	3.548	0.506	13.806	0.477	1.0	1.0
3	18	73	3.097	0.301	14.258	0.445	1.0	1.0
3	18	70	3.0	0.0	14.871	0.806	1.0	1.0
3	18	67	3.0	0.0	15.516	0.57	1.0	1.0
3	18	64	2.968	0.18	16.419	0.765	1.0	1.0
3	18	61	2.677	0.475	17.548	0.768	1.0	1.0
3	18	58	2.194	0.601	18.71	1.596	1.0	1.0
3	18	55	1.516	0.508	21.226	2.432	1.0	1.0
3	18	52	1.0	0.0	25.323	3.936	0.935	1.0
3	18	49	0.367	0.556	28.091	4.505	0.323	0.355
3	18	46	0.0	0.0	nan	nan	0.0	0.0
3	18	43	0.0	0.0	nan	nan	0.0	0.0
3	18	40	0.0	0.0	nan	nan	0.0	0.0
3	18	37	0.0	0.0	nan	nan	0.0	0.0
3	18	34	0.0	0.0	nan	nan	0.0	0.0
3	18	31	0.0	0.0	nan	nan	0.0	0.0
3	18	28	0.0	0.0	nan	nan	0.0	0.0
3	19	100	4.548	0.506	11.194	0.402	1.0	1.0
3	19	97	4.194	0.402	11.645	0.551	1.0	1.0
3	19	94	4.0	0.0	11.903	0.301	1.0	1.0
3	19	91	4.0	0.0	11.935	0.359	1.0	1.0
3	19	88	4.0	0.0	12.161	0.374	1.0	1.0
3	19	85	4.0	0.0	12.548	0.506	1.0	1.0
3	19	82	3.935	0.25	12.839	0.374	1.0	1.0
3	19	79	3.806	0.402	13.194	0.543	1.0	1.0
3	19	76	3.516	0.508	13.645	0.486	1.0	1.0
3	19	73	3.161	0.374	14.323	0.702	1.0	1.0
3	19	70	3.0	0.0	14.871	0.763	1.0	1.0
3	19	67	2.968	0.18	15.71	0.739	1.0	1.0
3	19	64	2.968	0.18	16.484	0.851	1.0	1.0
3	19	61	2.742	0.445	17.29	0.864	1.0	1.0
3	19	58	1.903	0.651	19.161	1.186	1.0	1.0
3	19	55	1.516	0.508	21.806	2.613	1.0	1.0
3	19	52	1.103	0.557	26.103	4.554	0.871	0.935
3	19	49	0.538	0.647	29.824	5.028	0.387	0.548
3	19	46	0.0	0.0	nan	nan	0.0	0.0
3	19	43	0.0	0.0	nan	nan	0.0	0.0
3	19	40	0.0	0.0	nan	nan	0.0	0.0
3	19	37	0.0	0.0	nan	nan	0.0	0.0
3	19	34	0.0	0.0	nan	nan	0.0	0.0
3	19	31	0.0	0.0	nan	nan	0.0	0.0
3	19	28	0.0	0.0	nan	nan	0.0	0.0
3	20	100	4.323	0.475	11.161	0.374	1.0	1.0
3	20	97	4.065	0.25	11.71	0.529	1.0	1.0
3	20	94	4.032	0.18	11.806	0.402	1.0	1.0
3	20	91	4.0	0.0	12.0	0.258	1.0	1.0
3	20	88	4.0	0.0	12.097	0.301	1.0	1.0
3	20	85	4.0	0.0	12.677	0.475	1.0	1.0
3	20	82	3.935	0.25	12.935	0.442	1.0	1.0
3	20	79	3.742	0.445	13.29	0.643	1.0	1.0
3	20	76	3.323	0.475	13.71	0.588	1.0	1.0
3	20	73	3.129	0.341	14.194	0.477	1.0	1.0
3	20	70	3.0	0.0	14.871	0.806	1.0	1.0
3	20	67	3.0	0.0	15.645	0.608	1.0	1.0
3	20	64	2.935	0.25	16.484	0.851	1.0	1.0
3	20	61	2.645	0.551	17.645	0.985	1.0	1.0
3	20	58	2.065	0.574	19.065	1.526	1.0	1.0
3	20	55	1.516	0.508	22.129	2.986	1.0	1.0
3	20	52	1.0	0.555	25.481	4.941	0.742	0.871
3	20	49	0.231	0.514	31.3	5.519	0.161	0.323
3	20	46	0.0	0.0	nan	nan	0.0	0.0
3	20	43	0.0	0.0	nan	nan	0.0	0.0
3	20	40	0.0	0.0	nan	nan	0.0	0.0
3	20	37	0.0	0.0	nan	nan	0.0	0.0
3	20	34	0.0	0.0	nan	nan	0.0	0.0
3	20	31	0.0	0.0	nan	nan	0.0	0.0
3	20	28	0.0	0.0	nan	nan	0.0	0.0
3	21	100	4.548	0.506	11.194	0.402	1.0	1.0
3	21	97	4.065	0.25	11.516	0.508	1.0	1.0
3	21	94	4.032	0.18	11.839	0.374	1.0	1.0
3	21	91	4.0	0.0	12.032	0.18	1.0	1.0
3	21	88	4.0	0.0	12.194	0.402	1.0	1.0
3	21	85	3.968	0.18	12.419	0.564	1.0	1.0
3	21	82	3.903	0.301	12.742	0.445	1.0	1.0
3	21	79	3.774	0.425	13.161	0.523	1.0	1.0
3	21	76	3.387	0.495	13.742	0.514	1.0	1.0
3	21	73	3.194	0.402	14.226	0.497	1.0	1.0
3	21	70	3.0	0.0	14.613	0.667	1.0	1.0
3	21	67	3.0	0.0	15.355	0.608	1.0	1.0
3	21	64	2.935	0.25	16.452	0.723	1.0	1.0
3	21	61	2.677	0.475	17.581	1.025	1.0	1.0
3	21	58	2.065	0.512	19.065	1.209	1.0	1.0
3	21	55	1.387	0.495	21.484	1.387	1.0	1.0
3	21	52	1.103	0.557	25.964	4.435	0.839	0.903
3	21	49	0.231	0.514	33.2	4.367	0.161	0.323
3	21	46	0.0	0.0	nan	nan	0.0	0.0
3	21	43	0.0	0.0	nan	nan	0.0	0.0
3	21	40	0.0	0.0	nan	nan	0.0	0.0
3	21	37	0.0	0.0	nan	nan	0.0	0.0
3	21	34	0.0	0.0	nan	nan	0.0	0.0
3	21	31	0.0	0.0	nan	nan	0.0	0.0
3	21	28	0.0	0.0	nan	nan	0.0	0.0
3	22	100	4.452	0.506	11.097	0.301	1.0	1.0
3	22	97	4.065	0.25	11.581	0.502	1.0	1.0
3	22	94	4.065	0.25	11.806	0.402	1.0	1.0
3	22	91	4.0	0.0	12.065	0.25	1.0	1.0
3	22	88	4.0	0.0	12.258	0.514	1.0	1.0
3	22	85	4.0	0.0	12.548	0.506	1.0	1.0
3	22	82	3.935	0.25	12.935	0.359	1.0	1.0
3	22	79	3.645	0.486	13.161	0.454	1.0	1.0
3	22	76	3.419	0.502	13.677	0.541	1.0	1.0
3	22	73	3.129	0.341	14.129	0.428	1.0	1.0
3	22	70	3.032	0.18	14.613	0.615	1.0	1.0
3	22	67	3.0	0.0	15.774	0.497	1.0	1.0
3	22	64	3.0	0.0	16.29	0.783	1.0	1.0
3	22	61	2.774	0.425	17.226	1.055	1.0	1.0
3	22	58	2.0	0.632	19.29	1.637	1.0	1.0
3	22	55	1.484	0.57	22.161	1.846	1.0	1.0
3	22	52	1.138	0.351	27.032	4.191	0.935	1.0
3	22	49	0.179	0.39	30.75	5.365	0.161	0.258
3	22	46	0.0	0.0	nan	nan	0.0	0.0
3	22	43	0.0	0.0	nan	nan	0.0	0.0
3	22	40	0.0	0.0	nan	nan	0.0	0.0
3	22	37	0.0	0.0	nan	nan	0.0	0.0
3	22	34	0.0	0.0	nan	nan	0.0	0.0
3	22	31	0.0	0.0	nan	nan	0.0	0.0
3	22	28	0.0	0.0	nan	nan	0.0	0.0
3	23	100	4.548	0.506	11.032	0.18	1.0	1.0
3	23	97	4.161	0.374	11.581	0.502	1.0	1.0
3	23	94	4.065	0.25	11.71	0.461	1.0	1.0
3	23	91	4.0	0.0	12.065	0.25	1.0	1.0
3	23	88	4.0	0.0	12.226	0.425	1.0	1.0
3	23	85	4.0	0.0	12.645	0.551	1.0	1.0
3	23	82	3.968	0.18	12.968	0.482	1.0	1.0
3	23	79	3.903	0.301	13.355	0.486	1.0	1.0
3	23	76	3.323	0.475	13.903	0.651	1.0	1.0
3	23	73	3.032	0.18	14.452	0.624	1.0	1.0
3	23	70	3.0	0.0	14.839	0.735	1.0	1.0
3	23	67	3.0	0.0	15.452	0.675	1.0	1.0
3	23	64	3.0	0.0	16.323	0.653	1.0	1.0
3	23	61	2.613	0.558	17.548	1.028	1.0	1.0
3	23	58	2.129	0.562	18.968	1.329	1.0	1.0
3	23	55	1.533	0.507	22.032	2.702	0.968	1.0
3	23	52	1.138	0.441	24.667	4.334	0.903	0.968
3	23	49	0.154	0.368	33.222	4.466	0.129	0.29
3	23	46	0.0	0.0	nan	nan	0.0	0.0
3	23	43	0.0	0.0	nan	nan	0.0	0.0
3	23	40	0.0	0.0	nan	nan	0.0	0.0
3	23	37	0.0	0.0	nan	nan	0.0	0.0
3	23	34	0.0	0.0	nan	nan	0.0	0.0
3	23	31	0.0	0.0	nan	nan	0.0	0.0
3	23	28	0.0	0.0	nan	nan	0.0	0.0
3	24	100	4.323	0.475	11.097	0.301	1.0	1.0
3	24	97	4.032	0.18	11.774	0.425	1.0	1.0
3	24	94	4.0	0.0	11.839	0.454	1.0	1.0
3	24	91	4.0	0.0	12.065	0.25	1.0	1.0
3	24	88	4.0	0.0	12.387	0.558	1.0	1.0
3	24	85	4.0	0.0	12.645	0.551	1.0	1.0
3	24	82	3.935	0.25	12.935	0.359	1.0	1.0
3	24	79	3.677	0.475	13.323	0.541	1.0	1.0
3	24	76	3.226	0.425	13.774	0.497	1.0	1.0
3	24	73	3.032	0.18	14.226	0.497	1.0	1.0
3	24	70	3.0	0.0	15.097	0.597	1.0	1.0
3	24	67	3.0	0.0	15.613	0.761	1.0	1.0
3	24	64	3.0	0.258	16.226	0.762	1.0	1.0
3	24	61	2.581	0.62	17.548	1.179	1.0	1.0
3	24	58	2.29	0.588	18.677	1.249	1.0	1.0
3	24	55	1.387	0.495	21.581	1.979	1.0	1.0
3	24	52	1.0	0.544	26.704	4.149	0.774	0.871
3	24	49	0.36	0.49	30.667	5.052	0.29	0.484
3	24	46	0.0	0.0	nan	nan	0.0	0.0
3	24	43	0.0	0.0	nan	nan	0.0	0.0
3	24	40	0.0	0.0	nan	nan	0.0	0.0
3	24	37	0.0	0.0	nan	nan	0.0	0.0
3	24	34	0.0	0.0	nan	nan	0.0	0.0
3	24	31	0.0	0.0	nan	nan	0.0	0.0
3	24	28	0.0	0.0	nan	nan	0.0	0.0
3	25	100	4.226	0.425	11.226	0.425	1.0	1.0
3	25	97	4.0	0.0	11.484	0.57	1.0	1.0
3	25	94	4.0	0.0	11.871	0.341	1.0	1.0
3	25	91	4.0	0.0	12.0	0.258	1.0	1.0
3	25	88	4.0	0.0	12.226	0.425	1.0	1.0
3	25	85	4.0	0.0	12.419	0.502	1.0	1.0
3	25	82	3.968	0.18	12.871	0.341	1.0	1.0
3	25	79	3.774	0.425	13.226	0.425	1.0	1.0
3	25	76	3.258	0.445	13.677	0.475	1.0	1.0
3	25	73	3.097	0.301	14.226	0.617	1.0	1.0
3	25	70	3.0	0.0	14.806	0.703	1.0	1.0
3	25	67	3.0	0.0	15.516	0.626	1.0	1.0
3	25	64	2.968	0.18	16.323	0.702	1.0	1.0
3	25	61	2.645	0.486	17.71	0.973	1.0	1.0
3	25	58	2.097	0.473	18.871	0.991	1.0	1.0
3	25	55	1.581	0.502	22.548	3.031	1.0	1.0
3	25	52	1.097	0.396	26.1	3.346	0.968	0.968
3	25	49	0.276	0.455	32.0	4.761	0.258	0.323
3	25	46	0.0	0.0	nan	nan	0.0	0.0
3	25	43	0.0	0.0	nan	nan	0.0	0.0
3	25	40	0.0	0.0	nan	nan	0.0	0.0
3	25	37	0.0	0.0	nan	nan	0.0	0.0
3	25	34	0.0	0.0	nan	nan	0.0	0.0
3	25	31	0.0	0.0	nan	nan	0.0	0.0
3	25	28	0.0	0.0	nan	nan	0.0	0.0
3	26	100	4.29	0.461	11.226	0.425	1.0	1.0
3	26	97	4.065	0.25	11.645	0.486	1.0	1.0
3	26	94	4.032	0.18	11.742	0.514	1.0	1.0
3	26	91	4.065	0.25	12.065	0.442	1.0	1.0
3	26	88	4.0	0.0	12.226	0.497	1.0	1.0
3	26	85	3.968	0.18	12.548	0.506	1.0	1.0
3	26	82	3.839	0.374	13.0	0.516	1.0	1.0
3	26	79	3.71	0.461	13.226	0.497	1.0	1.0
3	26	76	3.452	0.506	13.613	0.495	1.0	1.0
3	26	73	3.065	0.25	14.194	0.477	1.0	1.0
3	26	70	2.968	0.18	14.806	0.601	1.0	1.0
3	26	67	3.0	0.0	15.548	0.675	1.0	1.0
3	26	64	3.0	0.0	16.323	0.791	1.0	1.0
3	26	61	2.548	0.624	17.71	1.006	1.0	1.0
3	26	58	2.194	0.601	18.613	1.174	1.0	1.0
3	26	55	1.355	0.486	21.258	1.807	1.0	1.0
3	26	52	0.929	0.539	26.385	5.17	0.742	0.839
3	26	49	0.069	0.258	32.25	6.238	0.065	0.129
3	26	46	0.0	0.0	nan	nan	0.0	0.0
3	26	43	0.0	0.0	nan	nan	0.0	0.0
3	26	40	0.0	0.0	nan	nan	0.0	0.0
3	26	37	0.0	0.0	nan	nan	0.0	0.0
3	26	34	0.0	0.0	nan	nan	0.0	0.0
3	26	31	0.0	0.0	nan	nan	0.0	0.0
3	26	28	0.0	0.0	nan	nan	0.0	0.0
3	27	100	4.387	0.495	11.226	0.425	1.0	1.0
3	27	97	4.129	0.341	11.387	0.495	1.0	1.0
3	27	94	4.032	0.18	11.839	0.374	1.0	1.0
3	27	91	4.0	0.0	11.903	0.301	1.0	1.0
3	27	88	4.0	0.0	12.258	0.445	1.0	1.0
3	27	85	3.935	0.25	12.548	0.506	1.0	1.0
3	27	82	3.968	0.18	12.903	0.473	1.0	1.0
3	27	79	3.613	0.495	13.452	0.506	1.0	1.0
3	27	76	3.387	0.495	13.774	0.425	1.0	1.0
3	27	73	3.032	0.18	14.355	0.551	1.0	1.0
3	27	70	3.032	0.18	14.968	0.706	1.0	1.0
3	27	67	2.968	0.18	15.548	0.995	1.0	1.0
3	27	64	2.968	0.18	16.484	0.677	1.0	1.0
3	27	61	2.774	0.497	17.516	0.962	1.0	1.0
3	27	58	2.0	0.683	19.097	1.491	1.0	1.0
3	27	55	1.484	0.508	21.774	2.232	1.0	1.0
3	27	52	1.033	0.414	25.103	4.337	0.903	0.935
3	27	49	0.136	0.351	34.75	3.388	0.097	0.387
3	27	46	0.0	0.0	nan	nan	0.0	0.0
3	27	43	0.0	0.0	nan	nan	0.0	0.0
3	27	40	0.0	0.0	nan	nan	0.0	0.0
3	27	37	0.0	0.0	nan	nan	0.0	0.0
3	27	34	0.0	0.0	nan	nan	0.0	0.0
3	27	31	0.0	0.0	nan	nan	0.0	0.0
3	27	28	0.0	0.0	nan	nan	0.0	0.0
3	28	100	4.226	0.425	11.258	0.445	1.0	1.0
3	28	97	4.161	0.374	11.71	0.461	1.0	1.0
3	28	94	4.065	0.25	11.839	0.454	1.0	1.0
3	28	91	4.0	0.0	12.065	0.25	1.0	1.0
3	28	88	4.0	0.0	12.194	0.402	1.0	1.0
3	28	85	4.0	0.0	12.645	0.486	1.0	1.0
3	28	82	3.935	0.25	12.968	0.407	1.0	1.0
3	28	79	3.677	0.475	13.355	0.486	1.0	1.0
3	28	76	3.258	0.445	13.806	0.402	1.0	1.0
3	28	73	3.161	0.374	14.032	0.482	1.0	1.0
3	28	70	3.032	0.18	14.774	0.617	1.0	1.0
3	28	67	3.0	0.0	15.548	0.723	1.0	1.0
3	28	64	2.968	0.18	16.484	0.89	1.0	1.0
3	28	61	2.548	0.568	17.742	1.064	1.0	1.0
3	28	58	2.032	0.547	18.968	1.472	1.0	1.0
3	28	55	1.387	0.495	21.871	2.232	1.0	1.0
3	28	52	1.033	0.183	26.355	3.988	0.968	1.0
3	28	49	0.423	0.578	32.933	3.218	0.323	0.484
3	28	46	0.0	0.0	nan	nan	0.0	0.0
3	28	43	0.0	0.0	nan	nan	0.0	0.0
3	28	40	0.0	0.0	nan	nan	0.0	0.0
3	28	37	0.0	0.0	nan	nan	0.0	0.0
3	28	34	0.0	0.0	nan	nan	0.0	0.0
3	28	31	0.0	0.0	nan	nan	0.0	0.0
3	28	28	0.0	0.0	nan	nan	0.0	0.0
3	29	100	4.194	0.402	11.194	0.402	1.0	1.0
3	29	97	4.032	0.18	11.452	0.506	1.0	1.0
3	29	94	4.0	0.0	11.903	0.301	1.0	1.0
3	29	91	4.0	0.0	12.097	0.301	1.0	1.0
3	29	88	4.0	0.0	12.226	0.497	1.0	1.0
3	29	85	4.0	0.0	12.71	0.461	1.0	1.0
3	29	82	4.0	0.0	13.0	0.447	1.0	1.0
3	29	79	3.645	0.486	13.226	0.425	1.0	1.0
3	29	76	3.387	0.495	13.871	0.499	1.0	1.0
3	29	73	3.129	0.341	14.226	0.425	1.0	1.0
3	29	70	3.032	0.18	14.935	0.442	1.0	1.0
3	29	67	3.0	0.0	15.581	0.672	1.0	1.0
3	29	64	3.0	0.0	16.29	0.824	1.0	1.0
3	29	61	2.71	0.461	17.581	1.148	1.0	1.0
3	29	58	2.161	0.523	18.903	1.739	1.0	1.0
3	29	55	1.355	0.486	20.903	1.938	1.0	1.0
3	29	52	1.034	0.566	26.185	4.161	0.806	0.871
3	29	49	0.241	0.435	28.333	5.074	0.226	0.29
3	29	46	0.0	0.0	nan	nan	0.0	0.0
3	29	43	0.0	0.0	nan	nan	0.0	0.0
3	29	40	0.0	0.0	nan	nan	0.0	0.0
3	29	37	0.0	0.0	nan	nan	0.0	0.0
3	29	34	0.0	0.0	nan	nan	0.0	0.0
3	29	31	0.0	0.0	nan	nan	0.0	0.0
3	29	28	0.0	0.0	nan	nan	0.0	0.0
3	30	100	4.29	0.461	11.419	0.502	1.0	1.0
3	30	97	4.032	0.18	11.452	0.506	1.0	1.0
3	30	94	4.0	0.0	11.871	0.428	1.0	1.0
3	30	91	4.0	0.0	12.065	0.359	1.0	1.0
3	30	88	4.0	0.0	12.226	0.497	1.0	1.0
3	30	85	4.0	0.0	12.516	0.508	1.0	1.0
3	30	82	3.903	0.301	12.968	0.482	1.0	1.0
3	30	79	3.581	0.502	13.258	0.445	1.0	1.0
3	30	76	3.194	0.402	13.903	0.396	1.0	1.0
3	30	73	3.161	0.374	14.355	0.486	1.0	1.0
3	30	70	3.0	0.0	15.0	0.516	1.0	1.0
3	30	67	3.0	0.0	15.71	0.643	1.0	1.0
3	30	64	2.968	0.18	16.29	0.643	1.0	1.0
3	30	61	2.806	0.402	17.129	0.885	1.0	1.0
3	30	58	2.032	0.547	18.839	1.416	1.0	1.0
3	30	55	1.548	0.506	20.742	1.548	1.0	1.0
3	30	52	1.034	0.499	26.214	4.434	0.839	0.903
3	30	49	0.1	0.305	31.75	4.5	0.097	0.129
3	30	46	0.0	0.0	nan	nan	0.0	0.0
3	30	43	0.0	0.0	nan	nan	0.0	0.0
3	30	40	0.0	0.0	nan	nan	0.0	0.0
3	30	37	0.0	0.0	nan	nan	0.0	0.0
3	30	34	0.0	0.0	nan	nan	0.0	0.0
3	30	31	0.0	0.0	nan	nan	0.0	0.0
3	30	28	0.0	0.0	nan	nan	0.0	0.0
3	31	100	4.355	0.486	11.226	0.425	1.0	1.0
3	31	97	4.032	0.18	11.516	0.508	1.0	1.0
3	31	94	4.0	0.0	11.935	0.25	1.0	1.0
3	31	91	4.0	0.0	11.968	0.18	1.0	1.0
3	31	88	4.0	0.0	12.258	0.514	1.0	1.0
3	31	85	4.0	0.0	12.581	0.502	1.0	1.0
3	31	82	3.968	0.18	13.0	0.365	1.0	1.0
3	31	79	3.677	0.475	13.355	0.486	1.0	1.0
3	31	76	3.258	0.445	13.806	0.402	1.0	1.0
3	31	73	3.097	0.301	14.194	0.601	1.0	1.0
3	31	70	3.0	0.0	14.774	0.56	1.0	1.0
3	31	67	2.968	0.18	15.613	0.803	1.0	1.0
3	31	64	3.0	0.0	16.484	0.962	1.0	1.0
3	31	61	2.774	0.425	17.419	0.807	1.0	1.0
3	31	58	2.032	0.605	19.194	1.4	1.0	1.0
3	31	55	1.387	0.495	22.065	3.265	1.0	1.0
3	31	52	1.0	0.392	26.586	4.339	0.806	0.935
3	31	49	0.25	0.441	32.1	2.846	0.226	0.323
3	31	46	0.0	0.0	nan	nan	0.0	0.0
3	31	43	0.0	0.0	nan	nan	0.0	0.0
3	31	40	0.0	0.0	nan	nan	0.0	0.0
3	31	37	0.0	0.0	nan	nan	0.0	0.0
3	31	34	0.0	0.0	nan	nan	0.0	0.0
3	31	31	0.0	0.0	nan	nan	0.0	0.0
3	31	28	0.0	0.0	nan	nan	0.0	0.0
4	0	100	4.097	0.301	11.065	0.359	1.0	1.0
4	0	97	4.032	0.18	11.258	0.445	1.0	1.0
4	0	94	4.0	0.0	11.516	0.508	1.0	1.0
4	0	91	4.0	0.0	11.774	0.425	1.0	1.0
4	0	88	4.0	0.0	12.0	0.258	1.0	1.0
4	0	85	4.0	0.0	12.194	0.402	1.0	1.0
4	0	82	3.806	0.402	12.548	0.506	1.0	1.0
4	0	79	3.581	0.502	12.968	0.18	1.0	1.0
4	0	76	3.258	0.445	13.355	0.486	1.0	1.0
4	0	73	3.097	0.301	13.839	0.523	1.0	1.0
4	0	70	3.032	0.18	14.484	0.57	1.0	1.0
4	0	67	3.032	0.18	15.161	0.688	1.0	1.0
4	0	64	3.0	0.0	15.677	0.599	1.0	1.0
4	0	61	2.935	0.25	16.839	0.86	1.0	1.0
4	0	58	2.258	0.514	18.0	0.931	1.0	1.0
4	0	55	1.71	0.588	20.0	1.549	1.0	1.0
4	0	52	1.161	0.523	25.552	3.897	0.935	0.935
4	0	49	0.172	0.384	33.143	3.532	0.161	0.226
4	0	46	0.032	0.18	29.0	0.0	0.032	0.032
4	0	43	0.0	0.0	nan	nan	0.0	0.0
4	0	40	0.0	0.0	nan	nan	0.0	0.0
4	0	37	0.0	0.0	nan	nan	0.0	0.0
4	0	34	0.0	0.0	nan	nan	0.0	0.0
4	0	31	0.0	0.0	nan	nan	0.0	0.0
4	0	28	0.0	0.0	nan	nan	0.0	0.0
4	1	100	4.194	0.402	11.226	0.425	1.0	1.0
4	1	97	4.097	0.301	11.645	0.486	1.0	1.0
4	1	94	4.0	0.0	11.935	0.359	1.0	1.0
4	1	91	4.0	0.0	11.968	0.315	1.0	1.0
4	1	88	4.0	0.0	12.323	0.475	1.0	1.0
4	1	85	4.0	0.0	12.516	0.508	1.0	1.0
4	1	82	3.968	0.18	12.935	0.359	1.0	1.0
4	1	79	3.839	0.374	13.226	0.56	1.0	1.0
4	1	76	3.29	0.461	14.032	0.605	1.0	1.0
4	1	73	3.097	0.301	14.129	0.619	1.0	1.0
4	1	70	3.0	0.0	14.935	0.68	1.0	1.0
4	1	67	2.968	0.18	15.645	0.755	1.0	1.0
4	1	64	2.871	0.341	16.645	0.915	1.0	1.0
4	1	61	2.645	0.551	17.387	0.882	1.0	1.0
4	1	58	2.226	0.497	18.742	1.341	1.0	1.0
4	1	55	1.516	0.508	21.355	2.602	1.0	1.0
4	1	52	1.226	0.56	24.586	4.196	0.935	0.935
4	1	49	0.143	0.356	35.0	2.517	0.129	0.226
4	1	46	0.0	0.0	nan	nan	0.0	0.0
4	1	43	0.0	0.0	nan	nan	0.0	0.0
4	1	40	0.0	0.0	nan	nan	0.0	0.0
4	1	37	0.0	0.0	nan	nan	0.0	0.0
4	1	34	0.0	0.0	nan	nan	0.0	0.0
4	1	31	0.0	0.0	nan	nan	0.0	0.0
4	1	28	0.0	0.0	nan	nan	0.0	0.0
4	2	100	4.258	0.445	11.194	0.402	1.0	1.0
4	2	97	4.032	0.18	11.516	0.508	1.0	1.0
4	2	94	4.0	0.0	11.968	0.18	1.0	1.0
4	2	91	4.0	0.0	12.097	0.473	1.0	1.0
4	2	88	4.0	0.0	12.355	0.486	1.0	1.0
4	2	85	3.968	0.18	12.742	0.514	1.0	1.0
4	2	82	3.806	0.402	12.903	0.396	1.0	1.0
4	2	79	3.742	0.445	13.323	0.475	1.0	1.0
4	2	76	3.258	0.445	13.871	0.428	1.0	1.0
4	2	73	3.0	0.0	14.355	0.608	1.0	1.0
4	2	70	3.0	0.0	15.0	0.73	1.0	1.0
4	2	67	3.0	0.0	15.419	0.564	1.0	1.0
4	2	64	2.968	0.18	16.484	0.851	1.0	1.0
4	2	61	2.71	0.461	17.452	0.85	1.0	1.0
4	2	58	2.129	0.499	19.194	1.47	1.0	1.0
4	2	55	1.419	0.564	21.839	2.721	1.0	1.0
4	2	52	1.036	0.331	27.133	4.485	0.871	0.968
4	2	49	0.133	0.346	31.0	4.416	0.129	0.161
4	2	46	0.0	0.0	nan	nan	0.0	0.0
4	2	43	0.0	0.0	nan	nan	0.0	0.0
4	2	40	0.0	0.0	nan	nan	0.0	0.0
4	2	37	0.0	0.0	nan	nan	0.0	0.0
4	2	34	0.0	0.0	nan	nan	0.0	0.0
4	2	31	0.0	0.0	nan	nan	0.0	0.0
4	2	28	0.0	0.0	nan	nan	0.0	0.0
4	3	100	4.29	0.461	11.226	0.425	1.0	1.0
4	3	97	4.032	0.18	11.548	0.506	1.0	1.0
4	3	94	4.0	0.0	11.903	0.301	1.0	1.0
4	3	91	3.968	0.18	12.032	0.18	1.0	1.0
4	3	88	4.0	0.0	12.226	0.425	1.0	1.0
4	3	85	4.0	0.0	12.677	0.541	1.0	1.0
4	3	82	3.968	0.18	12.968	0.407	1.0	1.0
4	3	79	3.516	0.508	13.258	0.514	1.0	1.0
4	3	76	3.355	0.486	13.806	0.543	1.0	1.0
4	3	73	3.097	0.301	14.29	0.461	1.0	1.0
4	3	70	2.968	0.18	14.71	0.864	1.0	1.0
4	3	67	3.0	0.0	15.548	0.568	1.0	1.0
4	3	64	3.0	0.0	16.387	0.615	1.0	1.0
4	3	61	2.613	0.558	17.613	1.174	1.0	1.0
4	3	58	1.806	0.477	19.516	1.208	1.0	1.0
4	3	55	1.387	0.558	21.0	2.503	1.0	1.0
4	3	52	1.034	0.499	26.893	4.622	0.839	0.903
4	3	49	0.231	0.43	33.364	2.618	0.194	0.355
4	3	46	0.0	0.0	nan	nan	0.0	0.0
4	3	43	0.0	0.0	nan	nan	0.0	0.0
4	3	40	0.0	0.0	nan	nan	0.0	0.0
4	3	37	0.0	0.0	nan	nan	0.0	0.0
4	3	34	0.0	0.0	nan	nan	0.0	0.0
4	3	31	0.0	0.0	nan	nan	0.0	0.0
4	3	28	0.0	0.0	nan	nan	0.0	0.0
4	4	100	4.258	0.445	11.226	0.425	1.0	1.0
4	4	97	4.0	0.0	11.742	0.445	1.0	1.0
4	4	94	4.0	0.0	11.903	0.301	1.0	1.0
4	4	91	4.0	0.0	12.032	0.407	1.0	1.0
4	4	88	4.0	0.0	12.355	0.486	1.0	1.0
4	4	85	4.0	0.0	12.742	0.445	1.0	1.0
4	4	82	4.0	0.0	13.065	0.359	1.0	1.0
4	4	79	3.613	0.495	13.226	0.497	1.0	1.0
4	4	76	3.258	0.445	13.742	0.445	1.0	1.0
4	4	73	3.032	0.18	14.323	0.541	1.0	1.0
4	4	70	3.0	0.0	14.935	0.68	1.0	1.0
4	4	67	3.0	0.0	15.613	0.615	1.0	1.0
4	4	64	3.0	0.0	16.161	0.82	1.0	1.0
4	4	61	2.645	0.486	17.774	1.117	1.0	1.0
4	4	58	2.194	0.654	18.645	1.496	1.0	1.0
4	4	55	1.452	0.506	21.839	2.002	1.0	1.0
4	4	52	1.103	0.409	25.067	4.242	0.903	0.968
4	4	49	0.033	0.183	35.0	2.828	0.032	0.065
4	4	46	0.0	0.0	nan	nan	0.0	0.0
4	4	43	0.0	0.0	nan	nan	0.0	0.0
4	4	40	0.0	0.0	nan	nan	0.0	0.0
4	4	37	0.0	0.0	nan	nan	0.0	0.0
4	4	34	0.0	0.0	nan	nan	0.0	0.0
4	4	31	0.0	0.0	nan	nan	0.0	0.0
4	4	28	0.0	0.0	nan	nan	0.0	0.0
4	5	100	4.065	0.25	11.29	0.461	1.0	1.0
4	5	97	4.032	0.18	11.581	0.502	1.0	1.0
4	5	94	4.0	0.0	11.968	0.18	1.0	1.0
4	5	91	4.0	0.0	12.0	0.258	1.0	1.0
4	5	88	3.968	0.18	12.097	0.396	1.0	1.0
4	5	85	4.0	0.0	12.548	0.506	1.0	1.0
4	5	82	3.71	0.461	12.935	0.359	1.0	1.0
4	5	79	3.581	0.502	13.29	0.461	1.0	1.0
4	5	76	3.258	0.445	13.774	0.497	1.0	1.0
4	5	73	3.032	0.18	14.194	0.543	1.0	1.0
4	5	70	3.0	0.0	14.774	0.669	1.0	1.0
4	5	67	2.968	0.18	15.935	0.854	1.0	1.0
4	5	64	2.968	0.18	16.484	0.724	1.0	1.0
4	5	61	2.839	0.374	17.194	0.873	1.0	1.0
4	5	58	2.065	0.629	18.871	1.258	1.0	1.0
4	5	55	1.419	0.502	21.935	2.839	1.0	1.0
4	5	52	1.0	0.516	25.481	4.291	0.871	0.871
4	5	49	0.103	0.31	31.4	3.578	0.097	0.161
4	5	46	0.0	0.0	nan	nan	0.0	0.0
4	5	43	0.0	0.0	nan	nan	0.0	0.0
4	5	40	0.0	0.0	nan	nan	0.0	0.0
4	5	37	0.0	0.0	nan	nan	0.0	0.0
4	5	34	0.0	0.0	nan	nan	0.0	0.0
4	5	31	0.0	0.0	nan	nan	0.0	0.0
4	5	28	0.0	0.0	nan	nan	0.0	0.0
4	6	100	4.065	0.25	11.29	0.461	1.0	1.0
4	6	97	4.097	0.301	11.452	0.506	1.0	1.0
4	6	94	4.0	0.0	11.774	0.425	1.0	1.0
4	6	91	4.0	0.0	11.968	0.18	1.0	1.0
4	6	88	4.0	0.0	12.258	0.445	1.0	1.0
4	6	85	3.968	0.18	12.645	0.551	1.0	1.0
4	6	82	3.806	0.402	12.968	0.315	1.0	1.0
4	6	79	3.645	0.486	13.29	0.739	1.0	1.0
4	6	76	3.258	0.445	13.774	0.56	1.0	1.0
4	6	73	3.065	0.25	14.484	0.677	1.0	1.0
4	6	70	3.0	0.0	14.839	0.779	1.0	1.0
4	6	67	3.0	0.0	15.613	0.803	1.0	1.0
4	6	64	2.935	0.25	16.419	0.848	1.0	1.0
4	6	61	2.806	0.477	17.581	0.848	1.0	1.0
4	6	58	2.161	0.454	18.742	1.21	1.0	1.0
4	6	55	1.355	0.486	21.871	2.045	1.0	1.0
4	6	52	1.129	0.428	25.8	3.336	0.968	0.968
4	6	49	0.222	0.424	32.2	4.638	0.194	0.323
4	6	46	0.0	0.0	nan	nan	0.0	0.0
4	6	43	0.0	0.0	nan	nan	0.0	0.0
4	6	40	0.0	0.0	nan	nan	0.0	0.0
4	6	37	0.0	0.0	nan	nan	0.0	0.0
4	6	34	0.0	0.0	nan	nan	0.0	0.0
4	6	31	0.0	0.0	nan	nan	0.0	0.0
4	6	28	0.0	0.0	nan	nan	0.0	0.0
4	7	100	4.065	0.25	11.323	0.475	1.0	1.0
4	7	97	4.032	0.18	11.645	0.486	1.0	1.0
4	7	94	4.032	0.18	11.903	0.301	1.0	1.0
4	7	91	4.0	0.0	11.968	0.18	1.0	1.0
4	7	88	4.0	0.0	12.194	0.402	1.0	1.0
4	7	85	3.903	0.301	12.742	0.445	1.0	1.0
4	7	82	3.903	0.301	12.935	0.442	1.0	1.0
4	7	79	3.71	0.461	13.452	0.506	1.0	1.0
4	7	76	3.323	0.475	13.71	0.529	1.0	1.0
4	7	73	3.0	0.0	14.129	0.499	1.0	1.0
4	7	70	3.032	0.18	14.871	0.562	1.0	1.0
4	7	67	3.0	0.0	15.677	0.653	1.0	1.0
4	7	64	3.0	0.0	16.29	0.693	1.0	1.0
4	7	61	2.484	0.508	17.742	1.064	1.0	1.0
4	7	58	2.097	0.473	18.839	1.068	1.0	1.0
4	7	55	1.355	0.486	22.484	2.127	1.0	1.0
4	7	52	1.103	0.409	25.867	3.946	0.903	0.968
4	7	49	0.207	0.412	31.0	5.071	0.194	0.258
4	7	46	0.0	0.0	37.0	0.0	0.0	0.032
4	7	43	0.0	0.0	nan	nan	0.0	0.0
4	7	40	0.0	0.0	nan	nan	0.0	0.0
4	7	37	0.0	0.0	nan	nan	0.0	0.0
4	7	34	0.0	0.0	nan	nan	0.0	0.0
4	7	31	0.0	0.0	nan	nan	0.0	0.0
4	7	28	0.0	0.0	nan	nan	0.0	0.0
4	8	100	4.129	0.341	11.129	0.341	1.0	1.0
4	8	97	4.0	0.0	11.516	0.508	1.0	1.0
4	8	94	4.0	0.0	11.871	0.341	1.0	1.0
4	8	91	4.0	0.0	11.968	0.315	1.0	1.0
4	8	88	3.968	0.18	12.258	0.445	1.0	1.0
4	8	85	3.968	0.18	12.613	0.495	1.0	1.0
4	8	82	3.774	0.425	12.968	0.407	1.0	1.0
4	8	79	3.645	0.486	13.323	0.475	1.0	1.0
4	8	76	3.258	0.445	13.806	0.477	1.0	1.0
4	8	73	3.097	0.301	14.419	0.62	1.0	1.0
4	8	70	3.0	0.0	14.968	0.605	1.0	1.0
4	8	67	3.0	0.0	15.29	0.643	1.0	1.0
4	8	64	2.968	0.18	16.516	0.811	1.0	1.0
4	8	61	2.387	0.715	17.742	1.094	1.0	1.0
4	8	58	2.129	0.619	18.968	1.602	1.0	1.0
4	8	55	1.355	0.486	21.355	1.976	1.0	1.0
4	8	52	1.037	0.518	26.929	4.906	0.774	0.903
4	8	49	0.385	0.496	30.667	5.42	0.323	0.484
4	8	46	0.0	0.0	nan	nan	0.0	0.0
4	8	43	0.0	0.0	nan	nan	0.0	0.0
4	8	40	0.0	0.0	nan	nan	0.0	0.0
4	8	37	0.0	0.0	nan	nan	0.0	0.0
4	8	34	0.0	0.0	nan	nan	0.0	0.0
4	8	31	0.0	0.0	nan	nan	0.0	0.0
4	8	28	0.0	0.0	nan	nan	0.0	0.0
4	9	100	4.129	0.341	11.258	0.445	1.0	1.0
4	9	97	4.032	0.18	11.581	0.502	1.0	1.0
4	9	94	4.0	0.0	11.968	0.18	1.0	1.0
4	9	91	4.0	0.0	12.065	0.25	1.0	1.0
4	9	88	4.0	0.0	12.419	0.502	1.0	1.0
4	9	85	3.968	0.18	12.613	0.495	1.0	1.0
4	9	82	3.742	0.445	13.097	0.396	1.0	1.0
4	9	79	3.581	0.502	13.387	0.495	1.0	1.0
4	9	76	3.161	0.374	13.968	0.547	1.0	1.0
4	9	73	3.0	0.0	14.355	0.661	1.0	1.0
4	9	70	3.0	0.0	14.645	0.755	1.0	1.0
4	9	67	3.0	0.0	15.613	0.667	1.0	1.0
4	9	64	2.968	0.18	16.484	0.724	1.0	1.0
4	9	61	2.581	0.502	17.613	1.174	1.0	1.0
4	9	58	1.935	0.574	19.194	1.223	1.0	1.0
4	9	55	1.323	0.475	22.355	2.214	1.0	1.0
4	9	52	0.893	0.416	27.444	5.01	0.774	0.871
4	9	49	0.069	0.258	32.5	5.196	0.065	0.129
4	9	46	0.0	0.0	nan	nan	0.0	0.0
4	9	43	0.0	0.0	nan	nan	0.0	0.0
4	9	40	0.0	0.0	nan	nan	0.0	0.0
4	9	37	0.0	0.0	nan	nan	0.0	0.0
4	9	34	0.0	0.0	nan	nan	0.0	0.0
4	9	31	0.0	0.0	nan	nan	0.0	0.0
4	9	28	0.0	0.0	nan	nan	0.0	0.0
4	10	100	4.129	0.341	11.29	0.461	1.0	1.0
4	10	97	4.065	0.25	11.742	0.445	1.0	1.0
4	10	94	4.0	0.0	11.903	0.301	1.0	1.0
4	10	91	4.0	0.0	12.097	0.396	1.0	1.0
4	10	88	4.0	0.0	12.129	0.341	1.0	1.0
4	10	85	3.935	0.25	12.548	0.506	1.0	1.0
4	10	82	3.806	0.402	12.903	0.396	1.0	1.0
4	10	79	3.774	0.425	13.29	0.461	1.0	1.0
4	10	76	3.161	0.374	13.742	0.631	1.0	1.0
4	10	73	3.065	0.25	14.258	0.575	1.0	1.0
4	10	70	3.0	0.0	14.677	0.541	1.0	1.0
4	10	67	3.0	0.0	15.548	0.723	1.0	1.0
4	10	64	2.903	0.301	16.516	1.262	1.0	1.0
4	10	61	2.839	0.374	17.484	1.768	1.0	1.0
4	10	58	2.097	0.539	19.161	1.393	1.0	1.0
4	10	55	1.323	0.541	21.833	2.23	0.968	0.968
4	10	52	1.077	0.392	27.633	5.068	0.806	0.968
4	10	49	0.107	0.315	33.667	3.67	0.097	0.194
4	10	46	0.0	0.0	nan	nan	0.0	0.0
4	10	43	0.0	0.0	nan	nan	0.0	0.0
4	10	40	0.0	0.0	nan	nan	0.0	0.0
4	10	37	0.0	0.0	nan	nan	0.0	0.0
4	10	34	0.0	0.0	nan	nan	0.0	0.0
4	10	31	0.0	0.0	nan	nan	0.0	0.0
4	10	28	0.0	0.0	nan	nan	0.0	0.0
4	11	100	4.194	0.402	11.355	0.486	1.0	1.0
4	11	97	4.129	0.341	11.581	0.502	1.0	1.0
4	11	94	4.0	0.0	11.968	0.315	1.0	1.0
4	11	91	4.0	0.0	12.065	0.25	1.0	1.0
4	11	88	4.0	0.0	12.29	0.461	1.0	1.0
4	11	85	4.0	0.0	12.548	0.506	1.0	1.0
4	11	82	3.774	0.425	12.903	0.396	1.0	1.0
4	11	79	3.516	0.508	13.387	0.615	1.0	1.0
4	11	76	3.129	0.341	13.806	0.601	1.0	1.0
4	11	73	3.161	0.374	14.194	0.543	1.0	1.0
4	11	70	3.0	0.0	14.968	0.547	1.0	1.0
4	11	67	3.0	0.0	15.484	0.851	1.0	1.0
4	11	64	2.935	0.359	16.581	0.72	1.0	1.0
4	11	61	2.645	0.486	17.742	1.21	1.0	1.0
4	11	58	2.129	0.428	19.065	1.389	1.0	1.0
4	11	55	1.516	0.508	21.677	2.688	1.0	1.0
4	11	52	1.074	0.474	26.621	4.829	0.806	0.935
4	11	49	0.133	0.346	29.0	4.743	0.129	0.161
4	11	46	0.0	0.0	nan	nan	0.0	0.0
4	11	43	0.0	0.0	nan	nan	0.0	0.0
4	11	40	0.0	0.0	nan	nan	0.0	0.0
4	11	37	0.0	0.0	nan	nan	0.0	0.0
4	11	34	0.0	0.0	nan	nan	0.0	0.0
4	11	31	0.0	0.0	nan	nan	0.0	0.0
4	11	28	0.0	0.0	nan	nan	0.0	0.0
4	12	100	4.129	0.341	11.29	0.529	1.0	1.0
4	12	97	4.0	0.0	11.645	0.486	1.0	1.0
4	12	94	4.0	0.0	11.968	0.18	1.0	1.0
4	12	91	4.0	0.0	12.065	0.25	1.0	1.0
4	12	88	4.0	0.0	12.355	0.486	1.0	1.0
4	12	85	3.968	0.18	12.677	0.475	1.0	1.0
4	12	82	3.839	0.374	13.0	0.365	1.0	1.0
4	12	79	3.516	0.508	13.258	0.514	1.0	1.0
4	12	76	3.129	0.341	13.935	0.512	1.0	1.0
4	12	73	3.065	0.25	14.452	0.568	1.0	1.0
4	12	70	3.0	0.0	14.935	0.629	1.0	1.0
4	12	67	3.0	0.0	15.71	0.693	1.0	1.0
4	12	64	2.903	0.301	16.581	0.923	1.0	1.0
4	12	61	2.548	0.506	17.516	0.851	1.0	1.0
4	12	58	2.032	0.547	18.774	0.99	1.0	1.0
4	12	55	1.387	0.495	21.452	1.67	1.0	1.0
4	12	52	1.097	0.473	24.241	2.972	0.935	0.935
4	12	49	0.172	0.384	31.857	4.14	0.161	0.226
4	12	46	0.0	0.0	nan	nan	0.0	0.0
4	12	43	0.0	0.0	nan	nan	0.0	0.0
4	12	40	0.0	0.0	nan	nan	0.0	0.0
4	12	37	0.0	0.0	nan	nan	0.0	0.0
4	12	34	0.0	0.0	nan	nan	0.0	0.0
4	12	31	0.0	0.0	nan	nan	0.0	0.0
4	12	28	0.0	0.0	nan	nan	0.0	0.0
4	13	100	4.194	0.402	11.355	0.486	1.0	1.0
4	13	97	4.065	0.25	11.645	0.486	1.0	1.0
4	13	94	4.0	0.0	11.935	0.25	1.0	1.0
4	13	91	3.968	0.18	12.0	0.447	1.0	1.0
4	13	88	4.0	0.0	12.323	0.475	1.0	1.0
4	13	85	4.0	0.0	12.645	0.486	1.0	1.0
4	13	82	3.806	0.402	13.097	0.396	1.0	1.0
4	13	79	3.774	0.425	13.226	0.497	1.0	1.0
4	13	76	3.226	0.425	13.871	0.562	1.0	1.0
4	13	73	3.032	0.18	14.323	0.475	1.0	1.0
4	13	70	3.032	0.18	15.0	0.632	1.0	1.0
4	13	67	3.0	0.0	15.419	0.765	1.0	1.0
4	13	64	3.0	0.0	16.516	0.811	1.0	1.0
4	13	61	2.677	0.475	17.419	0.958	1.0	1.0
4	13	58	2.097	0.597	19.097	1.165	1.0	1.0
4	13	55	1.452	0.506	21.871	2.513	1.0	1.0
4	13	52	0.966	0.499	28.222	4.255	0.806	0.871
4	13	49	0.069	0.258	33.25	3.775	0.065	0.129
4	13	46	0.0	0.0	nan	nan	0.0	0.0
4	13	43	0.0	0.0	nan	nan	0.0	0.0
4	13	40	0.0	0.0	nan	nan	0.0	0.0
4	13	37	0.0	0.0	nan	nan	0.0	0.0
4	13	34	0.0	0.0	nan	nan	0.0	0.0
4	13	31	0.0	0.0	nan	nan	0.0	0.0
4	13	28	0.0	0.0	nan	nan	0.0	0.0
4	14	100	4.161	0.374	11.258	0.445	1.0	1.0
4	14	97	4.065	0.25	11.548	0.506	1.0	1.0
4	14	94	4.032	0.18	11.871	0.341	1.0	1.0
4	14	91	4.0	0.0	12.032	0.407	1.0	1.0
4	14	88	4.0	0.0	12.355	0.486	1.0	1.0
4	14	85	4.0	0.0	12.677	0.541	1.0	1.0
4	14	82	3.71	0.461	13.097	0.473	1.0	1.0
4	14	79	3.613	0.495	13.161	0.454	1.0	1.0
4	14	76	3.226	0.425	13.839	0.523	1.0	1.0
4	14	73	3.032	0.18	14.258	0.682	1.0	1.0
4	14	70	3.065	0.25	14.806	0.601	1.0	1.0
4	14	67	3.0	0.0	15.71	0.643	1.0	1.0
4	14	64	3.0	0.0	16.419	0.502	1.0	1.0
4	14	61	2.742	0.445	17.29	0.938	1.0	1.0
4	14	58	2.0	0.516	18.806	1.014	1.0	1.0
4	14	55	1.4	0.498	22.226	3.063	0.968	1.0
4	14	52	0.963	0.518	27.259	4.817	0.742	0.871
4	14	49	0.226	0.425	28.714	4.071	0.226	0.226
4	14	46	0.032	0.18	32.0	0.0	0.032	0.032
4	14	43	0.0	0.0	nan	nan	0.0	0.0
4	14	40	0.0	0.0	nan	nan	0.0	0.0
4	14	37	0.0	0.0	nan	nan	0.0	0.0
4	14	34	0.0	0.0	nan	nan	0.0	0.0
4	14	31	0.0	0.0	nan	nan	0.0	0.0
4	14	28	0.0	0.0	nan	nan	0.0	0.0
4	15	100	4.097	0.301	11.29	0.461	1.0	1.0
4	15	97	4.0	0.0	11.742	0.445	1.0	1.0
4	15	94	4.0	0.0	11.968	0.315	1.0	1.0
4	15	91	4.0	0.0	12.065	0.25	1.0	1.0
4	15	88	4.0	0.0	12.258	0.514	1.0	1.0
4	15	85	3.968	0.18	12.71	0.461	1.0	1.0
4	15	82	3.871	0.341	13.032	0.407	1.0	1.0
4	15	79	3.419	0.502	13.355	0.486	1.0	1.0
4	15	76	3.097	0.301	13.903	0.473	1.0	1.0
4	15	73	3.065	0.25	14.419	0.62	1.0	1.0
4	15	70	3.0	0.258	15.161	0.523	1.0	1.0
4	15	67	3.0	0.0	15.839	0.688	1.0	1.0
4	15	64	2.935	0.25	16.677	0.832	1.0	1.0
4	15	61	2.71	0.529	17.419	1.025	1.0	1.0
4	15	58	2.097	0.651	18.935	1.611	1.0	1.0
4	15	55	1.452	0.506	22.516	2.502	1.0	1.0
4	15	52	1.0	0.455	25.321	4.439	0.871	0.903
4	15	49	0.083	0.282	35.0	2.345	0.065	0.29
4	15	46	0.0	0.0	nan	nan	0.0	0.0
4	15	43	0.0	0.0	nan	nan	0.0	0.0
4	15	40	0.0	0.0	nan	nan	0.0	0.0
4	15	37	0.0	0.0	nan	nan	0.0	0.0
4	15	34	0.0	0.0	nan	nan	0.0	0.0
4	15	31	0.0	0.0	nan	nan	0.0	0.0
4	15	28	0.0	0.0	nan	nan	0.0	0.0
4	16	100	4.161	0.374	11.419	0.502	1.0	1.0
4	16	97	4.032	0.18	11.645	0.486	1.0	1.0
4	16	94	4.0	0.0	11.903	0.301	1.0	1.0
4	16	91	4.0	0.0	12.032	0.18	1.0	1.0
4	16	88	3.968	0.18	12.226	0.425	1.0	1.0
4	16	85	4.0	0.0	12.71	0.529	1.0	1.0
4	16	82	3.677	0.475	13.032	0.482	1.0	1.0
4	16	79	3.613	0.495	13.419	0.564	1.0	1.0
4	16	76	3.129	0.341	13.839	0.523	1.0	1.0
4	16	73	3.0	0.0	14.516	0.508	1.0	1.0
4	16	70	3.0	0.0	14.968	0.547	1.0	1.0
4	16	67	3.0	0.0	15.71	0.739	1.0	1.0
4	16	64	2.968	0.18	16.29	0.824	1.0	1.0
4	16	61	2.677	0.475	17.516	0.962	1.0	1.0
4	16	58	1.871	0.619	19.355	1.427	1.0	1.0
4	16	55	1.355	0.486	21.742	2.113	1.0	1.0
4	16	52	0.7	0.466	26.727	3.894	0.677	0.71
4	16	49	0.097	0.301	30.333	5.508	0.097	0.097
4	16	46	0.0	0.0	nan	nan	0.0	0.0
4	16	43	0.0	0.0	nan	nan	0.0	0.0
4	16	40	0.0	0.0	nan	nan	0.0	0.0
4	16	37	0.0	0.0	nan	nan	0.0	0.0
4	16	34	0.0	0.0	nan	nan	0.0	0.0
4	16	31	0.0	0.0	nan	nan	0.0	0.0
4	16	28	0.0	0.0	nan	nan	0.0	0.0
4	17	100	4.097	0.301	11.355	0.486	1.0	1.0
4	17	97	4.032	0.18	11.613	0.495	1.0	1.0
4	17	94	4.032	0.18	11.806	0.402	1.0	1.0
4	17	91	4.0	0.0	12.032	0.315	1.0	1.0
4	17	88	4.0	0.0	12.323	0.475	1.0	1.0
4	17	85	3.935	0.25	12.71	0.588	1.0	1.0
4	17	82	3.806	0.402	13.065	0.359	1.0	1.0
4	17	79	3.484	0.508	13.323	0.541	1.0	1.0
4	17	76	3.097	0.301	13.935	0.629	1.0	1.0
4	17	73	3.129	0.341	14.355	0.608	1.0	1.0
4	17	70	3.0	0.0	15.0	0.683	1.0	1.0
4	17	67	3.0	0.0	15.71	0.643	1.0	1.0
4	17	64	3.0	0.0	16.581	0.765	1.0	1.0
4	17	61	2.452	0.624	17.806	0.946	1.0	1.0
4	17	58	1.71	0.588	19.065	1.289	1.0	1.0
4	17	55	1.433	0.504	22.161	3.257	0.968	1.0
4	17	52	0.963	0.706	27.625	5.089	0.645	0.774
4	17	49	0.304	0.559	32.0	5.174	0.194	0.452
4	17	46	0.0	0.0	nan	nan	0.0	0.0
4	17	43	0.0	0.0	nan	nan	0.0	0.0
4	17	40	0.0	0.0	nan	nan	0.0	0.0
4	17	37	0.0	0.0	nan	nan	0.0	0.0
4	17	34	0.0	0.0	nan	nan	0.0	0.0
4	17	31	0.0	0.0	nan	nan	0.0	0.0
4	17	28	0.0	0.0	nan	nan	0.0	0.0
4	18	100	4.032	0.18	11.387	0.495	1.0	1.0
4	18	97	4.0	0.0	11.774	0.425	1.0	1.0
4	18	94	4.032	0.18	11.806	0.402	1.0	1.0
4	18	91	4.0	0.0	11.903	0.301	1.0	1.0
4	18	88	4.0	0.0	12.323	0.475	1.0	1.0
4	18	85	3.968	0.18	12.677	0.541	1.0	1.0
4	18	82	3.839	0.374	12.968	0.407	1.0	1.0
4	18	79	3.484	0.508	13.516	0.508	1.0	1.0
4	18	76	3.226	0.425	13.839	0.523	1.0	1.0
4	18	73	3.032	0.18	14.419	0.564	1.0	1.0
4	18	70	3.0	0.0	14.968	0.547	1.0	1.0
4	18	67	3.0	0.0	15.581	0.807	1.0	1.0
4	18	64	2.935	0.25	16.419	0.923	1.0	1.0
4	18	61	2.645	0.551	17.452	1.207	1.0	1.0
4	18	58	1.903	0.7	18.742	1.548	1.0	1.0
4	18	55	1.484	0.508	21.548	2.188	1.0	1.0
4	18	52	1.036	0.429	27.069	4.026	0.839	0.935
4	18	49	0.069	0.258	34.75	2.217	0.065	0.129
4	18	46	0.0	0.0	nan	nan	0.0	0.0
4	18	43	0.0	0.0	nan	nan	0.0	0.0
4	18	40	0.0	0.0	nan	nan	0.0	0.0
4	18	37	0.0	0.0	nan	nan	0.0	0.0
4	18	34	0.0	0.0	nan	nan	0.0	0.0
4	18	31	0.0	0.0	nan	nan	0.0	0.0
4	18	28	0.0	0.0	nan	nan	0.0	0.0
4	19	100	4.129	0.341	11.387	0.495	1.0	1.0
4	19	97	4.032	0.18	11.742	0.445	1.0	1.0
4	19	94	4.0	0.0	11.871	0.341	1.0	1.0
4	19	91	4.0	0.0	11.968	0.18	1.0	1.0
4	19	88	3.968	0.18	12.516	0.508	1.0	1.0
4	19	85	3.935	0.25	12.677	0.541	1.0	1.0
4	19	82	3.742	0.445	13.032	0.407	1.0	1.0
4	19	79	3.419	0.502	13.516	0.626	1.0	1.0
4	19	76	3.129	0.341	13.871	0.562	1.0	1.0
4	19	73	3.0	0.0	14.355	0.551	1.0	1.0
4	19	70	3.0	0.0	14.903	0.7	1.0	1.0
4	19	67	3.0	0.0	15.645	0.709	1.0	1.0
4	19	64	3.0	0.0	16.194	0.654	1.0	1.0
4	19	61	2.613	0.615	17.581	0.807	1.0	1.0
4	19	58	2.032	0.706	18.839	1.485	1.0	1.0
4	19	55	1.355	0.486	22.161	1.968	1.0	1.0
4	19	52	0.889	0.424	27.63	5.898	0.742	0.871
4	19	49	0.067	0.254	29.333	4.933	0.065	0.097
4	19	46	0.0	0.0	nan	nan	0.0	0.0
4	19	43	0.0	0.0	nan	nan	0.0	0.0
4	19	40	0.0	0.0	nan	nan	0.0	0.0
4	19	37	0.0	0.0	nan	nan	0.0	0.0
4	19	34	0.0	0.0	nan	nan	0.0	0.0
4	19	31	0.0	0.0	nan	nan	0.0	0.0
4	19	28	0.0	0.0	nan	nan	0.0	0.0
4	20	100	4.097	0.301	11.516	0.508	1.0	1.0
4	20	97	4.0	0.0	11.613	0.495	1.0	1.0
4	20	94	4.0	0.0	11.968	0.18	1.0	1.0
4	20	91	4.0	0.0	12.097	0.301	1.0	1.0
4	20	88	4.0	0.0	12.29	0.461	1.0	1.0
4	20	85	3.903	0.301	12.613	0.495	1.0	1.0
4	20	82	3.742	0.445	13.0	0.258	1.0	1.0
4	20	79	3.419	0.502	13.484	0.508	1.0	1.0
4	20	76	3.258	0.445	13.903	0.473	1.0	1.0
4	20	73	3.032	0.18	14.323	0.653	1.0	1.0
4	20	70	3.0	0.0	14.968	0.482	1.0	1.0
4	20	67	3.0	0.0	15.677	0.979	1.0	1.0
4	20	64	2.935	0.359	16.419	0.923	1.0	1.0
4	20	61	2.677	0.475	17.516	0.769	1.0	1.0
4	20	58	2.0	0.632	18.903	1.423	1.0	1.0
4	20	55	1.387	0.558	21.452	3.202	1.0	1.0
4	20	52	1.0	0.392	28.034	4.836	0.806	0.935
4	20	49	0.1	0.305	30.75	7.676	0.097	0.129
4	20	46	0.0	0.0	nan	nan	0.0	0.0
4	20	43	0.0	0.0	nan	nan	0.0	0.0
4	20	40	0.0	0.0	nan	nan	0.0	0.0
4	20	37	0.0	0.0	nan	nan	0.0	0.0
4	20	34	0.0	0.0	nan	nan	0.0	0.0
4	20	31	0.0	0.0	nan	nan	0.0	0.0
4	20	28	0.0	0.0	nan	nan	0.0	0.0
4	21	100	4.194	0.402	11.484	0.508	1.0	1.0
4	21	97	4.032	0.18	11.742	0.445	1.0	1.0
4	21	94	4.0	0.0	11.968	0.18	1.0	1.0
4	21	91	4.0	0.0	12.0	0.258	1.0	1.0
4	21	88	4.0	0.0	12.323	0.541	1.0	1.0
4	21	85	3.968	0.18	12.613	0.495	1.0	1.0
4	21	82	3.839	0.374	13.065	0.442	1.0	1.0
4	21	79	3.548	0.506	13.355	0.486	1.0	1.0
4	21	76	3.194	0.402	13.839	0.523	1.0	1.0
4	21	73	3.032	0.18	14.355	0.608	1.0	1.0
4	21	70	2.968	0.18	15.032	0.948	1.0	1.0
4	21	67	3.0	0.0	15.742	0.682	1.0	1.0
4	21	64	2.968	0.18	16.581	0.672	1.0	1.0
4	21	61	2.677	0.541	17.484	1.235	1.0	1.0
4	21	58	1.839	0.688	19.484	1.913	1.0	1.0
4	21	55	1.355	0.551	21.71	1.774	1.0	1.0
4	21	52	0.933	0.45	26.852	5.067	0.839	0.871
4	21	49	0.2	0.407	29.429	4.467	0.194	0.226
4	21	46	0.0	0.0	nan	nan	0.0	0.0
4	21	43	0.0	0.0	nan	nan	0.0	0.0
4	21	40	0.0	0.0	nan	nan	0.0	0.0
4	21	37	0.0	0.0	nan	nan	0.0	0.0
4	21	34	0.0	0.0	nan	nan	0.0	0.0
4	21	31	0.0	0.0	nan	nan	0.0	0.0
4	21	28	0.0	0.0	nan	nan	0.0	0.0
4	22	100	4.065	0.25	11.452	0.506	1.0	1.0
4	22	97	4.032	0.18	11.613	0.558	1.0	1.0
4	22	94	4.0	0.0	11.774	0.425	1.0	1.0
4	22	91	4.0	0.0	12.065	0.359	1.0	1.0
4	22	88	3.968	0.18	12.323	0.475	1.0	1.0
4	22	85	4.0	0.0	12.806	0.402	1.0	1.0
4	22	82	3.742	0.445	13.065	0.359	1.0	1.0
4	22	79	3.355	0.486	13.419	0.502	1.0	1.0
4	22	76	3.226	0.425	13.839	0.523	1.0	1.0
4	22	73	3.0	0.0	14.516	0.57	1.0	1.0
4	22	70	2.968	0.18	15.194	0.91	1.0	1.0
4	22	67	3.0	0.0	15.742	0.514	1.0	1.0
4	22	64	3.0	0.0	16.484	0.724	1.0	1.0
4	22	61	2.645	0.486	17.516	0.962	1.0	1.0
4	22	58	1.806	0.543	19.581	1.785	1.0	1.0
4	22	55	1.226	0.425	21.581	2.46	1.0	1.0
4	22	52	0.967	0.49	27.111	3.886	0.839	0.871
4	22	49	0.143	0.356	31.429	5.503	0.129	0.226
4	22	46	0.0	0.0	nan	nan	0.0	0.0
4	22	43	0.0	0.0	nan	nan	0.0	0.0
4	22	40	0.0	0.0	nan	nan	0.0	0.0
4	22	37	0.0	0.0	nan	nan	0.0	0.0
4	22	34	0.0	0.0	nan	nan	0.0	0.0
4	22	31	0.0	0.0	nan	nan	0.0	0.0
4	22	28	0.0	0.0	nan	nan	0.0	0.0
4	23	100	4.032	0.18	11.419	0.502	1.0	1.0
4	23	97	4.032	0.18	11.774	0.425	1.0	1.0
4	23	94	4.0	0.0	12.065	0.359	1.0	1.0
4	23	91	4.0	0.0	12.065	0.25	1.0	1.0
4	23	88	3.968	0.18	12.29	0.461	1.0	1.0
4	23	85	3.935	0.25	12.806	0.402	1.0	1.0
4	23	82	3.806	0.402	13.032	0.315	1.0	1.0
4	23	79	3.323	0.475	13.29	0.529	1.0	1.0
4	23	76	3.161	0.374	13.806	0.402	1.0	1.0
4	23	73	3.0	0.0	14.194	0.654	1.0	1.0
4	23	70	3.0	0.0	15.032	0.605	1.0	1.0
4	23	67	2.968	0.18	15.968	0.875	1.0	1.0
4	23	64	2.935	0.25	16.581	0.886	1.0	1.0
4	23	61	2.516	0.57	17.774	1.564	1.0	1.0
4	23	58	2.0	0.632	18.484	1.288	1.0	1.0
4	23	55	1.233	0.43	22.581	3.939	0.968	1.0
4	23	52	0.808	0.402	29.038	5.422	0.677	0.839
4	23	49	0.133	0.434	29.75	4.992	0.097	0.129
4	23	46	0.0	0.0	nan	nan	0.0	0.0
4	23	43	0.0	0.0	nan	nan	0.0	0.0
4	23	40	0.0	0.0	nan	nan	0.0	0.0
4	23	37	0.0	0.0	nan	nan	0.0	0.0
4	23	34	0.0	0.0	nan	nan	0.0	0.0
4	23	31	0.0	0.0	nan	nan	0.0	0.0
4	23	28	0.0	0.0	nan	nan	0.0	0.0
4	24	100	4.129	0.341	11.516	0.508	1.0	1.0
4	24	97	4.0	0.0	11.839	0.374	1.0	1.0
4	24	94	4.0	0.0	11.935	0.25	1.0	1.0
4	24	91	4.0	0.0	12.032	0.315	1.0	1.0
4	24	88	3.968	0.18	12.419	0.502	1.0	1.0
4	24	85	3.935	0.25	12.903	0.301	1.0	1.0
4	24	82	3.806	0.402	13.0	0.365	1.0	1.0
4	24	79	3.452	0.506	13.419	0.502	1.0	1.0
4	24	76	3.065	0.25	13.871	0.499	1.0	1.0
4	24	73	3.0	0.0	14.323	0.599	1.0	1.0
4	24	70	3.0	0.0	15.161	0.583	1.0	1.0
4	24	67	3.0	0.0	15.581	0.765	1.0	1.0
4	24	64	2.903	0.301	16.677	0.945	1.0	1.0
4	24	61	2.419	0.672	17.968	1.449	1.0	1.0
4	24	58	1.935	0.629	19.129	1.335	1.0	1.0
4	24	55	1.276	0.528	22.935	4.139	0.935	1.0
4	24	52	0.852	0.456	28.385	5.185	0.71	0.839
4	24	49	0.0	0.0	34.5	0.707	0.0	0.065
4	24	46	0.0	0.0	nan	nan	0.0	0.0
4	24	43	0.0	0.0	nan	nan	0.0	0.0
4	24	40	0.0	0.0	nan	nan	0.0	0.0
4	24	37	0.0	0.0	nan	nan	0.0	0.0
4	24	34	0.0	0.0	nan	nan	0.0	0.0
4	24	31	0.0	0.0	nan	nan	0.0	0.0
4	24	28	0.0	0.0	nan	nan	0.0	0.0
4	25	100	4.032	0.18	11.613	0.495	1.0	1.0
4	25	97	4.0	0.0	11.871	0.341	1.0	1.0
4	25	94	4.0	0.0	11.935	0.25	1.0	1.0
4	25	91	4.0	0.0	12.065	0.25	1.0	1.0
4	25	88	4.0	0.0	12.387	0.495	1.0	1.0
4	25	85	3.871	0.341	12.742	0.445	1.0	1.0
4	25	82	3.71	0.461	13.065	0.25	1.0	1.0
4	25	79	3.419	0.502	13.355	0.608	1.0	1.0
4	25	76	3.129	0.341	13.968	0.547	1.0	1.0
4	25	73	3.0	0.0	14.258	0.445	1.0	1.0
4	25	70	3.0	0.0	15.0	0.577	1.0	1.0
4	25	67	3.032	0.18	15.677	0.599	1.0	1.0
4	25	64	2.968	0.18	16.742	0.729	1.0	1.0
4	25	61	2.452	0.624	17.871	1.024	1.0	1.0
4	25	58	1.806	0.601	19.419	1.259	1.0	1.0
4	25	55	1.484	0.508	22.839	3.056	1.0	1.0
4	25	52	1.0	0.49	28.286	5.59	0.742	0.903
4	25	49	0.067	0.254	32.333	3.512	0.065	0.097
4	25	46	0.0	0.0	nan	nan	0.0	0.0
4	25	43	0.0	0.0	nan	nan	0.0	0.0
4	25	40	0.0	0.0	nan	nan	0.0	0.0
4	25	37	0.0	0.0	nan	nan	0.0	0.0
4	25	34	0.0	0.0	nan	nan	0.0	0.0
4	25	31	0.0	0.0	nan	nan	0.0	0.0
4	25	28	0.0	0.0	nan	nan	0.0	0.0
4	26	100	4.161	0.374	11.419	0.502	1.0	1.0
4	26	97	4.0	0.0	11.645	0.486	1.0	1.0
4	26	94	4.0	0.0	11.935	0.25	1.0	1.0
4	26	91	4.0	0.0	12.129	0.341	1.0	1.0
4	26	88	4.0	0.0	12.29	0.529	1.0	1.0
4	26	85	3.935	0.25	12.774	0.497	1.0	1.0
4	26	82	3.774	0.425	12.935	0.359	1.0	1.0
4	26	79	3.484	0.508	13.484	0.508	1.0	1.0
4	26	76	3.29	0.461	13.903	0.597	1.0	1.0
4	26	73	3.0	0.0	14.452	0.568	1.0	1.0
4	26	70	3.032	0.18	14.839	0.638	1.0	1.0
4	26	67	3.032	0.18	15.742	0.682	1.0	1.0
4	26	64	2.871	0.341	17.032	2.213	1.0	1.0
4	26	61	2.452	0.675	17.806	0.833	1.0	1.0
4	26	58	1.774	0.56	19.548	1.588	1.0	1.0
4	26	55	1.355	0.551	21.967	2.566	0.968	0.968
4	26	52	0.929	0.378	27.286	4.328	0.806	0.903
4	26	49	0.111	0.32	33.857	4.14	0.097	0.226
4	26	46	0.0	0.0	nan	nan	0.0	0.0
4	26	43	0.0	0.0	nan	nan	0.0	0.0
4	26	40	0.0	0.0	nan	nan	0.0	0.0
4	26	37	0.0	0.0	nan	nan	0.0	0.0
4	26	34	0.0	0.0	nan	nan	0.0	0.0
4	26	31	0.0	0.0	nan	nan	0.0	0.0
4	26	28	0.0	0.0	nan	nan	0.0	0.0
4	27	100	4.0	0.0	11.581	0.502	1.0	1.0
4	27	97	4.032	0.18	11.839	0.374	1.0	1.0
4	27	94	4.0	0.0	11.935	0.25	1.0	1.0
4	27	91	4.0	0.0	12.194	0.402	1.0	1.0
4	27	88	4.0	0.0	12.387	0.495	1.0	1.0
4	27	85	3.871	0.341	12.871	0.341	1.0	1.0
4	27	82	3.742	0.445	13.161	0.454	1.0	1.0
4	27	79	3.355	0.486	13.419	0.564	1.0	1.0
4	27	76	3.129	0.341	13.903	0.746	1.0	1.0
4	27	73	3.032	0.18	14.581	0.564	1.0	1.0
4	27	70	3.0	0.0	14.935	0.574	1.0	1.0
4	27	67	2.968	0.18	15.871	0.499	1.0	1.0
4	27	64	2.968	0.18	16.548	0.723	1.0	1.0
4	27	61	2.452	0.506	17.742	1.064	1.0	1.0
4	27	58	1.871	0.341	19.355	1.226	1.0	1.0
4	27	55	1.194	0.543	22.3	3.229	0.968	0.968
4	27	52	0.846	0.613	28.958	4.965	0.613	0.774
4	27	49	0.0	0.0	nan	nan	0.0	0.0
4	27	46	0.0	0.0	nan	nan	0.0	0.0
4	27	43	0.0	0.0	nan	nan	0.0	0.0
4	27	40	0.0	0.0	nan	nan	0.0	0.0
4	27	37	0.0	0.0	nan	nan	0.0	0.0
4	27	34	0.0	0.0	nan	nan	0.0	0.0
4	27	31	0.0	0.0	nan	nan	0.0	0.0
4	27	28	0.0	0.0	nan	nan	0.0	0.0
4	28	100	4.097	0.301	11.581	0.502	1.0	1.0
4	28	97	4.032	0.18	11.581	0.502	1.0	1.0
4	28	94	4.0	0.0	11.903	0.301	1.0	1.0
4	28	91	4.0	0.0	12.097	0.301	1.0	1.0
4	28	88	4.0	0.0	12.323	0.475	1.0	1.0
4	28	85	3.839	0.374	12.806	0.477	1.0	1.0
4	28	82	3.677	0.475	13.032	0.407	1.0	1.0
4	28	79	3.419	0.502	13.548	0.506	1.0	1.0
4	28	76	3.032	0.18	14.065	0.574	1.0	1.0
4	28	73	3.0	0.0	14.29	0.643	1.0	1.0
4	28	70	3.0	0.0	15.0	0.775	1.0	1.0
4	28	67	3.0	0.0	15.516	0.724	1.0	1.0
4	28	64	2.903	0.301	16.645	0.915	1.0	1.0
4	28	61	2.516	0.508	17.806	0.946	1.0	1.0
4	28	58	1.935	0.629	19.258	1.182	1.0	1.0
4	28	55	1.29	0.461	22.0	1.983	1.0	1.0
4	28	52	0.897	0.409	28.296	4.513	0.806	0.871
4	28	49	0.032	0.18	25.0	0.0	0.032	0.032
4	28	46	0.0	0.0	nan	nan	0.0	0.0
4	28	43	0.0	0.0	nan	nan	0.0	0.0
4	28	40	0.0	0.0	nan	nan	0.0	0.0
4	28	37	0.0	0.0	nan	nan	0.0	0.0
4	28	34	0.0	0.0	nan	nan	0.0	0.0
4	28	31	0.0	0.0	nan	nan	0.0	0.0
4	28	28	0.0	0.0	nan	nan	0.0	0.0
4	29	100	4.032	0.18	11.419	0.502	1.0	1.0
4	29	97	4.0	0.0	11.839	0.374	1.0	1.0
4	29	94	4.0	0.0	12.032	0.315	1.0	1.0
4	29	91	4.0	0.0	11.968	0.315	1.0	1.0
4	29	88	3.935	0.25	12.516	0.508	1.0	1.0
4	29	85	3.839	0.374	12.71	0.588	1.0	1.0
4	29	82	3.484	0.508	13.065	0.25	1.0	1.0
4	29	79	3.194	0.402	13.548	0.506	1.0	1.0
4	29	76	3.032	0.18	13.839	0.374	1.0	1.0
4	29	73	3.032	0.18	14.355	0.661	1.0	1.0
4	29	70	3.0	0.0	15.194	0.749	1.0	1.0
4	29	67	3.0	0.0	15.774	0.617	1.0	1.0
4	29	64	2.968	0.18	17.097	0.908	1.0	1.0
4	29	61	2.677	0.475	17.613	0.882	1.0	1.0
4	29	58	1.871	0.562	19.871	1.784	1.0	1.0
4	29	55	1.419	0.502	21.548	2.364	1.0	1.0
4	29	52	1.033	0.49	26.821	4.269	0.871	0.903
4	29	49	0.034	0.186	34.333	3.786	0.032	0.097
4	29	46	0.0	0.0	nan	nan	0.0	0.0
4	29	43	0.0	0.0	nan	nan	0.0	0.0
4	29	40	0.0	0.0	nan	nan	0.0	0.0
4	29	37	0.0	0.0	nan	nan	0.0	0.0
4	29	34	0.0	0.0	nan	nan	0.0	0.0
4	29	31	0.0	0.0	nan	nan	0.0	0.0
4	29	28	0.0	0.0	nan	nan	0.0	0.0
4	30	100	4.065	0.25	11.419	0.502	1.0	1.0
4	30	97	4.0	0.0	11.774	0.425	1.0	1.0
4	30	94	4.0	0.0	11.935	0.25	1.0	1.0
4	30	91	4.0	0.0	12.194	0.402	1.0	1.0
4	30	88	4.0	0.0	12.452	0.506	1.0	1.0
4	30	85	3.935	0.25	12.774	0.497	1.0	1.0
4	30	82	3.742	0.445	13.097	0.597	1.0	1.0
4	30	79	3.452	0.506	13.129	0.341	1.0	1.0
4	30	76	3.032	0.18	14.032	0.407	1.0	1.0
4	30	73	3.0	0.0	14.484	0.508	1.0	1.0
4	30	70	3.0	0.0	14.903	0.651	1.0	1.0
4	30	67	3.0	0.0	15.742	0.729	1.0	1.0
4	30	64	2.935	0.25	16.548	0.723	1.0	1.0
4	30	61	2.677	0.541	17.613	0.955	1.0	1.0
4	30	58	1.871	0.499	19.29	1.395	1.0	1.0
4	30	55	1.29	0.461	22.935	3.434	1.0	1.0
4	30	52	0.852	0.456	27.038	4.634	0.71	0.839
4	30	49	0.138	0.351	31.5	4.37	0.129	0.194
4	30	46	0.0	0.0	nan	nan	0.0	0.0
4	30	43	0.0	0.0	nan	nan	0.0	0.0
4	30	40	0.0	0.0	nan	nan	0.0	0.0
4	30	37	0.0	0.0	nan	nan	0.0	0.0
4	30	34	0.0	0.0	nan	nan	0.0	0.0
4	30	31	0.0	0.0	nan	nan	0.0	0.0
4	30	28	0.0	0.0	nan	nan	0.0	0.0
4	31	100	4.032	0.18	11.484	0.508	1.0	1.0
4	31	97	4.0	0.0	11.903	0.301	1.0	1.0
4	31	94	4.0	0.0	11.968	0.18	1.0	1.0
4	31	91	4.0	0.0	12.032	0.18	1.0	1.0
4	31	88	4.0	0.0	12.419	0.564	1.0	1.0
4	31	85	3.839	0.374	12.839	0.374	1.0	1.0
4	31	82	3.645	0.486	13.0	0.258	1.0	1.0
4	31	79	3.129	0.341	13.419	0.564	1.0	1.0
4	31	76	3.161	0.374	13.742	0.631	1.0	1.0
4	31	73	3.0	0.0	14.323	0.702	1.0	1.0
4	31	70	3.032	0.18	14.968	0.605	1.0	1.0
4	31	67	3.0	0.0	15.806	0.703	1.0	1.0
4	31	64	2.968	0.18	16.355	0.95	1.0	1.0
4	31	61	2.645	0.486	17.839	0.969	1.0	1.0
4	31	58	1.71	0.529	19.419	1.232	1.0	1.0
4	31	55	1.484	0.57	21.355	2.303	1.0	1.0
4	31	52	0.613	0.495	27.526	3.921	0.613	0.613
4	31	49	0.172	0.384	29.571	4.504	0.161	0.226
4	31	46	0.0	0.0	nan	nan	0.0	0.0
4	31	43	0.0	0.0	nan	nan	0.0	0.0
4	31	40	0.0	0.0	nan	nan	0.0	0.0
4	31	37	0.0	0.0	nan	nan	0.0	0.0
4	31	34	0.0	0.0	nan	nan	0.0	0.0
4	31	31	0.0	0.0	nan	nan	0.0	0.0
4	31	28	0.0	0.0	nan	nan	0.0	0.0
5	0	100	5.065	0.25	11.419	0.502	1.0	1.0
5	0	97	5.0	0.0	11.806	0.402	1.0	1.0
5	0	94	4.871	0.341	11.968	0.18	1.0	1.0
5	0	91	4.516	0.508	12.097	0.301	1.0	1.0
5	0	88	4.258	0.445	12.452	0.506	1.0	1.0
5	0	85	4.065	0.25	12.774	0.497	1.0	1.0
5	0	82	4.0	0.0	13.129	0.341	1.0	1.0
5	0	79	4.0	0.0	13.323	0.475	1.0	1.0
5	0	76	3.968	0.18	13.71	0.529	1.0	1.0
5	0	73	3.677	0.475	14.355	0.608	1.0	1.0
5	0	70	3.387	0.495	14.935	0.574	1.0	1.0
5	0	67	3.065	0.25	15.71	0.693	1.0	1.0
5	0	64	3.0	0.0	16.484	0.724	1.0	1.0
5	0	61	2.581	0.502	17.806	1.014	1.0	1.0
5	0	58	2.226	0.425	19.097	1.193	1.0	1.0
5	0	55	1.839	0.374	21.806	2.509	1.0	1.0
5	0	52	1.222	0.577	27.966	5.295	0.806	0.935
5	0	49	0.321	0.548	31.909	4.134	0.258	0.355
5	0	46	0.0	0.0	nan	nan	0.0	0.0
5	0	43	0.0	0.0	nan	nan	0.0	0.0
5	0	40	0.0	0.0	nan	nan	0.0	0.0
5	0	37	0.0	0.0	nan	nan	0.0	0.0
5	0	34	0.0	0.0	nan	nan	0.0	0.0
5	0	31	0.0	0.0	nan	nan	0.0	0.0
5	0	28	0.0	0.0	nan	nan	0.0	0.0
5	1	100	4.065	0.25	11.452	0.506	1.0	1.0
5	1	97	4.0	0.0	11.71	0.461	1.0	1.0
5	1	94	4.0	0.0	11.968	0.18	1.0	1.0
5	1	91	4.0	0.0	12.097	0.396	1.0	1.0
5	1	88	3.968	0.18	12.452	0.506	1.0	1.0
5	1	85	3.839	0.374	12.613	0.495	1.0	1.0
5	1	82	3.806	0.402	13.0	0.0	1.0	1.0
5	1	79	3.323	0.475	13.419	0.564	1.0	1.0
5	1	76	3.161	0.374	13.903	0.473	1.0	1.0
5	1	73	3.0	0.0	14.323	0.653	1.0	1.0
5	1	70	3.032	0.18	15.129	0.341	1.0	1.0
5	1	67	3.0	0.0	15.71	0.643	1.0	1.0
5	1	64	2.968	0.18	16.71	0.588	1.0	1.0
5	1	61	2.452	0.624	17.839	0.969	1.0	1.0
5	1	58	1.71	0.529	19.452	1.028	1.0	1.0
5	1	55	1.419	0.502	22.161	2.721	1.0	1.0
5	1	52	1.036	0.429	26.931	4.862	0.839	0.935
5	1	49	0.179	0.39	33.125	1.808	0.161	0.258
5	1	46	0.0	0.0	nan	nan	0.0	0.0
5	1	43	0.0	0.0	nan	nan	0.0	0.0
5	1	40	0.0	0.0	nan	nan	0.0	0.0
5	1	37	0.0	0.0	nan	nan	0.0	0.0
5	1	34	0.0	0.0	nan	nan	0.0	0.0
5	1	31	0.0	0.0	nan	nan	0.0	0.0
5	1	28	0.0	0.0	nan	nan	0.0	0.0
5	2	100	4.0	0.0	11.484	0.508	1.0	1.0
5	2	97	4.032	0.18	11.677	0.475	1.0	1.0
5	2	94	4.0	0.0	11.968	0.315	1.0	1.0
5	2	91	4.0	0.0	12.0	0.258	1.0	1.0
5	2	88	3.935	0.25	12.387	0.495	1.0	1.0
5	2	85	3.903	0.301	12.806	0.477	1.0	1.0
5	2	82	3.677	0.475	12.903	0.396	1.0	1.0
5	2	79	3.419	0.502	13.613	0.667	1.0	1.0
5	2	76	3.129	0.341	13.806	0.654	1.0	1.0
5	2	73	3.0	0.0	14.355	0.551	1.0	1.0
5	2	70	3.0	0.0	15.129	0.619	1.0	1.0
5	2	67	3.0	0.0	15.71	0.693	1.0	1.0
5	2	64	2.968	0.18	16.548	0.624	1.0	1.0
5	2	61	2.452	0.675	17.903	0.87	1.0	1.0
5	2	58	1.968	0.657	19.613	1.909	1.0	1.0
5	2	55	1.226	0.425	23.548	3.529	1.0	1.0
5	2	52	0.966	0.421	27.0	5.099	0.839	0.903
5	2	49	0.032	0.18	28.0	0.0	0.032	0.032
5	2	46	0.0	0.0	nan	nan	0.0	0.0
5	2	43	0.0	0.0	nan	nan	0.0	0.0
5	2	40	0.0	0.0	nan	nan	0.0	0.0
5	2	37	0.0	0.0	nan	nan	0.0	0.0
5	2	34	0.0	0.0	nan	nan	0.0	0.0
5	2	31	0.0	0.0	nan	nan	0.0	0.0
5	2	28	0.0	0.0	nan	nan	0.0	0.0
5	3	100	4.032	0.18	11.548	0.506	1.0	1.0
5	3	97	4.0	0.0	11.871	0.341	1.0	1.0
5	3	94	4.0	0.0	11.871	0.341	1.0	1.0
5	3	91	4.0	0.0	12.129	0.341	1.0	1.0
5	3	88	3.968	0.18	12.452	0.506	1.0	1.0
5	3	85	3.839	0.374	12.774	0.425	1.0	1.0
5	3	82	3.581	0.502	12.935	0.359	1.0	1.0
5	3	79	3.323	0.475	13.29	0.461	1.0	1.0
5	3	76	3.097	0.301	13.742	0.445	1.0	1.0
5	3	73	3.032	0.18	14.387	0.558	1.0	1.0
5	3	70	3.0	0.0	15.097	0.539	1.0	1.0
5	3	67	3.0	0.0	15.71	0.643	1.0	1.0
5	3	64	2.935	0.25	16.774	0.717	1.0	1.0
5	3	61	2.613	0.558	17.677	1.045	1.0	1.0
5	3	58	1.903	0.597	18.774	1.257	1.0	1.0
5	3	55	1.3	0.466	22.806	3.609	0.968	1.0
5	3	52	1.0	0.283	28.067	5.192	0.806	0.968
5	3	49	0.111	0.32	32.143	5.367	0.097	0.226
5	3	46	0.0	0.0	nan	nan	0.0	0.0
5	3	43	0.0	0.0	nan	nan	0.0	0.0
5	3	40	0.0	0.0	nan	nan	0.0	0.0
5	3	37	0.0	0.0	nan	nan	0.0	0.0
5	3	34	0.0	0.0	nan	nan	0.0	0.0
5	3	31	0.0	0.0	nan	nan	0.0	0.0
5	3	28	0.0	0.0	nan	nan	0.0	0.0
5	4	100	4.032	0.18	11.387	0.495	1.0	1.0
5	4	97	4.032	0.18	11.774	0.425	1.0	1.0
5	4	94	4.0	0.0	12.032	0.18	1.0	1.0
5	4	91	4.0	0.0	12.065	0.359	1.0	1.0
5	4	88	3.968	0.18	12.581	0.502	1.0	1.0
5	4	85	3.935	0.25	12.871	0.341	1.0	1.0
5	4	82	3.613	0.495	13.032	0.407	1.0	1.0
5	4	79	3.258	0.445	13.258	0.445	1.0	1.0
5	4	76	3.065	0.25	13.968	0.605	1.0	1.0
5	4	73	3.0	0.0	14.258	0.514	1.0	1.0
5	4	70	3.0	0.0	15.097	0.597	1.0	1.0
5	4	67	3.0	0.0	15.774	0.669	1.0	1.0
5	4	64	3.0	0.0	16.452	0.888	1.0	1.0
5	4	61	2.516	0.57	18.129	1.544	1.0	1.0
5	4	58	2.161	0.688	18.613	1.52	1.0	1.0
5	4	55	1.419	0.502	22.548	4.864	1.0	1.0
5	4	52	0.964	0.429	27.214	4.086	0.806	0.903
5	4	49	0.148	0.362	33.5	4.0	0.129	0.258
5	4	46	0.0	0.0	nan	nan	0.0	0.0
5	4	43	0.0	0.0	nan	nan	0.0	0.0
5	4	40	0.0	0.0	nan	nan	0.0	0.0
5	4	37	0.0	0.0	nan	nan	0.0	0.0
5	4	34	0.0	0.0	nan	nan	0.0	0.0
5	4	31	0.0	0.0	nan	nan	0.0	0.0
5	4	28	0.0	0.0	nan	nan	0.0	0.0
5	5	100	4.0	0.0	11.484	0.508	1.0	1.0
5	5	97	4.032	0.18	11.742	0.445	1.0	1.0
5	5	94	4.0	0.0	11.968	0.18	1.0	1.0
5	5	91	4.0	0.0	12.194	0.402	1.0	1.0
5	5	88	4.0	0.0	12.452	0.506	1.0	1.0
5	5	85	3.871	0.341	12.839	0.374	1.0	1.0
5	5	82	3.742	0.445	13.0	0.447	1.0	1.0
5	5	79	3.387	0.495	13.452	0.506	1.0	1.0
5	5	76	3.097	0.301	14.0	0.516	1.0	1.0
5	5	73	3.0	0.0	14.452	0.568	1.0	1.0
5	5	70	3.0	0.0	14.839	0.454	1.0	1.0
5	5	67	3.0	0.0	15.774	0.617	1.0	1.0
5	5	64	2.935	0.25	16.613	0.803	1.0	1.0
5	5	61	2.613	0.615	17.645	1.05	1.0	1.0
5	5	58	2.194	0.654	18.871	1.544	1.0	1.0
5	5	55	1.355	0.486	21.29	2.224	1.0	1.0
5	5	52	0.9	0.305	27.107	4.541	0.871	0.903
5	5	49	0.069	0.258	33.0	2.944	0.065	0.129
5	5	46	0.0	0.0	nan	nan	0.0	0.0
5	5	43	0.0	0.0	nan	nan	0.0	0.0
5	5	40	0.0	0.0	nan	nan	0.0	0.0
5	5	37	0.0	0.0	nan	nan	0.0	0.0
5	5	34	0.0	0.0	nan	nan	0.0	0.0
5	5	31	0.0	0.0	nan	nan	0.0	0.0
5	5	28	0.0	0.0	nan	nan	0.0	0.0
5	6	100	4.0	0.0	11.452	0.506	1.0	1.0
5	6	97	4.032	0.18	11.806	0.402	1.0	1.0
5	6	94	4.0	0.0	11.903	0.301	1.0	1.0
5	6	91	4.0	0.0	12.097	0.301	1.0	1.0
5	6	88	3.968	0.18	12.29	0.529	1.0	1.0
5	6	85	3.935	0.25	12.935	0.25	1.0	1.0
5	6	82	3.548	0.506	12.968	0.482	1.0	1.0
5	6	79	3.387	0.495	13.452	0.506	1.0	1.0
5	6	76	3.194	0.402	13.935	0.512	1.0	1.0
5	6	73	3.032	0.18	14.387	0.495	1.0	1.0
5	6	70	3.0	0.0	14.968	0.407	1.0	1.0
5	6	67	3.0	0.0	15.806	0.654	1.0	1.0
5	6	64	2.968	0.18	16.452	0.768	1.0	1.0
5	6	61	2.355	0.608	18.032	1.643	1.0	1.0
5	6	58	2.032	0.605	19.097	1.72	1.0	1.0
5	6	55	1.355	0.486	21.355	1.355	1.0	1.0
5	6	52	0.821	0.39	25.5	4.245	0.742	0.839
5	6	49	0.103	0.31	30.8	6.87	0.097	0.161
5	6	46	0.0	0.0	nan	nan	0.0	0.0
5	6	43	0.0	0.0	nan	nan	0.0	0.0
5	6	40	0.0	0.0	nan	nan	0.0	0.0
5	6	37	0.0	0.0	nan	nan	0.0	0.0
5	6	34	0.0	0.0	nan	nan	0.0	0.0
5	6	31	0.0	0.0	nan	nan	0.0	0.0
5	6	28	0.0	0.0	nan	nan	0.0	0.0
5	7	100	4.032	0.18	11.29	0.461	1.0	1.0
5	7	97	4.0	0.0	11.806	0.402	1.0	1.0
5	7	94	4.032	0.18	12.0	0.0	1.0	1.0
5	7	91	4.0	0.0	12.161	0.374	1.0	1.0
5	7	88	4.0	0.0	12.355	0.486	1.0	1.0
5	7	85	3.903	0.301	12.871	0.341	1.0	1.0
5	7	82	3.613	0.495	13.032	0.315	1.0	1.0
5	7	79	3.452	0.506	13.581	0.672	1.0	1.0
5	7	76	3.097	0.301	13.903	0.396	1.0	1.0
5	7	73	3.0	0.0	14.387	0.495	1.0	1.0
5	7	70	3.0	0.0	15.0	0.516	1.0	1.0
5	7	67	2.968	0.18	15.677	0.702	1.0	1.0
5	7	64	3.0	0.0	16.645	0.709	1.0	1.0
5	7	61	2.548	0.624	17.71	1.039	1.0	1.0
5	7	58	2.032	0.547	19.839	2.818	1.0	1.0
5	7	55	1.226	0.425	22.161	3.195	1.0	1.0
5	7	52	0.88	0.44	28.296	5.014	0.677	0.871
5	7	49	0.143	0.356	31.857	5.146	0.129	0.226
5	7	46	0.0	0.0	nan	nan	0.0	0.0
5	7	43	0.0	0.0	nan	nan	0.0	0.0
5	7	40	0.0	0.0	nan	nan	0.0	0.0
5	7	37	0.0	0.0	nan	nan	0.0	0.0
5	7	34	0.0	0.0	nan	nan	0.0	0.0
5	7	31	0.0	0.0	nan	nan	0.0	0.0
5	7	28	0.0	0.0	nan	nan	0.0	0.0
5	8	100	4.097	0.301	11.548	0.506	1.0	1.0
5	8	97	4.0	0.0	11.839	0.374	1.0	1.0
5	8	94	4.0	0.0	12.0	0.0	1.0	1.0
5	8	91	4.0	0.0	12.194	0.477	1.0	1.0
5	8	88	3.968	0.18	12.323	0.475	1.0	1.0
5	8	85	3.903	0.301	12.677	0.475	1.0	1.0
5	8	82	3.677	0.475	13.0	0.365	1.0	1.0
5	8	79	3.323	0.475	13.548	0.675	1.0	1.0
5	8	76	3.032	0.18	13.871	0.499	1.0	1.0
5	8	73	3.032	0.18	14.323	0.599	1.0	1.0
5	8	70	3.0	0.0	14.839	0.638	1.0	1.0
5	8	67	3.0	0.0	15.613	0.761	1.0	1.0
5	8	64	2.935	0.25	16.806	0.833	1.0	1.0
5	8	61	2.516	0.626	17.645	0.985	1.0	1.0
5	8	58	1.871	0.67	19.226	1.627	1.0	1.0
5	8	55	1.419	0.502	21.968	3.178	1.0	1.0
5	8	52	0.786	0.418	26.0	4.601	0.71	0.806
5	8	49	0.185	0.396	31.667	4.717	0.161	0.29
5	8	46	0.0	0.0	nan	nan	0.0	0.0
5	8	43	0.0	0.0	nan	nan	0.0	0.0
5	8	40	0.0	0.0	nan	nan	0.0	0.0
5	8	37	0.0	0.0	nan	nan	0.0	0.0
5	8	34	0.0	0.0	nan	nan	0.0	0.0
5	8	31	0.0	0.0	nan	nan	0.0	0.0
5	8	28	0.0	0.0	nan	nan	0.0	0.0
5	9	100	4.097	0.301	11.452	0.506	1.0	1.0
5	9	97	4.0	0.0	11.774	0.497	1.0	1.0
5	9	94	4.0	0.0	11.935	0.25	1.0	1.0
5	9	91	4.0	0.0	12.097	0.301	1.0	1.0
5	9	88	4.0	0.0	12.387	0.495	1.0	1.0
5	9	85	3.903	0.301	12.742	0.445	1.0	1.0
5	9	82	3.613	0.495	13.129	0.341	1.0	1.0
5	9	79	3.258	0.445	13.548	0.506	1.0	1.0
5	9	76	3.097	0.301	13.968	0.482	1.0	1.0
5	9	73	3.065	0.25	14.484	0.626	1.0	1.0
5	9	70	3.0	0.0	14.903	0.597	1.0	1.0
5	9	67	2.968	0.18	15.935	1.124	1.0	1.0
5	9	64	2.903	0.301	16.774	0.762	1.0	1.0
5	9	61	2.677	0.541	17.613	1.334	1.0	1.0
5	9	58	1.645	0.486	19.194	1.352	1.0	1.0
5	9	55	1.267	0.45	22.484	3.345	0.968	1.0
5	9	52	0.821	0.39	27.346	4.298	0.742	0.839
5	9	49	0.133	0.346	31.0	6.745	0.129	0.161
5	9	46	0.0	0.0	nan	nan	0.0	0.0
5	9	43	0.0	0.0	nan	nan	0.0	0.0
5	9	40	0.0	0.0	nan	nan	0.0	0.0
5	9	37	0.0	0.0	nan	nan	0.0	0.0
5	9	34	0.0	0.0	nan	nan	0.0	0.0
5	9	31	0.0	0.0	nan	nan	0.0	0.0
5	9	28	0.0	0.0	nan	nan	0.0	0.0
5	10	100	4.0	0.0	11.484	0.508	1.0	1.0
5	10	97	4.0	0.0	11.677	0.475	1.0	1.0
5	10	94	4.0	0.0	11.968	0.315	1.0	1.0
5	10	91	4.032	0.18	12.097	0.396	1.0	1.0
5	10	88	3.968	0.18	12.355	0.486	1.0	1.0
5	10	85	3.839	0.374	12.71	0.461	1.0	1.0
5	10	82	3.645	0.486	12.968	0.315	1.0	1.0
5	10	79	3.323	0.475	13.323	0.475	1.0	1.0
5	10	76	3.161	0.374	13.871	0.428	1.0	1.0
5	10	73	3.0	0.0	14.323	0.475	1.0	1.0
5	10	70	3.0	0.0	15.194	0.601	1.0	1.0
5	10	67	3.0	0.0	15.645	0.551	1.0	1.0
5	10	64	2.935	0.25	16.806	0.601	1.0	1.0
5	10	61	2.677	0.475	17.645	1.226	1.0	1.0
5	10	58	1.903	0.539	19.29	1.371	1.0	1.0
5	10	55	1.226	0.425	21.806	2.88	1.0	1.0
5	10	52	0.857	0.448	26.808	4.899	0.742	0.839
5	10	49	0.103	0.31	32.6	4.879	0.097	0.161
5	10	46	0.0	0.0	nan	nan	0.0	0.0
5	10	43	0.0	0.0	nan	nan	0.0	0.0
5	10	40	0.0	0.0	nan	nan	0.0	0.0
5	10	37	0.0	0.0	nan	nan	0.0	0.0
5	10	34	0.0	0.0	nan	nan	0.0	0.0
5	10	31	0.0	0.0	nan	nan	0.0	0.0
5	10	28	0.0	0.0	nan	nan	0.0	0.0
5	11	100	4.032	0.18	11.452	0.506	1.0	1.0
5	11	97	4.032	0.18	11.774	0.425	1.0	1.0
5	11	94	4.0	0.0	12.0	0.258	1.0	1.0
5	11	91	4.0	0.0	12.032	0.315	1.0	1.0
5	11	88	4.0	0.0	12.226	0.425	1.0	1.0
5	11	85	3.903	0.301	12.839	0.374	1.0	1.0
5	11	82	3.645	0.486	13.0	0.365	1.0	1.0
5	11	79	3.323	0.475	13.419	0.502	1.0	1.0
5	11	76	3.161	0.374	14.032	0.547	1.0	1.0
5	11	73	3.0	0.0	14.29	0.643	1.0	1.0
5	11	70	3.0	0.0	15.161	0.82	1.0	1.0
5	11	67	3.0	0.0	16.065	0.772	1.0	1.0
5	11	64	2.903	0.301	16.452	1.121	1.0	1.0
5	11	61	2.452	0.624	17.742	1.094	1.0	1.0
5	11	58	1.806	0.543	19.29	1.657	1.0	1.0
5	11	55	1.3	0.466	23.065	4.098	0.968	1.0
5	11	52	0.903	0.473	27.154	4.397	0.839	0.839
5	11	49	0.071	0.262	32.4	4.669	0.065	0.161
5	11	46	0.0	0.0	nan	nan	0.0	0.0
5	11	43	0.0	0.0	nan	nan	0.0	0.0
5	11	40	0.0	0.0	nan	nan	0.0	0.0
5	11	37	0.0	0.0	nan	nan	0.0	0.0
5	11	34	0.0	0.0	nan	nan	0.0	0.0
5	11	31	0.0	0.0	nan	nan	0.0	0.0
5	11	28	0.0	0.0	nan	nan	0.0	0.0
5	12	100	4.065	0.25	11.516	0.508	1.0	1.0
5	12	97	4.0	0.0	11.806	0.402	1.0	1.0
5	12	94	4.0	0.0	12.0	0.0	1.0	1.0
5	12	91	4.0	0.0	12.097	0.396	1.0	1.0
5	12	88	3.968	0.18	12.452	0.506	1.0	1.0
5	12	85	3.871	0.341	12.742	0.445	1.0	1.0
5	12	82	3.677	0.475	13.065	0.25	1.0	1.0
5	12	79	3.355	0.486	13.29	0.461	1.0	1.0
5	12	76	3.129	0.341	13.935	0.512	1.0	1.0
5	12	73	3.097	0.301	14.452	0.506	1.0	1.0
5	12	70	3.0	0.0	15.065	0.68	1.0	1.0
5	12	67	3.0	0.0	15.484	0.57	1.0	1.0
5	12	64	2.903	0.301	16.806	0.873	1.0	1.0
5	12	61	2.387	0.667	18.065	1.263	1.0	1.0
5	12	58	2.032	0.752	18.903	1.62	1.0	1.0
5	12	55	1.29	0.461	22.097	2.508	1.0	1.0
5	12	52	0.857	0.356	27.296	4.656	0.774	0.871
5	12	49	0.138	0.351	31.0	6.899	0.129	0.194
5	12	46	0.0	0.0	nan	nan	0.0	0.0
5	12	43	0.0	0.0	nan	nan	0.0	0.0
5	12	40	0.0	0.0	nan	nan	0.0	0.0
5	12	37	0.0	0.0	nan	nan	0.0	0.0
5	12	34	0.0	0.0	nan	nan	0.0	0.0
5	12	31	0.0	0.0	nan	nan	0.0	0.0
5	12	28	0.0	0.0	nan	nan	0.0	0.0
5	13	100	4.032	0.18	11.387	0.495	1.0	1.0
5	13	97	4.065	0.25	11.71	0.461	1.0	1.0
5	13	94	4.0	0.0	12.0	0.258	1.0	1.0
5	13	91	4.0	0.0	12.129	0.341	1.0	1.0
5	13	88	4.0	0.0	12.387	0.495	1.0	1.0
5	13	85	3.903	0.301	12.774	0.497	1.0	1.0
5	13	82	3.742	0.445	13.065	0.442	1.0	1.0
5	13	79	3.258	0.445	13.419	0.502	1.0	1.0
5	13	76	3.097	0.301	13.871	0.341	1.0	1.0
5	13	73	3.032	0.18	14.258	0.514	1.0	1.0
5	13	70	3.0	0.0	14.968	0.605	1.0	1.0
5	13	67	3.0	0.0	15.677	0.748	1.0	1.0
5	13	64	3.0	0.0	16.516	0.769	1.0	1.0
5	13	61	2.613	0.558	17.645	1.142	1.0	1.0
5	13	58	1.968	0.657	19.29	2.597	1.0	1.0
5	13	55	1.355	0.551	22.484	3.345	1.0	1.0
5	13	52	1.071	0.466	26.759	4.595	0.839	0.935
5	13	49	0.1	0.403	28.0	6.083	0.065	0.097
5	13	46	0.0	0.0	nan	nan	0.0	0.0
5	13	43	0.0	0.0	nan	nan	0.0	0.0
5	13	40	0.0	0.0	nan	nan	0.0	0.0
5	13	37	0.0	0.0	nan	nan	0.0	0.0
5	13	34	0.0	0.0	nan	nan	0.0	0.0
5	13	31	0.0	0.0	nan	nan	0.0	0.0
5	13	28	0.0	0.0	nan	nan	0.0	0.0
5	14	100	4.032	0.18	11.516	0.508	1.0	1.0
5	14	97	4.032	0.18	11.742	0.445	1.0	1.0
5	14	94	4.0	0.0	11.935	0.359	1.0	1.0
5	14	91	4.0	0.0	12.032	0.18	1.0	1.0
5	14	88	4.0	0.0	12.484	0.508	1.0	1.0
5	14	85	3.839	0.374	12.742	0.514	1.0	1.0
5	14	82	3.71	0.461	12.968	0.315	1.0	1.0
5	14	79	3.452	0.506	13.29	0.461	1.0	1.0
5	14	76	3.097	0.301	13.839	0.583	1.0	1.0
5	14	73	3.032	0.18	14.387	0.558	1.0	1.0
5	14	70	3.032	0.18	14.968	0.752	1.0	1.0
5	14	67	2.968	0.18	15.774	0.762	1.0	1.0
5	14	64	2.968	0.18	16.484	0.996	1.0	1.0
5	14	61	2.516	0.57	17.935	1.063	1.0	1.0
5	14	58	1.839	0.583	19.065	1.482	1.0	1.0
5	14	55	1.419	0.502	20.903	1.777	1.0	1.0
5	14	52	0.931	0.371	26.321	5.034	0.839	0.903
5	14	49	0.2	0.407	30.714	5.908	0.194	0.226
5	14	46	0.0	0.0	nan	nan	0.0	0.0
5	14	43	0.0	0.0	nan	nan	0.0	0.0
5	14	40	0.0	0.0	nan	nan	0.0	0.0
5	14	37	0.0	0.0	nan	nan	0.0	0.0
5	14	34	0.0	0.0	nan	nan	0.0	0.0
5	14	31	0.0	0.0	nan	nan	0.0	0.0
5	14	28	0.0	0.0	nan	nan	0.0	0.0
5	15	100	4.097	0.301	11.29	0.461	1.0	1.0
5	15	97	4.0	0.0	11.71	0.529	1.0	1.0
5	15	94	4.032	0.18	11.968	0.315	1.0	1.0
5	15	91	3.968	0.18	12.097	0.396	1.0	1.0
5	15	88	4.0	0.0	12.419	0.564	1.0	1.0
5	15	85	3.968	0.18	12.742	0.445	1.0	1.0
5	15	82	3.645	0.486	13.065	0.442	1.0	1.0
5	15	79	3.226	0.425	13.419	0.564	1.0	1.0
5	15	76	3.194	0.402	13.742	0.445	1.0	1.0
5	15	73	3.0	0.0	14.387	0.495	1.0	1.0
5	15	70	3.0	0.0	14.968	0.605	1.0	1.0
5	15	67	2.968	0.18	15.774	0.669	1.0	1.0
5	15	64	2.935	0.25	16.71	0.902	1.0	1.0
5	15	61	2.742	0.514	17.452	1.15	1.0	1.0
5	15	58	1.806	0.601	19.484	1.313	1.0	1.0
5	15	55	1.323	0.541	22.323	2.926	1.0	1.0
5	15	52	0.75	0.518	26.739	5.471	0.645	0.742
5	15	49	0.074	0.267	33.667	5.854	0.065	0.194
5	15	46	0.0	0.0	nan	nan	0.0	0.0
5	15	43	0.0	0.0	nan	nan	0.0	0.0
5	15	40	0.0	0.0	nan	nan	0.0	0.0
5	15	37	0.0	0.0	nan	nan	0.0	0.0
5	15	34	0.0	0.0	nan	nan	0.0	0.0
5	15	31	0.0	0.0	nan	nan	0.0	0.0
5	15	28	0.0	0.0	nan	nan	0.0	0.0
5	16	100	4.0	0.0	11.484	0.508	1.0	1.0
5	16	97	4.0	0.0	11.839	0.374	1.0	1.0
5	16	94	4.0	0.0	12.0	0.0	1.0	1.0
5	16	91	4.0	0.0	12.097	0.473	1.0	1.0
5	16	88	4.0	0.0	12.387	0.495	1.0	1.0
5	16	85	3.903	0.301	12.806	0.402	1.0	1.0
5	16	82	3.613	0.495	13.065	0.442	1.0	1.0
5	16	79	3.226	0.425	13.645	0.551	1.0	1.0
5	16	76	3.161	0.374	14.0	0.447	1.0	1.0
5	16	73	3.0	0.0	14.516	0.677	1.0	1.0
5	16	70	3.032	0.18	15.032	0.482	1.0	1.0
5	16	67	3.0	0.0	15.871	0.718	1.0	1.0
5	16	64	2.871	0.341	16.742	1.064	1.0	1.0
5	16	61	2.613	0.667	17.452	1.028	1.0	1.0
5	16	58	1.968	0.657	19.516	1.546	1.0	1.0
5	16	55	1.3	0.466	23.032	3.43	0.968	1.0
5	16	52	1.0	0.447	25.5	4.256	0.903	0.903
5	16	49	0.571	0.69	30.438	4.661	0.419	0.516
5	16	46	0.0	0.0	nan	nan	0.0	0.0
5	16	43	0.0	0.0	nan	nan	0.0	0.0
5	16	40	0.0	0.0	nan	nan	0.0	0.0
5	16	37	0.0	0.0	nan	nan	0.0	0.0
5	16	34	0.0	0.0	nan	nan	0.0	0.0
5	16	31	0.0	0.0	nan	nan	0.0	0.0
5	16	28	0.0	0.0	nan	nan	0.0	0.0
5	17	100	4.065	0.25	11.419	0.564	1.0	1.0
5	17	97	4.0	0.0	11.839	0.374	1.0	1.0
5	17	94	4.0	0.0	11.839	0.374	1.0	1.0
5	17	91	4.0	0.0	12.129	0.341	1.0	1.0
5	17	88	4.0	0.0	12.419	0.502	1.0	1.0
5	17	85	3.903	0.301	12.839	0.374	1.0	1.0
5	17	82	3.484	0.508	13.097	0.301	1.0	1.0
5	17	79	3.387	0.495	13.258	0.445	1.0	1.0
5	17	76	3.032	0.18	13.903	0.539	1.0	1.0
5	17	73	3.0	0.0	14.484	0.57	1.0	1.0
5	17	70	3.0	0.0	14.903	0.597	1.0	1.0
5	17	67	3.0	0.0	15.677	0.702	1.0	1.0
5	17	64	2.968	0.18	16.548	0.675	1.0	1.0
5	17	61	2.677	0.541	17.419	0.958	1.0	1.0
5	17	58	1.903	0.7	18.935	1.413	1.0	1.0
5	17	55	1.333	0.479	23.29	4.678	0.968	1.0
5	17	52	0.929	0.604	26.36	4.716	0.71	0.806
5	17	49	0.033	0.183	34.5	3.536	0.032	0.065
5	17	46	0.0	0.0	nan	nan	0.0	0.0
5	17	43	0.0	0.0	nan	nan	0.0	0.0
5	17	40	0.0	0.0	nan	nan	0.0	0.0
5	17	37	0.0	0.0	nan	nan	0.0	0.0
5	17	34	0.0	0.0	nan	nan	0.0	0.0
5	17	31	0.0	0.0	nan	nan	0.0	0.0
5	17	28	0.0	0.0	nan	nan	0.0	0.0
5	18	100	4.0	0.0	11.484	0.508	1.0	1.0
5	18	97	4.0	0.0	11.839	0.374	1.0	1.0
5	18	94	3.968	0.18	12.0	0.258	1.0	1.0
5	18	91	4.0	0.0	12.129	0.428	1.0	1.0
5	18	88	4.0	0.0	12.419	0.502	1.0	1.0
5	18	85	3.903	0.301	12.71	0.461	1.0	1.0
5	18	82	3.645	0.486	13.226	0.497	1.0	1.0
5	18	79	3.323	0.475	13.452	0.568	1.0	1.0
5	18	76	3.032	0.18	13.871	0.499	1.0	1.0
5	18	73	3.0	0.0	14.29	0.461	1.0	1.0
5	18	70	3.0	0.0	14.903	0.7	1.0	1.0
5	18	67	3.0	0.0	16.0	0.632	1.0	1.0
5	18	64	2.935	0.359	16.484	0.811	1.0	1.0
5	18	61	2.258	0.631	17.968	0.912	1.0	1.0
5	18	58	1.871	0.562	19.226	1.117	1.0	1.0
5	18	55	1.29	0.461	22.548	2.755	1.0	1.0
5	18	52	1.0	0.277	27.367	5.321	0.839	0.968
5	18	49	0.034	0.186	32.333	5.508	0.032	0.097
5	18	46	0.0	0.0	nan	nan	0.0	0.0
5	18	43	0.0	0.0	nan	nan	0.0	0.0
5	18	40	0.0	0.0	nan	nan	0.0	0.0
5	18	37	0.0	0.0	nan	nan	0.0	0.0
5	18	34	0.0	0.0	nan	nan	0.0	0.0
5	18	31	0.0	0.0	nan	nan	0.0	0.0
5	18	28	0.0	0.0	nan	nan	0.0	0.0
5	19	100	4.0	0.0	11.323	0.475	1.0	1.0
5	19	97	4.0	0.0	11.871	0.341	1.0	1.0
5	19	94	4.0	0.0	11.968	0.18	1.0	1.0
5	19	91	4.0	0.0	12.129	0.341	1.0	1.0
5	19	88	4.0	0.0	12.387	0.495	1.0	1.0
5	19	85	3.871	0.341	12.839	0.454	1.0	1.0
5	19	82	3.581	0.502	13.097	0.473	1.0	1.0
5	19	79	3.258	0.445	13.484	0.508	1.0	1.0
5	19	76	3.097	0.301	13.903	0.539	1.0	1.0
5	19	73	3.0	0.0	14.387	0.667	1.0	1.0
5	19	70	3.0	0.0	14.968	0.875	1.0	1.0
5	19	67	3.0	0.0	15.774	0.884	1.0	1.0
5	19	64	2.968	0.18	16.516	0.724	1.0	1.0
5	19	61	2.516	0.508	17.774	1.146	1.0	1.0
5	19	58	1.968	0.657	18.968	1.354	1.0	1.0
5	19	55	1.258	0.575	21.5	2.61	0.968	0.968
5	19	52	0.966	0.421	26.214	4.654	0.839	0.903
5	19	49	0.179	0.39	31.0	4.209	0.161	0.258
5	19	46	0.0	0.0	nan	nan	0.0	0.0
5	19	43	0.0	0.0	nan	nan	0.0	0.0
5	19	40	0.0	0.0	nan	nan	0.0	0.0
5	19	37	0.0	0.0	nan	nan	0.0	0.0
5	19	34	0.0	0.0	nan	nan	0.0	0.0
5	19	31	0.0	0.0	nan	nan	0.0	0.0
5	19	28	0.0	0.0	nan	nan	0.0	0.0
5	20	100	4.032	0.18	11.419	0.502	1.0	1.0
5	20	97	4.0	0.0	11.677	0.475	1.0	1.0
5	20	94	4.0	0.0	11.871	0.428	1.0	1.0
5	20	91	4.0	0.0	12.129	0.341	1.0	1.0
5	20	88	3.935	0.25	12.355	0.551	1.0	1.0
5	20	85	3.71	0.461	12.806	0.477	1.0	1.0
5	20	82	3.645	0.486	13.065	0.442	1.0	1.0
5	20	79	3.29	0.461	13.484	0.508	1.0	1.0
5	20	76	3.161	0.374	13.774	0.56	1.0	1.0
5	20	73	3.032	0.18	14.387	0.558	1.0	1.0
5	20	70	3.0	0.0	15.161	0.638	1.0	1.0
5	20	67	3.0	0.0	16.0	0.632	1.0	1.0
5	20	64	3.0	0.0	16.355	0.985	1.0	1.0
5	20	61	2.516	0.57	18.065	1.526	1.0	1.0
5	20	58	1.742	0.514	19.194	1.195	1.0	1.0
5	20	55	1.29	0.461	22.452	2.554	1.0	1.0
5	20	52	0.933	0.521	26.577	3.489	0.806	0.839
5	20	49	0.0	0.0	36.5	0.707	0.0	0.065
5	20	46	0.0	0.0	nan	nan	0.0	0.0
5	20	43	0.0	0.0	nan	nan	0.0	0.0
5	20	40	0.0	0.0	nan	nan	0.0	0.0
5	20	37	0.0	0.0	nan	nan	0.0	0.0
5	20	34	0.0	0.0	nan	nan	0.0	0.0
5	20	31	0.0	0.0	nan	nan	0.0	0.0
5	20	28	0.0	0.0	nan	nan	0.0	0.0
5	21	100	4.0	0.0	11.355	0.486	1.0	1.0
5	21	97	4.0	0.0	11.871	0.341	1.0	1.0
5	21	94	4.0	0.0	11.968	0.315	1.0	1.0
5	21	91	4.0	0.0	12.129	0.341	1.0	1.0
5	21	88	3.968	0.18	12.387	0.495	1.0	1.0
5	21	85	3.871	0.341	12.806	0.402	1.0	1.0
5	21	82	3.581	0.502	13.194	0.402	1.0	1.0
5	21	79	3.129	0.341	13.645	0.551	1.0	1.0
5	21	76	3.065	0.25	13.871	0.499	1.0	1.0
5	21	73	3.0	0.0	14.452	0.568	1.0	1.0
5	21	70	3.0	0.0	15.097	0.597	1.0	1.0
5	21	67	3.0	0.0	16.0	0.683	1.0	1.0
5	21	64	2.935	0.25	16.581	0.848	1.0	1.0
5	21	61	2.484	0.57	18.032	1.197	1.0	1.0
5	21	58	1.839	0.583	18.935	1.315	1.0	1.0
5	21	55	1.194	0.402	21.903	2.385	1.0	1.0
5	21	52	0.962	0.196	26.5	5.264	0.806	0.968
5	21	49	0.107	0.315	33.5	4.231	0.097	0.194
5	21	46	0.0	0.0	nan	nan	0.0	0.0
5	21	43	0.0	0.0	nan	nan	0.0	0.0
5	21	40	0.0	0.0	nan	nan	0.0	0.0
5	21	37	0.0	0.0	nan	nan	0.0	0.0
5	21	34	0.0	0.0	nan	nan	0.0	0.0
5	21	31	0.0	0.0	nan	nan	0.0	0.0
5	21	28	0.0	0.0	nan	nan	0.0	0.0
5	22	100	4.0	0.0	11.645	0.486	1.0	1.0
5	22	97	4.0	0.0	11.742	0.445	1.0	1.0
5	22	94	4.0	0.0	12.032	0.18	1.0	1.0
5	22	91	4.0	0.0	12.065	0.359	1.0	1.0
5	22	88	3.935	0.25	12.323	0.475	1.0	1.0
5	22	85	3.806	0.402	12.839	0.523	1.0	1.0
5	22	82	3.387	0.495	13.0	0.447	1.0	1.0
5	22	79	3.226	0.425	13.516	0.626	1.0	1.0
5	22	76	3.065	0.25	13.935	0.629	1.0	1.0
5	22	73	3.0	0.0	14.613	0.558	1.0	1.0
5	22	70	3.032	0.18	15.065	0.68	1.0	1.0
5	22	67	2.968	0.18	15.935	0.929	1.0	1.0
5	22	64	2.968	0.18	16.258	0.729	1.0	1.0
5	22	61	2.419	0.502	18.0	1.317	1.0	1.0
5	22	58	1.935	0.629	19.29	2.02	1.0	1.0
5	22	55	1.29	0.461	22.194	3.016	1.0	1.0
5	22	52	1.0	0.385	26.552	4.145	0.839	0.935
5	22	49	0.067	0.254	30.333	6.658	0.065	0.097
5	22	46	0.0	0.0	nan	nan	0.0	0.0
5	22	43	0.0	0.0	nan	nan	0.0	0.0
5	22	40	0.0	0.0	nan	nan	0.0	0.0
5	22	37	0.0	0.0	nan	nan	0.0	0.0
5	22	34	0.0	0.0	nan	nan	0.0	0.0
5	22	31	0.0	0.0	nan	nan	0.0	0.0
5	22	28	0.0	0.0	nan	nan	0.0	0.0
5	23	100	4.0	0.0	11.548	0.506	1.0	1.0
5	23	97	4.0	0.0	11.774	0.425	1.0	1.0
5	23	94	4.0	0.0	12.0	0.258	1.0	1.0
5	23	91	4.0	0.258	12.129	0.341	1.0	1.0
5	23	88	3.935	0.25	12.452	0.506	1.0	1.0
5	23	85	3.839	0.374	12.839	0.523	1.0	1.0
5	23	82	3.645	0.486	13.097	0.301	1.0	1.0
5	23	79	3.194	0.402	13.742	0.445	1.0	1.0
5	23	76	3.065	0.25	13.935	0.574	1.0	1.0
5	23	73	3.0	0.0	14.645	0.551	1.0	1.0
5	23	70	3.0	0.0	15.097	0.597	1.0	1.0
5	23	67	3.0	0.0	15.581	0.564	1.0	1.0
5	23	64	2.968	0.18	16.484	0.769	1.0	1.0
5	23	61	2.677	0.475	17.581	0.923	1.0	1.0
5	23	58	1.806	0.543	19.419	1.669	1.0	1.0
5	23	55	1.267	0.521	22.839	3.465	0.968	1.0
5	23	52	0.815	0.483	26.44	5.339	0.677	0.806
5	23	49	0.133	0.346	32.2	5.119	0.129	0.161
5	23	46	0.0	0.0	nan	nan	0.0	0.0
5	23	43	0.0	0.0	nan	nan	0.0	0.0
5	23	40	0.0	0.0	nan	nan	0.0	0.0
5	23	37	0.0	0.0	nan	nan	0.0	0.0
5	23	34	0.0	0.0	nan	nan	0.0	0.0
5	23	31	0.0	0.0	nan	nan	0.0	0.0
5	23	28	0.0	0.0	nan	nan	0.0	0.0
5	24	100	4.0	0.0	11.581	0.502	1.0	1.0
5	24	97	4.0	0.0	11.871	0.341	1.0	1.0
5	24	94	4.0	0.0	11.935	0.25	1.0	1.0
5	24	91	4.0	0.0	12.194	0.402	1.0	1.0
5	24	88	3.968	0.18	12.484	0.508	1.0	1.0
5	24	85	3.903	0.301	12.71	0.588	1.0	1.0
5	24	82	3.581	0.502	13.065	0.629	1.0	1.0
5	24	79	3.29	0.461	13.613	0.558	1.0	1.0
5	24	76	3.032	0.18	13.871	0.562	1.0	1.0
5	24	73	3.0	0.0	14.484	0.508	1.0	1.0
5	24	70	2.968	0.18	15.065	0.772	1.0	1.0
5	24	67	2.968	0.18	15.548	0.768	1.0	1.0
5	24	64	2.935	0.25	16.484	0.926	1.0	1.0
5	24	61	2.452	0.568	17.968	1.14	1.0	1.0
5	24	58	1.839	0.583	19.452	1.546	1.0	1.0
5	24	55	1.452	0.506	21.806	2.257	1.0	1.0
5	24	52	1.032	0.407	26.31	3.929	0.935	0.935
5	24	49	0.103	0.31	30.4	6.107	0.097	0.161
5	24	46	0.0	0.0	nan	nan	0.0	0.0
5	24	43	0.0	0.0	nan	nan	0.0	0.0
5	24	40	0.0	0.0	nan	nan	0.0	0.0
5	24	37	0.0	0.0	nan	nan	0.0	0.0
5	24	34	0.0	0.0	nan	nan	0.0	0.0
5	24	31	0.0	0.0	nan	nan	0.0	0.0
5	24	28	0.0	0.0	nan	nan	0.0	0.0
5	25	100	4.0	0.0	11.355	0.486	1.0	1.0
5	25	97	4.0	0.0	11.71	0.461	1.0	1.0
5	25	94	4.0	0.0	11.935	0.25	1.0	1.0
5	25	91	4.0	0.0	12.161	0.374	1.0	1.0
5	25	88	4.0	0.0	12.387	0.495	1.0	1.0
5	25	85	3.806	0.402	12.839	0.374	1.0	1.0
5	25	82	3.452	0.506	13.032	0.482	1.0	1.0
5	25	79	3.226	0.425	13.581	0.502	1.0	1.0
5	25	76	3.032	0.18	13.806	0.543	1.0	1.0
5	25	73	3.0	0.0	14.452	0.506	1.0	1.0
5	25	70	3.0	0.0	14.903	0.597	1.0	1.0
5	25	67	2.968	0.18	15.71	0.864	1.0	1.0
5	25	64	3.0	0.0	16.581	0.765	1.0	1.0
5	25	61	2.613	0.558	17.452	1.06	1.0	1.0
5	25	58	1.935	0.727	18.903	1.739	1.0	1.0
5	25	55	1.516	0.508	21.581	2.218	1.0	1.0
5	25	52	1.0	0.4	28.759	5.054	0.774	0.935
5	25	49	0.0	0.0	nan	nan	0.0	0.0
5	25	46	0.0	0.0	nan	nan	0.0	0.0
5	25	43	0.0	0.0	nan	nan	0.0	0.0
5	25	40	0.0	0.0	nan	nan	0.0	0.0
5	25	37	0.0	0.0	nan	nan	0.0	0.0
5	25	34	0.0	0.0	nan	nan	0.0	0.0
5	25	31	0.0	0.0	nan	nan	0.0	0.0
5	25	28	0.0	0.0	nan	nan	0.0	0.0
5	26	100	4.097	0.301	11.581	0.502	1.0	1.0
5	26	97	4.0	0.0	11.806	0.402	1.0	1.0
5	26	94	4.0	0.0	11.935	0.25	1.0	1.0
5	26	91	3.968	0.18	12.161	0.374	1.0	1.0
5	26	88	3.935	0.25	12.452	0.568	1.0	1.0
5	26	85	3.774	0.425	12.806	0.477	1.0	1.0
5	26	82	3.613	0.495	13.258	0.514	1.0	1.0
5	26	79	3.129	0.341	13.548	0.568	1.0	1.0
5	26	76	3.032	0.18	13.839	0.523	1.0	1.0
5	26	73	3.0	0.0	14.387	0.495	1.0	1.0
5	26	70	3.0	0.0	15.097	0.597	1.0	1.0
5	26	67	3.0	0.0	15.935	0.68	1.0	1.0
5	26	64	2.968	0.18	16.548	0.675	1.0	1.0
5	26	61	2.677	0.475	17.194	0.946	1.0	1.0
5	26	58	1.935	0.629	18.968	1.581	1.0	1.0
5	26	55	1.194	0.402	22.226	2.171	1.0	1.0
5	26	52	0.862	0.516	25.88	4.475	0.742	0.806
5	26	49	0.107	0.315	30.5	6.124	0.097	0.194
5	26	46	0.0	0.0	nan	nan	0.0	0.0
5	26	43	0.0	0.0	nan	nan	0.0	0.0
5	26	40	0.0	0.0	nan	nan	0.0	0.0
5	26	37	0.0	0.0	nan	nan	0.0	0.0
5	26	34	0.0	0.0	nan	nan	0.0	0.0
5	26	31	0.0	0.0	nan	nan	0.0	0.0
5	26	28	0.0	0.0	nan	nan	0.0	0.0
5	27	100	4.0	0.0	11.516	0.508	1.0	1.0
5	27	97	4.0	0.0	11.742	0.445	1.0	1.0
5	27	94	4.0	0.0	11.935	0.25	1.0	1.0
5	27	91	4.0	0.0	12.129	0.341	1.0	1.0
5	27	88	4.0	0.0	12.355	0.486	1.0	1.0
5	27	85	3.871	0.341	12.71	0.529	1.0	1.0
5	27	82	3.613	0.495	13.097	0.396	1.0	1.0
5	27	79	3.258	0.445	13.419	0.564	1.0	1.0
5	27	76	3.129	0.341	13.806	0.477	1.0	1.0
5	27	73	3.0	0.0	14.387	0.495	1.0	1.0
5	27	70	3.032	0.18	15.065	0.512	1.0	1.0
5	27	67	2.968	0.18	15.774	0.762	1.0	1.0
5	27	64	3.0	0.0	16.742	0.815	1.0	1.0
5	27	61	2.677	0.599	17.323	0.979	1.0	1.0
5	27	58	1.871	0.619	19.097	1.3	1.0	1.0
5	27	55	1.3	0.466	22.839	3.813	0.968	1.0
5	27	52	1.037	0.338	26.6	5.069	0.839	0.968
5	27	49	0.1	0.305	30.75	6.076	0.097	0.129
5	27	46	0.0	0.0	nan	nan	0.0	0.0
5	27	43	0.0	0.0	nan	nan	0.0	0.0
5	27	40	0.0	0.0	nan	nan	0.0	0.0
5	27	37	0.0	0.0	nan	nan	0.0	0.0
5	27	34	0.0	0.0	nan	nan	0.0	0.0
5	27	31	0.0	0.0	nan	nan	0.0	0.0
5	27	28	0.0	0.0	nan	nan	0.0	0.0
5	28	100	4.0	0.0	11.484	0.508	1.0	1.0
5	28	97	4.0	0.0	11.774	0.425	1.0	1.0
5	28	94	4.0	0.0	11.968	0.315	1.0	1.0
5	28	91	4.0	0.0	12.032	0.315	1.0	1.0
5	28	88	4.0	0.0	12.355	0.486	1.0	1.0
5	28	85	3.645	0.486	12.806	0.402	1.0	1.0
5	28	82	3.613	0.495	13.097	0.396	1.0	1.0
5	28	79	3.323	0.475	13.613	0.615	1.0	1.0
5	28	76	3.032	0.18	13.742	0.575	1.0	1.0
5	28	73	3.0	0.0	14.419	0.564	1.0	1.0
5	28	70	3.0	0.0	15.355	0.839	1.0	1.0
5	28	67	3.0	0.0	15.806	0.654	1.0	1.0
5	28	64	2.871	0.341	16.774	1.146	1.0	1.0
5	28	61	2.548	0.568	17.806	1.4	1.0	1.0
5	28	58	1.71	0.588	19.484	1.18	1.0	1.0
5	28	55	1.194	0.402	23.258	4.59	1.0	1.0
5	28	52	1.138	0.351	25.806	5.275	0.935	1.0
5	28	49	0.065	0.25	33.5	2.121	0.065	0.065
5	28	46	0.0	0.0	nan	nan	0.0	0.0
5	28	43	0.0	0.0	nan	nan	0.0	0.0
5	28	40	0.0	0.0	nan	nan	0.0	0.0
5	28	37	0.0	0.0	nan	nan	0.0	0.0
5	28	34	0.0	0.0	nan	nan	0.0	0.0
5	28	31	0.0	0.0	nan	nan	0.0	0.0
5	28	28	0.0	0.0	nan	nan	0.0	0.0
5	29	100	4.097	0.301	11.484	0.508	1.0	1.0
5	29	97	4.0	0.0	11.903	0.301	1.0	1.0
5	29	94	4.0	0.0	11.935	0.25	1.0	1.0
5	29	91	3.935	0.25	12.161	0.374	1.0	1.0
5	29	88	4.0	0.0	12.419	0.502	1.0	1.0
5	29	85	3.806	0.402	12.839	0.374	1.0	1.0
5	29	82	3.613	0.495	13.129	0.341	1.0	1.0
5	29	79	3.323	0.475	13.581	0.62	1.0	1.0
5	29	76	3.032	0.18	13.935	0.442	1.0	1.0
5	29	73	3.032	0.18	14.355	0.661	1.0	1.0
5	29	70	3.0	0.0	15.129	0.846	1.0	1.0
5	29	67	3.0	0.0	15.903	0.87	1.0	1.0
5	29	64	2.968	0.18	16.613	0.844	1.0	1.0
5	29	61	2.355	0.551	17.935	1.315	1.0	1.0
5	29	58	1.903	0.651	19.065	1.289	1.0	1.0
5	29	55	1.258	0.445	21.903	1.989	1.0	1.0
5	29	52	0.889	0.506	28.231	5.53	0.71	0.839
5	29	49	0.133	0.346	28.8	3.347	0.129	0.161
5	29	46	0.0	0.0	nan	nan	0.0	0.0
5	29	43	0.0	0.0	nan	nan	0.0	0.0
5	29	40	0.0	0.0	nan	nan	0.0	0.0
5	29	37	0.0	0.0	nan	nan	0.0	0.0
5	29	34	0.0	0.0	nan	nan	0.0	0.0
5	29	31	0.0	0.0	nan	nan	0.0	0.0
5	29	28	0.0	0.0	nan	nan	0.0	0.0
5	30	100	4.0	0.0	11.548	0.506	1.0	1.0
5	30	97	4.0	0.0	11.968	0.315	1.0	1.0
5	30	94	3.968	0.18	11.968	0.315	1.0	1.0
5	30	91	3.968	0.18	12.226	0.425	1.0	1.0
5	30	88	3.935	0.25	12.387	0.495	1.0	1.0
5	30	85	3.742	0.445	12.742	0.445	1.0	1.0
5	30	82	3.613	0.495	13.032	0.482	1.0	1.0
5	30	79	3.258	0.445	13.516	0.508	1.0	1.0
5	30	76	3.129	0.341	14.097	0.539	1.0	1.0
5	30	73	3.0	0.0	14.452	0.624	1.0	1.0
5	30	70	3.0	0.0	15.032	0.547	1.0	1.0
5	30	67	3.0	0.0	15.613	0.761	1.0	1.0
5	30	64	2.968	0.18	16.484	0.677	1.0	1.0
5	30	61	2.516	0.626	17.613	1.086	1.0	1.0
5	30	58	1.806	0.601	19.355	1.427	1.0	1.0
5	30	55	1.194	0.402	22.065	1.999	1.0	1.0
5	30	52	1.0	0.598	26.5	5.022	0.774	0.839
5	30	49	0.065	0.25	29.5	4.95	0.065	0.065
5	30	46	0.0	0.0	nan	nan	0.0	0.0
5	30	43	0.0	0.0	nan	nan	0.0	0.0
5	30	40	0.0	0.0	nan	nan	0.0	0.0
5	30	37	0.0	0.0	nan	nan	0.0	0.0
5	30	34	0.0	0.0	nan	nan	0.0	0.0
5	30	31	0.0	0.0	nan	nan	0.0	0.0
5	30	28	0.0	0.0	nan	nan	0.0	0.0
5	31	100	4.0	0.0	11.581	0.502	1.0	1.0
5	31	97	4.0	0.0	11.871	0.428	1.0	1.0
5	31	94	4.0	0.0	12.0	0.0	1.0	1.0
5	31	91	3.968	0.18	12.129	0.341	1.0	1.0
5	31	88	3.935	0.25	12.581	0.502	1.0	1.0
5	31	85	3.742	0.445	12.806	0.402	1.0	1.0
5	31	82	3.484	0.508	13.032	0.315	1.0	1.0
5	31	79	3.097	0.301	13.71	0.529	1.0	1.0
5	31	76	3.129	0.341	13.742	0.514	1.0	1.0
5	31	73	3.0	0.0	14.548	0.568	1.0	1.0
5	31	70	3.0	0.0	15.194	0.703	1.0	1.0
5	31	67	3.0	0.0	15.806	0.749	1.0	1.0
5	31	64	2.935	0.25	16.581	0.848	1.0	1.0
5	31	61	2.581	0.564	17.839	1.068	1.0	1.0
5	31	58	1.742	0.729	19.323	1.166	1.0	1.0
5	31	55	1.29	0.461	22.161	3.045	1.0	1.0
5	31	52	0.8	0.551	26.522	4.122	0.71	0.742
5	31	49	0.233	0.43	27.5	5.127	0.226	0.258
5	31	46	0.0	0.0	nan	nan	0.0	0.0
5	31	43	0.0	0.0	nan	nan	0.0	0.0
5	31	40	0.0	0.0	nan	nan	0.0	0.0
5	31	37	0.0	0.0	nan	nan	0.0	0.0
5	31	34	0.0	0.0	nan	nan	0.0	0.0
5	31	31	0.0	0.0	nan	nan	0.0	0.0
5	31	28	0.0	0.0	nan	nan	0.0	0.0
6	0	100	0.0	0.0	nan	nan	0.0	0.0
6	0	97	0.0	0.0	nan	nan	0.0	0.0
6	0	94	0.0	0.0	nan	nan	0.0	0.0
6	0	91	0.0	0.0	nan	nan	0.0	0.0
6	0	88	0.0	0.0	nan	nan	0.0	0.0
6	0	85	0.0	0.0	nan	nan	0.0	0.0
6	0	82	0.0	0.0	nan	nan	0.0	0.0
6	0	79	0.0	0.0	nan	nan	0.0	0.0
6	0	76	0.0	0.0	nan	nan	0.0	0.0
6	0	73	0.0	0.0	nan	nan	0.0	0.0
6	0	70	0.0	0.0	nan	nan	0.0	0.0
6	0	67	0.0	0.0	nan	nan	0.0	0.0
6	0	64	0.0	0.0	nan	nan	0.0	0.0
6	0	61	0.0	0.0	nan	nan	0.0	0.0
6	0	58	0.0	0.0	nan	nan	0.0	0.0
6	0	55	0.0	0.0	nan	nan	0.0	0.0
6	0	52	0.0	0.0	nan	nan	0.0	0.0
6	0	49	0.0	0.0	nan	nan	0.0	0.0
6	0	46	0.0	0.0	nan	nan	0.0	0.0
6	0	43	0.0	0.0	nan	nan	0.0	0.0
6	0	40	0.0	0.0	nan	nan	0.0	0.0
6	0	37	0.0	0.0	nan	nan	0.0	0.0
6	0	34	0.0	0.0	nan	nan	0.0	0.0
6	0	31	0.0	0.0	nan	nan	0.0	0.0
6	0	28	0.0	0.0	nan	nan	0.0	0.0
6	1	100	0.0	0.0	nan	nan	0.0	0.0
6	1	97	0.0	0.0	nan	nan	0.0	0.0
6	1	94	0.0	0.0	nan	nan	0.0	0.0
6	1	91	0.0	0.0	nan	nan	0.0	0.0
6	1	88	0.0	0.0	nan	nan	0.0	0.0
6	1	85	0.0	0.0	nan	nan	0.0	0.0
6	1	82	0.0	0.0	nan	nan	0.0	0.0
6	1	79	0.0	0.0	nan	nan	0.0	0.0
6	1	76	0.0	0.0	nan	nan	0.0	0.0
6	1	73	0.0	0.0	nan	nan	0.0	0.0
6	1	70	0.0	0.0	nan	nan	0.0	0.0
6	1	67	0.0	0.0	nan	nan	0.0	0.0
6	1	64	0.0	0.0	nan	nan	0.0	0.0
6	1	61	0.0	0.0	nan	nan	0.0	0.0
6	1	58	0.0	0.0	nan	nan	0.0	0.0
6	1	55	0.0	0.0	nan	nan	0.0	0.0
6	1	52	0.0	0.0	nan	nan	0.0	0.0
6	1	49	0.0	0.0	nan	nan	0.0	0.0
6	1	46	0.0	0.0	nan	nan	0.0	0.0
6	1	43	0.0	0.0	nan	nan	0.0	0.0
6	1	40	0.0	0.0	nan	nan	0.0	0.0
6	1	37	0.0	0.0	nan	nan	0.0	0.0
6	1	34	0.0	0.0	nan	nan	0.0	0.0
6	1	31	0.0	0.0	nan	nan	0.0	0.0
6	1	28	0.0	0.0	nan	nan	0.0	0.0
6	2	100	0.0	0.0	nan	nan	0.0	0.0
6	2	97	0.0	0.0	nan	nan	0.0	0.0
6	2	94	0.0	0.0	nan	nan	0.0	0.0
6	2	91	0.0	0.0	nan	nan	0.0	0.0
6	2	88	0.0	0.0	nan	nan	0.0	0.0
6	2	85	0.0	0.0	nan	nan	0.0	0.0
6	2	82	0.0	0.0	nan	nan	0.0	0.0
6	2	79	0.0	0.0	nan	nan	0.0	0.0
6	2	76	0.0	0.0	nan	nan	0.0	0.0
6	2	73	0.0	0.0	nan	nan	0.0	0.0
6	2	70	0.0	0.0	nan	nan	0.0	0.0
6	2	67	0.0	0.0	nan	nan	0.0	0.0
6	2	64	0.0	0.0	nan	nan	0.0	0.0
6	2	61	0.0	0.0	nan	nan	0.0	0.0
6	2	58	0.0	0.0	nan	nan	0.0	0.0
6	2	55	0.0	0.0	nan	nan	0.0	0.0
6	2	52	0.0	0.0	nan	nan	0.0	0.0
6	2	49	0.0	0.0	nan	nan	0.0	0.0
6	2	46	0.0	0.0	nan	nan	0.0	0.0
6	2	43	0.0	0.0	nan	nan	0.0	0.0
6	2	40	0.0	0.0	nan	nan	0.0	0.0
6	2	37	0.0	0.0	nan	nan	0.0	0.0
6	2	34	0.0	0.0	nan	nan	0.0	0.0
6	2	31	0.0	0.0	nan	nan	0.0	0.0
6	2	28	0.0	0.0	nan	nan	0.0	0.0
6	3	100	0.0	0.0	nan	nan	0.0	0.0
6	3	97	0.0	0.0	nan	nan	0.0	0.0
6	3	94	0.0	0.0	nan	nan	0.0	0.0
6	3	91	0.0	0.0	nan	nan	0.0	0.0
6	3	88	0.0	0.0	nan	nan	0.0	0.0
6	3	85	0.0	0.0	nan	nan	0.0	0.0
6	3	82	0.0	0.0	nan	nan	0.0	0.0
6	3	79	0.0	0.0	nan	nan	0.0	0.0
6	3	76	0.0	0.0	nan	nan	0.0	0.0
6	3	73	0.0	0.0	nan	nan	0.0	0.0
6	3	70	0.0	0.0	nan	nan	0.0	0.0
6	3	67	0.0	0.0	nan	nan	0.0	0.0
6	3	64	0.0	0.0	nan	nan	0.0	0.0
6	3	61	0.0	0.0	nan	nan	0.0	0.0
6	3	58	0.0	0.0	nan	nan	0.0	0.0
6	3	55	0.0	0.0	nan	nan	0.0	0.0
6	3	52	0.0	0.0	nan	nan	0.0	0.0
6	3	49	0.0	0.0	nan	nan	0.0	0.0
6	3	46	0.0	0.0	nan	nan	0.0	0.0
6	3	43	0.0	0.0	nan	nan	0.0	0.0
6	3	40	0.0	0.0	nan	nan	0.0	0.0
6	3	37	0.0	0.0	nan	nan	0.0	0.0
6	3	34	0.0	0.0	nan	nan	0.0	0.0
6	3	31	0.0	0.0	nan	nan	0.0	0.0
6	3	28	0.0	0.0	nan	nan	0.0	0.0
6	4	100	0.0	0.0	nan	nan	0.0	0.0
6	4	97	0.0	0.0	nan	nan	0.0	0.0
6	4	94	0.0	0.0	nan	nan	0.0	0.0
6	4	91	0.0	0.0	nan	nan	0.0	0.0
6	4	88	0.0	0.0	nan	nan	0.0	0.0
6	4	85	0.0	0.0	nan	nan	0.0	0.0
6	4	82	0.0	0.0	nan	nan	0.0	0.0
6	4	79	0.0	0.0	nan	nan	0.0	0.0
6	4	76	0.0	0.0	nan	nan	0.0	0.0
6	4	73	0.0	0.0	nan	nan	0.0	0.0
6	4	70	0.0	0.0	nan	nan	0.0	0.0
6	4	67	0.0	0.0	nan	nan	0.0	0.0
6	4	64	0.0	0.0	nan	nan	0.0	0.0
6	4	61	0.0	0.0	nan	nan	0.0	0.0
6	4	58	0.0	0.0	nan	nan	0.0	0.0
6	4	55	0.0	0.0	nan	nan	0.0	0.0
6	4	52	0.0	0.0	nan	nan	0.0	0.0
6	4	49	0.0	0.0	nan	nan	0.0	0.0
6	4	46	0.0	0.0	nan	nan	0.0	0.0
6	4	43	0.0	0.0	nan	nan	0.0	0.0
6	4	40	0.0	0.0	nan	nan	0.0	0.0
6	4	37	0.0	0.0	nan	nan	0.0	0.0
6	4	34	0.0	0.0	nan	nan	0.0	0.0
6	4	31	0.0	0.0	nan	nan	0.0	0.0
6	4	28	0.0	0.0	nan	nan	0.0	0.0
6	5	100	0.0	0.0	nan	nan	0.0	0.0
6	5	97	0.0	0.0	nan	nan	0.0	0.0
6	5	94	0.0	0.0	nan	nan	0.0	0.0
6	5	91	0.0	0.0	nan	nan	0.0	0.0
6	5	88	0.0	0.0	nan	nan	0.0	0.0
6	5	85	0.0	0.0	nan	nan	0.0	0.0
6	5	82	0.0	0.0	nan	nan	0.0	0.0
6	5	79	0.0	0.0	nan	nan	0.0	0.0
6	5	76	0.0	0.0	nan	nan	0.0	0.0
6	5	73	0.0	0.0	nan	nan	0.0	0.0
6	5	70	0.0	0.0	nan	nan	0.0	0.0
6	5	67	0.0	0.0	nan	nan	0.0	0.0
6	5	64	0.0	0.0	nan	nan	0.0	0.0
6	5	61	0.0	0.0	nan	nan	0.0	0.0
6	5	58	0.0	0.0	nan	nan	0.0	0.0
6	5	55	0.0	0.0	nan	nan	0.0	0.0
6	5	52	0.0	0.0	nan	nan	0.0	0.0
6	5	49	0.0	0.0	nan	nan	0.0	0.0
6	5	46	0.0	0.0	nan	nan	0.0	0.0
6	5	43	0.0	0.0	nan	nan	0.0	0.0
6	5	40	0.0	0.0	nan	nan	0.0	0.0
6	5	37	0.0	0.0	nan	nan	0.0	0.0
6	5	34	0.0	0.0	nan	nan	0.0	0.0
6	5	31	0.0	0.0	nan	nan	0.0	0.0
6	5	28	0.0	0.0	nan	nan	0.0	0.0
6	6	100	0.0	0.0	nan	nan	0.0	0.0
6	6	97	0.0	0.0	nan	nan	0.0	0.0
6	6	94	0.0	0.0	nan	nan	0.0	0.0
6	6	91	0.0	0.0	nan	nan	0.0	0.0
6	6	88	0.0	0.0	nan	nan	0.0	0.0
6	6	85	0.0	0.0	nan	nan	0.0	0.0
6	6	82	0.0	0.0	nan	nan	0.0	0.0
6	6	79	0.0	0.0	nan	nan	0.0	0.0
6	6	76	0.0	0.0	nan	nan	0.0	0.0
6	6	73	0.0	0.0	nan	nan	0.0	0.0
6	6	70	0.0	0.0	nan	nan	0.0	0.0
6	6	67	0.0	0.0	nan	nan	0.0	0.0
6	6	64	0.0	0.0	nan	nan	0.0	0.0
6	6	61	0.0	0.0	nan	nan	0.0	0.0
6	6	58	0.0	0.0	nan	nan	0.0	0.0
6	6	55	0.0	0.0	nan	nan	0.0	0.0
6	6	52	0.0	0.0	nan	nan	0.0	0.0
6	6	49	0.0	0.0	nan	nan	0.0	0.0
6	6	46	0.0	0.0	nan	nan	0.0	0.0
6	6	43	0.0	0.0	nan	nan	0.0	0.0
6	6	40	0.0	0.0	nan	nan	0.0	0.0
6	6	37	0.0	0.0	nan	nan	0.0	0.0
6	6	34	0.0	0.0	nan	nan	0.0	0.0
6	6	31	0.0	0.0	nan	nan	0.0	0.0
6	6	28	0.0	0.0	nan	nan	0.0	0.0
6	7	100	0.0	0.0	nan	nan	0.0	0.0
6	7	97	0.0	0.0	nan	nan	0.0	0.0
6	7	94	0.0	0.0	nan	nan	0.0	0.0
6	7	91	0.0	0.0	nan	nan	0.0	0.0
6	7	88	0.0	0.0	nan	nan	0.0	0.0
6	7	85	0.0	0.0	nan	nan	0.0	0.0
6	7	82	0.0	0.0	nan	nan	0.0	0.0
6	7	79	0.0	0.0	nan	nan	0.0	0.0
6	7	76	0.0	0.0	nan	nan	0.0	0.0
6	7	73	0.0	0.0	nan	nan	0.0	0.0
6	7	70	0.0	0.0	nan	nan	0.0	0.0
6	7	67	0.0	0.0	nan	nan	0.0	0.0
6	7	64	0.0	0.0	nan	nan	0.0	0.0
6	7	61	0.0	0.0	nan	nan	0.0	0.0
6	7	58	0.0	0.0	nan	nan	0.0	0.0
6	7	55	0.0	0.0	nan	nan	0.0	0.0
6	7	52	0.0	0.0	nan	nan	0.0	0.0
6	7	49	0.0	0.0	nan	nan	0.0	0.0
6	7	46	0.0	0.0	nan	nan	0.0	0.0
6	7	43	0.0	0.0	nan	nan	0.0	0.0
6	7	40	0.0	0.0	nan	nan	0.0	0.0
6	7	37	0.0	0.0	nan	nan	0.0	0.0
6	7	34	0.0	0.0	nan	nan	0.0	0.0
6	7	31	0.0	0.0	nan	nan	0.0	0.0
6	7	28	0.0	0.0	nan	nan	0.0	0.0
6	8	100	0.0	0.0	nan	nan	0.0	0.0
6	8	97	0.0	0.0	nan	nan	0.0	0.0
6	8	94	0.0	0.0	nan	nan	0.0	0.0
6	8	91	0.0	0.0	nan	nan	0.0	0.0
6	8	88	0.0	0.0	nan	nan	0.0	0.0
6	8	85	0.0	0.0	nan	nan	0.0	0.0
6	8	82	0.0	0.0	nan	nan	0.0	0.0
6	8	79	0.0	0.0	nan	nan	0.0	0.0
6	8	76	0.0	0.0	nan	nan	0.0	0.0
6	8	73	0.0	0.0	nan	nan	0.0	0.0
6	8	70	0.0	0.0	nan	nan	0.0	0.0
6	8	67	0.0	0.0	nan	nan	0.0	0.0
6	8	64	0.0	0.0	nan	nan	0.0	0.0
6	8	61	0.0	0.0	nan	nan	0.0	0.0
6	8	58	0.0	0.0	nan	nan	0.0	0.0
6	8	55	0.0	0.0	nan	nan	0.0	0.0
6	8	52	0.0	0.0	nan	nan	0.0	0.0
6	8	49	0.0	0.0	nan	nan	0.0	0.0
6	8	46	0.0	0.0	nan	nan	0.0	0.0
6	8	43	0.0	0.0	nan	nan	0.0	0.0
6	8	40	0.0	0.0	nan	nan	0.0	0.0
6	8	37	0.0	0.0	nan	nan	0.0	0.0
6	8	34	0.0	0.0	nan	nan	0.0	0.0
6	8	31	0.0	0.0	nan	nan	0.0	0.0
6	8	28	0.0	0.0	nan	nan	0.0	0.0
6	9	100	0.0	0.0	nan	nan	0.0	0.0
6	9	97	0.0	0.0	nan	nan	0.0	0.0
6	9	94	0.0	0.0	nan	nan	0.0	0.0
6	9	91	0.0	0.0	nan	nan	0.0	0.0
6	9	88	0.0	0.0	nan	nan	0.0	0.0
6	9	85	0.0	0.0	nan	nan	0.0	0.0
6	9	82	0.0	0.0	nan	nan	0.0	0.0
6	9	79	0.0	0.0	nan	nan	0.0	0.0
6	9	76	0.0	0.0	nan	nan	0.0	0.0
6	9	73	0.0	0.0	nan	nan	0.0	0.0
6	9	70	0.0	0.0	nan	nan	0.0	0.0
6	9	67	0.0	0.0	nan	nan	0.0	0.0
6	9	64	0.0	0.0	nan	nan	0.0	0.0
6	9	61	0.0	0.0	nan	nan	0.0	0.0
6	9	58	0.0	0.0	nan	nan	0.0	0.0
6	9	55	0.0	0.0	nan	nan	0.0	0.0
6	9	52	0.0	0.0	nan	nan	0.0	0.0
6	9	49	0.0	0.0	nan	nan	0.0	0.0
6	9	46	0.0	0.0	nan	nan	0.0	0.0
6	9	43	0.0	0.0	nan	nan	0.0	0.0
6	9	40	0.0	0.0	nan	nan	0.0	0.0
6	9	37	0.0	0.0	nan	nan	0.0	0.0
6	9	34	0.0	0.0	nan	nan	0.0	0.0
6	9	31	0.0	0.0	nan	nan	0.0	0.0
6	9	28	0.0	0.0	nan	nan	0.0	0.0
6	10	100	0.0	0.0	nan	nan	0.0	0.0
6	10	97	0.0	0.0	nan	nan	0.0	0.0
6	10	94	0.0	0.0	nan	nan	0.0	0.0
6	10	91	0.0	0.0	nan	nan	0.0	0.0
6	10	88	0.0	0.0	nan	nan	0.0	0.0
6	10	85	0.0	0.0	nan	nan	0.0	0.0
6	10	82	0.0	0.0	nan	nan	0.0	0.0
6	10	79	0.0	0.0	nan	nan	0.0	0.0
6	10	76	0.0	0.0	nan	nan	0.0	0.0
6	10	73	0.0	0.0	nan	nan	0.0	0.0
6	10	70	0.0	0.0	nan	nan	0.0	0.0
6	10	67	0.0	0.0	nan	nan	0.0	0.0
6	10	64	0.0	0.0	nan	nan	0.0	0.0
6	10	61	0.0	0.0	nan	nan	0.0	0.0
6	10	58	0.0	0.0	nan	nan	0.0	0.0
6	10	55	0.0	0.0	nan	nan	0.0	0.0
6	10	52	0.0	0.0	nan	nan	0.0	0.0
6	10	49	0.0	0.0	nan	nan	0.0	0.0
6	10	46	0.0	0.0	nan	nan	0.0	0.0
6	10	43	0.0	0.0	nan	nan	0.0	0.0
6	10	40	0.0	0.0	nan	nan	0.0	0.0
6	10	37	0.0	0.0	nan	nan	0.0	0.0
6	10	34	0.0	0.0	nan	nan	0.0	0.0
6	10	31	0.0	0.0	nan	nan	0.0	0.0
6	10	28	0.0	0.0	nan	nan	0.0	0.0
6	11	100	0.0	0.0	nan	nan	0.0	0.0
6	11	97	0.0	0.0	nan	nan	0.0	0.0
6	11	94	0.0	0.0	nan	nan	0.0	0.0
6	11	91	0.0	0.0	nan	nan	0.0	0.0
6	11	88	0.0	0.0	nan	nan	0.0	0.0
6	11	85	0.0	0.0	nan	nan	0.0	0.0
6	11	82	0.0	0.0	nan	nan	0.0	0.0
6	11	79	0.0	0.0	nan	nan	0.0	0.0
6	11	76	0.0	0.0	nan	nan	0.0	0.0
6	11	73	0.0	0.0	nan	nan	0.0	0.0
6	11	70	0.0	0.0	nan	nan	0.0	0.0
6	11	67	0.0	0.0	nan	nan	0.0	0.0
6	11	64	0.0	0.0	nan	nan	0.0	0.0
6	11	61	0.0	0.0	nan	nan	0.0	0.0
6	11	58	0.0	0.0	nan	nan	0.0	0.0
6	11	55	0.0	0.0	nan	nan	0.0	0.0
6	11	52	0.0	0.0	nan	nan	0.0	0.0
6	11	49	0.0	0.0	nan	nan	0.0	0.0
6	11	46	0.0	0.0	nan	nan	0.0	0.0
6	11	43	0.0	0.0	nan	nan	0.0	0.0
6	11	40	0.0	0.0	nan	nan	0.0	0.0
6	11	37	0.0	0.0	nan	nan	0.0	0.0
6	11	34	0.0	0.0	nan	nan	0.0	0.0
6	11	31	0.0	0.0	nan	nan	0.0	0.0
6	11	28	0.0	0.0	nan	nan	0.0	0.0
6	12	100	0.0	0.0	nan	nan	0.0	0.0
6	12	97	0.0	0.0	nan	nan	0.0	0.0
6	12	94	0.0	0.0	nan	nan	0.0	0.0
6	12	91	0.0	0.0	nan	nan	0.0	0.0
6	12	88	0.0	0.0	nan	nan	0.0	0.0
6	12	85	0.0	0.0	nan	nan	0.0	0.0
6	12	82	0.0	0.0	nan	nan	0.0	0.0
6	12	79	0.0	0.0	nan	nan	0.0	0.0
6	12	76	0.0	0.0	nan	nan	0.0	0.0
6	12	73	0.0	0.0	nan	nan	0.0	0.0
6	12	70	0.0	0.0	nan	nan	0.0	0.0
6	12	67	0.0	0.0	nan	nan	0.0	0.0
6	12	64	0.0	0.0	nan	nan	0.0	0.0
6	12	61	0.0	0.0	nan	nan	0.0	0.0
6	12	58	0.0	0.0	nan	nan	0.0	0.0
6	12	55	0.0	0.0	nan	nan	0.0	0.0
6	12	52	0.0	0.0	nan	nan	0.0	0.0
6	12	49	0.0	0.0	nan	nan	0.0	0.0
6	12	46	0.0	0.0	nan	nan	0.0	0.0
6	12	43	0.0	0.0	nan	nan	0.0	0.0
6	12	40	0.0	0.0	nan	nan	0.0	0.0
6	12	37	0.0	0.0	nan	nan	0.0	0.0
6	12	34	0.0	0.0	nan	nan	0.0	0.0
6	12	31	0.0	0.0	nan	nan	0.0	0.0
6	12	28	0.0	0.0	nan	nan	0.0	0.0
6	13	100	0.0	0.0	nan	nan	0.0	0.0
6	13	97	0.0	0.0	nan	nan	0.0	0.0
6	13	94	0.0	0.0	nan	nan	0.0	0.0
6	13	91	0.0	0.0	nan	nan	0.0	0.0
6	13	88	0.0	0.0	nan	nan	0.0	0.0
6	13	85	0.0	0.0	nan	nan	0.0	0.0
6	13	82	0.0	0.0	nan	nan	0.0	0.0
6	13	79	0.0	0.0	nan	nan	0.0	0.0
6	13	76	0.0	0.0	nan	nan	0.0	0.0
6	13	73	0.0	0.0	nan	nan	0.0	0.0
6	13	70	0.0	0.0	nan	nan	0.0	0.0
6	13	67	0.0	0.0	nan	nan	0.0	0.0
6	13	64	0.0	0.0	nan	nan	0.0	0.0
6	13	61	0.0	0.0	nan	nan	0.0	0.0
6	13	58	0.0	0.0	nan	nan	0.0	0.0
6	13	55	0.0	0.0	nan	nan	0.0	0.0
6	13	52	0.0	0.0	nan	nan	0.0	0.0
6	13	49	0.0	0.0	nan	nan	0.0	0.0
6	13	46	0.0	0.0	nan	nan	0.0	0.0
6	13	43	0.0	0.0	nan	nan	0.0	0.0
6	13	40	0.0	0.0	nan	nan	0.0	0.0
6	13	37	0.0	0.0	nan	nan	0.0	0.0
6	13	34	0.0	0.0	nan	nan	0.0	0.0
6	13	31	0.0	0.0	nan	nan	0.0	0.0
6	13	28	0.0	0.0	nan	nan	0.0	0.0
6	14	100	0.0	0.0	nan	nan	0.0	0.0
6	14	97	0.0	0.0	nan	nan	0.0	0.0
6	14	94	0.0	0.0	nan	nan	0.0	0.0
6	14	91	0.0	0.0	nan	nan	0.0	0.0
6	14	88	0.0	0.0	nan	nan	0.0	0.0
6	14	85	0.0	0.0	nan	nan	0.0	0.0
6	14	82	0.0	0.0	nan	nan	0.0	0.0
6	14	79	0.0	0.0	nan	nan	0.0	0.0
6	14	76	0.0	0.0	nan	nan	0.0	0.0
6	14	73	0.0	0.0	nan	nan	0.0	0.0
6	14	70	0.0	0.0	nan	nan	0.0	0.0
6	14	67	0.0	0.0	nan	nan	0.0	0.0
6	14	64	0.0	0.0	nan	nan	0.0	0.0
6	14	61	0.0	0.0	nan	nan	0.0	0.0
6	14	58	0.0	0.0	nan	nan	0.0	0.0
6	14	55	0.0	0.0	nan	nan	0.0	0.0
6	14	52	0.0	0.0	nan	nan	0.0	0.0
6	14	49	0.0	0.0	nan	nan	0.0	0.0
6	14	46	0.0	0.0	nan	nan	0.0	0.0
6	14	43	0.0	0.0	nan	nan	0.0	0.0
6	14	40	0.0	0.0	nan	nan	0.0	0.0
6	14	37	0.0	0.0	nan	nan	0.0	0.0
6	14	34	0.0	0.0	nan	nan	0.0	0.0
6	14	31	0.0	0.0	nan	nan	0.0	0.0
6	14	28	0.0	0.0	nan	nan	0.0	0.0
6	15	100	0.0	0.0	nan	nan	0.0	0.0
6	15	97	0.0	0.0	nan	nan	0.0	0.0
6	15	94	0.0	0.0	nan	nan	0.0	0.0
6	15	91	0.0	0.0	nan	nan	0.0	0.0
6	15	88	0.0	0.0	nan	nan	0.0	0.0
6	15	85	0.0	0.0	nan	nan	0.0	0.0
6	15	82	0.0	0.0	nan	nan	0.0	0.0
6	15	79	0.0	0.0	nan	nan	0.0	0.0
6	15	76	0.0	0.0	nan	nan	0.0	0.0
6	15	73	0.0	0.0	nan	nan	0.0	0.0
6	15	70	0.0	0.0	nan	nan	0.0	0.0
6	15	67	0.0	0.0	nan	nan	0.0	0.0
6	15	64	0.0	0.0	nan	nan	0.0	0.0
6	15	61	0.0	0.0	nan	nan	0.0	0.0
6	15	58	0.0	0.0	nan	nan	0.0	0.0
6	15	55	0.0	0.0	nan	nan	0.0	0.0
6	15	52	0.0	0.0	nan	nan	0.0	0.0
6	15	49	0.0	0.0	nan	nan	0.0	0.0
6	15	46	0.0	0.0	nan	nan	0.0	0.0
6	15	43	0.0	0.0	nan	nan	0.0	0.0
6	15	40	0.0	0.0	nan	nan	0.0	0.0
6	15	37	0.0	0.0	nan	nan	0.0	0.0
6	15	34	0.0	0.0	nan	nan	0.0	0.0
6	15	31	0.0	0.0	nan	nan	0.0	0.0
6	15	28	0.0	0.0	nan	nan	0.0	0.0
6	16	100	0.0	0.0	nan	nan	0.0	0.0
6	16	97	0.0	0.0	nan	nan	0.0	0.0
6	16	94	0.0	0.0	nan	nan	0.0	0.0
6	16	91	0.0	0.0	nan	nan	0.0	0.0
6	16	88	0.0	0.0	nan	nan	0.0	0.0
6	16	85	0.0	0.0	nan	nan	0.0	0.0
6	16	82	0.0	0.0	nan	nan	0.0	0.0
6	16	79	0.0	0.0	nan	nan	0.0	0.0
6	16	76	0.0	0.0	nan	nan	0.0	0.0
6	16	73	0.0	0.0	nan	nan	0.0	0.0
6	16	70	0.0	0.0	nan	nan	0.0	0.0
6	16	67	0.0	0.0	nan	nan	0.0	0.0
6	16	64	0.0	0.0	nan	nan	0.0	0.0
6	16	61	0.0	0.0	nan	nan	0.0	0.0
6	16	58	0.0	0.0	nan	nan	0.0	0.0
6	16	55	0.0	0.0	nan	nan	0.0	0.0
6	16	52	0.0	0.0	nan	nan	0.0	0.0
6	16	49	0.0	0.0	nan	nan	0.0	0.0
6	16	46	0.0	0.0	nan	nan	0.0	0.0
6	16	43	0.0	0.0	nan	nan	0.0	0.0
6	16	40	0.0	0.0	nan	nan	0.0	0.0
6	16	37	0.0	0.0	nan	nan	0.0	0.0
6	16	34	0.0	0.0	nan	nan	0.0	0.0
6	16	31	0.0	0.0	nan	nan	0.0	0.0
6	16	28	0.0	0.0	nan	nan	0.0	0.0
6	17	100	0.0	0.0	nan	nan	0.0	0.0
6	17	97	0.0	0.0	nan	nan	0.0	0.0
6	17	94	0.0	0.0	nan	nan	0.0	0.0
6	17	91	0.0	0.0	nan	nan	0.0	0.0
6	17	88	0.0	0.0	nan	nan	0.0	0.0
6	17	85	0.0	0.0	nan	nan	0.0	0.0
6	17	82	0.0	0.0	nan	nan	0.0	0.0
6	17	79	0.0	0.0	nan	nan	0.0	0.0
6	17	76	0.0	0.0	nan	nan	0.0	0.0
6	17	73	0.0	0.0	nan	nan	0.0	0.0
6	17	70	0.0	0.0	nan	nan	0.0	0.0
6	17	67	0.0	0.0	nan	nan	0.0	0.0
6	17	64	0.0	0.0	nan	nan	0.0	0.0
6	17	61	0.0	0.0	nan	nan	0.0	0.0
6	17	58	0.0	0.0	nan	nan	0.0	0.0
6	17	55	0.0	0.0	nan	nan	0.0	0.0
6	17	52	0.0	0.0	nan	nan	0.0	0.0
6	17	49	0.0	0.0	nan	nan	0.0	0.0
6	17	46	0.0	0.0	nan	nan	0.0	0.0
6	17	43	0.0	0.0	nan	nan	0.0	0.0
6	17	40	0.0	0.0	nan	nan	0.0	0.0
6	17	37	0.0	0.0	nan	nan	0.0	0.0
6	17	34	0.0	0.0	nan	nan	0.0	0.0
6	17	31	0.0	0.0	nan	nan	0.0	0.0
6	17	28	0.0	0.0	nan	nan	0.0	0.0
6	18	100	0.0	0.0	nan	nan	0.0	0.0
6	18	97	0.0	0.0	nan	nan	0.0	0.0
6	18	94	0.0	0.0	nan	nan	0.0	0.0
6	18	91	0.0	0.0	nan	nan	0.0	0.0
6	18	88	0.0	0.0	nan	nan	0.0	0.0
6	18	85	0.0	0.0	nan	nan	0.0	0.0
6	18	82	0.0	0.0	nan	nan	0.0	0.0
6	18	79	0.0	0.0	nan	nan	0.0	0.0
6	18	76	0.0	0.0	nan	nan	0.0	0.0
6	18	73	0.0	0.0	nan	nan	0.0	0.0
6	18	70	0.0	0.0	nan	nan	0.0	0.0
6	18	67	0.0	0.0	nan	nan	0.0	0.0
6	18	64	0.0	0.0	nan	nan	0.0	0.0
6	18	61	0.0	0.0	nan	nan	0.0	0.0
6	18	58	0.0	0.0	nan	nan	0.0	0.0
6	18	55	0.0	0.0	nan	nan	0.0	0.0
6	18	52	0.0	0.0	nan	nan	0.0	0.0
6	18	49	0.0	0.0	nan	nan	0.0	0.0
6	18	46	0.0	0.0	nan	nan	0.0	0.0
6	18	43	0.0	0.0	nan	nan	0.0	0.0
6	18	40	0.0	0.0	nan	nan	0.0	0.0
6	18	37	0.0	0.0	nan	nan	0.0	0.0
6	18	34	0.0	0.0	nan	nan	0.0	0.0
6	18	31	0.0	0.0	nan	nan	0.0	0.0
6	18	28	0.0	0.0	nan	nan	0.0	0.0
6	19	100	0.0	0.0	nan	nan	0.0	0.0
6	19	97	0.0	0.0	nan	nan	0.0	0.0
6	19	94	0.0	0.0	nan	nan	0.0	0.0
6	19	91	0.0	0.0	nan	nan	0.0	0.0
6	19	88	0.0	0.0	nan	nan	0.0	0.0
6	19	85	0.0	0.0	nan	nan	0.0	0.0
6	19	82	0.0	0.0	nan	nan	0.0	0.0
6	19	79	0.0	0.0	nan	nan	0.0	0.0
6	19	76	0.0	0.0	nan	nan	0.0	0.0
6	19	73	0.0	0.0	nan	nan	0.0	0.0
6	19	70	0.0	0.0	nan	nan	0.0	0.0
6	19	67	0.0	0.0	nan	nan	0.0	0.0
6	19	64	0.0	0.0	nan	nan	0.0	0.0
6	19	61	0.0	0.0	nan	nan	0.0	0.0
6	19	58	0.0	0.0	nan	nan	0.0	0.0
6	19	55	0.0	0.0	nan	nan	0.0	0.0
6	19	52	0.0	0.0	nan	nan	0.0	0.0
6	19	49	0.0	0.0	nan	nan	0.0	0.0
6	19	46	0.0	0.0	nan	nan	0.0	0.0
6	19	43	0.0	0.0	nan	nan	0.0	0.0
6	19	40	0.0	0.0	nan	nan	0.0	0.0
6	19	37	0.0	0.0	nan	nan	0.0	0.0
6	19	34	0.0	0.0	nan	nan	0.0	0.0
6	19	31	0.0	0.0	nan	nan	0.0	0.0
6	19	28	0.0	0.0	nan	nan	0.0	0.0
6	20	100	0.0	0.0	nan	nan	0.0	0.0
6	20	97	0.0	0.0	nan	nan	0.0	0.0
6	20	94	0.0	0.0	nan	nan	0.0	0.0
6	20	91	0.0	0.0	nan	nan	0.0	0.0
6	20	88	0.0	0.0	nan	nan	0.0	0.0
6	20	85	0.0	0.0	nan	nan	0.0	0.0
6	20	82	0.0	0.0	nan	nan	0.0	0.0
6	20	79	0.0	0.0	nan	nan	0.0	0.0
6	20	76	0.0	0.0	nan	nan	0.0	0.0
6	20	73	0.0	0.0	nan	nan	0.0	0.0
6	20	70	0.0	0.0	nan	nan	0.0	0.0
6	20	67	0.0	0.0	nan	nan	0.0	0.0
6	20	64	0.0	0.0	nan	nan	0.0	0.0
6	20	61	0.0	0.0	nan	nan	0.0	0.0
6	20	58	0.0	0.0	nan	nan	0.0	0.0
6	20	55	0.0	0.0	nan	nan	0.0	0.0
6	20	52	0.0	0.0	nan	nan	0.0	0.0
6	20	49	0.0	0.0	nan	nan	0.0	0.0
6	20	46	0.0	0.0	nan	nan	0.0	0.0
6	20	43	0.0	0.0	nan	nan	0.0	0.0
6	20	40	0.0	0.0	nan	nan	0.0	0.0
6	20	37	0.0	0.0	nan	nan	0.0	0.0
6	20	34	0.0	0.0	nan	nan	0.0	0.0
6	20	31	0.0	0.0	nan	nan	0.0	0.0
6	20	28	0.0	0.0	nan	nan	0.0	0.0
6	21	100	0.0	0.0	nan	nan	0.0	0.0
6	21	97	0.0	0.0	nan	nan	0.0	0.0
6	21	94	0.0	0.0	nan	nan	0.0	0.0
6	21	91	0.0	0.0	nan	nan	0.0	0.0
6	21	88	0.0	0.0	nan	nan	0.0	0.0
6	21	85	0.0	0.0	nan	nan	0.0	0.0
6	21	82	0.0	0.0	nan	nan	0.0	0.0
6	21	79	0.0	0.0	nan	nan	0.0	0.0
6	21	76	0.0	0.0	nan	nan	0.0	0.0
6	21	73	0.0	0.0	nan	nan	0.0	0.0
6	21	70	0.0	0.0	nan	nan	0.0	0.0
6	21	67	0.0	0.0	nan	nan	0.0	0.0
6	21	64	0.0	0.0	nan	nan	0.0	0.0
6	21	61	0.0	0.0	nan	nan	0.0	0.0
6	21	58	0.0	0.0	nan	nan	0.0	0.0
6	21	55	0.0	0.0	nan	nan	0.0	0.0
6	21	52	0.0	0.0	nan	nan	0.0	0.0
6	21	49	0.0	0.0	nan	nan	0.0	0.0
6	21	46	0.0	0.0	nan	nan	0.0	0.0
6	21	43	0.0	0.0	nan	nan	0.0	0.0
6	21	40	0.0	0.0	nan	nan	0.0	0.0
6	21	37	0.0	0.0	nan	nan	0.0	0.0
6	21	34	0.0	0.0	nan	nan	0.0	0.0
6	21	31	0.0	0.0	nan	nan	0.0	0.0
6	21	28	0.0	0.0	nan	nan	0.0	0.0
6	22	100	0.0	0.0	nan	nan	0.0	0.0
6	22	97	0.0	0.0	nan	nan	0.0	0.0
6	22	94	0.0	0.0	nan	nan	0.0	0.0
6	22	91	0.0	0.0	nan	nan	0.0	0.0
6	22	88	0.0	0.0	nan	nan	0.0	0.0
6	22	85	0.0	0.0	nan	nan	0.0	0.0
6	22	82	0.0	0.0	nan	nan	0.0	0.0
6	22	79	0.0	0.0	nan	nan	0.0	0.0
6	22	76	0.0	0.0	nan	nan	0.0	0.0
6	22	73	0.0	0.0	nan	nan	0.0	0.0
6	22	70	0.0	0.0	nan	nan	0.0	0.0
6	22	67	0.0	0.0	nan	nan	0.0	0.0
6	22	64	0.0	0.0	nan	nan	0.0	0.0
6	22	61	0.0	0.0	nan	nan	0.0	0.0
6	22	58	0.0	0.0	nan	nan	0.0	0.0
6	22	55	0.0	0.0	nan	nan	0.0	0.0
6	22	52	0.0	0.0	nan	nan	0.0	0.0
6	22	49	0.0	0.0	nan	nan	0.0	0.0
6	22	46	0.0	0.0	nan	nan	0.0	0.0
6	22	43	0.0	0.0	nan	nan	0.0	0.0
6	22	40	0.0	0.0	nan	nan	0.0	0.0
6	22	37	0.0	0.0	nan	nan	0.0	0.0
6	22	34	0.0	0.0	nan	nan	0.0	0.0
6	22	31	0.0	0.0	nan	nan	0.0	0.0
6	22	28	0.0	0.0	nan	nan	0.0	0.0
6	23	100	0.0	0.0	nan	nan	0.0	0.0
6	23	97	0.0	0.0	nan	nan	0.0	0.0
6	23	94	0.0	0.0	nan	nan	0.0	0.0
6	23	91	0.0	0.0	nan	nan	0.0	0.0
6	23	88	0.0	0.0	nan	nan	0.0	0.0
6	23	85	0.0	0.0	nan	nan	0.0	0.0
6	23	82	0.0	0.0	nan	nan	0.0	0.0
6	23	79	0.0	0.0	nan	nan	0.0	0.0
6	23	76	0.0	0.0	nan	nan	0.0	0.0
6	23	73	0.0	0.0	nan	nan	0.0	0.0
6	23	70	0.0	0.0	nan	nan	0.0	0.0
6	23	67	0.0	0.0	nan	nan	0.0	0.0
6	23	64	0.0	0.0	nan	nan	0.0	0.0
6	23	61	0.0	0.0	nan	nan	0.0	0.0
6	23	58	0.0	0.0	nan	nan	0.0	0.0
6	23	55	0.0	0.0	nan	nan	0.0	0.0
6	23	52	0.0	0.0	nan	nan	0.0	0.0
6	23	49	0.0	0.0	nan	nan	0.0	0.0
6	23	46	0.0	0.0	nan	nan	0.0	0.0
6	23	43	0.0	0.0	nan	nan	0.0	0.0
6	23	40	0.0	0.0	nan	nan	0.0	0.0
6	23	37	0.0	0.0	nan	nan	0.0	0.0
6	23	34	0.0	0.0	nan	nan	0.0	0.0
6	23	31	0.0	0.0	nan	nan	0.0	0.0
6	23	28	0.0	0.0	nan	nan	0.0	0.0
6	24	100	0.0	0.0	nan	nan	0.0	0.0
6	24	97	0.0	0.0	nan	nan	0.0	0.0
6	24	94	0.0	0.0	nan	nan	0.0	0.0
6	24	91	0.0	0.0	nan	nan	0.0	0.0
6	24	88	0.0	0.0	nan	nan	0.0	0.0
6	24	85	0.0	0.0	nan	nan	0.0	0.0
6	24	82	0.0	0.0	nan	nan	0.0	0.0
6	24	79	0.0	0.0	nan	nan	0.0	0.0
6	24	76	0.0	0.0	nan	nan	0.0	0.0
6	24	73	0.0	0.0	nan	nan	0.0	0.0
6	24	70	0.0	0.0	nan	nan	0.0	0.0
6	24	67	0.0	0.0	nan	nan	0.0	0.0
6	24	64	0.0	0.0	nan	nan	0.0	0.0
6	24	61	0.0	0.0	nan	nan	0.0	0.0
6	24	58	0.0	0.0	nan	nan	0.0	0.0
6	24	55	0.0	0.0	nan	nan	0.0	0.0
6	24	52	0.0	0.0	nan	nan	0.0	0.0
6	24	49	0.0	0.0	nan	nan	0.0	0.0
6	24	46	0.0	0.0	nan	nan	0.0	0.0
6	24	43	0.0	0.0	nan	nan	0.0	0.0
6	24	40	0.0	0.0	nan	nan	0.0	0.0
6	24	37	0.0	0.0	nan	nan	0.0	0.0
6	24	34	0.0	0.0	nan	nan	0.0	0.0
6	24	31	0.0	0.0	nan	nan	0.0	0.0
6	24	28	0.0	0.0	nan	nan	0.0	0.0
6	25	100	0.0	0.0	nan	nan	0.0	0.0
6	25	97	0.0	0.0	nan	nan	0.0	0.0
6	25	94	0.0	0.0	nan	nan	0.0	0.0
6	25	91	0.0	0.0	nan	nan	0.0	0.0
6	25	88	0.0	0.0	nan	nan	0.0	0.0
6	25	85	0.0	0.0	nan	nan	0.0	0.0
6	25	82	0.0	0.0	nan	nan	0.0	0.0
6	25	79	0.0	0.0	nan	nan	0.0	0.0
6	25	76	0.0	0.0	nan	nan	0.0	0.0
6	25	73	0.0	0.0	nan	nan	0.0	0.0
6	25	70	0.0	0.0	nan	nan	0.0	0.0
6	25	67	0.0	0.0	nan	nan	0.0	0.0
6	25	64	0.0	0.0	nan	nan	0.0	0.0
6	25	61	0.0	0.0	nan	nan	0.0	0.0
6	25	58	0.0	0.0	nan	nan	0.0	0.0
6	25	55	0.0	0.0	nan	nan	0.0	0.0
6	25	52	0.0	0.0	nan	nan	0.0	0.0
6	25	49	0.0	0.0	nan	nan	0.0	0.0
6	25	46	0.0	0.0	nan	nan	0.0	0.0
6	25	43	0.0	0.0	nan	nan	0.0	0.0
6	25	40	0.0	0.0	nan	nan	0.0	0.0
6	25	37	0.0	0.0	nan	nan	0.0	0.0
6	25	34	0.0	0.0	nan	nan	0.0	0.0
6	25	31	0.0	0.0	nan	nan	0.0	0.0
6	25	28	0.0	0.0	nan	nan	0.0	0.0
6	26	100	0.0	0.0	nan	nan	0.0	0.0
6	26	97	0.0	0.0	nan	nan	0.0	0.0
6	26	94	0.0	0.0	nan	nan	0.0	0.0
6	26	91	0.0	0.0	nan	nan	0.0	0.0
6	26	88	0.0	0.0	nan	nan	0.0	0.0
6	26	85	0.0	0.0	nan	nan	0.0	0.0
6	26	82	0.0	0.0	nan	nan	0.0	0.0
6	26	79	0.0	0.0	nan	nan	0.0	0.0
6	26	76	0.0	0.0	nan	nan	0.0	0.0
6	26	73	0.0	0.0	nan	nan	0.0	0.0
6	26	70	0.0	0.0	nan	nan	0.0	0.0
6	26	67	0.0	0.0	nan	nan	0.0	0.0
6	26	64	0.0	0.0	nan	nan	0.0	0.0
6	26	61	0.0	0.0	nan	nan	0.0	0.0
6	26	58	0.0	0.0	nan	nan	0.0	0.0
6	26	55	0.0	0.0	nan	nan	0.0	0.0
6	26	52	0.0	0.0	nan	nan	0.0	0.0
6	26	49	0.0	0.0	nan	nan	0.0	0.0
6	26	46	0.0	0.0	nan	nan	0.0	0.0
6	26	43	0.0	0.0	nan	nan	0.0	0.0
6	26	40	0.0	0.0	nan	nan	0.0	0.0
6	26	37	0.0	0.0	nan	nan	0.0	0.0
6	26	34	0.0	0.0	nan	nan	0.0	0.0
6	26	31	0.0	0.0	nan	nan	0.0	0.0
6	26	28	0.0	0.0	nan	nan	0.0	0.0
6	27	100	0.0	0.0	nan	nan	0.0	0.0
6	27	97	0.0	0.0	nan	nan	0.0	0.0
6	27	94	0.0	0.0	nan	nan	0.0	0.0
6	27	91	0.0	0.0	nan	nan	0.0	0.0
6	27	88	0.0	0.0	nan	nan	0.0	0.0
6	27	85	0.0	0.0	nan	nan	0.0	0.0
6	27	82	0.0	0.0	nan	nan	0.0	0.0
6	27	79	0.0	0.0	nan	nan	0.0	0.0
6	27	76	0.0	0.0	nan	nan	0.0	0.0
6	27	73	0.0	0.0	nan	nan	0.0	0.0
6	27	70	0.0	0.0	nan	nan	0.0	0.0
6	27	67	0.0	0.0	nan	nan	0.0	0.0
6	27	64	0.0	0.0	nan	nan	0.0	0.0
6	27	61	0.0	0.0	nan	nan	0.0	0.0
6	27	58	0.0	0.0	nan	nan	0.0	0.0
6	27	55	0.0	0.0	nan	nan	0.0	0.0
6	27	52	0.0	0.0	nan	nan	0.0	0.0
6	27	49	0.0	0.0	nan	nan	0.0	0.0
6	27	46	0.0	0.0	nan	nan	0.0	0.0
6	27	43	0.0	0.0	nan	nan	0.0	0.0
6	27	40	0.0	0.0	nan	nan	0.0	0.0
6	27	37	0.0	0.0	nan	nan	0.0	0.0
6	27	34	0.0	0.0	nan	nan	0.0	0.0
6	27	31	0.0	0.0	nan	nan	0.0	0.0
6	27	28	0.0	0.0	nan	nan	0.0	0.0
6	28	100	0.0	0.0	nan	nan	0.0	0.0
6	28	97	0.0	0.0	nan	nan	0.0	0.0
6	28	94	0.0	0.0	nan	nan	0.0	0.0
6	28	91	0.0	0.0	nan	nan	0.0	0.0
6	28	88	0.0	0.0	nan	nan	0.0	0.0
6	28	85	0.0	0.0	nan	nan	0.0	0.0
6	28	82	0.0	0.0	nan	nan	0.0	0.0
6	28	79	0.0	0.0	nan	nan	0.0	0.0
6	28	76	0.0	0.0	nan	nan	0.0	0.0
6	28	73	0.0	0.0	nan	nan	0.0	0.0
6	28	70	0.0	0.0	nan	nan	0.0	0.0
6	28	67	0.0	0.0	nan	nan	0.0	0.0
6	28	64	0.0	0.0	nan	nan	0.0	0.0
6	28	61	0.0	0.0	nan	nan	0.0	0.0
6	28	58	0.0	0.0	nan	nan	0.0	0.0
6	28	55	0.0	0.0	nan	nan	0.0	0.0
6	28	52	0.0	0.0	nan	nan	0.0	0.0
6	28	49	0.0	0.0	nan	nan	0.0	0.0
6	28	46	0.0	0.0	nan	nan	0.0	0.0
6	28	43	0.0	0.0	nan	nan	0.0	0.0
6	28	40	0.0	0.0	nan	nan	0.0	0.0
6	28	37	0.0	0.0	nan	nan	0.0	0.0
6	28	34	0.0	0.0	nan	nan	0.0	0.0
6	28	31	0.0	0.0	nan	nan	0.0	0.0
6	28	28	0.0	0.0	nan	nan	0.0	0.0
6	29	100	0.0	0.0	nan	nan	0.0	0.0
6	29	97	0.0	0.0	nan	nan	0.0	0.0
6	29	94	0.0	0.0	nan	nan	0.0	0.0
6	29	91	0.0	0.0	nan	nan	0.0	0.0
6	29	88	0.0	0.0	nan	nan	0.0	0.0
6	29	85	0.0	0.0	nan	nan	0.0	0.0
6	29	82	0.0	0.0	nan	nan	0.0	0.0
6	29	79	0.0	0.0	nan	nan	0.0	0.0
6	29	76	0.0	0.0	nan	nan	0.0	0.0
6	29	73	0.0	0.0	nan	nan	0.0	0.0
6	29	70	0.0	0.0	nan	nan	0.0	0.0
6	29	67	0.0	0.0	nan	nan	0.0	0.0
6	29	64	0.0	0.0	nan	nan	0.0	0.0
6	29	61	0.0	0.0	nan	nan	0.0	0.0
6	29	58	0.0	0.0	nan	nan	0.0	0.0
6	29	55	0.0	0.0	nan	nan	0.0	0.0
6	29	52	0.0	0.0	nan	nan	0.0	0.0
6	29	49	0.0	0.0	nan	nan	0.0	0.0
6	29	46	0.0	0.0	nan	nan	0.0	0.0
6	29	43	0.0	0.0	nan	nan	0.0	0.0
6	29	40	0.0	0.0	nan	nan	0.0	0.0
6	29	37	0.0	0.0	nan	nan	0.0	0.0
6	29	34	0.0	0.0	nan	nan	0.0	0.0
6	29	31	0.0	0.0	nan	nan	0.0	0.0
6	29	28	0.0	0.0	nan	nan	0.0	0.0
6	30	100	0.0	0.0	nan	nan	0.0	0.0
6	30	97	0.0	0.0	nan	nan	0.0	0.0
6	30	94	0.0	0.0	nan	nan	0.0	0.0
6	30	91	0.0	0.0	nan	nan	0.0	0.0
6	30	88	0.0	0.0	nan	nan	0.0	0.0
6	30	85	0.0	0.0	nan	nan	0.0	0.0
6	30	82	0.0	0.0	nan	nan	0.0	0.0
6	30	79	0.0	0.0	nan	nan	0.0	0.0
6	30	76	0.0	0.0	nan	nan	0.0	0.0
6	30	73	0.0	0.0	nan	nan	0.0	0.0
6	30	70	0.0	0.0	nan	nan	0.0	0.0
6	30	67	0.0	0.0	nan	nan	0.0	0.0
6	30	64	0.0	0.0	nan	nan	0.0	0.0
6	30	61	0.0	0.0	nan	nan	0.0	0.0
6	30	58	0.0	0.0	nan	nan	0.0	0.0
6	30	55	0.0	0.0	nan	nan	0.0	0.0
6	30	52	0.0	0.0	nan	nan	0.0	0.0
6	30	49	0.0	0.0	nan	nan	0.0	0.0
6	30	46	0.0	0.0	nan	nan	0.0	0.0
6	30	43	0.0	0.0	nan	nan	0.0	0.0
6	30	40	0.0	0.0	nan	nan	0.0	0.0
6	30	37	0.0	0.0	nan	nan	0.0	0.0
6	30	34	0.0	0.0	nan	nan	0.0	0.0
6	30	31	0.0	0.0	nan	nan	0.0	0.0
6	30	28	0.0	0.0	nan	nan	0.0	0.0
6	31	100	0.0	0.0	nan	nan	0.0	0.0
6	31	97	0.0	0.0	nan	nan	0.0	0.0
6	31	94	0.0	0.0	nan	nan	0.0	0.0
6	31	91	0.0	0.0	nan	nan	0.0	0.0
6	31	88	0.0	0.0	nan	nan	0.0	0.0
6	31	85	0.0	0.0	nan	nan	0.0	0.0
6	31	82	0.0	0.0	nan	nan	0.0	0.0
6	31	79	0.0	0.0	nan	nan	0.0	0.0
6	31	76	0.0	0.0	nan	nan	0.0	0.0
6	31	73	0.0	0.0	nan	nan	0.0	0.0
6	31	70	0.0	0.0	nan	nan	0.0	0.0
6	31	67	0.0	0.0	nan	nan	0.0	0.0
6	31	64	0.0	0.0	nan	nan	0.0	0.0
6	31	61	0.0	0.0	nan	nan	0.0	0.0
6	31	58	0.0	0.0	nan	nan	0.0	0.0
6	31	55	0.0	0.0	nan	nan	0.0	0.0
6	31	52	0.0	0.0	nan	nan	0.0	0.0
6	31	49	0.0	0.0	nan	nan	0.0	0.0
6	31	46	0.0	0.0	nan	nan	0.0	0.0
6	31	43	0.0	0.0	nan	nan	0.0	0.0
6	31	40	0.0	0.0	nan	nan	0.0	0.0
6	31	37	0.0	0.0	nan	nan	0.0	0.0
6	31	34	0.0	0.0	nan	nan	0.0	0.0
6	31	31	0.0	0.0	nan	nan	0.0	0.0
6	31	28	0.0	0.0	nan	nan	0.0	0.0
7	0	100	2.677	0.475	13.258	0.445	1.0	1.0
7	0	97	2.355	0.486	13.645	0.486	1.0	1.0
7	0	94	2.129	0.341	14.0	0.258	1.0	1.0
7	0	91	2.097	0.301	14.452	0.506	1.0	1.0
7	0	88	2.0	0.0	14.839	0.523	1.0	1.0
7	0	85	2.0	0.0	15.581	0.502	1.0	1.0
7	0	82	2.0	0.0	15.935	0.727	1.0	1.0
7	0	79	1.935	0.25	16.903	0.908	1.0	1.0
7	0	76	1.645	0.486	17.581	0.765	1.0	1.0
7	0	73	1.065	0.25	19.0	0.775	1.0	1.0
7	0	70	0.957	0.209	20.867	1.592	0.71	0.968
7	0	67	0.381	0.498	21.778	1.592	0.258	0.581
7	0	64	0.036	0.189	22.75	3.775	0.032	0.129
7	0	61	0.0	0.0	nan	nan	0.0	0.0
7	0	58	0.0	0.0	nan	nan	0.0	0.0
7	0	55	0.0	0.0	nan	nan	0.0	0.0
7	0	52	0.0	0.0	nan	nan	0.0	0.0
7	0	49	0.0	0.0	nan	nan	0.0	0.0
7	0	46	0.0	0.0	nan	nan	0.0	0.0
7	0	43	0.0	0.0	nan	nan	0.0	0.0
7	0	40	0.0	0.0	nan	nan	0.0	0.0
7	0	37	0.0	0.0	nan	nan	0.0	0.0
7	0	34	0.0	0.0	nan	nan	0.0	0.0
7	0	31	0.0	0.0	nan	nan	0.0	0.0
7	0	28	0.0	0.0	nan	nan	0.0	0.0
7	1	100	0.0	0.0	nan	nan	0.0	0.0
7	1	97	0.0	0.0	nan	nan	0.0	0.0
7	1	94	0.0	0.0	nan	nan	0.0	0.0
7	1	91	0.0	0.0	nan	nan	0.0	0.0
7	1	88	0.0	0.0	nan	nan	0.0	0.0
7	1	85	0.0	0.0	nan	nan	0.0	0.0
7	1	82	0.0	0.0	nan	nan	0.0	0.0
7	1	79	0.0	0.0	nan	nan	0.0	0.0
7	1	76	0.0	0.0	nan	nan	0.0	0.0
7	1	73	0.0	0.0	nan	nan	0.0	0.0
7	1	70	0.0	0.0	nan	nan	0.0	0.0
7	1	67	0.0	0.0	nan	nan	0.0	0.0
7	1	64	0.0	0.0	nan	nan	0.0	0.0
7	1	61	0.0	0.0	nan	nan	0.0	0.0
7	1	58	0.0	0.0	nan	nan	0.0	0.0
7	1	55	0.0	0.0	nan	nan	0.0	0.0
7	1	52	0.0	0.0	nan	nan	0.0	0.0
7	1	49	0.0	0.0	nan	nan	0.0	0.0
7	1	46	0.0	0.0	nan	nan	0.0	0.0
7	1	43	0.0	0.0	nan	nan	0.0	0.0
7	1	40	0.0	0.0	nan	nan	0.0	0.0
7	1	37	0.0	0.0	nan	nan	0.0	0.0
7	1	34	0.0	0.0	nan	nan	0.0	0.0
7	1	31	0.0	0.0	nan	nan	0.0	0.0
7	1	28	0.0	0.0	nan	nan	0.0	0.0
7	2	100	0.0	0.0	nan	nan	0.0	0.0
7	2	97	0.0	0.0	nan	nan	0.0	0.0
7	2	94	0.0	0.0	nan	nan	0.0	0.0
7	2	91	0.0	0.0	nan	nan	0.0	0.0
7	2	88	0.0	0.0	nan	nan	0.0	0.0
7	2	85	0.0	0.0	nan	nan	0.0	0.0
7	2	82	0.0	0.0	nan	nan	0.0	0.0
7	2	79	0.0	0.0	nan	nan	0.0	0.0
7	2	76	0.0	0.0	nan	nan	0.0	0.0
7	2	73	0.0	0.0	nan	nan	0.0	0.0
7	2	70	0.0	0.0	nan	nan	0.0	0.0
7	2	67	0.0	0.0	nan	nan	0.0	0.0
7	2	64	0.0	0.0	nan	nan	0.0	0.0
7	2	61	0.0	0.0	nan	nan	0.0	0.0
7	2	58	0.0	0.0	nan	nan	0.0	0.0
7	2	55	0.0	0.0	nan	nan	0.0	0.0
7	2	52	0.0	0.0	nan	nan	0.0	0.0
7	2	49	0.0	0.0	nan	nan	0.0	0.0
7	2	46	0.0	0.0	nan	nan	0.0	0.0
7	2	43	0.0	0.0	nan	nan	0.0	0.0
7	2	40	0.0	0.0	nan	nan	0.0	0.0
7	2	37	0.0	0.0	nan	nan	0.0	0.0
7	2	34	0.0	0.0	nan	nan	0.0	0.0
7	2	31	0.0	0.0	nan	nan	0.0	0.0
7	2	28	0.0	0.0	nan	nan	0.0	0.0
7	3	100	0.0	0.0	nan	nan	0.0	0.0
7	3	97	0.0	0.0	nan	nan	0.0	0.0
7	3	94	0.0	0.0	nan	nan	0.0	0.0
7	3	91	0.0	0.0	nan	nan	0.0	0.0
7	3	88	0.0	0.0	nan	nan	0.0	0.0
7	3	85	0.0	0.0	nan	nan	0.0	0.0
7	3	82	0.0	0.0	nan	nan	0.0	0.0
7	3	79	0.0	0.0	nan	nan	0.0	0.0
7	3	76	0.0	0.0	nan	nan	0.0	0.0
7	3	73	0.0	0.0	nan	nan	0.0	0.0
7	3	70	0.0	0.0	nan	nan	0.0	0.0
7	3	67	0.0	0.0	nan	nan	0.0	0.0
7	3	64	0.0	0.0	nan	nan	0.0	0.0
7	3	61	0.0	0.0	nan	nan	0.0	0.0
7	3	58	0.0	0.0	nan	nan	0.0	0.0
7	3	55	0.0	0.0	nan	nan	0.0	0.0
7	3	52	0.0	0.0	nan	nan	0.0	0.0
7	3	49	0.0	0.0	nan	nan	0.0	0.0
7	3	46	0.0	0.0	nan	nan	0.0	0.0
7	3	43	0.0	0.0	nan	nan	0.0	0.0
7	3	40	0.0	0.0	nan	nan	0.0	0.0
7	3	37	0.0	0.0	nan	nan	0.0	0.0
7	3	34	0.0	0.0	nan	nan	0.0	0.0
7	3	31	0.0	0.0	nan	nan	0.0	0.0
7	3	28	0.0	0.0	nan	nan	0.0	0.0
7	4	100	0.0	0.0	nan	nan	0.0	0.0
7	4	97	0.0	0.0	nan	nan	0.0	0.0
7	4	94	0.0	0.0	nan	nan	0.0	0.0
7	4	91	0.0	0.0	nan	nan	0.0	0.0
7	4	88	0.0	0.0	nan	nan	0.0	0.0
7	4	85	0.0	0.0	nan	nan	0.0	0.0
7	4	82	0.0	0.0	nan	nan	0.0	0.0
7	4	79	0.0	0.0	nan	nan	0.0	0.0
7	4	76	0.0	0.0	nan	nan	0.0	0.0
7	4	73	0.0	0.0	nan	nan	0.0	0.0
7	4	70	0.0	0.0	nan	nan	0.0	0.0
7	4	67	0.0	0.0	nan	nan	0.0	0.0
7	4	64	0.0	0.0	nan	nan	0.0	0.0
7	4	61	0.0	0.0	nan	nan	0.0	0.0
7	4	58	0.0	0.0	nan	nan	0.0	0.0
7	4	55	0.0	0.0	nan	nan	0.0	0.0
7	4	52	0.0	0.0	nan	nan	0.0	0.0
7	4	49	0.0	0.0	nan	nan	0.0	0.0
7	4	46	0.0	0.0	nan	nan	0.0	0.0
7	4	43	0.0	0.0	nan	nan	0.0	0.0
7	4	40	0.0	0.0	nan	nan	0.0	0.0
7	4	37	0.0	0.0	nan	nan	0.0	0.0
7	4	34	0.0	0.0	nan	nan	0.0	0.0
7	4	31	0.0	0.0	nan	nan	0.0	0.0
7	4	28	0.0	0.0	nan	nan	0.0	0.0
7	5	100	0.0	0.0	nan	nan	0.0	0.0
7	5	97	0.0	0.0	nan	nan	0.0	0.0
7	5	94	0.0	0.0	nan	nan	0.0	0.0
7	5	91	0.0	0.0	nan	nan	0.0	0.0
7	5	88	0.0	0.0	nan	nan	0.0	0.0
7	5	85	0.0	0.0	nan	nan	0.0	0.0
7	5	82	0.0	0.0	nan	nan	0.0	0.0
7	5	79	0.0	0.0	nan	nan	0.0	0.0
7	5	76	0.0	0.0	nan	nan	0.0	0.0
7	5	73	0.0	0.0	nan	nan	0.0	0.0
7	5	70	0.0	0.0	nan	nan	0.0	0.0
7	5	67	0.0	0.0	nan	nan	0.0	0.0
7	5	64	0.0	0.0	nan	nan	0.0	0.0
7	5	61	0.0	0.0	nan	nan	0.0	0.0
7	5	58	0.0	0.0	nan	nan	0.0	0.0
7	5	55	0.0	0.0	nan	nan	0.0	0.0
7	5	52	0.0	0.0	nan	nan	0.0	0.0
7	5	49	0.0	0.0	nan	nan	0.0	0.0
7	5	46	0.0	0.0	nan	nan	0.0	0.0
7	5	43	0.0	0.0	nan	nan	0.0	0.0
7	5	40	0.0	0.0	nan	nan	0.0	0.0
7	5	37	0.0	0.0	nan	nan	0.0	0.0
7	5	34	0.0	0.0	nan	nan	0.0	0.0
7	5	31	0.0	0.0	nan	nan	0.0	0.0
7	5	28	0.0	0.0	nan	nan	0.0	0.0
7	6	100	0.0	0.0	nan	nan	0.0	0.0
7	6	97	0.0	0.0	nan	nan	0.0	0.0
7	6	94	0.0	0.0	nan	nan	0.0	0.0
7	6	91	0.0	0.0	nan	nan	0.0	0.0
7	6	88	0.0	0.0	nan	nan	0.0	0.0
7	6	85	0.0	0.0	nan	nan	0.0	0.0
7	6	82	0.0	0.0	nan	nan	0.0	0.0
7	6	79	0.0	0.0	nan	nan	0.0	0.0
7	6	76	0.0	0.0	nan	nan	0.0	0.0
7	6	73	0.0	0.0	nan	nan	0.0	0.0
7	6	70	0.0	0.0	nan	nan	0.0	0.0
7	6	67	0.0	0.0	nan	nan	0.0	0.0
7	6	64	0.0	0.0	nan	nan	0.0	0.0
7	6	61	0.0	0.0	nan	nan	0.0	0.0
7	6	58	0.0	0.0	nan	nan	0.0	0.0
7	6	55	0.0	0.0	nan	nan	0.0	0.0
7	6	52	0.0	0.0	nan	nan	0.0	0.0
7	6	49	0.0	0.0	nan	nan	0.0	0.0
7	6	46	0.0	0.0	nan	nan	0.0	0.0
7	6	43	0.0	0.0	nan	nan	0.0	0.0
7	6	40	0.0	0.0	nan	nan	0.0	0.0
7	6	37	0.0	0.0	nan	nan	0.0	0.0
7	6	34	0.0	0.0	nan	nan	0.0	0.0
7	6	31	0.0	0.0	nan	nan	0.0	0.0
7	6	28	0.0	0.0	nan	nan	0.0	0.0
7	7	100	0.0	0.0	nan	nan	0.0	0.0
7	7	97	0.0	0.0	nan	nan	0.0	0.0
7	7	94	0.0	0.0	nan	nan	0.0	0.0
7	7	91	0.0	0.0	nan	nan	0.0	0.0
7	7	88	0.0	0.0	nan	nan	0.0	0.0
7	7	85	0.0	0.0	nan	nan	0.0	0.0
7	7	82	0.0	0.0	nan	nan	0.0	0.0
7	7	79	0.0	0.0	nan	nan	0.0	0.0
7	7	76	0.0	0.0	nan	nan	0.0	0.0
7	7	73	0.0	0.0	nan	nan	0.0	0.0
7	7	70	0.0	0.0	nan	nan	0.0	0.0
7	7	67	0.0	0.0	nan	nan	0.0	0.0
7	7	64	0.0	0.0	nan	nan	0.0	0.0
7	7	61	0.0	0.0	nan	nan	0.0	0.0
7	7	58	0.0	0.0	nan	nan	0.0	0.0
7	7	55	0.0	0.0	nan	nan	0.0	0.0
7	7	52	0.0	0.0	nan	nan	0.0	0.0
7	7	49	0.0	0.0	nan	nan	0.0	0.0
7	7	46	0.0	0.0	nan	nan	0.0	0.0
7	7	43	0.0	0.0	nan	nan	0.0	0.0
7	7	40	0.0	0.0	nan	nan	0.0	0.0
7	7	37	0.0	0.0	nan	nan	0.0	0.0
7	7	34	0.0	0.0	nan	nan	0.0	0.0
7	7	31	0.0	0.0	nan	nan	0.0	0.0
7	7	28	0.0	0.0	nan	nan	0.0	0.0
7	8	100	0.0	0.0	nan	nan	0.0	0.0
7	8	97	0.0	0.0	nan	nan	0.0	0.0
7	8	94	0.0	0.0	nan	nan	0.0	0.0
7	8	91	0.0	0.0	nan	nan	0.0	0.0
7	8	88	0.0	0.0	nan	nan	0.0	0.0
7	8	85	0.0	0.0	nan	nan	0.0	0.0
7	8	82	0.0	0.0	nan	nan	0.0	0.0
7	8	79	0.0	0.0	nan	nan	0.0	0.0
7	8	76	0.0	0.0	nan	nan	0.0	0.0
7	8	73	0.0	0.0	nan	nan	0.0	0.0
7	8	70	0.0	0.0	nan	nan	0.0	0.0
7	8	67	0.0	0.0	nan	nan	0.0	0.0
7	8	64	0.0	0.0	nan	nan	0.0	0.0
7	8	61	0.0	0.0	nan	nan	0.0	0.0
7	8	58	0.0	0.0	nan	nan	0.0	0.0
7	8	55	0.0	0.0	nan	nan	0.0	0.0
7	8	52	0.0	0.0	nan	nan	0.0	0.0
7	8	49	0.0	0.0	nan	nan	0.0	0.0
7	8	46	0.0	0.0	nan	nan	0.0	0.0
7	8	43	0.0	0.0	nan	nan	0.0	0.0
7	8	40	0.0	0.0	nan	nan	0.0	0.0
7	8	37	0.0	0.0	nan	nan	0.0	0.0
7	8	34	0.0	0.0	nan	nan	0.0	0.0
7	8	31	0.0	0.0	nan	nan	0.0	0.0
7	8	28	0.0	0.0	nan	nan	0.0	0.0
7	9	100	0.0	0.0	nan	nan	0.0	0.0
7	9	97	0.0	0.0	nan	nan	0.0	0.0
7	9	94	0.0	0.0	nan	nan	0.0	0.0
7	9	91	0.0	0.0	nan	nan	0.0	0.0
7	9	88	0.0	0.0	nan	nan	0.0	0.0
7	9	85	0.0	0.0	nan	nan	0.0	0.0
7	9	82	0.0	0.0	nan	nan	0.0	0.0
7	9	79	0.0	0.0	nan	nan	0.0	0.0
7	9	76	0.0	0.0	nan	nan	0.0	0.0
7	9	73	0.0	0.0	nan	nan	0.0	0.0
7	9	70	0.0	0.0	nan	nan	0.0	0.0
7	9	67	0.0	0.0	nan	nan	0.0	0.0
7	9	64	0.0	0.0	nan	nan	0.0	0.0
7	9	61	0.0	0.0	nan	nan	0.0	0.0
7	9	58	0.0	0.0	nan	nan	0.0	0.0
7	9	55	0.0	0.0	nan	nan	0.0	0.0
7	9	52	0.0	0.0	nan	nan	0.0	0.0
7	9	49	0.0	0.0	nan	nan	0.0	0.0
7	9	46	0.0	0.0	nan	nan	0.0	0.0
7	9	43	0.0	0.0	nan	nan	0.0	0.0
7	9	40	0.0	0.0	nan	nan	0.0	0.0
7	9	37	0.0	0.0	nan	nan	0.0	0.0
7	9	34	0.0	0.0	nan	nan	0.0	0.0
7	9	31	0.0	0.0	nan	nan	0.0	0.0
7	9	28	0.0	0.0	nan	nan	0.0	0.0
7	10	100	0.0	0.0	nan	nan	0.0	0.0
7	10	97	0.0	0.0	nan	nan	0.0	0.0
7	10	94	0.0	0.0	nan	nan	0.0	0.0
7	10	91	0.0	0.0	nan	nan	0.0	0.0
7	10	88	0.0	0.0	nan	nan	0.0	0.0
7	10	85	0.0	0.0	nan	nan	0.0	0.0
7	10	82	0.0	0.0	nan	nan	0.0	0.0
7	10	79	0.0	0.0	nan	nan	0.0	0.0
7	10	76	0.0	0.0	nan	nan	0.0	0.0
7	10	73	0.0	0.0	nan	nan	0.0	0.0
7	10	70	0.0	0.0	nan	nan	0.0	0.0
7	10	67	0.0	0.0	nan	nan	0.0	0.0
7	10	64	0.0	0.0	nan	nan	0.0	0.0
7	10	61	0.0	0.0	nan	nan	0.0	0.0
7	10	58	0.0	0.0	nan	nan	0.0	0.0
7	10	55	0.0	0.0	nan	nan	0.0	0.0
7	10	52	0.0	0.0	nan	nan	0.0	0.0
7	10	49	0.0	0.0	nan	nan	0.0	0.0
7	10	46	0.0	0.0	nan	nan	0.0	0.0
7	10	43	0.0	0.0	nan	nan	0.0	0.0
7	10	40	0.0	0.0	nan	nan	0.0	0.0
7	10	37	0.0	0.0	nan	nan	0.0	0.0
7	10	34	0.0	0.0	nan	nan	0.0	0.0
7	10	31	0.0	0.0	nan	nan	0.0	0.0
7	10	28	0.0	0.0	nan	nan	0.0	0.0
7	11	100	0.0	0.0	nan	nan	0.0	0.0
7	11	97	0.0	0.0	nan	nan	0.0	0.0
7	11	94	0.0	0.0	nan	nan	0.0	0.0
7	11	91	0.0	0.0	nan	nan	0.0	0.0
7	11	88	0.0	0.0	nan	nan	0.0	0.0
7	11	85	0.0	0.0	nan	nan	0.0	0.0
7	11	82	0.0	0.0	nan	nan	0.0	0.0
7	11	79	0.0	0.0	nan	nan	0.0	0.0
7	11	76	0.0	0.0	nan	nan	0.0	0.0
7	11	73	0.0	0.0	nan	nan	0.0	0.0
7	11	70	0.0	0.0	nan	nan	0.0	0.0
7	11	67	0.0	0.0	nan	nan	0.0	0.0
7	11	64	0.0	0.0	nan	nan	0.0	0.0
7	11	61	0.0	0.0	nan	nan	0.0	0.0
7	11	58	0.0	0.0	nan	nan	0.0	0.0
7	11	55	0.0	0.0	nan	nan	0.0	0.0
7	11	52	0.0	0.0	nan	nan	0.0	0.0
7	11	49	0.0	0.0	nan	nan	0.0	0.0
7	11	46	0.0	0.0	nan	nan	0.0	0.0
7	11	43	0.0	0.0	nan	nan	0.0	0.0
7	11	40	0.0	0.0	nan	nan	0.0	0.0
7	11	37	0.0	0.0	nan	nan	0.0	0.0
7	11	34	0.0	0.0	nan	nan	0.0	0.0
7	11	31	0.0	0.0	nan	nan	0.0	0.0
7	11	28	0.0	0.0	nan	nan	0.0	0.0
7	12	100	0.0	0.0	nan	nan	0.0	0.0
7	12	97	0.0	0.0	nan	nan	0.0	0.0
7	12	94	0.0	0.0	nan	nan	0.0	0.0
7	12	91	0.0	0.0	nan	nan	0.0	0.0
7	12	88	0.0	0.0	nan	nan	0.0	0.0
7	12	85	0.0	0.0	nan	nan	0.0	0.0
7	12	82	0.0	0.0	nan	nan	0.0	0.0
7	12	79	0.0	0.0	nan	nan	0.0	0.0
7	12	76	0.0	0.0	nan	nan	0.0	0.0
7	12	73	0.0	0.0	nan	nan	0.0	0.0
7	12	70	0.0	0.0	nan	nan	0.0	0.0
7	12	67	0.0	0.0	nan	nan	0.0	0.0
7	12	64	0.0	0.0	nan	nan	0.0	0.0
7	12	61	0.0	0.0	nan	nan	0.0	0.0
7	12	58	0.0	0.0	nan	nan	0.0	0.0
7	12	55	0.0	0.0	nan	nan	0.0	0.0
7	12	52	0.0	0.0	nan	nan	0.0	0.0
7	12	49	0.0	0.0	nan	nan	0.0	0.0
7	12	46	0.0	0.0	nan	nan	0.0	0.0
7	12	43	0.0	0.0	nan	nan	0.0	0.0
7	12	40	0.0	0.0	nan	nan	0.0	0.0
7	12	37	0.0	0.0	nan	nan	0.0	0.0
7	12	34	0.0	0.0	nan	nan	0.0	0.0
7	12	31	0.0	0.0	nan	nan	0.0	0.0
7	12	28	0.0	0.0	nan	nan	0.0	0.0
7	13	100	0.0	0.0	nan	nan	0.0	0.0
7	13	97	0.0	0.0	nan	nan	0.0	0.0
7	13	94	0.0	0.0	nan	nan	0.0	0.0
7	13	91	0.0	0.0	nan	nan	0.0	0.0
7	13	88	0.0	0.0	nan	nan	0.0	0.0
7	13	85	0.0	0.0	nan	nan	0.0	0.0
7	13	82	0.0	0.0	nan	nan	0.0	0.0
7	13	79	0.0	0.0	nan	nan	0.0	0.0
7	13	76	0.0	0.0	nan	nan	0.0	0.0
7	13	73	0.0	0.0	nan	nan	0.0	0.0
7	13	70	0.0	0.0	nan	nan	0.0	0.0
7	13	67	0.0	0.0	nan	nan	0.0	0.0
7	13	64	0.0	0.0	nan	nan	0.0	0.0
7	13	61	0.0	0.0	nan	nan	0.0	0.0
7	13	58	0.0	0.0	nan	nan	0.0	0.0
7	13	55	0.0	0.0	nan	nan	0.0	0.0
7	13	52	0.0	0.0	nan	nan	0.0	0.0
7	13	49	0.0	0.0	nan	nan	0.0	0.0
7	13	46	0.0	0.0	nan	nan	0.0	0.0
7	13	43	0.0	0.0	nan	nan	0.0	0.0
7	13	40	0.0	0.0	nan	nan	0.0	0.0
7	13	37	0.0	0.0	nan	nan	0.0	0.0
7	13	34	0.0	0.0	nan	nan	0.0	0.0
7	13	31	0.0	0.0	nan	nan	0.0	0.0
7	13	28	0.0	0.0	nan	nan	0.0	0.0
7	14	100	0.0	0.0	nan	nan	0.0	0.0
7	14	97	0.0	0.0	nan	nan	0.0	0.0
7	14	94	0.0	0.0	nan	nan	0.0	0.0
7	14	91	0.0	0.0	nan	nan	0.0	0.0
7	14	88	0.0	0.0	nan	nan	0.0	0.0
7	14	85	0.0	0.0	nan	nan	0.0	0.0
7	14	82	0.0	0.0	nan	nan	0.0	0.0
7	14	79	0.0	0.0	nan	nan	0.0	0.0
7	14	76	0.0	0.0	nan	nan	0.0	0.0
7	14	73	0.0	0.0	nan	nan	0.0	0.0
7	14	70	0.0	0.0	nan	nan	0.0	0.0
7	14	67	0.0	0.0	nan	nan	0.0	0.0
7	14	64	0.0	0.0	nan	nan	0.0	0.0
7	14	61	0.0	0.0	nan	nan	0.0	0.0
7	14	58	0.0	0.0	nan	nan	0.0	0.0
7	14	55	0.0	0.0	nan	nan	0.0	0.0
7	14	52	0.0	0.0	nan	nan	0.0	0.0
7	14	49	0.0	0.0	nan	nan	0.0	0.0
7	14	46	0.0	0.0	nan	nan	0.0	0.0
7	14	43	0.0	0.0	nan	nan	0.0	0.0
7	14	40	0.0	0.0	nan	nan	0.0	0.0
7	14	37	0.0	0.0	nan	nan	0.0	0.0
7	14	34	0.0	0.0	nan	nan	0.0	0.0
7	14	31	0.0	0.0	nan	nan	0.0	0.0
7	14	28	0.0	0.0	nan	nan	0.0	0.0
7	15	100	0.0	0.0	nan	nan	0.0	0.0
7	15	97	0.0	0.0	nan	nan	0.0	0.0
7	15	94	0.0	0.0	nan	nan	0.0	0.0
7	15	91	0.0	0.0	nan	nan	0.0	0.0
7	15	88	0.0	0.0	nan	nan	0.0	0.0
7	15	85	0.0	0.0	nan	nan	0.0	0.0
7	15	82	0.0	0.0	nan	nan	0.0	0.0
7	15	79	0.0	0.0	nan	nan	0.0	0.0
7	15	76	0.0	0.0	nan	nan	0.0	0.0
7	15	73	0.0	0.0	nan	nan	0.0	0.0
7	15	70	0.0	0.0	nan	nan	0.0	0.0
7	15	67	0.0	0.0	nan	nan	0.0	0.0
7	15	64	0.0	0.0	nan	nan	0.0	0.0
7	15	61	0.0	0.0	nan	nan	0.0	0.0
7	15	58	0.0	0.0	nan	nan	0.0	0.0
7	15	55	0.0	0.0	nan	nan	0.0	0.0
7	15	52	0.0	0.0	nan	nan	0.0	0.0
7	15	49	0.0	0.0	nan	nan	0.0	0.0
7	15	46	0.0	0.0	nan	nan	0.0	0.0
7	15	43	0.0	0.0	nan	nan	0.0	0.0
7	15	40	0.0	0.0	nan	nan	0.0	0.0
7	15	37	0.0	0.0	nan	nan	0.0	0.0
7	15	34	0.0	0.0	nan	nan	0.0	0.0
7	15	31	0.0	0.0	nan	nan	0.0	0.0
7	15	28	0.0	0.0	nan	nan	0.0	0.0
7	16	100	0.0	0.0	nan	nan	0.0	0.0
7	16	97	0.0	0.0	nan	nan	0.0	0.0
7	16	94	0.0	0.0	nan	nan	0.0	0.0
7	16	91	0.0	0.0	nan	nan	0.0	0.0
7	16	88	0.0	0.0	nan	nan	0.0	0.0
7	16	85	0.0	0.0	nan	nan	0.0	0.0
7	16	82	0.0	0.0	nan	nan	0.0	0.0
7	16	79	0.0	0.0	nan	nan	0.0	0.0
7	16	76	0.0	0.0	nan	nan	0.0	0.0
7	16	73	0.0	0.0	nan	nan	0.0	0.0
7	16	70	0.0	0.0	nan	nan	0.0	0.0
7	16	67	0.0	0.0	nan	nan	0.0	0.0
7	16	64	0.0	0.0	nan	nan	0.0	0.0
7	16	61	0.0	0.0	nan	nan	0.0	0.0
7	16	58	0.0	0.0	nan	nan	0.0	0.0
7	16	55	0.0	0.0	nan	nan	0.0	0.0
7	16	52	0.0	0.0	nan	nan	0.0	0.0
7	16	49	0.0	0.0	nan	nan	0.0	0.0
7	16	46	0.0	0.0	nan	nan	0.0	0.0
7	16	43	0.0	0.0	nan	nan	0.0	0.0
7	16	40	0.0	0.0	nan	nan	0.0	0.0
7	16	37	0.0	0.0	nan	nan	0.0	0.0
7	16	34	0.0	0.0	nan	nan	0.0	0.0
7	16	31	0.0	0.0	nan	nan	0.0	0.0
7	16	28	0.0	0.0	nan	nan	0.0	0.0
7	17	100	0.0	0.0	nan	nan	0.0	0.0
7	17	97	0.0	0.0	nan	nan	0.0	0.0
7	17	94	0.0	0.0	nan	nan	0.0	0.0
7	17	91	0.0	0.0	nan	nan	0.0	0.0
7	17	88	0.0	0.0	nan	nan	0.0	0.0
7	17	85	0.0	0.0	nan	nan	0.0	0.0
7	17	82	0.0	0.0	nan	nan	0.0	0.0
7	17	79	0.0	0.0	nan	nan	0.0	0.0
7	17	76	0.0	0.0	nan	nan	0.0	0.0
7	17	73	0.0	0.0	nan	nan	0.0	0.0
7	17	70	0.0	0.0	nan	nan	0.0	0.0
7	17	67	0.0	0.0	nan	nan	0.0	0.0
7	17	64	0.0	0.0	nan	nan	0.0	0.0
7	17	61	0.0	0.0	nan	nan	0.0	0.0
7	17	58	0.0	0.0	nan	nan	0.0	0.0
7	17	55	0.0	0.0	nan	nan	0.0	0.0
7	17	52	0.0	0.0	nan	nan	0.0	0.0
7	17	49	0.0	0.0	nan	nan	0.0	0.0
7	17	46	0.0	0.0	nan	nan	0.0	0.0
7	17	43	0.0	0.0	nan	nan	0.0	0.0
7	17	40	0.0	0.0	nan	nan	0.0	0.0
7	17	37	0.0	0.0	nan	nan	0.0	0.0
7	17	34	0.0	0.0	nan	nan	0.0	0.0
7	17	31	0.0	0.0	nan	nan	0.0	0.0
7	17	28	0.0	0.0	nan	nan	0.0	0.0
7	18	100	0.0	0.0	nan	nan	0.0	0.0
7	18	97	0.0	0.0	nan	nan	0.0	0.0
7	18	94	0.0	0.0	nan	nan	0.0	0.0
7	18	91	0.0	0.0	nan	nan	0.0	0.0
7	18	88	0.0	0.0	nan	nan	0.0	0.0
7	18	85	0.0	0.0	nan	nan	0.0	0.0
7	18	82	0.0	0.0	nan	nan	0.0	0.0
7	18	79	0.0	0.0	nan	nan	0.0	0.0
7	18	76	0.0	0.0	nan	nan	0.0	0.0
7	18	73	0.0	0.0	nan	nan	0.0	0.0
7	18	70	0.0	0.0	nan	nan	0.0	0.0
7	18	67	0.0	0.0	nan	nan	0.0	0.0
7	18	64	0.0	0.0	nan	nan	0.0	0.0
7	18	61	0.0	0.0	nan	nan	0.0	0.0
7	18	58	0.0	0.0	nan	nan	0.0	0.0
7	18	55	0.0	0.0	nan	nan	0.0	0.0
7	18	52	0.0	0.0	nan	nan	0.0	0.0
7	18	49	0.0	0.0	nan	nan	0.0	0.0
7	18	46	0.0	0.0	nan	nan	0.0	0.0
7	18	43	0.0	0.0	nan	nan	0.0	0.0
7	18	40	0.0	0.0	nan	nan	0.0	0.0
7	18	37	0.0	0.0	nan	nan	0.0	0.0
7	18	34	0.0	0.0	nan	nan	0.0	0.0
7	18	31	0.0	0.0	nan	nan	0.0	0.0
7	18	28	0.0	0.0	nan	nan	0.0	0.0
7	19	100	0.0	0.0	nan	nan	0.0	0.0
7	19	97	0.0	0.0	nan	nan	0.0	0.0
7	19	94	0.0	0.0	nan	nan	0.0	0.0
7	19	91	0.0	0.0	nan	nan	0.0	0.0
7	19	88	0.0	0.0	nan	nan	0.0	0.0
7	19	85	0.0	0.0	nan	nan	0.0	0.0
7	19	82	0.0	0.0	nan	nan	0.0	0.0
7	19	79	0.0	0.0	nan	nan	0.0	0.0
7	19	76	0.0	0.0	nan	nan	0.0	0.0
7	19	73	0.0	0.0	nan	nan	0.0	0.0
7	19	70	0.0	0.0	nan	nan	0.0	0.0
7	19	67	0.0	0.0	nan	nan	0.0	0.0
7	19	64	0.0	0.0	nan	nan	0.0	0.0
7	19	61	0.0	0.0	nan	nan	0.0	0.0
7	19	58	0.0	0.0	nan	nan	0.0	0.0
7	19	55	0.0	0.0	nan	nan	0.0	0.0
7	19	52	0.0	0.0	nan	nan	0.0	0.0
7	19	49	0.0	0.0	nan	nan	0.0	0.0
7	19	46	0.0	0.0	nan	nan	0.0	0.0
7	19	43	0.0	0.0	nan	nan	0.0	0.0
7	19	40	0.0	0.0	nan	nan	0.0	0.0
7	19	37	0.0	0.0	nan	nan	0.0	0.0
7	19	34	0.0	0.0	nan	nan	0.0	0.0
7	19	31	0.0	0.0	nan	nan	0.0	0.0
7	19	28	0.0	0.0	nan	nan	0.0	0.0
7	20	100	0.0	0.0	nan	nan	0.0	0.0
7	20	97	0.0	0.0	nan	nan	0.0	0.0
7	20	94	0.0	0.0	nan	nan	0.0	0.0
7	20	91	0.0	0.0	nan	nan	0.0	0.0
7	20	88	0.0	0.0	nan	nan	0.0	0.0
7	20	85	0.0	0.0	nan	nan	0.0	0.0
7	20	82	0.0	0.0	nan	nan	0.0	0.0
7	20	79	0.0	0.0	nan	nan	0.0	0.0
7	20	76	0.0	0.0	nan	nan	0.0	0.0
7	20	73	0.0	0.0	nan	nan	0.0	0.0
7	20	70	0.0	0.0	nan	nan	0.0	0.0
7	20	67	0.0	0.0	nan	nan	0.0	0.0
7	20	64	0.0	0.0	nan	nan	0.0	0.0
7	20	61	0.0	0.0	nan	nan	0.0	0.0
7	20	58	0.0	0.0	nan	nan	0.0	0.0
7	20	55	0.0	0.0	nan	nan	0.0	0.0
7	20	52	0.0	0.0	nan	nan	0.0	0.0
7	20	49	0.0	0.0	nan	nan	0.0	0.0
7	20	46	0.0	0.0	nan	nan	0.0	0.0
7	20	43	0.0	0.0	nan	nan	0.0	0.0
7	20	40	0.0	0.0	nan	nan	0.0	0.0
7	20	37	0.0	0.0	nan	nan	0.0	0.0
7	20	34	0.0	0.0	nan	nan	0.0	0.0
7	20	31	0.0	0.0	nan	nan	0.0	0.0
7	20	28	0.0	0.0	nan	nan	0.0	0.0
7	21	100	0.0	0.0	nan	nan	0.0	0.0
7	21	97	0.0	0.0	nan	nan	0.0	0.0
7	21	94	0.0	0.0	nan	nan	0.0	0.0
7	21	91	0.0	0.0	nan	nan	0.0	0.0
7	21	88	0.0	0.0	nan	nan	0.0	0.0
7	21	85	0.0	0.0	nan	nan	0.0	0.0
7	21	82	0.0	0.0	nan	nan	0.0	0.0
7	21	79	0.0	0.0	nan	nan	0.0	0.0
7	21	76	0.0	0.0	nan	nan	0.0	0.0
7	21	73	0.0	0.0	nan	nan	0.0	0.0
7	21	70	0.0	0.0	nan	nan	0.0	0.0
7	21	67	0.0	0.0	nan	nan	0.0	0.0
7	21	64	0.0	0.0	nan	nan	0.0	0.0
7	21	61	0.0	0.0	nan	nan	0.0	0.0
7	21	58	0.0	0.0	nan	nan	0.0	0.0
7	21	55	0.0	0.0	nan	nan	0.0	0.0
7	21	52	0.0	0.0	nan	nan	0.0	0.0
7	21	49	0.0	0.0	nan	nan	0.0	0.0
7	21	46	0.0	0.0	nan	nan	0.0	0.0
7	21	43	0.0	0.0	nan	nan	0.0	0.0
7	21	40	0.0	0.0	nan	nan	0.0	0.0
7	21	37	0.0	0.0	nan	nan	0.0	0.0
7	21	34	0.0	0.0	nan	nan	0.0	0.0
7	21	31	0.0	0.0	nan	nan	0.0	0.0
7	21	28	0.0	0.0	nan	nan	0.0	0.0
7	22	100	0.0	0.0	nan	nan	0.0	0.0
7	22	97	0.0	0.0	nan	nan	0.0	0.0
7	22	94	0.0	0.0	nan	nan	0.0	0.0
7	22	91	0.0	0.0	nan	nan	0.0	0.0
7	22	88	0.0	0.0	nan	nan	0.0	0.0
7	22	85	0.0	0.0	nan	nan	0.0	0.0
7	22	82	0.0	0.0	nan	nan	0.0	0.0
7	22	79	0.0	0.0	nan	nan	0.0	0.0
7	22	76	0.0	0.0	nan	nan	0.0	0.0
7	22	73	0.0	0.0	nan	nan	0.0	0.0
7	22	70	0.0	0.0	nan	nan	0.0	0.0
7	22	67	0.0	0.0	nan	nan	0.0	0.0
7	22	64	0.0	0.0	nan	nan	0.0	0.0
7	22	61	0.0	0.0	nan	nan	0.0	0.0
7	22	58	0.0	0.0	nan	nan	0.0	0.0
7	22	55	0.0	0.0	nan	nan	0.0	0.0
7	22	52	0.0	0.0	nan	nan	0.0	0.0
7	22	49	0.0	0.0	nan	nan	0.0	0.0
7	22	46	0.0	0.0	nan	nan	0.0	0.0
7	22	43	0.0	0.0	nan	nan	0.0	0.0
7	22	40	0.0	0.0	nan	nan	0.0	0.0
7	22	37	0.0	0.0	nan	nan	0.0	0.0
7	22	34	0.0	0.0	nan	nan	0.0	0.0
7	22	31	0.0	0.0	nan	nan	0.0	0.0
7	22	28	0.0	0.0	nan	nan	0.0	0.0
7	23	100	0.0	0.0	nan	nan	0.0	0.0
7	23	97	0.0	0.0	nan	nan	0.0	0.0
7	23	94	0.0	0.0	nan	nan	0.0	0.0
7	23	91	0.0	0.0	nan	nan	0.0	0.0
7	23	88	0.0	0.0	nan	nan	0.0	0.0
7	23	85	0.0	0.0	nan	nan	0.0	0.0
7	23	82	0.0	0.0	nan	nan	0.0	0.0
7	23	79	0.0	0.0	nan	nan	0.0	0.0
7	23	76	0.0	0.0	nan	nan	0.0	0.0
7	23	73	0.0	0.0	nan	nan	0.0	0.0
7	23	70	0.0	0.0	nan	nan	0.0	0.0
7	23	67	0.0	0.0	nan	nan	0.0	0.0
7	23	64	0.0	0.0	nan	nan	0.0	0.0
7	23	61	0.0	0.0	nan	nan	0.0	0.0
7	23	58	0.0	0.0	nan	nan	0.0	0.0
7	23	55	0.0	0.0	nan	nan	0.0	0.0
7	23	52	0.0	0.0	nan	nan	0.0	0.0
7	23	49	0.0	0.0	nan	nan	0.0	0.0
7	23	46	0.0	0.0	nan	nan	0.0	0.0
7	23	43	0.0	0.0	nan	nan	0.0	0.0
7	23	40	0.0	0.0	nan	nan	0.0	0.0
7	23	37	0.0	0.0	nan	nan	0.0	0.0
7	23	34	0.0	0.0	nan	nan	0.0	0.0
7	23	31	0.0	0.0	nan	nan	0.0	0.0
7	23	28	0.0	0.0	nan	nan	0.0	0.0
7	24	100	0.0	0.0	nan	nan	0.0	0.0
7	24	97	0.0	0.0	nan	nan	0.0	0.0
7	24	94	0.0	0.0	nan	nan	0.0	0.0
7	24	91	0.0	0.0	nan	nan	0.0	0.0
7	24	88	0.0	0.0	nan	nan	0.0	0.0
7	24	85	0.0	0.0	nan	nan	0.0	0.0
7	24	82	0.0	0.0	nan	nan	0.0	0.0
7	24	79	0.0	0.0	nan	nan	0.0	0.0
7	24	76	0.0	0.0	nan	nan	0.0	0.0
7	24	73	0.0	0.0	nan	nan	0.0	0.0
7	24	70	0.0	0.0	nan	nan	0.0	0.0
7	24	67	0.0	0.0	nan	nan	0.0	0.0
7	24	64	0.0	0.0	nan	nan	0.0	0.0
7	24	61	0.0	0.0	nan	nan	0.0	0.0
7	24	58	0.0	0.0	nan	nan	0.0	0.0
7	24	55	0.0	0.0	nan	nan	0.0	0.0
7	24	52	0.0	0.0	nan	nan	0.0	0.0
7	24	49	0.0	0.0	nan	nan	0.0	0.0
7	24	46	0.0	0.0	nan	nan	0.0	0.0
7	24	43	0.0	0.0	nan	nan	0.0	0.0
7	24	40	0.0	0.0	nan	nan	0.0	0.0
7	24	37	0.0	0.0	nan	nan	0.0	0.0
7	24	34	0.0	0.0	nan	nan	0.0	0.0
7	24	31	0.0	0.0	nan	nan	0.0	0.0
7	24	28	0.0	0.0	nan	nan	0.0	0.0
7	25	100	0.0	0.0	nan	nan	0.0	0.0
7	25	97	0.0	0.0	nan	nan	0.0	0.0
7	25	94	0.0	0.0	nan	nan	0.0	0.0
7	25	91	0.0	0.0	nan	nan	0.0	0.0
7	25	88	0.0	0.0	nan	nan	0.0	0.0
7	25	85	0.0	0.0	nan	nan	0.0	0.0
7	25	82	0.0	0.0	nan	nan	0.0	0.0
7	25	79	0.0	0.0	nan	nan	0.0	0.0
7	25	76	0.0	0.0	nan	nan	0.0	0.0
7	25	73	0.0	0.0	nan	nan	0.0	0.0
7	25	70	0.0	0.0	nan	nan	0.0	0.0
7	25	67	0.0	0.0	nan	nan	0.0	0.0
7	25	64	0.0	0.0	nan	nan	0.0	0.0
7	25	61	0.0	0.0	nan	nan	0.0	0.0
7	25	58	0.0	0.0	nan	nan	0.0	0.0
7	25	55	0.0	0.0	nan	nan	0.0	0.0
7	25	52	0.0	0.0	nan	nan	0.0	0.0
7	25	49	0.0	0.0	nan	nan	0.0	0.0
7	25	46	0.0	0.0	nan	nan	0.0	0.0
7	25	43	0.0	0.0	nan	nan	0.0	0.0
7	25	40	0.0	0.0	nan	nan	0.0	0.0
7	25	37	0.0	0.0	nan	nan	0.0	0.0
7	25	34	0.0	0.0	nan	nan	0.0	0.0
7	25	31	0.0	0.0	nan	nan	0.0	0.0
7	25	28	0.0	0.0	nan	nan	0.0	0.0
7	26	100	0.0	0.0	nan	nan	0.0	0.0
7	26	97	0.0	0.0	nan	nan	0.0	0.0
7	26	94	0.0	0.0	nan	nan	0.0	0.0
7	26	91	0.0	0.0	nan	nan	0.0	0.0
7	26	88	0.0	0.0	nan	nan	0.0	0.0
7	26	85	0.0	0.0	nan	nan	0.0	0.0
7	26	82	0.0	0.0	nan	nan	0.0	0.0
7	26	79	0.0	0.0	nan	nan	0.0	0.0
7	26	76	0.0	0.0	nan	nan	0.0	0.0
7	26	73	0.0	0.0	nan	nan	0.0	0.0
7	26	70	0.0	0.0	nan	nan	0.0	0.0
7	26	67	0.0	0.0	nan	nan	0.0	0.0
7	26	64	0.0	0.0	nan	nan	0.0	0.0
7	26	61	0.0	0.0	nan	nan	0.0	0.0
7	26	58	0.0	0.0	nan	nan	0.0	0.0
7	26	55	0.0	0.0	nan	nan	0.0	0.0
7	26	52	0.0	0.0	nan	nan	0.0	0.0
7	26	49	0.0	0.0	nan	nan	0.0	0.0
7	26	46	0.0	0.0	nan	nan	0.0	0.0
7	26	43	0.0	0.0	nan	nan	0.0	0.0
7	26	40	0.0	0.0	nan	nan	0.0	0.0
7	26	37	0.0	0.0	nan	nan	0.0	0.0
7	26	34	0.0	0.0	nan	nan	0.0	0.0
7	26	31	0.0	0.0	nan	nan	0.0	0.0
7	26	28	0.0	0.0	nan	nan	0.0	0.0
7	27	100	0.0	0.0	nan	nan	0.0	0.0
7	27	97	0.0	0.0	nan	nan	0.0	0.0
7	27	94	0.0	0.0	nan	nan	0.0	0.0
7	27	91	0.0	0.0	nan	nan	0.0	0.0
7	27	88	0.0	0.0	nan	nan	0.0	0.0
7	27	85	0.0	0.0	nan	nan	0.0	0.0
7	27	82	0.0	0.0	nan	nan	0.0	0.0
7	27	79	0.0	0.0	nan	nan	0.0	0.0
7	27	76	0.0	0.0	nan	nan	0.0	0.0
7	27	73	0.0	0.0	nan	nan	0.0	0.0
7	27	70	0.0	0.0	nan	nan	0.0	0.0
7	27	67	0.0	0.0	nan	nan	0.0	0.0
7	27	64	0.0	0.0	nan	nan	0.0	0.0
7	27	61	0.0	0.0	nan	nan	0.0	0.0
7	27	58	0.0	0.0	nan	nan	0.0	0.0
7	27	55	0.0	0.0	nan	nan	0.0	0.0
7	27	52	0.0	0.0	nan	nan	0.0	0.0
7	27	49	0.0	0.0	nan	nan	0.0	0.0
7	27	46	0.0	0.0	nan	nan	0.0	0.0
7	27	43	0.0	0.0	nan	nan	0.0	0.0
7	27	40	0.0	0.0	nan	nan	0.0	0.0
7	27	37	0.0	0.0	nan	nan	0.0	0.0
7	27	34	0.0	0.0	nan	nan	0.0	0.0
7	27	31	0.0	0.0	nan	nan	0.0	0.0
7	27	28	0.0	0.0	nan	nan	0.0	0.0
7	28	100	0.0	0.0	nan	nan	0.0	0.0
7	28	97	0.0	0.0	nan	nan	0.0	0.0
7	28	94	0.0	0.0	nan	nan	0.0	0.0
7	28	91	0.0	0.0	nan	nan	0.0	0.0
7	28	88	0.0	0.0	nan	nan	0.0	0.0
7	28	85	0.0	0.0	nan	nan	0.0	0.0
7	28	82	0.0	0.0	nan	nan	0.0	0.0
7	28	79	0.0	0.0	nan	nan	0.0	0.0
7	28	76	0.0	0.0	nan	nan	0.0	0.0
7	28	73	0.0	0.0	nan	nan	0.0	0.0
7	28	70	0.0	0.0	nan	nan	0.0	0.0
7	28	67	0.0	0.0	nan	nan	0.0	0.0
7	28	64	0.0	0.0	nan	nan	0.0	0.0
7	28	61	0.0	0.0	nan	nan	0.0	0.0
7	28	58	0.0	0.0	nan	nan	0.0	0.0
7	28	55	0.0	0.0	nan	nan	0.0	0.0
7	28	52	0.0	0.0	nan	nan	0.0	0.0
7	28	49	0.0	0.0	nan	nan	0.0	0.0
7	28	46	0.0	0.0	nan	nan	0.0	0.0
7	28	43	0.0	0.0	nan	nan	0.0	0.0
7	28	40	0.0	0.0	nan	nan	0.0	0.0
7	28	37	0.0	0.0	nan	nan	0.0	0.0
7	28	34	0.0	0.0	nan	nan	0.0	0.0
7	28	31	0.0	0.0	nan	nan	0.0	0.0
7	28	28	0.0	0.0	nan	nan	0.0	0.0
7	29	100	0.0	0.0	nan	nan	0.0	0.0
7	29	97	0.0	0.0	nan	nan	0.0	0.0
7	29	94	0.0	0.0	nan	nan	0.0	0.0
7	29	91	0.0	0.0	nan	nan	0.0	0.0
7	29	88	0.0	0.0	nan	nan	0.0	0.0
7	29	85	0.0	0.0	nan	nan	0.0	0.0
7	29	82	0.0	0.0	nan	nan	0.0	0.0
7	29	79	0.0	0.0	nan	nan	0.0	0.0
7	29	76	0.0	0.0	nan	nan	0.0	0.0
7	29	73	0.0	0.0	nan	nan	0.0	0.0
7	29	70	0.0	0.0	nan	nan	0.0	0.0
7	29	67	0.0	0.0	nan	nan	0.0	0.0
7	29	64	0.0	0.0	nan	nan	0.0	0.0
7	29	61	0.0	0.0	nan	nan	0.0	0.0
7	29	58	0.0	0.0	nan	nan	0.0	0.0
7	29	55	0.0	0.0	nan	nan	0.0	0.0
7	29	52	0.0	0.0	nan	nan	0.0	0.0
7	29	49	0.0	0.0	nan	nan	0.0	0.0
7	29	46	0.0	0.0	nan	nan	0.0	0.0
7	29	43	0.0	0.0	nan	nan	0.0	0.0
7	29	40	0.0	0.0	nan	nan	0.0	0.0
7	29	37	0.0	0.0	nan	nan	0.0	0.0
7	29	34	0.0	0.0	nan	nan	0.0	0.0
7	29	31	0.0	0.0	nan	nan	0.0	0.0
7	29	28	0.0	0.0	nan	nan	0.0	0.0
7	30	100	0.0	0.0	nan	nan	0.0	0.0
7	30	97	0.0	0.0	nan	nan	0.0	0.0
7	30	94	0.0	0.0	nan	nan	0.0	0.0
7	30	91	0.0	0.0	nan	nan	0.0	0.0
7	30	88	0.0	0.0	nan	nan	0.0	0.0
7	30	85	0.0	0.0	nan	nan	0.0	0.0
7	30	82	0.0	0.0	nan	nan	0.0	0.0
7	30	79	0.0	0.0	nan	nan	0.0	0.0
7	30	76	0.0	0.0	nan	nan	0.0	0.0
7	30	73	0.0	0.0	nan	nan	0.0	0.0
7	30	70	0.0	0.0	nan	nan	0.0	0.0
7	30	67	0.0	0.0	nan	nan	0.0	0.0
7	30	64	0.0	0.0	nan	nan	0.0	0.0
7	30	61	0.0	0.0	nan	nan	0.0	0.0
7	30	58	0.0	0.0	nan	nan	0.0	0.0
7	30	55	0.0	0.0	nan	nan	0.0	0.0
7	30	52	0.0	0.0	nan	nan	0.0	0.0
7	30	49	0.0	0.0	nan	nan	0.0	0.0
7	30	46	0.0	0.0	nan	nan	0.0	0.0
7	30	43	0.0	0.0	nan	nan	0.0	0.0
7	30	40	0.0	0.0	nan	nan	0.0	0.0
7	30	37	0.0	0.0	nan	nan	0.0	0.0
7	30	34	0.0	0.0	nan	nan	0.0	0.0
7	30	31	0.0	0.0	nan	nan	0.0	0.0
7	30	28	0.0	0.0	nan	nan	0.0	0.0
7	31	100	0.0	0.0	nan	nan	0.0	0.0
7	31	97	0.0	0.0	nan	nan	0.0	0.0
7	31	94	0.0	0.0	nan	nan	0.0	0.0
7	31	91	0.0	0.0	nan	nan	0.0	0.0
7	31	88	0.0	0.0	nan	nan	0.0	0.0
7	31	85	0.0	0.0	nan	nan	0.0	0.0
7	31	82	0.0	0.0	nan	nan	0.0	0.0
7	31	79	0.0	0.0	nan	nan	0.0	0.0
7	31	76	0.0	0.0	nan	nan	0.0	0.0
7	31	73	0.0	0.0	nan	nan	0.0	0.0
7	31	70	0.0	0.0	nan	nan	0.0	0.0
7	31	67	0.0	0.0	nan	nan	0.0	0.0
7	31	64	0.0	0.0	nan	nan	0.0	0.0
7	31	61	0.0	0.0	nan	nan	0.0	0.0
7	31	58	0.0	0.0	nan	nan	0.0	0.0
7	31	55	0.0	0.0	nan	nan	0.0	0.0
7	31	52	0.0	0.0	nan	nan	0.0	0.0
7	31	49	0.0	0.0	nan	nan	0.0	0.0
7	31	46	0.0	0.0	nan	nan	0.0	0.0
7	31	43	0.0	0.0	nan	nan	0.0	0.0
7	31	40	0.0	0.0	nan	nan	0.0	0.0
7	31	37	0.0	0.0	nan	nan	0.0	0.0
7	31	34	0.0	0.0	nan	nan	0.0	0.0
7	31	31	0.0	0.0	nan	nan	0.0	0.0
7	31	28	0.0	0.0	nan	nan	0.0	0.0
