row	col	voltage	tot_avg	tot_std	toa_avg	toa_std	efficiency_tot	efficiency_toa
0	0	97	4.161	0.374	18.548	0.568	1.0	1.0
0	0	94	3.871	0.341	19.419	0.564	1.0	1.0
0	0	91	3.419	0.502	20.032	0.657	1.0	1.0
0	0	88	3.29	0.461	20.968	1.169	1.0	1.0
0	0	85	3.0	0.0	21.613	0.803	1.0	1.0
0	0	82	3.0	0.0	22.645	1.226	1.0	1.0
0	0	79	3.0	0.0	23.71	1.16	1.0	1.0
0	0	76	2.935	0.25	25.032	1.472	1.0	1.0
0	0	73	2.516	0.508	26.548	1.261	1.0	1.0
0	0	70	2.194	0.543	29.097	2.521	1.0	1.0
0	0	67	1.903	0.396	32.871	2.473	1.0	1.0
0	0	64	1.065	0.574	36.444	3.534	0.871	0.871
0	0	61	0.333	0.48	40.385	3.28	0.29	0.419
0	0	58	0.0	0.0	nan	nan	0.0	0.0
0	0	55	0.0	0.0	nan	nan	0.0	0.0
0	0	52	0.0	0.0	nan	nan	0.0	0.0
0	0	49	0.0	0.0	nan	nan	0.0	0.0
0	0	46	0.0	0.0	nan	nan	0.0	0.0
0	0	43	0.0	0.0	nan	nan	0.0	0.0
0	0	40	0.0	0.0	nan	nan	0.0	0.0
1	0	97	3.065	0.25	19.065	0.574	1.0	1.0
1	0	94	2.806	0.402	19.903	0.79	1.0	1.0
1	0	91	2.581	0.502	20.258	1.064	1.0	1.0
1	0	88	2.29	0.461	21.194	0.833	1.0	1.0
1	0	85	2.097	0.301	21.806	1.014	1.0	1.0
1	0	82	2.0	0.0	23.032	1.169	1.0	1.0
1	0	79	1.968	0.18	23.613	1.054	1.0	1.0
1	0	76	1.903	0.301	25.323	1.249	1.0	1.0
1	0	73	1.806	0.402	27.581	2.975	1.0	1.0
1	0	70	1.345	0.721	29.333	3.101	0.806	0.871
1	0	67	0.875	0.797	32.227	3.804	0.484	0.71
1	0	64	0.069	0.371	35.0	1.732	0.032	0.097
1	0	61	0.0	0.0	nan	nan	0.0	0.0
1	0	58	0.0	0.0	nan	nan	0.0	0.0
1	0	55	0.0	0.0	nan	nan	0.0	0.0
1	0	52	0.0	0.0	nan	nan	0.0	0.0
1	0	49	0.0	0.0	nan	nan	0.0	0.0
1	0	46	0.0	0.0	nan	nan	0.0	0.0
1	0	43	0.0	0.0	nan	nan	0.0	0.0
1	0	40	0.0	0.0	nan	nan	0.0	0.0
2	0	97	3.742	0.445	20.871	0.885	1.0	1.0
2	0	94	3.355	0.486	21.645	0.95	1.0	1.0
2	0	91	3.032	0.18	22.097	0.7	1.0	1.0
2	0	88	3.0	0.0	23.161	0.638	1.0	1.0
2	0	85	3.0	0.0	24.161	0.86	1.0	1.0
2	0	82	3.0	0.0	25.065	0.892	1.0	1.0
2	0	79	3.0	0.0	26.065	0.929	1.0	1.0
2	0	76	2.516	0.508	28.129	1.875	1.0	1.0
2	0	73	2.161	0.523	31.161	1.881	1.0	1.0
2	0	70	1.548	0.506	33.935	3.558	1.0	1.0
2	0	67	0.966	0.566	37.423	3.501	0.774	0.839
2	0	64	0.065	0.25	38.0	1.414	0.065	0.065
2	0	61	0.0	0.0	nan	nan	0.0	0.0
2	0	58	0.0	0.0	nan	nan	0.0	0.0
2	0	55	0.0	0.0	nan	nan	0.0	0.0
2	0	52	0.0	0.0	nan	nan	0.0	0.0
2	0	49	0.0	0.0	nan	nan	0.0	0.0
2	0	46	0.0	0.0	nan	nan	0.0	0.0
2	0	43	0.0	0.0	nan	nan	0.0	0.0
2	0	40	0.0	0.0	nan	nan	0.0	0.0
3	0	97	3.194	0.402	18.71	0.693	1.0	1.0
3	0	94	3.0	0.0	19.387	0.715	1.0	1.0
3	0	91	2.968	0.18	20.129	0.562	1.0	1.0
3	0	88	2.581	0.502	20.806	0.792	1.0	1.0
3	0	85	2.452	0.506	21.484	0.89	1.0	1.0
3	0	82	2.065	0.25	22.387	1.022	1.0	1.0
3	0	79	2.0	0.0	23.581	1.119	1.0	1.0
3	0	76	2.0	0.0	24.903	1.326	1.0	1.0
3	0	73	1.935	0.25	26.226	1.892	1.0	1.0
3	0	70	1.742	0.514	28.033	2.251	0.968	0.968
3	0	67	1.414	0.733	31.519	2.424	0.806	0.871
3	0	64	0.214	0.568	33.571	3.207	0.129	0.226
3	0	61	0.0	0.0	nan	nan	0.0	0.0
3	0	58	0.0	0.0	nan	nan	0.0	0.0
3	0	55	0.0	0.0	nan	nan	0.0	0.0
3	0	52	0.0	0.0	nan	nan	0.0	0.0
3	0	49	0.0	0.0	nan	nan	0.0	0.0
3	0	46	0.0	0.0	nan	nan	0.0	0.0
3	0	43	0.0	0.0	nan	nan	0.0	0.0
3	0	40	0.0	0.0	nan	nan	0.0	0.0
4	0	97	3.226	0.425	18.516	0.57	1.0	1.0
4	0	94	3.097	0.396	18.774	0.717	1.0	1.0
4	0	91	2.839	0.374	19.226	0.617	1.0	1.0
4	0	88	2.452	0.568	19.935	0.727	1.0	1.0
4	0	85	2.161	0.374	21.161	0.779	1.0	1.0
4	0	82	2.097	0.301	21.774	1.203	1.0	1.0
4	0	79	2.0	0.0	23.032	1.048	1.0	1.0
4	0	76	2.0	0.0	23.968	0.912	1.0	1.0
4	0	73	1.774	0.425	25.71	1.637	1.0	1.0
4	0	70	1.621	0.494	27.484	2.669	0.935	1.0
4	0	67	1.069	0.753	30.292	3.29	0.71	0.774
4	0	64	0.207	0.491	33.0	3.651	0.161	0.226
4	0	61	0.0	0.0	nan	nan	0.0	0.0
4	0	58	0.0	0.0	nan	nan	0.0	0.0
4	0	55	0.0	0.0	nan	nan	0.0	0.0
4	0	52	0.0	0.0	nan	nan	0.0	0.0
4	0	49	0.0	0.0	nan	nan	0.0	0.0
4	0	46	0.0	0.0	nan	nan	0.0	0.0
4	0	43	0.0	0.0	nan	nan	0.0	0.0
4	0	40	0.0	0.0	nan	nan	0.0	0.0
5	0	97	3.258	0.445	20.613	0.715	1.0	1.0
5	0	94	3.0	0.0	21.387	0.803	1.0	1.0
5	0	91	3.0	0.0	22.452	0.85	1.0	1.0
5	0	88	3.0	0.0	23.161	0.969	1.0	1.0
5	0	85	2.968	0.18	23.935	1.124	1.0	1.0
5	0	82	2.806	0.402	25.129	1.231	1.0	1.0
5	0	79	2.355	0.486	26.935	1.237	1.0	1.0
5	0	76	2.032	0.18	28.581	1.747	1.0	1.0
5	0	73	1.903	0.301	31.097	2.3	1.0	1.0
5	0	70	1.323	0.541	34.9	2.383	0.968	0.968
5	0	67	0.778	0.641	38.636	3.874	0.581	0.71
5	0	64	0.0	0.0	39.0	0.0	0.0	0.032
5	0	61	0.0	0.0	nan	nan	0.0	0.0
5	0	58	0.0	0.0	nan	nan	0.0	0.0
5	0	55	0.0	0.0	nan	nan	0.0	0.0
5	0	52	0.0	0.0	nan	nan	0.0	0.0
5	0	49	0.0	0.0	nan	nan	0.0	0.0
5	0	46	0.0	0.0	nan	nan	0.0	0.0
5	0	43	0.0	0.0	nan	nan	0.0	0.0
5	0	40	0.0	0.0	nan	nan	0.0	0.0
6	0	97	3.129	0.341	20.258	0.575	1.0	1.0
6	0	94	3.097	0.301	20.677	0.702	1.0	1.0
6	0	91	3.032	0.18	21.581	0.765	1.0	1.0
6	0	88	3.0	0.0	22.129	0.763	1.0	1.0
6	0	85	2.968	0.18	23.323	0.832	1.0	1.0
6	0	82	2.935	0.25	24.323	0.945	1.0	1.0
6	0	79	2.581	0.502	25.387	1.256	1.0	1.0
6	0	76	2.161	0.374	26.839	1.157	1.0	1.0
6	0	73	2.0	0.0	28.774	1.944	1.0	1.0
6	0	70	1.935	0.25	30.677	2.315	1.0	1.0
6	0	67	1.6	0.498	33.968	2.961	0.968	1.0
6	0	64	0.63	0.565	37.75	2.712	0.516	0.645
6	0	61	0.0	0.0	nan	nan	0.0	0.0
6	0	58	0.0	0.0	nan	nan	0.0	0.0
6	0	55	0.0	0.0	nan	nan	0.0	0.0
6	0	52	0.0	0.0	nan	nan	0.0	0.0
6	0	49	0.0	0.0	nan	nan	0.0	0.0
6	0	46	0.0	0.0	nan	nan	0.0	0.0
6	0	43	0.0	0.0	nan	nan	0.0	0.0
6	0	40	0.0	0.0	nan	nan	0.0	0.0
7	0	97	3.677	0.653	18.903	0.79	1.0	1.0
7	0	94	3.065	0.25	19.29	0.588	1.0	1.0
7	0	91	3.032	0.18	20.129	0.991	1.0	1.0
7	0	88	2.968	0.18	20.645	0.798	1.0	1.0
7	0	85	2.968	0.18	21.355	0.755	1.0	1.0
7	0	82	2.774	0.425	22.129	1.118	1.0	1.0
7	0	79	2.452	0.506	23.226	0.92	1.0	1.0
7	0	76	2.226	0.425	24.935	1.209	1.0	1.0
7	0	73	2.032	0.18	25.742	1.032	1.0	1.0
7	0	70	1.935	0.25	27.387	1.687	1.0	1.0
7	0	67	1.7	0.535	31.067	2.586	0.935	0.968
7	0	64	1.074	0.874	34.182	2.737	0.581	0.71
7	0	61	0.0	0.0	nan	nan	0.0	0.0
7	0	58	0.0	0.0	nan	nan	0.0	0.0
7	0	55	0.0	0.0	nan	nan	0.0	0.0
7	0	52	0.0	0.0	nan	nan	0.0	0.0
7	0	49	0.0	0.0	nan	nan	0.0	0.0
7	0	46	0.0	0.0	nan	nan	0.0	0.0
7	0	43	0.0	0.0	nan	nan	0.0	0.0
7	0	40	0.0	0.0	nan	nan	0.0	0.0
8	0	97	3.0	0.0	19.516	0.508	1.0	1.0
8	0	94	3.0	0.0	20.161	0.583	1.0	1.0
8	0	91	3.0	0.0	20.871	0.718	1.0	1.0
8	0	88	3.0	0.0	21.774	0.717	1.0	1.0
8	0	85	2.935	0.25	22.516	0.89	1.0	1.0
8	0	82	2.613	0.495	23.774	1.087	1.0	1.0
8	0	79	2.226	0.425	24.581	0.958	1.0	1.0
8	0	76	2.032	0.18	25.774	1.309	1.0	1.0
8	0	73	2.0	0.0	27.839	2.146	1.0	1.0
8	0	70	1.903	0.301	31.387	2.616	1.0	1.0
8	0	67	1.29	0.588	35.31	3.307	0.935	0.935
8	0	64	0.433	0.626	36.667	2.387	0.355	0.387
8	0	61	0.033	0.183	38.5	4.95	0.032	0.065
8	0	58	0.0	0.0	nan	nan	0.0	0.0
8	0	55	0.0	0.0	nan	nan	0.0	0.0
8	0	52	0.0	0.0	nan	nan	0.0	0.0
8	0	49	0.0	0.0	nan	nan	0.0	0.0
8	0	46	0.0	0.0	nan	nan	0.0	0.0
8	0	43	0.0	0.0	nan	nan	0.0	0.0
8	0	40	0.0	0.0	nan	nan	0.0	0.0
9	0	97	4.0	0.0	20.258	0.575	1.0	1.0
9	0	94	4.032	0.18	21.097	0.79	1.0	1.0
9	0	91	3.968	0.18	22.129	0.718	1.0	1.0
9	0	88	3.871	0.341	22.581	0.765	1.0	1.0
9	0	85	3.258	0.445	24.032	0.836	1.0	1.0
9	0	82	3.032	0.18	24.677	1.077	1.0	1.0
9	0	79	2.968	0.18	26.194	1.276	1.0	1.0
9	0	76	2.968	0.18	27.903	1.599	1.0	1.0
9	0	73	2.677	0.475	31.29	2.116	1.0	1.0
9	0	70	1.839	0.779	33.613	2.418	1.0	1.0
9	0	67	1.138	0.441	38.0	4.026	0.903	0.968
9	0	64	0.333	0.479	40.818	3.25	0.323	0.355
9	0	61	0.032	0.18	42.0	0.0	0.032	0.032
9	0	58	0.0	0.0	nan	nan	0.0	0.0
9	0	55	0.0	0.0	nan	nan	0.0	0.0
9	0	52	0.0	0.0	nan	nan	0.0	0.0
9	0	49	0.0	0.0	nan	nan	0.0	0.0
9	0	46	0.0	0.0	nan	nan	0.0	0.0
9	0	43	0.0	0.0	nan	nan	0.0	0.0
9	0	40	0.0	0.0	nan	nan	0.0	0.0
10	0	97	3.226	0.497	19.129	0.67	1.0	1.0
10	0	94	3.0	0.0	20.194	0.873	1.0	1.0
10	0	91	3.0	0.0	20.839	0.934	1.0	1.0
10	0	88	3.0	0.0	21.645	0.709	1.0	1.0
10	0	85	2.968	0.18	22.516	0.996	1.0	1.0
10	0	82	2.774	0.425	23.71	1.006	1.0	1.0
10	0	79	2.387	0.495	24.806	1.276	1.0	1.0
10	0	76	2.097	0.301	26.806	1.939	1.0	1.0
10	0	73	2.065	0.25	28.839	1.985	1.0	1.0
10	0	70	1.633	0.615	33.345	3.93	0.903	0.935
10	0	67	1.25	0.799	35.2	3.99	0.71	0.806
10	0	64	0.31	0.541	37.6	3.34	0.258	0.323
10	0	61	0.0	0.0	nan	nan	0.0	0.0
10	0	58	0.0	0.0	nan	nan	0.0	0.0
10	0	55	0.0	0.0	nan	nan	0.0	0.0
10	0	52	0.0	0.0	nan	nan	0.0	0.0
10	0	49	0.0	0.0	nan	nan	0.0	0.0
10	0	46	0.0	0.0	nan	nan	0.0	0.0
10	0	43	0.0	0.0	nan	nan	0.0	0.0
10	0	40	0.0	0.0	nan	nan	0.0	0.0
11	0	97	3.645	0.608	18.581	0.672	1.0	1.0
11	0	94	3.161	0.374	19.194	0.703	1.0	1.0
11	0	91	3.065	0.25	19.742	0.773	1.0	1.0
11	0	88	2.871	0.341	20.419	0.848	1.0	1.0
11	0	85	2.806	0.402	21.484	0.962	1.0	1.0
11	0	82	2.484	0.508	22.29	1.243	1.0	1.0
11	0	79	2.29	0.461	23.387	1.174	1.0	1.0
11	0	76	2.161	0.374	24.516	1.338	1.0	1.0
11	0	73	1.935	0.359	26.581	1.669	1.0	1.0
11	0	70	1.742	0.514	28.5	2.701	0.968	0.968
11	0	67	1.429	0.742	31.074	2.674	0.774	0.871
11	0	64	0.2	0.551	35.6	5.03	0.129	0.161
11	0	61	0.0	0.0	nan	nan	0.0	0.0
11	0	58	0.0	0.0	nan	nan	0.0	0.0
11	0	55	0.0	0.0	nan	nan	0.0	0.0
11	0	52	0.0	0.0	nan	nan	0.0	0.0
11	0	49	0.0	0.0	nan	nan	0.0	0.0
11	0	46	0.0	0.0	nan	nan	0.0	0.0
11	0	43	0.0	0.0	nan	nan	0.0	0.0
11	0	40	0.0	0.0	nan	nan	0.0	0.0
12	0	97	3.968	0.18	20.806	0.749	1.0	1.0
12	0	94	3.839	0.374	21.355	0.877	1.0	1.0
12	0	91	3.355	0.486	22.484	0.962	1.0	1.0
12	0	88	3.097	0.301	23.29	1.071	1.0	1.0
12	0	85	3.0	0.0	24.452	0.81	1.0	1.0
12	0	82	3.0	0.0	25.548	1.15	1.0	1.0
12	0	79	2.968	0.18	26.452	1.287	1.0	1.0
12	0	76	2.742	0.445	28.903	2.022	1.0	1.0
12	0	73	2.097	0.7	31.516	1.913	1.0	1.0
12	0	70	1.484	0.626	34.7	3.109	0.968	0.968
12	0	67	0.806	0.477	37.958	3.029	0.774	0.774
12	0	64	0.323	0.475	41.4	1.506	0.323	0.323
12	0	61	0.0	0.0	nan	nan	0.0	0.0
12	0	58	0.0	0.0	nan	nan	0.0	0.0
12	0	55	0.0	0.0	nan	nan	0.0	0.0
12	0	52	0.0	0.0	nan	nan	0.0	0.0
12	0	49	0.0	0.0	nan	nan	0.0	0.0
12	0	46	0.0	0.0	nan	nan	0.0	0.0
12	0	43	0.0	0.0	nan	nan	0.0	0.0
12	0	40	0.0	0.0	nan	nan	0.0	0.0
13	0	97	3.484	0.508	18.29	0.529	1.0	1.0
13	0	94	3.0	0.258	19.0	0.683	1.0	1.0
13	0	91	2.806	0.477	19.452	0.81	1.0	1.0
13	0	88	2.581	0.502	20.258	0.773	1.0	1.0
13	0	85	2.129	0.341	21.419	0.886	1.0	1.0
13	0	82	2.0	0.0	22.258	1.064	1.0	1.0
13	0	79	2.0	0.0	23.29	1.071	1.0	1.0
13	0	76	2.0	0.0	25.226	1.687	1.0	1.0
13	0	73	2.0	0.0	27.452	2.321	1.0	1.0
13	0	70	1.828	0.384	30.516	3.065	0.935	1.0
13	0	67	1.16	0.85	33.458	3.867	0.581	0.774
13	0	64	0.231	0.514	36.4	3.307	0.161	0.323
13	0	61	0.0	0.0	nan	nan	0.0	0.0
13	0	58	0.0	0.0	nan	nan	0.0	0.0
13	0	55	0.0	0.0	nan	nan	0.0	0.0
13	0	52	0.0	0.0	nan	nan	0.0	0.0
13	0	49	0.0	0.0	nan	nan	0.0	0.0
13	0	46	0.0	0.0	nan	nan	0.0	0.0
13	0	43	0.0	0.0	nan	nan	0.0	0.0
13	0	40	0.0	0.0	nan	nan	0.0	0.0
14	0	97	4.032	0.407	17.774	0.56	1.0	1.0
14	0	94	3.355	0.551	18.548	0.675	1.0	1.0
14	0	91	3.065	0.442	18.839	0.779	1.0	1.0
14	0	88	2.839	0.374	19.581	0.886	1.0	1.0
14	0	85	2.516	0.508	20.548	1.06	1.0	1.0
14	0	82	2.29	0.461	21.129	0.763	1.0	1.0
14	0	79	2.032	0.18	22.226	1.334	1.0	1.0
14	0	76	2.032	0.18	23.387	1.256	1.0	1.0
14	0	73	1.968	0.18	25.032	1.402	1.0	1.0
14	0	70	1.71	0.461	26.161	2.311	1.0	1.0
14	0	67	1.036	0.637	31.0	4.205	0.742	0.839
14	0	64	0.214	0.418	32.778	2.728	0.194	0.29
14	0	61	0.033	0.183	34.5	0.707	0.032	0.065
14	0	58	0.0	0.0	nan	nan	0.0	0.0
14	0	55	0.0	0.0	nan	nan	0.0	0.0
14	0	52	0.0	0.0	nan	nan	0.0	0.0
14	0	49	0.0	0.0	nan	nan	0.0	0.0
14	0	46	0.0	0.0	nan	nan	0.0	0.0
14	0	43	0.0	0.0	nan	nan	0.0	0.0
14	0	40	0.0	0.0	nan	nan	0.0	0.0
15	0	97	3.387	0.558	18.355	0.551	1.0	1.0
15	0	94	2.935	0.512	19.0	0.683	1.0	1.0
15	0	91	2.516	0.508	19.452	0.624	1.0	1.0
15	0	88	2.226	0.425	19.839	0.638	1.0	1.0
15	0	85	2.0	0.0	20.774	0.805	1.0	1.0
15	0	82	2.0	0.0	21.774	0.92	1.0	1.0
15	0	79	2.0	0.0	23.129	0.922	1.0	1.0
15	0	76	1.968	0.18	24.065	1.289	1.0	1.0
15	0	73	1.677	0.475	25.613	1.174	1.0	1.0
15	0	70	1.419	0.564	27.1	1.971	0.968	0.968
15	0	67	0.862	0.516	30.44	3.203	0.742	0.806
15	0	64	0.067	0.254	31.333	3.786	0.065	0.097
15	0	61	0.0	0.0	38.0	0.0	0.0	0.032
15	0	58	0.0	0.0	nan	nan	0.0	0.0
15	0	55	0.0	0.0	nan	nan	0.0	0.0
15	0	52	0.0	0.0	nan	nan	0.0	0.0
15	0	49	0.0	0.0	nan	nan	0.0	0.0
15	0	46	0.0	0.0	nan	nan	0.0	0.0
15	0	43	0.0	0.0	nan	nan	0.0	0.0
15	0	40	0.0	0.0	nan	nan	0.0	0.0
16	0	97	3.903	0.301	19.774	0.497	1.0	1.0
16	0	94	3.452	0.506	20.581	0.807	1.0	1.0
16	0	91	3.097	0.301	21.355	0.755	1.0	1.0
16	0	88	3.065	0.25	22.194	0.98	1.0	1.0
16	0	85	3.0	0.0	23.129	0.846	1.0	1.0
16	0	82	3.0	0.0	24.0	1.0	1.0	1.0
16	0	79	2.968	0.18	24.742	0.815	1.0	1.0
16	0	76	2.645	0.486	26.419	1.205	1.0	1.0
16	0	73	2.29	0.461	29.097	1.535	1.0	1.0
16	0	70	1.806	0.477	32.323	2.358	1.0	1.0
16	0	67	1.194	0.402	36.129	2.63	1.0	1.0
16	0	64	0.387	0.495	39.583	2.968	0.387	0.387
16	0	61	0.032	0.18	39.0	0.0	0.032	0.032
16	0	58	0.0	0.0	nan	nan	0.0	0.0
16	0	55	0.0	0.0	nan	nan	0.0	0.0
16	0	52	0.0	0.0	nan	nan	0.0	0.0
16	0	49	0.0	0.0	nan	nan	0.0	0.0
16	0	46	0.0	0.0	nan	nan	0.0	0.0
16	0	43	0.0	0.0	nan	nan	0.0	0.0
16	0	40	0.0	0.0	nan	nan	0.0	0.0
17	0	97	4.548	0.506	18.194	0.543	1.0	1.0
17	0	94	4.032	0.482	18.71	0.529	1.0	1.0
17	0	91	3.645	0.551	19.29	0.783	1.0	1.0
17	0	88	3.387	0.495	20.194	0.91	1.0	1.0
17	0	85	3.161	0.374	20.935	1.063	1.0	1.0
17	0	82	3.065	0.25	21.839	0.82	1.0	1.0
17	0	79	2.968	0.18	22.742	1.094	1.0	1.0
17	0	76	2.452	0.506	23.581	0.992	1.0	1.0
17	0	73	2.129	0.341	25.226	1.146	1.0	1.0
17	0	70	2.065	0.442	27.129	2.061	1.0	1.0
17	0	67	1.968	0.482	29.387	3.18	1.0	1.0
17	0	64	1.074	0.958	32.05	2.46	0.516	0.645
17	0	61	0.233	0.568	34.167	4.167	0.161	0.194
17	0	58	0.0	0.0	36.0	0.0	0.0	0.032
17	0	55	0.0	0.0	nan	nan	0.0	0.0
17	0	52	0.0	0.0	nan	nan	0.0	0.0
17	0	49	0.0	0.0	nan	nan	0.0	0.0
17	0	46	0.0	0.0	nan	nan	0.0	0.0
17	0	43	0.0	0.0	nan	nan	0.0	0.0
17	0	40	0.0	0.0	nan	nan	0.0	0.0
18	0	97	3.355	0.486	18.419	0.564	1.0	1.0
18	0	94	3.0	0.447	18.935	0.442	1.0	1.0
18	0	91	2.806	0.477	19.129	0.562	1.0	1.0
18	0	88	2.419	0.502	19.935	0.727	1.0	1.0
18	0	85	2.032	0.18	20.935	0.929	1.0	1.0
18	0	82	2.032	0.18	22.032	1.169	1.0	1.0
18	0	79	2.0	0.0	22.903	1.193	1.0	1.0
18	0	76	1.968	0.18	23.742	0.965	1.0	1.0
18	0	73	1.903	0.301	25.419	1.455	1.0	1.0
18	0	70	1.4	0.498	28.065	2.999	0.968	1.0
18	0	67	0.857	0.705	30.409	2.806	0.613	0.71
18	0	64	0.036	0.189	35.0	1.633	0.032	0.129
18	0	61	0.0	0.0	nan	nan	0.0	0.0
18	0	58	0.0	0.0	nan	nan	0.0	0.0
18	0	55	0.0	0.0	nan	nan	0.0	0.0
18	0	52	0.0	0.0	nan	nan	0.0	0.0
18	0	49	0.0	0.0	nan	nan	0.0	0.0
18	0	46	0.0	0.0	nan	nan	0.0	0.0
18	0	43	0.0	0.0	nan	nan	0.0	0.0
18	0	40	0.0	0.0	nan	nan	0.0	0.0
19	0	97	4.935	0.25	24.161	0.454	1.0	1.0
19	0	94	4.548	0.506	24.516	0.724	1.0	1.0
19	0	91	4.226	0.425	25.226	0.669	1.0	1.0
19	0	88	4.065	0.25	25.935	0.512	1.0	1.0
19	0	85	4.0	0.0	26.903	0.746	1.0	1.0
19	0	82	3.806	0.402	27.871	0.922	1.0	1.0
19	0	79	3.581	0.502	29.581	1.336	1.0	1.0
19	0	76	3.226	0.425	31.161	1.369	1.0	1.0
19	0	73	2.71	0.461	33.29	1.27	1.0	1.0
19	0	70	2.194	0.402	35.387	1.585	1.0	1.0
19	0	67	1.677	0.475	38.419	2.391	1.0	1.0
19	0	64	0.7	0.596	42.5	3.735	0.613	0.645
19	0	61	0.032	0.18	43.0	0.0	0.032	0.032
19	0	58	0.0	0.0	nan	nan	0.0	0.0
19	0	55	0.0	0.0	nan	nan	0.0	0.0
19	0	52	0.0	0.0	nan	nan	0.0	0.0
19	0	49	0.0	0.0	nan	nan	0.0	0.0
19	0	46	0.0	0.0	nan	nan	0.0	0.0
19	0	43	0.0	0.0	nan	nan	0.0	0.0
19	0	40	0.0	0.0	nan	nan	0.0	0.0
20	0	97	3.839	0.454	19.839	0.779	1.0	1.0
20	0	94	3.387	0.495	20.581	0.765	1.0	1.0
20	0	91	3.097	0.301	21.129	0.885	1.0	1.0
20	0	88	3.032	0.18	22.452	0.961	1.0	1.0
20	0	85	3.0	0.0	23.258	0.893	1.0	1.0
20	0	82	2.935	0.25	24.0	1.238	1.0	1.0
20	0	79	2.968	0.18	25.323	1.045	1.0	1.0
20	0	76	2.645	0.486	27.129	1.996	1.0	1.0
20	0	73	2.29	0.461	28.806	2.272	1.0	1.0
20	0	70	1.806	0.477	32.871	3.304	1.0	1.0
20	0	67	1.2	0.61	36.607	3.552	0.871	0.903
20	0	64	0.414	0.501	40.143	3.009	0.387	0.452
20	0	61	0.0	0.0	nan	nan	0.0	0.0
20	0	58	0.0	0.0	nan	nan	0.0	0.0
20	0	55	0.0	0.0	nan	nan	0.0	0.0
20	0	52	0.0	0.0	nan	nan	0.0	0.0
20	0	49	0.0	0.0	nan	nan	0.0	0.0
20	0	46	0.0	0.0	nan	nan	0.0	0.0
20	0	43	0.0	0.0	nan	nan	0.0	0.0
20	0	40	0.0	0.0	nan	nan	0.0	0.0
21	0	97	3.71	0.588	18.194	0.601	1.0	1.0
21	0	94	3.226	0.425	18.677	0.653	1.0	1.0
21	0	91	3.032	0.18	19.065	0.68	1.0	1.0
21	0	88	2.871	0.341	19.548	0.624	1.0	1.0
21	0	85	2.516	0.508	20.774	0.845	1.0	1.0
21	0	82	2.161	0.374	21.903	1.136	1.0	1.0
21	0	79	2.065	0.25	22.742	1.21	1.0	1.0
21	0	76	2.0	0.0	23.806	1.195	1.0	1.0
21	0	73	1.935	0.25	25.548	1.67	1.0	1.0
21	0	70	1.548	0.624	28.414	2.81	0.935	0.935
21	0	67	0.808	0.801	31.5	3.456	0.484	0.645
21	0	64	0.034	0.186	34.333	0.577	0.032	0.097
21	0	61	0.0	0.0	nan	nan	0.0	0.0
21	0	58	0.0	0.0	nan	nan	0.0	0.0
21	0	55	0.0	0.0	nan	nan	0.0	0.0
21	0	52	0.0	0.0	nan	nan	0.0	0.0
21	0	49	0.0	0.0	nan	nan	0.0	0.0
21	0	46	0.0	0.0	nan	nan	0.0	0.0
21	0	43	0.0	0.0	nan	nan	0.0	0.0
21	0	40	0.0	0.0	nan	nan	0.0	0.0
22	0	97	4.645	0.486	22.129	0.763	1.0	1.0
22	0	94	4.29	0.461	22.806	0.601	1.0	1.0
22	0	91	4.097	0.301	23.355	0.798	1.0	1.0
22	0	88	4.0	0.0	24.032	0.657	1.0	1.0
22	0	85	3.839	0.374	24.935	0.814	1.0	1.0
22	0	82	3.677	0.475	25.548	0.888	1.0	1.0
22	0	79	3.323	0.475	26.968	1.722	1.0	1.0
22	0	76	2.968	0.18	28.968	1.991	1.0	1.0
22	0	73	2.968	0.18	30.71	1.97	1.0	1.0
22	0	70	2.484	0.626	32.129	2.172	1.0	1.0
22	0	67	1.323	0.541	36.613	3.062	1.0	1.0
22	0	64	0.867	0.507	39.04	2.979	0.774	0.806
22	0	61	0.167	0.379	42.167	2.041	0.161	0.194
22	0	58	0.0	0.0	nan	nan	0.0	0.0
22	0	55	0.0	0.0	nan	nan	0.0	0.0
22	0	52	0.0	0.0	nan	nan	0.0	0.0
22	0	49	0.0	0.0	nan	nan	0.0	0.0
22	0	46	0.0	0.0	nan	nan	0.0	0.0
22	0	43	0.0	0.0	nan	nan	0.0	0.0
22	0	40	0.0	0.0	nan	nan	0.0	0.0
23	0	97	4.0	0.0	19.613	0.715	1.0	1.0
23	0	94	3.935	0.25	20.484	0.677	1.0	1.0
23	0	91	3.548	0.506	21.226	0.762	1.0	1.0
23	0	88	3.226	0.425	21.871	0.763	1.0	1.0
23	0	85	3.032	0.18	22.774	0.92	1.0	1.0
23	0	82	3.0	0.0	24.0	1.065	1.0	1.0
23	0	79	3.0	0.0	24.871	0.806	1.0	1.0
23	0	76	2.871	0.341	26.065	1.124	1.0	1.0
23	0	73	2.484	0.57	28.484	1.947	1.0	1.0
23	0	70	1.871	0.619	32.161	2.647	1.0	1.0
23	0	67	1.29	0.588	36.133	3.655	0.968	0.968
23	0	64	0.517	0.634	38.6	3.043	0.419	0.484
23	0	61	0.065	0.25	38.5	0.707	0.065	0.065
23	0	58	0.0	0.0	nan	nan	0.0	0.0
23	0	55	0.0	0.0	nan	nan	0.0	0.0
23	0	52	0.0	0.0	nan	nan	0.0	0.0
23	0	49	0.0	0.0	nan	nan	0.0	0.0
23	0	46	0.0	0.0	nan	nan	0.0	0.0
23	0	43	0.0	0.0	nan	nan	0.0	0.0
23	0	40	0.0	0.0	nan	nan	0.0	0.0
24	0	97	3.097	0.301	19.323	0.599	1.0	1.0
24	0	94	3.032	0.18	19.742	0.729	1.0	1.0
24	0	91	2.968	0.18	20.387	0.989	1.0	1.0
24	0	88	2.935	0.25	20.903	0.746	1.0	1.0
24	0	85	2.742	0.445	21.935	0.854	1.0	1.0
24	0	82	2.323	0.475	22.742	1.064	1.0	1.0
24	0	79	2.129	0.341	24.0	1.065	1.0	1.0
24	0	76	2.032	0.18	25.129	1.024	1.0	1.0
24	0	73	2.032	0.18	26.516	1.546	1.0	1.0
24	0	70	1.806	0.477	28.933	2.651	0.968	0.968
24	0	67	1.0	0.845	32.238	2.719	0.613	0.677
24	0	64	0.111	0.424	37.167	2.858	0.065	0.194
24	0	61	0.0	0.0	nan	nan	0.0	0.0
24	0	58	0.0	0.0	nan	nan	0.0	0.0
24	0	55	0.0	0.0	nan	nan	0.0	0.0
24	0	52	0.0	0.0	nan	nan	0.0	0.0
24	0	49	0.0	0.0	nan	nan	0.0	0.0
24	0	46	0.0	0.0	nan	nan	0.0	0.0
24	0	43	0.0	0.0	nan	nan	0.0	0.0
24	0	40	0.0	0.0	nan	nan	0.0	0.0
25	0	97	4.516	0.508	22.581	0.672	1.0	1.0
25	0	94	4.323	0.475	23.161	0.638	1.0	1.0
25	0	91	4.097	0.301	23.581	0.62	1.0	1.0
25	0	88	3.968	0.18	24.419	0.672	1.0	1.0
25	0	85	3.806	0.402	25.161	0.86	1.0	1.0
25	0	82	3.452	0.506	25.903	0.87	1.0	1.0
25	0	79	3.258	0.445	27.097	1.557	1.0	1.0
25	0	76	3.032	0.18	28.935	1.711	1.0	1.0
25	0	73	2.903	0.301	31.387	1.838	1.0	1.0
25	0	70	2.355	0.755	33.484	1.998	1.0	1.0
25	0	67	1.29	0.529	36.871	2.202	1.0	1.0
25	0	64	0.533	0.571	38.375	3.481	0.484	0.516
25	0	61	0.033	0.183	42.0	2.828	0.032	0.065
25	0	58	0.0	0.0	nan	nan	0.0	0.0
25	0	55	0.0	0.0	nan	nan	0.0	0.0
25	0	52	0.0	0.0	nan	nan	0.0	0.0
25	0	49	0.0	0.0	nan	nan	0.0	0.0
25	0	46	0.0	0.0	nan	nan	0.0	0.0
25	0	43	0.0	0.0	nan	nan	0.0	0.0
25	0	40	0.0	0.0	nan	nan	0.0	0.0
26	0	97	4.0	0.0	20.548	0.624	1.0	1.0
26	0	94	3.871	0.341	21.323	0.653	1.0	1.0
26	0	91	3.516	0.508	21.903	0.7	1.0	1.0
26	0	88	3.129	0.341	22.935	1.031	1.0	1.0
26	0	85	3.0	0.0	23.903	0.87	1.0	1.0
26	0	82	3.0	0.0	25.129	0.763	1.0	1.0
26	0	79	3.0	0.0	25.903	1.044	1.0	1.0
26	0	76	2.839	0.374	27.871	1.455	1.0	1.0
26	0	73	2.516	0.57	29.806	2.414	1.0	1.0
26	0	70	1.742	0.514	33.29	1.987	1.0	1.0
26	0	67	1.133	0.507	37.138	3.399	0.903	0.935
26	0	64	0.31	0.471	41.636	2.292	0.29	0.355
26	0	61	0.0	0.0	44.0	0.0	0.0	0.032
26	0	58	0.0	0.0	nan	nan	0.0	0.0
26	0	55	0.0	0.0	nan	nan	0.0	0.0
26	0	52	0.0	0.0	nan	nan	0.0	0.0
26	0	49	0.0	0.0	nan	nan	0.0	0.0
26	0	46	0.0	0.0	nan	nan	0.0	0.0
26	0	43	0.0	0.0	nan	nan	0.0	0.0
26	0	40	0.0	0.0	nan	nan	0.0	0.0
27	0	97	3.968	0.18	17.484	0.508	1.0	1.0
27	0	94	3.29	0.783	17.903	0.539	1.0	1.0
27	0	91	2.516	0.677	18.548	0.768	1.0	1.0
27	0	88	2.097	0.396	18.935	0.68	1.0	1.0
27	0	85	2.032	0.18	19.839	1.068	1.0	1.0
27	0	82	2.0	0.0	20.613	0.844	1.0	1.0
27	0	79	1.968	0.18	21.742	0.999	1.0	1.0
27	0	76	1.742	0.445	23.0	0.966	1.0	1.0
27	0	73	1.581	0.502	24.645	1.355	1.0	1.0
27	0	70	1.0	0.371	27.138	2.587	0.903	0.935
27	0	67	0.667	0.547	29.15	3.083	0.613	0.645
27	0	64	0.033	0.183	34.5	0.707	0.032	0.065
27	0	61	0.0	0.0	nan	nan	0.0	0.0
27	0	58	0.0	0.0	nan	nan	0.0	0.0
27	0	55	0.0	0.0	nan	nan	0.0	0.0
27	0	52	0.0	0.0	nan	nan	0.0	0.0
27	0	49	0.0	0.0	nan	nan	0.0	0.0
27	0	46	0.0	0.0	nan	nan	0.0	0.0
27	0	43	0.0	0.0	nan	nan	0.0	0.0
27	0	40	0.0	0.0	nan	nan	0.0	0.0
28	0	97	3.581	0.62	18.806	0.601	1.0	1.0
28	0	94	3.097	0.301	19.194	0.601	1.0	1.0
28	0	91	3.0	0.0	20.032	0.605	1.0	1.0
28	0	88	2.968	0.18	20.839	0.735	1.0	1.0
28	0	85	2.839	0.374	21.226	0.956	1.0	1.0
28	0	82	2.484	0.508	22.452	1.06	1.0	1.0
28	0	79	2.226	0.425	23.645	1.17	1.0	1.0
28	0	76	2.065	0.25	24.806	1.621	1.0	1.0
28	0	73	1.968	0.18	26.097	0.978	1.0	1.0
28	0	70	1.774	0.425	29.097	2.785	1.0	1.0
28	0	67	1.607	0.567	31.2	2.999	0.871	0.968
28	0	64	0.32	0.69	33.818	5.056	0.161	0.355
28	0	61	0.033	0.183	36.0	0.0	0.032	0.065
28	0	58	0.0	0.0	nan	nan	0.0	0.0
28	0	55	0.0	0.0	nan	nan	0.0	0.0
28	0	52	0.0	0.0	nan	nan	0.0	0.0
28	0	49	0.0	0.0	nan	nan	0.0	0.0
28	0	46	0.0	0.0	nan	nan	0.0	0.0
28	0	43	0.0	0.0	nan	nan	0.0	0.0
28	0	40	0.0	0.0	nan	nan	0.0	0.0
29	0	97	3.097	0.301	18.774	0.56	1.0	1.0
29	0	94	3.032	0.315	19.258	0.729	1.0	1.0
29	0	91	2.935	0.25	20.129	0.846	1.0	1.0
29	0	88	2.419	0.502	20.742	0.855	1.0	1.0
29	0	85	2.226	0.425	21.806	1.078	1.0	1.0
29	0	82	2.032	0.18	22.548	0.925	1.0	1.0
29	0	79	2.0	0.0	23.677	1.137	1.0	1.0
29	0	76	1.935	0.25	25.065	1.153	1.0	1.0
29	0	73	1.903	0.301	26.645	1.539	1.0	1.0
29	0	70	1.5	0.572	29.167	2.335	0.935	0.968
29	0	67	0.333	0.565	33.429	3.204	0.226	0.452
29	0	64	0.138	0.441	34.4	2.302	0.097	0.161
29	0	61	0.0	0.0	nan	nan	0.0	0.0
29	0	58	0.0	0.0	nan	nan	0.0	0.0
29	0	55	0.0	0.0	nan	nan	0.0	0.0
29	0	52	0.0	0.0	nan	nan	0.0	0.0
29	0	49	0.0	0.0	nan	nan	0.0	0.0
29	0	46	0.0	0.0	nan	nan	0.0	0.0
29	0	43	0.0	0.0	nan	nan	0.0	0.0
29	0	40	0.0	0.0	nan	nan	0.0	0.0
30	0	97	3.484	0.57	18.419	0.62	1.0	1.0
30	0	94	3.097	0.301	19.0	0.73	1.0	1.0
30	0	91	2.935	0.25	19.548	0.723	1.0	1.0
30	0	88	2.742	0.445	20.032	0.657	1.0	1.0
30	0	85	2.419	0.502	21.516	1.029	1.0	1.0
30	0	82	2.484	0.508	22.129	1.147	1.0	1.0
30	0	79	2.065	0.25	23.258	1.064	1.0	1.0
30	0	76	2.0	0.258	24.29	1.071	1.0	1.0
30	0	73	2.0	0.0	25.968	1.835	1.0	1.0
30	0	70	1.5	0.572	28.667	2.771	0.935	0.968
30	0	67	0.621	0.728	31.125	2.872	0.452	0.516
30	0	64	0.138	0.441	33.4	3.209	0.097	0.161
30	0	61	0.0	0.0	nan	nan	0.0	0.0
30	0	58	0.0	0.0	nan	nan	0.0	0.0
30	0	55	0.0	0.0	nan	nan	0.0	0.0
30	0	52	0.0	0.0	nan	nan	0.0	0.0
30	0	49	0.0	0.0	nan	nan	0.0	0.0
30	0	46	0.0	0.0	nan	nan	0.0	0.0
30	0	43	0.0	0.0	nan	nan	0.0	0.0
30	0	40	0.0	0.0	nan	nan	0.0	0.0
31	0	97	3.0	0.0	17.097	0.396	1.0	1.0
31	0	94	2.968	0.18	17.677	0.475	1.0	1.0
31	0	91	2.419	0.502	18.452	0.624	1.0	1.0
31	0	88	2.065	0.359	19.226	0.805	1.0	1.0
31	0	85	1.903	0.301	19.968	0.983	1.0	1.0
31	0	82	1.484	0.508	21.258	1.413	1.0	1.0
31	0	79	1.161	0.374	22.032	1.08	1.0	1.0
31	0	76	1.065	0.25	23.806	1.447	1.0	1.0
31	0	73	1.0	0.0	24.548	1.312	1.0	1.0
31	0	70	0.839	0.374	27.115	2.251	0.839	0.839
31	0	67	0.3	0.466	29.7	3.466	0.29	0.323
31	0	64	0.0	0.0	nan	nan	0.0	0.0
31	0	61	0.0	0.0	nan	nan	0.0	0.0
31	0	58	0.0	0.0	nan	nan	0.0	0.0
31	0	55	0.0	0.0	nan	nan	0.0	0.0
31	0	52	0.0	0.0	nan	nan	0.0	0.0
31	0	49	0.0	0.0	nan	nan	0.0	0.0
31	0	46	0.0	0.0	nan	nan	0.0	0.0
31	0	43	0.0	0.0	nan	nan	0.0	0.0
31	0	40	0.0	0.0	nan	nan	0.0	0.0
0	1	97	3.548	0.568	19.29	0.643	1.0	1.0
0	1	94	3.323	0.475	19.968	0.605	1.0	1.0
0	1	91	3.065	0.25	20.258	0.815	1.0	1.0
0	1	88	3.032	0.18	21.323	0.702	1.0	1.0
0	1	85	3.0	0.0	22.387	1.174	1.0	1.0
0	1	82	2.774	0.425	22.71	1.006	1.0	1.0
0	1	79	2.516	0.508	23.903	1.193	1.0	1.0
0	1	76	2.194	0.402	25.419	1.409	1.0	1.0
0	1	73	2.032	0.18	26.516	1.651	1.0	1.0
0	1	70	1.967	0.183	29.129	2.907	0.968	1.0
0	1	67	0.88	0.881	33.15	4.082	0.452	0.645
0	1	64	0.417	0.776	35.538	4.63	0.194	0.419
0	1	61	0.097	0.396	37.0	5.657	0.065	0.065
0	1	58	0.0	0.0	nan	nan	0.0	0.0
0	1	55	0.0	0.0	nan	nan	0.0	0.0
0	1	52	0.0	0.0	nan	nan	0.0	0.0
0	1	49	0.0	0.0	nan	nan	0.0	0.0
0	1	46	0.0	0.0	nan	nan	0.0	0.0
0	1	43	0.0	0.0	nan	nan	0.0	0.0
0	1	40	0.0	0.0	nan	nan	0.0	0.0
1	1	97	3.935	0.25	20.29	0.643	1.0	1.0
1	1	94	3.935	0.25	21.0	0.775	1.0	1.0
1	1	91	3.484	0.508	21.839	0.735	1.0	1.0
1	1	88	3.161	0.374	22.677	0.748	1.0	1.0
1	1	85	3.0	0.0	23.806	1.014	1.0	1.0
1	1	82	3.0	0.0	25.032	0.836	1.0	1.0
1	1	79	2.968	0.18	26.129	1.36	1.0	1.0
1	1	76	2.613	0.495	27.871	1.839	1.0	1.0
1	1	73	2.29	0.461	30.258	1.983	1.0	1.0
1	1	70	1.516	0.508	33.71	2.735	1.0	1.0
1	1	67	0.933	0.64	37.25	3.825	0.742	0.774
1	1	64	0.133	0.346	40.0	4.583	0.129	0.161
1	1	61	0.0	0.0	nan	nan	0.0	0.0
1	1	58	0.0	0.0	nan	nan	0.0	0.0
1	1	55	0.0	0.0	nan	nan	0.0	0.0
1	1	52	0.0	0.0	nan	nan	0.0	0.0
1	1	49	0.0	0.0	nan	nan	0.0	0.0
1	1	46	0.0	0.0	nan	nan	0.0	0.0
1	1	43	0.0	0.0	nan	nan	0.0	0.0
1	1	40	0.0	0.0	nan	nan	0.0	0.0
2	1	97	3.581	0.62	18.839	0.638	1.0	1.0
2	1	94	3.097	0.301	19.032	0.706	1.0	1.0
2	1	91	3.032	0.18	20.0	1.095	1.0	1.0
2	1	88	3.0	0.0	20.968	0.706	1.0	1.0
2	1	85	3.0	0.0	21.774	0.884	1.0	1.0
2	1	82	2.968	0.18	22.935	0.892	1.0	1.0
2	1	79	2.677	0.475	24.226	1.334	1.0	1.0
2	1	76	2.29	0.461	25.355	1.199	1.0	1.0
2	1	73	2.0	0.0	27.839	1.968	1.0	1.0
2	1	70	1.903	0.396	31.0	2.517	1.0	1.0
2	1	67	1.133	0.629	36.037	3.757	0.839	0.871
2	1	64	0.323	0.541	38.444	3.245	0.29	0.29
2	1	61	0.0	0.0	nan	nan	0.0	0.0
2	1	58	0.0	0.0	nan	nan	0.0	0.0
2	1	55	0.0	0.0	nan	nan	0.0	0.0
2	1	52	0.0	0.0	nan	nan	0.0	0.0
2	1	49	0.0	0.0	nan	nan	0.0	0.0
2	1	46	0.0	0.0	nan	nan	0.0	0.0
2	1	43	0.0	0.0	nan	nan	0.0	0.0
2	1	40	0.0	0.0	nan	nan	0.0	0.0
3	1	97	3.935	0.25	20.032	0.657	1.0	1.0
3	1	94	3.484	0.508	20.613	0.761	1.0	1.0
3	1	91	3.161	0.374	21.581	0.765	1.0	1.0
3	1	88	3.032	0.18	22.226	0.762	1.0	1.0
3	1	85	3.0	0.0	23.0	0.894	1.0	1.0
3	1	82	3.0	0.0	24.484	1.208	1.0	1.0
3	1	79	2.806	0.402	25.613	0.955	1.0	1.0
3	1	76	2.355	0.486	27.677	1.641	1.0	1.0
3	1	73	2.065	0.359	30.065	2.081	1.0	1.0
3	1	70	1.903	0.473	32.097	2.561	1.0	1.0
3	1	67	1.069	0.593	37.037	3.414	0.806	0.871
3	1	64	0.214	0.418	40.444	2.744	0.194	0.29
3	1	61	0.0	0.0	nan	nan	0.0	0.0
3	1	58	0.0	0.0	nan	nan	0.0	0.0
3	1	55	0.0	0.0	nan	nan	0.0	0.0
3	1	52	0.0	0.0	nan	nan	0.0	0.0
3	1	49	0.0	0.0	nan	nan	0.0	0.0
3	1	46	0.0	0.0	nan	nan	0.0	0.0
3	1	43	0.0	0.0	nan	nan	0.0	0.0
3	1	40	0.0	0.0	nan	nan	0.0	0.0
4	1	97	4.677	0.475	21.71	0.529	1.0	1.0
4	1	94	4.065	0.25	22.258	0.729	1.0	1.0
4	1	91	4.0	0.0	23.452	0.723	1.0	1.0
4	1	88	4.0	0.0	23.742	0.682	1.0	1.0
4	1	85	3.871	0.341	24.419	0.992	1.0	1.0
4	1	82	3.29	0.461	25.774	1.146	1.0	1.0
4	1	79	3.161	0.374	26.742	1.182	1.0	1.0
4	1	76	3.0	0.0	28.258	1.46	1.0	1.0
4	1	73	3.0	0.0	30.258	1.39	1.0	1.0
4	1	70	2.516	0.724	33.097	1.868	1.0	1.0
4	1	67	1.419	0.62	36.129	2.5	1.0	1.0
4	1	64	0.862	0.351	41.444	4.602	0.806	0.871
4	1	61	0.067	0.254	43.667	2.082	0.065	0.097
4	1	58	0.0	0.0	nan	nan	0.0	0.0
4	1	55	0.0	0.0	nan	nan	0.0	0.0
4	1	52	0.0	0.0	nan	nan	0.0	0.0
4	1	49	0.0	0.0	nan	nan	0.0	0.0
4	1	46	0.0	0.0	nan	nan	0.0	0.0
4	1	43	0.0	0.0	nan	nan	0.0	0.0
4	1	40	0.0	0.0	nan	nan	0.0	0.0
5	1	97	3.806	0.402	17.516	0.508	1.0	1.0
5	1	94	3.0	0.632	17.968	0.547	1.0	1.0
5	1	91	2.548	0.675	18.516	0.508	1.0	1.0
5	1	88	2.194	0.402	18.903	0.79	1.0	1.0
5	1	85	2.0	0.0	20.129	0.885	1.0	1.0
5	1	82	2.0	0.0	20.645	1.018	1.0	1.0
5	1	79	1.968	0.18	21.677	1.045	1.0	1.0
5	1	76	1.839	0.374	22.871	1.088	1.0	1.0
5	1	73	1.419	0.502	24.29	1.243	1.0	1.0
5	1	70	1.032	0.18	25.806	1.579	1.0	1.0
5	1	67	0.621	0.494	30.05	3.17	0.581	0.645
5	1	64	0.032	0.18	33.0	0.0	0.032	0.032
5	1	61	0.0	0.0	nan	nan	0.0	0.0
5	1	58	0.0	0.0	nan	nan	0.0	0.0
5	1	55	0.0	0.0	nan	nan	0.0	0.0
5	1	52	0.0	0.0	nan	nan	0.0	0.0
5	1	49	0.0	0.0	nan	nan	0.0	0.0
5	1	46	0.0	0.0	nan	nan	0.0	0.0
5	1	43	0.0	0.0	nan	nan	0.0	0.0
5	1	40	0.0	0.0	nan	nan	0.0	0.0
6	1	97	3.935	0.442	19.355	0.608	1.0	1.0
6	1	94	3.516	0.508	19.871	0.619	1.0	1.0
6	1	91	3.194	0.402	20.774	1.055	1.0	1.0
6	1	88	3.032	0.18	21.742	0.773	1.0	1.0
6	1	85	3.0	0.0	22.516	0.811	1.0	1.0
6	1	82	3.0	0.0	23.839	1.157	1.0	1.0
6	1	79	2.935	0.25	24.839	1.267	1.0	1.0
6	1	76	2.581	0.502	26.065	1.482	1.0	1.0
6	1	73	2.226	0.425	29.226	1.892	1.0	1.0
6	1	70	1.903	0.396	31.516	2.567	1.0	1.0
6	1	67	1.233	0.568	35.483	3.419	0.903	0.935
6	1	64	0.586	0.501	39.211	3.376	0.548	0.613
6	1	61	0.0	0.0	nan	nan	0.0	0.0
6	1	58	0.0	0.0	nan	nan	0.0	0.0
6	1	55	0.0	0.0	nan	nan	0.0	0.0
6	1	52	0.0	0.0	nan	nan	0.0	0.0
6	1	49	0.0	0.0	nan	nan	0.0	0.0
6	1	46	0.0	0.0	nan	nan	0.0	0.0
6	1	43	0.0	0.0	nan	nan	0.0	0.0
6	1	40	0.0	0.0	nan	nan	0.0	0.0
7	1	97	4.129	0.341	19.032	0.547	1.0	1.0
7	1	94	3.871	0.499	19.677	1.045	1.0	1.0
7	1	91	3.613	0.495	20.258	0.893	1.0	1.0
7	1	88	3.226	0.425	20.903	0.831	1.0	1.0
7	1	85	3.065	0.25	21.29	0.938	1.0	1.0
7	1	82	3.065	0.359	22.774	0.805	1.0	1.0
7	1	79	2.742	0.445	23.71	1.27	1.0	1.0
7	1	76	2.516	0.508	24.613	1.256	1.0	1.0
7	1	73	2.161	0.374	26.806	2.007	1.0	1.0
7	1	70	2.097	0.473	29.129	2.941	1.0	1.0
7	1	67	1.857	0.356	30.968	2.614	0.903	1.0
7	1	64	0.615	0.804	35.875	4.843	0.355	0.516
7	1	61	0.0	0.0	nan	nan	0.0	0.0
7	1	58	0.0	0.0	nan	nan	0.0	0.0
7	1	55	0.0	0.0	nan	nan	0.0	0.0
7	1	52	0.0	0.0	nan	nan	0.0	0.0
7	1	49	0.0	0.0	nan	nan	0.0	0.0
7	1	46	0.0	0.0	nan	nan	0.0	0.0
7	1	43	0.0	0.0	nan	nan	0.0	0.0
7	1	40	0.0	0.0	nan	nan	0.0	0.0
8	1	97	5.0	0.258	21.097	0.831	1.0	1.0
8	1	94	4.742	0.445	21.903	1.044	1.0	1.0
8	1	91	4.387	0.495	22.452	0.961	1.0	1.0
8	1	88	4.032	0.407	23.71	1.189	1.0	1.0
8	1	85	4.032	0.315	24.419	0.958	1.0	1.0
8	1	82	3.613	0.495	25.419	1.057	1.0	1.0
8	1	79	3.613	0.495	26.903	1.904	1.0	1.0
8	1	76	3.065	0.359	29.0	1.949	1.0	1.0
8	1	73	2.903	0.301	30.194	2.197	1.0	1.0
8	1	70	2.0	0.816	34.677	3.166	1.0	1.0
8	1	67	1.548	0.723	36.655	3.415	0.935	0.935
8	1	64	0.586	0.682	41.875	5.714	0.452	0.516
8	1	61	0.067	0.254	46.667	7.024	0.065	0.097
8	1	58	0.0	0.0	nan	nan	0.0	0.0
8	1	55	0.0	0.0	nan	nan	0.0	0.0
8	1	52	0.0	0.0	nan	nan	0.0	0.0
8	1	49	0.0	0.0	nan	nan	0.0	0.0
8	1	46	0.0	0.0	nan	nan	0.0	0.0
8	1	43	0.0	0.0	nan	nan	0.0	0.0
8	1	40	0.0	0.0	nan	nan	0.0	0.0
9	1	97	2.677	0.541	18.097	0.539	1.0	1.0
9	1	94	2.645	0.551	18.258	0.575	1.0	1.0
9	1	91	2.129	0.341	19.032	0.657	1.0	1.0
9	1	88	2.0	0.0	19.677	0.702	1.0	1.0
9	1	85	2.0	0.0	20.677	0.945	1.0	1.0
9	1	82	1.968	0.18	21.387	0.955	1.0	1.0
9	1	79	1.774	0.425	22.581	1.025	1.0	1.0
9	1	76	1.419	0.502	23.871	1.335	1.0	1.0
9	1	73	1.097	0.301	25.129	1.335	1.0	1.0
9	1	70	0.931	0.258	27.69	2.929	0.871	0.935
9	1	67	0.276	0.455	28.6	3.502	0.258	0.323
9	1	64	0.0	0.0	34.0	0.0	0.0	0.032
9	1	61	0.0	0.0	nan	nan	0.0	0.0
9	1	58	0.0	0.0	nan	nan	0.0	0.0
9	1	55	0.0	0.0	nan	nan	0.0	0.0
9	1	52	0.0	0.0	nan	nan	0.0	0.0
9	1	49	0.0	0.0	nan	nan	0.0	0.0
9	1	46	0.0	0.0	nan	nan	0.0	0.0
9	1	43	0.0	0.0	nan	nan	0.0	0.0
9	1	40	0.0	0.0	nan	nan	0.0	0.0
10	1	97	3.355	0.551	19.097	0.651	1.0	1.0
10	1	94	3.032	0.18	19.903	0.7	1.0	1.0
10	1	91	3.0	0.0	20.742	0.729	1.0	1.0
10	1	88	3.0	0.0	21.71	0.973	1.0	1.0
10	1	85	3.0	0.0	22.839	0.779	1.0	1.0
10	1	82	2.871	0.341	23.71	1.071	1.0	1.0
10	1	79	2.323	0.475	25.29	1.101	1.0	1.0
10	1	76	2.161	0.374	26.742	1.825	1.0	1.0
10	1	73	2.0	0.0	28.452	2.461	1.0	1.0
10	1	70	1.767	0.43	32.581	3.828	0.968	1.0
10	1	67	1.103	0.673	36.0	3.578	0.774	0.839
10	1	64	0.107	0.315	38.667	2.944	0.097	0.194
10	1	61	0.0	0.0	nan	nan	0.0	0.0
10	1	58	0.0	0.0	nan	nan	0.0	0.0
10	1	55	0.0	0.0	nan	nan	0.0	0.0
10	1	52	0.0	0.0	nan	nan	0.0	0.0
10	1	49	0.0	0.0	nan	nan	0.0	0.0
10	1	46	0.0	0.0	nan	nan	0.0	0.0
10	1	43	0.0	0.0	nan	nan	0.0	0.0
10	1	40	0.0	0.0	nan	nan	0.0	0.0
11	1	97	4.0	0.0	21.065	0.629	1.0	1.0
11	1	94	4.0	0.0	21.774	0.762	1.0	1.0
11	1	91	3.871	0.341	22.484	0.89	1.0	1.0
11	1	88	3.516	0.508	23.355	0.709	1.0	1.0
11	1	85	3.323	0.475	24.355	1.226	1.0	1.0
11	1	82	3.0	0.0	25.226	0.884	1.0	1.0
11	1	79	3.0	0.0	26.71	1.006	1.0	1.0
11	1	76	2.968	0.18	28.419	1.336	1.0	1.0
11	1	73	2.71	0.529	30.903	1.85	1.0	1.0
11	1	70	2.097	0.87	33.484	1.877	1.0	1.0
11	1	67	1.129	0.562	37.828	3.23	0.935	0.935
11	1	64	0.448	0.506	39.867	2.924	0.419	0.484
11	1	61	0.032	0.18	49.0	0.0	0.032	0.032
11	1	58	0.0	0.0	nan	nan	0.0	0.0
11	1	55	0.0	0.0	nan	nan	0.0	0.0
11	1	52	0.0	0.0	nan	nan	0.0	0.0
11	1	49	0.0	0.0	nan	nan	0.0	0.0
11	1	46	0.0	0.0	nan	nan	0.0	0.0
11	1	43	0.0	0.0	nan	nan	0.0	0.0
11	1	40	0.0	0.0	nan	nan	0.0	0.0
12	1	97	3.968	0.18	17.194	0.477	1.0	1.0
12	1	94	3.613	0.495	17.516	0.57	1.0	1.0
12	1	91	3.161	0.735	17.968	0.657	1.0	1.0
12	1	88	2.323	0.541	18.645	0.608	1.0	1.0
12	1	85	2.129	0.341	19.065	0.512	1.0	1.0
12	1	82	2.0	0.0	19.742	0.815	1.0	1.0
12	1	79	2.0	0.0	20.871	0.991	1.0	1.0
12	1	76	2.0	0.0	21.839	0.779	1.0	1.0
12	1	73	1.903	0.301	23.226	1.117	1.0	1.0
12	1	70	1.548	0.506	24.419	1.205	1.0	1.0
12	1	67	1.097	0.396	26.533	2.474	0.968	0.968
12	1	64	0.71	0.461	27.864	2.232	0.71	0.71
12	1	61	0.129	0.341	30.5	1.732	0.129	0.129
12	1	58	0.0	0.0	nan	nan	0.0	0.0
12	1	55	0.0	0.0	nan	nan	0.0	0.0
12	1	52	0.0	0.0	nan	nan	0.0	0.0
12	1	49	0.0	0.0	nan	nan	0.0	0.0
12	1	46	0.0	0.0	nan	nan	0.0	0.0
12	1	43	0.0	0.0	nan	nan	0.0	0.0
12	1	40	0.0	0.0	nan	nan	0.0	0.0
13	1	97	4.0	0.0	17.194	0.477	1.0	1.0
13	1	94	3.839	0.374	17.871	0.562	1.0	1.0
13	1	91	3.484	0.626	18.258	0.729	1.0	1.0
13	1	88	2.516	0.57	19.0	0.632	1.0	1.0
13	1	85	2.097	0.301	19.387	0.761	1.0	1.0
13	1	82	2.129	0.341	20.419	0.958	1.0	1.0
13	1	79	2.0	0.0	21.613	0.989	1.0	1.0
13	1	76	2.0	0.0	22.548	1.121	1.0	1.0
13	1	73	1.968	0.18	23.839	0.86	1.0	1.0
13	1	70	1.452	0.506	26.032	2.213	1.0	1.0
13	1	67	1.033	0.414	28.276	2.865	0.903	0.935
13	1	64	0.3	0.596	32.0	2.507	0.226	0.258
13	1	61	0.0	0.0	nan	nan	0.0	0.0
13	1	58	0.0	0.0	nan	nan	0.0	0.0
13	1	55	0.0	0.0	nan	nan	0.0	0.0
13	1	52	0.0	0.0	nan	nan	0.0	0.0
13	1	49	0.0	0.0	nan	nan	0.0	0.0
13	1	46	0.0	0.0	nan	nan	0.0	0.0
13	1	43	0.0	0.0	nan	nan	0.0	0.0
13	1	40	0.0	0.0	nan	nan	0.0	0.0
14	1	97	3.032	0.18	19.097	0.597	1.0	1.0
14	1	94	3.0	0.0	20.0	0.775	1.0	1.0
14	1	91	2.968	0.18	20.161	0.735	1.0	1.0
14	1	88	2.903	0.301	21.065	0.854	1.0	1.0
14	1	85	2.581	0.502	21.774	0.805	1.0	1.0
14	1	82	2.129	0.341	22.677	1.077	1.0	1.0
14	1	79	2.032	0.18	23.871	1.408	1.0	1.0
14	1	76	2.0	0.0	25.161	1.036	1.0	1.0
14	1	73	2.0	0.258	26.355	1.684	1.0	1.0
14	1	70	1.621	0.622	29.517	2.911	0.871	0.935
14	1	67	0.731	0.827	31.556	3.329	0.419	0.581
14	1	64	0.115	0.431	36.429	3.155	0.065	0.226
14	1	61	0.0	0.0	nan	nan	0.0	0.0
14	1	58	0.0	0.0	nan	nan	0.0	0.0
14	1	55	0.0	0.0	nan	nan	0.0	0.0
14	1	52	0.0	0.0	nan	nan	0.0	0.0
14	1	49	0.0	0.0	nan	nan	0.0	0.0
14	1	46	0.0	0.0	nan	nan	0.0	0.0
14	1	43	0.0	0.0	nan	nan	0.0	0.0
14	1	40	0.0	0.0	nan	nan	0.0	0.0
15	1	97	3.774	0.617	18.806	0.703	1.0	1.0
15	1	94	3.258	0.445	19.484	0.724	1.0	1.0
15	1	91	3.032	0.18	20.065	0.814	1.0	1.0
15	1	88	3.0	0.0	20.677	0.748	1.0	1.0
15	1	85	2.903	0.301	21.806	1.014	1.0	1.0
15	1	82	2.613	0.495	22.613	0.882	1.0	1.0
15	1	79	2.097	0.301	23.903	1.106	1.0	1.0
15	1	76	2.129	0.341	24.677	1.4	1.0	1.0
15	1	73	2.0	0.0	26.387	1.453	1.0	1.0
15	1	70	1.903	0.301	28.774	2.473	1.0	1.0
15	1	67	1.458	0.779	33.259	3.448	0.645	0.871
15	1	64	0.346	0.629	35.75	3.888	0.226	0.387
15	1	61	0.0	0.0	nan	nan	0.0	0.0
15	1	58	0.0	0.0	nan	nan	0.0	0.0
15	1	55	0.0	0.0	nan	nan	0.0	0.0
15	1	52	0.0	0.0	nan	nan	0.0	0.0
15	1	49	0.0	0.0	nan	nan	0.0	0.0
15	1	46	0.0	0.0	nan	nan	0.0	0.0
15	1	43	0.0	0.0	nan	nan	0.0	0.0
15	1	40	0.0	0.0	nan	nan	0.0	0.0
16	1	97	3.968	0.407	19.355	0.839	1.0	1.0
16	1	94	3.581	0.502	19.903	0.944	1.0	1.0
16	1	91	3.323	0.475	20.097	0.746	1.0	1.0
16	1	88	3.129	0.341	21.516	0.926	1.0	1.0
16	1	85	2.968	0.315	21.839	1.098	1.0	1.0
16	1	82	2.968	0.18	23.129	1.31	1.0	1.0
16	1	79	2.484	0.508	24.129	1.258	1.0	1.0
16	1	76	2.161	0.374	25.161	1.44	1.0	1.0
16	1	73	2.161	0.374	26.677	1.351	1.0	1.0
16	1	70	1.966	0.186	29.903	2.925	0.935	1.0
16	1	67	1.346	0.846	31.96	3.995	0.645	0.806
16	1	64	0.679	0.905	33.429	4.327	0.355	0.452
16	1	61	0.0	0.0	nan	nan	0.0	0.0
16	1	58	0.0	0.0	nan	nan	0.0	0.0
16	1	55	0.0	0.0	nan	nan	0.0	0.0
16	1	52	0.0	0.0	nan	nan	0.0	0.0
16	1	49	0.0	0.0	nan	nan	0.0	0.0
16	1	46	0.0	0.0	nan	nan	0.0	0.0
16	1	43	0.0	0.0	nan	nan	0.0	0.0
16	1	40	0.0	0.0	nan	nan	0.0	0.0
17	1	97	3.968	0.18	19.548	0.768	1.0	1.0
17	1	94	3.903	0.301	19.968	0.657	1.0	1.0
17	1	91	3.387	0.495	21.032	0.836	1.0	1.0
17	1	88	3.097	0.301	21.839	0.779	1.0	1.0
17	1	85	3.032	0.18	22.806	0.749	1.0	1.0
17	1	82	3.0	0.0	23.581	0.992	1.0	1.0
17	1	79	2.968	0.18	24.742	1.032	1.0	1.0
17	1	76	2.903	0.301	26.0	1.342	1.0	1.0
17	1	73	2.516	0.508	27.968	1.975	1.0	1.0
17	1	70	1.968	0.407	31.387	2.642	1.0	1.0
17	1	67	1.533	0.507	35.0	3.033	0.968	1.0
17	1	64	0.7	0.651	38.0	4.137	0.581	0.613
17	1	61	0.067	0.254	39.667	3.512	0.065	0.097
17	1	58	0.0	0.0	nan	nan	0.0	0.0
17	1	55	0.0	0.0	nan	nan	0.0	0.0
17	1	52	0.0	0.0	nan	nan	0.0	0.0
17	1	49	0.0	0.0	nan	nan	0.0	0.0
17	1	46	0.0	0.0	nan	nan	0.0	0.0
17	1	43	0.0	0.0	nan	nan	0.0	0.0
17	1	40	0.0	0.0	nan	nan	0.0	0.0
18	1	97	3.29	0.461	18.452	0.568	1.0	1.0
18	1	94	2.71	0.529	18.903	0.651	1.0	1.0
18	1	91	2.613	0.615	19.548	0.85	1.0	1.0
18	1	88	2.323	0.475	20.032	0.836	1.0	1.0
18	1	85	2.065	0.25	20.935	0.814	1.0	1.0
18	1	82	2.0	0.0	22.0	1.317	1.0	1.0
18	1	79	2.032	0.18	23.161	1.036	1.0	1.0
18	1	76	1.968	0.18	24.226	1.309	1.0	1.0
18	1	73	1.806	0.402	25.677	1.222	1.0	1.0
18	1	70	1.333	0.479	28.129	2.655	0.968	1.0
18	1	67	0.724	0.702	31.053	2.877	0.548	0.613
18	1	64	0.034	0.186	35.333	2.082	0.032	0.097
18	1	61	0.0	0.0	nan	nan	0.0	0.0
18	1	58	0.0	0.0	nan	nan	0.0	0.0
18	1	55	0.0	0.0	nan	nan	0.0	0.0
18	1	52	0.0	0.0	nan	nan	0.0	0.0
18	1	49	0.0	0.0	nan	nan	0.0	0.0
18	1	46	0.0	0.0	nan	nan	0.0	0.0
18	1	43	0.0	0.0	nan	nan	0.0	0.0
18	1	40	0.0	0.0	nan	nan	0.0	0.0
19	1	97	4.323	0.475	20.29	0.643	1.0	1.0
19	1	94	4.161	0.374	20.935	0.68	1.0	1.0
19	1	91	4.0	0.0	22.0	0.577	1.0	1.0
19	1	88	3.935	0.25	22.677	0.748	1.0	1.0
19	1	85	3.71	0.461	23.871	0.846	1.0	1.0
19	1	82	3.258	0.445	25.0	1.183	1.0	1.0
19	1	79	3.0	0.0	26.129	1.088	1.0	1.0
19	1	76	3.0	0.0	27.806	1.4	1.0	1.0
19	1	73	2.968	0.18	31.226	1.875	1.0	1.0
19	1	70	2.323	0.748	33.774	2.486	1.0	1.0
19	1	67	1.613	0.715	37.226	3.324	1.0	1.0
19	1	64	0.69	0.541	42.619	4.248	0.613	0.677
19	1	61	0.0	0.0	nan	nan	0.0	0.0
19	1	58	0.0	0.0	nan	nan	0.0	0.0
19	1	55	0.0	0.0	nan	nan	0.0	0.0
19	1	52	0.0	0.0	nan	nan	0.0	0.0
19	1	49	0.0	0.0	nan	nan	0.0	0.0
19	1	46	0.0	0.0	nan	nan	0.0	0.0
19	1	43	0.0	0.0	nan	nan	0.0	0.0
19	1	40	0.0	0.0	nan	nan	0.0	0.0
20	1	97	3.839	0.374	20.484	0.89	1.0	1.0
20	1	94	3.419	0.502	21.065	0.854	1.0	1.0
20	1	91	3.161	0.374	22.129	0.67	1.0	1.0
20	1	88	3.032	0.18	22.871	0.885	1.0	1.0
20	1	85	3.0	0.0	24.032	1.016	1.0	1.0
20	1	82	2.871	0.341	24.645	1.082	1.0	1.0
20	1	79	2.677	0.475	25.645	1.112	1.0	1.0
20	1	76	2.29	0.461	27.452	1.877	1.0	1.0
20	1	73	2.032	0.18	28.645	2.169	1.0	1.0
20	1	70	1.9	0.305	31.387	2.825	0.968	1.0
20	1	67	1.3	0.702	34.667	2.974	0.839	0.871
20	1	64	0.481	0.58	37.625	2.5	0.387	0.516
20	1	61	0.032	0.18	33.0	0.0	0.032	0.032
20	1	58	0.0	0.0	nan	nan	0.0	0.0
20	1	55	0.0	0.0	nan	nan	0.0	0.0
20	1	52	0.0	0.0	nan	nan	0.0	0.0
20	1	49	0.0	0.0	nan	nan	0.0	0.0
20	1	46	0.0	0.0	nan	nan	0.0	0.0
20	1	43	0.0	0.0	nan	nan	0.0	0.0
20	1	40	0.0	0.0	nan	nan	0.0	0.0
21	1	97	3.516	0.626	18.097	0.7	1.0	1.0
21	1	94	2.806	0.749	18.581	0.502	1.0	1.0
21	1	91	2.419	0.502	19.194	0.654	1.0	1.0
21	1	88	2.032	0.18	19.871	0.763	1.0	1.0
21	1	85	2.0	0.0	20.806	1.223	1.0	1.0
21	1	82	2.0	0.0	21.419	0.672	1.0	1.0
21	1	79	2.0	0.0	22.548	1.121	1.0	1.0
21	1	76	1.935	0.25	23.774	1.087	1.0	1.0
21	1	73	1.613	0.495	25.484	2.127	1.0	1.0
21	1	70	1.233	0.43	27.968	2.483	0.968	1.0
21	1	67	0.926	0.55	31.269	2.974	0.71	0.839
21	1	64	0.0	0.0	nan	nan	0.0	0.0
21	1	61	0.0	0.0	nan	nan	0.0	0.0
21	1	58	0.0	0.0	nan	nan	0.0	0.0
21	1	55	0.0	0.0	nan	nan	0.0	0.0
21	1	52	0.0	0.0	nan	nan	0.0	0.0
21	1	49	0.0	0.0	nan	nan	0.0	0.0
21	1	46	0.0	0.0	nan	nan	0.0	0.0
21	1	43	0.0	0.0	nan	nan	0.0	0.0
21	1	40	0.0	0.0	nan	nan	0.0	0.0
22	1	97	4.0	0.0	20.065	0.814	1.0	1.0
22	1	94	4.0	0.0	20.613	0.667	1.0	1.0
22	1	91	3.903	0.301	21.645	0.839	1.0	1.0
22	1	88	3.774	0.425	22.258	0.682	1.0	1.0
22	1	85	3.387	0.495	23.484	1.122	1.0	1.0
22	1	82	3.032	0.18	24.419	0.886	1.0	1.0
22	1	79	3.0	0.0	25.484	1.151	1.0	1.0
22	1	76	2.968	0.18	26.742	1.914	1.0	1.0
22	1	73	2.871	0.428	28.968	2.302	1.0	1.0
22	1	70	2.226	0.805	32.065	2.097	1.0	1.0
22	1	67	1.323	0.599	35.933	2.586	0.968	0.968
22	1	64	0.839	0.638	38.727	3.978	0.71	0.71
22	1	61	0.067	0.254	45.667	4.726	0.065	0.097
22	1	58	0.0	0.0	nan	nan	0.0	0.0
22	1	55	0.0	0.0	nan	nan	0.0	0.0
22	1	52	0.0	0.0	nan	nan	0.0	0.0
22	1	49	0.0	0.0	nan	nan	0.0	0.0
22	1	46	0.0	0.0	nan	nan	0.0	0.0
22	1	43	0.0	0.0	nan	nan	0.0	0.0
22	1	40	0.0	0.0	nan	nan	0.0	0.0
23	1	97	3.968	0.18	17.258	0.514	1.0	1.0
23	1	94	3.516	0.724	17.903	0.651	1.0	1.0
23	1	91	2.871	0.806	18.29	0.693	1.0	1.0
23	1	88	2.419	0.672	18.774	0.717	1.0	1.0
23	1	85	2.065	0.25	19.806	0.833	1.0	1.0
23	1	82	2.032	0.18	20.194	0.749	1.0	1.0
23	1	79	2.0	0.0	21.323	0.791	1.0	1.0
23	1	76	1.968	0.18	22.677	0.791	1.0	1.0
23	1	73	1.935	0.25	23.581	1.025	1.0	1.0
23	1	70	1.323	0.541	25.1	1.296	0.968	0.968
23	1	67	1.097	0.473	26.966	1.742	0.935	0.935
23	1	64	0.571	0.573	31.389	3.109	0.484	0.581
23	1	61	0.065	0.25	29.5	0.707	0.065	0.065
23	1	58	0.0	0.0	nan	nan	0.0	0.0
23	1	55	0.0	0.0	nan	nan	0.0	0.0
23	1	52	0.0	0.0	nan	nan	0.0	0.0
23	1	49	0.0	0.0	nan	nan	0.0	0.0
23	1	46	0.0	0.0	nan	nan	0.0	0.0
23	1	43	0.0	0.0	nan	nan	0.0	0.0
23	1	40	0.0	0.0	nan	nan	0.0	0.0
24	1	97	3.323	0.475	18.484	0.508	1.0	1.0
24	1	94	3.0	0.0	19.194	0.477	1.0	1.0
24	1	91	2.774	0.497	19.677	0.791	1.0	1.0
24	1	88	2.419	0.502	20.161	0.969	1.0	1.0
24	1	85	2.161	0.374	21.258	0.93	1.0	1.0
24	1	82	2.0	0.0	22.0	0.931	1.0	1.0
24	1	79	2.0	0.0	23.387	0.955	1.0	1.0
24	1	76	1.968	0.18	24.419	1.455	1.0	1.0
24	1	73	1.839	0.374	25.484	1.262	1.0	1.0
24	1	70	1.31	0.541	29.933	3.868	0.903	0.968
24	1	67	1.077	0.744	31.88	3.073	0.645	0.806
24	1	64	0.071	0.262	33.4	2.408	0.065	0.161
24	1	61	0.0	0.0	nan	nan	0.0	0.0
24	1	58	0.0	0.0	nan	nan	0.0	0.0
24	1	55	0.0	0.0	nan	nan	0.0	0.0
24	1	52	0.0	0.0	nan	nan	0.0	0.0
24	1	49	0.0	0.0	nan	nan	0.0	0.0
24	1	46	0.0	0.0	nan	nan	0.0	0.0
24	1	43	0.0	0.0	nan	nan	0.0	0.0
24	1	40	0.0	0.0	nan	nan	0.0	0.0
25	1	97	3.0	0.258	17.258	0.575	1.0	1.0
25	1	94	2.613	0.495	17.935	0.574	1.0	1.0
25	1	91	2.29	0.461	18.452	0.568	1.0	1.0
25	1	88	2.226	0.425	18.71	0.643	1.0	1.0
25	1	85	1.968	0.18	19.645	0.551	1.0	1.0
25	1	82	1.903	0.301	20.968	0.912	1.0	1.0
25	1	79	1.452	0.506	21.645	1.279	1.0	1.0
25	1	76	1.161	0.374	23.194	1.4	1.0	1.0
25	1	73	1.065	0.25	24.71	1.243	1.0	1.0
25	1	70	0.968	0.18	25.667	2.564	0.968	0.968
25	1	67	0.667	0.479	28.286	2.952	0.645	0.677
25	1	64	0.065	0.25	28.0	0.0	0.065	0.065
25	1	61	0.0	0.0	nan	nan	0.0	0.0
25	1	58	0.0	0.0	nan	nan	0.0	0.0
25	1	55	0.0	0.0	nan	nan	0.0	0.0
25	1	52	0.0	0.0	nan	nan	0.0	0.0
25	1	49	0.0	0.0	nan	nan	0.0	0.0
25	1	46	0.0	0.0	nan	nan	0.0	0.0
25	1	43	0.0	0.0	nan	nan	0.0	0.0
25	1	40	0.0	0.0	nan	nan	0.0	0.0
26	1	97	4.0	0.0	20.839	0.779	1.0	1.0
26	1	94	3.968	0.18	21.742	0.682	1.0	1.0
26	1	91	3.774	0.425	22.516	0.962	1.0	1.0
26	1	88	3.677	0.475	23.161	0.934	1.0	1.0
26	1	85	3.194	0.402	24.226	0.956	1.0	1.0
26	1	82	3.0	0.0	25.742	1.064	1.0	1.0
26	1	79	3.0	0.0	26.645	1.142	1.0	1.0
26	1	76	2.968	0.18	28.548	1.823	1.0	1.0
26	1	73	2.742	0.445	31.516	2.475	1.0	1.0
26	1	70	1.71	0.739	34.161	2.267	1.0	1.0
26	1	67	1.233	0.626	38.133	3.711	0.935	0.968
26	1	64	0.3	0.466	41.6	2.951	0.29	0.323
26	1	61	0.0	0.0	nan	nan	0.0	0.0
26	1	58	0.0	0.0	nan	nan	0.0	0.0
26	1	55	0.0	0.0	nan	nan	0.0	0.0
26	1	52	0.0	0.0	nan	nan	0.0	0.0
26	1	49	0.0	0.0	nan	nan	0.0	0.0
26	1	46	0.0	0.0	nan	nan	0.0	0.0
26	1	43	0.0	0.0	nan	nan	0.0	0.0
26	1	40	0.0	0.0	nan	nan	0.0	0.0
27	1	97	3.677	0.475	19.548	0.723	1.0	1.0
27	1	94	3.387	0.495	20.161	0.86	1.0	1.0
27	1	91	3.258	0.445	20.548	0.961	1.0	1.0
27	1	88	3.0	0.0	21.387	0.761	1.0	1.0
27	1	85	2.968	0.18	22.065	0.727	1.0	1.0
27	1	82	2.742	0.445	23.065	0.854	1.0	1.0
27	1	79	2.387	0.495	24.0	0.966	1.0	1.0
27	1	76	2.097	0.301	25.484	0.962	1.0	1.0
27	1	73	2.065	0.25	27.065	1.632	1.0	1.0
27	1	70	1.967	0.183	29.71	2.369	0.968	1.0
27	1	67	0.522	0.846	34.8	3.468	0.226	0.484
27	1	64	0.069	0.371	36.667	3.786	0.032	0.097
27	1	61	0.0	0.0	nan	nan	0.0	0.0
27	1	58	0.0	0.0	nan	nan	0.0	0.0
27	1	55	0.0	0.0	nan	nan	0.0	0.0
27	1	52	0.0	0.0	nan	nan	0.0	0.0
27	1	49	0.0	0.0	nan	nan	0.0	0.0
27	1	46	0.0	0.0	nan	nan	0.0	0.0
27	1	43	0.0	0.0	nan	nan	0.0	0.0
27	1	40	0.0	0.0	nan	nan	0.0	0.0
28	1	97	4.548	0.506	17.032	0.407	1.0	1.0
28	1	94	3.968	0.547	17.677	0.475	1.0	1.0
28	1	91	3.516	0.508	18.194	0.477	1.0	1.0
28	1	88	3.097	0.301	19.065	0.854	1.0	1.0
28	1	85	2.871	0.341	19.71	0.783	1.0	1.0
28	1	82	2.484	0.508	20.581	1.089	1.0	1.0
28	1	79	2.161	0.374	21.516	1.092	1.0	1.0
28	1	76	2.032	0.18	22.71	1.346	1.0	1.0
28	1	73	1.935	0.25	24.194	1.4	1.0	1.0
28	1	70	1.871	0.341	25.806	2.088	1.0	1.0
28	1	67	0.808	0.567	30.542	3.575	0.613	0.774
28	1	64	0.115	0.431	34.143	1.864	0.065	0.226
28	1	61	0.0	0.0	nan	nan	0.0	0.0
28	1	58	0.0	0.0	nan	nan	0.0	0.0
28	1	55	0.0	0.0	nan	nan	0.0	0.0
28	1	52	0.0	0.0	nan	nan	0.0	0.0
28	1	49	0.0	0.0	nan	nan	0.0	0.0
28	1	46	0.0	0.0	nan	nan	0.0	0.0
28	1	43	0.0	0.0	nan	nan	0.0	0.0
28	1	40	0.0	0.0	nan	nan	0.0	0.0
29	1	97	3.871	0.806	18.29	0.643	1.0	1.0
29	1	94	3.129	0.341	18.935	0.629	1.0	1.0
29	1	91	3.0	0.0	19.677	0.653	1.0	1.0
29	1	88	3.0	0.0	20.452	0.568	1.0	1.0
29	1	85	3.0	0.0	21.71	0.693	1.0	1.0
29	1	82	2.968	0.18	22.742	1.264	1.0	1.0
29	1	79	2.645	0.486	23.677	1.249	1.0	1.0
29	1	76	2.258	0.445	24.581	0.886	1.0	1.0
29	1	73	2.0	0.0	27.355	1.799	1.0	1.0
29	1	70	1.968	0.18	29.935	2.489	1.0	1.0
29	1	67	1.533	0.629	33.655	2.303	0.903	0.935
29	1	64	0.677	0.748	36.25	3.531	0.516	0.516
29	1	61	0.033	0.183	38.5	3.536	0.032	0.065
29	1	58	0.0	0.0	nan	nan	0.0	0.0
29	1	55	0.0	0.0	nan	nan	0.0	0.0
29	1	52	0.0	0.0	nan	nan	0.0	0.0
29	1	49	0.0	0.0	nan	nan	0.0	0.0
29	1	46	0.0	0.0	nan	nan	0.0	0.0
29	1	43	0.0	0.0	nan	nan	0.0	0.0
29	1	40	0.0	0.0	nan	nan	0.0	0.0
30	1	97	3.032	0.18	19.806	0.654	1.0	1.0
30	1	94	3.0	0.0	20.355	0.608	1.0	1.0
30	1	91	3.0	0.0	20.613	0.715	1.0	1.0
30	1	88	2.935	0.25	21.839	0.969	1.0	1.0
30	1	85	2.613	0.495	22.774	0.717	1.0	1.0
30	1	82	2.548	0.506	23.968	1.169	1.0	1.0
30	1	79	2.129	0.341	25.0	1.211	1.0	1.0
30	1	76	2.0	0.0	26.806	1.99	1.0	1.0
30	1	73	1.968	0.18	28.226	2.348	1.0	1.0
30	1	70	1.897	0.409	31.8	1.71	0.903	0.968
30	1	67	1.28	0.891	33.708	2.51	0.581	0.774
30	1	64	0.103	0.409	37.5	5.568	0.065	0.129
30	1	61	0.0	0.0	nan	nan	0.0	0.0
30	1	58	0.0	0.0	nan	nan	0.0	0.0
30	1	55	0.0	0.0	nan	nan	0.0	0.0
30	1	52	0.0	0.0	nan	nan	0.0	0.0
30	1	49	0.0	0.0	nan	nan	0.0	0.0
30	1	46	0.0	0.0	nan	nan	0.0	0.0
30	1	43	0.0	0.0	nan	nan	0.0	0.0
30	1	40	0.0	0.0	nan	nan	0.0	0.0
31	1	97	3.129	0.341	19.0	0.775	1.0	1.0
31	1	94	2.935	0.25	19.548	0.768	1.0	1.0
31	1	91	2.677	0.475	20.387	0.761	1.0	1.0
31	1	88	2.29	0.461	21.194	0.792	1.0	1.0
31	1	85	2.065	0.25	22.355	0.95	1.0	1.0
31	1	82	2.0	0.0	23.581	1.285	1.0	1.0
31	1	79	2.0	0.0	24.516	1.061	1.0	1.0
31	1	76	2.0	0.0	25.806	1.515	1.0	1.0
31	1	73	1.903	0.301	27.677	2.286	1.0	1.0
31	1	70	1.704	0.542	31.1	3.346	0.839	0.968
31	1	67	0.944	0.873	34.25	2.111	0.355	0.774
31	1	64	0.034	0.186	36.667	2.082	0.032	0.097
31	1	61	0.0	0.0	nan	nan	0.0	0.0
31	1	58	0.0	0.0	nan	nan	0.0	0.0
31	1	55	0.0	0.0	nan	nan	0.0	0.0
31	1	52	0.0	0.0	nan	nan	0.0	0.0
31	1	49	0.0	0.0	nan	nan	0.0	0.0
31	1	46	0.0	0.0	nan	nan	0.0	0.0
31	1	43	0.0	0.0	nan	nan	0.0	0.0
31	1	40	0.0	0.0	nan	nan	0.0	0.0
0	2	97	4.065	0.359	18.968	0.482	1.0	1.0
0	2	94	3.968	0.407	19.484	0.851	1.0	1.0
0	2	91	3.355	0.486	20.516	0.769	1.0	1.0
0	2	88	3.194	0.402	21.194	0.946	1.0	1.0
0	2	85	3.0	0.0	22.548	0.85	1.0	1.0
0	2	82	3.0	0.0	23.613	1.145	1.0	1.0
0	2	79	2.968	0.18	24.806	1.046	1.0	1.0
0	2	76	2.806	0.402	26.548	1.546	1.0	1.0
0	2	73	2.419	0.502	29.0	2.408	1.0	1.0
0	2	70	1.903	0.301	31.71	2.411	1.0	1.0
0	2	67	1.258	0.575	35.414	2.212	0.935	0.935
0	2	64	0.655	0.484	40.048	2.578	0.613	0.677
0	2	61	0.0	0.0	nan	nan	0.0	0.0
0	2	58	0.0	0.0	nan	nan	0.0	0.0
0	2	55	0.0	0.0	nan	nan	0.0	0.0
0	2	52	0.0	0.0	nan	nan	0.0	0.0
0	2	49	0.0	0.0	nan	nan	0.0	0.0
0	2	46	0.0	0.0	nan	nan	0.0	0.0
0	2	43	0.0	0.0	nan	nan	0.0	0.0
0	2	40	0.0	0.0	nan	nan	0.0	0.0
1	2	97	3.065	0.359	17.323	0.475	1.0	1.0
1	2	94	2.774	0.497	17.935	0.629	1.0	1.0
1	2	91	2.548	0.568	18.548	0.925	1.0	1.0
1	2	88	2.032	0.18	19.065	0.512	1.0	1.0
1	2	85	2.032	0.18	19.677	1.045	1.0	1.0
1	2	82	1.968	0.18	20.516	0.962	1.0	1.0
1	2	79	1.903	0.301	21.516	0.962	1.0	1.0
1	2	76	1.452	0.506	23.129	1.176	1.0	1.0
1	2	73	1.129	0.341	24.581	1.089	1.0	1.0
1	2	70	0.968	0.18	26.667	1.953	0.968	0.968
1	2	67	0.321	0.476	30.167	3.614	0.29	0.387
1	2	64	0.129	0.341	30.0	2.944	0.129	0.129
1	2	61	0.0	0.0	nan	nan	0.0	0.0
1	2	58	0.0	0.0	nan	nan	0.0	0.0
1	2	55	0.0	0.0	nan	nan	0.0	0.0
1	2	52	0.0	0.0	nan	nan	0.0	0.0
1	2	49	0.0	0.0	nan	nan	0.0	0.0
1	2	46	0.0	0.0	nan	nan	0.0	0.0
1	2	43	0.0	0.0	nan	nan	0.0	0.0
1	2	40	0.0	0.0	nan	nan	0.0	0.0
2	2	97	3.613	0.558	17.903	0.539	1.0	1.0
2	2	94	3.161	0.688	18.29	0.739	1.0	1.0
2	2	91	2.387	0.615	18.774	0.56	1.0	1.0
2	2	88	2.129	0.341	19.387	0.761	1.0	1.0
2	2	85	2.032	0.18	20.323	0.871	1.0	1.0
2	2	82	2.0	0.0	21.452	0.995	1.0	1.0
2	2	79	1.935	0.25	22.194	1.276	1.0	1.0
2	2	76	2.0	0.0	23.387	1.086	1.0	1.0
2	2	73	1.581	0.502	24.968	1.08	1.0	1.0
2	2	70	1.034	0.499	28.464	2.575	0.839	0.903
2	2	67	0.586	0.501	30.632	2.91	0.548	0.613
2	2	64	0.032	0.18	33.0	0.0	0.032	0.032
2	2	61	0.032	0.18	28.0	0.0	0.032	0.032
2	2	58	0.0	0.0	nan	nan	0.0	0.0
2	2	55	0.0	0.0	nan	nan	0.0	0.0
2	2	52	0.0	0.0	nan	nan	0.0	0.0
2	2	49	0.0	0.0	nan	nan	0.0	0.0
2	2	46	0.0	0.0	nan	nan	0.0	0.0
2	2	43	0.0	0.0	nan	nan	0.0	0.0
2	2	40	0.0	0.0	nan	nan	0.0	0.0
3	2	97	3.548	0.506	18.29	0.938	1.0	1.0
3	2	94	3.226	0.425	18.742	0.682	1.0	1.0
3	2	91	3.032	0.18	19.355	0.709	1.0	1.0
3	2	88	2.71	0.461	19.903	0.651	1.0	1.0
3	2	85	2.452	0.506	20.968	0.706	1.0	1.0
3	2	82	2.323	0.475	21.581	0.958	1.0	1.0
3	2	79	2.065	0.25	22.839	1.068	1.0	1.0
3	2	76	2.0	0.0	24.129	1.088	1.0	1.0
3	2	73	2.0	0.0	25.677	1.326	1.0	1.0
3	2	70	1.935	0.25	26.903	2.271	1.0	1.0
3	2	67	1.552	0.686	31.179	3.244	0.839	0.903
3	2	64	0.241	0.511	33.25	1.165	0.194	0.258
3	2	61	0.0	0.0	nan	nan	0.0	0.0
3	2	58	0.0	0.0	nan	nan	0.0	0.0
3	2	55	0.0	0.0	nan	nan	0.0	0.0
3	2	52	0.0	0.0	nan	nan	0.0	0.0
3	2	49	0.0	0.0	nan	nan	0.0	0.0
3	2	46	0.0	0.0	nan	nan	0.0	0.0
3	2	43	0.0	0.0	nan	nan	0.0	0.0
3	2	40	0.0	0.0	nan	nan	0.0	0.0
4	2	97	3.581	0.72	19.032	0.706	1.0	1.0
4	2	94	3.129	0.341	19.516	0.724	1.0	1.0
4	2	91	3.0	0.0	20.065	0.814	1.0	1.0
4	2	88	3.0	0.0	20.968	0.795	1.0	1.0
4	2	85	2.968	0.18	22.226	0.956	1.0	1.0
4	2	82	2.903	0.301	23.29	0.973	1.0	1.0
4	2	79	2.581	0.502	24.774	1.023	1.0	1.0
4	2	76	2.29	0.461	25.677	1.351	1.0	1.0
4	2	73	1.968	0.18	28.323	2.372	1.0	1.0
4	2	70	1.903	0.301	31.129	3.243	1.0	1.0
4	2	67	1.323	0.702	34.0	3.573	0.871	0.871
4	2	64	0.613	0.715	36.133	2.642	0.484	0.484
4	2	61	0.032	0.18	36.0	0.0	0.032	0.032
4	2	58	0.0	0.0	nan	nan	0.0	0.0
4	2	55	0.0	0.0	nan	nan	0.0	0.0
4	2	52	0.0	0.0	nan	nan	0.0	0.0
4	2	49	0.0	0.0	nan	nan	0.0	0.0
4	2	46	0.0	0.0	nan	nan	0.0	0.0
4	2	43	0.0	0.0	nan	nan	0.0	0.0
4	2	40	0.0	0.0	nan	nan	0.0	0.0
5	2	97	3.161	0.374	18.742	0.631	1.0	1.0
5	2	94	3.0	0.0	19.516	0.626	1.0	1.0
5	2	91	3.0	0.0	19.968	0.836	1.0	1.0
5	2	88	3.0	0.0	21.258	0.815	1.0	1.0
5	2	85	2.935	0.25	22.258	0.965	1.0	1.0
5	2	82	2.806	0.402	23.419	0.886	1.0	1.0
5	2	79	2.387	0.495	24.323	1.166	1.0	1.0
5	2	76	2.065	0.25	25.871	1.335	1.0	1.0
5	2	73	1.968	0.18	29.097	2.256	1.0	1.0
5	2	70	1.867	0.346	32.258	2.989	0.968	1.0
5	2	67	1.0	0.667	36.68	3.739	0.71	0.806
5	2	64	0.129	0.341	36.0	0.816	0.129	0.129
5	2	61	0.0	0.0	nan	nan	0.0	0.0
5	2	58	0.0	0.0	nan	nan	0.0	0.0
5	2	55	0.0	0.0	nan	nan	0.0	0.0
5	2	52	0.0	0.0	nan	nan	0.0	0.0
5	2	49	0.0	0.0	nan	nan	0.0	0.0
5	2	46	0.0	0.0	nan	nan	0.0	0.0
5	2	43	0.0	0.0	nan	nan	0.0	0.0
5	2	40	0.0	0.0	nan	nan	0.0	0.0
6	2	97	3.032	0.18	19.452	0.568	1.0	1.0
6	2	94	3.0	0.0	20.29	0.643	1.0	1.0
6	2	91	3.0	0.0	20.871	0.806	1.0	1.0
6	2	88	3.0	0.0	22.065	0.727	1.0	1.0
6	2	85	2.968	0.18	22.581	0.992	1.0	1.0
6	2	82	2.677	0.475	23.871	0.846	1.0	1.0
6	2	79	2.194	0.402	25.29	0.902	1.0	1.0
6	2	76	2.0	0.0	26.839	1.416	1.0	1.0
6	2	73	2.0	0.0	29.161	1.968	1.0	1.0
6	2	70	1.806	0.402	32.516	2.379	1.0	1.0
6	2	67	0.933	0.64	36.708	2.726	0.742	0.774
6	2	64	0.31	0.604	37.222	3.346	0.226	0.29
6	2	61	0.0	0.0	nan	nan	0.0	0.0
6	2	58	0.0	0.0	nan	nan	0.0	0.0
6	2	55	0.0	0.0	nan	nan	0.0	0.0
6	2	52	0.0	0.0	nan	nan	0.0	0.0
6	2	49	0.0	0.0	nan	nan	0.0	0.0
6	2	46	0.0	0.0	nan	nan	0.0	0.0
6	2	43	0.0	0.0	nan	nan	0.0	0.0
6	2	40	0.0	0.0	nan	nan	0.0	0.0
7	2	97	3.774	0.425	17.968	0.605	1.0	1.0
7	2	94	3.161	0.454	18.613	0.558	1.0	1.0
7	2	91	2.742	0.575	19.226	0.762	1.0	1.0
7	2	88	2.548	0.506	19.677	0.748	1.0	1.0
7	2	85	2.097	0.301	21.161	1.036	1.0	1.0
7	2	82	2.032	0.18	22.258	0.815	1.0	1.0
7	2	79	2.0	0.0	22.968	0.752	1.0	1.0
7	2	76	1.935	0.25	24.452	1.06	1.0	1.0
7	2	73	1.8	0.407	26.161	2.325	0.968	1.0
7	2	70	1.3	0.651	28.857	3.274	0.871	0.903
7	2	67	0.615	0.637	31.895	3.828	0.452	0.613
7	2	64	0.033	0.183	31.5	4.95	0.032	0.065
7	2	61	0.0	0.0	nan	nan	0.0	0.0
7	2	58	0.0	0.0	nan	nan	0.0	0.0
7	2	55	0.0	0.0	nan	nan	0.0	0.0
7	2	52	0.0	0.0	nan	nan	0.0	0.0
7	2	49	0.0	0.0	nan	nan	0.0	0.0
7	2	46	0.0	0.0	nan	nan	0.0	0.0
7	2	43	0.0	0.0	nan	nan	0.0	0.0
7	2	40	0.0	0.0	nan	nan	0.0	0.0
8	2	97	3.871	0.341	17.613	0.615	1.0	1.0
8	2	94	3.548	0.506	18.097	0.473	1.0	1.0
8	2	91	3.097	0.473	18.581	0.564	1.0	1.0
8	2	88	2.581	0.564	19.097	0.7	1.0	1.0
8	2	85	2.194	0.402	19.871	0.922	1.0	1.0
8	2	82	2.032	0.18	20.839	0.969	1.0	1.0
8	2	79	2.0	0.0	21.677	1.013	1.0	1.0
8	2	76	2.0	0.0	23.355	1.33	1.0	1.0
8	2	73	1.871	0.341	24.29	1.101	1.0	1.0
8	2	70	1.548	0.506	26.29	1.901	1.0	1.0
8	2	67	1.103	0.489	29.034	2.994	0.871	0.935
8	2	64	0.25	0.518	32.778	2.386	0.194	0.29
8	2	61	0.0	0.0	nan	nan	0.0	0.0
8	2	58	0.0	0.0	nan	nan	0.0	0.0
8	2	55	0.0	0.0	nan	nan	0.0	0.0
8	2	52	0.0	0.0	nan	nan	0.0	0.0
8	2	49	0.0	0.0	nan	nan	0.0	0.0
8	2	46	0.0	0.0	nan	nan	0.0	0.0
8	2	43	0.0	0.0	nan	nan	0.0	0.0
8	2	40	0.0	0.0	nan	nan	0.0	0.0
9	2	97	4.161	0.374	19.355	0.877	1.0	1.0
9	2	94	3.968	0.18	19.839	0.86	1.0	1.0
9	2	91	3.774	0.425	20.548	0.888	1.0	1.0
9	2	88	3.548	0.506	21.323	1.137	1.0	1.0
9	2	85	3.194	0.402	22.161	1.036	1.0	1.0
9	2	82	3.0	0.258	23.0	0.966	1.0	1.0
9	2	79	2.839	0.374	24.129	1.088	1.0	1.0
9	2	76	2.645	0.551	25.452	1.179	1.0	1.0
9	2	73	2.258	0.445	26.871	1.688	1.0	1.0
9	2	70	2.103	0.31	29.742	3.336	0.935	1.0
9	2	67	1.452	0.768	33.107	2.82	0.903	0.903
9	2	64	0.63	0.742	35.882	3.12	0.419	0.548
9	2	61	0.0	0.0	nan	nan	0.0	0.0
9	2	58	0.0	0.0	nan	nan	0.0	0.0
9	2	55	0.0	0.0	nan	nan	0.0	0.0
9	2	52	0.0	0.0	nan	nan	0.0	0.0
9	2	49	0.0	0.0	nan	nan	0.0	0.0
9	2	46	0.0	0.0	nan	nan	0.0	0.0
9	2	43	0.0	0.0	nan	nan	0.0	0.0
9	2	40	0.0	0.0	nan	nan	0.0	0.0
10	2	97	3.548	0.506	19.935	0.854	1.0	1.0
10	2	94	3.29	0.461	20.419	0.848	1.0	1.0
10	2	91	3.0	0.0	20.968	0.752	1.0	1.0
10	2	88	3.0	0.258	22.0	0.966	1.0	1.0
10	2	85	2.839	0.374	22.484	0.962	1.0	1.0
10	2	82	2.613	0.495	23.839	1.293	1.0	1.0
10	2	79	2.29	0.461	25.323	1.249	1.0	1.0
10	2	76	2.161	0.374	26.677	1.759	1.0	1.0
10	2	73	2.065	0.25	28.0	1.77	1.0	1.0
10	2	70	1.821	0.548	31.448	2.848	0.839	0.935
10	2	67	1.036	0.881	34.619	3.626	0.581	0.677
10	2	64	0.138	0.441	36.2	3.271	0.097	0.161
10	2	61	0.0	0.0	nan	nan	0.0	0.0
10	2	58	0.0	0.0	nan	nan	0.0	0.0
10	2	55	0.0	0.0	nan	nan	0.0	0.0
10	2	52	0.0	0.0	nan	nan	0.0	0.0
10	2	49	0.0	0.0	nan	nan	0.0	0.0
10	2	46	0.0	0.0	nan	nan	0.0	0.0
10	2	43	0.0	0.0	nan	nan	0.0	0.0
10	2	40	0.0	0.0	nan	nan	0.0	0.0
11	2	97	3.839	0.374	17.774	0.497	1.0	1.0
11	2	94	2.839	0.735	18.387	0.558	1.0	1.0
11	2	91	2.29	0.461	18.806	0.601	1.0	1.0
11	2	88	2.097	0.301	19.387	0.844	1.0	1.0
11	2	85	2.0	0.0	20.29	0.783	1.0	1.0
11	2	82	2.0	0.0	21.097	0.79	1.0	1.0
11	2	79	1.968	0.18	22.677	1.222	1.0	1.0
11	2	76	1.871	0.341	23.645	1.199	1.0	1.0
11	2	73	1.71	0.461	24.935	1.692	1.0	1.0
11	2	70	1.4	0.498	27.419	2.446	0.968	1.0
11	2	67	0.75	0.441	30.333	2.973	0.677	0.774
11	2	64	0.033	0.183	32.5	3.536	0.032	0.065
11	2	61	0.0	0.0	nan	nan	0.0	0.0
11	2	58	0.0	0.0	nan	nan	0.0	0.0
11	2	55	0.0	0.0	nan	nan	0.0	0.0
11	2	52	0.0	0.0	nan	nan	0.0	0.0
11	2	49	0.0	0.0	nan	nan	0.0	0.0
11	2	46	0.0	0.0	nan	nan	0.0	0.0
11	2	43	0.0	0.0	nan	nan	0.0	0.0
11	2	40	0.0	0.0	nan	nan	0.0	0.0
12	2	97	3.968	0.18	20.323	0.909	1.0	1.0
12	2	94	3.935	0.25	20.839	0.86	1.0	1.0
12	2	91	3.484	0.508	21.839	0.934	1.0	1.0
12	2	88	3.194	0.402	22.452	0.81	1.0	1.0
12	2	85	3.0	0.0	24.161	1.186	1.0	1.0
12	2	82	3.0	0.0	25.032	0.912	1.0	1.0
12	2	79	2.968	0.18	26.194	1.014	1.0	1.0
12	2	76	2.71	0.461	27.387	1.43	1.0	1.0
12	2	73	2.548	0.624	29.677	2.257	1.0	1.0
12	2	70	2.0	0.365	31.806	1.905	1.0	1.0
12	2	67	1.226	0.425	35.71	2.397	1.0	1.0
12	2	64	0.333	0.48	38.615	3.404	0.29	0.419
12	2	61	0.0	0.0	nan	nan	0.0	0.0
12	2	58	0.0	0.0	nan	nan	0.0	0.0
12	2	55	0.0	0.0	nan	nan	0.0	0.0
12	2	52	0.0	0.0	nan	nan	0.0	0.0
12	2	49	0.0	0.0	nan	nan	0.0	0.0
12	2	46	0.0	0.0	nan	nan	0.0	0.0
12	2	43	0.0	0.0	nan	nan	0.0	0.0
12	2	40	0.0	0.0	nan	nan	0.0	0.0
13	2	97	4.839	0.523	17.806	0.654	1.0	1.0
13	2	94	4.097	0.79	18.387	0.844	1.0	1.0
13	2	91	3.71	0.693	18.903	0.831	1.0	1.0
13	2	88	3.161	0.374	19.452	0.768	1.0	1.0
13	2	85	3.129	0.428	20.0	0.856	1.0	1.0
13	2	82	2.871	0.341	21.258	0.999	1.0	1.0
13	2	79	2.774	0.425	22.452	0.888	1.0	1.0
13	2	76	2.581	0.502	23.613	1.174	1.0	1.0
13	2	73	2.226	0.425	25.065	1.389	1.0	1.0
13	2	70	2.065	0.359	26.613	1.726	1.0	1.0
13	2	67	1.643	0.621	30.517	3.377	0.839	0.935
13	2	64	0.917	1.018	33.947	4.441	0.387	0.613
13	2	61	0.1	0.305	35.75	3.594	0.097	0.129
13	2	58	0.0	0.0	nan	nan	0.0	0.0
13	2	55	0.0	0.0	nan	nan	0.0	0.0
13	2	52	0.0	0.0	nan	nan	0.0	0.0
13	2	49	0.0	0.0	nan	nan	0.0	0.0
13	2	46	0.0	0.0	nan	nan	0.0	0.0
13	2	43	0.0	0.0	nan	nan	0.0	0.0
13	2	40	0.0	0.0	nan	nan	0.0	0.0
14	2	97	3.516	0.508	17.161	0.374	1.0	1.0
14	2	94	3.226	0.425	17.581	0.502	1.0	1.0
14	2	91	2.452	0.506	18.323	0.541	1.0	1.0
14	2	88	2.29	0.461	18.613	0.667	1.0	1.0
14	2	85	2.097	0.301	19.258	0.773	1.0	1.0
14	2	82	2.032	0.18	20.0	0.894	1.0	1.0
14	2	79	1.935	0.25	20.903	1.106	1.0	1.0
14	2	76	1.742	0.445	22.387	1.116	1.0	1.0
14	2	73	1.226	0.425	23.419	1.361	1.0	1.0
14	2	70	1.033	0.183	25.903	3.059	0.968	1.0
14	2	67	0.5	0.509	27.812	2.762	0.484	0.516
14	2	64	0.034	0.186	34.0	2.646	0.032	0.097
14	2	61	0.0	0.0	nan	nan	0.0	0.0
14	2	58	0.0	0.0	nan	nan	0.0	0.0
14	2	55	0.0	0.0	nan	nan	0.0	0.0
14	2	52	0.0	0.0	nan	nan	0.0	0.0
14	2	49	0.0	0.0	nan	nan	0.0	0.0
14	2	46	0.0	0.0	nan	nan	0.0	0.0
14	2	43	0.0	0.0	nan	nan	0.0	0.0
14	2	40	0.0	0.0	nan	nan	0.0	0.0
15	2	97	3.645	0.486	19.903	0.7	1.0	1.0
15	2	94	3.097	0.301	20.548	0.925	1.0	1.0
15	2	91	3.0	0.0	21.645	0.798	1.0	1.0
15	2	88	3.0	0.0	22.097	0.944	1.0	1.0
15	2	85	3.0	0.0	23.677	0.909	1.0	1.0
15	2	82	2.839	0.374	24.258	0.773	1.0	1.0
15	2	79	2.548	0.506	25.581	0.923	1.0	1.0
15	2	76	2.194	0.402	27.677	1.469	1.0	1.0
15	2	73	2.0	0.0	29.581	1.669	1.0	1.0
15	2	70	1.677	0.475	32.903	2.119	1.0	1.0
15	2	67	1.1	0.548	36.679	3.244	0.871	0.903
15	2	64	0.167	0.461	38.6	4.393	0.129	0.161
15	2	61	0.0	0.0	nan	nan	0.0	0.0
15	2	58	0.0	0.0	nan	nan	0.0	0.0
15	2	55	0.0	0.0	nan	nan	0.0	0.0
15	2	52	0.0	0.0	nan	nan	0.0	0.0
15	2	49	0.0	0.0	nan	nan	0.0	0.0
15	2	46	0.0	0.0	nan	nan	0.0	0.0
15	2	43	0.0	0.0	nan	nan	0.0	0.0
15	2	40	0.0	0.0	nan	nan	0.0	0.0
16	2	97	3.903	0.301	19.742	0.631	1.0	1.0
16	2	94	3.677	0.475	20.419	0.62	1.0	1.0
16	2	91	3.226	0.425	21.258	0.773	1.0	1.0
16	2	88	3.0	0.0	22.065	0.814	1.0	1.0
16	2	85	3.0	0.0	23.065	0.964	1.0	1.0
16	2	82	3.0	0.0	24.0	1.0	1.0	1.0
16	2	79	3.0	0.0	25.29	0.938	1.0	1.0
16	2	76	2.677	0.475	26.645	1.45	1.0	1.0
16	2	73	2.29	0.529	30.161	2.672	1.0	1.0
16	2	70	1.839	0.523	33.29	2.466	1.0	1.0
16	2	67	0.968	0.547	36.615	2.94	0.839	0.839
16	2	64	0.2	0.407	40.714	2.812	0.194	0.226
16	2	61	0.0	0.0	nan	nan	0.0	0.0
16	2	58	0.0	0.0	nan	nan	0.0	0.0
16	2	55	0.0	0.0	nan	nan	0.0	0.0
16	2	52	0.0	0.0	nan	nan	0.0	0.0
16	2	49	0.0	0.0	nan	nan	0.0	0.0
16	2	46	0.0	0.0	nan	nan	0.0	0.0
16	2	43	0.0	0.0	nan	nan	0.0	0.0
16	2	40	0.0	0.0	nan	nan	0.0	0.0
17	2	97	3.935	0.68	18.419	0.564	1.0	1.0
17	2	94	3.129	0.428	19.065	0.574	1.0	1.0
17	2	91	3.065	0.25	19.613	0.715	1.0	1.0
17	2	88	3.0	0.0	20.871	0.922	1.0	1.0
17	2	85	3.0	0.0	21.71	0.824	1.0	1.0
17	2	82	2.968	0.18	22.516	1.092	1.0	1.0
17	2	79	2.742	0.445	24.032	0.983	1.0	1.0
17	2	76	2.548	0.568	25.226	1.944	1.0	1.0
17	2	73	2.032	0.18	26.871	1.522	1.0	1.0
17	2	70	1.935	0.359	30.935	3.577	1.0	1.0
17	2	67	1.467	0.629	34.724	3.807	0.903	0.935
17	2	64	0.133	0.346	39.2	4.147	0.129	0.161
17	2	61	0.0	0.0	nan	nan	0.0	0.0
17	2	58	0.0	0.0	nan	nan	0.0	0.0
17	2	55	0.0	0.0	nan	nan	0.0	0.0
17	2	52	0.0	0.0	nan	nan	0.0	0.0
17	2	49	0.0	0.0	nan	nan	0.0	0.0
17	2	46	0.0	0.0	nan	nan	0.0	0.0
17	2	43	0.0	0.0	nan	nan	0.0	0.0
17	2	40	0.0	0.0	nan	nan	0.0	0.0
18	2	97	3.774	0.425	17.968	0.547	1.0	1.0
18	2	94	3.258	0.445	18.452	0.568	1.0	1.0
18	2	91	3.065	0.359	19.29	0.783	1.0	1.0
18	2	88	2.839	0.374	19.871	0.885	1.0	1.0
18	2	85	2.581	0.502	21.065	0.892	1.0	1.0
18	2	82	2.548	0.506	21.774	0.884	1.0	1.0
18	2	79	2.065	0.25	23.226	1.257	1.0	1.0
18	2	76	2.032	0.18	24.129	1.384	1.0	1.0
18	2	73	1.903	0.301	25.516	1.48	1.0	1.0
18	2	70	1.793	0.412	29.0	3.286	0.935	1.0
18	2	67	1.593	0.572	32.2	2.325	0.839	0.968
18	2	64	0.32	0.627	34.583	2.843	0.194	0.387
18	2	61	0.0	0.0	37.0	0.0	0.0	0.065
18	2	58	0.0	0.0	nan	nan	0.0	0.0
18	2	55	0.0	0.0	nan	nan	0.0	0.0
18	2	52	0.0	0.0	nan	nan	0.0	0.0
18	2	49	0.0	0.0	nan	nan	0.0	0.0
18	2	46	0.0	0.0	nan	nan	0.0	0.0
18	2	43	0.0	0.0	nan	nan	0.0	0.0
18	2	40	0.0	0.0	nan	nan	0.0	0.0
19	2	97	3.645	0.551	19.161	0.82	1.0	1.0
19	2	94	3.032	0.18	20.419	0.848	1.0	1.0
19	2	91	3.0	0.0	21.032	1.11	1.0	1.0
19	2	88	3.0	0.0	22.0	0.816	1.0	1.0
19	2	85	3.0	0.0	23.161	1.036	1.0	1.0
19	2	82	2.968	0.18	24.0	1.033	1.0	1.0
19	2	79	2.677	0.475	25.581	1.119	1.0	1.0
19	2	76	2.29	0.461	27.839	2.131	1.0	1.0
19	2	73	1.931	0.258	31.742	4.235	0.935	1.0
19	2	70	1.6	0.498	34.419	3.51	0.968	1.0
19	2	67	0.8	0.664	37.524	3.544	0.645	0.677
19	2	64	0.103	0.31	41.0	4.359	0.097	0.161
19	2	61	0.0	0.0	nan	nan	0.0	0.0
19	2	58	0.0	0.0	nan	nan	0.0	0.0
19	2	55	0.0	0.0	nan	nan	0.0	0.0
19	2	52	0.0	0.0	nan	nan	0.0	0.0
19	2	49	0.0	0.0	nan	nan	0.0	0.0
19	2	46	0.0	0.0	nan	nan	0.0	0.0
19	2	43	0.0	0.0	nan	nan	0.0	0.0
19	2	40	0.0	0.0	nan	nan	0.0	0.0
20	2	97	3.161	0.454	18.871	0.619	1.0	1.0
20	2	94	3.0	0.258	19.419	0.672	1.0	1.0
20	2	91	2.677	0.475	20.032	0.875	1.0	1.0
20	2	88	2.516	0.508	20.968	0.836	1.0	1.0
20	2	85	2.097	0.301	22.032	0.912	1.0	1.0
20	2	82	2.0	0.0	22.871	0.991	1.0	1.0
20	2	79	2.0	0.0	24.581	1.025	1.0	1.0
20	2	76	2.0	0.0	25.871	1.36	1.0	1.0
20	2	73	1.935	0.25	28.161	2.478	1.0	1.0
20	2	70	1.586	0.568	31.267	3.685	0.903	0.968
20	2	67	0.192	0.402	36.0	4.055	0.161	0.323
20	2	64	0.0	0.0	nan	nan	0.0	0.0
20	2	61	0.0	0.0	nan	nan	0.0	0.0
20	2	58	0.0	0.0	nan	nan	0.0	0.0
20	2	55	0.0	0.0	nan	nan	0.0	0.0
20	2	52	0.0	0.0	nan	nan	0.0	0.0
20	2	49	0.0	0.0	nan	nan	0.0	0.0
20	2	46	0.0	0.0	nan	nan	0.0	0.0
20	2	43	0.0	0.0	nan	nan	0.0	0.0
20	2	40	0.0	0.0	nan	nan	0.0	0.0
21	2	97	3.452	0.624	18.839	0.583	1.0	1.0
21	2	94	3.161	0.454	19.355	0.661	1.0	1.0
21	2	91	3.0	0.0	20.161	0.688	1.0	1.0
21	2	88	2.935	0.25	20.71	0.864	1.0	1.0
21	2	85	2.935	0.25	21.645	1.018	1.0	1.0
21	2	82	2.548	0.506	22.548	0.995	1.0	1.0
21	2	79	2.161	0.374	23.806	1.108	1.0	1.0
21	2	76	2.129	0.341	25.258	1.612	1.0	1.0
21	2	73	1.968	0.18	26.161	1.393	1.0	1.0
21	2	70	1.759	0.511	29.533	2.751	0.903	0.968
21	2	67	1.429	0.79	32.115	2.819	0.742	0.839
21	2	64	0.5	0.812	34.0	2.887	0.258	0.419
21	2	61	0.0	0.0	nan	nan	0.0	0.0
21	2	58	0.0	0.0	nan	nan	0.0	0.0
21	2	55	0.0	0.0	nan	nan	0.0	0.0
21	2	52	0.0	0.0	nan	nan	0.0	0.0
21	2	49	0.0	0.0	nan	nan	0.0	0.0
21	2	46	0.0	0.0	nan	nan	0.0	0.0
21	2	43	0.0	0.0	nan	nan	0.0	0.0
21	2	40	0.0	0.0	nan	nan	0.0	0.0
22	2	97	3.613	0.495	18.161	0.638	1.0	1.0
22	2	94	3.323	0.541	18.581	0.72	1.0	1.0
22	2	91	2.839	0.374	19.194	0.654	1.0	1.0
22	2	88	2.194	0.402	20.194	0.749	1.0	1.0
22	2	85	2.161	0.374	21.161	1.036	1.0	1.0
22	2	82	2.0	0.0	21.806	0.98	1.0	1.0
22	2	79	2.0	0.0	23.032	1.016	1.0	1.0
22	2	76	1.968	0.18	24.097	1.375	1.0	1.0
22	2	73	1.806	0.402	25.452	1.63	1.0	1.0
22	2	70	1.6	0.498	27.387	2.578	0.968	1.0
22	2	67	0.767	0.626	30.333	2.394	0.645	0.677
22	2	64	0.148	0.362	34.0	1.927	0.129	0.258
22	2	61	0.0	0.0	nan	nan	0.0	0.0
22	2	58	0.0	0.0	nan	nan	0.0	0.0
22	2	55	0.0	0.0	nan	nan	0.0	0.0
22	2	52	0.0	0.0	nan	nan	0.0	0.0
22	2	49	0.0	0.0	nan	nan	0.0	0.0
22	2	46	0.0	0.0	nan	nan	0.0	0.0
22	2	43	0.0	0.0	nan	nan	0.0	0.0
22	2	40	0.0	0.0	nan	nan	0.0	0.0
23	2	97	4.419	0.62	18.323	0.599	1.0	1.0
23	2	94	3.935	0.68	18.548	0.81	1.0	1.0
23	2	91	3.355	0.551	19.677	0.909	1.0	1.0
23	2	88	3.226	0.425	19.968	0.983	1.0	1.0
23	2	85	3.065	0.359	21.226	1.087	1.0	1.0
23	2	82	2.903	0.301	22.161	0.969	1.0	1.0
23	2	79	2.613	0.495	22.774	1.383	1.0	1.0
23	2	76	2.355	0.486	24.258	1.316	1.0	1.0
23	2	73	2.161	0.454	25.71	1.774	1.0	1.0
23	2	70	1.968	0.605	28.567	3.202	0.968	0.968
23	2	67	1.464	0.881	31.0	3.764	0.71	0.806
23	2	64	0.6	0.764	34.471	3.338	0.355	0.548
23	2	61	0.0	0.0	nan	nan	0.0	0.0
23	2	58	0.0	0.0	nan	nan	0.0	0.0
23	2	55	0.0	0.0	nan	nan	0.0	0.0
23	2	52	0.0	0.0	nan	nan	0.0	0.0
23	2	49	0.0	0.0	nan	nan	0.0	0.0
23	2	46	0.0	0.0	nan	nan	0.0	0.0
23	2	43	0.0	0.0	nan	nan	0.0	0.0
23	2	40	0.0	0.0	nan	nan	0.0	0.0
24	2	97	3.484	0.626	18.129	0.562	1.0	1.0
24	2	94	2.839	0.583	18.839	0.638	1.0	1.0
24	2	91	2.581	0.564	19.129	0.718	1.0	1.0
24	2	88	2.129	0.341	19.935	0.814	1.0	1.0
24	2	85	2.032	0.18	20.71	0.902	1.0	1.0
24	2	82	2.0	0.0	21.323	0.871	1.0	1.0
24	2	79	2.0	0.0	22.742	1.064	1.0	1.0
24	2	76	1.935	0.25	23.806	1.108	1.0	1.0
24	2	73	1.452	0.568	25.667	2.171	0.968	0.968
24	2	70	1.2	0.551	27.793	2.981	0.903	0.935
24	2	67	0.767	0.504	29.435	2.744	0.71	0.742
24	2	64	0.1	0.305	32.0	4.32	0.097	0.129
24	2	61	0.0	0.0	nan	nan	0.0	0.0
24	2	58	0.0	0.0	nan	nan	0.0	0.0
24	2	55	0.0	0.0	nan	nan	0.0	0.0
24	2	52	0.0	0.0	nan	nan	0.0	0.0
24	2	49	0.0	0.0	nan	nan	0.0	0.0
24	2	46	0.0	0.0	nan	nan	0.0	0.0
24	2	43	0.0	0.0	nan	nan	0.0	0.0
24	2	40	0.0	0.0	nan	nan	0.0	0.0
25	2	97	3.613	0.558	18.452	0.723	1.0	1.0
25	2	94	3.194	0.402	18.935	0.772	1.0	1.0
25	2	91	3.129	0.341	19.516	0.962	1.0	1.0
25	2	88	3.0	0.0	20.258	0.815	1.0	1.0
25	2	85	2.935	0.25	20.935	0.772	1.0	1.0
25	2	82	2.742	0.445	22.194	0.873	1.0	1.0
25	2	79	2.355	0.486	23.097	1.012	1.0	1.0
25	2	76	2.097	0.301	24.194	0.833	1.0	1.0
25	2	73	2.0	0.0	25.258	1.653	1.0	1.0
25	2	70	2.0	0.0	27.387	2.246	1.0	1.0
25	2	67	1.643	0.678	31.393	3.425	0.806	0.903
25	2	64	0.393	0.737	32.8	2.741	0.226	0.323
25	2	61	0.0	0.0	nan	nan	0.0	0.0
25	2	58	0.0	0.0	nan	nan	0.0	0.0
25	2	55	0.0	0.0	nan	nan	0.0	0.0
25	2	52	0.0	0.0	nan	nan	0.0	0.0
25	2	49	0.0	0.0	nan	nan	0.0	0.0
25	2	46	0.0	0.0	nan	nan	0.0	0.0
25	2	43	0.0	0.0	nan	nan	0.0	0.0
25	2	40	0.0	0.0	nan	nan	0.0	0.0
26	2	97	4.0	0.0	21.548	0.624	1.0	1.0
26	2	94	4.0	0.0	22.032	0.752	1.0	1.0
26	2	91	3.903	0.301	22.935	0.854	1.0	1.0
26	2	88	3.452	0.506	24.29	0.938	1.0	1.0
26	2	85	3.161	0.374	25.065	0.892	1.0	1.0
26	2	82	3.032	0.18	26.29	1.419	1.0	1.0
26	2	79	3.0	0.0	28.774	1.454	1.0	1.0
26	2	76	3.0	0.0	29.871	1.765	1.0	1.0
26	2	73	2.323	0.909	32.935	2.732	1.0	1.0
26	2	70	1.871	0.806	35.548	3.722	1.0	1.0
26	2	67	0.733	0.45	40.609	4.142	0.71	0.742
26	2	64	0.167	0.379	41.667	2.422	0.161	0.194
26	2	61	0.0	0.0	nan	nan	0.0	0.0
26	2	58	0.0	0.0	nan	nan	0.0	0.0
26	2	55	0.0	0.0	nan	nan	0.0	0.0
26	2	52	0.0	0.0	nan	nan	0.0	0.0
26	2	49	0.0	0.0	nan	nan	0.0	0.0
26	2	46	0.0	0.0	nan	nan	0.0	0.0
26	2	43	0.0	0.0	nan	nan	0.0	0.0
26	2	40	0.0	0.0	nan	nan	0.0	0.0
27	2	97	3.355	0.661	18.484	0.57	1.0	1.0
27	2	94	3.129	0.341	19.032	0.657	1.0	1.0
27	2	91	3.065	0.25	19.452	0.723	1.0	1.0
27	2	88	2.903	0.301	20.226	0.617	1.0	1.0
27	2	85	2.806	0.402	21.29	0.938	1.0	1.0
27	2	82	2.387	0.495	22.258	1.032	1.0	1.0
27	2	79	2.161	0.374	23.323	0.979	1.0	1.0
27	2	76	2.0	0.0	23.968	0.875	1.0	1.0
27	2	73	2.0	0.0	25.742	1.341	1.0	1.0
27	2	70	1.967	0.183	28.161	2.354	0.968	1.0
27	2	67	1.704	0.542	30.933	2.912	0.839	0.968
27	2	64	0.423	0.758	34.917	4.358	0.226	0.387
27	2	61	0.0	0.0	nan	nan	0.0	0.0
27	2	58	0.0	0.0	nan	nan	0.0	0.0
27	2	55	0.0	0.0	nan	nan	0.0	0.0
27	2	52	0.0	0.0	nan	nan	0.0	0.0
27	2	49	0.0	0.0	nan	nan	0.0	0.0
27	2	46	0.0	0.0	nan	nan	0.0	0.0
27	2	43	0.0	0.0	nan	nan	0.0	0.0
27	2	40	0.0	0.0	nan	nan	0.0	0.0
28	2	97	3.645	0.661	18.806	0.703	1.0	1.0
28	2	94	3.387	0.558	19.516	0.962	1.0	1.0
28	2	91	3.065	0.25	19.806	0.792	1.0	1.0
28	2	88	3.065	0.25	20.484	1.208	1.0	1.0
28	2	85	2.742	0.445	21.71	1.039	1.0	1.0
28	2	82	2.581	0.502	22.645	1.112	1.0	1.0
28	2	79	2.452	0.506	23.71	1.071	1.0	1.0
28	2	76	2.032	0.18	24.774	1.359	1.0	1.0
28	2	73	2.032	0.18	26.29	1.865	1.0	1.0
28	2	70	1.903	0.301	28.129	2.592	1.0	1.0
28	2	67	1.038	0.916	31.857	3.198	0.516	0.677
28	2	64	0.194	0.601	31.333	2.517	0.097	0.097
28	2	61	0.0	0.0	nan	nan	0.0	0.0
28	2	58	0.0	0.0	nan	nan	0.0	0.0
28	2	55	0.0	0.0	nan	nan	0.0	0.0
28	2	52	0.0	0.0	nan	nan	0.0	0.0
28	2	49	0.0	0.0	nan	nan	0.0	0.0
28	2	46	0.0	0.0	nan	nan	0.0	0.0
28	2	43	0.0	0.0	nan	nan	0.0	0.0
28	2	40	0.0	0.0	nan	nan	0.0	0.0
29	2	97	4.226	0.717	18.452	0.675	1.0	1.0
29	2	94	3.677	0.541	19.097	0.746	1.0	1.0
29	2	91	3.258	0.445	19.71	0.693	1.0	1.0
29	2	88	3.032	0.18	20.387	0.803	1.0	1.0
29	2	85	3.0	0.0	21.355	0.985	1.0	1.0
29	2	82	3.0	0.0	22.613	1.022	1.0	1.0
29	2	79	3.0	0.0	23.806	0.91	1.0	1.0
29	2	76	2.806	0.402	24.355	1.305	1.0	1.0
29	2	73	2.194	0.402	26.742	1.39	1.0	1.0
29	2	70	1.968	0.315	29.258	2.516	1.0	1.0
29	2	67	1.774	0.425	32.032	3.027	1.0	1.0
29	2	64	1.143	0.525	36.793	2.678	0.839	0.935
29	2	61	0.107	0.315	39.5	3.507	0.097	0.194
29	2	58	0.0	0.0	nan	nan	0.0	0.0
29	2	55	0.0	0.0	nan	nan	0.0	0.0
29	2	52	0.0	0.0	nan	nan	0.0	0.0
29	2	49	0.0	0.0	nan	nan	0.0	0.0
29	2	46	0.0	0.0	nan	nan	0.0	0.0
29	2	43	0.0	0.0	nan	nan	0.0	0.0
29	2	40	0.0	0.0	nan	nan	0.0	0.0
30	2	97	3.484	0.508	18.129	0.562	1.0	1.0
30	2	94	3.097	0.301	18.774	0.669	1.0	1.0
30	2	91	3.097	0.301	19.194	0.749	1.0	1.0
30	2	88	3.0	0.0	20.226	0.717	1.0	1.0
30	2	85	2.935	0.25	21.0	1.0	1.0	1.0
30	2	82	2.71	0.461	22.355	0.985	1.0	1.0
30	2	79	2.129	0.341	23.355	0.877	1.0	1.0
30	2	76	2.032	0.18	25.097	1.3	1.0	1.0
30	2	73	2.0	0.0	26.355	2.374	1.0	1.0
30	2	70	1.871	0.341	30.194	3.39	1.0	1.0
30	2	67	1.31	0.761	34.308	3.834	0.774	0.839
30	2	64	0.233	0.43	38.25	2.053	0.226	0.258
30	2	61	0.0	0.0	nan	nan	0.0	0.0
30	2	58	0.0	0.0	nan	nan	0.0	0.0
30	2	55	0.0	0.0	nan	nan	0.0	0.0
30	2	52	0.0	0.0	nan	nan	0.0	0.0
30	2	49	0.0	0.0	nan	nan	0.0	0.0
30	2	46	0.0	0.0	nan	nan	0.0	0.0
30	2	43	0.0	0.0	nan	nan	0.0	0.0
30	2	40	0.0	0.0	nan	nan	0.0	0.0
31	2	97	4.0	0.0	16.806	0.543	1.0	1.0
31	2	94	3.935	0.25	17.355	0.608	1.0	1.0
31	2	91	3.806	0.402	17.71	0.588	1.0	1.0
31	2	88	3.452	0.624	18.226	0.669	1.0	1.0
31	2	85	2.419	0.564	19.194	0.703	1.0	1.0
31	2	82	2.161	0.374	19.871	0.846	1.0	1.0
31	2	79	2.0	0.0	20.71	1.16	1.0	1.0
31	2	76	2.0	0.0	22.032	1.169	1.0	1.0
31	2	73	1.903	0.301	23.645	1.142	1.0	1.0
31	2	70	1.452	0.506	25.097	1.491	1.0	1.0
31	2	67	0.935	0.442	27.889	3.166	0.871	0.871
31	2	64	0.1	0.305	32.75	2.5	0.097	0.129
31	2	61	0.0	0.0	nan	nan	0.0	0.0
31	2	58	0.0	0.0	nan	nan	0.0	0.0
31	2	55	0.0	0.0	nan	nan	0.0	0.0
31	2	52	0.0	0.0	nan	nan	0.0	0.0
31	2	49	0.0	0.0	nan	nan	0.0	0.0
31	2	46	0.0	0.0	nan	nan	0.0	0.0
31	2	43	0.0	0.0	nan	nan	0.0	0.0
31	2	40	0.0	0.0	nan	nan	0.0	0.0
0	3	97	3.677	0.653	18.935	0.574	1.0	1.0
0	3	94	3.097	0.301	19.452	0.506	1.0	1.0
0	3	91	3.0	0.0	20.0	0.775	1.0	1.0
0	3	88	3.0	0.0	20.968	1.048	1.0	1.0
0	3	85	3.0	0.0	22.065	1.124	1.0	1.0
0	3	82	3.0	0.0	22.677	0.791	1.0	1.0
0	3	79	2.935	0.25	24.323	1.301	1.0	1.0
0	3	76	2.581	0.502	25.29	1.27	1.0	1.0
0	3	73	2.097	0.301	27.323	1.956	1.0	1.0
0	3	70	1.839	0.374	31.71	3.368	1.0	1.0
0	3	67	1.161	0.583	35.786	3.337	0.903	0.903
0	3	64	0.393	0.567	39.615	3.548	0.323	0.419
0	3	61	0.0	0.0	nan	nan	0.0	0.0
0	3	58	0.0	0.0	nan	nan	0.0	0.0
0	3	55	0.0	0.0	nan	nan	0.0	0.0
0	3	52	0.0	0.0	nan	nan	0.0	0.0
0	3	49	0.0	0.0	nan	nan	0.0	0.0
0	3	46	0.0	0.0	nan	nan	0.0	0.0
0	3	43	0.0	0.0	nan	nan	0.0	0.0
0	3	40	0.0	0.0	nan	nan	0.0	0.0
1	3	97	4.0	0.775	18.258	0.514	1.0	1.0
1	3	94	3.194	0.402	19.065	0.512	1.0	1.0
1	3	91	3.032	0.18	19.387	0.615	1.0	1.0
1	3	88	2.935	0.25	20.355	0.755	1.0	1.0
1	3	85	2.774	0.425	21.29	0.864	1.0	1.0
1	3	82	2.581	0.502	22.097	0.831	1.0	1.0
1	3	79	2.419	0.502	22.774	0.99	1.0	1.0
1	3	76	2.226	0.425	24.161	1.186	1.0	1.0
1	3	73	2.032	0.18	25.581	1.478	1.0	1.0
1	3	70	1.967	0.183	27.226	2.459	0.968	1.0
1	3	67	1.7	0.596	30.069	2.828	0.903	0.935
1	3	64	0.75	0.887	33.062	3.235	0.419	0.516
1	3	61	0.0	0.0	38.0	0.0	0.0	0.032
1	3	58	0.0	0.0	nan	nan	0.0	0.0
1	3	55	0.0	0.0	nan	nan	0.0	0.0
1	3	52	0.0	0.0	nan	nan	0.0	0.0
1	3	49	0.0	0.0	nan	nan	0.0	0.0
1	3	46	0.0	0.0	nan	nan	0.0	0.0
1	3	43	0.0	0.0	nan	nan	0.0	0.0
1	3	40	0.0	0.0	nan	nan	0.0	0.0
2	3	97	4.0	0.0	17.097	0.597	1.0	1.0
2	3	94	3.871	0.341	17.516	0.626	1.0	1.0
2	3	91	3.387	0.667	17.935	0.68	1.0	1.0
2	3	88	2.742	0.773	18.355	0.709	1.0	1.0
2	3	85	2.097	0.301	19.129	0.718	1.0	1.0
2	3	82	2.065	0.25	19.742	0.682	1.0	1.0
2	3	79	1.968	0.18	20.806	1.014	1.0	1.0
2	3	76	1.968	0.18	22.161	1.508	1.0	1.0
2	3	73	1.806	0.402	23.387	1.145	1.0	1.0
2	3	70	1.452	0.506	25.161	2.018	1.0	1.0
2	3	67	0.821	0.612	27.435	3.616	0.645	0.742
2	3	64	0.065	0.25	29.0	1.414	0.065	0.065
2	3	61	0.0	0.0	nan	nan	0.0	0.0
2	3	58	0.0	0.0	nan	nan	0.0	0.0
2	3	55	0.0	0.0	nan	nan	0.0	0.0
2	3	52	0.0	0.0	nan	nan	0.0	0.0
2	3	49	0.0	0.0	nan	nan	0.0	0.0
2	3	46	0.0	0.0	nan	nan	0.0	0.0
2	3	43	0.0	0.0	nan	nan	0.0	0.0
2	3	40	0.0	0.0	nan	nan	0.0	0.0
3	3	97	4.29	0.783	18.097	0.651	1.0	1.0
3	3	94	3.839	0.735	18.484	0.724	1.0	1.0
3	3	91	3.097	0.301	19.0	0.73	1.0	1.0
3	3	88	3.0	0.0	19.613	0.615	1.0	1.0
3	3	85	3.0	0.0	20.71	0.739	1.0	1.0
3	3	82	2.677	0.475	21.258	1.032	1.0	1.0
3	3	79	2.484	0.508	22.323	1.301	1.0	1.0
3	3	76	2.065	0.25	23.355	0.985	1.0	1.0
3	3	73	2.032	0.18	24.871	1.432	1.0	1.0
3	3	70	1.9	0.403	26.767	2.885	0.935	0.968
3	3	67	1.621	0.677	29.393	2.713	0.839	0.903
3	3	64	0.654	0.846	34.188	2.857	0.355	0.516
3	3	61	0.032	0.18	33.0	0.0	0.032	0.032
3	3	58	0.0	0.0	nan	nan	0.0	0.0
3	3	55	0.0	0.0	nan	nan	0.0	0.0
3	3	52	0.0	0.0	nan	nan	0.0	0.0
3	3	49	0.0	0.0	nan	nan	0.0	0.0
3	3	46	0.0	0.0	nan	nan	0.0	0.0
3	3	43	0.0	0.0	nan	nan	0.0	0.0
3	3	40	0.0	0.0	nan	nan	0.0	0.0
4	3	97	3.903	0.301	17.613	0.615	1.0	1.0
4	3	94	3.484	0.508	18.161	0.688	1.0	1.0
4	3	91	3.065	0.574	18.806	0.749	1.0	1.0
4	3	88	2.645	0.608	19.258	0.773	1.0	1.0
4	3	85	2.258	0.445	20.226	0.92	1.0	1.0
4	3	82	2.032	0.18	21.29	1.039	1.0	1.0
4	3	79	2.0	0.0	22.129	1.056	1.0	1.0
4	3	76	2.0	0.0	23.645	1.112	1.0	1.0
4	3	73	1.935	0.25	23.935	1.526	1.0	1.0
4	3	70	1.71	0.461	26.677	1.973	1.0	1.0
4	3	67	1.286	0.713	29.741	3.218	0.774	0.871
4	3	64	0.308	0.549	32.75	3.166	0.226	0.387
4	3	61	0.0	0.0	nan	nan	0.0	0.0
4	3	58	0.0	0.0	nan	nan	0.0	0.0
4	3	55	0.0	0.0	nan	nan	0.0	0.0
4	3	52	0.0	0.0	nan	nan	0.0	0.0
4	3	49	0.0	0.0	nan	nan	0.0	0.0
4	3	46	0.0	0.0	nan	nan	0.0	0.0
4	3	43	0.0	0.0	nan	nan	0.0	0.0
4	3	40	0.0	0.0	nan	nan	0.0	0.0
5	3	97	2.968	0.18	17.097	0.539	1.0	1.0
5	3	94	2.968	0.18	17.161	0.454	1.0	1.0
5	3	91	2.645	0.486	17.71	0.588	1.0	1.0
5	3	88	2.226	0.497	18.452	0.568	1.0	1.0
5	3	85	2.032	0.547	19.226	0.884	1.0	1.0
5	3	82	1.419	0.502	20.065	0.964	1.0	1.0
5	3	79	1.258	0.445	21.065	1.289	1.0	1.0
5	3	76	1.0	0.0	22.677	0.979	1.0	1.0
5	3	73	1.0	0.0	23.452	1.362	1.0	1.0
5	3	70	0.8	0.407	26.2	2.198	0.774	0.806
5	3	67	0.258	0.445	28.875	2.9	0.258	0.258
5	3	64	0.0	0.0	nan	nan	0.0	0.0
5	3	61	0.0	0.0	nan	nan	0.0	0.0
5	3	58	0.0	0.0	nan	nan	0.0	0.0
5	3	55	0.0	0.0	nan	nan	0.0	0.0
5	3	52	0.0	0.0	nan	nan	0.0	0.0
5	3	49	0.0	0.0	nan	nan	0.0	0.0
5	3	46	0.0	0.0	nan	nan	0.0	0.0
5	3	43	0.0	0.0	nan	nan	0.0	0.0
5	3	40	0.0	0.0	nan	nan	0.0	0.0
6	3	97	3.968	0.18	20.032	0.657	1.0	1.0
6	3	94	3.839	0.374	20.742	0.729	1.0	1.0
6	3	91	3.645	0.486	21.548	0.85	1.0	1.0
6	3	88	3.194	0.402	22.355	1.018	1.0	1.0
6	3	85	3.065	0.25	23.097	0.908	1.0	1.0
6	3	82	3.0	0.0	24.226	0.805	1.0	1.0
6	3	79	2.968	0.18	25.581	1.311	1.0	1.0
6	3	76	2.677	0.475	26.677	1.376	1.0	1.0
6	3	73	2.387	0.558	29.581	2.277	1.0	1.0
6	3	70	2.0	0.516	31.774	2.376	1.0	1.0
6	3	67	1.333	0.661	34.679	2.144	0.871	0.903
6	3	64	0.516	0.677	36.692	3.066	0.419	0.419
6	3	61	0.0	0.0	nan	nan	0.0	0.0
6	3	58	0.0	0.0	nan	nan	0.0	0.0
6	3	55	0.0	0.0	nan	nan	0.0	0.0
6	3	52	0.0	0.0	nan	nan	0.0	0.0
6	3	49	0.0	0.0	nan	nan	0.0	0.0
6	3	46	0.0	0.0	nan	nan	0.0	0.0
6	3	43	0.0	0.0	nan	nan	0.0	0.0
6	3	40	0.0	0.0	nan	nan	0.0	0.0
7	3	97	4.161	0.638	18.484	0.724	1.0	1.0
7	3	94	3.71	0.588	18.968	0.547	1.0	1.0
7	3	91	3.29	0.529	19.742	0.815	1.0	1.0
7	3	88	3.032	0.18	20.226	0.717	1.0	1.0
7	3	85	3.065	0.25	20.935	1.031	1.0	1.0
7	3	82	2.968	0.18	22.194	0.98	1.0	1.0
7	3	79	2.613	0.495	23.194	1.195	1.0	1.0
7	3	76	2.355	0.486	24.452	1.028	1.0	1.0
7	3	73	2.032	0.18	25.484	1.458	1.0	1.0
7	3	70	2.0	0.0	27.871	2.884	0.968	1.0
7	3	67	1.733	0.583	30.483	2.911	0.903	0.935
7	3	64	0.7	0.915	32.923	2.691	0.387	0.419
7	3	61	0.032	0.18	33.0	0.0	0.032	0.032
7	3	58	0.0	0.0	nan	nan	0.0	0.0
7	3	55	0.0	0.0	nan	nan	0.0	0.0
7	3	52	0.0	0.0	nan	nan	0.0	0.0
7	3	49	0.0	0.0	nan	nan	0.0	0.0
7	3	46	0.0	0.0	nan	nan	0.0	0.0
7	3	43	0.0	0.0	nan	nan	0.0	0.0
7	3	40	0.0	0.0	nan	nan	0.0	0.0
8	3	97	3.613	0.667	18.677	0.653	1.0	1.0
8	3	94	3.129	0.341	19.194	0.703	1.0	1.0
8	3	91	3.065	0.25	19.935	0.772	1.0	1.0
8	3	88	3.0	0.0	20.419	0.958	1.0	1.0
8	3	85	2.935	0.25	21.258	0.855	1.0	1.0
8	3	82	2.742	0.445	22.387	0.955	1.0	1.0
8	3	79	2.323	0.475	23.387	1.116	1.0	1.0
8	3	76	2.032	0.18	24.516	0.851	1.0	1.0
8	3	73	2.032	0.18	25.774	1.359	1.0	1.0
8	3	70	2.0	0.0	28.677	2.6	1.0	1.0
8	3	67	1.69	0.604	31.138	2.875	0.871	0.935
8	3	64	0.208	0.588	35.7	3.653	0.097	0.323
8	3	61	0.0	0.0	nan	nan	0.0	0.0
8	3	58	0.0	0.0	nan	nan	0.0	0.0
8	3	55	0.0	0.0	nan	nan	0.0	0.0
8	3	52	0.0	0.0	nan	nan	0.0	0.0
8	3	49	0.0	0.0	nan	nan	0.0	0.0
8	3	46	0.0	0.0	nan	nan	0.0	0.0
8	3	43	0.0	0.0	nan	nan	0.0	0.0
8	3	40	0.0	0.0	nan	nan	0.0	0.0
9	3	97	4.677	0.475	24.452	0.506	1.0	1.0
9	3	94	4.29	0.461	24.903	0.651	1.0	1.0
9	3	91	4.0	0.0	25.71	0.643	1.0	1.0
9	3	88	4.0	0.0	26.871	0.806	1.0	1.0
9	3	85	3.903	0.301	27.645	1.082	1.0	1.0
9	3	82	3.548	0.506	28.516	0.996	1.0	1.0
9	3	79	3.097	0.301	30.065	1.237	1.0	1.0
9	3	76	2.839	0.374	32.806	1.447	1.0	1.0
9	3	73	2.258	0.445	35.516	1.86	1.0	1.0
9	3	70	1.677	0.653	37.8	2.427	0.968	0.968
9	3	67	0.815	0.681	43.682	4.815	0.581	0.71
9	3	64	0.032	0.18	47.0	0.0	0.032	0.032
9	3	61	0.0	0.0	nan	nan	0.0	0.0
9	3	58	0.0	0.0	nan	nan	0.0	0.0
9	3	55	0.0	0.0	nan	nan	0.0	0.0
9	3	52	0.0	0.0	nan	nan	0.0	0.0
9	3	49	0.0	0.0	nan	nan	0.0	0.0
9	3	46	0.0	0.0	nan	nan	0.0	0.0
9	3	43	0.0	0.0	nan	nan	0.0	0.0
9	3	40	0.0	0.0	nan	nan	0.0	0.0
10	3	97	4.065	0.25	19.645	0.755	1.0	1.0
10	3	94	3.968	0.18	20.645	0.95	1.0	1.0
10	3	91	3.968	0.18	21.129	0.846	1.0	1.0
10	3	88	3.903	0.301	22.097	1.076	1.0	1.0
10	3	85	3.581	0.502	22.581	0.886	1.0	1.0
10	3	82	3.129	0.341	23.677	1.077	1.0	1.0
10	3	79	3.0	0.0	24.839	1.157	1.0	1.0
10	3	76	2.935	0.25	27.065	1.711	1.0	1.0
10	3	73	2.806	0.402	28.226	2.109	1.0	1.0
10	3	70	2.548	0.506	30.71	2.179	1.0	1.0
10	3	67	1.742	0.575	34.0	2.017	1.0	1.0
10	3	64	1.167	0.592	36.655	3.232	0.903	0.935
10	3	61	0.258	0.445	40.125	2.8	0.258	0.258
10	3	58	0.0	0.0	nan	nan	0.0	0.0
10	3	55	0.0	0.0	nan	nan	0.0	0.0
10	3	52	0.0	0.0	nan	nan	0.0	0.0
10	3	49	0.0	0.0	nan	nan	0.0	0.0
10	3	46	0.0	0.0	nan	nan	0.0	0.0
10	3	43	0.0	0.0	nan	nan	0.0	0.0
10	3	40	0.0	0.0	nan	nan	0.0	0.0
11	3	97	4.0	0.0	20.839	0.638	1.0	1.0
11	3	94	4.0	0.0	21.484	0.724	1.0	1.0
11	3	91	3.613	0.495	22.29	0.739	1.0	1.0
11	3	88	3.29	0.461	23.0	0.966	1.0	1.0
11	3	85	3.097	0.301	24.645	0.95	1.0	1.0
11	3	82	3.0	0.0	25.806	0.946	1.0	1.0
11	3	79	2.968	0.18	26.71	1.346	1.0	1.0
11	3	76	2.839	0.374	28.71	1.811	1.0	1.0
11	3	73	2.29	0.588	31.032	2.316	1.0	1.0
11	3	70	1.548	0.568	34.581	3.472	1.0	1.0
11	3	67	0.679	0.548	38.095	3.74	0.581	0.677
11	3	64	0.138	0.351	40.833	2.927	0.129	0.194
11	3	61	0.0	0.0	nan	nan	0.0	0.0
11	3	58	0.0	0.0	nan	nan	0.0	0.0
11	3	55	0.0	0.0	nan	nan	0.0	0.0
11	3	52	0.0	0.0	nan	nan	0.0	0.0
11	3	49	0.0	0.0	nan	nan	0.0	0.0
11	3	46	0.0	0.0	nan	nan	0.0	0.0
11	3	43	0.0	0.0	nan	nan	0.0	0.0
11	3	40	0.0	0.0	nan	nan	0.0	0.0
12	3	97	3.161	0.374	18.839	0.688	1.0	1.0
12	3	94	3.0	0.0	19.581	0.72	1.0	1.0
12	3	91	2.903	0.301	20.194	0.873	1.0	1.0
12	3	88	2.677	0.475	20.871	0.846	1.0	1.0
12	3	85	2.484	0.508	21.839	1.128	1.0	1.0
12	3	82	2.065	0.25	23.065	0.854	1.0	1.0
12	3	79	2.0	0.0	24.0	1.211	1.0	1.0
12	3	76	2.0	0.0	25.065	1.181	1.0	1.0
12	3	73	1.935	0.25	26.387	1.43	1.0	1.0
12	3	70	1.633	0.615	29.966	2.796	0.903	0.935
12	3	67	0.655	0.857	32.857	3.371	0.387	0.452
12	3	64	0.069	0.371	36.0	2.0	0.032	0.097
12	3	61	0.0	0.0	nan	nan	0.0	0.0
12	3	58	0.0	0.0	nan	nan	0.0	0.0
12	3	55	0.0	0.0	nan	nan	0.0	0.0
12	3	52	0.0	0.0	nan	nan	0.0	0.0
12	3	49	0.0	0.0	nan	nan	0.0	0.0
12	3	46	0.0	0.0	nan	nan	0.0	0.0
12	3	43	0.0	0.0	nan	nan	0.0	0.0
12	3	40	0.0	0.0	nan	nan	0.0	0.0
13	3	97	3.645	0.551	17.677	0.653	1.0	1.0
13	3	94	3.129	0.67	18.161	0.454	1.0	1.0
13	3	91	2.452	0.675	18.71	0.643	1.0	1.0
13	3	88	2.194	0.543	19.29	0.693	1.0	1.0
13	3	85	2.0	0.0	20.226	0.805	1.0	1.0
13	3	82	2.032	0.18	20.774	1.087	1.0	1.0
13	3	79	2.0	0.0	21.839	0.969	1.0	1.0
13	3	76	1.742	0.445	23.032	1.538	1.0	1.0
13	3	73	1.613	0.495	24.774	1.543	1.0	1.0
13	3	70	1.067	0.45	27.172	2.904	0.903	0.935
13	3	67	0.519	0.58	31.353	3.39	0.419	0.548
13	3	64	0.036	0.189	36.0	2.449	0.032	0.129
13	3	61	0.0	0.0	nan	nan	0.0	0.0
13	3	58	0.0	0.0	nan	nan	0.0	0.0
13	3	55	0.0	0.0	nan	nan	0.0	0.0
13	3	52	0.0	0.0	nan	nan	0.0	0.0
13	3	49	0.0	0.0	nan	nan	0.0	0.0
13	3	46	0.0	0.0	nan	nan	0.0	0.0
13	3	43	0.0	0.0	nan	nan	0.0	0.0
13	3	40	0.0	0.0	nan	nan	0.0	0.0
14	3	97	4.742	0.445	19.645	0.551	1.0	1.0
14	3	94	4.29	0.461	20.29	0.783	1.0	1.0
14	3	91	4.032	0.18	20.968	0.657	1.0	1.0
14	3	88	4.0	0.0	21.903	0.831	1.0	1.0
14	3	85	3.968	0.18	22.871	0.846	1.0	1.0
14	3	82	3.871	0.341	23.742	0.815	1.0	1.0
14	3	79	3.419	0.502	24.903	0.978	1.0	1.0
14	3	76	3.032	0.18	26.677	1.4	1.0	1.0
14	3	73	2.968	0.18	28.387	2.486	1.0	1.0
14	3	70	2.839	0.374	31.452	2.321	1.0	1.0
14	3	67	2.065	0.727	35.903	4.15	1.0	1.0
14	3	64	1.207	0.559	40.9	4.506	0.903	0.968
14	3	61	0.286	0.46	45.455	5.165	0.258	0.355
14	3	58	0.0	0.0	nan	nan	0.0	0.0
14	3	55	0.0	0.0	nan	nan	0.0	0.0
14	3	52	0.0	0.0	nan	nan	0.0	0.0
14	3	49	0.0	0.0	nan	nan	0.0	0.0
14	3	46	0.0	0.0	nan	nan	0.0	0.0
14	3	43	0.0	0.0	nan	nan	0.0	0.0
14	3	40	0.0	0.0	nan	nan	0.0	0.0
15	3	97	3.968	0.18	16.484	0.508	1.0	1.0
15	3	94	3.968	0.18	16.935	0.512	1.0	1.0
15	3	91	3.516	0.57	17.484	0.57	1.0	1.0
15	3	88	3.0	0.632	17.774	0.617	1.0	1.0
15	3	85	2.516	0.57	18.419	1.025	1.0	1.0
15	3	82	2.097	0.301	19.097	0.651	1.0	1.0
15	3	79	2.0	0.0	19.742	0.815	1.0	1.0
15	3	76	2.0	0.0	20.903	0.944	1.0	1.0
15	3	73	1.871	0.341	21.71	0.938	1.0	1.0
15	3	70	1.548	0.506	23.645	1.199	1.0	1.0
15	3	67	1.065	0.25	25.645	2.416	1.0	1.0
15	3	64	0.75	0.441	28.167	3.226	0.677	0.774
15	3	61	0.069	0.258	31.25	3.202	0.065	0.129
15	3	58	0.0	0.0	nan	nan	0.0	0.0
15	3	55	0.0	0.0	nan	nan	0.0	0.0
15	3	52	0.0	0.0	nan	nan	0.0	0.0
15	3	49	0.0	0.0	nan	nan	0.0	0.0
15	3	46	0.0	0.0	nan	nan	0.0	0.0
15	3	43	0.0	0.0	nan	nan	0.0	0.0
15	3	40	0.0	0.0	nan	nan	0.0	0.0
16	3	97	3.742	0.445	19.129	0.499	1.0	1.0
16	3	94	3.323	0.475	19.323	0.599	1.0	1.0
16	3	91	3.032	0.18	20.065	0.727	1.0	1.0
16	3	88	3.032	0.18	21.0	0.931	1.0	1.0
16	3	85	2.935	0.25	21.839	0.969	1.0	1.0
16	3	82	2.806	0.402	22.581	1.232	1.0	1.0
16	3	79	2.419	0.502	24.161	0.86	1.0	1.0
16	3	76	2.032	0.18	25.387	0.989	1.0	1.0
16	3	73	2.0	0.0	26.677	2.006	1.0	1.0
16	3	70	1.933	0.254	29.871	2.487	0.968	1.0
16	3	67	1.346	0.892	32.625	2.748	0.613	0.774
16	3	64	0.185	0.483	36.375	3.292	0.129	0.258
16	3	61	0.0	0.0	nan	nan	0.0	0.0
16	3	58	0.0	0.0	nan	nan	0.0	0.0
16	3	55	0.0	0.0	nan	nan	0.0	0.0
16	3	52	0.0	0.0	nan	nan	0.0	0.0
16	3	49	0.0	0.0	nan	nan	0.0	0.0
16	3	46	0.0	0.0	nan	nan	0.0	0.0
16	3	43	0.0	0.0	nan	nan	0.0	0.0
16	3	40	0.0	0.0	nan	nan	0.0	0.0
17	3	97	3.774	0.56	17.968	0.605	1.0	1.0
17	3	94	3.161	0.374	18.839	0.688	1.0	1.0
17	3	91	2.968	0.315	19.516	0.89	1.0	1.0
17	3	88	2.903	0.301	20.065	0.929	1.0	1.0
17	3	85	2.355	0.486	21.097	1.012	1.0	1.0
17	3	82	2.161	0.374	21.71	0.938	1.0	1.0
17	3	79	2.032	0.18	23.548	0.925	1.0	1.0
17	3	76	1.968	0.18	24.226	1.564	1.0	1.0
17	3	73	1.968	0.18	25.419	1.232	1.0	1.0
17	3	70	1.645	0.551	28.767	2.661	0.968	0.968
17	3	67	0.808	0.694	31.727	4.723	0.548	0.71
17	3	64	0.185	0.483	34.25	3.012	0.129	0.258
17	3	61	0.0	0.0	nan	nan	0.0	0.0
17	3	58	0.0	0.0	nan	nan	0.0	0.0
17	3	55	0.0	0.0	nan	nan	0.0	0.0
17	3	52	0.0	0.0	nan	nan	0.0	0.0
17	3	49	0.0	0.0	nan	nan	0.0	0.0
17	3	46	0.0	0.0	nan	nan	0.0	0.0
17	3	43	0.0	0.0	nan	nan	0.0	0.0
17	3	40	0.0	0.0	nan	nan	0.0	0.0
18	3	97	3.452	0.568	18.161	0.523	1.0	1.0
18	3	94	3.097	0.539	18.742	0.631	1.0	1.0
18	3	91	2.613	0.495	19.581	0.62	1.0	1.0
18	3	88	2.387	0.495	20.226	0.717	1.0	1.0
18	3	85	2.032	0.18	21.129	0.806	1.0	1.0
18	3	82	2.0	0.0	21.71	0.973	1.0	1.0
18	3	79	1.968	0.18	23.161	1.098	1.0	1.0
18	3	76	1.935	0.25	24.581	1.432	1.0	1.0
18	3	73	1.71	0.461	26.258	1.949	1.0	1.0
18	3	70	1.355	0.551	28.767	1.906	0.968	0.968
18	3	67	0.429	0.676	32.882	3.982	0.226	0.548
18	3	64	0.0	0.0	nan	nan	0.0	0.0
18	3	61	0.0	0.0	nan	nan	0.0	0.0
18	3	58	0.0	0.0	nan	nan	0.0	0.0
18	3	55	0.0	0.0	nan	nan	0.0	0.0
18	3	52	0.0	0.0	nan	nan	0.0	0.0
18	3	49	0.0	0.0	nan	nan	0.0	0.0
18	3	46	0.0	0.0	nan	nan	0.0	0.0
18	3	43	0.0	0.0	nan	nan	0.0	0.0
18	3	40	0.0	0.0	nan	nan	0.0	0.0
19	3	97	2.968	0.482	18.645	0.551	1.0	1.0
19	3	94	2.774	0.56	18.742	0.514	1.0	1.0
19	3	91	2.226	0.425	19.548	0.723	1.0	1.0
19	3	88	2.032	0.18	20.29	0.739	1.0	1.0
19	3	85	2.0	0.0	21.29	0.824	1.0	1.0
19	3	82	2.0	0.0	21.871	0.957	1.0	1.0
19	3	79	2.0	0.0	23.097	1.106	1.0	1.0
19	3	76	1.903	0.301	24.516	1.48	1.0	1.0
19	3	73	1.581	0.502	25.613	1.283	1.0	1.0
19	3	70	1.138	0.441	28.533	2.98	0.903	0.968
19	3	67	0.75	0.645	30.381	2.974	0.581	0.677
19	3	64	0.067	0.365	32.5	2.121	0.032	0.065
19	3	61	0.0	0.0	nan	nan	0.0	0.0
19	3	58	0.0	0.0	nan	nan	0.0	0.0
19	3	55	0.0	0.0	nan	nan	0.0	0.0
19	3	52	0.0	0.0	nan	nan	0.0	0.0
19	3	49	0.0	0.0	nan	nan	0.0	0.0
19	3	46	0.0	0.0	nan	nan	0.0	0.0
19	3	43	0.0	0.0	nan	nan	0.0	0.0
19	3	40	0.0	0.0	nan	nan	0.0	0.0
20	3	97	3.71	0.529	17.968	0.547	1.0	1.0
20	3	94	3.323	0.653	18.355	0.551	1.0	1.0
20	3	91	2.839	0.688	18.645	0.755	1.0	1.0
20	3	88	2.419	0.564	19.355	0.839	1.0	1.0
20	3	85	2.065	0.25	20.258	0.682	1.0	1.0
20	3	82	2.0	0.0	21.129	0.885	1.0	1.0
20	3	79	2.0	0.0	22.452	1.179	1.0	1.0
20	3	76	1.968	0.18	23.226	1.309	1.0	1.0
20	3	73	1.871	0.341	24.71	1.101	1.0	1.0
20	3	70	1.387	0.495	26.935	1.711	1.0	1.0
20	3	67	1.071	0.466	29.862	3.193	0.839	0.935
20	3	64	0.269	0.452	33.333	1.826	0.226	0.387
20	3	61	0.032	0.18	32.0	0.0	0.032	0.032
20	3	58	0.0	0.0	nan	nan	0.0	0.0
20	3	55	0.0	0.0	nan	nan	0.0	0.0
20	3	52	0.0	0.0	nan	nan	0.0	0.0
20	3	49	0.0	0.0	nan	nan	0.0	0.0
20	3	46	0.0	0.0	nan	nan	0.0	0.0
20	3	43	0.0	0.0	nan	nan	0.0	0.0
20	3	40	0.0	0.0	nan	nan	0.0	0.0
21	3	97	3.613	0.558	19.323	0.748	1.0	1.0
21	3	94	3.29	0.461	20.097	0.7	1.0	1.0
21	3	91	3.065	0.25	20.871	0.718	1.0	1.0
21	3	88	2.968	0.18	21.613	0.919	1.0	1.0
21	3	85	2.903	0.301	22.452	1.234	1.0	1.0
21	3	82	2.871	0.341	23.581	0.923	1.0	1.0
21	3	79	2.516	0.508	24.839	1.53	1.0	1.0
21	3	76	2.161	0.374	26.29	2.02	1.0	1.0
21	3	73	2.097	0.396	28.194	2.587	1.0	1.0
21	3	70	1.968	0.315	30.387	2.753	1.0	1.0
21	3	67	1.519	0.7	33.75	2.287	0.774	0.903
21	3	64	0.926	0.829	35.571	3.586	0.548	0.677
21	3	61	0.0	0.0	nan	nan	0.0	0.0
21	3	58	0.0	0.0	nan	nan	0.0	0.0
21	3	55	0.0	0.0	nan	nan	0.0	0.0
21	3	52	0.0	0.0	nan	nan	0.0	0.0
21	3	49	0.0	0.0	nan	nan	0.0	0.0
21	3	46	0.0	0.0	nan	nan	0.0	0.0
21	3	43	0.0	0.0	nan	nan	0.0	0.0
21	3	40	0.0	0.0	nan	nan	0.0	0.0
22	3	97	5.0	0.0	21.742	0.682	1.0	1.0
22	3	94	4.871	0.341	22.258	0.631	1.0	1.0
22	3	91	4.645	0.486	23.194	0.873	1.0	1.0
22	3	88	4.226	0.425	23.581	0.672	1.0	1.0
22	3	85	4.032	0.18	24.645	0.877	1.0	1.0
22	3	82	4.0	0.0	25.581	0.807	1.0	1.0
22	3	79	3.742	0.445	26.839	1.369	1.0	1.0
22	3	76	3.161	0.374	28.194	1.167	1.0	1.0
22	3	73	3.0	0.258	30.935	1.731	1.0	1.0
22	3	70	2.613	0.495	33.774	2.526	1.0	1.0
22	3	67	1.935	0.629	36.29	2.723	1.0	1.0
22	3	64	1.31	0.604	41.241	4.265	0.871	0.935
22	3	61	0.321	0.476	45.0	5.427	0.29	0.387
22	3	58	0.0	0.0	nan	nan	0.0	0.0
22	3	55	0.0	0.0	nan	nan	0.0	0.0
22	3	52	0.0	0.0	nan	nan	0.0	0.0
22	3	49	0.0	0.0	nan	nan	0.0	0.0
22	3	46	0.0	0.0	nan	nan	0.0	0.0
22	3	43	0.0	0.0	nan	nan	0.0	0.0
22	3	40	0.0	0.0	nan	nan	0.0	0.0
23	3	97	4.226	0.425	20.677	0.979	1.0	1.0
23	3	94	4.032	0.18	21.484	0.811	1.0	1.0
23	3	91	3.935	0.25	22.065	1.031	1.0	1.0
23	3	88	3.903	0.301	23.194	0.833	1.0	1.0
23	3	85	3.677	0.475	23.871	1.204	1.0	1.0
23	3	82	3.258	0.445	25.032	1.048	1.0	1.0
23	3	79	2.968	0.18	26.29	1.189	1.0	1.0
23	3	76	2.935	0.25	27.323	1.579	1.0	1.0
23	3	73	2.806	0.402	29.774	2.012	1.0	1.0
23	3	70	2.29	0.739	31.581	2.335	1.0	1.0
23	3	67	1.548	0.768	35.467	2.921	0.968	0.968
23	3	64	0.968	0.706	37.792	3.323	0.774	0.774
23	3	61	0.133	0.346	40.2	2.588	0.129	0.161
23	3	58	0.0	0.0	nan	nan	0.0	0.0
23	3	55	0.0	0.0	nan	nan	0.0	0.0
23	3	52	0.0	0.0	nan	nan	0.0	0.0
23	3	49	0.0	0.0	nan	nan	0.0	0.0
23	3	46	0.0	0.0	nan	nan	0.0	0.0
23	3	43	0.0	0.0	nan	nan	0.0	0.0
23	3	40	0.0	0.0	nan	nan	0.0	0.0
24	3	97	3.452	0.506	18.355	0.551	1.0	1.0
24	3	94	3.129	0.341	18.935	0.727	1.0	1.0
24	3	91	2.968	0.18	19.452	0.768	1.0	1.0
24	3	88	2.774	0.425	20.581	0.923	1.0	1.0
24	3	85	2.452	0.506	21.065	0.772	1.0	1.0
24	3	82	2.129	0.341	22.71	1.101	1.0	1.0
24	3	79	2.065	0.25	23.161	1.214	1.0	1.0
24	3	76	2.0	0.0	25.387	2.044	1.0	1.0
24	3	73	2.0	0.0	26.645	1.907	1.0	1.0
24	3	70	1.966	0.186	30.129	3.519	0.935	1.0
24	3	67	1.261	0.964	34.261	3.683	0.484	0.742
24	3	64	0.074	0.385	37.0	3.317	0.032	0.161
24	3	61	0.0	0.0	nan	nan	0.0	0.0
24	3	58	0.0	0.0	nan	nan	0.0	0.0
24	3	55	0.0	0.0	nan	nan	0.0	0.0
24	3	52	0.0	0.0	nan	nan	0.0	0.0
24	3	49	0.0	0.0	nan	nan	0.0	0.0
24	3	46	0.0	0.0	nan	nan	0.0	0.0
24	3	43	0.0	0.0	nan	nan	0.0	0.0
24	3	40	0.0	0.0	nan	nan	0.0	0.0
25	3	97	3.806	0.402	17.903	0.473	1.0	1.0
25	3	94	2.968	0.605	18.194	0.601	1.0	1.0
25	3	91	2.452	0.675	18.806	0.703	1.0	1.0
25	3	88	2.097	0.301	19.548	0.961	1.0	1.0
25	3	85	2.0	0.0	20.194	0.946	1.0	1.0
25	3	82	2.0	0.0	21.161	0.934	1.0	1.0
25	3	79	1.968	0.18	21.839	1.036	1.0	1.0
25	3	76	1.903	0.301	23.097	0.908	1.0	1.0
25	3	73	1.71	0.461	24.71	1.616	1.0	1.0
25	3	70	1.355	0.486	26.194	1.493	1.0	1.0
25	3	67	0.778	0.577	29.957	3.89	0.613	0.742
25	3	64	0.133	0.346	32.8	3.271	0.129	0.161
25	3	61	0.032	0.18	28.0	0.0	0.032	0.032
25	3	58	0.0	0.0	nan	nan	0.0	0.0
25	3	55	0.0	0.0	nan	nan	0.0	0.0
25	3	52	0.0	0.0	nan	nan	0.0	0.0
25	3	49	0.0	0.0	nan	nan	0.0	0.0
25	3	46	0.0	0.0	nan	nan	0.0	0.0
25	3	43	0.0	0.0	nan	nan	0.0	0.0
25	3	40	0.0	0.0	nan	nan	0.0	0.0
26	3	97	3.226	0.497	18.355	0.839	1.0	1.0
26	3	94	3.0	0.447	18.935	0.964	1.0	1.0
26	3	91	3.0	0.447	19.613	1.022	1.0	1.0
26	3	88	2.516	0.508	20.226	0.845	1.0	1.0
26	3	85	2.161	0.374	21.258	0.729	1.0	1.0
26	3	82	2.097	0.301	22.097	1.193	1.0	1.0
26	3	79	1.968	0.18	23.258	1.094	1.0	1.0
26	3	76	2.0	0.258	25.161	1.573	1.0	1.0
26	3	73	1.806	0.477	25.9	1.918	0.968	0.968
26	3	70	1.483	0.574	28.167	2.995	0.903	0.968
26	3	67	1.034	0.68	31.32	3.497	0.742	0.806
26	3	64	0.069	0.371	33.0	3.464	0.032	0.097
26	3	61	0.0	0.0	nan	nan	0.0	0.0
26	3	58	0.0	0.0	nan	nan	0.0	0.0
26	3	55	0.0	0.0	nan	nan	0.0	0.0
26	3	52	0.0	0.0	nan	nan	0.0	0.0
26	3	49	0.0	0.0	nan	nan	0.0	0.0
26	3	46	0.0	0.0	nan	nan	0.0	0.0
26	3	43	0.0	0.0	nan	nan	0.0	0.0
26	3	40	0.0	0.0	nan	nan	0.0	0.0
27	3	97	3.871	0.718	18.258	0.631	1.0	1.0
27	3	94	3.548	0.568	18.613	0.715	1.0	1.0
27	3	91	3.226	0.497	19.129	0.922	1.0	1.0
27	3	88	3.032	0.18	20.0	0.894	1.0	1.0
27	3	85	2.871	0.341	20.548	0.925	1.0	1.0
27	3	82	2.677	0.475	21.774	0.805	1.0	1.0
27	3	79	2.419	0.502	22.839	1.003	1.0	1.0
27	3	76	2.097	0.301	23.968	1.722	1.0	1.0
27	3	73	2.032	0.18	25.484	1.387	1.0	1.0
27	3	70	2.0	0.0	27.581	1.766	0.968	1.0
27	3	67	1.207	0.902	30.045	3.169	0.645	0.71
27	3	64	0.414	0.733	33.2	3.615	0.258	0.323
27	3	61	0.0	0.0	nan	nan	0.0	0.0
27	3	58	0.0	0.0	nan	nan	0.0	0.0
27	3	55	0.0	0.0	nan	nan	0.0	0.0
27	3	52	0.0	0.0	nan	nan	0.0	0.0
27	3	49	0.0	0.0	nan	nan	0.0	0.0
27	3	46	0.0	0.0	nan	nan	0.0	0.0
27	3	43	0.0	0.0	nan	nan	0.0	0.0
27	3	40	0.0	0.0	nan	nan	0.0	0.0
28	3	97	4.968	0.18	20.258	0.514	1.0	1.0
28	3	94	4.581	0.502	21.0	0.894	1.0	1.0
28	3	91	4.226	0.425	21.806	0.749	1.0	1.0
28	3	88	4.032	0.18	22.613	0.882	1.0	1.0
28	3	85	3.968	0.18	23.774	0.92	1.0	1.0
28	3	82	3.968	0.18	24.645	0.877	1.0	1.0
28	3	79	3.742	0.445	25.548	0.961	1.0	1.0
28	3	76	3.065	0.25	27.581	1.232	1.0	1.0
28	3	73	3.0	0.0	29.903	1.375	1.0	1.0
28	3	70	2.839	0.374	32.645	2.678	1.0	1.0
28	3	67	2.194	0.601	36.097	3.27	1.0	1.0
28	3	64	1.071	0.716	42.6	4.796	0.71	0.806
28	3	61	0.323	0.599	44.375	3.114	0.258	0.258
28	3	58	0.0	0.0	nan	nan	0.0	0.0
28	3	55	0.0	0.0	nan	nan	0.0	0.0
28	3	52	0.0	0.0	nan	nan	0.0	0.0
28	3	49	0.0	0.0	nan	nan	0.0	0.0
28	3	46	0.0	0.0	nan	nan	0.0	0.0
28	3	43	0.0	0.0	nan	nan	0.0	0.0
28	3	40	0.0	0.0	nan	nan	0.0	0.0
29	3	97	4.71	0.588	19.226	0.762	1.0	1.0
29	3	94	4.29	0.461	20.161	0.583	1.0	1.0
29	3	91	4.0	0.0	20.548	0.675	1.0	1.0
29	3	88	4.0	0.0	21.645	0.915	1.0	1.0
29	3	85	3.871	0.341	22.548	0.85	1.0	1.0
29	3	82	3.516	0.508	23.903	1.076	1.0	1.0
29	3	79	3.258	0.445	24.419	0.807	1.0	1.0
29	3	76	3.032	0.18	26.226	1.283	1.0	1.0
29	3	73	2.968	0.18	27.968	1.581	1.0	1.0
29	3	70	2.613	0.615	30.419	2.941	1.0	1.0
29	3	67	1.935	0.727	34.0	2.422	1.0	1.0
29	3	64	1.167	0.592	37.179	4.0	0.871	0.903
29	3	61	0.433	0.504	41.571	3.106	0.419	0.452
29	3	58	0.0	0.0	nan	nan	0.0	0.0
29	3	55	0.0	0.0	nan	nan	0.0	0.0
29	3	52	0.0	0.0	nan	nan	0.0	0.0
29	3	49	0.0	0.0	nan	nan	0.0	0.0
29	3	46	0.0	0.0	nan	nan	0.0	0.0
29	3	43	0.0	0.0	nan	nan	0.0	0.0
29	3	40	0.0	0.0	nan	nan	0.0	0.0
30	3	97	3.968	0.18	17.581	0.502	1.0	1.0
30	3	94	3.742	0.445	17.968	0.547	1.0	1.0
30	3	91	3.0	0.632	18.806	0.654	1.0	1.0
30	3	88	2.613	0.615	19.581	0.807	1.0	1.0
30	3	85	2.161	0.374	20.258	0.965	1.0	1.0
30	3	82	2.032	0.18	21.258	1.064	1.0	1.0
30	3	79	2.0	0.0	22.226	0.99	1.0	1.0
30	3	76	1.968	0.18	23.419	1.148	1.0	1.0
30	3	73	1.871	0.341	24.935	1.825	1.0	1.0
30	3	70	1.433	0.568	27.933	3.393	0.935	0.968
30	3	67	1.107	0.737	29.68	3.051	0.71	0.806
30	3	64	0.296	0.542	32.909	3.015	0.226	0.355
30	3	61	0.0	0.0	nan	nan	0.0	0.0
30	3	58	0.0	0.0	nan	nan	0.0	0.0
30	3	55	0.0	0.0	nan	nan	0.0	0.0
30	3	52	0.0	0.0	nan	nan	0.0	0.0
30	3	49	0.0	0.0	nan	nan	0.0	0.0
30	3	46	0.0	0.0	nan	nan	0.0	0.0
30	3	43	0.0	0.0	nan	nan	0.0	0.0
30	3	40	0.0	0.0	nan	nan	0.0	0.0
31	3	97	4.065	0.25	17.161	0.454	1.0	1.0
31	3	94	3.839	0.374	17.742	0.575	1.0	1.0
31	3	91	3.516	0.508	18.129	0.718	1.0	1.0
31	3	88	2.839	0.523	19.097	0.7	1.0	1.0
31	3	85	2.484	0.724	19.839	1.128	1.0	1.0
31	3	82	2.097	0.301	20.935	0.964	1.0	1.0
31	3	79	2.0	0.0	21.581	1.025	1.0	1.0
31	3	76	1.935	0.25	23.161	1.036	1.0	1.0
31	3	73	1.839	0.374	25.065	1.652	1.0	1.0
31	3	70	1.548	0.506	27.581	3.854	1.0	1.0
31	3	67	0.862	0.639	29.348	3.498	0.677	0.742
31	3	64	0.067	0.254	33.333	2.309	0.065	0.097
31	3	61	0.0	0.0	nan	nan	0.0	0.0
31	3	58	0.0	0.0	nan	nan	0.0	0.0
31	3	55	0.0	0.0	nan	nan	0.0	0.0
31	3	52	0.0	0.0	nan	nan	0.0	0.0
31	3	49	0.0	0.0	nan	nan	0.0	0.0
31	3	46	0.0	0.0	nan	nan	0.0	0.0
31	3	43	0.0	0.0	nan	nan	0.0	0.0
31	3	40	0.0	0.0	nan	nan	0.0	0.0
0	4	97	4.032	0.795	18.355	0.486	1.0	1.0
0	4	94	3.452	0.675	18.935	0.854	1.0	1.0
0	4	91	3.032	0.18	19.581	0.672	1.0	1.0
0	4	88	3.0	0.0	20.387	0.955	1.0	1.0
0	4	85	3.0	0.0	21.355	0.798	1.0	1.0
0	4	82	3.0	0.0	22.516	1.122	1.0	1.0
0	4	79	2.903	0.301	23.516	1.029	1.0	1.0
0	4	76	2.645	0.486	25.419	1.232	1.0	1.0
0	4	73	2.097	0.301	27.161	2.035	1.0	1.0
0	4	70	1.935	0.25	30.548	2.514	1.0	1.0
0	4	67	1.452	0.568	34.033	3.316	0.968	0.968
0	4	64	0.233	0.43	38.125	3.137	0.226	0.258
0	4	61	0.0	0.0	nan	nan	0.0	0.0
0	4	58	0.0	0.0	nan	nan	0.0	0.0
0	4	55	0.0	0.0	nan	nan	0.0	0.0
0	4	52	0.0	0.0	nan	nan	0.0	0.0
0	4	49	0.0	0.0	nan	nan	0.0	0.0
0	4	46	0.0	0.0	nan	nan	0.0	0.0
0	4	43	0.0	0.0	nan	nan	0.0	0.0
0	4	40	0.0	0.0	nan	nan	0.0	0.0
1	4	97	3.226	0.425	19.581	0.765	1.0	1.0
1	4	94	3.032	0.18	20.097	0.746	1.0	1.0
1	4	91	3.032	0.18	20.613	0.803	1.0	1.0
1	4	88	2.968	0.18	21.645	0.798	1.0	1.0
1	4	85	2.903	0.301	22.677	0.748	1.0	1.0
1	4	82	2.677	0.475	23.903	1.136	1.0	1.0
1	4	79	2.355	0.486	24.484	1.061	1.0	1.0
1	4	76	2.065	0.25	26.29	1.465	1.0	1.0
1	4	73	2.032	0.18	28.194	1.74	1.0	1.0
1	4	70	1.897	0.409	31.742	2.516	0.935	1.0
1	4	67	1.31	0.806	33.96	2.189	0.742	0.806
1	4	64	0.032	0.18	37.0	0.0	0.032	0.032
1	4	61	0.0	0.0	nan	nan	0.0	0.0
1	4	58	0.0	0.0	nan	nan	0.0	0.0
1	4	55	0.0	0.0	nan	nan	0.0	0.0
1	4	52	0.0	0.0	nan	nan	0.0	0.0
1	4	49	0.0	0.0	nan	nan	0.0	0.0
1	4	46	0.0	0.0	nan	nan	0.0	0.0
1	4	43	0.0	0.0	nan	nan	0.0	0.0
1	4	40	0.0	0.0	nan	nan	0.0	0.0
2	4	97	3.484	0.626	17.71	0.588	1.0	1.0
2	4	94	2.742	0.575	18.065	0.442	1.0	1.0
2	4	91	2.226	0.425	18.613	0.558	1.0	1.0
2	4	88	2.065	0.25	19.29	0.693	1.0	1.0
2	4	85	2.0	0.0	20.097	0.831	1.0	1.0
2	4	82	2.0	0.0	20.774	0.92	1.0	1.0
2	4	79	1.871	0.341	22.355	1.226	1.0	1.0
2	4	76	1.484	0.508	23.613	1.334	1.0	1.0
2	4	73	1.097	0.301	25.29	1.465	1.0	1.0
2	4	70	0.897	0.31	27.536	2.769	0.839	0.903
2	4	67	0.226	0.425	29.0	3.0	0.226	0.226
2	4	64	0.0	0.0	35.0	0.0	0.0	0.032
2	4	61	0.0	0.0	nan	nan	0.0	0.0
2	4	58	0.0	0.0	nan	nan	0.0	0.0
2	4	55	0.0	0.0	nan	nan	0.0	0.0
2	4	52	0.0	0.0	nan	nan	0.0	0.0
2	4	49	0.0	0.0	nan	nan	0.0	0.0
2	4	46	0.0	0.0	nan	nan	0.0	0.0
2	4	43	0.0	0.0	nan	nan	0.0	0.0
2	4	40	0.0	0.0	nan	nan	0.0	0.0
3	4	97	3.161	0.374	18.968	0.706	1.0	1.0
3	4	94	3.0	0.0	20.0	0.73	1.0	1.0
3	4	91	3.0	0.258	20.548	1.15	1.0	1.0
3	4	88	2.935	0.25	21.129	0.718	1.0	1.0
3	4	85	2.677	0.475	22.194	1.108	1.0	1.0
3	4	82	2.258	0.445	23.419	1.177	1.0	1.0
3	4	79	2.129	0.341	24.774	1.087	1.0	1.0
3	4	76	2.0	0.0	26.258	1.548	1.0	1.0
3	4	73	2.0	0.0	28.129	2.125	1.0	1.0
3	4	70	1.742	0.514	31.633	2.798	0.968	0.968
3	4	67	1.185	0.834	34.583	3.387	0.645	0.774
3	4	64	0.143	0.356	36.143	1.345	0.129	0.226
3	4	61	0.0	0.0	nan	nan	0.0	0.0
3	4	58	0.0	0.0	nan	nan	0.0	0.0
3	4	55	0.0	0.0	nan	nan	0.0	0.0
3	4	52	0.0	0.0	nan	nan	0.0	0.0
3	4	49	0.0	0.0	nan	nan	0.0	0.0
3	4	46	0.0	0.0	nan	nan	0.0	0.0
3	4	43	0.0	0.0	nan	nan	0.0	0.0
3	4	40	0.0	0.0	nan	nan	0.0	0.0
4	4	97	4.161	0.374	21.839	0.735	1.0	1.0
4	4	94	4.065	0.25	22.032	0.795	1.0	1.0
4	4	91	4.0	0.0	23.0	0.775	1.0	1.0
4	4	88	4.0	0.0	23.806	0.792	1.0	1.0
4	4	85	3.774	0.425	24.71	0.824	1.0	1.0
4	4	82	3.419	0.502	25.516	0.89	1.0	1.0
4	4	79	3.065	0.25	26.71	1.346	1.0	1.0
4	4	76	3.0	0.0	27.742	1.237	1.0	1.0
4	4	73	2.968	0.18	30.032	1.853	1.0	1.0
4	4	70	2.645	0.608	32.452	1.804	1.0	1.0
4	4	67	1.484	0.724	36.581	3.063	1.0	1.0
4	4	64	0.833	0.531	40.333	4.104	0.742	0.774
4	4	61	0.129	0.341	40.5	3.109	0.129	0.129
4	4	58	0.0	0.0	nan	nan	0.0	0.0
4	4	55	0.0	0.0	nan	nan	0.0	0.0
4	4	52	0.0	0.0	nan	nan	0.0	0.0
4	4	49	0.0	0.0	nan	nan	0.0	0.0
4	4	46	0.0	0.0	nan	nan	0.0	0.0
4	4	43	0.0	0.0	nan	nan	0.0	0.0
4	4	40	0.0	0.0	nan	nan	0.0	0.0
5	4	97	3.903	0.301	19.774	0.617	1.0	1.0
5	4	94	3.806	0.402	20.677	0.599	1.0	1.0
5	4	91	3.419	0.502	21.258	0.965	1.0	1.0
5	4	88	3.161	0.374	21.806	0.703	1.0	1.0
5	4	85	3.065	0.25	23.194	0.946	1.0	1.0
5	4	82	2.903	0.301	24.226	0.99	1.0	1.0
5	4	79	2.871	0.341	25.032	1.169	1.0	1.0
5	4	76	2.581	0.502	26.452	1.261	1.0	1.0
5	4	73	2.226	0.425	28.548	1.65	1.0	1.0
5	4	70	1.806	0.402	31.71	2.866	1.0	1.0
5	4	67	1.25	0.701	35.0	3.305	0.774	0.871
5	4	64	0.107	0.416	38.2	4.438	0.065	0.161
5	4	61	0.0	0.0	nan	nan	0.0	0.0
5	4	58	0.0	0.0	nan	nan	0.0	0.0
5	4	55	0.0	0.0	nan	nan	0.0	0.0
5	4	52	0.0	0.0	nan	nan	0.0	0.0
5	4	49	0.0	0.0	nan	nan	0.0	0.0
5	4	46	0.0	0.0	nan	nan	0.0	0.0
5	4	43	0.0	0.0	nan	nan	0.0	0.0
5	4	40	0.0	0.0	nan	nan	0.0	0.0
6	4	97	4.0	0.365	19.29	0.693	1.0	1.0
6	4	94	3.677	0.541	19.774	0.805	1.0	1.0
6	4	91	3.387	0.495	20.355	0.915	1.0	1.0
6	4	88	3.226	0.425	20.903	1.136	1.0	1.0
6	4	85	3.065	0.359	22.032	1.169	1.0	1.0
6	4	82	2.742	0.445	22.742	1.29	1.0	1.0
6	4	79	2.484	0.508	24.29	1.51	1.0	1.0
6	4	76	2.194	0.402	25.0	1.342	1.0	1.0
6	4	73	2.0	0.447	27.567	2.373	0.968	0.968
6	4	70	1.867	0.507	29.567	3.104	0.935	0.968
6	4	67	1.258	0.855	32.087	3.704	0.742	0.742
6	4	64	0.296	0.609	36.0	3.801	0.194	0.323
6	4	61	0.0	0.0	nan	nan	0.0	0.0
6	4	58	0.0	0.0	nan	nan	0.0	0.0
6	4	55	0.0	0.0	nan	nan	0.0	0.0
6	4	52	0.0	0.0	nan	nan	0.0	0.0
6	4	49	0.0	0.0	nan	nan	0.0	0.0
6	4	46	0.0	0.0	nan	nan	0.0	0.0
6	4	43	0.0	0.0	nan	nan	0.0	0.0
6	4	40	0.0	0.0	nan	nan	0.0	0.0
7	4	97	3.581	0.62	18.355	0.551	1.0	1.0
7	4	94	3.129	0.341	18.839	0.523	1.0	1.0
7	4	91	2.968	0.18	19.806	0.873	1.0	1.0
7	4	88	2.871	0.341	20.032	0.706	1.0	1.0
7	4	85	2.677	0.475	21.0	1.065	1.0	1.0
7	4	82	2.258	0.445	22.194	0.833	1.0	1.0
7	4	79	2.097	0.301	23.161	1.036	1.0	1.0
7	4	76	2.0	0.0	24.903	1.044	1.0	1.0
7	4	73	1.871	0.428	26.1	1.689	0.968	0.968
7	4	70	1.677	0.475	28.645	2.229	1.0	1.0
7	4	67	0.821	0.863	32.778	3.135	0.484	0.581
7	4	64	0.0	0.0	36.25	1.258	0.0	0.129
7	4	61	0.0	0.0	nan	nan	0.0	0.0
7	4	58	0.0	0.0	nan	nan	0.0	0.0
7	4	55	0.0	0.0	nan	nan	0.0	0.0
7	4	52	0.0	0.0	nan	nan	0.0	0.0
7	4	49	0.0	0.0	nan	nan	0.0	0.0
7	4	46	0.0	0.0	nan	nan	0.0	0.0
7	4	43	0.0	0.0	nan	nan	0.0	0.0
7	4	40	0.0	0.0	nan	nan	0.0	0.0
8	4	97	4.194	0.402	22.71	0.588	1.0	1.0
8	4	94	4.0	0.258	23.806	0.703	1.0	1.0
8	4	91	3.871	0.341	24.226	0.717	1.0	1.0
8	4	88	3.677	0.475	25.258	1.064	1.0	1.0
8	4	85	3.419	0.502	26.032	0.912	1.0	1.0
8	4	82	3.0	0.0	27.226	0.92	1.0	1.0
8	4	79	3.0	0.0	28.387	1.585	1.0	1.0
8	4	76	2.742	0.514	30.032	2.152	1.0	1.0
8	4	73	2.258	0.855	32.484	3.295	1.0	1.0
8	4	70	1.774	0.669	34.258	3.172	1.0	1.0
8	4	67	0.667	0.606	39.526	5.316	0.581	0.613
8	4	64	0.161	0.454	40.0	4.546	0.129	0.129
8	4	61	0.0	0.0	nan	nan	0.0	0.0
8	4	58	0.0	0.0	nan	nan	0.0	0.0
8	4	55	0.0	0.0	nan	nan	0.0	0.0
8	4	52	0.0	0.0	nan	nan	0.0	0.0
8	4	49	0.0	0.0	nan	nan	0.0	0.0
8	4	46	0.0	0.0	nan	nan	0.0	0.0
8	4	43	0.0	0.0	nan	nan	0.0	0.0
8	4	40	0.0	0.0	nan	nan	0.0	0.0
9	4	97	3.645	0.486	17.935	0.629	1.0	1.0
9	4	94	2.871	0.846	18.355	0.551	1.0	1.0
9	4	91	2.323	0.541	19.0	0.577	1.0	1.0
9	4	88	2.129	0.341	19.194	0.654	1.0	1.0
9	4	85	2.0	0.0	20.29	0.783	1.0	1.0
9	4	82	2.0	0.0	21.065	0.854	1.0	1.0
9	4	79	2.0	0.0	22.323	1.249	1.0	1.0
9	4	76	1.839	0.374	23.484	1.235	1.0	1.0
9	4	73	1.484	0.508	25.065	2.081	1.0	1.0
9	4	70	1.161	0.374	27.226	1.875	1.0	1.0
9	4	67	0.783	0.518	31.52	3.331	0.548	0.806
9	4	64	0.0	0.0	37.0	0.0	0.0	0.032
9	4	61	0.0	0.0	nan	nan	0.0	0.0
9	4	58	0.0	0.0	nan	nan	0.0	0.0
9	4	55	0.0	0.0	nan	nan	0.0	0.0
9	4	52	0.0	0.0	nan	nan	0.0	0.0
9	4	49	0.0	0.0	nan	nan	0.0	0.0
9	4	46	0.0	0.0	nan	nan	0.0	0.0
9	4	43	0.0	0.0	nan	nan	0.0	0.0
9	4	40	0.0	0.0	nan	nan	0.0	0.0
10	4	97	3.71	0.461	17.032	0.315	1.0	1.0
10	4	94	3.032	0.482	17.677	0.599	1.0	1.0
10	4	91	2.645	0.608	18.194	0.477	1.0	1.0
10	4	88	2.258	0.445	18.645	0.709	1.0	1.0
10	4	85	2.065	0.25	19.258	0.815	1.0	1.0
10	4	82	2.0	0.0	19.968	0.948	1.0	1.0
10	4	79	2.0	0.0	21.355	1.17	1.0	1.0
10	4	76	1.613	0.495	22.581	1.259	1.0	1.0
10	4	73	1.226	0.425	24.29	1.811	1.0	1.0
10	4	70	0.903	0.301	26.536	2.301	0.903	0.903
10	4	67	0.69	0.471	28.864	3.241	0.645	0.71
10	4	64	0.0	0.0	nan	nan	0.0	0.0
10	4	61	0.0	0.0	nan	nan	0.0	0.0
10	4	58	0.0	0.0	nan	nan	0.0	0.0
10	4	55	0.0	0.0	nan	nan	0.0	0.0
10	4	52	0.0	0.0	nan	nan	0.0	0.0
10	4	49	0.0	0.0	nan	nan	0.0	0.0
10	4	46	0.0	0.0	nan	nan	0.0	0.0
10	4	43	0.0	0.0	nan	nan	0.0	0.0
10	4	40	0.0	0.0	nan	nan	0.0	0.0
11	4	97	3.097	0.301	19.032	0.657	1.0	1.0
11	4	94	3.0	0.0	19.419	0.564	1.0	1.0
11	4	91	2.968	0.18	19.903	0.79	1.0	1.0
11	4	88	2.677	0.475	20.516	0.626	1.0	1.0
11	4	85	2.258	0.445	21.484	1.122	1.0	1.0
11	4	82	2.097	0.301	22.452	0.723	1.0	1.0
11	4	79	2.0	0.0	23.548	0.961	1.0	1.0
11	4	76	2.0	0.0	24.645	1.305	1.0	1.0
11	4	73	1.871	0.341	26.774	1.454	1.0	1.0
11	4	70	1.433	0.626	29.586	3.213	0.903	0.935
11	4	67	0.556	0.751	32.933	3.058	0.355	0.484
11	4	64	0.097	0.396	33.0	0.0	0.065	0.065
11	4	61	0.0	0.0	nan	nan	0.0	0.0
11	4	58	0.0	0.0	nan	nan	0.0	0.0
11	4	55	0.0	0.0	nan	nan	0.0	0.0
11	4	52	0.0	0.0	nan	nan	0.0	0.0
11	4	49	0.0	0.0	nan	nan	0.0	0.0
11	4	46	0.0	0.0	nan	nan	0.0	0.0
11	4	43	0.0	0.0	nan	nan	0.0	0.0
11	4	40	0.0	0.0	nan	nan	0.0	0.0
12	4	97	3.839	0.454	18.935	0.442	1.0	1.0
12	4	94	3.355	0.486	19.742	0.729	1.0	1.0
12	4	91	3.129	0.341	20.419	0.807	1.0	1.0
12	4	88	3.0	0.0	21.323	1.013	1.0	1.0
12	4	85	3.0	0.0	21.903	0.651	1.0	1.0
12	4	82	3.0	0.0	23.323	1.077	1.0	1.0
12	4	79	2.935	0.25	24.645	0.839	1.0	1.0
12	4	76	2.71	0.461	26.323	1.194	1.0	1.0
12	4	73	2.194	0.477	28.484	2.234	1.0	1.0
12	4	70	1.871	0.499	31.677	2.868	1.0	1.0
12	4	67	1.276	0.528	36.4	3.997	0.903	0.968
12	4	64	0.258	0.445	39.125	2.997	0.258	0.258
12	4	61	0.0	0.0	nan	nan	0.0	0.0
12	4	58	0.0	0.0	nan	nan	0.0	0.0
12	4	55	0.0	0.0	nan	nan	0.0	0.0
12	4	52	0.0	0.0	nan	nan	0.0	0.0
12	4	49	0.0	0.0	nan	nan	0.0	0.0
12	4	46	0.0	0.0	nan	nan	0.0	0.0
12	4	43	0.0	0.0	nan	nan	0.0	0.0
12	4	40	0.0	0.0	nan	nan	0.0	0.0
13	4	97	3.226	0.497	18.71	0.529	1.0	1.0
13	4	94	2.968	0.315	19.065	0.512	1.0	1.0
13	4	91	2.677	0.475	20.161	0.688	1.0	1.0
13	4	88	2.258	0.445	20.613	0.761	1.0	1.0
13	4	85	2.097	0.301	21.387	0.882	1.0	1.0
13	4	82	2.0	0.0	22.581	0.886	1.0	1.0
13	4	79	2.0	0.0	23.194	0.873	1.0	1.0
13	4	76	1.968	0.18	24.871	1.231	1.0	1.0
13	4	73	1.968	0.18	26.355	1.45	1.0	1.0
13	4	70	1.655	0.484	29.871	2.717	0.935	1.0
13	4	67	0.591	0.666	33.65	2.434	0.355	0.645
13	4	64	0.0	0.0	38.0	0.0	0.0	0.032
13	4	61	0.0	0.0	nan	nan	0.0	0.0
13	4	58	0.0	0.0	nan	nan	0.0	0.0
13	4	55	0.0	0.0	nan	nan	0.0	0.0
13	4	52	0.0	0.0	nan	nan	0.0	0.0
13	4	49	0.0	0.0	nan	nan	0.0	0.0
13	4	46	0.0	0.0	nan	nan	0.0	0.0
13	4	43	0.0	0.0	nan	nan	0.0	0.0
13	4	40	0.0	0.0	nan	nan	0.0	0.0
14	4	97	3.323	0.541	18.581	0.564	1.0	1.0
14	4	94	3.032	0.18	19.258	0.773	1.0	1.0
14	4	91	3.0	0.0	20.161	0.934	1.0	1.0
14	4	88	3.0	0.0	20.839	0.735	1.0	1.0
14	4	85	3.0	0.0	21.774	1.023	1.0	1.0
14	4	82	2.71	0.461	23.032	0.795	1.0	1.0
14	4	79	2.258	0.445	24.387	1.283	1.0	1.0
14	4	76	2.0	0.0	25.613	1.116	1.0	1.0
14	4	73	2.0	0.0	27.0	2.017	1.0	1.0
14	4	70	1.774	0.425	30.839	2.945	1.0	1.0
14	4	67	1.645	0.486	33.29	2.194	1.0	1.0
14	4	64	0.222	0.506	39.333	3.841	0.161	0.29
14	4	61	0.0	0.0	nan	nan	0.0	0.0
14	4	58	0.0	0.0	nan	nan	0.0	0.0
14	4	55	0.0	0.0	nan	nan	0.0	0.0
14	4	52	0.0	0.0	nan	nan	0.0	0.0
14	4	49	0.0	0.0	nan	nan	0.0	0.0
14	4	46	0.0	0.0	nan	nan	0.0	0.0
14	4	43	0.0	0.0	nan	nan	0.0	0.0
14	4	40	0.0	0.0	nan	nan	0.0	0.0
15	4	97	3.871	0.341	17.613	0.667	1.0	1.0
15	4	94	3.452	0.506	18.258	0.631	1.0	1.0
15	4	91	3.0	0.0	19.161	0.779	1.0	1.0
15	4	88	3.0	0.258	19.548	1.06	1.0	1.0
15	4	85	2.871	0.341	20.903	0.944	1.0	1.0
15	4	82	2.452	0.506	22.258	1.154	1.0	1.0
15	4	79	2.097	0.301	23.161	1.036	1.0	1.0
15	4	76	2.0	0.0	24.871	1.31	1.0	1.0
15	4	73	2.032	0.18	26.613	1.745	1.0	1.0
15	4	70	1.733	0.521	31.433	2.921	0.935	0.968
15	4	67	1.286	0.81	34.28	4.108	0.71	0.806
15	4	64	0.154	0.368	36.778	2.489	0.129	0.29
15	4	61	0.0	0.0	nan	nan	0.0	0.0
15	4	58	0.0	0.0	nan	nan	0.0	0.0
15	4	55	0.0	0.0	nan	nan	0.0	0.0
15	4	52	0.0	0.0	nan	nan	0.0	0.0
15	4	49	0.0	0.0	nan	nan	0.0	0.0
15	4	46	0.0	0.0	nan	nan	0.0	0.0
15	4	43	0.0	0.0	nan	nan	0.0	0.0
15	4	40	0.0	0.0	nan	nan	0.0	0.0
16	4	97	4.097	0.301	19.903	0.7	1.0	1.0
16	4	94	3.839	0.374	20.484	0.851	1.0	1.0
16	4	91	3.774	0.425	21.677	0.979	1.0	1.0
16	4	88	3.419	0.502	22.387	1.174	1.0	1.0
16	4	85	3.161	0.374	23.677	1.137	1.0	1.0
16	4	82	3.032	0.18	24.065	0.998	1.0	1.0
16	4	79	2.871	0.341	24.935	1.209	1.0	1.0
16	4	76	2.677	0.475	27.0	1.211	1.0	1.0
16	4	73	2.548	0.506	28.903	1.85	1.0	1.0
16	4	70	1.933	0.74	31.567	3.213	0.935	0.968
16	4	67	1.267	0.828	34.44	3.267	0.774	0.806
16	4	64	0.538	0.508	39.789	3.568	0.452	0.613
16	4	61	0.032	0.18	41.0	0.0	0.032	0.032
16	4	58	0.0	0.0	nan	nan	0.0	0.0
16	4	55	0.0	0.0	nan	nan	0.0	0.0
16	4	52	0.0	0.0	nan	nan	0.0	0.0
16	4	49	0.0	0.0	nan	nan	0.0	0.0
16	4	46	0.0	0.0	nan	nan	0.0	0.0
16	4	43	0.0	0.0	nan	nan	0.0	0.0
16	4	40	0.0	0.0	nan	nan	0.0	0.0
17	4	97	3.258	0.514	18.806	0.703	1.0	1.0
17	4	94	3.097	0.301	19.355	0.709	1.0	1.0
17	4	91	3.0	0.0	20.29	0.824	1.0	1.0
17	4	88	2.903	0.301	21.161	0.898	1.0	1.0
17	4	85	2.968	0.18	22.161	0.969	1.0	1.0
17	4	82	2.677	0.475	23.387	0.989	1.0	1.0
17	4	79	2.161	0.374	24.516	0.851	1.0	1.0
17	4	76	2.0	0.0	25.645	1.684	1.0	1.0
17	4	73	2.0	0.0	27.355	1.561	1.0	1.0
17	4	70	1.839	0.374	31.0	2.608	1.0	1.0
17	4	67	1.231	0.863	33.458	3.007	0.613	0.774
17	4	64	0.29	0.588	34.143	4.451	0.226	0.226
17	4	61	0.0	0.0	nan	nan	0.0	0.0
17	4	58	0.0	0.0	nan	nan	0.0	0.0
17	4	55	0.0	0.0	nan	nan	0.0	0.0
17	4	52	0.0	0.0	nan	nan	0.0	0.0
17	4	49	0.0	0.0	nan	nan	0.0	0.0
17	4	46	0.0	0.0	nan	nan	0.0	0.0
17	4	43	0.0	0.0	nan	nan	0.0	0.0
17	4	40	0.0	0.0	nan	nan	0.0	0.0
18	4	97	3.968	0.18	19.516	0.57	1.0	1.0
18	4	94	3.871	0.341	20.258	0.682	1.0	1.0
18	4	91	3.806	0.402	20.742	0.682	1.0	1.0
18	4	88	3.129	0.341	22.032	0.875	1.0	1.0
18	4	85	3.032	0.18	22.613	1.145	1.0	1.0
18	4	82	3.0	0.0	24.0	0.683	1.0	1.0
18	4	79	3.0	0.0	25.258	1.064	1.0	1.0
18	4	76	2.742	0.445	27.0	1.713	1.0	1.0
18	4	73	2.355	0.661	29.677	2.786	1.0	1.0
18	4	70	1.806	0.543	32.645	2.589	1.0	1.0
18	4	67	1.032	0.482	37.214	3.107	0.903	0.903
18	4	64	0.552	0.506	40.833	3.468	0.516	0.581
18	4	61	0.0	0.0	nan	nan	0.0	0.0
18	4	58	0.0	0.0	nan	nan	0.0	0.0
18	4	55	0.0	0.0	nan	nan	0.0	0.0
18	4	52	0.0	0.0	nan	nan	0.0	0.0
18	4	49	0.0	0.0	nan	nan	0.0	0.0
18	4	46	0.0	0.0	nan	nan	0.0	0.0
18	4	43	0.0	0.0	nan	nan	0.0	0.0
18	4	40	0.0	0.0	nan	nan	0.0	0.0
19	4	97	4.226	0.497	18.613	0.558	1.0	1.0
19	4	94	3.806	0.601	19.0	0.632	1.0	1.0
19	4	91	3.323	0.541	19.839	0.82	1.0	1.0
19	4	88	3.0	0.0	21.0	0.856	1.0	1.0
19	4	85	3.0	0.0	21.903	0.944	1.0	1.0
19	4	82	3.0	0.0	23.29	0.938	1.0	1.0
19	4	79	2.903	0.301	24.29	0.902	1.0	1.0
19	4	76	2.516	0.508	25.871	1.5	1.0	1.0
19	4	73	2.065	0.25	28.0	1.966	1.0	1.0
19	4	70	1.903	0.301	31.548	2.188	1.0	1.0
19	4	67	1.387	0.558	35.433	2.967	0.968	0.968
19	4	64	0.448	0.506	40.133	4.257	0.419	0.484
19	4	61	0.0	0.0	nan	nan	0.0	0.0
19	4	58	0.0	0.0	nan	nan	0.0	0.0
19	4	55	0.0	0.0	nan	nan	0.0	0.0
19	4	52	0.0	0.0	nan	nan	0.0	0.0
19	4	49	0.0	0.0	nan	nan	0.0	0.0
19	4	46	0.0	0.0	nan	nan	0.0	0.0
19	4	43	0.0	0.0	nan	nan	0.0	0.0
19	4	40	0.0	0.0	nan	nan	0.0	0.0
20	4	97	3.516	0.508	18.226	0.56	1.0	1.0
20	4	94	3.097	0.301	18.935	0.727	1.0	1.0
20	4	91	3.0	0.0	19.839	0.779	1.0	1.0
20	4	88	3.0	0.0	20.29	1.101	1.0	1.0
20	4	85	2.935	0.25	21.774	1.087	1.0	1.0
20	4	82	2.548	0.506	23.0	1.0	1.0	1.0
20	4	79	2.194	0.402	24.29	1.346	1.0	1.0
20	4	76	2.097	0.301	25.548	1.387	1.0	1.0
20	4	73	2.0	0.0	28.419	2.63	1.0	1.0
20	4	70	1.935	0.25	31.387	2.186	1.0	1.0
20	4	67	1.179	0.772	34.6	3.937	0.71	0.806
20	4	64	0.179	0.39	40.5	2.726	0.161	0.258
20	4	61	0.032	0.18	43.0	0.0	0.032	0.032
20	4	58	0.0	0.0	nan	nan	0.0	0.0
20	4	55	0.0	0.0	nan	nan	0.0	0.0
20	4	52	0.0	0.0	nan	nan	0.0	0.0
20	4	49	0.0	0.0	nan	nan	0.0	0.0
20	4	46	0.0	0.0	nan	nan	0.0	0.0
20	4	43	0.0	0.0	nan	nan	0.0	0.0
20	4	40	0.0	0.0	nan	nan	0.0	0.0
21	4	97	3.806	0.477	17.484	0.57	1.0	1.0
21	4	94	3.677	0.541	17.968	0.547	1.0	1.0
21	4	91	3.226	0.56	18.71	0.693	1.0	1.0
21	4	88	2.516	0.57	19.419	0.72	1.0	1.0
21	4	85	2.161	0.374	20.194	0.749	1.0	1.0
21	4	82	2.0	0.0	21.484	0.677	1.0	1.0
21	4	79	2.0	0.0	21.645	1.018	1.0	1.0
21	4	76	2.0	0.0	23.677	1.194	1.0	1.0
21	4	73	1.806	0.402	24.871	1.204	1.0	1.0
21	4	70	1.621	0.494	26.903	2.688	0.935	1.0
21	4	67	0.926	0.474	31.407	3.19	0.742	0.871
21	4	64	0.133	0.434	32.0	3.162	0.097	0.129
21	4	61	0.0	0.0	nan	nan	0.0	0.0
21	4	58	0.0	0.0	nan	nan	0.0	0.0
21	4	55	0.0	0.0	nan	nan	0.0	0.0
21	4	52	0.0	0.0	nan	nan	0.0	0.0
21	4	49	0.0	0.0	nan	nan	0.0	0.0
21	4	46	0.0	0.0	nan	nan	0.0	0.0
21	4	43	0.0	0.0	nan	nan	0.0	0.0
21	4	40	0.0	0.0	nan	nan	0.0	0.0
22	4	97	3.903	0.301	17.581	0.72	1.0	1.0
22	4	94	3.548	0.506	18.194	0.654	1.0	1.0
22	4	91	3.258	0.445	18.548	0.568	1.0	1.0
22	4	88	3.0	0.0	19.548	0.723	1.0	1.0
22	4	85	2.839	0.454	20.484	1.18	1.0	1.0
22	4	82	2.355	0.486	21.677	0.979	1.0	1.0
22	4	79	2.097	0.301	22.419	1.025	1.0	1.0
22	4	76	2.0	0.0	23.935	1.093	1.0	1.0
22	4	73	2.0	0.0	26.548	2.03	1.0	1.0
22	4	70	2.0	0.0	28.419	2.062	1.0	1.0
22	4	67	1.556	0.698	33.143	4.152	0.774	0.903
22	4	64	0.4	0.5	37.188	2.971	0.323	0.516
22	4	61	0.0	0.0	nan	nan	0.0	0.0
22	4	58	0.0	0.0	nan	nan	0.0	0.0
22	4	55	0.0	0.0	nan	nan	0.0	0.0
22	4	52	0.0	0.0	nan	nan	0.0	0.0
22	4	49	0.0	0.0	nan	nan	0.0	0.0
22	4	46	0.0	0.0	nan	nan	0.0	0.0
22	4	43	0.0	0.0	nan	nan	0.0	0.0
22	4	40	0.0	0.0	nan	nan	0.0	0.0
23	4	97	4.0	0.0	16.935	0.574	1.0	1.0
23	4	94	3.613	0.558	17.387	0.615	1.0	1.0
23	4	91	3.065	0.68	18.0	0.931	1.0	1.0
23	4	88	2.452	0.506	18.516	0.626	1.0	1.0
23	4	85	2.0	0.0	19.29	0.693	1.0	1.0
23	4	82	2.032	0.18	20.387	1.086	1.0	1.0
23	4	79	2.0	0.0	21.387	1.283	1.0	1.0
23	4	76	1.935	0.25	23.032	0.912	1.0	1.0
23	4	73	1.677	0.475	24.161	1.214	1.0	1.0
23	4	70	1.133	0.434	26.367	2.266	0.935	0.968
23	4	67	0.933	0.521	29.654	2.576	0.806	0.839
23	4	64	0.115	0.326	33.5	3.817	0.097	0.258
23	4	61	0.0	0.0	nan	nan	0.0	0.0
23	4	58	0.0	0.0	nan	nan	0.0	0.0
23	4	55	0.0	0.0	nan	nan	0.0	0.0
23	4	52	0.0	0.0	nan	nan	0.0	0.0
23	4	49	0.0	0.0	nan	nan	0.0	0.0
23	4	46	0.0	0.0	nan	nan	0.0	0.0
23	4	43	0.0	0.0	nan	nan	0.0	0.0
23	4	40	0.0	0.0	nan	nan	0.0	0.0
24	4	97	4.097	0.539	18.742	0.93	1.0	1.0
24	4	94	3.968	0.482	19.032	0.706	1.0	1.0
24	4	91	3.548	0.568	19.839	1.036	1.0	1.0
24	4	88	3.323	0.475	20.839	1.003	1.0	1.0
24	4	85	3.065	0.359	21.452	1.179	1.0	1.0
24	4	82	2.935	0.25	22.581	1.232	1.0	1.0
24	4	79	2.806	0.402	23.484	1.061	1.0	1.0
24	4	76	2.581	0.502	24.806	1.376	1.0	1.0
24	4	73	2.484	0.508	26.032	2.025	1.0	1.0
24	4	70	2.129	0.718	27.586	2.292	0.935	0.935
24	4	67	1.8	0.664	30.241	3.334	0.903	0.935
24	4	64	0.833	0.913	32.938	2.67	0.484	0.516
24	4	61	0.194	0.543	34.0	2.16	0.129	0.129
24	4	58	0.0	0.0	nan	nan	0.0	0.0
24	4	55	0.0	0.0	nan	nan	0.0	0.0
24	4	52	0.0	0.0	nan	nan	0.0	0.0
24	4	49	0.0	0.0	nan	nan	0.0	0.0
24	4	46	0.0	0.0	nan	nan	0.0	0.0
24	4	43	0.0	0.0	nan	nan	0.0	0.0
24	4	40	0.0	0.0	nan	nan	0.0	0.0
25	4	97	3.129	0.341	19.484	0.626	1.0	1.0
25	4	94	3.0	0.0	20.419	0.886	1.0	1.0
25	4	91	3.0	0.0	21.387	0.989	1.0	1.0
25	4	88	3.0	0.0	21.871	0.957	1.0	1.0
25	4	85	2.903	0.301	22.903	0.651	1.0	1.0
25	4	82	2.581	0.502	23.548	0.888	1.0	1.0
25	4	79	2.161	0.374	25.097	1.044	1.0	1.0
25	4	76	2.065	0.25	26.516	1.691	1.0	1.0
25	4	73	2.032	0.18	28.484	2.336	1.0	1.0
25	4	70	1.786	0.568	31.621	2.336	0.839	0.935
25	4	67	0.885	0.711	35.0	2.505	0.581	0.742
25	4	64	0.103	0.31	37.6	3.286	0.097	0.161
25	4	61	0.0	0.0	nan	nan	0.0	0.0
25	4	58	0.0	0.0	nan	nan	0.0	0.0
25	4	55	0.0	0.0	nan	nan	0.0	0.0
25	4	52	0.0	0.0	nan	nan	0.0	0.0
25	4	49	0.0	0.0	nan	nan	0.0	0.0
25	4	46	0.0	0.0	nan	nan	0.0	0.0
25	4	43	0.0	0.0	nan	nan	0.0	0.0
25	4	40	0.0	0.0	nan	nan	0.0	0.0
26	4	97	3.613	0.667	18.065	0.629	1.0	1.0
26	4	94	3.323	0.599	18.677	0.748	1.0	1.0
26	4	91	3.097	0.396	19.161	0.82	1.0	1.0
26	4	88	2.871	0.341	20.032	0.706	1.0	1.0
26	4	85	2.774	0.425	21.097	1.106	1.0	1.0
26	4	82	2.484	0.508	21.839	0.86	1.0	1.0
26	4	79	2.097	0.301	22.677	1.107	1.0	1.0
26	4	76	2.032	0.18	24.032	1.354	1.0	1.0
26	4	73	1.968	0.18	25.903	1.68	1.0	1.0
26	4	70	1.9	0.305	28.452	2.896	0.968	1.0
26	4	67	1.69	0.66	30.357	3.519	0.839	0.903
26	4	64	0.345	0.67	32.333	3.317	0.226	0.29
26	4	61	0.0	0.0	nan	nan	0.0	0.0
26	4	58	0.0	0.0	nan	nan	0.0	0.0
26	4	55	0.0	0.0	nan	nan	0.0	0.0
26	4	52	0.0	0.0	nan	nan	0.0	0.0
26	4	49	0.0	0.0	nan	nan	0.0	0.0
26	4	46	0.0	0.0	nan	nan	0.0	0.0
26	4	43	0.0	0.0	nan	nan	0.0	0.0
26	4	40	0.0	0.0	nan	nan	0.0	0.0
27	4	97	5.065	0.25	20.0	0.73	1.0	1.0
27	4	94	5.0	0.0	20.806	0.792	1.0	1.0
27	4	91	4.806	0.402	21.677	0.748	1.0	1.0
27	4	88	4.613	0.495	22.323	0.945	1.0	1.0
27	4	85	4.097	0.301	23.419	0.807	1.0	1.0
27	4	82	4.0	0.0	24.323	0.909	1.0	1.0
27	4	79	4.0	0.0	25.645	1.17	1.0	1.0
27	4	76	3.839	0.374	27.323	1.851	1.0	1.0
27	4	73	3.194	0.402	30.0	1.932	1.0	1.0
27	4	70	2.806	0.402	32.419	2.718	1.0	1.0
27	4	67	2.258	0.445	36.355	3.411	1.0	1.0
27	4	64	1.867	0.571	41.0	4.339	0.935	0.968
27	4	61	0.25	0.585	48.5	5.732	0.161	0.258
27	4	58	0.033	0.183	49.5	4.95	0.032	0.065
27	4	55	0.0	0.0	nan	nan	0.0	0.0
27	4	52	0.0	0.0	nan	nan	0.0	0.0
27	4	49	0.0	0.0	nan	nan	0.0	0.0
27	4	46	0.0	0.0	nan	nan	0.0	0.0
27	4	43	0.0	0.0	nan	nan	0.0	0.0
27	4	40	0.0	0.0	nan	nan	0.0	0.0
28	4	97	4.194	0.402	18.677	0.475	1.0	1.0
28	4	94	4.0	0.0	19.419	0.72	1.0	1.0
28	4	91	4.032	0.18	19.839	0.779	1.0	1.0
28	4	88	3.839	0.374	21.032	0.948	1.0	1.0
28	4	85	3.484	0.508	22.065	0.998	1.0	1.0
28	4	82	3.161	0.374	23.29	1.006	1.0	1.0
28	4	79	3.032	0.18	24.839	1.344	1.0	1.0
28	4	76	3.0	0.0	26.032	1.016	1.0	1.0
28	4	73	2.871	0.341	28.29	2.254	1.0	1.0
28	4	70	2.419	0.672	30.161	2.423	1.0	1.0
28	4	67	1.581	0.765	35.645	3.954	1.0	1.0
28	4	64	0.613	0.495	39.632	3.253	0.613	0.613
28	4	61	0.065	0.25	39.5	2.121	0.065	0.065
28	4	58	0.0	0.0	nan	nan	0.0	0.0
28	4	55	0.0	0.0	nan	nan	0.0	0.0
28	4	52	0.0	0.0	nan	nan	0.0	0.0
28	4	49	0.0	0.0	nan	nan	0.0	0.0
28	4	46	0.0	0.0	nan	nan	0.0	0.0
28	4	43	0.0	0.0	nan	nan	0.0	0.0
28	4	40	0.0	0.0	nan	nan	0.0	0.0
29	4	97	3.032	0.18	16.806	0.601	1.0	1.0
29	4	94	2.968	0.18	17.387	0.558	1.0	1.0
29	4	91	2.903	0.301	17.742	0.631	1.0	1.0
29	4	88	2.452	0.506	18.452	0.568	1.0	1.0
29	4	85	2.032	0.407	19.161	0.735	1.0	1.0
29	4	82	1.903	0.396	19.774	0.92	1.0	1.0
29	4	79	1.516	0.508	20.806	1.078	1.0	1.0
29	4	76	1.194	0.402	22.452	1.121	1.0	1.0
29	4	73	1.097	0.301	22.871	1.455	1.0	1.0
29	4	70	1.0	0.0	25.129	1.803	1.0	1.0
29	4	67	0.71	0.461	27.136	2.336	0.71	0.71
29	4	64	0.258	0.445	29.0	2.619	0.258	0.258
29	4	61	0.0	0.0	nan	nan	0.0	0.0
29	4	58	0.0	0.0	nan	nan	0.0	0.0
29	4	55	0.0	0.0	nan	nan	0.0	0.0
29	4	52	0.0	0.0	nan	nan	0.0	0.0
29	4	49	0.0	0.0	nan	nan	0.0	0.0
29	4	46	0.0	0.0	nan	nan	0.0	0.0
29	4	43	0.0	0.0	nan	nan	0.0	0.0
29	4	40	0.0	0.0	nan	nan	0.0	0.0
30	4	97	3.484	0.57	18.581	0.62	1.0	1.0
30	4	94	3.29	0.461	19.0	0.816	1.0	1.0
30	4	91	3.129	0.428	19.516	0.89	1.0	1.0
30	4	88	3.0	0.0	20.226	0.805	1.0	1.0
30	4	85	2.774	0.425	21.226	0.805	1.0	1.0
30	4	82	2.645	0.486	22.097	1.012	1.0	1.0
30	4	79	2.194	0.402	23.161	1.157	1.0	1.0
30	4	76	2.065	0.25	24.548	1.457	1.0	1.0
30	4	73	2.0	0.0	26.194	1.887	1.0	1.0
30	4	70	1.935	0.359	27.3	1.932	0.968	0.968
30	4	67	1.733	0.45	30.645	2.484	0.968	1.0
30	4	64	0.536	0.793	33.077	2.178	0.323	0.419
30	4	61	0.167	0.531	34.75	2.63	0.097	0.129
30	4	58	0.0	0.0	nan	nan	0.0	0.0
30	4	55	0.0	0.0	nan	nan	0.0	0.0
30	4	52	0.0	0.0	nan	nan	0.0	0.0
30	4	49	0.0	0.0	nan	nan	0.0	0.0
30	4	46	0.0	0.0	nan	nan	0.0	0.0
30	4	43	0.0	0.0	nan	nan	0.0	0.0
30	4	40	0.0	0.0	nan	nan	0.0	0.0
31	4	97	3.645	0.551	17.065	0.629	1.0	1.0
31	4	94	3.29	0.643	17.71	0.693	1.0	1.0
31	4	91	2.774	0.669	17.968	0.605	1.0	1.0
31	4	88	2.194	0.402	18.645	0.661	1.0	1.0
31	4	85	2.065	0.25	19.258	0.773	1.0	1.0
31	4	82	2.0	0.0	20.29	1.039	1.0	1.0
31	4	79	1.968	0.18	21.71	1.131	1.0	1.0
31	4	76	1.871	0.341	22.613	1.174	1.0	1.0
31	4	73	1.419	0.502	23.935	1.237	1.0	1.0
31	4	70	1.067	0.365	26.433	2.223	0.935	0.968
31	4	67	0.733	0.45	28.043	3.052	0.71	0.742
31	4	64	0.161	0.374	30.2	3.114	0.161	0.161
31	4	61	0.0	0.0	nan	nan	0.0	0.0
31	4	58	0.0	0.0	nan	nan	0.0	0.0
31	4	55	0.0	0.0	nan	nan	0.0	0.0
31	4	52	0.0	0.0	nan	nan	0.0	0.0
31	4	49	0.0	0.0	nan	nan	0.0	0.0
31	4	46	0.0	0.0	nan	nan	0.0	0.0
31	4	43	0.0	0.0	nan	nan	0.0	0.0
31	4	40	0.0	0.0	nan	nan	0.0	0.0
0	5	97	4.613	0.495	19.613	0.615	1.0	1.0
0	5	94	4.129	0.341	20.194	0.654	1.0	1.0
0	5	91	4.032	0.18	21.258	0.815	1.0	1.0
0	5	88	4.0	0.0	21.903	0.831	1.0	1.0
0	5	85	4.0	0.0	23.0	0.856	1.0	1.0
0	5	82	3.548	0.506	24.323	1.013	1.0	1.0
0	5	79	3.161	0.374	25.806	1.447	1.0	1.0
0	5	76	3.0	0.0	27.161	1.594	1.0	1.0
0	5	73	3.0	0.0	29.194	1.642	1.0	1.0
0	5	70	2.806	0.543	31.258	2.633	1.0	1.0
0	5	67	2.0	0.894	34.903	2.856	1.0	1.0
0	5	64	1.233	0.43	40.452	3.385	0.968	1.0
0	5	61	0.194	0.402	42.667	3.615	0.194	0.194
0	5	58	0.0	0.0	nan	nan	0.0	0.0
0	5	55	0.0	0.0	nan	nan	0.0	0.0
0	5	52	0.0	0.0	nan	nan	0.0	0.0
0	5	49	0.0	0.0	nan	nan	0.0	0.0
0	5	46	0.0	0.0	nan	nan	0.0	0.0
0	5	43	0.0	0.0	nan	nan	0.0	0.0
0	5	40	0.0	0.0	nan	nan	0.0	0.0
1	5	97	3.097	0.301	19.548	0.624	1.0	1.0
1	5	94	3.0	0.0	20.129	0.718	1.0	1.0
1	5	91	3.0	0.0	21.129	0.806	1.0	1.0
1	5	88	3.0	0.0	22.161	0.779	1.0	1.0
1	5	85	2.903	0.301	23.194	0.703	1.0	1.0
1	5	82	2.452	0.506	24.29	1.131	1.0	1.0
1	5	79	2.161	0.374	26.065	1.459	1.0	1.0
1	5	76	2.0	0.0	28.774	1.961	1.0	1.0
1	5	73	2.0	0.0	30.935	2.366	1.0	1.0
1	5	70	1.345	0.484	35.387	3.169	0.935	1.0
1	5	67	0.333	0.555	37.75	3.888	0.258	0.387
1	5	64	0.0	0.0	nan	nan	0.0	0.0
1	5	61	0.0	0.0	nan	nan	0.0	0.0
1	5	58	0.0	0.0	nan	nan	0.0	0.0
1	5	55	0.0	0.0	nan	nan	0.0	0.0
1	5	52	0.0	0.0	nan	nan	0.0	0.0
1	5	49	0.0	0.0	nan	nan	0.0	0.0
1	5	46	0.0	0.0	nan	nan	0.0	0.0
1	5	43	0.0	0.0	nan	nan	0.0	0.0
1	5	40	0.0	0.0	nan	nan	0.0	0.0
2	5	97	3.677	0.475	18.065	0.574	1.0	1.0
2	5	94	3.323	0.475	18.419	0.502	1.0	1.0
2	5	91	3.065	0.25	19.097	0.597	1.0	1.0
2	5	88	2.71	0.461	19.839	0.688	1.0	1.0
2	5	85	2.452	0.506	20.484	0.811	1.0	1.0
2	5	82	2.226	0.425	21.581	0.807	1.0	1.0
2	5	79	2.032	0.18	22.516	0.962	1.0	1.0
2	5	76	2.0	0.0	23.839	1.267	1.0	1.0
2	5	73	1.903	0.301	26.323	2.613	1.0	1.0
2	5	70	1.759	0.435	28.387	3.019	0.935	1.0
2	5	67	1.037	0.759	30.417	3.694	0.645	0.774
2	5	64	0.032	0.18	29.0	0.0	0.032	0.032
2	5	61	0.0	0.0	nan	nan	0.0	0.0
2	5	58	0.0	0.0	nan	nan	0.0	0.0
2	5	55	0.0	0.0	nan	nan	0.0	0.0
2	5	52	0.0	0.0	nan	nan	0.0	0.0
2	5	49	0.0	0.0	nan	nan	0.0	0.0
2	5	46	0.0	0.0	nan	nan	0.0	0.0
2	5	43	0.0	0.0	nan	nan	0.0	0.0
2	5	40	0.0	0.0	nan	nan	0.0	0.0
3	5	97	3.419	0.502	18.387	0.615	1.0	1.0
3	5	94	3.129	0.341	18.839	0.583	1.0	1.0
3	5	91	3.097	0.301	19.065	0.998	1.0	1.0
3	5	88	2.903	0.301	20.065	1.063	1.0	1.0
3	5	85	2.581	0.502	21.097	0.7	1.0	1.0
3	5	82	2.226	0.425	21.484	0.724	1.0	1.0
3	5	79	2.129	0.341	23.0	1.033	1.0	1.0
3	5	76	2.0	0.0	23.903	1.012	1.0	1.0
3	5	73	1.935	0.25	26.065	2.144	1.0	1.0
3	5	70	1.581	0.672	27.75	2.413	0.903	0.903
3	5	67	1.036	0.838	31.227	2.827	0.613	0.71
3	5	64	0.0	0.0	36.0	0.0	0.0	0.032
3	5	61	0.0	0.0	nan	nan	0.0	0.0
3	5	58	0.0	0.0	nan	nan	0.0	0.0
3	5	55	0.0	0.0	nan	nan	0.0	0.0
3	5	52	0.0	0.0	nan	nan	0.0	0.0
3	5	49	0.0	0.0	nan	nan	0.0	0.0
3	5	46	0.0	0.0	nan	nan	0.0	0.0
3	5	43	0.0	0.0	nan	nan	0.0	0.0
3	5	40	0.0	0.0	nan	nan	0.0	0.0
4	5	97	3.355	0.486	19.032	0.657	1.0	1.0
4	5	94	3.032	0.18	19.613	0.803	1.0	1.0
4	5	91	3.0	0.0	20.548	0.85	1.0	1.0
4	5	88	3.0	0.0	21.226	0.884	1.0	1.0
4	5	85	2.935	0.25	22.129	1.056	1.0	1.0
4	5	82	2.645	0.486	23.065	1.063	1.0	1.0
4	5	79	2.419	0.502	24.129	0.885	1.0	1.0
4	5	76	2.065	0.25	25.548	1.338	1.0	1.0
4	5	73	2.032	0.18	27.935	1.999	1.0	1.0
4	5	70	1.9	0.305	31.387	2.906	0.968	1.0
4	5	67	1.133	0.819	33.478	3.26	0.71	0.742
4	5	64	0.172	0.468	37.667	2.944	0.129	0.194
4	5	61	0.0	0.0	nan	nan	0.0	0.0
4	5	58	0.0	0.0	nan	nan	0.0	0.0
4	5	55	0.0	0.0	nan	nan	0.0	0.0
4	5	52	0.0	0.0	nan	nan	0.0	0.0
4	5	49	0.0	0.0	nan	nan	0.0	0.0
4	5	46	0.0	0.0	nan	nan	0.0	0.0
4	5	43	0.0	0.0	nan	nan	0.0	0.0
4	5	40	0.0	0.0	nan	nan	0.0	0.0
5	5	97	3.871	0.341	16.645	0.551	1.0	1.0
5	5	94	3.774	0.425	17.161	0.523	1.0	1.0
5	5	91	3.129	0.499	17.548	0.568	1.0	1.0
5	5	88	2.645	0.608	17.968	0.547	1.0	1.0
5	5	85	2.194	0.402	18.806	0.703	1.0	1.0
5	5	82	2.032	0.18	19.548	0.723	1.0	1.0
5	5	79	2.0	0.0	20.548	0.925	1.0	1.0
5	5	76	1.806	0.402	22.129	1.176	1.0	1.0
5	5	73	1.581	0.502	23.161	1.344	1.0	1.0
5	5	70	1.0	0.0	25.774	2.68	0.968	1.0
5	5	67	0.7	0.466	27.364	3.094	0.677	0.71
5	5	64	0.032	0.18	25.0	0.0	0.032	0.032
5	5	61	0.0	0.0	nan	nan	0.0	0.0
5	5	58	0.0	0.0	nan	nan	0.0	0.0
5	5	55	0.0	0.0	nan	nan	0.0	0.0
5	5	52	0.0	0.0	nan	nan	0.0	0.0
5	5	49	0.0	0.0	nan	nan	0.0	0.0
5	5	46	0.0	0.0	nan	nan	0.0	0.0
5	5	43	0.0	0.0	nan	nan	0.0	0.0
5	5	40	0.0	0.0	nan	nan	0.0	0.0
6	5	97	3.161	0.374	18.774	0.617	1.0	1.0
6	5	94	3.032	0.18	19.452	0.768	1.0	1.0
6	5	91	3.0	0.0	19.935	0.814	1.0	1.0
6	5	88	3.032	0.18	20.645	0.877	1.0	1.0
6	5	85	2.968	0.18	22.0	0.931	1.0	1.0
6	5	82	2.903	0.301	22.774	0.884	1.0	1.0
6	5	79	2.645	0.486	24.129	1.231	1.0	1.0
6	5	76	2.226	0.425	25.419	1.232	1.0	1.0
6	5	73	2.032	0.18	27.613	2.011	1.0	1.0
6	5	70	1.806	0.477	30.4	3.307	0.968	0.968
6	5	67	1.267	0.583	35.379	3.005	0.903	0.935
6	5	64	0.129	0.341	38.25	3.304	0.129	0.129
6	5	61	0.0	0.0	nan	nan	0.0	0.0
6	5	58	0.0	0.0	nan	nan	0.0	0.0
6	5	55	0.0	0.0	nan	nan	0.0	0.0
6	5	52	0.0	0.0	nan	nan	0.0	0.0
6	5	49	0.0	0.0	nan	nan	0.0	0.0
6	5	46	0.0	0.0	nan	nan	0.0	0.0
6	5	43	0.0	0.0	nan	nan	0.0	0.0
6	5	40	0.0	0.0	nan	nan	0.0	0.0
7	5	97	3.903	0.301	17.129	0.67	1.0	1.0
7	5	94	3.677	0.541	17.677	0.599	1.0	1.0
7	5	91	2.903	0.79	18.323	0.599	1.0	1.0
7	5	88	2.323	0.541	18.742	0.773	1.0	1.0
7	5	85	2.032	0.18	19.774	0.884	1.0	1.0
7	5	82	2.0	0.0	20.516	1.029	1.0	1.0
7	5	79	1.968	0.18	21.871	1.284	1.0	1.0
7	5	76	1.871	0.341	23.258	0.93	1.0	1.0
7	5	73	1.548	0.506	24.258	1.182	1.0	1.0
7	5	70	1.161	0.374	26.774	2.459	1.0	1.0
7	5	67	0.467	0.507	29.0	2.928	0.452	0.484
7	5	64	0.0	0.0	nan	nan	0.0	0.0
7	5	61	0.0	0.0	nan	nan	0.0	0.0
7	5	58	0.0	0.0	nan	nan	0.0	0.0
7	5	55	0.0	0.0	nan	nan	0.0	0.0
7	5	52	0.0	0.0	nan	nan	0.0	0.0
7	5	49	0.0	0.0	nan	nan	0.0	0.0
7	5	46	0.0	0.0	nan	nan	0.0	0.0
7	5	43	0.0	0.0	nan	nan	0.0	0.0
7	5	40	0.0	0.0	nan	nan	0.0	0.0
8	5	97	3.677	0.475	17.839	0.735	1.0	1.0
8	5	94	3.484	0.508	18.355	0.661	1.0	1.0
8	5	91	2.774	0.56	19.032	0.752	1.0	1.0
8	5	88	2.452	0.568	19.806	0.749	1.0	1.0
8	5	85	2.129	0.341	20.484	0.724	1.0	1.0
8	5	82	2.032	0.18	21.323	1.045	1.0	1.0
8	5	79	2.0	0.0	22.516	1.061	1.0	1.0
8	5	76	1.903	0.301	23.806	1.4	1.0	1.0
8	5	73	1.903	0.301	25.452	1.312	1.0	1.0
8	5	70	1.433	0.679	27.714	2.447	0.871	0.903
8	5	67	0.828	0.759	30.8	2.895	0.581	0.645
8	5	64	0.032	0.18	34.0	0.0	0.032	0.032
8	5	61	0.0	0.0	nan	nan	0.0	0.0
8	5	58	0.0	0.0	nan	nan	0.0	0.0
8	5	55	0.0	0.0	nan	nan	0.0	0.0
8	5	52	0.0	0.0	nan	nan	0.0	0.0
8	5	49	0.0	0.0	nan	nan	0.0	0.0
8	5	46	0.0	0.0	nan	nan	0.0	0.0
8	5	43	0.0	0.0	nan	nan	0.0	0.0
8	5	40	0.0	0.0	nan	nan	0.0	0.0
9	5	97	4.484	0.626	18.0	0.577	1.0	1.0
9	5	94	3.548	0.723	18.806	0.601	1.0	1.0
9	5	91	3.226	0.425	19.387	0.715	1.0	1.0
9	5	88	3.097	0.301	20.258	0.965	1.0	1.0
9	5	85	2.968	0.18	20.968	0.948	1.0	1.0
9	5	82	2.839	0.374	21.774	1.023	1.0	1.0
9	5	79	2.645	0.486	23.0	1.0	1.0	1.0
9	5	76	2.194	0.402	24.806	1.25	1.0	1.0
9	5	73	2.032	0.18	26.065	1.209	1.0	1.0
9	5	70	1.9	0.403	28.467	2.713	0.935	0.968
9	5	67	1.276	0.841	31.708	2.236	0.71	0.774
9	5	64	0.407	0.797	34.4	4.169	0.194	0.323
9	5	61	0.0	0.0	nan	nan	0.0	0.0
9	5	58	0.0	0.0	nan	nan	0.0	0.0
9	5	55	0.0	0.0	nan	nan	0.0	0.0
9	5	52	0.0	0.0	nan	nan	0.0	0.0
9	5	49	0.0	0.0	nan	nan	0.0	0.0
9	5	46	0.0	0.0	nan	nan	0.0	0.0
9	5	43	0.0	0.0	nan	nan	0.0	0.0
9	5	40	0.0	0.0	nan	nan	0.0	0.0
10	5	97	3.935	0.25	19.452	0.723	1.0	1.0
10	5	94	3.581	0.502	20.452	0.624	1.0	1.0
10	5	91	3.355	0.486	20.935	0.892	1.0	1.0
10	5	88	3.129	0.341	21.71	0.973	1.0	1.0
10	5	85	3.065	0.25	22.323	1.077	1.0	1.0
10	5	82	2.968	0.18	23.613	0.955	1.0	1.0
10	5	79	2.903	0.301	24.742	1.21	1.0	1.0
10	5	76	2.548	0.506	26.258	1.483	1.0	1.0
10	5	73	2.323	0.541	27.935	2.235	1.0	1.0
10	5	70	2.032	0.315	31.129	2.513	1.0	1.0
10	5	67	1.6	0.675	32.931	2.549	0.903	0.935
10	5	64	1.037	0.706	37.16	4.1	0.677	0.806
10	5	61	0.138	0.441	41.0	4.0	0.097	0.161
10	5	58	0.0	0.0	nan	nan	0.0	0.0
10	5	55	0.0	0.0	nan	nan	0.0	0.0
10	5	52	0.0	0.0	nan	nan	0.0	0.0
10	5	49	0.0	0.0	nan	nan	0.0	0.0
10	5	46	0.0	0.0	nan	nan	0.0	0.0
10	5	43	0.0	0.0	nan	nan	0.0	0.0
10	5	40	0.0	0.0	nan	nan	0.0	0.0
11	5	97	3.806	0.477	17.871	0.499	1.0	1.0
11	5	94	3.774	0.425	17.871	0.619	1.0	1.0
11	5	91	3.194	0.543	18.71	0.643	1.0	1.0
11	5	88	2.71	0.588	19.355	0.839	1.0	1.0
11	5	85	2.323	0.475	19.935	0.929	1.0	1.0
11	5	82	2.032	0.18	21.194	0.98	1.0	1.0
11	5	79	2.0	0.0	21.903	1.044	1.0	1.0
11	5	76	1.903	0.301	23.581	1.232	1.0	1.0
11	5	73	1.806	0.402	25.129	1.727	1.0	1.0
11	5	70	1.323	0.599	27.448	2.369	0.935	0.935
11	5	67	0.519	0.643	30.625	3.686	0.387	0.516
11	5	64	0.067	0.365	32.5	3.536	0.032	0.065
11	5	61	0.0	0.0	nan	nan	0.0	0.0
11	5	58	0.0	0.0	nan	nan	0.0	0.0
11	5	55	0.0	0.0	nan	nan	0.0	0.0
11	5	52	0.0	0.0	nan	nan	0.0	0.0
11	5	49	0.0	0.0	nan	nan	0.0	0.0
11	5	46	0.0	0.0	nan	nan	0.0	0.0
11	5	43	0.0	0.0	nan	nan	0.0	0.0
11	5	40	0.0	0.0	nan	nan	0.0	0.0
12	5	97	4.516	0.508	20.226	0.669	1.0	1.0
12	5	94	4.032	0.18	21.0	0.894	1.0	1.0
12	5	91	4.0	0.0	22.387	0.761	1.0	1.0
12	5	88	3.935	0.25	22.806	1.078	1.0	1.0
12	5	85	3.452	0.506	24.032	0.948	1.0	1.0
12	5	82	3.161	0.374	25.226	1.283	1.0	1.0
12	5	79	3.0	0.0	26.355	1.45	1.0	1.0
12	5	76	3.0	0.0	28.871	1.875	1.0	1.0
12	5	73	2.839	0.454	31.871	1.839	1.0	1.0
12	5	70	1.935	0.854	34.548	2.873	1.0	1.0
12	5	67	1.065	0.574	38.429	3.371	0.903	0.903
12	5	64	0.29	0.461	40.333	2.828	0.29	0.29
12	5	61	0.0	0.0	nan	nan	0.0	0.0
12	5	58	0.0	0.0	nan	nan	0.0	0.0
12	5	55	0.0	0.0	nan	nan	0.0	0.0
12	5	52	0.0	0.0	nan	nan	0.0	0.0
12	5	49	0.0	0.0	nan	nan	0.0	0.0
12	5	46	0.0	0.0	nan	nan	0.0	0.0
12	5	43	0.0	0.0	nan	nan	0.0	0.0
12	5	40	0.0	0.0	nan	nan	0.0	0.0
13	5	97	3.032	0.18	16.516	0.57	1.0	1.0
13	5	94	2.968	0.18	17.129	0.67	1.0	1.0
13	5	91	2.839	0.374	17.452	0.85	1.0	1.0
13	5	88	2.645	0.486	18.065	0.854	1.0	1.0
13	5	85	2.355	0.486	18.613	1.145	1.0	1.0
13	5	82	1.806	0.543	19.548	0.81	1.0	1.0
13	5	79	1.516	0.508	20.29	1.442	1.0	1.0
13	5	76	1.226	0.425	21.419	1.148	1.0	1.0
13	5	73	1.032	0.18	23.161	1.267	1.0	1.0
13	5	70	0.968	0.18	24.8	1.448	0.968	0.968
13	5	67	0.548	0.506	26.882	2.395	0.548	0.548
13	5	64	0.129	0.341	27.25	0.957	0.129	0.129
13	5	61	0.0	0.0	nan	nan	0.0	0.0
13	5	58	0.0	0.0	nan	nan	0.0	0.0
13	5	55	0.0	0.0	nan	nan	0.0	0.0
13	5	52	0.0	0.0	nan	nan	0.0	0.0
13	5	49	0.0	0.0	nan	nan	0.0	0.0
13	5	46	0.0	0.0	nan	nan	0.0	0.0
13	5	43	0.0	0.0	nan	nan	0.0	0.0
13	5	40	0.0	0.0	nan	nan	0.0	0.0
14	5	97	3.258	0.514	19.0	0.683	1.0	1.0
14	5	94	3.0	0.0	19.968	0.706	1.0	1.0
14	5	91	3.0	0.0	20.677	0.945	1.0	1.0
14	5	88	2.903	0.301	21.806	0.98	1.0	1.0
14	5	85	2.613	0.495	22.323	1.045	1.0	1.0
14	5	82	2.419	0.502	23.258	0.965	1.0	1.0
14	5	79	2.129	0.341	24.613	1.054	1.0	1.0
14	5	76	2.032	0.18	26.097	1.578	1.0	1.0
14	5	73	1.968	0.18	27.903	2.371	1.0	1.0
14	5	70	1.9	0.305	30.839	2.782	0.968	1.0
14	5	67	0.964	0.922	32.947	2.778	0.516	0.613
14	5	64	0.037	0.192	37.8	2.683	0.032	0.161
14	5	61	0.0	0.0	nan	nan	0.0	0.0
14	5	58	0.0	0.0	nan	nan	0.0	0.0
14	5	55	0.0	0.0	nan	nan	0.0	0.0
14	5	52	0.0	0.0	nan	nan	0.0	0.0
14	5	49	0.0	0.0	nan	nan	0.0	0.0
14	5	46	0.0	0.0	nan	nan	0.0	0.0
14	5	43	0.0	0.0	nan	nan	0.0	0.0
14	5	40	0.0	0.0	nan	nan	0.0	0.0
15	5	97	4.323	0.475	18.419	0.564	1.0	1.0
15	5	94	3.871	0.562	19.129	0.806	1.0	1.0
15	5	91	3.452	0.506	19.548	0.723	1.0	1.0
15	5	88	3.129	0.341	20.161	0.82	1.0	1.0
15	5	85	3.0	0.0	21.452	0.723	1.0	1.0
15	5	82	3.0	0.0	22.355	0.877	1.0	1.0
15	5	79	3.0	0.0	23.581	1.259	1.0	1.0
15	5	76	2.774	0.425	24.774	0.717	1.0	1.0
15	5	73	2.419	0.502	26.387	1.43	1.0	1.0
15	5	70	2.032	0.18	29.645	2.09	1.0	1.0
15	5	67	1.806	0.402	31.774	2.552	1.0	1.0
15	5	64	1.167	0.379	37.065	3.183	0.968	1.0
15	5	61	0.387	0.558	38.818	3.683	0.355	0.355
15	5	58	0.0	0.0	nan	nan	0.0	0.0
15	5	55	0.0	0.0	nan	nan	0.0	0.0
15	5	52	0.0	0.0	nan	nan	0.0	0.0
15	5	49	0.0	0.0	nan	nan	0.0	0.0
15	5	46	0.0	0.0	nan	nan	0.0	0.0
15	5	43	0.0	0.0	nan	nan	0.0	0.0
15	5	40	0.0	0.0	nan	nan	0.0	0.0
16	5	97	3.968	0.18	16.323	0.475	1.0	1.0
16	5	94	3.903	0.301	16.839	0.374	1.0	1.0
16	5	91	3.645	0.551	17.129	0.718	1.0	1.0
16	5	88	3.032	0.706	17.613	0.667	1.0	1.0
16	5	85	2.839	0.688	17.968	0.657	1.0	1.0
16	5	82	2.065	0.25	18.774	0.617	1.0	1.0
16	5	79	2.065	0.25	19.452	0.85	1.0	1.0
16	5	76	2.032	0.18	20.161	1.036	1.0	1.0
16	5	73	2.0	0.0	21.387	1.407	1.0	1.0
16	5	70	1.774	0.425	22.355	1.38	1.0	1.0
16	5	67	1.323	0.475	24.258	1.264	1.0	1.0
16	5	64	1.069	0.53	26.893	3.337	0.839	0.903
16	5	61	0.429	0.504	29.733	4.079	0.387	0.484
16	5	58	0.067	0.254	33.0	2.646	0.065	0.097
16	5	55	0.0	0.0	nan	nan	0.0	0.0
16	5	52	0.0	0.0	nan	nan	0.0	0.0
16	5	49	0.0	0.0	nan	nan	0.0	0.0
16	5	46	0.0	0.0	nan	nan	0.0	0.0
16	5	43	0.0	0.0	nan	nan	0.0	0.0
16	5	40	0.0	0.0	nan	nan	0.0	0.0
17	5	97	4.871	0.341	20.71	0.588	1.0	1.0
17	5	94	4.548	0.506	21.258	0.729	1.0	1.0
17	5	91	4.161	0.374	22.065	0.629	1.0	1.0
17	5	88	4.0	0.0	22.935	0.772	1.0	1.0
17	5	85	4.0	0.0	23.484	0.677	1.0	1.0
17	5	82	3.935	0.25	24.161	0.735	1.0	1.0
17	5	79	3.29	0.461	25.516	0.926	1.0	1.0
17	5	76	3.065	0.25	26.839	0.898	1.0	1.0
17	5	73	3.0	0.0	27.516	1.503	1.0	1.0
17	5	70	3.0	0.0	31.161	1.675	1.0	1.0
17	5	67	2.323	0.791	33.581	2.013	1.0	1.0
17	5	64	1.433	0.679	38.097	4.7	0.968	1.0
17	5	61	0.6	0.563	41.833	4.328	0.548	0.581
17	5	58	0.032	0.18	42.0	0.0	0.032	0.032
17	5	55	0.0	0.0	nan	nan	0.0	0.0
17	5	52	0.0	0.0	nan	nan	0.0	0.0
17	5	49	0.0	0.0	nan	nan	0.0	0.0
17	5	46	0.0	0.0	nan	nan	0.0	0.0
17	5	43	0.0	0.0	nan	nan	0.0	0.0
17	5	40	0.0	0.0	nan	nan	0.0	0.0
18	5	97	3.194	0.402	18.71	0.643	1.0	1.0
18	5	94	3.032	0.18	19.548	0.85	1.0	1.0
18	5	91	3.0	0.0	20.161	0.638	1.0	1.0
18	5	88	2.935	0.25	21.29	0.938	1.0	1.0
18	5	85	2.677	0.475	22.645	1.305	1.0	1.0
18	5	82	2.323	0.475	23.387	1.23	1.0	1.0
18	5	79	2.032	0.18	24.871	1.147	1.0	1.0
18	5	76	2.0	0.0	26.484	1.786	1.0	1.0
18	5	73	2.0	0.0	28.29	2.397	1.0	1.0
18	5	70	1.833	0.379	32.032	3.049	0.968	1.0
18	5	67	0.792	0.721	37.318	3.286	0.484	0.71
18	5	64	0.0	0.0	41.0	0.0	0.0	0.032
18	5	61	0.0	0.0	nan	nan	0.0	0.0
18	5	58	0.0	0.0	nan	nan	0.0	0.0
18	5	55	0.0	0.0	nan	nan	0.0	0.0
18	5	52	0.0	0.0	nan	nan	0.0	0.0
18	5	49	0.0	0.0	nan	nan	0.0	0.0
18	5	46	0.0	0.0	nan	nan	0.0	0.0
18	5	43	0.0	0.0	nan	nan	0.0	0.0
18	5	40	0.0	0.0	nan	nan	0.0	0.0
19	5	97	3.903	0.301	16.839	0.583	1.0	1.0
19	5	94	3.548	0.506	17.097	0.396	1.0	1.0
19	5	91	3.097	0.396	17.548	0.568	1.0	1.0
19	5	88	2.387	0.558	18.452	0.723	1.0	1.0
19	5	85	2.065	0.359	19.323	0.748	1.0	1.0
19	5	82	2.0	0.0	19.935	0.814	1.0	1.0
19	5	79	2.032	0.18	21.0	1.265	1.0	1.0
19	5	76	1.581	0.502	22.871	1.118	1.0	1.0
19	5	73	1.333	0.479	24.129	2.172	0.968	1.0
19	5	70	1.1	0.481	25.379	2.718	0.903	0.935
19	5	67	0.517	0.509	28.0	3.082	0.484	0.548
19	5	64	0.097	0.301	30.333	3.055	0.097	0.097
19	5	61	0.0	0.0	nan	nan	0.0	0.0
19	5	58	0.0	0.0	nan	nan	0.0	0.0
19	5	55	0.0	0.0	nan	nan	0.0	0.0
19	5	52	0.0	0.0	nan	nan	0.0	0.0
19	5	49	0.0	0.0	nan	nan	0.0	0.0
19	5	46	0.0	0.0	nan	nan	0.0	0.0
19	5	43	0.0	0.0	nan	nan	0.0	0.0
19	5	40	0.0	0.0	nan	nan	0.0	0.0
20	5	97	3.71	0.643	18.484	0.626	1.0	1.0
20	5	94	3.29	0.588	19.29	0.973	1.0	1.0
20	5	91	3.0	0.0	19.903	0.87	1.0	1.0
20	5	88	3.0	0.0	21.194	0.749	1.0	1.0
20	5	85	2.742	0.445	21.71	1.243	1.0	1.0
20	5	82	2.645	0.486	22.903	1.136	1.0	1.0
20	5	79	2.29	0.461	23.419	1.089	1.0	1.0
20	5	76	2.194	0.402	25.161	1.508	1.0	1.0
20	5	73	2.033	0.183	27.226	2.14	0.968	1.0
20	5	70	1.8	0.407	29.968	3.005	0.968	1.0
20	5	67	0.929	0.9	32.368	2.629	0.516	0.613
20	5	64	0.258	0.631	34.2	2.864	0.161	0.161
20	5	61	0.0	0.0	nan	nan	0.0	0.0
20	5	58	0.0	0.0	nan	nan	0.0	0.0
20	5	55	0.0	0.0	nan	nan	0.0	0.0
20	5	52	0.0	0.0	nan	nan	0.0	0.0
20	5	49	0.0	0.0	nan	nan	0.0	0.0
20	5	46	0.0	0.0	nan	nan	0.0	0.0
20	5	43	0.0	0.0	nan	nan	0.0	0.0
20	5	40	0.0	0.0	nan	nan	0.0	0.0
21	5	97	4.097	0.473	17.452	0.506	1.0	1.0
21	5	94	3.839	0.454	17.903	0.7	1.0	1.0
21	5	91	3.355	0.486	18.581	0.62	1.0	1.0
21	5	88	3.032	0.407	19.226	0.956	1.0	1.0
21	5	85	2.677	0.475	19.935	0.964	1.0	1.0
21	5	82	2.452	0.506	20.968	0.836	1.0	1.0
21	5	79	2.129	0.341	21.484	1.18	1.0	1.0
21	5	76	2.032	0.18	23.032	1.197	1.0	1.0
21	5	73	2.0	0.258	24.839	1.53	1.0	1.0
21	5	70	1.7	0.596	26.276	2.218	0.903	0.935
21	5	67	1.483	0.738	29.519	3.081	0.806	0.871
21	5	64	0.414	0.682	32.909	3.33	0.29	0.355
21	5	61	0.143	0.448	34.0	1.549	0.097	0.194
21	5	58	0.0	0.0	nan	nan	0.0	0.0
21	5	55	0.0	0.0	nan	nan	0.0	0.0
21	5	52	0.0	0.0	nan	nan	0.0	0.0
21	5	49	0.0	0.0	nan	nan	0.0	0.0
21	5	46	0.0	0.0	nan	nan	0.0	0.0
21	5	43	0.0	0.0	nan	nan	0.0	0.0
21	5	40	0.0	0.0	nan	nan	0.0	0.0
22	5	97	4.935	0.25	20.355	0.839	1.0	1.0
22	5	94	4.516	0.508	21.419	0.72	1.0	1.0
22	5	91	4.065	0.25	22.645	0.95	1.0	1.0
22	5	88	4.065	0.25	22.935	0.929	1.0	1.0
22	5	85	3.968	0.18	24.355	1.082	1.0	1.0
22	5	82	3.742	0.445	25.581	0.72	1.0	1.0
22	5	79	3.323	0.475	27.129	1.455	1.0	1.0
22	5	76	3.032	0.18	29.129	1.628	1.0	1.0
22	5	73	2.903	0.473	31.484	1.71	1.0	1.0
22	5	70	2.194	0.792	34.645	2.36	1.0	1.0
22	5	67	1.667	0.661	37.161	3.743	0.968	1.0
22	5	64	0.679	0.723	42.556	5.272	0.484	0.581
22	5	61	0.033	0.183	44.5	7.778	0.032	0.065
22	5	58	0.0	0.0	nan	nan	0.0	0.0
22	5	55	0.0	0.0	nan	nan	0.0	0.0
22	5	52	0.0	0.0	nan	nan	0.0	0.0
22	5	49	0.0	0.0	nan	nan	0.0	0.0
22	5	46	0.0	0.0	nan	nan	0.0	0.0
22	5	43	0.0	0.0	nan	nan	0.0	0.0
22	5	40	0.0	0.0	nan	nan	0.0	0.0
23	5	97	4.323	0.748	18.032	0.605	1.0	1.0
23	5	94	3.806	0.749	18.226	0.805	1.0	1.0
23	5	91	3.29	0.461	18.742	0.575	1.0	1.0
23	5	88	3.097	0.301	19.548	0.768	1.0	1.0
23	5	85	2.968	0.18	20.452	0.85	1.0	1.0
23	5	82	2.677	0.475	21.419	1.025	1.0	1.0
23	5	79	2.226	0.425	22.806	1.167	1.0	1.0
23	5	76	2.226	0.425	23.548	1.15	1.0	1.0
23	5	73	1.935	0.25	25.742	1.879	1.0	1.0
23	5	70	1.806	0.402	26.484	2.189	1.0	1.0
23	5	67	1.185	0.834	31.25	4.436	0.645	0.774
23	5	64	0.138	0.516	33.75	2.062	0.065	0.129
23	5	61	0.0	0.0	nan	nan	0.0	0.0
23	5	58	0.0	0.0	nan	nan	0.0	0.0
23	5	55	0.0	0.0	nan	nan	0.0	0.0
23	5	52	0.0	0.0	nan	nan	0.0	0.0
23	5	49	0.0	0.0	nan	nan	0.0	0.0
23	5	46	0.0	0.0	nan	nan	0.0	0.0
23	5	43	0.0	0.0	nan	nan	0.0	0.0
23	5	40	0.0	0.0	nan	nan	0.0	0.0
24	5	97	4.71	0.739	18.129	0.562	1.0	1.0
24	5	94	4.065	0.512	18.839	0.735	1.0	1.0
24	5	91	3.677	0.541	19.645	1.082	1.0	1.0
24	5	88	3.452	0.506	20.161	0.86	1.0	1.0
24	5	85	3.194	0.402	20.968	1.08	1.0	1.0
24	5	82	3.0	0.0	22.194	1.223	1.0	1.0
24	5	79	2.742	0.445	22.903	1.274	1.0	1.0
24	5	76	2.484	0.508	24.71	1.677	1.0	1.0
24	5	73	2.194	0.477	25.839	1.594	1.0	1.0
24	5	70	2.033	0.32	28.71	3.133	0.968	1.0
24	5	67	1.552	0.783	30.769	3.076	0.774	0.839
24	5	64	0.833	0.917	34.895	4.149	0.387	0.613
24	5	61	0.032	0.18	35.0	0.0	0.032	0.032
24	5	58	0.0	0.0	nan	nan	0.0	0.0
24	5	55	0.0	0.0	nan	nan	0.0	0.0
24	5	52	0.0	0.0	nan	nan	0.0	0.0
24	5	49	0.0	0.0	nan	nan	0.0	0.0
24	5	46	0.0	0.0	nan	nan	0.0	0.0
24	5	43	0.0	0.0	nan	nan	0.0	0.0
24	5	40	0.0	0.0	nan	nan	0.0	0.0
25	5	97	4.258	0.682	18.0	0.632	1.0	1.0
25	5	94	3.387	0.615	18.548	0.81	1.0	1.0
25	5	91	3.065	0.25	19.097	0.908	1.0	1.0
25	5	88	3.032	0.18	20.032	0.948	1.0	1.0
25	5	85	2.935	0.25	21.0	0.894	1.0	1.0
25	5	82	2.516	0.508	21.677	1.137	1.0	1.0
25	5	79	2.387	0.495	22.806	1.167	1.0	1.0
25	5	76	2.258	0.445	24.0	1.125	1.0	1.0
25	5	73	2.032	0.18	25.387	1.358	1.0	1.0
25	5	70	1.903	0.301	27.581	2.335	1.0	1.0
25	5	67	1.233	0.858	30.087	3.19	0.71	0.742
25	5	64	0.533	0.819	32.0	3.256	0.323	0.355
25	5	61	0.0	0.0	nan	nan	0.0	0.0
25	5	58	0.0	0.0	nan	nan	0.0	0.0
25	5	55	0.0	0.0	nan	nan	0.0	0.0
25	5	52	0.0	0.0	nan	nan	0.0	0.0
25	5	49	0.0	0.0	nan	nan	0.0	0.0
25	5	46	0.0	0.0	nan	nan	0.0	0.0
25	5	43	0.0	0.0	nan	nan	0.0	0.0
25	5	40	0.0	0.0	nan	nan	0.0	0.0
26	5	97	3.645	0.608	18.387	0.615	1.0	1.0
26	5	94	3.258	0.514	18.742	0.729	1.0	1.0
26	5	91	3.032	0.18	19.677	0.748	1.0	1.0
26	5	88	2.968	0.18	20.516	0.89	1.0	1.0
26	5	85	2.839	0.374	21.161	0.969	1.0	1.0
26	5	82	2.355	0.486	22.581	1.148	1.0	1.0
26	5	79	2.065	0.25	23.097	0.944	1.0	1.0
26	5	76	2.0	0.0	24.516	0.996	1.0	1.0
26	5	73	1.933	0.254	27.065	2.555	0.968	1.0
26	5	70	1.833	0.461	28.8	2.67	0.935	0.968
26	5	67	1.115	0.864	31.913	3.825	0.581	0.742
26	5	64	0.333	0.702	34.667	3.798	0.161	0.387
26	5	61	0.0	0.0	nan	nan	0.0	0.0
26	5	58	0.0	0.0	nan	nan	0.0	0.0
26	5	55	0.0	0.0	nan	nan	0.0	0.0
26	5	52	0.0	0.0	nan	nan	0.0	0.0
26	5	49	0.0	0.0	nan	nan	0.0	0.0
26	5	46	0.0	0.0	nan	nan	0.0	0.0
26	5	43	0.0	0.0	nan	nan	0.0	0.0
26	5	40	0.0	0.0	nan	nan	0.0	0.0
27	5	97	3.29	0.529	19.194	0.749	1.0	1.0
27	5	94	3.0	0.0	20.097	0.651	1.0	1.0
27	5	91	3.0	0.0	20.581	0.992	1.0	1.0
27	5	88	3.0	0.0	21.806	1.046	1.0	1.0
27	5	85	2.968	0.18	22.839	0.779	1.0	1.0
27	5	82	2.742	0.445	24.065	1.093	1.0	1.0
27	5	79	2.161	0.374	24.839	1.267	1.0	1.0
27	5	76	2.032	0.18	27.419	1.858	1.0	1.0
27	5	73	2.0	0.0	30.097	2.006	1.0	1.0
27	5	70	1.645	0.551	33.233	3.607	0.968	0.968
27	5	67	0.926	0.73	36.87	3.109	0.613	0.742
27	5	64	0.0	0.0	nan	nan	0.0	0.0
27	5	61	0.0	0.0	nan	nan	0.0	0.0
27	5	58	0.0	0.0	nan	nan	0.0	0.0
27	5	55	0.0	0.0	nan	nan	0.0	0.0
27	5	52	0.0	0.0	nan	nan	0.0	0.0
27	5	49	0.0	0.0	nan	nan	0.0	0.0
27	5	46	0.0	0.0	nan	nan	0.0	0.0
27	5	43	0.0	0.0	nan	nan	0.0	0.0
27	5	40	0.0	0.0	nan	nan	0.0	0.0
28	5	97	3.419	0.62	18.903	0.746	1.0	1.0
28	5	94	3.097	0.301	19.645	0.709	1.0	1.0
28	5	91	3.032	0.18	20.452	0.81	1.0	1.0
28	5	88	2.968	0.18	21.097	1.274	1.0	1.0
28	5	85	2.71	0.461	22.032	1.048	1.0	1.0
28	5	82	2.258	0.445	23.387	1.116	1.0	1.0
28	5	79	2.129	0.341	24.355	0.915	1.0	1.0
28	5	76	2.032	0.18	26.0	2.206	1.0	1.0
28	5	73	1.871	0.341	27.581	2.363	1.0	1.0
28	5	70	1.517	0.688	31.786	3.436	0.839	0.903
28	5	67	0.143	0.525	34.4	3.912	0.065	0.161
28	5	64	0.0	0.0	nan	nan	0.0	0.0
28	5	61	0.0	0.0	nan	nan	0.0	0.0
28	5	58	0.0	0.0	nan	nan	0.0	0.0
28	5	55	0.0	0.0	nan	nan	0.0	0.0
28	5	52	0.0	0.0	nan	nan	0.0	0.0
28	5	49	0.0	0.0	nan	nan	0.0	0.0
28	5	46	0.0	0.0	nan	nan	0.0	0.0
28	5	43	0.0	0.0	nan	nan	0.0	0.0
28	5	40	0.0	0.0	nan	nan	0.0	0.0
29	5	97	3.968	0.315	19.194	0.654	1.0	1.0
29	5	94	3.871	0.341	19.839	0.735	1.0	1.0
29	5	91	3.484	0.508	20.71	0.693	1.0	1.0
29	5	88	3.065	0.25	21.677	0.748	1.0	1.0
29	5	85	3.0	0.0	22.484	0.851	1.0	1.0
29	5	82	3.0	0.0	23.516	0.851	1.0	1.0
29	5	79	3.0	0.0	24.774	0.92	1.0	1.0
29	5	76	2.774	0.425	26.452	1.234	1.0	1.0
29	5	73	2.323	0.475	28.935	2.081	1.0	1.0
29	5	70	1.871	0.499	31.968	2.775	1.0	1.0
29	5	67	1.033	0.556	37.519	3.468	0.839	0.871
29	5	64	0.323	0.475	39.1	3.143	0.323	0.323
29	5	61	0.0	0.0	nan	nan	0.0	0.0
29	5	58	0.0	0.0	nan	nan	0.0	0.0
29	5	55	0.0	0.0	nan	nan	0.0	0.0
29	5	52	0.0	0.0	nan	nan	0.0	0.0
29	5	49	0.0	0.0	nan	nan	0.0	0.0
29	5	46	0.0	0.0	nan	nan	0.0	0.0
29	5	43	0.0	0.0	nan	nan	0.0	0.0
29	5	40	0.0	0.0	nan	nan	0.0	0.0
30	5	97	3.774	0.425	17.806	0.703	1.0	1.0
30	5	94	3.387	0.495	18.419	0.564	1.0	1.0
30	5	91	3.0	0.365	19.29	0.739	1.0	1.0
30	5	88	2.839	0.374	19.613	0.882	1.0	1.0
30	5	85	2.452	0.506	20.839	1.157	1.0	1.0
30	5	82	2.097	0.301	21.806	1.223	1.0	1.0
30	5	79	2.032	0.18	23.419	1.259	1.0	1.0
30	5	76	2.0	0.0	24.387	1.086	1.0	1.0
30	5	73	2.0	0.0	27.129	2.63	1.0	1.0
30	5	70	1.897	0.31	29.548	3.897	0.935	1.0
30	5	67	1.357	0.826	33.4	5.074	0.71	0.806
30	5	64	0.067	0.254	39.0	3.464	0.065	0.097
30	5	61	0.0	0.0	nan	nan	0.0	0.0
30	5	58	0.0	0.0	nan	nan	0.0	0.0
30	5	55	0.0	0.0	nan	nan	0.0	0.0
30	5	52	0.0	0.0	nan	nan	0.0	0.0
30	5	49	0.0	0.0	nan	nan	0.0	0.0
30	5	46	0.0	0.0	nan	nan	0.0	0.0
30	5	43	0.0	0.0	nan	nan	0.0	0.0
30	5	40	0.0	0.0	nan	nan	0.0	0.0
31	5	97	3.677	0.541	19.097	0.831	1.0	1.0
31	5	94	3.387	0.495	19.645	0.877	1.0	1.0
31	5	91	3.032	0.18	20.323	1.137	1.0	1.0
31	5	88	3.032	0.18	21.161	1.293	1.0	1.0
31	5	85	2.903	0.301	22.258	1.237	1.0	1.0
31	5	82	2.774	0.425	23.29	1.101	1.0	1.0
31	5	79	2.452	0.506	24.774	1.334	1.0	1.0
31	5	76	2.065	0.25	26.129	1.688	1.0	1.0
31	5	73	2.032	0.315	27.161	2.067	1.0	1.0
31	5	70	2.0	0.0	29.742	2.633	0.968	1.0
31	5	67	1.379	0.622	33.862	3.367	0.871	0.935
31	5	64	0.192	0.402	37.2	1.751	0.161	0.323
31	5	61	0.0	0.0	nan	nan	0.0	0.0
31	5	58	0.0	0.0	nan	nan	0.0	0.0
31	5	55	0.0	0.0	nan	nan	0.0	0.0
31	5	52	0.0	0.0	nan	nan	0.0	0.0
31	5	49	0.0	0.0	nan	nan	0.0	0.0
31	5	46	0.0	0.0	nan	nan	0.0	0.0
31	5	43	0.0	0.0	nan	nan	0.0	0.0
31	5	40	0.0	0.0	nan	nan	0.0	0.0
0	6	97	4.129	0.341	21.581	0.564	1.0	1.0
0	6	94	4.0	0.0	22.097	0.79	1.0	1.0
0	6	91	4.0	0.0	22.742	0.631	1.0	1.0
0	6	88	3.935	0.25	23.774	0.805	1.0	1.0
0	6	85	3.71	0.461	24.548	0.888	1.0	1.0
0	6	82	3.194	0.402	25.484	0.57	1.0	1.0
0	6	79	3.065	0.25	26.29	0.938	1.0	1.0
0	6	76	3.032	0.18	27.935	1.413	1.0	1.0
0	6	73	2.903	0.396	30.452	1.981	1.0	1.0
0	6	70	2.355	0.755	33.742	2.309	1.0	1.0
0	6	67	1.323	0.653	37.433	2.738	0.968	0.968
0	6	64	0.467	0.507	42.533	3.777	0.452	0.484
0	6	61	0.0	0.0	nan	nan	0.0	0.0
0	6	58	0.0	0.0	nan	nan	0.0	0.0
0	6	55	0.0	0.0	nan	nan	0.0	0.0
0	6	52	0.0	0.0	nan	nan	0.0	0.0
0	6	49	0.0	0.0	nan	nan	0.0	0.0
0	6	46	0.0	0.0	nan	nan	0.0	0.0
0	6	43	0.0	0.0	nan	nan	0.0	0.0
0	6	40	0.0	0.0	nan	nan	0.0	0.0
1	6	97	4.0	0.0	19.323	0.599	1.0	1.0
1	6	94	3.968	0.18	20.419	0.672	1.0	1.0
1	6	91	3.742	0.445	21.097	0.831	1.0	1.0
1	6	88	3.452	0.506	21.774	0.99	1.0	1.0
1	6	85	3.0	0.0	23.258	0.999	1.0	1.0
1	6	82	3.0	0.0	24.29	1.101	1.0	1.0
1	6	79	2.968	0.18	25.581	1.205	1.0	1.0
1	6	76	2.839	0.374	27.774	1.726	1.0	1.0
1	6	73	2.387	0.495	30.29	2.053	1.0	1.0
1	6	70	1.742	0.445	33.452	2.278	1.0	1.0
1	6	67	0.968	0.547	36.423	2.533	0.839	0.839
1	6	64	0.333	0.479	40.0	3.098	0.323	0.355
1	6	61	0.0	0.0	nan	nan	0.0	0.0
1	6	58	0.0	0.0	nan	nan	0.0	0.0
1	6	55	0.0	0.0	nan	nan	0.0	0.0
1	6	52	0.0	0.0	nan	nan	0.0	0.0
1	6	49	0.0	0.0	nan	nan	0.0	0.0
1	6	46	0.0	0.0	nan	nan	0.0	0.0
1	6	43	0.0	0.0	nan	nan	0.0	0.0
1	6	40	0.0	0.0	nan	nan	0.0	0.0
2	6	97	4.194	0.833	18.258	0.682	1.0	1.0
2	6	94	3.645	0.608	18.613	0.615	1.0	1.0
2	6	91	3.194	0.402	19.355	0.709	1.0	1.0
2	6	88	3.097	0.301	20.194	0.946	1.0	1.0
2	6	85	3.0	0.0	21.0	0.775	1.0	1.0
2	6	82	2.742	0.445	21.806	1.302	1.0	1.0
2	6	79	2.355	0.486	23.161	1.036	1.0	1.0
2	6	76	2.129	0.341	24.355	1.018	1.0	1.0
2	6	73	2.032	0.18	25.613	1.687	1.0	1.0
2	6	70	1.767	0.568	28.207	3.063	0.903	0.935
2	6	67	1.269	0.827	31.56	3.355	0.645	0.806
2	6	64	0.357	0.731	34.444	3.644	0.194	0.29
2	6	61	0.0	0.0	nan	nan	0.0	0.0
2	6	58	0.0	0.0	nan	nan	0.0	0.0
2	6	55	0.0	0.0	nan	nan	0.0	0.0
2	6	52	0.0	0.0	nan	nan	0.0	0.0
2	6	49	0.0	0.0	nan	nan	0.0	0.0
2	6	46	0.0	0.0	nan	nan	0.0	0.0
2	6	43	0.0	0.0	nan	nan	0.0	0.0
2	6	40	0.0	0.0	nan	nan	0.0	0.0
3	6	97	3.839	0.374	17.0	0.447	1.0	1.0
3	6	94	3.194	0.477	17.419	0.502	1.0	1.0
3	6	91	2.742	0.514	17.968	0.605	1.0	1.0
3	6	88	2.484	0.57	18.387	0.558	1.0	1.0
3	6	85	2.0	0.0	19.129	0.67	1.0	1.0
3	6	82	2.0	0.0	19.839	0.86	1.0	1.0
3	6	79	2.0	0.0	21.065	0.892	1.0	1.0
3	6	76	1.903	0.301	22.484	1.363	1.0	1.0
3	6	73	1.355	0.486	23.742	1.316	1.0	1.0
3	6	70	1.258	0.445	25.484	1.913	1.0	1.0
3	6	67	1.067	0.365	28.333	3.122	0.935	0.968
3	6	64	0.367	0.49	30.0	2.923	0.355	0.387
3	6	61	0.0	0.0	nan	nan	0.0	0.0
3	6	58	0.0	0.0	nan	nan	0.0	0.0
3	6	55	0.0	0.0	nan	nan	0.0	0.0
3	6	52	0.0	0.0	nan	nan	0.0	0.0
3	6	49	0.0	0.0	nan	nan	0.0	0.0
3	6	46	0.0	0.0	nan	nan	0.0	0.0
3	6	43	0.0	0.0	nan	nan	0.0	0.0
3	6	40	0.0	0.0	nan	nan	0.0	0.0
4	6	97	4.355	0.486	20.355	0.608	1.0	1.0
4	6	94	4.032	0.18	20.935	0.68	1.0	1.0
4	6	91	4.0	0.0	22.129	0.846	1.0	1.0
4	6	88	3.968	0.18	23.032	0.912	1.0	1.0
4	6	85	3.71	0.461	23.742	0.893	1.0	1.0
4	6	82	3.129	0.341	25.032	1.048	1.0	1.0
4	6	79	3.032	0.18	26.516	1.029	1.0	1.0
4	6	76	3.0	0.0	28.032	1.888	1.0	1.0
4	6	73	2.968	0.18	30.645	1.907	1.0	1.0
4	6	70	2.323	0.702	33.355	1.924	1.0	1.0
4	6	67	1.419	0.564	37.516	2.308	1.0	1.0
4	6	64	0.742	0.575	41.333	2.595	0.677	0.677
4	6	61	0.065	0.25	44.0	2.828	0.065	0.065
4	6	58	0.0	0.0	nan	nan	0.0	0.0
4	6	55	0.0	0.0	nan	nan	0.0	0.0
4	6	52	0.0	0.0	nan	nan	0.0	0.0
4	6	49	0.0	0.0	nan	nan	0.0	0.0
4	6	46	0.0	0.0	nan	nan	0.0	0.0
4	6	43	0.0	0.0	nan	nan	0.0	0.0
4	6	40	0.0	0.0	nan	nan	0.0	0.0
5	6	97	3.903	0.396	17.323	0.653	1.0	1.0
5	6	94	3.516	0.677	17.839	0.583	1.0	1.0
5	6	91	2.903	0.746	18.129	0.619	1.0	1.0
5	6	88	2.129	0.341	18.903	0.7	1.0	1.0
5	6	85	2.0	0.0	19.903	0.79	1.0	1.0
5	6	82	2.0	0.0	20.581	1.057	1.0	1.0
5	6	79	1.968	0.18	21.516	1.208	1.0	1.0
5	6	76	1.935	0.25	23.161	1.393	1.0	1.0
5	6	73	1.419	0.502	25.194	2.455	1.0	1.0
5	6	70	1.0	0.525	26.63	3.188	0.839	0.871
5	6	67	0.643	0.488	29.81	3.53	0.581	0.677
5	6	64	0.097	0.301	31.0	3.0	0.097	0.097
5	6	61	0.0	0.0	nan	nan	0.0	0.0
5	6	58	0.0	0.0	nan	nan	0.0	0.0
5	6	55	0.0	0.0	nan	nan	0.0	0.0
5	6	52	0.0	0.0	nan	nan	0.0	0.0
5	6	49	0.0	0.0	nan	nan	0.0	0.0
5	6	46	0.0	0.0	nan	nan	0.0	0.0
5	6	43	0.0	0.0	nan	nan	0.0	0.0
5	6	40	0.0	0.0	nan	nan	0.0	0.0
6	6	97	4.0	0.0	19.226	0.56	1.0	1.0
6	6	94	3.645	0.486	20.065	0.68	1.0	1.0
6	6	91	3.161	0.374	20.774	0.884	1.0	1.0
6	6	88	3.032	0.18	21.484	0.677	1.0	1.0
6	6	85	3.0	0.0	22.774	1.087	1.0	1.0
6	6	82	3.0	0.0	24.0	0.894	1.0	1.0
6	6	79	2.935	0.25	24.968	1.11	1.0	1.0
6	6	76	2.548	0.506	26.71	1.189	1.0	1.0
6	6	73	2.161	0.374	28.903	2.196	1.0	1.0
6	6	70	1.806	0.543	31.935	2.828	1.0	1.0
6	6	67	1.161	0.454	36.133	3.003	0.968	0.968
6	6	64	0.5	0.583	39.235	3.308	0.387	0.548
6	6	61	0.0	0.0	nan	nan	0.0	0.0
6	6	58	0.0	0.0	nan	nan	0.0	0.0
6	6	55	0.0	0.0	nan	nan	0.0	0.0
6	6	52	0.0	0.0	nan	nan	0.0	0.0
6	6	49	0.0	0.0	nan	nan	0.0	0.0
6	6	46	0.0	0.0	nan	nan	0.0	0.0
6	6	43	0.0	0.0	nan	nan	0.0	0.0
6	6	40	0.0	0.0	nan	nan	0.0	0.0
7	6	97	4.129	0.341	20.161	0.86	1.0	1.0
7	6	94	4.0	0.0	20.581	0.765	1.0	1.0
7	6	91	3.903	0.301	21.645	1.05	1.0	1.0
7	6	88	3.839	0.374	22.677	0.791	1.0	1.0
7	6	85	3.419	0.502	23.516	1.122	1.0	1.0
7	6	82	3.097	0.301	25.194	1.138	1.0	1.0
7	6	79	3.032	0.18	26.452	1.121	1.0	1.0
7	6	76	3.0	0.0	28.226	2.202	1.0	1.0
7	6	73	2.452	0.675	31.548	2.158	1.0	1.0
7	6	70	1.7	0.702	35.097	3.32	0.968	1.0
7	6	67	1.1	0.481	37.724	3.39	0.903	0.935
7	6	64	0.032	0.18	49.0	0.0	0.032	0.032
7	6	61	0.0	0.0	nan	nan	0.0	0.0
7	6	58	0.0	0.0	nan	nan	0.0	0.0
7	6	55	0.0	0.0	nan	nan	0.0	0.0
7	6	52	0.0	0.0	nan	nan	0.0	0.0
7	6	49	0.0	0.0	nan	nan	0.0	0.0
7	6	46	0.0	0.0	nan	nan	0.0	0.0
7	6	43	0.0	0.0	nan	nan	0.0	0.0
7	6	40	0.0	0.0	nan	nan	0.0	0.0
8	6	97	3.645	0.608	18.032	0.706	1.0	1.0
8	6	94	3.097	0.396	18.742	0.514	1.0	1.0
8	6	91	3.097	0.301	19.032	0.752	1.0	1.0
8	6	88	2.935	0.25	19.903	0.7	1.0	1.0
8	6	85	2.548	0.506	20.806	0.703	1.0	1.0
8	6	82	2.29	0.461	21.677	1.013	1.0	1.0
8	6	79	2.032	0.18	22.903	1.012	1.0	1.0
8	6	76	1.968	0.18	23.871	1.147	1.0	1.0
8	6	73	2.0	0.0	25.742	1.632	1.0	1.0
8	6	70	1.839	0.374	27.29	2.148	1.0	1.0
8	6	67	1.12	0.6	31.857	2.785	0.71	0.903
8	6	64	0.069	0.371	34.0	2.646	0.032	0.097
8	6	61	0.0	0.0	nan	nan	0.0	0.0
8	6	58	0.0	0.0	nan	nan	0.0	0.0
8	6	55	0.0	0.0	nan	nan	0.0	0.0
8	6	52	0.0	0.0	nan	nan	0.0	0.0
8	6	49	0.0	0.0	nan	nan	0.0	0.0
8	6	46	0.0	0.0	nan	nan	0.0	0.0
8	6	43	0.0	0.0	nan	nan	0.0	0.0
8	6	40	0.0	0.0	nan	nan	0.0	0.0
9	6	97	3.419	0.564	19.032	0.605	1.0	1.0
9	6	94	3.323	0.475	19.774	0.805	1.0	1.0
9	6	91	3.0	0.0	20.355	0.915	1.0	1.0
9	6	88	3.0	0.0	21.194	0.833	1.0	1.0
9	6	85	3.0	0.0	22.452	0.995	1.0	1.0
9	6	82	2.839	0.374	23.548	1.179	1.0	1.0
9	6	79	2.548	0.506	24.806	0.91	1.0	1.0
9	6	76	2.29	0.461	26.065	1.181	1.0	1.0
9	6	73	2.0	0.0	28.484	2.308	1.0	1.0
9	6	70	1.903	0.301	31.484	2.379	1.0	1.0
9	6	67	1.1	0.548	36.071	2.308	0.871	0.903
9	6	64	0.161	0.374	39.2	1.789	0.161	0.161
9	6	61	0.0	0.0	nan	nan	0.0	0.0
9	6	58	0.0	0.0	nan	nan	0.0	0.0
9	6	55	0.0	0.0	nan	nan	0.0	0.0
9	6	52	0.0	0.0	nan	nan	0.0	0.0
9	6	49	0.0	0.0	nan	nan	0.0	0.0
9	6	46	0.0	0.0	nan	nan	0.0	0.0
9	6	43	0.0	0.0	nan	nan	0.0	0.0
9	6	40	0.0	0.0	nan	nan	0.0	0.0
10	6	97	3.677	0.475	20.226	0.762	1.0	1.0
10	6	94	3.194	0.402	20.903	1.076	1.0	1.0
10	6	91	3.097	0.301	22.097	0.831	1.0	1.0
10	6	88	3.032	0.18	23.097	1.044	1.0	1.0
10	6	85	2.968	0.18	24.419	1.057	1.0	1.0
10	6	82	2.839	0.374	25.774	1.117	1.0	1.0
10	6	79	2.516	0.508	26.71	1.51	1.0	1.0
10	6	76	2.226	0.425	28.194	2.272	1.0	1.0
10	6	73	1.9	0.403	31.452	2.554	0.968	1.0
10	6	70	1.464	0.637	34.6	3.18	0.871	0.968
10	6	67	0.742	0.815	35.875	3.612	0.516	0.516
10	6	64	0.0	0.0	nan	nan	0.0	0.0
10	6	61	0.0	0.0	nan	nan	0.0	0.0
10	6	58	0.0	0.0	nan	nan	0.0	0.0
10	6	55	0.0	0.0	nan	nan	0.0	0.0
10	6	52	0.0	0.0	nan	nan	0.0	0.0
10	6	49	0.0	0.0	nan	nan	0.0	0.0
10	6	46	0.0	0.0	nan	nan	0.0	0.0
10	6	43	0.0	0.0	nan	nan	0.0	0.0
10	6	40	0.0	0.0	nan	nan	0.0	0.0
11	6	97	4.065	0.727	18.161	0.735	1.0	1.0
11	6	94	3.226	0.497	18.774	0.56	1.0	1.0
11	6	91	3.032	0.18	19.581	0.807	1.0	1.0
11	6	88	3.0	0.0	20.419	0.672	1.0	1.0
11	6	85	3.0	0.0	21.194	0.833	1.0	1.0
11	6	82	3.0	0.0	22.903	0.746	1.0	1.0
11	6	79	2.742	0.445	23.839	1.068	1.0	1.0
11	6	76	2.194	0.402	25.581	1.205	1.0	1.0
11	6	73	2.065	0.25	27.323	2.12	1.0	1.0
11	6	70	1.774	0.425	31.129	3.462	1.0	1.0
11	6	67	1.097	0.746	35.042	3.113	0.774	0.774
11	6	64	0.241	0.511	37.25	2.765	0.194	0.258
11	6	61	0.0	0.0	nan	nan	0.0	0.0
11	6	58	0.0	0.0	nan	nan	0.0	0.0
11	6	55	0.0	0.0	nan	nan	0.0	0.0
11	6	52	0.0	0.0	nan	nan	0.0	0.0
11	6	49	0.0	0.0	nan	nan	0.0	0.0
11	6	46	0.0	0.0	nan	nan	0.0	0.0
11	6	43	0.0	0.0	nan	nan	0.0	0.0
11	6	40	0.0	0.0	nan	nan	0.0	0.0
12	6	97	3.29	0.461	18.419	0.62	1.0	1.0
12	6	94	3.0	0.258	19.258	0.773	1.0	1.0
12	6	91	2.968	0.18	20.161	0.86	1.0	1.0
12	6	88	2.742	0.445	20.742	0.93	1.0	1.0
12	6	85	2.452	0.506	21.548	0.995	1.0	1.0
12	6	82	2.065	0.25	22.194	1.014	1.0	1.0
12	6	79	2.032	0.18	23.516	1.48	1.0	1.0
12	6	76	2.0	0.0	25.387	1.022	1.0	1.0
12	6	73	2.0	0.0	27.194	1.922	1.0	1.0
12	6	70	1.621	0.494	30.903	3.953	0.935	1.0
12	6	67	0.762	0.7	33.348	3.142	0.419	0.742
12	6	64	0.067	0.254	32.333	2.309	0.065	0.097
12	6	61	0.0	0.0	nan	nan	0.0	0.0
12	6	58	0.0	0.0	nan	nan	0.0	0.0
12	6	55	0.0	0.0	nan	nan	0.0	0.0
12	6	52	0.0	0.0	nan	nan	0.0	0.0
12	6	49	0.0	0.0	nan	nan	0.0	0.0
12	6	46	0.0	0.0	nan	nan	0.0	0.0
12	6	43	0.0	0.0	nan	nan	0.0	0.0
12	6	40	0.0	0.0	nan	nan	0.0	0.0
13	6	97	3.774	0.617	18.903	0.597	1.0	1.0
13	6	94	3.452	0.568	19.355	0.661	1.0	1.0
13	6	91	3.065	0.25	20.226	0.617	1.0	1.0
13	6	88	3.065	0.25	20.71	0.739	1.0	1.0
13	6	85	2.935	0.25	21.71	1.071	1.0	1.0
13	6	82	2.806	0.402	22.806	1.078	1.0	1.0
13	6	79	2.161	0.374	24.129	1.5	1.0	1.0
13	6	76	2.161	0.374	25.29	1.16	1.0	1.0
13	6	73	2.032	0.18	27.548	1.997	1.0	1.0
13	6	70	1.742	0.575	29.552	2.772	0.935	0.935
13	6	67	1.375	0.875	32.4	3.606	0.581	0.806
13	6	64	0.214	0.568	35.857	3.338	0.129	0.226
13	6	61	0.0	0.0	nan	nan	0.0	0.0
13	6	58	0.0	0.0	nan	nan	0.0	0.0
13	6	55	0.0	0.0	nan	nan	0.0	0.0
13	6	52	0.0	0.0	nan	nan	0.0	0.0
13	6	49	0.0	0.0	nan	nan	0.0	0.0
13	6	46	0.0	0.0	nan	nan	0.0	0.0
13	6	43	0.0	0.0	nan	nan	0.0	0.0
13	6	40	0.0	0.0	nan	nan	0.0	0.0
14	6	97	4.0	0.0	22.71	0.588	1.0	1.0
14	6	94	3.903	0.301	23.484	0.724	1.0	1.0
14	6	91	3.742	0.445	24.194	0.873	1.0	1.0
14	6	88	3.419	0.502	25.29	1.189	1.0	1.0
14	6	85	3.032	0.18	26.0	0.931	1.0	1.0
14	6	82	3.032	0.18	27.032	1.08	1.0	1.0
14	6	79	2.968	0.18	28.548	1.502	1.0	1.0
14	6	76	2.774	0.425	30.548	1.964	1.0	1.0
14	6	73	2.129	0.806	33.548	1.804	1.0	1.0
14	6	70	1.4	0.675	36.567	4.158	0.935	0.968
14	6	67	0.633	0.49	41.35	3.2	0.613	0.645
14	6	64	0.1	0.305	46.0	2.449	0.097	0.129
14	6	61	0.0	0.0	nan	nan	0.0	0.0
14	6	58	0.0	0.0	nan	nan	0.0	0.0
14	6	55	0.0	0.0	nan	nan	0.0	0.0
14	6	52	0.0	0.0	nan	nan	0.0	0.0
14	6	49	0.0	0.0	nan	nan	0.0	0.0
14	6	46	0.0	0.0	nan	nan	0.0	0.0
14	6	43	0.0	0.0	nan	nan	0.0	0.0
14	6	40	0.0	0.0	nan	nan	0.0	0.0
15	6	97	2.935	0.442	17.71	0.588	1.0	1.0
15	6	94	2.645	0.486	18.129	0.718	1.0	1.0
15	6	91	2.161	0.374	18.871	0.763	1.0	1.0
15	6	88	2.0	0.0	19.484	0.677	1.0	1.0
15	6	85	2.0	0.0	20.645	1.142	1.0	1.0
15	6	82	1.806	0.402	21.323	1.077	1.0	1.0
15	6	79	1.613	0.495	22.677	1.077	1.0	1.0
15	6	76	1.29	0.461	24.613	1.927	1.0	1.0
15	6	73	1.065	0.359	25.833	2.245	0.968	0.968
15	6	70	0.8	0.407	28.48	2.679	0.774	0.806
15	6	67	0.233	0.43	29.625	3.021	0.226	0.258
15	6	64	0.0	0.0	nan	nan	0.0	0.0
15	6	61	0.0	0.0	nan	nan	0.0	0.0
15	6	58	0.0	0.0	nan	nan	0.0	0.0
15	6	55	0.0	0.0	nan	nan	0.0	0.0
15	6	52	0.0	0.0	nan	nan	0.0	0.0
15	6	49	0.0	0.0	nan	nan	0.0	0.0
15	6	46	0.0	0.0	nan	nan	0.0	0.0
15	6	43	0.0	0.0	nan	nan	0.0	0.0
15	6	40	0.0	0.0	nan	nan	0.0	0.0
16	6	97	3.935	0.25	21.71	0.739	1.0	1.0
16	6	94	3.774	0.425	22.129	0.806	1.0	1.0
16	6	91	3.355	0.486	22.935	0.929	1.0	1.0
16	6	88	3.129	0.341	23.581	1.025	1.0	1.0
16	6	85	3.032	0.18	24.355	0.709	1.0	1.0
16	6	82	3.0	0.0	25.0	1.0	1.0	1.0
16	6	79	2.774	0.425	25.871	1.408	1.0	1.0
16	6	76	2.516	0.508	27.452	1.546	1.0	1.0
16	6	73	2.323	0.475	28.323	1.833	1.0	1.0
16	6	70	1.774	0.56	30.931	2.187	0.935	0.935
16	6	67	1.467	0.73	33.481	2.953	0.839	0.871
16	6	64	0.517	0.688	38.286	4.103	0.387	0.452
16	6	61	0.067	0.254	37.667	2.887	0.065	0.097
16	6	58	0.0	0.0	nan	nan	0.0	0.0
16	6	55	0.0	0.0	nan	nan	0.0	0.0
16	6	52	0.0	0.0	nan	nan	0.0	0.0
16	6	49	0.0	0.0	nan	nan	0.0	0.0
16	6	46	0.0	0.0	nan	nan	0.0	0.0
16	6	43	0.0	0.0	nan	nan	0.0	0.0
16	6	40	0.0	0.0	nan	nan	0.0	0.0
17	6	97	3.613	0.558	17.774	0.56	1.0	1.0
17	6	94	3.0	0.683	18.258	0.514	1.0	1.0
17	6	91	2.29	0.461	19.258	0.575	1.0	1.0
17	6	88	2.032	0.18	19.742	0.893	1.0	1.0
17	6	85	2.0	0.0	20.645	1.142	1.0	1.0
17	6	82	2.0	0.0	21.742	1.237	1.0	1.0
17	6	79	1.903	0.301	23.258	1.094	1.0	1.0
17	6	76	1.677	0.475	24.065	1.124	1.0	1.0
17	6	73	1.129	0.428	26.767	2.029	0.968	0.968
17	6	70	0.793	0.491	28.875	3.392	0.71	0.774
17	6	67	0.097	0.301	32.0	2.0	0.097	0.097
17	6	64	0.0	0.0	nan	nan	0.0	0.0
17	6	61	0.0	0.0	nan	nan	0.0	0.0
17	6	58	0.0	0.0	nan	nan	0.0	0.0
17	6	55	0.0	0.0	nan	nan	0.0	0.0
17	6	52	0.0	0.0	nan	nan	0.0	0.0
17	6	49	0.0	0.0	nan	nan	0.0	0.0
17	6	46	0.0	0.0	nan	nan	0.0	0.0
17	6	43	0.0	0.0	nan	nan	0.0	0.0
17	6	40	0.0	0.0	nan	nan	0.0	0.0
18	6	97	3.516	0.677	18.484	0.57	1.0	1.0
18	6	94	3.065	0.25	19.065	0.574	1.0	1.0
18	6	91	3.032	0.18	19.613	0.803	1.0	1.0
18	6	88	2.903	0.301	20.452	0.81	1.0	1.0
18	6	85	2.903	0.301	21.258	0.815	1.0	1.0
18	6	82	2.516	0.508	22.194	0.98	1.0	1.0
18	6	79	2.258	0.445	23.484	0.996	1.0	1.0
18	6	76	2.032	0.18	24.806	1.223	1.0	1.0
18	6	73	1.935	0.25	25.71	1.465	1.0	1.0
18	6	70	1.933	0.254	28.258	2.67	0.968	1.0
18	6	67	0.933	0.907	31.278	2.562	0.548	0.581
18	6	64	0.103	0.409	34.5	2.38	0.065	0.129
18	6	61	0.0	0.0	nan	nan	0.0	0.0
18	6	58	0.0	0.0	nan	nan	0.0	0.0
18	6	55	0.0	0.0	nan	nan	0.0	0.0
18	6	52	0.0	0.0	nan	nan	0.0	0.0
18	6	49	0.0	0.0	nan	nan	0.0	0.0
18	6	46	0.0	0.0	nan	nan	0.0	0.0
18	6	43	0.0	0.0	nan	nan	0.0	0.0
18	6	40	0.0	0.0	nan	nan	0.0	0.0
19	6	97	3.645	0.661	18.774	0.497	1.0	1.0
19	6	94	3.065	0.25	19.581	0.672	1.0	1.0
19	6	91	3.032	0.18	19.968	0.795	1.0	1.0
19	6	88	3.0	0.0	21.194	0.873	1.0	1.0
19	6	85	3.0	0.0	22.065	0.964	1.0	1.0
19	6	82	3.0	0.0	23.0	0.931	1.0	1.0
19	6	79	2.71	0.461	24.935	1.237	1.0	1.0
19	6	76	2.194	0.402	26.71	2.355	1.0	1.0
19	6	73	2.032	0.18	28.548	2.293	1.0	1.0
19	6	70	1.871	0.341	31.968	2.726	1.0	1.0
19	6	67	1.133	0.571	36.571	2.999	0.871	0.903
19	6	64	0.097	0.301	41.667	0.577	0.097	0.097
19	6	61	0.0	0.0	nan	nan	0.0	0.0
19	6	58	0.0	0.0	nan	nan	0.0	0.0
19	6	55	0.0	0.0	nan	nan	0.0	0.0
19	6	52	0.0	0.0	nan	nan	0.0	0.0
19	6	49	0.0	0.0	nan	nan	0.0	0.0
19	6	46	0.0	0.0	nan	nan	0.0	0.0
19	6	43	0.0	0.0	nan	nan	0.0	0.0
19	6	40	0.0	0.0	nan	nan	0.0	0.0
20	6	97	4.0	0.365	19.548	0.723	1.0	1.0
20	6	94	3.774	0.425	20.258	0.631	1.0	1.0
20	6	91	3.548	0.506	20.548	0.888	1.0	1.0
20	6	88	3.161	0.374	21.871	0.922	1.0	1.0
20	6	85	3.0	0.0	23.194	0.946	1.0	1.0
20	6	82	3.0	0.0	24.065	1.153	1.0	1.0
20	6	79	2.968	0.18	25.645	1.38	1.0	1.0
20	6	76	2.806	0.402	26.226	1.175	1.0	1.0
20	6	73	2.194	0.543	29.548	3.042	1.0	1.0
20	6	70	1.903	0.539	32.0	2.145	1.0	1.0
20	6	67	1.29	0.588	35.414	2.653	0.935	0.935
20	6	64	0.464	0.508	38.25	2.91	0.419	0.516
20	6	61	0.0	0.0	nan	nan	0.0	0.0
20	6	58	0.0	0.0	nan	nan	0.0	0.0
20	6	55	0.0	0.0	nan	nan	0.0	0.0
20	6	52	0.0	0.0	nan	nan	0.0	0.0
20	6	49	0.0	0.0	nan	nan	0.0	0.0
20	6	46	0.0	0.0	nan	nan	0.0	0.0
20	6	43	0.0	0.0	nan	nan	0.0	0.0
20	6	40	0.0	0.0	nan	nan	0.0	0.0
21	6	97	3.742	0.445	17.677	0.702	1.0	1.0
21	6	94	3.548	0.506	18.161	0.638	1.0	1.0
21	6	91	3.032	0.482	18.903	0.651	1.0	1.0
21	6	88	2.581	0.564	19.548	0.925	1.0	1.0
21	6	85	2.097	0.301	20.355	1.082	1.0	1.0
21	6	82	2.0	0.0	21.581	1.025	1.0	1.0
21	6	79	2.0	0.0	22.548	1.179	1.0	1.0
21	6	76	1.871	0.341	23.903	1.165	1.0	1.0
21	6	73	1.839	0.374	25.032	1.329	1.0	1.0
21	6	70	1.233	0.568	28.724	2.604	0.903	0.935
21	6	67	0.571	0.79	30.929	3.222	0.355	0.452
21	6	64	0.0	0.0	41.0	0.0	0.0	0.032
21	6	61	0.0	0.0	nan	nan	0.0	0.0
21	6	58	0.0	0.0	nan	nan	0.0	0.0
21	6	55	0.0	0.0	nan	nan	0.0	0.0
21	6	52	0.0	0.0	nan	nan	0.0	0.0
21	6	49	0.0	0.0	nan	nan	0.0	0.0
21	6	46	0.0	0.0	nan	nan	0.0	0.0
21	6	43	0.0	0.0	nan	nan	0.0	0.0
21	6	40	0.0	0.0	nan	nan	0.0	0.0
22	6	97	3.645	0.486	17.968	0.547	1.0	1.0
22	6	94	3.419	0.62	18.387	0.615	1.0	1.0
22	6	91	2.839	0.638	18.742	0.631	1.0	1.0
22	6	88	2.258	0.445	19.968	0.912	1.0	1.0
22	6	85	2.161	0.374	20.419	0.72	1.0	1.0
22	6	82	2.032	0.18	21.839	1.241	1.0	1.0
22	6	79	2.0	0.0	23.032	1.426	1.0	1.0
22	6	76	2.0	0.0	23.903	1.248	1.0	1.0
22	6	73	1.71	0.461	25.839	1.416	1.0	1.0
22	6	70	1.533	0.507	29.0	2.966	0.968	1.0
22	6	67	0.84	0.746	31.773	3.841	0.516	0.71
22	6	64	0.071	0.262	33.8	2.683	0.065	0.161
22	6	61	0.0	0.0	nan	nan	0.0	0.0
22	6	58	0.0	0.0	nan	nan	0.0	0.0
22	6	55	0.0	0.0	nan	nan	0.0	0.0
22	6	52	0.0	0.0	nan	nan	0.0	0.0
22	6	49	0.0	0.0	nan	nan	0.0	0.0
22	6	46	0.0	0.0	nan	nan	0.0	0.0
22	6	43	0.0	0.0	nan	nan	0.0	0.0
22	6	40	0.0	0.0	nan	nan	0.0	0.0
23	6	97	4.387	0.667	17.806	0.477	1.0	1.0
23	6	94	3.774	0.669	18.226	0.762	1.0	1.0
23	6	91	3.323	0.541	18.806	0.792	1.0	1.0
23	6	88	3.0	0.258	19.419	0.765	1.0	1.0
23	6	85	2.935	0.25	20.323	0.945	1.0	1.0
23	6	82	2.613	0.495	21.194	1.138	1.0	1.0
23	6	79	2.323	0.475	22.613	1.283	1.0	1.0
23	6	76	2.032	0.18	23.677	1.013	1.0	1.0
23	6	73	1.935	0.359	25.484	1.262	1.0	1.0
23	6	70	1.742	0.631	27.25	2.137	0.903	0.903
23	6	67	1.259	0.712	30.741	3.601	0.742	0.871
23	6	64	0.25	0.645	33.714	2.215	0.129	0.226
23	6	61	0.0	0.0	nan	nan	0.0	0.0
23	6	58	0.0	0.0	nan	nan	0.0	0.0
23	6	55	0.0	0.0	nan	nan	0.0	0.0
23	6	52	0.0	0.0	nan	nan	0.0	0.0
23	6	49	0.0	0.0	nan	nan	0.0	0.0
23	6	46	0.0	0.0	nan	nan	0.0	0.0
23	6	43	0.0	0.0	nan	nan	0.0	0.0
23	6	40	0.0	0.0	nan	nan	0.0	0.0
24	6	97	4.032	0.18	19.516	0.851	1.0	1.0
24	6	94	3.774	0.425	19.968	0.605	1.0	1.0
24	6	91	3.387	0.495	21.323	0.702	1.0	1.0
24	6	88	3.097	0.301	21.742	1.032	1.0	1.0
24	6	85	3.0	0.0	23.0	0.856	1.0	1.0
24	6	82	3.0	0.0	24.161	1.098	1.0	1.0
24	6	79	2.968	0.18	25.065	1.031	1.0	1.0
24	6	76	2.71	0.461	26.645	1.17	1.0	1.0
24	6	73	2.355	0.486	30.032	1.923	1.0	1.0
24	6	70	1.742	0.445	33.097	2.022	1.0	1.0
24	6	67	1.194	0.402	37.194	2.857	1.0	1.0
24	6	64	0.167	0.379	41.667	3.502	0.161	0.194
24	6	61	0.0	0.0	nan	nan	0.0	0.0
24	6	58	0.0	0.0	nan	nan	0.0	0.0
24	6	55	0.0	0.0	nan	nan	0.0	0.0
24	6	52	0.0	0.0	nan	nan	0.0	0.0
24	6	49	0.0	0.0	nan	nan	0.0	0.0
24	6	46	0.0	0.0	nan	nan	0.0	0.0
24	6	43	0.0	0.0	nan	nan	0.0	0.0
24	6	40	0.0	0.0	nan	nan	0.0	0.0
25	6	97	4.29	0.461	18.452	0.624	1.0	1.0
25	6	94	3.935	0.25	19.032	0.605	1.0	1.0
25	6	91	3.419	0.502	19.935	0.727	1.0	1.0
25	6	88	3.032	0.18	20.774	0.617	1.0	1.0
25	6	85	3.0	0.0	21.548	0.925	1.0	1.0
25	6	82	2.935	0.25	22.903	1.193	1.0	1.0
25	6	79	2.968	0.18	23.774	0.92	1.0	1.0
25	6	76	2.71	0.461	24.935	1.063	1.0	1.0
25	6	73	2.226	0.425	27.903	1.832	1.0	1.0
25	6	70	1.968	0.315	30.161	2.557	1.0	1.0
25	6	67	1.452	0.506	33.71	2.163	1.0	1.0
25	6	64	0.923	0.628	37.88	4.343	0.645	0.806
25	6	61	0.036	0.189	38.0	4.83	0.032	0.129
25	6	58	0.0	0.0	nan	nan	0.0	0.0
25	6	55	0.0	0.0	nan	nan	0.0	0.0
25	6	52	0.0	0.0	nan	nan	0.0	0.0
25	6	49	0.0	0.0	nan	nan	0.0	0.0
25	6	46	0.0	0.0	nan	nan	0.0	0.0
25	6	43	0.0	0.0	nan	nan	0.0	0.0
25	6	40	0.0	0.0	nan	nan	0.0	0.0
26	6	97	3.871	0.341	17.677	0.541	1.0	1.0
26	6	94	3.323	0.475	18.613	0.715	1.0	1.0
26	6	91	3.0	0.365	19.065	0.727	1.0	1.0
26	6	88	2.71	0.461	19.645	0.755	1.0	1.0
26	6	85	2.355	0.486	20.452	0.995	1.0	1.0
26	6	82	2.097	0.301	21.452	0.888	1.0	1.0
26	6	79	2.065	0.25	22.742	0.93	1.0	1.0
26	6	76	2.0	0.0	23.806	1.493	1.0	1.0
26	6	73	1.71	0.461	26.065	1.948	1.0	1.0
26	6	70	1.533	0.571	27.533	2.583	0.935	0.968
26	6	67	0.833	0.699	30.0	2.683	0.645	0.677
26	6	64	0.258	0.631	32.2	2.049	0.161	0.161
26	6	61	0.0	0.0	nan	nan	0.0	0.0
26	6	58	0.0	0.0	nan	nan	0.0	0.0
26	6	55	0.0	0.0	nan	nan	0.0	0.0
26	6	52	0.0	0.0	nan	nan	0.0	0.0
26	6	49	0.0	0.0	nan	nan	0.0	0.0
26	6	46	0.0	0.0	nan	nan	0.0	0.0
26	6	43	0.0	0.0	nan	nan	0.0	0.0
26	6	40	0.0	0.0	nan	nan	0.0	0.0
27	6	97	3.129	0.341	18.839	0.779	1.0	1.0
27	6	94	3.032	0.18	19.516	0.626	1.0	1.0
27	6	91	3.0	0.0	20.355	0.798	1.0	1.0
27	6	88	3.0	0.0	21.258	1.032	1.0	1.0
27	6	85	2.968	0.18	22.0	0.966	1.0	1.0
27	6	82	2.774	0.425	23.419	1.057	1.0	1.0
27	6	79	2.258	0.445	25.161	1.241	1.0	1.0
27	6	76	2.065	0.25	25.774	1.203	1.0	1.0
27	6	73	2.0	0.0	28.226	2.247	1.0	1.0
27	6	70	1.7	0.535	33.0	3.425	0.968	1.0
27	6	67	0.833	0.699	36.429	3.155	0.645	0.677
27	6	64	0.033	0.183	40.0	5.657	0.032	0.065
27	6	61	0.0	0.0	nan	nan	0.0	0.0
27	6	58	0.0	0.0	nan	nan	0.0	0.0
27	6	55	0.0	0.0	nan	nan	0.0	0.0
27	6	52	0.0	0.0	nan	nan	0.0	0.0
27	6	49	0.0	0.0	nan	nan	0.0	0.0
27	6	46	0.0	0.0	nan	nan	0.0	0.0
27	6	43	0.0	0.0	nan	nan	0.0	0.0
27	6	40	0.0	0.0	nan	nan	0.0	0.0
28	6	97	3.097	0.301	19.258	0.729	1.0	1.0
28	6	94	3.0	0.0	20.194	0.601	1.0	1.0
28	6	91	3.0	0.0	20.839	0.82	1.0	1.0
28	6	88	2.903	0.301	21.161	0.898	1.0	1.0
28	6	85	2.452	0.506	22.774	1.175	1.0	1.0
28	6	82	2.387	0.495	23.323	0.945	1.0	1.0
28	6	79	2.032	0.18	25.129	1.31	1.0	1.0
28	6	76	1.968	0.18	26.452	1.457	1.0	1.0
28	6	73	1.935	0.25	29.0	2.191	1.0	1.0
28	6	70	1.733	0.45	32.419	2.802	0.968	1.0
28	6	67	0.92	0.702	35.917	3.296	0.581	0.774
28	6	64	0.0	0.0	37.0	0.0	0.0	0.032
28	6	61	0.0	0.0	nan	nan	0.0	0.0
28	6	58	0.0	0.0	nan	nan	0.0	0.0
28	6	55	0.0	0.0	nan	nan	0.0	0.0
28	6	52	0.0	0.0	nan	nan	0.0	0.0
28	6	49	0.0	0.0	nan	nan	0.0	0.0
28	6	46	0.0	0.0	nan	nan	0.0	0.0
28	6	43	0.0	0.0	nan	nan	0.0	0.0
28	6	40	0.0	0.0	nan	nan	0.0	0.0
29	6	97	3.323	0.475	19.935	0.68	1.0	1.0
29	6	94	3.065	0.25	20.71	0.783	1.0	1.0
29	6	91	3.0	0.0	21.516	0.811	1.0	1.0
29	6	88	2.968	0.18	21.968	1.016	1.0	1.0
29	6	85	2.581	0.502	23.065	0.964	1.0	1.0
29	6	82	2.387	0.495	23.645	1.082	1.0	1.0
29	6	79	2.129	0.341	24.613	1.054	1.0	1.0
29	6	76	2.032	0.18	26.0	1.238	1.0	1.0
29	6	73	1.935	0.25	28.032	2.198	1.0	1.0
29	6	70	1.379	0.775	30.385	2.654	0.774	0.839
29	6	67	0.692	0.838	33.471	2.348	0.387	0.548
29	6	64	0.032	0.18	35.0	0.0	0.032	0.032
29	6	61	0.0	0.0	nan	nan	0.0	0.0
29	6	58	0.0	0.0	nan	nan	0.0	0.0
29	6	55	0.0	0.0	nan	nan	0.0	0.0
29	6	52	0.0	0.0	nan	nan	0.0	0.0
29	6	49	0.0	0.0	nan	nan	0.0	0.0
29	6	46	0.0	0.0	nan	nan	0.0	0.0
29	6	43	0.0	0.0	nan	nan	0.0	0.0
29	6	40	0.0	0.0	nan	nan	0.0	0.0
30	6	97	3.226	0.425	18.645	0.709	1.0	1.0
30	6	94	3.032	0.18	19.194	0.749	1.0	1.0
30	6	91	3.0	0.0	19.968	0.657	1.0	1.0
30	6	88	2.903	0.301	20.742	1.032	1.0	1.0
30	6	85	2.677	0.475	21.742	0.965	1.0	1.0
30	6	82	2.323	0.475	22.903	1.012	1.0	1.0
30	6	79	2.161	0.374	23.903	1.193	1.0	1.0
30	6	76	2.0	0.0	26.032	1.975	1.0	1.0
30	6	73	1.968	0.18	26.903	2.737	1.0	1.0
30	6	70	1.871	0.428	30.933	2.651	0.968	0.968
30	6	67	1.615	0.697	32.893	3.326	0.742	0.903
30	6	64	0.25	0.585	35.0	2.619	0.161	0.258
30	6	61	0.0	0.0	nan	nan	0.0	0.0
30	6	58	0.0	0.0	nan	nan	0.0	0.0
30	6	55	0.0	0.0	nan	nan	0.0	0.0
30	6	52	0.0	0.0	nan	nan	0.0	0.0
30	6	49	0.0	0.0	nan	nan	0.0	0.0
30	6	46	0.0	0.0	nan	nan	0.0	0.0
30	6	43	0.0	0.0	nan	nan	0.0	0.0
30	6	40	0.0	0.0	nan	nan	0.0	0.0
31	6	97	4.065	0.359	18.903	0.473	1.0	1.0
31	6	94	3.742	0.575	19.355	0.755	1.0	1.0
31	6	91	3.29	0.461	20.097	0.746	1.0	1.0
31	6	88	3.032	0.18	21.129	0.806	1.0	1.0
31	6	85	3.0	0.0	22.226	1.175	1.0	1.0
31	6	82	3.0	0.0	23.0	1.125	1.0	1.0
31	6	79	2.903	0.301	24.806	1.046	1.0	1.0
31	6	76	2.71	0.461	26.065	2.128	1.0	1.0
31	6	73	2.258	0.514	28.161	2.57	1.0	1.0
31	6	70	1.968	0.407	31.774	2.906	1.0	1.0
31	6	67	1.323	0.599	34.138	3.056	0.935	0.935
31	6	64	0.519	0.509	40.333	4.015	0.452	0.581
31	6	61	0.032	0.18	43.0	0.0	0.032	0.032
31	6	58	0.0	0.0	nan	nan	0.0	0.0
31	6	55	0.0	0.0	nan	nan	0.0	0.0
31	6	52	0.0	0.0	nan	nan	0.0	0.0
31	6	49	0.0	0.0	nan	nan	0.0	0.0
31	6	46	0.0	0.0	nan	nan	0.0	0.0
31	6	43	0.0	0.0	nan	nan	0.0	0.0
31	6	40	0.0	0.0	nan	nan	0.0	0.0
0	7	97	3.194	0.402	18.645	0.551	1.0	1.0
0	7	94	2.968	0.18	19.129	0.428	1.0	1.0
0	7	91	2.581	0.502	19.871	0.718	1.0	1.0
0	7	88	2.194	0.402	20.677	0.791	1.0	1.0
0	7	85	2.032	0.18	21.677	0.832	1.0	1.0
0	7	82	2.032	0.18	22.677	0.653	1.0	1.0
0	7	79	1.935	0.25	24.065	1.153	1.0	1.0
0	7	76	1.968	0.18	25.161	1.416	1.0	1.0
0	7	73	1.839	0.454	26.967	1.671	0.968	0.968
0	7	70	1.321	0.723	31.259	2.654	0.774	0.871
0	7	67	0.25	0.608	34.273	5.605	0.129	0.355
0	7	64	0.0	0.0	nan	nan	0.0	0.0
0	7	61	0.0	0.0	nan	nan	0.0	0.0
0	7	58	0.0	0.0	nan	nan	0.0	0.0
0	7	55	0.0	0.0	nan	nan	0.0	0.0
0	7	52	0.0	0.0	nan	nan	0.0	0.0
0	7	49	0.0	0.0	nan	nan	0.0	0.0
0	7	46	0.0	0.0	nan	nan	0.0	0.0
0	7	43	0.0	0.0	nan	nan	0.0	0.0
0	7	40	0.0	0.0	nan	nan	0.0	0.0
1	7	97	3.968	0.18	20.355	0.798	1.0	1.0
1	7	94	3.935	0.25	21.355	0.755	1.0	1.0
1	7	91	3.645	0.486	21.903	0.978	1.0	1.0
1	7	88	3.194	0.402	22.839	1.036	1.0	1.0
1	7	85	3.065	0.25	24.032	1.169	1.0	1.0
1	7	82	3.0	0.0	25.129	1.586	1.0	1.0
1	7	79	2.935	0.25	25.613	1.145	1.0	1.0
1	7	76	2.774	0.425	28.129	1.607	1.0	1.0
1	7	73	2.161	0.523	30.516	2.365	1.0	1.0
1	7	70	1.774	0.617	32.633	2.297	0.968	0.968
1	7	67	1.367	0.556	35.8	3.745	0.935	0.968
1	7	64	0.233	0.43	40.0	2.507	0.226	0.258
1	7	61	0.0	0.0	nan	nan	0.0	0.0
1	7	58	0.0	0.0	nan	nan	0.0	0.0
1	7	55	0.0	0.0	nan	nan	0.0	0.0
1	7	52	0.0	0.0	nan	nan	0.0	0.0
1	7	49	0.0	0.0	nan	nan	0.0	0.0
1	7	46	0.0	0.0	nan	nan	0.0	0.0
1	7	43	0.0	0.0	nan	nan	0.0	0.0
1	7	40	0.0	0.0	nan	nan	0.0	0.0
2	7	97	3.742	0.445	17.29	0.529	1.0	1.0
2	7	94	3.0	0.577	17.871	0.619	1.0	1.0
2	7	91	2.355	0.486	18.226	0.669	1.0	1.0
2	7	88	2.161	0.374	18.903	0.597	1.0	1.0
2	7	85	2.0	0.0	19.742	0.631	1.0	1.0
2	7	82	2.0	0.0	20.677	0.748	1.0	1.0
2	7	79	1.839	0.374	21.806	1.223	1.0	1.0
2	7	76	1.613	0.495	22.806	1.195	1.0	1.0
2	7	73	1.161	0.374	24.129	0.922	1.0	1.0
2	7	70	0.839	0.374	27.154	2.694	0.839	0.839
2	7	67	0.733	0.45	29.261	2.75	0.71	0.742
2	7	64	0.032	0.18	33.0	0.0	0.032	0.032
2	7	61	0.0	0.0	nan	nan	0.0	0.0
2	7	58	0.0	0.0	nan	nan	0.0	0.0
2	7	55	0.0	0.0	nan	nan	0.0	0.0
2	7	52	0.0	0.0	nan	nan	0.0	0.0
2	7	49	0.0	0.0	nan	nan	0.0	0.0
2	7	46	0.0	0.0	nan	nan	0.0	0.0
2	7	43	0.0	0.0	nan	nan	0.0	0.0
2	7	40	0.0	0.0	nan	nan	0.0	0.0
3	7	97	3.29	0.783	17.935	0.772	1.0	1.0
3	7	94	2.613	0.803	18.419	0.672	1.0	1.0
3	7	91	2.065	0.25	19.161	0.86	1.0	1.0
3	7	88	2.032	0.18	19.839	0.934	1.0	1.0
3	7	85	2.0	0.0	21.355	1.05	1.0	1.0
3	7	82	2.0	0.0	22.194	1.138	1.0	1.0
3	7	79	2.0	0.0	23.452	0.995	1.0	1.0
3	7	76	1.935	0.25	24.935	1.365	1.0	1.0
3	7	73	1.71	0.461	27.29	2.411	1.0	1.0
3	7	70	1.379	0.494	29.742	2.543	0.935	1.0
3	7	67	0.136	0.351	35.417	3.872	0.097	0.387
3	7	64	0.0	0.0	nan	nan	0.0	0.0
3	7	61	0.0	0.0	nan	nan	0.0	0.0
3	7	58	0.0	0.0	nan	nan	0.0	0.0
3	7	55	0.0	0.0	nan	nan	0.0	0.0
3	7	52	0.0	0.0	nan	nan	0.0	0.0
3	7	49	0.0	0.0	nan	nan	0.0	0.0
3	7	46	0.0	0.0	nan	nan	0.0	0.0
3	7	43	0.0	0.0	nan	nan	0.0	0.0
3	7	40	0.0	0.0	nan	nan	0.0	0.0
4	7	97	3.71	0.588	18.0	0.632	1.0	1.0
4	7	94	3.161	0.374	18.645	0.608	1.0	1.0
4	7	91	3.0	0.0	19.452	0.723	1.0	1.0
4	7	88	2.903	0.301	20.097	0.79	1.0	1.0
4	7	85	2.742	0.445	20.871	0.922	1.0	1.0
4	7	82	2.258	0.445	21.645	1.226	1.0	1.0
4	7	79	2.194	0.402	22.903	1.165	1.0	1.0
4	7	76	2.0	0.0	23.839	0.969	1.0	1.0
4	7	73	2.0	0.0	25.226	1.175	1.0	1.0
4	7	70	1.871	0.428	27.667	2.155	0.968	0.968
4	7	67	1.552	0.632	31.103	3.498	0.871	0.935
4	7	64	0.385	0.637	36.385	3.776	0.258	0.419
4	7	61	0.0	0.0	43.0	0.0	0.0	0.032
4	7	58	0.0	0.0	nan	nan	0.0	0.0
4	7	55	0.0	0.0	nan	nan	0.0	0.0
4	7	52	0.0	0.0	nan	nan	0.0	0.0
4	7	49	0.0	0.0	nan	nan	0.0	0.0
4	7	46	0.0	0.0	nan	nan	0.0	0.0
4	7	43	0.0	0.0	nan	nan	0.0	0.0
4	7	40	0.0	0.0	nan	nan	0.0	0.0
5	7	97	4.194	0.654	17.71	0.864	1.0	1.0
5	7	94	3.71	0.461	18.065	0.629	1.0	1.0
5	7	91	3.355	0.486	18.548	0.675	1.0	1.0
5	7	88	2.968	0.315	19.516	0.811	1.0	1.0
5	7	85	2.806	0.402	20.161	1.098	1.0	1.0
5	7	82	2.387	0.495	21.258	0.999	1.0	1.0
5	7	79	2.097	0.301	22.355	1.355	1.0	1.0
5	7	76	2.0	0.0	23.71	1.071	1.0	1.0
5	7	73	1.968	0.18	24.871	1.024	1.0	1.0
5	7	70	1.839	0.374	26.097	1.535	1.0	1.0
5	7	67	1.32	0.627	30.517	3.979	0.742	0.935
5	7	64	0.143	0.525	33.4	4.615	0.065	0.161
5	7	61	0.0	0.0	nan	nan	0.0	0.0
5	7	58	0.0	0.0	nan	nan	0.0	0.0
5	7	55	0.0	0.0	nan	nan	0.0	0.0
5	7	52	0.0	0.0	nan	nan	0.0	0.0
5	7	49	0.0	0.0	nan	nan	0.0	0.0
5	7	46	0.0	0.0	nan	nan	0.0	0.0
5	7	43	0.0	0.0	nan	nan	0.0	0.0
5	7	40	0.0	0.0	nan	nan	0.0	0.0
6	7	97	3.839	0.523	19.581	0.807	1.0	1.0
6	7	94	3.419	0.502	20.194	0.749	1.0	1.0
6	7	91	3.097	0.301	20.968	0.836	1.0	1.0
6	7	88	3.0	0.0	22.129	0.885	1.0	1.0
6	7	85	3.0	0.0	22.935	0.854	1.0	1.0
6	7	82	3.0	0.0	24.097	0.746	1.0	1.0
6	7	79	2.774	0.425	25.774	1.203	1.0	1.0
6	7	76	2.484	0.508	27.129	1.668	1.0	1.0
6	7	73	2.194	0.477	29.935	2.279	1.0	1.0
6	7	70	1.742	0.445	33.065	2.898	1.0	1.0
6	7	67	0.857	0.651	38.348	3.563	0.645	0.742
6	7	64	0.276	0.528	38.333	2.872	0.226	0.29
6	7	61	0.0	0.0	nan	nan	0.0	0.0
6	7	58	0.0	0.0	nan	nan	0.0	0.0
6	7	55	0.0	0.0	nan	nan	0.0	0.0
6	7	52	0.0	0.0	nan	nan	0.0	0.0
6	7	49	0.0	0.0	nan	nan	0.0	0.0
6	7	46	0.0	0.0	nan	nan	0.0	0.0
6	7	43	0.0	0.0	nan	nan	0.0	0.0
6	7	40	0.0	0.0	nan	nan	0.0	0.0
7	7	97	3.29	0.461	18.419	0.62	1.0	1.0
7	7	94	3.129	0.428	19.226	0.92	1.0	1.0
7	7	91	3.032	0.18	19.903	0.87	1.0	1.0
7	7	88	2.839	0.374	20.839	1.003	1.0	1.0
7	7	85	2.742	0.445	21.548	0.925	1.0	1.0
7	7	82	2.387	0.495	22.677	0.945	1.0	1.0
7	7	79	2.065	0.25	23.484	1.029	1.0	1.0
7	7	76	2.0	0.0	25.452	1.457	1.0	1.0
7	7	73	2.0	0.0	26.774	1.927	1.0	1.0
7	7	70	1.933	0.254	29.226	2.655	0.968	1.0
7	7	67	1.16	0.85	32.958	3.569	0.581	0.774
7	7	64	0.286	0.659	35.5	3.071	0.161	0.258
7	7	61	0.0	0.0	nan	nan	0.0	0.0
7	7	58	0.0	0.0	nan	nan	0.0	0.0
7	7	55	0.0	0.0	nan	nan	0.0	0.0
7	7	52	0.0	0.0	nan	nan	0.0	0.0
7	7	49	0.0	0.0	nan	nan	0.0	0.0
7	7	46	0.0	0.0	nan	nan	0.0	0.0
7	7	43	0.0	0.0	nan	nan	0.0	0.0
7	7	40	0.0	0.0	nan	nan	0.0	0.0
8	7	97	4.226	0.669	17.742	0.575	1.0	1.0
8	7	94	3.677	0.599	18.226	0.56	1.0	1.0
8	7	91	3.29	0.588	18.742	0.575	1.0	1.0
8	7	88	3.0	0.0	19.645	0.915	1.0	1.0
8	7	85	2.935	0.25	20.677	0.909	1.0	1.0
8	7	82	2.774	0.425	21.871	1.176	1.0	1.0
8	7	79	2.613	0.495	22.548	0.995	1.0	1.0
8	7	76	2.161	0.374	23.935	1.389	1.0	1.0
8	7	73	2.032	0.18	25.806	1.662	1.0	1.0
8	7	70	2.0	0.0	27.839	2.035	1.0	1.0
8	7	67	1.867	0.346	29.581	3.128	0.968	1.0
8	7	64	1.357	0.731	34.963	4.528	0.774	0.871
8	7	61	0.067	0.365	37.5	4.95	0.032	0.065
8	7	58	0.0	0.0	nan	nan	0.0	0.0
8	7	55	0.0	0.0	nan	nan	0.0	0.0
8	7	52	0.0	0.0	nan	nan	0.0	0.0
8	7	49	0.0	0.0	nan	nan	0.0	0.0
8	7	46	0.0	0.0	nan	nan	0.0	0.0
8	7	43	0.0	0.0	nan	nan	0.0	0.0
8	7	40	0.0	0.0	nan	nan	0.0	0.0
9	7	97	4.419	0.62	17.742	0.514	1.0	1.0
9	7	94	3.516	0.57	18.452	0.568	1.0	1.0
9	7	91	3.161	0.374	19.065	0.68	1.0	1.0
9	7	88	3.0	0.258	19.903	0.87	1.0	1.0
9	7	85	2.935	0.25	20.903	1.012	1.0	1.0
9	7	82	2.613	0.495	22.032	1.016	1.0	1.0
9	7	79	2.419	0.502	23.161	1.186	1.0	1.0
9	7	76	2.258	0.445	24.323	1.447	1.0	1.0
9	7	73	1.968	0.18	26.161	1.899	1.0	1.0
9	7	70	1.968	0.18	28.903	2.712	1.0	1.0
9	7	67	1.448	0.736	31.852	3.759	0.806	0.871
9	7	64	0.308	0.549	36.417	2.811	0.226	0.387
9	7	61	0.0	0.0	nan	nan	0.0	0.0
9	7	58	0.0	0.0	nan	nan	0.0	0.0
9	7	55	0.0	0.0	nan	nan	0.0	0.0
9	7	52	0.0	0.0	nan	nan	0.0	0.0
9	7	49	0.0	0.0	nan	nan	0.0	0.0
9	7	46	0.0	0.0	nan	nan	0.0	0.0
9	7	43	0.0	0.0	nan	nan	0.0	0.0
9	7	40	0.0	0.0	nan	nan	0.0	0.0
10	7	97	3.419	0.62	18.065	0.68	1.0	1.0
10	7	94	2.742	0.682	18.677	0.748	1.0	1.0
10	7	91	2.161	0.374	19.516	0.57	1.0	1.0
10	7	88	2.032	0.18	20.0	0.856	1.0	1.0
10	7	85	2.0	0.0	20.742	0.93	1.0	1.0
10	7	82	2.0	0.0	21.806	1.014	1.0	1.0
10	7	79	1.903	0.301	23.355	1.018	1.0	1.0
10	7	76	1.71	0.461	24.419	1.177	1.0	1.0
10	7	73	1.387	0.495	26.129	1.36	1.0	1.0
10	7	70	1.0	0.371	28.379	2.513	0.903	0.935
10	7	67	0.125	0.338	33.5	2.635	0.097	0.323
10	7	64	0.0	0.0	nan	nan	0.0	0.0
10	7	61	0.0	0.0	nan	nan	0.0	0.0
10	7	58	0.0	0.0	nan	nan	0.0	0.0
10	7	55	0.0	0.0	nan	nan	0.0	0.0
10	7	52	0.0	0.0	nan	nan	0.0	0.0
10	7	49	0.0	0.0	nan	nan	0.0	0.0
10	7	46	0.0	0.0	nan	nan	0.0	0.0
10	7	43	0.0	0.0	nan	nan	0.0	0.0
10	7	40	0.0	0.0	nan	nan	0.0	0.0
11	7	97	3.355	0.486	18.194	0.601	1.0	1.0
11	7	94	3.161	0.583	18.645	0.661	1.0	1.0
11	7	91	2.645	0.486	19.742	0.815	1.0	1.0
11	7	88	2.419	0.502	20.516	1.029	1.0	1.0
11	7	85	2.065	0.25	21.032	1.197	1.0	1.0
11	7	82	2.0	0.0	22.129	1.335	1.0	1.0
11	7	79	2.0	0.0	23.806	1.376	1.0	1.0
11	7	76	2.0	0.0	25.194	1.276	1.0	1.0
11	7	73	1.968	0.18	27.0	1.966	1.0	1.0
11	7	70	1.586	0.568	30.533	3.104	0.903	0.968
11	7	67	0.609	0.722	34.105	3.784	0.355	0.613
11	7	64	0.033	0.183	38.5	7.778	0.032	0.065
11	7	61	0.0	0.0	nan	nan	0.0	0.0
11	7	58	0.0	0.0	nan	nan	0.0	0.0
11	7	55	0.0	0.0	nan	nan	0.0	0.0
11	7	52	0.0	0.0	nan	nan	0.0	0.0
11	7	49	0.0	0.0	nan	nan	0.0	0.0
11	7	46	0.0	0.0	nan	nan	0.0	0.0
11	7	43	0.0	0.0	nan	nan	0.0	0.0
11	7	40	0.0	0.0	nan	nan	0.0	0.0
12	7	97	3.419	0.564	19.677	0.653	1.0	1.0
12	7	94	3.194	0.402	20.613	0.667	1.0	1.0
12	7	91	3.0	0.0	21.484	0.724	1.0	1.0
12	7	88	3.0	0.0	22.419	1.089	1.0	1.0
12	7	85	3.0	0.0	23.387	0.955	1.0	1.0
12	7	82	2.935	0.25	24.452	0.888	1.0	1.0
12	7	79	2.581	0.502	26.0	1.265	1.0	1.0
12	7	76	2.032	0.18	28.129	1.893	1.0	1.0
12	7	73	1.935	0.359	31.387	2.362	1.0	1.0
12	7	70	1.467	0.507	34.581	2.919	0.968	1.0
12	7	67	0.75	0.585	38.5	3.635	0.613	0.71
12	7	64	0.032	0.18	39.0	0.0	0.032	0.032
12	7	61	0.0	0.0	nan	nan	0.0	0.0
12	7	58	0.0	0.0	nan	nan	0.0	0.0
12	7	55	0.0	0.0	nan	nan	0.0	0.0
12	7	52	0.0	0.0	nan	nan	0.0	0.0
12	7	49	0.0	0.0	nan	nan	0.0	0.0
12	7	46	0.0	0.0	nan	nan	0.0	0.0
12	7	43	0.0	0.0	nan	nan	0.0	0.0
12	7	40	0.0	0.0	nan	nan	0.0	0.0
13	7	97	3.903	0.301	17.581	0.62	1.0	1.0
13	7	94	3.516	0.508	18.161	0.735	1.0	1.0
13	7	91	3.129	0.562	18.806	0.873	1.0	1.0
13	7	88	2.71	0.643	19.323	0.909	1.0	1.0
13	7	85	2.226	0.425	20.516	1.122	1.0	1.0
13	7	82	2.194	0.402	21.161	0.969	1.0	1.0
13	7	79	1.968	0.18	22.548	1.028	1.0	1.0
13	7	76	1.968	0.18	24.258	1.094	1.0	1.0
13	7	73	1.613	0.495	26.258	1.843	1.0	1.0
13	7	70	1.5	0.638	28.276	3.673	0.839	0.935
13	7	67	0.667	0.711	30.588	2.852	0.516	0.548
13	7	64	0.067	0.365	32.5	4.95	0.032	0.065
13	7	61	0.0	0.0	nan	nan	0.0	0.0
13	7	58	0.0	0.0	nan	nan	0.0	0.0
13	7	55	0.0	0.0	nan	nan	0.0	0.0
13	7	52	0.0	0.0	nan	nan	0.0	0.0
13	7	49	0.0	0.0	nan	nan	0.0	0.0
13	7	46	0.0	0.0	nan	nan	0.0	0.0
13	7	43	0.0	0.0	nan	nan	0.0	0.0
13	7	40	0.0	0.0	nan	nan	0.0	0.0
14	7	97	3.161	0.374	18.968	0.547	1.0	1.0
14	7	94	3.0	0.0	19.774	0.762	1.0	1.0
14	7	91	3.032	0.18	20.065	0.727	1.0	1.0
14	7	88	3.0	0.0	21.097	1.044	1.0	1.0
14	7	85	2.935	0.25	22.097	1.106	1.0	1.0
14	7	82	2.839	0.374	23.161	1.241	1.0	1.0
14	7	79	2.548	0.506	24.29	1.189	1.0	1.0
14	7	76	2.194	0.402	25.581	2.013	1.0	1.0
14	7	73	2.032	0.18	28.581	2.363	1.0	1.0
14	7	70	1.774	0.425	32.032	3.167	1.0	1.0
14	7	67	1.069	0.53	37.036	3.415	0.839	0.903
14	7	64	0.31	0.541	37.9	3.414	0.258	0.323
14	7	61	0.0	0.0	nan	nan	0.0	0.0
14	7	58	0.0	0.0	nan	nan	0.0	0.0
14	7	55	0.0	0.0	nan	nan	0.0	0.0
14	7	52	0.0	0.0	nan	nan	0.0	0.0
14	7	49	0.0	0.0	nan	nan	0.0	0.0
14	7	46	0.0	0.0	nan	nan	0.0	0.0
14	7	43	0.0	0.0	nan	nan	0.0	0.0
14	7	40	0.0	0.0	nan	nan	0.0	0.0
15	7	97	3.161	0.454	18.968	0.706	1.0	1.0
15	7	94	3.032	0.18	19.419	0.72	1.0	1.0
15	7	91	2.968	0.18	20.065	0.814	1.0	1.0
15	7	88	2.774	0.497	20.774	0.99	1.0	1.0
15	7	85	2.516	0.508	21.484	0.89	1.0	1.0
15	7	82	2.226	0.425	22.387	1.145	1.0	1.0
15	7	79	2.065	0.25	23.419	1.089	1.0	1.0
15	7	76	2.097	0.301	24.839	1.293	1.0	1.0
15	7	73	1.871	0.341	26.29	2.02	1.0	1.0
15	7	70	1.759	0.435	29.516	2.803	0.935	1.0
15	7	67	0.8	0.866	32.842	3.61	0.419	0.613
15	7	64	0.067	0.365	34.5	0.707	0.032	0.065
15	7	61	0.0	0.0	nan	nan	0.0	0.0
15	7	58	0.0	0.0	nan	nan	0.0	0.0
15	7	55	0.0	0.0	nan	nan	0.0	0.0
15	7	52	0.0	0.0	nan	nan	0.0	0.0
15	7	49	0.0	0.0	nan	nan	0.0	0.0
15	7	46	0.0	0.0	nan	nan	0.0	0.0
15	7	43	0.0	0.0	nan	nan	0.0	0.0
15	7	40	0.0	0.0	nan	nan	0.0	0.0
16	7	97	4.065	0.442	19.516	0.811	1.0	1.0
16	7	94	3.871	0.341	20.226	0.717	1.0	1.0
16	7	91	3.613	0.495	21.194	0.792	1.0	1.0
16	7	88	3.452	0.506	21.935	1.209	1.0	1.0
16	7	85	3.129	0.341	23.097	1.106	1.0	1.0
16	7	82	3.097	0.301	23.645	0.95	1.0	1.0
16	7	79	2.774	0.425	25.258	1.125	1.0	1.0
16	7	76	2.548	0.506	26.484	1.458	1.0	1.0
16	7	73	2.194	0.402	28.742	2.206	1.0	1.0
16	7	70	1.774	0.497	31.484	2.987	1.0	1.0
16	7	67	1.345	0.721	35.179	2.639	0.839	0.903
16	7	64	0.233	0.504	37.286	3.147	0.194	0.226
16	7	61	0.0	0.0	nan	nan	0.0	0.0
16	7	58	0.0	0.0	nan	nan	0.0	0.0
16	7	55	0.0	0.0	nan	nan	0.0	0.0
16	7	52	0.0	0.0	nan	nan	0.0	0.0
16	7	49	0.0	0.0	nan	nan	0.0	0.0
16	7	46	0.0	0.0	nan	nan	0.0	0.0
16	7	43	0.0	0.0	nan	nan	0.0	0.0
16	7	40	0.0	0.0	nan	nan	0.0	0.0
17	7	97	3.645	0.551	18.226	0.497	1.0	1.0
17	7	94	3.258	0.445	18.742	0.773	1.0	1.0
17	7	91	3.0	0.0	19.419	0.765	1.0	1.0
17	7	88	3.0	0.0	20.065	0.892	1.0	1.0
17	7	85	2.968	0.18	21.097	1.012	1.0	1.0
17	7	82	2.871	0.341	22.032	0.795	1.0	1.0
17	7	79	2.387	0.495	23.161	1.214	1.0	1.0
17	7	76	2.129	0.341	25.0	1.317	1.0	1.0
17	7	73	1.968	0.18	27.097	2.737	1.0	1.0
17	7	70	1.806	0.402	30.452	3.107	1.0	1.0
17	7	67	1.29	0.643	34.679	2.568	0.903	0.903
17	7	64	0.133	0.346	38.8	3.962	0.129	0.161
17	7	61	0.0	0.0	nan	nan	0.0	0.0
17	7	58	0.0	0.0	nan	nan	0.0	0.0
17	7	55	0.0	0.0	nan	nan	0.0	0.0
17	7	52	0.0	0.0	nan	nan	0.0	0.0
17	7	49	0.0	0.0	nan	nan	0.0	0.0
17	7	46	0.0	0.0	nan	nan	0.0	0.0
17	7	43	0.0	0.0	nan	nan	0.0	0.0
17	7	40	0.0	0.0	nan	nan	0.0	0.0
18	7	97	3.903	0.301	17.097	0.396	1.0	1.0
18	7	94	3.581	0.564	17.516	0.57	1.0	1.0
18	7	91	3.032	0.795	18.129	0.67	1.0	1.0
18	7	88	2.29	0.461	18.774	0.56	1.0	1.0
18	7	85	2.065	0.25	19.161	0.82	1.0	1.0
18	7	82	2.0	0.0	19.935	0.998	1.0	1.0
18	7	79	2.0	0.0	21.097	0.944	1.0	1.0
18	7	76	2.0	0.0	21.903	1.491	1.0	1.0
18	7	73	1.806	0.402	23.677	1.222	1.0	1.0
18	7	70	1.452	0.506	25.0	1.612	1.0	1.0
18	7	67	1.067	0.521	28.179	3.289	0.871	0.903
18	7	64	0.536	0.508	29.833	3.808	0.484	0.581
18	7	61	0.032	0.18	34.0	0.0	0.032	0.032
18	7	58	0.0	0.0	nan	nan	0.0	0.0
18	7	55	0.0	0.0	nan	nan	0.0	0.0
18	7	52	0.0	0.0	nan	nan	0.0	0.0
18	7	49	0.0	0.0	nan	nan	0.0	0.0
18	7	46	0.0	0.0	nan	nan	0.0	0.0
18	7	43	0.0	0.0	nan	nan	0.0	0.0
18	7	40	0.0	0.0	nan	nan	0.0	0.0
19	7	97	3.258	0.445	18.581	0.62	1.0	1.0
19	7	94	3.129	0.428	19.065	0.772	1.0	1.0
19	7	91	2.935	0.25	19.677	0.748	1.0	1.0
19	7	88	2.548	0.506	20.226	0.956	1.0	1.0
19	7	85	2.258	0.445	21.452	0.995	1.0	1.0
19	7	82	2.065	0.25	22.355	1.17	1.0	1.0
19	7	79	2.032	0.18	23.645	1.253	1.0	1.0
19	7	76	2.0	0.0	24.387	1.202	1.0	1.0
19	7	73	1.871	0.341	26.419	2.668	1.0	1.0
19	7	70	1.806	0.477	28.033	2.266	0.968	0.968
19	7	67	1.333	0.679	31.964	2.963	0.774	0.903
19	7	64	0.233	0.504	32.714	1.89	0.194	0.226
19	7	61	0.0	0.0	nan	nan	0.0	0.0
19	7	58	0.0	0.0	nan	nan	0.0	0.0
19	7	55	0.0	0.0	nan	nan	0.0	0.0
19	7	52	0.0	0.0	nan	nan	0.0	0.0
19	7	49	0.0	0.0	nan	nan	0.0	0.0
19	7	46	0.0	0.0	nan	nan	0.0	0.0
19	7	43	0.0	0.0	nan	nan	0.0	0.0
19	7	40	0.0	0.0	nan	nan	0.0	0.0
20	7	97	3.677	0.475	17.935	0.574	1.0	1.0
20	7	94	3.387	0.495	18.323	0.541	1.0	1.0
20	7	91	2.968	0.482	19.0	0.632	1.0	1.0
20	7	88	2.742	0.514	19.548	0.961	1.0	1.0
20	7	85	2.484	0.508	20.419	0.848	1.0	1.0
20	7	82	2.129	0.341	21.677	0.979	1.0	1.0
20	7	79	2.0	0.0	22.355	0.915	1.0	1.0
20	7	76	2.032	0.18	23.194	1.195	1.0	1.0
20	7	73	1.871	0.341	25.032	1.494	1.0	1.0
20	7	70	1.552	0.506	28.097	2.797	0.935	1.0
20	7	67	1.2	0.5	31.033	3.09	0.774	0.968
20	7	64	0.276	0.591	32.25	2.866	0.194	0.258
20	7	61	0.0	0.0	nan	nan	0.0	0.0
20	7	58	0.0	0.0	nan	nan	0.0	0.0
20	7	55	0.0	0.0	nan	nan	0.0	0.0
20	7	52	0.0	0.0	nan	nan	0.0	0.0
20	7	49	0.0	0.0	nan	nan	0.0	0.0
20	7	46	0.0	0.0	nan	nan	0.0	0.0
20	7	43	0.0	0.0	nan	nan	0.0	0.0
20	7	40	0.0	0.0	nan	nan	0.0	0.0
21	7	97	3.677	0.475	17.548	0.568	1.0	1.0
21	7	94	3.194	0.703	17.935	0.574	1.0	1.0
21	7	91	2.452	0.675	18.71	0.643	1.0	1.0
21	7	88	2.032	0.18	19.323	0.791	1.0	1.0
21	7	85	2.0	0.0	20.129	0.806	1.0	1.0
21	7	82	2.0	0.0	20.935	1.093	1.0	1.0
21	7	79	2.0	0.0	21.871	1.024	1.0	1.0
21	7	76	1.871	0.341	23.323	1.166	1.0	1.0
21	7	73	1.419	0.502	25.226	1.647	1.0	1.0
21	7	70	1.032	0.18	27.548	2.606	1.0	1.0
21	7	67	0.517	0.509	31.0	3.41	0.484	0.548
21	7	64	0.033	0.183	33.5	3.536	0.032	0.065
21	7	61	0.0	0.0	nan	nan	0.0	0.0
21	7	58	0.0	0.0	nan	nan	0.0	0.0
21	7	55	0.0	0.0	nan	nan	0.0	0.0
21	7	52	0.0	0.0	nan	nan	0.0	0.0
21	7	49	0.0	0.0	nan	nan	0.0	0.0
21	7	46	0.0	0.0	nan	nan	0.0	0.0
21	7	43	0.0	0.0	nan	nan	0.0	0.0
21	7	40	0.0	0.0	nan	nan	0.0	0.0
22	7	97	4.0	0.0	19.355	0.661	1.0	1.0
22	7	94	3.968	0.18	19.935	0.814	1.0	1.0
22	7	91	3.677	0.475	20.613	0.715	1.0	1.0
22	7	88	3.258	0.445	21.548	1.287	1.0	1.0
22	7	85	3.0	0.0	23.258	0.855	1.0	1.0
22	7	82	3.0	0.0	24.29	0.902	1.0	1.0
22	7	79	2.968	0.18	25.419	1.148	1.0	1.0
22	7	76	2.839	0.374	27.097	1.469	1.0	1.0
22	7	73	2.581	0.564	29.097	2.135	1.0	1.0
22	7	70	1.742	0.514	33.258	3.376	1.0	1.0
22	7	67	1.233	0.626	35.75	3.492	0.871	0.903
22	7	64	0.393	0.567	39.692	3.351	0.323	0.419
22	7	61	0.034	0.186	42.667	2.082	0.032	0.097
22	7	58	0.0	0.0	nan	nan	0.0	0.0
22	7	55	0.0	0.0	nan	nan	0.0	0.0
22	7	52	0.0	0.0	nan	nan	0.0	0.0
22	7	49	0.0	0.0	nan	nan	0.0	0.0
22	7	46	0.0	0.0	nan	nan	0.0	0.0
22	7	43	0.0	0.0	nan	nan	0.0	0.0
22	7	40	0.0	0.0	nan	nan	0.0	0.0
23	7	97	4.0	0.0	20.323	0.599	1.0	1.0
23	7	94	3.935	0.25	20.774	0.762	1.0	1.0
23	7	91	3.677	0.475	21.29	0.938	1.0	1.0
23	7	88	3.226	0.425	22.71	0.973	1.0	1.0
23	7	85	3.0	0.0	23.71	0.864	1.0	1.0
23	7	82	3.0	0.0	24.871	1.258	1.0	1.0
23	7	79	3.0	0.0	25.871	1.118	1.0	1.0
23	7	76	2.871	0.341	27.806	1.759	1.0	1.0
23	7	73	2.323	0.475	29.871	1.746	1.0	1.0
23	7	70	1.742	0.514	33.226	2.376	1.0	1.0
23	7	67	0.893	0.416	38.0	3.088	0.774	0.871
23	7	64	0.267	0.45	39.778	2.949	0.258	0.29
23	7	61	0.0	0.0	nan	nan	0.0	0.0
23	7	58	0.0	0.0	nan	nan	0.0	0.0
23	7	55	0.0	0.0	nan	nan	0.0	0.0
23	7	52	0.0	0.0	nan	nan	0.0	0.0
23	7	49	0.0	0.0	nan	nan	0.0	0.0
23	7	46	0.0	0.0	nan	nan	0.0	0.0
23	7	43	0.0	0.0	nan	nan	0.0	0.0
23	7	40	0.0	0.0	nan	nan	0.0	0.0
24	7	97	3.968	0.18	19.613	0.761	1.0	1.0
24	7	94	3.903	0.301	20.161	0.688	1.0	1.0
24	7	91	3.452	0.506	21.065	0.892	1.0	1.0
24	7	88	3.097	0.301	21.806	0.91	1.0	1.0
24	7	85	3.032	0.18	23.387	0.882	1.0	1.0
24	7	82	3.0	0.0	24.065	0.814	1.0	1.0
24	7	79	3.0	0.0	25.194	1.25	1.0	1.0
24	7	76	2.806	0.402	26.419	1.336	1.0	1.0
24	7	73	2.484	0.508	28.29	1.774	1.0	1.0
24	7	70	1.968	0.315	31.29	2.132	1.0	1.0
24	7	67	1.367	0.718	34.148	2.944	0.839	0.871
24	7	64	0.452	0.568	37.692	2.81	0.419	0.419
24	7	61	0.1	0.305	38.5	4.041	0.097	0.129
24	7	58	0.0	0.0	nan	nan	0.0	0.0
24	7	55	0.0	0.0	nan	nan	0.0	0.0
24	7	52	0.0	0.0	nan	nan	0.0	0.0
24	7	49	0.0	0.0	nan	nan	0.0	0.0
24	7	46	0.0	0.0	nan	nan	0.0	0.0
24	7	43	0.0	0.0	nan	nan	0.0	0.0
24	7	40	0.0	0.0	nan	nan	0.0	0.0
25	7	97	3.452	0.568	18.452	0.624	1.0	1.0
25	7	94	3.129	0.428	19.226	0.669	1.0	1.0
25	7	91	3.0	0.0	19.71	0.783	1.0	1.0
25	7	88	3.0	0.0	20.774	1.055	1.0	1.0
25	7	85	2.839	0.374	21.806	0.873	1.0	1.0
25	7	82	2.613	0.495	22.839	1.003	1.0	1.0
25	7	79	2.226	0.425	24.065	1.289	1.0	1.0
25	7	76	2.032	0.18	25.323	1.351	1.0	1.0
25	7	73	2.0	0.0	27.323	2.006	1.0	1.0
25	7	70	1.839	0.374	31.161	3.045	1.0	1.0
25	7	67	1.333	0.784	34.423	3.349	0.71	0.839
25	7	64	0.31	0.471	36.818	2.442	0.29	0.355
25	7	61	0.0	0.0	nan	nan	0.0	0.0
25	7	58	0.0	0.0	nan	nan	0.0	0.0
25	7	55	0.0	0.0	nan	nan	0.0	0.0
25	7	52	0.0	0.0	nan	nan	0.0	0.0
25	7	49	0.0	0.0	nan	nan	0.0	0.0
25	7	46	0.0	0.0	nan	nan	0.0	0.0
25	7	43	0.0	0.0	nan	nan	0.0	0.0
25	7	40	0.0	0.0	nan	nan	0.0	0.0
26	7	97	4.032	0.18	19.742	0.773	1.0	1.0
26	7	94	4.032	0.18	19.935	1.031	1.0	1.0
26	7	91	3.774	0.425	21.065	0.892	1.0	1.0
26	7	88	3.548	0.506	22.097	0.87	1.0	1.0
26	7	85	3.032	0.18	22.677	0.945	1.0	1.0
26	7	82	3.0	0.0	24.258	0.93	1.0	1.0
26	7	79	3.0	0.0	25.742	1.064	1.0	1.0
26	7	76	2.806	0.402	27.581	1.336	1.0	1.0
26	7	73	2.645	0.486	29.355	2.184	1.0	1.0
26	7	70	2.0	0.577	32.161	2.311	1.0	1.0
26	7	67	1.258	0.682	35.536	2.808	0.903	0.903
26	7	64	0.379	0.561	38.833	3.407	0.323	0.387
26	7	61	0.0	0.0	nan	nan	0.0	0.0
26	7	58	0.0	0.0	nan	nan	0.0	0.0
26	7	55	0.0	0.0	nan	nan	0.0	0.0
26	7	52	0.0	0.0	nan	nan	0.0	0.0
26	7	49	0.0	0.0	nan	nan	0.0	0.0
26	7	46	0.0	0.0	nan	nan	0.0	0.0
26	7	43	0.0	0.0	nan	nan	0.0	0.0
26	7	40	0.0	0.0	nan	nan	0.0	0.0
27	7	97	3.097	0.301	19.0	0.577	1.0	1.0
27	7	94	3.032	0.18	19.355	0.608	1.0	1.0
27	7	91	3.0	0.0	20.226	0.805	1.0	1.0
27	7	88	3.0	0.0	20.903	0.831	1.0	1.0
27	7	85	2.935	0.25	22.226	1.203	1.0	1.0
27	7	82	2.548	0.506	23.129	0.846	1.0	1.0
27	7	79	2.161	0.374	24.645	1.226	1.0	1.0
27	7	76	2.0	0.0	26.194	1.302	1.0	1.0
27	7	73	2.0	0.0	28.548	2.014	1.0	1.0
27	7	70	1.633	0.556	32.6	3.883	0.935	0.968
27	7	67	1.241	0.786	34.56	2.725	0.742	0.806
27	7	64	0.065	0.25	37.5	3.536	0.065	0.065
27	7	61	0.0	0.0	nan	nan	0.0	0.0
27	7	58	0.0	0.0	nan	nan	0.0	0.0
27	7	55	0.0	0.0	nan	nan	0.0	0.0
27	7	52	0.0	0.0	nan	nan	0.0	0.0
27	7	49	0.0	0.0	nan	nan	0.0	0.0
27	7	46	0.0	0.0	nan	nan	0.0	0.0
27	7	43	0.0	0.0	nan	nan	0.0	0.0
27	7	40	0.0	0.0	nan	nan	0.0	0.0
28	7	97	3.355	0.486	19.581	0.672	1.0	1.0
28	7	94	3.032	0.18	20.387	0.667	1.0	1.0
28	7	91	3.032	0.18	21.452	0.888	1.0	1.0
28	7	88	3.0	0.0	21.839	0.934	1.0	1.0
28	7	85	2.968	0.18	22.968	1.08	1.0	1.0
28	7	82	2.935	0.25	24.29	1.16	1.0	1.0
28	7	79	2.484	0.508	25.71	1.216	1.0	1.0
28	7	76	2.161	0.374	27.161	1.614	1.0	1.0
28	7	73	2.065	0.25	28.935	1.611	1.0	1.0
28	7	70	1.645	0.551	33.067	2.463	0.968	0.968
28	7	67	0.889	0.698	36.174	3.626	0.613	0.742
28	7	64	0.0	0.0	44.0	1.414	0.0	0.065
28	7	61	0.0	0.0	nan	nan	0.0	0.0
28	7	58	0.0	0.0	nan	nan	0.0	0.0
28	7	55	0.0	0.0	nan	nan	0.0	0.0
28	7	52	0.0	0.0	nan	nan	0.0	0.0
28	7	49	0.0	0.0	nan	nan	0.0	0.0
28	7	46	0.0	0.0	nan	nan	0.0	0.0
28	7	43	0.0	0.0	nan	nan	0.0	0.0
28	7	40	0.0	0.0	nan	nan	0.0	0.0
29	7	97	3.935	0.25	17.387	0.615	1.0	1.0
29	7	94	3.419	0.62	18.258	0.729	1.0	1.0
29	7	91	2.645	0.661	19.129	0.718	1.0	1.0
29	7	88	2.226	0.425	19.613	0.761	1.0	1.0
29	7	85	2.097	0.301	20.484	0.724	1.0	1.0
29	7	82	2.0	0.0	21.613	1.086	1.0	1.0
29	7	79	1.935	0.25	22.71	1.006	1.0	1.0
29	7	76	1.871	0.341	23.516	0.962	1.0	1.0
29	7	73	1.484	0.508	25.226	1.283	1.0	1.0
29	7	70	0.966	0.626	29.56	2.8	0.742	0.806
29	7	67	0.267	0.45	31.444	2.603	0.258	0.29
29	7	64	0.0	0.0	34.0	0.0	0.0	0.032
29	7	61	0.0	0.0	nan	nan	0.0	0.0
29	7	58	0.0	0.0	nan	nan	0.0	0.0
29	7	55	0.0	0.0	nan	nan	0.0	0.0
29	7	52	0.0	0.0	nan	nan	0.0	0.0
29	7	49	0.0	0.0	nan	nan	0.0	0.0
29	7	46	0.0	0.0	nan	nan	0.0	0.0
29	7	43	0.0	0.0	nan	nan	0.0	0.0
29	7	40	0.0	0.0	nan	nan	0.0	0.0
30	7	97	3.645	0.486	19.323	0.702	1.0	1.0
30	7	94	3.323	0.475	19.645	0.709	1.0	1.0
30	7	91	3.129	0.341	20.645	0.798	1.0	1.0
30	7	88	2.968	0.18	21.742	1.125	1.0	1.0
30	7	85	2.935	0.25	22.29	1.071	1.0	1.0
30	7	82	2.871	0.341	23.387	1.256	1.0	1.0
30	7	79	2.419	0.502	24.677	1.222	1.0	1.0
30	7	76	2.258	0.445	25.452	1.287	1.0	1.0
30	7	73	2.032	0.18	27.516	2.278	1.0	1.0
30	7	70	1.968	0.315	29.613	2.616	1.0	1.0
30	7	67	1.448	0.736	32.333	2.828	0.806	0.871
30	7	64	0.462	0.706	36.0	2.418	0.29	0.452
30	7	61	0.0	0.0	nan	nan	0.0	0.0
30	7	58	0.0	0.0	nan	nan	0.0	0.0
30	7	55	0.0	0.0	nan	nan	0.0	0.0
30	7	52	0.0	0.0	nan	nan	0.0	0.0
30	7	49	0.0	0.0	nan	nan	0.0	0.0
30	7	46	0.0	0.0	nan	nan	0.0	0.0
30	7	43	0.0	0.0	nan	nan	0.0	0.0
30	7	40	0.0	0.0	nan	nan	0.0	0.0
31	7	97	3.742	0.445	17.871	0.562	1.0	1.0
31	7	94	3.419	0.502	18.516	0.89	1.0	1.0
31	7	91	2.903	0.473	19.065	0.68	1.0	1.0
31	7	88	2.419	0.502	20.484	0.926	1.0	1.0
31	7	85	2.065	0.25	21.065	0.814	1.0	1.0
31	7	82	2.032	0.18	22.387	1.054	1.0	1.0
31	7	79	2.032	0.18	23.226	1.117	1.0	1.0
31	7	76	1.968	0.18	25.0	1.291	1.0	1.0
31	7	73	1.935	0.25	27.71	2.597	1.0	1.0
31	7	70	1.7	0.535	29.333	2.893	0.935	0.968
31	7	67	0.636	0.902	35.0	4.416	0.258	0.548
31	7	64	0.0	0.0	37.0	1.414	0.0	0.065
31	7	61	0.0	0.0	nan	nan	0.0	0.0
31	7	58	0.0	0.0	nan	nan	0.0	0.0
31	7	55	0.0	0.0	nan	nan	0.0	0.0
31	7	52	0.0	0.0	nan	nan	0.0	0.0
31	7	49	0.0	0.0	nan	nan	0.0	0.0
31	7	46	0.0	0.0	nan	nan	0.0	0.0
31	7	43	0.0	0.0	nan	nan	0.0	0.0
31	7	40	0.0	0.0	nan	nan	0.0	0.0
