row	col	voltage	tot_avg	tot_std	toa_avg	toa_std	efficiency_tot	efficiency_toa
0	0	78	3.097	0.301	14.032	0.315	1.0	1.0
0	0	76	3.0	0.0	14.194	0.477	1.0	1.0
0	0	74	3.0	0.0	14.839	0.583	1.0	1.0
0	0	72	3.0	0.0	15.161	0.454	1.0	1.0
0	0	70	3.0	0.0	15.548	0.506	1.0	1.0
0	0	68	2.903	0.301	16.194	0.749	1.0	1.0
0	0	66	2.742	0.445	17.097	0.831	1.0	1.0
0	0	64	2.258	0.773	17.839	0.934	1.0	1.0
0	0	62	1.323	0.475	19.129	1.432	1.0	1.0
0	0	60	1.129	0.428	20.548	1.748	1.0	1.0
0	0	58	0.967	0.32	24.034	4.075	0.903	0.935
0	0	56	0.677	0.475	26.81	3.265	0.677	0.677
0	0	54	0.097	0.301	31.667	3.215	0.097	0.097
0	0	52	0.0	0.0	nan	nan	0.0	0.0
0	0	50	0.0	0.0	nan	nan	0.0	0.0
0	0	48	0.0	0.0	nan	nan	0.0	0.0
0	0	46	0.0	0.0	nan	nan	0.0	0.0
1	0	78	2.194	0.402	14.194	0.543	1.0	1.0
1	0	76	2.0	0.0	14.387	0.495	1.0	1.0
1	0	74	2.0	0.0	14.806	0.477	1.0	1.0
1	0	72	2.0	0.0	15.129	0.499	1.0	1.0
1	0	70	2.0	0.0	16.065	0.772	1.0	1.0
1	0	68	2.0	0.0	16.516	0.677	1.0	1.0
1	0	66	1.903	0.301	17.226	0.845	1.0	1.0
1	0	64	1.5	0.509	18.323	1.107	0.968	1.0
1	0	62	1.091	0.526	20.034	1.991	0.645	0.935
1	0	60	0.55	0.51	20.818	2.174	0.355	0.71
1	0	58	0.138	0.351	21.5	1.378	0.129	0.194
1	0	56	0.032	0.18	26.0	0.0	0.032	0.032
1	0	54	0.0	0.0	nan	nan	0.0	0.0
1	0	52	0.0	0.0	nan	nan	0.0	0.0
1	0	50	0.0	0.0	nan	nan	0.0	0.0
1	0	48	0.0	0.0	nan	nan	0.0	0.0
1	0	46	0.0	0.0	nan	nan	0.0	0.0
2	0	78	3.0	0.0	16.355	0.661	1.0	1.0
2	0	76	2.968	0.18	16.871	0.763	1.0	1.0
2	0	74	2.968	0.18	17.0	0.816	1.0	1.0
2	0	72	2.516	0.508	18.097	1.076	1.0	1.0
2	0	70	2.032	0.657	19.129	1.176	1.0	1.0
2	0	68	1.742	0.514	19.613	1.054	1.0	1.0
2	0	66	1.323	0.475	21.226	1.91	1.0	1.0
2	0	64	1.097	0.301	22.774	1.668	1.0	1.0
2	0	62	0.967	0.183	25.8	3.01	0.935	0.968
2	0	60	0.815	0.396	28.885	3.819	0.71	0.839
2	0	58	0.133	0.346	28.6	4.93	0.129	0.161
2	0	56	0.0	0.0	nan	nan	0.0	0.0
2	0	54	0.0	0.0	nan	nan	0.0	0.0
2	0	52	0.0	0.0	nan	nan	0.0	0.0
2	0	50	0.0	0.0	nan	nan	0.0	0.0
2	0	48	0.0	0.0	nan	nan	0.0	0.0
2	0	46	0.0	0.0	nan	nan	0.0	0.0
3	0	78	2.774	0.425	14.0	0.447	1.0	1.0
3	0	76	2.613	0.495	14.226	0.425	1.0	1.0
3	0	74	2.29	0.461	14.677	0.475	1.0	1.0
3	0	72	2.097	0.301	15.194	0.477	1.0	1.0
3	0	70	2.0	0.0	15.645	0.661	1.0	1.0
3	0	68	2.0	0.0	16.355	0.709	1.0	1.0
3	0	66	1.968	0.18	16.968	0.795	1.0	1.0
3	0	64	1.742	0.445	17.484	0.851	1.0	1.0
3	0	62	1.129	0.341	19.452	1.546	1.0	1.0
3	0	60	1.107	0.315	21.516	2.407	0.903	1.0
3	0	58	0.667	0.482	22.957	1.87	0.516	0.742
3	0	56	0.034	0.186	25.0	0.0	0.032	0.097
3	0	54	0.0	0.0	nan	nan	0.0	0.0
3	0	52	0.0	0.0	nan	nan	0.0	0.0
3	0	50	0.0	0.0	nan	nan	0.0	0.0
3	0	48	0.0	0.0	nan	nan	0.0	0.0
3	0	46	0.0	0.0	nan	nan	0.0	0.0
4	0	78	2.516	0.508	13.774	0.425	1.0	1.0
4	0	76	2.129	0.341	14.065	0.359	1.0	1.0
4	0	74	2.065	0.25	14.419	0.502	1.0	1.0
4	0	72	2.032	0.18	14.871	0.499	1.0	1.0
4	0	70	2.0	0.0	15.032	0.605	1.0	1.0
4	0	68	2.0	0.0	15.677	0.541	1.0	1.0
4	0	66	2.0	0.0	16.032	0.657	1.0	1.0
4	0	64	1.968	0.18	16.968	0.795	1.0	1.0
4	0	62	1.593	0.501	18.419	1.455	0.871	1.0
4	0	60	1.208	0.509	19.767	2.079	0.742	0.968
4	0	58	0.895	0.567	20.963	2.504	0.484	0.871
4	0	56	0.111	0.32	21.857	2.34	0.097	0.226
4	0	54	0.0	0.0	nan	nan	0.0	0.0
4	0	52	0.0	0.0	nan	nan	0.0	0.0
4	0	50	0.0	0.0	nan	nan	0.0	0.0
4	0	48	0.0	0.0	nan	nan	0.0	0.0
4	0	46	0.0	0.0	nan	nan	0.0	0.0
5	0	78	3.0	0.0	15.194	0.402	1.0	1.0
5	0	76	3.0	0.0	15.613	0.558	1.0	1.0
5	0	74	2.968	0.18	16.032	0.482	1.0	1.0
5	0	72	2.677	0.475	16.677	0.748	1.0	1.0
5	0	70	2.323	0.653	17.29	0.693	1.0	1.0
5	0	68	1.613	0.667	18.323	0.871	1.0	1.0
5	0	66	1.194	0.402	19.258	1.125	1.0	1.0
5	0	64	1.065	0.25	20.613	1.726	1.0	1.0
5	0	62	1.0	0.0	23.452	2.234	1.0	1.0
5	0	60	0.933	0.254	25.379	2.981	0.903	0.935
5	0	58	0.233	0.43	28.125	3.603	0.226	0.258
5	0	56	0.0	0.0	nan	nan	0.0	0.0
5	0	54	0.0	0.0	nan	nan	0.0	0.0
5	0	52	0.0	0.0	nan	nan	0.0	0.0
5	0	50	0.0	0.0	nan	nan	0.0	0.0
5	0	48	0.0	0.0	nan	nan	0.0	0.0
5	0	46	0.0	0.0	nan	nan	0.0	0.0
6	0	78	3.0	0.0	14.774	0.497	1.0	1.0
6	0	76	3.0	0.0	15.419	0.564	1.0	1.0
6	0	74	2.968	0.18	15.581	0.502	1.0	1.0
6	0	72	2.968	0.18	16.194	0.402	1.0	1.0
6	0	70	2.645	0.486	16.613	0.615	1.0	1.0
6	0	68	2.097	0.473	17.258	0.815	1.0	1.0
6	0	66	1.581	0.564	18.355	0.915	1.0	1.0
6	0	64	1.161	0.374	19.452	1.457	1.0	1.0
6	0	62	1.0	0.0	21.29	1.321	1.0	1.0
6	0	60	1.0	0.0	23.258	2.129	1.0	1.0
6	0	58	1.0	0.0	24.968	2.183	1.0	1.0
6	0	56	0.2	0.407	27.286	2.928	0.194	0.226
6	0	54	0.0	0.0	nan	nan	0.0	0.0
6	0	52	0.0	0.0	nan	nan	0.0	0.0
6	0	50	0.0	0.0	nan	nan	0.0	0.0
6	0	48	0.0	0.0	nan	nan	0.0	0.0
6	0	46	0.0	0.0	nan	nan	0.0	0.0
7	0	78	3.0	0.0	14.226	0.425	1.0	1.0
7	0	76	2.968	0.18	14.71	0.461	1.0	1.0
7	0	74	2.613	0.495	15.097	0.597	1.0	1.0
7	0	72	2.452	0.506	15.484	0.508	1.0	1.0
7	0	70	2.226	0.425	15.839	0.523	1.0	1.0
7	0	68	2.032	0.18	16.581	0.672	1.0	1.0
7	0	66	1.839	0.374	17.097	0.908	1.0	1.0
7	0	64	1.516	0.508	18.161	0.86	1.0	1.0
7	0	62	1.161	0.374	19.968	1.816	1.0	1.0
7	0	60	1.138	0.351	20.323	2.006	0.935	1.0
7	0	58	0.769	0.43	22.76	1.985	0.645	0.806
7	0	56	0.194	0.402	24.0	1.673	0.194	0.194
7	0	54	0.0	0.0	nan	nan	0.0	0.0
7	0	52	0.0	0.0	nan	nan	0.0	0.0
7	0	50	0.0	0.0	nan	nan	0.0	0.0
7	0	48	0.0	0.0	nan	nan	0.0	0.0
7	0	46	0.0	0.0	nan	nan	0.0	0.0
8	0	78	3.0	0.0	14.774	0.497	1.0	1.0
8	0	76	3.0	0.0	15.032	0.407	1.0	1.0
8	0	74	2.903	0.301	15.548	0.506	1.0	1.0
8	0	72	2.839	0.374	15.935	0.512	1.0	1.0
8	0	70	2.581	0.502	16.387	0.715	1.0	1.0
8	0	68	2.258	0.445	17.032	0.657	1.0	1.0
8	0	66	1.677	0.475	17.871	0.885	1.0	1.0
8	0	64	1.226	0.425	19.032	1.354	1.0	1.0
8	0	62	1.032	0.18	20.774	1.726	1.0	1.0
8	0	60	0.967	0.183	23.967	3.378	0.935	0.968
8	0	58	0.9	0.305	24.75	2.689	0.871	0.903
8	0	56	0.258	0.445	26.75	2.712	0.258	0.258
8	0	54	0.032	0.18	26.0	0.0	0.032	0.032
8	0	52	0.0	0.0	nan	nan	0.0	0.0
8	0	50	0.0	0.0	nan	nan	0.0	0.0
8	0	48	0.0	0.0	nan	nan	0.0	0.0
8	0	46	0.0	0.0	nan	nan	0.0	0.0
9	0	78	3.29	0.461	15.129	0.499	1.0	1.0
9	0	76	3.129	0.341	15.323	0.475	1.0	1.0
9	0	74	3.0	0.0	16.065	0.512	1.0	1.0
9	0	72	3.0	0.0	16.484	0.724	1.0	1.0
9	0	70	2.903	0.301	17.29	0.824	1.0	1.0
9	0	68	2.323	0.599	18.71	1.101	1.0	1.0
9	0	66	2.032	0.605	19.613	1.626	1.0	1.0
9	0	64	1.355	0.486	21.355	1.762	1.0	1.0
9	0	62	1.194	0.402	24.258	2.828	1.0	1.0
9	0	60	0.968	0.315	26.207	2.396	0.935	0.935
9	0	58	0.645	0.486	27.9	2.882	0.645	0.645
9	0	56	0.033	0.183	31.5	4.95	0.032	0.065
9	0	54	0.0	0.0	nan	nan	0.0	0.0
9	0	52	0.0	0.0	nan	nan	0.0	0.0
9	0	50	0.0	0.0	nan	nan	0.0	0.0
9	0	48	0.0	0.0	nan	nan	0.0	0.0
9	0	46	0.0	0.0	nan	nan	0.0	0.0
10	0	78	3.0	0.0	14.419	0.502	1.0	1.0
10	0	76	3.0	0.0	14.806	0.477	1.0	1.0
10	0	74	2.871	0.341	15.355	0.486	1.0	1.0
10	0	72	2.806	0.402	15.871	0.619	1.0	1.0
10	0	70	2.387	0.495	16.419	0.62	1.0	1.0
10	0	68	1.935	0.359	17.29	0.973	1.0	1.0
10	0	66	1.581	0.502	18.323	1.4	1.0	1.0
10	0	64	1.194	0.402	19.323	1.851	1.0	1.0
10	0	62	1.032	0.18	21.774	2.045	1.0	1.0
10	0	60	0.967	0.183	24.733	3.373	0.935	0.968
10	0	58	0.742	0.445	27.0	3.754	0.742	0.742
10	0	56	0.032	0.18	28.0	0.0	0.032	0.032
10	0	54	0.0	0.0	nan	nan	0.0	0.0
10	0	52	0.0	0.0	nan	nan	0.0	0.0
10	0	50	0.0	0.0	nan	nan	0.0	0.0
10	0	48	0.0	0.0	nan	nan	0.0	0.0
10	0	46	0.0	0.0	nan	nan	0.0	0.0
11	0	78	2.903	0.301	13.774	0.56	1.0	1.0
11	0	76	2.839	0.374	14.097	0.396	1.0	1.0
11	0	74	2.516	0.508	14.419	0.564	1.0	1.0
11	0	72	2.387	0.495	15.065	0.574	1.0	1.0
11	0	70	2.129	0.341	15.645	0.709	1.0	1.0
11	0	68	2.0	0.0	16.032	0.752	1.0	1.0
11	0	66	1.871	0.341	16.903	1.326	1.0	1.0
11	0	64	1.774	0.497	17.5	1.042	0.968	0.968
11	0	62	1.143	0.356	19.645	1.644	0.903	1.0
11	0	60	1.0	0.455	20.893	2.629	0.871	0.903
11	0	58	0.429	0.504	22.467	1.552	0.387	0.484
11	0	56	0.103	0.31	24.8	0.837	0.097	0.161
11	0	54	0.0	0.0	nan	nan	0.0	0.0
11	0	52	0.0	0.0	nan	nan	0.0	0.0
11	0	50	0.0	0.0	nan	nan	0.0	0.0
11	0	48	0.0	0.0	nan	nan	0.0	0.0
11	0	46	0.0	0.0	nan	nan	0.0	0.0
12	0	78	3.032	0.18	15.677	0.541	1.0	1.0
12	0	76	3.0	0.0	16.226	0.497	1.0	1.0
12	0	74	2.935	0.25	16.839	0.82	1.0	1.0
12	0	72	2.968	0.18	17.29	0.739	1.0	1.0
12	0	70	2.387	0.667	18.29	0.864	1.0	1.0
12	0	68	2.0	0.577	19.161	1.157	1.0	1.0
12	0	66	1.613	0.495	20.29	1.616	1.0	1.0
12	0	64	1.161	0.374	22.323	1.973	1.0	1.0
12	0	62	1.0	0.0	25.387	1.706	1.0	1.0
12	0	60	0.963	0.192	28.8	3.764	0.839	0.968
12	0	58	0.222	0.424	32.8	3.458	0.194	0.323
12	0	56	0.0	0.0	nan	nan	0.0	0.0
12	0	54	0.0	0.0	nan	nan	0.0	0.0
12	0	52	0.0	0.0	nan	nan	0.0	0.0
12	0	50	0.0	0.0	nan	nan	0.0	0.0
12	0	48	0.0	0.0	nan	nan	0.0	0.0
12	0	46	0.0	0.0	nan	nan	0.0	0.0
13	0	78	2.516	0.508	13.419	0.502	1.0	1.0
13	0	76	2.387	0.495	13.903	0.396	1.0	1.0
13	0	74	2.129	0.341	14.323	0.475	1.0	1.0
13	0	72	2.0	0.0	14.742	0.631	1.0	1.0
13	0	70	2.0	0.0	15.129	0.499	1.0	1.0
13	0	68	2.0	0.0	15.774	0.762	1.0	1.0
13	0	66	2.0	0.0	16.161	0.898	1.0	1.0
13	0	64	1.839	0.374	17.419	1.336	1.0	1.0
13	0	62	1.355	0.486	19.29	1.987	1.0	1.0
13	0	60	1.0	0.258	20.833	2.321	0.968	0.968
13	0	58	0.714	0.46	23.652	2.269	0.645	0.742
13	0	56	0.148	0.362	24.0	2.33	0.129	0.258
13	0	54	0.0	0.0	nan	nan	0.0	0.0
13	0	52	0.0	0.0	nan	nan	0.0	0.0
13	0	50	0.0	0.0	nan	nan	0.0	0.0
13	0	48	0.0	0.0	nan	nan	0.0	0.0
13	0	46	0.0	0.0	nan	nan	0.0	0.0
14	0	78	2.71	0.461	13.419	0.502	1.0	1.0
14	0	76	2.484	0.508	13.742	0.445	1.0	1.0
14	0	74	2.258	0.445	14.065	0.359	1.0	1.0
14	0	72	2.129	0.341	14.387	0.615	1.0	1.0
14	0	70	2.032	0.18	14.871	0.718	1.0	1.0
14	0	68	2.0	0.0	15.387	0.667	1.0	1.0
14	0	66	2.0	0.0	15.871	0.806	1.0	1.0
14	0	64	1.935	0.25	16.839	0.82	1.0	1.0
14	0	62	1.724	0.528	17.6	1.133	0.903	0.968
14	0	60	1.56	0.507	19.032	2.183	0.806	1.0
14	0	58	0.632	0.597	21.391	2.33	0.355	0.742
14	0	56	0.111	0.32	23.429	2.07	0.097	0.226
14	0	54	0.0	0.0	23.0	0.0	0.0	0.032
14	0	52	0.0	0.0	nan	nan	0.0	0.0
14	0	50	0.0	0.0	nan	nan	0.0	0.0
14	0	48	0.0	0.0	nan	nan	0.0	0.0
14	0	46	0.0	0.0	nan	nan	0.0	0.0
15	0	78	2.226	0.425	13.742	0.445	1.0	1.0
15	0	76	2.032	0.18	14.032	0.482	1.0	1.0
15	0	74	2.0	0.0	14.387	0.495	1.0	1.0
15	0	72	2.032	0.18	14.935	0.442	1.0	1.0
15	0	70	2.0	0.0	15.258	0.631	1.0	1.0
15	0	68	2.0	0.0	15.742	0.575	1.0	1.0
15	0	66	2.0	0.0	16.452	0.568	1.0	1.0
15	0	64	1.968	0.18	17.129	0.846	1.0	1.0
15	0	62	1.393	0.497	18.71	1.442	0.903	1.0
15	0	60	1.048	0.384	20.133	1.776	0.645	0.968
15	0	58	0.25	0.55	21.733	2.017	0.129	0.484
15	0	56	0.0	0.0	26.0	0.0	0.0	0.032
15	0	54	0.0	0.0	nan	nan	0.0	0.0
15	0	52	0.0	0.0	nan	nan	0.0	0.0
15	0	50	0.0	0.0	nan	nan	0.0	0.0
15	0	48	0.0	0.0	nan	nan	0.0	0.0
15	0	46	0.0	0.0	nan	nan	0.0	0.0
16	0	78	3.0	0.0	14.806	0.402	1.0	1.0
16	0	76	3.0	0.0	15.226	0.56	1.0	1.0
16	0	74	3.0	0.0	15.71	0.461	1.0	1.0
16	0	72	2.968	0.18	16.161	0.523	1.0	1.0
16	0	70	2.935	0.25	16.613	0.667	1.0	1.0
16	0	68	2.548	0.723	17.581	0.886	1.0	1.0
16	0	66	2.097	0.831	18.065	0.772	1.0	1.0
16	0	64	1.419	0.672	19.645	1.561	1.0	1.0
16	0	62	1.0	0.0	21.613	1.564	1.0	1.0
16	0	60	1.0	0.0	23.968	2.258	1.0	1.0
16	0	58	0.929	0.262	28.069	3.432	0.839	0.935
16	0	56	0.032	0.18	32.0	0.0	0.032	0.032
16	0	54	0.0	0.0	nan	nan	0.0	0.0
16	0	52	0.0	0.0	nan	nan	0.0	0.0
16	0	50	0.0	0.0	nan	nan	0.0	0.0
16	0	48	0.0	0.0	nan	nan	0.0	0.0
16	0	46	0.0	0.0	nan	nan	0.0	0.0
17	0	78	3.29	0.461	13.742	0.445	1.0	1.0
17	0	76	3.0	0.0	14.0	0.447	1.0	1.0
17	0	74	2.935	0.25	14.452	0.506	1.0	1.0
17	0	72	2.903	0.301	14.677	0.541	1.0	1.0
17	0	70	2.774	0.425	15.194	0.654	1.0	1.0
17	0	68	2.548	0.506	15.548	0.624	1.0	1.0
17	0	66	2.161	0.374	16.161	0.688	1.0	1.0
17	0	64	1.935	0.359	17.032	0.912	1.0	1.0
17	0	62	1.613	0.558	18.516	1.786	1.0	1.0
17	0	60	1.29	0.461	19.516	1.823	1.0	1.0
17	0	58	0.966	0.421	21.75	2.444	0.839	0.903
17	0	56	0.538	0.508	23.316	2.496	0.452	0.613
17	0	54	0.097	0.301	24.667	1.528	0.097	0.097
17	0	52	0.0	0.0	nan	nan	0.0	0.0
17	0	50	0.0	0.0	nan	nan	0.0	0.0
17	0	48	0.0	0.0	nan	nan	0.0	0.0
17	0	46	0.0	0.0	nan	nan	0.0	0.0
18	0	78	2.226	0.425	13.806	0.402	1.0	1.0
18	0	76	2.065	0.25	14.097	0.396	1.0	1.0
18	0	74	2.0	0.0	14.548	0.506	1.0	1.0
18	0	72	2.0	0.0	14.774	0.617	1.0	1.0
18	0	70	2.0	0.0	15.129	0.562	1.0	1.0
18	0	68	2.0	0.0	15.839	0.583	1.0	1.0
18	0	66	1.967	0.183	16.581	0.765	0.968	1.0
18	0	64	1.733	0.45	17.387	0.989	0.968	1.0
18	0	62	1.429	0.507	19.0	1.897	0.677	1.0
18	0	60	0.778	0.732	20.708	2.51	0.355	0.774
18	0	58	0.08	0.277	21.5	2.07	0.065	0.258
18	0	56	0.0	0.0	nan	nan	0.0	0.0
18	0	54	0.0	0.0	nan	nan	0.0	0.0
18	0	52	0.0	0.0	nan	nan	0.0	0.0
18	0	50	0.0	0.0	nan	nan	0.0	0.0
18	0	48	0.0	0.0	nan	nan	0.0	0.0
18	0	46	0.0	0.0	nan	nan	0.0	0.0
19	0	78	2.968	0.18	19.323	0.475	1.0	1.0
19	0	76	2.903	0.301	19.806	0.543	1.0	1.0
19	0	74	2.742	0.445	20.581	0.62	1.0	1.0
19	0	72	2.323	0.475	21.613	0.615	1.0	1.0
19	0	70	2.0	0.0	22.419	0.958	1.0	1.0
19	0	68	1.968	0.18	23.484	0.769	1.0	1.0
19	0	66	2.0	0.0	24.032	1.14	1.0	1.0
19	0	64	1.968	0.18	26.129	1.31	1.0	1.0
19	0	62	1.839	0.374	27.677	2.166	1.0	1.0
19	0	60	1.433	0.504	30.774	2.276	0.968	1.0
19	0	58	0.478	0.511	34.0	2.134	0.355	0.613
19	0	56	0.0	0.0	nan	nan	0.0	0.0
19	0	54	0.0	0.0	nan	nan	0.0	0.0
19	0	52	0.0	0.0	nan	nan	0.0	0.0
19	0	50	0.0	0.0	nan	nan	0.0	0.0
19	0	48	0.0	0.0	nan	nan	0.0	0.0
19	0	46	0.0	0.0	nan	nan	0.0	0.0
20	0	78	3.0	0.0	14.935	0.442	1.0	1.0
20	0	76	3.0	0.0	15.065	0.359	1.0	1.0
20	0	74	3.0	0.0	15.677	0.599	1.0	1.0
20	0	72	3.0	0.0	16.161	0.523	1.0	1.0
20	0	70	3.0	0.0	16.742	0.682	1.0	1.0
20	0	68	2.677	0.599	17.548	0.85	1.0	1.0
20	0	66	1.903	0.87	18.29	1.071	1.0	1.0
20	0	64	1.194	0.402	19.742	1.125	1.0	1.0
20	0	62	1.161	0.374	21.742	1.731	1.0	1.0
20	0	60	0.935	0.25	24.31	2.206	0.935	0.935
20	0	58	0.741	0.447	27.5	4.987	0.645	0.774
20	0	56	0.129	0.341	31.25	2.872	0.129	0.129
20	0	54	0.0	0.0	nan	nan	0.0	0.0
20	0	52	0.0	0.0	nan	nan	0.0	0.0
20	0	50	0.0	0.0	nan	nan	0.0	0.0
20	0	48	0.0	0.0	nan	nan	0.0	0.0
20	0	46	0.0	0.0	nan	nan	0.0	0.0
21	0	78	2.774	0.425	13.452	0.568	1.0	1.0
21	0	76	2.355	0.486	13.839	0.454	1.0	1.0
21	0	74	2.194	0.402	14.065	0.512	1.0	1.0
21	0	72	2.0	0.0	14.419	0.672	1.0	1.0
21	0	70	2.065	0.25	15.194	0.477	1.0	1.0
21	0	68	2.0	0.0	15.581	0.72	1.0	1.0
21	0	66	1.935	0.25	16.484	1.029	1.0	1.0
21	0	64	1.871	0.341	17.323	0.909	1.0	1.0
21	0	62	1.385	0.496	18.935	1.861	0.839	1.0
21	0	60	0.765	0.664	20.96	2.131	0.355	0.806
21	0	58	0.409	0.59	21.471	2.577	0.258	0.548
21	0	56	0.0	0.0	27.0	0.0	0.0	0.032
21	0	54	0.0	0.0	nan	nan	0.0	0.0
21	0	52	0.0	0.0	nan	nan	0.0	0.0
21	0	50	0.0	0.0	nan	nan	0.0	0.0
21	0	48	0.0	0.0	nan	nan	0.0	0.0
21	0	46	0.0	0.0	nan	nan	0.0	0.0
22	0	78	3.774	0.425	17.484	0.724	1.0	1.0
22	0	76	3.419	0.807	18.032	0.836	1.0	1.0
22	0	74	2.613	0.715	18.258	0.631	1.0	1.0
22	0	72	2.323	0.599	18.903	0.831	1.0	1.0
22	0	70	2.065	0.25	19.839	1.214	1.0	1.0
22	0	68	1.935	0.25	20.839	1.157	1.0	1.0
22	0	66	1.968	0.18	21.806	0.873	1.0	1.0
22	0	64	1.903	0.301	23.806	1.493	1.0	1.0
22	0	62	1.29	0.461	25.355	2.288	1.0	1.0
22	0	60	1.226	0.425	26.194	2.167	1.0	1.0
22	0	58	0.897	0.489	28.385	3.407	0.774	0.839
22	0	56	0.103	0.31	32.4	3.507	0.097	0.161
22	0	54	0.0	0.0	nan	nan	0.0	0.0
22	0	52	0.0	0.0	nan	nan	0.0	0.0
22	0	50	0.0	0.0	nan	nan	0.0	0.0
22	0	48	0.0	0.0	nan	nan	0.0	0.0
22	0	46	0.0	0.0	nan	nan	0.0	0.0
23	0	78	3.032	0.18	14.484	0.508	1.0	1.0
23	0	76	3.0	0.0	14.806	0.477	1.0	1.0
23	0	74	3.0	0.0	15.323	0.541	1.0	1.0
23	0	72	3.0	0.0	15.871	0.428	1.0	1.0
23	0	70	2.968	0.18	16.645	0.709	1.0	1.0
23	0	68	2.677	0.475	17.0	0.856	1.0	1.0
23	0	66	1.839	0.779	18.226	0.884	1.0	1.0
23	0	64	1.419	0.672	19.903	1.72	1.0	1.0
23	0	62	1.065	0.25	21.742	2.221	1.0	1.0
23	0	60	0.968	0.18	24.0	2.691	0.968	0.968
23	0	58	0.774	0.425	26.75	2.472	0.774	0.774
23	0	56	0.226	0.425	29.286	3.904	0.226	0.226
23	0	54	0.0	0.0	nan	nan	0.0	0.0
23	0	52	0.0	0.0	nan	nan	0.0	0.0
23	0	50	0.0	0.0	nan	nan	0.0	0.0
23	0	48	0.0	0.0	nan	nan	0.0	0.0
23	0	46	0.0	0.0	nan	nan	0.0	0.0
24	0	78	2.903	0.301	14.161	0.523	1.0	1.0
24	0	76	2.677	0.475	14.677	0.541	1.0	1.0
24	0	74	2.29	0.461	14.968	0.482	1.0	1.0
24	0	72	2.065	0.25	15.645	0.608	1.0	1.0
24	0	70	2.065	0.25	16.0	0.632	1.0	1.0
24	0	68	2.0	0.0	16.613	0.615	1.0	1.0
24	0	66	1.871	0.428	17.484	0.926	1.0	1.0
24	0	64	1.533	0.507	19.032	1.991	0.968	1.0
24	0	62	1.04	0.351	20.3	1.685	0.774	0.968
24	0	60	0.826	0.388	22.037	2.103	0.613	0.871
24	0	58	0.25	0.442	23.308	1.843	0.194	0.419
24	0	56	0.065	0.25	24.5	2.121	0.065	0.065
24	0	54	0.0	0.0	nan	nan	0.0	0.0
24	0	52	0.0	0.0	nan	nan	0.0	0.0
24	0	50	0.0	0.0	nan	nan	0.0	0.0
24	0	48	0.0	0.0	nan	nan	0.0	0.0
24	0	46	0.0	0.0	nan	nan	0.0	0.0
25	0	78	3.355	0.755	18.129	0.67	1.0	1.0
25	0	76	2.71	0.824	18.548	0.568	1.0	1.0
25	0	74	2.258	0.514	19.419	0.886	1.0	1.0
25	0	72	2.032	0.18	19.645	0.755	1.0	1.0
25	0	70	2.0	0.0	20.419	0.958	1.0	1.0
25	0	68	2.0	0.0	22.194	1.167	1.0	1.0
25	0	66	1.903	0.301	22.774	1.055	1.0	1.0
25	0	64	1.774	0.425	24.323	1.514	1.0	1.0
25	0	62	1.5	0.509	26.032	2.588	0.968	1.0
25	0	60	1.0	0.525	27.63	2.633	0.839	0.871
25	0	58	0.652	0.487	32.0	3.219	0.484	0.742
25	0	56	0.0	0.0	nan	nan	0.0	0.0
25	0	54	0.0	0.0	nan	nan	0.0	0.0
25	0	52	0.0	0.0	nan	nan	0.0	0.0
25	0	50	0.0	0.0	nan	nan	0.0	0.0
25	0	48	0.0	0.0	nan	nan	0.0	0.0
25	0	46	0.0	0.0	nan	nan	0.0	0.0
26	0	78	3.0	0.0	15.581	0.564	1.0	1.0
26	0	76	3.0	0.0	15.903	0.473	1.0	1.0
26	0	74	3.0	0.0	16.323	0.541	1.0	1.0
26	0	72	2.968	0.18	16.935	0.629	1.0	1.0
26	0	70	2.871	0.428	17.452	0.723	1.0	1.0
26	0	68	1.968	0.547	18.871	0.763	1.0	1.0
26	0	66	1.677	0.541	19.806	1.078	1.0	1.0
26	0	64	1.258	0.514	20.935	1.063	1.0	1.0
26	0	62	1.032	0.18	23.387	1.283	1.0	1.0
26	0	60	0.935	0.25	25.724	2.658	0.935	0.935
26	0	58	0.793	0.412	29.4	2.944	0.742	0.806
26	0	56	0.032	0.18	28.0	0.0	0.032	0.032
26	0	54	0.0	0.0	nan	nan	0.0	0.0
26	0	52	0.0	0.0	nan	nan	0.0	0.0
26	0	50	0.0	0.0	nan	nan	0.0	0.0
26	0	48	0.0	0.0	nan	nan	0.0	0.0
26	0	46	0.0	0.0	nan	nan	0.0	0.0
27	0	78	2.065	0.25	12.968	0.18	1.0	1.0
27	0	76	2.032	0.18	13.387	0.495	1.0	1.0
27	0	74	2.0	0.0	13.742	0.514	1.0	1.0
27	0	72	2.0	0.0	14.0	0.447	1.0	1.0
27	0	70	2.0	0.0	14.613	0.715	1.0	1.0
27	0	68	2.0	0.0	14.968	0.547	1.0	1.0
27	0	66	1.968	0.18	15.677	0.945	1.0	1.0
27	0	64	1.8	0.407	16.355	0.755	0.968	1.0
27	0	62	1.5	0.511	17.548	1.179	0.774	1.0
27	0	60	0.733	0.704	19.44	2.063	0.29	0.806
27	0	58	0.0	0.0	21.111	2.088	0.0	0.29
27	0	56	0.0	0.0	nan	nan	0.0	0.0
27	0	54	0.0	0.0	nan	nan	0.0	0.0
27	0	52	0.0	0.0	nan	nan	0.0	0.0
27	0	50	0.0	0.0	nan	nan	0.0	0.0
27	0	48	0.0	0.0	nan	nan	0.0	0.0
27	0	46	0.0	0.0	nan	nan	0.0	0.0
28	0	78	2.968	0.18	13.839	0.523	1.0	1.0
28	0	76	2.871	0.341	14.161	0.523	1.0	1.0
28	0	74	2.645	0.486	14.484	0.508	1.0	1.0
28	0	72	2.548	0.506	14.871	0.428	1.0	1.0
28	0	70	2.258	0.445	15.581	0.72	1.0	1.0
28	0	68	2.0	0.0	16.129	0.619	1.0	1.0
28	0	66	1.968	0.18	16.839	0.86	1.0	1.0
28	0	64	1.774	0.425	17.548	1.06	1.0	1.0
28	0	62	1.258	0.445	18.903	1.3	1.0	1.0
28	0	60	0.966	0.325	20.0	1.488	0.871	0.935
28	0	58	0.692	0.618	21.524	2.62	0.516	0.677
28	0	56	0.2	0.407	24.0	1.0	0.194	0.226
28	0	54	0.033	0.183	23.5	2.121	0.032	0.065
28	0	52	0.0	0.0	nan	nan	0.0	0.0
28	0	50	0.0	0.0	nan	nan	0.0	0.0
28	0	48	0.0	0.0	nan	nan	0.0	0.0
28	0	46	0.0	0.0	nan	nan	0.0	0.0
29	0	78	2.355	0.486	14.194	0.477	1.0	1.0
29	0	76	2.323	0.475	14.355	0.551	1.0	1.0
29	0	74	2.065	0.25	14.903	0.597	1.0	1.0
29	0	72	2.032	0.18	15.452	0.506	1.0	1.0
29	0	70	2.0	0.0	15.774	0.805	1.0	1.0
29	0	68	2.0	0.0	16.581	0.62	1.0	1.0
29	0	66	1.806	0.402	17.355	1.018	1.0	1.0
29	0	64	1.517	0.509	18.516	1.18	0.935	1.0
29	0	62	1.192	0.491	20.067	2.318	0.806	0.968
29	0	60	0.682	0.568	21.739	1.839	0.452	0.742
29	0	58	0.033	0.183	23.5	2.121	0.032	0.065
29	0	56	0.0	0.0	nan	nan	0.0	0.0
29	0	54	0.0	0.0	nan	nan	0.0	0.0
29	0	52	0.0	0.0	nan	nan	0.0	0.0
29	0	50	0.0	0.0	nan	nan	0.0	0.0
29	0	48	0.0	0.0	nan	nan	0.0	0.0
29	0	46	0.0	0.0	nan	nan	0.0	0.0
30	0	78	2.774	0.425	13.581	0.564	1.0	1.0
30	0	76	2.645	0.486	13.968	0.482	1.0	1.0
30	0	74	2.258	0.445	14.323	0.541	1.0	1.0
30	0	72	2.097	0.301	14.677	0.541	1.0	1.0
30	0	70	2.0	0.0	15.323	0.599	1.0	1.0
30	0	68	2.0	0.0	15.839	0.638	1.0	1.0
30	0	66	1.935	0.25	16.355	1.112	1.0	1.0
30	0	64	1.806	0.402	17.194	1.662	1.0	1.0
30	0	62	1.538	0.508	18.71	1.953	0.839	1.0
30	0	60	1.19	0.602	20.414	2.529	0.613	0.935
30	0	58	0.632	0.597	21.391	2.083	0.355	0.742
30	0	56	0.032	0.18	24.0	0.0	0.032	0.032
30	0	54	0.032	0.18	21.0	0.0	0.032	0.032
30	0	52	0.0	0.0	nan	nan	0.0	0.0
30	0	50	0.0	0.0	nan	nan	0.0	0.0
30	0	48	0.0	0.0	nan	nan	0.0	0.0
30	0	46	0.0	0.0	nan	nan	0.0	0.0
31	0	78	2.0	0.0	12.677	0.541	1.0	1.0
31	0	76	2.0	0.0	12.935	0.512	1.0	1.0
31	0	74	2.0	0.0	13.226	0.425	1.0	1.0
31	0	72	2.0	0.0	13.806	0.703	1.0	1.0
31	0	70	2.0	0.0	14.032	0.482	1.0	1.0
31	0	68	1.935	0.25	15.032	0.836	1.0	1.0
31	0	66	1.71	0.461	15.29	0.864	1.0	1.0
31	0	64	1.357	0.488	16.387	1.542	0.903	1.0
31	0	62	1.13	0.344	18.129	2.291	0.742	1.0
31	0	60	0.529	0.624	18.909	2.045	0.258	0.71
31	0	58	0.071	0.262	20.6	3.362	0.065	0.161
31	0	56	0.0	0.0	23.0	0.0	0.0	0.032
31	0	54	0.0	0.0	nan	nan	0.0	0.0
31	0	52	0.0	0.0	nan	nan	0.0	0.0
31	0	50	0.0	0.0	nan	nan	0.0	0.0
31	0	48	0.0	0.0	nan	nan	0.0	0.0
31	0	46	0.0	0.0	nan	nan	0.0	0.0
0	1	78	3.0	0.0	14.258	0.445	1.0	1.0
0	1	76	2.968	0.18	14.613	0.495	1.0	1.0
0	1	74	2.903	0.301	15.194	0.749	1.0	1.0
0	1	72	2.613	0.495	15.323	0.541	1.0	1.0
0	1	70	2.387	0.495	15.871	0.763	1.0	1.0
0	1	68	2.226	0.425	16.355	0.661	1.0	1.0
0	1	66	2.0	0.365	17.097	0.978	1.0	1.0
0	1	64	1.581	0.502	17.839	1.068	1.0	1.0
0	1	62	1.161	0.374	19.419	1.148	1.0	1.0
0	1	60	0.933	0.365	20.571	1.989	0.871	0.903
0	1	58	0.793	0.491	22.417	2.205	0.71	0.774
0	1	56	0.1	0.305	22.75	1.5	0.097	0.129
0	1	54	0.0	0.0	nan	nan	0.0	0.0
0	1	52	0.0	0.0	nan	nan	0.0	0.0
0	1	50	0.0	0.0	nan	nan	0.0	0.0
0	1	48	0.0	0.0	nan	nan	0.0	0.0
0	1	46	0.0	0.0	nan	nan	0.0	0.0
1	1	78	3.097	0.301	15.032	0.482	1.0	1.0
1	1	76	3.0	0.0	15.484	0.724	1.0	1.0
1	1	74	2.968	0.18	16.0	0.577	1.0	1.0
1	1	72	3.0	0.0	16.516	0.677	1.0	1.0
1	1	70	2.839	0.374	17.097	0.831	1.0	1.0
1	1	68	2.323	0.702	18.0	0.931	1.0	1.0
1	1	66	1.613	0.715	19.355	1.33	1.0	1.0
1	1	64	1.258	0.445	20.935	1.611	1.0	1.0
1	1	62	1.032	0.18	23.226	1.995	1.0	1.0
1	1	60	0.839	0.374	26.731	3.904	0.839	0.839
1	1	58	0.29	0.461	28.667	3.606	0.29	0.29
1	1	56	0.0	0.0	nan	nan	0.0	0.0
1	1	54	0.0	0.0	nan	nan	0.0	0.0
1	1	52	0.0	0.0	nan	nan	0.0	0.0
1	1	50	0.0	0.0	nan	nan	0.0	0.0
1	1	48	0.0	0.0	nan	nan	0.0	0.0
1	1	46	0.0	0.0	nan	nan	0.0	0.0
2	1	78	3.0	0.0	13.645	0.486	1.0	1.0
2	1	76	3.0	0.0	13.903	0.396	1.0	1.0
2	1	74	3.0	0.0	14.226	0.56	1.0	1.0
2	1	72	3.0	0.0	14.645	0.608	1.0	1.0
2	1	70	2.871	0.341	15.065	0.574	1.0	1.0
2	1	68	2.613	0.495	16.0	0.73	1.0	1.0
2	1	66	2.419	0.502	16.419	0.72	1.0	1.0
2	1	64	1.903	0.473	17.484	0.811	1.0	1.0
2	1	62	1.29	0.461	19.097	1.557	1.0	1.0
2	1	60	1.097	0.301	21.774	2.963	1.0	1.0
2	1	58	0.897	0.31	25.143	4.327	0.839	0.903
2	1	56	0.032	0.18	24.0	0.0	0.032	0.032
2	1	54	0.0	0.0	nan	nan	0.0	0.0
2	1	52	0.0	0.0	nan	nan	0.0	0.0
2	1	50	0.0	0.0	nan	nan	0.0	0.0
2	1	48	0.0	0.0	nan	nan	0.0	0.0
2	1	46	0.0	0.0	nan	nan	0.0	0.0
3	1	78	3.0	0.0	14.903	0.473	1.0	1.0
3	1	76	3.0	0.0	15.258	0.445	1.0	1.0
3	1	74	2.968	0.18	15.903	0.473	1.0	1.0
3	1	72	2.935	0.25	16.548	0.723	1.0	1.0
3	1	70	2.839	0.374	17.0	0.632	1.0	1.0
3	1	68	2.226	0.805	17.839	1.003	1.0	1.0
3	1	66	1.419	0.62	19.032	1.329	1.0	1.0
3	1	64	1.129	0.341	19.968	1.08	1.0	1.0
3	1	62	0.968	0.18	22.1	1.583	0.968	0.968
3	1	60	0.833	0.379	24.577	2.23	0.806	0.839
3	1	58	0.448	0.506	27.933	3.9	0.419	0.484
3	1	56	0.032	0.18	30.0	0.0	0.032	0.032
3	1	54	0.0	0.0	nan	nan	0.0	0.0
3	1	52	0.0	0.0	nan	nan	0.0	0.0
3	1	50	0.0	0.0	nan	nan	0.0	0.0
3	1	48	0.0	0.0	nan	nan	0.0	0.0
3	1	46	0.0	0.0	nan	nan	0.0	0.0
4	1	78	4.0	0.0	16.968	0.547	1.0	1.0
4	1	76	3.871	0.428	17.226	0.56	1.0	1.0
4	1	74	3.129	0.806	17.839	0.638	1.0	1.0
4	1	72	2.323	0.475	18.581	0.62	1.0	1.0
4	1	70	2.161	0.454	19.194	0.749	1.0	1.0
4	1	68	2.0	0.0	20.355	0.798	1.0	1.0
4	1	66	2.0	0.0	21.613	1.334	1.0	1.0
4	1	64	1.968	0.18	22.548	1.41	1.0	1.0
4	1	62	1.742	0.445	24.613	1.453	1.0	1.0
4	1	60	1.29	0.461	27.387	2.578	1.0	1.0
4	1	58	1.069	0.258	29.774	3.019	0.935	1.0
4	1	56	0.286	0.535	33.4	1.897	0.226	0.323
4	1	54	0.0	0.0	nan	nan	0.0	0.0
4	1	52	0.0	0.0	nan	nan	0.0	0.0
4	1	50	0.0	0.0	nan	nan	0.0	0.0
4	1	48	0.0	0.0	nan	nan	0.0	0.0
4	1	46	0.0	0.0	nan	nan	0.0	0.0
5	1	78	2.032	0.18	13.065	0.359	1.0	1.0
5	1	76	2.0	0.0	13.161	0.374	1.0	1.0
5	1	74	2.0	0.0	13.839	0.523	1.0	1.0
5	1	72	2.0	0.0	14.0	0.365	1.0	1.0
5	1	70	2.0	0.0	14.355	0.551	1.0	1.0
5	1	68	2.0	0.0	15.097	0.473	1.0	1.0
5	1	66	1.968	0.18	15.484	0.57	1.0	1.0
5	1	64	1.806	0.402	16.419	0.72	1.0	1.0
5	1	62	1.44	0.507	17.484	1.029	0.806	1.0
5	1	60	0.769	0.832	19.68	2.704	0.226	0.806
5	1	58	0.118	0.332	21.438	2.529	0.065	0.516
5	1	56	0.0	0.0	19.0	0.0	0.0	0.032
5	1	54	0.0	0.0	nan	nan	0.0	0.0
5	1	52	0.0	0.0	nan	nan	0.0	0.0
5	1	50	0.0	0.0	nan	nan	0.0	0.0
5	1	48	0.0	0.0	nan	nan	0.0	0.0
5	1	46	0.0	0.0	nan	nan	0.0	0.0
6	1	78	3.0	0.0	13.935	0.442	1.0	1.0
6	1	76	3.0	0.0	14.419	0.502	1.0	1.0
6	1	74	3.0	0.0	14.968	0.407	1.0	1.0
6	1	72	3.0	0.0	15.355	0.551	1.0	1.0
6	1	70	3.0	0.0	15.677	0.653	1.0	1.0
6	1	68	2.71	0.461	16.71	0.693	1.0	1.0
6	1	66	2.29	0.693	17.355	1.684	1.0	1.0
6	1	64	1.419	0.564	18.806	1.621	1.0	1.0
6	1	62	1.065	0.25	20.71	1.792	1.0	1.0
6	1	60	0.968	0.18	22.8	1.937	0.968	0.968
6	1	58	0.8	0.407	25.2	3.055	0.774	0.806
6	1	56	0.133	0.346	28.2	4.438	0.129	0.161
6	1	54	0.0	0.0	nan	nan	0.0	0.0
6	1	52	0.0	0.0	nan	nan	0.0	0.0
6	1	50	0.0	0.0	nan	nan	0.0	0.0
6	1	48	0.0	0.0	nan	nan	0.0	0.0
6	1	46	0.0	0.0	nan	nan	0.0	0.0
7	1	78	3.065	0.25	14.161	0.454	1.0	1.0
7	1	76	3.0	0.0	14.258	0.514	1.0	1.0
7	1	74	2.903	0.301	14.774	0.617	1.0	1.0
7	1	72	2.839	0.374	15.129	0.499	1.0	1.0
7	1	70	2.613	0.495	15.613	0.558	1.0	1.0
7	1	68	2.419	0.502	16.161	0.583	1.0	1.0
7	1	66	2.194	0.402	16.742	0.729	1.0	1.0
7	1	64	1.774	0.617	17.677	1.249	1.0	1.0
7	1	62	1.267	0.45	19.452	2.127	0.968	1.0
7	1	60	1.071	0.378	20.233	1.87	0.871	0.968
7	1	58	0.567	0.504	22.444	2.332	0.548	0.581
7	1	56	0.1	0.305	23.5	3.416	0.097	0.129
7	1	54	0.0	0.0	nan	nan	0.0	0.0
7	1	52	0.0	0.0	nan	nan	0.0	0.0
7	1	50	0.0	0.0	nan	nan	0.0	0.0
7	1	48	0.0	0.0	nan	nan	0.0	0.0
7	1	46	0.0	0.0	nan	nan	0.0	0.0
8	1	78	3.968	0.18	15.194	0.477	1.0	1.0
8	1	76	3.871	0.341	15.774	0.717	1.0	1.0
8	1	74	3.871	0.341	16.129	0.67	1.0	1.0
8	1	72	3.387	0.495	17.032	0.706	1.0	1.0
8	1	70	3.0	0.632	17.452	1.06	1.0	1.0
8	1	68	2.355	0.551	18.871	1.204	1.0	1.0
8	1	66	2.129	0.341	19.645	1.78	1.0	1.0
8	1	64	1.806	0.477	21.065	1.504	1.0	1.0
8	1	62	1.774	0.425	23.452	2.03	1.0	1.0
8	1	60	1.161	0.688	25.769	3.787	0.839	0.839
8	1	58	0.621	0.677	28.765	3.683	0.484	0.548
8	1	56	0.097	0.301	30.333	3.055	0.097	0.097
8	1	54	0.0	0.0	nan	nan	0.0	0.0
8	1	52	0.0	0.0	nan	nan	0.0	0.0
8	1	50	0.0	0.0	nan	nan	0.0	0.0
8	1	48	0.0	0.0	nan	nan	0.0	0.0
8	1	46	0.0	0.0	nan	nan	0.0	0.0
9	1	78	2.0	0.0	13.387	0.495	1.0	1.0
9	1	76	2.0	0.0	13.581	0.502	1.0	1.0
9	1	74	2.0	0.0	13.968	0.547	1.0	1.0
9	1	72	2.0	0.0	14.29	0.588	1.0	1.0
9	1	70	2.0	0.0	14.742	0.575	1.0	1.0
9	1	68	1.968	0.18	15.484	0.769	1.0	1.0
9	1	66	1.903	0.301	15.774	0.617	1.0	1.0
9	1	64	1.419	0.502	17.065	0.814	1.0	1.0
9	1	62	1.167	0.514	18.367	1.712	0.548	0.968
9	1	60	0.6	0.737	19.391	1.852	0.226	0.742
9	1	58	0.095	0.301	21.917	2.575	0.065	0.387
9	1	56	0.0	0.0	nan	nan	0.0	0.0
9	1	54	0.0	0.0	nan	nan	0.0	0.0
9	1	52	0.0	0.0	nan	nan	0.0	0.0
9	1	50	0.0	0.0	nan	nan	0.0	0.0
9	1	48	0.0	0.0	nan	nan	0.0	0.0
9	1	46	0.0	0.0	nan	nan	0.0	0.0
10	1	78	3.0	0.0	14.097	0.473	1.0	1.0
10	1	76	3.0	0.0	14.452	0.506	1.0	1.0
10	1	74	3.0	0.0	14.806	0.543	1.0	1.0
10	1	72	2.903	0.301	15.355	0.551	1.0	1.0
10	1	70	2.548	0.506	15.968	0.547	1.0	1.0
10	1	68	2.065	0.25	16.71	0.643	1.0	1.0
10	1	66	1.774	0.617	17.548	0.961	1.0	1.0
10	1	64	1.581	0.502	18.29	1.27	1.0	1.0
10	1	62	1.065	0.25	21.065	2.205	1.0	1.0
10	1	60	1.0	0.365	22.517	2.544	0.935	0.935
10	1	58	0.645	0.551	25.895	3.604	0.613	0.613
10	1	56	0.097	0.301	25.333	2.309	0.097	0.097
10	1	54	0.0	0.0	nan	nan	0.0	0.0
10	1	52	0.0	0.0	nan	nan	0.0	0.0
10	1	50	0.0	0.0	nan	nan	0.0	0.0
10	1	48	0.0	0.0	nan	nan	0.0	0.0
10	1	46	0.0	0.0	nan	nan	0.0	0.0
11	1	78	3.258	0.445	15.806	0.601	1.0	1.0
11	1	76	3.161	0.374	16.323	0.599	1.0	1.0
11	1	74	3.0	0.0	16.516	0.508	1.0	1.0
11	1	72	2.935	0.25	17.484	0.626	1.0	1.0
11	1	70	2.613	0.495	17.935	0.629	1.0	1.0
11	1	68	2.258	0.514	18.677	0.653	1.0	1.0
11	1	66	1.968	0.18	20.323	1.166	1.0	1.0
11	1	64	1.839	0.374	21.0	1.155	1.0	1.0
11	1	62	1.452	0.506	23.161	1.675	1.0	1.0
11	1	60	1.097	0.301	26.226	2.717	1.0	1.0
11	1	58	0.867	0.346	28.37	2.898	0.839	0.871
11	1	56	0.194	0.402	29.667	3.204	0.194	0.194
11	1	54	0.0	0.0	nan	nan	0.0	0.0
11	1	52	0.0	0.0	nan	nan	0.0	0.0
11	1	50	0.0	0.0	nan	nan	0.0	0.0
11	1	48	0.0	0.0	nan	nan	0.0	0.0
11	1	46	0.0	0.0	nan	nan	0.0	0.0
12	1	78	2.032	0.18	12.903	0.301	1.0	1.0
12	1	76	2.0	0.0	13.097	0.301	1.0	1.0
12	1	74	2.0	0.0	13.355	0.486	1.0	1.0
12	1	72	2.0	0.0	13.71	0.461	1.0	1.0
12	1	70	2.0	0.0	13.935	0.512	1.0	1.0
12	1	68	2.0	0.0	14.323	0.599	1.0	1.0
12	1	66	2.0	0.0	14.839	0.583	1.0	1.0
12	1	64	2.0	0.0	15.258	0.575	1.0	1.0
12	1	62	2.0	0.0	15.968	0.547	1.0	1.0
12	1	60	1.677	0.475	16.903	0.87	1.0	1.0
12	1	58	1.571	0.507	18.194	1.759	0.677	1.0
12	1	56	0.471	0.717	19.8	1.989	0.194	0.645
12	1	54	0.0	0.0	21.2	1.643	0.0	0.161
12	1	52	0.0	0.0	nan	nan	0.0	0.0
12	1	50	0.0	0.0	nan	nan	0.0	0.0
12	1	48	0.0	0.0	nan	nan	0.0	0.0
12	1	46	0.0	0.0	nan	nan	0.0	0.0
13	1	78	2.548	0.506	12.677	0.541	1.0	1.0
13	1	76	2.194	0.402	13.065	0.359	1.0	1.0
13	1	74	2.097	0.301	13.194	0.402	1.0	1.0
13	1	72	2.0	0.0	13.645	0.551	1.0	1.0
13	1	70	2.0	0.0	14.129	0.428	1.0	1.0
13	1	68	2.0	0.0	14.548	0.675	1.0	1.0
13	1	66	2.0	0.0	14.968	0.875	1.0	1.0
13	1	64	2.0	0.0	15.645	0.798	1.0	1.0
13	1	62	1.833	0.379	16.742	1.064	0.968	1.0
13	1	60	1.696	0.47	17.645	1.473	0.742	1.0
13	1	58	0.308	0.63	19.81	2.25	0.097	0.677
13	1	56	0.0	0.0	21.0	0.0	0.0	0.032
13	1	54	0.0	0.0	nan	nan	0.0	0.0
13	1	52	0.0	0.0	nan	nan	0.0	0.0
13	1	50	0.0	0.0	nan	nan	0.0	0.0
13	1	48	0.0	0.0	nan	nan	0.0	0.0
13	1	46	0.0	0.0	nan	nan	0.0	0.0
14	1	78	2.871	0.341	14.0	0.365	1.0	1.0
14	1	76	2.613	0.495	14.226	0.425	1.0	1.0
14	1	74	2.129	0.341	14.806	0.601	1.0	1.0
14	1	72	2.161	0.374	15.161	0.583	1.0	1.0
14	1	70	2.065	0.25	15.581	0.502	1.0	1.0
14	1	68	2.0	0.0	16.097	0.746	1.0	1.0
14	1	66	1.935	0.25	16.742	0.855	1.0	1.0
14	1	64	1.839	0.374	17.613	0.989	1.0	1.0
14	1	62	1.286	0.6	19.138	1.767	0.839	0.935
14	1	60	0.958	0.359	20.724	2.404	0.71	0.935
14	1	58	0.476	0.602	23.368	2.006	0.29	0.613
14	1	56	0.0	0.0	nan	nan	0.0	0.0
14	1	54	0.0	0.0	nan	nan	0.0	0.0
14	1	52	0.0	0.0	nan	nan	0.0	0.0
14	1	50	0.0	0.0	nan	nan	0.0	0.0
14	1	48	0.0	0.0	nan	nan	0.0	0.0
14	1	46	0.0	0.0	nan	nan	0.0	0.0
15	1	78	3.0	0.0	13.935	0.25	1.0	1.0
15	1	76	2.903	0.301	14.258	0.575	1.0	1.0
15	1	74	2.645	0.486	14.774	0.497	1.0	1.0
15	1	72	2.323	0.475	15.097	0.539	1.0	1.0
15	1	70	2.161	0.374	15.258	0.575	1.0	1.0
15	1	68	2.0	0.0	16.29	0.588	1.0	1.0
15	1	66	1.968	0.18	16.806	0.749	1.0	1.0
15	1	64	1.8	0.407	17.677	1.661	0.968	1.0
15	1	62	1.226	0.425	19.548	1.67	1.0	1.0
15	1	60	0.966	0.186	21.4	1.773	0.903	0.968
15	1	58	0.444	0.506	22.938	1.806	0.387	0.516
15	1	56	0.138	0.351	24.5	1.643	0.129	0.194
15	1	54	0.0	0.0	nan	nan	0.0	0.0
15	1	52	0.0	0.0	nan	nan	0.0	0.0
15	1	50	0.0	0.0	nan	nan	0.0	0.0
15	1	48	0.0	0.0	nan	nan	0.0	0.0
15	1	46	0.0	0.0	nan	nan	0.0	0.0
16	1	78	3.0	0.0	14.29	0.529	1.0	1.0
16	1	76	2.968	0.18	14.71	0.529	1.0	1.0
16	1	74	2.935	0.25	15.032	0.547	1.0	1.0
16	1	72	2.806	0.402	15.452	0.568	1.0	1.0
16	1	70	2.484	0.508	16.0	0.73	1.0	1.0
16	1	68	2.29	0.529	16.677	0.702	1.0	1.0
16	1	66	1.871	0.499	17.548	1.091	1.0	1.0
16	1	64	1.71	0.529	18.0	1.033	1.0	1.0
16	1	62	1.167	0.461	20.033	2.251	0.935	0.968
16	1	60	0.821	0.476	21.52	2.417	0.71	0.806
16	1	58	0.593	0.501	22.75	1.97	0.516	0.645
16	1	56	0.143	0.356	22.429	2.82	0.129	0.226
16	1	54	0.0	0.0	28.0	0.0	0.0	0.032
16	1	52	0.0	0.0	nan	nan	0.0	0.0
16	1	50	0.0	0.0	nan	nan	0.0	0.0
16	1	48	0.0	0.0	nan	nan	0.0	0.0
16	1	46	0.0	0.0	nan	nan	0.0	0.0
17	1	78	3.0	0.0	14.613	0.495	1.0	1.0
17	1	76	3.0	0.0	14.677	0.541	1.0	1.0
17	1	74	3.0	0.0	15.258	0.575	1.0	1.0
17	1	72	3.0	0.0	15.71	0.529	1.0	1.0
17	1	70	3.0	0.0	16.323	0.599	1.0	1.0
17	1	68	2.806	0.402	17.129	0.718	1.0	1.0
17	1	66	2.226	0.845	18.032	1.016	1.0	1.0
17	1	64	1.677	0.791	19.129	1.477	1.0	1.0
17	1	62	1.097	0.396	21.3	1.841	0.968	0.968
17	1	60	1.0	0.0	23.839	1.772	1.0	1.0
17	1	58	0.871	0.341	25.63	3.152	0.871	0.871
17	1	56	0.129	0.341	30.25	3.775	0.129	0.129
17	1	54	0.0	0.0	nan	nan	0.0	0.0
17	1	52	0.0	0.0	nan	nan	0.0	0.0
17	1	50	0.0	0.0	nan	nan	0.0	0.0
17	1	48	0.0	0.0	nan	nan	0.0	0.0
17	1	46	0.0	0.0	nan	nan	0.0	0.0
18	1	78	2.323	0.475	13.677	0.541	1.0	1.0
18	1	76	2.065	0.25	14.0	0.447	1.0	1.0
18	1	74	2.065	0.25	14.355	0.486	1.0	1.0
18	1	72	2.0	0.0	14.806	0.543	1.0	1.0
18	1	70	2.0	0.0	15.129	0.499	1.0	1.0
18	1	68	2.0	0.0	15.71	0.643	1.0	1.0
18	1	66	2.0	0.0	16.097	0.539	1.0	1.0
18	1	64	1.935	0.25	17.065	0.892	1.0	1.0
18	1	62	1.581	0.502	18.194	1.108	1.0	1.0
18	1	60	0.962	0.528	19.333	1.468	0.71	0.871
18	1	58	0.5	0.516	21.478	1.951	0.258	0.742
18	1	56	0.0	0.0	24.333	1.155	0.0	0.097
18	1	54	0.0	0.0	nan	nan	0.0	0.0
18	1	52	0.0	0.0	nan	nan	0.0	0.0
18	1	50	0.0	0.0	nan	nan	0.0	0.0
18	1	48	0.0	0.0	nan	nan	0.0	0.0
18	1	46	0.0	0.0	nan	nan	0.0	0.0
19	1	78	3.968	0.18	15.194	0.402	1.0	1.0
19	1	76	3.742	0.445	15.613	0.615	1.0	1.0
19	1	74	3.258	0.445	16.097	0.651	1.0	1.0
19	1	72	3.0	0.0	16.677	0.791	1.0	1.0
19	1	70	2.935	0.25	17.097	0.597	1.0	1.0
19	1	68	2.484	0.508	18.226	1.055	1.0	1.0
19	1	66	2.194	0.402	19.129	1.335	1.0	1.0
19	1	64	1.968	0.18	21.323	1.4	1.0	1.0
19	1	62	1.677	0.475	23.645	2.484	1.0	1.0
19	1	60	1.2	0.407	27.677	2.993	0.968	1.0
19	1	58	0.778	0.577	30.957	4.194	0.613	0.742
19	1	56	0.0	0.0	36.0	0.0	0.0	0.032
19	1	54	0.0	0.0	nan	nan	0.0	0.0
19	1	52	0.0	0.0	nan	nan	0.0	0.0
19	1	50	0.0	0.0	nan	nan	0.0	0.0
19	1	48	0.0	0.0	nan	nan	0.0	0.0
19	1	46	0.0	0.0	nan	nan	0.0	0.0
20	1	78	3.0	0.0	14.903	0.473	1.0	1.0
20	1	76	3.0	0.0	15.355	0.551	1.0	1.0
20	1	74	2.968	0.18	15.839	0.523	1.0	1.0
20	1	72	2.806	0.477	16.484	0.89	1.0	1.0
20	1	70	2.581	0.502	16.839	0.688	1.0	1.0
20	1	68	2.129	0.718	17.581	0.958	1.0	1.0
20	1	66	1.613	0.715	18.548	1.091	1.0	1.0
20	1	64	1.129	0.341	19.677	1.423	1.0	1.0
20	1	62	1.0	0.0	21.71	1.697	1.0	1.0
20	1	60	1.0	0.0	22.645	1.836	1.0	1.0
20	1	58	0.931	0.258	23.862	1.807	0.871	0.935
20	1	56	0.167	0.379	26.667	1.633	0.161	0.194
20	1	54	0.0	0.0	nan	nan	0.0	0.0
20	1	52	0.0	0.0	nan	nan	0.0	0.0
20	1	50	0.0	0.0	nan	nan	0.0	0.0
20	1	48	0.0	0.0	nan	nan	0.0	0.0
20	1	46	0.0	0.0	nan	nan	0.0	0.0
21	1	78	2.065	0.25	13.226	0.425	1.0	1.0
21	1	76	2.0	0.0	13.839	0.454	1.0	1.0
21	1	74	2.0	0.0	14.129	0.499	1.0	1.0
21	1	72	2.0	0.0	14.613	0.558	1.0	1.0
21	1	70	2.0	0.0	15.032	0.706	1.0	1.0
21	1	68	2.0	0.0	15.774	0.497	1.0	1.0
21	1	66	1.935	0.25	16.065	0.772	1.0	1.0
21	1	64	1.933	0.254	17.226	0.92	0.968	1.0
21	1	62	1.464	0.508	18.452	1.457	0.903	1.0
21	1	60	0.917	0.669	19.964	1.753	0.29	0.903
21	1	58	0.111	0.323	21.8	2.731	0.065	0.484
21	1	56	0.0	0.0	nan	nan	0.0	0.0
21	1	54	0.0	0.0	nan	nan	0.0	0.0
21	1	52	0.0	0.0	nan	nan	0.0	0.0
21	1	50	0.0	0.0	nan	nan	0.0	0.0
21	1	48	0.0	0.0	nan	nan	0.0	0.0
21	1	46	0.0	0.0	nan	nan	0.0	0.0
22	1	78	3.613	0.495	15.0	0.447	1.0	1.0
22	1	76	3.065	0.25	15.323	0.653	1.0	1.0
22	1	74	3.032	0.18	16.097	0.396	1.0	1.0
22	1	72	3.0	0.0	16.29	0.643	1.0	1.0
22	1	70	3.0	0.0	16.903	0.7	1.0	1.0
22	1	68	2.613	0.495	18.032	0.875	1.0	1.0
22	1	66	2.194	0.477	18.774	0.845	1.0	1.0
22	1	64	1.677	0.541	20.032	1.378	1.0	1.0
22	1	62	1.484	0.508	22.194	1.621	1.0	1.0
22	1	60	1.065	0.25	24.645	2.169	1.0	1.0
22	1	58	0.839	0.454	26.72	2.558	0.806	0.806
22	1	56	0.207	0.412	31.25	3.196	0.194	0.258
22	1	54	0.0	0.0	nan	nan	0.0	0.0
22	1	52	0.0	0.0	nan	nan	0.0	0.0
22	1	50	0.0	0.0	nan	nan	0.0	0.0
22	1	48	0.0	0.0	nan	nan	0.0	0.0
22	1	46	0.0	0.0	nan	nan	0.0	0.0
23	1	78	2.226	0.425	12.806	0.402	1.0	1.0
23	1	76	2.194	0.402	13.0	0.365	1.0	1.0
23	1	74	2.0	0.0	13.452	0.506	1.0	1.0
23	1	72	2.0	0.0	13.742	0.445	1.0	1.0
23	1	70	2.0	0.0	14.097	0.396	1.0	1.0
23	1	68	2.0	0.0	14.419	0.502	1.0	1.0
23	1	66	2.0	0.0	15.065	0.854	1.0	1.0
23	1	64	2.0	0.0	15.742	0.729	1.0	1.0
23	1	62	1.871	0.341	16.871	0.991	1.0	1.0
23	1	60	1.793	0.412	17.387	1.283	0.935	1.0
23	1	58	1.056	0.725	19.593	1.803	0.452	0.871
23	1	56	0.235	0.437	20.833	2.282	0.129	0.581
23	1	54	0.037	0.192	22.8	1.304	0.032	0.161
23	1	52	0.0	0.0	nan	nan	0.0	0.0
23	1	50	0.0	0.0	nan	nan	0.0	0.0
23	1	48	0.0	0.0	nan	nan	0.0	0.0
23	1	46	0.0	0.0	nan	nan	0.0	0.0
24	1	78	2.387	0.495	13.581	0.502	1.0	1.0
24	1	76	2.065	0.25	13.903	0.301	1.0	1.0
24	1	74	2.032	0.18	14.29	0.461	1.0	1.0
24	1	72	2.0	0.0	14.581	0.502	1.0	1.0
24	1	70	2.0	0.0	15.097	0.539	1.0	1.0
24	1	68	2.0	0.0	15.645	0.608	1.0	1.0
24	1	66	1.968	0.18	16.452	1.121	1.0	1.0
24	1	64	1.903	0.301	17.065	1.063	1.0	1.0
24	1	62	1.6	0.5	18.032	1.169	0.806	1.0
24	1	60	1.095	0.539	19.655	1.914	0.613	0.935
24	1	58	0.375	0.5	21.81	1.887	0.194	0.677
24	1	56	0.0	0.0	25.0	0.0	0.0	0.032
24	1	54	0.0	0.0	nan	nan	0.0	0.0
24	1	52	0.0	0.0	nan	nan	0.0	0.0
24	1	50	0.0	0.0	nan	nan	0.0	0.0
24	1	48	0.0	0.0	nan	nan	0.0	0.0
24	1	46	0.0	0.0	nan	nan	0.0	0.0
25	1	78	2.0	0.0	12.774	0.425	1.0	1.0
25	1	76	2.0	0.0	12.871	0.428	1.0	1.0
25	1	74	2.0	0.0	13.387	0.495	1.0	1.0
25	1	72	2.0	0.0	13.645	0.486	1.0	1.0
25	1	70	2.0	0.0	14.194	0.477	1.0	1.0
25	1	68	2.0	0.0	14.645	0.551	1.0	1.0
25	1	66	1.903	0.301	15.194	0.543	1.0	1.0
25	1	64	1.387	0.495	15.968	0.836	1.0	1.0
25	1	62	1.185	0.396	17.194	1.973	0.871	1.0
25	1	60	1.095	0.436	18.067	1.856	0.645	0.968
25	1	58	0.375	0.5	20.0	2.408	0.194	0.677
25	1	56	0.0	0.0	nan	nan	0.0	0.0
25	1	54	0.0	0.0	nan	nan	0.0	0.0
25	1	52	0.0	0.0	nan	nan	0.0	0.0
25	1	50	0.0	0.0	nan	nan	0.0	0.0
25	1	48	0.0	0.0	nan	nan	0.0	0.0
25	1	46	0.0	0.0	nan	nan	0.0	0.0
26	1	78	3.484	0.508	15.29	0.461	1.0	1.0
26	1	76	3.065	0.25	15.613	0.615	1.0	1.0
26	1	74	3.0	0.0	16.097	0.539	1.0	1.0
26	1	72	3.0	0.0	16.613	0.667	1.0	1.0
26	1	70	2.71	0.461	17.613	0.761	1.0	1.0
26	1	68	2.581	0.502	18.452	1.457	1.0	1.0
26	1	66	2.032	0.407	19.452	1.121	1.0	1.0
26	1	64	1.839	0.523	20.516	1.671	1.0	1.0
26	1	62	1.419	0.502	22.968	1.888	1.0	1.0
26	1	60	1.0	0.258	25.833	2.601	0.968	0.968
26	1	58	0.667	0.479	28.048	2.872	0.645	0.677
26	1	56	0.097	0.301	30.0	1.732	0.097	0.097
26	1	54	0.0	0.0	nan	nan	0.0	0.0
26	1	52	0.0	0.0	nan	nan	0.0	0.0
26	1	50	0.0	0.0	nan	nan	0.0	0.0
26	1	48	0.0	0.0	nan	nan	0.0	0.0
26	1	46	0.0	0.0	nan	nan	0.0	0.0
27	1	78	3.0	0.0	15.161	0.523	1.0	1.0
27	1	76	2.968	0.18	15.29	0.529	1.0	1.0
27	1	74	2.774	0.425	15.677	0.599	1.0	1.0
27	1	72	2.355	0.486	16.097	0.597	1.0	1.0
27	1	70	2.129	0.428	16.645	0.709	1.0	1.0
27	1	68	2.065	0.359	17.032	0.657	1.0	1.0
27	1	66	1.548	0.506	18.258	0.999	1.0	1.0
27	1	64	1.387	0.495	18.742	1.316	1.0	1.0
27	1	62	1.0	0.0	20.903	1.795	0.968	1.0
27	1	60	0.786	0.499	22.458	2.413	0.677	0.774
27	1	58	0.111	0.32	24.857	1.069	0.097	0.226
27	1	56	0.032	0.18	22.0	0.0	0.032	0.032
27	1	54	0.0	0.0	nan	nan	0.0	0.0
27	1	52	0.0	0.0	nan	nan	0.0	0.0
27	1	50	0.0	0.0	nan	nan	0.0	0.0
27	1	48	0.0	0.0	nan	nan	0.0	0.0
27	1	46	0.0	0.0	nan	nan	0.0	0.0
28	1	78	2.935	0.25	12.645	0.486	1.0	1.0
28	1	76	2.548	0.506	13.0	0.258	1.0	1.0
28	1	74	2.355	0.486	13.161	0.374	1.0	1.0
28	1	72	2.032	0.18	13.581	0.564	1.0	1.0
28	1	70	2.0	0.0	13.968	0.547	1.0	1.0
28	1	68	2.0	0.0	14.484	0.769	1.0	1.0
28	1	66	2.0	0.0	14.968	0.752	1.0	1.0
28	1	64	1.935	0.25	15.806	0.703	1.0	1.0
28	1	62	1.935	0.25	16.452	0.768	1.0	1.0
28	1	60	1.44	0.583	18.067	1.701	0.774	0.968
28	1	58	0.4	0.737	20.45	2.438	0.129	0.645
28	1	56	0.0	0.0	nan	nan	0.0	0.0
28	1	54	0.0	0.0	nan	nan	0.0	0.0
28	1	52	0.0	0.0	nan	nan	0.0	0.0
28	1	50	0.0	0.0	nan	nan	0.0	0.0
28	1	48	0.0	0.0	nan	nan	0.0	0.0
28	1	46	0.0	0.0	nan	nan	0.0	0.0
29	1	78	3.0	0.0	13.677	0.475	1.0	1.0
29	1	76	3.0	0.0	13.903	0.396	1.0	1.0
29	1	74	2.968	0.18	14.355	0.486	1.0	1.0
29	1	72	3.0	0.0	14.774	0.497	1.0	1.0
29	1	70	2.903	0.301	15.161	0.374	1.0	1.0
29	1	68	2.484	0.508	15.903	0.7	1.0	1.0
29	1	66	2.226	0.497	16.581	0.923	1.0	1.0
29	1	64	1.903	0.539	17.419	1.148	1.0	1.0
29	1	62	1.323	0.475	18.903	1.469	1.0	1.0
29	1	60	1.032	0.315	20.867	2.161	0.968	0.968
29	1	58	0.933	0.254	25.552	3.933	0.903	0.935
29	1	56	0.2	0.407	27.714	4.923	0.194	0.226
29	1	54	0.032	0.18	25.0	0.0	0.032	0.032
29	1	52	0.0	0.0	nan	nan	0.0	0.0
29	1	50	0.0	0.0	nan	nan	0.0	0.0
29	1	48	0.0	0.0	nan	nan	0.0	0.0
29	1	46	0.0	0.0	nan	nan	0.0	0.0
30	1	78	2.871	0.341	14.355	0.486	1.0	1.0
30	1	76	2.548	0.506	14.613	0.558	1.0	1.0
30	1	74	2.452	0.506	15.129	0.562	1.0	1.0
30	1	72	2.194	0.402	15.548	0.568	1.0	1.0
30	1	70	2.032	0.18	16.065	0.574	1.0	1.0
30	1	68	1.935	0.25	16.935	0.814	1.0	1.0
30	1	66	1.839	0.374	17.581	0.958	1.0	1.0
30	1	64	1.161	0.374	19.774	1.627	1.0	1.0
30	1	62	1.0	0.258	20.767	1.633	0.968	0.968
30	1	60	0.966	0.325	22.276	1.601	0.871	0.935
30	1	58	0.552	0.506	23.944	2.182	0.516	0.581
30	1	56	0.0	0.0	27.0	0.0	0.0	0.032
30	1	54	0.032	0.18	24.0	0.0	0.032	0.032
30	1	52	0.0	0.0	nan	nan	0.0	0.0
30	1	50	0.0	0.0	nan	nan	0.0	0.0
30	1	48	0.0	0.0	nan	nan	0.0	0.0
30	1	46	0.0	0.0	nan	nan	0.0	0.0
31	1	78	2.677	0.475	13.871	0.341	1.0	1.0
31	1	76	2.452	0.506	14.129	0.562	1.0	1.0
31	1	74	2.097	0.301	14.806	0.601	1.0	1.0
31	1	72	2.0	0.0	14.968	0.482	1.0	1.0
31	1	70	2.0	0.0	15.548	0.624	1.0	1.0
31	1	68	2.0	0.0	16.161	0.583	1.0	1.0
31	1	66	1.935	0.25	17.065	1.093	1.0	1.0
31	1	64	1.548	0.506	18.258	1.505	1.0	1.0
31	1	62	1.097	0.301	20.194	1.74	1.0	1.0
31	1	60	1.0	0.263	20.867	1.756	0.935	0.968
31	1	58	0.571	0.504	22.947	2.297	0.516	0.613
31	1	56	0.065	0.25	23.5	0.707	0.065	0.065
31	1	54	0.0	0.0	nan	nan	0.0	0.0
31	1	52	0.0	0.0	nan	nan	0.0	0.0
31	1	50	0.0	0.0	nan	nan	0.0	0.0
31	1	48	0.0	0.0	nan	nan	0.0	0.0
31	1	46	0.0	0.0	nan	nan	0.0	0.0
0	2	78	3.0	0.0	13.71	0.461	1.0	1.0
0	2	76	3.0	0.0	14.161	0.583	1.0	1.0
0	2	74	3.0	0.0	14.484	0.626	1.0	1.0
0	2	72	2.968	0.18	15.032	0.547	1.0	1.0
0	2	70	2.903	0.301	15.742	0.729	1.0	1.0
0	2	68	2.742	0.514	16.581	0.992	1.0	1.0
0	2	66	2.097	0.79	17.645	1.226	1.0	1.0
0	2	64	1.452	0.675	19.161	1.635	1.0	1.0
0	2	62	1.065	0.25	21.419	2.187	1.0	1.0
0	2	60	1.0	0.0	23.806	2.994	1.0	1.0
0	2	58	0.839	0.374	25.962	3.181	0.839	0.839
0	2	56	0.2	0.407	30.143	3.716	0.194	0.226
0	2	54	0.0	0.0	nan	nan	0.0	0.0
0	2	52	0.0	0.0	nan	nan	0.0	0.0
0	2	50	0.0	0.0	nan	nan	0.0	0.0
0	2	48	0.0	0.0	nan	nan	0.0	0.0
0	2	46	0.0	0.0	nan	nan	0.0	0.0
1	2	78	2.0	0.0	12.839	0.454	1.0	1.0
1	2	76	2.0	0.0	13.129	0.341	1.0	1.0
1	2	74	2.0	0.0	13.29	0.529	1.0	1.0
1	2	72	2.0	0.0	13.774	0.497	1.0	1.0
1	2	70	2.0	0.0	14.258	0.575	1.0	1.0
1	2	68	2.0	0.0	14.806	0.703	1.0	1.0
1	2	66	1.903	0.301	15.355	0.551	1.0	1.0
1	2	64	1.839	0.374	16.129	0.846	1.0	1.0
1	2	62	1.286	0.46	17.194	1.195	0.903	1.0
1	2	60	1.143	0.478	18.067	1.413	0.645	0.968
1	2	58	0.2	0.414	20.211	1.932	0.097	0.613
1	2	56	0.0	0.0	25.25	0.957	0.0	0.129
1	2	54	0.0	0.0	nan	nan	0.0	0.0
1	2	52	0.0	0.0	nan	nan	0.0	0.0
1	2	50	0.0	0.0	nan	nan	0.0	0.0
1	2	48	0.0	0.0	nan	nan	0.0	0.0
1	2	46	0.0	0.0	nan	nan	0.0	0.0
2	2	78	2.032	0.18	13.129	0.428	1.0	1.0
2	2	76	2.032	0.18	13.484	0.508	1.0	1.0
2	2	74	2.0	0.0	13.871	0.562	1.0	1.0
2	2	72	2.032	0.18	14.161	0.374	1.0	1.0
2	2	70	2.0	0.0	14.613	0.615	1.0	1.0
2	2	68	2.0	0.0	15.323	0.702	1.0	1.0
2	2	66	2.0	0.0	15.645	0.661	1.0	1.0
2	2	64	1.839	0.374	16.806	1.108	1.0	1.0
2	2	62	1.448	0.572	17.967	1.189	0.903	0.968
2	2	60	0.842	0.602	19.385	2.192	0.452	0.839
2	2	58	0.15	0.366	21.571	2.209	0.097	0.452
2	2	56	0.0	0.0	nan	nan	0.0	0.0
2	2	54	0.0	0.0	nan	nan	0.0	0.0
2	2	52	0.0	0.0	nan	nan	0.0	0.0
2	2	50	0.0	0.0	nan	nan	0.0	0.0
2	2	48	0.0	0.0	nan	nan	0.0	0.0
2	2	46	0.0	0.0	nan	nan	0.0	0.0
3	2	78	2.71	0.461	13.0	0.258	1.0	1.0
3	2	76	2.452	0.506	13.581	0.502	1.0	1.0
3	2	74	2.355	0.486	13.968	0.547	1.0	1.0
3	2	72	2.129	0.341	14.355	0.709	1.0	1.0
3	2	70	2.0	0.0	14.839	0.583	1.0	1.0
3	2	68	2.0	0.0	15.516	0.626	1.0	1.0
3	2	66	2.0	0.0	15.935	0.727	1.0	1.0
3	2	64	1.871	0.341	17.29	0.783	1.0	1.0
3	2	62	1.548	0.506	18.226	1.383	1.0	1.0
3	2	60	1.071	0.262	21.097	2.271	0.903	1.0
3	2	58	0.87	0.458	22.111	2.532	0.613	0.871
3	2	56	0.259	0.526	23.0	2.708	0.194	0.323
3	2	54	0.0	0.0	26.0	0.0	0.0	0.032
3	2	52	0.0	0.0	nan	nan	0.0	0.0
3	2	50	0.0	0.0	nan	nan	0.0	0.0
3	2	48	0.0	0.0	nan	nan	0.0	0.0
3	2	46	0.0	0.0	nan	nan	0.0	0.0
4	2	78	3.0	0.0	14.0	0.577	1.0	1.0
4	2	76	3.0	0.0	14.419	0.564	1.0	1.0
4	2	74	3.0	0.0	14.806	0.402	1.0	1.0
4	2	72	2.968	0.18	15.129	0.67	1.0	1.0
4	2	70	2.806	0.402	15.742	0.631	1.0	1.0
4	2	68	2.452	0.568	16.323	0.832	1.0	1.0
4	2	66	2.226	0.669	17.065	0.998	1.0	1.0
4	2	64	1.742	0.631	18.161	1.128	1.0	1.0
4	2	62	1.194	0.402	19.871	1.996	1.0	1.0
4	2	60	1.0	0.0	22.968	2.496	1.0	1.0
4	2	58	1.0	0.0	24.548	2.618	1.0	1.0
4	2	56	0.226	0.425	29.143	3.716	0.226	0.226
4	2	54	0.032	0.18	27.0	0.0	0.032	0.032
4	2	52	0.0	0.0	nan	nan	0.0	0.0
4	2	50	0.0	0.0	nan	nan	0.0	0.0
4	2	48	0.0	0.0	nan	nan	0.0	0.0
4	2	46	0.0	0.0	nan	nan	0.0	0.0
5	2	78	3.0	0.0	13.839	0.374	1.0	1.0
5	2	76	3.0	0.0	14.065	0.512	1.0	1.0
5	2	74	2.968	0.18	14.645	0.551	1.0	1.0
5	2	72	2.871	0.341	15.065	0.512	1.0	1.0
5	2	70	2.581	0.502	15.742	0.682	1.0	1.0
5	2	68	2.226	0.425	16.516	0.626	1.0	1.0
5	2	66	1.903	0.396	17.484	0.962	1.0	1.0
5	2	64	1.452	0.506	18.452	1.091	1.0	1.0
5	2	62	1.065	0.25	20.71	1.987	1.0	1.0
5	2	60	0.968	0.18	24.233	3.37	0.968	0.968
5	2	58	0.7	0.466	27.818	3.347	0.677	0.71
5	2	56	0.0	0.0	nan	nan	0.0	0.0
5	2	54	0.0	0.0	nan	nan	0.0	0.0
5	2	52	0.0	0.0	nan	nan	0.0	0.0
5	2	50	0.0	0.0	nan	nan	0.0	0.0
5	2	48	0.0	0.0	nan	nan	0.0	0.0
5	2	46	0.0	0.0	nan	nan	0.0	0.0
6	2	78	3.0	0.0	14.161	0.454	1.0	1.0
6	2	76	3.0	0.0	14.258	0.514	1.0	1.0
6	2	74	2.968	0.18	15.065	0.442	1.0	1.0
6	2	72	2.71	0.461	15.452	0.506	1.0	1.0
6	2	70	2.355	0.486	16.129	0.562	1.0	1.0
6	2	68	2.129	0.341	16.806	0.703	1.0	1.0
6	2	66	1.677	0.475	17.806	0.833	1.0	1.0
6	2	64	1.355	0.486	18.774	1.175	1.0	1.0
6	2	62	1.0	0.0	21.903	1.955	1.0	1.0
6	2	60	0.968	0.18	23.3	1.622	0.968	0.968
6	2	58	0.6	0.498	27.0	4.163	0.581	0.613
6	2	56	0.065	0.25	28.5	2.121	0.065	0.065
6	2	54	0.0	0.0	nan	nan	0.0	0.0
6	2	52	0.0	0.0	nan	nan	0.0	0.0
6	2	50	0.0	0.0	nan	nan	0.0	0.0
6	2	48	0.0	0.0	nan	nan	0.0	0.0
6	2	46	0.0	0.0	nan	nan	0.0	0.0
7	2	78	2.355	0.486	13.194	0.402	1.0	1.0
7	2	76	2.161	0.374	13.742	0.514	1.0	1.0
7	2	74	2.032	0.18	13.935	0.442	1.0	1.0
7	2	72	2.0	0.0	14.29	0.588	1.0	1.0
7	2	70	2.0	0.0	14.71	0.529	1.0	1.0
7	2	68	2.0	0.0	15.387	0.667	1.0	1.0
7	2	66	2.0	0.0	16.0	0.816	1.0	1.0
7	2	64	1.967	0.183	16.774	0.845	0.968	1.0
7	2	62	1.741	0.447	18.258	1.999	0.871	1.0
7	2	60	1.0	0.632	20.821	2.326	0.419	0.903
7	2	58	0.16	0.374	23.5	1.179	0.129	0.323
7	2	56	0.0	0.0	nan	nan	0.0	0.0
7	2	54	0.0	0.0	nan	nan	0.0	0.0
7	2	52	0.0	0.0	nan	nan	0.0	0.0
7	2	50	0.0	0.0	nan	nan	0.0	0.0
7	2	48	0.0	0.0	nan	nan	0.0	0.0
7	2	46	0.0	0.0	nan	nan	0.0	0.0
8	2	78	2.355	0.486	12.903	0.301	1.0	1.0
8	2	76	2.226	0.425	13.097	0.473	1.0	1.0
8	2	74	2.0	0.0	13.548	0.624	1.0	1.0
8	2	72	2.0	0.0	13.839	0.454	1.0	1.0
8	2	70	2.0	0.0	14.419	0.502	1.0	1.0
8	2	68	2.0	0.0	14.806	0.601	1.0	1.0
8	2	66	2.0	0.0	15.129	0.806	1.0	1.0
8	2	64	2.0	0.0	16.065	0.814	1.0	1.0
8	2	62	1.793	0.412	17.645	1.976	0.935	1.0
8	2	60	1.476	0.75	18.357	1.789	0.581	0.903
8	2	58	0.375	0.5	20.905	2.406	0.194	0.677
8	2	56	0.036	0.189	21.75	2.754	0.032	0.129
8	2	54	0.0	0.0	nan	nan	0.0	0.0
8	2	52	0.0	0.0	nan	nan	0.0	0.0
8	2	50	0.0	0.0	nan	nan	0.0	0.0
8	2	48	0.0	0.0	nan	nan	0.0	0.0
8	2	46	0.0	0.0	nan	nan	0.0	0.0
9	2	78	3.29	0.461	15.0	0.577	1.0	1.0
9	2	76	3.032	0.18	15.0	0.577	1.0	1.0
9	2	74	3.0	0.0	15.484	0.626	1.0	1.0
9	2	72	2.806	0.402	16.194	0.654	1.0	1.0
9	2	70	2.613	0.558	16.71	0.864	1.0	1.0
9	2	68	2.387	0.615	17.323	0.791	1.0	1.0
9	2	66	1.871	0.763	18.032	1.048	1.0	1.0
9	2	64	1.419	0.564	19.387	1.542	1.0	1.0
9	2	62	1.133	0.434	19.9	1.561	0.935	0.968
9	2	60	0.867	0.434	21.5	2.121	0.806	0.839
9	2	58	0.367	0.49	24.083	3.37	0.355	0.387
9	2	56	0.065	0.25	26.5	0.707	0.065	0.065
9	2	54	0.065	0.25	27.5	4.95	0.065	0.065
9	2	52	0.0	0.0	nan	nan	0.0	0.0
9	2	50	0.0	0.0	nan	nan	0.0	0.0
9	2	48	0.0	0.0	nan	nan	0.0	0.0
9	2	46	0.0	0.0	nan	nan	0.0	0.0
10	2	78	3.0	0.0	14.484	0.57	1.0	1.0
10	2	76	2.935	0.25	15.0	0.516	1.0	1.0
10	2	74	2.903	0.301	15.323	0.653	1.0	1.0
10	2	72	2.516	0.508	16.161	0.735	1.0	1.0
10	2	70	2.516	0.508	16.613	0.882	1.0	1.0
10	2	68	1.935	0.359	17.097	0.87	1.0	1.0
10	2	66	1.742	0.514	18.065	1.181	1.0	1.0
10	2	64	1.387	0.495	18.871	1.586	1.0	1.0
10	2	62	1.0	0.447	20.964	1.972	0.903	0.903
10	2	60	0.654	0.485	22.727	2.028	0.548	0.71
10	2	58	0.571	0.504	23.474	2.836	0.516	0.613
10	2	56	0.0	0.0	nan	nan	0.0	0.0
10	2	54	0.0	0.0	nan	nan	0.0	0.0
10	2	52	0.0	0.0	nan	nan	0.0	0.0
10	2	50	0.0	0.0	nan	nan	0.0	0.0
10	2	48	0.0	0.0	nan	nan	0.0	0.0
10	2	46	0.0	0.0	nan	nan	0.0	0.0
11	2	78	2.065	0.25	13.258	0.445	1.0	1.0
11	2	76	2.0	0.0	13.419	0.502	1.0	1.0
11	2	74	2.0	0.0	13.903	0.473	1.0	1.0
11	2	72	2.0	0.0	14.032	0.407	1.0	1.0
11	2	70	2.0	0.0	14.71	0.588	1.0	1.0
11	2	68	2.0	0.0	15.355	0.551	1.0	1.0
11	2	66	2.0	0.0	15.871	0.763	1.0	1.0
11	2	64	1.903	0.301	16.581	0.72	1.0	1.0
11	2	62	1.679	0.476	17.258	1.264	0.903	1.0
11	2	60	1.167	0.383	20.065	2.205	0.581	1.0
11	2	58	0.45	0.605	21.421	2.479	0.258	0.613
11	2	56	0.0	0.0	25.5	0.707	0.0	0.065
11	2	54	0.0	0.0	nan	nan	0.0	0.0
11	2	52	0.0	0.0	nan	nan	0.0	0.0
11	2	50	0.0	0.0	nan	nan	0.0	0.0
11	2	48	0.0	0.0	nan	nan	0.0	0.0
11	2	46	0.0	0.0	nan	nan	0.0	0.0
12	2	78	3.0	0.0	14.871	0.562	1.0	1.0
12	2	76	3.0	0.0	15.226	0.56	1.0	1.0
12	2	74	3.0	0.0	15.935	0.68	1.0	1.0
12	2	72	3.0	0.0	16.0	0.577	1.0	1.0
12	2	70	2.903	0.301	16.839	0.735	1.0	1.0
12	2	68	2.548	0.624	17.548	0.81	1.0	1.0
12	2	66	2.065	0.727	18.839	1.293	1.0	1.0
12	2	64	1.355	0.608	19.806	1.327	1.0	1.0
12	2	62	1.129	0.428	22.032	1.906	1.0	1.0
12	2	60	0.968	0.18	23.967	2.71	0.968	0.968
12	2	58	0.871	0.341	26.815	3.211	0.871	0.871
12	2	56	0.172	0.384	30.143	4.634	0.161	0.226
12	2	54	0.0	0.0	nan	nan	0.0	0.0
12	2	52	0.0	0.0	nan	nan	0.0	0.0
12	2	50	0.0	0.0	nan	nan	0.0	0.0
12	2	48	0.0	0.0	nan	nan	0.0	0.0
12	2	46	0.0	0.0	nan	nan	0.0	0.0
13	2	78	3.032	0.18	13.0	0.365	1.0	1.0
13	2	76	3.0	0.0	13.226	0.497	1.0	1.0
13	2	74	2.968	0.18	13.71	0.529	1.0	1.0
13	2	72	2.71	0.461	14.097	0.539	1.0	1.0
13	2	70	2.29	0.461	14.677	0.599	1.0	1.0
13	2	68	2.129	0.341	15.065	0.68	1.0	1.0
13	2	66	2.0	0.258	15.871	0.991	1.0	1.0
13	2	64	1.903	0.301	16.645	0.985	1.0	1.0
13	2	62	1.742	0.445	17.258	0.999	1.0	1.0
13	2	60	1.379	0.494	19.484	2.234	0.935	1.0
13	2	58	0.8	0.707	21.545	2.956	0.516	0.71
13	2	56	0.286	0.46	23.364	3.171	0.258	0.355
13	2	54	0.0	0.0	nan	nan	0.0	0.0
13	2	52	0.0	0.0	nan	nan	0.0	0.0
13	2	50	0.0	0.0	nan	nan	0.0	0.0
13	2	48	0.0	0.0	nan	nan	0.0	0.0
13	2	46	0.0	0.0	nan	nan	0.0	0.0
14	2	78	2.0	0.0	12.903	0.396	1.0	1.0
14	2	76	2.0	0.0	13.065	0.359	1.0	1.0
14	2	74	2.0	0.0	13.387	0.495	1.0	1.0
14	2	72	2.0	0.0	13.613	0.495	1.0	1.0
14	2	70	2.0	0.0	13.935	0.512	1.0	1.0
14	2	68	2.0	0.0	14.742	0.514	1.0	1.0
14	2	66	2.0	0.0	15.0	0.365	1.0	1.0
14	2	64	1.871	0.341	15.968	0.836	1.0	1.0
14	2	62	1.571	0.504	16.452	1.121	0.903	1.0
14	2	60	0.95	0.605	18.741	2.654	0.516	0.871
14	2	58	0.444	0.511	19.238	2.364	0.258	0.677
14	2	56	0.0	0.0	nan	nan	0.0	0.0
14	2	54	0.0	0.0	19.0	0.0	0.0	0.032
14	2	52	0.0	0.0	nan	nan	0.0	0.0
14	2	50	0.0	0.0	nan	nan	0.0	0.0
14	2	48	0.0	0.0	nan	nan	0.0	0.0
14	2	46	0.0	0.0	nan	nan	0.0	0.0
15	2	78	3.0	0.0	14.581	0.502	1.0	1.0
15	2	76	3.0	0.0	15.161	0.454	1.0	1.0
15	2	74	2.968	0.18	15.516	0.677	1.0	1.0
15	2	72	2.935	0.25	16.065	0.629	1.0	1.0
15	2	70	2.871	0.341	16.452	0.723	1.0	1.0
15	2	68	2.194	0.703	17.742	0.855	1.0	1.0
15	2	66	1.29	0.461	19.0	1.291	1.0	1.0
15	2	64	1.065	0.25	20.645	1.78	1.0	1.0
15	2	62	0.968	0.18	22.867	1.961	0.968	0.968
15	2	60	1.0	0.0	24.677	2.135	1.0	1.0
15	2	58	0.613	0.495	27.316	2.311	0.613	0.613
15	2	56	0.0	0.0	nan	nan	0.0	0.0
15	2	54	0.0	0.0	nan	nan	0.0	0.0
15	2	52	0.0	0.0	nan	nan	0.0	0.0
15	2	50	0.0	0.0	nan	nan	0.0	0.0
15	2	48	0.0	0.0	nan	nan	0.0	0.0
15	2	46	0.0	0.0	nan	nan	0.0	0.0
16	2	78	3.0	0.0	14.613	0.495	1.0	1.0
16	2	76	3.0	0.0	15.032	0.482	1.0	1.0
16	2	74	3.0	0.0	15.516	0.508	1.0	1.0
16	2	72	3.0	0.0	16.258	0.631	1.0	1.0
16	2	70	2.968	0.18	16.871	0.763	1.0	1.0
16	2	68	2.613	0.615	17.71	1.071	1.0	1.0
16	2	66	1.871	0.806	18.613	1.358	1.0	1.0
16	2	64	1.613	0.715	20.387	2.201	1.0	1.0
16	2	62	1.065	0.25	22.774	2.276	1.0	1.0
16	2	60	1.0	0.258	25.033	2.327	0.968	0.968
16	2	58	0.536	0.508	29.667	4.044	0.484	0.581
16	2	56	0.0	0.0	nan	nan	0.0	0.0
16	2	54	0.0	0.0	nan	nan	0.0	0.0
16	2	52	0.0	0.0	nan	nan	0.0	0.0
16	2	50	0.0	0.0	nan	nan	0.0	0.0
16	2	48	0.0	0.0	nan	nan	0.0	0.0
16	2	46	0.0	0.0	nan	nan	0.0	0.0
17	2	78	3.0	0.0	13.355	0.486	1.0	1.0
17	2	76	3.0	0.0	13.677	0.475	1.0	1.0
17	2	74	3.0	0.0	14.194	0.654	1.0	1.0
17	2	72	2.968	0.18	14.71	0.588	1.0	1.0
17	2	70	2.968	0.18	15.032	0.482	1.0	1.0
17	2	68	2.806	0.402	15.581	0.72	1.0	1.0
17	2	66	2.452	0.506	16.387	0.955	1.0	1.0
17	2	64	2.032	0.407	17.129	0.922	1.0	1.0
17	2	62	1.29	0.461	19.581	2.203	1.0	1.0
17	2	60	1.067	0.365	21.933	3.352	0.935	0.968
17	2	58	0.9	0.305	24.5	3.717	0.871	0.903
17	2	56	0.161	0.374	25.2	3.962	0.161	0.161
17	2	54	0.0	0.0	nan	nan	0.0	0.0
17	2	52	0.0	0.0	nan	nan	0.0	0.0
17	2	50	0.0	0.0	nan	nan	0.0	0.0
17	2	48	0.0	0.0	nan	nan	0.0	0.0
17	2	46	0.0	0.0	nan	nan	0.0	0.0
18	2	78	2.935	0.25	13.032	0.407	1.0	1.0
18	2	76	2.839	0.374	13.387	0.615	1.0	1.0
18	2	74	2.581	0.502	13.806	0.402	1.0	1.0
18	2	72	2.226	0.425	14.516	0.57	1.0	1.0
18	2	70	2.129	0.341	14.806	0.873	1.0	1.0
18	2	68	2.032	0.18	15.516	0.677	1.0	1.0
18	2	66	2.0	0.0	16.129	0.806	1.0	1.0
18	2	64	1.774	0.497	17.2	0.997	0.968	0.968
18	2	62	1.258	0.445	19.871	3.063	1.0	1.0
18	2	60	0.968	0.18	20.533	1.925	0.968	0.968
18	2	58	0.75	0.532	22.375	2.795	0.548	0.774
18	2	56	0.143	0.356	24.429	0.787	0.129	0.226
18	2	54	0.0	0.0	nan	nan	0.0	0.0
18	2	52	0.0	0.0	nan	nan	0.0	0.0
18	2	50	0.0	0.0	nan	nan	0.0	0.0
18	2	48	0.0	0.0	nan	nan	0.0	0.0
18	2	46	0.0	0.0	nan	nan	0.0	0.0
19	2	78	3.0	0.0	13.871	0.428	1.0	1.0
19	2	76	3.0	0.0	14.161	0.454	1.0	1.0
19	2	74	3.0	0.0	14.742	0.682	1.0	1.0
19	2	72	2.968	0.18	15.419	0.72	1.0	1.0
19	2	70	2.742	0.445	16.194	1.25	1.0	1.0
19	2	68	2.258	0.631	16.935	1.315	1.0	1.0
19	2	66	1.774	0.56	18.129	1.231	1.0	1.0
19	2	64	1.226	0.425	18.968	1.224	1.0	1.0
19	2	62	1.0	0.0	22.581	2.668	1.0	1.0
19	2	60	0.871	0.341	24.741	2.427	0.871	0.871
19	2	58	0.194	0.402	29.333	3.559	0.194	0.194
19	2	56	0.0	0.0	nan	nan	0.0	0.0
19	2	54	0.0	0.0	nan	nan	0.0	0.0
19	2	52	0.0	0.0	nan	nan	0.0	0.0
19	2	50	0.0	0.0	nan	nan	0.0	0.0
19	2	48	0.0	0.0	nan	nan	0.0	0.0
19	2	46	0.0	0.0	nan	nan	0.0	0.0
20	2	78	2.548	0.506	13.516	0.508	1.0	1.0
20	2	76	2.323	0.475	13.871	0.562	1.0	1.0
20	2	74	2.065	0.25	14.452	0.506	1.0	1.0
20	2	72	2.032	0.18	15.065	0.512	1.0	1.0
20	2	70	2.0	0.0	15.516	0.677	1.0	1.0
20	2	68	1.935	0.25	16.677	0.832	1.0	1.0
20	2	66	1.839	0.374	17.323	1.045	1.0	1.0
20	2	64	1.484	0.508	18.581	1.177	1.0	1.0
20	2	62	1.033	0.183	21.323	2.227	0.968	1.0
20	2	60	0.931	0.258	22.31	1.984	0.871	0.935
20	2	58	0.321	0.476	25.25	1.712	0.29	0.387
20	2	56	0.0	0.0	nan	nan	0.0	0.0
20	2	54	0.0	0.0	nan	nan	0.0	0.0
20	2	52	0.0	0.0	nan	nan	0.0	0.0
20	2	50	0.0	0.0	nan	nan	0.0	0.0
20	2	48	0.0	0.0	nan	nan	0.0	0.0
20	2	46	0.0	0.0	nan	nan	0.0	0.0
21	2	78	2.968	0.18	13.774	0.497	1.0	1.0
21	2	76	2.935	0.25	14.129	0.718	1.0	1.0
21	2	74	2.516	0.508	14.484	0.724	1.0	1.0
21	2	72	2.355	0.486	15.032	0.547	1.0	1.0
21	2	70	2.161	0.374	15.452	0.568	1.0	1.0
21	2	68	2.097	0.301	15.871	0.67	1.0	1.0
21	2	66	1.968	0.315	16.839	0.898	1.0	1.0
21	2	64	1.71	0.461	17.613	1.202	1.0	1.0
21	2	62	1.355	0.486	18.935	1.504	1.0	1.0
21	2	60	1.071	0.378	21.067	2.406	0.871	0.968
21	2	58	0.462	0.508	22.412	2.32	0.387	0.548
21	2	56	0.103	0.31	22.6	2.074	0.097	0.161
21	2	54	0.0	0.0	nan	nan	0.0	0.0
21	2	52	0.0	0.0	nan	nan	0.0	0.0
21	2	50	0.0	0.0	nan	nan	0.0	0.0
21	2	48	0.0	0.0	nan	nan	0.0	0.0
21	2	46	0.0	0.0	nan	nan	0.0	0.0
22	2	78	2.29	0.461	13.419	0.502	1.0	1.0
22	2	76	2.129	0.341	13.581	0.564	1.0	1.0
22	2	74	2.032	0.18	14.097	0.473	1.0	1.0
22	2	72	2.0	0.0	14.548	0.568	1.0	1.0
22	2	70	2.0	0.0	14.871	0.619	1.0	1.0
22	2	68	2.0	0.0	15.613	0.989	0.968	1.0
22	2	66	2.0	0.0	16.129	0.763	1.0	1.0
22	2	64	1.871	0.341	16.968	0.983	1.0	1.0
22	2	62	1.704	0.465	18.29	1.829	0.871	1.0
22	2	60	1.294	0.47	19.903	2.006	0.548	1.0
22	2	58	0.778	0.548	20.846	1.804	0.419	0.839
22	2	56	0.067	0.254	21.333	0.577	0.065	0.097
22	2	54	0.065	0.25	22.5	2.121	0.065	0.065
22	2	52	0.0	0.0	nan	nan	0.0	0.0
22	2	50	0.0	0.0	nan	nan	0.0	0.0
22	2	48	0.0	0.0	nan	nan	0.0	0.0
22	2	46	0.0	0.0	nan	nan	0.0	0.0
23	2	78	3.065	0.25	13.419	0.502	1.0	1.0
23	2	76	3.0	0.258	13.871	0.499	1.0	1.0
23	2	74	2.871	0.341	14.032	0.547	1.0	1.0
23	2	72	2.581	0.502	14.484	0.626	1.0	1.0
23	2	70	2.387	0.495	14.774	0.497	1.0	1.0
23	2	68	2.194	0.402	15.871	0.718	1.0	1.0
23	2	66	2.065	0.25	16.129	0.846	1.0	1.0
23	2	64	2.0	0.263	17.29	1.346	0.968	1.0
23	2	62	1.387	0.495	18.516	1.387	1.0	1.0
23	2	60	1.286	0.535	19.633	2.141	0.871	0.968
23	2	58	0.708	0.55	22.217	2.11	0.516	0.742
23	2	56	0.172	0.384	23.143	2.035	0.161	0.226
23	2	54	0.033	0.183	24.0	2.828	0.032	0.065
23	2	52	0.0	0.0	nan	nan	0.0	0.0
23	2	50	0.0	0.0	nan	nan	0.0	0.0
23	2	48	0.0	0.0	nan	nan	0.0	0.0
23	2	46	0.0	0.0	nan	nan	0.0	0.0
24	2	78	2.032	0.18	13.419	0.502	1.0	1.0
24	2	76	2.065	0.25	13.677	0.475	1.0	1.0
24	2	74	2.0	0.0	14.097	0.396	1.0	1.0
24	2	72	2.0	0.0	14.452	0.624	1.0	1.0
24	2	70	2.0	0.0	14.871	0.562	1.0	1.0
24	2	68	1.968	0.18	15.387	0.803	1.0	1.0
24	2	66	1.903	0.301	15.839	0.638	1.0	1.0
24	2	64	1.867	0.346	16.774	0.956	0.968	1.0
24	2	62	1.565	0.59	17.967	1.326	0.71	0.968
24	2	60	1.0	0.667	18.296	1.265	0.484	0.871
24	2	58	0.118	0.332	20.875	2.094	0.065	0.516
24	2	56	0.0	0.0	21.0	0.0	0.0	0.032
24	2	54	0.0	0.0	nan	nan	0.0	0.0
24	2	52	0.0	0.0	nan	nan	0.0	0.0
24	2	50	0.0	0.0	nan	nan	0.0	0.0
24	2	48	0.0	0.0	nan	nan	0.0	0.0
24	2	46	0.0	0.0	nan	nan	0.0	0.0
25	2	78	3.0	0.0	13.581	0.502	1.0	1.0
25	2	76	2.839	0.374	13.871	0.341	1.0	1.0
25	2	74	2.613	0.495	14.065	0.512	1.0	1.0
25	2	72	2.484	0.508	14.484	0.508	1.0	1.0
25	2	70	2.226	0.425	15.194	0.601	1.0	1.0
25	2	68	2.097	0.301	15.871	0.67	1.0	1.0
25	2	66	2.065	0.25	16.29	0.824	1.0	1.0
25	2	64	1.871	0.341	17.161	0.82	1.0	1.0
25	2	62	1.548	0.506	18.71	1.697	1.0	1.0
25	2	60	1.214	0.499	19.667	1.788	0.871	0.968
25	2	58	0.808	0.491	23.0	2.566	0.645	0.806
25	2	56	0.133	0.346	23.2	1.789	0.129	0.161
25	2	54	0.032	0.18	23.0	0.0	0.032	0.032
25	2	52	0.0	0.0	nan	nan	0.0	0.0
25	2	50	0.0	0.0	nan	nan	0.0	0.0
25	2	48	0.0	0.0	nan	nan	0.0	0.0
25	2	46	0.0	0.0	nan	nan	0.0	0.0
26	2	78	3.226	0.425	16.387	0.615	1.0	1.0
26	2	76	3.032	0.18	16.839	0.523	1.0	1.0
26	2	74	3.0	0.258	17.29	0.588	1.0	1.0
26	2	72	2.613	0.495	18.0	0.683	1.0	1.0
26	2	70	2.226	0.425	18.742	0.773	1.0	1.0
26	2	68	2.0	0.0	20.258	1.29	1.0	1.0
26	2	66	2.0	0.0	21.065	1.34	1.0	1.0
26	2	64	1.806	0.402	22.645	1.427	1.0	1.0
26	2	62	1.387	0.495	25.581	2.013	1.0	1.0
26	2	60	0.933	0.521	28.462	3.127	0.806	0.839
26	2	58	0.407	0.572	32.5	2.794	0.323	0.452
26	2	56	0.033	0.183	35.5	3.536	0.032	0.065
26	2	54	0.0	0.0	nan	nan	0.0	0.0
26	2	52	0.0	0.0	nan	nan	0.0	0.0
26	2	50	0.0	0.0	nan	nan	0.0	0.0
26	2	48	0.0	0.0	nan	nan	0.0	0.0
26	2	46	0.0	0.0	nan	nan	0.0	0.0
27	2	78	2.935	0.25	13.871	0.499	1.0	1.0
27	2	76	2.806	0.402	14.097	0.301	1.0	1.0
27	2	74	2.581	0.502	14.581	0.502	1.0	1.0
27	2	72	2.226	0.425	14.839	0.583	1.0	1.0
27	2	70	2.032	0.18	15.387	0.615	1.0	1.0
27	2	68	2.032	0.18	15.968	0.706	1.0	1.0
27	2	66	1.968	0.18	16.806	1.046	1.0	1.0
27	2	64	1.742	0.445	17.419	0.992	1.0	1.0
27	2	62	1.355	0.486	18.613	0.989	1.0	1.0
27	2	60	0.962	0.344	20.724	2.297	0.774	0.935
27	2	58	0.667	0.482	22.13	1.714	0.516	0.742
27	2	56	0.214	0.418	24.444	2.007	0.194	0.29
27	2	54	0.0	0.0	nan	nan	0.0	0.0
27	2	52	0.0	0.0	nan	nan	0.0	0.0
27	2	50	0.0	0.0	nan	nan	0.0	0.0
27	2	48	0.0	0.0	nan	nan	0.0	0.0
27	2	46	0.0	0.0	nan	nan	0.0	0.0
28	2	78	2.968	0.18	14.032	0.407	1.0	1.0
28	2	76	2.871	0.341	14.323	0.475	1.0	1.0
28	2	74	2.71	0.461	15.0	0.447	1.0	1.0
28	2	72	2.419	0.502	15.355	0.661	1.0	1.0
28	2	70	2.226	0.425	15.774	0.669	1.0	1.0
28	2	68	2.032	0.18	16.484	0.724	1.0	1.0
28	2	66	1.935	0.25	17.065	0.854	1.0	1.0
28	2	64	1.677	0.475	17.968	1.426	1.0	1.0
28	2	62	1.036	0.429	20.138	2.475	0.839	0.935
28	2	60	1.0	0.392	21.448	1.882	0.806	0.935
28	2	58	0.31	0.471	23.636	4.342	0.29	0.355
28	2	56	0.069	0.258	22.0	2.944	0.065	0.129
28	2	54	0.0	0.0	nan	nan	0.0	0.0
28	2	52	0.0	0.0	nan	nan	0.0	0.0
28	2	50	0.0	0.0	nan	nan	0.0	0.0
28	2	48	0.0	0.0	nan	nan	0.0	0.0
28	2	46	0.0	0.0	nan	nan	0.0	0.0
29	2	78	3.032	0.18	13.29	0.461	1.0	1.0
29	2	76	3.0	0.0	13.677	0.475	1.0	1.0
29	2	74	3.0	0.0	14.226	0.425	1.0	1.0
29	2	72	3.0	0.0	14.613	0.558	1.0	1.0
29	2	70	2.935	0.25	15.226	0.56	1.0	1.0
29	2	68	2.71	0.461	15.806	0.543	1.0	1.0
29	2	66	2.29	0.461	16.645	0.608	1.0	1.0
29	2	64	2.032	0.605	17.387	1.116	1.0	1.0
29	2	62	1.29	0.461	19.29	1.901	1.0	1.0
29	2	60	1.032	0.18	21.677	2.056	1.0	1.0
29	2	58	1.0	0.258	23.133	1.961	0.968	0.968
29	2	56	0.667	0.479	26.286	2.369	0.645	0.677
29	2	54	0.097	0.301	32.0	1.732	0.097	0.097
29	2	52	0.0	0.0	nan	nan	0.0	0.0
29	2	50	0.0	0.0	nan	nan	0.0	0.0
29	2	48	0.0	0.0	nan	nan	0.0	0.0
29	2	46	0.0	0.0	nan	nan	0.0	0.0
30	2	78	3.0	0.0	13.065	0.359	1.0	1.0
30	2	76	3.0	0.0	13.452	0.506	1.0	1.0
30	2	74	3.0	0.0	13.935	0.442	1.0	1.0
30	2	72	2.871	0.341	14.419	0.62	1.0	1.0
30	2	70	2.581	0.502	14.806	0.543	1.0	1.0
30	2	68	2.323	0.475	15.258	0.575	1.0	1.0
30	2	66	2.032	0.18	16.323	0.748	1.0	1.0
30	2	64	1.935	0.25	17.516	1.151	1.0	1.0
30	2	62	1.355	0.486	19.097	1.66	1.0	1.0
30	2	60	1.065	0.359	21.4	2.268	0.968	0.968
30	2	58	0.862	0.351	24.741	3.859	0.806	0.871
30	2	56	0.032	0.18	32.0	0.0	0.032	0.032
30	2	54	0.0	0.0	nan	nan	0.0	0.0
30	2	52	0.0	0.0	nan	nan	0.0	0.0
30	2	50	0.0	0.0	nan	nan	0.0	0.0
30	2	48	0.0	0.0	nan	nan	0.0	0.0
30	2	46	0.0	0.0	nan	nan	0.0	0.0
31	2	78	2.742	0.445	11.935	0.25	1.0	1.0
31	2	76	2.258	0.445	12.452	0.506	1.0	1.0
31	2	74	2.097	0.301	12.516	0.508	1.0	1.0
31	2	72	2.0	0.0	13.097	0.597	1.0	1.0
31	2	70	2.0	0.0	13.452	0.624	1.0	1.0
31	2	68	2.0	0.0	13.839	0.583	1.0	1.0
31	2	66	2.0	0.0	14.516	0.508	1.0	1.0
31	2	64	1.935	0.359	15.1	0.712	0.968	0.968
31	2	62	1.967	0.183	15.871	0.885	0.968	1.0
31	2	60	1.333	0.577	17.533	1.852	0.645	0.968
31	2	58	0.632	0.597	19.043	2.033	0.355	0.742
31	2	56	0.0	0.0	20.333	1.528	0.0	0.097
31	2	54	0.0	0.0	nan	nan	0.0	0.0
31	2	52	0.0	0.0	nan	nan	0.0	0.0
31	2	50	0.0	0.0	nan	nan	0.0	0.0
31	2	48	0.0	0.0	nan	nan	0.0	0.0
31	2	46	0.0	0.0	nan	nan	0.0	0.0
0	3	78	3.0	0.0	13.774	0.425	1.0	1.0
0	3	76	3.0	0.0	14.194	0.703	1.0	1.0
0	3	74	3.0	0.0	14.355	0.486	1.0	1.0
0	3	72	3.0	0.0	14.839	0.454	1.0	1.0
0	3	70	2.935	0.25	15.419	0.62	1.0	1.0
0	3	68	2.903	0.301	15.903	0.7	1.0	1.0
0	3	66	2.71	0.461	16.613	0.803	1.0	1.0
0	3	64	2.29	0.643	17.226	0.92	1.0	1.0
0	3	62	1.581	0.72	18.613	1.145	1.0	1.0
0	3	60	1.032	0.18	21.516	2.08	1.0	1.0
0	3	58	0.8	0.407	24.84	3.009	0.774	0.806
0	3	56	0.226	0.425	27.0	3.055	0.226	0.226
0	3	54	0.0	0.0	nan	nan	0.0	0.0
0	3	52	0.0	0.0	nan	nan	0.0	0.0
0	3	50	0.0	0.0	nan	nan	0.0	0.0
0	3	48	0.0	0.0	nan	nan	0.0	0.0
0	3	46	0.0	0.0	nan	nan	0.0	0.0
1	3	78	2.903	0.301	13.677	0.475	1.0	1.0
1	3	76	2.71	0.461	14.0	0.516	1.0	1.0
1	3	74	2.645	0.486	14.258	0.445	1.0	1.0
1	3	72	2.355	0.486	14.581	0.564	1.0	1.0
1	3	70	2.129	0.341	15.323	0.748	1.0	1.0
1	3	68	2.032	0.18	15.839	0.779	1.0	1.0
1	3	66	2.0	0.0	16.258	0.773	1.0	1.0
1	3	64	1.903	0.301	17.032	0.875	1.0	1.0
1	3	62	1.8	0.407	17.742	1.154	0.968	1.0
1	3	60	1.172	0.384	19.452	1.567	0.935	1.0
1	3	58	0.609	0.499	22.0	2.116	0.452	0.71
1	3	56	0.148	0.362	23.0	2.673	0.129	0.258
1	3	54	0.033	0.183	24.5	2.121	0.032	0.065
1	3	52	0.0	0.0	nan	nan	0.0	0.0
1	3	50	0.0	0.0	nan	nan	0.0	0.0
1	3	48	0.0	0.0	nan	nan	0.0	0.0
1	3	46	0.0	0.0	nan	nan	0.0	0.0
2	3	78	2.226	0.425	12.71	0.461	1.0	1.0
2	3	76	2.032	0.18	12.806	0.402	1.0	1.0
2	3	74	2.032	0.18	13.194	0.402	1.0	1.0
2	3	72	2.0	0.0	13.419	0.564	1.0	1.0
2	3	70	2.0	0.0	13.806	0.601	1.0	1.0
2	3	68	2.0	0.0	14.194	0.601	1.0	1.0
2	3	66	2.0	0.0	14.774	0.425	1.0	1.0
2	3	64	2.0	0.0	15.387	0.615	1.0	1.0
2	3	62	1.839	0.374	16.323	0.832	1.0	1.0
2	3	60	1.16	0.624	17.786	1.75	0.71	0.903
2	3	58	0.923	0.641	19.107	1.812	0.323	0.903
2	3	56	0.038	0.196	21.833	2.927	0.032	0.194
2	3	54	0.0	0.0	nan	nan	0.0	0.0
2	3	52	0.0	0.0	nan	nan	0.0	0.0
2	3	50	0.0	0.0	nan	nan	0.0	0.0
2	3	48	0.0	0.0	nan	nan	0.0	0.0
2	3	46	0.0	0.0	nan	nan	0.0	0.0
3	3	78	3.0	0.0	13.29	0.461	1.0	1.0
3	3	76	2.968	0.18	13.677	0.475	1.0	1.0
3	3	74	2.71	0.461	14.129	0.341	1.0	1.0
3	3	72	2.452	0.506	14.29	0.461	1.0	1.0
3	3	70	2.161	0.374	14.871	0.499	1.0	1.0
3	3	68	2.032	0.18	15.516	0.851	1.0	1.0
3	3	66	2.032	0.18	15.839	0.638	1.0	1.0
3	3	64	1.968	0.18	16.548	0.81	1.0	1.0
3	3	62	1.613	0.558	17.933	1.23	0.968	0.968
3	3	60	1.419	0.564	19.033	1.79	0.968	0.968
3	3	58	0.846	0.543	20.88	2.108	0.645	0.806
3	3	56	0.069	0.258	23.5	2.646	0.065	0.129
3	3	54	0.032	0.18	21.0	0.0	0.032	0.032
3	3	52	0.0	0.0	nan	nan	0.0	0.0
3	3	50	0.0	0.0	nan	nan	0.0	0.0
3	3	48	0.0	0.0	nan	nan	0.0	0.0
3	3	46	0.0	0.0	nan	nan	0.0	0.0
4	3	78	2.581	0.502	12.903	0.396	1.0	1.0
4	3	76	2.452	0.506	13.129	0.341	1.0	1.0
4	3	74	2.226	0.425	13.484	0.508	1.0	1.0
4	3	72	2.032	0.18	14.097	0.301	1.0	1.0
4	3	70	2.0	0.0	14.452	0.624	1.0	1.0
4	3	68	2.0	0.0	15.065	0.68	1.0	1.0
4	3	66	2.0	0.0	15.581	0.672	1.0	1.0
4	3	64	2.0	0.0	16.161	0.86	1.0	1.0
4	3	62	1.903	0.301	17.0	0.73	1.0	1.0
4	3	60	1.5	0.509	18.419	1.455	0.968	1.0
4	3	58	1.125	0.68	20.037	2.227	0.645	0.871
4	3	56	0.185	0.396	21.556	2.186	0.161	0.29
4	3	54	0.0	0.0	nan	nan	0.0	0.0
4	3	52	0.0	0.0	nan	nan	0.0	0.0
4	3	50	0.0	0.0	nan	nan	0.0	0.0
4	3	48	0.0	0.0	nan	nan	0.0	0.0
4	3	46	0.0	0.0	nan	nan	0.0	0.0
5	3	78	2.0	0.0	12.29	0.461	1.0	1.0
5	3	76	2.0	0.0	12.839	0.374	1.0	1.0
5	3	74	2.0	0.0	13.129	0.499	1.0	1.0
5	3	72	1.968	0.18	13.516	0.508	1.0	1.0
5	3	70	1.935	0.25	13.839	0.583	1.0	1.0
5	3	68	1.613	0.495	14.419	0.564	1.0	1.0
5	3	66	1.355	0.486	14.774	0.669	1.0	1.0
5	3	64	1.097	0.301	15.677	0.748	1.0	1.0
5	3	62	0.968	0.18	16.367	0.765	0.968	0.968
5	3	60	0.75	0.441	17.5	1.615	0.677	0.774
5	3	58	0.19	0.402	18.643	1.151	0.129	0.452
5	3	56	0.0	0.0	nan	nan	0.0	0.0
5	3	54	0.0	0.0	nan	nan	0.0	0.0
5	3	52	0.0	0.0	nan	nan	0.0	0.0
5	3	50	0.0	0.0	nan	nan	0.0	0.0
5	3	48	0.0	0.0	nan	nan	0.0	0.0
5	3	46	0.0	0.0	nan	nan	0.0	0.0
6	3	78	3.129	0.341	14.774	0.497	1.0	1.0
6	3	76	3.0	0.0	15.387	0.495	1.0	1.0
6	3	74	3.0	0.0	15.677	0.653	1.0	1.0
6	3	72	3.0	0.0	16.129	0.67	1.0	1.0
6	3	70	2.871	0.341	16.806	0.749	1.0	1.0
6	3	68	2.452	0.624	17.548	0.81	1.0	1.0
6	3	66	2.0	0.73	18.452	0.995	1.0	1.0
6	3	64	1.323	0.541	19.645	1.496	1.0	1.0
6	3	62	1.097	0.396	21.484	1.691	1.0	1.0
6	3	60	1.0	0.0	24.129	3.403	0.968	1.0
6	3	58	0.903	0.301	25.393	1.892	0.903	0.903
6	3	56	0.161	0.374	25.6	2.074	0.161	0.161
6	3	54	0.032	0.18	30.0	0.0	0.032	0.032
6	3	52	0.0	0.0	nan	nan	0.0	0.0
6	3	50	0.0	0.0	nan	nan	0.0	0.0
6	3	48	0.0	0.0	nan	nan	0.0	0.0
6	3	46	0.0	0.0	nan	nan	0.0	0.0
7	3	78	3.0	0.0	13.387	0.495	1.0	1.0
7	3	76	3.0	0.0	13.613	0.495	1.0	1.0
7	3	74	3.0	0.0	14.161	0.454	1.0	1.0
7	3	72	2.774	0.425	14.581	0.564	1.0	1.0
7	3	70	2.548	0.506	15.161	0.583	1.0	1.0
7	3	68	2.258	0.445	15.806	0.477	1.0	1.0
7	3	66	2.129	0.341	16.097	0.746	1.0	1.0
7	3	64	1.774	0.425	17.258	0.855	1.0	1.0
7	3	62	1.433	0.504	18.774	1.431	0.968	1.0
7	3	60	1.097	0.473	20.414	1.937	0.935	0.935
7	3	58	0.778	0.506	21.958	2.177	0.645	0.774
7	3	56	0.241	0.435	24.0	2.179	0.226	0.29
7	3	54	0.0	0.0	nan	nan	0.0	0.0
7	3	52	0.0	0.0	nan	nan	0.0	0.0
7	3	50	0.0	0.0	nan	nan	0.0	0.0
7	3	48	0.0	0.0	nan	nan	0.0	0.0
7	3	46	0.0	0.0	nan	nan	0.0	0.0
8	3	78	3.0	0.0	13.323	0.475	1.0	1.0
8	3	76	2.903	0.301	13.903	0.396	1.0	1.0
8	3	74	2.871	0.341	14.032	0.482	1.0	1.0
8	3	72	2.484	0.508	14.581	0.502	1.0	1.0
8	3	70	2.258	0.445	15.097	0.539	1.0	1.0
8	3	68	2.0	0.0	15.677	0.702	1.0	1.0
8	3	66	2.0	0.0	16.258	0.682	1.0	1.0
8	3	64	1.903	0.301	17.258	0.855	1.0	1.0
8	3	62	1.484	0.508	18.387	1.145	1.0	1.0
8	3	60	1.111	0.32	21.0	2.082	0.871	1.0
8	3	58	0.88	0.332	22.214	2.097	0.71	0.903
8	3	56	0.179	0.39	24.0	1.773	0.161	0.258
8	3	54	0.0	0.0	nan	nan	0.0	0.0
8	3	52	0.0	0.0	nan	nan	0.0	0.0
8	3	50	0.0	0.0	nan	nan	0.0	0.0
8	3	48	0.0	0.0	nan	nan	0.0	0.0
8	3	46	0.0	0.0	nan	nan	0.0	0.0
9	3	78	3.0	0.0	19.742	0.445	1.0	1.0
9	3	76	2.903	0.301	20.258	0.575	1.0	1.0
9	3	74	2.484	0.508	21.0	0.775	1.0	1.0
9	3	72	2.097	0.301	21.935	0.574	1.0	1.0
9	3	70	2.032	0.18	22.774	0.956	1.0	1.0
9	3	68	2.0	0.0	24.065	1.289	1.0	1.0
9	3	66	1.935	0.25	25.452	1.261	1.0	1.0
9	3	64	1.968	0.18	26.968	1.779	1.0	1.0
9	3	62	1.786	0.418	31.226	2.404	0.903	1.0
9	3	60	0.783	0.795	33.857	2.762	0.419	0.677
9	3	58	0.0	0.0	nan	nan	0.0	0.0
9	3	56	0.0	0.0	nan	nan	0.0	0.0
9	3	54	0.0	0.0	nan	nan	0.0	0.0
9	3	52	0.0	0.0	nan	nan	0.0	0.0
9	3	50	0.0	0.0	nan	nan	0.0	0.0
9	3	48	0.0	0.0	nan	nan	0.0	0.0
9	3	46	0.0	0.0	nan	nan	0.0	0.0
10	3	78	3.645	0.486	14.806	0.477	1.0	1.0
10	3	76	3.419	0.502	15.0	0.516	1.0	1.0
10	3	74	3.129	0.341	15.484	0.626	1.0	1.0
10	3	72	3.032	0.18	15.871	0.619	1.0	1.0
10	3	70	3.0	0.0	16.387	0.495	1.0	1.0
10	3	68	2.839	0.374	17.226	0.884	1.0	1.0
10	3	66	2.71	0.461	18.032	0.912	1.0	1.0
10	3	64	2.032	0.547	19.194	1.276	1.0	1.0
10	3	62	1.613	0.495	20.71	1.488	1.0	1.0
10	3	60	1.129	0.341	22.226	1.82	1.0	1.0
10	3	58	1.0	0.0	24.097	2.256	1.0	1.0
10	3	56	0.733	0.45	28.783	3.233	0.71	0.742
10	3	54	0.161	0.374	28.4	3.435	0.161	0.161
10	3	52	0.0	0.0	nan	nan	0.0	0.0
10	3	50	0.0	0.0	nan	nan	0.0	0.0
10	3	48	0.0	0.0	nan	nan	0.0	0.0
10	3	46	0.0	0.0	nan	nan	0.0	0.0
11	3	78	3.226	0.425	15.129	0.619	1.0	1.0
11	3	76	3.032	0.18	15.677	0.599	1.0	1.0
11	3	74	3.0	0.0	16.419	0.564	1.0	1.0
11	3	72	3.0	0.0	16.774	0.762	1.0	1.0
11	3	70	2.71	0.529	17.774	0.99	1.0	1.0
11	3	68	2.065	0.727	19.194	1.721	1.0	1.0
11	3	66	1.645	0.486	20.0	1.317	1.0	1.0
11	3	64	1.194	0.402	21.516	1.568	1.0	1.0
11	3	62	1.032	0.18	23.903	2.454	1.0	1.0
11	3	60	0.968	0.18	26.0	2.853	0.968	0.968
11	3	58	0.414	0.501	29.286	4.159	0.387	0.452
11	3	56	0.0	0.0	nan	nan	0.0	0.0
11	3	54	0.0	0.0	nan	nan	0.0	0.0
11	3	52	0.0	0.0	nan	nan	0.0	0.0
11	3	50	0.0	0.0	nan	nan	0.0	0.0
11	3	48	0.0	0.0	nan	nan	0.0	0.0
11	3	46	0.0	0.0	nan	nan	0.0	0.0
12	3	78	2.613	0.495	14.0	0.447	1.0	1.0
12	3	76	2.419	0.502	14.129	0.499	1.0	1.0
12	3	74	2.129	0.341	14.581	0.672	1.0	1.0
12	3	72	2.0	0.0	15.032	0.482	1.0	1.0
12	3	70	2.0	0.0	15.935	0.68	1.0	1.0
12	3	68	2.0	0.0	16.323	0.791	1.0	1.0
12	3	66	1.903	0.301	17.129	0.718	1.0	1.0
12	3	64	1.581	0.502	18.29	1.616	1.0	1.0
12	3	62	1.071	0.378	20.533	2.097	0.871	0.968
12	3	60	0.875	0.338	21.5	1.895	0.677	0.903
12	3	58	0.077	0.272	23.429	2.573	0.065	0.226
12	3	56	0.0	0.0	26.0	0.0	0.0	0.032
12	3	54	0.0	0.0	nan	nan	0.0	0.0
12	3	52	0.0	0.0	nan	nan	0.0	0.0
12	3	50	0.0	0.0	nan	nan	0.0	0.0
12	3	48	0.0	0.0	nan	nan	0.0	0.0
12	3	46	0.0	0.0	nan	nan	0.0	0.0
13	3	78	2.065	0.25	12.839	0.454	1.0	1.0
13	3	76	2.0	0.0	13.161	0.454	1.0	1.0
13	3	74	2.0	0.0	13.452	0.568	1.0	1.0
13	3	72	2.0	0.0	13.968	0.407	1.0	1.0
13	3	70	2.0	0.0	14.355	0.608	1.0	1.0
13	3	68	2.0	0.0	15.0	0.577	1.0	1.0
13	3	66	1.968	0.18	15.774	0.717	1.0	1.0
13	3	64	1.839	0.374	16.226	0.956	1.0	1.0
13	3	62	1.536	0.576	17.5	1.167	0.871	0.968
13	3	60	1.0	0.795	18.84	2.055	0.452	0.806
13	3	58	0.263	0.452	20.588	2.451	0.161	0.548
13	3	56	0.0	0.0	22.0	2.828	0.0	0.065
13	3	54	0.0	0.0	nan	nan	0.0	0.0
13	3	52	0.0	0.0	nan	nan	0.0	0.0
13	3	50	0.0	0.0	nan	nan	0.0	0.0
13	3	48	0.0	0.0	nan	nan	0.0	0.0
13	3	46	0.0	0.0	nan	nan	0.0	0.0
14	3	78	4.0	0.0	14.194	0.402	1.0	1.0
14	3	76	3.935	0.25	14.742	0.445	1.0	1.0
14	3	74	3.645	0.486	15.29	0.461	1.0	1.0
14	3	72	3.581	0.502	15.419	0.564	1.0	1.0
14	3	70	3.065	0.25	16.226	0.497	1.0	1.0
14	3	68	2.968	0.18	16.903	0.79	1.0	1.0
14	3	66	2.774	0.425	17.806	0.792	1.0	1.0
14	3	64	2.419	0.502	18.806	1.721	1.0	1.0
14	3	62	2.0	0.258	20.839	1.319	1.0	1.0
14	3	60	1.903	0.301	22.419	1.566	1.0	1.0
14	3	58	1.6	0.498	25.419	2.766	0.968	1.0
14	3	56	0.96	0.676	30.0	4.717	0.613	0.806
14	3	54	0.067	0.254	34.0	1.0	0.065	0.097
14	3	52	0.0	0.0	nan	nan	0.0	0.0
14	3	50	0.0	0.0	nan	nan	0.0	0.0
14	3	48	0.0	0.0	nan	nan	0.0	0.0
14	3	46	0.0	0.0	nan	nan	0.0	0.0
15	3	78	2.258	0.445	12.0	0.258	1.0	1.0
15	3	76	2.032	0.18	12.161	0.374	1.0	1.0
15	3	74	2.0	0.0	12.71	0.461	1.0	1.0
15	3	72	2.0	0.0	13.032	0.315	1.0	1.0
15	3	70	2.0	0.0	13.323	0.475	1.0	1.0
15	3	68	2.0	0.0	13.71	0.461	1.0	1.0
15	3	66	2.0	0.0	14.129	0.499	1.0	1.0
15	3	64	2.0	0.0	14.774	0.617	1.0	1.0
15	3	62	1.968	0.18	15.387	0.715	1.0	1.0
15	3	60	1.581	0.502	16.355	0.877	1.0	1.0
15	3	58	1.346	0.485	17.387	1.706	0.839	1.0
15	3	56	0.474	0.697	19.053	2.392	0.226	0.613
15	3	54	0.037	0.192	19.8	1.924	0.032	0.161
15	3	52	0.0	0.0	nan	nan	0.0	0.0
15	3	50	0.0	0.0	nan	nan	0.0	0.0
15	3	48	0.0	0.0	nan	nan	0.0	0.0
15	3	46	0.0	0.0	nan	nan	0.0	0.0
16	3	78	2.968	0.18	13.774	0.497	1.0	1.0
16	3	76	2.935	0.25	14.032	0.407	1.0	1.0
16	3	74	2.839	0.374	14.484	0.508	1.0	1.0
16	3	72	2.677	0.475	14.903	0.651	1.0	1.0
16	3	70	2.258	0.445	15.548	0.675	1.0	1.0
16	3	68	2.161	0.374	16.065	0.772	1.0	1.0
16	3	66	1.968	0.18	16.935	0.629	1.0	1.0
16	3	64	1.742	0.445	17.742	0.999	1.0	1.0
16	3	62	1.233	0.43	19.097	1.3	0.968	1.0
16	3	60	1.0	0.267	21.867	2.285	0.903	0.968
16	3	58	0.828	0.384	22.615	2.714	0.774	0.839
16	3	56	0.172	0.384	26.143	0.378	0.161	0.226
16	3	54	0.0	0.0	nan	nan	0.0	0.0
16	3	52	0.0	0.0	nan	nan	0.0	0.0
16	3	50	0.0	0.0	nan	nan	0.0	0.0
16	3	48	0.0	0.0	nan	nan	0.0	0.0
16	3	46	0.0	0.0	nan	nan	0.0	0.0
17	3	78	2.677	0.475	13.129	0.341	1.0	1.0
17	3	76	2.484	0.508	13.548	0.506	1.0	1.0
17	3	74	2.29	0.461	13.903	0.473	1.0	1.0
17	3	72	2.161	0.374	14.29	0.588	1.0	1.0
17	3	70	2.0	0.0	14.871	0.619	1.0	1.0
17	3	68	2.0	0.0	15.323	0.599	1.0	1.0
17	3	66	2.0	0.0	15.871	0.619	1.0	1.0
17	3	64	1.968	0.18	16.613	0.667	1.0	1.0
17	3	62	1.517	0.509	18.226	1.309	0.935	1.0
17	3	60	1.0	0.471	20.31	2.301	0.548	0.935
17	3	58	0.636	0.581	21.182	1.868	0.419	0.71
17	3	56	0.0	0.0	25.5	0.707	0.0	0.065
17	3	54	0.0	0.0	nan	nan	0.0	0.0
17	3	52	0.0	0.0	nan	nan	0.0	0.0
17	3	50	0.0	0.0	nan	nan	0.0	0.0
17	3	48	0.0	0.0	nan	nan	0.0	0.0
17	3	46	0.0	0.0	nan	nan	0.0	0.0
18	3	78	2.387	0.495	13.323	0.475	1.0	1.0
18	3	76	2.161	0.374	13.645	0.551	1.0	1.0
18	3	74	2.032	0.18	14.323	0.475	1.0	1.0
18	3	72	2.0	0.0	14.71	0.529	1.0	1.0
18	3	70	2.0	0.0	15.032	0.547	1.0	1.0
18	3	68	2.0	0.0	15.71	0.643	1.0	1.0
18	3	66	2.0	0.0	16.387	0.761	1.0	1.0
18	3	64	1.867	0.346	17.226	0.956	0.968	1.0
18	3	62	1.48	0.653	18.241	1.354	0.742	0.935
18	3	60	0.944	0.416	21.069	2.313	0.516	0.935
18	3	58	0.333	0.48	21.0	2.198	0.29	0.419
18	3	56	0.0	0.0	24.0	0.0	0.0	0.032
18	3	54	0.0	0.0	nan	nan	0.0	0.0
18	3	52	0.0	0.0	nan	nan	0.0	0.0
18	3	50	0.0	0.0	nan	nan	0.0	0.0
18	3	48	0.0	0.0	nan	nan	0.0	0.0
18	3	46	0.0	0.0	nan	nan	0.0	0.0
19	3	78	2.129	0.341	13.71	0.461	1.0	1.0
19	3	76	2.0	0.0	13.903	0.473	1.0	1.0
19	3	74	2.0	0.0	14.29	0.461	1.0	1.0
19	3	72	2.0	0.0	14.806	0.703	1.0	1.0
19	3	70	2.0	0.0	15.097	0.473	1.0	1.0
19	3	68	2.0	0.0	15.645	0.755	1.0	1.0
19	3	66	2.0	0.0	16.29	0.739	1.0	1.0
19	3	64	1.935	0.25	16.871	0.885	1.0	1.0
19	3	62	1.759	0.435	17.903	1.044	0.935	1.0
19	3	60	1.231	0.43	19.419	1.455	0.839	1.0
19	3	58	0.737	0.653	21.125	2.365	0.387	0.774
19	3	56	0.0	0.0	23.0	1.852	0.0	0.258
19	3	54	0.0	0.0	nan	nan	0.0	0.0
19	3	52	0.0	0.0	nan	nan	0.0	0.0
19	3	50	0.0	0.0	nan	nan	0.0	0.0
19	3	48	0.0	0.0	nan	nan	0.0	0.0
19	3	46	0.0	0.0	nan	nan	0.0	0.0
20	3	78	2.419	0.502	13.032	0.315	1.0	1.0
20	3	76	2.258	0.445	13.29	0.461	1.0	1.0
20	3	74	2.0	0.0	13.806	0.402	1.0	1.0
20	3	72	2.0	0.0	14.194	0.477	1.0	1.0
20	3	70	2.0	0.0	14.516	0.57	1.0	1.0
20	3	68	2.0	0.0	14.903	0.746	1.0	1.0
20	3	66	1.968	0.18	15.677	0.871	1.0	1.0
20	3	64	2.0	0.0	16.161	0.779	1.0	1.0
20	3	62	1.724	0.455	17.548	1.588	0.935	1.0
20	3	60	1.458	0.509	19.129	2.277	0.774	1.0
20	3	58	1.105	0.567	20.586	2.307	0.548	0.935
20	3	56	0.261	0.449	21.5	2.534	0.194	0.452
20	3	54	0.0	0.0	23.0	1.414	0.0	0.065
20	3	52	0.0	0.0	nan	nan	0.0	0.0
20	3	50	0.0	0.0	nan	nan	0.0	0.0
20	3	48	0.0	0.0	nan	nan	0.0	0.0
20	3	46	0.0	0.0	nan	nan	0.0	0.0
21	3	78	3.0	0.0	14.194	0.402	1.0	1.0
21	3	76	2.935	0.25	14.387	0.615	1.0	1.0
21	3	74	2.871	0.341	14.968	0.706	1.0	1.0
21	3	72	2.516	0.508	15.355	0.661	1.0	1.0
21	3	70	2.355	0.486	16.161	0.638	1.0	1.0
21	3	68	2.226	0.425	16.71	0.693	1.0	1.0
21	3	66	1.903	0.473	17.548	0.925	1.0	1.0
21	3	64	1.516	0.508	18.516	1.387	1.0	1.0
21	3	62	1.097	0.301	20.387	1.647	1.0	1.0
21	3	60	1.0	0.263	22.7	2.718	0.935	0.968
21	3	58	0.778	0.424	24.08	3.265	0.677	0.806
21	3	56	0.226	0.425	25.0	2.828	0.226	0.226
21	3	54	0.032	0.18	25.0	0.0	0.032	0.032
21	3	52	0.0	0.0	nan	nan	0.0	0.0
21	3	50	0.0	0.0	nan	nan	0.0	0.0
21	3	48	0.0	0.0	nan	nan	0.0	0.0
21	3	46	0.0	0.0	nan	nan	0.0	0.0
22	3	78	4.0	0.0	16.29	0.529	1.0	1.0
22	3	76	4.0	0.0	16.935	0.574	1.0	1.0
22	3	74	3.839	0.454	17.581	0.672	1.0	1.0
22	3	72	3.452	0.723	17.968	0.706	1.0	1.0
22	3	70	2.742	0.729	18.677	0.702	1.0	1.0
22	3	68	2.323	0.599	19.29	0.973	1.0	1.0
22	3	66	2.0	0.0	20.323	0.832	1.0	1.0
22	3	64	2.0	0.0	21.419	1.285	1.0	1.0
22	3	62	2.0	0.0	24.097	2.454	1.0	1.0
22	3	60	1.935	0.25	25.419	2.013	1.0	1.0
22	3	58	1.483	0.574	28.167	3.602	0.903	0.968
22	3	56	0.692	0.618	31.952	2.5	0.516	0.677
22	3	54	0.111	0.32	34.714	2.138	0.097	0.226
22	3	52	0.0	0.0	nan	nan	0.0	0.0
22	3	50	0.0	0.0	nan	nan	0.0	0.0
22	3	48	0.0	0.0	nan	nan	0.0	0.0
22	3	46	0.0	0.0	nan	nan	0.0	0.0
23	3	78	3.774	0.425	15.226	0.56	1.0	1.0
23	3	76	3.387	0.495	15.774	0.56	1.0	1.0
23	3	74	3.065	0.25	16.161	0.523	1.0	1.0
23	3	72	3.032	0.18	16.903	0.539	1.0	1.0
23	3	70	2.839	0.374	17.581	1.089	1.0	1.0
23	3	68	2.645	0.486	18.032	0.983	1.0	1.0
23	3	66	2.226	0.497	18.806	1.046	1.0	1.0
23	3	64	1.839	0.523	20.194	1.558	1.0	1.0
23	3	62	1.613	0.495	21.71	1.419	1.0	1.0
23	3	60	1.161	0.374	23.677	1.796	1.0	1.0
23	3	58	0.968	0.315	25.207	2.678	0.935	0.935
23	3	56	0.778	0.424	29.52	3.607	0.677	0.806
23	3	54	0.065	0.25	26.5	0.707	0.065	0.065
23	3	52	0.0	0.0	nan	nan	0.0	0.0
23	3	50	0.0	0.0	nan	nan	0.0	0.0
23	3	48	0.0	0.0	nan	nan	0.0	0.0
23	3	46	0.0	0.0	nan	nan	0.0	0.0
24	3	78	3.0	0.0	13.355	0.486	1.0	1.0
24	3	76	2.839	0.374	13.742	0.514	1.0	1.0
24	3	74	2.452	0.506	14.129	0.428	1.0	1.0
24	3	72	2.29	0.461	14.419	0.672	1.0	1.0
24	3	70	2.032	0.18	15.065	0.727	1.0	1.0
24	3	68	2.032	0.18	15.452	0.624	1.0	1.0
24	3	66	2.0	0.0	16.323	0.702	1.0	1.0
24	3	64	1.903	0.301	16.968	0.948	1.0	1.0
24	3	62	1.355	0.486	18.645	1.355	1.0	1.0
24	3	60	1.129	0.341	20.452	2.142	1.0	1.0
24	3	58	0.7	0.466	23.545	1.896	0.677	0.71
24	3	56	0.1	0.305	25.0	0.816	0.097	0.129
24	3	54	0.032	0.18	24.0	0.0	0.032	0.032
24	3	52	0.0	0.0	nan	nan	0.0	0.0
24	3	50	0.0	0.0	nan	nan	0.0	0.0
24	3	48	0.0	0.0	nan	nan	0.0	0.0
24	3	46	0.0	0.0	nan	nan	0.0	0.0
25	3	78	2.032	0.18	13.097	0.301	1.0	1.0
25	3	76	2.0	0.0	13.452	0.568	1.0	1.0
25	3	74	2.0	0.0	13.903	0.396	1.0	1.0
25	3	72	2.0	0.0	14.032	0.482	1.0	1.0
25	3	70	2.0	0.0	14.613	0.667	1.0	1.0
25	3	68	2.0	0.0	15.097	0.539	1.0	1.0
25	3	66	1.968	0.18	15.742	0.682	1.0	1.0
25	3	64	1.903	0.301	16.387	0.803	1.0	1.0
25	3	62	1.714	0.535	17.4	0.855	0.871	0.968
25	3	60	1.611	0.608	19.2	1.883	0.548	0.968
25	3	58	0.933	0.704	19.444	1.805	0.355	0.871
25	3	56	0.0	0.0	22.286	2.43	0.0	0.226
25	3	54	0.0	0.0	nan	nan	0.0	0.0
25	3	52	0.0	0.0	nan	nan	0.0	0.0
25	3	50	0.0	0.0	nan	nan	0.0	0.0
25	3	48	0.0	0.0	nan	nan	0.0	0.0
25	3	46	0.0	0.0	nan	nan	0.0	0.0
26	3	78	2.613	0.495	13.419	0.502	1.0	1.0
26	3	76	2.516	0.508	13.742	0.631	1.0	1.0
26	3	74	2.032	0.18	14.0	0.516	1.0	1.0
26	3	72	2.065	0.25	14.419	0.502	1.0	1.0
26	3	70	2.0	0.0	15.097	0.597	1.0	1.0
26	3	68	2.0	0.0	15.613	0.667	1.0	1.0
26	3	66	2.0	0.0	16.097	0.79	1.0	1.0
26	3	64	1.935	0.25	16.903	0.944	1.0	1.0
26	3	62	1.643	0.488	18.194	1.721	0.903	1.0
26	3	60	1.259	0.447	19.613	1.944	0.871	1.0
26	3	58	0.931	0.593	21.08	2.597	0.742	0.806
26	3	56	0.069	0.258	23.5	2.517	0.065	0.129
26	3	54	0.0	0.0	nan	nan	0.0	0.0
26	3	52	0.0	0.0	nan	nan	0.0	0.0
26	3	50	0.0	0.0	nan	nan	0.0	0.0
26	3	48	0.0	0.0	nan	nan	0.0	0.0
26	3	46	0.0	0.0	nan	nan	0.0	0.0
27	3	78	3.0	0.0	13.323	0.475	1.0	1.0
27	3	76	2.903	0.301	13.71	0.529	1.0	1.0
27	3	74	2.613	0.495	13.871	0.428	1.0	1.0
27	3	72	2.161	0.374	14.355	0.608	1.0	1.0
27	3	70	2.194	0.402	14.806	0.543	1.0	1.0
27	3	68	2.0	0.0	15.581	0.72	1.0	1.0
27	3	66	2.0	0.0	16.194	0.703	1.0	1.0
27	3	64	2.0	0.0	16.677	0.791	1.0	1.0
27	3	62	1.724	0.455	17.935	1.436	0.935	1.0
27	3	60	1.417	0.504	19.323	2.344	0.774	1.0
27	3	58	0.583	0.504	21.476	2.421	0.452	0.677
27	3	56	0.333	0.565	23.143	2.445	0.226	0.452
27	3	54	0.0	0.0	nan	nan	0.0	0.0
27	3	52	0.0	0.0	nan	nan	0.0	0.0
27	3	50	0.0	0.0	nan	nan	0.0	0.0
27	3	48	0.0	0.0	nan	nan	0.0	0.0
27	3	46	0.0	0.0	nan	nan	0.0	0.0
28	3	78	4.0	0.0	15.129	0.428	1.0	1.0
28	3	76	4.0	0.0	15.484	0.508	1.0	1.0
28	3	74	3.903	0.301	16.065	0.512	1.0	1.0
28	3	72	3.613	0.495	16.323	0.475	1.0	1.0
28	3	70	3.29	0.529	16.903	0.597	1.0	1.0
28	3	68	2.774	0.56	17.871	0.806	1.0	1.0
28	3	66	2.484	0.508	18.419	0.886	1.0	1.0
28	3	64	2.097	0.301	19.903	1.221	1.0	1.0
28	3	62	2.0	0.0	21.871	2.262	1.0	1.0
28	3	60	1.968	0.18	24.226	2.247	1.0	1.0
28	3	58	1.567	0.568	28.633	3.399	0.935	0.968
28	3	56	0.885	0.766	31.5	4.033	0.548	0.71
28	3	54	0.032	0.18	28.0	0.0	0.032	0.032
28	3	52	0.0	0.0	nan	nan	0.0	0.0
28	3	50	0.0	0.0	nan	nan	0.0	0.0
28	3	48	0.0	0.0	nan	nan	0.0	0.0
28	3	46	0.0	0.0	nan	nan	0.0	0.0
29	3	78	3.968	0.18	14.194	0.402	1.0	1.0
29	3	76	3.871	0.341	14.645	0.551	1.0	1.0
29	3	74	3.581	0.502	15.129	0.499	1.0	1.0
29	3	72	3.226	0.425	15.613	0.715	1.0	1.0
29	3	70	3.032	0.18	16.129	0.718	1.0	1.0
29	3	68	2.935	0.25	16.935	0.998	1.0	1.0
29	3	66	2.71	0.529	17.742	1.154	1.0	1.0
29	3	64	2.258	0.631	19.0	1.461	1.0	1.0
29	3	62	1.806	0.477	20.387	1.542	1.0	1.0
29	3	60	1.484	0.508	22.29	1.442	1.0	1.0
29	3	58	1.194	0.402	24.548	1.588	1.0	1.0
29	3	56	0.793	0.412	28.28	3.612	0.742	0.806
29	3	54	0.233	0.43	29.375	2.875	0.226	0.258
29	3	52	0.0	0.0	nan	nan	0.0	0.0
29	3	50	0.0	0.0	nan	nan	0.0	0.0
29	3	48	0.0	0.0	nan	nan	0.0	0.0
29	3	46	0.0	0.0	nan	nan	0.0	0.0
30	3	78	2.581	0.502	12.742	0.445	1.0	1.0
30	3	76	2.194	0.402	13.065	0.359	1.0	1.0
30	3	74	2.161	0.374	13.387	0.761	1.0	1.0
30	3	72	2.0	0.0	13.935	0.574	1.0	1.0
30	3	70	2.0	0.0	14.29	0.643	1.0	1.0
30	3	68	2.0	0.0	14.839	0.735	1.0	1.0
30	3	66	2.0	0.0	15.452	0.568	1.0	1.0
30	3	64	1.968	0.18	16.161	0.82	1.0	1.0
30	3	62	1.862	0.351	17.258	1.505	0.935	1.0
30	3	60	1.407	0.501	18.806	1.815	0.871	1.0
30	3	58	1.15	0.366	20.71	2.148	0.645	1.0
30	3	56	0.238	0.436	22.533	2.232	0.161	0.484
30	3	54	0.033	0.183	21.5	0.707	0.032	0.065
30	3	52	0.0	0.0	nan	nan	0.0	0.0
30	3	50	0.0	0.0	nan	nan	0.0	0.0
30	3	48	0.0	0.0	nan	nan	0.0	0.0
30	3	46	0.0	0.0	nan	nan	0.0	0.0
31	3	78	2.677	0.475	12.452	0.506	1.0	1.0
31	3	76	2.323	0.475	12.871	0.499	1.0	1.0
31	3	74	2.161	0.374	13.29	0.529	1.0	1.0
31	3	72	2.065	0.25	13.355	0.608	1.0	1.0
31	3	70	2.032	0.18	13.871	0.619	1.0	1.0
31	3	68	2.0	0.0	14.516	0.508	1.0	1.0
31	3	66	2.0	0.0	15.129	0.67	1.0	1.0
31	3	64	1.9	0.305	16.129	0.991	0.968	1.0
31	3	62	1.724	0.528	16.733	0.944	0.903	0.968
31	3	60	1.476	0.68	18.345	1.969	0.613	0.935
31	3	58	0.6	0.632	19.667	2.353	0.258	0.774
31	3	56	0.0	0.0	19.0	0.0	0.0	0.032
31	3	54	0.0	0.0	nan	nan	0.0	0.0
31	3	52	0.0	0.0	nan	nan	0.0	0.0
31	3	50	0.0	0.0	nan	nan	0.0	0.0
31	3	48	0.0	0.0	nan	nan	0.0	0.0
31	3	46	0.0	0.0	nan	nan	0.0	0.0
0	4	78	3.0	0.0	13.323	0.541	1.0	1.0
0	4	76	3.0	0.0	13.71	0.529	1.0	1.0
0	4	74	3.0	0.0	14.065	0.512	1.0	1.0
0	4	72	3.0	0.0	14.452	0.506	1.0	1.0
0	4	70	3.0	0.0	14.935	0.629	1.0	1.0
0	4	68	2.839	0.374	15.774	0.617	1.0	1.0
0	4	66	2.645	0.551	16.29	0.783	1.0	1.0
0	4	64	2.194	0.543	16.871	0.718	1.0	1.0
0	4	62	1.355	0.551	19.29	1.736	1.0	1.0
0	4	60	1.065	0.25	20.935	1.896	1.0	1.0
0	4	58	0.9	0.305	24.179	3.702	0.871	0.903
0	4	56	0.31	0.471	27.182	4.687	0.29	0.355
0	4	54	0.0	0.0	nan	nan	0.0	0.0
0	4	52	0.0	0.0	nan	nan	0.0	0.0
0	4	50	0.0	0.0	nan	nan	0.0	0.0
0	4	48	0.0	0.0	nan	nan	0.0	0.0
0	4	46	0.0	0.0	nan	nan	0.0	0.0
1	4	78	3.0	0.0	14.29	0.529	1.0	1.0
1	4	76	2.968	0.18	14.581	0.564	1.0	1.0
1	4	74	2.935	0.25	15.161	0.735	1.0	1.0
1	4	72	2.742	0.445	15.516	0.677	1.0	1.0
1	4	70	2.516	0.508	16.129	0.763	1.0	1.0
1	4	68	2.194	0.402	16.742	0.773	1.0	1.0
1	4	66	1.645	0.551	17.935	1.181	1.0	1.0
1	4	64	1.355	0.486	18.871	1.408	1.0	1.0
1	4	62	1.065	0.25	20.355	1.603	1.0	1.0
1	4	60	0.968	0.18	23.0	2.133	0.968	0.968
1	4	58	0.759	0.435	24.75	2.192	0.71	0.774
1	4	56	0.0	0.0	nan	nan	0.0	0.0
1	4	54	0.0	0.0	nan	nan	0.0	0.0
1	4	52	0.0	0.0	nan	nan	0.0	0.0
1	4	50	0.0	0.0	nan	nan	0.0	0.0
1	4	48	0.0	0.0	nan	nan	0.0	0.0
1	4	46	0.0	0.0	nan	nan	0.0	0.0
2	4	78	2.0	0.0	12.903	0.396	1.0	1.0
2	4	76	2.0	0.0	13.065	0.512	1.0	1.0
2	4	74	2.0	0.0	13.581	0.502	1.0	1.0
2	4	72	2.0	0.0	13.774	0.497	1.0	1.0
2	4	70	2.0	0.0	14.258	0.631	1.0	1.0
2	4	68	2.0	0.0	14.968	0.547	1.0	1.0
2	4	66	1.903	0.301	15.355	0.798	1.0	1.0
2	4	64	1.567	0.504	16.355	0.985	0.968	1.0
2	4	62	1.261	0.449	17.742	1.437	0.742	1.0
2	4	60	0.474	0.697	19.368	2.216	0.226	0.613
2	4	58	0.04	0.2	22.143	3.237	0.032	0.226
2	4	56	0.0	0.0	nan	nan	0.0	0.0
2	4	54	0.0	0.0	nan	nan	0.0	0.0
2	4	52	0.0	0.0	nan	nan	0.0	0.0
2	4	50	0.0	0.0	nan	nan	0.0	0.0
2	4	48	0.0	0.0	nan	nan	0.0	0.0
2	4	46	0.0	0.0	nan	nan	0.0	0.0
3	4	78	2.968	0.18	14.387	0.558	1.0	1.0
3	4	76	2.968	0.18	14.548	0.624	1.0	1.0
3	4	74	2.806	0.402	14.968	0.657	1.0	1.0
3	4	72	2.452	0.506	15.548	0.81	1.0	1.0
3	4	70	2.226	0.425	15.806	0.703	1.0	1.0
3	4	68	1.968	0.407	16.742	0.999	1.0	1.0
3	4	66	1.71	0.461	17.71	0.824	1.0	1.0
3	4	64	1.419	0.502	19.0	1.826	1.0	1.0
3	4	62	1.097	0.301	20.484	1.749	1.0	1.0
3	4	60	0.903	0.301	22.929	1.904	0.903	0.903
3	4	58	0.355	0.486	25.364	1.804	0.355	0.355
3	4	56	0.0	0.0	nan	nan	0.0	0.0
3	4	54	0.0	0.0	nan	nan	0.0	0.0
3	4	52	0.0	0.0	nan	nan	0.0	0.0
3	4	50	0.0	0.0	nan	nan	0.0	0.0
3	4	48	0.0	0.0	nan	nan	0.0	0.0
3	4	46	0.0	0.0	nan	nan	0.0	0.0
4	4	78	3.903	0.301	16.871	0.341	1.0	1.0
4	4	76	3.742	0.445	17.29	0.461	1.0	1.0
4	4	74	3.29	0.588	17.645	0.551	1.0	1.0
4	4	72	2.774	0.617	18.226	0.617	1.0	1.0
4	4	70	2.129	0.341	18.968	0.605	1.0	1.0
4	4	68	2.0	0.0	20.097	0.746	1.0	1.0
4	4	66	2.0	0.0	20.935	1.181	1.0	1.0
4	4	64	2.0	0.0	22.226	0.845	1.0	1.0
4	4	62	1.871	0.341	23.774	1.175	1.0	1.0
4	4	60	1.419	0.502	25.516	1.964	1.0	1.0
4	4	58	1.074	0.385	28.367	3.499	0.839	0.968
4	4	56	0.607	0.629	30.944	3.058	0.484	0.581
4	4	54	0.032	0.18	34.0	0.0	0.032	0.032
4	4	52	0.0	0.0	nan	nan	0.0	0.0
4	4	50	0.0	0.0	nan	nan	0.0	0.0
4	4	48	0.0	0.0	nan	nan	0.0	0.0
4	4	46	0.0	0.0	nan	nan	0.0	0.0
5	4	78	3.032	0.18	14.452	0.568	1.0	1.0
5	4	76	3.0	0.0	14.742	0.514	1.0	1.0
5	4	74	3.0	0.0	15.258	0.514	1.0	1.0
5	4	72	3.0	0.0	15.645	0.709	1.0	1.0
5	4	70	2.71	0.529	16.484	0.724	1.0	1.0
5	4	68	2.548	0.568	17.161	0.779	1.0	1.0
5	4	66	1.903	0.651	18.129	0.991	1.0	1.0
5	4	64	1.355	0.551	19.29	1.346	1.0	1.0
5	4	62	1.097	0.301	21.548	2.188	1.0	1.0
5	4	60	1.0	0.0	23.194	2.301	1.0	1.0
5	4	58	0.9	0.305	26.25	2.964	0.871	0.903
5	4	56	0.065	0.25	26.0	0.0	0.065	0.065
5	4	54	0.0	0.0	nan	nan	0.0	0.0
5	4	52	0.0	0.0	nan	nan	0.0	0.0
5	4	50	0.0	0.0	nan	nan	0.0	0.0
5	4	48	0.0	0.0	nan	nan	0.0	0.0
5	4	46	0.0	0.0	nan	nan	0.0	0.0
6	4	78	3.097	0.301	14.0	0.516	1.0	1.0
6	4	76	3.0	0.0	14.323	0.541	1.0	1.0
6	4	74	2.742	0.445	15.0	0.816	1.0	1.0
6	4	72	2.742	0.445	15.161	0.779	1.0	1.0
6	4	70	2.548	0.506	15.742	0.682	1.0	1.0
6	4	68	2.258	0.445	16.71	0.864	1.0	1.0
6	4	66	1.968	0.605	17.355	1.112	1.0	1.0
6	4	64	1.645	0.551	18.226	2.125	1.0	1.0
6	4	62	1.032	0.482	19.607	1.663	0.903	0.903
6	4	60	0.933	0.583	21.4	2.309	0.774	0.806
6	4	58	0.355	0.551	22.7	2.497	0.323	0.323
6	4	56	0.032	0.18	25.0	0.0	0.032	0.032
6	4	54	0.0	0.0	nan	nan	0.0	0.0
6	4	52	0.0	0.0	nan	nan	0.0	0.0
6	4	50	0.0	0.0	nan	nan	0.0	0.0
6	4	48	0.0	0.0	nan	nan	0.0	0.0
6	4	46	0.0	0.0	nan	nan	0.0	0.0
7	4	78	2.871	0.341	13.581	0.502	1.0	1.0
7	4	76	2.387	0.495	14.0	0.447	1.0	1.0
7	4	74	2.194	0.402	14.258	0.514	1.0	1.0
7	4	72	2.129	0.341	14.548	0.568	1.0	1.0
7	4	70	2.032	0.18	15.29	0.864	1.0	1.0
7	4	68	2.0	0.0	15.613	0.715	1.0	1.0
7	4	66	1.968	0.18	16.71	0.938	1.0	1.0
7	4	64	1.833	0.379	17.29	1.006	0.968	1.0
7	4	62	1.5	0.509	18.871	1.727	0.903	1.0
7	4	60	1.074	0.474	19.966	1.7	0.806	0.935
7	4	58	0.64	0.569	21.905	2.119	0.484	0.677
7	4	56	0.1	0.305	24.5	0.577	0.097	0.129
7	4	54	0.0	0.0	nan	nan	0.0	0.0
7	4	52	0.0	0.0	nan	nan	0.0	0.0
7	4	50	0.0	0.0	nan	nan	0.0	0.0
7	4	48	0.0	0.0	nan	nan	0.0	0.0
7	4	46	0.0	0.0	nan	nan	0.0	0.0
8	4	78	3.032	0.795	18.226	0.669	1.0	1.0
8	4	76	2.387	0.615	18.645	0.709	1.0	1.0
8	4	74	2.065	0.25	19.323	0.945	1.0	1.0
8	4	72	2.097	0.301	19.903	1.106	1.0	1.0
8	4	70	1.935	0.25	20.613	0.882	1.0	1.0
8	4	68	1.871	0.341	22.258	1.46	1.0	1.0
8	4	66	1.806	0.402	22.677	1.351	1.0	1.0
8	4	64	1.323	0.475	24.387	1.383	1.0	1.0
8	4	62	1.032	0.407	25.759	2.43	0.935	0.935
8	4	60	0.516	0.508	27.562	2.065	0.516	0.516
8	4	58	0.097	0.301	30.333	2.082	0.097	0.097
8	4	56	0.0	0.0	nan	nan	0.0	0.0
8	4	54	0.0	0.0	nan	nan	0.0	0.0
8	4	52	0.0	0.0	nan	nan	0.0	0.0
8	4	50	0.0	0.0	nan	nan	0.0	0.0
8	4	48	0.0	0.0	nan	nan	0.0	0.0
8	4	46	0.0	0.0	nan	nan	0.0	0.0
9	4	78	2.161	0.374	13.161	0.374	1.0	1.0
9	4	76	2.0	0.0	13.548	0.506	1.0	1.0
9	4	74	2.0	0.0	13.968	0.407	1.0	1.0
9	4	72	2.0	0.0	14.29	0.529	1.0	1.0
9	4	70	2.0	0.0	14.645	0.709	1.0	1.0
9	4	68	2.0	0.0	15.226	0.497	1.0	1.0
9	4	66	2.0	0.0	15.839	0.688	1.0	1.0
9	4	64	1.935	0.25	16.548	0.925	1.0	1.0
9	4	62	1.75	0.441	17.419	1.119	0.903	1.0
9	4	60	1.111	0.471	19.467	2.129	0.548	0.968
9	4	58	0.294	0.588	20.5	2.007	0.129	0.581
9	4	56	0.0	0.0	25.0	0.0	0.0	0.032
9	4	54	0.0	0.0	nan	nan	0.0	0.0
9	4	52	0.0	0.0	nan	nan	0.0	0.0
9	4	50	0.0	0.0	nan	nan	0.0	0.0
9	4	48	0.0	0.0	nan	nan	0.0	0.0
9	4	46	0.0	0.0	nan	nan	0.0	0.0
10	4	78	2.0	0.0	12.452	0.506	1.0	1.0
10	4	76	2.0	0.0	12.742	0.514	1.0	1.0
10	4	74	2.0	0.0	13.0	0.516	1.0	1.0
10	4	72	2.0	0.0	13.29	0.461	1.0	1.0
10	4	70	2.0	0.0	13.677	0.541	1.0	1.0
10	4	68	2.0	0.0	14.258	0.514	1.0	1.0
10	4	66	1.968	0.18	15.0	0.73	1.0	1.0
10	4	64	1.742	0.445	15.581	0.848	1.0	1.0
10	4	62	1.241	0.511	16.967	2.312	0.903	0.968
10	4	60	0.917	0.504	17.963	1.72	0.645	0.871
10	4	58	0.185	0.483	18.5	2.0	0.129	0.258
10	4	56	0.0	0.0	nan	nan	0.0	0.0
10	4	54	0.0	0.0	nan	nan	0.0	0.0
10	4	52	0.0	0.0	nan	nan	0.0	0.0
10	4	50	0.0	0.0	nan	nan	0.0	0.0
10	4	48	0.0	0.0	nan	nan	0.0	0.0
10	4	46	0.0	0.0	nan	nan	0.0	0.0
11	4	78	2.548	0.506	13.71	0.529	1.0	1.0
11	4	76	2.484	0.508	13.968	0.482	1.0	1.0
11	4	74	2.161	0.374	14.29	0.588	1.0	1.0
11	4	72	2.032	0.18	14.903	0.539	1.0	1.0
11	4	70	2.0	0.0	15.484	0.626	1.0	1.0
11	4	68	2.0	0.0	15.903	0.746	1.0	1.0
11	4	66	2.0	0.0	16.71	0.864	1.0	1.0
11	4	64	1.677	0.475	18.258	1.527	1.0	1.0
11	4	62	1.433	0.504	18.387	0.803	0.968	1.0
11	4	60	0.909	0.426	21.393	1.892	0.613	0.903
11	4	58	0.571	0.507	22.318	2.398	0.387	0.71
11	4	56	0.033	0.183	23.0	0.0	0.032	0.065
11	4	54	0.0	0.0	nan	nan	0.0	0.0
11	4	52	0.0	0.0	nan	nan	0.0	0.0
11	4	50	0.0	0.0	nan	nan	0.0	0.0
11	4	48	0.0	0.0	nan	nan	0.0	0.0
11	4	46	0.0	0.0	nan	nan	0.0	0.0
12	4	78	3.032	0.18	13.548	0.568	1.0	1.0
12	4	76	3.0	0.0	13.935	0.442	1.0	1.0
12	4	74	3.0	0.0	14.452	0.624	1.0	1.0
12	4	72	3.0	0.0	14.935	0.574	1.0	1.0
12	4	70	3.0	0.0	15.419	0.564	1.0	1.0
12	4	68	2.968	0.18	16.258	0.631	1.0	1.0
12	4	66	2.581	0.502	16.968	0.836	1.0	1.0
12	4	64	1.935	0.814	18.032	1.016	1.0	1.0
12	4	62	1.129	0.341	20.355	1.684	1.0	1.0
12	4	60	0.968	0.18	22.967	2.189	0.968	0.968
12	4	58	0.933	0.254	25.517	4.094	0.903	0.935
12	4	56	0.333	0.479	28.455	3.882	0.323	0.355
12	4	54	0.0	0.0	nan	nan	0.0	0.0
12	4	52	0.0	0.0	nan	nan	0.0	0.0
12	4	50	0.0	0.0	nan	nan	0.0	0.0
12	4	48	0.0	0.0	nan	nan	0.0	0.0
12	4	46	0.0	0.0	nan	nan	0.0	0.0
13	4	78	2.226	0.425	13.452	0.568	1.0	1.0
13	4	76	2.194	0.402	14.0	0.258	1.0	1.0
13	4	74	2.0	0.0	14.581	0.72	1.0	1.0
13	4	72	2.0	0.0	14.806	0.477	1.0	1.0
13	4	70	2.0	0.0	15.258	0.514	1.0	1.0
13	4	68	2.0	0.0	16.097	0.908	1.0	1.0
13	4	66	1.903	0.301	16.871	0.806	1.0	1.0
13	4	64	1.806	0.402	17.355	0.985	1.0	1.0
13	4	62	1.179	0.39	19.742	1.879	0.903	1.0
13	4	60	1.174	0.388	21.097	2.3	0.742	1.0
13	4	58	0.138	0.351	23.333	1.966	0.129	0.194
13	4	56	0.0	0.0	nan	nan	0.0	0.0
13	4	54	0.0	0.0	nan	nan	0.0	0.0
13	4	52	0.0	0.0	nan	nan	0.0	0.0
13	4	50	0.0	0.0	nan	nan	0.0	0.0
13	4	48	0.0	0.0	nan	nan	0.0	0.0
13	4	46	0.0	0.0	nan	nan	0.0	0.0
14	4	78	3.0	0.0	13.258	0.514	1.0	1.0
14	4	76	3.0	0.0	13.839	0.454	1.0	1.0
14	4	74	2.935	0.25	14.161	0.638	1.0	1.0
14	4	72	2.903	0.301	14.516	0.57	1.0	1.0
14	4	70	2.677	0.475	15.419	1.177	1.0	1.0
14	4	68	2.129	0.428	16.032	0.948	1.0	1.0
14	4	66	1.968	0.18	16.903	0.7	1.0	1.0
14	4	64	1.839	0.374	17.548	0.888	1.0	1.0
14	4	62	1.226	0.425	19.323	1.447	1.0	1.0
14	4	60	1.0	0.0	21.516	2.174	1.0	1.0
14	4	58	0.968	0.18	24.3	3.25	0.968	0.968
14	4	56	0.355	0.486	26.0	3.406	0.355	0.355
14	4	54	0.0	0.0	nan	nan	0.0	0.0
14	4	52	0.0	0.0	nan	nan	0.0	0.0
14	4	50	0.0	0.0	nan	nan	0.0	0.0
14	4	48	0.0	0.0	nan	nan	0.0	0.0
14	4	46	0.0	0.0	nan	nan	0.0	0.0
15	4	78	3.0	0.0	12.516	0.508	1.0	1.0
15	4	76	3.0	0.0	12.806	0.601	1.0	1.0
15	4	74	2.903	0.301	13.226	0.497	1.0	1.0
15	4	72	2.484	0.508	13.839	0.374	1.0	1.0
15	4	70	2.194	0.402	14.226	0.617	1.0	1.0
15	4	68	2.032	0.18	14.903	0.539	1.0	1.0
15	4	66	2.0	0.0	15.581	0.848	1.0	1.0
15	4	64	1.968	0.18	16.452	0.995	1.0	1.0
15	4	62	1.484	0.508	18.452	1.823	1.0	1.0
15	4	60	1.097	0.473	20.793	2.484	0.935	0.935
15	4	58	0.893	0.416	24.296	4.331	0.774	0.871
15	4	56	0.161	0.374	24.6	1.14	0.161	0.161
15	4	54	0.0	0.0	nan	nan	0.0	0.0
15	4	52	0.0	0.0	nan	nan	0.0	0.0
15	4	50	0.0	0.0	nan	nan	0.0	0.0
15	4	48	0.0	0.0	nan	nan	0.0	0.0
15	4	46	0.0	0.0	nan	nan	0.0	0.0
16	4	78	3.581	0.502	14.387	0.615	1.0	1.0
16	4	76	3.161	0.374	14.71	0.529	1.0	1.0
16	4	74	3.032	0.18	15.419	0.765	1.0	1.0
16	4	72	2.903	0.301	15.742	0.729	1.0	1.0
16	4	70	3.032	0.18	16.258	0.575	1.0	1.0
16	4	68	2.806	0.402	17.194	0.91	1.0	1.0
16	4	66	2.258	0.631	18.097	1.274	1.0	1.0
16	4	64	1.677	0.599	19.484	1.691	1.0	1.0
16	4	62	1.226	0.425	21.097	2.371	1.0	1.0
16	4	60	1.032	0.407	22.966	2.146	0.935	0.935
16	4	58	0.833	0.461	24.16	2.249	0.774	0.806
16	4	56	0.367	0.49	27.833	2.691	0.355	0.387
16	4	54	0.032	0.18	28.0	0.0	0.032	0.032
16	4	52	0.0	0.0	nan	nan	0.0	0.0
16	4	50	0.0	0.0	nan	nan	0.0	0.0
16	4	48	0.0	0.0	nan	nan	0.0	0.0
16	4	46	0.0	0.0	nan	nan	0.0	0.0
17	4	78	2.968	0.18	13.581	0.564	1.0	1.0
17	4	76	2.935	0.25	13.871	0.619	1.0	1.0
17	4	74	2.548	0.506	14.29	0.461	1.0	1.0
17	4	72	2.516	0.508	14.871	0.499	1.0	1.0
17	4	70	2.226	0.425	15.323	0.748	1.0	1.0
17	4	68	2.032	0.18	16.161	0.735	1.0	1.0
17	4	66	1.935	0.359	17.161	0.86	1.0	1.0
17	4	64	1.581	0.502	18.258	1.032	1.0	1.0
17	4	62	1.161	0.374	19.581	1.628	1.0	1.0
17	4	60	0.933	0.365	21.893	3.304	0.871	0.903
17	4	58	0.667	0.482	24.435	2.191	0.516	0.742
17	4	56	0.067	0.254	25.333	2.309	0.065	0.097
17	4	54	0.0	0.0	nan	nan	0.0	0.0
17	4	52	0.0	0.0	nan	nan	0.0	0.0
17	4	50	0.0	0.0	nan	nan	0.0	0.0
17	4	48	0.0	0.0	nan	nan	0.0	0.0
17	4	46	0.0	0.0	nan	nan	0.0	0.0
18	4	78	3.032	0.18	14.516	0.57	1.0	1.0
18	4	76	3.0	0.0	14.968	0.315	1.0	1.0
18	4	74	3.0	0.0	15.419	0.502	1.0	1.0
18	4	72	3.0	0.0	15.677	0.653	1.0	1.0
18	4	70	2.968	0.18	16.548	0.624	1.0	1.0
18	4	68	2.645	0.608	17.645	0.95	1.0	1.0
18	4	66	2.387	0.761	18.323	1.013	1.0	1.0
18	4	64	1.581	0.62	19.903	1.557	1.0	1.0
18	4	62	1.097	0.301	22.097	2.087	1.0	1.0
18	4	60	1.0	0.263	24.7	2.744	0.935	0.968
18	4	58	0.9	0.305	27.821	3.732	0.871	0.903
18	4	56	0.097	0.301	27.667	1.528	0.097	0.097
18	4	54	0.0	0.0	nan	nan	0.0	0.0
18	4	52	0.0	0.0	nan	nan	0.0	0.0
18	4	50	0.0	0.0	nan	nan	0.0	0.0
18	4	48	0.0	0.0	nan	nan	0.0	0.0
18	4	46	0.0	0.0	nan	nan	0.0	0.0
19	4	78	3.032	0.18	13.806	0.402	1.0	1.0
19	4	76	3.0	0.0	13.935	0.574	1.0	1.0
19	4	74	3.0	0.0	14.613	0.558	1.0	1.0
19	4	72	3.0	0.0	15.065	0.629	1.0	1.0
19	4	70	2.935	0.25	15.516	0.626	1.0	1.0
19	4	68	2.677	0.475	16.323	0.599	1.0	1.0
19	4	66	2.548	0.506	16.903	0.831	1.0	1.0
19	4	64	1.71	0.643	18.194	1.352	1.0	1.0
19	4	62	1.129	0.341	20.258	1.591	1.0	1.0
19	4	60	1.0	0.0	22.419	1.945	1.0	1.0
19	4	58	0.935	0.25	25.448	3.631	0.935	0.935
19	4	56	0.1	0.305	29.0	4.69	0.097	0.129
19	4	54	0.0	0.0	nan	nan	0.0	0.0
19	4	52	0.0	0.0	nan	nan	0.0	0.0
19	4	50	0.0	0.0	nan	nan	0.0	0.0
19	4	48	0.0	0.0	nan	nan	0.0	0.0
19	4	46	0.0	0.0	nan	nan	0.0	0.0
20	4	78	3.0	0.0	13.0	0.447	1.0	1.0
20	4	76	3.0	0.0	13.258	0.445	1.0	1.0
20	4	74	3.0	0.0	13.806	0.477	1.0	1.0
20	4	72	2.871	0.341	14.323	0.475	1.0	1.0
20	4	70	2.452	0.506	14.839	0.688	1.0	1.0
20	4	68	2.129	0.341	15.29	0.693	1.0	1.0
20	4	66	2.0	0.0	16.387	0.715	1.0	1.0
20	4	64	1.806	0.402	17.516	1.313	1.0	1.0
20	4	62	1.226	0.425	19.419	2.218	1.0	1.0
20	4	60	1.0	0.0	21.839	2.518	1.0	1.0
20	4	58	0.767	0.43	25.042	3.355	0.742	0.774
20	4	56	0.097	0.301	28.333	2.082	0.097	0.097
20	4	54	0.0	0.0	nan	nan	0.0	0.0
20	4	52	0.0	0.0	nan	nan	0.0	0.0
20	4	50	0.0	0.0	nan	nan	0.0	0.0
20	4	48	0.0	0.0	nan	nan	0.0	0.0
20	4	46	0.0	0.0	nan	nan	0.0	0.0
21	4	78	2.323	0.475	12.645	0.486	1.0	1.0
21	4	76	2.065	0.25	12.839	0.374	1.0	1.0
21	4	74	2.161	0.374	13.355	0.486	1.0	1.0
21	4	72	2.0	0.0	13.645	0.551	1.0	1.0
21	4	70	2.0	0.0	14.129	0.562	1.0	1.0
21	4	68	2.0	0.0	14.613	0.615	1.0	1.0
21	4	66	2.0	0.0	15.355	0.755	1.0	1.0
21	4	64	1.968	0.18	16.258	0.815	1.0	1.0
21	4	62	1.8	0.407	17.387	0.919	0.968	1.0
21	4	60	1.357	0.488	19.161	1.594	0.903	1.0
21	4	58	0.958	0.624	20.269	2.237	0.613	0.839
21	4	56	0.074	0.267	23.0	2.53	0.065	0.194
21	4	54	0.0	0.0	nan	nan	0.0	0.0
21	4	52	0.0	0.0	nan	nan	0.0	0.0
21	4	50	0.0	0.0	nan	nan	0.0	0.0
21	4	48	0.0	0.0	nan	nan	0.0	0.0
21	4	46	0.0	0.0	nan	nan	0.0	0.0
22	4	78	3.0	0.0	12.581	0.502	1.0	1.0
22	4	76	2.935	0.25	12.935	0.442	1.0	1.0
22	4	74	2.839	0.374	13.387	0.495	1.0	1.0
22	4	72	2.29	0.461	13.839	0.523	1.0	1.0
22	4	70	2.194	0.402	14.226	0.56	1.0	1.0
22	4	68	2.0	0.0	14.968	0.706	1.0	1.0
22	4	66	2.0	0.0	15.581	0.672	1.0	1.0
22	4	64	2.0	0.0	16.323	0.748	1.0	1.0
22	4	62	1.613	0.495	18.161	1.416	1.0	1.0
22	4	60	1.258	0.445	19.516	1.947	1.0	1.0
22	4	58	1.0	0.258	22.7	2.437	0.968	0.968
22	4	56	0.345	0.484	25.25	3.166	0.323	0.387
22	4	54	0.032	0.18	25.0	0.0	0.032	0.032
22	4	52	0.0	0.0	nan	nan	0.0	0.0
22	4	50	0.0	0.0	nan	nan	0.0	0.0
22	4	48	0.0	0.0	nan	nan	0.0	0.0
22	4	46	0.0	0.0	nan	nan	0.0	0.0
23	4	78	2.097	0.301	12.065	0.359	1.0	1.0
23	4	76	2.032	0.18	12.129	0.341	1.0	1.0
23	4	74	2.0	0.0	12.742	0.445	1.0	1.0
23	4	72	2.0	0.0	12.935	0.442	1.0	1.0
23	4	70	2.0	0.0	13.323	0.599	1.0	1.0
23	4	68	2.0	0.0	14.129	0.562	1.0	1.0
23	4	66	1.968	0.18	14.71	0.588	1.0	1.0
23	4	64	1.968	0.18	15.355	0.709	1.0	1.0
23	4	62	1.933	0.254	16.29	1.736	0.968	1.0
23	4	60	1.423	0.504	17.613	1.606	0.839	1.0
23	4	58	1.067	0.799	19.37	2.356	0.355	0.871
23	4	56	0.174	0.491	21.273	2.328	0.097	0.355
23	4	54	0.0	0.0	nan	nan	0.0	0.0
23	4	52	0.0	0.0	nan	nan	0.0	0.0
23	4	50	0.0	0.0	nan	nan	0.0	0.0
23	4	48	0.0	0.0	nan	nan	0.0	0.0
23	4	46	0.0	0.0	nan	nan	0.0	0.0
24	4	78	3.258	0.445	13.387	0.558	1.0	1.0
24	4	76	3.032	0.18	13.677	0.653	1.0	1.0
24	4	74	2.968	0.18	14.161	0.523	1.0	1.0
24	4	72	2.935	0.25	14.613	0.615	1.0	1.0
24	4	70	2.871	0.341	15.032	0.795	1.0	1.0
24	4	68	2.71	0.461	15.774	1.257	1.0	1.0
24	4	66	2.452	0.506	16.419	0.807	1.0	1.0
24	4	64	2.032	0.547	17.258	1.316	1.0	1.0
24	4	62	1.806	0.543	17.581	0.923	1.0	1.0
24	4	60	1.097	0.539	19.821	1.827	0.903	0.903
24	4	58	1.107	0.416	21.133	2.36	0.871	0.968
24	4	56	0.548	0.506	24.059	2.727	0.548	0.548
24	4	54	0.367	0.49	25.0	1.348	0.355	0.387
24	4	52	0.0	0.0	nan	nan	0.0	0.0
24	4	50	0.0	0.0	nan	nan	0.0	0.0
24	4	48	0.0	0.0	nan	nan	0.0	0.0
24	4	46	0.0	0.0	nan	nan	0.0	0.0
25	4	78	3.0	0.0	14.29	0.461	1.0	1.0
25	4	76	3.0	0.0	14.484	0.57	1.0	1.0
25	4	74	2.742	0.445	15.161	0.523	1.0	1.0
25	4	72	2.484	0.508	15.548	0.624	1.0	1.0
25	4	70	2.194	0.402	16.258	0.773	1.0	1.0
25	4	68	1.968	0.315	17.097	0.831	1.0	1.0
25	4	66	1.613	0.495	18.29	1.16	1.0	1.0
25	4	64	1.194	0.402	19.194	1.47	1.0	1.0
25	4	62	1.032	0.18	20.839	2.067	1.0	1.0
25	4	60	1.032	0.18	22.516	1.895	1.0	1.0
25	4	58	0.767	0.43	24.167	1.633	0.742	0.774
25	4	56	0.233	0.43	25.375	2.446	0.226	0.258
25	4	54	0.0	0.0	nan	nan	0.0	0.0
25	4	52	0.0	0.0	nan	nan	0.0	0.0
25	4	50	0.0	0.0	nan	nan	0.0	0.0
25	4	48	0.0	0.0	nan	nan	0.0	0.0
25	4	46	0.0	0.0	nan	nan	0.0	0.0
26	4	78	2.903	0.301	13.097	0.473	1.0	1.0
26	4	76	2.839	0.374	13.452	0.506	1.0	1.0
26	4	74	2.581	0.502	13.677	0.541	1.0	1.0
26	4	72	2.548	0.506	14.226	0.425	1.0	1.0
26	4	70	2.226	0.425	14.71	0.588	1.0	1.0
26	4	68	2.097	0.301	15.032	0.657	1.0	1.0
26	4	66	2.0	0.0	16.0	0.775	1.0	1.0
26	4	64	1.935	0.25	16.581	1.025	1.0	1.0
26	4	62	1.71	0.461	17.774	1.23	1.0	1.0
26	4	60	1.138	0.351	19.71	1.811	0.935	1.0
26	4	58	0.826	0.388	21.259	1.992	0.613	0.871
26	4	56	0.087	0.288	24.0	2.0	0.065	0.323
26	4	54	0.0	0.0	nan	nan	0.0	0.0
26	4	52	0.0	0.0	nan	nan	0.0	0.0
26	4	50	0.0	0.0	nan	nan	0.0	0.0
26	4	48	0.0	0.0	nan	nan	0.0	0.0
26	4	46	0.0	0.0	nan	nan	0.0	0.0
27	4	78	4.194	0.402	14.613	0.495	1.0	1.0
27	4	76	4.0	0.0	14.968	0.482	1.0	1.0
27	4	74	4.0	0.0	15.355	0.551	1.0	1.0
27	4	72	4.0	0.0	16.032	0.706	1.0	1.0
27	4	70	3.968	0.18	16.452	0.506	1.0	1.0
27	4	68	3.71	0.529	17.323	0.791	1.0	1.0
27	4	66	2.871	0.806	18.161	0.898	1.0	1.0
27	4	64	2.226	0.425	19.419	1.205	1.0	1.0
27	4	62	2.0	0.0	21.0	1.592	1.0	1.0
27	4	60	2.0	0.0	23.323	2.166	1.0	1.0
27	4	58	2.0	0.0	26.452	3.15	1.0	1.0
27	4	56	1.731	0.604	31.207	3.931	0.774	0.935
27	4	54	0.296	0.542	34.636	4.523	0.226	0.355
27	4	52	0.0	0.0	nan	nan	0.0	0.0
27	4	50	0.0	0.0	nan	nan	0.0	0.0
27	4	48	0.0	0.0	nan	nan	0.0	0.0
27	4	46	0.0	0.0	nan	nan	0.0	0.0
28	4	78	3.968	0.18	13.29	0.461	1.0	1.0
28	4	76	3.548	0.506	13.839	0.454	1.0	1.0
28	4	74	3.387	0.495	14.226	0.617	1.0	1.0
28	4	72	3.129	0.341	14.613	0.615	1.0	1.0
28	4	70	3.032	0.18	15.161	0.523	1.0	1.0
28	4	68	2.935	0.25	16.387	1.308	1.0	1.0
28	4	66	2.968	0.18	16.839	0.735	1.0	1.0
28	4	64	2.742	0.445	17.839	0.934	1.0	1.0
28	4	62	2.065	0.574	19.548	1.804	1.0	1.0
28	4	60	1.613	0.558	21.871	2.419	1.0	1.0
28	4	58	1.065	0.359	24.9	2.325	0.968	0.968
28	4	56	0.75	0.441	29.292	4.048	0.677	0.774
28	4	54	0.0	0.0	nan	nan	0.0	0.0
28	4	52	0.0	0.0	nan	nan	0.0	0.0
28	4	50	0.0	0.0	nan	nan	0.0	0.0
28	4	48	0.0	0.0	nan	nan	0.0	0.0
28	4	46	0.0	0.0	nan	nan	0.0	0.0
29	4	78	2.0	0.0	12.129	0.341	1.0	1.0
29	4	76	2.0	0.0	12.355	0.486	1.0	1.0
29	4	74	2.0	0.0	12.774	0.425	1.0	1.0
29	4	72	2.0	0.0	13.161	0.374	1.0	1.0
29	4	70	2.0	0.0	13.323	0.599	1.0	1.0
29	4	68	1.968	0.18	13.968	1.048	1.0	1.0
29	4	66	1.968	0.18	14.645	0.551	1.0	1.0
29	4	64	1.71	0.461	15.226	1.055	1.0	1.0
29	4	62	1.355	0.486	15.806	0.654	1.0	1.0
29	4	60	1.267	0.45	16.581	0.848	0.968	1.0
29	4	58	0.842	0.501	18.074	1.73	0.484	0.871
29	4	56	0.118	0.332	20.875	2.655	0.065	0.516
29	4	54	0.0	0.0	21.0	2.191	0.0	0.194
29	4	52	0.0	0.0	nan	nan	0.0	0.0
29	4	50	0.0	0.0	nan	nan	0.0	0.0
29	4	48	0.0	0.0	nan	nan	0.0	0.0
29	4	46	0.0	0.0	nan	nan	0.0	0.0
30	4	78	2.968	0.18	13.516	0.57	1.0	1.0
30	4	76	2.903	0.301	13.806	0.601	1.0	1.0
30	4	74	2.806	0.402	14.226	0.669	1.0	1.0
30	4	72	2.419	0.502	14.71	0.588	1.0	1.0
30	4	70	2.355	0.486	15.097	0.597	1.0	1.0
30	4	68	2.129	0.341	15.677	0.653	1.0	1.0
30	4	66	2.032	0.18	16.258	0.682	1.0	1.0
30	4	64	1.935	0.25	16.677	0.791	1.0	1.0
30	4	62	1.548	0.506	18.194	1.046	1.0	1.0
30	4	60	1.267	0.45	19.129	1.455	0.968	1.0
30	4	58	1.074	0.267	21.194	2.227	0.871	1.0
30	4	56	0.5	0.509	22.941	2.277	0.452	0.548
30	4	54	0.2	0.407	24.0	2.236	0.194	0.226
30	4	52	0.0	0.0	nan	nan	0.0	0.0
30	4	50	0.0	0.0	nan	nan	0.0	0.0
30	4	48	0.0	0.0	nan	nan	0.0	0.0
30	4	46	0.0	0.0	nan	nan	0.0	0.0
31	4	78	2.032	0.18	12.226	0.497	1.0	1.0
31	4	76	2.0	0.0	12.71	0.588	1.0	1.0
31	4	74	2.0	0.0	12.903	0.539	1.0	1.0
31	4	72	2.0	0.0	13.226	0.717	1.0	1.0
31	4	70	2.0	0.0	13.839	0.583	1.0	1.0
31	4	68	2.0	0.0	14.258	0.514	1.0	1.0
31	4	66	2.0	0.0	14.677	0.653	1.0	1.0
31	4	64	1.935	0.25	15.419	0.62	1.0	1.0
31	4	62	1.621	0.494	16.516	1.122	0.935	1.0
31	4	60	1.286	0.46	17.581	1.669	0.903	1.0
31	4	58	1.118	0.6	18.897	1.496	0.484	0.935
31	4	56	0.0	0.0	22.308	2.057	0.0	0.419
31	4	54	0.0	0.0	20.0	0.0	0.0	0.032
31	4	52	0.0	0.0	nan	nan	0.0	0.0
31	4	50	0.0	0.0	nan	nan	0.0	0.0
31	4	48	0.0	0.0	nan	nan	0.0	0.0
31	4	46	0.0	0.0	nan	nan	0.0	0.0
0	5	78	4.0	0.0	13.903	0.396	1.0	1.0
0	5	76	3.935	0.25	14.258	0.445	1.0	1.0
0	5	74	3.774	0.425	14.71	0.693	1.0	1.0
0	5	72	3.419	0.502	15.258	0.445	1.0	1.0
0	5	70	3.129	0.341	15.839	0.583	1.0	1.0
0	5	68	3.0	0.0	16.516	0.57	1.0	1.0
0	5	66	2.774	0.425	17.452	0.961	1.0	1.0
0	5	64	2.548	0.506	18.419	1.205	1.0	1.0
0	5	62	2.065	0.359	20.032	1.683	1.0	1.0
0	5	60	1.871	0.428	22.387	1.892	1.0	1.0
0	5	58	1.387	0.495	25.097	2.166	1.0	1.0
0	5	56	1.036	0.331	28.467	3.758	0.871	0.968
0	5	54	0.32	0.476	32.857	3.57	0.258	0.452
0	5	52	0.0	0.0	nan	nan	0.0	0.0
0	5	50	0.0	0.0	nan	nan	0.0	0.0
0	5	48	0.0	0.0	nan	nan	0.0	0.0
0	5	46	0.0	0.0	nan	nan	0.0	0.0
1	5	78	3.0	0.0	14.226	0.425	1.0	1.0
1	5	76	3.0	0.0	14.484	0.508	1.0	1.0
1	5	74	2.968	0.18	14.806	0.703	1.0	1.0
1	5	72	2.871	0.341	15.323	0.475	1.0	1.0
1	5	70	2.581	0.564	16.258	0.682	1.0	1.0
1	5	68	2.194	0.477	16.968	0.875	1.0	1.0
1	5	66	1.71	0.461	18.032	1.14	1.0	1.0
1	5	64	1.129	0.341	20.226	1.978	1.0	1.0
1	5	62	1.032	0.18	22.516	2.047	1.0	1.0
1	5	60	0.839	0.374	25.654	2.637	0.839	0.839
1	5	58	0.226	0.425	28.429	3.047	0.226	0.226
1	5	56	0.032	0.18	28.0	0.0	0.032	0.032
1	5	54	0.0	0.0	nan	nan	0.0	0.0
1	5	52	0.0	0.0	nan	nan	0.0	0.0
1	5	50	0.0	0.0	nan	nan	0.0	0.0
1	5	48	0.0	0.0	nan	nan	0.0	0.0
1	5	46	0.0	0.0	nan	nan	0.0	0.0
2	5	78	2.871	0.341	12.871	0.341	1.0	1.0
2	5	76	2.774	0.425	12.968	0.315	1.0	1.0
2	5	74	2.29	0.461	13.387	0.715	1.0	1.0
2	5	72	2.129	0.341	14.097	0.651	1.0	1.0
2	5	70	2.0	0.0	14.29	0.461	1.0	1.0
2	5	68	2.0	0.0	15.032	0.605	1.0	1.0
2	5	66	2.0	0.0	15.581	0.848	1.0	1.0
2	5	64	1.935	0.25	16.548	0.888	1.0	1.0
2	5	62	1.742	0.445	17.581	1.057	1.0	1.0
2	5	60	1.556	0.506	18.774	1.283	0.871	1.0
2	5	58	0.68	0.557	21.0	2.449	0.516	0.71
2	5	56	0.125	0.338	22.6	1.897	0.097	0.323
2	5	54	0.032	0.18	25.0	0.0	0.032	0.032
2	5	52	0.0	0.0	nan	nan	0.0	0.0
2	5	50	0.0	0.0	nan	nan	0.0	0.0
2	5	48	0.0	0.0	nan	nan	0.0	0.0
2	5	46	0.0	0.0	nan	nan	0.0	0.0
3	5	78	2.806	0.402	13.0	0.258	1.0	1.0
3	5	76	2.677	0.475	13.548	0.506	1.0	1.0
3	5	74	2.516	0.508	13.903	0.301	1.0	1.0
3	5	72	2.129	0.341	14.258	0.631	1.0	1.0
3	5	70	2.0	0.0	14.581	0.564	1.0	1.0
3	5	68	2.032	0.18	15.387	0.615	1.0	1.0
3	5	66	1.968	0.18	16.161	0.898	1.0	1.0
3	5	64	1.871	0.341	17.0	1.612	1.0	1.0
3	5	62	1.821	0.39	17.548	1.121	0.903	1.0
3	5	60	1.308	0.549	19.267	1.741	0.806	0.968
3	5	58	0.737	0.733	22.087	3.274	0.355	0.742
3	5	56	0.1	0.305	23.5	1.732	0.097	0.129
3	5	54	0.0	0.0	nan	nan	0.0	0.0
3	5	52	0.0	0.0	nan	nan	0.0	0.0
3	5	50	0.0	0.0	nan	nan	0.0	0.0
3	5	48	0.0	0.0	nan	nan	0.0	0.0
3	5	46	0.0	0.0	nan	nan	0.0	0.0
4	5	78	3.0	0.0	13.548	0.506	1.0	1.0
4	5	76	2.935	0.25	13.806	0.543	1.0	1.0
4	5	74	2.839	0.374	14.645	0.709	1.0	1.0
4	5	72	2.806	0.402	14.774	0.425	1.0	1.0
4	5	70	2.419	0.502	15.516	0.57	1.0	1.0
4	5	68	2.161	0.374	16.323	0.791	1.0	1.0
4	5	66	1.871	0.341	17.29	0.973	1.0	1.0
4	5	64	1.645	0.486	18.097	1.375	1.0	1.0
4	5	62	1.065	0.25	20.484	2.515	1.0	1.0
4	5	60	1.065	0.25	21.935	2.816	1.0	1.0
4	5	58	0.69	0.471	24.636	3.332	0.645	0.71
4	5	56	0.133	0.346	26.4	2.074	0.129	0.161
4	5	54	0.0	0.0	nan	nan	0.0	0.0
4	5	52	0.0	0.0	nan	nan	0.0	0.0
4	5	50	0.0	0.0	nan	nan	0.0	0.0
4	5	48	0.0	0.0	nan	nan	0.0	0.0
4	5	46	0.0	0.0	nan	nan	0.0	0.0
5	5	78	2.032	0.18	12.0	0.258	1.0	1.0
5	5	76	2.0	0.0	12.387	0.495	1.0	1.0
5	5	74	2.0	0.0	12.548	0.506	1.0	1.0
5	5	72	2.0	0.0	12.935	0.512	1.0	1.0
5	5	70	2.0	0.0	13.258	0.514	1.0	1.0
5	5	68	2.0	0.0	13.742	0.575	1.0	1.0
5	5	66	1.935	0.359	14.5	0.731	0.968	0.968
5	5	64	1.839	0.374	15.0	0.73	1.0	1.0
5	5	62	1.419	0.502	15.677	0.791	1.0	1.0
5	5	60	1.115	0.326	17.065	1.569	0.839	1.0
5	5	58	0.583	0.504	18.714	2.61	0.452	0.677
5	5	56	0.037	0.192	20.2	3.271	0.032	0.161
5	5	54	0.0	0.0	nan	nan	0.0	0.0
5	5	52	0.0	0.0	nan	nan	0.0	0.0
5	5	50	0.0	0.0	nan	nan	0.0	0.0
5	5	48	0.0	0.0	nan	nan	0.0	0.0
5	5	46	0.0	0.0	nan	nan	0.0	0.0
6	5	78	3.0	0.0	13.323	0.475	1.0	1.0
6	5	76	3.0	0.0	13.71	0.588	1.0	1.0
6	5	74	3.0	0.0	14.065	0.629	1.0	1.0
6	5	72	3.0	0.0	14.419	0.564	1.0	1.0
6	5	70	2.903	0.301	15.161	0.638	1.0	1.0
6	5	68	2.548	0.506	16.0	1.033	1.0	1.0
6	5	66	2.419	0.502	16.484	0.677	1.0	1.0
6	5	64	1.903	0.396	17.323	0.979	1.0	1.0
6	5	62	1.548	0.506	18.387	1.23	1.0	1.0
6	5	60	1.065	0.25	21.548	2.755	1.0	1.0
6	5	58	0.968	0.18	22.967	3.057	0.968	0.968
6	5	56	0.419	0.502	24.615	2.501	0.419	0.419
6	5	54	0.032	0.18	27.0	0.0	0.032	0.032
6	5	52	0.0	0.0	nan	nan	0.0	0.0
6	5	50	0.0	0.0	nan	nan	0.0	0.0
6	5	48	0.0	0.0	nan	nan	0.0	0.0
6	5	46	0.0	0.0	nan	nan	0.0	0.0
7	5	78	2.129	0.341	12.258	0.445	1.0	1.0
7	5	76	2.097	0.301	12.613	0.495	1.0	1.0
7	5	74	2.0	0.0	13.032	0.407	1.0	1.0
7	5	72	2.0	0.0	13.161	0.523	1.0	1.0
7	5	70	2.0	0.0	13.677	0.475	1.0	1.0
7	5	68	2.0	0.0	14.419	0.72	1.0	1.0
7	5	66	1.935	0.25	14.935	0.772	1.0	1.0
7	5	64	1.935	0.25	15.613	0.955	1.0	1.0
7	5	62	1.69	0.471	17.032	1.378	0.935	1.0
7	5	60	1.273	0.631	18.724	2.389	0.645	0.935
7	5	58	0.737	0.733	19.435	2.744	0.355	0.742
7	5	56	0.032	0.18	18.0	0.0	0.032	0.032
7	5	54	0.0	0.0	nan	nan	0.0	0.0
7	5	52	0.0	0.0	nan	nan	0.0	0.0
7	5	50	0.0	0.0	nan	nan	0.0	0.0
7	5	48	0.0	0.0	nan	nan	0.0	0.0
7	5	46	0.0	0.0	nan	nan	0.0	0.0
8	5	78	2.29	0.461	12.774	0.497	1.0	1.0
8	5	76	2.161	0.374	13.194	0.402	1.0	1.0
8	5	74	2.032	0.18	13.258	0.445	1.0	1.0
8	5	72	2.0	0.0	13.548	0.624	1.0	1.0
8	5	70	2.0	0.0	14.387	0.615	1.0	1.0
8	5	68	2.0	0.0	14.903	0.831	1.0	1.0
8	5	66	2.0	0.0	15.677	0.702	1.0	1.0
8	5	64	2.0	0.0	16.516	0.851	1.0	1.0
8	5	62	1.679	0.476	17.935	1.482	0.903	1.0
8	5	60	1.211	0.631	19.655	2.272	0.548	0.935
8	5	58	0.529	0.514	21.696	2.42	0.29	0.742
8	5	56	0.0	0.0	23.0	0.0	0.0	0.032
8	5	54	0.0	0.0	nan	nan	0.0	0.0
8	5	52	0.0	0.0	nan	nan	0.0	0.0
8	5	50	0.0	0.0	nan	nan	0.0	0.0
8	5	48	0.0	0.0	nan	nan	0.0	0.0
8	5	46	0.0	0.0	nan	nan	0.0	0.0
9	5	78	3.0	0.0	12.968	0.315	1.0	1.0
9	5	76	3.0	0.0	13.258	0.575	1.0	1.0
9	5	74	2.839	0.374	13.903	0.7	1.0	1.0
9	5	72	2.71	0.461	14.258	0.815	1.0	1.0
9	5	70	2.323	0.475	14.774	0.56	1.0	1.0
9	5	68	2.129	0.341	15.452	0.768	1.0	1.0
9	5	66	2.129	0.341	16.0	0.856	1.0	1.0
9	5	64	1.903	0.301	16.742	0.999	1.0	1.0
9	5	62	1.548	0.506	18.323	1.469	1.0	1.0
9	5	60	1.138	0.441	20.033	1.884	0.903	0.968
9	5	58	0.654	0.562	22.381	2.5	0.516	0.677
9	5	56	0.033	0.183	25.0	1.414	0.032	0.065
9	5	54	0.0	0.0	nan	nan	0.0	0.0
9	5	52	0.0	0.0	nan	nan	0.0	0.0
9	5	50	0.0	0.0	nan	nan	0.0	0.0
9	5	48	0.0	0.0	nan	nan	0.0	0.0
9	5	46	0.0	0.0	nan	nan	0.0	0.0
10	5	78	3.032	0.18	14.194	0.543	1.0	1.0
10	5	76	3.065	0.25	14.71	0.643	1.0	1.0
10	5	74	2.968	0.18	14.774	0.56	1.0	1.0
10	5	72	3.0	0.0	15.258	0.575	1.0	1.0
10	5	70	2.968	0.18	16.0	0.683	1.0	1.0
10	5	68	2.871	0.341	16.742	0.815	1.0	1.0
10	5	66	2.355	0.661	17.161	0.779	1.0	1.0
10	5	64	1.742	0.773	18.387	1.256	1.0	1.0
10	5	62	1.032	0.18	20.323	1.939	1.0	1.0
10	5	60	1.0	0.0	21.516	1.947	1.0	1.0
10	5	58	0.935	0.25	23.138	2.199	0.935	0.935
10	5	56	0.742	0.445	26.261	2.717	0.742	0.742
10	5	54	0.194	0.402	25.167	1.329	0.194	0.194
10	5	52	0.0	0.0	nan	nan	0.0	0.0
10	5	50	0.0	0.0	nan	nan	0.0	0.0
10	5	48	0.0	0.0	nan	nan	0.0	0.0
10	5	46	0.0	0.0	nan	nan	0.0	0.0
11	5	78	2.484	0.508	12.806	0.402	1.0	1.0
11	5	76	2.387	0.495	12.903	0.301	1.0	1.0
11	5	74	2.161	0.374	13.194	0.402	1.0	1.0
11	5	72	2.032	0.18	13.839	0.454	1.0	1.0
11	5	70	2.065	0.25	14.226	0.805	1.0	1.0
11	5	68	2.0	0.0	14.677	0.541	1.0	1.0
11	5	66	2.0	0.0	15.452	0.568	1.0	1.0
11	5	64	1.968	0.18	16.032	0.657	1.0	1.0
11	5	62	1.75	0.441	17.419	1.232	0.903	1.0
11	5	60	1.333	0.686	18.897	2.059	0.516	0.935
11	5	58	0.24	0.597	19.6	2.319	0.129	0.323
11	5	56	0.0	0.0	nan	nan	0.0	0.0
11	5	54	0.0	0.0	nan	nan	0.0	0.0
11	5	52	0.0	0.0	nan	nan	0.0	0.0
11	5	50	0.0	0.0	nan	nan	0.0	0.0
11	5	48	0.0	0.0	nan	nan	0.0	0.0
11	5	46	0.0	0.0	nan	nan	0.0	0.0
12	5	78	3.935	0.25	14.806	0.402	1.0	1.0
12	5	76	3.581	0.502	15.323	0.702	1.0	1.0
12	5	74	3.194	0.402	15.806	0.601	1.0	1.0
12	5	72	3.032	0.315	16.355	0.608	1.0	1.0
12	5	70	3.0	0.0	16.742	0.682	1.0	1.0
12	5	68	2.613	0.495	18.194	1.138	1.0	1.0
12	5	66	2.419	0.502	18.839	1.128	1.0	1.0
12	5	64	1.935	0.359	20.387	1.407	1.0	1.0
12	5	62	1.548	0.506	22.935	2.744	1.0	1.0
12	5	60	1.1	0.305	26.0	3.454	0.968	1.0
12	5	58	0.871	0.499	27.84	3.249	0.806	0.806
12	5	56	0.241	0.435	31.222	2.682	0.226	0.29
12	5	54	0.0	0.0	nan	nan	0.0	0.0
12	5	52	0.0	0.0	nan	nan	0.0	0.0
12	5	50	0.0	0.0	nan	nan	0.0	0.0
12	5	48	0.0	0.0	nan	nan	0.0	0.0
12	5	46	0.0	0.0	nan	nan	0.0	0.0
13	5	78	2.0	0.0	11.871	0.341	1.0	1.0
13	5	76	2.0	0.0	11.968	0.315	1.0	1.0
13	5	74	2.0	0.0	12.29	0.461	1.0	1.0
13	5	72	2.0	0.0	12.677	0.599	1.0	1.0
13	5	70	2.0	0.0	13.129	0.499	1.0	1.0
13	5	68	1.903	0.301	13.742	0.575	1.0	1.0
13	5	66	1.806	0.402	14.129	0.67	1.0	1.0
13	5	64	1.548	0.506	14.839	0.779	1.0	1.0
13	5	62	1.258	0.445	15.29	1.006	1.0	1.0
13	5	60	1.033	0.32	16.4	0.968	0.935	0.968
13	5	58	0.84	0.374	17.481	1.122	0.677	0.871
13	5	56	0.125	0.338	19.0	1.414	0.097	0.323
13	5	54	0.0	0.0	nan	nan	0.0	0.0
13	5	52	0.0	0.0	nan	nan	0.0	0.0
13	5	50	0.0	0.0	nan	nan	0.0	0.0
13	5	48	0.0	0.0	nan	nan	0.0	0.0
13	5	46	0.0	0.0	nan	nan	0.0	0.0
14	5	78	2.935	0.25	13.871	0.562	1.0	1.0
14	5	76	2.839	0.374	13.968	0.315	1.0	1.0
14	5	74	2.387	0.495	14.613	0.615	1.0	1.0
14	5	72	2.258	0.445	14.935	0.512	1.0	1.0
14	5	70	2.065	0.25	15.548	0.85	1.0	1.0
14	5	68	2.032	0.18	16.258	0.729	1.0	1.0
14	5	66	1.871	0.341	16.935	1.031	1.0	1.0
14	5	64	1.516	0.508	18.258	1.125	1.0	1.0
14	5	62	1.097	0.396	19.9	1.709	0.968	0.968
14	5	60	1.032	0.18	20.677	1.939	1.0	1.0
14	5	58	0.815	0.396	23.462	1.838	0.71	0.839
14	5	56	0.133	0.346	25.6	1.817	0.129	0.161
14	5	54	0.0	0.0	nan	nan	0.0	0.0
14	5	52	0.0	0.0	nan	nan	0.0	0.0
14	5	50	0.0	0.0	nan	nan	0.0	0.0
14	5	48	0.0	0.0	nan	nan	0.0	0.0
14	5	46	0.0	0.0	nan	nan	0.0	0.0
15	5	78	3.161	0.374	13.194	0.477	1.0	1.0
15	5	76	2.968	0.18	13.581	0.564	1.0	1.0
15	5	74	3.0	0.0	14.097	0.396	1.0	1.0
15	5	72	3.0	0.0	14.71	0.461	1.0	1.0
15	5	70	3.0	0.0	14.935	0.68	1.0	1.0
15	5	68	3.0	0.0	15.387	0.715	1.0	1.0
15	5	66	2.871	0.341	16.258	0.514	1.0	1.0
15	5	64	2.484	0.724	17.323	1.166	1.0	1.0
15	5	62	1.645	0.755	18.516	1.18	1.0	1.0
15	5	60	1.29	0.588	19.903	1.599	1.0	1.0
15	5	58	1.065	0.359	22.367	2.236	0.968	0.968
15	5	56	0.933	0.254	26.379	3.812	0.903	0.935
15	5	54	0.419	0.502	27.077	4.153	0.419	0.419
15	5	52	0.0	0.0	nan	nan	0.0	0.0
15	5	50	0.0	0.0	nan	nan	0.0	0.0
15	5	48	0.0	0.0	nan	nan	0.0	0.0
15	5	46	0.0	0.0	nan	nan	0.0	0.0
16	5	78	2.71	0.461	11.774	0.497	1.0	1.0
16	5	76	2.194	0.402	12.0	0.365	1.0	1.0
16	5	74	2.129	0.341	12.194	0.402	1.0	1.0
16	5	72	2.0	0.0	12.581	0.502	1.0	1.0
16	5	70	2.0	0.0	12.871	0.428	1.0	1.0
16	5	68	2.0	0.0	13.355	0.486	1.0	1.0
16	5	66	2.0	0.0	13.613	0.495	1.0	1.0
16	5	64	2.0	0.0	14.0	0.447	1.0	1.0
16	5	62	2.0	0.0	14.968	0.706	1.0	1.0
16	5	60	1.968	0.18	15.355	0.661	1.0	1.0
16	5	58	1.759	0.435	16.516	1.029	0.935	1.0
16	5	56	1.474	0.612	18.1	1.918	0.581	0.968
16	5	54	0.5	0.688	19.211	1.96	0.258	0.613
16	5	52	0.0	0.0	19.333	1.528	0.0	0.097
16	5	50	0.0	0.0	nan	nan	0.0	0.0
16	5	48	0.0	0.0	nan	nan	0.0	0.0
16	5	46	0.0	0.0	nan	nan	0.0	0.0
17	5	78	4.0	0.0	16.194	0.402	1.0	1.0
17	5	76	4.0	0.0	16.484	0.508	1.0	1.0
17	5	74	4.0	0.0	16.935	0.512	1.0	1.0
17	5	72	3.677	0.541	17.355	0.551	1.0	1.0
17	5	70	3.484	0.626	17.968	0.482	1.0	1.0
17	5	68	2.355	0.608	18.742	0.773	1.0	1.0
17	5	66	2.097	0.301	19.516	1.061	1.0	1.0
17	5	64	2.032	0.18	20.581	1.285	1.0	1.0
17	5	62	2.0	0.0	22.194	1.579	1.0	1.0
17	5	60	2.0	0.0	23.548	1.179	1.0	1.0
17	5	58	1.871	0.341	25.419	2.73	1.0	1.0
17	5	56	1.2	0.484	28.6	2.711	0.935	0.968
17	5	54	0.44	0.583	32.0	4.033	0.323	0.516
17	5	52	0.0	0.0	37.0	0.0	0.0	0.032
17	5	50	0.0	0.0	nan	nan	0.0	0.0
17	5	48	0.0	0.0	nan	nan	0.0	0.0
17	5	46	0.0	0.0	nan	nan	0.0	0.0
18	5	78	3.0	0.0	13.161	0.454	1.0	1.0
18	5	76	3.0	0.0	13.71	0.588	1.0	1.0
18	5	74	2.935	0.25	14.097	0.651	1.0	1.0
18	5	72	2.613	0.495	14.484	0.626	1.0	1.0
18	5	70	2.29	0.461	15.129	0.562	1.0	1.0
18	5	68	1.968	0.18	16.0	1.0	1.0	1.0
18	5	66	1.968	0.18	16.645	0.877	1.0	1.0
18	5	64	1.677	0.475	17.387	1.054	1.0	1.0
18	5	62	1.194	0.402	19.935	1.948	1.0	1.0
18	5	60	1.065	0.25	21.452	2.35	1.0	1.0
18	5	58	0.839	0.454	23.92	3.148	0.806	0.806
18	5	56	0.097	0.301	25.667	0.577	0.097	0.097
18	5	54	0.0	0.0	nan	nan	0.0	0.0
18	5	52	0.0	0.0	nan	nan	0.0	0.0
18	5	50	0.0	0.0	nan	nan	0.0	0.0
18	5	48	0.0	0.0	nan	nan	0.0	0.0
18	5	46	0.0	0.0	nan	nan	0.0	0.0
19	5	78	2.032	0.18	11.903	0.301	1.0	1.0
19	5	76	2.0	0.0	12.032	0.407	1.0	1.0
19	5	74	2.0	0.0	12.613	0.558	1.0	1.0
19	5	72	2.0	0.0	12.871	0.718	1.0	1.0
19	5	70	2.0	0.0	13.226	0.617	1.0	1.0
19	5	68	2.0	0.0	13.839	0.688	1.0	1.0
19	5	66	1.903	0.301	14.516	0.811	1.0	1.0
19	5	64	1.871	0.341	14.774	0.805	1.0	1.0
19	5	62	1.667	0.479	16.0	1.033	0.968	1.0
19	5	60	1.16	0.554	17.655	1.518	0.742	0.935
19	5	58	0.524	0.602	18.95	2.259	0.323	0.645
19	5	56	0.032	0.18	18.0	0.0	0.032	0.032
19	5	54	0.0	0.0	nan	nan	0.0	0.0
19	5	52	0.0	0.0	nan	nan	0.0	0.0
19	5	50	0.0	0.0	nan	nan	0.0	0.0
19	5	48	0.0	0.0	nan	nan	0.0	0.0
19	5	46	0.0	0.0	nan	nan	0.0	0.0
20	5	78	3.0	0.0	13.355	0.486	1.0	1.0
20	5	76	2.935	0.25	13.613	0.495	1.0	1.0
20	5	74	2.903	0.301	14.129	0.991	1.0	1.0
20	5	72	2.581	0.502	14.484	0.626	1.0	1.0
20	5	70	2.387	0.495	15.0	0.632	1.0	1.0
20	5	68	2.226	0.425	15.581	0.765	1.0	1.0
20	5	66	2.032	0.18	16.097	0.7	1.0	1.0
20	5	64	1.903	0.301	17.065	0.929	1.0	1.0
20	5	62	1.548	0.506	18.097	1.326	1.0	1.0
20	5	60	1.129	0.341	20.032	1.494	1.0	1.0
20	5	58	1.071	0.378	21.8	2.041	0.871	0.968
20	5	56	0.483	0.509	23.5	2.033	0.452	0.516
20	5	54	0.129	0.341	23.5	2.082	0.129	0.129
20	5	52	0.0	0.0	nan	nan	0.0	0.0
20	5	50	0.0	0.0	nan	nan	0.0	0.0
20	5	48	0.0	0.0	nan	nan	0.0	0.0
20	5	46	0.0	0.0	nan	nan	0.0	0.0
21	5	78	2.935	0.25	12.581	0.564	1.0	1.0
21	5	76	2.839	0.374	12.677	0.475	1.0	1.0
21	5	74	2.548	0.506	13.065	0.442	1.0	1.0
21	5	72	2.323	0.475	13.516	0.508	1.0	1.0
21	5	70	2.161	0.374	14.194	0.601	1.0	1.0
21	5	68	2.065	0.25	14.613	0.761	1.0	1.0
21	5	66	2.0	0.0	15.065	0.772	1.0	1.0
21	5	64	2.0	0.0	15.968	0.752	1.0	1.0
21	5	62	1.935	0.25	16.452	0.888	1.0	1.0
21	5	60	1.767	0.43	17.581	1.089	0.968	1.0
21	5	58	1.148	0.602	19.964	3.437	0.774	0.903
21	5	56	0.607	0.629	20.611	2.004	0.484	0.581
21	5	54	0.067	0.254	23.333	0.577	0.065	0.097
21	5	52	0.0	0.0	nan	nan	0.0	0.0
21	5	50	0.0	0.0	nan	nan	0.0	0.0
21	5	48	0.0	0.0	nan	nan	0.0	0.0
21	5	46	0.0	0.0	nan	nan	0.0	0.0
22	5	78	4.0	0.0	14.839	0.583	1.0	1.0
22	5	76	4.0	0.0	15.194	0.543	1.0	1.0
22	5	74	3.774	0.425	15.645	0.551	1.0	1.0
22	5	72	3.516	0.508	16.161	0.688	1.0	1.0
22	5	70	3.258	0.514	16.903	0.79	1.0	1.0
22	5	68	2.613	0.495	17.968	0.875	1.0	1.0
22	5	66	2.29	0.529	19.097	1.491	1.0	1.0
22	5	64	2.0	0.0	20.323	1.326	1.0	1.0
22	5	62	1.839	0.374	22.71	1.697	1.0	1.0
22	5	60	1.581	0.502	24.839	2.099	1.0	1.0
22	5	58	1.2	0.407	27.742	3.141	0.968	1.0
22	5	56	0.429	0.504	30.267	3.693	0.387	0.484
22	5	54	0.0	0.0	37.0	0.0	0.0	0.032
22	5	52	0.0	0.0	nan	nan	0.0	0.0
22	5	50	0.0	0.0	nan	nan	0.0	0.0
22	5	48	0.0	0.0	nan	nan	0.0	0.0
22	5	46	0.0	0.0	nan	nan	0.0	0.0
23	5	78	2.968	0.315	12.742	0.514	1.0	1.0
23	5	76	2.871	0.341	13.129	0.499	1.0	1.0
23	5	74	2.774	0.425	13.452	0.568	1.0	1.0
23	5	72	2.29	0.461	13.839	0.638	1.0	1.0
23	5	70	2.194	0.402	14.387	0.615	1.0	1.0
23	5	68	2.194	0.402	15.355	0.709	1.0	1.0
23	5	66	2.032	0.18	15.71	0.643	1.0	1.0
23	5	64	1.933	0.254	16.194	1.014	0.968	1.0
23	5	62	1.7	0.466	17.677	1.376	0.968	1.0
23	5	60	1.269	0.533	18.9	1.373	0.806	0.968
23	5	58	0.48	0.586	20.176	1.845	0.355	0.548
23	5	56	0.0	0.0	24.5	0.707	0.0	0.065
23	5	54	0.0	0.0	nan	nan	0.0	0.0
23	5	52	0.0	0.0	nan	nan	0.0	0.0
23	5	50	0.0	0.0	nan	nan	0.0	0.0
23	5	48	0.0	0.0	nan	nan	0.0	0.0
23	5	46	0.0	0.0	nan	nan	0.0	0.0
24	5	78	3.226	0.425	12.935	0.512	1.0	1.0
24	5	76	3.129	0.341	13.323	0.475	1.0	1.0
24	5	74	2.968	0.18	13.677	0.653	1.0	1.0
24	5	72	2.968	0.18	14.226	0.762	1.0	1.0
24	5	70	2.613	0.495	14.677	0.832	1.0	1.0
24	5	68	2.581	0.502	15.258	0.855	1.0	1.0
24	5	66	2.226	0.497	16.065	0.964	1.0	1.0
24	5	64	1.968	0.315	16.581	0.958	1.0	1.0
24	5	62	1.548	0.624	18.067	1.552	0.968	0.968
24	5	60	1.379	0.494	19.71	2.355	0.935	1.0
24	5	58	0.714	0.463	22.48	2.417	0.484	0.806
24	5	56	0.172	0.384	25.571	4.541	0.161	0.226
24	5	54	0.065	0.359	18.0	0.0	0.032	0.032
24	5	52	0.0	0.0	nan	nan	0.0	0.0
24	5	50	0.0	0.0	nan	nan	0.0	0.0
24	5	48	0.0	0.0	nan	nan	0.0	0.0
24	5	46	0.0	0.0	nan	nan	0.0	0.0
25	5	78	3.0	0.0	12.774	0.425	1.0	1.0
25	5	76	2.903	0.301	13.129	0.499	1.0	1.0
25	5	74	2.742	0.445	13.548	0.568	1.0	1.0
25	5	72	2.645	0.486	13.968	0.657	1.0	1.0
25	5	70	2.258	0.445	14.226	0.717	1.0	1.0
25	5	68	2.194	0.402	15.065	0.854	1.0	1.0
25	5	66	2.032	0.18	15.387	0.955	1.0	1.0
25	5	64	2.0	0.0	16.161	0.688	1.0	1.0
25	5	62	1.862	0.351	17.355	1.45	0.935	1.0
25	5	60	1.556	0.506	18.516	1.71	0.871	1.0
25	5	58	1.111	0.577	20.357	2.571	0.774	0.903
25	5	56	0.25	0.441	22.4	2.171	0.226	0.323
25	5	54	0.067	0.254	23.333	0.577	0.065	0.097
25	5	52	0.0	0.0	nan	nan	0.0	0.0
25	5	50	0.0	0.0	nan	nan	0.0	0.0
25	5	48	0.0	0.0	nan	nan	0.0	0.0
25	5	46	0.0	0.0	nan	nan	0.0	0.0
26	5	78	2.935	0.25	13.258	0.445	1.0	1.0
26	5	76	2.839	0.374	13.581	0.502	1.0	1.0
26	5	74	2.581	0.502	14.097	0.473	1.0	1.0
26	5	72	2.29	0.461	14.548	0.506	1.0	1.0
26	5	70	2.226	0.425	14.839	0.688	1.0	1.0
26	5	68	2.065	0.25	15.645	0.709	1.0	1.0
26	5	66	2.0	0.0	16.194	0.792	1.0	1.0
26	5	64	1.871	0.341	16.968	1.048	1.0	1.0
26	5	62	1.581	0.502	18.032	0.983	1.0	1.0
26	5	60	1.214	0.418	19.742	1.692	0.903	1.0
26	5	58	0.692	0.549	21.364	2.574	0.548	0.71
26	5	56	0.214	0.418	22.444	2.506	0.194	0.29
26	5	54	0.0	0.0	nan	nan	0.0	0.0
26	5	52	0.0	0.0	nan	nan	0.0	0.0
26	5	50	0.0	0.0	nan	nan	0.0	0.0
26	5	48	0.0	0.0	nan	nan	0.0	0.0
26	5	46	0.0	0.0	nan	nan	0.0	0.0
27	5	78	3.0	0.0	13.387	0.558	1.0	1.0
27	5	76	3.0	0.0	13.613	0.495	1.0	1.0
27	5	74	3.0	0.0	14.226	0.669	1.0	1.0
27	5	72	2.968	0.18	14.806	0.654	1.0	1.0
27	5	70	2.742	0.445	15.194	0.792	1.0	1.0
27	5	68	2.419	0.502	15.968	0.752	1.0	1.0
27	5	66	2.0	0.365	16.677	0.979	1.0	1.0
27	5	64	1.419	0.502	18.419	1.455	1.0	1.0
27	5	62	1.161	0.374	19.968	1.941	1.0	1.0
27	5	60	1.0	0.0	22.774	2.526	1.0	1.0
27	5	58	0.7	0.466	26.5	4.217	0.677	0.71
27	5	56	0.097	0.301	27.333	3.512	0.097	0.097
27	5	54	0.0	0.0	nan	nan	0.0	0.0
27	5	52	0.0	0.0	nan	nan	0.0	0.0
27	5	50	0.0	0.0	nan	nan	0.0	0.0
27	5	48	0.0	0.0	nan	nan	0.0	0.0
27	5	46	0.0	0.0	nan	nan	0.0	0.0
28	5	78	2.935	0.25	13.129	0.499	1.0	1.0
28	5	76	2.742	0.445	13.516	0.508	1.0	1.0
28	5	74	2.516	0.508	14.129	0.562	1.0	1.0
28	5	72	2.323	0.475	14.516	0.626	1.0	1.0
28	5	70	2.194	0.402	14.774	0.762	1.0	1.0
28	5	68	2.0	0.258	16.032	0.912	1.0	1.0
28	5	66	1.935	0.25	16.29	1.071	1.0	1.0
28	5	64	1.71	0.461	17.677	1.4	1.0	1.0
28	5	62	1.241	0.435	19.516	1.86	0.935	1.0
28	5	60	0.885	0.326	21.429	2.426	0.742	0.903
28	5	58	0.5	0.583	23.0	2.449	0.387	0.548
28	5	56	0.0	0.0	nan	nan	0.0	0.0
28	5	54	0.0	0.0	nan	nan	0.0	0.0
28	5	52	0.0	0.0	nan	nan	0.0	0.0
28	5	50	0.0	0.0	nan	nan	0.0	0.0
28	5	48	0.0	0.0	nan	nan	0.0	0.0
28	5	46	0.0	0.0	nan	nan	0.0	0.0
29	5	78	3.065	0.25	13.968	0.407	1.0	1.0
29	5	76	3.0	0.0	14.29	0.693	1.0	1.0
29	5	74	3.0	0.0	14.774	0.497	1.0	1.0
29	5	72	3.0	0.0	15.387	0.558	1.0	1.0
29	5	70	2.968	0.18	15.613	0.495	1.0	1.0
29	5	68	2.968	0.18	16.484	0.724	1.0	1.0
29	5	66	2.548	0.568	17.516	0.996	1.0	1.0
29	5	64	1.71	0.693	18.71	1.16	1.0	1.0
29	5	62	1.161	0.374	20.0	1.653	1.0	1.0
29	5	60	0.968	0.18	22.333	2.309	0.968	0.968
29	5	58	0.967	0.183	25.867	4.408	0.935	0.968
29	5	56	0.172	0.384	28.571	4.86	0.161	0.226
29	5	54	0.0	0.0	nan	nan	0.0	0.0
29	5	52	0.0	0.0	nan	nan	0.0	0.0
29	5	50	0.0	0.0	nan	nan	0.0	0.0
29	5	48	0.0	0.0	nan	nan	0.0	0.0
29	5	46	0.0	0.0	nan	nan	0.0	0.0
30	5	78	3.0	0.0	12.839	0.374	1.0	1.0
30	5	76	2.839	0.374	12.968	0.407	1.0	1.0
30	5	74	2.581	0.502	13.516	0.626	1.0	1.0
30	5	72	2.355	0.486	14.032	0.482	1.0	1.0
30	5	70	2.161	0.374	14.323	0.748	1.0	1.0
30	5	68	2.0	0.0	15.0	0.516	1.0	1.0
30	5	66	2.0	0.0	15.774	0.717	1.0	1.0
30	5	64	1.935	0.25	16.613	1.174	1.0	1.0
30	5	62	1.548	0.506	18.194	1.4	1.0	1.0
30	5	60	1.226	0.425	19.419	1.893	1.0	1.0
30	5	58	1.0	0.577	22.077	3.815	0.839	0.839
30	5	56	0.194	0.402	21.667	3.011	0.194	0.194
30	5	54	0.0	0.0	nan	nan	0.0	0.0
30	5	52	0.0	0.0	nan	nan	0.0	0.0
30	5	50	0.0	0.0	nan	nan	0.0	0.0
30	5	48	0.0	0.0	nan	nan	0.0	0.0
30	5	46	0.0	0.0	nan	nan	0.0	0.0
31	5	78	3.032	0.18	13.29	0.461	1.0	1.0
31	5	76	3.0	0.0	13.839	0.638	1.0	1.0
31	5	74	3.0	0.0	14.323	0.702	1.0	1.0
31	5	72	2.774	0.425	14.484	0.57	1.0	1.0
31	5	70	2.71	0.461	15.097	0.746	1.0	1.0
31	5	68	2.419	0.502	15.935	0.998	1.0	1.0
31	5	66	2.129	0.428	16.387	0.919	1.0	1.0
31	5	64	1.839	0.454	17.516	1.235	1.0	1.0
31	5	62	1.267	0.45	19.774	2.045	0.968	1.0
31	5	60	1.0	0.258	21.167	1.577	0.968	0.968
31	5	58	0.968	0.315	22.586	2.486	0.935	0.935
31	5	56	0.276	0.455	24.6	1.578	0.258	0.323
31	5	54	0.065	0.25	29.0	5.657	0.065	0.065
31	5	52	0.0	0.0	nan	nan	0.0	0.0
31	5	50	0.0	0.0	nan	nan	0.0	0.0
31	5	48	0.0	0.0	nan	nan	0.0	0.0
31	5	46	0.0	0.0	nan	nan	0.0	0.0
0	6	78	4.0	0.0	16.71	0.529	1.0	1.0
0	6	76	3.871	0.341	17.161	0.374	1.0	1.0
0	6	74	3.516	0.508	17.355	0.486	1.0	1.0
0	6	72	2.581	0.564	18.065	0.574	1.0	1.0
0	6	70	2.226	0.56	18.774	0.762	1.0	1.0
0	6	68	2.0	0.0	19.774	0.956	1.0	1.0
0	6	66	2.0	0.0	21.226	1.087	1.0	1.0
0	6	64	2.032	0.18	22.129	1.688	1.0	1.0
0	6	62	1.935	0.25	24.355	1.872	1.0	1.0
0	6	60	1.677	0.475	27.194	3.081	1.0	1.0
0	6	58	0.923	0.392	31.179	4.11	0.742	0.903
0	6	56	0.077	0.272	33.857	3.848	0.065	0.226
0	6	54	0.0	0.0	nan	nan	0.0	0.0
0	6	52	0.0	0.0	nan	nan	0.0	0.0
0	6	50	0.0	0.0	nan	nan	0.0	0.0
0	6	48	0.0	0.0	nan	nan	0.0	0.0
0	6	46	0.0	0.0	nan	nan	0.0	0.0
1	6	78	3.355	0.486	13.935	0.442	1.0	1.0
1	6	76	3.097	0.301	14.419	0.502	1.0	1.0
1	6	74	3.0	0.0	14.839	0.583	1.0	1.0
1	6	72	3.0	0.0	15.355	0.551	1.0	1.0
1	6	70	3.0	0.0	15.968	0.875	1.0	1.0
1	6	68	2.935	0.25	16.677	0.702	1.0	1.0
1	6	66	2.613	0.558	17.452	0.888	1.0	1.0
1	6	64	1.613	0.615	19.548	2.127	1.0	1.0
1	6	62	1.065	0.25	21.452	1.964	1.0	1.0
1	6	60	1.032	0.18	24.032	2.496	1.0	1.0
1	6	58	0.897	0.31	27.643	3.773	0.839	0.903
1	6	56	0.167	0.379	30.333	3.777	0.161	0.194
1	6	54	0.065	0.25	28.5	4.95	0.065	0.065
1	6	52	0.0	0.0	nan	nan	0.0	0.0
1	6	50	0.0	0.0	nan	nan	0.0	0.0
1	6	48	0.0	0.0	nan	nan	0.0	0.0
1	6	46	0.0	0.0	nan	nan	0.0	0.0
2	6	78	3.0	0.0	13.452	0.506	1.0	1.0
2	6	76	2.935	0.25	13.806	0.543	1.0	1.0
2	6	74	2.935	0.25	14.226	0.617	1.0	1.0
2	6	72	2.774	0.425	14.548	0.568	1.0	1.0
2	6	70	2.581	0.502	15.0	0.632	1.0	1.0
2	6	68	2.161	0.374	15.613	0.615	1.0	1.0
2	6	66	2.129	0.341	16.065	0.727	1.0	1.0
2	6	64	2.032	0.315	16.839	0.86	1.0	1.0
2	6	62	1.6	0.498	18.452	1.41	0.968	1.0
2	6	60	1.28	0.542	19.484	1.805	0.806	1.0
2	6	58	1.0	0.511	21.143	2.663	0.677	0.903
2	6	56	0.179	0.39	22.875	3.182	0.161	0.258
2	6	54	0.0	0.0	nan	nan	0.0	0.0
2	6	52	0.0	0.0	nan	nan	0.0	0.0
2	6	50	0.0	0.0	nan	nan	0.0	0.0
2	6	48	0.0	0.0	nan	nan	0.0	0.0
2	6	46	0.0	0.0	nan	nan	0.0	0.0
3	6	78	2.097	0.301	12.129	0.341	1.0	1.0
3	6	76	2.097	0.301	12.387	0.495	1.0	1.0
3	6	74	2.0	0.0	12.774	0.56	1.0	1.0
3	6	72	2.0	0.0	13.032	0.407	1.0	1.0
3	6	70	2.0	0.0	13.387	0.558	1.0	1.0
3	6	68	2.0	0.0	14.097	0.597	1.0	1.0
3	6	66	2.0	0.0	14.613	0.667	1.0	1.0
3	6	64	2.0	0.0	15.258	0.729	1.0	1.0
3	6	62	1.8	0.407	16.548	1.748	0.968	1.0
3	6	60	1.897	0.31	16.935	1.063	0.935	1.0
3	6	58	1.167	0.514	19.7	1.968	0.548	0.968
3	6	56	0.2	0.422	20.652	1.991	0.065	0.742
3	6	54	0.115	0.326	21.375	2.973	0.097	0.258
3	6	52	0.0	0.0	nan	nan	0.0	0.0
3	6	50	0.0	0.0	nan	nan	0.0	0.0
3	6	48	0.0	0.0	nan	nan	0.0	0.0
3	6	46	0.0	0.0	nan	nan	0.0	0.0
4	6	78	3.935	0.25	14.968	0.315	1.0	1.0
4	6	76	3.871	0.341	15.323	0.702	1.0	1.0
4	6	74	3.323	0.475	15.903	0.301	1.0	1.0
4	6	72	3.065	0.25	16.581	0.564	1.0	1.0
4	6	70	3.0	0.258	16.871	0.67	1.0	1.0
4	6	68	2.677	0.475	18.129	1.284	1.0	1.0
4	6	66	2.194	0.402	19.065	1.153	1.0	1.0
4	6	64	2.065	0.25	20.194	1.447	1.0	1.0
4	6	62	2.0	0.0	22.71	1.465	1.0	1.0
4	6	60	1.419	0.564	24.935	2.489	1.0	1.0
4	6	58	1.143	0.356	27.871	3.384	0.903	1.0
4	6	56	0.423	0.504	32.688	2.774	0.355	0.516
4	6	54	0.0	0.0	34.5	0.707	0.0	0.065
4	6	52	0.0	0.0	nan	nan	0.0	0.0
4	6	50	0.0	0.0	nan	nan	0.0	0.0
4	6	48	0.0	0.0	nan	nan	0.0	0.0
4	6	46	0.0	0.0	nan	nan	0.0	0.0
5	6	78	2.032	0.18	12.355	0.486	1.0	1.0
5	6	76	2.032	0.18	12.839	0.523	1.0	1.0
5	6	74	2.0	0.0	13.097	0.396	1.0	1.0
5	6	72	2.0	0.0	13.452	0.506	1.0	1.0
5	6	70	2.0	0.0	13.871	0.562	1.0	1.0
5	6	68	2.0	0.0	14.355	0.709	1.0	1.0
5	6	66	2.0	0.0	15.065	0.68	1.0	1.0
5	6	64	1.871	0.341	15.742	0.631	1.0	1.0
5	6	62	1.633	0.49	16.645	0.915	0.968	1.0
5	6	60	1.0	0.649	18.259	1.745	0.516	0.871
5	6	58	0.583	0.654	18.474	2.118	0.387	0.613
5	6	56	0.034	0.186	22.0	3.606	0.032	0.097
5	6	54	0.0	0.0	nan	nan	0.0	0.0
5	6	52	0.0	0.0	nan	nan	0.0	0.0
5	6	50	0.0	0.0	nan	nan	0.0	0.0
5	6	48	0.0	0.0	nan	nan	0.0	0.0
5	6	46	0.0	0.0	nan	nan	0.0	0.0
6	6	78	3.0	0.0	14.097	0.396	1.0	1.0
6	6	76	3.0	0.0	14.516	0.508	1.0	1.0
6	6	74	3.0	0.0	15.194	0.477	1.0	1.0
6	6	72	3.0	0.0	15.548	0.568	1.0	1.0
6	6	70	3.0	0.0	15.935	0.68	1.0	1.0
6	6	68	2.935	0.25	16.742	0.729	1.0	1.0
6	6	66	2.29	0.693	17.677	1.013	1.0	1.0
6	6	64	1.806	0.703	18.387	1.174	1.0	1.0
6	6	62	1.097	0.396	20.839	2.115	1.0	1.0
6	6	60	1.097	0.301	23.065	2.502	1.0	1.0
6	6	58	0.968	0.18	25.933	2.572	0.968	0.968
6	6	56	0.345	0.484	31.667	2.605	0.323	0.387
6	6	54	0.032	0.18	33.0	0.0	0.032	0.032
6	6	52	0.0	0.0	nan	nan	0.0	0.0
6	6	50	0.0	0.0	nan	nan	0.0	0.0
6	6	48	0.0	0.0	nan	nan	0.0	0.0
6	6	46	0.0	0.0	nan	nan	0.0	0.0
7	6	78	3.806	0.402	14.161	0.374	1.0	1.0
7	6	76	3.452	0.506	14.645	0.486	1.0	1.0
7	6	74	3.129	0.341	15.194	0.477	1.0	1.0
7	6	72	3.032	0.18	15.774	0.617	1.0	1.0
7	6	70	3.0	0.0	16.548	0.568	1.0	1.0
7	6	68	2.806	0.402	17.452	0.995	1.0	1.0
7	6	66	2.29	0.588	18.548	1.41	1.0	1.0
7	6	64	1.742	0.575	19.903	1.491	1.0	1.0
7	6	62	1.419	0.502	22.774	1.978	1.0	1.0
7	6	60	1.097	0.473	25.69	3.037	0.935	0.935
7	6	58	0.654	0.485	28.591	4.656	0.548	0.71
7	6	56	0.033	0.183	31.0	7.071	0.032	0.065
7	6	54	0.0	0.0	nan	nan	0.0	0.0
7	6	52	0.0	0.0	nan	nan	0.0	0.0
7	6	50	0.0	0.0	nan	nan	0.0	0.0
7	6	48	0.0	0.0	nan	nan	0.0	0.0
7	6	46	0.0	0.0	nan	nan	0.0	0.0
8	6	78	2.839	0.374	13.0	0.258	1.0	1.0
8	6	76	2.806	0.402	13.129	0.341	1.0	1.0
8	6	74	2.484	0.508	13.839	0.638	1.0	1.0
8	6	72	2.194	0.402	13.968	0.605	1.0	1.0
8	6	70	2.0	0.0	14.452	0.568	1.0	1.0
8	6	68	2.0	0.0	15.161	0.779	1.0	1.0
8	6	66	2.0	0.0	15.516	0.626	1.0	1.0
8	6	64	2.0	0.0	16.452	0.768	1.0	1.0
8	6	62	1.613	0.495	17.71	1.216	1.0	1.0
8	6	60	1.621	0.494	18.226	1.407	0.935	1.0
8	6	58	0.931	0.53	20.577	2.157	0.774	0.839
8	6	56	0.071	0.262	23.8	2.28	0.065	0.161
8	6	54	0.0	0.0	nan	nan	0.0	0.0
8	6	52	0.0	0.0	nan	nan	0.0	0.0
8	6	50	0.0	0.0	nan	nan	0.0	0.0
8	6	48	0.0	0.0	nan	nan	0.0	0.0
8	6	46	0.0	0.0	nan	nan	0.0	0.0
9	6	78	3.0	0.0	13.29	0.588	1.0	1.0
9	6	76	3.0	0.0	13.742	0.514	1.0	1.0
9	6	74	2.968	0.18	14.226	0.56	1.0	1.0
9	6	72	2.968	0.18	14.645	0.755	1.0	1.0
9	6	70	2.774	0.425	15.258	0.575	1.0	1.0
9	6	68	2.387	0.495	16.097	0.79	1.0	1.0
9	6	66	1.968	0.407	16.645	1.279	1.0	1.0
9	6	64	1.806	0.477	17.839	1.319	1.0	1.0
9	6	62	1.226	0.425	19.935	1.896	1.0	1.0
9	6	60	1.067	0.254	22.29	2.452	0.968	1.0
9	6	58	0.774	0.425	24.083	2.812	0.774	0.774
9	6	56	0.267	0.45	27.556	2.007	0.258	0.29
9	6	54	0.0	0.0	nan	nan	0.0	0.0
9	6	52	0.0	0.0	nan	nan	0.0	0.0
9	6	50	0.0	0.0	nan	nan	0.0	0.0
9	6	48	0.0	0.0	nan	nan	0.0	0.0
9	6	46	0.0	0.0	nan	nan	0.0	0.0
10	6	78	3.032	0.18	14.677	0.653	1.0	1.0
10	6	76	3.0	0.0	15.161	0.454	1.0	1.0
10	6	74	2.935	0.25	15.774	0.497	1.0	1.0
10	6	72	2.968	0.18	16.194	0.749	1.0	1.0
10	6	70	2.71	0.529	17.129	0.806	1.0	1.0
10	6	68	2.226	0.669	17.839	1.319	1.0	1.0
10	6	66	1.516	0.626	18.903	1.248	1.0	1.0
10	6	64	1.194	0.477	20.258	1.807	1.0	1.0
10	6	62	1.0	0.0	22.484	1.823	1.0	1.0
10	6	60	0.968	0.18	24.067	2.033	0.968	0.968
10	6	58	0.548	0.506	26.353	3.181	0.548	0.548
10	6	56	0.033	0.183	30.5	4.95	0.032	0.065
10	6	54	0.0	0.0	nan	nan	0.0	0.0
10	6	52	0.0	0.0	nan	nan	0.0	0.0
10	6	50	0.0	0.0	nan	nan	0.0	0.0
10	6	48	0.0	0.0	nan	nan	0.0	0.0
10	6	46	0.0	0.0	nan	nan	0.0	0.0
11	6	78	3.0	0.0	13.0	0.516	1.0	1.0
11	6	76	3.0	0.0	13.29	0.461	1.0	1.0
11	6	74	3.0	0.0	14.0	0.516	1.0	1.0
11	6	72	3.0	0.0	14.258	0.729	1.0	1.0
11	6	70	2.968	0.18	14.968	0.547	1.0	1.0
11	6	68	2.839	0.374	15.484	0.508	1.0	1.0
11	6	66	2.452	0.506	16.161	0.779	1.0	1.0
11	6	64	1.968	0.482	17.226	0.845	1.0	1.0
11	6	62	1.452	0.506	18.774	1.257	1.0	1.0
11	6	60	1.065	0.25	20.935	1.843	1.0	1.0
11	6	58	0.935	0.25	24.379	3.234	0.935	0.935
11	6	56	0.267	0.45	27.0	3.162	0.258	0.29
11	6	54	0.032	0.18	27.0	0.0	0.032	0.032
11	6	52	0.0	0.0	nan	nan	0.0	0.0
11	6	50	0.0	0.0	nan	nan	0.0	0.0
11	6	48	0.0	0.0	nan	nan	0.0	0.0
11	6	46	0.0	0.0	nan	nan	0.0	0.0
12	6	78	2.903	0.301	13.387	0.495	1.0	1.0
12	6	76	2.806	0.402	13.71	0.461	1.0	1.0
12	6	74	2.516	0.508	14.355	0.608	1.0	1.0
12	6	72	2.226	0.425	14.774	0.617	1.0	1.0
12	6	70	2.097	0.301	15.0	0.577	1.0	1.0
12	6	68	2.032	0.18	15.839	0.735	1.0	1.0
12	6	66	1.968	0.18	16.645	0.839	1.0	1.0
12	6	64	1.839	0.374	17.419	1.057	1.0	1.0
12	6	62	1.226	0.425	19.355	1.664	1.0	1.0
12	6	60	1.0	0.0	21.065	2.097	1.0	1.0
12	6	58	0.846	0.464	22.615	2.547	0.677	0.839
12	6	56	0.321	0.476	24.083	2.021	0.29	0.387
12	6	54	0.0	0.0	nan	nan	0.0	0.0
12	6	52	0.0	0.0	nan	nan	0.0	0.0
12	6	50	0.0	0.0	nan	nan	0.0	0.0
12	6	48	0.0	0.0	nan	nan	0.0	0.0
12	6	46	0.0	0.0	nan	nan	0.0	0.0
13	6	78	3.0	0.0	13.419	0.502	1.0	1.0
13	6	76	3.0	0.0	13.871	0.499	1.0	1.0
13	6	74	2.903	0.301	14.516	0.57	1.0	1.0
13	6	72	2.677	0.475	14.774	0.56	1.0	1.0
13	6	70	2.355	0.486	15.194	0.703	1.0	1.0
13	6	68	2.032	0.315	16.097	0.908	1.0	1.0
13	6	66	1.935	0.359	16.774	1.117	1.0	1.0
13	6	64	1.806	0.477	17.419	1.148	1.0	1.0
13	6	62	1.226	0.425	19.226	1.564	1.0	1.0
13	6	60	1.143	0.525	20.31	2.316	0.839	0.935
13	6	58	0.84	0.374	22.407	2.043	0.677	0.871
13	6	56	0.103	0.31	24.6	1.342	0.097	0.161
13	6	54	0.033	0.183	25.5	2.121	0.032	0.065
13	6	52	0.0	0.0	nan	nan	0.0	0.0
13	6	50	0.0	0.0	nan	nan	0.0	0.0
13	6	48	0.0	0.0	nan	nan	0.0	0.0
13	6	46	0.0	0.0	nan	nan	0.0	0.0
14	6	78	3.161	0.688	17.839	0.523	1.0	1.0
14	6	76	2.516	0.57	18.355	0.709	1.0	1.0
14	6	74	2.226	0.425	18.645	0.755	1.0	1.0
14	6	72	2.129	0.428	19.613	0.989	1.0	1.0
14	6	70	2.0	0.0	20.226	1.055	1.0	1.0
14	6	68	1.968	0.18	21.355	1.112	1.0	1.0
14	6	66	1.968	0.18	22.871	1.147	1.0	1.0
14	6	64	1.774	0.425	23.774	1.359	1.0	1.0
14	6	62	1.419	0.502	25.968	1.871	1.0	1.0
14	6	60	1.0	0.385	28.759	2.887	0.839	0.935
14	6	58	0.556	0.506	31.789	2.679	0.484	0.613
14	6	56	0.0	0.0	nan	nan	0.0	0.0
14	6	54	0.0	0.0	nan	nan	0.0	0.0
14	6	52	0.0	0.0	nan	nan	0.0	0.0
14	6	50	0.0	0.0	nan	nan	0.0	0.0
14	6	48	0.0	0.0	nan	nan	0.0	0.0
14	6	46	0.0	0.0	nan	nan	0.0	0.0
15	6	78	2.0	0.0	12.613	0.495	1.0	1.0
15	6	76	2.0	0.0	13.0	0.365	1.0	1.0
15	6	74	2.0	0.0	13.355	0.661	1.0	1.0
15	6	72	2.0	0.0	13.645	0.661	1.0	1.0
15	6	70	1.968	0.18	14.194	0.654	1.0	1.0
15	6	68	1.9	0.305	15.29	0.783	0.968	1.0
15	6	66	1.806	0.402	15.677	0.748	1.0	1.0
15	6	64	1.586	0.501	16.452	1.179	0.935	1.0
15	6	62	1.32	0.476	17.581	1.432	0.806	1.0
15	6	60	0.833	0.618	18.269	1.845	0.419	0.839
15	6	58	0.1	0.308	20.385	2.725	0.065	0.419
15	6	56	0.0	0.0	nan	nan	0.0	0.0
15	6	54	0.0	0.0	nan	nan	0.0	0.0
15	6	52	0.0	0.0	nan	nan	0.0	0.0
15	6	50	0.0	0.0	nan	nan	0.0	0.0
15	6	48	0.0	0.0	nan	nan	0.0	0.0
15	6	46	0.0	0.0	nan	nan	0.0	0.0
16	6	78	3.29	0.461	16.871	0.428	1.0	1.0
16	6	76	3.0	0.365	17.452	0.723	1.0	1.0
16	6	74	2.742	0.514	17.742	0.682	1.0	1.0
16	6	72	2.581	0.502	18.065	0.727	1.0	1.0
16	6	70	2.065	0.574	18.903	0.7	1.0	1.0
16	6	68	1.903	0.473	19.097	0.651	1.0	1.0
16	6	66	1.645	0.486	19.968	0.912	1.0	1.0
16	6	64	1.484	0.508	21.484	1.411	1.0	1.0
16	6	62	1.097	0.301	22.387	1.874	1.0	1.0
16	6	60	0.935	0.359	23.286	1.272	0.903	0.903
16	6	58	0.733	0.45	25.087	2.906	0.71	0.742
16	6	56	0.323	0.475	27.0	2.357	0.323	0.323
16	6	54	0.032	0.18	27.0	0.0	0.032	0.032
16	6	52	0.0	0.0	nan	nan	0.0	0.0
16	6	50	0.0	0.0	nan	nan	0.0	0.0
16	6	48	0.0	0.0	nan	nan	0.0	0.0
16	6	46	0.0	0.0	nan	nan	0.0	0.0
17	6	78	2.194	0.402	12.355	0.486	1.0	1.0
17	6	76	2.032	0.18	12.871	0.499	1.0	1.0
17	6	74	2.0	0.0	13.355	0.608	1.0	1.0
17	6	72	2.0	0.0	13.742	0.682	1.0	1.0
17	6	70	1.968	0.18	14.097	0.7	1.0	1.0
17	6	68	2.0	0.0	14.871	0.67	1.0	1.0
17	6	66	1.968	0.18	15.581	0.886	1.0	1.0
17	6	64	1.774	0.425	16.548	0.925	1.0	1.0
17	6	62	1.52	0.586	17.767	1.775	0.774	0.968
17	6	60	1.214	0.699	19.138	2.401	0.387	0.935
17	6	58	0.043	0.209	21.556	2.651	0.032	0.29
17	6	56	0.032	0.18	17.0	0.0	0.032	0.032
17	6	54	0.0	0.0	nan	nan	0.0	0.0
17	6	52	0.0	0.0	nan	nan	0.0	0.0
17	6	50	0.0	0.0	nan	nan	0.0	0.0
17	6	48	0.0	0.0	nan	nan	0.0	0.0
17	6	46	0.0	0.0	nan	nan	0.0	0.0
18	6	78	3.0	0.0	13.129	0.341	1.0	1.0
18	6	76	2.935	0.25	13.548	0.506	1.0	1.0
18	6	74	2.806	0.402	14.065	0.574	1.0	1.0
18	6	72	2.516	0.508	14.065	0.512	1.0	1.0
18	6	70	2.29	0.461	14.645	0.798	1.0	1.0
18	6	68	2.097	0.301	15.581	0.72	1.0	1.0
18	6	66	2.0	0.0	15.968	0.657	1.0	1.0
18	6	64	1.968	0.18	16.903	1.777	1.0	1.0
18	6	62	1.633	0.49	18.226	1.647	0.968	1.0
18	6	60	1.16	0.374	20.065	2.112	0.806	1.0
18	6	58	0.654	0.485	21.818	2.062	0.548	0.71
18	6	56	0.077	0.272	24.714	0.951	0.065	0.226
18	6	54	0.032	0.18	27.0	0.0	0.032	0.032
18	6	52	0.0	0.0	nan	nan	0.0	0.0
18	6	50	0.0	0.0	nan	nan	0.0	0.0
18	6	48	0.0	0.0	nan	nan	0.0	0.0
18	6	46	0.0	0.0	nan	nan	0.0	0.0
19	6	78	3.0	0.0	13.677	0.541	1.0	1.0
19	6	76	3.0	0.0	14.032	0.315	1.0	1.0
19	6	74	2.968	0.18	14.419	0.564	1.0	1.0
19	6	72	3.0	0.0	15.097	0.651	1.0	1.0
19	6	70	2.968	0.18	15.581	0.62	1.0	1.0
19	6	68	2.774	0.425	16.129	0.562	1.0	1.0
19	6	66	2.29	0.693	16.935	0.814	1.0	1.0
19	6	64	1.677	0.702	18.161	1.003	1.0	1.0
19	6	62	1.194	0.402	20.645	2.346	1.0	1.0
19	6	60	1.0	0.0	23.452	3.234	0.968	1.0
19	6	58	0.839	0.374	25.5	2.354	0.839	0.839
19	6	56	0.258	0.445	29.875	2.696	0.258	0.258
19	6	54	0.0	0.0	nan	nan	0.0	0.0
19	6	52	0.0	0.0	nan	nan	0.0	0.0
19	6	50	0.0	0.0	nan	nan	0.0	0.0
19	6	48	0.0	0.0	nan	nan	0.0	0.0
19	6	46	0.0	0.0	nan	nan	0.0	0.0
20	6	78	3.194	0.402	13.645	0.661	1.0	1.0
20	6	76	3.032	0.18	14.065	0.512	1.0	1.0
20	6	74	3.0	0.0	14.71	0.588	1.0	1.0
20	6	72	3.0	0.0	15.161	0.735	1.0	1.0
20	6	70	3.0	0.0	15.581	0.848	1.0	1.0
20	6	68	2.903	0.301	16.548	0.768	1.0	1.0
20	6	66	2.452	0.624	17.323	0.832	1.0	1.0
20	6	64	1.806	0.833	18.806	1.352	1.0	1.0
20	6	62	1.097	0.301	20.0	1.549	1.0	1.0
20	6	60	1.032	0.18	22.323	2.151	1.0	1.0
20	6	58	1.0	0.0	24.71	2.795	0.968	1.0
20	6	56	0.552	0.506	27.944	3.038	0.516	0.581
20	6	54	0.065	0.25	27.5	4.95	0.065	0.065
20	6	52	0.0	0.0	nan	nan	0.0	0.0
20	6	50	0.0	0.0	nan	nan	0.0	0.0
20	6	48	0.0	0.0	nan	nan	0.0	0.0
20	6	46	0.0	0.0	nan	nan	0.0	0.0
21	6	78	2.581	0.502	12.548	0.506	1.0	1.0
21	6	76	2.452	0.506	12.839	0.374	1.0	1.0
21	6	74	2.065	0.25	13.226	0.497	1.0	1.0
21	6	72	2.0	0.0	13.581	0.502	1.0	1.0
21	6	70	2.032	0.18	14.097	0.539	1.0	1.0
21	6	68	2.0	0.0	14.645	0.709	1.0	1.0
21	6	66	1.968	0.18	15.419	0.923	1.0	1.0
21	6	64	1.935	0.25	15.871	0.763	1.0	1.0
21	6	62	1.833	0.379	17.0	1.155	0.968	1.0
21	6	60	1.136	0.71	18.778	2.063	0.581	0.871
21	6	58	0.5	0.632	21.364	2.194	0.226	0.71
21	6	56	0.036	0.189	23.5	1.291	0.032	0.129
21	6	54	0.0	0.0	nan	nan	0.0	0.0
21	6	52	0.0	0.0	nan	nan	0.0	0.0
21	6	50	0.0	0.0	nan	nan	0.0	0.0
21	6	48	0.0	0.0	nan	nan	0.0	0.0
21	6	46	0.0	0.0	nan	nan	0.0	0.0
22	6	78	2.581	0.502	12.774	0.497	1.0	1.0
22	6	76	2.452	0.506	13.032	0.482	1.0	1.0
22	6	74	2.226	0.425	13.419	0.564	1.0	1.0
22	6	72	2.097	0.301	13.903	0.473	1.0	1.0
22	6	70	2.0	0.0	14.29	0.461	1.0	1.0
22	6	68	2.032	0.18	15.065	0.727	1.0	1.0
22	6	66	2.0	0.0	15.548	0.624	1.0	1.0
22	6	64	2.0	0.0	16.065	0.854	1.0	1.0
22	6	62	1.774	0.425	17.226	0.956	1.0	1.0
22	6	60	1.48	0.586	19.2	2.124	0.774	0.968
22	6	58	0.941	0.429	21.621	2.426	0.484	0.935
22	6	56	0.045	0.213	22.7	2.497	0.032	0.323
22	6	54	0.033	0.183	23.0	2.828	0.032	0.065
22	6	52	0.0	0.0	nan	nan	0.0	0.0
22	6	50	0.0	0.0	nan	nan	0.0	0.0
22	6	48	0.0	0.0	nan	nan	0.0	0.0
22	6	46	0.0	0.0	nan	nan	0.0	0.0
23	6	78	3.0	0.0	12.968	0.482	1.0	1.0
23	6	76	2.903	0.301	13.226	0.497	1.0	1.0
23	6	74	2.645	0.486	13.516	0.57	1.0	1.0
23	6	72	2.516	0.508	14.065	0.574	1.0	1.0
23	6	70	2.29	0.461	14.548	0.768	1.0	1.0
23	6	68	2.032	0.18	14.935	0.772	1.0	1.0
23	6	66	2.032	0.18	15.742	0.729	1.0	1.0
23	6	64	2.0	0.0	16.516	1.151	1.0	1.0
23	6	62	1.69	0.471	18.161	2.177	0.935	1.0
23	6	60	1.308	0.618	19.448	2.487	0.774	0.935
23	6	58	0.545	0.51	20.952	2.109	0.387	0.677
23	6	56	0.067	0.365	21.5	4.95	0.032	0.065
23	6	54	0.0	0.0	22.0	0.0	0.0	0.032
23	6	52	0.0	0.0	nan	nan	0.0	0.0
23	6	50	0.0	0.0	nan	nan	0.0	0.0
23	6	48	0.0	0.0	nan	nan	0.0	0.0
23	6	46	0.0	0.0	nan	nan	0.0	0.0
24	6	78	3.065	0.25	13.903	0.473	1.0	1.0
24	6	76	3.097	0.301	14.065	0.442	1.0	1.0
24	6	74	3.0	0.0	14.645	0.486	1.0	1.0
24	6	72	3.0	0.0	15.161	0.454	1.0	1.0
24	6	70	2.968	0.18	15.677	0.475	1.0	1.0
24	6	68	3.0	0.0	16.645	0.709	1.0	1.0
24	6	66	2.742	0.514	17.194	0.873	1.0	1.0
24	6	64	2.323	0.832	18.323	1.492	1.0	1.0
24	6	62	1.484	0.57	20.29	1.97	1.0	1.0
24	6	60	1.0	0.0	22.935	2.863	0.968	1.0
24	6	58	0.968	0.18	26.167	3.228	0.968	0.968
24	6	56	0.133	0.346	30.6	2.966	0.129	0.161
24	6	54	0.0	0.0	nan	nan	0.0	0.0
24	6	52	0.0	0.0	nan	nan	0.0	0.0
24	6	50	0.0	0.0	nan	nan	0.0	0.0
24	6	48	0.0	0.0	nan	nan	0.0	0.0
24	6	46	0.0	0.0	nan	nan	0.0	0.0
25	6	78	3.065	0.25	13.387	0.495	1.0	1.0
25	6	76	3.0	0.0	13.677	0.599	1.0	1.0
25	6	74	3.0	0.0	14.226	0.56	1.0	1.0
25	6	72	3.0	0.0	14.71	0.529	1.0	1.0
25	6	70	3.0	0.0	15.355	0.839	1.0	1.0
25	6	68	2.968	0.18	15.839	0.638	1.0	1.0
25	6	66	2.935	0.25	16.419	0.72	1.0	1.0
25	6	64	2.452	0.723	17.484	0.926	1.0	1.0
25	6	62	1.387	0.615	19.226	1.203	1.0	1.0
25	6	60	1.032	0.18	20.935	1.711	1.0	1.0
25	6	58	0.967	0.183	25.1	3.144	0.935	0.968
25	6	56	0.767	0.504	26.0	3.742	0.71	0.742
25	6	54	0.1	0.305	29.5	3.697	0.097	0.129
25	6	52	0.0	0.0	nan	nan	0.0	0.0
25	6	50	0.0	0.0	nan	nan	0.0	0.0
25	6	48	0.0	0.0	nan	nan	0.0	0.0
25	6	46	0.0	0.0	nan	nan	0.0	0.0
26	6	78	2.774	0.425	12.806	0.402	1.0	1.0
26	6	76	2.613	0.495	13.032	0.482	1.0	1.0
26	6	74	2.258	0.445	13.419	0.502	1.0	1.0
26	6	72	2.129	0.341	13.774	0.56	1.0	1.0
26	6	70	2.032	0.18	14.032	0.752	1.0	1.0
26	6	68	2.0	0.0	14.839	0.638	1.0	1.0
26	6	66	2.0	0.0	15.323	0.832	1.0	1.0
26	6	64	1.935	0.25	16.484	0.996	1.0	1.0
26	6	62	1.69	0.471	17.839	1.463	0.935	1.0
26	6	60	1.333	0.661	18.893	2.378	0.871	0.903
26	6	58	0.864	0.71	20.542	2.413	0.484	0.774
26	6	56	0.125	0.338	23.5	1.9	0.097	0.323
26	6	54	0.0	0.0	nan	nan	0.0	0.0
26	6	52	0.0	0.0	nan	nan	0.0	0.0
26	6	50	0.0	0.0	nan	nan	0.0	0.0
26	6	48	0.0	0.0	nan	nan	0.0	0.0
26	6	46	0.0	0.0	nan	nan	0.0	0.0
27	6	78	3.0	0.0	13.355	0.486	1.0	1.0
27	6	76	3.0	0.0	13.742	0.445	1.0	1.0
27	6	74	3.0	0.0	14.226	0.425	1.0	1.0
27	6	72	2.935	0.25	15.0	0.258	1.0	1.0
27	6	70	2.806	0.402	15.097	0.597	1.0	1.0
27	6	68	2.516	0.508	15.903	0.651	1.0	1.0
27	6	66	2.161	0.374	16.516	0.677	1.0	1.0
27	6	64	1.742	0.575	17.742	1.094	1.0	1.0
27	6	62	1.129	0.341	19.516	1.435	1.0	1.0
27	6	60	1.032	0.315	21.367	2.484	0.968	0.968
27	6	58	0.7	0.466	25.045	3.579	0.677	0.71
27	6	56	0.032	0.18	26.0	0.0	0.032	0.032
27	6	54	0.0	0.0	36.0	0.0	0.0	0.032
27	6	52	0.0	0.0	nan	nan	0.0	0.0
27	6	50	0.0	0.0	nan	nan	0.0	0.0
27	6	48	0.0	0.0	nan	nan	0.0	0.0
27	6	46	0.0	0.0	nan	nan	0.0	0.0
28	6	78	3.0	0.0	13.871	0.341	1.0	1.0
28	6	76	2.935	0.25	13.903	0.301	1.0	1.0
28	6	74	2.581	0.502	14.742	0.575	1.0	1.0
28	6	72	2.484	0.508	15.258	0.514	1.0	1.0
28	6	70	2.226	0.425	15.806	0.792	1.0	1.0
28	6	68	1.968	0.315	16.484	0.962	1.0	1.0
28	6	66	1.871	0.341	17.161	0.86	1.0	1.0
28	6	64	1.613	0.495	18.0	1.238	1.0	1.0
28	6	62	1.129	0.341	20.452	2.142	1.0	1.0
28	6	60	1.0	0.0	22.419	1.963	1.0	1.0
28	6	58	0.871	0.341	23.519	1.968	0.871	0.871
28	6	56	0.258	0.445	25.25	3.655	0.258	0.258
28	6	54	0.0	0.0	nan	nan	0.0	0.0
28	6	52	0.0	0.0	nan	nan	0.0	0.0
28	6	50	0.0	0.0	nan	nan	0.0	0.0
28	6	48	0.0	0.0	nan	nan	0.0	0.0
28	6	46	0.0	0.0	nan	nan	0.0	0.0
29	6	78	2.935	0.25	15.419	0.72	1.0	1.0
29	6	76	2.903	0.301	15.903	0.539	1.0	1.0
29	6	74	2.419	0.502	16.323	0.653	1.0	1.0
29	6	72	2.226	0.425	16.645	0.755	1.0	1.0
29	6	70	1.968	0.547	17.484	0.811	1.0	1.0
29	6	68	1.742	0.575	18.0	0.894	1.0	1.0
29	6	66	1.226	0.425	18.871	1.088	1.0	1.0
29	6	64	1.1	0.305	20.29	1.774	0.968	1.0
29	6	62	0.931	0.258	21.483	2.115	0.871	0.935
29	6	60	0.731	0.452	23.333	1.903	0.613	0.774
29	6	58	0.065	0.25	23.5	0.707	0.065	0.065
29	6	56	0.0	0.0	nan	nan	0.0	0.0
29	6	54	0.0	0.0	nan	nan	0.0	0.0
29	6	52	0.0	0.0	nan	nan	0.0	0.0
29	6	50	0.0	0.0	nan	nan	0.0	0.0
29	6	48	0.0	0.0	nan	nan	0.0	0.0
29	6	46	0.0	0.0	nan	nan	0.0	0.0
30	6	78	3.0	0.0	13.387	0.558	1.0	1.0
30	6	76	3.0	0.0	13.774	0.425	1.0	1.0
30	6	74	2.968	0.18	14.29	0.461	1.0	1.0
30	6	72	2.645	0.486	14.581	0.62	1.0	1.0
30	6	70	2.581	0.502	15.194	0.543	1.0	1.0
30	6	68	2.097	0.301	15.677	0.599	1.0	1.0
30	6	66	2.032	0.18	16.613	0.803	1.0	1.0
30	6	64	1.645	0.486	17.645	1.684	1.0	1.0
30	6	62	1.516	0.508	18.677	1.973	1.0	1.0
30	6	60	1.032	0.315	20.967	2.042	0.968	0.968
30	6	58	0.968	0.18	23.867	2.825	0.968	0.968
30	6	56	0.355	0.486	24.909	1.814	0.355	0.355
30	6	54	0.067	0.254	29.0	2.646	0.065	0.097
30	6	52	0.0	0.0	nan	nan	0.0	0.0
30	6	50	0.0	0.0	nan	nan	0.0	0.0
30	6	48	0.0	0.0	nan	nan	0.0	0.0
30	6	46	0.0	0.0	nan	nan	0.0	0.0
31	6	78	3.032	0.18	13.419	0.502	1.0	1.0
31	6	76	3.0	0.0	13.839	0.523	1.0	1.0
31	6	74	3.032	0.18	14.194	0.402	1.0	1.0
31	6	72	3.0	0.0	14.774	0.56	1.0	1.0
31	6	70	3.0	0.0	15.258	0.575	1.0	1.0
31	6	68	2.935	0.359	15.935	0.814	1.0	1.0
31	6	66	2.806	0.402	16.645	0.985	1.0	1.0
31	6	64	2.516	0.626	17.548	0.995	1.0	1.0
31	6	62	1.452	0.723	19.097	1.3	1.0	1.0
31	6	60	1.0	0.0	21.129	2.202	1.0	1.0
31	6	58	0.931	0.258	24.345	3.341	0.871	0.935
31	6	56	0.677	0.475	26.619	2.991	0.677	0.677
31	6	54	0.032	0.18	25.0	0.0	0.032	0.032
31	6	52	0.0	0.0	nan	nan	0.0	0.0
31	6	50	0.0	0.0	nan	nan	0.0	0.0
31	6	48	0.0	0.0	nan	nan	0.0	0.0
31	6	46	0.0	0.0	nan	nan	0.0	0.0
0	7	78	2.516	0.508	13.323	0.475	1.0	1.0
0	7	76	2.226	0.425	13.516	0.508	1.0	1.0
0	7	74	2.032	0.18	14.097	0.473	1.0	1.0
0	7	72	2.0	0.0	14.613	0.558	1.0	1.0
0	7	70	2.0	0.0	14.806	0.703	1.0	1.0
0	7	68	2.0	0.0	15.677	0.832	1.0	1.0
0	7	66	2.0	0.0	16.194	0.749	1.0	1.0
0	7	64	1.839	0.374	17.29	1.243	1.0	1.0
0	7	62	1.379	0.494	18.935	1.652	0.935	1.0
0	7	60	1.045	0.575	20.607	2.455	0.613	0.903
0	7	58	0.16	0.374	22.5	1.78	0.129	0.323
0	7	56	0.0	0.0	nan	nan	0.0	0.0
0	7	54	0.0	0.0	nan	nan	0.0	0.0
0	7	52	0.0	0.0	nan	nan	0.0	0.0
0	7	50	0.0	0.0	nan	nan	0.0	0.0
0	7	48	0.0	0.0	nan	nan	0.0	0.0
0	7	46	0.0	0.0	nan	nan	0.0	0.0
1	7	78	3.355	0.486	14.516	0.508	1.0	1.0
1	7	76	3.065	0.25	15.065	0.574	1.0	1.0
1	7	74	3.032	0.18	15.452	0.568	1.0	1.0
1	7	72	2.968	0.18	15.935	0.772	1.0	1.0
1	7	70	2.935	0.25	16.613	0.761	1.0	1.0
1	7	68	2.774	0.425	17.839	0.898	1.0	1.0
1	7	66	2.097	0.746	18.452	1.234	1.0	1.0
1	7	64	1.484	0.626	19.903	1.85	1.0	1.0
1	7	62	1.161	0.374	21.323	2.039	1.0	1.0
1	7	60	1.0	0.258	23.233	1.851	0.968	0.968
1	7	58	0.871	0.341	24.667	1.593	0.871	0.871
1	7	56	0.3	0.466	28.3	3.802	0.29	0.323
1	7	54	0.0	0.0	nan	nan	0.0	0.0
1	7	52	0.0	0.0	nan	nan	0.0	0.0
1	7	50	0.0	0.0	nan	nan	0.0	0.0
1	7	48	0.0	0.0	nan	nan	0.0	0.0
1	7	46	0.0	0.0	nan	nan	0.0	0.0
2	7	78	2.0	0.0	12.161	0.374	1.0	1.0
2	7	76	2.0	0.0	12.613	0.495	1.0	1.0
2	7	74	2.0	0.0	12.774	0.56	1.0	1.0
2	7	72	2.0	0.0	13.194	0.402	1.0	1.0
2	7	70	2.0	0.0	13.871	0.718	1.0	1.0
2	7	68	2.0	0.0	14.355	0.661	1.0	1.0
2	7	66	1.903	0.301	14.839	0.898	1.0	1.0
2	7	64	1.839	0.374	15.452	0.624	1.0	1.0
2	7	62	1.464	0.508	16.29	1.16	0.903	1.0
2	7	60	1.222	0.424	17.29	1.442	0.871	1.0
2	7	58	0.882	0.697	18.462	1.902	0.387	0.839
2	7	56	0.034	0.186	20.667	3.055	0.032	0.097
2	7	54	0.0	0.0	nan	nan	0.0	0.0
2	7	52	0.0	0.0	nan	nan	0.0	0.0
2	7	50	0.0	0.0	nan	nan	0.0	0.0
2	7	48	0.0	0.0	nan	nan	0.0	0.0
2	7	46	0.0	0.0	nan	nan	0.0	0.0
3	7	78	2.097	0.301	12.645	0.551	1.0	1.0
3	7	76	2.065	0.25	13.0	0.365	1.0	1.0
3	7	74	2.0	0.0	13.29	0.529	1.0	1.0
3	7	72	2.0	0.0	14.032	0.912	1.0	1.0
3	7	70	2.0	0.0	14.387	0.615	1.0	1.0
3	7	68	2.0	0.0	15.226	0.884	1.0	1.0
3	7	66	2.0	0.0	15.548	0.995	1.0	1.0
3	7	64	1.968	0.18	16.645	0.985	1.0	1.0
3	7	62	1.71	0.461	18.032	1.941	1.0	1.0
3	7	60	1.2	0.407	19.968	2.483	0.968	1.0
3	7	58	0.967	0.32	22.172	2.62	0.903	0.935
3	7	56	0.111	0.32	25.286	1.799	0.097	0.226
3	7	54	0.0	0.0	nan	nan	0.0	0.0
3	7	52	0.0	0.0	nan	nan	0.0	0.0
3	7	50	0.0	0.0	nan	nan	0.0	0.0
3	7	48	0.0	0.0	nan	nan	0.0	0.0
3	7	46	0.0	0.0	nan	nan	0.0	0.0
4	7	78	3.0	0.0	12.742	0.445	1.0	1.0
4	7	76	2.968	0.18	12.968	0.315	1.0	1.0
4	7	74	2.806	0.402	13.387	0.495	1.0	1.0
4	7	72	2.645	0.486	13.871	0.619	1.0	1.0
4	7	70	2.581	0.502	14.032	0.482	1.0	1.0
4	7	68	2.129	0.341	14.774	0.717	1.0	1.0
4	7	66	2.0	0.0	15.065	0.68	1.0	1.0
4	7	64	1.968	0.18	16.226	0.717	1.0	1.0
4	7	62	1.968	0.18	16.839	1.068	1.0	1.0
4	7	60	1.742	0.445	17.742	1.653	1.0	1.0
4	7	58	1.233	0.504	19.467	1.995	0.935	0.968
4	7	56	1.0	0.408	21.69	2.466	0.742	0.935
4	7	54	0.207	0.412	23.5	2.07	0.194	0.258
4	7	52	0.033	0.183	24.0	2.828	0.032	0.065
4	7	50	0.0	0.0	nan	nan	0.0	0.0
4	7	48	0.0	0.0	nan	nan	0.0	0.0
4	7	46	0.0	0.0	nan	nan	0.0	0.0
5	7	78	2.968	0.18	12.419	0.502	1.0	1.0
5	7	76	2.839	0.374	12.774	0.56	1.0	1.0
5	7	74	2.645	0.486	13.0	0.447	1.0	1.0
5	7	72	2.387	0.495	13.452	0.506	1.0	1.0
5	7	70	2.258	0.445	14.065	0.512	1.0	1.0
5	7	68	2.129	0.341	14.71	0.824	1.0	1.0
5	7	66	2.0	0.0	14.968	0.547	1.0	1.0
5	7	64	1.968	0.18	15.742	0.773	1.0	1.0
5	7	62	2.0	0.0	16.419	0.672	1.0	1.0
5	7	60	1.786	0.418	17.548	0.85	0.903	1.0
5	7	58	1.259	0.447	19.839	2.131	0.871	1.0
5	7	56	0.417	0.504	21.059	2.076	0.323	0.548
5	7	54	0.0	0.0	25.0	0.0	0.0	0.032
5	7	52	0.0	0.0	nan	nan	0.0	0.0
5	7	50	0.0	0.0	nan	nan	0.0	0.0
5	7	48	0.0	0.0	nan	nan	0.0	0.0
5	7	46	0.0	0.0	nan	nan	0.0	0.0
6	7	78	3.0	0.0	14.0	0.258	1.0	1.0
6	7	76	3.0	0.0	14.387	0.558	1.0	1.0
6	7	74	3.0	0.0	14.968	0.706	1.0	1.0
6	7	72	2.968	0.18	15.29	0.588	1.0	1.0
6	7	70	2.968	0.18	16.0	0.632	1.0	1.0
6	7	68	2.839	0.374	16.839	0.82	1.0	1.0
6	7	66	2.387	0.715	17.613	0.844	1.0	1.0
6	7	64	1.71	0.739	18.677	1.301	1.0	1.0
6	7	62	1.032	0.18	20.419	1.608	1.0	1.0
6	7	60	0.968	0.18	23.0	2.034	0.968	0.968
6	7	58	0.967	0.183	26.067	3.732	0.935	0.968
6	7	56	0.323	0.475	28.8	2.53	0.323	0.323
6	7	54	0.0	0.0	nan	nan	0.0	0.0
6	7	52	0.0	0.0	nan	nan	0.0	0.0
6	7	50	0.0	0.0	nan	nan	0.0	0.0
6	7	48	0.0	0.0	nan	nan	0.0	0.0
6	7	46	0.0	0.0	nan	nan	0.0	0.0
7	7	78	3.0	0.0	13.065	0.359	1.0	1.0
7	7	76	2.871	0.341	13.516	0.626	1.0	1.0
7	7	74	2.774	0.425	13.968	0.482	1.0	1.0
7	7	72	2.516	0.508	14.581	0.672	1.0	1.0
7	7	70	2.484	0.508	14.839	0.688	1.0	1.0
7	7	68	2.129	0.341	15.613	0.615	1.0	1.0
7	7	66	1.935	0.359	16.516	0.962	1.0	1.0
7	7	64	1.968	0.18	17.0	0.683	1.0	1.0
7	7	62	1.323	0.475	18.774	1.257	1.0	1.0
7	7	60	1.065	0.359	20.333	1.863	0.968	0.968
7	7	58	0.967	0.183	22.033	2.076	0.935	0.968
7	7	56	0.367	0.556	23.091	1.868	0.323	0.355
7	7	54	0.0	0.0	nan	nan	0.0	0.0
7	7	52	0.0	0.0	nan	nan	0.0	0.0
7	7	50	0.0	0.0	nan	nan	0.0	0.0
7	7	48	0.0	0.0	nan	nan	0.0	0.0
7	7	46	0.0	0.0	nan	nan	0.0	0.0
8	7	78	3.0	0.0	12.484	0.508	1.0	1.0
8	7	76	3.0	0.0	12.871	0.428	1.0	1.0
8	7	74	3.0	0.0	13.194	0.402	1.0	1.0
8	7	72	2.968	0.18	13.516	0.626	1.0	1.0
8	7	70	2.806	0.402	14.065	0.442	1.0	1.0
8	7	68	2.516	0.508	14.613	0.558	1.0	1.0
8	7	66	2.355	0.486	15.097	0.746	1.0	1.0
8	7	64	2.194	0.402	15.742	0.729	1.0	1.0
8	7	62	2.032	0.18	16.903	0.908	1.0	1.0
8	7	60	1.484	0.57	18.467	1.592	0.968	0.968
8	7	58	1.129	0.341	20.387	1.874	1.0	1.0
8	7	56	0.968	0.315	22.655	2.109	0.935	0.935
8	7	54	0.419	0.502	25.769	3.37	0.419	0.419
8	7	52	0.0	0.0	nan	nan	0.0	0.0
8	7	50	0.0	0.0	nan	nan	0.0	0.0
8	7	48	0.0	0.0	nan	nan	0.0	0.0
8	7	46	0.0	0.0	nan	nan	0.0	0.0
9	7	78	3.032	0.18	12.452	0.506	1.0	1.0
9	7	76	3.0	0.0	12.839	0.454	1.0	1.0
9	7	74	2.968	0.18	13.419	0.502	1.0	1.0
9	7	72	2.968	0.18	13.871	0.562	1.0	1.0
9	7	70	2.71	0.461	14.484	0.508	1.0	1.0
9	7	68	2.323	0.475	15.0	0.632	1.0	1.0
9	7	66	2.097	0.301	15.645	1.112	1.0	1.0
9	7	64	1.935	0.25	16.613	0.844	1.0	1.0
9	7	62	1.645	0.551	18.516	2.096	1.0	1.0
9	7	60	1.355	0.486	19.29	1.918	1.0	1.0
9	7	58	1.069	0.458	21.759	2.811	0.871	0.935
9	7	56	0.346	0.485	24.0	2.148	0.29	0.452
9	7	54	0.032	0.18	22.0	0.0	0.032	0.032
9	7	52	0.0	0.0	nan	nan	0.0	0.0
9	7	50	0.0	0.0	nan	nan	0.0	0.0
9	7	48	0.0	0.0	nan	nan	0.0	0.0
9	7	46	0.0	0.0	nan	nan	0.0	0.0
10	7	78	2.097	0.301	13.129	0.341	1.0	1.0
10	7	76	2.0	0.0	13.097	0.396	1.0	1.0
10	7	74	2.0	0.0	13.419	0.564	1.0	1.0
10	7	72	2.0	0.0	13.903	0.473	1.0	1.0
10	7	70	2.0	0.0	14.387	0.558	1.0	1.0
10	7	68	2.0	0.0	14.968	0.657	1.0	1.0
10	7	66	2.0	0.0	15.516	0.769	1.0	1.0
10	7	64	1.968	0.18	16.065	0.929	1.0	1.0
10	7	62	1.538	0.582	18.133	1.717	0.806	0.968
10	7	60	1.364	0.492	18.806	1.447	0.71	1.0
10	7	58	0.5	0.827	19.882	2.261	0.194	0.548
10	7	56	0.115	0.431	21.286	2.498	0.065	0.226
10	7	54	0.0	0.0	nan	nan	0.0	0.0
10	7	52	0.0	0.0	nan	nan	0.0	0.0
10	7	50	0.0	0.0	nan	nan	0.0	0.0
10	7	48	0.0	0.0	nan	nan	0.0	0.0
10	7	46	0.0	0.0	nan	nan	0.0	0.0
11	7	78	2.806	0.402	12.968	0.18	1.0	1.0
11	7	76	2.355	0.486	13.258	0.514	1.0	1.0
11	7	74	2.097	0.301	13.839	0.454	1.0	1.0
11	7	72	2.065	0.25	14.258	0.682	1.0	1.0
11	7	70	2.0	0.0	14.742	0.682	1.0	1.0
11	7	68	1.935	0.25	15.935	1.965	1.0	1.0
11	7	66	2.0	0.0	16.226	0.717	1.0	1.0
11	7	64	1.903	0.301	17.0	0.894	1.0	1.0
11	7	62	1.419	0.502	19.484	2.219	1.0	1.0
11	7	60	1.167	0.379	20.387	2.231	0.968	1.0
11	7	58	0.778	0.424	23.16	1.491	0.677	0.806
11	7	56	0.0	0.0	30.0	0.0	0.0	0.032
11	7	54	0.0	0.0	28.0	0.0	0.0	0.032
11	7	52	0.0	0.0	nan	nan	0.0	0.0
11	7	50	0.0	0.0	nan	nan	0.0	0.0
11	7	48	0.0	0.0	nan	nan	0.0	0.0
11	7	46	0.0	0.0	nan	nan	0.0	0.0
12	7	78	3.0	0.0	13.935	0.442	1.0	1.0
12	7	76	3.0	0.0	14.387	0.495	1.0	1.0
12	7	74	3.0	0.0	15.032	0.482	1.0	1.0
12	7	72	3.0	0.0	15.258	0.631	1.0	1.0
12	7	70	2.903	0.301	16.129	0.619	1.0	1.0
12	7	68	2.419	0.62	17.226	0.99	1.0	1.0
12	7	66	1.903	0.7	17.903	0.978	1.0	1.0
12	7	64	1.226	0.497	19.71	1.346	1.0	1.0
12	7	62	1.0	0.0	21.581	2.078	1.0	1.0
12	7	60	1.0	0.0	24.29	1.987	1.0	1.0
12	7	58	0.677	0.475	27.048	2.872	0.677	0.677
12	7	56	0.167	0.379	30.0	3.162	0.161	0.194
12	7	54	0.0	0.0	nan	nan	0.0	0.0
12	7	52	0.0	0.0	nan	nan	0.0	0.0
12	7	50	0.0	0.0	nan	nan	0.0	0.0
12	7	48	0.0	0.0	nan	nan	0.0	0.0
12	7	46	0.0	0.0	nan	nan	0.0	0.0
13	7	78	2.903	0.301	12.226	0.425	1.0	1.0
13	7	76	2.677	0.475	12.677	0.541	1.0	1.0
13	7	74	2.194	0.402	13.258	0.631	1.0	1.0
13	7	72	2.065	0.25	13.484	0.508	1.0	1.0
13	7	70	2.0	0.0	14.032	0.657	1.0	1.0
13	7	68	2.0	0.0	14.581	0.807	1.0	1.0
13	7	66	2.0	0.0	15.419	0.765	1.0	1.0
13	7	64	2.0	0.0	16.129	1.088	0.968	1.0
13	7	62	1.897	0.31	17.097	1.106	0.935	1.0
13	7	60	1.429	0.634	18.31	2.055	0.839	0.935
13	7	58	0.9	0.852	19.565	2.019	0.387	0.742
13	7	56	0.077	0.272	21.857	2.116	0.065	0.226
13	7	54	0.0	0.0	nan	nan	0.0	0.0
13	7	52	0.0	0.0	nan	nan	0.0	0.0
13	7	50	0.0	0.0	nan	nan	0.0	0.0
13	7	48	0.0	0.0	nan	nan	0.0	0.0
13	7	46	0.0	0.0	nan	nan	0.0	0.0
14	7	78	3.0	0.0	13.452	0.568	1.0	1.0
14	7	76	3.0	0.0	13.742	0.445	1.0	1.0
14	7	74	2.968	0.18	14.194	0.601	1.0	1.0
14	7	72	3.0	0.0	14.71	0.461	1.0	1.0
14	7	70	2.871	0.341	15.29	0.529	1.0	1.0
14	7	68	2.645	0.486	16.065	0.68	1.0	1.0
14	7	66	2.226	0.497	16.645	0.95	1.0	1.0
14	7	64	1.839	0.454	17.742	0.999	1.0	1.0
14	7	62	1.387	0.495	19.194	1.778	1.0	1.0
14	7	60	0.968	0.18	21.3	3.109	0.968	0.968
14	7	58	1.0	0.0	24.065	2.72	1.0	1.0
14	7	56	0.429	0.504	28.467	4.454	0.387	0.484
14	7	54	0.0	0.0	35.0	0.0	0.0	0.032
14	7	52	0.0	0.0	nan	nan	0.0	0.0
14	7	50	0.0	0.0	nan	nan	0.0	0.0
14	7	48	0.0	0.0	nan	nan	0.0	0.0
14	7	46	0.0	0.0	nan	nan	0.0	0.0
15	7	78	2.839	0.374	14.161	0.638	1.0	1.0
15	7	76	2.613	0.495	14.226	0.56	1.0	1.0
15	7	74	2.484	0.508	14.742	0.575	1.0	1.0
15	7	72	2.194	0.402	15.161	0.688	1.0	1.0
15	7	70	2.129	0.341	15.387	0.615	1.0	1.0
15	7	68	2.065	0.25	15.968	0.706	1.0	1.0
15	7	66	1.903	0.301	17.0	0.966	1.0	1.0
15	7	64	1.935	0.25	17.323	0.909	1.0	1.0
15	7	62	1.231	0.43	19.29	1.716	0.839	1.0
15	7	60	1.036	0.508	19.393	1.641	0.806	0.903
15	7	58	0.44	0.507	22.176	2.27	0.355	0.548
15	7	56	0.1	0.305	22.75	2.754	0.097	0.129
15	7	54	0.0	0.0	nan	nan	0.0	0.0
15	7	52	0.0	0.0	nan	nan	0.0	0.0
15	7	50	0.0	0.0	nan	nan	0.0	0.0
15	7	48	0.0	0.0	nan	nan	0.0	0.0
15	7	46	0.0	0.0	nan	nan	0.0	0.0
16	7	78	3.742	0.445	13.968	0.482	1.0	1.0
16	7	76	3.161	0.374	14.645	0.551	1.0	1.0
16	7	74	3.065	0.25	15.065	0.574	1.0	1.0
16	7	72	3.0	0.0	15.484	0.677	1.0	1.0
16	7	70	3.0	0.0	15.839	0.82	1.0	1.0
16	7	68	2.806	0.477	16.742	0.855	1.0	1.0
16	7	66	2.226	0.717	17.613	1.022	1.0	1.0
16	7	64	1.677	0.702	19.097	1.248	1.0	1.0
16	7	62	1.161	0.374	20.581	2.349	1.0	1.0
16	7	60	1.032	0.18	21.581	1.708	1.0	1.0
16	7	58	0.903	0.301	24.25	3.122	0.903	0.903
16	7	56	0.258	0.445	26.25	3.991	0.258	0.258
16	7	54	0.065	0.25	28.0	1.414	0.065	0.065
16	7	52	0.0	0.0	nan	nan	0.0	0.0
16	7	50	0.0	0.0	nan	nan	0.0	0.0
16	7	48	0.0	0.0	nan	nan	0.0	0.0
16	7	46	0.0	0.0	nan	nan	0.0	0.0
17	7	78	3.0	0.0	12.742	0.514	1.0	1.0
17	7	76	3.0	0.0	13.032	0.315	1.0	1.0
17	7	74	3.0	0.0	13.677	0.599	1.0	1.0
17	7	72	2.968	0.18	13.71	0.529	1.0	1.0
17	7	70	3.0	0.0	14.161	0.454	1.0	1.0
17	7	68	2.677	0.475	14.839	0.688	1.0	1.0
17	7	66	2.29	0.461	15.516	0.769	1.0	1.0
17	7	64	2.194	0.402	16.0	0.816	1.0	1.0
17	7	62	1.645	0.486	18.065	1.711	1.0	1.0
17	7	60	1.419	0.502	18.839	1.594	1.0	1.0
17	7	58	0.967	0.32	22.414	3.5	0.903	0.935
17	7	56	0.5	0.509	24.875	2.604	0.484	0.516
17	7	54	0.0	0.0	nan	nan	0.0	0.0
17	7	52	0.0	0.0	nan	nan	0.0	0.0
17	7	50	0.0	0.0	nan	nan	0.0	0.0
17	7	48	0.0	0.0	nan	nan	0.0	0.0
17	7	46	0.0	0.0	nan	nan	0.0	0.0
18	7	78	2.323	0.475	12.129	0.341	1.0	1.0
18	7	76	2.065	0.25	12.419	0.502	1.0	1.0
18	7	74	2.097	0.301	13.032	0.605	1.0	1.0
18	7	72	2.0	0.0	13.258	0.514	1.0	1.0
18	7	70	2.0	0.0	13.71	0.588	1.0	1.0
18	7	68	2.0	0.0	14.29	0.739	1.0	1.0
18	7	66	2.0	0.0	14.387	0.615	1.0	1.0
18	7	64	2.0	0.0	15.29	0.739	1.0	1.0
18	7	62	1.935	0.25	16.0	0.856	1.0	1.0
18	7	60	1.677	0.475	16.968	1.169	1.0	1.0
18	7	58	1.333	0.485	18.484	1.93	0.581	1.0
18	7	56	0.35	0.587	20.0	2.031	0.194	0.548
18	7	54	0.033	0.183	24.0	1.414	0.032	0.065
18	7	52	0.0	0.0	nan	nan	0.0	0.0
18	7	50	0.0	0.0	nan	nan	0.0	0.0
18	7	48	0.0	0.0	nan	nan	0.0	0.0
18	7	46	0.0	0.0	nan	nan	0.0	0.0
19	7	78	2.839	0.374	13.161	0.523	1.0	1.0
19	7	76	2.677	0.475	13.258	0.445	1.0	1.0
19	7	74	2.258	0.445	13.871	0.499	1.0	1.0
19	7	72	2.29	0.461	13.903	0.473	1.0	1.0
19	7	70	2.032	0.18	14.677	0.653	1.0	1.0
19	7	68	2.0	0.0	15.29	0.643	1.0	1.0
19	7	66	2.0	0.0	15.903	0.746	1.0	1.0
19	7	64	2.0	0.0	16.29	0.588	1.0	1.0
19	7	62	1.677	0.475	17.645	1.279	1.0	1.0
19	7	60	1.448	0.506	18.871	1.565	0.935	1.0
19	7	58	1.071	0.378	20.533	1.613	0.871	0.968
19	7	56	0.556	0.577	22.556	2.202	0.452	0.581
19	7	54	0.032	0.18	26.0	0.0	0.032	0.032
19	7	52	0.0	0.0	nan	nan	0.0	0.0
19	7	50	0.0	0.0	nan	nan	0.0	0.0
19	7	48	0.0	0.0	nan	nan	0.0	0.0
19	7	46	0.0	0.0	nan	nan	0.0	0.0
20	7	78	2.871	0.341	12.71	0.529	1.0	1.0
20	7	76	2.645	0.486	12.968	0.482	1.0	1.0
20	7	74	2.29	0.461	13.355	0.486	1.0	1.0
20	7	72	2.29	0.461	13.806	0.703	1.0	1.0
20	7	70	2.065	0.25	14.097	0.651	1.0	1.0
20	7	68	2.0	0.0	14.935	0.68	1.0	1.0
20	7	66	2.0	0.0	15.323	0.541	1.0	1.0
20	7	64	1.935	0.359	16.0	0.643	0.968	0.968
20	7	62	1.867	0.434	16.8	0.925	0.935	0.968
20	7	60	1.7	0.466	17.516	1.061	0.968	1.0
20	7	58	1.043	0.562	19.643	1.909	0.645	0.903
20	7	56	0.25	0.442	22.846	2.577	0.194	0.419
20	7	54	0.0	0.0	24.0	0.0	0.0	0.032
20	7	52	0.0	0.0	nan	nan	0.0	0.0
20	7	50	0.0	0.0	nan	nan	0.0	0.0
20	7	48	0.0	0.0	nan	nan	0.0	0.0
20	7	46	0.0	0.0	nan	nan	0.0	0.0
21	7	78	2.0	0.0	12.29	0.461	1.0	1.0
21	7	76	2.0	0.0	12.548	0.506	1.0	1.0
21	7	74	2.0	0.0	13.0	0.447	1.0	1.0
21	7	72	2.0	0.0	13.194	0.477	1.0	1.0
21	7	70	2.0	0.0	13.774	0.56	1.0	1.0
21	7	68	2.0	0.0	14.161	0.735	1.0	1.0
21	7	66	2.0	0.0	14.935	0.68	1.0	1.0
21	7	64	1.935	0.25	15.484	0.724	1.0	1.0
21	7	62	1.786	0.418	16.71	1.216	0.903	1.0
21	7	60	1.519	0.509	17.871	1.765	0.871	1.0
21	7	58	1.143	0.663	19.966	2.514	0.387	0.935
21	7	56	0.0	0.0	22.143	0.9	0.0	0.226
21	7	54	0.0	0.0	20.0	0.0	0.0	0.032
21	7	52	0.0	0.0	nan	nan	0.0	0.0
21	7	50	0.0	0.0	nan	nan	0.0	0.0
21	7	48	0.0	0.0	nan	nan	0.0	0.0
21	7	46	0.0	0.0	nan	nan	0.0	0.0
22	7	78	3.613	0.495	13.419	0.502	1.0	1.0
22	7	76	3.226	0.425	13.742	0.575	1.0	1.0
22	7	74	3.0	0.0	14.258	0.445	1.0	1.0
22	7	72	3.0	0.0	14.677	0.541	1.0	1.0
22	7	70	3.0	0.0	15.161	0.688	1.0	1.0
22	7	68	2.968	0.18	15.968	0.752	1.0	1.0
22	7	66	2.903	0.396	16.742	0.729	1.0	1.0
22	7	64	2.387	0.715	17.71	0.783	1.0	1.0
22	7	62	1.484	0.626	19.871	1.408	1.0	1.0
22	7	60	1.065	0.25	21.29	1.883	1.0	1.0
22	7	58	0.968	0.18	24.133	2.03	0.968	0.968
22	7	56	0.613	0.495	27.526	4.074	0.613	0.613
22	7	54	0.033	0.183	35.0	2.828	0.032	0.065
22	7	52	0.0	0.0	nan	nan	0.0	0.0
22	7	50	0.0	0.0	nan	nan	0.0	0.0
22	7	48	0.0	0.0	nan	nan	0.0	0.0
22	7	46	0.0	0.0	nan	nan	0.0	0.0
23	7	78	3.452	0.506	14.129	0.428	1.0	1.0
23	7	76	3.097	0.301	14.806	0.477	1.0	1.0
23	7	74	3.032	0.18	15.323	0.475	1.0	1.0
23	7	72	3.0	0.0	15.774	0.762	1.0	1.0
23	7	70	2.968	0.18	16.484	0.724	1.0	1.0
23	7	68	2.903	0.396	17.226	0.717	1.0	1.0
23	7	66	2.419	0.765	17.806	1.138	1.0	1.0
23	7	64	1.968	0.706	19.0	1.183	1.0	1.0
23	7	62	1.129	0.341	21.129	1.708	1.0	1.0
23	7	60	1.065	0.25	22.935	2.112	1.0	1.0
23	7	58	1.0	0.0	26.032	2.822	1.0	1.0
23	7	56	0.593	0.501	29.45	4.186	0.516	0.645
23	7	54	0.129	0.341	32.0	2.16	0.129	0.129
23	7	52	0.0	0.0	nan	nan	0.0	0.0
23	7	50	0.0	0.0	nan	nan	0.0	0.0
23	7	48	0.0	0.0	nan	nan	0.0	0.0
23	7	46	0.0	0.0	nan	nan	0.0	0.0
24	7	78	3.129	0.341	14.0	0.447	1.0	1.0
24	7	76	3.0	0.0	14.258	0.514	1.0	1.0
24	7	74	3.0	0.0	14.742	0.514	1.0	1.0
24	7	72	3.0	0.0	15.161	0.583	1.0	1.0
24	7	70	2.968	0.18	15.806	0.703	1.0	1.0
24	7	68	2.935	0.25	16.226	0.762	1.0	1.0
24	7	66	2.774	0.425	16.968	0.706	1.0	1.0
24	7	64	2.097	0.746	18.032	1.11	1.0	1.0
24	7	62	1.258	0.514	19.71	1.637	1.0	1.0
24	7	60	1.065	0.25	20.903	1.868	1.0	1.0
24	7	58	0.968	0.18	23.1	1.936	0.968	0.968
24	7	56	0.839	0.374	25.808	2.154	0.839	0.839
24	7	54	0.033	0.183	29.0	1.414	0.032	0.065
24	7	52	0.0	0.0	nan	nan	0.0	0.0
24	7	50	0.0	0.0	nan	nan	0.0	0.0
24	7	48	0.0	0.0	nan	nan	0.0	0.0
24	7	46	0.0	0.0	nan	nan	0.0	0.0
25	7	78	3.0	0.0	13.258	0.445	1.0	1.0
25	7	76	3.0	0.0	13.548	0.568	1.0	1.0
25	7	74	3.0	0.0	14.065	0.442	1.0	1.0
25	7	72	2.903	0.301	14.484	0.57	1.0	1.0
25	7	70	2.548	0.506	14.968	0.547	1.0	1.0
25	7	68	2.226	0.425	15.935	0.998	1.0	1.0
25	7	66	2.065	0.25	16.516	0.851	1.0	1.0
25	7	64	1.903	0.301	17.226	1.087	1.0	1.0
25	7	62	1.452	0.506	18.903	1.64	1.0	1.0
25	7	60	1.065	0.25	20.677	2.135	1.0	1.0
25	7	58	0.968	0.18	22.667	2.057	0.968	0.968
25	7	56	0.4	0.498	24.846	1.676	0.387	0.419
25	7	54	0.0	0.0	nan	nan	0.0	0.0
25	7	52	0.0	0.0	nan	nan	0.0	0.0
25	7	50	0.0	0.0	nan	nan	0.0	0.0
25	7	48	0.0	0.0	nan	nan	0.0	0.0
25	7	46	0.0	0.0	nan	nan	0.0	0.0
26	7	78	3.613	0.495	13.806	0.477	1.0	1.0
26	7	76	3.387	0.495	13.871	0.562	1.0	1.0
26	7	74	3.161	0.374	14.452	0.568	1.0	1.0
26	7	72	3.032	0.18	14.968	0.482	1.0	1.0
26	7	70	3.0	0.0	15.452	0.624	1.0	1.0
26	7	68	3.0	0.0	15.935	0.629	1.0	1.0
26	7	66	2.903	0.301	17.161	0.86	1.0	1.0
26	7	64	2.484	0.626	18.065	1.237	1.0	1.0
26	7	62	1.516	0.626	20.258	1.914	1.0	1.0
26	7	60	1.097	0.396	22.419	1.858	1.0	1.0
26	7	58	0.968	0.18	24.867	2.763	0.968	0.968
26	7	56	0.741	0.447	29.5	4.011	0.645	0.774
26	7	54	0.067	0.254	29.667	4.726	0.065	0.097
26	7	52	0.0	0.0	nan	nan	0.0	0.0
26	7	50	0.0	0.0	nan	nan	0.0	0.0
26	7	48	0.0	0.0	nan	nan	0.0	0.0
26	7	46	0.0	0.0	nan	nan	0.0	0.0
27	7	78	3.0	0.0	13.516	0.508	1.0	1.0
27	7	76	3.0	0.0	13.968	0.547	1.0	1.0
27	7	74	2.968	0.18	14.226	0.56	1.0	1.0
27	7	72	2.935	0.25	14.677	0.475	1.0	1.0
27	7	70	2.742	0.445	15.258	0.729	1.0	1.0
27	7	68	2.129	0.341	16.065	0.629	1.0	1.0
27	7	66	1.935	0.25	16.71	0.824	1.0	1.0
27	7	64	1.774	0.425	17.484	0.811	1.0	1.0
27	7	62	1.194	0.402	19.29	1.51	1.0	1.0
27	7	60	1.032	0.18	21.581	1.858	1.0	1.0
27	7	58	0.968	0.18	24.0	2.994	0.968	0.968
27	7	56	0.333	0.479	25.636	1.69	0.323	0.355
27	7	54	0.0	0.0	nan	nan	0.0	0.0
27	7	52	0.0	0.0	nan	nan	0.0	0.0
27	7	50	0.0	0.0	nan	nan	0.0	0.0
27	7	48	0.0	0.0	nan	nan	0.0	0.0
27	7	46	0.0	0.0	nan	nan	0.0	0.0
28	7	78	3.0	0.0	13.935	0.442	1.0	1.0
28	7	76	3.0	0.0	14.258	0.514	1.0	1.0
28	7	74	3.0	0.0	14.806	0.601	1.0	1.0
28	7	72	3.0	0.0	15.452	0.506	1.0	1.0
28	7	70	2.935	0.25	15.871	0.806	1.0	1.0
28	7	68	2.484	0.508	16.452	0.85	1.0	1.0
28	7	66	2.097	0.539	17.613	1.23	1.0	1.0
28	7	64	1.452	0.506	18.548	1.362	1.0	1.0
28	7	62	1.161	0.374	19.935	1.999	1.0	1.0
28	7	60	1.032	0.18	22.839	1.594	1.0	1.0
28	7	58	0.935	0.25	24.069	1.387	0.935	0.935
28	7	56	0.267	0.45	26.333	1.5	0.258	0.29
28	7	54	0.0	0.0	nan	nan	0.0	0.0
28	7	52	0.0	0.0	nan	nan	0.0	0.0
28	7	50	0.0	0.0	nan	nan	0.0	0.0
28	7	48	0.0	0.0	nan	nan	0.0	0.0
28	7	46	0.0	0.0	nan	nan	0.0	0.0
29	7	78	2.161	0.374	12.871	0.428	1.0	1.0
29	7	76	2.097	0.301	13.032	0.605	1.0	1.0
29	7	74	2.0	0.0	13.323	0.475	1.0	1.0
29	7	72	2.0	0.0	13.806	0.601	1.0	1.0
29	7	70	2.0	0.0	14.258	0.514	1.0	1.0
29	7	68	2.0	0.0	15.0	0.632	1.0	1.0
29	7	66	1.968	0.18	15.677	0.748	1.0	1.0
29	7	64	1.806	0.402	16.355	0.755	1.0	1.0
29	7	62	1.667	0.48	17.226	0.884	0.871	1.0
29	7	60	1.231	0.725	19.552	2.384	0.355	0.935
29	7	58	0.125	0.342	20.941	2.135	0.065	0.548
29	7	56	0.071	0.262	22.2	2.775	0.065	0.161
29	7	54	0.0	0.0	nan	nan	0.0	0.0
29	7	52	0.0	0.0	nan	nan	0.0	0.0
29	7	50	0.0	0.0	nan	nan	0.0	0.0
29	7	48	0.0	0.0	nan	nan	0.0	0.0
29	7	46	0.0	0.0	nan	nan	0.0	0.0
30	7	78	3.0	0.0	13.548	0.506	1.0	1.0
30	7	76	3.032	0.18	13.935	0.574	1.0	1.0
30	7	74	3.0	0.0	14.355	0.551	1.0	1.0
30	7	72	2.871	0.341	14.742	0.893	1.0	1.0
30	7	70	2.581	0.502	15.0	0.683	1.0	1.0
30	7	68	2.355	0.486	15.484	0.724	1.0	1.0
30	7	66	2.065	0.359	16.387	0.803	1.0	1.0
30	7	64	1.903	0.473	17.065	1.063	1.0	1.0
30	7	62	1.516	0.508	18.645	1.78	1.0	1.0
30	7	60	1.323	0.475	19.258	1.632	1.0	1.0
30	7	58	1.0	0.263	21.133	1.871	0.935	0.968
30	7	56	0.567	0.504	23.944	2.014	0.548	0.581
30	7	54	0.1	0.305	25.75	1.5	0.097	0.129
30	7	52	0.0	0.0	nan	nan	0.0	0.0
30	7	50	0.0	0.0	nan	nan	0.0	0.0
30	7	48	0.0	0.0	nan	nan	0.0	0.0
30	7	46	0.0	0.0	nan	nan	0.0	0.0
31	7	78	2.839	0.374	12.645	0.551	1.0	1.0
31	7	76	2.548	0.506	12.935	0.442	1.0	1.0
31	7	74	2.258	0.445	13.258	0.575	1.0	1.0
31	7	72	2.097	0.301	13.71	0.529	1.0	1.0
31	7	70	2.032	0.18	14.387	0.558	1.0	1.0
31	7	68	2.0	0.0	15.032	0.706	1.0	1.0
31	7	66	2.0	0.0	15.452	0.624	1.0	1.0
31	7	64	1.968	0.18	16.258	0.773	1.0	1.0
31	7	62	1.71	0.461	17.645	1.473	1.0	1.0
31	7	60	1.355	0.486	19.226	2.109	1.0	1.0
31	7	58	0.964	0.429	21.714	2.566	0.806	0.903
31	7	56	0.29	0.461	23.778	1.394	0.29	0.29
31	7	54	0.0	0.0	nan	nan	0.0	0.0
31	7	52	0.0	0.0	nan	nan	0.0	0.0
31	7	50	0.0	0.0	nan	nan	0.0	0.0
31	7	48	0.0	0.0	nan	nan	0.0	0.0
31	7	46	0.0	0.0	nan	nan	0.0	0.0
